Origin,Destination,Date range: 2024-08-23 - 2024-08-23 Time range: 00:00 - 01:00 Trips,Date range: 2024-08-23 - 2024-08-23 Time range: 00:00 - 01:00 Percent,Date range: 2024-08-23 - 2024-08-23 Time range: 01:00 - 02:00 Trips,Date range: 2024-08-23 - 2024-08-23 Time range: 01:00 - 02:00 Percent,Date range: 2024-08-23 - 2024-08-23 Time range: 02:00 - 03:00 Trips,Date range: 2024-08-23 - 2024-08-23 Time range: 02:00 - 03:00 Percent,Date range: 2024-08-23 - 2024-08-23 Time range: 03:00 - 04:00 Trips,Date range: 2024-08-23 - 2024-08-23 Time range: 03:00 - 04:00 Percent,Date range: 2024-08-23 - 2024-08-23 Time range: 04:00 - 05:00 Trips,Date range: 2024-08-23 - 2024-08-23 Time range: 04:00 - 05:00 Percent,Date range: 2024-08-23 - 2024-08-23 Time range: 05:00 - 06:00 Trips,Date range: 2024-08-23 - 2024-08-23 Time range: 05:00 - 06:00 Percent,Date range: 2024-08-23 - 2024-08-23 Time range: 06:00 - 07:00 Trips,Date range: 2024-08-23 - 2024-08-23 Time range: 06:00 - 07:00 Percent,Date range: 2024-08-23 - 2024-08-23 Time range: 07:00 - 08:00 Trips,Date range: 2024-08-23 - 2024-08-23 Time range: 07:00 - 08:00 Percent,Date range: 2024-08-23 - 2024-08-23 Time range: 08:00 - 09:00 Trips,Date range: 2024-08-23 - 2024-08-23 Time range: 08:00 - 09:00 Percent,Date range: 2024-08-23 - 2024-08-23 Time range: 09:00 - 10:00 Trips,Date range: 2024-08-23 - 2024-08-23 Time range: 09:00 - 10:00 Percent,Date range: 2024-08-23 - 2024-08-23 Time range: 10:00 - 11:00 Trips,Date range: 2024-08-23 - 2024-08-23 Time range: 10:00 - 11:00 Percent,Date range: 2024-08-23 - 2024-08-23 Time range: 11:00 - 12:00 Trips,Date range: 2024-08-23 - 2024-08-23 Time range: 11:00 - 12:00 Percent,Date range: 2024-08-23 - 2024-08-23 Time range: 12:00 - 13:00 Trips,Date range: 2024-08-23 - 2024-08-23 Time range: 12:00 - 13:00 Percent,Date range: 2024-08-23 - 2024-08-23 Time range: 13:00 - 14:00 Trips,Date range: 2024-08-23 - 2024-08-23 Time range: 13:00 - 14:00 Percent,Date range: 2024-08-23 - 2024-08-23 Time range: 14:00 - 15:00 Trips,Date range: 2024-08-23 - 2024-08-23 Time range: 14:00 - 15:00 Percent,Date range: 2024-08-23 - 2024-08-23 Time range: 15:00 - 16:00 Trips,Date range: 2024-08-23 - 2024-08-23 Time range: 15:00 - 16:00 Percent,Date range: 2024-08-23 - 2024-08-23 Time range: 16:00 - 17:00 Trips,Date range: 2024-08-23 - 2024-08-23 Time range: 16:00 - 17:00 Percent,Date range: 2024-08-23 - 2024-08-23 Time range: 17:00 - 18:00 Trips,Date range: 2024-08-23 - 2024-08-23 Time range: 17:00 - 18:00 Percent,Date range: 2024-08-23 - 2024-08-23 Time range: 18:00 - 19:00 Trips,Date range: 2024-08-23 - 2024-08-23 Time range: 18:00 - 19:00 Percent,Date range: 2024-08-23 - 2024-08-23 Time range: 19:00 - 20:00 Trips,Date range: 2024-08-23 - 2024-08-23 Time range: 19:00 - 20:00 Percent,Date range: 2024-08-23 - 2024-08-23 Time range: 20:00 - 21:00 Trips,Date range: 2024-08-23 - 2024-08-23 Time range: 20:00 - 21:00 Percent,Date range: 2024-08-23 - 2024-08-23 Time range: 21:00 - 22:00 Trips,Date range: 2024-08-23 - 2024-08-23 Time range: 21:00 - 22:00 Percent,Date range: 2024-08-23 - 2024-08-23 Time range: 22:00 - 23:00 Trips,Date range: 2024-08-23 - 2024-08-23 Time range: 22:00 - 23:00 Percent,Date range: 2024-08-23 - 2024-08-23 Time range: 23:00 - 00:00 Trips,Date range: 2024-08-23 - 2024-08-23 Time range: 23:00 - 00:00 Percent,Date range: 2024-08-24 - 2024-08-24 Time range: 00:00 - 01:00 Trips,Date range: 2024-08-24 - 2024-08-24 Time range: 00:00 - 01:00 Percent,Date range: 2024-08-24 - 2024-08-24 Time range: 01:00 - 02:00 Trips,Date range: 2024-08-24 - 2024-08-24 Time range: 01:00 - 02:00 Percent,Date range: 2024-08-24 - 2024-08-24 Time range: 02:00 - 03:00 Trips,Date range: 2024-08-24 - 2024-08-24 Time range: 02:00 - 03:00 Percent,Date range: 2024-08-24 - 2024-08-24 Time range: 03:00 - 04:00 Trips,Date range: 2024-08-24 - 2024-08-24 Time range: 03:00 - 04:00 Percent,Date range: 2024-08-24 - 2024-08-24 Time range: 04:00 - 05:00 Trips,Date range: 2024-08-24 - 2024-08-24 Time range: 04:00 - 05:00 Percent,Date range: 2024-08-24 - 2024-08-24 Time range: 05:00 - 06:00 Trips,Date range: 2024-08-24 - 2024-08-24 Time range: 05:00 - 06:00 Percent,Date range: 2024-08-24 - 2024-08-24 Time range: 06:00 - 07:00 Trips,Date range: 2024-08-24 - 2024-08-24 Time range: 06:00 - 07:00 Percent,Date range: 2024-08-24 - 2024-08-24 Time range: 07:00 - 08:00 Trips,Date range: 2024-08-24 - 2024-08-24 Time range: 07:00 - 08:00 Percent,Date range: 2024-08-24 - 2024-08-24 Time range: 08:00 - 09:00 Trips,Date range: 2024-08-24 - 2024-08-24 Time range: 08:00 - 09:00 Percent,Date range: 2024-08-24 - 2024-08-24 Time range: 09:00 - 10:00 Trips,Date range: 2024-08-24 - 2024-08-24 Time range: 09:00 - 10:00 Percent,Date range: 2024-08-24 - 2024-08-24 Time range: 10:00 - 11:00 Trips,Date range: 2024-08-24 - 2024-08-24 Time range: 10:00 - 11:00 Percent,Date range: 2024-08-24 - 2024-08-24 Time range: 11:00 - 12:00 Trips,Date range: 2024-08-24 - 2024-08-24 Time range: 11:00 - 12:00 Percent,Date range: 2024-08-24 - 2024-08-24 Time range: 12:00 - 13:00 Trips,Date range: 2024-08-24 - 2024-08-24 Time range: 12:00 - 13:00 Percent,Date range: 2024-08-24 - 2024-08-24 Time range: 13:00 - 14:00 Trips,Date range: 2024-08-24 - 2024-08-24 Time range: 13:00 - 14:00 Percent,Date range: 2024-08-24 - 2024-08-24 Time range: 14:00 - 15:00 Trips,Date range: 2024-08-24 - 2024-08-24 Time range: 14:00 - 15:00 Percent,Date range: 2024-08-24 - 2024-08-24 Time range: 15:00 - 16:00 Trips,Date range: 2024-08-24 - 2024-08-24 Time range: 15:00 - 16:00 Percent,Date range: 2024-08-24 - 2024-08-24 Time range: 16:00 - 17:00 Trips,Date range: 2024-08-24 - 2024-08-24 Time range: 16:00 - 17:00 Percent,Date range: 2024-08-24 - 2024-08-24 Time range: 17:00 - 18:00 Trips,Date range: 2024-08-24 - 2024-08-24 Time range: 17:00 - 18:00 Percent,Date range: 2024-08-24 - 2024-08-24 Time range: 18:00 - 19:00 Trips,Date range: 2024-08-24 - 2024-08-24 Time range: 18:00 - 19:00 Percent,Date range: 2024-08-24 - 2024-08-24 Time range: 19:00 - 20:00 Trips,Date range: 2024-08-24 - 2024-08-24 Time range: 19:00 - 20:00 Percent,Date range: 2024-08-24 - 2024-08-24 Time range: 20:00 - 21:00 Trips,Date range: 2024-08-24 - 2024-08-24 Time range: 20:00 - 21:00 Percent,Date range: 2024-08-24 - 2024-08-24 Time range: 21:00 - 22:00 Trips,Date range: 2024-08-24 - 2024-08-24 Time range: 21:00 - 22:00 Percent,Date range: 2024-08-24 - 2024-08-24 Time range: 22:00 - 23:00 Trips,Date range: 2024-08-24 - 2024-08-24 Time range: 22:00 - 23:00 Percent,Date range: 2024-08-24 - 2024-08-24 Time range: 23:00 - 00:00 Trips,Date range: 2024-08-24 - 2024-08-24 Time range: 23:00 - 00:00 Percent,Date range: 2024-08-25 - 2024-08-25 Time range: 00:00 - 01:00 Trips,Date range: 2024-08-25 - 2024-08-25 Time range: 00:00 - 01:00 Percent,Date range: 2024-08-25 - 2024-08-25 Time range: 01:00 - 02:00 Trips,Date range: 2024-08-25 - 2024-08-25 Time range: 01:00 - 02:00 Percent,Date range: 2024-08-25 - 2024-08-25 Time range: 02:00 - 03:00 Trips,Date range: 2024-08-25 - 2024-08-25 Time range: 02:00 - 03:00 Percent,Date range: 2024-08-25 - 2024-08-25 Time range: 03:00 - 04:00 Trips,Date range: 2024-08-25 - 2024-08-25 Time range: 03:00 - 04:00 Percent,Date range: 2024-08-25 - 2024-08-25 Time range: 04:00 - 05:00 Trips,Date range: 2024-08-25 - 2024-08-25 Time range: 04:00 - 05:00 Percent,Date range: 2024-08-25 - 2024-08-25 Time range: 05:00 - 06:00 Trips,Date range: 2024-08-25 - 2024-08-25 Time range: 05:00 - 06:00 Percent,Date range: 2024-08-25 - 2024-08-25 Time range: 06:00 - 07:00 Trips,Date range: 2024-08-25 - 2024-08-25 Time range: 06:00 - 07:00 Percent,Date range: 2024-08-25 - 2024-08-25 Time range: 07:00 - 08:00 Trips,Date range: 2024-08-25 - 2024-08-25 Time range: 07:00 - 08:00 Percent,Date range: 2024-08-25 - 2024-08-25 Time range: 08:00 - 09:00 Trips,Date range: 2024-08-25 - 2024-08-25 Time range: 08:00 - 09:00 Percent,Date range: 2024-08-25 - 2024-08-25 Time range: 09:00 - 10:00 Trips,Date range: 2024-08-25 - 2024-08-25 Time range: 09:00 - 10:00 Percent,Date range: 2024-08-25 - 2024-08-25 Time range: 10:00 - 11:00 Trips,Date range: 2024-08-25 - 2024-08-25 Time range: 10:00 - 11:00 Percent,Date range: 2024-08-25 - 2024-08-25 Time range: 11:00 - 12:00 Trips,Date range: 2024-08-25 - 2024-08-25 Time range: 11:00 - 12:00 Percent,Date range: 2024-08-25 - 2024-08-25 Time range: 12:00 - 13:00 Trips,Date range: 2024-08-25 - 2024-08-25 Time range: 12:00 - 13:00 Percent,Date range: 2024-08-25 - 2024-08-25 Time range: 13:00 - 14:00 Trips,Date range: 2024-08-25 - 2024-08-25 Time range: 13:00 - 14:00 Percent,Date range: 2024-08-25 - 2024-08-25 Time range: 14:00 - 15:00 Trips,Date range: 2024-08-25 - 2024-08-25 Time range: 14:00 - 15:00 Percent,Date range: 2024-08-25 - 2024-08-25 Time range: 15:00 - 16:00 Trips,Date range: 2024-08-25 - 2024-08-25 Time range: 15:00 - 16:00 Percent,Date range: 2024-08-25 - 2024-08-25 Time range: 16:00 - 17:00 Trips,Date range: 2024-08-25 - 2024-08-25 Time range: 16:00 - 17:00 Percent,Date range: 2024-08-25 - 2024-08-25 Time range: 17:00 - 18:00 Trips,Date range: 2024-08-25 - 2024-08-25 Time range: 17:00 - 18:00 Percent,Date range: 2024-08-25 - 2024-08-25 Time range: 18:00 - 19:00 Trips,Date range: 2024-08-25 - 2024-08-25 Time range: 18:00 - 19:00 Percent,Date range: 2024-08-25 - 2024-08-25 Time range: 19:00 - 20:00 Trips,Date range: 2024-08-25 - 2024-08-25 Time range: 19:00 - 20:00 Percent,Date range: 2024-08-25 - 2024-08-25 Time range: 20:00 - 21:00 Trips,Date range: 2024-08-25 - 2024-08-25 Time range: 20:00 - 21:00 Percent,Date range: 2024-08-25 - 2024-08-25 Time range: 21:00 - 22:00 Trips,Date range: 2024-08-25 - 2024-08-25 Time range: 21:00 - 22:00 Percent,Date range: 2024-08-25 - 2024-08-25 Time range: 22:00 - 23:00 Trips,Date range: 2024-08-25 - 2024-08-25 Time range: 22:00 - 23:00 Percent,Date range: 2024-08-25 - 2024-08-25 Time range: 23:00 - 00:00 Trips,Date range: 2024-08-25 - 2024-08-25 Time range: 23:00 - 00:00 Percent,Date range: 2024-08-26 - 2024-08-26 Time range: 00:00 - 01:00 Trips,Date range: 2024-08-26 - 2024-08-26 Time range: 00:00 - 01:00 Percent,Date range: 2024-08-26 - 2024-08-26 Time range: 01:00 - 02:00 Trips,Date range: 2024-08-26 - 2024-08-26 Time range: 01:00 - 02:00 Percent,Date range: 2024-08-26 - 2024-08-26 Time range: 02:00 - 03:00 Trips,Date range: 2024-08-26 - 2024-08-26 Time range: 02:00 - 03:00 Percent,Date range: 2024-08-26 - 2024-08-26 Time range: 03:00 - 04:00 Trips,Date range: 2024-08-26 - 2024-08-26 Time range: 03:00 - 04:00 Percent,Date range: 2024-08-26 - 2024-08-26 Time range: 04:00 - 05:00 Trips,Date range: 2024-08-26 - 2024-08-26 Time range: 04:00 - 05:00 Percent,Date range: 2024-08-26 - 2024-08-26 Time range: 05:00 - 06:00 Trips,Date range: 2024-08-26 - 2024-08-26 Time range: 05:00 - 06:00 Percent,Date range: 2024-08-26 - 2024-08-26 Time range: 06:00 - 07:00 Trips,Date range: 2024-08-26 - 2024-08-26 Time range: 06:00 - 07:00 Percent,Date range: 2024-08-26 - 2024-08-26 Time range: 07:00 - 08:00 Trips,Date range: 2024-08-26 - 2024-08-26 Time range: 07:00 - 08:00 Percent,Date range: 2024-08-26 - 2024-08-26 Time range: 08:00 - 09:00 Trips,Date range: 2024-08-26 - 2024-08-26 Time range: 08:00 - 09:00 Percent,Date range: 2024-08-26 - 2024-08-26 Time range: 09:00 - 10:00 Trips,Date range: 2024-08-26 - 2024-08-26 Time range: 09:00 - 10:00 Percent,Date range: 2024-08-26 - 2024-08-26 Time range: 10:00 - 11:00 Trips,Date range: 2024-08-26 - 2024-08-26 Time range: 10:00 - 11:00 Percent,Date range: 2024-08-26 - 2024-08-26 Time range: 11:00 - 12:00 Trips,Date range: 2024-08-26 - 2024-08-26 Time range: 11:00 - 12:00 Percent,Date range: 2024-08-26 - 2024-08-26 Time range: 12:00 - 13:00 Trips,Date range: 2024-08-26 - 2024-08-26 Time range: 12:00 - 13:00 Percent,Date range: 2024-08-26 - 2024-08-26 Time range: 13:00 - 14:00 Trips,Date range: 2024-08-26 - 2024-08-26 Time range: 13:00 - 14:00 Percent,Date range: 2024-08-26 - 2024-08-26 Time range: 14:00 - 15:00 Trips,Date range: 2024-08-26 - 2024-08-26 Time range: 14:00 - 15:00 Percent,Date range: 2024-08-26 - 2024-08-26 Time range: 15:00 - 16:00 Trips,Date range: 2024-08-26 - 2024-08-26 Time range: 15:00 - 16:00 Percent,Date range: 2024-08-26 - 2024-08-26 Time range: 16:00 - 17:00 Trips,Date range: 2024-08-26 - 2024-08-26 Time range: 16:00 - 17:00 Percent,Date range: 2024-08-26 - 2024-08-26 Time range: 17:00 - 18:00 Trips,Date range: 2024-08-26 - 2024-08-26 Time range: 17:00 - 18:00 Percent,Date range: 2024-08-26 - 2024-08-26 Time range: 18:00 - 19:00 Trips,Date range: 2024-08-26 - 2024-08-26 Time range: 18:00 - 19:00 Percent,Date range: 2024-08-26 - 2024-08-26 Time range: 19:00 - 20:00 Trips,Date range: 2024-08-26 - 2024-08-26 Time range: 19:00 - 20:00 Percent,Date range: 2024-08-26 - 2024-08-26 Time range: 20:00 - 21:00 Trips,Date range: 2024-08-26 - 2024-08-26 Time range: 20:00 - 21:00 Percent,Date range: 2024-08-26 - 2024-08-26 Time range: 21:00 - 22:00 Trips,Date range: 2024-08-26 - 2024-08-26 Time range: 21:00 - 22:00 Percent,Date range: 2024-08-26 - 2024-08-26 Time range: 22:00 - 23:00 Trips,Date range: 2024-08-26 - 2024-08-26 Time range: 22:00 - 23:00 Percent,Date range: 2024-08-26 - 2024-08-26 Time range: 23:00 - 00:00 Trips,Date range: 2024-08-26 - 2024-08-26 Time range: 23:00 - 00:00 Percent
Region 0,Region 0,1180,1.837,577,1.729,336,1.527,289,1.727,358,1.756,569,1.814,1093,2.306,1837,2.978,2178,3.032,1991,2.731,2139,3.037,2201,3.041,2624,3.48,2543,3.316,2401,3.691,2298,4.058,2621,3.721,2960,3.044,2896,2.911,2477,2.702,2241,2.609,2038,2.436,1715,2.087,1468,1.964,1615,1.904,931,1.72,635,1.605,508,1.729,493,1.976,439,1.746,658,1.816,897,2.004,1332,2.519,1703,2.636,2071,2.79,2380,2.973,2497,2.99,2694,3.167,2838,3.329,2976,3.405,2818,3.096,2893,2.994,2787,2.794,2322,2.472,2307,2.561,2229,2.464,1871,2.172,1664,2.087,1641,2.014,1032,1.793,764,1.776,558,1.738,529,2.035,442,2.017,559,1.99,719,2.036,946,2.119,1321,2.338,1614,2.348,2004,2.592,2124,2.57,2394,2.806,2488,2.866,2676,3.069,2579,2.866,2519,2.698,2488,2.63,2142,2.495,2016,2.46,2007,2.609,1469,2.252,1190,2.373,947,2.139,566,2.526,335,2.392,293,2.412,384,2.113,642,2.017,1137,2.312,1968,3.051,2268,3.069,1988,2.738,1859,2.669,1981,2.907,2220,3.123,2209,3.102,2324,3.263,2628,3.523,2645,3.449,2671,3.197,2370,2.778,2011,2.681,1682,2.442,1401,2.048,1125,2.102,805,1.952
Region 0,Region 1,93,0.145,46,0.138,34,0.155,45,0.269,124,0.608,203,0.647,277,0.584,260,0.421,220,0.306,183,0.251,133,0.189,130,0.18,140,0.186,177,0.231,141,0.217,141,0.249,150,0.213,186,0.191,184,0.185,165,0.18,110,0.128,98,0.117,94,0.114,89,0.119,124,0.146,49,0.091,25,0.063,38,0.129,52,0.208,115,0.457,133,0.367,118,0.264,137,0.259,151,0.234,158,0.213,165,0.206,152,0.182,120,0.141,99,0.116,137,0.157,202,0.222,233,0.241,207,0.208,184,0.196,157,0.174,161,0.178,147,0.171,120,0.15,114,0.14,50,0.087,44,0.102,41,0.128,48,0.185,71,0.324,112,0.399,89,0.252,87,0.195,146,0.258,173,0.252,227,0.294,205,0.248,212,0.248,211,0.243,217,0.249,211,0.235,246,0.263,263,0.278,197,0.229,173,0.211,136,0.177,86,0.132,48,0.096,72,0.163,38,0.17,33,0.236,55,0.453,120,0.66,245,0.77,316,0.643,340,0.527,271,0.367,200,0.275,191,0.274,193,0.283,146,0.205,156,0.219,142,0.199,143,0.192,157,0.205,143,0.171,149,0.175,111,0.148,93,0.135,107,0.156,107,0.2,67,0.162
Region 0,Region 2,139,0.216,87,0.261,79,0.359,129,0.771,234,1.148,395,1.259,433,0.914,384,0.622,361,0.502,310,0.425,252,0.358,233,0.322,152,0.202,145,0.189,172,0.264,225,0.397,250,0.355,316,0.325,346,0.348,350,0.382,318,0.37,270,0.323,200,0.243,180,0.241,183,0.216,91,0.168,65,0.164,87,0.296,132,0.529,176,0.7,241,0.665,254,0.568,300,0.567,389,0.602,380,0.512,270,0.337,308,0.369,301,0.354,280,0.328,305,0.349,413,0.454,512,0.53,639,0.641,678,0.722,618,0.686,458,0.506,381,0.442,251,0.315,240,0.295,156,0.271,107,0.249,110,0.343,112,0.431,146,0.666,182,0.648,174,0.493,269,0.602,396,0.701,516,0.751,505,0.653,548,0.663,597,0.7,666,0.767,748,0.858,779,0.866,768,0.823,793,0.838,798,0.93,730,0.891,422,0.549,236,0.362,220,0.439,142,0.321,78,0.348,69,0.493,122,1.004,259,1.425,466,1.464,482,0.98,419,0.649,378,0.512,411,0.566,333,0.478,289,0.424,298,0.419,282,0.396,287,0.403,328,0.44,386,0.503,391,0.468,345,0.404,288,0.384,232,0.337,188,0.275,168,0.314,81,0.196
Region 0,Region 3,791,1.231,387,1.159,281,1.277,278,1.661,417,2.045,715,2.279,1122,2.368,1392,2.257,1258,1.751,1312,1.8,1156,1.641,1251,1.728,1017,1.349,1061,1.383,1143,1.757,1039,1.835,1074,1.525,1237,1.272,1223,1.229,1249,1.362,1251,1.456,1087,1.299,1055,1.284,997,1.334,1135,1.338,584,1.079,379,0.958,360,1.226,447,1.792,590,2.346,947,2.614,1294,2.891,1569,2.967,1617,2.503,1585,2.136,1614,2.016,1480,1.772,1371,1.611,1217,1.428,1224,1.4,1446,1.589,1466,1.517,1478,1.482,1522,1.621,1387,1.54,1244,1.375,1025,1.19,828,1.038,1011,1.241,619,1.076,434,1.009,372,1.158,382,1.469,398,1.816,508,1.808,712,2.016,1120,2.509,1378,2.439,1510,2.197,1583,2.048,1640,1.984,1520,1.781,1630,1.878,1571,1.802,1700,1.889,1647,1.764,1602,1.693,1414,1.647,1391,1.698,1129,1.468,746,1.144,599,1.194,605,1.366,373,1.665,251,1.792,259,2.132,410,2.256,645,2.027,891,1.812,1066,1.652,1015,1.374,1030,1.419,920,1.321,1012,1.485,994,1.398,1138,1.598,1138,1.598,1047,1.404,1256,1.638,1119,1.34,1071,1.255,994,1.325,925,1.343,768,1.123,661,1.235,467,1.132
Region 0,Region 4,61,0.095,24,0.072,14,0.064,23,0.137,65,0.319,168,0.536,162,0.342,146,0.237,123,0.171,82,0.112,55,0.078,57,0.079,66,0.088,81,0.106,110,0.169,98,0.173,98,0.139,120,0.123,125,0.126,83,0.091,69,0.08,79,0.094,71,0.086,49,0.066,76,0.09,32,0.059,25,0.063,22,0.075,33,0.132,66,0.262,71,0.196,74,0.165,85,0.161,118,0.183,116,0.156,120,0.15,131,0.157,98,0.115,103,0.121,115,0.132,159,0.175,157,0.162,174,0.174,179,0.191,132,0.147,95,0.105,73,0.085,65,0.082,64,0.079,41,0.071,13,0.03,16,0.05,19,0.073,38,0.173,36,0.128,54,0.153,73,0.164,105,0.186,141,0.205,156,0.202,175,0.212,165,0.193,168,0.194,166,0.19,160,0.178,193,0.207,224,0.237,233,0.271,203,0.248,154,0.2,71,0.109,29,0.058,42,0.095,17,0.076,17,0.121,22,0.181,63,0.347,150,0.471,168,0.342,170,0.264,133,0.18,113,0.156,81,0.116,86,0.126,86,0.121,99,0.139,107,0.15,113,0.151,94,0.123,103,0.123,89,0.104,71,0.095,74,0.107,89,0.13,89,0.166,69,0.167
Region 0,Region 5,34,0.053,20,0.06,12,0.055,23,0.137,42,0.206,85,0.271,122,0.257,132,0.214,127,0.177,117,0.16,133,0.189,166,0.229,130,0.172,129,0.168,141,0.217,135,0.238,156,0.221,208,0.214,206,0.207,171,0.187,110,0.128,71,0.085,60,0.073,64,0.086,79,0.093,37,0.068,16,0.04,17,0.058,34,0.136,49,0.195,86,0.237,101,0.226,162,0.306,208,0.322,235,0.317,226,0.282,156,0.187,71,0.083,65,0.076,120,0.137,192,0.211,202,0.209,190,0.19,137,0.146,113,0.125,97,0.107,84,0.097,92,0.115,93,0.114,50,0.087,25,0.058,14,0.044,13,0.05,30,0.137,53,0.189,62,0.176,102,0.228,189,0.334,227,0.33,208,0.269,193,0.234,164,0.192,154,0.177,159,0.182,180,0.2,195,0.209,189,0.2,147,0.171,143,0.175,131,0.17,85,0.13,32,0.064,42,0.095,13,0.058,9,0.064,14,0.115,41,0.226,97,0.305,163,0.331,160,0.248,145,0.196,113,0.156,108,0.155,118,0.173,108,0.152,117,0.164,112,0.157,112,0.15,100,0.13,106,0.127,108,0.127,96,0.128,82,0.119,90,0.132,80,0.149,34,0.082
Region 0,Region 6,27,0.042,16,0.048,9,0.041,12,0.072,33,0.162,71,0.226,62,0.131,58,0.094,36,0.05,25,0.034,19,0.027,21,0.029,23,0.031,23,0.03,25,0.038,30,0.053,38,0.054,49,0.05,39,0.039,38,0.041,44,0.051,31,0.037,31,0.038,33,0.044,37,0.044,16,0.03,15,0.038,7,0.024,18,0.072,29,0.115,34,0.094,30,0.067,34,0.064,36,0.056,43,0.058,39,0.049,39,0.047,35,0.041,28,0.033,48,0.055,48,0.053,50,0.052,56,0.056,64,0.068,48,0.053,50,0.055,40,0.046,37,0.046,32,0.039,25,0.043,18,0.042,11,0.034,17,0.065,22,0.1,23,0.082,17,0.048,32,0.072,45,0.08,52,0.076,58,0.075,55,0.067,57,0.067,70,0.081,70,0.08,63,0.07,74,0.079,71,0.075,81,0.094,67,0.082,54,0.07,28,0.043,8,0.016,17,0.038,6,0.027,7,0.05,12,0.099,41,0.226,84,0.264,60,0.122,51,0.079,40,0.054,31,0.043,33,0.047,30,0.044,26,0.037,22,0.031,27,0.038,35,0.047,36,0.047,31,0.037,37,0.043,36,0.048,44,0.064,53,0.077,46,0.086,32,0.078
Region 0,Region 7,31,0.048,17,0.051,11,0.05,10,0.06,36,0.177,109,0.347,162,0.342,152,0.246,130,0.181,92,0.126,61,0.087,80,0.111,88,0.117,79,0.103,76,0.117,70,0.124,86,0.122,114,0.117,100,0.101,97,0.106,64,0.075,58,0.069,63,0.077,50,0.067,40,0.047,19,0.035,19,0.048,7,0.024,16,0.064,44,0.175,83,0.229,75,0.168,94,0.178,121,0.187,118,0.159,107,0.134,116,0.139,52,0.061,69,0.081,83,0.095,100,0.11,124,0.128,125,0.125,128,0.136,98,0.109,89,0.098,70,0.081,54,0.068,52,0.064,26,0.045,10,0.023,19,0.059,19,0.073,31,0.141,37,0.132,47,0.133,71,0.159,103,0.182,101,0.147,104,0.135,115,0.139,109,0.128,129,0.149,135,0.155,122,0.136,144,0.154,157,0.166,145,0.169,125,0.153,96,0.125,42,0.064,22,0.044,24,0.054,4,0.018,7,0.05,13,0.107,44,0.242,88,0.276,139,0.283,139,0.215,104,0.141,109,0.15,93,0.134,95,0.139,84,0.118,89,0.125,81,0.114,73,0.098,68,0.089,79,0.095,69,0.081,69,0.092,55,0.08,52,0.076,57,0.107,36,0.087
Region 0,Region 8,7,0.011,3,0.009,1,0.005,2,0.012,8,0.039,17,0.054,26,0.055,42,0.068,24,0.033,25,0.034,26,0.037,39,0.054,25,0.033,24,0.031,26,0.04,41,0.072,39,0.055,52,0.053,43,0.043,28,0.031,23,0.027,28,0.033,19,0.023,19,0.025,10,0.012,3,0.006,3,0.008,0,0,4,0.016,13,0.052,14,0.039,15,0.034,20,0.038,35,0.054,41,0.055,42,0.052,33,0.04,25,0.029,31,0.036,35,0.04,61,0.067,73,0.076,58,0.058,40,0.043,45,0.05,40,0.044,18,0.021,9,0.011,17,0.021,5,0.009,3,0.007,0,0,2,0.008,4,0.018,8,0.028,9,0.025,15,0.034,30,0.053,52,0.076,50,0.065,57,0.069,57,0.067,70,0.081,83,0.095,70,0.078,83,0.089,92,0.097,82,0.096,75,0.092,56,0.073,29,0.044,11,0.022,8,0.018,1,0.004,0,0,4,0.033,5,0.028,21,0.066,40,0.081,49,0.076,41,0.055,45,0.062,38,0.055,32,0.047,32,0.045,32,0.045,31,0.044,48,0.064,31,0.04,28,0.034,30,0.035,26,0.035,22,0.032,24,0.035,19,0.036,10,0.024
Region 0,Region 9,246,0.383,132,0.395,83,0.377,85,0.508,158,0.775,361,1.151,628,1.325,778,1.261,800,1.114,686,0.941,551,0.782,490,0.677,424,0.562,459,0.598,527,0.81,510,0.901,665,0.944,791,0.813,673,0.677,591,0.645,538,0.626,447,0.534,378,0.46,348,0.466,363,0.428,205,0.379,135,0.341,144,0.49,126,0.505,170,0.676,314,0.867,362,0.809,502,0.949,787,1.218,874,1.178,787,0.983,761,0.911,650,0.764,508,0.596,479,0.548,513,0.564,609,0.63,746,0.748,726,0.773,718,0.797,587,0.649,523,0.607,428,0.537,375,0.46,203,0.353,169,0.393,195,0.607,157,0.604,140,0.639,239,0.851,249,0.705,348,0.779,583,1.032,800,1.164,902,1.167,821,0.993,706,0.827,693,0.798,730,0.837,819,0.91,815,0.873,786,0.831,674,0.785,634,0.774,410,0.533,307,0.471,276,0.55,208,0.47,105,0.469,88,0.628,114,0.938,177,0.974,377,1.185,725,1.474,886,1.373,813,1.1,659,0.908,523,0.751,512,0.751,520,0.731,565,0.793,526,0.739,489,0.656,613,0.799,617,0.739,594,0.696,403,0.537,372,0.54,385,0.563,292,0.546,176,0.427
Region 0,Region 10,20,0.031,14,0.042,4,0.018,12,0.072,28,0.137,78,0.249,142,0.3,132,0.214,122,0.17,82,0.112,70,0.099,48,0.066,52,0.069,44,0.057,51,0.078,60,0.106,68,0.097,76,0.078,95,0.095,84,0.092,49,0.057,41,0.049,39,0.047,29,0.039,31,0.037,18,0.033,9,0.023,12,0.041,14,0.056,20,0.08,37,0.102,46,0.103,69,0.13,77,0.119,95,0.128,87,0.109,62,0.074,41,0.048,40,0.047,72,0.082,80,0.088,90,0.093,94,0.094,100,0.106,94,0.104,61,0.067,51,0.059,32,0.04,37,0.045,17,0.03,10,0.023,5,0.016,14,0.054,15,0.068,24,0.085,46,0.13,57,0.128,86,0.152,102,0.148,95,0.123,97,0.117,96,0.113,97,0.112,112,0.128,134,0.149,122,0.131,126,0.133,113,0.132,76,0.093,72,0.094,30,0.046,14,0.028,8,0.018,3,0.013,3,0.021,8,0.066,24,0.132,89,0.28,177,0.36,148,0.229,102,0.138,89,0.123,74,0.106,63,0.092,61,0.086,68,0.095,68,0.095,75,0.101,76,0.099,64,0.077,54,0.063,51,0.068,45,0.065,50,0.073,31,0.058,16,0.039
Region 0,Region 11,11,0.017,5,0.015,1,0.005,10,0.06,40,0.196,90,0.287,145,0.306,154,0.25,122,0.17,93,0.128,81,0.115,93,0.128,77,0.102,65,0.085,79,0.121,63,0.111,66,0.094,86,0.088,98,0.099,70,0.076,47,0.055,54,0.065,36,0.044,19,0.025,17,0.02,9,0.017,5,0.013,7,0.024,19,0.076,40,0.159,77,0.213,74,0.165,73,0.138,74,0.115,79,0.106,84,0.105,79,0.095,50,0.059,53,0.062,65,0.074,81,0.089,92,0.095,85,0.085,73,0.078,77,0.085,72,0.08,42,0.049,18,0.023,18,0.022,9,0.016,3,0.007,8,0.025,12,0.046,32,0.146,62,0.221,43,0.122,59,0.132,86,0.152,98,0.143,121,0.157,114,0.138,117,0.137,148,0.17,158,0.181,177,0.197,183,0.196,185,0.196,159,0.185,121,0.148,87,0.113,49,0.075,19,0.038,15,0.034,5,0.022,3,0.021,9,0.074,31,0.171,102,0.32,189,0.384,163,0.253,139,0.188,100,0.138,99,0.142,119,0.175,99,0.139,105,0.147,116,0.163,85,0.114,106,0.138,94,0.113,92,0.108,66,0.088,55,0.08,47,0.069,38,0.071,24,0.058
Region 0,Region 12,31,0.048,9,0.027,17,0.077,19,0.114,24,0.118,58,0.185,110,0.232,137,0.222,124,0.173,84,0.115,77,0.109,87,0.12,70,0.093,81,0.106,89,0.137,98,0.173,111,0.158,110,0.113,127,0.128,93,0.101,67,0.078,54,0.065,65,0.079,49,0.066,44,0.052,28,0.052,19,0.048,15,0.051,19,0.076,31,0.123,62,0.171,67,0.15,99,0.187,102,0.158,97,0.131,128,0.16,122,0.146,93,0.109,68,0.08,99,0.113,127,0.14,116,0.12,131,0.131,128,0.136,99,0.11,85,0.094,73,0.085,52,0.065,51,0.063,22,0.038,18,0.042,17,0.053,16,0.062,18,0.082,27,0.096,36,0.102,82,0.184,94,0.166,95,0.138,99,0.128,105,0.127,154,0.18,160,0.184,183,0.21,163,0.181,170,0.182,160,0.169,149,0.174,108,0.132,97,0.126,46,0.071,31,0.062,28,0.063,11,0.049,8,0.057,19,0.156,33,0.182,64,0.201,138,0.281,174,0.27,149,0.202,118,0.163,93,0.134,86,0.126,88,0.124,96,0.135,101,0.142,99,0.133,108,0.141,83,0.099,81,0.095,71,0.095,61,0.089,59,0.086,44,0.082,24,0.058
Region 0,Region 13,0,0,0,0,0,0,0,0,0,0,0,0,0,0,1,0.002,0,0,0,0,0,0,1,0.001,1,0.001,0,0,0,0,0,0,0,0,0,0,0,0,0,0,0,0,0,0,0,0,0,0,0,0,0,0,0,0,0,0,0,0,0,0,0,0,0,0,0,0,0,0,0,0,0,0,0,0,0,0,0,0,0,0,0,0,0,0,0,0,0,0,0,0,0,0,0,0,0,0,0,0,0,0,0,0,0,0,0,0,0,0,0,0,0,0,0,0,0,0,0,0,0,0,1,0.001,1,0.001,1,0.001,1,0.001,0,0,0,0,0,0,0,0,0,0,0,0,0,0,0,0,0,0,0,0,0,0,0,0,0,0,0,0,0,0,0,0,0,0,0,0,0,0,0,0,0,0,0,0,0,0,0,0,0,0,0,0,0,0,0,0,0,0,0,0,0,0,0,0
Region 0,Region 14,16,0.025,6,0.018,2,0.009,4,0.024,11,0.054,39,0.124,68,0.143,81,0.131,95,0.132,69,0.095,77,0.109,100,0.138,109,0.145,130,0.17,115,0.177,104,0.184,120,0.17,135,0.139,111,0.112,85,0.093,66,0.077,58,0.069,53,0.064,34,0.045,32,0.038,17,0.031,6,0.015,12,0.041,13,0.052,29,0.115,45,0.124,71,0.159,75,0.142,73,0.113,91,0.123,114,0.142,94,0.113,82,0.096,88,0.103,108,0.124,147,0.162,138,0.143,136,0.136,135,0.144,112,0.124,73,0.081,48,0.056,41,0.051,28,0.034,16,0.028,10,0.023,5,0.016,13,0.05,12,0.055,29,0.103,52,0.147,66,0.148,82,0.145,111,0.161,117,0.151,121,0.146,177,0.207,193,0.222,203,0.233,238,0.265,218,0.233,248,0.262,212,0.247,151,0.184,123,0.16,69,0.106,32,0.064,17,0.038,7,0.031,3,0.021,2,0.016,21,0.116,67,0.211,99,0.201,141,0.219,114,0.154,110,0.151,103,0.148,114,0.167,113,0.159,118,0.166,106,0.149,94,0.126,119,0.155,125,0.15,97,0.114,72,0.096,62,0.09,56,0.082,38,0.071,18,0.044
Region 0,Region 15,43,0.067,19,0.057,15,0.068,17,0.102,38,0.186,91,0.29,144,0.304,181,0.293,161,0.224,131,0.18,100,0.142,81,0.112,82,0.109,91,0.119,96,0.148,93,0.164,111,0.158,112,0.115,121,0.122,126,0.137,105,0.122,84,0.1,87,0.106,79,0.106,58,0.068,31,0.057,20,0.051,19,0.065,40,0.16,62,0.247,91,0.251,71,0.159,116,0.219,121,0.187,99,0.133,107,0.134,133,0.159,115,0.135,105,0.123,104,0.119,140,0.154,122,0.126,143,0.143,104,0.111,121,0.134,110,0.122,93,0.108,70,0.088,63,0.077,52,0.09,25,0.058,27,0.084,31,0.119,38,0.173,45,0.16,56,0.159,64,0.143,90,0.159,113,0.164,113,0.146,104,0.126,117,0.137,160,0.184,165,0.189,191,0.212,173,0.185,157,0.166,126,0.147,114,0.139,92,0.12,60,0.092,42,0.084,28,0.063,16,0.071,9,0.064,12,0.099,48,0.264,116,0.364,160,0.325,160,0.248,150,0.203,125,0.172,83,0.119,74,0.109,86,0.121,93,0.131,90,0.126,93,0.125,97,0.126,112,0.134,85,0.1,76,0.101,71,0.103,67,0.098,49,0.092,25,0.061
Region 0,Region 16,40,0.062,18,0.054,10,0.045,12,0.072,31,0.152,84,0.268,143,0.302,172,0.279,164,0.228,140,0.192,140,0.199,145,0.2,128,0.17,134,0.175,130,0.2,128,0.226,172,0.244,203,0.209,206,0.207,162,0.177,119,0.139,74,0.088,82,0.1,57,0.076,54,0.064,31,0.057,12,0.03,13,0.044,25,0.1,40,0.159,57,0.157,88,0.197,110,0.208,166,0.257,168,0.226,188,0.235,152,0.182,101,0.119,79,0.093,130,0.149,172,0.189,199,0.206,220,0.221,188,0.2,144,0.16,133,0.147,84,0.097,55,0.069,58,0.071,29,0.05,16,0.037,21,0.065,27,0.104,33,0.151,55,0.196,74,0.21,101,0.226,159,0.281,203,0.295,223,0.288,238,0.288,252,0.295,250,0.288,302,0.346,340,0.378,344,0.368,302,0.319,255,0.297,215,0.262,160,0.208,81,0.124,39,0.078,21,0.047,6,0.027,9,0.064,14,0.115,45,0.248,107,0.336,208,0.423,217,0.336,220,0.298,169,0.233,167,0.24,179,0.263,158,0.222,194,0.272,172,0.242,168,0.225,153,0.199,179,0.214,158,0.185,94,0.125,81,0.118,70,0.102,55,0.103,18,0.044
Region 1,Region 0,217,0.338,84,0.252,56,0.255,56,0.335,65,0.319,88,0.281,116,0.245,155,0.251,141,0.196,131,0.18,147,0.209,148,0.204,126,0.167,151,0.197,132,0.203,120,0.212,109,0.155,117,0.12,138,0.139,156,0.17,121,0.141,169,0.202,216,0.263,221,0.296,224,0.264,123,0.227,73,0.185,62,0.211,67,0.269,64,0.255,86,0.237,131,0.293,117,0.221,136,0.211,151,0.203,188,0.235,170,0.204,136,0.16,167,0.196,207,0.237,186,0.204,171,0.177,141,0.141,149,0.159,184,0.204,187,0.207,192,0.223,232,0.291,193,0.237,126,0.219,79,0.184,78,0.243,63,0.242,49,0.224,70,0.249,110,0.311,119,0.267,133,0.235,165,0.24,150,0.194,150,0.181,148,0.173,175,0.202,187,0.214,184,0.204,181,0.194,177,0.187,184,0.214,175,0.214,212,0.276,151,0.232,142,0.283,117,0.264,65,0.29,36,0.257,35,0.288,52,0.286,72,0.226,129,0.262,151,0.234,115,0.156,139,0.191,109,0.156,132,0.194,116,0.163,136,0.191,164,0.23,140,0.188,142,0.185,180,0.215,180,0.211,180,0.24,184,0.267,180,0.263,175,0.327,114,0.276
Region 1,Region 1,3525,5.486,1604,4.805,1104,5.018,792,4.732,949,4.654,1282,4.087,2042,4.309,2869,4.651,3661,5.096,4049,5.553,4169,5.918,4477,6.185,4688,6.217,4697,6.124,3656,5.62,2715,4.794,3841,5.454,6291,6.469,5682,5.712,4919,5.366,4146,4.827,3899,4.661,3757,4.571,3387,4.532,3719,4.384,2335,4.315,1617,4.088,1197,4.075,945,3.788,976,3.881,1351,3.729,1901,4.248,2223,4.204,2748,4.254,3254,4.384,3708,4.632,4156,4.977,4336,5.096,4183,4.907,4391,5.023,4671,5.132,5058,5.234,5335,5.348,4974,5.296,4435,4.924,4297,4.749,4236,4.917,3822,4.793,3640,4.467,2404,4.177,1770,4.115,1284,3.998,1107,4.258,1024,4.673,1385,4.93,1612,4.564,1910,4.278,2283,4.04,2920,4.248,3566,4.613,3953,4.783,4237,4.965,4410,5.08,4300,4.931,4528,5.032,4769,5.108,4626,4.889,4173,4.861,3829,4.673,3809,4.952,3196,4.9,2434,4.853,2313,5.224,1088,4.855,687,4.905,590,4.856,645,3.549,1211,3.805,2084,4.238,3173,4.918,3935,5.325,4532,6.241,4739,6.803,4585,6.728,4795,6.745,4570,6.418,4383,6.155,4612,6.183,4705,6.135,5232,6.263,5478,6.421,4598,6.129,3941,5.723,4318,6.313,3092,5.778,2466,5.98
Region 1,Region 2,112,0.174,76,0.228,28,0.127,36,0.215,67,0.329,95,0.303,119,0.251,168,0.272,242,0.337,245,0.336,240,0.341,211,0.291,230,0.305,271,0.353,117,0.18,95,0.168,99,0.141,125,0.129,100,0.101,82,0.089,75,0.087,98,0.117,67,0.082,76,0.102,147,0.173,70,0.129,51,0.129,46,0.157,65,0.261,53,0.211,81,0.224,55,0.123,69,0.13,72,0.111,112,0.151,110,0.137,123,0.147,87,0.102,131,0.154,105,0.12,107,0.118,83,0.086,52,0.052,72,0.077,84,0.093,78,0.086,102,0.118,105,0.132,133,0.163,74,0.129,71,0.165,51,0.159,84,0.323,56,0.256,67,0.239,72,0.204,69,0.155,87,0.154,130,0.189,147,0.19,162,0.196,174,0.204,171,0.197,134,0.154,140,0.156,99,0.106,90,0.095,83,0.097,103,0.126,97,0.126,92,0.141,89,0.177,74,0.167,37,0.165,19,0.136,32,0.263,78,0.429,83,0.261,124,0.252,166,0.257,204,0.276,216,0.297,270,0.388,150,0.22,233,0.328,147,0.206,182,0.256,183,0.245,148,0.193,169,0.202,126,0.148,79,0.105,87,0.126,69,0.101,66,0.123,65,0.158
Region 1,Region 3,282,0.439,126,0.377,94,0.427,61,0.364,78,0.383,68,0.217,105,0.222,166,0.269,189,0.263,179,0.246,163,0.231,190,0.262,175,0.232,179,0.233,176,0.271,131,0.231,110,0.156,153,0.157,159,0.16,207,0.226,187,0.218,216,0.258,221,0.269,251,0.336,297,0.35,190,0.351,111,0.281,103,0.351,96,0.385,82,0.326,99,0.273,122,0.273,132,0.25,102,0.158,174,0.234,242,0.302,240,0.287,208,0.244,216,0.253,236,0.27,235,0.258,220,0.228,199,0.199,221,0.235,192,0.213,214,0.237,238,0.276,241,0.302,249,0.306,218,0.379,168,0.391,113,0.352,107,0.412,92,0.42,94,0.335,149,0.422,152,0.34,195,0.345,198,0.288,224,0.29,177,0.214,163,0.191,204,0.235,213,0.244,225,0.25,219,0.235,234,0.247,237,0.276,223,0.272,227,0.295,227,0.348,226,0.451,181,0.409,90,0.402,64,0.457,53,0.436,62,0.341,68,0.214,101,0.205,142,0.22,124,0.168,151,0.208,142,0.204,126,0.185,152,0.214,143,0.201,188,0.264,183,0.245,201,0.262,215,0.257,201,0.236,206,0.275,186,0.27,225,0.329,209,0.391,177,0.429
Region 1,Region 4,339,0.528,169,0.506,87,0.395,49,0.293,51,0.25,67,0.214,138,0.291,220,0.357,285,0.397,278,0.381,271,0.385,252,0.348,304,0.403,254,0.331,218,0.335,203,0.358,263,0.373,343,0.353,358,0.36,297,0.324,232,0.27,313,0.374,361,0.439,293,0.392,330,0.389,217,0.401,146,0.369,94,0.32,67,0.269,90,0.358,94,0.259,126,0.282,207,0.391,223,0.345,283,0.381,315,0.394,325,0.389,293,0.344,281,0.33,367,0.42,353,0.388,360,0.373,351,0.352,326,0.347,275,0.305,328,0.363,299,0.347,298,0.374,370,0.454,217,0.377,158,0.367,125,0.389,77,0.296,64,0.292,62,0.221,92,0.26,157,0.352,206,0.365,243,0.354,258,0.334,281,0.34,276,0.323,279,0.321,252,0.289,320,0.356,328,0.351,284,0.3,267,0.311,259,0.316,260,0.338,255,0.391,230,0.459,314,0.709,120,0.535,53,0.378,20,0.165,37,0.204,54,0.17,129,0.262,265,0.411,275,0.372,245,0.337,278,0.399,264,0.387,241,0.339,239,0.336,262,0.368,253,0.339,257,0.335,284,0.34,337,0.395,304,0.405,280,0.407,328,0.48,310,0.579,231,0.56
Region 1,Region 5,437,0.68,295,0.884,243,1.104,168,1.004,187,0.917,184,0.587,257,0.542,329,0.533,368,0.512,402,0.551,461,0.654,499,0.689,523,0.694,532,0.694,347,0.533,251,0.443,353,0.501,628,0.646,761,0.765,708,0.772,636,0.74,577,0.69,615,0.748,593,0.793,554,0.653,351,0.649,335,0.847,267,0.909,285,1.142,222,0.883,232,0.64,281,0.628,358,0.677,461,0.714,537,0.724,597,0.746,658,0.788,551,0.648,520,0.61,512,0.586,578,0.635,620,0.642,652,0.654,610,0.65,537,0.596,594,0.657,547,0.635,608,0.762,623,0.765,479,0.832,326,0.758,266,0.828,218,0.839,167,0.762,196,0.698,246,0.696,304,0.681,431,0.763,534,0.777,531,0.687,614,0.743,663,0.777,635,0.732,538,0.617,492,0.547,568,0.608,554,0.586,470,0.547,485,0.592,570,0.741,536,0.822,445,0.887,412,0.931,208,0.928,159,1.135,155,1.276,185,1.018,177,0.556,241,0.49,335,0.519,395,0.535,423,0.583,497,0.713,490,0.719,583,0.82,561,0.788,532,0.747,630,0.845,545,0.711,675,0.808,672,0.788,615,0.82,569,0.826,677,0.99,495,0.925,409,0.992
Region 1,Region 6,238,0.37,150,0.449,88,0.4,39,0.233,39,0.191,47,0.15,70,0.148,101,0.164,112,0.156,140,0.192,176,0.25,161,0.222,153,0.203,170,0.222,110,0.169,127,0.224,175,0.248,263,0.27,313,0.315,275,0.3,276,0.321,244,0.292,314,0.382,314,0.42,306,0.361,221,0.408,124,0.313,79,0.269,54,0.216,53,0.211,55,0.152,59,0.132,69,0.13,98,0.152,152,0.205,190,0.237,188,0.225,207,0.243,184,0.216,228,0.261,242,0.266,290,0.3,302,0.303,285,0.303,278,0.309,308,0.34,270,0.313,240,0.301,334,0.41,213,0.37,133,0.309,94,0.293,62,0.238,41,0.187,48,0.171,54,0.153,66,0.148,88,0.156,129,0.188,154,0.199,225,0.272,218,0.255,167,0.192,189,0.217,252,0.28,276,0.296,267,0.282,211,0.246,204,0.249,211,0.274,186,0.285,160,0.319,203,0.458,71,0.317,49,0.35,22,0.181,23,0.127,43,0.135,77,0.157,124,0.192,137,0.185,130,0.179,125,0.179,131,0.192,139,0.196,154,0.216,156,0.219,157,0.21,181,0.236,184,0.22,217,0.254,214,0.285,224,0.325,227,0.332,214,0.4,159,0.386
Region 1,Region 7,1006,1.566,599,1.794,347,1.577,249,1.488,302,1.481,405,1.291,543,1.146,702,1.138,778,1.083,792,1.086,824,1.17,1066,1.473,1073,1.423,1078,1.406,783,1.204,549,0.969,820,1.164,1433,1.473,1369,1.376,1359,1.482,1156,1.346,1125,1.345,1343,1.634,1258,1.683,1385,1.633,928,1.715,605,1.529,387,1.317,327,1.311,328,1.304,438,1.209,592,1.323,705,1.333,737,1.141,861,1.16,1049,1.31,1029,1.232,1000,1.175,1003,1.177,1005,1.15,1109,1.218,1290,1.335,1335,1.338,1319,1.404,1257,1.396,1337,1.478,1264,1.467,1095,1.373,1124,1.379,1030,1.79,635,1.476,405,1.261,423,1.627,357,1.629,410,1.459,476,1.348,586,1.312,812,1.437,968,1.408,1136,1.469,1202,1.454,1150,1.348,1115,1.284,1039,1.192,1111,1.235,1197,1.282,1307,1.381,1053,1.227,899,1.097,907,1.179,909,1.394,632,1.26,525,1.186,269,1.2,180,1.285,180,1.482,249,1.37,322,1.012,517,1.051,726,1.125,803,1.087,819,1.128,982,1.41,1129,1.657,1060,1.491,1178,1.654,1051,1.476,957,1.283,1054,1.374,1318,1.578,1367,1.602,1196,1.594,1165,1.692,1379,2.016,1038,1.94,732,1.775
Region 1,Region 8,56,0.087,31,0.093,22,0.1,7,0.042,6,0.029,11,0.035,11,0.023,26,0.042,45,0.063,51,0.07,44,0.062,44,0.061,53,0.07,35,0.046,20,0.031,18,0.032,33,0.047,61,0.063,58,0.058,86,0.094,73,0.085,65,0.078,71,0.086,81,0.108,72,0.085,55,0.102,29,0.073,29,0.099,11,0.044,9,0.036,8,0.022,18,0.04,22,0.042,39,0.06,67,0.09,68,0.085,63,0.075,63,0.074,70,0.082,63,0.072,60,0.066,109,0.113,109,0.109,83,0.088,79,0.088,72,0.08,89,0.103,67,0.084,67,0.082,46,0.08,28,0.065,22,0.069,14,0.054,7,0.032,5,0.018,11,0.031,11,0.025,34,0.06,53,0.077,67,0.087,58,0.07,51,0.06,58,0.067,40,0.046,68,0.076,84,0.09,65,0.069,55,0.064,52,0.063,50,0.065,47,0.072,32,0.064,28,0.063,7,0.031,12,0.086,8,0.066,5,0.028,7,0.022,15,0.031,23,0.036,37,0.05,37,0.051,36,0.052,34,0.05,30,0.042,38,0.053,37,0.052,43,0.058,39,0.051,71,0.085,85,0.1,69,0.092,59,0.086,83,0.121,52,0.097,28,0.068
Region 1,Region 9,101,0.157,43,0.129,45,0.205,24,0.143,19,0.093,37,0.118,65,0.137,62,0.101,49,0.068,41,0.056,48,0.068,43,0.059,40,0.053,37,0.048,34,0.052,26,0.046,39,0.055,44,0.045,51,0.051,52,0.057,74,0.086,61,0.073,82,0.1,107,0.143,115,0.136,93,0.172,76,0.192,52,0.177,49,0.196,28,0.111,40,0.11,51,0.114,34,0.064,19,0.029,34,0.046,50,0.062,73,0.087,53,0.062,40,0.047,61,0.07,63,0.069,61,0.063,79,0.079,68,0.072,61,0.068,53,0.059,63,0.073,96,0.12,110,0.135,89,0.155,87,0.202,62,0.193,54,0.208,25,0.114,44,0.157,45,0.127,50,0.112,44,0.078,35,0.051,51,0.066,67,0.081,69,0.081,53,0.061,48,0.055,52,0.058,51,0.055,55,0.058,50,0.058,75,0.092,66,0.086,66,0.101,65,0.13,84,0.19,45,0.201,36,0.257,25,0.206,23,0.127,34,0.107,59,0.12,54,0.084,46,0.062,57,0.079,47,0.067,36,0.053,38,0.053,31,0.044,44,0.062,34,0.046,51,0.066,62,0.074,66,0.077,48,0.064,46,0.067,64,0.094,74,0.138,65,0.158
Region 1,Region 10,300,0.467,178,0.533,104,0.473,43,0.257,56,0.275,68,0.217,109,0.23,189,0.306,248,0.345,234,0.321,212,0.301,267,0.369,261,0.346,257,0.335,172,0.264,140,0.247,204,0.29,292,0.3,425,0.427,403,0.44,408,0.475,370,0.442,372,0.453,367,0.491,371,0.437,257,0.475,143,0.362,87,0.296,73,0.293,47,0.187,44,0.121,96,0.215,123,0.233,169,0.262,235,0.317,272,0.34,304,0.364,249,0.293,264,0.31,298,0.341,302,0.332,359,0.371,387,0.388,419,0.446,393,0.436,397,0.439,344,0.399,337,0.423,333,0.409,320,0.556,170,0.395,114,0.355,96,0.369,68,0.31,78,0.278,106,0.3,134,0.3,205,0.363,304,0.442,310,0.401,288,0.348,290,0.34,290,0.334,288,0.33,336,0.373,378,0.405,371,0.392,297,0.346,284,0.347,264,0.343,262,0.402,163,0.325,146,0.33,70,0.312,44,0.314,21,0.173,28,0.154,73,0.229,117,0.238,244,0.378,238,0.322,231,0.318,260,0.373,280,0.411,270,0.38,242,0.34,248,0.348,265,0.355,283,0.369,320,0.383,359,0.421,347,0.463,375,0.545,374,0.547,270,0.505,221,0.536
Region 1,Region 11,439,0.683,196,0.587,132,0.6,89,0.532,137,0.672,214,0.682,345,0.728,578,0.937,635,0.884,582,0.798,533,0.757,591,0.816,603,0.8,578,0.754,453,0.696,335,0.592,520,0.738,804,0.827,692,0.696,598,0.652,478,0.557,439,0.525,447,0.544,452,0.605,507,0.598,331,0.612,264,0.667,191,0.65,156,0.625,202,0.803,308,0.85,316,0.706,370,0.7,470,0.728,545,0.734,620,0.775,614,0.735,567,0.666,611,0.717,639,0.731,606,0.666,580,0.6,650,0.652,591,0.629,526,0.584,554,0.612,535,0.621,494,0.62,475,0.583,405,0.704,265,0.616,179,0.557,139,0.535,140,0.639,231,0.822,230,0.651,311,0.697,419,0.741,505,0.735,524,0.678,580,0.702,631,0.739,611,0.704,611,0.701,628,0.698,690,0.739,684,0.723,598,0.697,545,0.665,510,0.663,434,0.665,300,0.598,236,0.533,105,0.469,62,0.443,57,0.469,125,0.688,248,0.779,369,0.75,572,0.887,605,0.819,614,0.846,618,0.887,546,0.801,639,0.899,648,0.91,590,0.829,562,0.753,590,0.769,577,0.691,653,0.765,573,0.764,537,0.78,565,0.826,416,0.777,294,0.713
Region 1,Region 12,57,0.089,31,0.093,24,0.109,20,0.119,20,0.098,27,0.086,24,0.051,34,0.055,35,0.049,36,0.049,30,0.043,26,0.036,43,0.057,40,0.052,44,0.068,37,0.065,54,0.077,68,0.07,56,0.056,44,0.048,38,0.044,39,0.047,40,0.049,43,0.058,68,0.08,43,0.079,44,0.111,30,0.102,31,0.124,21,0.084,23,0.063,34,0.076,52,0.098,47,0.073,42,0.057,38,0.047,40,0.048,36,0.042,48,0.056,39,0.045,40,0.044,33,0.034,41,0.041,47,0.05,49,0.054,44,0.049,71,0.082,50,0.063,64,0.079,61,0.106,33,0.077,25,0.078,31,0.119,19,0.087,22,0.078,27,0.076,41,0.092,29,0.051,39,0.057,51,0.066,39,0.047,44,0.052,44,0.051,45,0.052,31,0.034,54,0.058,48,0.051,49,0.057,41,0.05,44,0.057,40,0.061,41,0.082,25,0.056,23,0.103,15,0.107,13,0.107,12,0.066,20,0.063,17,0.035,40,0.062,42,0.057,34,0.047,36,0.052,31,0.045,30,0.042,29,0.041,34,0.048,43,0.058,48,0.063,48,0.057,35,0.041,31,0.041,33,0.048,41,0.06,50,0.093,42,0.102
Region 1,Region 13,0,0,0,0,0,0,0,0,0,0,0,0,0,0,0,0,1,0.001,0,0,0,0,4,0.006,0,0,0,0,3,0.005,0,0,0,0,0,0,0,0,0,0,0,0,0,0,0,0,0,0,0,0,0,0,0,0,0,0,1,0.004,0,0,0,0,0,0,0,0,0,0,3,0.004,3,0.004,2,0.002,0,0,1,0.001,0,0,0,0,0,0,0,0,0,0,0,0,0,0,0,0,0,0,0,0,0,0,0,0,0,0,0,0,0,0,0,0,0,0,0,0,1,0.002,1,0.001,0,0,1,0.001,0,0,0,0,0,0,0,0,0,0,0,0,0,0,0,0,0,0,0,0,0,0,0,0,0,0,0,0,0,0,0,0,0,0,0,0,0,0,0,0,0,0,0,0,0,0,0,0,0,0,0,0,0,0,0,0,0,0,0,0,0,0,0,0,0,0,0,0,0,0
Region 1,Region 14,72,0.112,43,0.129,33,0.15,15,0.09,28,0.137,48,0.153,61,0.129,94,0.152,90,0.125,63,0.086,78,0.111,88,0.122,92,0.122,67,0.087,58,0.089,68,0.12,85,0.121,106,0.109,122,0.123,100,0.109,83,0.097,88,0.105,79,0.096,79,0.106,112,0.132,84,0.155,67,0.169,45,0.153,27,0.108,37,0.147,42,0.116,57,0.127,67,0.127,76,0.118,76,0.102,71,0.089,90,0.108,75,0.088,88,0.103,105,0.12,103,0.113,95,0.098,95,0.095,103,0.11,101,0.112,91,0.101,111,0.129,100,0.125,103,0.126,75,0.13,69,0.16,47,0.146,36,0.138,40,0.183,33,0.117,42,0.119,55,0.123,80,0.142,85,0.124,98,0.127,107,0.129,109,0.128,116,0.134,113,0.13,101,0.112,129,0.138,100,0.106,83,0.097,105,0.128,113,0.147,78,0.12,74,0.148,62,0.14,23,0.103,20,0.143,18,0.148,20,0.11,38,0.119,63,0.128,80,0.124,82,0.111,81,0.112,72,0.103,74,0.109,71,0.1,90,0.126,87,0.122,83,0.111,88,0.115,105,0.126,104,0.122,123,0.164,88,0.128,104,0.152,99,0.185,56,0.136
Region 1,Region 15,476,0.741,286,0.857,177,0.804,137,0.819,144,0.706,194,0.618,294,0.62,332,0.538,358,0.498,392,0.538,377,0.535,341,0.471,375,0.497,445,0.58,337,0.518,387,0.683,392,0.557,427,0.439,465,0.467,393,0.429,426,0.496,444,0.531,439,0.534,439,0.587,602,0.71,396,0.732,296,0.748,240,0.817,214,0.858,178,0.708,262,0.723,248,0.554,240,0.454,297,0.46,321,0.433,337,0.421,399,0.478,413,0.485,392,0.46,377,0.431,393,0.432,402,0.416,377,0.378,388,0.413,416,0.462,507,0.56,509,0.591,571,0.716,568,0.697,402,0.699,286,0.665,236,0.735,199,0.765,128,0.584,197,0.701,215,0.609,203,0.455,265,0.469,283,0.412,352,0.455,371,0.449,344,0.403,380,0.438,407,0.467,418,0.465,406,0.435,415,0.439,440,0.513,408,0.498,391,0.508,396,0.607,377,0.752,372,0.84,224,1,149,1.064,95,0.782,107,0.589,145,0.456,264,0.537,308,0.477,277,0.375,326,0.449,342,0.491,257,0.377,256,0.36,287,0.403,382,0.536,420,0.563,449,0.585,461,0.552,429,0.503,358,0.477,361,0.524,348,0.509,353,0.66,334,0.81
Region 1,Region 16,286,0.445,133,0.398,70,0.318,75,0.448,74,0.363,111,0.354,181,0.382,275,0.446,344,0.479,330,0.453,324,0.46,319,0.441,375,0.497,385,0.502,244,0.375,213,0.376,281,0.399,483,0.497,460,0.462,458,0.5,401,0.467,357,0.427,333,0.405,311,0.416,301,0.355,178,0.329,133,0.336,111,0.378,85,0.341,104,0.414,126,0.348,165,0.369,194,0.367,215,0.333,310,0.418,400,0.5,357,0.428,380,0.447,419,0.491,375,0.429,379,0.416,424,0.439,491,0.492,479,0.51,389,0.432,358,0.396,376,0.436,365,0.458,334,0.41,232,0.403,172,0.4,108,0.336,114,0.439,107,0.488,139,0.495,174,0.493,189,0.423,255,0.451,323,0.47,365,0.472,381,0.461,373,0.437,404,0.465,378,0.433,427,0.475,432,0.463,416,0.44,404,0.471,343,0.419,347,0.451,272,0.417,213,0.425,199,0.449,65,0.29,47,0.336,65,0.535,83,0.457,141,0.443,199,0.405,335,0.519,397,0.537,359,0.494,378,0.543,314,0.461,365,0.513,384,0.539,365,0.513,363,0.487,362,0.472,383,0.458,445,0.522,386,0.515,363,0.527,370,0.541,290,0.542,207,0.502
Region 2,Region 0,273,0.425,112,0.336,63,0.286,70,0.418,106,0.52,186,0.593,286,0.603,355,0.575,320,0.445,321,0.44,241,0.342,204,0.282,163,0.216,207,0.27,163,0.251,197,0.348,226,0.321,279,0.287,303,0.305,282,0.308,255,0.297,273,0.326,278,0.338,336,0.45,289,0.341,137,0.253,84,0.212,84,0.286,104,0.417,116,0.461,215,0.593,305,0.682,380,0.719,363,0.562,372,0.501,312,0.39,213,0.255,225,0.264,312,0.366,280,0.32,314,0.345,238,0.246,314,0.315,270,0.287,287,0.319,320,0.354,303,0.352,306,0.384,270,0.331,150,0.261,105,0.244,127,0.395,130,0.5,107,0.488,133,0.473,159,0.45,228,0.511,287,0.508,343,0.499,347,0.449,325,0.393,293,0.343,336,0.387,327,0.375,319,0.355,244,0.261,292,0.309,279,0.325,243,0.297,253,0.329,274,0.42,254,0.506,180,0.407,72,0.321,50,0.357,53,0.436,86,0.473,166,0.522,281,0.571,355,0.55,327,0.443,288,0.397,264,0.379,247,0.362,208,0.293,220,0.309,222,0.312,209,0.28,211,0.275,210,0.251,214,0.251,216,0.288,240,0.349,236,0.345,172,0.321,145,0.352
Region 2,Region 1,166,0.258,65,0.195,25,0.114,19,0.114,47,0.231,109,0.347,177,0.373,206,0.334,201,0.28,172,0.236,183,0.26,113,0.156,214,0.284,202,0.263,171,0.263,172,0.304,202,0.287,302,0.311,311,0.313,230,0.251,146,0.17,161,0.192,153,0.186,155,0.207,155,0.183,81,0.15,57,0.144,35,0.119,41,0.164,53,0.211,88,0.243,96,0.215,117,0.221,150,0.232,179,0.241,167,0.209,167,0.2,199,0.234,164,0.192,169,0.193,215,0.236,208,0.215,177,0.177,165,0.176,147,0.163,163,0.18,130,0.151,147,0.184,176,0.216,80,0.139,43,0.1,41,0.128,45,0.173,52,0.237,74,0.263,105,0.297,108,0.242,114,0.202,160,0.233,181,0.234,221,0.267,223,0.261,223,0.257,246,0.282,250,0.278,242,0.259,243,0.257,241,0.281,270,0.33,291,0.378,261,0.4,191,0.381,169,0.382,64,0.286,25,0.178,24,0.198,58,0.319,151,0.474,194,0.394,213,0.33,209,0.283,177,0.244,246,0.353,224,0.329,215,0.302,182,0.256,210,0.295,238,0.319,238,0.31,249,0.298,277,0.325,208,0.277,206,0.299,202,0.295,146,0.273,234,0.567
Region 2,Region 2,2221,3.457,1073,3.214,632,2.872,590,3.525,1005,4.929,1786,5.694,2756,5.815,3304,5.356,3517,4.896,3455,4.739,3767,5.348,3854,5.324,3663,4.858,3716,4.845,3708,5.7,3632,6.413,4184,5.941,4939,5.078,4707,4.732,4081,4.452,3535,4.116,3253,3.888,3266,3.974,2640,3.532,2851,3.361,1617,2.988,1081,2.733,921,3.135,1058,4.241,1133,4.506,1622,4.477,2110,4.715,2526,4.777,3177,4.918,3611,4.865,3971,4.961,4170,4.994,4146,4.873,4142,4.859,4152,4.75,4487,4.93,4702,4.865,4595,4.606,3874,4.125,3666,4.07,3569,3.945,3392,3.937,2928,3.672,2936,3.603,1752,3.044,1317,3.062,1084,3.375,1057,4.066,961,4.385,1174,4.179,1422,4.026,1804,4.04,2466,4.364,3040,4.422,3780,4.889,4148,5.019,4020,4.711,3896,4.488,4071,4.669,4566,5.075,4410,4.724,4344,4.591,3892,4.533,3788,4.623,3465,4.504,2846,4.363,2233,4.452,2061,4.655,906,4.043,620,4.427,627,5.161,1090,5.998,1891,5.941,2798,5.69,3371,5.225,3465,4.689,3307,4.554,3493,5.014,3457,5.073,3398,4.78,3476,4.881,3466,4.867,3676,4.928,3669,4.784,3821,4.574,3591,4.209,3018,4.023,2803,4.07,2360,3.451,1985,3.709,1696,4.113
Region 2,Region 3,509,0.792,190,0.569,106,0.482,109,0.651,193,0.947,387,1.234,779,1.644,1071,1.736,915,1.274,896,1.229,823,1.168,666,0.92,503,0.667,604,0.788,540,0.83,474,0.837,483,0.686,587,0.604,616,0.619,635,0.693,688,0.801,682,0.815,571,0.695,603,0.807,637,0.751,351,0.649,226,0.571,200,0.681,243,0.974,322,1.281,634,1.75,953,2.13,1006,1.902,882,1.365,875,1.179,838,1.047,833,0.998,800,0.94,804,0.943,812,0.929,760,0.835,718,0.743,775,0.777,755,0.804,883,0.98,963,1.064,811,0.941,495,0.621,631,0.774,311,0.54,254,0.59,244,0.76,230,0.885,167,0.762,283,1.007,472,1.336,781,1.749,978,1.731,892,1.298,795,1.028,798,0.966,763,0.894,745,0.858,777,0.891,699,0.777,639,0.684,848,0.896,793,0.924,698,0.852,731,0.95,924,1.417,813,1.621,555,1.253,197,0.879,129,0.921,109,0.897,187,1.029,328,1.031,596,1.212,721,1.118,756,1.023,850,1.171,833,1.196,806,1.183,770,1.083,666,0.935,619,0.869,604,0.81,501,0.653,489,0.585,560,0.656,541,0.721,571,0.829,568,0.83,523,0.977,476,1.154
Region 2,Region 4,50,0.078,17,0.051,7,0.032,9,0.054,10,0.049,26,0.083,56,0.118,66,0.107,48,0.067,34,0.047,36,0.051,19,0.026,43,0.057,50,0.065,41,0.063,40,0.071,38,0.054,50,0.051,52,0.052,32,0.035,35,0.041,52,0.062,46,0.056,48,0.064,62,0.073,19,0.035,13,0.033,13,0.044,14,0.056,19,0.076,21,0.058,27,0.06,27,0.051,29,0.045,48,0.065,43,0.054,48,0.057,51,0.06,55,0.065,54,0.062,45,0.049,54,0.056,47,0.047,41,0.044,37,0.041,61,0.067,45,0.052,46,0.058,54,0.066,31,0.054,12,0.028,8,0.025,21,0.081,12,0.055,10,0.036,19,0.054,32,0.072,30,0.053,39,0.057,40,0.052,39,0.047,55,0.064,49,0.056,35,0.04,44,0.049,44,0.047,64,0.068,50,0.058,57,0.07,63,0.082,50,0.077,24,0.048,36,0.081,18,0.08,11,0.079,8,0.066,14,0.077,42,0.132,61,0.124,72,0.112,81,0.11,45,0.062,70,0.1,62,0.091,60,0.084,44,0.062,48,0.067,58,0.078,47,0.061,47,0.056,63,0.074,41,0.055,53,0.077,39,0.057,41,0.077,45,0.109
Region 2,Region 5,19,0.03,11,0.033,7,0.032,8,0.048,11,0.054,10,0.032,14,0.03,17,0.028,15,0.021,15,0.021,15,0.021,18,0.025,25,0.033,11,0.014,11,0.017,18,0.032,19,0.027,23,0.024,21,0.021,19,0.021,21,0.024,22,0.026,21,0.026,18,0.024,22,0.026,10,0.018,9,0.023,8,0.027,5,0.02,8,0.032,18,0.05,13,0.029,19,0.036,22,0.034,23,0.031,33,0.041,19,0.023,29,0.034,21,0.025,27,0.031,32,0.035,20,0.021,28,0.028,19,0.02,26,0.029,29,0.032,30,0.035,21,0.026,19,0.023,10,0.017,5,0.012,4,0.012,9,0.035,8,0.037,4,0.014,7,0.02,16,0.036,17,0.03,21,0.031,24,0.031,23,0.028,19,0.022,12,0.014,18,0.021,23,0.026,24,0.026,24,0.025,20,0.023,22,0.027,28,0.036,21,0.032,12,0.024,19,0.043,4,0.018,3,0.021,4,0.033,5,0.028,12,0.038,10,0.02,15,0.023,20,0.027,17,0.023,19,0.027,25,0.037,20,0.028,20,0.028,23,0.032,28,0.038,15,0.02,21,0.025,22,0.026,12,0.016,15,0.022,16,0.023,11,0.021,24,0.058
Region 2,Region 6,55,0.086,21,0.063,10,0.045,7,0.042,9,0.044,25,0.08,47,0.099,44,0.071,28,0.039,19,0.026,31,0.044,19,0.026,38,0.05,45,0.059,31,0.048,29,0.051,50,0.071,72,0.074,53,0.053,58,0.063,55,0.064,67,0.08,51,0.062,38,0.051,67,0.079,24,0.044,11,0.028,13,0.044,9,0.036,12,0.048,19,0.052,23,0.051,19,0.036,21,0.033,39,0.053,34,0.042,45,0.054,57,0.067,46,0.054,58,0.066,57,0.063,49,0.051,58,0.058,45,0.048,45,0.05,47,0.052,44,0.051,33,0.041,57,0.07,30,0.052,18,0.042,13,0.04,20,0.077,10,0.046,14,0.05,20,0.057,8,0.018,24,0.042,39,0.057,54,0.07,59,0.071,62,0.073,59,0.068,51,0.058,63,0.07,66,0.071,68,0.072,73,0.085,59,0.072,65,0.084,46,0.071,33,0.066,36,0.081,13,0.058,8,0.057,7,0.058,12,0.066,26,0.082,43,0.087,57,0.088,40,0.054,32,0.044,45,0.065,45,0.066,28,0.039,21,0.029,36,0.051,44,0.059,33,0.043,37,0.044,59,0.069,51,0.068,39,0.057,30,0.044,35,0.065,31,0.075
Region 2,Region 7,46,0.072,17,0.051,14,0.064,9,0.054,18,0.088,32,0.102,59,0.124,52,0.084,30,0.042,33,0.045,35,0.05,45,0.062,65,0.086,49,0.064,46,0.071,40,0.071,40,0.057,60,0.062,79,0.079,72,0.079,59,0.069,64,0.077,60,0.073,52,0.07,65,0.077,39,0.072,22,0.056,16,0.054,14,0.056,13,0.052,30,0.083,39,0.087,37,0.07,54,0.084,49,0.066,54,0.067,40,0.048,54,0.063,54,0.063,64,0.073,59,0.065,62,0.064,61,0.061,61,0.065,54,0.06,76,0.084,68,0.079,53,0.066,46,0.056,22,0.038,25,0.058,21,0.065,20,0.077,22,0.1,21,0.075,34,0.096,32,0.072,42,0.074,36,0.052,56,0.072,61,0.074,53,0.062,48,0.055,73,0.084,65,0.072,48,0.051,52,0.055,44,0.051,67,0.082,70,0.091,44,0.067,40,0.08,33,0.075,17,0.076,8,0.057,12,0.099,18,0.099,42,0.132,66,0.134,67,0.104,62,0.084,40,0.055,86,0.123,74,0.109,60,0.084,47,0.066,52,0.073,70,0.094,66,0.086,50,0.06,68,0.08,56,0.075,43,0.062,48,0.07,41,0.077,44,0.107
Region 2,Region 8,3,0.005,4,0.012,1,0.005,0,0,1,0.005,2,0.006,3,0.006,2,0.003,0,0,3,0.004,2,0.003,5,0.007,4,0.005,6,0.008,6,0.009,4,0.007,3,0.004,7,0.007,5,0.005,4,0.004,5,0.006,14,0.017,9,0.011,4,0.005,5,0.006,6,0.011,4,0.01,1,0.003,0,0,2,0.008,1,0.003,1,0.002,1,0.002,4,0.006,2,0.003,8,0.01,6,0.007,4,0.005,4,0.005,3,0.003,5,0.005,5,0.005,5,0.005,5,0.005,3,0.003,4,0.004,5,0.006,5,0.006,6,0.007,2,0.003,1,0.002,0,0,0,0,1,0.005,2,0.007,1,0.003,1,0.002,4,0.007,2,0.003,9,0.012,6,0.007,3,0.004,1,0.001,3,0.003,2,0.002,4,0.004,2,0.002,3,0.003,5,0.006,7,0.009,6,0.009,1,0.002,5,0.011,2,0.009,1,0.007,0,0,0,0,0,0,1,0.002,4,0.006,3,0.004,1,0.001,1,0.001,4,0.006,3,0.004,4,0.006,1,0.001,4,0.005,1,0.001,3,0.004,4,0.005,3,0.004,4,0.006,4,0.006,1,0.002,5,0.012
Region 2,Region 9,142,0.221,71,0.213,49,0.223,50,0.299,67,0.329,95,0.303,220,0.464,234,0.379,171,0.238,141,0.193,157,0.223,145,0.2,115,0.153,116,0.151,92,0.141,84,0.148,103,0.146,159,0.163,166,0.167,139,0.152,148,0.172,145,0.173,150,0.183,185,0.248,195,0.23,139,0.257,80,0.202,75,0.255,78,0.313,61,0.243,115,0.317,123,0.275,147,0.278,176,0.272,194,0.261,157,0.196,142,0.17,157,0.185,170,0.199,174,0.199,166,0.182,166,0.172,214,0.215,156,0.166,160,0.178,167,0.185,191,0.222,195,0.245,202,0.248,130,0.226,99,0.23,95,0.296,84,0.323,57,0.26,77,0.274,87,0.246,83,0.186,128,0.227,120,0.175,164,0.212,173,0.209,152,0.178,166,0.191,160,0.183,163,0.181,166,0.178,164,0.173,149,0.174,144,0.176,146,0.19,173,0.265,157,0.313,152,0.343,65,0.29,41,0.293,33,0.272,48,0.264,74,0.233,167,0.34,158,0.245,147,0.199,158,0.218,149,0.214,170,0.249,118,0.166,136,0.191,134,0.188,151,0.202,113,0.147,148,0.177,134,0.157,131,0.175,142,0.206,119,0.174,93,0.174,113,0.274
Region 2,Region 10,25,0.039,7,0.021,8,0.036,5,0.03,7,0.034,26,0.083,47,0.099,39,0.063,32,0.045,21,0.029,16,0.023,24,0.033,37,0.049,24,0.031,18,0.028,23,0.041,29,0.041,39,0.04,35,0.035,39,0.043,24,0.028,39,0.047,42,0.051,30,0.04,33,0.039,14,0.026,12,0.03,7,0.024,5,0.02,14,0.056,12,0.033,22,0.049,21,0.04,22,0.034,30,0.04,22,0.027,30,0.036,31,0.036,29,0.034,32,0.037,35,0.038,22,0.023,25,0.025,33,0.035,29,0.032,45,0.05,40,0.046,38,0.048,36,0.044,18,0.031,17,0.04,11,0.034,11,0.042,12,0.055,13,0.046,14,0.04,17,0.038,16,0.028,28,0.041,36,0.047,30,0.036,45,0.053,35,0.04,37,0.042,31,0.034,34,0.036,32,0.034,34,0.04,35,0.043,26,0.034,24,0.037,17,0.034,24,0.054,6,0.027,8,0.057,3,0.025,5,0.028,18,0.057,33,0.067,44,0.068,46,0.062,29,0.04,36,0.052,30,0.044,17,0.024,12,0.017,15,0.021,32,0.043,27,0.035,23,0.028,32,0.038,38,0.051,20,0.029,22,0.032,16,0.03,18,0.044
Region 2,Region 11,131,0.204,33,0.099,12,0.055,17,0.102,43,0.211,129,0.411,226,0.477,252,0.409,246,0.342,252,0.346,235,0.334,198,0.274,192,0.255,163,0.213,159,0.244,186,0.328,233,0.331,282,0.29,254,0.255,219,0.239,197,0.229,197,0.235,161,0.196,118,0.158,122,0.144,41,0.076,31,0.078,24,0.082,30,0.12,76,0.302,143,0.395,132,0.295,134,0.253,154,0.238,182,0.245,168,0.21,178,0.213,185,0.217,226,0.265,246,0.281,256,0.281,228,0.236,254,0.255,217,0.231,219,0.243,235,0.26,175,0.203,162,0.203,127,0.156,55,0.096,34,0.079,24,0.075,32,0.123,45,0.205,97,0.345,106,0.3,135,0.302,199,0.352,211,0.307,210,0.272,213,0.258,262,0.307,298,0.343,323,0.37,338,0.376,397,0.425,384,0.406,381,0.444,379,0.463,402,0.523,276,0.423,174,0.347,120,0.271,39,0.174,20,0.143,13,0.107,42,0.231,147,0.462,254,0.517,283,0.439,289,0.391,279,0.384,296,0.425,276,0.405,276,0.388,236,0.331,260,0.365,264,0.354,255,0.332,295,0.353,252,0.295,186,0.248,208,0.302,192,0.281,120,0.224,122,0.296
Region 2,Region 12,63,0.098,43,0.129,15,0.068,9,0.054,25,0.123,70,0.223,95,0.2,99,0.16,97,0.135,79,0.108,70,0.099,54,0.075,53,0.07,60,0.078,67,0.103,61,0.108,75,0.106,90,0.093,77,0.077,74,0.081,63,0.073,83,0.099,100,0.122,88,0.118,106,0.125,55,0.102,33,0.083,36,0.123,33,0.132,36,0.143,48,0.132,65,0.145,91,0.172,97,0.15,82,0.11,81,0.101,71,0.085,66,0.078,73,0.086,77,0.088,77,0.085,90,0.093,94,0.094,59,0.063,67,0.074,75,0.083,113,0.131,112,0.14,112,0.137,59,0.103,51,0.119,42,0.131,34,0.131,43,0.196,55,0.196,47,0.133,62,0.139,55,0.097,72,0.105,64,0.083,69,0.083,95,0.111,96,0.111,93,0.107,91,0.101,89,0.095,90,0.095,75,0.087,84,0.103,100,0.13,74,0.113,63,0.126,65,0.147,22,0.098,12,0.086,10,0.082,25,0.138,54,0.17,105,0.214,133,0.206,125,0.169,100,0.138,87,0.125,66,0.097,74,0.104,88,0.124,67,0.094,60,0.08,69,0.09,60,0.072,62,0.073,43,0.057,53,0.077,51,0.075,46,0.086,55,0.133
Region 2,Region 13,0,0,0,0,0,0,0,0,1,0.005,0,0,0,0,0,0,0,0,0,0,0,0,0,0,0,0,1,0.001,0,0,0,0,0,0,0,0,0,0,0,0,0,0,0,0,0,0,0,0,0,0,0,0,0,0,0,0,0,0,0,0,0,0,0,0,0,0,0,0,1,0.001,1,0.001,1,0.001,0,0,0,0,0,0,0,0,0,0,0,0,0,0,0,0,0,0,0,0,0,0,0,0,0,0,0,0,0,0,0,0,0,0,0,0,0,0,0,0,0,0,0,0,0,0,0,0,0,0,1,0.001,0,0,0,0,0,0,1,0.001,1,0.001,0,0,0,0,0,0,0,0,0,0,0,0,0,0,0,0,0,0,0,0,0,0,0,0,0,0,0,0,0,0,0,0,0,0,0,0,0,0,0,0,0,0,0,0,0,0,0,0,0,0,0,0,0,0,0,0
Region 2,Region 14,60,0.093,21,0.063,15,0.068,16,0.096,13,0.064,30,0.096,47,0.099,69,0.112,75,0.104,62,0.085,66,0.094,45,0.062,55,0.073,62,0.081,48,0.074,57,0.101,63,0.089,86,0.088,86,0.086,82,0.089,64,0.075,55,0.066,59,0.072,60,0.08,71,0.084,20,0.037,24,0.061,10,0.034,4,0.016,15,0.06,25,0.069,27,0.06,50,0.095,60,0.093,76,0.102,54,0.067,57,0.068,63,0.074,73,0.086,73,0.084,87,0.096,66,0.068,85,0.085,61,0.065,83,0.092,93,0.103,72,0.084,94,0.118,77,0.094,37,0.064,28,0.065,15,0.047,11,0.042,14,0.064,23,0.082,30,0.085,41,0.092,78,0.138,69,0.1,81,0.105,73,0.088,91,0.107,101,0.116,122,0.14,132,0.147,122,0.131,114,0.12,89,0.104,100,0.122,81,0.105,79,0.121,80,0.159,67,0.151,23,0.103,6,0.043,8,0.066,10,0.055,31,0.097,53,0.108,65,0.101,76,0.103,77,0.106,71,0.102,77,0.113,81,0.114,73,0.103,70,0.098,60,0.08,83,0.108,92,0.11,77,0.09,64,0.085,67,0.097,78,0.114,71,0.133,70,0.17
Region 2,Region 15,412,0.641,168,0.503,91,0.414,75,0.448,115,0.564,209,0.666,392,0.827,529,0.858,449,0.625,495,0.679,458,0.65,419,0.579,450,0.597,478,0.623,592,0.91,609,1.075,654,0.929,809,0.832,676,0.68,443,0.483,414,0.482,416,0.497,402,0.489,349,0.467,505,0.595,258,0.477,177,0.447,183,0.623,183,0.733,194,0.772,279,0.77,295,0.659,370,0.7,404,0.625,434,0.585,437,0.546,434,0.52,546,0.642,475,0.557,461,0.527,501,0.55,515,0.533,583,0.584,419,0.446,408,0.453,478,0.528,469,0.544,506,0.635,554,0.68,297,0.516,231,0.537,185,0.576,159,0.612,155,0.707,165,0.587,192,0.544,232,0.52,297,0.526,362,0.527,417,0.539,425,0.514,452,0.53,463,0.533,495,0.568,506,0.562,532,0.57,507,0.536,443,0.516,462,0.564,456,0.593,434,0.665,387,0.772,432,0.976,167,0.745,72,0.514,42,0.346,98,0.539,241,0.757,405,0.824,453,0.702,480,0.65,485,0.668,406,0.583,477,0.7,402,0.565,417,0.586,432,0.607,493,0.661,523,0.682,481,0.576,442,0.518,368,0.491,346,0.502,302,0.442,270,0.505,271,0.657
Region 2,Region 16,50,0.078,12,0.036,5,0.023,2,0.012,7,0.034,18,0.057,41,0.087,65,0.105,38,0.053,35,0.048,30,0.043,39,0.054,55,0.073,34,0.044,16,0.025,31,0.055,46,0.065,67,0.069,60,0.06,61,0.067,57,0.066,51,0.061,40,0.049,44,0.059,37,0.044,8,0.015,8,0.02,3,0.01,5,0.02,9,0.036,14,0.039,28,0.063,23,0.043,29,0.045,34,0.046,36,0.045,36,0.043,53,0.062,53,0.062,60,0.069,59,0.065,58,0.06,60,0.06,38,0.04,32,0.036,35,0.039,42,0.049,30,0.038,31,0.038,9,0.016,4,0.009,0,0,2,0.008,6,0.027,7,0.025,14,0.04,19,0.043,28,0.05,29,0.042,50,0.065,74,0.09,74,0.087,72,0.083,77,0.088,75,0.083,78,0.084,78,0.082,72,0.084,75,0.092,69,0.09,61,0.094,48,0.096,23,0.052,7,0.031,5,0.036,4,0.033,8,0.044,20,0.063,34,0.069,44,0.068,42,0.057,47,0.065,50,0.072,50,0.073,56,0.079,40,0.056,51,0.072,62,0.083,74,0.096,81,0.097,65,0.076,50,0.067,40,0.058,35,0.051,29,0.054,31,0.075
Region 3,Region 0,1085,1.689,548,1.642,373,1.695,325,1.942,442,2.168,566,1.804,664,1.401,963,1.561,1298,1.807,1376,1.887,1376,1.953,1282,1.771,1231,1.633,1251,1.631,1485,2.283,1428,2.521,1508,2.141,1604,1.649,1523,1.531,1609,1.755,1591,1.852,1593,1.904,1425,1.734,1186,1.587,1557,1.835,809,1.495,548,1.385,498,1.695,570,2.285,727,2.891,1078,2.975,1395,3.117,1743,3.296,1862,2.883,2110,2.843,1882,2.351,1797,2.152,1864,2.191,2027,2.378,2040,2.334,1965,2.159,2014,2.084,1978,1.983,1859,1.979,1778,1.974,1847,2.041,1712,1.987,1478,1.854,1549,1.901,852,1.48,603,1.402,478,1.488,539,2.073,582,2.656,809,2.88,1028,2.911,1285,2.878,1394,2.467,1693,2.463,1651,2.136,1719,2.08,1698,1.99,1893,2.181,1891,2.169,1981,2.202,2007,2.15,1814,1.917,1671,1.946,1633,1.993,1517,1.972,1322,2.027,1108,2.209,945,2.134,508,2.267,352,2.513,326,2.683,544,2.994,940,2.953,1240,2.522,1518,2.353,1558,2.108,1251,1.723,1086,1.559,989,1.451,911,1.281,1179,1.656,1408,1.977,1447,1.94,1604,2.091,1646,1.97,1593,1.867,1240,1.653,1100,1.597,1053,1.54,744,1.39,600,1.455
Region 3,Region 1,138,0.215,69,0.207,56,0.255,76,0.454,116,0.569,253,0.807,282,0.595,239,0.387,240,0.334,198,0.272,143,0.203,106,0.146,146,0.194,174,0.227,162,0.249,153,0.27,185,0.263,243,0.25,268,0.269,210,0.229,194,0.226,193,0.231,164,0.2,116,0.155,159,0.187,118,0.218,71,0.179,61,0.208,90,0.361,142,0.565,175,0.483,128,0.286,164,0.31,164,0.254,196,0.264,218,0.272,219,0.262,197,0.232,206,0.242,209,0.239,247,0.271,251,0.26,245,0.246,200,0.213,215,0.239,243,0.269,227,0.263,180,0.226,201,0.247,112,0.195,82,0.191,68,0.212,94,0.362,133,0.607,166,0.591,152,0.43,158,0.354,183,0.324,213,0.31,216,0.279,214,0.259,230,0.27,191,0.22,213,0.244,205,0.228,225,0.241,266,0.281,251,0.292,218,0.266,226,0.294,187,0.287,92,0.183,131,0.296,90,0.402,66,0.471,55,0.453,123,0.677,279,0.877,358,0.728,310,0.481,282,0.382,210,0.289,174,0.25,149,0.219,135,0.19,142,0.199,164,0.23,141,0.189,185,0.241,223,0.267,218,0.256,206,0.275,182,0.264,197,0.288,122,0.228,90,0.218
Region 3,Region 2,395,0.615,187,0.56,141,0.641,186,1.111,296,1.452,491,1.565,470,0.992,456,0.739,542,0.754,595,0.816,599,0.85,567,0.783,556,0.737,628,0.819,635,0.976,764,1.349,811,1.151,949,0.976,895,0.9,830,0.905,813,0.947,749,0.895,490,0.596,434,0.581,604,0.712,234,0.432,154,0.389,153,0.521,217,0.87,246,0.978,304,0.839,399,0.892,517,0.978,723,1.119,791,1.066,921,1.151,925,1.108,869,1.021,922,1.082,1032,1.181,1016,1.116,959,0.992,1072,1.075,1085,1.155,1014,1.126,1023,1.131,878,1.019,818,1.026,684,0.839,349,0.606,226,0.525,194,0.604,245,0.942,240,1.095,287,1.022,323,0.914,416,0.932,601,1.064,835,1.215,892,1.154,974,1.179,995,1.166,1047,1.206,1071,1.228,1059,1.177,1124,1.204,1054,1.114,1024,1.193,956,1.167,1014,1.318,925,1.418,711,1.418,414,0.935,188,0.839,139,0.992,198,1.63,363,1.998,583,1.832,673,1.369,749,1.161,852,1.153,836,1.151,725,1.041,747,1.096,780,1.097,760,1.067,668,0.938,806,1.08,778,1.014,842,1.008,733,0.859,654,0.872,574,0.834,498,0.728,322,0.602,208,0.504
Region 3,Region 3,4129,6.427,2244,6.723,1724,7.836,1656,9.894,2217,10.873,3184,10.15,3425,7.227,3822,6.196,4643,6.463,4731,6.489,4463,6.336,4635,6.403,4906,6.507,5152,6.718,4814,7.4,5048,8.914,5617,7.975,6197,6.372,6173,6.205,5979,6.522,6060,7.055,5867,7.013,5128,6.239,3586,4.798,5131,6.048,3056,5.647,2031,5.134,1889,6.431,2444,9.796,3094,12.305,4331,11.953,4791,10.706,5042,9.535,5519,8.544,6606,8.901,6782,8.473,7043,8.434,7159,8.415,7111,8.341,7324,8.379,7586,8.335,7704,7.972,7522,7.54,6972,7.424,6553,7.276,6460,7.14,6053,7.026,4904,6.15,5180,6.357,3498,6.078,2453,5.702,1977,6.156,2165,8.328,2318,10.578,3290,11.712,4416,12.503,5612,12.569,5936,10.505,6906,10.046,6912,8.941,6755,8.174,6695,7.846,6846,7.886,6729,7.717,7014,7.795,7068,7.571,6876,7.267,6508,7.581,6508,7.943,6472,8.413,5409,8.293,3741,7.459,3704,8.366,2250,10.041,1659,11.845,1670,13.746,2410,13.262,3314,10.413,3760,7.646,3853,5.972,3607,4.881,3451,4.753,3302,4.74,2892,4.244,3290,4.628,3726,5.232,4140,5.814,4589,6.152,4989,6.505,5192,6.215,5332,6.25,5122,6.828,4533,6.582,3829,5.598,2739,5.118,2198,5.33
Region 3,Region 4,137,0.213,80,0.24,63,0.286,47,0.281,64,0.314,143,0.456,150,0.317,120,0.195,105,0.146,101,0.139,82,0.116,62,0.086,94,0.125,106,0.138,115,0.177,127,0.224,181,0.257,217,0.223,193,0.194,161,0.176,94,0.109,98,0.117,94,0.114,70,0.094,128,0.151,67,0.124,47,0.119,34,0.116,38,0.152,59,0.235,96,0.265,101,0.226,90,0.17,115,0.178,143,0.193,164,0.205,157,0.188,133,0.156,153,0.179,189,0.216,212,0.233,197,0.204,187,0.187,167,0.178,169,0.188,152,0.168,138,0.16,166,0.208,158,0.194,100,0.174,57,0.133,38,0.118,42,0.162,71,0.324,103,0.367,96,0.272,127,0.284,140,0.248,198,0.288,214,0.277,224,0.271,184,0.216,158,0.182,151,0.173,140,0.156,164,0.176,200,0.211,233,0.271,248,0.303,261,0.339,203,0.311,103,0.205,92,0.208,76,0.339,48,0.343,41,0.337,88,0.484,202,0.635,198,0.403,179,0.277,116,0.157,97,0.134,80,0.115,85,0.125,91,0.128,118,0.166,119,0.167,136,0.182,170,0.222,194,0.232,251,0.294,190,0.253,166,0.241,139,0.203,122,0.228,94,0.228
Region 3,Region 5,78,0.121,43,0.129,27,0.123,33,0.197,62,0.304,79,0.252,140,0.295,148,0.24,121,0.168,135,0.185,103,0.146,115,0.159,109,0.145,110,0.143,78,0.12,91,0.161,90,0.128,147,0.151,170,0.171,125,0.136,123,0.143,116,0.139,118,0.144,88,0.118,119,0.14,57,0.105,63,0.159,44,0.15,48,0.192,71,0.282,104,0.287,111,0.248,86,0.163,89,0.138,151,0.203,147,0.184,125,0.15,89,0.105,104,0.122,141,0.161,154,0.169,176,0.182,174,0.174,149,0.159,126,0.14,167,0.185,128,0.149,85,0.107,102,0.125,73,0.127,58,0.135,47,0.146,47,0.181,58,0.265,96,0.342,112,0.317,128,0.287,165,0.292,160,0.233,143,0.185,125,0.151,108,0.127,102,0.118,90,0.103,93,0.103,89,0.095,104,0.11,102,0.119,108,0.132,112,0.146,120,0.184,47,0.094,67,0.151,41,0.183,26,0.186,27,0.222,45,0.248,115,0.361,148,0.301,130,0.202,102,0.138,94,0.129,67,0.096,54,0.079,57,0.08,66,0.093,76,0.107,87,0.117,103,0.134,115,0.138,130,0.152,94,0.125,90,0.131,95,0.139,74,0.138,62,0.15
Region 3,Region 6,63,0.098,34,0.102,26,0.118,27,0.161,41,0.201,64,0.204,67,0.141,43,0.07,38,0.053,24,0.033,30,0.043,19,0.026,37,0.049,39,0.051,42,0.065,55,0.097,69,0.098,75,0.077,75,0.075,66,0.072,63,0.073,40,0.048,52,0.063,47,0.063,102,0.12,43,0.079,27,0.068,17,0.058,25,0.1,36,0.143,44,0.121,40,0.089,49,0.093,56,0.087,48,0.065,68,0.085,63,0.075,59,0.069,61,0.072,78,0.089,80,0.088,61,0.063,53,0.053,50,0.053,71,0.079,75,0.083,86,0.1,82,0.103,107,0.131,57,0.099,33,0.077,26,0.081,27,0.104,31,0.141,35,0.125,29,0.082,47,0.105,62,0.11,71,0.103,71,0.092,69,0.083,80,0.094,78,0.09,89,0.102,65,0.072,66,0.071,80,0.085,104,0.121,104,0.127,109,0.142,79,0.121,46,0.092,51,0.115,44,0.196,22,0.157,20,0.165,38,0.209,98,0.308,81,0.165,55,0.085,47,0.064,41,0.056,27,0.039,34,0.05,30,0.042,29,0.041,30,0.042,56,0.075,41,0.053,40,0.048,66,0.077,73,0.097,59,0.086,67,0.098,52,0.097,46,0.112
Region 3,Region 7,52,0.081,30,0.09,22,0.1,18,0.108,34,0.167,104,0.332,107,0.226,115,0.186,119,0.166,96,0.132,94,0.133,69,0.095,82,0.109,67,0.087,51,0.078,70,0.124,80,0.114,123,0.126,149,0.15,97,0.106,79,0.092,88,0.105,82,0.1,64,0.086,96,0.113,62,0.115,21,0.053,33,0.112,30,0.12,63,0.251,102,0.282,76,0.17,64,0.121,76,0.118,112,0.151,101,0.126,99,0.119,87,0.102,77,0.09,104,0.119,94,0.103,92,0.095,81,0.081,96,0.102,100,0.111,99,0.109,114,0.132,76,0.095,105,0.129,73,0.127,45,0.105,28,0.087,29,0.112,41,0.187,76,0.271,83,0.235,77,0.172,90,0.159,106,0.154,108,0.14,107,0.129,100,0.117,81,0.093,91,0.104,67,0.074,83,0.089,74,0.078,81,0.094,81,0.099,74,0.096,66,0.101,44,0.088,49,0.111,33,0.147,19,0.136,16,0.132,55,0.303,100,0.314,125,0.254,142,0.22,104,0.141,72,0.099,68,0.098,65,0.095,58,0.082,75,0.105,79,0.111,67,0.09,71,0.093,105,0.126,102,0.12,57,0.076,55,0.08,87,0.127,84,0.157,42,0.102
Region 3,Region 8,16,0.025,9,0.027,3,0.014,4,0.024,10,0.049,22,0.07,26,0.055,24,0.039,28,0.039,26,0.036,19,0.027,13,0.018,15,0.02,17,0.022,17,0.026,21,0.037,32,0.045,43,0.044,49,0.049,25,0.027,37,0.043,31,0.037,33,0.04,20,0.027,32,0.038,16,0.03,10,0.025,11,0.037,6,0.024,10,0.04,27,0.075,24,0.054,21,0.04,23,0.036,15,0.02,25,0.031,35,0.042,28,0.033,30,0.035,53,0.061,58,0.064,59,0.061,41,0.041,33,0.035,36,0.04,35,0.039,29,0.034,16,0.02,11,0.013,8,0.014,8,0.019,3,0.009,1,0.004,8,0.037,15,0.053,21,0.059,16,0.036,18,0.032,26,0.038,24,0.031,33,0.04,36,0.042,30,0.035,33,0.038,43,0.048,38,0.041,31,0.033,29,0.034,32,0.039,35,0.045,21,0.032,7,0.014,10,0.023,2,0.009,0,0,9,0.074,8,0.044,21,0.066,45,0.092,38,0.059,26,0.035,20,0.028,12,0.017,11,0.016,15,0.021,16,0.022,24,0.034,33,0.044,40,0.052,34,0.041,35,0.041,32,0.043,20,0.029,13,0.019,14,0.026,7,0.017
Region 3,Region 9,632,0.984,324,0.971,223,1.014,184,1.099,270,1.324,447,1.425,649,1.369,890,1.443,1041,1.449,817,1.121,678,0.963,713,0.985,721,0.956,802,1.046,832,1.279,964,1.702,1202,1.707,1367,1.406,1237,1.243,999,1.09,957,1.114,851,1.017,726,0.883,716,0.958,888,1.047,438,0.809,311,0.786,242,0.824,291,1.166,335,1.332,490,1.352,551,1.231,721,1.363,1004,1.554,1257,1.694,1361,1.7,1394,1.669,1316,1.547,1032,1.211,1001,1.145,945,1.038,1029,1.065,1129,1.132,1121,1.194,1067,1.185,1007,1.113,914,1.061,811,1.017,948,1.163,610,1.06,493,1.146,306,0.953,365,1.404,288,1.314,378,1.346,482,1.365,516,1.156,743,1.315,1146,1.667,1387,1.794,1260,1.525,1066,1.249,961,1.107,974,1.117,897,0.997,981,1.051,994,1.051,902,1.051,879,1.073,847,1.101,794,1.217,564,1.124,556,1.256,311,1.388,207,1.478,194,1.597,287,1.579,573,1.8,919,1.869,1161,1.8,1189,1.609,960,1.322,805,1.156,771,1.131,824,1.159,739,1.038,744,1.045,715,0.958,740,0.965,801,0.959,826,0.968,708,0.944,668,0.97,614,0.898,545,1.018,403,0.977
Region 3,Region 10,41,0.064,22,0.066,11,0.05,15,0.09,30,0.147,69,0.22,107,0.226,83,0.135,79,0.11,74,0.101,57,0.081,39,0.054,33,0.044,42,0.055,35,0.054,51,0.09,63,0.089,93,0.096,92,0.092,84,0.092,90,0.105,71,0.085,58,0.071,45,0.06,63,0.074,24,0.044,15,0.038,14,0.048,22,0.088,26,0.103,51,0.141,37,0.083,49,0.093,73,0.113,79,0.106,84,0.105,85,0.102,62,0.073,70,0.082,88,0.101,86,0.094,89,0.092,80,0.08,61,0.065,64,0.071,67,0.074,60,0.07,66,0.083,59,0.072,36,0.063,23,0.053,23,0.072,19,0.073,38,0.173,46,0.164,57,0.161,66,0.148,75,0.133,96,0.14,67,0.087,90,0.109,72,0.084,82,0.094,79,0.091,68,0.076,58,0.062,53,0.056,61,0.071,52,0.063,53,0.069,49,0.075,35,0.07,34,0.077,15,0.067,9,0.064,15,0.123,29,0.16,75,0.236,126,0.256,141,0.219,85,0.115,55,0.076,58,0.083,45,0.066,40,0.056,47,0.066,63,0.088,62,0.083,78,0.102,88,0.105,91,0.107,65,0.087,57,0.083,47,0.069,34,0.064,20,0.048
Region 3,Region 11,20,0.031,17,0.051,9,0.041,8,0.048,20,0.098,77,0.245,117,0.247,122,0.198,145,0.202,140,0.192,111,0.158,90,0.124,89,0.118,94,0.123,93,0.143,101,0.178,115,0.163,129,0.133,125,0.126,83,0.091,67,0.078,65,0.078,61,0.074,41,0.055,47,0.055,24,0.044,18,0.046,15,0.051,20,0.08,56,0.223,86,0.237,78,0.174,86,0.163,98,0.152,112,0.151,137,0.171,134,0.16,121,0.142,130,0.152,156,0.178,125,0.137,124,0.128,115,0.115,103,0.11,95,0.105,87,0.096,77,0.089,57,0.071,58,0.071,34,0.059,15,0.035,19,0.059,17,0.065,50,0.228,77,0.274,63,0.178,86,0.193,102,0.181,127,0.185,138,0.178,155,0.188,151,0.177,145,0.167,141,0.162,137,0.152,158,0.169,128,0.135,108,0.126,103,0.126,93,0.121,74,0.113,30,0.06,37,0.084,9,0.04,8,0.057,10,0.082,37,0.204,115,0.361,182,0.37,161,0.25,138,0.187,137,0.189,109,0.156,75,0.11,81,0.114,89,0.125,98,0.138,123,0.165,123,0.16,118,0.141,119,0.139,78,0.104,73,0.106,52,0.076,40,0.075,18,0.044
Region 3,Region 12,91,0.142,65,0.195,55,0.25,36,0.215,59,0.289,100,0.319,143,0.302,189,0.306,186,0.259,151,0.207,107,0.152,88,0.122,97,0.129,97,0.126,124,0.191,131,0.231,143,0.203,163,0.168,171,0.172,143,0.156,145,0.169,170,0.203,136,0.165,118,0.158,136,0.16,87,0.161,62,0.157,49,0.167,50,0.2,78,0.31,83,0.229,116,0.259,136,0.257,134,0.207,132,0.178,135,0.169,150,0.18,151,0.177,179,0.21,196,0.224,177,0.194,204,0.211,210,0.211,203,0.216,166,0.184,170,0.188,134,0.156,116,0.145,104,0.128,101,0.175,62,0.144,50,0.156,50,0.192,88,0.402,108,0.384,132,0.374,140,0.314,143,0.253,115,0.167,124,0.16,158,0.191,204,0.239,206,0.237,207,0.237,214,0.238,183,0.196,188,0.199,147,0.171,145,0.177,144,0.187,132,0.202,82,0.163,86,0.194,43,0.192,25,0.178,33,0.272,61,0.336,132,0.415,224,0.455,233,0.361,208,0.281,144,0.198,121,0.174,101,0.148,126,0.177,114,0.16,114,0.16,129,0.173,129,0.168,143,0.171,147,0.172,125,0.167,112,0.163,114,0.167,83,0.155,48,0.116
Region 3,Region 13,1,0.002,0,0,0,0,0,0,0,0,0,0,1,0.002,0,0,0,0,0,0,0,0,0,0,0,0,0,0,0,0,0,0,0,0,0,0,0,0,0,0,0,0,0,0,0,0,0,0,0,0,0,0,0,0,0,0,0,0,0,0,0,0,0,0,0,0,0,0,0,0,0,0,0,0,0,0,0,0,0,0,0,0,0,0,0,0,0,0,0,0,0,0,0,0,0,0,0,0,0,0,0,0,0,0,0,0,0,0,0,0,1,0.003,1,0.002,1,0.002,2,0.003,1,0.001,0,0,0,0,0,0,0,0,0,0,0,0,0,0,0,0,0,0,0,0,0,0,0,0,0,0,0,0,0,0,0,0,0,0,0,0,0,0,0,0,0,0,0,0,0,0,0,0,0,0,0,0,0,0,0,0,0,0,0,0,0,0,0,0,0,0,0,0,0,0,0,0
Region 3,Region 14,61,0.095,32,0.096,23,0.105,13,0.078,25,0.123,55,0.175,95,0.2,108,0.175,134,0.187,109,0.15,87,0.124,79,0.109,87,0.115,93,0.121,101,0.155,94,0.166,112,0.159,143,0.147,147,0.148,134,0.146,106,0.123,100,0.12,85,0.103,50,0.067,65,0.077,33,0.061,30,0.076,23,0.078,32,0.128,47,0.187,67,0.185,80,0.179,78,0.148,81,0.125,100,0.135,131,0.164,106,0.127,97,0.114,159,0.187,194,0.222,173,0.19,182,0.188,142,0.142,143,0.152,125,0.139,132,0.146,102,0.118,68,0.085,66,0.081,56,0.097,35,0.081,27,0.084,28,0.108,38,0.173,60,0.214,77,0.218,96,0.215,118,0.209,129,0.188,131,0.169,149,0.18,157,0.184,182,0.21,206,0.236,200,0.222,213,0.228,206,0.218,172,0.2,154,0.188,157,0.204,118,0.181,63,0.126,34,0.077,20,0.089,17,0.121,12,0.099,20,0.11,59,0.185,117,0.238,110,0.171,122,0.165,93,0.128,102,0.146,87,0.128,92,0.129,117,0.164,118,0.166,116,0.156,119,0.155,136,0.163,139,0.163,114,0.152,113,0.164,80,0.117,64,0.12,42,0.102
Region 3,Region 15,114,0.177,57,0.171,45,0.205,38,0.227,73,0.358,155,0.494,223,0.471,250,0.405,247,0.344,205,0.281,179,0.254,172,0.238,172,0.228,183,0.239,215,0.331,204,0.36,216,0.307,232,0.239,268,0.269,249,0.272,225,0.262,187,0.224,172,0.209,127,0.17,178,0.21,95,0.176,69,0.174,68,0.231,74,0.297,102,0.406,145,0.4,129,0.288,144,0.272,176,0.272,199,0.268,237,0.296,256,0.307,263,0.309,272,0.319,246,0.281,270,0.297,238,0.246,272,0.273,267,0.284,233,0.259,205,0.227,206,0.239,190,0.238,195,0.239,108,0.188,80,0.186,77,0.24,72,0.277,84,0.383,91,0.324,105,0.297,122,0.273,176,0.311,193,0.281,191,0.247,194,0.235,213,0.25,238,0.274,257,0.295,249,0.277,264,0.283,295,0.312,278,0.324,257,0.314,217,0.282,204,0.313,150,0.299,107,0.242,66,0.295,54,0.386,43,0.354,95,0.523,192,0.603,263,0.535,290,0.45,228,0.309,202,0.278,182,0.261,156,0.229,151,0.212,164,0.23,185,0.26,183,0.245,178,0.232,197,0.236,165,0.193,147,0.196,137,0.199,130,0.19,109,0.204,78,0.189
Region 3,Region 16,92,0.143,51,0.153,34,0.155,31,0.185,59,0.289,113,0.36,185,0.39,190,0.308,196,0.273,167,0.229,124,0.176,113,0.156,104,0.138,120,0.156,124,0.191,127,0.224,162,0.23,185,0.19,229,0.23,175,0.191,152,0.177,127,0.152,113,0.137,90,0.12,123,0.145,69,0.127,36,0.091,38,0.129,49,0.196,80,0.318,109,0.301,120,0.268,125,0.236,122,0.189,140,0.189,169,0.211,152,0.182,143,0.168,229,0.269,272,0.311,230,0.253,236,0.244,271,0.272,261,0.278,217,0.241,209,0.231,155,0.18,101,0.127,113,0.139,83,0.144,66,0.153,43,0.134,46,0.177,76,0.347,109,0.388,118,0.334,168,0.376,152,0.269,155,0.225,173,0.224,201,0.243,240,0.281,258,0.297,233,0.267,247,0.275,234,0.251,237,0.25,221,0.257,231,0.282,202,0.263,151,0.232,71,0.142,53,0.12,32,0.143,17,0.121,28,0.23,61,0.336,159,0.5,253,0.514,211,0.327,186,0.252,132,0.182,117,0.168,104,0.153,117,0.165,128,0.18,123,0.173,149,0.2,155,0.202,182,0.218,168,0.197,161,0.215,142,0.206,119,0.174,92,0.172,48,0.116
Region 4,Region 0,71,0.111,33,0.099,17,0.077,18,0.108,52,0.255,104,0.332,190,0.401,152,0.246,128,0.178,115,0.158,99,0.141,79,0.109,66,0.088,87,0.113,70,0.108,38,0.067,51,0.072,60,0.062,76,0.076,77,0.084,85,0.099,81,0.097,83,0.101,58,0.078,99,0.117,41,0.076,24,0.061,27,0.092,27,0.108,52,0.207,71,0.196,118,0.264,191,0.361,203,0.314,199,0.268,174,0.217,94,0.113,128,0.15,118,0.138,112,0.128,110,0.121,88,0.091,106,0.106,106,0.113,122,0.135,139,0.154,111,0.129,82,0.103,87,0.107,56,0.097,53,0.123,31,0.097,39,0.15,43,0.196,86,0.306,102,0.289,102,0.228,132,0.234,140,0.204,129,0.167,130,0.157,143,0.168,122,0.141,105,0.12,79,0.088,105,0.112,148,0.156,125,0.146,123,0.15,115,0.149,108,0.166,75,0.15,68,0.154,35,0.156,21,0.15,14,0.115,43,0.237,88,0.276,147,0.299,119,0.184,103,0.139,89,0.123,91,0.131,69,0.101,67,0.094,63,0.088,65,0.091,80,0.107,71,0.093,70,0.084,68,0.08,73,0.097,92,0.134,75,0.11,62,0.116,60,0.145
Region 4,Region 1,133,0.207,76,0.228,49,0.223,42,0.251,77,0.378,206,0.657,371,0.783,368,0.597,292,0.406,291,0.399,283,0.402,272,0.376,266,0.353,227,0.296,171,0.263,149,0.263,223,0.317,300,0.308,297,0.299,296,0.323,296,0.345,299,0.357,273,0.332,193,0.258,208,0.245,123,0.227,61,0.154,47,0.16,51,0.204,121,0.481,178,0.491,213,0.476,229,0.433,253,0.392,264,0.356,261,0.326,250,0.299,299,0.351,328,0.385,314,0.359,315,0.346,390,0.404,382,0.383,305,0.325,328,0.364,313,0.346,285,0.331,225,0.282,192,0.236,123,0.214,98,0.228,58,0.181,76,0.292,95,0.434,129,0.459,133,0.377,145,0.325,202,0.357,199,0.289,203,0.263,249,0.301,294,0.345,316,0.364,294,0.337,265,0.295,277,0.297,290,0.306,227,0.264,256,0.312,228,0.296,214,0.328,139,0.277,85,0.192,46,0.205,27,0.193,31,0.255,81,0.446,185,0.581,355,0.722,386,0.598,351,0.475,304,0.419,253,0.363,262,0.384,284,0.399,251,0.352,248,0.348,255,0.342,227,0.296,225,0.269,236,0.277,222,0.296,194,0.282,250,0.366,206,0.385,135,0.327
Region 4,Region 2,25,0.039,12,0.036,10,0.045,9,0.054,11,0.054,23,0.073,33,0.07,30,0.049,19,0.026,36,0.049,36,0.051,38,0.052,35,0.046,39,0.051,28,0.043,25,0.044,27,0.038,28,0.029,29,0.029,28,0.031,31,0.036,23,0.027,21,0.026,29,0.039,38,0.045,17,0.031,16,0.04,13,0.044,13,0.052,16,0.064,22,0.061,18,0.04,19,0.036,46,0.071,26,0.035,36,0.045,23,0.028,27,0.032,18,0.021,28,0.032,28,0.031,40,0.041,30,0.03,36,0.038,35,0.039,29,0.032,39,0.045,29,0.036,33,0.04,26,0.045,14,0.033,12,0.037,10,0.038,11,0.05,17,0.061,16,0.045,27,0.06,29,0.051,30,0.044,33,0.043,27,0.033,31,0.036,38,0.044,39,0.045,34,0.038,36,0.039,20,0.021,30,0.035,29,0.035,29,0.038,27,0.041,20,0.04,18,0.041,6,0.027,9,0.064,9,0.074,9,0.05,39,0.123,46,0.094,38,0.059,34,0.046,26,0.036,37,0.053,37,0.054,39,0.055,31,0.044,39,0.055,35,0.047,30,0.039,48,0.057,30,0.035,12,0.016,16,0.023,29,0.042,17,0.032,17,0.041
Region 4,Region 3,105,0.163,52,0.156,31,0.141,24,0.143,25,0.123,61,0.194,127,0.268,143,0.232,138,0.192,146,0.2,129,0.183,115,0.159,88,0.117,125,0.163,91,0.14,46,0.081,47,0.067,58,0.06,78,0.078,98,0.107,116,0.135,96,0.115,96,0.117,78,0.104,94,0.111,52,0.096,48,0.121,35,0.119,22,0.088,52,0.207,75,0.207,123,0.275,113,0.214,166,0.257,184,0.248,192,0.24,114,0.137,132,0.155,126,0.148,102,0.117,76,0.083,85,0.088,124,0.124,138,0.147,125,0.139,154,0.17,109,0.127,89,0.112,113,0.139,83,0.144,51,0.119,37,0.115,33,0.127,44,0.201,89,0.317,127,0.36,156,0.349,196,0.347,177,0.257,164,0.212,144,0.174,165,0.193,137,0.158,118,0.135,93,0.103,102,0.109,150,0.159,155,0.181,148,0.181,119,0.155,116,0.178,82,0.163,77,0.174,35,0.156,23,0.164,25,0.206,29,0.16,65,0.204,112,0.228,100,0.155,96,0.13,115,0.158,88,0.126,87,0.128,81,0.114,99,0.139,81,0.114,67,0.09,64,0.083,88,0.105,90,0.105,134,0.179,131,0.19,92,0.135,92,0.172,104,0.252
Region 4,Region 4,1253,1.95,600,1.797,372,1.691,258,1.541,320,1.569,570,1.817,835,1.762,1119,1.814,1456,2.027,1457,1.998,1381,1.961,1392,1.923,1425,1.89,1503,1.96,1178,1.811,744,1.314,991,1.407,1615,1.661,1726,1.735,1584,1.728,1401,1.631,1396,1.669,1389,1.69,1208,1.616,1393,1.642,822,1.519,623,1.575,471,1.603,384,1.539,424,1.686,574,1.584,636,1.421,803,1.519,994,1.539,1208,1.628,1370,1.711,1413,1.692,1599,1.879,1544,1.811,1467,1.678,1579,1.735,1761,1.822,1914,1.919,1629,1.735,1410,1.566,1423,1.573,1501,1.742,1365,1.712,1272,1.561,924,1.606,623,1.448,489,1.523,366,1.408,320,1.46,428,1.524,549,1.554,724,1.622,826,1.462,1079,1.57,1228,1.588,1441,1.744,1551,1.818,1559,1.796,1461,1.675,1515,1.684,1523,1.631,1611,1.703,1468,1.71,1352,1.65,1269,1.65,968,1.484,762,1.519,817,1.845,326,1.455,196,1.399,163,1.342,261,1.436,517,1.624,928,1.887,1155,1.79,1501,2.031,1590,2.19,1347,1.934,1392,2.043,1594,2.242,1385,1.945,1472,2.067,1337,1.792,1291,1.683,1383,1.656,1477,1.731,1402,1.869,1262,1.833,1359,1.987,1018,1.902,805,1.952
Region 4,Region 5,98,0.153,73,0.219,43,0.195,40,0.239,50,0.245,82,0.261,154,0.325,115,0.186,140,0.195,174,0.239,164,0.233,117,0.162,143,0.19,142,0.185,74,0.114,76,0.134,129,0.183,155,0.159,155,0.156,197,0.215,158,0.184,159,0.19,154,0.187,117,0.157,125,0.147,84,0.155,61,0.154,53,0.18,66,0.265,82,0.326,134,0.37,166,0.371,173,0.327,241,0.373,242,0.326,204,0.255,133,0.159,150,0.176,180,0.211,169,0.193,175,0.192,181,0.187,168,0.168,170,0.181,172,0.191,231,0.255,180,0.209,170,0.213,142,0.174,70,0.122,55,0.128,32,0.1,29,0.112,39,0.178,75,0.267,81,0.229,136,0.305,215,0.38,179,0.26,151,0.195,163,0.197,204,0.239,139,0.16,119,0.136,134,0.149,146,0.156,154,0.163,124,0.144,184,0.225,144,0.187,137,0.21,122,0.243,105,0.237,44,0.196,24,0.171,32,0.263,46,0.253,68,0.214,88,0.179,142,0.22,148,0.2,162,0.223,130,0.187,113,0.166,122,0.172,123,0.173,157,0.22,180,0.241,130,0.17,137,0.164,139,0.163,126,0.168,113,0.164,100,0.146,98,0.183,106,0.257
Region 4,Region 6,170,0.265,93,0.279,53,0.241,26,0.155,56,0.275,73,0.233,113,0.238,132,0.214,153,0.213,118,0.162,97,0.138,109,0.151,131,0.174,104,0.136,90,0.138,94,0.166,128,0.182,193,0.198,237,0.238,237,0.259,295,0.343,230,0.275,217,0.264,231,0.309,228,0.269,108,0.2,88,0.222,55,0.187,36,0.144,38,0.151,58,0.16,79,0.177,85,0.161,119,0.184,114,0.154,151,0.189,147,0.176,169,0.199,188,0.221,211,0.241,212,0.233,280,0.29,249,0.25,246,0.262,228,0.253,218,0.241,248,0.288,221,0.277,211,0.259,123,0.214,89,0.207,59,0.184,43,0.165,38,0.173,33,0.117,50,0.142,75,0.168,97,0.172,115,0.167,129,0.167,159,0.192,179,0.21,188,0.217,220,0.252,200,0.222,202,0.216,255,0.27,192,0.224,169,0.206,154,0.2,146,0.224,101,0.201,85,0.192,42,0.187,19,0.136,28,0.23,45,0.248,73,0.229,119,0.242,141,0.219,147,0.199,131,0.18,134,0.192,111,0.163,127,0.179,88,0.124,96,0.135,142,0.19,140,0.183,159,0.19,155,0.182,154,0.205,127,0.184,127,0.186,104,0.194,84,0.204
Region 4,Region 7,178,0.277,83,0.249,49,0.223,53,0.317,93,0.456,194,0.618,339,0.715,344,0.558,367,0.511,353,0.484,283,0.402,298,0.412,287,0.381,263,0.343,180,0.277,164,0.29,242,0.344,324,0.333,334,0.336,348,0.38,381,0.444,334,0.399,333,0.405,236,0.316,256,0.302,122,0.225,100,0.253,65,0.221,60,0.24,113,0.449,180,0.497,201,0.449,247,0.467,296,0.458,293,0.395,292,0.365,247,0.296,323,0.38,328,0.385,340,0.389,400,0.439,400,0.414,419,0.42,413,0.44,419,0.465,406,0.449,372,0.432,329,0.413,277,0.34,185,0.321,114,0.265,94,0.293,64,0.246,91,0.415,149,0.53,152,0.43,214,0.479,223,0.395,253,0.368,249,0.322,263,0.318,272,0.319,303,0.349,332,0.381,406,0.451,345,0.37,354,0.374,288,0.335,287,0.35,204,0.265,204,0.313,128,0.255,101,0.228,50,0.223,37,0.264,39,0.321,72,0.396,163,0.512,306,0.622,377,0.584,405,0.548,377,0.519,300,0.431,281,0.412,278,0.391,274,0.385,270,0.379,282,0.378,271,0.353,254,0.304,280,0.328,239,0.319,230,0.334,255,0.373,202,0.377,130,0.315
Region 4,Region 8,57,0.089,31,0.093,11,0.05,6,0.036,13,0.064,34,0.108,49,0.103,73,0.118,91,0.127,95,0.13,82,0.116,73,0.101,67,0.089,95,0.124,70,0.108,28,0.049,71,0.101,122,0.125,114,0.115,121,0.132,120,0.14,99,0.118,118,0.144,110,0.147,71,0.084,34,0.063,21,0.053,10,0.034,11,0.044,13,0.052,26,0.072,34,0.076,62,0.117,71,0.11,115,0.155,100,0.125,95,0.114,112,0.132,113,0.133,103,0.118,105,0.115,149,0.154,148,0.148,150,0.16,126,0.14,131,0.145,136,0.158,97,0.122,76,0.093,40,0.07,23,0.053,14,0.044,2,0.008,10,0.046,17,0.061,25,0.071,41,0.092,65,0.115,74,0.108,89,0.115,100,0.121,123,0.144,126,0.145,110,0.126,126,0.14,116,0.124,114,0.12,83,0.097,70,0.085,66,0.086,53,0.081,28,0.056,19,0.043,13,0.058,7,0.05,6,0.049,9,0.05,30,0.094,55,0.112,63,0.098,79,0.107,76,0.105,64,0.092,76,0.112,70,0.098,69,0.097,67,0.094,79,0.106,74,0.096,99,0.119,82,0.096,82,0.109,71,0.103,83,0.121,53,0.099,34,0.082
Region 4,Region 9,47,0.073,23,0.069,16,0.073,4,0.024,14,0.069,19,0.061,49,0.103,40,0.065,30,0.042,30,0.041,21,0.03,22,0.03,21,0.028,11,0.014,7,0.011,10,0.018,18,0.026,24,0.025,19,0.019,33,0.036,32,0.037,36,0.043,46,0.056,43,0.058,50,0.059,28,0.052,18,0.046,14,0.048,12,0.048,27,0.107,36,0.099,27,0.06,19,0.036,22,0.034,25,0.034,32,0.04,22,0.026,35,0.041,35,0.041,34,0.039,39,0.043,45,0.047,44,0.044,45,0.048,32,0.036,39,0.043,39,0.045,32,0.04,60,0.074,37,0.064,22,0.051,22,0.069,16,0.062,21,0.096,29,0.103,28,0.079,22,0.049,29,0.051,41,0.06,47,0.061,31,0.038,31,0.036,25,0.029,30,0.034,30,0.033,32,0.034,30,0.032,37,0.043,46,0.056,44,0.057,45,0.069,30,0.06,26,0.059,16,0.071,16,0.114,8,0.066,14,0.077,33,0.104,54,0.11,36,0.056,23,0.031,28,0.039,18,0.026,13,0.019,25,0.035,23,0.032,15,0.021,23,0.031,23,0.03,29,0.035,23,0.027,31,0.041,44,0.064,31,0.045,28,0.052,24,0.058
Region 4,Region 10,446,0.694,253,0.758,140,0.636,83,0.496,121,0.593,317,1.011,486,1.026,658,1.067,782,1.089,788,1.081,622,0.883,581,0.803,553,0.733,640,0.834,428,0.658,313,0.553,441,0.626,693,0.713,797,0.801,848,0.925,919,1.07,850,1.016,763,0.928,619,0.828,536,0.632,480,0.887,319,0.806,175,0.596,134,0.537,150,0.597,256,0.707,361,0.807,461,0.872,588,0.91,601,0.81,605,0.756,564,0.675,682,0.802,704,0.826,727,0.832,741,0.814,830,0.859,920,0.922,798,0.85,691,0.767,791,0.874,696,0.808,654,0.82,658,0.808,536,0.931,351,0.816,240,0.747,195,0.75,163,0.744,240,0.854,313,0.886,450,1.008,562,0.995,547,0.796,536,0.693,612,0.741,700,0.82,718,0.827,701,0.804,681,0.757,688,0.737,750,0.793,621,0.723,573,0.699,549,0.714,482,0.739,285,0.568,237,0.535,114,0.509,74,0.528,59,0.486,125,0.688,275,0.864,496,1.009,674,1.045,840,1.137,833,1.147,729,1.047,704,1.033,684,0.962,646,0.907,585,0.821,518,0.694,479,0.625,570,0.682,708,0.83,696,0.928,651,0.945,635,0.928,455,0.85,273,0.662
Region 4,Region 11,32,0.05,12,0.036,11,0.05,6,0.036,16,0.078,44,0.14,81,0.171,73,0.118,62,0.086,80,0.11,72,0.102,60,0.083,47,0.062,60,0.078,39,0.06,34,0.06,35,0.05,56,0.058,66,0.066,57,0.062,49,0.057,76,0.091,85,0.103,65,0.087,50,0.059,17,0.031,10,0.025,6,0.02,16,0.064,42,0.167,68,0.188,43,0.096,57,0.108,67,0.104,81,0.109,75,0.094,66,0.079,92,0.108,87,0.102,82,0.094,69,0.076,63,0.065,81,0.081,75,0.08,64,0.071,54,0.06,64,0.074,59,0.074,62,0.076,36,0.063,29,0.067,12,0.037,11,0.042,23,0.105,61,0.217,31,0.088,53,0.119,76,0.134,58,0.084,54,0.07,74,0.09,97,0.114,98,0.113,75,0.086,79,0.088,83,0.089,81,0.086,48,0.056,55,0.067,56,0.073,50,0.077,27,0.054,16,0.036,14,0.062,6,0.043,6,0.049,23,0.127,69,0.217,107,0.218,105,0.163,97,0.131,84,0.116,66,0.095,51,0.075,59,0.083,66,0.093,56,0.079,54,0.072,54,0.07,57,0.068,56,0.066,40,0.053,41,0.06,52,0.076,42,0.078,34,0.082
Region 4,Region 12,12,0.019,10,0.03,7,0.032,3,0.018,10,0.049,17,0.054,24,0.051,22,0.036,9,0.013,5,0.007,9,0.013,15,0.021,9,0.012,11,0.014,14,0.022,12,0.021,7,0.01,10,0.01,17,0.017,10,0.011,19,0.022,24,0.029,23,0.028,23,0.031,24,0.028,12,0.022,8,0.02,6,0.02,4,0.016,5,0.02,17,0.047,25,0.056,23,0.043,15,0.023,16,0.022,23,0.029,20,0.024,22,0.026,17,0.02,21,0.024,21,0.023,19,0.02,20,0.02,17,0.018,15,0.017,16,0.018,22,0.026,31,0.039,30,0.037,21,0.036,11,0.026,4,0.012,8,0.031,7,0.032,9,0.032,16,0.045,12,0.027,14,0.025,19,0.028,20,0.026,16,0.019,19,0.022,21,0.024,15,0.017,15,0.017,16,0.017,20,0.021,15,0.017,19,0.023,12,0.016,21,0.032,8,0.016,10,0.023,6,0.027,1,0.007,1,0.008,8,0.044,17,0.053,26,0.053,19,0.029,15,0.02,22,0.03,12,0.017,10,0.015,6,0.008,13,0.018,13,0.018,15,0.02,11,0.014,14,0.017,12,0.014,9,0.012,12,0.017,12,0.018,12,0.022,13,0.032
Region 4,Region 13,0,0,0,0,0,0,0,0,0,0,0,0,0,0,0,0,0,0,0,0,1,0.001,5,0.007,5,0.007,0,0,1,0.002,0,0,0,0,0,0,0,0,0,0,0,0,0,0,0,0,1,0.001,0,0,0,0,0,0,0,0,0,0,1,0.004,0,0,0,0,0,0,1,0.002,0,0,2,0.002,1,0.001,0,0,0,0,1,0.001,2,0.002,0,0,0,0,0,0,0,0,0,0,0,0,0,0,0,0,0,0,0,0,0,0,0,0,0,0,0,0,0,0,0,0,0,0,0,0,0,0,0,0,0,0,1,0.001,0,0,0,0,1,0.001,0,0,0,0,0,0,0,0,0,0,0,0,0,0,0,0,0,0,0,0,0,0,0,0,0,0,0,0,0,0,0,0,0,0,0,0,0,0,1,0.001,1,0.001,0,0,0,0,0,0,0,0,0,0,0,0,0,0,0,0,0,0
Region 4,Region 14,10,0.016,6,0.018,2,0.009,3,0.018,5,0.025,18,0.057,24,0.051,26,0.042,29,0.04,37,0.051,25,0.035,19,0.026,13,0.017,16,0.021,9,0.014,10,0.018,12,0.017,18,0.019,20,0.02,16,0.017,18,0.021,19,0.023,25,0.03,19,0.025,16,0.019,16,0.03,5,0.013,5,0.017,8,0.032,6,0.024,18,0.05,19,0.042,23,0.043,21,0.033,30,0.04,23,0.029,14,0.017,29,0.034,24,0.028,32,0.037,21,0.023,18,0.019,26,0.026,28,0.03,30,0.033,33,0.036,31,0.036,34,0.043,34,0.042,10,0.017,3,0.007,4,0.012,12,0.046,13,0.059,12,0.043,15,0.042,13,0.029,26,0.046,28,0.041,35,0.045,28,0.034,24,0.028,27,0.031,23,0.026,20,0.022,32,0.034,24,0.025,18,0.021,23,0.028,26,0.034,21,0.032,14,0.028,9,0.02,7,0.031,2,0.014,2,0.016,5,0.028,17,0.053,34,0.069,26,0.04,32,0.043,31,0.043,26,0.037,14,0.021,23,0.032,16,0.022,29,0.041,17,0.023,13,0.017,11,0.013,14,0.016,29,0.039,24,0.035,29,0.042,30,0.056,10,0.024
Region 4,Region 15,164,0.255,91,0.273,66,0.3,63,0.376,93,0.456,200,0.638,294,0.62,250,0.405,210,0.292,241,0.331,215,0.305,199,0.275,218,0.289,219,0.286,196,0.301,156,0.275,176,0.25,206,0.212,221,0.222,247,0.269,206,0.24,202,0.241,206,0.251,213,0.285,214,0.252,133,0.246,77,0.195,64,0.218,75,0.301,85,0.338,153,0.422,170,0.38,175,0.331,268,0.415,265,0.357,292,0.365,207,0.248,265,0.311,277,0.325,249,0.285,258,0.283,219,0.227,253,0.254,269,0.286,262,0.291,251,0.277,233,0.27,230,0.288,239,0.293,141,0.245,102,0.237,92,0.286,90,0.346,75,0.342,107,0.381,114,0.323,141,0.316,190,0.336,226,0.329,209,0.27,215,0.26,249,0.292,244,0.281,234,0.268,255,0.283,294,0.315,274,0.29,269,0.313,245,0.299,227,0.295,211,0.323,174,0.347,150,0.339,74,0.33,37,0.264,42,0.346,87,0.479,187,0.588,304,0.618,235,0.364,169,0.229,188,0.259,175,0.251,150,0.22,143,0.201,163,0.229,217,0.305,247,0.331,226,0.295,184,0.22,174,0.204,178,0.237,181,0.263,156,0.228,148,0.277,145,0.352
Region 4,Region 16,16,0.025,10,0.03,7,0.032,5,0.03,7,0.034,23,0.073,40,0.084,47,0.076,45,0.063,36,0.049,39,0.055,30,0.041,31,0.041,27,0.035,18,0.028,14,0.025,20,0.028,32,0.033,46,0.046,56,0.061,57,0.066,27,0.032,34,0.041,23,0.031,24,0.028,23,0.042,11,0.028,10,0.034,11,0.044,17,0.068,25,0.069,31,0.069,36,0.068,36,0.056,37,0.05,32,0.04,25,0.03,42,0.049,42,0.049,50,0.057,36,0.04,37,0.038,49,0.049,53,0.056,51,0.057,41,0.045,44,0.051,32,0.04,15,0.018,15,0.026,16,0.037,8,0.025,9,0.035,17,0.078,30,0.107,31,0.088,35,0.078,50,0.088,54,0.079,42,0.054,32,0.039,34,0.04,30,0.035,28,0.032,28,0.031,33,0.035,37,0.039,41,0.048,38,0.046,44,0.057,39,0.06,26,0.052,12,0.027,3,0.013,8,0.057,9,0.074,10,0.055,25,0.079,46,0.094,57,0.088,41,0.055,38,0.052,33,0.047,37,0.054,24,0.034,32,0.045,36,0.051,43,0.058,35,0.046,30,0.036,37,0.043,30,0.04,24,0.035,32,0.047,31,0.058,17,0.041
Region 5,Region 0,116,0.181,51,0.153,36,0.164,30,0.179,32,0.157,36,0.115,50,0.106,77,0.125,111,0.155,143,0.196,141,0.2,180,0.249,111,0.147,154,0.201,98,0.151,86,0.152,48,0.068,89,0.092,81,0.081,102,0.111,97,0.113,114,0.136,166,0.202,161,0.215,156,0.184,81,0.15,42,0.106,14,0.048,24,0.096,15,0.06,19,0.052,17,0.038,15,0.028,20,0.031,52,0.07,119,0.149,114,0.137,133,0.156,137,0.161,134,0.153,146,0.16,185,0.191,128,0.128,142,0.151,134,0.149,143,0.158,192,0.223,156,0.196,149,0.183,67,0.116,63,0.146,43,0.134,31,0.119,15,0.068,17,0.061,49,0.139,60,0.134,56,0.099,88,0.128,100,0.129,143,0.173,114,0.134,143,0.165,137,0.157,187,0.208,206,0.221,165,0.174,131,0.153,132,0.161,130,0.169,133,0.204,78,0.156,59,0.133,20,0.089,13,0.093,16,0.132,18,0.099,17,0.053,39,0.079,76,0.118,83,0.112,118,0.163,131,0.188,168,0.247,177,0.249,188,0.264,86,0.121,78,0.105,97,0.126,105,0.126,92,0.108,70,0.093,77,0.112,84,0.123,114,0.213,85,0.206
Region 5,Region 1,557,0.867,335,1.004,225,1.023,223,1.332,299,1.466,335,1.068,299,0.631,342,0.554,482,0.671,645,0.885,647,0.918,616,0.851,516,0.684,481,0.627,324,0.498,229,0.404,403,0.572,647,0.665,661,0.664,646,0.705,614,0.715,639,0.764,656,0.798,594,0.795,731,0.862,440,0.813,270,0.683,243,0.827,264,1.058,261,1.038,288,0.795,312,0.697,301,0.569,446,0.69,496,0.668,549,0.686,531,0.636,572,0.672,574,0.673,601,0.688,646,0.71,708,0.733,753,0.755,826,0.88,674,0.748,708,0.783,720,0.836,669,0.839,699,0.858,467,0.811,341,0.793,276,0.859,262,1.008,209,0.954,255,0.908,282,0.798,308,0.69,315,0.557,356,0.518,502,0.649,527,0.638,545,0.639,561,0.646,530,0.608,581,0.646,674,0.722,674,0.712,663,0.772,585,0.714,609,0.792,595,0.912,453,0.903,423,0.955,243,1.084,138,0.985,144,1.185,250,1.376,412,1.294,452,0.919,623,0.966,775,1.049,715,0.985,632,0.907,646,0.948,590,0.83,573,0.805,423,0.594,457,0.613,481,0.627,554,0.663,606,0.71,557,0.742,567,0.823,661,0.966,539,1.007,434,1.052
Region 5,Region 2,24,0.037,12,0.036,7,0.032,5,0.03,9,0.044,11,0.035,18,0.038,15,0.024,20,0.028,31,0.043,39,0.055,17,0.023,18,0.024,14,0.018,9,0.014,7,0.012,8,0.011,14,0.014,8,0.008,6,0.007,12,0.014,16,0.019,15,0.018,18,0.024,34,0.04,18,0.033,9,0.023,9,0.031,12,0.048,12,0.048,11,0.03,7,0.016,4,0.008,7,0.011,11,0.015,16,0.02,16,0.019,15,0.018,20,0.023,9,0.01,17,0.019,15,0.016,8,0.008,11,0.012,14,0.016,23,0.025,30,0.035,43,0.054,42,0.052,19,0.033,14,0.033,12,0.037,11,0.042,10,0.046,9,0.032,5,0.014,8,0.018,13,0.023,26,0.038,27,0.035,20,0.024,22,0.026,17,0.02,18,0.021,22,0.024,16,0.017,17,0.018,12,0.014,15,0.018,19,0.025,24,0.037,24,0.048,8,0.018,6,0.027,4,0.029,10,0.082,17,0.094,11,0.035,19,0.039,18,0.028,26,0.035,36,0.05,40,0.057,45,0.066,59,0.083,22,0.031,14,0.02,10,0.013,8,0.01,12,0.014,11,0.013,9,0.012,15,0.022,14,0.02,12,0.022,7,0.017
Region 5,Region 3,254,0.395,86,0.258,56,0.255,29,0.173,39,0.191,35,0.112,40,0.084,51,0.083,91,0.127,102,0.14,120,0.17,138,0.191,139,0.184,142,0.185,120,0.184,91,0.161,49,0.07,87,0.089,121,0.122,131,0.143,116,0.135,165,0.197,191,0.232,216,0.289,263,0.31,158,0.292,73,0.185,44,0.15,32,0.128,28,0.111,13,0.036,19,0.042,9,0.017,14,0.022,74,0.1,162,0.202,130,0.156,123,0.145,145,0.17,151,0.173,140,0.154,218,0.226,150,0.15,178,0.19,130,0.144,151,0.167,203,0.236,199,0.25,200,0.245,144,0.25,94,0.219,94,0.293,89,0.342,27,0.123,46,0.164,71,0.201,97,0.217,97,0.172,107,0.156,84,0.109,118,0.143,142,0.166,160,0.184,151,0.173,159,0.177,191,0.205,173,0.183,150,0.175,156,0.19,173,0.225,128,0.196,112,0.223,113,0.255,61,0.272,40,0.286,25,0.206,33,0.182,26,0.082,35,0.071,66,0.102,55,0.074,73,0.101,73,0.105,79,0.116,80,0.113,84,0.118,91,0.128,77,0.103,81,0.106,89,0.107,122,0.143,104,0.139,103,0.15,117,0.171,120,0.224,132,0.32
Region 5,Region 4,139,0.216,78,0.234,63,0.286,33,0.197,44,0.216,69,0.22,83,0.175,64,0.104,117,0.163,155,0.213,151,0.214,142,0.196,162,0.215,141,0.184,103,0.158,107,0.189,98,0.139,171,0.176,209,0.21,161,0.176,122,0.142,168,0.201,187,0.228,152,0.203,173,0.204,114,0.211,67,0.169,63,0.214,33,0.132,33,0.131,41,0.113,53,0.118,80,0.151,113,0.175,142,0.191,151,0.189,141,0.169,149,0.175,175,0.205,176,0.201,255,0.28,225,0.233,192,0.192,191,0.203,183,0.203,233,0.258,258,0.299,216,0.271,174,0.214,108,0.188,79,0.184,68,0.212,48,0.185,18,0.082,29,0.103,41,0.116,64,0.143,92,0.163,97,0.141,118,0.153,127,0.154,165,0.193,152,0.175,184,0.211,205,0.228,195,0.209,150,0.159,142,0.165,157,0.192,176,0.229,161,0.247,105,0.209,105,0.237,66,0.295,30,0.214,23,0.189,29,0.16,63,0.198,91,0.185,140,0.217,156,0.211,194,0.267,177,0.254,142,0.208,125,0.176,151,0.212,157,0.22,136,0.182,123,0.16,121,0.145,181,0.212,123,0.164,132,0.192,145,0.212,132,0.247,113,0.274
Region 5,Region 5,1218,1.896,611,1.83,480,2.182,346,2.067,451,2.212,681,2.171,567,1.196,627,1.016,1175,1.636,1548,2.123,1464,2.078,1561,2.156,1386,1.838,1249,1.629,1416,2.177,827,1.46,1130,1.604,1705,1.753,1888,1.898,1737,1.895,1480,1.723,1683,2.012,1728,2.102,1508,2.018,1634,1.926,803,1.484,729,1.843,532,1.811,469,1.88,436,1.734,555,1.532,646,1.444,781,1.477,1113,1.723,1279,1.723,1447,1.808,1476,1.768,1428,1.678,1246,1.462,1295,1.481,1442,1.584,1539,1.592,1530,1.534,1683,1.792,1448,1.608,1611,1.781,1586,1.841,1541,1.933,1572,1.929,1049,1.823,808,1.878,604,1.881,462,1.777,369,1.684,375,1.335,548,1.552,778,1.743,875,1.548,1187,1.727,1214,1.57,1461,1.768,1489,1.745,1412,1.627,1203,1.38,1272,1.414,1538,1.647,1517,1.603,1386,1.614,1175,1.434,1329,1.728,1225,1.878,952,1.898,879,1.985,464,2.071,279,1.992,250,2.058,384,2.113,742,2.331,944,1.92,1319,2.045,1789,2.421,1595,2.197,1415,2.031,1281,1.88,1317,1.853,1428,2.005,1158,1.626,1275,1.709,1218,1.588,1545,1.85,1613,1.891,1463,1.95,1339,1.944,1368,2,990,1.85,815,1.976
Region 5,Region 6,82,0.128,52,0.156,27,0.123,14,0.084,21,0.103,44,0.14,34,0.072,20,0.032,36,0.05,23,0.032,31,0.044,36,0.05,33,0.044,25,0.033,10,0.015,17,0.03,14,0.02,48,0.049,67,0.067,71,0.077,62,0.072,72,0.086,79,0.096,84,0.112,107,0.126,72,0.133,48,0.121,42,0.143,24,0.096,28,0.111,30,0.083,18,0.04,26,0.049,31,0.048,38,0.051,61,0.076,40,0.048,51,0.06,44,0.052,53,0.061,58,0.064,74,0.077,55,0.055,63,0.067,57,0.063,62,0.069,78,0.091,78,0.098,101,0.124,66,0.115,54,0.126,42,0.131,31,0.119,26,0.119,11,0.039,17,0.048,27,0.06,19,0.034,33,0.048,34,0.044,26,0.031,43,0.05,45,0.052,32,0.037,65,0.072,59,0.063,64,0.068,54,0.063,37,0.045,58,0.075,60,0.092,56,0.112,61,0.138,26,0.116,31,0.221,19,0.156,28,0.154,55,0.173,40,0.081,31,0.048,34,0.046,43,0.059,30,0.043,35,0.051,21,0.03,22,0.031,19,0.027,21,0.028,35,0.046,29,0.035,38,0.045,48,0.064,56,0.081,57,0.083,58,0.108,60,0.145
Region 5,Region 7,661,1.029,345,1.034,239,1.086,206,1.231,259,1.27,366,1.167,318,0.671,348,0.564,527,0.734,663,0.909,670,0.951,713,0.985,586,0.777,561,0.731,432,0.664,256,0.452,415,0.589,735,0.756,866,0.871,812,0.886,816,0.95,804,0.961,881,1.072,904,1.209,939,1.107,604,1.116,370,0.935,287,0.977,244,0.978,280,1.114,355,0.98,417,0.932,423,0.8,668,1.034,734,0.989,676,0.845,734,0.879,684,0.804,671,0.787,729,0.834,782,0.859,901,0.932,901,0.903,968,1.031,913,1.014,1051,1.162,982,1.14,866,1.086,834,1.023,592,1.029,415,0.965,309,0.962,264,1.016,204,0.931,227,0.808,317,0.898,455,1.019,466,0.825,570,0.829,699,0.904,683,0.826,686,0.804,729,0.84,731,0.838,791,0.879,811,0.869,880,0.93,707,0.824,672,0.82,748,0.972,702,1.076,605,1.206,416,0.94,225,1.004,148,1.057,160,1.317,258,1.42,389,1.222,471,0.958,536,0.831,815,1.103,805,1.109,792,1.137,697,1.023,595,0.837,601,0.844,514,0.722,466,0.625,480,0.626,645,0.772,677,0.794,688,0.917,682,0.99,690,1.009,530,0.99,420,1.018
Region 5,Region 8,137,0.213,60,0.18,41,0.186,36,0.215,25,0.123,25,0.08,50,0.106,62,0.101,90,0.125,120,0.165,126,0.179,119,0.164,153,0.203,115,0.15,109,0.168,77,0.136,91,0.129,201,0.207,214,0.215,207,0.226,181,0.211,166,0.198,168,0.204,158,0.211,179,0.211,104,0.192,75,0.19,75,0.255,41,0.164,24,0.095,40,0.11,55,0.123,57,0.108,92,0.142,119,0.16,162,0.202,168,0.201,155,0.182,163,0.191,176,0.201,150,0.165,225,0.233,218,0.219,221,0.235,180,0.2,205,0.227,203,0.236,187,0.235,173,0.212,119,0.207,70,0.163,61,0.19,30,0.115,20,0.091,22,0.078,36,0.102,55,0.123,75,0.133,126,0.183,154,0.199,158,0.191,155,0.182,176,0.203,163,0.187,168,0.187,167,0.179,200,0.211,147,0.171,142,0.173,143,0.186,86,0.132,86,0.171,65,0.147,26,0.116,21,0.15,14,0.115,23,0.127,31,0.097,43,0.087,81,0.126,116,0.157,148,0.204,145,0.208,133,0.195,103,0.145,99,0.139,103,0.145,107,0.143,110,0.143,143,0.171,202,0.237,156,0.208,139,0.202,140,0.205,106,0.198,84,0.204
Region 5,Region 9,81,0.126,29,0.087,26,0.118,7,0.042,16,0.078,8,0.026,24,0.051,32,0.052,47,0.065,35,0.048,28,0.04,32,0.044,30,0.04,31,0.04,33,0.051,16,0.028,18,0.026,25,0.026,50,0.05,51,0.056,45,0.052,44,0.053,80,0.097,66,0.088,79,0.093,46,0.085,65,0.164,24,0.082,35,0.14,15,0.06,16,0.044,20,0.045,3,0.006,13,0.02,22,0.03,35,0.044,46,0.055,56,0.066,43,0.05,43,0.049,41,0.045,60,0.062,35,0.035,51,0.054,68,0.075,51,0.056,49,0.057,73,0.092,70,0.086,43,0.075,28,0.065,21,0.065,26,0.1,9,0.041,18,0.064,10,0.028,9,0.02,27,0.048,27,0.039,47,0.061,52,0.063,31,0.036,41,0.047,36,0.041,34,0.038,38,0.041,38,0.04,48,0.056,46,0.056,43,0.056,49,0.075,59,0.118,51,0.115,22,0.098,10,0.071,10,0.082,8,0.044,8,0.025,17,0.035,25,0.039,27,0.037,47,0.065,43,0.062,59,0.087,37,0.052,53,0.074,26,0.037,15,0.02,29,0.038,18,0.022,34,0.04,29,0.039,22,0.032,34,0.05,39,0.073,45,0.109
Region 5,Region 10,247,0.384,123,0.368,83,0.377,41,0.245,66,0.324,88,0.281,103,0.217,142,0.23,195,0.271,213,0.292,205,0.291,216,0.298,196,0.26,187,0.244,101,0.155,106,0.187,147,0.209,216,0.222,304,0.306,299,0.326,286,0.333,240,0.287,277,0.337,281,0.376,339,0.4,197,0.364,119,0.301,98,0.334,57,0.228,52,0.207,88,0.243,107,0.239,106,0.2,170,0.263,177,0.238,214,0.267,203,0.243,213,0.25,239,0.28,273,0.312,221,0.243,272,0.281,284,0.285,269,0.286,243,0.27,256,0.283,256,0.297,343,0.43,338,0.415,184,0.32,143,0.332,116,0.361,101,0.389,55,0.251,50,0.178,78,0.221,109,0.244,147,0.26,175,0.255,213,0.276,214,0.259,245,0.287,243,0.28,260,0.298,236,0.262,319,0.342,283,0.299,199,0.232,207,0.253,200,0.26,212,0.325,177,0.353,138,0.312,61,0.272,42,0.3,32,0.263,57,0.314,103,0.324,119,0.242,189,0.293,249,0.337,230,0.317,208,0.299,210,0.308,164,0.231,163,0.229,156,0.219,166,0.223,169,0.22,224,0.268,236,0.277,187,0.249,176,0.256,169,0.247,187,0.349,131,0.318
Region 5,Region 11,44,0.068,24,0.072,23,0.105,9,0.054,21,0.103,40,0.128,38,0.08,41,0.066,75,0.104,96,0.132,69,0.098,83,0.115,68,0.09,46,0.06,29,0.045,34,0.06,39,0.055,61,0.063,61,0.061,57,0.062,39,0.045,42,0.05,49,0.06,67,0.09,71,0.084,40,0.074,30,0.076,12,0.041,17,0.068,41,0.163,60,0.166,46,0.103,33,0.062,70,0.108,86,0.116,58,0.072,55,0.066,64,0.075,63,0.074,67,0.077,74,0.081,63,0.065,82,0.082,74,0.079,60,0.067,73,0.081,77,0.089,74,0.093,65,0.08,37,0.064,38,0.088,18,0.056,16,0.062,15,0.068,35,0.125,35,0.099,42,0.094,55,0.097,57,0.083,72,0.093,72,0.087,83,0.097,77,0.089,63,0.072,84,0.093,84,0.09,100,0.106,69,0.08,61,0.074,68,0.088,75,0.115,43,0.086,39,0.088,11,0.049,10,0.071,10,0.082,23,0.127,48,0.151,64,0.13,63,0.098,79,0.107,120,0.165,100,0.144,100,0.147,71,0.1,58,0.081,45,0.063,44,0.059,41,0.053,44,0.053,51,0.06,47,0.063,52,0.076,50,0.073,49,0.092,34,0.082
Region 5,Region 12,59,0.092,25,0.075,18,0.082,8,0.048,10,0.049,19,0.061,22,0.046,36,0.058,60,0.084,38,0.052,31,0.044,27,0.037,33,0.044,40,0.052,34,0.052,22,0.039,35,0.05,35,0.036,42,0.042,39,0.043,36,0.042,40,0.048,44,0.054,61,0.082,77,0.091,32,0.059,33,0.083,32,0.109,16,0.064,14,0.056,18,0.05,29,0.065,44,0.083,52,0.081,30,0.04,33,0.041,26,0.031,45,0.053,44,0.052,46,0.053,39,0.043,45,0.047,39,0.039,59,0.063,47,0.052,73,0.081,60,0.07,96,0.12,67,0.082,33,0.057,52,0.121,28,0.087,19,0.073,21,0.096,23,0.082,21,0.059,34,0.076,41,0.073,17,0.025,27,0.035,27,0.033,42,0.049,45,0.052,39,0.045,33,0.037,57,0.061,44,0.047,49,0.057,43,0.052,48,0.062,45,0.069,47,0.094,46,0.104,23,0.103,19,0.136,14,0.115,9,0.05,14,0.044,24,0.049,43,0.067,57,0.077,50,0.069,62,0.089,38,0.056,33,0.046,41,0.058,33,0.046,19,0.025,27,0.035,38,0.045,26,0.03,29,0.039,40,0.058,51,0.075,44,0.082,34,0.082
Region 5,Region 13,0,0,0,0,0,0,0,0,0,0,0,0,1,0.002,1,0.002,0,0,1,0.001,0,0,0,0,1,0.001,0,0,1,0.002,0,0,0,0,0,0,0,0,0,0,0,0,0,0,0,0,0,0,0,0,0,0,0,0,0,0,0,0,0,0,0,0,0,0,0,0,0,0,0,0,2,0.002,0,0,0,0,0,0,0,0,1,0.001,1,0.001,0,0,0,0,0,0,0,0,0,0,0,0,0,0,0,0,0,0,0,0,0,0,0,0,0,0,0,0,0,0,1,0.002,0,0,0,0,0,0,0,0,0,0,1,0.001,0,0,0,0,0,0,0,0,0,0,0,0,0,0,0,0,0,0,0,0,0,0,0,0,0,0,0,0,0,0,0,0,0,0,0,0,0,0,0,0,0,0,0,0,0,0,0,0,0,0,0,0,0,0,0,0,0,0,0,0,0,0,0,0
Region 5,Region 14,84,0.131,33,0.099,13,0.059,16,0.096,14,0.069,16,0.051,22,0.046,29,0.047,51,0.071,73,0.1,62,0.088,80,0.111,61,0.081,70,0.091,45,0.069,36,0.064,53,0.075,76,0.078,72,0.072,55,0.06,60,0.07,65,0.078,68,0.083,70,0.094,80,0.094,46,0.085,26,0.066,13,0.044,27,0.108,37,0.147,52,0.144,43,0.096,58,0.11,62,0.096,61,0.082,53,0.066,38,0.046,51,0.06,74,0.087,78,0.089,54,0.059,89,0.092,65,0.065,75,0.08,81,0.09,81,0.09,63,0.073,57,0.071,90,0.11,59,0.103,42,0.098,28,0.087,12,0.046,13,0.059,22,0.078,35,0.099,59,0.132,39,0.069,45,0.065,52,0.067,70,0.085,58,0.068,67,0.077,70,0.08,78,0.087,87,0.093,94,0.099,70,0.082,77,0.094,87,0.113,68,0.104,53,0.106,53,0.12,21,0.094,12,0.086,4,0.033,14,0.077,25,0.079,34,0.069,52,0.081,73,0.099,64,0.088,63,0.09,79,0.116,60,0.084,69,0.097,49,0.069,46,0.062,38,0.05,65,0.078,67,0.079,59,0.079,59,0.086,82,0.12,86,0.161,62,0.15
Region 5,Region 15,46,0.072,32,0.096,21,0.095,12,0.072,16,0.078,25,0.08,26,0.055,31,0.05,23,0.032,38,0.052,21,0.03,28,0.039,33,0.044,24,0.031,27,0.042,18,0.032,21,0.03,35,0.036,42,0.042,42,0.046,49,0.057,48,0.057,55,0.067,49,0.066,61,0.072,43,0.079,56,0.142,35,0.119,34,0.136,35,0.139,40,0.11,36,0.08,33,0.062,28,0.043,27,0.036,35,0.044,31,0.037,33,0.039,28,0.033,35,0.04,27,0.03,51,0.053,29,0.029,42,0.045,46,0.051,34,0.038,56,0.065,73,0.092,90,0.11,47,0.082,40,0.093,26,0.081,22,0.085,18,0.082,17,0.061,10,0.028,9,0.02,21,0.037,20,0.029,26,0.034,19,0.023,50,0.059,41,0.047,37,0.042,32,0.036,56,0.06,41,0.043,42,0.049,40,0.049,47,0.061,66,0.101,56,0.112,36,0.081,22,0.098,7,0.05,9,0.074,13,0.072,25,0.079,33,0.067,26,0.04,22,0.03,22,0.03,32,0.046,33,0.048,36,0.051,28,0.039,18,0.025,29,0.039,31,0.04,27,0.032,33,0.039,40,0.053,33,0.048,45,0.066,41,0.077,30,0.073
Region 5,Region 16,207,0.322,68,0.204,51,0.232,35,0.209,55,0.27,95,0.303,77,0.162,118,0.191,157,0.219,210,0.288,193,0.274,164,0.227,186,0.247,186,0.243,148,0.228,126,0.222,178,0.253,290,0.298,244,0.245,238,0.26,187,0.218,199,0.238,207,0.252,197,0.264,230,0.271,112,0.207,79,0.2,80,0.272,57,0.228,45,0.179,67,0.185,82,0.183,87,0.165,139,0.215,160,0.216,180,0.225,192,0.23,199,0.234,212,0.249,213,0.244,192,0.211,231,0.239,213,0.214,227,0.242,224,0.249,197,0.218,183,0.212,204,0.256,215,0.264,119,0.207,95,0.221,63,0.196,53,0.204,53,0.242,87,0.31,109,0.309,139,0.311,138,0.244,145,0.211,200,0.259,180,0.218,209,0.245,219,0.252,204,0.234,202,0.225,201,0.215,238,0.252,219,0.255,189,0.231,180,0.234,177,0.271,150,0.299,102,0.23,57,0.254,30,0.214,27,0.222,44,0.242,94,0.295,91,0.185,143,0.222,236,0.319,239,0.329,217,0.312,215,0.315,202,0.284,211,0.296,175,0.246,189,0.253,146,0.19,181,0.217,191,0.224,246,0.328,161,0.234,189,0.276,171,0.32,140,0.339
Region 6,Region 0,55,0.086,27,0.081,13,0.059,14,0.084,14,0.069,32,0.102,51,0.108,52,0.084,48,0.067,29,0.04,38,0.054,29,0.04,25,0.033,39,0.051,26,0.04,24,0.042,17,0.024,32,0.033,25,0.025,44,0.048,40,0.047,43,0.051,56,0.068,56,0.075,77,0.091,40,0.074,32,0.081,35,0.119,30,0.12,26,0.103,44,0.121,40,0.089,44,0.083,50,0.077,48,0.065,52,0.065,55,0.066,39,0.046,40,0.047,38,0.043,47,0.052,37,0.038,31,0.031,46,0.049,54,0.06,60,0.066,68,0.079,69,0.087,68,0.083,48,0.083,49,0.114,39,0.121,24,0.092,16,0.073,15,0.053,25,0.071,46,0.103,45,0.08,62,0.09,77,0.1,66,0.08,37,0.043,45,0.052,64,0.073,36,0.04,56,0.06,63,0.067,64,0.075,50,0.061,57,0.074,49,0.075,41,0.082,45,0.102,23,0.103,7,0.05,6,0.049,9,0.05,26,0.082,47,0.096,65,0.101,33,0.045,20,0.028,21,0.03,16,0.023,17,0.024,22,0.031,39,0.055,24,0.032,26,0.034,30,0.036,42,0.049,49,0.065,46,0.067,40,0.058,38,0.071,39,0.095
Region 6,Region 1,260,0.405,167,0.5,78,0.355,75,0.448,75,0.368,96,0.306,156,0.329,188,0.305,178,0.248,183,0.251,188,0.267,171,0.236,156,0.207,172,0.224,125,0.192,119,0.21,161,0.229,230,0.236,233,0.234,190,0.207,201,0.234,234,0.28,280,0.341,299,0.4,406,0.479,365,0.674,237,0.599,174,0.592,129,0.517,98,0.39,145,0.4,174,0.389,140,0.265,161,0.249,168,0.226,197,0.246,193,0.231,206,0.242,215,0.252,225,0.257,211,0.232,210,0.217,292,0.293,283,0.301,278,0.309,312,0.345,415,0.482,322,0.404,379,0.465,348,0.605,258,0.6,179,0.557,122,0.469,106,0.484,110,0.392,108,0.306,108,0.242,139,0.246,169,0.246,189,0.244,212,0.257,209,0.245,209,0.241,209,0.24,213,0.237,229,0.245,245,0.259,206,0.24,218,0.266,226,0.294,214,0.328,153,0.305,177,0.4,94,0.419,50,0.357,34,0.28,57,0.314,84,0.264,190,0.386,201,0.312,201,0.272,160,0.22,167,0.24,142,0.208,155,0.218,172,0.242,150,0.211,170,0.228,153,0.199,189,0.226,199,0.233,182,0.243,162,0.235,202,0.295,197,0.368,186,0.451
Region 6,Region 2,45,0.07,27,0.081,20,0.091,16,0.096,18,0.088,16,0.051,14,0.03,22,0.036,22,0.031,29,0.04,25,0.035,29,0.04,25,0.033,31,0.04,31,0.048,24,0.042,33,0.047,29,0.03,35,0.035,32,0.035,32,0.037,37,0.044,53,0.064,48,0.064,72,0.085,39,0.072,50,0.126,38,0.129,36,0.144,28,0.111,33,0.091,22,0.049,17,0.032,30,0.046,31,0.042,32,0.04,33,0.04,32,0.038,27,0.032,32,0.037,25,0.027,36,0.037,37,0.037,36,0.038,50,0.056,47,0.052,53,0.062,59,0.074,54,0.066,35,0.061,51,0.119,30,0.093,24,0.092,14,0.064,16,0.057,17,0.048,11,0.025,21,0.037,28,0.041,30,0.039,32,0.039,34,0.04,32,0.037,29,0.033,24,0.027,44,0.047,43,0.045,33,0.038,35,0.043,37,0.048,32,0.049,28,0.056,32,0.072,12,0.054,12,0.086,12,0.099,18,0.099,13,0.041,19,0.039,23,0.036,25,0.034,16,0.022,27,0.039,33,0.048,45,0.063,31,0.044,26,0.037,35,0.047,28,0.037,31,0.037,31,0.036,28,0.037,31,0.045,37,0.054,21,0.039,29,0.07
Region 6,Region 3,56,0.087,49,0.147,22,0.1,11,0.066,14,0.069,17,0.054,43,0.091,54,0.088,43,0.06,33,0.045,40,0.057,40,0.055,41,0.054,38,0.05,35,0.054,24,0.042,16,0.023,21,0.022,27,0.027,37,0.04,49,0.057,51,0.061,55,0.067,55,0.074,94,0.111,71,0.131,52,0.131,48,0.163,47,0.188,28,0.111,43,0.119,49,0.109,55,0.104,51,0.079,48,0.065,49,0.061,36,0.043,38,0.045,41,0.048,48,0.055,36,0.04,30,0.031,33,0.033,44,0.047,57,0.063,74,0.082,83,0.096,47,0.059,80,0.098,65,0.113,54,0.126,41,0.128,39,0.15,16,0.073,31,0.11,46,0.13,50,0.112,55,0.097,37,0.054,51,0.066,52,0.063,55,0.064,49,0.056,48,0.055,45,0.05,53,0.057,62,0.066,67,0.078,69,0.084,72,0.094,84,0.129,71,0.142,57,0.129,37,0.165,7,0.05,18,0.148,15,0.083,28,0.088,32,0.065,46,0.071,49,0.066,23,0.032,25,0.036,15,0.022,26,0.037,22,0.031,30,0.042,24,0.032,20,0.026,34,0.041,51,0.06,44,0.059,44,0.064,57,0.083,37,0.069,43,0.104
Region 6,Region 4,238,0.37,117,0.351,88,0.4,59,0.353,61,0.299,106,0.338,121,0.255,158,0.256,172,0.239,148,0.203,139,0.197,114,0.157,151,0.2,146,0.19,178,0.274,152,0.268,188,0.267,240,0.247,236,0.237,212,0.231,182,0.212,174,0.208,260,0.316,254,0.34,401,0.473,275,0.508,204,0.516,180,0.613,124,0.497,97,0.386,138,0.381,103,0.23,122,0.231,112,0.173,158,0.213,177,0.221,232,0.278,214,0.252,246,0.289,236,0.27,251,0.276,289,0.299,255,0.256,247,0.263,232,0.258,231,0.255,291,0.338,274,0.344,319,0.391,224,0.389,192,0.446,150,0.467,133,0.512,96,0.438,98,0.349,99,0.28,92,0.206,133,0.235,165,0.24,188,0.243,196,0.237,193,0.226,183,0.211,166,0.19,194,0.216,201,0.215,209,0.221,210,0.245,240,0.293,196,0.255,212,0.325,162,0.323,237,0.535,88,0.393,43,0.307,35,0.288,68,0.374,78,0.245,115,0.234,144,0.223,189,0.256,157,0.216,163,0.234,151,0.222,137,0.193,152,0.213,191,0.268,245,0.328,163,0.213,236,0.283,265,0.311,203,0.271,161,0.234,224,0.328,198,0.37,281,0.681
Region 6,Region 5,75,0.117,66,0.198,46,0.209,44,0.263,51,0.25,41,0.131,28,0.059,31,0.05,37,0.052,29,0.04,28,0.04,36,0.05,32,0.042,31,0.04,18,0.028,24,0.042,26,0.037,35,0.036,43,0.043,47,0.051,57,0.066,47,0.056,63,0.077,70,0.094,111,0.131,75,0.139,73,0.185,105,0.357,88,0.353,82,0.326,112,0.309,69,0.154,45,0.085,43,0.067,34,0.046,40,0.05,54,0.065,39,0.046,38,0.045,35,0.04,46,0.051,55,0.057,54,0.054,47,0.05,53,0.059,63,0.07,47,0.055,61,0.076,107,0.131,95,0.165,60,0.139,51,0.159,38,0.146,34,0.155,27,0.096,23,0.065,38,0.085,40,0.071,37,0.054,45,0.058,38,0.046,53,0.062,51,0.059,29,0.033,41,0.046,40,0.043,51,0.054,47,0.055,58,0.071,78,0.101,85,0.13,79,0.158,68,0.154,47,0.21,25,0.178,28,0.23,46,0.253,37,0.116,35,0.071,41,0.064,41,0.055,31,0.043,25,0.036,20,0.029,30,0.042,29,0.041,32,0.045,44,0.059,32,0.042,38,0.045,54,0.063,33,0.044,42,0.061,48,0.07,59,0.11,75,0.182
Region 6,Region 6,2519,3.921,1313,3.933,894,4.063,604,3.609,579,2.84,774,2.467,1156,2.439,1550,2.513,1976,2.751,2067,2.835,2074,2.944,2290,3.164,2328,3.087,2446,3.189,2073,3.187,1820,3.214,2412,3.425,3374,3.469,3811,3.831,3588,3.914,3604,4.196,3199,3.824,3203,3.897,3080,4.121,3765,4.438,2473,4.57,1853,4.684,1324,4.507,932,3.736,675,2.684,856,2.362,1012,2.261,1380,2.61,1903,2.946,2370,3.193,2757,3.444,3072,3.679,3179,3.737,3312,3.885,3411,3.902,3650,4.01,3815,3.948,3969,3.979,3698,3.938,3758,4.172,3630,4.012,3540,4.109,3399,4.263,3283,4.029,2497,4.339,1938,4.505,1421,4.425,968,3.724,657,2.998,651,2.317,854,2.418,1142,2.558,1539,2.723,2088,3.037,2497,3.23,2962,3.584,3083,3.613,3143,3.621,3308,3.794,3390,3.768,3469,3.716,3715,3.926,3452,4.021,3129,3.819,2663,3.462,2073,3.178,1558,3.106,1398,3.157,684,3.052,357,2.549,309,2.543,464,2.553,796,2.501,1164,2.367,1403,2.175,1850,2.504,1898,2.614,2018,2.897,2073,3.042,2188,3.078,2125,2.984,2167,3.043,2293,3.074,2402,3.132,2730,3.268,2784,3.263,2695,3.592,2414,3.505,2320,3.392,1697,3.171,1409,3.417
Region 6,Region 7,472,0.735,298,0.893,172,0.782,93,0.556,165,0.809,170,0.542,266,0.561,339,0.55,373,0.519,315,0.432,350,0.497,335,0.463,386,0.512,405,0.528,298,0.458,258,0.456,314,0.446,495,0.509,531,0.534,494,0.539,569,0.662,530,0.634,586,0.713,544,0.728,725,0.855,599,1.107,436,1.102,338,1.151,244,0.978,200,0.795,314,0.867,277,0.619,315,0.596,358,0.554,350,0.472,365,0.456,416,0.498,424,0.498,427,0.501,436,0.499,416,0.457,446,0.461,539,0.54,568,0.605,671,0.745,654,0.723,652,0.757,651,0.816,632,0.776,631,1.096,536,1.246,371,1.155,246,0.946,202,0.922,228,0.812,235,0.665,255,0.571,302,0.534,345,0.502,353,0.457,429,0.519,399,0.468,420,0.484,459,0.526,460,0.511,479,0.513,563,0.595,526,0.613,544,0.664,451,0.586,396,0.607,321,0.64,267,0.603,123,0.549,91,0.65,92,0.757,141,0.776,199,0.625,292,0.594,306,0.474,367,0.497,373,0.514,343,0.492,360,0.528,301,0.423,342,0.48,345,0.484,356,0.477,350,0.456,383,0.458,449,0.526,401,0.535,366,0.531,394,0.576,354,0.662,343,0.832
Region 6,Region 8,40,0.062,17,0.051,18,0.082,9,0.054,12,0.059,29,0.092,32,0.068,26,0.042,26,0.036,23,0.032,22,0.031,26,0.036,11,0.015,22,0.029,15,0.023,13,0.023,24,0.034,35,0.036,53,0.053,51,0.056,42,0.049,27,0.032,43,0.052,65,0.087,70,0.083,46,0.085,47,0.119,29,0.099,21,0.084,24,0.095,32,0.088,24,0.054,36,0.068,36,0.056,35,0.047,24,0.03,32,0.038,35,0.041,23,0.027,35,0.04,36,0.04,33,0.034,38,0.038,33,0.035,57,0.063,56,0.062,39,0.045,62,0.078,61,0.075,51,0.089,40,0.093,26,0.081,19,0.073,13,0.059,20,0.071,24,0.068,34,0.076,24,0.042,23,0.033,29,0.038,42,0.051,40,0.047,42,0.048,41,0.047,37,0.041,44,0.047,41,0.043,40,0.047,34,0.041,33,0.043,38,0.058,49,0.098,34,0.077,12,0.054,5,0.036,6,0.049,12,0.066,26,0.082,36,0.073,28,0.043,36,0.049,24,0.033,18,0.026,26,0.038,25,0.035,18,0.025,27,0.038,18,0.024,20,0.026,31,0.037,39,0.046,31,0.041,38,0.055,38,0.056,35,0.065,42,0.102
Region 6,Region 9,40,0.062,29,0.087,15,0.068,11,0.066,6,0.029,18,0.057,24,0.051,22,0.036,8,0.011,10,0.014,7,0.01,9,0.012,15,0.02,11,0.014,10,0.015,6,0.011,7,0.01,13,0.013,12,0.012,13,0.014,25,0.029,30,0.036,22,0.027,35,0.047,69,0.081,45,0.083,34,0.086,32,0.109,26,0.104,25,0.099,23,0.063,15,0.034,13,0.025,11,0.017,18,0.024,13,0.016,24,0.029,21,0.025,25,0.029,21,0.024,14,0.015,17,0.018,17,0.017,19,0.02,15,0.017,29,0.032,31,0.036,29,0.036,47,0.058,34,0.059,38,0.088,38,0.118,22,0.085,29,0.132,15,0.053,8,0.023,9,0.02,13,0.023,9,0.013,18,0.023,21,0.025,16,0.019,19,0.022,20,0.023,14,0.016,19,0.02,19,0.02,26,0.03,18,0.022,24,0.031,30,0.046,20,0.04,40,0.09,21,0.094,15,0.107,6,0.049,9,0.05,14,0.044,22,0.045,18,0.028,15,0.02,12,0.017,11,0.016,4,0.006,10,0.014,12,0.017,14,0.02,12,0.016,8,0.01,13,0.016,18,0.021,17,0.023,21,0.03,26,0.038,21,0.039,22,0.053
Region 6,Region 10,925,1.44,470,1.408,288,1.309,257,1.536,311,1.525,510,1.626,681,1.437,673,1.091,679,0.945,671,0.92,639,0.907,647,0.894,729,0.967,697,0.909,556,0.855,467,0.825,599,0.85,960,0.987,1048,1.053,1073,1.17,1217,1.417,1040,1.243,1133,1.379,1169,1.564,1395,1.644,925,1.709,657,1.661,485,1.651,381,1.527,359,1.428,566,1.562,689,1.54,830,1.57,745,1.153,753,1.015,810,1.012,877,1.05,909,1.068,854,1.002,923,1.056,982,1.079,1031,1.067,1069,1.072,1054,1.122,1198,1.33,1143,1.263,1031,1.197,1167,1.464,1394,1.711,1115,1.937,912,2.12,734,2.286,587,2.258,445,2.031,539,1.919,714,2.022,787,1.763,884,1.564,886,1.289,875,1.132,901,1.09,893,1.047,878,1.011,943,1.081,994,1.105,1042,1.116,1178,1.245,993,1.157,948,1.157,934,1.214,987,1.513,683,1.362,600,1.355,309,1.379,125,0.892,138,1.136,271,1.491,563,1.769,689,1.401,724,1.122,703,0.951,700,0.964,788,1.131,799,1.172,873,1.228,771,1.083,702,0.986,699,0.937,803,1.047,878,1.051,1018,1.193,955,1.273,966,1.403,960,1.404,809,1.512,671,1.627
Region 6,Region 11,53,0.082,35,0.105,20,0.091,25,0.149,15,0.074,20,0.064,46,0.097,41,0.066,34,0.047,34,0.047,27,0.038,36,0.05,37,0.049,50,0.065,28,0.043,24,0.042,35,0.05,54,0.056,54,0.054,41,0.045,53,0.062,55,0.066,81,0.099,83,0.111,111,0.131,78,0.144,66,0.167,43,0.146,29,0.116,26,0.103,67,0.185,32,0.072,24,0.045,37,0.057,55,0.074,47,0.059,59,0.071,60,0.071,54,0.063,63,0.072,43,0.047,41,0.042,55,0.055,70,0.075,47,0.052,87,0.096,78,0.091,100,0.125,115,0.141,98,0.17,82,0.191,62,0.193,38,0.146,21,0.096,31,0.11,25,0.071,29,0.065,28,0.05,28,0.041,58,0.075,54,0.065,61,0.071,54,0.062,48,0.055,40,0.044,44,0.047,65,0.069,57,0.066,51,0.062,53,0.069,46,0.071,36,0.072,38,0.086,14,0.062,11,0.079,7,0.058,15,0.083,24,0.075,23,0.047,37,0.057,39,0.053,37,0.051,35,0.05,28,0.041,26,0.037,41,0.058,51,0.072,34,0.046,34,0.044,41,0.049,44,0.052,40,0.053,41,0.06,48,0.07,45,0.084,31,0.075
Region 6,Region 12,19,0.03,13,0.039,9,0.041,2,0.012,9,0.044,9,0.029,6,0.013,3,0.005,3,0.004,9,0.012,4,0.006,1,0.001,9,0.012,7,0.009,0,0,7,0.012,4,0.006,7,0.007,6,0.006,8,0.009,9,0.01,9,0.011,11,0.013,22,0.029,28,0.033,22,0.041,16,0.04,9,0.031,13,0.052,8,0.032,8,0.022,6,0.013,11,0.021,9,0.014,9,0.012,7,0.009,7,0.008,10,0.012,6,0.007,7,0.008,3,0.003,13,0.013,7,0.007,11,0.012,12,0.013,16,0.018,18,0.021,16,0.02,19,0.023,20,0.035,19,0.044,8,0.025,18,0.069,11,0.05,8,0.028,6,0.017,11,0.025,6,0.011,8,0.012,7,0.009,11,0.013,7,0.008,4,0.005,11,0.013,6,0.007,14,0.015,8,0.008,12,0.014,11,0.013,8,0.01,21,0.032,12,0.024,12,0.027,9,0.04,3,0.021,1,0.008,2,0.011,5,0.016,8,0.016,8,0.012,5,0.007,5,0.007,7,0.01,3,0.004,6,0.008,6,0.008,6,0.008,12,0.016,6,0.008,5,0.006,2,0.002,8,0.011,9,0.013,11,0.016,15,0.028,10,0.024
Region 6,Region 13,0,0,0,0,0,0,0,0,0,0,0,0,0,0,0,0,0,0,0,0,0,0,0,0,1,0.001,0,0,0,0,0,0,0,0,0,0,0,0,0,0,0,0,0,0,0,0,0,0,0,0,0,0,0,0,0,0,0,0,0,0,0,0,0,0,0,0,0,0,0,0,0,0,0,0,0,0,0,0,0,0,0,0,1,0.001,0,0,0,0,0,0,1,0.001,1,0.001,0,0,0,0,0,0,0,0,0,0,0,0,0,0,0,0,0,0,0,0,1,0.002,1,0.001,0,0,0,0,0,0,0,0,0,0,0,0,0,0,0,0,0,0,0,0,0,0,0,0,0,0,0,0,0,0,0,0,0,0,0,0,0,0,0,0,0,0,0,0,0,0,0,0,0,0,0,0,0,0,0,0,0,0,0,0,0,0,0,0,0,0,0,0,0,0,0,0,0,0
Region 6,Region 14,31,0.048,24,0.072,15,0.068,4,0.024,8,0.039,2,0.006,9,0.019,6,0.01,4,0.006,7,0.01,8,0.011,11,0.015,10,0.013,9,0.012,5,0.008,6,0.011,9,0.013,8,0.008,12,0.012,11,0.012,13,0.015,13,0.016,8,0.01,26,0.035,36,0.042,41,0.076,29,0.073,15,0.051,12,0.048,10,0.04,4,0.011,4,0.009,3,0.006,6,0.009,12,0.016,11,0.014,18,0.022,11,0.013,8,0.009,5,0.006,15,0.016,10,0.01,9,0.009,12,0.013,22,0.024,14,0.015,23,0.027,22,0.028,39,0.048,36,0.063,29,0.067,17,0.053,12,0.046,4,0.018,7,0.025,7,0.02,10,0.022,8,0.014,5,0.007,7,0.009,5,0.006,11,0.013,12,0.014,12,0.014,6,0.007,8,0.009,13,0.014,8,0.009,10,0.012,9,0.012,11,0.017,14,0.028,18,0.041,10,0.045,4,0.029,5,0.041,5,0.028,3,0.009,12,0.024,10,0.016,9,0.012,6,0.008,3,0.004,7,0.01,7,0.01,3,0.004,4,0.006,9,0.012,7,0.009,5,0.006,10,0.012,15,0.02,9,0.013,17,0.025,10,0.019,13,0.032
Region 6,Region 15,165,0.257,102,0.306,82,0.373,66,0.394,70,0.343,69,0.22,116,0.245,131,0.212,81,0.113,76,0.104,96,0.136,119,0.164,132,0.175,115,0.15,113,0.174,125,0.221,79,0.112,118,0.121,146,0.147,140,0.153,153,0.178,139,0.166,132,0.161,143,0.191,201,0.237,146,0.27,148,0.374,125,0.426,104,0.417,78,0.31,119,0.328,79,0.177,75,0.142,103,0.159,145,0.195,119,0.149,158,0.189,164,0.193,125,0.147,153,0.175,129,0.142,123,0.127,132,0.132,157,0.167,150,0.167,198,0.219,194,0.225,177,0.222,187,0.229,133,0.231,140,0.325,118,0.367,115,0.442,61,0.278,41,0.146,49,0.139,64,0.143,83,0.147,98,0.143,126,0.163,119,0.144,136,0.159,115,0.132,102,0.117,88,0.098,136,0.146,153,0.162,131,0.153,137,0.167,139,0.181,155,0.238,122,0.243,132,0.298,78,0.348,58,0.414,32,0.263,44,0.242,61,0.192,109,0.222,116,0.18,99,0.134,74,0.102,71,0.102,82,0.12,83,0.117,60,0.084,93,0.131,119,0.16,131,0.171,132,0.158,154,0.181,110,0.147,104,0.151,116,0.17,98,0.183,87,0.211
Region 6,Region 16,29,0.045,13,0.039,4,0.018,6,0.036,4,0.02,2,0.006,6,0.013,12,0.019,12,0.017,10,0.014,7,0.01,9,0.012,8,0.011,12,0.016,6,0.009,8,0.014,8,0.011,10,0.01,18,0.018,17,0.019,18,0.021,25,0.03,34,0.041,38,0.051,43,0.051,46,0.085,22,0.056,18,0.061,11,0.044,5,0.02,7,0.019,14,0.031,17,0.032,17,0.026,12,0.016,18,0.022,14,0.017,19,0.022,21,0.025,17,0.019,12,0.013,21,0.022,27,0.027,14,0.015,19,0.021,36,0.04,39,0.045,29,0.036,55,0.067,55,0.096,37,0.086,16,0.05,21,0.081,11,0.05,7,0.025,10,0.028,8,0.018,15,0.027,11,0.016,15,0.019,18,0.022,12,0.014,22,0.025,26,0.03,15,0.017,19,0.02,20,0.021,18,0.021,28,0.034,15,0.019,19,0.029,23,0.046,15,0.034,7,0.031,3,0.021,2,0.016,1,0.006,5,0.016,9,0.018,13,0.02,1,0.001,5,0.007,11,0.016,10,0.015,10,0.014,14,0.02,4,0.006,4,0.005,8,0.01,11,0.013,10,0.012,5,0.007,18,0.026,12,0.018,16,0.03,13,0.032
Region 7,Region 0,84,0.131,40,0.12,31,0.141,20,0.119,18,0.088,15,0.048,41,0.087,67,0.109,66,0.092,46,0.063,63,0.089,73,0.101,53,0.07,51,0.066,44,0.068,45,0.079,41,0.058,64,0.066,54,0.054,56,0.061,67,0.078,78,0.093,93,0.113,126,0.169,107,0.126,63,0.116,53,0.134,37,0.126,29,0.116,14,0.056,36,0.099,57,0.127,43,0.081,70,0.108,79,0.106,75,0.094,64,0.077,66,0.078,76,0.089,69,0.079,91,0.1,65,0.067,82,0.082,72,0.077,91,0.101,69,0.076,97,0.113,91,0.114,84,0.103,50,0.087,54,0.126,62,0.193,45,0.173,27,0.123,33,0.117,38,0.108,38,0.085,56,0.099,65,0.095,47,0.061,79,0.096,69,0.081,84,0.097,66,0.076,55,0.061,67,0.072,70,0.074,68,0.079,89,0.109,80,0.104,67,0.103,58,0.116,28,0.063,22,0.098,8,0.057,7,0.058,11,0.061,19,0.06,44,0.089,69,0.107,68,0.092,49,0.067,50,0.072,52,0.076,49,0.069,59,0.083,59,0.083,66,0.088,72,0.094,68,0.081,70,0.082,64,0.085,67,0.097,80,0.117,75,0.14,43,0.104
Region 7,Region 1,1191,1.854,556,1.666,394,1.791,276,1.649,269,1.319,375,1.195,780,1.646,959,1.555,1082,1.506,1092,1.498,1106,1.57,1057,1.46,1043,1.383,1017,1.326,781,1.201,609,1.075,857,1.217,1338,1.376,1355,1.362,1308,1.427,1282,1.493,1170,1.399,1275,1.551,1185,1.585,1379,1.626,1030,1.903,782,1.977,540,1.838,382,1.531,341,1.356,525,1.449,625,1.397,672,1.271,845,1.308,954,1.285,990,1.237,1157,1.386,1200,1.41,1122,1.316,1206,1.38,1132,1.244,1281,1.326,1378,1.381,1392,1.482,1350,1.499,1347,1.489,1340,1.555,1217,1.526,1286,1.578,1009,1.753,798,1.855,554,1.725,413,1.589,266,1.214,373,1.328,447,1.266,490,1.097,666,1.179,831,1.209,1020,1.319,981,1.187,1071,1.255,1188,1.369,1191,1.366,1237,1.375,1339,1.434,1408,1.488,1443,1.681,1472,1.796,1300,1.69,1223,1.875,928,1.85,751,1.696,376,1.678,224,1.599,149,1.226,194,1.068,352,1.106,754,1.533,1034,1.603,1097,1.485,1104,1.52,1156,1.66,1096,1.608,1134,1.595,1100,1.545,1094,1.536,1073,1.438,1158,1.51,1401,1.677,1489,1.745,1323,1.764,1242,1.804,1395,2.04,1186,2.216,794,1.925
Region 7,Region 2,71,0.111,40,0.12,25,0.114,25,0.149,23,0.113,25,0.08,33,0.07,32,0.052,25,0.035,44,0.06,47,0.067,45,0.062,77,0.102,48,0.063,29,0.045,35,0.062,39,0.055,30,0.031,44,0.044,43,0.047,42,0.049,35,0.042,37,0.045,47,0.063,59,0.07,45,0.083,31,0.078,29,0.099,28,0.112,19,0.076,29,0.08,15,0.034,23,0.043,31,0.048,33,0.044,48,0.06,37,0.044,38,0.045,29,0.034,34,0.039,34,0.037,34,0.035,31,0.031,43,0.046,30,0.033,49,0.054,41,0.048,60,0.075,70,0.086,47,0.082,50,0.116,37,0.115,28,0.108,26,0.119,31,0.11,21,0.059,24,0.054,24,0.042,28,0.041,36,0.047,52,0.063,48,0.056,29,0.033,27,0.031,34,0.038,39,0.042,29,0.031,39,0.045,51,0.062,47,0.061,47,0.072,45,0.09,46,0.104,12,0.054,11,0.079,12,0.099,19,0.105,18,0.057,23,0.047,23,0.036,30,0.041,40,0.055,56,0.08,40,0.059,51,0.072,38,0.053,43,0.06,53,0.071,31,0.04,62,0.074,39,0.046,32,0.043,41,0.06,45,0.066,32,0.06,33,0.08
Region 7,Region 3,104,0.162,44,0.132,34,0.155,19,0.114,20,0.098,18,0.057,52,0.11,56,0.091,51,0.071,45,0.062,38,0.054,54,0.075,48,0.064,35,0.046,38,0.058,40,0.071,34,0.048,64,0.066,59,0.059,67,0.073,88,0.102,82,0.098,104,0.127,121,0.162,111,0.131,99,0.183,54,0.137,42,0.143,38,0.152,24,0.095,30,0.083,44,0.098,30,0.057,28,0.043,43,0.058,56,0.07,66,0.079,60,0.071,69,0.081,67,0.077,62,0.068,54,0.056,80,0.08,70,0.075,71,0.079,86,0.095,91,0.106,84,0.105,121,0.148,89,0.155,87,0.202,66,0.206,39,0.15,23,0.105,27,0.096,49,0.139,41,0.092,44,0.078,66,0.096,63,0.081,56,0.068,69,0.081,57,0.066,64,0.073,52,0.058,70,0.075,77,0.081,90,0.105,84,0.103,79,0.103,84,0.129,95,0.189,82,0.185,26,0.116,25,0.178,16,0.132,21,0.116,17,0.053,32,0.065,38,0.059,39,0.053,34,0.047,44,0.063,29,0.043,44,0.062,44,0.062,61,0.086,44,0.059,57,0.074,53,0.063,65,0.076,76,0.101,73,0.106,78,0.114,68,0.127,66,0.16
Region 7,Region 4,441,0.686,217,0.65,151,0.686,105,0.627,61,0.299,78,0.249,197,0.416,283,0.459,390,0.543,359,0.492,342,0.486,280,0.387,300,0.398,321,0.419,263,0.404,259,0.457,327,0.464,465,0.478,488,0.491,434,0.473,402,0.468,396,0.473,483,0.588,441,0.59,516,0.608,361,0.667,271,0.685,221,0.752,145,0.581,96,0.382,127,0.351,158,0.353,207,0.391,268,0.415,326,0.439,378,0.472,399,0.478,413,0.485,402,0.472,447,0.511,493,0.542,547,0.566,513,0.514,479,0.51,481,0.534,504,0.557,497,0.577,451,0.566,484,0.594,397,0.69,255,0.593,211,0.657,133,0.512,90,0.411,85,0.303,126,0.357,169,0.379,215,0.38,316,0.46,318,0.411,340,0.411,391,0.458,367,0.423,356,0.408,369,0.41,407,0.436,409,0.432,383,0.446,337,0.411,377,0.49,307,0.471,262,0.522,236,0.533,126,0.562,67,0.478,42,0.346,36,0.198,83,0.261,146,0.297,297,0.46,366,0.495,362,0.499,333,0.478,295,0.433,285,0.401,317,0.445,350,0.491,317,0.425,344,0.449,422,0.505,420,0.492,338,0.451,360,0.523,457,0.668,330,0.617,274,0.664
Region 7,Region 5,592,0.921,405,1.213,339,1.541,232,1.386,234,1.148,238,0.759,324,0.684,403,0.653,492,0.685,564,0.774,622,0.883,725,1.002,741,0.983,678,0.884,545,0.838,376,0.664,584,0.829,815,0.838,969,0.974,891,0.972,760,0.885,780,0.932,830,1.01,796,1.065,845,0.996,490,0.905,569,1.438,476,1.62,374,1.499,292,1.161,390,1.076,512,1.144,632,1.195,703,1.088,850,1.145,766,0.957,760,0.91,714,0.839,710,0.833,612,0.7,695,0.764,671,0.694,719,0.721,720,0.767,815,0.905,868,0.959,824,0.956,830,1.041,855,1.049,678,1.178,569,1.323,408,1.27,308,1.185,217,0.99,238,0.847,288,0.815,369,0.826,596,1.055,731,1.063,710,0.918,801,0.969,725,0.85,758,0.873,717,0.822,607,0.675,669,0.717,802,0.848,685,0.798,731,0.892,774,1.006,673,1.032,567,1.13,542,1.224,284,1.267,179,1.278,143,1.177,181,0.996,240,0.754,297,0.604,402,0.623,532,0.72,591,0.814,632,0.907,611,0.897,771,1.085,737,1.035,692,0.972,696,0.933,601,0.784,804,0.962,829,0.972,709,0.945,671,0.974,675,0.987,591,1.104,508,1.232
Region 7,Region 6,670,1.043,343,1.028,248,1.127,146,0.872,136,0.667,159,0.507,216,0.456,316,0.512,373,0.519,360,0.494,338,0.48,357,0.493,407,0.54,398,0.519,283,0.435,253,0.447,355,0.504,580,0.596,697,0.701,730,0.796,699,0.814,698,0.834,803,0.977,820,1.097,826,0.974,562,1.038,429,1.085,319,1.086,220,0.882,138,0.549,157,0.433,217,0.485,245,0.463,261,0.404,375,0.505,402,0.502,472,0.565,481,0.565,502,0.589,533,0.61,533,0.586,645,0.667,726,0.728,661,0.704,712,0.791,782,0.864,759,0.881,706,0.885,787,0.966,577,1.003,459,1.067,311,0.968,196,0.754,133,0.607,122,0.434,176,0.498,170,0.381,231,0.409,327,0.476,418,0.541,464,0.561,445,0.521,483,0.556,472,0.541,495,0.55,591,0.633,573,0.606,554,0.645,536,0.654,543,0.706,497,0.762,407,0.811,374,0.845,205,0.915,79,0.564,75,0.617,97,0.534,107,0.336,214,0.435,310,0.481,350,0.474,397,0.547,374,0.537,327,0.48,310,0.436,328,0.461,324,0.455,377,0.505,398,0.519,480,0.575,512,0.6,497,0.662,501,0.727,550,0.804,481,0.899,408,0.989
Region 7,Region 7,3211,4.998,1721,5.156,949,4.313,694,4.147,763,3.742,1045,3.331,1725,3.64,2325,3.769,3041,4.233,3345,4.588,3560,5.054,3976,5.493,4237,5.619,4304,5.612,3379,5.194,2106,3.719,2922,4.149,4935,5.074,5063,5.09,4995,5.449,4819,5.611,4603,5.502,4581,5.574,4396,5.882,4489,5.292,2937,5.427,2252,5.693,1532,5.215,1110,4.449,830,3.301,1242,3.428,1516,3.388,1984,3.752,2795,4.327,3255,4.386,3564,4.452,4009,4.801,4213,4.952,4035,4.733,4031,4.611,4141,4.55,4555,4.713,4993,5.005,5042,5.369,5004,5.556,4970,5.493,4634,5.379,4302,5.395,4022,4.936,2980,5.178,2226,5.175,1670,5.2,1161,4.466,844,3.851,1067,3.798,1187,3.361,1669,3.738,2257,3.994,2917,4.243,3668,4.744,4034,4.881,4554,5.337,4445,5.121,4321,4.955,4376,4.864,4784,5.124,5286,5.587,4988,5.81,4378,5.343,4127,5.365,3223,4.941,2356,4.697,1814,4.097,819,3.655,514,3.67,379,3.12,530,2.917,885,2.781,1595,3.243,2305,3.573,3065,4.148,3664,5.046,3666,5.263,3731,5.475,3966,5.579,3944,5.538,3541,4.972,3556,4.767,3668,4.783,4597,5.503,4722,5.535,4324,5.764,3777,5.485,4223,6.175,2908,5.434,1917,4.649
Region 7,Region 8,218,0.339,84,0.252,62,0.282,45,0.269,37,0.181,37,0.118,61,0.129,87,0.141,158,0.22,171,0.235,204,0.29,169,0.233,213,0.282,177,0.231,119,0.183,86,0.152,149,0.212,279,0.287,317,0.319,319,0.348,357,0.416,282,0.337,233,0.283,303,0.405,325,0.383,192,0.355,161,0.407,124,0.422,75,0.301,27,0.107,40,0.11,74,0.165,82,0.155,104,0.161,164,0.221,202,0.252,238,0.285,242,0.284,268,0.314,214,0.245,252,0.277,305,0.316,307,0.308,332,0.354,309,0.343,317,0.35,286,0.332,282,0.354,260,0.319,169,0.294,122,0.284,64,0.199,46,0.177,19,0.087,37,0.132,43,0.122,64,0.143,119,0.211,159,0.231,226,0.292,219,0.265,225,0.264,220,0.253,208,0.239,257,0.286,263,0.282,352,0.372,289,0.337,258,0.315,225,0.292,184,0.282,131,0.261,89,0.201,54,0.241,38,0.271,23,0.189,21,0.116,27,0.085,69,0.14,115,0.178,164,0.222,162,0.223,154,0.221,155,0.227,188,0.264,223,0.313,173,0.243,174,0.233,193,0.252,245,0.293,303,0.355,251,0.335,230,0.334,233,0.341,141,0.263,95,0.23
Region 7,Region 9,38,0.059,30,0.09,22,0.1,12,0.072,10,0.049,9,0.029,16,0.034,18,0.029,11,0.015,15,0.021,22,0.031,21,0.029,21,0.028,14,0.018,8,0.012,7,0.012,16,0.023,32,0.033,17,0.017,22,0.024,22,0.026,23,0.027,36,0.044,39,0.052,61,0.072,46,0.085,36,0.091,35,0.119,25,0.1,12,0.048,26,0.072,13,0.029,5,0.009,6,0.009,12,0.016,21,0.026,20,0.024,22,0.026,17,0.02,21,0.024,24,0.026,16,0.017,18,0.018,34,0.036,20,0.022,34,0.038,41,0.048,37,0.046,45,0.055,37,0.064,39,0.091,35,0.109,15,0.058,9,0.041,16,0.057,8,0.023,13,0.029,12,0.021,15,0.022,9,0.012,26,0.031,25,0.029,13,0.015,16,0.018,11,0.012,19,0.02,27,0.029,30,0.035,24,0.029,36,0.047,31,0.048,32,0.064,24,0.054,21,0.094,10,0.071,12,0.099,10,0.055,7,0.022,21,0.043,15,0.023,21,0.028,12,0.017,16,0.023,8,0.012,14,0.02,14,0.02,13,0.018,17,0.023,14,0.018,19,0.023,27,0.032,23,0.031,27,0.039,38,0.056,19,0.036,39,0.095
Region 7,Region 10,960,1.494,524,1.57,305,1.386,204,1.219,140,0.687,180,0.574,394,0.831,608,0.986,811,1.129,850,1.166,699,0.992,756,1.044,809,1.073,872,1.137,588,0.904,446,0.788,675,0.958,1178,1.211,1364,1.371,1456,1.588,1458,1.698,1420,1.697,1377,1.675,1448,1.937,1379,1.626,941,1.739,655,1.656,414,1.409,254,1.018,145,0.577,174,0.48,272,0.608,402,0.76,654,1.012,749,1.009,824,1.029,915,1.096,972,1.142,930,1.091,997,1.141,1018,1.118,1162,1.202,1296,1.299,1343,1.43,1353,1.502,1360,1.503,1340,1.555,1376,1.726,1310,1.608,951,1.652,753,1.75,518,1.613,361,1.389,204,0.931,168,0.598,245,0.694,355,0.795,508,0.899,788,1.146,929,1.202,916,1.108,936,1.097,967,1.114,953,1.093,1018,1.131,1032,1.105,1153,1.219,1112,1.295,962,1.174,929,1.208,807,1.237,618,1.232,438,0.989,189,0.843,140,1,71,0.584,59,0.325,147,0.462,323,0.657,563,0.873,802,1.085,799,1.1,815,1.17,776,1.139,784,1.103,811,1.139,781,1.097,828,1.11,857,1.117,989,1.184,1222,1.432,1019,1.358,943,1.369,1009,1.475,732,1.368,515,1.249
Region 7,Region 11,154,0.24,86,0.258,54,0.245,39,0.233,35,0.172,36,0.115,78,0.165,89,0.144,80,0.111,100,0.137,115,0.163,121,0.167,97,0.129,115,0.15,93,0.143,72,0.127,100,0.142,124,0.128,149,0.15,132,0.144,116,0.135,121,0.145,142,0.173,178,0.238,191,0.225,167,0.309,125,0.316,90,0.306,43,0.172,36,0.143,87,0.24,68,0.152,72,0.136,107,0.166,114,0.154,107,0.134,144,0.172,143,0.168,108,0.127,137,0.157,137,0.151,133,0.138,138,0.138,120,0.128,130,0.144,113,0.125,134,0.156,149,0.187,201,0.247,176,0.306,142,0.33,91,0.283,40,0.154,24,0.11,45,0.16,54,0.153,72,0.161,112,0.198,128,0.186,135,0.175,114,0.138,130,0.152,130,0.15,131,0.15,123,0.137,144,0.154,134,0.142,138,0.161,145,0.177,121,0.157,111,0.17,74,0.148,50,0.113,34,0.152,16,0.114,10,0.082,11,0.061,25,0.079,59,0.12,93,0.144,58,0.078,91,0.125,96,0.138,120,0.176,100,0.141,120,0.169,102,0.143,111,0.149,93,0.121,126,0.151,144,0.169,130,0.173,124,0.18,131,0.192,128,0.239,91,0.221
Region 7,Region 12,18,0.028,9,0.027,13,0.059,14,0.084,9,0.044,3,0.01,8,0.017,10,0.016,23,0.032,10,0.014,14,0.02,15,0.021,17,0.023,19,0.025,10,0.015,13,0.023,9,0.013,43,0.044,23,0.023,21,0.023,28,0.033,19,0.023,35,0.043,29,0.039,38,0.045,19,0.035,21,0.053,14,0.048,24,0.096,7,0.028,6,0.017,15,0.034,13,0.025,20,0.031,14,0.019,8,0.01,11,0.013,10,0.012,19,0.022,18,0.021,14,0.015,14,0.014,12,0.012,16,0.017,16,0.018,17,0.019,19,0.022,28,0.035,43,0.053,34,0.059,20,0.046,31,0.097,19,0.073,9,0.041,10,0.036,5,0.014,12,0.027,11,0.019,15,0.022,17,0.022,15,0.018,18,0.021,15,0.017,15,0.017,27,0.03,20,0.021,20,0.021,16,0.019,19,0.023,22,0.029,25,0.038,19,0.038,20,0.045,11,0.049,11,0.079,4,0.033,7,0.039,3,0.009,5,0.01,16,0.025,19,0.026,18,0.025,17,0.024,13,0.019,13,0.018,17,0.024,13,0.018,14,0.019,21,0.027,17,0.02,20,0.023,15,0.02,27,0.039,26,0.038,25,0.047,15,0.036
Region 7,Region 13,0,0,0,0,0,0,0,0,0,0,0,0,0,0,0,0,0,0,0,0,0,0,0,0,1,0.001,0,0,1,0.002,0,0,0,0,0,0,0,0,0,0,0,0,0,0,0,0,0,0,0,0,0,0,0,0,0,0,0,0,0,0,0,0,0,0,0,0,0,0,2,0.003,0,0,0,0,1,0.001,0,0,1,0.001,1,0.001,0,0,0,0,0,0,0,0,0,0,0,0,0,0,0,0,1,0.002,1,0.002,1,0.003,0,0,0,0,0,0,0,0,0,0,1,0.002,1,0.001,1,0.001,1,0.001,2,0.002,3,0.003,1,0.001,0,0,0,0,0,0,1,0.001,0,0,0,0,0,0,0,0,0,0,0,0,0,0,0,0,0,0,0,0,0,0,0,0,0,0,0,0,0,0,0,0,0,0,0,0,0,0,0,0,0,0,0,0,1,0.001,0,0,0,0,0,0,0,0,0,0
Region 7,Region 14,31,0.048,20,0.06,13,0.059,13,0.078,5,0.025,6,0.019,11,0.023,16,0.026,19,0.026,22,0.03,22,0.031,30,0.041,27,0.036,20,0.026,15,0.023,12,0.021,24,0.034,50,0.051,35,0.035,39,0.043,40,0.047,23,0.027,31,0.038,44,0.059,61,0.072,36,0.067,35,0.088,25,0.085,24,0.096,10,0.04,12,0.033,10,0.022,17,0.032,18,0.028,19,0.026,28,0.035,15,0.018,24,0.028,26,0.03,26,0.03,29,0.032,25,0.026,29,0.029,32,0.034,37,0.041,28,0.031,35,0.041,36,0.045,44,0.054,52,0.09,41,0.095,22,0.069,16,0.062,6,0.027,9,0.032,10,0.028,17,0.038,17,0.03,27,0.039,39,0.05,32,0.039,21,0.025,22,0.025,28,0.032,20,0.022,33,0.035,39,0.041,29,0.034,32,0.039,32,0.042,23,0.035,30,0.06,30,0.068,8,0.036,5,0.036,4,0.033,9,0.05,8,0.025,13,0.026,15,0.023,18,0.024,13,0.018,33,0.047,28,0.041,20,0.028,23,0.032,21,0.029,21,0.028,25,0.033,31,0.037,45,0.053,30,0.04,28,0.041,49,0.072,48,0.09,30,0.073
Region 7,Region 15,215,0.335,127,0.38,74,0.336,63,0.376,34,0.167,31,0.099,76,0.16,115,0.186,118,0.164,116,0.159,117,0.166,136,0.188,135,0.179,127,0.166,123,0.189,130,0.23,102,0.145,157,0.161,160,0.161,149,0.163,180,0.21,164,0.196,183,0.223,231,0.309,282,0.332,194,0.358,158,0.399,146,0.497,108,0.433,70,0.278,113,0.312,94,0.21,84,0.159,106,0.164,105,0.141,117,0.146,151,0.181,168,0.197,141,0.165,168,0.192,145,0.159,139,0.144,145,0.145,157,0.167,170,0.189,187,0.207,216,0.251,219,0.275,283,0.347,190,0.33,161,0.374,146,0.455,111,0.427,48,0.219,50,0.178,54,0.153,63,0.141,68,0.12,118,0.172,122,0.158,136,0.165,135,0.158,136,0.157,183,0.21,140,0.156,162,0.174,178,0.188,165,0.192,161,0.196,170,0.221,183,0.281,169,0.337,143,0.323,73,0.326,46,0.328,26,0.214,28,0.154,41,0.129,78,0.159,103,0.16,90,0.122,74,0.102,100,0.144,86,0.126,89,0.125,126,0.177,144,0.202,155,0.208,170,0.222,194,0.232,133,0.156,119,0.159,133,0.193,168,0.246,147,0.275,139,0.337
Region 7,Region 16,72,0.112,50,0.15,35,0.159,15,0.09,18,0.088,29,0.092,39,0.082,72,0.117,72,0.1,75,0.103,72,0.102,72,0.099,60,0.08,58,0.076,42,0.065,52,0.092,47,0.067,107,0.11,101,0.102,97,0.106,95,0.111,98,0.117,99,0.12,119,0.159,125,0.147,91,0.168,69,0.174,34,0.116,32,0.128,19,0.076,31,0.086,36,0.08,49,0.093,61,0.094,65,0.088,68,0.085,86,0.103,97,0.114,72,0.084,69,0.079,71,0.078,87,0.09,103,0.103,110,0.117,82,0.091,99,0.109,103,0.12,98,0.123,115,0.141,94,0.163,71,0.165,43,0.134,40,0.154,23,0.105,35,0.125,36,0.102,50,0.112,66,0.117,76,0.111,73,0.094,82,0.099,84,0.098,85,0.098,82,0.094,77,0.086,88,0.094,89,0.094,89,0.104,99,0.121,75,0.097,81,0.124,54,0.108,53,0.12,26,0.116,17,0.121,8,0.066,13,0.072,32,0.101,51,0.104,62,0.096,54,0.073,68,0.094,75,0.108,75,0.11,76,0.107,81,0.114,68,0.095,98,0.131,68,0.089,84,0.101,100,0.117,92,0.123,81,0.118,117,0.171,84,0.157,51,0.124
Region 8,Region 0,19,0.03,13,0.039,10,0.045,6,0.036,1,0.005,2,0.006,8,0.017,17,0.028,16,0.022,13,0.018,17,0.024,19,0.026,36,0.048,18,0.023,22,0.034,17,0.03,16,0.023,16,0.016,21,0.021,33,0.036,24,0.028,28,0.033,31,0.038,26,0.035,27,0.032,20,0.037,10,0.025,7,0.024,3,0.012,5,0.02,1,0.003,6,0.013,9,0.017,14,0.022,17,0.023,31,0.039,24,0.029,17,0.02,30,0.035,26,0.03,26,0.029,37,0.038,29,0.029,30,0.032,31,0.034,42,0.046,44,0.051,24,0.03,25,0.031,21,0.036,18,0.042,7,0.022,5,0.019,3,0.014,10,0.036,10,0.028,20,0.045,12,0.021,23,0.033,25,0.032,24,0.029,23,0.027,19,0.022,21,0.024,35,0.039,25,0.027,22,0.023,29,0.034,39,0.048,27,0.035,18,0.028,31,0.062,12,0.027,7,0.031,3,0.021,1,0.008,3,0.017,1,0.003,10,0.02,29,0.045,22,0.03,17,0.023,14,0.02,22,0.032,16,0.023,14,0.02,27,0.038,28,0.038,35,0.046,34,0.041,39,0.046,23,0.031,27,0.039,21,0.031,13,0.024,15,0.036
Region 8,Region 1,65,0.101,48,0.144,47,0.214,25,0.149,15,0.074,10,0.032,25,0.053,41,0.066,52,0.072,33,0.045,54,0.077,42,0.058,37,0.049,36,0.047,18,0.028,30,0.053,40,0.057,70,0.072,83,0.083,81,0.088,67,0.078,80,0.096,75,0.091,75,0.1,95,0.112,105,0.194,83,0.21,56,0.191,33,0.132,6,0.024,16,0.044,15,0.034,13,0.025,22,0.034,36,0.049,54,0.067,48,0.057,66,0.078,56,0.066,69,0.079,96,0.105,91,0.094,84,0.084,82,0.087,82,0.091,93,0.103,106,0.123,99,0.124,88,0.108,93,0.162,58,0.135,58,0.181,28,0.108,6,0.027,14,0.05,15,0.042,19,0.043,16,0.028,37,0.054,35,0.045,40,0.048,52,0.061,55,0.063,66,0.076,69,0.077,68,0.073,60,0.063,77,0.09,79,0.096,87,0.113,75,0.115,59,0.118,35,0.079,22,0.098,16,0.114,11,0.091,8,0.044,8,0.025,26,0.053,44,0.068,61,0.083,50,0.069,56,0.08,28,0.041,43,0.06,56,0.079,33,0.046,55,0.074,62,0.081,55,0.066,73,0.086,57,0.076,78,0.113,80,0.117,62,0.116,48,0.116
Region 8,Region 2,2,0.003,5,0.015,1,0.005,5,0.03,0,0,1,0.003,1,0.002,1,0.002,2,0.003,3,0.004,8,0.011,6,0.008,0,0,2,0.003,1,0.002,1,0.002,3,0.004,0,0,0,0,2,0.002,7,0.008,3,0.004,8,0.01,2,0.003,7,0.008,4,0.007,6,0.015,5,0.017,4,0.016,1,0.004,3,0.008,2,0.004,0,0,1,0.002,0,0,2,0.002,1,0.001,1,0.001,1,0.001,2,0.002,2,0.002,6,0.006,2,0.002,4,0.004,5,0.006,8,0.009,4,0.005,5,0.006,5,0.006,8,0.014,7,0.016,3,0.009,3,0.012,0,0,1,0.004,1,0.003,1,0.002,0,0,0,0,3,0.004,1,0.001,4,0.005,3,0.003,6,0.007,1,0.001,4,0.004,2,0.002,2,0.002,5,0.006,4,0.005,4,0.006,6,0.012,2,0.005,1,0.004,3,0.021,1,0.008,3,0.017,1,0.003,4,0.008,2,0.003,0,0,2,0.003,2,0.003,1,0.001,7,0.01,1,0.001,3,0.004,4,0.005,2,0.003,1,0.001,2,0.002,2,0.003,4,0.006,5,0.007,6,0.011,1,0.002
Region 8,Region 3,34,0.053,19,0.057,4,0.018,6,0.036,5,0.025,6,0.019,7,0.015,16,0.026,10,0.014,11,0.015,21,0.03,21,0.029,23,0.031,23,0.03,34,0.052,23,0.041,23,0.033,18,0.019,22,0.022,28,0.031,41,0.048,33,0.039,44,0.054,31,0.041,40,0.047,27,0.05,10,0.025,3,0.01,3,0.012,3,0.012,3,0.008,4,0.009,3,0.006,2,0.003,17,0.023,21,0.026,30,0.036,30,0.035,30,0.035,24,0.027,32,0.035,23,0.024,35,0.035,38,0.04,35,0.039,37,0.041,33,0.038,36,0.045,28,0.034,32,0.056,16,0.037,12,0.037,16,0.062,3,0.014,11,0.039,13,0.037,8,0.018,7,0.012,14,0.02,15,0.019,22,0.027,25,0.029,24,0.028,21,0.024,16,0.018,22,0.024,35,0.037,30,0.035,18,0.022,33,0.043,26,0.04,20,0.04,19,0.043,9,0.04,2,0.014,3,0.025,1,0.006,5,0.016,8,0.016,11,0.017,11,0.015,7,0.01,10,0.014,8,0.012,11,0.015,15,0.021,13,0.018,15,0.02,27,0.035,32,0.038,37,0.043,35,0.047,34,0.049,30,0.044,17,0.032,23,0.056
Region 8,Region 4,128,0.199,50,0.15,30,0.136,26,0.155,16,0.078,12,0.038,25,0.053,49,0.079,80,0.111,87,0.119,79,0.112,55,0.076,91,0.121,105,0.137,76,0.117,48,0.085,59,0.084,118,0.121,112,0.113,104,0.113,102,0.119,144,0.172,154,0.187,135,0.181,177,0.209,85,0.157,53,0.134,36,0.123,32,0.128,9,0.036,24,0.066,35,0.078,37,0.07,35,0.054,77,0.104,97,0.121,86,0.103,101,0.119,117,0.137,123,0.141,137,0.151,166,0.172,165,0.165,176,0.187,134,0.149,158,0.175,182,0.211,172,0.216,181,0.222,109,0.189,49,0.114,49,0.153,19,0.073,12,0.055,10,0.036,20,0.057,29,0.065,41,0.073,43,0.063,83,0.107,97,0.117,95,0.111,120,0.138,112,0.128,134,0.149,117,0.125,129,0.136,111,0.129,118,0.144,112,0.146,83,0.127,48,0.096,75,0.169,31,0.138,12,0.086,14,0.115,5,0.028,7,0.022,32,0.065,30,0.047,85,0.115,95,0.131,83,0.119,49,0.072,70,0.098,68,0.095,72,0.101,108,0.145,93,0.121,94,0.113,131,0.154,88,0.117,77,0.112,77,0.113,77,0.144,55,0.133
Region 8,Region 5,137,0.213,67,0.201,58,0.264,38,0.227,33,0.162,27,0.086,37,0.078,58,0.094,83,0.116,111,0.152,110,0.156,128,0.177,137,0.182,146,0.19,143,0.22,89,0.157,148,0.21,158,0.162,217,0.218,185,0.202,174,0.203,208,0.249,186,0.226,159,0.213,184,0.217,134,0.248,113,0.286,102,0.347,61,0.244,40,0.159,44,0.121,65,0.145,68,0.129,73,0.113,118,0.159,140,0.175,125,0.15,154,0.181,172,0.202,161,0.184,184,0.202,209,0.216,223,0.224,197,0.21,167,0.185,153,0.169,186,0.216,201,0.252,172,0.211,127,0.221,93,0.216,70,0.218,42,0.162,18,0.082,13,0.046,22,0.062,63,0.141,73,0.129,93,0.135,114,0.147,153,0.185,169,0.198,196,0.226,151,0.173,141,0.157,158,0.169,198,0.209,167,0.195,143,0.175,149,0.194,116,0.178,133,0.265,89,0.201,50,0.223,24,0.171,13,0.107,19,0.105,27,0.085,42,0.085,62,0.096,100,0.135,129,0.178,111,0.159,102,0.15,116,0.163,119,0.167,117,0.164,138,0.185,141,0.184,171,0.205,144,0.169,129,0.172,142,0.206,153,0.224,108,0.202,108,0.262
Region 8,Region 6,59,0.092,46,0.138,29,0.132,17,0.102,18,0.088,15,0.048,26,0.055,22,0.036,21,0.029,19,0.026,11,0.016,12,0.017,17,0.023,21,0.027,16,0.025,11,0.019,8,0.011,21,0.022,26,0.026,37,0.04,43,0.05,36,0.043,58,0.071,62,0.083,70,0.083,63,0.116,52,0.131,38,0.129,28,0.112,10,0.04,12,0.033,18,0.04,24,0.045,21,0.033,26,0.035,27,0.034,18,0.022,20,0.024,35,0.041,34,0.039,32,0.035,40,0.041,44,0.044,43,0.046,54,0.06,45,0.05,45,0.052,56,0.07,73,0.09,51,0.089,26,0.06,40,0.125,21,0.081,19,0.087,5,0.018,13,0.037,18,0.04,24,0.042,26,0.038,27,0.035,32,0.039,46,0.054,31,0.036,27,0.031,28,0.031,32,0.034,26,0.027,32,0.037,32,0.039,25,0.032,46,0.071,42,0.084,31,0.07,15,0.067,9,0.064,7,0.058,11,0.061,13,0.041,19,0.039,17,0.026,16,0.022,27,0.037,36,0.052,9,0.013,16,0.023,16,0.022,12,0.017,20,0.027,25,0.033,29,0.035,35,0.041,32,0.043,31,0.045,43,0.063,35,0.065,27,0.065
Region 8,Region 7,188,0.293,133,0.398,65,0.295,74,0.442,34,0.167,38,0.121,49,0.103,91,0.148,160,0.223,164,0.225,160,0.227,207,0.286,228,0.302,211,0.275,165,0.254,120,0.212,168,0.239,251,0.258,294,0.296,265,0.289,316,0.368,267,0.319,264,0.321,280,0.375,327,0.385,239,0.442,180,0.455,126,0.429,51,0.204,28,0.111,49,0.135,70,0.156,97,0.183,120,0.186,170,0.229,166,0.207,209,0.25,208,0.244,249,0.292,195,0.223,243,0.267,300,0.31,319,0.32,296,0.315,327,0.363,323,0.357,329,0.382,296,0.371,290,0.356,230,0.4,196,0.456,123,0.383,59,0.227,32,0.146,29,0.103,33,0.093,65,0.146,119,0.211,130,0.189,206,0.266,209,0.253,234,0.274,209,0.241,222,0.255,218,0.242,282,0.302,302,0.319,258,0.301,258,0.315,251,0.326,170,0.261,139,0.277,77,0.174,42,0.187,23,0.164,25,0.206,23,0.127,30,0.094,52,0.106,78,0.121,178,0.241,164,0.226,166,0.238,168,0.247,180,0.253,220,0.309,178,0.25,187,0.251,195,0.254,262,0.314,246,0.288,234,0.312,213,0.309,231,0.338,152,0.284,104,0.252
Region 8,Region 8,1196,1.862,546,1.636,299,1.359,154,0.92,184,0.902,339,1.081,683,1.441,1131,1.833,1444,2.01,1475,2.023,1555,2.208,1713,2.366,1883,2.497,1818,2.37,1470,2.26,1324,2.338,1627,2.31,2413,2.481,2544,2.557,2321,2.532,2219,2.584,2143,2.562,2151,2.617,1909,2.554,1978,2.332,1381,2.552,1158,2.927,649,2.209,254,1.018,242,0.962,414,1.143,651,1.455,999,1.889,1413,2.188,1609,2.168,1805,2.255,2033,2.435,1996,2.346,2113,2.479,2017,2.307,2176,2.391,2367,2.449,2693,2.7,2479,2.64,2459,2.73,2301,2.543,2378,2.76,2182,2.736,1799,2.208,1344,2.335,1106,2.571,671,2.089,253,0.973,224,1.022,345,1.228,526,1.489,838,1.877,1199,2.122,1568,2.281,1949,2.521,2173,2.629,2136,2.503,2244,2.585,2169,2.487,2330,2.59,2488,2.665,2531,2.675,2289,2.666,2073,2.53,1685,2.19,1214,1.861,720,1.435,560,1.265,249,1.111,168,1.199,103,0.848,170,0.936,349,1.097,710,1.444,1193,1.849,1518,2.054,1379,1.899,1306,1.875,1428,2.095,1541,2.168,1603,2.251,1529,2.147,1607,2.154,1735,2.262,1989,2.381,2115,2.479,1848,2.463,1625,2.36,1395,2.04,975,1.822,566,1.372
Region 8,Region 9,12,0.019,10,0.03,9,0.041,4,0.024,0,0,2,0.006,3,0.006,6,0.01,6,0.008,2,0.003,4,0.006,5,0.007,2,0.003,2,0.003,3,0.005,3,0.005,2,0.003,5,0.005,7,0.007,4,0.004,1,0.001,9,0.011,12,0.015,9,0.012,6,0.007,13,0.024,11,0.028,7,0.024,6,0.024,3,0.012,3,0.008,5,0.011,1,0.002,1,0.002,2,0.003,2,0.002,6,0.007,5,0.006,6,0.007,3,0.003,2,0.002,8,0.008,7,0.007,8,0.009,11,0.012,7,0.008,11,0.013,10,0.013,11,0.013,13,0.023,7,0.016,3,0.009,5,0.019,2,0.009,6,0.021,6,0.017,1,0.002,2,0.004,1,0.001,5,0.006,4,0.005,5,0.006,3,0.003,3,0.003,2,0.002,6,0.006,8,0.008,6,0.007,15,0.018,9,0.012,9,0.014,13,0.026,8,0.018,7,0.031,2,0.014,2,0.016,1,0.006,2,0.006,4,0.008,6,0.009,2,0.003,7,0.01,5,0.007,11,0.016,4,0.006,6,0.008,8,0.011,5,0.007,3,0.004,4,0.005,0,0,9,0.012,8,0.012,12,0.018,10,0.019,5,0.012
Region 8,Region 10,266,0.414,125,0.374,68,0.309,47,0.281,26,0.128,36,0.115,78,0.165,130,0.211,190,0.264,190,0.261,159,0.226,182,0.251,215,0.285,178,0.232,127,0.195,85,0.15,147,0.209,237,0.244,279,0.28,306,0.334,334,0.389,293,0.35,369,0.449,324,0.433,379,0.447,306,0.565,200,0.506,106,0.361,68,0.273,29,0.115,31,0.086,45,0.101,72,0.136,94,0.146,136,0.183,153,0.191,189,0.226,212,0.249,257,0.301,244,0.279,216,0.237,305,0.316,351,0.352,342,0.364,299,0.332,282,0.312,258,0.299,331,0.415,368,0.452,304,0.528,201,0.467,109,0.339,68,0.262,22,0.1,23,0.082,42,0.119,56,0.125,90,0.159,129,0.188,172,0.222,181,0.219,220,0.258,234,0.27,250,0.287,251,0.279,269,0.288,299,0.316,249,0.29,205,0.25,167,0.217,170,0.261,117,0.233,93,0.21,67,0.299,16,0.114,15,0.123,13,0.072,25,0.079,76,0.155,126,0.195,197,0.267,197,0.271,183,0.263,164,0.241,178,0.25,173,0.243,162,0.227,180,0.241,192,0.25,219,0.262,242,0.284,225,0.3,241,0.35,222,0.325,204,0.381,103,0.25
Region 8,Region 11,11,0.017,9,0.027,0,0,0,0,3,0.015,1,0.003,4,0.008,11,0.018,5,0.007,11,0.015,11,0.016,12,0.017,18,0.024,6,0.008,4,0.006,4,0.007,8,0.011,10,0.01,11,0.011,13,0.014,6,0.007,12,0.014,24,0.029,16,0.021,10,0.012,20,0.037,9,0.023,8,0.027,3,0.012,4,0.016,4,0.011,2,0.004,4,0.008,8,0.012,9,0.012,3,0.004,6,0.007,7,0.008,9,0.011,17,0.019,16,0.018,9,0.009,13,0.013,4,0.004,13,0.014,20,0.022,21,0.024,23,0.029,16,0.02,21,0.036,5,0.012,8,0.025,7,0.027,1,0.005,2,0.007,0,0,3,0.007,7,0.012,5,0.007,6,0.008,11,0.013,14,0.016,10,0.012,9,0.01,7,0.008,6,0.006,4,0.004,11,0.013,13,0.016,10,0.013,9,0.014,6,0.012,5,0.011,2,0.009,1,0.007,1,0.008,2,0.011,0,0,1,0.002,2,0.003,12,0.016,11,0.015,5,0.007,8,0.012,9,0.013,16,0.022,5,0.007,9,0.012,9,0.012,13,0.016,9,0.011,16,0.021,11,0.016,10,0.015,13,0.024,7,0.017
Region 8,Region 12,9,0.014,6,0.018,4,0.018,5,0.03,1,0.005,2,0.006,2,0.004,3,0.005,9,0.013,4,0.005,6,0.009,2,0.003,2,0.003,4,0.005,3,0.005,4,0.007,7,0.01,9,0.009,11,0.011,4,0.004,5,0.006,10,0.012,15,0.018,11,0.015,4,0.005,8,0.015,10,0.025,6,0.02,3,0.012,1,0.004,2,0.006,3,0.007,4,0.008,7,0.011,1,0.001,2,0.002,6,0.007,4,0.005,6,0.007,8,0.009,3,0.003,5,0.005,5,0.005,4,0.004,10,0.011,13,0.014,14,0.016,11,0.014,10,0.012,4,0.007,3,0.007,5,0.016,6,0.023,0,0,3,0.011,2,0.006,3,0.007,4,0.007,9,0.013,5,0.006,6,0.007,5,0.006,6,0.007,4,0.005,4,0.004,4,0.004,7,0.007,6,0.007,9,0.011,7,0.009,4,0.006,19,0.038,10,0.023,1,0.004,0,0,4,0.033,1,0.006,1,0.003,3,0.006,4,0.006,9,0.012,5,0.007,7,0.01,6,0.009,4,0.006,5,0.007,1,0.001,3,0.004,5,0.007,11,0.013,9,0.011,6,0.008,7,0.01,11,0.016,9,0.017,10,0.024
Region 8,Region 13,0,0,0,0,0,0,0,0,0,0,0,0,0,0,0,0,0,0,0,0,0,0,0,0,0,0,0,0,0,0,1,0.002,0,0,0,0,0,0,0,0,0,0,0,0,0,0,0,0,0,0,0,0,0,0,0,0,0,0,0,0,0,0,0,0,0,0,0,0,0,0,0,0,0,0,0,0,0,0,0,0,1,0.001,0,0,0,0,0,0,0,0,0,0,0,0,0,0,0,0,0,0,0,0,0,0,0,0,0,0,0,0,0,0,0,0,0,0,0,0,0,0,0,0,0,0,0,0,1,0.001,1,0.001,0,0,0,0,0,0,0,0,0,0,0,0,0,0,0,0,0,0,0,0,0,0,0,0,0,0,0,0,0,0,0,0,0,0,0,0,0,0,0,0,0,0,0,0,0,0,0,0,0,0,0,0,0,0,0,0,0,0,0,0,0,0
Region 8,Region 14,15,0.023,4,0.012,3,0.014,4,0.024,2,0.01,3,0.01,2,0.004,5,0.008,6,0.008,9,0.012,11,0.016,8,0.011,9,0.012,14,0.018,8,0.012,7,0.012,13,0.018,24,0.025,13,0.013,8,0.009,10,0.012,14,0.017,16,0.019,19,0.025,20,0.024,15,0.028,7,0.018,9,0.031,4,0.016,3,0.012,8,0.022,3,0.007,2,0.004,3,0.005,12,0.016,4,0.005,7,0.008,7,0.008,4,0.005,6,0.007,12,0.013,10,0.01,10,0.01,3,0.003,11,0.012,16,0.018,17,0.02,17,0.021,13,0.016,15,0.026,11,0.026,10,0.031,7,0.027,1,0.005,2,0.007,4,0.011,7,0.016,2,0.004,1,0.001,14,0.018,11,0.013,12,0.014,7,0.008,13,0.015,6,0.007,9,0.01,9,0.01,11,0.013,10,0.012,12,0.016,9,0.014,12,0.024,7,0.016,3,0.013,2,0.014,0,0,1,0.006,0,0,0,0,3,0.005,13,0.018,9,0.012,7,0.01,7,0.01,8,0.011,6,0.008,3,0.004,5,0.007,8,0.01,14,0.017,22,0.026,5,0.007,17,0.025,21,0.031,21,0.039,9,0.022
Region 8,Region 15,18,0.028,7,0.021,6,0.027,5,0.03,3,0.015,1,0.003,3,0.006,2,0.003,3,0.004,9,0.012,1,0.001,4,0.006,5,0.007,3,0.004,9,0.014,8,0.014,4,0.006,5,0.005,6,0.006,5,0.005,9,0.01,10,0.012,11,0.013,13,0.017,23,0.027,10,0.018,5,0.013,12,0.041,5,0.02,4,0.016,4,0.011,11,0.025,3,0.006,9,0.014,2,0.003,1,0.001,6,0.007,1,0.001,3,0.004,9,0.01,2,0.002,4,0.004,4,0.004,6,0.006,9,0.01,9,0.01,9,0.01,10,0.013,25,0.031,12,0.021,10,0.023,8,0.025,2,0.008,0,0,2,0.007,4,0.011,3,0.007,2,0.004,4,0.006,1,0.001,1,0.001,7,0.008,7,0.008,5,0.006,8,0.009,7,0.007,8,0.008,6,0.007,7,0.009,11,0.014,10,0.015,10,0.02,9,0.02,4,0.018,1,0.007,3,0.025,0,0,0,0,3,0.006,1,0.002,6,0.008,11,0.015,4,0.006,8,0.012,3,0.004,5,0.007,7,0.01,8,0.011,2,0.003,4,0.005,1,0.001,4,0.005,9,0.013,6,0.009,6,0.011,7,0.017
Region 8,Region 16,42,0.065,24,0.072,16,0.073,3,0.018,2,0.01,3,0.01,14,0.03,20,0.032,41,0.057,40,0.055,39,0.055,47,0.065,37,0.049,41,0.053,44,0.068,64,0.113,59,0.084,64,0.066,77,0.077,60,0.065,59,0.069,71,0.085,83,0.101,59,0.079,70,0.083,46,0.085,48,0.121,26,0.089,12,0.048,4,0.016,8,0.022,9,0.02,16,0.03,34,0.053,30,0.04,63,0.079,60,0.072,64,0.075,61,0.072,40,0.046,80,0.088,76,0.079,78,0.078,66,0.07,87,0.097,68,0.075,71,0.082,90,0.113,61,0.075,46,0.08,19,0.044,20,0.062,7,0.027,10,0.046,9,0.032,20,0.057,19,0.043,16,0.028,37,0.054,38,0.049,46,0.056,64,0.075,49,0.056,61,0.07,55,0.061,56,0.06,62,0.066,56,0.065,56,0.068,47,0.061,41,0.063,32,0.064,21,0.047,13,0.058,4,0.029,3,0.025,3,0.017,4,0.013,12,0.024,22,0.034,46,0.062,39,0.054,25,0.036,38,0.056,42,0.059,32,0.045,45,0.063,68,0.091,84,0.11,53,0.063,57,0.067,60,0.08,41,0.06,46,0.067,35,0.065,28,0.068
Region 9,Region 0,400,0.623,154,0.461,82,0.373,77,0.46,106,0.52,165,0.526,306,0.646,493,0.799,620,0.863,516,0.708,481,0.683,522,0.721,424,0.562,568,0.741,589,0.905,681,1.202,780,1.107,860,0.884,759,0.763,587,0.64,500,0.582,631,0.754,653,0.795,467,0.625,564,0.665,265,0.49,201,0.508,191,0.65,145,0.581,152,0.604,207,0.571,348,0.778,449,0.849,614,0.951,776,1.046,647,0.808,603,0.722,516,0.607,667,0.782,579,0.662,748,0.822,919,0.951,687,0.689,483,0.514,563,0.625,608,0.672,501,0.582,496,0.622,511,0.627,267,0.464,202,0.47,149,0.464,125,0.481,121,0.552,143,0.509,217,0.614,248,0.555,306,0.542,444,0.646,510,0.66,542,0.656,604,0.708,584,0.673,581,0.666,773,0.859,710,0.76,457,0.483,402,0.468,451,0.55,418,0.543,363,0.557,280,0.558,312,0.705,143,0.638,74,0.528,55,0.453,80,0.44,159,0.5,280,0.569,481,0.746,566,0.766,480,0.661,444,0.637,378,0.555,426,0.599,454,0.638,586,0.823,635,0.851,706,0.921,652,0.781,495,0.58,407,0.543,373,0.542,339,0.496,259,0.484,222,0.538
Region 9,Region 1,42,0.065,21,0.063,17,0.077,16,0.096,20,0.098,30,0.096,57,0.12,60,0.097,47,0.065,40,0.055,44,0.062,32,0.044,40,0.053,31,0.04,20,0.031,23,0.041,38,0.054,33,0.034,62,0.062,46,0.05,50,0.058,65,0.078,58,0.071,47,0.063,72,0.085,38,0.07,28,0.071,22,0.075,27,0.108,32,0.127,38,0.105,63,0.141,34,0.064,40,0.062,44,0.059,37,0.046,49,0.059,32,0.038,45,0.053,27,0.031,39,0.043,60,0.062,48,0.048,48,0.051,42,0.047,43,0.048,58,0.067,43,0.054,62,0.076,54,0.094,21,0.049,22,0.069,19,0.073,23,0.105,33,0.117,42,0.119,44,0.099,31,0.055,55,0.08,34,0.044,45,0.054,43,0.05,45,0.052,43,0.049,45,0.05,53,0.057,47,0.05,48,0.056,52,0.063,46,0.06,49,0.075,43,0.086,47,0.106,26,0.116,10,0.071,10,0.082,19,0.105,30,0.094,47,0.096,60,0.093,46,0.062,41,0.056,39,0.056,29,0.043,38,0.053,38,0.053,26,0.037,40,0.054,28,0.037,52,0.062,44,0.052,31,0.041,42,0.061,48,0.07,36,0.067,38,0.092
Region 9,Region 2,111,0.173,44,0.132,32,0.145,35,0.209,60,0.294,98,0.312,108,0.228,105,0.17,107,0.149,94,0.129,89,0.126,108,0.149,92,0.122,96,0.125,94,0.145,97,0.171,100,0.142,135,0.139,162,0.163,121,0.132,118,0.137,125,0.149,153,0.186,139,0.186,134,0.158,54,0.1,61,0.154,40,0.136,52,0.208,80,0.318,77,0.213,89,0.199,84,0.159,91,0.141,103,0.139,135,0.169,114,0.137,127,0.149,133,0.156,129,0.148,157,0.172,159,0.165,158,0.158,132,0.141,124,0.138,114,0.126,106,0.123,153,0.192,135,0.166,63,0.109,76,0.177,38,0.118,58,0.223,64,0.292,65,0.231,93,0.263,61,0.137,79,0.14,115,0.167,118,0.153,121,0.146,115,0.135,140,0.161,133,0.153,137,0.152,129,0.138,133,0.141,115,0.134,125,0.153,102,0.133,114,0.175,90,0.179,83,0.187,25,0.112,32,0.228,37,0.305,55,0.303,85,0.267,100,0.203,136,0.211,145,0.196,107,0.147,117,0.168,124,0.182,115,0.162,117,0.164,103,0.145,106,0.142,106,0.138,111,0.133,79,0.093,87,0.116,92,0.134,101,0.148,73,0.136,60,0.145
Region 9,Region 3,668,1.04,296,0.887,204,0.927,139,0.83,177,0.868,238,0.759,415,0.876,627,1.016,694,0.966,675,0.926,676,0.96,789,1.09,916,1.215,1054,1.374,1051,1.616,1131,1.997,1213,1.722,1257,1.292,1178,1.184,971,1.059,811,0.944,1224,1.463,1090,1.326,807,1.08,840,0.99,453,0.837,335,0.847,328,1.117,297,1.19,284,1.129,382,1.054,631,1.41,772,1.46,835,1.293,929,1.252,853,1.066,963,1.153,990,1.164,995,1.167,1017,1.163,1201,1.32,1353,1.4,1098,1.101,846,0.901,818,0.908,811,0.896,713,0.828,767,0.962,879,1.079,495,0.86,329,0.765,286,0.891,251,0.965,200,0.913,262,0.933,381,1.079,450,1.008,526,0.931,616,0.896,700,0.905,749,0.906,855,1.002,941,1.084,968,1.11,1214,1.349,1146,1.227,1015,1.073,991,1.154,878,1.072,651,0.846,681,1.044,740,1.475,677,1.529,275,1.227,174,1.242,157,1.292,156,0.858,209,0.657,382,0.777,596,0.924,666,0.901,610,0.84,566,0.813,622,0.913,689,0.969,781,1.097,876,1.23,943,1.264,1027,1.339,1137,1.361,844,0.989,630,0.84,603,0.876,556,0.813,479,0.895,403,0.977
Region 9,Region 4,25,0.039,13,0.039,12,0.055,8,0.048,12,0.059,10,0.032,32,0.068,38,0.062,31,0.043,21,0.029,17,0.024,13,0.018,18,0.024,21,0.027,21,0.032,22,0.039,17,0.024,13,0.013,30,0.03,38,0.041,23,0.027,27,0.032,26,0.032,20,0.027,36,0.042,18,0.033,16,0.04,11,0.037,13,0.052,18,0.072,21,0.058,21,0.047,31,0.059,22,0.034,23,0.031,28,0.035,27,0.032,28,0.033,11,0.013,24,0.027,23,0.025,33,0.034,36,0.036,27,0.029,27,0.03,38,0.042,25,0.029,33,0.041,38,0.047,19,0.033,13,0.03,12,0.037,9,0.035,12,0.055,18,0.064,21,0.059,28,0.063,24,0.042,22,0.032,24,0.031,35,0.042,29,0.034,22,0.025,22,0.025,23,0.026,23,0.025,19,0.02,27,0.031,34,0.041,32,0.042,31,0.048,16,0.032,17,0.038,11,0.049,8,0.057,9,0.074,7,0.039,21,0.066,26,0.053,37,0.057,40,0.054,20,0.028,16,0.023,18,0.026,20,0.028,19,0.027,23,0.032,24,0.032,25,0.033,25,0.03,25,0.029,22,0.029,21,0.03,27,0.039,26,0.049,18,0.044
Region 9,Region 5,28,0.044,15,0.045,9,0.041,17,0.102,9,0.044,25,0.08,31,0.065,38,0.062,32,0.045,38,0.052,36,0.051,30,0.041,33,0.044,31,0.04,19,0.029,28,0.049,32,0.045,35,0.036,41,0.041,59,0.064,36,0.042,41,0.049,28,0.034,34,0.045,42,0.05,25,0.046,20,0.051,16,0.054,11,0.044,12,0.048,31,0.086,23,0.051,38,0.072,42,0.065,47,0.063,47,0.059,46,0.055,40,0.047,38,0.045,32,0.037,55,0.06,40,0.041,59,0.059,35,0.037,34,0.038,46,0.051,41,0.048,32,0.04,45,0.055,29,0.05,10,0.023,14,0.044,13,0.05,14,0.064,27,0.096,20,0.057,32,0.072,44,0.078,53,0.077,37,0.048,48,0.058,32,0.038,31,0.036,23,0.026,24,0.027,37,0.04,52,0.055,36,0.042,41,0.05,29,0.038,28,0.043,21,0.042,24,0.054,13,0.058,8,0.057,8,0.066,14,0.077,19,0.06,43,0.087,48,0.074,57,0.077,41,0.056,32,0.046,22,0.032,19,0.027,24,0.034,25,0.035,18,0.024,24,0.031,37,0.044,33,0.039,21,0.028,16,0.023,35,0.051,34,0.064,20,0.048
Region 9,Region 6,30,0.047,10,0.03,2,0.009,2,0.012,2,0.01,9,0.029,12,0.025,13,0.021,8,0.011,7,0.01,8,0.011,2,0.003,9,0.012,8,0.01,9,0.014,7,0.012,5,0.007,17,0.017,19,0.019,16,0.017,12,0.014,14,0.017,21,0.026,19,0.025,32,0.038,17,0.031,7,0.018,4,0.014,4,0.016,7,0.028,7,0.019,7,0.016,8,0.015,16,0.025,15,0.02,13,0.016,12,0.014,15,0.018,14,0.016,13,0.015,15,0.016,15,0.016,14,0.014,14,0.015,15,0.017,11,0.012,20,0.023,16,0.02,20,0.025,18,0.031,8,0.019,6,0.019,4,0.015,3,0.014,4,0.014,8,0.023,11,0.025,12,0.021,7,0.01,6,0.008,15,0.018,15,0.018,8,0.009,11,0.013,12,0.013,17,0.018,17,0.018,16,0.019,18,0.022,13,0.017,13,0.02,9,0.018,9,0.02,4,0.018,5,0.036,0,0,4,0.022,16,0.05,9,0.018,12,0.019,7,0.009,6,0.008,3,0.004,13,0.019,11,0.015,9,0.013,6,0.008,5,0.007,13,0.017,8,0.01,15,0.018,8,0.011,14,0.02,9,0.013,7,0.013,14,0.034
Region 9,Region 7,23,0.036,13,0.039,4,0.018,10,0.06,12,0.059,23,0.073,31,0.065,41,0.066,44,0.061,39,0.053,25,0.035,14,0.019,28,0.037,20,0.026,21,0.032,15,0.026,22,0.031,16,0.016,35,0.035,35,0.038,23,0.027,31,0.037,42,0.051,13,0.017,37,0.044,21,0.039,11,0.028,8,0.027,9,0.036,9,0.036,15,0.041,28,0.063,19,0.036,27,0.042,19,0.026,29,0.036,16,0.019,15,0.018,28,0.033,22,0.025,26,0.029,26,0.027,28,0.028,14,0.015,26,0.029,32,0.035,32,0.037,29,0.036,36,0.044,15,0.026,18,0.042,9,0.028,11,0.042,12,0.055,16,0.057,21,0.059,18,0.04,20,0.035,25,0.036,18,0.023,25,0.03,23,0.027,19,0.022,19,0.022,32,0.036,33,0.035,26,0.027,16,0.019,24,0.029,9,0.012,19,0.029,18,0.036,17,0.038,5,0.022,9,0.064,6,0.049,10,0.055,26,0.082,33,0.067,42,0.065,35,0.047,21,0.029,9,0.013,13,0.019,19,0.027,22,0.031,22,0.031,25,0.034,22,0.029,19,0.023,18,0.021,10,0.013,9,0.013,14,0.02,21,0.039,13,0.032
Region 9,Region 8,7,0.011,4,0.012,1,0.005,1,0.006,0,0,2,0.006,4,0.008,7,0.011,9,0.013,9,0.012,7,0.01,7,0.01,2,0.003,1,0.001,7,0.011,4,0.007,7,0.01,5,0.005,13,0.013,15,0.016,11,0.013,16,0.019,7,0.009,7,0.009,9,0.011,5,0.009,4,0.01,1,0.003,0,0,5,0.02,6,0.017,3,0.007,9,0.017,6,0.009,6,0.008,7,0.009,9,0.011,14,0.016,16,0.019,8,0.009,13,0.014,16,0.017,21,0.021,7,0.007,13,0.014,9,0.01,5,0.006,3,0.004,8,0.01,3,0.005,3,0.007,3,0.009,0,0,2,0.009,6,0.021,4,0.011,4,0.009,6,0.011,7,0.01,7,0.009,4,0.005,9,0.011,7,0.008,10,0.011,10,0.011,15,0.016,12,0.013,9,0.01,15,0.018,10,0.013,6,0.009,4,0.008,6,0.014,2,0.009,0,0,1,0.008,2,0.011,0,0,4,0.008,10,0.016,17,0.023,10,0.014,12,0.017,7,0.01,5,0.007,3,0.004,5,0.007,3,0.004,9,0.012,10,0.012,6,0.007,4,0.005,6,0.009,8,0.012,3,0.006,4,0.01
Region 9,Region 9,866,1.348,417,1.249,312,1.418,227,1.356,187,0.917,309,0.985,518,1.093,838,1.358,1078,1.501,1081,1.483,936,1.329,968,1.337,1023,1.357,1069,1.394,924,1.42,780,1.377,1055,1.498,1429,1.469,1423,1.43,1214,1.324,1087,1.266,1208,1.444,1082,1.316,992,1.327,1146,1.351,679,1.255,472,1.193,352,1.198,311,1.247,311,1.237,414,1.143,581,1.298,699,1.322,857,1.327,993,1.338,1090,1.362,1056,1.265,1207,1.419,1225,1.437,1217,1.392,1301,1.429,1196,1.238,1223,1.226,1189,1.266,1201,1.333,1099,1.215,1056,1.226,1022,1.282,1064,1.306,746,1.296,570,1.325,421,1.311,383,1.473,260,1.186,402,1.431,419,1.186,437,0.979,616,1.09,854,1.242,947,1.225,1082,1.309,1125,1.318,1079,1.243,1142,1.31,1137,1.264,1099,1.177,1178,1.245,996,1.16,1132,1.382,1100,1.43,890,1.365,810,1.615,756,1.707,409,1.825,254,1.814,186,1.531,197,1.084,284,0.892,595,1.21,880,1.364,1081,1.463,1077,1.483,876,1.258,863,1.266,953,1.341,940,1.32,1057,1.484,1082,1.45,1103,1.438,1140,1.365,1116,1.308,994,1.325,944,1.371,803,1.174,760,1.42,671,1.627
Region 9,Region 10,11,0.017,0,0,2,0.009,2,0.012,8,0.039,14,0.045,24,0.051,20,0.032,35,0.049,23,0.032,13,0.018,15,0.021,12,0.016,7,0.009,10,0.015,6,0.011,8,0.011,18,0.019,19,0.019,16,0.017,21,0.024,28,0.033,23,0.028,12,0.016,20,0.024,6,0.011,4,0.01,4,0.014,6,0.024,8,0.032,18,0.05,11,0.025,12,0.023,17,0.026,14,0.019,16,0.02,13,0.016,13,0.015,18,0.021,20,0.023,21,0.023,14,0.014,16,0.016,15,0.016,15,0.017,14,0.015,13,0.015,14,0.018,18,0.022,8,0.014,8,0.019,3,0.009,1,0.004,5,0.023,8,0.028,6,0.017,8,0.018,15,0.027,24,0.035,14,0.018,18,0.022,10,0.012,11,0.013,13,0.015,19,0.021,23,0.025,19,0.02,12,0.014,20,0.024,13,0.017,14,0.021,10,0.02,6,0.014,3,0.013,3,0.021,1,0.008,10,0.055,14,0.044,21,0.043,30,0.047,35,0.047,16,0.022,23,0.033,12,0.018,12,0.017,15,0.021,15,0.021,8,0.011,14,0.018,16,0.019,15,0.018,14,0.019,4,0.006,10,0.015,11,0.021,6,0.015
Region 9,Region 11,10,0.016,6,0.018,2,0.009,2,0.012,6,0.029,5,0.016,27,0.057,28,0.045,32,0.045,26,0.036,27,0.038,29,0.04,14,0.019,13,0.017,18,0.028,17,0.03,24,0.034,25,0.026,25,0.025,29,0.032,14,0.016,28,0.033,20,0.024,15,0.02,16,0.019,6,0.011,2,0.005,3,0.01,8,0.032,11,0.044,16,0.044,13,0.029,26,0.049,21,0.033,22,0.03,22,0.027,27,0.032,26,0.031,28,0.033,15,0.017,24,0.026,20,0.021,17,0.017,24,0.026,16,0.018,18,0.02,11,0.013,18,0.023,15,0.018,6,0.01,3,0.007,3,0.009,2,0.008,7,0.032,22,0.078,23,0.065,17,0.038,16,0.028,11,0.016,31,0.04,23,0.028,36,0.042,28,0.032,14,0.016,18,0.02,25,0.027,28,0.03,18,0.021,18,0.022,23,0.03,16,0.025,14,0.028,13,0.029,7,0.031,6,0.043,3,0.025,3,0.017,6,0.019,25,0.051,32,0.05,29,0.039,25,0.034,31,0.045,14,0.021,23,0.032,23,0.032,23,0.032,23,0.031,17,0.022,15,0.018,19,0.022,9,0.012,18,0.026,18,0.026,8,0.015,15,0.036
Region 9,Region 12,101,0.157,54,0.162,56,0.255,40,0.239,38,0.186,48,0.153,87,0.184,133,0.216,194,0.27,175,0.24,145,0.206,139,0.192,151,0.2,170,0.222,101,0.155,95,0.168,142,0.202,195,0.201,207,0.208,188,0.205,169,0.197,155,0.185,142,0.173,126,0.169,151,0.178,119,0.22,76,0.192,68,0.231,58,0.232,50,0.199,68,0.188,80,0.179,104,0.197,122,0.189,132,0.178,169,0.211,147,0.176,177,0.208,170,0.199,167,0.191,200,0.22,158,0.163,171,0.171,203,0.216,202,0.224,179,0.198,150,0.174,162,0.203,130,0.16,97,0.169,86,0.2,73,0.227,50,0.192,54,0.246,64,0.228,67,0.19,57,0.128,115,0.204,139,0.202,108,0.14,142,0.172,148,0.173,161,0.185,192,0.22,148,0.164,173,0.185,188,0.199,164,0.191,144,0.176,162,0.211,115,0.176,119,0.237,127,0.287,59,0.263,32,0.228,22,0.181,22,0.121,49,0.154,95,0.193,178,0.276,191,0.258,176,0.242,137,0.197,145,0.213,151,0.212,134,0.188,139,0.195,162,0.217,162,0.211,183,0.219,196,0.23,161,0.215,120,0.174,136,0.199,96,0.179,88,0.213
Region 9,Region 13,0,0,0,0,0,0,0,0,0,0,0,0,0,0,0,0,0,0,0,0,0,0,0,0,0,0,0,0,0,0,0,0,0,0,0,0,0,0,0,0,0,0,0,0,0,0,0,0,0,0,0,0,0,0,0,0,0,0,0,0,0,0,0,0,0,0,0,0,0,0,0,0,0,0,0,0,0,0,0,0,0,0,0,0,0,0,0,0,0,0,0,0,0,0,0,0,0,0,0,0,0,0,0,0,0,0,0,0,0,0,0,0,0,0,0,0,0,0,0,0,0,0,0,0,0,0,0,0,0,0,0,0,0,0,0,0,0,0,0,0,0,0,0,0,0,0,0,0,0,0,0,0,0,0,0,0,0,0,0,0,0,0,0,0,0,0,0,0,0,0,0,0,0,0,0,0,0,0,0,0,0,0,0,0,0,0,0,0,0,0,0,0
Region 9,Region 14,30,0.047,15,0.045,9,0.041,9,0.054,8,0.039,22,0.07,32,0.068,54,0.088,66,0.092,47,0.064,39,0.055,32,0.044,49,0.065,32,0.042,34,0.052,31,0.055,33,0.047,52,0.053,61,0.061,56,0.061,29,0.034,45,0.054,39,0.047,26,0.035,35,0.041,7,0.013,17,0.043,12,0.041,8,0.032,15,0.06,22,0.061,22,0.049,31,0.059,35,0.054,37,0.05,46,0.057,42,0.05,45,0.053,61,0.072,59,0.067,52,0.057,48,0.05,62,0.062,49,0.052,43,0.048,37,0.041,32,0.037,36,0.045,34,0.042,15,0.026,9,0.021,10,0.031,12,0.046,12,0.055,21,0.075,23,0.065,33,0.074,28,0.05,46,0.067,28,0.036,51,0.062,39,0.046,43,0.05,49,0.056,74,0.082,62,0.066,48,0.051,46,0.054,38,0.046,23,0.03,25,0.038,23,0.046,26,0.059,10,0.045,14,0.1,2,0.016,2,0.011,13,0.041,37,0.075,57,0.088,78,0.106,50,0.069,57,0.082,36,0.053,46,0.065,38,0.053,45,0.063,47,0.063,34,0.044,45,0.054,54,0.063,37,0.049,25,0.036,32,0.047,19,0.036,22,0.053
Region 9,Region 15,45,0.07,18,0.054,17,0.077,12,0.072,13,0.064,17,0.054,43,0.091,81,0.131,94,0.131,75,0.103,63,0.089,62,0.086,79,0.105,69,0.09,61,0.094,47,0.083,57,0.081,91,0.094,102,0.103,94,0.103,76,0.088,76,0.091,84,0.102,61,0.082,61,0.072,39,0.072,27,0.068,20,0.068,17,0.068,17,0.068,25,0.069,38,0.085,61,0.115,87,0.135,70,0.094,80,0.1,82,0.098,119,0.14,101,0.118,78,0.089,77,0.085,74,0.077,61,0.061,83,0.088,89,0.099,80,0.088,76,0.088,73,0.092,65,0.08,48,0.083,29,0.067,20,0.062,16,0.062,17,0.078,29,0.103,26,0.074,28,0.063,43,0.076,75,0.109,77,0.1,41,0.05,61,0.071,63,0.073,74,0.085,79,0.088,85,0.091,79,0.083,64,0.075,68,0.083,67,0.087,53,0.081,48,0.096,43,0.097,34,0.152,14,0.1,11,0.091,12,0.066,22,0.069,36,0.073,78,0.121,95,0.129,71,0.098,69,0.099,69,0.101,58,0.082,62,0.087,56,0.079,76,0.102,77,0.1,77,0.092,50,0.059,47,0.063,50,0.073,35,0.051,39,0.073,32,0.078
Region 9,Region 16,47,0.073,14,0.042,13,0.059,10,0.06,12,0.059,23,0.073,26,0.055,66,0.107,71,0.099,45,0.062,53,0.075,30,0.041,46,0.061,35,0.046,37,0.057,19,0.034,42,0.06,51,0.052,68,0.068,57,0.062,58,0.068,51,0.061,32,0.039,38,0.051,51,0.06,37,0.068,22,0.056,14,0.048,17,0.068,11,0.044,34,0.094,41,0.092,29,0.055,47,0.073,45,0.061,33,0.041,50,0.06,46,0.054,41,0.048,54,0.062,57,0.063,48,0.05,63,0.063,51,0.054,64,0.071,37,0.041,47,0.055,40,0.05,25,0.031,27,0.047,25,0.058,19,0.059,8,0.031,14,0.064,28,0.1,36,0.102,29,0.065,33,0.058,51,0.074,42,0.054,46,0.056,47,0.055,57,0.066,49,0.056,47,0.052,57,0.061,58,0.061,52,0.061,50,0.061,58,0.075,48,0.074,30,0.06,24,0.054,18,0.08,8,0.057,4,0.033,8,0.044,21,0.066,28,0.057,73,0.113,80,0.108,49,0.067,40,0.057,32,0.047,45,0.063,26,0.037,36,0.051,35,0.047,56,0.073,50,0.06,47,0.055,31,0.041,34,0.049,32,0.047,30,0.056,13,0.032
Region 10,Region 0,48,0.075,45,0.135,22,0.1,10,0.06,15,0.074,17,0.054,44,0.093,73,0.118,63,0.088,50,0.069,50,0.071,45,0.062,54,0.072,51,0.066,31,0.048,33,0.058,42,0.06,44,0.045,61,0.061,66,0.072,52,0.061,72,0.086,75,0.091,65,0.087,68,0.08,46,0.085,31,0.078,42,0.143,24,0.096,7,0.028,18,0.05,27,0.06,28,0.053,28,0.043,37,0.05,68,0.085,61,0.073,44,0.052,51,0.06,52,0.059,49,0.054,52,0.054,58,0.058,57,0.061,68,0.075,76,0.084,93,0.108,65,0.082,56,0.069,48,0.083,40,0.093,44,0.137,24,0.092,13,0.059,17,0.061,38,0.108,37,0.083,33,0.058,52,0.076,51,0.066,42,0.051,49,0.057,55,0.063,64,0.073,48,0.053,60,0.064,64,0.068,47,0.055,70,0.085,41,0.053,42,0.064,34,0.068,25,0.056,17,0.076,1,0.007,9,0.074,7,0.039,15,0.047,25,0.051,44,0.068,39,0.053,26,0.036,45,0.065,45,0.066,47,0.066,47,0.066,51,0.072,65,0.087,78,0.102,71,0.085,65,0.076,53,0.071,48,0.07,53,0.077,37,0.069,27,0.065
Region 10,Region 1,404,0.629,288,0.863,190,0.864,137,0.819,110,0.539,154,0.491,283,0.597,312,0.506,321,0.447,286,0.392,275,0.39,248,0.343,251,0.333,260,0.339,166,0.255,137,0.242,263,0.373,353,0.363,394,0.396,374,0.408,328,0.382,380,0.454,385,0.468,443,0.593,561,0.661,475,0.878,403,1.019,248,0.844,206,0.826,105,0.418,147,0.406,162,0.362,200,0.378,251,0.389,221,0.298,237,0.296,264,0.316,287,0.337,261,0.306,359,0.411,311,0.342,431,0.446,422,0.423,376,0.4,353,0.392,430,0.475,458,0.532,494,0.62,530,0.65,527,0.916,389,0.904,292,0.909,178,0.685,91,0.415,107,0.381,136,0.385,152,0.34,199,0.352,211,0.307,213,0.276,206,0.249,243,0.285,296,0.341,313,0.359,316,0.351,301,0.322,291,0.308,286,0.333,340,0.415,387,0.503,318,0.488,238,0.475,208,0.47,126,0.562,74,0.528,58,0.477,62,0.341,119,0.374,227,0.462,300,0.465,333,0.451,250,0.344,233,0.334,242,0.355,295,0.415,252,0.354,285,0.4,329,0.441,351,0.458,348,0.417,354,0.415,265,0.353,317,0.46,355,0.519,315,0.589,216,0.524
Region 10,Region 2,45,0.07,36,0.108,23,0.105,16,0.096,12,0.059,19,0.061,12,0.025,15,0.024,11,0.015,23,0.032,28,0.04,31,0.043,30,0.04,25,0.033,20,0.031,14,0.025,13,0.018,15,0.015,25,0.025,13,0.014,25,0.029,42,0.05,41,0.05,29,0.039,62,0.073,39,0.072,38,0.096,28,0.095,32,0.128,20,0.08,19,0.052,18,0.04,18,0.034,21,0.033,15,0.02,16,0.02,21,0.025,16,0.019,16,0.019,18,0.021,27,0.03,29,0.03,29,0.029,19,0.02,29,0.032,29,0.032,54,0.063,43,0.054,44,0.054,38,0.066,34,0.079,35,0.109,33,0.127,16,0.073,16,0.057,16,0.045,14,0.031,9,0.016,11,0.016,17,0.022,21,0.025,29,0.034,21,0.024,21,0.024,31,0.034,31,0.033,29,0.031,27,0.031,21,0.026,11,0.014,27,0.041,25,0.05,18,0.041,15,0.067,6,0.043,9,0.074,9,0.05,18,0.057,18,0.037,15,0.023,10,0.014,26,0.036,21,0.03,21,0.031,31,0.044,22,0.031,27,0.038,21,0.028,28,0.037,21,0.025,18,0.021,20,0.027,22,0.032,28,0.041,26,0.049,23,0.056
Region 10,Region 3,68,0.106,45,0.135,20,0.091,22,0.131,15,0.074,19,0.061,32,0.068,34,0.055,32,0.045,28,0.038,34,0.048,57,0.079,42,0.056,47,0.061,33,0.051,28,0.049,26,0.037,49,0.05,68,0.068,60,0.065,49,0.057,74,0.088,80,0.097,65,0.087,107,0.126,77,0.142,47,0.119,39,0.133,26,0.104,16,0.064,14,0.039,19,0.042,12,0.023,24,0.037,54,0.073,46,0.057,68,0.081,68,0.08,61,0.072,61,0.07,55,0.06,58,0.06,68,0.068,59,0.063,54,0.06,84,0.093,90,0.104,67,0.084,80,0.098,74,0.129,64,0.149,55,0.171,38,0.146,20,0.091,27,0.096,42,0.119,40,0.09,33,0.058,48,0.07,56,0.072,64,0.077,54,0.063,46,0.053,43,0.049,46,0.051,59,0.063,70,0.074,63,0.073,53,0.065,58,0.075,52,0.08,41,0.082,37,0.084,25,0.112,12,0.086,6,0.049,11,0.061,14,0.044,25,0.051,27,0.042,43,0.058,36,0.05,33,0.047,31,0.045,33,0.046,47,0.066,62,0.087,50,0.067,79,0.103,82,0.098,85,0.1,60,0.08,56,0.081,54,0.079,53,0.099,49,0.119
Region 10,Region 4,867,1.349,473,1.417,297,1.35,198,1.183,185,0.907,264,0.842,301,0.635,486,0.788,568,0.791,652,0.894,663,0.941,666,0.92,731,0.969,690,0.9,499,0.767,385,0.68,494,0.701,791,0.813,822,0.826,783,0.854,720,0.838,793,0.948,895,1.089,916,1.226,1066,1.257,738,1.364,573,1.449,425,1.447,258,1.034,219,0.871,266,0.734,308,0.688,375,0.709,442,0.684,527,0.71,565,0.706,612,0.733,651,0.765,607,0.712,695,0.795,772,0.848,787,0.814,832,0.834,804,0.856,803,0.892,1119,1.237,1202,1.395,970,1.216,1007,1.236,720,1.251,536,1.246,346,1.077,300,1.154,225,1.027,193,0.687,256,0.725,326,0.73,430,0.761,435,0.633,526,0.68,631,0.764,645,0.756,683,0.787,632,0.725,726,0.807,748,0.801,686,0.725,746,0.869,665,0.812,676,0.879,529,0.811,473,0.943,483,1.091,246,1.098,121,0.864,102,0.84,144,0.792,213,0.669,264,0.537,383,0.594,543,0.735,659,0.908,646,0.927,687,1.008,781,1.099,735,1.032,770,1.081,712,0.954,655,0.854,723,0.866,720,0.844,727,0.969,721,1.047,786,1.149,619,1.157,440,1.067
Region 10,Region 5,315,0.49,273,0.818,173,0.786,125,0.747,126,0.618,133,0.424,168,0.354,183,0.297,200,0.278,213,0.292,238,0.338,247,0.341,214,0.284,198,0.258,143,0.22,102,0.18,217,0.308,267,0.275,357,0.359,270,0.295,253,0.295,268,0.32,302,0.367,284,0.38,376,0.443,311,0.575,293,0.741,214,0.729,210,0.842,180,0.716,175,0.483,190,0.425,199,0.376,182,0.282,195,0.263,215,0.269,222,0.266,232,0.273,225,0.264,256,0.293,273,0.3,297,0.307,307,0.308,282,0.3,294,0.326,286,0.316,310,0.36,333,0.418,401,0.492,297,0.516,251,0.583,187,0.582,108,0.415,64,0.292,69,0.246,98,0.277,155,0.347,213,0.377,198,0.288,224,0.29,243,0.294,279,0.327,248,0.286,236,0.271,225,0.25,210,0.225,221,0.234,200,0.233,221,0.27,253,0.329,257,0.394,283,0.564,288,0.65,115,0.513,87,0.621,57,0.469,86,0.473,108,0.339,118,0.24,191,0.296,238,0.322,224,0.308,183,0.263,147,0.216,193,0.271,210,0.295,224,0.315,261,0.35,252,0.329,255,0.305,251,0.294,194,0.259,195,0.283,203,0.297,192,0.359,262,0.635
Region 10,Region 6,1594,2.481,987,2.957,714,3.245,513,3.065,437,2.143,498,1.588,624,1.317,644,1.044,681,0.948,728,0.999,495,0.703,699,0.966,851,1.129,727,0.948,545,0.838,597,1.054,748,1.062,951,0.978,1117,1.123,1182,1.289,1173,1.366,1416,1.693,1405,1.709,1505,2.014,1980,2.334,1519,2.807,1258,3.18,897,3.054,683,2.738,442,1.758,467,1.289,539,1.204,662,1.252,672,1.04,722,0.973,844,1.054,898,1.075,919,1.08,970,1.138,1027,1.175,1057,1.161,1213,1.255,1318,1.321,1230,1.31,1182,1.312,1369,1.513,1330,1.544,1444,1.811,1702,2.089,1404,2.44,1229,2.857,977,3.042,683,2.627,429,1.958,384,1.367,485,1.373,534,1.196,644,1.14,617,0.898,808,1.045,947,1.146,983,1.152,1088,1.253,1051,1.205,1094,1.216,1165,1.248,1230,1.3,1126,1.312,948,1.157,1008,1.31,941,1.443,872,1.739,843,1.904,524,2.338,287,2.049,206,1.696,296,1.629,401,1.26,472,0.96,520,0.806,650,0.88,703,0.968,695,0.998,431,0.632,550,0.774,491,0.69,563,0.791,726,0.973,868,1.132,960,1.149,994,1.165,846,1.128,957,1.39,1010,1.477,937,1.751,820,1.988
Region 10,Region 7,1049,1.633,591,1.771,410,1.863,261,1.559,227,1.113,372,1.186,558,1.177,667,1.081,847,1.179,854,1.171,850,1.207,819,1.131,842,1.117,896,1.168,633,0.973,483,0.853,746,1.059,1196,1.23,1272,1.279,1184,1.292,1232,1.434,1238,1.48,1298,1.579,1352,1.809,1531,1.805,1331,2.459,1002,2.533,579,1.971,341,1.367,237,0.943,371,1.024,499,1.115,606,1.146,801,1.24,806,1.086,805,1.006,946,1.133,909,1.068,928,1.089,966,1.105,1088,1.195,1222,1.264,1337,1.34,1277,1.36,1245,1.382,1308,1.446,1392,1.616,1296,1.625,1329,1.631,1208,2.099,942,2.19,700,2.18,396,1.523,277,1.264,335,1.193,401,1.135,470,1.053,668,1.182,679,0.988,758,0.98,856,1.036,850,0.996,822,0.947,832,0.954,863,0.959,895,0.959,951,1.005,936,1.09,966,1.179,938,1.219,724,1.11,632,1.26,464,1.048,220,0.982,142,1.014,123,1.012,170,0.936,295,0.927,439,0.893,674,1.045,861,1.165,819,1.128,806,1.157,758,1.112,850,1.196,787,1.105,802,1.126,903,1.211,980,1.278,1108,1.326,1088,1.275,987,1.316,969,1.407,1047,1.531,780,1.458,510,1.237
Region 10,Region 8,250,0.389,144,0.431,88,0.4,40,0.239,43,0.211,51,0.163,72,0.152,116,0.188,197,0.274,228,0.313,200,0.284,208,0.287,222,0.294,213,0.278,207,0.318,120,0.212,201,0.285,286,0.294,343,0.345,335,0.365,305,0.355,301,0.36,327,0.398,333,0.446,342,0.403,264,0.488,198,0.501,127,0.432,64,0.257,42,0.167,55,0.152,54,0.121,81,0.153,134,0.207,159,0.214,183,0.229,265,0.317,264,0.31,275,0.323,207,0.237,316,0.347,324,0.335,365,0.366,351,0.374,325,0.361,321,0.355,303,0.352,325,0.408,318,0.39,225,0.391,191,0.444,132,0.411,79,0.304,39,0.178,32,0.114,39,0.11,87,0.195,113,0.2,149,0.217,198,0.256,210,0.254,248,0.291,257,0.296,289,0.331,272,0.302,277,0.297,292,0.309,276,0.321,221,0.27,210,0.273,140,0.215,128,0.255,99,0.224,40,0.178,18,0.129,22,0.181,16,0.088,48,0.151,74,0.15,113,0.175,236,0.319,251,0.346,223,0.32,180,0.264,204,0.287,192,0.27,203,0.285,215,0.288,222,0.289,271,0.324,277,0.325,252,0.336,201,0.292,242,0.354,164,0.306,118,0.286
Region 10,Region 9,39,0.061,21,0.063,23,0.105,15,0.09,9,0.044,8,0.026,20,0.042,14,0.023,14,0.019,10,0.014,6,0.009,17,0.023,12,0.016,13,0.017,10,0.015,6,0.011,3,0.004,12,0.012,27,0.027,21,0.023,23,0.027,16,0.019,29,0.035,31,0.041,38,0.045,33,0.061,40,0.101,33,0.112,17,0.068,13,0.052,6,0.017,3,0.007,14,0.026,8,0.012,3,0.004,9,0.011,12,0.014,16,0.019,7,0.008,14,0.016,11,0.012,17,0.018,16,0.016,23,0.024,10,0.011,21,0.023,26,0.03,30,0.038,33,0.04,35,0.061,35,0.081,24,0.075,25,0.096,13,0.059,14,0.05,11,0.031,8,0.018,8,0.014,9,0.013,16,0.021,15,0.018,17,0.02,13,0.015,11,0.013,9,0.01,13,0.014,22,0.023,24,0.028,21,0.026,21,0.027,16,0.025,28,0.056,20,0.045,14,0.062,10,0.071,6,0.049,11,0.061,12,0.038,11,0.022,10,0.016,7,0.009,10,0.014,19,0.027,14,0.021,13,0.018,11,0.015,9,0.013,8,0.011,10,0.013,17,0.02,24,0.028,19,0.025,22,0.032,20,0.029,18,0.034,17,0.041
Region 10,Region 10,4087,6.361,2197,6.582,1448,6.581,902,5.389,712,3.492,1150,3.666,1814,3.828,2337,3.788,2988,4.159,3481,4.774,3416,4.849,3360,4.642,3733,4.951,3782,4.931,3055,4.696,2095,3.699,2788,3.958,4560,4.689,4880,4.906,4869,5.311,5131,5.974,5298,6.333,5442,6.621,5236,7.005,5712,6.733,4095,7.567,3071,7.764,2015,6.86,1170,4.69,912,3.627,1153,3.182,1641,3.667,2074,3.922,2496,3.864,2751,3.707,3295,4.116,3663,4.387,3780,4.443,3763,4.414,3972,4.544,4062,4.463,4452,4.607,4841,4.853,4807,5.118,4917,5.459,4869,5.382,4608,5.349,4858,6.092,5222,6.408,4406,7.656,3563,8.283,2525,7.863,1683,6.474,1056,4.819,1136,4.044,1425,4.035,1913,4.285,2499,4.422,2948,4.289,3329,4.306,3570,4.32,3733,4.375,3979,4.584,4110,4.713,3896,4.33,4158,4.454,4236,4.477,3891,4.532,3520,4.296,3256,4.233,2771,4.248,1950,3.888,1696,3.83,915,4.083,516,3.684,335,2.757,448,2.465,901,2.831,1414,2.875,2026,3.14,3084,4.174,3636,5.008,3535,5.075,3643,5.346,3739,5.259,3755,5.273,3393,4.765,3313,4.441,3500,4.564,3678,4.403,4085,4.788,4031,5.373,3648,5.297,3977,5.815,2833,5.294,1630,3.953
Region 10,Region 11,64,0.1,77,0.231,35,0.159,25,0.149,14,0.069,15,0.048,31,0.065,46,0.075,53,0.074,38,0.052,45,0.064,40,0.055,39,0.052,48,0.063,25,0.038,27,0.048,47,0.067,45,0.046,72,0.072,55,0.06,69,0.08,56,0.067,76,0.092,87,0.116,120,0.141,125,0.231,97,0.245,67,0.228,35,0.14,29,0.115,45,0.124,20,0.045,23,0.043,37,0.057,37,0.05,42,0.052,41,0.049,62,0.073,62,0.073,41,0.047,44,0.048,65,0.067,63,0.063,57,0.061,46,0.051,71,0.078,88,0.102,114,0.143,130,0.16,111,0.193,86,0.2,65,0.202,35,0.135,14,0.064,22,0.078,20,0.057,21,0.047,39,0.069,38,0.055,62,0.08,53,0.064,55,0.064,74,0.085,50,0.057,60,0.067,64,0.069,51,0.054,47,0.055,42,0.051,43,0.056,43,0.066,35,0.07,30,0.068,11,0.049,7,0.05,11,0.091,5,0.028,16,0.05,26,0.053,24,0.037,38,0.051,38,0.052,39,0.056,54,0.079,51,0.072,44,0.062,57,0.08,60,0.08,50,0.065,42,0.05,44,0.052,47,0.063,52,0.076,57,0.083,47,0.088,30,0.073
Region 10,Region 12,19,0.03,18,0.054,9,0.041,5,0.03,6,0.029,8,0.026,16,0.034,26,0.042,4,0.006,8,0.011,12,0.017,12,0.017,9,0.012,13,0.017,12,0.018,9,0.016,19,0.027,22,0.023,25,0.025,16,0.017,19,0.022,26,0.031,30,0.037,23,0.031,34,0.04,30,0.055,18,0.046,18,0.061,6,0.024,8,0.032,10,0.028,8,0.018,15,0.028,11,0.017,6,0.008,12,0.015,11,0.013,14,0.016,16,0.019,13,0.015,16,0.018,15,0.016,14,0.014,19,0.02,22,0.024,15,0.017,24,0.028,20,0.025,28,0.034,22,0.038,20,0.046,20,0.062,14,0.054,7,0.032,8,0.028,15,0.042,14,0.031,13,0.023,6,0.009,10,0.013,8,0.01,9,0.011,7,0.008,12,0.014,14,0.016,7,0.007,19,0.02,14,0.016,15,0.018,13,0.017,16,0.025,15,0.03,15,0.034,13,0.058,6,0.043,4,0.033,5,0.028,8,0.025,11,0.022,15,0.023,10,0.014,16,0.022,15,0.022,15,0.022,16,0.023,10,0.014,18,0.025,15,0.02,18,0.023,22,0.026,18,0.021,16,0.021,17,0.025,17,0.025,19,0.036,11,0.027
Region 10,Region 13,0,0,0,0,0,0,0,0,0,0,1,0.003,0,0,0,0,0,0,0,0,1,0.001,1,0.001,2,0.003,0,0,0,0,0,0,0,0,0,0,0,0,0,0,0,0,0,0,0,0,0,0,0,0,0,0,0,0,0,0,0,0,0,0,1,0.003,2,0.004,3,0.006,3,0.005,2,0.003,1,0.001,2,0.002,0,0,0,0,0,0,0,0,1,0.001,2,0.002,1,0.001,0,0,0,0,0,0,0,0,0,0,0,0,0,0,0,0,0,0,0,0,0,0,0,0,0,0,0,0,0,0,2,0.003,2,0.002,0,0,0,0,3,0.003,0,0,0,0,0,0,0,0,0,0,0,0,0,0,0,0,0,0,0,0,0,0,0,0,0,0,0,0,0,0,0,0,0,0,0,0,0,0,0,0,0,0,0,0,0,0,0,0,0,0,0,0,0,0,0,0,0,0,0,0,0,0,0,0
Region 10,Region 14,39,0.061,26,0.078,11,0.05,8,0.048,11,0.054,13,0.041,18,0.038,26,0.042,30,0.042,20,0.027,24,0.034,14,0.019,13,0.017,22,0.029,12,0.018,11,0.019,19,0.027,25,0.026,28,0.028,25,0.027,33,0.038,34,0.041,46,0.056,29,0.039,52,0.061,40,0.074,50,0.126,14,0.048,16,0.064,10,0.04,19,0.052,3,0.007,16,0.03,17,0.026,18,0.024,11,0.014,14,0.017,13,0.015,13,0.015,10,0.011,23,0.025,25,0.026,22,0.022,28,0.03,22,0.024,29,0.032,43,0.05,32,0.04,52,0.064,49,0.085,35,0.081,33,0.103,17,0.065,8,0.037,17,0.061,20,0.057,31,0.069,16,0.028,24,0.035,20,0.026,18,0.022,21,0.025,25,0.029,20,0.023,15,0.017,9,0.01,25,0.026,27,0.031,23,0.028,35,0.045,26,0.04,26,0.052,18,0.041,6,0.027,4,0.029,2,0.016,3,0.017,6,0.019,18,0.037,24,0.037,14,0.019,20,0.028,18,0.026,17,0.025,18,0.025,14,0.02,22,0.031,25,0.034,37,0.048,37,0.044,35,0.041,23,0.031,24,0.035,37,0.054,38,0.071,20,0.048
Region 10,Region 15,127,0.198,93,0.279,73,0.332,56,0.335,35,0.172,39,0.124,60,0.127,62,0.101,50,0.07,53,0.073,68,0.097,73,0.101,86,0.114,72,0.094,73,0.112,66,0.117,71,0.101,78,0.08,95,0.095,106,0.116,86,0.1,99,0.118,118,0.144,120,0.161,175,0.206,130,0.24,134,0.339,95,0.323,83,0.333,44,0.175,67,0.185,49,0.109,44,0.083,56,0.087,52,0.07,48,0.06,78,0.093,90,0.106,78,0.091,97,0.111,83,0.091,75,0.078,98,0.098,88,0.094,95,0.105,111,0.123,145,0.168,116,0.145,148,0.182,123,0.214,153,0.356,107,0.333,93,0.358,51,0.233,34,0.121,36,0.102,35,0.078,47,0.083,50,0.073,63,0.081,82,0.099,81,0.095,89,0.103,72,0.083,87,0.097,105,0.112,99,0.105,92,0.107,101,0.123,86,0.112,95,0.146,83,0.165,81,0.183,48,0.214,25,0.178,18,0.148,10,0.055,25,0.079,46,0.094,59,0.091,47,0.064,48,0.066,61,0.088,66,0.097,63,0.089,45,0.063,81,0.114,86,0.115,77,0.1,80,0.096,88,0.103,69,0.092,61,0.089,88,0.129,62,0.116,77,0.187
Region 10,Region 16,54,0.084,33,0.099,23,0.105,7,0.042,10,0.049,20,0.064,37,0.078,38,0.062,44,0.061,42,0.058,34,0.048,32,0.044,36,0.048,32,0.042,20,0.031,37,0.065,60,0.085,86,0.088,78,0.078,68,0.074,49,0.057,53,0.063,87,0.106,81,0.108,89,0.105,84,0.155,56,0.142,33,0.112,19,0.076,14,0.056,25,0.069,23,0.051,35,0.066,26,0.04,36,0.049,27,0.034,37,0.044,40,0.047,28,0.033,44,0.05,50,0.055,45,0.047,60,0.06,58,0.062,65,0.072,54,0.06,69,0.08,95,0.119,77,0.094,80,0.139,80,0.186,38,0.118,32,0.123,18,0.082,18,0.064,30,0.085,35,0.078,44,0.078,44,0.064,37,0.048,37,0.045,36,0.042,50,0.058,38,0.044,34,0.038,38,0.041,41,0.043,51,0.059,80,0.098,67,0.087,66,0.101,34,0.068,28,0.063,12,0.054,6,0.043,4,0.033,8,0.044,16,0.05,26,0.053,37,0.057,55,0.074,47,0.065,54,0.078,43,0.063,42,0.059,47,0.066,50,0.07,64,0.086,68,0.089,60,0.072,69,0.081,54,0.072,52,0.076,70,0.102,65,0.121,46,0.112
Region 11,Region 0,35,0.054,23,0.069,10,0.045,5,0.03,7,0.034,29,0.092,74,0.156,196,0.318,124,0.173,93,0.128,104,0.148,104,0.144,90,0.119,106,0.138,89,0.137,76,0.134,65,0.092,87,0.089,68,0.068,72,0.079,61,0.071,61,0.073,48,0.058,56,0.075,42,0.05,23,0.042,17,0.043,8,0.027,8,0.032,18,0.072,49,0.135,94,0.21,98,0.185,97,0.15,127,0.171,102,0.127,79,0.095,67,0.079,91,0.107,81,0.093,79,0.087,81,0.084,69,0.069,54,0.057,57,0.063,52,0.057,44,0.051,47,0.059,36,0.044,18,0.031,12,0.028,12,0.037,12,0.046,15,0.068,32,0.114,45,0.127,62,0.139,67,0.119,80,0.116,88,0.114,93,0.113,79,0.093,92,0.106,79,0.091,80,0.089,63,0.067,68,0.072,71,0.083,58,0.071,36,0.047,51,0.078,45,0.09,23,0.052,9,0.04,3,0.021,5,0.041,7,0.039,27,0.085,86,0.175,156,0.242,119,0.161,87,0.12,73,0.105,66,0.097,51,0.072,82,0.115,102,0.143,105,0.141,75,0.098,114,0.136,79,0.093,80,0.107,65,0.094,45,0.066,54,0.101,49,0.119
Region 11,Region 1,352,0.548,214,0.641,144,0.654,90,0.538,76,0.373,118,0.376,265,0.559,471,0.764,527,0.734,535,0.734,540,0.767,504,0.696,560,0.743,524,0.683,364,0.56,328,0.579,516,0.733,774,0.796,709,0.713,645,0.704,556,0.647,477,0.57,472,0.574,473,0.633,418,0.493,320,0.591,244,0.617,170,0.579,118,0.473,88,0.35,152,0.42,282,0.63,283,0.535,393,0.608,496,0.668,504,0.63,545,0.653,560,0.658,567,0.665,587,0.672,561,0.616,720,0.745,736,0.738,631,0.672,579,0.643,508,0.561,490,0.569,477,0.598,494,0.606,372,0.646,256,0.595,200,0.623,116,0.446,83,0.379,131,0.466,206,0.583,249,0.558,313,0.554,422,0.614,451,0.583,473,0.572,583,0.683,556,0.641,600,0.688,588,0.654,623,0.667,644,0.681,570,0.664,513,0.626,465,0.604,414,0.635,353,0.704,318,0.718,152,0.678,69,0.493,44,0.362,44,0.242,106,0.333,293,0.596,497,0.77,614,0.831,573,0.789,548,0.787,523,0.767,581,0.817,580,0.814,519,0.729,610,0.818,568,0.741,602,0.721,716,0.839,585,0.78,483,0.701,516,0.754,411,0.768,314,0.761
Region 11,Region 2,71,0.111,34,0.102,17,0.077,28,0.167,99,0.486,181,0.577,237,0.5,279,0.452,234,0.326,261,0.358,263,0.373,272,0.376,292,0.387,247,0.322,199,0.306,141,0.249,179,0.254,235,0.242,221,0.222,159,0.173,151,0.176,139,0.166,139,0.169,103,0.138,98,0.116,60,0.111,39,0.099,45,0.153,90,0.361,130,0.517,200,0.552,187,0.418,214,0.405,223,0.345,222,0.299,252,0.315,247,0.296,173,0.203,189,0.222,221,0.253,180,0.198,159,0.165,132,0.132,115,0.122,111,0.123,108,0.119,122,0.142,106,0.133,107,0.131,63,0.109,44,0.102,39,0.121,61,0.235,95,0.434,126,0.449,164,0.464,185,0.414,157,0.278,187,0.272,248,0.321,221,0.267,227,0.266,204,0.235,221,0.253,204,0.227,215,0.23,110,0.116,100,0.116,99,0.121,96,0.125,96,0.147,95,0.189,59,0.133,28,0.125,15,0.107,22,0.181,89,0.49,181,0.569,191,0.388,213,0.33,237,0.321,235,0.324,234,0.336,249,0.365,230,0.324,194,0.272,215,0.302,269,0.361,223,0.291,245,0.293,221,0.259,141,0.188,139,0.202,109,0.159,96,0.179,67,0.162
Region 11,Region 3,54,0.084,24,0.072,20,0.091,8,0.048,4,0.02,14,0.045,57,0.12,102,0.165,108,0.15,96,0.132,97,0.138,104,0.144,97,0.129,118,0.154,125,0.192,82,0.145,84,0.119,92,0.095,102,0.103,93,0.101,66,0.077,71,0.085,71,0.086,69,0.092,59,0.07,44,0.081,29,0.073,18,0.061,17,0.068,9,0.036,40,0.11,117,0.261,65,0.123,76,0.118,113,0.152,130,0.162,123,0.147,107,0.126,120,0.141,108,0.124,96,0.105,119,0.123,119,0.119,80,0.085,70,0.078,69,0.076,65,0.075,60,0.075,41,0.05,32,0.056,17,0.04,12,0.037,18,0.069,4,0.018,24,0.085,52,0.147,65,0.146,88,0.156,86,0.125,108,0.14,99,0.12,84,0.098,88,0.101,127,0.146,105,0.117,110,0.118,87,0.092,75,0.087,72,0.088,54,0.07,58,0.089,53,0.106,40,0.09,15,0.067,7,0.05,4,0.033,7,0.039,17,0.053,61,0.124,110,0.171,93,0.126,72,0.099,65,0.093,72,0.106,87,0.122,90,0.126,101,0.142,105,0.141,90,0.117,113,0.135,107,0.125,83,0.111,64,0.093,59,0.086,58,0.108,51,0.124
Region 11,Region 4,51,0.079,25,0.075,19,0.086,10,0.06,5,0.025,15,0.048,38,0.08,86,0.139,96,0.134,82,0.112,66,0.094,36,0.05,60,0.08,83,0.108,42,0.065,61,0.108,52,0.074,75,0.077,86,0.086,69,0.075,58,0.068,66,0.079,72,0.088,58,0.078,78,0.092,57,0.105,29,0.073,21,0.071,13,0.052,22,0.087,34,0.094,54,0.121,47,0.089,58,0.09,76,0.102,84,0.105,89,0.107,78,0.092,95,0.111,91,0.104,106,0.116,108,0.112,73,0.073,69,0.073,51,0.057,79,0.087,56,0.065,65,0.082,61,0.075,38,0.066,20,0.046,16,0.05,12,0.046,16,0.073,13,0.046,28,0.079,32,0.072,52,0.092,65,0.095,48,0.062,76,0.092,76,0.089,92,0.106,80,0.092,78,0.087,101,0.108,77,0.081,54,0.063,83,0.101,72,0.094,60,0.092,40,0.08,59,0.133,20,0.089,13,0.093,5,0.041,8,0.044,16,0.05,47,0.096,83,0.129,89,0.12,63,0.087,37,0.053,55,0.081,52,0.073,66,0.093,84,0.118,61,0.082,60,0.078,59,0.071,70,0.082,79,0.105,70,0.102,64,0.094,62,0.116,47,0.114
Region 11,Region 5,20,0.031,21,0.063,16,0.073,12,0.072,17,0.083,18,0.057,29,0.061,46,0.075,44,0.061,68,0.093,56,0.079,71,0.098,63,0.084,54,0.07,37,0.057,37,0.065,56,0.08,74,0.076,95,0.095,79,0.086,69,0.08,48,0.057,54,0.066,37,0.05,23,0.027,23,0.042,21,0.053,21,0.071,20,0.08,32,0.127,43,0.119,60,0.134,65,0.123,70,0.108,54,0.073,61,0.076,66,0.079,77,0.091,58,0.068,63,0.072,75,0.082,70,0.072,65,0.065,56,0.06,44,0.049,53,0.059,42,0.049,50,0.063,33,0.04,32,0.056,15,0.035,15,0.047,6,0.023,8,0.037,18,0.064,29,0.082,43,0.096,63,0.111,89,0.129,63,0.081,68,0.082,71,0.083,57,0.066,49,0.056,64,0.071,77,0.082,53,0.056,40,0.047,37,0.045,49,0.064,49,0.075,33,0.066,27,0.061,15,0.067,5,0.036,2,0.016,10,0.055,22,0.069,36,0.073,61,0.095,61,0.083,60,0.083,51,0.073,41,0.06,53,0.075,60,0.084,56,0.079,73,0.098,73,0.095,82,0.098,86,0.101,60,0.08,33,0.048,30,0.044,30,0.056,23,0.056
Region 11,Region 6,47,0.073,21,0.063,11,0.05,3,0.018,5,0.025,9,0.029,24,0.051,31,0.05,39,0.054,26,0.036,33,0.047,33,0.046,39,0.052,49,0.064,35,0.054,40,0.071,40,0.057,60,0.062,85,0.085,88,0.096,83,0.097,81,0.097,70,0.085,96,0.128,75,0.088,60,0.111,32,0.081,17,0.058,21,0.084,8,0.032,13,0.036,25,0.056,27,0.051,43,0.067,32,0.043,44,0.055,68,0.081,54,0.063,57,0.067,62,0.071,80,0.088,70,0.072,82,0.082,75,0.08,66,0.073,81,0.09,84,0.097,74,0.093,66,0.081,57,0.099,31,0.072,15,0.047,6,0.023,12,0.055,11,0.039,28,0.079,31,0.069,36,0.064,44,0.064,39,0.05,72,0.087,60,0.07,43,0.05,57,0.065,66,0.073,74,0.079,69,0.073,58,0.068,56,0.068,60,0.078,42,0.064,25,0.05,28,0.063,21,0.094,10,0.071,6,0.049,6,0.033,4,0.013,22,0.045,26,0.04,40,0.054,28,0.039,37,0.053,37,0.054,38,0.053,43,0.06,39,0.055,53,0.071,54,0.07,33,0.04,43,0.05,64,0.085,40,0.058,41,0.06,35,0.065,28,0.068
Region 11,Region 7,87,0.135,40,0.12,30,0.136,19,0.114,26,0.128,31,0.099,74,0.156,102,0.165,111,0.155,117,0.16,125,0.177,126,0.174,142,0.188,123,0.16,70,0.108,65,0.115,101,0.143,138,0.142,166,0.167,159,0.173,140,0.163,148,0.177,154,0.187,141,0.189,142,0.167,164,0.303,85,0.215,62,0.211,23,0.092,27,0.107,51,0.141,84,0.188,88,0.166,120,0.186,124,0.167,132,0.165,125,0.15,140,0.165,116,0.136,152,0.174,123,0.135,128,0.132,161,0.161,150,0.16,135,0.15,155,0.171,144,0.167,124,0.156,181,0.222,135,0.235,86,0.2,51,0.159,23,0.088,19,0.087,42,0.15,54,0.153,70,0.157,98,0.173,121,0.176,117,0.151,125,0.151,117,0.137,111,0.128,132,0.151,154,0.171,169,0.181,173,0.183,128,0.149,107,0.131,131,0.17,101,0.155,69,0.138,58,0.131,40,0.178,13,0.093,9,0.074,8,0.044,36,0.113,66,0.134,137,0.212,141,0.191,109,0.15,129,0.185,131,0.192,126,0.177,112,0.157,109,0.153,136,0.182,117,0.153,110,0.132,171,0.2,103,0.137,108,0.157,101,0.148,69,0.129,52,0.126
Region 11,Region 8,2,0.003,2,0.006,1,0.005,1,0.006,1,0.005,1,0.003,1,0.002,8,0.013,8,0.011,5,0.007,8,0.011,12,0.017,6,0.008,14,0.018,5,0.008,7,0.012,4,0.006,7,0.007,24,0.024,19,0.021,8,0.009,8,0.01,17,0.021,10,0.013,6,0.007,6,0.011,8,0.02,2,0.007,1,0.004,0,0,2,0.006,9,0.02,5,0.009,8,0.012,9,0.012,16,0.02,12,0.014,13,0.015,16,0.019,10,0.011,13,0.014,28,0.029,15,0.015,10,0.011,14,0.016,13,0.014,13,0.015,10,0.013,11,0.013,7,0.012,6,0.014,3,0.009,0,0,0,0,1,0.004,2,0.006,2,0.004,4,0.007,8,0.012,12,0.016,10,0.012,13,0.015,15,0.017,8,0.009,14,0.016,10,0.011,12,0.013,6,0.007,13,0.016,11,0.014,8,0.012,7,0.014,9,0.02,3,0.013,0,0,0,0,1,0.006,4,0.013,3,0.006,6,0.009,8,0.011,2,0.003,9,0.013,1,0.001,4,0.006,7,0.01,6,0.008,16,0.021,9,0.012,12,0.014,10,0.012,9,0.012,2,0.003,3,0.004,4,0.007,3,0.007
Region 11,Region 9,20,0.031,19,0.057,5,0.023,8,0.048,8,0.039,9,0.029,17,0.036,24,0.039,29,0.04,19,0.026,28,0.04,22,0.03,27,0.036,12,0.016,15,0.023,18,0.032,17,0.024,22,0.023,28,0.028,20,0.022,27,0.031,32,0.038,24,0.029,32,0.043,36,0.042,16,0.03,9,0.023,15,0.051,4,0.016,8,0.032,22,0.061,20,0.045,20,0.038,16,0.025,17,0.023,18,0.022,8,0.01,26,0.031,17,0.02,23,0.026,26,0.029,24,0.025,20,0.02,17,0.018,16,0.018,18,0.02,26,0.03,23,0.029,18,0.022,21,0.036,17,0.04,8,0.025,3,0.012,8,0.037,16,0.057,14,0.04,18,0.04,15,0.027,13,0.019,15,0.019,20,0.024,16,0.019,10,0.012,15,0.017,14,0.016,15,0.016,19,0.02,18,0.021,33,0.04,24,0.031,11,0.017,25,0.05,20,0.045,6,0.027,3,0.021,3,0.025,1,0.006,5,0.016,25,0.051,17,0.026,26,0.035,23,0.032,29,0.042,23,0.034,17,0.024,14,0.02,28,0.039,29,0.039,29,0.038,21,0.025,21,0.025,24,0.032,20,0.029,26,0.038,18,0.034,21,0.051
Region 11,Region 10,43,0.067,32,0.096,12,0.055,5,0.03,2,0.01,11,0.035,31,0.065,54,0.088,60,0.084,66,0.091,46,0.065,41,0.057,64,0.085,53,0.069,32,0.049,24,0.042,44,0.062,62,0.064,89,0.089,108,0.118,91,0.106,88,0.105,75,0.091,51,0.068,77,0.091,55,0.102,30,0.076,14,0.048,5,0.02,11,0.044,14,0.039,22,0.049,33,0.062,34,0.053,34,0.046,56,0.07,40,0.048,65,0.076,55,0.065,67,0.077,39,0.043,86,0.089,102,0.102,77,0.082,78,0.087,79,0.087,85,0.099,89,0.112,59,0.072,47,0.082,32,0.074,27,0.084,17,0.065,13,0.059,19,0.068,20,0.057,29,0.065,51,0.09,59,0.086,75,0.097,53,0.064,56,0.066,49,0.056,58,0.067,69,0.077,73,0.078,57,0.06,57,0.066,50,0.061,43,0.056,32,0.049,28,0.056,26,0.059,9,0.04,11,0.079,4,0.033,6,0.033,6,0.019,25,0.051,40,0.062,63,0.085,57,0.079,47,0.067,63,0.092,48,0.068,47,0.066,34,0.048,45,0.06,65,0.085,78,0.093,71,0.083,63,0.084,59,0.086,42,0.061,29,0.054,22,0.053
Region 11,Region 11,516,0.803,236,0.707,146,0.664,91,0.544,96,0.471,174,0.555,409,0.863,754,1.222,1034,1.439,1330,1.824,1254,1.78,1417,1.958,1529,2.028,1594,2.078,992,1.525,636,1.123,858,1.218,1508,1.551,1422,1.429,1379,1.504,1194,1.39,978,1.169,681,0.829,581,0.777,607,0.716,327,0.604,254,0.642,192,0.654,127,0.509,136,0.541,296,0.817,403,0.901,515,0.974,672,1.04,855,1.152,979,1.223,1032,1.236,1136,1.335,1065,1.249,1055,1.207,1026,1.127,1162,1.202,1236,1.239,1205,1.283,1057,1.174,918,1.015,744,0.864,577,0.724,592,0.727,350,0.608,247,0.574,180,0.561,122,0.469,116,0.529,198,0.705,305,0.864,355,0.795,550,0.973,760,1.106,905,1.171,1102,1.333,1121,1.314,1060,1.221,1094,1.255,1065,1.184,1254,1.343,1380,1.458,1237,1.441,1132,1.382,870,1.131,648,0.993,391,0.78,309,0.698,127,0.567,66,0.471,56,0.461,64,0.352,158,0.496,395,0.803,771,1.195,1136,1.537,1326,1.826,1222,1.754,1369,2.009,1529,2.151,1374,1.929,1340,1.882,1331,1.784,1204,1.57,1321,1.581,1496,1.753,1224,1.632,1132,1.644,867,1.268,632,1.181,389,0.943
Region 11,Region 12,16,0.025,15,0.045,5,0.023,9,0.054,4,0.02,5,0.016,15,0.032,16,0.026,17,0.024,26,0.036,14,0.02,21,0.029,22,0.029,29,0.038,26,0.04,25,0.044,44,0.062,58,0.06,33,0.033,24,0.026,20,0.023,22,0.026,17,0.021,23,0.031,25,0.029,16,0.03,20,0.051,6,0.02,8,0.032,4,0.016,9,0.025,22,0.049,20,0.038,25,0.039,18,0.024,25,0.031,30,0.036,20,0.024,26,0.03,31,0.035,28,0.031,24,0.025,22,0.022,18,0.019,18,0.02,22,0.024,27,0.031,24,0.03,19,0.023,13,0.023,13,0.03,10,0.031,14,0.054,10,0.046,2,0.007,14,0.04,11,0.025,17,0.03,25,0.036,28,0.036,18,0.022,21,0.025,23,0.026,26,0.03,24,0.027,22,0.024,25,0.026,22,0.026,20,0.024,20,0.026,23,0.035,16,0.032,13,0.029,4,0.018,1,0.007,2,0.016,1,0.006,4,0.013,6,0.012,11,0.017,17,0.023,19,0.026,33,0.047,22,0.032,32,0.045,28,0.039,32,0.045,36,0.048,44,0.057,40,0.048,31,0.036,15,0.02,30,0.044,16,0.023,18,0.034,14,0.034
Region 11,Region 13,0,0,0,0,0,0,0,0,0,0,0,0,0,0,0,0,0,0,0,0,0,0,0,0,1,0.001,0,0,0,0,0,0,0,0,0,0,0,0,0,0,0,0,0,0,0,0,0,0,0,0,0,0,0,0,0,0,0,0,0,0,0,0,0,0,0,0,0,0,0,0,0,0,0,0,0,0,0,0,0,0,0,0,0,0,0,0,0,0,0,0,0,0,0,0,0,0,0,0,0,0,0,0,0,0,0,0,0,0,0,0,0,0,0,0,0,0,0,0,0,0,0,0,0,0,0,0,0,0,0,0,0,0,0,0,0,0,0,0,0,0,0,0,0,0,0,0,0,0,0,0,0,0,0,0,0,0,0,0,0,0,0,0,0,0,0,0,0,0,0,0,0,0,0,0,0,0,0,0,0,0,0,0,0,0,0,0,0,0,0,0,0,0
Region 11,Region 14,85,0.132,41,0.123,34,0.155,19,0.114,17,0.083,21,0.067,40,0.084,92,0.149,118,0.164,125,0.171,137,0.194,143,0.198,151,0.2,151,0.197,120,0.184,91,0.161,117,0.166,193,0.198,161,0.162,151,0.165,107,0.125,99,0.118,96,0.117,85,0.114,122,0.144,61,0.113,55,0.139,54,0.184,18,0.072,26,0.103,33,0.091,44,0.098,58,0.11,81,0.125,106,0.143,118,0.147,129,0.154,137,0.161,119,0.14,140,0.16,119,0.131,114,0.118,153,0.153,142,0.151,119,0.132,128,0.141,103,0.12,103,0.129,122,0.15,78,0.136,45,0.105,46,0.143,27,0.104,19,0.087,35,0.125,21,0.059,36,0.081,74,0.131,109,0.159,135,0.175,120,0.145,122,0.143,136,0.157,142,0.163,134,0.149,163,0.175,139,0.147,139,0.162,115,0.14,113,0.147,88,0.135,65,0.13,71,0.16,33,0.147,16,0.114,5,0.041,10,0.055,20,0.063,58,0.118,86,0.133,134,0.181,140,0.193,136,0.195,124,0.182,135,0.19,163,0.229,168,0.236,155,0.208,157,0.205,146,0.175,182,0.213,143,0.191,128,0.186,97,0.142,86,0.161,69,0.167
Region 11,Region 15,294,0.458,130,0.389,88,0.4,57,0.341,59,0.289,74,0.236,205,0.433,340,0.551,365,0.508,367,0.503,340,0.483,375,0.518,381,0.505,437,0.57,367,0.564,313,0.553,412,0.585,490,0.504,504,0.507,377,0.411,373,0.434,342,0.409,363,0.442,355,0.475,310,0.365,173,0.32,152,0.384,99,0.337,86,0.345,76,0.302,187,0.516,227,0.507,235,0.444,279,0.432,364,0.49,345,0.431,315,0.377,427,0.502,338,0.396,374,0.428,326,0.358,309,0.32,351,0.352,333,0.355,328,0.364,327,0.361,303,0.352,274,0.344,300,0.368,182,0.316,170,0.395,104,0.324,96,0.369,71,0.324,86,0.306,127,0.36,147,0.329,180,0.319,248,0.361,322,0.416,317,0.384,321,0.376,316,0.364,359,0.412,310,0.345,319,0.342,320,0.338,311,0.362,344,0.42,266,0.346,236,0.362,216,0.431,188,0.425,83,0.37,63,0.45,41,0.337,35,0.193,74,0.233,175,0.356,269,0.417,319,0.432,273,0.376,296,0.425,359,0.527,311,0.437,359,0.504,394,0.553,431,0.578,458,0.597,487,0.583,454,0.532,341,0.455,321,0.466,263,0.385,235,0.439,204,0.495
Region 11,Region 16,54,0.084,24,0.072,15,0.068,8,0.048,10,0.049,11,0.035,38,0.08,55,0.089,102,0.142,111,0.152,126,0.179,122,0.169,134,0.178,145,0.189,92,0.141,83,0.147,118,0.168,185,0.19,174,0.175,157,0.171,121,0.141,112,0.134,95,0.116,84,0.112,70,0.083,53,0.098,32,0.081,25,0.085,11,0.044,10,0.04,26,0.072,39,0.087,42,0.079,93,0.144,98,0.132,124,0.155,116,0.139,131,0.154,126,0.148,118,0.135,129,0.142,163,0.169,148,0.148,143,0.152,87,0.097,86,0.095,96,0.111,82,0.103,75,0.092,35,0.061,39,0.091,18,0.056,15,0.058,17,0.078,21,0.075,20,0.057,32,0.072,81,0.143,105,0.153,114,0.147,123,0.149,118,0.138,148,0.17,151,0.173,150,0.167,151,0.162,136,0.144,119,0.139,109,0.133,96,0.125,63,0.097,36,0.072,34,0.077,11,0.049,8,0.057,1,0.008,7,0.039,23,0.072,30,0.061,59,0.091,131,0.177,113,0.156,144,0.207,144,0.211,121,0.17,139,0.195,132,0.185,136,0.182,135,0.176,149,0.178,164,0.192,138,0.184,106,0.154,94,0.137,56,0.105,43,0.104
Region 12,Region 0,72,0.112,29,0.087,13,0.059,10,0.06,9,0.044,20,0.064,35,0.074,80,0.13,97,0.135,85,0.117,64,0.091,91,0.126,84,0.111,156,0.203,133,0.204,140,0.247,212,0.301,215,0.221,199,0.2,84,0.092,94,0.109,81,0.097,85,0.103,75,0.1,100,0.118,35,0.065,36,0.091,19,0.065,9,0.036,16,0.064,24,0.066,21,0.047,54,0.102,97,0.15,105,0.141,92,0.115,101,0.121,117,0.138,138,0.162,106,0.121,117,0.129,131,0.136,109,0.109,98,0.104,77,0.085,96,0.106,97,0.113,80,0.1,101,0.124,65,0.113,46,0.107,23,0.072,24,0.092,12,0.055,22,0.078,45,0.127,31,0.069,47,0.083,58,0.084,69,0.089,75,0.091,110,0.129,90,0.104,116,0.133,113,0.126,87,0.093,98,0.104,79,0.092,110,0.134,77,0.1,59,0.09,45,0.09,37,0.084,12,0.054,12,0.086,8,0.066,6,0.033,14,0.044,32,0.065,85,0.132,90,0.122,64,0.088,74,0.106,65,0.095,67,0.094,63,0.088,88,0.124,110,0.147,148,0.193,187,0.224,136,0.159,67,0.089,72,0.105,54,0.079,53,0.099,38,0.092
Region 12,Region 1,34,0.053,24,0.072,13,0.059,8,0.048,10,0.049,17,0.054,35,0.074,57,0.092,58,0.081,48,0.066,29,0.041,36,0.05,36,0.048,30,0.039,19,0.029,28,0.049,35,0.05,55,0.057,51,0.051,62,0.068,50,0.058,33,0.039,37,0.045,36,0.048,40,0.047,26,0.048,20,0.051,20,0.068,6,0.024,26,0.103,22,0.061,20,0.045,33,0.062,32,0.05,29,0.039,42,0.052,41,0.049,43,0.051,61,0.072,40,0.046,50,0.055,60,0.062,57,0.057,68,0.072,35,0.039,52,0.057,41,0.048,29,0.036,48,0.059,39,0.068,23,0.053,19,0.059,15,0.058,25,0.114,18,0.064,23,0.065,20,0.045,26,0.046,26,0.038,37,0.048,41,0.05,43,0.05,41,0.047,28,0.032,40,0.044,57,0.061,46,0.049,28,0.033,72,0.088,52,0.068,36,0.055,32,0.064,38,0.086,20,0.089,12,0.086,10,0.082,9,0.05,10,0.031,45,0.092,52,0.081,86,0.116,52,0.072,52,0.075,32,0.047,39,0.055,35,0.049,30,0.042,29,0.039,45,0.059,47,0.056,71,0.083,36,0.048,41,0.06,37,0.054,33,0.062,30,0.073
Region 12,Region 2,32,0.05,21,0.063,12,0.055,22,0.131,33,0.162,39,0.124,45,0.095,58,0.094,41,0.057,40,0.055,53,0.075,55,0.076,64,0.085,44,0.057,39,0.06,49,0.087,52,0.074,70,0.072,58,0.058,45,0.049,46,0.054,50,0.06,54,0.066,50,0.067,47,0.055,42,0.078,25,0.063,27,0.092,27,0.108,43,0.171,48,0.132,52,0.116,41,0.078,43,0.067,62,0.084,48,0.06,51,0.061,57,0.067,68,0.08,67,0.077,73,0.08,73,0.076,70,0.07,41,0.044,45,0.05,42,0.046,53,0.062,60,0.075,68,0.083,40,0.07,33,0.077,32,0.1,38,0.146,30,0.137,31,0.11,31,0.088,25,0.056,45,0.08,54,0.079,51,0.066,45,0.054,53,0.062,51,0.059,69,0.079,57,0.063,66,0.071,66,0.07,62,0.072,58,0.071,56,0.073,32,0.049,42,0.084,42,0.095,9,0.04,16,0.114,18,0.148,27,0.149,53,0.167,44,0.089,44,0.068,53,0.072,39,0.054,39,0.056,50,0.073,61,0.086,57,0.08,58,0.081,75,0.101,58,0.076,51,0.061,43,0.05,29,0.039,29,0.042,29,0.042,28,0.052,41,0.099
Region 12,Region 3,169,0.263,57,0.171,49,0.223,21,0.125,35,0.172,22,0.07,52,0.11,101,0.164,120,0.167,108,0.148,130,0.185,146,0.202,158,0.21,245,0.319,202,0.311,300,0.53,298,0.423,293,0.301,294,0.296,175,0.191,182,0.212,169,0.202,180,0.219,127,0.17,195,0.23,133,0.246,82,0.207,34,0.116,24,0.096,26,0.103,32,0.088,70,0.156,69,0.13,108,0.167,151,0.203,195,0.244,205,0.246,262,0.308,249,0.292,246,0.281,254,0.279,298,0.308,222,0.223,191,0.203,143,0.159,133,0.147,146,0.169,154,0.193,180,0.221,136,0.236,97,0.225,73,0.227,64,0.246,42,0.192,32,0.114,56,0.159,89,0.199,91,0.161,120,0.175,142,0.184,168,0.203,212,0.248,204,0.235,186,0.213,186,0.207,211,0.226,163,0.172,132,0.154,199,0.243,121,0.157,114,0.175,105,0.209,141,0.318,50,0.223,42,0.3,17,0.14,17,0.094,28,0.088,60,0.122,112,0.174,121,0.164,94,0.129,92,0.132,93,0.136,131,0.184,135,0.19,160,0.225,195,0.261,216,0.282,265,0.317,204,0.239,152,0.203,137,0.199,130,0.19,113,0.211,92,0.223
Region 12,Region 4,10,0.016,8,0.024,8,0.036,5,0.03,5,0.025,9,0.029,21,0.044,20,0.032,19,0.026,16,0.022,13,0.018,13,0.018,14,0.019,15,0.02,9,0.014,16,0.028,12,0.017,16,0.016,32,0.032,18,0.02,25,0.029,14,0.017,19,0.023,13,0.017,18,0.021,9,0.017,4,0.01,7,0.024,8,0.032,7,0.028,14,0.039,8,0.018,17,0.032,8,0.012,16,0.022,11,0.014,12,0.014,17,0.02,15,0.018,28,0.032,17,0.019,14,0.014,19,0.019,23,0.024,15,0.017,19,0.021,23,0.027,21,0.026,23,0.028,14,0.024,7,0.016,13,0.04,12,0.046,4,0.018,8,0.028,11,0.031,10,0.022,12,0.021,16,0.023,17,0.022,21,0.025,24,0.028,15,0.017,26,0.03,26,0.029,22,0.024,22,0.023,15,0.017,19,0.023,19,0.025,21,0.032,10,0.02,12,0.027,4,0.018,1,0.007,2,0.016,3,0.017,8,0.025,21,0.043,14,0.022,29,0.039,9,0.012,15,0.022,8,0.012,10,0.014,13,0.018,19,0.027,16,0.021,19,0.025,19,0.023,21,0.025,11,0.015,10,0.015,10,0.015,14,0.026,8,0.019
Region 12,Region 5,47,0.073,19,0.057,16,0.073,13,0.078,12,0.059,12,0.038,22,0.046,46,0.075,54,0.075,46,0.063,48,0.068,46,0.064,54,0.072,32,0.042,34,0.052,30,0.053,42,0.06,54,0.056,72,0.072,69,0.075,46,0.054,32,0.038,36,0.044,33,0.044,49,0.058,30,0.055,21,0.053,20,0.068,23,0.092,17,0.068,27,0.075,25,0.056,30,0.057,37,0.057,29,0.039,41,0.051,36,0.043,63,0.074,60,0.07,31,0.035,64,0.07,66,0.068,61,0.061,33,0.035,32,0.036,43,0.048,30,0.035,33,0.041,41,0.05,39,0.068,13,0.03,15,0.047,7,0.027,14,0.064,12,0.043,22,0.062,16,0.036,32,0.057,31,0.045,49,0.063,30,0.036,47,0.055,39,0.045,26,0.03,28,0.031,40,0.043,39,0.041,37,0.043,35,0.043,36,0.047,44,0.067,36,0.072,25,0.056,16,0.071,13,0.093,5,0.041,15,0.083,12,0.038,30,0.061,37,0.057,49,0.066,32,0.044,33,0.047,46,0.067,48,0.068,35,0.049,35,0.049,37,0.05,49,0.064,34,0.041,41,0.048,30,0.04,34,0.049,29,0.042,24,0.045,19,0.046
Region 12,Region 6,7,0.011,9,0.027,4,0.018,1,0.006,2,0.01,5,0.016,5,0.011,9,0.015,6,0.008,1,0.001,2,0.003,2,0.003,4,0.005,9,0.012,3,0.005,7,0.012,4,0.006,4,0.004,18,0.018,13,0.014,7,0.008,15,0.018,20,0.024,8,0.011,12,0.014,24,0.044,10,0.025,5,0.017,3,0.012,3,0.012,3,0.008,2,0.004,5,0.009,3,0.005,3,0.004,8,0.01,9,0.011,3,0.004,7,0.008,6,0.007,7,0.008,17,0.018,15,0.015,9,0.01,5,0.006,5,0.006,8,0.009,12,0.015,22,0.027,8,0.014,3,0.007,3,0.009,7,0.027,2,0.009,3,0.011,4,0.011,2,0.004,0,0,8,0.012,8,0.01,8,0.01,4,0.005,5,0.006,11,0.013,4,0.004,6,0.006,16,0.017,11,0.013,12,0.015,13,0.017,11,0.017,0,0,5,0.011,1,0.004,3,0.021,1,0.008,2,0.011,1,0.003,5,0.01,4,0.006,4,0.005,8,0.011,1,0.001,3,0.004,4,0.006,4,0.006,2,0.003,5,0.007,6,0.008,4,0.005,7,0.008,2,0.003,6,0.009,3,0.004,7,0.013,7,0.017
Region 12,Region 7,15,0.023,9,0.027,5,0.023,7,0.042,9,0.044,11,0.035,19,0.04,30,0.049,29,0.04,29,0.04,20,0.028,17,0.023,15,0.02,20,0.026,10,0.015,14,0.025,15,0.021,32,0.033,48,0.048,18,0.02,22,0.026,23,0.027,14,0.017,21,0.028,23,0.027,11,0.02,10,0.025,6,0.02,2,0.008,8,0.032,16,0.044,10,0.022,21,0.04,21,0.033,18,0.024,23,0.029,23,0.028,13,0.015,22,0.026,26,0.03,37,0.041,27,0.028,30,0.03,18,0.019,22,0.024,13,0.014,17,0.02,6,0.008,26,0.032,18,0.031,11,0.026,1,0.003,3,0.012,5,0.023,5,0.018,11,0.031,16,0.036,17,0.03,16,0.023,19,0.025,19,0.023,16,0.019,18,0.021,17,0.019,25,0.028,21,0.022,19,0.02,18,0.021,32,0.039,8,0.01,16,0.025,11,0.022,10,0.023,6,0.027,3,0.021,2,0.016,4,0.022,9,0.028,23,0.047,27,0.042,41,0.055,23,0.032,18,0.026,26,0.038,17,0.024,25,0.035,17,0.024,21,0.028,20,0.026,23,0.028,29,0.034,18,0.024,12,0.017,19,0.028,12,0.022,10,0.024
Region 12,Region 8,4,0.006,0,0,2,0.009,1,0.006,0,0,3,0.01,5,0.011,5,0.008,5,0.007,7,0.01,5,0.007,7,0.01,8,0.011,3,0.004,6,0.009,6,0.011,5,0.007,10,0.01,18,0.018,10,0.011,8,0.009,8,0.01,6,0.007,2,0.003,9,0.011,1,0.002,3,0.008,3,0.01,0,0,1,0.004,3,0.008,5,0.011,10,0.019,6,0.009,6,0.008,6,0.007,13,0.016,13,0.015,17,0.02,14,0.016,12,0.013,20,0.021,9,0.009,10,0.011,10,0.011,8,0.009,6,0.007,4,0.005,7,0.009,4,0.007,6,0.014,6,0.019,1,0.004,3,0.014,6,0.021,0,0,3,0.007,5,0.009,10,0.015,12,0.016,7,0.008,2,0.002,8,0.009,4,0.005,8,0.009,13,0.014,11,0.012,8,0.009,9,0.011,12,0.016,1,0.002,4,0.008,0,0,2,0.009,0,0,0,0,2,0.011,3,0.009,9,0.018,9,0.014,15,0.02,9,0.012,11,0.016,3,0.004,6,0.008,2,0.003,3,0.004,4,0.005,3,0.004,5,0.006,6,0.007,7,0.009,4,0.006,4,0.006,2,0.004,1,0.002
Region 12,Region 9,122,0.19,73,0.219,55,0.25,21,0.125,25,0.123,21,0.067,52,0.11,93,0.151,156,0.217,134,0.184,138,0.196,145,0.2,157,0.208,204,0.266,152,0.234,142,0.251,188,0.267,257,0.264,257,0.258,189,0.206,170,0.198,199,0.238,149,0.181,161,0.215,173,0.204,109,0.201,90,0.228,62,0.211,54,0.216,39,0.155,55,0.152,93,0.208,93,0.176,133,0.206,149,0.201,124,0.155,142,0.17,171,0.201,164,0.192,164,0.188,183,0.201,173,0.179,184,0.184,184,0.196,175,0.194,171,0.189,176,0.204,183,0.229,182,0.223,113,0.196,111,0.258,66,0.206,42,0.162,29,0.132,48,0.171,56,0.159,73,0.164,63,0.111,101,0.147,127,0.164,144,0.174,133,0.156,147,0.169,151,0.173,161,0.179,174,0.186,185,0.196,145,0.169,163,0.199,164,0.213,135,0.207,100,0.199,110,0.248,56,0.25,38,0.271,20,0.165,16,0.088,22,0.069,47,0.096,94,0.146,140,0.189,109,0.15,128,0.184,135,0.198,139,0.196,162,0.227,148,0.208,200,0.268,220,0.287,175,0.209,161,0.189,152,0.203,148,0.215,116,0.17,112,0.209,92,0.223
Region 12,Region 10,11,0.017,4,0.012,2,0.009,4,0.024,4,0.02,4,0.013,19,0.04,26,0.042,23,0.032,27,0.037,17,0.024,25,0.035,19,0.025,10,0.013,6,0.009,11,0.019,14,0.02,21,0.022,30,0.03,19,0.021,17,0.02,19,0.023,12,0.015,15,0.02,24,0.028,8,0.015,7,0.018,3,0.01,3,0.012,7,0.028,5,0.014,12,0.027,8,0.015,10,0.015,17,0.023,16,0.02,12,0.014,24,0.028,17,0.02,20,0.023,14,0.015,19,0.02,12,0.012,17,0.018,19,0.021,19,0.021,8,0.009,9,0.011,25,0.031,14,0.024,8,0.019,5,0.016,6,0.023,1,0.005,6,0.021,14,0.04,7,0.016,8,0.014,14,0.02,15,0.019,12,0.015,19,0.022,21,0.024,11,0.013,15,0.017,18,0.019,16,0.017,15,0.017,17,0.021,7,0.009,13,0.02,7,0.014,12,0.027,5,0.022,1,0.007,3,0.025,3,0.017,6,0.019,19,0.039,26,0.04,37,0.05,13,0.018,32,0.046,12,0.018,15,0.021,7,0.01,11,0.015,13,0.017,18,0.023,24,0.029,25,0.029,10,0.013,2,0.003,13,0.019,6,0.011,6,0.015
Region 12,Region 11,13,0.02,5,0.015,3,0.014,3,0.018,1,0.005,8,0.026,18,0.038,36,0.058,42,0.058,34,0.047,21,0.03,17,0.023,26,0.034,30,0.039,18,0.028,15,0.026,21,0.03,33,0.034,36,0.036,22,0.024,13,0.015,16,0.019,18,0.022,11,0.015,12,0.014,1,0.002,9,0.023,3,0.01,7,0.028,4,0.016,6,0.017,8,0.018,18,0.034,24,0.037,28,0.038,18,0.022,27,0.032,35,0.041,30,0.035,29,0.033,30,0.033,27,0.028,30,0.03,14,0.015,15,0.017,14,0.015,10,0.012,13,0.016,13,0.016,7,0.012,7,0.016,4,0.012,2,0.008,4,0.018,5,0.018,16,0.045,16,0.036,20,0.035,27,0.039,32,0.041,34,0.041,25,0.029,28,0.032,33,0.038,24,0.027,24,0.026,29,0.031,16,0.019,32,0.039,18,0.023,11,0.017,12,0.024,7,0.016,4,0.018,1,0.007,1,0.008,2,0.011,8,0.025,23,0.047,27,0.042,63,0.085,34,0.047,32,0.046,26,0.038,25,0.035,24,0.034,34,0.048,24,0.032,22,0.029,29,0.035,23,0.027,22,0.029,10,0.015,14,0.02,10,0.019,6,0.015
Region 12,Region 12,396,0.616,186,0.557,135,0.614,94,0.562,98,0.481,102,0.325,217,0.458,400,0.648,558,0.777,588,0.806,593,0.842,619,0.855,647,0.858,679,0.885,525,0.807,408,0.72,541,0.768,821,0.844,854,0.858,738,0.805,648,0.754,694,0.83,549,0.668,484,0.648,556,0.655,322,0.595,259,0.655,165,0.562,134,0.537,93,0.37,134,0.37,238,0.532,337,0.637,420,0.65,432,0.582,550,0.687,601,0.72,676,0.795,757,0.888,667,0.763,685,0.753,752,0.778,723,0.725,679,0.723,719,0.798,669,0.739,560,0.65,498,0.625,532,0.653,354,0.615,288,0.67,166,0.517,138,0.531,117,0.534,127,0.452,175,0.495,247,0.553,273,0.483,415,0.604,479,0.62,557,0.674,580,0.68,619,0.713,684,0.784,639,0.71,604,0.647,697,0.737,593,0.691,620,0.757,532,0.692,430,0.659,341,0.68,296,0.669,178,0.794,118,0.842,92,0.757,77,0.424,93,0.292,206,0.419,464,0.719,635,0.859,612,0.843,521,0.748,528,0.775,576,0.81,602,0.845,591,0.83,606,0.812,653,0.851,677,0.81,614,0.72,547,0.729,569,0.826,395,0.578,346,0.647,241,0.584
Region 12,Region 13,0,0,0,0,0,0,0,0,0,0,0,0,0,0,0,0,0,0,0,0,0,0,0,0,0,0,0,0,0,0,0,0,0,0,0,0,0,0,0,0,0,0,0,0,0,0,0,0,0,0,0,0,0,0,0,0,0,0,0,0,0,0,0,0,0,0,0,0,0,0,0,0,0,0,0,0,0,0,0,0,0,0,0,0,0,0,0,0,0,0,0,0,0,0,0,0,0,0,0,0,0,0,0,0,0,0,0,0,0,0,0,0,0,0,0,0,0,0,0,0,0,0,0,0,0,0,0,0,0,0,0,0,0,0,0,0,0,0,0,0,0,0,0,0,0,0,0,0,0,0,0,0,0,0,0,0,0,0,0,0,0,0,0,0,0,0,0,0,0,0,0,0,0,0,0,0,0,0,0,0,0,0,0,0,0,0,0,0,0,0,0,0
Region 12,Region 14,57,0.089,34,0.102,22,0.1,17,0.102,14,0.069,21,0.067,51,0.108,91,0.148,140,0.195,148,0.203,116,0.165,108,0.149,105,0.139,107,0.14,81,0.125,53,0.094,73,0.104,204,0.21,181,0.182,131,0.143,103,0.12,121,0.145,80,0.097,72,0.096,61,0.072,47,0.087,24,0.061,28,0.095,25,0.1,26,0.103,38,0.105,56,0.125,83,0.157,98,0.152,97,0.131,122,0.152,136,0.163,149,0.175,153,0.179,110,0.126,111,0.122,128,0.132,119,0.119,123,0.131,105,0.117,102,0.113,79,0.092,47,0.059,66,0.081,55,0.096,39,0.091,27,0.084,19,0.073,16,0.073,35,0.125,37,0.105,74,0.166,84,0.149,108,0.157,125,0.162,137,0.166,155,0.182,149,0.172,121,0.139,160,0.178,166,0.178,161,0.17,138,0.161,119,0.145,88,0.114,83,0.127,49,0.098,34,0.077,30,0.134,24,0.171,18,0.148,10,0.055,26,0.082,56,0.114,115,0.178,191,0.258,155,0.213,135,0.194,129,0.189,116,0.163,119,0.167,113,0.159,117,0.157,101,0.132,135,0.162,157,0.184,124,0.165,100,0.145,91,0.133,63,0.118,48,0.116
Region 12,Region 15,112,0.174,63,0.189,49,0.223,34,0.203,26,0.128,41,0.131,72,0.152,185,0.3,226,0.315,195,0.267,162,0.23,169,0.233,212,0.281,186,0.243,144,0.221,107,0.189,156,0.221,251,0.258,276,0.277,242,0.264,215,0.25,209,0.25,221,0.269,151,0.202,174,0.205,108,0.2,81,0.205,76,0.259,44,0.176,32,0.127,57,0.157,110,0.246,122,0.231,155,0.24,173,0.233,203,0.254,210,0.251,234,0.275,226,0.265,244,0.279,254,0.279,246,0.255,260,0.261,225,0.24,218,0.242,201,0.222,174,0.202,132,0.166,176,0.216,98,0.17,77,0.179,69,0.215,40,0.154,32,0.146,43,0.153,59,0.167,79,0.177,106,0.188,142,0.207,185,0.239,177,0.214,200,0.234,183,0.211,185,0.212,200,0.222,208,0.223,202,0.213,172,0.2,201,0.245,205,0.266,152,0.233,123,0.245,78,0.176,58,0.259,29,0.207,31,0.255,26,0.143,37,0.116,87,0.177,187,0.29,223,0.302,204,0.281,174,0.25,174,0.255,179,0.252,181,0.254,177,0.249,182,0.244,191,0.249,201,0.241,224,0.263,172,0.229,174,0.253,162,0.237,111,0.207,80,0.194
Region 12,Region 16,32,0.05,12,0.036,19,0.086,11,0.066,6,0.029,13,0.041,39,0.082,68,0.11,71,0.099,56,0.077,49,0.07,49,0.068,64,0.085,59,0.077,54,0.083,37,0.065,51,0.072,107,0.11,78,0.078,62,0.068,63,0.073,49,0.059,32,0.039,33,0.044,46,0.054,34,0.063,27,0.068,19,0.065,10,0.04,17,0.068,8,0.022,17,0.038,34,0.064,39,0.06,53,0.071,63,0.079,45,0.054,58,0.068,87,0.102,58,0.066,72,0.079,78,0.081,76,0.076,86,0.092,50,0.056,61,0.067,60,0.07,45,0.056,38,0.047,45,0.078,33,0.077,32,0.1,7,0.027,10,0.046,23,0.082,27,0.076,34,0.076,40,0.071,33,0.048,59,0.076,70,0.085,67,0.079,47,0.054,72,0.083,64,0.071,83,0.089,65,0.069,50,0.058,86,0.105,53,0.069,40,0.061,33,0.066,21,0.047,10,0.045,9,0.064,7,0.058,12,0.066,16,0.05,37,0.075,56,0.087,116,0.157,79,0.109,62,0.089,43,0.063,43,0.06,48,0.067,62,0.087,37,0.05,88,0.115,69,0.083,56,0.066,38,0.051,46,0.067,51,0.075,37,0.069,23,0.056
Region 13,Region 0,0,0,0,0,0,0,0,0,0,0,0,0,0,0,0,0,0,0,0,0,0,0,0,0,0,0,0,0,1,0.002,0,0,0,0,0,0,0,0,0,0,0,0,0,0,0,0,0,0,0,0,0,0,0,0,0,0,0,0,0,0,0,0,0,0,0,0,0,0,0,0,1,0.001,0,0,0,0,0,0,1,0.001,0,0,0,0,0,0,0,0,0,0,0,0,0,0,0,0,0,0,0,0,0,0,0,0,0,0,0,0,1,0.004,1,0.003,0,0,2,0.004,2,0.003,0,0,0,0,0,0,0,0,1,0.001,1,0.001,0,0,0,0,0,0,0,0,0,0,0,0,0,0,0,0,0,0,0,0,0,0,0,0,0,0,0,0,0,0,0,0,0,0,0,0,0,0,0,0,0,0,0,0,0,0,0,0,0,0,0,0,0,0,0,0,0,0,0,0,0,0
Region 13,Region 1,0,0,0,0,0,0,0,0,0,0,0,0,0,0,1,0.002,1,0.001,2,0.003,1,0.001,3,0.004,1,0.001,0,0,1,0.002,0,0,0,0,0,0,0,0,0,0,0,0,0,0,0,0,0,0,0,0,0,0,0,0,0,0,0,0,0,0,0,0,0,0,2,0.004,2,0.003,7,0.009,10,0.012,0,0,0,0,1,0.001,1,0.001,0,0,0,0,1,0.001,0,0,0,0,1,0.001,0,0,0,0,0,0,0,0,0,0,0,0,0,0,0,0,0,0,0,0,0,0,2,0.004,0,0,1,0.001,0,0,0,0,0,0,0,0,0,0,1,0.001,0,0,0,0,0,0,0,0,0,0,0,0,0,0,0,0,0,0,0,0,0,0,0,0,0,0,0,0,0,0,0,0,0,0,0,0,0,0,0,0,0,0,0,0,0,0,0,0,0,0,0,0,0,0,0,0,0,0,0,0
Region 13,Region 2,0,0,0,0,0,0,0,0,0,0,0,0,0,0,0,0,0,0,0,0,0,0,0,0,0,0,0,0,0,0,1,0.002,0,0,0,0,0,0,0,0,0,0,0,0,0,0,0,0,0,0,0,0,0,0,0,0,0,0,0,0,0,0,0,0,3,0.006,0,0,0,0,0,0,0,0,0,0,0,0,0,0,1,0.001,1,0.001,0,0,0,0,0,0,0,0,0,0,0,0,0,0,0,0,0,0,0,0,0,0,0,0,0,0,2,0.006,1,0.002,0,0,1,0.001,0,0,0,0,0,0,1,0.001,0,0,0,0,0,0,0,0,0,0,0,0,0,0,0,0,0,0,0,0,0,0,0,0,0,0,0,0,0,0,0,0,0,0,0,0,1,0.001,0,0,0,0,0,0,0,0,0,0,0,0,0,0,0,0,0,0,0,0,0,0,0,0,0,0,0,0
Region 13,Region 3,0,0,0,0,0,0,0,0,0,0,0,0,0,0,0,0,0,0,0,0,1,0.001,0,0,0,0,0,0,0,0,0,0,0,0,0,0,0,0,0,0,0,0,0,0,0,0,0,0,0,0,0,0,0,0,0,0,0,0,0,0,0,0,0,0,0,0,0,0,0,0,0,0,0,0,0,0,0,0,1,0.001,1,0.001,1,0.001,0,0,0,0,0,0,0,0,0,0,0,0,0,0,0,0,0,0,0,0,0,0,0,0,0,0,0,0,0,0,2,0.004,1,0.001,1,0.001,0,0,0,0,0,0,0,0,0,0,0,0,0,0,0,0,0,0,0,0,0,0,0,0,0,0,0,0,0,0,0,0,0,0,0,0,0,0,0,0,0,0,0,0,0,0,0,0,0,0,0,0,0,0,0,0,0,0,0,0,0,0,0,0,0,0,0,0,0,0,0,0
Region 13,Region 4,0,0,0,0,0,0,0,0,0,0,0,0,0,0,0,0,0,0,0,0,0,0,0,0,3,0.004,3,0.004,0,0,0,0,0,0,0,0,0,0,0,0,1,0.001,0,0,0,0,0,0,0,0,0,0,0,0,0,0,0,0,0,0,0,0,0,0,0,0,4,0.006,4,0.005,4,0.005,2,0.002,3,0.004,1,0.001,2,0.002,2,0.002,1,0.001,0,0,0,0,0,0,0,0,0,0,0,0,0,0,0,0,0,0,0,0,0,0,0,0,1,0.004,1,0.003,1,0.002,1,0.002,1,0.001,1,0.001,0,0,0,0,2,0.002,1,0.001,1,0.001,1,0.001,0,0,0,0,0,0,0,0,0,0,0,0,0,0,0,0,0,0,0,0,0,0,0,0,0,0,0,0,0,0,0,0,0,0,0,0,0,0,0,0,0,0,0,0,0,0,0,0,0,0,0,0,0,0,0,0,0,0,0,0
Region 13,Region 5,0,0,0,0,0,0,0,0,0,0,0,0,0,0,0,0,0,0,2,0.003,1,0.001,1,0.001,1,0.001,0,0,0,0,0,0,0,0,0,0,0,0,0,0,0,0,0,0,0,0,0,0,0,0,0,0,0,0,0,0,0,0,0,0,0,0,0,0,1,0.002,4,0.006,4,0.005,0,0,2,0.002,0,0,0,0,0,0,0,0,0,0,0,0,0,0,0,0,0,0,0,0,0,0,0,0,0,0,0,0,0,0,0,0,0,0,0,0,1,0.003,6,0.013,4,0.007,1,0.001,0,0,1,0.001,2,0.002,0,0,0,0,0,0,0,0,0,0,0,0,0,0,0,0,0,0,0,0,0,0,0,0,0,0,0,0,0,0,0,0,0,0,0,0,0,0,0,0,0,0,0,0,0,0,0,0,0,0,0,0,0,0,0,0,0,0,0,0,0,0,0,0,0,0,0,0
Region 13,Region 6,0,0,0,0,0,0,0,0,0,0,0,0,0,0,0,0,0,0,0,0,0,0,0,0,0,0,1,0.001,0,0,0,0,0,0,0,0,0,0,0,0,0,0,0,0,0,0,0,0,0,0,0,0,0,0,0,0,0,0,0,0,0,0,0,0,3,0.006,2,0.003,1,0.001,0,0,0,0,0,0,0,0,0,0,1,0.001,1,0.001,0,0,0,0,2,0.002,2,0.002,0,0,0,0,0,0,0,0,0,0,0,0,0,0,0,0,0,0,1,0.003,1,0.002,0,0,1,0.001,2,0.003,2,0.002,0,0,1,0.001,1,0.001,0,0,0,0,1,0.001,0,0,2,0.002,0,0,0,0,0,0,0,0,0,0,0,0,0,0,0,0,0,0,0,0,0,0,0,0,0,0,0,0,0,0,0,0,0,0,0,0,0,0,0,0,0,0,1,0.001,0,0,0,0,0,0,0,0,0,0
Region 13,Region 7,0,0,0,0,0,0,0,0,0,0,0,0,0,0,0,0,1,0.001,2,0.003,2,0.003,1,0.001,3,0.004,0,0,0,0,0,0,0,0,1,0.001,1,0.001,1,0.001,1,0.001,0,0,0,0,0,0,0,0,0,0,0,0,0,0,0,0,0,0,0,0,1,0.002,2,0.004,4,0.006,1,0.001,4,0.005,0,0,0,0,0,0,0,0,0,0,0,0,0,0,1,0.001,0,0,0,0,1,0.001,0,0,1,0.001,0,0,0,0,0,0,0,0,0,0,0,0,1,0.003,2,0.004,3,0.005,1,0.001,0,0,0,0,0,0,0,0,0,0,0,0,0,0,1,0.001,0,0,0,0,0,0,0,0,0,0,0,0,0,0,0,0,0,0,0,0,0,0,0,0,0,0,0,0,0,0,1,0.001,0,0,0,0,0,0,0,0,0,0,0,0,0,0,0,0,0,0,0,0,0,0,0,0,0,0
Region 13,Region 8,0,0,0,0,0,0,0,0,0,0,0,0,0,0,1,0.002,0,0,0,0,0,0,0,0,1,0.001,1,0.001,0,0,0,0,0,0,0,0,0,0,0,0,0,0,0,0,0,0,0,0,0,0,0,0,0,0,0,0,0,0,0,0,0,0,0,0,0,0,1,0.002,0,0,1,0.001,0,0,0,0,0,0,0,0,0,0,0,0,0,0,0,0,0,0,0,0,0,0,0,0,0,0,0,0,0,0,0,0,0,0,0,0,0,0,0,0,0,0,0,0,1,0.001,0,0,0,0,0,0,0,0,0,0,0,0,0,0,0,0,0,0,0,0,0,0,0,0,0,0,0,0,0,0,0,0,0,0,0,0,0,0,0,0,0,0,0,0,0,0,0,0,0,0,0,0,0,0,0,0,0,0,0,0,0,0,0,0,0,0,0,0,0,0,0,0,0,0
Region 13,Region 9,0,0,0,0,0,0,0,0,0,0,0,0,0,0,0,0,0,0,0,0,0,0,0,0,0,0,0,0,0,0,0,0,0,0,0,0,0,0,0,0,0,0,1,0.001,0,0,0,0,0,0,0,0,0,0,0,0,0,0,0,0,0,0,0,0,0,0,0,0,0,0,0,0,0,0,0,0,0,0,0,0,0,0,0,0,0,0,0,0,0,0,0,0,0,0,0,0,0,0,0,0,0,0,0,0,0,0,0,0,0,0,0,0,0,0,0,0,0,0,0,0,0,0,0,0,0,0,0,0,0,0,0,0,0,0,0,0,0,0,1,0.001,0,0,0,0,0,0,0,0,0,0,0,0,0,0,0,0,0,0,0,0,0,0,0,0,0,0,0,0,0,0,0,0,0,0,0,0,0,0,0,0,0,0,0,0,0,0,0,0,0,0,0,0
Region 13,Region 10,0,0,0,0,0,0,0,0,0,0,0,0,0,0,0,0,2,0.003,2,0.003,5,0.007,1,0.001,1,0.001,2,0.003,1,0.002,0,0,1,0.001,0,0,1,0.001,1,0.001,0,0,0,0,0,0,0,0,1,0.001,0,0,0,0,0,0,0,0,0,0,0,0,0,0,1,0.002,1,0.002,3,0.004,4,0.005,0,0,0,0,0,0,0,0,1,0.001,0,0,1,0.001,0,0,0,0,0,0,0,0,1,0.001,0,0,0,0,0,0,0,0,0,0,0,0,0,0,2,0.006,3,0.007,3,0.005,6,0.009,1,0.001,0,0,0,0,1,0.001,0,0,0,0,0,0,0,0,0,0,0,0,0,0,0,0,0,0,0,0,0,0,0,0,0,0,0,0,0,0,0,0,0,0,0,0,0,0,0,0,0,0,0,0,0,0,0,0,0,0,0,0,0,0,0,0,0,0,0,0,0,0,0,0,0,0
Region 13,Region 11,0,0,0,0,0,0,0,0,0,0,0,0,0,0,0,0,0,0,1,0.001,0,0,0,0,0,0,0,0,0,0,0,0,0,0,0,0,0,0,0,0,0,0,0,0,0,0,0,0,0,0,0,0,0,0,0,0,0,0,0,0,0,0,0,0,1,0.002,0,0,1,0.001,1,0.001,0,0,0,0,0,0,0,0,0,0,0,0,0,0,0,0,0,0,0,0,0,0,0,0,0,0,0,0,0,0,0,0,0,0,0,0,0,0,0,0,0,0,0,0,0,0,0,0,0,0,0,0,0,0,0,0,0,0,0,0,0,0,0,0,0,0,0,0,1,0.002,0,0,0,0,0,0,0,0,0,0,0,0,0,0,0,0,0,0,0,0,0,0,0,0,0,0,0,0,0,0,0,0,0,0,0,0,0,0,0,0,0,0,0,0,0,0,0,0,0,0
Region 13,Region 12,0,0,0,0,0,0,0,0,0,0,0,0,0,0,0,0,0,0,0,0,0,0,0,0,0,0,0,0,0,0,0,0,0,0,0,0,0,0,0,0,0,0,0,0,0,0,0,0,0,0,0,0,0,0,0,0,0,0,0,0,0,0,0,0,0,0,0,0,0,0,0,0,0,0,0,0,0,0,0,0,0,0,0,0,0,0,0,0,0,0,0,0,0,0,0,0,0,0,0,0,0,0,0,0,0,0,0,0,0,0,0,0,0,0,0,0,0,0,0,0,0,0,0,0,0,0,0,0,0,0,0,0,0,0,0,0,0,0,0,0,0,0,0,0,0,0,0,0,0,0,0,0,0,0,0,0,0,0,0,0,0,0,0,0,0,0,0,0,0,0,0,0,0,0,0,0,0,0,0,0,0,0,0,0,0,0,0,0,0,0,0,0
Region 13,Region 13,4,0.006,2,0.006,4,0.018,2,0.012,3,0.015,9,0.029,13,0.027,23,0.037,37,0.052,35,0.048,45,0.064,75,0.104,98,0.13,85,0.111,42,0.065,24,0.042,19,0.027,22,0.023,24,0.024,27,0.029,24,0.028,12,0.014,8,0.01,6,0.008,16,0.019,1,0.002,1,0.003,2,0.007,2,0.008,4,0.016,6,0.017,26,0.058,81,0.153,100,0.155,151,0.203,119,0.149,93,0.111,51,0.06,24,0.028,34,0.039,37,0.041,54,0.056,35,0.035,25,0.027,11,0.012,11,0.012,9,0.01,6,0.008,1,0.001,1,0.002,1,0.002,1,0.003,3,0.012,2,0.009,7,0.025,65,0.184,112,0.251,120,0.212,112,0.163,65,0.084,59,0.071,60,0.07,74,0.085,62,0.071,50,0.056,32,0.034,32,0.034,14,0.016,8,0.01,6,0.008,4,0.006,3,0.006,5,0.011,3,0.013,0,0,1,0.008,3,0.017,1,0.003,2,0.004,6,0.009,9,0.012,11,0.015,9,0.013,6,0.009,5,0.007,5,0.007,11,0.015,9,0.012,17,0.022,10,0.012,7,0.008,11,0.015,9,0.013,7,0.01,2,0.004,1,0.002
Region 13,Region 14,0,0,0,0,0,0,0,0,0,0,0,0,0,0,0,0,0,0,0,0,0,0,2,0.003,0,0,1,0.001,0,0,0,0,0,0,0,0,0,0,0,0,0,0,0,0,0,0,0,0,0,0,0,0,0,0,0,0,0,0,0,0,0,0,0,0,0,0,0,0,0,0,0,0,0,0,0,0,0,0,0,0,0,0,0,0,0,0,0,0,0,0,0,0,1,0.001,0,0,0,0,0,0,0,0,0,0,0,0,0,0,0,0,0,0,1,0.002,0,0,1,0.001,0,0,0,0,0,0,0,0,0,0,0,0,0,0,1,0.001,0,0,0,0,0,0,0,0,0,0,0,0,0,0,0,0,0,0,0,0,0,0,0,0,0,0,0,0,0,0,0,0,0,0,0,0,0,0,0,0,0,0,0,0,0,0,0,0,0,0,0,0,0,0,0,0,0,0
Region 13,Region 15,0,0,0,0,0,0,0,0,0,0,0,0,0,0,0,0,0,0,0,0,0,0,0,0,0,0,0,0,1,0.002,0,0,0,0,0,0,1,0.001,1,0.001,1,0.001,0,0,1,0.001,0,0,0,0,0,0,0,0,0,0,0,0,0,0,0,0,0,0,1,0.002,1,0.002,1,0.001,0,0,0,0,0,0,0,0,0,0,1,0.001,0,0,0,0,0,0,0,0,0,0,0,0,0,0,0,0,0,0,0,0,0,0,0,0,0,0,0,0,0,0,1,0.002,2,0.004,0,0,0,0,0,0,0,0,1,0.001,0,0,0,0,0,0,0,0,0,0,0,0,0,0,0,0,0,0,0,0,0,0,0,0,0,0,0,0,0,0,0,0,0,0,0,0,0,0,0,0,0,0,0,0,0,0,0,0,0,0,0,0,0,0,0,0,0,0,0,0,0,0,0,0,0,0
Region 13,Region 16,0,0,0,0,0,0,0,0,0,0,0,0,0,0,0,0,0,0,0,0,0,0,0,0,0,0,0,0,0,0,0,0,0,0,0,0,0,0,0,0,0,0,0,0,0,0,0,0,0,0,0,0,0,0,0,0,0,0,0,0,0,0,0,0,1,0.002,0,0,0,0,0,0,0,0,0,0,0,0,0,0,0,0,0,0,0,0,0,0,0,0,0,0,0,0,0,0,0,0,0,0,0,0,0,0,0,0,0,0,0,0,0,0,0,0,0,0,0,0,0,0,0,0,0,0,0,0,0,0,0,0,0,0,0,0,0,0,0,0,0,0,0,0,0,0,0,0,0,0,0,0,0,0,0,0,0,0,0,0,0,0,0,0,0,0,0,0,0,0,0,0,0,0,0,0,0,0,0,0,0,0,0,0,0,0,0,0,0,0,0,0,0,0
Region 14,Region 0,58,0.09,14,0.042,11,0.05,3,0.018,11,0.054,12,0.038,34,0.072,88,0.143,99,0.138,106,0.145,107,0.152,109,0.151,119,0.158,120,0.156,130,0.2,129,0.228,146,0.207,131,0.135,121,0.122,84,0.092,54,0.063,72,0.086,54,0.066,74,0.099,57,0.067,24,0.044,13,0.033,5,0.017,8,0.032,5,0.02,21,0.058,30,0.067,29,0.055,42,0.065,101,0.136,128,0.16,117,0.14,99,0.116,99,0.116,80,0.092,94,0.103,90,0.093,110,0.11,85,0.091,60,0.067,84,0.093,76,0.088,65,0.082,38,0.047,24,0.042,13,0.03,7,0.022,9,0.035,13,0.059,15,0.053,35,0.099,50,0.112,62,0.11,71,0.103,95,0.123,96,0.116,102,0.12,106,0.122,108,0.124,109,0.121,109,0.117,87,0.092,73,0.085,72,0.088,62,0.081,55,0.084,42,0.084,29,0.065,14,0.062,3,0.021,3,0.025,7,0.039,17,0.053,40,0.081,130,0.202,110,0.149,85,0.117,61,0.088,72,0.106,69,0.097,80,0.112,98,0.138,144,0.193,173,0.226,111,0.133,83,0.097,58,0.077,53,0.077,62,0.091,50,0.093,43,0.104
Region 14,Region 1,64,0.1,25,0.075,26,0.118,3,0.018,22,0.108,19,0.061,63,0.133,72,0.117,114,0.159,103,0.141,89,0.126,78,0.108,90,0.119,66,0.086,52,0.08,59,0.104,88,0.125,110,0.113,125,0.126,91,0.099,78,0.091,75,0.09,101,0.123,89,0.119,70,0.083,67,0.124,74,0.187,29,0.099,24,0.096,19,0.076,31,0.086,44,0.098,53,0.1,71,0.11,57,0.077,65,0.081,87,0.104,94,0.11,75,0.088,90,0.103,125,0.137,136,0.141,128,0.128,99,0.105,93,0.103,84,0.093,96,0.111,76,0.095,94,0.115,76,0.132,47,0.109,33,0.103,27,0.104,29,0.132,39,0.139,33,0.093,51,0.114,71,0.126,80,0.116,89,0.115,84,0.102,96,0.113,103,0.119,75,0.086,103,0.114,102,0.109,99,0.105,84,0.098,107,0.131,78,0.101,97,0.149,92,0.183,59,0.133,42,0.187,12,0.086,13,0.107,20,0.11,23,0.072,51,0.104,110,0.171,117,0.158,127,0.175,95,0.136,84,0.123,89,0.125,55,0.077,82,0.115,90,0.121,91,0.119,79,0.095,113,0.132,89,0.119,86,0.125,79,0.116,88,0.164,68,0.165
Region 14,Region 2,31,0.048,9,0.027,8,0.036,13,0.078,23,0.113,46,0.147,61,0.129,58,0.094,54,0.075,56,0.077,55,0.078,45,0.062,33,0.044,38,0.05,34,0.052,29,0.051,38,0.054,42,0.043,51,0.051,41,0.045,33,0.038,35,0.042,46,0.056,26,0.035,40,0.047,8,0.015,10,0.025,13,0.044,30,0.12,42,0.167,54,0.149,55,0.123,62,0.117,64,0.099,60,0.081,53,0.066,65,0.078,50,0.059,54,0.063,39,0.045,50,0.055,49,0.051,43,0.043,24,0.026,31,0.034,39,0.043,39,0.045,40,0.05,41,0.05,8,0.014,17,0.04,19,0.059,26,0.1,36,0.164,20,0.071,33,0.093,47,0.105,54,0.096,55,0.08,68,0.088,82,0.099,59,0.069,66,0.076,68,0.078,61,0.068,53,0.057,54,0.057,32,0.037,34,0.041,29,0.038,30,0.046,29,0.058,14,0.032,8,0.036,6,0.043,15,0.123,39,0.215,62,0.195,49,0.1,69,0.107,47,0.064,69,0.095,78,0.112,53,0.078,61,0.086,56,0.079,53,0.074,53,0.071,48,0.063,57,0.068,46,0.054,42,0.056,29,0.042,22,0.032,29,0.054,21,0.051
Region 14,Region 3,113,0.176,47,0.141,24,0.109,25,0.149,22,0.108,20,0.064,55,0.116,70,0.113,114,0.159,152,0.208,150,0.213,167,0.231,152,0.202,147,0.192,161,0.248,153,0.27,179,0.254,181,0.186,190,0.191,122,0.133,132,0.154,117,0.14,130,0.158,94,0.126,124,0.146,77,0.142,43,0.109,9,0.031,11,0.044,15,0.06,11,0.03,34,0.076,28,0.053,48,0.074,121,0.163,199,0.249,172,0.206,149,0.175,132,0.155,178,0.204,183,0.201,143,0.148,140,0.14,108,0.115,122,0.135,130,0.144,123,0.143,104,0.13,107,0.131,66,0.115,38,0.088,38,0.118,36,0.138,38,0.173,54,0.192,59,0.167,102,0.228,112,0.198,135,0.196,169,0.219,192,0.232,169,0.198,138,0.159,147,0.169,172,0.191,158,0.169,163,0.172,108,0.126,138,0.168,117,0.152,100,0.153,71,0.142,71,0.16,37,0.165,15,0.107,12,0.099,9,0.05,19,0.06,47,0.096,99,0.153,93,0.126,102,0.14,86,0.123,79,0.116,83,0.117,92,0.129,163,0.229,179,0.24,188,0.245,168,0.201,122,0.143,126,0.168,105,0.152,97,0.142,96,0.179,111,0.269
Region 14,Region 4,20,0.031,14,0.042,1,0.005,2,0.012,4,0.02,2,0.006,15,0.032,27,0.044,30,0.042,32,0.044,18,0.026,20,0.028,16,0.021,16,0.021,15,0.023,17,0.03,12,0.017,28,0.029,37,0.037,33,0.036,22,0.026,24,0.029,36,0.044,17,0.023,30,0.035,11,0.02,9,0.023,4,0.014,2,0.008,13,0.052,4,0.011,16,0.036,23,0.043,21,0.033,26,0.035,12,0.015,25,0.03,28,0.033,25,0.029,25,0.029,24,0.026,23,0.024,30,0.03,15,0.016,21,0.023,25,0.028,16,0.019,21,0.026,16,0.02,23,0.04,7,0.016,2,0.006,6,0.023,2,0.009,7,0.025,6,0.017,21,0.047,21,0.037,25,0.036,25,0.032,24,0.029,29,0.034,25,0.029,25,0.029,25,0.028,22,0.024,20,0.021,18,0.021,30,0.037,17,0.022,28,0.043,16,0.032,12,0.027,16,0.071,3,0.021,0,0,2,0.011,3,0.009,12,0.024,28,0.043,24,0.032,22,0.03,10,0.014,16,0.023,12,0.017,15,0.021,21,0.029,15,0.02,23,0.03,18,0.022,29,0.034,22,0.029,20,0.029,31,0.045,19,0.036,18,0.044
Region 14,Region 5,40,0.062,30,0.09,16,0.073,12,0.072,33,0.162,27,0.086,44,0.093,43,0.07,42,0.058,53,0.073,52,0.074,46,0.064,59,0.078,45,0.059,53,0.081,34,0.06,55,0.078,59,0.061,102,0.103,68,0.074,64,0.075,64,0.077,68,0.083,43,0.058,41,0.048,41,0.076,33,0.083,23,0.078,21,0.084,19,0.076,30,0.083,47,0.105,51,0.096,71,0.11,73,0.098,62,0.077,51,0.061,51,0.06,55,0.065,46,0.053,55,0.06,76,0.079,65,0.065,57,0.061,35,0.039,48,0.053,57,0.066,47,0.059,49,0.06,53,0.092,19,0.044,17,0.053,12,0.046,17,0.078,28,0.1,46,0.13,45,0.101,55,0.097,55,0.08,49,0.063,55,0.067,55,0.064,63,0.073,51,0.058,39,0.043,38,0.041,55,0.058,49,0.057,55,0.067,52,0.068,56,0.086,51,0.102,30,0.068,15,0.067,12,0.086,10,0.082,20,0.11,23,0.072,40,0.081,48,0.074,53,0.072,64,0.088,51,0.073,33,0.048,46,0.065,46,0.065,44,0.062,56,0.075,50,0.065,60,0.072,63,0.074,50,0.067,42,0.061,51,0.075,33,0.062,40,0.097
Region 14,Region 6,16,0.025,7,0.021,7,0.032,1,0.006,6,0.029,3,0.01,3,0.006,5,0.008,5,0.007,6,0.008,3,0.004,4,0.006,9,0.012,7,0.009,2,0.003,7,0.012,10,0.014,9,0.009,17,0.017,17,0.019,11,0.013,14,0.017,23,0.028,16,0.021,22,0.026,14,0.026,6,0.015,6,0.02,1,0.004,5,0.02,9,0.025,4,0.009,10,0.019,4,0.006,11,0.015,10,0.012,3,0.004,18,0.021,5,0.006,11,0.013,9,0.01,7,0.007,14,0.014,23,0.024,13,0.014,10,0.011,25,0.029,14,0.018,14,0.017,20,0.035,6,0.014,5,0.016,5,0.019,5,0.023,0,0,9,0.025,4,0.009,9,0.016,3,0.004,10,0.013,8,0.01,12,0.014,13,0.015,14,0.016,22,0.024,20,0.021,8,0.008,9,0.01,14,0.017,11,0.014,7,0.011,7,0.014,6,0.014,6,0.027,2,0.014,3,0.025,1,0.006,3,0.009,1,0.002,6,0.009,4,0.005,8,0.011,10,0.014,5,0.007,5,0.007,7,0.01,2,0.003,7,0.009,18,0.023,6,0.007,12,0.014,11,0.015,8,0.012,13,0.019,8,0.015,11,0.027
Region 14,Region 7,23,0.036,10,0.03,6,0.027,6,0.036,12,0.059,9,0.029,21,0.044,31,0.05,30,0.042,51,0.07,45,0.064,24,0.033,39,0.052,26,0.034,19,0.029,19,0.034,21,0.03,40,0.041,54,0.054,42,0.046,34,0.04,33,0.039,49,0.06,42,0.056,35,0.041,18,0.033,13,0.033,14,0.048,7,0.028,7,0.028,19,0.052,19,0.042,20,0.038,42,0.065,33,0.044,40,0.05,44,0.053,26,0.031,17,0.02,34,0.039,48,0.053,35,0.036,36,0.036,43,0.046,54,0.06,47,0.052,42,0.049,39,0.049,31,0.038,22,0.038,14,0.033,12,0.037,7,0.027,5,0.023,19,0.068,12,0.034,20,0.045,33,0.058,34,0.049,44,0.057,41,0.05,31,0.036,25,0.029,34,0.039,27,0.03,47,0.05,46,0.049,30,0.035,39,0.048,27,0.035,34,0.052,15,0.03,16,0.036,8,0.036,4,0.029,6,0.049,6,0.033,6,0.019,13,0.026,40,0.062,49,0.066,46,0.063,36,0.052,24,0.035,42,0.059,21,0.029,28,0.039,26,0.035,21,0.027,39,0.047,52,0.061,36,0.048,28,0.041,27,0.039,18,0.034,12,0.029
Region 14,Region 8,4,0.006,3,0.009,1,0.005,3,0.018,0,0,0,0,2,0.004,9,0.015,19,0.026,10,0.014,15,0.021,7,0.01,14,0.019,8,0.01,3,0.005,9,0.016,5,0.007,19,0.02,18,0.018,10,0.011,11,0.013,16,0.019,17,0.021,16,0.021,14,0.017,6,0.011,3,0.008,3,0.01,1,0.004,1,0.004,2,0.006,2,0.004,7,0.013,8,0.012,11,0.015,8,0.01,7,0.008,10,0.012,12,0.014,15,0.017,29,0.032,10,0.01,26,0.026,11,0.012,12,0.013,10,0.011,6,0.007,11,0.014,13,0.016,4,0.007,4,0.009,3,0.009,1,0.004,2,0.009,2,0.007,1,0.003,3,0.007,5,0.009,10,0.015,12,0.016,9,0.011,9,0.011,15,0.017,11,0.013,16,0.018,9,0.01,15,0.016,9,0.01,12,0.015,8,0.01,2,0.003,1,0.002,4,0.009,0,0,1,0.007,0,0,1,0.006,3,0.009,1,0.002,11,0.017,9,0.012,10,0.014,8,0.011,13,0.019,10,0.014,13,0.018,6,0.008,7,0.009,13,0.017,16,0.019,14,0.016,6,0.008,9,0.013,8,0.012,4,0.007,4,0.01
Region 14,Region 9,34,0.053,24,0.072,19,0.086,5,0.03,12,0.059,14,0.045,26,0.055,35,0.057,42,0.058,34,0.047,38,0.054,48,0.066,49,0.065,45,0.059,44,0.068,40,0.071,53,0.075,80,0.082,91,0.091,52,0.057,39,0.045,49,0.059,40,0.049,39,0.052,37,0.044,31,0.057,24,0.061,29,0.099,8,0.032,17,0.068,32,0.088,27,0.06,20,0.038,20,0.031,21,0.028,32,0.04,47,0.056,49,0.058,53,0.062,49,0.056,35,0.038,37,0.038,57,0.057,50,0.053,55,0.061,39,0.043,33,0.038,37,0.046,41,0.05,18,0.031,30,0.07,17,0.053,10,0.038,13,0.059,28,0.1,20,0.057,15,0.034,13,0.023,20,0.029,42,0.054,50,0.06,44,0.052,49,0.056,31,0.036,46,0.051,49,0.052,40,0.042,41,0.048,45,0.055,44,0.057,30,0.046,37,0.074,29,0.065,17,0.076,10,0.071,5,0.041,12,0.066,13,0.041,24,0.049,33,0.051,37,0.05,49,0.067,39,0.056,48,0.07,34,0.048,41,0.058,43,0.06,68,0.091,58,0.076,48,0.057,46,0.054,50,0.067,49,0.071,37,0.054,53,0.099,29,0.07
Region 14,Region 10,15,0.023,6,0.018,6,0.027,8,0.048,7,0.034,11,0.035,14,0.03,24,0.039,49,0.068,38,0.052,22,0.031,29,0.04,26,0.034,21,0.027,9,0.014,11,0.019,12,0.017,23,0.024,42,0.042,28,0.031,30,0.035,25,0.03,25,0.03,30,0.04,28,0.033,21,0.039,13,0.033,4,0.014,4,0.016,3,0.012,8,0.022,16,0.036,19,0.036,21,0.033,21,0.028,27,0.034,24,0.029,24,0.028,30,0.035,14,0.016,26,0.029,27,0.028,39,0.039,37,0.039,24,0.027,27,0.03,26,0.03,19,0.024,30,0.037,16,0.028,13,0.03,5,0.016,4,0.015,6,0.027,7,0.025,8,0.023,12,0.027,16,0.028,20,0.029,17,0.022,33,0.04,22,0.026,20,0.023,16,0.018,28,0.031,31,0.033,32,0.034,11,0.013,23,0.028,19,0.025,15,0.023,8,0.016,14,0.032,7,0.031,5,0.036,2,0.016,4,0.022,4,0.013,20,0.041,28,0.043,44,0.06,35,0.048,27,0.039,13,0.019,14,0.02,20,0.028,21,0.029,16,0.021,12,0.016,13,0.016,34,0.04,16,0.021,16,0.023,18,0.026,21,0.039,8,0.019
Region 14,Region 11,47,0.073,26,0.078,20,0.091,4,0.024,12,0.059,13,0.041,46,0.097,116,0.188,152,0.212,156,0.214,132,0.187,116,0.16,139,0.184,152,0.198,109,0.168,86,0.152,98,0.139,177,0.182,169,0.17,141,0.154,125,0.146,96,0.115,96,0.117,74,0.099,63,0.074,48,0.089,37,0.094,23,0.078,14,0.056,16,0.064,36,0.099,51,0.114,60,0.113,88,0.136,115,0.155,108,0.135,141,0.169,130,0.153,113,0.133,149,0.17,128,0.141,127,0.131,141,0.141,144,0.153,127,0.141,96,0.106,97,0.113,71,0.089,81,0.099,49,0.085,30,0.07,24,0.075,24,0.092,12,0.055,25,0.089,47,0.133,44,0.099,58,0.103,99,0.144,104,0.135,133,0.161,157,0.184,151,0.174,142,0.163,146,0.162,132,0.141,171,0.181,157,0.183,128,0.156,108,0.14,81,0.124,63,0.126,48,0.108,24,0.107,16,0.114,9,0.074,11,0.061,19,0.06,58,0.118,112,0.174,162,0.219,172,0.237,138,0.198,152,0.223,166,0.234,138,0.194,129,0.181,133,0.178,125,0.163,141,0.169,137,0.161,133,0.177,123,0.179,107,0.156,75,0.14,56,0.136
Region 14,Region 12,54,0.084,39,0.117,31,0.141,20,0.119,14,0.069,5,0.016,29,0.061,45,0.073,82,0.114,102,0.14,97,0.138,85,0.117,106,0.141,107,0.14,89,0.137,79,0.139,146,0.207,196,0.202,203,0.204,121,0.132,117,0.136,123,0.147,84,0.102,74,0.099,71,0.084,59,0.109,48,0.121,22,0.075,21,0.084,18,0.072,43,0.119,63,0.141,80,0.151,99,0.153,85,0.115,92,0.115,114,0.137,115,0.135,110,0.129,139,0.159,117,0.129,77,0.08,117,0.117,100,0.106,105,0.117,124,0.137,98,0.114,77,0.097,81,0.099,52,0.09,45,0.105,27,0.084,19,0.073,17,0.078,22,0.078,36,0.102,58,0.13,70,0.124,75,0.109,115,0.149,99,0.12,124,0.145,119,0.137,137,0.157,118,0.131,119,0.127,129,0.136,125,0.146,162,0.198,121,0.157,87,0.133,56,0.112,40,0.09,38,0.17,20,0.143,14,0.115,10,0.055,10,0.031,27,0.055,54,0.084,109,0.148,87,0.12,82,0.118,114,0.167,116,0.163,117,0.164,122,0.171,126,0.169,144,0.188,143,0.171,128,0.15,108,0.144,127,0.184,117,0.171,94,0.176,57,0.138
Region 14,Region 13,0,0,0,0,0,0,0,0,0,0,0,0,0,0,0,0,0,0,0,0,0,0,0,0,0,0,0,0,0,0,0,0,0,0,0,0,0,0,0,0,0,0,0,0,0,0,0,0,0,0,0,0,0,0,0,0,0,0,0,0,0,0,0,0,0,0,0,0,0,0,0,0,1,0.001,0,0,0,0,0,0,0,0,0,0,0,0,0,0,0,0,0,0,0,0,0,0,0,0,0,0,0,0,0,0,0,0,0,0,0,0,0,0,0,0,0,0,0,0,0,0,0,0,1,0.001,0,0,0,0,0,0,0,0,0,0,0,0,0,0,0,0,0,0,0,0,0,0,0,0,0,0,0,0,0,0,0,0,0,0,0,0,0,0,0,0,0,0,0,0,0,0,0,0,0,0,0,0,0,0,0,0,0,0,0,0,0,0,0,0,0,0,0,0
Region 14,Region 14,213,0.332,118,0.354,71,0.323,48,0.287,35,0.172,45,0.143,97,0.205,182,0.295,362,0.504,428,0.587,414,0.588,484,0.669,542,0.719,563,0.734,329,0.506,251,0.443,321,0.456,548,0.563,631,0.634,516,0.563,434,0.505,397,0.475,320,0.389,280,0.375,273,0.322,151,0.279,113,0.286,66,0.225,58,0.232,50,0.199,86,0.237,107,0.239,197,0.373,272,0.421,342,0.461,376,0.47,458,0.548,471,0.554,440,0.516,463,0.53,415,0.456,478,0.495,467,0.468,506,0.539,474,0.526,456,0.504,331,0.384,296,0.371,245,0.301,167,0.29,132,0.307,99,0.308,70,0.269,47,0.214,72,0.256,117,0.331,168,0.376,239,0.423,341,0.496,474,0.613,509,0.616,463,0.543,496,0.571,529,0.607,483,0.537,533,0.571,571,0.603,538,0.627,525,0.641,404,0.525,283,0.434,206,0.411,198,0.447,105,0.469,71,0.507,39,0.321,38,0.209,60,0.189,125,0.254,224,0.347,368,0.498,405,0.558,348,0.5,523,0.767,545,0.767,462,0.649,463,0.65,469,0.629,404,0.527,511,0.612,521,0.611,573,0.764,432,0.627,438,0.64,302,0.564,165,0.4
Region 14,Region 15,60,0.093,34,0.102,25,0.114,22,0.131,14,0.069,23,0.073,33,0.07,56,0.091,87,0.121,87,0.119,72,0.102,72,0.099,104,0.138,131,0.171,81,0.125,63,0.111,96,0.136,147,0.151,136,0.137,128,0.14,117,0.136,121,0.145,102,0.124,103,0.138,86,0.101,60,0.111,44,0.111,26,0.089,34,0.136,11,0.044,46,0.127,59,0.132,60,0.113,89,0.138,81,0.109,100,0.125,94,0.113,99,0.116,113,0.133,122,0.14,104,0.114,113,0.117,91,0.091,110,0.117,109,0.121,106,0.117,109,0.127,87,0.109,106,0.13,63,0.109,49,0.114,26,0.081,19,0.073,11,0.05,18,0.064,28,0.079,37,0.083,54,0.096,76,0.111,97,0.125,98,0.119,120,0.141,117,0.135,115,0.132,119,0.132,112,0.12,123,0.13,121,0.141,126,0.154,117,0.152,83,0.127,69,0.138,67,0.151,38,0.17,17,0.121,9,0.074,15,0.083,16,0.05,30,0.061,55,0.085,81,0.11,87,0.12,74,0.106,92,0.135,121,0.17,88,0.124,96,0.135,128,0.172,116,0.151,117,0.14,104,0.122,109,0.145,101,0.147,100,0.146,53,0.099,63,0.153
Region 14,Region 16,82,0.128,37,0.111,27,0.123,19,0.114,20,0.098,25,0.08,48,0.101,86,0.139,130,0.181,143,0.196,138,0.196,155,0.214,182,0.241,162,0.211,118,0.181,83,0.147,107,0.152,232,0.239,216,0.217,192,0.209,143,0.166,162,0.194,155,0.189,103,0.138,107,0.126,83,0.153,56,0.142,34,0.116,20,0.08,24,0.095,42,0.116,56,0.125,74,0.14,104,0.161,141,0.19,148,0.185,145,0.174,162,0.19,203,0.238,177,0.202,155,0.17,165,0.171,173,0.173,168,0.179,152,0.169,149,0.165,118,0.137,105,0.132,133,0.163,87,0.151,64,0.149,57,0.177,27,0.104,17,0.078,27,0.096,52,0.147,67,0.15,100,0.177,124,0.18,146,0.189,160,0.194,166,0.195,168,0.194,157,0.18,203,0.226,178,0.191,203,0.215,192,0.224,191,0.233,125,0.162,95,0.146,73,0.146,75,0.169,26,0.116,19,0.136,15,0.123,18,0.099,29,0.091,43,0.087,90,0.14,149,0.202,196,0.27,119,0.171,145,0.213,141,0.198,130,0.183,163,0.229,146,0.196,147,0.192,206,0.247,192,0.225,161,0.215,145,0.211,176,0.257,99,0.185,80,0.194
Region 15,Region 0,99,0.154,54,0.162,24,0.109,15,0.09,18,0.088,34,0.108,87,0.184,111,0.18,98,0.136,83,0.114,99,0.141,78,0.108,82,0.109,56,0.073,67,0.103,95,0.168,103,0.146,117,0.12,142,0.143,129,0.141,119,0.139,104,0.124,108,0.131,111,0.149,124,0.146,69,0.127,43,0.109,34,0.116,34,0.136,34,0.135,57,0.157,88,0.197,74,0.14,122,0.189,125,0.168,87,0.109,99,0.119,87,0.102,98,0.115,109,0.125,115,0.126,104,0.108,100,0.1,105,0.112,121,0.134,107,0.118,112,0.13,99,0.124,98,0.12,68,0.118,46,0.107,31,0.097,24,0.092,26,0.119,36,0.128,66,0.187,48,0.108,87,0.154,79,0.115,108,0.14,114,0.138,106,0.124,112,0.129,105,0.12,91,0.101,74,0.079,96,0.101,93,0.108,79,0.096,97,0.126,78,0.12,69,0.138,67,0.151,23,0.103,22,0.157,21,0.173,18,0.099,42,0.132,86,0.175,101,0.157,125,0.169,91,0.125,85,0.122,68,0.1,75,0.105,79,0.111,92,0.129,96,0.129,93,0.121,98,0.117,74,0.087,93,0.124,83,0.121,69,0.101,74,0.138,60,0.145
Region 15,Region 1,306,0.476,209,0.626,113,0.514,101,0.603,170,0.834,297,0.947,421,0.888,442,0.717,432,0.601,341,0.468,267,0.379,247,0.341,313,0.415,335,0.437,305,0.469,310,0.547,318,0.452,396,0.407,440,0.442,457,0.499,339,0.395,358,0.428,470,0.572,290,0.388,376,0.443,279,0.516,192,0.485,165,0.562,154,0.617,207,0.823,334,0.922,344,0.769,326,0.617,373,0.577,417,0.562,435,0.543,421,0.504,431,0.507,449,0.527,463,0.53,450,0.494,516,0.534,468,0.469,340,0.362,338,0.375,353,0.39,428,0.497,360,0.451,423,0.519,265,0.46,215,0.5,162,0.504,114,0.439,182,0.831,282,1.004,296,0.838,259,0.58,309,0.547,354,0.515,355,0.459,363,0.439,408,0.478,436,0.502,424,0.486,424,0.471,413,0.442,425,0.449,373,0.434,338,0.413,428,0.556,437,0.67,300,0.598,277,0.626,189,0.843,119,0.85,94,0.774,184,1.013,336,1.056,506,1.029,427,0.662,447,0.605,381,0.525,347,0.498,314,0.461,259,0.364,242,0.34,286,0.402,331,0.444,301,0.392,348,0.417,351,0.411,278,0.371,276,0.401,275,0.402,241,0.45,198,0.48
Region 15,Region 2,346,0.539,143,0.428,102,0.464,90,0.538,202,0.991,278,0.886,403,0.85,465,0.754,495,0.689,505,0.693,459,0.652,464,0.641,502,0.666,539,0.703,494,0.759,444,0.784,532,0.755,675,0.694,618,0.621,520,0.567,462,0.538,464,0.555,454,0.552,428,0.573,481,0.567,212,0.392,146,0.369,135,0.46,173,0.693,253,1.006,283,0.781,387,0.865,351,0.664,443,0.686,489,0.659,494,0.617,506,0.606,514,0.604,557,0.653,557,0.637,544,0.598,591,0.612,539,0.54,532,0.566,496,0.551,497,0.549,447,0.519,432,0.542,510,0.626,251,0.436,208,0.484,176,0.548,177,0.681,183,0.835,233,0.829,270,0.764,294,0.658,364,0.644,422,0.614,446,0.577,513,0.621,503,0.589,557,0.642,536,0.615,581,0.646,594,0.636,557,0.589,442,0.515,482,0.588,486,0.632,397,0.609,330,0.658,337,0.761,142,0.634,108,0.771,96,0.79,184,1.013,305,0.958,413,0.84,451,0.699,527,0.713,534,0.735,473,0.679,455,0.668,535,0.753,513,0.72,501,0.704,541,0.725,534,0.696,492,0.589,447,0.524,373,0.497,358,0.52,319,0.466,278,0.52,234,0.567
Region 15,Region 3,122,0.19,64,0.192,37,0.168,16,0.096,33,0.162,46,0.147,87,0.184,141,0.229,175,0.244,158,0.217,167,0.237,165,0.228,176,0.233,172,0.224,166,0.255,133,0.235,142,0.202,145,0.149,132,0.133,162,0.177,180,0.21,196,0.234,153,0.186,162,0.217,169,0.199,108,0.2,58,0.147,48,0.163,62,0.249,53,0.211,90,0.248,137,0.306,124,0.234,140,0.217,188,0.253,167,0.209,186,0.223,156,0.183,196,0.23,215,0.246,189,0.208,189,0.196,177,0.177,163,0.174,172,0.191,215,0.238,184,0.214,123,0.154,189,0.232,131,0.228,81,0.188,57,0.177,56,0.215,57,0.26,47,0.167,76,0.215,107,0.24,137,0.242,135,0.196,155,0.2,178,0.215,137,0.161,127,0.146,150,0.172,163,0.181,208,0.223,222,0.235,181,0.211,191,0.233,142,0.185,163,0.25,174,0.347,163,0.368,50,0.223,36,0.257,22,0.181,24,0.132,57,0.179,65,0.132,99,0.153,160,0.217,193,0.266,208,0.299,166,0.244,238,0.335,265,0.372,260,0.365,225,0.302,148,0.193,139,0.166,154,0.181,128,0.171,119,0.173,113,0.165,105,0.196,106,0.257
Region 15,Region 4,177,0.275,98,0.294,59,0.268,53,0.317,85,0.417,210,0.669,317,0.669,325,0.527,290,0.404,209,0.287,126,0.179,134,0.185,204,0.271,259,0.338,233,0.358,193,0.341,195,0.277,256,0.263,275,0.276,259,0.283,179,0.208,183,0.219,255,0.31,189,0.253,257,0.303,145,0.268,81,0.205,60,0.204,83,0.333,135,0.537,174,0.48,223,0.498,249,0.471,303,0.469,335,0.451,349,0.436,349,0.418,358,0.421,380,0.446,370,0.423,307,0.337,342,0.354,346,0.347,280,0.298,264,0.293,246,0.272,241,0.28,216,0.271,229,0.281,157,0.273,80,0.186,71,0.221,90,0.346,109,0.497,122,0.434,150,0.425,163,0.365,204,0.361,233,0.339,309,0.4,313,0.379,329,0.386,306,0.353,319,0.366,307,0.341,310,0.332,311,0.329,278,0.324,299,0.365,326,0.424,265,0.406,144,0.287,106,0.239,85,0.379,37,0.264,36,0.296,87,0.479,224,0.704,267,0.543,258,0.4,310,0.42,256,0.353,184,0.264,181,0.266,149,0.21,161,0.226,185,0.26,186,0.249,251,0.327,220,0.263,254,0.298,232,0.309,180,0.261,164,0.24,164,0.306,146,0.354
Region 15,Region 5,19,0.03,14,0.042,14,0.064,14,0.084,15,0.074,23,0.073,40,0.084,38,0.062,48,0.067,35,0.048,26,0.037,34,0.047,25,0.033,40,0.052,26,0.04,25,0.044,27,0.038,47,0.048,54,0.054,49,0.053,40,0.047,33,0.039,48,0.058,41,0.055,37,0.044,22,0.041,22,0.056,22,0.075,15,0.06,20,0.08,29,0.08,34,0.076,53,0.1,75,0.116,52,0.07,67,0.084,60,0.072,49,0.058,53,0.062,39,0.045,63,0.069,40,0.041,45,0.045,36,0.038,25,0.028,45,0.05,50,0.058,38,0.048,45,0.055,29,0.05,12,0.028,13,0.04,9,0.035,16,0.073,24,0.085,36,0.102,38,0.085,63,0.111,43,0.063,54,0.07,46,0.056,43,0.05,38,0.044,48,0.055,40,0.044,27,0.029,30,0.032,33,0.038,39,0.048,29,0.038,45,0.069,33,0.066,24,0.054,11,0.049,5,0.036,10,0.082,13,0.072,15,0.047,36,0.073,35,0.054,37,0.05,33,0.045,24,0.034,30,0.044,36,0.051,35,0.049,19,0.027,37,0.05,30,0.039,35,0.042,44,0.052,40,0.053,19,0.028,16,0.023,25,0.047,19,0.046
Region 15,Region 6,134,0.209,69,0.207,45,0.205,34,0.203,47,0.231,113,0.36,154,0.325,135,0.219,147,0.205,104,0.143,90,0.128,77,0.106,131,0.174,118,0.154,127,0.195,119,0.21,112,0.159,134,0.138,181,0.182,152,0.166,126,0.147,131,0.157,189,0.23,165,0.221,204,0.24,129,0.238,73,0.185,53,0.18,38,0.152,48,0.191,84,0.232,101,0.226,111,0.21,148,0.229,156,0.21,160,0.2,150,0.18,158,0.186,176,0.206,178,0.204,186,0.204,185,0.191,176,0.176,147,0.157,119,0.132,157,0.174,184,0.214,168,0.211,152,0.187,151,0.262,65,0.151,56,0.174,45,0.173,38,0.173,52,0.185,76,0.215,74,0.166,111,0.196,153,0.223,179,0.232,194,0.235,154,0.18,159,0.183,160,0.183,175,0.194,142,0.152,173,0.183,173,0.202,195,0.238,163,0.212,137,0.21,65,0.13,73,0.165,50,0.223,27,0.193,25,0.206,34,0.187,103,0.324,130,0.264,126,0.195,147,0.199,128,0.176,109,0.156,123,0.18,108,0.152,102,0.143,108,0.152,107,0.143,119,0.155,106,0.127,135,0.158,126,0.168,110,0.16,89,0.13,67,0.125,79,0.192
Region 15,Region 7,123,0.191,54,0.162,43,0.195,45,0.269,79,0.387,123,0.392,200,0.422,238,0.386,240,0.334,206,0.283,161,0.229,124,0.171,186,0.247,214,0.279,165,0.254,139,0.245,141,0.2,182,0.187,196,0.197,202,0.22,166,0.193,181,0.216,218,0.265,175,0.234,222,0.262,160,0.296,97,0.245,71,0.242,48,0.192,102,0.406,212,0.585,190,0.425,207,0.391,232,0.359,242,0.326,238,0.297,241,0.289,235,0.276,263,0.309,250,0.286,245,0.269,227,0.235,204,0.204,143,0.152,140,0.155,193,0.213,218,0.253,202,0.253,179,0.22,118,0.205,96,0.223,51,0.159,56,0.215,85,0.388,146,0.52,137,0.388,124,0.278,168,0.297,217,0.316,196,0.254,182,0.22,190,0.223,196,0.226,210,0.241,213,0.237,169,0.181,171,0.181,165,0.192,175,0.214,177,0.23,181,0.278,65,0.13,50,0.113,60,0.268,31,0.221,28,0.23,56,0.308,134,0.421,184,0.374,185,0.287,208,0.281,168,0.231,167,0.24,186,0.273,148,0.208,127,0.178,152,0.213,142,0.19,124,0.162,124,0.148,155,0.182,145,0.193,108,0.157,109,0.159,96,0.179,80,0.194
Region 15,Region 8,4,0.006,3,0.009,0,0,2,0.012,1,0.005,3,0.01,9,0.019,12,0.019,9,0.013,6,0.008,5,0.007,6,0.008,3,0.004,8,0.01,6,0.009,7,0.012,3,0.004,7,0.007,5,0.005,14,0.015,10,0.012,7,0.008,14,0.017,11,0.015,4,0.005,4,0.007,3,0.008,2,0.007,1,0.004,3,0.012,6,0.017,4,0.009,10,0.019,17,0.026,15,0.02,11,0.014,7,0.008,15,0.018,8,0.009,19,0.022,15,0.016,13,0.013,10,0.01,7,0.007,13,0.014,11,0.012,5,0.006,10,0.013,8,0.01,7,0.012,2,0.005,1,0.003,4,0.015,2,0.009,3,0.011,5,0.014,10,0.022,11,0.019,16,0.023,6,0.008,5,0.006,10,0.012,4,0.005,10,0.011,9,0.01,9,0.01,6,0.006,8,0.009,5,0.006,4,0.005,6,0.009,3,0.006,5,0.011,6,0.027,0,0,0,0,2,0.011,3,0.009,4,0.008,3,0.005,5,0.007,6,0.008,6,0.009,3,0.004,4,0.006,2,0.003,5,0.007,4,0.005,6,0.008,10,0.012,9,0.011,11,0.015,10,0.015,4,0.006,4,0.007,4,0.01
Region 15,Region 9,96,0.149,53,0.159,32,0.145,19,0.114,23,0.113,39,0.124,53,0.112,73,0.118,86,0.12,87,0.119,82,0.116,76,0.105,69,0.092,63,0.082,60,0.092,55,0.097,71,0.101,78,0.08,92,0.092,103,0.112,130,0.151,107,0.128,103,0.125,131,0.175,138,0.163,92,0.17,62,0.157,41,0.14,46,0.184,29,0.115,43,0.119,48,0.107,66,0.125,77,0.119,93,0.125,93,0.116,88,0.105,78,0.092,77,0.09,97,0.111,103,0.113,91,0.094,102,0.102,105,0.112,100,0.111,114,0.126,107,0.124,111,0.139,131,0.161,101,0.175,68,0.158,41,0.128,45,0.173,42,0.192,43,0.153,49,0.139,42,0.094,66,0.117,57,0.083,67,0.087,100,0.121,90,0.105,103,0.119,106,0.122,85,0.094,87,0.093,100,0.106,107,0.125,91,0.111,134,0.174,84,0.129,80,0.159,98,0.221,57,0.254,32,0.228,21,0.173,11,0.061,28,0.088,51,0.104,80,0.124,66,0.089,63,0.087,76,0.109,71,0.104,69,0.097,77,0.108,88,0.124,72,0.097,104,0.136,78,0.093,84,0.098,77,0.103,82,0.119,80,0.117,66,0.123,85,0.206
Region 15,Region 10,83,0.129,30,0.09,24,0.109,11,0.066,24,0.118,54,0.172,93,0.196,114,0.185,105,0.146,73,0.1,81,0.115,67,0.093,101,0.134,100,0.13,66,0.101,69,0.122,71,0.101,91,0.094,115,0.116,97,0.106,86,0.1,109,0.13,124,0.151,94,0.126,87,0.103,52,0.096,38,0.096,22,0.075,19,0.076,34,0.135,70,0.193,102,0.228,121,0.229,146,0.226,137,0.185,133,0.166,122,0.146,132,0.155,126,0.148,131,0.15,135,0.148,124,0.128,121,0.121,113,0.12,87,0.097,99,0.109,92,0.107,115,0.144,91,0.112,65,0.113,34,0.079,24,0.075,19,0.073,31,0.141,50,0.178,73,0.207,97,0.217,134,0.237,168,0.244,163,0.211,134,0.162,121,0.142,136,0.157,158,0.181,122,0.136,113,0.121,116,0.123,96,0.112,89,0.109,82,0.107,63,0.097,44,0.088,22,0.05,19,0.085,14,0.1,12,0.099,24,0.132,61,0.192,83,0.169,86,0.133,118,0.16,107,0.147,86,0.123,80,0.117,92,0.129,67,0.094,76,0.107,80,0.107,77,0.1,74,0.089,69,0.081,64,0.085,65,0.094,58,0.085,35,0.065,23,0.056
Region 15,Region 11,179,0.279,111,0.333,49,0.223,55,0.329,76,0.373,149,0.475,343,0.724,452,0.733,538,0.749,484,0.664,425,0.603,373,0.515,395,0.524,393,0.512,325,0.5,290,0.512,366,0.52,498,0.512,449,0.451,404,0.441,375,0.437,316,0.378,268,0.326,241,0.322,223,0.263,150,0.277,104,0.263,70,0.238,67,0.269,117,0.465,304,0.839,348,0.778,267,0.505,322,0.498,404,0.544,397,0.496,439,0.526,464,0.545,458,0.537,443,0.507,452,0.497,457,0.473,517,0.518,405,0.431,330,0.366,347,0.384,285,0.331,193,0.242,236,0.29,144,0.25,102,0.237,71,0.221,95,0.365,125,0.57,176,0.627,195,0.552,203,0.455,318,0.563,387,0.563,408,0.528,438,0.53,460,0.539,481,0.554,515,0.591,567,0.63,544,0.583,513,0.542,471,0.549,440,0.537,438,0.569,303,0.465,195,0.389,181,0.409,76,0.339,47,0.336,36,0.296,77,0.424,192,0.603,362,0.736,450,0.698,550,0.744,487,0.671,418,0.6,419,0.615,418,0.588,434,0.609,436,0.612,444,0.595,423,0.552,506,0.606,508,0.595,340,0.453,262,0.38,263,0.385,192,0.359,151,0.366
Region 15,Region 12,184,0.286,95,0.285,69,0.314,46,0.275,43,0.211,55,0.175,113,0.238,196,0.318,218,0.303,263,0.361,220,0.312,230,0.318,274,0.363,274,0.357,241,0.37,226,0.399,298,0.423,433,0.445,403,0.405,314,0.343,304,0.354,269,0.322,228,0.277,198,0.265,219,0.258,132,0.244,103,0.26,63,0.214,43,0.172,41,0.163,59,0.163,101,0.226,144,0.272,170,0.263,205,0.276,249,0.311,287,0.344,332,0.39,324,0.38,299,0.342,351,0.386,316,0.327,345,0.346,312,0.332,265,0.294,267,0.295,222,0.258,223,0.28,225,0.276,144,0.25,102,0.237,77,0.24,40,0.154,53,0.242,63,0.224,71,0.201,125,0.28,163,0.288,169,0.246,240,0.31,268,0.324,315,0.369,273,0.314,271,0.311,264,0.293,309,0.331,270,0.285,271,0.316,236,0.288,238,0.309,144,0.221,155,0.309,142,0.321,94,0.419,46,0.328,35,0.288,39,0.215,39,0.123,101,0.205,198,0.307,245,0.332,210,0.289,203,0.291,224,0.329,225,0.316,231,0.324,259,0.364,282,0.378,330,0.43,281,0.336,286,0.335,247,0.329,221,0.321,193,0.282,158,0.295,116,0.281
Region 15,Region 13,0,0,0,0,0,0,0,0,0,0,0,0,0,0,0,0,0,0,0,0,0,0,0,0,0,0,1,0.001,0,0,0,0,0,0,0,0,0,0,0,0,0,0,0,0,0,0,0,0,0,0,0,0,0,0,0,0,0,0,0,0,0,0,0,0,0,0,0,0,0,0,1,0.001,1,0.001,0,0,0,0,0,0,1,0.001,1,0.001,0,0,0,0,0,0,0,0,0,0,0,0,0,0,0,0,0,0,0,0,0,0,0,0,0,0,0,0,0,0,0,0,0,0,1,0.001,0,0,0,0,0,0,0,0,0,0,0,0,0,0,0,0,0,0,0,0,0,0,0,0,0,0,0,0,0,0,0,0,0,0,0,0,0,0,0,0,0,0,0,0,0,0,0,0,0,0,0,0,0,0,0,0,0,0,0,0,0,0,0,0,0,0,0,0,0,0,0,0
Region 15,Region 14,72,0.112,40,0.12,23,0.105,16,0.096,10,0.049,33,0.105,58,0.122,118,0.191,142,0.198,109,0.15,110,0.156,110,0.152,143,0.19,125,0.163,116,0.178,91,0.161,120,0.17,166,0.171,198,0.199,155,0.169,161,0.187,130,0.155,105,0.128,71,0.095,95,0.112,48,0.089,31,0.078,27,0.092,19,0.076,27,0.107,58,0.16,77,0.172,67,0.127,99,0.153,107,0.144,112,0.14,151,0.181,143,0.168,183,0.215,165,0.189,154,0.169,160,0.166,161,0.161,139,0.148,147,0.163,132,0.146,97,0.113,94,0.118,76,0.093,44,0.076,47,0.109,30,0.093,22,0.085,24,0.11,37,0.132,59,0.167,74,0.166,85,0.15,123,0.179,158,0.204,142,0.172,139,0.163,172,0.198,198,0.227,190,0.211,195,0.209,206,0.218,145,0.169,114,0.139,103,0.134,72,0.11,67,0.134,74,0.167,36,0.161,20,0.143,12,0.099,22,0.121,29,0.091,64,0.13,92,0.143,133,0.18,110,0.151,125,0.179,119,0.175,146,0.205,138,0.194,116,0.163,146,0.196,138,0.18,155,0.186,168,0.197,140,0.187,118,0.171,94,0.137,61,0.114,72,0.175
Region 15,Region 15,1202,1.871,616,1.845,397,1.804,282,1.685,309,1.515,426,1.358,950,2.005,1616,2.62,1988,2.767,1856,2.546,1654,2.348,1738,2.401,1891,2.508,1984,2.587,1816,2.792,1521,2.686,2087,2.963,2866,2.947,2802,2.817,2371,2.586,2190,2.55,2016,2.41,1738,2.115,1424,1.905,1562,1.841,985,1.82,731,1.848,510,1.736,429,1.72,509,2.024,702,1.937,992,2.217,1024,1.936,1394,2.158,1691,2.278,1850,2.311,2008,2.405,2131,2.505,2306,2.705,2414,2.762,2452,2.694,2404,2.488,2483,2.489,2236,2.381,2118,2.352,2054,2.27,1872,2.173,1605,2.013,1584,1.944,1051,1.826,753,1.75,592,1.843,469,1.804,408,1.862,536,1.908,638,1.806,717,1.606,1060,1.876,1405,2.044,1534,1.984,1775,2.148,1850,2.168,2053,2.365,2081,2.386,2159,2.4,2154,2.307,2060,2.177,1751,2.04,1804,2.202,1733,2.253,1498,2.297,1253,2.498,1004,2.268,553,2.468,367,2.62,244,2.008,257,1.414,465,1.461,966,1.964,1669,2.587,1854,2.509,1815,2.5,1627,2.336,1562,2.292,1709,2.404,1698,2.384,1838,2.581,1896,2.542,2134,2.782,2170,2.598,2002,2.347,1667,2.222,1566,2.274,1362,1.991,1106,2.067,883,2.141
Region 15,Region 16,18,0.028,8,0.024,6,0.027,6,0.036,5,0.025,18,0.057,27,0.057,50,0.081,63,0.088,63,0.086,42,0.06,36,0.05,49,0.065,51,0.066,44,0.068,40,0.071,46,0.065,56,0.058,60,0.06,58,0.063,53,0.062,49,0.059,43,0.052,32,0.043,33,0.039,14,0.026,13,0.033,12,0.041,9,0.036,22,0.087,28,0.077,21,0.047,41,0.078,50,0.077,40,0.054,56,0.07,40,0.048,76,0.089,74,0.087,59,0.067,61,0.067,42,0.043,55,0.055,53,0.056,35,0.039,42,0.046,40,0.046,38,0.048,35,0.043,19,0.033,12,0.028,13,0.04,8,0.031,13,0.059,15,0.053,20,0.057,27,0.06,42,0.074,55,0.08,55,0.071,59,0.071,75,0.088,53,0.061,62,0.071,76,0.084,67,0.072,42,0.044,53,0.062,36,0.044,40,0.052,33,0.051,32,0.064,13,0.029,8,0.036,6,0.043,3,0.025,3,0.017,16,0.05,28,0.057,42,0.065,55,0.074,44,0.061,45,0.065,44,0.065,42,0.059,40,0.056,42,0.059,56,0.075,42,0.055,40,0.048,48,0.056,42,0.056,33,0.048,24,0.035,24,0.045,18,0.044
Region 16,Region 0,78,0.121,24,0.072,11,0.05,7,0.042,10,0.049,17,0.054,38,0.08,111,0.18,169,0.235,95,0.13,110,0.156,113,0.156,121,0.16,144,0.188,144,0.221,128,0.226,121,0.172,100,0.103,92,0.092,100,0.109,82,0.095,81,0.097,83,0.101,108,0.144,124,0.146,35,0.065,21,0.053,8,0.027,11,0.044,13,0.052,10,0.028,30,0.067,32,0.061,52,0.081,133,0.179,147,0.184,143,0.171,126,0.148,112,0.131,127,0.145,123,0.135,131,0.136,108,0.108,95,0.101,105,0.117,89,0.098,109,0.127,125,0.157,130,0.16,39,0.068,26,0.06,13,0.04,9,0.035,15,0.068,23,0.082,55,0.156,64,0.143,55,0.097,112,0.163,130,0.168,129,0.156,119,0.139,124,0.143,150,0.172,116,0.129,124,0.133,129,0.136,86,0.1,103,0.126,65,0.084,65,0.1,46,0.092,54,0.122,13,0.058,6,0.043,3,0.025,8,0.044,24,0.075,45,0.092,125,0.194,127,0.172,82,0.113,92,0.132,99,0.145,106,0.149,116,0.163,117,0.164,149,0.2,140,0.183,126,0.151,128,0.15,85,0.113,78,0.113,57,0.083,60,0.112,45,0.109
Region 16,Region 1,233,0.363,104,0.312,48,0.218,56,0.335,68,0.333,113,0.36,174,0.367,277,0.449,359,0.5,369,0.506,340,0.483,340,0.47,370,0.491,368,0.48,261,0.401,221,0.39,273,0.388,563,0.579,474,0.476,455,0.496,394,0.459,347,0.415,345,0.42,319,0.427,300,0.354,176,0.325,113,0.286,74,0.252,78,0.313,55,0.219,101,0.279,158,0.353,179,0.339,266,0.412,283,0.381,285,0.356,353,0.423,343,0.403,372,0.436,372,0.426,409,0.449,463,0.479,472,0.473,499,0.531,447,0.496,369,0.408,369,0.428,373,0.468,334,0.41,221,0.384,148,0.344,91,0.283,81,0.312,69,0.315,92,0.327,124,0.351,148,0.331,187,0.331,279,0.406,293,0.379,364,0.44,415,0.486,367,0.423,364,0.417,398,0.442,502,0.538,440,0.465,408,0.475,328,0.4,379,0.493,296,0.454,219,0.437,159,0.359,75,0.335,48,0.343,35,0.288,48,0.264,86,0.27,187,0.38,316,0.49,450,0.609,441,0.607,373,0.535,328,0.481,355,0.499,349,0.49,329,0.462,348,0.467,366,0.477,436,0.522,513,0.601,422,0.563,334,0.485,363,0.531,267,0.499,205,0.497
Region 16,Region 2,15,0.023,4,0.012,4,0.018,4,0.024,21,0.103,45,0.143,37,0.078,52,0.084,34,0.047,43,0.059,40,0.057,44,0.061,32,0.042,38,0.05,27,0.042,13,0.023,25,0.035,31,0.032,30,0.03,14,0.015,26,0.03,18,0.022,18,0.022,17,0.023,19,0.022,8,0.015,2,0.005,9,0.031,19,0.076,27,0.107,24,0.066,26,0.058,17,0.032,36,0.056,32,0.043,31,0.039,38,0.046,36,0.042,27,0.032,19,0.022,24,0.026,32,0.033,16,0.016,12,0.013,18,0.02,16,0.018,10,0.012,29,0.036,22,0.027,10,0.017,4,0.009,5,0.016,17,0.065,19,0.087,19,0.068,15,0.042,29,0.065,34,0.06,43,0.063,41,0.053,49,0.059,33,0.039,42,0.048,33,0.038,33,0.037,23,0.025,24,0.025,22,0.026,18,0.022,13,0.017,14,0.021,18,0.036,6,0.014,4,0.018,1,0.007,7,0.058,26,0.143,37,0.116,52,0.106,54,0.084,43,0.058,68,0.094,74,0.106,68,0.1,64,0.09,57,0.08,30,0.042,43,0.058,43,0.056,47,0.056,34,0.04,16,0.021,13,0.019,14,0.02,12,0.022,11,0.027
Region 16,Region 3,184,0.286,58,0.174,36,0.164,25,0.149,22,0.108,30,0.096,69,0.146,122,0.198,159,0.221,168,0.23,174,0.247,179,0.247,191,0.253,144,0.188,197,0.303,168,0.297,124,0.176,130,0.134,126,0.127,161,0.176,130,0.151,130,0.155,157,0.191,124,0.166,170,0.2,92,0.17,35,0.088,8,0.027,22,0.088,13,0.052,16,0.044,30,0.067,23,0.043,34,0.053,149,0.201,207,0.259,190,0.228,187,0.22,176,0.206,177,0.202,176,0.193,167,0.173,152,0.152,136,0.145,115,0.128,121,0.134,149,0.173,152,0.191,164,0.201,90,0.156,53,0.123,38,0.118,46,0.177,34,0.155,56,0.199,91,0.258,83,0.186,142,0.251,147,0.214,190,0.246,182,0.22,164,0.192,154,0.177,172,0.197,171,0.19,204,0.219,167,0.176,129,0.15,121,0.148,122,0.159,112,0.172,93,0.185,107,0.242,41,0.183,24,0.171,12,0.099,7,0.039,33,0.104,73,0.148,115,0.178,85,0.115,107,0.147,106,0.152,96,0.141,113,0.159,118,0.166,157,0.22,154,0.206,160,0.209,144,0.172,155,0.182,104,0.139,128,0.186,124,0.181,114,0.213,126,0.306
Region 16,Region 4,38,0.059,14,0.042,13,0.059,3,0.018,6,0.029,11,0.035,12,0.025,34,0.055,38,0.053,40,0.055,34,0.048,34,0.047,38,0.05,37,0.048,43,0.066,36,0.064,26,0.037,53,0.054,47,0.047,36,0.039,52,0.061,38,0.045,48,0.058,42,0.056,44,0.052,19,0.035,20,0.051,4,0.014,8,0.032,7,0.028,14,0.039,16,0.036,29,0.055,20,0.031,45,0.061,31,0.039,36,0.043,32,0.038,41,0.048,51,0.058,43,0.047,55,0.057,43,0.043,41,0.044,42,0.047,48,0.053,48,0.056,60,0.075,45,0.055,19,0.033,17,0.04,7,0.022,7,0.027,6,0.027,5,0.018,14,0.04,21,0.047,20,0.035,31,0.045,49,0.063,50,0.06,41,0.048,48,0.055,42,0.048,38,0.042,45,0.048,38,0.04,41,0.048,49,0.06,45,0.058,41,0.063,30,0.06,25,0.056,14,0.062,5,0.036,1,0.008,8,0.044,9,0.028,21,0.043,33,0.051,48,0.065,69,0.095,38,0.055,31,0.045,46,0.065,36,0.051,37,0.052,44,0.059,43,0.056,42,0.05,57,0.067,42,0.056,30,0.044,34,0.05,35,0.065,27,0.065
Region 16,Region 5,127,0.198,67,0.201,40,0.182,38,0.227,50,0.245,52,0.166,90,0.19,154,0.25,177,0.246,192,0.263,184,0.261,215,0.297,202,0.268,189,0.246,155,0.238,101,0.178,138,0.196,256,0.263,221,0.222,217,0.237,207,0.241,208,0.249,232,0.282,224,0.3,165,0.194,109,0.201,85,0.215,64,0.218,53,0.212,65,0.259,85,0.235,120,0.268,146,0.276,203,0.314,175,0.236,230,0.287,245,0.293,198,0.233,215,0.252,232,0.265,281,0.309,207,0.214,259,0.26,247,0.263,230,0.255,212,0.234,190,0.221,211,0.265,164,0.201,142,0.247,67,0.156,62,0.193,55,0.212,44,0.201,65,0.231,76,0.215,139,0.311,156,0.276,191,0.278,176,0.228,206,0.249,200,0.234,241,0.278,192,0.22,218,0.242,228,0.244,265,0.28,187,0.218,197,0.24,158,0.205,164,0.251,129,0.257,83,0.187,37,0.165,40,0.286,24,0.198,37,0.204,57,0.179,98,0.199,180,0.279,256,0.346,224,0.308,224,0.322,157,0.23,219,0.308,187,0.263,165,0.232,235,0.315,211,0.275,224,0.268,256,0.3,208,0.277,180,0.261,195,0.285,149,0.278,95,0.23
Region 16,Region 6,25,0.039,13,0.039,14,0.064,1,0.006,3,0.015,4,0.013,7,0.015,4,0.006,5,0.007,7,0.01,10,0.014,17,0.023,12,0.016,4,0.005,6,0.009,5,0.009,8,0.011,30,0.031,19,0.019,21,0.023,32,0.037,23,0.027,39,0.047,30,0.04,35,0.041,20,0.037,15,0.038,11,0.037,7,0.028,4,0.016,7,0.019,2,0.004,13,0.025,9,0.014,15,0.02,23,0.029,18,0.022,14,0.016,15,0.018,18,0.021,18,0.02,27,0.028,26,0.026,26,0.028,36,0.04,28,0.031,19,0.022,22,0.028,27,0.033,20,0.035,13,0.03,8,0.025,0,0,1,0.005,2,0.007,6,0.017,8,0.018,3,0.005,15,0.022,25,0.032,15,0.018,13,0.015,20,0.023,13,0.015,30,0.033,19,0.02,23,0.024,15,0.017,22,0.027,15,0.019,11,0.017,10,0.02,4,0.009,6,0.027,1,0.007,0,0,1,0.006,3,0.009,6,0.012,9,0.014,8,0.011,8,0.011,6,0.009,9,0.013,3,0.004,7,0.01,7,0.01,9,0.012,10,0.013,13,0.016,14,0.016,12,0.016,14,0.02,25,0.037,12,0.022,7,0.017
Region 16,Region 7,55,0.086,42,0.126,21,0.095,16,0.096,24,0.118,26,0.083,52,0.11,66,0.107,101,0.141,76,0.104,105,0.149,97,0.134,91,0.121,77,0.1,27,0.042,38,0.067,45,0.064,112,0.115,130,0.131,120,0.131,112,0.13,81,0.097,90,0.11,107,0.143,129,0.152,79,0.146,50,0.126,23,0.078,18,0.072,19,0.076,43,0.119,67,0.15,53,0.1,114,0.176,59,0.079,89,0.111,110,0.132,110,0.129,82,0.096,91,0.104,101,0.111,73,0.076,121,0.121,108,0.115,117,0.13,102,0.113,111,0.129,94,0.118,103,0.126,77,0.134,47,0.109,29,0.09,17,0.065,27,0.123,20,0.071,49,0.139,67,0.15,81,0.143,76,0.111,120,0.155,94,0.114,98,0.115,110,0.127,94,0.108,123,0.137,111,0.119,103,0.109,77,0.09,78,0.095,83,0.108,73,0.112,60,0.12,33,0.075,15,0.067,6,0.043,9,0.074,15,0.083,31,0.097,51,0.104,70,0.109,95,0.129,103,0.142,92,0.132,91,0.134,77,0.108,76,0.107,80,0.112,87,0.117,66,0.086,81,0.097,95,0.111,91,0.121,65,0.094,75,0.11,64,0.12,40,0.097
Region 16,Region 8,48,0.075,19,0.057,10,0.045,6,0.036,6,0.029,13,0.041,37,0.078,60,0.097,90,0.125,70,0.096,63,0.089,72,0.099,68,0.09,54,0.07,56,0.086,60,0.106,68,0.097,105,0.108,99,0.1,96,0.105,96,0.112,87,0.104,75,0.091,81,0.108,56,0.066,37,0.068,20,0.051,10,0.034,7,0.028,11,0.044,19,0.052,23,0.051,37,0.07,63,0.098,68,0.092,82,0.102,74,0.089,92,0.108,106,0.124,111,0.127,123,0.135,118,0.122,123,0.123,118,0.126,90,0.1,106,0.117,94,0.109,62,0.078,52,0.064,39,0.068,28,0.065,8,0.025,8,0.031,10,0.046,30,0.107,24,0.068,27,0.06,52,0.092,54,0.079,69,0.089,81,0.098,120,0.141,93,0.107,95,0.109,80,0.089,99,0.106,134,0.142,78,0.091,70,0.085,50,0.065,34,0.052,19,0.038,7,0.016,8,0.036,3,0.021,5,0.041,7,0.039,16,0.05,43,0.087,95,0.147,100,0.135,77,0.106,57,0.082,56,0.082,61,0.086,54,0.076,45,0.063,61,0.082,70,0.091,60,0.072,61,0.071,39,0.052,31,0.045,33,0.048,36,0.067,25,0.061
Region 16,Region 9,54,0.084,14,0.042,19,0.086,10,0.06,7,0.034,15,0.048,31,0.065,40,0.065,41,0.057,35,0.048,38,0.054,36,0.05,28,0.037,43,0.056,32,0.049,34,0.06,35,0.05,45,0.046,44,0.044,40,0.044,45,0.052,47,0.056,40,0.049,39,0.052,61,0.072,27,0.05,26,0.066,13,0.044,20,0.08,14,0.056,26,0.072,31,0.069,12,0.023,11,0.017,29,0.039,39,0.049,44,0.053,53,0.062,39,0.046,25,0.029,36,0.04,34,0.035,33,0.033,27,0.029,42,0.047,29,0.032,55,0.064,49,0.061,55,0.067,33,0.057,19,0.044,12,0.037,12,0.046,6,0.027,19,0.068,12,0.034,14,0.031,22,0.039,21,0.031,26,0.034,50,0.06,34,0.04,44,0.051,33,0.038,40,0.044,44,0.047,27,0.029,48,0.056,40,0.049,34,0.044,34,0.052,40,0.08,22,0.05,20,0.089,8,0.057,3,0.025,4,0.022,14,0.044,27,0.055,37,0.057,44,0.06,39,0.054,44,0.063,50,0.073,52,0.073,44,0.062,40,0.056,34,0.046,33,0.043,34,0.041,28,0.033,38,0.051,28,0.041,38,0.056,29,0.054,33,0.08
Region 16,Region 10,33,0.051,22,0.066,8,0.036,6,0.036,9,0.044,5,0.016,27,0.057,59,0.096,72,0.1,68,0.093,54,0.077,69,0.095,58,0.077,41,0.053,21,0.032,28,0.049,29,0.041,68,0.07,63,0.063,76,0.083,58,0.068,58,0.069,73,0.089,59,0.079,55,0.065,38,0.07,18,0.046,19,0.065,5,0.02,14,0.056,14,0.039,19,0.042,22,0.042,42,0.065,38,0.051,46,0.057,47,0.056,52,0.061,45,0.053,59,0.067,56,0.062,60,0.062,71,0.071,81,0.086,68,0.075,57,0.063,50,0.058,42,0.053,71,0.087,42,0.073,30,0.07,10,0.031,9,0.035,9,0.041,13,0.046,18,0.051,25,0.056,50,0.088,38,0.055,66,0.085,65,0.079,62,0.073,64,0.074,56,0.064,60,0.067,70,0.075,68,0.072,62,0.072,61,0.074,33,0.043,49,0.075,35,0.07,26,0.059,14,0.062,7,0.05,5,0.041,4,0.022,21,0.066,37,0.075,68,0.105,78,0.106,77,0.106,76,0.109,58,0.085,43,0.06,23,0.032,41,0.058,48,0.064,42,0.055,63,0.075,74,0.087,69,0.092,47,0.068,44,0.064,39,0.073,18,0.044
Region 16,Region 11,46,0.072,21,0.063,13,0.059,8,0.048,3,0.015,18,0.057,38,0.08,69,0.112,87,0.121,117,0.16,108,0.153,116,0.16,104,0.138,114,0.149,77,0.118,72,0.127,96,0.136,138,0.142,145,0.146,119,0.13,89,0.104,75,0.09,79,0.096,61,0.082,67,0.079,41,0.076,23,0.058,10,0.034,13,0.052,23,0.091,38,0.105,34,0.076,50,0.095,74,0.115,76,0.102,82,0.102,100,0.12,115,0.135,94,0.11,107,0.122,126,0.138,108,0.112,117,0.117,112,0.119,94,0.104,83,0.092,80,0.093,73,0.092,75,0.092,41,0.071,24,0.056,19,0.059,6,0.023,8,0.037,16,0.057,31,0.088,37,0.083,55,0.097,71,0.103,104,0.135,91,0.11,95,0.111,113,0.13,106,0.122,118,0.131,116,0.124,98,0.104,112,0.13,88,0.107,71,0.092,75,0.115,34,0.068,32,0.072,14,0.062,10,0.071,5,0.041,9,0.05,18,0.057,40,0.081,61,0.095,101,0.137,118,0.163,125,0.179,153,0.225,121,0.17,127,0.178,110,0.154,115,0.154,96,0.125,99,0.119,126,0.148,74,0.099,101,0.147,87,0.127,64,0.12,53,0.129
Region 16,Region 12,47,0.073,17,0.051,18,0.082,10,0.06,5,0.025,5,0.016,16,0.034,36,0.058,72,0.1,50,0.069,45,0.064,28,0.039,36,0.048,50,0.065,44,0.068,31,0.055,65,0.092,90,0.093,92,0.092,48,0.052,43,0.05,39,0.047,48,0.058,43,0.058,64,0.075,43,0.079,29,0.073,21,0.071,15,0.06,10,0.04,18,0.05,39,0.087,66,0.125,47,0.073,34,0.046,51,0.064,51,0.061,52,0.061,41,0.048,33,0.038,33,0.036,50,0.052,32,0.032,32,0.034,42,0.047,31,0.034,34,0.039,40,0.05,72,0.088,37,0.064,28,0.065,14,0.044,14,0.054,12,0.055,9,0.032,14,0.04,28,0.063,34,0.06,38,0.055,34,0.044,44,0.053,50,0.059,35,0.04,45,0.052,42,0.047,61,0.065,43,0.045,37,0.043,50,0.061,43,0.056,36,0.055,31,0.062,34,0.077,13,0.058,12,0.086,3,0.025,4,0.022,5,0.016,24,0.049,40,0.062,74,0.1,67,0.092,55,0.079,45,0.066,43,0.06,33,0.046,24,0.034,40,0.054,69,0.09,60,0.072,55,0.064,45,0.06,47,0.068,53,0.077,34,0.064,28,0.068
Region 16,Region 13,0,0,0,0,0,0,0,0,0,0,0,0,0,0,0,0,0,0,0,0,0,0,0,0,0,0,1,0.001,1,0.002,0,0,0,0,0,0,0,0,0,0,0,0,0,0,0,0,0,0,0,0,0,0,0,0,0,0,0,0,0,0,0,0,0,0,0,0,0,0,0,0,0,0,1,0.001,0,0,1,0.001,0,0,0,0,0,0,0,0,0,0,0,0,0,0,0,0,0,0,0,0,0,0,0,0,0,0,0,0,0,0,0,0,0,0,0,0,0,0,0,0,0,0,0,0,0,0,0,0,0,0,0,0,0,0,0,0,0,0,0,0,0,0,0,0,0,0,0,0,0,0,0,0,0,0,0,0,0,0,0,0,0,0,0,0,0,0,0,0,0,0,0,0,0,0,0,0,0,0,0,0,0,0,0,0,0,0,0,0,0,0,0,0,0,0
Region 16,Region 14,98,0.153,46,0.138,27,0.123,16,0.096,16,0.078,17,0.054,39,0.082,71,0.115,112,0.156,121,0.166,137,0.194,139,0.192,141,0.187,163,0.213,115,0.177,103,0.182,138,0.196,214,0.22,184,0.185,150,0.164,123,0.143,134,0.16,118,0.144,106,0.142,102,0.12,65,0.12,50,0.126,23,0.078,12,0.048,16,0.064,45,0.124,55,0.123,62,0.117,71,0.11,102,0.137,123,0.154,125,0.15,122,0.143,146,0.171,104,0.119,98,0.108,157,0.162,153,0.153,150,0.16,134,0.149,127,0.14,114,0.132,99,0.124,83,0.102,54,0.094,44,0.102,36,0.112,16,0.062,15,0.068,37,0.132,41,0.116,55,0.123,82,0.145,113,0.164,127,0.164,139,0.168,147,0.172,135,0.156,139,0.159,146,0.162,161,0.172,161,0.17,154,0.179,132,0.161,128,0.166,106,0.163,78,0.156,46,0.104,24,0.107,8,0.057,12,0.099,4,0.022,13,0.041,44,0.089,72,0.112,98,0.133,116,0.16,118,0.169,126,0.185,147,0.207,134,0.188,149,0.209,186,0.249,129,0.168,152,0.182,167,0.196,154,0.205,131,0.19,141,0.206,95,0.178,58,0.141
Region 16,Region 15,34,0.053,19,0.057,16,0.073,6,0.036,6,0.029,9,0.029,16,0.034,26,0.042,26,0.036,26,0.036,27,0.038,21,0.029,29,0.038,32,0.042,22,0.034,24,0.042,46,0.065,66,0.068,78,0.078,38,0.041,40,0.047,43,0.051,46,0.056,43,0.058,45,0.053,26,0.048,22,0.056,9,0.031,9,0.036,10,0.04,29,0.08,22,0.049,30,0.057,34,0.053,19,0.026,26,0.032,30,0.036,39,0.046,36,0.042,38,0.043,25,0.027,25,0.026,46,0.046,37,0.039,30,0.033,45,0.05,37,0.043,44,0.055,46,0.056,30,0.052,20,0.046,7,0.022,6,0.023,4,0.018,9,0.032,10,0.028,15,0.034,17,0.03,17,0.025,20,0.026,34,0.041,36,0.042,28,0.032,27,0.031,34,0.038,34,0.036,45,0.048,35,0.041,26,0.032,34,0.044,28,0.043,24,0.048,28,0.063,14,0.062,9,0.064,1,0.008,4,0.022,5,0.016,21,0.043,38,0.059,22,0.03,27,0.037,34,0.049,27,0.04,30,0.042,29,0.041,27,0.038,40,0.054,47,0.061,35,0.042,48,0.056,26,0.035,23,0.033,43,0.063,27,0.05,25,0.061
Region 16,Region 16,550,0.856,197,0.59,118,0.536,80,0.478,110,0.539,204,0.65,476,1.004,826,1.339,1033,1.438,1186,1.627,1202,1.706,1219,1.684,1406,1.865,1440,1.878,1144,1.759,1094,1.932,1250,1.775,1722,1.771,1769,1.778,1791,1.954,1438,1.674,1269,1.517,997,1.213,788,1.054,713,0.84,377,0.697,234,0.592,150,0.511,130,0.521,148,0.589,268,0.74,452,1.01,726,1.373,917,1.42,1060,1.428,1370,1.711,1462,1.751,1467,1.724,1439,1.688,1431,1.637,1432,1.573,1550,1.604,1704,1.708,1595,1.698,1459,1.62,1316,1.455,1059,1.229,883,1.107,723,0.887,445,0.773,247,0.574,189,0.589,132,0.508,137,0.625,237,0.844,377,1.067,557,1.248,765,1.354,985,1.433,1214,1.57,1335,1.615,1536,1.8,1356,1.562,1409,1.616,1496,1.663,1538,1.647,1568,1.657,1429,1.665,1233,1.505,958,1.245,689,1.056,467,0.931,334,0.754,135,0.602,84,0.6,71,0.584,95,0.523,201,0.632,564,1.147,947,1.468,1120,1.516,1169,1.61,1135,1.629,1144,1.679,1254,1.764,1198,1.682,1198,1.682,1243,1.666,1305,1.702,1437,1.72,1548,1.814,1348,1.797,1084,1.574,975,1.426,619,1.157,378,0.917