Origin,Destination,Date range: 2024-08-07 - 2024-08-07 Time range: 00:00 - 01:00 Trips,Date range: 2024-08-07 - 2024-08-07 Time range: 00:00 - 01:00 Percent,Date range: 2024-08-07 - 2024-08-07 Time range: 01:00 - 02:00 Trips,Date range: 2024-08-07 - 2024-08-07 Time range: 01:00 - 02:00 Percent,Date range: 2024-08-07 - 2024-08-07 Time range: 02:00 - 03:00 Trips,Date range: 2024-08-07 - 2024-08-07 Time range: 02:00 - 03:00 Percent,Date range: 2024-08-07 - 2024-08-07 Time range: 03:00 - 04:00 Trips,Date range: 2024-08-07 - 2024-08-07 Time range: 03:00 - 04:00 Percent,Date range: 2024-08-07 - 2024-08-07 Time range: 04:00 - 05:00 Trips,Date range: 2024-08-07 - 2024-08-07 Time range: 04:00 - 05:00 Percent,Date range: 2024-08-07 - 2024-08-07 Time range: 05:00 - 06:00 Trips,Date range: 2024-08-07 - 2024-08-07 Time range: 05:00 - 06:00 Percent,Date range: 2024-08-07 - 2024-08-07 Time range: 06:00 - 07:00 Trips,Date range: 2024-08-07 - 2024-08-07 Time range: 06:00 - 07:00 Percent,Date range: 2024-08-07 - 2024-08-07 Time range: 07:00 - 08:00 Trips,Date range: 2024-08-07 - 2024-08-07 Time range: 07:00 - 08:00 Percent,Date range: 2024-08-07 - 2024-08-07 Time range: 08:00 - 09:00 Trips,Date range: 2024-08-07 - 2024-08-07 Time range: 08:00 - 09:00 Percent,Date range: 2024-08-07 - 2024-08-07 Time range: 09:00 - 10:00 Trips,Date range: 2024-08-07 - 2024-08-07 Time range: 09:00 - 10:00 Percent,Date range: 2024-08-07 - 2024-08-07 Time range: 10:00 - 11:00 Trips,Date range: 2024-08-07 - 2024-08-07 Time range: 10:00 - 11:00 Percent,Date range: 2024-08-07 - 2024-08-07 Time range: 11:00 - 12:00 Trips,Date range: 2024-08-07 - 2024-08-07 Time range: 11:00 - 12:00 Percent,Date range: 2024-08-07 - 2024-08-07 Time range: 12:00 - 13:00 Trips,Date range: 2024-08-07 - 2024-08-07 Time range: 12:00 - 13:00 Percent,Date range: 2024-08-07 - 2024-08-07 Time range: 13:00 - 14:00 Trips,Date range: 2024-08-07 - 2024-08-07 Time range: 13:00 - 14:00 Percent,Date range: 2024-08-07 - 2024-08-07 Time range: 14:00 - 15:00 Trips,Date range: 2024-08-07 - 2024-08-07 Time range: 14:00 - 15:00 Percent,Date range: 2024-08-07 - 2024-08-07 Time range: 15:00 - 16:00 Trips,Date range: 2024-08-07 - 2024-08-07 Time range: 15:00 - 16:00 Percent,Date range: 2024-08-07 - 2024-08-07 Time range: 16:00 - 17:00 Trips,Date range: 2024-08-07 - 2024-08-07 Time range: 16:00 - 17:00 Percent,Date range: 2024-08-07 - 2024-08-07 Time range: 17:00 - 18:00 Trips,Date range: 2024-08-07 - 2024-08-07 Time range: 17:00 - 18:00 Percent,Date range: 2024-08-07 - 2024-08-07 Time range: 18:00 - 19:00 Trips,Date range: 2024-08-07 - 2024-08-07 Time range: 18:00 - 19:00 Percent,Date range: 2024-08-07 - 2024-08-07 Time range: 19:00 - 20:00 Trips,Date range: 2024-08-07 - 2024-08-07 Time range: 19:00 - 20:00 Percent,Date range: 2024-08-07 - 2024-08-07 Time range: 20:00 - 21:00 Trips,Date range: 2024-08-07 - 2024-08-07 Time range: 20:00 - 21:00 Percent,Date range: 2024-08-07 - 2024-08-07 Time range: 21:00 - 22:00 Trips,Date range: 2024-08-07 - 2024-08-07 Time range: 21:00 - 22:00 Percent,Date range: 2024-08-07 - 2024-08-07 Time range: 22:00 - 23:00 Trips,Date range: 2024-08-07 - 2024-08-07 Time range: 22:00 - 23:00 Percent,Date range: 2024-08-07 - 2024-08-07 Time range: 23:00 - 00:00 Trips,Date range: 2024-08-07 - 2024-08-07 Time range: 23:00 - 00:00 Percent,Date range: 2024-08-08 - 2024-08-08 Time range: 00:00 - 01:00 Trips,Date range: 2024-08-08 - 2024-08-08 Time range: 00:00 - 01:00 Percent,Date range: 2024-08-08 - 2024-08-08 Time range: 01:00 - 02:00 Trips,Date range: 2024-08-08 - 2024-08-08 Time range: 01:00 - 02:00 Percent,Date range: 2024-08-08 - 2024-08-08 Time range: 02:00 - 03:00 Trips,Date range: 2024-08-08 - 2024-08-08 Time range: 02:00 - 03:00 Percent,Date range: 2024-08-08 - 2024-08-08 Time range: 03:00 - 04:00 Trips,Date range: 2024-08-08 - 2024-08-08 Time range: 03:00 - 04:00 Percent,Date range: 2024-08-08 - 2024-08-08 Time range: 04:00 - 05:00 Trips,Date range: 2024-08-08 - 2024-08-08 Time range: 04:00 - 05:00 Percent,Date range: 2024-08-08 - 2024-08-08 Time range: 05:00 - 06:00 Trips,Date range: 2024-08-08 - 2024-08-08 Time range: 05:00 - 06:00 Percent,Date range: 2024-08-08 - 2024-08-08 Time range: 06:00 - 07:00 Trips,Date range: 2024-08-08 - 2024-08-08 Time range: 06:00 - 07:00 Percent,Date range: 2024-08-08 - 2024-08-08 Time range: 07:00 - 08:00 Trips,Date range: 2024-08-08 - 2024-08-08 Time range: 07:00 - 08:00 Percent,Date range: 2024-08-08 - 2024-08-08 Time range: 08:00 - 09:00 Trips,Date range: 2024-08-08 - 2024-08-08 Time range: 08:00 - 09:00 Percent,Date range: 2024-08-08 - 2024-08-08 Time range: 09:00 - 10:00 Trips,Date range: 2024-08-08 - 2024-08-08 Time range: 09:00 - 10:00 Percent,Date range: 2024-08-08 - 2024-08-08 Time range: 10:00 - 11:00 Trips,Date range: 2024-08-08 - 2024-08-08 Time range: 10:00 - 11:00 Percent,Date range: 2024-08-08 - 2024-08-08 Time range: 11:00 - 12:00 Trips,Date range: 2024-08-08 - 2024-08-08 Time range: 11:00 - 12:00 Percent,Date range: 2024-08-08 - 2024-08-08 Time range: 12:00 - 13:00 Trips,Date range: 2024-08-08 - 2024-08-08 Time range: 12:00 - 13:00 Percent,Date range: 2024-08-08 - 2024-08-08 Time range: 13:00 - 14:00 Trips,Date range: 2024-08-08 - 2024-08-08 Time range: 13:00 - 14:00 Percent,Date range: 2024-08-08 - 2024-08-08 Time range: 14:00 - 15:00 Trips,Date range: 2024-08-08 - 2024-08-08 Time range: 14:00 - 15:00 Percent,Date range: 2024-08-08 - 2024-08-08 Time range: 15:00 - 16:00 Trips,Date range: 2024-08-08 - 2024-08-08 Time range: 15:00 - 16:00 Percent,Date range: 2024-08-08 - 2024-08-08 Time range: 16:00 - 17:00 Trips,Date range: 2024-08-08 - 2024-08-08 Time range: 16:00 - 17:00 Percent,Date range: 2024-08-08 - 2024-08-08 Time range: 17:00 - 18:00 Trips,Date range: 2024-08-08 - 2024-08-08 Time range: 17:00 - 18:00 Percent,Date range: 2024-08-08 - 2024-08-08 Time range: 18:00 - 19:00 Trips,Date range: 2024-08-08 - 2024-08-08 Time range: 18:00 - 19:00 Percent,Date range: 2024-08-08 - 2024-08-08 Time range: 19:00 - 20:00 Trips,Date range: 2024-08-08 - 2024-08-08 Time range: 19:00 - 20:00 Percent,Date range: 2024-08-08 - 2024-08-08 Time range: 20:00 - 21:00 Trips,Date range: 2024-08-08 - 2024-08-08 Time range: 20:00 - 21:00 Percent,Date range: 2024-08-08 - 2024-08-08 Time range: 21:00 - 22:00 Trips,Date range: 2024-08-08 - 2024-08-08 Time range: 21:00 - 22:00 Percent,Date range: 2024-08-08 - 2024-08-08 Time range: 22:00 - 23:00 Trips,Date range: 2024-08-08 - 2024-08-08 Time range: 22:00 - 23:00 Percent,Date range: 2024-08-08 - 2024-08-08 Time range: 23:00 - 00:00 Trips,Date range: 2024-08-08 - 2024-08-08 Time range: 23:00 - 00:00 Percent,Date range: 2024-08-09 - 2024-08-09 Time range: 00:00 - 01:00 Trips,Date range: 2024-08-09 - 2024-08-09 Time range: 00:00 - 01:00 Percent,Date range: 2024-08-09 - 2024-08-09 Time range: 01:00 - 02:00 Trips,Date range: 2024-08-09 - 2024-08-09 Time range: 01:00 - 02:00 Percent,Date range: 2024-08-09 - 2024-08-09 Time range: 02:00 - 03:00 Trips,Date range: 2024-08-09 - 2024-08-09 Time range: 02:00 - 03:00 Percent,Date range: 2024-08-09 - 2024-08-09 Time range: 03:00 - 04:00 Trips,Date range: 2024-08-09 - 2024-08-09 Time range: 03:00 - 04:00 Percent,Date range: 2024-08-09 - 2024-08-09 Time range: 04:00 - 05:00 Trips,Date range: 2024-08-09 - 2024-08-09 Time range: 04:00 - 05:00 Percent,Date range: 2024-08-09 - 2024-08-09 Time range: 05:00 - 06:00 Trips,Date range: 2024-08-09 - 2024-08-09 Time range: 05:00 - 06:00 Percent,Date range: 2024-08-09 - 2024-08-09 Time range: 06:00 - 07:00 Trips,Date range: 2024-08-09 - 2024-08-09 Time range: 06:00 - 07:00 Percent,Date range: 2024-08-09 - 2024-08-09 Time range: 07:00 - 08:00 Trips,Date range: 2024-08-09 - 2024-08-09 Time range: 07:00 - 08:00 Percent,Date range: 2024-08-09 - 2024-08-09 Time range: 08:00 - 09:00 Trips,Date range: 2024-08-09 - 2024-08-09 Time range: 08:00 - 09:00 Percent,Date range: 2024-08-09 - 2024-08-09 Time range: 09:00 - 10:00 Trips,Date range: 2024-08-09 - 2024-08-09 Time range: 09:00 - 10:00 Percent,Date range: 2024-08-09 - 2024-08-09 Time range: 10:00 - 11:00 Trips,Date range: 2024-08-09 - 2024-08-09 Time range: 10:00 - 11:00 Percent,Date range: 2024-08-09 - 2024-08-09 Time range: 11:00 - 12:00 Trips,Date range: 2024-08-09 - 2024-08-09 Time range: 11:00 - 12:00 Percent,Date range: 2024-08-09 - 2024-08-09 Time range: 12:00 - 13:00 Trips,Date range: 2024-08-09 - 2024-08-09 Time range: 12:00 - 13:00 Percent,Date range: 2024-08-09 - 2024-08-09 Time range: 13:00 - 14:00 Trips,Date range: 2024-08-09 - 2024-08-09 Time range: 13:00 - 14:00 Percent,Date range: 2024-08-09 - 2024-08-09 Time range: 14:00 - 15:00 Trips,Date range: 2024-08-09 - 2024-08-09 Time range: 14:00 - 15:00 Percent,Date range: 2024-08-09 - 2024-08-09 Time range: 15:00 - 16:00 Trips,Date range: 2024-08-09 - 2024-08-09 Time range: 15:00 - 16:00 Percent,Date range: 2024-08-09 - 2024-08-09 Time range: 16:00 - 17:00 Trips,Date range: 2024-08-09 - 2024-08-09 Time range: 16:00 - 17:00 Percent,Date range: 2024-08-09 - 2024-08-09 Time range: 17:00 - 18:00 Trips,Date range: 2024-08-09 - 2024-08-09 Time range: 17:00 - 18:00 Percent,Date range: 2024-08-09 - 2024-08-09 Time range: 18:00 - 19:00 Trips,Date range: 2024-08-09 - 2024-08-09 Time range: 18:00 - 19:00 Percent,Date range: 2024-08-09 - 2024-08-09 Time range: 19:00 - 20:00 Trips,Date range: 2024-08-09 - 2024-08-09 Time range: 19:00 - 20:00 Percent,Date range: 2024-08-09 - 2024-08-09 Time range: 20:00 - 21:00 Trips,Date range: 2024-08-09 - 2024-08-09 Time range: 20:00 - 21:00 Percent,Date range: 2024-08-09 - 2024-08-09 Time range: 21:00 - 22:00 Trips,Date range: 2024-08-09 - 2024-08-09 Time range: 21:00 - 22:00 Percent,Date range: 2024-08-09 - 2024-08-09 Time range: 22:00 - 23:00 Trips,Date range: 2024-08-09 - 2024-08-09 Time range: 22:00 - 23:00 Percent,Date range: 2024-08-09 - 2024-08-09 Time range: 23:00 - 00:00 Trips,Date range: 2024-08-09 - 2024-08-09 Time range: 23:00 - 00:00 Percent,Date range: 2024-08-10 - 2024-08-10 Time range: 00:00 - 01:00 Trips,Date range: 2024-08-10 - 2024-08-10 Time range: 00:00 - 01:00 Percent,Date range: 2024-08-10 - 2024-08-10 Time range: 01:00 - 02:00 Trips,Date range: 2024-08-10 - 2024-08-10 Time range: 01:00 - 02:00 Percent,Date range: 2024-08-10 - 2024-08-10 Time range: 02:00 - 03:00 Trips,Date range: 2024-08-10 - 2024-08-10 Time range: 02:00 - 03:00 Percent,Date range: 2024-08-10 - 2024-08-10 Time range: 03:00 - 04:00 Trips,Date range: 2024-08-10 - 2024-08-10 Time range: 03:00 - 04:00 Percent,Date range: 2024-08-10 - 2024-08-10 Time range: 04:00 - 05:00 Trips,Date range: 2024-08-10 - 2024-08-10 Time range: 04:00 - 05:00 Percent,Date range: 2024-08-10 - 2024-08-10 Time range: 05:00 - 06:00 Trips,Date range: 2024-08-10 - 2024-08-10 Time range: 05:00 - 06:00 Percent,Date range: 2024-08-10 - 2024-08-10 Time range: 06:00 - 07:00 Trips,Date range: 2024-08-10 - 2024-08-10 Time range: 06:00 - 07:00 Percent,Date range: 2024-08-10 - 2024-08-10 Time range: 07:00 - 08:00 Trips,Date range: 2024-08-10 - 2024-08-10 Time range: 07:00 - 08:00 Percent,Date range: 2024-08-10 - 2024-08-10 Time range: 08:00 - 09:00 Trips,Date range: 2024-08-10 - 2024-08-10 Time range: 08:00 - 09:00 Percent,Date range: 2024-08-10 - 2024-08-10 Time range: 09:00 - 10:00 Trips,Date range: 2024-08-10 - 2024-08-10 Time range: 09:00 - 10:00 Percent,Date range: 2024-08-10 - 2024-08-10 Time range: 10:00 - 11:00 Trips,Date range: 2024-08-10 - 2024-08-10 Time range: 10:00 - 11:00 Percent,Date range: 2024-08-10 - 2024-08-10 Time range: 11:00 - 12:00 Trips,Date range: 2024-08-10 - 2024-08-10 Time range: 11:00 - 12:00 Percent,Date range: 2024-08-10 - 2024-08-10 Time range: 12:00 - 13:00 Trips,Date range: 2024-08-10 - 2024-08-10 Time range: 12:00 - 13:00 Percent,Date range: 2024-08-10 - 2024-08-10 Time range: 13:00 - 14:00 Trips,Date range: 2024-08-10 - 2024-08-10 Time range: 13:00 - 14:00 Percent,Date range: 2024-08-10 - 2024-08-10 Time range: 14:00 - 15:00 Trips,Date range: 2024-08-10 - 2024-08-10 Time range: 14:00 - 15:00 Percent,Date range: 2024-08-10 - 2024-08-10 Time range: 15:00 - 16:00 Trips,Date range: 2024-08-10 - 2024-08-10 Time range: 15:00 - 16:00 Percent,Date range: 2024-08-10 - 2024-08-10 Time range: 16:00 - 17:00 Trips,Date range: 2024-08-10 - 2024-08-10 Time range: 16:00 - 17:00 Percent,Date range: 2024-08-10 - 2024-08-10 Time range: 17:00 - 18:00 Trips,Date range: 2024-08-10 - 2024-08-10 Time range: 17:00 - 18:00 Percent,Date range: 2024-08-10 - 2024-08-10 Time range: 18:00 - 19:00 Trips,Date range: 2024-08-10 - 2024-08-10 Time range: 18:00 - 19:00 Percent,Date range: 2024-08-10 - 2024-08-10 Time range: 19:00 - 20:00 Trips,Date range: 2024-08-10 - 2024-08-10 Time range: 19:00 - 20:00 Percent,Date range: 2024-08-10 - 2024-08-10 Time range: 20:00 - 21:00 Trips,Date range: 2024-08-10 - 2024-08-10 Time range: 20:00 - 21:00 Percent,Date range: 2024-08-10 - 2024-08-10 Time range: 21:00 - 22:00 Trips,Date range: 2024-08-10 - 2024-08-10 Time range: 21:00 - 22:00 Percent,Date range: 2024-08-10 - 2024-08-10 Time range: 22:00 - 23:00 Trips,Date range: 2024-08-10 - 2024-08-10 Time range: 22:00 - 23:00 Percent,Date range: 2024-08-10 - 2024-08-10 Time range: 23:00 - 00:00 Trips,Date range: 2024-08-10 - 2024-08-10 Time range: 23:00 - 00:00 Percent
Region 0,Region 0,842,1.85,412,1.668,294,1.747,222,1.597,312,1.684,599,1.825,1086,2.069,1910,2.795,2314,2.851,1939,2.389,1863,2.589,2048,2.83,2203,2.931,2332,2.952,2438,3.001,2619,3.213,2716,3.265,2861,3.156,2581,2.668,1951,2.251,1635,2.023,1514,1.94,1274,1.791,1006,1.762,913,1.704,460,1.718,318,1.831,244,1.721,334,1.715,528,1.587,1092,2.121,1848,2.689,2392,2.917,2085,2.553,1960,2.577,2069,2.655,2262,2.801,2358,2.885,2443,2.944,2708,3.306,2783,3.344,3100,3.371,2896,2.95,2023,2.243,1817,2.11,1561,1.891,1276,1.676,952,1.571,1141,1.816,561,1.641,370,1.66,292,1.732,355,1.702,554,1.676,995,1.998,1715,2.64,2148,2.812,2079,2.756,1954,2.686,1964,2.659,2256,2.849,2410,3,2683,3.229,2795,3.282,2989,3.421,2977,3.181,2702,2.714,2193,2.348,1774,2.098,1669,2.044,1550,1.986,1207,1.71,1698,2.065,933,1.802,539,1.397,447,1.547,454,1.816,457,1.797,686,1.939,892,1.963,1339,2.453,1755,2.726,2168,3.025,2470,3.198,2568,3.122,2715,3.288,2965,3.546,2885,3.305,2763,3.058,2699,2.826,2665,2.685,2277,2.447,2154,2.305,2176,2.36,1875,2.132,1678,2.018
Region 0,Region 1,48,0.105,30,0.121,29,0.172,50,0.36,117,0.632,254,0.774,347,0.661,292,0.427,269,0.331,263,0.324,236,0.328,221,0.305,188,0.25,190,0.241,202,0.249,156,0.191,179,0.215,184,0.203,143,0.148,104,0.12,104,0.129,94,0.12,84,0.118,52,0.091,67,0.125,26,0.097,24,0.138,39,0.275,105,0.539,252,0.758,332,0.645,290,0.422,287,0.35,244,0.299,221,0.291,184,0.236,196,0.243,183,0.224,154,0.186,184,0.225,142,0.171,140,0.152,141,0.144,124,0.137,113,0.131,120,0.145,106,0.139,60,0.099,87,0.138,39,0.114,43,0.193,47,0.279,101,0.484,209,0.632,257,0.516,228,0.351,222,0.291,167,0.221,155,0.213,141,0.191,137,0.173,147,0.183,150,0.181,166,0.195,195,0.223,209,0.223,175,0.176,123,0.132,94,0.111,91,0.111,80,0.102,65,0.092,101,0.123,39,0.075,29,0.075,35,0.121,46,0.184,86,0.338,120,0.339,129,0.284,141,0.258,152,0.236,199,0.278,215,0.278,168,0.204,148,0.179,164,0.196,168,0.192,189,0.209,212,0.222,209,0.211,200,0.215,150,0.161,130,0.141,114,0.13,103,0.124
Region 0,Region 2,111,0.244,64,0.259,61,0.362,113,0.813,229,1.236,414,1.262,393,0.749,328,0.48,312,0.384,317,0.39,243,0.338,243,0.336,205,0.273,227,0.287,223,0.275,294,0.361,332,0.399,341,0.376,270,0.279,246,0.284,212,0.262,197,0.252,165,0.232,122,0.214,119,0.222,80,0.299,81,0.467,124,0.875,247,1.268,367,1.103,329,0.639,274,0.399,330,0.402,301,0.369,327,0.43,307,0.394,321,0.397,326,0.399,263,0.317,240,0.293,253,0.304,251,0.273,231,0.235,206,0.228,207,0.24,197,0.239,172,0.226,126,0.208,131,0.209,91,0.266,73,0.328,120,0.712,243,1.165,379,1.146,391,0.785,336,0.517,299,0.391,282,0.374,266,0.366,266,0.36,284,0.359,316,0.393,200,0.241,221,0.259,252,0.288,308,0.329,328,0.329,243,0.26,154,0.182,187,0.229,156,0.2,137,0.194,202,0.246,108,0.209,78,0.202,96,0.332,122,0.488,177,0.696,205,0.58,260,0.572,257,0.471,277,0.43,295,0.412,192,0.249,249,0.303,230,0.279,300,0.359,376,0.431,379,0.419,523,0.548,500,0.504,402,0.432,374,0.4,349,0.379,319,0.363,292,0.351
Region 0,Region 3,489,1.075,227,0.919,207,1.23,207,1.489,316,1.706,613,1.868,947,1.805,1080,1.58,1027,1.265,1046,1.288,932,1.295,914,1.263,850,1.131,879,1.113,1014,1.248,1023,1.255,1052,1.265,1190,1.313,1064,1.1,819,0.945,796,0.985,762,0.977,635,0.893,501,0.877,539,1.006,258,0.964,210,1.209,251,1.77,413,2.12,680,2.044,970,1.884,1272,1.851,1202,1.466,1035,1.267,1009,1.327,908,1.165,1025,1.269,1131,1.384,1080,1.302,1012,1.236,950,1.141,923,1.004,975,0.993,919,1.019,873,1.014,895,1.084,781,1.026,554,0.914,593,0.944,322,0.942,248,1.113,266,1.578,398,1.908,690,2.087,979,1.966,1289,1.985,1541,2.018,1559,2.066,1470,2.02,1267,1.715,1241,1.567,1291,1.607,1232,1.483,1225,1.438,1210,1.385,1287,1.375,1376,1.382,1323,1.417,1207,1.427,1009,1.236,853,1.093,648,0.918,783,0.952,500,0.966,341,0.884,394,1.364,592,2.368,766,3.011,1153,3.26,1447,3.185,1596,2.924,1659,2.577,1534,2.14,1312,1.699,1453,1.766,1396,1.691,1400,1.675,1374,1.574,1242,1.374,1393,1.459,1423,1.434,1231,1.323,1242,1.329,1187,1.288,1016,1.155,844,1.015
Region 0,Region 4,43,0.094,18,0.073,13,0.077,22,0.158,49,0.264,155,0.472,204,0.389,160,0.234,111,0.137,81,0.1,61,0.085,71,0.098,83,0.11,91,0.115,100,0.123,114,0.14,109,0.131,78,0.086,72,0.074,58,0.067,51,0.063,48,0.062,42,0.059,44,0.077,49,0.091,17,0.064,16,0.092,13,0.092,50,0.257,154,0.463,181,0.352,133,0.193,108,0.132,111,0.136,99,0.13,89,0.114,95,0.118,99,0.121,86,0.104,76,0.093,62,0.074,51,0.055,50,0.051,63,0.07,47,0.055,42,0.051,44,0.058,40,0.066,39,0.062,21,0.061,24,0.108,13,0.077,46,0.221,147,0.445,157,0.315,102,0.157,117,0.153,97,0.129,88,0.121,71,0.096,90,0.114,94,0.117,72,0.087,87,0.102,98,0.112,108,0.115,88,0.088,62,0.066,50,0.059,48,0.059,42,0.054,33,0.047,58,0.071,31,0.06,23,0.06,30,0.104,27,0.108,41,0.161,59,0.167,83,0.183,80,0.147,76,0.118,72,0.1,89,0.115,87,0.106,74,0.09,98,0.117,115,0.132,135,0.149,178,0.186,145,0.146,120,0.129,101,0.108,92,0.1,67,0.076,56,0.067
Region 0,Region 5,31,0.068,15,0.061,8,0.048,18,0.129,37,0.2,88,0.268,157,0.299,185,0.271,142,0.175,131,0.161,131,0.182,159,0.22,159,0.212,138,0.175,142,0.175,138,0.169,149,0.179,175,0.193,150,0.155,96,0.111,89,0.11,74,0.095,71,0.1,46,0.081,32,0.06,9,0.034,15,0.086,23,0.162,46,0.236,98,0.295,136,0.264,127,0.185,139,0.169,137,0.168,124,0.163,122,0.157,135,0.167,141,0.172,147,0.177,132,0.161,125,0.15,91,0.099,84,0.086,84,0.093,68,0.079,81,0.098,62,0.081,40,0.066,51,0.081,19,0.056,8,0.036,19,0.113,33,0.158,75,0.227,111,0.223,116,0.179,112,0.147,126,0.167,106,0.146,112,0.152,106,0.134,99,0.123,97,0.117,144,0.169,186,0.213,192,0.205,177,0.178,134,0.143,98,0.116,88,0.108,65,0.083,57,0.081,64,0.078,37,0.071,22,0.057,12,0.042,23,0.092,48,0.189,59,0.167,71,0.156,105,0.192,132,0.205,133,0.186,163,0.211,164,0.199,133,0.161,150,0.179,169,0.194,195,0.216,207,0.217,196,0.198,146,0.157,112,0.12,99,0.107,85,0.097,67,0.081
Region 0,Region 6,20,0.044,6,0.024,4,0.024,10,0.072,31,0.167,67,0.204,48,0.091,31,0.045,22,0.027,20,0.025,25,0.035,30,0.041,20,0.027,19,0.024,20,0.025,22,0.027,32,0.038,42,0.046,28,0.029,20,0.023,24,0.03,17,0.022,22,0.031,20,0.035,22,0.041,14,0.052,5,0.029,12,0.085,35,0.18,65,0.195,44,0.085,37,0.054,30,0.037,18,0.022,13,0.017,17,0.022,26,0.032,33,0.04,29,0.035,21,0.026,10,0.012,21,0.023,22,0.022,25,0.028,27,0.031,32,0.039,32,0.042,23,0.038,18,0.029,13,0.038,10,0.045,13,0.077,36,0.173,59,0.178,39,0.078,38,0.059,29,0.038,21,0.028,23,0.032,20,0.027,25,0.032,32,0.04,21,0.025,18,0.021,21,0.024,31,0.033,34,0.034,26,0.028,28,0.033,22,0.027,24,0.031,18,0.025,31,0.038,15,0.029,8,0.021,14,0.048,11,0.044,17,0.067,36,0.102,30,0.066,33,0.06,31,0.048,37,0.052,31,0.04,35,0.043,23,0.028,23,0.028,28,0.032,37,0.041,60,0.063,42,0.042,32,0.034,48,0.051,57,0.062,44,0.05,38,0.046
Region 0,Region 7,25,0.055,15,0.061,8,0.048,15,0.108,46,0.248,128,0.39,177,0.337,168,0.246,119,0.147,92,0.113,85,0.118,83,0.115,76,0.101,99,0.125,90,0.111,82,0.101,101,0.121,126,0.139,91,0.094,42,0.048,52,0.064,49,0.063,37,0.052,23,0.04,22,0.041,15,0.056,13,0.075,15,0.106,29,0.149,100,0.301,168,0.326,139,0.202,130,0.159,111,0.136,109,0.143,103,0.132,105,0.13,90,0.11,89,0.107,69,0.084,69,0.083,80,0.087,50,0.051,57,0.063,50,0.058,44,0.053,40,0.053,23,0.038,20,0.032,18,0.053,9,0.04,10,0.059,43,0.206,99,0.299,146,0.293,128,0.197,98,0.128,92,0.122,85,0.117,93,0.126,93,0.117,83,0.103,84,0.101,86,0.101,107,0.122,150,0.16,110,0.11,66,0.071,45,0.053,51,0.062,49,0.063,43,0.061,34,0.041,17,0.033,11,0.029,11,0.038,26,0.104,46,0.181,62,0.175,71,0.156,89,0.163,99,0.154,94,0.131,87,0.113,80,0.097,78,0.094,102,0.122,129,0.148,134,0.148,158,0.165,116,0.117,82,0.088,80,0.086,79,0.086,84,0.096,61,0.073
Region 0,Region 8,3,0.007,3,0.012,0,0,2,0.014,9,0.049,29,0.088,47,0.09,49,0.072,47,0.058,36,0.044,29,0.04,33,0.046,30,0.04,37,0.047,35,0.043,35,0.043,31,0.037,22,0.024,27,0.028,27,0.031,29,0.036,16,0.021,11,0.015,6,0.011,2,0.004,1,0.004,1,0.006,2,0.014,10,0.051,20,0.06,32,0.062,49,0.071,46,0.056,41,0.05,47,0.062,42,0.054,31,0.038,33,0.04,34,0.041,35,0.043,32,0.038,41,0.045,32,0.033,30,0.033,17,0.02,9,0.011,8,0.011,5,0.008,7,0.011,7,0.02,0,0,1,0.006,6,0.029,13,0.039,28,0.056,25,0.038,22,0.029,36,0.048,26,0.036,21,0.028,27,0.034,23,0.029,30,0.036,35,0.041,42,0.048,53,0.057,36,0.036,29,0.031,28,0.033,23,0.028,19,0.024,12,0.017,7,0.009,8,0.015,0,0,2,0.007,4,0.016,2,0.008,10,0.028,15,0.033,22,0.04,35,0.054,38,0.053,45,0.058,49,0.06,36,0.044,50,0.06,51,0.058,57,0.063,80,0.084,71,0.072,54,0.058,55,0.059,41,0.044,21,0.024,14,0.017
Region 0,Region 9,129,0.283,77,0.312,65,0.386,86,0.618,164,0.885,396,1.207,683,1.302,879,1.286,865,1.066,660,0.813,575,0.799,512,0.707,444,0.591,548,0.694,668,0.822,622,0.763,707,0.85,870,0.96,707,0.731,407,0.47,343,0.424,311,0.399,300,0.422,228,0.399,194,0.362,97,0.362,52,0.299,94,0.663,164,0.842,407,1.224,758,1.472,818,1.19,830,1.012,687,0.841,602,0.792,479,0.615,520,0.644,548,0.67,538,0.648,566,0.691,644,0.774,638,0.694,529,0.539,384,0.426,376,0.437,322,0.39,270,0.355,211,0.348,207,0.33,124,0.363,80,0.359,100,0.593,172,0.825,338,1.022,592,1.189,714,1.099,792,1.037,603,0.799,522,0.717,483,0.654,562,0.71,568,0.707,458,0.551,448,0.526,524,0.6,590,0.63,596,0.599,493,0.528,392,0.464,375,0.459,292,0.374,255,0.361,304,0.37,206,0.398,107,0.277,120,0.415,125,0.5,171,0.672,291,0.823,309,0.68,449,0.822,571,0.887,709,0.989,692,0.896,634,0.771,510,0.618,597,0.714,660,0.756,579,0.641,649,0.68,753,0.759,622,0.669,612,0.655,542,0.588,488,0.555,415,0.499
Region 0,Region 10,15,0.033,3,0.012,3,0.018,12,0.086,37,0.2,103,0.314,167,0.318,178,0.26,142,0.175,102,0.126,93,0.129,82,0.113,80,0.106,81,0.103,95,0.117,89,0.109,79,0.095,64,0.071,48,0.05,46,0.053,28,0.035,18,0.023,19,0.027,18,0.032,20,0.037,1,0.004,7,0.04,12,0.085,21,0.108,80,0.241,144,0.28,154,0.224,118,0.144,109,0.133,97,0.128,94,0.121,104,0.129,92,0.113,82,0.099,69,0.084,69,0.083,60,0.065,50,0.051,46,0.051,41,0.048,31,0.038,26,0.034,14,0.023,21,0.033,11,0.032,4,0.018,14,0.083,18,0.086,59,0.178,98,0.197,112,0.172,112,0.147,95,0.126,64,0.088,56,0.076,66,0.083,58,0.072,56,0.067,64,0.075,83,0.095,85,0.091,77,0.077,55,0.059,37,0.044,26,0.032,29,0.037,25,0.035,27,0.033,10,0.019,5,0.013,4,0.014,13,0.052,32,0.126,50,0.141,56,0.123,68,0.125,74,0.115,87,0.121,76,0.098,70,0.085,65,0.079,79,0.094,82,0.094,92,0.102,127,0.133,115,0.116,68,0.073,60,0.064,57,0.062,45,0.051,33,0.04
Region 0,Region 11,7,0.015,8,0.032,6,0.036,12,0.086,38,0.205,118,0.36,167,0.318,156,0.228,126,0.155,101,0.124,98,0.136,81,0.112,86,0.114,96,0.122,93,0.114,79,0.097,83,0.1,85,0.094,86,0.089,51,0.059,47,0.058,33,0.042,29,0.041,18,0.032,14,0.026,6,0.022,6,0.035,13,0.092,31,0.159,98,0.295,148,0.287,153,0.223,144,0.176,127,0.155,113,0.149,96,0.123,96,0.119,112,0.137,102,0.123,84,0.103,70,0.084,73,0.079,67,0.068,45,0.05,47,0.055,30,0.036,34,0.045,19,0.031,18,0.029,11,0.032,9,0.04,7,0.042,27,0.129,85,0.257,158,0.317,139,0.214,104,0.136,102,0.135,86,0.118,74,0.1,88,0.111,92,0.115,62,0.075,58,0.068,61,0.07,53,0.057,57,0.057,36,0.039,35,0.041,31,0.038,35,0.045,15,0.021,23,0.028,6,0.012,6,0.016,11,0.038,14,0.056,30,0.118,63,0.178,55,0.121,61,0.112,62,0.096,70,0.098,87,0.113,87,0.106,61,0.074,73,0.087,98,0.112,97,0.107,117,0.123,85,0.086,60,0.064,56,0.06,70,0.076,49,0.056,30,0.036
Region 0,Region 12,20,0.044,13,0.053,6,0.036,9,0.065,21,0.113,62,0.189,129,0.246,156,0.228,155,0.191,122,0.15,112,0.156,96,0.133,77,0.102,99,0.125,102,0.126,121,0.148,122,0.147,112,0.124,101,0.104,50,0.058,53,0.066,61,0.078,48,0.067,28,0.049,30,0.056,16,0.06,5,0.029,15,0.106,29,0.149,70,0.21,135,0.262,133,0.193,148,0.18,134,0.164,135,0.178,99,0.127,93,0.115,91,0.111,104,0.125,110,0.134,103,0.124,84,0.091,82,0.084,64,0.071,50,0.058,60,0.073,49,0.064,35,0.058,36,0.057,10,0.029,8,0.036,16,0.095,20,0.096,53,0.16,105,0.211,122,0.188,141,0.185,110,0.146,74,0.102,74,0.1,86,0.109,95,0.118,85,0.102,127,0.149,108,0.124,115,0.123,105,0.105,69,0.074,52,0.061,57,0.07,47,0.06,37,0.052,47,0.057,12,0.023,13,0.034,19,0.066,31,0.124,39,0.153,90,0.254,92,0.202,76,0.139,90,0.14,87,0.121,99,0.128,92,0.112,106,0.128,117,0.14,121,0.139,109,0.121,131,0.137,127,0.128,108,0.116,101,0.108,76,0.082,55,0.063,51,0.061
Region 0,Region 13,0,0,0,0,0,0,0,0,0,0,0,0,0,0,0,0,0,0,0,0,0,0,0,0,0,0,0,0,0,0,0,0,0,0,0,0,0,0,0,0,0,0,0,0,0,0,0,0,0,0,0,0,0,0,0,0,0,0,0,0,0,0,0,0,0,0,0,0,0,0,0,0,0,0,0,0,0,0,0,0,0,0,0,0,0,0,0,0,0,0,0,0,0,0,0,0,0,0,0,0,0,0,0,0,0,0,0,0,0,0,0,0,0,0,0,0,0,0,0,0,0,0,0,0,0,0,0,0,0,0,0,0,0,0,0,0,0,0,0,0,0,0,0,0,0,0,0,0,0,0,0,0,0,0,0,0,0,0,0,0,0,0,0,0,0,0,0,0,0,0,0,0,1,0.001,1,0.001,0,0,0,0,0,0,0,0,0,0,0,0,0,0,0,0
Region 0,Region 14,12,0.026,6,0.024,11,0.065,10,0.072,23,0.124,48,0.146,77,0.147,112,0.164,89,0.11,93,0.115,103,0.143,87,0.12,87,0.116,118,0.149,118,0.145,129,0.158,138,0.166,167,0.184,122,0.126,77,0.089,47,0.058,40,0.051,34,0.048,17,0.03,16,0.03,11,0.041,4,0.023,5,0.035,22,0.113,44,0.132,88,0.171,98,0.143,101,0.123,111,0.136,106,0.139,90,0.116,91,0.113,95,0.116,94,0.113,99,0.121,111,0.133,133,0.145,111,0.113,72,0.08,53,0.062,48,0.058,48,0.063,19,0.031,16,0.025,8,0.023,6,0.027,2,0.012,15,0.072,46,0.139,77,0.155,101,0.155,92,0.12,85,0.113,84,0.115,90,0.122,103,0.13,87,0.108,97,0.117,124,0.146,154,0.176,132,0.141,103,0.103,62,0.066,45,0.053,44,0.054,33,0.042,27,0.038,25,0.03,9,0.017,8,0.021,9,0.031,16,0.064,22,0.086,36,0.102,57,0.125,78,0.143,88,0.137,95,0.133,89,0.115,114,0.139,137,0.166,148,0.177,146,0.167,167,0.185,153,0.16,129,0.13,107,0.115,95,0.102,93,0.101,53,0.06,27,0.032
Region 0,Region 15,34,0.075,13,0.053,6,0.036,11,0.079,38,0.205,102,0.311,158,0.301,186,0.272,160,0.197,128,0.158,87,0.121,90,0.124,68,0.09,80,0.101,81,0.1,92,0.113,99,0.119,115,0.127,118,0.122,65,0.075,52,0.064,56,0.072,42,0.059,49,0.086,42,0.078,15,0.056,13,0.075,20,0.141,38,0.195,93,0.28,130,0.252,156,0.227,128,0.156,127,0.155,95,0.125,89,0.114,104,0.129,97,0.119,90,0.108,100,0.122,102,0.123,80,0.087,88,0.09,77,0.085,74,0.086,62,0.075,43,0.056,39,0.064,43,0.068,21,0.061,15,0.067,19,0.113,46,0.221,79,0.239,131,0.263,149,0.229,138,0.181,97,0.129,87,0.12,75,0.102,88,0.111,108,0.134,91,0.11,106,0.124,112,0.128,114,0.122,98,0.098,77,0.082,75,0.089,63,0.077,64,0.082,49,0.069,47,0.057,37,0.071,26,0.067,15,0.052,23,0.092,33,0.13,54,0.153,77,0.169,89,0.163,80,0.124,73,0.102,78,0.101,77,0.094,77,0.093,87,0.104,117,0.134,126,0.139,137,0.143,144,0.145,109,0.117,98,0.105,95,0.103,63,0.072,64,0.077
Region 0,Region 16,11,0.024,9,0.036,8,0.048,14,0.101,36,0.194,98,0.299,189,0.36,208,0.304,198,0.244,204,0.251,166,0.231,159,0.22,168,0.223,175,0.222,183,0.225,202,0.248,224,0.269,226,0.249,206,0.213,118,0.136,81,0.1,73,0.094,57,0.08,24,0.042,17,0.032,12,0.045,9,0.052,10,0.071,37,0.19,110,0.331,174,0.338,169,0.246,191,0.233,189,0.231,148,0.195,169,0.217,179,0.222,190,0.232,172,0.207,174,0.212,174,0.209,187,0.203,172,0.175,135,0.15,87,0.101,104,0.126,63,0.083,40,0.066,39,0.062,15,0.044,10,0.045,7,0.042,28,0.134,82,0.248,132,0.265,174,0.268,154,0.202,144,0.191,121,0.166,119,0.161,123,0.155,132,0.164,126,0.152,179,0.21,188,0.215,188,0.201,158,0.159,106,0.114,66,0.078,64,0.078,47,0.06,45,0.064,39,0.047,24,0.046,18,0.047,14,0.048,20,0.08,40,0.157,71,0.201,76,0.167,108,0.198,147,0.228,179,0.25,213,0.276,227,0.276,222,0.269,255,0.305,287,0.329,293,0.324,264,0.276,230,0.232,177,0.19,130,0.139,106,0.115,106,0.121,65,0.078
Region 1,Region 0,139,0.305,66,0.267,33,0.196,39,0.28,47,0.254,77,0.235,125,0.238,150,0.219,141,0.174,122,0.15,130,0.181,145,0.2,138,0.184,140,0.177,188,0.231,169,0.207,160,0.192,185,0.204,182,0.188,174,0.201,256,0.317,283,0.363,257,0.361,212,0.371,155,0.289,68,0.254,36,0.207,36,0.254,64,0.329,70,0.21,116,0.225,144,0.209,121,0.148,135,0.165,133,0.175,168,0.216,159,0.197,157,0.192,193,0.233,161,0.197,122,0.147,156,0.17,158,0.161,143,0.159,280,0.325,243,0.294,240,0.315,187,0.309,135,0.215,80,0.234,40,0.18,38,0.225,43,0.206,67,0.203,113,0.227,123,0.189,109,0.143,119,0.158,159,0.219,130,0.176,144,0.182,177,0.22,186,0.224,178,0.209,114,0.13,129,0.138,140,0.141,123,0.132,145,0.171,164,0.201,167,0.214,134,0.19,141,0.171,92,0.178,70,0.181,49,0.17,70,0.28,60,0.236,108,0.305,118,0.26,118,0.216,152,0.236,140,0.195,147,0.19,126,0.153,111,0.134,152,0.182,157,0.18,175,0.194,180,0.188,154,0.155,177,0.19,173,0.185,201,0.218,211,0.24,293,0.352
Region 1,Region 1,2740,6.021,1643,6.652,1040,6.18,824,5.926,1015,5.479,1449,4.416,2578,4.913,4122,6.031,5947,7.328,6466,7.965,5708,7.933,5671,7.836,5980,7.955,6130,7.759,6225,7.663,6032,7.4,6202,7.455,6633,7.317,7386,7.634,6265,7.229,5497,6.802,5298,6.79,4802,6.752,3531,6.183,3246,6.058,1548,5.782,1055,6.076,846,5.967,865,4.441,1502,4.516,2635,5.118,3937,5.728,5374,6.553,5762,7.054,5566,7.32,6009,7.712,6407,7.933,6110,7.475,5789,6.976,5583,6.816,6017,7.229,6975,7.585,7368,7.506,6347,7.037,5842,6.784,5286,6.404,4641,6.094,3599,5.941,3500,5.572,1832,5.36,1166,5.233,857,5.084,1003,4.808,1452,4.391,2390,4.799,3236,4.982,4096,5.363,4416,5.853,4412,6.064,4565,6.18,4879,6.163,4828,6.01,4965,5.975,4922,5.779,5248,6.007,5905,6.309,6527,6.556,5688,6.091,4417,5.224,4400,5.389,4128,5.289,3411,4.832,3923,4.77,2336,4.513,1649,4.274,1240,4.292,1099,4.396,1051,4.132,1515,4.283,1995,4.391,2341,4.288,2822,4.383,3345,4.667,3747,4.851,4295,5.221,4515,5.468,4361,5.216,4419,5.062,4737,5.242,5214,5.46,5267,5.307,4940,5.31,4526,4.844,4348,4.716,4382,4.983,3962,4.766
Region 1,Region 2,108,0.237,51,0.206,27,0.16,31,0.223,49,0.264,79,0.241,136,0.259,236,0.345,235,0.29,190,0.234,187,0.26,162,0.224,164,0.218,282,0.357,363,0.447,205,0.251,177,0.213,137,0.151,121,0.125,97,0.112,104,0.129,84,0.108,107,0.15,108,0.189,113,0.211,40,0.149,39,0.225,33,0.233,65,0.334,124,0.373,126,0.245,208,0.303,253,0.308,272,0.333,174,0.229,131,0.168,158,0.196,223,0.273,406,0.489,270,0.33,143,0.172,178,0.194,158,0.161,135,0.15,143,0.166,89,0.108,83,0.109,107,0.177,101,0.161,46,0.135,47,0.211,50,0.297,83,0.398,89,0.269,180,0.361,225,0.346,222,0.291,258,0.342,178,0.245,141,0.191,145,0.183,226,0.281,205,0.247,123,0.144,135,0.155,190,0.203,149,0.15,96,0.103,85,0.101,97,0.119,84,0.108,84,0.119,110,0.134,63,0.122,39,0.101,40,0.138,65,0.26,77,0.303,93,0.263,101,0.222,101,0.185,104,0.162,211,0.294,128,0.166,112,0.136,128,0.155,138,0.165,117,0.134,109,0.121,100,0.105,67,0.068,78,0.084,76,0.081,86,0.093,87,0.099,102,0.123
Region 1,Region 3,227,0.499,117,0.474,72,0.428,51,0.367,70,0.378,70,0.213,111,0.212,143,0.209,139,0.171,117,0.144,127,0.176,148,0.204,139,0.185,177,0.224,190,0.234,200,0.245,199,0.239,197,0.217,221,0.228,237,0.273,271,0.335,234,0.3,269,0.378,277,0.485,259,0.483,138,0.515,76,0.438,55,0.388,66,0.339,71,0.213,95,0.185,150,0.218,162,0.198,177,0.217,178,0.234,179,0.23,183,0.227,191,0.234,201,0.242,175,0.214,148,0.178,166,0.181,199,0.203,181,0.201,259,0.301,280,0.339,273,0.358,309,0.51,277,0.441,113,0.331,83,0.372,70,0.415,67,0.321,98,0.296,118,0.237,145,0.223,170,0.223,162,0.215,168,0.231,171,0.231,165,0.208,196,0.244,194,0.233,185,0.217,183,0.209,203,0.217,245,0.246,190,0.203,205,0.242,204,0.25,261,0.334,252,0.357,306,0.372,160,0.309,111,0.288,86,0.298,83,0.332,94,0.37,129,0.365,190,0.418,204,0.374,176,0.273,203,0.283,202,0.262,202,0.246,226,0.274,198,0.237,222,0.254,249,0.276,244,0.256,203,0.205,196,0.211,197,0.211,259,0.281,295,0.335,300,0.361
Region 1,Region 4,338,0.743,149,0.603,82,0.487,57,0.41,52,0.281,76,0.232,173,0.33,290,0.424,411,0.506,378,0.466,351,0.488,288,0.398,306,0.407,329,0.416,365,0.449,267,0.328,259,0.311,333,0.367,373,0.386,368,0.425,479,0.593,485,0.622,424,0.596,428,0.749,328,0.612,142,0.53,98,0.564,48,0.339,54,0.277,81,0.244,177,0.344,266,0.387,365,0.445,366,0.448,282,0.371,309,0.397,333,0.412,343,0.42,346,0.417,322,0.393,247,0.297,287,0.312,354,0.361,427,0.473,466,0.541,454,0.55,442,0.58,355,0.586,283,0.451,161,0.471,100,0.449,62,0.368,50,0.24,61,0.184,145,0.291,255,0.393,274,0.359,281,0.372,289,0.397,291,0.394,327,0.413,301,0.375,336,0.404,326,0.383,334,0.382,371,0.396,372,0.374,339,0.363,322,0.381,295,0.361,305,0.391,312,0.442,330,0.401,197,0.381,146,0.378,88,0.305,88,0.352,33,0.13,53,0.15,130,0.286,240,0.44,254,0.395,284,0.396,244,0.316,272,0.331,302,0.366,277,0.331,297,0.34,352,0.39,334,0.35,375,0.378,332,0.357,302,0.323,331,0.359,303,0.345,302,0.363
Region 1,Region 5,385,0.846,227,0.919,163,0.969,153,1.1,168,0.907,212,0.646,328,0.625,428,0.626,489,0.603,568,0.7,490,0.681,533,0.736,553,0.736,618,0.782,647,0.796,586,0.719,535,0.643,589,0.65,802,0.829,770,0.889,836,1.034,723,0.927,768,1.08,522,0.914,399,0.745,283,1.057,162,0.933,145,1.023,173,0.888,239,0.719,307,0.596,414,0.602,523,0.638,548,0.671,506,0.665,561,0.72,629,0.779,702,0.859,733,0.883,546,0.667,498,0.598,539,0.586,501,0.51,513,0.569,744,0.864,842,1.02,730,0.959,428,0.706,427,0.68,318,0.93,197,0.884,186,1.103,222,1.064,238,0.72,277,0.556,344,0.53,445,0.583,471,0.624,453,0.623,492,0.666,581,0.734,556,0.692,645,0.776,598,0.702,551,0.631,698,0.746,798,0.802,706,0.756,642,0.759,625,0.765,644,0.825,561,0.795,599,0.728,417,0.806,350,0.907,251,0.869,228,0.912,233,0.916,269,0.76,311,0.684,388,0.711,443,0.688,431,0.601,466,0.603,553,0.672,526,0.637,446,0.533,498,0.57,594,0.657,702,0.735,746,0.752,635,0.683,653,0.699,648,0.703,515,0.586,648,0.779
Region 1,Region 6,204,0.448,112,0.453,65,0.386,43,0.309,39,0.211,49,0.149,81,0.154,119,0.174,138,0.17,173,0.213,144,0.2,115,0.159,161,0.214,125,0.158,135,0.166,159,0.195,180,0.216,260,0.287,314,0.325,286,0.33,319,0.395,327,0.419,280,0.394,302,0.529,235,0.439,111,0.415,67,0.386,52,0.367,49,0.252,42,0.126,80,0.155,139,0.202,167,0.204,171,0.209,150,0.197,159,0.204,161,0.199,161,0.197,169,0.204,191,0.233,215,0.258,325,0.353,347,0.353,326,0.361,349,0.405,312,0.378,340,0.446,286,0.472,224,0.357,118,0.345,76,0.341,44,0.261,45,0.216,51,0.154,69,0.139,99,0.152,153,0.2,127,0.168,144,0.198,151,0.204,152,0.192,136,0.169,160,0.193,202,0.237,240,0.275,304,0.325,331,0.332,323,0.346,318,0.376,329,0.403,315,0.404,318,0.45,302,0.367,201,0.388,115,0.298,77,0.267,85,0.34,28,0.11,42,0.119,73,0.161,90,0.165,123,0.191,185,0.258,183,0.237,213,0.259,221,0.268,226,0.27,240,0.275,267,0.295,254,0.266,324,0.326,306,0.329,271,0.29,295,0.32,246,0.28,256,0.308
Region 1,Region 7,928,2.039,526,2.129,332,1.973,266,1.913,347,1.873,516,1.572,876,1.669,1023,1.497,1002,1.235,1047,1.29,970,1.348,1188,1.641,1258,1.673,1267,1.604,1218,1.499,1123,1.378,1140,1.37,1317,1.453,1553,1.605,1496,1.726,1704,2.108,1640,2.102,1531,2.153,1097,1.921,1020,1.904,503,1.879,331,1.906,253,1.785,327,1.679,469,1.41,744,1.445,1039,1.512,1090,1.329,1074,1.315,1016,1.336,1325,1.701,1390,1.721,1311,1.604,1196,1.441,1236,1.509,1264,1.519,1335,1.452,1604,1.634,1585,1.757,1723,2.001,1655,2.005,1646,2.161,1240,2.047,1104,1.758,611,1.788,426,1.912,306,1.815,386,1.85,443,1.34,666,1.337,910,1.401,956,1.252,809,1.072,953,1.31,1185,1.604,1233,1.557,1125,1.4,1207,1.453,1223,1.436,1244,1.424,1353,1.446,1611,1.618,1524,1.632,1377,1.629,1426,1.746,1443,1.849,1221,1.73,1302,1.583,986,1.905,634,1.643,422,1.461,383,1.532,375,1.474,470,1.329,569,1.252,728,1.334,880,1.367,858,1.197,1051,1.361,1080,1.313,1051,1.273,1049,1.255,1136,1.301,1238,1.37,1386,1.451,1469,1.48,1306,1.404,1430,1.53,1201,1.303,1216,1.383,1188,1.429
Region 1,Region 8,43,0.094,22,0.089,19,0.113,6,0.043,3,0.016,8,0.024,16,0.03,27,0.04,43,0.053,52,0.064,55,0.076,55,0.076,38,0.051,59,0.075,47,0.058,53,0.065,47,0.056,75,0.083,105,0.109,110,0.127,113,0.14,110,0.141,93,0.131,61,0.107,59,0.11,29,0.108,23,0.132,12,0.085,6,0.031,10,0.03,14,0.027,30,0.044,39,0.048,55,0.067,47,0.062,55,0.071,53,0.066,52,0.064,59,0.071,54,0.066,70,0.084,105,0.114,119,0.121,88,0.098,120,0.139,113,0.137,108,0.142,73,0.12,64,0.102,40,0.117,22,0.099,12,0.071,13,0.062,10,0.03,23,0.046,31,0.048,27,0.035,34,0.045,53,0.073,46,0.062,58,0.073,52,0.065,54,0.065,52,0.061,66,0.076,79,0.084,104,0.104,90,0.096,71,0.084,69,0.085,83,0.106,105,0.149,78,0.095,62,0.12,29,0.075,21,0.073,19,0.076,17,0.067,21,0.059,20,0.044,30,0.055,33,0.051,46,0.064,64,0.083,52,0.063,56,0.068,68,0.081,59,0.068,67,0.074,78,0.082,104,0.105,91,0.098,97,0.104,78,0.085,68,0.077,70,0.084
Region 1,Region 9,84,0.185,45,0.182,20,0.119,13,0.093,29,0.157,53,0.162,65,0.124,49,0.072,52,0.064,51,0.063,57,0.079,50,0.069,44,0.059,36,0.046,48,0.059,53,0.065,48,0.058,52,0.057,52,0.054,54,0.062,67,0.083,55,0.07,72,0.101,67,0.117,83,0.155,50,0.187,36,0.207,23,0.162,29,0.149,50,0.15,56,0.109,51,0.074,50,0.061,48,0.059,56,0.074,53,0.068,56,0.069,56,0.069,51,0.061,49,0.06,44,0.053,49,0.053,42,0.043,50,0.055,84,0.098,74,0.09,78,0.102,75,0.124,113,0.18,59,0.173,44,0.197,35,0.208,36,0.173,39,0.118,61,0.122,56,0.086,60,0.079,48,0.064,38,0.052,49,0.066,49,0.062,59,0.073,39,0.047,42,0.049,43,0.049,60,0.064,68,0.068,67,0.072,75,0.089,69,0.085,77,0.099,83,0.118,137,0.167,80,0.155,47,0.122,40,0.138,42,0.168,33,0.13,47,0.133,49,0.108,46,0.084,40,0.062,48,0.067,59,0.076,56,0.068,44,0.053,45,0.054,56,0.064,67,0.074,71,0.074,58,0.058,64,0.069,78,0.083,73,0.079,91,0.103,93,0.112
Region 1,Region 10,248,0.545,151,0.611,88,0.523,49,0.352,42,0.227,66,0.201,173,0.33,225,0.329,303,0.373,311,0.383,281,0.391,247,0.341,325,0.432,273,0.346,275,0.339,243,0.298,261,0.314,386,0.426,504,0.521,541,0.624,573,0.709,561,0.719,409,0.575,371,0.65,294,0.549,156,0.583,120,0.691,41,0.289,44,0.226,74,0.222,162,0.315,234,0.34,318,0.388,302,0.37,300,0.395,318,0.408,330,0.409,319,0.39,299,0.36,290,0.354,325,0.39,385,0.419,409,0.417,455,0.504,530,0.615,516,0.625,491,0.645,334,0.551,353,0.562,179,0.524,114,0.512,48,0.285,54,0.259,95,0.287,140,0.281,229,0.353,256,0.335,279,0.37,322,0.443,292,0.395,294,0.371,288,0.359,306,0.368,280,0.329,324,0.371,394,0.421,451,0.453,499,0.534,478,0.565,424,0.519,420,0.538,403,0.571,437,0.531,278,0.537,185,0.479,104,0.36,81,0.324,51,0.201,68,0.192,106,0.233,153,0.28,240,0.373,231,0.322,231,0.299,246,0.299,260,0.315,270,0.323,250,0.286,372,0.412,402,0.421,427,0.43,430,0.462,427,0.457,388,0.421,334,0.38,428,0.515
Region 1,Region 11,324,0.712,178,0.721,102,0.606,90,0.647,119,0.642,271,0.826,510,0.972,605,0.885,658,0.811,629,0.775,575,0.799,573,0.792,683,0.909,701,0.887,659,0.811,693,0.85,629,0.756,741,0.817,868,0.897,801,0.924,755,0.934,776,0.995,674,0.948,493,0.863,358,0.668,191,0.713,107,0.616,93,0.656,142,0.729,260,0.782,447,0.868,639,0.93,782,0.954,735,0.9,649,0.853,721,0.925,759,0.94,767,0.938,756,0.911,653,0.797,639,0.768,775,0.843,889,0.906,814,0.902,792,0.92,705,0.854,640,0.84,490,0.809,436,0.694,224,0.655,148,0.664,107,0.635,138,0.662,258,0.78,455,0.914,586,0.902,704,0.922,609,0.807,659,0.906,682,0.923,617,0.779,663,0.825,642,0.773,551,0.647,574,0.657,656,0.701,753,0.756,626,0.67,555,0.656,533,0.653,532,0.682,426,0.603,511,0.621,317,0.612,246,0.638,175,0.606,134,0.536,173,0.68,260,0.735,306,0.673,384,0.703,458,0.711,553,0.772,511,0.662,570,0.693,601,0.728,565,0.676,625,0.716,599,0.663,646,0.676,604,0.609,616,0.662,586,0.627,504,0.547,516,0.587,510,0.613
Region 1,Region 12,58,0.127,21,0.085,17,0.101,10,0.072,17,0.092,28,0.085,27,0.051,37,0.054,40,0.049,36,0.044,37,0.051,30,0.041,19,0.025,43,0.054,49,0.06,43,0.053,56,0.067,55,0.061,60,0.062,52,0.06,47,0.058,54,0.069,42,0.059,58,0.102,51,0.095,25,0.093,19,0.109,14,0.099,18,0.092,24,0.072,22,0.043,27,0.039,32,0.039,32,0.039,30,0.039,36,0.046,52,0.064,36,0.044,45,0.054,50,0.061,74,0.089,74,0.08,67,0.068,62,0.069,54,0.063,61,0.074,44,0.058,55,0.091,50,0.08,38,0.111,28,0.126,15,0.089,17,0.081,22,0.067,23,0.046,33,0.051,37,0.048,38,0.05,34,0.047,30,0.041,34,0.043,37,0.046,50,0.06,61,0.072,40,0.046,47,0.05,47,0.047,28,0.03,44,0.052,44,0.054,42,0.054,59,0.084,63,0.077,53,0.102,38,0.098,31,0.107,32,0.128,33,0.13,45,0.127,55,0.121,41,0.075,27,0.042,36,0.05,36,0.047,27,0.033,32,0.039,29,0.035,30,0.034,46,0.051,38,0.04,54,0.054,36,0.039,46,0.049,34,0.037,57,0.065,52,0.063
Region 1,Region 13,0,0,0,0,0,0,0,0,0,0,0,0,1,0.002,1,0.001,0,0,0,0,0,0,0,0,0,0,0,0,0,0,0,0,0,0,0,0,0,0,0,0,0,0,0,0,0,0,0,0,0,0,0,0,0,0,0,0,0,0,0,0,0,0,0,0,0,0,0,0,1,0.001,0,0,0,0,0,0,0,0,0,0,0,0,0,0,0,0,0,0,0,0,0,0,0,0,0,0,0,0,0,0,0,0,0,0,0,0,0,0,0,0,0,0,0,0,0,0,0,0,0,0,0,0,0,0,0,0,0,0,0,0,0,0,1,0.001,1,0.001,0,0,0,0,0,0,0,0,0,0,0,0,0,0,0,0,0,0,0,0,0,0,0,0,0,0,0,0,0,0,0,0,0,0,0,0,0,0,0,0,0,0,0,0,0,0,0,0,0,0,0,0,0,0,0,0
Region 1,Region 14,67,0.147,34,0.138,27,0.16,27,0.194,26,0.14,37,0.113,55,0.105,59,0.086,85,0.105,75,0.092,70,0.097,78,0.108,74,0.098,74,0.094,88,0.108,90,0.11,95,0.114,109,0.12,143,0.148,137,0.158,129,0.16,152,0.195,127,0.179,138,0.242,87,0.162,45,0.168,31,0.179,25,0.176,23,0.118,38,0.114,64,0.124,75,0.109,80,0.098,88,0.108,83,0.109,85,0.109,96,0.119,85,0.104,103,0.124,103,0.126,96,0.115,130,0.141,172,0.175,137,0.152,148,0.172,134,0.162,133,0.175,112,0.185,101,0.161,64,0.187,26,0.117,35,0.208,29,0.139,31,0.094,64,0.129,95,0.146,92,0.12,74,0.098,80,0.11,84,0.114,103,0.13,98,0.122,88,0.106,94,0.11,90,0.103,103,0.11,132,0.133,92,0.099,106,0.125,104,0.127,111,0.142,109,0.154,125,0.152,63,0.122,53,0.137,51,0.177,31,0.124,34,0.134,42,0.119,50,0.11,51,0.093,57,0.089,78,0.109,64,0.083,74,0.09,57,0.069,78,0.093,94,0.108,90,0.1,111,0.116,110,0.111,108,0.116,100,0.107,91,0.099,110,0.125,135,0.162
Region 1,Region 15,378,0.831,182,0.737,147,0.874,122,0.877,132,0.713,175,0.533,293,0.558,305,0.446,288,0.355,268,0.33,290,0.403,327,0.452,304,0.404,352,0.446,448,0.552,358,0.439,457,0.549,493,0.544,533,0.551,450,0.519,475,0.588,435,0.558,506,0.711,452,0.791,433,0.808,250,0.934,181,1.042,124,0.875,139,0.714,187,0.562,257,0.499,341,0.496,288,0.351,358,0.438,380,0.5,349,0.448,405,0.501,379,0.464,439,0.529,491,0.599,530,0.637,528,0.574,517,0.527,530,0.588,624,0.725,447,0.542,454,0.596,442,0.73,501,0.798,264,0.772,192,0.862,146,0.866,139,0.666,183,0.553,286,0.574,329,0.507,311,0.407,290,0.384,337,0.463,334,0.452,378,0.477,471,0.586,440,0.53,485,0.569,441,0.505,492,0.526,481,0.483,405,0.434,384,0.454,371,0.454,406,0.52,468,0.663,656,0.798,345,0.666,248,0.643,166,0.575,219,0.876,176,0.692,202,0.571,243,0.535,226,0.414,317,0.492,350,0.488,441,0.571,407,0.495,364,0.441,415,0.496,430,0.493,425,0.47,421,0.441,387,0.39,383,0.412,458,0.49,452,0.49,518,0.589,608,0.731
Region 1,Region 16,218,0.479,99,0.401,84,0.499,65,0.467,84,0.453,145,0.442,280,0.534,399,0.584,392,0.483,373,0.459,352,0.489,367,0.507,347,0.462,376,0.476,438,0.539,429,0.526,445,0.535,483,0.533,558,0.577,539,0.622,472,0.584,450,0.577,396,0.557,301,0.527,251,0.468,100,0.374,65,0.374,53,0.374,74,0.38,135,0.406,236,0.458,349,0.508,443,0.54,458,0.561,423,0.556,390,0.501,421,0.521,415,0.508,407,0.49,404,0.493,406,0.488,553,0.601,590,0.601,602,0.667,508,0.59,468,0.567,415,0.545,296,0.489,281,0.447,144,0.421,82,0.368,58,0.344,79,0.379,138,0.417,214,0.43,300,0.462,413,0.541,366,0.485,368,0.506,377,0.51,393,0.496,404,0.503,452,0.544,401,0.471,368,0.421,433,0.463,455,0.457,440,0.471,345,0.408,351,0.43,365,0.468,330,0.467,333,0.405,180,0.348,153,0.397,109,0.377,88,0.352,83,0.326,126,0.356,146,0.321,180,0.33,243,0.377,275,0.384,277,0.359,330,0.401,293,0.355,362,0.433,385,0.441,364,0.403,453,0.474,449,0.452,423,0.455,421,0.451,387,0.42,341,0.388,332,0.399
Region 2,Region 0,146,0.321,94,0.381,88,0.523,67,0.482,83,0.448,159,0.485,228,0.434,289,0.423,230,0.283,207,0.255,240,0.334,233,0.322,231,0.307,207,0.262,180,0.222,240,0.294,270,0.325,245,0.27,255,0.264,241,0.278,188,0.233,201,0.258,176,0.247,255,0.447,242,0.452,76,0.284,55,0.317,51,0.36,78,0.4,148,0.445,251,0.487,300,0.436,270,0.329,252,0.309,227,0.299,246,0.316,220,0.272,219,0.268,222,0.268,208,0.254,178,0.214,201,0.219,230,0.234,224,0.248,228,0.265,199,0.241,225,0.295,216,0.357,242,0.385,116,0.339,63,0.283,88,0.522,101,0.484,158,0.478,252,0.506,264,0.406,292,0.382,255,0.338,242,0.333,227,0.307,240,0.303,241,0.3,247,0.297,247,0.29,218,0.25,202,0.216,164,0.165,164,0.176,187,0.221,192,0.235,174,0.223,146,0.207,187,0.227,102,0.197,94,0.244,75,0.26,100,0.4,111,0.436,181,0.512,234,0.515,306,0.561,344,0.534,269,0.375,244,0.316,194,0.236,219,0.265,249,0.298,294,0.337,220,0.243,280,0.293,249,0.251,247,0.265,252,0.27,307,0.333,314,0.357,260,0.313
Region 2,Region 1,168,0.369,125,0.506,101,0.6,65,0.467,56,0.302,141,0.43,214,0.408,184,0.269,195,0.24,189,0.233,244,0.339,291,0.402,213,0.283,212,0.268,181,0.223,197,0.242,234,0.281,255,0.281,263,0.272,177,0.204,168,0.208,169,0.217,176,0.247,190,0.333,245,0.457,85,0.318,36,0.207,27,0.19,58,0.298,152,0.457,194,0.377,194,0.282,199,0.243,167,0.204,176,0.231,198,0.254,194,0.24,223,0.273,246,0.296,219,0.267,242,0.291,198,0.215,245,0.25,210,0.233,175,0.203,176,0.213,188,0.247,205,0.338,216,0.344,86,0.252,38,0.171,28,0.166,40,0.192,113,0.342,171,0.343,188,0.289,172,0.225,178,0.236,154,0.212,179,0.242,199,0.251,183,0.228,210,0.253,256,0.301,216,0.247,258,0.276,197,0.198,173,0.185,196,0.232,204,0.25,165,0.211,158,0.224,167,0.203,105,0.203,56,0.145,32,0.111,35,0.14,54,0.212,86,0.243,120,0.264,115,0.211,156,0.242,171,0.239,174,0.225,173,0.21,179,0.217,192,0.23,187,0.214,166,0.184,183,0.192,153,0.154,126,0.135,132,0.141,186,0.202,164,0.187,126,0.152
Region 2,Region 2,1633,3.589,945,3.826,694,4.124,585,4.207,929,5.015,1852,5.644,2921,5.566,3512,5.138,3943,4.859,3524,4.341,3127,4.346,3316,4.582,3364,4.475,3558,4.504,3834,4.72,3990,4.895,4199,5.047,4626,5.103,4412,4.56,3197,3.689,2700,3.341,2479,3.177,2448,3.442,1943,3.402,1919,3.582,943,3.522,537,3.093,507,3.576,1016,5.216,1900,5.712,2954,5.737,3708,5.395,3952,4.819,3725,4.56,3418,4.495,3287,4.219,3535,4.377,3537,4.327,3803,4.583,4121,5.031,4033,4.845,4158,4.522,4055,4.131,3412,3.783,2717,3.155,2612,3.164,2429,3.19,2011,3.319,2116,3.369,991,2.899,653,2.93,550,3.263,1020,4.89,1771,5.356,2716,5.454,3315,5.104,3492,4.572,3138,4.159,3003,4.127,3176,4.3,3440,4.345,3624,4.511,4016,4.833,4006,4.704,3989,4.566,3967,4.239,3877,3.894,3269,3.501,2974,3.517,2780,3.405,2521,3.23,2221,3.146,2805,3.411,1400,2.705,1095,2.838,846,2.928,1008,4.032,1128,4.435,1599,4.52,2042,4.494,2493,4.567,3246,5.042,3901,5.443,4389,5.682,4269,5.189,4004,4.849,3914,4.681,4172,4.779,4360,4.825,4260,4.461,4439,4.473,4126,4.435,3738,4.001,3504,3.801,3260,3.707,2965,3.567
Region 2,Region 3,372,0.817,224,0.907,193,1.147,206,1.481,179,0.966,307,0.936,546,1.04,720,1.053,635,0.782,507,0.625,637,0.885,580,0.801,580,0.772,585,0.741,579,0.713,556,0.682,586,0.704,560,0.618,516,0.533,458,0.529,503,0.622,524,0.672,532,0.748,698,1.222,532,0.993,182,0.68,124,0.714,109,0.769,158,0.811,314,0.944,557,1.082,700,1.018,618,0.754,628,0.769,698,0.918,737,0.946,709,0.878,693,0.848,615,0.741,585,0.714,518,0.622,467,0.508,472,0.481,448,0.497,478,0.555,442,0.535,464,0.609,418,0.69,548,0.872,207,0.606,140,0.628,128,0.759,165,0.791,327,0.989,590,1.185,731,1.125,732,0.958,750,0.994,730,1.003,633,0.857,637,0.805,665,0.828,695,0.836,681,0.8,611,0.699,565,0.604,620,0.623,626,0.67,590,0.698,531,0.65,508,0.651,500,0.708,659,0.801,283,0.547,188,0.487,180,0.623,236,0.944,315,1.238,522,1.476,804,1.77,905,1.658,780,1.212,706,0.985,701,0.908,657,0.799,691,0.837,728,0.871,673,0.771,722,0.799,768,0.804,757,0.763,673,0.723,752,0.805,899,0.975,895,1.018,684,0.823
Region 2,Region 4,32,0.07,29,0.117,18,0.107,4,0.029,7,0.038,30,0.091,58,0.111,69,0.101,77,0.095,48,0.059,62,0.086,56,0.077,61,0.081,34,0.043,32,0.039,27,0.033,23,0.028,35,0.039,50,0.052,55,0.063,36,0.045,38,0.049,47,0.066,29,0.051,48,0.09,17,0.064,10,0.058,5,0.035,5,0.026,19,0.057,44,0.085,51,0.074,69,0.084,45,0.055,39,0.051,32,0.041,43,0.053,64,0.078,65,0.078,55,0.067,45,0.054,36,0.039,34,0.035,38,0.042,22,0.026,27,0.033,33,0.043,25,0.041,40,0.064,31,0.091,14,0.063,5,0.03,16,0.077,25,0.076,42,0.084,40,0.062,37,0.048,47,0.062,67,0.092,59,0.08,58,0.073,47,0.059,60,0.072,96,0.113,61,0.07,75,0.08,45,0.045,28,0.03,36,0.043,41,0.05,41,0.053,29,0.041,36,0.044,18,0.035,13,0.034,7,0.024,16,0.064,13,0.051,18,0.051,32,0.07,30,0.055,41,0.064,40,0.056,31,0.04,19,0.023,28,0.034,34,0.041,42,0.048,34,0.038,31,0.032,39,0.039,47,0.051,38,0.041,26,0.028,29,0.033,38,0.046
Region 2,Region 5,16,0.035,16,0.065,5,0.03,10,0.072,10,0.054,6,0.018,15,0.029,15,0.022,25,0.031,29,0.036,41,0.057,28,0.039,31,0.041,25,0.032,22,0.027,26,0.032,22,0.026,22,0.024,10,0.01,12,0.014,15,0.019,18,0.023,20,0.028,19,0.033,13,0.024,7,0.026,4,0.023,3,0.021,4,0.021,9,0.027,18,0.035,19,0.028,15,0.018,21,0.026,23,0.03,27,0.035,27,0.033,25,0.031,28,0.034,21,0.026,21,0.025,11,0.012,13,0.013,18,0.02,17,0.02,12,0.015,13,0.017,13,0.021,17,0.027,7,0.02,7,0.031,6,0.036,6,0.029,15,0.045,13,0.026,12,0.018,14,0.018,21,0.028,19,0.026,10,0.014,15,0.019,17,0.021,18,0.022,18,0.021,23,0.026,24,0.026,22,0.022,14,0.015,22,0.026,17,0.021,19,0.024,23,0.033,23,0.028,12,0.023,9,0.023,10,0.035,9,0.036,15,0.059,11,0.031,23,0.051,25,0.046,18,0.028,26,0.036,25,0.032,29,0.035,17,0.021,27,0.032,22,0.025,32,0.035,17,0.018,21,0.021,20,0.021,15,0.016,19,0.021,14,0.016,14,0.017
Region 2,Region 6,24,0.053,17,0.069,23,0.137,9,0.065,5,0.027,23,0.07,54,0.103,58,0.085,55,0.068,39,0.048,26,0.036,33,0.046,30,0.04,29,0.037,37,0.046,27,0.033,31,0.037,45,0.05,41,0.042,44,0.051,30,0.037,34,0.044,31,0.044,32,0.056,34,0.063,12,0.045,8,0.046,5,0.035,7,0.036,21,0.063,40,0.078,41,0.06,56,0.068,39,0.048,43,0.057,35,0.045,39,0.048,45,0.055,45,0.054,37,0.045,47,0.056,41,0.045,43,0.044,30,0.033,26,0.03,40,0.048,38,0.05,31,0.051,51,0.081,17,0.05,11,0.049,9,0.053,14,0.067,31,0.094,50,0.1,42,0.065,30,0.039,29,0.038,36,0.049,45,0.061,41,0.052,41,0.051,45,0.054,42,0.049,42,0.048,44,0.047,41,0.041,52,0.056,41,0.048,48,0.059,42,0.054,50,0.071,60,0.073,35,0.068,13,0.034,9,0.031,11,0.044,14,0.055,21,0.059,28,0.062,33,0.06,45,0.07,48,0.067,45,0.058,60,0.073,58,0.07,36,0.043,39,0.045,34,0.038,40,0.042,51,0.051,50,0.054,38,0.041,60,0.065,58,0.066,65,0.078
Region 2,Region 7,34,0.075,19,0.077,27,0.16,11,0.079,23,0.124,26,0.079,52,0.099,62,0.091,59,0.073,39,0.048,64,0.089,59,0.082,49,0.065,36,0.046,40,0.049,39,0.048,40,0.048,50,0.055,51,0.053,58,0.067,49,0.061,47,0.06,52,0.073,41,0.072,41,0.077,16,0.06,10,0.058,9,0.063,15,0.077,27,0.081,48,0.093,67,0.097,76,0.093,49,0.06,42,0.055,47,0.06,56,0.069,69,0.084,92,0.111,63,0.077,47,0.056,43,0.047,43,0.044,45,0.05,49,0.057,39,0.047,48,0.063,44,0.073,56,0.089,26,0.076,8,0.036,13,0.077,24,0.115,43,0.13,60,0.12,54,0.083,53,0.069,41,0.054,35,0.048,51,0.069,53,0.067,62,0.077,35,0.042,57,0.067,63,0.072,67,0.072,67,0.067,48,0.051,61,0.072,70,0.086,46,0.059,55,0.078,68,0.083,38,0.073,16,0.041,11,0.038,14,0.056,26,0.102,38,0.107,48,0.106,36,0.066,39,0.061,41,0.057,37,0.048,31,0.038,41,0.05,59,0.071,51,0.058,38,0.042,49,0.051,65,0.065,64,0.069,51,0.055,56,0.061,60,0.068,57,0.069
Region 2,Region 8,3,0.007,2,0.008,1,0.006,1,0.007,1,0.005,1,0.003,5,0.01,5,0.007,9,0.011,3,0.004,8,0.011,5,0.007,3,0.004,3,0.004,0,0,0,0,4,0.005,2,0.002,3,0.003,2,0.002,3,0.004,3,0.004,1,0.001,4,0.007,6,0.011,3,0.011,2,0.012,0,0,2,0.01,5,0.015,3,0.006,5,0.007,10,0.012,5,0.006,3,0.004,2,0.003,2,0.002,0,0,4,0.005,4,0.005,3,0.004,1,0.001,4,0.004,4,0.004,2,0.002,5,0.006,4,0.005,6,0.01,9,0.014,5,0.015,1,0.004,1,0.006,0,0,3,0.009,3,0.006,3,0.005,2,0.003,3,0.004,4,0.005,3,0.004,2,0.003,3,0.004,2,0.002,2,0.002,3,0.003,5,0.005,3,0.003,4,0.004,5,0.006,3,0.004,5,0.006,2,0.003,4,0.005,3,0.006,0,0,0,0,0,0,1,0.004,2,0.006,4,0.009,5,0.009,7,0.011,9,0.013,3,0.004,1,0.001,0,0,5,0.006,4,0.005,4,0.004,6,0.006,7,0.007,7,0.008,8,0.009,11,0.012,1,0.001,2,0.002
Region 2,Region 9,118,0.259,51,0.206,46,0.273,34,0.245,33,0.178,89,0.271,169,0.322,169,0.247,143,0.176,146,0.18,169,0.235,165,0.228,151,0.201,135,0.171,117,0.144,126,0.155,155,0.186,189,0.208,165,0.171,128,0.148,107,0.132,115,0.147,109,0.153,117,0.205,148,0.276,56,0.209,37,0.213,22,0.155,55,0.282,105,0.316,179,0.348,166,0.242,171,0.209,190,0.233,181,0.238,158,0.203,133,0.165,138,0.169,138,0.166,147,0.179,123,0.148,127,0.138,129,0.131,100,0.111,121,0.141,103,0.125,119,0.156,128,0.211,184,0.293,81,0.237,53,0.238,46,0.273,63,0.302,85,0.257,173,0.347,187,0.288,173,0.227,149,0.197,128,0.176,111,0.15,139,0.176,116,0.144,151,0.182,168,0.197,133,0.152,140,0.15,157,0.158,109,0.117,110,0.13,146,0.179,147,0.188,170,0.241,200,0.243,97,0.187,82,0.213,81,0.28,68,0.272,70,0.275,103,0.291,89,0.196,128,0.234,153,0.238,133,0.186,109,0.141,113,0.137,135,0.164,183,0.219,172,0.197,170,0.188,149,0.156,151,0.152,157,0.169,173,0.185,177,0.192,184,0.209,210,0.253
Region 2,Region 10,19,0.042,13,0.053,8,0.048,4,0.029,2,0.011,30,0.091,42,0.08,47,0.069,44,0.054,27,0.033,27,0.038,21,0.029,27,0.036,19,0.024,19,0.023,20,0.025,19,0.023,27,0.03,35,0.036,26,0.03,27,0.033,36,0.046,25,0.035,17,0.03,26,0.049,12,0.045,5,0.029,5,0.035,5,0.026,21,0.063,27,0.052,29,0.042,41,0.05,30,0.037,31,0.041,27,0.035,26,0.032,36,0.044,37,0.045,24,0.029,23,0.028,33,0.036,23,0.023,21,0.023,14,0.016,25,0.03,22,0.029,29,0.048,43,0.068,14,0.041,6,0.027,5,0.03,10,0.048,17,0.051,28,0.056,31,0.048,23,0.03,31,0.041,26,0.036,27,0.037,31,0.039,32,0.04,33,0.04,31,0.036,28,0.032,20,0.021,31,0.031,36,0.039,27,0.032,29,0.036,35,0.045,36,0.051,52,0.063,19,0.037,11,0.029,6,0.021,8,0.032,17,0.067,25,0.071,21,0.046,13,0.024,19,0.03,24,0.033,20,0.026,24,0.029,27,0.033,40,0.048,36,0.041,35,0.039,31,0.032,34,0.034,36,0.039,27,0.029,41,0.044,47,0.053,42,0.051
Region 2,Region 11,85,0.187,87,0.352,70,0.416,24,0.173,28,0.151,148,0.451,264,0.503,313,0.458,281,0.346,274,0.338,288,0.4,267,0.369,243,0.323,205,0.259,200,0.246,242,0.297,238,0.286,268,0.296,266,0.275,174,0.201,177,0.219,155,0.199,163,0.229,136,0.238,129,0.241,42,0.157,22,0.127,16,0.113,43,0.221,148,0.445,256,0.497,271,0.394,241,0.294,217,0.266,238,0.313,208,0.267,269,0.333,296,0.362,275,0.331,259,0.316,231,0.278,226,0.246,251,0.256,186,0.206,156,0.181,146,0.177,145,0.19,153,0.253,153,0.244,54,0.158,23,0.103,20,0.119,38,0.182,148,0.448,224,0.45,270,0.416,261,0.342,272,0.361,265,0.364,213,0.288,209,0.264,177,0.22,218,0.262,207,0.243,222,0.254,229,0.245,225,0.226,170,0.182,161,0.19,177,0.217,136,0.174,115,0.163,137,0.167,48,0.093,36,0.093,28,0.097,32,0.128,60,0.236,111,0.314,112,0.247,149,0.273,189,0.294,213,0.297,178,0.23,176,0.214,215,0.26,242,0.289,253,0.29,271,0.3,290,0.304,226,0.228,174,0.187,230,0.246,243,0.264,217,0.247,155,0.186
Region 2,Region 12,38,0.084,25,0.101,21,0.125,15,0.108,23,0.124,56,0.171,122,0.232,135,0.198,87,0.107,82,0.101,78,0.108,72,0.099,62,0.082,53,0.067,58,0.071,61,0.075,60,0.072,64,0.071,66,0.068,57,0.066,44,0.054,65,0.083,62,0.087,54,0.095,65,0.121,29,0.108,8,0.046,9,0.063,15,0.077,70,0.21,99,0.192,97,0.141,99,0.121,89,0.109,74,0.097,65,0.083,71,0.088,69,0.084,74,0.089,84,0.103,68,0.082,56,0.061,48,0.049,55,0.061,54,0.063,47,0.057,57,0.075,44,0.073,74,0.118,34,0.099,18,0.081,19,0.113,29,0.139,57,0.172,93,0.187,81,0.125,88,0.115,86,0.114,57,0.078,67,0.091,69,0.087,56,0.07,66,0.079,69,0.081,81,0.093,52,0.056,44,0.044,37,0.04,65,0.077,60,0.073,73,0.094,72,0.102,109,0.133,36,0.07,31,0.08,29,0.1,37,0.148,61,0.24,90,0.254,114,0.251,73,0.134,66,0.103,50,0.07,65,0.084,89,0.108,79,0.096,92,0.11,85,0.097,79,0.087,85,0.089,81,0.082,80,0.086,101,0.108,95,0.103,99,0.113,99,0.119
Region 2,Region 13,0,0,0,0,0,0,0,0,0,0,0,0,0,0,0,0,0,0,0,0,0,0,0,0,0,0,0,0,0,0,0,0,0,0,0,0,0,0,0,0,0,0,0,0,0,0,0,0,0,0,0,0,0,0,0,0,0,0,0,0,0,0,0,0,0,0,0,0,0,0,0,0,0,0,0,0,0,0,0,0,0,0,0,0,0,0,0,0,0,0,0,0,0,0,0,0,0,0,0,0,0,0,0,0,0,0,0,0,0,0,0,0,0,0,0,0,0,0,0,0,0,0,0,0,0,0,0,0,0,0,0,0,0,0,0,0,0,0,0,0,0,0,0,0,0,0,1,0.002,0,0,0,0,0,0,0,0,1,0.003,0,0,0,0,0,0,0,0,0,0,0,0,0,0,0,0,0,0,0,0,0,0,0,0,0,0,0,0,0,0,0,0,0,0
Region 2,Region 14,47,0.103,33,0.134,19,0.113,16,0.115,15,0.081,36,0.11,63,0.12,60,0.088,61,0.075,50,0.062,62,0.086,61,0.084,74,0.098,69,0.087,70,0.086,51,0.063,74,0.089,83,0.092,88,0.091,48,0.055,54,0.067,58,0.074,68,0.096,52,0.091,71,0.133,30,0.112,6,0.035,5,0.035,17,0.087,33,0.099,52,0.101,59,0.086,62,0.076,59,0.072,61,0.08,65,0.083,53,0.066,69,0.084,59,0.071,57,0.07,55,0.066,65,0.071,64,0.065,65,0.072,70,0.081,60,0.073,55,0.072,48,0.079,63,0.1,29,0.085,11,0.049,7,0.042,15,0.072,36,0.109,57,0.114,67,0.103,74,0.097,57,0.076,46,0.063,40,0.054,63,0.08,67,0.083,53,0.064,80,0.094,83,0.095,60,0.064,57,0.057,52,0.056,51,0.06,51,0.062,46,0.059,51,0.072,60,0.073,35,0.068,24,0.062,18,0.062,18,0.072,21,0.083,31,0.088,34,0.075,44,0.081,67,0.104,57,0.08,58,0.075,62,0.075,60,0.073,58,0.069,63,0.072,77,0.085,99,0.104,60,0.06,56,0.06,63,0.067,77,0.084,81,0.092,62,0.075
Region 2,Region 15,320,0.703,171,0.692,118,0.701,94,0.676,110,0.594,225,0.686,392,0.747,453,0.663,425,0.524,405,0.499,456,0.634,462,0.638,429,0.571,506,0.641,447,0.55,591,0.725,626,0.752,650,0.717,562,0.581,462,0.533,336,0.416,267,0.342,300,0.422,275,0.482,372,0.694,168,0.628,90,0.518,62,0.437,104,0.534,237,0.713,423,0.822,487,0.709,467,0.569,415,0.508,374,0.492,375,0.481,463,0.573,590,0.722,495,0.597,639,0.78,768,0.923,781,0.849,633,0.645,552,0.612,444,0.516,370,0.448,379,0.498,329,0.543,427,0.68,193,0.565,118,0.53,68,0.403,120,0.575,233,0.705,386,0.775,448,0.69,469,0.614,442,0.586,394,0.542,406,0.55,389,0.491,446,0.555,557,0.67,535,0.628,684,0.783,565,0.604,418,0.42,328,0.351,299,0.354,347,0.425,343,0.439,357,0.506,540,0.657,217,0.419,175,0.454,142,0.491,146,0.584,181,0.712,265,0.749,378,0.832,343,0.628,465,0.722,541,0.755,586,0.759,566,0.688,510,0.618,490,0.586,539,0.617,522,0.578,531,0.556,471,0.475,507,0.545,523,0.56,496,0.538,453,0.515,447,0.538
Region 2,Region 16,24,0.053,17,0.069,19,0.113,11,0.079,8,0.043,27,0.082,45,0.086,52,0.076,50,0.062,42,0.052,57,0.079,61,0.084,56,0.074,60,0.076,55,0.068,65,0.08,57,0.069,65,0.072,55,0.057,48,0.055,40,0.049,29,0.037,37,0.052,36,0.063,46,0.086,9,0.034,2,0.012,1,0.007,2,0.01,25,0.075,38,0.074,41,0.06,46,0.056,34,0.042,42,0.055,52,0.067,52,0.064,58,0.071,65,0.078,54,0.066,54,0.065,41,0.045,69,0.07,48,0.053,44,0.051,30,0.036,52,0.068,65,0.107,52,0.083,12,0.035,1,0.004,0,0,8,0.038,18,0.054,32,0.064,39,0.06,48,0.063,50,0.066,36,0.049,44,0.06,48,0.061,40,0.05,41,0.049,48,0.056,61,0.07,63,0.067,42,0.042,38,0.041,42,0.05,46,0.056,33,0.042,38,0.054,34,0.041,7,0.014,2,0.005,4,0.014,5,0.02,5,0.02,14,0.04,24,0.053,37,0.068,32,0.05,32,0.045,40,0.052,41,0.05,59,0.071,69,0.083,62,0.071,67,0.074,61,0.064,40,0.04,22,0.024,44,0.047,52,0.056,33,0.038,25,0.03
Region 3,Region 0,757,1.664,383,1.551,298,1.771,307,2.208,415,2.24,702,2.139,976,1.86,1307,1.912,1301,1.603,1254,1.545,1150,1.598,1130,1.561,1123,1.494,1209,1.53,1276,1.571,1334,1.636,1289,1.549,1349,1.488,1429,1.477,1329,1.534,1134,1.403,1115,1.429,931,1.309,736,1.289,845,1.577,418,1.561,313,1.803,255,1.799,438,2.249,723,2.174,996,1.934,1318,1.917,1440,1.756,1397,1.71,1294,1.702,1153,1.48,1085,1.343,1178,1.441,1292,1.557,1341,1.637,1475,1.772,1512,1.644,1514,1.542,1462,1.621,1295,1.504,1385,1.678,1138,1.494,798,1.317,795,1.266,464,1.358,313,1.405,277,1.643,458,2.196,794,2.401,1162,2.333,1515,2.332,1756,2.299,1644,2.179,1537,2.113,1301,1.761,1355,1.711,1383,1.722,1619,1.948,1797,2.11,1786,2.044,1772,1.893,1522,1.529,1427,1.528,1442,1.705,1344,1.646,1070,1.371,795,1.126,1015,1.234,620,1.198,492,1.275,423,1.464,502,2.008,732,2.878,1033,2.92,1497,3.295,1758,3.22,1885,2.928,1833,2.558,1698,2.198,1817,2.209,1770,2.144,1961,2.346,1888,2.163,1963,2.172,1777,1.861,1724,1.737,1554,1.67,1601,1.714,1631,1.769,1518,1.726,1214,1.46
Region 3,Region 1,110,0.242,71,0.287,52,0.309,70,0.503,127,0.686,280,0.853,377,0.718,386,0.565,274,0.338,242,0.298,226,0.314,232,0.321,202,0.269,160,0.203,142,0.175,131,0.161,175,0.21,151,0.167,190,0.196,165,0.19,137,0.17,146,0.187,166,0.233,132,0.231,154,0.287,87,0.325,51,0.294,65,0.458,122,0.626,311,0.935,383,0.744,310,0.451,289,0.352,283,0.346,208,0.274,144,0.185,158,0.196,187,0.229,174,0.21,169,0.206,178,0.214,186,0.202,179,0.182,173,0.192,141,0.164,154,0.187,157,0.206,131,0.216,164,0.261,100,0.293,51,0.229,50,0.297,116,0.556,280,0.847,344,0.691,276,0.425,275,0.36,232,0.308,196,0.269,179,0.242,181,0.229,186,0.232,193,0.232,226,0.265,234,0.268,251,0.268,204,0.205,181,0.194,179,0.212,190,0.233,172,0.22,126,0.178,161,0.196,108,0.209,74,0.192,69,0.239,98,0.392,150,0.59,183,0.517,164,0.361,181,0.332,190,0.295,213,0.297,230,0.298,268,0.326,238,0.288,223,0.267,226,0.259,222,0.246,251,0.263,243,0.245,213,0.229,265,0.284,250,0.271,197,0.224,131,0.158
Region 3,Region 2,274,0.602,139,0.563,114,0.677,151,1.086,310,1.673,528,1.609,601,1.145,607,0.888,633,0.78,595,0.733,623,0.866,662,0.915,718,0.955,724,0.916,714,0.879,848,1.04,877,1.054,786,0.867,640,0.661,611,0.705,520,0.643,472,0.605,355,0.499,274,0.48,300,0.56,154,0.575,120,0.691,159,1.122,309,1.586,558,1.678,486,0.944,482,0.701,541,0.66,613,0.75,643,0.846,589,0.756,591,0.732,579,0.708,662,0.798,711,0.868,705,0.847,727,0.791,701,0.714,657,0.728,518,0.602,538,0.652,428,0.562,285,0.47,319,0.508,173,0.506,141,0.633,201,1.192,308,1.477,538,1.627,579,1.163,580,0.893,591,0.774,597,0.791,516,0.709,471,0.638,561,0.709,675,0.84,786,0.946,833,0.978,954,1.092,960,1.026,876,0.88,781,0.836,555,0.656,450,0.551,403,0.516,352,0.499,419,0.51,198,0.383,141,0.365,165,0.571,188,0.752,273,1.073,336,0.95,410,0.902,494,0.905,561,0.871,615,0.858,690,0.893,679,0.825,777,0.941,872,1.043,953,1.092,989,1.094,1001,1.048,1008,1.016,881,0.947,1015,1.086,942,1.022,761,0.865,497,0.598
Region 3,Region 3,3301,7.254,1792,7.255,1484,8.819,1512,10.874,2197,11.859,3013,9.181,3600,6.86,3772,5.519,3988,4.914,4060,5.001,3705,5.149,3649,5.042,3796,5.05,4135,5.234,4359,5.366,4538,5.567,4693,5.641,4914,5.421,5056,5.226,4815,5.556,4486,5.551,4082,5.232,3673,5.164,3019,5.286,3687,6.882,1893,7.071,1565,9.013,1740,12.273,2313,11.874,3199,9.618,3823,7.425,4233,6.158,4353,5.308,4173,5.109,4013,5.277,4043,5.189,4474,5.539,4502,5.507,5085,6.128,5123,6.255,4981,5.984,5269,5.73,5461,5.563,5094,5.647,4874,5.66,4824,5.844,3978,5.224,3261,5.383,3866,6.154,2168,6.343,1656,7.432,1761,10.447,2322,11.131,3252,9.835,3783,7.597,4394,6.765,4858,6.361,4971,6.589,4772,6.559,4552,6.162,4936,6.235,5068,6.309,5349,6.437,5668,6.655,5688,6.51,6095,6.512,6332,6.36,5966,6.389,5631,6.659,5017,6.144,4341,5.562,3887,5.506,4702,5.718,2763,5.338,2100,5.442,2097,7.258,2548,10.191,3089,12.144,4048,11.444,5176,11.392,5563,10.19,6245,9.7,6278,8.76,6070,7.859,6587,8.007,6710,8.127,6448,7.712,6452,7.39,6813,7.54,6626,6.939,6430,6.479,6295,6.766,6409,6.859,6382,6.923,5594,6.362,4222,5.079
Region 3,Region 4,85,0.187,45,0.182,26,0.155,29,0.209,69,0.372,176,0.536,181,0.345,158,0.231,121,0.149,115,0.142,90,0.125,95,0.131,82,0.109,80,0.101,77,0.095,89,0.109,89,0.107,95,0.105,101,0.104,97,0.112,90,0.111,110,0.141,77,0.108,68,0.119,95,0.177,54,0.202,33,0.19,27,0.19,65,0.334,164,0.493,178,0.346,143,0.208,105,0.128,98,0.12,82,0.108,86,0.11,81,0.1,81,0.099,82,0.099,81,0.099,76,0.091,87,0.095,116,0.118,98,0.109,90,0.105,91,0.11,93,0.122,77,0.127,90,0.143,75,0.219,39,0.175,31,0.184,48,0.23,134,0.405,185,0.372,154,0.237,120,0.157,108,0.143,111,0.153,100,0.135,124,0.157,165,0.205,176,0.212,181,0.213,185,0.212,174,0.186,160,0.161,144,0.154,107,0.127,102,0.125,72,0.092,47,0.067,80,0.097,60,0.116,27,0.07,33,0.114,35,0.14,40,0.157,65,0.184,113,0.249,127,0.233,135,0.21,113,0.158,119,0.154,160,0.194,155,0.188,138,0.165,129,0.148,127,0.141,127,0.133,144,0.145,122,0.131,143,0.153,133,0.144,103,0.117,91,0.109
Region 3,Region 5,52,0.114,33,0.134,19,0.113,44,0.316,71,0.383,145,0.442,162,0.309,173,0.253,130,0.16,112,0.138,94,0.131,109,0.151,103,0.137,84,0.106,91,0.112,95,0.117,104,0.125,110,0.121,135,0.14,103,0.119,104,0.129,123,0.158,101,0.142,73,0.128,88,0.164,50,0.187,23,0.132,31,0.219,59,0.303,127,0.382,152,0.295,150,0.218,144,0.176,132,0.162,109,0.143,72,0.092,74,0.092,87,0.106,109,0.131,124,0.151,106,0.127,94,0.102,89,0.091,63,0.07,70,0.081,93,0.113,96,0.126,94,0.155,117,0.186,60,0.176,38,0.171,41,0.243,69,0.331,126,0.381,155,0.311,148,0.228,127,0.166,103,0.137,99,0.136,84,0.114,81,0.102,84,0.105,110,0.132,149,0.175,162,0.185,176,0.188,155,0.156,142,0.152,136,0.161,130,0.159,113,0.145,99,0.14,110,0.134,93,0.18,44,0.114,41,0.142,57,0.228,71,0.279,88,0.249,94,0.207,92,0.169,73,0.113,89,0.124,103,0.133,152,0.185,116,0.14,120,0.144,93,0.107,112,0.124,142,0.149,158,0.159,155,0.167,108,0.116,130,0.141,117,0.133,98,0.118
Region 3,Region 6,45,0.099,24,0.097,15,0.089,22,0.158,33,0.178,83,0.253,92,0.175,74,0.108,40,0.049,30,0.037,38,0.053,37,0.051,30,0.04,39,0.049,24,0.03,23,0.028,29,0.035,41,0.045,41,0.042,42,0.048,57,0.071,48,0.062,31,0.044,39,0.068,46,0.086,20,0.075,14,0.081,9,0.063,32,0.164,72,0.216,54,0.105,35,0.051,34,0.041,29,0.036,38,0.05,40,0.051,27,0.033,37,0.045,42,0.051,47,0.057,40,0.048,36,0.039,38,0.039,45,0.05,63,0.073,52,0.063,57,0.075,48,0.079,47,0.075,28,0.082,21,0.094,13,0.077,36,0.173,71,0.215,77,0.155,51,0.079,54,0.071,37,0.049,28,0.038,25,0.034,40,0.051,44,0.055,34,0.041,40,0.047,46,0.053,65,0.069,68,0.068,77,0.082,75,0.089,69,0.085,67,0.086,47,0.067,59,0.072,41,0.079,24,0.062,17,0.059,19,0.076,23,0.09,43,0.122,54,0.119,62,0.114,57,0.089,70,0.098,75,0.097,68,0.083,75,0.091,71,0.085,58,0.066,52,0.058,68,0.071,67,0.068,53,0.057,80,0.086,68,0.074,70,0.08,67,0.081
Region 3,Region 7,41,0.09,22,0.089,25,0.149,21,0.151,51,0.275,121,0.369,139,0.265,154,0.225,109,0.134,90,0.111,91,0.126,87,0.12,85,0.113,64,0.081,61,0.075,72,0.088,86,0.103,85,0.094,83,0.086,55,0.063,67,0.083,67,0.086,64,0.09,40,0.07,37,0.069,36,0.134,16,0.092,28,0.198,52,0.267,106,0.319,122,0.237,109,0.159,103,0.126,82,0.1,80,0.105,70,0.09,63,0.078,62,0.076,75,0.09,78,0.095,81,0.097,88,0.096,88,0.09,63,0.07,55,0.064,49,0.059,73,0.096,52,0.086,57,0.091,41,0.12,24,0.108,25,0.148,48,0.23,124,0.375,129,0.259,141,0.217,124,0.162,103,0.137,90,0.124,84,0.114,67,0.085,67,0.083,79,0.095,90,0.106,104,0.119,137,0.146,132,0.133,89,0.095,69,0.082,91,0.111,66,0.085,83,0.118,83,0.101,58,0.112,33,0.086,30,0.104,45,0.18,64,0.252,85,0.24,83,0.183,91,0.167,92,0.143,95,0.133,114,0.148,134,0.163,103,0.125,85,0.102,88,0.101,113,0.125,111,0.116,97,0.098,81,0.087,98,0.105,118,0.128,98,0.111,61,0.073
Region 3,Region 8,8,0.018,2,0.008,4,0.024,4,0.029,8,0.043,21,0.064,48,0.091,44,0.064,35,0.043,23,0.028,33,0.046,13,0.018,10,0.013,11,0.014,20,0.025,29,0.036,28,0.034,14,0.015,24,0.025,23,0.027,17,0.021,23,0.029,17,0.024,6,0.011,14,0.026,6,0.022,3,0.017,2,0.014,8,0.041,21,0.063,43,0.084,29,0.042,29,0.035,33,0.04,26,0.034,17,0.022,20,0.025,17,0.021,25,0.03,25,0.031,27,0.032,35,0.038,35,0.036,28,0.031,20,0.023,22,0.027,12,0.016,13,0.021,18,0.029,8,0.023,6,0.027,3,0.018,11,0.053,23,0.07,27,0.054,36,0.055,32,0.042,37,0.049,34,0.047,22,0.03,22,0.028,20,0.025,33,0.04,35,0.041,32,0.037,36,0.038,35,0.035,38,0.041,23,0.027,24,0.029,19,0.024,15,0.021,27,0.033,7,0.014,10,0.026,4,0.014,4,0.016,13,0.051,23,0.065,18,0.04,15,0.027,18,0.028,23,0.032,22,0.028,35,0.043,34,0.041,35,0.042,39,0.045,50,0.055,36,0.038,33,0.033,36,0.039,37,0.04,27,0.029,22,0.025,18,0.022
Region 3,Region 9,450,0.989,246,0.996,171,1.016,147,1.057,249,1.344,551,1.679,862,1.643,1141,1.669,1094,1.348,988,1.217,772,1.073,751,1.038,842,1.12,941,1.191,1091,1.343,1011,1.24,986,1.185,1000,1.103,977,1.01,767,0.885,661,0.818,641,0.822,553,0.778,474,0.83,451,0.842,236,0.882,176,1.014,164,1.157,252,1.294,552,1.66,865,1.68,1079,1.57,1121,1.367,952,1.166,849,1.116,760,0.975,841,1.041,820,1.003,845,1.018,874,1.067,984,1.182,1153,1.254,1075,1.095,793,0.879,663,0.77,683,0.827,588,0.772,509,0.84,534,0.85,292,0.854,204,0.915,164,0.973,239,1.146,510,1.542,827,1.661,994,1.53,1016,1.33,922,1.222,834,1.146,783,1.06,815,1.029,849,1.057,896,1.078,881,1.034,891,1.02,995,1.063,951,0.955,856,0.917,754,0.892,662,0.811,668,0.856,608,0.861,807,0.981,440,0.85,329,0.853,257,0.89,266,1.064,329,1.293,460,1.3,558,1.228,622,1.139,847,1.316,1173,1.637,1403,1.816,1212,1.473,969,1.174,1003,1.2,1012,1.159,960,1.062,973,1.019,935,0.942,902,0.97,932,0.997,964,1.046,872,0.992,744,0.895
Region 3,Region 10,21,0.046,9,0.036,9,0.053,10,0.072,30,0.162,90,0.274,137,0.261,125,0.183,104,0.128,69,0.085,50,0.069,51,0.07,41,0.055,45,0.057,62,0.076,67,0.082,55,0.066,67,0.074,62,0.064,54,0.062,40,0.049,49,0.063,33,0.046,17,0.03,28,0.052,17,0.064,13,0.075,11,0.078,32,0.164,86,0.259,130,0.252,98,0.143,95,0.116,74,0.091,67,0.088,45,0.058,45,0.056,52,0.064,70,0.084,76,0.093,60,0.072,72,0.078,65,0.066,61,0.068,47,0.055,39,0.047,35,0.046,31,0.051,31,0.049,13,0.038,13,0.058,8,0.047,31,0.149,88,0.266,108,0.217,121,0.186,117,0.153,101,0.134,59,0.081,57,0.077,51,0.064,67,0.083,63,0.076,83,0.097,92,0.105,81,0.087,92,0.092,98,0.105,48,0.057,52,0.064,53,0.068,42,0.059,50,0.061,18,0.035,12,0.031,14,0.048,21,0.084,47,0.185,66,0.187,51,0.112,51,0.093,68,0.106,60,0.084,94,0.122,85,0.103,79,0.096,69,0.083,67,0.077,80,0.089,86,0.09,76,0.077,68,0.073,50,0.054,55,0.06,63,0.072,51,0.061
Region 3,Region 11,18,0.04,9,0.036,4,0.024,9,0.065,38,0.205,111,0.338,166,0.316,174,0.255,147,0.181,185,0.228,160,0.222,118,0.163,116,0.154,111,0.141,103,0.127,105,0.129,123,0.148,118,0.13,128,0.132,83,0.096,62,0.077,55,0.07,48,0.067,31,0.054,32,0.06,14,0.052,12,0.069,12,0.085,37,0.19,122,0.367,142,0.276,147,0.214,155,0.189,142,0.174,134,0.176,116,0.149,115,0.142,113,0.138,121,0.146,112,0.137,106,0.127,96,0.104,96,0.098,83,0.092,78,0.091,75,0.091,64,0.084,40,0.066,33,0.053,14,0.041,10,0.045,12,0.071,33,0.158,126,0.381,155,0.311,150,0.231,155,0.203,134,0.178,115,0.158,95,0.129,112,0.141,97,0.121,90,0.108,112,0.132,129,0.148,123,0.131,115,0.116,79,0.085,53,0.063,56,0.069,54,0.069,32,0.045,44,0.054,14,0.027,12,0.031,8,0.028,21,0.084,47,0.185,76,0.215,82,0.18,88,0.161,101,0.157,94,0.131,101,0.131,118,0.143,113,0.137,115,0.138,126,0.144,144,0.159,129,0.135,125,0.126,122,0.131,81,0.087,102,0.111,82,0.093,45,0.054
Region 3,Region 12,60,0.132,38,0.154,23,0.137,31,0.223,58,0.313,139,0.424,177,0.337,217,0.317,197,0.243,161,0.198,133,0.185,106,0.146,112,0.149,102,0.129,115,0.142,112,0.137,144,0.173,129,0.142,144,0.149,130,0.15,115,0.142,111,0.142,77,0.108,68,0.119,75,0.14,38,0.142,20,0.115,22,0.155,58,0.298,125,0.376,148,0.287,208,0.303,212,0.259,167,0.204,135,0.178,100,0.128,115,0.142,136,0.166,121,0.146,145,0.177,117,0.141,136,0.148,127,0.129,109,0.121,101,0.117,113,0.137,96,0.126,78,0.129,88,0.14,51,0.149,34,0.153,29,0.172,57,0.273,129,0.39,167,0.335,235,0.362,232,0.304,184,0.244,130,0.179,102,0.138,120,0.152,130,0.162,129,0.155,146,0.171,152,0.174,166,0.177,140,0.141,143,0.153,150,0.177,128,0.157,123,0.158,125,0.177,115,0.14,75,0.145,52,0.135,44,0.152,58,0.232,91,0.358,165,0.466,172,0.379,128,0.234,120,0.186,122,0.17,124,0.161,172,0.209,173,0.21,177,0.212,186,0.213,156,0.173,197,0.206,165,0.166,157,0.169,179,0.192,174,0.189,153,0.174,136,0.164
Region 3,Region 13,0,0,0,0,0,0,0,0,0,0,1,0.003,0,0,0,0,0,0,0,0,0,0,0,0,0,0,0,0,0,0,0,0,0,0,0,0,0,0,0,0,0,0,0,0,0,0,0,0,0,0,0,0,0,0,0,0,0,0,0,0,0,0,0,0,0,0,0,0,0,0,0,0,0,0,0,0,0,0,0,0,0,0,0,0,0,0,0,0,0,0,0,0,0,0,0,0,0,0,0,0,0,0,0,0,0,0,0,0,0,0,0,0,1,0.001,1,0.001,0,0,0,0,0,0,0,0,0,0,0,0,0,0,0,0,0,0,0,0,0,0,0,0,0,0,0,0,0,0,0,0,0,0,0,0,0,0,0,0,0,0,0,0,0,0,0,0,0,0,0,0,0,0,0,0,0,0,0,0,0,0,0,0,0,0,0,0,0,0,0,0,0,0,0,0
Region 3,Region 14,32,0.07,14,0.057,17,0.101,11,0.079,32,0.173,59,0.18,114,0.217,127,0.186,125,0.154,121,0.149,91,0.126,86,0.119,86,0.114,101,0.128,101,0.124,121,0.148,132,0.159,136,0.15,144,0.149,109,0.126,95,0.118,71,0.091,66,0.093,51,0.089,38,0.071,19,0.071,9,0.052,12,0.085,23,0.118,65,0.195,123,0.239,116,0.169,133,0.162,132,0.162,107,0.141,82,0.105,118,0.146,107,0.131,123,0.148,112,0.137,123,0.148,143,0.156,129,0.131,120,0.133,69,0.08,66,0.08,68,0.089,53,0.087,42,0.067,25,0.073,18,0.081,17,0.101,40,0.192,58,0.175,114,0.229,163,0.251,151,0.198,131,0.174,109,0.15,91,0.123,97,0.123,110,0.137,112,0.135,143,0.168,147,0.168,149,0.159,130,0.131,100,0.107,85,0.101,76,0.093,65,0.083,54,0.076,58,0.071,26,0.05,19,0.049,26,0.09,29,0.116,45,0.177,71,0.201,84,0.185,101,0.185,99,0.154,93,0.13,93,0.12,139,0.169,142,0.172,166,0.199,160,0.183,167,0.185,171,0.179,154,0.155,120,0.129,136,0.146,136,0.148,103,0.117,77,0.093
Region 3,Region 15,102,0.224,42,0.17,44,0.261,40,0.288,88,0.475,172,0.524,250,0.476,267,0.391,272,0.335,265,0.326,172,0.239,161,0.222,193,0.257,193,0.244,189,0.233,205,0.251,202,0.243,189,0.208,212,0.219,155,0.179,117,0.145,145,0.186,113,0.159,104,0.182,109,0.203,44,0.164,48,0.276,43,0.303,83,0.426,188,0.565,237,0.46,238,0.346,253,0.308,219,0.268,184,0.242,163,0.209,159,0.197,176,0.215,187,0.225,185,0.226,198,0.238,188,0.204,200,0.204,160,0.177,154,0.179,129,0.156,119,0.156,93,0.154,129,0.205,47,0.138,43,0.193,41,0.243,68,0.326,180,0.544,229,0.46,292,0.45,258,0.338,222,0.294,178,0.245,168,0.227,192,0.243,182,0.227,221,0.266,211,0.248,219,0.251,236,0.252,213,0.214,174,0.186,142,0.168,129,0.158,126,0.161,118,0.167,136,0.165,79,0.153,61,0.158,59,0.204,71,0.284,58,0.228,106,0.3,127,0.28,164,0.3,183,0.284,151,0.211,152,0.197,203,0.247,228,0.276,267,0.319,251,0.288,269,0.298,276,0.289,259,0.261,203,0.218,221,0.237,222,0.241,198,0.225,129,0.155
Region 3,Region 16,89,0.196,23,0.093,26,0.155,29,0.209,55,0.297,135,0.411,218,0.415,208,0.304,222,0.274,191,0.235,146,0.203,126,0.174,107,0.142,109,0.138,150,0.185,165,0.202,213,0.256,200,0.221,207,0.214,161,0.186,146,0.181,170,0.218,165,0.232,91,0.159,100,0.187,41,0.153,25,0.144,35,0.247,64,0.329,145,0.436,220,0.427,205,0.298,201,0.245,192,0.235,168,0.221,125,0.16,130,0.161,122,0.149,145,0.175,181,0.221,187,0.225,224,0.244,227,0.231,125,0.139,117,0.136,155,0.188,152,0.2,105,0.173,94,0.15,53,0.155,39,0.175,37,0.22,59,0.283,137,0.414,223,0.448,243,0.374,235,0.308,173,0.229,146,0.201,117,0.158,121,0.153,117,0.146,150,0.181,178,0.209,194,0.222,195,0.208,207,0.208,151,0.162,136,0.161,119,0.146,127,0.163,98,0.139,90,0.109,84,0.162,72,0.187,52,0.18,47,0.188,66,0.259,122,0.345,128,0.282,114,0.209,132,0.205,158,0.22,164,0.212,227,0.276,193,0.234,234,0.28,226,0.259,242,0.268,203,0.213,220,0.222,196,0.211,170,0.182,178,0.193,178,0.202,101,0.121
Region 4,Region 0,28,0.062,10,0.04,11,0.065,13,0.093,36,0.194,92,0.28,135,0.257,111,0.162,56,0.069,64,0.079,49,0.068,46,0.064,54,0.072,50,0.063,69,0.085,67,0.082,45,0.054,58,0.064,49,0.051,76,0.088,80,0.099,64,0.082,63,0.089,47,0.082,52,0.097,21,0.078,32,0.184,11,0.078,30,0.154,76,0.228,128,0.249,101,0.147,72,0.088,55,0.067,47,0.062,35,0.045,48,0.059,61,0.075,75,0.09,55,0.067,45,0.054,51,0.055,57,0.058,56,0.062,60,0.07,71,0.086,79,0.104,89,0.147,58,0.092,24,0.07,12,0.054,11,0.065,40,0.192,76,0.23,126,0.253,115,0.177,93,0.122,94,0.125,111,0.153,126,0.171,96,0.121,92,0.115,89,0.107,75,0.088,66,0.076,57,0.061,59,0.059,84,0.09,84,0.099,62,0.076,48,0.061,41,0.058,55,0.067,34,0.066,28,0.073,27,0.093,41,0.164,58,0.228,90,0.254,120,0.264,158,0.289,150,0.233,123,0.172,116,0.15,92,0.112,81,0.098,98,0.117,91,0.104,85,0.094,102,0.107,106,0.107,82,0.088,103,0.11,81,0.088,115,0.131,113,0.136
Region 4,Region 1,117,0.257,69,0.279,37,0.22,39,0.28,76,0.41,230,0.701,452,0.861,430,0.629,377,0.465,306,0.377,302,0.42,344,0.475,310,0.412,307,0.389,262,0.323,251,0.308,205,0.246,278,0.307,327,0.338,326,0.376,277,0.343,257,0.329,248,0.349,156,0.273,123,0.23,75,0.28,43,0.248,36,0.254,67,0.344,241,0.725,474,0.921,477,0.694,426,0.519,342,0.419,230,0.302,240,0.308,280,0.347,292,0.357,281,0.339,238,0.291,214,0.257,227,0.247,237,0.241,200,0.222,256,0.297,258,0.313,262,0.344,185,0.305,130,0.207,60,0.176,39,0.175,44,0.261,69,0.331,175,0.529,389,0.781,371,0.571,360,0.471,314,0.416,281,0.386,281,0.38,249,0.315,250,0.311,292,0.351,288,0.338,280,0.32,311,0.332,337,0.338,269,0.288,253,0.299,232,0.284,212,0.272,164,0.232,229,0.278,112,0.216,67,0.174,56,0.194,53,0.212,124,0.487,191,0.54,190,0.418,204,0.374,211,0.328,246,0.343,252,0.326,224,0.272,254,0.308,308,0.368,323,0.37,316,0.35,403,0.422,428,0.431,364,0.391,327,0.35,281,0.305,282,0.321,280,0.337
Region 4,Region 2,16,0.035,8,0.032,4,0.024,4,0.029,9,0.049,18,0.055,34,0.065,29,0.042,14,0.017,14,0.017,10,0.014,30,0.041,24,0.032,32,0.041,26,0.032,29,0.036,19,0.023,28,0.031,19,0.02,19,0.022,21,0.026,34,0.044,35,0.049,28,0.049,12,0.022,6,0.022,4,0.023,11,0.078,11,0.056,22,0.066,47,0.091,31,0.045,23,0.028,18,0.022,18,0.024,17,0.022,25,0.031,33,0.04,26,0.031,19,0.023,26,0.031,37,0.04,21,0.021,14,0.016,19,0.022,25,0.03,29,0.038,18,0.03,22,0.035,7,0.02,10,0.045,13,0.077,8,0.038,17,0.051,28,0.056,31,0.048,35,0.046,34,0.045,39,0.054,34,0.046,38,0.048,35,0.044,34,0.041,24,0.028,32,0.037,44,0.047,28,0.028,17,0.018,11,0.013,12,0.015,33,0.042,33,0.047,36,0.044,18,0.035,14,0.036,11,0.038,8,0.032,13,0.051,23,0.065,15,0.033,24,0.044,25,0.039,28,0.039,46,0.06,44,0.053,20,0.024,38,0.045,39,0.045,26,0.029,27,0.028,29,0.029,28,0.03,36,0.039,37,0.04,43,0.049,39,0.047
Region 4,Region 3,71,0.156,34,0.138,25,0.149,11,0.079,20,0.108,69,0.21,122,0.232,113,0.165,84,0.104,54,0.067,63,0.088,52,0.072,58,0.077,56,0.071,53,0.065,37,0.045,43,0.052,60,0.066,84,0.087,111,0.128,104,0.129,83,0.106,98,0.138,73,0.128,100,0.187,42,0.157,25,0.144,19,0.134,20,0.103,71,0.213,98,0.19,105,0.153,85,0.104,77,0.094,55,0.072,50,0.064,56,0.069,65,0.08,60,0.072,54,0.066,39,0.047,51,0.055,52,0.053,80,0.089,98,0.114,125,0.151,123,0.162,116,0.191,117,0.186,46,0.135,32,0.144,18,0.107,28,0.134,43,0.13,105,0.211,118,0.182,111,0.145,126,0.167,118,0.162,111,0.15,130,0.164,147,0.183,109,0.131,120,0.141,101,0.116,82,0.088,73,0.073,86,0.092,76,0.09,83,0.102,80,0.102,105,0.149,127,0.154,70,0.135,39,0.101,25,0.087,30,0.12,56,0.22,89,0.252,147,0.324,165,0.302,168,0.261,152,0.212,111,0.144,88,0.107,104,0.126,105,0.126,88,0.101,91,0.101,95,0.099,93,0.094,110,0.118,111,0.119,109,0.118,105,0.119,118,0.142
Region 4,Region 4,1008,2.215,535,2.166,326,1.937,225,1.618,327,1.765,608,1.853,1015,1.934,1393,2.038,1899,2.34,2079,2.561,1609,2.236,1460,2.017,1663,2.212,1682,2.129,1574,1.938,1492,1.83,1449,1.742,1654,1.825,1772,1.832,1656,1.911,1566,1.938,1790,2.294,1438,2.022,1152,2.017,1048,1.956,535,1.998,285,1.641,267,1.883,298,1.53,602,1.81,1017,1.975,1400,2.037,1861,2.269,1990,2.436,1600,2.104,1695,2.175,1660,2.055,1706,2.087,1749,2.108,1632,1.993,1499,1.801,1608,1.749,1828,1.862,1701,1.886,1721,1.999,1783,2.16,1409,1.85,1234,2.037,1231,1.96,674,1.972,379,1.701,290,1.72,355,1.702,585,1.769,943,1.894,1186,1.826,1558,2.04,1471,1.95,1410,1.938,1418,1.92,1405,1.775,1546,1.924,1585,1.907,1403,1.647,1407,1.61,1550,1.656,1531,1.538,1575,1.687,1405,1.662,1481,1.814,1427,1.828,1246,1.765,1448,1.761,793,1.532,575,1.49,466,1.613,375,1.5,397,1.561,578,1.634,728,1.602,897,1.643,1079,1.676,1280,1.786,1557,2.016,1564,1.901,1517,1.837,1663,1.989,1633,1.871,1638,1.813,1692,1.772,1823,1.837,1675,1.8,1623,1.737,1478,1.603,1392,1.583,1433,1.724
Region 4,Region 5,77,0.169,54,0.219,21,0.125,26,0.187,53,0.286,87,0.265,148,0.282,146,0.214,148,0.182,170,0.209,135,0.188,143,0.198,144,0.192,166,0.21,153,0.188,177,0.217,157,0.189,180,0.199,193,0.199,153,0.177,123,0.152,147,0.188,122,0.172,102,0.179,92,0.172,57,0.213,32,0.184,40,0.282,49,0.252,77,0.231,145,0.282,156,0.227,154,0.188,175,0.214,138,0.181,187,0.24,169,0.209,166,0.203,150,0.181,141,0.172,143,0.172,135,0.147,117,0.119,133,0.147,141,0.164,151,0.183,143,0.188,89,0.147,85,0.135,67,0.196,43,0.193,55,0.326,70,0.336,85,0.257,127,0.255,132,0.203,124,0.162,127,0.168,139,0.191,152,0.206,144,0.182,182,0.227,166,0.2,166,0.195,144,0.165,178,0.19,183,0.184,177,0.19,163,0.193,149,0.182,139,0.178,133,0.188,125,0.152,88,0.17,60,0.155,54,0.187,63,0.252,84,0.33,121,0.342,139,0.306,138,0.253,131,0.203,137,0.191,144,0.186,117,0.142,113,0.137,149,0.178,154,0.176,197,0.218,220,0.23,191,0.192,157,0.169,166,0.178,161,0.175,137,0.156,178,0.214
Region 4,Region 6,105,0.231,61,0.247,33,0.196,19,0.137,41,0.221,79,0.241,133,0.253,140,0.205,152,0.187,142,0.175,120,0.167,113,0.156,104,0.138,132,0.167,155,0.191,179,0.22,227,0.273,175,0.193,198,0.205,170,0.196,207,0.256,182,0.233,152,0.214,152,0.266,96,0.179,46,0.172,37,0.213,27,0.19,61,0.313,85,0.256,125,0.243,149,0.217,164,0.2,165,0.202,140,0.184,185,0.237,143,0.177,171,0.209,154,0.186,199,0.243,212,0.255,254,0.276,270,0.275,280,0.31,202,0.235,189,0.229,199,0.261,163,0.269,127,0.202,65,0.19,36,0.162,33,0.196,59,0.283,94,0.284,106,0.213,135,0.208,129,0.169,120,0.159,123,0.169,141,0.191,138,0.174,136,0.169,152,0.183,164,0.193,166,0.19,192,0.205,218,0.219,196,0.21,188,0.222,196,0.24,198,0.254,194,0.275,216,0.263,107,0.207,79,0.205,55,0.19,46,0.184,45,0.177,61,0.172,75,0.165,79,0.145,84,0.13,138,0.193,158,0.205,158,0.192,178,0.216,250,0.299,243,0.278,250,0.277,284,0.297,320,0.322,245,0.263,250,0.268,228,0.247,283,0.322,271,0.326
Region 4,Region 7,125,0.275,86,0.348,47,0.279,46,0.331,113,0.61,239,0.728,396,0.755,384,0.562,356,0.439,387,0.477,310,0.431,293,0.405,305,0.406,384,0.486,333,0.41,341,0.418,315,0.379,366,0.404,411,0.425,326,0.376,314,0.389,319,0.409,246,0.346,168,0.294,147,0.274,64,0.239,40,0.23,39,0.275,87,0.447,203,0.61,354,0.688,446,0.649,409,0.499,391,0.479,312,0.41,366,0.47,371,0.459,345,0.422,320,0.386,339,0.414,355,0.426,382,0.415,360,0.367,375,0.416,329,0.382,340,0.412,260,0.341,233,0.385,176,0.28,101,0.295,60,0.269,41,0.243,74,0.355,209,0.632,346,0.695,372,0.573,362,0.474,352,0.467,310,0.426,370,0.501,397,0.501,319,0.397,334,0.402,357,0.419,291,0.333,327,0.349,365,0.367,340,0.364,335,0.396,304,0.372,266,0.341,224,0.317,271,0.33,149,0.288,79,0.205,66,0.228,56,0.224,87,0.342,183,0.517,210,0.462,235,0.43,241,0.374,294,0.41,267,0.346,226,0.275,256,0.31,283,0.338,333,0.381,389,0.43,443,0.464,469,0.473,414,0.445,381,0.408,403,0.437,397,0.451,385,0.463
Region 4,Region 8,28,0.062,15,0.061,17,0.101,10,0.072,12,0.065,22,0.067,52,0.099,79,0.116,63,0.078,98,0.121,89,0.124,85,0.117,87,0.116,85,0.108,77,0.095,83,0.102,82,0.099,129,0.142,132,0.136,99,0.114,87,0.108,105,0.135,74,0.104,59,0.103,34,0.063,12,0.045,17,0.098,11,0.078,10,0.051,22,0.066,42,0.082,63,0.092,84,0.102,100,0.122,82,0.108,91,0.117,90,0.111,83,0.102,110,0.133,106,0.129,114,0.137,128,0.139,133,0.135,150,0.166,126,0.146,108,0.131,89,0.117,58,0.096,50,0.08,19,0.056,8,0.036,6,0.036,12,0.058,24,0.073,55,0.11,78,0.12,114,0.149,115,0.152,87,0.12,57,0.077,82,0.104,78,0.097,91,0.11,89,0.104,79,0.09,100,0.107,132,0.133,133,0.142,123,0.145,112,0.137,96,0.123,94,0.133,90,0.109,40,0.077,24,0.062,14,0.048,11,0.044,12,0.047,26,0.074,45,0.099,44,0.081,63,0.098,77,0.107,73,0.095,62,0.075,60,0.073,92,0.11,133,0.152,110,0.122,132,0.138,156,0.157,144,0.155,114,0.122,120,0.13,112,0.127,147,0.177
Region 4,Region 9,27,0.059,13,0.053,9,0.053,6,0.043,13,0.07,30,0.091,49,0.093,32,0.047,25,0.031,22,0.027,18,0.025,17,0.023,14,0.019,23,0.029,20,0.025,23,0.028,17,0.02,24,0.026,26,0.027,22,0.025,26,0.032,32,0.041,41,0.058,32,0.056,36,0.067,11,0.041,11,0.063,6,0.042,17,0.087,28,0.084,41,0.08,36,0.052,25,0.03,35,0.043,21,0.028,23,0.03,18,0.022,27,0.033,23,0.028,14,0.017,19,0.023,14,0.015,13,0.013,18,0.02,24,0.028,34,0.041,45,0.059,36,0.059,33,0.053,22,0.064,11,0.049,6,0.036,13,0.062,34,0.103,41,0.082,40,0.062,28,0.037,34,0.045,27,0.037,25,0.034,30,0.038,35,0.044,24,0.029,29,0.034,23,0.026,24,0.026,19,0.019,17,0.018,42,0.05,42,0.051,41,0.053,25,0.035,50,0.061,35,0.068,18,0.047,20,0.069,14,0.056,23,0.09,35,0.099,24,0.053,22,0.04,26,0.04,20,0.028,15,0.019,13,0.016,16,0.019,29,0.035,29,0.033,33,0.037,34,0.036,31,0.031,36,0.039,39,0.042,41,0.044,36,0.041,35,0.042
Region 4,Region 10,323,0.71,208,0.842,126,0.749,99,0.712,155,0.837,323,0.984,572,1.09,716,1.048,910,1.121,970,1.195,769,1.069,645,0.891,739,0.983,662,0.838,584,0.719,541,0.664,507,0.609,717,0.791,772,0.798,755,0.871,820,1.015,809,1.037,726,1.021,523,0.916,411,0.767,196,0.732,129,0.743,111,0.783,145,0.744,297,0.893,527,1.024,733,1.066,946,1.154,1032,1.263,823,1.082,856,1.099,785,0.972,721,0.882,644,0.776,574,0.701,573,0.688,631,0.686,802,0.817,766,0.849,755,0.877,685,0.83,659,0.865,506,0.835,510,0.812,307,0.898,138,0.619,119,0.706,152,0.729,311,0.941,473,0.95,713,1.098,869,1.138,828,1.098,722,0.992,615,0.833,655,0.827,638,0.794,646,0.777,624,0.733,566,0.648,652,0.697,775,0.778,882,0.945,897,1.061,886,1.085,787,1.008,654,0.926,594,0.722,402,0.777,311,0.806,194,0.671,125,0.5,176,0.692,231,0.653,310,0.682,479,0.877,522,0.811,499,0.696,570,0.738,564,0.686,445,0.539,536,0.641,634,0.726,703,0.778,795,0.832,876,0.883,780,0.838,823,0.881,711,0.771,649,0.738,692,0.832
Region 4,Region 11,18,0.04,5,0.02,9,0.053,10,0.072,16,0.086,64,0.195,95,0.181,86,0.126,78,0.096,72,0.089,47,0.065,42,0.058,55,0.073,58,0.073,51,0.063,29,0.036,31,0.037,45,0.05,54,0.056,68,0.078,70,0.087,68,0.087,50,0.07,28,0.049,19,0.035,11,0.041,7,0.04,10,0.071,18,0.092,56,0.168,85,0.165,93,0.135,78,0.095,68,0.083,62,0.082,46,0.059,54,0.067,63,0.077,53,0.064,37,0.045,32,0.038,44,0.048,54,0.055,29,0.032,58,0.067,78,0.094,73,0.096,49,0.081,28,0.045,13,0.038,11,0.049,13,0.077,18,0.086,61,0.184,99,0.199,98,0.151,86,0.113,85,0.113,53,0.073,75,0.102,67,0.085,67,0.083,57,0.069,47,0.055,68,0.078,73,0.078,56,0.056,48,0.051,44,0.052,33,0.04,47,0.06,44,0.062,54,0.066,27,0.052,13,0.034,15,0.052,13,0.052,23,0.09,52,0.147,58,0.128,55,0.101,59,0.092,54,0.075,75,0.097,57,0.069,59,0.071,78,0.093,75,0.086,85,0.094,79,0.083,60,0.06,65,0.07,66,0.071,87,0.094,84,0.096,81,0.097
Region 4,Region 12,11,0.024,6,0.024,5,0.03,3,0.022,6,0.032,19,0.058,24,0.046,22,0.032,13,0.016,15,0.018,15,0.021,15,0.021,9,0.012,16,0.02,14,0.017,9,0.011,10,0.012,17,0.019,15,0.016,10,0.012,14,0.017,19,0.024,12,0.017,15,0.026,10,0.019,4,0.015,3,0.017,2,0.014,6,0.031,12,0.036,26,0.05,31,0.045,21,0.026,16,0.02,12,0.016,9,0.012,6,0.007,10,0.012,12,0.014,8,0.01,10,0.012,10,0.011,10,0.01,11,0.012,22,0.026,16,0.019,16,0.021,8,0.013,14,0.022,9,0.026,6,0.027,6,0.036,6,0.029,16,0.048,19,0.038,22,0.034,20,0.026,16,0.021,15,0.021,17,0.023,14,0.018,11,0.014,11,0.013,15,0.018,14,0.016,18,0.019,16,0.016,17,0.018,25,0.03,24,0.029,20,0.026,17,0.024,20,0.024,12,0.023,6,0.016,7,0.024,10,0.04,24,0.094,34,0.096,34,0.075,26,0.048,23,0.036,14,0.02,18,0.023,12,0.015,9,0.011,15,0.018,16,0.018,16,0.018,16,0.017,15,0.015,16,0.017,27,0.029,23,0.025,21,0.024,22,0.026
Region 4,Region 13,0,0,0,0,0,0,0,0,0,0,0,0,0,0,0,0,0,0,0,0,0,0,0,0,0,0,0,0,0,0,0,0,0,0,0,0,0,0,0,0,0,0,0,0,0,0,0,0,0,0,0,0,0,0,0,0,0,0,0,0,0,0,0,0,0,0,0,0,0,0,0,0,0,0,0,0,1,0.001,0,0,0,0,1,0.001,0,0,0,0,0,0,0,0,0,0,0,0,0,0,0,0,0,0,0,0,0,0,0,0,0,0,0,0,0,0,0,0,0,0,0,0,0,0,0,0,0,0,0,0,0,0,0,0,0,0,0,0,0,0,0,0,0,0,0,0,0,0,0,0,0,0,0,0,0,0,0,0,0,0,0,0,0,0,0,0,0,0,0,0,0,0,0,0,0,0,0,0,0,0,0,0,0,0,0,0,0,0,0,0,0,0,0,0
Region 4,Region 14,7,0.015,6,0.024,2,0.012,1,0.007,3,0.016,11,0.034,19,0.036,20,0.029,15,0.018,21,0.026,23,0.032,22,0.03,21,0.028,16,0.02,19,0.023,16,0.02,17,0.02,15,0.017,23,0.024,29,0.033,21,0.026,32,0.041,23,0.032,15,0.026,12,0.022,6,0.022,5,0.029,2,0.014,5,0.026,12,0.036,19,0.037,22,0.032,17,0.021,20,0.024,17,0.022,16,0.021,17,0.021,18,0.022,22,0.027,19,0.023,19,0.023,22,0.024,16,0.016,18,0.02,26,0.03,37,0.045,35,0.046,23,0.038,10,0.016,8,0.023,2,0.009,2,0.012,10,0.048,8,0.024,13,0.026,31,0.048,29,0.038,30,0.04,18,0.025,9,0.012,23,0.029,22,0.027,22,0.026,29,0.034,23,0.026,24,0.026,16,0.016,12,0.013,23,0.027,23,0.028,9,0.012,14,0.02,21,0.026,11,0.021,8,0.021,8,0.028,5,0.02,4,0.016,16,0.045,17,0.037,19,0.035,19,0.03,10,0.014,14,0.018,15,0.018,18,0.022,16,0.019,24,0.027,20,0.022,25,0.026,28,0.028,23,0.025,18,0.019,21,0.023,28,0.032,29,0.035
Region 4,Region 15,143,0.314,75,0.304,48,0.285,42,0.302,78,0.421,216,0.658,294,0.56,245,0.358,161,0.198,128,0.158,146,0.203,144,0.199,155,0.206,187,0.237,195,0.24,178,0.218,136,0.163,142,0.157,142,0.147,181,0.209,157,0.194,158,0.202,142,0.2,148,0.259,162,0.302,76,0.284,38,0.219,24,0.169,76,0.39,192,0.577,275,0.534,235,0.342,185,0.226,181,0.222,121,0.159,121,0.155,126,0.156,194,0.237,205,0.247,179,0.219,147,0.177,144,0.157,104,0.106,99,0.11,117,0.136,155,0.188,155,0.204,143,0.236,175,0.279,78,0.228,47,0.211,42,0.249,78,0.374,145,0.439,262,0.526,250,0.385,215,0.281,160,0.212,194,0.267,216,0.292,211,0.267,240,0.299,240,0.289,227,0.267,258,0.295,227,0.243,186,0.187,186,0.199,161,0.19,149,0.182,172,0.22,179,0.254,210,0.255,103,0.199,60,0.155,62,0.215,74,0.296,93,0.366,154,0.435,166,0.365,166,0.304,230,0.357,277,0.386,293,0.379,257,0.312,227,0.275,219,0.262,246,0.282,245,0.271,268,0.281,279,0.281,259,0.278,256,0.274,235,0.255,252,0.287,248,0.298
Region 4,Region 16,20,0.044,5,0.02,9,0.053,9,0.065,17,0.092,42,0.128,67,0.128,48,0.07,31,0.038,44,0.054,33,0.046,25,0.035,36,0.048,23,0.029,27,0.033,24,0.029,32,0.038,51,0.056,61,0.063,55,0.063,53,0.066,61,0.078,51,0.072,18,0.032,25,0.047,5,0.019,8,0.046,10,0.071,19,0.098,32,0.096,54,0.105,63,0.092,25,0.03,23,0.028,15,0.02,31,0.04,30,0.037,40,0.049,36,0.043,36,0.044,33,0.04,36,0.039,29,0.03,40,0.044,45,0.052,43,0.052,47,0.062,35,0.058,24,0.038,8,0.023,3,0.013,11,0.065,16,0.077,35,0.106,53,0.106,63,0.097,43,0.056,35,0.046,37,0.051,35,0.047,31,0.039,33,0.041,32,0.039,38,0.045,37,0.042,41,0.044,50,0.05,40,0.043,34,0.04,38,0.047,49,0.063,26,0.037,30,0.036,15,0.029,5,0.013,5,0.017,14,0.056,25,0.098,41,0.116,35,0.077,45,0.082,44,0.068,22,0.031,19,0.025,22,0.027,24,0.029,24,0.029,41,0.047,33,0.037,32,0.034,43,0.043,42,0.045,41,0.044,36,0.039,43,0.049,38,0.046
Region 5,Region 0,71,0.156,24,0.097,28,0.166,7,0.05,13,0.07,18,0.055,40,0.076,73,0.107,72,0.089,68,0.084,65,0.09,87,0.12,63,0.084,105,0.133,135,0.166,139,0.171,119,0.143,92,0.101,91,0.094,98,0.113,133,0.165,141,0.181,197,0.277,150,0.263,80,0.149,23,0.086,19,0.109,16,0.113,25,0.128,19,0.057,35,0.068,82,0.119,91,0.111,62,0.076,96,0.126,120,0.154,118,0.146,183,0.224,133,0.16,116,0.142,99,0.119,62,0.067,76,0.077,93,0.103,97,0.113,173,0.21,145,0.19,98,0.162,71,0.113,38,0.111,25,0.112,13,0.077,10,0.048,23,0.07,34,0.068,51,0.079,58,0.076,92,0.122,95,0.131,142,0.192,149,0.188,133,0.166,132,0.159,114,0.134,96,0.11,91,0.097,96,0.096,89,0.095,85,0.101,95,0.116,134,0.172,95,0.135,117,0.142,44,0.085,44,0.114,23,0.08,36,0.144,22,0.086,34,0.096,50,0.11,78,0.143,74,0.115,79,0.11,142,0.184,151,0.184,94,0.114,117,0.14,130,0.149,136,0.151,151,0.158,126,0.127,121,0.13,134,0.143,122,0.132,192,0.218,158,0.19
Region 5,Region 1,432,0.949,309,1.251,230,1.367,234,1.683,286,1.544,470,1.432,534,1.018,515,0.754,629,0.775,640,0.788,563,0.782,613,0.847,610,0.811,601,0.761,609,0.75,559,0.686,598,0.719,642,0.708,722,0.746,733,0.846,723,0.895,781,1.001,738,1.038,558,0.977,467,0.872,287,1.072,221,1.273,187,1.319,290,1.489,447,1.344,508,0.987,534,0.777,695,0.847,671,0.821,636,0.836,613,0.787,618,0.765,589,0.721,555,0.669,529,0.646,575,0.691,644,0.7,639,0.651,792,0.878,791,0.919,800,0.969,718,0.943,562,0.928,563,0.896,329,0.963,200,0.898,181,1.074,262,1.256,411,1.243,548,1.1,629,0.968,661,0.865,644,0.854,615,0.845,669,0.906,611,0.772,544,0.677,478,0.575,537,0.631,576,0.659,602,0.643,750,0.753,783,0.839,716,0.847,731,0.895,743,0.952,613,0.868,707,0.86,432,0.835,339,0.879,265,0.917,208,0.832,272,1.069,353,0.998,337,0.742,372,0.681,373,0.579,391,0.546,466,0.603,528,0.642,577,0.699,515,0.616,525,0.601,618,0.684,664,0.695,772,0.778,758,0.815,764,0.818,673,0.73,724,0.823,667,0.802
Region 5,Region 2,17,0.037,10,0.04,11,0.065,4,0.029,4,0.022,2,0.006,11,0.021,15,0.022,19,0.023,31,0.038,19,0.026,30,0.041,41,0.055,51,0.065,60,0.074,17,0.021,18,0.022,9,0.01,5,0.005,13,0.015,16,0.02,13,0.017,18,0.025,15,0.026,13,0.024,6,0.022,6,0.035,13,0.092,10,0.051,12,0.036,9,0.017,25,0.036,32,0.039,29,0.036,23,0.03,14,0.018,30,0.037,30,0.037,35,0.042,15,0.018,9,0.011,13,0.014,16,0.016,13,0.014,24,0.028,16,0.019,17,0.022,15,0.025,13,0.021,10,0.029,7,0.031,7,0.042,4,0.019,9,0.027,17,0.034,19,0.029,11,0.014,33,0.044,22,0.03,19,0.026,33,0.042,27,0.034,27,0.032,8,0.009,7,0.008,19,0.02,20,0.02,7,0.007,15,0.018,19,0.023,13,0.017,17,0.024,19,0.023,17,0.033,16,0.041,7,0.024,10,0.04,12,0.047,14,0.04,11,0.024,14,0.026,12,0.019,23,0.032,23,0.03,22,0.027,23,0.028,26,0.031,17,0.019,8,0.009,12,0.013,18,0.018,19,0.02,11,0.012,27,0.029,19,0.022,19,0.023
Region 5,Region 3,171,0.376,59,0.239,44,0.261,36,0.259,21,0.113,47,0.143,61,0.116,57,0.083,74,0.091,97,0.119,105,0.146,106,0.146,127,0.169,121,0.153,141,0.174,135,0.166,89,0.107,88,0.097,87,0.09,103,0.119,134,0.166,166,0.213,204,0.287,189,0.331,208,0.388,82,0.306,40,0.23,32,0.226,30,0.154,30,0.09,57,0.111,61,0.089,60,0.073,79,0.097,74,0.097,76,0.098,79,0.098,127,0.155,148,0.178,96,0.117,68,0.082,67,0.073,91,0.093,123,0.136,116,0.135,170,0.206,179,0.235,196,0.324,182,0.29,83,0.243,59,0.265,39,0.231,34,0.163,35,0.106,42,0.084,65,0.1,80,0.105,86,0.114,113,0.155,151,0.204,148,0.187,122,0.152,128,0.154,122,0.143,80,0.092,78,0.083,122,0.123,117,0.125,113,0.134,137,0.168,185,0.237,216,0.306,248,0.302,139,0.269,84,0.218,88,0.305,60,0.24,47,0.185,65,0.184,69,0.152,68,0.125,62,0.096,128,0.179,133,0.172,129,0.157,141,0.171,151,0.181,144,0.165,172,0.19,152,0.159,170,0.171,145,0.156,146,0.156,159,0.172,224,0.255,221,0.266
Region 5,Region 4,102,0.224,55,0.223,47,0.279,23,0.165,37,0.2,73,0.222,82,0.156,112,0.164,138,0.17,182,0.224,134,0.186,119,0.164,142,0.189,131,0.166,149,0.183,133,0.163,140,0.168,168,0.185,175,0.181,142,0.164,136,0.168,158,0.202,178,0.25,131,0.229,113,0.211,55,0.205,36,0.207,27,0.19,36,0.185,56,0.168,84,0.163,124,0.18,148,0.18,181,0.222,156,0.205,150,0.193,117,0.145,151,0.185,143,0.172,139,0.17,98,0.118,123,0.134,131,0.133,166,0.184,151,0.175,199,0.241,167,0.219,155,0.256,162,0.258,60,0.176,43,0.193,30,0.178,33,0.158,59,0.178,91,0.183,122,0.188,151,0.198,177,0.235,146,0.201,163,0.221,170,0.215,158,0.197,150,0.181,130,0.153,149,0.171,135,0.144,164,0.165,167,0.179,151,0.179,156,0.191,138,0.177,162,0.229,157,0.191,96,0.185,80,0.207,60,0.208,39,0.156,37,0.145,37,0.105,45,0.099,92,0.169,119,0.185,138,0.193,160,0.207,155,0.188,126,0.153,135,0.161,143,0.164,135,0.149,163,0.171,194,0.195,216,0.232,182,0.195,198,0.215,236,0.268,195,0.235
Region 5,Region 5,1047,2.301,440,1.781,297,1.765,245,1.762,360,1.943,756,2.304,848,1.616,938,1.372,1606,1.979,1794,2.21,1319,1.833,1412,1.951,1385,1.842,1560,1.975,1725,2.124,1601,1.964,1465,1.761,1774,1.957,1826,1.887,1793,2.069,1790,2.215,1762,2.258,1670,2.348,1275,2.233,1041,1.943,527,1.969,319,1.837,281,1.982,445,2.285,747,2.246,963,1.87,1185,1.724,1458,1.778,1714,2.098,1706,2.243,1600,2.054,1474,1.825,1461,1.787,1617,1.949,1377,1.681,1292,1.552,1640,1.783,1982,2.019,2382,2.641,1759,2.043,1988,2.408,1855,2.436,1181,1.949,1091,1.737,612,1.791,405,1.818,302,1.792,453,2.172,804,2.432,1133,2.275,1478,2.276,1602,2.097,1432,1.898,1275,1.752,1284,1.738,1359,1.717,1297,1.615,1255,1.51,1281,1.504,1124,1.287,1680,1.795,1904,1.912,1882,2.015,1638,1.937,1638,2.006,1713,2.195,1351,1.914,1556,1.892,871,1.683,709,1.837,577,1.997,520,2.08,449,1.765,570,1.611,708,1.558,813,1.489,823,1.278,993,1.386,1221,1.581,1257,1.528,1388,1.681,1239,1.482,1213,1.389,1354,1.498,1811,1.896,1848,1.862,1807,1.942,1988,2.128,1809,1.962,1717,1.953,1485,1.786
Region 5,Region 6,63,0.138,24,0.097,19,0.113,14,0.101,25,0.135,46,0.14,46,0.088,23,0.034,29,0.036,19,0.023,14,0.019,22,0.03,34,0.045,17,0.022,18,0.022,19,0.023,31,0.037,44,0.049,34,0.035,49,0.057,61,0.075,76,0.097,64,0.09,64,0.112,52,0.097,27,0.101,29,0.167,22,0.155,29,0.149,37,0.111,36,0.07,25,0.036,33,0.04,27,0.033,35,0.046,31,0.04,26,0.032,20,0.024,23,0.028,28,0.034,27,0.032,29,0.032,47,0.048,65,0.072,65,0.075,68,0.082,88,0.116,77,0.127,75,0.119,37,0.108,19,0.085,24,0.142,31,0.149,28,0.085,41,0.082,36,0.055,39,0.051,35,0.046,34,0.047,33,0.045,38,0.048,23,0.029,34,0.041,33,0.039,43,0.049,49,0.052,65,0.065,80,0.086,84,0.099,64,0.078,71,0.091,79,0.112,129,0.157,48,0.093,58,0.15,48,0.166,29,0.116,18,0.071,14,0.04,19,0.042,23,0.042,35,0.054,21,0.029,41,0.053,45,0.055,55,0.067,44,0.053,42,0.048,62,0.069,73,0.076,71,0.072,64,0.069,70,0.075,89,0.097,92,0.105,88,0.106
Region 5,Region 7,445,0.978,252,1.02,199,1.183,179,1.287,252,1.36,439,1.338,435,0.829,509,0.745,682,0.84,702,0.865,586,0.814,560,0.774,557,0.741,636,0.805,662,0.815,646,0.792,629,0.756,687,0.758,833,0.861,861,0.994,852,1.054,794,1.018,747,1.05,563,0.986,473,0.883,258,0.964,197,1.135,157,1.107,239,1.227,377,1.133,435,0.845,513,0.746,651,0.794,738,0.904,647,0.851,740,0.95,667,0.826,631,0.772,598,0.721,548,0.669,559,0.672,715,0.778,721,0.734,730,0.809,789,0.916,786,0.952,807,1.06,665,1.098,589,0.938,333,0.974,169,0.758,183,1.086,281,1.347,396,1.198,526,1.056,598,0.921,699,0.915,718,0.952,682,0.937,709,0.96,718,0.907,623,0.776,559,0.673,568,0.667,606,0.694,766,0.818,886,0.89,972,1.041,898,1.062,846,1.036,843,1.08,747,1.058,906,1.102,546,1.055,402,1.042,286,0.99,290,1.16,274,1.077,323,0.913,420,0.924,469,0.859,436,0.677,443,0.618,547,0.708,577,0.701,602,0.729,559,0.669,673,0.771,794,0.879,849,0.889,969,0.976,1012,1.088,1062,1.137,1012,1.098,915,1.041,873,1.05
Region 5,Region 8,80,0.176,36,0.146,20,0.119,11,0.079,23,0.124,34,0.104,43,0.082,100,0.146,156,0.192,167,0.206,139,0.193,114,0.158,105,0.14,160,0.203,165,0.203,121,0.148,133,0.16,193,0.213,258,0.267,208,0.24,187,0.231,172,0.22,153,0.215,115,0.201,107,0.2,55,0.205,30,0.173,27,0.19,31,0.159,46,0.138,39,0.076,85,0.124,133,0.162,167,0.204,156,0.205,143,0.184,130,0.161,120,0.147,112,0.135,120,0.147,132,0.159,175,0.19,229,0.233,209,0.232,169,0.196,202,0.245,201,0.264,158,0.261,118,0.188,74,0.217,52,0.233,28,0.166,29,0.139,37,0.112,64,0.129,98,0.151,114,0.149,133,0.176,147,0.202,124,0.168,123,0.155,111,0.138,124,0.149,100,0.117,125,0.143,170,0.182,203,0.204,231,0.247,178,0.211,194,0.238,165,0.211,143,0.203,198,0.241,105,0.203,117,0.303,78,0.27,47,0.188,30,0.118,46,0.13,47,0.103,71,0.13,69,0.107,91,0.127,123,0.159,164,0.199,156,0.189,186,0.222,203,0.233,198,0.219,225,0.236,238,0.24,207,0.222,219,0.234,205,0.222,230,0.262,244,0.294
Region 5,Region 9,34,0.075,22,0.089,16,0.095,9,0.065,9,0.049,12,0.037,21,0.04,27,0.04,31,0.038,26,0.032,37,0.051,24,0.033,29,0.039,38,0.048,51,0.063,40,0.049,32,0.038,17,0.019,26,0.027,42,0.048,40,0.049,56,0.072,45,0.063,41,0.072,51,0.095,19,0.071,18,0.104,14,0.099,10,0.051,9,0.027,21,0.041,24,0.035,25,0.03,30,0.037,39,0.051,41,0.053,35,0.043,56,0.069,38,0.046,29,0.035,23,0.028,23,0.025,32,0.033,30,0.033,40,0.046,31,0.038,35,0.046,48,0.079,44,0.07,25,0.073,10,0.045,14,0.083,7,0.034,8,0.024,26,0.052,25,0.038,32,0.042,19,0.025,23,0.032,34,0.046,39,0.049,39,0.049,23,0.028,22,0.026,33,0.038,34,0.036,34,0.034,22,0.024,33,0.039,46,0.056,45,0.058,55,0.078,71,0.086,34,0.066,34,0.088,19,0.066,24,0.096,11,0.043,23,0.065,21,0.046,17,0.031,29,0.045,29,0.04,57,0.074,61,0.074,33,0.04,26,0.031,40,0.046,30,0.033,40,0.042,33,0.033,44,0.047,45,0.048,39,0.042,63,0.072,70,0.084
Region 5,Region 10,193,0.424,98,0.397,70,0.416,44,0.316,69,0.372,137,0.417,160,0.305,195,0.285,281,0.346,319,0.393,219,0.304,199,0.275,190,0.253,218,0.276,199,0.245,213,0.261,212,0.255,306,0.338,297,0.307,247,0.285,255,0.316,254,0.326,240,0.337,252,0.441,180,0.336,108,0.403,67,0.386,53,0.374,60,0.308,97,0.292,159,0.309,228,0.332,302,0.368,272,0.333,253,0.333,210,0.27,203,0.251,208,0.254,196,0.236,141,0.172,151,0.181,265,0.288,283,0.288,248,0.275,256,0.297,255,0.309,285,0.374,245,0.404,217,0.345,123,0.36,59,0.265,48,0.285,64,0.307,120,0.363,181,0.363,235,0.362,274,0.359,251,0.333,238,0.327,193,0.261,196,0.248,190,0.237,167,0.201,148,0.174,206,0.236,219,0.234,311,0.312,356,0.381,301,0.356,255,0.312,308,0.395,279,0.395,333,0.405,190,0.367,148,0.384,104,0.36,90,0.36,71,0.279,83,0.235,88,0.194,122,0.223,155,0.241,173,0.241,202,0.262,190,0.231,210,0.254,192,0.23,216,0.247,258,0.286,298,0.312,333,0.336,360,0.387,315,0.337,287,0.311,312,0.355,304,0.366
Region 5,Region 11,35,0.077,22,0.089,11,0.065,8,0.058,19,0.103,62,0.189,65,0.124,39,0.057,66,0.081,60,0.074,64,0.089,77,0.106,61,0.081,56,0.071,71,0.087,71,0.087,56,0.067,56,0.062,54,0.056,73,0.084,62,0.077,70,0.09,78,0.11,53,0.093,47,0.088,26,0.097,17,0.098,14,0.099,26,0.133,53,0.159,54,0.105,56,0.081,60,0.073,74,0.091,102,0.134,75,0.096,86,0.106,66,0.081,59,0.071,55,0.067,48,0.058,55,0.06,56,0.057,66,0.073,81,0.094,83,0.101,98,0.129,72,0.119,68,0.108,31,0.091,22,0.099,11,0.065,17,0.081,63,0.191,98,0.197,88,0.135,82,0.107,94,0.125,89,0.122,95,0.129,78,0.099,69,0.086,70,0.084,57,0.067,51,0.058,65,0.069,72,0.072,66,0.071,57,0.067,54,0.066,67,0.086,83,0.118,79,0.096,32,0.062,30,0.078,23,0.08,15,0.06,32,0.126,44,0.124,39,0.086,57,0.104,54,0.084,76,0.106,55,0.071,69,0.084,58,0.07,75,0.09,76,0.087,68,0.075,70,0.073,73,0.074,76,0.082,81,0.087,84,0.091,81,0.092,53,0.064
Region 5,Region 12,42,0.092,20,0.081,24,0.143,8,0.058,14,0.076,23,0.07,26,0.05,21,0.031,37,0.046,34,0.042,40,0.056,30,0.041,30,0.04,33,0.042,44,0.054,42,0.052,41,0.049,35,0.039,22,0.023,31,0.036,42,0.052,36,0.046,53,0.075,59,0.103,41,0.077,29,0.108,17,0.098,18,0.127,17,0.087,23,0.069,17,0.033,20,0.029,34,0.041,39,0.048,38,0.05,41,0.053,30,0.037,46,0.056,44,0.053,44,0.054,47,0.056,30,0.033,43,0.044,38,0.042,44,0.051,53,0.064,52,0.068,45,0.074,52,0.083,32,0.094,23,0.103,19,0.113,9,0.043,21,0.064,27,0.054,23,0.035,36,0.047,33,0.044,30,0.041,29,0.039,47,0.059,24,0.03,38,0.046,42,0.049,33,0.038,39,0.042,40,0.04,36,0.039,38,0.045,34,0.042,43,0.055,58,0.082,81,0.098,40,0.077,56,0.145,30,0.104,22,0.088,14,0.055,39,0.11,30,0.066,43,0.079,24,0.037,18,0.025,40,0.052,41,0.05,38,0.046,36,0.043,32,0.037,36,0.04,37,0.039,50,0.05,44,0.047,54,0.058,54,0.059,66,0.075,63,0.076
Region 5,Region 13,0,0,0,0,0,0,0,0,0,0,0,0,0,0,0,0,0,0,0,0,0,0,0,0,0,0,0,0,0,0,0,0,0,0,0,0,0,0,0,0,0,0,0,0,0,0,0,0,0,0,0,0,0,0,0,0,0,0,0,0,0,0,0,0,0,0,0,0,0,0,0,0,0,0,0,0,0,0,0,0,0,0,0,0,0,0,0,0,0,0,0,0,0,0,0,0,0,0,0,0,0,0,0,0,0,0,0,0,0,0,0,0,0,0,0,0,1,0.001,0,0,0,0,0,0,0,0,0,0,0,0,0,0,0,0,0,0,0,0,0,0,0,0,0,0,0,0,0,0,0,0,0,0,0,0,0,0,0,0,0,0,0,0,0,0,0,0,0,0,0,0,0,0,0,0,0,0,0,0,0,0,0,0,1,0.001,0,0,0,0,0,0,0,0
Region 5,Region 14,58,0.127,28,0.113,19,0.113,14,0.101,17,0.092,33,0.101,36,0.069,33,0.048,47,0.058,40,0.049,57,0.079,73,0.101,59,0.078,64,0.081,56,0.069,70,0.086,68,0.082,63,0.069,64,0.066,72,0.083,81,0.1,82,0.105,110,0.155,71,0.124,68,0.127,40,0.149,22,0.127,12,0.085,17,0.087,24,0.072,29,0.056,37,0.054,58,0.071,54,0.066,65,0.085,66,0.085,65,0.08,76,0.093,81,0.098,57,0.07,74,0.089,63,0.069,81,0.083,75,0.083,104,0.121,93,0.113,114,0.15,71,0.117,71,0.113,35,0.102,35,0.157,15,0.089,9,0.043,30,0.091,35,0.07,42,0.065,63,0.082,79,0.105,62,0.085,72,0.097,69,0.087,71,0.088,50,0.06,51,0.06,48,0.055,52,0.056,67,0.067,69,0.074,69,0.082,73,0.089,74,0.095,53,0.075,92,0.112,38,0.073,57,0.148,22,0.076,20,0.08,12,0.047,20,0.057,30,0.066,35,0.064,39,0.061,65,0.091,59,0.076,58,0.071,60,0.073,71,0.085,70,0.08,57,0.063,63,0.066,88,0.089,80,0.086,100,0.107,88,0.095,93,0.106,75,0.09
Region 5,Region 15,39,0.086,13,0.053,17,0.101,11,0.079,13,0.07,19,0.058,28,0.053,26,0.038,17,0.021,21,0.026,32,0.044,15,0.021,28,0.037,26,0.033,42,0.052,33,0.04,34,0.041,35,0.039,36,0.037,30,0.035,23,0.028,36,0.046,38,0.053,53,0.093,46,0.086,27,0.101,18,0.104,23,0.162,22,0.113,32,0.096,28,0.054,20,0.029,20,0.024,34,0.042,28,0.037,29,0.037,32,0.04,42,0.051,26,0.031,22,0.027,31,0.037,34,0.037,36,0.037,35,0.039,47,0.055,49,0.059,49,0.064,50,0.083,65,0.103,30,0.088,25,0.112,14,0.083,12,0.058,20,0.06,36,0.072,23,0.035,26,0.034,39,0.052,25,0.034,33,0.045,37,0.047,27,0.034,24,0.029,31,0.036,32,0.037,32,0.034,23,0.023,41,0.044,38,0.045,32,0.039,63,0.081,70,0.099,77,0.094,35,0.068,41,0.106,29,0.1,25,0.1,15,0.059,21,0.059,22,0.048,14,0.026,14,0.022,17,0.024,19,0.025,26,0.032,28,0.034,29,0.035,33,0.038,36,0.04,39,0.041,38,0.038,60,0.064,73,0.078,63,0.068,54,0.061,53,0.064
Region 5,Region 16,122,0.268,76,0.308,48,0.285,52,0.374,56,0.302,81,0.247,112,0.213,162,0.237,167,0.206,158,0.195,186,0.258,192,0.265,182,0.242,219,0.277,212,0.261,234,0.287,231,0.278,223,0.246,312,0.322,284,0.328,273,0.338,261,0.335,246,0.346,183,0.32,163,0.304,57,0.213,36,0.207,35,0.247,57,0.293,91,0.274,101,0.196,114,0.166,143,0.174,178,0.218,216,0.284,215,0.276,200,0.248,225,0.275,189,0.228,230,0.281,272,0.327,234,0.254,269,0.274,283,0.314,268,0.311,275,0.333,232,0.305,223,0.368,181,0.288,73,0.214,47,0.211,30,0.178,57,0.273,96,0.29,113,0.227,146,0.225,197,0.258,177,0.235,180,0.247,231,0.313,204,0.258,185,0.23,162,0.195,188,0.221,159,0.182,216,0.231,250,0.251,237,0.254,208,0.246,213,0.261,230,0.295,205,0.29,246,0.299,104,0.201,80,0.207,64,0.222,60,0.24,47,0.185,77,0.218,84,0.185,101,0.185,119,0.185,153,0.213,177,0.229,189,0.23,204,0.247,231,0.276,213,0.244,225,0.249,212,0.222,239,0.241,264,0.284,258,0.276,225,0.244,230,0.262,192,0.231
Region 6,Region 0,34,0.075,10,0.04,7,0.042,8,0.058,9,0.049,20,0.061,48,0.091,41,0.06,33,0.041,27,0.033,28,0.039,21,0.029,28,0.037,28,0.035,34,0.042,28,0.034,32,0.038,17,0.019,25,0.026,24,0.028,35,0.043,33,0.042,39,0.055,41,0.072,41,0.077,20,0.075,15,0.086,12,0.085,13,0.067,15,0.045,38,0.074,33,0.048,42,0.051,33,0.04,27,0.036,25,0.032,17,0.021,23,0.028,32,0.039,20,0.024,11,0.013,15,0.016,23,0.023,20,0.022,27,0.031,40,0.048,45,0.059,48,0.079,48,0.076,22,0.064,15,0.067,18,0.107,12,0.058,25,0.076,41,0.082,34,0.052,33,0.043,41,0.054,25,0.034,32,0.043,37,0.047,48,0.06,50,0.06,36,0.042,26,0.03,33,0.035,33,0.033,33,0.035,47,0.056,38,0.047,42,0.054,34,0.048,41,0.05,28,0.054,32,0.083,26,0.09,29,0.116,17,0.067,29,0.082,38,0.084,56,0.103,51,0.079,47,0.066,48,0.062,42,0.051,30,0.036,45,0.054,46,0.053,47,0.052,44,0.046,50,0.05,51,0.055,65,0.07,86,0.093,61,0.069,72,0.087
Region 6,Region 1,156,0.343,101,0.409,59,0.351,47,0.338,76,0.41,141,0.43,241,0.459,268,0.392,250,0.308,226,0.278,169,0.235,159,0.22,172,0.229,134,0.17,128,0.158,154,0.189,154,0.185,148,0.163,198,0.205,226,0.261,237,0.293,251,0.322,206,0.29,204,0.357,184,0.343,116,0.433,65,0.374,48,0.339,69,0.354,122,0.367,241,0.468,258,0.375,290,0.354,255,0.312,147,0.193,125,0.16,153,0.189,172,0.21,154,0.186,153,0.187,130,0.156,164,0.178,198,0.202,188,0.208,242,0.281,281,0.34,271,0.356,229,0.378,280,0.446,159,0.465,112,0.503,66,0.392,70,0.336,124,0.375,157,0.315,210,0.323,215,0.281,180,0.239,175,0.241,177,0.24,159,0.201,197,0.245,197,0.237,174,0.204,222,0.254,216,0.231,260,0.261,252,0.27,231,0.273,264,0.323,256,0.328,285,0.404,397,0.483,307,0.593,273,0.708,176,0.609,98,0.392,94,0.37,111,0.314,137,0.302,129,0.236,149,0.231,152,0.212,205,0.265,206,0.25,236,0.286,239,0.286,259,0.297,270,0.299,255,0.267,276,0.278,304,0.327,312,0.334,377,0.409,296,0.337,415,0.499
Region 6,Region 2,25,0.055,13,0.053,14,0.083,3,0.022,6,0.032,12,0.037,20,0.038,23,0.034,21,0.026,18,0.022,19,0.026,29,0.04,26,0.035,24,0.03,24,0.03,19,0.023,16,0.019,16,0.018,29,0.03,26,0.03,39,0.048,38,0.049,39,0.055,26,0.046,39,0.073,11,0.041,14,0.081,15,0.106,16,0.082,17,0.051,21,0.041,40,0.058,28,0.034,28,0.034,23,0.03,15,0.019,23,0.028,19,0.023,21,0.025,20,0.024,12,0.014,34,0.037,29,0.03,20,0.022,28,0.033,39,0.047,42,0.055,47,0.078,51,0.081,24,0.07,22,0.099,21,0.125,16,0.077,17,0.051,20,0.04,30,0.046,27,0.035,13,0.017,22,0.03,23,0.031,18,0.023,20,0.025,31,0.037,30,0.035,28,0.032,30,0.032,31,0.031,41,0.044,26,0.031,33,0.04,38,0.049,43,0.061,59,0.072,46,0.089,29,0.075,33,0.114,19,0.076,9,0.035,18,0.051,23,0.051,17,0.031,27,0.042,32,0.045,35,0.045,35,0.043,44,0.053,44,0.053,34,0.039,39,0.043,29,0.03,32,0.032,50,0.054,44,0.047,42,0.046,40,0.045,61,0.073
Region 6,Region 3,39,0.086,20,0.081,19,0.113,10,0.072,10,0.054,14,0.043,18,0.034,39,0.057,33,0.041,39,0.048,24,0.033,28,0.039,32,0.043,22,0.028,19,0.023,21,0.026,15,0.018,13,0.014,17,0.018,39,0.045,46,0.057,62,0.079,58,0.082,47,0.082,69,0.129,21,0.078,25,0.144,13,0.092,13,0.067,21,0.063,36,0.07,48,0.07,52,0.063,30,0.037,28,0.037,15,0.019,17,0.021,22,0.027,30,0.036,19,0.023,12,0.014,12,0.013,21,0.021,29,0.032,41,0.048,61,0.074,72,0.095,68,0.112,106,0.169,48,0.14,24,0.108,22,0.131,20,0.096,18,0.054,35,0.07,54,0.083,54,0.071,46,0.061,35,0.048,37,0.05,34,0.043,43,0.054,52,0.063,25,0.029,24,0.027,31,0.033,35,0.035,46,0.049,62,0.073,67,0.082,52,0.067,57,0.081,105,0.128,74,0.143,47,0.122,41,0.142,39,0.156,32,0.126,33,0.093,49,0.108,59,0.108,28,0.043,28,0.039,41,0.053,34,0.041,43,0.052,40,0.048,52,0.06,51,0.056,61,0.064,41,0.041,50,0.054,55,0.059,77,0.084,70,0.08,93,0.112
Region 6,Region 4,161,0.354,90,0.364,65,0.386,46,0.331,57,0.308,96,0.293,124,0.236,183,0.268,232,0.286,199,0.245,212,0.295,235,0.325,170,0.226,151,0.191,204,0.251,191,0.234,192,0.231,225,0.248,210,0.217,217,0.25,201,0.249,246,0.315,218,0.307,193,0.338,297,0.554,104,0.388,68,0.392,37,0.261,60,0.308,98,0.295,139,0.27,191,0.278,205,0.25,202,0.247,204,0.268,220,0.282,199,0.246,202,0.247,210,0.253,181,0.221,174,0.209,177,0.192,232,0.236,214,0.237,290,0.337,274,0.332,249,0.327,248,0.409,360,0.573,129,0.377,112,0.503,63,0.374,67,0.321,103,0.312,132,0.265,178,0.274,200,0.262,163,0.216,171,0.235,193,0.261,180,0.227,188,0.234,179,0.215,186,0.218,191,0.219,217,0.232,217,0.218,245,0.262,224,0.265,277,0.339,247,0.316,255,0.361,361,0.439,204,0.394,157,0.407,175,0.606,109,0.436,95,0.373,149,0.421,98,0.216,141,0.258,178,0.276,232,0.324,318,0.412,226,0.275,258,0.312,227,0.272,228,0.261,215,0.238,221,0.231,243,0.245,243,0.261,257,0.275,340,0.369,330,0.375,332,0.399
Region 6,Region 5,58,0.127,40,0.162,39,0.232,23,0.165,43,0.232,44,0.134,37,0.071,49,0.072,49,0.06,30,0.037,27,0.038,23,0.032,30,0.04,38,0.048,35,0.043,35,0.043,33,0.04,27,0.03,46,0.048,41,0.047,39,0.048,55,0.07,61,0.086,52,0.091,71,0.133,39,0.146,29,0.167,37,0.261,51,0.262,52,0.156,42,0.082,45,0.065,47,0.057,31,0.038,31,0.041,30,0.039,33,0.041,30,0.037,27,0.033,34,0.042,35,0.042,42,0.046,35,0.036,37,0.041,49,0.057,51,0.062,72,0.095,57,0.094,76,0.121,66,0.193,55,0.247,45,0.267,53,0.254,48,0.145,34,0.068,48,0.074,36,0.047,29,0.038,29,0.04,38,0.051,40,0.051,41,0.051,36,0.043,35,0.041,35,0.04,54,0.058,45,0.045,59,0.063,41,0.048,57,0.07,65,0.083,84,0.119,120,0.146,95,0.184,92,0.238,102,0.353,73,0.292,94,0.37,73,0.206,55,0.121,45,0.082,35,0.054,32,0.045,30,0.039,29,0.035,26,0.031,23,0.028,37,0.042,44,0.049,52,0.054,48,0.048,41,0.044,61,0.065,73,0.079,65,0.074,86,0.103
Region 6,Region 6,1469,3.228,759,3.073,516,3.066,371,2.668,441,2.38,747,2.276,1119,2.132,1577,2.307,2066,2.546,2181,2.687,2170,3.016,2113,2.92,2347,3.122,2318,2.934,2470,3.041,2686,3.295,2741,3.295,3107,3.427,3273,3.383,3062,3.533,2694,3.333,2415,3.095,2093,2.943,1797,3.147,1777,3.317,908,3.392,543,3.127,383,2.702,541,2.777,872,2.622,1129,2.193,1540,2.24,2119,2.584,2356,2.884,2291,3.013,2484,3.188,2477,3.067,2548,3.117,2619,3.156,2677,3.268,2868,3.446,3259,3.544,3659,3.727,3464,3.84,3239,3.761,2833,3.432,2522,3.312,2047,3.379,2392,3.808,1171,3.426,738,3.312,500,2.966,610,2.924,821,2.483,1128,2.265,1666,2.565,2108,2.76,2274,3.014,2291,3.149,2363,3.199,2672,3.375,2789,3.472,2827,3.402,2903,3.409,3039,3.478,3452,3.688,4030,4.048,3952,4.232,3487,4.124,3340,4.091,3054,3.913,3002,4.252,3589,4.364,2178,4.208,1587,4.113,1122,3.883,809,3.236,744,2.925,810,2.29,1062,2.337,1412,2.586,2004,3.113,2590,3.614,3009,3.896,3415,4.151,3582,4.338,3781,4.522,3903,4.471,3743,4.142,3917,4.102,4159,4.191,3876,4.166,3936,4.213,3958,4.293,3736,4.249,3922,4.718
Region 6,Region 7,261,0.574,172,0.696,113,0.671,110,0.791,163,0.88,227,0.692,317,0.604,366,0.536,427,0.526,415,0.511,372,0.517,358,0.495,365,0.486,413,0.523,381,0.469,380,0.466,416,0.5,474,0.523,531,0.549,481,0.555,485,0.6,472,0.605,454,0.638,389,0.681,324,0.605,178,0.665,124,0.714,99,0.698,154,0.791,213,0.64,291,0.565,367,0.534,500,0.61,461,0.564,377,0.496,430,0.552,432,0.535,396,0.484,381,0.459,393,0.48,404,0.485,500,0.544,580,0.591,517,0.573,612,0.711,579,0.701,490,0.643,507,0.837,483,0.769,311,0.91,194,0.871,139,0.825,165,0.791,225,0.68,255,0.512,314,0.483,394,0.516,356,0.472,321,0.441,380,0.514,440,0.556,423,0.527,391,0.471,394,0.463,395,0.452,478,0.511,590,0.593,573,0.614,626,0.74,617,0.756,593,0.76,573,0.812,797,0.969,614,1.186,507,1.314,333,1.153,222,0.888,184,0.723,280,0.792,243,0.535,259,0.474,295,0.458,352,0.491,328,0.425,374,0.455,406,0.492,364,0.435,415,0.475,462,0.511,535,0.56,580,0.584,542,0.583,628,0.672,672,0.729,636,0.723,696,0.837
Region 6,Region 8,21,0.046,18,0.073,17,0.101,13,0.093,14,0.076,24,0.073,28,0.053,32,0.047,41,0.051,41,0.051,27,0.038,25,0.035,22,0.029,31,0.039,31,0.038,23,0.028,18,0.022,22,0.024,27,0.028,29,0.033,42,0.052,33,0.042,28,0.039,27,0.047,22,0.041,12,0.045,13,0.075,9,0.063,12,0.062,17,0.051,30,0.058,31,0.045,44,0.054,42,0.051,25,0.033,38,0.049,34,0.042,23,0.028,28,0.034,30,0.037,23,0.028,24,0.026,29,0.03,35,0.039,52,0.06,38,0.046,45,0.059,39,0.064,40,0.064,36,0.105,15,0.067,14,0.083,11,0.053,26,0.079,34,0.068,19,0.029,25,0.033,29,0.038,29,0.04,29,0.039,21,0.027,27,0.034,20,0.024,32,0.038,27,0.031,27,0.029,38,0.038,41,0.044,42,0.05,41,0.05,65,0.083,65,0.092,87,0.106,70,0.135,41,0.106,17,0.059,17,0.068,22,0.086,28,0.079,21,0.046,16,0.029,22,0.034,25,0.035,22,0.028,20,0.024,25,0.03,39,0.047,40,0.046,36,0.04,29,0.03,52,0.052,55,0.059,53,0.057,51,0.055,65,0.074,82,0.099
Region 6,Region 9,21,0.046,18,0.073,8,0.048,6,0.043,6,0.032,7,0.021,10,0.019,14,0.02,16,0.02,14,0.017,9,0.013,11,0.015,9,0.012,6,0.008,12,0.015,7,0.009,8,0.01,6,0.007,14,0.014,19,0.022,15,0.019,13,0.017,27,0.038,25,0.044,26,0.049,17,0.064,9,0.052,11,0.078,12,0.062,9,0.027,11,0.021,19,0.028,15,0.018,16,0.02,11,0.014,10,0.013,11,0.014,4,0.005,13,0.016,13,0.016,4,0.005,1,0.001,6,0.006,5,0.006,14,0.016,17,0.021,27,0.035,36,0.059,34,0.054,35,0.102,20,0.09,10,0.059,8,0.038,16,0.048,19,0.038,18,0.028,10,0.013,10,0.013,13,0.018,15,0.02,11,0.014,12,0.015,9,0.011,13,0.015,6,0.007,9,0.01,17,0.017,15,0.016,17,0.02,26,0.032,25,0.032,36,0.051,50,0.061,43,0.083,34,0.088,18,0.062,26,0.104,13,0.051,19,0.054,16,0.035,12,0.022,7,0.011,11,0.015,11,0.014,9,0.011,13,0.016,19,0.023,19,0.022,19,0.021,27,0.028,24,0.024,18,0.019,26,0.028,20,0.022,30,0.034,25,0.03
Region 6,Region 10,511,1.123,350,1.417,232,1.379,189,1.359,260,1.403,533,1.624,674,1.284,767,1.122,754,0.929,798,0.983,731,1.016,715,0.988,680,0.905,676,0.856,718,0.884,740,0.908,713,0.857,825,0.91,930,0.961,886,1.022,962,1.19,892,1.143,740,1.04,642,1.124,725,1.353,311,1.162,212,1.221,174,1.227,283,1.453,543,1.632,678,1.317,768,1.117,795,0.969,855,1.047,750,0.986,881,1.131,764,0.946,738,0.903,763,0.919,717,0.875,730,0.877,838,0.911,983,1.001,1044,1.157,1159,1.346,1002,1.214,1043,1.37,859,1.418,892,1.42,516,1.51,288,1.292,201,1.192,278,1.333,590,1.784,714,1.434,784,1.207,755,0.989,755,1.001,703,0.966,666,0.902,709,0.896,703,0.875,714,0.859,830,0.975,839,0.96,958,1.024,1151,1.156,1242,1.33,1324,1.566,1322,1.619,1326,1.699,1158,1.64,1346,1.637,970,1.874,694,1.799,467,1.616,340,1.36,395,1.553,486,1.374,560,1.233,701,1.284,778,1.208,690,0.963,724,0.937,741,0.901,734,0.889,843,1.008,863,0.989,1012,1.12,1044,1.093,1043,1.051,1085,1.166,1132,1.212,1052,1.141,1046,1.19,1275,1.534
Region 6,Region 11,45,0.099,22,0.089,7,0.042,11,0.079,11,0.059,15,0.046,39,0.074,52,0.076,54,0.067,54,0.067,26,0.036,18,0.025,32,0.043,28,0.035,38,0.047,21,0.026,25,0.03,27,0.03,47,0.049,49,0.057,64,0.079,66,0.085,69,0.097,62,0.109,55,0.103,27,0.101,17,0.098,10,0.071,8,0.041,21,0.063,46,0.089,45,0.065,51,0.062,43,0.053,38,0.05,21,0.027,27,0.033,34,0.042,28,0.034,31,0.038,33,0.04,53,0.058,38,0.039,30,0.033,38,0.044,81,0.098,77,0.101,67,0.111,75,0.119,42,0.123,31,0.139,15,0.089,19,0.091,17,0.051,27,0.054,32,0.049,42,0.055,31,0.041,43,0.059,31,0.042,46,0.058,35,0.044,29,0.035,30,0.035,53,0.061,50,0.053,62,0.062,59,0.063,42,0.05,62,0.076,82,0.105,97,0.137,122,0.148,104,0.201,102,0.264,62,0.215,33,0.132,28,0.11,44,0.124,39,0.086,35,0.064,31,0.048,35,0.049,48,0.062,42,0.051,38,0.046,53,0.063,72,0.082,69,0.076,49,0.051,79,0.08,77,0.083,64,0.068,78,0.085,100,0.114,116,0.14
Region 6,Region 12,14,0.031,4,0.016,1,0.006,1,0.007,2,0.011,7,0.021,7,0.013,8,0.012,8,0.01,5,0.006,3,0.004,8,0.011,5,0.007,4,0.005,5,0.006,5,0.006,7,0.008,5,0.006,6,0.006,8,0.009,8,0.01,7,0.009,2,0.003,10,0.018,10,0.019,9,0.034,5,0.029,4,0.028,5,0.026,8,0.024,6,0.012,4,0.006,10,0.012,11,0.013,5,0.007,1,0.001,4,0.005,4,0.005,9,0.011,7,0.009,6,0.007,6,0.007,4,0.004,7,0.008,5,0.006,17,0.021,7,0.009,10,0.017,14,0.022,16,0.047,3,0.013,4,0.024,3,0.014,3,0.009,10,0.02,6,0.009,13,0.017,5,0.007,3,0.004,5,0.007,8,0.01,4,0.005,6,0.007,3,0.004,5,0.006,6,0.006,9,0.009,4,0.004,10,0.012,11,0.013,8,0.01,13,0.018,15,0.018,15,0.029,11,0.029,17,0.059,11,0.044,5,0.02,11,0.031,13,0.029,6,0.011,11,0.017,10,0.014,14,0.018,4,0.005,6,0.007,9,0.011,8,0.009,7,0.008,6,0.006,15,0.015,9,0.01,15,0.016,16,0.017,20,0.023,19,0.023
Region 6,Region 13,0,0,0,0,0,0,0,0,0,0,0,0,0,0,0,0,0,0,0,0,0,0,0,0,0,0,0,0,0,0,0,0,0,0,1,0.001,2,0.002,0,0,0,0,0,0,0,0,0,0,0,0,0,0,0,0,0,0,0,0,0,0,0,0,0,0,0,0,0,0,0,0,1,0.001,0,0,0,0,0,0,0,0,0,0,0,0,1,0.001,0,0,0,0,0,0,0,0,0,0,0,0,0,0,0,0,0,0,0,0,0,0,0,0,0,0,0,0,0,0,0,0,0,0,0,0,0,0,1,0.001,0,0,0,0,0,0,0,0,0,0,0,0,0,0,0,0,0,0,0,0,0,0,0,0,0,0,0,0,0,0,0,0,0,0,0,0,0,0,0,0,0,0,0,0,0,0,0,0,0,0,0,0,2,0.002,1,0.001,0,0,0,0,0,0,0,0,0,0
Region 6,Region 14,20,0.044,7,0.028,3,0.018,4,0.029,3,0.016,2,0.006,3,0.006,10,0.015,5,0.006,5,0.006,5,0.007,4,0.006,4,0.005,4,0.005,7,0.009,6,0.007,2,0.002,4,0.004,8,0.008,14,0.016,13,0.016,15,0.019,17,0.024,9,0.016,16,0.03,8,0.03,7,0.04,2,0.014,3,0.015,8,0.024,6,0.012,6,0.009,6,0.007,10,0.012,10,0.013,10,0.013,3,0.004,6,0.007,5,0.006,6,0.007,6,0.007,5,0.005,6,0.006,5,0.006,16,0.019,28,0.034,23,0.03,27,0.045,27,0.043,18,0.053,15,0.067,10,0.059,6,0.029,2,0.006,7,0.014,11,0.017,14,0.018,9,0.012,7,0.01,7,0.009,4,0.005,7,0.009,7,0.008,10,0.012,14,0.016,11,0.012,15,0.015,12,0.013,9,0.011,15,0.018,22,0.028,27,0.038,50,0.061,31,0.06,28,0.073,21,0.073,10,0.04,5,0.02,11,0.031,5,0.011,6,0.011,6,0.009,10,0.014,18,0.023,7,0.009,12,0.015,14,0.017,17,0.019,13,0.014,19,0.02,11,0.011,15,0.016,16,0.017,23,0.025,20,0.023,29,0.035
Region 6,Region 15,115,0.253,59,0.239,49,0.291,34,0.245,42,0.227,51,0.155,119,0.227,103,0.151,97,0.12,101,0.124,70,0.097,70,0.097,109,0.145,77,0.097,86,0.106,102,0.125,91,0.109,65,0.072,86,0.089,123,0.142,99,0.123,116,0.149,96,0.135,102,0.179,119,0.222,79,0.295,60,0.346,39,0.275,29,0.149,51,0.153,103,0.2,124,0.18,109,0.133,107,0.131,76,0.1,55,0.071,55,0.068,78,0.095,102,0.123,89,0.109,70,0.084,71,0.077,98,0.1,58,0.064,101,0.117,124,0.15,100,0.131,108,0.178,171,0.272,121,0.354,67,0.301,51,0.303,50,0.24,68,0.206,89,0.179,116,0.179,93,0.122,81,0.107,81,0.111,98,0.133,122,0.154,102,0.127,124,0.149,122,0.143,123,0.141,140,0.15,153,0.154,115,0.123,111,0.131,120,0.147,162,0.208,158,0.224,211,0.257,128,0.247,115,0.298,97,0.336,90,0.36,62,0.244,88,0.249,92,0.202,75,0.137,95,0.148,126,0.176,141,0.183,163,0.198,140,0.17,142,0.17,153,0.175,152,0.168,169,0.177,146,0.147,141,0.152,160,0.171,174,0.189,176,0.2,207,0.249
Region 6,Region 16,14,0.031,6,0.024,5,0.03,8,0.058,7,0.038,6,0.018,11,0.021,14,0.02,12,0.015,12,0.015,6,0.008,7,0.01,6,0.008,7,0.009,7,0.009,10,0.012,10,0.012,11,0.012,19,0.02,19,0.022,10,0.012,28,0.036,30,0.042,20,0.035,20,0.037,5,0.019,1,0.006,1,0.007,4,0.021,7,0.021,12,0.023,8,0.012,5,0.006,9,0.011,6,0.008,10,0.013,5,0.006,15,0.018,11,0.013,9,0.011,11,0.013,8,0.009,15,0.015,17,0.019,28,0.033,34,0.041,34,0.045,31,0.051,28,0.045,15,0.044,13,0.058,5,0.03,5,0.024,8,0.024,9,0.018,14,0.022,12,0.016,10,0.013,11,0.015,10,0.014,11,0.014,13,0.016,9,0.011,13,0.015,10,0.011,11,0.012,21,0.021,24,0.026,28,0.033,29,0.036,32,0.041,39,0.055,36,0.044,39,0.075,34,0.088,14,0.048,10,0.04,9,0.035,11,0.031,10,0.022,6,0.011,7,0.011,9,0.013,10,0.013,13,0.016,15,0.018,13,0.016,20,0.023,21,0.023,20,0.021,33,0.033,29,0.031,22,0.024,28,0.03,38,0.043,45,0.054
Region 7,Region 0,53,0.116,24,0.097,12,0.071,10,0.072,17,0.092,11,0.034,41,0.078,46,0.067,51,0.063,39,0.048,33,0.046,47,0.065,60,0.08,57,0.072,65,0.08,58,0.071,76,0.091,61,0.067,54,0.056,80,0.092,115,0.142,102,0.131,105,0.148,108,0.189,55,0.103,28,0.105,14,0.081,13,0.092,14,0.072,22,0.066,54,0.105,63,0.092,57,0.07,44,0.054,53,0.07,45,0.058,61,0.076,62,0.076,73,0.088,62,0.076,43,0.052,61,0.066,59,0.06,71,0.079,100,0.116,119,0.144,101,0.133,63,0.104,57,0.091,55,0.161,22,0.099,15,0.089,21,0.101,19,0.057,41,0.082,56,0.086,53,0.069,39,0.052,68,0.093,55,0.074,80,0.101,69,0.086,76,0.091,76,0.089,66,0.076,62,0.066,56,0.056,59,0.063,58,0.069,61,0.075,102,0.131,71,0.101,58,0.071,62,0.12,63,0.163,50,0.173,28,0.112,19,0.075,38,0.107,56,0.123,69,0.126,63,0.098,62,0.087,66,0.085,67,0.081,47,0.057,53,0.063,68,0.078,68,0.075,72,0.075,58,0.058,56,0.06,64,0.068,99,0.107,132,0.15,106,0.128
Region 7,Region 1,930,2.044,654,2.648,484,2.876,334,2.402,286,1.544,479,1.46,1043,1.988,1372,2.007,1523,1.877,1433,1.765,1082,1.504,954,1.318,1097,1.459,1163,1.472,1185,1.459,1172,1.438,1134,1.363,1158,1.277,1498,1.548,1417,1.635,1425,1.763,1396,1.789,1262,1.774,1141,1.998,1129,2.107,491,1.834,308,1.774,200,1.411,264,1.355,445,1.338,928,1.802,1379,2.006,1561,1.903,1316,1.611,1203,1.582,1181,1.516,1237,1.532,1187,1.452,1184,1.427,1166,1.424,1031,1.239,1175,1.278,1417,1.443,1408,1.561,1432,1.663,1375,1.666,1349,1.771,1185,1.956,1202,1.914,676,1.978,427,1.916,280,1.661,280,1.342,410,1.24,757,1.52,1036,1.595,1240,1.624,1152,1.527,1040,1.429,1119,1.515,1122,1.417,1163,1.448,1199,1.443,1264,1.484,1329,1.521,1389,1.484,1524,1.531,1418,1.519,1292,1.528,1333,1.633,1349,1.728,1222,1.731,1406,1.71,973,1.88,849,2.2,540,1.869,387,1.548,292,1.148,410,1.159,506,1.114,637,1.167,803,1.247,827,1.154,812,1.051,844,1.026,809,0.98,786,0.94,961,1.101,1083,1.198,1152,1.206,1358,1.368,1313,1.411,1415,1.514,1493,1.619,1406,1.599,1314,1.581
Region 7,Region 2,44,0.097,21,0.085,11,0.065,14,0.101,9,0.049,22,0.067,48,0.091,41,0.06,32,0.039,39,0.048,30,0.042,39,0.054,47,0.063,40,0.051,45,0.055,28,0.034,28,0.034,34,0.038,39,0.04,26,0.03,37,0.046,46,0.059,54,0.076,53,0.093,59,0.11,25,0.093,5,0.029,14,0.099,30,0.154,23,0.069,20,0.039,36,0.052,29,0.035,24,0.029,23,0.03,21,0.027,26,0.032,37,0.045,46,0.055,43,0.052,36,0.043,39,0.042,36,0.037,40,0.044,37,0.043,50,0.061,42,0.055,52,0.086,73,0.116,39,0.114,13,0.058,22,0.131,22,0.105,28,0.085,31,0.062,33,0.051,37,0.048,34,0.045,23,0.032,50,0.068,57,0.072,47,0.059,52,0.063,29,0.034,39,0.045,38,0.041,45,0.045,41,0.044,37,0.044,40,0.049,60,0.077,59,0.084,73,0.089,42,0.081,27,0.07,18,0.062,29,0.116,18,0.071,25,0.071,17,0.037,23,0.042,27,0.042,33,0.046,29,0.038,25,0.03,26,0.031,36,0.043,34,0.039,33,0.037,36,0.038,35,0.035,41,0.044,34,0.036,37,0.04,63,0.072,48,0.058
Region 7,Region 3,71,0.156,38,0.154,29,0.172,10,0.072,11,0.059,10,0.03,33,0.063,31,0.045,52,0.064,31,0.038,34,0.047,41,0.057,47,0.063,50,0.063,58,0.071,44,0.054,34,0.041,52,0.057,50,0.052,66,0.076,80,0.099,102,0.131,86,0.121,81,0.142,113,0.211,49,0.183,32,0.184,14,0.099,9,0.046,13,0.039,40,0.078,56,0.081,55,0.067,29,0.036,53,0.07,43,0.055,44,0.054,40,0.049,44,0.053,44,0.054,37,0.044,50,0.054,35,0.036,50,0.055,94,0.109,106,0.128,81,0.106,102,0.168,127,0.202,63,0.184,31,0.139,25,0.148,23,0.11,19,0.057,32,0.064,56,0.086,64,0.084,46,0.061,52,0.071,57,0.077,50,0.063,47,0.059,62,0.075,53,0.062,55,0.063,63,0.067,99,0.099,83,0.089,66,0.078,94,0.115,103,0.132,105,0.149,122,0.148,86,0.166,66,0.171,45,0.156,37,0.148,24,0.094,40,0.113,56,0.123,47,0.086,62,0.096,75,0.105,52,0.067,52,0.063,65,0.079,62,0.074,60,0.069,49,0.054,56,0.059,53,0.053,61,0.066,83,0.089,80,0.087,129,0.147,93,0.112
Region 7,Region 4,301,0.661,149,0.603,105,0.624,87,0.626,72,0.389,91,0.277,199,0.379,364,0.533,479,0.59,425,0.524,402,0.559,374,0.517,412,0.548,387,0.49,460,0.566,420,0.515,444,0.534,379,0.418,447,0.462,484,0.559,502,0.621,536,0.687,472,0.664,414,0.725,397,0.741,171,0.639,116,0.668,58,0.409,57,0.293,92,0.277,191,0.371,344,0.5,460,0.561,447,0.547,386,0.508,396,0.508,343,0.425,363,0.444,418,0.504,326,0.398,297,0.357,297,0.323,406,0.414,475,0.527,496,0.576,468,0.567,478,0.628,406,0.67,440,0.7,230,0.673,178,0.799,101,0.599,87,0.417,104,0.315,199,0.4,311,0.479,431,0.564,418,0.554,401,0.551,371,0.502,361,0.456,388,0.483,432,0.52,387,0.454,387,0.443,419,0.448,414,0.416,458,0.49,419,0.496,491,0.601,500,0.641,521,0.738,504,0.613,332,0.641,252,0.653,198,0.685,129,0.516,59,0.232,82,0.232,157,0.346,277,0.507,321,0.499,324,0.452,362,0.469,338,0.411,340,0.412,376,0.45,465,0.533,434,0.48,466,0.488,536,0.54,454,0.488,444,0.475,418,0.453,496,0.564,483,0.581
Region 7,Region 5,465,1.022,304,1.231,225,1.337,214,1.539,197,1.063,279,0.85,325,0.619,487,0.713,816,1.005,834,1.027,581,0.807,594,0.821,615,0.818,708,0.896,772,0.95,735,0.902,622,0.748,679,0.749,836,0.864,879,1.014,836,1.034,779,0.998,763,1.073,688,1.205,535,0.999,299,1.117,188,1.083,184,1.298,199,1.022,254,0.764,356,0.691,502,0.73,656,0.8,648,0.793,649,0.853,717,0.92,761,0.942,751,0.919,800,0.964,606,0.74,635,0.763,728,0.792,757,0.771,688,0.763,769,0.893,798,0.967,738,0.969,509,0.84,538,0.856,442,1.293,315,1.414,220,1.305,252,1.208,264,0.798,320,0.643,484,0.745,587,0.769,584,0.774,569,0.782,674,0.912,766,0.968,770,0.959,869,1.046,742,0.871,714,0.817,882,0.942,915,0.919,865,0.926,792,0.937,843,1.032,918,1.176,805,1.14,872,1.06,602,1.163,547,1.418,399,1.381,359,1.436,311,1.223,400,1.131,438,0.964,531,0.973,565,0.878,560,0.781,513,0.664,527,0.641,592,0.717,568,0.679,660,0.756,697,0.771,773,0.809,809,0.815,766,0.823,768,0.822,783,0.849,787,0.895,832,1.001
Region 7,Region 6,509,1.119,258,1.044,183,1.087,129,0.928,119,0.642,144,0.439,257,0.49,333,0.487,400,0.493,375,0.462,330,0.459,330,0.456,355,0.472,363,0.459,388,0.478,360,0.442,410,0.493,535,0.59,573,0.592,568,0.655,613,0.759,626,0.802,574,0.807,554,0.97,545,1.017,249,0.93,156,0.898,88,0.621,115,0.59,187,0.562,233,0.453,339,0.493,395,0.482,415,0.508,382,0.502,377,0.484,367,0.454,400,0.489,391,0.471,386,0.471,444,0.533,554,0.602,689,0.702,668,0.741,678,0.787,631,0.764,604,0.793,584,0.964,621,0.989,360,1.053,237,1.064,153,0.908,150,0.719,176,0.532,267,0.536,310,0.477,407,0.533,372,0.493,358,0.492,337,0.456,333,0.421,386,0.48,397,0.478,402,0.472,432,0.494,532,0.568,693,0.696,827,0.886,843,0.997,703,0.861,806,1.033,843,1.194,811,0.986,545,1.053,436,1.13,291,1.007,227,0.908,143,0.562,145,0.41,224,0.493,307,0.562,314,0.488,408,0.569,436,0.564,496,0.603,476,0.576,502,0.6,583,0.668,577,0.639,711,0.745,798,0.804,756,0.813,754,0.807,713,0.773,821,0.934,687,0.826
Region 7,Region 7,2116,4.65,1254,5.077,843,5.01,597,4.293,715,3.859,1112,3.389,2020,3.849,2625,3.841,3978,4.902,4765,5.87,4045,5.622,4194,5.795,4389,5.839,4779,6.049,4838,5.956,4564,5.599,4433,5.329,4881,5.384,5595,5.783,5113,5.9,4806,5.947,4469,5.728,3714,5.222,2953,5.171,2523,4.709,1250,4.669,773,4.452,491,3.463,737,3.784,1083,3.256,1813,3.521,2590,3.768,3728,4.546,4077,4.991,4072,5.355,4603,5.908,4565,5.652,4728,5.784,4649,5.603,4459,5.444,4564,5.483,5225,5.682,5950,6.061,5585,6.192,5299,6.154,4856,5.883,4280,5.62,3343,5.518,3324,5.292,1758,5.143,1151,5.165,716,4.248,851,4.08,1193,3.608,1767,3.548,2481,3.82,3201,4.191,3527,4.675,3598,4.945,3876,5.247,4417,5.579,4545,5.658,4210,5.066,4348,5.105,4501,5.152,5032,5.377,5967,5.993,5645,6.045,5269,6.231,5182,6.347,4908,6.288,4210,5.963,4542,5.523,3025,5.844,2248,5.826,1546,5.351,1097,4.388,935,3.676,1206,3.409,1468,3.231,1889,3.46,2380,3.697,3103,4.33,3532,4.573,3795,4.613,3625,4.39,3673,4.393,3854,4.415,4230,4.681,4736,4.959,5479,5.521,5263,5.657,5081,5.438,5317,5.767,5307,6.035,4705,5.66
Region 7,Region 8,106,0.233,54,0.219,46,0.273,22,0.158,19,0.103,43,0.131,88,0.168,129,0.189,193,0.238,198,0.244,188,0.261,194,0.268,186,0.247,212,0.268,231,0.284,233,0.286,206,0.248,312,0.344,329,0.34,322,0.372,303,0.375,247,0.317,219,0.308,186,0.326,160,0.299,75,0.28,37,0.213,28,0.198,30,0.154,40,0.12,79,0.153,112,0.163,196,0.239,196,0.24,182,0.239,231,0.296,245,0.303,189,0.231,222,0.268,207,0.253,247,0.297,299,0.325,411,0.419,416,0.461,357,0.415,353,0.428,265,0.348,226,0.373,231,0.368,121,0.354,83,0.372,53,0.314,41,0.197,45,0.136,62,0.125,89,0.137,163,0.213,176,0.233,173,0.238,197,0.267,218,0.275,238,0.296,246,0.296,208,0.244,187,0.214,268,0.286,385,0.387,412,0.441,349,0.413,319,0.391,306,0.392,290,0.411,317,0.385,184,0.355,135,0.35,111,0.384,55,0.22,35,0.138,40,0.113,55,0.121,89,0.163,109,0.169,152,0.212,181,0.234,201,0.244,212,0.257,208,0.249,272,0.312,275,0.304,309,0.324,385,0.388,362,0.389,380,0.407,356,0.386,354,0.403,331,0.398
Region 7,Region 9,28,0.062,22,0.089,13,0.077,12,0.086,5,0.027,8,0.024,23,0.044,15,0.022,20,0.025,17,0.021,17,0.024,20,0.028,14,0.019,13,0.016,16,0.02,21,0.026,11,0.013,24,0.026,19,0.02,26,0.03,36,0.045,38,0.049,41,0.058,40,0.07,38,0.071,25,0.093,16,0.092,9,0.063,7,0.036,10,0.03,21,0.041,13,0.019,16,0.02,18,0.022,24,0.032,14,0.018,21,0.026,14,0.017,17,0.02,20,0.024,14,0.017,11,0.012,16,0.016,21,0.023,20,0.023,37,0.045,30,0.039,38,0.063,45,0.072,22,0.064,15,0.067,6,0.036,6,0.029,9,0.027,20,0.04,23,0.035,17,0.022,14,0.019,18,0.025,19,0.026,20,0.025,24,0.03,17,0.02,15,0.018,21,0.024,33,0.035,31,0.031,24,0.026,23,0.027,40,0.049,42,0.054,49,0.069,61,0.074,40,0.077,40,0.104,34,0.118,17,0.068,24,0.094,13,0.037,24,0.053,10,0.018,6,0.009,18,0.025,18,0.023,24,0.029,12,0.015,18,0.022,19,0.022,27,0.03,24,0.025,25,0.025,23,0.025,35,0.037,45,0.049,42,0.048,47,0.057
Region 7,Region 10,631,1.387,314,1.271,240,1.426,122,0.877,124,0.669,215,0.655,456,0.869,657,0.961,904,1.114,1095,1.349,900,1.251,895,1.237,960,1.277,917,1.161,861,1.06,840,1.03,913,1.097,1110,1.224,1425,1.473,1351,1.559,1207,1.494,1239,1.588,1054,1.482,879,1.539,791,1.476,390,1.457,235,1.353,123,0.868,108,0.554,214,0.643,456,0.886,706,1.027,909,1.108,1052,1.288,922,1.212,1024,1.314,1006,1.246,882,1.079,945,1.139,967,1.181,950,1.141,1176,1.279,1444,1.471,1397,1.549,1382,1.605,1269,1.537,1323,1.737,968,1.598,1088,1.732,610,1.785,390,1.75,212,1.258,175,0.839,190,0.575,421,0.845,612,0.942,832,1.089,861,1.141,940,1.292,863,1.168,843,1.065,841,1.047,861,1.036,903,1.06,946,1.083,1192,1.274,1485,1.492,1706,1.827,1619,1.915,1471,1.802,1491,1.91,1557,2.205,1416,1.722,1045,2.019,699,1.812,468,1.62,268,1.072,153,0.602,175,0.495,305,0.671,452,0.828,652,1.013,701,0.978,764,0.989,850,1.033,842,1.02,759,0.908,790,0.905,1028,1.138,1275,1.335,1444,1.455,1477,1.588,1600,1.712,1379,1.496,1494,1.699,1519,1.827
Region 7,Region 11,87,0.191,46,0.186,40,0.238,22,0.158,16,0.086,28,0.085,64,0.122,98,0.143,86,0.106,86,0.106,83,0.115,71,0.098,82,0.109,81,0.103,104,0.128,118,0.145,101,0.121,96,0.106,133,0.137,144,0.166,158,0.196,207,0.265,184,0.259,148,0.259,133,0.248,64,0.239,22,0.127,18,0.127,24,0.123,29,0.087,81,0.157,85,0.124,80,0.098,88,0.108,83,0.109,92,0.118,118,0.146,101,0.124,107,0.129,112,0.137,91,0.109,94,0.102,117,0.119,135,0.15,132,0.153,188,0.228,195,0.256,150,0.248,177,0.282,102,0.298,52,0.233,46,0.273,28,0.134,43,0.13,66,0.133,75,0.115,105,0.137,104,0.138,95,0.131,131,0.177,143,0.181,156,0.194,136,0.164,130,0.153,127,0.145,135,0.144,161,0.162,139,0.149,118,0.14,136,0.167,147,0.188,176,0.249,223,0.271,168,0.325,137,0.355,106,0.367,45,0.18,31,0.122,55,0.155,56,0.123,69,0.126,91,0.141,86,0.12,110,0.142,114,0.139,109,0.132,116,0.139,93,0.107,134,0.148,135,0.141,167,0.168,139,0.149,142,0.152,138,0.15,164,0.187,182,0.219
Region 7,Region 12,16,0.035,14,0.057,8,0.048,4,0.029,0,0,3,0.009,4,0.008,12,0.018,13,0.016,10,0.012,10,0.014,14,0.019,14,0.019,18,0.023,18,0.022,21,0.026,26,0.031,18,0.02,20,0.021,17,0.02,21,0.026,18,0.023,18,0.025,12,0.021,24,0.045,15,0.056,6,0.035,3,0.021,3,0.015,4,0.012,5,0.01,9,0.013,10,0.012,8,0.01,9,0.012,12,0.015,16,0.02,10,0.012,20,0.024,20,0.024,30,0.036,22,0.024,15,0.015,16,0.018,29,0.034,24,0.029,19,0.025,26,0.043,34,0.054,17,0.05,15,0.067,9,0.053,6,0.029,6,0.018,13,0.026,11,0.017,11,0.014,13,0.017,12,0.016,12,0.016,18,0.023,16,0.02,22,0.026,24,0.028,27,0.031,23,0.025,20,0.02,21,0.022,18,0.021,23,0.028,24,0.031,27,0.038,37,0.045,20,0.039,22,0.057,23,0.08,11,0.044,9,0.035,13,0.037,27,0.059,15,0.027,5,0.008,12,0.017,13,0.017,14,0.017,11,0.013,10,0.012,11,0.013,10,0.011,7,0.007,26,0.026,16,0.017,26,0.028,23,0.025,21,0.024,31,0.037
Region 7,Region 13,0,0,0,0,0,0,0,0,0,0,0,0,0,0,0,0,0,0,1,0.001,0,0,0,0,1,0.001,1,0.001,0,0,0,0,0,0,0,0,0,0,0,0,0,0,0,0,0,0,0,0,0,0,0,0,0,0,0,0,0,0,0,0,0,0,0,0,0,0,0,0,0,0,0,0,0,0,0,0,0,0,0,0,0,0,0,0,0,0,0,0,0,0,0,0,0,0,0,0,0,0,0,0,0,0,0,0,0,0,0,0,0,0,0,0,0,0,0,0,0,0,0,0,0,0,0,0,0,0,0,0,0,0,0,0,0,0,0,0,0,0,0,0,0,0,0,0,0,0,0,0,0,0,0,0,0,0,0,0,0,0,0,0,0,0,0,0,0,0,0,0,0,0,2,0.002,0,0,0,0,0,0,0,0,0,0,1,0.001,0,0,0,0,0,0,0,0
Region 7,Region 14,35,0.077,16,0.065,11,0.065,7,0.05,5,0.027,9,0.027,15,0.029,14,0.02,16,0.02,19,0.023,11,0.015,20,0.028,22,0.029,23,0.029,35,0.043,36,0.044,27,0.032,26,0.029,35,0.036,43,0.05,38,0.047,60,0.077,52,0.073,40,0.07,29,0.054,24,0.09,5,0.029,6,0.042,5,0.026,13,0.039,9,0.017,18,0.026,19,0.023,17,0.021,21,0.028,17,0.022,22,0.027,19,0.023,28,0.034,36,0.044,37,0.044,39,0.042,31,0.032,42,0.047,42,0.049,60,0.073,54,0.071,36,0.059,49,0.078,27,0.079,37,0.166,10,0.059,7,0.034,6,0.018,11,0.022,15,0.023,22,0.029,23,0.03,13,0.018,26,0.035,20,0.025,22,0.027,24,0.029,29,0.034,28,0.032,38,0.041,39,0.039,35,0.037,28,0.033,44,0.054,42,0.054,40,0.057,65,0.079,51,0.099,45,0.117,35,0.121,10,0.04,7,0.028,12,0.034,9,0.02,9,0.016,29,0.045,33,0.046,23,0.03,21,0.026,21,0.025,22,0.026,27,0.031,31,0.034,29,0.03,35,0.035,29,0.031,31,0.033,38,0.041,42,0.048,52,0.063
Region 7,Region 15,180,0.396,84,0.34,66,0.392,36,0.259,33,0.178,37,0.113,67,0.128,107,0.157,95,0.117,92,0.113,95,0.132,110,0.152,126,0.168,114,0.144,141,0.174,153,0.188,158,0.19,135,0.149,129,0.133,140,0.162,157,0.194,167,0.214,179,0.252,224,0.392,247,0.461,111,0.415,63,0.363,45,0.317,32,0.164,40,0.12,69,0.134,124,0.18,113,0.138,101,0.124,112,0.147,99,0.127,125,0.155,134,0.164,161,0.194,171,0.209,148,0.178,149,0.162,153,0.156,125,0.139,167,0.194,187,0.227,204,0.268,207,0.342,227,0.361,144,0.421,70,0.314,66,0.392,52,0.249,49,0.148,77,0.155,106,0.163,120,0.157,86,0.114,117,0.161,146,0.198,132,0.167,131,0.163,152,0.183,171,0.201,190,0.217,173,0.185,174,0.175,139,0.149,157,0.186,179,0.219,199,0.255,238,0.337,296,0.36,196,0.379,129,0.334,164,0.568,106,0.424,41,0.161,58,0.164,76,0.167,71,0.13,96,0.149,114,0.159,118,0.153,117,0.142,107,0.13,123,0.147,171,0.196,173,0.191,148,0.155,173,0.174,163,0.175,170,0.182,194,0.21,211,0.24,303,0.364
Region 7,Region 16,63,0.138,31,0.126,20,0.119,10,0.072,19,0.103,31,0.094,60,0.114,71,0.104,50,0.062,63,0.078,48,0.067,65,0.09,45,0.06,53,0.067,65,0.08,77,0.094,91,0.109,88,0.097,111,0.115,104,0.12,132,0.163,122,0.156,108,0.152,78,0.137,78,0.146,42,0.157,23,0.132,12,0.085,16,0.082,27,0.081,39,0.076,68,0.099,56,0.068,40,0.049,67,0.088,48,0.062,49,0.061,73,0.089,80,0.096,79,0.096,87,0.105,102,0.111,92,0.094,82,0.091,110,0.128,120,0.145,126,0.165,93,0.154,90,0.143,46,0.135,37,0.166,22,0.131,16,0.077,33,0.1,46,0.092,68,0.105,78,0.102,67,0.089,73,0.1,77,0.104,89,0.112,79,0.098,83,0.1,82,0.096,101,0.116,102,0.109,113,0.113,97,0.104,98,0.116,100,0.122,109,0.14,90,0.127,109,0.133,81,0.156,69,0.179,54,0.187,29,0.116,24,0.094,25,0.071,39,0.086,48,0.088,57,0.089,60,0.084,55,0.071,68,0.083,72,0.087,63,0.075,61,0.07,55,0.061,72,0.075,84,0.085,70,0.075,109,0.117,97,0.105,111,0.126,99,0.119
Region 8,Region 0,15,0.033,4,0.016,1,0.006,0,0,2,0.011,4,0.012,6,0.011,14,0.02,17,0.021,9,0.011,14,0.019,23,0.032,16,0.021,18,0.023,12,0.015,23,0.028,22,0.026,34,0.038,29,0.03,38,0.044,32,0.04,32,0.041,38,0.053,17,0.03,16,0.03,3,0.011,2,0.012,2,0.014,1,0.005,5,0.015,11,0.021,20,0.029,15,0.018,12,0.015,11,0.014,13,0.017,13,0.016,13,0.016,25,0.03,17,0.021,21,0.025,29,0.032,25,0.025,24,0.027,32,0.037,40,0.048,32,0.042,36,0.059,20,0.032,8,0.023,4,0.018,3,0.018,6,0.029,3,0.009,10,0.02,20,0.031,16,0.021,13,0.017,11,0.015,16,0.022,20,0.025,13,0.016,31,0.037,41,0.048,28,0.032,32,0.034,25,0.025,24,0.026,20,0.024,24,0.029,25,0.032,23,0.033,25,0.03,18,0.035,11,0.029,15,0.052,5,0.02,2,0.008,8,0.023,12,0.026,22,0.04,28,0.043,30,0.042,25,0.032,31,0.038,23,0.028,35,0.042,20,0.023,27,0.03,29,0.03,19,0.019,20,0.021,27,0.029,40,0.043,48,0.055,43,0.052
Region 8,Region 1,37,0.081,23,0.093,17,0.101,9,0.065,6,0.032,14,0.043,79,0.151,106,0.155,100,0.123,65,0.08,54,0.075,49,0.068,59,0.078,62,0.078,51,0.063,42,0.052,52,0.063,62,0.068,83,0.086,81,0.093,107,0.132,97,0.124,103,0.145,76,0.133,62,0.116,23,0.086,25,0.144,16,0.113,10,0.051,17,0.051,69,0.134,80,0.116,110,0.134,56,0.069,55,0.072,51,0.065,52,0.064,50,0.061,53,0.064,49,0.06,69,0.083,62,0.067,74,0.075,69,0.076,95,0.11,104,0.126,133,0.175,85,0.14,88,0.14,48,0.14,36,0.162,14,0.083,19,0.091,14,0.042,53,0.106,51,0.079,65,0.085,52,0.069,40,0.055,36,0.049,54,0.068,53,0.066,57,0.069,75,0.088,104,0.119,77,0.082,101,0.101,86,0.092,76,0.09,84,0.103,78,0.1,79,0.112,123,0.15,92,0.178,61,0.158,54,0.187,25,0.1,17,0.067,16,0.045,13,0.029,23,0.042,28,0.043,32,0.045,40,0.052,45,0.055,69,0.084,67,0.08,93,0.107,73,0.081,76,0.08,77,0.078,87,0.094,110,0.118,109,0.118,78,0.089,105,0.126
Region 8,Region 2,2,0.004,0,0,2,0.012,1,0.007,0,0,1,0.003,1,0.002,1,0.001,4,0.005,4,0.005,1,0.001,3,0.004,3,0.004,5,0.006,0,0,2,0.002,3,0.004,3,0.003,1,0.001,3,0.003,3,0.004,2,0.003,8,0.011,4,0.007,2,0.004,1,0.004,1,0.006,1,0.007,3,0.015,0,0,0,0,3,0.004,3,0.004,2,0.002,0,0,3,0.004,2,0.002,3,0.004,2,0.002,0,0,3,0.004,2,0.002,3,0.003,1,0.001,4,0.005,3,0.004,4,0.005,8,0.013,6,0.01,1,0.003,0,0,2,0.012,2,0.01,0,0,1,0.002,1,0.002,3,0.004,2,0.003,2,0.003,4,0.005,0,0,3,0.004,0,0,3,0.004,4,0.005,3,0.003,5,0.005,3,0.003,6,0.007,0,0,9,0.012,9,0.013,7,0.009,4,0.008,7,0.018,5,0.017,2,0.008,2,0.008,2,0.006,4,0.009,0,0,3,0.005,0,0,2,0.003,4,0.005,1,0.001,2,0.002,1,0.001,2,0.002,3,0.003,1,0.001,2,0.002,2,0.002,7,0.008,7,0.008,9,0.011
Region 8,Region 3,18,0.04,7,0.028,1,0.006,6,0.043,3,0.016,4,0.012,6,0.011,11,0.016,13,0.016,8,0.01,6,0.008,11,0.015,15,0.02,19,0.024,14,0.017,19,0.023,22,0.026,18,0.02,17,0.018,37,0.043,34,0.042,33,0.042,34,0.048,36,0.063,32,0.06,10,0.037,8,0.046,5,0.035,6,0.031,7,0.021,8,0.016,15,0.022,15,0.018,7,0.009,8,0.011,7,0.009,13,0.016,10,0.012,10,0.012,22,0.027,16,0.019,20,0.022,17,0.017,21,0.023,34,0.039,33,0.04,42,0.055,38,0.063,44,0.07,17,0.05,1,0.004,4,0.024,4,0.019,2,0.006,5,0.01,23,0.035,29,0.038,16,0.021,18,0.025,27,0.037,20,0.025,23,0.029,26,0.031,42,0.049,27,0.031,35,0.037,41,0.041,31,0.033,22,0.026,31,0.038,40,0.051,58,0.082,26,0.032,23,0.044,14,0.036,14,0.048,11,0.044,7,0.028,11,0.031,12,0.026,17,0.031,25,0.039,32,0.045,23,0.03,21,0.026,27,0.033,26,0.031,17,0.019,26,0.029,19,0.02,28,0.028,23,0.025,24,0.026,40,0.043,39,0.044,37,0.045
Region 8,Region 4,90,0.198,20,0.081,14,0.083,5,0.036,3,0.016,10,0.03,32,0.061,55,0.08,114,0.14,101,0.124,96,0.133,72,0.099,88,0.117,76,0.096,87,0.107,88,0.108,120,0.144,111,0.122,137,0.142,131,0.151,97,0.12,119,0.153,121,0.17,87,0.152,78,0.146,35,0.131,13,0.075,9,0.063,4,0.021,5,0.015,27,0.052,55,0.08,110,0.134,112,0.137,101,0.133,98,0.126,104,0.129,112,0.137,94,0.113,77,0.094,80,0.096,87,0.095,110,0.112,131,0.145,135,0.157,109,0.132,117,0.154,123,0.203,126,0.201,66,0.193,23,0.103,22,0.131,12,0.058,11,0.033,27,0.054,52,0.08,81,0.106,90,0.119,82,0.113,85,0.115,76,0.096,95,0.118,114,0.137,126,0.148,103,0.118,123,0.131,121,0.122,136,0.146,119,0.141,120,0.147,131,0.168,114,0.161,160,0.195,129,0.249,73,0.189,49,0.17,31,0.124,12,0.047,12,0.034,27,0.059,43,0.079,55,0.085,82,0.114,99,0.128,89,0.108,104,0.126,88,0.105,102,0.117,111,0.123,155,0.162,172,0.173,132,0.142,174,0.186,175,0.19,173,0.197,204,0.245
Region 8,Region 5,90,0.198,57,0.231,37,0.22,22,0.158,21,0.113,20,0.061,54,0.103,108,0.158,166,0.205,204,0.251,159,0.221,137,0.189,152,0.202,164,0.208,139,0.171,182,0.223,198,0.238,211,0.233,187,0.193,209,0.241,191,0.236,199,0.255,183,0.257,161,0.282,128,0.239,65,0.243,45,0.259,37,0.261,40,0.205,35,0.105,37,0.072,87,0.127,151,0.184,207,0.253,150,0.197,151,0.194,167,0.207,154,0.188,188,0.227,171,0.209,181,0.217,195,0.212,173,0.176,167,0.185,208,0.242,236,0.286,200,0.263,152,0.251,161,0.256,81,0.237,65,0.292,49,0.291,46,0.221,41,0.124,37,0.074,64,0.099,84,0.11,124,0.164,106,0.146,112,0.152,148,0.187,130,0.162,143,0.172,197,0.231,133,0.152,187,0.2,252,0.253,196,0.21,154,0.182,195,0.239,199,0.255,175,0.248,255,0.31,140,0.27,130,0.337,93,0.322,79,0.316,33,0.13,57,0.161,53,0.117,72,0.132,69,0.107,93,0.13,115,0.149,162,0.197,168,0.203,153,0.183,165,0.189,203,0.225,241,0.252,237,0.239,248,0.267,223,0.239,225,0.244,218,0.248,196,0.236
Region 8,Region 6,38,0.084,19,0.077,11,0.065,13,0.093,12,0.065,15,0.046,24,0.046,16,0.023,23,0.028,23,0.028,12,0.017,13,0.018,11,0.015,16,0.02,21,0.026,13,0.016,18,0.022,22,0.024,26,0.027,35,0.04,34,0.042,47,0.06,45,0.063,34,0.06,31,0.058,32,0.12,19,0.109,11,0.078,19,0.098,17,0.051,18,0.035,23,0.033,25,0.03,23,0.028,26,0.034,21,0.027,29,0.036,18,0.022,14,0.017,22,0.027,11,0.013,20,0.022,43,0.044,38,0.042,35,0.041,48,0.058,60,0.079,50,0.083,56,0.089,49,0.143,24,0.108,10,0.059,20,0.096,15,0.045,24,0.048,27,0.042,19,0.025,22,0.029,17,0.023,26,0.035,21,0.027,23,0.029,25,0.03,22,0.026,25,0.029,31,0.033,40,0.04,49,0.052,41,0.048,33,0.04,52,0.067,53,0.075,76,0.092,59,0.114,46,0.119,31,0.107,24,0.096,14,0.055,15,0.042,15,0.033,20,0.037,25,0.039,24,0.033,21,0.027,16,0.019,20,0.024,33,0.039,23,0.026,31,0.034,51,0.053,50,0.05,46,0.049,52,0.056,52,0.056,46,0.052,62,0.075
Region 8,Region 7,113,0.248,52,0.211,38,0.226,16,0.115,26,0.14,37,0.113,64,0.122,118,0.173,228,0.281,229,0.282,237,0.329,179,0.247,167,0.222,219,0.277,236,0.291,231,0.283,279,0.335,246,0.271,335,0.346,291,0.336,291,0.36,294,0.377,269,0.378,191,0.334,150,0.28,70,0.261,39,0.225,34,0.24,33,0.169,36,0.108,68,0.132,129,0.188,215,0.262,218,0.267,204,0.268,218,0.28,219,0.271,239,0.292,220,0.265,229,0.28,265,0.318,314,0.341,357,0.364,384,0.426,357,0.415,346,0.419,309,0.406,275,0.454,238,0.379,136,0.398,85,0.381,57,0.338,46,0.221,41,0.124,52,0.104,127,0.196,174,0.228,196,0.26,204,0.28,198,0.268,236,0.298,220,0.274,212,0.255,262,0.308,287,0.328,265,0.283,345,0.347,390,0.418,347,0.41,318,0.389,310,0.397,290,0.411,339,0.412,280,0.541,180,0.466,125,0.433,74,0.296,33,0.13,46,0.13,52,0.114,81,0.148,103,0.16,138,0.193,192,0.249,200,0.243,205,0.248,208,0.249,245,0.281,300,0.332,301,0.315,342,0.345,389,0.418,383,0.41,347,0.376,368,0.419,338,0.407
Region 8,Region 8,540,1.187,240,0.972,124,0.737,100,0.719,151,0.815,314,0.957,764,1.456,1373,2.009,1964,2.42,1738,2.141,1543,2.144,1680,2.321,1735,2.308,1673,2.118,1727,2.126,1703,2.089,1949,2.343,2069,2.282,2192,2.266,2092,2.414,1824,2.257,1525,1.955,1199,1.686,749,1.312,691,1.29,305,1.139,164,0.945,118,0.832,215,1.104,375,1.127,730,1.418,1298,1.888,1837,2.24,1634,2,1501,1.974,1628,2.089,1839,2.277,1788,2.187,1749,2.108,1779,2.172,1924,2.311,2262,2.46,2539,2.586,2194,2.432,2011,2.335,1788,2.166,1538,2.02,1082,1.786,1110,1.767,536,1.568,288,1.292,156,0.925,170,0.815,307,0.929,713,1.432,1137,1.751,1619,2.12,1602,2.123,1593,2.189,1723,2.333,1899,2.399,1845,2.297,1958,2.356,2068,2.428,2150,2.461,2369,2.531,2482,2.493,2399,2.569,2049,2.423,1944,2.381,1844,2.362,1551,2.197,1758,2.138,1117,2.158,964,2.498,466,1.613,236,0.944,259,1.018,374,1.057,668,1.47,1025,1.878,1428,2.218,1706,2.38,1879,2.433,2017,2.452,2192,2.655,2170,2.596,2231,2.555,2271,2.513,2545,2.665,2772,2.793,2689,2.89,2641,2.827,2566,2.783,2533,2.881,2409,2.898
Region 8,Region 9,4,0.009,3,0.012,1,0.006,0,0,1,0.005,0,0,3,0.006,5,0.007,0,0,3,0.004,6,0.008,5,0.007,6,0.008,5,0.006,2,0.002,8,0.01,10,0.012,8,0.009,2,0.002,18,0.021,7,0.009,5,0.006,7,0.01,8,0.014,8,0.015,7,0.026,1,0.006,3,0.021,1,0.005,1,0.003,3,0.006,6,0.009,3,0.004,4,0.005,2,0.003,4,0.005,8,0.01,1,0.001,8,0.01,3,0.004,5,0.006,2,0.002,1,0.001,4,0.004,6,0.007,11,0.013,5,0.007,11,0.018,9,0.014,5,0.015,4,0.018,3,0.018,1,0.005,3,0.009,2,0.004,3,0.005,8,0.01,3,0.004,4,0.005,5,0.007,6,0.008,6,0.007,4,0.005,7,0.008,4,0.005,18,0.019,5,0.005,6,0.006,4,0.005,9,0.011,8,0.01,12,0.017,3,0.004,8,0.015,10,0.026,7,0.024,5,0.02,1,0.004,3,0.008,2,0.004,1,0.002,3,0.005,1,0.001,9,0.012,6,0.007,7,0.008,4,0.005,8,0.009,3,0.003,3,0.003,6,0.006,4,0.004,12,0.013,14,0.015,10,0.011,18,0.022
Region 8,Region 10,136,0.299,57,0.231,26,0.155,14,0.101,19,0.103,43,0.131,72,0.137,163,0.238,236,0.291,312,0.384,245,0.34,220,0.304,232,0.309,235,0.297,217,0.267,215,0.264,223,0.268,266,0.293,333,0.344,311,0.359,314,0.389,278,0.356,276,0.388,212,0.371,163,0.304,100,0.374,49,0.282,38,0.268,40,0.205,38,0.114,84,0.163,136,0.198,207,0.252,266,0.326,268,0.352,260,0.334,266,0.329,228,0.279,227,0.274,183,0.223,227,0.273,216,0.235,319,0.325,327,0.363,297,0.345,334,0.405,332,0.436,258,0.426,290,0.462,159,0.465,92,0.413,55,0.326,27,0.129,26,0.079,70,0.141,122,0.188,188,0.246,216,0.286,225,0.309,154,0.208,191,0.241,219,0.273,195,0.235,180,0.211,213,0.244,234,0.25,366,0.368,388,0.416,352,0.416,383,0.469,330,0.423,344,0.487,423,0.514,296,0.572,190,0.492,122,0.422,78,0.312,27,0.106,29,0.082,39,0.086,95,0.174,108,0.168,141,0.197,178,0.23,170,0.207,207,0.251,199,0.238,233,0.267,247,0.273,317,0.332,371,0.374,380,0.408,365,0.391,312,0.338,299,0.34,381,0.458
Region 8,Region 11,11,0.024,3,0.012,7,0.042,1,0.007,1,0.005,2,0.006,0,0,3,0.004,9,0.011,22,0.027,10,0.014,12,0.017,7,0.009,7,0.009,9,0.011,10,0.012,8,0.01,7,0.008,12,0.012,14,0.016,20,0.025,27,0.035,28,0.039,16,0.028,16,0.03,5,0.019,5,0.029,1,0.007,1,0.005,3,0.009,3,0.006,10,0.015,8,0.01,7,0.009,8,0.011,7,0.009,11,0.014,8,0.01,8,0.01,13,0.016,7,0.008,7,0.008,6,0.006,13,0.014,16,0.019,18,0.022,22,0.029,24,0.04,21,0.033,14,0.041,6,0.027,3,0.018,1,0.005,2,0.006,2,0.004,7,0.011,10,0.013,10,0.013,17,0.023,20,0.027,19,0.024,9,0.011,15,0.018,17,0.02,18,0.021,16,0.017,21,0.021,15,0.016,23,0.027,11,0.013,17,0.022,14,0.02,17,0.021,27,0.052,14,0.036,11,0.038,3,0.012,0,0,2,0.006,5,0.011,7,0.013,9,0.014,7,0.01,7,0.009,11,0.013,14,0.017,14,0.017,9,0.01,11,0.012,21,0.022,15,0.015,13,0.014,16,0.017,17,0.018,18,0.02,21,0.025
Region 8,Region 12,4,0.009,2,0.008,4,0.024,3,0.022,0,0,0,0,1,0.002,2,0.003,11,0.014,3,0.004,5,0.007,7,0.01,2,0.003,3,0.004,4,0.005,2,0.002,14,0.017,7,0.008,2,0.002,9,0.01,5,0.006,2,0.003,14,0.02,11,0.019,4,0.007,4,0.015,2,0.012,4,0.028,3,0.015,2,0.006,1,0.002,3,0.004,5,0.006,4,0.005,7,0.009,4,0.005,1,0.001,3,0.004,4,0.005,10,0.012,5,0.006,6,0.007,4,0.004,6,0.007,8,0.009,13,0.016,9,0.012,16,0.026,6,0.01,10,0.029,8,0.036,3,0.018,6,0.029,3,0.009,4,0.008,10,0.015,5,0.007,8,0.011,6,0.008,5,0.007,2,0.003,4,0.005,6,0.007,7,0.008,11,0.013,14,0.015,7,0.007,10,0.011,8,0.009,10,0.012,12,0.015,13,0.018,15,0.018,13,0.025,5,0.013,2,0.007,3,0.012,5,0.02,4,0.011,17,0.037,7,0.013,4,0.006,5,0.007,7,0.009,3,0.004,3,0.004,3,0.004,5,0.006,3,0.003,5,0.005,5,0.005,3,0.003,14,0.015,11,0.012,8,0.009,17,0.02
Region 8,Region 13,0,0,0,0,0,0,0,0,0,0,0,0,0,0,0,0,0,0,0,0,0,0,0,0,0,0,0,0,0,0,0,0,0,0,0,0,0,0,0,0,0,0,0,0,0,0,0,0,0,0,0,0,0,0,0,0,0,0,0,0,0,0,0,0,0,0,0,0,0,0,0,0,0,0,0,0,0,0,0,0,0,0,0,0,0,0,0,0,0,0,0,0,0,0,0,0,0,0,0,0,0,0,0,0,0,0,0,0,0,0,0,0,0,0,0,0,0,0,0,0,0,0,0,0,0,0,0,0,0,0,0,0,0,0,0,0,0,0,0,0,0,0,0,0,0,0,0,0,0,0,0,0,0,0,0,0,0,0,0,0,0,0,0,0,0,0,0,0,0,0,0,0,0,0,0,0,0,0,0,0,0,0,0,0,0,0,0,0,0,0,0,0
Region 8,Region 14,14,0.031,2,0.008,0,0,2,0.014,2,0.011,0,0,1,0.002,5,0.007,8,0.01,4,0.005,7,0.01,12,0.017,7,0.009,6,0.008,5,0.006,14,0.017,11,0.013,10,0.011,20,0.021,15,0.017,24,0.03,13,0.017,23,0.032,14,0.025,19,0.035,10,0.037,3,0.017,3,0.021,1,0.005,0,0,3,0.006,7,0.01,8,0.01,1,0.001,3,0.004,11,0.014,7,0.009,5,0.006,4,0.005,12,0.015,23,0.028,9,0.01,11,0.011,10,0.011,25,0.029,14,0.017,15,0.02,29,0.048,16,0.025,11,0.032,7,0.031,5,0.03,1,0.005,3,0.009,3,0.006,4,0.006,8,0.01,4,0.005,13,0.018,12,0.016,12,0.015,6,0.007,11,0.013,10,0.012,13,0.015,13,0.014,15,0.015,14,0.015,17,0.02,11,0.013,16,0.02,16,0.023,28,0.034,21,0.041,15,0.039,12,0.042,1,0.004,1,0.004,1,0.003,3,0.007,8,0.015,10,0.016,13,0.018,3,0.004,5,0.006,7,0.008,8,0.01,7,0.008,12,0.013,8,0.008,4,0.004,9,0.01,7,0.007,17,0.018,15,0.017,21,0.025
Region 8,Region 15,9,0.02,1,0.004,2,0.012,1,0.007,1,0.005,4,0.012,2,0.004,4,0.006,6,0.007,3,0.004,3,0.004,2,0.003,5,0.007,3,0.004,5,0.006,9,0.011,4,0.005,6,0.007,4,0.004,3,0.003,10,0.012,12,0.015,12,0.017,6,0.011,15,0.028,3,0.011,8,0.046,4,0.028,0,0,3,0.009,1,0.002,1,0.001,1,0.001,6,0.007,1,0.001,6,0.008,5,0.006,3,0.004,1,0.001,4,0.005,6,0.007,10,0.011,5,0.005,2,0.002,14,0.016,17,0.021,11,0.014,16,0.026,21,0.033,8,0.023,5,0.022,0,0,2,0.01,0,0,2,0.004,1,0.002,3,0.004,5,0.007,7,0.01,4,0.005,6,0.008,6,0.007,2,0.002,6,0.007,5,0.006,5,0.005,10,0.01,9,0.01,9,0.011,7,0.009,9,0.012,14,0.02,17,0.021,11,0.021,10,0.026,9,0.031,6,0.024,2,0.008,1,0.003,2,0.004,2,0.004,0,0,3,0.004,5,0.006,3,0.004,5,0.006,3,0.004,9,0.01,7,0.008,4,0.004,6,0.006,7,0.008,12,0.013,14,0.015,15,0.017,18,0.022
Region 8,Region 16,22,0.048,11,0.045,4,0.024,2,0.014,5,0.027,7,0.021,21,0.04,34,0.05,40,0.049,32,0.039,36,0.05,38,0.053,47,0.063,62,0.078,46,0.057,50,0.061,73,0.088,76,0.084,75,0.078,77,0.089,60,0.074,81,0.104,67,0.094,50,0.088,31,0.058,18,0.067,11,0.063,3,0.021,3,0.015,8,0.024,20,0.039,18,0.026,37,0.045,32,0.039,32,0.042,40,0.051,42,0.052,51,0.062,42,0.051,65,0.079,65,0.078,73,0.079,59,0.06,56,0.062,55,0.064,73,0.088,89,0.117,68,0.112,33,0.053,41,0.12,9,0.04,8,0.047,6,0.029,7,0.021,22,0.044,29,0.045,48,0.063,37,0.049,55,0.076,61,0.083,42,0.053,49,0.061,56,0.067,69,0.081,109,0.125,78,0.083,93,0.093,92,0.099,66,0.078,55,0.067,68,0.087,62,0.088,45,0.055,58,0.112,40,0.104,11,0.038,7,0.028,10,0.039,11,0.031,19,0.042,32,0.059,30,0.047,37,0.052,42,0.054,60,0.073,75,0.091,48,0.057,52,0.06,65,0.072,70,0.073,68,0.069,67,0.072,78,0.083,73,0.079,68,0.077,56,0.067
Region 9,Region 0,272,0.598,106,0.429,74,0.44,52,0.374,63,0.34,133,0.405,296,0.564,466,0.682,508,0.626,464,0.572,454,0.631,462,0.638,460,0.612,518,0.656,575,0.708,643,0.789,821,0.987,815,0.899,738,0.763,560,0.646,416,0.515,416,0.533,396,0.557,304,0.532,349,0.651,110,0.411,95,0.547,62,0.437,92,0.472,159,0.478,312,0.606,493,0.717,566,0.69,473,0.579,489,0.643,465,0.597,531,0.657,571,0.699,660,0.795,695,0.849,643,0.773,716,0.779,759,0.773,591,0.655,567,0.658,554,0.671,472,0.62,351,0.579,293,0.466,136,0.398,81,0.364,56,0.332,76,0.364,136,0.411,292,0.586,451,0.694,468,0.613,468,0.62,466,0.64,521,0.705,525,0.663,546,0.68,685,0.824,736,0.864,767,0.878,799,0.854,489,0.491,366,0.392,395,0.467,354,0.434,332,0.425,268,0.38,349,0.424,194,0.375,113,0.293,93,0.322,122,0.488,136,0.535,185,0.523,294,0.647,422,0.773,550,0.854,631,0.88,588,0.761,662,0.805,676,0.819,571,0.683,639,0.732,679,0.751,701,0.734,676,0.681,571,0.614,544,0.582,567,0.615,510,0.58,486,0.585
Region 9,Region 1,38,0.084,16,0.065,20,0.119,9,0.065,18,0.097,33,0.101,69,0.131,67,0.098,94,0.116,79,0.097,50,0.069,38,0.053,48,0.064,57,0.072,36,0.044,54,0.066,46,0.055,48,0.053,54,0.056,53,0.061,52,0.064,66,0.085,54,0.076,47,0.082,51,0.095,31,0.116,14,0.081,12,0.085,18,0.092,44,0.132,60,0.117,77,0.112,110,0.134,68,0.083,62,0.082,55,0.071,54,0.067,41,0.05,36,0.043,34,0.042,40,0.048,47,0.051,31,0.032,49,0.054,51,0.059,72,0.087,78,0.102,53,0.087,51,0.081,37,0.108,19,0.085,13,0.077,23,0.11,50,0.151,61,0.122,60,0.092,65,0.085,46,0.061,51,0.07,35,0.047,51,0.064,41,0.051,32,0.039,42,0.049,48,0.055,55,0.059,54,0.054,48,0.051,48,0.057,47,0.058,53,0.068,33,0.047,51,0.062,38,0.073,22,0.057,19,0.066,20,0.08,32,0.126,41,0.116,31,0.068,32,0.059,29,0.045,39,0.054,39,0.05,49,0.06,57,0.069,50,0.06,55,0.063,71,0.079,59,0.062,65,0.065,72,0.077,69,0.074,73,0.079,68,0.077,54,0.065
Region 9,Region 2,45,0.099,40,0.162,16,0.095,33,0.237,57,0.308,76,0.232,119,0.227,119,0.174,120,0.148,130,0.16,88,0.122,96,0.133,121,0.161,120,0.152,125,0.154,100,0.123,107,0.129,95,0.105,99,0.102,85,0.098,103,0.127,63,0.081,101,0.142,62,0.109,46,0.086,38,0.142,19,0.109,32,0.226,58,0.298,62,0.186,92,0.179,101,0.147,129,0.157,108,0.132,135,0.178,86,0.11,116,0.144,103,0.126,87,0.105,101,0.123,100,0.12,123,0.134,124,0.126,107,0.119,72,0.084,119,0.144,79,0.104,85,0.14,59,0.094,40,0.117,38,0.171,30,0.178,71,0.34,94,0.284,129,0.259,125,0.192,133,0.174,94,0.125,107,0.147,97,0.131,106,0.134,99,0.123,109,0.131,127,0.149,146,0.167,149,0.159,138,0.139,142,0.152,96,0.114,86,0.105,79,0.101,93,0.132,114,0.139,60,0.116,47,0.122,33,0.114,49,0.196,68,0.267,76,0.215,88,0.194,73,0.134,104,0.162,105,0.147,117,0.151,109,0.133,148,0.179,121,0.145,134,0.153,112,0.124,134,0.14,119,0.12,119,0.128,126,0.135,97,0.105,112,0.127,124,0.149
Region 9,Region 3,496,1.09,247,1,144,0.856,130,0.935,145,0.783,196,0.597,348,0.663,550,0.805,670,0.826,610,0.751,615,0.855,701,0.969,773,1.028,883,1.118,1000,1.231,1139,1.397,1109,1.333,1077,1.188,996,1.029,840,0.969,689,0.853,830,1.064,855,1.202,549,0.961,544,1.015,239,0.893,161,0.927,102,0.719,142,0.729,198,0.595,339,0.658,591,0.86,700,0.854,597,0.731,673,0.885,698,0.896,784,0.971,894,1.094,978,1.179,1156,1.411,1173,1.409,1138,1.238,1077,1.097,938,1.04,804,0.934,906,1.098,817,1.073,544,0.898,587,0.934,261,0.764,175,0.785,160,0.949,164,0.786,201,0.608,345,0.693,547,0.842,657,0.86,719,0.953,690,0.948,795,1.076,850,1.074,881,1.097,961,1.157,1152,1.353,1156,1.323,1094,1.169,872,0.876,740,0.792,649,0.768,633,0.775,595,0.762,580,0.822,801,0.974,408,0.788,241,0.625,208,0.72,195,0.78,243,0.955,372,1.052,564,1.241,677,1.24,791,1.229,922,1.286,1084,1.403,1175,1.428,1020,1.235,1062,1.27,1005,1.151,1112,1.231,1103,1.155,946,0.953,938,1.008,896,0.959,717,0.778,730,0.83,822,0.989
Region 9,Region 4,28,0.062,9,0.036,3,0.018,5,0.036,7,0.038,19,0.058,26,0.05,36,0.053,28,0.035,27,0.033,20,0.028,25,0.035,8,0.011,18,0.023,18,0.022,25,0.031,24,0.029,12,0.013,13,0.013,18,0.021,21,0.026,24,0.031,17,0.024,20,0.035,25,0.047,9,0.034,5,0.029,3,0.021,9,0.046,20,0.06,35,0.068,39,0.057,42,0.051,23,0.028,25,0.033,14,0.018,21,0.026,15,0.018,15,0.018,13,0.016,24,0.029,16,0.017,15,0.015,21,0.023,23,0.027,29,0.035,37,0.049,28,0.046,22,0.035,16,0.047,6,0.027,4,0.024,12,0.058,24,0.073,23,0.046,45,0.069,25,0.033,21,0.028,31,0.043,24,0.032,37,0.047,27,0.034,24,0.029,21,0.025,27,0.031,21,0.022,34,0.034,36,0.039,21,0.025,17,0.021,14,0.018,20,0.028,24,0.029,17,0.033,9,0.023,8,0.028,4,0.016,8,0.031,22,0.062,24,0.053,22,0.04,16,0.025,17,0.024,24,0.031,24,0.029,33,0.04,19,0.023,21,0.024,24,0.027,18,0.019,25,0.025,24,0.026,24,0.026,25,0.027,20,0.023,28,0.034
Region 9,Region 5,14,0.031,11,0.045,10,0.059,8,0.058,6,0.032,17,0.052,50,0.095,42,0.061,88,0.108,40,0.049,24,0.033,30,0.041,33,0.044,32,0.041,35,0.043,28,0.034,22,0.026,34,0.038,39,0.04,34,0.039,28,0.035,39,0.05,54,0.076,35,0.061,28,0.052,17,0.064,11,0.063,7,0.049,11,0.056,27,0.081,41,0.08,64,0.093,79,0.096,58,0.071,38,0.05,43,0.055,42,0.052,39,0.048,37,0.045,30,0.037,46,0.055,22,0.024,25,0.025,24,0.027,27,0.031,42,0.051,36,0.047,25,0.041,25,0.04,18,0.053,9,0.04,8,0.047,12,0.058,24,0.073,42,0.084,40,0.062,41,0.054,45,0.06,28,0.038,25,0.034,20,0.025,22,0.027,31,0.037,35,0.041,33,0.038,33,0.035,41,0.041,52,0.056,44,0.052,31,0.038,42,0.054,30,0.042,39,0.047,23,0.044,14,0.036,11,0.038,13,0.052,12,0.047,32,0.09,25,0.055,29,0.053,40,0.062,29,0.04,25,0.032,36,0.044,20,0.024,26,0.031,37,0.042,38,0.042,57,0.06,58,0.058,54,0.058,59,0.063,35,0.038,41,0.047,40,0.048
Region 9,Region 6,13,0.029,3,0.012,4,0.024,4,0.029,4,0.022,8,0.024,6,0.011,11,0.016,7,0.009,7,0.009,6,0.008,12,0.017,14,0.019,6,0.008,3,0.004,5,0.006,7,0.008,3,0.003,13,0.013,5,0.006,16,0.02,12,0.015,14,0.02,12,0.021,16,0.03,9,0.034,1,0.006,0,0,3,0.015,13,0.039,11,0.021,6,0.009,17,0.021,13,0.016,12,0.016,4,0.005,11,0.014,9,0.011,5,0.006,11,0.013,9,0.011,10,0.011,8,0.008,7,0.008,10,0.012,9,0.011,18,0.024,15,0.025,13,0.021,11,0.032,3,0.013,1,0.006,7,0.034,12,0.036,18,0.036,14,0.022,5,0.007,11,0.015,10,0.014,10,0.014,13,0.016,11,0.014,13,0.016,10,0.012,14,0.016,12,0.013,16,0.016,15,0.016,19,0.022,16,0.02,19,0.024,24,0.034,15,0.018,14,0.027,7,0.018,9,0.031,8,0.032,4,0.016,8,0.023,7,0.015,8,0.015,9,0.014,17,0.024,14,0.018,22,0.027,11,0.013,14,0.017,11,0.013,7,0.008,19,0.02,19,0.019,15,0.016,17,0.018,27,0.029,18,0.02,20,0.024
Region 9,Region 7,6,0.013,2,0.008,7,0.042,5,0.036,5,0.027,13,0.04,30,0.057,53,0.078,42,0.052,41,0.051,20,0.028,13,0.018,34,0.045,25,0.032,26,0.032,21,0.026,17,0.02,17,0.019,26,0.027,21,0.024,14,0.017,23,0.029,28,0.039,15,0.026,18,0.034,9,0.034,6,0.035,6,0.042,9,0.046,18,0.054,27,0.052,41,0.06,46,0.056,44,0.054,22,0.029,25,0.032,25,0.031,25,0.031,23,0.028,31,0.038,22,0.026,19,0.021,17,0.017,17,0.019,25,0.029,31,0.038,31,0.041,18,0.03,17,0.027,10,0.029,4,0.018,9,0.053,6,0.029,19,0.057,38,0.076,49,0.075,34,0.045,38,0.05,15,0.021,22,0.03,18,0.023,25,0.031,32,0.039,18,0.021,20,0.023,25,0.027,36,0.036,25,0.027,15,0.018,18,0.022,21,0.027,21,0.03,38,0.046,21,0.041,13,0.034,8,0.028,11,0.044,15,0.059,25,0.071,30,0.066,18,0.033,18,0.028,22,0.031,26,0.034,29,0.035,33,0.04,26,0.031,22,0.025,23,0.025,24,0.025,29,0.029,44,0.047,37,0.04,26,0.028,32,0.036,26,0.031
Region 9,Region 8,1,0.002,0,0,3,0.018,0,0,3,0.016,7,0.021,5,0.01,11,0.016,16,0.02,22,0.027,10,0.014,6,0.008,5,0.007,2,0.003,4,0.005,8,0.01,11,0.013,6,0.007,5,0.005,5,0.006,6,0.007,10,0.013,13,0.018,2,0.004,2,0.004,1,0.004,2,0.012,0,0,1,0.005,4,0.012,6,0.012,14,0.02,16,0.02,17,0.021,3,0.004,8,0.01,7,0.009,4,0.005,3,0.004,5,0.006,9,0.011,12,0.013,6,0.006,8,0.009,5,0.006,8,0.01,11,0.014,7,0.012,2,0.003,4,0.012,1,0.004,2,0.012,2,0.01,3,0.009,8,0.016,4,0.006,12,0.016,9,0.012,1,0.001,7,0.009,6,0.008,5,0.006,6,0.007,4,0.005,7,0.008,7,0.007,13,0.013,7,0.007,11,0.013,4,0.005,8,0.01,4,0.006,10,0.012,6,0.012,1,0.003,2,0.007,1,0.004,0,0,9,0.025,1,0.002,4,0.007,7,0.011,9,0.013,9,0.012,8,0.01,9,0.011,6,0.007,12,0.014,11,0.012,12,0.013,13,0.013,10,0.011,12,0.013,17,0.018,12,0.014,13,0.016
Region 9,Region 9,663,1.457,334,1.352,193,1.147,187,1.345,166,0.896,265,0.808,612,1.166,868,1.27,1082,1.333,1068,1.316,1005,1.397,977,1.35,998,1.328,1023,1.295,1029,1.267,1228,1.506,1180,1.418,1243,1.371,1348,1.393,1087,1.254,927,1.147,864,1.107,920,1.294,744,1.303,764,1.426,387,1.446,231,1.33,180,1.27,177,0.909,289,0.869,558,1.084,907,1.32,1231,1.501,1129,1.382,1024,1.347,1077,1.382,1125,1.393,1163,1.423,1116,1.345,1200,1.465,1306,1.569,1295,1.408,1463,1.49,1160,1.286,959,1.114,1020,1.236,916,1.203,741,1.223,856,1.363,382,1.118,282,1.266,174,1.032,181,0.868,289,0.874,525,1.054,921,1.418,1138,1.49,1141,1.512,998,1.372,1046,1.416,1097,1.386,1102,1.372,1135,1.366,1195,1.403,1207,1.382,1274,1.361,1295,1.301,1110,1.189,1077,1.274,1055,1.292,998,1.279,893,1.265,1033,1.256,556,1.074,417,1.081,328,1.135,287,1.148,264,1.038,420,1.187,546,1.202,688,1.26,798,1.24,975,1.36,1072,1.388,1192,1.449,1268,1.536,1147,1.372,1234,1.413,1251,1.384,1193,1.249,1237,1.246,1219,1.31,1247,1.335,1252,1.358,1161,1.32,1134,1.364
Region 9,Region 10,7,0.015,7,0.028,2,0.012,3,0.022,5,0.027,16,0.049,28,0.053,32,0.047,46,0.057,41,0.051,11,0.015,25,0.035,14,0.019,12,0.015,14,0.017,12,0.015,12,0.014,14,0.015,13,0.013,14,0.016,12,0.015,15,0.019,17,0.024,14,0.025,15,0.028,3,0.011,6,0.035,3,0.021,3,0.015,10,0.03,26,0.05,63,0.092,50,0.061,28,0.034,31,0.041,17,0.022,14,0.017,21,0.026,22,0.027,18,0.022,8,0.01,17,0.018,9,0.009,10,0.011,17,0.02,24,0.029,16,0.021,6,0.01,13,0.021,3,0.009,3,0.013,1,0.006,5,0.024,9,0.027,28,0.056,20,0.031,35,0.046,25,0.033,34,0.047,13,0.018,16,0.02,16,0.02,12,0.014,14,0.016,16,0.018,19,0.02,18,0.018,15,0.016,17,0.02,13,0.016,16,0.02,14,0.02,11,0.013,6,0.012,6,0.016,9,0.031,5,0.02,6,0.024,21,0.059,15,0.033,16,0.029,17,0.026,21,0.029,19,0.025,16,0.019,18,0.022,15,0.018,18,0.021,21,0.023,14,0.015,18,0.018,11,0.012,20,0.021,17,0.018,21,0.024,17,0.02
Region 9,Region 11,10,0.022,3,0.012,0,0,2,0.014,4,0.022,8,0.024,28,0.053,33,0.048,37,0.046,38,0.047,26,0.036,29,0.04,25,0.033,24,0.03,27,0.033,25,0.031,20,0.024,25,0.028,38,0.039,15,0.017,12,0.015,10,0.013,19,0.027,11,0.019,10,0.019,3,0.011,2,0.012,2,0.014,4,0.021,6,0.018,32,0.062,41,0.06,48,0.059,42,0.051,25,0.033,17,0.022,39,0.048,32,0.039,21,0.025,28,0.034,24,0.029,30,0.033,25,0.025,22,0.024,25,0.029,19,0.023,17,0.022,13,0.021,5,0.008,7,0.02,3,0.013,4,0.024,7,0.034,14,0.042,28,0.056,35,0.054,41,0.054,30,0.04,30,0.041,23,0.031,31,0.039,25,0.031,23,0.028,17,0.02,25,0.029,33,0.035,28,0.028,27,0.029,25,0.03,16,0.02,23,0.029,11,0.016,12,0.015,5,0.01,2,0.005,8,0.028,6,0.024,3,0.012,20,0.057,12,0.026,20,0.037,22,0.034,17,0.024,18,0.023,18,0.022,25,0.03,16,0.019,21,0.024,25,0.028,23,0.024,28,0.028,18,0.019,21,0.022,15,0.016,6,0.007,13,0.016
Region 9,Region 12,76,0.167,63,0.255,43,0.256,23,0.165,26,0.14,48,0.146,103,0.196,164,0.24,224,0.276,189,0.233,144,0.2,149,0.206,136,0.181,151,0.191,159,0.196,151,0.185,176,0.212,185,0.204,185,0.191,183,0.211,148,0.183,124,0.159,104,0.146,93,0.163,89,0.166,57,0.213,39,0.225,24,0.169,24,0.123,37,0.111,73,0.142,165,0.24,243,0.296,210,0.257,146,0.192,171,0.219,150,0.186,178,0.218,164,0.198,197,0.241,154,0.185,162,0.176,199,0.203,180,0.2,125,0.145,140,0.17,116,0.152,109,0.18,119,0.189,56,0.164,38,0.171,25,0.148,23,0.11,40,0.121,83,0.167,135,0.208,185,0.242,182,0.241,133,0.183,156,0.211,157,0.198,165,0.205,167,0.201,177,0.208,199,0.228,200,0.214,219,0.22,180,0.193,161,0.19,141,0.173,134,0.172,120,0.17,140,0.17,90,0.174,62,0.161,49,0.17,40,0.16,40,0.157,71,0.201,80,0.176,86,0.158,102,0.158,101,0.141,107,0.139,149,0.181,179,0.217,168,0.201,153,0.175,169,0.187,177,0.185,158,0.159,146,0.157,174,0.186,171,0.185,167,0.19,171,0.206
Region 9,Region 13,0,0,0,0,0,0,0,0,0,0,0,0,0,0,0,0,0,0,0,0,0,0,0,0,0,0,0,0,0,0,0,0,0,0,0,0,0,0,0,0,0,0,0,0,0,0,0,0,0,0,0,0,0,0,0,0,0,0,0,0,0,0,0,0,0,0,0,0,0,0,0,0,0,0,0,0,0,0,0,0,0,0,0,0,0,0,0,0,0,0,0,0,0,0,0,0,0,0,0,0,0,0,0,0,0,0,0,0,0,0,0,0,0,0,0,0,0,0,0,0,0,0,0,0,0,0,0,0,0,0,0,0,0,0,0,0,0,0,0,0,0,0,0,0,0,0,0,0,0,0,0,0,0,0,0,0,0,0,0,0,0,0,0,0,0,0,0,0,0,0,0,0,0,0,0,0,0,0,0,0,0,0,0,0,0,0,0,0,0,0,0,0
Region 9,Region 14,9,0.02,11,0.045,8,0.048,2,0.014,9,0.049,19,0.058,35,0.067,60,0.088,89,0.11,72,0.089,61,0.085,40,0.055,36,0.048,43,0.054,37,0.046,46,0.056,42,0.05,46,0.051,53,0.055,37,0.043,37,0.046,21,0.027,33,0.046,17,0.03,17,0.032,14,0.052,10,0.058,12,0.085,8,0.041,12,0.036,32,0.062,76,0.111,93,0.113,86,0.105,64,0.084,52,0.067,50,0.062,56,0.069,54,0.065,45,0.055,44,0.053,67,0.073,49,0.05,42,0.047,50,0.058,25,0.03,25,0.033,24,0.04,23,0.037,17,0.05,6,0.027,8,0.047,14,0.067,17,0.051,38,0.076,46,0.071,68,0.089,66,0.087,37,0.051,44,0.06,47,0.059,44,0.055,53,0.064,43,0.05,44,0.05,48,0.051,48,0.048,43,0.046,41,0.048,29,0.036,24,0.031,32,0.045,35,0.043,26,0.05,7,0.018,21,0.073,11,0.044,13,0.051,23,0.065,32,0.07,33,0.06,37,0.057,34,0.047,37,0.048,37,0.045,43,0.052,54,0.065,55,0.063,41,0.045,57,0.06,48,0.048,50,0.054,42,0.045,47,0.051,31,0.035,28,0.034
Region 9,Region 15,37,0.081,24,0.097,8,0.048,5,0.036,12,0.065,23,0.07,51,0.097,90,0.132,112,0.138,92,0.113,72,0.1,65,0.09,65,0.086,64,0.081,59,0.073,73,0.09,89,0.107,83,0.092,91,0.094,61,0.07,63,0.078,50,0.064,54,0.076,36,0.063,47,0.088,18,0.067,14,0.081,6,0.042,11,0.056,15,0.045,38,0.074,65,0.095,72,0.088,98,0.12,80,0.105,73,0.094,77,0.095,68,0.083,81,0.098,76,0.093,91,0.109,67,0.073,87,0.089,69,0.076,54,0.063,52,0.063,56,0.074,48,0.079,50,0.08,27,0.079,19,0.085,15,0.089,13,0.062,22,0.067,45,0.09,76,0.117,90,0.118,76,0.101,83,0.114,78,0.106,81,0.102,80,0.1,80,0.096,86,0.101,76,0.087,86,0.092,99,0.099,69,0.074,59,0.07,60,0.073,62,0.079,47,0.067,69,0.084,30,0.058,21,0.054,19,0.066,17,0.068,17,0.067,22,0.062,44,0.097,49,0.09,68,0.106,71,0.099,82,0.106,73,0.089,78,0.094,73,0.087,74,0.085,95,0.105,84,0.088,91,0.092,79,0.085,90,0.096,86,0.093,79,0.09,74,0.089
Region 9,Region 16,29,0.064,6,0.024,7,0.042,6,0.043,17,0.092,21,0.064,62,0.118,70,0.102,100,0.123,95,0.117,53,0.074,50,0.069,39,0.052,51,0.065,46,0.057,43,0.053,38,0.046,61,0.067,54,0.056,56,0.065,40,0.049,45,0.058,53,0.075,28,0.049,30,0.056,14,0.052,12,0.069,8,0.056,7,0.036,21,0.063,48,0.093,88,0.128,107,0.13,94,0.115,63,0.083,44,0.056,55,0.068,48,0.059,39,0.047,50,0.061,58,0.07,59,0.064,86,0.088,76,0.084,46,0.053,60,0.073,46,0.06,30,0.05,37,0.059,13,0.038,17,0.076,11,0.065,6,0.029,16,0.048,38,0.076,60,0.092,74,0.097,62,0.082,58,0.08,54,0.073,38,0.048,28,0.035,49,0.059,63,0.074,58,0.066,68,0.073,65,0.065,49,0.052,43,0.051,43,0.053,38,0.049,25,0.035,42,0.051,21,0.041,20,0.052,20,0.069,14,0.056,19,0.075,31,0.088,39,0.086,47,0.086,37,0.057,50,0.07,40,0.052,63,0.077,54,0.065,49,0.059,66,0.076,63,0.07,53,0.055,57,0.057,65,0.07,60,0.064,38,0.041,34,0.039,44,0.053
Region 10,Region 0,37,0.081,14,0.057,5,0.03,8,0.058,6,0.032,18,0.055,23,0.044,42,0.061,36,0.044,26,0.032,28,0.039,33,0.046,36,0.048,24,0.03,28,0.034,47,0.058,43,0.052,58,0.064,55,0.057,67,0.077,75,0.093,81,0.104,70,0.098,69,0.121,46,0.086,24,0.09,11,0.063,9,0.063,9,0.046,14,0.042,24,0.047,53,0.077,42,0.051,27,0.033,35,0.046,31,0.04,35,0.043,33,0.04,57,0.069,34,0.042,56,0.067,51,0.055,35,0.036,38,0.042,70,0.081,80,0.097,70,0.092,61,0.101,51,0.081,38,0.111,18,0.081,13,0.077,11,0.053,15,0.045,29,0.058,41,0.063,36,0.047,33,0.044,42,0.058,46,0.062,53,0.067,80,0.1,71,0.085,61,0.072,59,0.068,60,0.064,51,0.051,43,0.046,53,0.063,35,0.043,61,0.078,37,0.052,55,0.067,44,0.085,34,0.088,49,0.17,20,0.08,15,0.059,27,0.076,46,0.101,56,0.103,77,0.12,45,0.063,50,0.065,54,0.066,50,0.061,54,0.065,61,0.07,68,0.075,38,0.04,43,0.043,57,0.061,83,0.089,86,0.093,94,0.107,91,0.109
Region 10,Region 1,247,0.543,176,0.713,105,0.624,89,0.64,86,0.464,209,0.637,369,0.703,449,0.657,459,0.566,405,0.499,287,0.399,230,0.318,269,0.358,299,0.378,279,0.343,258,0.316,306,0.368,350,0.386,408,0.422,386,0.445,438,0.542,492,0.631,512,0.72,382,0.669,341,0.636,198,0.74,124,0.714,97,0.684,110,0.565,192,0.577,362,0.703,478,0.695,443,0.54,343,0.42,237,0.312,270,0.347,278,0.344,229,0.28,293,0.353,313,0.382,311,0.374,367,0.399,386,0.393,319,0.354,353,0.41,441,0.534,480,0.63,400,0.66,479,0.763,292,0.854,248,1.113,133,0.789,91,0.436,147,0.445,263,0.528,362,0.557,369,0.483,268,0.355,263,0.361,330,0.447,297,0.375,351,0.437,374,0.45,427,0.501,447,0.512,427,0.456,429,0.431,401,0.429,360,0.426,423,0.518,444,0.569,428,0.606,578,0.703,488,0.943,412,1.068,322,1.114,201,0.804,129,0.507,140,0.396,167,0.368,179,0.328,221,0.343,197,0.275,199,0.258,233,0.283,243,0.294,253,0.303,292,0.334,343,0.38,359,0.376,396,0.399,396,0.426,426,0.456,436,0.473,467,0.531,492,0.592
Region 10,Region 2,34,0.075,14,0.057,9,0.053,13,0.093,8,0.043,10,0.03,13,0.025,12,0.018,19,0.023,17,0.021,21,0.029,26,0.036,17,0.023,25,0.032,14,0.017,10,0.012,11,0.013,25,0.028,21,0.022,31,0.036,19,0.024,57,0.073,44,0.062,19,0.033,33,0.062,16,0.06,15,0.086,16,0.113,18,0.092,15,0.045,15,0.029,15,0.022,8,0.01,10,0.012,19,0.025,21,0.027,16,0.02,23,0.028,20,0.024,15,0.018,14,0.017,19,0.021,12,0.012,21,0.023,25,0.029,28,0.034,42,0.055,32,0.053,35,0.056,29,0.085,14,0.063,9,0.053,18,0.086,16,0.048,16,0.032,10,0.015,16,0.021,16,0.021,16,0.022,27,0.037,30,0.038,31,0.039,23,0.028,31,0.036,31,0.035,24,0.026,21,0.021,21,0.022,21,0.025,22,0.027,44,0.056,52,0.074,53,0.064,31,0.06,24,0.062,36,0.125,21,0.084,11,0.043,15,0.042,13,0.029,13,0.024,21,0.033,21,0.029,15,0.019,16,0.019,26,0.031,22,0.026,16,0.018,13,0.014,19,0.02,23,0.023,26,0.028,27,0.029,37,0.04,46,0.052,49,0.059
Region 10,Region 3,59,0.13,26,0.105,11,0.065,11,0.079,6,0.032,6,0.018,24,0.046,27,0.04,38,0.047,20,0.025,23,0.032,36,0.05,35,0.047,17,0.022,34,0.042,23,0.028,31,0.037,44,0.049,50,0.052,61,0.07,75,0.093,61,0.078,85,0.12,57,0.1,83,0.155,39,0.146,27,0.156,17,0.12,11,0.056,13,0.039,27,0.052,29,0.042,36,0.044,31,0.038,33,0.043,24,0.031,37,0.046,22,0.027,32,0.039,42,0.051,27,0.032,28,0.03,36,0.037,35,0.039,74,0.086,57,0.069,67,0.088,97,0.16,92,0.146,34,0.099,32,0.144,19,0.113,8,0.038,30,0.091,18,0.036,38,0.059,38,0.05,29,0.038,37,0.051,34,0.046,50,0.063,57,0.071,59,0.071,56,0.066,63,0.072,74,0.079,71,0.071,62,0.066,54,0.064,53,0.065,75,0.096,64,0.091,96,0.117,81,0.156,68,0.176,60,0.208,28,0.112,20,0.079,32,0.09,38,0.084,42,0.077,64,0.099,68,0.095,38,0.049,47,0.057,65,0.079,59,0.071,63,0.072,35,0.039,51,0.053,60,0.06,48,0.052,61,0.065,79,0.086,69,0.078,88,0.106
Region 10,Region 4,606,1.332,311,1.259,178,1.058,121,0.87,175,0.945,225,0.686,299,0.57,504,0.737,745,0.918,713,0.878,641,0.891,582,0.804,691,0.919,817,1.034,785,0.966,694,0.851,651,0.783,750,0.827,873,0.902,835,0.964,923,1.142,1016,1.302,833,1.171,617,1.08,609,1.137,355,1.326,215,1.238,159,1.122,172,0.883,220,0.661,242,0.47,395,0.575,593,0.723,753,0.922,763,1.003,759,0.974,808,1,856,1.047,813,0.98,654,0.798,607,0.729,731,0.795,863,0.879,887,0.983,928,1.078,948,1.148,883,1.16,706,1.165,738,1.175,510,1.492,267,1.198,245,1.453,213,1.021,287,0.868,370,0.743,497,0.765,565,0.74,648,0.859,701,0.963,681,0.922,734,0.927,845,1.052,874,1.052,762,0.895,750,0.858,693,0.74,809,0.813,937,1.003,933,1.103,930,1.139,948,1.215,869,1.231,918,1.116,759,1.466,582,1.508,423,1.464,282,1.128,276,1.085,334,0.944,429,0.944,629,1.152,673,1.045,622,0.868,654,0.847,698,0.848,630,0.763,702,0.84,736,0.843,716,0.792,735,0.77,816,0.822,837,0.9,990,1.06,1102,1.195,1164,1.324,1049,1.262
Region 10,Region 5,219,0.481,151,0.611,98,0.582,69,0.496,67,0.362,110,0.335,147,0.28,270,0.395,363,0.447,406,0.5,239,0.332,224,0.309,215,0.286,236,0.299,253,0.311,217,0.266,287,0.345,330,0.364,339,0.35,287,0.331,271,0.335,269,0.345,305,0.429,291,0.51,239,0.446,156,0.583,91,0.524,83,0.585,119,0.611,111,0.334,171,0.332,227,0.33,286,0.349,323,0.395,262,0.345,237,0.304,261,0.323,266,0.325,283,0.341,201,0.245,269,0.323,283,0.308,251,0.256,200,0.222,272,0.316,290,0.351,310,0.407,251,0.414,342,0.544,249,0.728,184,0.826,137,0.813,146,0.7,140,0.423,155,0.311,187,0.288,229,0.3,230,0.305,195,0.268,150,0.203,196,0.248,212,0.264,262,0.315,236,0.277,275,0.315,358,0.383,337,0.338,307,0.329,270,0.319,256,0.314,269,0.345,352,0.499,504,0.613,376,0.726,357,0.925,299,1.035,206,0.824,171,0.672,205,0.58,179,0.394,206,0.377,146,0.227,196,0.273,212,0.274,217,0.264,225,0.273,265,0.317,303,0.347,324,0.359,347,0.363,347,0.35,341,0.367,300,0.321,341,0.37,275,0.313,331,0.398
Region 10,Region 6,1127,2.477,538,2.178,375,2.228,294,2.114,317,1.711,431,1.313,444,0.846,516,0.755,630,0.776,615,0.758,608,0.845,561,0.775,641,0.853,747,0.946,740,0.911,790,0.969,797,0.958,826,0.911,966,0.998,1128,1.302,1114,1.378,1245,1.596,1242,1.746,1155,2.022,1321,2.466,782,2.921,503,2.897,320,2.257,450,2.31,524,1.575,443,0.86,556,0.809,645,0.786,716,0.877,804,1.057,802,1.029,659,0.816,954,1.167,869,1.047,875,1.068,869,1.044,1016,1.105,1256,1.279,1264,1.401,1244,1.445,1384,1.677,1314,1.725,1231,2.032,1485,2.364,934,2.733,645,2.895,434,2.575,464,2.224,555,1.679,575,1.155,679,1.045,740,0.969,765,1.014,679,0.933,830,1.124,870,1.099,837,1.042,827,0.995,901,1.058,966,1.106,1117,1.194,1238,1.243,1335,1.43,1293,1.529,1316,1.612,1353,1.733,1403,1.987,1870,2.274,1455,2.811,1168,3.027,809,2.8,683,2.732,482,1.895,425,1.201,480,1.056,552,1.011,618,0.96,707,0.986,846,1.095,880,1.07,928,1.124,990,1.184,955,1.094,1076,1.191,1172,1.227,1348,1.358,1202,1.292,1250,1.338,1372,1.488,1452,1.651,1553,1.868
Region 10,Region 7,503,1.105,354,1.433,250,1.486,164,1.179,170,0.918,358,1.091,554,1.056,765,1.119,1133,1.396,1149,1.415,810,1.126,825,1.14,858,1.141,930,1.177,951,1.171,987,1.211,1009,1.213,1097,1.21,1387,1.434,1248,1.44,1199,1.484,1174,1.505,1150,1.617,811,1.42,716,1.336,387,1.446,225,1.296,179,1.263,174,0.893,307,0.923,505,0.981,690,1.004,957,1.167,1125,1.377,1072,1.41,1001,1.285,991,1.227,964,1.179,1042,1.256,958,1.17,1020,1.225,1293,1.406,1402,1.428,1363,1.511,1386,1.61,1307,1.583,1294,1.699,1035,1.708,1105,1.759,669,1.957,428,1.921,307,1.821,255,1.222,329,0.995,531,1.066,699,1.076,921,1.206,862,1.143,901,1.238,901,1.22,1029,1.3,1057,1.316,1106,1.331,1075,1.262,1197,1.37,1288,1.376,1421,1.427,1458,1.561,1424,1.684,1431,1.753,1382,1.771,1327,1.88,1652,2.009,1328,2.566,1003,2.599,592,2.049,366,1.464,231,0.908,391,1.105,436,0.96,567,1.039,715,1.111,745,1.039,796,1.031,831,1.01,838,1.015,796,0.952,912,1.045,1084,1.2,1239,1.297,1411,1.422,1281,1.377,1351,1.446,1383,1.5,1382,1.572,1509,1.815
Region 10,Region 8,119,0.262,65,0.263,31,0.184,25,0.18,31,0.167,52,0.158,81,0.154,156,0.228,220,0.271,294,0.362,261,0.363,226,0.312,252,0.335,269,0.341,242,0.298,290,0.356,281,0.338,318,0.351,382,0.395,348,0.402,326,0.403,277,0.355,265,0.373,194,0.34,189,0.353,104,0.388,70,0.403,35,0.247,31,0.159,50,0.15,81,0.157,129,0.188,241,0.294,289,0.354,284,0.373,308,0.395,298,0.369,260,0.318,224,0.27,213,0.26,259,0.311,375,0.408,413,0.421,377,0.418,347,0.403,320,0.388,296,0.389,249,0.411,258,0.411,177,0.518,110,0.494,36,0.214,45,0.216,56,0.169,95,0.191,128,0.197,181,0.237,235,0.311,205,0.282,195,0.264,289,0.365,248,0.309,270,0.325,248,0.291,262,0.3,260,0.278,374,0.376,414,0.443,397,0.47,334,0.409,360,0.461,363,0.514,445,0.541,308,0.595,252,0.653,114,0.395,69,0.276,37,0.145,68,0.192,77,0.169,123,0.225,141,0.219,191,0.266,211,0.273,227,0.276,305,0.369,315,0.377,320,0.367,323,0.357,381,0.399,388,0.391,400,0.43,370,0.396,372,0.404,359,0.408,394,0.474
Region 10,Region 9,19,0.042,9,0.036,10,0.059,6,0.043,3,0.016,7,0.021,10,0.019,15,0.022,16,0.02,14,0.017,4,0.006,11,0.015,16,0.021,6,0.008,12,0.015,10,0.012,15,0.018,14,0.015,18,0.019,9,0.01,21,0.026,30,0.038,28,0.039,19,0.033,27,0.05,23,0.086,16,0.092,4,0.028,6,0.031,8,0.024,16,0.031,15,0.022,9,0.011,13,0.016,17,0.022,11,0.014,9,0.011,10,0.012,8,0.01,13,0.016,5,0.006,5,0.005,7,0.007,15,0.017,17,0.02,31,0.038,22,0.029,24,0.04,37,0.059,21,0.061,16,0.072,13,0.077,9,0.043,6,0.018,11,0.022,13,0.02,14,0.018,8,0.011,11,0.015,12,0.016,16,0.02,16,0.02,22,0.026,15,0.018,26,0.03,15,0.016,17,0.017,19,0.02,19,0.022,19,0.023,21,0.027,37,0.052,46,0.056,34,0.066,29,0.075,19,0.066,24,0.096,12,0.047,6,0.017,11,0.024,5,0.009,13,0.02,11,0.015,12,0.016,10,0.012,12,0.015,22,0.026,18,0.021,16,0.018,14,0.015,15,0.015,22,0.024,27,0.029,30,0.033,24,0.027,35,0.042
Region 10,Region 10,2323,5.105,1127,4.563,621,3.69,415,2.985,489,2.64,896,2.73,1663,3.169,2424,3.547,3447,4.247,4075,5.02,3776,5.248,3658,5.054,3860,5.135,4028,5.099,3721,4.581,3712,4.554,3922,4.714,4275,4.716,4789,4.95,4720,5.447,4716,5.835,4977,6.379,4707,6.618,3204,5.61,3015,5.627,1531,5.719,933,5.373,634,4.472,596,3.06,968,2.91,1510,2.933,2232,3.247,3143,3.832,4029,4.933,4100,5.392,4396,5.642,4324,5.354,4125,5.046,3865,4.658,3646,4.451,4032,4.844,4614,5.017,5433,5.535,5480,6.075,5266,6.115,4826,5.847,4870,6.395,3500,5.777,4021,6.401,2299,6.726,1480,6.642,918,5.446,651,3.121,1041,3.148,1644,3.301,2398,3.692,3074,4.025,3490,4.626,3721,5.114,3692,4.998,3818,4.822,3870,4.817,4028,4.847,4083,4.794,4199,4.806,4469,4.775,5220,5.243,5775,6.184,5824,6.888,5814,7.121,5514,7.064,5221,7.395,5752,6.994,3968,7.666,3239,8.394,2198,7.608,1353,5.412,970,3.813,1180,3.336,1717,3.779,2242,4.107,2797,4.345,2966,4.138,3420,4.428,3809,4.63,3956,4.791,3851,4.606,4141,4.743,4139,4.58,4572,4.788,5004,5.042,5037,5.414,5264,5.634,5288,5.736,4831,5.494,5123,6.162
Region 10,Region 11,28,0.062,20,0.081,4,0.024,13,0.093,10,0.054,12,0.037,24,0.046,40,0.059,43,0.053,42,0.052,31,0.043,45,0.062,35,0.047,32,0.041,50,0.062,48,0.059,45,0.054,39,0.043,50,0.052,67,0.077,90,0.111,107,0.137,114,0.16,76,0.133,63,0.118,25,0.093,20,0.115,9,0.063,13,0.067,17,0.051,41,0.08,47,0.068,47,0.057,40,0.049,42,0.055,32,0.041,50,0.062,55,0.067,52,0.063,42,0.051,46,0.055,61,0.066,50,0.051,52,0.058,90,0.105,92,0.111,120,0.158,79,0.13,90,0.143,70,0.205,55,0.247,25,0.148,17,0.081,23,0.07,42,0.084,37,0.057,37,0.048,43,0.057,48,0.066,60,0.081,60,0.076,45,0.056,61,0.073,77,0.09,55,0.063,72,0.077,75,0.075,78,0.084,75,0.089,73,0.089,86,0.11,107,0.152,127,0.154,123,0.238,110,0.285,59,0.204,37,0.148,20,0.079,37,0.105,27,0.059,29,0.053,25,0.039,48,0.067,54,0.07,45,0.055,50,0.061,55,0.066,50,0.057,74,0.082,61,0.064,55,0.055,56,0.06,81,0.087,84,0.091,100,0.114,103,0.124
Region 10,Region 12,11,0.024,15,0.061,7,0.042,5,0.036,5,0.027,4,0.012,9,0.017,20,0.029,16,0.02,6,0.007,6,0.008,3,0.004,10,0.013,9,0.011,11,0.014,15,0.018,13,0.016,18,0.02,14,0.014,14,0.016,12,0.015,16,0.021,26,0.037,23,0.04,18,0.034,20,0.075,15,0.086,6,0.042,4,0.021,8,0.024,13,0.025,17,0.025,14,0.017,16,0.02,12,0.016,9,0.012,12,0.015,6,0.007,17,0.02,23,0.028,16,0.019,18,0.02,8,0.008,10,0.011,12,0.014,11,0.013,17,0.022,30,0.05,28,0.045,13,0.038,15,0.067,2,0.012,8,0.038,8,0.024,15,0.03,9,0.014,12,0.016,10,0.013,8,0.011,9,0.012,15,0.019,7,0.009,14,0.017,13,0.015,24,0.027,20,0.021,17,0.017,15,0.016,15,0.018,22,0.027,25,0.032,24,0.034,42,0.051,30,0.058,30,0.078,20,0.069,14,0.056,12,0.047,21,0.059,39,0.086,16,0.029,9,0.014,8,0.011,11,0.014,17,0.021,15,0.018,15,0.018,13,0.015,8,0.009,12,0.013,15,0.015,13,0.014,16,0.017,24,0.026,26,0.03,29,0.035
Region 10,Region 13,1,0.002,0,0,0,0,0,0,0,0,0,0,0,0,0,0,0,0,0,0,0,0,0,0,0,0,0,0,0,0,0,0,0,0,0,0,0,0,0,0,0,0,0,0,1,0.001,1,0.002,1,0.002,0,0,0,0,0,0,0,0,0,0,0,0,0,0,0,0,0,0,0,0,0,0,0,0,0,0,0,0,0,0,0,0,0,0,2,0.002,0,0,0,0,0,0,0,0,0,0,0,0,0,0,0,0,0,0,0,0,0,0,0,0,0,0,0,0,1,0.001,0,0,0,0,0,0,0,0,1,0.001,0,0,0,0,0,0,0,0,0,0,0,0,0,0,0,0,0,0,0,0,0,0,0,0,0,0,0,0,0,0,0,0,0,0,0,0,0,0,0,0,0,0,0,0,0,0,2,0.002,2,0.002,2,0.002,0,0,1,0.001,1,0.001,1,0.001,0,0,0,0,0,0
Region 10,Region 14,28,0.062,13,0.053,6,0.036,8,0.058,3,0.016,6,0.018,18,0.034,25,0.037,29,0.036,22,0.027,26,0.036,17,0.023,16,0.021,11,0.014,13,0.016,28,0.034,24,0.029,21,0.023,35,0.036,43,0.05,44,0.054,53,0.068,59,0.083,39,0.068,33,0.062,23,0.086,10,0.058,4,0.028,3,0.015,5,0.015,15,0.029,22,0.032,21,0.026,14,0.017,17,0.022,23,0.03,14,0.017,16,0.02,22,0.027,21,0.026,23,0.028,22,0.024,19,0.019,27,0.03,32,0.037,45,0.055,48,0.063,45,0.074,37,0.059,33,0.097,32,0.144,9,0.053,7,0.034,7,0.021,17,0.034,17,0.026,27,0.035,22,0.029,18,0.025,18,0.024,16,0.02,21,0.026,24,0.029,38,0.045,37,0.042,34,0.036,31,0.031,35,0.037,28,0.033,32,0.039,34,0.044,27,0.038,53,0.064,52,0.1,37,0.096,25,0.087,18,0.072,9,0.035,13,0.037,16,0.035,17,0.031,13,0.02,16,0.022,16,0.021,14,0.017,23,0.028,25,0.03,27,0.031,23,0.025,25,0.026,14,0.014,20,0.021,29,0.031,43,0.047,38,0.043,43,0.052
Region 10,Region 15,101,0.222,44,0.178,27,0.16,21,0.151,18,0.097,26,0.079,35,0.067,39,0.057,57,0.07,45,0.055,49,0.068,60,0.083,56,0.074,61,0.077,70,0.086,56,0.069,51,0.061,54,0.06,78,0.081,74,0.085,94,0.116,83,0.106,112,0.157,107,0.187,125,0.233,61,0.228,38,0.219,29,0.205,16,0.082,36,0.108,49,0.095,57,0.083,51,0.062,42,0.051,41,0.054,31,0.04,49,0.061,61,0.075,76,0.092,76,0.093,50,0.06,75,0.082,76,0.077,49,0.054,80,0.093,91,0.11,127,0.167,104,0.172,153,0.244,93,0.272,70,0.314,29,0.172,29,0.139,33,0.1,43,0.086,55,0.085,51,0.067,42,0.056,60,0.082,78,0.106,99,0.125,73,0.091,85,0.102,99,0.116,109,0.125,96,0.103,90,0.09,102,0.109,111,0.131,116,0.142,90,0.115,127,0.18,162,0.197,137,0.265,102,0.264,78,0.27,53,0.212,29,0.114,42,0.119,35,0.077,37,0.068,48,0.075,70,0.098,85,0.11,93,0.113,84,0.102,84,0.1,104,0.119,76,0.084,107,0.112,102,0.103,102,0.11,113,0.121,110,0.119,132,0.15,139,0.167
Region 10,Region 16,34,0.075,14,0.057,14,0.083,14,0.101,8,0.043,18,0.055,37,0.071,41,0.06,46,0.057,31,0.038,40,0.056,38,0.053,49,0.065,32,0.041,45,0.055,54,0.066,71,0.085,69,0.076,108,0.112,94,0.108,79,0.098,103,0.132,106,0.149,61,0.107,51,0.095,25,0.093,19,0.109,10,0.071,4,0.021,20,0.06,35,0.068,34,0.049,43,0.052,29,0.036,28,0.037,47,0.06,42,0.052,35,0.043,46,0.055,57,0.07,72,0.087,56,0.061,49,0.05,46,0.051,66,0.077,99,0.12,119,0.156,68,0.112,76,0.121,54,0.158,30,0.135,21,0.125,13,0.062,13,0.039,44,0.088,49,0.075,65,0.085,49,0.065,66,0.091,47,0.064,52,0.066,60,0.075,57,0.069,55,0.065,80,0.092,88,0.094,82,0.082,82,0.088,73,0.086,95,0.116,94,0.12,109,0.154,106,0.129,92,0.178,77,0.2,51,0.177,20,0.08,14,0.055,22,0.062,26,0.057,36,0.066,43,0.067,46,0.064,33,0.043,39,0.047,44,0.053,31,0.037,38,0.044,48,0.053,55,0.058,62,0.062,61,0.066,85,0.091,86,0.093,76,0.086,83,0.1
Region 11,Region 0,23,0.051,15,0.061,6,0.036,2,0.014,4,0.022,23,0.07,68,0.13,116,0.17,84,0.104,91,0.112,69,0.096,91,0.126,86,0.114,107,0.135,92,0.113,83,0.102,87,0.105,85,0.094,109,0.113,88,0.102,85,0.105,47,0.06,54,0.076,69,0.121,34,0.063,16,0.06,6,0.035,2,0.014,10,0.051,23,0.069,69,0.134,104,0.151,127,0.155,75,0.092,90,0.118,108,0.139,87,0.108,106,0.13,118,0.142,82,0.1,95,0.114,64,0.07,64,0.065,91,0.101,89,0.103,59,0.071,72,0.095,56,0.092,29,0.046,15,0.044,11,0.049,2,0.012,6,0.029,27,0.082,53,0.106,110,0.169,111,0.145,102,0.135,83,0.114,98,0.133,103,0.13,125,0.156,108,0.13,98,0.115,107,0.122,105,0.112,63,0.063,52,0.056,65,0.077,62,0.076,55,0.07,33,0.047,24,0.029,15,0.029,15,0.039,5,0.017,5,0.02,20,0.079,48,0.136,84,0.185,93,0.17,120,0.186,98,0.137,77,0.1,84,0.102,76,0.092,85,0.102,90,0.103,68,0.075,78,0.082,73,0.074,58,0.062,61,0.065,57,0.062,51,0.058,52,0.063
Region 11,Region 1,282,0.62,214,0.866,115,0.683,80,0.575,98,0.529,155,0.472,412,0.785,651,0.952,848,1.045,765,0.942,670,0.931,594,0.821,641,0.853,618,0.782,664,0.817,673,0.826,603,0.725,641,0.707,831,0.859,779,0.899,728,0.901,693,0.888,658,0.925,484,0.848,424,0.791,245,0.915,118,0.68,73,0.515,70,0.359,164,0.493,378,0.734,669,0.973,889,1.084,751,0.919,658,0.865,678,0.87,716,0.887,643,0.787,711,0.857,679,0.829,678,0.815,732,0.796,779,0.794,669,0.742,673,0.782,595,0.721,611,0.802,493,0.814,431,0.686,275,0.805,173,0.776,101,0.599,71,0.34,119,0.36,306,0.614,439,0.676,638,0.835,661,0.876,602,0.827,638,0.864,690,0.872,638,0.794,627,0.755,607,0.713,630,0.721,716,0.765,735,0.738,721,0.772,554,0.655,460,0.563,490,0.628,423,0.599,499,0.607,304,0.587,218,0.565,177,0.613,107,0.428,112,0.44,136,0.384,265,0.583,335,0.614,381,0.592,429,0.599,434,0.562,532,0.647,513,0.621,484,0.579,547,0.627,622,0.688,706,0.739,718,0.724,672,0.722,562,0.601,518,0.562,546,0.621,487,0.586
Region 11,Region 2,79,0.174,30,0.121,17,0.101,27,0.194,86,0.464,148,0.451,174,0.332,213,0.312,201,0.248,224,0.276,196,0.272,215,0.297,249,0.331,260,0.329,267,0.329,242,0.297,207,0.249,190,0.21,193,0.199,194,0.224,175,0.217,126,0.161,127,0.179,112,0.196,68,0.127,37,0.138,18,0.104,39,0.275,121,0.621,162,0.487,216,0.42,242,0.352,241,0.294,247,0.302,227,0.299,238,0.305,242,0.3,286,0.35,282,0.34,241,0.294,203,0.244,235,0.256,234,0.238,287,0.318,242,0.281,176,0.213,138,0.181,127,0.21,107,0.17,31,0.091,17,0.076,37,0.22,105,0.503,206,0.623,238,0.478,254,0.391,235,0.308,252,0.334,220,0.302,255,0.345,233,0.294,232,0.289,308,0.371,257,0.302,258,0.295,263,0.281,281,0.282,215,0.23,135,0.16,131,0.16,131,0.168,124,0.176,101,0.123,52,0.1,40,0.104,32,0.111,82,0.328,146,0.574,179,0.506,182,0.401,198,0.363,262,0.407,299,0.417,271,0.351,245,0.298,166,0.201,210,0.251,204,0.234,196,0.217,169,0.177,163,0.164,116,0.125,137,0.147,113,0.123,108,0.123,131,0.158
Region 11,Region 3,56,0.123,19,0.077,9,0.053,5,0.036,8,0.043,17,0.052,41,0.078,92,0.135,101,0.124,79,0.097,71,0.099,74,0.102,94,0.125,120,0.152,121,0.149,121,0.148,112,0.135,105,0.116,105,0.109,95,0.11,78,0.097,83,0.106,73,0.103,84,0.147,63,0.118,28,0.105,22,0.127,10,0.071,5,0.026,14,0.042,48,0.093,121,0.176,133,0.162,90,0.11,71,0.093,97,0.124,100,0.124,98,0.12,109,0.131,119,0.145,93,0.112,78,0.085,88,0.09,85,0.094,102,0.118,84,0.102,78,0.102,68,0.112,63,0.1,20,0.059,18,0.081,8,0.047,17,0.081,18,0.054,42,0.084,102,0.157,147,0.192,96,0.127,86,0.118,83,0.112,100,0.126,112,0.139,129,0.155,122,0.143,113,0.129,100,0.107,110,0.11,101,0.108,89,0.105,67,0.082,59,0.076,55,0.078,66,0.08,31,0.06,18,0.047,13,0.045,17,0.068,9,0.035,43,0.122,89,0.196,98,0.18,84,0.13,91,0.127,114,0.148,112,0.136,124,0.15,127,0.152,103,0.118,109,0.121,107,0.112,80,0.081,58,0.062,76,0.081,58,0.063,85,0.097,66,0.079
Region 11,Region 4,56,0.123,21,0.085,9,0.053,5,0.036,6,0.032,27,0.082,45,0.086,97,0.142,104,0.128,97,0.119,57,0.079,73,0.101,67,0.089,74,0.094,70,0.086,63,0.077,51,0.061,72,0.079,71,0.073,83,0.096,70,0.087,79,0.101,65,0.091,74,0.13,51,0.095,26,0.097,11,0.063,12,0.085,8,0.041,18,0.054,52,0.101,93,0.135,122,0.149,98,0.12,69,0.091,87,0.112,103,0.128,64,0.078,96,0.116,79,0.096,55,0.066,45,0.049,76,0.077,80,0.089,60,0.07,63,0.076,78,0.102,56,0.092,47,0.075,26,0.076,21,0.094,10,0.059,6,0.029,23,0.07,42,0.084,80,0.123,78,0.102,75,0.099,75,0.103,71,0.096,78,0.099,105,0.131,81,0.097,80,0.094,98,0.112,86,0.092,95,0.095,70,0.075,71,0.084,56,0.069,59,0.076,63,0.089,69,0.084,43,0.083,33,0.086,16,0.055,14,0.056,7,0.028,8,0.023,36,0.079,42,0.077,66,0.103,77,0.107,80,0.104,85,0.103,89,0.108,77,0.092,79,0.09,73,0.081,86,0.09,100,0.101,69,0.074,61,0.065,79,0.086,80,0.091,55,0.066
Region 11,Region 5,18,0.04,14,0.057,3,0.018,9,0.065,15,0.081,16,0.049,40,0.076,74,0.108,75,0.092,81,0.1,62,0.086,64,0.088,59,0.078,78,0.099,92,0.113,57,0.07,64,0.077,48,0.053,73,0.075,72,0.083,56,0.069,41,0.053,50,0.07,30,0.053,23,0.043,16,0.06,11,0.063,10,0.071,13,0.067,27,0.081,49,0.095,59,0.086,80,0.098,71,0.087,60,0.079,56,0.072,84,0.104,60,0.073,73,0.088,73,0.089,61,0.073,55,0.06,34,0.035,42,0.047,64,0.074,64,0.078,49,0.064,33,0.054,28,0.045,17,0.05,16,0.072,11,0.065,14,0.067,29,0.088,33,0.066,43,0.066,61,0.08,54,0.072,65,0.089,51,0.069,45,0.057,65,0.081,76,0.091,72,0.085,76,0.087,96,0.103,88,0.088,72,0.077,60,0.071,53,0.065,47,0.06,51,0.072,39,0.047,24,0.046,16,0.041,9,0.031,13,0.052,25,0.098,35,0.099,54,0.119,48,0.088,70,0.109,70,0.098,67,0.087,69,0.084,54,0.065,58,0.069,63,0.072,78,0.086,91,0.095,87,0.088,69,0.074,66,0.071,59,0.064,48,0.055,52,0.063
Region 11,Region 6,40,0.088,23,0.093,11,0.065,6,0.043,4,0.022,6,0.018,24,0.046,41,0.06,50,0.062,44,0.054,30,0.042,43,0.059,35,0.047,38,0.048,38,0.047,35,0.043,25,0.03,54,0.06,79,0.082,63,0.073,63,0.078,56,0.072,47,0.066,60,0.105,48,0.09,25,0.093,13,0.075,7,0.049,6,0.031,2,0.006,28,0.054,45,0.065,41,0.05,46,0.056,25,0.033,27,0.035,34,0.042,47,0.057,44,0.053,36,0.044,60,0.072,52,0.057,66,0.067,74,0.082,72,0.084,73,0.088,59,0.077,58,0.096,52,0.083,28,0.082,17,0.076,6,0.036,8,0.038,4,0.012,14,0.028,32,0.049,48,0.063,45,0.06,25,0.034,40,0.054,42,0.053,49,0.061,55,0.066,47,0.055,50,0.057,47,0.05,102,0.102,102,0.109,98,0.116,82,0.1,99,0.127,103,0.146,87,0.106,63,0.122,38,0.098,17,0.059,12,0.048,14,0.055,9,0.025,17,0.037,25,0.046,38,0.059,50,0.07,55,0.071,63,0.077,77,0.093,69,0.083,71,0.081,52,0.058,82,0.086,79,0.08,68,0.073,67,0.072,78,0.085,86,0.098,94,0.113
Region 11,Region 7,68,0.149,40,0.162,23,0.137,21,0.151,23,0.124,63,0.192,105,0.2,124,0.181,161,0.198,117,0.144,127,0.176,123,0.17,124,0.165,142,0.18,124,0.153,122,0.15,72,0.087,122,0.135,163,0.168,154,0.178,111,0.137,144,0.185,101,0.142,96,0.168,86,0.161,58,0.217,18,0.104,10,0.071,29,0.149,42,0.126,78,0.151,124,0.18,180,0.219,152,0.186,108,0.142,122,0.157,153,0.189,135,0.165,134,0.161,153,0.187,104,0.125,123,0.134,148,0.151,133,0.147,166,0.193,131,0.159,129,0.169,102,0.168,109,0.174,67,0.196,24,0.108,20,0.119,36,0.173,35,0.106,81,0.163,137,0.211,143,0.187,136,0.18,163,0.224,163,0.221,178,0.225,140,0.174,149,0.179,139,0.163,122,0.14,153,0.163,195,0.196,181,0.194,181,0.214,157,0.192,166,0.213,173,0.245,193,0.235,144,0.278,86,0.223,52,0.18,31,0.124,45,0.177,57,0.161,85,0.187,107,0.196,122,0.19,144,0.201,153,0.198,122,0.148,127,0.154,106,0.127,153,0.175,144,0.159,143,0.15,176,0.177,164,0.176,178,0.191,164,0.178,166,0.189,186,0.224
Region 11,Region 8,8,0.018,2,0.008,1,0.006,1,0.007,0,0,3,0.009,4,0.008,6,0.009,5,0.006,9,0.011,15,0.021,6,0.008,9,0.012,12,0.015,1,0.001,8,0.01,10,0.012,9,0.01,9,0.009,17,0.02,11,0.014,12,0.015,5,0.007,8,0.014,3,0.006,1,0.004,0,0,0,0,1,0.005,3,0.009,7,0.014,10,0.015,13,0.016,14,0.017,15,0.02,10,0.013,13,0.016,14,0.017,10,0.012,10,0.012,9,0.011,18,0.02,9,0.009,9,0.01,5,0.006,8,0.01,14,0.018,15,0.025,6,0.01,2,0.006,4,0.018,2,0.012,1,0.005,2,0.006,3,0.006,5,0.008,5,0.007,14,0.019,9,0.012,6,0.008,11,0.014,13,0.016,12,0.014,12,0.014,14,0.016,9,0.01,23,0.023,27,0.029,11,0.013,16,0.02,14,0.018,12,0.017,13,0.016,3,0.006,5,0.013,0,0,1,0.004,3,0.012,2,0.006,5,0.011,6,0.011,2,0.003,7,0.01,11,0.014,16,0.019,16,0.019,19,0.023,15,0.017,8,0.009,20,0.021,24,0.024,22,0.024,21,0.022,10,0.011,8,0.009,5,0.006
Region 11,Region 9,22,0.048,9,0.036,10,0.059,3,0.022,5,0.027,9,0.027,35,0.067,36,0.053,25,0.031,20,0.025,26,0.036,33,0.046,15,0.02,23,0.029,22,0.027,33,0.04,33,0.04,21,0.023,42,0.043,39,0.045,31,0.038,40,0.051,35,0.049,42,0.074,29,0.054,13,0.049,8,0.046,7,0.049,2,0.01,7,0.021,28,0.054,28,0.041,30,0.037,36,0.044,30,0.039,29,0.037,29,0.036,39,0.048,35,0.042,35,0.043,30,0.036,26,0.028,21,0.021,28,0.031,28,0.033,33,0.04,30,0.039,25,0.041,26,0.041,15,0.044,11,0.049,2,0.012,5,0.024,8,0.024,19,0.038,22,0.034,28,0.037,30,0.04,20,0.027,33,0.045,24,0.03,19,0.024,21,0.025,23,0.027,19,0.022,29,0.031,24,0.024,28,0.03,39,0.046,36,0.044,31,0.04,22,0.031,37,0.045,22,0.043,17,0.044,6,0.021,11,0.044,7,0.028,17,0.048,18,0.04,20,0.037,10,0.016,16,0.022,19,0.025,10,0.012,15,0.018,18,0.022,22,0.025,20,0.022,12,0.013,20,0.02,19,0.02,17,0.018,16,0.017,32,0.036,20,0.024
Region 11,Region 10,27,0.059,11,0.045,6,0.036,8,0.058,6,0.032,15,0.046,44,0.084,54,0.079,59,0.073,47,0.058,63,0.088,51,0.07,50,0.067,61,0.077,50,0.062,40,0.049,41,0.049,63,0.069,94,0.097,61,0.07,56,0.069,77,0.099,40,0.056,56,0.098,44,0.082,26,0.097,13,0.075,6,0.042,7,0.036,15,0.045,25,0.049,48,0.07,72,0.088,68,0.083,47,0.062,65,0.083,56,0.069,56,0.069,59,0.071,39,0.048,56,0.067,70,0.076,90,0.092,55,0.061,62,0.072,65,0.079,60,0.079,46,0.076,44,0.07,30,0.088,11,0.049,7,0.042,5,0.024,9,0.027,31,0.062,41,0.063,54,0.071,59,0.078,63,0.087,44,0.06,46,0.058,66,0.082,52,0.063,46,0.054,74,0.085,69,0.074,99,0.099,122,0.131,103,0.122,105,0.129,86,0.11,83,0.118,76,0.092,58,0.112,36,0.093,18,0.062,15,0.06,9,0.035,19,0.054,18,0.04,30,0.055,41,0.064,40,0.056,60,0.078,63,0.077,56,0.068,60,0.072,58,0.066,73,0.081,95,0.099,83,0.084,95,0.102,80,0.086,81,0.088,87,0.099,85,0.102
Region 11,Region 11,373,0.82,159,0.644,112,0.666,79,0.568,99,0.534,169,0.515,435,0.829,813,1.19,1311,1.615,1437,1.77,1355,1.883,1584,2.189,1773,2.359,1821,2.305,1785,2.197,1553,1.905,1428,1.716,1527,1.684,1690,1.747,1488,1.717,1304,1.614,1112,1.425,766,1.077,518,0.907,449,0.838,204,0.762,146,0.841,84,0.593,89,0.457,159,0.478,486,0.944,830,1.208,1306,1.592,1394,1.707,1371,1.803,1676,2.151,1729,2.141,1679,2.054,1610,1.94,1518,1.853,1425,1.712,1625,1.767,1756,1.789,1494,1.656,1271,1.476,1092,1.323,851,1.118,558,0.921,515,0.82,296,0.866,155,0.696,94,0.558,128,0.614,169,0.511,444,0.892,737,1.135,1174,1.537,1443,1.913,1419,1.95,1500,2.031,1731,2.186,1592,1.982,1490,1.793,1429,1.678,1317,1.507,1438,1.536,1701,1.709,1498,1.604,1234,1.459,1062,1.301,864,1.107,616,0.873,567,0.689,356,0.688,250,0.648,186,0.644,128,0.512,133,0.523,274,0.775,386,0.85,548,1.004,752,1.168,927,1.293,1040,1.346,1197,1.455,1128,1.366,1162,1.39,1112,1.274,1108,1.226,1178,1.234,1264,1.274,1212,1.303,1094,1.171,1043,1.131,836,0.951,642,0.772
Region 11,Region 12,18,0.04,7,0.028,5,0.03,2,0.014,3,0.016,4,0.012,7,0.013,13,0.019,27,0.033,25,0.031,22,0.031,18,0.025,21,0.028,29,0.037,42,0.052,46,0.056,48,0.058,61,0.067,48,0.05,34,0.039,25,0.031,23,0.029,26,0.037,21,0.037,17,0.032,9,0.034,8,0.046,3,0.021,4,0.021,3,0.009,4,0.008,9,0.013,30,0.037,23,0.028,25,0.033,22,0.028,28,0.035,29,0.035,42,0.051,45,0.055,52,0.062,86,0.094,48,0.049,36,0.04,27,0.031,34,0.041,20,0.026,12,0.02,26,0.041,11,0.032,5,0.022,5,0.03,0,0,3,0.009,10,0.02,6,0.009,28,0.037,18,0.024,26,0.036,28,0.038,33,0.042,30,0.037,34,0.041,42,0.049,48,0.055,42,0.045,31,0.031,25,0.027,22,0.026,21,0.026,21,0.027,21,0.03,26,0.032,7,0.014,9,0.023,17,0.059,10,0.04,7,0.028,15,0.042,41,0.09,19,0.035,12,0.019,15,0.021,20,0.026,29,0.035,19,0.023,29,0.035,26,0.03,29,0.032,29,0.03,36,0.036,30,0.032,37,0.04,20,0.022,21,0.024,28,0.034
Region 11,Region 13,0,0,0,0,0,0,0,0,0,0,0,0,0,0,0,0,0,0,0,0,0,0,0,0,0,0,0,0,0,0,0,0,0,0,0,0,0,0,0,0,0,0,0,0,0,0,0,0,0,0,0,0,0,0,0,0,0,0,0,0,0,0,0,0,0,0,0,0,0,0,0,0,0,0,0,0,0,0,0,0,0,0,0,0,0,0,0,0,0,0,0,0,0,0,0,0,0,0,0,0,0,0,0,0,0,0,0,0,0,0,0,0,0,0,0,0,0,0,0,0,0,0,0,0,0,0,0,0,0,0,0,0,0,0,0,0,0,0,0,0,0,0,0,0,0,0,0,0,0,0,0,0,0,0,0,0,0,0,0,0,0,0,0,0,0,0,0,0,0,0,0,0,0,0,0,0,1,0.001,0,0,0,0,0,0,0,0,0,0,0,0,0,0
Region 11,Region 14,77,0.169,37,0.15,16,0.095,12,0.086,17,0.092,20,0.061,41,0.078,77,0.113,125,0.154,133,0.164,128,0.178,142,0.196,166,0.221,177,0.224,163,0.201,182,0.223,167,0.201,170,0.188,200,0.207,194,0.224,139,0.172,134,0.172,134,0.188,92,0.161,75,0.14,47,0.176,19,0.109,29,0.205,16,0.082,26,0.078,57,0.111,91,0.132,143,0.174,135,0.165,157,0.206,128,0.164,134,0.166,161,0.197,190,0.229,170,0.208,187,0.225,195,0.212,184,0.187,184,0.204,133,0.154,141,0.171,136,0.179,83,0.137,89,0.142,52,0.152,26,0.117,13,0.077,14,0.067,19,0.057,34,0.068,73,0.112,137,0.179,121,0.16,130,0.179,152,0.206,169,0.213,161,0.2,164,0.197,182,0.214,175,0.2,172,0.184,205,0.206,162,0.173,139,0.164,121,0.148,115,0.147,94,0.133,111,0.135,81,0.156,53,0.137,43,0.149,28,0.112,26,0.102,27,0.076,42,0.092,63,0.115,74,0.115,98,0.137,108,0.14,118,0.143,132,0.16,119,0.142,137,0.157,139,0.154,132,0.138,174,0.175,136,0.146,125,0.134,120,0.13,101,0.115,92,0.111
Region 11,Region 15,208,0.457,100,0.405,67,0.398,48,0.345,47,0.254,82,0.25,157,0.299,336,0.492,333,0.41,288,0.355,305,0.424,322,0.445,369,0.491,382,0.484,428,0.527,478,0.586,482,0.579,497,0.548,552,0.571,496,0.572,428,0.53,331,0.424,325,0.457,295,0.517,229,0.427,117,0.437,89,0.513,58,0.409,51,0.262,94,0.283,176,0.342,346,0.503,306,0.373,322,0.394,349,0.459,344,0.442,413,0.511,501,0.613,487,0.587,483,0.59,555,0.667,537,0.584,530,0.54,473,0.524,499,0.579,394,0.477,342,0.449,290,0.479,264,0.42,137,0.401,101,0.453,41,0.243,59,0.283,78,0.236,179,0.359,304,0.468,372,0.487,350,0.464,359,0.493,381,0.516,418,0.528,452,0.563,449,0.54,488,0.573,489,0.56,476,0.509,472,0.474,428,0.458,360,0.426,351,0.43,313,0.401,304,0.431,297,0.361,184,0.355,113,0.293,85,0.294,76,0.304,64,0.252,140,0.396,226,0.497,217,0.397,350,0.544,295,0.412,394,0.51,366,0.445,341,0.413,384,0.459,407,0.466,386,0.427,360,0.377,335,0.338,334,0.359,348,0.372,325,0.353,351,0.399,317,0.381
Region 11,Region 16,37,0.081,21,0.085,4,0.024,10,0.072,12,0.065,21,0.064,35,0.067,85,0.124,131,0.161,156,0.192,167,0.232,172,0.238,149,0.198,198,0.251,184,0.227,168,0.206,166,0.2,164,0.181,198,0.205,154,0.178,127,0.157,123,0.158,110,0.155,68,0.119,38,0.071,27,0.101,14,0.081,10,0.071,5,0.026,30,0.09,50,0.097,86,0.125,159,0.194,164,0.201,186,0.245,158,0.203,192,0.238,176,0.215,176,0.212,177,0.216,151,0.181,170,0.185,235,0.239,215,0.238,147,0.171,100,0.121,93,0.122,69,0.114,51,0.081,27,0.079,19,0.085,11,0.065,11,0.053,26,0.079,46,0.092,67,0.103,120,0.157,132,0.175,110,0.151,178,0.241,176,0.222,155,0.193,164,0.197,164,0.193,138,0.158,154,0.165,234,0.235,190,0.203,147,0.174,101,0.124,94,0.12,78,0.11,77,0.094,40,0.077,31,0.08,20,0.069,15,0.06,12,0.047,27,0.076,24,0.053,59,0.108,81,0.126,131,0.183,125,0.162,159,0.193,130,0.157,114,0.136,152,0.174,129,0.143,171,0.179,186,0.187,132,0.142,131,0.14,112,0.121,106,0.121,88,0.106
Region 12,Region 0,54,0.119,13,0.053,11,0.065,11,0.079,8,0.043,15,0.046,46,0.088,66,0.097,69,0.085,66,0.081,55,0.076,56,0.077,60,0.08,67,0.085,101,0.124,187,0.229,182,0.219,184,0.203,185,0.191,105,0.121,76,0.094,90,0.115,78,0.11,66,0.116,55,0.103,15,0.056,13,0.075,6,0.042,3,0.015,18,0.054,41,0.08,66,0.096,78,0.095,85,0.104,84,0.11,76,0.098,80,0.099,99,0.121,133,0.16,169,0.206,235,0.282,249,0.271,208,0.212,187,0.207,158,0.183,76,0.092,80,0.105,57,0.094,48,0.076,11,0.032,14,0.063,4,0.024,8,0.038,18,0.054,30,0.06,72,0.111,86,0.113,52,0.069,63,0.087,71,0.096,81,0.102,91,0.113,139,0.167,140,0.164,201,0.23,142,0.152,85,0.085,85,0.091,81,0.096,57,0.07,56,0.072,58,0.082,58,0.071,42,0.081,19,0.049,11,0.038,22,0.088,17,0.067,23,0.065,40,0.088,64,0.117,88,0.137,97,0.135,119,0.154,125,0.152,111,0.134,110,0.132,93,0.107,116,0.128,96,0.101,96,0.097,91,0.098,85,0.091,76,0.082,83,0.094,89,0.107
Region 12,Region 1,26,0.057,17,0.069,14,0.083,16,0.115,14,0.076,24,0.073,45,0.086,59,0.086,84,0.104,74,0.091,52,0.072,40,0.055,39,0.052,39,0.049,41,0.05,49,0.06,47,0.056,53,0.058,61,0.063,39,0.045,35,0.043,41,0.053,29,0.041,27,0.047,36,0.067,22,0.082,15,0.086,4,0.028,16,0.082,33,0.099,40,0.078,71,0.103,91,0.111,69,0.084,52,0.068,48,0.062,47,0.058,36,0.044,43,0.052,54,0.066,48,0.058,41,0.045,48,0.049,43,0.048,51,0.059,36,0.044,33,0.043,31,0.051,45,0.072,25,0.073,17,0.076,9,0.053,20,0.096,16,0.048,45,0.09,70,0.108,55,0.072,49,0.065,35,0.048,45,0.061,36,0.045,36,0.045,44,0.053,50,0.059,60,0.069,43,0.046,52,0.052,39,0.042,36,0.043,43,0.053,38,0.049,38,0.054,51,0.062,35,0.068,30,0.078,18,0.062,18,0.072,20,0.079,33,0.093,39,0.086,33,0.06,41,0.064,33,0.046,43,0.056,39,0.047,48,0.058,35,0.042,31,0.036,59,0.065,42,0.044,68,0.069,49,0.053,33,0.035,34,0.037,29,0.033,46,0.055
Region 12,Region 2,23,0.051,16,0.065,13,0.077,21,0.151,27,0.146,34,0.104,42,0.08,57,0.083,41,0.051,35,0.043,38,0.053,43,0.059,39,0.052,54,0.068,70,0.086,69,0.085,57,0.069,50,0.055,39,0.04,31,0.036,36,0.045,45,0.058,40,0.056,36,0.063,28,0.052,18,0.067,18,0.104,20,0.141,44,0.226,38,0.114,43,0.084,52,0.076,56,0.068,62,0.076,32,0.042,56,0.072,41,0.051,41,0.05,53,0.064,71,0.087,69,0.083,58,0.063,70,0.071,47,0.052,47,0.055,41,0.05,51,0.067,38,0.063,42,0.067,16,0.047,18,0.081,29,0.172,33,0.158,64,0.194,47,0.094,45,0.069,47,0.062,59,0.078,49,0.067,49,0.066,52,0.066,58,0.072,64,0.077,67,0.079,70,0.08,63,0.067,58,0.058,69,0.074,44,0.052,46,0.056,50,0.064,52,0.074,52,0.063,33,0.064,21,0.054,26,0.09,43,0.172,52,0.204,65,0.184,49,0.108,67,0.123,86,0.134,74,0.103,80,0.104,98,0.119,76,0.092,78,0.093,71,0.081,44,0.049,46,0.048,47,0.047,32,0.034,42,0.045,42,0.046,54,0.061,62,0.075
Region 12,Region 3,145,0.319,56,0.227,25,0.149,23,0.165,17,0.092,32,0.098,57,0.109,108,0.158,111,0.137,129,0.159,92,0.128,120,0.166,150,0.2,159,0.201,186,0.229,241,0.296,252,0.303,281,0.31,285,0.295,207,0.239,156,0.193,136,0.174,154,0.217,134,0.235,144,0.269,59,0.22,37,0.213,25,0.176,23,0.118,30,0.09,73,0.142,101,0.147,143,0.174,117,0.143,100,0.132,113,0.145,114,0.141,135,0.165,224,0.27,276,0.337,251,0.302,289,0.314,293,0.298,289,0.32,228,0.265,149,0.181,183,0.24,133,0.22,143,0.228,72,0.211,37,0.166,27,0.16,19,0.091,39,0.118,62,0.125,110,0.169,135,0.177,148,0.196,155,0.213,174,0.236,150,0.189,192,0.239,169,0.203,260,0.305,260,0.298,239,0.255,179,0.18,178,0.191,138,0.163,124,0.152,132,0.169,167,0.237,185,0.225,103,0.199,73,0.189,49,0.17,41,0.164,44,0.173,64,0.181,115,0.253,111,0.203,139,0.216,203,0.283,200,0.259,243,0.295,248,0.3,229,0.274,235,0.269,202,0.224,192,0.201,186,0.187,142,0.153,165,0.177,151,0.164,170,0.193,183,0.22
Region 12,Region 4,13,0.029,3,0.012,4,0.024,2,0.014,2,0.011,11,0.034,22,0.042,32,0.047,27,0.033,18,0.022,22,0.031,9,0.012,14,0.019,20,0.025,29,0.036,15,0.018,19,0.023,14,0.015,15,0.016,17,0.02,15,0.019,11,0.014,18,0.025,14,0.025,11,0.021,2,0.007,2,0.012,4,0.028,3,0.015,10,0.03,21,0.041,24,0.035,27,0.033,20,0.024,16,0.021,9,0.012,13,0.016,14,0.017,15,0.018,20,0.024,11,0.013,11,0.012,16,0.016,7,0.008,9,0.01,10,0.012,15,0.02,11,0.018,12,0.019,5,0.015,9,0.04,0,0,1,0.005,7,0.021,23,0.046,31,0.048,24,0.031,22,0.029,22,0.03,17,0.023,8,0.01,10,0.012,19,0.023,19,0.022,18,0.021,24,0.026,27,0.027,14,0.015,11,0.013,18,0.022,16,0.02,12,0.017,17,0.021,15,0.029,4,0.01,3,0.01,0,0,5,0.02,7,0.02,11,0.024,14,0.026,14,0.022,18,0.025,20,0.026,16,0.019,14,0.017,17,0.02,18,0.021,15,0.017,14,0.015,16,0.016,13,0.014,16,0.017,10,0.011,11,0.013,8,0.01
Region 12,Region 5,18,0.04,15,0.061,9,0.053,8,0.058,3,0.016,16,0.049,46,0.088,46,0.067,33,0.041,45,0.055,54,0.075,43,0.059,44,0.059,44,0.056,47,0.058,56,0.069,47,0.056,48,0.053,54,0.056,35,0.04,24,0.03,35,0.045,21,0.03,25,0.044,33,0.062,20,0.075,7,0.04,9,0.063,11,0.056,15,0.045,29,0.056,41,0.06,50,0.061,50,0.061,30,0.039,35,0.045,38,0.047,42,0.051,27,0.033,48,0.059,34,0.041,44,0.048,43,0.044,40,0.044,42,0.049,37,0.045,34,0.045,26,0.043,40,0.064,19,0.056,10,0.045,6,0.036,13,0.062,13,0.039,25,0.05,27,0.042,35,0.046,40,0.053,41,0.056,37,0.05,31,0.039,34,0.042,54,0.065,51,0.06,65,0.074,62,0.066,71,0.071,45,0.048,27,0.032,41,0.05,28,0.036,25,0.035,67,0.081,37,0.071,15,0.039,14,0.048,12,0.048,19,0.075,25,0.071,25,0.055,28,0.051,48,0.075,48,0.067,24,0.031,38,0.046,48,0.058,36,0.043,36,0.041,47,0.052,52,0.054,50,0.05,41,0.044,35,0.037,57,0.062,43,0.049,45,0.054
Region 12,Region 6,4,0.009,3,0.012,6,0.036,1,0.007,0,0,2,0.006,0,0,3,0.004,3,0.004,3,0.004,2,0.003,2,0.003,4,0.005,2,0.003,2,0.002,2,0.002,3,0.004,2,0.002,3,0.003,6,0.007,8,0.01,5,0.006,4,0.006,9,0.016,6,0.011,1,0.004,5,0.029,1,0.007,1,0.005,5,0.015,5,0.01,8,0.012,9,0.011,3,0.004,5,0.007,1,0.001,6,0.007,3,0.004,3,0.004,6,0.007,8,0.01,7,0.008,9,0.009,12,0.013,12,0.014,5,0.006,4,0.005,7,0.012,14,0.022,4,0.012,5,0.022,5,0.03,5,0.024,9,0.027,7,0.014,7,0.011,5,0.007,5,0.007,1,0.001,2,0.003,6,0.008,8,0.01,4,0.005,4,0.005,1,0.001,12,0.013,8,0.008,14,0.015,13,0.015,7,0.009,9,0.012,11,0.016,17,0.021,6,0.012,8,0.021,5,0.017,4,0.016,4,0.016,2,0.006,11,0.024,8,0.015,14,0.022,8,0.011,6,0.008,13,0.016,15,0.018,8,0.01,10,0.011,6,0.007,6,0.006,13,0.013,5,0.005,8,0.009,10,0.011,9,0.01,4,0.005
Region 12,Region 7,8,0.018,11,0.045,8,0.048,5,0.036,7,0.038,9,0.027,20,0.038,30,0.044,33,0.041,37,0.046,22,0.031,22,0.03,17,0.023,17,0.022,26,0.032,15,0.018,16,0.019,19,0.021,16,0.017,19,0.022,11,0.014,9,0.012,14,0.02,8,0.014,8,0.015,5,0.019,6,0.035,4,0.028,8,0.041,8,0.024,19,0.037,40,0.058,49,0.06,35,0.043,25,0.033,28,0.036,30,0.037,21,0.026,23,0.028,18,0.022,21,0.025,21,0.023,20,0.02,13,0.014,15,0.017,8,0.01,16,0.021,22,0.036,23,0.037,8,0.023,7,0.031,8,0.047,5,0.024,15,0.045,14,0.028,23,0.035,45,0.059,29,0.038,24,0.033,17,0.023,22,0.028,32,0.04,25,0.03,23,0.027,27,0.031,35,0.037,44,0.044,27,0.029,27,0.032,16,0.02,21,0.027,18,0.025,29,0.035,18,0.035,21,0.054,6,0.021,3,0.012,8,0.031,10,0.028,19,0.042,33,0.06,20,0.031,20,0.028,26,0.034,17,0.021,25,0.03,28,0.033,26,0.03,22,0.024,26,0.027,30,0.03,27,0.029,14,0.015,19,0.021,31,0.035,27,0.032
Region 12,Region 8,2,0.004,0,0,1,0.006,2,0.014,2,0.011,1,0.003,4,0.008,3,0.004,6,0.007,12,0.015,8,0.011,5,0.007,6,0.008,6,0.008,5,0.006,11,0.013,4,0.005,5,0.006,3,0.003,5,0.006,5,0.006,4,0.005,1,0.001,1,0.002,7,0.013,3,0.011,1,0.006,1,0.007,0,0,2,0.006,4,0.008,9,0.013,11,0.013,12,0.015,5,0.007,9,0.012,5,0.006,6,0.007,7,0.008,8,0.01,8,0.01,9,0.01,9,0.009,8,0.009,6,0.007,4,0.005,7,0.009,5,0.008,6,0.01,4,0.012,1,0.004,0,0,1,0.005,2,0.006,7,0.014,4,0.006,11,0.014,13,0.017,7,0.01,4,0.005,3,0.004,10,0.012,3,0.004,5,0.006,12,0.014,11,0.012,11,0.011,8,0.009,11,0.013,12,0.015,5,0.006,3,0.004,8,0.01,6,0.012,2,0.005,0,0,1,0.004,6,0.024,8,0.023,7,0.015,11,0.02,7,0.011,7,0.01,9,0.012,10,0.012,6,0.007,10,0.012,6,0.007,13,0.014,11,0.012,7,0.007,16,0.017,14,0.015,14,0.015,11,0.013,8,0.01
Region 12,Region 9,119,0.262,53,0.215,37,0.22,24,0.173,24,0.13,27,0.082,41,0.078,94,0.138,140,0.173,120,0.148,120,0.167,147,0.203,161,0.214,153,0.194,162,0.199,174,0.213,191,0.23,213,0.235,219,0.226,185,0.213,166,0.205,144,0.185,118,0.166,142,0.249,100,0.187,52,0.194,27,0.156,33,0.233,26,0.133,38,0.114,37,0.072,89,0.129,125,0.152,140,0.171,169,0.222,157,0.202,178,0.22,181,0.221,193,0.233,200,0.244,222,0.267,224,0.244,205,0.209,189,0.21,190,0.221,129,0.156,168,0.221,123,0.203,99,0.158,56,0.164,43,0.193,29,0.172,25,0.12,34,0.103,39,0.078,87,0.134,132,0.173,137,0.182,141,0.194,131,0.177,153,0.193,140,0.174,192,0.231,194,0.228,239,0.274,241,0.258,183,0.184,162,0.173,150,0.177,155,0.19,133,0.17,137,0.194,152,0.185,75,0.145,66,0.171,59,0.204,45,0.18,28,0.11,54,0.153,63,0.139,92,0.169,94,0.146,124,0.173,153,0.198,169,0.205,167,0.202,169,0.202,200,0.229,216,0.239,169,0.177,193,0.194,140,0.15,177,0.189,182,0.197,156,0.177,152,0.183
Region 12,Region 10,8,0.018,2,0.008,5,0.03,5,0.036,3,0.016,4,0.012,29,0.055,31,0.045,33,0.041,44,0.054,21,0.029,12,0.017,12,0.016,16,0.02,23,0.028,25,0.031,23,0.028,18,0.02,20,0.021,20,0.023,17,0.021,7,0.009,7,0.01,13,0.023,7,0.013,5,0.019,3,0.017,4,0.028,3,0.015,4,0.012,20,0.039,36,0.052,33,0.04,34,0.042,23,0.03,26,0.033,19,0.024,24,0.029,15,0.018,13,0.016,17,0.02,29,0.032,12,0.012,16,0.018,10,0.012,16,0.019,15,0.02,12,0.02,12,0.019,5,0.015,2,0.009,1,0.006,4,0.019,6,0.018,21,0.042,31,0.048,31,0.041,25,0.033,22,0.03,18,0.024,9,0.011,15,0.019,12,0.014,15,0.018,17,0.019,29,0.031,16,0.016,19,0.02,9,0.011,10,0.012,17,0.022,21,0.03,12,0.015,11,0.021,7,0.018,7,0.024,2,0.008,2,0.008,8,0.023,11,0.024,15,0.027,16,0.025,21,0.029,19,0.025,11,0.013,14,0.017,23,0.028,14,0.016,20,0.022,16,0.017,22,0.022,20,0.021,10,0.011,15,0.016,16,0.018,19,0.023
Region 12,Region 11,7,0.015,6,0.024,1,0.006,3,0.022,2,0.011,8,0.024,30,0.057,42,0.061,69,0.085,49,0.06,21,0.029,35,0.048,26,0.035,20,0.025,26,0.032,25,0.031,34,0.041,27,0.03,35,0.036,29,0.033,16,0.02,15,0.019,16,0.022,10,0.018,15,0.028,9,0.034,11,0.063,2,0.014,5,0.026,11,0.033,26,0.05,39,0.057,62,0.076,46,0.056,34,0.045,21,0.027,44,0.054,39,0.048,33,0.04,30,0.037,24,0.029,30,0.033,25,0.025,21,0.023,17,0.02,20,0.024,11,0.014,9,0.015,15,0.024,7,0.02,8,0.036,3,0.018,3,0.014,8,0.024,24,0.048,39,0.06,51,0.067,48,0.064,24,0.033,32,0.043,25,0.032,34,0.042,30,0.036,40,0.047,26,0.03,45,0.048,24,0.024,14,0.015,20,0.024,17,0.021,9,0.012,11,0.016,16,0.019,11,0.021,6,0.016,8,0.028,7,0.028,9,0.035,13,0.037,21,0.046,13,0.024,35,0.054,28,0.039,24,0.031,34,0.041,29,0.035,23,0.028,27,0.031,22,0.024,34,0.036,32,0.032,20,0.021,9,0.01,14,0.015,16,0.018,17,0.02
Region 12,Region 12,263,0.578,150,0.607,118,0.701,72,0.518,83,0.448,86,0.262,173,0.33,337,0.493,528,0.651,566,0.697,488,0.678,513,0.709,579,0.77,590,0.747,620,0.763,602,0.738,693,0.833,719,0.793,691,0.714,605,0.698,536,0.663,491,0.629,411,0.578,335,0.587,289,0.539,163,0.609,106,0.61,72,0.508,72,0.37,110,0.331,210,0.408,357,0.519,596,0.727,647,0.792,578,0.76,610,0.783,653,0.809,623,0.762,606,0.73,667,0.814,724,0.87,858,0.933,800,0.815,640,0.71,573,0.665,515,0.624,433,0.569,342,0.565,332,0.529,165,0.483,122,0.548,84,0.498,81,0.388,96,0.29,176,0.353,393,0.605,593,0.776,635,0.842,547,0.752,597,0.808,702,0.887,651,0.81,698,0.84,697,0.818,777,0.889,766,0.818,834,0.838,618,0.662,573,0.678,563,0.69,528,0.676,476,0.674,407,0.495,293,0.566,195,0.505,174,0.602,139,0.556,121,0.476,178,0.503,451,0.993,480,0.879,449,0.697,492,0.686,566,0.733,738,0.897,705,0.854,752,0.899,800,0.916,729,0.807,675,0.707,685,0.69,574,0.617,672,0.719,650,0.705,586,0.666,526,0.633
Region 12,Region 13,0,0,0,0,0,0,0,0,0,0,0,0,0,0,0,0,0,0,0,0,0,0,0,0,0,0,0,0,0,0,0,0,0,0,0,0,0,0,0,0,0,0,0,0,0,0,0,0,0,0,0,0,0,0,0,0,0,0,0,0,0,0,0,0,0,0,1,0.001,0,0,0,0,0,0,0,0,0,0,0,0,0,0,0,0,0,0,0,0,0,0,0,0,0,0,0,0,0,0,0,0,0,0,0,0,0,0,0,0,0,0,0,0,0,0,0,0,0,0,0,0,0,0,0,0,0,0,0,0,1,0.001,0,0,0,0,0,0,0,0,0,0,0,0,0,0,0,0,0,0,0,0,0,0,0,0,0,0,0,0,0,0,0,0,0,0,0,0,0,0,0,0,0,0,0,0,0,0,0,0,0,0,0,0,0,0,0,0,0,0,0,0,0,0
Region 12,Region 14,50,0.11,29,0.117,19,0.113,13,0.093,14,0.076,19,0.058,63,0.12,115,0.168,146,0.18,145,0.179,118,0.164,122,0.169,117,0.156,111,0.141,114,0.14,99,0.121,135,0.162,137,0.151,152,0.157,152,0.175,126,0.156,91,0.117,74,0.104,57,0.1,42,0.078,32,0.12,20,0.115,14,0.099,19,0.098,19,0.057,48,0.093,118,0.172,153,0.187,167,0.204,115,0.151,134,0.172,137,0.17,138,0.169,108,0.13,117,0.143,105,0.126,134,0.146,145,0.148,132,0.146,100,0.116,83,0.101,61,0.08,46,0.076,53,0.084,34,0.099,30,0.135,14,0.083,10,0.048,26,0.079,36,0.072,97,0.149,153,0.2,132,0.175,125,0.172,133,0.18,137,0.173,121,0.151,112,0.135,130,0.153,122,0.14,142,0.152,142,0.143,107,0.115,100,0.118,78,0.096,62,0.079,56,0.079,58,0.071,38,0.073,51,0.132,29,0.1,17,0.068,24,0.094,30,0.085,83,0.183,79,0.145,96,0.149,84,0.117,117,0.151,122,0.148,129,0.156,107,0.128,130,0.149,118,0.131,130,0.136,120,0.121,102,0.11,121,0.13,87,0.094,68,0.077,56,0.067
Region 12,Region 15,80,0.176,40,0.162,34,0.202,17,0.122,28,0.151,34,0.104,87,0.166,166,0.243,209,0.258,205,0.253,159,0.221,203,0.28,167,0.222,187,0.237,193,0.238,172,0.211,212,0.255,233,0.257,204,0.211,173,0.2,167,0.207,167,0.214,121,0.17,117,0.205,80,0.149,48,0.179,37,0.213,24,0.169,20,0.103,33,0.099,95,0.185,191,0.278,231,0.282,246,0.301,192,0.252,177,0.227,195,0.241,181,0.221,177,0.213,172,0.21,213,0.256,234,0.254,221,0.225,175,0.194,177,0.206,138,0.167,133,0.175,86,0.142,119,0.189,68,0.199,46,0.206,23,0.136,20,0.096,45,0.136,80,0.161,177,0.273,225,0.295,215,0.285,169,0.232,176,0.238,206,0.26,182,0.227,227,0.273,207,0.243,239,0.274,239,0.255,245,0.246,209,0.224,180,0.213,188,0.23,155,0.199,131,0.186,162,0.197,70,0.135,75,0.194,59,0.204,49,0.196,54,0.212,75,0.212,111,0.244,113,0.207,154,0.239,139,0.194,147,0.19,202,0.246,206,0.249,208,0.249,217,0.249,209,0.231,208,0.218,215,0.217,203,0.218,249,0.266,263,0.285,183,0.208,167,0.201
Region 12,Region 16,23,0.051,14,0.057,1,0.006,3,0.022,7,0.038,9,0.027,26,0.05,67,0.098,67,0.083,79,0.097,51,0.071,82,0.113,70,0.093,61,0.077,59,0.073,85,0.104,82,0.099,78,0.086,73,0.075,54,0.062,51,0.063,60,0.077,32,0.045,26,0.046,30,0.056,14,0.052,7,0.04,9,0.063,12,0.062,8,0.024,30,0.058,58,0.084,84,0.102,80,0.098,63,0.083,57,0.073,82,0.102,55,0.067,57,0.069,56,0.068,66,0.079,75,0.082,85,0.087,65,0.072,71,0.082,47,0.057,49,0.064,33,0.054,31,0.049,24,0.07,8,0.036,10,0.059,10,0.048,12,0.036,36,0.072,51,0.079,87,0.114,68,0.09,58,0.08,56,0.076,55,0.069,58,0.072,52,0.063,61,0.072,59,0.068,64,0.068,86,0.086,92,0.099,51,0.06,45,0.055,30,0.038,30,0.042,54,0.066,31,0.06,22,0.057,16,0.055,13,0.052,10,0.039,28,0.079,30,0.066,37,0.068,48,0.075,53,0.074,60,0.078,70,0.085,103,0.125,65,0.078,90,0.103,71,0.079,57,0.06,73,0.074,72,0.077,63,0.067,41,0.044,49,0.056,56,0.067
Region 13,Region 0,0,0,0,0,0,0,0,0,0,0,0,0,0,0,0,0,0,0,0,0,0,0,0,0,0,0,0,0,0,0,0,0,0,0,0,0,0,0,0,0,0,0,0,0,0,0,0,0,0,0,0,0,0,0,0,0,0,0,0,0,0,0,0,0,0,0,0,0,0,0,0,0,0,0,0,0,0,0,0,0,0,0,0,0,0,0,0,0,0,0,0,0,0,0,0,0,0,0,0,0,0,0,0,0,0,0,0,0,0,0,0,0,0,0,0,0,0,0,0,0,0,0,0,0,0,0,1,0.001,0,0,0,0,0,0,0,0,0,0,0,0,0,0,0,0,0,0,0,0,0,0,0,0,0,0,0,0,0,0,0,0,0,0,0,0,0,0,1,0.001,1,0.001,0,0,0,0,0,0,0,0,0,0,0,0,0,0,0,0,0,0,0,0,0,0
Region 13,Region 1,0,0,0,0,0,0,0,0,0,0,0,0,0,0,0,0,0,0,0,0,0,0,0,0,0,0,0,0,0,0,0,0,0,0,0,0,0,0,0,0,0,0,0,0,0,0,0,0,0,0,0,0,0,0,0,0,0,0,0,0,0,0,0,0,1,0.001,0,0,0,0,0,0,0,0,0,0,0,0,0,0,0,0,0,0,0,0,0,0,0,0,0,0,0,0,0,0,0,0,0,0,0,0,0,0,0,0,0,0,0,0,0,0,0,0,0,0,0,0,0,0,0,0,0,0,0,0,0,0,0,0,0,0,0,0,0,0,0,0,0,0,0,0,0,0,0,0,0,0,0,0,0,0,0,0,0,0,0,0,0,0,0,0,0,0,0,0,0,0,0,0,0,0,0,0,0,0,0,0,0,0,0,0,0,0,0,0,1,0.001,0,0,0,0
Region 13,Region 2,0,0,0,0,0,0,0,0,0,0,0,0,0,0,0,0,0,0,0,0,0,0,0,0,0,0,0,0,0,0,0,0,0,0,0,0,0,0,0,0,0,0,0,0,0,0,0,0,0,0,0,0,0,0,0,0,0,0,0,0,0,0,0,0,0,0,0,0,0,0,0,0,0,0,0,0,0,0,0,0,0,0,0,0,0,0,0,0,0,0,0,0,0,0,0,0,0,0,0,0,0,0,0,0,0,0,0,0,0,0,0,0,0,0,0,0,0,0,0,0,0,0,0,0,0,0,0,0,0,0,0,0,0,0,0,0,0,0,0,0,0,0,0,0,0,0,0,0,0,0,0,0,0,0,0,0,0,0,0,0,0,0,0,0,0,0,0,0,0,0,0,0,0,0,0,0,0,0,0,0,0,0,0,0,0,0,0,0,0,0,0,0
Region 13,Region 3,0,0,0,0,0,0,0,0,0,0,0,0,0,0,0,0,0,0,0,0,0,0,0,0,0,0,0,0,0,0,0,0,0,0,0,0,0,0,0,0,0,0,0,0,0,0,0,0,0,0,0,0,0,0,0,0,0,0,0,0,0,0,0,0,0,0,0,0,0,0,0,0,0,0,0,0,0,0,0,0,0,0,0,0,0,0,0,0,0,0,0,0,0,0,0,0,0,0,0,0,0,0,0,0,0,0,0,0,0,0,0,0,0,0,0,0,0,0,0,0,0,0,0,0,0,0,0,0,0,0,0,0,0,0,0,0,0,0,0,0,0,0,0,0,0,0,0,0,0,0,0,0,0,0,0,0,0,0,0,0,0,0,0,0,0,0,0,0,0,0,0,0,0,0,0,0,0,0,0,0,0,0,0,0,0,0,0,0,0,0,0,0
Region 13,Region 4,0,0,0,0,0,0,0,0,0,0,0,0,0,0,0,0,0,0,0,0,0,0,0,0,0,0,0,0,0,0,0,0,0,0,0,0,0,0,0,0,0,0,0,0,0,0,0,0,0,0,0,0,0,0,0,0,0,0,0,0,0,0,0,0,0,0,0,0,0,0,0,0,0,0,0,0,1,0.001,0,0,0,0,0,0,0,0,0,0,0,0,0,0,0,0,0,0,0,0,0,0,0,0,0,0,0,0,0,0,0,0,0,0,0,0,0,0,0,0,0,0,0,0,0,0,0,0,0,0,0,0,0,0,0,0,0,0,0,0,0,0,0,0,0,0,0,0,0,0,0,0,0,0,0,0,0,0,0,0,0,0,0,0,0,0,0,0,0,0,0,0,0,0,0,0,0,0,0,0,0,0,0,0,0,0,0,0,0,0,0,0,1,0.001
Region 13,Region 5,0,0,0,0,0,0,0,0,0,0,0,0,0,0,0,0,0,0,0,0,0,0,0,0,0,0,0,0,0,0,0,0,0,0,0,0,0,0,0,0,0,0,0,0,0,0,0,0,0,0,0,0,0,0,0,0,0,0,0,0,0,0,0,0,0,0,0,0,0,0,0,0,0,0,0,0,0,0,0,0,0,0,0,0,0,0,0,0,0,0,0,0,0,0,0,0,0,0,0,0,0,0,0,0,0,0,0,0,0,0,0,0,0,0,0,0,0,0,0,0,0,0,0,0,0,0,0,0,0,0,0,0,0,0,0,0,0,0,0,0,0,0,0,0,1,0.001,1,0.002,0,0,0,0,0,0,0,0,0,0,0,0,0,0,0,0,0,0,0,0,0,0,0,0,0,0,0,0,0,0,1,0.001,1,0.001,1,0.001,1,0.001,0,0,0,0,0,0
Region 13,Region 6,0,0,0,0,0,0,0,0,0,0,0,0,0,0,0,0,0,0,0,0,0,0,0,0,0,0,0,0,0,0,1,0.001,0,0,1,0.001,1,0.001,1,0.001,0,0,0,0,0,0,0,0,0,0,0,0,0,0,0,0,0,0,0,0,0,0,0,0,0,0,0,0,0,0,1,0.001,0,0,0,0,0,0,0,0,0,0,0,0,0,0,0,0,0,0,0,0,0,0,0,0,0,0,0,0,0,0,0,0,0,0,0,0,0,0,0,0,0,0,0,0,0,0,0,0,0,0,0,0,0,0,1,0.001,0,0,0,0,0,0,0,0,0,0,0,0,0,0,0,0,1,0.001,0,0,0,0,0,0,0,0,0,0,0,0,0,0,0,0,0,0,0,0,0,0,1,0.001,1,0.001,0,0,1,0.001,1,0.001,0,0,3,0.003,2,0.002,0,0,0,0,0,0,0,0
Region 13,Region 7,0,0,0,0,0,0,0,0,0,0,0,0,0,0,0,0,0,0,0,0,0,0,0,0,0,0,0,0,0,0,0,0,0,0,0,0,0,0,0,0,0,0,0,0,0,0,0,0,0,0,0,0,0,0,0,0,0,0,0,0,0,0,0,0,0,0,0,0,0,0,0,0,0,0,0,0,0,0,0,0,0,0,0,0,0,0,0,0,0,0,0,0,0,0,0,0,0,0,0,0,0,0,0,0,0,0,0,0,0,0,0,0,0,0,0,0,0,0,0,0,0,0,0,0,0,0,0,0,0,0,0,0,0,0,0,0,0,0,0,0,0,0,0,0,1,0.001,0,0,0,0,0,0,0,0,0,0,0,0,0,0,0,0,0,0,0,0,0,0,0,0,0,0,1,0.001,0,0,0,0,1,0.001,1,0.001,0,0,0,0,0,0,0,0,1,0.001
Region 13,Region 8,0,0,0,0,0,0,0,0,0,0,0,0,0,0,0,0,0,0,0,0,0,0,0,0,0,0,0,0,0,0,0,0,0,0,0,0,0,0,0,0,0,0,0,0,0,0,0,0,0,0,0,0,0,0,0,0,0,0,0,0,0,0,0,0,0,0,0,0,0,0,0,0,0,0,0,0,0,0,0,0,0,0,0,0,0,0,0,0,0,0,0,0,0,0,0,0,0,0,0,0,0,0,0,0,0,0,0,0,0,0,0,0,0,0,0,0,0,0,0,0,0,0,0,0,0,0,0,0,0,0,0,0,0,0,0,0,0,0,0,0,0,0,0,0,0,0,0,0,0,0,0,0,0,0,0,0,0,0,0,0,0,0,0,0,0,0,0,0,0,0,0,0,0,0,0,0,0,0,0,0,0,0,1,0.001,0,0,0,0,0,0,0,0
Region 13,Region 9,0,0,0,0,0,0,0,0,0,0,0,0,0,0,0,0,0,0,0,0,0,0,0,0,0,0,0,0,0,0,0,0,0,0,0,0,0,0,0,0,0,0,0,0,0,0,0,0,0,0,0,0,0,0,0,0,0,0,0,0,0,0,0,0,0,0,0,0,0,0,0,0,0,0,0,0,0,0,0,0,0,0,0,0,0,0,0,0,0,0,0,0,0,0,0,0,0,0,0,0,0,0,0,0,0,0,0,0,0,0,0,0,0,0,0,0,0,0,0,0,0,0,0,0,0,0,0,0,0,0,0,0,0,0,0,0,0,0,0,0,0,0,0,0,0,0,0,0,0,0,0,0,0,0,0,0,0,0,0,0,0,0,0,0,0,0,0,0,0,0,0,0,0,0,0,0,0,0,0,0,0,0,0,0,0,0,0,0,0,0,0,0
Region 13,Region 10,0,0,0,0,0,0,0,0,0,0,0,0,0,0,0,0,0,0,0,0,0,0,0,0,0,0,0,0,0,0,0,0,0,0,0,0,0,0,1,0.001,0,0,0,0,0,0,0,0,0,0,0,0,0,0,0,0,0,0,0,0,0,0,0,0,0,0,0,0,0,0,0,0,0,0,0,0,0,0,0,0,0,0,0,0,0,0,0,0,1,0.001,0,0,0,0,0,0,0,0,0,0,0,0,0,0,0,0,0,0,0,0,0,0,0,0,0,0,0,0,0,0,0,0,0,0,0,0,0,0,0,0,0,0,0,0,0,0,0,0,0,0,0,0,0,0,0,0,0,0,0,0,0,0,0,0,0,0,0,0,0,0,0,0,0,0,0,0,0,0,0,0,0,0,0,0,0,0,0,0,1,0.001,1,0.001,0,0,0,0,0,0,1,0.001,1,0.001
Region 13,Region 11,0,0,0,0,0,0,0,0,0,0,0,0,0,0,0,0,0,0,0,0,0,0,0,0,0,0,0,0,0,0,0,0,0,0,0,0,0,0,0,0,0,0,0,0,0,0,0,0,0,0,0,0,0,0,0,0,0,0,0,0,0,0,0,0,0,0,0,0,0,0,0,0,0,0,0,0,0,0,0,0,0,0,0,0,0,0,0,0,0,0,0,0,0,0,0,0,0,0,0,0,0,0,0,0,0,0,0,0,0,0,0,0,0,0,0,0,0,0,0,0,0,0,0,0,0,0,0,0,0,0,0,0,0,0,0,0,0,0,0,0,0,0,0,0,1,0.001,0,0,0,0,0,0,0,0,0,0,0,0,0,0,0,0,0,0,0,0,0,0,0,0,0,0,0,0,0,0,0,0,0,0,0,0,0,0,0,0,0,0,0,0,0,0
Region 13,Region 12,0,0,0,0,0,0,0,0,0,0,0,0,0,0,0,0,0,0,0,0,0,0,0,0,0,0,0,0,0,0,0,0,0,0,0,0,0,0,0,0,0,0,0,0,0,0,0,0,0,0,0,0,0,0,0,0,0,0,0,0,0,0,0,0,0,0,0,0,0,0,0,0,0,0,0,0,0,0,0,0,0,0,0,0,0,0,0,0,0,0,0,0,0,0,0,0,0,0,0,0,0,0,0,0,0,0,0,0,0,0,0,0,0,0,0,0,0,0,0,0,0,0,0,0,0,0,0,0,0,0,0,0,0,0,0,0,0,0,0,0,0,0,0,0,0,0,0,0,0,0,0,0,0,0,0,0,0,0,0,0,0,0,0,0,0,0,0,0,0,0,0,0,0,0,0,0,0,0,0,0,0,0,0,0,0,0,0,0,0,0,0,0
Region 13,Region 13,0,0,1,0.004,0,0,0,0,4,0.022,6,0.018,5,0.01,7,0.01,10,0.012,5,0.006,5,0.007,8,0.011,6,0.008,5,0.006,9,0.011,6,0.007,4,0.005,9,0.01,7,0.007,7,0.008,5,0.006,2,0.003,2,0.003,3,0.005,1,0.002,1,0.004,0,0,1,0.007,1,0.005,1,0.003,2,0.004,6,0.009,9,0.011,5,0.006,8,0.011,2,0.003,7,0.009,7,0.009,6,0.007,10,0.012,6,0.007,7,0.008,3,0.003,4,0.004,2,0.002,3,0.004,3,0.004,3,0.005,3,0.005,3,0.009,0,0,0,0,2,0.01,3,0.009,4,0.008,10,0.015,11,0.014,6,0.008,9,0.012,4,0.005,8,0.01,5,0.006,5,0.006,12,0.014,9,0.01,13,0.014,7,0.007,13,0.014,7,0.008,10,0.012,4,0.005,3,0.004,6,0.007,5,0.01,1,0.003,0,0,0,0,1,0.004,2,0.006,4,0.009,5,0.009,6,0.009,13,0.018,6,0.008,8,0.01,18,0.022,14,0.017,16,0.018,37,0.041,36,0.038,31,0.031,20,0.021,26,0.028,17,0.018,7,0.008,8,0.01
Region 13,Region 14,0,0,0,0,0,0,0,0,0,0,0,0,0,0,0,0,0,0,0,0,0,0,0,0,0,0,0,0,0,0,0,0,0,0,0,0,0,0,0,0,0,0,0,0,0,0,0,0,0,0,0,0,0,0,0,0,0,0,0,0,0,0,0,0,0,0,0,0,0,0,0,0,0,0,0,0,0,0,0,0,0,0,0,0,0,0,0,0,0,0,0,0,0,0,0,0,0,0,0,0,0,0,0,0,0,0,0,0,0,0,0,0,0,0,0,0,0,0,0,0,0,0,0,0,0,0,0,0,0,0,0,0,0,0,0,0,0,0,0,0,0,0,0,0,0,0,0,0,0,0,0,0,0,0,0,0,0,0,0,0,0,0,0,0,0,0,0,0,0,0,0,0,0,0,0,0,0,0,0,0,1,0.001,0,0,0,0,0,0,0,0,0,0
Region 13,Region 15,0,0,0,0,0,0,0,0,0,0,0,0,0,0,0,0,0,0,0,0,0,0,0,0,0,0,0,0,0,0,0,0,0,0,0,0,0,0,0,0,0,0,0,0,0,0,0,0,0,0,0,0,0,0,0,0,0,0,0,0,0,0,0,0,0,0,0,0,0,0,0,0,0,0,0,0,0,0,0,0,0,0,0,0,0,0,0,0,0,0,0,0,0,0,0,0,0,0,0,0,0,0,0,0,0,0,0,0,0,0,0,0,0,0,0,0,0,0,0,0,0,0,0,0,0,0,0,0,0,0,0,0,0,0,0,0,0,0,0,0,0,0,0,0,0,0,0,0,0,0,0,0,0,0,0,0,0,0,0,0,0,0,0,0,0,0,0,0,0,0,0,0,0,0,0,0,0,0,0,0,0,0,0,0,0,0,0,0,0,0,0,0
Region 13,Region 16,0,0,0,0,0,0,0,0,0,0,0,0,0,0,0,0,0,0,0,0,0,0,0,0,0,0,0,0,0,0,0,0,0,0,0,0,0,0,0,0,0,0,0,0,0,0,0,0,0,0,0,0,0,0,0,0,0,0,0,0,0,0,0,0,0,0,0,0,1,0.001,0,0,0,0,0,0,0,0,0,0,0,0,0,0,0,0,0,0,0,0,0,0,0,0,0,0,0,0,0,0,0,0,0,0,0,0,0,0,0,0,0,0,0,0,0,0,0,0,0,0,0,0,0,0,0,0,0,0,0,0,0,0,0,0,0,0,0,0,0,0,0,0,0,0,0,0,0,0,0,0,0,0,0,0,0,0,0,0,0,0,0,0,0,0,0,0,0,0,0,0,0,0,0,0,0,0,0,0,0,0,0,0,0,0,0,0,0,0,0,0,0,0
Region 14,Region 0,45,0.099,17,0.069,13,0.077,6,0.043,5,0.027,16,0.049,50,0.095,76,0.111,90,0.111,77,0.095,70,0.097,64,0.088,70,0.093,78,0.099,89,0.11,115,0.141,154,0.185,169,0.186,162,0.167,106,0.122,71,0.088,77,0.099,70,0.098,49,0.086,46,0.086,16,0.06,13,0.075,3,0.021,1,0.005,15,0.045,37,0.072,90,0.131,121,0.148,84,0.103,56,0.074,58,0.074,86,0.106,84,0.103,104,0.125,131,0.16,140,0.168,179,0.195,143,0.146,114,0.126,112,0.13,84,0.102,76,0.1,52,0.086,44,0.07,24,0.07,13,0.058,5,0.03,5,0.024,18,0.054,46,0.092,71,0.109,76,0.1,72,0.095,78,0.107,109,0.148,92,0.116,101,0.126,95,0.114,130,0.153,171,0.196,85,0.091,86,0.086,71,0.076,77,0.091,60,0.073,53,0.068,50,0.071,59,0.072,15,0.029,13,0.034,16,0.055,10,0.04,14,0.055,23,0.065,52,0.114,69,0.126,103,0.16,120,0.167,127,0.164,112,0.136,115,0.139,111,0.133,104,0.119,80,0.089,101,0.106,78,0.079,67,0.072,76,0.081,76,0.082,86,0.098,65,0.078
Region 14,Region 1,53,0.116,32,0.13,43,0.256,25,0.18,19,0.103,40,0.122,63,0.12,125,0.183,169,0.208,166,0.204,116,0.161,85,0.117,98,0.13,86,0.109,88,0.108,70,0.086,85,0.102,111,0.122,124,0.128,132,0.152,102,0.126,103,0.132,111,0.156,81,0.142,63,0.118,39,0.146,30,0.173,19,0.134,9,0.046,32,0.096,85,0.165,122,0.177,162,0.198,146,0.179,118,0.155,111,0.142,108,0.134,87,0.106,82,0.099,103,0.126,91,0.109,114,0.124,112,0.114,112,0.124,91,0.106,99,0.12,92,0.121,75,0.124,74,0.118,57,0.167,35,0.157,20,0.119,26,0.125,34,0.103,54,0.108,77,0.119,128,0.168,126,0.167,106,0.146,73,0.099,71,0.09,85,0.106,88,0.106,88,0.103,95,0.109,96,0.103,116,0.117,99,0.106,82,0.097,85,0.104,90,0.115,65,0.092,83,0.101,78,0.151,52,0.135,30,0.104,24,0.096,22,0.086,26,0.074,33,0.073,71,0.13,70,0.109,86,0.12,74,0.096,79,0.096,90,0.109,91,0.109,74,0.085,102,0.113,118,0.124,119,0.12,88,0.095,91,0.097,79,0.086,81,0.092,85,0.102
Region 14,Region 2,20,0.044,11,0.045,7,0.042,13,0.093,25,0.135,46,0.14,40,0.076,65,0.095,51,0.063,38,0.047,41,0.057,54,0.075,49,0.065,48,0.061,63,0.078,31,0.038,58,0.07,43,0.047,40,0.041,31,0.036,36,0.045,26,0.033,36,0.051,27,0.047,28,0.052,6,0.022,2,0.012,20,0.141,25,0.128,62,0.186,61,0.118,55,0.08,72,0.088,51,0.062,63,0.083,45,0.058,41,0.051,56,0.069,64,0.077,77,0.094,51,0.061,48,0.052,56,0.057,50,0.055,40,0.046,49,0.059,41,0.054,36,0.059,30,0.048,11,0.032,10,0.045,20,0.119,42,0.201,62,0.188,48,0.096,56,0.086,46,0.06,38,0.05,40,0.055,58,0.079,67,0.085,68,0.085,53,0.064,55,0.065,53,0.061,60,0.064,64,0.064,32,0.034,41,0.048,29,0.036,36,0.046,40,0.057,29,0.035,17,0.033,7,0.018,19,0.066,34,0.136,32,0.126,55,0.155,60,0.132,61,0.112,60,0.093,66,0.092,59,0.076,74,0.09,45,0.055,59,0.071,56,0.064,48,0.053,39,0.041,58,0.058,35,0.038,48,0.051,48,0.052,55,0.063,34,0.041
Region 14,Region 3,108,0.237,34,0.138,18,0.107,24,0.173,14,0.076,33,0.101,54,0.103,96,0.14,133,0.164,87,0.107,123,0.171,113,0.156,101,0.134,131,0.166,139,0.171,146,0.179,184,0.221,216,0.238,233,0.241,158,0.182,152,0.188,127,0.163,127,0.179,121,0.212,123,0.23,52,0.194,18,0.104,15,0.106,22,0.113,32,0.096,75,0.146,90,0.131,127,0.155,103,0.126,95,0.125,93,0.119,90,0.111,120,0.147,126,0.152,156,0.19,152,0.183,163,0.177,186,0.189,203,0.225,154,0.179,120,0.145,146,0.192,120,0.198,128,0.204,43,0.126,32,0.144,18,0.107,26,0.125,25,0.076,52,0.104,91,0.14,142,0.186,139,0.184,146,0.201,161,0.218,149,0.188,152,0.189,150,0.181,174,0.204,198,0.227,124,0.132,162,0.163,110,0.118,109,0.129,117,0.143,104,0.133,115,0.163,141,0.171,73,0.141,41,0.106,26,0.09,20,0.08,24,0.094,51,0.144,85,0.187,108,0.198,133,0.207,192,0.268,159,0.206,149,0.181,165,0.2,196,0.234,138,0.158,152,0.168,165,0.173,155,0.156,126,0.135,94,0.101,128,0.139,128,0.146,137,0.165
Region 14,Region 4,13,0.029,13,0.053,5,0.03,2,0.014,1,0.005,5,0.015,16,0.03,26,0.038,30,0.037,30,0.037,14,0.019,23,0.032,22,0.029,18,0.023,22,0.027,27,0.033,23,0.028,23,0.025,22,0.023,21,0.024,20,0.025,18,0.023,18,0.025,23,0.04,16,0.03,14,0.052,4,0.023,3,0.021,0,0,2,0.006,14,0.027,22,0.032,26,0.032,29,0.036,17,0.022,35,0.045,22,0.027,18,0.022,15,0.018,26,0.032,17,0.02,13,0.014,19,0.019,13,0.014,19,0.022,33,0.04,31,0.041,25,0.041,14,0.022,10,0.029,6,0.027,3,0.018,2,0.01,6,0.018,12,0.024,19,0.029,23,0.03,15,0.02,28,0.038,27,0.037,19,0.024,27,0.034,19,0.023,28,0.033,22,0.025,35,0.037,27,0.027,19,0.02,25,0.03,23,0.028,28,0.036,21,0.03,27,0.033,18,0.035,11,0.029,8,0.028,8,0.032,3,0.012,9,0.025,6,0.013,18,0.033,25,0.039,25,0.035,22,0.028,34,0.041,21,0.025,17,0.02,13,0.015,20,0.022,23,0.024,24,0.024,21,0.023,25,0.027,21,0.023,31,0.035,14,0.017
Region 14,Region 5,20,0.044,16,0.065,10,0.059,14,0.101,13,0.07,24,0.073,53,0.101,61,0.089,71,0.087,67,0.083,53,0.074,45,0.062,61,0.081,46,0.058,40,0.049,58,0.071,52,0.063,37,0.041,84,0.087,70,0.081,60,0.074,56,0.072,69,0.097,54,0.095,33,0.062,12,0.045,9,0.052,9,0.063,16,0.082,30,0.09,38,0.074,66,0.096,74,0.09,72,0.088,56,0.074,63,0.081,55,0.068,63,0.077,42,0.051,63,0.077,48,0.058,58,0.063,41,0.042,55,0.061,68,0.079,49,0.059,77,0.101,34,0.056,44,0.07,14,0.041,13,0.058,12,0.071,22,0.105,24,0.073,38,0.076,56,0.086,50,0.065,57,0.076,57,0.078,44,0.06,51,0.064,48,0.06,62,0.075,78,0.092,86,0.098,89,0.095,74,0.074,81,0.087,62,0.073,66,0.081,49,0.063,36,0.051,71,0.086,41,0.079,20,0.052,28,0.097,14,0.056,25,0.098,50,0.141,46,0.101,38,0.07,60,0.093,65,0.091,57,0.074,44,0.053,72,0.087,35,0.042,35,0.04,48,0.053,64,0.067,87,0.088,57,0.061,54,0.058,68,0.074,48,0.055,46,0.055
Region 14,Region 6,14,0.031,3,0.012,4,0.024,4,0.029,2,0.011,1,0.003,2,0.004,8,0.012,8,0.01,4,0.005,4,0.006,7,0.01,3,0.004,7,0.009,8,0.01,4,0.005,6,0.007,11,0.012,11,0.011,17,0.02,9,0.011,15,0.019,12,0.017,17,0.03,10,0.019,7,0.026,3,0.017,4,0.028,0,0,8,0.024,12,0.023,6,0.009,6,0.007,8,0.01,10,0.013,9,0.012,7,0.009,2,0.002,3,0.004,9,0.011,9,0.011,8,0.009,16,0.016,10,0.011,21,0.024,13,0.016,15,0.02,16,0.026,12,0.019,6,0.018,6,0.027,1,0.006,1,0.005,2,0.006,7,0.014,2,0.003,7,0.009,10,0.013,4,0.005,8,0.011,13,0.016,9,0.011,6,0.007,6,0.007,12,0.014,8,0.009,10,0.01,9,0.01,14,0.017,16,0.02,29,0.037,18,0.025,25,0.03,18,0.035,9,0.023,2,0.007,1,0.004,4,0.016,2,0.006,4,0.009,7,0.013,7,0.011,9,0.013,17,0.022,15,0.018,13,0.016,14,0.017,7,0.008,17,0.019,18,0.019,13,0.013,14,0.015,23,0.025,33,0.036,17,0.019,21,0.025
Region 14,Region 7,17,0.037,14,0.057,10,0.059,8,0.058,7,0.038,16,0.049,23,0.044,23,0.034,43,0.053,30,0.037,23,0.032,34,0.047,49,0.065,42,0.053,37,0.046,36,0.044,27,0.032,29,0.032,49,0.051,42,0.048,42,0.052,46,0.059,30,0.042,31,0.054,26,0.049,14,0.052,11,0.063,3,0.021,7,0.036,20,0.06,18,0.035,43,0.063,37,0.045,32,0.039,33,0.043,36,0.046,31,0.038,29,0.035,20,0.024,23,0.028,24,0.029,26,0.028,30,0.031,27,0.03,38,0.044,33,0.04,52,0.068,29,0.048,41,0.065,13,0.038,8,0.036,7,0.042,12,0.058,11,0.033,14,0.028,36,0.055,34,0.045,38,0.05,39,0.054,32,0.043,28,0.035,24,0.03,31,0.037,35,0.041,34,0.039,53,0.057,33,0.033,40,0.043,41,0.048,37,0.045,36,0.046,37,0.052,51,0.062,26,0.05,12,0.031,8,0.028,8,0.032,17,0.067,9,0.025,23,0.051,22,0.04,26,0.04,35,0.049,51,0.066,40,0.049,30,0.036,36,0.043,26,0.03,39,0.043,34,0.036,37,0.037,38,0.041,45,0.048,45,0.049,34,0.039,44,0.053
Region 14,Region 8,2,0.004,0,0,0,0,5,0.036,3,0.016,0,0,8,0.015,11,0.016,13,0.016,16,0.02,11,0.015,12,0.017,11,0.015,8,0.01,5,0.006,3,0.004,8,0.01,10,0.011,8,0.008,8,0.009,11,0.014,9,0.012,11,0.015,8,0.014,6,0.011,3,0.011,2,0.012,3,0.021,2,0.01,5,0.015,7,0.014,8,0.012,12,0.015,16,0.02,9,0.012,15,0.019,14,0.017,11,0.013,5,0.006,16,0.02,5,0.006,8,0.009,16,0.016,9,0.01,10,0.012,11,0.013,16,0.021,6,0.01,3,0.005,3,0.009,2,0.009,3,0.018,1,0.005,1,0.003,3,0.006,11,0.017,11,0.014,13,0.017,11,0.015,11,0.015,12,0.015,10,0.012,10,0.012,14,0.016,16,0.018,12,0.013,30,0.03,23,0.025,15,0.018,10,0.012,6,0.008,10,0.014,12,0.015,6,0.012,8,0.021,4,0.014,0,0,1,0.004,1,0.003,8,0.018,4,0.007,4,0.006,5,0.007,11,0.014,11,0.013,16,0.019,12,0.014,14,0.016,23,0.025,9,0.009,18,0.018,17,0.018,19,0.02,16,0.017,13,0.015,10,0.012
Region 14,Region 9,30,0.066,17,0.069,11,0.065,7,0.05,8,0.043,12,0.037,36,0.069,37,0.054,44,0.054,47,0.058,25,0.035,37,0.051,53,0.071,43,0.054,37,0.046,70,0.086,55,0.066,63,0.069,60,0.062,60,0.069,48,0.059,41,0.053,42,0.059,25,0.044,41,0.077,14,0.052,8,0.046,5,0.035,6,0.031,10,0.03,31,0.06,36,0.052,36,0.044,37,0.045,45,0.059,35,0.045,54,0.067,64,0.078,56,0.067,67,0.082,87,0.105,76,0.083,73,0.074,63,0.07,51,0.059,51,0.062,39,0.051,29,0.048,40,0.064,20,0.059,15,0.067,10,0.059,6,0.029,21,0.064,36,0.072,46,0.071,43,0.056,33,0.044,33,0.045,43,0.058,51,0.064,57,0.071,57,0.069,59,0.069,91,0.104,76,0.081,59,0.059,39,0.042,36,0.043,58,0.071,37,0.047,47,0.067,57,0.069,29,0.056,17,0.044,8,0.028,11,0.044,8,0.031,31,0.088,27,0.059,22,0.04,19,0.03,28,0.039,49,0.063,52,0.063,61,0.074,40,0.048,49,0.056,39,0.043,37,0.039,46,0.046,36,0.039,59,0.063,49,0.053,48,0.055,53,0.064
Region 14,Region 10,6,0.013,3,0.012,5,0.03,3,0.022,2,0.011,12,0.037,23,0.044,40,0.059,35,0.043,34,0.042,20,0.028,32,0.044,20,0.027,20,0.025,18,0.022,19,0.023,27,0.032,20,0.022,36,0.037,25,0.029,35,0.043,27,0.035,30,0.042,20,0.035,17,0.032,16,0.06,5,0.029,3,0.021,9,0.046,5,0.015,17,0.033,29,0.042,54,0.066,38,0.047,33,0.043,19,0.024,26,0.032,23,0.028,18,0.022,18,0.022,30,0.036,24,0.026,23,0.023,26,0.029,25,0.029,32,0.039,33,0.043,20,0.033,26,0.041,11,0.032,11,0.049,2,0.012,2,0.01,5,0.015,12,0.024,32,0.049,35,0.046,45,0.06,28,0.038,15,0.02,17,0.021,15,0.019,23,0.028,30,0.035,16,0.018,35,0.037,27,0.027,32,0.034,38,0.045,30,0.037,23,0.029,35,0.05,28,0.034,23,0.044,12,0.031,7,0.024,3,0.012,6,0.024,9,0.025,17,0.037,9,0.016,19,0.03,20,0.028,22,0.028,21,0.026,12,0.015,22,0.026,17,0.019,15,0.017,20,0.021,32,0.032,41,0.044,35,0.037,31,0.034,20,0.023,31,0.037
Region 14,Region 11,65,0.143,25,0.101,21,0.125,13,0.093,12,0.065,23,0.07,62,0.118,109,0.159,179,0.221,186,0.229,164,0.228,159,0.22,169,0.225,185,0.234,172,0.212,149,0.183,141,0.169,173,0.191,166,0.172,169,0.195,130,0.161,116,0.149,112,0.157,75,0.131,57,0.106,17,0.064,16,0.092,14,0.099,11,0.056,26,0.078,50,0.097,96,0.14,185,0.226,169,0.207,156,0.205,178,0.228,178,0.22,188,0.23,180,0.217,135,0.165,157,0.189,191,0.208,186,0.189,139,0.154,141,0.164,120,0.145,101,0.133,87,0.144,70,0.111,34,0.099,33,0.148,15,0.089,19,0.091,27,0.082,36,0.072,98,0.151,163,0.213,195,0.258,164,0.225,155,0.21,167,0.211,157,0.195,154,0.185,166,0.195,138,0.158,141,0.151,178,0.179,181,0.194,124,0.147,98,0.12,102,0.131,87,0.123,74,0.09,61,0.118,32,0.083,20,0.069,17,0.068,20,0.079,22,0.062,49,0.108,76,0.139,88,0.137,113,0.158,141,0.183,130,0.158,134,0.162,161,0.193,143,0.164,111,0.123,126,0.132,135,0.136,118,0.127,115,0.123,114,0.124,98,0.111,77,0.093
Region 14,Region 12,70,0.154,36,0.146,17,0.101,15,0.108,22,0.119,15,0.046,17,0.032,40,0.059,56,0.069,71,0.087,66,0.092,102,0.141,81,0.108,110,0.139,112,0.138,134,0.164,152,0.183,167,0.184,153,0.158,114,0.132,111,0.137,108,0.138,81,0.114,76,0.133,72,0.134,37,0.138,21,0.121,12,0.085,18,0.092,14,0.042,18,0.035,46,0.067,63,0.077,97,0.119,85,0.112,87,0.112,126,0.156,112,0.137,96,0.116,151,0.184,164,0.197,183,0.199,195,0.199,126,0.14,117,0.136,90,0.109,92,0.121,63,0.104,71,0.113,40,0.117,29,0.13,15,0.089,10,0.048,12,0.036,27,0.054,52,0.08,102,0.134,74,0.098,90,0.124,125,0.169,112,0.141,121,0.151,128,0.154,145,0.17,157,0.18,139,0.149,104,0.104,104,0.111,90,0.106,94,0.115,90,0.115,97,0.137,103,0.125,58,0.112,44,0.114,37,0.128,17,0.068,26,0.102,27,0.076,69,0.152,59,0.108,64,0.099,62,0.087,94,0.122,139,0.169,105,0.127,132,0.158,112,0.128,106,0.117,100,0.105,136,0.137,125,0.134,102,0.109,98,0.106,114,0.13,91,0.109
Region 14,Region 13,0,0,0,0,0,0,0,0,0,0,0,0,0,0,0,0,0,0,0,0,0,0,0,0,0,0,0,0,0,0,0,0,0,0,0,0,0,0,0,0,0,0,0,0,0,0,0,0,0,0,0,0,0,0,0,0,0,0,0,0,0,0,0,0,0,0,0,0,0,0,0,0,0,0,0,0,0,0,0,0,0,0,0,0,0,0,0,0,0,0,0,0,0,0,0,0,0,0,0,0,0,0,0,0,0,0,0,0,0,0,0,0,0,0,0,0,0,0,0,0,0,0,0,0,0,0,0,0,0,0,0,0,0,0,0,0,1,0.001,0,0,0,0,0,0,0,0,0,0,0,0,0,0,0,0,0,0,0,0,0,0,0,0,0,0,0,0,0,0,0,0,0,0,0,0,0,0,0,0,0,0,0,0,0,0,0,0,0,0,0,0,0,0
Region 14,Region 14,190,0.418,94,0.381,42,0.25,45,0.324,42,0.227,62,0.189,102,0.194,200,0.293,305,0.376,389,0.479,370,0.514,441,0.609,462,0.615,481,0.609,473,0.582,483,0.593,471,0.566,556,0.613,622,0.643,528,0.609,501,0.62,397,0.509,313,0.44,241,0.422,220,0.411,97,0.362,61,0.351,46,0.324,45,0.231,71,0.213,120,0.233,179,0.26,376,0.458,433,0.53,380,0.5,487,0.625,540,0.669,551,0.674,448,0.54,489,0.597,491,0.59,610,0.663,617,0.629,489,0.542,470,0.546,421,0.51,354,0.465,243,0.401,226,0.36,103,0.301,89,0.399,40,0.237,47,0.225,67,0.203,111,0.223,182,0.28,330,0.432,433,0.574,426,0.586,479,0.648,593,0.749,487,0.606,517,0.622,495,0.581,501,0.573,532,0.568,571,0.574,575,0.616,447,0.529,434,0.532,340,0.436,297,0.421,282,0.343,158,0.305,129,0.334,81,0.28,66,0.264,50,0.197,83,0.235,138,0.304,187,0.343,230,0.357,323,0.451,405,0.524,488,0.593,439,0.532,417,0.499,424,0.486,467,0.517,447,0.468,488,0.492,459,0.493,411,0.44,436,0.473,317,0.361,289,0.348
Region 14,Region 15,71,0.156,35,0.142,29,0.172,17,0.122,12,0.065,12,0.037,37,0.071,58,0.085,68,0.084,69,0.085,78,0.108,93,0.128,103,0.137,105,0.133,116,0.143,112,0.137,122,0.147,111,0.122,127,0.131,137,0.158,111,0.137,92,0.118,95,0.134,68,0.119,68,0.127,32,0.12,12,0.069,15,0.106,23,0.118,17,0.051,35,0.068,64,0.093,72,0.088,95,0.116,79,0.104,92,0.118,81,0.1,97,0.119,115,0.139,93,0.114,142,0.171,133,0.145,119,0.121,131,0.145,149,0.173,134,0.162,102,0.134,89,0.147,71,0.113,31,0.091,37,0.166,9,0.053,7,0.034,18,0.054,30,0.06,46,0.071,74,0.097,100,0.133,85,0.117,98,0.133,130,0.164,140,0.174,112,0.135,116,0.136,125,0.143,141,0.151,127,0.128,127,0.136,126,0.149,114,0.14,104,0.133,86,0.122,104,0.126,53,0.102,40,0.104,29,0.1,19,0.076,11,0.043,27,0.076,29,0.064,56,0.103,77,0.12,82,0.114,96,0.124,111,0.135,92,0.111,103,0.123,98,0.112,128,0.142,116,0.121,134,0.135,129,0.139,132,0.141,108,0.117,101,0.115,107,0.129
Region 14,Region 16,62,0.136,34,0.138,11,0.065,13,0.093,20,0.108,29,0.088,73,0.139,114,0.167,132,0.163,177,0.218,144,0.2,172,0.238,191,0.254,178,0.225,178,0.219,163,0.2,170,0.204,196,0.216,231,0.239,221,0.255,169,0.209,166,0.213,139,0.195,112,0.196,80,0.149,42,0.157,24,0.138,20,0.141,19,0.098,28,0.084,47,0.091,114,0.166,166,0.202,166,0.203,141,0.185,154,0.198,192,0.238,197,0.241,160,0.193,169,0.206,158,0.19,194,0.211,234,0.238,214,0.237,166,0.193,138,0.167,127,0.167,107,0.177,92,0.146,64,0.187,39,0.175,22,0.131,18,0.086,30,0.091,41,0.082,87,0.134,166,0.217,175,0.232,159,0.219,158,0.214,155,0.196,147,0.183,172,0.207,193,0.227,173,0.198,194,0.207,246,0.247,201,0.215,182,0.215,155,0.19,116,0.149,92,0.13,116,0.141,81,0.156,65,0.168,42,0.145,32,0.128,19,0.075,41,0.116,47,0.103,71,0.13,92,0.143,161,0.225,156,0.202,171,0.208,176,0.213,166,0.199,159,0.182,182,0.201,177,0.185,185,0.186,186,0.2,155,0.166,145,0.157,98,0.111,109,0.131
Region 15,Region 0,40,0.088,24,0.097,16,0.095,15,0.108,18,0.097,39,0.119,64,0.122,111,0.162,105,0.129,82,0.101,60,0.083,98,0.135,75,0.1,101,0.128,104,0.128,115,0.141,91,0.109,153,0.169,130,0.134,102,0.118,107,0.132,91,0.117,106,0.149,84,0.147,56,0.105,43,0.161,29,0.167,15,0.106,23,0.118,35,0.105,83,0.161,120,0.175,129,0.157,109,0.133,91,0.12,83,0.107,89,0.11,100,0.122,113,0.136,102,0.125,79,0.095,98,0.107,127,0.129,97,0.108,94,0.109,74,0.09,76,0.1,63,0.104,63,0.1,29,0.085,22,0.099,8,0.047,17,0.081,39,0.118,83,0.167,105,0.162,105,0.137,77,0.102,60,0.082,89,0.12,91,0.115,109,0.136,104,0.125,122,0.143,121,0.138,121,0.129,75,0.075,92,0.099,100,0.118,98,0.12,78,0.1,69,0.098,57,0.069,48,0.093,48,0.124,30,0.104,20,0.08,38,0.149,52,0.147,72,0.158,74,0.136,108,0.168,104,0.145,94,0.122,99,0.12,103,0.125,95,0.114,102,0.117,104,0.115,115,0.12,112,0.113,96,0.103,98,0.105,139,0.151,142,0.161,121,0.146
Region 15,Region 1,267,0.587,182,0.737,109,0.648,101,0.726,179,0.966,359,1.094,483,0.92,471,0.689,445,0.548,370,0.456,343,0.477,331,0.457,303,0.403,285,0.361,291,0.358,282,0.346,265,0.319,378,0.417,393,0.406,374,0.432,374,0.463,396,0.508,331,0.465,283,0.496,326,0.608,226,0.844,151,0.87,116,0.818,173,0.888,354,1.064,539,1.047,563,0.819,520,0.634,415,0.508,342,0.45,316,0.406,265,0.328,323,0.395,348,0.419,326,0.398,309,0.371,317,0.345,358,0.365,334,0.37,316,0.367,375,0.454,363,0.477,303,0.5,350,0.557,215,0.629,153,0.687,108,0.641,174,0.834,333,1.007,467,0.938,450,0.693,464,0.608,378,0.501,358,0.492,323,0.437,318,0.402,369,0.459,377,0.454,378,0.444,406,0.465,375,0.401,374,0.376,330,0.353,299,0.354,345,0.423,303,0.388,265,0.375,394,0.479,243,0.469,179,0.464,147,0.509,149,0.596,204,0.802,312,0.882,320,0.704,338,0.619,373,0.579,377,0.526,373,0.483,365,0.444,408,0.494,367,0.439,424,0.486,409,0.453,435,0.456,394,0.397,333,0.358,385,0.412,425,0.461,432,0.491,384,0.462
Region 15,Region 2,227,0.499,114,0.462,94,0.559,101,0.726,151,0.815,289,0.881,445,0.848,495,0.724,564,0.695,503,0.62,487,0.677,514,0.71,476,0.633,512,0.648,600,0.739,622,0.763,572,0.688,575,0.634,502,0.519,422,0.487,335,0.415,316,0.405,330,0.464,284,0.497,271,0.506,118,0.441,88,0.507,108,0.762,202,1.037,316,0.95,431,0.837,517,0.752,558,0.68,501,0.613,488,0.642,472,0.606,483,0.598,558,0.683,609,0.734,620,0.757,645,0.775,652,0.709,640,0.652,582,0.645,422,0.49,370,0.448,348,0.457,297,0.49,289,0.46,139,0.407,90,0.404,118,0.7,196,0.94,358,1.083,439,0.882,455,0.701,561,0.735,481,0.638,451,0.62,422,0.571,466,0.589,476,0.593,555,0.668,612,0.719,667,0.763,589,0.629,563,0.565,522,0.559,440,0.52,366,0.448,407,0.521,367,0.52,347,0.422,210,0.406,134,0.347,129,0.446,202,0.808,198,0.778,295,0.834,361,0.795,402,0.736,421,0.654,438,0.611,421,0.545,511,0.621,568,0.688,505,0.604,624,0.715,600,0.664,537,0.562,581,0.585,560,0.602,467,0.5,499,0.541,505,0.574,438,0.527
Region 15,Region 3,98,0.215,51,0.206,33,0.196,26,0.187,28,0.151,55,0.168,80,0.152,144,0.211,159,0.196,150,0.185,204,0.284,200,0.276,182,0.242,202,0.256,215,0.265,229,0.281,175,0.21,175,0.193,155,0.16,148,0.171,159,0.197,136,0.174,132,0.186,106,0.186,98,0.183,86,0.321,42,0.242,22,0.155,26,0.133,46,0.138,88,0.171,126,0.183,188,0.229,214,0.262,216,0.284,174,0.223,223,0.276,232,0.284,257,0.31,167,0.204,133,0.16,141,0.153,149,0.152,111,0.123,123,0.143,124,0.15,118,0.155,140,0.231,144,0.229,60,0.176,51,0.229,30,0.178,28,0.134,47,0.142,82,0.165,129,0.199,184,0.241,171,0.227,188,0.258,192,0.26,204,0.258,187,0.233,146,0.176,144,0.169,177,0.203,163,0.174,165,0.166,167,0.179,141,0.167,115,0.141,112,0.143,132,0.187,178,0.216,103,0.199,56,0.145,52,0.18,46,0.184,37,0.145,89,0.252,132,0.291,137,0.251,140,0.217,147,0.205,144,0.186,155,0.188,156,0.189,149,0.178,182,0.208,205,0.227,178,0.186,208,0.21,179,0.192,153,0.164,190,0.206,230,0.262,213,0.256
Region 15,Region 4,150,0.33,98,0.397,44,0.261,32,0.23,79,0.426,205,0.625,287,0.547,293,0.429,282,0.347,189,0.233,163,0.227,169,0.234,208,0.277,185,0.234,190,0.234,171,0.21,129,0.155,185,0.204,183,0.189,138,0.159,166,0.205,168,0.215,126,0.177,161,0.282,151,0.282,91,0.34,41,0.236,30,0.212,78,0.4,232,0.697,316,0.614,345,0.502,313,0.382,229,0.28,158,0.208,190,0.244,190,0.235,184,0.225,220,0.265,189,0.231,173,0.208,150,0.163,174,0.177,178,0.197,142,0.165,164,0.199,193,0.253,138,0.228,137,0.218,81,0.237,45,0.202,39,0.231,80,0.384,203,0.614,299,0.6,266,0.41,247,0.323,208,0.276,201,0.276,216,0.292,229,0.289,270,0.336,300,0.361,275,0.323,263,0.301,237,0.253,240,0.241,230,0.246,190,0.225,188,0.23,156,0.2,130,0.184,171,0.208,92,0.178,68,0.176,54,0.187,72,0.288,52,0.204,130,0.368,220,0.484,290,0.531,310,0.482,261,0.364,309,0.4,356,0.433,316,0.383,322,0.385,294,0.337,273,0.302,293,0.307,283,0.285,211,0.227,240,0.257,257,0.279,188,0.214,184,0.221
Region 15,Region 5,18,0.04,16,0.065,8,0.048,11,0.079,23,0.124,20,0.061,46,0.088,34,0.05,38,0.047,40,0.049,27,0.038,27,0.037,28,0.037,35,0.044,35,0.043,40,0.049,30,0.036,41,0.045,28,0.029,27,0.031,33,0.041,28,0.036,38,0.053,26,0.046,15,0.028,15,0.056,11,0.063,10,0.071,11,0.056,25,0.075,39,0.076,42,0.061,46,0.056,51,0.062,37,0.049,28,0.036,42,0.052,43,0.053,34,0.041,30,0.037,30,0.036,31,0.034,31,0.032,33,0.037,39,0.045,38,0.046,35,0.046,23,0.038,26,0.041,13,0.038,9,0.04,7,0.042,19,0.091,39,0.118,33,0.066,25,0.038,35,0.046,21,0.028,28,0.038,29,0.039,28,0.035,34,0.042,48,0.058,41,0.048,47,0.054,43,0.046,42,0.042,33,0.035,42,0.05,36,0.044,39,0.05,36,0.051,38,0.046,20,0.039,11,0.029,20,0.069,6,0.024,24,0.094,28,0.079,28,0.062,30,0.055,62,0.096,36,0.05,34,0.044,41,0.05,35,0.042,41,0.049,33,0.038,41,0.045,49,0.051,36,0.036,35,0.038,51,0.055,45,0.049,33,0.038,38,0.046
Region 15,Region 6,71,0.156,43,0.174,30,0.178,23,0.165,44,0.238,104,0.317,144,0.274,131,0.192,124,0.153,97,0.119,71,0.099,96,0.133,85,0.113,77,0.097,54,0.066,60,0.074,74,0.089,109,0.12,110,0.114,83,0.096,96,0.119,100,0.128,66,0.093,90,0.158,95,0.177,37,0.138,40,0.23,30,0.212,40,0.205,115,0.346,178,0.346,185,0.269,133,0.162,118,0.144,81,0.107,80,0.103,84,0.104,87,0.106,125,0.151,110,0.134,117,0.141,120,0.13,101,0.103,98,0.109,124,0.144,114,0.138,105,0.138,97,0.16,122,0.194,64,0.187,39,0.175,38,0.225,47,0.225,88,0.266,139,0.279,144,0.222,118,0.154,93,0.123,88,0.121,103,0.139,98,0.124,120,0.149,119,0.143,132,0.155,157,0.18,150,0.16,155,0.156,131,0.14,138,0.163,130,0.159,166,0.213,130,0.184,169,0.206,122,0.236,70,0.181,47,0.163,33,0.132,56,0.22,68,0.192,83,0.183,105,0.192,151,0.235,149,0.208,162,0.21,188,0.229,178,0.216,191,0.228,185,0.212,161,0.178,180,0.188,194,0.195,146,0.157,197,0.211,214,0.232,181,0.206,167,0.201
Region 15,Region 7,76,0.167,65,0.263,33,0.196,35,0.252,51,0.275,151,0.46,221,0.421,216,0.316,177,0.218,147,0.181,152,0.211,163,0.225,144,0.192,125,0.158,113,0.139,114,0.14,87,0.105,128,0.141,148,0.153,134,0.155,151,0.187,118,0.151,120,0.169,109,0.191,109,0.203,60,0.224,32,0.184,41,0.289,62,0.318,124,0.373,232,0.451,240,0.349,243,0.296,186,0.228,139,0.183,158,0.203,144,0.178,158,0.193,171,0.206,173,0.211,149,0.179,164,0.178,128,0.13,130,0.144,149,0.173,143,0.173,165,0.217,128,0.211,131,0.209,63,0.184,47,0.211,43,0.255,89,0.427,154,0.466,213,0.428,212,0.326,205,0.268,191,0.253,181,0.249,167,0.226,183,0.231,192,0.239,213,0.256,194,0.228,183,0.209,197,0.21,174,0.175,175,0.187,156,0.184,172,0.211,171,0.219,127,0.18,184,0.224,148,0.286,74,0.192,52,0.18,48,0.192,109,0.429,173,0.489,159,0.35,174,0.319,200,0.311,189,0.264,184,0.238,172,0.209,204,0.247,195,0.233,182,0.208,179,0.198,214,0.224,199,0.201,170,0.183,219,0.234,230,0.249,227,0.258,198,0.238
Region 15,Region 8,2,0.004,2,0.008,2,0.012,3,0.022,5,0.027,9,0.027,5,0.01,2,0.003,11,0.014,8,0.01,3,0.004,3,0.004,3,0.004,2,0.003,4,0.005,5,0.006,7,0.008,7,0.008,10,0.01,5,0.006,3,0.004,7,0.009,9,0.013,4,0.007,7,0.013,4,0.015,0,0,0,0,2,0.01,4,0.012,7,0.014,7,0.01,7,0.009,7,0.009,8,0.011,7,0.009,3,0.004,1,0.001,6,0.007,7,0.009,7,0.008,6,0.007,4,0.004,7,0.008,5,0.006,6,0.007,11,0.014,5,0.008,4,0.006,4,0.012,1,0.004,2,0.012,5,0.024,7,0.021,4,0.008,9,0.014,12,0.016,4,0.005,4,0.005,2,0.003,3,0.004,4,0.005,4,0.005,13,0.015,6,0.007,10,0.011,12,0.012,11,0.012,8,0.009,4,0.005,6,0.008,12,0.017,8,0.01,5,0.01,1,0.003,0,0,1,0.004,3,0.012,2,0.006,5,0.011,6,0.011,11,0.017,2,0.003,8,0.01,8,0.01,7,0.008,9,0.011,11,0.013,9,0.01,8,0.008,6,0.006,10,0.011,5,0.005,6,0.007,8,0.009,8,0.01
Region 15,Region 9,79,0.174,48,0.194,17,0.101,13,0.093,18,0.097,21,0.064,53,0.101,64,0.094,74,0.091,87,0.107,63,0.088,73,0.101,55,0.073,86,0.109,94,0.116,79,0.097,113,0.136,140,0.154,104,0.107,83,0.096,108,0.134,67,0.086,93,0.131,114,0.2,88,0.164,41,0.153,30,0.173,15,0.106,20,0.103,29,0.087,71,0.138,61,0.089,82,0.1,88,0.108,91,0.12,98,0.126,96,0.119,88,0.108,96,0.116,100,0.122,82,0.099,103,0.112,107,0.109,86,0.095,98,0.114,95,0.115,105,0.138,108,0.178,87,0.138,48,0.14,42,0.188,19,0.113,21,0.101,33,0.1,49,0.098,77,0.119,99,0.13,96,0.127,85,0.117,57,0.077,86,0.109,101,0.126,78,0.094,82,0.096,92,0.105,82,0.088,106,0.106,103,0.11,112,0.132,120,0.147,112,0.143,104,0.147,110,0.134,79,0.153,52,0.135,37,0.128,34,0.136,34,0.134,38,0.107,52,0.114,52,0.095,54,0.084,62,0.087,66,0.085,61,0.074,66,0.08,97,0.116,97,0.111,91,0.101,91,0.095,109,0.11,111,0.119,97,0.104,131,0.142,145,0.165,129,0.155
Region 15,Region 10,41,0.09,18,0.073,13,0.077,13,0.093,20,0.108,49,0.149,80,0.152,100,0.146,99,0.122,73,0.09,72,0.1,77,0.106,77,0.102,61,0.077,50,0.062,48,0.059,62,0.075,81,0.089,85,0.088,54,0.062,82,0.101,66,0.085,44,0.062,46,0.081,48,0.09,39,0.146,16,0.092,18,0.127,29,0.149,55,0.165,104,0.202,108,0.157,112,0.137,88,0.108,64,0.084,65,0.083,89,0.11,78,0.095,70,0.084,79,0.096,89,0.107,105,0.114,94,0.096,66,0.073,69,0.08,75,0.091,77,0.101,48,0.079,49,0.078,35,0.102,18,0.081,17,0.101,31,0.149,61,0.184,104,0.209,85,0.131,84,0.11,82,0.109,91,0.125,78,0.106,92,0.116,121,0.151,133,0.16,96,0.113,85,0.097,104,0.111,111,0.111,126,0.135,103,0.122,116,0.142,85,0.109,77,0.109,86,0.105,43,0.083,24,0.062,17,0.059,30,0.12,55,0.216,73,0.206,82,0.18,108,0.198,132,0.205,135,0.188,105,0.136,104,0.126,105,0.127,128,0.153,119,0.136,119,0.132,118,0.124,107,0.108,88,0.095,121,0.13,143,0.155,119,0.135,109,0.131
Region 15,Region 11,173,0.38,85,0.344,49,0.291,44,0.316,85,0.459,188,0.573,376,0.717,456,0.667,569,0.701,595,0.733,494,0.687,399,0.551,431,0.573,466,0.59,493,0.607,481,0.59,456,0.548,517,0.57,498,0.515,487,0.562,295,0.365,285,0.365,223,0.314,166,0.291,168,0.314,98,0.366,53,0.305,36,0.254,72,0.37,178,0.535,340,0.66,569,0.828,601,0.733,590,0.722,548,0.721,436,0.56,460,0.57,500,0.612,510,0.615,530,0.647,459,0.551,484,0.526,532,0.542,394,0.437,358,0.416,307,0.372,215,0.282,184,0.304,193,0.307,124,0.363,79,0.355,67,0.397,103,0.494,177,0.535,342,0.687,470,0.724,552,0.723,470,0.623,483,0.664,464,0.628,443,0.56,461,0.574,444,0.534,472,0.554,471,0.539,444,0.474,442,0.444,387,0.414,292,0.345,267,0.327,257,0.329,205,0.29,230,0.28,138,0.267,73,0.189,60,0.208,91,0.364,131,0.515,229,0.647,267,0.588,346,0.634,343,0.533,398,0.555,413,0.535,419,0.509,440,0.533,425,0.508,422,0.483,481,0.532,446,0.467,436,0.439,397,0.427,359,0.384,330,0.358,263,0.299,236,0.284
Region 15,Region 12,142,0.312,67,0.271,37,0.22,23,0.165,26,0.14,46,0.14,85,0.162,142,0.208,215,0.265,224,0.276,200,0.278,213,0.294,235,0.313,241,0.305,262,0.323,291,0.357,317,0.381,374,0.413,340,0.351,226,0.261,180,0.223,191,0.245,161,0.226,105,0.184,117,0.218,63,0.235,54,0.311,30,0.212,30,0.154,49,0.147,95,0.185,174,0.253,242,0.295,260,0.318,253,0.333,232,0.298,237,0.293,226,0.276,267,0.322,280,0.342,338,0.406,352,0.383,383,0.39,291,0.323,233,0.271,215,0.26,186,0.244,143,0.236,121,0.193,81,0.237,49,0.22,32,0.19,25,0.12,36,0.109,79,0.159,158,0.243,217,0.284,240,0.318,243,0.334,279,0.378,267,0.337,297,0.37,284,0.342,336,0.395,365,0.418,351,0.375,329,0.33,280,0.3,249,0.294,219,0.268,203,0.26,151,0.214,189,0.23,123,0.238,81,0.21,53,0.183,50,0.2,56,0.22,74,0.209,138,0.304,150,0.275,185,0.287,212,0.296,209,0.271,275,0.334,266,0.322,284,0.34,298,0.341,297,0.329,279,0.292,289,0.291,263,0.283,298,0.319,280,0.304,245,0.279,215,0.259
Region 15,Region 13,0,0,0,0,0,0,0,0,0,0,0,0,0,0,0,0,0,0,0,0,0,0,0,0,0,0,0,0,0,0,0,0,0,0,0,0,0,0,0,0,0,0,0,0,0,0,0,0,0,0,0,0,0,0,0,0,0,0,0,0,0,0,0,0,0,0,0,0,0,0,0,0,0,0,0,0,0,0,0,0,0,0,0,0,0,0,0,0,0,0,0,0,0,0,0,0,0,0,0,0,0,0,0,0,0,0,0,0,0,0,0,0,0,0,0,0,0,0,0,0,0,0,0,0,0,0,0,0,0,0,0,0,0,0,0,0,0,0,0,0,0,0,0,0,0,0,0,0,0,0,0,0,0,0,0,0,0,0,0,0,0,0,0,0,0,0,0,0,0,0,0,0,0,0,0,0,0,0,0,0,0,0,0,0,0,0,0,0,0,0,0,0
Region 15,Region 14,51,0.112,28,0.113,16,0.095,19,0.137,17,0.092,28,0.085,71,0.135,107,0.157,153,0.189,159,0.196,136,0.189,147,0.203,131,0.174,141,0.178,175,0.215,159,0.195,141,0.169,177,0.195,161,0.166,157,0.181,141,0.174,93,0.119,57,0.08,65,0.114,59,0.11,34,0.127,22,0.127,16,0.113,22,0.113,36,0.108,66,0.128,133,0.193,179,0.218,159,0.195,151,0.199,138,0.177,179,0.222,138,0.169,160,0.193,153,0.187,189,0.227,177,0.192,182,0.185,181,0.201,124,0.144,119,0.144,97,0.127,55,0.091,61,0.097,34,0.099,20,0.09,17,0.101,19,0.091,34,0.103,57,0.114,115,0.177,175,0.229,122,0.162,132,0.181,140,0.19,146,0.184,142,0.177,165,0.199,163,0.191,188,0.215,137,0.146,175,0.176,144,0.154,113,0.134,105,0.129,101,0.129,72,0.102,94,0.114,36,0.07,21,0.054,22,0.076,27,0.108,20,0.079,44,0.124,64,0.141,92,0.169,112,0.174,120,0.167,150,0.194,146,0.177,136,0.165,158,0.189,154,0.176,165,0.183,150,0.157,181,0.182,144,0.155,155,0.166,126,0.137,120,0.136,112,0.135
Region 15,Region 15,920,2.022,560,2.267,323,1.919,240,1.726,248,1.339,432,1.316,900,1.715,1526,2.233,1942,2.393,1933,2.381,1632,2.268,1728,2.388,1817,2.417,2027,2.566,2090,2.573,2335,2.864,2459,2.956,2477,2.732,2524,2.609,2068,2.386,1669,2.065,1404,1.799,1343,1.888,1100,1.926,1029,1.921,494,1.845,363,2.091,300,2.116,252,1.294,411,1.236,998,1.938,1687,2.454,2068,2.522,2116,2.591,1900,2.499,1813,2.327,1922,2.38,2001,2.448,2179,2.626,2331,2.846,2526,3.035,2600,2.827,2627,2.676,2129,2.36,1743,2.024,1627,1.971,1312,1.723,1173,1.936,1213,1.931,644,1.884,411,1.844,347,2.059,309,1.481,432,1.307,886,1.779,1527,2.351,1925,2.52,2044,2.709,1813,2.492,1817,2.46,1986,2.508,2069,2.576,2355,2.834,2545,2.988,2584,2.958,2473,2.642,2564,2.575,2161,2.314,1879,2.222,1771,2.169,1516,1.942,1319,1.868,1555,1.891,872,1.685,575,1.49,438,1.516,433,1.732,459,1.805,654,1.849,959,2.111,1273,2.332,1516,2.355,1686,2.352,1851,2.396,2154,2.618,2234,2.706,2377,2.843,2607,2.986,2467,2.73,2451,2.567,2496,2.515,2427,2.609,2236,2.393,2235,2.424,2136,2.429,1807,2.174
Region 15,Region 16,18,0.04,8,0.032,12,0.071,9,0.065,12,0.065,20,0.061,48,0.091,53,0.078,65,0.08,81,0.1,65,0.09,55,0.076,53,0.071,48,0.061,59,0.073,57,0.07,61,0.073,70,0.077,69,0.071,43,0.05,40,0.049,26,0.033,16,0.022,24,0.042,27,0.05,11,0.041,7,0.04,5,0.035,5,0.026,24,0.072,38,0.074,53,0.077,76,0.093,71,0.087,46,0.06,40,0.051,45,0.056,54,0.066,67,0.081,58,0.071,65,0.078,95,0.103,69,0.07,62,0.069,37,0.043,39,0.047,30,0.039,26,0.043,26,0.041,13,0.038,11,0.049,9,0.053,11,0.053,20,0.06,31,0.062,54,0.083,67,0.088,59,0.078,47,0.065,41,0.056,41,0.052,54,0.067,54,0.065,45,0.053,52,0.06,61,0.065,55,0.055,51,0.055,37,0.044,31,0.038,28,0.036,23,0.033,28,0.034,19,0.037,13,0.034,12,0.042,13,0.052,25,0.098,23,0.065,32,0.07,32,0.059,47,0.073,58,0.081,60,0.078,54,0.066,56,0.068,54,0.065,72,0.082,78,0.086,61,0.064,55,0.055,47,0.051,41,0.044,42,0.046,33,0.038,27,0.032
Region 16,Region 0,54,0.119,16,0.065,12,0.071,8,0.058,11,0.059,19,0.058,40,0.076,86,0.126,80,0.099,85,0.105,92,0.128,88,0.122,100,0.133,116,0.147,129,0.159,123,0.151,147,0.177,140,0.154,167,0.173,110,0.127,102,0.126,106,0.136,118,0.166,120,0.21,64,0.119,16,0.06,6,0.035,10,0.071,16,0.082,13,0.039,42,0.082,88,0.128,111,0.135,92,0.113,85,0.112,95,0.122,104,0.129,104,0.127,125,0.151,127,0.155,123,0.148,146,0.159,166,0.169,108,0.12,109,0.127,113,0.137,99,0.13,103,0.17,61,0.097,28,0.082,12,0.054,7,0.042,6,0.029,17,0.051,56,0.112,91,0.14,100,0.131,84,0.111,95,0.131,112,0.152,124,0.157,139,0.173,113,0.136,124,0.146,136,0.156,108,0.115,91,0.091,87,0.093,73,0.086,59,0.072,70,0.09,83,0.118,82,0.1,31,0.06,24,0.062,20,0.069,8,0.032,19,0.075,36,0.102,49,0.108,74,0.136,104,0.162,139,0.194,150,0.194,133,0.162,130,0.157,121,0.145,131,0.15,123,0.136,115,0.12,131,0.132,98,0.105,76,0.081,116,0.126,115,0.131,105,0.126
Region 16,Region 1,212,0.466,109,0.441,60,0.357,62,0.446,73,0.394,115,0.35,270,0.515,517,0.756,621,0.765,640,0.788,492,0.684,420,0.58,434,0.577,423,0.535,445,0.548,398,0.488,436,0.524,570,0.629,624,0.645,537,0.62,443,0.548,394,0.505,376,0.529,307,0.538,241,0.45,115,0.43,65,0.374,49,0.346,56,0.287,106,0.319,236,0.458,464,0.675,508,0.619,544,0.666,473,0.622,428,0.549,436,0.54,403,0.493,380,0.458,421,0.514,482,0.579,473,0.514,611,0.622,536,0.594,467,0.542,438,0.531,395,0.519,325,0.536,242,0.385,153,0.448,90,0.404,53,0.314,63,0.302,99,0.299,182,0.365,362,0.557,410,0.537,415,0.55,360,0.495,385,0.521,428,0.541,405,0.504,408,0.491,426,0.5,429,0.491,453,0.484,502,0.504,430,0.46,397,0.47,365,0.447,333,0.427,279,0.395,311,0.378,224,0.433,144,0.373,105,0.363,69,0.276,74,0.291,111,0.314,140,0.308,183,0.335,240,0.373,280,0.391,320,0.414,380,0.462,426,0.516,329,0.394,411,0.471,414,0.458,516,0.54,461,0.465,487,0.523,427,0.457,399,0.433,362,0.412,349,0.42
Region 16,Region 2,21,0.046,8,0.032,4,0.024,3,0.022,17,0.092,34,0.104,32,0.061,39,0.057,42,0.052,38,0.047,48,0.067,59,0.082,43,0.057,54,0.068,42,0.052,27,0.033,38,0.046,31,0.034,31,0.032,22,0.025,27,0.033,10,0.013,12,0.017,12,0.021,16,0.03,11,0.041,2,0.012,2,0.014,21,0.108,45,0.135,46,0.089,40,0.058,54,0.066,52,0.064,35,0.046,39,0.05,42,0.052,44,0.054,55,0.066,48,0.059,34,0.041,33,0.036,32,0.033,37,0.041,29,0.034,19,0.023,13,0.017,15,0.025,17,0.027,5,0.015,2,0.009,7,0.042,31,0.149,54,0.163,33,0.066,32,0.049,33,0.043,55,0.073,53,0.073,49,0.066,53,0.067,38,0.047,37,0.045,34,0.04,42,0.048,36,0.038,29,0.029,28,0.03,15,0.018,13,0.016,21,0.027,11,0.016,22,0.027,8,0.015,7,0.018,5,0.017,23,0.092,28,0.11,25,0.071,33,0.073,44,0.081,44,0.068,44,0.061,43,0.056,30,0.036,25,0.03,31,0.037,37,0.042,33,0.037,27,0.028,26,0.026,25,0.027,19,0.02,14,0.015,20,0.023,32,0.038
Region 16,Region 3,122,0.268,47,0.19,22,0.131,22,0.158,27,0.146,21,0.064,76,0.145,128,0.187,136,0.168,145,0.179,124,0.172,136,0.188,158,0.21,168,0.213,165,0.203,147,0.18,157,0.189,180,0.199,207,0.214,163,0.188,162,0.2,152,0.195,151,0.212,206,0.361,148,0.276,48,0.179,21,0.121,20,0.141,28,0.144,24,0.072,57,0.111,133,0.193,166,0.202,120,0.147,108,0.142,123,0.158,116,0.144,150,0.183,172,0.207,165,0.201,119,0.143,147,0.16,156,0.159,104,0.115,144,0.167,195,0.236,232,0.305,192,0.317,153,0.244,60,0.176,31,0.139,27,0.16,28,0.134,21,0.064,74,0.149,122,0.188,189,0.247,150,0.199,140,0.192,171,0.231,165,0.208,154,0.192,190,0.229,171,0.201,145,0.166,171,0.183,165,0.166,134,0.143,118,0.14,116,0.142,168,0.215,140,0.198,163,0.198,80,0.155,51,0.132,48,0.166,46,0.184,34,0.134,53,0.15,96,0.211,118,0.216,185,0.287,185,0.258,193,0.25,168,0.204,176,0.213,165,0.197,184,0.211,195,0.216,149,0.156,159,0.16,122,0.131,146,0.156,147,0.159,162,0.184,191,0.23
Region 16,Region 4,39,0.086,21,0.085,8,0.048,8,0.058,3,0.016,9,0.027,24,0.046,52,0.076,64,0.079,44,0.054,26,0.036,48,0.066,35,0.047,51,0.065,44,0.054,32,0.039,48,0.058,47,0.052,41,0.042,47,0.054,46,0.057,53,0.068,39,0.055,34,0.06,26,0.049,19,0.071,5,0.029,8,0.056,2,0.01,9,0.027,33,0.064,54,0.079,52,0.063,39,0.048,34,0.045,43,0.055,34,0.042,38,0.046,40,0.048,36,0.044,32,0.038,31,0.034,45,0.046,28,0.031,46,0.053,57,0.069,47,0.062,54,0.089,31,0.049,21,0.061,6,0.027,5,0.03,3,0.014,6,0.018,19,0.038,33,0.051,59,0.077,59,0.078,36,0.049,32,0.043,53,0.067,47,0.059,42,0.051,43,0.05,48,0.055,51,0.054,50,0.05,38,0.041,40,0.047,45,0.055,63,0.081,35,0.05,45,0.055,16,0.031,11,0.029,14,0.048,7,0.028,6,0.024,13,0.037,16,0.035,21,0.038,32,0.05,54,0.075,43,0.056,35,0.043,43,0.052,48,0.057,61,0.07,56,0.062,88,0.092,70,0.071,46,0.049,46,0.049,46,0.05,60,0.068,53,0.064
Region 16,Region 5,99,0.218,47,0.19,23,0.137,23,0.165,34,0.184,74,0.225,115,0.219,200,0.293,240,0.296,291,0.358,224,0.311,207,0.286,219,0.291,224,0.284,221,0.272,234,0.287,188,0.226,254,0.28,245,0.253,247,0.285,280,0.346,238,0.305,210,0.295,162,0.284,104,0.194,51,0.191,35,0.202,28,0.198,41,0.21,80,0.241,141,0.274,236,0.343,291,0.355,311,0.381,199,0.262,244,0.313,208,0.258,196,0.24,210,0.253,213,0.26,195,0.234,206,0.224,147,0.15,164,0.182,232,0.269,235,0.285,254,0.334,159,0.262,140,0.223,66,0.193,39,0.175,41,0.243,53,0.254,80,0.242,88,0.177,156,0.24,218,0.285,228,0.302,197,0.271,170,0.23,219,0.277,182,0.227,201,0.242,215,0.252,203,0.232,254,0.271,307,0.308,265,0.284,203,0.24,215,0.263,226,0.29,184,0.261,168,0.204,130,0.251,81,0.21,62,0.215,52,0.208,65,0.256,91,0.257,132,0.291,135,0.247,196,0.304,174,0.243,187,0.242,222,0.27,296,0.358,186,0.222,218,0.25,205,0.227,302,0.316,253,0.255,238,0.256,238,0.255,218,0.236,207,0.235,151,0.182
Region 16,Region 6,15,0.033,4,0.016,3,0.018,4,0.029,0,0,4,0.012,4,0.008,7,0.01,5,0.006,8,0.01,9,0.013,6,0.008,9,0.012,9,0.011,6,0.007,8,0.01,8,0.01,25,0.028,19,0.02,21,0.024,21,0.026,23,0.029,21,0.03,31,0.054,15,0.028,2,0.007,4,0.023,3,0.021,5,0.026,4,0.012,1,0.002,5,0.007,6,0.007,7,0.009,5,0.007,6,0.008,6,0.007,4,0.005,9,0.011,10,0.012,24,0.029,22,0.024,33,0.034,31,0.034,17,0.02,24,0.029,28,0.037,22,0.036,15,0.024,7,0.02,8,0.036,3,0.018,4,0.019,4,0.012,9,0.018,6,0.009,6,0.008,13,0.017,5,0.007,4,0.005,8,0.01,11,0.014,10,0.012,15,0.018,16,0.018,33,0.035,33,0.033,25,0.027,27,0.032,30,0.037,42,0.054,23,0.033,37,0.045,19,0.037,7,0.018,6,0.021,6,0.024,2,0.008,4,0.011,8,0.018,5,0.009,22,0.034,10,0.014,13,0.017,25,0.03,19,0.023,19,0.023,18,0.021,23,0.025,35,0.037,25,0.025,26,0.028,24,0.026,23,0.025,19,0.022,21,0.025
Region 16,Region 7,42,0.092,24,0.097,18,0.107,14,0.101,14,0.076,42,0.128,63,0.12,105,0.154,112,0.138,82,0.101,81,0.113,90,0.124,82,0.109,75,0.095,80,0.098,75,0.092,72,0.087,103,0.114,106,0.11,98,0.113,100,0.124,82,0.105,111,0.156,90,0.158,38,0.071,22,0.082,16,0.092,13,0.092,22,0.113,47,0.141,74,0.144,90,0.131,119,0.145,99,0.121,81,0.107,89,0.114,108,0.134,97,0.119,103,0.124,78,0.095,79,0.095,81,0.088,84,0.086,99,0.11,105,0.122,88,0.107,117,0.154,89,0.147,83,0.132,36,0.105,22,0.099,19,0.113,20,0.096,38,0.115,48,0.096,61,0.094,105,0.137,91,0.121,118,0.162,98,0.133,123,0.155,123,0.153,119,0.143,110,0.129,99,0.113,106,0.113,165,0.166,139,0.149,120,0.142,104,0.127,101,0.129,97,0.137,109,0.133,64,0.124,30,0.078,29,0.1,22,0.088,26,0.102,35,0.099,61,0.134,80,0.147,79,0.123,95,0.133,85,0.11,90,0.109,94,0.114,106,0.127,111,0.127,120,0.133,135,0.141,134,0.135,115,0.124,129,0.138,115,0.125,87,0.099,97,0.117
Region 16,Region 8,12,0.026,5,0.02,7,0.042,5,0.036,7,0.038,19,0.058,57,0.109,106,0.155,94,0.116,79,0.097,81,0.113,69,0.095,63,0.084,63,0.08,75,0.092,84,0.103,84,0.101,89,0.098,73,0.075,68,0.078,61,0.075,46,0.059,47,0.066,33,0.058,29,0.054,15,0.056,8,0.046,9,0.063,8,0.041,23,0.069,53,0.103,96,0.14,87,0.106,87,0.107,69,0.091,64,0.082,76,0.094,62,0.076,68,0.082,75,0.092,76,0.091,95,0.103,77,0.078,68,0.075,80,0.093,63,0.076,49,0.064,50,0.083,49,0.078,24,0.07,8,0.036,8,0.047,10,0.048,23,0.07,52,0.104,59,0.091,85,0.111,80,0.106,63,0.087,64,0.087,73,0.092,68,0.085,81,0.097,101,0.119,67,0.077,77,0.082,88,0.088,84,0.09,82,0.097,76,0.093,86,0.11,75,0.106,54,0.066,33,0.064,17,0.044,14,0.048,10,0.04,15,0.059,21,0.059,41,0.09,58,0.106,58,0.09,68,0.095,69,0.089,79,0.096,106,0.128,101,0.121,126,0.144,114,0.126,135,0.141,130,0.131,101,0.109,86,0.092,94,0.102,87,0.099,82,0.099
Region 16,Region 9,34,0.075,12,0.049,10,0.059,6,0.043,6,0.032,9,0.027,28,0.053,43,0.063,45,0.055,37,0.046,26,0.036,36,0.05,22,0.029,35,0.044,57,0.07,48,0.059,41,0.049,58,0.064,57,0.059,42,0.048,43,0.053,27,0.035,33,0.046,64,0.112,40,0.075,11,0.041,9,0.052,7,0.049,7,0.036,10,0.03,34,0.066,41,0.06,41,0.05,30,0.037,43,0.057,34,0.044,58,0.072,44,0.054,45,0.054,46,0.056,45,0.054,44,0.048,30,0.031,24,0.027,45,0.052,45,0.055,43,0.056,43,0.071,44,0.07,18,0.053,9,0.04,4,0.024,8,0.038,7,0.021,32,0.064,28,0.043,48,0.063,33,0.044,38,0.052,36,0.049,37,0.047,55,0.068,47,0.057,42,0.049,43,0.049,32,0.034,39,0.039,27,0.029,37,0.044,37,0.045,52,0.067,55,0.078,53,0.064,38,0.073,21,0.054,11,0.038,9,0.036,13,0.051,23,0.065,17,0.037,17,0.031,27,0.042,24,0.033,49,0.063,56,0.068,30,0.036,39,0.047,44,0.05,33,0.037,36,0.038,39,0.039,49,0.053,47,0.05,48,0.052,48,0.055,55,0.066
Region 16,Region 10,35,0.077,15,0.061,14,0.083,7,0.05,7,0.038,20,0.061,64,0.122,101,0.148,84,0.104,79,0.097,72,0.1,59,0.082,42,0.056,50,0.063,42,0.052,51,0.063,68,0.082,63,0.069,65,0.067,52,0.06,52,0.064,59,0.076,78,0.11,47,0.082,32,0.06,11,0.041,10,0.058,5,0.035,7,0.036,12,0.036,36,0.07,91,0.132,103,0.126,93,0.114,89,0.117,47,0.06,56,0.069,60,0.073,50,0.06,40,0.049,49,0.059,56,0.061,57,0.058,63,0.07,51,0.059,55,0.067,66,0.087,59,0.097,35,0.056,18,0.053,10,0.045,6,0.036,6,0.029,12,0.036,25,0.05,63,0.097,93,0.122,78,0.103,62,0.085,63,0.085,56,0.071,58,0.072,52,0.063,58,0.068,55,0.063,72,0.077,84,0.084,102,0.109,79,0.093,70,0.086,72,0.092,60,0.085,74,0.09,38,0.073,24,0.062,9,0.031,12,0.048,9,0.035,12,0.034,22,0.048,31,0.057,47,0.073,33,0.046,64,0.083,53,0.064,54,0.065,49,0.059,83,0.095,69,0.076,96,0.101,83,0.084,90,0.097,69,0.074,79,0.086,76,0.086,62,0.075
Region 16,Region 11,35,0.077,18,0.073,17,0.101,5,0.036,12,0.065,24,0.073,54,0.103,81,0.119,107,0.132,139,0.171,143,0.199,129,0.178,159,0.212,145,0.184,187,0.23,150,0.184,125,0.15,137,0.151,132,0.136,127,0.147,106,0.131,77,0.099,83,0.117,68,0.119,44,0.082,22,0.082,17,0.098,5,0.035,8,0.041,20,0.06,41,0.08,92,0.134,127,0.155,144,0.176,163,0.214,141,0.181,180,0.223,166,0.203,116,0.14,140,0.171,116,0.139,134,0.146,146,0.149,126,0.14,114,0.132,124,0.15,90,0.118,87,0.144,49,0.078,23,0.067,20,0.09,4,0.024,14,0.067,28,0.085,29,0.058,74,0.114,110,0.144,129,0.171,142,0.195,140,0.19,151,0.191,132,0.164,132,0.159,129,0.151,125,0.143,124,0.132,165,0.166,125,0.134,94,0.111,97,0.119,86,0.11,61,0.086,83,0.101,31,0.06,28,0.073,15,0.052,14,0.056,14,0.055,25,0.071,35,0.077,59,0.108,76,0.118,109,0.152,113,0.146,110,0.134,112,0.136,118,0.141,116,0.133,120,0.133,91,0.095,121,0.122,92,0.099,92,0.098,97,0.105,80,0.091,65,0.078
Region 16,Region 12,28,0.062,22,0.089,9,0.053,5,0.036,3,0.016,2,0.006,19,0.036,29,0.042,39,0.048,49,0.06,47,0.065,38,0.053,33,0.044,45,0.057,36,0.044,48,0.059,81,0.097,59,0.065,61,0.063,49,0.057,43,0.053,48,0.062,34,0.048,48,0.084,31,0.058,19,0.071,12,0.069,8,0.056,8,0.041,6,0.018,18,0.035,23,0.033,39,0.048,52,0.064,44,0.058,49,0.063,34,0.042,43,0.053,56,0.067,55,0.067,78,0.094,88,0.096,73,0.074,35,0.039,42,0.049,41,0.05,48,0.063,48,0.079,30,0.048,11,0.032,9,0.04,10,0.059,2,0.01,12,0.036,22,0.044,34,0.052,64,0.084,55,0.073,40,0.055,42,0.057,53,0.067,42,0.052,36,0.043,59,0.069,42,0.048,56,0.06,46,0.046,51,0.055,46,0.054,45,0.055,60,0.077,61,0.086,57,0.069,31,0.06,29,0.075,14,0.048,15,0.06,16,0.063,23,0.065,42,0.092,27,0.049,24,0.037,37,0.052,47,0.061,47,0.057,34,0.041,43,0.051,37,0.042,38,0.042,47,0.049,46,0.046,44,0.047,58,0.062,57,0.062,40,0.045,51,0.061
Region 16,Region 13,0,0,0,0,0,0,0,0,0,0,0,0,0,0,0,0,0,0,0,0,0,0,0,0,0,0,0,0,0,0,0,0,0,0,0,0,0,0,0,0,0,0,0,0,0,0,0,0,0,0,0,0,0,0,0,0,0,0,0,0,0,0,0,0,0,0,0,0,0,0,0,0,0,0,0,0,0,0,0,0,0,0,0,0,0,0,0,0,0,0,0,0,0,0,0,0,0,0,0,0,0,0,0,0,0,0,0,0,0,0,0,0,0,0,0,0,0,0,0,0,0,0,0,0,0,0,0,0,0,0,0,0,0,0,0,0,0,0,0,0,0,0,0,0,0,0,0,0,0,0,0,0,0,0,0,0,0,0,0,0,0,0,0,0,0,0,0,0,0,0,0,0,0,0,0,0,0,0,0,0,0,0,0,0,0,0,0,0,0,0,0,0
Region 16,Region 14,71,0.156,34,0.138,16,0.095,10,0.072,13,0.07,13,0.04,50,0.095,68,0.099,97,0.12,110,0.136,142,0.197,159,0.22,160,0.213,138,0.175,154,0.19,186,0.228,184,0.221,197,0.217,217,0.224,171,0.197,151,0.187,144,0.185,120,0.169,94,0.165,85,0.159,38,0.142,14,0.081,18,0.127,11,0.056,14,0.042,36,0.07,56,0.081,117,0.143,108,0.132,168,0.221,157,0.202,186,0.23,174,0.213,146,0.176,164,0.2,197,0.237,223,0.242,244,0.249,198,0.22,178,0.207,173,0.21,125,0.164,102,0.168,94,0.15,40,0.117,33,0.148,21,0.125,14,0.067,13,0.039,34,0.068,61,0.094,136,0.178,123,0.163,148,0.203,150,0.203,144,0.182,136,0.169,159,0.191,155,0.182,143,0.164,160,0.171,196,0.197,169,0.181,157,0.186,143,0.175,122,0.156,119,0.169,135,0.164,65,0.126,46,0.119,20,0.069,28,0.112,19,0.075,32,0.09,51,0.112,55,0.101,89,0.138,118,0.165,117,0.151,144,0.175,135,0.164,125,0.15,130,0.149,136,0.151,118,0.124,131,0.132,135,0.145,131,0.14,154,0.167,130,0.148,120,0.144
Region 16,Region 15,25,0.055,16,0.065,7,0.042,6,0.043,8,0.043,4,0.012,23,0.044,36,0.053,31,0.038,27,0.033,23,0.032,26,0.036,30,0.04,27,0.034,36,0.044,30,0.037,57,0.069,50,0.055,66,0.068,37,0.043,37,0.046,46,0.059,50,0.07,54,0.095,26,0.049,14,0.052,10,0.058,2,0.014,4,0.021,10,0.03,18,0.035,26,0.038,29,0.035,29,0.036,30,0.039,19,0.024,21,0.026,26,0.032,36,0.043,30,0.037,61,0.073,40,0.043,58,0.059,53,0.059,53,0.062,36,0.044,45,0.059,39,0.064,36,0.057,16,0.047,12,0.054,7,0.042,3,0.014,5,0.015,16,0.032,15,0.023,27,0.035,27,0.036,33,0.045,34,0.046,53,0.067,32,0.04,28,0.034,55,0.065,53,0.061,52,0.056,38,0.038,36,0.039,45,0.053,40,0.049,36,0.046,56,0.079,44,0.054,22,0.043,19,0.049,13,0.045,5,0.02,2,0.008,11,0.031,15,0.033,16,0.029,20,0.031,23,0.032,33,0.043,22,0.027,29,0.035,50,0.06,30,0.034,40,0.044,38,0.04,45,0.045,37,0.04,41,0.044,44,0.048,32,0.036,43,0.052
Region 16,Region 16,358,0.787,133,0.538,66,0.392,78,0.561,125,0.675,229,0.698,553,1.054,1029,1.506,1349,1.662,1267,1.561,1270,1.765,1272,1.758,1366,1.817,1471,1.862,1350,1.662,1400,1.717,1523,1.831,1774,1.957,1877,1.94,1609,1.857,1257,1.555,1101,1.411,867,1.219,552,0.967,404,0.754,199,0.743,91,0.524,99,0.698,112,0.575,224,0.673,537,1.043,1003,1.459,1329,1.621,1235,1.512,1134,1.491,1317,1.69,1324,1.639,1410,1.725,1338,1.612,1356,1.656,1517,1.823,1737,1.889,1846,1.881,1606,1.78,1378,1.6,1103,1.336,937,1.23,595,0.982,483,0.769,234,0.685,139,0.624,118,0.7,120,0.575,204,0.617,506,1.016,779,1.199,1095,1.434,1213,1.608,1166,1.603,1227,1.661,1449,1.83,1434,1.785,1366,1.644,1388,1.63,1414,1.618,1598,1.707,1754,1.762,1547,1.657,1244,1.471,1082,1.325,915,1.172,665,0.942,674,0.82,356,0.688,243,0.63,156,0.54,120,0.48,177,0.696,270,0.763,430,0.946,682,1.249,891,1.384,1158,1.616,1317,1.705,1512,1.838,1531,1.854,1519,1.817,1565,1.793,1542,1.706,1572,1.646,1669,1.682,1518,1.632,1462,1.565,1266,1.373,1009,1.147,816,0.982