Origin,Destination,Date range: 2024-08-19 - 2024-08-19 Time range: 00:00 - 01:00 Trips,Date range: 2024-08-19 - 2024-08-19 Time range: 00:00 - 01:00 Percent,Date range: 2024-08-19 - 2024-08-19 Time range: 01:00 - 02:00 Trips,Date range: 2024-08-19 - 2024-08-19 Time range: 01:00 - 02:00 Percent,Date range: 2024-08-19 - 2024-08-19 Time range: 02:00 - 03:00 Trips,Date range: 2024-08-19 - 2024-08-19 Time range: 02:00 - 03:00 Percent,Date range: 2024-08-19 - 2024-08-19 Time range: 03:00 - 04:00 Trips,Date range: 2024-08-19 - 2024-08-19 Time range: 03:00 - 04:00 Percent,Date range: 2024-08-19 - 2024-08-19 Time range: 04:00 - 05:00 Trips,Date range: 2024-08-19 - 2024-08-19 Time range: 04:00 - 05:00 Percent,Date range: 2024-08-19 - 2024-08-19 Time range: 05:00 - 06:00 Trips,Date range: 2024-08-19 - 2024-08-19 Time range: 05:00 - 06:00 Percent,Date range: 2024-08-19 - 2024-08-19 Time range: 06:00 - 07:00 Trips,Date range: 2024-08-19 - 2024-08-19 Time range: 06:00 - 07:00 Percent,Date range: 2024-08-19 - 2024-08-19 Time range: 07:00 - 08:00 Trips,Date range: 2024-08-19 - 2024-08-19 Time range: 07:00 - 08:00 Percent,Date range: 2024-08-19 - 2024-08-19 Time range: 08:00 - 09:00 Trips,Date range: 2024-08-19 - 2024-08-19 Time range: 08:00 - 09:00 Percent,Date range: 2024-08-19 - 2024-08-19 Time range: 09:00 - 10:00 Trips,Date range: 2024-08-19 - 2024-08-19 Time range: 09:00 - 10:00 Percent,Date range: 2024-08-19 - 2024-08-19 Time range: 10:00 - 11:00 Trips,Date range: 2024-08-19 - 2024-08-19 Time range: 10:00 - 11:00 Percent,Date range: 2024-08-19 - 2024-08-19 Time range: 11:00 - 12:00 Trips,Date range: 2024-08-19 - 2024-08-19 Time range: 11:00 - 12:00 Percent,Date range: 2024-08-19 - 2024-08-19 Time range: 12:00 - 13:00 Trips,Date range: 2024-08-19 - 2024-08-19 Time range: 12:00 - 13:00 Percent,Date range: 2024-08-19 - 2024-08-19 Time range: 13:00 - 14:00 Trips,Date range: 2024-08-19 - 2024-08-19 Time range: 13:00 - 14:00 Percent,Date range: 2024-08-19 - 2024-08-19 Time range: 14:00 - 15:00 Trips,Date range: 2024-08-19 - 2024-08-19 Time range: 14:00 - 15:00 Percent,Date range: 2024-08-19 - 2024-08-19 Time range: 15:00 - 16:00 Trips,Date range: 2024-08-19 - 2024-08-19 Time range: 15:00 - 16:00 Percent,Date range: 2024-08-19 - 2024-08-19 Time range: 16:00 - 17:00 Trips,Date range: 2024-08-19 - 2024-08-19 Time range: 16:00 - 17:00 Percent,Date range: 2024-08-19 - 2024-08-19 Time range: 17:00 - 18:00 Trips,Date range: 2024-08-19 - 2024-08-19 Time range: 17:00 - 18:00 Percent,Date range: 2024-08-19 - 2024-08-19 Time range: 18:00 - 19:00 Trips,Date range: 2024-08-19 - 2024-08-19 Time range: 18:00 - 19:00 Percent,Date range: 2024-08-19 - 2024-08-19 Time range: 19:00 - 20:00 Trips,Date range: 2024-08-19 - 2024-08-19 Time range: 19:00 - 20:00 Percent,Date range: 2024-08-19 - 2024-08-19 Time range: 20:00 - 21:00 Trips,Date range: 2024-08-19 - 2024-08-19 Time range: 20:00 - 21:00 Percent,Date range: 2024-08-19 - 2024-08-19 Time range: 21:00 - 22:00 Trips,Date range: 2024-08-19 - 2024-08-19 Time range: 21:00 - 22:00 Percent,Date range: 2024-08-19 - 2024-08-19 Time range: 22:00 - 23:00 Trips,Date range: 2024-08-19 - 2024-08-19 Time range: 22:00 - 23:00 Percent,Date range: 2024-08-19 - 2024-08-19 Time range: 23:00 - 00:00 Trips,Date range: 2024-08-19 - 2024-08-19 Time range: 23:00 - 00:00 Percent,Date range: 2024-08-20 - 2024-08-20 Time range: 00:00 - 01:00 Trips,Date range: 2024-08-20 - 2024-08-20 Time range: 00:00 - 01:00 Percent,Date range: 2024-08-20 - 2024-08-20 Time range: 01:00 - 02:00 Trips,Date range: 2024-08-20 - 2024-08-20 Time range: 01:00 - 02:00 Percent,Date range: 2024-08-20 - 2024-08-20 Time range: 02:00 - 03:00 Trips,Date range: 2024-08-20 - 2024-08-20 Time range: 02:00 - 03:00 Percent,Date range: 2024-08-20 - 2024-08-20 Time range: 03:00 - 04:00 Trips,Date range: 2024-08-20 - 2024-08-20 Time range: 03:00 - 04:00 Percent,Date range: 2024-08-20 - 2024-08-20 Time range: 04:00 - 05:00 Trips,Date range: 2024-08-20 - 2024-08-20 Time range: 04:00 - 05:00 Percent,Date range: 2024-08-20 - 2024-08-20 Time range: 05:00 - 06:00 Trips,Date range: 2024-08-20 - 2024-08-20 Time range: 05:00 - 06:00 Percent,Date range: 2024-08-20 - 2024-08-20 Time range: 06:00 - 07:00 Trips,Date range: 2024-08-20 - 2024-08-20 Time range: 06:00 - 07:00 Percent,Date range: 2024-08-20 - 2024-08-20 Time range: 07:00 - 08:00 Trips,Date range: 2024-08-20 - 2024-08-20 Time range: 07:00 - 08:00 Percent,Date range: 2024-08-20 - 2024-08-20 Time range: 08:00 - 09:00 Trips,Date range: 2024-08-20 - 2024-08-20 Time range: 08:00 - 09:00 Percent,Date range: 2024-08-20 - 2024-08-20 Time range: 09:00 - 10:00 Trips,Date range: 2024-08-20 - 2024-08-20 Time range: 09:00 - 10:00 Percent,Date range: 2024-08-20 - 2024-08-20 Time range: 10:00 - 11:00 Trips,Date range: 2024-08-20 - 2024-08-20 Time range: 10:00 - 11:00 Percent,Date range: 2024-08-20 - 2024-08-20 Time range: 11:00 - 12:00 Trips,Date range: 2024-08-20 - 2024-08-20 Time range: 11:00 - 12:00 Percent,Date range: 2024-08-20 - 2024-08-20 Time range: 12:00 - 13:00 Trips,Date range: 2024-08-20 - 2024-08-20 Time range: 12:00 - 13:00 Percent,Date range: 2024-08-20 - 2024-08-20 Time range: 13:00 - 14:00 Trips,Date range: 2024-08-20 - 2024-08-20 Time range: 13:00 - 14:00 Percent,Date range: 2024-08-20 - 2024-08-20 Time range: 14:00 - 15:00 Trips,Date range: 2024-08-20 - 2024-08-20 Time range: 14:00 - 15:00 Percent,Date range: 2024-08-20 - 2024-08-20 Time range: 15:00 - 16:00 Trips,Date range: 2024-08-20 - 2024-08-20 Time range: 15:00 - 16:00 Percent,Date range: 2024-08-20 - 2024-08-20 Time range: 16:00 - 17:00 Trips,Date range: 2024-08-20 - 2024-08-20 Time range: 16:00 - 17:00 Percent,Date range: 2024-08-20 - 2024-08-20 Time range: 17:00 - 18:00 Trips,Date range: 2024-08-20 - 2024-08-20 Time range: 17:00 - 18:00 Percent,Date range: 2024-08-20 - 2024-08-20 Time range: 18:00 - 19:00 Trips,Date range: 2024-08-20 - 2024-08-20 Time range: 18:00 - 19:00 Percent,Date range: 2024-08-20 - 2024-08-20 Time range: 19:00 - 20:00 Trips,Date range: 2024-08-20 - 2024-08-20 Time range: 19:00 - 20:00 Percent,Date range: 2024-08-20 - 2024-08-20 Time range: 20:00 - 21:00 Trips,Date range: 2024-08-20 - 2024-08-20 Time range: 20:00 - 21:00 Percent,Date range: 2024-08-20 - 2024-08-20 Time range: 21:00 - 22:00 Trips,Date range: 2024-08-20 - 2024-08-20 Time range: 21:00 - 22:00 Percent,Date range: 2024-08-20 - 2024-08-20 Time range: 22:00 - 23:00 Trips,Date range: 2024-08-20 - 2024-08-20 Time range: 22:00 - 23:00 Percent,Date range: 2024-08-20 - 2024-08-20 Time range: 23:00 - 00:00 Trips,Date range: 2024-08-20 - 2024-08-20 Time range: 23:00 - 00:00 Percent,Date range: 2024-08-21 - 2024-08-21 Time range: 00:00 - 01:00 Trips,Date range: 2024-08-21 - 2024-08-21 Time range: 00:00 - 01:00 Percent,Date range: 2024-08-21 - 2024-08-21 Time range: 01:00 - 02:00 Trips,Date range: 2024-08-21 - 2024-08-21 Time range: 01:00 - 02:00 Percent,Date range: 2024-08-21 - 2024-08-21 Time range: 02:00 - 03:00 Trips,Date range: 2024-08-21 - 2024-08-21 Time range: 02:00 - 03:00 Percent,Date range: 2024-08-21 - 2024-08-21 Time range: 03:00 - 04:00 Trips,Date range: 2024-08-21 - 2024-08-21 Time range: 03:00 - 04:00 Percent,Date range: 2024-08-21 - 2024-08-21 Time range: 04:00 - 05:00 Trips,Date range: 2024-08-21 - 2024-08-21 Time range: 04:00 - 05:00 Percent,Date range: 2024-08-21 - 2024-08-21 Time range: 05:00 - 06:00 Trips,Date range: 2024-08-21 - 2024-08-21 Time range: 05:00 - 06:00 Percent,Date range: 2024-08-21 - 2024-08-21 Time range: 06:00 - 07:00 Trips,Date range: 2024-08-21 - 2024-08-21 Time range: 06:00 - 07:00 Percent,Date range: 2024-08-21 - 2024-08-21 Time range: 07:00 - 08:00 Trips,Date range: 2024-08-21 - 2024-08-21 Time range: 07:00 - 08:00 Percent,Date range: 2024-08-21 - 2024-08-21 Time range: 08:00 - 09:00 Trips,Date range: 2024-08-21 - 2024-08-21 Time range: 08:00 - 09:00 Percent,Date range: 2024-08-21 - 2024-08-21 Time range: 09:00 - 10:00 Trips,Date range: 2024-08-21 - 2024-08-21 Time range: 09:00 - 10:00 Percent,Date range: 2024-08-21 - 2024-08-21 Time range: 10:00 - 11:00 Trips,Date range: 2024-08-21 - 2024-08-21 Time range: 10:00 - 11:00 Percent,Date range: 2024-08-21 - 2024-08-21 Time range: 11:00 - 12:00 Trips,Date range: 2024-08-21 - 2024-08-21 Time range: 11:00 - 12:00 Percent,Date range: 2024-08-21 - 2024-08-21 Time range: 12:00 - 13:00 Trips,Date range: 2024-08-21 - 2024-08-21 Time range: 12:00 - 13:00 Percent,Date range: 2024-08-21 - 2024-08-21 Time range: 13:00 - 14:00 Trips,Date range: 2024-08-21 - 2024-08-21 Time range: 13:00 - 14:00 Percent,Date range: 2024-08-21 - 2024-08-21 Time range: 14:00 - 15:00 Trips,Date range: 2024-08-21 - 2024-08-21 Time range: 14:00 - 15:00 Percent,Date range: 2024-08-21 - 2024-08-21 Time range: 15:00 - 16:00 Trips,Date range: 2024-08-21 - 2024-08-21 Time range: 15:00 - 16:00 Percent,Date range: 2024-08-21 - 2024-08-21 Time range: 16:00 - 17:00 Trips,Date range: 2024-08-21 - 2024-08-21 Time range: 16:00 - 17:00 Percent,Date range: 2024-08-21 - 2024-08-21 Time range: 17:00 - 18:00 Trips,Date range: 2024-08-21 - 2024-08-21 Time range: 17:00 - 18:00 Percent,Date range: 2024-08-21 - 2024-08-21 Time range: 18:00 - 19:00 Trips,Date range: 2024-08-21 - 2024-08-21 Time range: 18:00 - 19:00 Percent,Date range: 2024-08-21 - 2024-08-21 Time range: 19:00 - 20:00 Trips,Date range: 2024-08-21 - 2024-08-21 Time range: 19:00 - 20:00 Percent,Date range: 2024-08-21 - 2024-08-21 Time range: 20:00 - 21:00 Trips,Date range: 2024-08-21 - 2024-08-21 Time range: 20:00 - 21:00 Percent,Date range: 2024-08-21 - 2024-08-21 Time range: 21:00 - 22:00 Trips,Date range: 2024-08-21 - 2024-08-21 Time range: 21:00 - 22:00 Percent,Date range: 2024-08-21 - 2024-08-21 Time range: 22:00 - 23:00 Trips,Date range: 2024-08-21 - 2024-08-21 Time range: 22:00 - 23:00 Percent,Date range: 2024-08-21 - 2024-08-21 Time range: 23:00 - 00:00 Trips,Date range: 2024-08-21 - 2024-08-21 Time range: 23:00 - 00:00 Percent,Date range: 2024-08-22 - 2024-08-22 Time range: 00:00 - 01:00 Trips,Date range: 2024-08-22 - 2024-08-22 Time range: 00:00 - 01:00 Percent,Date range: 2024-08-22 - 2024-08-22 Time range: 01:00 - 02:00 Trips,Date range: 2024-08-22 - 2024-08-22 Time range: 01:00 - 02:00 Percent,Date range: 2024-08-22 - 2024-08-22 Time range: 02:00 - 03:00 Trips,Date range: 2024-08-22 - 2024-08-22 Time range: 02:00 - 03:00 Percent,Date range: 2024-08-22 - 2024-08-22 Time range: 03:00 - 04:00 Trips,Date range: 2024-08-22 - 2024-08-22 Time range: 03:00 - 04:00 Percent,Date range: 2024-08-22 - 2024-08-22 Time range: 04:00 - 05:00 Trips,Date range: 2024-08-22 - 2024-08-22 Time range: 04:00 - 05:00 Percent,Date range: 2024-08-22 - 2024-08-22 Time range: 05:00 - 06:00 Trips,Date range: 2024-08-22 - 2024-08-22 Time range: 05:00 - 06:00 Percent,Date range: 2024-08-22 - 2024-08-22 Time range: 06:00 - 07:00 Trips,Date range: 2024-08-22 - 2024-08-22 Time range: 06:00 - 07:00 Percent,Date range: 2024-08-22 - 2024-08-22 Time range: 07:00 - 08:00 Trips,Date range: 2024-08-22 - 2024-08-22 Time range: 07:00 - 08:00 Percent,Date range: 2024-08-22 - 2024-08-22 Time range: 08:00 - 09:00 Trips,Date range: 2024-08-22 - 2024-08-22 Time range: 08:00 - 09:00 Percent,Date range: 2024-08-22 - 2024-08-22 Time range: 09:00 - 10:00 Trips,Date range: 2024-08-22 - 2024-08-22 Time range: 09:00 - 10:00 Percent,Date range: 2024-08-22 - 2024-08-22 Time range: 10:00 - 11:00 Trips,Date range: 2024-08-22 - 2024-08-22 Time range: 10:00 - 11:00 Percent,Date range: 2024-08-22 - 2024-08-22 Time range: 11:00 - 12:00 Trips,Date range: 2024-08-22 - 2024-08-22 Time range: 11:00 - 12:00 Percent,Date range: 2024-08-22 - 2024-08-22 Time range: 12:00 - 13:00 Trips,Date range: 2024-08-22 - 2024-08-22 Time range: 12:00 - 13:00 Percent,Date range: 2024-08-22 - 2024-08-22 Time range: 13:00 - 14:00 Trips,Date range: 2024-08-22 - 2024-08-22 Time range: 13:00 - 14:00 Percent,Date range: 2024-08-22 - 2024-08-22 Time range: 14:00 - 15:00 Trips,Date range: 2024-08-22 - 2024-08-22 Time range: 14:00 - 15:00 Percent,Date range: 2024-08-22 - 2024-08-22 Time range: 15:00 - 16:00 Trips,Date range: 2024-08-22 - 2024-08-22 Time range: 15:00 - 16:00 Percent,Date range: 2024-08-22 - 2024-08-22 Time range: 16:00 - 17:00 Trips,Date range: 2024-08-22 - 2024-08-22 Time range: 16:00 - 17:00 Percent,Date range: 2024-08-22 - 2024-08-22 Time range: 17:00 - 18:00 Trips,Date range: 2024-08-22 - 2024-08-22 Time range: 17:00 - 18:00 Percent,Date range: 2024-08-22 - 2024-08-22 Time range: 18:00 - 19:00 Trips,Date range: 2024-08-22 - 2024-08-22 Time range: 18:00 - 19:00 Percent,Date range: 2024-08-22 - 2024-08-22 Time range: 19:00 - 20:00 Trips,Date range: 2024-08-22 - 2024-08-22 Time range: 19:00 - 20:00 Percent,Date range: 2024-08-22 - 2024-08-22 Time range: 20:00 - 21:00 Trips,Date range: 2024-08-22 - 2024-08-22 Time range: 20:00 - 21:00 Percent,Date range: 2024-08-22 - 2024-08-22 Time range: 21:00 - 22:00 Trips,Date range: 2024-08-22 - 2024-08-22 Time range: 21:00 - 22:00 Percent,Date range: 2024-08-22 - 2024-08-22 Time range: 22:00 - 23:00 Trips,Date range: 2024-08-22 - 2024-08-22 Time range: 22:00 - 23:00 Percent,Date range: 2024-08-22 - 2024-08-22 Time range: 23:00 - 00:00 Trips,Date range: 2024-08-22 - 2024-08-22 Time range: 23:00 - 00:00 Percent
Region 0,Region 0,870,2.085,490,2.089,357,2.168,347,2.252,374,1.825,559,1.677,1162,2.341,1852,2.964,2050,2.815,2006,2.7,1828,2.605,1986,2.863,2140,3.015,2173,2.964,2503,3.432,2521,3.453,2756,3.709,2809,3.466,2486,2.879,2005,2.648,1682,2.401,1395,2.13,1088,1.968,864,2.037,807,1.857,433,1.918,305,2.237,229,2.001,324,1.895,505,1.579,1083,2.174,1852,2.83,2218,2.868,1953,2.521,1890,2.609,1926,2.702,2125,2.879,2131,2.919,2300,3.164,2571,3.408,2667,3.306,2870,3.249,2602,2.839,2028,2.554,1806,2.39,1511,2.09,1249,1.908,992,1.937,883,1.894,469,2.027,311,2.162,206,1.69,323,1.822,548,1.707,1157,2.306,1886,2.799,2200,2.779,2014,2.596,1834,2.545,1919,2.659,2112,2.776,2246,3.001,2373,3.221,2549,3.302,2801,3.539,2914,3.322,2653,2.875,2168,2.632,1824,2.405,1724,2.318,1350,2.004,1082,2.109,998,1.993,501,1.978,304,1.889,251,1.938,360,1.933,576,1.767,1159,2.296,1923,2.879,2279,2.868,2009,2.586,1990,2.744,2141,2.9,2501,3.286,2486,3.266,2615,3.412,2792,3.494,2897,3.454,2926,3.231,2833,3.002,2426,2.767,1992,2.42,1705,2.121,1319,1.86,1056,1.837
Region 0,Region 1,47,0.113,35,0.149,32,0.194,45,0.292,122,0.595,248,0.744,320,0.645,272,0.435,246,0.338,151,0.203,128,0.182,108,0.156,123,0.173,148,0.202,138,0.189,147,0.201,141,0.19,155,0.191,126,0.146,92,0.122,94,0.134,100,0.153,98,0.177,60,0.141,52,0.12,40,0.177,33,0.242,54,0.472,130,0.76,249,0.778,324,0.65,335,0.512,295,0.381,245,0.316,203,0.28,161,0.226,134,0.182,150,0.206,161,0.221,179,0.237,201,0.249,208,0.235,153,0.167,102,0.128,107,0.142,120,0.166,111,0.17,83,0.162,72,0.154,37,0.16,34,0.236,57,0.468,123,0.694,270,0.841,338,0.674,326,0.484,334,0.422,285,0.367,242,0.336,229,0.317,214,0.281,171,0.228,178,0.242,182,0.236,201,0.254,181,0.206,158,0.171,111,0.135,103,0.136,118,0.159,120,0.178,82,0.16,94,0.188,57,0.225,39,0.242,33,0.255,118,0.634,240,0.736,325,0.644,292,0.437,293,0.369,252,0.324,192,0.265,164,0.222,137,0.18,149,0.196,159,0.207,160,0.2,161,0.192,161,0.178,165,0.175,142,0.162,116,0.141,112,0.139,116,0.164,96,0.167
Region 0,Region 2,142,0.34,78,0.333,77,0.468,126,0.818,216,1.054,445,1.335,423,0.852,384,0.615,350,0.481,309,0.416,247,0.352,240,0.346,228,0.321,291,0.397,304,0.417,305,0.418,259,0.349,281,0.347,227,0.263,259,0.342,232,0.331,188,0.287,161,0.291,139,0.328,190,0.437,59,0.261,63,0.462,122,1.066,244,1.427,458,1.432,273,0.548,184,0.281,385,0.498,394,0.509,326,0.45,315,0.442,286,0.387,290,0.397,292,0.402,315,0.418,340,0.422,371,0.42,310,0.338,272,0.343,262,0.347,202,0.279,212,0.324,218,0.426,226,0.485,83,0.359,53,0.368,105,0.862,303,1.709,538,1.676,478,0.953,390,0.579,432,0.546,484,0.624,469,0.651,334,0.463,273,0.359,283,0.378,243,0.33,246,0.319,252,0.318,315,0.359,299,0.324,306,0.372,237,0.312,219,0.294,246,0.365,192,0.374,151,0.302,101,0.399,66,0.41,136,1.05,277,1.488,487,1.494,476,0.943,378,0.566,371,0.467,296,0.381,261,0.36,194,0.263,159,0.209,136,0.179,178,0.232,213,0.267,256,0.305,238,0.263,233,0.247,252,0.287,227,0.276,212,0.264,201,0.283,160,0.278
Region 0,Region 3,569,1.363,386,1.646,273,1.658,301,1.954,463,2.259,716,2.148,1023,2.061,1246,1.994,1227,1.685,1242,1.672,1327,1.891,1230,1.773,1162,1.637,1217,1.66,1118,1.533,1055,1.445,975,1.312,1091,1.346,997,1.154,978,1.292,898,1.282,775,1.183,647,1.17,462,1.089,550,1.266,358,1.586,213,1.562,210,1.835,393,2.298,696,2.176,974,1.955,1171,1.79,1247,1.612,1272,1.642,1075,1.484,1218,1.709,1230,1.666,1133,1.552,1168,1.607,1202,1.593,1242,1.54,1434,1.623,1214,1.325,923,1.162,907,1.2,878,1.214,798,1.219,609,1.189,530,1.137,288,1.245,211,1.467,250,2.052,419,2.363,664,2.069,974,1.941,1209,1.794,1190,1.503,1243,1.602,1277,1.772,1197,1.658,1168,1.535,1072,1.432,1108,1.504,1236,1.601,1106,1.397,1011,1.153,1163,1.26,930,1.129,814,1.073,764,1.027,851,1.263,544,1.06,507,1.013,306,1.208,214,1.329,242,1.869,394,2.116,689,2.114,1019,2.018,1243,1.861,1237,1.556,1213,1.562,1283,1.769,1220,1.652,1167,1.533,983,1.292,919,1.199,916,1.146,1011,1.205,972,1.073,1026,1.087,959,1.094,1034,1.256,983,1.223,840,1.184,587,1.021
Region 0,Region 4,32,0.077,18,0.077,23,0.14,23,0.149,71,0.346,176,0.528,159,0.32,130,0.208,110,0.151,127,0.171,110,0.157,95,0.137,101,0.142,118,0.161,122,0.167,88,0.121,65,0.087,69,0.085,65,0.075,66,0.087,54,0.077,70,0.107,67,0.121,50,0.118,35,0.081,18,0.08,16,0.117,20,0.175,66,0.386,197,0.616,222,0.446,190,0.29,131,0.169,106,0.137,78,0.108,77,0.108,71,0.096,70,0.096,81,0.111,93,0.123,108,0.134,136,0.154,97,0.106,50,0.063,45,0.06,64,0.089,66,0.101,52,0.102,45,0.097,34,0.147,22,0.153,23,0.189,89,0.502,198,0.617,233,0.464,185,0.275,146,0.184,94,0.121,76,0.105,86,0.119,105,0.138,86,0.115,94,0.128,86,0.111,80,0.101,78,0.089,78,0.085,75,0.091,70,0.092,75,0.101,75,0.111,63,0.123,59,0.118,37,0.146,16,0.099,19,0.147,58,0.311,161,0.494,194,0.384,169,0.253,149,0.187,99,0.127,83,0.114,82,0.111,53,0.07,65,0.085,82,0.107,112,0.14,106,0.126,86,0.095,72,0.076,72,0.082,63,0.077,65,0.081,52,0.073,57,0.099
Region 0,Region 5,32,0.077,17,0.072,9,0.055,24,0.156,36,0.176,91,0.273,156,0.314,176,0.282,136,0.187,150,0.202,153,0.218,145,0.209,132,0.186,123,0.168,121,0.166,109,0.149,117,0.157,112,0.138,106,0.123,87,0.115,68,0.097,52,0.079,45,0.081,26,0.061,30,0.069,14,0.062,11,0.081,15,0.131,59,0.345,119,0.372,177,0.355,180,0.275,173,0.224,142,0.183,110,0.152,100,0.14,121,0.164,148,0.203,132,0.182,130,0.172,174,0.216,156,0.177,136,0.148,95,0.12,68,0.09,63,0.087,42,0.064,27,0.053,33,0.071,12,0.052,6,0.042,22,0.181,33,0.186,107,0.333,159,0.317,171,0.254,169,0.214,160,0.206,132,0.183,155,0.215,142,0.187,131,0.175,132,0.179,132,0.171,148,0.187,149,0.17,127,0.138,96,0.117,70,0.092,84,0.113,65,0.096,46,0.09,32,0.064,19,0.075,15,0.093,22,0.17,45,0.242,115,0.353,161,0.319,160,0.24,162,0.204,165,0.212,142,0.196,140,0.19,120,0.158,114,0.15,111,0.145,128,0.16,134,0.16,119,0.131,137,0.145,135,0.154,103,0.125,88,0.109,65,0.092,41,0.071
Region 0,Region 6,13,0.031,9,0.038,10,0.061,19,0.123,46,0.224,78,0.234,37,0.075,29,0.046,28,0.038,23,0.031,16,0.023,19,0.027,20,0.028,32,0.044,33,0.045,32,0.044,30,0.04,32,0.039,18,0.021,21,0.028,42,0.06,30,0.046,21,0.038,19,0.045,16,0.037,13,0.058,5,0.037,11,0.096,33,0.193,76,0.238,55,0.11,44,0.067,28,0.036,26,0.034,29,0.04,29,0.041,25,0.034,32,0.044,36,0.05,38,0.05,38,0.047,45,0.051,40,0.044,39,0.049,42,0.056,37,0.051,29,0.044,16,0.031,21,0.045,6,0.026,6,0.042,15,0.123,33,0.186,81,0.252,82,0.163,53,0.079,35,0.044,25,0.032,34,0.047,26,0.036,23,0.03,23,0.031,16,0.022,32,0.041,25,0.032,26,0.03,33,0.036,29,0.035,29,0.038,37,0.05,29,0.043,26,0.051,16,0.032,9,0.036,7,0.043,17,0.131,35,0.188,78,0.239,60,0.119,45,0.067,27,0.034,17,0.022,15,0.021,21,0.028,23,0.03,25,0.033,20,0.026,26,0.033,29,0.035,27,0.03,29,0.031,22,0.025,31,0.038,26,0.032,23,0.032,21,0.037
Region 0,Region 7,21,0.05,11,0.047,6,0.036,13,0.084,60,0.293,120,0.36,135,0.272,120,0.192,112,0.154,97,0.131,92,0.131,84,0.121,92,0.13,98,0.134,81,0.111,70,0.096,65,0.087,87,0.107,73,0.085,66,0.087,52,0.074,33,0.05,47,0.085,31,0.073,31,0.071,12,0.053,9,0.066,8,0.07,50,0.292,120,0.375,151,0.303,151,0.231,136,0.176,112,0.145,107,0.148,97,0.136,76,0.103,74,0.101,67,0.092,78,0.103,73,0.091,92,0.104,88,0.096,61,0.077,59,0.078,56,0.077,54,0.082,30,0.059,30,0.064,11,0.048,5,0.035,16,0.131,49,0.276,136,0.424,171,0.341,178,0.264,121,0.153,122,0.157,122,0.169,100,0.139,90,0.118,85,0.114,82,0.111,85,0.11,74,0.093,81,0.092,62,0.067,49,0.059,50,0.066,39,0.052,48,0.071,35,0.068,30,0.06,13,0.051,11,0.068,11,0.085,42,0.226,106,0.325,134,0.265,152,0.228,130,0.164,97,0.125,105,0.145,90,0.122,85,0.112,86,0.113,88,0.115,89,0.111,90,0.107,113,0.125,100,0.106,72,0.082,50,0.061,49,0.061,42,0.059,32,0.056
Region 0,Region 8,3,0.007,2,0.009,6,0.036,2,0.013,5,0.024,15,0.045,33,0.066,45,0.072,38,0.052,48,0.065,46,0.066,42,0.061,36,0.051,39,0.053,38,0.052,43,0.059,33,0.044,28,0.035,20,0.023,23,0.03,16,0.023,6,0.009,10,0.018,6,0.014,1,0.002,0,0,0,0,2,0.017,4,0.023,21,0.066,46,0.092,54,0.083,50,0.065,43,0.056,44,0.061,38,0.053,42,0.057,44,0.06,28,0.039,29,0.038,36,0.045,43,0.049,39,0.043,22,0.028,14,0.019,10,0.014,9,0.014,4,0.008,3,0.006,2,0.009,1,0.007,5,0.041,13,0.073,24,0.075,47,0.094,34,0.05,32,0.04,45,0.058,37,0.051,32,0.044,26,0.034,31,0.041,32,0.043,41,0.053,32,0.04,45,0.051,32,0.035,23,0.028,17,0.022,19,0.026,15,0.022,8,0.016,3,0.006,1,0.004,1,0.006,2,0.015,8,0.043,32,0.098,46,0.091,46,0.069,45,0.057,40,0.051,45,0.062,21,0.028,15,0.02,22,0.029,31,0.04,35,0.044,24,0.029,30,0.033,33,0.035,33,0.038,27,0.033,13,0.016,12,0.017,8,0.014
Region 0,Region 9,170,0.407,105,0.448,77,0.468,105,0.682,211,1.03,429,1.287,654,1.318,864,1.383,802,1.101,675,0.908,550,0.784,547,0.789,489,0.689,560,0.764,539,0.739,537,0.736,464,0.624,507,0.626,476,0.551,390,0.515,329,0.47,333,0.508,297,0.537,227,0.535,238,0.548,80,0.354,60,0.44,91,0.795,185,1.082,427,1.335,744,1.493,875,1.337,860,1.112,684,0.883,560,0.773,545,0.765,578,0.783,617,0.845,615,0.846,762,1.01,863,1.07,960,1.087,709,0.774,467,0.588,385,0.509,349,0.483,311,0.475,268,0.523,231,0.496,87,0.376,63,0.438,81,0.665,184,1.038,369,1.15,695,1.385,892,1.324,924,1.167,669,0.862,603,0.837,493,0.683,569,0.748,623,0.832,713,0.968,712,0.922,758,0.958,822,0.937,705,0.764,465,0.565,415,0.547,418,0.562,347,0.515,279,0.544,233,0.465,124,0.49,97,0.603,82,0.633,167,0.897,402,1.233,701,1.388,854,1.279,877,1.103,828,1.066,798,1.1,682,0.924,494,0.649,378,0.497,382,0.498,423,0.529,477,0.569,473,0.522,507,0.537,453,0.517,418,0.508,411,0.511,368,0.519,300,0.522
Region 0,Region 10,9,0.022,8,0.034,8,0.049,4,0.026,20,0.098,85,0.255,185,0.373,184,0.294,120,0.165,101,0.136,109,0.155,101,0.146,94,0.132,77,0.105,89,0.122,77,0.105,63,0.085,63,0.078,53,0.061,54,0.071,46,0.066,27,0.041,22,0.04,14,0.033,9,0.021,9,0.04,4,0.029,9,0.079,26,0.152,97,0.303,164,0.329,191,0.292,150,0.194,130,0.168,104,0.144,73,0.102,73,0.099,48,0.066,77,0.106,78,0.103,78,0.097,88,0.1,82,0.089,70,0.088,50,0.066,37,0.051,32,0.049,21,0.041,18,0.039,11,0.048,5,0.035,8,0.066,27,0.152,94,0.293,170,0.339,180,0.267,154,0.195,120,0.155,93,0.129,80,0.111,82,0.108,76,0.102,97,0.132,86,0.111,73,0.092,81,0.092,63,0.068,42,0.051,35,0.046,18,0.024,22,0.033,22,0.043,21,0.042,6,0.024,4,0.025,8,0.062,24,0.129,91,0.279,168,0.333,166,0.249,123,0.155,84,0.108,86,0.119,73,0.099,63,0.083,60,0.079,62,0.081,66,0.083,68,0.081,59,0.065,50,0.053,35,0.04,27,0.033,29,0.036,30,0.042,20,0.035
Region 0,Region 11,13,0.031,4,0.017,2,0.012,11,0.071,28,0.137,87,0.261,156,0.314,152,0.243,108,0.148,96,0.129,109,0.155,127,0.183,114,0.161,121,0.165,99,0.136,81,0.111,76,0.102,95,0.117,69,0.08,62,0.082,39,0.056,39,0.06,38,0.069,15,0.035,11,0.025,6,0.027,3,0.022,5,0.044,25,0.146,90,0.281,163,0.327,160,0.245,155,0.2,143,0.185,110,0.152,137,0.192,102,0.138,89,0.122,83,0.114,83,0.11,91,0.113,102,0.115,96,0.105,52,0.065,38,0.05,51,0.071,38,0.058,16,0.031,13,0.028,6,0.026,2,0.014,9,0.074,40,0.226,100,0.312,160,0.319,165,0.245,145,0.183,131,0.169,110,0.153,131,0.181,104,0.137,92,0.123,84,0.114,99,0.128,84,0.106,98,0.112,70,0.076,44,0.053,48,0.063,48,0.065,44,0.065,24,0.047,15,0.03,5,0.02,8,0.05,6,0.046,27,0.145,81,0.248,168,0.333,158,0.237,146,0.184,138,0.178,102,0.141,125,0.169,74,0.097,77,0.101,68,0.089,74,0.093,101,0.12,98,0.108,74,0.078,57,0.065,49,0.06,41,0.051,29,0.041,22,0.038
Region 0,Region 12,31,0.074,8,0.034,8,0.049,14,0.091,30,0.146,67,0.201,92,0.185,154,0.246,147,0.202,108,0.145,107,0.153,95,0.137,93,0.131,85,0.116,102,0.14,91,0.125,102,0.137,104,0.128,63,0.073,67,0.088,73,0.104,65,0.099,60,0.109,37,0.087,27,0.062,15,0.066,10,0.073,13,0.114,27,0.158,78,0.244,135,0.271,159,0.243,156,0.202,116,0.15,85,0.117,89,0.125,83,0.112,96,0.132,95,0.131,95,0.126,97,0.12,101,0.114,86,0.094,61,0.077,49,0.065,56,0.077,48,0.073,25,0.049,26,0.056,10,0.043,10,0.07,15,0.123,22,0.124,69,0.215,119,0.237,138,0.205,147,0.186,129,0.166,105,0.146,106,0.147,105,0.138,90,0.12,111,0.151,94,0.122,107,0.135,118,0.135,97,0.105,66,0.08,67,0.088,60,0.081,49,0.073,42,0.082,34,0.068,11,0.043,16,0.099,17,0.131,36,0.193,74,0.227,118,0.234,139,0.208,154,0.194,103,0.133,92,0.127,97,0.131,83,0.109,78,0.102,79,0.103,94,0.118,113,0.135,122,0.135,123,0.13,96,0.109,64,0.078,62,0.077,53,0.075,40,0.07
Region 0,Region 13,0,0,0,0,0,0,0,0,0,0,0,0,0,0,0,0,0,0,0,0,0,0,0,0,0,0,0,0,0,0,0,0,0,0,0,0,0,0,0,0,0,0,0,0,0,0,0,0,0,0,0,0,0,0,0,0,0,0,0,0,0,0,0,0,0,0,0,0,0,0,0,0,0,0,0,0,0,0,0,0,0,0,1,0.001,0,0,0,0,0,0,0,0,0,0,0,0,0,0,0,0,0,0,0,0,0,0,0,0,0,0,0,0,0,0,0,0,0,0,0,0,0,0,0,0,0,0,0,0,0,0,0,0,0,0,0,0,0,0,0,0,0,0,0,0,0,0,0,0,0,0,0,0,0,0,0,0,0,0,0,0,0,0,0,0,0,0,0,0,0,0,0,0,0,0,0,0,0,0,0,0,0,0,0,0,0,0,0,0,0,0,0,0
Region 0,Region 14,12,0.029,7,0.03,5,0.03,11,0.071,19,0.093,47,0.141,92,0.185,122,0.195,116,0.159,102,0.137,101,0.144,115,0.166,107,0.151,102,0.139,135,0.185,133,0.182,129,0.174,155,0.191,92,0.107,79,0.104,63,0.09,46,0.07,31,0.056,27,0.064,16,0.037,3,0.013,5,0.037,5,0.044,17,0.099,48,0.15,86,0.173,126,0.193,115,0.149,82,0.106,76,0.105,84,0.118,94,0.127,102,0.14,101,0.139,117,0.155,135,0.167,141,0.16,108,0.118,70,0.088,43,0.057,46,0.064,44,0.067,23,0.045,12,0.026,2,0.009,4,0.028,4,0.033,12,0.068,50,0.156,100,0.199,131,0.194,99,0.125,88,0.113,88,0.122,106,0.147,107,0.141,101,0.135,113,0.153,118,0.153,133,0.168,121,0.138,111,0.12,68,0.083,48,0.063,40,0.054,56,0.083,28,0.055,15,0.03,11,0.043,7,0.043,6,0.046,16,0.086,38,0.117,88,0.174,110,0.165,134,0.169,114,0.147,99,0.136,102,0.138,97,0.127,94,0.124,125,0.163,120,0.15,122,0.145,132,0.146,125,0.132,77,0.088,63,0.077,53,0.066,34,0.048,19,0.033
Region 0,Region 15,29,0.069,20,0.085,11,0.067,13,0.084,36,0.176,97,0.291,163,0.328,168,0.269,133,0.183,123,0.166,102,0.145,89,0.128,92,0.13,92,0.125,96,0.132,85,0.116,84,0.113,96,0.118,72,0.083,73,0.096,74,0.106,57,0.087,44,0.08,36,0.085,30,0.069,19,0.084,10,0.073,15,0.131,42,0.246,90,0.281,157,0.315,165,0.252,152,0.197,142,0.183,98,0.135,94,0.132,88,0.119,95,0.13,85,0.117,91,0.121,102,0.126,101,0.114,85,0.093,65,0.082,55,0.073,45,0.062,47,0.072,31,0.061,41,0.088,16,0.069,11,0.076,8,0.066,41,0.231,100,0.312,175,0.349,178,0.264,146,0.184,139,0.179,111,0.154,101,0.14,100,0.131,97,0.13,97,0.132,116,0.15,99,0.125,101,0.115,113,0.122,72,0.087,70,0.092,71,0.095,85,0.126,67,0.131,55,0.11,22,0.087,10,0.062,11,0.085,32,0.172,109,0.334,139,0.275,150,0.225,165,0.208,130,0.167,75,0.103,74,0.1,89,0.117,91,0.12,95,0.124,108,0.135,110,0.131,101,0.112,104,0.11,86,0.098,70,0.085,72,0.09,59,0.083,47,0.082
Region 0,Region 16,18,0.043,7,0.03,9,0.055,15,0.097,29,0.142,82,0.246,176,0.355,196,0.314,172,0.236,163,0.219,181,0.258,170,0.245,168,0.237,147,0.2,148,0.203,182,0.249,193,0.26,207,0.255,149,0.173,95,0.125,63,0.09,76,0.116,49,0.089,32,0.075,22,0.051,16,0.071,9,0.066,19,0.166,47,0.275,120,0.375,185,0.371,224,0.342,213,0.275,183,0.236,172,0.237,196,0.275,172,0.233,170,0.233,196,0.27,194,0.257,188,0.233,244,0.276,209,0.228,108,0.136,73,0.097,69,0.095,67,0.102,38,0.074,27,0.058,16,0.069,7,0.049,8,0.066,36,0.203,111,0.346,187,0.373,213,0.316,215,0.272,155,0.2,166,0.23,164,0.227,146,0.192,158,0.211,166,0.225,167,0.216,212,0.268,241,0.275,169,0.183,103,0.125,79,0.104,88,0.118,71,0.105,35,0.068,37,0.074,8,0.032,8,0.05,13,0.1,41,0.22,110,0.337,183,0.362,210,0.314,245,0.308,220,0.283,212,0.292,215,0.291,154,0.202,149,0.196,153,0.2,180,0.225,224,0.267,241,0.266,205,0.217,117,0.133,91,0.111,107,0.133,71,0.1,55,0.096
Region 1,Region 0,92,0.22,43,0.183,33,0.2,40,0.26,56,0.273,59,0.177,104,0.21,125,0.2,141,0.194,130,0.175,115,0.164,147,0.212,119,0.168,119,0.162,170,0.233,176,0.241,135,0.182,161,0.199,155,0.179,166,0.219,174,0.248,160,0.244,156,0.282,122,0.288,145,0.334,78,0.345,44,0.323,44,0.384,45,0.263,74,0.231,106,0.213,142,0.217,126,0.163,128,0.165,133,0.184,128,0.18,151,0.205,158,0.216,171,0.235,163,0.216,134,0.166,193,0.218,196,0.214,162,0.204,258,0.341,266,0.368,300,0.458,184,0.359,194,0.416,77,0.333,46,0.32,46,0.377,52,0.293,80,0.249,138,0.275,158,0.234,109,0.138,125,0.161,133,0.185,163,0.226,149,0.196,189,0.253,161,0.219,178,0.231,148,0.187,196,0.223,181,0.196,148,0.18,211,0.278,224,0.301,237,0.352,178,0.347,204,0.407,89,0.351,53,0.329,31,0.239,52,0.279,84,0.258,115,0.228,155,0.232,157,0.198,125,0.161,129,0.178,144,0.195,123,0.162,148,0.194,158,0.206,153,0.191,93,0.111,111,0.123,99,0.105,113,0.129,183,0.222,213,0.265,281,0.396,218,0.379
Region 1,Region 1,2190,5.248,1150,4.903,796,4.833,744,4.829,825,4.026,1361,4.083,2223,4.479,3262,5.221,3952,5.426,4261,5.735,4632,6.602,4634,6.681,4775,6.727,5290,7.215,4490,6.156,4483,6.141,4608,6.202,5112,6.308,5731,6.636,4678,6.178,3965,5.661,3729,5.693,3178,5.748,2445,5.765,2561,5.894,1425,6.311,805,5.903,614,5.364,755,4.415,1371,4.286,2239,4.494,3422,5.23,4446,5.748,5080,6.558,5117,7.065,4950,6.944,5095,6.903,4826,6.612,4691,6.453,4836,6.411,5275,6.54,5945,6.73,6320,6.895,5199,6.547,4389,5.807,4151,5.74,3680,5.621,2791,5.451,2749,5.897,1354,5.853,873,6.069,635,5.211,791,4.461,1308,4.075,2211,4.407,3343,4.961,4492,5.675,5008,6.455,4979,6.91,5009,6.94,5390,7.085,5347,7.145,5087,6.905,5143,6.663,5200,6.57,6100,6.955,6481,7.023,5427,6.589,4398,5.798,4190,5.632,3768,5.594,2973,5.795,3041,6.074,1455,5.745,918,5.703,635,4.903,813,4.366,1319,4.046,2178,4.314,3361,5.032,4385,5.517,4773,6.144,4819,6.644,5157,6.985,5336,7.012,5015,6.589,4961,6.473,5015,6.276,5394,6.43,6202,6.849,6664,7.062,5834,6.654,4568,5.549,4667,5.806,3964,5.589,3250,5.652
Region 1,Region 2,72,0.173,31,0.132,23,0.14,23,0.149,61,0.298,83,0.249,132,0.266,122,0.195,153,0.21,162,0.218,160,0.228,117,0.169,112,0.158,118,0.161,212,0.291,168,0.23,131,0.176,141,0.174,109,0.126,101,0.133,88,0.126,69,0.105,61,0.11,67,0.158,85,0.196,41,0.182,23,0.169,39,0.341,62,0.363,112,0.35,94,0.189,80,0.122,168,0.217,200,0.258,163,0.225,132,0.185,137,0.186,131,0.179,172,0.237,158,0.209,123,0.152,135,0.153,115,0.125,83,0.105,87,0.115,91,0.126,74,0.113,81,0.158,88,0.189,33,0.143,24,0.167,26,0.213,43,0.243,68,0.212,90,0.179,190,0.282,178,0.225,177,0.228,193,0.268,161,0.223,130,0.171,119,0.159,183,0.248,127,0.165,138,0.174,154,0.176,115,0.125,110,0.134,108,0.142,89,0.12,94,0.14,73,0.142,83,0.166,43,0.17,25,0.155,23,0.178,59,0.317,93,0.285,143,0.283,152,0.228,196,0.247,164,0.211,184,0.254,200,0.271,262,0.344,278,0.365,276,0.36,206,0.258,135,0.161,128,0.141,98,0.104,109,0.124,82,0.1,103,0.128,92,0.13,90,0.157
Region 1,Region 3,197,0.472,78,0.333,55,0.334,41,0.266,51,0.249,83,0.249,145,0.292,150,0.24,153,0.21,137,0.184,138,0.197,152,0.219,141,0.199,205,0.28,190,0.26,191,0.262,182,0.245,189,0.233,179,0.207,172,0.227,196,0.28,206,0.314,229,0.414,219,0.516,259,0.596,115,0.509,66,0.484,63,0.55,80,0.468,72,0.225,125,0.251,171,0.261,151,0.195,156,0.201,157,0.217,169,0.237,143,0.194,168,0.23,182,0.25,190,0.252,171,0.212,227,0.257,244,0.266,228,0.287,257,0.34,278,0.384,341,0.521,293,0.572,295,0.633,127,0.549,94,0.654,56,0.46,72,0.406,84,0.262,103,0.205,160,0.237,181,0.229,146,0.188,159,0.221,174,0.241,181,0.238,186,0.249,200,0.271,218,0.282,182,0.23,201,0.229,199,0.216,203,0.246,225,0.297,199,0.268,277,0.411,231,0.45,274,0.547,132,0.521,82,0.509,61,0.471,69,0.371,82,0.252,101,0.2,177,0.265,156,0.196,147,0.189,160,0.221,187,0.253,186,0.244,207,0.272,155,0.202,175,0.219,163,0.194,130,0.144,137,0.145,148,0.169,181,0.22,281,0.35,250,0.352,230,0.4
Region 1,Region 4,257,0.616,114,0.486,65,0.395,34,0.221,36,0.176,67,0.201,141,0.284,263,0.421,283,0.389,271,0.365,248,0.353,269,0.388,260,0.366,305,0.416,266,0.365,233,0.319,175,0.236,210,0.259,199,0.23,235,0.31,321,0.458,330,0.504,296,0.535,248,0.585,294,0.677,147,0.651,60,0.44,46,0.402,44,0.257,59,0.184,164,0.329,270,0.413,387,0.5,304,0.392,273,0.377,209,0.293,261,0.354,252,0.345,280,0.385,228,0.302,241,0.299,281,0.318,343,0.374,313,0.394,214,0.283,278,0.384,396,0.605,301,0.588,337,0.723,127,0.549,98,0.681,66,0.542,49,0.276,62,0.193,159,0.317,237,0.352,313,0.395,340,0.438,267,0.371,215,0.298,249,0.327,278,0.371,267,0.362,251,0.325,254,0.321,252,0.287,399,0.432,350,0.425,345,0.455,413,0.555,446,0.662,316,0.616,337,0.673,143,0.565,76,0.472,54,0.417,46,0.247,53,0.163,135,0.267,228,0.341,331,0.416,293,0.377,237,0.327,191,0.259,244,0.321,282,0.371,311,0.406,261,0.327,251,0.299,323,0.357,390,0.413,315,0.359,356,0.432,366,0.455,370,0.522,331,0.576
Region 1,Region 5,295,0.707,196,0.836,148,0.899,155,1.006,207,1.01,204,0.612,234,0.471,339,0.543,312,0.428,366,0.493,379,0.54,432,0.623,453,0.638,503,0.686,522,0.716,522,0.715,450,0.606,493,0.608,705,0.816,650,0.858,591,0.844,592,0.904,450,0.814,330,0.778,319,0.734,214,0.948,159,1.166,136,1.188,172,1.006,208,0.65,275,0.552,378,0.578,425,0.549,461,0.595,496,0.685,430,0.603,516,0.699,529,0.725,540,0.743,567,0.752,488,0.605,544,0.616,678,0.74,633,0.797,711,0.941,705,0.975,625,0.955,360,0.703,358,0.768,200,0.865,153,1.064,128,1.05,135,0.761,187,0.583,257,0.512,384,0.57,437,0.552,450,0.58,527,0.731,550,0.762,558,0.733,537,0.718,569,0.772,513,0.665,508,0.642,520,0.593,601,0.651,711,0.863,682,0.899,695,0.934,629,0.934,383,0.747,359,0.717,231,0.912,167,1.037,130,1.004,147,0.789,188,0.577,272,0.539,363,0.543,434,0.546,501,0.645,518,0.714,524,0.71,527,0.692,588,0.773,628,0.819,515,0.644,515,0.614,592,0.654,634,0.672,650,0.741,658,0.799,710,0.883,655,0.924,467,0.812
Region 1,Region 6,149,0.357,53,0.226,34,0.206,30,0.195,37,0.181,49,0.147,91,0.183,139,0.222,151,0.207,176,0.237,114,0.162,137,0.198,128,0.18,133,0.181,155,0.213,173,0.237,211,0.284,218,0.269,180,0.208,157,0.207,238,0.34,227,0.347,208,0.376,170,0.401,194,0.446,85,0.376,42,0.308,33,0.288,38,0.222,38,0.119,86,0.173,121,0.185,133,0.172,150,0.194,142,0.196,143,0.201,130,0.176,140,0.192,122,0.168,178,0.236,217,0.269,225,0.255,273,0.298,265,0.334,273,0.361,298,0.412,249,0.38,202,0.394,210,0.451,100,0.432,50,0.348,40,0.328,36,0.203,34,0.106,91,0.181,110,0.163,145,0.183,143,0.184,151,0.21,151,0.209,137,0.18,156,0.208,130,0.176,183,0.237,181,0.229,136,0.155,299,0.324,251,0.305,248,0.327,275,0.37,280,0.416,217,0.423,191,0.381,109,0.43,54,0.335,40,0.309,28,0.15,39,0.12,73,0.145,119,0.178,157,0.198,132,0.17,124,0.171,121,0.164,150,0.197,135,0.177,122,0.159,178,0.223,237,0.283,318,0.351,337,0.357,288,0.328,297,0.361,296,0.368,280,0.395,255,0.443
Region 1,Region 7,454,1.088,245,1.045,170,1.032,193,1.253,298,1.454,431,1.293,662,1.334,778,1.245,849,1.166,788,1.061,709,1.011,963,1.388,1039,1.464,1044,1.424,1027,1.408,966,1.323,1026,1.381,1103,1.361,1346,1.559,1260,1.664,1291,1.843,1221,1.864,1006,1.819,743,1.752,696,1.602,363,1.608,208,1.525,185,1.616,272,1.59,397,1.241,621,1.246,842,1.287,951,1.23,916,1.183,973,1.343,1025,1.438,1081,1.465,1100,1.507,1082,1.488,1027,1.361,1048,1.299,1284,1.453,1347,1.47,1212,1.526,1404,1.858,1384,1.914,1263,1.929,927,1.81,797,1.71,402,1.738,263,1.828,223,1.83,251,1.416,392,1.221,598,1.192,866,1.285,1015,1.282,941,1.213,881,1.223,976,1.352,1107,1.455,1059,1.415,955,1.296,1079,1.398,1138,1.438,1190,1.357,1377,1.492,1301,1.58,1365,1.8,1315,1.768,1187,1.762,961,1.873,805,1.608,420,1.658,264,1.64,201,1.552,267,1.434,387,1.187,586,1.161,818,1.225,902,1.135,801,1.031,910,1.255,916,1.241,1007,1.323,1061,1.394,1039,1.356,1079,1.35,1264,1.507,1407,1.554,1501,1.591,1542,1.759,1375,1.67,1393,1.733,1183,1.668,787,1.369
Region 1,Region 8,20,0.048,9,0.038,5,0.03,7,0.045,6,0.029,11,0.033,10,0.02,25,0.04,25,0.034,40,0.054,33,0.047,51,0.074,59,0.083,45,0.061,56,0.077,54,0.074,41,0.055,71,0.088,64,0.074,55,0.073,84,0.12,95,0.145,48,0.087,21,0.05,28,0.064,23,0.102,12,0.088,15,0.131,4,0.023,12,0.038,17,0.034,30,0.046,40,0.052,48,0.062,41,0.057,46,0.065,45,0.061,45,0.062,44,0.061,48,0.064,55,0.068,81,0.092,80,0.087,99,0.125,87,0.115,101,0.14,58,0.089,37,0.072,34,0.073,22,0.095,10,0.07,8,0.066,6,0.034,7,0.022,23,0.046,37,0.055,40,0.051,43,0.055,47,0.065,44,0.061,46,0.06,47,0.063,55,0.075,43,0.056,44,0.056,62,0.071,90,0.098,77,0.093,83,0.109,105,0.141,89,0.132,46,0.09,37,0.074,28,0.111,11,0.068,11,0.085,6,0.032,4,0.012,18,0.036,27,0.04,37,0.047,37,0.048,47,0.065,34,0.046,52,0.068,45,0.059,39,0.051,38,0.048,49,0.058,63,0.07,61,0.065,67,0.076,74,0.09,83,0.103,71,0.1,51,0.089
Region 1,Region 9,67,0.161,41,0.175,26,0.158,14,0.091,25,0.122,30,0.09,47,0.095,45,0.072,47,0.065,49,0.066,55,0.078,49,0.071,32,0.045,39,0.053,43,0.059,52,0.071,51,0.069,49,0.06,61,0.071,59,0.078,47,0.067,61,0.093,67,0.121,58,0.137,81,0.186,34,0.151,18,0.132,22,0.192,29,0.17,39,0.122,49,0.098,59,0.09,63,0.081,59,0.076,58,0.08,44,0.062,47,0.064,42,0.058,37,0.051,37,0.049,41,0.051,61,0.069,73,0.08,63,0.079,59,0.078,86,0.119,96,0.147,103,0.201,66,0.142,34,0.147,32,0.222,15,0.123,31,0.175,37,0.115,44,0.088,49,0.073,45,0.057,45,0.058,57,0.079,47,0.065,60,0.079,49,0.065,60,0.081,54,0.07,68,0.086,65,0.074,61,0.066,51,0.062,62,0.082,55,0.074,61,0.091,63,0.123,73,0.146,40,0.158,36,0.224,21,0.162,24,0.129,41,0.126,52,0.103,43,0.064,57,0.072,59,0.076,61,0.084,71,0.096,63,0.083,53,0.07,62,0.081,43,0.054,24,0.029,29,0.032,43,0.046,50,0.057,66,0.08,64,0.08,110,0.155,74,0.129
Region 1,Region 10,161,0.386,70,0.298,36,0.219,31,0.201,30,0.146,62,0.186,124,0.25,217,0.347,227,0.312,191,0.257,255,0.363,252,0.363,200,0.282,229,0.312,199,0.273,208,0.285,283,0.381,360,0.444,379,0.439,361,0.477,369,0.527,379,0.579,290,0.524,207,0.488,194,0.446,108,0.478,47,0.345,38,0.332,30,0.175,83,0.259,147,0.295,221,0.338,246,0.318,263,0.34,291,0.402,319,0.448,273,0.37,239,0.327,221,0.304,251,0.333,305,0.378,377,0.427,409,0.446,372,0.468,491,0.65,444,0.614,350,0.535,245,0.478,231,0.496,138,0.597,90,0.626,52,0.427,43,0.243,64,0.199,133,0.265,191,0.283,273,0.345,259,0.334,237,0.329,284,0.393,225,0.296,245,0.327,221,0.3,255,0.33,319,0.403,370,0.422,384,0.416,402,0.488,383,0.505,385,0.518,353,0.524,300,0.585,225,0.449,142,0.561,81,0.503,65,0.502,34,0.183,63,0.193,129,0.256,202,0.302,256,0.322,227,0.292,240,0.331,229,0.31,231,0.304,236,0.31,221,0.288,210,0.263,253,0.302,338,0.373,391,0.414,377,0.43,406,0.493,324,0.403,338,0.477,221,0.384
Region 1,Region 11,219,0.525,101,0.431,79,0.48,75,0.487,128,0.625,222,0.666,377,0.76,605,0.968,702,0.964,659,0.887,596,0.849,560,0.807,557,0.785,622,0.848,568,0.779,600,0.822,564,0.759,613,0.756,730,0.845,601,0.794,574,0.819,557,0.85,423,0.765,316,0.745,269,0.619,117,0.518,73,0.535,63,0.55,115,0.672,249,0.778,397,0.797,671,1.025,666,0.861,689,0.89,614,0.848,531,0.745,532,0.721,506,0.693,560,0.77,590,0.782,657,0.815,680,0.77,729,0.795,660,0.831,642,0.849,555,0.767,537,0.82,348,0.68,287,0.616,139,0.601,85,0.591,74,0.607,117,0.66,254,0.791,437,0.871,605,0.898,678,0.857,580,0.748,618,0.858,605,0.838,564,0.741,566,0.756,569,0.772,606,0.785,575,0.726,712,0.812,801,0.868,674,0.818,583,0.769,575,0.773,563,0.836,378,0.737,338,0.675,134,0.529,92,0.572,81,0.625,120,0.644,220,0.675,369,0.731,584,0.874,636,0.8,616,0.793,615,0.848,645,0.874,622,0.817,697,0.916,639,0.834,629,0.787,621,0.74,696,0.769,707,0.749,625,0.713,595,0.723,554,0.689,518,0.73,447,0.777
Region 1,Region 12,29,0.069,27,0.115,9,0.055,6,0.039,14,0.068,29,0.087,30,0.06,37,0.059,36,0.049,43,0.058,47,0.067,27,0.039,32,0.045,29,0.04,44,0.06,40,0.055,59,0.079,65,0.08,40,0.046,49,0.065,34,0.049,30,0.046,36,0.065,32,0.075,28,0.064,24,0.106,12,0.088,6,0.052,17,0.099,25,0.078,26,0.052,33,0.05,30,0.039,33,0.043,26,0.036,24,0.034,28,0.038,43,0.059,36,0.05,37,0.049,49,0.061,64,0.072,65,0.071,46,0.058,44,0.058,52,0.072,49,0.075,28,0.055,36,0.077,18,0.078,17,0.118,10,0.082,16,0.09,28,0.087,27,0.054,34,0.05,38,0.048,38,0.049,31,0.043,27,0.037,49,0.064,41,0.055,42,0.057,47,0.061,70,0.088,75,0.086,74,0.08,44,0.053,50,0.066,41,0.055,46,0.068,52,0.101,43,0.086,20,0.079,16,0.099,15,0.116,20,0.107,26,0.08,27,0.053,34,0.051,40,0.05,34,0.044,49,0.068,33,0.045,38,0.05,43,0.056,59,0.077,62,0.078,62,0.074,74,0.082,55,0.058,48,0.055,42,0.051,52,0.065,41,0.058,42,0.073
Region 1,Region 13,0,0,0,0,0,0,0,0,0,0,0,0,0,0,0,0,0,0,0,0,0,0,0,0,0,0,0,0,0,0,0,0,0,0,0,0,0,0,0,0,0,0,0,0,0,0,0,0,0,0,0,0,0,0,0,0,0,0,0,0,0,0,0,0,0,0,0,0,0,0,0,0,0,0,1,0.001,0,0,0,0,1,0.001,0,0,0,0,0,0,0,0,0,0,0,0,0,0,0,0,0,0,0,0,0,0,0,0,0,0,0,0,0,0,0,0,1,0.001,1,0.001,1,0.001,0,0,0,0,0,0,0,0,0,0,0,0,0,0,0,0,0,0,0,0,0,0,0,0,0,0,0,0,0,0,0,0,0,0,0,0,0,0,0,0,0,0,0,0,0,0,0,0,0,0,0,0,0,0,0,0,0,0,0,0,0,0,0,0,0,0,0,0,0,0,0,0
Region 1,Region 14,54,0.129,24,0.102,24,0.146,16,0.104,19,0.093,36,0.108,65,0.131,77,0.123,79,0.108,69,0.093,84,0.12,77,0.111,80,0.113,80,0.109,90,0.123,88,0.121,82,0.11,101,0.125,101,0.117,103,0.136,111,0.158,104,0.159,108,0.195,72,0.17,51,0.117,24,0.106,23,0.169,16,0.14,18,0.105,37,0.116,53,0.106,94,0.144,78,0.101,69,0.089,97,0.134,78,0.109,77,0.104,65,0.089,71,0.098,84,0.111,106,0.131,117,0.132,125,0.136,97,0.122,110,0.146,120,0.166,117,0.179,93,0.182,71,0.152,28,0.121,22,0.153,9,0.074,28,0.158,35,0.109,61,0.122,82,0.122,76,0.096,74,0.095,78,0.108,77,0.107,81,0.106,80,0.107,81,0.11,82,0.106,87,0.11,106,0.121,131,0.142,102,0.124,109,0.144,99,0.133,127,0.189,93,0.181,59,0.118,32,0.126,15,0.093,20,0.154,19,0.102,35,0.107,52,0.103,95,0.142,81,0.102,78,0.1,77,0.106,76,0.103,94,0.124,90,0.118,93,0.121,102,0.128,97,0.116,110,0.121,119,0.126,130,0.148,108,0.131,105,0.131,91,0.128,72,0.125
Region 1,Region 15,353,0.846,170,0.725,107,0.65,104,0.675,121,0.59,189,0.567,262,0.528,296,0.474,275,0.378,283,0.381,313,0.446,349,0.503,303,0.427,366,0.499,368,0.505,487,0.667,516,0.694,599,0.739,476,0.551,390,0.515,356,0.508,345,0.527,326,0.59,335,0.79,375,0.863,202,0.895,106,0.777,53,0.463,121,0.708,190,0.594,274,0.55,348,0.532,249,0.322,262,0.338,316,0.436,352,0.494,329,0.446,345,0.473,384,0.528,437,0.579,511,0.634,603,0.683,534,0.583,413,0.52,401,0.531,392,0.542,365,0.557,344,0.672,394,0.845,207,0.895,136,0.945,95,0.78,120,0.677,183,0.57,294,0.586,339,0.503,277,0.35,284,0.366,348,0.483,341,0.472,329,0.432,346,0.462,405,0.55,455,0.589,418,0.528,529,0.603,460,0.498,397,0.482,447,0.589,404,0.543,387,0.575,351,0.684,456,0.911,232,0.916,168,1.044,109,0.842,148,0.795,224,0.687,250,0.495,297,0.445,310,0.39,333,0.429,349,0.481,394,0.534,425,0.558,534,0.702,490,0.639,510,0.638,472,0.563,494,0.546,420,0.445,461,0.526,438,0.532,397,0.494,406,0.572,367,0.638
Region 1,Region 16,167,0.4,76,0.324,74,0.449,75,0.487,86,0.42,140,0.42,216,0.435,312,0.499,340,0.467,332,0.447,306,0.436,308,0.444,371,0.523,361,0.492,387,0.531,330,0.452,353,0.475,418,0.516,464,0.537,395,0.522,402,0.574,339,0.518,282,0.51,247,0.582,212,0.488,117,0.518,54,0.396,47,0.411,65,0.38,116,0.363,238,0.478,337,0.515,388,0.502,402,0.519,351,0.485,322,0.452,329,0.446,322,0.441,322,0.443,326,0.432,398,0.493,461,0.522,496,0.541,439,0.553,394,0.521,370,0.512,315,0.481,250,0.488,229,0.491,108,0.467,66,0.459,54,0.443,76,0.429,110,0.343,208,0.415,304,0.451,359,0.454,364,0.469,360,0.5,328,0.454,403,0.53,406,0.542,397,0.539,386,0.5,372,0.47,434,0.495,466,0.505,414,0.503,393,0.518,378,0.508,389,0.577,284,0.554,228,0.455,98,0.387,75,0.466,43,0.332,79,0.424,123,0.377,188,0.372,321,0.481,362,0.455,377,0.485,371,0.511,384,0.52,389,0.511,371,0.487,395,0.515,381,0.477,389,0.464,504,0.557,534,0.566,452,0.516,400,0.486,389,0.484,334,0.471,289,0.503
Region 2,Region 0,163,0.391,105,0.448,112,0.68,114,0.74,98,0.478,184,0.552,275,0.554,265,0.424,273,0.375,216,0.291,255,0.363,213,0.307,136,0.192,185,0.252,238,0.326,219,0.3,185,0.249,186,0.23,243,0.281,232,0.306,234,0.334,225,0.343,276,0.499,218,0.514,196,0.451,86,0.381,46,0.337,52,0.454,86,0.503,166,0.519,247,0.496,326,0.498,332,0.429,235,0.303,245,0.338,260,0.365,248,0.336,229,0.314,263,0.362,226,0.3,270,0.335,302,0.342,299,0.326,284,0.358,209,0.277,291,0.402,320,0.489,215,0.42,160,0.343,72,0.311,56,0.389,46,0.377,86,0.485,193,0.601,293,0.584,281,0.417,253,0.32,225,0.29,204,0.283,204,0.283,206,0.271,228,0.305,209,0.284,231,0.299,265,0.335,292,0.333,270,0.293,226,0.274,200,0.264,250,0.336,157,0.233,214,0.417,215,0.429,86,0.34,45,0.28,47,0.363,74,0.397,162,0.497,278,0.551,294,0.44,327,0.411,267,0.344,244,0.336,237,0.321,198,0.26,174,0.229,152,0.198,160,0.2,82,0.098,126,0.139,239,0.253,237,0.27,264,0.321,293,0.364,307,0.433,284,0.494
Region 2,Region 1,224,0.537,113,0.482,72,0.437,90,0.584,65,0.317,98,0.294,151,0.304,166,0.266,132,0.181,138,0.186,266,0.379,161,0.232,184,0.259,165,0.225,163,0.223,229,0.314,249,0.335,216,0.267,211,0.244,169,0.223,193,0.276,203,0.31,188,0.34,174,0.41,246,0.566,131,0.58,39,0.286,17,0.149,44,0.257,118,0.369,174,0.349,202,0.309,261,0.337,218,0.281,251,0.347,187,0.262,187,0.253,203,0.278,244,0.336,227,0.301,205,0.254,218,0.247,243,0.265,193,0.243,189,0.25,200,0.277,177,0.27,162,0.316,184,0.395,64,0.277,23,0.16,23,0.189,63,0.355,105,0.327,167,0.333,213,0.316,183,0.231,176,0.227,162,0.225,151,0.209,177,0.233,146,0.195,137,0.186,171,0.222,203,0.256,221,0.252,245,0.265,189,0.229,193,0.254,184,0.247,151,0.224,188,0.366,165,0.33,47,0.186,23,0.143,20,0.154,51,0.274,120,0.368,146,0.289,145,0.217,157,0.198,186,0.239,189,0.261,137,0.186,125,0.164,140,0.184,191,0.249,220,0.275,179,0.213,206,0.227,263,0.279,204,0.233,204,0.248,186,0.231,193,0.272,148,0.257
Region 2,Region 2,1818,4.356,982,4.187,772,4.688,772,5.011,1108,5.406,1929,5.786,3087,6.22,3795,6.074,3944,5.415,3887,5.231,3720,5.302,3776,5.444,3632,5.116,3583,4.887,3481,4.772,3633,4.977,3838,5.165,3899,4.812,3615,4.186,2931,3.871,2678,3.823,2415,3.687,2148,3.885,1718,4.051,1774,4.083,948,4.199,613,4.495,539,4.709,896,5.239,1839,5.749,2655,5.329,3397,5.192,3781,4.889,3771,4.868,3683,5.085,3565,5.001,3614,4.896,3606,4.94,3532,4.859,3729,4.943,3852,4.776,4198,4.752,4085,4.457,3396,4.276,2847,3.767,2690,3.72,2351,3.591,2144,4.187,1769,3.795,816,3.528,586,4.074,543,4.456,965,5.442,1952,6.082,2845,5.671,3353,4.976,3639,4.597,3446,4.442,3236,4.491,3332,4.616,3667,4.82,3644,4.869,3357,4.556,4284,5.55,4319,5.457,4506,5.137,4229,4.583,3333,4.047,2819,3.717,2824,3.796,2234,3.317,1659,3.234,1743,3.481,852,3.364,563,3.498,553,4.27,1012,5.435,1883,5.776,2928,5.8,3385,5.068,3766,4.739,3869,4.981,3617,4.987,3504,4.746,3335,4.382,3237,4.253,3706,4.836,4273,5.347,4338,5.172,4396,4.855,4078,4.321,3489,3.979,2928,3.557,2635,3.278,2234,3.15,1787,3.108
Region 2,Region 3,501,1.201,246,1.049,234,1.421,199,1.292,212,1.034,368,1.104,620,1.249,695,1.112,571,0.784,630,0.848,645,0.919,562,0.81,539,0.759,640,0.873,586,0.803,566,0.775,593,0.798,517,0.638,451,0.522,516,0.681,615,0.878,622,0.95,805,1.456,448,1.056,495,1.139,187,0.828,103,0.755,102,0.891,150,0.877,344,1.075,614,1.232,764,1.168,778,1.006,847,1.093,873,1.205,827,1.16,622,0.843,625,0.856,626,0.861,541,0.717,567,0.703,607,0.687,575,0.627,581,0.732,600,0.794,752,1.04,709,1.083,394,0.769,409,0.877,151,0.653,95,0.66,108,0.886,167,0.942,317,0.988,712,1.419,830,1.232,781,0.987,777,1.001,724,1.005,662,0.917,585,0.769,538,0.719,596,0.809,657,0.851,697,0.881,640,0.73,515,0.558,553,0.671,492,0.649,387,0.52,367,0.545,318,0.62,395,0.789,165,0.652,105,0.652,91,0.703,151,0.811,338,1.037,709,1.404,793,1.187,654,0.823,604,0.778,583,0.804,617,0.836,467,0.614,508,0.667,502,0.655,449,0.562,267,0.318,307,0.339,399,0.423,387,0.441,410,0.498,465,0.578,472,0.666,402,0.699
Region 2,Region 4,39,0.093,22,0.094,24,0.146,12,0.078,14,0.068,21,0.063,39,0.079,45,0.072,48,0.066,32,0.043,51,0.073,39,0.056,50,0.07,53,0.072,38,0.052,33,0.045,45,0.061,42,0.052,35,0.041,38,0.05,52,0.074,53,0.081,40,0.072,46,0.108,43,0.099,27,0.12,4,0.029,4,0.035,11,0.064,35,0.109,39,0.078,44,0.067,65,0.084,77,0.099,67,0.093,55,0.077,61,0.083,57,0.078,65,0.089,36,0.048,31,0.038,29,0.033,29,0.032,25,0.031,25,0.033,25,0.035,45,0.069,46,0.09,37,0.079,19,0.082,10,0.07,6,0.049,8,0.045,31,0.097,43,0.086,47,0.07,51,0.064,56,0.072,43,0.06,22,0.03,35,0.046,28,0.037,14,0.019,27,0.035,37,0.047,27,0.031,40,0.043,36,0.044,36,0.047,32,0.043,22,0.033,24,0.047,42,0.084,8,0.032,8,0.05,6,0.046,7,0.038,19,0.058,34,0.067,30,0.045,63,0.079,50,0.064,40,0.055,30,0.041,27,0.035,39,0.051,53,0.069,34,0.043,30,0.036,41,0.045,39,0.041,43,0.049,47,0.057,30,0.037,31,0.044,23,0.04
Region 2,Region 5,14,0.034,7,0.03,10,0.061,14,0.091,8,0.039,12,0.036,13,0.026,10,0.016,9,0.012,18,0.024,50,0.071,34,0.049,21,0.03,17,0.023,17,0.023,28,0.038,27,0.036,19,0.023,20,0.023,17,0.022,21,0.03,18,0.027,20,0.036,14,0.033,13,0.03,7,0.031,4,0.029,6,0.052,9,0.053,9,0.028,13,0.026,12,0.018,17,0.022,29,0.037,26,0.036,25,0.035,24,0.033,28,0.038,31,0.043,31,0.041,22,0.027,17,0.019,21,0.023,20,0.025,13,0.017,19,0.026,19,0.029,16,0.031,13,0.028,7,0.03,0,0,6,0.049,9,0.051,11,0.034,13,0.026,18,0.027,15,0.019,24,0.031,24,0.033,19,0.026,13,0.017,15,0.02,14,0.019,21,0.027,11,0.014,23,0.026,23,0.025,23,0.028,15,0.02,14,0.019,9,0.013,10,0.019,19,0.038,5,0.02,5,0.031,9,0.069,9,0.048,8,0.025,11,0.022,15,0.022,12,0.015,24,0.031,26,0.036,22,0.03,24,0.032,23,0.03,13,0.017,23,0.029,10,0.012,12,0.013,19,0.02,19,0.022,28,0.034,21,0.026,24,0.034,18,0.031
Region 2,Region 6,33,0.079,18,0.077,15,0.091,15,0.097,15,0.073,24,0.072,38,0.077,35,0.056,35,0.048,24,0.032,37,0.053,34,0.049,27,0.038,38,0.052,32,0.044,32,0.044,43,0.058,39,0.048,23,0.027,23,0.03,35,0.05,42,0.064,40,0.072,28,0.066,33,0.076,20,0.089,2,0.015,3,0.026,11,0.064,31,0.097,40,0.08,28,0.043,39,0.05,37,0.048,41,0.057,30,0.042,36,0.049,47,0.064,38,0.052,26,0.034,25,0.031,42,0.048,47,0.051,36,0.045,46,0.061,43,0.059,46,0.07,32,0.062,27,0.058,8,0.035,4,0.028,7,0.057,6,0.034,31,0.097,47,0.094,53,0.079,27,0.034,39,0.05,39,0.054,25,0.035,36,0.047,27,0.036,25,0.034,51,0.066,42,0.053,32,0.036,27,0.029,36,0.044,34,0.045,28,0.038,20,0.03,26,0.051,31,0.062,12,0.047,2,0.012,5,0.039,10,0.054,25,0.077,35,0.069,33,0.049,49,0.062,39,0.05,32,0.044,25,0.034,24,0.032,29,0.038,28,0.037,31,0.039,41,0.049,58,0.064,51,0.054,43,0.049,29,0.035,30,0.037,37,0.052,32,0.056
Region 2,Region 7,23,0.055,23,0.098,20,0.121,22,0.143,20,0.098,27,0.081,50,0.101,42,0.067,39,0.054,38,0.051,115,0.164,63,0.091,42,0.059,43,0.059,44,0.06,65,0.089,52,0.07,32,0.039,46,0.053,32,0.042,47,0.067,44,0.067,40,0.072,39,0.092,41,0.094,20,0.089,9,0.066,10,0.087,15,0.088,37,0.116,80,0.161,62,0.095,83,0.107,72,0.093,55,0.076,45,0.063,42,0.057,44,0.06,47,0.065,48,0.064,53,0.066,56,0.063,41,0.045,40,0.05,51,0.067,44,0.061,39,0.06,40,0.078,35,0.075,16,0.069,11,0.076,6,0.049,14,0.079,30,0.093,46,0.092,60,0.089,50,0.063,43,0.055,32,0.044,31,0.043,40,0.053,32,0.043,39,0.053,49,0.063,46,0.058,42,0.048,56,0.061,48,0.058,35,0.046,37,0.05,36,0.053,27,0.053,33,0.066,10,0.039,8,0.05,9,0.069,15,0.081,20,0.061,41,0.081,56,0.084,61,0.077,39,0.05,39,0.054,33,0.045,58,0.076,51,0.067,51,0.067,43,0.054,41,0.049,57,0.063,71,0.075,54,0.062,61,0.074,42,0.052,40,0.056,36,0.063
Region 2,Region 8,1,0.002,0,0,0,0,2,0.013,2,0.01,4,0.012,5,0.01,1,0.002,0,0,4,0.005,10,0.014,3,0.004,2,0.003,3,0.004,1,0.001,0,0,4,0.005,4,0.005,3,0.003,4,0.005,6,0.009,1,0.002,2,0.004,2,0.005,0,0,0,0,0,0,0,0,1,0.006,4,0.013,4,0.008,4,0.006,6,0.008,1,0.001,1,0.001,2,0.003,2,0.003,0,0,0,0,1,0.001,0,0,2,0.002,5,0.005,4,0.005,3,0.004,7,0.01,3,0.005,1,0.002,2,0.004,2,0.009,0,0,1,0.008,1,0.006,4,0.012,7,0.014,8,0.012,7,0.009,6,0.008,4,0.006,2,0.003,2,0.003,2,0.003,2,0.003,2,0.003,3,0.004,1,0.001,4,0.004,2,0.002,5,0.007,2,0.003,0,0,4,0.008,4,0.008,3,0.012,0,0,0,0,2,0.011,7,0.021,8,0.016,2,0.003,2,0.003,2,0.003,3,0.004,3,0.004,2,0.003,3,0.004,1,0.001,3,0.004,3,0.004,11,0.012,6,0.006,4,0.005,7,0.009,3,0.004,3,0.004,3,0.005
Region 2,Region 9,162,0.388,68,0.29,58,0.352,62,0.402,56,0.273,85,0.255,142,0.286,148,0.237,137,0.188,127,0.171,169,0.241,149,0.215,128,0.18,135,0.184,133,0.182,133,0.182,116,0.156,126,0.155,139,0.161,126,0.166,130,0.186,110,0.168,146,0.264,142,0.335,139,0.32,52,0.23,46,0.337,29,0.253,47,0.275,89,0.278,149,0.299,182,0.278,193,0.25,195,0.252,187,0.258,153,0.215,169,0.229,161,0.221,137,0.188,122,0.162,140,0.174,163,0.185,160,0.175,129,0.162,124,0.164,158,0.218,145,0.221,132,0.258,123,0.264,58,0.251,41,0.285,32,0.263,46,0.259,116,0.361,197,0.393,187,0.277,172,0.217,174,0.224,146,0.203,154,0.213,151,0.198,169,0.226,130,0.176,133,0.172,141,0.178,145,0.165,158,0.171,129,0.157,124,0.163,119,0.16,83,0.123,99,0.193,122,0.244,52,0.205,35,0.217,30,0.232,39,0.209,92,0.282,186,0.368,201,0.301,204,0.257,212,0.273,205,0.283,146,0.198,167,0.219,139,0.183,112,0.146,110,0.138,68,0.081,75,0.083,108,0.114,107,0.122,148,0.18,124,0.154,156,0.22,130,0.226
Region 2,Region 10,21,0.05,11,0.047,10,0.061,3,0.019,7,0.034,23,0.069,36,0.073,23,0.037,23,0.032,19,0.026,49,0.07,36,0.052,24,0.034,25,0.034,17,0.023,30,0.041,31,0.042,30,0.037,29,0.034,30,0.04,31,0.044,28,0.043,27,0.049,21,0.05,14,0.032,9,0.04,3,0.022,4,0.035,4,0.023,20,0.063,37,0.074,24,0.037,39,0.05,32,0.041,43,0.059,19,0.027,19,0.026,28,0.038,33,0.045,36,0.048,19,0.024,24,0.027,23,0.025,36,0.045,37,0.049,32,0.044,19,0.029,13,0.025,18,0.039,5,0.022,3,0.021,4,0.033,7,0.039,31,0.097,44,0.088,57,0.085,22,0.028,16,0.021,19,0.026,22,0.03,22,0.029,13,0.017,14,0.019,29,0.038,36,0.045,16,0.018,37,0.04,34,0.041,37,0.049,25,0.034,22,0.033,17,0.033,27,0.054,10,0.039,3,0.019,6,0.046,17,0.091,22,0.067,38,0.075,29,0.043,43,0.054,34,0.044,28,0.039,21,0.028,20,0.026,14,0.018,22,0.029,17,0.021,23,0.027,25,0.028,27,0.029,34,0.039,25,0.03,23,0.029,22,0.031,26,0.045
Region 2,Region 11,139,0.333,84,0.358,72,0.437,56,0.363,71,0.346,140,0.42,214,0.431,145,0.232,146,0.2,222,0.299,307,0.438,301,0.434,280,0.394,305,0.416,270,0.37,249,0.341,225,0.303,242,0.299,254,0.294,239,0.316,226,0.323,226,0.345,169,0.306,151,0.356,138,0.318,72,0.319,24,0.176,8,0.07,35,0.205,146,0.456,260,0.522,277,0.423,280,0.362,255,0.329,261,0.36,262,0.368,252,0.341,254,0.348,242,0.333,257,0.341,254,0.315,243,0.275,223,0.243,170,0.214,206,0.273,180,0.249,132,0.202,96,0.187,101,0.217,44,0.19,17,0.118,9,0.074,35,0.197,112,0.349,223,0.445,256,0.38,250,0.316,292,0.376,279,0.387,251,0.348,273,0.359,234,0.313,222,0.301,233,0.302,284,0.359,272,0.31,290,0.314,251,0.305,208,0.274,158,0.212,130,0.193,119,0.232,88,0.176,30,0.118,14,0.087,11,0.085,30,0.161,112,0.344,222,0.44,250,0.374,258,0.325,253,0.326,226,0.312,195,0.264,178,0.234,200,0.263,214,0.279,184,0.23,191,0.228,165,0.182,227,0.241,187,0.213,222,0.27,174,0.216,160,0.226,128,0.223
Region 2,Region 12,63,0.151,38,0.162,32,0.194,31,0.201,32,0.156,63,0.189,74,0.149,94,0.15,68,0.093,73,0.098,68,0.097,60,0.086,78,0.11,85,0.116,74,0.101,98,0.134,80,0.108,63,0.078,56,0.065,49,0.065,46,0.066,44,0.067,43,0.078,45,0.106,38,0.087,33,0.146,14,0.103,23,0.201,33,0.193,59,0.184,85,0.171,99,0.151,80,0.103,77,0.099,84,0.116,73,0.102,70,0.095,69,0.095,73,0.1,91,0.121,77,0.095,69,0.078,61,0.067,64,0.081,48,0.064,50,0.069,61,0.093,48,0.094,38,0.082,19,0.082,8,0.056,8,0.066,20,0.113,59,0.184,91,0.181,108,0.16,90,0.114,71,0.092,68,0.094,61,0.085,64,0.084,71,0.095,52,0.071,74,0.096,72,0.091,76,0.087,77,0.083,62,0.075,65,0.086,61,0.082,44,0.065,49,0.096,31,0.062,25,0.099,16,0.099,12,0.093,17,0.091,58,0.178,86,0.17,95,0.142,105,0.132,86,0.111,83,0.114,82,0.111,67,0.088,71,0.093,64,0.084,61,0.076,54,0.064,65,0.072,67,0.071,67,0.076,55,0.067,71,0.088,85,0.12,57,0.099
Region 2,Region 13,0,0,0,0,0,0,0,0,0,0,0,0,0,0,0,0,0,0,0,0,0,0,0,0,0,0,0,0,0,0,0,0,0,0,0,0,0,0,0,0,0,0,0,0,0,0,0,0,0,0,0,0,0,0,0,0,0,0,0,0,0,0,0,0,0,0,0,0,0,0,0,0,0,0,0,0,0,0,0,0,0,0,0,0,0,0,0,0,0,0,0,0,0,0,0,0,0,0,0,0,0,0,0,0,0,0,0,0,0,0,0,0,0,0,0,0,0,0,0,0,0,0,0,0,0,0,0,0,0,0,0,0,0,0,0,0,0,0,0,0,0,0,0,0,0,0,0,0,0,0,0,0,0,0,0,0,0,0,0,0,0,0,0,0,0,0,0,0,0,0,0,0,0,0,0,0,0,0,0,0,0,0,0,0,0,0,0,0,0,0,0,0
Region 2,Region 14,60,0.144,31,0.132,30,0.182,24,0.156,24,0.117,37,0.111,39,0.079,37,0.059,44,0.06,56,0.075,63,0.09,75,0.108,76,0.107,94,0.128,79,0.108,69,0.095,83,0.112,74,0.091,82,0.095,47,0.062,67,0.096,47,0.072,62,0.112,59,0.139,53,0.122,26,0.115,16,0.117,12,0.105,17,0.099,34,0.106,49,0.098,72,0.11,67,0.087,78,0.101,64,0.088,58,0.081,57,0.077,64,0.088,65,0.089,73,0.097,99,0.123,88,0.1,71,0.077,46,0.058,57,0.075,72,0.1,51,0.078,46,0.09,47,0.101,19,0.082,7,0.049,2,0.016,6,0.034,30,0.093,58,0.116,68,0.101,73,0.092,73,0.094,66,0.092,57,0.079,83,0.109,56,0.075,74,0.1,76,0.098,81,0.102,82,0.093,76,0.082,72,0.087,68,0.09,60,0.081,60,0.089,47,0.092,43,0.086,17,0.067,6,0.037,7,0.054,14,0.075,29,0.089,45,0.089,68,0.102,80,0.101,80,0.103,73,0.101,70,0.095,64,0.084,76,0.1,70,0.091,70,0.088,54,0.064,54,0.06,65,0.069,63,0.072,66,0.08,52,0.065,51,0.072,41,0.071
Region 2,Region 15,318,0.762,174,0.742,129,0.783,129,0.837,145,0.708,255,0.765,445,0.897,438,0.701,308,0.423,312,0.42,416,0.593,451,0.65,421,0.593,464,0.633,447,0.613,491,0.673,515,0.693,532,0.657,506,0.586,345,0.456,316,0.451,336,0.513,283,0.512,251,0.592,292,0.672,123,0.545,83,0.609,78,0.681,118,0.69,221,0.691,393,0.789,510,0.779,460,0.595,374,0.483,411,0.567,445,0.624,419,0.568,407,0.558,528,0.726,602,0.798,644,0.798,601,0.68,502,0.548,404,0.509,346,0.458,279,0.386,247,0.377,217,0.424,294,0.631,124,0.536,56,0.389,51,0.419,92,0.519,253,0.788,461,0.919,490,0.727,423,0.534,415,0.535,420,0.583,350,0.485,383,0.503,367,0.49,444,0.603,542,0.702,624,0.788,679,0.774,599,0.649,432,0.525,350,0.461,337,0.453,271,0.402,264,0.515,313,0.625,117,0.462,65,0.404,60,0.463,90,0.483,229,0.702,445,0.881,531,0.795,487,0.613,435,0.56,459,0.633,488,0.661,424,0.557,517,0.679,537,0.701,605,0.757,588,0.701,566,0.625,643,0.681,498,0.568,386,0.469,303,0.377,297,0.419,299,0.52
Region 2,Region 16,28,0.067,18,0.077,14,0.085,12,0.078,8,0.039,16,0.048,29,0.058,29,0.046,22,0.03,50,0.067,56,0.08,58,0.084,52,0.073,74,0.101,43,0.059,59,0.081,63,0.085,51,0.063,43,0.05,37,0.049,61,0.087,44,0.067,35,0.063,19,0.045,34,0.078,9,0.04,1,0.007,3,0.026,5,0.029,18,0.056,25,0.05,43,0.066,44,0.057,38,0.049,49,0.068,51,0.072,60,0.081,83,0.114,83,0.114,70,0.093,74,0.092,59,0.067,40,0.044,31,0.039,39,0.052,43,0.059,44,0.067,24,0.047,24,0.051,9,0.039,2,0.014,2,0.016,3,0.017,23,0.072,48,0.096,52,0.077,38,0.048,36,0.046,40,0.056,32,0.044,39,0.051,37,0.049,38,0.052,44,0.057,54,0.068,52,0.059,56,0.061,56,0.068,47,0.062,41,0.055,33,0.049,38,0.074,25,0.05,4,0.016,1,0.006,2,0.015,1,0.005,13,0.04,42,0.083,45,0.067,42,0.053,58,0.075,55,0.076,38,0.051,38,0.05,47,0.062,54,0.07,44,0.055,35,0.042,28,0.031,61,0.065,57,0.065,40,0.049,32,0.04,52,0.073,36,0.063
Region 3,Region 0,884,2.118,599,2.554,480,2.915,440,2.856,620,3.025,825,2.475,1055,2.126,1291,2.066,1332,1.829,1356,1.825,1327,1.891,1303,1.878,1318,1.857,1360,1.855,1446,1.982,1441,1.974,1533,2.063,1682,2.076,1635,1.893,1432,1.891,1257,1.795,1265,1.931,983,1.778,776,1.83,774,1.781,424,1.878,264,1.936,268,2.341,465,2.719,735,2.298,1073,2.154,1420,2.17,1412,1.826,1208,1.56,1201,1.658,1375,1.929,1390,1.883,1447,1.982,1421,1.955,1397,1.852,1417,1.757,1547,1.751,1411,1.539,1329,1.673,1320,1.747,1179,1.63,945,1.443,878,1.715,881,1.89,445,1.924,296,2.058,275,2.257,425,2.397,766,2.387,1100,2.193,1323,1.963,1238,1.564,1041,1.342,1029,1.428,1130,1.566,1196,1.572,1312,1.753,1312,1.781,1475,1.911,1521,1.922,1607,1.832,1562,1.693,1435,1.742,1385,1.826,1486,1.998,1186,1.761,919,1.791,1022,2.041,543,2.144,297,1.845,325,2.51,469,2.519,776,2.381,1118,2.214,1429,2.139,1631,2.052,1435,1.847,1303,1.796,1144,1.55,1137,1.494,1273,1.673,1453,1.896,1848,2.313,1993,2.376,1964,2.169,1890,2.003,1655,1.888,1460,1.774,1584,1.971,1243,1.753,918,1.597
Region 3,Region 1,142,0.34,74,0.316,63,0.383,60,0.389,119,0.581,275,0.825,352,0.709,284,0.455,213,0.292,184,0.248,160,0.228,121,0.174,146,0.206,169,0.23,183,0.251,180,0.247,181,0.244,184,0.227,200,0.232,176,0.232,151,0.216,168,0.256,123,0.222,76,0.179,108,0.249,65,0.288,49,0.359,59,0.515,129,0.754,282,0.882,428,0.859,406,0.62,328,0.424,257,0.332,200,0.276,169,0.237,164,0.222,169,0.232,171,0.235,178,0.236,252,0.312,270,0.306,247,0.269,162,0.204,197,0.261,173,0.239,158,0.241,104,0.203,141,0.302,68,0.294,46,0.32,60,0.492,120,0.677,303,0.944,409,0.815,368,0.546,293,0.37,250,0.322,248,0.344,222,0.308,221,0.29,162,0.216,159,0.216,179,0.232,171,0.216,192,0.219,192,0.208,160,0.194,160,0.211,174,0.234,151,0.224,141,0.275,143,0.286,80,0.316,58,0.36,62,0.479,117,0.628,278,0.853,350,0.693,350,0.524,352,0.443,248,0.319,195,0.269,187,0.253,179,0.235,188,0.247,162,0.211,207,0.259,227,0.271,216,0.239,165,0.175,169,0.193,151,0.183,207,0.258,212,0.299,128,0.223
Region 3,Region 2,406,0.973,212,0.904,133,0.808,199,1.292,357,1.742,634,1.902,623,1.255,449,0.719,389,0.534,587,0.79,678,0.966,664,0.957,719,1.013,694,0.946,646,0.886,721,0.988,927,1.248,1008,1.244,966,1.119,806,1.064,621,0.887,474,0.724,348,0.629,243,0.573,304,0.7,140,0.62,100,0.733,177,1.546,305,1.783,537,1.679,394,0.791,365,0.558,575,0.743,645,0.833,669,0.924,673,0.944,712,0.965,690,0.945,656,0.902,625,0.829,851,1.055,915,1.036,850,0.927,683,0.86,572,0.757,437,0.604,373,0.57,364,0.711,380,0.815,154,0.666,118,0.82,171,1.403,340,1.918,584,1.82,640,1.276,659,0.978,569,0.719,677,0.873,813,1.128,860,1.191,725,0.953,594,0.794,603,0.818,650,0.842,707,0.893,743,0.847,756,0.819,750,0.911,696,0.918,560,0.753,409,0.607,386,0.752,403,0.805,188,0.742,111,0.69,170,1.313,311,1.67,556,1.706,586,1.161,635,0.951,702,0.883,634,0.816,645,0.889,583,0.79,521,0.685,533,0.7,718,0.937,795,0.995,772,0.92,704,0.777,746,0.791,693,0.79,669,0.813,668,0.831,495,0.698,383,0.666
Region 3,Region 3,4027,9.65,2431,10.365,1917,11.64,1954,12.683,2748,13.409,3724,11.171,4115,8.291,4218,6.751,4503,6.182,4464,6.008,4408,6.283,4397,6.339,4574,6.443,4625,6.308,4757,6.522,4585,6.281,4788,6.444,5336,6.585,5465,6.328,4881,6.446,4616,6.59,4478,6.836,3427,6.198,2567,6.053,3089,7.109,1872,8.291,1425,10.45,1435,12.536,2054,12.01,3141,9.82,4043,8.115,4275,6.533,4452,5.756,4293,5.542,4277,5.905,4413,6.191,4506,6.105,4628,6.34,4404,6.058,4535,6.012,4944,6.129,5108,5.782,5307,5.79,4782,6.021,4920,6.51,4536,6.273,3793,5.793,3213,6.275,3195,6.854,1944,8.404,1440,10.011,1498,12.293,2264,12.769,3378,10.525,4062,8.097,4461,6.62,4231,5.345,4201,5.415,4353,6.041,4270,5.916,4349,5.717,4389,5.865,4336,5.885,4643,6.015,5009,6.328,5300,6.043,5438,5.893,4700,5.707,4427,5.837,4131,5.553,3950,5.864,2815,5.487,3338,6.667,1853,7.317,1456,9.045,1573,12.147,2492,13.383,3700,11.35,4129,8.178,4436,6.641,4495,5.656,4363,5.617,4591,6.329,4738,6.418,4833,6.351,4539,5.964,4673,6.098,5346,6.69,6005,7.159,5795,6.4,5574,5.907,5591,6.377,5627,6.836,5262,6.546,3866,5.451,3023,5.257
Region 3,Region 4,131,0.314,83,0.354,44,0.267,62,0.402,98,0.478,179,0.537,171,0.345,156,0.25,131,0.18,98,0.132,120,0.171,106,0.153,111,0.156,147,0.2,132,0.181,92,0.126,110,0.148,146,0.18,167,0.193,162,0.214,173,0.247,157,0.24,136,0.246,93,0.219,85,0.196,56,0.248,38,0.279,29,0.253,66,0.386,161,0.503,213,0.428,182,0.278,155,0.2,134,0.173,97,0.134,82,0.115,89,0.121,119,0.163,105,0.144,101,0.134,120,0.149,139,0.157,147,0.16,110,0.139,83,0.11,106,0.147,108,0.165,81,0.158,78,0.167,46,0.199,26,0.181,27,0.222,76,0.429,178,0.555,218,0.435,204,0.303,125,0.158,86,0.111,74,0.103,75,0.104,93,0.122,98,0.131,96,0.13,111,0.144,116,0.147,119,0.136,106,0.115,110,0.134,130,0.171,143,0.192,112,0.166,76,0.148,112,0.224,73,0.288,34,0.211,28,0.216,65,0.349,166,0.509,209,0.414,197,0.295,152,0.191,102,0.131,68,0.094,83,0.112,115,0.151,111,0.146,129,0.168,113,0.141,129,0.154,144,0.159,143,0.152,136,0.155,119,0.145,128,0.159,121,0.171,112,0.195
Region 3,Region 5,65,0.156,41,0.175,43,0.261,36,0.234,51,0.249,123,0.369,160,0.322,137,0.219,130,0.178,97,0.131,74,0.105,88,0.127,66,0.093,56,0.076,86,0.118,80,0.11,74,0.1,116,0.143,109,0.126,72,0.095,67,0.096,73,0.111,93,0.168,50,0.118,55,0.127,28,0.124,23,0.169,17,0.149,42,0.246,99,0.31,185,0.371,180,0.275,142,0.184,116,0.15,95,0.131,73,0.102,81,0.11,73,0.1,100,0.138,104,0.138,143,0.177,157,0.178,153,0.167,100,0.126,113,0.15,121,0.167,79,0.121,57,0.111,73,0.157,41,0.177,20,0.139,26,0.213,42,0.237,106,0.33,161,0.321,157,0.233,144,0.182,104,0.134,86,0.119,85,0.118,73,0.096,76,0.102,87,0.118,105,0.136,102,0.129,116,0.132,108,0.117,104,0.126,100,0.132,110,0.148,76,0.113,58,0.113,76,0.152,42,0.166,30,0.186,22,0.17,54,0.29,111,0.341,151,0.299,160,0.24,129,0.162,103,0.133,79,0.109,78,0.106,80,0.105,82,0.108,90,0.117,114,0.143,115,0.137,96,0.106,95,0.101,91,0.104,90,0.109,119,0.148,105,0.148,74,0.129
Region 3,Region 6,69,0.165,35,0.149,24,0.146,23,0.149,49,0.239,96,0.288,68,0.137,25,0.04,20,0.027,27,0.036,29,0.041,26,0.037,46,0.065,48,0.065,59,0.081,73,0.1,72,0.097,51,0.063,48,0.056,59,0.078,74,0.106,69,0.105,54,0.098,45,0.106,65,0.15,21,0.093,17,0.125,23,0.201,38,0.222,86,0.269,91,0.183,76,0.116,55,0.071,44,0.057,44,0.061,42,0.059,46,0.062,40,0.055,34,0.047,33,0.044,41,0.051,55,0.062,51,0.056,57,0.072,64,0.085,61,0.084,64,0.098,52,0.102,54,0.116,19,0.082,18,0.125,16,0.131,37,0.209,70,0.218,86,0.171,61,0.091,48,0.061,25,0.032,41,0.057,54,0.075,36,0.047,34,0.045,36,0.049,59,0.076,43,0.054,32,0.036,53,0.057,50,0.061,68,0.09,71,0.095,57,0.085,40,0.078,62,0.124,28,0.111,23,0.143,14,0.108,29,0.156,67,0.206,83,0.164,62,0.093,54,0.068,44,0.057,32,0.044,29,0.039,43,0.057,33,0.043,38,0.05,58,0.073,62,0.074,53,0.059,64,0.068,60,0.068,74,0.09,52,0.065,67,0.094,52,0.09
Region 3,Region 7,39,0.093,15,0.064,13,0.079,27,0.175,39,0.19,103,0.309,143,0.288,121,0.194,111,0.152,82,0.11,71,0.101,61,0.088,71,0.1,77,0.105,94,0.129,85,0.116,69,0.093,75,0.093,105,0.122,96,0.127,65,0.093,66,0.101,56,0.101,25,0.059,29,0.067,24,0.106,16,0.117,22,0.192,39,0.228,106,0.331,148,0.297,184,0.281,147,0.19,96,0.124,78,0.108,71,0.1,68,0.092,92,0.126,59,0.081,54,0.072,77,0.095,88,0.1,100,0.109,73,0.092,64,0.085,71,0.098,53,0.081,33,0.064,42,0.09,19,0.082,7,0.049,16,0.131,45,0.254,115,0.358,144,0.287,132,0.196,125,0.158,95,0.122,74,0.103,71,0.098,80,0.105,76,0.102,71,0.096,81,0.105,74,0.093,76,0.087,86,0.093,65,0.079,66,0.087,61,0.082,67,0.099,40,0.078,46,0.092,29,0.115,16,0.099,22,0.17,50,0.269,122,0.374,148,0.293,146,0.219,92,0.116,77,0.099,85,0.117,86,0.116,72,0.095,77,0.101,75,0.098,84,0.105,102,0.122,97,0.107,101,0.107,88,0.1,76,0.092,80,0.1,70,0.099,41,0.071
Region 3,Region 8,14,0.034,11,0.047,4,0.024,4,0.026,12,0.059,29,0.087,40,0.081,36,0.058,29,0.04,21,0.028,23,0.033,15,0.022,14,0.02,19,0.026,23,0.032,20,0.027,26,0.035,34,0.042,22,0.025,16,0.021,24,0.034,18,0.027,12,0.022,6,0.014,7,0.016,3,0.013,2,0.015,2,0.017,6,0.035,25,0.078,30,0.06,30,0.046,37,0.048,41,0.053,19,0.026,16,0.022,20,0.027,19,0.026,22,0.03,22,0.029,23,0.029,33,0.037,40,0.044,29,0.037,27,0.036,8,0.011,21,0.032,13,0.025,17,0.036,7,0.03,3,0.021,6,0.049,10,0.056,20,0.062,38,0.076,34,0.05,25,0.032,21,0.027,15,0.021,17,0.024,15,0.02,17,0.023,18,0.024,23,0.03,20,0.025,29,0.033,25,0.027,20,0.024,25,0.033,23,0.031,25,0.037,10,0.019,9,0.018,3,0.012,10,0.062,3,0.023,7,0.038,25,0.077,32,0.063,29,0.043,24,0.03,20,0.026,17,0.023,23,0.031,19,0.025,27,0.035,17,0.022,27,0.034,41,0.049,30,0.033,16,0.017,17,0.019,17,0.021,16,0.02,10,0.014,8,0.014
Region 3,Region 9,479,1.148,316,1.347,235,1.427,204,1.324,299,1.459,583,1.749,867,1.747,1092,1.748,1031,1.416,953,1.283,732,1.043,746,1.075,806,1.135,845,1.152,809,1.109,781,1.07,760,1.023,828,1.022,829,0.96,770,1.017,659,0.941,665,1.015,549,0.993,400,0.943,465,1.07,253,1.121,149,1.093,148,1.293,240,1.403,537,1.679,936,1.879,1078,1.647,1081,1.398,874,1.128,706,0.975,754,1.058,760,1.03,844,1.156,985,1.355,1052,1.395,1207,1.496,1228,1.39,1122,1.224,752,0.947,738,0.976,675,0.933,569,0.869,507,0.99,528,1.133,260,1.124,138,0.959,169,1.387,279,1.574,557,1.735,845,1.684,1156,1.715,1095,1.383,828,1.067,776,1.077,764,1.058,834,1.096,840,1.122,940,1.276,1063,1.377,1289,1.629,1342,1.53,1054,1.142,759,0.922,812,1.071,666,0.895,560,0.831,577,1.125,536,1.071,274,1.082,175,1.087,155,1.197,274,1.471,553,1.696,835,1.654,1146,1.716,1215,1.529,1100,1.416,1145,1.579,1155,1.564,949,1.247,712,0.935,827,1.079,855,1.07,826,0.985,826,0.912,850,0.901,706,0.805,703,0.854,760,0.945,635,0.895,506,0.88
Region 3,Region 10,33,0.079,8,0.034,12,0.073,12,0.078,42,0.205,96,0.288,148,0.298,154,0.246,123,0.169,84,0.113,64,0.091,47,0.068,48,0.068,61,0.083,60,0.082,74,0.101,90,0.121,87,0.107,70,0.081,60,0.079,56,0.08,51,0.078,39,0.071,30,0.071,26,0.06,10,0.044,5,0.037,11,0.096,29,0.17,79,0.247,127,0.255,152,0.232,132,0.171,84,0.108,64,0.088,55,0.077,50,0.068,59,0.081,68,0.094,72,0.095,69,0.086,84,0.095,81,0.088,68,0.086,65,0.086,44,0.061,33,0.05,22,0.043,19,0.041,8,0.035,11,0.076,8,0.066,19,0.107,69,0.215,117,0.233,113,0.168,101,0.128,95,0.122,58,0.08,47,0.065,41,0.054,44,0.059,46,0.062,53,0.069,47,0.059,61,0.07,64,0.069,48,0.058,44,0.058,50,0.067,40,0.059,23,0.045,21,0.042,16,0.063,17,0.106,16,0.124,37,0.199,92,0.282,123,0.244,117,0.175,91,0.114,63,0.081,52,0.072,59,0.08,43,0.057,63,0.083,76,0.099,75,0.094,80,0.095,72,0.08,54,0.057,51,0.058,52,0.063,46,0.057,37,0.052,33,0.057
Region 3,Region 11,21,0.05,9,0.038,11,0.067,16,0.104,35,0.171,105,0.315,190,0.383,165,0.264,134,0.184,139,0.187,137,0.195,119,0.172,112,0.158,142,0.194,136,0.186,100,0.137,115,0.155,117,0.144,125,0.145,109,0.144,88,0.126,85,0.13,64,0.116,30,0.071,22,0.051,16,0.071,10,0.073,8,0.07,21,0.123,76,0.238,170,0.341,170,0.26,153,0.198,166,0.214,156,0.215,115,0.161,114,0.154,102,0.14,92,0.127,122,0.162,138,0.171,118,0.134,114,0.124,83,0.105,61,0.081,63,0.087,61,0.093,35,0.068,32,0.069,9,0.039,6,0.042,7,0.057,25,0.141,100,0.312,162,0.323,166,0.246,152,0.192,149,0.192,140,0.194,108,0.15,91,0.12,95,0.127,110,0.149,117,0.152,128,0.162,121,0.138,130,0.141,86,0.104,72,0.095,47,0.063,53,0.079,43,0.084,30,0.06,5,0.02,5,0.031,11,0.085,29,0.156,92,0.282,147,0.291,144,0.216,157,0.198,164,0.211,138,0.19,112,0.152,116,0.152,129,0.169,103,0.134,108,0.135,118,0.141,109,0.12,110,0.117,87,0.099,64,0.078,62,0.077,64,0.09,21,0.037
Region 3,Region 12,70,0.168,40,0.171,24,0.146,34,0.221,65,0.317,135,0.405,178,0.359,208,0.333,196,0.269,158,0.213,102,0.145,101,0.146,93,0.131,141,0.192,129,0.177,127,0.174,118,0.159,134,0.165,115,0.133,87,0.115,118,0.168,113,0.173,89,0.161,70,0.165,68,0.156,38,0.168,30,0.22,31,0.271,60,0.351,139,0.435,169,0.339,200,0.306,190,0.246,144,0.186,91,0.126,96,0.135,110,0.149,111,0.152,125,0.172,127,0.168,116,0.144,116,0.131,138,0.151,93,0.117,111,0.147,130,0.18,108,0.165,88,0.172,85,0.182,30,0.13,35,0.243,25,0.205,64,0.361,136,0.424,186,0.371,235,0.349,173,0.219,136,0.175,130,0.18,106,0.147,105,0.138,117,0.156,131,0.178,135,0.175,139,0.176,148,0.169,135,0.146,120,0.146,116,0.153,102,0.137,91,0.135,84,0.164,76,0.152,43,0.17,50,0.311,35,0.27,59,0.317,120,0.368,166,0.329,210,0.314,196,0.247,158,0.203,118,0.163,113,0.153,101,0.133,148,0.194,150,0.196,146,0.183,154,0.184,141,0.156,140,0.148,116,0.132,125,0.152,144,0.179,118,0.166,84,0.146
Region 3,Region 13,0,0,0,0,0,0,0,0,0,0,0,0,0,0,0,0,0,0,0,0,0,0,0,0,0,0,0,0,0,0,0,0,0,0,0,0,0,0,0,0,0,0,0,0,0,0,0,0,0,0,0,0,0,0,0,0,0,0,0,0,0,0,0,0,0,0,0,0,0,0,0,0,0,0,0,0,0,0,0,0,0,0,0,0,0,0,0,0,0,0,0,0,0,0,0,0,0,0,0,0,0,0,0,0,0,0,0,0,0,0,0,0,0,0,0,0,0,0,0,0,0,0,0,0,0,0,0,0,0,0,0,0,0,0,0,0,0,0,0,0,0,0,0,0,1,0.002,0,0,0,0,0,0,0,0,0,0,0,0,0,0,0,0,0,0,0,0,0,0,0,0,0,0,0,0,0,0,0,0,0,0,0,0,0,0,0,0,0,0,1,0.001,1,0.002
Region 3,Region 14,41,0.098,15,0.064,21,0.128,26,0.169,35,0.171,74,0.222,120,0.242,125,0.2,151,0.207,140,0.188,96,0.137,94,0.136,94,0.132,103,0.14,103,0.141,110,0.151,124,0.167,129,0.159,120,0.139,85,0.112,102,0.146,102,0.156,82,0.148,47,0.111,38,0.087,26,0.115,18,0.132,20,0.175,19,0.111,75,0.234,136,0.273,167,0.255,139,0.18,108,0.139,81,0.112,83,0.116,89,0.121,102,0.14,96,0.132,132,0.175,132,0.164,142,0.161,153,0.167,125,0.157,91,0.12,86,0.119,74,0.113,47,0.092,29,0.062,17,0.073,10,0.07,15,0.123,28,0.158,87,0.271,133,0.265,170,0.252,157,0.198,125,0.161,92,0.128,93,0.129,75,0.099,82,0.11,99,0.134,102,0.132,120,0.152,123,0.14,111,0.12,89,0.108,95,0.125,85,0.114,60,0.089,35,0.068,48,0.096,27,0.107,12,0.075,11,0.085,19,0.102,52,0.16,113,0.224,161,0.241,160,0.201,122,0.157,94,0.13,78,0.106,81,0.106,97,0.127,114,0.149,153,0.191,145,0.173,159,0.176,181,0.192,102,0.116,84,0.102,99,0.123,89,0.125,46,0.08
Region 3,Region 15,101,0.242,66,0.281,34,0.206,53,0.344,101,0.493,179,0.537,260,0.524,232,0.371,173,0.238,192,0.258,183,0.261,212,0.306,223,0.314,195,0.266,185,0.254,194,0.266,182,0.245,201,0.248,200,0.232,148,0.195,145,0.207,154,0.235,99,0.179,83,0.196,70,0.161,46,0.204,35,0.257,32,0.28,76,0.444,174,0.544,278,0.558,275,0.42,246,0.318,271,0.35,164,0.226,166,0.233,188,0.255,190,0.26,180,0.248,148,0.196,205,0.254,187,0.212,168,0.183,163,0.205,151,0.2,143,0.198,122,0.186,92,0.18,100,0.215,45,0.195,33,0.229,32,0.263,72,0.406,174,0.542,247,0.492,305,0.453,250,0.316,241,0.311,200,0.278,218,0.302,183,0.241,212,0.283,206,0.28,172,0.223,172,0.217,218,0.249,207,0.224,176,0.214,166,0.219,139,0.187,122,0.181,116,0.226,131,0.262,56,0.221,35,0.217,23,0.178,75,0.403,174,0.534,259,0.513,274,0.41,264,0.332,234,0.301,193,0.266,174,0.236,198,0.26,203,0.267,188,0.245,207,0.259,169,0.201,159,0.176,226,0.239,198,0.226,153,0.186,172,0.214,117,0.165,118,0.205
Region 3,Region 16,74,0.177,45,0.192,21,0.128,30,0.195,51,0.249,121,0.363,226,0.455,188,0.301,186,0.255,169,0.227,142,0.202,129,0.186,120,0.169,156,0.213,141,0.193,143,0.196,159,0.214,159,0.196,146,0.169,129,0.17,152,0.217,155,0.237,121,0.219,43,0.101,51,0.117,38,0.168,29,0.213,31,0.271,67,0.392,141,0.441,208,0.417,254,0.388,233,0.301,175,0.226,129,0.178,129,0.181,148,0.201,168,0.23,187,0.257,194,0.257,198,0.245,211,0.239,240,0.262,158,0.199,140,0.185,152,0.21,122,0.186,88,0.172,50,0.107,32,0.138,34,0.236,19,0.156,57,0.321,131,0.408,216,0.431,245,0.364,214,0.27,170,0.219,138,0.192,122,0.169,136,0.179,132,0.176,160,0.217,156,0.202,182,0.23,217,0.247,199,0.216,149,0.181,145,0.191,122,0.164,115,0.171,67,0.131,74,0.148,36,0.142,30,0.186,21,0.162,44,0.236,141,0.433,231,0.458,257,0.385,237,0.298,195,0.251,167,0.23,160,0.217,166,0.218,139,0.183,173,0.226,190,0.238,274,0.327,268,0.296,247,0.262,168,0.192,137,0.166,186,0.231,144,0.203,79,0.137
Region 4,Region 0,44,0.105,17,0.072,12,0.073,22,0.143,31,0.151,97,0.291,131,0.264,120,0.192,106,0.146,101,0.136,86,0.123,77,0.111,55,0.077,68,0.093,77,0.106,81,0.111,51,0.069,72,0.089,56,0.065,53,0.07,69,0.099,72,0.11,72,0.13,49,0.116,52,0.12,20,0.089,12,0.088,20,0.175,34,0.199,106,0.331,178,0.357,133,0.203,90,0.116,85,0.11,66,0.091,105,0.147,76,0.103,66,0.09,91,0.125,73,0.097,60,0.074,84,0.095,72,0.079,84,0.106,98,0.13,84,0.116,84,0.128,79,0.154,56,0.12,15,0.065,11,0.076,12,0.098,42,0.237,94,0.293,155,0.309,135,0.2,95,0.12,61,0.079,58,0.08,56,0.078,102,0.134,98,0.131,81,0.11,87,0.113,58,0.073,59,0.067,79,0.086,93,0.113,87,0.115,76,0.102,100,0.148,64,0.125,63,0.126,31,0.122,14,0.087,16,0.124,39,0.209,95,0.291,159,0.315,124,0.186,95,0.12,84,0.108,61,0.084,73,0.099,60,0.079,79,0.104,84,0.11,52,0.065,38,0.045,57,0.063,64,0.068,56,0.064,92,0.112,103,0.128,116,0.164,77,0.134
Region 4,Region 1,83,0.199,55,0.235,25,0.152,35,0.227,83,0.405,194,0.582,389,0.784,418,0.669,386,0.53,332,0.447,245,0.349,235,0.339,246,0.347,245,0.334,246,0.337,251,0.344,206,0.277,241,0.297,175,0.203,120,0.158,210,0.3,233,0.356,184,0.333,108,0.255,103,0.237,51,0.226,28,0.205,36,0.314,72,0.421,217,0.678,429,0.861,439,0.671,388,0.502,337,0.435,260,0.359,242,0.34,236,0.32,246,0.337,260,0.358,268,0.355,244,0.303,316,0.358,290,0.316,216,0.272,241,0.319,213,0.295,216,0.33,142,0.277,114,0.245,57,0.246,26,0.181,38,0.312,68,0.384,221,0.689,444,0.885,480,0.712,472,0.596,393,0.507,226,0.314,229,0.317,288,0.379,280,0.374,283,0.384,316,0.409,263,0.332,297,0.339,331,0.359,272,0.33,232,0.306,266,0.358,237,0.352,153,0.298,87,0.174,75,0.296,41,0.255,32,0.247,72,0.387,201,0.617,394,0.78,414,0.62,399,0.502,320,0.412,226,0.312,197,0.267,188,0.247,229,0.301,249,0.325,211,0.264,216,0.258,302,0.334,301,0.319,260,0.297,247,0.3,264,0.328,238,0.336,179,0.311
Region 4,Region 2,15,0.036,11,0.047,7,0.043,5,0.032,11,0.054,26,0.078,40,0.081,33,0.053,36,0.049,36,0.048,20,0.029,20,0.029,28,0.039,32,0.044,24,0.033,31,0.042,15,0.02,30,0.037,20,0.023,9,0.012,14,0.02,16,0.024,22,0.04,11,0.026,17,0.039,5,0.022,6,0.044,9,0.079,13,0.076,15,0.047,20,0.04,29,0.044,22,0.028,29,0.037,22,0.03,28,0.039,30,0.041,32,0.044,27,0.037,25,0.033,28,0.035,34,0.038,23,0.025,27,0.034,20,0.026,24,0.033,21,0.032,19,0.037,17,0.036,5,0.022,2,0.014,5,0.041,13,0.073,19,0.059,31,0.062,28,0.042,33,0.042,23,0.03,10,0.014,16,0.022,20,0.026,29,0.039,29,0.039,13,0.017,19,0.024,26,0.03,20,0.022,23,0.028,25,0.033,19,0.026,27,0.04,12,0.023,15,0.03,9,0.036,9,0.056,9,0.069,11,0.059,35,0.107,41,0.081,30,0.045,40,0.05,34,0.044,14,0.019,16,0.022,37,0.049,31,0.041,42,0.055,35,0.044,25,0.03,27,0.03,21,0.022,28,0.032,25,0.03,38,0.047,26,0.037,20,0.035
Region 4,Region 3,83,0.199,48,0.205,20,0.121,22,0.143,37,0.181,74,0.222,133,0.268,112,0.179,129,0.177,114,0.153,75,0.107,74,0.107,81,0.114,78,0.106,89,0.122,82,0.112,71,0.096,73,0.09,98,0.113,115,0.152,101,0.144,104,0.159,97,0.175,60,0.141,83,0.191,46,0.204,21,0.154,22,0.192,37,0.216,66,0.206,116,0.233,132,0.202,98,0.127,101,0.13,81,0.112,65,0.091,56,0.076,56,0.077,75,0.103,67,0.089,62,0.077,74,0.084,88,0.096,117,0.147,107,0.142,121,0.167,124,0.189,99,0.193,101,0.217,48,0.208,32,0.222,20,0.164,27,0.152,57,0.178,122,0.243,120,0.178,110,0.139,88,0.113,69,0.096,72,0.1,79,0.104,88,0.118,93,0.126,77,0.1,68,0.086,72,0.082,88,0.095,103,0.125,77,0.102,82,0.11,110,0.163,83,0.162,94,0.188,46,0.182,23,0.143,24,0.185,26,0.14,47,0.144,125,0.248,126,0.189,82,0.103,54,0.07,53,0.073,54,0.073,67,0.088,91,0.12,80,0.104,54,0.068,40,0.048,52,0.057,72,0.076,117,0.133,184,0.224,184,0.229,128,0.18,94,0.163
Region 4,Region 4,721,1.728,374,1.595,228,1.384,220,1.428,289,1.41,541,1.623,930,1.874,1241,1.986,1730,2.375,1676,2.256,1402,1.998,1327,1.913,1471,2.072,1516,2.068,1441,1.976,1511,2.07,1246,1.677,1322,1.631,1561,1.808,1331,1.758,1294,1.847,1297,1.98,1161,2.1,926,2.183,908,2.09,422,1.869,227,1.665,182,1.59,275,1.608,568,1.776,905,1.816,1317,2.013,1766,2.283,1960,2.53,1647,2.274,1459,2.047,1563,2.118,1555,2.13,1475,2.029,1320,1.75,1296,1.607,1562,1.768,1603,1.749,1468,1.848,1398,1.85,1522,2.105,1358,2.074,1001,1.955,870,1.866,399,1.725,240,1.669,200,1.641,280,1.579,527,1.642,982,1.957,1373,2.037,1987,2.51,1969,2.538,1723,2.391,1723,2.387,1694,2.227,1529,2.043,1484,2.014,1391,1.802,1311,1.656,1518,1.731,1564,1.695,1514,1.838,1476,1.946,1499,2.015,1360,2.019,1034,2.015,968,1.933,427,1.686,266,1.652,202,1.56,311,1.67,562,1.724,985,1.951,1359,2.035,1820,2.29,1867,2.403,1367,1.885,1417,1.919,1639,2.154,1758,2.31,1565,2.042,1474,1.845,1400,1.669,1666,1.84,1787,1.894,1612,1.839,1553,1.887,1601,1.992,1498,2.112,1234,2.146
Region 4,Region 5,77,0.185,35,0.149,25,0.152,35,0.227,54,0.263,96,0.288,135,0.272,160,0.256,155,0.213,146,0.196,118,0.168,113,0.163,130,0.183,134,0.183,159,0.218,152,0.208,128,0.172,125,0.154,164,0.19,143,0.189,136,0.194,112,0.171,101,0.183,80,0.189,79,0.182,50,0.221,25,0.183,24,0.21,51,0.298,91,0.284,149,0.299,154,0.235,140,0.181,167,0.216,133,0.184,136,0.191,155,0.21,138,0.189,137,0.188,147,0.195,136,0.169,130,0.147,151,0.165,171,0.215,159,0.21,134,0.185,125,0.191,71,0.139,78,0.167,46,0.199,27,0.188,22,0.181,48,0.271,76,0.237,137,0.273,165,0.245,186,0.235,194,0.25,149,0.207,155,0.215,153,0.201,143,0.191,142,0.193,132,0.171,116,0.147,154,0.176,169,0.183,168,0.204,160,0.211,146,0.196,131,0.194,94,0.183,69,0.138,43,0.17,20,0.124,14,0.108,49,0.263,76,0.233,129,0.256,152,0.228,188,0.237,209,0.269,147,0.203,156,0.211,158,0.208,185,0.243,179,0.234,142,0.178,115,0.137,118,0.13,158,0.167,157,0.179,167,0.203,183,0.228,151,0.213,95,0.165
Region 4,Region 6,80,0.192,45,0.192,40,0.243,39,0.253,55,0.268,80,0.24,137,0.276,133,0.213,179,0.246,137,0.184,124,0.177,105,0.151,100,0.141,100,0.136,97,0.133,142,0.195,172,0.231,176,0.217,194,0.225,120,0.158,145,0.207,134,0.205,137,0.248,85,0.2,96,0.221,52,0.23,23,0.169,30,0.262,37,0.216,77,0.241,128,0.257,134,0.205,132,0.171,155,0.2,135,0.186,112,0.157,118,0.16,98,0.134,102,0.14,151,0.2,162,0.201,237,0.268,215,0.235,172,0.217,226,0.299,232,0.321,184,0.281,122,0.238,109,0.234,51,0.22,40,0.278,26,0.213,43,0.243,91,0.284,143,0.285,178,0.264,180,0.227,164,0.211,203,0.282,140,0.194,102,0.134,122,0.163,91,0.124,151,0.196,168,0.212,193,0.22,219,0.237,194,0.236,186,0.245,170,0.229,153,0.227,118,0.23,118,0.236,48,0.19,47,0.292,25,0.193,38,0.204,74,0.227,118,0.234,134,0.201,174,0.219,150,0.193,99,0.136,100,0.135,100,0.131,135,0.177,122,0.159,181,0.227,203,0.242,227,0.251,204,0.216,210,0.24,209,0.254,197,0.245,191,0.269,165,0.287
Region 4,Region 7,95,0.228,68,0.29,32,0.194,44,0.286,84,0.41,186,0.558,319,0.643,406,0.65,428,0.588,407,0.548,342,0.487,321,0.463,333,0.469,282,0.385,288,0.395,276,0.378,288,0.388,313,0.386,223,0.258,192,0.254,241,0.344,229,0.35,226,0.409,113,0.266,122,0.281,64,0.283,37,0.271,20,0.175,54,0.316,172,0.538,327,0.656,341,0.521,427,0.552,409,0.528,359,0.496,384,0.539,318,0.431,348,0.477,319,0.439,347,0.46,333,0.413,402,0.455,334,0.364,268,0.337,304,0.402,296,0.409,251,0.383,158,0.309,121,0.26,60,0.259,33,0.229,41,0.336,69,0.389,177,0.551,341,0.68,419,0.622,474,0.599,426,0.549,282,0.391,252,0.349,327,0.43,340,0.454,329,0.447,301,0.39,297,0.375,372,0.424,353,0.383,303,0.368,272,0.359,300,0.403,279,0.414,200,0.39,111,0.222,64,0.253,46,0.286,41,0.317,69,0.371,180,0.552,371,0.735,432,0.647,451,0.567,359,0.462,236,0.325,244,0.33,266,0.35,296,0.389,311,0.406,287,0.359,296,0.353,357,0.394,371,0.393,320,0.365,314,0.381,301,0.374,300,0.423,227,0.395
Region 4,Region 8,22,0.053,8,0.034,9,0.055,14,0.091,13,0.063,22,0.066,54,0.109,69,0.11,98,0.135,106,0.143,92,0.131,85,0.123,81,0.114,83,0.113,80,0.11,67,0.092,64,0.086,71,0.088,87,0.101,66,0.087,83,0.118,82,0.125,50,0.09,36,0.085,36,0.083,19,0.084,9,0.066,9,0.079,4,0.023,21,0.066,55,0.11,83,0.127,105,0.136,103,0.133,83,0.115,55,0.077,58,0.079,69,0.095,67,0.092,89,0.118,75,0.093,106,0.12,150,0.164,84,0.106,106,0.14,70,0.097,66,0.101,54,0.105,54,0.116,18,0.078,9,0.063,9,0.074,10,0.056,24,0.075,52,0.104,79,0.117,109,0.138,133,0.171,113,0.157,87,0.121,70,0.092,69,0.092,69,0.094,57,0.074,71,0.09,106,0.121,99,0.107,82,0.1,91,0.12,91,0.122,82,0.122,50,0.097,46,0.092,23,0.091,12,0.075,8,0.062,10,0.054,30,0.092,44,0.087,61,0.091,89,0.112,86,0.111,62,0.085,77,0.104,76,0.1,90,0.118,81,0.106,75,0.094,83,0.099,116,0.128,115,0.122,110,0.125,113,0.137,101,0.126,98,0.138,58,0.101
Region 4,Region 9,27,0.065,16,0.068,7,0.043,4,0.026,12,0.059,32,0.096,38,0.077,32,0.051,36,0.049,26,0.035,16,0.023,14,0.02,16,0.023,23,0.031,27,0.037,22,0.03,16,0.022,26,0.032,25,0.029,22,0.029,26,0.037,43,0.066,35,0.063,21,0.05,19,0.044,11,0.049,15,0.11,6,0.052,13,0.076,36,0.113,55,0.11,43,0.066,35,0.045,30,0.039,25,0.035,27,0.038,21,0.028,18,0.025,32,0.044,15,0.02,22,0.027,23,0.026,35,0.038,28,0.035,37,0.049,49,0.068,48,0.073,28,0.055,33,0.071,16,0.069,14,0.097,9,0.074,19,0.107,30,0.093,53,0.106,41,0.061,41,0.052,36,0.046,25,0.035,21,0.029,33,0.043,29,0.039,30,0.041,13,0.017,16,0.02,15,0.017,19,0.021,26,0.032,35,0.046,32,0.043,40,0.059,21,0.041,27,0.054,17,0.067,6,0.037,11,0.085,13,0.07,26,0.08,44,0.087,38,0.057,23,0.029,30,0.039,17,0.023,23,0.031,21,0.028,22,0.029,15,0.02,14,0.018,17,0.02,15,0.017,19,0.02,33,0.038,38,0.046,42,0.052,48,0.068,40,0.07
Region 4,Region 10,249,0.597,157,0.669,109,0.662,93,0.604,136,0.664,296,0.888,515,1.038,756,1.21,941,1.292,958,1.289,751,1.07,643,0.927,616,0.868,543,0.741,520,0.713,508,0.696,486,0.654,501,0.618,622,0.72,566,0.748,642,0.917,621,0.948,497,0.899,297,0.7,299,0.688,167,0.74,98,0.719,59,0.515,124,0.725,302,0.944,518,1.04,732,1.119,899,1.162,966,1.247,775,1.07,740,1.038,707,0.958,695,0.952,593,0.816,477,0.632,497,0.616,551,0.624,689,0.752,654,0.824,730,0.966,644,0.891,573,0.875,351,0.685,301,0.646,137,0.592,103,0.716,72,0.591,132,0.744,293,0.913,535,1.066,775,1.15,1055,1.333,1032,1.33,807,1.12,795,1.101,722,0.949,582,0.778,561,0.761,547,0.709,494,0.624,572,0.652,675,0.731,670,0.813,678,0.894,682,0.917,646,0.959,400,0.78,341,0.681,198,0.782,126,0.783,75,0.579,119,0.639,301,0.923,527,1.044,761,1.139,1002,1.261,916,1.179,639,0.881,651,0.882,671,0.882,615,0.808,555,0.724,567,0.71,522,0.622,591,0.653,733,0.777,741,0.845,684,0.831,653,0.812,656,0.925,491,0.854
Region 4,Region 11,15,0.036,7,0.03,4,0.024,1,0.006,14,0.068,64,0.192,106,0.214,108,0.173,87,0.119,90,0.121,78,0.111,69,0.099,57,0.08,46,0.063,54,0.074,43,0.059,32,0.043,53,0.065,48,0.056,24,0.032,46,0.066,51,0.078,37,0.067,19,0.045,14,0.032,13,0.058,4,0.029,9,0.079,26,0.152,65,0.203,124,0.249,100,0.153,77,0.1,63,0.081,45,0.062,49,0.069,40,0.054,47,0.064,59,0.081,49,0.065,45,0.056,68,0.077,61,0.067,61,0.077,56,0.074,62,0.086,63,0.096,36,0.07,27,0.058,10,0.043,11,0.076,7,0.057,18,0.102,55,0.171,101,0.201,96,0.142,99,0.125,85,0.11,62,0.086,55,0.076,61,0.08,62,0.083,52,0.071,54,0.07,52,0.066,61,0.07,71,0.077,59,0.072,48,0.063,79,0.106,85,0.126,40,0.078,23,0.046,13,0.051,6,0.037,8,0.062,13,0.07,54,0.166,109,0.216,99,0.148,99,0.125,92,0.118,55,0.076,50,0.068,57,0.075,61,0.08,66,0.086,45,0.056,53,0.063,63,0.07,57,0.06,51,0.058,62,0.075,62,0.077,77,0.109,40,0.07
Region 4,Region 12,12,0.029,2,0.009,2,0.012,2,0.013,8,0.039,17,0.051,28,0.056,21,0.034,12,0.016,23,0.031,12,0.017,12,0.017,12,0.017,18,0.025,14,0.019,12,0.016,16,0.022,14,0.017,14,0.016,16,0.021,13,0.019,13,0.02,12,0.022,15,0.035,9,0.021,3,0.013,2,0.015,0,0,3,0.018,14,0.044,26,0.052,22,0.034,12,0.016,15,0.019,11,0.015,11,0.015,9,0.012,10,0.014,15,0.021,13,0.017,8,0.01,14,0.016,15,0.016,17,0.021,16,0.021,18,0.025,15,0.023,12,0.023,13,0.028,6,0.026,2,0.014,2,0.016,6,0.034,20,0.062,22,0.044,26,0.039,27,0.034,15,0.019,14,0.019,9,0.012,9,0.012,11,0.015,9,0.012,18,0.023,13,0.016,12,0.014,12,0.013,15,0.018,18,0.024,15,0.02,16,0.024,15,0.029,16,0.032,8,0.032,5,0.031,2,0.015,4,0.021,17,0.052,14,0.028,17,0.025,15,0.019,15,0.019,8,0.011,7,0.009,9,0.012,18,0.024,11,0.014,10,0.013,12,0.014,10,0.011,16,0.017,21,0.024,34,0.041,20,0.025,17,0.024,9,0.016
Region 4,Region 13,0,0,0,0,0,0,0,0,0,0,0,0,0,0,0,0,0,0,0,0,0,0,0,0,0,0,0,0,0,0,0,0,0,0,0,0,1,0.001,0,0,1,0.001,0,0,0,0,0,0,0,0,0,0,0,0,0,0,0,0,0,0,0,0,0,0,0,0,0,0,0,0,0,0,0,0,0,0,0,0,0,0,0,0,0,0,0,0,0,0,0,0,0,0,0,0,0,0,0,0,0,0,0,0,0,0,0,0,0,0,0,0,0,0,0,0,0,0,0,0,0,0,0,0,0,0,0,0,0,0,0,0,0,0,0,0,0,0,0,0,0,0,0,0,0,0,0,0,0,0,0,0,0,0,0,0,0,0,0,0,0,0,0,0,0,0,0,0,0,0,0,0,0,0,0,0,0,0,0,0,0,0,0,0,0,0,0,0,0,0,0,0,0,0
Region 4,Region 14,4,0.01,4,0.017,1,0.006,5,0.032,8,0.039,9,0.027,21,0.042,26,0.042,33,0.045,39,0.052,22,0.031,16,0.023,16,0.023,19,0.026,16,0.022,13,0.018,22,0.03,23,0.028,29,0.034,26,0.034,31,0.044,34,0.052,13,0.024,13,0.031,10,0.023,7,0.031,4,0.029,2,0.017,8,0.047,14,0.044,25,0.05,19,0.029,22,0.028,25,0.032,23,0.032,29,0.041,18,0.024,16,0.022,26,0.036,19,0.025,12,0.015,19,0.022,19,0.021,23,0.029,18,0.024,25,0.035,24,0.037,11,0.021,15,0.032,6,0.026,7,0.049,4,0.033,6,0.034,13,0.041,25,0.05,38,0.056,21,0.027,27,0.035,22,0.031,13,0.018,16,0.021,14,0.019,16,0.022,17,0.022,17,0.021,21,0.024,14,0.015,21,0.025,30,0.04,31,0.042,20,0.03,19,0.037,10,0.02,6,0.024,5,0.031,1,0.008,3,0.016,12,0.037,14,0.028,25,0.037,17,0.021,15,0.019,6,0.008,6,0.008,14,0.018,15,0.02,12,0.016,21,0.026,18,0.021,18,0.02,14,0.015,16,0.018,23,0.028,23,0.029,18,0.025,12,0.021
Region 4,Region 15,139,0.333,80,0.341,58,0.352,47,0.305,93,0.454,197,0.591,293,0.59,236,0.378,204,0.28,206,0.277,168,0.239,169,0.244,186,0.262,184,0.251,214,0.293,210,0.288,173,0.233,216,0.267,90,0.104,73,0.096,136,0.194,158,0.241,132,0.239,109,0.257,134,0.308,63,0.279,34,0.249,41,0.358,79,0.462,199,0.622,319,0.64,275,0.42,193,0.25,178,0.23,155,0.214,144,0.202,159,0.215,163,0.223,218,0.3,199,0.264,196,0.243,206,0.233,168,0.183,191,0.241,157,0.208,137,0.189,129,0.197,107,0.209,135,0.29,60,0.259,43,0.299,42,0.345,87,0.491,213,0.664,337,0.672,275,0.408,226,0.286,182,0.235,125,0.173,141,0.195,225,0.296,223,0.298,223,0.303,221,0.286,203,0.256,212,0.242,173,0.187,214,0.26,186,0.245,172,0.231,178,0.264,128,0.249,137,0.274,68,0.268,41,0.255,28,0.216,72,0.387,175,0.537,281,0.557,234,0.35,219,0.276,213,0.274,153,0.211,155,0.21,200,0.263,232,0.305,232,0.303,234,0.293,200,0.238,210,0.232,196,0.208,196,0.224,194,0.236,185,0.23,177,0.25,118,0.205
Region 4,Region 16,5,0.012,6,0.026,4,0.024,8,0.052,15,0.073,29,0.087,52,0.105,53,0.085,44,0.06,33,0.044,28,0.04,33,0.048,37,0.052,31,0.042,33,0.045,30,0.041,30,0.04,42,0.052,55,0.064,41,0.054,34,0.049,34,0.052,33,0.06,19,0.045,9,0.021,7,0.031,5,0.037,8,0.07,15,0.088,26,0.081,44,0.088,51,0.078,46,0.059,40,0.052,29,0.04,35,0.049,36,0.049,32,0.044,34,0.047,34,0.045,33,0.041,47,0.053,31,0.034,35,0.044,40,0.053,40,0.055,42,0.064,33,0.064,19,0.041,7,0.03,1,0.007,7,0.057,20,0.113,31,0.097,48,0.096,53,0.079,55,0.069,45,0.058,33,0.046,18,0.025,24,0.032,45,0.06,28,0.038,37,0.048,35,0.044,47,0.054,47,0.051,52,0.063,37,0.049,36,0.048,42,0.062,20,0.039,18,0.036,11,0.043,2,0.012,7,0.054,16,0.086,29,0.089,55,0.109,40,0.06,27,0.034,15,0.019,18,0.025,20,0.027,25,0.033,22,0.029,38,0.05,25,0.031,20,0.024,44,0.049,41,0.043,34,0.039,35,0.043,44,0.055,55,0.078,36,0.063
Region 5,Region 0,56,0.134,27,0.115,17,0.103,10,0.065,13,0.063,24,0.072,42,0.085,47,0.075,73,0.1,88,0.118,102,0.145,143,0.206,100,0.141,119,0.162,94,0.129,97,0.133,87,0.117,70,0.086,84,0.097,91,0.12,82,0.117,102,0.156,70,0.127,58,0.137,70,0.161,23,0.102,15,0.11,14,0.122,10,0.058,24,0.075,46,0.092,70,0.107,74,0.096,59,0.076,78,0.108,96,0.135,100,0.135,102,0.14,104,0.143,97,0.129,114,0.141,80,0.091,118,0.129,124,0.156,103,0.136,148,0.205,180,0.275,123,0.24,86,0.184,28,0.121,14,0.097,16,0.131,13,0.073,23,0.072,30,0.06,70,0.104,57,0.072,67,0.086,94,0.13,137,0.19,109,0.143,119,0.159,123,0.167,112,0.145,131,0.166,100,0.114,84,0.091,108,0.131,90,0.119,142,0.191,145,0.215,115,0.224,109,0.218,38,0.15,31,0.193,18,0.139,19,0.102,33,0.101,41,0.081,70,0.105,83,0.104,79,0.102,89,0.123,91,0.123,108,0.142,136,0.179,113,0.147,94,0.118,84,0.1,73,0.081,59,0.063,88,0.1,104,0.126,155,0.193,186,0.262,246,0.428
Region 5,Region 1,363,0.87,260,1.109,213,1.293,211,1.37,339,1.654,412,1.236,400,0.806,439,0.703,519,0.713,531,0.715,505,0.72,406,0.585,397,0.559,463,0.631,429,0.588,423,0.579,487,0.655,545,0.673,657,0.761,605,0.799,625,0.892,639,0.975,518,0.937,393,0.927,396,0.911,254,1.125,163,1.195,176,1.538,239,1.397,426,1.332,450,0.903,517,0.79,686,0.887,742,0.958,685,0.946,660,0.926,623,0.844,604,0.827,479,0.659,480,0.636,529,0.656,655,0.741,693,0.756,625,0.787,595,0.787,622,0.86,602,0.919,502,0.98,439,0.942,251,1.085,164,1.14,168,1.379,269,1.517,394,1.228,384,0.765,519,0.77,664,0.839,727,0.937,652,0.905,677,0.938,663,0.871,514,0.687,502,0.681,501,0.649,516,0.652,588,0.67,617,0.669,614,0.745,581,0.766,648,0.871,627,0.931,496,0.967,493,0.985,273,1.078,201,1.249,186,1.436,281,1.509,416,1.276,413,0.818,584,0.874,646,0.813,591,0.761,503,0.693,509,0.689,544,0.715,582,0.765,507,0.662,480,0.601,551,0.657,625,0.69,632,0.67,638,0.728,635,0.771,730,0.908,605,0.853,534,0.929
Region 5,Region 2,25,0.06,9,0.038,9,0.055,6,0.039,13,0.063,14,0.042,19,0.038,10,0.016,19,0.026,19,0.026,34,0.048,27,0.039,23,0.032,17,0.023,19,0.026,9,0.012,9,0.012,10,0.012,12,0.014,12,0.016,8,0.011,16,0.024,13,0.024,14,0.033,25,0.058,6,0.027,2,0.015,6,0.052,11,0.064,10,0.031,7,0.014,5,0.008,8,0.01,20,0.026,18,0.025,27,0.038,21,0.028,20,0.027,11,0.015,3,0.004,6,0.007,8,0.009,9,0.01,12,0.015,10,0.013,23,0.032,17,0.026,16,0.031,21,0.045,5,0.022,3,0.021,5,0.041,4,0.023,7,0.022,8,0.016,12,0.018,15,0.019,25,0.032,23,0.032,26,0.036,19,0.025,6,0.008,20,0.027,9,0.012,13,0.016,7,0.008,12,0.013,15,0.018,13,0.017,13,0.017,18,0.027,12,0.023,31,0.062,14,0.055,4,0.025,5,0.039,5,0.027,5,0.015,10,0.02,13,0.019,19,0.024,22,0.028,22,0.03,23,0.031,16,0.021,29,0.038,22,0.029,7,0.009,11,0.013,8,0.009,7,0.007,13,0.015,16,0.019,15,0.019,15,0.021,25,0.043
Region 5,Region 3,128,0.307,81,0.345,37,0.225,24,0.156,21,0.102,28,0.084,54,0.109,69,0.11,48,0.066,81,0.109,97,0.138,106,0.153,97,0.137,119,0.162,133,0.182,124,0.17,57,0.077,74,0.091,100,0.116,137,0.181,140,0.2,131,0.2,143,0.259,153,0.361,171,0.394,75,0.332,45,0.33,24,0.21,26,0.152,21,0.066,56,0.112,71,0.109,72,0.093,76,0.098,83,0.115,89,0.125,113,0.153,135,0.185,85,0.117,114,0.151,88,0.109,112,0.127,133,0.145,150,0.189,122,0.161,175,0.242,226,0.345,204,0.398,202,0.433,79,0.342,46,0.32,37,0.304,29,0.164,33,0.103,44,0.088,55,0.082,73,0.092,74,0.095,124,0.172,124,0.172,117,0.154,131,0.175,116,0.157,133,0.172,93,0.117,79,0.09,90,0.098,125,0.152,117,0.154,111,0.149,194,0.288,145,0.283,234,0.467,71,0.28,52,0.323,41,0.317,39,0.209,33,0.101,42,0.083,63,0.094,74,0.093,93,0.12,124,0.171,129,0.175,120,0.158,134,0.176,114,0.149,101,0.126,70,0.083,57,0.063,59,0.063,69,0.079,116,0.141,176,0.219,163,0.23,235,0.409
Region 5,Region 4,74,0.177,48,0.205,40,0.243,22,0.143,36,0.176,73,0.219,83,0.167,112,0.179,139,0.191,176,0.237,160,0.228,122,0.176,124,0.175,151,0.206,130,0.178,108,0.148,88,0.118,92,0.114,167,0.193,146,0.193,114,0.163,156,0.238,119,0.215,82,0.193,89,0.205,42,0.186,29,0.213,19,0.166,31,0.181,61,0.191,93,0.187,100,0.153,152,0.197,195,0.252,158,0.218,140,0.196,137,0.186,132,0.181,112,0.154,112,0.148,121,0.15,117,0.132,135,0.147,141,0.178,124,0.164,159,0.22,154,0.235,106,0.207,102,0.219,48,0.208,28,0.195,22,0.181,28,0.158,52,0.162,67,0.134,95,0.141,171,0.216,207,0.267,157,0.218,129,0.179,136,0.179,118,0.158,131,0.178,126,0.163,107,0.135,135,0.154,144,0.156,144,0.175,145,0.191,161,0.216,152,0.226,104,0.203,131,0.262,61,0.241,36,0.224,18,0.139,34,0.183,52,0.16,73,0.145,109,0.163,191,0.24,171,0.22,158,0.218,113,0.153,149,0.196,138,0.181,135,0.176,129,0.161,95,0.113,168,0.186,141,0.149,161,0.184,160,0.194,159,0.198,170,0.24,145,0.252
Region 5,Region 5,759,1.819,501,2.136,349,2.119,318,2.064,483,2.357,690,2.07,718,1.447,785,1.256,1071,1.47,1381,1.859,1377,1.963,1279,1.844,1120,1.578,1179,1.608,1118,1.533,1069,1.464,1126,1.515,1145,1.413,1554,1.799,1453,1.919,1356,1.936,1322,2.018,1069,1.933,762,1.797,852,1.961,388,1.718,256,1.877,221,1.931,332,1.941,727,2.273,964,1.935,995,1.521,1402,1.813,1866,2.409,1401,1.934,1427,2.002,1451,1.966,1383,1.895,1208,1.662,1263,1.674,1194,1.48,1299,1.47,1431,1.561,1594,2.007,1595,2.11,1551,2.145,1449,2.213,1041,2.033,1078,2.313,482,2.084,241,1.675,204,1.674,321,1.81,629,1.96,596,1.188,1130,1.677,1870,2.363,1836,2.366,1498,2.079,1481,2.052,1478,1.943,1392,1.86,1246,1.691,1170,1.516,1266,1.599,1699,1.937,1587,1.72,1537,1.866,1574,2.075,1645,2.211,1572,2.334,1066,2.078,1094,2.185,518,2.045,315,1.957,267,2.062,398,2.137,682,2.092,800,1.585,1520,2.276,2049,2.578,1807,2.326,1452,2.002,1444,1.956,1488,1.955,1316,1.729,1304,1.702,1287,1.611,1440,1.717,1933,2.135,1958,2.075,1698,1.937,1677,2.037,1852,2.304,1606,2.264,1248,2.17
Region 5,Region 6,58,0.139,33,0.141,23,0.14,16,0.104,26,0.127,33,0.099,25,0.05,48,0.077,42,0.058,41,0.055,29,0.041,22,0.032,20,0.028,15,0.02,14,0.019,19,0.026,26,0.035,32,0.039,44,0.051,46,0.061,57,0.081,47,0.072,64,0.116,43,0.101,66,0.152,25,0.111,15,0.11,13,0.114,21,0.123,40,0.125,34,0.068,37,0.057,33,0.043,42,0.054,32,0.044,33,0.046,23,0.031,20,0.027,10,0.014,26,0.034,35,0.043,42,0.048,49,0.053,41,0.052,61,0.081,43,0.059,52,0.079,71,0.139,71,0.152,34,0.147,18,0.125,14,0.115,20,0.113,44,0.137,35,0.07,26,0.039,35,0.044,29,0.037,18,0.025,32,0.044,26,0.034,24,0.032,23,0.031,34,0.044,33,0.042,34,0.039,50,0.054,57,0.069,63,0.083,36,0.048,59,0.088,57,0.111,61,0.122,30,0.118,25,0.155,14,0.108,11,0.059,51,0.156,39,0.077,34,0.051,38,0.048,28,0.036,18,0.025,23,0.031,21,0.028,26,0.034,13,0.017,22,0.028,36,0.043,48,0.053,56,0.059,57,0.065,50,0.061,58,0.072,63,0.089,76,0.132
Region 5,Region 7,395,0.947,294,1.254,203,1.233,197,1.279,346,1.688,427,1.281,406,0.818,446,0.714,597,0.82,721,0.97,723,1.03,673,0.97,595,0.838,559,0.762,478,0.655,450,0.616,476,0.641,550,0.679,700,0.811,697,0.921,699,0.998,619,0.945,561,1.015,413,0.974,384,0.884,237,1.05,153,1.122,137,1.197,241,1.409,400,1.251,438,0.879,443,0.677,682,0.882,796,1.028,693,0.957,655,0.919,623,0.844,608,0.833,512,0.704,430,0.57,522,0.647,557,0.631,643,0.702,681,0.858,669,0.885,638,0.882,702,1.072,528,1.031,444,0.953,230,0.994,153,1.064,144,1.182,248,1.399,417,1.299,356,0.71,470,0.697,694,0.877,733,0.945,659,0.915,634,0.878,656,0.862,560,0.748,504,0.684,483,0.626,517,0.653,549,0.626,714,0.774,722,0.877,719,0.948,691,0.929,592,0.879,555,1.082,487,0.973,276,1.09,176,1.093,181,1.398,253,1.359,346,1.061,362,0.717,499,0.747,745,0.937,714,0.919,567,0.782,546,0.74,575,0.756,557,0.732,511,0.667,484,0.606,558,0.665,573,0.633,672,0.712,812,0.926,754,0.916,823,1.024,609,0.859,518,0.901
Region 5,Region 8,66,0.158,24,0.102,22,0.134,32,0.208,26,0.127,32,0.096,50,0.101,84,0.134,118,0.162,142,0.191,128,0.182,116,0.167,126,0.177,117,0.16,101,0.138,89,0.122,104,0.14,119,0.147,150,0.174,142,0.188,129,0.184,110,0.168,90,0.163,53,0.125,79,0.182,31,0.137,16,0.117,16,0.14,21,0.123,25,0.078,49,0.098,77,0.118,135,0.175,178,0.23,152,0.21,142,0.199,119,0.161,114,0.156,111,0.153,104,0.138,120,0.149,160,0.181,159,0.173,171,0.215,168,0.222,149,0.206,126,0.192,93,0.182,105,0.225,47,0.203,16,0.111,18,0.148,32,0.18,45,0.14,43,0.086,82,0.122,159,0.201,180,0.232,136,0.189,133,0.184,141,0.185,107,0.143,108,0.147,101,0.131,115,0.145,165,0.188,226,0.245,166,0.202,146,0.192,154,0.207,139,0.206,105,0.205,121,0.242,51,0.201,39,0.242,21,0.162,18,0.097,42,0.129,40,0.079,79,0.118,150,0.189,182,0.234,155,0.214,123,0.167,111,0.146,121,0.159,117,0.153,103,0.129,120,0.143,172,0.19,201,0.213,199,0.227,157,0.191,167,0.208,153,0.216,109,0.19
Region 5,Region 9,40,0.096,28,0.119,16,0.097,7,0.045,9,0.044,8,0.024,14,0.028,26,0.042,24,0.033,22,0.03,25,0.036,28,0.04,30,0.042,37,0.05,42,0.058,34,0.047,26,0.035,25,0.031,25,0.029,34,0.045,32,0.046,39,0.06,31,0.056,47,0.111,49,0.113,12,0.053,12,0.088,10,0.087,8,0.047,8,0.025,19,0.038,26,0.04,30,0.039,32,0.041,27,0.037,23,0.032,33,0.045,30,0.041,43,0.059,24,0.032,31,0.038,27,0.031,56,0.061,43,0.054,38,0.05,44,0.061,41,0.063,48,0.094,48,0.103,26,0.112,16,0.111,13,0.107,10,0.056,14,0.044,24,0.048,30,0.045,25,0.032,33,0.043,38,0.053,40,0.055,36,0.047,41,0.055,40,0.054,39,0.051,32,0.04,38,0.043,34,0.037,39,0.047,38,0.05,31,0.042,30,0.045,37,0.072,67,0.134,22,0.087,22,0.137,15,0.116,9,0.048,6,0.018,14,0.028,26,0.039,28,0.035,32,0.041,29,0.04,35,0.047,40,0.053,48,0.063,47,0.061,24,0.03,24,0.029,20,0.022,19,0.02,18,0.021,29,0.035,43,0.053,49,0.069,44,0.077
Region 5,Region 10,129,0.309,91,0.388,56,0.34,46,0.299,85,0.415,119,0.357,134,0.27,169,0.27,265,0.364,233,0.314,224,0.319,188,0.271,188,0.265,167,0.228,150,0.206,180,0.247,154,0.207,224,0.276,217,0.251,214,0.283,211,0.301,233,0.356,173,0.313,146,0.344,156,0.359,72,0.319,37,0.271,31,0.271,47,0.275,110,0.344,159,0.319,168,0.257,257,0.332,256,0.331,214,0.295,200,0.281,211,0.286,179,0.245,145,0.199,178,0.236,185,0.229,250,0.283,267,0.291,216,0.272,254,0.336,217,0.3,278,0.425,224,0.437,192,0.412,93,0.402,52,0.362,49,0.402,71,0.4,116,0.361,123,0.245,195,0.289,265,0.335,298,0.384,215,0.298,163,0.226,195,0.256,200,0.267,176,0.239,169,0.219,210,0.265,245,0.279,302,0.327,252,0.306,215,0.283,217,0.292,234,0.347,201,0.392,196,0.391,92,0.363,53,0.329,41,0.317,58,0.311,112,0.344,124,0.246,212,0.317,264,0.332,274,0.353,203,0.28,184,0.249,198,0.26,189,0.248,164,0.214,139,0.174,152,0.181,234,0.258,276,0.292,234,0.267,222,0.27,226,0.281,229,0.323,190,0.33
Region 5,Region 11,30,0.072,22,0.094,25,0.152,28,0.182,39,0.19,61,0.183,57,0.115,61,0.098,84,0.115,86,0.116,88,0.125,77,0.111,69,0.097,74,0.101,44,0.06,48,0.066,42,0.057,47,0.058,52,0.06,69,0.091,57,0.081,59,0.09,59,0.107,62,0.146,43,0.099,11,0.049,8,0.059,9,0.079,25,0.146,71,0.222,62,0.124,69,0.105,82,0.106,81,0.105,97,0.134,95,0.133,75,0.102,79,0.108,64,0.088,49,0.065,51,0.063,44,0.05,48,0.052,82,0.103,80,0.106,77,0.106,85,0.13,64,0.125,49,0.105,21,0.091,12,0.083,9,0.074,19,0.107,54,0.168,55,0.11,50,0.074,78,0.099,88,0.113,100,0.139,91,0.126,94,0.124,72,0.096,72,0.098,54,0.07,42,0.053,58,0.066,57,0.062,68,0.083,81,0.107,62,0.083,75,0.111,47,0.092,38,0.076,23,0.091,14,0.087,12,0.093,17,0.091,43,0.132,57,0.113,57,0.085,70,0.088,44,0.057,63,0.087,58,0.079,66,0.087,58,0.076,48,0.063,45,0.056,43,0.051,58,0.064,71,0.075,70,0.08,75,0.091,68,0.085,73,0.103,68,0.118
Region 5,Region 12,47,0.113,27,0.115,12,0.073,10,0.065,16,0.078,15,0.045,19,0.038,24,0.038,42,0.058,53,0.071,44,0.063,37,0.053,25,0.035,38,0.052,40,0.055,33,0.045,35,0.047,39,0.048,27,0.031,32,0.042,27,0.039,53,0.081,33,0.06,27,0.064,33,0.076,12,0.053,7,0.051,7,0.061,12,0.07,20,0.063,24,0.048,20,0.031,36,0.047,31,0.04,44,0.061,23,0.032,45,0.061,47,0.064,35,0.048,31,0.041,27,0.033,35,0.04,42,0.046,38,0.048,38,0.05,34,0.047,43,0.066,31,0.061,43,0.092,23,0.099,18,0.125,4,0.033,19,0.107,20,0.062,19,0.038,29,0.043,36,0.045,41,0.053,49,0.068,39,0.054,39,0.051,37,0.049,31,0.042,31,0.04,31,0.039,40,0.046,34,0.037,50,0.061,39,0.051,41,0.055,48,0.071,52,0.101,39,0.078,18,0.071,18,0.112,8,0.062,11,0.059,18,0.055,25,0.05,29,0.043,35,0.044,27,0.035,26,0.036,17,0.023,42,0.055,50,0.066,45,0.059,37,0.046,23,0.027,34,0.038,26,0.028,33,0.038,28,0.034,44,0.055,46,0.065,49,0.085
Region 5,Region 13,0,0,0,0,0,0,0,0,0,0,0,0,0,0,0,0,0,0,0,0,0,0,0,0,0,0,0,0,0,0,0,0,0,0,0,0,0,0,0,0,0,0,0,0,0,0,0,0,0,0,0,0,0,0,0,0,0,0,0,0,0,0,0,0,0,0,0,0,0,0,0,0,0,0,0,0,1,0.001,0,0,0,0,0,0,0,0,0,0,0,0,0,0,0,0,0,0,0,0,0,0,0,0,0,0,0,0,0,0,0,0,0,0,0,0,0,0,0,0,0,0,0,0,0,0,0,0,0,0,0,0,0,0,0,0,0,0,0,0,0,0,0,0,0,0,0,0,0,0,0,0,0,0,0,0,0,0,0,0,0,0,0,0,0,0,0,0,0,0,0,0,0,0,0,0,0,0,0,0,0,0,0,0,0,0,0,0,0,0,0,0,0,0
Region 5,Region 14,47,0.113,21,0.09,22,0.134,17,0.11,21,0.102,26,0.078,36,0.073,50,0.08,53,0.073,56,0.075,75,0.107,58,0.084,58,0.082,55,0.075,66,0.09,56,0.077,66,0.089,58,0.072,68,0.079,76,0.1,75,0.107,78,0.119,67,0.121,52,0.123,59,0.136,28,0.124,14,0.103,7,0.061,11,0.064,32,0.1,43,0.086,44,0.067,37,0.048,63,0.081,76,0.105,85,0.119,68,0.092,62,0.085,61,0.084,55,0.073,53,0.066,49,0.055,58,0.063,68,0.086,61,0.081,115,0.159,101,0.154,68,0.133,50,0.107,29,0.125,14,0.097,6,0.049,16,0.09,24,0.075,29,0.058,39,0.058,50,0.063,57,0.073,64,0.089,69,0.096,76,0.1,61,0.082,52,0.071,73,0.095,78,0.099,50,0.057,50,0.054,57,0.069,67,0.088,102,0.137,80,0.119,65,0.127,60,0.12,31,0.122,17,0.106,15,0.116,17,0.091,23,0.071,38,0.075,53,0.079,57,0.072,31,0.04,52,0.072,54,0.073,62,0.081,47,0.062,57,0.074,57,0.071,57,0.068,60,0.066,69,0.073,86,0.098,83,0.101,80,0.1,78,0.11,80,0.139
Region 5,Region 15,31,0.074,10,0.043,17,0.103,10,0.065,19,0.093,14,0.042,26,0.052,18,0.029,26,0.036,28,0.038,19,0.027,23,0.033,14,0.02,22,0.03,20,0.027,27,0.037,25,0.034,37,0.046,26,0.03,22,0.029,34,0.049,36,0.055,43,0.078,28,0.066,32,0.074,16,0.071,18,0.132,15,0.131,19,0.111,14,0.044,32,0.064,26,0.04,21,0.027,23,0.03,30,0.041,31,0.043,27,0.037,30,0.041,22,0.03,20,0.027,29,0.036,27,0.031,25,0.027,25,0.031,27,0.036,31,0.043,38,0.058,30,0.059,31,0.067,22,0.095,19,0.132,4,0.033,10,0.056,24,0.075,20,0.04,20,0.03,34,0.043,19,0.024,27,0.037,31,0.043,27,0.035,26,0.035,25,0.034,25,0.032,27,0.034,42,0.048,33,0.036,37,0.045,34,0.045,56,0.075,41,0.061,42,0.082,54,0.108,35,0.138,25,0.155,13,0.1,18,0.097,26,0.08,27,0.053,22,0.033,24,0.03,23,0.03,23,0.032,36,0.049,34,0.045,31,0.041,20,0.026,38,0.048,25,0.03,34,0.038,31,0.033,34,0.039,41,0.05,42,0.052,62,0.087,54,0.094
Region 5,Region 16,85,0.204,72,0.307,51,0.31,35,0.227,53,0.259,84,0.252,89,0.179,142,0.227,143,0.196,168,0.226,208,0.296,197,0.284,181,0.255,191,0.26,180,0.247,134,0.184,144,0.194,187,0.231,249,0.288,256,0.338,241,0.344,212,0.324,184,0.333,153,0.361,98,0.226,64,0.283,32,0.235,30,0.262,36,0.211,84,0.263,92,0.185,136,0.208,173,0.224,242,0.312,226,0.312,203,0.285,213,0.289,198,0.271,180,0.248,175,0.232,195,0.242,241,0.273,239,0.261,259,0.326,219,0.29,215,0.297,204,0.312,164,0.32,138,0.296,56,0.242,28,0.195,29,0.238,44,0.248,93,0.29,98,0.195,134,0.199,176,0.222,213,0.275,192,0.266,181,0.251,178,0.234,190,0.254,190,0.258,172,0.223,170,0.215,232,0.265,278,0.301,247,0.3,218,0.287,231,0.311,211,0.313,160,0.312,152,0.304,84,0.332,43,0.267,33,0.255,57,0.306,90,0.276,102,0.202,137,0.205,179,0.225,185,0.238,154,0.212,178,0.241,239,0.314,220,0.289,187,0.244,181,0.227,208,0.248,264,0.292,242,0.256,241,0.275,234,0.284,269,0.335,218,0.307,160,0.278
Region 6,Region 0,38,0.091,12,0.051,8,0.049,3,0.019,12,0.059,23,0.069,44,0.089,39,0.062,37,0.051,35,0.047,31,0.044,21,0.03,22,0.031,31,0.042,28,0.038,22,0.03,21,0.028,20,0.025,25,0.029,45,0.059,58,0.083,33,0.05,46,0.083,39,0.092,39,0.09,18,0.08,10,0.073,5,0.044,5,0.029,23,0.072,51,0.102,49,0.075,34,0.044,24,0.031,20,0.028,40,0.056,27,0.037,21,0.029,27,0.037,29,0.038,23,0.029,35,0.04,43,0.047,36,0.045,51,0.067,37,0.051,37,0.057,39,0.076,38,0.082,25,0.108,9,0.063,7,0.057,5,0.028,30,0.093,51,0.102,48,0.071,31,0.039,32,0.041,20,0.028,23,0.032,29,0.038,33,0.044,44,0.06,38,0.049,24,0.03,21,0.024,26,0.028,35,0.042,52,0.069,49,0.066,39,0.058,45,0.088,49,0.098,20,0.079,7,0.043,5,0.039,11,0.059,26,0.08,48,0.095,56,0.084,52,0.065,47,0.061,39,0.054,37,0.05,51,0.067,31,0.041,30,0.039,20,0.025,11,0.013,16,0.018,18,0.019,25,0.029,52,0.063,56,0.07,55,0.078,46,0.08
Region 6,Region 1,145,0.347,82,0.35,53,0.322,54,0.351,58,0.283,87,0.261,188,0.379,223,0.357,220,0.302,190,0.256,129,0.184,110,0.159,115,0.162,127,0.173,132,0.181,152,0.208,135,0.182,168,0.207,174,0.201,200,0.264,143,0.204,176,0.269,163,0.295,153,0.361,143,0.329,79,0.35,50,0.367,27,0.236,59,0.345,109,0.341,184,0.369,202,0.309,217,0.281,173,0.223,145,0.2,132,0.185,147,0.199,111,0.152,128,0.176,162,0.215,197,0.244,191,0.216,240,0.262,187,0.235,246,0.325,220,0.304,201,0.307,158,0.309,152,0.326,95,0.411,43,0.299,39,0.32,53,0.299,96,0.299,157,0.313,216,0.321,275,0.347,215,0.277,137,0.19,161,0.223,173,0.227,170,0.227,163,0.221,166,0.215,169,0.214,168,0.192,234,0.254,189,0.229,217,0.286,206,0.277,247,0.367,206,0.402,183,0.365,94,0.371,60,0.373,40,0.309,67,0.36,104,0.319,200,0.396,236,0.353,235,0.296,249,0.321,203,0.28,229,0.31,225,0.296,161,0.212,140,0.183,162,0.203,205,0.244,234,0.258,212,0.225,220,0.251,214,0.26,255,0.317,230,0.324,245,0.426
Region 6,Region 2,30,0.072,16,0.068,11,0.067,10,0.065,13,0.063,19,0.057,25,0.05,26,0.042,29,0.04,18,0.024,22,0.031,16,0.023,23,0.032,28,0.038,41,0.056,41,0.056,20,0.027,20,0.025,28,0.032,42,0.055,23,0.033,25,0.038,17,0.031,25,0.059,36,0.083,8,0.035,10,0.073,12,0.105,9,0.053,17,0.053,16,0.032,23,0.035,24,0.031,26,0.034,20,0.028,20,0.028,32,0.043,37,0.051,22,0.03,28,0.037,29,0.036,25,0.028,25,0.027,25,0.031,33,0.044,38,0.053,34,0.052,15,0.029,25,0.054,10,0.043,11,0.076,9,0.074,12,0.068,9,0.028,16,0.032,21,0.031,26,0.033,20,0.026,21,0.029,20,0.028,20,0.026,23,0.031,24,0.033,24,0.031,14,0.018,29,0.033,24,0.026,24,0.029,30,0.04,34,0.046,28,0.042,28,0.055,32,0.064,14,0.055,15,0.093,7,0.054,13,0.07,17,0.052,17,0.034,26,0.039,17,0.021,29,0.037,21,0.029,27,0.037,35,0.046,27,0.035,23,0.03,29,0.036,21,0.025,27,0.03,36,0.038,45,0.051,40,0.049,44,0.055,56,0.079,48,0.083
Region 6,Region 3,66,0.158,34,0.145,13,0.079,18,0.117,9,0.044,29,0.087,33,0.066,34,0.054,33,0.045,26,0.035,30,0.043,16,0.023,24,0.034,27,0.037,22,0.03,25,0.034,13,0.017,20,0.025,25,0.029,60,0.079,64,0.091,53,0.081,45,0.081,51,0.12,66,0.152,28,0.124,19,0.139,10,0.087,14,0.082,24,0.075,39,0.078,54,0.083,28,0.036,37,0.048,24,0.033,25,0.035,21,0.028,20,0.027,25,0.034,23,0.03,17,0.021,21,0.024,36,0.039,42,0.053,65,0.086,47,0.065,67,0.102,67,0.131,62,0.133,41,0.177,20,0.139,11,0.09,20,0.113,25,0.078,34,0.068,47,0.07,48,0.061,40,0.052,19,0.026,22,0.03,40,0.053,29,0.039,33,0.045,25,0.032,15,0.019,22,0.025,29,0.031,31,0.038,58,0.076,55,0.074,41,0.061,56,0.109,68,0.136,46,0.182,19,0.118,22,0.17,21,0.113,37,0.114,44,0.087,44,0.066,35,0.044,41,0.053,19,0.026,46,0.062,33,0.043,25,0.033,24,0.031,32,0.04,18,0.021,15,0.017,22,0.023,29,0.033,51,0.062,82,0.102,87,0.123,61,0.106
Region 6,Region 4,183,0.439,68,0.29,66,0.401,61,0.396,74,0.361,87,0.261,117,0.236,147,0.235,181,0.249,171,0.23,160,0.228,155,0.223,169,0.238,165,0.225,197,0.27,153,0.21,121,0.163,146,0.18,179,0.207,284,0.375,163,0.233,175,0.267,147,0.266,130,0.307,175,0.403,89,0.394,53,0.389,49,0.428,65,0.38,97,0.303,148,0.297,166,0.254,190,0.246,205,0.265,166,0.229,134,0.188,143,0.194,135,0.185,163,0.224,164,0.217,148,0.183,218,0.247,189,0.206,191,0.241,137,0.181,132,0.183,169,0.258,176,0.344,207,0.444,102,0.441,64,0.445,39,0.32,57,0.321,93,0.29,133,0.265,168,0.249,223,0.282,192,0.247,146,0.203,98,0.136,108,0.142,177,0.237,172,0.233,208,0.269,172,0.217,225,0.257,312,0.338,204,0.248,205,0.27,243,0.327,198,0.294,163,0.318,187,0.373,88,0.347,45,0.28,46,0.355,69,0.371,108,0.331,133,0.263,161,0.241,201,0.253,180,0.232,168,0.232,298,0.404,163,0.214,171,0.225,234,0.305,198,0.248,153,0.182,198,0.219,234,0.248,164,0.187,222,0.27,237,0.295,249,0.351,207,0.36
Region 6,Region 5,68,0.163,42,0.179,34,0.206,37,0.24,46,0.224,39,0.117,41,0.083,40,0.064,38,0.052,38,0.051,37,0.053,20,0.029,26,0.037,28,0.038,27,0.037,22,0.03,29,0.039,33,0.041,34,0.039,37,0.049,50,0.071,25,0.038,49,0.089,49,0.116,64,0.147,38,0.168,25,0.183,35,0.306,41,0.24,38,0.119,34,0.068,43,0.066,42,0.054,29,0.037,37,0.051,32,0.045,19,0.026,22,0.03,22,0.03,31,0.041,31,0.038,39,0.044,47,0.051,35,0.044,40,0.053,50,0.069,46,0.07,58,0.113,78,0.167,38,0.164,22,0.153,24,0.197,38,0.214,50,0.156,37,0.074,53,0.079,32,0.04,34,0.044,24,0.033,27,0.037,28,0.037,25,0.033,35,0.048,30,0.039,30,0.038,39,0.044,34,0.037,37,0.045,53,0.07,45,0.06,41,0.061,47,0.092,70,0.14,45,0.178,33,0.205,38,0.293,48,0.258,39,0.12,34,0.067,45,0.067,38,0.048,41,0.053,32,0.044,33,0.045,27,0.035,36,0.047,32,0.042,28,0.035,25,0.03,31,0.034,39,0.041,43,0.049,63,0.077,40,0.05,67,0.094,54,0.094
Region 6,Region 6,1352,3.24,781,3.33,527,3.2,422,2.739,444,2.166,749,2.247,1151,2.319,1359,2.175,1867,2.563,2127,2.863,1836,2.617,1985,2.862,2186,3.079,2164,2.951,2162,2.964,2431,3.33,2474,3.33,2681,3.308,2874,3.328,2626,3.468,2320,3.312,1963,2.997,1631,2.95,1413,3.332,1332,3.066,717,3.176,396,2.904,324,2.83,430,2.514,781,2.442,1093,2.194,1305,1.994,1771,2.29,1761,2.273,1785,2.464,1956,2.744,2212,2.997,2161,2.961,2296,3.159,2341,3.103,2281,2.828,2791,3.159,3140,3.426,2691,3.388,2562,3.39,2335,3.229,2069,3.16,1535,2.998,1477,3.169,714,3.087,434,3.017,363,2.979,441,2.487,707,2.203,1166,2.324,1500,2.226,1972,2.491,1833,2.363,1977,2.744,2088,2.893,2195,2.885,2196,2.934,2313,3.139,2452,3.177,2449,3.094,2696,3.074,3089,3.347,3012,3.657,2653,3.498,2431,3.268,2109,3.131,1743,3.397,1671,3.337,780,3.08,549,3.411,377,2.911,468,2.513,832,2.552,1177,2.331,1450,2.171,1931,2.43,2089,2.689,1943,2.679,2218,3.004,2338,3.072,2344,3.08,2542,3.317,2639,3.303,2686,3.202,3073,3.394,3347,3.547,3160,3.604,2950,3.584,2873,3.574,2774,3.911,2121,3.689
Region 6,Region 7,246,0.589,149,0.635,102,0.619,123,0.798,118,0.576,179,0.537,261,0.526,276,0.442,380,0.522,438,0.589,310,0.442,355,0.512,369,0.52,333,0.454,363,0.498,350,0.479,363,0.489,339,0.418,455,0.527,422,0.557,421,0.601,357,0.545,337,0.609,310,0.731,226,0.52,112,0.496,78,0.572,72,0.629,108,0.632,191,0.597,298,0.598,332,0.507,407,0.526,396,0.511,360,0.497,367,0.515,354,0.48,371,0.508,325,0.447,368,0.488,414,0.513,459,0.52,505,0.551,388,0.489,451,0.597,392,0.542,378,0.577,296,0.578,261,0.56,126,0.545,63,0.438,67,0.55,109,0.615,203,0.632,263,0.524,384,0.57,401,0.507,408,0.526,355,0.493,357,0.495,353,0.464,392,0.524,395,0.536,352,0.456,364,0.46,405,0.462,498,0.54,444,0.539,468,0.617,435,0.585,388,0.576,340,0.663,318,0.635,151,0.596,100,0.621,98,0.757,128,0.687,200,0.614,309,0.612,368,0.551,378,0.476,414,0.533,389,0.536,355,0.481,394,0.518,386,0.507,379,0.495,389,0.487,387,0.461,439,0.485,529,0.561,543,0.619,527,0.64,516,0.642,495,0.698,384,0.668
Region 6,Region 8,35,0.084,21,0.09,12,0.073,26,0.169,22,0.107,27,0.081,22,0.044,20,0.032,29,0.04,34,0.046,26,0.037,27,0.039,18,0.025,21,0.029,29,0.04,29,0.04,17,0.023,19,0.023,27,0.031,31,0.041,28,0.04,20,0.031,28,0.051,22,0.052,26,0.06,4,0.018,7,0.051,5,0.044,6,0.035,17,0.053,22,0.044,24,0.037,35,0.045,26,0.034,25,0.035,13,0.018,22,0.03,22,0.03,23,0.032,18,0.024,17,0.021,32,0.036,33,0.036,39,0.049,38,0.05,17,0.024,32,0.049,26,0.051,17,0.036,9,0.039,13,0.09,7,0.057,9,0.051,26,0.081,16,0.032,22,0.033,39,0.049,25,0.032,27,0.037,20,0.028,21,0.028,18,0.024,20,0.027,24,0.031,27,0.034,30,0.034,46,0.05,31,0.038,27,0.036,33,0.044,35,0.052,22,0.043,26,0.052,13,0.051,8,0.05,6,0.046,16,0.086,23,0.071,18,0.036,34,0.051,28,0.035,24,0.031,22,0.03,26,0.035,15,0.02,25,0.033,31,0.04,31,0.039,18,0.021,27,0.03,22,0.023,24,0.027,28,0.034,39,0.049,36,0.051,33,0.057
Region 6,Region 9,34,0.081,21,0.09,14,0.085,6,0.039,6,0.029,13,0.039,16,0.032,16,0.026,15,0.021,16,0.022,6,0.009,10,0.014,6,0.008,6,0.008,13,0.018,10,0.014,8,0.011,2,0.002,12,0.014,18,0.024,19,0.027,37,0.056,23,0.042,35,0.083,42,0.097,27,0.12,13,0.095,6,0.052,4,0.023,6,0.019,12,0.024,15,0.023,16,0.021,20,0.026,15,0.021,11,0.015,12,0.016,9,0.012,9,0.012,14,0.019,6,0.007,10,0.011,3,0.003,16,0.02,24,0.032,29,0.04,42,0.064,30,0.059,39,0.084,35,0.151,12,0.083,7,0.057,6,0.034,12,0.037,21,0.042,24,0.036,23,0.029,27,0.035,13,0.018,15,0.021,13,0.017,15,0.02,7,0.01,6,0.008,6,0.008,5,0.006,17,0.018,15,0.018,23,0.03,7,0.009,16,0.024,28,0.055,23,0.046,16,0.063,15,0.093,13,0.1,9,0.048,17,0.052,21,0.042,25,0.037,18,0.023,13,0.017,11,0.015,18,0.024,18,0.024,15,0.02,8,0.01,13,0.016,8,0.01,9,0.01,6,0.006,13,0.015,25,0.03,19,0.024,29,0.041,29,0.05
Region 6,Region 10,570,1.366,373,1.59,243,1.475,216,1.402,292,1.425,544,1.632,690,1.39,586,0.938,631,0.866,710,0.956,650,0.926,664,0.957,615,0.866,600,0.818,642,0.88,699,0.957,731,0.984,760,0.938,892,1.033,892,1.178,888,1.268,706,1.078,641,1.159,574,1.353,609,1.402,304,1.346,155,1.137,126,1.101,258,1.509,561,1.754,695,1.395,699,1.068,749,0.968,690,0.891,685,0.946,812,1.139,748,1.013,650,0.891,652,0.897,666,0.883,697,0.864,847,0.959,947,1.033,917,1.155,979,1.295,840,1.162,768,1.173,598,1.168,579,1.242,290,1.254,175,1.217,175,1.436,273,1.54,548,1.707,625,1.246,711,1.055,724,0.915,821,1.058,756,1.049,730,1.011,731,0.961,674,0.901,642,0.871,775,1.004,767,0.969,825,0.941,987,1.07,876,1.064,929,1.225,946,1.272,713,1.058,629,1.226,648,1.294,314,1.24,193,1.199,144,1.112,262,1.407,566,1.736,733,1.452,732,1.096,776,0.976,708,0.911,825,1.137,861,1.166,682,0.896,623,0.819,725,0.946,781,0.977,799,0.953,905,0.999,1023,1.084,912,1.04,1017,1.235,884,1.1,930,1.311,763,1.327
Region 6,Region 11,38,0.091,10,0.043,12,0.073,9,0.058,21,0.102,26,0.078,50,0.101,34,0.054,43,0.059,38,0.051,32,0.046,27,0.039,13,0.018,23,0.031,32,0.044,33,0.045,45,0.061,33,0.041,44,0.051,65,0.086,46,0.066,48,0.073,55,0.099,43,0.101,34,0.078,10,0.044,13,0.095,11,0.096,8,0.047,21,0.066,42,0.084,46,0.07,47,0.061,34,0.044,24,0.033,28,0.039,24,0.033,26,0.036,35,0.048,33,0.044,25,0.031,27,0.031,34,0.037,48,0.06,44,0.058,51,0.071,68,0.104,45,0.088,37,0.079,12,0.052,13,0.09,7,0.057,18,0.102,18,0.056,32,0.064,57,0.085,48,0.061,50,0.064,37,0.051,32,0.044,25,0.033,41,0.055,32,0.043,35,0.045,21,0.027,33,0.038,46,0.05,45,0.055,53,0.07,51,0.069,69,0.102,41,0.08,38,0.076,22,0.087,16,0.099,8,0.062,16,0.086,29,0.089,43,0.085,41,0.061,39,0.049,48,0.062,43,0.059,36,0.049,51,0.067,21,0.028,30,0.039,34,0.043,33,0.039,24,0.027,42,0.045,49,0.056,35,0.043,52,0.065,76,0.107,61,0.106
Region 6,Region 12,9,0.022,2,0.009,4,0.024,5,0.032,2,0.01,4,0.012,5,0.01,8,0.013,11,0.015,5,0.007,9,0.013,2,0.003,3,0.004,3,0.004,3,0.004,1,0.001,8,0.011,6,0.007,6,0.007,8,0.011,9,0.013,9,0.014,12,0.022,10,0.024,9,0.021,7,0.031,6,0.044,4,0.035,3,0.018,8,0.025,7,0.014,5,0.008,9,0.012,5,0.006,5,0.007,3,0.004,6,0.008,6,0.008,7,0.01,5,0.007,9,0.011,4,0.005,6,0.007,4,0.005,5,0.007,6,0.008,12,0.018,7,0.014,5,0.011,4,0.017,5,0.035,3,0.025,5,0.028,2,0.006,2,0.004,4,0.006,6,0.008,10,0.013,6,0.008,5,0.007,4,0.005,5,0.007,7,0.01,4,0.005,3,0.004,8,0.009,12,0.013,13,0.016,10,0.013,12,0.016,14,0.021,9,0.018,10,0.02,10,0.039,8,0.05,2,0.015,2,0.011,8,0.025,7,0.014,4,0.006,7,0.009,11,0.014,9,0.012,9,0.012,6,0.008,7,0.009,11,0.014,9,0.011,6,0.007,3,0.003,5,0.005,4,0.005,9,0.011,10,0.012,9,0.013,12,0.021
Region 6,Region 13,0,0,0,0,0,0,0,0,0,0,0,0,0,0,0,0,0,0,0,0,1,0.001,1,0.001,0,0,0,0,0,0,0,0,0,0,0,0,0,0,0,0,0,0,0,0,0,0,0,0,0,0,0,0,0,0,0,0,0,0,0,0,0,0,0,0,0,0,0,0,0,0,0,0,0,0,0,0,0,0,0,0,0,0,0,0,0,0,0,0,1,0.001,0,0,0,0,0,0,0,0,0,0,0,0,0,0,0,0,0,0,0,0,0,0,0,0,0,0,0,0,0,0,0,0,0,0,0,0,0,0,0,0,0,0,0,0,0,0,0,0,0,0,0,0,0,0,0,0,0,0,0,0,0,0,0,0,0,0,0,0,0,0,1,0.001,0,0,0,0,0,0,0,0,0,0,0,0,0,0,0,0,0,0,0,0,0,0,0,0,0,0,0,0,0,0
Region 6,Region 14,11,0.026,3,0.013,1,0.006,1,0.006,7,0.034,8,0.024,4,0.008,7,0.011,7,0.01,7,0.009,4,0.006,10,0.014,6,0.008,7,0.01,6,0.008,5,0.007,6,0.008,8,0.01,13,0.015,14,0.018,15,0.021,16,0.024,21,0.038,10,0.024,11,0.025,9,0.04,4,0.029,5,0.044,4,0.023,4,0.013,10,0.02,5,0.008,5,0.006,8,0.01,2,0.003,8,0.011,6,0.008,4,0.005,5,0.007,2,0.003,5,0.006,5,0.006,10,0.011,8,0.01,14,0.019,9,0.012,12,0.018,11,0.021,19,0.041,7,0.03,2,0.014,3,0.025,2,0.011,6,0.019,8,0.016,5,0.007,8,0.01,3,0.004,2,0.003,8,0.011,9,0.012,11,0.015,8,0.011,12,0.016,6,0.008,8,0.009,7,0.008,14,0.017,15,0.02,20,0.027,19,0.028,19,0.037,18,0.036,11,0.043,11,0.068,7,0.054,3,0.016,2,0.006,8,0.016,7,0.01,4,0.005,12,0.015,15,0.021,11,0.015,7,0.009,8,0.011,6,0.008,10,0.013,8,0.01,10,0.011,10,0.011,6,0.007,11,0.013,15,0.019,16,0.023,18,0.031
Region 6,Region 15,133,0.319,63,0.269,35,0.213,42,0.273,48,0.234,78,0.234,118,0.238,93,0.149,83,0.114,74,0.1,93,0.133,83,0.12,93,0.131,89,0.121,102,0.14,118,0.162,104,0.14,104,0.128,138,0.16,164,0.217,145,0.207,101,0.154,84,0.152,109,0.257,132,0.304,79,0.35,38,0.279,27,0.236,31,0.181,57,0.178,113,0.227,137,0.209,93,0.12,82,0.106,64,0.088,64,0.09,81,0.11,102,0.14,105,0.144,132,0.175,114,0.141,106,0.12,105,0.115,109,0.137,115,0.152,101,0.14,96,0.147,91,0.178,136,0.292,73,0.316,54,0.375,35,0.287,37,0.209,54,0.168,115,0.229,119,0.177,114,0.144,96,0.124,78,0.108,88,0.122,85,0.112,93,0.124,114,0.155,107,0.139,87,0.11,110,0.125,112,0.121,120,0.146,138,0.182,109,0.147,106,0.157,107,0.209,127,0.254,81,0.32,55,0.342,38,0.293,40,0.215,76,0.233,115,0.228,111,0.166,92,0.116,115,0.148,130,0.179,154,0.209,184,0.242,133,0.175,120,0.157,131,0.164,130,0.155,92,0.102,132,0.14,143,0.163,152,0.185,128,0.159,125,0.176,115,0.2
Region 6,Region 16,12,0.029,5,0.021,4,0.024,4,0.026,4,0.02,6,0.018,13,0.026,11,0.018,9,0.012,6,0.008,4,0.006,9,0.013,9,0.013,8,0.011,12,0.016,5,0.007,10,0.013,8,0.01,18,0.021,19,0.025,14,0.02,21,0.032,11,0.02,14,0.033,8,0.018,10,0.044,3,0.022,1,0.009,2,0.012,3,0.009,9,0.018,9,0.014,17,0.022,7,0.009,3,0.004,10,0.014,7,0.009,13,0.018,7,0.01,5,0.007,14,0.017,11,0.012,15,0.016,11,0.014,15,0.02,16,0.022,24,0.037,24,0.047,9,0.019,10,0.043,1,0.007,4,0.033,4,0.023,5,0.016,12,0.024,13,0.019,10,0.013,12,0.015,7,0.01,7,0.01,5,0.007,5,0.007,7,0.01,5,0.006,11,0.014,11,0.013,11,0.012,19,0.023,17,0.022,19,0.026,23,0.034,22,0.043,19,0.038,7,0.028,5,0.031,4,0.031,3,0.016,5,0.015,11,0.022,11,0.016,12,0.015,6,0.008,4,0.006,12,0.016,9,0.012,9,0.012,9,0.012,9,0.011,4,0.005,20,0.022,15,0.016,13,0.015,21,0.026,20,0.025,23,0.032,20,0.035
Region 7,Region 0,48,0.115,23,0.098,18,0.109,13,0.084,12,0.059,17,0.051,37,0.075,70,0.112,69,0.095,56,0.075,61,0.087,42,0.061,35,0.049,71,0.097,70,0.096,66,0.09,61,0.082,65,0.08,54,0.063,67,0.088,79,0.113,82,0.125,50,0.09,55,0.13,49,0.113,27,0.12,10,0.073,4,0.035,12,0.07,11,0.034,39,0.078,61,0.093,59,0.076,38,0.049,40,0.055,50,0.07,49,0.066,69,0.095,73,0.1,75,0.099,68,0.084,65,0.074,59,0.064,89,0.112,93,0.123,106,0.147,124,0.189,60,0.117,43,0.092,39,0.169,14,0.097,6,0.049,16,0.09,20,0.062,47,0.094,65,0.096,56,0.071,46,0.059,49,0.068,66,0.091,61,0.08,75,0.1,70,0.095,70,0.091,63,0.08,41,0.047,59,0.064,62,0.075,70,0.092,95,0.128,110,0.163,75,0.146,61,0.122,42,0.166,15,0.093,7,0.054,14,0.075,10,0.031,53,0.105,67,0.1,52,0.065,34,0.044,33,0.045,44,0.06,52,0.068,63,0.083,68,0.089,67,0.084,49,0.058,33,0.036,52,0.055,55,0.063,77,0.094,111,0.138,140,0.197,154,0.268
Region 7,Region 1,827,1.982,459,1.957,323,1.961,283,1.837,275,1.342,383,1.149,777,1.566,1054,1.687,1082,1.486,957,1.288,870,1.24,882,1.272,850,1.197,976,1.331,987,1.353,1012,1.386,983,1.323,1045,1.29,1295,1.5,1243,1.642,1199,1.712,1252,1.911,1132,2.047,876,2.066,907,2.087,508,2.25,264,1.936,156,1.363,217,1.269,389,1.216,799,1.604,1157,1.768,1347,1.742,1159,1.496,1133,1.564,940,1.319,1009,1.367,941,1.289,975,1.341,1083,1.436,1214,1.505,1346,1.524,1449,1.581,1182,1.488,1346,1.781,1410,1.95,1214,1.854,955,1.865,892,1.914,473,2.045,254,1.766,179,1.469,197,1.111,375,1.168,846,1.686,1182,1.754,1284,1.622,1344,1.732,1172,1.627,1162,1.61,1222,1.606,1102,1.472,1023,1.389,1051,1.362,1050,1.327,1123,1.28,1248,1.352,1208,1.467,1228,1.619,1234,1.659,1189,1.765,900,1.754,952,1.901,436,1.722,257,1.597,171,1.32,210,1.128,364,1.117,853,1.69,1157,1.732,1284,1.616,1230,1.583,1002,1.381,1046,1.417,991,1.302,1087,1.428,974,1.271,1038,1.299,1132,1.35,1142,1.261,1283,1.36,1285,1.466,1336,1.623,1464,1.821,1262,1.779,1219,2.12
Region 7,Region 2,42,0.101,18,0.077,17,0.103,22,0.143,21,0.102,22,0.066,27,0.054,25,0.04,34,0.047,31,0.042,30,0.043,26,0.037,37,0.052,33,0.045,37,0.051,36,0.049,31,0.042,38,0.047,45,0.052,43,0.057,42,0.06,37,0.056,36,0.065,31,0.073,31,0.071,14,0.062,11,0.081,12,0.105,19,0.111,20,0.063,21,0.042,26,0.04,30,0.039,28,0.036,21,0.029,38,0.053,33,0.045,29,0.04,31,0.043,21,0.028,29,0.036,36,0.041,39,0.043,48,0.06,37,0.049,42,0.058,41,0.063,37,0.072,31,0.067,21,0.091,7,0.049,10,0.082,11,0.062,11,0.034,31,0.062,26,0.039,32,0.04,34,0.044,23,0.032,35,0.048,34,0.045,34,0.045,30,0.041,19,0.025,14,0.018,33,0.038,32,0.035,33,0.04,45,0.059,49,0.066,46,0.068,35,0.068,55,0.11,24,0.095,8,0.05,10,0.077,32,0.172,21,0.064,31,0.061,27,0.04,33,0.042,29,0.037,32,0.044,66,0.089,53,0.07,36,0.047,38,0.05,44,0.055,25,0.03,34,0.038,32,0.034,47,0.054,57,0.069,57,0.071,48,0.068,46,0.08
Region 7,Region 3,65,0.156,38,0.162,14,0.085,14,0.091,14,0.068,20,0.06,31,0.062,37,0.059,33,0.045,41,0.055,46,0.066,48,0.069,38,0.054,57,0.078,57,0.078,49,0.067,57,0.077,58,0.072,59,0.068,92,0.122,96,0.137,81,0.124,81,0.146,78,0.184,74,0.17,32,0.142,17,0.125,7,0.061,11,0.064,14,0.044,41,0.082,51,0.078,54,0.07,45,0.058,42,0.058,46,0.065,28,0.038,49,0.067,50,0.069,47,0.062,40,0.05,64,0.072,69,0.075,61,0.077,79,0.105,85,0.118,103,0.157,104,0.203,81,0.174,42,0.182,15,0.104,11,0.09,15,0.085,12,0.037,36,0.072,46,0.068,46,0.058,41,0.053,43,0.06,63,0.087,46,0.06,48,0.064,53,0.072,56,0.073,46,0.058,59,0.067,66,0.072,79,0.096,75,0.099,82,0.11,73,0.108,93,0.181,104,0.208,30,0.118,20,0.124,17,0.131,11,0.059,18,0.055,31,0.061,47,0.07,29,0.036,25,0.032,25,0.034,29,0.039,36,0.047,48,0.063,41,0.053,38,0.048,33,0.039,22,0.024,27,0.029,40,0.046,83,0.101,97,0.121,103,0.145,139,0.242
Region 7,Region 4,293,0.702,138,0.588,86,0.522,67,0.435,51,0.249,96,0.288,203,0.409,334,0.535,371,0.509,346,0.466,332,0.473,312,0.45,334,0.471,359,0.49,438,0.6,312,0.427,214,0.288,292,0.36,388,0.449,388,0.512,344,0.491,349,0.533,434,0.785,274,0.646,313,0.72,145,0.642,80,0.587,39,0.341,58,0.339,93,0.291,207,0.415,326,0.498,428,0.553,433,0.559,385,0.532,329,0.462,312,0.423,318,0.436,372,0.512,350,0.464,320,0.397,378,0.428,477,0.52,367,0.462,243,0.322,322,0.445,418,0.638,308,0.601,380,0.815,148,0.64,101,0.702,70,0.574,66,0.372,97,0.302,203,0.405,304,0.451,427,0.539,441,0.568,352,0.489,234,0.324,298,0.392,313,0.418,411,0.558,348,0.451,275,0.347,391,0.446,433,0.469,391,0.475,397,0.523,478,0.643,456,0.677,375,0.731,390,0.779,184,0.727,94,0.584,63,0.486,65,0.349,94,0.288,216,0.428,343,0.514,432,0.544,437,0.563,339,0.467,308,0.417,300,0.394,299,0.393,372,0.485,308,0.385,292,0.348,390,0.431,443,0.469,435,0.496,505,0.613,471,0.586,466,0.657,472,0.821
Region 7,Region 5,516,1.236,325,1.386,240,1.457,207,1.344,221,1.078,272,0.816,326,0.657,442,0.707,523,0.718,546,0.735,550,0.784,574,0.827,681,0.959,690,0.941,725,0.994,709,0.971,594,0.799,594,0.733,828,0.959,743,0.981,665,0.949,707,1.079,528,0.955,527,1.243,545,1.254,292,1.293,178,1.305,120,1.048,179,1.047,221,0.691,309,0.62,476,0.727,567,0.733,595,0.768,584,0.806,530,0.744,630,0.854,658,0.901,719,0.989,653,0.866,604,0.749,700,0.792,891,0.972,814,1.025,806,1.066,730,1.01,713,1.089,496,0.969,435,0.933,283,1.223,150,1.043,123,1.009,167,0.942,216,0.673,337,0.672,419,0.622,596,0.753,624,0.804,574,0.797,684,0.948,740,0.973,789,1.054,739,1.003,589,0.763,583,0.737,651,0.742,718,0.778,817,0.992,858,1.131,819,1.101,758,1.125,505,0.984,485,0.969,345,1.362,185,1.149,157,1.212,210,1.128,240,0.736,326,0.646,425,0.636,639,0.804,738,0.95,674,0.929,650,0.88,721,0.947,768,1.009,741,0.967,552,0.691,610,0.727,706,0.78,725,0.768,837,0.955,908,1.103,906,1.127,737,1.039,608,1.057
Region 7,Region 6,397,0.951,195,0.831,127,0.771,97,0.63,94,0.459,161,0.483,247,0.498,330,0.528,545,0.748,543,0.731,365,0.52,244,0.352,286,0.403,315,0.43,326,0.447,411,0.563,388,0.522,458,0.565,592,0.686,454,0.6,487,0.695,519,0.792,486,0.879,432,1.019,436,1.003,241,1.067,110,0.807,74,0.646,96,0.561,134,0.419,244,0.49,301,0.46,334,0.432,424,0.547,325,0.449,296,0.415,293,0.397,291,0.399,303,0.417,450,0.597,488,0.605,506,0.573,615,0.671,537,0.676,606,0.802,552,0.763,510,0.779,452,0.883,475,1.019,230,0.994,150,1.043,77,0.632,83,0.468,143,0.446,238,0.474,311,0.462,372,0.47,389,0.501,303,0.421,311,0.431,327,0.43,352,0.47,314,0.426,413,0.535,411,0.519,497,0.567,695,0.753,565,0.686,582,0.767,566,0.761,532,0.79,493,0.961,538,1.075,224,0.884,150,0.932,86,0.664,102,0.548,186,0.571,268,0.531,285,0.427,343,0.432,362,0.466,326,0.449,389,0.527,365,0.48,354,0.465,322,0.42,379,0.474,469,0.559,522,0.576,646,0.685,648,0.739,679,0.825,804,1,745,1.05,557,0.969
Region 7,Region 7,1866,4.471,1059,4.515,690,4.19,632,4.102,669,3.264,1027,3.081,1815,3.657,2364,3.783,3203,4.398,3433,4.62,3265,4.653,3711,5.35,4166,5.869,4021,5.484,3780,5.182,3508,4.805,3572,4.807,4070,5.023,5010,5.801,4214,5.565,3951,5.641,3622,5.529,2771,5.012,2060,4.857,2044,4.704,1010,4.473,531,3.894,394,3.442,559,3.269,1029,3.217,1835,3.683,2309,3.529,3128,4.044,3883,5.013,3732,5.152,3722,5.222,4141,5.61,4046,5.543,3747,5.155,3681,4.88,3922,4.862,4505,5.1,4833,5.273,4361,5.491,4133,5.468,3645,5.041,3102,4.738,2320,4.531,1888,4.05,924,3.994,508,3.532,434,3.561,516,2.91,976,3.041,1727,3.442,2512,3.728,3422,4.323,3905,5.033,3595,4.989,3783,5.241,4494,5.907,4155,5.552,4068,5.521,3896,5.048,3859,4.875,4321,4.927,4696,5.089,4614,5.602,4290,5.656,3919,5.268,3421,5.079,2478,4.83,2144,4.282,1050,4.146,602,3.74,424,3.274,592,3.179,970,2.976,1760,3.486,2508,3.755,3372,4.243,3932,5.062,3767,5.193,3786,5.128,4343,5.707,4509,5.924,4205,5.487,3981,4.982,4199,5.006,4797,5.298,5188,5.498,5419,6.181,5120,6.22,4866,6.053,4001,5.641,3050,5.304
Region 7,Region 8,92,0.22,48,0.205,40,0.243,30,0.195,31,0.151,37,0.111,58,0.117,106,0.17,157,0.216,155,0.209,154,0.219,171,0.247,189,0.266,189,0.258,196,0.269,181,0.248,199,0.268,226,0.279,253,0.293,247,0.326,228,0.326,192,0.293,152,0.275,89,0.21,104,0.239,62,0.275,38,0.279,18,0.157,24,0.14,51,0.159,68,0.136,100,0.153,157,0.203,182,0.235,166,0.229,165,0.231,204,0.276,202,0.277,178,0.245,192,0.255,201,0.249,223,0.252,348,0.38,293,0.369,256,0.339,247,0.342,236,0.36,133,0.26,128,0.275,65,0.281,26,0.181,22,0.181,23,0.13,53,0.165,72,0.144,132,0.196,201,0.254,197,0.254,193,0.268,180,0.249,212,0.279,193,0.258,171,0.232,174,0.225,181,0.229,240,0.274,325,0.352,278,0.338,241,0.318,246,0.331,207,0.307,155,0.302,155,0.31,76,0.3,33,0.205,31,0.239,30,0.161,43,0.132,65,0.129,109,0.163,164,0.206,192,0.247,164,0.226,161,0.218,213,0.28,197,0.259,177,0.231,189,0.237,240,0.286,227,0.251,341,0.361,299,0.341,257,0.312,265,0.33,208,0.293,188,0.327
Region 7,Region 9,30,0.072,15,0.064,9,0.055,8,0.052,6,0.029,13,0.039,12,0.024,17,0.027,16,0.022,20,0.027,18,0.026,16,0.023,11,0.015,16,0.022,27,0.037,18,0.025,17,0.023,18,0.022,18,0.021,20,0.026,21,0.03,26,0.04,24,0.043,31,0.073,38,0.087,22,0.097,8,0.059,9,0.079,5,0.029,7,0.022,16,0.032,20,0.031,16,0.021,17,0.022,16,0.022,15,0.021,16,0.022,21,0.029,16,0.022,20,0.027,18,0.022,13,0.015,34,0.037,23,0.029,40,0.053,45,0.062,49,0.075,37,0.072,40,0.086,15,0.065,9,0.063,9,0.074,3,0.017,4,0.012,25,0.05,21,0.031,24,0.03,28,0.036,25,0.035,27,0.037,17,0.022,23,0.031,21,0.029,16,0.021,24,0.03,21,0.024,17,0.018,19,0.023,32,0.042,26,0.035,17,0.025,20,0.039,33,0.066,30,0.118,15,0.093,12,0.093,8,0.043,5,0.015,14,0.028,22,0.033,16,0.02,15,0.019,14,0.019,22,0.03,17,0.022,14,0.018,19,0.025,9,0.011,7,0.008,19,0.021,13,0.014,18,0.021,31,0.038,38,0.047,49,0.069,50,0.087
Region 7,Region 10,465,1.114,239,1.019,146,0.887,101,0.656,98,0.478,151,0.453,326,0.657,593,0.949,857,1.177,835,1.124,800,1.14,808,1.165,826,1.164,828,1.129,767,1.052,781,1.07,813,1.094,1026,1.266,1168,1.352,1070,1.413,949,1.355,913,1.394,707,1.279,491,1.158,468,1.077,256,1.134,129,0.946,76,0.664,72,0.421,171,0.535,419,0.841,645,0.986,783,1.012,939,1.212,874,1.207,864,1.212,793,1.074,797,1.092,719,0.989,804,1.066,948,1.175,1121,1.269,1184,1.292,1120,1.41,1156,1.53,1138,1.574,928,1.417,618,1.207,549,1.178,282,1.219,150,1.043,104,0.853,79,0.446,169,0.527,371,0.74,651,0.966,873,1.103,926,1.194,842,1.169,880,1.219,887,1.166,806,1.077,832,1.129,846,1.096,886,1.119,1077,1.228,1308,1.417,1151,1.397,1103,1.454,1021,1.372,913,1.355,684,1.333,625,1.248,286,1.129,170,1.056,94,0.726,125,0.671,153,0.469,407,0.806,631,0.945,842,1.059,873,1.124,831,1.146,876,1.187,841,1.105,814,1.069,741,0.967,755,0.945,848,1.011,1015,1.121,1197,1.268,1238,1.412,1281,1.556,1161,1.444,1154,1.627,881,1.532
Region 7,Region 11,72,0.173,32,0.136,21,0.128,20,0.13,19,0.093,36,0.108,68,0.137,78,0.125,85,0.117,67,0.09,87,0.124,78,0.112,89,0.125,110,0.15,117,0.16,104,0.142,103,0.139,120,0.148,130,0.151,162,0.214,144,0.206,109,0.166,125,0.226,109,0.257,76,0.175,44,0.195,27,0.198,17,0.149,20,0.117,45,0.141,89,0.179,91,0.139,96,0.124,82,0.106,94,0.13,82,0.115,93,0.126,94,0.129,85,0.117,92,0.122,111,0.138,113,0.128,138,0.151,131,0.165,137,0.181,176,0.243,177,0.27,103,0.201,96,0.206,44,0.19,19,0.132,15,0.123,22,0.124,40,0.125,66,0.132,89,0.132,92,0.116,94,0.121,108,0.15,115,0.159,97,0.128,94,0.126,106,0.144,94,0.122,102,0.129,89,0.101,129,0.14,121,0.147,138,0.182,148,0.199,186,0.276,113,0.22,119,0.238,47,0.186,32,0.199,16,0.124,21,0.113,28,0.086,96,0.19,82,0.123,101,0.127,91,0.117,84,0.116,97,0.131,80,0.105,121,0.159,108,0.141,115,0.144,90,0.107,96,0.106,125,0.132,134,0.153,118,0.143,152,0.189,171,0.241,159,0.277
Region 7,Region 12,18,0.043,10,0.043,6,0.036,4,0.026,2,0.01,6,0.018,6,0.012,10,0.016,13,0.018,11,0.015,20,0.029,12,0.017,13,0.018,7,0.01,16,0.022,19,0.026,27,0.036,22,0.027,22,0.025,16,0.021,15,0.021,15,0.023,24,0.043,9,0.021,20,0.046,11,0.049,4,0.029,0,0,1,0.006,2,0.006,2,0.004,10,0.015,10,0.013,14,0.018,9,0.012,16,0.022,16,0.022,21,0.029,18,0.025,21,0.028,20,0.025,22,0.025,17,0.019,16,0.02,14,0.019,28,0.039,21,0.032,20,0.039,13,0.028,13,0.056,4,0.028,5,0.041,8,0.045,2,0.006,6,0.012,11,0.016,24,0.03,16,0.021,17,0.024,16,0.022,13,0.017,12,0.016,18,0.024,16,0.021,17,0.021,23,0.026,25,0.027,19,0.023,25,0.033,27,0.036,21,0.031,27,0.053,32,0.064,18,0.071,9,0.056,4,0.031,5,0.027,6,0.018,10,0.02,14,0.021,13,0.016,5,0.006,10,0.014,11,0.015,18,0.024,26,0.034,9,0.012,22,0.028,26,0.031,20,0.022,12,0.013,19,0.022,19,0.023,21,0.026,21,0.03,10,0.017
Region 7,Region 13,0,0,0,0,0,0,0,0,0,0,0,0,0,0,0,0,0,0,0,0,0,0,0,0,0,0,0,0,0,0,0,0,0,0,0,0,0,0,0,0,0,0,0,0,0,0,0,0,0,0,0,0,0,0,0,0,0,0,0,0,0,0,0,0,0,0,0,0,0,0,1,0.001,0,0,0,0,0,0,0,0,0,0,0,0,1,0.001,0,0,0,0,0,0,0,0,0,0,0,0,0,0,0,0,0,0,0,0,0,0,0,0,0,0,0,0,0,0,0,0,0,0,0,0,0,0,0,0,0,0,0,0,0,0,0,0,0,0,0,0,0,0,0,0,0,0,0,0,0,0,0,0,0,0,0,0,0,0,0,0,1,0.001,0,0,0,0,0,0,0,0,0,0,0,0,0,0,0,0,0,0,0,0,0,0,0,0,0,0,0,0,0,0,0,0
Region 7,Region 14,15,0.036,15,0.064,10,0.061,2,0.013,3,0.015,8,0.024,9,0.018,16,0.026,26,0.036,30,0.04,22,0.031,25,0.036,20,0.028,20,0.027,27,0.037,23,0.032,33,0.044,38,0.047,37,0.043,38,0.05,41,0.059,46,0.07,28,0.051,22,0.052,28,0.064,19,0.084,8,0.059,4,0.035,3,0.018,3,0.009,8,0.016,19,0.029,20,0.026,17,0.022,24,0.033,22,0.031,10,0.014,17,0.023,22,0.03,23,0.03,27,0.033,28,0.032,33,0.036,30,0.038,44,0.058,35,0.048,38,0.058,29,0.057,18,0.039,16,0.069,12,0.083,3,0.025,4,0.023,11,0.034,7,0.014,30,0.045,28,0.035,23,0.03,23,0.032,23,0.032,22,0.029,19,0.025,24,0.033,29,0.038,28,0.035,46,0.052,38,0.041,32,0.039,44,0.058,43,0.058,50,0.074,37,0.072,20,0.04,14,0.055,12,0.075,3,0.023,6,0.032,6,0.018,11,0.022,17,0.025,28,0.035,20,0.026,20,0.028,21,0.028,21,0.028,31,0.041,21,0.027,20,0.025,31,0.037,19,0.021,30,0.032,42,0.048,44,0.053,32,0.04,38,0.054,35,0.061
Region 7,Region 15,127,0.304,64,0.273,40,0.243,31,0.201,17,0.083,45,0.135,77,0.155,89,0.142,89,0.122,83,0.112,102,0.145,85,0.123,102,0.144,112,0.153,134,0.184,137,0.188,168,0.226,168,0.207,166,0.192,150,0.198,148,0.211,134,0.205,129,0.233,136,0.321,146,0.336,80,0.354,47,0.345,23,0.201,16,0.094,30,0.094,60,0.12,110,0.168,108,0.14,93,0.12,100,0.138,104,0.146,94,0.127,106,0.145,116,0.16,150,0.199,149,0.185,161,0.182,167,0.182,134,0.169,144,0.191,141,0.195,162,0.247,133,0.26,161,0.345,85,0.367,50,0.348,23,0.189,26,0.147,23,0.072,86,0.171,98,0.145,101,0.128,112,0.144,109,0.151,153,0.212,125,0.164,147,0.196,130,0.176,129,0.167,149,0.188,130,0.148,120,0.13,139,0.169,155,0.204,194,0.261,148,0.22,178,0.347,193,0.385,93,0.367,56,0.348,30,0.232,26,0.14,28,0.086,87,0.172,110,0.165,104,0.131,100,0.129,120,0.165,154,0.209,136,0.179,148,0.194,161,0.21,193,0.242,152,0.181,127,0.14,139,0.147,177,0.202,191,0.232,180,0.224,151,0.213,190,0.33
Region 7,Region 16,51,0.122,22,0.094,21,0.128,18,0.117,15,0.073,32,0.096,40,0.081,61,0.098,43,0.059,49,0.066,45,0.064,55,0.079,53,0.075,66,0.09,69,0.095,63,0.086,78,0.105,90,0.111,105,0.122,102,0.135,97,0.138,100,0.153,86,0.156,72,0.17,54,0.124,29,0.128,14,0.103,11,0.096,11,0.064,29,0.091,48,0.096,54,0.083,47,0.061,49,0.063,53,0.073,61,0.086,50,0.068,56,0.077,89,0.122,71,0.094,66,0.082,92,0.104,99,0.108,92,0.116,99,0.131,79,0.109,95,0.145,63,0.123,54,0.116,26,0.112,17,0.118,10,0.082,19,0.107,36,0.112,43,0.086,75,0.111,72,0.091,47,0.061,57,0.079,49,0.068,57,0.075,63,0.084,71,0.096,73,0.095,79,0.1,84,0.096,89,0.096,90,0.109,92,0.121,114,0.153,112,0.166,69,0.134,52,0.104,33,0.13,20,0.124,14,0.108,17,0.091,21,0.064,38,0.075,73,0.109,56,0.07,47,0.061,41,0.057,61,0.083,55,0.072,56,0.074,76,0.099,77,0.096,63,0.075,79,0.087,66,0.07,103,0.117,95,0.115,132,0.164,101,0.142,81,0.141
Region 8,Region 0,12,0.029,5,0.021,1,0.006,3,0.019,3,0.015,3,0.009,8,0.016,17,0.027,23,0.032,16,0.022,16,0.023,9,0.013,16,0.023,20,0.027,18,0.025,33,0.045,31,0.042,20,0.025,27,0.031,25,0.033,13,0.019,14,0.021,21,0.038,14,0.033,12,0.028,7,0.031,5,0.037,0,0,4,0.023,4,0.013,10,0.02,20,0.031,22,0.028,14,0.018,21,0.029,23,0.032,20,0.027,27,0.037,18,0.025,31,0.041,31,0.038,22,0.025,33,0.036,32,0.04,27,0.036,39,0.054,42,0.064,17,0.033,9,0.019,3,0.013,0,0,0,0,2,0.011,3,0.009,9,0.018,21,0.031,19,0.024,22,0.028,15,0.021,15,0.021,15,0.02,17,0.023,21,0.029,27,0.035,21,0.027,28,0.032,17,0.018,30,0.036,41,0.054,34,0.046,34,0.05,25,0.049,18,0.036,6,0.024,2,0.012,1,0.008,3,0.016,1,0.003,6,0.012,19,0.028,12,0.015,8,0.01,5,0.007,6,0.008,16,0.021,15,0.02,28,0.037,28,0.035,29,0.035,20,0.022,16,0.017,15,0.017,36,0.044,37,0.046,37,0.052,17,0.03
Region 8,Region 1,30,0.072,20,0.085,9,0.055,7,0.045,13,0.063,9,0.027,37,0.075,49,0.078,54,0.074,38,0.051,48,0.068,36,0.052,43,0.061,36,0.049,52,0.071,42,0.058,49,0.066,57,0.07,77,0.089,78,0.103,60,0.086,48,0.073,76,0.137,35,0.083,31,0.071,16,0.071,17,0.125,5,0.044,11,0.064,9,0.028,38,0.076,72,0.11,84,0.109,49,0.063,41,0.057,57,0.08,42,0.057,41,0.056,41,0.056,47,0.062,74,0.092,93,0.105,99,0.108,58,0.073,55,0.073,87,0.12,70,0.107,66,0.129,44,0.094,23,0.099,19,0.132,9,0.074,12,0.068,10,0.031,43,0.086,69,0.102,78,0.099,60,0.077,70,0.097,40,0.055,38,0.05,46,0.061,40,0.054,52,0.067,64,0.081,74,0.084,82,0.089,70,0.085,58,0.076,64,0.086,75,0.111,49,0.096,46,0.092,38,0.15,21,0.13,25,0.193,9,0.048,11,0.034,40,0.079,49,0.073,81,0.102,63,0.081,35,0.048,33,0.045,41,0.054,47,0.062,49,0.064,45,0.056,60,0.072,73,0.081,78,0.083,51,0.058,81,0.098,90,0.112,77,0.109,66,0.115
Region 8,Region 2,3,0.007,1,0.004,2,0.012,1,0.006,1,0.005,1,0.003,3,0.006,2,0.003,0,0,2,0.003,2,0.003,4,0.006,1,0.001,1,0.001,1,0.001,0,0,4,0.005,6,0.007,2,0.002,3,0.004,2,0.003,3,0.005,2,0.004,5,0.012,1,0.002,2,0.009,0,0,1,0.009,2,0.012,1,0.003,0,0,2,0.003,0,0,2,0.003,2,0.003,5,0.007,0,0,0,0,1,0.001,0,0,0,0,2,0.002,3,0.003,3,0.004,4,0.005,4,0.006,7,0.011,1,0.002,4,0.009,3,0.013,1,0.007,0,0,0,0,0,0,1,0.002,2,0.003,3,0.004,1,0.001,0,0,0,0,1,0.001,2,0.003,0,0,2,0.003,3,0.004,2,0.002,0,0,4,0.005,2,0.003,4,0.005,6,0.009,3,0.006,4,0.008,2,0.008,1,0.006,0,0,0,0,0,0,1,0.002,1,0.001,0,0,2,0.003,1,0.001,2,0.003,2,0.003,3,0.004,0,0,4,0.005,1,0.001,2,0.002,1,0.001,4,0.005,3,0.004,2,0.002,6,0.008,3,0.005
Region 8,Region 3,16,0.038,9,0.038,6,0.036,3,0.019,6,0.029,3,0.009,9,0.018,10,0.016,12,0.016,8,0.011,13,0.019,20,0.029,23,0.032,17,0.023,26,0.036,21,0.029,18,0.024,21,0.026,27,0.031,31,0.041,41,0.059,25,0.038,22,0.04,27,0.064,22,0.051,3,0.013,1,0.007,4,0.035,4,0.023,4,0.013,1,0.002,13,0.02,11,0.014,15,0.019,9,0.012,17,0.024,18,0.024,19,0.026,21,0.029,22,0.029,26,0.032,20,0.023,30,0.033,24,0.03,33,0.044,41,0.057,47,0.072,22,0.043,33,0.071,13,0.056,4,0.028,3,0.025,2,0.011,3,0.009,8,0.016,9,0.013,18,0.023,6,0.008,5,0.007,9,0.012,18,0.024,20,0.027,22,0.03,34,0.044,30,0.038,13,0.015,29,0.031,58,0.07,34,0.045,41,0.055,39,0.058,33,0.064,27,0.054,17,0.067,12,0.075,9,0.069,3,0.016,4,0.012,5,0.01,11,0.016,11,0.014,5,0.006,5,0.007,3,0.004,6,0.008,21,0.028,16,0.021,16,0.02,14,0.017,9,0.01,16,0.017,25,0.029,32,0.039,42,0.052,34,0.048,38,0.066
Region 8,Region 4,33,0.079,17,0.072,10,0.061,15,0.097,7,0.034,8,0.024,22,0.044,51,0.082,86,0.118,83,0.112,109,0.155,75,0.108,96,0.135,102,0.139,119,0.163,86,0.118,63,0.085,77,0.095,95,0.11,99,0.131,101,0.144,76,0.116,78,0.141,47,0.111,46,0.106,24,0.106,7,0.051,10,0.087,12,0.07,7,0.022,33,0.066,53,0.081,96,0.124,102,0.132,88,0.121,74,0.104,79,0.107,102,0.14,83,0.114,65,0.086,60,0.074,87,0.098,104,0.113,110,0.139,86,0.114,121,0.167,108,0.165,73,0.143,73,0.157,20,0.086,9,0.063,10,0.082,7,0.039,9,0.028,27,0.054,59,0.088,110,0.139,120,0.155,102,0.142,105,0.145,76,0.1,92,0.123,102,0.138,93,0.12,78,0.099,94,0.107,80,0.087,108,0.131,96,0.127,105,0.141,103,0.153,84,0.164,96,0.192,35,0.138,21,0.13,7,0.054,13,0.07,13,0.04,34,0.067,59,0.088,82,0.103,105,0.135,87,0.12,92,0.125,101,0.133,91,0.12,99,0.129,108,0.135,75,0.089,98,0.108,120,0.127,126,0.144,132,0.16,130,0.162,112,0.158,86,0.15
Region 8,Region 5,72,0.173,39,0.166,25,0.152,17,0.11,27,0.132,20,0.06,31,0.062,65,0.104,94,0.129,97,0.131,110,0.157,101,0.146,103,0.145,136,0.185,128,0.175,146,0.2,142,0.191,166,0.205,196,0.227,159,0.21,142,0.203,132,0.202,113,0.204,103,0.243,85,0.196,33,0.146,27,0.198,23,0.201,21,0.123,28,0.088,28,0.056,73,0.112,137,0.177,153,0.198,127,0.175,116,0.163,137,0.186,124,0.17,142,0.195,164,0.217,157,0.195,157,0.178,209,0.228,141,0.178,185,0.245,166,0.23,159,0.243,116,0.227,108,0.232,56,0.242,21,0.146,14,0.115,24,0.135,36,0.112,42,0.084,56,0.083,142,0.179,163,0.21,121,0.168,142,0.197,121,0.159,137,0.183,163,0.221,137,0.177,146,0.184,133,0.152,166,0.18,173,0.21,195,0.257,236,0.317,182,0.27,138,0.269,112,0.224,54,0.213,36,0.224,35,0.27,23,0.124,35,0.107,43,0.085,73,0.109,128,0.161,174,0.224,146,0.201,137,0.186,117,0.154,108,0.142,143,0.187,149,0.186,140,0.167,141,0.156,208,0.22,168,0.192,199,0.242,208,0.259,173,0.244,136,0.237
Region 8,Region 6,26,0.062,25,0.107,8,0.049,8,0.052,11,0.054,15,0.045,18,0.036,29,0.046,31,0.043,26,0.035,24,0.034,11,0.016,17,0.024,10,0.014,11,0.015,26,0.036,22,0.03,29,0.036,34,0.039,34,0.045,37,0.053,35,0.053,41,0.074,28,0.066,35,0.081,25,0.111,11,0.081,9,0.079,11,0.064,15,0.047,24,0.048,18,0.028,26,0.034,17,0.022,13,0.018,7,0.01,6,0.008,13,0.018,10,0.014,21,0.028,12,0.015,20,0.023,39,0.043,31,0.039,28,0.037,43,0.059,52,0.079,38,0.074,44,0.094,19,0.082,12,0.083,10,0.082,9,0.051,15,0.047,23,0.046,23,0.034,28,0.035,23,0.03,16,0.022,13,0.018,17,0.022,18,0.024,12,0.016,25,0.032,17,0.021,21,0.024,38,0.041,24,0.029,41,0.054,44,0.059,34,0.05,39,0.076,51,0.102,26,0.103,14,0.087,12,0.093,15,0.081,17,0.052,29,0.057,19,0.028,22,0.028,28,0.036,11,0.015,26,0.035,22,0.029,11,0.014,11,0.014,20,0.025,24,0.029,33,0.036,33,0.035,38,0.043,36,0.044,26,0.032,29,0.041,50,0.087
Region 8,Region 7,58,0.139,32,0.136,24,0.146,27,0.175,27,0.132,36,0.108,70,0.141,106,0.17,192,0.264,181,0.244,202,0.288,168,0.242,195,0.275,197,0.269,162,0.222,178,0.244,188,0.253,200,0.247,265,0.307,223,0.295,211,0.301,175,0.267,159,0.288,95,0.224,79,0.182,36,0.159,21,0.154,24,0.21,29,0.17,33,0.103,60,0.12,111,0.17,206,0.266,178,0.23,161,0.222,158,0.222,209,0.283,158,0.216,179,0.246,194,0.257,202,0.25,225,0.255,267,0.291,279,0.351,226,0.299,258,0.357,211,0.322,125,0.244,113,0.242,39,0.169,20,0.139,12,0.098,17,0.096,26,0.081,69,0.138,115,0.171,182,0.23,229,0.295,186,0.258,191,0.265,214,0.281,189,0.253,172,0.233,189,0.245,218,0.275,215,0.245,294,0.319,262,0.318,272,0.359,275,0.37,250,0.371,143,0.279,124,0.248,66,0.261,29,0.18,23,0.178,29,0.156,31,0.095,65,0.129,118,0.177,178,0.224,204,0.263,186,0.256,159,0.215,202,0.265,194,0.255,191,0.249,191,0.239,230,0.274,274,0.303,247,0.262,273,0.311,257,0.312,258,0.321,233,0.329,153,0.266
Region 8,Region 8,485,1.162,246,1.049,144,0.874,116,0.753,173,0.844,316,0.948,732,1.475,1218,1.949,1520,2.087,1431,1.926,1436,2.047,1529,2.204,1633,2.3,1652,2.253,1625,2.228,1540,2.11,1733,2.332,1938,2.392,2135,2.472,1832,2.42,1526,2.179,1324,2.021,1014,1.834,565,1.332,480,1.105,203,0.899,137,1.005,113,0.987,141,0.824,325,1.016,723,1.451,1379,2.107,1795,2.321,1686,2.177,1492,2.06,1537,2.156,1584,2.146,1568,2.148,1548,2.13,1722,2.283,1897,2.352,2011,2.276,2091,2.281,1921,2.419,1793,2.372,1548,2.141,1169,1.786,728,1.422,576,1.236,278,1.202,128,0.89,112,0.919,154,0.869,345,1.075,800,1.595,1324,1.965,1755,2.217,1719,2.216,1593,2.211,1631,2.26,1685,2.215,1734,2.317,1586,2.153,1692,2.192,1907,2.409,2075,2.366,2320,2.514,2099,2.549,2029,2.675,1732,2.328,1267,1.881,915,1.783,765,1.528,353,1.394,177,1.1,125,0.965,151,0.811,340,1.043,757,1.499,1320,1.976,1685,2.12,1622,2.088,1567,2.16,1608,2.178,1783,2.343,1678,2.205,1772,2.312,1876,2.348,1960,2.337,2292,2.531,2439,2.585,2274,2.594,2038,2.476,1877,2.335,1482,2.09,1086,1.889
Region 8,Region 9,6,0.014,1,0.004,2,0.012,0,0,0,0,2,0.006,3,0.006,5,0.008,5,0.007,5,0.007,0,0,2,0.003,6,0.008,7,0.01,7,0.01,5,0.007,2,0.003,9,0.011,7,0.008,11,0.015,6,0.009,7,0.011,5,0.009,6,0.014,1,0.002,4,0.018,1,0.007,1,0.009,2,0.012,2,0.006,0,0,4,0.006,8,0.01,5,0.006,8,0.011,6,0.008,16,0.022,5,0.007,3,0.004,8,0.011,7,0.009,9,0.01,9,0.01,11,0.014,7,0.009,6,0.008,11,0.017,3,0.006,10,0.021,2,0.009,1,0.007,2,0.016,0,0,1,0.003,4,0.008,3,0.004,2,0.003,7,0.009,7,0.01,3,0.004,5,0.007,6,0.008,13,0.018,11,0.014,8,0.01,8,0.009,5,0.005,10,0.012,4,0.005,9,0.012,6,0.009,10,0.019,17,0.034,5,0.02,4,0.025,0,0,0,0,1,0.003,2,0.004,2,0.003,3,0.004,1,0.001,2,0.003,1,0.001,4,0.005,3,0.004,9,0.012,3,0.004,8,0.01,4,0.004,5,0.005,6,0.007,10,0.012,11,0.014,7,0.01,15,0.026
Region 8,Region 10,58,0.139,29,0.124,29,0.176,21,0.136,20,0.098,25,0.075,54,0.109,121,0.194,187,0.257,241,0.324,189,0.269,154,0.222,160,0.225,171,0.233,186,0.255,164,0.225,164,0.221,200,0.247,247,0.286,203,0.268,233,0.333,204,0.311,183,0.331,99,0.233,68,0.156,43,0.19,26,0.191,15,0.131,10,0.058,38,0.119,67,0.134,139,0.212,208,0.269,245,0.316,177,0.244,186,0.261,194,0.263,196,0.269,186,0.256,162,0.215,187,0.232,226,0.256,262,0.286,243,0.306,259,0.343,260,0.36,227,0.347,176,0.344,142,0.305,65,0.281,34,0.236,27,0.222,17,0.096,31,0.097,65,0.13,121,0.18,234,0.296,251,0.324,213,0.296,218,0.302,192,0.252,201,0.269,194,0.263,167,0.216,217,0.274,210,0.239,267,0.289,308,0.374,267,0.352,275,0.37,260,0.386,190,0.37,142,0.284,76,0.3,48,0.298,32,0.247,28,0.15,37,0.114,54,0.107,124,0.186,231,0.291,232,0.299,186,0.256,196,0.265,194,0.255,180,0.236,199,0.26,186,0.233,199,0.237,240,0.265,240,0.254,263,0.3,245,0.298,233,0.29,246,0.347,165,0.287
Region 8,Region 11,2,0.005,0,0,1,0.006,1,0.006,1,0.005,0,0,1,0.002,4,0.006,6,0.008,14,0.019,8,0.011,6,0.009,6,0.008,8,0.011,8,0.011,10,0.014,11,0.015,15,0.019,13,0.015,21,0.028,9,0.013,8,0.012,11,0.02,4,0.009,4,0.009,2,0.009,2,0.015,3,0.026,1,0.006,1,0.003,1,0.002,6,0.009,6,0.008,12,0.015,12,0.017,9,0.013,8,0.011,9,0.012,13,0.018,20,0.027,11,0.014,13,0.015,14,0.015,13,0.016,15,0.02,13,0.018,20,0.031,10,0.02,9,0.019,7,0.03,2,0.014,2,0.016,2,0.011,4,0.012,2,0.004,5,0.007,7,0.009,10,0.013,9,0.012,9,0.012,4,0.005,7,0.009,15,0.02,7,0.009,4,0.005,11,0.013,17,0.018,16,0.019,26,0.034,21,0.028,24,0.036,12,0.023,3,0.006,6,0.024,3,0.019,3,0.023,4,0.021,1,0.003,2,0.004,11,0.016,6,0.008,11,0.014,12,0.017,1,0.001,9,0.012,5,0.007,16,0.021,9,0.011,10,0.012,6,0.007,8,0.008,16,0.018,5,0.006,13,0.016,15,0.021,11,0.019
Region 8,Region 12,5,0.012,3,0.013,3,0.018,1,0.006,1,0.005,2,0.006,2,0.004,7,0.011,5,0.007,5,0.007,4,0.006,6,0.009,5,0.007,3,0.004,8,0.011,7,0.01,8,0.011,10,0.012,8,0.009,1,0.001,5,0.007,8,0.012,9,0.016,9,0.021,2,0.005,1,0.004,3,0.022,0,0,0,0,0,0,1,0.002,5,0.008,6,0.008,4,0.005,5,0.007,5,0.007,5,0.007,3,0.004,12,0.017,9,0.012,9,0.011,11,0.012,7,0.008,5,0.006,6,0.008,8,0.011,7,0.011,7,0.014,7,0.015,2,0.009,1,0.007,1,0.008,1,0.006,1,0.003,1,0.002,2,0.003,8,0.01,4,0.005,5,0.007,3,0.004,5,0.007,7,0.009,6,0.008,6,0.008,14,0.018,6,0.007,9,0.01,19,0.023,12,0.016,11,0.015,16,0.024,11,0.021,11,0.022,6,0.024,4,0.025,2,0.015,2,0.011,2,0.006,3,0.006,2,0.003,4,0.005,2,0.003,1,0.001,1,0.001,2,0.003,4,0.005,5,0.007,10,0.013,3,0.004,7,0.008,6,0.006,8,0.009,6,0.007,11,0.014,11,0.016,10,0.017
Region 8,Region 13,0,0,0,0,0,0,0,0,0,0,0,0,0,0,0,0,0,0,0,0,0,0,0,0,0,0,0,0,0,0,0,0,0,0,0,0,0,0,0,0,0,0,0,0,0,0,0,0,0,0,0,0,0,0,0,0,0,0,0,0,0,0,0,0,0,0,0,0,0,0,0,0,0,0,0,0,0,0,0,0,0,0,0,0,0,0,0,0,0,0,0,0,0,0,0,0,0,0,0,0,0,0,0,0,0,0,0,0,0,0,0,0,0,0,0,0,0,0,0,0,0,0,0,0,0,0,0,0,0,0,0,0,0,0,0,0,0,0,0,0,0,0,0,0,0,0,0,0,0,0,0,0,0,0,0,0,0,0,0,0,0,0,0,0,0,0,0,0,0,0,0,0,0,0,0,0,0,0,0,0,0,0,0,0,0,0,0,0,0,0,0,0
Region 8,Region 14,6,0.014,3,0.013,4,0.024,2,0.013,0,0,0,0,1,0.002,8,0.013,8,0.011,9,0.012,9,0.013,6,0.009,10,0.014,4,0.005,7,0.01,8,0.011,12,0.016,20,0.025,19,0.022,8,0.011,15,0.021,14,0.021,9,0.016,11,0.026,8,0.018,3,0.013,3,0.022,2,0.017,0,0,1,0.003,1,0.002,3,0.005,10,0.013,10,0.013,6,0.008,5,0.007,9,0.012,6,0.008,7,0.01,13,0.017,11,0.014,12,0.014,14,0.015,10,0.013,12,0.016,20,0.028,18,0.027,12,0.023,8,0.017,4,0.017,2,0.014,0,0,1,0.006,1,0.003,1,0.002,5,0.007,5,0.006,5,0.006,8,0.011,4,0.006,5,0.007,5,0.007,9,0.012,8,0.01,7,0.009,8,0.009,20,0.022,18,0.022,19,0.025,17,0.023,22,0.033,25,0.049,11,0.022,6,0.024,2,0.012,3,0.023,0,0,1,0.003,2,0.004,5,0.007,3,0.004,2,0.003,2,0.003,1,0.001,9,0.012,6,0.008,11,0.014,15,0.019,13,0.015,3,0.003,14,0.015,11,0.013,11,0.013,12,0.015,15,0.021,7,0.012
Region 8,Region 15,9,0.022,2,0.009,3,0.018,1,0.006,3,0.015,2,0.006,4,0.008,1,0.002,5,0.007,2,0.003,6,0.009,4,0.006,4,0.006,8,0.011,2,0.003,1,0.001,3,0.004,6,0.007,13,0.015,9,0.012,9,0.013,7,0.011,7,0.013,10,0.024,10,0.023,1,0.004,4,0.029,3,0.026,3,0.018,0,0,2,0.004,3,0.005,3,0.004,3,0.004,6,0.008,4,0.006,2,0.003,1,0.001,3,0.004,2,0.003,4,0.005,7,0.008,5,0.005,3,0.004,9,0.012,8,0.011,9,0.014,6,0.012,11,0.024,3,0.013,8,0.056,1,0.008,1,0.006,0,0,0,0,3,0.004,3,0.004,9,0.012,5,0.007,3,0.004,5,0.007,4,0.005,6,0.008,4,0.005,8,0.01,2,0.002,4,0.004,11,0.013,13,0.017,5,0.007,15,0.022,12,0.023,13,0.026,3,0.012,3,0.019,6,0.046,4,0.021,2,0.006,4,0.008,5,0.007,4,0.005,7,0.009,5,0.007,4,0.005,4,0.005,3,0.004,4,0.005,7,0.009,6,0.007,5,0.006,3,0.003,9,0.01,9,0.011,6,0.007,17,0.024,10,0.017
Region 8,Region 16,9,0.022,11,0.047,5,0.03,1,0.006,1,0.005,3,0.009,12,0.024,27,0.043,30,0.041,44,0.059,37,0.053,37,0.053,43,0.061,34,0.046,49,0.067,67,0.092,81,0.109,88,0.109,97,0.112,76,0.1,51,0.073,51,0.078,40,0.072,31,0.073,18,0.041,4,0.018,3,0.022,6,0.052,5,0.029,7,0.022,18,0.036,30,0.046,44,0.057,32,0.041,38,0.052,24,0.034,40,0.054,36,0.049,49,0.067,61,0.081,60,0.074,72,0.082,74,0.081,58,0.073,62,0.082,68,0.094,42,0.064,40,0.078,29,0.062,6,0.026,3,0.021,2,0.016,5,0.028,7,0.022,26,0.052,31,0.046,57,0.072,47,0.061,46,0.064,45,0.062,40,0.053,44,0.059,41,0.056,63,0.082,90,0.114,76,0.087,67,0.073,73,0.089,80,0.105,88,0.118,58,0.086,52,0.101,33,0.066,9,0.036,11,0.068,5,0.039,3,0.016,3,0.009,21,0.042,32,0.048,45,0.057,28,0.036,18,0.025,29,0.039,39,0.051,28,0.037,46,0.06,64,0.08,82,0.098,81,0.089,79,0.084,86,0.098,57,0.069,69,0.086,50,0.07,52,0.09
Region 9,Region 0,262,0.628,149,0.635,94,0.571,72,0.467,91,0.444,172,0.516,278,0.56,446,0.714,496,0.681,537,0.723,527,0.751,470,0.678,415,0.585,487,0.664,573,0.786,560,0.767,736,0.991,672,0.829,690,0.799,446,0.589,353,0.504,336,0.513,284,0.514,216,0.509,286,0.658,123,0.545,74,0.543,55,0.48,66,0.386,177,0.553,287,0.576,492,0.752,542,0.701,452,0.584,479,0.661,509,0.714,484,0.656,531,0.727,601,0.827,688,0.912,759,0.941,660,0.747,665,0.726,508,0.64,407,0.539,465,0.643,508,0.776,568,1.109,324,0.695,148,0.64,79,0.549,53,0.435,68,0.384,151,0.47,285,0.568,453,0.672,505,0.638,414,0.534,391,0.543,463,0.641,486,0.639,536,0.716,604,0.82,654,0.847,774,0.978,854,0.974,762,0.826,548,0.665,484,0.638,633,0.851,602,0.894,390,0.76,333,0.665,149,0.588,75,0.466,66,0.51,73,0.392,160,0.491,305,0.604,500,0.749,580,0.73,528,0.68,507,0.699,425,0.576,498,0.654,535,0.703,646,0.843,806,1.009,1016,1.211,1022,1.129,967,1.025,695,0.793,559,0.679,461,0.573,358,0.505,297,0.517
Region 9,Region 1,35,0.084,27,0.115,13,0.079,16,0.104,17,0.083,49,0.147,44,0.089,59,0.094,78,0.107,49,0.066,33,0.047,30,0.043,20,0.028,32,0.044,36,0.049,49,0.067,46,0.062,42,0.052,31,0.036,39,0.052,37,0.053,27,0.041,35,0.063,30,0.071,39,0.09,24,0.106,10,0.073,11,0.096,18,0.105,41,0.128,60,0.12,68,0.104,67,0.087,76,0.098,55,0.076,49,0.069,42,0.057,31,0.042,30,0.041,27,0.036,41,0.051,45,0.051,54,0.059,63,0.079,29,0.038,47,0.065,51,0.078,53,0.104,51,0.109,25,0.108,14,0.097,15,0.123,19,0.107,32,0.1,48,0.096,65,0.096,98,0.124,66,0.085,51,0.071,44,0.061,46,0.06,28,0.037,43,0.058,51,0.066,30,0.038,45,0.051,56,0.061,36,0.044,51,0.067,72,0.097,67,0.099,48,0.094,49,0.098,29,0.115,16,0.099,19,0.147,22,0.118,32,0.098,50,0.099,68,0.102,77,0.097,78,0.1,47,0.065,53,0.072,41,0.054,41,0.054,27,0.035,37,0.046,53,0.063,44,0.049,46,0.049,34,0.039,37,0.045,35,0.044,52,0.073,41,0.071
Region 9,Region 2,73,0.175,40,0.171,34,0.206,50,0.325,48,0.234,68,0.204,101,0.204,114,0.182,121,0.166,99,0.133,78,0.111,86,0.124,92,0.13,96,0.131,98,0.134,104,0.142,107,0.144,116,0.143,119,0.138,94,0.124,102,0.146,75,0.114,58,0.105,74,0.174,75,0.173,47,0.208,29,0.213,26,0.227,44,0.257,80,0.25,87,0.175,54,0.083,115,0.149,98,0.127,116,0.16,120,0.168,117,0.159,107,0.147,105,0.144,90,0.119,119,0.148,126,0.143,150,0.164,112,0.141,94,0.124,69,0.095,75,0.115,95,0.186,82,0.176,26,0.112,29,0.202,29,0.238,53,0.299,97,0.302,94,0.187,112,0.166,103,0.13,93,0.12,113,0.157,109,0.151,89,0.117,72,0.096,83,0.113,81,0.105,88,0.111,73,0.083,136,0.147,116,0.141,79,0.104,102,0.137,87,0.129,82,0.16,86,0.172,31,0.122,35,0.217,28,0.216,55,0.295,87,0.267,103,0.204,107,0.16,119,0.15,113,0.145,110,0.152,110,0.149,89,0.117,111,0.146,114,0.149,106,0.133,121,0.144,83,0.092,96,0.102,99,0.113,111,0.135,82,0.102,101,0.142,59,0.103
Region 9,Region 3,519,1.244,267,1.138,169,1.026,164,1.065,170,0.83,212,0.636,382,0.77,597,0.955,647,0.888,656,0.883,705,1.005,770,1.11,945,1.331,858,1.17,916,1.256,970,1.329,1084,1.459,1123,1.386,901,1.043,782,1.033,585,0.835,515,0.786,507,0.917,447,1.054,518,1.192,220,0.974,160,1.173,99,0.865,158,0.924,226,0.707,331,0.664,643,0.983,690,0.892,583,0.753,665,0.918,676,0.948,821,1.112,777,1.065,895,1.231,1027,1.361,1178,1.46,1026,1.161,984,1.074,773,0.973,623,0.824,798,1.104,928,1.417,1124,2.195,522,1.12,214,0.925,159,1.105,120,0.985,148,0.835,196,0.611,347,0.692,614,0.911,682,0.862,680,0.876,698,0.969,696,0.964,808,1.062,855,1.142,970,1.317,1069,1.385,1118,1.412,1208,1.377,1118,1.211,904,1.098,682,0.899,1015,1.364,1065,1.581,506,0.986,526,1.051,227,0.896,173,1.075,127,0.981,138,0.741,212,0.65,393,0.778,640,0.958,702,0.883,754,0.971,783,1.079,817,1.107,906,1.191,895,1.176,1064,1.388,1324,1.657,1678,2,1450,1.601,1277,1.353,1038,1.184,941,1.143,697,0.867,564,0.795,552,0.96
Region 9,Region 4,15,0.036,8,0.034,6,0.036,9,0.058,13,0.063,17,0.051,27,0.054,30,0.048,35,0.048,21,0.028,19,0.027,13,0.019,19,0.027,26,0.035,15,0.021,17,0.023,10,0.013,13,0.016,18,0.021,31,0.041,23,0.033,23,0.035,19,0.034,17,0.04,19,0.044,10,0.044,4,0.029,7,0.061,13,0.076,9,0.028,27,0.054,39,0.06,38,0.049,19,0.025,15,0.021,21,0.029,22,0.03,16,0.022,20,0.028,19,0.025,14,0.017,21,0.024,32,0.035,28,0.035,7,0.009,32,0.044,24,0.037,31,0.061,33,0.071,8,0.035,4,0.028,4,0.033,8,0.045,19,0.059,34,0.068,46,0.068,30,0.038,17,0.022,16,0.022,18,0.025,19,0.025,12,0.016,16,0.022,21,0.027,20,0.025,20,0.023,38,0.041,23,0.028,22,0.029,35,0.047,44,0.065,30,0.058,34,0.068,14,0.055,12,0.075,8,0.062,11,0.059,26,0.08,32,0.063,30,0.045,29,0.036,23,0.03,13,0.018,20,0.027,11,0.014,25,0.033,20,0.026,11,0.014,24,0.029,23,0.025,19,0.02,17,0.019,19,0.023,23,0.029,20,0.028,33,0.057
Region 9,Region 5,25,0.06,23,0.098,7,0.043,7,0.045,13,0.063,19,0.057,42,0.085,43,0.069,83,0.114,48,0.065,37,0.053,34,0.049,34,0.048,25,0.034,30,0.041,22,0.03,22,0.03,36,0.044,29,0.034,43,0.057,28,0.04,23,0.035,26,0.047,18,0.042,20,0.046,18,0.08,4,0.029,5,0.044,13,0.076,16,0.05,32,0.064,43,0.066,46,0.059,46,0.059,31,0.043,27,0.038,26,0.035,26,0.036,25,0.034,19,0.025,24,0.03,46,0.052,43,0.047,23,0.029,30,0.04,49,0.068,40,0.061,35,0.068,20,0.043,20,0.086,5,0.035,8,0.066,5,0.028,15,0.047,41,0.082,54,0.08,53,0.067,45,0.058,39,0.054,18,0.025,41,0.054,33,0.044,31,0.042,29,0.038,21,0.027,28,0.032,34,0.037,21,0.025,32,0.042,56,0.075,44,0.065,26,0.051,25,0.05,13,0.051,13,0.081,16,0.124,11,0.059,18,0.055,45,0.089,44,0.066,57,0.072,44,0.057,32,0.044,24,0.033,28,0.037,32,0.042,30,0.039,31,0.039,21,0.025,28,0.031,29,0.031,28,0.032,27,0.033,31,0.039,33,0.047,25,0.043
Region 9,Region 6,11,0.026,13,0.055,2,0.012,4,0.026,5,0.024,9,0.027,10,0.02,9,0.014,9,0.012,9,0.012,3,0.004,4,0.006,1,0.001,9,0.012,9,0.012,11,0.015,11,0.015,13,0.016,6,0.007,5,0.007,13,0.019,4,0.006,9,0.016,14,0.033,14,0.032,7,0.031,1,0.007,2,0.017,5,0.029,7,0.022,22,0.044,22,0.034,11,0.014,7,0.009,6,0.008,4,0.006,7,0.009,9,0.012,8,0.011,11,0.015,5,0.006,10,0.011,12,0.013,9,0.011,18,0.024,11,0.015,10,0.015,20,0.039,14,0.03,6,0.026,5,0.035,4,0.033,5,0.028,6,0.019,18,0.036,16,0.024,8,0.01,6,0.008,8,0.011,11,0.015,12,0.016,6,0.008,6,0.008,13,0.017,7,0.009,6,0.007,6,0.007,12,0.015,11,0.015,15,0.02,24,0.036,11,0.021,18,0.036,8,0.032,4,0.025,2,0.015,9,0.048,10,0.031,13,0.026,7,0.01,9,0.011,17,0.022,3,0.004,12,0.016,8,0.011,3,0.004,10,0.013,7,0.009,15,0.018,5,0.006,7,0.007,9,0.01,10,0.012,13,0.016,20,0.028,19,0.033
Region 9,Region 7,11,0.026,5,0.021,2,0.012,9,0.058,16,0.078,22,0.066,29,0.058,38,0.061,58,0.08,36,0.048,16,0.023,16,0.023,20,0.028,12,0.016,21,0.029,20,0.027,19,0.026,19,0.023,22,0.025,32,0.042,14,0.02,23,0.035,19,0.034,8,0.019,15,0.035,5,0.022,5,0.037,2,0.017,10,0.058,11,0.034,24,0.048,40,0.061,35,0.045,30,0.039,14,0.019,31,0.043,22,0.03,18,0.025,13,0.018,22,0.029,21,0.026,21,0.024,28,0.031,20,0.025,19,0.025,28,0.039,30,0.046,34,0.066,20,0.043,4,0.017,4,0.028,5,0.041,16,0.09,18,0.056,27,0.054,38,0.056,57,0.072,41,0.053,24,0.033,29,0.04,13,0.017,15,0.02,21,0.029,27,0.035,25,0.032,13,0.015,31,0.034,14,0.017,35,0.046,31,0.042,38,0.056,16,0.031,19,0.038,7,0.028,8,0.05,5,0.039,10,0.054,22,0.067,28,0.055,36,0.054,49,0.062,29,0.037,28,0.039,18,0.024,23,0.03,17,0.022,19,0.025,22,0.028,30,0.036,21,0.023,19,0.02,19,0.022,20,0.024,18,0.022,30,0.042,21,0.037
Region 9,Region 8,2,0.005,0,0,1,0.006,0,0,1,0.005,5,0.015,10,0.02,11,0.018,9,0.012,12,0.016,5,0.007,7,0.01,11,0.015,7,0.01,3,0.004,6,0.008,8,0.011,12,0.015,10,0.012,12,0.016,4,0.006,6,0.009,2,0.004,1,0.002,3,0.007,0,0,0,0,1,0.009,0,0,3,0.009,7,0.014,7,0.011,14,0.018,17,0.022,10,0.014,9,0.013,3,0.004,14,0.019,6,0.008,8,0.011,11,0.014,9,0.01,6,0.007,7,0.009,5,0.007,9,0.012,6,0.009,6,0.012,3,0.006,2,0.009,0,0,1,0.008,0,0,2,0.006,7,0.014,7,0.01,13,0.016,14,0.018,4,0.006,10,0.014,5,0.007,1,0.001,5,0.007,7,0.009,8,0.01,5,0.006,7,0.008,2,0.002,9,0.012,14,0.019,9,0.013,0,0,5,0.01,4,0.016,0,0,1,0.008,0,0,4,0.012,5,0.01,7,0.01,9,0.011,10,0.013,12,0.017,5,0.007,2,0.003,4,0.005,2,0.003,7,0.009,8,0.01,5,0.006,4,0.004,4,0.005,7,0.009,7,0.009,6,0.008,4,0.007
Region 9,Region 9,759,1.819,382,1.629,233,1.415,218,1.415,202,0.986,273,0.819,582,1.173,835,1.336,1173,1.61,1029,1.385,927,1.321,887,1.279,921,1.297,1038,1.416,1058,1.45,1115,1.527,1157,1.557,1183,1.46,1140,1.32,1013,1.338,905,1.292,803,1.226,744,1.346,647,1.526,702,1.616,322,1.426,229,1.679,158,1.38,166,0.971,279,0.872,530,1.064,844,1.29,1122,1.451,1050,1.356,978,1.35,1004,1.409,990,1.341,1030,1.411,1042,1.433,1081,1.433,1203,1.491,1331,1.507,1341,1.463,1127,1.419,1005,1.33,977,1.351,877,1.34,878,1.715,701,1.504,412,1.781,262,1.821,174,1.428,189,1.066,272,0.847,579,1.154,865,1.284,1158,1.463,1143,1.473,967,1.342,949,1.315,1099,1.445,1126,1.505,1179,1.6,1175,1.522,1110,1.402,1350,1.539,1456,1.578,1103,1.339,1052,1.387,1013,1.362,901,1.338,715,1.394,674,1.346,365,1.441,223,1.385,166,1.282,206,1.106,286,0.877,596,1.181,848,1.27,1151,1.448,1037,1.335,991,1.366,1059,1.434,1217,1.599,1209,1.588,1041,1.358,1094,1.369,1156,1.378,1236,1.365,1224,1.297,1038,1.184,1021,1.24,987,1.228,924,1.303,779,1.355
Region 9,Region 10,13,0.031,6,0.026,2,0.012,2,0.013,3,0.015,17,0.051,27,0.054,53,0.085,77,0.106,28,0.038,16,0.023,9,0.013,11,0.015,13,0.018,14,0.019,16,0.022,19,0.026,16,0.02,26,0.03,30,0.04,8,0.011,15,0.023,12,0.022,8,0.019,8,0.018,8,0.035,2,0.015,1,0.009,3,0.018,11,0.034,24,0.048,39,0.06,29,0.037,18,0.023,22,0.03,17,0.024,13,0.018,11,0.015,18,0.025,17,0.023,15,0.019,23,0.026,10,0.011,13,0.016,16,0.021,13,0.018,16,0.024,11,0.021,8,0.017,4,0.017,2,0.014,2,0.016,5,0.028,11,0.034,18,0.036,31,0.046,39,0.049,19,0.024,22,0.031,13,0.018,13,0.017,11,0.015,18,0.024,7,0.009,18,0.023,16,0.018,15,0.016,8,0.01,21,0.028,11,0.015,18,0.027,6,0.012,11,0.022,2,0.008,1,0.006,1,0.008,3,0.016,9,0.028,31,0.061,38,0.057,39,0.049,16,0.021,15,0.021,9,0.012,13,0.017,12,0.016,23,0.03,12,0.015,18,0.021,14,0.015,9,0.01,13,0.015,7,0.009,16,0.02,11,0.016,19,0.033
Region 9,Region 11,10,0.024,8,0.034,1,0.006,3,0.019,7,0.034,10,0.03,28,0.056,28,0.045,47,0.065,35,0.047,29,0.041,27,0.039,26,0.037,24,0.033,19,0.026,20,0.027,18,0.024,27,0.033,22,0.025,22,0.029,16,0.023,12,0.018,7,0.013,13,0.031,10,0.023,6,0.027,7,0.051,4,0.035,5,0.029,13,0.041,21,0.042,27,0.041,41,0.053,23,0.03,30,0.041,27,0.038,31,0.042,17,0.023,20,0.028,18,0.024,25,0.031,21,0.024,29,0.032,17,0.021,18,0.024,21,0.029,12,0.018,22,0.043,6,0.013,3,0.013,3,0.021,1,0.008,3,0.017,11,0.034,31,0.062,32,0.047,31,0.039,37,0.048,29,0.04,27,0.037,29,0.038,22,0.029,25,0.034,20,0.026,22,0.028,22,0.025,28,0.03,33,0.04,19,0.025,16,0.022,13,0.019,16,0.031,8,0.016,3,0.012,3,0.019,2,0.015,3,0.016,8,0.025,25,0.05,31,0.046,34,0.043,33,0.042,33,0.045,23,0.031,29,0.038,28,0.037,24,0.031,24,0.03,23,0.027,27,0.03,29,0.031,18,0.021,18,0.022,12,0.015,20,0.028,18,0.031
Region 9,Region 12,94,0.225,52,0.222,40,0.243,35,0.227,37,0.181,56,0.168,96,0.193,142,0.227,223,0.306,168,0.226,166,0.237,139,0.2,144,0.203,141,0.192,161,0.221,171,0.234,151,0.203,164,0.202,175,0.203,177,0.234,143,0.204,121,0.185,108,0.195,109,0.257,105,0.242,53,0.235,36,0.264,31,0.271,24,0.14,52,0.163,92,0.185,145,0.222,206,0.266,180,0.232,141,0.195,126,0.177,145,0.196,157,0.215,151,0.208,148,0.196,153,0.19,161,0.182,220,0.24,167,0.21,120,0.159,140,0.194,94,0.144,91,0.178,96,0.206,54,0.233,34,0.236,22,0.181,24,0.135,42,0.131,87,0.173,166,0.246,227,0.287,192,0.247,140,0.194,148,0.205,163,0.214,159,0.212,163,0.221,158,0.205,148,0.187,186,0.212,203,0.22,146,0.177,139,0.183,130,0.175,121,0.18,99,0.193,106,0.212,50,0.197,42,0.261,21,0.162,28,0.15,43,0.132,95,0.188,174,0.26,209,0.263,202,0.26,174,0.24,147,0.199,159,0.209,134,0.176,126,0.164,162,0.203,143,0.17,142,0.157,177,0.188,144,0.164,180,0.219,153,0.19,138,0.195,86,0.15
Region 9,Region 13,0,0,0,0,0,0,0,0,0,0,0,0,0,0,0,0,0,0,0,0,0,0,0,0,0,0,0,0,0,0,0,0,0,0,0,0,0,0,0,0,0,0,0,0,0,0,0,0,0,0,0,0,0,0,0,0,0,0,0,0,0,0,0,0,0,0,0,0,0,0,0,0,0,0,0,0,0,0,0,0,0,0,0,0,0,0,0,0,0,0,0,0,0,0,0,0,0,0,0,0,0,0,0,0,0,0,0,0,0,0,0,0,0,0,0,0,0,0,0,0,0,0,0,0,0,0,0,0,0,0,0,0,0,0,0,0,0,0,0,0,0,0,0,0,0,0,0,0,0,0,0,0,0,0,0,0,0,0,0,0,0,0,0,0,0,0,0,0,0,0,0,0,0,0,0,0,0,0,0,0,0,0,0,0,0,0,0,0,0,0,0,0
Region 9,Region 14,23,0.055,9,0.038,9,0.055,7,0.045,7,0.034,16,0.048,40,0.081,62,0.099,91,0.125,73,0.098,42,0.06,28,0.04,41,0.058,34,0.046,38,0.052,46,0.063,36,0.048,50,0.062,45,0.052,45,0.059,31,0.044,28,0.043,33,0.06,20,0.047,29,0.067,15,0.066,8,0.059,4,0.035,12,0.07,12,0.038,39,0.078,55,0.084,84,0.109,56,0.072,52,0.072,38,0.053,42,0.057,44,0.06,43,0.059,39,0.052,55,0.068,53,0.06,53,0.058,43,0.054,31,0.041,34,0.047,31,0.047,26,0.051,19,0.041,6,0.026,4,0.028,8,0.066,11,0.062,12,0.037,30,0.06,60,0.089,72,0.091,54,0.07,63,0.087,45,0.062,40,0.053,39,0.052,30,0.041,47,0.061,40,0.051,50,0.057,52,0.056,42,0.051,32,0.042,34,0.046,30,0.045,19,0.037,28,0.056,20,0.079,7,0.043,4,0.031,20,0.107,14,0.043,44,0.087,61,0.091,79,0.099,67,0.086,50,0.069,40,0.054,39,0.051,41,0.054,38,0.05,55,0.069,42,0.05,48,0.053,65,0.069,36,0.041,21,0.026,22,0.027,27,0.038,29,0.05
Region 9,Region 15,44,0.105,28,0.119,13,0.079,10,0.065,25,0.122,28,0.084,44,0.089,66,0.106,78,0.107,74,0.1,66,0.094,62,0.089,54,0.076,65,0.089,67,0.092,65,0.089,76,0.102,58,0.072,55,0.064,54,0.071,66,0.094,48,0.073,52,0.094,29,0.068,37,0.085,22,0.097,10,0.073,9,0.079,8,0.047,24,0.075,37,0.074,78,0.119,97,0.125,58,0.075,56,0.077,68,0.095,58,0.079,61,0.084,72,0.099,51,0.068,69,0.086,80,0.091,84,0.092,64,0.081,44,0.058,48,0.066,63,0.096,47,0.092,38,0.082,23,0.099,23,0.16,13,0.107,15,0.085,28,0.087,43,0.086,75,0.111,92,0.116,82,0.106,64,0.089,60,0.083,61,0.08,69,0.092,77,0.105,82,0.106,66,0.083,81,0.092,91,0.099,60,0.073,64,0.084,51,0.069,35,0.052,42,0.082,61,0.122,25,0.099,12,0.075,8,0.062,7,0.038,21,0.064,39,0.077,68,0.102,90,0.113,91,0.117,72,0.099,52,0.07,74,0.097,69,0.091,69,0.09,73,0.091,77,0.092,74,0.082,93,0.099,70,0.08,49,0.06,43,0.053,71,0.1,52,0.09
Region 9,Region 16,20,0.048,10,0.043,8,0.049,7,0.045,12,0.059,24,0.072,30,0.06,57,0.091,92,0.126,52,0.07,47,0.067,47,0.068,37,0.052,39,0.053,43,0.059,36,0.049,34,0.046,41,0.051,51,0.059,85,0.112,41,0.059,39,0.06,36,0.065,22,0.052,26,0.06,4,0.018,3,0.022,9,0.079,11,0.064,28,0.088,36,0.072,65,0.099,85,0.11,64,0.083,35,0.048,21,0.029,52,0.07,44,0.06,39,0.054,49,0.065,59,0.073,54,0.061,61,0.067,46,0.058,40,0.053,50,0.069,43,0.066,59,0.115,20,0.043,13,0.056,5,0.035,2,0.016,10,0.056,14,0.044,39,0.078,63,0.093,78,0.099,76,0.098,39,0.054,31,0.043,43,0.057,32,0.043,36,0.049,45,0.058,34,0.043,54,0.062,74,0.08,42,0.051,46,0.061,49,0.066,47,0.07,31,0.06,31,0.062,12,0.047,4,0.025,10,0.077,8,0.043,21,0.064,33,0.065,79,0.118,79,0.099,65,0.084,69,0.095,39,0.053,45,0.059,34,0.045,31,0.04,50,0.063,57,0.068,63,0.07,56,0.059,30,0.034,35,0.043,53,0.066,41,0.058,29,0.05
Region 10,Region 0,25,0.06,12,0.051,8,0.049,7,0.045,7,0.034,15,0.045,30,0.06,38,0.061,37,0.051,53,0.071,47,0.067,34,0.049,42,0.059,36,0.049,58,0.08,66,0.09,52,0.07,58,0.072,62,0.072,79,0.104,63,0.09,58,0.089,55,0.099,46,0.108,43,0.099,15,0.066,11,0.081,3,0.026,9,0.053,15,0.047,32,0.064,53,0.081,52,0.067,32,0.041,37,0.051,42,0.059,48,0.065,44,0.06,47,0.065,64,0.085,65,0.081,65,0.074,65,0.071,64,0.081,81,0.107,78,0.108,68,0.104,66,0.129,46,0.099,12,0.052,10,0.07,4,0.033,4,0.023,18,0.056,21,0.042,46,0.068,42,0.053,45,0.058,39,0.054,46,0.064,40,0.053,36,0.048,54,0.073,79,0.102,69,0.087,53,0.06,55,0.06,56,0.068,78,0.103,65,0.087,84,0.125,43,0.084,41,0.082,20,0.079,15,0.093,11,0.085,8,0.043,13,0.04,42,0.083,44,0.066,35,0.044,29,0.037,30,0.041,33,0.045,53,0.07,32,0.042,46,0.06,53,0.066,46,0.055,37,0.041,46,0.049,40,0.046,73,0.089,70,0.087,59,0.083,53,0.092
Region 10,Region 1,197,0.472,123,0.524,79,0.48,59,0.383,72,0.351,150,0.45,251,0.506,294,0.471,273,0.375,258,0.347,247,0.352,218,0.314,208,0.293,254,0.346,265,0.363,290,0.397,270,0.363,345,0.426,361,0.418,352,0.465,348,0.497,367,0.56,296,0.535,217,0.512,220,0.506,132,0.585,65,0.477,44,0.384,56,0.327,148,0.463,279,0.56,332,0.507,332,0.429,257,0.332,240,0.331,219,0.307,241,0.327,207,0.284,251,0.345,299,0.396,369,0.457,363,0.411,415,0.453,312,0.393,341,0.451,372,0.514,376,0.574,318,0.621,263,0.564,134,0.579,74,0.514,46,0.377,59,0.333,157,0.489,273,0.544,404,0.6,396,0.5,325,0.419,276,0.383,256,0.355,276,0.363,242,0.323,258,0.35,264,0.342,278,0.351,320,0.365,391,0.424,289,0.351,297,0.392,431,0.579,379,0.563,337,0.657,288,0.575,179,0.707,104,0.646,62,0.479,79,0.424,153,0.469,276,0.547,330,0.494,324,0.408,294,0.378,269,0.371,252,0.341,237,0.311,223,0.293,297,0.388,347,0.434,345,0.411,319,0.352,343,0.363,342,0.39,349,0.424,349,0.434,359,0.506,354,0.616
Region 10,Region 2,31,0.074,24,0.102,7,0.043,10,0.065,15,0.073,16,0.048,12,0.024,16,0.026,14,0.019,16,0.022,14,0.02,21,0.03,17,0.024,21,0.029,11,0.015,21,0.029,14,0.019,29,0.036,31,0.036,21,0.028,23,0.033,23,0.035,16,0.029,31,0.073,20,0.046,11,0.049,8,0.059,7,0.061,7,0.041,8,0.025,6,0.012,15,0.023,15,0.019,4,0.005,21,0.029,25,0.035,19,0.026,19,0.026,14,0.019,13,0.017,13,0.016,11,0.012,17,0.019,27,0.034,20,0.026,29,0.04,30,0.046,32,0.062,24,0.051,14,0.061,8,0.056,7,0.057,11,0.062,11,0.034,11,0.022,15,0.022,18,0.023,19,0.024,19,0.026,17,0.024,30,0.039,23,0.031,12,0.016,17,0.022,18,0.023,17,0.019,21,0.023,22,0.027,16,0.021,29,0.039,39,0.058,22,0.043,27,0.054,17,0.067,14,0.087,7,0.054,9,0.048,11,0.034,13,0.026,13,0.019,19,0.024,18,0.023,20,0.028,23,0.031,13,0.017,17,0.022,24,0.031,20,0.025,26,0.031,20,0.022,26,0.028,21,0.024,27,0.033,34,0.042,35,0.049,26,0.045
Region 10,Region 3,55,0.132,20,0.085,9,0.055,14,0.091,20,0.098,20,0.06,17,0.034,19,0.03,28,0.038,32,0.043,47,0.067,49,0.071,50,0.07,59,0.08,49,0.067,44,0.06,52,0.07,71,0.088,62,0.072,91,0.12,67,0.096,63,0.096,46,0.083,60,0.141,47,0.108,29,0.128,14,0.103,12,0.105,12,0.07,9,0.028,25,0.05,31,0.047,40,0.052,38,0.049,41,0.057,35,0.049,34,0.046,37,0.051,33,0.045,52,0.069,45,0.056,57,0.065,71,0.077,59,0.074,53,0.07,77,0.106,79,0.121,74,0.145,60,0.129,39,0.169,22,0.153,10,0.082,11,0.062,14,0.044,15,0.03,37,0.055,41,0.052,35,0.045,46,0.064,43,0.06,30,0.039,53,0.071,64,0.087,52,0.067,44,0.056,48,0.055,62,0.067,80,0.097,49,0.065,64,0.086,78,0.116,78,0.152,74,0.148,50,0.197,29,0.18,15,0.116,12,0.064,19,0.058,29,0.057,35,0.052,28,0.035,19,0.024,16,0.022,21,0.028,27,0.035,38,0.05,39,0.051,50,0.063,35,0.042,25,0.028,31,0.033,46,0.052,66,0.08,79,0.098,75,0.106,91,0.158
Region 10,Region 4,386,0.925,215,0.917,129,0.783,134,0.87,155,0.756,226,0.678,250,0.504,405,0.648,591,0.811,758,1.02,697,0.993,701,1.011,815,1.148,801,1.092,780,1.069,717,0.982,486,0.654,646,0.797,832,0.963,860,1.136,773,1.104,723,1.104,629,1.138,477,1.125,449,1.033,244,1.081,151,1.107,108,0.943,139,0.813,231,0.722,246,0.494,415,0.634,615,0.795,742,0.958,736,1.016,675,0.947,765,1.036,696,0.954,699,0.962,647,0.858,651,0.807,765,0.866,824,0.899,750,0.944,668,0.884,810,1.12,752,1.149,548,1.07,534,1.146,292,1.262,154,1.071,135,1.108,158,0.891,235,0.732,265,0.528,463,0.687,750,0.948,796,1.026,722,1.002,750,1.039,883,1.161,809,1.081,769,1.044,650,0.842,562,0.71,785,0.895,768,0.832,750,0.911,794,1.047,856,1.151,836,1.241,554,1.08,613,1.224,339,1.339,211,1.311,130,1.004,165,0.886,240,0.736,256,0.507,438,0.656,730,0.919,792,1.02,656,0.904,771,1.044,845,1.11,859,1.129,807,1.053,721,0.902,659,0.786,853,0.942,826,0.875,800,0.912,844,1.025,984,1.224,861,1.214,682,1.186
Region 10,Region 5,204,0.489,121,0.516,82,0.498,81,0.526,115,0.561,100,0.3,133,0.268,176,0.282,227,0.312,234,0.315,213,0.304,208,0.3,187,0.263,197,0.269,254,0.348,235,0.322,216,0.291,227,0.28,299,0.346,244,0.322,190,0.271,206,0.314,201,0.364,202,0.476,190,0.437,125,0.554,58,0.425,66,0.577,85,0.497,109,0.341,146,0.293,205,0.313,265,0.343,262,0.338,224,0.309,199,0.279,183,0.248,192,0.263,218,0.3,241,0.319,255,0.316,268,0.303,311,0.339,273,0.344,266,0.352,274,0.379,266,0.406,231,0.451,182,0.39,111,0.48,56,0.389,43,0.353,81,0.457,100,0.312,149,0.297,251,0.372,316,0.399,315,0.406,222,0.308,210,0.291,213,0.28,191,0.255,226,0.307,240,0.311,205,0.259,232,0.265,265,0.287,283,0.344,235,0.31,265,0.356,260,0.386,237,0.462,194,0.387,135,0.533,73,0.454,58,0.448,118,0.634,120,0.368,138,0.273,228,0.341,267,0.336,220,0.283,221,0.305,177,0.24,175,0.23,190,0.25,202,0.264,217,0.272,246,0.293,233,0.257,218,0.231,214,0.244,249,0.302,274,0.341,262,0.369,277,0.482
Region 10,Region 6,873,2.092,516,2.2,345,2.095,269,1.746,357,1.742,505,1.515,513,1.034,514,0.823,739,1.015,840,1.131,605,0.862,395,0.569,492,0.693,441,0.601,406,0.557,766,1.049,841,1.132,1026,1.266,1073,1.242,981,1.296,942,1.345,1001,1.528,944,1.707,815,1.922,907,2.087,470,2.082,314,2.303,202,1.765,305,1.783,410,1.282,442,0.887,519,0.793,655,0.847,621,0.802,530,0.732,475,0.666,385,0.522,480,0.658,498,0.685,757,1.004,872,1.081,969,1.097,1093,1.193,905,1.14,1020,1.35,1131,1.564,1074,1.64,968,1.89,1049,2.25,541,2.339,361,2.51,280,2.298,300,1.692,436,1.358,424,0.845,543,0.806,598,0.755,605,0.78,553,0.767,589,0.816,669,0.879,643,0.859,528,0.717,788,1.021,866,1.094,972,1.108,1057,1.145,1154,1.401,1036,1.366,1177,1.582,1136,1.686,1014,1.976,1153,2.303,641,2.531,391,2.429,280,2.162,349,1.874,446,1.368,517,1.024,553,0.828,665,0.837,688,0.886,605,0.834,672,0.91,743,0.976,696,0.914,533,0.695,828,1.036,942,1.123,994,1.098,1120,1.187,1070,1.22,1110,1.348,1263,1.571,1268,1.788,1243,2.162
Region 10,Region 7,416,0.997,225,0.959,178,1.081,136,0.883,191,0.932,319,0.957,499,1.005,618,0.989,863,1.185,1004,1.351,811,1.156,817,1.178,871,1.227,869,1.185,881,1.208,874,1.197,908,1.222,995,1.228,1199,1.388,1047,1.383,932,1.331,860,1.313,720,1.302,501,1.181,443,1.02,244,1.081,128,0.939,117,1.022,148,0.865,279,0.872,443,0.889,617,0.943,916,1.184,948,1.224,847,1.169,758,1.063,836,1.133,824,1.129,842,1.158,851,1.128,1012,1.255,1087,1.23,1222,1.333,1054,1.327,1074,1.421,1028,1.422,904,1.381,682,1.332,515,1.105,309,1.336,143,0.994,124,1.018,160,0.902,273,0.851,450,0.897,700,1.039,1007,1.272,1093,1.409,898,1.246,871,1.207,861,1.132,881,1.177,863,1.171,874,1.132,852,1.076,1091,1.244,1208,1.309,1153,1.4,1010,1.332,1011,1.359,927,1.376,670,1.306,617,1.232,344,1.358,192,1.193,150,1.158,164,0.881,270,0.828,426,0.844,648,0.97,957,1.204,986,1.269,904,1.246,871,1.18,920,1.209,918,1.206,939,1.225,1005,1.258,1003,1.196,1123,1.24,1334,1.414,1197,1.365,1271,1.544,1107,1.377,1069,1.507,888,1.544
Region 10,Region 8,73,0.175,43,0.183,41,0.249,34,0.221,49,0.239,49,0.147,69,0.139,127,0.203,254,0.349,259,0.349,213,0.304,210,0.303,206,0.29,205,0.28,214,0.293,202,0.277,213,0.287,250,0.309,296,0.343,253,0.334,237,0.338,175,0.267,140,0.253,95,0.224,90,0.207,46,0.204,32,0.235,30,0.262,25,0.146,40,0.125,90,0.181,128,0.196,239,0.309,301,0.389,230,0.318,204,0.286,232,0.314,200,0.274,235,0.323,234,0.31,206,0.255,256,0.29,332,0.362,297,0.374,262,0.347,218,0.301,213,0.325,154,0.301,129,0.277,59,0.255,40,0.278,23,0.189,31,0.175,33,0.103,85,0.169,144,0.214,271,0.342,273,0.352,251,0.348,234,0.324,245,0.322,233,0.311,258,0.35,207,0.268,199,0.251,241,0.275,315,0.341,309,0.375,251,0.331,279,0.375,265,0.393,191,0.372,166,0.332,75,0.296,61,0.379,41,0.317,38,0.204,64,0.196,92,0.182,123,0.184,231,0.291,271,0.349,216,0.298,216,0.293,207,0.272,210,0.276,239,0.312,211,0.264,262,0.312,301,0.332,274,0.29,282,0.322,245,0.298,235,0.292,250,0.352,219,0.381
Region 10,Region 9,23,0.055,19,0.081,5,0.03,2,0.013,5,0.024,4,0.012,5,0.01,12,0.019,16,0.022,12,0.016,12,0.017,7,0.01,13,0.018,15,0.02,12,0.016,11,0.015,13,0.017,18,0.022,21,0.024,26,0.034,22,0.031,20,0.031,24,0.043,19,0.045,16,0.037,12,0.053,9,0.066,5,0.044,6,0.035,6,0.019,10,0.02,9,0.014,13,0.017,10,0.013,17,0.023,14,0.02,10,0.014,9,0.012,12,0.017,11,0.015,14,0.017,13,0.015,22,0.024,23,0.029,26,0.034,25,0.035,40,0.061,36,0.07,30,0.064,7,0.03,10,0.07,1,0.008,1,0.006,5,0.016,7,0.014,7,0.01,7,0.009,18,0.023,15,0.021,14,0.019,25,0.033,18,0.024,11,0.015,18,0.023,15,0.019,10,0.011,16,0.017,21,0.025,26,0.034,14,0.019,26,0.039,24,0.047,23,0.046,12,0.047,11,0.068,1,0.008,3,0.016,6,0.018,11,0.022,4,0.006,10,0.013,9,0.012,6,0.008,12,0.016,8,0.011,11,0.014,11,0.014,8,0.01,5,0.006,6,0.007,11,0.012,12,0.014,16,0.019,26,0.032,24,0.034,36,0.063
Region 10,Region 10,1672,4.007,986,4.204,608,3.692,463,3.005,561,2.737,972,2.916,1491,3.004,2012,3.22,3193,4.384,3872,5.211,3748,5.342,3726,5.372,3547,4.997,3448,4.702,3294,4.516,3234,4.43,3242,4.363,3784,4.67,4338,5.023,3910,5.164,3814,5.445,3775,5.763,2922,5.285,1832,4.32,1781,4.099,899,3.982,566,4.151,363,3.171,418,2.444,838,2.62,1445,2.9,2178,3.329,3164,4.091,3845,4.964,3785,5.226,3590,5.036,3941,5.339,3801,5.207,3432,4.721,3517,4.662,3644,4.518,3903,4.418,4450,4.855,4193,5.28,4424,5.853,4350,6.016,3746,5.722,2344,4.578,2160,4.634,1141,4.933,673,4.679,482,3.955,525,2.961,906,2.823,1583,3.155,2351,3.489,3653,4.615,4034,5.199,3754,5.21,3809,5.277,4094,5.381,3775,5.044,3432,4.658,3477,4.505,3467,4.38,4185,4.771,4434,4.805,4481,5.441,4249,5.602,4210,5.659,3970,5.894,2523,4.918,2533,5.059,1399,5.524,788,4.895,519,4.008,540,2.9,975,2.991,1490,2.951,2272,3.401,3508,4.414,3766,4.848,3518,4.85,3869,5.24,4057,5.331,3972,5.219,3704,4.833,3741,4.682,3984,4.75,4358,4.813,4568,4.841,4890,5.577,4698,5.707,4641,5.773,4345,6.126,3125,5.435
Region 10,Region 11,28,0.067,19,0.081,20,0.121,6,0.039,9,0.044,13,0.039,25,0.05,48,0.077,44,0.06,50,0.067,48,0.068,32,0.046,38,0.054,51,0.07,61,0.084,54,0.074,47,0.063,53,0.065,79,0.091,65,0.086,52,0.074,63,0.096,61,0.11,47,0.111,32,0.074,19,0.084,10,0.073,5,0.044,6,0.035,18,0.056,29,0.058,36,0.055,36,0.047,41,0.053,38,0.052,35,0.049,30,0.041,30,0.041,52,0.072,60,0.08,56,0.069,56,0.063,54,0.059,65,0.082,65,0.086,70,0.097,86,0.131,51,0.1,27,0.058,32,0.138,19,0.132,15,0.123,5,0.028,14,0.044,19,0.038,33,0.049,56,0.071,53,0.068,63,0.087,44,0.061,42,0.055,55,0.073,37,0.05,48,0.062,47,0.059,62,0.071,75,0.081,53,0.064,78,0.103,74,0.099,87,0.129,58,0.113,48,0.096,39,0.154,20,0.124,21,0.162,4,0.021,14,0.043,27,0.053,52,0.078,59,0.074,48,0.062,32,0.044,44,0.06,53,0.07,54,0.071,46,0.06,47,0.059,55,0.066,60,0.066,63,0.067,48,0.055,51,0.062,63,0.078,77,0.109,77,0.134
Region 10,Region 12,18,0.043,10,0.043,4,0.024,3,0.019,6,0.029,10,0.03,8,0.016,16,0.026,12,0.016,12,0.016,12,0.017,10,0.014,13,0.018,14,0.019,19,0.026,17,0.023,19,0.026,24,0.03,23,0.027,28,0.037,22,0.031,26,0.04,20,0.036,14,0.033,24,0.055,7,0.031,8,0.059,2,0.017,2,0.012,3,0.009,8,0.016,13,0.02,19,0.025,23,0.03,10,0.014,10,0.014,13,0.018,12,0.016,9,0.012,24,0.032,15,0.019,22,0.025,17,0.019,19,0.024,17,0.022,21,0.029,20,0.031,19,0.037,30,0.064,10,0.043,7,0.049,6,0.049,4,0.023,5,0.016,14,0.028,19,0.028,13,0.016,9,0.012,9,0.012,8,0.011,10,0.013,12,0.016,10,0.014,16,0.021,21,0.027,12,0.014,19,0.021,12,0.015,27,0.036,21,0.028,18,0.027,11,0.021,19,0.038,13,0.051,9,0.056,5,0.039,6,0.032,9,0.028,9,0.018,6,0.009,8,0.01,4,0.005,6,0.008,10,0.014,8,0.011,14,0.018,17,0.022,11,0.014,12,0.014,9,0.01,8,0.008,13,0.015,18,0.022,15,0.019,13,0.018,19,0.033
Region 10,Region 13,0,0,0,0,0,0,0,0,0,0,0,0,0,0,0,0,0,0,0,0,0,0,0,0,0,0,0,0,0,0,0,0,0,0,0,0,0,0,0,0,0,0,0,0,1,0.002,0,0,0,0,0,0,0,0,0,0,0,0,0,0,0,0,0,0,0,0,0,0,0,0,0,0,0,0,1,0.001,0,0,0,0,0,0,0,0,0,0,0,0,0,0,0,0,0,0,0,0,0,0,0,0,0,0,0,0,0,0,0,0,0,0,0,0,0,0,0,0,0,0,0,0,0,0,0,0,0,0,0,0,0,0,0,0,0,0,0,0,0,0,0,0,0,0,0,0,0,0,0,0,0,0,0,0,0,0,0,0,1,0.002,0,0,0,0,0,0,0,0,0,0,0,0,0,0,0,0,0,0,0,0,0,0,0,0,0,0,0,0,1,0.001,0,0,0,0
Region 10,Region 14,18,0.043,11,0.047,3,0.018,5,0.032,2,0.01,10,0.03,13,0.026,17,0.027,24,0.033,19,0.026,24,0.034,19,0.027,14,0.02,17,0.023,24,0.033,20,0.027,25,0.034,38,0.047,41,0.047,35,0.046,44,0.063,38,0.058,26,0.047,11,0.026,20,0.046,13,0.058,1,0.007,4,0.035,4,0.023,8,0.025,21,0.042,44,0.067,24,0.031,22,0.028,21,0.029,14,0.02,21,0.028,17,0.023,25,0.034,21,0.028,21,0.026,33,0.037,25,0.027,23,0.029,27,0.036,42,0.058,46,0.07,27,0.053,21,0.045,15,0.065,1,0.007,3,0.025,4,0.023,5,0.016,20,0.04,23,0.034,25,0.032,26,0.034,20,0.028,18,0.025,10,0.013,12,0.016,9,0.012,28,0.036,27,0.034,35,0.04,33,0.036,26,0.032,26,0.034,48,0.065,40,0.059,21,0.041,18,0.036,11,0.043,2,0.012,6,0.046,4,0.021,8,0.025,17,0.034,19,0.028,12,0.015,12,0.015,9,0.012,12,0.016,10,0.013,25,0.033,25,0.033,32,0.04,23,0.027,28,0.031,24,0.025,33,0.038,22,0.027,31,0.039,46,0.065,20,0.035
Region 10,Region 15,64,0.153,51,0.217,26,0.158,25,0.162,32,0.156,41,0.123,44,0.089,44,0.07,46,0.063,54,0.073,55,0.078,53,0.076,76,0.107,60,0.082,51,0.07,88,0.121,65,0.087,82,0.101,87,0.101,103,0.136,83,0.118,76,0.116,82,0.148,75,0.177,81,0.186,47,0.208,17,0.125,12,0.105,19,0.111,33,0.103,39,0.078,52,0.079,39,0.05,42,0.054,42,0.058,54,0.076,63,0.085,65,0.089,55,0.076,63,0.084,77,0.095,89,0.101,68,0.074,62,0.078,84,0.111,76,0.105,75,0.115,88,0.172,94,0.202,57,0.246,27,0.188,17,0.14,27,0.152,28,0.087,44,0.088,47,0.07,57,0.072,57,0.073,53,0.074,49,0.068,80,0.105,82,0.11,57,0.077,54,0.07,78,0.099,98,0.112,85,0.092,95,0.115,102,0.134,95,0.128,85,0.126,106,0.207,97,0.194,81,0.32,39,0.242,31,0.239,27,0.145,34,0.104,41,0.081,58,0.087,40,0.05,61,0.079,76,0.105,91,0.123,88,0.116,66,0.087,82,0.107,89,0.111,81,0.097,86,0.095,100,0.106,111,0.127,106,0.129,87,0.108,82,0.116,103,0.179
Region 10,Region 16,20,0.048,16,0.068,5,0.03,8,0.052,13,0.063,14,0.042,38,0.077,40,0.064,51,0.07,55,0.074,50,0.071,41,0.059,53,0.075,46,0.063,44,0.06,72,0.099,66,0.089,73,0.09,85,0.098,79,0.104,61,0.087,67,0.102,48,0.087,41,0.097,33,0.076,16,0.071,4,0.029,4,0.035,13,0.076,20,0.063,30,0.06,32,0.049,38,0.049,48,0.062,47,0.065,50,0.07,37,0.05,28,0.038,47,0.065,47,0.062,53,0.066,61,0.069,69,0.075,60,0.076,57,0.075,80,0.111,87,0.133,55,0.107,42,0.09,12,0.052,11,0.076,9,0.074,15,0.085,19,0.059,25,0.05,48,0.071,61,0.077,54,0.07,42,0.058,35,0.048,42,0.055,40,0.053,47,0.064,49,0.063,72,0.091,90,0.103,83,0.09,71,0.086,70,0.092,87,0.117,91,0.135,56,0.109,40,0.08,26,0.103,4,0.025,5,0.039,10,0.054,22,0.067,33,0.065,39,0.058,35,0.044,18,0.023,18,0.025,26,0.035,36,0.047,31,0.041,36,0.047,50,0.063,61,0.073,58,0.064,50,0.053,47,0.054,64,0.078,77,0.096,83,0.117,61,0.106
Region 11,Region 0,20,0.048,5,0.021,5,0.03,2,0.013,6,0.029,23,0.069,71,0.143,191,0.306,104,0.143,84,0.113,78,0.111,59,0.085,55,0.077,88,0.12,112,0.154,90,0.123,95,0.128,83,0.102,72,0.083,76,0.1,78,0.111,66,0.101,37,0.067,51,0.12,24,0.055,9,0.04,13,0.095,5,0.044,5,0.029,27,0.084,90,0.181,185,0.283,123,0.159,77,0.099,77,0.106,87,0.122,107,0.145,101,0.138,112,0.154,101,0.134,100,0.124,110,0.125,72,0.079,70,0.088,70,0.093,61,0.084,58,0.089,51,0.1,36,0.077,10,0.043,12,0.083,4,0.033,3,0.017,22,0.069,53,0.106,181,0.269,136,0.172,76,0.098,80,0.111,123,0.17,98,0.129,98,0.131,121,0.164,104,0.135,91,0.115,91,0.104,58,0.063,70,0.085,61,0.08,63,0.085,69,0.102,69,0.134,35,0.07,11,0.043,11,0.068,9,0.069,3,0.016,21,0.064,68,0.135,189,0.283,139,0.175,84,0.108,98,0.135,84,0.114,68,0.089,86,0.113,89,0.116,92,0.115,80,0.095,56,0.062,59,0.063,69,0.079,81,0.098,64,0.08,71,0.1,72,0.125
Region 11,Region 1,263,0.63,139,0.593,80,0.486,79,0.513,87,0.425,140,0.42,277,0.558,490,0.784,642,0.881,518,0.697,502,0.715,503,0.725,496,0.699,527,0.719,541,0.742,519,0.711,603,0.812,609,0.752,762,0.882,546,0.721,545,0.778,485,0.74,418,0.756,357,0.842,305,0.702,163,0.722,93,0.682,54,0.472,47,0.275,125,0.391,300,0.602,555,0.848,685,0.886,766,0.989,673,0.929,619,0.868,600,0.813,515,0.706,518,0.713,554,0.734,666,0.826,678,0.767,709,0.774,650,0.818,552,0.73,531,0.734,517,0.79,374,0.73,319,0.684,164,0.709,88,0.612,58,0.476,60,0.338,127,0.396,297,0.592,523,0.776,724,0.915,670,0.864,583,0.809,589,0.816,561,0.737,545,0.728,554,0.752,615,0.797,559,0.706,588,0.67,768,0.832,635,0.771,538,0.709,574,0.772,536,0.796,439,0.856,338,0.675,177,0.699,106,0.659,76,0.587,66,0.354,136,0.417,309,0.612,548,0.82,690,0.868,659,0.848,628,0.866,578,0.783,538,0.707,578,0.759,539,0.703,576,0.721,639,0.762,642,0.709,734,0.778,637,0.727,560,0.68,550,0.684,531,0.749,470,0.817
Region 11,Region 2,53,0.127,28,0.119,20,0.121,34,0.221,80,0.39,187,0.561,199,0.401,229,0.366,259,0.356,252,0.339,222,0.316,179,0.258,201,0.283,248,0.338,255,0.35,249,0.341,215,0.289,221,0.273,186,0.215,161,0.213,127,0.181,81,0.124,73,0.132,73,0.172,61,0.14,36,0.159,16,0.117,21,0.183,103,0.602,175,0.547,175,0.351,106,0.162,271,0.35,197,0.254,197,0.272,202,0.283,281,0.381,252,0.345,249,0.343,232,0.308,230,0.285,208,0.235,207,0.226,160,0.201,145,0.192,129,0.178,112,0.171,86,0.168,64,0.137,23,0.099,15,0.104,27,0.222,75,0.423,163,0.508,192,0.383,220,0.326,205,0.259,228,0.294,225,0.312,191,0.265,208,0.273,215,0.287,199,0.27,202,0.262,214,0.27,236,0.269,197,0.213,174,0.211,187,0.247,113,0.152,131,0.194,89,0.173,64,0.128,29,0.115,19,0.118,29,0.224,104,0.559,172,0.528,190,0.376,245,0.367,258,0.325,218,0.281,264,0.364,233,0.316,218,0.286,210,0.276,268,0.35,270,0.338,255,0.304,241,0.266,211,0.224,228,0.26,185,0.225,158,0.197,126,0.178,105,0.183
Region 11,Region 3,34,0.081,9,0.038,12,0.073,10,0.065,9,0.044,14,0.042,55,0.111,117,0.187,121,0.166,88,0.118,74,0.105,87,0.125,88,0.124,126,0.172,119,0.163,117,0.16,79,0.106,81,0.1,92,0.107,91,0.12,72,0.103,64,0.098,44,0.08,51,0.12,43,0.099,12,0.053,9,0.066,8,0.07,12,0.07,10,0.031,47,0.094,136,0.208,118,0.153,83,0.107,87,0.12,95,0.133,73,0.099,111,0.152,97,0.133,145,0.192,121,0.15,97,0.11,109,0.119,79,0.099,72,0.095,57,0.079,59,0.09,69,0.135,55,0.118,21,0.091,14,0.097,13,0.107,7,0.039,13,0.041,50,0.1,124,0.184,109,0.138,89,0.115,97,0.135,94,0.13,86,0.113,112,0.15,106,0.144,144,0.187,91,0.115,110,0.125,87,0.094,82,0.1,82,0.108,56,0.075,66,0.098,67,0.131,52,0.104,25,0.099,15,0.093,4,0.031,9,0.048,13,0.04,57,0.113,109,0.163,104,0.131,86,0.111,62,0.085,77,0.104,106,0.139,79,0.104,99,0.129,112,0.14,104,0.124,81,0.089,84,0.089,69,0.079,73,0.089,90,0.112,64,0.09,67,0.117
Region 11,Region 4,32,0.077,22,0.094,10,0.061,7,0.045,6,0.029,20,0.06,41,0.083,81,0.13,108,0.148,99,0.133,78,0.111,48,0.069,50,0.07,64,0.087,77,0.106,75,0.103,56,0.075,61,0.075,57,0.066,50,0.066,57,0.081,47,0.072,62,0.112,45,0.106,54,0.124,18,0.08,11,0.081,10,0.087,12,0.07,15,0.047,44,0.088,92,0.141,82,0.106,102,0.132,53,0.073,62,0.087,63,0.085,49,0.067,62,0.085,57,0.076,65,0.081,68,0.077,75,0.082,66,0.083,32,0.042,46,0.064,71,0.108,56,0.109,57,0.122,14,0.061,13,0.09,7,0.057,7,0.039,19,0.059,44,0.088,97,0.144,107,0.135,91,0.117,55,0.076,47,0.065,59,0.078,67,0.09,53,0.072,59,0.076,43,0.054,53,0.06,58,0.063,67,0.081,54,0.071,77,0.104,70,0.104,63,0.123,35,0.07,23,0.091,13,0.081,10,0.077,4,0.021,15,0.046,53,0.105,78,0.117,94,0.118,81,0.104,26,0.036,43,0.058,64,0.084,74,0.097,98,0.128,59,0.074,69,0.082,59,0.065,81,0.086,84,0.096,70,0.085,58,0.072,64,0.09,64,0.111
Region 11,Region 5,21,0.05,7,0.03,9,0.055,6,0.039,17,0.083,23,0.069,33,0.066,53,0.085,61,0.084,60,0.081,45,0.064,50,0.072,59,0.083,47,0.064,76,0.104,81,0.111,58,0.078,66,0.081,93,0.108,69,0.091,50,0.071,45,0.069,30,0.054,29,0.068,23,0.053,16,0.071,9,0.066,9,0.079,9,0.053,13,0.041,41,0.082,68,0.104,61,0.079,86,0.111,54,0.075,49,0.069,64,0.087,66,0.09,83,0.114,61,0.081,53,0.066,49,0.055,62,0.068,58,0.073,47,0.062,37,0.051,43,0.066,29,0.057,25,0.054,8,0.035,8,0.056,7,0.057,4,0.023,20,0.062,33,0.066,72,0.107,63,0.08,60,0.077,59,0.082,63,0.087,67,0.088,66,0.088,59,0.08,37,0.048,51,0.064,45,0.051,69,0.075,57,0.069,49,0.065,50,0.067,42,0.062,24,0.047,24,0.048,14,0.055,6,0.037,10,0.077,23,0.124,24,0.074,38,0.075,84,0.126,94,0.118,61,0.079,62,0.085,59,0.08,42,0.055,72,0.095,70,0.091,67,0.084,54,0.064,52,0.057,61,0.065,49,0.056,52,0.063,55,0.068,50,0.07,23,0.04
Region 11,Region 6,25,0.06,13,0.055,8,0.049,4,0.026,9,0.044,8,0.024,19,0.038,36,0.058,51,0.07,46,0.062,34,0.048,32,0.046,28,0.039,31,0.042,40,0.055,39,0.053,46,0.062,63,0.078,43,0.05,29,0.038,48,0.069,44,0.067,49,0.089,38,0.09,38,0.087,22,0.097,11,0.081,8,0.07,3,0.018,11,0.034,28,0.056,37,0.057,48,0.062,53,0.068,40,0.055,29,0.041,44,0.06,37,0.051,38,0.052,64,0.085,57,0.071,55,0.062,60,0.065,59,0.074,55,0.073,55,0.076,60,0.092,37,0.072,36,0.077,22,0.095,9,0.063,3,0.025,6,0.034,7,0.022,28,0.056,33,0.049,53,0.067,43,0.055,35,0.049,36,0.05,38,0.05,40,0.053,19,0.026,43,0.056,40,0.051,34,0.039,52,0.056,45,0.055,55,0.073,49,0.066,70,0.104,31,0.06,40,0.08,17,0.067,16,0.099,4,0.031,6,0.032,6,0.018,19,0.038,31,0.046,40,0.05,45,0.058,25,0.034,22,0.03,42,0.055,37,0.049,37,0.048,64,0.08,52,0.062,52,0.057,63,0.067,58,0.066,70,0.085,61,0.076,38,0.054,53,0.092
Region 11,Region 7,54,0.129,31,0.132,12,0.073,17,0.11,22,0.107,56,0.168,85,0.171,136,0.218,126,0.173,136,0.183,111,0.158,108,0.156,91,0.128,116,0.158,120,0.165,124,0.17,118,0.159,144,0.178,158,0.183,115,0.152,100,0.143,101,0.154,79,0.143,61,0.144,66,0.152,29,0.128,9,0.066,7,0.061,23,0.134,32,0.1,85,0.171,130,0.199,152,0.197,170,0.219,124,0.171,129,0.181,106,0.144,134,0.184,92,0.127,122,0.162,129,0.16,120,0.136,136,0.148,119,0.15,91,0.12,106,0.147,92,0.141,70,0.137,37,0.079,27,0.117,11,0.076,12,0.098,17,0.096,45,0.14,78,0.155,152,0.226,158,0.2,150,0.193,124,0.172,139,0.193,137,0.18,123,0.164,91,0.124,117,0.152,100,0.126,85,0.097,137,0.148,134,0.163,104,0.137,116,0.156,86,0.128,82,0.16,60,0.12,29,0.115,24,0.149,13,0.1,16,0.086,47,0.144,99,0.196,123,0.184,156,0.196,141,0.182,115,0.159,117,0.158,164,0.216,132,0.173,134,0.175,124,0.155,147,0.175,110,0.121,113,0.12,163,0.186,132,0.16,107,0.133,116,0.164,100,0.174
Region 11,Region 8,3,0.007,0,0,1,0.006,1,0.006,1,0.005,1,0.003,2,0.004,4,0.006,4,0.005,5,0.007,4,0.006,4,0.006,10,0.014,9,0.012,4,0.005,13,0.018,14,0.019,6,0.007,10,0.012,17,0.022,5,0.007,7,0.011,7,0.013,3,0.007,4,0.009,4,0.018,1,0.007,1,0.009,0,0,0,0,6,0.012,12,0.018,13,0.017,14,0.018,11,0.015,11,0.015,2,0.003,8,0.011,7,0.01,8,0.011,9,0.011,7,0.008,18,0.02,10,0.013,13,0.017,9,0.012,9,0.014,2,0.004,8,0.017,1,0.004,0,0,2,0.016,1,0.006,1,0.003,5,0.01,7,0.01,14,0.018,11,0.014,10,0.014,9,0.012,10,0.013,5,0.007,6,0.008,9,0.012,8,0.01,15,0.017,10,0.011,13,0.016,6,0.008,8,0.011,13,0.019,0,0,5,0.01,4,0.016,4,0.025,2,0.015,0,0,1,0.003,4,0.008,11,0.016,14,0.018,7,0.009,10,0.014,9,0.012,9,0.012,20,0.026,12,0.016,10,0.013,10,0.012,8,0.009,15,0.016,15,0.017,10,0.012,8,0.01,6,0.008,3,0.005
Region 11,Region 9,25,0.06,8,0.034,6,0.036,3,0.019,2,0.01,4,0.012,16,0.032,30,0.048,23,0.032,33,0.044,15,0.021,25,0.036,25,0.035,29,0.04,24,0.033,34,0.047,23,0.031,22,0.027,24,0.028,23,0.03,26,0.037,19,0.029,20,0.036,35,0.083,23,0.053,6,0.027,9,0.066,2,0.017,5,0.029,12,0.038,23,0.046,21,0.032,30,0.039,26,0.034,16,0.022,15,0.021,23,0.031,22,0.03,31,0.043,24,0.032,32,0.04,28,0.032,41,0.045,23,0.029,34,0.045,31,0.043,47,0.072,33,0.064,31,0.067,14,0.061,4,0.028,4,0.033,4,0.023,14,0.044,22,0.044,34,0.05,31,0.039,20,0.026,34,0.047,16,0.022,32,0.042,26,0.035,20,0.027,27,0.035,27,0.034,48,0.055,21,0.023,23,0.028,28,0.037,30,0.04,17,0.025,38,0.074,17,0.034,7,0.028,11,0.068,3,0.023,10,0.054,6,0.018,22,0.044,38,0.057,32,0.04,31,0.04,17,0.023,27,0.037,21,0.028,17,0.022,18,0.023,26,0.033,27,0.032,20,0.022,27,0.029,29,0.033,17,0.021,31,0.039,40,0.056,34,0.059
Region 11,Region 10,19,0.046,9,0.038,5,0.03,6,0.039,5,0.024,9,0.027,26,0.052,57,0.091,48,0.066,84,0.113,56,0.08,43,0.062,39,0.055,54,0.074,49,0.067,44,0.06,56,0.075,76,0.094,61,0.071,58,0.077,53,0.076,42,0.064,32,0.058,31,0.073,22,0.051,14,0.062,5,0.037,4,0.035,7,0.041,13,0.041,40,0.08,53,0.081,83,0.107,81,0.105,47,0.065,60,0.084,50,0.068,39,0.053,39,0.054,40,0.053,50,0.062,52,0.059,90,0.098,69,0.087,80,0.106,55,0.076,41,0.063,26,0.051,26,0.056,11,0.048,6,0.042,5,0.041,8,0.045,11,0.034,38,0.076,44,0.065,58,0.073,54,0.07,62,0.086,42,0.058,47,0.062,49,0.065,32,0.043,44,0.057,36,0.045,47,0.054,80,0.087,69,0.084,60,0.079,49,0.066,52,0.077,28,0.055,25,0.05,12,0.047,8,0.05,5,0.039,2,0.011,12,0.037,34,0.067,51,0.076,63,0.079,52,0.067,56,0.077,53,0.072,48,0.063,46,0.06,46,0.06,46,0.058,56,0.067,70,0.077,69,0.073,73,0.083,64,0.078,47,0.058,47,0.066,38,0.066
Region 11,Region 11,321,0.769,140,0.597,103,0.625,67,0.435,97,0.473,186,0.558,432,0.87,791,1.266,1101,1.512,1313,1.767,1301,1.854,1450,2.09,1571,2.213,1641,2.238,1544,2.117,1307,1.79,1192,1.604,1275,1.573,1552,1.797,1367,1.805,1108,1.582,929,1.418,632,1.143,417,0.983,379,0.872,171,0.757,84,0.616,74,0.646,88,0.515,173,0.541,445,0.893,772,1.18,1222,1.58,1412,1.823,1350,1.864,1478,2.073,1586,2.149,1546,2.118,1404,1.931,1379,1.828,1376,1.706,1362,1.542,1506,1.643,1396,1.758,1203,1.592,964,1.333,677,1.034,490,0.957,403,0.865,172,0.744,116,0.806,74,0.607,74,0.417,157,0.489,402,0.801,766,1.137,1157,1.462,1327,1.71,1394,1.935,1518,2.103,1687,2.217,1526,2.039,1467,1.991,1393,1.805,1278,1.615,1326,1.512,1591,1.724,1452,1.763,1231,1.623,1016,1.366,659,0.978,490,0.955,403,0.805,158,0.624,118,0.733,71,0.548,79,0.424,172,0.528,424,0.84,772,1.156,1201,1.511,1285,1.654,1295,1.785,1401,1.898,1587,2.085,1529,2.009,1479,1.93,1312,1.642,1312,1.564,1359,1.501,1646,1.744,1555,1.774,1241,1.508,1026,1.276,711,1.003,547,0.951
Region 11,Region 12,11,0.026,6,0.026,1,0.006,2,0.013,6,0.029,2,0.006,10,0.02,13,0.021,20,0.027,32,0.043,34,0.048,20,0.029,22,0.031,33,0.045,36,0.049,30,0.041,35,0.047,56,0.069,35,0.041,20,0.026,16,0.023,17,0.026,16,0.029,18,0.042,18,0.041,3,0.013,5,0.037,3,0.026,4,0.023,5,0.016,5,0.01,18,0.028,17,0.022,20,0.026,28,0.039,18,0.025,24,0.033,20,0.027,31,0.043,30,0.04,50,0.062,55,0.062,55,0.06,29,0.037,20,0.026,19,0.026,19,0.029,20,0.039,17,0.036,9,0.039,4,0.028,3,0.025,3,0.017,6,0.019,5,0.01,9,0.013,21,0.027,25,0.032,20,0.028,24,0.033,18,0.024,22,0.029,24,0.033,35,0.045,47,0.059,62,0.071,49,0.053,29,0.035,20,0.026,26,0.035,20,0.03,14,0.027,14,0.028,12,0.047,11,0.068,3,0.023,4,0.021,2,0.006,11,0.022,8,0.012,10,0.013,18,0.023,24,0.033,17,0.023,24,0.032,34,0.045,31,0.04,41,0.051,55,0.066,51,0.056,52,0.055,36,0.041,26,0.032,24,0.03,18,0.025,19,0.033
Region 11,Region 13,0,0,0,0,0,0,0,0,0,0,0,0,0,0,0,0,0,0,0,0,0,0,0,0,0,0,0,0,0,0,0,0,0,0,0,0,0,0,0,0,0,0,0,0,0,0,0,0,0,0,0,0,0,0,0,0,0,0,0,0,0,0,0,0,0,0,0,0,0,0,0,0,0,0,0,0,0,0,0,0,0,0,0,0,0,0,0,0,0,0,0,0,0,0,0,0,0,0,0,0,0,0,0,0,0,0,0,0,0,0,0,0,0,0,0,0,0,0,0,0,0,0,0,0,0,0,0,0,0,0,0,0,0,0,0,0,0,0,0,0,0,0,0,0,0,0,0,0,0,0,0,0,0,0,0,0,0,0,0,0,0,0,0,0,0,0,0,0,0,0,0,0,0,0,0,0,0,0,0,0,0,0,0,0,0,0,0,0,0,0,0,0
Region 11,Region 14,63,0.151,26,0.111,25,0.152,20,0.13,12,0.059,23,0.069,48,0.097,75,0.12,120,0.165,123,0.166,131,0.187,135,0.195,157,0.221,165,0.225,158,0.217,143,0.196,175,0.236,173,0.213,182,0.211,184,0.243,117,0.167,117,0.179,97,0.175,66,0.156,77,0.177,33,0.146,20,0.147,9,0.079,7,0.041,18,0.056,44,0.088,81,0.124,130,0.168,137,0.177,148,0.204,142,0.199,140,0.19,160,0.219,136,0.187,146,0.194,147,0.182,175,0.198,155,0.169,126,0.159,110,0.146,120,0.166,112,0.171,80,0.156,106,0.227,30,0.13,14,0.097,14,0.115,9,0.051,22,0.069,44,0.088,79,0.117,116,0.147,133,0.171,124,0.172,156,0.216,160,0.21,163,0.218,157,0.213,139,0.18,159,0.201,159,0.181,161,0.174,184,0.223,134,0.177,133,0.179,124,0.184,73,0.142,82,0.164,29,0.115,19,0.118,12,0.093,12,0.064,23,0.071,34,0.067,69,0.103,136,0.171,129,0.166,142,0.196,131,0.177,158,0.208,164,0.215,154,0.201,173,0.217,158,0.188,166,0.183,189,0.2,143,0.163,155,0.188,107,0.133,118,0.166,93,0.162
Region 11,Region 15,210,0.503,98,0.418,68,0.413,38,0.247,27,0.132,86,0.258,200,0.403,271,0.434,305,0.419,319,0.429,303,0.432,337,0.486,336,0.473,398,0.543,412,0.565,441,0.604,466,0.627,518,0.639,431,0.499,363,0.479,350,0.5,293,0.447,259,0.468,236,0.556,201,0.463,97,0.43,57,0.418,38,0.332,36,0.211,82,0.256,162,0.325,323,0.494,324,0.419,277,0.358,325,0.449,317,0.445,379,0.513,372,0.51,398,0.548,472,0.626,542,0.672,649,0.735,597,0.651,446,0.562,365,0.483,352,0.487,295,0.451,234,0.457,222,0.476,104,0.45,67,0.466,44,0.361,52,0.293,75,0.234,177,0.353,308,0.457,336,0.424,328,0.423,346,0.48,364,0.504,387,0.509,430,0.575,451,0.612,445,0.577,500,0.632,570,0.65,492,0.533,413,0.501,374,0.493,367,0.493,279,0.414,289,0.563,253,0.505,116,0.458,68,0.422,46,0.355,45,0.242,73,0.224,190,0.376,315,0.472,389,0.489,346,0.445,337,0.465,370,0.501,426,0.56,471,0.619,443,0.578,502,0.628,510,0.608,527,0.582,511,0.542,413,0.471,430,0.522,363,0.452,282,0.398,266,0.463
Region 11,Region 16,29,0.069,25,0.107,6,0.036,6,0.039,4,0.02,30,0.09,45,0.091,71,0.114,115,0.158,121,0.163,130,0.185,146,0.21,153,0.216,145,0.198,137,0.188,132,0.181,125,0.168,137,0.169,223,0.258,153,0.202,114,0.163,85,0.13,59,0.107,46,0.108,30,0.069,27,0.12,6,0.044,6,0.052,2,0.012,23,0.072,42,0.084,94,0.144,137,0.177,153,0.198,153,0.211,140,0.196,173,0.234,147,0.201,137,0.188,133,0.176,168,0.208,155,0.175,159,0.173,153,0.193,122,0.161,117,0.162,90,0.137,72,0.141,34,0.073,17,0.073,9,0.063,10,0.082,4,0.023,24,0.075,31,0.062,86,0.128,98,0.124,134,0.173,109,0.151,143,0.198,152,0.2,154,0.206,122,0.166,148,0.192,151,0.191,157,0.179,191,0.207,145,0.176,111,0.146,110,0.148,84,0.125,43,0.084,51,0.102,9,0.036,10,0.062,5,0.039,7,0.038,32,0.098,32,0.063,70,0.105,110,0.138,139,0.179,136,0.187,140,0.19,141,0.185,138,0.181,123,0.16,171,0.214,146,0.174,169,0.187,179,0.19,149,0.17,112,0.136,97,0.121,78,0.11,71,0.123
Region 12,Region 0,32,0.077,20,0.085,11,0.067,10,0.065,12,0.059,12,0.036,34,0.069,60,0.096,79,0.108,77,0.104,67,0.095,63,0.091,75,0.106,77,0.105,93,0.128,123,0.168,180,0.242,181,0.223,158,0.183,69,0.091,55,0.079,61,0.093,67,0.121,31,0.073,49,0.113,21,0.093,7,0.051,8,0.07,5,0.029,17,0.053,40,0.08,67,0.102,75,0.097,75,0.097,62,0.086,65,0.091,65,0.088,75,0.103,114,0.157,98,0.13,182,0.226,166,0.188,179,0.195,115,0.145,68,0.09,69,0.095,55,0.084,59,0.115,74,0.159,17,0.073,15,0.104,7,0.057,3,0.017,10,0.031,41,0.082,61,0.091,94,0.119,83,0.107,54,0.075,67,0.093,63,0.083,78,0.104,98,0.133,135,0.175,218,0.275,191,0.218,190,0.206,150,0.182,76,0.1,92,0.124,66,0.098,56,0.109,81,0.162,19,0.075,14,0.087,11,0.085,9,0.048,15,0.046,47,0.093,81,0.121,91,0.114,76,0.098,65,0.09,71,0.096,72,0.095,99,0.13,129,0.168,158,0.198,215,0.256,267,0.295,267,0.283,177,0.202,162,0.197,88,0.109,85,0.12,70,0.122
Region 12,Region 1,27,0.065,19,0.081,9,0.055,14,0.091,21,0.102,32,0.096,30,0.06,67,0.107,82,0.113,71,0.096,38,0.054,23,0.033,21,0.03,39,0.053,32,0.044,31,0.042,47,0.063,46,0.057,30,0.035,31,0.041,15,0.021,39,0.06,32,0.058,35,0.083,28,0.064,20,0.089,10,0.073,9,0.079,18,0.105,19,0.059,48,0.096,75,0.115,61,0.079,46,0.059,48,0.066,32,0.045,36,0.049,37,0.051,33,0.045,32,0.042,33,0.041,50,0.057,61,0.067,39,0.049,32,0.042,24,0.033,34,0.052,21,0.041,30,0.064,26,0.112,16,0.111,9,0.074,18,0.102,21,0.065,35,0.07,50,0.074,66,0.083,57,0.073,60,0.083,41,0.057,41,0.054,27,0.036,34,0.046,41,0.053,38,0.048,53,0.06,40,0.043,30,0.036,39,0.051,50,0.067,38,0.056,36,0.07,31,0.062,16,0.063,21,0.13,12,0.093,17,0.091,22,0.067,36,0.071,56,0.084,69,0.087,66,0.085,34,0.047,30,0.041,31,0.041,42,0.055,36,0.047,37,0.046,50,0.06,44,0.049,58,0.061,33,0.038,39,0.047,34,0.042,40,0.056,35,0.061
Region 12,Region 2,44,0.105,28,0.119,15,0.091,22,0.143,28,0.137,32,0.096,63,0.127,57,0.091,55,0.076,58,0.078,48,0.068,40,0.058,68,0.096,53,0.072,61,0.084,62,0.085,44,0.059,57,0.07,53,0.061,40,0.053,32,0.046,31,0.047,32,0.058,28,0.066,38,0.087,14,0.062,17,0.125,16,0.14,26,0.152,35,0.109,30,0.06,27,0.041,51,0.066,41,0.053,40,0.055,42,0.059,52,0.07,54,0.074,58,0.08,72,0.095,55,0.068,55,0.062,44,0.048,28,0.035,35,0.046,37,0.051,35,0.053,41,0.08,39,0.084,15,0.065,15,0.104,28,0.23,37,0.209,37,0.115,47,0.094,52,0.077,46,0.058,32,0.041,43,0.06,34,0.047,37,0.049,51,0.068,54,0.073,52,0.067,75,0.095,60,0.068,44,0.048,41,0.05,29,0.038,47,0.063,40,0.059,42,0.082,49,0.098,23,0.091,16,0.099,17,0.131,37,0.199,57,0.175,40,0.079,38,0.057,63,0.079,40,0.051,44,0.061,52,0.07,43,0.057,47,0.062,51,0.067,49,0.061,53,0.063,56,0.062,58,0.061,47,0.054,37,0.045,35,0.044,46,0.065,42,0.073
Region 12,Region 3,121,0.29,67,0.286,36,0.219,28,0.182,30,0.146,37,0.111,63,0.127,114,0.182,83,0.114,84,0.113,101,0.144,119,0.172,140,0.197,173,0.236,165,0.226,180,0.247,192,0.258,262,0.323,209,0.242,129,0.17,125,0.178,116,0.177,103,0.186,108,0.255,122,0.281,45,0.199,35,0.257,18,0.157,16,0.094,26,0.081,66,0.132,104,0.159,126,0.163,117,0.151,129,0.178,138,0.194,130,0.176,159,0.218,137,0.188,216,0.286,263,0.326,257,0.291,245,0.267,202,0.254,153,0.202,133,0.184,127,0.194,113,0.221,134,0.287,74,0.32,33,0.229,33,0.271,22,0.124,31,0.097,63,0.126,102,0.151,124,0.157,101,0.13,112,0.155,132,0.183,170,0.223,175,0.234,183,0.248,213,0.276,319,0.403,268,0.306,246,0.267,195,0.237,119,0.157,141,0.19,152,0.226,115,0.224,127,0.254,65,0.257,37,0.23,35,0.27,12,0.064,19,0.058,52,0.103,110,0.165,133,0.167,121,0.156,162,0.223,155,0.21,167,0.219,184,0.242,205,0.267,290,0.363,306,0.365,371,0.41,283,0.3,245,0.279,225,0.273,185,0.23,151,0.213,121,0.21
Region 12,Region 4,5,0.012,4,0.017,2,0.012,2,0.013,3,0.015,10,0.03,18,0.036,29,0.046,26,0.036,15,0.02,18,0.026,8,0.012,9,0.013,9,0.012,16,0.022,13,0.018,17,0.023,8,0.01,16,0.019,8,0.011,9,0.013,17,0.026,8,0.014,10,0.024,10,0.023,6,0.027,6,0.044,3,0.026,2,0.012,6,0.019,22,0.044,22,0.034,27,0.035,21,0.027,19,0.026,11,0.015,12,0.016,13,0.018,14,0.019,19,0.025,13,0.016,22,0.025,22,0.024,15,0.019,7,0.009,12,0.017,7,0.011,15,0.029,16,0.034,3,0.013,2,0.014,1,0.008,2,0.011,5,0.016,26,0.052,27,0.04,20,0.025,14,0.018,12,0.017,10,0.014,9,0.012,7,0.009,19,0.026,18,0.023,16,0.02,18,0.021,23,0.025,14,0.017,7,0.009,24,0.032,13,0.019,14,0.027,13,0.026,10,0.039,6,0.037,3,0.023,4,0.021,5,0.015,20,0.04,21,0.031,25,0.031,21,0.027,18,0.025,17,0.023,10,0.013,16,0.021,18,0.023,21,0.026,17,0.02,23,0.025,19,0.02,18,0.021,15,0.018,17,0.021,18,0.025,8,0.014
Region 12,Region 5,28,0.067,14,0.06,7,0.043,8,0.052,9,0.044,19,0.057,27,0.054,37,0.059,44,0.06,51,0.069,29,0.041,40,0.058,25,0.035,23,0.031,44,0.06,40,0.055,26,0.035,39,0.048,41,0.047,33,0.044,29,0.041,26,0.04,18,0.033,22,0.052,22,0.051,21,0.093,7,0.051,3,0.026,6,0.035,12,0.038,26,0.052,38,0.058,55,0.071,60,0.077,31,0.043,27,0.038,28,0.038,31,0.042,36,0.05,35,0.046,41,0.051,42,0.048,35,0.038,33,0.042,31,0.041,25,0.035,36,0.055,26,0.051,23,0.049,18,0.078,5,0.035,10,0.082,6,0.034,18,0.056,32,0.064,35,0.052,47,0.059,53,0.068,39,0.054,28,0.039,24,0.032,40,0.053,26,0.035,27,0.035,30,0.038,33,0.038,39,0.042,33,0.04,17,0.022,33,0.044,41,0.061,31,0.06,26,0.052,13,0.051,11,0.068,8,0.062,12,0.064,11,0.034,37,0.073,46,0.069,39,0.049,51,0.066,31,0.043,38,0.051,44,0.058,45,0.059,53,0.069,37,0.046,40,0.048,48,0.053,27,0.029,28,0.032,43,0.052,30,0.037,39,0.055,25,0.043
Region 12,Region 6,4,0.01,2,0.009,4,0.024,2,0.013,2,0.01,4,0.012,3,0.006,10,0.016,10,0.014,9,0.012,6,0.009,6,0.009,4,0.006,5,0.007,2,0.003,5,0.007,7,0.009,5,0.006,5,0.006,2,0.003,7,0.01,5,0.008,3,0.005,7,0.017,10,0.023,1,0.004,1,0.007,0,0,3,0.018,2,0.006,7,0.014,7,0.011,12,0.016,3,0.004,7,0.01,8,0.011,4,0.005,2,0.003,5,0.007,7,0.009,5,0.006,10,0.011,14,0.015,5,0.006,6,0.008,6,0.008,2,0.003,7,0.014,9,0.019,5,0.022,3,0.021,1,0.008,2,0.011,2,0.006,9,0.018,8,0.012,2,0.003,3,0.004,0,0,4,0.006,5,0.007,2,0.003,6,0.008,5,0.006,5,0.006,7,0.008,11,0.012,10,0.012,8,0.011,7,0.009,6,0.009,8,0.016,6,0.012,6,0.024,2,0.012,0,0,1,0.005,7,0.021,4,0.008,3,0.004,3,0.004,2,0.003,4,0.006,4,0.005,4,0.005,3,0.004,9,0.012,11,0.014,2,0.002,5,0.006,12,0.013,5,0.006,6,0.007,12,0.015,8,0.011,5,0.009
Region 12,Region 7,7,0.017,4,0.017,5,0.03,5,0.032,8,0.039,8,0.024,29,0.058,27,0.043,37,0.051,46,0.062,18,0.026,15,0.022,19,0.027,19,0.026,34,0.047,15,0.021,18,0.024,22,0.027,22,0.025,16,0.021,19,0.027,13,0.02,13,0.024,13,0.031,9,0.021,4,0.018,3,0.022,4,0.035,11,0.064,15,0.047,28,0.056,22,0.034,37,0.048,33,0.043,27,0.037,22,0.031,17,0.023,19,0.026,13,0.018,13,0.017,17,0.021,21,0.024,24,0.026,16,0.02,15,0.02,19,0.026,12,0.018,9,0.018,8,0.017,6,0.026,2,0.014,5,0.041,6,0.034,7,0.022,25,0.05,15,0.022,36,0.045,27,0.035,16,0.022,16,0.022,13,0.017,30,0.04,27,0.037,28,0.036,21,0.027,23,0.026,16,0.017,18,0.022,14,0.018,16,0.022,17,0.025,4,0.008,11,0.022,6,0.024,3,0.019,8,0.062,5,0.027,16,0.049,27,0.053,33,0.049,30,0.038,30,0.039,15,0.021,21,0.028,12,0.016,21,0.028,23,0.03,20,0.025,22,0.026,28,0.031,23,0.024,24,0.027,26,0.032,21,0.026,24,0.034,7,0.012
Region 12,Region 8,1,0.002,2,0.009,0,0,3,0.019,0,0,4,0.012,6,0.012,8,0.013,11,0.015,7,0.009,8,0.011,3,0.004,5,0.007,4,0.005,7,0.01,6,0.008,12,0.016,8,0.01,11,0.013,9,0.012,4,0.006,3,0.005,2,0.004,1,0.002,1,0.002,2,0.009,0,0,0,0,0,0,5,0.016,9,0.018,4,0.006,9,0.012,16,0.021,11,0.015,1,0.001,9,0.012,8,0.011,3,0.004,6,0.008,10,0.012,8,0.009,11,0.012,6,0.008,3,0.004,5,0.007,4,0.006,3,0.006,3,0.006,0,0,1,0.007,1,0.008,4,0.023,2,0.006,4,0.008,4,0.006,14,0.018,16,0.021,15,0.021,8,0.011,3,0.004,5,0.007,5,0.007,6,0.008,12,0.015,17,0.019,14,0.015,15,0.018,0,0,5,0.007,5,0.007,0,0,2,0.004,4,0.016,0,0,1,0.008,0,0,3,0.009,5,0.01,6,0.009,6,0.008,12,0.015,9,0.012,3,0.004,3,0.004,4,0.005,6,0.008,7,0.009,3,0.004,10,0.011,4,0.004,5,0.006,3,0.004,7,0.009,2,0.003,6,0.01
Region 12,Region 9,89,0.213,53,0.226,42,0.255,20,0.13,20,0.098,40,0.12,54,0.109,76,0.122,128,0.176,105,0.141,109,0.155,128,0.185,147,0.207,151,0.206,187,0.256,176,0.241,190,0.256,203,0.251,191,0.221,141,0.186,148,0.211,159,0.243,132,0.239,94,0.222,127,0.292,46,0.204,39,0.286,25,0.218,18,0.105,32,0.1,38,0.076,76,0.116,146,0.189,128,0.165,137,0.189,138,0.194,138,0.187,172,0.236,145,0.199,171,0.227,178,0.221,179,0.203,219,0.239,192,0.242,135,0.179,132,0.183,112,0.171,99,0.193,107,0.23,51,0.22,39,0.271,21,0.172,14,0.079,26,0.081,46,0.092,93,0.138,144,0.182,139,0.179,95,0.132,135,0.187,140,0.184,139,0.186,182,0.247,169,0.219,187,0.236,220,0.251,214,0.232,170,0.206,169,0.223,155,0.208,119,0.177,114,0.222,102,0.204,42,0.166,45,0.28,26,0.201,28,0.15,25,0.077,51,0.101,104,0.156,140,0.176,119,0.153,134,0.185,150,0.203,128,0.168,159,0.209,169,0.221,226,0.283,229,0.273,264,0.292,271,0.287,211,0.241,201,0.244,161,0.2,191,0.269,118,0.205
Region 12,Region 10,7,0.017,4,0.017,4,0.024,2,0.013,2,0.01,6,0.018,23,0.046,19,0.03,52,0.071,27,0.036,27,0.038,26,0.037,11,0.015,13,0.018,12,0.016,11,0.015,16,0.022,22,0.027,16,0.019,24,0.032,10,0.014,8,0.012,10,0.018,10,0.024,5,0.012,5,0.022,2,0.015,1,0.009,1,0.006,3,0.009,19,0.038,24,0.037,42,0.054,37,0.048,36,0.05,20,0.028,16,0.022,15,0.021,7,0.01,17,0.023,23,0.029,20,0.023,14,0.015,19,0.024,10,0.013,15,0.021,8,0.012,10,0.02,12,0.026,4,0.017,3,0.021,4,0.033,1,0.006,7,0.022,18,0.036,20,0.03,46,0.058,25,0.032,21,0.029,17,0.024,12,0.016,13,0.017,15,0.02,17,0.022,15,0.019,14,0.016,19,0.021,9,0.011,14,0.018,5,0.007,11,0.016,6,0.012,6,0.012,6,0.024,2,0.012,2,0.015,1,0.005,5,0.015,25,0.05,18,0.027,35,0.044,27,0.035,27,0.037,18,0.024,13,0.017,22,0.029,9,0.012,10,0.013,21,0.025,16,0.018,10,0.011,12,0.014,14,0.017,9,0.011,16,0.023,8,0.014
Region 12,Region 11,3,0.007,1,0.004,7,0.043,5,0.032,2,0.01,7,0.021,23,0.046,51,0.082,88,0.121,39,0.052,26,0.037,24,0.035,21,0.03,19,0.026,29,0.04,21,0.029,22,0.03,27,0.033,22,0.025,20,0.026,9,0.013,16,0.024,12,0.022,7,0.017,4,0.009,2,0.009,1,0.007,1,0.009,3,0.018,8,0.025,23,0.046,34,0.052,44,0.057,32,0.041,28,0.039,23,0.032,14,0.019,24,0.033,24,0.033,27,0.036,33,0.041,39,0.044,31,0.034,21,0.026,13,0.017,14,0.019,13,0.02,5,0.01,6,0.013,3,0.013,3,0.021,1,0.008,2,0.011,5,0.016,26,0.052,26,0.039,65,0.082,35,0.045,20,0.028,17,0.024,28,0.037,29,0.039,24,0.033,31,0.04,18,0.023,29,0.033,34,0.037,23,0.028,11,0.015,19,0.026,13,0.019,13,0.025,7,0.014,4,0.016,2,0.012,3,0.023,1,0.005,8,0.025,24,0.048,35,0.052,68,0.086,39,0.05,25,0.034,23,0.031,28,0.037,27,0.035,37,0.048,30,0.038,35,0.042,28,0.031,28,0.03,24,0.027,10,0.012,9,0.011,11,0.016,5,0.009
Region 12,Region 12,301,0.721,158,0.674,94,0.571,84,0.545,81,0.395,117,0.351,188,0.379,400,0.64,595,0.817,592,0.797,494,0.704,540,0.778,546,0.769,590,0.805,557,0.764,538,0.737,592,0.797,621,0.766,635,0.735,488,0.645,520,0.742,449,0.685,342,0.619,301,0.71,289,0.665,146,0.647,81,0.594,73,0.638,77,0.45,93,0.291,214,0.43,396,0.605,545,0.705,616,0.795,497,0.686,520,0.73,586,0.794,580,0.795,584,0.803,594,0.787,643,0.797,658,0.745,632,0.69,589,0.742,512,0.677,431,0.596,382,0.583,290,0.566,318,0.682,135,0.584,98,0.681,76,0.624,79,0.446,94,0.293,196,0.391,343,0.509,546,0.69,565,0.728,444,0.616,471,0.653,569,0.748,577,0.771,606,0.823,600,0.777,597,0.754,711,0.811,699,0.757,589,0.715,538,0.709,493,0.663,396,0.588,327,0.637,312,0.623,164,0.648,119,0.739,86,0.664,59,0.317,118,0.362,209,0.414,395,0.591,593,0.746,571,0.735,508,0.7,565,0.765,632,0.83,668,0.878,635,0.829,711,0.89,703,0.838,876,0.967,833,0.883,691,0.788,680,0.826,631,0.785,416,0.587,344,0.598
Region 12,Region 13,0,0,0,0,0,0,0,0,0,0,0,0,0,0,0,0,0,0,0,0,0,0,0,0,0,0,0,0,0,0,0,0,0,0,0,0,0,0,0,0,0,0,0,0,0,0,0,0,0,0,0,0,0,0,0,0,0,0,0,0,0,0,0,0,0,0,0,0,0,0,0,0,0,0,0,0,0,0,0,0,0,0,0,0,0,0,0,0,0,0,0,0,0,0,0,0,0,0,0,0,0,0,0,0,0,0,0,0,0,0,0,0,0,0,0,0,0,0,0,0,0,0,0,0,0,0,0,0,0,0,0,0,0,0,0,0,0,0,0,0,0,0,0,0,0,0,0,0,0,0,0,0,0,0,0,0,0,0,0,0,0,0,0,0,0,0,0,0,0,0,0,0,0,0,0,0,0,0,0,0,0,0,0,0,0,0,0,0,0,0,0,0
Region 12,Region 14,45,0.108,31,0.132,13,0.079,17,0.11,22,0.107,26,0.078,43,0.087,125,0.2,174,0.239,184,0.248,132,0.188,97,0.14,111,0.156,112,0.153,109,0.149,112,0.153,112,0.151,130,0.16,134,0.155,87,0.115,74,0.106,84,0.128,58,0.105,53,0.125,48,0.11,32,0.142,16,0.117,16,0.14,15,0.088,17,0.053,61,0.122,89,0.136,142,0.184,121,0.156,108,0.149,118,0.166,114,0.154,108,0.148,100,0.138,97,0.129,115,0.143,134,0.152,147,0.16,116,0.146,112,0.148,80,0.111,63,0.096,48,0.094,39,0.084,33,0.143,14,0.097,13,0.107,14,0.079,18,0.056,53,0.106,78,0.116,142,0.179,124,0.16,114,0.158,95,0.132,119,0.156,109,0.146,127,0.172,108,0.14,114,0.144,140,0.16,153,0.166,131,0.159,77,0.102,73,0.098,86,0.128,58,0.113,47,0.094,29,0.115,27,0.168,16,0.124,19,0.102,17,0.052,43,0.085,84,0.126,136,0.171,119,0.153,120,0.165,106,0.144,120,0.158,84,0.11,104,0.136,99,0.124,105,0.125,115,0.127,130,0.138,106,0.121,96,0.117,89,0.111,63,0.089,50,0.087
Region 12,Region 15,85,0.204,47,0.2,32,0.194,23,0.149,20,0.098,39,0.117,64,0.129,171,0.274,271,0.372,217,0.292,125,0.178,155,0.223,170,0.239,160,0.218,178,0.244,184,0.252,191,0.257,213,0.263,203,0.235,163,0.215,146,0.208,160,0.244,117,0.212,96,0.226,89,0.205,50,0.221,32,0.235,23,0.201,26,0.152,36,0.113,64,0.128,165,0.252,193,0.25,194,0.25,176,0.243,171,0.24,186,0.252,180,0.247,198,0.272,177,0.235,186,0.231,234,0.265,204,0.223,207,0.261,157,0.208,145,0.201,117,0.179,82,0.16,100,0.215,51,0.22,40,0.278,24,0.197,27,0.152,38,0.118,69,0.138,153,0.227,198,0.25,202,0.26,147,0.204,129,0.179,163,0.214,161,0.215,210,0.285,166,0.215,199,0.251,226,0.258,216,0.234,182,0.221,168,0.221,180,0.242,137,0.203,118,0.23,112,0.224,61,0.241,38,0.236,29,0.224,26,0.14,31,0.095,102,0.202,167,0.25,209,0.263,204,0.263,153,0.211,170,0.23,202,0.265,191,0.251,177,0.231,227,0.284,202,0.241,226,0.25,219,0.232,181,0.206,206,0.25,176,0.219,147,0.207,121,0.21
Region 12,Region 16,20,0.048,12,0.051,7,0.043,4,0.026,15,0.073,12,0.036,44,0.089,55,0.088,70,0.096,72,0.097,55,0.078,54,0.078,53,0.075,36,0.049,59,0.081,63,0.086,69,0.093,73,0.09,59,0.068,34,0.045,36,0.051,34,0.052,39,0.071,22,0.052,27,0.062,11,0.049,10,0.073,3,0.026,11,0.064,14,0.044,40,0.08,62,0.095,59,0.076,64,0.083,58,0.08,51,0.072,52,0.07,57,0.078,51,0.07,57,0.076,63,0.078,84,0.095,63,0.069,51,0.064,46,0.061,36,0.05,51,0.078,38,0.074,28,0.06,11,0.048,4,0.028,5,0.041,6,0.034,7,0.022,26,0.052,65,0.096,76,0.096,62,0.08,52,0.072,43,0.06,55,0.072,52,0.069,51,0.069,58,0.075,68,0.086,90,0.103,76,0.082,50,0.061,41,0.054,46,0.062,36,0.053,44,0.086,23,0.046,9,0.036,8,0.05,8,0.062,11,0.059,17,0.052,29,0.057,49,0.073,74,0.093,82,0.106,65,0.09,73,0.099,60,0.079,48,0.063,54,0.07,60,0.075,91,0.108,75,0.083,58,0.061,49,0.056,60,0.073,47,0.058,35,0.049,32,0.056
Region 13,Region 0,0,0,0,0,0,0,0,0,0,0,0,0,0,0,0,0,0,0,0,0,0,0,0,0,0,0,0,0,0,0,0,0,0,0,0,0,0,0,0,0,0,0,0,0,0,0,0,0,0,0,0,0,0,0,0,0,0,0,0,0,0,0,0,0,0,0,0,0,0,0,0,0,0,0,0,0,0,0,0,0,0,0,0,0,0,0,0,0,0,0,0,0,0,0,0,0,0,0,0,0,0,0,0,0,0,0,0,0,0,0,0,0,0,0,0,0,0,0,0,0,0,0,0,0,0,0,0,0,0,0,0,0,0,0,0,0,0,0,0,0,0,0,0,0,0,0,0,0,0,0,0,0,0,0,0,0,0,0,0,0,0,0,0,0,0,0,0,0,0,0,0,0,0,0,0,0,0,0,0,0,0,0,0,0,0,0,0,0,0,0,0,0
Region 13,Region 1,0,0,0,0,0,0,0,0,0,0,0,0,0,0,0,0,0,0,0,0,0,0,0,0,0,0,0,0,0,0,0,0,0,0,0,0,0,0,0,0,0,0,0,0,0,0,0,0,0,0,0,0,0,0,0,0,0,0,0,0,0,0,0,0,0,0,0,0,0,0,0,0,0,0,0,0,0,0,0,0,0,0,0,0,0,0,0,0,0,0,0,0,0,0,0,0,0,0,0,0,0,0,0,0,0,0,0,0,0,0,0,0,0,0,0,0,0,0,0,0,0,0,0,0,0,0,0,0,0,0,0,0,0,0,0,0,0,0,0,0,0,0,0,0,0,0,0,0,0,0,0,0,0,0,0,0,0,0,0,0,0,0,0,0,0,0,0,0,1,0.001,0,0,0,0,0,0,0,0,0,0,0,0,0,0,0,0,0,0,0,0,0,0
Region 13,Region 2,0,0,0,0,0,0,0,0,0,0,0,0,0,0,0,0,0,0,0,0,0,0,0,0,0,0,0,0,0,0,0,0,0,0,0,0,0,0,0,0,0,0,0,0,0,0,0,0,0,0,0,0,0,0,0,0,0,0,0,0,0,0,0,0,0,0,0,0,0,0,0,0,0,0,0,0,0,0,0,0,0,0,0,0,0,0,0,0,0,0,0,0,0,0,0,0,0,0,0,0,0,0,0,0,0,0,0,0,0,0,0,0,0,0,0,0,0,0,0,0,0,0,0,0,0,0,0,0,0,0,0,0,0,0,0,0,0,0,0,0,0,0,0,0,0,0,0,0,0,0,0,0,0,0,0,0,0,0,0,0,0,0,0,0,0,0,0,0,0,0,0,0,0,0,0,0,0,0,0,0,0,0,0,0,0,0,0,0,0,0,0,0
Region 13,Region 3,0,0,0,0,0,0,0,0,0,0,0,0,0,0,0,0,0,0,0,0,0,0,0,0,0,0,0,0,0,0,0,0,0,0,0,0,0,0,0,0,0,0,0,0,0,0,0,0,0,0,0,0,0,0,0,0,0,0,0,0,0,0,0,0,0,0,0,0,0,0,0,0,1,0.001,0,0,0,0,0,0,0,0,0,0,0,0,0,0,0,0,0,0,0,0,0,0,0,0,0,0,0,0,0,0,0,0,0,0,0,0,0,0,0,0,0,0,0,0,0,0,0,0,0,0,0,0,0,0,0,0,0,0,0,0,0,0,0,0,0,0,0,0,0,0,0,0,0,0,0,0,0,0,0,0,0,0,0,0,0,0,0,0,0,0,0,0,0,0,1,0.001,0,0,0,0,0,0,0,0,0,0,0,0,0,0,0,0,0,0,0,0,0,0
Region 13,Region 4,0,0,0,0,0,0,0,0,0,0,0,0,0,0,0,0,0,0,0,0,0,0,0,0,0,0,0,0,0,0,0,0,0,0,0,0,0,0,0,0,0,0,0,0,0,0,0,0,0,0,0,0,0,0,0,0,0,0,0,0,0,0,0,0,0,0,0,0,0,0,0,0,0,0,0,0,0,0,0,0,0,0,0,0,0,0,0,0,0,0,0,0,0,0,0,0,0,0,0,0,0,0,0,0,0,0,0,0,0,0,0,0,0,0,0,0,0,0,0,0,0,0,0,0,0,0,0,0,1,0.001,2,0.002,2,0.002,0,0,0,0,0,0,0,0,0,0,0,0,0,0,0,0,0,0,0,0,0,0,0,0,0,0,0,0,0,0,0,0,0,0,0,0,0,0,0,0,0,0,0,0,0,0,0,0,0,0,0,0,0,0,0,0,0,0
Region 13,Region 5,0,0,0,0,0,0,0,0,0,0,0,0,0,0,0,0,0,0,0,0,0,0,0,0,0,0,0,0,0,0,0,0,0,0,0,0,0,0,0,0,0,0,0,0,0,0,0,0,0,0,0,0,0,0,0,0,0,0,0,0,0,0,0,0,0,0,0,0,0,0,0,0,0,0,0,0,0,0,1,0.001,1,0.001,1,0.001,0,0,0,0,0,0,0,0,0,0,0,0,0,0,0,0,0,0,0,0,0,0,0,0,0,0,0,0,0,0,0,0,0,0,0,0,0,0,0,0,0,0,0,0,0,0,0,0,0,0,0,0,1,0.001,0,0,0,0,0,0,0,0,0,0,0,0,0,0,0,0,0,0,0,0,0,0,0,0,0,0,0,0,0,0,0,0,0,0,0,0,0,0,0,0,0,0,0,0,0,0,0,0,0,0,0,0,0,0
Region 13,Region 6,0,0,0,0,0,0,0,0,0,0,0,0,0,0,0,0,0,0,0,0,0,0,1,0.001,0,0,0,0,0,0,0,0,0,0,0,0,0,0,0,0,0,0,0,0,0,0,0,0,0,0,0,0,0,0,0,0,0,0,0,0,0,0,0,0,0,0,0,0,0,0,0,0,0,0,0,0,0,0,0,0,0,0,0,0,0,0,0,0,0,0,0,0,0,0,0,0,0,0,0,0,0,0,0,0,0,0,0,0,0,0,0,0,0,0,0,0,0,0,0,0,0,0,0,0,0,0,0,0,0,0,0,0,0,0,0,0,1,0.001,1,0.001,0,0,0,0,0,0,0,0,0,0,0,0,0,0,0,0,0,0,0,0,0,0,0,0,0,0,0,0,0,0,0,0,0,0,0,0,0,0,0,0,0,0,0,0,0,0,0,0,1,0.001,0,0
Region 13,Region 7,0,0,0,0,0,0,0,0,0,0,0,0,0,0,0,0,0,0,0,0,0,0,0,0,0,0,0,0,0,0,0,0,0,0,0,0,0,0,0,0,0,0,0,0,0,0,0,0,0,0,0,0,0,0,0,0,0,0,0,0,0,0,0,0,0,0,0,0,0,0,1,0.001,1,0.001,0,0,1,0.001,1,0.001,0,0,0,0,0,0,0,0,0,0,0,0,0,0,0,0,0,0,0,0,0,0,0,0,0,0,0,0,0,0,0,0,0,0,0,0,0,0,1,0.001,1,0.001,0,0,0,0,0,0,0,0,0,0,0,0,0,0,0,0,0,0,0,0,0,0,0,0,0,0,0,0,0,0,0,0,0,0,0,0,0,0,0,0,0,0,0,0,0,0,0,0,0,0,0,0,0,0,0,0,0,0,0,0,0,0,0,0,0,0,0,0,0,0
Region 13,Region 8,0,0,0,0,0,0,0,0,0,0,0,0,0,0,0,0,0,0,0,0,0,0,0,0,0,0,0,0,0,0,0,0,0,0,0,0,0,0,0,0,0,0,0,0,0,0,0,0,0,0,0,0,0,0,0,0,0,0,0,0,0,0,0,0,0,0,0,0,0,0,0,0,0,0,0,0,0,0,0,0,0,0,0,0,0,0,0,0,0,0,0,0,0,0,0,0,0,0,0,0,0,0,0,0,0,0,0,0,0,0,0,0,0,0,0,0,0,0,0,0,0,0,0,0,0,0,0,0,0,0,0,0,0,0,0,0,0,0,0,0,0,0,0,0,0,0,0,0,0,0,0,0,0,0,0,0,0,0,0,0,0,0,0,0,0,0,0,0,0,0,0,0,0,0,0,0,0,0,0,0,0,0,0,0,0,0,0,0,0,0,0,0
Region 13,Region 9,0,0,0,0,0,0,0,0,0,0,0,0,0,0,0,0,0,0,0,0,0,0,0,0,0,0,0,0,0,0,0,0,0,0,0,0,0,0,0,0,0,0,0,0,0,0,0,0,0,0,0,0,0,0,0,0,0,0,0,0,0,0,0,0,0,0,0,0,0,0,0,0,0,0,0,0,0,0,0,0,0,0,0,0,0,0,0,0,0,0,0,0,0,0,0,0,0,0,0,0,0,0,0,0,0,0,0,0,0,0,0,0,0,0,0,0,0,0,0,0,0,0,0,0,0,0,0,0,0,0,0,0,0,0,0,0,0,0,0,0,0,0,0,0,0,0,0,0,0,0,0,0,0,0,0,0,0,0,0,0,0,0,0,0,0,0,0,0,0,0,0,0,0,0,0,0,0,0,0,0,0,0,0,0,0,0,0,0,0,0,0,0
Region 13,Region 10,0,0,0,0,0,0,0,0,0,0,0,0,1,0.002,1,0.002,0,0,0,0,0,0,0,0,0,0,0,0,0,0,0,0,0,0,0,0,0,0,0,0,0,0,0,0,0,0,0,0,0,0,0,0,0,0,0,0,0,0,0,0,0,0,0,0,0,0,0,0,0,0,0,0,0,0,0,0,0,0,0,0,0,0,0,0,0,0,0,0,0,0,0,0,0,0,0,0,0,0,0,0,0,0,0,0,0,0,0,0,0,0,2,0.003,1,0.001,0,0,1,0.001,0,0,0,0,0,0,0,0,0,0,0,0,0,0,0,0,0,0,0,0,0,0,0,0,0,0,0,0,0,0,0,0,0,0,0,0,1,0.003,0,0,0,0,0,0,0,0,0,0,0,0,1,0.001,0,0,0,0,0,0,0,0,0,0,0,0,0,0,0,0,0,0,0,0,0,0
Region 13,Region 11,0,0,0,0,0,0,0,0,0,0,0,0,0,0,0,0,0,0,0,0,0,0,0,0,0,0,0,0,0,0,0,0,0,0,0,0,0,0,0,0,0,0,0,0,0,0,0,0,0,0,0,0,0,0,0,0,0,0,0,0,0,0,0,0,0,0,0,0,0,0,0,0,0,0,0,0,0,0,0,0,0,0,0,0,0,0,0,0,0,0,0,0,0,0,0,0,0,0,0,0,0,0,0,0,0,0,0,0,0,0,0,0,0,0,0,0,0,0,0,0,0,0,0,0,0,0,0,0,0,0,0,0,0,0,0,0,0,0,0,0,0,0,0,0,0,0,0,0,0,0,0,0,0,0,0,0,0,0,0,0,0,0,0,0,0,0,0,0,0,0,0,0,0,0,0,0,0,0,0,0,0,0,0,0,0,0,0,0,0,0,0,0
Region 13,Region 12,0,0,0,0,0,0,0,0,0,0,0,0,0,0,0,0,0,0,0,0,0,0,0,0,0,0,0,0,0,0,0,0,0,0,0,0,0,0,0,0,0,0,0,0,0,0,0,0,0,0,0,0,0,0,0,0,0,0,0,0,0,0,0,0,0,0,0,0,0,0,0,0,0,0,0,0,0,0,0,0,0,0,0,0,0,0,0,0,0,0,0,0,0,0,0,0,0,0,0,0,0,0,0,0,0,0,0,0,0,0,0,0,0,0,0,0,0,0,0,0,0,0,0,0,0,0,0,0,0,0,0,0,0,0,0,0,0,0,0,0,0,0,0,0,0,0,0,0,0,0,0,0,0,0,0,0,0,0,0,0,0,0,0,0,0,0,0,0,0,0,0,0,0,0,0,0,0,0,0,0,0,0,0,0,0,0,0,0,0,0,0,0
Region 13,Region 13,3,0.007,2,0.009,1,0.006,0,0,1,0.005,1,0.003,1,0.002,7,0.011,9,0.012,7,0.009,4,0.006,8,0.012,6,0.008,6,0.008,13,0.018,13,0.018,9,0.012,12,0.015,11,0.013,7,0.009,4,0.006,3,0.005,1,0.002,0,0,3,0.007,2,0.009,3,0.022,1,0.009,0,0,1,0.003,4,0.008,9,0.014,14,0.018,10,0.013,9,0.012,11,0.015,9,0.012,7,0.01,16,0.022,9,0.012,13,0.016,9,0.01,4,0.004,4,0.005,3,0.004,7,0.01,4,0.006,2,0.004,3,0.006,2,0.009,0,0,0,0,0,0,3,0.009,3,0.006,8,0.012,6,0.008,6,0.008,6,0.008,10,0.014,7,0.009,10,0.013,13,0.018,8,0.01,18,0.023,16,0.018,12,0.013,12,0.015,3,0.004,5,0.007,0,0,1,0.002,1,0.002,1,0.004,1,0.006,0,0,1,0.005,1,0.003,2,0.004,8,0.012,17,0.021,6,0.008,6,0.008,11,0.015,11,0.014,8,0.011,6,0.008,8,0.01,12,0.014,8,0.009,5,0.005,6,0.007,7,0.009,4,0.005,6,0.008,4,0.007
Region 13,Region 14,0,0,0,0,0,0,0,0,0,0,0,0,0,0,0,0,0,0,0,0,0,0,0,0,0,0,0,0,0,0,0,0,0,0,0,0,0,0,0,0,0,0,0,0,0,0,0,0,0,0,0,0,0,0,0,0,0,0,0,0,0,0,0,0,0,0,0,0,0,0,0,0,0,0,0,0,0,0,0,0,0,0,0,0,0,0,0,0,0,0,0,0,0,0,0,0,0,0,0,0,0,0,0,0,0,0,0,0,0,0,0,0,0,0,0,0,0,0,0,0,0,0,0,0,0,0,0,0,0,0,0,0,0,0,0,0,0,0,0,0,0,0,0,0,0,0,0,0,0,0,0,0,0,0,0,0,0,0,0,0,0,0,0,0,0,0,0,0,0,0,0,0,0,0,0,0,0,0,0,0,0,0,0,0,0,0,0,0,0,0,0,0
Region 13,Region 15,0,0,0,0,0,0,0,0,0,0,0,0,0,0,0,0,0,0,0,0,0,0,0,0,0,0,0,0,0,0,0,0,0,0,0,0,0,0,0,0,0,0,0,0,0,0,0,0,0,0,0,0,0,0,0,0,0,0,0,0,0,0,0,0,0,0,0,0,0,0,0,0,0,0,0,0,0,0,0,0,0,0,0,0,0,0,0,0,0,0,0,0,0,0,0,0,0,0,0,0,0,0,0,0,0,0,0,0,0,0,0,0,0,0,0,0,0,0,0,0,1,0.001,0,0,0,0,0,0,0,0,0,0,0,0,0,0,0,0,0,0,0,0,0,0,0,0,0,0,0,0,0,0,0,0,0,0,0,0,0,0,0,0,0,0,0,0,0,0,0,0,0,0,0,0,0,0,0,0,0,0,0,0,0,0,0,0,0,0,0,0,0,0
Region 13,Region 16,0,0,0,0,0,0,0,0,0,0,0,0,0,0,0,0,0,0,0,0,0,0,0,0,0,0,0,0,0,0,0,0,0,0,0,0,0,0,0,0,0,0,0,0,0,0,0,0,0,0,0,0,0,0,0,0,0,0,0,0,0,0,0,0,0,0,0,0,0,0,0,0,0,0,0,0,0,0,0,0,0,0,0,0,0,0,0,0,0,0,0,0,0,0,0,0,0,0,0,0,0,0,0,0,0,0,0,0,0,0,0,0,0,0,0,0,0,0,0,0,0,0,0,0,0,0,0,0,0,0,0,0,0,0,0,0,0,0,0,0,0,0,0,0,0,0,0,0,0,0,0,0,0,0,0,0,0,0,0,0,0,0,0,0,0,0,0,0,0,0,0,0,0,0,0,0,0,0,0,0,0,0,0,0,0,0,0,0,0,0,0,0
Region 14,Region 0,34,0.081,9,0.038,9,0.055,1,0.006,7,0.034,14,0.042,37,0.075,95,0.152,123,0.169,67,0.09,88,0.125,74,0.107,71,0.1,84,0.115,70,0.096,103,0.141,109,0.147,112,0.138,107,0.124,61,0.081,63,0.09,54,0.082,43,0.078,53,0.125,45,0.104,8,0.035,7,0.051,4,0.035,7,0.041,17,0.053,40,0.08,98,0.15,101,0.131,52,0.067,65,0.09,67,0.094,53,0.072,84,0.115,77,0.106,97,0.129,132,0.164,166,0.188,122,0.133,79,0.099,87,0.115,76,0.105,64,0.098,65,0.127,45,0.097,13,0.056,7,0.049,2,0.016,1,0.006,22,0.069,41,0.082,94,0.139,109,0.138,74,0.095,77,0.107,72,0.1,71,0.093,81,0.108,90,0.122,109,0.141,147,0.186,152,0.173,166,0.18,83,0.101,68,0.09,62,0.083,78,0.116,65,0.127,61,0.122,18,0.071,9,0.056,6,0.046,3,0.016,11,0.034,45,0.089,92,0.138,99,0.125,92,0.118,82,0.113,82,0.111,67,0.088,102,0.134,97,0.127,136,0.17,168,0.2,176,0.194,162,0.172,100,0.114,86,0.104,55,0.068,84,0.118,50,0.087
Region 14,Region 1,56,0.134,34,0.145,22,0.134,17,0.11,15,0.073,43,0.129,65,0.131,109,0.174,118,0.162,99,0.133,78,0.111,62,0.089,71,0.1,91,0.124,75,0.103,81,0.111,83,0.112,104,0.128,115,0.133,78,0.103,70,0.1,71,0.108,65,0.118,56,0.132,62,0.143,34,0.151,20,0.147,14,0.122,17,0.099,40,0.125,73,0.147,122,0.186,133,0.172,133,0.172,95,0.131,92,0.129,74,0.1,74,0.101,61,0.084,74,0.098,127,0.157,99,0.112,118,0.129,88,0.111,71,0.094,84,0.116,69,0.105,75,0.146,62,0.133,29,0.125,23,0.16,7,0.057,19,0.107,28,0.087,70,0.14,93,0.138,159,0.201,124,0.16,96,0.133,86,0.119,89,0.117,108,0.144,61,0.083,83,0.108,108,0.136,115,0.131,106,0.115,96,0.117,74,0.098,83,0.112,78,0.116,68,0.133,77,0.154,35,0.138,16,0.099,13,0.1,17,0.091,28,0.086,66,0.131,95,0.142,168,0.211,129,0.166,104,0.143,79,0.107,86,0.113,80,0.105,77,0.1,95,0.119,90,0.107,98,0.108,103,0.109,94,0.107,85,0.103,88,0.109,75,0.106,79,0.137
Region 14,Region 2,20,0.048,14,0.06,9,0.055,10,0.065,35,0.171,56,0.168,55,0.111,56,0.09,53,0.073,43,0.058,54,0.077,49,0.071,56,0.079,59,0.08,67,0.092,44,0.06,60,0.081,44,0.054,41,0.047,45,0.059,32,0.046,30,0.046,23,0.042,26,0.061,28,0.064,12,0.053,3,0.022,16,0.14,29,0.17,51,0.159,48,0.096,37,0.057,72,0.093,43,0.056,47,0.065,54,0.076,49,0.066,53,0.073,57,0.078,51,0.068,41,0.051,47,0.053,50,0.055,36,0.045,24,0.032,25,0.035,28,0.043,18,0.035,15,0.032,10,0.043,2,0.014,15,0.123,34,0.192,53,0.165,38,0.076,42,0.062,51,0.064,49,0.063,42,0.058,44,0.061,45,0.059,56,0.075,45,0.061,42,0.054,46,0.058,44,0.05,48,0.052,37,0.045,33,0.044,41,0.055,36,0.053,26,0.051,17,0.034,8,0.032,11,0.068,14,0.108,41,0.22,54,0.166,42,0.083,47,0.07,48,0.06,54,0.07,48,0.066,38,0.051,57,0.075,41,0.054,49,0.064,51,0.064,56,0.067,49,0.054,37,0.039,47,0.054,32,0.039,40,0.05,34,0.048,19,0.033
Region 14,Region 3,74,0.177,24,0.102,22,0.134,13,0.084,17,0.083,33,0.099,64,0.129,101,0.162,82,0.113,99,0.133,138,0.197,131,0.189,118,0.166,150,0.205,127,0.174,153,0.21,149,0.201,129,0.159,149,0.173,113,0.149,108,0.154,102,0.156,77,0.139,87,0.205,98,0.226,29,0.128,24,0.176,9,0.079,19,0.111,21,0.066,56,0.112,126,0.193,128,0.165,130,0.168,99,0.137,115,0.161,111,0.15,113,0.155,120,0.165,123,0.163,200,0.248,203,0.23,200,0.218,115,0.145,101,0.134,123,0.17,111,0.17,113,0.221,95,0.204,38,0.164,22,0.153,17,0.14,19,0.107,17,0.053,46,0.092,98,0.145,108,0.136,114,0.147,119,0.165,122,0.169,136,0.179,122,0.163,137,0.186,141,0.183,172,0.217,164,0.187,176,0.191,121,0.147,93,0.123,86,0.116,109,0.162,96,0.187,107,0.214,43,0.17,16,0.099,19,0.147,19,0.102,19,0.058,50,0.099,105,0.157,139,0.175,143,0.184,130,0.179,139,0.188,131,0.172,147,0.193,129,0.168,140,0.175,202,0.241,195,0.215,199,0.211,128,0.146,137,0.166,121,0.151,95,0.134,104,0.181
Region 14,Region 4,11,0.026,9,0.038,2,0.012,3,0.019,3,0.015,5,0.015,19,0.038,30,0.048,34,0.047,34,0.046,18,0.026,22,0.032,12,0.017,19,0.026,26,0.036,21,0.029,7,0.009,9,0.011,29,0.034,26,0.034,22,0.031,27,0.041,24,0.043,23,0.054,15,0.035,11,0.049,2,0.015,4,0.035,2,0.012,5,0.016,10,0.02,22,0.034,22,0.028,29,0.037,30,0.041,10,0.014,18,0.024,19,0.026,17,0.023,19,0.025,23,0.029,27,0.031,15,0.016,19,0.024,13,0.017,22,0.03,20,0.031,16,0.031,15,0.032,9,0.039,9,0.063,0,0,3,0.017,6,0.019,16,0.032,23,0.034,31,0.039,21,0.027,8,0.011,13,0.018,22,0.029,31,0.041,21,0.029,32,0.041,18,0.023,14,0.016,31,0.034,28,0.034,23,0.03,24,0.032,26,0.039,20,0.039,14,0.028,13,0.051,3,0.019,2,0.015,1,0.005,3,0.009,19,0.038,25,0.037,37,0.047,22,0.028,15,0.021,22,0.03,13,0.017,20,0.026,22,0.029,20,0.025,28,0.033,21,0.023,21,0.022,18,0.021,28,0.034,32,0.04,26,0.037,24,0.042
Region 14,Region 5,35,0.084,9,0.038,11,0.067,14,0.091,21,0.102,21,0.063,26,0.052,62,0.099,57,0.078,67,0.09,48,0.068,63,0.091,52,0.073,41,0.056,54,0.074,42,0.058,56,0.075,41,0.051,47,0.054,57,0.075,54,0.077,40,0.061,41,0.074,23,0.054,21,0.048,18,0.08,7,0.051,3,0.026,12,0.07,20,0.063,39,0.078,60,0.092,89,0.115,75,0.097,61,0.084,47,0.066,51,0.069,51,0.07,40,0.055,37,0.049,56,0.069,60,0.068,64,0.07,68,0.086,49,0.065,48,0.066,33,0.05,26,0.051,29,0.062,13,0.056,11,0.076,5,0.041,18,0.102,20,0.062,37,0.074,65,0.096,70,0.088,75,0.097,51,0.071,53,0.073,58,0.076,51,0.068,45,0.061,52,0.067,48,0.061,51,0.058,58,0.063,49,0.059,39,0.051,55,0.074,45,0.067,39,0.076,27,0.054,14,0.055,13,0.081,6,0.046,18,0.097,20,0.061,38,0.075,56,0.084,63,0.079,64,0.082,54,0.074,59,0.08,47,0.062,45,0.059,60,0.078,46,0.058,57,0.068,46,0.051,35,0.037,49,0.056,45,0.055,68,0.085,48,0.068,28,0.049
Region 14,Region 6,8,0.019,3,0.013,5,0.03,1,0.006,0,0,4,0.012,4,0.008,5,0.008,11,0.015,13,0.017,6,0.009,3,0.004,10,0.014,5,0.007,8,0.011,7,0.01,8,0.011,15,0.019,1,0.001,7,0.009,11,0.016,8,0.012,10,0.018,12,0.028,10,0.023,4,0.018,2,0.015,3,0.026,0,0,3,0.009,2,0.004,7,0.011,5,0.006,7,0.009,7,0.01,8,0.011,1,0.001,5,0.007,4,0.006,7,0.009,12,0.015,12,0.014,11,0.012,6,0.008,11,0.015,12,0.017,13,0.02,19,0.037,8,0.017,4,0.017,0,0,2,0.016,1,0.006,5,0.016,8,0.016,8,0.012,7,0.009,5,0.006,5,0.007,5,0.007,3,0.004,10,0.013,2,0.003,6,0.008,13,0.016,8,0.009,14,0.015,6,0.007,13,0.017,18,0.024,13,0.019,6,0.012,10,0.02,7,0.028,2,0.012,2,0.015,2,0.011,3,0.009,6,0.012,9,0.013,4,0.005,6,0.008,4,0.006,6,0.008,8,0.011,8,0.011,9,0.012,14,0.018,15,0.018,11,0.012,6,0.006,7,0.008,9,0.011,14,0.017,9,0.013,10,0.017
Region 14,Region 7,12,0.029,6,0.026,7,0.043,6,0.039,12,0.059,11,0.033,20,0.04,36,0.058,40,0.055,52,0.07,29,0.041,34,0.049,36,0.051,31,0.042,30,0.041,35,0.048,31,0.042,34,0.042,45,0.052,34,0.045,28,0.04,24,0.037,37,0.067,21,0.05,16,0.037,11,0.049,3,0.022,2,0.017,6,0.035,13,0.041,15,0.03,33,0.05,33,0.043,48,0.062,48,0.066,38,0.053,27,0.037,27,0.037,34,0.047,44,0.058,32,0.04,39,0.044,33,0.036,32,0.04,30,0.04,26,0.036,26,0.04,17,0.033,11,0.024,4,0.017,2,0.014,4,0.033,9,0.051,18,0.056,24,0.048,36,0.053,36,0.045,38,0.049,39,0.054,34,0.047,29,0.038,23,0.031,25,0.034,29,0.038,19,0.024,31,0.035,27,0.029,38,0.046,32,0.042,28,0.038,26,0.039,19,0.037,13,0.026,11,0.043,4,0.025,4,0.031,9,0.048,9,0.028,23,0.046,42,0.063,34,0.043,39,0.05,30,0.041,37,0.05,38,0.05,37,0.049,28,0.037,34,0.043,35,0.042,24,0.027,29,0.031,40,0.046,31,0.038,29,0.036,23,0.032,30,0.052
Region 14,Region 8,4,0.01,2,0.009,1,0.006,2,0.013,0,0,1,0.003,4,0.008,9,0.014,6,0.008,14,0.019,10,0.014,16,0.023,9,0.013,6,0.008,9,0.012,16,0.022,8,0.011,6,0.007,10,0.012,4,0.005,11,0.016,6,0.009,2,0.004,3,0.007,4,0.009,1,0.004,0,0,0,0,2,0.012,0,0,10,0.02,11,0.017,10,0.013,15,0.019,10,0.014,12,0.017,12,0.016,6,0.008,8,0.011,13,0.017,15,0.019,21,0.024,19,0.021,16,0.02,8,0.011,10,0.014,8,0.012,7,0.014,5,0.011,0,0,0,0,0,0,0,0,0,0,6,0.012,24,0.036,18,0.023,16,0.021,11,0.015,14,0.019,6,0.008,8,0.011,11,0.015,7,0.009,9,0.011,4,0.005,16,0.017,11,0.013,19,0.025,13,0.017,5,0.007,7,0.014,2,0.004,7,0.028,0,0,0,0,0,0,1,0.003,3,0.006,12,0.018,11,0.014,14,0.018,11,0.015,7,0.009,5,0.007,9,0.012,6,0.008,6,0.008,6,0.007,6,0.007,6,0.006,2,0.002,7,0.009,6,0.007,6,0.008,5,0.009
Region 14,Region 9,32,0.077,13,0.055,12,0.073,8,0.052,9,0.044,6,0.018,26,0.052,24,0.038,31,0.043,32,0.043,27,0.038,42,0.061,45,0.063,30,0.041,44,0.06,61,0.084,55,0.074,50,0.062,55,0.064,37,0.049,56,0.08,36,0.055,27,0.049,30,0.071,35,0.081,22,0.097,9,0.066,5,0.044,1,0.006,16,0.05,20,0.04,33,0.05,50,0.065,38,0.049,18,0.025,45,0.063,37,0.05,35,0.048,58,0.08,52,0.069,60,0.074,71,0.08,69,0.075,45,0.057,38,0.05,37,0.051,33,0.05,37,0.072,36,0.077,17,0.073,5,0.035,3,0.025,0,0,11,0.034,18,0.036,35,0.052,46,0.058,33,0.043,40,0.056,35,0.048,44,0.058,47,0.063,43,0.058,50,0.065,54,0.068,76,0.087,74,0.08,60,0.073,38,0.05,47,0.063,30,0.045,32,0.062,22,0.044,20,0.079,21,0.13,12,0.093,6,0.032,13,0.04,18,0.036,32,0.048,34,0.043,42,0.054,44,0.061,46,0.062,38,0.05,48,0.063,58,0.076,62,0.078,50,0.06,51,0.056,61,0.065,74,0.084,45,0.055,46,0.057,38,0.054,34,0.059
Region 14,Region 10,10,0.024,6,0.026,0,0,2,0.013,3,0.015,5,0.015,23,0.046,28,0.045,56,0.077,55,0.074,18,0.026,13,0.019,30,0.042,13,0.018,17,0.023,12,0.016,21,0.028,18,0.022,24,0.028,25,0.033,16,0.023,11,0.017,11,0.02,9,0.021,10,0.023,7,0.031,1,0.007,4,0.035,1,0.006,6,0.019,17,0.034,37,0.057,50,0.065,42,0.054,19,0.026,32,0.045,12,0.016,22,0.03,16,0.022,21,0.028,31,0.038,21,0.024,22,0.024,26,0.033,26,0.034,20,0.028,13,0.02,9,0.018,6,0.013,8,0.035,0,0,0,0,2,0.011,2,0.006,18,0.036,37,0.055,44,0.056,37,0.048,21,0.029,17,0.024,25,0.033,23,0.031,26,0.035,23,0.03,23,0.029,21,0.024,27,0.029,20,0.024,24,0.032,20,0.027,12,0.018,13,0.025,16,0.032,11,0.043,8,0.05,1,0.008,2,0.011,3,0.009,18,0.036,28,0.042,40,0.05,33,0.042,33,0.045,20,0.027,17,0.022,14,0.018,18,0.023,22,0.028,23,0.027,8,0.009,24,0.025,16,0.018,27,0.033,8,0.01,15,0.021,8,0.014
Region 14,Region 11,48,0.115,20,0.085,20,0.121,10,0.065,12,0.059,30,0.09,55,0.111,104,0.166,166,0.228,189,0.254,138,0.197,155,0.223,162,0.228,153,0.209,152,0.208,142,0.195,125,0.168,127,0.157,173,0.2,145,0.192,109,0.156,93,0.142,90,0.163,68,0.16,50,0.115,34,0.151,27,0.198,14,0.122,11,0.064,18,0.056,53,0.106,108,0.165,151,0.195,159,0.205,145,0.2,137,0.192,154,0.209,132,0.181,126,0.173,130,0.172,132,0.164,142,0.161,175,0.191,143,0.18,114,0.151,91,0.126,84,0.128,61,0.119,36,0.077,27,0.117,17,0.118,8,0.066,15,0.085,25,0.078,41,0.082,109,0.162,155,0.196,168,0.217,151,0.21,134,0.186,157,0.206,154,0.206,142,0.193,130,0.168,141,0.178,131,0.149,164,0.178,124,0.151,108,0.142,112,0.151,76,0.113,73,0.142,42,0.084,30,0.118,19,0.118,7,0.054,10,0.054,23,0.071,47,0.093,102,0.153,181,0.228,161,0.207,148,0.204,157,0.213,161,0.212,146,0.192,165,0.215,143,0.179,140,0.167,136,0.15,180,0.191,146,0.167,99,0.12,89,0.111,94,0.133,54,0.094
Region 14,Region 12,45,0.108,27,0.115,17,0.103,14,0.091,12,0.059,12,0.036,25,0.05,40,0.064,68,0.093,82,0.11,78,0.111,75,0.108,114,0.161,96,0.131,90,0.123,103,0.141,148,0.199,155,0.191,141,0.163,107,0.141,120,0.171,85,0.13,65,0.118,53,0.125,50,0.115,27,0.12,16,0.117,15,0.131,8,0.047,7,0.022,21,0.042,50,0.076,86,0.111,82,0.106,64,0.088,111,0.156,99,0.134,112,0.153,99,0.136,125,0.166,147,0.182,148,0.168,173,0.189,106,0.133,109,0.144,94,0.13,71,0.108,59,0.115,65,0.139,23,0.099,24,0.167,18,0.148,10,0.056,7,0.022,23,0.046,51,0.076,90,0.114,91,0.117,80,0.111,86,0.119,127,0.167,108,0.144,90,0.122,117,0.152,141,0.178,172,0.196,157,0.17,118,0.143,123,0.162,134,0.18,86,0.128,65,0.127,53,0.106,27,0.107,27,0.168,15,0.116,9,0.048,11,0.034,24,0.048,40,0.06,91,0.114,80,0.103,88,0.121,100,0.135,111,0.146,120,0.158,133,0.174,128,0.16,187,0.223,214,0.236,170,0.18,152,0.173,121,0.147,100,0.124,87,0.123,64,0.111
Region 14,Region 13,0,0,0,0,0,0,0,0,0,0,0,0,0,0,0,0,0,0,0,0,0,0,0,0,0,0,0,0,0,0,0,0,0,0,0,0,0,0,0,0,0,0,0,0,0,0,0,0,0,0,0,0,0,0,0,0,0,0,0,0,0,0,0,0,0,0,0,0,0,0,0,0,0,0,0,0,0,0,0,0,0,0,0,0,0,0,0,0,0,0,0,0,0,0,0,0,0,0,0,0,0,0,0,0,0,0,0,0,0,0,0,0,0,0,0,0,0,0,0,0,0,0,0,0,0,0,0,0,0,0,0,0,0,0,0,0,0,0,0,0,0,0,0,0,0,0,0,0,0,0,0,0,0,0,0,0,0,0,0,0,0,0,0,0,0,0,0,0,0,0,0,0,0,0,0,0,0,0,0,0,0,0,0,0,0,0,0,0,0,0,0,0
Region 14,Region 14,182,0.436,71,0.303,46,0.279,51,0.331,49,0.239,81,0.243,110,0.222,206,0.33,356,0.489,371,0.499,394,0.562,490,0.706,516,0.727,461,0.629,435,0.596,417,0.571,450,0.606,466,0.575,547,0.633,489,0.646,533,0.761,392,0.598,298,0.539,190,0.448,193,0.444,101,0.447,58,0.425,42,0.367,28,0.164,56,0.175,120,0.241,230,0.352,370,0.478,337,0.435,389,0.537,460,0.645,517,0.7,476,0.652,432,0.594,410,0.544,416,0.516,491,0.556,541,0.59,524,0.66,475,0.628,360,0.498,304,0.464,188,0.367,190,0.408,101,0.437,69,0.48,43,0.353,36,0.203,53,0.165,108,0.215,225,0.334,346,0.437,384,0.495,373,0.518,441,0.611,508,0.668,499,0.667,420,0.57,464,0.601,444,0.561,528,0.602,593,0.643,515,0.625,452,0.596,398,0.535,335,0.497,244,0.476,184,0.367,91,0.359,76,0.472,29,0.224,34,0.183,56,0.172,127,0.252,222,0.332,366,0.461,386,0.497,367,0.506,434,0.588,501,0.658,518,0.681,414,0.54,452,0.566,452,0.539,542,0.599,609,0.645,577,0.658,461,0.56,392,0.488,290,0.409,254,0.442
Region 14,Region 15,60,0.144,27,0.115,19,0.115,13,0.084,15,0.073,16,0.048,31,0.062,52,0.083,77,0.106,80,0.108,76,0.108,72,0.104,94,0.132,105,0.143,119,0.163,99,0.136,113,0.152,126,0.155,147,0.17,105,0.139,102,0.146,96,0.147,91,0.165,73,0.172,48,0.11,37,0.164,17,0.125,15,0.131,12,0.07,13,0.041,30,0.06,66,0.101,84,0.109,71,0.092,78,0.108,82,0.115,108,0.146,87,0.119,96,0.132,120,0.159,119,0.148,114,0.129,118,0.129,104,0.131,120,0.159,92,0.127,86,0.131,57,0.111,50,0.107,39,0.169,15,0.104,12,0.098,9,0.051,14,0.044,27,0.054,65,0.096,58,0.073,83,0.107,65,0.09,80,0.111,101,0.133,99,0.132,110,0.149,97,0.126,113,0.143,110,0.125,87,0.094,123,0.149,107,0.141,102,0.137,82,0.122,74,0.144,54,0.108,30,0.118,26,0.162,12,0.093,13,0.07,16,0.049,36,0.071,65,0.097,93,0.117,68,0.088,76,0.105,90,0.122,92,0.121,102,0.134,110,0.144,106,0.133,125,0.149,127,0.14,146,0.155,116,0.132,132,0.16,109,0.136,82,0.116,60,0.104
Region 14,Region 16,50,0.12,21,0.09,22,0.134,23,0.149,24,0.117,31,0.093,44,0.089,82,0.131,137,0.188,208,0.28,144,0.205,149,0.215,148,0.208,156,0.213,166,0.228,137,0.188,167,0.225,175,0.216,213,0.247,183,0.242,167,0.238,137,0.209,123,0.222,78,0.184,76,0.175,29,0.128,21,0.154,21,0.183,20,0.117,30,0.094,48,0.096,94,0.144,159,0.206,161,0.208,138,0.191,132,0.185,186,0.252,149,0.204,143,0.197,163,0.216,180,0.223,188,0.213,202,0.22,209,0.263,155,0.205,156,0.216,126,0.192,79,0.154,83,0.178,34,0.147,15,0.104,13,0.107,19,0.107,22,0.069,48,0.096,79,0.117,168,0.212,188,0.242,149,0.207,144,0.2,144,0.189,122,0.163,159,0.216,181,0.235,144,0.182,179,0.204,238,0.258,187,0.227,173,0.228,162,0.218,145,0.215,111,0.216,62,0.124,24,0.095,17,0.106,13,0.1,17,0.091,32,0.098,52,0.103,109,0.163,158,0.199,133,0.171,139,0.192,163,0.221,173,0.227,185,0.243,159,0.207,154,0.193,168,0.2,198,0.219,223,0.236,193,0.22,174,0.211,146,0.182,124,0.175,101,0.176
Region 15,Region 0,61,0.146,15,0.064,11,0.067,11,0.071,15,0.073,35,0.105,54,0.109,108,0.173,96,0.132,73,0.098,84,0.12,89,0.128,64,0.09,97,0.132,82,0.112,101,0.138,85,0.114,115,0.142,89,0.103,90,0.119,93,0.133,73,0.111,81,0.146,74,0.174,66,0.152,20,0.089,11,0.081,7,0.061,17,0.099,27,0.084,77,0.155,111,0.17,94,0.122,83,0.107,76,0.105,93,0.13,104,0.141,102,0.14,108,0.149,107,0.142,101,0.125,122,0.138,144,0.157,116,0.146,72,0.095,80,0.111,92,0.141,91,0.178,65,0.139,34,0.147,9,0.063,15,0.123,19,0.107,27,0.084,78,0.155,115,0.171,101,0.128,72,0.093,63,0.087,59,0.082,84,0.11,90,0.12,97,0.132,111,0.144,98,0.124,123,0.14,118,0.128,110,0.134,85,0.112,106,0.142,76,0.113,100,0.195,89,0.178,50,0.197,20,0.124,13,0.1,23,0.124,45,0.138,68,0.135,122,0.183,115,0.145,89,0.115,81,0.112,68,0.092,63,0.083,87,0.114,76,0.099,88,0.11,82,0.098,65,0.072,108,0.114,91,0.104,73,0.089,74,0.092,109,0.154,103,0.179
Region 15,Region 1,276,0.661,167,0.712,102,0.619,109,0.708,185,0.903,329,0.987,428,0.862,363,0.581,379,0.52,430,0.579,375,0.534,257,0.37,231,0.325,264,0.36,281,0.385,325,0.445,312,0.42,409,0.505,406,0.47,373,0.493,287,0.41,324,0.495,310,0.561,220,0.519,303,0.697,201,0.89,115,0.843,92,0.804,160,0.936,353,1.104,485,0.973,504,0.77,467,0.604,378,0.488,383,0.529,285,0.4,256,0.347,266,0.364,283,0.389,295,0.391,296,0.367,363,0.411,375,0.409,358,0.451,319,0.422,353,0.488,340,0.519,285,0.557,320,0.686,188,0.813,114,0.793,87,0.714,174,0.981,336,1.047,480,0.957,512,0.76,465,0.587,324,0.418,343,0.476,339,0.47,330,0.434,329,0.44,266,0.361,287,0.372,319,0.403,354,0.404,375,0.406,348,0.423,367,0.484,351,0.472,392,0.582,308,0.6,286,0.571,165,0.652,119,0.739,97,0.749,171,0.918,331,1.015,494,0.978,430,0.644,456,0.574,442,0.569,411,0.567,330,0.447,302,0.397,340,0.447,342,0.446,336,0.42,319,0.38,376,0.415,398,0.422,362,0.413,346,0.42,359,0.447,354,0.499,298,0.518
Region 15,Region 2,264,0.633,152,0.648,100,0.607,109,0.708,161,0.786,251,0.753,418,0.842,439,0.703,486,0.667,575,0.774,543,0.774,518,0.747,441,0.621,457,0.623,478,0.655,498,0.682,573,0.771,533,0.658,507,0.587,425,0.561,308,0.44,293,0.447,274,0.496,243,0.573,231,0.532,96,0.425,90,0.66,97,0.847,176,1.029,300,0.938,361,0.725,335,0.512,564,0.729,472,0.609,428,0.591,470,0.659,465,0.63,501,0.686,536,0.737,562,0.745,625,0.775,555,0.628,523,0.571,430,0.541,426,0.564,360,0.498,287,0.438,284,0.555,243,0.521,110,0.476,90,0.626,85,0.698,187,1.055,287,0.894,396,0.789,403,0.598,544,0.687,446,0.575,488,0.677,471,0.653,464,0.61,547,0.731,449,0.609,534,0.692,568,0.718,562,0.641,507,0.549,474,0.576,364,0.48,351,0.472,347,0.515,289,0.563,225,0.449,127,0.501,80,0.497,97,0.749,163,0.875,279,0.856,400,0.792,441,0.66,501,0.63,531,0.684,484,0.667,482,0.653,520,0.683,477,0.627,466,0.608,543,0.68,536,0.639,640,0.707,556,0.589,467,0.533,374,0.454,370,0.46,331,0.467,298,0.518
Region 15,Region 3,100,0.24,47,0.2,30,0.182,28,0.182,31,0.151,47,0.141,88,0.177,125,0.2,205,0.281,189,0.254,182,0.259,125,0.18,85,0.12,127,0.173,146,0.2,140,0.192,159,0.214,176,0.217,130,0.151,164,0.217,162,0.231,130,0.198,136,0.246,107,0.252,133,0.306,56,0.248,23,0.169,24,0.21,26,0.152,47,0.147,84,0.169,151,0.231,177,0.229,187,0.241,187,0.258,195,0.274,187,0.253,144,0.197,155,0.213,141,0.187,175,0.217,149,0.169,141,0.154,159,0.2,174,0.23,138,0.191,136,0.208,125,0.244,115,0.247,50,0.216,23,0.16,16,0.131,28,0.158,51,0.159,73,0.146,144,0.214,177,0.224,204,0.263,164,0.228,171,0.237,143,0.188,175,0.234,209,0.284,200,0.259,171,0.216,174,0.198,149,0.161,158,0.192,153,0.202,129,0.173,157,0.233,105,0.205,118,0.236,53,0.209,35,0.217,39,0.301,25,0.134,64,0.196,100,0.198,149,0.223,160,0.201,174,0.224,186,0.256,229,0.31,214,0.281,201,0.264,209,0.273,173,0.217,134,0.16,124,0.137,115,0.122,94,0.107,114,0.138,109,0.136,133,0.188,126,0.219
Region 15,Region 4,121,0.29,79,0.337,52,0.316,42,0.273,72,0.351,232,0.696,234,0.471,176,0.282,200,0.275,255,0.343,188,0.268,145,0.209,163,0.23,184,0.251,214,0.293,163,0.223,168,0.226,181,0.223,166,0.192,152,0.201,189,0.27,210,0.321,174,0.315,128,0.302,171,0.394,82,0.363,45,0.33,38,0.332,90,0.526,214,0.669,320,0.642,316,0.483,315,0.407,217,0.28,180,0.249,132,0.185,162,0.219,188,0.258,199,0.274,175,0.232,192,0.238,216,0.245,252,0.275,201,0.253,108,0.143,139,0.192,237,0.362,206,0.402,177,0.38,94,0.406,62,0.431,37,0.304,73,0.412,245,0.763,323,0.644,351,0.521,339,0.428,219,0.282,147,0.204,157,0.218,198,0.26,184,0.246,118,0.16,165,0.214,179,0.226,132,0.15,199,0.216,225,0.273,209,0.276,237,0.319,221,0.328,113,0.22,151,0.302,109,0.43,55,0.342,45,0.347,79,0.424,207,0.635,281,0.557,305,0.457,260,0.327,221,0.285,141,0.194,109,0.148,189,0.248,229,0.301,268,0.35,251,0.314,222,0.265,216,0.239,214,0.227,212,0.242,202,0.245,182,0.226,156,0.22,131,0.228
Region 15,Region 5,25,0.06,11,0.047,13,0.079,15,0.097,19,0.093,29,0.087,30,0.06,29,0.046,22,0.03,27,0.036,29,0.041,42,0.061,29,0.041,23,0.031,29,0.04,27,0.037,28,0.038,34,0.042,38,0.044,40,0.053,27,0.039,30,0.046,20,0.036,27,0.064,26,0.06,9,0.04,8,0.059,9,0.079,10,0.058,21,0.066,30,0.06,31,0.047,33,0.043,36,0.046,23,0.032,27,0.038,36,0.049,23,0.032,32,0.044,29,0.038,21,0.026,31,0.035,35,0.038,39,0.049,23,0.03,34,0.047,31,0.047,28,0.055,21,0.045,8,0.035,2,0.014,11,0.09,12,0.068,18,0.056,40,0.08,36,0.053,44,0.056,39,0.05,32,0.044,24,0.033,22,0.029,23,0.031,28,0.038,29,0.038,33,0.042,31,0.035,38,0.041,35,0.042,33,0.044,39,0.052,31,0.046,25,0.049,20,0.04,15,0.059,10,0.062,13,0.1,20,0.107,16,0.049,24,0.048,31,0.046,43,0.054,39,0.05,42,0.058,45,0.061,37,0.049,45,0.059,41,0.053,37,0.046,39,0.046,36,0.04,46,0.049,50,0.057,33,0.04,20,0.025,23,0.032,26,0.045
Region 15,Region 6,79,0.189,48,0.205,34,0.206,18,0.117,54,0.263,115,0.345,115,0.232,92,0.147,123,0.169,134,0.18,121,0.172,63,0.091,71,0.1,88,0.12,126,0.173,156,0.214,151,0.203,148,0.183,102,0.118,94,0.124,75,0.107,77,0.118,100,0.181,93,0.219,96,0.221,53,0.235,26,0.191,19,0.166,40,0.234,103,0.322,177,0.355,149,0.228,129,0.167,95,0.123,103,0.142,89,0.125,88,0.119,90,0.123,115,0.158,148,0.196,129,0.16,120,0.136,133,0.145,116,0.146,114,0.151,116,0.16,114,0.174,89,0.174,74,0.159,37,0.16,30,0.209,17,0.14,43,0.243,96,0.299,167,0.333,160,0.237,142,0.179,86,0.111,106,0.147,114,0.158,99,0.13,79,0.106,65,0.088,111,0.144,123,0.155,92,0.105,122,0.132,125,0.152,107,0.141,107,0.144,97,0.144,59,0.115,73,0.146,51,0.201,30,0.186,29,0.224,35,0.188,109,0.334,159,0.315,128,0.192,123,0.155,104,0.134,96,0.132,95,0.129,119,0.156,102,0.134,143,0.187,146,0.183,137,0.163,145,0.16,114,0.121,129,0.147,127,0.154,120,0.149,128,0.18,99,0.172
Region 15,Region 7,75,0.18,54,0.23,39,0.237,41,0.266,68,0.332,147,0.441,165,0.332,148,0.237,157,0.216,196,0.264,170,0.242,138,0.199,114,0.161,145,0.198,155,0.213,135,0.185,144,0.194,154,0.19,152,0.176,147,0.194,126,0.18,129,0.197,136,0.246,102,0.241,86,0.198,38,0.168,33,0.242,23,0.201,56,0.327,131,0.41,212,0.426,233,0.356,233,0.301,216,0.279,180,0.249,134,0.188,166,0.225,149,0.204,136,0.187,120,0.159,95,0.118,149,0.169,128,0.14,119,0.15,125,0.165,126,0.174,135,0.206,105,0.205,84,0.18,49,0.212,22,0.153,30,0.246,54,0.305,136,0.424,199,0.397,220,0.326,247,0.312,190,0.245,147,0.204,153,0.212,140,0.184,128,0.171,96,0.13,114,0.148,129,0.163,109,0.124,153,0.166,146,0.177,128,0.169,165,0.222,151,0.224,84,0.164,81,0.162,61,0.241,41,0.255,38,0.293,73,0.392,123,0.377,195,0.386,175,0.262,198,0.249,224,0.288,165,0.227,160,0.217,194,0.255,196,0.258,208,0.271,193,0.242,161,0.192,185,0.204,188,0.199,178,0.203,154,0.187,148,0.184,134,0.189,118,0.205
Region 15,Region 8,2,0.005,4,0.017,3,0.018,0,0,3,0.015,5,0.015,9,0.018,5,0.008,5,0.007,6,0.008,3,0.004,4,0.006,3,0.004,6,0.008,8,0.011,12,0.016,6,0.008,6,0.007,8,0.009,8,0.011,6,0.009,2,0.003,4,0.007,0,0,3,0.007,2,0.009,0,0,1,0.009,4,0.023,8,0.025,6,0.012,9,0.014,12,0.016,10,0.013,3,0.004,5,0.007,7,0.009,9,0.012,4,0.006,9,0.012,7,0.009,3,0.003,1,0.001,7,0.009,7,0.009,1,0.001,6,0.009,3,0.006,3,0.006,0,0,0,0,1,0.008,5,0.028,6,0.019,5,0.01,7,0.01,5,0.006,9,0.012,9,0.012,7,0.01,2,0.003,4,0.005,9,0.012,3,0.004,5,0.006,14,0.016,12,0.013,9,0.011,7,0.009,7,0.009,5,0.007,5,0.01,9,0.018,1,0.004,1,0.006,0,0,5,0.027,5,0.015,5,0.01,9,0.013,2,0.003,9,0.012,7,0.01,7,0.009,5,0.007,9,0.012,4,0.005,9,0.011,9,0.011,11,0.012,4,0.004,13,0.015,8,0.01,12,0.015,7,0.01,9,0.016
Region 15,Region 9,86,0.206,43,0.183,32,0.194,18,0.117,21,0.102,31,0.093,54,0.109,76,0.122,86,0.118,102,0.137,86,0.123,67,0.097,73,0.103,83,0.113,77,0.106,72,0.099,78,0.105,82,0.101,94,0.109,96,0.127,90,0.128,74,0.113,95,0.172,82,0.193,94,0.216,43,0.19,32,0.235,15,0.131,17,0.099,30,0.094,40,0.08,71,0.109,80,0.103,89,0.115,68,0.094,89,0.125,79,0.107,70,0.096,81,0.111,90,0.119,92,0.114,101,0.114,120,0.131,111,0.14,96,0.127,99,0.137,89,0.136,114,0.223,90,0.193,40,0.173,28,0.195,20,0.164,25,0.141,30,0.093,39,0.078,88,0.131,81,0.102,83,0.107,82,0.114,67,0.093,79,0.104,74,0.099,86,0.117,77,0.1,83,0.105,90,0.103,81,0.088,103,0.125,83,0.109,64,0.086,82,0.122,94,0.183,71,0.142,46,0.182,44,0.273,23,0.178,19,0.102,31,0.095,54,0.107,84,0.126,105,0.132,92,0.118,82,0.113,81,0.11,80,0.105,94,0.124,91,0.119,60,0.075,68,0.081,90,0.099,96,0.102,81,0.092,76,0.092,100,0.124,128,0.18,109,0.19
Region 15,Region 10,38,0.091,17,0.072,18,0.109,12,0.078,22,0.107,71,0.213,84,0.169,66,0.106,83,0.114,103,0.139,86,0.123,63,0.091,62,0.087,60,0.082,73,0.1,84,0.115,110,0.148,108,0.133,57,0.066,67,0.088,55,0.079,66,0.101,56,0.101,49,0.116,43,0.099,17,0.075,12,0.088,9,0.079,29,0.17,81,0.253,108,0.217,100,0.153,104,0.134,97,0.125,86,0.119,69,0.097,80,0.108,68,0.093,59,0.081,84,0.111,76,0.094,75,0.085,83,0.091,85,0.107,91,0.12,76,0.105,65,0.099,55,0.107,40,0.086,19,0.082,12,0.083,14,0.115,12,0.068,57,0.178,84,0.167,108,0.16,113,0.143,80,0.103,74,0.103,62,0.086,74,0.097,60,0.08,49,0.067,66,0.086,74,0.093,54,0.062,95,0.103,96,0.117,93,0.123,97,0.13,62,0.092,37,0.072,56,0.112,27,0.107,14,0.087,12,0.093,24,0.129,74,0.227,102,0.202,99,0.148,113,0.142,99,0.127,94,0.13,69,0.093,81,0.106,81,0.106,87,0.114,101,0.126,107,0.128,106,0.117,92,0.097,98,0.112,72,0.087,84,0.104,76,0.107,51,0.089
Region 15,Region 11,160,0.383,95,0.405,66,0.401,42,0.273,79,0.385,181,0.543,340,0.685,456,0.73,509,0.699,578,0.778,488,0.696,467,0.673,440,0.62,394,0.537,411,0.563,407,0.558,421,0.567,436,0.538,511,0.592,396,0.523,326,0.465,239,0.365,229,0.414,174,0.41,168,0.387,78,0.345,43,0.315,37,0.323,81,0.474,176,0.55,357,0.717,448,0.685,541,0.699,524,0.676,490,0.677,461,0.647,466,0.631,442,0.606,460,0.633,459,0.608,460,0.57,439,0.497,515,0.562,439,0.553,378,0.5,299,0.413,244,0.373,191,0.373,170,0.365,75,0.324,42,0.292,34,0.279,84,0.474,194,0.604,375,0.747,445,0.66,549,0.694,526,0.678,472,0.655,408,0.565,428,0.563,440,0.588,428,0.581,441,0.571,438,0.553,522,0.595,521,0.565,454,0.551,337,0.444,297,0.399,259,0.385,154,0.3,144,0.288,82,0.324,55,0.342,32,0.247,55,0.295,148,0.454,325,0.644,472,0.707,533,0.671,513,0.66,497,0.685,469,0.635,452,0.594,481,0.632,466,0.608,456,0.571,437,0.521,552,0.61,622,0.659,432,0.493,325,0.395,335,0.417,264,0.372,189,0.329
Region 15,Region 12,115,0.276,55,0.235,32,0.194,35,0.227,31,0.151,41,0.123,72,0.145,149,0.238,206,0.283,244,0.328,234,0.334,242,0.349,245,0.345,258,0.352,263,0.361,280,0.384,358,0.482,338,0.417,320,0.371,216,0.285,221,0.316,182,0.278,137,0.248,135,0.318,123,0.283,67,0.297,34,0.249,31,0.271,22,0.129,59,0.184,94,0.189,162,0.248,228,0.295,240,0.31,233,0.322,212,0.297,244,0.331,252,0.345,255,0.351,285,0.378,382,0.474,348,0.394,352,0.384,270,0.34,240,0.318,212,0.293,193,0.295,140,0.273,132,0.283,62,0.268,39,0.271,26,0.213,21,0.118,42,0.131,100,0.199,162,0.24,212,0.268,226,0.291,190,0.264,207,0.287,230,0.302,257,0.343,270,0.366,307,0.398,321,0.406,364,0.415,369,0.4,272,0.33,241,0.318,188,0.253,166,0.246,151,0.294,135,0.27,66,0.261,55,0.342,36,0.278,30,0.161,43,0.132,67,0.133,172,0.258,250,0.315,241,0.31,245,0.338,262,0.355,288,0.378,291,0.382,344,0.449,313,0.392,414,0.494,425,0.469,408,0.432,328,0.374,295,0.358,228,0.284,145,0.204,159,0.277
Region 15,Region 13,0,0,0,0,0,0,0,0,0,0,0,0,0,0,0,0,0,0,0,0,0,0,0,0,0,0,0,0,0,0,0,0,0,0,0,0,0,0,0,0,0,0,0,0,0,0,0,0,0,0,0,0,0,0,0,0,0,0,0,0,0,0,0,0,0,0,0,0,0,0,0,0,0,0,0,0,0,0,0,0,0,0,0,0,0,0,0,0,0,0,0,0,0,0,0,0,0,0,0,0,0,0,0,0,0,0,0,0,0,0,0,0,0,0,0,0,0,0,0,0,0,0,0,0,0,0,0,0,0,0,0,0,0,0,0,0,0,0,0,0,0,0,0,0,0,0,0,0,0,0,0,0,0,0,0,0,0,0,0,0,0,0,0,0,0,0,0,0,0,0,0,0,0,0,0,0,0,0,0,0,0,0,0,0,0,0,0,0,0,0,0,0
Region 15,Region 14,54,0.129,26,0.111,27,0.164,24,0.156,21,0.102,29,0.087,64,0.129,91,0.146,132,0.181,140,0.188,140,0.2,121,0.174,129,0.182,117,0.16,154,0.211,127,0.174,140,0.188,167,0.206,180,0.208,133,0.176,111,0.158,75,0.114,66,0.119,53,0.125,61,0.14,30,0.133,20,0.147,14,0.122,15,0.088,36,0.113,67,0.134,122,0.186,139,0.18,128,0.165,118,0.163,136,0.191,139,0.188,132,0.181,147,0.202,149,0.198,160,0.198,174,0.197,150,0.164,138,0.174,117,0.155,99,0.137,80,0.122,78,0.152,64,0.137,31,0.134,16,0.111,18,0.148,22,0.124,29,0.09,52,0.104,97,0.144,166,0.21,120,0.155,115,0.16,116,0.161,136,0.179,133,0.178,146,0.198,170,0.22,146,0.184,185,0.211,176,0.191,148,0.18,115,0.152,108,0.145,88,0.131,75,0.146,48,0.096,27,0.107,23,0.143,14,0.108,24,0.129,39,0.12,62,0.123,120,0.18,148,0.186,150,0.193,154,0.212,121,0.164,141,0.185,124,0.163,144,0.188,179,0.224,179,0.213,211,0.233,185,0.196,153,0.175,126,0.153,98,0.122,97,0.137,70,0.122
Region 15,Region 15,921,2.207,512,2.183,331,2.01,270,1.753,295,1.439,485,1.455,987,1.989,1566,2.506,2057,2.824,2054,2.764,1751,2.496,1736,2.503,1785,2.515,1832,2.498,1882,2.58,2001,2.741,2229,3,2326,2.87,2284,2.645,1675,2.212,1557,2.223,1390,2.122,1170,2.116,890,2.099,954,2.196,529,2.343,312,2.288,223,1.948,264,1.544,453,1.416,906,1.818,1566,2.393,1862,2.407,1771,2.286,1734,2.394,1650,2.315,1847,2.502,1798,2.463,1947,2.678,2036,2.699,2263,2.806,2392,2.708,2397,2.615,1881,2.369,1643,2.174,1431,1.979,1237,1.889,1043,2.037,1004,2.154,524,2.265,323,2.246,256,2.101,253,1.427,440,1.371,919,1.832,1594,2.365,1805,2.28,1607,2.071,1482,2.057,1529,2.118,1693,2.225,1801,2.406,1913,2.597,1983,2.569,2221,2.806,2428,2.768,2361,2.558,1985,2.41,1713,2.258,1502,2.019,1224,1.817,1067,2.08,1049,2.095,590,2.33,337,2.094,229,1.768,257,1.38,475,1.457,958,1.898,1468,2.198,1766,2.222,1866,2.402,1734,2.391,1782,2.414,1891,2.485,2052,2.696,2150,2.805,2177,2.724,2565,3.058,2724,3.008,2734,2.897,2135,2.435,1762,2.141,1685,2.096,1352,1.906,1130,1.965
Region 15,Region 16,19,0.046,11,0.047,6,0.036,5,0.032,9,0.044,13,0.039,37,0.075,42,0.067,68,0.093,66,0.089,52,0.074,48,0.069,48,0.068,39,0.053,51,0.07,37,0.051,49,0.066,58,0.072,62,0.072,40,0.053,40,0.057,32,0.049,13,0.024,16,0.038,15,0.035,7,0.031,8,0.059,4,0.035,6,0.035,14,0.044,33,0.066,44,0.067,65,0.084,50,0.065,43,0.059,54,0.076,48,0.065,35,0.048,53,0.073,47,0.062,51,0.063,51,0.058,56,0.061,36,0.045,29,0.038,35,0.048,26,0.04,17,0.033,14,0.03,9,0.039,2,0.014,2,0.016,3,0.017,13,0.041,33,0.066,51,0.076,64,0.081,58,0.075,49,0.068,27,0.037,32,0.042,54,0.072,44,0.06,49,0.063,53,0.067,76,0.087,51,0.055,36,0.044,28,0.037,33,0.044,28,0.042,27,0.053,12,0.024,10,0.039,8,0.05,5,0.039,4,0.021,19,0.058,40,0.079,44,0.066,75,0.094,63,0.081,50,0.069,45,0.061,45,0.059,48,0.063,67,0.087,62,0.078,63,0.075,76,0.084,75,0.079,51,0.058,39,0.047,36,0.045,33,0.047,25,0.043
Region 16,Region 0,41,0.098,10,0.043,8,0.049,5,0.032,7,0.034,14,0.042,46,0.093,99,0.158,120,0.165,92,0.124,111,0.158,61,0.088,77,0.108,98,0.134,132,0.181,119,0.163,106,0.143,124,0.153,90,0.104,91,0.12,81,0.116,75,0.114,79,0.143,52,0.123,72,0.166,12,0.053,10,0.073,3,0.026,4,0.023,17,0.053,52,0.104,135,0.206,122,0.158,79,0.102,90,0.124,83,0.116,95,0.129,102,0.14,116,0.16,134,0.178,175,0.217,163,0.185,127,0.139,100,0.126,102,0.135,82,0.113,108,0.165,96,0.187,65,0.139,23,0.099,15,0.104,4,0.033,6,0.034,23,0.072,60,0.12,105,0.156,112,0.141,80,0.103,82,0.114,122,0.169,109,0.143,104,0.139,133,0.181,142,0.184,150,0.19,133,0.152,130,0.141,105,0.127,90,0.119,92,0.124,110,0.163,87,0.17,82,0.164,21,0.083,20,0.124,5,0.039,9,0.048,22,0.067,49,0.097,96,0.144,114,0.143,94,0.121,117,0.161,112,0.152,102,0.134,126,0.166,119,0.155,128,0.16,145,0.173,127,0.14,69,0.073,74,0.084,106,0.129,127,0.158,114,0.161,106,0.184
Region 16,Region 1,149,0.357,101,0.431,43,0.261,52,0.338,67,0.327,93,0.279,184,0.371,337,0.539,432,0.593,334,0.45,287,0.409,270,0.389,294,0.414,306,0.417,324,0.444,331,0.453,357,0.48,459,0.566,500,0.579,402,0.531,358,0.511,299,0.456,257,0.465,209,0.493,145,0.334,95,0.421,61,0.447,43,0.376,42,0.246,110,0.344,196,0.393,366,0.559,525,0.679,452,0.584,369,0.509,355,0.498,335,0.454,293,0.401,326,0.448,347,0.46,386,0.479,477,0.54,495,0.54,398,0.501,343,0.454,351,0.485,318,0.486,252,0.492,185,0.397,86,0.372,52,0.362,47,0.386,47,0.265,101,0.315,182,0.363,392,0.582,466,0.589,472,0.608,444,0.616,393,0.544,382,0.502,390,0.521,351,0.476,391,0.507,348,0.44,443,0.505,573,0.621,392,0.476,343,0.452,337,0.453,337,0.5,253,0.493,221,0.441,103,0.407,66,0.41,50,0.386,45,0.242,83,0.255,204,0.404,351,0.525,477,0.6,447,0.575,383,0.528,366,0.496,338,0.444,358,0.47,319,0.416,402,0.503,382,0.455,474,0.523,594,0.629,443,0.505,339,0.412,369,0.459,327,0.461,290,0.504
Region 16,Region 2,8,0.019,2,0.009,2,0.012,4,0.026,16,0.078,43,0.129,47,0.095,36,0.058,34,0.047,44,0.059,58,0.083,51,0.074,67,0.094,53,0.072,57,0.078,33,0.045,33,0.044,30,0.037,23,0.027,20,0.026,22,0.031,18,0.027,7,0.013,9,0.021,12,0.028,5,0.022,6,0.044,2,0.017,22,0.129,34,0.106,21,0.042,19,0.029,46,0.059,33,0.043,47,0.065,45,0.063,54,0.073,32,0.044,47,0.065,31,0.041,34,0.042,29,0.033,25,0.027,23,0.029,23,0.03,13,0.018,14,0.021,11,0.021,7,0.015,6,0.026,5,0.035,12,0.098,19,0.107,30,0.093,28,0.056,46,0.068,27,0.034,50,0.064,48,0.067,32,0.044,38,0.05,30,0.04,46,0.062,20,0.026,25,0.032,36,0.041,23,0.025,19,0.023,21,0.028,18,0.024,24,0.036,9,0.018,12,0.024,6,0.024,3,0.019,5,0.039,28,0.15,28,0.086,38,0.075,39,0.058,41,0.052,47,0.061,52,0.072,29,0.039,31,0.041,35,0.046,39,0.051,38,0.048,37,0.044,30,0.033,21,0.022,26,0.03,25,0.03,17,0.021,16,0.023,17,0.03
Region 16,Region 3,97,0.232,36,0.153,29,0.176,13,0.084,15,0.073,24,0.072,62,0.125,123,0.197,98,0.135,114,0.153,116,0.165,143,0.206,168,0.237,185,0.252,151,0.207,169,0.231,108,0.145,132,0.163,120,0.139,129,0.17,111,0.158,113,0.173,139,0.251,134,0.316,127,0.292,34,0.151,22,0.161,14,0.122,8,0.047,20,0.063,67,0.134,134,0.205,142,0.184,144,0.186,162,0.224,153,0.215,129,0.175,184,0.252,153,0.21,149,0.198,146,0.181,168,0.19,157,0.171,147,0.185,148,0.196,146,0.202,184,0.281,167,0.326,139,0.298,57,0.246,26,0.181,14,0.115,17,0.096,21,0.065,67,0.134,122,0.181,151,0.191,117,0.151,133,0.185,135,0.187,141,0.185,188,0.251,137,0.186,159,0.206,167,0.211,164,0.187,180,0.195,154,0.187,145,0.191,114,0.153,179,0.266,161,0.314,121,0.242,47,0.186,26,0.162,12,0.093,11,0.059,28,0.086,83,0.164,137,0.205,173,0.218,163,0.21,171,0.236,183,0.248,165,0.217,175,0.23,129,0.168,140,0.175,126,0.15,120,0.133,93,0.099,80,0.091,129,0.157,172,0.214,165,0.233,182,0.317
Region 16,Region 4,26,0.062,14,0.06,5,0.03,4,0.026,1,0.005,8,0.024,22,0.044,60,0.096,53,0.073,40,0.054,42,0.06,24,0.035,43,0.061,34,0.046,33,0.045,44,0.06,23,0.031,40,0.049,38,0.044,44,0.058,44,0.063,39,0.06,24,0.043,27,0.064,33,0.076,10,0.044,6,0.044,7,0.061,5,0.029,8,0.025,16,0.032,44,0.067,51,0.066,46,0.059,42,0.058,37,0.052,40,0.054,40,0.055,40,0.055,43,0.057,42,0.052,39,0.044,49,0.053,42,0.053,23,0.03,38,0.053,36,0.055,34,0.066,30,0.064,16,0.069,8,0.056,5,0.041,3,0.017,11,0.034,26,0.052,39,0.058,45,0.057,49,0.063,44,0.061,33,0.046,38,0.05,29,0.039,39,0.053,46,0.06,30,0.038,34,0.039,58,0.063,37,0.045,36,0.047,41,0.055,33,0.049,29,0.057,36,0.072,10,0.039,6,0.037,5,0.039,3,0.016,9,0.028,19,0.038,45,0.067,49,0.062,49,0.063,34,0.047,30,0.041,41,0.054,41,0.054,36,0.047,39,0.049,41,0.049,41,0.045,48,0.051,35,0.04,43,0.052,33,0.041,51,0.072,51,0.089
Region 16,Region 5,65,0.156,47,0.2,26,0.158,24,0.156,50,0.244,64,0.192,115,0.232,152,0.243,217,0.298,204,0.275,205,0.292,177,0.255,172,0.242,166,0.226,171,0.234,152,0.208,184,0.248,180,0.222,225,0.261,194,0.256,199,0.284,174,0.266,142,0.257,94,0.222,74,0.17,55,0.244,20,0.147,24,0.21,31,0.181,82,0.256,115,0.231,170,0.26,286,0.37,272,0.351,236,0.326,199,0.279,191,0.259,190,0.26,177,0.243,184,0.244,162,0.201,211,0.239,252,0.275,222,0.28,228,0.302,193,0.267,179,0.273,111,0.217,104,0.223,56,0.242,20,0.139,23,0.189,36,0.203,65,0.203,100,0.199,176,0.261,259,0.327,247,0.318,243,0.337,237,0.328,184,0.242,232,0.31,201,0.273,206,0.267,161,0.203,188,0.214,253,0.274,237,0.288,209,0.276,199,0.268,228,0.338,149,0.29,106,0.212,43,0.17,35,0.217,33,0.255,39,0.209,60,0.184,105,0.208,203,0.304,279,0.351,249,0.321,192,0.265,212,0.287,162,0.213,169,0.222,195,0.254,168,0.21,191,0.228,209,0.231,204,0.216,241,0.275,193,0.234,214,0.266,208,0.293,150,0.261
Region 16,Region 6,12,0.029,9,0.038,3,0.018,4,0.026,4,0.02,2,0.006,7,0.014,9,0.014,12,0.016,8,0.011,7,0.01,9,0.013,5,0.007,6,0.008,7,0.01,15,0.021,12,0.016,14,0.017,17,0.02,14,0.018,23,0.033,22,0.034,12,0.022,11,0.026,19,0.044,13,0.058,5,0.037,2,0.017,3,0.018,2,0.006,2,0.004,10,0.015,10,0.013,12,0.015,7,0.01,4,0.006,7,0.009,6,0.008,6,0.008,7,0.009,13,0.016,10,0.011,23,0.025,15,0.019,13,0.017,21,0.029,21,0.032,19,0.037,17,0.036,6,0.026,9,0.063,3,0.025,3,0.017,4,0.012,5,0.01,8,0.012,7,0.009,4,0.005,8,0.011,5,0.007,7,0.009,3,0.004,3,0.004,5,0.006,9,0.011,10,0.011,17,0.018,17,0.021,15,0.02,21,0.028,18,0.027,21,0.041,13,0.026,10,0.039,5,0.031,1,0.008,4,0.021,3,0.009,4,0.008,14,0.021,4,0.005,11,0.014,4,0.006,2,0.003,17,0.022,12,0.016,6,0.008,10,0.013,9,0.011,19,0.021,20,0.021,21,0.024,22,0.027,26,0.032,19,0.027,23,0.04
Region 16,Region 7,38,0.091,20,0.085,12,0.073,9,0.058,24,0.117,36,0.108,43,0.087,69,0.11,108,0.148,85,0.114,83,0.118,64,0.092,59,0.083,68,0.093,69,0.095,98,0.134,82,0.11,93,0.115,120,0.139,100,0.132,65,0.093,85,0.13,83,0.15,55,0.13,53,0.122,32,0.142,6,0.044,11,0.096,16,0.094,43,0.134,57,0.114,65,0.099,123,0.159,103,0.133,82,0.113,79,0.111,79,0.107,82,0.112,69,0.095,67,0.089,95,0.118,106,0.12,96,0.105,67,0.084,80,0.106,82,0.113,91,0.139,73,0.143,51,0.109,16,0.069,15,0.104,11,0.09,16,0.09,35,0.109,45,0.09,71,0.105,99,0.125,114,0.147,79,0.11,76,0.105,89,0.117,68,0.091,65,0.088,86,0.111,68,0.086,62,0.071,91,0.099,90,0.109,77,0.102,59,0.079,94,0.14,82,0.16,53,0.106,21,0.083,13,0.081,18,0.139,22,0.118,41,0.126,45,0.089,75,0.112,86,0.108,84,0.108,70,0.097,89,0.121,61,0.08,85,0.112,68,0.089,73,0.091,67,0.08,99,0.109,109,0.116,112,0.128,110,0.134,91,0.113,73,0.103,52,0.09
Region 16,Region 8,19,0.046,9,0.038,7,0.043,4,0.026,12,0.059,16,0.048,47,0.095,86,0.138,91,0.125,68,0.092,63,0.09,64,0.092,52,0.073,75,0.102,49,0.067,58,0.079,86,0.116,67,0.083,61,0.071,55,0.073,51,0.073,44,0.067,30,0.054,20,0.047,20,0.046,6,0.027,4,0.029,1,0.009,10,0.058,23,0.072,58,0.116,105,0.16,107,0.138,68,0.088,78,0.108,74,0.104,62,0.084,63,0.086,53,0.073,64,0.085,63,0.078,75,0.085,64,0.07,79,0.099,59,0.078,69,0.095,36,0.055,27,0.053,25,0.054,11,0.048,4,0.028,3,0.025,5,0.028,17,0.053,60,0.12,96,0.142,100,0.126,71,0.092,63,0.087,57,0.079,66,0.087,68,0.091,60,0.081,58,0.075,80,0.101,72,0.082,112,0.121,53,0.064,54,0.071,55,0.074,51,0.076,26,0.051,23,0.046,4,0.016,6,0.037,5,0.039,7,0.038,15,0.046,66,0.131,80,0.12,92,0.116,74,0.095,61,0.084,54,0.073,51,0.067,57,0.075,63,0.082,71,0.089,80,0.095,79,0.087,76,0.081,81,0.092,55,0.067,55,0.068,54,0.076,43,0.075
Region 16,Region 9,22,0.053,17,0.072,8,0.049,4,0.026,6,0.029,7,0.021,30,0.06,38,0.061,37,0.051,26,0.035,36,0.051,38,0.055,29,0.041,32,0.044,33,0.045,38,0.052,28,0.038,37,0.046,41,0.047,27,0.036,36,0.051,27,0.041,33,0.06,41,0.097,24,0.055,15,0.066,4,0.029,4,0.035,2,0.012,9,0.028,33,0.066,44,0.067,44,0.057,37,0.048,31,0.043,28,0.039,31,0.042,30,0.041,37,0.051,46,0.061,36,0.045,52,0.059,39,0.043,42,0.053,30,0.04,31,0.043,28,0.043,57,0.111,38,0.082,18,0.078,9,0.063,2,0.016,5,0.028,14,0.044,33,0.066,35,0.052,54,0.068,34,0.044,31,0.043,34,0.047,44,0.058,39,0.052,57,0.077,47,0.061,39,0.049,50,0.057,32,0.035,36,0.044,38,0.05,59,0.079,36,0.053,36,0.07,42,0.084,21,0.083,8,0.05,6,0.046,5,0.027,11,0.034,37,0.073,44,0.066,70,0.088,38,0.049,46,0.063,58,0.079,41,0.054,37,0.049,17,0.022,27,0.034,24,0.029,38,0.042,40,0.042,22,0.025,28,0.034,47,0.058,38,0.054,42,0.073
Region 16,Region 10,14,0.034,12,0.051,4,0.024,4,0.026,6,0.029,10,0.03,37,0.075,58,0.093,105,0.144,83,0.112,65,0.093,64,0.092,39,0.055,39,0.053,41,0.056,49,0.067,58,0.078,68,0.084,65,0.075,53,0.07,38,0.054,40,0.061,37,0.067,14,0.033,17,0.039,9,0.04,5,0.037,6,0.052,6,0.035,4,0.013,24,0.048,63,0.096,104,0.134,89,0.115,68,0.094,52,0.073,49,0.066,46,0.063,39,0.054,47,0.062,53,0.066,57,0.065,47,0.051,67,0.084,57,0.075,50,0.069,58,0.089,47,0.092,26,0.056,20,0.086,5,0.035,6,0.049,7,0.039,18,0.056,33,0.066,62,0.092,108,0.136,73,0.094,50,0.069,57,0.079,46,0.06,45,0.06,54,0.073,41,0.053,55,0.069,59,0.067,87,0.094,58,0.07,50,0.066,49,0.066,50,0.074,42,0.082,38,0.076,13,0.051,5,0.031,7,0.054,5,0.027,7,0.021,29,0.057,72,0.108,84,0.106,79,0.102,55,0.076,60,0.081,51,0.067,67,0.088,48,0.063,34,0.043,37,0.044,46,0.051,63,0.067,76,0.087,51,0.062,45,0.056,45,0.063,43,0.075
Region 16,Region 11,24,0.058,10,0.043,10,0.061,4,0.026,1,0.005,16,0.048,36,0.073,82,0.131,143,0.196,150,0.202,148,0.211,132,0.19,143,0.201,123,0.168,134,0.184,94,0.129,101,0.136,101,0.125,128,0.148,111,0.147,89,0.127,91,0.139,63,0.114,26,0.061,39,0.09,10,0.044,7,0.051,5,0.044,7,0.041,18,0.056,39,0.078,78,0.119,111,0.144,131,0.169,135,0.186,119,0.167,113,0.153,134,0.184,115,0.158,113,0.15,123,0.152,123,0.139,120,0.131,83,0.105,96,0.127,98,0.136,88,0.134,53,0.104,42,0.09,15,0.065,11,0.076,3,0.025,6,0.034,23,0.072,44,0.088,69,0.102,121,0.153,121,0.156,116,0.161,143,0.198,121,0.159,137,0.183,134,0.182,117,0.152,100,0.126,110,0.125,132,0.143,114,0.138,98,0.129,89,0.12,93,0.138,53,0.103,49,0.098,24,0.095,6,0.037,8,0.062,5,0.027,15,0.046,45,0.089,62,0.093,99,0.125,118,0.152,133,0.183,122,0.165,125,0.164,127,0.167,121,0.158,107,0.134,111,0.132,111,0.123,131,0.139,108,0.123,108,0.131,87,0.108,69,0.097,65,0.113
Region 16,Region 12,22,0.053,21,0.09,14,0.085,1,0.006,8,0.039,7,0.021,15,0.03,12,0.019,38,0.052,43,0.058,47,0.067,42,0.061,44,0.062,43,0.059,48,0.066,53,0.073,47,0.063,54,0.067,41,0.047,37,0.049,26,0.037,34,0.052,37,0.067,28,0.066,31,0.071,12,0.053,15,0.11,5,0.044,2,0.012,0,0,16,0.032,28,0.043,35,0.045,43,0.056,43,0.059,43,0.06,38,0.051,39,0.053,39,0.054,42,0.056,61,0.076,73,0.083,57,0.062,48,0.06,42,0.056,36,0.05,42,0.064,34,0.066,35,0.075,15,0.065,11,0.076,3,0.025,3,0.017,9,0.028,13,0.026,18,0.027,55,0.069,45,0.058,55,0.076,38,0.053,31,0.041,35,0.047,38,0.052,41,0.053,54,0.068,67,0.076,59,0.064,40,0.049,30,0.04,42,0.056,36,0.053,46,0.09,49,0.098,24,0.095,13,0.081,8,0.062,6,0.032,9,0.028,12,0.024,29,0.043,47,0.059,41,0.053,52,0.072,34,0.046,53,0.07,29,0.038,39,0.051,45,0.056,66,0.079,54,0.06,64,0.068,51,0.058,33,0.04,46,0.057,39,0.055,37,0.064
Region 16,Region 13,0,0,0,0,0,0,0,0,0,0,0,0,0,0,0,0,0,0,0,0,0,0,0,0,0,0,0,0,0,0,0,0,0,0,0,0,0,0,0,0,0,0,0,0,0,0,0,0,0,0,0,0,0,0,0,0,0,0,0,0,0,0,0,0,0,0,0,0,0,0,0,0,0,0,0,0,0,0,0,0,0,0,0,0,0,0,0,0,0,0,0,0,0,0,0,0,0,0,0,0,0,0,0,0,0,0,0,0,0,0,0,0,0,0,0,0,0,0,0,0,0,0,0,0,0,0,0,0,0,0,0,0,0,0,0,0,0,0,0,0,0,0,0,0,0,0,0,0,0,0,0,0,0,0,0,0,0,0,0,0,0,0,0,0,0,0,0,0,0,0,0,0,0,0,0,0,0,0,0,0,0,0,0,0,0,0,0,0,0,0,0,0
Region 16,Region 14,64,0.153,19,0.081,22,0.134,14,0.091,14,0.068,21,0.063,45,0.091,65,0.104,101,0.139,109,0.147,153,0.218,108,0.156,154,0.217,159,0.217,126,0.173,138,0.189,143,0.192,148,0.183,144,0.167,147,0.194,137,0.196,123,0.188,121,0.219,53,0.125,64,0.147,28,0.124,24,0.176,3,0.026,7,0.041,16,0.05,44,0.088,105,0.16,102,0.132,111,0.143,138,0.191,109,0.153,131,0.177,147,0.201,144,0.198,154,0.204,173,0.214,180,0.204,174,0.19,146,0.184,137,0.181,109,0.151,102,0.156,90,0.176,69,0.148,24,0.104,19,0.132,11,0.09,12,0.068,19,0.059,42,0.084,71,0.105,124,0.157,139,0.179,128,0.178,130,0.18,125,0.164,141,0.188,156,0.212,145,0.188,168,0.212,170,0.194,187,0.203,155,0.188,139,0.183,108,0.145,102,0.151,81,0.158,88,0.176,37,0.146,24,0.149,9,0.069,10,0.054,26,0.08,53,0.105,90,0.135,117,0.147,124,0.16,147,0.203,141,0.191,133,0.175,159,0.209,142,0.185,154,0.193,176,0.21,195,0.215,190,0.201,171,0.195,155,0.188,118,0.147,118,0.166,93,0.162
Region 16,Region 15,18,0.043,10,0.043,6,0.036,1,0.006,2,0.01,9,0.027,9,0.018,15,0.024,23,0.032,26,0.035,30,0.043,28,0.04,27,0.038,42,0.057,24,0.033,29,0.04,34,0.046,53,0.065,54,0.063,40,0.053,32,0.046,27,0.041,28,0.051,23,0.054,22,0.051,11,0.049,7,0.051,4,0.035,2,0.012,7,0.022,15,0.03,28,0.043,38,0.049,29,0.037,24,0.033,22,0.031,41,0.056,26,0.036,28,0.039,35,0.046,63,0.078,47,0.053,42,0.046,32,0.04,37,0.049,35,0.048,32,0.049,32,0.062,32,0.069,11,0.048,7,0.049,1,0.008,5,0.028,6,0.019,10,0.02,26,0.039,20,0.025,27,0.035,37,0.051,27,0.037,31,0.041,36,0.048,28,0.038,36,0.047,32,0.04,60,0.068,63,0.068,37,0.045,39,0.051,51,0.069,37,0.055,40,0.078,32,0.064,21,0.083,17,0.106,3,0.023,1,0.005,10,0.031,8,0.016,21,0.031,28,0.035,21,0.027,31,0.043,23,0.031,22,0.029,28,0.037,33,0.043,36,0.045,40,0.048,56,0.062,55,0.058,50,0.057,37,0.045,30,0.037,21,0.03,30,0.052
Region 16,Region 16,294,0.704,134,0.571,109,0.662,79,0.513,121,0.59,204,0.612,519,1.046,874,1.399,1089,1.495,1101,1.482,1064,1.516,1226,1.767,1317,1.855,1252,1.707,1262,1.73,1318,1.805,1300,1.75,1466,1.809,1658,1.92,1404,1.854,1135,1.62,1000,1.527,660,1.194,413,0.974,374,0.861,161,0.713,78,0.572,63,0.55,118,0.69,206,0.644,532,1.068,960,1.467,1219,1.576,1115,1.439,1080,1.491,1169,1.64,1242,1.683,1165,1.596,1278,1.758,1345,1.783,1373,1.702,1587,1.796,1755,1.915,1539,1.938,1310,1.733,996,1.377,830,1.268,553,1.08,415,0.89,163,0.705,97,0.674,71,0.583,96,0.541,190,0.592,550,1.096,1033,1.533,1227,1.55,1139,1.468,1127,1.564,1183,1.639,1283,1.686,1281,1.712,1195,1.622,1233,1.597,1381,1.745,1666,1.899,1794,1.944,1580,1.918,1242,1.637,1111,1.493,846,1.256,532,1.037,452,0.903,168,0.663,88,0.547,57,0.44,112,0.601,206,0.632,520,1.03,944,1.413,1247,1.569,1193,1.536,1170,1.613,1264,1.712,1276,1.677,1277,1.678,1298,1.694,1371,1.716,1484,1.769,1717,1.896,1882,1.994,1723,1.965,1354,1.645,1161,1.444,811,1.144,581,1.01