Origin,Destination,Date range: 2024-08-11 - 2024-08-11 Time range: 00:00 - 01:00 Trips,Date range: 2024-08-11 - 2024-08-11 Time range: 00:00 - 01:00 Percent,Date range: 2024-08-11 - 2024-08-11 Time range: 01:00 - 02:00 Trips,Date range: 2024-08-11 - 2024-08-11 Time range: 01:00 - 02:00 Percent,Date range: 2024-08-11 - 2024-08-11 Time range: 02:00 - 03:00 Trips,Date range: 2024-08-11 - 2024-08-11 Time range: 02:00 - 03:00 Percent,Date range: 2024-08-11 - 2024-08-11 Time range: 03:00 - 04:00 Trips,Date range: 2024-08-11 - 2024-08-11 Time range: 03:00 - 04:00 Percent,Date range: 2024-08-11 - 2024-08-11 Time range: 04:00 - 05:00 Trips,Date range: 2024-08-11 - 2024-08-11 Time range: 04:00 - 05:00 Percent,Date range: 2024-08-11 - 2024-08-11 Time range: 05:00 - 06:00 Trips,Date range: 2024-08-11 - 2024-08-11 Time range: 05:00 - 06:00 Percent,Date range: 2024-08-11 - 2024-08-11 Time range: 06:00 - 07:00 Trips,Date range: 2024-08-11 - 2024-08-11 Time range: 06:00 - 07:00 Percent,Date range: 2024-08-11 - 2024-08-11 Time range: 07:00 - 08:00 Trips,Date range: 2024-08-11 - 2024-08-11 Time range: 07:00 - 08:00 Percent,Date range: 2024-08-11 - 2024-08-11 Time range: 08:00 - 09:00 Trips,Date range: 2024-08-11 - 2024-08-11 Time range: 08:00 - 09:00 Percent,Date range: 2024-08-11 - 2024-08-11 Time range: 09:00 - 10:00 Trips,Date range: 2024-08-11 - 2024-08-11 Time range: 09:00 - 10:00 Percent,Date range: 2024-08-11 - 2024-08-11 Time range: 10:00 - 11:00 Trips,Date range: 2024-08-11 - 2024-08-11 Time range: 10:00 - 11:00 Percent,Date range: 2024-08-11 - 2024-08-11 Time range: 11:00 - 12:00 Trips,Date range: 2024-08-11 - 2024-08-11 Time range: 11:00 - 12:00 Percent,Date range: 2024-08-11 - 2024-08-11 Time range: 12:00 - 13:00 Trips,Date range: 2024-08-11 - 2024-08-11 Time range: 12:00 - 13:00 Percent,Date range: 2024-08-11 - 2024-08-11 Time range: 13:00 - 14:00 Trips,Date range: 2024-08-11 - 2024-08-11 Time range: 13:00 - 14:00 Percent,Date range: 2024-08-11 - 2024-08-11 Time range: 14:00 - 15:00 Trips,Date range: 2024-08-11 - 2024-08-11 Time range: 14:00 - 15:00 Percent,Date range: 2024-08-11 - 2024-08-11 Time range: 15:00 - 16:00 Trips,Date range: 2024-08-11 - 2024-08-11 Time range: 15:00 - 16:00 Percent,Date range: 2024-08-11 - 2024-08-11 Time range: 16:00 - 17:00 Trips,Date range: 2024-08-11 - 2024-08-11 Time range: 16:00 - 17:00 Percent,Date range: 2024-08-11 - 2024-08-11 Time range: 17:00 - 18:00 Trips,Date range: 2024-08-11 - 2024-08-11 Time range: 17:00 - 18:00 Percent,Date range: 2024-08-11 - 2024-08-11 Time range: 18:00 - 19:00 Trips,Date range: 2024-08-11 - 2024-08-11 Time range: 18:00 - 19:00 Percent,Date range: 2024-08-11 - 2024-08-11 Time range: 19:00 - 20:00 Trips,Date range: 2024-08-11 - 2024-08-11 Time range: 19:00 - 20:00 Percent,Date range: 2024-08-11 - 2024-08-11 Time range: 20:00 - 21:00 Trips,Date range: 2024-08-11 - 2024-08-11 Time range: 20:00 - 21:00 Percent,Date range: 2024-08-11 - 2024-08-11 Time range: 21:00 - 22:00 Trips,Date range: 2024-08-11 - 2024-08-11 Time range: 21:00 - 22:00 Percent,Date range: 2024-08-11 - 2024-08-11 Time range: 22:00 - 23:00 Trips,Date range: 2024-08-11 - 2024-08-11 Time range: 22:00 - 23:00 Percent,Date range: 2024-08-11 - 2024-08-11 Time range: 23:00 - 00:00 Trips,Date range: 2024-08-11 - 2024-08-11 Time range: 23:00 - 00:00 Percent,Date range: 2024-08-12 - 2024-08-12 Time range: 00:00 - 01:00 Trips,Date range: 2024-08-12 - 2024-08-12 Time range: 00:00 - 01:00 Percent,Date range: 2024-08-12 - 2024-08-12 Time range: 01:00 - 02:00 Trips,Date range: 2024-08-12 - 2024-08-12 Time range: 01:00 - 02:00 Percent,Date range: 2024-08-12 - 2024-08-12 Time range: 02:00 - 03:00 Trips,Date range: 2024-08-12 - 2024-08-12 Time range: 02:00 - 03:00 Percent,Date range: 2024-08-12 - 2024-08-12 Time range: 03:00 - 04:00 Trips,Date range: 2024-08-12 - 2024-08-12 Time range: 03:00 - 04:00 Percent,Date range: 2024-08-12 - 2024-08-12 Time range: 04:00 - 05:00 Trips,Date range: 2024-08-12 - 2024-08-12 Time range: 04:00 - 05:00 Percent,Date range: 2024-08-12 - 2024-08-12 Time range: 05:00 - 06:00 Trips,Date range: 2024-08-12 - 2024-08-12 Time range: 05:00 - 06:00 Percent,Date range: 2024-08-12 - 2024-08-12 Time range: 06:00 - 07:00 Trips,Date range: 2024-08-12 - 2024-08-12 Time range: 06:00 - 07:00 Percent,Date range: 2024-08-12 - 2024-08-12 Time range: 07:00 - 08:00 Trips,Date range: 2024-08-12 - 2024-08-12 Time range: 07:00 - 08:00 Percent,Date range: 2024-08-12 - 2024-08-12 Time range: 08:00 - 09:00 Trips,Date range: 2024-08-12 - 2024-08-12 Time range: 08:00 - 09:00 Percent,Date range: 2024-08-12 - 2024-08-12 Time range: 09:00 - 10:00 Trips,Date range: 2024-08-12 - 2024-08-12 Time range: 09:00 - 10:00 Percent,Date range: 2024-08-12 - 2024-08-12 Time range: 10:00 - 11:00 Trips,Date range: 2024-08-12 - 2024-08-12 Time range: 10:00 - 11:00 Percent,Date range: 2024-08-12 - 2024-08-12 Time range: 11:00 - 12:00 Trips,Date range: 2024-08-12 - 2024-08-12 Time range: 11:00 - 12:00 Percent,Date range: 2024-08-12 - 2024-08-12 Time range: 12:00 - 13:00 Trips,Date range: 2024-08-12 - 2024-08-12 Time range: 12:00 - 13:00 Percent,Date range: 2024-08-12 - 2024-08-12 Time range: 13:00 - 14:00 Trips,Date range: 2024-08-12 - 2024-08-12 Time range: 13:00 - 14:00 Percent,Date range: 2024-08-12 - 2024-08-12 Time range: 14:00 - 15:00 Trips,Date range: 2024-08-12 - 2024-08-12 Time range: 14:00 - 15:00 Percent,Date range: 2024-08-12 - 2024-08-12 Time range: 15:00 - 16:00 Trips,Date range: 2024-08-12 - 2024-08-12 Time range: 15:00 - 16:00 Percent,Date range: 2024-08-12 - 2024-08-12 Time range: 16:00 - 17:00 Trips,Date range: 2024-08-12 - 2024-08-12 Time range: 16:00 - 17:00 Percent,Date range: 2024-08-12 - 2024-08-12 Time range: 17:00 - 18:00 Trips,Date range: 2024-08-12 - 2024-08-12 Time range: 17:00 - 18:00 Percent,Date range: 2024-08-12 - 2024-08-12 Time range: 18:00 - 19:00 Trips,Date range: 2024-08-12 - 2024-08-12 Time range: 18:00 - 19:00 Percent,Date range: 2024-08-12 - 2024-08-12 Time range: 19:00 - 20:00 Trips,Date range: 2024-08-12 - 2024-08-12 Time range: 19:00 - 20:00 Percent,Date range: 2024-08-12 - 2024-08-12 Time range: 20:00 - 21:00 Trips,Date range: 2024-08-12 - 2024-08-12 Time range: 20:00 - 21:00 Percent,Date range: 2024-08-12 - 2024-08-12 Time range: 21:00 - 22:00 Trips,Date range: 2024-08-12 - 2024-08-12 Time range: 21:00 - 22:00 Percent,Date range: 2024-08-12 - 2024-08-12 Time range: 22:00 - 23:00 Trips,Date range: 2024-08-12 - 2024-08-12 Time range: 22:00 - 23:00 Percent,Date range: 2024-08-12 - 2024-08-12 Time range: 23:00 - 00:00 Trips,Date range: 2024-08-12 - 2024-08-12 Time range: 23:00 - 00:00 Percent,Date range: 2024-08-13 - 2024-08-13 Time range: 00:00 - 01:00 Trips,Date range: 2024-08-13 - 2024-08-13 Time range: 00:00 - 01:00 Percent,Date range: 2024-08-13 - 2024-08-13 Time range: 01:00 - 02:00 Trips,Date range: 2024-08-13 - 2024-08-13 Time range: 01:00 - 02:00 Percent,Date range: 2024-08-13 - 2024-08-13 Time range: 02:00 - 03:00 Trips,Date range: 2024-08-13 - 2024-08-13 Time range: 02:00 - 03:00 Percent,Date range: 2024-08-13 - 2024-08-13 Time range: 03:00 - 04:00 Trips,Date range: 2024-08-13 - 2024-08-13 Time range: 03:00 - 04:00 Percent,Date range: 2024-08-13 - 2024-08-13 Time range: 04:00 - 05:00 Trips,Date range: 2024-08-13 - 2024-08-13 Time range: 04:00 - 05:00 Percent,Date range: 2024-08-13 - 2024-08-13 Time range: 05:00 - 06:00 Trips,Date range: 2024-08-13 - 2024-08-13 Time range: 05:00 - 06:00 Percent,Date range: 2024-08-13 - 2024-08-13 Time range: 06:00 - 07:00 Trips,Date range: 2024-08-13 - 2024-08-13 Time range: 06:00 - 07:00 Percent,Date range: 2024-08-13 - 2024-08-13 Time range: 07:00 - 08:00 Trips,Date range: 2024-08-13 - 2024-08-13 Time range: 07:00 - 08:00 Percent,Date range: 2024-08-13 - 2024-08-13 Time range: 08:00 - 09:00 Trips,Date range: 2024-08-13 - 2024-08-13 Time range: 08:00 - 09:00 Percent,Date range: 2024-08-13 - 2024-08-13 Time range: 09:00 - 10:00 Trips,Date range: 2024-08-13 - 2024-08-13 Time range: 09:00 - 10:00 Percent,Date range: 2024-08-13 - 2024-08-13 Time range: 10:00 - 11:00 Trips,Date range: 2024-08-13 - 2024-08-13 Time range: 10:00 - 11:00 Percent,Date range: 2024-08-13 - 2024-08-13 Time range: 11:00 - 12:00 Trips,Date range: 2024-08-13 - 2024-08-13 Time range: 11:00 - 12:00 Percent,Date range: 2024-08-13 - 2024-08-13 Time range: 12:00 - 13:00 Trips,Date range: 2024-08-13 - 2024-08-13 Time range: 12:00 - 13:00 Percent,Date range: 2024-08-13 - 2024-08-13 Time range: 13:00 - 14:00 Trips,Date range: 2024-08-13 - 2024-08-13 Time range: 13:00 - 14:00 Percent,Date range: 2024-08-13 - 2024-08-13 Time range: 14:00 - 15:00 Trips,Date range: 2024-08-13 - 2024-08-13 Time range: 14:00 - 15:00 Percent,Date range: 2024-08-13 - 2024-08-13 Time range: 15:00 - 16:00 Trips,Date range: 2024-08-13 - 2024-08-13 Time range: 15:00 - 16:00 Percent,Date range: 2024-08-13 - 2024-08-13 Time range: 16:00 - 17:00 Trips,Date range: 2024-08-13 - 2024-08-13 Time range: 16:00 - 17:00 Percent,Date range: 2024-08-13 - 2024-08-13 Time range: 17:00 - 18:00 Trips,Date range: 2024-08-13 - 2024-08-13 Time range: 17:00 - 18:00 Percent,Date range: 2024-08-13 - 2024-08-13 Time range: 18:00 - 19:00 Trips,Date range: 2024-08-13 - 2024-08-13 Time range: 18:00 - 19:00 Percent,Date range: 2024-08-13 - 2024-08-13 Time range: 19:00 - 20:00 Trips,Date range: 2024-08-13 - 2024-08-13 Time range: 19:00 - 20:00 Percent,Date range: 2024-08-13 - 2024-08-13 Time range: 20:00 - 21:00 Trips,Date range: 2024-08-13 - 2024-08-13 Time range: 20:00 - 21:00 Percent,Date range: 2024-08-13 - 2024-08-13 Time range: 21:00 - 22:00 Trips,Date range: 2024-08-13 - 2024-08-13 Time range: 21:00 - 22:00 Percent,Date range: 2024-08-13 - 2024-08-13 Time range: 22:00 - 23:00 Trips,Date range: 2024-08-13 - 2024-08-13 Time range: 22:00 - 23:00 Percent,Date range: 2024-08-13 - 2024-08-13 Time range: 23:00 - 00:00 Trips,Date range: 2024-08-13 - 2024-08-13 Time range: 23:00 - 00:00 Percent,Date range: 2024-08-14 - 2024-08-14 Time range: 00:00 - 01:00 Trips,Date range: 2024-08-14 - 2024-08-14 Time range: 00:00 - 01:00 Percent,Date range: 2024-08-14 - 2024-08-14 Time range: 01:00 - 02:00 Trips,Date range: 2024-08-14 - 2024-08-14 Time range: 01:00 - 02:00 Percent,Date range: 2024-08-14 - 2024-08-14 Time range: 02:00 - 03:00 Trips,Date range: 2024-08-14 - 2024-08-14 Time range: 02:00 - 03:00 Percent,Date range: 2024-08-14 - 2024-08-14 Time range: 03:00 - 04:00 Trips,Date range: 2024-08-14 - 2024-08-14 Time range: 03:00 - 04:00 Percent,Date range: 2024-08-14 - 2024-08-14 Time range: 04:00 - 05:00 Trips,Date range: 2024-08-14 - 2024-08-14 Time range: 04:00 - 05:00 Percent,Date range: 2024-08-14 - 2024-08-14 Time range: 05:00 - 06:00 Trips,Date range: 2024-08-14 - 2024-08-14 Time range: 05:00 - 06:00 Percent,Date range: 2024-08-14 - 2024-08-14 Time range: 06:00 - 07:00 Trips,Date range: 2024-08-14 - 2024-08-14 Time range: 06:00 - 07:00 Percent,Date range: 2024-08-14 - 2024-08-14 Time range: 07:00 - 08:00 Trips,Date range: 2024-08-14 - 2024-08-14 Time range: 07:00 - 08:00 Percent,Date range: 2024-08-14 - 2024-08-14 Time range: 08:00 - 09:00 Trips,Date range: 2024-08-14 - 2024-08-14 Time range: 08:00 - 09:00 Percent,Date range: 2024-08-14 - 2024-08-14 Time range: 09:00 - 10:00 Trips,Date range: 2024-08-14 - 2024-08-14 Time range: 09:00 - 10:00 Percent,Date range: 2024-08-14 - 2024-08-14 Time range: 10:00 - 11:00 Trips,Date range: 2024-08-14 - 2024-08-14 Time range: 10:00 - 11:00 Percent,Date range: 2024-08-14 - 2024-08-14 Time range: 11:00 - 12:00 Trips,Date range: 2024-08-14 - 2024-08-14 Time range: 11:00 - 12:00 Percent,Date range: 2024-08-14 - 2024-08-14 Time range: 12:00 - 13:00 Trips,Date range: 2024-08-14 - 2024-08-14 Time range: 12:00 - 13:00 Percent,Date range: 2024-08-14 - 2024-08-14 Time range: 13:00 - 14:00 Trips,Date range: 2024-08-14 - 2024-08-14 Time range: 13:00 - 14:00 Percent,Date range: 2024-08-14 - 2024-08-14 Time range: 14:00 - 15:00 Trips,Date range: 2024-08-14 - 2024-08-14 Time range: 14:00 - 15:00 Percent,Date range: 2024-08-14 - 2024-08-14 Time range: 15:00 - 16:00 Trips,Date range: 2024-08-14 - 2024-08-14 Time range: 15:00 - 16:00 Percent,Date range: 2024-08-14 - 2024-08-14 Time range: 16:00 - 17:00 Trips,Date range: 2024-08-14 - 2024-08-14 Time range: 16:00 - 17:00 Percent,Date range: 2024-08-14 - 2024-08-14 Time range: 17:00 - 18:00 Trips,Date range: 2024-08-14 - 2024-08-14 Time range: 17:00 - 18:00 Percent,Date range: 2024-08-14 - 2024-08-14 Time range: 18:00 - 19:00 Trips,Date range: 2024-08-14 - 2024-08-14 Time range: 18:00 - 19:00 Percent,Date range: 2024-08-14 - 2024-08-14 Time range: 19:00 - 20:00 Trips,Date range: 2024-08-14 - 2024-08-14 Time range: 19:00 - 20:00 Percent,Date range: 2024-08-14 - 2024-08-14 Time range: 20:00 - 21:00 Trips,Date range: 2024-08-14 - 2024-08-14 Time range: 20:00 - 21:00 Percent,Date range: 2024-08-14 - 2024-08-14 Time range: 21:00 - 22:00 Trips,Date range: 2024-08-14 - 2024-08-14 Time range: 21:00 - 22:00 Percent,Date range: 2024-08-14 - 2024-08-14 Time range: 22:00 - 23:00 Trips,Date range: 2024-08-14 - 2024-08-14 Time range: 22:00 - 23:00 Percent,Date range: 2024-08-14 - 2024-08-14 Time range: 23:00 - 00:00 Trips,Date range: 2024-08-14 - 2024-08-14 Time range: 23:00 - 00:00 Percent
Region 0,Region 0,1741,2.059,1100,1.856,759,1.635,650,1.83,592,2.077,568,2.292,592,1.946,731,2.009,973,2.146,1283,2.242,1670,2.442,2031,2.62,2376,2.854,2410,2.844,2515,2.938,2764,3.279,2781,3.253,2936,3.298,2852,3.138,2459,2.918,2556,3.148,2283,2.947,1876,2.845,1487,2.891,1223,2.684,774,3.189,534,3.383,345,2.533,410,2.109,629,1.951,1143,2.336,1833,2.936,2167,2.944,1919,2.696,1762,2.63,1885,2.784,2267,3.183,2204,3.088,2455,3.394,2660,3.545,2716,3.551,2807,3.441,2342,2.791,1968,2.663,1564,2.312,1386,2.182,1073,1.995,836,2.017,832,2.013,430,2.127,298,2.307,245,2.176,320,1.898,543,1.709,1077,2.173,1833,2.786,2113,2.793,1966,2.681,1804,2.662,1916,2.82,2028,2.851,2196,3.087,2400,3.384,2416,3.327,2618,3.475,2746,3.22,2584,2.873,1987,2.553,1707,2.302,1589,2.232,1234,1.968,932,1.93,916,1.997,511,2.229,280,1.928,235,1.895,349,1.888,583,1.793,1069,2.072,1884,2.775,2264,2.877,2060,2.707,1942,2.734,2028,2.827,2107,2.821,2061,2.767,2272,3.072,2494,3.355,2642,3.399,2947,3.394,2766,2.98,2304,2.736,1764,2.238,1619,2.058,1341,2.04,946,1.848
Region 0,Region 1,122,0.144,71,0.12,41,0.088,27,0.076,39,0.137,59,0.238,111,0.365,102,0.28,116,0.256,157,0.274,169,0.247,170,0.219,197,0.237,194,0.229,213,0.249,183,0.217,176,0.206,155,0.174,146,0.161,159,0.189,133,0.164,134,0.173,97,0.147,67,0.13,56,0.123,29,0.119,29,0.184,47,0.345,121,0.623,270,0.837,330,0.675,317,0.508,263,0.357,239,0.336,179,0.267,155,0.229,147,0.206,125,0.175,127,0.176,130,0.173,124,0.162,147,0.18,138,0.164,104,0.141,121,0.179,116,0.183,92,0.171,61,0.147,64,0.155,31,0.153,15,0.116,33,0.293,105,0.623,265,0.834,347,0.7,350,0.532,267,0.353,204,0.278,192,0.283,183,0.269,144,0.202,150,0.211,144,0.203,145,0.2,146,0.194,163,0.191,147,0.163,107,0.137,94,0.127,105,0.147,108,0.172,79,0.164,72,0.157,35,0.153,21,0.145,36,0.29,126,0.682,286,0.88,331,0.642,321,0.473,320,0.407,349,0.459,267,0.376,223,0.311,168,0.225,142,0.191,144,0.195,126,0.17,159,0.205,182,0.21,158,0.17,121,0.144,104,0.132,99,0.126,99,0.151,71,0.139
Region 0,Region 2,256,0.303,162,0.273,126,0.271,107,0.301,160,0.561,215,0.867,173,0.569,223,0.613,272,0.6,358,0.626,420,0.614,358,0.462,415,0.498,501,0.591,628,0.734,620,0.736,594,0.695,528,0.593,442,0.486,571,0.678,579,0.713,523,0.675,361,0.547,188,0.366,124,0.272,94,0.387,94,0.596,136,0.999,271,1.394,459,1.424,459,0.938,348,0.557,342,0.465,386,0.542,340,0.508,268,0.396,259,0.364,188,0.263,173,0.239,192,0.256,289,0.378,338,0.414,320,0.381,298,0.403,240,0.355,212,0.334,145,0.27,110,0.265,116,0.281,70,0.346,67,0.519,99,0.879,254,1.507,439,1.381,396,0.799,327,0.497,329,0.435,324,0.442,299,0.441,284,0.418,220,0.309,169,0.238,190,0.268,251,0.346,324,0.43,350,0.41,360,0.4,278,0.357,215,0.29,220,0.309,172,0.274,133,0.275,118,0.257,67,0.292,65,0.448,130,1.048,267,1.444,440,1.353,441,0.855,360,0.53,334,0.424,378,0.497,333,0.469,174,0.243,166,0.222,286,0.384,312,0.422,279,0.375,297,0.382,307,0.354,339,0.365,241,0.286,221,0.28,218,0.277,180,0.274,137,0.268
Region 0,Region 3,998,1.18,729,1.23,437,0.941,433,1.219,533,1.87,513,2.07,592,1.946,882,2.424,1165,2.57,1383,2.417,1510,2.208,1685,2.174,1562,1.876,1365,1.611,1423,1.662,1300,1.542,1372,1.605,1379,1.549,1149,1.264,1031,1.223,1155,1.423,1066,1.376,997,1.512,833,1.62,803,1.763,533,2.196,419,2.655,343,2.519,479,2.464,681,2.112,855,1.748,899,1.44,982,1.334,1093,1.536,1163,1.736,1170,1.728,1140,1.601,1009,1.414,930,1.286,957,1.275,1028,1.344,1074,1.316,1068,1.273,921,1.246,821,1.214,794,1.25,720,1.339,529,1.276,543,1.313,304,1.504,190,1.471,206,1.83,387,2.296,660,2.077,976,1.969,1177,1.789,1109,1.466,1112,1.516,1116,1.647,1133,1.667,1055,1.483,990,1.391,1108,1.562,1185,1.632,1160,1.54,1171,1.373,1049,1.166,929,1.193,891,1.201,846,1.188,693,1.105,576,1.193,589,1.284,344,1.5,246,1.694,291,2.347,383,2.072,683,2.101,959,1.859,1216,1.791,1208,1.535,1157,1.521,1196,1.683,1067,1.487,1180,1.58,1199,1.61,1079,1.459,1082,1.456,1095,1.409,1040,1.198,956,1.03,813,0.965,885,1.123,895,1.138,828,1.259,606,1.184
Region 0,Region 4,67,0.079,40,0.068,23,0.05,30,0.084,33,0.116,38,0.153,30,0.099,62,0.17,76,0.168,102,0.178,122,0.178,117,0.151,146,0.175,159,0.188,181,0.211,184,0.218,164,0.192,136,0.153,134,0.147,167,0.198,136,0.168,114,0.147,72,0.109,53,0.103,37,0.081,31,0.128,31,0.196,26,0.191,60,0.309,157,0.487,198,0.405,164,0.263,124,0.168,98,0.138,92,0.137,101,0.149,104,0.146,97,0.136,98,0.136,102,0.136,119,0.156,144,0.177,106,0.126,75,0.101,67,0.099,63,0.099,61,0.113,29,0.07,38,0.092,24,0.119,16,0.124,10,0.089,68,0.403,163,0.513,220,0.444,177,0.269,116,0.153,84,0.115,61,0.09,64,0.094,57,0.08,76,0.107,90,0.127,80,0.11,93,0.123,81,0.095,89,0.099,64,0.082,44,0.059,65,0.091,63,0.1,49,0.101,42,0.092,23,0.1,11,0.076,20,0.161,61,0.33,165,0.508,208,0.403,191,0.281,136,0.173,104,0.137,88,0.124,79,0.11,85,0.114,94,0.126,96,0.13,65,0.087,83,0.107,74,0.085,88,0.095,59,0.07,53,0.067,50,0.064,54,0.082,32,0.063
Region 0,Region 5,64,0.076,42,0.071,27,0.058,19,0.053,19,0.067,21,0.085,40,0.132,47,0.129,63,0.139,120,0.21,160,0.234,192,0.248,241,0.289,195,0.23,160,0.187,145,0.172,154,0.18,124,0.139,129,0.142,119,0.141,132,0.163,93,0.12,51,0.077,29,0.056,32,0.07,24,0.099,11,0.07,25,0.184,47,0.242,104,0.323,168,0.343,160,0.256,153,0.208,139,0.195,111,0.166,119,0.176,150,0.211,126,0.177,143,0.198,142,0.189,156,0.204,162,0.199,163,0.194,109,0.147,65,0.096,68,0.107,65,0.121,40,0.097,23,0.056,12,0.059,9,0.07,20,0.178,58,0.344,128,0.403,178,0.359,170,0.258,171,0.226,146,0.199,149,0.22,135,0.199,122,0.172,149,0.209,129,0.182,107,0.147,145,0.192,159,0.186,137,0.152,83,0.107,60,0.081,63,0.088,61,0.097,37,0.077,37,0.081,14,0.061,6,0.041,25,0.202,57,0.308,118,0.363,181,0.351,186,0.274,184,0.234,190,0.25,176,0.248,167,0.233,166,0.222,122,0.164,128,0.173,112,0.151,122,0.157,126,0.145,124,0.134,110,0.131,87,0.11,73,0.093,68,0.103,48,0.094
Region 0,Region 6,40,0.047,30,0.051,15,0.032,9,0.025,13,0.046,17,0.069,19,0.062,22,0.06,29,0.064,39,0.068,50,0.073,48,0.062,52,0.062,65,0.077,58,0.068,52,0.062,52,0.061,55,0.062,49,0.054,56,0.066,47,0.058,38,0.049,26,0.039,21,0.041,13,0.029,13,0.054,9,0.057,17,0.125,35,0.18,66,0.205,49,0.1,47,0.075,28,0.038,28,0.039,28,0.042,18,0.027,10,0.014,20,0.028,23,0.032,38,0.051,41,0.054,32,0.039,39,0.046,23,0.031,27,0.04,22,0.035,24,0.045,18,0.043,22,0.053,10,0.049,7,0.054,15,0.133,33,0.196,60,0.189,56,0.113,42,0.064,24,0.032,14,0.019,23,0.034,23,0.034,13,0.018,14,0.02,17,0.024,13,0.018,21,0.028,43,0.05,41,0.046,35,0.045,26,0.035,26,0.037,25,0.04,19,0.039,30,0.065,9,0.039,13,0.09,17,0.137,31,0.168,59,0.181,44,0.085,41,0.06,34,0.043,32,0.042,31,0.044,12,0.017,19,0.025,34,0.046,26,0.035,21,0.028,30,0.039,29,0.033,20,0.022,18,0.021,22,0.028,21,0.027,35,0.053,30,0.059
Region 0,Region 7,46,0.054,17,0.029,13,0.028,14,0.039,21,0.074,31,0.125,56,0.184,65,0.179,56,0.124,83,0.145,112,0.164,107,0.138,133,0.16,142,0.168,110,0.128,103,0.122,93,0.109,91,0.102,123,0.135,110,0.131,91,0.112,66,0.085,43,0.065,31,0.06,24,0.053,11,0.045,3,0.019,13,0.095,51,0.262,106,0.329,173,0.354,136,0.218,127,0.173,126,0.177,100,0.149,77,0.114,85,0.119,90,0.126,77,0.106,83,0.111,82,0.107,103,0.126,106,0.126,51,0.069,41,0.061,35,0.055,35,0.065,20,0.048,21,0.051,2,0.01,3,0.023,12,0.107,34,0.202,123,0.387,160,0.323,151,0.23,106,0.14,99,0.135,96,0.142,85,0.125,78,0.11,67,0.094,69,0.097,71,0.098,80,0.106,93,0.109,74,0.082,38,0.049,39,0.053,39,0.055,45,0.072,30,0.062,32,0.07,12,0.052,16,0.11,16,0.129,52,0.281,108,0.332,158,0.306,136,0.2,111,0.141,117,0.154,125,0.176,95,0.132,89,0.119,90,0.121,88,0.119,73,0.098,78,0.1,85,0.098,89,0.096,64,0.076,45,0.057,43,0.055,34,0.052,33,0.064
Region 0,Region 8,7,0.008,12,0.02,4,0.009,1,0.003,0,0,4,0.016,8,0.026,9,0.025,21,0.046,41,0.072,54,0.079,55,0.071,55,0.066,51,0.06,55,0.064,62,0.074,62,0.073,49,0.055,62,0.068,57,0.068,37,0.046,26,0.034,13,0.02,8,0.016,1,0.002,1,0.004,1,0.006,1,0.007,6,0.031,27,0.084,33,0.067,52,0.083,43,0.058,39,0.055,40,0.06,34,0.05,36,0.051,33,0.046,26,0.036,35,0.047,33,0.043,35,0.043,32,0.038,25,0.034,23,0.034,20,0.031,13,0.024,4,0.01,3,0.007,1,0.005,2,0.015,1,0.009,7,0.042,32,0.101,40,0.081,46,0.07,40,0.053,26,0.035,32,0.047,31,0.046,30,0.042,33,0.046,29,0.041,32,0.044,33,0.044,31,0.036,36,0.04,22,0.028,18,0.024,20,0.028,10,0.016,5,0.01,5,0.011,1,0.004,2,0.014,3,0.024,10,0.054,24,0.074,37,0.072,42,0.062,35,0.044,35,0.046,31,0.044,27,0.038,27,0.036,29,0.039,33,0.045,34,0.046,38,0.049,39,0.045,34,0.037,28,0.033,20,0.025,17,0.022,14,0.021,7,0.014
Region 0,Region 9,474,0.561,272,0.459,190,0.409,156,0.439,139,0.488,152,0.613,257,0.845,248,0.682,417,0.92,625,1.092,839,1.227,767,0.99,714,0.858,633,0.747,681,0.796,549,0.651,541,0.633,520,0.584,496,0.546,515,0.611,494,0.608,466,0.601,392,0.594,306,0.595,264,0.579,156,0.643,106,0.672,99,0.727,186,0.957,376,1.166,687,1.404,775,1.241,754,1.024,661,0.929,563,0.84,513,0.758,504,0.708,450,0.631,374,0.517,413,0.55,500,0.654,594,0.728,571,0.68,434,0.587,389,0.575,322,0.507,296,0.55,216,0.521,175,0.423,105,0.519,76,0.588,87,0.773,177,1.05,424,1.334,747,1.507,910,1.383,865,1.143,690,0.941,567,0.837,466,0.686,415,0.583,404,0.568,464,0.654,486,0.669,522,0.693,610,0.715,612,0.68,484,0.622,407,0.549,344,0.483,296,0.472,225,0.466,179,0.39,101,0.441,80,0.551,90,0.726,186,1.006,356,1.095,679,1.316,851,1.253,864,1.098,691,0.908,526,0.74,399,0.556,445,0.596,528,0.709,576,0.779,566,0.761,571,0.735,672,0.774,592,0.638,424,0.503,358,0.454,358,0.455,273,0.415,258,0.504
Region 0,Region 10,33,0.039,20,0.034,18,0.039,11,0.031,8,0.028,16,0.065,31,0.102,31,0.085,50,0.11,64,0.112,80,0.117,74,0.095,82,0.098,91,0.107,105,0.123,96,0.114,102,0.119,87,0.098,95,0.105,89,0.106,61,0.075,48,0.062,33,0.05,24,0.047,9,0.02,10,0.041,9,0.057,5,0.037,23,0.118,96,0.298,173,0.354,165,0.264,134,0.182,90,0.126,103,0.154,92,0.136,80,0.112,69,0.097,75,0.104,71,0.095,82,0.107,89,0.109,79,0.094,59,0.08,46,0.068,30,0.047,24,0.045,13,0.031,16,0.039,7,0.035,7,0.054,9,0.08,26,0.154,105,0.33,190,0.383,171,0.26,112,0.148,78,0.106,92,0.136,78,0.115,65,0.091,53,0.074,47,0.066,34,0.047,54,0.072,63,0.074,71,0.079,38,0.049,23,0.031,27,0.038,22,0.035,15,0.031,17,0.037,12,0.052,9,0.062,11,0.089,35,0.189,105,0.323,169,0.328,166,0.244,139,0.177,102,0.134,79,0.111,71,0.099,70,0.094,76,0.102,81,0.11,73,0.098,83,0.107,81,0.093,65,0.07,51,0.061,49,0.062,28,0.036,22,0.033,15,0.029
Region 0,Region 11,23,0.027,11,0.019,7,0.015,7,0.02,14,0.049,40,0.161,55,0.181,37,0.102,47,0.104,88,0.154,92,0.135,93,0.12,105,0.126,132,0.156,152,0.178,171,0.203,159,0.186,143,0.161,120,0.132,142,0.169,98,0.121,62,0.08,43,0.065,24,0.047,12,0.026,4,0.016,6,0.038,12,0.088,40,0.206,97,0.301,146,0.298,161,0.258,113,0.154,107,0.15,84,0.125,85,0.126,95,0.133,86,0.121,88,0.122,83,0.111,75,0.098,94,0.115,81,0.097,43,0.058,50,0.074,40,0.063,36,0.067,14,0.034,11,0.027,6,0.03,2,0.015,12,0.107,38,0.225,108,0.34,179,0.361,162,0.246,125,0.165,129,0.176,127,0.187,105,0.155,90,0.127,80,0.112,62,0.087,76,0.105,88,0.117,88,0.103,77,0.086,52,0.067,51,0.069,35,0.049,31,0.049,16,0.033,13,0.028,5,0.022,2,0.014,6,0.048,35,0.189,81,0.249,163,0.316,194,0.286,160,0.203,138,0.181,120,0.169,86,0.12,76,0.102,73,0.098,85,0.115,65,0.087,100,0.129,87,0.1,89,0.096,53,0.063,49,0.062,47,0.06,36,0.055,22,0.043
Region 0,Region 12,53,0.063,29,0.049,32,0.069,20,0.056,17,0.06,19,0.077,27,0.089,33,0.091,52,0.115,89,0.156,94,0.137,93,0.12,111,0.133,171,0.202,144,0.168,150,0.178,146,0.171,108,0.121,115,0.127,118,0.14,96,0.118,83,0.107,39,0.059,52,0.101,38,0.083,16,0.066,13,0.082,20,0.147,29,0.149,62,0.192,130,0.266,138,0.221,134,0.182,106,0.149,89,0.133,71,0.105,94,0.132,90,0.126,103,0.142,108,0.144,123,0.161,99,0.121,80,0.095,63,0.085,48,0.071,52,0.082,43,0.08,27,0.065,22,0.053,9,0.045,5,0.039,11,0.098,20,0.119,75,0.236,127,0.256,140,0.213,132,0.174,98,0.134,118,0.174,93,0.137,85,0.119,77,0.108,94,0.133,85,0.117,90,0.119,97,0.114,108,0.12,66,0.085,63,0.085,51,0.072,41,0.065,32,0.066,16,0.035,19,0.083,9,0.062,13,0.105,36,0.195,78,0.24,108,0.209,136,0.2,157,0.2,117,0.154,96,0.135,85,0.118,85,0.114,61,0.082,85,0.115,91,0.122,95,0.122,108,0.124,116,0.125,78,0.093,59,0.075,78,0.099,60,0.091,31,0.061
Region 0,Region 13,0,0,0,0,0,0,0,0,0,0,0,0,0,0,1,0.003,3,0.007,2,0.003,1,0.001,1,0.001,1,0.001,0,0,0,0,0,0,0,0,0,0,0,0,0,0,0,0,0,0,0,0,0,0,0,0,0,0,0,0,0,0,0,0,0,0,0,0,0,0,0,0,0,0,0,0,0,0,0,0,0,0,0,0,0,0,0,0,0,0,0,0,0,0,0,0,0,0,0,0,0,0,0,0,0,0,0,0,0,0,0,0,0,0,0,0,0,0,0,0,0,0,0,0,0,0,0,0,0,0,0,0,0,0,0,0,0,0,0,0,0,0,0,0,0,0,0,0,0,0,0,0,0,0,0,0,0,0,0,0,0,0,0,0,0,0,0,0,0,0,0,0,0,0,0,0,0,0,0,0,0,0,0,0,0,0,0,0,0,0,0,0,0,0,0,0,0,0
Region 0,Region 14,30,0.035,20,0.034,9,0.019,7,0.02,15,0.053,16,0.065,35,0.115,52,0.143,62,0.137,103,0.18,122,0.178,134,0.173,147,0.177,186,0.22,209,0.244,225,0.267,203,0.237,209,0.235,193,0.212,172,0.204,145,0.179,94,0.121,57,0.086,35,0.068,23,0.05,10,0.041,10,0.063,6,0.044,8,0.041,41,0.127,93,0.19,102,0.163,117,0.159,101,0.142,97,0.145,102,0.151,114,0.16,103,0.144,95,0.131,118,0.157,136,0.178,148,0.181,115,0.137,89,0.12,71,0.105,50,0.079,31,0.058,24,0.058,17,0.041,8,0.04,5,0.039,8,0.071,17,0.101,69,0.217,88,0.178,118,0.179,123,0.163,94,0.128,90,0.133,84,0.124,77,0.108,94,0.132,114,0.161,95,0.131,111,0.147,126,0.148,99,0.11,72,0.092,56,0.076,47,0.066,37,0.059,19,0.039,23,0.05,4,0.017,8,0.055,5,0.04,15,0.081,45,0.138,94,0.182,138,0.203,136,0.173,102,0.134,88,0.124,99,0.138,93,0.125,90,0.121,99,0.134,121,0.163,126,0.162,144,0.166,129,0.139,94,0.112,74,0.094,65,0.083,38,0.058,27,0.053
Region 0,Region 15,65,0.077,36,0.061,26,0.056,27,0.076,27,0.095,52,0.21,72,0.237,53,0.146,52,0.115,99,0.173,101,0.148,102,0.132,123,0.148,129,0.152,141,0.165,131,0.155,127,0.149,131,0.147,109,0.12,102,0.121,96,0.118,81,0.105,59,0.089,41,0.08,47,0.103,16,0.066,15,0.095,13,0.095,31,0.159,88,0.273,133,0.272,154,0.247,127,0.173,109,0.153,93,0.139,82,0.121,83,0.117,69,0.097,82,0.113,81,0.108,82,0.107,86,0.105,83,0.099,78,0.106,46,0.068,38,0.06,33,0.061,39,0.094,39,0.094,14,0.069,9,0.07,14,0.124,39,0.231,80,0.252,159,0.321,186,0.283,140,0.185,131,0.179,103,0.152,103,0.152,80,0.112,90,0.126,99,0.14,76,0.105,82,0.109,93,0.109,92,0.102,86,0.11,72,0.097,57,0.08,47,0.075,43,0.089,43,0.094,18,0.079,21,0.145,21,0.169,43,0.233,103,0.317,156,0.302,124,0.183,138,0.175,145,0.191,94,0.132,73,0.102,78,0.104,87,0.117,98,0.132,100,0.135,87,0.112,101,0.116,113,0.122,77,0.091,71,0.09,49,0.062,53,0.081,49,0.096
Region 0,Region 16,38,0.045,31,0.052,27,0.058,23,0.065,30,0.105,34,0.137,53,0.174,73,0.201,104,0.229,185,0.323,241,0.352,256,0.33,287,0.345,322,0.38,332,0.388,317,0.376,317,0.371,287,0.322,271,0.298,235,0.279,178,0.219,123,0.159,79,0.12,43,0.084,14,0.031,10,0.041,8,0.051,8,0.059,33,0.17,104,0.323,200,0.409,225,0.36,210,0.285,159,0.223,129,0.193,155,0.229,161,0.226,152,0.213,159,0.22,158,0.211,188,0.246,206,0.252,178,0.212,114,0.154,78,0.115,65,0.102,56,0.104,21,0.051,21,0.051,14,0.069,11,0.085,8,0.071,45,0.267,106,0.334,209,0.422,226,0.344,210,0.278,191,0.26,209,0.308,164,0.241,146,0.205,148,0.208,156,0.22,177,0.244,168,0.223,194,0.228,164,0.182,93,0.119,79,0.107,59,0.083,56,0.089,35,0.072,34,0.074,13,0.057,6,0.041,21,0.169,50,0.271,110,0.338,229,0.444,235,0.346,223,0.283,176,0.231,176,0.248,175,0.244,165,0.221,180,0.242,181,0.245,190,0.256,211,0.271,211,0.243,190,0.205,113,0.134,101,0.128,82,0.104,65,0.099,29,0.057
Region 1,Region 0,207,0.245,134,0.226,93,0.2,92,0.259,66,0.232,66,0.266,99,0.325,102,0.28,125,0.276,136,0.238,141,0.206,146,0.188,149,0.179,157,0.185,146,0.171,159,0.189,150,0.175,113,0.127,172,0.189,164,0.195,174,0.214,157,0.203,156,0.237,140,0.272,107,0.235,57,0.235,41,0.26,34,0.25,53,0.273,81,0.251,121,0.247,157,0.251,120,0.163,125,0.176,91,0.136,122,0.18,117,0.164,142,0.199,178,0.246,165,0.22,144,0.188,170,0.208,166,0.198,171,0.231,191,0.282,160,0.252,167,0.31,137,0.331,152,0.368,55,0.272,43,0.333,44,0.391,49,0.291,75,0.236,98,0.198,168,0.255,143,0.189,142,0.194,144,0.212,136,0.2,130,0.183,134,0.188,157,0.221,178,0.245,158,0.21,184,0.216,196,0.218,168,0.216,229,0.309,276,0.388,188,0.3,166,0.344,181,0.395,71,0.31,59,0.406,41,0.331,41,0.222,87,0.268,106,0.205,142,0.209,102,0.13,107,0.141,142,0.2,153,0.213,165,0.221,179,0.24,168,0.227,191,0.257,192,0.247,207,0.238,169,0.182,210,0.249,225,0.286,258,0.328,232,0.353,205,0.401
Region 1,Region 1,3792,4.485,2404,4.057,1712,3.687,1429,4.022,1234,4.33,1178,4.753,1487,4.889,1749,4.806,1950,4.302,2408,4.208,3084,4.51,3539,4.566,4108,4.935,4246,5.011,4370,5.105,4455,5.285,4446,5.2,4808,5.401,4792,5.273,4272,5.069,3782,4.658,3760,4.853,3257,4.939,2630,5.113,2314,5.079,1119,4.611,680,4.308,588,4.317,747,3.843,1256,3.896,2363,4.83,3204,5.132,4415,5.999,4541,6.38,4220,6.299,4208,6.216,4914,6.899,4691,6.573,4489,6.207,4712,6.28,4788,6.261,5258,6.445,5722,6.819,4890,6.616,4067,6.011,3931,6.189,3288,6.113,2397,5.783,2300,5.563,1100,5.441,743,5.753,645,5.729,736,4.366,1297,4.081,2240,4.52,3472,5.278,4652,6.148,4930,6.722,4796,7.077,4743,6.98,5191,7.298,4918,6.912,4807,6.778,4856,6.688,4821,6.399,5921,6.943,6246,6.944,5491,7.054,4657,6.279,4404,6.186,3757,5.993,2827,5.855,2791,6.083,1331,5.805,807,5.556,658,5.306,853,4.615,1348,4.147,2421,4.693,3471,5.112,4839,6.149,5090,6.69,5047,7.104,5374,7.49,5522,7.393,5533,7.428,5138,6.946,5147,6.925,5245,6.747,5932,6.831,6316,6.804,5534,6.571,4807,6.1,4854,6.17,3973,6.042,2866,5.599
Region 1,Region 2,114,0.135,68,0.115,54,0.116,46,0.129,87,0.305,76,0.307,74,0.243,59,0.162,93,0.205,96,0.168,110,0.161,141,0.182,176,0.211,166,0.196,163,0.19,130,0.154,145,0.17,137,0.154,120,0.132,93,0.11,82,0.101,101,0.13,109,0.165,97,0.189,72,0.158,20,0.082,5,0.032,29,0.213,73,0.376,106,0.329,122,0.249,163,0.261,187,0.254,219,0.308,220,0.328,223,0.329,204,0.286,159,0.223,188,0.26,200,0.267,148,0.194,177,0.217,191,0.228,95,0.129,63,0.093,73,0.115,62,0.115,59,0.142,86,0.208,30,0.148,17,0.132,26,0.231,49,0.291,80,0.252,128,0.258,194,0.295,197,0.26,246,0.335,203,0.3,149,0.219,167,0.235,213,0.299,226,0.319,186,0.256,190,0.252,144,0.169,115,0.128,103,0.132,86,0.116,74,0.104,80,0.128,69,0.143,69,0.15,26,0.113,19,0.131,30,0.242,41,0.222,76,0.234,104,0.202,142,0.209,208,0.264,170,0.223,146,0.206,125,0.174,125,0.167,171,0.23,108,0.146,219,0.295,170,0.219,257,0.296,184,0.198,112,0.133,115,0.146,89,0.113,81,0.123,86,0.168
Region 1,Region 3,267,0.316,154,0.26,156,0.336,137,0.386,105,0.368,80,0.323,104,0.342,143,0.393,195,0.43,198,0.346,198,0.29,241,0.311,189,0.227,197,0.233,192,0.224,162,0.192,184,0.215,175,0.197,245,0.27,218,0.259,202,0.249,202,0.261,195,0.296,209,0.406,228,0.5,109,0.449,68,0.431,43,0.316,57,0.293,89,0.276,132,0.27,178,0.285,147,0.2,147,0.207,144,0.215,141,0.208,132,0.185,175,0.245,177,0.245,196,0.261,165,0.216,204,0.25,193,0.23,233,0.315,209,0.309,205,0.323,195,0.363,184,0.444,217,0.525,102,0.505,65,0.503,45,0.4,58,0.344,68,0.214,101,0.204,136,0.207,129,0.17,135,0.184,163,0.241,154,0.227,153,0.215,149,0.209,174,0.245,202,0.278,217,0.288,219,0.257,249,0.277,246,0.316,261,0.352,306,0.43,271,0.432,256,0.53,277,0.604,130,0.567,86,0.592,66,0.532,59,0.319,72,0.221,116,0.225,146,0.215,184,0.234,154,0.202,184,0.259,174,0.243,156,0.209,186,0.25,195,0.264,192,0.258,238,0.306,235,0.271,202,0.218,206,0.245,269,0.341,290,0.369,281,0.427,263,0.514
Region 1,Region 4,333,0.394,241,0.407,185,0.398,130,0.366,93,0.326,60,0.242,82,0.27,126,0.346,182,0.401,204,0.356,270,0.395,262,0.338,235,0.282,269,0.317,304,0.355,318,0.377,221,0.258,320,0.359,340,0.374,257,0.305,257,0.317,273,0.352,217,0.329,181,0.352,232,0.509,133,0.548,56,0.355,33,0.242,48,0.247,65,0.202,130,0.266,218,0.349,302,0.41,316,0.444,225,0.336,269,0.397,318,0.446,286,0.401,295,0.408,292,0.389,224,0.293,311,0.381,406,0.484,300,0.406,332,0.491,368,0.579,339,0.63,324,0.782,269,0.651,119,0.589,85,0.658,44,0.391,37,0.22,74,0.233,147,0.297,221,0.336,312,0.412,282,0.385,273,0.403,293,0.431,248,0.349,245,0.344,301,0.424,291,0.401,280,0.372,301,0.353,369,0.41,297,0.382,445,0.6,421,0.591,369,0.589,319,0.661,298,0.65,120,0.523,71,0.489,73,0.589,55,0.298,71,0.218,156,0.302,275,0.405,356,0.452,357,0.469,285,0.401,248,0.346,249,0.333,196,0.263,245,0.331,253,0.34,212,0.273,282,0.325,360,0.388,349,0.414,459,0.582,492,0.625,411,0.625,353,0.69
Region 1,Region 5,613,0.725,436,0.736,289,0.622,256,0.721,244,0.856,206,0.831,222,0.73,240,0.66,317,0.699,368,0.643,446,0.652,393,0.507,365,0.438,436,0.515,436,0.509,438,0.52,392,0.458,432,0.485,425,0.468,400,0.475,449,0.553,517,0.667,435,0.66,277,0.539,290,0.637,210,0.865,160,1.014,139,1.021,154,0.792,221,0.685,300,0.613,330,0.529,421,0.572,425,0.597,432,0.645,475,0.702,481,0.675,534,0.748,578,0.799,567,0.756,487,0.637,544,0.667,639,0.762,583,0.789,640,0.946,574,0.904,489,0.909,349,0.842,292,0.706,201,0.994,99,0.767,118,1.048,150,0.89,181,0.57,270,0.545,368,0.559,461,0.609,485,0.661,447,0.66,478,0.703,543,0.763,574,0.807,558,0.787,495,0.682,447,0.593,710,0.833,739,0.822,662,0.85,740,0.998,723,1.015,594,0.947,364,0.754,340,0.741,208,0.907,125,0.861,119,0.96,157,0.849,186,0.572,278,0.539,430,0.633,457,0.581,457,0.601,459,0.646,555,0.774,603,0.807,584,0.784,603,0.815,550,0.74,475,0.611,583,0.671,714,0.769,690,0.819,743,0.943,740,0.941,578,0.879,393,0.768
Region 1,Region 6,287,0.339,178,0.3,153,0.33,101,0.284,74,0.26,41,0.165,42,0.138,65,0.179,76,0.168,108,0.189,124,0.181,151,0.195,178,0.214,172,0.203,165,0.193,218,0.259,157,0.184,228,0.256,244,0.268,214,0.254,210,0.259,195,0.252,163,0.247,141,0.274,160,0.351,60,0.247,48,0.304,32,0.235,25,0.129,50,0.155,74,0.151,110,0.176,134,0.182,163,0.229,123,0.184,129,0.191,140,0.197,123,0.172,131,0.181,160,0.213,208,0.272,213,0.261,210,0.25,204,0.276,263,0.389,253,0.398,250,0.465,190,0.458,196,0.474,93,0.46,50,0.387,34,0.302,37,0.22,37,0.116,73,0.147,108,0.164,145,0.192,149,0.203,128,0.189,120,0.177,99,0.139,119,0.167,116,0.164,137,0.189,146,0.194,232,0.272,258,0.287,246,0.316,292,0.394,278,0.39,289,0.461,222,0.46,187,0.408,117,0.51,69,0.475,36,0.29,30,0.162,38,0.117,80,0.155,97,0.143,145,0.184,187,0.246,145,0.204,164,0.229,151,0.202,147,0.197,152,0.205,184,0.248,206,0.265,283,0.326,251,0.27,236,0.28,315,0.4,315,0.4,267,0.406,249,0.486
Region 1,Region 7,1143,1.352,924,1.559,638,1.374,504,1.419,467,1.639,435,1.755,463,1.522,558,1.533,645,1.423,769,1.344,979,1.432,1038,1.339,970,1.165,861,1.016,941,1.099,809,0.96,725,0.848,709,0.797,933,1.027,964,1.144,1023,1.26,881,1.137,842,1.277,666,1.295,526,1.155,275,1.133,181,1.147,211,1.549,256,1.317,389,1.207,625,1.278,780,1.249,843,1.145,818,1.149,817,1.22,1006,1.486,1051,1.476,993,1.391,977,1.351,1041,1.387,1055,1.379,1195,1.465,1263,1.505,1212,1.64,1291,1.908,1278,2.012,1178,2.19,813,1.961,764,1.848,346,1.711,230,1.781,179,1.59,281,1.667,370,1.164,635,1.281,882,1.341,896,1.184,823,1.122,915,1.35,995,1.464,1037,1.458,1107,1.556,1060,1.495,1018,1.402,1091,1.448,1341,1.573,1526,1.697,1341,1.723,1583,2.134,1470,2.065,1369,2.184,1038,2.15,773,1.685,433,1.889,299,2.059,232,1.871,282,1.526,433,1.332,687,1.332,951,1.401,1071,1.361,943,1.239,992,1.396,1152,1.606,1227,1.643,1215,1.631,1112,1.503,985,1.325,1052,1.353,1250,1.439,1321,1.423,1337,1.587,1518,1.926,1556,1.978,1333,2.027,1143,2.233
Region 1,Region 8,52,0.061,44,0.074,26,0.056,17,0.048,16,0.056,4,0.016,9,0.03,12,0.033,15,0.033,35,0.061,52,0.076,41,0.053,53,0.064,59,0.07,60,0.07,44,0.052,41,0.048,51,0.057,48,0.053,54,0.064,43,0.053,30,0.039,36,0.055,22,0.043,12,0.026,4,0.016,6,0.038,9,0.066,5,0.026,9,0.028,24,0.049,26,0.042,38,0.052,34,0.048,50,0.075,43,0.064,43,0.06,39,0.055,50,0.069,50,0.067,52,0.068,69,0.085,85,0.101,74,0.1,80,0.118,89,0.14,70,0.13,36,0.087,34,0.082,20,0.099,16,0.124,7,0.062,6,0.036,8,0.025,15,0.03,35,0.053,25,0.033,36,0.049,45,0.066,54,0.079,41,0.058,52,0.073,43,0.061,44,0.061,59,0.078,100,0.117,127,0.141,107,0.137,88,0.119,109,0.153,80,0.128,56,0.116,50,0.109,13,0.057,12,0.083,0,0,10,0.054,12,0.037,13,0.025,38,0.056,39,0.05,58,0.076,48,0.068,55,0.077,51,0.068,51,0.068,55,0.074,51,0.069,53,0.068,90,0.104,91,0.098,98,0.116,116,0.147,79,0.1,79,0.12,59,0.115
Region 1,Region 9,109,0.129,66,0.111,66,0.142,69,0.194,65,0.228,46,0.186,46,0.151,70,0.192,44,0.097,35,0.061,54,0.079,50,0.065,43,0.052,47,0.055,39,0.046,63,0.075,58,0.068,61,0.069,62,0.068,67,0.08,76,0.094,49,0.063,61,0.092,76,0.148,80,0.176,43,0.177,27,0.171,16,0.117,28,0.144,42,0.13,48,0.098,53,0.085,47,0.064,50,0.07,33,0.049,38,0.056,47,0.066,38,0.053,46,0.064,44,0.059,35,0.046,51,0.063,58,0.069,50,0.068,64,0.095,71,0.112,64,0.119,60,0.145,79,0.191,43,0.213,20,0.155,27,0.24,19,0.113,31,0.098,49,0.099,47,0.071,41,0.054,51,0.07,54,0.08,57,0.084,47,0.066,48,0.067,35,0.049,51,0.07,52,0.069,60,0.07,78,0.087,47,0.06,54,0.073,66,0.093,79,0.126,79,0.164,98,0.214,55,0.24,33,0.227,33,0.266,31,0.168,40,0.123,58,0.112,72,0.106,55,0.07,54,0.071,49,0.069,47,0.066,60,0.08,57,0.077,48,0.065,39,0.052,50,0.064,53,0.061,70,0.075,49,0.058,47,0.06,57,0.072,65,0.099,78,0.152
Region 1,Region 10,374,0.442,283,0.478,197,0.424,127,0.357,105,0.368,76,0.307,53,0.174,115,0.316,180,0.397,184,0.322,263,0.385,292,0.377,289,0.347,226,0.267,244,0.285,205,0.243,173,0.202,239,0.268,280,0.308,273,0.324,221,0.272,200,0.258,216,0.328,198,0.385,173,0.38,76,0.313,43,0.272,34,0.25,35,0.18,47,0.146,144,0.294,205,0.328,255,0.346,241,0.339,228,0.34,270,0.399,264,0.371,247,0.346,241,0.333,255,0.34,321,0.42,331,0.406,397,0.473,374,0.506,428,0.633,402,0.633,338,0.628,235,0.567,220,0.532,100,0.495,63,0.488,47,0.417,38,0.225,63,0.198,131,0.264,210,0.319,264,0.349,289,0.394,263,0.388,296,0.436,279,0.392,283,0.398,242,0.341,223,0.307,274,0.364,372,0.436,419,0.466,398,0.511,475,0.64,553,0.777,392,0.625,272,0.563,248,0.541,133,0.58,68,0.468,52,0.419,38,0.206,62,0.191,132,0.256,233,0.343,267,0.339,301,0.396,288,0.405,269,0.375,278,0.372,259,0.348,300,0.406,258,0.347,321,0.413,382,0.44,440,0.474,398,0.473,486,0.617,489,0.622,400,0.608,314,0.613
Region 1,Region 11,518,0.613,374,0.631,318,0.685,236,0.664,181,0.635,216,0.871,386,1.269,251,0.69,312,0.688,480,0.839,547,0.8,540,0.697,627,0.753,672,0.793,671,0.784,655,0.777,579,0.677,555,0.623,643,0.708,593,0.704,578,0.712,542,0.7,428,0.649,269,0.523,233,0.511,105,0.433,88,0.558,61,0.448,102,0.525,230,0.713,403,0.824,594,0.951,652,0.886,639,0.898,597,0.891,528,0.78,530,0.744,576,0.807,587,0.812,559,0.745,567,0.741,724,0.887,708,0.844,585,0.791,560,0.828,514,0.809,442,0.822,313,0.755,260,0.629,100,0.495,81,0.627,65,0.577,104,0.617,248,0.78,391,0.789,622,0.945,705,0.932,601,0.82,632,0.933,640,0.942,626,0.88,590,0.829,574,0.809,611,0.841,601,0.798,739,0.867,721,0.802,618,0.794,614,0.828,581,0.816,544,0.868,369,0.764,312,0.68,155,0.676,83,0.571,75,0.605,147,0.795,259,0.797,429,0.832,637,0.938,670,0.851,573,0.753,638,0.898,636,0.886,595,0.797,583,0.783,595,0.804,557,0.749,562,0.723,687,0.791,809,0.872,649,0.771,657,0.834,700,0.89,502,0.763,368,0.719
Region 1,Region 12,55,0.065,57,0.096,49,0.106,26,0.073,31,0.109,25,0.101,30,0.099,28,0.077,30,0.066,35,0.061,34,0.05,35,0.045,46,0.055,51,0.06,42,0.049,43,0.051,46,0.054,25,0.028,54,0.059,47,0.056,37,0.046,45,0.058,34,0.052,36,0.07,42,0.092,25,0.103,16,0.101,19,0.14,13,0.067,30,0.093,27,0.055,32,0.051,23,0.031,31,0.044,30,0.045,25,0.037,33,0.046,40,0.056,36,0.05,55,0.073,60,0.078,60,0.074,56,0.067,29,0.039,22,0.033,38,0.06,39,0.073,35,0.084,56,0.135,29,0.143,20,0.155,9,0.08,14,0.083,23,0.072,26,0.052,39,0.059,37,0.049,31,0.042,35,0.052,38,0.056,27,0.038,38,0.053,29,0.041,41,0.056,39,0.052,46,0.054,50,0.056,38,0.049,31,0.042,48,0.067,40,0.064,52,0.108,48,0.105,24,0.105,24,0.165,11,0.089,17,0.092,28,0.086,27,0.052,32,0.047,33,0.042,28,0.037,28,0.039,43,0.06,40,0.054,36,0.048,29,0.039,44,0.059,48,0.062,61,0.07,50,0.054,44,0.052,38,0.048,42,0.053,45,0.068,39,0.076
Region 1,Region 13,0,0,0,0,0,0,0,0,0,0,0,0,0,0,0,0,0,0,1,0.002,0,0,0,0,0,0,0,0,0,0,0,0,0,0,0,0,0,0,0,0,0,0,0,0,0,0,0,0,0,0,0,0,0,0,0,0,0,0,0,0,0,0,0,0,0,0,0,0,0,0,0,0,0,0,1,0.001,0,0,0,0,0,0,1,0.001,0,0,0,0,0,0,0,0,0,0,0,0,0,0,0,0,0,0,0,0,0,0,0,0,0,0,0,0,0,0,0,0,0,0,0,0,0,0,0,0,0,0,0,0,0,0,0,0,0,0,0,0,0,0,0,0,0,0,0,0,0,0,0,0,0,0,0,0,0,0,0,0,0,0,0,0,0,0,0,0,0,0,0,0,0,0,0,0,0,0,0,0,0,0,0,0,0,0,0,0,0,0,0,0,0,0,0,0
Region 1,Region 14,120,0.142,63,0.106,70,0.151,60,0.169,34,0.119,30,0.121,39,0.128,36,0.099,41,0.09,55,0.096,59,0.086,67,0.086,59,0.071,79,0.093,75,0.088,74,0.088,85,0.099,85,0.095,108,0.119,101,0.12,106,0.131,86,0.111,59,0.089,59,0.115,50,0.11,18,0.074,16,0.101,12,0.088,19,0.098,47,0.146,57,0.117,71,0.114,78,0.106,71,0.1,68,0.102,74,0.109,75,0.105,66,0.092,75,0.104,88,0.117,94,0.123,117,0.143,102,0.122,86,0.116,81,0.12,115,0.181,85,0.158,67,0.162,65,0.157,34,0.168,18,0.139,20,0.178,16,0.095,51,0.16,58,0.117,86,0.131,68,0.09,58,0.079,66,0.097,73,0.107,81,0.114,69,0.097,60,0.085,88,0.121,68,0.09,108,0.127,86,0.096,90,0.116,104,0.14,100,0.14,106,0.169,77,0.159,87,0.19,39,0.17,28,0.193,22,0.177,26,0.141,37,0.114,45,0.087,78,0.115,67,0.085,46,0.06,67,0.094,75,0.105,59,0.079,76,0.102,88,0.119,84,0.113,74,0.095,139,0.16,141,0.152,109,0.129,120,0.152,116,0.147,119,0.181,84,0.164
Region 1,Region 15,632,0.747,383,0.646,310,0.668,218,0.614,216,0.758,201,0.811,285,0.937,198,0.544,184,0.406,230,0.402,329,0.481,356,0.459,370,0.444,379,0.447,385,0.45,376,0.446,457,0.535,462,0.519,564,0.621,498,0.591,408,0.503,400,0.516,377,0.572,374,0.727,373,0.819,219,0.902,159,1.007,94,0.69,129,0.664,193,0.599,267,0.546,366,0.586,294,0.399,335,0.471,362,0.54,304,0.449,342,0.48,354,0.496,485,0.671,508,0.677,463,0.605,543,0.666,485,0.578,363,0.491,387,0.572,392,0.617,311,0.578,362,0.873,386,0.934,222,1.098,130,1.007,107,0.95,120,0.712,192,0.604,291,0.587,374,0.569,315,0.416,306,0.417,387,0.571,405,0.596,349,0.491,364,0.512,383,0.54,412,0.567,430,0.571,443,0.52,446,0.496,402,0.516,454,0.612,408,0.573,389,0.62,377,0.781,383,0.835,182,0.794,128,0.881,98,0.79,140,0.757,219,0.674,294,0.57,336,0.495,296,0.376,282,0.371,381,0.536,376,0.524,342,0.458,346,0.465,314,0.424,437,0.588,527,0.678,566,0.652,499,0.538,389,0.462,446,0.566,422,0.536,437,0.665,408,0.797
Region 1,Region 16,306,0.362,237,0.4,150,0.323,117,0.329,86,0.302,84,0.339,128,0.421,148,0.407,187,0.413,258,0.451,288,0.421,325,0.419,342,0.411,346,0.408,338,0.395,322,0.382,323,0.378,350,0.393,379,0.417,361,0.428,382,0.47,315,0.407,274,0.415,213,0.414,172,0.378,82,0.338,57,0.361,35,0.257,73,0.376,131,0.406,206,0.421,327,0.524,356,0.484,303,0.426,342,0.511,296,0.437,347,0.487,342,0.479,358,0.495,363,0.484,372,0.486,384,0.471,413,0.492,399,0.54,376,0.556,361,0.568,287,0.534,190,0.458,174,0.421,70,0.346,53,0.41,56,0.497,77,0.457,136,0.428,235,0.474,321,0.488,391,0.517,354,0.483,321,0.474,339,0.499,399,0.561,396,0.557,349,0.492,315,0.434,324,0.43,432,0.507,460,0.511,420,0.54,390,0.526,406,0.57,293,0.467,257,0.532,220,0.48,95,0.414,58,0.399,55,0.444,74,0.4,133,0.409,209,0.405,331,0.487,382,0.485,372,0.489,373,0.525,328,0.457,372,0.498,372,0.499,336,0.454,351,0.472,362,0.466,447,0.515,531,0.572,426,0.506,404,0.513,431,0.548,339,0.516,253,0.494
Region 2,Region 0,318,0.376,180,0.304,142,0.306,131,0.369,134,0.47,119,0.48,147,0.483,199,0.547,266,0.587,299,0.522,325,0.475,249,0.321,205,0.246,309,0.365,336,0.392,272,0.323,200,0.234,157,0.176,238,0.262,301,0.357,356,0.438,291,0.376,252,0.382,241,0.469,215,0.472,89,0.367,64,0.405,65,0.477,88,0.453,167,0.518,285,0.583,320,0.513,325,0.442,241,0.339,185,0.276,179,0.264,171,0.24,167,0.234,173,0.239,162,0.216,183,0.239,202,0.248,211,0.251,186,0.252,155,0.229,146,0.23,182,0.338,175,0.422,181,0.438,86,0.425,48,0.372,44,0.391,68,0.403,148,0.466,259,0.523,304,0.462,353,0.467,317,0.432,256,0.378,201,0.296,173,0.243,179,0.252,198,0.279,206,0.284,228,0.303,207,0.243,238,0.265,208,0.267,204,0.275,168,0.236,207,0.33,158,0.327,143,0.312,77,0.336,71,0.489,55,0.444,103,0.557,184,0.566,259,0.502,323,0.476,289,0.367,213,0.28,210,0.296,224,0.312,242,0.324,244,0.328,238,0.322,214,0.288,191,0.246,185,0.213,224,0.241,276,0.328,224,0.284,237,0.301,203,0.309,221,0.432
Region 2,Region 1,171,0.202,72,0.122,46,0.099,37,0.104,57,0.2,61,0.246,89,0.293,89,0.245,101,0.223,114,0.199,142,0.208,161,0.208,207,0.249,200,0.236,229,0.268,223,0.265,220,0.257,212,0.238,225,0.248,219,0.26,214,0.264,259,0.334,213,0.323,237,0.461,186,0.408,60,0.247,28,0.177,24,0.176,56,0.288,141,0.437,198,0.405,237,0.38,232,0.315,203,0.285,179,0.267,224,0.331,162,0.227,206,0.289,207,0.286,207,0.276,211,0.276,264,0.324,253,0.302,182,0.246,173,0.256,185,0.291,183,0.34,161,0.388,148,0.358,55,0.272,37,0.286,36,0.32,54,0.32,133,0.419,174,0.351,183,0.278,197,0.26,191,0.26,154,0.227,169,0.249,189,0.266,158,0.222,171,0.241,175,0.241,158,0.21,194,0.228,201,0.223,180,0.231,183,0.247,215,0.302,179,0.286,152,0.315,125,0.272,51,0.222,25,0.172,19,0.153,41,0.222,140,0.431,212,0.411,235,0.346,223,0.283,200,0.263,165,0.232,181,0.252,159,0.213,176,0.236,199,0.269,204,0.274,182,0.234,208,0.24,184,0.198,178,0.211,138,0.175,171,0.217,176,0.268,145,0.283
Region 2,Region 2,2901,3.431,1788,3.017,1396,3.007,1178,3.316,1284,4.506,1132,4.567,1295,4.258,1459,4.009,1763,3.889,2510,4.386,3360,4.914,3922,5.06,4303,5.169,4095,4.833,4209,4.917,4347,5.157,4455,5.211,4635,5.207,4436,4.881,3804,4.514,3584,4.414,3380,4.362,2847,4.317,2255,4.384,2048,4.495,1086,4.475,734,4.65,672,4.934,1058,5.444,1962,6.085,2998,6.128,3619,5.797,3721,5.056,3461,4.863,3299,4.924,3524,5.205,3647,5.12,3542,4.963,3865,5.344,3945,5.258,3953,5.169,3889,4.767,3460,4.123,2871,3.884,2406,3.556,2314,3.643,2001,3.72,1677,4.046,1757,4.25,802,3.967,573,4.437,499,4.432,874,5.185,1739,5.472,2772,5.593,3354,5.098,3525,4.659,3323,4.531,3413,5.036,3188,4.691,3277,4.607,3367,4.732,3420,4.822,3439,4.736,3619,4.803,3763,4.413,3573,3.972,2874,3.692,2573,3.469,2181,3.063,2114,3.372,1655,3.428,1658,3.614,837,3.651,554,3.814,478,3.855,891,4.82,1749,5.38,2872,5.568,3403,5.012,3740,4.753,3429,4.507,3229,4.545,3287,4.581,3407,4.561,3584,4.812,3747,5.066,3790,5.099,4039,5.196,4131,4.757,4185,4.508,3472,4.122,2842,3.606,2664,3.386,2279,3.466,1899,3.71
Region 2,Region 3,583,0.69,307,0.518,292,0.629,228,0.642,217,0.761,228,0.92,305,1.003,489,1.344,748,1.65,999,1.746,984,1.439,873,1.126,896,1.076,698,0.824,681,0.796,612,0.726,508,0.594,476,0.535,583,0.641,663,0.787,802,0.988,830,1.071,770,1.168,549,1.067,526,1.155,208,0.857,147,0.931,105,0.771,159,0.818,338,1.048,630,1.288,809,1.296,747,1.015,714,1.003,570,0.851,556,0.821,436,0.612,596,0.835,525,0.726,494,0.658,456,0.596,411,0.504,494,0.589,467,0.632,499,0.738,464,0.731,466,0.866,482,1.163,485,1.173,154,0.762,93,0.72,93,0.826,124,0.736,310,0.975,638,1.287,814,1.237,723,0.956,784,1.069,786,1.16,681,1.002,607,0.853,469,0.659,498,0.702,496,0.683,513,0.681,549,0.644,507,0.564,518,0.665,551,0.743,514,0.722,598,0.954,388,0.804,438,0.955,187,0.816,112,0.771,97,0.782,157,0.849,446,1.372,711,1.378,770,1.134,757,0.962,612,0.804,628,0.884,694,0.967,588,0.787,526,0.706,546,0.738,448,0.603,421,0.542,427,0.492,425,0.458,461,0.547,582,0.738,692,0.88,587,0.893,433,0.846
Region 2,Region 4,50,0.059,25,0.042,18,0.039,26,0.073,15,0.053,26,0.105,31,0.102,26,0.071,19,0.042,27,0.047,34,0.05,38,0.049,55,0.066,50,0.059,44,0.051,29,0.034,32,0.037,44,0.049,48,0.053,46,0.055,46,0.057,50,0.065,50,0.076,68,0.132,59,0.129,23,0.095,13,0.082,6,0.044,9,0.046,23,0.071,52,0.106,67,0.107,59,0.08,39,0.055,28,0.042,36,0.053,30,0.042,44,0.062,34,0.047,36,0.048,37,0.048,55,0.067,46,0.055,44,0.06,33,0.049,36,0.057,29,0.054,28,0.068,37,0.089,18,0.089,6,0.046,3,0.027,7,0.042,26,0.082,60,0.121,73,0.111,80,0.106,48,0.065,43,0.063,57,0.084,34,0.048,27,0.038,30,0.042,32,0.044,34,0.045,31,0.036,29,0.032,46,0.059,42,0.057,37,0.052,35,0.056,30,0.062,40,0.087,14,0.061,12,0.083,5,0.04,14,0.076,38,0.117,62,0.12,65,0.096,61,0.078,48,0.063,42,0.059,32,0.045,28,0.037,42,0.056,35,0.047,35,0.047,28,0.036,31,0.036,33,0.036,34,0.04,29,0.037,31,0.039,35,0.053,42,0.082
Region 2,Region 5,19,0.022,10,0.017,12,0.026,6,0.017,8,0.028,7,0.028,6,0.02,13,0.036,17,0.038,19,0.033,18,0.026,14,0.018,26,0.031,28,0.033,24,0.028,20,0.024,27,0.032,24,0.027,20,0.022,20,0.024,25,0.031,27,0.035,18,0.027,15,0.029,14,0.031,9,0.037,6,0.038,7,0.051,7,0.036,17,0.053,20,0.041,22,0.035,19,0.026,21,0.03,16,0.024,29,0.043,22,0.031,11,0.015,19,0.026,14,0.019,6,0.008,15,0.018,17,0.02,25,0.034,16,0.024,14,0.022,20,0.037,16,0.039,8,0.019,5,0.025,8,0.062,5,0.044,8,0.047,11,0.035,16,0.032,19,0.029,17,0.022,18,0.025,25,0.037,25,0.037,27,0.038,19,0.027,17,0.024,16,0.022,15,0.02,12,0.014,23,0.026,20,0.026,23,0.031,23,0.032,13,0.021,8,0.017,7,0.015,3,0.013,2,0.014,2,0.016,2,0.011,10,0.031,15,0.029,14,0.021,23,0.029,23,0.03,32,0.045,20,0.028,26,0.035,14,0.019,23,0.031,18,0.024,17,0.022,9,0.01,13,0.014,15,0.018,21,0.027,16,0.02,8,0.012,7,0.014
Region 2,Region 6,43,0.051,25,0.042,20,0.043,9,0.025,13,0.046,9,0.036,16,0.053,22,0.06,24,0.053,29,0.051,47,0.069,69,0.089,76,0.091,58,0.068,54,0.063,63,0.075,46,0.054,45,0.051,66,0.073,45,0.053,61,0.075,50,0.065,43,0.065,37,0.072,31,0.068,10,0.041,7,0.044,9,0.066,9,0.046,32,0.099,50,0.102,39,0.062,39,0.053,37,0.052,26,0.039,31,0.046,40,0.056,31,0.043,40,0.055,27,0.036,30,0.039,30,0.037,25,0.03,34,0.046,27,0.04,36,0.057,40,0.074,29,0.07,32,0.077,11,0.054,6,0.046,3,0.027,15,0.089,31,0.098,36,0.073,27,0.041,46,0.061,37,0.05,27,0.04,30,0.044,28,0.039,33,0.046,37,0.052,27,0.037,30,0.04,37,0.043,32,0.036,23,0.03,25,0.034,38,0.053,25,0.04,21,0.043,23,0.05,9,0.039,12,0.083,4,0.032,10,0.054,28,0.086,46,0.089,59,0.087,45,0.057,42,0.055,29,0.041,33,0.046,24,0.032,29,0.039,47,0.064,36,0.048,37,0.048,37,0.043,29,0.031,37,0.044,31,0.039,32,0.041,34,0.052,30,0.059
Region 2,Region 7,66,0.078,35,0.059,22,0.047,12,0.034,20,0.07,23,0.093,25,0.082,28,0.077,28,0.062,31,0.054,32,0.047,52,0.067,65,0.078,50,0.059,48,0.056,39,0.046,48,0.056,55,0.062,69,0.076,52,0.062,55,0.068,67,0.086,46,0.07,47,0.091,36,0.079,14,0.058,10,0.063,5,0.037,11,0.057,33,0.102,55,0.112,55,0.088,56,0.076,38,0.053,37,0.055,41,0.061,44,0.062,37,0.052,44,0.061,33,0.044,37,0.048,45,0.055,57,0.068,53,0.072,40,0.059,43,0.068,41,0.076,35,0.084,20,0.048,10,0.049,10,0.077,8,0.071,10,0.059,36,0.113,67,0.135,52,0.079,53,0.07,47,0.064,50,0.074,38,0.056,34,0.048,34,0.048,32,0.045,36,0.05,28,0.037,44,0.052,49,0.054,40,0.051,42,0.057,51,0.072,49,0.078,33,0.068,26,0.057,9,0.039,8,0.055,6,0.048,14,0.076,31,0.095,51,0.099,63,0.093,56,0.071,50,0.066,35,0.049,55,0.077,59,0.079,51,0.068,40,0.054,33,0.044,28,0.036,36,0.041,51,0.055,39,0.046,38,0.048,35,0.044,41,0.062,32,0.063
Region 2,Region 8,5,0.006,1,0.002,0,0,1,0.003,0,0,0,0,0,0,1,0.003,4,0.009,4,0.007,3,0.004,3,0.004,6,0.007,2,0.002,3,0.004,2,0.002,5,0.006,5,0.006,5,0.006,3,0.004,4,0.005,4,0.005,0,0,2,0.004,4,0.009,4,0.016,1,0.006,1,0.007,0,0,4,0.012,1,0.002,4,0.006,2,0.003,4,0.006,4,0.006,1,0.001,2,0.003,3,0.004,3,0.004,4,0.005,5,0.007,1,0.001,2,0.002,4,0.005,3,0.004,2,0.003,3,0.006,2,0.005,2,0.005,3,0.015,2,0.015,1,0.009,0,0,3,0.009,1,0.002,1,0.002,6,0.008,2,0.003,3,0.004,1,0.001,2,0.003,2,0.003,2,0.003,3,0.004,4,0.005,2,0.002,1,0.001,3,0.004,5,0.007,4,0.006,1,0.002,2,0.004,0,0,1,0.004,0,0,0,0,1,0.005,4,0.012,5,0.01,3,0.004,3,0.004,5,0.007,2,0.003,2,0.003,1,0.001,3,0.004,2,0.003,4,0.005,3,0.004,3,0.003,2,0.002,3,0.004,2,0.003,3,0.004,1,0.002,1,0.002
Region 2,Region 9,191,0.226,147,0.248,129,0.278,94,0.265,105,0.368,78,0.315,78,0.256,95,0.261,107,0.236,136,0.238,145,0.212,181,0.234,152,0.183,139,0.164,173,0.202,152,0.18,162,0.189,131,0.147,135,0.149,147,0.174,141,0.174,166,0.214,173,0.262,103,0.2,173,0.38,71,0.293,55,0.348,49,0.36,53,0.273,97,0.301,167,0.341,169,0.271,186,0.253,153,0.215,139,0.207,130,0.192,128,0.18,126,0.177,123,0.17,113,0.151,132,0.173,129,0.158,137,0.163,123,0.166,95,0.14,102,0.161,107,0.199,126,0.304,155,0.375,52,0.257,44,0.341,29,0.258,38,0.225,97,0.305,182,0.367,206,0.313,179,0.237,180,0.245,167,0.246,147,0.216,141,0.198,146,0.205,120,0.169,130,0.179,157,0.208,143,0.168,131,0.146,108,0.139,121,0.163,121,0.17,114,0.182,97,0.201,130,0.283,55,0.24,46,0.317,24,0.194,46,0.249,101,0.311,193,0.374,208,0.306,197,0.25,134,0.176,123,0.173,153,0.213,135,0.181,119,0.16,142,0.192,118,0.159,131,0.169,132,0.152,155,0.167,122,0.145,102,0.129,139,0.177,143,0.217,139,0.272
Region 2,Region 10,45,0.053,29,0.049,29,0.062,18,0.051,10,0.035,12,0.048,17,0.056,16,0.044,13,0.029,22,0.038,29,0.042,18,0.023,25,0.03,26,0.031,19,0.022,15,0.018,23,0.027,14,0.016,39,0.043,24,0.028,31,0.038,27,0.035,21,0.032,21,0.041,29,0.064,8,0.033,5,0.032,2,0.015,8,0.041,30,0.093,46,0.094,48,0.077,30,0.041,24,0.034,21,0.031,23,0.034,30,0.042,21,0.029,22,0.03,16,0.021,20,0.026,20,0.025,26,0.031,29,0.039,22,0.033,26,0.041,18,0.033,17,0.041,17,0.041,13,0.064,4,0.031,3,0.027,6,0.036,21,0.066,26,0.052,40,0.061,33,0.044,29,0.04,13,0.019,21,0.031,17,0.024,12,0.017,15,0.021,23,0.032,18,0.024,24,0.028,29,0.032,28,0.036,34,0.046,25,0.035,25,0.04,14,0.029,15,0.033,6,0.026,3,0.021,5,0.04,12,0.065,33,0.102,45,0.087,49,0.072,34,0.043,24,0.032,23,0.032,26,0.036,33,0.044,20,0.027,20,0.027,28,0.038,18,0.023,20,0.023,21,0.023,26,0.031,27,0.034,26,0.033,21,0.032,14,0.027
Region 2,Region 11,130,0.154,61,0.103,38,0.082,27,0.076,28,0.098,65,0.262,131,0.431,87,0.239,117,0.258,182,0.318,204,0.298,230,0.297,244,0.293,286,0.338,315,0.368,336,0.399,385,0.45,418,0.47,425,0.468,447,0.53,463,0.57,384,0.496,273,0.414,162,0.315,134,0.294,30,0.124,12,0.076,14,0.103,49,0.252,177,0.549,283,0.578,291,0.466,285,0.387,267,0.375,242,0.361,249,0.368,239,0.336,255,0.357,276,0.382,271,0.361,267,0.349,266,0.326,277,0.33,263,0.356,213,0.315,190,0.299,158,0.294,99,0.239,88,0.213,27,0.134,13,0.101,13,0.115,36,0.214,153,0.481,262,0.529,292,0.444,281,0.371,313,0.427,243,0.359,247,0.363,249,0.35,226,0.318,235,0.331,206,0.284,219,0.291,236,0.277,270,0.3,185,0.238,201,0.271,197,0.277,154,0.246,79,0.164,81,0.177,26,0.113,10,0.069,10,0.081,33,0.179,142,0.437,233,0.452,265,0.39,247,0.314,214,0.281,207,0.291,227,0.316,248,0.332,239,0.321,226,0.306,218,0.293,273,0.351,259,0.298,306,0.33,239,0.284,214,0.272,227,0.289,169,0.257,113,0.221
Region 2,Region 12,106,0.125,62,0.105,40,0.086,40,0.113,31,0.109,31,0.125,38,0.125,44,0.121,49,0.108,69,0.121,92,0.135,73,0.094,94,0.113,86,0.102,87,0.102,83,0.098,91,0.106,70,0.079,77,0.085,77,0.091,90,0.111,87,0.112,77,0.117,81,0.157,74,0.162,29,0.119,19,0.12,13,0.095,30,0.154,58,0.18,93,0.19,85,0.136,85,0.115,93,0.131,70,0.104,56,0.083,54,0.076,64,0.09,75,0.104,72,0.096,63,0.082,69,0.085,46,0.055,54,0.073,47,0.069,52,0.082,54,0.1,44,0.106,49,0.119,23,0.114,21,0.163,12,0.107,17,0.101,54,0.17,97,0.196,109,0.166,93,0.123,78,0.106,59,0.087,58,0.085,70,0.098,64,0.09,73,0.103,70,0.096,69,0.092,80,0.094,68,0.076,44,0.057,33,0.044,40,0.056,68,0.108,57,0.118,40,0.087,19,0.083,17,0.117,9,0.073,24,0.13,57,0.175,114,0.221,86,0.127,78,0.099,77,0.101,72,0.101,51,0.071,66,0.088,56,0.075,59,0.08,72,0.097,70,0.09,61,0.07,71,0.076,58,0.069,67,0.085,59,0.075,73,0.111,69,0.135
Region 2,Region 13,0,0,0,0,0,0,0,0,0,0,0,0,0,0,0,0,0,0,0,0,0,0,0,0,0,0,0,0,1,0.001,0,0,0,0,0,0,0,0,0,0,0,0,0,0,0,0,0,0,0,0,0,0,0,0,0,0,0,0,0,0,0,0,0,0,0,0,0,0,0,0,0,0,0,0,0,0,0,0,0,0,0,0,0,0,0,0,0,0,0,0,0,0,0,0,0,0,0,0,0,0,0,0,0,0,0,0,0,0,0,0,0,0,0,0,0,0,0,0,0,0,0,0,0,0,0,0,0,0,0,0,0,0,0,0,0,0,0,0,0,0,0,0,0,0,0,0,0,0,0,0,0,0,0,0,0,0,0,0,0,0,0,0,0,0,0,0,0,0,0,0,0,0,0,0,0,0,0,0,0,0,0,0,0,0,0,0,0,0,0,0,0,0
Region 2,Region 14,63,0.075,25,0.042,22,0.047,24,0.068,13,0.046,9,0.036,23,0.076,28,0.077,29,0.064,55,0.096,70,0.102,74,0.095,78,0.094,87,0.103,78,0.091,109,0.129,115,0.135,109,0.122,90,0.099,107,0.127,95,0.117,92,0.119,78,0.118,69,0.134,72,0.158,19,0.078,7,0.044,7,0.051,18,0.093,50,0.155,66,0.135,83,0.133,81,0.11,58,0.081,60,0.09,67,0.099,66,0.093,75,0.105,74,0.102,82,0.109,83,0.109,82,0.101,73,0.087,63,0.085,62,0.092,49,0.077,46,0.086,44,0.106,47,0.114,8,0.04,7,0.054,8,0.071,12,0.071,25,0.079,50,0.101,77,0.117,70,0.093,53,0.072,47,0.069,46,0.068,69,0.097,68,0.096,71,0.1,68,0.094,68,0.09,72,0.084,60,0.067,55,0.071,56,0.076,46,0.065,41,0.065,51,0.106,38,0.083,9,0.039,4,0.028,6,0.048,14,0.076,37,0.114,50,0.097,68,0.1,81,0.103,47,0.062,48,0.068,48,0.067,65,0.087,52,0.07,58,0.078,59,0.079,64,0.082,65,0.075,66,0.071,62,0.074,61,0.077,63,0.08,60,0.091,49,0.096
Region 2,Region 15,533,0.63,254,0.429,215,0.463,190,0.535,168,0.59,172,0.694,276,0.907,224,0.616,239,0.527,308,0.538,378,0.553,478,0.617,472,0.567,448,0.529,478,0.558,522,0.619,568,0.664,564,0.634,520,0.572,481,0.571,464,0.571,451,0.582,405,0.614,365,0.71,341,0.748,135,0.556,102,0.646,70,0.514,108,0.556,234,0.726,426,0.871,451,0.722,448,0.609,454,0.638,380,0.567,353,0.521,304,0.427,385,0.539,471,0.651,560,0.746,560,0.732,529,0.648,467,0.557,359,0.486,315,0.466,290,0.457,301,0.56,274,0.661,300,0.726,127,0.628,73,0.565,56,0.497,98,0.581,213,0.67,398,0.803,456,0.693,434,0.574,421,0.574,422,0.623,401,0.59,390,0.548,457,0.642,484,0.682,526,0.724,591,0.784,520,0.61,472,0.525,326,0.419,284,0.383,325,0.456,331,0.528,288,0.596,256,0.558,114,0.497,98,0.675,54,0.435,98,0.53,230,0.707,429,0.832,486,0.716,466,0.592,350,0.46,374,0.526,397,0.553,460,0.616,387,0.52,495,0.669,520,0.7,504,0.648,487,0.561,493,0.531,379,0.45,385,0.489,374,0.475,300,0.456,301,0.588
Region 2,Region 16,21,0.025,9,0.015,7,0.015,4,0.011,5,0.018,12,0.048,14,0.046,15,0.041,26,0.057,30,0.052,47,0.069,58,0.075,69,0.083,79,0.093,72,0.084,105,0.125,77,0.09,65,0.073,60,0.066,64,0.076,59,0.073,46,0.059,56,0.085,38,0.074,25,0.055,5,0.021,5,0.032,2,0.015,5,0.026,22,0.068,43,0.088,62,0.099,47,0.064,38,0.053,44,0.066,50,0.074,36,0.051,51,0.071,55,0.076,52,0.069,47,0.061,60,0.074,69,0.082,39,0.053,32,0.047,35,0.055,36,0.067,34,0.082,13,0.031,5,0.025,2,0.015,1,0.009,5,0.03,17,0.053,38,0.077,49,0.074,50,0.066,68,0.093,53,0.078,68,0.1,62,0.087,51,0.072,48,0.068,55,0.076,72,0.096,57,0.067,52,0.058,46,0.059,35,0.047,36,0.051,22,0.035,25,0.052,21,0.046,3,0.013,1,0.007,1,0.008,2,0.011,15,0.046,27,0.052,37,0.054,39,0.05,28,0.037,34,0.048,49,0.068,59,0.079,61,0.082,68,0.092,51,0.069,54,0.069,60,0.069,57,0.061,63,0.075,53,0.067,30,0.038,31,0.047,24,0.047
Region 3,Region 0,1625,1.922,971,1.639,726,1.564,546,1.537,530,1.86,559,2.255,715,2.351,1006,2.765,1203,2.654,1257,2.197,1348,1.971,1589,2.05,1690,2.03,1854,2.188,1844,2.154,1759,2.087,1701,1.99,1799,2.021,1723,1.896,1512,1.794,1399,1.723,1492,1.926,1330,2.017,1289,2.506,1046,2.296,549,2.262,394,2.496,348,2.555,455,2.341,539,1.672,734,1.5,937,1.501,1068,1.451,1079,1.516,1112,1.66,1175,1.736,1159,1.627,1410,1.976,1449,2.004,1419,1.891,1468,1.92,1619,1.984,1570,1.871,1317,1.782,1040,1.537,889,1.4,803,1.493,662,1.597,708,1.713,367,1.815,256,1.982,215,1.91,375,2.225,678,2.133,955,1.927,1215,1.847,1332,1.76,1083,1.477,838,1.237,878,1.292,1017,1.43,1131,1.59,1280,1.805,1360,1.873,1434,1.903,1534,1.799,1610,1.79,1345,1.728,1037,1.398,930,1.306,831,1.325,743,1.539,765,1.667,366,1.596,293,2.017,275,2.218,445,2.407,796,2.449,1418,2.749,1822,2.683,1815,2.306,1376,1.808,1256,1.768,1286,1.792,1332,1.783,1315,1.765,1371,1.853,1265,1.702,1386,1.783,1504,1.732,1517,1.634,1332,1.582,1212,1.538,1106,1.406,855,1.3,681,1.33
Region 3,Region 1,178,0.211,139,0.235,94,0.202,92,0.259,67,0.235,115,0.464,160,0.526,162,0.445,176,0.388,199,0.348,226,0.331,253,0.326,262,0.315,263,0.31,210,0.245,194,0.23,178,0.208,212,0.238,241,0.265,231,0.274,206,0.254,200,0.258,173,0.262,161,0.313,141,0.309,91,0.375,54,0.342,60,0.441,116,0.597,258,0.8,314,0.642,323,0.517,280,0.38,244,0.343,210,0.313,137,0.202,129,0.181,169,0.237,169,0.234,167,0.223,176,0.23,200,0.245,195,0.232,160,0.216,144,0.213,153,0.241,129,0.24,121,0.292,108,0.261,66,0.326,48,0.372,63,0.56,122,0.724,294,0.925,404,0.815,372,0.565,304,0.402,243,0.331,159,0.235,157,0.231,153,0.215,130,0.183,129,0.182,181,0.249,218,0.289,251,0.294,226,0.251,156,0.2,167,0.225,200,0.281,166,0.265,124,0.257,126,0.275,64,0.279,47,0.324,58,0.468,127,0.687,297,0.914,401,0.777,381,0.561,372,0.473,329,0.432,280,0.394,233,0.325,220,0.295,186,0.25,157,0.212,168,0.226,189,0.243,210,0.242,225,0.242,167,0.198,137,0.174,191,0.243,154,0.234,85,0.166
Region 3,Region 2,610,0.721,343,0.579,257,0.554,217,0.611,228,0.8,230,0.928,222,0.73,293,0.805,372,0.821,473,0.827,667,0.975,865,1.116,1062,1.276,1068,1.261,918,1.072,1041,1.235,1010,1.181,1001,1.125,1139,1.253,1123,1.333,932,1.148,901,1.163,791,1.199,490,0.953,354,0.777,221,0.911,173,1.096,213,1.564,383,1.971,569,1.765,527,1.077,517,0.828,545,0.74,642,0.902,575,0.858,571,0.843,646,0.907,682,0.956,747,1.033,796,1.061,735,0.961,775,0.95,771,0.919,603,0.816,538,0.795,441,0.694,309,0.574,216,0.521,277,0.67,142,0.702,102,0.79,151,1.341,265,1.572,531,1.671,624,1.259,614,0.933,624,0.825,541,0.738,422,0.623,449,0.661,531,0.747,533,0.749,645,0.909,756,1.041,868,1.152,824,0.966,774,0.86,602,0.773,473,0.638,404,0.567,363,0.579,312,0.646,306,0.667,137,0.598,111,0.764,166,1.339,352,1.904,560,1.723,635,1.231,673,0.991,756,0.961,823,1.082,761,1.071,647,0.902,529,0.708,610,0.819,628,0.849,631,0.849,644,0.828,645,0.743,674,0.726,659,0.782,543,0.689,531,0.675,382,0.581,261,0.51
Region 3,Region 3,5427,6.418,3540,5.974,2558,5.509,2178,6.131,2165,7.597,2473,9.977,3368,11.073,4361,11.984,5587,12.325,5961,10.416,6788,9.927,7524,9.707,7424,8.918,6973,8.23,6393,7.468,6553,7.774,6902,8.073,7210,8.1,7064,7.773,6984,8.288,6889,8.485,6500,8.389,5680,8.613,4791,9.315,4343,9.532,2792,11.504,2103,13.324,2125,15.603,2812,14.468,3398,10.539,3632,7.424,4033,6.46,4193,5.697,4172,5.862,4152,6.198,4267,6.303,4097,5.752,4065,5.696,4411,6.099,4687,6.247,4691,6.134,4873,5.973,5171,6.162,4843,6.552,4794,7.086,4202,6.616,3250,6.042,2461,5.938,3003,7.264,1703,8.424,1337,10.352,1400,12.434,2030,12.043,3139,9.878,3721,7.508,4174,6.345,3900,5.154,3798,5.179,3438,5.073,3644,5.363,3842,5.401,4060,5.706,4158,5.863,4323,5.953,4674,6.204,4952,5.807,5218,5.801,4823,6.196,4441,5.988,4214,5.919,3487,5.562,2568,5.319,3368,7.341,1768,7.711,1460,10.052,1502,12.112,2207,11.94,2994,9.21,4011,7.776,4385,6.458,4472,5.683,4299,5.65,3901,5.491,3647,5.083,3938,5.272,4136,5.553,4168,5.635,4307,5.794,4532,5.83,4836,5.569,4810,5.182,4920,5.842,4583,5.815,4546,5.778,3545,5.392,2650,5.177
Region 3,Region 4,183,0.216,104,0.176,63,0.136,40,0.113,53,0.186,74,0.299,103,0.339,138,0.379,143,0.315,153,0.267,190,0.278,194,0.25,220,0.264,201,0.237,180,0.21,158,0.187,146,0.171,128,0.144,182,0.2,202,0.24,210,0.259,191,0.247,140,0.212,152,0.296,136,0.299,71,0.293,42,0.266,55,0.404,98,0.504,185,0.574,170,0.348,145,0.232,112,0.152,98,0.138,78,0.116,94,0.139,99,0.139,103,0.144,126,0.174,133,0.177,141,0.184,167,0.205,167,0.199,146,0.198,115,0.17,117,0.184,96,0.178,61,0.147,114,0.276,47,0.232,23,0.178,32,0.284,57,0.338,139,0.437,174,0.351,157,0.239,120,0.159,82,0.112,56,0.083,62,0.091,63,0.089,95,0.134,102,0.144,100,0.138,120,0.159,139,0.163,131,0.146,123,0.158,103,0.139,118,0.166,116,0.185,121,0.251,131,0.286,48,0.209,36,0.248,33,0.266,55,0.298,177,0.544,220,0.426,160,0.236,132,0.168,125,0.164,111,0.156,87,0.121,85,0.114,66,0.089,70,0.095,74,0.1,86,0.111,94,0.108,117,0.126,107,0.127,95,0.121,107,0.136,99,0.151,72,0.141
Region 3,Region 5,80,0.095,79,0.133,51,0.11,41,0.115,39,0.137,67,0.27,94,0.309,79,0.217,108,0.238,106,0.185,103,0.151,118,0.152,114,0.137,134,0.158,117,0.137,93,0.11,88,0.103,98,0.11,133,0.146,115,0.136,100,0.123,87,0.112,78,0.118,55,0.107,63,0.138,38,0.157,35,0.222,33,0.242,64,0.329,109,0.338,175,0.358,164,0.263,137,0.186,100,0.141,78,0.116,79,0.117,63,0.088,51,0.071,73,0.101,87,0.116,96,0.126,112,0.137,118,0.141,99,0.134,106,0.157,98,0.154,80,0.149,57,0.138,56,0.135,26,0.129,17,0.132,22,0.195,46,0.273,133,0.419,174,0.351,157,0.239,143,0.189,102,0.139,86,0.127,92,0.135,81,0.114,73,0.103,77,0.109,90,0.124,121,0.161,153,0.179,143,0.159,115,0.148,123,0.166,141,0.198,123,0.196,77,0.159,59,0.129,33,0.144,29,0.2,22,0.177,54,0.292,117,0.36,192,0.372,154,0.227,149,0.189,112,0.147,96,0.135,96,0.134,91,0.122,88,0.118,69,0.093,71,0.096,81,0.104,91,0.105,90,0.097,80,0.095,84,0.107,139,0.177,102,0.155,67,0.131
Region 3,Region 6,76,0.09,40,0.068,30,0.065,29,0.082,27,0.095,35,0.141,41,0.135,53,0.146,63,0.139,58,0.101,89,0.13,96,0.124,77,0.092,88,0.104,65,0.076,54,0.064,52,0.061,56,0.063,72,0.079,90,0.107,91,0.112,72,0.093,69,0.105,77,0.15,79,0.173,32,0.132,30,0.19,21,0.154,47,0.242,76,0.236,52,0.106,47,0.075,31,0.042,25,0.035,19,0.028,15,0.022,24,0.034,45,0.063,40,0.055,41,0.055,49,0.064,58,0.071,54,0.064,46,0.062,49,0.072,49,0.077,48,0.089,38,0.092,72,0.174,18,0.089,12,0.093,22,0.195,42,0.249,72,0.227,61,0.123,53,0.081,37,0.049,32,0.044,26,0.038,32,0.047,30,0.042,32,0.045,29,0.041,35,0.048,38,0.05,61,0.072,51,0.057,64,0.082,45,0.061,42,0.059,49,0.078,72,0.149,99,0.216,37,0.161,19,0.131,18,0.145,43,0.233,72,0.221,82,0.159,68,0.1,53,0.067,46,0.06,44,0.062,35,0.049,32,0.043,30,0.04,36,0.049,55,0.074,57,0.073,55,0.063,51,0.055,47,0.056,21,0.027,33,0.042,50,0.076,48,0.094
Region 3,Region 7,69,0.082,61,0.103,46,0.099,35,0.099,33,0.116,62,0.25,70,0.23,69,0.19,100,0.221,100,0.175,93,0.136,139,0.179,121,0.145,109,0.129,100,0.117,74,0.088,72,0.084,54,0.061,74,0.081,81,0.096,81,0.1,70,0.09,48,0.073,46,0.089,58,0.127,28,0.115,25,0.158,26,0.191,50,0.257,103,0.319,110,0.225,144,0.231,125,0.17,75,0.105,77,0.115,64,0.095,57,0.08,57,0.08,60,0.083,84,0.112,121,0.158,133,0.163,113,0.135,67,0.091,65,0.096,68,0.107,77,0.143,49,0.118,36,0.087,13,0.064,15,0.116,18,0.16,49,0.291,108,0.34,118,0.238,141,0.214,124,0.164,81,0.11,64,0.094,67,0.099,68,0.096,63,0.089,51,0.072,75,0.103,101,0.134,140,0.164,118,0.131,89,0.114,54,0.073,63,0.088,67,0.107,27,0.056,32,0.07,19,0.083,27,0.186,32,0.258,57,0.308,100,0.308,125,0.242,127,0.187,124,0.158,107,0.141,81,0.114,83,0.116,72,0.096,74,0.099,80,0.108,63,0.085,70,0.09,80,0.092,89,0.096,74,0.088,43,0.055,64,0.081,68,0.103,40,0.078
Region 3,Region 8,22,0.026,8,0.014,2,0.004,2,0.006,2,0.007,12,0.048,14,0.046,22,0.06,23,0.051,29,0.051,24,0.035,27,0.035,27,0.032,34,0.04,27,0.032,40,0.047,30,0.035,35,0.039,31,0.034,29,0.034,23,0.028,20,0.026,12,0.018,9,0.017,6,0.013,5,0.021,3,0.019,3,0.022,11,0.057,27,0.084,32,0.065,34,0.054,39,0.053,37,0.052,37,0.055,17,0.025,17,0.024,21,0.029,16,0.022,19,0.025,25,0.033,27,0.033,21,0.025,23,0.031,16,0.024,15,0.024,16,0.03,7,0.017,9,0.022,6,0.03,5,0.039,6,0.053,8,0.047,26,0.082,40,0.081,29,0.044,22,0.029,14,0.019,8,0.012,13,0.019,16,0.022,21,0.03,21,0.03,17,0.023,35,0.046,44,0.052,28,0.031,23,0.03,14,0.019,19,0.027,15,0.024,9,0.019,5,0.011,1,0.004,2,0.014,5,0.04,11,0.06,26,0.08,40,0.078,29,0.043,30,0.038,26,0.034,20,0.028,23,0.032,26,0.035,22,0.03,19,0.026,9,0.012,24,0.031,29,0.033,32,0.034,18,0.021,23,0.029,27,0.034,17,0.026,9,0.018
Region 3,Region 9,960,1.135,605,1.021,431,0.928,326,0.918,329,1.154,320,1.291,390,1.282,479,1.316,596,1.315,918,1.604,1302,1.904,1352,1.744,1278,1.535,1076,1.27,850,0.993,800,0.949,819,0.958,789,0.886,950,1.045,884,1.049,989,1.218,970,1.252,824,1.249,739,1.437,644,1.414,395,1.628,232,1.47,175,1.285,266,1.369,434,1.346,694,1.419,944,1.512,1067,1.45,915,1.286,730,1.09,681,1.006,810,1.137,756,1.059,781,1.08,864,1.152,863,1.128,788,0.966,812,0.968,698,0.944,648,0.958,588,0.926,508,0.944,438,1.057,450,1.089,247,1.222,162,1.254,153,1.359,207,1.228,517,1.627,823,1.661,1029,1.564,1094,1.446,910,1.241,702,1.036,666,0.98,641,0.901,705,0.991,742,1.046,790,1.088,783,1.039,783,0.918,806,0.896,710,0.912,724,0.976,698,0.98,630,1.005,493,1.021,432,0.942,252,1.099,186,1.281,164,1.322,260,1.407,465,1.43,875,1.696,1146,1.688,1216,1.545,946,1.243,850,1.196,892,1.243,921,1.233,732,0.983,754,1.019,748,1.006,781,1.005,839,0.966,818,0.881,751,0.892,716,0.909,684,0.869,581,0.884,428,0.836
Region 3,Region 10,49,0.058,37,0.062,19,0.041,16,0.045,21,0.074,26,0.105,41,0.135,43,0.118,70,0.154,67,0.117,68,0.099,86,0.111,88,0.106,70,0.083,67,0.078,72,0.085,69,0.081,62,0.07,77,0.085,55,0.065,48,0.059,47,0.061,38,0.058,27,0.052,29,0.064,15,0.062,15,0.095,13,0.095,35,0.18,106,0.329,121,0.247,122,0.195,111,0.151,84,0.118,57,0.085,50,0.074,52,0.073,55,0.077,64,0.088,79,0.105,82,0.107,84,0.103,76,0.091,63,0.085,53,0.078,53,0.083,44,0.082,28,0.068,22,0.053,12,0.059,15,0.116,10,0.089,29,0.172,78,0.245,119,0.24,136,0.207,98,0.13,49,0.067,50,0.074,39,0.057,38,0.053,47,0.066,58,0.082,56,0.077,68,0.09,75,0.088,62,0.069,53,0.068,48,0.065,51,0.072,37,0.059,21,0.043,19,0.041,9,0.039,11,0.076,10,0.081,37,0.2,68,0.209,131,0.254,126,0.186,100,0.127,72,0.095,60,0.084,63,0.088,57,0.076,60,0.081,51,0.069,49,0.066,55,0.071,57,0.066,55,0.059,44,0.052,40,0.051,46,0.058,35,0.053,15,0.029
Region 3,Region 11,46,0.054,26,0.044,10,0.022,14,0.039,26,0.091,58,0.234,103,0.339,81,0.223,85,0.188,103,0.18,136,0.199,151,0.195,166,0.199,163,0.192,160,0.187,175,0.208,164,0.192,162,0.182,152,0.167,138,0.164,123,0.151,79,0.102,74,0.112,38,0.074,33,0.072,18,0.074,6,0.038,6,0.044,35,0.18,102,0.316,161,0.329,133,0.213,140,0.19,132,0.185,134,0.2,116,0.171,117,0.164,109,0.153,100,0.138,106,0.141,121,0.158,118,0.145,110,0.131,79,0.107,72,0.106,43,0.068,54,0.1,36,0.087,24,0.058,10,0.049,4,0.031,8,0.071,33,0.196,98,0.308,156,0.315,177,0.269,179,0.237,172,0.235,139,0.205,114,0.168,111,0.156,92,0.129,113,0.159,116,0.16,135,0.179,144,0.169,125,0.139,74,0.095,59,0.08,57,0.08,44,0.07,28,0.058,28,0.061,11,0.048,8,0.055,15,0.121,32,0.173,91,0.28,150,0.291,163,0.24,158,0.201,139,0.183,132,0.186,101,0.141,98,0.131,93,0.125,93,0.126,104,0.14,133,0.171,132,0.152,95,0.102,101,0.12,95,0.121,65,0.083,48,0.073,29,0.057
Region 3,Region 12,142,0.168,103,0.174,70,0.151,50,0.141,54,0.189,63,0.254,86,0.283,96,0.264,111,0.245,119,0.208,125,0.183,145,0.187,151,0.181,171,0.202,175,0.204,187,0.222,166,0.194,153,0.172,171,0.188,142,0.169,160,0.197,154,0.199,130,0.197,117,0.227,106,0.233,69,0.284,40,0.253,35,0.257,63,0.324,114,0.354,152,0.311,189,0.303,214,0.291,156,0.219,112,0.167,88,0.13,82,0.115,87,0.122,100,0.138,137,0.183,136,0.178,147,0.18,113,0.135,101,0.137,102,0.151,89,0.14,88,0.164,69,0.166,61,0.148,41,0.203,28,0.217,25,0.222,55,0.326,116,0.365,177,0.357,210,0.319,189,0.25,150,0.205,113,0.167,85,0.125,106,0.149,108,0.152,130,0.183,126,0.174,122,0.162,159,0.186,143,0.159,116,0.149,110,0.148,112,0.157,85,0.136,58,0.12,66,0.144,41,0.179,32,0.22,30,0.242,66,0.357,132,0.406,173,0.335,204,0.3,216,0.274,170,0.223,125,0.176,115,0.16,118,0.158,110,0.148,117,0.158,134,0.18,138,0.178,150,0.173,136,0.147,113,0.134,127,0.161,136,0.173,109,0.166,66,0.129
Region 3,Region 13,0,0,0,0,0,0,0,0,0,0,1,0.004,1,0.003,2,0.005,1,0.002,2,0.003,1,0.001,0,0,0,0,1,0.001,0,0,0,0,0,0,0,0,0,0,0,0,0,0,0,0,0,0,0,0,0,0,0,0,0,0,0,0,0,0,0,0,0,0,0,0,0,0,0,0,0,0,0,0,0,0,0,0,0,0,0,0,0,0,0,0,0,0,0,0,0,0,0,0,0,0,0,0,0,0,0,0,0,0,0,0,0,0,0,0,0,0,0,0,0,0,0,0,0,0,0,0,0,0,0,0,0,0,0,0,0,0,0,0,0,0,0,0,0,0,0,0,0,0,0,0,0,0,0,0,0,0,0,0,0,0,0,0,0,0,0,0,0,0,0,0,0,0,0,0,0,0,0,0,0,0,0,0,0,0,0,0,0,0,0,0,0,0,0,0,0,0,0,0
Region 3,Region 14,64,0.076,41,0.069,29,0.062,32,0.09,31,0.109,45,0.182,77,0.253,73,0.201,90,0.199,115,0.201,132,0.193,129,0.166,156,0.187,169,0.199,162,0.189,168,0.199,166,0.194,189,0.212,180,0.198,182,0.216,166,0.204,118,0.152,89,0.135,64,0.124,58,0.127,27,0.111,16,0.101,20,0.147,30,0.154,66,0.205,109,0.223,156,0.25,166,0.226,132,0.185,100,0.149,81,0.12,85,0.119,68,0.095,93,0.129,129,0.172,152,0.199,136,0.167,102,0.122,86,0.116,106,0.157,107,0.168,68,0.126,62,0.15,41,0.099,22,0.109,9,0.07,16,0.142,29,0.172,47,0.148,113,0.228,154,0.234,137,0.181,86,0.117,83,0.122,74,0.109,77,0.108,72,0.101,103,0.145,131,0.18,147,0.195,140,0.164,134,0.149,109,0.14,75,0.101,94,0.132,70,0.112,46,0.095,31,0.068,29,0.126,15,0.103,14,0.113,32,0.173,54,0.166,96,0.186,124,0.183,160,0.203,133,0.175,115,0.162,110,0.153,90,0.12,89,0.119,92,0.124,110,0.148,127,0.163,129,0.149,125,0.135,109,0.129,107,0.136,114,0.145,78,0.119,34,0.066
Region 3,Region 15,162,0.192,100,0.169,85,0.183,86,0.242,83,0.291,87,0.351,109,0.358,98,0.269,122,0.269,158,0.276,197,0.288,235,0.303,253,0.304,260,0.307,225,0.263,241,0.286,246,0.288,234,0.263,225,0.248,260,0.309,239,0.294,226,0.292,188,0.285,167,0.325,149,0.327,98,0.404,52,0.329,60,0.441,84,0.432,160,0.496,259,0.529,263,0.421,263,0.357,215,0.302,168,0.251,141,0.208,145,0.204,156,0.219,173,0.239,179,0.239,201,0.263,179,0.219,174,0.207,154,0.208,110,0.163,112,0.176,90,0.167,82,0.198,85,0.206,44,0.218,28,0.217,36,0.32,62,0.368,156,0.491,252,0.508,264,0.401,232,0.307,200,0.273,160,0.236,157,0.231,144,0.202,139,0.195,183,0.258,188,0.259,189,0.251,188,0.22,222,0.247,152,0.195,147,0.198,147,0.206,127,0.203,75,0.155,85,0.185,49,0.214,33,0.227,41,0.331,87,0.471,173,0.532,260,0.504,282,0.415,290,0.369,245,0.322,219,0.308,210,0.293,220,0.295,181,0.243,168,0.227,181,0.244,193,0.248,196,0.226,225,0.242,193,0.229,152,0.193,155,0.197,124,0.189,92,0.18
Region 3,Region 16,91,0.108,63,0.106,67,0.144,49,0.138,44,0.154,66,0.266,116,0.381,133,0.365,168,0.371,213,0.372,255,0.373,239,0.308,255,0.306,258,0.305,223,0.26,229,0.272,235,0.275,240,0.27,217,0.239,213,0.253,224,0.276,187,0.241,133,0.202,78,0.152,66,0.145,32,0.132,34,0.215,21,0.154,49,0.252,99,0.307,225,0.46,245,0.392,249,0.338,173,0.243,122,0.182,100,0.148,127,0.178,127,0.178,128,0.177,144,0.192,166,0.217,141,0.173,157,0.187,129,0.175,142,0.21,142,0.224,93,0.173,55,0.133,59,0.143,20,0.099,15,0.116,31,0.275,58,0.344,134,0.422,249,0.502,208,0.316,187,0.247,172,0.235,148,0.218,133,0.196,126,0.177,125,0.176,120,0.169,147,0.202,192,0.255,188,0.22,213,0.237,167,0.215,168,0.227,187,0.263,124,0.198,75,0.155,52,0.113,35,0.153,40,0.275,26,0.21,51,0.276,112,0.345,234,0.454,243,0.358,227,0.288,183,0.241,155,0.218,123,0.171,140,0.187,136,0.183,121,0.164,131,0.176,183,0.235,186,0.214,160,0.172,136,0.161,158,0.2,189,0.24,131,0.199,59,0.115
Region 4,Region 0,114,0.135,78,0.132,55,0.118,26,0.073,27,0.095,32,0.129,52,0.171,69,0.19,103,0.227,154,0.269,119,0.174,132,0.17,158,0.19,145,0.171,109,0.127,76,0.09,84,0.098,57,0.064,61,0.067,86,0.102,56,0.069,69,0.089,103,0.156,55,0.107,66,0.145,24,0.099,16,0.101,9,0.066,35,0.18,106,0.329,149,0.305,156,0.25,129,0.175,89,0.125,64,0.096,46,0.068,45,0.063,57,0.08,56,0.077,65,0.087,65,0.085,81,0.099,84,0.1,94,0.127,76,0.112,58,0.091,82,0.152,66,0.159,62,0.15,15,0.074,16,0.124,10,0.089,44,0.261,96,0.302,146,0.295,133,0.202,72,0.095,38,0.052,51,0.075,78,0.115,76,0.107,70,0.098,70,0.099,86,0.118,61,0.081,73,0.086,79,0.088,90,0.116,83,0.112,70,0.098,59,0.094,49,0.101,45,0.098,16,0.07,17,0.117,22,0.177,48,0.26,91,0.28,144,0.279,121,0.178,95,0.121,75,0.099,50,0.07,83,0.116,77,0.103,42,0.056,54,0.073,74,0.1,63,0.081,40,0.046,55,0.059,79,0.094,70,0.089,77,0.098,71,0.108,70,0.137
Region 4,Region 1,248,0.293,144,0.243,95,0.205,59,0.166,60,0.211,79,0.319,144,0.473,161,0.442,170,0.375,216,0.377,220,0.322,262,0.338,273,0.328,287,0.339,317,0.37,249,0.295,290,0.339,253,0.284,247,0.272,224,0.266,186,0.229,175,0.226,194,0.294,130,0.253,91,0.2,38,0.157,35,0.222,30,0.22,66,0.34,184,0.571,385,0.787,441,0.706,426,0.579,317,0.445,265,0.396,282,0.417,290,0.407,255,0.357,191,0.264,255,0.34,258,0.337,280,0.343,262,0.312,212,0.287,257,0.38,257,0.405,195,0.363,111,0.268,104,0.252,57,0.282,33,0.256,31,0.275,77,0.457,227,0.714,450,0.908,479,0.728,359,0.474,286,0.39,259,0.382,276,0.406,248,0.349,272,0.382,284,0.4,284,0.391,222,0.295,288,0.338,306,0.34,231,0.297,269,0.363,263,0.369,206,0.329,144,0.298,120,0.262,78,0.34,31,0.213,39,0.314,80,0.433,214,0.658,457,0.886,494,0.728,444,0.564,347,0.456,268,0.377,296,0.413,327,0.438,253,0.34,265,0.358,210,0.283,201,0.259,265,0.305,229,0.247,253,0.3,280,0.355,244,0.31,220,0.335,141,0.275
Region 4,Region 2,45,0.053,20,0.034,19,0.041,8,0.023,14,0.049,18,0.073,31,0.102,18,0.049,21,0.046,24,0.042,29,0.042,30,0.039,34,0.041,31,0.037,30,0.035,31,0.037,29,0.034,20,0.022,26,0.029,27,0.032,12,0.015,18,0.023,41,0.062,18,0.035,16,0.035,6,0.025,4,0.025,4,0.029,11,0.057,27,0.084,34,0.07,35,0.056,22,0.03,30,0.042,37,0.055,55,0.081,47,0.066,39,0.055,10,0.014,37,0.049,31,0.041,49,0.06,38,0.045,23,0.031,22,0.033,21,0.033,23,0.043,26,0.063,19,0.046,7,0.035,7,0.054,7,0.062,8,0.047,21,0.066,33,0.067,30,0.046,20,0.026,14,0.019,14,0.021,24,0.035,36,0.051,51,0.072,26,0.037,42,0.058,32,0.042,34,0.04,26,0.029,28,0.036,23,0.031,25,0.035,30,0.048,16,0.033,11,0.024,3,0.013,5,0.034,5,0.04,15,0.081,23,0.071,42,0.081,31,0.046,23,0.029,18,0.024,27,0.038,21,0.029,30,0.04,23,0.031,24,0.032,22,0.03,17,0.022,50,0.058,33,0.036,21,0.025,27,0.034,16,0.02,26,0.04,13,0.025
Region 4,Region 3,117,0.138,78,0.132,59,0.127,31,0.087,42,0.147,46,0.186,74,0.243,121,0.333,169,0.373,182,0.318,173,0.253,164,0.212,143,0.172,122,0.144,86,0.1,81,0.096,73,0.085,67,0.075,67,0.074,101,0.12,61,0.075,82,0.106,112,0.17,117,0.227,100,0.219,40,0.165,19,0.12,17,0.125,31,0.159,55,0.171,113,0.231,111,0.178,105,0.143,80,0.112,76,0.113,82,0.121,69,0.097,61,0.085,60,0.083,58,0.077,64,0.084,53,0.065,66,0.079,101,0.137,85,0.126,98,0.154,93,0.173,72,0.174,84,0.203,26,0.129,12,0.093,18,0.16,16,0.095,62,0.195,104,0.21,110,0.167,70,0.093,61,0.083,49,0.072,52,0.077,65,0.091,45,0.063,61,0.086,63,0.087,69,0.092,74,0.087,90,0.1,99,0.127,97,0.131,84,0.118,93,0.148,82,0.17,83,0.181,16,0.07,20,0.138,19,0.153,28,0.151,66,0.203,104,0.202,121,0.178,110,0.14,99,0.13,77,0.108,69,0.096,69,0.092,47,0.063,48,0.065,49,0.066,49,0.063,37,0.043,34,0.037,78,0.093,104,0.132,93,0.118,102,0.155,102,0.199
Region 4,Region 4,1304,1.542,852,1.438,622,1.34,472,1.329,447,1.569,377,1.521,470,1.545,616,1.693,760,1.677,979,1.711,1287,1.882,1420,1.832,1566,1.881,1621,1.913,1613,1.884,1679,1.992,1607,1.88,1698,1.908,1712,1.884,1508,1.79,1373,1.691,1390,1.794,1213,1.839,946,1.839,767,1.683,357,1.471,199,1.261,158,1.16,262,1.348,554,1.718,950,1.942,1251,2.004,1688,2.293,1666,2.341,1504,2.245,1340,1.979,1473,2.068,1458,2.043,1434,1.983,1358,1.81,1423,1.861,1423,1.744,1599,1.906,1336,1.807,1295,1.914,1317,2.073,1074,1.997,841,2.029,831,2.01,372,1.84,180,1.394,173,1.537,278,1.649,595,1.872,950,1.917,1341,2.038,1788,2.363,1957,2.669,1612,2.379,1510,2.222,1636,2.3,1541,2.166,1445,2.037,1383,1.905,1283,1.703,1451,1.702,1577,1.753,1479,1.9,1543,2.08,1570,2.205,1300,2.074,1023,2.119,955,2.082,405,1.766,231,1.59,165,1.331,325,1.758,583,1.793,1021,1.979,1442,2.124,1923,2.444,2011,2.643,1657,2.332,1508,2.102,1787,2.392,1587,2.131,1805,2.44,1424,1.916,1451,1.867,1540,1.773,1592,1.715,1606,1.907,1627,2.064,1619,2.058,1397,2.125,1106,2.161
Region 4,Region 5,147,0.174,74,0.125,46,0.099,41,0.115,29,0.102,51,0.206,72,0.237,93,0.256,109,0.24,155,0.271,172,0.252,142,0.183,170,0.204,204,0.241,241,0.282,194,0.23,163,0.191,175,0.197,179,0.197,134,0.159,137,0.169,121,0.156,114,0.173,63,0.122,65,0.143,56,0.231,29,0.184,32,0.235,47,0.242,85,0.264,142,0.29,170,0.272,160,0.217,150,0.211,119,0.178,110,0.162,106,0.149,141,0.198,172,0.238,133,0.177,108,0.141,162,0.199,162,0.193,136,0.184,138,0.204,125,0.197,82,0.152,68,0.164,64,0.155,46,0.228,34,0.263,36,0.32,56,0.332,70,0.22,156,0.315,162,0.246,152,0.201,161,0.22,148,0.218,134,0.197,167,0.235,156,0.219,138,0.195,138,0.19,120,0.159,152,0.178,192,0.213,136,0.175,135,0.182,159,0.223,120,0.191,83,0.172,54,0.118,41,0.179,25,0.172,32,0.258,48,0.26,70,0.215,135,0.262,167,0.246,179,0.227,157,0.206,138,0.194,130,0.181,157,0.21,134,0.18,174,0.235,137,0.184,138,0.178,177,0.204,162,0.175,158,0.188,136,0.173,152,0.193,128,0.195,79,0.154
Region 4,Region 6,213,0.252,115,0.194,93,0.2,73,0.205,51,0.179,45,0.182,54,0.178,47,0.129,63,0.139,93,0.163,136,0.199,170,0.219,195,0.234,168,0.198,166,0.194,191,0.227,201,0.235,250,0.281,228,0.251,169,0.201,134,0.165,118,0.152,150,0.227,138,0.268,80,0.176,25,0.103,21,0.133,21,0.154,43,0.221,84,0.261,150,0.307,148,0.237,149,0.202,137,0.192,110,0.164,116,0.171,113,0.159,153,0.214,118,0.163,154,0.205,159,0.208,165,0.202,170,0.203,152,0.206,151,0.223,141,0.222,110,0.204,82,0.198,84,0.203,35,0.173,25,0.194,20,0.178,36,0.214,82,0.258,124,0.25,138,0.21,181,0.239,172,0.235,117,0.173,119,0.175,122,0.172,103,0.145,118,0.166,131,0.18,181,0.24,181,0.212,188,0.209,145,0.186,165,0.222,165,0.232,133,0.212,106,0.22,101,0.22,48,0.209,23,0.158,22,0.177,40,0.216,66,0.203,135,0.262,154,0.227,190,0.241,173,0.227,129,0.182,141,0.197,112,0.15,110,0.148,115,0.155,148,0.199,196,0.252,175,0.202,169,0.182,186,0.221,190,0.241,178,0.226,168,0.256,115,0.225
Region 4,Region 7,293,0.347,177,0.299,127,0.274,87,0.245,66,0.232,98,0.395,155,0.51,168,0.462,178,0.393,230,0.402,284,0.415,314,0.405,323,0.388,331,0.391,300,0.35,336,0.399,330,0.386,349,0.392,389,0.428,313,0.371,244,0.301,189,0.244,238,0.361,155,0.301,93,0.204,49,0.202,24,0.152,44,0.323,70,0.36,160,0.496,354,0.724,388,0.622,405,0.55,375,0.527,319,0.476,296,0.437,309,0.434,365,0.511,266,0.368,269,0.359,261,0.341,304,0.373,281,0.335,236,0.319,225,0.333,248,0.39,172,0.32,138,0.333,113,0.273,56,0.277,30,0.232,35,0.311,82,0.486,191,0.601,328,0.662,402,0.611,426,0.563,427,0.582,326,0.481,333,0.49,311,0.437,302,0.424,272,0.384,329,0.453,291,0.386,374,0.439,342,0.38,271,0.348,302,0.407,278,0.39,251,0.4,143,0.296,135,0.294,57,0.249,43,0.296,41,0.331,85,0.46,188,0.578,374,0.725,453,0.667,474,0.602,388,0.51,330,0.465,372,0.518,368,0.493,312,0.419,328,0.443,299,0.402,261,0.336,263,0.303,323,0.348,298,0.354,303,0.384,255,0.324,247,0.376,181,0.354
Region 4,Region 8,79,0.093,61,0.103,34,0.073,16,0.045,8,0.028,16,0.065,20,0.066,23,0.063,37,0.082,53,0.093,93,0.136,97,0.125,105,0.126,127,0.15,112,0.131,105,0.125,128,0.15,138,0.155,106,0.117,91,0.108,62,0.076,67,0.086,49,0.074,38,0.074,22,0.048,9,0.037,8,0.051,7,0.051,20,0.103,22,0.068,37,0.076,62,0.099,108,0.147,91,0.128,59,0.088,58,0.086,72,0.101,86,0.121,81,0.112,74,0.099,61,0.08,82,0.101,92,0.11,80,0.108,69,0.102,77,0.121,69,0.128,30,0.072,18,0.044,9,0.045,12,0.093,9,0.08,9,0.053,30,0.094,53,0.107,76,0.116,85,0.112,101,0.138,79,0.117,78,0.115,55,0.077,59,0.083,60,0.085,89,0.123,84,0.111,114,0.134,130,0.145,92,0.118,104,0.14,64,0.09,69,0.11,39,0.081,27,0.059,12,0.052,14,0.096,7,0.056,15,0.081,27,0.083,46,0.089,97,0.143,127,0.161,114,0.15,86,0.121,88,0.123,68,0.091,65,0.087,82,0.111,85,0.114,84,0.108,124,0.143,120,0.129,106,0.126,82,0.104,104,0.132,68,0.103,49,0.096
Region 4,Region 9,47,0.056,35,0.059,27,0.058,17,0.048,14,0.049,31,0.125,31,0.102,33,0.091,24,0.053,23,0.04,36,0.053,28,0.036,26,0.031,32,0.038,35,0.041,24,0.028,32,0.037,25,0.028,26,0.029,34,0.04,24,0.03,27,0.035,34,0.052,33,0.064,42,0.092,22,0.091,11,0.07,6,0.044,10,0.051,34,0.105,44,0.09,38,0.061,30,0.041,30,0.042,18,0.027,26,0.038,25,0.035,13,0.018,24,0.033,13,0.017,12,0.016,24,0.029,30,0.036,25,0.034,21,0.031,35,0.055,34,0.063,40,0.097,24,0.058,15,0.074,6,0.046,6,0.053,11,0.065,32,0.101,42,0.085,37,0.056,31,0.041,13,0.018,19,0.028,20,0.029,21,0.03,19,0.027,18,0.025,22,0.03,17,0.023,27,0.032,26,0.029,21,0.027,37,0.05,31,0.044,35,0.056,28,0.058,22,0.048,7,0.031,7,0.048,4,0.032,15,0.081,37,0.114,44,0.085,47,0.069,41,0.052,28,0.037,18,0.025,22,0.031,34,0.046,20,0.027,16,0.022,12,0.016,14,0.018,14,0.016,14,0.015,20,0.024,25,0.032,30,0.038,42,0.064,26,0.051
Region 4,Region 10,673,0.796,479,0.808,377,0.812,269,0.757,214,0.751,234,0.944,249,0.819,349,0.959,534,1.178,597,1.043,658,0.962,595,0.768,688,0.826,734,0.866,644,0.752,744,0.883,671,0.785,714,0.802,651,0.716,652,0.774,585,0.721,544,0.702,460,0.697,315,0.612,213,0.468,99,0.408,66,0.418,55,0.404,131,0.674,299,0.927,528,1.079,687,1.1,929,1.262,883,1.241,764,1.14,743,1.098,726,1.019,578,0.81,522,0.722,521,0.694,476,0.622,509,0.624,659,0.785,671,0.908,633,0.936,650,1.023,508,0.944,239,0.577,233,0.564,135,0.668,95,0.736,62,0.551,114,0.676,320,1.007,524,1.057,744,1.131,983,1.299,946,1.29,815,1.203,744,1.095,710,0.998,625,0.878,579,0.816,575,0.792,480,0.637,597,0.7,741,0.824,673,0.865,682,0.92,731,1.027,614,0.979,397,0.822,291,0.634,143,0.624,78,0.537,74,0.597,128,0.692,304,0.935,532,1.031,718,1.057,929,1.181,967,1.271,805,1.133,700,0.976,664,0.889,614,0.824,589,0.796,540,0.726,535,0.688,589,0.678,641,0.691,770,0.914,727,0.922,686,0.872,598,0.909,414,0.809
Region 4,Region 11,56,0.066,26,0.044,19,0.041,12,0.034,19,0.067,37,0.149,74,0.243,54,0.148,46,0.101,81,0.142,88,0.129,91,0.117,94,0.113,110,0.13,94,0.11,91,0.108,72,0.084,76,0.085,80,0.088,68,0.081,49,0.06,39,0.05,49,0.074,26,0.051,31,0.068,8,0.033,3,0.019,4,0.029,16,0.082,48,0.149,68,0.139,79,0.127,82,0.111,79,0.111,66,0.099,58,0.086,47,0.066,64,0.09,58,0.08,63,0.084,57,0.075,65,0.08,63,0.075,49,0.066,61,0.09,54,0.085,50,0.093,33,0.08,28,0.068,11,0.054,3,0.023,6,0.053,20,0.119,59,0.186,106,0.214,96,0.146,66,0.087,57,0.078,44,0.065,49,0.072,54,0.076,64,0.09,54,0.076,54,0.074,44,0.058,56,0.066,64,0.071,65,0.084,49,0.066,74,0.104,47,0.075,34,0.07,22,0.048,8,0.035,3,0.021,7,0.056,17,0.092,58,0.178,98,0.19,96,0.141,102,0.13,72,0.095,62,0.087,59,0.082,51,0.068,45,0.06,43,0.058,44,0.059,43,0.055,42,0.048,43,0.046,39,0.046,65,0.082,74,0.094,61,0.093,35,0.068
Region 4,Region 12,28,0.033,8,0.014,4,0.009,11,0.031,10,0.035,5,0.02,4,0.013,9,0.025,12,0.026,15,0.026,16,0.023,15,0.019,12,0.014,11,0.013,15,0.018,10,0.012,14,0.016,22,0.025,18,0.02,14,0.017,17,0.021,9,0.012,10,0.015,17,0.033,16,0.035,4,0.016,4,0.025,2,0.015,7,0.036,23,0.071,30,0.061,26,0.042,17,0.023,15,0.021,18,0.027,19,0.028,12,0.017,7,0.01,22,0.03,22,0.029,18,0.024,15,0.018,17,0.02,16,0.022,13,0.019,14,0.022,14,0.026,22,0.053,12,0.029,1,0.005,6,0.046,4,0.036,10,0.059,22,0.069,23,0.046,20,0.03,13,0.017,8,0.011,7,0.01,17,0.025,12,0.017,8,0.011,12,0.017,9,0.012,15,0.02,13,0.015,20,0.022,18,0.023,15,0.02,12,0.017,19,0.03,13,0.027,8,0.017,4,0.017,1,0.007,2,0.016,8,0.043,22,0.068,31,0.06,35,0.052,23,0.029,14,0.018,15,0.021,18,0.025,10,0.013,10,0.013,10,0.014,16,0.022,15,0.019,12,0.014,5,0.005,6,0.007,13,0.016,17,0.022,14,0.021,12,0.023
Region 4,Region 13,0,0,0,0,0,0,0,0,0,0,0,0,0,0,0,0,0,0,0,0,1,0.001,0,0,0,0,3,0.004,0,0,0,0,0,0,0,0,0,0,0,0,0,0,0,0,0,0,0,0,0,0,0,0,0,0,0,0,0,0,0,0,0,0,0,0,0,0,0,0,0,0,0,0,0,0,0,0,0,0,0,0,0,0,0,0,0,0,0,0,0,0,0,0,0,0,0,0,0,0,0,0,0,0,0,0,0,0,0,0,0,0,0,0,0,0,0,0,0,0,0,0,0,0,0,0,0,0,0,0,0,0,0,0,0,0,0,0,0,0,0,0,0,0,0,0,0,0,0,0,0,0,0,0,0,0,0,0,0,0,0,0,0,0,0,0,0,0,0,0,0,0,0,0,0,0,0,0,1,0.001,1,0.001,1,0.001,0,0,0,0,0,0,0,0,0,0
Region 4,Region 14,21,0.025,19,0.032,17,0.037,9,0.025,3,0.011,6,0.024,13,0.043,13,0.036,20,0.044,34,0.059,28,0.041,16,0.021,24,0.029,24,0.028,30,0.035,22,0.026,23,0.027,16,0.018,22,0.024,15,0.018,19,0.023,20,0.026,29,0.044,17,0.033,12,0.026,6,0.025,4,0.025,2,0.015,4,0.021,13,0.04,31,0.063,26,0.042,27,0.037,23,0.032,20,0.03,15,0.022,20,0.028,12,0.017,10,0.014,9,0.012,13,0.017,18,0.022,26,0.031,14,0.019,20,0.03,19,0.03,19,0.035,18,0.043,14,0.034,1,0.005,2,0.015,2,0.018,4,0.024,10,0.031,31,0.063,40,0.061,16,0.021,19,0.026,13,0.019,15,0.022,26,0.037,24,0.034,12,0.017,19,0.026,22,0.029,13,0.015,22,0.024,19,0.024,19,0.026,20,0.028,23,0.037,9,0.019,9,0.02,6,0.026,3,0.021,2,0.016,4,0.022,16,0.049,25,0.048,34,0.05,22,0.028,14,0.018,12,0.017,10,0.014,12,0.016,14,0.019,26,0.035,12,0.016,17,0.022,6,0.007,16,0.017,18,0.021,24,0.03,16,0.02,19,0.029,16,0.031
Region 4,Region 15,259,0.306,175,0.295,116,0.25,82,0.231,75,0.263,79,0.319,117,0.385,100,0.275,129,0.285,189,0.33,290,0.424,325,0.419,341,0.41,268,0.316,253,0.296,239,0.284,302,0.353,287,0.322,241,0.265,208,0.247,108,0.133,131,0.169,204,0.309,160,0.311,154,0.338,62,0.255,45,0.285,47,0.345,78,0.401,195,0.605,305,0.623,280,0.449,231,0.314,231,0.325,211,0.315,202,0.298,195,0.274,149,0.209,110,0.152,238,0.317,231,0.302,226,0.277,189,0.225,164,0.222,149,0.22,155,0.244,152,0.283,148,0.357,150,0.363,58,0.287,24,0.186,39,0.346,80,0.475,198,0.623,292,0.589,255,0.388,158,0.209,100,0.136,132,0.195,178,0.262,180,0.253,210,0.295,204,0.288,197,0.271,180,0.239,186,0.218,216,0.24,184,0.236,163,0.22,198,0.278,171,0.273,163,0.338,127,0.277,46,0.201,37,0.255,33,0.266,92,0.498,208,0.64,333,0.646,290,0.427,250,0.318,209,0.275,142,0.2,156,0.217,199,0.266,118,0.158,123,0.166,133,0.179,127,0.163,107,0.123,100,0.108,130,0.154,180,0.228,142,0.18,141,0.214,152,0.297
Region 4,Region 16,33,0.039,23,0.039,17,0.037,13,0.037,14,0.049,24,0.097,30,0.099,28,0.077,37,0.082,47,0.082,42,0.061,58,0.075,55,0.066,51,0.06,52,0.061,32,0.038,27,0.032,24,0.027,22,0.024,25,0.03,34,0.042,28,0.036,39,0.059,13,0.025,10,0.022,4,0.016,5,0.032,5,0.037,12,0.062,27,0.084,66,0.135,74,0.119,51,0.069,43,0.06,33,0.049,23,0.034,33,0.046,30,0.042,39,0.054,46,0.061,24,0.031,40,0.049,45,0.054,27,0.037,28,0.041,35,0.055,28,0.052,24,0.058,17,0.041,7,0.035,5,0.039,9,0.08,18,0.107,36,0.113,63,0.127,53,0.081,37,0.049,28,0.038,26,0.038,20,0.029,33,0.046,28,0.039,25,0.035,27,0.037,36,0.048,37,0.043,33,0.037,29,0.037,48,0.065,59,0.083,54,0.086,23,0.048,11,0.024,8,0.035,3,0.021,6,0.048,16,0.087,35,0.108,48,0.093,60,0.088,40,0.051,29,0.038,29,0.041,26,0.036,22,0.029,17,0.023,16,0.022,23,0.031,27,0.035,35,0.04,41,0.044,35,0.042,33,0.042,35,0.044,31,0.047,29,0.057
Region 5,Region 0,151,0.179,76,0.128,54,0.116,56,0.158,50,0.175,30,0.121,25,0.082,42,0.115,71,0.157,71,0.124,84,0.123,121,0.156,106,0.127,114,0.135,123,0.144,126,0.149,132,0.154,131,0.147,111,0.122,96,0.114,107,0.132,120,0.155,114,0.173,80,0.156,70,0.154,23,0.095,17,0.108,10,0.073,13,0.067,22,0.068,45,0.092,65,0.104,81,0.11,70,0.098,130,0.194,145,0.214,124,0.174,93,0.13,104,0.144,133,0.177,95,0.124,100,0.123,105,0.125,81,0.11,66,0.098,96,0.151,79,0.147,126,0.304,73,0.177,26,0.129,16,0.124,7,0.062,14,0.083,27,0.085,34,0.069,71,0.108,94,0.124,67,0.091,75,0.111,84,0.124,87,0.122,86,0.121,71,0.1,115,0.158,133,0.177,108,0.127,119,0.132,95,0.122,114,0.154,123,0.173,162,0.258,113,0.234,86,0.187,47,0.205,21,0.145,13,0.105,16,0.087,22,0.068,32,0.062,78,0.115,93,0.118,66,0.087,82,0.115,74,0.103,105,0.141,119,0.16,117,0.158,167,0.225,98,0.126,128,0.147,103,0.111,100,0.119,127,0.161,132,0.168,136,0.207,89,0.174
Region 5,Region 1,725,0.857,440,0.743,374,0.806,279,0.785,281,0.986,249,1.005,266,0.875,273,0.75,308,0.679,394,0.688,372,0.544,508,0.655,483,0.58,494,0.583,524,0.612,481,0.571,462,0.54,453,0.509,519,0.571,497,0.59,532,0.655,599,0.773,563,0.854,518,1.007,433,0.95,216,0.89,140,0.887,172,1.263,221,1.137,411,1.275,431,0.881,430,0.689,546,0.742,535,0.752,598,0.893,560,0.827,570,0.8,507,0.71,513,0.709,484,0.645,508,0.664,583,0.715,640,0.763,591,0.8,612,0.905,644,1.014,529,0.983,429,1.035,353,0.854,196,0.969,160,1.239,133,1.181,255,1.513,424,1.334,446,0.9,453,0.689,580,0.767,556,0.758,526,0.776,513,0.755,526,0.739,541,0.76,495,0.698,426,0.587,506,0.672,633,0.742,730,0.812,647,0.831,594,0.801,668,0.938,583,0.93,432,0.895,439,0.957,246,1.073,161,1.108,184,1.484,261,1.412,438,1.347,432,0.837,488,0.719,622,0.79,538,0.707,583,0.821,559,0.779,596,0.798,571,0.767,486,0.657,533,0.717,520,0.669,692,0.797,737,0.794,654,0.777,594,0.754,658,0.836,549,0.835,464,0.907
Region 5,Region 2,34,0.04,15,0.025,23,0.05,16,0.045,14,0.049,8,0.032,15,0.049,20,0.055,18,0.04,12,0.021,20,0.029,23,0.03,13,0.016,18,0.021,20,0.023,13,0.015,16,0.019,28,0.031,23,0.025,19,0.023,21,0.026,19,0.025,23,0.035,11,0.021,20,0.044,4,0.016,9,0.057,9,0.066,14,0.072,11,0.034,12,0.025,9,0.014,10,0.014,23,0.032,35,0.052,22,0.032,18,0.025,14,0.02,14,0.019,17,0.023,3,0.004,20,0.025,10,0.012,9,0.012,11,0.016,10,0.016,13,0.024,18,0.043,17,0.041,8,0.04,5,0.039,7,0.062,7,0.042,7,0.022,11,0.022,15,0.023,18,0.024,24,0.033,26,0.038,19,0.028,18,0.025,23,0.032,17,0.024,13,0.018,15,0.02,12,0.014,15,0.017,7,0.009,14,0.019,20,0.028,23,0.037,8,0.017,12,0.026,5,0.022,3,0.021,4,0.032,5,0.027,6,0.018,9,0.017,17,0.025,14,0.018,12,0.016,9,0.013,21,0.029,11,0.015,17,0.023,20,0.027,12,0.016,14,0.018,13,0.015,15,0.016,9,0.011,11,0.014,19,0.024,11,0.017,16,0.031
Region 5,Region 3,194,0.229,130,0.219,116,0.25,100,0.281,70,0.246,38,0.153,40,0.132,69,0.19,111,0.245,114,0.199,95,0.139,152,0.196,136,0.163,120,0.142,114,0.133,83,0.098,113,0.132,138,0.155,158,0.174,146,0.173,127,0.156,142,0.183,185,0.281,143,0.278,147,0.323,70,0.288,41,0.26,33,0.242,19,0.098,41,0.127,47,0.096,50,0.08,60,0.082,80,0.112,74,0.11,109,0.161,84,0.118,80,0.112,114,0.158,133,0.177,73,0.095,78,0.096,104,0.124,110,0.149,120,0.177,123,0.194,130,0.242,133,0.321,168,0.406,71,0.351,48,0.372,30,0.266,27,0.16,32,0.101,51,0.103,84,0.128,106,0.14,126,0.172,120,0.177,92,0.135,102,0.143,101,0.142,125,0.176,122,0.168,99,0.131,90,0.106,128,0.142,132,0.17,156,0.21,222,0.312,203,0.324,196,0.406,169,0.368,88,0.384,52,0.358,40,0.323,35,0.189,27,0.083,41,0.079,74,0.109,79,0.1,87,0.114,65,0.091,71,0.099,97,0.13,99,0.133,114,0.154,127,0.171,103,0.133,106,0.122,77,0.083,96,0.114,127,0.161,141,0.179,162,0.246,158,0.309
Region 5,Region 4,156,0.184,103,0.174,79,0.17,63,0.177,50,0.175,23,0.093,33,0.108,50,0.137,84,0.185,118,0.206,111,0.162,149,0.192,163,0.196,166,0.196,182,0.213,172,0.204,173,0.202,157,0.176,197,0.217,186,0.221,166,0.204,181,0.234,146,0.221,107,0.208,122,0.268,41,0.169,22,0.139,23,0.169,37,0.19,74,0.23,87,0.178,103,0.165,125,0.17,134,0.188,172,0.257,179,0.264,174,0.244,160,0.224,134,0.185,119,0.159,139,0.182,140,0.172,175,0.209,125,0.169,121,0.179,129,0.203,108,0.201,89,0.215,108,0.261,40,0.198,30,0.232,20,0.178,34,0.202,78,0.245,80,0.161,116,0.176,153,0.202,150,0.205,140,0.207,116,0.171,127,0.179,148,0.208,152,0.214,125,0.172,131,0.174,112,0.131,161,0.179,122,0.157,142,0.191,155,0.218,171,0.273,118,0.244,111,0.242,41,0.179,25,0.172,26,0.21,31,0.168,65,0.2,82,0.159,103,0.152,177,0.225,170,0.223,143,0.201,137,0.191,126,0.169,138,0.185,138,0.187,112,0.151,91,0.117,122,0.14,141,0.152,133,0.158,141,0.179,144,0.183,166,0.252,137,0.268
Region 5,Region 5,1651,1.953,998,1.684,859,1.85,622,1.751,535,1.877,401,1.618,391,1.286,590,1.621,767,1.692,912,1.594,914,1.337,1040,1.342,1057,1.27,1235,1.458,1690,1.974,1581,1.876,1466,1.715,1737,1.951,1589,1.748,1401,1.663,1269,1.563,1390,1.794,1185,1.797,765,1.487,755,1.657,454,1.871,295,1.869,255,1.872,408,2.099,698,2.165,674,1.378,735,1.177,1043,1.417,1205,1.693,1279,1.909,1416,2.092,1364,1.915,1337,1.874,1183,1.636,1323,1.763,1122,1.467,1422,1.743,1609,1.917,1512,2.046,1392,2.057,1296,2.04,1077,2.002,778,1.877,861,2.083,364,1.8,224,1.734,217,1.927,382,2.266,757,2.382,762,1.538,788,1.198,1124,1.486,1353,1.845,1369,2.02,1313,1.932,1375,1.933,1400,1.968,1145,1.614,1107,1.525,1063,1.411,1661,1.948,2026,2.252,1736,2.23,1522,2.052,1610,2.261,1366,2.179,984,2.038,909,1.981,424,1.849,251,1.728,222,1.79,391,2.115,713,2.193,800,1.551,1019,1.501,1441,1.831,1163,1.528,1231,1.733,1293,1.802,1325,1.774,1440,1.933,1337,1.807,1272,1.711,1289,1.658,1571,1.809,1722,1.855,1782,2.116,1617,2.052,1726,2.194,1444,2.196,992,1.938
Region 5,Region 6,99,0.117,58,0.098,48,0.103,44,0.124,31,0.109,19,0.077,19,0.062,21,0.058,18,0.04,27,0.047,33,0.048,40,0.052,55,0.066,59,0.07,53,0.062,59,0.07,57,0.067,63,0.071,58,0.064,63,0.075,73,0.09,84,0.108,62,0.094,75,0.146,44,0.097,25,0.103,20,0.127,15,0.11,23,0.118,35,0.109,43,0.088,25,0.04,27,0.037,34,0.048,32,0.048,26,0.038,32,0.045,28,0.039,15,0.021,23,0.031,15,0.02,28,0.034,37,0.044,34,0.046,55,0.081,47,0.074,50,0.093,68,0.164,63,0.152,34,0.168,12,0.093,16,0.142,20,0.119,46,0.145,38,0.077,22,0.033,27,0.036,27,0.037,15,0.022,22,0.032,24,0.034,23,0.032,18,0.025,20,0.028,20,0.027,39,0.046,41,0.046,36,0.046,45,0.061,47,0.066,67,0.107,63,0.13,57,0.124,30,0.131,13,0.09,17,0.137,28,0.151,57,0.175,51,0.099,29,0.043,31,0.039,27,0.035,20,0.028,22,0.031,21,0.028,27,0.036,10,0.014,25,0.034,35,0.045,36,0.041,65,0.07,57,0.068,59,0.075,69,0.088,62,0.094,64,0.125
Region 5,Region 7,877,1.037,532,0.898,443,0.954,331,0.932,330,1.158,220,0.888,257,0.845,310,0.852,359,0.792,453,0.792,452,0.661,575,0.742,617,0.741,619,0.731,640,0.748,650,0.771,600,0.702,679,0.763,681,0.749,646,0.767,720,0.887,766,0.989,655,0.993,536,1.042,377,0.827,257,1.059,145,0.919,192,1.41,310,1.595,456,1.414,459,0.938,403,0.646,561,0.762,567,0.797,617,0.921,696,1.028,717,1.007,535,0.75,503,0.695,529,0.705,476,0.622,516,0.632,733,0.874,729,0.986,673,0.995,590,0.929,508,0.944,413,0.996,309,0.747,195,0.965,108,0.836,129,1.146,234,1.388,391,1.23,418,0.843,411,0.625,549,0.726,543,0.74,556,0.82,613,0.902,613,0.862,602,0.846,510,0.719,439,0.605,484,0.642,674,0.79,753,0.837,712,0.915,704,0.949,697,0.979,701,1.118,514,1.065,362,0.789,247,1.077,139,0.957,153,1.234,245,1.325,377,1.16,386,0.748,465,0.685,616,0.783,579,0.761,561,0.79,554,0.772,531,0.711,568,0.763,547,0.739,537,0.722,556,0.715,629,0.724,806,0.868,749,0.889,734,0.931,791,1.005,637,0.969,513,1.002
Region 5,Region 8,197,0.233,130,0.219,103,0.222,61,0.172,50,0.175,19,0.077,23,0.076,50,0.137,46,0.101,80,0.14,115,0.168,129,0.166,129,0.155,181,0.214,167,0.195,160,0.19,173,0.202,190,0.213,204,0.224,163,0.193,137,0.169,109,0.141,103,0.156,73,0.142,52,0.114,18,0.074,10,0.063,24,0.176,19,0.098,46,0.143,51,0.104,81,0.13,110,0.149,102,0.143,122,0.182,137,0.202,128,0.18,106,0.149,90,0.124,111,0.148,101,0.132,111,0.136,159,0.189,145,0.196,140,0.207,121,0.191,89,0.165,64,0.154,65,0.157,45,0.223,22,0.17,14,0.124,23,0.136,34,0.107,51,0.103,73,0.111,140,0.185,127,0.173,139,0.205,117,0.172,128,0.18,113,0.159,98,0.138,90,0.124,117,0.155,190,0.223,201,0.223,167,0.215,139,0.187,143,0.201,138,0.22,98,0.203,93,0.203,43,0.188,19,0.131,16,0.129,22,0.119,26,0.08,46,0.089,80,0.118,122,0.155,133,0.175,151,0.213,131,0.183,132,0.177,107,0.144,120,0.162,123,0.165,144,0.185,207,0.238,234,0.252,172,0.204,176,0.223,171,0.217,166,0.252,82,0.16
Region 5,Region 9,85,0.101,66,0.111,39,0.084,28,0.079,30,0.105,11,0.044,24,0.079,20,0.055,23,0.051,22,0.038,36,0.053,34,0.044,50,0.06,49,0.058,29,0.034,56,0.066,35,0.041,50,0.056,59,0.065,66,0.078,50,0.062,62,0.08,48,0.073,41,0.08,40,0.088,18,0.074,10,0.063,7,0.051,2,0.01,16,0.05,21,0.043,33,0.053,37,0.05,21,0.03,26,0.039,34,0.05,24,0.034,28,0.039,29,0.04,31,0.041,22,0.029,17,0.021,41,0.049,23,0.031,22,0.033,36,0.057,35,0.065,41,0.099,49,0.119,20,0.099,17,0.132,3,0.027,9,0.053,10,0.031,17,0.034,19,0.029,27,0.036,33,0.045,28,0.041,30,0.044,24,0.034,41,0.058,28,0.039,31,0.043,19,0.025,27,0.032,28,0.031,22,0.028,18,0.024,44,0.062,61,0.097,50,0.104,51,0.111,38,0.166,23,0.158,8,0.065,7,0.038,15,0.046,24,0.047,18,0.027,29,0.037,19,0.025,28,0.039,35,0.049,22,0.029,21,0.028,38,0.051,39,0.052,29,0.037,29,0.033,19,0.02,40,0.047,22,0.028,24,0.031,36,0.055,45,0.088
Region 5,Region 10,325,0.384,170,0.287,136,0.293,108,0.304,94,0.33,48,0.194,70,0.23,69,0.19,101,0.223,174,0.304,172,0.252,200,0.258,211,0.253,234,0.276,211,0.246,227,0.269,237,0.277,252,0.283,222,0.244,193,0.229,180,0.222,183,0.236,219,0.332,181,0.352,170,0.373,70,0.288,37,0.234,46,0.338,54,0.278,116,0.36,163,0.333,152,0.243,239,0.325,238,0.334,220,0.328,189,0.279,212,0.298,201,0.282,146,0.202,166,0.221,173,0.226,209,0.256,208,0.248,230,0.311,219,0.324,218,0.343,172,0.32,144,0.347,138,0.334,65,0.322,26,0.201,37,0.329,51,0.303,99,0.312,102,0.206,163,0.248,257,0.34,250,0.341,198,0.292,188,0.277,190,0.267,206,0.29,159,0.224,148,0.204,168,0.223,224,0.263,312,0.347,246,0.316,210,0.283,233,0.327,206,0.329,200,0.414,111,0.242,94,0.41,42,0.289,28,0.226,70,0.379,111,0.341,123,0.238,182,0.268,250,0.318,245,0.322,242,0.341,172,0.24,192,0.257,171,0.23,168,0.227,183,0.246,197,0.253,269,0.31,324,0.349,279,0.331,267,0.339,310,0.394,227,0.345,179,0.35
Region 5,Region 11,84,0.099,43,0.073,25,0.054,32,0.09,19,0.067,58,0.234,78,0.256,33,0.091,43,0.095,73,0.128,86,0.126,82,0.106,63,0.076,61,0.072,85,0.099,73,0.087,62,0.073,62,0.07,80,0.088,66,0.078,78,0.096,81,0.105,86,0.13,67,0.13,44,0.097,18,0.074,8,0.051,8,0.059,23,0.118,50,0.155,52,0.106,45,0.072,62,0.084,72,0.101,115,0.172,99,0.146,69,0.097,60,0.084,52,0.072,55,0.073,45,0.059,53,0.065,60,0.072,54,0.073,66,0.098,71,0.112,54,0.1,35,0.084,33,0.08,16,0.079,12,0.093,10,0.089,22,0.131,65,0.205,62,0.125,54,0.082,55,0.073,64,0.087,63,0.093,83,0.122,93,0.131,74,0.104,51,0.072,39,0.054,46,0.061,53,0.062,63,0.07,63,0.081,58,0.078,77,0.108,67,0.107,46,0.095,31,0.068,14,0.061,6,0.041,4,0.032,26,0.141,47,0.145,48,0.093,56,0.082,64,0.081,60,0.079,72,0.101,65,0.091,77,0.103,59,0.079,53,0.072,62,0.083,53,0.068,51,0.059,61,0.066,54,0.064,78,0.099,54,0.069,65,0.099,41,0.08
Region 5,Region 12,96,0.114,52,0.088,48,0.103,22,0.062,28,0.098,13,0.052,16,0.053,15,0.041,26,0.057,19,0.033,15,0.022,28,0.036,27,0.032,36,0.042,23,0.027,45,0.053,45,0.053,55,0.062,48,0.053,47,0.056,55,0.068,52,0.067,50,0.076,41,0.08,55,0.121,35,0.144,15,0.095,7,0.051,13,0.067,11,0.034,11,0.022,22,0.035,36,0.049,32,0.045,33,0.049,42,0.062,37,0.052,38,0.053,31,0.043,36,0.048,26,0.034,32,0.039,30,0.036,29,0.039,23,0.034,32,0.05,33,0.061,31,0.075,34,0.082,17,0.084,7,0.054,10,0.089,10,0.059,22,0.069,30,0.061,21,0.032,17,0.022,25,0.034,37,0.055,39,0.057,38,0.053,30,0.042,18,0.025,28,0.039,34,0.045,22,0.026,40,0.044,32,0.041,27,0.036,36,0.051,42,0.067,54,0.112,58,0.126,25,0.109,16,0.11,7,0.056,16,0.087,17,0.052,23,0.045,30,0.044,35,0.044,28,0.037,23,0.032,24,0.033,28,0.037,33,0.044,38,0.051,35,0.047,25,0.032,30,0.035,37,0.04,28,0.033,26,0.033,39,0.05,41,0.062,41,0.08
Region 5,Region 13,0,0,0,0,0,0,0,0,0,0,0,0,0,0,0,0,0,0,0,0,0,0,0,0,0,0,0,0,0,0,0,0,0,0,0,0,0,0,0,0,0,0,0,0,0,0,0,0,0,0,0,0,0,0,0,0,0,0,0,0,0,0,0,0,0,0,0,0,0,0,0,0,0,0,0,0,0,0,0,0,0,0,0,0,0,0,0,0,0,0,0,0,0,0,0,0,0,0,0,0,0,0,0,0,0,0,0,0,0,0,0,0,0,0,0,0,0,0,0,0,0,0,0,0,0,0,0,0,0,0,0,0,0,0,0,0,0,0,0,0,0,0,0,0,0,0,0,0,0,0,0,0,0,0,0,0,0,0,0,0,0,0,0,0,0,0,0,0,0,0,0,0,0,0,0,0,0,0,0,0,0,0,0,0,0,0,0,0,0,0,0,0
Region 5,Region 14,84,0.099,49,0.083,78,0.168,41,0.115,23,0.081,34,0.137,43,0.141,32,0.088,35,0.077,44,0.077,51,0.075,68,0.088,61,0.073,55,0.065,55,0.064,58,0.069,47,0.055,81,0.091,73,0.08,73,0.087,88,0.108,76,0.098,84,0.127,52,0.101,47,0.103,19,0.078,14,0.089,9,0.066,10,0.051,31,0.096,32,0.065,39,0.062,44,0.06,46,0.065,65,0.097,74,0.109,70,0.098,65,0.091,36,0.05,43,0.057,48,0.063,60,0.074,51,0.061,71,0.096,51,0.075,59,0.093,83,0.154,46,0.111,50,0.121,16,0.079,9,0.07,12,0.107,15,0.089,28,0.088,22,0.044,28,0.043,42,0.056,49,0.067,56,0.083,51,0.075,56,0.079,53,0.074,64,0.09,49,0.067,43,0.057,59,0.069,68,0.076,53,0.068,71,0.096,88,0.124,73,0.116,45,0.093,58,0.126,20,0.087,9,0.062,9,0.073,10,0.054,22,0.068,21,0.041,38,0.056,50,0.064,47,0.062,58,0.082,46,0.064,59,0.079,40,0.054,56,0.076,63,0.085,64,0.082,85,0.098,66,0.071,81,0.096,94,0.119,95,0.121,82,0.125,65,0.127
Region 5,Region 15,76,0.09,52,0.088,27,0.058,30,0.084,36,0.126,34,0.137,47,0.155,16,0.044,18,0.04,27,0.047,21,0.031,33,0.043,28,0.034,26,0.031,18,0.021,31,0.037,36,0.042,34,0.038,43,0.047,41,0.049,53,0.065,66,0.085,59,0.089,46,0.089,47,0.103,21,0.087,19,0.12,12,0.088,8,0.041,25,0.078,31,0.063,30,0.048,19,0.026,18,0.025,33,0.049,29,0.043,30,0.042,20,0.028,31,0.043,27,0.036,18,0.024,26,0.032,29,0.035,33,0.045,37,0.055,32,0.05,45,0.084,37,0.089,45,0.109,23,0.114,15,0.116,7,0.062,14,0.083,30,0.094,32,0.065,22,0.033,20,0.026,27,0.037,34,0.05,32,0.047,20,0.028,22,0.031,20,0.028,28,0.039,19,0.025,34,0.04,43,0.048,26,0.033,38,0.051,37,0.052,53,0.085,47,0.097,51,0.111,15,0.065,20,0.138,11,0.089,12,0.065,23,0.071,25,0.048,20,0.029,28,0.036,28,0.037,22,0.031,20,0.028,22,0.029,27,0.036,19,0.026,26,0.035,25,0.032,34,0.039,35,0.038,31,0.037,32,0.041,40,0.051,37,0.056,47,0.092
Region 5,Region 16,225,0.266,105,0.177,79,0.17,65,0.183,68,0.239,67,0.27,96,0.316,78,0.214,117,0.258,142,0.248,157,0.23,193,0.249,218,0.262,210,0.248,239,0.279,219,0.26,199,0.233,226,0.254,279,0.307,227,0.269,220,0.271,190,0.245,197,0.299,146,0.284,118,0.259,42,0.173,36,0.228,27,0.198,64,0.329,108,0.335,105,0.215,117,0.187,182,0.247,167,0.235,180,0.269,196,0.29,181,0.254,218,0.305,150,0.207,187,0.249,158,0.207,190,0.233,224,0.267,224,0.303,201,0.297,198,0.312,172,0.32,145,0.35,117,0.283,50,0.247,29,0.225,32,0.284,40,0.237,101,0.318,91,0.184,120,0.182,161,0.213,139,0.19,176,0.26,195,0.287,185,0.26,201,0.283,170,0.24,139,0.191,153,0.203,199,0.233,272,0.302,239,0.307,249,0.336,214,0.301,222,0.354,174,0.36,124,0.27,58,0.253,32,0.22,30,0.242,54,0.292,103,0.317,101,0.196,137,0.202,174,0.221,157,0.206,173,0.244,203,0.283,184,0.246,182,0.244,148,0.2,177,0.238,167,0.215,226,0.26,276,0.297,221,0.262,221,0.28,257,0.327,207,0.315,152,0.297
Region 6,Region 0,72,0.085,62,0.105,43,0.093,48,0.135,21,0.074,22,0.089,21,0.069,32,0.088,40,0.088,33,0.058,49,0.072,41,0.053,40,0.048,42,0.05,37,0.043,36,0.043,31,0.036,34,0.038,31,0.034,43,0.051,50,0.062,64,0.083,69,0.105,43,0.084,38,0.083,15,0.062,20,0.127,7,0.051,16,0.082,32,0.099,51,0.104,37,0.059,38,0.052,32,0.045,25,0.037,23,0.034,17,0.024,21,0.029,17,0.024,29,0.039,23,0.03,20,0.025,38,0.045,33,0.045,36,0.053,28,0.044,33,0.061,32,0.077,34,0.082,11,0.054,5,0.039,4,0.036,16,0.095,25,0.079,48,0.097,43,0.065,36,0.048,21,0.029,28,0.041,33,0.049,35,0.049,33,0.046,28,0.039,29,0.04,17,0.023,22,0.026,30,0.033,43,0.055,56,0.076,36,0.051,38,0.061,38,0.079,34,0.074,11,0.048,5,0.034,10,0.081,12,0.065,25,0.077,43,0.083,42,0.062,33,0.042,30,0.039,29,0.041,26,0.036,37,0.05,29,0.039,16,0.022,22,0.03,20,0.026,11,0.013,37,0.04,54,0.064,40,0.051,41,0.052,65,0.099,35,0.068
Region 6,Region 1,414,0.49,372,0.628,296,0.638,192,0.54,142,0.498,111,0.448,117,0.385,113,0.311,107,0.236,135,0.236,158,0.231,181,0.234,174,0.209,178,0.21,195,0.228,208,0.247,163,0.191,183,0.206,179,0.197,193,0.229,265,0.326,302,0.39,307,0.466,194,0.377,144,0.316,76,0.313,46,0.291,35,0.257,62,0.319,99,0.307,178,0.364,237,0.38,215,0.292,186,0.261,146,0.218,134,0.198,147,0.206,148,0.207,141,0.195,152,0.203,138,0.18,182,0.223,209,0.249,151,0.204,164,0.242,187,0.294,173,0.322,113,0.273,118,0.285,65,0.322,29,0.225,28,0.249,55,0.326,93,0.293,178,0.359,209,0.318,206,0.272,156,0.213,129,0.19,139,0.205,158,0.222,178,0.25,156,0.22,142,0.196,160,0.212,189,0.222,201,0.223,169,0.217,200,0.27,225,0.316,177,0.282,137,0.284,163,0.355,100,0.436,49,0.337,37,0.298,64,0.346,119,0.366,171,0.331,225,0.331,238,0.302,235,0.309,211,0.297,168,0.234,158,0.212,183,0.246,146,0.197,103,0.139,135,0.174,166,0.191,215,0.232,209,0.248,253,0.321,300,0.381,319,0.485,186,0.363
Region 6,Region 2,54,0.064,59,0.1,47,0.101,31,0.087,27,0.095,20,0.081,31,0.102,19,0.052,16,0.035,20,0.035,36,0.053,42,0.054,36,0.043,47,0.055,45,0.053,33,0.039,47,0.055,28,0.031,26,0.029,26,0.031,35,0.043,48,0.062,49,0.074,37,0.072,33,0.072,19,0.078,13,0.082,9,0.066,12,0.062,17,0.053,26,0.053,27,0.043,30,0.041,17,0.024,22,0.033,35,0.052,39,0.055,21,0.029,27,0.037,28,0.037,38,0.05,33,0.04,30,0.036,24,0.032,20,0.03,23,0.036,28,0.052,17,0.041,21,0.051,5,0.025,11,0.085,9,0.08,11,0.065,7,0.022,12,0.024,16,0.024,14,0.019,12,0.016,16,0.024,22,0.032,23,0.032,32,0.045,21,0.03,40,0.055,26,0.035,28,0.033,32,0.036,19,0.024,30,0.04,16,0.022,25,0.04,26,0.054,31,0.068,13,0.057,6,0.041,8,0.065,13,0.07,17,0.052,22,0.043,31,0.046,30,0.038,30,0.039,21,0.03,27,0.038,30,0.04,21,0.028,25,0.034,14,0.019,13,0.017,36,0.041,40,0.043,34,0.04,28,0.036,34,0.043,43,0.065,31,0.061
Region 6,Region 3,105,0.124,80,0.135,50,0.108,59,0.166,50,0.175,30,0.121,42,0.138,39,0.107,48,0.106,65,0.114,58,0.085,60,0.077,45,0.054,45,0.053,46,0.054,41,0.049,35,0.041,46,0.052,35,0.039,36,0.043,65,0.08,78,0.101,64,0.097,75,0.146,81,0.178,31,0.128,13,0.082,11,0.081,16,0.082,27,0.084,35,0.072,41,0.066,43,0.058,36,0.051,32,0.048,35,0.052,10,0.014,19,0.027,13,0.018,15,0.02,19,0.025,17,0.021,35,0.042,50,0.068,48,0.071,48,0.076,44,0.082,52,0.125,65,0.157,27,0.134,19,0.147,10,0.089,13,0.077,19,0.06,39,0.079,43,0.065,40,0.053,20,0.027,28,0.041,30,0.044,15,0.021,14,0.02,17,0.024,25,0.034,34,0.045,28,0.033,30,0.033,42,0.054,48,0.065,45,0.063,46,0.073,47,0.097,64,0.139,23,0.1,10,0.069,13,0.105,17,0.092,22,0.068,44,0.085,39,0.057,42,0.053,31,0.041,38,0.053,23,0.032,26,0.035,22,0.03,13,0.018,30,0.04,12,0.015,28,0.032,50,0.054,47,0.056,73,0.093,67,0.085,60,0.091,56,0.109
Region 6,Region 4,349,0.413,289,0.488,236,0.508,173,0.487,160,0.561,92,0.371,80,0.263,94,0.258,124,0.274,131,0.229,153,0.224,173,0.223,172,0.207,219,0.258,238,0.278,238,0.282,283,0.331,260,0.292,195,0.215,168,0.199,221,0.272,200,0.258,225,0.341,195,0.379,202,0.443,97,0.4,46,0.291,39,0.286,58,0.298,85,0.264,139,0.284,169,0.271,213,0.289,184,0.259,145,0.216,189,0.279,175,0.246,177,0.248,177,0.245,185,0.247,159,0.208,209,0.256,188,0.224,196,0.265,208,0.307,197,0.31,170,0.316,138,0.333,161,0.389,87,0.43,45,0.348,28,0.249,66,0.392,88,0.277,111,0.224,164,0.249,202,0.267,181,0.247,124,0.183,127,0.187,183,0.257,140,0.197,157,0.221,196,0.27,275,0.365,207,0.243,203,0.226,175,0.225,203,0.274,213,0.299,189,0.301,178,0.369,192,0.418,61,0.266,37,0.255,40,0.323,55,0.298,92,0.283,139,0.269,163,0.24,203,0.258,219,0.288,175,0.246,103,0.144,148,0.198,127,0.171,96,0.13,160,0.215,131,0.169,164,0.189,225,0.242,239,0.284,207,0.263,272,0.346,257,0.391,187,0.365
Region 6,Region 5,101,0.119,100,0.169,88,0.19,79,0.222,45,0.158,35,0.141,31,0.102,34,0.093,24,0.053,30,0.052,29,0.042,28,0.036,31,0.037,45,0.053,48,0.056,46,0.055,45,0.053,35,0.039,51,0.056,41,0.049,38,0.047,57,0.074,50,0.076,50,0.097,72,0.158,48,0.198,27,0.171,27,0.198,38,0.196,40,0.124,37,0.076,35,0.056,49,0.067,36,0.051,30,0.045,20,0.03,21,0.029,35,0.049,36,0.05,27,0.036,35,0.046,34,0.042,41,0.049,37,0.05,37,0.055,37,0.058,33,0.061,37,0.089,51,0.123,47,0.232,18,0.139,20,0.178,44,0.261,44,0.138,24,0.048,34,0.052,38,0.05,41,0.056,17,0.025,19,0.028,19,0.027,26,0.037,26,0.037,28,0.039,38,0.05,46,0.054,36,0.04,25,0.032,43,0.058,41,0.058,54,0.086,36,0.075,44,0.096,43,0.188,28,0.193,32,0.258,43,0.233,42,0.129,44,0.085,49,0.072,39,0.05,33,0.043,34,0.048,27,0.038,22,0.029,28,0.038,22,0.03,25,0.034,28,0.036,35,0.04,41,0.044,42,0.05,48,0.061,48,0.061,68,0.103,49,0.096
Region 6,Region 6,3894,4.605,2824,4.766,2097,4.516,1541,4.338,1079,3.786,768,3.099,676,2.223,903,2.482,1240,2.735,1684,2.943,2284,3.34,2777,3.583,3354,4.029,3469,4.094,3368,3.934,3354,3.979,3522,4.119,3656,4.107,3806,4.188,3299,3.915,3101,3.819,2723,3.514,2261,3.428,1772,3.445,1449,3.18,744,3.066,408,2.585,322,2.364,491,2.526,831,2.577,1203,2.459,1553,2.488,1926,2.617,1963,2.758,1754,2.618,1896,2.801,2117,2.972,2207,3.093,2328,3.219,2393,3.189,2506,3.277,2605,3.193,2751,3.278,2499,3.381,2114,3.125,1947,3.065,1643,3.054,1239,2.989,1237,2.992,613,3.032,374,2.896,267,2.371,410,2.432,754,2.373,1119,2.258,1467,2.23,1843,2.436,1837,2.505,1832,2.703,1885,2.774,2132,2.997,2102,2.954,2073,2.923,2161,2.976,2326,3.087,2607,3.057,2876,3.197,2659,3.416,2487,3.353,2190,3.076,1858,2.964,1500,3.107,1495,3.259,736,3.21,425,2.926,334,2.693,489,2.646,809,2.489,1212,2.35,1539,2.266,1816,2.308,1985,2.609,1878,2.643,2096,2.921,2308,3.09,2228,2.991,2272,3.072,2382,3.205,2514,3.234,2871,3.306,3202,3.449,2979,3.537,2773,3.519,2723,3.461,2246,3.416,1854,3.622
Region 6,Region 7,753,0.891,656,1.107,583,1.256,402,1.132,279,0.979,227,0.916,265,0.871,259,0.712,252,0.556,276,0.482,324,0.474,369,0.476,394,0.473,405,0.478,437,0.51,380,0.451,419,0.49,424,0.476,516,0.568,464,0.551,462,0.569,457,0.59,411,0.623,333,0.647,309,0.678,145,0.597,86,0.545,106,0.778,145,0.746,227,0.704,281,0.574,335,0.537,402,0.546,366,0.514,267,0.399,288,0.425,346,0.486,332,0.465,361,0.499,309,0.412,341,0.446,372,0.456,464,0.553,379,0.513,406,0.6,354,0.557,322,0.599,271,0.654,239,0.578,124,0.613,68,0.527,86,0.764,119,0.706,211,0.664,310,0.626,321,0.488,399,0.527,385,0.525,361,0.533,337,0.496,361,0.508,322,0.453,331,0.467,344,0.474,342,0.454,424,0.497,494,0.549,455,0.585,477,0.643,440,0.618,363,0.579,316,0.654,269,0.586,150,0.654,97,0.668,91,0.734,161,0.871,230,0.707,297,0.576,363,0.535,452,0.574,428,0.562,387,0.545,347,0.484,364,0.487,347,0.466,365,0.493,378,0.509,367,0.472,399,0.459,519,0.559,435,0.516,465,0.59,515,0.655,429,0.652,363,0.709
Region 6,Region 8,75,0.089,53,0.089,30,0.065,29,0.082,23,0.081,20,0.081,25,0.082,23,0.063,26,0.057,32,0.056,43,0.063,29,0.037,32,0.038,37,0.044,33,0.039,29,0.034,33,0.039,33,0.037,42,0.046,34,0.04,40,0.049,33,0.043,46,0.07,38,0.074,26,0.057,15,0.062,6,0.038,14,0.103,9,0.046,22,0.068,27,0.055,30,0.048,25,0.034,17,0.024,21,0.031,22,0.032,18,0.025,34,0.048,33,0.046,28,0.037,33,0.043,23,0.028,26,0.031,29,0.039,35,0.052,32,0.05,17,0.032,15,0.036,18,0.044,11,0.054,7,0.054,11,0.098,15,0.089,24,0.076,25,0.05,20,0.03,24,0.032,31,0.042,39,0.058,27,0.04,23,0.032,19,0.027,18,0.025,26,0.036,23,0.031,22,0.026,34,0.038,34,0.044,32,0.043,25,0.035,21,0.033,20,0.041,14,0.031,11,0.048,3,0.021,11,0.089,15,0.081,32,0.098,25,0.048,31,0.046,29,0.037,36,0.047,32,0.045,26,0.036,16,0.021,26,0.035,19,0.026,18,0.024,28,0.036,19,0.022,34,0.037,27,0.032,33,0.042,46,0.058,43,0.065,39,0.076
Region 6,Region 9,46,0.054,43,0.073,29,0.062,38,0.107,22,0.077,20,0.081,18,0.059,16,0.044,8,0.018,14,0.024,13,0.019,11,0.014,14,0.017,15,0.018,25,0.029,20,0.024,17,0.02,15,0.017,17,0.019,23,0.027,11,0.014,23,0.03,22,0.033,26,0.051,40,0.088,22,0.091,13,0.082,12,0.088,10,0.051,14,0.043,11,0.022,18,0.029,20,0.027,10,0.014,7,0.01,11,0.016,8,0.011,8,0.011,4,0.006,11,0.015,13,0.017,12,0.015,11,0.013,9,0.012,14,0.021,19,0.03,24,0.045,21,0.051,35,0.085,12,0.059,7,0.054,6,0.053,4,0.024,16,0.05,18,0.036,14,0.021,11,0.015,7,0.01,9,0.013,17,0.025,10,0.014,10,0.014,10,0.014,8,0.011,5,0.007,10,0.012,9,0.01,21,0.027,16,0.022,20,0.028,27,0.043,20,0.041,33,0.072,10,0.044,6,0.041,9,0.073,6,0.032,12,0.037,16,0.031,25,0.037,15,0.019,15,0.02,11,0.015,12,0.017,8,0.011,5,0.007,8,0.011,7,0.009,5,0.006,17,0.02,20,0.022,25,0.03,21,0.027,26,0.033,32,0.049,32,0.063
Region 6,Region 10,1487,1.759,1191,2.01,1087,2.341,872,2.455,648,2.274,529,2.134,541,1.779,736,2.023,889,1.961,913,1.595,809,1.183,808,1.042,790,0.949,842,0.994,814,0.951,801,0.95,854,0.999,915,1.028,991,1.09,907,1.076,986,1.214,970,1.252,821,1.245,750,1.458,636,1.396,327,1.347,171,1.083,152,1.116,282,1.451,540,1.675,638,1.304,777,1.245,743,1.009,731,1.027,686,1.024,647,0.956,647,0.908,686,0.961,674,0.932,719,0.958,743,0.972,782,0.958,874,1.042,911,1.232,939,1.388,787,1.239,680,1.264,491,1.185,531,1.284,244,1.207,186,1.44,146,1.297,241,1.43,575,1.809,662,1.336,664,1.009,700,0.925,634,0.865,676,0.998,708,1.042,731,1.028,627,0.881,649,0.915,687,0.946,692,0.918,803,0.942,922,1.025,882,1.133,963,1.298,876,1.23,666,1.062,678,1.404,591,1.288,289,1.26,150,1.033,131,1.056,243,1.315,536,1.649,601,1.165,666,0.981,762,0.968,747,0.982,718,1.011,700,0.976,693,0.928,653,0.877,625,0.845,645,0.868,712,0.916,868,1,1050,1.131,992,1.178,1063,1.349,1072,1.363,866,1.317,660,1.289
Region 6,Region 11,119,0.141,138,0.233,117,0.252,69,0.194,36,0.126,36,0.145,82,0.27,37,0.102,34,0.075,44,0.077,47,0.069,53,0.068,58,0.07,66,0.078,59,0.069,51,0.061,49,0.057,40,0.045,41,0.045,38,0.045,60,0.074,75,0.097,59,0.089,39,0.076,30,0.066,9,0.037,7,0.044,3,0.022,12,0.062,25,0.078,39,0.08,38,0.061,45,0.061,41,0.058,42,0.063,30,0.044,19,0.027,20,0.028,30,0.041,20,0.027,42,0.055,43,0.053,40,0.048,28,0.038,39,0.058,50,0.079,52,0.097,27,0.065,33,0.08,11,0.054,8,0.062,7,0.062,4,0.024,20,0.063,46,0.093,31,0.047,29,0.038,25,0.034,30,0.044,29,0.043,24,0.034,29,0.041,44,0.062,31,0.043,28,0.037,39,0.046,45,0.05,50,0.064,43,0.058,52,0.073,64,0.102,34,0.07,39,0.085,22,0.096,9,0.062,8,0.065,17,0.092,14,0.043,34,0.066,38,0.056,52,0.066,44,0.058,40,0.056,30,0.042,29,0.039,33,0.044,22,0.03,16,0.022,23,0.03,22,0.025,56,0.06,43,0.051,67,0.085,75,0.095,81,0.123,73,0.143
Region 6,Region 12,29,0.034,21,0.035,25,0.054,23,0.065,15,0.053,9,0.036,6,0.02,5,0.014,4,0.009,3,0.005,2,0.003,5,0.006,6,0.007,5,0.006,6,0.007,5,0.006,2,0.002,7,0.008,11,0.012,11,0.013,8,0.01,13,0.017,16,0.024,14,0.027,19,0.042,8,0.033,4,0.025,5,0.037,5,0.026,6,0.019,7,0.014,5,0.008,6,0.008,6,0.008,2,0.003,7,0.01,3,0.004,2,0.003,0,0,8,0.011,4,0.005,2,0.002,8,0.01,4,0.005,7,0.01,18,0.028,14,0.026,9,0.022,17,0.041,3,0.015,4,0.031,7,0.062,1,0.006,5,0.016,9,0.018,4,0.006,9,0.012,5,0.007,2,0.003,5,0.007,5,0.007,4,0.006,6,0.008,2,0.003,11,0.015,7,0.008,6,0.007,3,0.004,11,0.015,10,0.014,10,0.016,9,0.019,8,0.017,8,0.035,4,0.028,5,0.04,6,0.032,8,0.025,7,0.014,11,0.016,9,0.011,7,0.009,2,0.003,1,0.001,9,0.012,3,0.004,3,0.004,5,0.007,7,0.009,5,0.006,14,0.015,12,0.014,4,0.005,7,0.009,8,0.012,8,0.016
Region 6,Region 13,0,0,0,0,0,0,0,0,0,0,0,0,0,0,0,0,0,0,0,0,1,0.001,0,0,0,0,0,0,0,0,0,0,0,0,0,0,0,0,1,0.001,0,0,0,0,0,0,0,0,0,0,0,0,0,0,0,0,0,0,0,0,0,0,0,0,0,0,0,0,0,0,0,0,0,0,0,0,1,0.001,0,0,0,0,0,0,0,0,0,0,0,0,0,0,0,0,0,0,0,0,0,0,0,0,0,0,0,0,0,0,0,0,0,0,0,0,0,0,0,0,0,0,0,0,0,0,0,0,0,0,0,0,0,0,0,0,0,0,1,0.001,1,0.001,0,0,0,0,0,0,0,0,0,0,0,0,0,0,0,0,0,0,0,0,1,0.001,0,0,0,0,0,0,0,0,0,0,0,0,0,0,1,0.001,0,0,0,0,0,0,0,0,0,0,0,0,0,0
Region 6,Region 14,38,0.045,37,0.062,25,0.054,23,0.065,23,0.081,5,0.02,7,0.023,8,0.022,12,0.026,10,0.017,11,0.016,10,0.013,10,0.012,12,0.014,10,0.012,12,0.014,11,0.013,17,0.019,12,0.013,12,0.014,13,0.016,11,0.014,9,0.014,17,0.033,9,0.02,9,0.037,1,0.006,5,0.037,4,0.021,3,0.009,9,0.018,8,0.013,7,0.01,6,0.008,4,0.006,5,0.007,4,0.006,5,0.007,3,0.004,7,0.009,2,0.003,11,0.013,12,0.014,3,0.004,3,0.004,17,0.027,16,0.03,4,0.01,12,0.029,8,0.04,5,0.039,1,0.009,1,0.006,4,0.013,8,0.016,6,0.009,16,0.021,4,0.005,8,0.012,5,0.007,3,0.004,3,0.004,6,0.008,5,0.007,8,0.011,4,0.005,9,0.01,11,0.014,19,0.026,19,0.027,11,0.018,10,0.021,14,0.031,8,0.035,2,0.014,5,0.04,8,0.043,5,0.015,2,0.004,6,0.009,8,0.01,5,0.007,4,0.006,2,0.003,1,0.001,14,0.019,8,0.011,6,0.008,10,0.013,1,0.001,6,0.006,6,0.007,9,0.011,14,0.018,15,0.023,20,0.039
Region 6,Region 15,185,0.219,193,0.326,164,0.353,120,0.338,117,0.411,86,0.347,100,0.329,57,0.157,64,0.141,78,0.136,102,0.149,132,0.17,122,0.147,126,0.149,118,0.138,116,0.138,130,0.152,169,0.19,98,0.108,127,0.151,118,0.145,193,0.249,184,0.279,155,0.301,141,0.309,90,0.371,59,0.374,35,0.257,28,0.144,59,0.183,120,0.245,121,0.194,104,0.141,89,0.125,84,0.125,105,0.155,85,0.119,71,0.099,62,0.086,115,0.153,125,0.163,131,0.161,119,0.142,106,0.143,108,0.16,106,0.167,106,0.197,100,0.241,149,0.36,47,0.232,36,0.279,24,0.213,37,0.22,57,0.179,91,0.184,121,0.184,105,0.139,67,0.091,51,0.075,70,0.103,76,0.107,97,0.136,109,0.154,122,0.168,131,0.174,97,0.114,110,0.122,116,0.149,130,0.175,133,0.187,123,0.196,119,0.246,148,0.323,42,0.183,48,0.33,38,0.306,32,0.173,65,0.2,122,0.237,110,0.162,84,0.107,100,0.131,112,0.158,59,0.082,87,0.116,82,0.11,60,0.081,91,0.122,92,0.118,119,0.137,161,0.173,169,0.201,139,0.176,133,0.169,148,0.225,115,0.225
Region 6,Region 16,39,0.046,49,0.083,32,0.069,25,0.07,18,0.063,10,0.04,10,0.033,19,0.052,11,0.024,14,0.024,15,0.022,9,0.012,15,0.018,15,0.018,9,0.011,19,0.023,19,0.022,10,0.011,16,0.018,18,0.021,17,0.021,19,0.025,26,0.039,18,0.035,10,0.022,6,0.025,4,0.025,1,0.007,3,0.015,6,0.019,11,0.022,6,0.01,5,0.007,11,0.015,7,0.01,3,0.004,11,0.015,8,0.011,11,0.015,8,0.011,9,0.012,18,0.022,21,0.025,11,0.015,18,0.027,18,0.028,13,0.024,11,0.027,9,0.022,5,0.025,5,0.039,3,0.027,8,0.047,7,0.022,16,0.032,13,0.02,10,0.013,7,0.01,5,0.007,5,0.007,6,0.008,15,0.021,5,0.007,8,0.011,13,0.017,9,0.011,7,0.008,12,0.015,16,0.022,31,0.044,18,0.029,13,0.027,18,0.039,2,0.009,3,0.021,4,0.032,6,0.032,5,0.015,11,0.021,8,0.012,8,0.01,7,0.009,9,0.013,7,0.01,9,0.012,9,0.012,6,0.008,10,0.013,15,0.019,14,0.016,18,0.019,13,0.015,26,0.033,23,0.029,26,0.04,23,0.045
Region 7,Region 0,103,0.122,81,0.137,71,0.153,86,0.242,44,0.154,21,0.085,17,0.056,37,0.102,46,0.101,38,0.066,58,0.085,70,0.09,68,0.082,71,0.084,73,0.085,67,0.079,47,0.055,45,0.051,78,0.086,68,0.081,61,0.075,71,0.092,54,0.082,53,0.103,38,0.083,14,0.058,17,0.108,6,0.044,12,0.062,11,0.034,40,0.082,66,0.106,73,0.099,47,0.066,45,0.067,42,0.062,52,0.073,53,0.074,54,0.075,68,0.091,55,0.072,60,0.074,60,0.072,61,0.083,78,0.115,63,0.099,76,0.141,117,0.282,48,0.116,26,0.129,8,0.062,10,0.089,7,0.042,12,0.038,45,0.091,52,0.079,49,0.065,34,0.046,42,0.062,46,0.068,59,0.083,50,0.07,69,0.097,77,0.106,72,0.096,75,0.088,81,0.09,65,0.084,82,0.111,76,0.107,93,0.148,93,0.193,56,0.122,21,0.092,13,0.09,14,0.113,11,0.06,15,0.046,32,0.062,51,0.075,36,0.046,33,0.043,54,0.076,60,0.084,52,0.07,71,0.095,66,0.089,62,0.083,67,0.086,65,0.075,53,0.057,85,0.101,99,0.126,109,0.139,95,0.144,87,0.17
Region 7,Region 1,1359,1.607,999,1.686,811,1.747,649,1.827,433,1.519,315,1.271,360,1.184,383,1.053,447,0.986,639,1.117,826,1.208,918,1.184,838,1.007,934,1.102,960,1.121,886,1.051,877,1.026,980,1.101,1040,1.144,1140,1.353,1130,1.392,1289,1.664,1166,1.768,840,1.633,796,1.747,347,1.43,180,1.14,180,1.322,205,1.055,448,1.39,807,1.65,1150,1.842,1366,1.856,1182,1.661,1080,1.612,1084,1.601,1158,1.626,1134,1.589,1134,1.568,1066,1.421,1083,1.416,1220,1.495,1276,1.521,1263,1.709,1279,1.89,1243,1.957,1048,1.948,846,2.041,754,1.824,355,1.756,188,1.456,166,1.474,215,1.276,387,1.218,851,1.717,1226,1.864,1340,1.771,1213,1.654,1060,1.564,1107,1.629,1157,1.627,1112,1.563,1100,1.551,1116,1.537,1118,1.484,1255,1.472,1371,1.524,1262,1.621,1247,1.681,1299,1.825,1147,1.829,932,1.93,807,1.759,448,1.954,215,1.48,170,1.371,216,1.169,386,1.187,770,1.493,1169,1.722,1371,1.742,1333,1.752,1209,1.702,1157,1.613,1112,1.489,1097,1.473,1049,1.418,1037,1.395,1124,1.446,1261,1.452,1390,1.497,1251,1.485,1349,1.712,1361,1.73,1129,1.717,976,1.907
Region 7,Region 2,43,0.051,50,0.084,42,0.09,43,0.121,27,0.095,32,0.129,21,0.069,16,0.044,24,0.053,20,0.035,37,0.054,40,0.052,42,0.05,44,0.052,39,0.046,26,0.031,31,0.036,41,0.046,43,0.047,41,0.049,41,0.05,51,0.066,57,0.086,44,0.086,30,0.066,18,0.074,12,0.076,14,0.103,13,0.067,23,0.071,29,0.059,38,0.061,41,0.056,32,0.045,43,0.064,50,0.074,54,0.076,30,0.042,35,0.048,26,0.035,42,0.055,45,0.055,51,0.061,41,0.055,38,0.056,47,0.074,44,0.082,34,0.082,27,0.065,12,0.059,8,0.062,6,0.053,11,0.065,15,0.047,20,0.04,23,0.035,27,0.036,20,0.027,16,0.024,31,0.046,46,0.065,36,0.051,40,0.056,45,0.062,35,0.046,39,0.046,41,0.046,37,0.048,38,0.051,45,0.063,27,0.043,33,0.068,29,0.063,14,0.061,6,0.041,13,0.105,14,0.076,17,0.052,27,0.052,31,0.046,33,0.042,28,0.037,30,0.042,18,0.025,33,0.044,28,0.038,23,0.031,41,0.055,29,0.037,53,0.061,46,0.05,53,0.063,40,0.051,58,0.074,46,0.07,51,0.1
Region 7,Region 3,87,0.103,93,0.157,95,0.205,69,0.194,57,0.2,43,0.173,25,0.082,45,0.124,36,0.079,46,0.08,48,0.07,57,0.074,61,0.073,61,0.072,59,0.069,51,0.061,42,0.049,38,0.043,62,0.068,80,0.095,69,0.085,60,0.077,68,0.103,92,0.179,78,0.171,31,0.128,25,0.158,9,0.066,6,0.031,13,0.04,33,0.067,44,0.07,44,0.06,40,0.056,38,0.057,59,0.087,37,0.052,61,0.085,58,0.08,45,0.06,46,0.06,79,0.097,54,0.064,63,0.085,81,0.12,62,0.098,84,0.156,99,0.239,86,0.208,33,0.163,17,0.132,12,0.107,8,0.047,10,0.031,39,0.079,47,0.071,40,0.053,41,0.056,32,0.047,28,0.041,38,0.053,39,0.055,47,0.066,65,0.09,54,0.072,85,0.1,82,0.091,71,0.091,77,0.104,94,0.132,113,0.18,103,0.213,79,0.172,42,0.183,18,0.124,17,0.137,12,0.065,17,0.052,43,0.083,40,0.059,54,0.069,30,0.039,38,0.053,49,0.068,44,0.059,50,0.067,51,0.069,54,0.073,72,0.093,50,0.058,56,0.06,57,0.068,96,0.122,104,0.132,101,0.154,106,0.207
Region 7,Region 4,468,0.553,389,0.656,314,0.676,224,0.631,187,0.656,105,0.424,88,0.289,134,0.368,196,0.432,256,0.447,301,0.44,291,0.375,325,0.39,369,0.436,399,0.466,417,0.495,352,0.412,402,0.452,439,0.483,397,0.471,359,0.442,366,0.472,381,0.578,220,0.428,286,0.628,147,0.606,80,0.507,47,0.345,58,0.298,94,0.292,170,0.348,330,0.529,417,0.567,388,0.545,308,0.46,399,0.589,414,0.581,337,0.472,369,0.51,308,0.411,285,0.373,363,0.445,394,0.47,344,0.465,389,0.575,432,0.68,329,0.612,368,0.888,347,0.839,135,0.668,99,0.767,54,0.48,56,0.332,107,0.337,204,0.412,319,0.485,471,0.622,399,0.544,323,0.477,319,0.469,321,0.451,325,0.457,382,0.539,393,0.541,391,0.519,403,0.473,408,0.454,338,0.434,364,0.491,478,0.671,433,0.691,369,0.764,323,0.704,144,0.628,89,0.613,75,0.605,58,0.314,78,0.24,179,0.347,330,0.486,398,0.506,408,0.536,372,0.524,346,0.482,278,0.372,253,0.34,281,0.38,289,0.389,224,0.288,352,0.405,419,0.451,450,0.534,466,0.591,513,0.652,459,0.698,361,0.705
Region 7,Region 5,853,1.009,623,1.051,572,1.232,458,1.289,332,1.165,274,1.105,249,0.819,270,0.742,368,0.812,464,0.811,565,0.826,467,0.603,484,0.581,621,0.733,653,0.763,561,0.666,499,0.584,529,0.594,496,0.546,594,0.705,683,0.841,667,0.861,634,0.961,416,0.809,387,0.849,228,0.939,170,1.077,151,1.109,193,0.993,216,0.67,277,0.566,430,0.689,532,0.723,568,0.798,556,0.83,582,0.86,666,0.935,687,0.963,755,1.044,697,0.929,588,0.769,603,0.739,726,0.865,709,0.959,711,1.051,600,0.945,586,1.089,459,1.107,363,0.878,206,1.019,157,1.216,123,1.092,150,0.89,233,0.733,294,0.593,441,0.67,621,0.821,593,0.809,511,0.754,568,0.836,636,0.894,635,0.893,653,0.921,595,0.819,568,0.754,734,0.861,889,0.988,775,0.996,712,0.96,638,0.896,597,0.952,510,1.056,445,0.97,241,1.051,164,1.129,134,1.081,171,0.925,209,0.643,269,0.521,446,0.657,572,0.727,631,0.829,592,0.833,683,0.952,729,0.976,748,1.004,739,0.999,716,0.963,642,0.826,737,0.849,877,0.945,776,0.921,712,0.903,692,0.88,579,0.881,509,0.994
Region 7,Region 6,714,0.844,564,0.952,482,1.038,352,0.991,242,0.849,167,0.674,136,0.447,177,0.486,180,0.397,245,0.428,298,0.436,431,0.556,465,0.559,488,0.576,523,0.611,497,0.59,523,0.612,593,0.666,563,0.619,612,0.726,610,0.751,523,0.675,473,0.717,422,0.82,382,0.838,185,0.762,92,0.583,65,0.477,102,0.525,153,0.475,250,0.511,319,0.511,350,0.476,411,0.577,346,0.516,273,0.403,326,0.458,302,0.423,279,0.386,348,0.464,432,0.565,454,0.556,522,0.622,475,0.643,477,0.705,483,0.76,504,0.937,440,1.062,415,1.004,190,0.94,111,0.859,70,0.622,92,0.546,132,0.415,218,0.44,305,0.464,324,0.428,374,0.51,267,0.394,285,0.419,349,0.491,342,0.481,293,0.413,327,0.45,400,0.531,539,0.632,551,0.613,482,0.619,517,0.697,503,0.706,510,0.813,518,1.073,501,1.092,246,1.073,125,0.861,101,0.814,104,0.563,125,0.385,223,0.432,309,0.455,334,0.424,410,0.539,314,0.442,331,0.461,324,0.434,383,0.514,290,0.392,325,0.437,435,0.56,524,0.603,591,0.637,658,0.781,578,0.733,612,0.778,561,0.853,435,0.85
Region 7,Region 7,4431,5.24,3237,5.463,2599,5.598,1960,5.517,1360,4.772,961,3.877,1045,3.436,1205,3.311,1528,3.371,1967,3.437,2655,3.883,3413,4.403,3979,4.78,4278,5.049,4235,4.947,4171,4.948,4367,5.108,4682,5.26,5270,5.799,5147,6.108,4551,5.605,4450,5.743,3221,4.884,2210,4.297,1813,3.979,798,3.288,458,2.902,407,2.988,633,3.257,971,3.012,1800,3.679,2375,3.804,3146,4.274,3467,4.871,3363,5.02,3644,5.383,4037,5.668,3961,5.55,3632,5.022,3584,4.777,3662,4.788,4014,4.92,4441,5.292,4086,5.528,3860,5.705,3464,5.454,2780,5.168,2163,5.219,1622,3.923,755,3.734,491,3.802,415,3.686,515,3.055,980,3.084,1758,3.547,2525,3.838,3452,4.562,3658,4.988,3530,5.209,3778,5.56,4203,5.909,4022,5.653,3650,5.146,3499,4.819,3569,4.737,4408,5.169,4916,5.465,4677,6.008,4243,5.721,3809,5.35,3304,5.27,2484,5.145,2018,4.399,982,4.283,482,3.318,416,3.355,611,3.306,1010,3.107,1781,3.453,2488,3.664,3335,4.238,3685,4.843,3518,4.952,4183,5.83,4490,6.011,4424,5.94,4029,5.447,3821,5.141,3798,4.886,4460,5.136,4902,5.281,4758,5.649,4446,5.641,4295,5.459,3260,4.958,2561,5.004
Region 7,Region 8,271,0.321,177,0.299,152,0.327,97,0.273,44,0.154,26,0.105,37,0.122,42,0.115,54,0.119,109,0.19,165,0.241,216,0.279,221,0.265,245,0.289,227,0.265,227,0.269,204,0.239,279,0.313,318,0.35,296,0.351,270,0.333,210,0.271,129,0.196,94,0.183,85,0.187,39,0.161,34,0.215,21,0.154,21,0.108,46,0.143,80,0.164,119,0.191,148,0.201,163,0.229,171,0.255,184,0.272,180,0.253,184,0.258,181,0.25,182,0.243,200,0.262,225,0.276,288,0.343,263,0.356,215,0.318,187,0.294,135,0.251,93,0.224,80,0.194,37,0.183,27,0.209,28,0.249,26,0.154,45,0.142,61,0.123,91,0.138,161,0.213,157,0.214,162,0.239,219,0.322,177,0.249,174,0.245,146,0.206,162,0.223,187,0.248,288,0.338,345,0.384,266,0.342,203,0.274,209,0.294,182,0.29,134,0.278,109,0.238,57,0.249,25,0.172,24,0.194,25,0.135,37,0.114,72,0.14,107,0.158,153,0.194,188,0.247,190,0.267,205,0.286,230,0.308,208,0.279,220,0.297,179,0.241,223,0.287,295,0.34,325,0.35,347,0.412,253,0.321,246,0.313,182,0.277,153,0.299
Region 7,Region 9,50,0.059,31,0.052,43,0.093,40,0.113,27,0.095,8,0.032,19,0.062,28,0.077,16,0.035,16,0.028,15,0.022,20,0.026,14,0.017,11,0.013,22,0.026,22,0.026,11,0.013,14,0.016,25,0.028,24,0.028,29,0.036,21,0.027,22,0.033,40,0.078,39,0.086,11,0.045,15,0.095,4,0.029,2,0.01,12,0.037,12,0.025,17,0.027,17,0.023,23,0.032,25,0.037,12,0.018,11,0.015,14,0.02,23,0.032,24,0.032,16,0.021,17,0.021,25,0.03,19,0.026,25,0.037,29,0.046,33,0.061,32,0.077,48,0.116,22,0.109,11,0.085,6,0.053,4,0.024,10,0.031,20,0.04,14,0.021,24,0.032,12,0.016,8,0.012,25,0.037,21,0.03,12,0.017,16,0.023,16,0.022,11,0.015,21,0.025,23,0.026,23,0.03,29,0.039,21,0.029,35,0.056,34,0.07,38,0.083,18,0.079,10,0.069,7,0.056,9,0.049,4,0.012,11,0.021,24,0.035,28,0.036,18,0.024,19,0.027,15,0.021,15,0.02,11,0.015,18,0.024,18,0.024,26,0.033,24,0.028,27,0.029,19,0.023,32,0.041,26,0.033,37,0.056,45,0.088
Region 7,Region 10,1462,1.729,1052,1.775,905,1.949,621,1.748,353,1.239,218,0.88,171,0.562,236,0.649,349,0.77,546,0.954,702,1.027,860,1.11,895,1.075,947,1.118,930,1.086,854,1.013,1076,1.259,1118,1.256,1099,1.209,1103,1.309,1065,1.312,895,1.155,772,1.171,631,1.227,527,1.157,219,0.902,103,0.653,91,0.668,95,0.489,158,0.49,386,0.789,583,0.934,781,1.061,876,1.231,815,1.217,734,1.084,835,1.172,858,1.202,784,1.084,743,0.99,902,1.179,985,1.207,1052,1.254,911,1.232,878,1.298,878,1.382,690,1.283,548,1.322,477,1.154,205,1.014,135,1.045,86,0.764,76,0.451,178,0.56,396,0.799,636,0.967,814,1.076,871,1.188,803,1.185,831,1.223,883,1.241,836,1.175,753,1.062,682,0.939,823,1.092,1069,1.254,1227,1.364,1124,1.444,1089,1.468,1069,1.501,952,1.518,712,1.475,545,1.188,323,1.409,174,1.198,106,0.855,86,0.465,188,0.578,376,0.729,699,1.029,835,1.061,930,1.222,875,1.232,896,1.249,858,1.149,947,1.271,816,1.103,770,1.036,915,1.177,1141,1.314,1390,1.497,1260,1.496,1095,1.389,1093,1.389,922,1.402,661,1.291
Region 7,Region 11,176,0.208,196,0.331,162,0.349,107,0.301,51,0.179,36,0.145,91,0.299,38,0.104,60,0.132,70,0.122,122,0.178,128,0.165,136,0.163,124,0.146,128,0.15,103,0.122,107,0.125,113,0.127,136,0.15,122,0.145,137,0.169,166,0.214,139,0.211,101,0.196,76,0.167,37,0.152,10,0.063,11,0.081,8,0.041,32,0.099,68,0.139,85,0.136,119,0.162,101,0.142,127,0.19,105,0.155,105,0.147,134,0.188,117,0.162,126,0.168,105,0.137,84,0.103,118,0.141,100,0.135,120,0.177,131,0.206,131,0.244,71,0.171,73,0.177,31,0.153,18,0.139,11,0.098,19,0.113,26,0.082,71,0.143,86,0.131,102,0.135,90,0.123,85,0.125,98,0.144,105,0.148,115,0.162,120,0.169,118,0.163,105,0.139,122,0.143,126,0.14,134,0.172,145,0.196,152,0.213,147,0.234,132,0.273,70,0.153,48,0.209,25,0.172,14,0.113,24,0.13,37,0.114,84,0.163,93,0.137,93,0.118,101,0.133,101,0.142,95,0.132,103,0.138,92,0.124,101,0.137,87,0.117,114,0.147,117,0.135,139,0.15,152,0.18,131,0.166,143,0.182,156,0.237,123,0.24
Region 7,Region 12,41,0.048,44,0.074,33,0.071,24,0.068,19,0.067,7,0.028,5,0.016,8,0.022,12,0.026,6,0.01,8,0.012,11,0.014,12,0.014,12,0.014,9,0.011,18,0.021,18,0.021,11,0.012,21,0.023,17,0.02,11,0.014,19,0.025,16,0.024,22,0.043,16,0.035,9,0.037,8,0.051,9,0.066,3,0.015,4,0.012,7,0.014,9,0.014,12,0.016,12,0.017,5,0.007,7,0.01,19,0.027,9,0.013,14,0.019,27,0.036,25,0.033,22,0.027,14,0.017,11,0.015,14,0.021,10,0.016,17,0.032,15,0.036,23,0.056,16,0.079,5,0.039,3,0.027,5,0.03,2,0.006,3,0.006,9,0.014,11,0.015,7,0.01,9,0.013,9,0.013,8,0.011,12,0.017,15,0.021,25,0.034,20,0.027,11,0.013,23,0.026,17,0.022,18,0.024,21,0.029,27,0.043,19,0.039,17,0.037,15,0.065,7,0.048,6,0.048,4,0.022,5,0.015,7,0.014,9,0.013,11,0.014,5,0.007,8,0.011,5,0.007,14,0.019,8,0.011,10,0.014,11,0.015,19,0.024,10,0.012,31,0.033,18,0.021,23,0.029,17,0.022,23,0.035,26,0.051
Region 7,Region 13,0,0,0,0,0,0,0,0,0,0,0,0,0,0,0,0,0,0,0,0,0,0,1,0.001,1,0.001,0,0,0,0,0,0,0,0,0,0,0,0,0,0,0,0,0,0,0,0,0,0,0,0,0,0,0,0,0,0,0,0,0,0,0,0,0,0,0,0,0,0,0,0,0,0,0,0,0,0,0,0,0,0,0,0,0,0,0,0,0,0,0,0,0,0,0,0,0,0,0,0,0,0,0,0,0,0,0,0,0,0,0,0,0,0,0,0,0,0,0,0,0,0,0,0,0,0,0,0,0,0,0,0,0,0,0,0,0,0,0,0,0,0,0,0,0,0,0,0,0,0,0,0,0,0,0,0,0,0,0,0,1,0.001,0,0,0,0,0,0,0,0,0,0,0,0,0,0,0,0,0,0,0,0,0,0,0,0,0,0,0,0,0,0,0,0
Region 7,Region 14,41,0.048,40,0.068,48,0.103,29,0.082,15,0.053,10,0.04,11,0.036,10,0.027,12,0.026,16,0.028,21,0.031,25,0.032,27,0.032,16,0.019,38,0.044,21,0.025,30,0.035,25,0.028,25,0.028,20,0.024,26,0.032,29,0.037,26,0.039,16,0.031,18,0.04,9,0.037,6,0.038,3,0.022,5,0.026,7,0.022,12,0.025,20,0.032,23,0.031,23,0.032,16,0.024,23,0.034,27,0.038,24,0.034,22,0.03,20,0.027,23,0.03,34,0.042,30,0.036,26,0.035,29,0.043,33,0.052,23,0.043,16,0.039,25,0.06,6,0.03,9,0.07,4,0.036,4,0.024,10,0.031,17,0.034,11,0.017,17,0.022,13,0.018,21,0.031,17,0.025,22,0.031,25,0.035,24,0.034,27,0.037,37,0.049,35,0.041,25,0.028,27,0.035,30,0.04,33,0.046,33,0.053,35,0.072,21,0.046,12,0.052,9,0.062,5,0.04,1,0.005,1,0.003,15,0.029,11,0.016,20,0.025,14,0.018,13,0.018,20,0.028,25,0.033,15,0.02,21,0.028,28,0.038,16,0.021,31,0.036,39,0.042,42,0.05,37,0.047,49,0.062,37,0.056,23,0.045
Region 7,Region 15,271,0.321,180,0.304,152,0.327,158,0.445,128,0.449,70,0.282,105,0.345,70,0.192,51,0.113,82,0.143,118,0.173,119,0.154,169,0.203,140,0.165,181,0.211,159,0.189,175,0.205,213,0.239,192,0.211,165,0.196,167,0.206,200,0.258,173,0.262,169,0.329,147,0.323,76,0.313,64,0.405,37,0.272,24,0.123,37,0.115,83,0.17,122,0.195,133,0.181,104,0.146,122,0.182,124,0.183,151,0.212,112,0.157,129,0.178,177,0.236,155,0.203,132,0.162,138,0.164,151,0.204,151,0.223,150,0.236,125,0.232,166,0.401,153,0.37,86,0.425,67,0.519,36,0.32,34,0.202,33,0.104,80,0.161,113,0.172,106,0.14,75,0.102,112,0.165,104,0.153,137,0.193,140,0.197,131,0.185,123,0.169,172,0.228,160,0.188,154,0.171,148,0.19,170,0.229,173,0.243,176,0.281,172,0.356,147,0.32,66,0.288,46,0.317,43,0.347,38,0.206,43,0.132,74,0.143,88,0.13,104,0.132,110,0.145,122,0.172,132,0.184,139,0.186,127,0.171,95,0.128,162,0.218,158,0.203,163,0.188,153,0.165,150,0.178,162,0.206,164,0.208,169,0.257,177,0.346
Region 7,Region 16,118,0.14,92,0.155,83,0.179,44,0.124,45,0.158,37,0.149,30,0.099,26,0.071,42,0.093,67,0.117,86,0.126,88,0.114,78,0.094,65,0.077,53,0.062,54,0.064,52,0.061,52,0.058,80,0.088,71,0.084,90,0.111,83,0.107,86,0.13,51,0.099,55,0.121,15,0.062,10,0.063,3,0.022,13,0.067,34,0.105,46,0.094,64,0.103,60,0.082,53,0.074,50,0.075,54,0.08,58,0.081,72,0.101,73,0.101,72,0.096,77,0.101,62,0.076,113,0.135,97,0.131,90,0.133,96,0.151,76,0.141,54,0.13,45,0.109,23,0.114,9,0.07,14,0.124,17,0.101,30,0.094,43,0.087,63,0.096,62,0.082,42,0.057,43,0.063,35,0.052,57,0.08,66,0.093,60,0.085,64,0.088,63,0.084,70,0.082,97,0.108,91,0.117,108,0.146,111,0.156,97,0.155,58,0.12,48,0.105,25,0.109,18,0.124,9,0.073,22,0.119,27,0.083,51,0.099,63,0.093,66,0.084,56,0.074,46,0.065,52,0.072,62,0.083,60,0.081,73,0.099,73,0.098,62,0.08,81,0.093,116,0.125,110,0.131,108,0.137,72,0.092,80,0.122,66,0.129
Region 8,Region 0,25,0.03,25,0.042,15,0.032,8,0.023,4,0.014,1,0.004,6,0.02,8,0.022,10,0.022,15,0.026,18,0.026,26,0.034,29,0.035,26,0.031,25,0.029,19,0.023,23,0.027,13,0.015,19,0.021,22,0.026,25,0.031,29,0.037,28,0.042,8,0.016,10,0.022,5,0.021,2,0.013,0,0,0,0,2,0.006,7,0.014,12,0.019,23,0.031,18,0.025,12,0.018,19,0.028,17,0.024,18,0.025,31,0.043,31,0.041,26,0.034,25,0.031,34,0.041,17,0.023,23,0.034,25,0.039,10,0.019,16,0.039,13,0.031,3,0.015,0,0,3,0.027,3,0.018,3,0.009,11,0.022,12,0.018,10,0.013,9,0.012,8,0.012,4,0.006,11,0.015,16,0.022,21,0.03,32,0.044,26,0.035,37,0.043,23,0.026,35,0.045,25,0.034,31,0.044,29,0.046,22,0.046,13,0.028,3,0.013,1,0.007,1,0.008,1,0.005,2,0.006,10,0.019,18,0.027,16,0.02,4,0.005,8,0.011,5,0.007,17,0.023,25,0.034,22,0.03,30,0.04,31,0.04,27,0.031,36,0.039,34,0.04,41,0.052,51,0.065,42,0.064,22,0.043
Region 8,Region 1,100,0.118,78,0.132,76,0.164,62,0.175,32,0.112,8,0.032,11,0.036,14,0.038,18,0.04,21,0.037,46,0.067,42,0.054,52,0.062,47,0.055,63,0.074,49,0.058,58,0.068,51,0.057,58,0.064,54,0.064,78,0.096,91,0.117,61,0.092,46,0.089,29,0.064,19,0.078,13,0.082,8,0.059,12,0.062,14,0.043,36,0.074,62,0.099,83,0.113,52,0.073,43,0.064,37,0.055,46,0.065,46,0.064,66,0.091,62,0.083,69,0.09,57,0.07,79,0.094,52,0.07,60,0.089,72,0.113,68,0.126,53,0.128,34,0.082,16,0.079,10,0.077,13,0.115,18,0.107,22,0.069,52,0.105,64,0.097,86,0.114,54,0.074,39,0.058,37,0.054,41,0.058,58,0.082,46,0.065,80,0.11,72,0.096,79,0.093,93,0.103,82,0.105,79,0.107,82,0.115,103,0.164,42,0.087,50,0.109,26,0.113,13,0.09,9,0.073,7,0.038,18,0.055,59,0.114,75,0.11,100,0.127,70,0.092,61,0.086,44,0.061,41,0.055,47,0.063,55,0.074,52,0.07,57,0.073,67,0.077,112,0.121,82,0.097,103,0.131,113,0.144,80,0.122,58,0.113
Region 8,Region 2,6,0.007,4,0.007,6,0.013,4,0.011,3,0.011,2,0.008,2,0.007,1,0.003,4,0.009,0,0,2,0.003,3,0.004,1,0.001,0,0,2,0.002,2,0.002,2,0.002,1,0.001,6,0.007,1,0.001,2,0.002,2,0.003,1,0.002,8,0.016,1,0.002,0,0,1,0.006,0,0,2,0.01,2,0.006,2,0.004,0,0,0,0,3,0.004,3,0.004,3,0.004,3,0.004,4,0.006,2,0.003,2,0.003,1,0.001,3,0.004,3,0.004,0,0,0,0,2,0.003,4,0.007,1,0.002,3,0.007,0,0,0,0,1,0.009,1,0.006,2,0.006,1,0.002,0,0,1,0.001,3,0.004,2,0.003,1,0.001,3,0.004,5,0.007,3,0.004,2,0.003,2,0.003,3,0.004,2,0.002,2,0.003,3,0.004,1,0.001,1,0.002,4,0.008,4,0.009,0,0,0,0,0,0,0,0,4,0.012,2,0.004,1,0.001,2,0.003,2,0.003,2,0.003,0,0,2,0.003,0,0,0,0,0,0,0,0,5,0.006,6,0.006,3,0.004,4,0.005,6,0.008,5,0.008,3,0.006
Region 8,Region 3,31,0.037,28,0.047,15,0.032,16,0.045,10,0.035,7,0.028,12,0.039,14,0.038,9,0.02,13,0.023,11,0.016,20,0.026,24,0.029,33,0.039,20,0.023,18,0.021,14,0.016,23,0.026,15,0.017,15,0.018,28,0.034,29,0.037,31,0.047,32,0.062,24,0.053,16,0.066,2,0.013,1,0.007,2,0.01,6,0.019,3,0.006,9,0.014,20,0.027,18,0.025,12,0.018,16,0.024,19,0.027,27,0.038,19,0.026,17,0.023,23,0.03,24,0.029,23,0.027,33,0.045,18,0.027,32,0.05,32,0.059,31,0.075,17,0.041,5,0.025,6,0.046,6,0.053,4,0.024,5,0.016,6,0.012,14,0.021,18,0.024,7,0.01,4,0.006,5,0.007,10,0.014,11,0.015,20,0.028,25,0.034,26,0.035,27,0.032,43,0.048,23,0.03,30,0.04,39,0.055,37,0.059,27,0.056,24,0.052,10,0.044,3,0.021,5,0.04,1,0.005,3,0.009,6,0.012,12,0.018,14,0.018,10,0.013,9,0.013,6,0.008,18,0.024,18,0.024,17,0.023,18,0.024,27,0.035,17,0.02,28,0.03,19,0.023,27,0.034,29,0.037,32,0.049,36,0.07
Region 8,Region 4,118,0.14,89,0.15,78,0.168,55,0.155,18,0.063,7,0.028,14,0.046,21,0.058,24,0.053,35,0.061,60,0.088,71,0.092,100,0.12,84,0.099,100,0.117,133,0.158,140,0.164,164,0.184,143,0.157,151,0.179,146,0.18,132,0.17,95,0.144,65,0.126,52,0.114,36,0.148,8,0.051,8,0.059,7,0.036,6,0.019,30,0.061,49,0.078,79,0.107,103,0.145,79,0.118,78,0.115,88,0.124,93,0.13,75,0.104,97,0.129,90,0.118,113,0.139,105,0.125,97,0.131,96,0.142,88,0.139,81,0.151,57,0.138,50,0.121,21,0.104,8,0.062,5,0.044,13,0.077,2,0.006,31,0.063,57,0.087,119,0.157,112,0.153,107,0.158,95,0.14,82,0.115,97,0.136,99,0.14,99,0.136,96,0.127,142,0.167,128,0.142,92,0.118,103,0.139,122,0.171,117,0.187,55,0.114,73,0.159,23,0.1,10,0.069,7,0.056,11,0.06,8,0.025,36,0.07,68,0.1,115,0.146,121,0.159,93,0.131,81,0.113,77,0.103,64,0.086,82,0.111,91,0.122,73,0.094,98,0.113,103,0.111,113,0.134,125,0.159,118,0.15,103,0.157,71,0.139
Region 8,Region 5,190,0.225,170,0.287,125,0.269,87,0.245,59,0.207,25,0.101,29,0.095,29,0.08,38,0.084,58,0.101,89,0.13,117,0.151,135,0.162,161,0.19,225,0.263,218,0.259,191,0.223,167,0.188,148,0.163,172,0.204,150,0.185,145,0.187,135,0.205,63,0.122,52,0.114,41,0.169,28,0.177,19,0.14,15,0.077,21,0.065,47,0.096,63,0.101,119,0.162,132,0.185,124,0.185,104,0.154,130,0.183,134,0.188,150,0.207,167,0.223,113,0.148,144,0.177,152,0.181,130,0.176,133,0.197,146,0.23,123,0.229,74,0.179,64,0.155,30,0.148,24,0.186,19,0.169,32,0.19,31,0.098,48,0.097,81,0.123,125,0.165,166,0.226,106,0.156,121,0.178,124,0.174,124,0.174,139,0.196,155,0.213,140,0.186,155,0.182,214,0.238,172,0.221,150,0.202,200,0.281,173,0.276,120,0.249,84,0.183,45,0.196,22,0.151,24,0.194,26,0.141,29,0.089,35,0.068,96,0.141,121,0.154,161,0.212,107,0.151,131,0.183,146,0.195,155,0.208,154,0.208,164,0.221,157,0.202,202,0.233,217,0.234,177,0.21,208,0.264,233,0.296,193,0.294,120,0.234
Region 8,Region 6,58,0.069,64,0.108,44,0.095,33,0.093,34,0.119,28,0.113,13,0.043,22,0.06,17,0.038,15,0.026,31,0.045,34,0.044,31,0.037,31,0.037,41,0.048,35,0.042,37,0.043,46,0.052,38,0.042,38,0.045,37,0.046,41,0.053,41,0.062,39,0.076,27,0.059,17,0.07,12,0.076,9,0.066,18,0.093,17,0.053,19,0.039,22,0.035,24,0.033,27,0.038,23,0.034,10,0.015,8,0.011,7,0.01,8,0.011,32,0.043,29,0.038,21,0.026,21,0.025,30,0.041,26,0.038,45,0.071,24,0.045,17,0.041,38,0.092,15,0.074,10,0.077,11,0.098,10,0.059,11,0.035,14,0.028,24,0.036,35,0.046,17,0.023,17,0.025,11,0.016,13,0.018,26,0.037,16,0.023,21,0.029,26,0.035,23,0.027,46,0.051,39,0.05,45,0.061,43,0.06,38,0.061,41,0.085,27,0.059,24,0.105,12,0.083,13,0.105,12,0.065,20,0.062,19,0.037,31,0.046,20,0.025,16,0.021,14,0.02,7,0.01,19,0.025,12,0.016,15,0.02,18,0.024,22,0.028,30,0.035,41,0.044,51,0.061,46,0.058,58,0.074,42,0.064,40,0.078
Region 8,Region 7,346,0.409,290,0.489,194,0.418,135,0.38,69,0.242,32,0.129,35,0.115,45,0.124,73,0.161,95,0.166,125,0.183,167,0.215,206,0.247,217,0.256,210,0.245,222,0.263,213,0.249,256,0.288,273,0.3,264,0.313,249,0.307,260,0.336,168,0.255,96,0.187,96,0.211,36,0.148,20,0.127,15,0.11,20,0.103,28,0.087,73,0.149,104,0.167,154,0.209,165,0.232,177,0.264,159,0.235,152,0.213,166,0.233,165,0.228,183,0.244,177,0.231,210,0.257,236,0.281,227,0.307,208,0.307,183,0.288,157,0.292,102,0.246,65,0.157,27,0.134,34,0.263,20,0.178,25,0.148,31,0.098,73,0.147,107,0.163,164,0.217,209,0.285,171,0.252,155,0.228,204,0.287,165,0.232,196,0.276,173,0.238,212,0.281,243,0.285,320,0.356,242,0.311,272,0.367,226,0.317,199,0.317,156,0.323,100,0.218,49,0.214,19,0.131,26,0.21,23,0.124,37,0.114,71,0.138,117,0.172,177,0.225,211,0.277,186,0.262,201,0.28,215,0.288,190,0.255,179,0.242,196,0.264,223,0.287,248,0.286,323,0.348,307,0.365,266,0.338,284,0.361,220,0.335,164,0.32
Region 8,Region 8,1975,2.336,1394,2.352,1228,2.645,710,1.999,321,1.126,212,0.855,293,0.963,413,1.135,736,1.624,1148,2.006,1471,2.151,1698,2.191,2003,2.406,2088,2.464,2175,2.541,2071,2.457,2235,2.614,2363,2.655,2542,2.797,2377,2.821,2121,2.612,1741,2.247,1280,1.941,752,1.462,600,1.317,335,1.38,143,0.906,106,0.778,164,0.844,344,1.067,702,1.435,1138,1.823,1585,2.154,1470,2.065,1376,2.054,1420,2.098,1544,2.168,1571,2.201,1640,2.268,1657,2.208,1645,2.151,1885,2.31,1983,2.363,1867,2.526,1680,2.483,1431,2.253,1024,1.904,575,1.387,551,1.333,250,1.237,119,0.921,83,0.737,161,0.955,365,1.149,729,1.471,1297,1.972,1778,2.35,1565,2.134,1416,2.089,1566,2.305,1712,2.407,1598,2.246,1455,2.052,1678,2.311,1771,2.351,2092,2.453,2180,2.424,1988,2.554,1791,2.415,1588,2.23,1254,2,775,1.605,629,1.371,285,1.243,154,1.06,88,0.71,144,0.779,377,1.16,774,1.5,1319,1.942,1681,2.136,1730,2.274,1523,2.144,1590,2.216,1703,2.28,1676,2.25,1702,2.301,1667,2.243,1907,2.453,2165,2.493,2410,2.596,2304,2.736,2021,2.564,1949,2.477,1442,2.193,848,1.657
Region 8,Region 9,9,0.011,8,0.014,7,0.015,3,0.008,0,0,1,0.004,1,0.003,3,0.008,4,0.009,3,0.005,2,0.003,4,0.005,7,0.008,5,0.006,4,0.005,3,0.004,5,0.006,6,0.007,8,0.009,8,0.009,10,0.012,7,0.009,9,0.014,13,0.025,6,0.013,3,0.012,0,0,1,0.007,0,0,4,0.012,2,0.004,3,0.005,3,0.004,4,0.006,5,0.007,5,0.007,5,0.007,6,0.008,4,0.006,4,0.005,4,0.005,3,0.004,9,0.011,1,0.001,4,0.006,6,0.009,5,0.009,4,0.01,4,0.01,3,0.015,2,0.015,0,0,2,0.012,1,0.003,2,0.004,3,0.005,4,0.005,3,0.004,1,0.001,5,0.007,2,0.003,4,0.006,5,0.007,3,0.004,9,0.012,8,0.009,9,0.01,4,0.005,6,0.008,4,0.006,8,0.013,9,0.019,7,0.015,1,0.004,2,0.014,1,0.008,2,0.011,1,0.003,1,0.002,5,0.007,2,0.003,2,0.003,7,0.01,4,0.006,4,0.005,3,0.004,4,0.005,5,0.007,7,0.009,5,0.006,8,0.009,8,0.009,10,0.013,11,0.014,12,0.018,13,0.025
Region 8,Region 10,345,0.408,293,0.494,204,0.439,146,0.411,66,0.232,34,0.137,34,0.112,48,0.132,75,0.165,97,0.17,128,0.187,141,0.182,192,0.231,194,0.229,198,0.231,210,0.249,217,0.254,248,0.279,253,0.278,279,0.331,248,0.305,204,0.263,164,0.249,107,0.208,71,0.156,41,0.169,15,0.095,18,0.132,9,0.046,29,0.09,71,0.145,117,0.187,197,0.268,215,0.302,169,0.252,154,0.227,153,0.215,152,0.213,155,0.214,175,0.233,199,0.26,177,0.217,215,0.256,231,0.313,221,0.327,193,0.304,159,0.296,102,0.246,74,0.179,58,0.287,26,0.201,13,0.115,20,0.119,28,0.088,72,0.145,106,0.161,214,0.283,235,0.32,198,0.292,190,0.28,169,0.238,175,0.246,158,0.223,177,0.244,203,0.269,257,0.301,310,0.345,321,0.412,270,0.364,282,0.396,241,0.384,130,0.269,127,0.277,55,0.24,21,0.145,16,0.129,20,0.108,26,0.08,81,0.157,122,0.18,208,0.264,259,0.34,225,0.317,210,0.293,203,0.272,168,0.226,217,0.293,191,0.257,224,0.288,278,0.32,351,0.378,276,0.328,299,0.379,289,0.367,229,0.348,150,0.293
Region 8,Region 11,26,0.031,14,0.024,19,0.041,13,0.037,1,0.004,4,0.016,3,0.01,2,0.005,0,0,5,0.009,12,0.018,8,0.01,19,0.023,9,0.011,15,0.018,3,0.004,7,0.008,6,0.007,6,0.007,10,0.012,12,0.015,10,0.013,8,0.012,9,0.017,9,0.02,2,0.008,1,0.006,2,0.015,0,0,1,0.003,4,0.008,10,0.016,6,0.008,12,0.017,9,0.013,6,0.009,12,0.017,5,0.007,6,0.008,11,0.015,10,0.013,12,0.015,7,0.008,10,0.014,10,0.015,11,0.017,13,0.024,6,0.014,6,0.015,1,0.005,1,0.008,0,0,0,0,0,0,8,0.016,5,0.008,9,0.012,6,0.008,12,0.018,9,0.013,8,0.011,6,0.008,9,0.013,12,0.017,20,0.027,11,0.013,16,0.018,17,0.022,14,0.019,16,0.022,22,0.035,10,0.021,11,0.024,3,0.013,2,0.014,4,0.032,2,0.011,0,0,4,0.008,6,0.009,15,0.019,11,0.014,9,0.013,5,0.007,10,0.013,14,0.019,10,0.014,6,0.008,7,0.009,11,0.013,12,0.013,18,0.021,23,0.029,24,0.031,13,0.02,13,0.025
Region 8,Region 12,17,0.02,10,0.017,6,0.013,5,0.014,10,0.035,1,0.004,0,0,1,0.003,4,0.009,4,0.007,7,0.01,2,0.003,3,0.004,3,0.004,6,0.007,5,0.006,5,0.006,4,0.004,7,0.008,11,0.013,6,0.007,6,0.008,9,0.014,7,0.014,6,0.013,3,0.012,3,0.019,1,0.007,0,0,1,0.003,4,0.008,5,0.008,2,0.003,5,0.007,1,0.001,1,0.001,3,0.004,6,0.008,5,0.007,5,0.007,6,0.008,7,0.009,6,0.007,7,0.009,3,0.004,6,0.009,7,0.013,4,0.01,6,0.015,2,0.01,1,0.008,2,0.018,1,0.006,0,0,3,0.006,0,0,1,0.001,4,0.005,0,0,1,0.001,3,0.004,5,0.007,7,0.01,8,0.011,5,0.007,9,0.011,10,0.011,4,0.005,4,0.005,4,0.006,9,0.014,13,0.027,5,0.011,4,0.017,6,0.041,3,0.024,3,0.016,0,0,1,0.002,5,0.007,5,0.006,5,0.007,4,0.006,4,0.006,2,0.003,8,0.011,9,0.012,5,0.007,6,0.008,5,0.006,17,0.018,4,0.005,7,0.009,6,0.008,8,0.012,5,0.01
Region 8,Region 13,0,0,0,0,0,0,0,0,0,0,0,0,0,0,0,0,0,0,0,0,0,0,0,0,0,0,1,0.001,0,0,0,0,0,0,0,0,0,0,0,0,0,0,0,0,0,0,0,0,0,0,0,0,0,0,0,0,0,0,0,0,0,0,0,0,0,0,0,0,0,0,0,0,0,0,0,0,0,0,0,0,0,0,0,0,0,0,0,0,0,0,0,0,0,0,0,0,0,0,0,0,0,0,0,0,0,0,0,0,0,0,0,0,0,0,0,0,0,0,0,0,0,0,0,0,0,0,0,0,0,0,0,0,0,0,0,0,0,0,0,0,0,0,0,0,0,0,0,0,0,0,0,0,0,0,0,0,0,0,0,0,0,0,0,0,0,0,0,0,0,0,0,0,0,0,0,0,0,0,0,0,0,0,0,0,0,0,0,0,0,0,0,0
Region 8,Region 14,12,0.014,14,0.024,11,0.024,3,0.008,2,0.007,1,0.004,6,0.02,5,0.014,5,0.011,5,0.009,9,0.013,9,0.012,12,0.014,7,0.008,7,0.008,7,0.008,6,0.007,9,0.01,9,0.01,10,0.012,3,0.004,16,0.021,16,0.024,9,0.017,3,0.007,1,0.004,1,0.006,0,0,0,0,0,0,5,0.01,3,0.005,2,0.003,5,0.007,5,0.007,9,0.013,11,0.015,8,0.011,6,0.008,7,0.009,7,0.009,9,0.011,17,0.02,10,0.014,6,0.009,11,0.017,23,0.043,16,0.039,1,0.002,4,0.02,1,0.008,4,0.036,0,0,1,0.003,1,0.002,1,0.002,7,0.009,2,0.003,3,0.004,1,0.001,5,0.007,7,0.01,9,0.013,10,0.014,12,0.016,16,0.019,10,0.011,20,0.026,12,0.016,16,0.022,11,0.018,19,0.039,11,0.024,1,0.004,4,0.028,2,0.016,0,0,0,0,3,0.006,6,0.009,7,0.009,8,0.011,3,0.004,5,0.007,10,0.013,5,0.007,6,0.008,16,0.022,12,0.015,10,0.012,26,0.028,13,0.015,19,0.024,15,0.019,21,0.032,9,0.018
Region 8,Region 15,14,0.017,8,0.014,11,0.024,10,0.028,11,0.039,4,0.016,0,0,1,0.003,1,0.002,3,0.005,4,0.006,5,0.006,4,0.005,3,0.004,4,0.005,7,0.008,11,0.013,6,0.007,4,0.004,3,0.004,10,0.012,18,0.023,10,0.015,10,0.019,14,0.031,3,0.012,2,0.013,2,0.015,1,0.005,1,0.003,1,0.002,5,0.008,5,0.007,3,0.004,6,0.009,4,0.006,3,0.004,3,0.004,4,0.006,8,0.011,11,0.014,5,0.006,3,0.004,4,0.005,7,0.01,5,0.008,8,0.015,6,0.014,4,0.01,5,0.025,1,0.008,3,0.027,2,0.012,3,0.009,2,0.004,7,0.011,4,0.005,4,0.005,2,0.003,6,0.009,3,0.004,9,0.013,6,0.008,6,0.008,4,0.005,4,0.005,6,0.007,3,0.004,6,0.008,12,0.017,16,0.026,13,0.027,12,0.026,7,0.031,0,0,1,0.008,2,0.011,0,0,1,0.002,3,0.004,3,0.004,5,0.007,3,0.004,4,0.006,4,0.005,1,0.001,2,0.003,3,0.004,8,0.01,7,0.008,7,0.008,9,0.011,5,0.006,7,0.009,14,0.021,10,0.02
Region 8,Region 16,63,0.075,54,0.091,65,0.14,34,0.096,7,0.025,9,0.036,8,0.026,16,0.044,23,0.051,32,0.056,34,0.05,36,0.046,58,0.07,62,0.073,47,0.055,50,0.059,64,0.075,53,0.06,64,0.07,39,0.046,56,0.069,50,0.065,48,0.073,32,0.062,14,0.031,16,0.066,7,0.044,3,0.022,1,0.005,6,0.019,25,0.051,32,0.051,44,0.06,35,0.049,31,0.046,42,0.062,43,0.06,30,0.042,56,0.077,78,0.104,82,0.107,81,0.099,77,0.092,64,0.087,50,0.074,53,0.083,41,0.076,20,0.048,26,0.063,5,0.025,7,0.054,2,0.018,5,0.03,9,0.028,24,0.048,55,0.084,34,0.045,26,0.035,26,0.038,33,0.049,36,0.051,38,0.053,36,0.051,56,0.077,72,0.096,72,0.084,88,0.098,66,0.085,70,0.094,75,0.105,54,0.086,46,0.095,28,0.061,19,0.083,3,0.021,4,0.032,6,0.032,11,0.034,24,0.047,36,0.053,37,0.047,34,0.045,30,0.042,30,0.042,35,0.047,54,0.072,54,0.073,69,0.093,88,0.113,86,0.099,100,0.108,83,0.099,59,0.075,98,0.125,55,0.084,49,0.096
Region 9,Region 0,511,0.604,363,0.613,251,0.541,147,0.414,144,0.505,129,0.52,155,0.51,211,0.58,252,0.556,329,0.575,406,0.594,517,0.667,490,0.589,569,0.672,624,0.729,607,0.72,715,0.836,734,0.825,644,0.709,583,0.692,495,0.61,465,0.6,380,0.576,370,0.719,306,0.672,197,0.812,180,1.14,98,0.72,93,0.478,151,0.468,275,0.562,463,0.742,508,0.69,481,0.676,445,0.664,404,0.597,433,0.608,450,0.631,576,0.796,699,0.932,772,1.009,705,0.864,571,0.68,437,0.591,327,0.483,261,0.411,267,0.496,235,0.567,244,0.59,119,0.589,82,0.635,59,0.524,73,0.433,160,0.503,302,0.609,480,0.73,584,0.772,528,0.72,463,0.683,459,0.675,501,0.704,524,0.737,612,0.863,730,1.005,745,0.989,591,0.693,520,0.578,395,0.507,332,0.448,292,0.41,276,0.44,312,0.646,264,0.575,125,0.545,70,0.482,48,0.387,70,0.379,144,0.443,307,0.595,481,0.708,543,0.69,471,0.619,394,0.555,492,0.686,514,0.688,563,0.756,599,0.81,651,0.876,704,0.906,615,0.708,489,0.527,547,0.649,441,0.56,366,0.465,349,0.531,345,0.674
Region 9,Region 1,58,0.069,47,0.079,46,0.099,35,0.099,15,0.053,34,0.137,35,0.115,27,0.074,39,0.086,36,0.063,45,0.066,46,0.059,52,0.062,57,0.067,41,0.048,63,0.075,43,0.05,45,0.051,42,0.046,41,0.049,40,0.049,40,0.052,48,0.073,40,0.078,46,0.101,32,0.132,14,0.089,16,0.117,23,0.118,29,0.09,54,0.11,51,0.082,64,0.087,57,0.08,46,0.069,44,0.065,41,0.058,52,0.073,41,0.057,34,0.045,39,0.051,63,0.077,32,0.038,33,0.045,36,0.053,42,0.066,37,0.069,33,0.08,59,0.143,33,0.163,14,0.108,13,0.115,24,0.142,36,0.113,46,0.093,68,0.103,85,0.112,78,0.106,59,0.087,41,0.06,36,0.051,42,0.059,26,0.037,46,0.063,44,0.058,43,0.05,51,0.057,30,0.039,28,0.038,40,0.056,57,0.091,38,0.079,58,0.126,21,0.092,15,0.103,16,0.129,22,0.119,38,0.117,55,0.107,84,0.124,61,0.078,72,0.095,45,0.063,44,0.061,35,0.047,41,0.055,43,0.058,35,0.047,39,0.05,55,0.063,48,0.052,41,0.049,38,0.048,40,0.051,44,0.067,42,0.082
Region 9,Region 2,125,0.148,76,0.128,55,0.118,57,0.16,50,0.175,70,0.282,76,0.25,80,0.22,66,0.146,79,0.138,80,0.117,116,0.15,136,0.163,133,0.157,122,0.143,134,0.159,130,0.152,152,0.171,99,0.109,138,0.164,108,0.133,131,0.169,125,0.19,78,0.152,89,0.195,55,0.227,42,0.266,33,0.242,62,0.319,98,0.304,116,0.237,141,0.226,116,0.158,110,0.155,110,0.164,90,0.133,113,0.159,122,0.171,101,0.14,112,0.149,106,0.139,90,0.11,96,0.114,116,0.157,62,0.092,58,0.091,65,0.121,59,0.142,84,0.203,30,0.148,28,0.217,47,0.417,43,0.255,78,0.245,97,0.196,101,0.154,95,0.126,103,0.14,89,0.131,68,0.1,81,0.114,105,0.148,90,0.127,93,0.128,99,0.131,104,0.122,108,0.12,82,0.105,85,0.115,79,0.111,73,0.116,69,0.143,93,0.203,34,0.148,35,0.241,28,0.226,40,0.216,84,0.258,109,0.211,119,0.175,110,0.14,113,0.149,97,0.137,127,0.177,79,0.106,77,0.103,101,0.137,113,0.152,102,0.131,82,0.094,76,0.082,90,0.107,97,0.123,88,0.112,73,0.111,81,0.158
Region 9,Region 3,887,1.049,534,0.901,454,0.978,328,0.923,275,0.965,237,0.956,239,0.786,355,0.976,469,1.035,488,0.853,646,0.945,744,0.96,806,0.968,869,1.026,786,0.918,855,1.014,1136,1.329,1332,1.496,1101,1.211,1002,1.189,858,1.057,935,1.207,777,1.178,600,1.167,597,1.31,346,1.426,258,1.635,180,1.322,175,0.9,226,0.701,345,0.705,576,0.923,664,0.902,640,0.899,669,0.999,687,1.015,655,0.92,690,0.967,855,1.182,1078,1.437,1138,1.488,1107,1.357,1035,1.233,742,1.004,546,0.807,508,0.8,483,0.898,415,1.001,488,1.18,243,1.202,152,1.177,115,1.021,133,0.789,194,0.61,333,0.672,594,0.903,693,0.916,712,0.971,629,0.928,698,1.027,633,0.89,743,1.044,941,1.327,1001,1.379,1059,1.406,1045,1.225,945,1.051,664,0.853,601,0.81,553,0.777,538,0.858,485,1.005,522,1.138,216,0.942,182,1.253,133,1.072,183,0.99,301,0.926,380,0.737,601,0.885,709,0.901,689,0.906,646,0.909,662,0.923,787,1.054,784,1.053,907,1.226,927,1.247,1067,1.373,957,1.102,879,0.947,793,0.942,734,0.931,601,0.764,568,0.864,553,1.08
Region 9,Region 4,23,0.027,30,0.051,19,0.041,13,0.037,6,0.021,4,0.016,19,0.062,28,0.077,26,0.057,16,0.028,27,0.039,25,0.032,32,0.038,31,0.037,22,0.026,25,0.03,17,0.02,24,0.027,14,0.015,19,0.023,29,0.036,21,0.027,22,0.033,26,0.051,24,0.053,19,0.078,6,0.038,6,0.044,12,0.062,23,0.071,37,0.076,37,0.059,41,0.056,20,0.028,16,0.024,22,0.032,22,0.031,28,0.039,27,0.037,20,0.027,16,0.021,27,0.033,31,0.037,32,0.043,20,0.03,15,0.024,17,0.032,15,0.036,31,0.075,17,0.084,4,0.031,4,0.036,15,0.089,15,0.047,25,0.05,35,0.053,41,0.054,27,0.037,16,0.024,16,0.024,23,0.032,12,0.017,27,0.038,25,0.034,22,0.029,21,0.025,28,0.031,22,0.028,22,0.03,18,0.025,18,0.029,22,0.046,21,0.046,12,0.052,6,0.041,7,0.056,5,0.027,20,0.062,37,0.072,36,0.053,34,0.043,26,0.034,23,0.032,17,0.024,9,0.012,11,0.015,13,0.018,21,0.028,19,0.024,25,0.029,21,0.023,16,0.019,16,0.02,11,0.014,20,0.03,13,0.025
Region 9,Region 5,37,0.044,28,0.047,15,0.032,18,0.051,11,0.039,13,0.052,32,0.105,26,0.071,29,0.064,42,0.073,27,0.039,32,0.041,33,0.04,43,0.051,35,0.041,30,0.036,34,0.04,30,0.034,39,0.043,45,0.053,30,0.037,34,0.044,40,0.061,22,0.043,12,0.026,19,0.078,9,0.057,4,0.029,11,0.057,23,0.071,40,0.082,43,0.069,41,0.056,30,0.042,36,0.054,23,0.034,21,0.029,31,0.043,29,0.04,24,0.032,31,0.041,30,0.037,28,0.033,27,0.037,26,0.038,26,0.041,39,0.073,14,0.034,17,0.041,11,0.054,9,0.07,10,0.089,10,0.059,14,0.044,33,0.067,55,0.084,49,0.065,56,0.076,48,0.071,35,0.052,24,0.034,15,0.021,23,0.032,29,0.04,28,0.037,29,0.034,27,0.03,34,0.044,34,0.046,47,0.066,29,0.046,21,0.043,24,0.052,13,0.057,7,0.048,5,0.04,12,0.065,16,0.049,32,0.062,52,0.077,40,0.051,57,0.075,27,0.038,34,0.047,35,0.047,29,0.039,27,0.037,29,0.039,28,0.036,18,0.021,15,0.016,37,0.044,32,0.041,30,0.038,40,0.061,15,0.029
Region 9,Region 6,21,0.025,14,0.024,10,0.022,11,0.031,8,0.028,6,0.024,5,0.016,8,0.022,7,0.015,16,0.028,12,0.018,20,0.026,17,0.02,14,0.017,12,0.014,19,0.023,10,0.012,16,0.018,12,0.013,18,0.021,19,0.023,17,0.022,19,0.029,20,0.039,20,0.044,8,0.033,4,0.025,0,0,4,0.021,9,0.028,18,0.037,8,0.013,19,0.026,11,0.015,15,0.022,13,0.019,9,0.013,6,0.008,9,0.012,7,0.009,13,0.017,15,0.018,13,0.015,9,0.012,9,0.013,14,0.022,15,0.028,20,0.048,18,0.044,4,0.02,4,0.031,3,0.027,4,0.024,8,0.025,14,0.028,10,0.015,10,0.013,4,0.005,11,0.016,6,0.009,7,0.01,8,0.011,11,0.016,6,0.008,6,0.008,8,0.009,14,0.016,7,0.009,18,0.024,11,0.015,14,0.022,11,0.023,16,0.035,5,0.022,3,0.021,5,0.04,3,0.016,5,0.015,16,0.031,10,0.015,8,0.01,10,0.013,7,0.01,10,0.014,7,0.009,5,0.007,6,0.008,11,0.015,17,0.022,7,0.008,16,0.017,11,0.013,5,0.006,14,0.018,13,0.02,14,0.027
Region 9,Region 7,22,0.026,23,0.039,19,0.041,12,0.034,15,0.053,14,0.056,20,0.066,15,0.041,21,0.046,27,0.047,17,0.025,29,0.037,26,0.031,23,0.027,9,0.011,23,0.027,24,0.028,12,0.013,21,0.023,21,0.025,20,0.025,17,0.022,14,0.021,16,0.031,17,0.037,3,0.012,1,0.006,9,0.066,13,0.067,17,0.053,26,0.053,43,0.069,30,0.041,27,0.038,25,0.037,22,0.032,22,0.031,17,0.024,17,0.024,23,0.031,17,0.022,21,0.026,19,0.023,12,0.016,20,0.03,18,0.028,22,0.041,25,0.06,16,0.039,4,0.02,3,0.023,5,0.044,4,0.024,14,0.044,33,0.067,27,0.041,43,0.057,44,0.06,30,0.044,26,0.038,25,0.035,15,0.021,23,0.032,18,0.025,23,0.031,20,0.023,14,0.016,28,0.036,24,0.032,13,0.018,17,0.027,13,0.027,11,0.024,5,0.022,9,0.062,1,0.008,9,0.049,21,0.065,34,0.066,40,0.059,32,0.041,37,0.049,32,0.045,27,0.038,28,0.037,22,0.03,22,0.03,24,0.032,11,0.014,13,0.015,12,0.013,13,0.015,17,0.022,23,0.029,10,0.015,20,0.039
Region 9,Region 8,8,0.009,7,0.012,2,0.004,1,0.003,2,0.007,3,0.012,8,0.026,4,0.011,6,0.013,7,0.012,5,0.007,11,0.014,10,0.012,6,0.007,6,0.007,6,0.007,10,0.012,4,0.004,15,0.017,7,0.008,5,0.006,4,0.005,5,0.008,6,0.012,5,0.011,1,0.004,0,0,1,0.007,2,0.01,1,0.003,3,0.006,10,0.016,9,0.012,12,0.017,11,0.016,9,0.013,7,0.01,4,0.006,3,0.004,4,0.005,7,0.009,12,0.015,11,0.013,8,0.011,5,0.007,1,0.002,2,0.004,3,0.007,3,0.007,0,0,2,0.015,2,0.018,3,0.018,2,0.006,6,0.012,14,0.021,22,0.029,6,0.008,11,0.016,8,0.012,11,0.015,10,0.014,9,0.013,4,0.006,9,0.012,9,0.011,5,0.006,7,0.009,7,0.009,7,0.01,2,0.003,2,0.004,5,0.011,1,0.004,0,0,1,0.008,3,0.016,3,0.009,7,0.014,7,0.01,13,0.017,9,0.012,9,0.013,8,0.011,7,0.009,15,0.02,13,0.018,7,0.009,8,0.01,3,0.003,9,0.01,5,0.006,7,0.009,2,0.003,10,0.015,5,0.01
Region 9,Region 9,1159,1.371,741,1.25,619,1.333,508,1.43,419,1.47,290,1.17,387,1.272,441,1.212,520,1.147,654,1.143,838,1.226,1037,1.338,1115,1.339,1154,1.362,1097,1.281,1113,1.32,1195,1.398,1097,1.232,1187,1.306,1151,1.366,1149,1.415,1166,1.505,1005,1.524,846,1.645,855,1.877,475,1.957,350,2.217,227,1.667,224,1.153,312,0.968,527,1.077,790,1.265,1040,1.413,1001,1.406,951,1.42,907,1.34,981,1.377,1002,1.404,1025,1.417,980,1.306,1164,1.522,1132,1.387,1171,1.396,951,1.287,830,1.227,820,1.291,701,1.303,572,1.38,705,1.705,390,1.929,222,1.719,176,1.563,159,0.943,250,0.787,543,1.096,800,1.216,1052,1.39,1036,1.413,963,1.421,1012,1.489,943,1.326,958,1.347,1015,1.431,1115,1.536,1136,1.508,1200,1.407,1126,1.252,972,1.249,965,1.301,891,1.251,787,1.255,679,1.406,759,1.654,371,1.618,267,1.838,165,1.331,180,0.974,275,0.846,521,1.01,840,1.237,1126,1.431,1041,1.368,1002,1.41,934,1.302,998,1.336,1076,1.445,1155,1.561,1070,1.44,1132,1.456,1204,1.386,1228,1.323,1062,1.261,963,1.222,932,1.185,787,1.197,748,1.461
Region 9,Region 10,25,0.03,10,0.017,11,0.024,9,0.025,4,0.014,7,0.028,13,0.043,11,0.03,13,0.029,5,0.009,10,0.015,12,0.015,15,0.018,13,0.015,11,0.013,11,0.013,15,0.018,18,0.02,17,0.019,8,0.009,8,0.01,13,0.017,11,0.017,7,0.014,6,0.013,4,0.016,1,0.006,2,0.015,1,0.005,10,0.031,25,0.051,27,0.043,29,0.039,19,0.027,16,0.024,21,0.031,11,0.015,14,0.02,15,0.021,15,0.02,13,0.017,10,0.012,14,0.017,11,0.015,9,0.013,9,0.014,14,0.026,7,0.017,6,0.015,5,0.025,2,0.015,4,0.036,3,0.018,13,0.041,27,0.054,37,0.056,39,0.052,36,0.049,19,0.028,15,0.022,18,0.025,7,0.01,15,0.021,10,0.014,14,0.019,16,0.019,13,0.014,12,0.015,12,0.016,10,0.014,12,0.019,17,0.035,7,0.015,7,0.031,4,0.028,3,0.024,4,0.022,12,0.037,21,0.041,22,0.032,33,0.042,26,0.034,17,0.024,19,0.026,14,0.019,13,0.017,8,0.011,10,0.013,13,0.017,10,0.012,7,0.008,9,0.011,10,0.013,13,0.017,11,0.017,5,0.01
Region 9,Region 11,21,0.025,9,0.015,3,0.006,2,0.006,5,0.018,9,0.036,21,0.069,17,0.047,18,0.04,22,0.038,15,0.022,20,0.026,30,0.036,25,0.03,31,0.036,22,0.026,10,0.012,15,0.017,13,0.014,25,0.03,12,0.015,14,0.018,16,0.024,7,0.014,8,0.018,4,0.016,1,0.006,3,0.022,7,0.036,8,0.025,16,0.033,30,0.048,29,0.039,46,0.065,22,0.033,23,0.034,31,0.044,23,0.032,26,0.036,24,0.032,28,0.037,26,0.032,22,0.026,14,0.019,13,0.019,23,0.036,11,0.02,8,0.019,8,0.019,7,0.035,0,0,1,0.009,3,0.018,8,0.025,32,0.065,41,0.062,53,0.07,50,0.068,36,0.053,34,0.05,21,0.03,23,0.032,26,0.037,18,0.025,22,0.029,35,0.041,31,0.034,21,0.027,15,0.02,23,0.032,13,0.021,9,0.019,13,0.028,9,0.039,2,0.014,1,0.008,3,0.016,5,0.015,22,0.043,26,0.038,38,0.048,49,0.064,30,0.042,29,0.04,29,0.039,32,0.043,20,0.027,23,0.031,19,0.024,35,0.04,30,0.032,21,0.025,20,0.025,23,0.029,11,0.017,17,0.033
Region 9,Region 12,167,0.198,106,0.179,77,0.166,57,0.16,57,0.2,46,0.186,67,0.22,64,0.176,74,0.163,99,0.173,113,0.165,153,0.197,152,0.183,146,0.172,185,0.216,168,0.199,194,0.227,172,0.193,171,0.188,159,0.189,126,0.155,140,0.181,135,0.205,115,0.224,115,0.252,67,0.276,29,0.184,27,0.198,36,0.185,57,0.177,98,0.2,152,0.243,186,0.253,143,0.201,145,0.216,122,0.18,151,0.212,142,0.199,144,0.199,149,0.199,162,0.212,157,0.192,176,0.21,134,0.181,135,0.2,138,0.217,108,0.201,111,0.268,107,0.259,44,0.218,26,0.201,18,0.16,25,0.148,44,0.138,91,0.184,161,0.245,184,0.243,185,0.252,133,0.196,123,0.181,125,0.176,141,0.198,143,0.202,144,0.198,176,0.234,147,0.172,194,0.216,158,0.203,122,0.164,137,0.192,105,0.167,87,0.18,100,0.218,61,0.266,33,0.227,30,0.242,40,0.216,60,0.185,92,0.178,167,0.246,177,0.225,174,0.229,151,0.213,141,0.197,158,0.212,162,0.217,144,0.195,166,0.223,176,0.226,194,0.223,236,0.254,169,0.201,169,0.214,145,0.184,107,0.163,105,0.205
Region 9,Region 13,0,0,0,0,0,0,0,0,0,0,0,0,0,0,0,0,1,0.002,0,0,0,0,0,0,0,0,0,0,0,0,0,0,0,0,0,0,0,0,0,0,0,0,0,0,0,0,0,0,0,0,0,0,0,0,0,0,0,0,0,0,0,0,0,0,0,0,0,0,0,0,0,0,0,0,0,0,0,0,0,0,0,0,0,0,0,0,0,0,0,0,0,0,0,0,0,0,0,0,0,0,0,0,0,0,0,0,0,0,0,0,0,0,0,0,0,0,0,0,0,0,0,0,0,0,0,0,0,0,0,0,0,0,0,0,0,0,0,0,0,0,0,0,0,0,0,0,0,0,0,0,0,0,0,0,0,0,0,0,0,0,0,0,0,0,0,0,0,0,0,0,0,0,0,0,0,0,0,0,0,0,0,0,0,0,0,0,0,0,0,0,0,0
Region 9,Region 14,20,0.024,21,0.035,17,0.037,15,0.042,17,0.06,16,0.065,20,0.066,22,0.06,27,0.06,39,0.068,44,0.064,39,0.05,41,0.049,40,0.047,45,0.053,53,0.063,47,0.055,49,0.055,56,0.062,52,0.062,39,0.048,35,0.045,35,0.053,21,0.041,15,0.033,8,0.033,9,0.057,9,0.066,8,0.041,13,0.04,27,0.055,57,0.091,78,0.106,60,0.084,50,0.075,49,0.072,39,0.055,36,0.05,43,0.059,34,0.045,33,0.043,39,0.048,45,0.054,42,0.057,35,0.052,24,0.038,34,0.063,22,0.053,20,0.048,11,0.054,6,0.046,9,0.08,9,0.053,11,0.035,48,0.097,65,0.099,88,0.116,80,0.109,56,0.083,40,0.059,52,0.073,33,0.046,29,0.041,34,0.047,37,0.049,36,0.042,62,0.069,42,0.054,35,0.047,37,0.052,37,0.059,17,0.035,21,0.046,6,0.026,12,0.083,7,0.056,14,0.076,15,0.046,33,0.064,46,0.068,60,0.076,75,0.099,48,0.068,39,0.054,50,0.067,39,0.052,36,0.049,26,0.035,53,0.068,44,0.051,66,0.071,45,0.053,49,0.062,26,0.033,34,0.052,23,0.045
Region 9,Region 15,80,0.095,52,0.088,45,0.097,30,0.084,15,0.053,20,0.081,30,0.099,27,0.074,38,0.084,52,0.091,40,0.058,61,0.079,81,0.097,72,0.085,100,0.117,89,0.106,72,0.084,64,0.072,75,0.083,60,0.071,88,0.108,72,0.093,61,0.092,47,0.091,53,0.116,30,0.124,19,0.12,18,0.132,13,0.067,23,0.071,47,0.096,92,0.147,90,0.122,86,0.121,68,0.102,57,0.084,73,0.102,76,0.106,60,0.083,63,0.084,63,0.082,66,0.081,66,0.079,65,0.088,37,0.055,36,0.057,37,0.069,43,0.104,31,0.075,33,0.163,12,0.093,14,0.124,20,0.119,23,0.072,42,0.085,72,0.109,84,0.111,92,0.125,78,0.115,70,0.103,55,0.077,62,0.087,59,0.083,70,0.096,61,0.081,68,0.08,68,0.076,57,0.073,53,0.071,35,0.049,50,0.08,61,0.126,47,0.102,22,0.096,19,0.131,13,0.105,15,0.081,23,0.071,42,0.081,74,0.109,76,0.097,91,0.12,54,0.076,59,0.082,61,0.082,77,0.103,70,0.095,74,0.1,79,0.102,83,0.096,70,0.075,72,0.085,65,0.082,55,0.07,63,0.096,47,0.092
Region 9,Region 16,26,0.031,27,0.046,22,0.047,25,0.07,13,0.046,18,0.073,29,0.095,48,0.132,41,0.09,44,0.077,52,0.076,54,0.07,53,0.064,57,0.067,62,0.072,69,0.082,62,0.073,67,0.075,47,0.052,41,0.049,48,0.059,49,0.063,35,0.053,22,0.043,35,0.077,13,0.054,3,0.019,4,0.029,10,0.051,18,0.056,35,0.072,56,0.09,66,0.09,54,0.076,49,0.073,37,0.055,40,0.056,33,0.046,46,0.064,38,0.051,41,0.054,45,0.055,50,0.06,40,0.054,38,0.056,25,0.039,26,0.048,19,0.046,24,0.058,13,0.064,6,0.046,6,0.053,12,0.071,22,0.069,51,0.103,73,0.111,84,0.111,86,0.117,91,0.134,46,0.068,28,0.039,43,0.06,39,0.055,43,0.059,42,0.056,53,0.062,47,0.052,47,0.06,37,0.05,25,0.035,29,0.046,26,0.054,18,0.039,14,0.061,6,0.041,11,0.089,18,0.097,21,0.065,34,0.066,70,0.103,62,0.079,84,0.11,57,0.08,37,0.052,33,0.044,36,0.048,44,0.059,41,0.055,36,0.046,54,0.062,59,0.064,52,0.062,37,0.047,74,0.094,46,0.07,22,0.043
Region 10,Region 0,76,0.09,62,0.105,59,0.127,61,0.172,40,0.14,16,0.065,18,0.059,17,0.047,32,0.071,43,0.075,54,0.079,44,0.057,31,0.037,43,0.051,46,0.054,41,0.049,30,0.035,37,0.042,48,0.053,61,0.072,58,0.071,62,0.08,55,0.083,32,0.062,17,0.037,15,0.062,13,0.082,7,0.051,6,0.031,8,0.025,25,0.051,37,0.059,47,0.064,38,0.053,27,0.04,31,0.046,26,0.037,47,0.066,56,0.077,61,0.081,70,0.092,57,0.07,53,0.063,46,0.062,56,0.083,44,0.069,54,0.1,40,0.097,36,0.087,10,0.049,5,0.039,3,0.027,6,0.036,18,0.057,30,0.061,40,0.061,24,0.032,16,0.022,18,0.027,27,0.04,36,0.051,27,0.038,51,0.072,60,0.083,65,0.086,64,0.075,77,0.086,70,0.09,70,0.094,63,0.088,62,0.099,45,0.093,27,0.059,18,0.079,13,0.09,11,0.089,4,0.022,18,0.055,29,0.056,38,0.056,42,0.053,27,0.035,37,0.052,46,0.064,50,0.067,38,0.051,55,0.074,49,0.066,56,0.072,67,0.077,78,0.084,86,0.102,81,0.103,89,0.113,76,0.116,58,0.113
Region 10,Region 1,564,0.667,528,0.891,444,0.956,330,0.929,205,0.719,125,0.504,102,0.335,144,0.396,161,0.355,203,0.355,234,0.342,256,0.33,227,0.273,270,0.319,259,0.303,256,0.304,265,0.31,236,0.265,252,0.277,266,0.316,322,0.397,384,0.496,300,0.455,230,0.447,215,0.472,131,0.54,80,0.507,57,0.419,72,0.37,126,0.391,282,0.576,330,0.529,356,0.484,265,0.372,225,0.336,243,0.359,243,0.341,261,0.366,293,0.405,293,0.391,323,0.422,339,0.416,406,0.484,308,0.417,343,0.507,379,0.597,322,0.599,233,0.562,240,0.581,157,0.777,79,0.612,48,0.426,63,0.374,174,0.548,300,0.605,353,0.537,381,0.504,312,0.425,247,0.364,241,0.355,254,0.357,290,0.408,286,0.403,299,0.412,312,0.414,386,0.453,463,0.515,367,0.471,358,0.483,409,0.574,394,0.628,271,0.561,294,0.641,181,0.789,71,0.489,56,0.452,78,0.422,172,0.529,351,0.68,384,0.566,376,0.478,288,0.379,263,0.37,283,0.394,258,0.345,273,0.367,320,0.433,316,0.425,322,0.414,410,0.472,477,0.514,382,0.454,399,0.506,395,0.502,400,0.608,297,0.58
Region 10,Region 2,68,0.08,36,0.061,44,0.095,39,0.11,31,0.109,20,0.081,6,0.02,10,0.027,14,0.031,13,0.023,20,0.029,32,0.041,26,0.031,29,0.034,25,0.029,25,0.03,27,0.032,26,0.029,21,0.023,22,0.026,24,0.03,27,0.035,27,0.041,23,0.045,29,0.064,19,0.078,8,0.051,8,0.059,10,0.051,7,0.022,11,0.022,18,0.029,11,0.015,16,0.022,16,0.024,31,0.046,21,0.029,26,0.036,13,0.018,18,0.024,15,0.02,28,0.034,21,0.025,17,0.023,22,0.033,17,0.027,20,0.037,23,0.055,20,0.048,11,0.054,13,0.101,5,0.044,6,0.036,13,0.041,11,0.022,15,0.023,9,0.012,20,0.027,27,0.04,19,0.028,24,0.034,20,0.028,16,0.023,28,0.039,26,0.035,28,0.033,15,0.017,26,0.033,29,0.039,36,0.051,26,0.041,20,0.041,23,0.05,9,0.039,9,0.062,9,0.073,13,0.07,13,0.04,17,0.033,14,0.021,8,0.01,15,0.02,18,0.025,23,0.032,7,0.009,15,0.02,13,0.018,14,0.019,23,0.03,33,0.038,36,0.039,29,0.034,30,0.038,31,0.039,28,0.043,25,0.049
Region 10,Region 3,57,0.067,81,0.137,70,0.151,48,0.135,36,0.126,26,0.105,19,0.062,25,0.069,49,0.108,35,0.061,43,0.063,57,0.074,45,0.054,50,0.059,48,0.056,39,0.046,44,0.051,36,0.04,36,0.04,36,0.043,55,0.068,65,0.084,55,0.083,49,0.095,42,0.092,21,0.087,16,0.101,14,0.103,10,0.051,8,0.025,17,0.035,41,0.066,39,0.053,32,0.045,28,0.042,36,0.053,34,0.048,39,0.055,42,0.058,40,0.053,50,0.065,54,0.066,55,0.066,55,0.074,59,0.087,64,0.101,62,0.115,44,0.106,56,0.135,27,0.134,16,0.124,9,0.08,11,0.065,19,0.06,21,0.042,42,0.064,37,0.049,26,0.035,15,0.022,18,0.026,28,0.039,38,0.053,49,0.069,41,0.056,52,0.069,70,0.082,76,0.084,59,0.076,67,0.09,77,0.108,75,0.12,75,0.155,86,0.187,36,0.157,24,0.165,13,0.105,5,0.027,14,0.043,17,0.033,38,0.056,33,0.042,27,0.035,24,0.034,27,0.038,22,0.029,42,0.056,39,0.053,47,0.063,51,0.066,44,0.051,43,0.046,68,0.081,68,0.086,71,0.09,86,0.131,73,0.143
Region 10,Region 4,836,0.989,738,1.245,508,1.094,445,1.253,312,1.095,207,0.835,204,0.671,277,0.761,340,0.75,453,0.792,443,0.648,475,0.613,632,0.759,659,0.778,652,0.762,736,0.873,731,0.855,735,0.826,773,0.851,742,0.881,671,0.826,738,0.953,624,0.946,368,0.715,440,0.966,273,1.125,132,0.836,116,0.852,163,0.839,206,0.639,219,0.448,353,0.565,469,0.637,579,0.814,559,0.834,737,1.089,737,1.035,685,0.96,706,0.976,780,1.04,667,0.872,753,0.923,790,0.941,793,1.073,712,1.052,779,1.226,657,1.221,446,1.076,469,1.134,262,1.296,125,0.968,92,0.817,118,0.7,227,0.714,272,0.549,420,0.638,629,0.831,735,1.002,640,0.944,697,1.026,693,0.974,688,0.967,739,1.042,691,0.952,682,0.905,710,0.833,837,0.931,813,1.044,845,1.139,899,1.263,808,1.289,515,1.067,543,1.184,274,1.195,176,1.212,123,0.992,146,0.79,243,0.747,309,0.599,394,0.58,582,0.74,630,0.828,595,0.838,671,0.935,806,1.079,785,1.054,741,1.002,719,0.967,660,0.849,794,0.914,856,0.922,841,0.999,858,1.089,996,1.266,848,1.29,636,1.243
Region 10,Region 5,390,0.461,321,0.542,269,0.579,190,0.535,119,0.418,73,0.295,76,0.25,86,0.236,101,0.223,124,0.217,168,0.246,170,0.219,188,0.226,262,0.309,295,0.345,233,0.276,265,0.31,252,0.283,259,0.285,216,0.256,200,0.246,239,0.308,197,0.299,180,0.35,167,0.367,116,0.478,87,0.551,52,0.382,95,0.489,106,0.329,120,0.245,194,0.311,249,0.338,226,0.318,170,0.254,165,0.244,164,0.23,210,0.294,261,0.361,233,0.311,234,0.306,244,0.299,261,0.311,229,0.31,198,0.293,195,0.307,172,0.32,142,0.343,197,0.477,95,0.47,61,0.472,67,0.595,100,0.593,114,0.359,142,0.287,238,0.362,299,0.395,229,0.312,218,0.322,215,0.316,206,0.29,200,0.281,218,0.307,251,0.346,235,0.312,269,0.315,335,0.372,231,0.297,254,0.342,254,0.357,252,0.402,202,0.418,232,0.506,137,0.598,83,0.571,62,0.5,91,0.492,106,0.326,183,0.355,235,0.346,255,0.324,278,0.365,200,0.282,188,0.262,227,0.304,234,0.314,227,0.307,248,0.334,216,0.278,306,0.352,332,0.358,309,0.367,264,0.335,281,0.357,263,0.4,215,0.42
Region 10,Region 6,1625,1.922,1312,2.214,1168,2.516,981,2.761,768,2.695,550,2.219,474,1.558,482,1.325,527,1.163,624,1.09,655,0.958,729,0.941,974,1.17,964,1.138,1069,1.249,1026,1.217,1090,1.275,1116,1.254,1063,1.17,1004,1.191,1044,1.286,1075,1.387,951,1.442,850,1.653,883,1.938,479,1.974,314,1.989,271,1.99,381,1.96,526,1.631,479,0.979,505,0.809,598,0.812,635,0.892,605,0.903,444,0.656,512,0.719,587,0.823,547,0.756,621,0.828,879,1.149,950,1.164,952,1.135,930,1.258,894,1.321,957,1.507,881,1.638,704,1.699,901,2.179,470,2.325,267,2.067,218,1.936,300,1.78,439,1.381,431,0.87,499,0.759,582,0.769,689,0.94,542,0.8,483,0.711,568,0.799,702,0.987,601,0.847,653,0.899,768,1.019,928,1.088,1024,1.138,982,1.261,1098,1.48,1100,1.545,1063,1.696,955,1.978,1047,2.282,562,2.451,307,2.114,253,2.04,372,2.013,496,1.526,527,1.022,521,0.767,612,0.778,590,0.775,515,0.725,435,0.606,498,0.667,520,0.698,449,0.607,568,0.764,880,1.132,988,1.138,1142,1.23,1062,1.261,1115,1.415,1232,1.566,1152,1.752,957,1.87
Region 10,Region 7,1566,1.852,1348,2.275,1049,2.259,679,1.911,423,1.484,254,1.025,337,1.108,402,1.105,522,1.152,554,0.968,635,0.929,855,1.103,990,1.189,925,1.092,871,1.017,849,1.007,875,1.023,956,1.074,1067,1.174,938,1.113,937,1.154,927,1.196,807,1.224,509,0.99,470,1.032,228,0.939,134,0.849,114,0.837,171,0.88,283,0.878,449,0.918,598,0.958,816,1.109,844,1.186,773,1.154,739,1.092,774,1.087,868,1.216,873,1.207,845,1.126,916,1.198,1004,1.231,1087,1.295,897,1.214,866,1.28,882,1.389,776,1.443,539,1.3,500,1.209,235,1.162,119,0.921,113,1.004,145,0.86,289,0.909,484,0.977,644,0.979,975,1.289,994,1.355,868,1.281,847,1.246,875,1.23,845,1.188,873,1.231,852,1.173,961,1.276,1116,1.309,1260,1.401,1061,1.363,1027,1.385,966,1.357,933,1.488,662,1.371,589,1.284,272,1.186,173,1.191,137,1.105,165,0.893,292,0.898,523,1.014,689,1.015,937,1.191,966,1.27,870,1.225,938,1.307,898,1.202,957,1.285,970,1.311,904,1.216,1027,1.321,1232,1.419,1399,1.507,1254,1.489,1106,1.403,1137,1.445,963,1.465,678,1.325
Region 10,Region 8,379,0.448,252,0.425,214,0.461,128,0.36,85,0.298,42,0.169,49,0.161,51,0.14,81,0.179,128,0.224,163,0.238,233,0.301,254,0.305,255,0.301,277,0.324,241,0.286,280,0.327,288,0.324,310,0.341,261,0.31,226,0.278,206,0.266,167,0.253,109,0.212,95,0.209,44,0.181,24,0.152,17,0.125,21,0.108,38,0.118,73,0.149,115,0.184,194,0.264,181,0.254,174,0.26,191,0.282,202,0.284,199,0.279,237,0.328,231,0.308,225,0.294,249,0.305,274,0.327,233,0.315,199,0.294,192,0.302,146,0.271,112,0.27,121,0.293,45,0.223,36,0.279,16,0.142,31,0.184,49,0.154,75,0.151,153,0.233,239,0.316,261,0.356,227,0.335,234,0.344,213,0.299,186,0.261,197,0.278,219,0.302,214,0.284,279,0.327,393,0.437,298,0.383,275,0.371,238,0.334,216,0.345,128,0.265,122,0.266,79,0.345,35,0.241,23,0.185,32,0.173,40,0.123,83,0.161,132,0.194,216,0.274,260,0.342,281,0.396,230,0.321,268,0.359,224,0.301,249,0.337,212,0.285,220,0.283,312,0.359,355,0.382,318,0.378,276,0.35,267,0.339,220,0.335,191,0.373
Region 10,Region 9,34,0.04,33,0.056,33,0.071,24,0.068,30,0.105,13,0.052,13,0.043,16,0.044,5,0.011,1,0.002,9,0.013,12,0.015,11,0.013,12,0.014,15,0.018,9,0.011,15,0.018,14,0.016,16,0.018,27,0.032,27,0.033,27,0.035,26,0.039,18,0.035,18,0.04,10,0.041,16,0.101,6,0.044,6,0.031,8,0.025,18,0.037,13,0.021,12,0.016,8,0.011,10,0.015,6,0.009,13,0.018,17,0.024,16,0.022,9,0.012,10,0.013,10,0.012,15,0.018,21,0.028,13,0.019,18,0.028,15,0.028,21,0.051,21,0.051,13,0.064,7,0.054,2,0.018,3,0.018,7,0.022,11,0.022,5,0.008,3,0.004,9,0.012,13,0.019,10,0.015,12,0.017,12,0.017,12,0.017,15,0.021,20,0.027,10,0.012,8,0.009,7,0.009,20,0.027,20,0.028,22,0.035,19,0.039,23,0.05,15,0.065,6,0.041,6,0.048,4,0.022,7,0.022,6,0.012,12,0.018,12,0.015,11,0.014,2,0.003,12,0.017,8,0.011,6,0.008,8,0.011,7,0.009,10,0.013,17,0.02,21,0.023,29,0.034,18,0.023,17,0.022,19,0.029,24,0.047
Region 10,Region 10,5837,6.903,4547,7.673,3886,8.37,2720,7.656,1837,6.446,1133,4.571,1101,3.62,1522,4.183,2156,4.756,2746,4.798,2766,4.045,3161,4.078,3425,4.114,3478,4.105,3669,4.286,3447,4.09,3795,4.439,4032,4.53,4176,4.595,3856,4.576,3630,4.471,3301,4.26,2803,4.25,1967,3.824,1857,4.076,956,3.939,604,3.827,441,3.238,535,2.753,886,2.748,1435,2.933,1987,3.183,2731,3.711,3097,4.352,3203,4.781,3468,5.123,3715,5.216,3676,5.151,3448,4.768,3253,4.336,3443,4.502,3711,4.549,4047,4.823,3943,5.335,3549,5.246,3466,5.457,2851,5.3,1758,4.241,1814,4.388,902,4.462,555,4.297,359,3.189,505,2.996,944,2.971,1482,2.99,2297,3.492,3214,4.248,3945,5.379,3717,5.485,3845,5.658,3977,5.591,3744,5.262,3340,4.709,3317,4.568,3249,4.312,3931,4.61,4516,5.021,4181,5.371,4270,5.757,4113,5.777,3737,5.961,2355,4.878,2135,4.654,1150,5.016,614,4.227,407,3.282,550,2.976,1024,3.15,1533,2.972,2125,3.129,3003,3.816,3480,4.574,3603,5.072,3768,5.252,3815,5.107,3886,5.217,3392,4.586,3528,4.746,3818,4.912,4307,4.96,4882,5.259,4769,5.662,4556,5.781,4788,6.086,3864,5.877,2650,5.177
Region 10,Region 11,97,0.115,121,0.204,117,0.252,72,0.203,42,0.147,28,0.113,35,0.115,18,0.049,28,0.062,48,0.084,43,0.063,57,0.074,63,0.076,65,0.077,67,0.078,60,0.071,52,0.061,50,0.056,49,0.054,45,0.053,63,0.078,62,0.08,61,0.092,47,0.091,17,0.037,15,0.062,6,0.038,6,0.044,13,0.067,19,0.059,27,0.055,39,0.062,49,0.067,49,0.069,54,0.081,42,0.062,43,0.06,51,0.071,56,0.077,51,0.068,64,0.084,68,0.083,49,0.058,56,0.076,72,0.106,66,0.104,58,0.108,40,0.097,26,0.063,14,0.069,8,0.062,11,0.098,6,0.036,14,0.044,37,0.075,53,0.081,53,0.07,42,0.057,29,0.043,37,0.054,44,0.062,54,0.076,48,0.068,58,0.08,55,0.073,51,0.06,66,0.073,44,0.057,85,0.115,80,0.112,67,0.107,49,0.101,51,0.111,23,0.1,6,0.041,5,0.04,13,0.07,15,0.046,28,0.054,31,0.046,45,0.057,38,0.05,32,0.045,41,0.057,51,0.068,46,0.062,41,0.055,41,0.055,42,0.054,61,0.07,65,0.07,54,0.064,77,0.098,102,0.13,78,0.119,51,0.1
Region 10,Region 12,32,0.038,25,0.042,30,0.065,22,0.062,18,0.063,9,0.036,8,0.026,18,0.049,11,0.024,13,0.023,10,0.015,6,0.008,6,0.007,14,0.017,7,0.008,5,0.006,7,0.008,9,0.01,13,0.014,17,0.02,16,0.02,18,0.023,20,0.03,8,0.016,18,0.04,10,0.041,2,0.013,4,0.029,5,0.026,6,0.019,8,0.016,10,0.016,12,0.016,11,0.015,9,0.013,9,0.013,8,0.011,8,0.011,13,0.018,8,0.011,18,0.024,17,0.021,16,0.019,10,0.014,12,0.018,12,0.019,17,0.032,12,0.029,17,0.041,8,0.04,12,0.093,6,0.053,5,0.03,3,0.009,10,0.02,9,0.014,13,0.017,2,0.003,5,0.007,4,0.006,9,0.013,7,0.01,12,0.017,12,0.017,17,0.023,21,0.025,12,0.013,10,0.013,11,0.015,14,0.02,39,0.062,24,0.05,12,0.026,10,0.044,9,0.062,3,0.024,3,0.016,8,0.025,9,0.017,10,0.015,12,0.015,8,0.011,9,0.013,16,0.022,7,0.009,7,0.009,8,0.011,13,0.017,15,0.019,24,0.028,33,0.036,25,0.03,11,0.014,22,0.028,14,0.021,14,0.027
Region 10,Region 13,0,0,0,0,0,0,0,0,0,0,0,0,0,0,0,0,1,0.002,1,0.002,0,0,0,0,1,0.001,1,0.001,0,0,0,0,0,0,1,0.001,0,0,0,0,0,0,0,0,0,0,0,0,0,0,0,0,0,0,0,0,0,0,0,0,0,0,0,0,0,0,0,0,0,0,0,0,0,0,0,0,1,0.001,0,0,0,0,0,0,0,0,0,0,0,0,0,0,0,0,0,0,0,0,0,0,0,0,0,0,0,0,0,0,0,0,0,0,0,0,0,0,0,0,0,0,0,0,1,0.001,1,0.001,0,0,0,0,0,0,0,0,0,0,0,0,0,0,0,0,0,0,0,0,0,0,0,0,0,0,0,0,0,0,0,0,0,0,0,0,0,0,0,0,1,0.001,0,0,0,0,0,0,0,0,0,0,0,0,0,0,0,0,0,0,0,0,1,0.002,1,0.002
Region 10,Region 14,53,0.063,47,0.079,51,0.11,38,0.107,16,0.056,11,0.044,17,0.056,17,0.047,16,0.035,16,0.028,19,0.028,11,0.014,19,0.023,18,0.021,20,0.023,21,0.025,28,0.033,18,0.02,19,0.021,14,0.017,19,0.023,35,0.045,27,0.041,25,0.049,20,0.044,15,0.062,5,0.032,4,0.029,6,0.031,8,0.025,14,0.029,14,0.022,18,0.024,16,0.022,16,0.024,10,0.015,24,0.034,31,0.043,16,0.022,21,0.028,35,0.046,52,0.064,32,0.038,22,0.03,27,0.04,25,0.039,21,0.039,7,0.017,21,0.051,11,0.054,4,0.031,1,0.009,6,0.036,7,0.022,13,0.026,15,0.023,15,0.02,5,0.007,6,0.009,12,0.018,13,0.018,17,0.024,20,0.028,16,0.022,22,0.029,26,0.03,29,0.032,27,0.035,29,0.039,27,0.038,25,0.04,26,0.054,24,0.052,13,0.057,6,0.041,3,0.024,5,0.027,11,0.034,14,0.027,13,0.019,20,0.025,16,0.021,11,0.015,13,0.018,13,0.017,21,0.028,27,0.037,26,0.035,32,0.041,33,0.038,34,0.037,31,0.037,24,0.03,40,0.051,49,0.075,31,0.061
Region 10,Region 15,148,0.175,162,0.273,126,0.271,112,0.315,95,0.333,52,0.21,52,0.171,27,0.074,41,0.09,43,0.075,47,0.069,65,0.084,86,0.103,76,0.09,80,0.093,79,0.094,107,0.125,108,0.121,109,0.12,92,0.109,97,0.119,100,0.129,99,0.15,79,0.154,68,0.149,59,0.243,27,0.171,21,0.154,36,0.185,34,0.105,45,0.092,51,0.082,52,0.071,65,0.091,63,0.094,50,0.074,67,0.094,49,0.069,44,0.061,85,0.113,74,0.097,71,0.087,95,0.113,82,0.111,70,0.103,76,0.12,60,0.112,73,0.176,84,0.203,47,0.232,17,0.132,14,0.124,15,0.089,29,0.091,40,0.081,55,0.084,50,0.066,39,0.053,53,0.078,55,0.081,69,0.097,75,0.105,57,0.08,76,0.105,95,0.126,78,0.091,86,0.096,64,0.082,73,0.098,107,0.15,82,0.131,84,0.174,94,0.205,43,0.188,34,0.234,22,0.177,24,0.13,33,0.102,42,0.081,43,0.063,42,0.053,58,0.076,58,0.082,67,0.093,58,0.078,51,0.068,40,0.054,67,0.09,64,0.082,114,0.131,124,0.134,103,0.122,106,0.135,106,0.135,111,0.169,104,0.203
Region 10,Region 16,106,0.125,90,0.152,92,0.198,45,0.127,22,0.077,18,0.073,32,0.105,30,0.082,36,0.079,33,0.058,35,0.051,36,0.046,42,0.05,48,0.057,42,0.049,46,0.055,31,0.036,28,0.031,48,0.053,49,0.058,52,0.064,67,0.086,58,0.088,37,0.072,23,0.05,14,0.058,11,0.07,13,0.095,6,0.031,20,0.062,34,0.07,51,0.082,58,0.079,48,0.067,48,0.072,51,0.075,31,0.044,40,0.056,39,0.054,56,0.075,68,0.089,57,0.07,70,0.083,56,0.076,55,0.081,73,0.115,59,0.11,52,0.125,31,0.075,22,0.109,18,0.139,8,0.071,11,0.065,29,0.091,32,0.065,50,0.076,33,0.044,21,0.029,26,0.038,32,0.047,39,0.055,29,0.041,44,0.062,46,0.063,64,0.085,71,0.083,107,0.119,59,0.076,56,0.076,90,0.126,82,0.131,49,0.101,42,0.092,22,0.096,12,0.083,10,0.081,16,0.087,28,0.086,34,0.066,29,0.043,52,0.066,20,0.026,40,0.056,39,0.054,40,0.054,51,0.068,45,0.061,51,0.069,63,0.081,78,0.09,86,0.093,70,0.083,77,0.098,79,0.1,65,0.099,60,0.117
Region 11,Region 0,44,0.052,25,0.042,16,0.034,25,0.07,11,0.039,16,0.065,34,0.112,71,0.195,64,0.141,97,0.17,96,0.14,78,0.101,84,0.101,96,0.113,100,0.117,94,0.112,61,0.071,50,0.056,53,0.058,62,0.074,60,0.074,49,0.063,39,0.059,31,0.06,20,0.044,9,0.037,6,0.038,4,0.029,5,0.026,24,0.074,62,0.127,106,0.17,127,0.173,83,0.117,65,0.097,58,0.086,65,0.091,89,0.125,92,0.127,85,0.113,99,0.129,77,0.094,79,0.094,68,0.092,70,0.103,35,0.055,55,0.102,62,0.15,29,0.07,10,0.049,9,0.07,3,0.027,6,0.036,16,0.05,64,0.129,110,0.167,120,0.159,91,0.124,95,0.14,63,0.093,75,0.105,85,0.119,95,0.134,111,0.153,110,0.146,88,0.103,110,0.122,70,0.09,92,0.124,69,0.097,58,0.093,48,0.099,17,0.037,10,0.044,14,0.096,5,0.04,2,0.011,20,0.062,73,0.142,106,0.156,112,0.142,68,0.089,72,0.101,94,0.131,124,0.166,75,0.101,119,0.161,106,0.143,107,0.138,103,0.119,100,0.108,75,0.089,76,0.096,66,0.084,76,0.116,50,0.098
Region 11,Region 1,496,0.587,347,0.586,285,0.614,229,0.645,126,0.442,120,0.484,203,0.667,236,0.649,249,0.549,357,0.624,460,0.673,509,0.657,530,0.637,468,0.552,580,0.678,512,0.607,580,0.678,566,0.636,591,0.65,550,0.653,536,0.66,473,0.61,443,0.672,320,0.622,274,0.601,138,0.569,85,0.539,55,0.404,50,0.257,109,0.338,278,0.568,452,0.724,725,0.985,636,0.894,571,0.852,532,0.786,577,0.81,573,0.803,568,0.785,534,0.712,585,0.765,658,0.807,676,0.806,568,0.768,500,0.739,465,0.732,448,0.833,285,0.688,277,0.67,118,0.584,82,0.635,63,0.56,59,0.35,152,0.478,308,0.621,561,0.853,756,0.999,656,0.895,591,0.872,564,0.83,582,0.818,573,0.805,575,0.811,551,0.759,609,0.808,750,0.88,777,0.864,632,0.812,592,0.798,584,0.82,540,0.861,431,0.893,340,0.741,144,0.628,107,0.737,66,0.532,75,0.406,146,0.449,337,0.653,599,0.882,775,0.985,691,0.908,646,0.909,628,0.875,643,0.861,600,0.806,610,0.825,579,0.779,519,0.668,686,0.79,840,0.905,653,0.775,629,0.798,653,0.83,594,0.903,370,0.723
Region 11,Region 2,76,0.09,52,0.088,38,0.082,46,0.129,82,0.288,104,0.42,104,0.342,139,0.382,158,0.349,242,0.423,205,0.3,199,0.257,248,0.298,243,0.287,203,0.237,236,0.28,242,0.283,199,0.224,160,0.176,141,0.167,97,0.119,100,0.129,121,0.183,92,0.179,73,0.16,22,0.091,9,0.057,23,0.169,101,0.52,187,0.58,231,0.472,236,0.378,246,0.334,185,0.26,209,0.312,176,0.26,249,0.35,247,0.346,275,0.38,253,0.337,225,0.294,200,0.245,179,0.213,165,0.223,136,0.201,88,0.139,94,0.175,74,0.179,60,0.145,20,0.099,12,0.093,18,0.16,77,0.457,135,0.425,194,0.391,228,0.347,212,0.28,237,0.323,194,0.286,197,0.29,229,0.322,219,0.308,262,0.369,270,0.372,226,0.3,208,0.244,211,0.235,185,0.238,143,0.193,126,0.177,114,0.182,84,0.174,72,0.157,22,0.096,14,0.096,27,0.218,93,0.503,175,0.538,222,0.43,237,0.349,231,0.294,202,0.265,220,0.31,200,0.279,162,0.217,247,0.332,271,0.366,262,0.352,274,0.352,214,0.246,188,0.203,190,0.226,182,0.231,126,0.16,125,0.19,111,0.217
Region 11,Region 3,49,0.058,21,0.035,21,0.045,16,0.045,9,0.032,10,0.04,31,0.102,53,0.146,66,0.146,98,0.171,78,0.114,106,0.137,99,0.119,109,0.129,110,0.128,112,0.133,83,0.097,93,0.104,73,0.08,62,0.074,73,0.09,67,0.086,50,0.076,62,0.121,40,0.088,14,0.058,7,0.044,8,0.059,11,0.057,12,0.037,51,0.104,77,0.123,125,0.17,83,0.117,65,0.097,85,0.126,79,0.111,98,0.137,111,0.153,114,0.152,126,0.165,102,0.125,85,0.101,91,0.123,69,0.102,60,0.094,61,0.113,53,0.128,59,0.143,15,0.074,7,0.054,4,0.036,6,0.036,14,0.044,49,0.099,111,0.169,116,0.153,78,0.106,76,0.112,69,0.102,89,0.125,99,0.139,122,0.172,130,0.179,133,0.177,120,0.141,88,0.098,91,0.117,88,0.119,61,0.086,56,0.089,63,0.13,44,0.096,20,0.087,23,0.158,10,0.081,8,0.043,17,0.052,43,0.083,105,0.155,128,0.163,81,0.106,92,0.129,95,0.132,101,0.135,93,0.125,111,0.15,119,0.16,110,0.142,93,0.107,78,0.084,82,0.097,74,0.094,79,0.1,67,0.102,65,0.127
Region 11,Region 4,71,0.084,48,0.081,36,0.078,21,0.059,16,0.056,14,0.056,32,0.105,39,0.107,43,0.095,74,0.129,59,0.086,60,0.077,90,0.108,87,0.103,101,0.118,87,0.103,61,0.071,79,0.089,66,0.073,73,0.087,65,0.08,67,0.086,54,0.082,39,0.076,31,0.068,18,0.074,15,0.095,4,0.029,8,0.041,18,0.056,55,0.112,84,0.135,111,0.151,76,0.107,53,0.079,61,0.09,72,0.101,60,0.084,85,0.118,82,0.109,73,0.095,65,0.08,74,0.088,48,0.065,72,0.106,55,0.087,57,0.106,46,0.111,34,0.082,16,0.079,10,0.077,4,0.036,8,0.047,20,0.063,52,0.105,66,0.1,117,0.155,88,0.12,51,0.075,48,0.071,57,0.08,64,0.09,99,0.14,89,0.123,65,0.086,99,0.116,83,0.092,75,0.096,58,0.078,64,0.09,72,0.115,66,0.137,37,0.081,24,0.105,14,0.096,5,0.04,6,0.032,19,0.058,51,0.099,96,0.141,99,0.126,101,0.133,53,0.075,43,0.06,52,0.07,68,0.091,59,0.08,48,0.065,53,0.068,56,0.064,82,0.088,59,0.07,51,0.065,37,0.047,50,0.076,65,0.127
Region 11,Region 5,39,0.046,24,0.041,20,0.043,13,0.037,9,0.032,5,0.02,20,0.066,43,0.118,28,0.062,60,0.105,60,0.088,58,0.075,65,0.078,62,0.073,88,0.103,54,0.064,57,0.067,56,0.063,40,0.044,35,0.042,35,0.043,42,0.054,36,0.055,20,0.039,10,0.022,6,0.025,9,0.057,10,0.073,16,0.082,17,0.053,32,0.065,64,0.103,57,0.077,61,0.086,61,0.091,62,0.092,60,0.084,64,0.09,76,0.105,77,0.103,54,0.071,63,0.077,58,0.069,39,0.053,43,0.064,38,0.06,35,0.065,16,0.039,13,0.031,14,0.069,6,0.046,6,0.053,12,0.071,24,0.076,50,0.101,55,0.084,66,0.087,67,0.091,59,0.087,60,0.088,55,0.077,45,0.063,54,0.076,66,0.091,72,0.096,69,0.081,68,0.076,55,0.071,43,0.058,29,0.041,33,0.053,16,0.033,27,0.059,10,0.044,9,0.062,7,0.056,8,0.043,24,0.074,36,0.07,80,0.118,51,0.065,62,0.081,64,0.09,76,0.106,56,0.075,60,0.081,56,0.076,43,0.058,46,0.059,56,0.064,58,0.062,54,0.064,61,0.077,47,0.06,50,0.076,29,0.057
Region 11,Region 6,83,0.098,51,0.086,39,0.084,34,0.096,19,0.067,11,0.044,10,0.033,21,0.058,29,0.064,47,0.082,49,0.072,61,0.079,51,0.061,56,0.066,49,0.057,60,0.071,38,0.044,64,0.072,58,0.064,54,0.064,54,0.067,62,0.08,48,0.073,43,0.084,34,0.075,15,0.062,6,0.038,1,0.007,2,0.01,11,0.034,22,0.045,33,0.053,34,0.046,35,0.049,40,0.06,28,0.041,33,0.046,45,0.063,43,0.059,36,0.048,51,0.067,48,0.059,67,0.08,51,0.069,43,0.064,34,0.054,31,0.058,34,0.082,30,0.073,21,0.104,11,0.085,6,0.053,7,0.042,9,0.028,14,0.028,33,0.05,58,0.077,32,0.044,37,0.055,25,0.037,29,0.041,36,0.051,38,0.054,34,0.047,40,0.053,64,0.075,64,0.071,54,0.069,56,0.076,45,0.063,40,0.064,49,0.101,33,0.072,18,0.079,7,0.048,6,0.048,3,0.016,9,0.028,16,0.031,32,0.047,43,0.055,34,0.045,39,0.055,37,0.052,26,0.035,38,0.051,34,0.046,44,0.059,42,0.054,66,0.076,66,0.071,57,0.068,33,0.042,28,0.036,40,0.061,57,0.111
Region 11,Region 7,143,0.169,163,0.275,87,0.187,59,0.166,31,0.109,26,0.105,55,0.181,73,0.201,74,0.163,95,0.166,118,0.173,115,0.148,135,0.162,118,0.139,111,0.13,107,0.127,110,0.129,126,0.142,136,0.15,128,0.152,130,0.16,120,0.155,106,0.161,79,0.154,39,0.086,32,0.132,14,0.089,11,0.081,15,0.077,34,0.105,84,0.172,102,0.163,128,0.174,109,0.153,121,0.181,127,0.188,118,0.166,119,0.167,106,0.147,109,0.145,112,0.146,134,0.164,142,0.169,106,0.143,100,0.148,103,0.162,69,0.128,78,0.188,52,0.126,34,0.168,14,0.108,10,0.089,28,0.166,29,0.091,96,0.194,109,0.166,145,0.192,129,0.176,106,0.156,107,0.157,118,0.166,134,0.188,118,0.166,126,0.174,71,0.094,160,0.188,120,0.133,125,0.161,127,0.171,97,0.136,103,0.164,78,0.162,54,0.118,41,0.179,25,0.172,20,0.161,11,0.06,42,0.129,116,0.225,148,0.218,154,0.196,155,0.204,148,0.208,143,0.199,121,0.162,117,0.157,125,0.169,94,0.126,99,0.127,128,0.147,134,0.144,128,0.152,110,0.14,89,0.113,90,0.137,76,0.148
Region 11,Region 8,14,0.017,5,0.008,4,0.009,2,0.006,1,0.004,1,0.004,5,0.016,2,0.005,5,0.011,8,0.014,14,0.02,19,0.025,15,0.018,13,0.015,11,0.013,9,0.011,9,0.011,10,0.011,12,0.013,7,0.008,2,0.002,8,0.01,5,0.008,2,0.004,4,0.009,1,0.004,1,0.006,1,0.007,1,0.005,3,0.009,1,0.002,10,0.016,10,0.014,5,0.007,5,0.007,9,0.013,7,0.01,10,0.014,15,0.021,8,0.011,6,0.008,18,0.022,15,0.018,8,0.011,10,0.015,6,0.009,8,0.015,2,0.005,0,0,2,0.01,2,0.015,1,0.009,1,0.006,2,0.006,7,0.014,7,0.011,7,0.009,9,0.012,8,0.012,10,0.015,8,0.011,8,0.011,3,0.004,10,0.014,8,0.011,17,0.02,5,0.006,11,0.014,7,0.009,13,0.018,7,0.011,3,0.006,1,0.002,2,0.009,1,0.007,1,0.008,0,0,2,0.006,5,0.01,5,0.007,11,0.014,15,0.02,12,0.017,11,0.015,6,0.008,9,0.012,9,0.012,12,0.016,7,0.009,12,0.014,21,0.023,24,0.028,13,0.016,12,0.015,8,0.012,5,0.01
Region 11,Region 9,22,0.026,21,0.035,32,0.069,12,0.034,6,0.021,8,0.032,27,0.089,35,0.096,15,0.033,14,0.024,14,0.02,17,0.022,22,0.026,25,0.03,29,0.034,28,0.033,19,0.022,19,0.021,19,0.021,30,0.036,31,0.038,28,0.036,23,0.035,25,0.049,13,0.029,8,0.033,11,0.07,2,0.015,3,0.015,7,0.022,24,0.049,27,0.043,26,0.035,31,0.044,18,0.027,26,0.038,26,0.037,26,0.036,27,0.037,29,0.039,18,0.024,22,0.027,25,0.03,18,0.024,37,0.055,18,0.028,24,0.045,20,0.048,17,0.041,6,0.03,8,0.062,3,0.027,9,0.053,2,0.006,22,0.044,27,0.041,39,0.052,29,0.04,36,0.053,27,0.04,26,0.037,24,0.034,23,0.032,27,0.037,28,0.037,30,0.035,23,0.026,23,0.03,31,0.042,25,0.035,29,0.046,42,0.087,39,0.085,16,0.07,19,0.131,6,0.048,3,0.016,8,0.025,19,0.037,25,0.037,31,0.039,26,0.034,29,0.041,27,0.038,27,0.036,16,0.021,28,0.038,33,0.044,19,0.024,27,0.031,27,0.029,32,0.038,28,0.036,36,0.046,33,0.05,31,0.061
Region 11,Region 10,79,0.093,63,0.106,30,0.065,29,0.082,20,0.07,14,0.056,17,0.056,34,0.093,27,0.06,43,0.075,45,0.066,60,0.077,64,0.077,43,0.051,54,0.063,50,0.059,55,0.064,65,0.073,56,0.062,55,0.065,52,0.064,45,0.058,35,0.053,30,0.058,15,0.033,12,0.049,5,0.032,4,0.029,5,0.026,5,0.016,28,0.057,62,0.099,59,0.08,62,0.087,59,0.088,53,0.078,60,0.084,52,0.073,58,0.08,53,0.071,55,0.072,52,0.064,71,0.085,62,0.084,43,0.064,41,0.065,28,0.052,23,0.055,23,0.056,9,0.045,5,0.039,4,0.036,6,0.036,12,0.038,39,0.079,55,0.084,56,0.074,56,0.076,48,0.071,52,0.077,56,0.079,46,0.065,59,0.083,51,0.07,40,0.053,64,0.075,73,0.081,49,0.063,76,0.102,61,0.086,48,0.077,27,0.056,34,0.074,18,0.079,8,0.055,2,0.016,3,0.016,18,0.055,28,0.054,55,0.081,79,0.1,70,0.092,48,0.068,46,0.064,42,0.056,54,0.072,51,0.069,37,0.05,52,0.067,65,0.075,74,0.08,74,0.088,40,0.051,53,0.067,67,0.102,24,0.047
Region 11,Region 11,508,0.601,373,0.629,286,0.616,223,0.628,142,0.498,127,0.512,310,1.019,397,1.091,385,0.849,578,1.01,773,1.13,889,1.147,1111,1.335,1139,1.344,1185,1.384,1179,1.399,1112,1.301,1232,1.384,1394,1.534,1219,1.447,1144,1.409,985,1.271,692,1.049,408,0.793,289,0.634,122,0.503,95,0.602,54,0.397,79,0.406,170,0.527,406,0.83,762,1.221,1111,1.509,1274,1.79,1276,1.905,1290,1.906,1529,2.147,1437,2.014,1367,1.89,1301,1.734,1225,1.602,1270,1.557,1431,1.705,1332,1.802,1134,1.676,864,1.36,632,1.175,417,1.006,297,0.718,136,0.673,76,0.588,63,0.56,71,0.421,148,0.466,441,0.89,826,1.256,1164,1.538,1327,1.809,1330,1.963,1376,2.025,1594,2.241,1596,2.243,1471,2.074,1373,1.891,1270,1.686,1329,1.559,1366,1.519,1312,1.685,1194,1.61,967,1.358,685,1.093,442,0.915,326,0.711,162,0.707,107,0.737,73,0.589,94,0.509,181,0.557,420,0.814,823,1.212,1193,1.516,1260,1.656,1299,1.828,1541,2.148,1712,2.292,1584,2.127,1505,2.035,1402,1.886,1249,1.607,1347,1.551,1543,1.662,1383,1.642,1256,1.594,1109,1.41,715,1.087,469,0.916
Region 11,Region 12,17,0.02,15,0.025,17,0.037,10,0.028,8,0.028,9,0.036,4,0.013,7,0.019,12,0.026,13,0.023,21,0.031,18,0.023,23,0.028,17,0.02,27,0.032,29,0.034,20,0.023,23,0.026,27,0.03,21,0.025,23,0.028,17,0.022,22,0.033,9,0.017,13,0.029,14,0.058,0,0,4,0.029,2,0.01,7,0.022,7,0.014,9,0.014,16,0.022,18,0.025,26,0.039,18,0.027,15,0.021,23,0.032,29,0.04,55,0.073,41,0.054,39,0.048,35,0.042,28,0.038,17,0.025,16,0.025,11,0.02,15,0.036,16,0.039,10,0.049,0,0,2,0.018,4,0.024,3,0.009,4,0.008,14,0.021,20,0.026,19,0.026,18,0.027,24,0.035,31,0.044,23,0.032,36,0.051,38,0.052,44,0.058,55,0.064,25,0.028,29,0.037,14,0.019,15,0.021,22,0.035,13,0.027,10,0.022,8,0.035,6,0.041,4,0.032,0,0,4,0.012,10,0.019,11,0.016,16,0.02,24,0.032,20,0.028,27,0.038,19,0.025,26,0.035,24,0.032,40,0.054,39,0.05,31,0.036,37,0.04,23,0.027,24,0.03,23,0.029,27,0.041,15,0.029
Region 11,Region 13,0,0,0,0,0,0,0,0,0,0,0,0,0,0,0,0,0,0,0,0,0,0,0,0,0,0,0,0,0,0,0,0,0,0,0,0,0,0,0,0,0,0,0,0,0,0,0,0,0,0,0,0,0,0,0,0,0,0,0,0,0,0,0,0,0,0,0,0,0,0,0,0,0,0,0,0,0,0,0,0,0,0,0,0,0,0,0,0,0,0,0,0,0,0,0,0,0,0,0,0,0,0,0,0,0,0,0,0,0,0,0,0,0,0,0,0,0,0,0,0,0,0,0,0,0,0,0,0,0,0,0,0,0,0,0,0,0,0,0,0,0,0,0,0,0,0,0,0,0,0,0,0,0,0,0,0,0,0,0,0,0,0,0,0,0,0,0,0,0,0,0,0,0,0,0,0,0,0,0,0,0,0,0,0,0,0,0,0,0,0,0,0
Region 11,Region 14,101,0.119,70,0.118,67,0.144,54,0.152,24,0.084,21,0.085,42,0.138,51,0.14,51,0.113,77,0.135,92,0.135,107,0.138,132,0.159,135,0.159,169,0.197,175,0.208,139,0.163,148,0.166,125,0.138,141,0.167,142,0.175,131,0.169,88,0.133,65,0.126,58,0.127,30,0.124,18,0.114,11,0.081,10,0.051,28,0.087,40,0.082,65,0.104,115,0.156,128,0.18,122,0.182,131,0.194,170,0.239,144,0.202,142,0.196,159,0.212,158,0.207,153,0.188,168,0.2,130,0.176,115,0.17,109,0.172,82,0.152,68,0.164,60,0.145,22,0.109,13,0.101,8,0.071,7,0.042,12,0.038,46,0.093,74,0.112,104,0.137,126,0.172,113,0.167,129,0.19,141,0.198,149,0.209,141,0.199,147,0.202,144,0.191,159,0.186,152,0.169,126,0.162,98,0.132,112,0.157,101,0.161,62,0.128,74,0.161,30,0.131,15,0.103,14,0.113,14,0.076,29,0.089,41,0.079,75,0.11,107,0.136,142,0.187,128,0.18,126,0.176,162,0.217,145,0.195,166,0.224,168,0.226,159,0.205,186,0.214,170,0.183,131,0.156,126,0.16,150,0.191,109,0.166,74,0.145
Region 11,Region 15,286,0.338,183,0.309,156,0.336,114,0.321,90,0.316,88,0.355,190,0.625,179,0.492,151,0.333,223,0.39,305,0.446,334,0.431,354,0.425,366,0.432,375,0.438,377,0.447,352,0.412,327,0.367,396,0.436,320,0.38,347,0.427,304,0.392,280,0.425,220,0.428,170,0.373,100,0.412,60,0.38,41,0.301,40,0.206,75,0.233,164,0.335,296,0.474,334,0.454,331,0.465,295,0.44,332,0.49,335,0.47,388,0.544,410,0.567,462,0.616,478,0.625,509,0.624,448,0.534,370,0.501,312,0.461,293,0.461,280,0.521,225,0.543,183,0.443,108,0.534,56,0.434,52,0.462,37,0.22,74,0.233,183,0.369,339,0.515,333,0.44,312,0.425,331,0.488,368,0.542,346,0.486,412,0.579,409,0.577,444,0.611,480,0.637,476,0.558,482,0.536,342,0.439,327,0.441,310,0.435,260,0.415,253,0.524,212,0.462,111,0.484,100,0.688,37,0.298,44,0.238,96,0.295,182,0.353,322,0.474,372,0.473,314,0.413,309,0.435,362,0.505,368,0.493,379,0.509,417,0.564,480,0.646,507,0.652,519,0.598,535,0.576,411,0.488,405,0.514,327,0.416,294,0.447,258,0.504
Region 11,Region 16,75,0.089,44,0.074,25,0.054,12,0.034,6,0.021,17,0.069,28,0.092,24,0.066,40,0.088,76,0.133,106,0.155,117,0.151,157,0.189,166,0.196,143,0.167,125,0.148,125,0.146,136,0.153,115,0.127,112,0.133,91,0.112,80,0.103,55,0.083,38,0.074,20,0.044,12,0.049,4,0.025,4,0.029,7,0.036,18,0.056,42,0.086,52,0.083,129,0.175,123,0.173,132,0.197,117,0.173,153,0.215,152,0.213,127,0.176,132,0.176,149,0.195,159,0.195,169,0.201,147,0.199,109,0.161,76,0.12,68,0.126,46,0.111,44,0.106,18,0.089,13,0.101,10,0.089,7,0.042,27,0.085,27,0.054,76,0.116,114,0.151,131,0.179,138,0.204,111,0.163,169,0.238,130,0.183,155,0.219,146,0.201,151,0.2,147,0.172,134,0.149,127,0.163,96,0.129,94,0.132,71,0.113,47,0.097,43,0.094,17,0.074,18,0.124,9,0.073,7,0.038,21,0.065,37,0.072,74,0.109,101,0.128,142,0.187,145,0.204,134,0.187,156,0.209,143,0.192,131,0.177,156,0.21,151,0.194,170,0.196,159,0.171,153,0.182,147,0.187,122,0.155,86,0.131,52,0.102
Region 12,Region 0,75,0.089,44,0.074,26,0.056,24,0.068,16,0.056,16,0.065,17,0.056,31,0.085,48,0.106,51,0.089,69,0.101,60,0.077,78,0.094,82,0.097,87,0.102,87,0.103,91,0.106,85,0.095,94,0.103,75,0.089,68,0.084,64,0.083,63,0.096,55,0.107,48,0.105,17,0.07,4,0.025,13,0.095,8,0.041,18,0.056,22,0.045,47,0.075,84,0.114,59,0.083,63,0.094,67,0.099,56,0.079,74,0.104,94,0.13,139,0.185,196,0.256,206,0.252,137,0.163,65,0.088,60,0.089,47,0.074,42,0.078,35,0.084,52,0.126,25,0.124,13,0.101,12,0.107,9,0.053,16,0.05,39,0.079,74,0.112,98,0.13,57,0.078,58,0.086,54,0.079,58,0.082,83,0.117,113,0.159,135,0.186,190,0.252,207,0.243,143,0.159,102,0.131,75,0.101,64,0.09,82,0.131,43,0.089,45,0.098,26,0.113,13,0.09,9,0.073,10,0.054,24,0.074,38,0.074,87,0.128,76,0.097,60,0.079,78,0.11,57,0.079,68,0.091,81,0.109,78,0.105,141,0.19,165,0.212,198,0.228,168,0.181,133,0.158,79,0.1,101,0.128,76,0.116,59,0.115
Region 12,Region 1,53,0.063,36,0.061,28,0.06,22,0.062,16,0.056,22,0.089,27,0.089,25,0.069,32,0.071,21,0.037,38,0.056,51,0.066,36,0.043,40,0.047,35,0.041,43,0.051,34,0.04,39,0.044,50,0.055,31,0.037,33,0.041,37,0.048,41,0.062,31,0.06,47,0.103,32,0.132,16,0.101,13,0.095,16,0.082,22,0.068,39,0.08,50,0.08,56,0.076,54,0.076,51,0.076,39,0.058,33,0.046,35,0.049,38,0.053,43,0.057,34,0.044,39,0.048,52,0.062,18,0.024,27,0.04,24,0.038,33,0.061,19,0.046,29,0.07,24,0.119,10,0.077,3,0.027,20,0.119,24,0.076,49,0.099,68,0.103,61,0.081,47,0.064,42,0.062,29,0.043,34,0.048,26,0.037,27,0.038,28,0.039,34,0.045,50,0.059,60,0.067,29,0.037,19,0.026,39,0.055,30,0.048,29,0.06,45,0.098,25,0.109,17,0.117,9,0.073,18,0.097,22,0.068,35,0.068,63,0.093,68,0.086,65,0.085,42,0.059,45,0.063,28,0.037,36,0.048,47,0.064,44,0.059,36,0.046,41,0.047,54,0.058,45,0.053,21,0.027,37,0.047,35,0.053,35,0.068
Region 12,Region 2,62,0.073,43,0.073,45,0.097,44,0.124,47,0.165,59,0.238,49,0.161,62,0.17,45,0.099,43,0.075,64,0.094,54,0.07,62,0.074,59,0.07,58,0.068,60,0.071,61,0.071,68,0.076,57,0.063,47,0.056,45,0.055,45,0.058,49,0.074,54,0.105,44,0.097,19,0.078,14,0.089,21,0.154,41,0.211,50,0.155,54,0.11,49,0.078,45,0.061,56,0.079,49,0.073,39,0.058,51,0.072,56,0.078,54,0.075,64,0.085,54,0.071,40,0.049,43,0.051,35,0.047,33,0.049,31,0.049,35,0.065,31,0.075,28,0.068,21,0.104,19,0.147,20,0.178,27,0.16,39,0.123,42,0.085,42,0.064,48,0.063,42,0.057,47,0.069,37,0.054,51,0.072,41,0.058,44,0.062,54,0.074,51,0.068,54,0.063,42,0.047,35,0.045,29,0.039,34,0.048,36,0.057,34,0.07,26,0.057,19,0.083,26,0.179,22,0.177,33,0.179,28,0.086,40,0.078,56,0.082,59,0.075,50,0.066,36,0.051,42,0.059,31,0.042,38,0.051,50,0.068,74,0.1,58,0.075,53,0.061,42,0.045,33,0.039,42,0.053,56,0.071,38,0.058,43,0.084
Region 12,Region 3,165,0.195,151,0.255,96,0.207,66,0.186,56,0.197,43,0.173,46,0.151,64,0.176,80,0.176,111,0.194,146,0.214,156,0.201,172,0.207,177,0.209,172,0.201,175,0.208,126,0.147,160,0.18,148,0.163,133,0.158,142,0.175,132,0.17,119,0.18,126,0.245,129,0.283,67,0.276,36,0.228,29,0.213,26,0.134,30,0.093,41,0.084,79,0.127,112,0.152,83,0.117,106,0.158,111,0.164,123,0.173,106,0.149,163,0.225,221,0.295,250,0.327,262,0.321,241,0.287,144,0.195,155,0.229,125,0.197,94,0.175,87,0.21,120,0.29,35,0.173,24,0.186,22,0.195,33,0.196,40,0.126,66,0.133,101,0.154,150,0.198,126,0.172,93,0.137,112,0.165,125,0.176,144,0.202,186,0.262,216,0.297,257,0.341,283,0.332,209,0.232,108,0.139,134,0.181,143,0.201,125,0.199,108,0.224,161,0.351,59,0.257,42,0.289,25,0.202,21,0.114,24,0.074,61,0.118,93,0.137,149,0.189,110,0.145,105,0.148,104,0.145,130,0.174,139,0.187,175,0.237,234,0.315,237,0.305,277,0.319,184,0.198,171,0.203,153,0.194,167,0.212,137,0.208,110,0.215
Region 12,Region 4,25,0.03,16,0.027,8,0.017,10,0.028,5,0.018,7,0.028,5,0.016,9,0.025,13,0.029,16,0.028,9,0.013,15,0.019,14,0.017,23,0.027,19,0.022,23,0.027,12,0.014,13,0.015,16,0.018,15,0.018,12,0.015,21,0.027,19,0.029,16,0.031,14,0.031,14,0.058,4,0.025,3,0.022,3,0.015,6,0.019,17,0.035,16,0.026,17,0.023,12,0.017,18,0.027,10,0.015,11,0.015,15,0.021,17,0.024,23,0.031,19,0.025,28,0.034,30,0.036,23,0.031,12,0.018,6,0.009,9,0.017,14,0.034,4,0.01,3,0.015,1,0.008,2,0.018,4,0.024,6,0.019,18,0.036,30,0.046,25,0.033,15,0.02,18,0.027,14,0.021,14,0.02,10,0.014,25,0.035,17,0.023,19,0.025,18,0.021,20,0.022,19,0.024,8,0.011,11,0.015,10,0.016,12,0.025,7,0.015,6,0.026,6,0.041,9,0.073,6,0.032,6,0.018,23,0.045,26,0.038,19,0.024,29,0.038,14,0.02,10,0.014,22,0.029,11,0.015,13,0.018,9,0.012,16,0.021,14,0.016,16,0.017,15,0.018,12,0.015,17,0.022,14,0.021,14,0.027
Region 12,Region 5,61,0.072,59,0.1,18,0.039,16,0.045,11,0.039,10,0.04,18,0.059,15,0.041,15,0.033,31,0.054,36,0.053,40,0.052,29,0.035,41,0.048,34,0.04,38,0.045,34,0.04,48,0.054,62,0.068,35,0.042,45,0.055,38,0.049,30,0.045,26,0.051,26,0.057,13,0.054,13,0.082,8,0.059,3,0.015,20,0.062,34,0.07,37,0.059,36,0.049,31,0.044,34,0.051,33,0.049,25,0.035,42,0.059,45,0.062,52,0.069,37,0.048,29,0.036,35,0.042,29,0.039,28,0.041,16,0.025,30,0.056,34,0.082,20,0.048,13,0.064,5,0.039,8,0.071,11,0.065,22,0.069,31,0.063,40,0.061,44,0.058,47,0.064,36,0.053,36,0.053,41,0.058,29,0.041,41,0.058,20,0.028,25,0.033,48,0.056,59,0.066,27,0.035,32,0.043,33,0.046,27,0.043,25,0.052,24,0.052,20,0.087,5,0.034,5,0.04,8,0.043,13,0.04,27,0.052,47,0.069,47,0.06,35,0.046,40,0.056,34,0.047,46,0.062,54,0.072,54,0.073,27,0.036,37,0.048,22,0.025,27,0.029,33,0.039,24,0.03,42,0.053,36,0.055,36,0.07
Region 12,Region 6,11,0.013,5,0.008,3,0.006,6,0.017,6,0.021,3,0.012,4,0.013,5,0.014,2,0.004,10,0.017,7,0.01,9,0.012,7,0.008,13,0.015,4,0.005,2,0.002,5,0.006,7,0.008,7,0.008,5,0.006,5,0.006,4,0.005,6,0.009,5,0.01,5,0.011,6,0.025,3,0.019,0,0,4,0.021,4,0.012,0,0,4,0.006,4,0.005,5,0.007,1,0.001,5,0.007,3,0.004,2,0.003,2,0.003,2,0.003,5,0.007,14,0.017,6,0.007,1,0.001,6,0.009,5,0.008,9,0.017,5,0.012,5,0.012,3,0.015,1,0.008,3,0.027,1,0.006,5,0.016,4,0.008,7,0.011,10,0.013,4,0.005,4,0.006,2,0.003,7,0.01,6,0.008,2,0.003,2,0.003,4,0.005,5,0.006,8,0.009,3,0.004,5,0.007,7,0.01,4,0.006,4,0.008,1,0.002,4,0.017,5,0.034,1,0.008,2,0.011,3,0.009,4,0.008,6,0.009,8,0.01,5,0.007,2,0.003,9,0.013,5,0.007,2,0.003,3,0.004,2,0.003,6,0.008,6,0.007,3,0.003,8,0.009,5,0.006,3,0.004,8,0.012,6,0.012
Region 12,Region 7,28,0.033,18,0.03,12,0.026,11,0.031,10,0.035,1,0.004,14,0.046,18,0.049,13,0.029,16,0.028,18,0.026,45,0.058,25,0.03,23,0.027,19,0.022,18,0.021,18,0.021,16,0.018,17,0.019,14,0.017,15,0.018,19,0.025,19,0.029,17,0.033,15,0.033,11,0.045,1,0.006,3,0.022,6,0.031,10,0.031,24,0.049,19,0.03,24,0.033,22,0.031,25,0.037,21,0.031,15,0.021,17,0.024,19,0.026,14,0.019,15,0.02,25,0.031,16,0.019,12,0.016,11,0.016,11,0.017,15,0.028,8,0.019,9,0.022,6,0.03,7,0.054,4,0.036,6,0.036,20,0.063,17,0.034,26,0.04,35,0.046,22,0.03,18,0.027,22,0.032,16,0.022,14,0.02,20,0.028,23,0.032,12,0.016,19,0.022,25,0.028,17,0.022,11,0.015,16,0.022,15,0.024,18,0.037,9,0.02,10,0.044,5,0.034,4,0.032,5,0.027,16,0.049,21,0.041,30,0.044,31,0.039,21,0.028,18,0.025,18,0.025,15,0.02,23,0.031,22,0.03,19,0.026,29,0.037,15,0.017,19,0.02,21,0.025,18,0.023,28,0.036,19,0.029,20,0.039
Region 12,Region 8,10,0.012,5,0.008,3,0.006,1,0.003,0,0,1,0.004,2,0.007,4,0.011,3,0.007,2,0.003,5,0.007,5,0.006,7,0.008,8,0.009,12,0.014,6,0.007,9,0.011,13,0.015,18,0.02,14,0.017,3,0.004,4,0.005,8,0.012,5,0.01,6,0.013,3,0.012,1,0.006,1,0.007,3,0.015,1,0.003,5,0.01,6,0.01,6,0.008,6,0.008,9,0.013,3,0.004,6,0.008,5,0.007,8,0.011,1,0.001,11,0.014,10,0.012,3,0.004,6,0.008,6,0.009,2,0.003,3,0.006,0,0,4,0.01,2,0.01,0,0,0,0,0,0,9,0.028,6,0.012,4,0.006,8,0.011,10,0.014,12,0.018,11,0.016,5,0.007,9,0.013,9,0.013,5,0.007,7,0.009,14,0.016,15,0.017,7,0.009,4,0.005,3,0.004,4,0.006,1,0.002,4,0.009,2,0.009,1,0.007,3,0.024,2,0.011,2,0.006,5,0.01,9,0.013,10,0.013,13,0.017,9,0.013,5,0.007,4,0.005,8,0.011,6,0.008,9,0.012,8,0.01,7,0.008,8,0.009,5,0.006,6,0.008,1,0.001,6,0.009,5,0.01
Region 12,Region 9,171,0.202,117,0.197,99,0.213,64,0.18,51,0.179,32,0.129,30,0.099,44,0.121,64,0.141,80,0.14,97,0.142,95,0.123,117,0.141,122,0.144,151,0.176,161,0.191,189,0.221,191,0.215,206,0.227,169,0.201,163,0.201,174,0.225,121,0.183,125,0.243,110,0.241,54,0.223,37,0.234,29,0.213,22,0.113,33,0.102,47,0.096,98,0.157,129,0.175,104,0.146,124,0.185,117,0.173,157,0.22,133,0.186,157,0.217,196,0.261,202,0.264,185,0.227,189,0.225,156,0.211,167,0.247,145,0.228,106,0.197,99,0.239,100,0.242,43,0.213,35,0.271,22,0.195,22,0.131,31,0.098,53,0.107,88,0.134,113,0.149,134,0.183,134,0.198,119,0.175,134,0.188,163,0.229,162,0.228,164,0.226,219,0.291,183,0.215,174,0.193,148,0.19,149,0.201,168,0.236,96,0.153,92,0.191,107,0.233,58,0.253,46,0.317,26,0.21,27,0.146,28,0.086,57,0.11,91,0.134,124,0.158,148,0.195,130,0.183,119,0.166,158,0.212,166,0.223,172,0.233,196,0.264,190,0.244,184,0.212,230,0.248,207,0.246,191,0.242,149,0.189,126,0.192,116,0.227
Region 12,Region 10,20,0.024,11,0.019,10,0.022,8,0.023,10,0.035,8,0.032,6,0.02,14,0.038,10,0.022,10,0.017,15,0.022,19,0.025,19,0.023,17,0.02,13,0.015,10,0.012,13,0.015,10,0.011,15,0.017,11,0.013,12,0.015,7,0.009,11,0.017,13,0.025,12,0.026,8,0.033,2,0.013,1,0.007,2,0.01,5,0.016,19,0.039,29,0.046,29,0.039,17,0.024,22,0.033,13,0.019,12,0.017,12,0.017,12,0.017,13,0.017,16,0.021,15,0.018,9,0.011,10,0.014,12,0.018,8,0.013,5,0.009,0,0,8,0.019,7,0.035,3,0.023,0,0,3,0.018,9,0.028,22,0.044,36,0.055,47,0.062,24,0.033,19,0.028,17,0.025,5,0.007,14,0.02,3,0.004,20,0.028,15,0.02,16,0.019,16,0.018,7,0.009,13,0.018,7,0.01,11,0.018,6,0.012,7,0.015,3,0.013,5,0.034,3,0.024,4,0.022,8,0.025,13,0.025,23,0.034,34,0.043,29,0.038,23,0.032,15,0.021,17,0.023,14,0.019,17,0.023,10,0.013,23,0.03,19,0.022,13,0.014,12,0.014,9,0.011,12,0.015,7,0.011,10,0.02
Region 12,Region 11,5,0.006,2,0.003,7,0.015,2,0.006,2,0.007,5,0.02,9,0.03,12,0.033,18,0.04,18,0.031,14,0.02,34,0.044,29,0.035,25,0.03,23,0.027,29,0.034,17,0.02,25,0.028,32,0.035,24,0.028,17,0.021,9,0.012,12,0.018,6,0.012,5,0.011,2,0.008,3,0.019,2,0.015,2,0.01,2,0.006,19,0.039,47,0.075,50,0.068,38,0.053,23,0.034,19,0.028,30,0.042,15,0.021,28,0.039,23,0.031,35,0.046,22,0.027,29,0.035,23,0.031,15,0.022,12,0.019,11,0.02,9,0.022,6,0.015,2,0.01,4,0.031,1,0.009,2,0.012,4,0.013,25,0.05,49,0.074,57,0.075,46,0.063,27,0.04,14,0.021,26,0.037,23,0.032,27,0.038,25,0.034,32,0.042,29,0.034,23,0.026,13,0.017,11,0.015,16,0.022,12,0.019,9,0.019,7,0.015,3,0.013,2,0.014,0,0,3,0.016,10,0.031,22,0.043,43,0.063,46,0.058,39,0.051,25,0.035,19,0.026,30,0.04,22,0.03,28,0.038,19,0.026,26,0.033,39,0.045,31,0.033,15,0.018,20,0.025,17,0.022,8,0.012,8,0.016
Region 12,Region 12,517,0.611,371,0.626,291,0.627,227,0.639,168,0.59,139,0.561,130,0.427,175,0.481,266,0.587,308,0.538,391,0.572,460,0.593,525,0.631,577,0.681,718,0.839,628,0.745,670,0.784,735,0.826,678,0.746,601,0.713,572,0.704,551,0.711,406,0.616,357,0.694,308,0.676,179,0.738,143,0.906,91,0.668,95,0.489,98,0.304,206,0.421,385,0.617,554,0.753,522,0.733,486,0.725,530,0.783,537,0.754,552,0.774,527,0.729,592,0.789,657,0.859,630,0.772,550,0.655,549,0.743,443,0.655,439,0.691,315,0.586,250,0.603,277,0.67,146,0.722,91,0.705,75,0.666,70,0.415,90,0.283,192,0.387,367,0.558,514,0.679,544,0.742,450,0.664,458,0.674,492,0.692,559,0.786,561,0.791,610,0.84,610,0.81,660,0.774,601,0.668,523,0.672,527,0.711,463,0.65,391,0.624,331,0.686,329,0.717,159,0.693,136,0.936,79,0.637,66,0.357,124,0.381,215,0.417,411,0.605,540,0.686,511,0.672,458,0.645,476,0.663,506,0.677,570,0.765,613,0.829,647,0.87,661,0.85,719,0.828,726,0.782,660,0.784,584,0.741,531,0.675,410,0.624,357,0.697
Region 12,Region 13,0,0,0,0,0,0,0,0,0,0,0,0,0,0,0,0,0,0,0,0,0,0,0,0,0,0,0,0,0,0,0,0,0,0,0,0,0,0,0,0,0,0,0,0,0,0,0,0,0,0,0,0,0,0,0,0,0,0,0,0,0,0,0,0,0,0,0,0,0,0,0,0,0,0,0,0,0,0,0,0,0,0,0,0,0,0,0,0,0,0,0,0,0,0,0,0,0,0,0,0,0,0,0,0,0,0,0,0,0,0,0,0,0,0,0,0,0,0,0,0,0,0,0,0,0,0,0,0,0,0,0,0,0,0,0,0,0,0,0,0,0,0,0,0,0,0,0,0,0,0,0,0,0,0,0,0,0,0,0,0,0,0,0,0,0,0,0,0,0,0,0,0,0,0,0,0,0,0,0,0,0,0,0,0,0,0,0,0,0,0,0,0
Region 12,Region 14,49,0.058,49,0.083,45,0.097,34,0.096,26,0.091,26,0.105,33,0.108,49,0.135,49,0.108,68,0.119,79,0.116,106,0.137,117,0.141,105,0.124,123,0.144,114,0.135,110,0.129,124,0.139,116,0.128,95,0.113,105,0.129,91,0.117,62,0.094,35,0.068,43,0.094,30,0.124,11,0.07,17,0.125,15,0.077,26,0.081,34,0.07,82,0.131,129,0.175,118,0.166,119,0.178,100,0.148,102,0.143,116,0.163,106,0.147,106,0.141,117,0.153,118,0.145,118,0.141,95,0.129,88,0.13,66,0.104,60,0.112,51,0.123,49,0.119,28,0.138,30,0.232,11,0.098,12,0.071,21,0.066,37,0.075,95,0.144,128,0.169,127,0.173,116,0.171,100,0.147,98,0.138,101,0.142,93,0.131,86,0.118,100,0.133,113,0.133,132,0.147,115,0.148,101,0.136,80,0.112,52,0.083,54,0.112,49,0.107,20,0.087,21,0.145,14,0.113,8,0.043,18,0.055,55,0.107,91,0.134,159,0.202,130,0.171,99,0.139,98,0.137,111,0.149,109,0.146,110,0.149,114,0.153,90,0.116,121,0.139,163,0.176,121,0.144,119,0.151,80,0.102,55,0.084,68,0.133
Region 12,Region 15,196,0.232,140,0.236,86,0.185,71,0.2,46,0.161,40,0.161,39,0.128,54,0.148,65,0.143,143,0.25,157,0.23,169,0.218,188,0.226,204,0.241,181,0.211,177,0.21,205,0.24,205,0.23,221,0.243,176,0.209,218,0.268,170,0.219,151,0.229,134,0.261,115,0.252,67,0.276,38,0.241,29,0.213,23,0.118,36,0.112,94,0.192,157,0.251,214,0.291,180,0.253,145,0.216,161,0.238,211,0.296,167,0.234,153,0.212,195,0.26,188,0.246,209,0.256,193,0.23,165,0.223,158,0.234,139,0.219,111,0.206,89,0.215,94,0.227,45,0.223,34,0.263,22,0.195,28,0.166,29,0.091,75,0.151,192,0.292,223,0.295,187,0.255,147,0.217,145,0.213,187,0.263,152,0.214,163,0.23,188,0.259,180,0.239,188,0.22,210,0.233,162,0.208,162,0.218,120,0.169,99,0.158,96,0.199,102,0.222,59,0.257,33,0.227,20,0.161,18,0.097,32,0.098,77,0.149,184,0.271,188,0.239,200,0.263,163,0.229,166,0.231,212,0.284,187,0.251,206,0.278,206,0.277,210,0.27,230,0.265,218,0.235,207,0.246,175,0.222,156,0.198,128,0.195,101,0.197
Region 12,Region 16,35,0.041,20,0.034,34,0.073,28,0.079,18,0.063,21,0.085,19,0.062,34,0.093,40,0.088,53,0.093,52,0.076,75,0.097,62,0.074,73,0.086,58,0.068,80,0.095,96,0.112,66,0.074,75,0.083,57,0.068,38,0.047,36,0.046,39,0.059,22,0.043,18,0.04,19,0.078,10,0.063,5,0.037,14,0.072,18,0.056,30,0.061,39,0.062,61,0.083,63,0.089,76,0.113,54,0.08,50,0.07,33,0.046,43,0.059,42,0.056,48,0.063,66,0.081,36,0.043,63,0.085,37,0.055,29,0.046,30,0.056,22,0.053,20,0.048,18,0.089,11,0.085,9,0.08,9,0.053,16,0.05,29,0.059,72,0.109,80,0.106,71,0.097,70,0.103,47,0.069,48,0.067,51,0.072,54,0.076,41,0.056,47,0.062,60,0.07,57,0.063,34,0.044,36,0.049,44,0.062,35,0.056,30,0.062,25,0.054,11,0.048,7,0.048,8,0.065,11,0.06,14,0.043,27,0.052,69,0.102,60,0.076,61,0.08,60,0.084,53,0.074,66,0.088,62,0.083,58,0.078,49,0.066,64,0.082,66,0.076,58,0.062,55,0.065,49,0.062,58,0.074,34,0.052,40,0.078
Region 13,Region 0,0,0,0,0,0,0,0,0,0,0,0,0,0,0,0,0,2,0.004,2,0.003,2,0.003,0,0,0,0,0,0,0,0,0,0,0,0,0,0,0,0,0,0,0,0,0,0,0,0,0,0,0,0,0,0,0,0,0,0,0,0,0,0,0,0,0,0,0,0,0,0,0,0,0,0,0,0,0,0,0,0,0,0,0,0,0,0,0,0,0,0,0,0,0,0,0,0,0,0,0,0,0,0,0,0,0,0,0,0,0,0,0,0,0,0,0,0,0,0,0,0,0,0,0,0,0,0,0,0,0,0,0,0,0,0,0,0,0,0,0,0,0,0,0,0,0,0,0,0,0,0,0,0,0,0,0,0,0,0,0,0,0,0,0,0,0,0,0,0,0,0,0,0,0,0,0,0,0,0,0,0,0,0,0,0,0,0,0,0,0,0,0,0,0,0
Region 13,Region 1,0,0,0,0,0,0,0,0,0,0,0,0,0,0,1,0.003,1,0.002,0,0,0,0,1,0.001,1,0.001,1,0.001,0,0,0,0,0,0,1,0.001,2,0.002,1,0.001,0,0,0,0,0,0,0,0,0,0,0,0,0,0,0,0,0,0,0,0,0,0,0,0,0,0,0,0,0,0,0,0,0,0,0,0,0,0,0,0,0,0,0,0,0,0,0,0,0,0,0,0,0,0,0,0,0,0,0,0,0,0,0,0,0,0,0,0,0,0,0,0,0,0,0,0,0,0,0,0,0,0,0,0,0,0,0,0,0,0,0,0,0,0,0,0,0,0,0,0,0,0,0,0,0,0,0,0,0,0,0,0,0,0,0,0,0,0,0,0,0,0,0,0,0,0,0,0,0,0,0,0,0,0,0,0,0,0,0,0,0,0,0,0,0,0,0,0,0,0,0,0
Region 13,Region 2,0,0,0,0,0,0,0,0,0,0,0,0,0,0,0,0,3,0.007,0,0,5,0.007,2,0.003,0,0,0,0,0,0,0,0,0,0,0,0,0,0,0,0,0,0,0,0,0,0,0,0,0,0,0,0,0,0,0,0,0,0,0,0,0,0,0,0,0,0,0,0,0,0,0,0,0,0,0,0,0,0,0,0,0,0,0,0,0,0,0,0,0,0,0,0,0,0,0,0,0,0,0,0,0,0,0,0,0,0,0,0,0,0,0,0,0,0,0,0,0,0,0,0,0,0,0,0,0,0,0,0,0,0,0,0,0,0,0,0,0,0,0,0,0,0,0,0,0,0,0,0,0,0,0,0,0,0,0,0,0,0,0,0,0,0,0,0,0,0,0,0,0,0,0,0,0,0,0,0,0,0,0,0,0,0,0,0,0,0,0,0,0,0,0,0
Region 13,Region 3,0,0,0,0,0,0,0,0,0,0,0,0,0,0,1,0.003,0,0,2,0.003,2,0.003,1,0.001,0,0,0,0,0,0,0,0,0,0,0,0,0,0,0,0,0,0,0,0,0,0,0,0,0,0,0,0,0,0,0,0,0,0,0,0,0,0,0,0,0,0,0,0,0,0,0,0,0,0,0,0,0,0,0,0,0,0,1,0.001,1,0.001,0,0,0,0,0,0,0,0,0,0,0,0,0,0,0,0,0,0,0,0,0,0,0,0,0,0,0,0,0,0,0,0,0,0,0,0,0,0,0,0,0,0,0,0,0,0,0,0,0,0,0,0,0,0,0,0,0,0,0,0,0,0,0,0,0,0,0,0,1,0.003,0,0,0,0,0,0,0,0,0,0,0,0,0,0,0,0,0,0,0,0,0,0,0,0,0,0,0,0,0,0,0,0,0,0,0,0
Region 13,Region 4,0,0,0,0,0,0,0,0,1,0.004,1,0.004,1,0.003,0,0,0,0,1,0.002,1,0.001,2,0.003,2,0.002,0,0,0,0,0,0,0,0,0,0,1,0.001,0,0,0,0,0,0,0,0,0,0,0,0,0,0,0,0,0,0,0,0,0,0,0,0,0,0,0,0,0,0,0,0,0,0,0,0,0,0,0,0,0,0,0,0,0,0,0,0,0,0,0,0,0,0,0,0,0,0,0,0,0,0,0,0,0,0,0,0,0,0,0,0,0,0,0,0,0,0,0,0,0,0,0,0,0,0,0,0,0,0,0,0,0,0,0,0,0,0,0,0,0,0,0,0,0,0,0,0,0,0,0,0,0,0,0,0,0,0,0,0,0,0,0,0,0,0,0,0,0,0,0,0,0,0,0,0,0,0,0,0,0,0,0,0,0,0,0,0,0,0,0,0,0,0
Region 13,Region 5,0,0,0,0,0,0,0,0,0,0,0,0,0,0,1,0.003,2,0.004,4,0.007,1,0.001,1,0.001,0,0,0,0,0,0,0,0,0,0,0,0,0,0,0,0,0,0,0,0,0,0,0,0,0,0,0,0,0,0,0,0,0,0,0,0,0,0,0,0,0,0,0,0,0,0,0,0,0,0,0,0,0,0,0,0,0,0,0,0,0,0,0,0,0,0,0,0,0,0,0,0,0,0,0,0,0,0,0,0,0,0,0,0,0,0,0,0,0,0,0,0,0,0,0,0,0,0,1,0.001,0,0,0,0,0,0,0,0,0,0,0,0,0,0,0,0,0,0,0,0,0,0,0,0,0,0,0,0,0,0,0,0,0,0,0,0,0,0,0,0,0,0,0,0,0,0,0,0,0,0,0,0,0,0,0,0,0,0,0,0,0,0,0,0,0,0,0,0
Region 13,Region 6,1,0.001,0,0,0,0,0,0,0,0,0,0,0,0,0,0,0,0,0,0,1,0.001,1,0.001,0,0,0,0,0,0,0,0,0,0,1,0.001,0,0,1,0.001,2,0.002,2,0.003,0,0,0,0,0,0,0,0,0,0,0,0,0,0,0,0,0,0,0,0,0,0,0,0,0,0,0,0,0,0,0,0,0,0,0,0,0,0,0,0,0,0,0,0,0,0,0,0,0,0,0,0,0,0,0,0,0,0,0,0,0,0,0,0,0,0,0,0,0,0,0,0,0,0,0,0,0,0,0,0,0,0,0,0,0,0,0,0,0,0,0,0,0,0,0,0,0,0,0,0,0,0,0,0,0,0,0,0,0,0,0,0,0,0,0,0,0,0,0,0,0,0,0,0,0,0,0,0,0,0,0,0,0,0,0,0,0,0,0,0,0,0,0,0,0,0,0,0
Region 13,Region 7,1,0.001,0,0,0,0,0,0,0,0,0,0,0,0,1,0.003,0,0,1,0.002,0,0,1,0.001,0,0,0,0,0,0,0,0,0,0,0,0,0,0,0,0,0,0,0,0,0,0,0,0,0,0,0,0,0,0,0,0,0,0,0,0,0,0,0,0,0,0,0,0,0,0,0,0,0,0,0,0,0,0,0,0,0,0,0,0,0,0,0,0,0,0,0,0,0,0,0,0,0,0,0,0,0,0,0,0,0,0,0,0,0,0,0,0,0,0,0,0,0,0,0,0,0,0,0,0,0,0,0,0,0,0,0,0,0,0,0,0,0,0,0,0,0,0,0,0,0,0,0,0,0,0,0,0,0,0,0,0,0,0,0,0,0,0,0,0,0,0,1,0.001,1,0.001,0,0,0,0,0,0,0,0,1,0.001,1,0.001,1,0.001,0,0,0,0,0,0,0,0
Region 13,Region 8,0,0,0,0,0,0,0,0,0,0,0,0,0,0,0,0,1,0.002,0,0,0,0,0,0,1,0.001,0,0,0,0,0,0,0,0,0,0,0,0,0,0,0,0,0,0,0,0,0,0,0,0,0,0,0,0,0,0,0,0,0,0,0,0,0,0,0,0,0,0,0,0,0,0,0,0,0,0,0,0,0,0,0,0,0,0,0,0,0,0,0,0,0,0,0,0,0,0,0,0,0,0,0,0,0,0,0,0,0,0,0,0,0,0,0,0,0,0,0,0,0,0,0,0,0,0,0,0,0,0,0,0,0,0,0,0,0,0,0,0,0,0,0,0,0,0,0,0,0,0,0,0,0,0,0,0,0,0,0,0,0,0,0,0,0,0,0,0,0,0,0,0,0,0,0,0,0,0,0,0,0,0,0,0,0,0,0,0,0,0,0,0,0,0
Region 13,Region 9,0,0,0,0,0,0,0,0,0,0,0,0,0,0,0,0,0,0,0,0,1,0.001,0,0,0,0,0,0,0,0,0,0,0,0,0,0,0,0,0,0,0,0,0,0,0,0,0,0,0,0,0,0,0,0,0,0,0,0,0,0,0,0,0,0,0,0,0,0,0,0,0,0,0,0,0,0,0,0,0,0,0,0,0,0,0,0,0,0,0,0,0,0,0,0,0,0,0,0,0,0,0,0,0,0,0,0,0,0,0,0,0,0,0,0,0,0,0,0,0,0,0,0,0,0,0,0,0,0,0,0,0,0,0,0,0,0,0,0,0,0,0,0,0,0,0,0,0,0,0,0,0,0,0,0,0,0,0,0,0,0,0,0,0,0,0,0,0,0,0,0,0,0,0,0,0,0,0,0,0,0,0,0,0,0,0,0,0,0,0,0,0,0
Region 13,Region 10,0,0,0,0,0,0,0,0,0,0,0,0,0,0,1,0.003,1,0.002,1,0.002,2,0.003,2,0.003,2,0.002,4,0.005,0,0,0,0,0,0,0,0,0,0,0,0,0,0,0,0,0,0,0,0,0,0,0,0,0,0,0,0,0,0,0,0,0,0,0,0,0,0,0,0,0,0,0,0,1,0.001,0,0,0,0,0,0,0,0,0,0,0,0,0,0,0,0,0,0,0,0,0,0,0,0,0,0,0,0,0,0,0,0,0,0,0,0,0,0,0,0,0,0,0,0,0,0,0,0,0,0,0,0,0,0,0,0,0,0,0,0,0,0,0,0,0,0,0,0,0,0,0,0,0,0,0,0,0,0,0,0,0,0,0,0,0,0,0,0,0,0,0,0,0,0,0,0,0,0,0,0,0,0,0,0,0,0,0,0,0,0,0,0,1,0.001,0,0,0,0
Region 13,Region 11,1,0.001,0,0,0,0,0,0,0,0,0,0,0,0,0,0,0,0,0,0,0,0,0,0,0,0,0,0,1,0.001,1,0.001,1,0.001,0,0,0,0,0,0,0,0,0,0,0,0,0,0,0,0,0,0,0,0,0,0,0,0,0,0,0,0,0,0,0,0,0,0,0,0,0,0,0,0,0,0,0,0,0,0,0,0,0,0,0,0,0,0,0,0,0,0,0,0,0,0,0,0,0,0,0,0,0,0,0,0,0,0,0,0,0,0,0,0,0,0,0,0,0,0,0,0,0,0,0,0,0,0,0,0,0,0,0,0,0,0,0,0,0,0,0,0,0,0,0,0,0,0,0,0,0,0,0,0,0,0,0,0,0,0,0,0,0,0,0,0,0,0,0,0,0,0,0,0,0,0,0,0,0,0,0,0,0,0,0,0,0,0,0,0,0,0
Region 13,Region 12,0,0,0,0,0,0,0,0,0,0,0,0,0,0,0,0,0,0,0,0,0,0,0,0,0,0,0,0,0,0,0,0,0,0,0,0,0,0,0,0,0,0,0,0,0,0,0,0,0,0,0,0,0,0,0,0,0,0,0,0,0,0,0,0,0,0,0,0,0,0,0,0,0,0,0,0,0,0,0,0,0,0,0,0,0,0,0,0,0,0,0,0,0,0,0,0,0,0,0,0,0,0,0,0,0,0,0,0,0,0,0,0,0,0,0,0,0,0,0,0,0,0,0,0,0,0,0,0,0,0,0,0,0,0,0,0,0,0,0,0,0,0,0,0,0,0,0,0,0,0,0,0,0,0,0,0,0,0,0,0,0,0,0,0,0,0,0,0,0,0,0,0,0,0,0,0,0,0,0,0,0,0,0,0,0,0,0,0,0,0,0,0
Region 13,Region 13,15,0.018,3,0.005,1,0.002,0,0,1,0.004,3,0.012,10,0.033,73,0.201,116,0.256,127,0.222,133,0.195,120,0.155,66,0.079,52,0.061,29,0.034,23,0.027,20,0.023,18,0.02,17,0.019,15,0.018,13,0.016,7,0.009,4,0.006,2,0.004,3,0.007,0,0,0,0,0,0,2,0.01,2,0.006,5,0.01,3,0.005,11,0.015,10,0.014,8,0.012,4,0.006,7,0.01,9,0.013,4,0.006,12,0.016,17,0.022,14,0.017,17,0.02,9,0.012,4,0.006,2,0.003,2,0.004,2,0.005,1,0.002,0,0,1,0.008,1,0.009,5,0.03,2,0.006,4,0.008,7,0.011,9,0.012,7,0.01,4,0.006,6,0.009,8,0.011,2,0.003,6,0.008,11,0.015,11,0.015,13,0.015,3,0.003,7,0.009,6,0.008,7,0.01,2,0.003,4,0.008,4,0.009,3,0.013,2,0.014,1,0.008,1,0.005,3,0.009,3,0.006,11,0.016,12,0.015,7,0.009,8,0.011,9,0.013,14,0.019,9,0.012,6,0.008,8,0.011,9,0.012,9,0.01,14,0.015,10,0.012,6,0.008,4,0.005,1,0.002,3,0.006
Region 13,Region 14,0,0,0,0,0,0,0,0,0,0,0,0,0,0,0,0,0,0,0,0,0,0,0,0,0,0,0,0,0,0,0,0,0,0,0,0,0,0,0,0,0,0,0,0,0,0,0,0,0,0,0,0,0,0,0,0,0,0,0,0,0,0,0,0,0,0,0,0,0,0,0,0,0,0,0,0,0,0,0,0,0,0,0,0,0,0,0,0,0,0,0,0,0,0,0,0,0,0,0,0,0,0,0,0,0,0,0,0,0,0,0,0,0,0,0,0,0,0,0,0,0,0,0,0,0,0,0,0,0,0,0,0,0,0,0,0,0,0,0,0,0,0,0,0,0,0,0,0,0,0,0,0,0,0,0,0,0,0,0,0,0,0,0,0,0,0,0,0,0,0,0,0,0,0,0,0,0,0,0,0,0,0,0,0,0,0,0,0,0,0,0,0
Region 13,Region 15,0,0,0,0,0,0,0,0,0,0,0,0,0,0,0,0,0,0,1,0.002,2,0.003,2,0.003,2,0.002,0,0,0,0,0,0,0,0,1,0.001,0,0,0,0,0,0,0,0,0,0,0,0,0,0,0,0,0,0,0,0,0,0,0,0,0,0,0,0,0,0,0,0,0,0,0,0,0,0,0,0,0,0,0,0,0,0,0,0,0,0,0,0,0,0,0,0,0,0,0,0,0,0,0,0,0,0,0,0,0,0,0,0,0,0,0,0,0,0,0,0,0,0,0,0,0,0,0,0,0,0,0,0,0,0,0,0,0,0,0,0,0,0,0,0,0,0,0,0,0,0,0,0,0,0,0,0,0,0,0,0,0,0,0,0,0,0,0,0,0,0,0,0,0,0,0,0,0,0,0,0,0,0,0,0,0,0,0,0,0,0,0,0,0,0,0,0
Region 13,Region 16,0,0,0,0,0,0,0,0,0,0,0,0,0,0,0,0,0,0,0,0,0,0,0,0,0,0,0,0,0,0,0,0,0,0,0,0,0,0,0,0,0,0,0,0,0,0,0,0,0,0,0,0,0,0,0,0,0,0,0,0,0,0,0,0,0,0,0,0,0,0,0,0,0,0,0,0,0,0,0,0,0,0,0,0,0,0,0,0,0,0,0,0,0,0,0,0,0,0,0,0,0,0,0,0,0,0,0,0,0,0,0,0,0,0,0,0,0,0,0,0,0,0,0,0,0,0,0,0,0,0,0,0,0,0,0,0,0,0,0,0,0,0,0,0,0,0,0,0,0,0,0,0,0,0,0,0,0,0,0,0,0,0,0,0,0,0,0,0,0,0,0,0,0,0,0,0,0,0,0,0,0,0,0,0,0,0,0,0,0,0,0,0
Region 14,Region 0,60,0.071,32,0.054,21,0.045,14,0.039,11,0.039,11,0.044,23,0.076,25,0.069,45,0.099,68,0.119,70,0.102,111,0.143,109,0.131,110,0.13,96,0.112,97,0.115,85,0.099,54,0.061,58,0.064,56,0.066,85,0.105,53,0.068,41,0.062,36,0.07,37,0.081,5,0.021,0,0,2,0.015,2,0.01,12,0.037,38,0.078,70,0.112,106,0.144,73,0.103,57,0.085,70,0.103,60,0.084,63,0.088,79,0.109,108,0.144,171,0.224,144,0.177,100,0.119,46,0.062,55,0.081,49,0.077,42,0.078,48,0.116,42,0.102,10,0.049,6,0.046,6,0.053,6,0.036,18,0.057,43,0.087,104,0.158,80,0.106,55,0.075,66,0.097,74,0.109,72,0.101,76,0.107,85,0.12,91,0.125,129,0.171,108,0.127,93,0.103,64,0.082,56,0.076,55,0.077,71,0.113,36,0.075,34,0.074,16,0.07,7,0.048,8,0.065,6,0.032,14,0.043,44,0.085,88,0.13,112,0.142,75,0.099,84,0.118,85,0.118,78,0.104,86,0.115,80,0.108,113,0.152,129,0.166,140,0.161,146,0.157,80,0.095,81,0.103,78,0.099,80,0.122,47,0.092
Region 14,Region 1,76,0.09,82,0.138,41,0.088,29,0.082,28,0.098,18,0.073,23,0.076,39,0.107,59,0.13,58,0.101,80,0.117,93,0.12,88,0.106,74,0.087,93,0.109,91,0.108,103,0.12,86,0.097,85,0.094,67,0.08,77,0.095,67,0.086,81,0.123,74,0.144,72,0.158,36,0.148,16,0.101,17,0.125,17,0.087,26,0.081,65,0.133,101,0.162,156,0.212,109,0.153,88,0.131,85,0.126,105,0.147,78,0.109,76,0.105,83,0.111,72,0.094,89,0.109,92,0.11,74,0.1,74,0.109,56,0.088,68,0.126,47,0.113,58,0.14,21,0.104,11,0.085,13,0.115,21,0.125,38,0.12,72,0.145,120,0.182,132,0.174,128,0.175,91,0.134,87,0.128,66,0.093,78,0.11,78,0.11,82,0.113,65,0.086,114,0.134,125,0.139,73,0.094,73,0.098,76,0.107,82,0.131,62,0.128,53,0.116,33,0.144,23,0.158,13,0.105,17,0.092,24,0.074,88,0.171,105,0.155,159,0.202,133,0.175,113,0.159,70,0.098,79,0.106,77,0.103,79,0.107,86,0.116,96,0.123,107,0.123,111,0.12,88,0.104,103,0.131,110,0.14,71,0.108,59,0.115
Region 14,Region 2,35,0.041,6,0.01,7,0.015,25,0.07,36,0.126,44,0.178,47,0.155,53,0.146,62,0.137,39,0.068,55,0.08,62,0.08,83,0.1,63,0.074,68,0.079,68,0.081,58,0.068,74,0.083,34,0.037,41,0.049,45,0.055,37,0.048,36,0.055,22,0.043,20,0.044,7,0.029,8,0.051,15,0.11,33,0.17,73,0.226,65,0.133,54,0.086,75,0.102,40,0.056,62,0.093,47,0.069,44,0.062,54,0.076,51,0.071,54,0.072,56,0.073,39,0.048,32,0.038,42,0.057,21,0.031,26,0.041,14,0.026,8,0.019,14,0.034,6,0.03,9,0.07,12,0.107,34,0.202,45,0.142,46,0.093,61,0.093,55,0.073,55,0.075,42,0.062,40,0.059,43,0.06,57,0.08,68,0.096,55,0.076,53,0.07,43,0.05,44,0.049,43,0.055,21,0.028,32,0.045,28,0.045,17,0.035,20,0.044,8,0.035,8,0.055,15,0.121,29,0.157,47,0.145,55,0.107,57,0.084,46,0.058,53,0.07,60,0.084,41,0.057,42,0.056,41,0.055,55,0.074,63,0.085,58,0.075,28,0.032,42,0.045,38,0.045,35,0.044,27,0.034,20,0.03,29,0.057
Region 14,Region 3,119,0.141,79,0.133,66,0.142,49,0.138,32,0.112,31,0.125,54,0.178,76,0.209,88,0.194,156,0.273,140,0.205,164,0.212,173,0.208,161,0.19,174,0.203,119,0.141,122,0.143,107,0.12,110,0.121,104,0.123,100,0.123,112,0.145,111,0.168,70,0.136,98,0.215,26,0.107,27,0.171,9,0.066,19,0.098,21,0.065,50,0.102,77,0.123,103,0.14,85,0.119,104,0.155,87,0.129,91,0.128,103,0.144,138,0.191,150,0.2,160,0.209,165,0.202,153,0.182,89,0.12,113,0.167,78,0.123,83,0.154,77,0.186,88,0.213,31,0.153,16,0.124,10,0.089,14,0.083,28,0.088,62,0.125,108,0.164,126,0.167,97,0.132,77,0.114,76,0.112,99,0.139,121,0.17,95,0.134,140,0.193,166,0.22,171,0.201,119,0.132,100,0.128,133,0.179,120,0.169,86,0.137,90,0.186,95,0.207,41,0.179,20,0.138,17,0.137,33,0.179,33,0.102,50,0.097,95,0.14,163,0.207,102,0.134,97,0.137,96,0.134,97,0.13,125,0.168,133,0.18,148,0.199,163,0.21,167,0.192,187,0.201,112,0.133,141,0.179,123,0.156,103,0.157,117,0.229
Region 14,Region 4,31,0.037,13,0.022,11,0.024,7,0.02,4,0.014,5,0.02,8,0.026,9,0.025,22,0.049,19,0.033,26,0.038,25,0.032,24,0.029,28,0.033,35,0.041,26,0.031,27,0.032,20,0.022,24,0.026,12,0.014,19,0.023,33,0.043,16,0.024,13,0.025,15,0.033,7,0.029,3,0.019,5,0.037,3,0.015,9,0.028,13,0.027,17,0.027,26,0.035,25,0.035,24,0.036,8,0.012,21,0.029,14,0.02,23,0.032,26,0.035,17,0.022,18,0.022,23,0.027,13,0.018,18,0.027,16,0.025,21,0.039,13,0.031,12,0.029,6,0.03,2,0.015,3,0.027,2,0.012,6,0.019,13,0.026,20,0.03,32,0.042,26,0.035,16,0.024,17,0.025,15,0.021,20,0.028,29,0.041,30,0.041,35,0.046,25,0.029,26,0.029,16,0.021,15,0.02,36,0.051,24,0.038,14,0.029,13,0.028,8,0.035,1,0.007,2,0.016,2,0.011,5,0.015,14,0.027,24,0.035,32,0.041,25,0.033,18,0.025,16,0.022,17,0.023,10,0.013,18,0.024,18,0.024,28,0.036,19,0.022,15,0.016,19,0.023,15,0.019,16,0.02,26,0.04,20,0.039
Region 14,Region 5,70,0.083,27,0.046,32,0.069,24,0.068,23,0.081,14,0.056,24,0.079,32,0.088,48,0.106,56,0.098,63,0.092,54,0.07,45,0.054,72,0.085,52,0.061,44,0.052,36,0.042,46,0.052,46,0.051,54,0.064,53,0.065,50,0.065,39,0.059,23,0.045,30,0.066,17,0.07,8,0.051,8,0.059,18,0.093,12,0.037,40,0.082,54,0.086,70,0.095,47,0.066,52,0.078,45,0.066,51,0.072,59,0.083,63,0.087,75,0.1,53,0.069,50,0.061,42,0.05,51,0.069,44,0.065,44,0.069,26,0.048,18,0.043,21,0.051,17,0.084,6,0.046,8,0.071,15,0.089,31,0.098,43,0.087,57,0.087,58,0.077,55,0.075,50,0.074,47,0.069,46,0.065,63,0.089,56,0.079,43,0.059,74,0.098,57,0.067,67,0.074,47,0.06,41,0.055,38,0.053,22,0.035,28,0.058,29,0.063,15,0.065,11,0.076,11,0.089,11,0.06,19,0.058,38,0.074,61,0.09,66,0.084,63,0.083,59,0.083,66,0.092,49,0.066,48,0.064,55,0.074,43,0.058,52,0.067,44,0.051,53,0.057,55,0.065,48,0.061,59,0.075,50,0.076,30,0.059
Region 14,Region 6,25,0.03,19,0.032,9,0.019,10,0.028,6,0.021,4,0.016,4,0.013,5,0.014,5,0.011,13,0.023,15,0.022,13,0.017,17,0.02,17,0.02,19,0.022,13,0.015,8,0.009,11,0.012,15,0.017,11,0.013,10,0.012,12,0.015,4,0.006,12,0.023,4,0.009,4,0.016,2,0.013,2,0.015,1,0.005,2,0.006,5,0.01,6,0.01,6,0.008,4,0.006,1,0.001,6,0.009,5,0.007,7,0.01,6,0.008,4,0.005,10,0.013,18,0.022,15,0.018,11,0.015,11,0.016,12,0.019,11,0.02,13,0.031,10,0.024,5,0.025,2,0.015,3,0.027,0,0,6,0.019,3,0.006,6,0.009,12,0.016,7,0.01,4,0.006,2,0.003,1,0.001,6,0.008,1,0.001,4,0.006,4,0.005,10,0.012,7,0.008,9,0.012,11,0.015,14,0.02,18,0.029,15,0.031,12,0.026,7,0.031,2,0.014,0,0,0,0,3,0.009,6,0.012,11,0.016,6,0.008,11,0.014,9,0.013,4,0.006,2,0.003,3,0.004,7,0.009,8,0.011,8,0.01,3,0.003,9,0.01,11,0.013,7,0.009,6,0.008,12,0.018,12,0.023
Region 14,Region 7,32,0.038,21,0.035,15,0.032,12,0.034,14,0.049,16,0.065,16,0.053,17,0.047,16,0.035,21,0.037,40,0.058,46,0.059,42,0.05,47,0.055,25,0.029,17,0.02,21,0.025,27,0.03,41,0.045,40,0.047,34,0.042,32,0.041,33,0.05,25,0.049,22,0.048,6,0.025,3,0.019,4,0.029,5,0.026,10,0.031,23,0.047,34,0.054,32,0.043,37,0.052,23,0.034,23,0.034,30,0.042,30,0.042,28,0.039,39,0.052,23,0.03,22,0.027,27,0.032,22,0.03,28,0.041,27,0.043,22,0.041,10,0.024,17,0.041,12,0.059,6,0.046,6,0.053,11,0.065,16,0.05,15,0.03,32,0.049,39,0.052,38,0.052,39,0.058,26,0.038,29,0.041,28,0.039,27,0.038,18,0.025,26,0.035,34,0.04,31,0.034,31,0.04,37,0.05,34,0.048,26,0.041,20,0.041,19,0.041,9,0.039,5,0.034,4,0.032,5,0.027,19,0.058,34,0.066,54,0.08,39,0.05,34,0.045,42,0.059,33,0.046,23,0.031,30,0.04,23,0.031,28,0.038,26,0.033,22,0.025,27,0.029,38,0.045,31,0.039,25,0.032,22,0.033,14,0.027
Region 14,Region 8,9,0.011,6,0.01,7,0.015,3,0.008,0,0,1,0.004,3,0.01,0,0,3,0.007,7,0.012,11,0.016,8,0.01,14,0.017,10,0.012,11,0.013,9,0.011,12,0.014,7,0.008,10,0.011,16,0.019,2,0.002,7,0.009,2,0.003,5,0.01,5,0.011,4,0.016,0,0,0,0,0,0,1,0.003,5,0.01,8,0.013,15,0.02,13,0.018,11,0.016,6,0.009,10,0.014,8,0.011,7,0.01,10,0.013,10,0.013,13,0.016,5,0.006,8,0.011,4,0.006,2,0.003,5,0.009,0,0,4,0.01,3,0.015,0,0,2,0.018,1,0.006,0,0,6,0.012,6,0.009,14,0.019,15,0.02,16,0.024,12,0.018,2,0.003,6,0.008,8,0.011,6,0.008,11,0.015,15,0.018,22,0.024,12,0.015,8,0.011,5,0.007,2,0.003,5,0.01,2,0.004,3,0.013,0,0,0,0,2,0.011,3,0.009,4,0.008,11,0.016,11,0.014,15,0.02,13,0.018,12,0.017,8,0.011,11,0.015,9,0.012,16,0.022,12,0.015,8,0.009,8,0.009,16,0.019,8,0.01,10,0.013,6,0.009,1,0.002
Region 14,Region 9,53,0.063,24,0.041,24,0.052,10,0.028,17,0.06,12,0.048,28,0.092,24,0.066,18,0.04,19,0.033,30,0.044,33,0.043,37,0.044,30,0.035,42,0.049,45,0.053,36,0.042,32,0.036,49,0.054,55,0.065,56,0.069,48,0.062,42,0.064,39,0.076,43,0.094,16,0.066,8,0.051,6,0.044,9,0.046,10,0.031,28,0.057,39,0.062,34,0.046,30,0.042,26,0.039,39,0.058,29,0.041,34,0.048,39,0.054,48,0.064,54,0.071,63,0.077,74,0.088,42,0.057,46,0.068,43,0.068,46,0.086,17,0.041,28,0.068,17,0.084,9,0.07,8,0.071,4,0.024,20,0.063,25,0.05,26,0.04,49,0.065,48,0.065,26,0.038,44,0.065,34,0.048,35,0.049,40,0.056,45,0.062,65,0.086,59,0.069,54,0.06,52,0.067,45,0.061,45,0.063,39,0.062,33,0.068,43,0.094,21,0.092,16,0.11,9,0.073,7,0.038,10,0.031,26,0.05,37,0.054,46,0.058,41,0.054,21,0.03,34,0.047,53,0.071,45,0.06,38,0.051,51,0.069,40,0.051,61,0.07,71,0.076,51,0.061,55,0.07,42,0.053,28,0.043,30,0.059
Region 14,Region 10,18,0.021,25,0.042,22,0.047,13,0.037,9,0.032,2,0.008,5,0.016,5,0.014,9,0.02,18,0.031,17,0.025,18,0.023,26,0.031,21,0.025,15,0.018,22,0.026,19,0.022,23,0.026,20,0.022,20,0.024,21,0.026,23,0.03,9,0.014,15,0.029,11,0.024,5,0.021,7,0.044,4,0.029,1,0.005,2,0.006,14,0.029,34,0.054,49,0.067,38,0.053,20,0.03,23,0.034,13,0.018,10,0.014,18,0.025,17,0.023,21,0.027,16,0.02,20,0.024,20,0.027,13,0.019,14,0.022,17,0.032,7,0.017,9,0.022,7,0.035,2,0.015,2,0.018,0,0,3,0.009,20,0.04,37,0.056,55,0.073,37,0.05,21,0.031,21,0.031,13,0.018,19,0.027,20,0.028,12,0.017,20,0.027,23,0.027,20,0.022,29,0.037,13,0.018,24,0.034,16,0.026,8,0.017,10,0.022,6,0.026,3,0.021,1,0.008,2,0.011,6,0.018,14,0.027,26,0.038,38,0.048,31,0.041,26,0.037,19,0.026,24,0.032,21,0.028,14,0.019,18,0.024,15,0.019,12,0.014,20,0.022,22,0.026,16,0.02,18,0.023,14,0.021,19,0.037
Region 14,Region 11,88,0.104,55,0.093,35,0.075,21,0.059,20,0.07,19,0.077,41,0.135,45,0.124,59,0.13,78,0.136,97,0.142,115,0.148,143,0.172,123,0.145,125,0.146,158,0.187,144,0.168,131,0.147,139,0.153,116,0.138,111,0.137,96,0.124,82,0.124,87,0.169,46,0.101,22,0.091,6,0.038,5,0.037,21,0.108,9,0.028,34,0.07,99,0.159,163,0.221,165,0.232,133,0.199,153,0.226,160,0.225,161,0.226,143,0.198,125,0.167,113,0.148,139,0.17,141,0.168,118,0.16,89,0.132,113,0.178,69,0.128,52,0.125,56,0.135,25,0.124,6,0.046,13,0.115,6,0.036,17,0.053,45,0.091,107,0.163,137,0.181,142,0.194,147,0.217,139,0.205,144,0.202,137,0.193,141,0.199,108,0.149,121,0.161,131,0.154,118,0.131,111,0.143,95,0.128,95,0.133,78,0.124,62,0.128,55,0.12,33,0.144,10,0.069,5,0.04,7,0.038,17,0.052,53,0.103,119,0.175,167,0.212,140,0.184,148,0.208,128,0.178,147,0.197,133,0.179,144,0.195,148,0.199,109,0.14,137,0.158,160,0.172,183,0.217,115,0.146,110,0.14,92,0.14,66,0.129
Region 14,Region 12,88,0.104,49,0.083,35,0.075,30,0.084,27,0.095,21,0.085,18,0.059,32,0.088,53,0.117,45,0.079,57,0.083,76,0.098,78,0.094,81,0.096,96,0.112,104,0.123,104,0.122,84,0.094,80,0.088,109,0.129,110,0.135,90,0.116,94,0.143,54,0.105,48,0.105,36,0.148,18,0.114,13,0.095,16,0.082,9,0.028,21,0.043,56,0.09,82,0.111,79,0.111,74,0.11,88,0.13,91,0.128,93,0.13,102,0.141,93,0.124,128,0.167,122,0.15,133,0.158,87,0.118,86,0.127,91,0.143,50,0.093,45,0.109,50,0.121,24,0.119,17,0.132,12,0.107,9,0.053,11,0.035,20,0.04,39,0.059,67,0.089,63,0.086,73,0.108,77,0.113,98,0.138,116,0.163,101,0.142,117,0.161,112,0.149,128,0.15,139,0.155,104,0.134,94,0.127,86,0.121,72,0.115,73,0.151,64,0.139,26,0.113,18,0.124,14,0.113,18,0.097,12,0.037,25,0.048,47,0.069,64,0.081,59,0.078,63,0.089,77,0.107,108,0.145,107,0.144,103,0.139,139,0.187,126,0.162,165,0.19,147,0.158,151,0.179,118,0.15,89,0.113,82,0.125,67,0.131
Region 14,Region 13,0,0,0,0,0,0,0,0,0,0,0,0,0,0,0,0,0,0,0,0,0,0,0,0,0,0,0,0,0,0,0,0,0,0,0,0,0,0,0,0,0,0,0,0,0,0,0,0,0,0,0,0,0,0,0,0,0,0,0,0,0,0,0,0,0,0,0,0,0,0,0,0,0,0,0,0,0,0,0,0,0,0,0,0,0,0,0,0,0,0,0,0,0,0,0,0,0,0,0,0,0,0,0,0,0,0,0,0,0,0,0,0,0,0,0,0,0,0,0,0,0,0,0,0,0,0,0,0,0,0,0,0,0,0,0,0,0,0,0,0,0,0,0,0,0,0,0,0,0,0,0,0,0,0,0,0,0,0,0,0,0,0,0,0,0,0,0,0,0,0,0,0,0,0,0,0,0,0,0,0,0,0,0,0,0,0,0,0,0,0,0,0
Region 14,Region 14,253,0.299,177,0.299,131,0.282,90,0.253,75,0.263,64,0.258,85,0.279,127,0.349,155,0.342,209,0.365,263,0.385,434,0.56,394,0.473,436,0.515,432,0.505,427,0.507,476,0.557,497,0.558,484,0.533,490,0.581,477,0.587,404,0.521,295,0.447,218,0.424,168,0.369,82,0.338,52,0.329,35,0.257,41,0.211,57,0.177,106,0.217,182,0.292,343,0.466,371,0.521,411,0.614,416,0.614,482,0.677,497,0.696,417,0.577,420,0.56,416,0.544,457,0.56,448,0.534,469,0.635,383,0.566,333,0.524,232,0.431,174,0.42,141,0.341,86,0.425,41,0.317,37,0.329,50,0.297,70,0.22,89,0.18,198,0.301,283,0.374,329,0.449,331,0.488,405,0.596,441,0.62,454,0.638,403,0.568,357,0.492,410,0.544,474,0.556,458,0.509,472,0.606,441,0.595,366,0.514,234,0.373,194,0.402,178,0.388,89,0.388,51,0.351,57,0.46,45,0.243,57,0.175,127,0.246,164,0.242,299,0.38,398,0.523,367,0.517,424,0.591,529,0.708,503,0.675,419,0.566,410,0.552,407,0.524,487,0.561,578,0.623,548,0.651,466,0.591,413,0.525,284,0.432,233,0.455
Region 14,Region 15,87,0.103,60,0.101,42,0.09,47,0.132,30,0.105,25,0.101,32,0.105,24,0.066,51,0.113,59,0.103,93,0.136,82,0.106,102,0.123,114,0.135,125,0.146,118,0.14,137,0.16,115,0.129,145,0.16,103,0.122,138,0.17,117,0.151,105,0.159,67,0.13,48,0.105,36,0.148,18,0.114,16,0.117,10,0.051,17,0.053,45,0.092,67,0.107,80,0.109,79,0.111,72,0.107,84,0.124,107,0.15,104,0.146,88,0.122,86,0.115,108,0.141,124,0.152,102,0.122,94,0.127,95,0.14,75,0.118,76,0.141,71,0.171,53,0.128,29,0.143,21,0.163,13,0.115,14,0.083,23,0.072,26,0.052,46,0.07,60,0.079,80,0.109,83,0.122,102,0.15,107,0.15,116,0.163,107,0.151,117,0.161,107,0.142,118,0.138,107,0.119,91,0.117,109,0.147,102,0.143,79,0.126,64,0.133,48,0.105,25,0.109,17,0.117,14,0.113,16,0.087,13,0.04,39,0.076,62,0.091,68,0.086,85,0.112,72,0.101,92,0.128,90,0.12,92,0.124,85,0.115,115,0.155,121,0.156,111,0.128,135,0.145,113,0.134,117,0.148,115,0.146,77,0.117,74,0.145
Region 14,Region 16,92,0.109,89,0.15,62,0.134,57,0.16,22,0.077,22,0.089,42,0.138,55,0.151,55,0.121,104,0.182,112,0.164,176,0.227,163,0.196,139,0.164,163,0.19,162,0.192,147,0.172,191,0.215,183,0.201,149,0.177,163,0.201,125,0.161,83,0.126,75,0.146,54,0.119,35,0.144,15,0.095,12,0.088,16,0.082,23,0.071,33,0.067,68,0.109,135,0.183,158,0.222,129,0.193,123,0.182,164,0.23,153,0.214,151,0.209,142,0.189,170,0.222,174,0.213,204,0.243,174,0.235,158,0.234,122,0.192,134,0.249,80,0.193,75,0.181,37,0.183,27,0.209,9,0.08,24,0.142,20,0.063,45,0.091,105,0.16,141,0.186,166,0.226,149,0.22,165,0.243,157,0.221,154,0.216,152,0.214,126,0.174,140,0.186,182,0.213,183,0.203,144,0.185,148,0.2,134,0.188,93,0.148,82,0.17,77,0.168,43,0.188,20,0.138,20,0.161,17,0.092,31,0.095,50,0.097,111,0.163,149,0.189,145,0.191,118,0.166,146,0.203,180,0.241,165,0.222,136,0.184,173,0.233,175,0.225,211,0.243,234,0.252,197,0.234,139,0.176,161,0.205,132,0.201,92,0.18
Region 15,Region 0,117,0.138,71,0.12,55,0.118,35,0.099,25,0.088,24,0.097,51,0.168,60,0.165,74,0.163,96,0.168,99,0.145,104,0.134,93,0.112,107,0.126,87,0.102,114,0.135,98,0.115,60,0.067,81,0.089,80,0.095,123,0.151,108,0.139,76,0.115,66,0.128,59,0.129,35,0.144,21,0.133,23,0.169,20,0.103,33,0.102,72,0.147,92,0.147,107,0.145,79,0.111,64,0.096,65,0.096,55,0.077,80,0.112,86,0.119,85,0.113,105,0.137,98,0.12,76,0.091,86,0.116,72,0.106,62,0.098,59,0.11,65,0.157,56,0.135,33,0.163,16,0.124,12,0.107,16,0.095,33,0.104,63,0.127,112,0.17,97,0.128,86,0.117,74,0.109,81,0.119,81,0.114,77,0.108,76,0.107,96,0.132,120,0.159,113,0.133,128,0.142,98,0.126,78,0.105,72,0.101,82,0.131,81,0.168,66,0.144,30,0.131,25,0.172,15,0.121,12,0.065,20,0.062,65,0.126,100,0.147,100,0.127,78,0.103,77,0.108,86,0.12,82,0.11,114,0.153,107,0.145,92,0.124,97,0.125,99,0.114,103,0.111,92,0.109,65,0.082,95,0.121,70,0.106,102,0.199
Region 15,Region 1,403,0.477,265,0.447,218,0.47,191,0.538,135,0.474,173,0.698,298,0.98,267,0.734,273,0.602,369,0.645,435,0.636,454,0.586,417,0.501,437,0.516,431,0.503,380,0.451,459,0.537,445,0.5,441,0.485,367,0.436,398,0.49,361,0.466,316,0.479,264,0.513,327,0.718,197,0.812,153,0.969,95,0.698,181,0.931,314,0.974,446,0.912,432,0.692,474,0.644,376,0.528,366,0.546,314,0.464,266,0.373,339,0.475,325,0.449,367,0.489,373,0.488,372,0.456,415,0.495,314,0.425,307,0.454,358,0.564,324,0.602,222,0.536,294,0.711,163,0.806,120,0.929,97,0.862,186,1.103,357,1.123,493,0.995,486,0.739,480,0.634,398,0.543,360,0.531,270,0.397,274,0.385,306,0.43,273,0.385,270,0.372,299,0.397,354,0.415,413,0.459,338,0.434,298,0.402,312,0.438,349,0.557,305,0.632,335,0.73,197,0.859,126,0.867,97,0.782,193,1.044,335,1.03,492,0.954,497,0.732,497,0.632,435,0.572,356,0.501,300,0.418,279,0.374,284,0.381,297,0.402,319,0.429,306,0.394,374,0.431,435,0.469,331,0.393,204,0.259,267,0.339,285,0.433,260,0.508
Region 15,Region 2,442,0.523,293,0.494,178,0.383,192,0.54,172,0.604,205,0.827,255,0.838,299,0.822,336,0.741,388,0.678,421,0.616,463,0.597,527,0.633,562,0.663,540,0.631,611,0.725,610,0.713,608,0.683,648,0.713,531,0.63,555,0.684,470,0.607,374,0.567,301,0.585,274,0.601,150,0.618,96,0.608,94,0.69,223,1.147,307,0.952,449,0.918,558,0.894,598,0.812,556,0.781,449,0.67,464,0.685,480,0.674,512,0.717,493,0.682,573,0.764,540,0.706,511,0.626,406,0.484,356,0.482,318,0.47,283,0.446,264,0.491,207,0.499,245,0.593,118,0.584,78,0.604,95,0.844,158,0.937,270,0.85,377,0.761,502,0.763,538,0.711,471,0.642,450,0.664,447,0.658,448,0.63,451,0.634,490,0.691,531,0.731,539,0.715,535,0.627,486,0.54,355,0.456,308,0.415,312,0.438,313,0.499,278,0.576,250,0.545,126,0.55,105,0.723,82,0.661,163,0.882,291,0.895,418,0.81,538,0.792,555,0.705,547,0.719,484,0.681,496,0.691,394,0.527,469,0.63,527,0.712,500,0.673,511,0.657,502,0.578,514,0.554,443,0.526,392,0.497,408,0.519,314,0.478,281,0.549
Region 15,Region 3,198,0.234,129,0.218,85,0.183,55,0.155,54,0.189,53,0.214,63,0.207,91,0.25,106,0.234,135,0.236,163,0.238,138,0.178,143,0.172,191,0.225,146,0.171,162,0.192,158,0.185,163,0.183,163,0.179,138,0.164,198,0.244,167,0.216,211,0.32,130,0.253,119,0.261,67,0.276,46,0.291,34,0.25,31,0.159,50,0.155,96,0.196,134,0.215,166,0.226,172,0.242,161,0.24,178,0.263,114,0.16,218,0.305,235,0.325,156,0.208,185,0.242,137,0.168,132,0.157,135,0.183,106,0.157,123,0.194,116,0.216,108,0.261,125,0.302,56,0.277,23,0.178,21,0.187,20,0.119,35,0.11,69,0.139,120,0.182,154,0.204,170,0.232,185,0.273,155,0.228,204,0.287,195,0.274,158,0.223,195,0.269,152,0.202,178,0.209,178,0.198,146,0.188,130,0.175,138,0.194,162,0.258,122,0.253,128,0.279,47,0.205,37,0.255,11,0.089,24,0.13,41,0.126,80,0.155,130,0.191,190,0.241,188,0.247,225,0.317,235,0.328,164,0.22,161,0.216,167,0.226,194,0.261,152,0.196,124,0.143,146,0.157,112,0.133,110,0.14,149,0.189,141,0.214,106,0.207
Region 15,Region 4,223,0.264,169,0.285,123,0.265,68,0.191,74,0.26,94,0.379,127,0.418,148,0.407,186,0.41,259,0.453,269,0.393,267,0.344,354,0.425,351,0.414,339,0.396,300,0.356,254,0.297,303,0.34,282,0.31,271,0.322,304,0.374,288,0.372,157,0.238,165,0.321,167,0.367,101,0.416,60,0.38,42,0.308,73,0.376,202,0.627,290,0.593,308,0.493,292,0.397,224,0.315,167,0.249,178,0.263,168,0.236,219,0.307,238,0.329,190,0.253,199,0.26,276,0.338,310,0.369,241,0.326,185,0.273,200,0.315,162,0.301,130,0.314,151,0.365,71,0.351,55,0.426,45,0.4,87,0.516,223,0.702,341,0.688,338,0.514,278,0.367,196,0.267,152,0.224,153,0.225,183,0.257,178,0.25,172,0.243,169,0.233,136,0.181,184,0.216,227,0.252,180,0.231,165,0.222,159,0.223,175,0.279,132,0.273,169,0.368,81,0.353,49,0.337,45,0.363,80,0.433,236,0.726,329,0.638,315,0.464,291,0.37,245,0.322,176,0.248,158,0.22,157,0.21,159,0.213,126,0.17,147,0.198,186,0.239,201,0.231,252,0.271,202,0.24,80,0.102,103,0.131,152,0.231,159,0.311
Region 15,Region 5,41,0.048,25,0.042,17,0.037,12,0.034,10,0.035,20,0.081,28,0.092,23,0.063,27,0.06,43,0.075,52,0.076,31,0.04,39,0.047,33,0.039,43,0.05,23,0.027,32,0.037,39,0.044,39,0.043,30,0.036,26,0.032,26,0.034,26,0.039,22,0.043,17,0.037,11,0.045,1,0.006,10,0.073,16,0.082,15,0.047,38,0.078,35,0.056,37,0.05,41,0.058,26,0.039,34,0.05,30,0.042,37,0.052,34,0.047,46,0.061,27,0.035,34,0.042,43,0.051,30,0.041,33,0.049,24,0.038,18,0.033,16,0.039,17,0.041,16,0.079,6,0.046,3,0.027,16,0.095,27,0.085,36,0.073,44,0.067,35,0.046,26,0.035,27,0.04,33,0.049,33,0.046,23,0.032,39,0.055,31,0.043,31,0.041,49,0.057,48,0.053,30,0.039,31,0.042,27,0.038,36,0.057,16,0.033,26,0.057,19,0.083,3,0.021,9,0.073,5,0.027,26,0.08,38,0.074,30,0.044,34,0.043,33,0.043,29,0.041,29,0.04,28,0.037,40,0.054,31,0.042,34,0.046,35,0.045,31,0.036,37,0.04,33,0.039,33,0.042,25,0.032,20,0.03,24,0.047
Region 15,Region 6,185,0.219,131,0.221,99,0.213,77,0.217,42,0.147,48,0.194,57,0.187,78,0.214,100,0.221,122,0.213,150,0.219,220,0.284,192,0.231,198,0.234,181,0.211,142,0.168,141,0.165,185,0.208,168,0.185,176,0.209,197,0.243,183,0.236,94,0.143,103,0.2,85,0.187,59,0.243,41,0.26,44,0.323,49,0.252,107,0.332,166,0.339,152,0.243,160,0.217,106,0.149,101,0.151,80,0.118,96,0.135,107,0.15,122,0.169,159,0.212,149,0.195,144,0.177,128,0.153,125,0.169,116,0.171,110,0.173,84,0.156,87,0.21,93,0.225,48,0.237,31,0.24,23,0.204,36,0.214,90,0.283,147,0.297,141,0.214,127,0.168,95,0.13,63,0.093,76,0.112,74,0.104,84,0.118,91,0.128,108,0.149,92,0.122,134,0.157,147,0.163,111,0.143,100,0.135,91,0.128,112,0.179,86,0.178,92,0.201,41,0.179,25,0.172,30,0.242,31,0.168,123,0.378,181,0.351,156,0.23,123,0.156,140,0.184,110,0.155,103,0.144,99,0.133,100,0.134,110,0.149,126,0.17,150,0.193,163,0.188,145,0.156,110,0.131,50,0.063,80,0.102,102,0.155,108,0.211
Region 15,Region 7,182,0.215,131,0.221,116,0.25,79,0.222,50,0.175,80,0.323,145,0.477,147,0.404,166,0.366,185,0.323,223,0.326,254,0.328,261,0.314,249,0.294,210,0.245,192,0.228,173,0.202,189,0.212,219,0.241,199,0.236,176,0.217,184,0.237,124,0.188,92,0.179,94,0.206,52,0.214,33,0.209,40,0.294,67,0.345,138,0.428,208,0.425,214,0.343,189,0.257,165,0.232,153,0.228,141,0.208,102,0.143,165,0.231,177,0.245,135,0.18,132,0.173,187,0.229,180,0.215,133,0.18,141,0.208,133,0.209,93,0.173,85,0.205,96,0.232,48,0.237,25,0.194,33,0.293,55,0.326,130,0.409,221,0.446,218,0.331,178,0.235,163,0.222,175,0.258,154,0.227,141,0.198,143,0.201,143,0.202,147,0.202,133,0.177,175,0.205,176,0.196,173,0.222,112,0.151,113,0.159,119,0.19,65,0.135,86,0.187,32,0.14,28,0.193,33,0.266,55,0.298,144,0.443,213,0.413,224,0.33,207,0.263,179,0.235,184,0.259,162,0.226,175,0.234,168,0.226,163,0.22,145,0.195,116,0.149,170,0.196,187,0.201,139,0.165,57,0.072,83,0.105,138,0.21,97,0.19
Region 15,Region 8,10,0.012,10,0.017,3,0.006,2,0.006,1,0.004,5,0.02,4,0.013,2,0.005,2,0.004,3,0.005,9,0.013,5,0.006,10,0.012,6,0.007,6,0.007,9,0.011,8,0.009,10,0.011,12,0.013,11,0.013,7,0.009,7,0.009,5,0.008,6,0.012,2,0.004,0,0,1,0.006,1,0.007,4,0.021,3,0.009,6,0.012,8,0.013,5,0.007,7,0.01,2,0.003,4,0.006,5,0.007,5,0.007,5,0.007,8,0.011,1,0.001,5,0.006,8,0.01,6,0.008,6,0.009,3,0.005,4,0.007,3,0.007,3,0.007,1,0.005,4,0.031,1,0.009,6,0.036,5,0.016,6,0.012,7,0.011,10,0.013,5,0.007,5,0.007,4,0.006,7,0.01,10,0.014,8,0.011,9,0.012,10,0.013,13,0.015,6,0.007,7,0.009,5,0.007,4,0.006,5,0.008,2,0.004,3,0.007,1,0.004,1,0.007,3,0.024,4,0.022,5,0.015,7,0.014,5,0.007,6,0.008,6,0.008,6,0.008,7,0.01,6,0.008,5,0.007,7,0.009,10,0.013,7,0.009,12,0.014,12,0.013,7,0.008,9,0.011,5,0.006,2,0.003,4,0.008
Region 15,Region 9,109,0.129,88,0.149,62,0.134,67,0.189,33,0.116,33,0.133,29,0.095,62,0.17,44,0.097,51,0.089,67,0.098,73,0.094,67,0.08,84,0.099,98,0.114,94,0.112,85,0.099,81,0.091,97,0.107,96,0.114,116,0.143,105,0.136,90,0.136,85,0.165,96,0.211,48,0.198,28,0.177,21,0.154,24,0.123,26,0.081,47,0.096,71,0.114,80,0.109,74,0.104,71,0.106,88,0.13,58,0.081,62,0.087,82,0.113,73,0.097,97,0.127,98,0.12,83,0.099,83,0.112,63,0.093,82,0.129,87,0.162,79,0.191,97,0.235,50,0.247,32,0.248,12,0.107,18,0.107,22,0.069,44,0.089,72,0.109,82,0.108,81,0.11,67,0.099,82,0.121,84,0.118,77,0.108,67,0.094,72,0.099,72,0.096,99,0.116,101,0.112,81,0.104,82,0.111,108,0.152,90,0.144,82,0.17,86,0.187,69,0.301,29,0.2,19,0.153,21,0.114,29,0.089,50,0.097,81,0.119,80,0.102,66,0.087,74,0.104,71,0.099,73,0.098,91,0.122,99,0.134,80,0.108,80,0.103,82,0.094,94,0.101,85,0.101,109,0.138,95,0.121,89,0.135,87,0.17
Region 15,Region 10,106,0.125,69,0.116,39,0.084,35,0.099,21,0.074,29,0.117,49,0.161,82,0.225,107,0.236,125,0.218,143,0.209,142,0.183,137,0.165,122,0.144,116,0.136,96,0.114,91,0.106,106,0.119,104,0.114,110,0.131,86,0.106,100,0.129,56,0.085,51,0.099,54,0.119,30,0.124,18,0.114,17,0.125,20,0.103,64,0.199,93,0.19,93,0.149,102,0.139,69,0.097,81,0.121,73,0.108,51,0.072,77,0.108,87,0.12,74,0.099,67,0.088,79,0.097,107,0.128,69,0.093,82,0.121,75,0.118,59,0.11,35,0.084,46,0.111,26,0.129,17,0.132,12,0.107,20,0.119,69,0.217,96,0.194,81,0.123,81,0.107,87,0.119,70,0.103,69,0.102,73,0.103,68,0.096,55,0.078,61,0.084,48,0.064,91,0.107,79,0.088,77,0.099,66,0.089,53,0.074,46,0.073,49,0.101,44,0.096,10,0.044,10,0.069,12,0.097,19,0.103,74,0.228,105,0.204,99,0.146,92,0.117,101,0.133,100,0.141,70,0.098,70,0.094,73,0.098,79,0.107,58,0.078,71,0.091,84,0.097,108,0.116,74,0.088,41,0.052,41,0.052,53,0.081,34,0.066
Region 15,Region 11,206,0.244,119,0.201,88,0.19,101,0.284,89,0.312,121,0.488,249,0.819,244,0.671,254,0.56,314,0.549,402,0.588,498,0.643,466,0.56,489,0.577,530,0.619,509,0.604,529,0.619,578,0.649,589,0.648,449,0.533,435,0.536,400,0.516,311,0.472,170,0.331,168,0.369,77,0.317,40,0.253,48,0.352,101,0.52,184,0.571,354,0.724,425,0.681,586,0.796,547,0.769,447,0.667,443,0.654,456,0.64,437,0.612,441,0.61,490,0.653,513,0.671,429,0.526,482,0.574,399,0.54,272,0.402,252,0.397,204,0.379,131,0.316,133,0.322,82,0.406,48,0.372,43,0.382,82,0.486,164,0.516,350,0.706,512,0.778,571,0.755,512,0.698,469,0.692,374,0.55,408,0.574,406,0.571,423,0.596,421,0.58,414,0.55,417,0.489,515,0.573,366,0.47,340,0.458,308,0.433,241,0.384,161,0.333,173,0.377,78,0.34,47,0.324,45,0.363,83,0.449,180,0.554,336,0.651,481,0.708,526,0.668,529,0.695,465,0.655,385,0.537,356,0.477,387,0.52,452,0.611,472,0.635,419,0.539,504,0.58,553,0.596,394,0.468,357,0.453,349,0.444,272,0.414,218,0.426
Region 15,Region 12,250,0.296,158,0.267,126,0.271,91,0.256,49,0.172,51,0.206,49,0.161,80,0.22,94,0.207,144,0.252,190,0.278,229,0.295,231,0.277,247,0.292,281,0.328,262,0.311,273,0.319,279,0.313,267,0.294,242,0.287,226,0.278,231,0.298,186,0.282,155,0.301,124,0.272,74,0.305,43,0.272,28,0.206,31,0.159,46,0.143,90,0.184,163,0.261,218,0.296,240,0.337,209,0.312,176,0.26,212,0.298,228,0.319,252,0.348,301,0.401,341,0.446,306,0.375,255,0.304,222,0.3,182,0.269,168,0.265,123,0.229,117,0.282,128,0.31,65,0.322,38,0.294,25,0.222,32,0.19,46,0.145,79,0.159,193,0.293,244,0.322,229,0.312,196,0.289,215,0.316,260,0.366,237,0.333,281,0.396,311,0.428,313,0.415,289,0.339,295,0.328,239,0.307,194,0.262,197,0.277,134,0.214,134,0.278,146,0.318,59,0.257,41,0.282,32,0.258,22,0.119,64,0.197,99,0.192,202,0.297,208,0.264,235,0.309,204,0.287,213,0.297,231,0.309,252,0.338,262,0.354,279,0.375,328,0.422,362,0.417,344,0.371,255,0.303,255,0.324,182,0.231,167,0.254,142,0.277
Region 15,Region 13,0,0,0,0,0,0,0,0,0,0,1,0.004,1,0.003,1,0.003,1,0.002,1,0.002,1,0.001,3,0.004,1,0.001,2,0.002,0,0,0,0,0,0,0,0,0,0,0,0,0,0,0,0,0,0,0,0,0,0,0,0,0,0,0,0,0,0,0,0,0,0,0,0,0,0,0,0,0,0,0,0,0,0,0,0,0,0,0,0,0,0,0,0,0,0,0,0,0,0,0,0,0,0,0,0,0,0,0,0,0,0,0,0,0,0,0,0,0,0,0,0,0,0,0,0,0,0,0,0,0,0,0,0,0,0,0,0,0,0,0,0,0,0,0,0,0,0,0,0,0,0,0,0,0,0,0,0,0,0,0,0,0,0,0,0,0,0,0,0,0,0,0,0,0,0,0,0,0,0,0,0,0,0,0,0,0,0,0,0,0,0,0,0,0,0,0,0,0,0,0,0
Region 15,Region 14,92,0.109,46,0.078,35,0.075,32,0.09,36,0.126,37,0.149,57,0.187,53,0.146,67,0.148,83,0.145,109,0.159,140,0.181,155,0.186,175,0.207,171,0.2,167,0.198,175,0.205,170,0.191,183,0.201,133,0.158,115,0.142,101,0.13,103,0.156,74,0.144,60,0.132,30,0.124,25,0.158,20,0.147,22,0.113,29,0.09,52,0.106,96,0.154,141,0.192,107,0.15,123,0.184,126,0.186,134,0.188,135,0.189,156,0.216,152,0.203,169,0.221,168,0.206,169,0.201,131,0.177,86,0.127,78,0.123,61,0.113,66,0.159,53,0.128,30,0.148,17,0.132,12,0.107,17,0.101,35,0.11,60,0.121,99,0.15,143,0.189,149,0.203,124,0.183,129,0.19,127,0.179,107,0.15,143,0.202,143,0.197,147,0.195,145,0.17,160,0.178,97,0.125,110,0.148,92,0.129,77,0.123,67,0.139,55,0.12,35,0.153,18,0.124,11,0.089,15,0.081,27,0.083,60,0.116,112,0.165,134,0.17,131,0.172,104,0.146,118,0.164,131,0.175,124,0.166,136,0.184,123,0.165,143,0.184,160,0.184,176,0.19,147,0.175,102,0.129,126,0.16,77,0.117,80,0.156
Region 15,Region 15,1796,2.124,1134,1.914,881,1.897,607,1.709,441,1.547,466,1.88,594,1.953,641,1.762,759,1.674,1147,2.004,1471,2.151,1675,2.161,1775,2.132,1972,2.327,2172,2.537,2248,2.667,2162,2.529,2281,2.563,2240,2.465,1898,2.252,1813,2.233,1782,2.3,1557,2.361,1239,2.409,1097,2.408,630,2.596,377,2.388,332,2.438,330,1.698,497,1.542,926,1.893,1516,2.428,1929,2.621,1737,2.441,1670,2.493,1684,2.488,1722,2.418,1796,2.517,1977,2.734,2113,2.816,2197,2.873,2322,2.846,2065,2.461,1765,2.388,1398,2.066,1382,2.176,1126,2.093,960,2.316,982,2.375,485,2.399,309,2.393,207,1.839,266,1.578,465,1.463,992,2.002,1606,2.441,1886,2.493,1808,2.465,1612,2.379,1569,2.309,1729,2.431,1860,2.614,1936,2.73,1995,2.747,2223,2.951,2202,2.582,2205,2.451,1740,2.235,1597,2.153,1451,2.038,1248,1.991,1052,2.179,1024,2.232,524,2.285,342,2.355,243,1.96,273,1.477,440,1.353,967,1.875,1550,2.283,1767,2.245,1857,2.441,1703,2.397,1654,2.305,1823,2.441,1948,2.615,1933,2.613,2111,2.84,2397,3.084,2454,2.826,2482,2.674,1960,2.327,1853,2.351,1730,2.199,1407,2.14,1157,2.26
Region 15,Region 16,21,0.025,18,0.03,10,0.022,16,0.045,13,0.046,20,0.081,26,0.085,27,0.074,34,0.075,41,0.072,59,0.086,59,0.076,78,0.094,67,0.079,71,0.083,67,0.079,62,0.073,73,0.082,63,0.069,32,0.038,27,0.033,25,0.032,24,0.036,25,0.049,17,0.037,8,0.033,7,0.044,6,0.044,9,0.046,20,0.062,30,0.061,38,0.061,69,0.094,57,0.08,64,0.096,33,0.049,38,0.053,37,0.052,35,0.048,57,0.076,54,0.071,63,0.077,65,0.077,37,0.05,24,0.035,24,0.038,19,0.035,20,0.048,20,0.048,9,0.045,4,0.031,4,0.036,10,0.059,21,0.066,38,0.077,58,0.088,58,0.077,51,0.07,60,0.089,38,0.056,53,0.075,46,0.065,51,0.072,62,0.085,43,0.057,46,0.054,52,0.058,24,0.031,32,0.043,42,0.059,22,0.035,16,0.033,18,0.039,7,0.031,3,0.021,5,0.04,9,0.049,16,0.049,34,0.066,46,0.068,45,0.057,46,0.06,45,0.063,34,0.047,41,0.055,46,0.062,51,0.069,59,0.079,60,0.077,70,0.081,51,0.055,49,0.058,28,0.036,28,0.036,26,0.04,27,0.053
Region 16,Region 0,92,0.109,60,0.101,23,0.05,16,0.045,20,0.07,14,0.056,29,0.095,43,0.118,51,0.113,77,0.135,88,0.129,130,0.168,153,0.184,120,0.142,131,0.153,132,0.157,92,0.108,79,0.089,107,0.118,76,0.09,74,0.091,67,0.086,64,0.097,57,0.111,43,0.094,9,0.037,12,0.076,5,0.037,4,0.021,10,0.031,38,0.078,98,0.157,114,0.155,77,0.108,75,0.112,88,0.13,102,0.143,103,0.144,106,0.147,130,0.173,145,0.19,104,0.127,101,0.12,70,0.095,68,0.101,60,0.094,60,0.112,49,0.118,56,0.135,21,0.104,12,0.093,3,0.027,8,0.047,17,0.053,42,0.085,117,0.178,127,0.168,96,0.131,84,0.124,104,0.153,84,0.118,82,0.115,103,0.145,139,0.191,148,0.196,138,0.162,114,0.127,107,0.137,90,0.121,97,0.136,102,0.163,81,0.168,72,0.157,20,0.087,15,0.103,8,0.065,5,0.027,12,0.037,43,0.083,96,0.141,122,0.155,89,0.117,86,0.121,103,0.144,96,0.129,92,0.124,107,0.145,178,0.239,139,0.179,164,0.189,121,0.13,123,0.146,123,0.156,107,0.136,101,0.154,83,0.162
Region 16,Region 1,316,0.374,219,0.37,122,0.263,121,0.341,101,0.354,77,0.311,99,0.325,125,0.344,171,0.377,187,0.327,274,0.401,301,0.388,370,0.444,373,0.44,393,0.459,374,0.444,391,0.457,400,0.449,440,0.484,336,0.399,315,0.388,290,0.374,253,0.384,234,0.455,156,0.342,88,0.363,46,0.291,43,0.316,42,0.216,107,0.332,206,0.421,381,0.61,491,0.667,457,0.642,370,0.552,343,0.507,333,0.468,360,0.504,347,0.48,353,0.47,335,0.438,439,0.538,480,0.572,385,0.521,332,0.491,285,0.449,239,0.444,182,0.439,162,0.392,74,0.366,38,0.294,36,0.32,55,0.326,92,0.289,189,0.381,382,0.581,562,0.743,432,0.589,412,0.608,384,0.565,373,0.524,332,0.467,325,0.458,384,0.529,363,0.482,474,0.556,482,0.536,417,0.536,364,0.491,337,0.473,295,0.471,200,0.414,208,0.453,84,0.366,45,0.31,51,0.411,58,0.314,123,0.378,197,0.382,429,0.632,544,0.691,517,0.679,436,0.614,411,0.573,429,0.574,385,0.517,344,0.465,325,0.437,399,0.513,518,0.597,581,0.626,479,0.569,410,0.52,383,0.487,289,0.44,204,0.399
Region 16,Region 2,12,0.014,12,0.02,7,0.015,6,0.017,11,0.039,14,0.056,22,0.072,24,0.066,31,0.068,31,0.054,34,0.05,49,0.063,62,0.074,35,0.041,47,0.055,34,0.04,51,0.06,38,0.043,38,0.042,24,0.028,10,0.012,15,0.019,18,0.027,15,0.029,5,0.011,6,0.025,1,0.006,3,0.022,29,0.149,40,0.124,42,0.086,40,0.064,45,0.061,50,0.07,37,0.055,50,0.074,51,0.072,43,0.06,46,0.064,41,0.055,28,0.037,37,0.045,32,0.038,17,0.023,21,0.031,13,0.02,20,0.037,13,0.031,5,0.012,5,0.025,2,0.015,5,0.044,18,0.107,33,0.104,46,0.093,54,0.082,56,0.074,52,0.071,40,0.059,32,0.047,45,0.063,34,0.048,39,0.055,31,0.043,29,0.038,29,0.034,20,0.022,21,0.027,15,0.02,10,0.014,17,0.027,8,0.017,6,0.013,0,0,4,0.028,7,0.056,17,0.092,40,0.123,36,0.07,38,0.056,55,0.07,36,0.047,42,0.059,40,0.056,30,0.04,42,0.056,36,0.049,35,0.047,30,0.039,30,0.035,23,0.025,20,0.024,12,0.015,10,0.013,13,0.02,11,0.021
Region 16,Region 3,142,0.168,86,0.145,65,0.14,52,0.146,42,0.147,25,0.101,58,0.191,82,0.225,139,0.307,180,0.315,164,0.24,202,0.261,176,0.211,155,0.183,166,0.194,120,0.142,126,0.147,128,0.144,102,0.112,100,0.119,133,0.164,136,0.176,116,0.176,96,0.187,107,0.235,43,0.177,35,0.222,9,0.066,15,0.077,20,0.062,52,0.106,105,0.168,144,0.196,86,0.121,121,0.181,110,0.162,101,0.142,146,0.205,175,0.242,151,0.201,130,0.17,139,0.17,148,0.176,149,0.202,130,0.192,110,0.173,115,0.214,132,0.318,124,0.3,59,0.292,21,0.163,10,0.089,15,0.089,24,0.076,66,0.133,130,0.198,179,0.237,153,0.209,151,0.223,117,0.172,144,0.202,184,0.259,167,0.235,188,0.259,144,0.191,167,0.196,163,0.181,129,0.166,129,0.174,153,0.215,141,0.225,142,0.294,143,0.312,54,0.236,32,0.22,18,0.145,23,0.124,23,0.071,66,0.128,120,0.177,165,0.21,120,0.158,104,0.146,119,0.166,143,0.191,147,0.197,173,0.234,157,0.211,168,0.216,134,0.154,130,0.14,149,0.177,163,0.207,157,0.2,147,0.224,156,0.305
Region 16,Region 4,33,0.039,37,0.062,23,0.05,15,0.042,5,0.018,7,0.028,18,0.059,22,0.06,20,0.044,18,0.031,25,0.037,55,0.071,43,0.052,37,0.044,50,0.058,55,0.065,72,0.084,59,0.066,39,0.043,36,0.043,42,0.052,46,0.059,31,0.047,26,0.051,21,0.046,10,0.041,2,0.013,7,0.051,7,0.036,13,0.04,16,0.033,41,0.066,50,0.068,36,0.051,35,0.052,37,0.055,43,0.06,39,0.055,51,0.071,43,0.057,36,0.047,44,0.054,37,0.044,35,0.047,32,0.047,39,0.061,29,0.054,28,0.068,27,0.065,14,0.069,7,0.054,5,0.044,1,0.006,14,0.044,17,0.034,52,0.079,55,0.073,56,0.076,41,0.06,28,0.041,25,0.035,44,0.062,30,0.042,38,0.052,48,0.064,44,0.052,54,0.06,45,0.058,34,0.046,38,0.053,38,0.061,37,0.077,26,0.057,6,0.026,3,0.021,3,0.024,5,0.027,10,0.031,21,0.041,45,0.066,50,0.064,38,0.05,40,0.056,27,0.038,47,0.063,40,0.054,39,0.053,23,0.031,36,0.046,47,0.054,60,0.065,49,0.058,52,0.066,49,0.062,58,0.088,36,0.07
Region 16,Region 5,179,0.212,132,0.223,73,0.157,60,0.169,71,0.249,58,0.234,67,0.22,100,0.275,108,0.238,149,0.26,213,0.311,216,0.279,192,0.231,255,0.301,321,0.375,282,0.335,248,0.29,263,0.295,234,0.257,196,0.233,182,0.224,149,0.192,121,0.183,92,0.179,82,0.18,31,0.128,26,0.165,19,0.14,32,0.165,59,0.183,109,0.223,171,0.274,230,0.312,211,0.296,215,0.321,158,0.233,160,0.225,183,0.256,214,0.296,216,0.288,150,0.196,208,0.255,224,0.267,171,0.231,218,0.322,156,0.246,124,0.231,97,0.234,77,0.186,43,0.213,16,0.124,26,0.231,16,0.095,76,0.239,113,0.228,179,0.272,229,0.303,234,0.319,204,0.301,184,0.271,202,0.284,186,0.261,188,0.265,171,0.235,181,0.24,214,0.251,298,0.331,240,0.308,187,0.252,191,0.268,163,0.26,108,0.224,84,0.183,40,0.174,33,0.227,18,0.145,34,0.184,65,0.2,142,0.275,243,0.358,247,0.314,226,0.297,202,0.284,214,0.298,214,0.286,199,0.267,218,0.295,169,0.227,174,0.224,240,0.276,318,0.343,221,0.262,218,0.277,237,0.301,193,0.294,107,0.209
Region 16,Region 6,37,0.044,19,0.032,12,0.026,9,0.025,10,0.035,1,0.004,2,0.007,5,0.014,11,0.024,13,0.023,14,0.02,23,0.03,11,0.013,18,0.021,17,0.02,11,0.013,8,0.009,17,0.019,20,0.022,22,0.026,20,0.025,21,0.027,19,0.029,13,0.025,14,0.031,9,0.037,7,0.044,1,0.007,4,0.021,1,0.003,3,0.006,7,0.011,11,0.015,4,0.006,6,0.009,2,0.003,4,0.006,8,0.011,10,0.014,11,0.015,7,0.009,13,0.016,11,0.013,21,0.028,15,0.022,11,0.017,17,0.032,17,0.041,15,0.036,3,0.015,3,0.023,2,0.018,3,0.018,1,0.003,1,0.002,9,0.014,13,0.017,5,0.007,3,0.004,4,0.006,12,0.017,8,0.011,8,0.011,11,0.015,10,0.013,8,0.009,15,0.017,13,0.017,25,0.034,15,0.021,20,0.032,22,0.046,14,0.031,9,0.039,4,0.028,3,0.024,5,0.027,1,0.003,2,0.004,11,0.016,8,0.01,6,0.008,5,0.007,7,0.01,8,0.011,11,0.015,9,0.012,5,0.007,15,0.019,19,0.022,24,0.026,19,0.023,28,0.036,30,0.038,12,0.018,12,0.023
Region 16,Region 7,96,0.114,57,0.096,48,0.103,35,0.099,40,0.14,17,0.069,37,0.122,51,0.14,51,0.113,73,0.128,79,0.116,102,0.132,97,0.117,79,0.093,88,0.103,71,0.084,90,0.105,91,0.102,63,0.069,70,0.083,65,0.08,72,0.093,70,0.106,45,0.087,37,0.081,15,0.062,17,0.108,18,0.132,29,0.149,32,0.099,43,0.088,58,0.093,100,0.136,77,0.108,72,0.107,69,0.102,80,0.112,77,0.108,70,0.097,73,0.097,66,0.086,88,0.108,97,0.116,91,0.123,66,0.098,70,0.11,66,0.123,47,0.113,36,0.087,21,0.104,7,0.054,9,0.08,13,0.077,34,0.107,42,0.085,73,0.111,109,0.144,63,0.086,63,0.093,84,0.124,68,0.096,87,0.122,88,0.124,69,0.095,76,0.101,95,0.111,122,0.136,107,0.137,90,0.121,81,0.114,76,0.121,61,0.126,47,0.102,20,0.087,8,0.055,13,0.105,17,0.092,48,0.148,45,0.087,79,0.116,122,0.155,96,0.126,96,0.135,93,0.13,60,0.08,72,0.097,86,0.116,72,0.097,70,0.09,86,0.099,129,0.139,76,0.09,78,0.099,78,0.099,75,0.114,73,0.143
Region 16,Region 8,55,0.065,39,0.066,23,0.05,14,0.039,5,0.018,9,0.036,21,0.069,22,0.06,24,0.053,46,0.08,60,0.088,68,0.088,86,0.103,98,0.116,89,0.104,101,0.12,105,0.123,97,0.109,91,0.1,94,0.112,61,0.075,62,0.08,47,0.071,38,0.074,27,0.059,10,0.041,3,0.019,7,0.051,8,0.041,23,0.071,73,0.149,93,0.149,90,0.122,86,0.121,56,0.084,59,0.087,72,0.101,54,0.076,76,0.105,86,0.115,53,0.069,82,0.101,69,0.082,60,0.081,50,0.074,42,0.066,28,0.052,31,0.075,25,0.06,6,0.03,4,0.031,7,0.062,10,0.059,29,0.091,67,0.135,101,0.154,105,0.139,86,0.117,58,0.086,35,0.052,51,0.072,49,0.069,52,0.073,56,0.077,75,0.1,84,0.099,79,0.088,67,0.086,55,0.074,55,0.077,44,0.07,29,0.06,27,0.059,5,0.022,1,0.007,5,0.04,8,0.043,16,0.049,68,0.132,94,0.138,96,0.122,101,0.133,91,0.128,56,0.078,76,0.102,73,0.098,80,0.108,74,0.1,82,0.105,95,0.109,108,0.116,81,0.096,73,0.093,62,0.079,53,0.081,29,0.057
Region 16,Region 9,55,0.065,43,0.073,22,0.047,25,0.07,11,0.039,7,0.028,18,0.059,13,0.036,17,0.038,28,0.049,31,0.045,34,0.044,50,0.06,39,0.046,33,0.039,44,0.052,47,0.055,35,0.039,45,0.05,53,0.063,56,0.069,33,0.043,46,0.07,35,0.068,31,0.068,13,0.054,11,0.07,4,0.029,9,0.046,7,0.022,22,0.045,35,0.056,34,0.046,28,0.039,41,0.061,31,0.046,45,0.063,36,0.05,41,0.057,43,0.057,29,0.038,27,0.033,34,0.041,22,0.03,27,0.04,37,0.058,28,0.052,28,0.068,45,0.109,18,0.089,4,0.031,3,0.027,3,0.018,10,0.031,26,0.052,37,0.056,35,0.046,46,0.063,34,0.05,33,0.049,39,0.055,33,0.046,42,0.059,36,0.05,24,0.032,32,0.038,38,0.042,26,0.033,45,0.061,28,0.039,42,0.067,26,0.054,53,0.116,17,0.074,12,0.083,11,0.089,1,0.005,7,0.022,23,0.045,22,0.032,39,0.05,28,0.037,29,0.041,48,0.067,37,0.05,43,0.058,47,0.064,42,0.057,34,0.044,39,0.045,51,0.055,54,0.064,39,0.049,40,0.051,33,0.05,36,0.07
Region 16,Region 10,65,0.077,39,0.066,34,0.073,22,0.062,12,0.042,4,0.016,5,0.016,23,0.063,24,0.053,29,0.051,42,0.061,81,0.105,46,0.055,64,0.076,66,0.077,58,0.069,62,0.073,65,0.073,48,0.053,33,0.039,30,0.037,32,0.041,38,0.058,36,0.07,16,0.035,10,0.041,8,0.051,4,0.029,5,0.026,9,0.028,36,0.074,62,0.099,73,0.099,73,0.103,75,0.112,48,0.071,34,0.048,44,0.062,42,0.058,49,0.065,46,0.06,45,0.055,63,0.075,53,0.072,37,0.055,35,0.055,44,0.082,32,0.077,22,0.053,8,0.04,3,0.023,8,0.071,6,0.036,19,0.06,39,0.079,80,0.122,96,0.127,62,0.085,66,0.097,49,0.072,53,0.075,52,0.073,42,0.059,44,0.061,44,0.058,47,0.055,69,0.077,58,0.075,54,0.073,43,0.06,33,0.053,24,0.05,25,0.054,14,0.061,7,0.048,4,0.032,7,0.038,15,0.046,39,0.076,81,0.119,108,0.137,73,0.096,67,0.094,54,0.075,43,0.058,53,0.071,41,0.055,51,0.069,45,0.058,60,0.069,83,0.089,66,0.078,40,0.051,57,0.072,59,0.09,34,0.066
Region 16,Region 11,66,0.078,36,0.061,34,0.073,17,0.048,12,0.042,10,0.04,49,0.161,23,0.063,26,0.057,57,0.1,82,0.12,108,0.139,113,0.136,119,0.14,114,0.133,112,0.133,106,0.124,100,0.112,132,0.145,95,0.113,103,0.127,88,0.114,71,0.108,41,0.08,17,0.037,15,0.062,6,0.038,6,0.044,12,0.062,20,0.062,33,0.067,73,0.117,103,0.14,129,0.181,145,0.216,129,0.191,144,0.202,140,0.196,121,0.167,132,0.176,115,0.15,114,0.14,117,0.139,90,0.122,84,0.124,97,0.153,57,0.106,30,0.072,29,0.07,9,0.045,8,0.062,10,0.089,9,0.053,22,0.069,35,0.071,73,0.111,111,0.147,127,0.173,138,0.204,136,0.2,115,0.162,161,0.226,133,0.188,116,0.16,83,0.11,107,0.125,131,0.146,94,0.121,108,0.146,98,0.138,67,0.107,50,0.104,30,0.065,19,0.083,6,0.041,3,0.024,10,0.054,20,0.062,46,0.089,76,0.112,98,0.125,121,0.159,139,0.196,121,0.169,127,0.17,118,0.158,135,0.183,100,0.135,108,0.139,159,0.183,148,0.159,111,0.132,111,0.141,90,0.114,78,0.119,66,0.129
Region 16,Region 12,45,0.053,31,0.052,33,0.071,21,0.059,16,0.056,10,0.04,14,0.046,12,0.033,31,0.068,31,0.054,18,0.026,36,0.046,36,0.043,28,0.033,24,0.028,39,0.046,54,0.063,45,0.051,48,0.053,59,0.07,53,0.065,52,0.067,47,0.071,28,0.054,25,0.055,12,0.049,6,0.038,5,0.037,12,0.062,6,0.019,12,0.025,24,0.038,53,0.072,42,0.059,40,0.06,39,0.058,30,0.042,37,0.052,39,0.054,37,0.049,56,0.073,40,0.049,50,0.06,36,0.049,34,0.05,32,0.05,39,0.073,26,0.063,35,0.085,13,0.064,13,0.101,7,0.062,2,0.012,9,0.028,17,0.034,32,0.049,43,0.057,38,0.052,35,0.052,32,0.047,37,0.052,34,0.048,34,0.048,38,0.052,44,0.058,53,0.062,41,0.046,46,0.059,41,0.055,27,0.038,28,0.045,40,0.083,46,0.1,20,0.087,11,0.076,6,0.048,6,0.032,4,0.012,19,0.037,35,0.052,45,0.057,41,0.054,40,0.056,42,0.059,37,0.05,34,0.046,40,0.054,57,0.077,63,0.081,52,0.06,80,0.086,58,0.069,39,0.049,36,0.046,34,0.052,36,0.07
Region 16,Region 13,0,0,0,0,0,0,0,0,0,0,0,0,0,0,0,0,0,0,0,0,0,0,0,0,0,0,0,0,0,0,0,0,0,0,0,0,0,0,0,0,0,0,0,0,0,0,0,0,0,0,0,0,0,0,0,0,0,0,0,0,0,0,0,0,0,0,0,0,0,0,0,0,0,0,0,0,0,0,0,0,0,0,0,0,0,0,0,0,0,0,0,0,0,0,0,0,0,0,0,0,0,0,0,0,0,0,0,0,0,0,0,0,0,0,0,0,0,0,0,0,0,0,0,0,0,0,0,0,0,0,0,0,0,0,0,0,0,0,0,0,0,0,0,0,0,0,0,0,0,0,0,0,0,0,0,0,0,0,0,0,0,0,0,0,0,0,0,0,0,0,0,0,0,0,0,0,0,0,0,0,0,0,0,0,0,0,0,0,0,0,0,0
Region 16,Region 14,104,0.123,61,0.103,49,0.106,36,0.101,23,0.081,14,0.056,55,0.181,36,0.099,68,0.15,74,0.129,93,0.136,124,0.16,116,0.139,136,0.161,120,0.14,142,0.168,145,0.17,125,0.14,148,0.163,124,0.147,140,0.172,130,0.168,74,0.112,63,0.122,61,0.134,22,0.091,14,0.089,11,0.081,8,0.041,15,0.047,34,0.07,71,0.114,123,0.167,131,0.184,150,0.224,125,0.185,138,0.194,152,0.213,112,0.155,133,0.177,154,0.201,146,0.179,125,0.149,141,0.191,124,0.183,96,0.151,89,0.165,71,0.171,68,0.164,36,0.178,14,0.108,12,0.107,20,0.119,14,0.044,29,0.059,77,0.117,121,0.16,121,0.165,118,0.174,110,0.162,134,0.188,150,0.211,121,0.171,142,0.196,159,0.211,138,0.162,148,0.165,149,0.191,163,0.22,147,0.206,100,0.16,66,0.137,72,0.157,38,0.166,14,0.096,15,0.121,13,0.07,14,0.043,34,0.066,81,0.119,99,0.126,130,0.171,110,0.155,139,0.194,138,0.185,155,0.208,130,0.176,144,0.194,123,0.158,155,0.178,226,0.243,168,0.199,137,0.174,118,0.15,94,0.143,94,0.184
Region 16,Region 15,51,0.06,30,0.051,15,0.032,13,0.037,7,0.025,14,0.056,30,0.099,9,0.025,8,0.018,18,0.031,25,0.037,28,0.036,27,0.032,24,0.028,41,0.048,37,0.044,42,0.049,26,0.029,45,0.05,35,0.042,45,0.055,45,0.058,42,0.064,39,0.076,23,0.05,12,0.049,9,0.057,5,0.037,8,0.041,8,0.025,19,0.039,27,0.043,30,0.041,31,0.044,23,0.034,21,0.031,28,0.039,26,0.036,35,0.048,34,0.045,48,0.063,49,0.06,42,0.05,33,0.045,32,0.047,32,0.05,27,0.05,24,0.058,28,0.068,11,0.054,6,0.046,1,0.009,6,0.036,8,0.025,12,0.024,16,0.024,23,0.03,20,0.027,29,0.043,33,0.049,20,0.028,23,0.032,26,0.037,41,0.056,26,0.035,49,0.057,42,0.047,33,0.042,27,0.036,38,0.053,28,0.045,34,0.07,39,0.085,14,0.061,6,0.041,3,0.024,3,0.016,5,0.015,15,0.029,19,0.028,20,0.025,31,0.041,25,0.035,31,0.043,31,0.042,41,0.055,40,0.054,35,0.047,35,0.045,48,0.055,69,0.074,46,0.055,28,0.036,42,0.053,33,0.05,23,0.045
Region 16,Region 16,700,0.828,451,0.761,295,0.635,211,0.594,166,0.582,143,0.577,223,0.733,357,0.981,499,1.101,828,1.447,1059,1.549,1263,1.63,1467,1.762,1567,1.849,1537,1.795,1469,1.743,1455,1.702,1515,1.702,1672,1.84,1355,1.608,1275,1.57,1051,1.356,674,1.022,491,0.955,374,0.821,145,0.597,99,0.627,78,0.573,100,0.515,210,0.651,586,1.198,925,1.482,1195,1.624,1162,1.633,1070,1.597,1171,1.73,1231,1.728,1265,1.773,1243,1.719,1283,1.71,1287,1.683,1554,1.905,1601,1.908,1326,1.794,1172,1.732,894,1.408,648,1.205,390,0.941,346,0.837,132,0.653,81,0.627,61,0.542,98,0.581,232,0.73,556,1.122,1049,1.595,1294,1.71,1182,1.612,1101,1.625,1170,1.722,1243,1.748,1183,1.663,1242,1.751,1291,1.778,1276,1.694,1574,1.846,1652,1.837,1482,1.904,1319,1.778,1084,1.523,782,1.247,488,1.011,365,0.796,165,0.72,75,0.516,91,0.734,129,0.698,223,0.686,549,1.064,1008,1.484,1247,1.585,1220,1.603,1155,1.626,1212,1.689,1376,1.842,1262,1.694,1243,1.68,1249,1.68,1413,1.818,1703,1.961,1898,2.045,1551,1.842,1454,1.845,1244,1.581,778,1.183,502,0.981