Origin,Destination,Date range: 2024-08-27 - 2024-08-27 Time range: 00:00 - 01:00 Trips,Date range: 2024-08-27 - 2024-08-27 Time range: 00:00 - 01:00 Percent,Date range: 2024-08-27 - 2024-08-27 Time range: 01:00 - 02:00 Trips,Date range: 2024-08-27 - 2024-08-27 Time range: 01:00 - 02:00 Percent,Date range: 2024-08-27 - 2024-08-27 Time range: 02:00 - 03:00 Trips,Date range: 2024-08-27 - 2024-08-27 Time range: 02:00 - 03:00 Percent,Date range: 2024-08-27 - 2024-08-27 Time range: 03:00 - 04:00 Trips,Date range: 2024-08-27 - 2024-08-27 Time range: 03:00 - 04:00 Percent,Date range: 2024-08-27 - 2024-08-27 Time range: 04:00 - 05:00 Trips,Date range: 2024-08-27 - 2024-08-27 Time range: 04:00 - 05:00 Percent,Date range: 2024-08-27 - 2024-08-27 Time range: 05:00 - 06:00 Trips,Date range: 2024-08-27 - 2024-08-27 Time range: 05:00 - 06:00 Percent,Date range: 2024-08-27 - 2024-08-27 Time range: 06:00 - 07:00 Trips,Date range: 2024-08-27 - 2024-08-27 Time range: 06:00 - 07:00 Percent,Date range: 2024-08-27 - 2024-08-27 Time range: 07:00 - 08:00 Trips,Date range: 2024-08-27 - 2024-08-27 Time range: 07:00 - 08:00 Percent,Date range: 2024-08-27 - 2024-08-27 Time range: 08:00 - 09:00 Trips,Date range: 2024-08-27 - 2024-08-27 Time range: 08:00 - 09:00 Percent,Date range: 2024-08-27 - 2024-08-27 Time range: 09:00 - 10:00 Trips,Date range: 2024-08-27 - 2024-08-27 Time range: 09:00 - 10:00 Percent,Date range: 2024-08-27 - 2024-08-27 Time range: 10:00 - 11:00 Trips,Date range: 2024-08-27 - 2024-08-27 Time range: 10:00 - 11:00 Percent,Date range: 2024-08-27 - 2024-08-27 Time range: 11:00 - 12:00 Trips,Date range: 2024-08-27 - 2024-08-27 Time range: 11:00 - 12:00 Percent,Date range: 2024-08-27 - 2024-08-27 Time range: 12:00 - 13:00 Trips,Date range: 2024-08-27 - 2024-08-27 Time range: 12:00 - 13:00 Percent,Date range: 2024-08-27 - 2024-08-27 Time range: 13:00 - 14:00 Trips,Date range: 2024-08-27 - 2024-08-27 Time range: 13:00 - 14:00 Percent,Date range: 2024-08-27 - 2024-08-27 Time range: 14:00 - 15:00 Trips,Date range: 2024-08-27 - 2024-08-27 Time range: 14:00 - 15:00 Percent,Date range: 2024-08-27 - 2024-08-27 Time range: 15:00 - 16:00 Trips,Date range: 2024-08-27 - 2024-08-27 Time range: 15:00 - 16:00 Percent,Date range: 2024-08-27 - 2024-08-27 Time range: 16:00 - 17:00 Trips,Date range: 2024-08-27 - 2024-08-27 Time range: 16:00 - 17:00 Percent,Date range: 2024-08-27 - 2024-08-27 Time range: 17:00 - 18:00 Trips,Date range: 2024-08-27 - 2024-08-27 Time range: 17:00 - 18:00 Percent,Date range: 2024-08-27 - 2024-08-27 Time range: 18:00 - 19:00 Trips,Date range: 2024-08-27 - 2024-08-27 Time range: 18:00 - 19:00 Percent,Date range: 2024-08-27 - 2024-08-27 Time range: 19:00 - 20:00 Trips,Date range: 2024-08-27 - 2024-08-27 Time range: 19:00 - 20:00 Percent,Date range: 2024-08-27 - 2024-08-27 Time range: 20:00 - 21:00 Trips,Date range: 2024-08-27 - 2024-08-27 Time range: 20:00 - 21:00 Percent,Date range: 2024-08-27 - 2024-08-27 Time range: 21:00 - 22:00 Trips,Date range: 2024-08-27 - 2024-08-27 Time range: 21:00 - 22:00 Percent,Date range: 2024-08-27 - 2024-08-27 Time range: 22:00 - 23:00 Trips,Date range: 2024-08-27 - 2024-08-27 Time range: 22:00 - 23:00 Percent,Date range: 2024-08-27 - 2024-08-27 Time range: 23:00 - 00:00 Trips,Date range: 2024-08-27 - 2024-08-27 Time range: 23:00 - 00:00 Percent
Region 0,Region 0,6,0.021,1,0.006,1,0.008,0,0,2,0.037,0,0,0,0,2,0.025,4,0.024,10,0.026,22,0.045,20,0.043,9,0.023,15,0.04,10,0.026,11,0.027,11,0.027,11,0.023,28,0.053,9,0.019,9,0.018,15,0.033,9,0.024,7,0.022
Region 0,Region 1,0,0,0,0,0,0,0,0,0,0,0,0,0,0,0,0,0,0,0,0,0,0,0,0,0,0,0,0,0,0,0,0,0,0,0,0,0,0,0,0,0,0,0,0,0,0,0,0
Region 0,Region 2,0,0,0,0,0,0,0,0,0,0,0,0,0,0,0,0,0,0,2,0.005,3,0.006,3,0.007,0,0,1,0.003,0,0,0,0,0,0,1,0.002,0,0,6,0.012,0,0,0,0,1,0.003,0,0
Region 0,Region 3,0,0,1,0.006,1,0.008,0,0,0,0,0,0,0,0,0,0,0,0,0,0,0,0,0,0,0,0,2,0.005,0,0,0,0,1,0.002,1,0.002,1,0.002,0,0,0,0,0,0,0,0,0,0
Region 0,Region 4,0,0,0,0,0,0,0,0,0,0,0,0,0,0,0,0,1,0.006,0,0,1,0.002,1,0.002,1,0.003,0,0,0,0,0,0,2,0.005,1,0.002,1,0.002,1,0.002,0,0,2,0.004,3,0.008,1,0.003
Region 0,Region 5,0,0,0,0,1,0.008,0,0,0,0,0,0,0,0,0,0,0,0,0,0,0,0,0,0,0,0,0,0,1,0.003,0,0,0,0,0,0,0,0,0,0,0,0,0,0,0,0,0,0
Region 0,Region 6,0,0,0,0,0,0,0,0,0,0,0,0,0,0,0,0,0,0,0,0,0,0,0,0,0,0,0,0,0,0,0,0,0,0,0,0,0,0,0,0,0,0,0,0,0,0,0,0
Region 0,Region 7,0,0,0,0,0,0,0,0,0,0,0,0,1,0.021,0,0,1,0.006,1,0.003,2,0.004,3,0.007,2,0.005,1,0.003,0,0,0,0,0,0,0,0,1,0.002,0,0,0,0,0,0,0,0,0,0
Region 0,Region 8,0,0,0,0,0,0,0,0,0,0,0,0,0,0,0,0,0,0,0,0,0,0,0,0,0,0,0,0,0,0,0,0,0,0,0,0,0,0,0,0,0,0,0,0,0,0,0,0
Region 0,Region 9,0,0,0,0,0,0,0,0,0,0,0,0,0,0,0,0,0,0,0,0,0,0,0,0,0,0,0,0,0,0,0,0,0,0,0,0,0,0,0,0,0,0,0,0,0,0,0,0
Region 0,Region 10,7,0.025,3,0.018,1,0.008,1,0.012,1,0.018,0,0,0,0,0,0,5,0.03,6,0.016,5,0.01,12,0.026,13,0.033,4,0.011,5,0.013,2,0.005,4,0.01,10,0.021,12,0.023,7,0.014,3,0.006,8,0.017,7,0.018,6,0.019
Region 0,Region 11,0,0,0,0,0,0,0,0,0,0,0,0,0,0,0,0,0,0,0,0,0,0,0,0,0,0,0,0,0,0,0,0,0,0,0,0,0,0,0,0,0,0,0,0,0,0,0,0
Region 0,Region 12,2,0.007,0,0,0,0,0,0,1,0.018,0,0,1,0.021,1,0.012,2,0.012,2,0.005,5,0.01,2,0.004,3,0.008,2,0.005,2,0.005,1,0.002,2,0.005,0,0,0,0,0,0,1,0.002,0,0,0,0,2,0.006
Region 0,Region 13,0,0,3,0.018,0,0,0,0,0,0,0,0,0,0,0,0,1,0.006,0,0,2,0.004,3,0.007,1,0.003,2,0.005,2,0.005,2,0.005,3,0.007,1,0.002,3,0.006,5,0.01,6,0.012,2,0.004,2,0.005,0,0
Region 0,Region 14,0,0,1,0.006,0,0,1,0.012,0,0,0,0,2,0.042,4,0.049,5,0.03,2,0.005,7,0.014,5,0.011,4,0.01,3,0.008,1,0.003,1,0.002,0,0,3,0.006,3,0.006,1,0.002,2,0.004,2,0.004,2,0.005,1,0.003
Region 0,Region 15,0,0,0,0,0,0,0,0,0,0,0,0,0,0,0,0,0,0,0,0,0,0,0,0,0,0,0,0,0,0,0,0,0,0,0,0,0,0,0,0,0,0,0,0,0,0,0,0
Region 0,Region 16,0,0,0,0,0,0,0,0,0,0,0,0,0,0,0,0,0,0,0,0,0,0,0,0,0,0,0,0,0,0,0,0,0,0,0,0,0,0,0,0,0,0,0,0,0,0,0,0
Region 0,Region 17,0,0,1,0.006,1,0.008,0,0,0,0,0,0,0,0,0,0,0,0,0,0,0,0,0,0,0,0,0,0,0,0,0,0,1,0.002,1,0.002,1,0.002,0,0,0,0,0,0,0,0,1,0.003
Region 0,Region 18,0,0,1,0.006,1,0.008,2,0.025,0,0,0,0,0,0,0,0,0,0,0,0,7,0.014,1,0.002,1,0.003,1,0.003,3,0.008,2,0.005,2,0.005,0,0,0,0,2,0.004,1,0.002,1,0.002,2,0.005,1,0.003
Region 0,Region 19,0,0,0,0,0,0,0,0,0,0,0,0,0,0,0,0,0,0,0,0,0,0,1,0.002,1,0.003,0,0,0,0,0,0,0,0,0,0,0,0,0,0,1,0.002,0,0,0,0,0,0
Region 0,Region 20,0,0,0,0,0,0,0,0,0,0,0,0,0,0,0,0,0,0,1,0.003,0,0,2,0.004,4,0.01,0,0,0,0,0,0,0,0,0,0,0,0,0,0,0,0,0,0,1,0.003,0,0
Region 0,Region 21,0,0,1,0.006,0,0,0,0,0,0,0,0,0,0,0,0,0,0,2,0.005,1,0.002,1,0.002,2,0.005,1,0.003,1,0.003,2,0.005,0,0,0,0,0,0,3,0.006,2,0.004,3,0.007,1,0.003,0,0
Region 0,Region 22,0,0,0,0,0,0,0,0,0,0,0,0,0,0,0,0,1,0.006,2,0.005,2,0.004,1,0.002,0,0,1,0.003,0,0,0,0,0,0,0,0,1,0.002,0,0,0,0,0,0,0,0,0,0
Region 0,Region 23,1,0.004,1,0.006,0,0,0,0,0,0,0,0,0,0,0,0,1,0.006,0,0,0,0,2,0.004,2,0.005,0,0,0,0,0,0,0,0,0,0,1,0.002,1,0.002,2,0.004,0,0,1,0.003,1,0.003
Region 0,Region 24,0,0,0,0,0,0,0,0,0,0,0,0,0,0,0,0,0,0,0,0,0,0,0,0,0,0,0,0,0,0,1,0.002,0,0,0,0,0,0,0,0,1,0.002,0,0,0,0,1,0.003
Region 0,Region 25,0,0,0,0,0,0,0,0,0,0,0,0,0,0,0,0,1,0.006,1,0.003,0,0,0,0,0,0,1,0.003,0,0,0,0,0,0,0,0,0,0,0,0,2,0.004,0,0,0,0,1,0.003
Region 0,Region 26,1,0.004,2,0.012,0,0,1,0.012,0,0,0,0,0,0,0,0,1,0.006,0,0,1,0.002,2,0.004,0,0,0,0,0,0,0,0,0,0,0,0,0,0,0,0,2,0.004,0,0,0,0,0,0
Region 0,Region 27,2,0.007,3,0.018,0,0,0,0,0,0,0,0,0,0,0,0,2,0.012,2,0.005,2,0.004,2,0.004,1,0.003,1,0.003,0,0,2,0.005,4,0.01,2,0.004,5,0.01,2,0.004,1,0.002,2,0.004,4,0.011,5,0.016
Region 0,Region 28,0,0,2,0.012,1,0.008,0,0,0,0,0,0,0,0,0,0,0,0,2,0.005,2,0.004,3,0.007,6,0.015,2,0.005,1,0.003,0,0,0,0,2,0.004,4,0.008,6,0.012,5,0.01,3,0.007,1,0.003,1,0.003
Region 0,Region 29,0,0,0,0,0,0,0,0,1,0.018,0,0,0,0,1,0.012,1,0.006,0,0,3,0.006,2,0.004,1,0.003,0,0,0,0,0,0,0,0,1,0.002,0,0,0,0,1,0.002,0,0,1,0.003,1,0.003
Region 0,Region 30,0,0,0,0,0,0,1,0.012,0,0,0,0,1,0.021,0,0,1,0.006,0,0,2,0.004,0,0,7,0.018,3,0.008,0,0,1,0.002,1,0.002,0,0,0,0,1,0.002,0,0,3,0.007,0,0,0,0
Region 0,Region 31,1,0.004,0,0,0,0,0,0,0,0,0,0,0,0,1,0.012,0,0,0,0,0,0,1,0.002,0,0,1,0.003,0,0,1,0.002,2,0.005,0,0,1,0.002,0,0,0,0,1,0.002,0,0,0,0
Region 0,Region 32,1,0.004,0,0,1,0.008,0,0,0,0,0,0,0,0,0,0,0,0,0,0,0,0,1,0.002,0,0,0,0,0,0,0,0,0,0,1,0.002,1,0.002,0,0,1,0.002,0,0,0,0,1,0.003
Region 0,Region 33,0,0,0,0,0,0,0,0,0,0,0,0,0,0,0,0,0,0,0,0,0,0,0,0,0,0,0,0,1,0.003,0,0,0,0,0,0,0,0,0,0,1,0.002,2,0.004,0,0,0,0
Region 0,Region 34,0,0,0,0,0,0,0,0,0,0,0,0,0,0,0,0,0,0,0,0,0,0,0,0,0,0,0,0,0,0,0,0,0,0,0,0,0,0,0,0,0,0,0,0,0,0,0,0
Region 0,Region 35,0,0,0,0,0,0,0,0,0,0,0,0,0,0,0,0,0,0,0,0,0,0,0,0,0,0,0,0,0,0,0,0,0,0,0,0,0,0,0,0,0,0,0,0,0,0,0,0
Region 0,Region 36,1,0.004,0,0,0,0,0,0,0,0,0,0,0,0,0,0,4,0.024,56,0.148,1,0.002,8,0.017,4,0.01,1,0.003,3,0.008,4,0.01,4,0.01,1,0.002,6,0.011,3,0.006,2,0.004,2,0.004,0,0,1,0.003
Region 0,Region 37,0,0,6,0.035,1,0.008,1,0.012,0,0,0,0,1,0.021,0,0,4,0.024,3,0.008,10,0.02,7,0.015,7,0.018,4,0.011,3,0.008,8,0.02,7,0.017,11,0.023,8,0.015,5,0.01,10,0.02,13,0.028,7,0.018,6,0.019
Region 0,Region 38,1,0.004,1,0.006,0,0,0,0,0,0,0,0,0,0,0,0,0,0,0,0,2,0.004,1,0.002,2,0.005,1,0.003,0,0,0,0,0,0,0,0,0,0,1,0.002,1,0.002,2,0.004,2,0.005,0,0
Region 0,Region 39,0,0,0,0,0,0,0,0,0,0,0,0,0,0,0,0,0,0,0,0,0,0,0,0,0,0,1,0.003,0,0,1,0.002,0,0,0,0,0,0,0,0,0,0,0,0,0,0,1,0.003
Region 0,Region 40,0,0,0,0,0,0,0,0,0,0,0,0,0,0,0,0,0,0,0,0,0,0,0,0,0,0,0,0,0,0,0,0,0,0,0,0,0,0,0,0,0,0,0,0,0,0,0,0
Region 0,Region 41,0,0,0,0,1,0.008,0,0,0,0,0,0,0,0,1,0.012,3,0.018,0,0,0,0,0,0,0,0,0,0,0,0,0,0,0,0,0,0,0,0,0,0,0,0,0,0,0,0,0,0
Region 0,Region 42,0,0,0,0,0,0,0,0,0,0,0,0,0,0,0,0,0,0,0,0,0,0,0,0,0,0,0,0,0,0,0,0,0,0,0,0,0,0,0,0,0,0,0,0,0,0,0,0
Region 0,Region 43,4,0.014,0,0,1,0.008,0,0,1,0.018,0,0,1,0.021,0,0,0,0,3,0.008,2,0.004,9,0.02,6,0.015,5,0.013,6,0.015,5,0.012,8,0.019,12,0.025,8,0.015,3,0.006,6,0.012,4,0.009,1,0.003,1,0.003
Region 0,Region 44,0,0,0,0,0,0,0,0,0,0,0,0,0,0,0,0,0,0,0,0,0,0,0,0,0,0,0,0,0,0,0,0,0,0,0,0,0,0,0,0,0,0,0,0,0,0,0,0
Region 0,Region 45,0,0,0,0,0,0,0,0,0,0,0,0,0,0,0,0,1,0.006,0,0,1,0.002,0,0,0,0,0,0,1,0.003,0,0,0,0,0,0,0,0,0,0,1,0.002,0,0,1,0.003,1,0.003
Region 0,Region 46,1,0.004,2,0.012,0,0,0,0,0,0,0,0,1,0.021,0,0,2,0.012,6,0.016,10,0.02,5,0.011,5,0.013,8,0.021,2,0.005,3,0.007,11,0.027,4,0.008,12,0.023,7,0.014,5,0.01,9,0.02,6,0.016,6,0.019
Region 0,Region 47,9,0.032,1,0.006,3,0.025,0,0,2,0.037,1,0.023,1,0.021,4,0.049,12,0.073,30,0.079,49,0.099,37,0.08,26,0.067,12,0.032,7,0.018,12,0.029,6,0.014,12,0.025,18,0.034,21,0.043,17,0.034,18,0.039,9,0.024,12,0.038
Region 0,Region 48,0,0,1,0.006,0,0,0,0,0,0,0,0,0,0,0,0,1,0.006,4,0.011,3,0.006,3,0.007,2,0.005,0,0,1,0.003,0,0,1,0.002,1,0.002,2,0.004,0,0,1,0.002,1,0.002,0,0,0,0
Region 0,Region 49,0,0,0,0,0,0,0,0,0,0,0,0,0,0,0,0,1,0.006,4,0.011,1,0.002,1,0.002,1,0.003,0,0,0,0,2,0.005,1,0.002,1,0.002,0,0,0,0,0,0,0,0,2,0.005,1,0.003
Region 0,Region 50,2,0.007,1,0.006,1,0.008,0,0,0,0,0,0,0,0,1,0.012,2,0.012,8,0.021,12,0.024,4,0.009,3,0.008,1,0.003,5,0.013,4,0.01,5,0.012,4,0.008,7,0.013,3,0.006,6,0.012,4,0.009,4,0.011,3,0.009
Region 0,Region 51,0,0,1,0.006,0,0,0,0,0,0,0,0,0,0,0,0,1,0.006,1,0.003,1,0.002,3,0.007,2,0.005,0,0,2,0.005,1,0.002,0,0,1,0.002,2,0.004,0,0,1,0.002,0,0,0,0,0,0
Region 0,Region 52,4,0.014,0,0,2,0.016,3,0.037,3,0.055,0,0,0,0,0,0,1,0.006,3,0.008,9,0.018,8,0.017,2,0.005,8,0.021,6,0.015,7,0.017,4,0.01,8,0.017,8,0.015,4,0.008,5,0.01,6,0.013,5,0.013,2,0.006
Region 0,Region 53,1,0.004,1,0.006,0,0,0,0,0,0,0,0,0,0,0,0,0,0,2,0.005,3,0.006,0,0,4,0.01,0,0,2,0.005,1,0.002,0,0,1,0.002,0,0,0,0,1,0.002,1,0.002,1,0.003,2,0.006
Region 0,Region 54,0,0,0,0,1,0.008,0,0,0,0,0,0,0,0,0,0,0,0,0,0,0,0,1,0.002,1,0.003,0,0,0,0,0,0,0,0,1,0.002,0,0,0,0,1,0.002,1,0.002,0,0,0,0
Region 0,Region 55,0,0,0,0,0,0,0,0,0,0,0,0,0,0,0,0,0,0,0,0,0,0,0,0,0,0,0,0,0,0,0,0,0,0,0,0,1,0.002,0,0,3,0.006,0,0,0,0,0,0
Region 0,Region 56,0,0,0,0,1,0.008,0,0,0,0,0,0,0,0,0,0,0,0,4,0.011,18,0.036,3,0.007,6,0.015,5,0.013,6,0.015,1,0.002,0,0,3,0.006,4,0.008,5,0.01,5,0.01,6,0.013,5,0.013,0,0
Region 0,Region 57,0,0,1,0.006,0,0,0,0,0,0,0,0,0,0,0,0,0,0,0,0,1,0.002,1,0.002,2,0.005,0,0,0,0,0,0,0,0,0,0,1,0.002,0,0,0,0,1,0.002,1,0.003,0,0
Region 0,Region 58,0,0,0,0,0,0,0,0,0,0,0,0,0,0,0,0,0,0,0,0,0,0,0,0,0,0,0,0,0,0,0,0,0,0,0,0,0,0,0,0,0,0,0,0,0,0,0,0
Region 0,Region 59,0,0,0,0,0,0,0,0,0,0,0,0,0,0,0,0,0,0,0,0,0,0,0,0,0,0,0,0,0,0,0,0,0,0,0,0,1,0.002,0,0,0,0,0,0,0,0,0,0
Region 0,Region 60,0,0,0,0,0,0,0,0,0,0,0,0,0,0,0,0,1,0.006,1,0.003,2,0.004,3,0.007,1,0.003,0,0,1,0.003,0,0,0,0,0,0,2,0.004,0,0,0,0,2,0.004,0,0,0,0
Region 0,Region 61,0,0,0,0,0,0,0,0,0,0,0,0,0,0,0,0,0,0,0,0,2,0.004,0,0,1,0.003,1,0.003,0,0,1,0.002,2,0.005,1,0.002,1,0.002,0,0,1,0.002,0,0,1,0.003,0,0
Region 0,Region 62,1,0.004,3,0.018,0,0,1,0.012,0,0,0,0,0,0,1,0.012,6,0.036,3,0.008,11,0.022,3,0.007,2,0.005,1,0.003,3,0.008,3,0.007,0,0,0,0,6,0.011,2,0.004,1,0.002,4,0.009,6,0.016,3,0.009
Region 0,Region 63,0,0,0,0,0,0,0,0,0,0,0,0,0,0,0,0,0,0,0,0,0,0,0,0,0,0,0,0,0,0,0,0,0,0,0,0,0,0,0,0,0,0,0,0,0,0,0,0
Region 0,Region 64,0,0,1,0.006,0,0,0,0,0,0,0,0,0,0,0,0,0,0,1,0.003,0,0,0,0,0,0,0,0,0,0,0,0,0,0,1,0.002,1,0.002,1,0.002,0,0,1,0.002,0,0,0,0
Region 0,Region 65,2,0.007,0,0,0,0,0,0,0,0,0,0,0,0,0,0,0,0,1,0.003,3,0.006,2,0.004,3,0.008,2,0.005,1,0.003,0,0,1,0.002,1,0.002,4,0.008,0,0,4,0.008,3,0.007,1,0.003,2,0.006
Region 0,Region 66,3,0.011,3,0.018,1,0.008,0,0,0,0,0,0,0,0,1,0.012,0,0,7,0.018,2,0.004,7,0.015,6,0.015,6,0.016,4,0.01,5,0.012,7,0.017,5,0.01,7,0.013,2,0.004,1,0.002,2,0.004,5,0.013,3,0.009
Region 0,Region 67,1,0.004,0,0,0,0,1,0.012,0,0,0,0,0,0,0,0,1,0.006,4,0.011,4,0.008,2,0.004,1,0.003,0,0,1,0.003,4,0.01,2,0.005,0,0,2,0.004,0,0,1,0.002,1,0.002,0,0,0,0
Region 0,Region 68,0,0,1,0.006,0,0,1,0.012,0,0,0,0,0,0,0,0,0,0,2,0.005,4,0.008,2,0.004,4,0.01,4,0.011,2,0.005,3,0.007,1,0.002,1,0.002,6,0.011,6,0.012,1,0.002,5,0.011,5,0.013,2,0.006
Region 0,Region 69,0,0,1,0.006,0,0,0,0,0,0,0,0,1,0.021,1,0.012,2,0.012,0,0,2,0.004,1,0.002,4,0.01,4,0.011,2,0.005,3,0.007,1,0.002,2,0.004,5,0.01,1,0.002,6,0.012,6,0.013,3,0.008,3,0.009
Region 0,Region 70,0,0,0,0,0,0,0,0,0,0,0,0,0,0,0,0,1,0.006,1,0.003,3,0.006,2,0.004,1,0.003,0,0,0,0,0,0,1,0.002,0,0,0,0,0,0,2,0.004,1,0.002,0,0,1,0.003
Region 0,Region 71,0,0,0,0,0,0,0,0,0,0,0,0,0,0,0,0,1,0.006,0,0,3,0.006,0,0,1,0.003,1,0.003,0,0,1,0.002,2,0.005,1,0.002,1,0.002,0,0,2,0.004,0,0,0,0,2,0.006
Region 0,Region 72,0,0,0,0,0,0,0,0,0,0,0,0,0,0,0,0,0,0,0,0,0,0,0,0,0,0,0,0,0,0,0,0,0,0,0,0,0,0,0,0,0,0,0,0,0,0,0,0
Region 0,Region 73,0,0,0,0,0,0,0,0,0,0,0,0,0,0,0,0,0,0,0,0,0,0,0,0,0,0,0,0,0,0,0,0,0,0,0,0,0,0,0,0,0,0,0,0,0,0,0,0
Region 0,Region 74,0,0,0,0,0,0,0,0,0,0,0,0,0,0,0,0,0,0,0,0,0,0,0,0,1,0.003,0,0,0,0,0,0,0,0,1,0.002,0,0,0,0,0,0,0,0,1,0.003,0,0
Region 0,Region 75,1,0.004,0,0,0,0,0,0,0,0,0,0,0,0,0,0,0,0,0,0,0,0,0,0,0,0,0,0,0,0,0,0,1,0.002,0,0,0,0,0,0,0,0,0,0,0,0,0,0
Region 1,Region 0,0,0,0,0,0,0,0,0,0,0,0,0,0,0,0,0,0,0,0,0,0,0,0,0,0,0,0,0,0,0,0,0,0,0,0,0,0,0,0,0,0,0,0,0,0,0,0,0
Region 1,Region 1,0,0,0,0,0,0,0,0,0,0,0,0,0,0,0,0,0,0,0,0,0,0,0,0,0,0,0,0,0,0,0,0,0,0,0,0,0,0,0,0,0,0,1,0.002,0,0,0,0
Region 1,Region 2,0,0,0,0,0,0,0,0,0,0,0,0,0,0,0,0,0,0,0,0,0,0,0,0,0,0,0,0,0,0,0,0,0,0,0,0,0,0,0,0,0,0,0,0,0,0,0,0
Region 1,Region 3,0,0,0,0,0,0,0,0,0,0,0,0,0,0,0,0,0,0,0,0,0,0,0,0,0,0,0,0,0,0,0,0,0,0,0,0,0,0,0,0,0,0,0,0,0,0,0,0
Region 1,Region 4,0,0,0,0,0,0,0,0,0,0,0,0,0,0,0,0,0,0,0,0,0,0,0,0,0,0,0,0,1,0.003,0,0,0,0,0,0,0,0,0,0,0,0,0,0,0,0,0,0
Region 1,Region 5,0,0,0,0,0,0,0,0,0,0,0,0,0,0,0,0,0,0,0,0,0,0,0,0,0,0,0,0,0,0,0,0,0,0,0,0,0,0,0,0,0,0,0,0,0,0,0,0
Region 1,Region 6,0,0,0,0,0,0,0,0,0,0,0,0,0,0,0,0,0,0,0,0,0,0,0,0,0,0,0,0,0,0,0,0,0,0,0,0,0,0,0,0,0,0,0,0,0,0,0,0
Region 1,Region 7,0,0,0,0,0,0,0,0,0,0,0,0,0,0,0,0,0,0,0,0,0,0,0,0,0,0,0,0,0,0,0,0,0,0,0,0,0,0,0,0,0,0,0,0,0,0,0,0
Region 1,Region 8,0,0,0,0,0,0,0,0,0,0,0,0,0,0,0,0,0,0,0,0,0,0,1,0.002,0,0,0,0,0,0,0,0,2,0.005,0,0,0,0,0,0,1,0.002,0,0,1,0.003,0,0
Region 1,Region 9,0,0,0,0,0,0,0,0,0,0,0,0,0,0,0,0,0,0,0,0,0,0,0,0,0,0,0,0,0,0,0,0,0,0,0,0,0,0,0,0,0,0,0,0,0,0,0,0
Region 1,Region 10,0,0,0,0,0,0,0,0,0,0,0,0,0,0,0,0,0,0,0,0,0,0,0,0,0,0,0,0,0,0,0,0,0,0,0,0,0,0,0,0,0,0,0,0,0,0,0,0
Region 1,Region 11,0,0,0,0,0,0,0,0,0,0,0,0,0,0,0,0,0,0,0,0,0,0,0,0,0,0,0,0,0,0,0,0,0,0,0,0,0,0,0,0,0,0,0,0,0,0,0,0
Region 1,Region 12,0,0,0,0,0,0,0,0,0,0,0,0,0,0,0,0,0,0,0,0,0,0,0,0,0,0,0,0,0,0,0,0,1,0.002,0,0,0,0,0,0,0,0,0,0,0,0,0,0
Region 1,Region 13,0,0,0,0,0,0,0,0,0,0,0,0,0,0,0,0,0,0,0,0,0,0,0,0,0,0,0,0,0,0,0,0,0,0,0,0,0,0,0,0,0,0,0,0,0,0,0,0
Region 1,Region 14,0,0,0,0,0,0,0,0,0,0,0,0,0,0,0,0,0,0,0,0,0,0,0,0,0,0,0,0,2,0.005,0,0,0,0,0,0,0,0,0,0,0,0,0,0,0,0,0,0
Region 1,Region 15,0,0,0,0,0,0,0,0,0,0,0,0,0,0,0,0,0,0,0,0,0,0,0,0,0,0,0,0,0,0,0,0,0,0,0,0,0,0,0,0,0,0,0,0,0,0,0,0
Region 1,Region 16,0,0,0,0,0,0,0,0,0,0,0,0,0,0,0,0,0,0,0,0,0,0,0,0,0,0,0,0,0,0,0,0,0,0,0,0,0,0,0,0,0,0,0,0,0,0,0,0
Region 1,Region 17,0,0,0,0,0,0,0,0,0,0,0,0,0,0,0,0,0,0,0,0,0,0,0,0,0,0,0,0,0,0,0,0,0,0,0,0,0,0,0,0,0,0,0,0,0,0,0,0
Region 1,Region 18,0,0,0,0,0,0,0,0,0,0,0,0,0,0,0,0,0,0,0,0,0,0,0,0,0,0,0,0,0,0,1,0.002,0,0,0,0,0,0,0,0,0,0,0,0,0,0,0,0
Region 1,Region 19,0,0,0,0,0,0,0,0,0,0,0,0,0,0,0,0,0,0,0,0,0,0,0,0,0,0,0,0,0,0,0,0,0,0,0,0,0,0,0,0,0,0,0,0,0,0,0,0
Region 1,Region 20,0,0,0,0,0,0,0,0,0,0,0,0,0,0,0,0,0,0,0,0,0,0,0,0,0,0,0,0,0,0,0,0,0,0,0,0,0,0,0,0,0,0,0,0,0,0,0,0
Region 1,Region 21,0,0,0,0,0,0,0,0,0,0,0,0,0,0,0,0,0,0,0,0,0,0,1,0.002,0,0,0,0,0,0,0,0,0,0,0,0,0,0,0,0,0,0,0,0,0,0,0,0
Region 1,Region 22,0,0,0,0,0,0,0,0,0,0,0,0,0,0,0,0,0,0,0,0,0,0,0,0,0,0,0,0,0,0,0,0,0,0,0,0,0,0,0,0,0,0,0,0,0,0,0,0
Region 1,Region 23,0,0,0,0,0,0,0,0,0,0,0,0,0,0,0,0,0,0,0,0,0,0,0,0,0,0,0,0,0,0,0,0,0,0,0,0,0,0,0,0,0,0,0,0,0,0,0,0
Region 1,Region 24,0,0,0,0,0,0,0,0,0,0,0,0,0,0,0,0,0,0,0,0,0,0,0,0,0,0,0,0,0,0,0,0,0,0,0,0,0,0,0,0,0,0,0,0,0,0,0,0
Region 1,Region 25,0,0,0,0,0,0,0,0,0,0,0,0,0,0,0,0,0,0,0,0,0,0,0,0,0,0,0,0,0,0,0,0,0,0,0,0,0,0,0,0,0,0,0,0,0,0,0,0
Region 1,Region 26,0,0,0,0,1,0.008,0,0,0,0,0,0,0,0,0,0,0,0,0,0,0,0,0,0,0,0,0,0,0,0,0,0,0,0,0,0,0,0,0,0,0,0,0,0,0,0,0,0
Region 1,Region 27,0,0,0,0,0,0,0,0,0,0,0,0,0,0,0,0,0,0,0,0,0,0,0,0,0,0,0,0,0,0,0,0,0,0,0,0,0,0,0,0,0,0,0,0,0,0,0,0
Region 1,Region 28,0,0,0,0,0,0,0,0,0,0,0,0,0,0,0,0,0,0,0,0,0,0,0,0,0,0,0,0,0,0,0,0,0,0,0,0,0,0,0,0,0,0,0,0,0,0,0,0
Region 1,Region 29,0,0,0,0,0,0,0,0,0,0,0,0,0,0,0,0,0,0,0,0,0,0,0,0,0,0,0,0,0,0,0,0,0,0,0,0,0,0,0,0,0,0,0,0,0,0,0,0
Region 1,Region 30,0,0,0,0,0,0,0,0,0,0,0,0,0,0,0,0,0,0,0,0,0,0,0,0,0,0,0,0,0,0,0,0,0,0,0,0,0,0,0,0,0,0,0,0,0,0,0,0
Region 1,Region 31,0,0,0,0,0,0,0,0,0,0,0,0,0,0,0,0,0,0,0,0,0,0,0,0,0,0,0,0,0,0,0,0,0,0,0,0,0,0,0,0,0,0,0,0,0,0,0,0
Region 1,Region 32,0,0,0,0,0,0,0,0,0,0,0,0,0,0,0,0,0,0,0,0,0,0,0,0,0,0,0,0,0,0,0,0,0,0,0,0,1,0.002,0,0,0,0,0,0,0,0,0,0
Region 1,Region 33,0,0,0,0,0,0,0,0,0,0,0,0,0,0,0,0,0,0,0,0,0,0,0,0,0,0,0,0,0,0,0,0,0,0,0,0,0,0,0,0,0,0,0,0,0,0,0,0
Region 1,Region 34,0,0,0,0,0,0,0,0,0,0,0,0,0,0,0,0,0,0,0,0,0,0,0,0,0,0,0,0,0,0,0,0,0,0,0,0,0,0,0,0,0,0,0,0,0,0,0,0
Region 1,Region 35,0,0,0,0,0,0,0,0,0,0,0,0,0,0,0,0,0,0,0,0,0,0,0,0,0,0,0,0,0,0,1,0.002,0,0,1,0.002,0,0,0,0,1,0.002,0,0,0,0,0,0
Region 1,Region 36,0,0,0,0,0,0,0,0,0,0,0,0,0,0,0,0,0,0,0,0,0,0,0,0,0,0,1,0.003,0,0,0,0,0,0,0,0,0,0,0,0,0,0,0,0,0,0,0,0
Region 1,Region 37,0,0,0,0,0,0,0,0,0,0,0,0,0,0,0,0,0,0,0,0,0,0,0,0,0,0,0,0,0,0,0,0,0,0,0,0,0,0,0,0,0,0,0,0,0,0,0,0
Region 1,Region 38,0,0,0,0,0,0,0,0,0,0,0,0,0,0,0,0,0,0,0,0,0,0,0,0,0,0,0,0,0,0,0,0,0,0,0,0,0,0,0,0,0,0,0,0,0,0,0,0
Region 1,Region 39,0,0,0,0,0,0,0,0,0,0,0,0,0,0,0,0,0,0,0,0,0,0,0,0,0,0,0,0,0,0,0,0,0,0,0,0,0,0,0,0,0,0,0,0,0,0,0,0
Region 1,Region 40,0,0,0,0,0,0,0,0,0,0,0,0,0,0,0,0,0,0,0,0,0,0,0,0,0,0,0,0,0,0,0,0,0,0,0,0,0,0,0,0,0,0,0,0,0,0,0,0
Region 1,Region 41,0,0,0,0,0,0,0,0,0,0,0,0,0,0,0,0,0,0,0,0,0,0,0,0,0,0,0,0,0,0,0,0,0,0,0,0,0,0,0,0,0,0,0,0,0,0,0,0
Region 1,Region 42,0,0,0,0,0,0,0,0,0,0,0,0,0,0,0,0,0,0,0,0,0,0,0,0,0,0,0,0,0,0,0,0,0,0,0,0,0,0,0,0,0,0,0,0,0,0,0,0
Region 1,Region 43,0,0,0,0,0,0,0,0,0,0,0,0,0,0,0,0,0,0,0,0,0,0,0,0,0,0,0,0,0,0,0,0,0,0,0,0,0,0,0,0,0,0,0,0,0,0,0,0
Region 1,Region 44,0,0,0,0,0,0,0,0,0,0,0,0,0,0,0,0,0,0,0,0,0,0,0,0,0,0,0,0,0,0,0,0,0,0,0,0,0,0,0,0,0,0,0,0,0,0,0,0
Region 1,Region 45,0,0,0,0,0,0,0,0,0,0,0,0,0,0,0,0,0,0,0,0,0,0,0,0,0,0,0,0,0,0,0,0,0,0,0,0,0,0,0,0,0,0,0,0,0,0,0,0
Region 1,Region 46,0,0,0,0,0,0,0,0,0,0,0,0,0,0,0,0,0,0,0,0,0,0,0,0,0,0,0,0,0,0,0,0,0,0,0,0,0,0,0,0,0,0,0,0,0,0,0,0
Region 1,Region 47,0,0,0,0,0,0,0,0,0,0,0,0,0,0,0,0,0,0,0,0,0,0,0,0,0,0,0,0,0,0,0,0,0,0,0,0,0,0,0,0,0,0,0,0,0,0,0,0
Region 1,Region 48,0,0,0,0,0,0,0,0,0,0,0,0,0,0,0,0,0,0,0,0,0,0,0,0,0,0,0,0,0,0,0,0,0,0,0,0,0,0,0,0,0,0,0,0,0,0,0,0
Region 1,Region 49,0,0,0,0,0,0,0,0,0,0,0,0,0,0,0,0,0,0,0,0,0,0,0,0,0,0,0,0,0,0,0,0,0,0,0,0,0,0,0,0,0,0,0,0,0,0,0,0
Region 1,Region 50,0,0,0,0,0,0,0,0,0,0,0,0,0,0,0,0,0,0,0,0,0,0,0,0,0,0,0,0,0,0,0,0,0,0,0,0,0,0,0,0,0,0,0,0,0,0,0,0
Region 1,Region 51,0,0,0,0,0,0,0,0,0,0,0,0,0,0,0,0,0,0,0,0,0,0,0,0,0,0,0,0,0,0,0,0,0,0,0,0,0,0,0,0,0,0,0,0,0,0,0,0
Region 1,Region 52,0,0,0,0,0,0,0,0,0,0,0,0,0,0,0,0,0,0,0,0,0,0,0,0,0,0,0,0,1,0.003,0,0,0,0,0,0,0,0,0,0,0,0,0,0,0,0,0,0
Region 1,Region 53,0,0,0,0,0,0,0,0,0,0,0,0,0,0,0,0,0,0,0,0,0,0,0,0,0,0,0,0,0,0,0,0,0,0,0,0,0,0,0,0,0,0,0,0,0,0,0,0
Region 1,Region 54,0,0,0,0,0,0,0,0,0,0,0,0,0,0,0,0,0,0,0,0,0,0,0,0,0,0,0,0,0,0,0,0,0,0,0,0,0,0,0,0,0,0,0,0,0,0,0,0
Region 1,Region 55,0,0,0,0,0,0,0,0,0,0,0,0,0,0,0,0,0,0,0,0,0,0,0,0,0,0,0,0,0,0,0,0,0,0,0,0,0,0,0,0,0,0,0,0,0,0,0,0
Region 1,Region 56,0,0,0,0,0,0,0,0,0,0,0,0,0,0,0,0,0,0,0,0,0,0,0,0,0,0,0,0,0,0,0,0,0,0,0,0,0,0,0,0,0,0,0,0,0,0,0,0
Region 1,Region 57,0,0,0,0,0,0,0,0,0,0,0,0,0,0,0,0,0,0,0,0,0,0,0,0,0,0,0,0,0,0,0,0,0,0,0,0,0,0,0,0,0,0,0,0,0,0,0,0
Region 1,Region 58,0,0,0,0,0,0,0,0,0,0,0,0,0,0,0,0,0,0,0,0,0,0,0,0,0,0,0,0,0,0,0,0,0,0,0,0,0,0,0,0,0,0,0,0,0,0,0,0
Region 1,Region 59,0,0,0,0,0,0,0,0,0,0,0,0,0,0,0,0,0,0,0,0,0,0,0,0,0,0,0,0,0,0,0,0,1,0.002,0,0,0,0,0,0,0,0,1,0.002,0,0,0,0
Region 1,Region 60,0,0,0,0,0,0,0,0,0,0,0,0,0,0,0,0,0,0,0,0,0,0,0,0,0,0,0,0,0,0,0,0,0,0,0,0,0,0,0,0,0,0,0,0,0,0,0,0
Region 1,Region 61,0,0,0,0,0,0,0,0,0,0,0,0,0,0,0,0,0,0,0,0,0,0,0,0,0,0,0,0,0,0,0,0,0,0,0,0,0,0,0,0,0,0,0,0,0,0,0,0
Region 1,Region 62,0,0,0,0,0,0,0,0,0,0,0,0,0,0,0,0,0,0,1,0.003,0,0,0,0,0,0,0,0,0,0,0,0,0,0,0,0,0,0,0,0,0,0,0,0,0,0,0,0
Region 1,Region 63,0,0,0,0,0,0,0,0,0,0,0,0,0,0,0,0,0,0,0,0,0,0,0,0,0,0,0,0,0,0,0,0,0,0,0,0,0,0,0,0,0,0,0,0,0,0,0,0
Region 1,Region 64,0,0,0,0,0,0,0,0,0,0,0,0,0,0,0,0,0,0,0,0,0,0,0,0,0,0,0,0,0,0,0,0,0,0,0,0,0,0,0,0,0,0,0,0,0,0,0,0
Region 1,Region 65,0,0,0,0,0,0,0,0,0,0,0,0,0,0,0,0,0,0,0,0,0,0,0,0,0,0,0,0,0,0,0,0,0,0,0,0,0,0,0,0,0,0,0,0,0,0,0,0
Region 1,Region 66,0,0,0,0,0,0,0,0,0,0,0,0,0,0,0,0,0,0,0,0,0,0,0,0,0,0,1,0.003,0,0,0,0,0,0,0,0,0,0,0,0,0,0,0,0,0,0,0,0
Region 1,Region 67,0,0,0,0,0,0,0,0,0,0,0,0,0,0,0,0,0,0,0,0,1,0.002,0,0,0,0,0,0,0,0,0,0,0,0,0,0,1,0.002,0,0,0,0,0,0,0,0,0,0
Region 1,Region 68,0,0,0,0,0,0,0,0,0,0,0,0,0,0,0,0,0,0,0,0,0,0,0,0,0,0,0,0,0,0,0,0,0,0,0,0,0,0,0,0,0,0,0,0,0,0,0,0
Region 1,Region 69,0,0,0,0,0,0,0,0,0,0,0,0,0,0,0,0,0,0,0,0,0,0,0,0,0,0,0,0,0,0,0,0,0,0,0,0,0,0,0,0,0,0,0,0,0,0,0,0
Region 1,Region 70,0,0,0,0,0,0,0,0,0,0,0,0,0,0,0,0,0,0,0,0,0,0,0,0,0,0,0,0,0,0,0,0,0,0,0,0,0,0,0,0,0,0,0,0,0,0,0,0
Region 1,Region 71,0,0,0,0,0,0,0,0,0,0,0,0,0,0,0,0,0,0,0,0,0,0,0,0,0,0,0,0,0,0,0,0,0,0,0,0,0,0,0,0,0,0,0,0,0,0,0,0
Region 1,Region 72,0,0,0,0,0,0,0,0,0,0,0,0,0,0,0,0,0,0,0,0,0,0,0,0,0,0,0,0,0,0,0,0,0,0,0,0,0,0,0,0,0,0,0,0,0,0,0,0
Region 1,Region 73,0,0,0,0,0,0,0,0,0,0,0,0,0,0,0,0,0,0,0,0,0,0,0,0,0,0,0,0,0,0,0,0,0,0,0,0,0,0,0,0,0,0,0,0,0,0,0,0
Region 1,Region 74,0,0,0,0,0,0,0,0,0,0,0,0,0,0,0,0,0,0,0,0,0,0,0,0,0,0,0,0,0,0,0,0,0,0,0,0,0,0,0,0,0,0,0,0,0,0,0,0
Region 1,Region 75,0,0,0,0,0,0,0,0,0,0,0,0,0,0,0,0,0,0,0,0,0,0,0,0,0,0,0,0,0,0,0,0,0,0,0,0,0,0,0,0,0,0,0,0,0,0,0,0
Region 2,Region 0,0,0,0,0,0,0,1,0.012,1,0.018,0,0,0,0,0,0,0,0,0,0,2,0.004,0,0,2,0.005,1,0.003,1,0.003,1,0.002,1,0.002,1,0.002,0,0,1,0.002,1,0.002,1,0.002,0,0,0,0
Region 2,Region 1,0,0,0,0,0,0,0,0,0,0,0,0,0,0,0,0,0,0,0,0,0,0,0,0,0,0,0,0,0,0,0,0,0,0,0,0,0,0,0,0,0,0,0,0,0,0,0,0
Region 2,Region 2,89,0.314,37,0.217,28,0.23,26,0.322,9,0.166,5,0.113,8,0.168,15,0.185,31,0.188,191,0.504,237,0.48,267,0.58,181,0.466,155,0.409,159,0.407,173,0.422,234,0.565,262,0.544,239,0.455,183,0.379,179,0.355,151,0.327,139,0.366,117,0.368
Region 2,Region 3,0,0,0,0,0,0,0,0,0,0,1,0.023,0,0,0,0,1,0.006,2,0.005,4,0.008,6,0.013,6,0.015,1,0.003,3,0.008,3,0.007,3,0.007,0,0,5,0.01,7,0.014,0,0,3,0.007,2,0.005,1,0.003
Region 2,Region 4,0,0,0,0,0,0,1,0.012,0,0,0,0,0,0,0,0,0,0,0,0,2,0.004,1,0.002,0,0,1,0.003,0,0,1,0.002,0,0,2,0.004,1,0.002,1,0.002,1,0.002,2,0.004,1,0.003,0,0
Region 2,Region 5,0,0,0,0,0,0,0,0,0,0,0,0,0,0,0,0,0,0,1,0.003,0,0,0,0,2,0.005,1,0.003,2,0.005,0,0,1,0.002,1,0.002,2,0.004,1,0.002,0,0,0,0,2,0.005,0,0
Region 2,Region 6,0,0,0,0,0,0,0,0,0,0,0,0,0,0,0,0,0,0,0,0,0,0,0,0,0,0,0,0,0,0,0,0,0,0,0,0,0,0,0,0,0,0,0,0,0,0,0,0
Region 2,Region 7,1,0.004,1,0.006,0,0,0,0,0,0,0,0,0,0,0,0,1,0.006,2,0.005,5,0.01,4,0.009,5,0.013,3,0.008,3,0.008,3,0.007,1,0.002,3,0.006,7,0.013,6,0.012,2,0.004,5,0.011,2,0.005,1,0.003
Region 2,Region 8,0,0,0,0,0,0,0,0,0,0,0,0,0,0,0,0,0,0,0,0,0,0,0,0,0,0,1,0.003,0,0,0,0,0,0,0,0,0,0,0,0,0,0,0,0,0,0,0,0
Region 2,Region 9,0,0,0,0,0,0,0,0,0,0,0,0,0,0,0,0,0,0,0,0,0,0,0,0,0,0,0,0,0,0,0,0,0,0,0,0,0,0,0,0,0,0,0,0,0,0,0,0
Region 2,Region 10,1,0.004,0,0,1,0.008,0,0,0,0,0,0,0,0,0,0,0,0,1,0.003,4,0.008,9,0.02,4,0.01,2,0.005,6,0.015,2,0.005,6,0.014,7,0.015,2,0.004,7,0.014,9,0.018,3,0.007,4,0.011,4,0.013
Region 2,Region 11,0,0,0,0,0,0,0,0,0,0,0,0,0,0,0,0,0,0,0,0,0,0,0,0,0,0,0,0,0,0,0,0,0,0,0,0,0,0,0,0,0,0,0,0,0,0,0,0
Region 2,Region 12,4,0.014,1,0.006,0,0,1,0.012,1,0.018,1,0.023,0,0,1,0.012,6,0.036,9,0.024,7,0.014,17,0.037,20,0.052,12,0.032,11,0.028,4,0.01,8,0.019,10,0.021,8,0.015,14,0.029,7,0.014,5,0.011,7,0.018,3,0.009
Region 2,Region 13,0,0,1,0.006,0,0,0,0,0,0,0,0,0,0,0,0,0,0,0,0,2,0.004,1,0.002,1,0.003,2,0.005,3,0.008,4,0.01,1,0.002,2,0.004,0,0,3,0.006,6,0.012,0,0,1,0.003,0,0
Region 2,Region 14,4,0.014,2,0.012,4,0.033,4,0.05,0,0,0,0,2,0.042,6,0.074,3,0.018,8,0.021,10,0.02,31,0.067,17,0.044,17,0.045,17,0.044,12,0.029,11,0.027,7,0.015,14,0.027,9,0.019,17,0.034,3,0.007,18,0.047,5,0.016
Region 2,Region 15,0,0,0,0,0,0,0,0,0,0,0,0,0,0,0,0,0,0,0,0,0,0,0,0,0,0,0,0,0,0,0,0,0,0,0,0,0,0,0,0,0,0,0,0,0,0,0,0
Region 2,Region 16,0,0,0,0,0,0,0,0,0,0,0,0,0,0,0,0,0,0,0,0,0,0,0,0,0,0,0,0,0,0,0,0,0,0,0,0,0,0,0,0,0,0,0,0,0,0,0,0
Region 2,Region 17,2,0.007,0,0,0,0,0,0,0,0,0,0,0,0,0,0,0,0,1,0.003,1,0.002,0,0,0,0,0,0,0,0,0,0,1,0.002,1,0.002,1,0.002,2,0.004,0,0,2,0.004,1,0.003,1,0.003
Region 2,Region 18,3,0.011,1,0.006,1,0.008,1,0.012,0,0,1,0.023,0,0,1,0.012,0,0,2,0.005,3,0.006,5,0.011,9,0.023,8,0.021,5,0.013,9,0.022,2,0.005,7,0.015,7,0.013,11,0.023,9,0.018,3,0.007,1,0.003,3,0.009
Region 2,Region 19,0,0,0,0,0,0,0,0,0,0,1,0.023,0,0,0,0,0,0,2,0.005,2,0.004,4,0.009,0,0,3,0.008,0,0,0,0,0,0,1,0.002,1,0.002,1,0.002,1,0.002,0,0,0,0,1,0.003
Region 2,Region 20,3,0.011,0,0,0,0,1,0.012,1,0.018,1,0.023,1,0.021,2,0.025,10,0.061,14,0.037,10,0.02,8,0.017,10,0.026,9,0.024,8,0.02,12,0.029,4,0.01,11,0.023,3,0.006,10,0.021,7,0.014,4,0.009,7,0.018,4,0.013
Region 2,Region 21,9,0.032,3,0.018,3,0.025,2,0.025,0,0,1,0.023,0,0,1,0.012,2,0.012,7,0.018,9,0.018,19,0.041,19,0.049,18,0.047,26,0.067,21,0.051,25,0.06,18,0.037,34,0.065,16,0.033,31,0.061,19,0.041,16,0.042,18,0.057
Region 2,Region 22,1,0.004,0,0,0,0,0,0,0,0,1,0.023,0,0,0,0,1,0.006,1,0.003,5,0.01,2,0.004,2,0.005,0,0,1,0.003,3,0.007,2,0.005,6,0.012,2,0.004,1,0.002,9,0.018,5,0.011,5,0.013,1,0.003
Region 2,Region 23,1,0.004,0,0,1,0.008,1,0.012,0,0,0,0,0,0,0,0,0,0,0,0,2,0.004,2,0.004,3,0.008,2,0.005,2,0.005,1,0.002,1,0.002,7,0.015,2,0.004,3,0.006,6,0.012,2,0.004,2,0.005,2,0.006
Region 2,Region 24,4,0.014,6,0.035,1,0.008,0,0,0,0,1,0.023,0,0,2,0.025,0,0,2,0.005,14,0.028,9,0.02,13,0.033,12,0.032,12,0.031,7,0.017,19,0.046,26,0.054,16,0.03,14,0.029,17,0.034,11,0.024,18,0.047,12,0.038
Region 2,Region 25,0,0,0,0,0,0,0,0,0,0,0,0,0,0,0,0,0,0,1,0.003,0,0,0,0,0,0,0,0,0,0,1,0.002,0,0,3,0.006,0,0,2,0.004,0,0,0,0,2,0.005,0,0
Region 2,Region 26,1,0.004,0,0,1,0.008,0,0,0,0,0,0,0,0,0,0,0,0,1,0.003,6,0.012,4,0.009,0,0,1,0.003,4,0.01,1,0.002,12,0.029,11,0.023,2,0.004,3,0.006,6,0.012,5,0.011,6,0.016,0,0
Region 2,Region 27,0,0,0,0,0,0,0,0,0,0,0,0,0,0,0,0,0,0,0,0,0,0,1,0.002,0,0,0,0,1,0.003,0,0,0,0,2,0.004,3,0.006,4,0.008,2,0.004,1,0.002,0,0,0,0
Region 2,Region 28,1,0.004,0,0,1,0.008,0,0,0,0,0,0,0,0,0,0,0,0,0,0,0,0,1,0.002,1,0.003,0,0,2,0.005,0,0,1,0.002,0,0,1,0.002,2,0.004,1,0.002,0,0,1,0.003,0,0
Region 2,Region 29,0,0,1,0.006,0,0,0,0,1,0.018,0,0,0,0,0,0,2,0.012,10,0.026,8,0.016,20,0.043,9,0.023,4,0.011,6,0.015,2,0.005,2,0.005,6,0.012,2,0.004,3,0.006,4,0.008,2,0.004,1,0.003,1,0.003
Region 2,Region 30,4,0.014,2,0.012,1,0.008,3,0.037,2,0.037,0,0,0,0,2,0.025,5,0.03,7,0.018,17,0.034,15,0.033,12,0.031,7,0.018,20,0.051,24,0.059,22,0.053,15,0.031,18,0.034,17,0.035,9,0.018,10,0.022,13,0.034,6,0.019
Region 2,Region 31,0,0,0,0,2,0.016,2,0.025,1,0.018,0,0,1,0.021,1,0.012,1,0.006,5,0.013,9,0.018,6,0.013,6,0.015,6,0.016,10,0.026,5,0.012,11,0.027,4,0.008,4,0.008,5,0.01,8,0.016,5,0.011,3,0.008,1,0.003
Region 2,Region 32,0,0,0,0,1,0.008,1,0.012,0,0,0,0,0,0,0,0,0,0,1,0.003,1,0.002,0,0,0,0,0,0,0,0,0,0,0,0,1,0.002,0,0,1,0.002,2,0.004,2,0.004,0,0,0,0
Region 2,Region 33,0,0,0,0,0,0,0,0,0,0,0,0,0,0,0,0,0,0,0,0,0,0,0,0,0,0,0,0,0,0,0,0,0,0,1,0.002,0,0,1,0.002,0,0,0,0,1,0.003,1,0.003
Region 2,Region 34,0,0,0,0,0,0,0,0,0,0,0,0,0,0,0,0,0,0,0,0,0,0,0,0,0,0,0,0,0,0,0,0,0,0,0,0,0,0,0,0,0,0,0,0,0,0,0,0
Region 2,Region 35,0,0,0,0,0,0,0,0,0,0,0,0,0,0,0,0,0,0,0,0,0,0,0,0,0,0,0,0,0,0,0,0,0,0,0,0,0,0,0,0,0,0,0,0,0,0,0,0
Region 2,Region 36,0,0,0,0,0,0,0,0,0,0,0,0,0,0,0,0,1,0.006,0,0,0,0,1,0.002,0,0,0,0,2,0.005,2,0.005,1,0.002,3,0.006,3,0.006,1,0.002,3,0.006,1,0.002,2,0.005,0,0
Region 2,Region 37,3,0.011,1,0.006,0,0,1,0.012,0,0,0,0,0,0,0,0,0,0,1,0.003,2,0.004,3,0.007,3,0.008,0,0,1,0.003,1,0.002,2,0.005,2,0.004,2,0.004,4,0.008,4,0.008,1,0.002,1,0.003,1,0.003
Region 2,Region 38,1,0.004,1,0.006,2,0.016,1,0.012,0,0,0,0,0,0,0,0,1,0.006,6,0.016,11,0.022,7,0.015,12,0.031,5,0.013,12,0.031,14,0.034,8,0.019,9,0.019,15,0.029,10,0.021,13,0.026,10,0.022,8,0.021,6,0.019
Region 2,Region 39,1,0.004,0,0,1,0.008,0,0,0,0,0,0,0,0,0,0,0,0,0,0,8,0.016,7,0.015,2,0.005,3,0.008,1,0.003,4,0.01,4,0.01,5,0.01,4,0.008,6,0.012,7,0.014,1,0.002,3,0.008,2,0.006
Region 2,Region 40,0,0,0,0,0,0,0,0,0,0,0,0,0,0,0,0,0,0,0,0,0,0,0,0,0,0,0,0,0,0,0,0,0,0,0,0,0,0,0,0,0,0,0,0,0,0,0,0
Region 2,Region 41,0,0,0,0,0,0,0,0,0,0,0,0,0,0,0,0,0,0,0,0,1,0.002,0,0,0,0,0,0,0,0,0,0,0,0,0,0,0,0,0,0,0,0,1,0.002,0,0,0,0
Region 2,Region 42,0,0,0,0,0,0,0,0,0,0,0,0,0,0,0,0,0,0,0,0,0,0,0,0,0,0,0,0,0,0,0,0,0,0,0,0,0,0,0,0,0,0,0,0,0,0,0,0
Region 2,Region 43,0,0,0,0,0,0,1,0.012,0,0,0,0,1,0.021,0,0,1,0.006,1,0.003,4,0.008,2,0.004,6,0.015,9,0.024,11,0.028,5,0.012,2,0.005,4,0.008,4,0.008,10,0.021,2,0.004,6,0.013,2,0.005,4,0.013
Region 2,Region 44,0,0,0,0,0,0,0,0,0,0,0,0,0,0,0,0,0,0,0,0,0,0,0,0,0,0,0,0,0,0,0,0,0,0,0,0,0,0,0,0,0,0,0,0,0,0,0,0
Region 2,Region 45,0,0,0,0,0,0,0,0,0,0,0,0,0,0,0,0,0,0,0,0,1,0.002,0,0,2,0.005,1,0.003,0,0,0,0,0,0,1,0.002,0,0,0,0,1,0.002,0,0,3,0.008,2,0.006
Region 2,Region 46,0,0,0,0,0,0,0,0,0,0,0,0,0,0,0,0,0,0,2,0.005,3,0.006,3,0.007,3,0.008,3,0.008,3,0.008,4,0.01,1,0.002,2,0.004,2,0.004,3,0.006,2,0.004,3,0.007,1,0.003,0,0
Region 2,Region 47,24,0.085,15,0.088,7,0.058,5,0.062,1,0.018,1,0.023,7,0.147,11,0.135,18,0.109,94,0.248,136,0.275,127,0.276,96,0.247,76,0.2,108,0.277,72,0.176,106,0.256,155,0.322,136,0.259,121,0.25,126,0.25,67,0.145,87,0.229,32,0.101
Region 2,Region 48,0,0,0,0,0,0,0,0,1,0.018,0,0,0,0,0,0,0,0,3,0.008,12,0.024,7,0.015,10,0.026,11,0.029,1,0.003,9,0.022,8,0.019,6,0.012,7,0.013,8,0.017,5,0.01,7,0.015,1,0.003,4,0.013
Region 2,Region 49,1,0.004,2,0.012,1,0.008,0,0,0,0,1,0.023,1,0.021,0,0,0,0,4,0.011,10,0.02,1,0.002,3,0.008,3,0.008,2,0.005,5,0.012,4,0.01,2,0.004,3,0.006,3,0.006,4,0.008,0,0,1,0.003,1,0.003
Region 2,Region 50,2,0.007,1,0.006,0,0,0,0,0,0,0,0,0,0,0,0,2,0.012,1,0.003,3,0.006,4,0.009,4,0.01,0,0,6,0.015,2,0.005,1,0.002,6,0.012,6,0.011,5,0.01,3,0.006,3,0.007,2,0.005,1,0.003
Region 2,Region 51,6,0.021,2,0.012,1,0.008,3,0.037,0,0,0,0,0,0,1,0.012,1,0.006,3,0.008,6,0.012,8,0.017,9,0.023,5,0.013,11,0.028,7,0.017,22,0.053,14,0.029,10,0.019,10,0.021,10,0.02,7,0.015,8,0.021,5,0.016
Region 2,Region 52,1,0.004,2,0.012,1,0.008,2,0.025,0,0,0,0,0,0,2,0.025,1,0.006,0,0,1,0.002,2,0.004,0,0,1,0.003,1,0.003,3,0.007,4,0.01,4,0.008,4,0.008,6,0.012,1,0.002,2,0.004,2,0.005,3,0.009
Region 2,Region 53,10,0.035,6,0.035,5,0.041,3,0.037,3,0.055,5,0.113,2,0.042,1,0.012,4,0.024,11,0.029,39,0.079,54,0.117,41,0.106,34,0.09,53,0.136,62,0.151,74,0.179,54,0.112,57,0.109,52,0.108,61,0.121,45,0.098,34,0.09,18,0.057
Region 2,Region 54,1,0.004,0,0,0,0,0,0,0,0,0,0,0,0,0,0,2,0.012,1,0.003,0,0,0,0,1,0.003,0,0,1,0.003,2,0.005,2,0.005,0,0,3,0.006,3,0.006,1,0.002,0,0,1,0.003,2,0.006
Region 2,Region 55,0,0,0,0,0,0,0,0,0,0,0,0,0,0,0,0,0,0,0,0,0,0,0,0,0,0,0,0,2,0.005,0,0,0,0,0,0,0,0,0,0,0,0,0,0,0,0,0,0
Region 2,Region 56,0,0,0,0,0,0,0,0,0,0,0,0,0,0,0,0,0,0,0,0,1,0.002,1,0.002,1,0.003,0,0,1,0.003,0,0,1,0.002,1,0.002,2,0.004,0,0,3,0.006,1,0.002,1,0.003,1,0.003
Region 2,Region 57,0,0,0,0,0,0,0,0,0,0,0,0,0,0,0,0,0,0,0,0,0,0,0,0,0,0,0,0,1,0.003,0,0,0,0,0,0,0,0,1,0.002,0,0,2,0.004,1,0.003,0,0
Region 2,Region 58,0,0,0,0,0,0,0,0,0,0,0,0,0,0,0,0,0,0,0,0,0,0,0,0,0,0,0,0,0,0,0,0,0,0,0,0,0,0,0,0,0,0,0,0,0,0,0,0
Region 2,Region 59,0,0,0,0,0,0,0,0,0,0,0,0,0,0,0,0,0,0,0,0,0,0,0,0,0,0,0,0,0,0,0,0,0,0,0,0,0,0,0,0,0,0,0,0,0,0,0,0
Region 2,Region 60,0,0,0,0,0,0,0,0,0,0,0,0,0,0,1,0.012,4,0.024,8,0.021,14,0.028,8,0.017,3,0.008,5,0.013,4,0.01,3,0.007,6,0.014,2,0.004,2,0.004,5,0.01,4,0.008,0,0,2,0.005,1,0.003
Region 2,Region 61,2,0.007,1,0.006,2,0.016,2,0.025,0,0,0,0,0,0,1,0.012,1,0.006,5,0.013,17,0.034,10,0.022,8,0.021,5,0.013,3,0.008,6,0.015,16,0.039,26,0.054,24,0.046,20,0.041,22,0.044,9,0.02,8,0.021,8,0.025
Region 2,Region 62,0,0,0,0,1,0.008,0,0,0,0,0,0,0,0,1,0.012,2,0.012,5,0.013,5,0.01,6,0.013,7,0.018,3,0.008,8,0.02,2,0.005,3,0.007,6,0.012,9,0.017,8,0.017,12,0.024,3,0.007,8,0.021,1,0.003
Region 2,Region 63,0,0,0,0,0,0,0,0,0,0,0,0,0,0,0,0,0,0,0,0,0,0,0,0,0,0,0,0,0,0,0,0,0,0,0,0,0,0,0,0,0,0,0,0,0,0,0,0
Region 2,Region 64,0,0,0,0,0,0,0,0,0,0,0,0,0,0,0,0,0,0,2,0.005,3,0.006,1,0.002,3,0.008,1,0.003,0,0,1,0.002,2,0.005,0,0,3,0.006,1,0.002,5,0.01,2,0.004,3,0.008,3,0.009
Region 2,Region 65,1,0.004,1,0.006,0,0,0,0,0,0,1,0.023,0,0,0,0,1,0.006,0,0,0,0,0,0,1,0.003,0,0,2,0.005,3,0.007,1,0.002,1,0.002,2,0.004,2,0.004,2,0.004,4,0.009,2,0.005,5,0.016
Region 2,Region 66,1,0.004,0,0,1,0.008,0,0,0,0,0,0,0,0,0,0,2,0.012,3,0.008,1,0.002,4,0.009,2,0.005,1,0.003,3,0.008,0,0,0,0,4,0.008,5,0.01,0,0,3,0.006,2,0.004,2,0.005,1,0.003
Region 2,Region 67,2,0.007,0,0,0,0,0,0,0,0,0,0,0,0,1,0.012,1,0.006,4,0.011,5,0.01,2,0.004,6,0.015,7,0.018,13,0.033,5,0.012,5,0.012,5,0.01,8,0.015,3,0.006,5,0.01,4,0.009,5,0.013,2,0.006
Region 2,Region 68,1,0.004,0,0,0,0,1,0.012,0,0,0,0,0,0,0,0,1,0.006,3,0.008,3,0.006,4,0.009,7,0.018,9,0.024,6,0.015,5,0.012,6,0.014,6,0.012,9,0.017,4,0.008,5,0.01,2,0.004,1,0.003,0,0
Region 2,Region 69,3,0.011,1,0.006,0,0,0,0,0,0,0,0,0,0,0,0,3,0.018,5,0.013,10,0.02,7,0.015,9,0.023,9,0.024,7,0.018,12,0.029,9,0.022,10,0.021,12,0.023,12,0.025,10,0.02,11,0.024,8,0.021,4,0.013
Region 2,Region 70,0,0,0,0,0,0,0,0,0,0,0,0,0,0,0,0,1,0.006,5,0.013,4,0.008,3,0.007,3,0.008,6,0.016,1,0.003,6,0.015,3,0.007,2,0.004,6,0.011,3,0.006,3,0.006,4,0.009,1,0.003,1,0.003
Region 2,Region 71,0,0,0,0,0,0,0,0,0,0,0,0,0,0,0,0,0,0,1,0.003,1,0.002,0,0,0,0,4,0.011,3,0.008,0,0,1,0.002,2,0.004,2,0.004,3,0.006,3,0.006,0,0,1,0.003,3,0.009
Region 2,Region 72,0,0,0,0,0,0,0,0,0,0,0,0,0,0,0,0,0,0,0,0,0,0,0,0,0,0,0,0,0,0,0,0,0,0,0,0,0,0,0,0,0,0,0,0,0,0,0,0
Region 2,Region 73,0,0,0,0,0,0,0,0,0,0,0,0,0,0,0,0,0,0,0,0,0,0,0,0,0,0,0,0,0,0,0,0,0,0,0,0,0,0,0,0,0,0,0,0,0,0,0,0
Region 2,Region 74,1,0.004,1,0.006,1,0.008,0,0,0,0,0,0,0,0,0,0,1,0.006,4,0.011,0,0,0,0,3,0.008,1,0.003,0,0,0,0,1,0.002,3,0.006,5,0.01,1,0.002,4,0.008,2,0.004,1,0.003,1,0.003
Region 2,Region 75,0,0,0,0,0,0,0,0,0,0,0,0,0,0,0,0,0,0,0,0,0,0,1,0.002,0,0,0,0,0,0,0,0,0,0,0,0,1,0.002,0,0,1,0.002,0,0,0,0,1,0.003
Region 3,Region 0,0,0,0,0,1,0.008,0,0,0,0,0,0,0,0,0,0,0,0,1,0.003,0,0,2,0.004,0,0,0,0,0,0,0,0,0,0,1,0.002,2,0.004,2,0.004,0,0,1,0.002,0,0,1,0.003
Region 3,Region 1,0,0,0,0,0,0,0,0,0,0,0,0,0,0,0,0,0,0,0,0,0,0,0,0,0,0,0,0,0,0,0,0,0,0,0,0,0,0,0,0,0,0,0,0,0,0,0,0
Region 3,Region 2,4,0.014,1,0.006,1,0.008,0,0,0,0,0,0,1,0.021,0,0,1,0.006,2,0.005,7,0.014,6,0.013,3,0.008,4,0.011,2,0.005,3,0.007,2,0.005,1,0.002,4,0.008,4,0.008,3,0.006,5,0.011,2,0.005,1,0.003
Region 3,Region 3,68,0.24,22,0.129,12,0.099,15,0.186,5,0.092,8,0.181,5,0.105,7,0.086,10,0.061,55,0.145,89,0.18,70,0.152,56,0.144,56,0.148,48,0.123,67,0.163,67,0.162,87,0.181,84,0.16,74,0.153,85,0.168,68,0.147,73,0.192,65,0.204
Region 3,Region 4,2,0.007,0,0,2,0.016,0,0,0,0,0,0,0,0,1,0.012,1,0.006,2,0.005,0,0,0,0,0,0,0,0,6,0.015,2,0.005,2,0.005,1,0.002,2,0.004,2,0.004,2,0.004,1,0.002,1,0.003,0,0
Region 3,Region 5,3,0.011,5,0.029,0,0,2,0.025,1,0.018,0,0,0,0,0,0,3,0.018,9,0.024,12,0.024,2,0.004,3,0.008,7,0.018,2,0.005,0,0,5,0.012,3,0.006,5,0.01,3,0.006,1,0.002,5,0.011,3,0.008,8,0.025
Region 3,Region 6,0,0,0,0,0,0,0,0,0,0,0,0,0,0,0,0,0,0,0,0,0,0,0,0,0,0,0,0,0,0,0,0,0,0,0,0,0,0,0,0,0,0,0,0,0,0,0,0
Region 3,Region 7,2,0.007,1,0.006,2,0.016,1,0.012,1,0.018,1,0.023,0,0,1,0.012,5,0.03,12,0.032,16,0.032,17,0.037,10,0.026,3,0.008,7,0.018,5,0.012,6,0.014,7,0.015,6,0.011,10,0.021,10,0.02,7,0.015,5,0.013,5,0.016
Region 3,Region 8,0,0,0,0,0,0,0,0,0,0,0,0,0,0,0,0,0,0,0,0,0,0,0,0,0,0,0,0,0,0,0,0,0,0,0,0,0,0,0,0,0,0,0,0,0,0,0,0
Region 3,Region 9,0,0,0,0,0,0,0,0,0,0,0,0,0,0,0,0,0,0,0,0,0,0,0,0,0,0,0,0,0,0,0,0,0,0,0,0,0,0,0,0,0,0,0,0,0,0,0,0
Region 3,Region 10,0,0,0,0,0,0,0,0,0,0,1,0.023,0,0,1,0.012,1,0.006,2,0.005,0,0,2,0.004,1,0.003,2,0.005,0,0,0,0,0,0,1,0.002,3,0.006,2,0.004,5,0.01,1,0.002,1,0.003,1,0.003
Region 3,Region 11,0,0,0,0,0,0,0,0,0,0,0,0,0,0,0,0,0,0,0,0,0,0,0,0,0,0,0,0,0,0,0,0,0,0,0,0,0,0,0,0,0,0,0,0,0,0,0,0
Region 3,Region 12,14,0.049,8,0.047,6,0.049,1,0.012,2,0.037,2,0.045,1,0.021,9,0.111,21,0.127,30,0.079,40,0.081,26,0.056,21,0.054,15,0.04,13,0.033,14,0.034,22,0.053,21,0.044,14,0.027,12,0.025,18,0.036,16,0.035,13,0.034,21,0.066
Region 3,Region 13,1,0.004,0,0,0,0,0,0,0,0,0,0,1,0.021,0,0,2,0.012,1,0.003,2,0.004,3,0.007,0,0,2,0.005,3,0.008,2,0.005,3,0.007,2,0.004,2,0.004,4,0.008,3,0.006,1,0.002,4,0.011,1,0.003
Region 3,Region 14,19,0.067,10,0.059,9,0.074,4,0.05,2,0.037,4,0.09,10,0.21,17,0.209,37,0.224,48,0.127,60,0.121,58,0.126,51,0.131,32,0.084,24,0.061,30,0.073,22,0.053,18,0.037,33,0.063,35,0.072,31,0.061,32,0.069,25,0.066,20,0.063
Region 3,Region 15,0,0,0,0,0,0,0,0,0,0,0,0,0,0,0,0,0,0,0,0,0,0,0,0,0,0,0,0,0,0,0,0,0,0,0,0,0,0,0,0,0,0,0,0,0,0,0,0
Region 3,Region 16,0,0,0,0,0,0,0,0,0,0,0,0,0,0,0,0,0,0,0,0,0,0,0,0,0,0,0,0,0,0,0,0,0,0,0,0,0,0,0,0,0,0,0,0,0,0,0,0
Region 3,Region 17,2,0.007,2,0.012,1,0.008,0,0,0,0,0,0,0,0,0,0,0,0,1,0.003,0,0,1,0.002,0,0,1,0.003,1,0.003,1,0.002,0,0,0,0,3,0.006,1,0.002,2,0.004,1,0.002,1,0.003,0,0
Region 3,Region 18,2,0.007,0,0,1,0.008,0,0,0,0,0,0,0,0,0,0,0,0,4,0.011,1,0.002,5,0.011,5,0.013,4,0.011,4,0.01,1,0.002,3,0.007,3,0.006,3,0.006,3,0.006,1,0.002,4,0.009,1,0.003,0,0
Region 3,Region 19,3,0.011,1,0.006,0,0,0,0,0,0,0,0,0,0,1,0.012,2,0.012,3,0.008,4,0.008,5,0.011,5,0.013,5,0.013,4,0.01,5,0.012,2,0.005,3,0.006,5,0.01,5,0.01,4,0.008,2,0.004,2,0.005,1,0.003
Region 3,Region 20,12,0.042,4,0.023,2,0.016,2,0.025,0,0,5,0.113,5,0.105,9,0.111,16,0.097,37,0.098,39,0.079,22,0.048,16,0.041,10,0.026,6,0.015,15,0.037,9,0.022,12,0.025,16,0.03,6,0.012,12,0.024,22,0.048,12,0.032,10,0.031
Region 3,Region 21,1,0.004,3,0.018,1,0.008,0,0,0,0,0,0,1,0.021,1,0.012,1,0.006,2,0.005,9,0.018,1,0.002,3,0.008,4,0.011,3,0.008,4,0.01,3,0.007,2,0.004,2,0.004,6,0.012,4,0.008,4,0.009,2,0.005,3,0.009
Region 3,Region 22,11,0.039,11,0.065,3,0.025,5,0.062,3,0.055,3,0.068,3,0.063,3,0.037,2,0.012,82,0.217,34,0.069,20,0.043,16,0.041,19,0.05,12,0.031,20,0.049,26,0.063,24,0.05,21,0.04,31,0.064,22,0.044,13,0.028,20,0.053,12,0.038
Region 3,Region 23,2,0.007,0,0,0,0,2,0.025,1,0.018,0,0,0,0,0,0,0,0,0,0,0,0,1,0.002,0,0,1,0.003,1,0.003,3,0.007,0,0,1,0.002,1,0.002,2,0.004,3,0.006,2,0.004,0,0,2,0.006
Region 3,Region 24,0,0,0,0,0,0,0,0,0,0,1,0.023,0,0,0,0,0,0,0,0,2,0.004,0,0,0,0,0,0,1,0.003,0,0,1,0.002,0,0,1,0.002,1,0.002,0,0,0,0,0,0,2,0.006
Region 3,Region 25,0,0,2,0.012,0,0,1,0.012,0,0,0,0,0,0,0,0,0,0,0,0,0,0,0,0,0,0,1,0.003,0,0,0,0,4,0.01,0,0,1,0.002,3,0.006,0,0,1,0.002,0,0,0,0
Region 3,Region 26,1,0.004,0,0,1,0.008,0,0,0,0,0,0,0,0,0,0,0,0,0,0,1,0.002,1,0.002,2,0.005,0,0,1,0.003,0,0,0,0,0,0,1,0.002,2,0.004,1,0.002,0,0,0,0,0,0
Region 3,Region 27,1,0.004,0,0,0,0,0,0,0,0,0,0,0,0,0,0,1,0.006,2,0.005,0,0,0,0,0,0,0,0,1,0.003,0,0,0,0,1,0.002,1,0.002,2,0.004,0,0,0,0,1,0.003,0,0
Region 3,Region 28,0,0,0,0,0,0,0,0,0,0,0,0,0,0,0,0,0,0,0,0,0,0,0,0,0,0,0,0,0,0,0,0,1,0.002,0,0,0,0,1,0.002,0,0,0,0,0,0,0,0
Region 3,Region 29,4,0.014,2,0.012,1,0.008,0,0,1,0.018,2,0.045,6,0.126,3,0.037,5,0.03,9,0.024,21,0.043,13,0.028,19,0.049,6,0.016,10,0.026,8,0.02,5,0.012,9,0.019,16,0.03,9,0.019,7,0.014,2,0.004,4,0.011,5,0.016
Region 3,Region 30,2,0.007,2,0.012,1,0.008,3,0.037,2,0.037,1,0.023,0,0,0,0,3,0.018,2,0.005,11,0.022,5,0.011,11,0.028,8,0.021,2,0.005,4,0.01,3,0.007,6,0.012,2,0.004,1,0.002,4,0.008,2,0.004,3,0.008,5,0.016
Region 3,Region 31,10,0.035,10,0.059,4,0.033,6,0.074,1,0.018,2,0.045,1,0.021,2,0.025,3,0.018,10,0.026,20,0.04,18,0.039,16,0.041,15,0.04,19,0.049,17,0.041,12,0.029,25,0.052,24,0.046,26,0.054,33,0.065,31,0.067,23,0.061,9,0.028
Region 3,Region 32,1,0.004,0,0,0,0,0,0,0,0,0,0,0,0,0,0,0,0,1,0.003,0,0,0,0,0,0,1,0.003,0,0,1,0.002,0,0,1,0.002,1,0.002,1,0.002,1,0.002,1,0.002,2,0.005,0,0
Region 3,Region 33,0,0,0,0,0,0,0,0,0,0,0,0,0,0,0,0,0,0,0,0,0,0,1,0.002,1,0.003,1,0.003,0,0,1,0.002,0,0,0,0,0,0,1,0.002,1,0.002,1,0.002,0,0,0,0
Region 3,Region 34,0,0,0,0,0,0,0,0,0,0,0,0,0,0,0,0,0,0,0,0,0,0,0,0,0,0,0,0,0,0,0,0,0,0,0,0,0,0,0,0,0,0,0,0,0,0,0,0
Region 3,Region 35,0,0,0,0,0,0,0,0,0,0,0,0,0,0,0,0,0,0,0,0,0,0,0,0,0,0,0,0,0,0,0,0,0,0,0,0,0,0,0,0,0,0,0,0,0,0,0,0
Region 3,Region 36,0,0,0,0,0,0,0,0,0,0,0,0,0,0,0,0,0,0,2,0.005,0,0,1,0.002,0,0,0,0,2,0.005,2,0.005,0,0,0,0,1,0.002,2,0.004,1,0.002,3,0.007,0,0,1,0.003
Region 3,Region 37,2,0.007,2,0.012,1,0.008,0,0,1,0.018,0,0,0,0,0,0,1,0.006,0,0,7,0.014,1,0.002,2,0.005,0,0,0,0,2,0.005,3,0.007,3,0.006,1,0.002,4,0.008,2,0.004,2,0.004,1,0.003,3,0.009
Region 3,Region 38,2,0.007,0,0,1,0.008,0,0,1,0.018,0,0,0,0,1,0.012,0,0,9,0.024,15,0.03,7,0.015,8,0.021,5,0.013,5,0.013,8,0.02,6,0.014,5,0.01,12,0.023,11,0.023,11,0.022,9,0.02,7,0.018,3,0.009
Region 3,Region 39,0,0,0,0,0,0,0,0,0,0,0,0,0,0,0,0,0,0,2,0.005,1,0.002,1,0.002,0,0,0,0,0,0,0,0,0,0,1,0.002,1,0.002,2,0.004,2,0.004,1,0.002,0,0,0,0
Region 3,Region 40,0,0,0,0,0,0,0,0,0,0,0,0,0,0,0,0,0,0,0,0,0,0,0,0,0,0,0,0,0,0,0,0,0,0,0,0,0,0,0,0,0,0,0,0,0,0,0,0
Region 3,Region 41,1,0.004,0,0,0,0,0,0,0,0,0,0,1,0.021,1,0.012,2,0.012,1,0.003,2,0.004,0,0,1,0.003,0,0,0,0,3,0.007,0,0,1,0.002,0,0,0,0,1,0.002,0,0,2,0.005,1,0.003
Region 3,Region 42,0,0,0,0,0,0,0,0,0,0,0,0,0,0,0,0,0,0,0,0,0,0,0,0,0,0,0,0,0,0,0,0,0,0,0,0,0,0,0,0,0,0,0,0,0,0,0,0
Region 3,Region 43,1,0.004,0,0,0,0,0,0,0,0,0,0,0,0,0,0,1,0.006,0,0,5,0.01,0,0,1,0.003,4,0.011,3,0.008,0,0,0,0,2,0.004,3,0.006,1,0.002,0,0,1,0.002,2,0.005,0,0
Region 3,Region 44,0,0,0,0,0,0,0,0,0,0,0,0,0,0,0,0,0,0,0,0,0,0,0,0,0,0,0,0,0,0,0,0,0,0,0,0,0,0,0,0,0,0,0,0,0,0,0,0
Region 3,Region 45,10,0.035,7,0.041,3,0.025,3,0.037,2,0.037,3,0.068,2,0.042,8,0.098,2,0.012,10,0.026,9,0.018,16,0.035,9,0.023,10,0.026,15,0.038,10,0.024,14,0.034,19,0.039,14,0.027,19,0.039,14,0.028,10,0.022,17,0.045,11,0.035
Region 3,Region 46,0,0,0,0,0,0,0,0,1,0.018,0,0,0,0,0,0,0,0,6,0.016,2,0.004,1,0.002,4,0.01,3,0.008,2,0.005,3,0.007,0,0,2,0.004,2,0.004,3,0.006,3,0.006,3,0.007,2,0.005,3,0.009
Region 3,Region 47,1,0.004,2,0.012,2,0.016,0,0,0,0,0,0,1,0.021,0,0,3,0.018,6,0.016,10,0.02,9,0.02,7,0.018,3,0.008,7,0.018,7,0.017,8,0.019,10,0.021,7,0.013,11,0.023,16,0.032,7,0.015,3,0.008,3,0.009
Region 3,Region 48,32,0.113,15,0.088,9,0.074,5,0.062,4,0.074,2,0.045,4,0.084,12,0.148,24,0.145,55,0.145,72,0.146,64,0.139,80,0.206,48,0.127,41,0.105,30,0.073,45,0.109,39,0.081,62,0.118,29,0.06,42,0.083,37,0.08,31,0.082,31,0.097
Region 3,Region 49,18,0.063,16,0.094,9,0.074,3,0.037,1,0.018,1,0.023,4,0.084,4,0.049,8,0.048,13,0.034,17,0.034,20,0.043,11,0.028,13,0.034,20,0.051,21,0.051,22,0.053,27,0.056,37,0.071,20,0.041,32,0.063,35,0.076,31,0.082,20,0.063
Region 3,Region 50,4,0.014,6,0.035,0,0,0,0,0,0,0,0,0,0,1,0.012,2,0.012,6,0.016,8,0.016,5,0.011,2,0.005,6,0.016,3,0.008,7,0.017,2,0.005,3,0.006,5,0.01,7,0.014,5,0.01,10,0.022,7,0.018,6,0.019
Region 3,Region 51,2,0.007,4,0.023,3,0.025,1,0.012,2,0.037,0,0,1,0.021,1,0.012,0,0,0,0,4,0.008,5,0.011,6,0.015,9,0.024,7,0.018,2,0.005,3,0.007,11,0.023,10,0.019,15,0.031,12,0.024,10,0.022,11,0.029,14,0.044
Region 3,Region 52,3,0.011,2,0.012,3,0.025,1,0.012,0,0,3,0.068,0,0,0,0,0,0,1,0.003,1,0.002,1,0.002,2,0.005,1,0.003,8,0.02,1,0.002,2,0.005,2,0.004,2,0.004,2,0.004,5,0.01,4,0.009,3,0.008,6,0.019
Region 3,Region 53,3,0.011,1,0.006,0,0,0,0,0,0,0,0,0,0,1,0.012,0,0,3,0.008,4,0.008,2,0.004,0,0,1,0.003,0,0,2,0.005,2,0.005,5,0.01,0,0,1,0.002,4,0.008,1,0.002,0,0,1,0.003
Region 3,Region 54,1,0.004,2,0.012,0,0,0,0,0,0,0,0,0,0,0,0,2,0.012,6,0.016,2,0.004,0,0,1,0.003,5,0.013,5,0.013,0,0,1,0.002,2,0.004,2,0.004,3,0.006,5,0.01,6,0.013,4,0.011,7,0.022
Region 3,Region 55,1,0.004,0,0,0,0,0,0,0,0,0,0,0,0,1,0.012,0,0,0,0,0,0,2,0.004,0,0,1,0.003,0,0,0,0,0,0,1,0.002,0,0,0,0,1,0.002,0,0,0,0,0,0
Region 3,Region 56,1,0.004,0,0,0,0,0,0,0,0,0,0,0,0,1,0.012,0,0,1,0.003,1,0.002,2,0.004,1,0.003,0,0,1,0.003,0,0,2,0.005,1,0.002,0,0,1,0.002,1,0.002,1,0.002,0,0,1,0.003
Region 3,Region 57,0,0,1,0.006,0,0,0,0,0,0,0,0,0,0,0,0,0,0,2,0.005,0,0,0,0,1,0.003,0,0,0,0,1,0.002,0,0,1,0.002,1,0.002,2,0.004,0,0,0,0,0,0,0,0
Region 3,Region 58,0,0,0,0,0,0,0,0,0,0,0,0,0,0,0,0,0,0,0,0,0,0,0,0,0,0,0,0,0,0,0,0,0,0,0,0,0,0,0,0,0,0,0,0,0,0,0,0
Region 3,Region 59,0,0,0,0,0,0,0,0,0,0,0,0,0,0,0,0,0,0,0,0,0,0,0,0,0,0,0,0,0,0,0,0,0,0,0,0,0,0,0,0,0,0,0,0,0,0,0,0
Region 3,Region 60,4,0.014,1,0.006,0,0,0,0,1,0.018,0,0,0,0,1,0.012,2,0.012,8,0.021,10,0.02,15,0.033,11,0.028,5,0.013,7,0.018,5,0.012,3,0.007,10,0.021,4,0.008,5,0.01,4,0.008,9,0.02,3,0.008,0,0
Region 3,Region 61,0,0,0,0,1,0.008,0,0,0,0,0,0,0,0,0,0,0,0,1,0.003,0,0,2,0.004,2,0.005,1,0.003,0,0,0,0,0,0,1,0.002,1,0.002,1,0.002,1,0.002,1,0.002,0,0,1,0.003
Region 3,Region 62,2,0.007,4,0.023,2,0.016,0,0,0,0,0,0,0,0,3,0.037,2,0.012,5,0.013,8,0.016,6,0.013,0,0,5,0.013,2,0.005,7,0.017,2,0.005,1,0.002,7,0.013,8,0.017,5,0.01,9,0.02,2,0.005,4,0.013
Region 3,Region 63,0,0,0,0,0,0,0,0,0,0,0,0,0,0,0,0,0,0,0,0,0,0,0,0,0,0,0,0,0,0,0,0,0,0,0,0,0,0,0,0,0,0,0,0,0,0,0,0
Region 3,Region 64,4,0.014,2,0.012,2,0.016,0,0,0,0,1,0.023,1,0.021,2,0.025,5,0.03,10,0.026,22,0.045,8,0.017,12,0.031,13,0.034,7,0.018,7,0.017,8,0.019,9,0.019,7,0.013,7,0.014,15,0.03,15,0.033,8,0.021,6,0.019
Region 3,Region 65,2,0.007,0,0,0,0,2,0.025,0,0,0,0,0,0,0,0,0,0,1,0.003,3,0.006,2,0.004,0,0,1,0.003,1,0.003,2,0.005,2,0.005,2,0.004,4,0.008,5,0.01,4,0.008,2,0.004,2,0.005,2,0.006
Region 3,Region 66,5,0.018,1,0.006,0,0,1,0.012,0,0,0,0,0,0,1,0.012,1,0.006,0,0,1,0.002,2,0.004,4,0.01,3,0.008,1,0.003,1,0.002,1,0.002,3,0.006,1,0.002,5,0.01,3,0.006,0,0,2,0.005,1,0.003
Region 3,Region 67,10,0.035,1,0.006,1,0.008,2,0.025,0,0,2,0.045,1,0.021,3,0.037,6,0.036,20,0.053,16,0.032,21,0.046,19,0.049,7,0.018,8,0.02,12,0.029,4,0.01,9,0.019,18,0.034,10,0.021,14,0.028,11,0.024,12,0.032,6,0.019
Region 3,Region 68,6,0.021,1,0.006,2,0.016,1,0.012,0,0,0,0,0,0,0,0,3,0.018,5,0.013,7,0.014,8,0.017,11,0.028,6,0.016,10,0.026,5,0.012,10,0.024,10,0.021,11,0.021,16,0.033,16,0.032,10,0.022,9,0.024,11,0.035
Region 3,Region 69,24,0.085,8,0.047,7,0.058,5,0.062,8,0.148,2,0.045,2,0.042,6,0.074,4,0.024,28,0.074,26,0.053,26,0.056,17,0.044,28,0.074,27,0.069,36,0.088,28,0.068,24,0.05,29,0.055,41,0.085,53,0.105,43,0.093,32,0.084,21,0.066
Region 3,Region 70,5,0.018,6,0.035,6,0.049,1,0.012,4,0.074,0,0,3,0.063,1,0.012,6,0.036,14,0.037,25,0.051,28,0.061,31,0.08,23,0.061,20,0.051,7,0.017,13,0.031,12,0.025,22,0.042,18,0.037,17,0.034,15,0.033,12,0.032,12,0.038
Region 3,Region 71,1,0.004,1,0.006,2,0.016,2,0.025,0,0,0,0,0,0,0,0,1,0.006,2,0.005,1,0.002,2,0.004,1,0.003,1,0.003,0,0,2,0.005,1,0.002,3,0.006,2,0.004,1,0.002,0,0,3,0.007,1,0.003,2,0.006
Region 3,Region 72,0,0,0,0,0,0,0,0,0,0,0,0,0,0,0,0,0,0,0,0,0,0,0,0,0,0,0,0,0,0,0,0,0,0,0,0,0,0,0,0,0,0,0,0,0,0,0,0
Region 3,Region 73,0,0,0,0,0,0,0,0,0,0,0,0,0,0,0,0,0,0,4,0.011,2,0.004,0,0,0,0,0,0,0,0,0,0,0,0,0,0,0,0,0,0,0,0,0,0,0,0,0,0
Region 3,Region 74,3,0.011,1,0.006,0,0,1,0.012,0,0,0,0,0,0,0,0,0,0,5,0.013,6,0.012,1,0.002,0,0,4,0.011,5,0.013,3,0.007,4,0.01,4,0.008,3,0.006,5,0.01,6,0.012,4,0.009,3,0.008,8,0.025
Region 3,Region 75,1,0.004,1,0.006,1,0.008,0,0,0,0,0,0,0,0,0,0,0,0,1,0.003,0,0,3,0.007,1,0.003,0,0,1,0.003,0,0,1,0.002,0,0,0,0,1,0.002,0,0,0,0,0,0,0,0
Region 4,Region 0,0,0,1,0.006,0,0,0,0,0,0,0,0,0,0,0,0,0,0,0,0,3,0.006,3,0.007,0,0,1,0.003,0,0,0,0,1,0.002,1,0.002,0,0,1,0.002,1,0.002,4,0.009,3,0.008,1,0.003
Region 4,Region 1,0,0,0,0,0,0,0,0,0,0,0,0,0,0,0,0,0,0,0,0,0,0,0,0,0,0,0,0,0,0,1,0.002,1,0.002,0,0,0,0,1,0.002,0,0,0,0,0,0,0,0
Region 4,Region 2,0,0,1,0.006,0,0,0,0,0,0,0,0,0,0,0,0,2,0.012,3,0.008,6,0.012,6,0.013,4,0.01,0,0,1,0.003,0,0,1,0.002,2,0.004,0,0,1,0.002,1,0.002,2,0.004,1,0.003,0,0
Region 4,Region 3,0,0,0,0,0,0,2,0.025,0,0,0,0,0,0,0,0,0,0,1,0.003,4,0.008,1,0.002,1,0.003,1,0.003,1,0.003,1,0.002,3,0.007,3,0.006,1,0.002,2,0.004,3,0.006,2,0.004,0,0,0,0
Region 4,Region 4,56,0.197,14,0.082,20,0.164,7,0.087,6,0.111,3,0.068,3,0.063,8,0.098,13,0.079,46,0.121,65,0.132,97,0.211,73,0.188,46,0.121,68,0.174,71,0.173,77,0.186,110,0.228,119,0.227,88,0.182,111,0.22,96,0.208,59,0.155,65,0.204
Region 4,Region 5,0,0,0,0,0,0,0,0,0,0,1,0.023,0,0,0,0,3,0.018,3,0.008,1,0.002,2,0.004,1,0.003,1,0.003,1,0.003,1,0.002,0,0,1,0.002,1,0.002,1,0.002,1,0.002,0,0,0,0,0,0
Region 4,Region 6,0,0,0,0,0,0,0,0,0,0,0,0,0,0,0,0,0,0,0,0,0,0,0,0,0,0,0,0,0,0,0,0,0,0,0,0,0,0,0,0,0,0,0,0,0,0,0,0
Region 4,Region 7,0,0,0,0,0,0,0,0,1,0.018,1,0.023,0,0,1,0.012,4,0.024,6,0.016,9,0.018,7,0.015,6,0.015,6,0.016,0,0,3,0.007,3,0.007,0,0,4,0.008,0,0,3,0.006,4,0.009,0,0,1,0.003
Region 4,Region 8,1,0.004,0,0,0,0,0,0,0,0,0,0,0,0,0,0,0,0,0,0,2,0.004,5,0.011,1,0.003,4,0.011,4,0.01,1,0.002,3,0.007,3,0.006,3,0.006,2,0.004,2,0.004,1,0.002,1,0.003,1,0.003
Region 4,Region 9,0,0,0,0,0,0,0,0,0,0,0,0,0,0,0,0,0,0,0,0,0,0,0,0,0,0,0,0,0,0,0,0,0,0,0,0,0,0,0,0,0,0,0,0,0,0,0,0
Region 4,Region 10,0,0,1,0.006,0,0,0,0,0,0,0,0,0,0,0,0,3,0.018,2,0.005,1,0.002,1,0.002,3,0.008,2,0.005,0,0,1,0.002,0,0,0,0,1,0.002,3,0.006,3,0.006,3,0.007,0,0,2,0.006
Region 4,Region 11,0,0,0,0,0,0,0,0,0,0,0,0,0,0,0,0,0,0,0,0,0,0,0,0,0,0,0,0,0,0,0,0,0,0,0,0,0,0,0,0,0,0,0,0,0,0,0,0
Region 4,Region 12,2,0.007,3,0.018,4,0.033,0,0,0,0,0,0,2,0.042,3,0.037,12,0.073,21,0.055,21,0.043,14,0.03,13,0.033,3,0.008,8,0.02,10,0.024,3,0.007,5,0.01,6,0.011,7,0.014,4,0.008,5,0.011,7,0.018,1,0.003
Region 4,Region 13,4,0.014,2,0.012,4,0.033,0,0,0,0,0,0,0,0,1,0.012,2,0.012,4,0.011,6,0.012,7,0.015,6,0.015,10,0.026,11,0.028,8,0.02,10,0.024,8,0.017,14,0.027,13,0.027,9,0.018,11,0.024,9,0.024,2,0.006
Region 4,Region 14,8,0.028,5,0.029,4,0.033,3,0.037,4,0.074,2,0.045,4,0.084,14,0.172,20,0.121,29,0.077,26,0.053,32,0.07,23,0.059,20,0.053,10,0.026,16,0.039,4,0.01,11,0.023,11,0.021,9,0.019,8,0.016,12,0.026,9,0.024,8,0.025
Region 4,Region 15,0,0,0,0,0,0,0,0,0,0,0,0,0,0,0,0,0,0,0,0,0,0,0,0,0,0,0,0,0,0,0,0,0,0,0,0,0,0,0,0,0,0,0,0,0,0,0,0
Region 4,Region 16,0,0,0,0,0,0,0,0,0,0,0,0,0,0,0,0,0,0,0,0,0,0,0,0,0,0,0,0,0,0,0,0,0,0,0,0,0,0,0,0,0,0,0,0,0,0,0,0
Region 4,Region 17,2,0.007,0,0,2,0.016,0,0,0,0,1,0.023,0,0,0,0,1,0.006,4,0.011,2,0.004,2,0.004,2,0.005,0,0,3,0.008,3,0.007,1,0.002,4,0.008,2,0.004,5,0.01,4,0.008,7,0.015,1,0.003,6,0.019
Region 4,Region 18,0,0,0,0,0,0,0,0,0,0,0,0,0,0,0,0,1,0.006,1,0.003,3,0.006,1,0.002,1,0.003,1,0.003,1,0.003,2,0.005,2,0.005,1,0.002,1,0.002,1,0.002,2,0.004,2,0.004,0,0,0,0
Region 4,Region 19,0,0,0,0,0,0,0,0,0,0,1,0.023,0,0,0,0,0,0,5,0.013,2,0.004,1,0.002,0,0,0,0,0,0,0,0,1,0.002,2,0.004,2,0.004,1,0.002,1,0.002,2,0.004,0,0,0,0
Region 4,Region 20,1,0.004,0,0,0,0,1,0.012,0,0,0,0,0,0,0,0,1,0.006,8,0.021,3,0.006,4,0.009,2,0.005,3,0.008,1,0.003,0,0,2,0.005,0,0,0,0,2,0.004,0,0,2,0.004,0,0,0,0
Region 4,Region 21,0,0,0,0,0,0,0,0,0,0,0,0,0,0,1,0.012,0,0,2,0.005,2,0.004,3,0.007,1,0.003,1,0.003,0,0,3,0.007,2,0.005,0,0,3,0.006,2,0.004,1,0.002,0,0,0,0,0,0
Region 4,Region 22,0,0,0,0,0,0,0,0,0,0,0,0,0,0,1,0.012,1,0.006,3,0.008,2,0.004,4,0.009,1,0.003,2,0.005,0,0,1,0.002,1,0.002,2,0.004,1,0.002,0,0,0,0,1,0.002,1,0.003,0,0
Region 4,Region 23,7,0.025,2,0.012,3,0.025,0,0,1,0.018,0,0,0,0,0,0,4,0.024,11,0.029,19,0.038,17,0.037,11,0.028,7,0.018,16,0.041,8,0.02,16,0.039,21,0.044,13,0.025,28,0.058,22,0.044,28,0.061,15,0.04,21,0.066
Region 4,Region 24,0,0,1,0.006,0,0,0,0,0,0,0,0,0,0,0,0,0,0,0,0,1,0.002,1,0.002,1,0.003,0,0,0,0,1,0.002,0,0,0,0,0,0,0,0,0,0,1,0.002,0,0,0,0
Region 4,Region 25,1,0.004,0,0,0,0,0,0,0,0,0,0,0,0,0,0,1,0.006,4,0.011,0,0,0,0,0,0,0,0,0,0,1,0.002,1,0.002,3,0.006,1,0.002,2,0.004,2,0.004,2,0.004,3,0.008,0,0
Region 4,Region 26,0,0,0,0,0,0,0,0,0,0,0,0,0,0,0,0,0,0,1,0.003,2,0.004,0,0,0,0,1,0.003,0,0,0,0,0,0,0,0,0,0,0,0,0,0,1,0.002,0,0,0,0
Region 4,Region 27,0,0,1,0.006,1,0.008,1,0.012,0,0,0,0,0,0,1,0.012,1,0.006,1,0.003,4,0.008,1,0.002,2,0.005,1,0.003,2,0.005,1,0.002,0,0,0,0,2,0.004,2,0.004,2,0.004,0,0,0,0,0,0
Region 4,Region 28,0,0,0,0,0,0,0,0,0,0,0,0,0,0,0,0,0,0,1,0.003,1,0.002,1,0.002,0,0,1,0.003,1,0.003,1,0.002,0,0,2,0.004,0,0,0,0,0,0,0,0,2,0.005,0,0
Region 4,Region 29,2,0.007,1,0.006,1,0.008,1,0.012,0,0,0,0,1,0.021,0,0,6,0.036,11,0.029,9,0.018,11,0.024,4,0.01,6,0.016,5,0.013,1,0.002,1,0.002,3,0.006,1,0.002,3,0.006,1,0.002,3,0.007,0,0,1,0.003
Region 4,Region 30,0,0,0,0,0,0,0,0,0,0,1,0.023,0,0,0,0,0,0,2,0.005,2,0.004,3,0.007,2,0.005,2,0.005,4,0.01,1,0.002,0,0,1,0.002,1,0.002,1,0.002,1,0.002,2,0.004,2,0.005,1,0.003
Region 4,Region 31,0,0,0,0,0,0,0,0,0,0,0,0,0,0,2,0.025,2,0.012,7,0.018,1,0.002,2,0.004,0,0,1,0.003,2,0.005,0,0,1,0.002,1,0.002,0,0,3,0.006,1,0.002,0,0,0,0,0,0
Region 4,Region 32,10,0.035,3,0.018,0,0,2,0.025,0,0,0,0,2,0.042,0,0,2,0.012,11,0.029,21,0.043,17,0.037,16,0.041,15,0.04,16,0.041,14,0.034,14,0.034,18,0.037,25,0.048,15,0.031,26,0.052,32,0.069,20,0.053,19,0.06
Region 4,Region 33,0,0,1,0.006,0,0,0,0,0,0,0,0,0,0,0,0,2,0.012,81,0.214,3,0.006,8,0.017,5,0.013,1,0.003,3,0.008,1,0.002,1,0.002,3,0.006,0,0,4,0.008,7,0.014,9,0.02,1,0.003,2,0.006
Region 4,Region 34,0,0,0,0,0,0,0,0,0,0,0,0,0,0,0,0,0,0,0,0,0,0,0,0,0,0,0,0,0,0,0,0,0,0,0,0,0,0,0,0,0,0,0,0,0,0,0,0
Region 4,Region 35,0,0,0,0,0,0,0,0,0,0,0,0,0,0,0,0,0,0,0,0,1,0.002,1,0.002,0,0,0,0,0,0,0,0,0,0,0,0,1,0.002,0,0,0,0,0,0,0,0,0,0
Region 4,Region 36,4,0.014,0,0,1,0.008,0,0,0,0,0,0,0,0,0,0,1,0.006,13,0.034,1,0.002,3,0.007,3,0.008,5,0.013,5,0.013,2,0.005,4,0.01,5,0.01,3,0.006,2,0.004,6,0.012,3,0.007,5,0.013,2,0.006
Region 4,Region 37,1,0.004,0,0,0,0,0,0,0,0,0,0,0,0,0,0,0,0,1,0.003,3,0.006,1,0.002,1,0.003,0,0,1,0.003,3,0.007,0,0,1,0.002,1,0.002,0,0,2,0.004,2,0.004,0,0,1,0.003
Region 4,Region 38,0,0,0,0,0,0,0,0,0,0,0,0,0,0,0,0,0,0,1,0.003,3,0.006,1,0.002,1,0.003,2,0.005,4,0.01,2,0.005,1,0.002,1,0.002,4,0.008,0,0,5,0.01,1,0.002,2,0.005,1,0.003
Region 4,Region 39,0,0,0,0,0,0,0,0,0,0,0,0,0,0,1,0.012,0,0,1,0.003,4,0.008,0,0,0,0,0,0,0,0,0,0,0,0,0,0,0,0,0,0,0,0,0,0,0,0,0,0
Region 4,Region 40,0,0,0,0,0,0,0,0,0,0,0,0,0,0,0,0,0,0,0,0,0,0,0,0,0,0,0,0,0,0,0,0,0,0,0,0,0,0,0,0,0,0,0,0,0,0,0,0
Region 4,Region 41,5,0.018,6,0.035,2,0.016,0,0,0,0,1,0.023,1,0.021,5,0.062,13,0.079,29,0.077,32,0.065,19,0.041,12,0.031,4,0.011,7,0.018,8,0.02,5,0.012,15,0.031,4,0.008,8,0.017,8,0.016,8,0.017,3,0.008,5,0.016
Region 4,Region 42,0,0,0,0,0,0,0,0,0,0,0,0,0,0,0,0,0,0,0,0,0,0,0,0,0,0,0,0,0,0,0,0,0,0,0,0,0,0,0,0,0,0,0,0,0,0,0,0
Region 4,Region 43,3,0.011,0,0,0,0,1,0.012,0,0,0,0,0,0,0,0,0,0,0,0,2,0.004,5,0.011,0,0,1,0.003,1,0.003,0,0,0,0,1,0.002,2,0.004,2,0.004,1,0.002,1,0.002,0,0,0,0
Region 4,Region 44,0,0,0,0,0,0,0,0,0,0,0,0,0,0,0,0,0,0,0,0,0,0,0,0,0,0,0,0,0,0,0,0,0,0,0,0,0,0,0,0,0,0,0,0,0,0,0,0
Region 4,Region 45,0,0,0,0,0,0,0,0,0,0,0,0,0,0,0,0,0,0,2,0.005,4,0.008,2,0.004,2,0.005,0,0,1,0.003,0,0,0,0,1,0.002,0,0,2,0.004,0,0,1,0.002,0,0,0,0
Region 4,Region 46,7,0.025,4,0.023,1,0.008,0,0,0,0,0,0,0,0,2,0.025,8,0.048,27,0.071,17,0.034,24,0.052,27,0.07,17,0.045,17,0.044,22,0.054,15,0.036,27,0.056,26,0.05,40,0.083,26,0.052,19,0.041,11,0.029,10,0.031
Region 4,Region 47,3,0.011,4,0.023,1,0.008,0,0,0,0,0,0,2,0.042,5,0.062,23,0.139,41,0.108,52,0.105,37,0.08,28,0.072,16,0.042,18,0.046,19,0.046,11,0.027,18,0.037,27,0.051,15,0.031,18,0.036,20,0.043,9,0.024,7,0.022
Region 4,Region 48,1,0.004,1,0.006,0,0,0,0,1,0.018,0,0,0,0,1,0.012,2,0.012,7,0.018,16,0.032,12,0.026,4,0.01,6,0.016,2,0.005,3,0.007,4,0.01,0,0,4,0.008,2,0.004,6,0.012,6,0.013,1,0.003,0,0
Region 4,Region 49,0,0,0,0,0,0,0,0,0,0,0,0,0,0,0,0,2,0.012,3,0.008,5,0.01,1,0.002,1,0.003,0,0,1,0.003,0,0,0,0,0,0,0,0,3,0.006,1,0.002,1,0.002,2,0.005,0,0
Region 4,Region 50,3,0.011,1,0.006,2,0.016,1,0.012,0,0,0,0,2,0.042,5,0.062,5,0.03,7,0.018,19,0.038,13,0.028,4,0.01,7,0.018,13,0.033,7,0.017,5,0.012,6,0.012,4,0.008,8,0.017,7,0.014,0,0,5,0.013,2,0.006
Region 4,Region 51,0,0,1,0.006,1,0.008,0,0,0,0,0,0,0,0,0,0,0,0,2,0.005,0,0,4,0.009,1,0.003,0,0,1,0.003,0,0,1,0.002,1,0.002,3,0.006,0,0,4,0.008,1,0.002,0,0,0,0
Region 4,Region 52,1,0.004,0,0,1,0.008,2,0.025,0,0,0,0,0,0,1,0.012,0,0,3,0.008,7,0.014,5,0.011,3,0.008,5,0.013,5,0.013,6,0.015,3,0.007,6,0.012,5,0.01,4,0.008,6,0.012,6,0.013,5,0.013,3,0.009
Region 4,Region 53,0,0,0,0,0,0,0,0,0,0,0,0,0,0,0,0,0,0,1,0.003,4,0.008,6,0.013,4,0.01,1,0.003,0,0,0,0,0,0,1,0.002,0,0,0,0,0,0,0,0,0,0,0,0
Region 4,Region 54,2,0.007,0,0,0,0,0,0,0,0,0,0,0,0,0,0,1,0.006,2,0.005,0,0,0,0,0,0,1,0.003,0,0,1,0.002,2,0.005,1,0.002,1,0.002,0,0,1,0.002,1,0.002,2,0.005,0,0
Region 4,Region 55,0,0,3,0.018,1,0.008,0,0,0,0,0,0,0,0,0,0,0,0,7,0.018,5,0.01,4,0.009,4,0.01,1,0.003,2,0.005,3,0.007,6,0.014,7,0.015,7,0.013,7,0.014,7,0.014,10,0.022,8,0.021,6,0.019
Region 4,Region 56,0,0,0,0,0,0,0,0,0,0,0,0,0,0,0,0,1,0.006,1,0.003,4,0.008,1,0.002,1,0.003,0,0,1,0.003,0,0,1,0.002,1,0.002,1,0.002,1,0.002,0,0,0,0,1,0.003,0,0
Region 4,Region 57,0,0,0,0,1,0.008,0,0,0,0,0,0,0,0,0,0,0,0,1,0.003,1,0.002,0,0,1,0.003,1,0.003,0,0,2,0.005,3,0.007,1,0.002,2,0.004,0,0,0,0,3,0.007,1,0.003,4,0.013
Region 4,Region 58,0,0,0,0,0,0,0,0,0,0,0,0,0,0,0,0,0,0,0,0,1,0.002,0,0,0,0,1,0.003,0,0,1,0.002,0,0,0,0,0,0,1,0.002,0,0,0,0,0,0,0,0
Region 4,Region 59,0,0,0,0,0,0,0,0,0,0,0,0,0,0,0,0,0,0,0,0,0,0,0,0,1,0.003,1,0.003,0,0,0,0,0,0,0,0,1,0.002,0,0,0,0,0,0,0,0,0,0
Region 4,Region 60,1,0.004,0,0,0,0,0,0,0,0,0,0,0,0,1,0.012,3,0.018,12,0.032,9,0.018,5,0.011,5,0.013,1,0.003,4,0.01,0,0,0,0,2,0.004,2,0.004,1,0.002,0,0,3,0.007,0,0,0,0
Region 4,Region 61,1,0.004,0,0,0,0,0,0,0,0,0,0,0,0,0,0,0,0,0,0,2,0.004,2,0.004,0,0,0,0,1,0.003,1,0.002,1,0.002,1,0.002,0,0,1,0.002,1,0.002,1,0.002,1,0.003,0,0
Region 4,Region 62,11,0.039,2,0.012,3,0.025,3,0.037,3,0.055,3,0.068,3,0.063,14,0.172,32,0.194,75,0.198,85,0.172,29,0.063,25,0.064,31,0.082,25,0.064,22,0.054,23,0.056,14,0.029,36,0.069,24,0.05,27,0.054,26,0.056,22,0.058,20,0.063
Region 4,Region 63,0,0,0,0,0,0,0,0,0,0,0,0,0,0,0,0,0,0,0,0,0,0,0,0,0,0,0,0,0,0,0,0,0,0,0,0,0,0,0,0,0,0,0,0,0,0,0,0
Region 4,Region 64,0,0,0,0,0,0,0,0,0,0,0,0,0,0,0,0,0,0,4,0.011,4,0.008,3,0.007,0,0,2,0.005,2,0.005,0,0,1,0.002,1,0.002,0,0,0,0,1,0.002,1,0.002,0,0,0,0
Region 4,Region 65,1,0.004,0,0,0,0,0,0,0,0,0,0,0,0,0,0,2,0.012,1,0.003,3,0.006,2,0.004,1,0.003,0,0,4,0.01,0,0,0,0,1,0.002,0,0,5,0.01,8,0.016,2,0.004,3,0.008,2,0.006
Region 4,Region 66,14,0.049,10,0.059,1,0.008,3,0.037,0,0,3,0.068,2,0.042,7,0.086,9,0.054,19,0.05,43,0.087,31,0.067,28,0.072,31,0.082,20,0.051,26,0.063,30,0.072,41,0.085,28,0.053,38,0.079,30,0.059,46,0.1,24,0.063,24,0.075
Region 4,Region 67,0,0,1,0.006,0,0,0,0,0,0,0,0,1,0.021,0,0,4,0.024,5,0.013,8,0.016,7,0.015,3,0.008,2,0.005,1,0.003,4,0.01,3,0.007,4,0.008,1,0.002,2,0.004,6,0.012,0,0,3,0.008,0,0
Region 4,Region 68,3,0.011,1,0.006,0,0,0,0,0,0,1,0.023,1,0.021,0,0,3,0.018,11,0.029,15,0.03,14,0.03,5,0.013,4,0.011,7,0.018,5,0.012,5,0.012,2,0.004,4,0.008,4,0.008,4,0.008,6,0.013,2,0.005,2,0.006
Region 4,Region 69,2,0.007,1,0.006,1,0.008,1,0.012,0,0,0,0,0,0,1,0.012,1,0.006,2,0.005,11,0.022,6,0.013,6,0.015,6,0.016,5,0.013,0,0,5,0.012,4,0.008,3,0.006,5,0.01,4,0.008,7,0.015,6,0.016,1,0.003
Region 4,Region 70,1,0.004,1,0.006,1,0.008,0,0,0,0,0,0,0,0,0,0,1,0.006,5,0.013,7,0.014,5,0.011,0,0,1,0.003,2,0.005,1,0.002,1,0.002,1,0.002,3,0.006,2,0.004,1,0.002,6,0.013,0,0,0,0
Region 4,Region 71,12,0.042,4,0.023,5,0.041,0,0,2,0.037,0,0,4,0.084,6,0.074,18,0.109,108,0.285,74,0.15,24,0.052,24,0.062,26,0.069,23,0.059,24,0.059,33,0.08,31,0.064,43,0.082,28,0.058,32,0.063,35,0.076,14,0.037,19,0.06
Region 4,Region 72,0,0,0,0,0,0,0,0,0,0,0,0,0,0,0,0,0,0,0,0,0,0,0,0,0,0,0,0,0,0,0,0,0,0,0,0,0,0,0,0,0,0,0,0,0,0,0,0
Region 4,Region 73,0,0,0,0,0,0,0,0,0,0,0,0,0,0,0,0,0,0,1,0.003,0,0,0,0,0,0,0,0,1,0.003,1,0.002,0,0,0,0,0,0,0,0,0,0,0,0,0,0,0,0
Region 4,Region 74,2,0.007,0,0,0,0,0,0,0,0,0,0,0,0,0,0,2,0.012,3,0.008,1,0.002,1,0.002,1,0.003,0,0,0,0,0,0,0,0,0,0,1,0.002,0,0,0,0,0,0,0,0,0,0
Region 4,Region 75,7,0.025,5,0.029,3,0.025,0,0,0,0,2,0.045,0,0,0,0,1,0.006,10,0.026,3,0.006,16,0.035,12,0.031,17,0.045,11,0.028,16,0.039,21,0.051,21,0.044,21,0.04,12,0.025,12,0.024,19,0.041,9,0.024,12,0.038
Region 5,Region 0,0,0,0,0,0,0,0,0,0,0,0,0,0,0,0,0,0,0,2,0.005,0,0,1,0.002,0,0,1,0.003,1,0.003,0,0,0,0,1,0.002,0,0,0,0,0,0,0,0,0,0,0,0
Region 5,Region 1,0,0,0,0,0,0,0,0,0,0,0,0,0,0,0,0,0,0,0,0,0,0,0,0,0,0,0,0,0,0,0,0,0,0,0,0,0,0,0,0,0,0,0,0,0,0,0,0
Region 5,Region 2,1,0.004,0,0,0,0,0,0,0,0,0,0,0,0,0,0,0,0,3,0.008,3,0.006,2,0.004,1,0.003,0,0,1,0.003,0,0,0,0,0,0,3,0.006,1,0.002,2,0.004,0,0,0,0,1,0.003
Region 5,Region 3,4,0.014,1,0.006,0,0,1,0.012,1,0.018,1,0.023,1,0.021,0,0,2,0.012,0,0,5,0.01,4,0.009,1,0.003,1,0.003,1,0.003,3,0.007,2,0.005,2,0.004,6,0.011,7,0.014,2,0.004,6,0.013,8,0.021,6,0.019
Region 5,Region 4,0,0,0,0,0,0,0,0,0,0,0,0,0,0,0,0,0,0,2,0.005,1,0.002,0,0,0,0,0,0,1,0.003,2,0.005,0,0,0,0,1,0.002,4,0.008,1,0.002,1,0.002,1,0.003,0,0
Region 5,Region 5,221,0.779,133,0.78,79,0.65,53,0.657,38,0.701,27,0.611,29,0.608,35,0.431,86,0.521,308,0.813,346,0.701,268,0.582,242,0.624,244,0.644,268,0.687,311,0.758,375,0.906,404,0.839,410,0.781,410,0.849,341,0.676,372,0.806,280,0.738,212,0.667
Region 5,Region 6,0,0,0,0,0,0,0,0,0,0,0,0,0,0,0,0,0,0,0,0,0,0,0,0,0,0,0,0,0,0,0,0,0,0,0,0,0,0,0,0,0,0,0,0,0,0,0,0
Region 5,Region 7,8,0.028,5,0.029,3,0.025,5,0.062,7,0.129,3,0.068,2,0.042,4,0.049,12,0.073,29,0.077,43,0.087,28,0.061,20,0.052,17,0.045,16,0.041,21,0.051,11,0.027,25,0.052,24,0.046,20,0.041,33,0.065,19,0.041,14,0.037,14,0.044
Region 5,Region 8,0,0,0,0,0,0,0,0,0,0,0,0,0,0,0,0,0,0,0,0,0,0,0,0,0,0,0,0,0,0,0,0,0,0,0,0,0,0,0,0,0,0,0,0,0,0,0,0
Region 5,Region 9,0,0,0,0,0,0,0,0,0,0,0,0,0,0,0,0,0,0,0,0,0,0,0,0,0,0,0,0,0,0,0,0,0,0,0,0,0,0,0,0,0,0,0,0,0,0,0,0
Region 5,Region 10,0,0,0,0,0,0,0,0,0,0,0,0,0,0,1,0.012,0,0,0,0,0,0,1,0.002,0,0,0,0,0,0,0,0,0,0,0,0,0,0,0,0,2,0.004,1,0.002,0,0,0,0
Region 5,Region 11,0,0,0,0,0,0,0,0,0,0,0,0,0,0,0,0,0,0,0,0,0,0,0,0,0,0,0,0,0,0,0,0,0,0,0,0,0,0,0,0,0,0,0,0,0,0,0,0
Region 5,Region 12,48,0.169,19,0.111,17,0.14,15,0.186,12,0.221,10,0.226,12,0.252,16,0.197,48,0.291,98,0.259,147,0.298,101,0.219,68,0.175,75,0.198,76,0.195,63,0.154,80,0.193,107,0.222,106,0.202,73,0.151,105,0.208,77,0.167,66,0.174,55,0.173
Region 5,Region 13,2,0.007,0,0,1,0.008,0,0,0,0,0,0,0,0,0,0,2,0.012,0,0,4,0.008,1,0.002,0,0,1,0.003,0,0,0,0,1,0.002,2,0.004,1,0.002,5,0.01,3,0.006,1,0.002,2,0.005,0,0
Region 5,Region 14,62,0.219,25,0.147,13,0.107,18,0.223,12,0.221,8,0.181,21,0.44,72,0.886,107,0.648,101,0.267,131,0.265,82,0.178,78,0.201,73,0.193,59,0.151,65,0.158,55,0.133,59,0.123,50,0.095,56,0.116,54,0.107,52,0.113,37,0.098,47,0.148
Region 5,Region 15,0,0,0,0,0,0,0,0,0,0,0,0,0,0,0,0,0,0,0,0,0,0,0,0,0,0,0,0,0,0,0,0,0,0,0,0,0,0,0,0,0,0,0,0,0,0,0,0
Region 5,Region 16,0,0,0,0,0,0,0,0,0,0,0,0,0,0,0,0,0,0,0,0,0,0,0,0,0,0,0,0,0,0,0,0,0,0,0,0,0,0,0,0,0,0,0,0,0,0,0,0
Region 5,Region 17,0,0,0,0,0,0,0,0,0,0,0,0,0,0,0,0,0,0,0,0,0,0,0,0,0,0,0,0,0,0,0,0,0,0,1,0.002,0,0,0,0,0,0,0,0,1,0.003,0,0
Region 5,Region 18,0,0,0,0,1,0.008,0,0,0,0,0,0,1,0.021,0,0,0,0,0,0,3,0.006,1,0.002,1,0.003,0,0,1,0.003,1,0.002,0,0,2,0.004,4,0.008,0,0,0,0,0,0,1,0.003,1,0.003
Region 5,Region 19,38,0.134,33,0.194,12,0.099,11,0.136,7,0.129,8,0.181,12,0.252,14,0.172,36,0.218,69,0.182,93,0.188,108,0.235,76,0.196,56,0.148,64,0.164,61,0.149,62,0.15,77,0.16,82,0.156,93,0.193,70,0.139,52,0.113,43,0.113,41,0.129
Region 5,Region 20,35,0.123,28,0.164,16,0.132,14,0.174,11,0.203,4,0.09,11,0.231,21,0.258,35,0.212,48,0.127,86,0.174,49,0.106,45,0.116,49,0.129,50,0.128,56,0.137,64,0.155,83,0.172,77,0.147,90,0.186,74,0.147,73,0.158,76,0.2,45,0.142
Region 5,Region 21,0,0,0,0,0,0,0,0,0,0,0,0,0,0,1,0.012,1,0.006,3,0.008,3,0.006,3,0.007,2,0.005,0,0,0,0,1,0.002,2,0.005,2,0.004,1,0.002,1,0.002,1,0.002,0,0,0,0,0,0
Region 5,Region 22,6,0.021,0,0,2,0.016,3,0.037,1,0.018,0,0,1,0.021,1,0.012,2,0.012,6,0.016,6,0.012,4,0.009,4,0.01,6,0.016,7,0.018,7,0.017,4,0.01,12,0.025,4,0.008,8,0.017,9,0.018,5,0.011,4,0.011,3,0.009
Region 5,Region 23,2,0.007,1,0.006,0,0,0,0,0,0,0,0,0,0,0,0,0,0,0,0,1,0.002,0,0,0,0,0,0,0,0,1,0.002,0,0,1,0.002,1,0.002,1,0.002,0,0,0,0,0,0,0,0
Region 5,Region 24,0,0,0,0,0,0,0,0,0,0,0,0,0,0,0,0,0,0,1,0.003,0,0,0,0,2,0.005,0,0,0,0,0,0,0,0,1,0.002,0,0,0,0,0,0,0,0,0,0,1,0.003
Region 5,Region 25,0,0,0,0,0,0,0,0,0,0,0,0,0,0,0,0,1,0.006,0,0,0,0,2,0.004,1,0.003,0,0,0,0,0,0,0,0,1,0.002,0,0,0,0,0,0,0,0,1,0.003,0,0
Region 5,Region 26,0,0,0,0,0,0,0,0,0,0,0,0,0,0,0,0,0,0,0,0,0,0,1,0.002,0,0,0,0,0,0,0,0,0,0,0,0,0,0,1,0.002,0,0,0,0,0,0,0,0
Region 5,Region 27,0,0,0,0,0,0,0,0,0,0,0,0,0,0,0,0,0,0,0,0,0,0,0,0,0,0,0,0,0,0,0,0,0,0,0,0,0,0,0,0,0,0,0,0,0,0,0,0
Region 5,Region 28,0,0,0,0,0,0,0,0,0,0,0,0,0,0,1,0.012,0,0,0,0,0,0,1,0.002,0,0,0,0,0,0,0,0,0,0,0,0,0,0,0,0,0,0,0,0,0,0,0,0
Region 5,Region 29,15,0.053,17,0.1,16,0.132,16,0.198,9,0.166,9,0.204,8,0.168,17,0.209,26,0.157,33,0.087,61,0.124,56,0.122,39,0.1,30,0.079,39,0.1,47,0.115,48,0.116,60,0.125,72,0.137,39,0.081,35,0.069,32,0.069,28,0.074,28,0.088
Region 5,Region 30,5,0.018,0,0,0,0,0,0,1,0.018,0,0,1,0.021,0,0,0,0,2,0.005,7,0.014,2,0.004,5,0.013,1,0.003,1,0.003,2,0.005,0,0,1,0.002,3,0.006,1,0.002,0,0,2,0.004,0,0,0,0
Region 5,Region 31,1,0.004,2,0.012,0,0,1,0.012,0,0,0,0,1,0.021,1,0.012,0,0,0,0,3,0.006,5,0.011,1,0.003,0,0,0,0,3,0.007,0,0,5,0.01,4,0.008,2,0.004,1,0.002,0,0,3,0.008,3,0.009
Region 5,Region 32,0,0,0,0,0,0,0,0,0,0,0,0,0,0,0,0,2,0.012,2,0.005,0,0,4,0.009,0,0,0,0,0,0,1,0.002,0,0,0,0,0,0,0,0,1,0.002,0,0,0,0,0,0
Region 5,Region 33,0,0,0,0,0,0,0,0,0,0,0,0,0,0,1,0.012,0,0,0,0,0,0,0,0,0,0,0,0,0,0,0,0,0,0,0,0,0,0,0,0,0,0,0,0,0,0,0,0
Region 5,Region 34,0,0,0,0,0,0,0,0,0,0,0,0,0,0,0,0,0,0,0,0,0,0,0,0,0,0,0,0,0,0,0,0,0,0,0,0,0,0,0,0,0,0,0,0,0,0,0,0
Region 5,Region 35,0,0,0,0,0,0,0,0,0,0,0,0,0,0,0,0,0,0,0,0,0,0,0,0,0,0,0,0,0,0,0,0,0,0,0,0,0,0,0,0,0,0,0,0,0,0,0,0
Region 5,Region 36,0,0,0,0,0,0,0,0,0,0,0,0,0,0,0,0,2,0.012,0,0,0,0,0,0,0,0,0,0,0,0,0,0,0,0,1,0.002,0,0,0,0,0,0,0,0,0,0,1,0.003
Region 5,Region 37,0,0,0,0,0,0,0,0,0,0,1,0.023,0,0,0,0,0,0,1,0.003,1,0.002,1,0.002,1,0.003,1,0.003,1,0.003,0,0,0,0,2,0.004,1,0.002,0,0,1,0.002,0,0,2,0.005,0,0
Region 5,Region 38,5,0.018,1,0.006,1,0.008,0,0,0,0,0,0,1,0.021,0,0,4,0.024,5,0.013,6,0.012,3,0.007,4,0.01,1,0.003,2,0.005,5,0.012,2,0.005,1,0.002,0,0,7,0.014,2,0.004,1,0.002,3,0.008,3,0.009
Region 5,Region 39,1,0.004,0,0,0,0,0,0,0,0,0,0,1,0.021,0,0,1,0.006,1,0.003,1,0.002,0,0,0,0,0,0,0,0,0,0,0,0,0,0,0,0,1,0.002,1,0.002,0,0,0,0,0,0
Region 5,Region 40,0,0,0,0,0,0,0,0,0,0,0,0,0,0,0,0,0,0,0,0,0,0,0,0,0,0,0,0,0,0,0,0,0,0,0,0,0,0,0,0,0,0,0,0,0,0,0,0
Region 5,Region 41,0,0,0,0,0,0,0,0,0,0,0,0,0,0,1,0.012,0,0,0,0,1,0.002,0,0,1,0.003,1,0.003,0,0,0,0,0,0,0,0,0,0,0,0,0,0,1,0.002,0,0,0,0
Region 5,Region 42,0,0,0,0,0,0,0,0,0,0,0,0,0,0,0,0,0,0,0,0,0,0,0,0,0,0,0,0,0,0,0,0,0,0,0,0,0,0,0,0,0,0,0,0,0,0,0,0
Region 5,Region 43,0,0,0,0,0,0,0,0,0,0,0,0,0,0,0,0,0,0,0,0,0,0,0,0,0,0,0,0,0,0,0,0,0,0,0,0,1,0.002,1,0.002,0,0,2,0.004,0,0,0,0
Region 5,Region 44,0,0,0,0,0,0,0,0,0,0,0,0,0,0,0,0,0,0,0,0,0,0,0,0,0,0,0,0,0,0,0,0,0,0,0,0,0,0,0,0,0,0,0,0,0,0,0,0
Region 5,Region 45,6,0.021,2,0.012,1,0.008,1,0.012,0,0,1,0.023,0,0,1,0.012,2,0.012,1,0.003,2,0.004,4,0.009,2,0.005,2,0.005,4,0.01,0,0,4,0.01,6,0.012,3,0.006,8,0.017,9,0.018,2,0.004,6,0.016,7,0.022
Region 5,Region 46,0,0,0,0,0,0,0,0,0,0,0,0,0,0,2,0.025,0,0,3,0.008,2,0.004,1,0.002,2,0.005,0,0,0,0,0,0,0,0,0,0,4,0.008,2,0.004,0,0,0,0,0,0,0,0
Region 5,Region 47,1,0.004,0,0,0,0,1,0.012,0,0,0,0,0,0,1,0.012,7,0.042,8,0.021,9,0.018,1,0.002,2,0.005,2,0.005,1,0.003,5,0.012,2,0.005,3,0.006,3,0.006,5,0.01,3,0.006,4,0.009,3,0.008,3,0.009
Region 5,Region 48,3,0.011,3,0.018,1,0.008,1,0.012,0,0,0,0,1,0.021,0,0,4,0.024,5,0.013,10,0.02,8,0.017,6,0.015,15,0.04,3,0.008,2,0.005,2,0.005,4,0.008,3,0.006,3,0.006,3,0.006,4,0.009,1,0.003,2,0.006
Region 5,Region 49,5,0.018,2,0.012,0,0,1,0.012,0,0,0,0,1,0.021,0,0,0,0,1,0.003,3,0.006,4,0.009,2,0.005,2,0.005,0,0,3,0.007,0,0,3,0.006,3,0.006,6,0.012,1,0.002,2,0.004,1,0.003,3,0.009
Region 5,Region 50,1,0.004,0,0,0,0,0,0,0,0,0,0,0,0,0,0,1,0.006,1,0.003,1,0.002,1,0.002,3,0.008,2,0.005,1,0.003,1,0.002,0,0,1,0.002,1,0.002,1,0.002,0,0,2,0.004,2,0.005,1,0.003
Region 5,Region 51,2,0.007,1,0.006,1,0.008,0,0,0,0,0,0,0,0,0,0,0,0,5,0.013,4,0.008,1,0.002,3,0.008,2,0.005,1,0.003,0,0,1,0.002,1,0.002,1,0.002,1,0.002,2,0.004,3,0.007,2,0.005,2,0.006
Region 5,Region 52,0,0,1,0.006,0,0,1,0.012,0,0,1,0.023,0,0,1,0.012,1,0.006,2,0.005,0,0,1,0.002,1,0.003,2,0.005,2,0.005,0,0,1,0.002,3,0.006,5,0.01,1,0.002,0,0,4,0.009,0,0,0,0
Region 5,Region 53,0,0,0,0,0,0,0,0,1,0.018,0,0,1,0.021,0,0,0,0,3,0.008,5,0.01,0,0,0,0,0,0,0,0,1,0.002,2,0.005,0,0,1,0.002,1,0.002,1,0.002,0,0,1,0.003,1,0.003
Region 5,Region 54,47,0.166,20,0.117,20,0.164,12,0.149,3,0.055,5,0.113,7,0.147,12,0.148,16,0.097,35,0.092,40,0.081,46,0.1,36,0.093,27,0.071,34,0.087,43,0.105,42,0.101,79,0.164,68,0.13,77,0.159,78,0.155,70,0.152,59,0.155,49,0.154
Region 5,Region 55,0,0,0,0,0,0,0,0,0,0,0,0,0,0,0,0,0,0,0,0,1,0.002,0,0,0,0,0,0,0,0,0,0,0,0,1,0.002,0,0,0,0,0,0,0,0,0,0,0,0
Region 5,Region 56,0,0,0,0,0,0,0,0,0,0,0,0,0,0,0,0,0,0,0,0,0,0,0,0,0,0,0,0,0,0,0,0,0,0,0,0,0,0,0,0,0,0,0,0,0,0,0,0
Region 5,Region 57,0,0,0,0,0,0,0,0,0,0,0,0,0,0,0,0,0,0,0,0,0,0,0,0,0,0,0,0,0,0,0,0,1,0.002,0,0,0,0,0,0,0,0,0,0,1,0.003,0,0
Region 5,Region 58,0,0,0,0,0,0,0,0,0,0,0,0,0,0,0,0,0,0,0,0,0,0,0,0,0,0,0,0,0,0,0,0,0,0,0,0,0,0,0,0,0,0,0,0,0,0,0,0
Region 5,Region 59,0,0,0,0,0,0,0,0,0,0,0,0,0,0,0,0,0,0,0,0,0,0,0,0,0,0,0,0,0,0,0,0,0,0,0,0,0,0,0,0,0,0,0,0,0,0,0,0
Region 5,Region 60,1,0.004,2,0.012,2,0.016,0,0,0,0,0,0,2,0.042,1,0.012,4,0.024,7,0.018,17,0.034,16,0.035,13,0.033,7,0.018,9,0.023,7,0.017,10,0.024,10,0.021,8,0.015,4,0.008,8,0.016,2,0.004,2,0.005,1,0.003
Region 5,Region 61,0,0,0,0,0,0,0,0,0,0,0,0,0,0,1,0.012,4,0.024,1,0.003,1,0.002,1,0.002,0,0,0,0,0,0,0,0,0,0,0,0,1,0.002,1,0.002,0,0,0,0,0,0,0,0
Region 5,Region 62,0,0,0,0,0,0,0,0,0,0,0,0,0,0,0,0,2,0.012,0,0,0,0,1,0.002,1,0.003,1,0.003,0,0,1,0.002,0,0,2,0.004,3,0.006,1,0.002,2,0.004,0,0,2,0.005,2,0.006
Region 5,Region 63,0,0,0,0,0,0,0,0,0,0,0,0,0,0,0,0,0,0,0,0,0,0,0,0,0,0,0,0,0,0,0,0,0,0,0,0,0,0,0,0,0,0,0,0,0,0,0,0
Region 5,Region 64,5,0.018,3,0.018,0,0,2,0.025,0,0,0,0,0,0,2,0.025,3,0.018,14,0.037,23,0.047,11,0.024,2,0.005,9,0.024,7,0.018,13,0.032,9,0.022,15,0.031,18,0.034,14,0.029,11,0.022,11,0.024,6,0.016,6,0.019
Region 5,Region 65,1,0.004,0,0,0,0,0,0,0,0,0,0,0,0,0,0,0,0,1,0.003,0,0,0,0,0,0,0,0,1,0.003,0,0,0,0,0,0,0,0,3,0.006,0,0,1,0.002,0,0,2,0.006
Region 5,Region 66,0,0,0,0,0,0,0,0,0,0,0,0,0,0,0,0,1,0.006,1,0.003,1,0.002,1,0.002,0,0,0,0,1,0.003,0,0,2,0.005,2,0.004,2,0.004,2,0.004,3,0.006,0,0,0,0,0,0
Region 5,Region 67,1,0.004,0,0,0,0,0,0,0,0,0,0,0,0,1,0.012,3,0.018,5,0.013,11,0.022,4,0.009,4,0.01,3,0.008,2,0.005,1,0.002,2,0.005,5,0.01,5,0.01,6,0.012,7,0.014,1,0.002,2,0.005,0,0
Region 5,Region 68,1,0.004,0,0,0,0,0,0,0,0,0,0,0,0,3,0.037,0,0,2,0.005,8,0.016,4,0.009,1,0.003,2,0.005,1,0.003,2,0.005,0,0,0,0,3,0.006,1,0.002,1,0.002,7,0.015,3,0.008,2,0.006
Region 5,Region 69,3,0.011,0,0,5,0.041,0,0,1,0.018,1,0.023,1,0.021,0,0,2,0.012,3,0.008,3,0.006,4,0.009,0,0,1,0.003,3,0.008,4,0.01,4,0.01,2,0.004,7,0.013,4,0.008,5,0.01,4,0.009,2,0.005,8,0.025
Region 5,Region 70,1,0.004,4,0.023,1,0.008,0,0,0,0,0,0,3,0.063,3,0.037,9,0.054,8,0.021,8,0.016,13,0.028,8,0.021,7,0.018,4,0.01,2,0.005,2,0.005,5,0.01,10,0.019,6,0.012,6,0.012,7,0.015,5,0.013,7,0.022
Region 5,Region 71,1,0.004,0,0,0,0,0,0,0,0,0,0,1,0.021,0,0,0,0,1,0.003,0,0,1,0.002,1,0.003,0,0,0,0,1,0.002,2,0.005,0,0,1,0.002,0,0,1,0.002,1,0.002,0,0,0,0
Region 5,Region 72,0,0,0,0,0,0,0,0,0,0,0,0,0,0,0,0,0,0,0,0,0,0,0,0,0,0,0,0,0,0,0,0,0,0,0,0,0,0,0,0,0,0,0,0,0,0,0,0
Region 5,Region 73,0,0,0,0,0,0,0,0,0,0,0,0,0,0,0,0,0,0,0,0,0,0,0,0,0,0,0,0,0,0,0,0,0,0,0,0,0,0,0,0,0,0,0,0,0,0,0,0
Region 5,Region 74,14,0.049,8,0.047,3,0.025,2,0.025,1,0.018,2,0.045,1,0.021,0,0,4,0.024,20,0.053,18,0.036,9,0.02,11,0.028,12,0.032,12,0.031,17,0.041,13,0.031,19,0.039,20,0.038,17,0.035,25,0.05,18,0.039,17,0.045,15,0.047
Region 5,Region 75,0,0,1,0.006,0,0,0,0,0,0,0,0,0,0,0,0,0,0,0,0,0,0,0,0,0,0,0,0,0,0,0,0,0,0,0,0,0,0,0,0,1,0.002,1,0.002,0,0,0,0
Region 6,Region 0,0,0,0,0,0,0,0,0,0,0,0,0,0,0,0,0,0,0,0,0,0,0,0,0,0,0,0,0,0,0,0,0,0,0,0,0,0,0,0,0,0,0,0,0,0,0,0,0
Region 6,Region 1,0,0,0,0,0,0,0,0,0,0,0,0,0,0,0,0,0,0,0,0,0,0,0,0,0,0,0,0,0,0,0,0,0,0,0,0,0,0,0,0,0,0,0,0,0,0,0,0
Region 6,Region 2,0,0,0,0,0,0,0,0,0,0,0,0,0,0,0,0,0,0,0,0,0,0,0,0,0,0,0,0,0,0,0,0,0,0,0,0,0,0,0,0,0,0,0,0,0,0,0,0
Region 6,Region 3,0,0,0,0,0,0,0,0,0,0,0,0,0,0,0,0,0,0,0,0,0,0,0,0,0,0,0,0,0,0,0,0,0,0,0,0,0,0,0,0,0,0,0,0,0,0,0,0
Region 6,Region 4,0,0,0,0,0,0,0,0,0,0,0,0,0,0,0,0,0,0,0,0,0,0,0,0,0,0,0,0,0,0,0,0,0,0,0,0,0,0,0,0,0,0,0,0,0,0,0,0
Region 6,Region 5,0,0,0,0,0,0,0,0,0,0,0,0,0,0,0,0,0,0,0,0,0,0,0,0,0,0,0,0,0,0,0,0,0,0,0,0,0,0,0,0,0,0,0,0,0,0,0,0
Region 6,Region 6,0,0,0,0,0,0,0,0,0,0,0,0,0,0,0,0,0,0,0,0,0,0,0,0,0,0,0,0,0,0,0,0,0,0,0,0,0,0,0,0,0,0,0,0,0,0,0,0
Region 6,Region 7,0,0,0,0,0,0,0,0,0,0,0,0,0,0,0,0,0,0,0,0,0,0,0,0,0,0,0,0,0,0,0,0,0,0,0,0,0,0,0,0,0,0,0,0,0,0,0,0
Region 6,Region 8,0,0,0,0,0,0,0,0,0,0,0,0,0,0,0,0,0,0,0,0,0,0,0,0,0,0,0,0,0,0,0,0,0,0,0,0,0,0,0,0,0,0,0,0,0,0,0,0
Region 6,Region 9,0,0,0,0,0,0,0,0,0,0,0,0,0,0,0,0,0,0,0,0,0,0,0,0,0,0,0,0,0,0,0,0,0,0,0,0,0,0,0,0,0,0,0,0,0,0,0,0
Region 6,Region 10,0,0,0,0,0,0,0,0,0,0,0,0,0,0,0,0,0,0,0,0,0,0,0,0,0,0,0,0,0,0,0,0,0,0,0,0,0,0,0,0,0,0,0,0,0,0,0,0
Region 6,Region 11,0,0,0,0,0,0,0,0,0,0,0,0,0,0,0,0,0,0,0,0,0,0,0,0,0,0,0,0,0,0,0,0,0,0,0,0,0,0,0,0,0,0,0,0,0,0,0,0
Region 6,Region 12,0,0,0,0,0,0,0,0,0,0,0,0,0,0,0,0,0,0,0,0,0,0,0,0,0,0,0,0,0,0,0,0,0,0,0,0,0,0,0,0,0,0,0,0,0,0,0,0
Region 6,Region 13,0,0,0,0,0,0,0,0,0,0,0,0,0,0,0,0,0,0,0,0,0,0,0,0,0,0,0,0,0,0,0,0,0,0,0,0,0,0,0,0,0,0,0,0,0,0,0,0
Region 6,Region 14,0,0,0,0,0,0,0,0,0,0,0,0,0,0,0,0,0,0,0,0,0,0,0,0,0,0,0,0,0,0,0,0,0,0,0,0,0,0,0,0,0,0,0,0,0,0,0,0
Region 6,Region 15,0,0,0,0,0,0,0,0,0,0,0,0,0,0,0,0,0,0,0,0,0,0,0,0,0,0,0,0,0,0,0,0,0,0,0,0,0,0,0,0,0,0,0,0,0,0,0,0
Region 6,Region 16,0,0,0,0,0,0,0,0,0,0,0,0,0,0,0,0,0,0,0,0,0,0,0,0,0,0,0,0,0,0,0,0,0,0,0,0,0,0,0,0,0,0,0,0,0,0,0,0
Region 6,Region 17,0,0,0,0,0,0,0,0,0,0,0,0,0,0,0,0,0,0,0,0,0,0,0,0,0,0,0,0,0,0,0,0,0,0,0,0,0,0,0,0,0,0,0,0,0,0,0,0
Region 6,Region 18,0,0,0,0,0,0,0,0,0,0,0,0,0,0,0,0,0,0,0,0,0,0,0,0,0,0,0,0,0,0,0,0,0,0,0,0,0,0,0,0,0,0,0,0,0,0,0,0
Region 6,Region 19,0,0,0,0,0,0,0,0,0,0,0,0,0,0,0,0,0,0,0,0,0,0,0,0,0,0,0,0,0,0,0,0,0,0,0,0,0,0,0,0,0,0,0,0,0,0,0,0
Region 6,Region 20,0,0,0,0,0,0,0,0,0,0,0,0,0,0,0,0,0,0,0,0,0,0,0,0,0,0,0,0,0,0,0,0,0,0,0,0,0,0,0,0,0,0,0,0,0,0,0,0
Region 6,Region 21,0,0,0,0,0,0,0,0,0,0,0,0,0,0,0,0,0,0,0,0,0,0,0,0,0,0,0,0,0,0,0,0,0,0,0,0,0,0,0,0,0,0,0,0,0,0,0,0
Region 6,Region 22,0,0,0,0,0,0,0,0,0,0,0,0,0,0,0,0,0,0,0,0,0,0,0,0,0,0,0,0,0,0,0,0,0,0,0,0,0,0,0,0,0,0,0,0,0,0,0,0
Region 6,Region 23,0,0,0,0,0,0,0,0,0,0,0,0,0,0,0,0,0,0,0,0,0,0,0,0,0,0,0,0,0,0,0,0,0,0,0,0,0,0,0,0,0,0,0,0,0,0,0,0
Region 6,Region 24,0,0,0,0,0,0,0,0,0,0,0,0,0,0,0,0,0,0,0,0,0,0,0,0,0,0,0,0,0,0,0,0,0,0,0,0,0,0,0,0,0,0,0,0,0,0,0,0
Region 6,Region 25,0,0,0,0,0,0,0,0,0,0,0,0,0,0,0,0,0,0,0,0,0,0,0,0,0,0,0,0,0,0,0,0,0,0,0,0,0,0,0,0,0,0,0,0,0,0,0,0
Region 6,Region 26,0,0,0,0,0,0,0,0,0,0,0,0,0,0,0,0,0,0,0,0,0,0,0,0,0,0,0,0,0,0,0,0,0,0,0,0,0,0,0,0,0,0,0,0,0,0,0,0
Region 6,Region 27,0,0,0,0,0,0,0,0,0,0,0,0,0,0,0,0,0,0,0,0,0,0,0,0,0,0,0,0,0,0,0,0,0,0,0,0,0,0,0,0,0,0,0,0,0,0,0,0
Region 6,Region 28,0,0,0,0,0,0,0,0,0,0,0,0,0,0,0,0,0,0,0,0,0,0,0,0,0,0,0,0,0,0,0,0,0,0,0,0,0,0,0,0,0,0,0,0,0,0,0,0
Region 6,Region 29,0,0,0,0,0,0,0,0,0,0,0,0,0,0,0,0,0,0,0,0,0,0,0,0,0,0,0,0,0,0,0,0,0,0,0,0,0,0,0,0,0,0,0,0,0,0,0,0
Region 6,Region 30,0,0,0,0,0,0,0,0,0,0,0,0,0,0,0,0,0,0,0,0,0,0,0,0,0,0,0,0,0,0,0,0,0,0,0,0,0,0,0,0,0,0,0,0,0,0,0,0
Region 6,Region 31,0,0,0,0,0,0,0,0,0,0,0,0,0,0,0,0,0,0,0,0,0,0,0,0,0,0,0,0,0,0,0,0,0,0,0,0,0,0,0,0,0,0,0,0,0,0,0,0
Region 6,Region 32,0,0,0,0,0,0,0,0,0,0,0,0,0,0,0,0,0,0,0,0,0,0,0,0,0,0,0,0,0,0,0,0,0,0,0,0,0,0,0,0,0,0,0,0,0,0,0,0
Region 6,Region 33,0,0,0,0,0,0,0,0,0,0,0,0,0,0,0,0,0,0,0,0,0,0,0,0,0,0,0,0,0,0,0,0,0,0,0,0,0,0,0,0,0,0,0,0,0,0,0,0
Region 6,Region 34,0,0,0,0,0,0,0,0,0,0,0,0,0,0,0,0,0,0,0,0,0,0,0,0,0,0,0,0,0,0,0,0,0,0,0,0,0,0,0,0,0,0,0,0,0,0,0,0
Region 6,Region 35,0,0,0,0,0,0,0,0,0,0,0,0,0,0,0,0,0,0,0,0,0,0,0,0,0,0,0,0,0,0,0,0,0,0,0,0,0,0,0,0,0,0,0,0,0,0,0,0
Region 6,Region 36,0,0,0,0,0,0,0,0,0,0,0,0,0,0,0,0,0,0,0,0,0,0,0,0,0,0,0,0,0,0,0,0,0,0,0,0,0,0,0,0,0,0,0,0,0,0,0,0
Region 6,Region 37,0,0,0,0,0,0,0,0,0,0,0,0,0,0,0,0,0,0,0,0,0,0,0,0,0,0,0,0,0,0,0,0,0,0,0,0,0,0,0,0,0,0,0,0,0,0,0,0
Region 6,Region 38,0,0,0,0,0,0,0,0,0,0,0,0,0,0,0,0,0,0,0,0,0,0,0,0,0,0,0,0,0,0,0,0,0,0,0,0,0,0,0,0,0,0,0,0,0,0,0,0
Region 6,Region 39,0,0,0,0,0,0,0,0,0,0,0,0,0,0,0,0,0,0,0,0,0,0,0,0,0,0,0,0,0,0,0,0,0,0,0,0,0,0,0,0,0,0,0,0,0,0,0,0
Region 6,Region 40,0,0,0,0,0,0,0,0,0,0,0,0,0,0,0,0,0,0,0,0,0,0,0,0,0,0,0,0,0,0,0,0,0,0,0,0,0,0,0,0,0,0,0,0,0,0,0,0
Region 6,Region 41,0,0,0,0,0,0,0,0,0,0,0,0,0,0,0,0,0,0,0,0,0,0,0,0,0,0,0,0,0,0,0,0,0,0,0,0,0,0,0,0,0,0,0,0,0,0,0,0
Region 6,Region 42,0,0,0,0,0,0,0,0,0,0,0,0,0,0,0,0,0,0,0,0,0,0,0,0,0,0,0,0,0,0,0,0,0,0,0,0,0,0,0,0,0,0,0,0,0,0,0,0
Region 6,Region 43,0,0,0,0,0,0,0,0,0,0,0,0,0,0,0,0,0,0,0,0,0,0,0,0,0,0,0,0,0,0,0,0,0,0,0,0,0,0,0,0,0,0,0,0,0,0,0,0
Region 6,Region 44,0,0,0,0,0,0,0,0,0,0,0,0,0,0,0,0,0,0,0,0,0,0,0,0,0,0,0,0,0,0,0,0,0,0,0,0,0,0,0,0,0,0,0,0,0,0,0,0
Region 6,Region 45,0,0,0,0,0,0,0,0,0,0,0,0,0,0,0,0,0,0,0,0,0,0,0,0,0,0,0,0,0,0,0,0,0,0,0,0,0,0,0,0,0,0,0,0,0,0,0,0
Region 6,Region 46,0,0,0,0,0,0,0,0,0,0,0,0,0,0,0,0,0,0,0,0,0,0,0,0,0,0,0,0,0,0,0,0,0,0,0,0,0,0,0,0,0,0,0,0,0,0,0,0
Region 6,Region 47,0,0,0,0,0,0,0,0,0,0,0,0,0,0,0,0,0,0,0,0,0,0,0,0,0,0,0,0,0,0,0,0,0,0,0,0,0,0,0,0,0,0,0,0,0,0,0,0
Region 6,Region 48,0,0,0,0,0,0,0,0,0,0,0,0,0,0,0,0,0,0,0,0,0,0,0,0,0,0,0,0,0,0,0,0,0,0,0,0,0,0,0,0,0,0,0,0,0,0,0,0
Region 6,Region 49,0,0,0,0,0,0,0,0,0,0,0,0,0,0,0,0,0,0,0,0,0,0,0,0,0,0,0,0,0,0,0,0,0,0,0,0,0,0,0,0,0,0,0,0,0,0,0,0
Region 6,Region 50,0,0,0,0,0,0,0,0,0,0,0,0,0,0,0,0,0,0,0,0,0,0,0,0,0,0,0,0,0,0,0,0,0,0,0,0,0,0,0,0,0,0,0,0,0,0,0,0
Region 6,Region 51,0,0,0,0,0,0,0,0,0,0,0,0,0,0,0,0,0,0,0,0,0,0,0,0,0,0,0,0,0,0,0,0,0,0,0,0,0,0,0,0,0,0,0,0,0,0,0,0
Region 6,Region 52,0,0,0,0,0,0,0,0,0,0,0,0,0,0,0,0,0,0,0,0,0,0,0,0,0,0,0,0,0,0,0,0,0,0,0,0,0,0,0,0,0,0,0,0,0,0,0,0
Region 6,Region 53,0,0,0,0,0,0,0,0,0,0,0,0,0,0,0,0,0,0,0,0,0,0,0,0,0,0,0,0,0,0,0,0,0,0,0,0,0,0,0,0,0,0,0,0,0,0,0,0
Region 6,Region 54,0,0,0,0,0,0,0,0,0,0,0,0,0,0,0,0,0,0,0,0,0,0,0,0,0,0,0,0,0,0,0,0,0,0,0,0,0,0,0,0,0,0,0,0,0,0,0,0
Region 6,Region 55,0,0,0,0,0,0,0,0,0,0,0,0,0,0,0,0,0,0,0,0,0,0,0,0,0,0,0,0,0,0,0,0,0,0,0,0,0,0,0,0,0,0,0,0,0,0,0,0
Region 6,Region 56,0,0,0,0,0,0,0,0,0,0,0,0,0,0,0,0,0,0,0,0,0,0,0,0,0,0,0,0,0,0,0,0,0,0,0,0,0,0,0,0,0,0,0,0,0,0,0,0
Region 6,Region 57,0,0,0,0,0,0,0,0,0,0,0,0,0,0,0,0,0,0,0,0,0,0,0,0,0,0,0,0,0,0,0,0,0,0,0,0,0,0,0,0,0,0,0,0,0,0,0,0
Region 6,Region 58,0,0,0,0,0,0,0,0,0,0,0,0,0,0,0,0,0,0,0,0,0,0,0,0,0,0,0,0,0,0,0,0,0,0,0,0,0,0,0,0,0,0,0,0,0,0,0,0
Region 6,Region 59,0,0,0,0,0,0,0,0,0,0,0,0,0,0,0,0,0,0,0,0,0,0,0,0,0,0,0,0,0,0,0,0,0,0,0,0,0,0,0,0,0,0,0,0,0,0,0,0
Region 6,Region 60,0,0,0,0,0,0,0,0,0,0,0,0,0,0,0,0,0,0,0,0,0,0,0,0,0,0,0,0,0,0,0,0,0,0,0,0,0,0,0,0,0,0,0,0,0,0,0,0
Region 6,Region 61,0,0,0,0,0,0,0,0,0,0,0,0,0,0,0,0,0,0,0,0,0,0,0,0,0,0,0,0,0,0,0,0,0,0,0,0,0,0,0,0,0,0,0,0,0,0,0,0
Region 6,Region 62,0,0,0,0,0,0,0,0,0,0,0,0,0,0,0,0,0,0,0,0,0,0,0,0,0,0,0,0,0,0,0,0,0,0,0,0,0,0,0,0,0,0,0,0,0,0,0,0
Region 6,Region 63,0,0,0,0,0,0,0,0,0,0,0,0,0,0,0,0,0,0,0,0,0,0,0,0,0,0,0,0,0,0,0,0,0,0,0,0,0,0,0,0,0,0,0,0,0,0,0,0
Region 6,Region 64,0,0,0,0,0,0,0,0,0,0,0,0,0,0,0,0,0,0,0,0,0,0,0,0,0,0,0,0,0,0,0,0,0,0,0,0,0,0,0,0,0,0,0,0,0,0,0,0
Region 6,Region 65,0,0,0,0,0,0,0,0,0,0,0,0,0,0,0,0,0,0,0,0,0,0,0,0,0,0,0,0,0,0,0,0,0,0,0,0,0,0,0,0,0,0,0,0,0,0,0,0
Region 6,Region 66,0,0,0,0,0,0,0,0,0,0,0,0,0,0,0,0,0,0,0,0,0,0,0,0,0,0,0,0,0,0,0,0,0,0,0,0,0,0,0,0,0,0,0,0,0,0,0,0
Region 6,Region 67,0,0,0,0,0,0,0,0,0,0,0,0,0,0,0,0,0,0,0,0,0,0,0,0,0,0,0,0,0,0,0,0,0,0,0,0,0,0,0,0,0,0,0,0,0,0,0,0
Region 6,Region 68,0,0,0,0,0,0,0,0,0,0,0,0,0,0,0,0,0,0,0,0,0,0,0,0,0,0,0,0,0,0,0,0,0,0,0,0,0,0,0,0,0,0,0,0,0,0,0,0
Region 6,Region 69,0,0,0,0,0,0,0,0,0,0,0,0,0,0,0,0,0,0,0,0,0,0,0,0,0,0,0,0,0,0,0,0,0,0,0,0,0,0,0,0,0,0,0,0,0,0,0,0
Region 6,Region 70,0,0,0,0,0,0,0,0,0,0,0,0,0,0,0,0,0,0,0,0,0,0,0,0,0,0,0,0,0,0,0,0,0,0,0,0,0,0,0,0,0,0,0,0,0,0,0,0
Region 6,Region 71,0,0,0,0,0,0,0,0,0,0,0,0,0,0,0,0,0,0,0,0,0,0,0,0,0,0,0,0,0,0,0,0,0,0,0,0,0,0,0,0,0,0,0,0,0,0,0,0
Region 6,Region 72,0,0,0,0,0,0,0,0,0,0,0,0,0,0,0,0,0,0,0,0,0,0,0,0,0,0,0,0,0,0,0,0,0,0,0,0,0,0,0,0,0,0,0,0,0,0,0,0
Region 6,Region 73,0,0,0,0,0,0,0,0,0,0,0,0,0,0,0,0,0,0,0,0,0,0,0,0,0,0,0,0,0,0,0,0,0,0,0,0,0,0,0,0,0,0,0,0,0,0,0,0
Region 6,Region 74,0,0,0,0,0,0,0,0,0,0,0,0,0,0,0,0,0,0,0,0,0,0,0,0,0,0,0,0,0,0,0,0,0,0,0,0,0,0,0,0,0,0,0,0,0,0,0,0
Region 6,Region 75,0,0,0,0,0,0,0,0,0,0,0,0,0,0,0,0,0,0,0,0,0,0,0,0,0,0,0,0,0,0,0,0,0,0,0,0,0,0,0,0,0,0,0,0,0,0,0,0
Region 7,Region 0,1,0.004,0,0,0,0,0,0,0,0,0,0,0,0,0,0,1,0.006,0,0,1,0.002,0,0,0,0,0,0,0,0,0,0,0,0,1,0.002,1,0.002,1,0.002,3,0.006,1,0.002,0,0,0,0
Region 7,Region 1,0,0,0,0,0,0,0,0,0,0,0,0,0,0,0,0,0,0,0,0,0,0,0,0,0,0,0,0,0,0,0,0,0,0,0,0,0,0,0,0,0,0,0,0,0,0,0,0
Region 7,Region 2,2,0.007,0,0,1,0.008,1,0.012,0,0,1,0.023,1,0.021,0,0,1,0.006,3,0.008,5,0.01,3,0.007,3,0.008,5,0.013,5,0.013,5,0.012,3,0.007,6,0.012,6,0.011,3,0.006,7,0.014,3,0.007,4,0.011,1,0.003
Region 7,Region 3,4,0.014,3,0.018,4,0.033,1,0.012,1,0.018,0,0,0,0,0,0,2,0.012,1,0.003,4,0.008,6,0.013,7,0.018,3,0.008,4,0.01,9,0.022,4,0.01,9,0.019,7,0.013,8,0.017,4,0.008,7,0.015,10,0.026,6,0.019
Region 7,Region 4,2,0.007,2,0.012,2,0.016,1,0.012,1,0.018,0,0,0,0,0,0,1,0.006,1,0.003,3,0.006,2,0.004,1,0.003,0,0,0,0,1,0.002,1,0.002,2,0.004,0,0,3,0.006,1,0.002,1,0.002,2,0.005,2,0.006
Region 7,Region 5,22,0.078,13,0.076,12,0.099,6,0.074,3,0.055,2,0.045,3,0.063,4,0.049,6,0.036,7,0.018,15,0.03,24,0.052,22,0.057,25,0.066,15,0.038,22,0.054,19,0.046,19,0.039,39,0.074,36,0.075,26,0.052,30,0.065,22,0.058,21,0.066
Region 7,Region 6,0,0,0,0,0,0,0,0,0,0,0,0,0,0,0,0,0,0,0,0,0,0,0,0,0,0,0,0,0,0,0,0,0,0,0,0,0,0,0,0,0,0,0,0,0,0,0,0
Region 7,Region 7,612,2.158,374,2.194,272,2.237,171,2.12,125,2.305,78,1.765,104,2.18,127,1.562,158,0.956,358,0.945,627,1.27,660,1.434,644,1.659,622,1.641,702,1.798,755,1.841,710,1.714,853,1.772,831,1.584,786,1.627,782,1.55,724,1.569,612,1.613,607,1.909
Region 7,Region 8,0,0,0,0,0,0,0,0,0,0,0,0,0,0,0,0,0,0,0,0,0,0,0,0,0,0,0,0,0,0,0,0,0,0,0,0,0,0,1,0.002,0,0,0,0,0,0,0,0
Region 7,Region 9,0,0,0,0,0,0,0,0,0,0,0,0,0,0,0,0,0,0,0,0,0,0,0,0,0,0,0,0,0,0,0,0,0,0,0,0,0,0,0,0,0,0,0,0,0,0,0,0
Region 7,Region 10,2,0.007,0,0,1,0.008,2,0.025,1,0.018,1,0.023,0,0,0,0,0,0,0,0,2,0.004,2,0.004,1,0.003,2,0.005,1,0.003,1,0.002,1,0.002,1,0.002,2,0.004,1,0.002,4,0.008,3,0.007,1,0.003,2,0.006
Region 7,Region 11,0,0,0,0,0,0,0,0,0,0,0,0,0,0,0,0,0,0,0,0,0,0,0,0,0,0,0,0,0,0,0,0,0,0,0,0,0,0,0,0,0,0,0,0,0,0,0,0
Region 7,Region 12,13,0.046,9,0.053,9,0.074,11,0.136,4,0.074,3,0.068,2,0.042,0,0,4,0.024,7,0.018,11,0.022,10,0.022,19,0.049,18,0.047,13,0.033,19,0.046,17,0.041,23,0.048,17,0.032,23,0.048,23,0.046,23,0.05,11,0.029,15,0.047
Region 7,Region 13,2,0.007,0,0,0,0,2,0.025,0,0,0,0,0,0,0,0,0,0,0,0,1,0.002,2,0.004,0,0,0,0,1,0.003,2,0.005,2,0.005,3,0.006,7,0.013,4,0.008,1,0.002,1,0.002,2,0.005,3,0.009
Region 7,Region 14,367,1.294,228,1.337,178,1.464,119,1.475,84,1.549,56,1.267,53,1.111,78,0.959,134,0.811,204,0.539,331,0.67,350,0.76,268,0.691,321,0.847,372,0.953,363,0.885,321,0.775,359,0.746,387,0.737,377,0.78,379,0.751,346,0.75,326,0.859,356,1.12
Region 7,Region 15,0,0,0,0,0,0,0,0,0,0,0,0,0,0,0,0,0,0,0,0,0,0,0,0,0,0,0,0,0,0,0,0,0,0,0,0,0,0,0,0,0,0,0,0,0,0,0,0
Region 7,Region 16,0,0,0,0,0,0,0,0,0,0,0,0,0,0,0,0,0,0,0,0,0,0,0,0,0,0,0,0,0,0,0,0,0,0,0,0,0,0,0,0,0,0,0,0,0,0,0,0
Region 7,Region 17,0,0,1,0.006,0,0,1,0.012,0,0,0,0,0,0,0,0,0,0,0,0,1,0.002,2,0.004,2,0.005,0,0,2,0.005,1,0.002,2,0.005,1,0.002,2,0.004,5,0.01,4,0.008,6,0.013,6,0.016,1,0.003
Region 7,Region 18,3,0.011,0,0,0,0,0,0,0,0,0,0,0,0,0,0,2,0.012,2,0.005,3,0.006,2,0.004,0,0,1,0.003,2,0.005,2,0.005,0,0,2,0.004,0,0,4,0.008,2,0.004,4,0.009,2,0.005,1,0.003
Region 7,Region 19,48,0.169,37,0.217,29,0.238,18,0.223,10,0.184,8,0.181,8,0.168,7,0.086,17,0.103,42,0.111,52,0.105,42,0.091,46,0.119,57,0.15,61,0.156,76,0.185,70,0.169,75,0.156,76,0.145,73,0.151,82,0.163,75,0.163,51,0.134,56,0.176
Region 7,Region 20,65,0.229,67,0.393,48,0.395,20,0.248,19,0.35,10,0.226,9,0.189,19,0.234,42,0.254,80,0.211,86,0.174,70,0.152,72,0.186,74,0.195,73,0.187,79,0.193,68,0.164,88,0.183,75,0.143,98,0.203,122,0.242,107,0.232,70,0.184,49,0.154
Region 7,Region 21,4,0.014,3,0.018,0,0,0,0,0,0,0,0,0,0,1,0.012,2,0.012,1,0.003,3,0.006,3,0.007,1,0.003,3,0.008,1,0.003,4,0.01,2,0.005,5,0.01,5,0.01,3,0.006,2,0.004,2,0.004,0,0,2,0.006
Region 7,Region 22,3,0.011,2,0.012,3,0.025,2,0.025,2,0.037,0,0,1,0.021,1,0.012,2,0.012,2,0.005,6,0.012,6,0.013,3,0.008,5,0.013,6,0.015,9,0.022,7,0.017,10,0.021,10,0.019,14,0.029,15,0.03,12,0.026,5,0.013,3,0.009
Region 7,Region 23,1,0.004,3,0.018,0,0,1,0.012,0,0,0,0,1,0.021,1,0.012,0,0,0,0,0,0,0,0,1,0.003,1,0.003,0,0,1,0.002,1,0.002,1,0.002,4,0.008,1,0.002,0,0,1,0.002,2,0.005,3,0.009
Region 7,Region 24,1,0.004,0,0,0,0,0,0,0,0,0,0,0,0,0,0,1,0.006,0,0,0,0,1,0.002,1,0.003,0,0,1,0.003,0,0,1,0.002,2,0.004,1,0.002,1,0.002,1,0.002,0,0,0,0,0,0
Region 7,Region 25,0,0,0,0,0,0,0,0,0,0,0,0,0,0,0,0,0,0,0,0,1,0.002,0,0,0,0,1,0.003,1,0.003,1,0.002,1,0.002,1,0.002,0,0,0,0,0,0,0,0,0,0,1,0.003
Region 7,Region 26,1,0.004,0,0,1,0.008,0,0,0,0,0,0,0,0,0,0,0,0,0,0,2,0.004,2,0.004,0,0,0,0,0,0,2,0.005,0,0,0,0,1,0.002,0,0,4,0.008,5,0.011,1,0.003,0,0
Region 7,Region 27,1,0.004,0,0,0,0,1,0.012,0,0,0,0,0,0,0,0,0,0,1,0.003,0,0,0,0,0,0,0,0,0,0,0,0,0,0,1,0.002,1,0.002,0,0,1,0.002,1,0.002,1,0.003,0,0
Region 7,Region 28,1,0.004,0,0,0,0,0,0,0,0,0,0,0,0,0,0,0,0,0,0,0,0,0,0,0,0,0,0,0,0,0,0,0,0,0,0,0,0,1,0.002,1,0.002,0,0,0,0,0,0
Region 7,Region 29,125,0.441,92,0.54,75,0.617,41,0.508,21,0.387,18,0.407,19,0.398,13,0.16,23,0.139,53,0.14,47,0.095,77,0.167,86,0.222,73,0.193,97,0.249,106,0.258,94,0.227,122,0.253,102,0.194,120,0.248,100,0.198,118,0.256,114,0.3,108,0.34
Region 7,Region 30,7,0.025,2,0.012,3,0.025,1,0.012,2,0.037,3,0.068,3,0.063,6,0.074,3,0.018,8,0.021,12,0.024,3,0.007,6,0.015,3,0.008,4,0.01,7,0.017,0,0,5,0.01,5,0.01,8,0.017,12,0.024,9,0.02,5,0.013,5,0.016
Region 7,Region 31,2,0.007,3,0.018,1,0.008,2,0.025,1,0.018,0,0,0,0,0,0,2,0.012,1,0.003,5,0.01,2,0.004,4,0.01,2,0.005,5,0.013,8,0.02,2,0.005,3,0.006,7,0.013,8,0.017,8,0.016,3,0.007,4,0.011,8,0.025
Region 7,Region 32,0,0,0,0,0,0,0,0,0,0,0,0,0,0,0,0,1,0.006,1,0.003,1,0.002,1,0.002,0,0,1,0.003,0,0,0,0,0,0,0,0,1,0.002,3,0.006,1,0.002,1,0.002,0,0,0,0
Region 7,Region 33,0,0,0,0,1,0.008,0,0,0,0,0,0,0,0,0,0,0,0,1,0.003,1,0.002,1,0.002,0,0,0,0,0,0,0,0,0,0,0,0,2,0.004,1,0.002,0,0,0,0,0,0,0,0
Region 7,Region 34,0,0,0,0,0,0,0,0,0,0,0,0,0,0,0,0,0,0,0,0,0,0,0,0,0,0,0,0,0,0,0,0,0,0,0,0,0,0,0,0,0,0,0,0,0,0,0,0
Region 7,Region 35,0,0,0,0,0,0,0,0,0,0,0,0,0,0,0,0,0,0,0,0,0,0,0,0,0,0,0,0,0,0,0,0,0,0,0,0,0,0,0,0,0,0,0,0,0,0,0,0
Region 7,Region 36,0,0,0,0,0,0,1,0.012,0,0,0,0,0,0,0,0,0,0,0,0,0,0,1,0.002,1,0.003,1,0.003,0,0,1,0.002,1,0.002,1,0.002,1,0.002,0,0,0,0,2,0.004,3,0.008,2,0.006
Region 7,Region 37,3,0.011,1,0.006,1,0.008,3,0.037,1,0.018,0,0,1,0.021,0,0,0,0,1,0.003,0,0,1,0.002,1,0.003,2,0.005,1,0.003,0,0,0,0,5,0.01,1,0.002,1,0.002,1,0.002,4,0.009,1,0.003,3,0.009
Region 7,Region 38,4,0.014,1,0.006,0,0,2,0.025,0,0,0,0,0,0,2,0.025,1,0.006,2,0.005,3,0.006,2,0.004,2,0.005,3,0.008,4,0.01,3,0.007,4,0.01,4,0.008,1,0.002,3,0.006,7,0.014,6,0.013,3,0.008,3,0.009
Region 7,Region 39,0,0,0,0,0,0,0,0,0,0,0,0,0,0,0,0,0,0,0,0,1,0.002,1,0.002,0,0,0,0,1,0.003,0,0,0,0,0,0,0,0,1,0.002,0,0,1,0.002,0,0,0,0
Region 7,Region 40,0,0,0,0,0,0,0,0,0,0,0,0,0,0,0,0,0,0,0,0,0,0,0,0,0,0,0,0,0,0,0,0,0,0,0,0,0,0,0,0,0,0,0,0,0,0,0,0
Region 7,Region 41,0,0,0,0,0,0,0,0,0,0,0,0,0,0,1,0.012,3,0.018,2,0.005,0,0,0,0,0,0,0,0,1,0.003,0,0,1,0.002,1,0.002,0,0,0,0,0,0,0,0,0,0,0,0
Region 7,Region 42,0,0,0,0,0,0,0,0,0,0,0,0,0,0,0,0,0,0,0,0,0,0,0,0,0,0,0,0,0,0,0,0,0,0,0,0,0,0,0,0,0,0,0,0,0,0,0,0
Region 7,Region 43,2,0.007,0,0,1,0.008,0,0,0,0,0,0,1,0.021,0,0,0,0,1,0.003,2,0.004,2,0.004,0,0,0,0,1,0.003,1,0.002,2,0.005,1,0.002,1,0.002,0,0,0,0,1,0.002,1,0.003,1,0.003
Region 7,Region 44,0,0,0,0,0,0,0,0,0,0,0,0,0,0,0,0,0,0,0,0,0,0,0,0,0,0,0,0,0,0,0,0,0,0,0,0,0,0,0,0,0,0,0,0,0,0,0,0
Region 7,Region 45,5,0.018,0,0,1,0.008,1,0.012,3,0.055,4,0.09,1,0.021,2,0.025,5,0.03,6,0.016,6,0.012,2,0.004,2,0.005,3,0.008,5,0.013,5,0.012,4,0.01,8,0.017,9,0.017,11,0.023,10,0.02,8,0.017,5,0.013,2,0.006
Region 7,Region 46,0,0,3,0.018,1,0.008,0,0,0,0,1,0.023,0,0,0,0,0,0,2,0.005,1,0.002,0,0,3,0.008,4,0.011,0,0,3,0.007,1,0.002,2,0.004,1,0.002,1,0.002,2,0.004,2,0.004,2,0.005,1,0.003
Region 7,Region 47,1,0.004,2,0.012,1,0.008,0,0,1,0.018,1,0.023,0,0,0,0,0,0,3,0.008,5,0.01,6,0.013,3,0.008,1,0.003,3,0.008,6,0.015,1,0.002,6,0.012,6,0.011,8,0.017,5,0.01,4,0.009,3,0.008,1,0.003
Region 7,Region 48,5,0.018,5,0.029,3,0.025,2,0.025,1,0.018,0,0,1,0.021,1,0.012,2,0.012,8,0.021,12,0.024,17,0.037,8,0.021,10,0.026,10,0.026,9,0.022,11,0.027,7,0.015,3,0.006,8,0.017,13,0.026,5,0.011,5,0.013,0,0
Region 7,Region 49,6,0.021,3,0.018,3,0.025,2,0.025,1,0.018,0,0,1,0.021,0,0,1,0.006,1,0.003,3,0.006,9,0.02,3,0.008,5,0.013,2,0.005,3,0.007,0,0,1,0.002,2,0.004,4,0.008,6,0.012,9,0.02,5,0.013,2,0.006
Region 7,Region 50,1,0.004,2,0.012,0,0,0,0,0,0,2,0.045,0,0,0,0,0,0,2,0.005,3,0.006,1,0.002,2,0.005,3,0.008,1,0.003,9,0.022,7,0.017,8,0.017,6,0.011,4,0.008,6,0.012,3,0.007,3,0.008,1,0.003
Region 7,Region 51,3,0.011,2,0.012,1,0.008,0,0,0,0,0,0,0,0,0,0,0,0,2,0.005,1,0.002,2,0.004,4,0.01,2,0.005,2,0.005,2,0.005,1,0.002,4,0.008,4,0.008,3,0.006,2,0.004,6,0.013,6,0.016,7,0.022
Region 7,Region 52,1,0.004,1,0.006,1,0.008,0,0,0,0,0,0,0,0,0,0,0,0,0,0,4,0.008,2,0.004,3,0.008,1,0.003,1,0.003,8,0.02,3,0.007,6,0.012,6,0.011,5,0.01,11,0.022,7,0.015,2,0.005,6,0.019
Region 7,Region 53,3,0.011,0,0,0,0,1,0.012,1,0.018,0,0,0,0,0,0,1,0.006,1,0.003,8,0.016,4,0.009,1,0.003,1,0.003,2,0.005,0,0,5,0.012,2,0.004,2,0.004,1,0.002,3,0.006,1,0.002,3,0.008,4,0.013
Region 7,Region 54,10,0.035,8,0.047,7,0.058,2,0.025,4,0.074,2,0.045,2,0.042,1,0.012,2,0.012,6,0.016,3,0.006,4,0.009,8,0.021,6,0.016,8,0.02,3,0.007,8,0.019,13,0.027,11,0.021,13,0.027,14,0.028,4,0.009,3,0.008,3,0.009
Region 7,Region 55,1,0.004,0,0,0,0,0,0,0,0,0,0,0,0,0,0,0,0,0,0,0,0,0,0,0,0,1,0.003,0,0,0,0,0,0,0,0,0,0,0,0,0,0,0,0,1,0.003,2,0.006
Region 7,Region 56,0,0,0,0,0,0,1,0.012,0,0,0,0,0,0,0,0,0,0,1,0.003,0,0,2,0.004,0,0,0,0,0,0,2,0.005,2,0.005,0,0,1,0.002,1,0.002,0,0,1,0.002,1,0.003,1,0.003
Region 7,Region 57,1,0.004,0,0,0,0,1,0.012,0,0,0,0,0,0,0,0,0,0,0,0,1,0.002,1,0.002,0,0,1,0.003,1,0.003,2,0.005,1,0.002,0,0,0,0,1,0.002,0,0,2,0.004,0,0,0,0
Region 7,Region 58,0,0,0,0,0,0,0,0,0,0,0,0,0,0,0,0,0,0,0,0,0,0,0,0,0,0,0,0,0,0,0,0,1,0.002,0,0,0,0,0,0,0,0,0,0,0,0,0,0
Region 7,Region 59,0,0,0,0,0,0,0,0,0,0,0,0,0,0,0,0,0,0,0,0,0,0,0,0,0,0,0,0,0,0,0,0,0,0,0,0,0,0,0,0,0,0,0,0,0,0,0,0
Region 7,Region 60,26,0.092,10,0.059,10,0.082,11,0.136,1,0.018,3,0.068,3,0.063,3,0.037,15,0.091,48,0.127,49,0.099,66,0.143,50,0.129,54,0.142,60,0.154,57,0.139,48,0.116,69,0.143,63,0.12,71,0.147,52,0.103,50,0.108,39,0.103,25,0.079
Region 7,Region 61,2,0.007,0,0,1,0.008,0,0,2,0.037,1,0.023,0,0,1,0.012,1,0.006,2,0.005,0,0,4,0.009,2,0.005,0,0,0,0,0,0,0,0,1,0.002,0,0,2,0.004,1,0.002,0,0,3,0.008,0,0
Region 7,Region 62,4,0.014,1,0.006,2,0.016,1,0.012,0,0,0,0,0,0,0,0,0,0,1,0.003,0,0,1,0.002,2,0.005,3,0.008,2,0.005,3,0.007,3,0.007,5,0.01,11,0.021,5,0.01,5,0.01,1,0.002,8,0.021,5,0.016
Region 7,Region 63,0,0,0,0,0,0,0,0,0,0,0,0,0,0,0,0,0,0,0,0,0,0,0,0,0,0,0,0,0,0,0,0,0,0,0,0,0,0,1,0.002,0,0,0,0,0,0,0,0
Region 7,Region 64,6,0.021,6,0.035,4,0.033,7,0.087,1,0.018,1,0.023,1,0.021,2,0.025,4,0.024,6,0.016,14,0.028,9,0.02,9,0.023,7,0.018,9,0.023,14,0.034,9,0.022,13,0.027,12,0.023,18,0.037,13,0.026,17,0.037,8,0.021,11,0.035
Region 7,Region 65,3,0.011,2,0.012,3,0.025,2,0.025,0,0,0,0,0,0,0,0,1,0.006,1,0.003,3,0.006,2,0.004,2,0.005,2,0.005,0,0,1,0.002,0,0,3,0.006,5,0.01,6,0.012,4,0.008,2,0.004,2,0.005,3,0.009
Region 7,Region 66,4,0.014,1,0.006,1,0.008,1,0.012,2,0.037,0,0,0,0,0,0,1,0.006,0,0,2,0.004,1,0.002,1,0.003,4,0.011,0,0,1,0.002,0,0,3,0.006,4,0.008,2,0.004,4,0.008,2,0.004,1,0.003,4,0.013
Region 7,Region 67,10,0.035,10,0.059,3,0.025,4,0.05,2,0.037,1,0.023,1,0.021,3,0.037,5,0.03,15,0.04,26,0.053,21,0.046,9,0.023,18,0.047,25,0.064,13,0.032,10,0.024,18,0.037,31,0.059,12,0.025,31,0.061,18,0.039,14,0.037,9,0.028
Region 7,Region 68,2,0.007,3,0.018,3,0.025,1,0.012,0,0,1,0.023,0,0,0,0,1,0.006,3,0.008,7,0.014,4,0.009,6,0.015,8,0.021,4,0.01,5,0.012,4,0.01,7,0.015,6,0.011,9,0.019,5,0.01,7,0.015,0,0,4,0.013
Region 7,Region 69,6,0.021,6,0.035,3,0.025,1,0.012,4,0.074,0,0,2,0.042,0,0,2,0.012,0,0,8,0.016,3,0.007,6,0.015,5,0.013,5,0.013,3,0.007,3,0.007,4,0.008,11,0.021,7,0.014,11,0.022,10,0.022,14,0.037,2,0.006
Region 7,Region 70,21,0.074,22,0.129,12,0.099,6,0.074,3,0.055,8,0.181,7,0.147,9,0.111,16,0.097,39,0.103,73,0.148,63,0.137,59,0.152,45,0.119,38,0.097,53,0.129,42,0.101,49,0.102,66,0.126,64,0.132,69,0.137,52,0.113,20,0.053,23,0.072
Region 7,Region 71,2,0.007,2,0.012,1,0.008,0,0,0,0,0,0,0,0,0,0,0,0,1,0.003,2,0.004,1,0.002,1,0.003,2,0.005,2,0.005,1,0.002,1,0.002,1,0.002,2,0.004,3,0.006,2,0.004,1,0.002,6,0.016,3,0.009
Region 7,Region 72,0,0,0,0,0,0,0,0,0,0,0,0,0,0,0,0,0,0,0,0,0,0,0,0,0,0,0,0,0,0,0,0,0,0,0,0,0,0,0,0,0,0,0,0,0,0,0,0
Region 7,Region 73,0,0,0,0,0,0,0,0,0,0,0,0,0,0,0,0,0,0,0,0,0,0,0,0,0,0,0,0,0,0,0,0,0,0,0,0,0,0,0,0,0,0,0,0,0,0,0,0
Region 7,Region 74,16,0.056,9,0.053,5,0.041,7,0.087,3,0.055,3,0.068,1,0.021,0,0,0,0,11,0.029,10,0.02,11,0.024,13,0.033,9,0.024,16,0.041,11,0.027,7,0.017,17,0.035,26,0.05,25,0.052,24,0.048,23,0.05,17,0.045,18,0.057
Region 7,Region 75,0,0,0,0,0,0,0,0,1,0.018,0,0,0,0,0,0,0,0,0,0,1,0.002,0,0,0,0,0,0,0,0,0,0,0,0,0,0,1,0.002,1,0.002,0,0,0,0,0,0,0,0
Region 8,Region 0,0,0,0,0,0,0,0,0,0,0,0,0,0,0,0,0,0,0,1,0.003,0,0,0,0,0,0,0,0,0,0,0,0,0,0,0,0,0,0,0,0,0,0,0,0,0,0,0,0
Region 8,Region 1,0,0,0,0,0,0,0,0,0,0,0,0,0,0,0,0,0,0,0,0,0,0,0,0,0,0,1,0.003,0,0,0,0,0,0,0,0,0,0,0,0,0,0,0,0,0,0,0,0
Region 8,Region 2,0,0,0,0,0,0,0,0,0,0,0,0,0,0,0,0,0,0,0,0,0,0,0,0,0,0,0,0,0,0,0,0,0,0,0,0,0,0,1,0.002,0,0,0,0,0,0,0,0
Region 8,Region 3,0,0,0,0,0,0,0,0,0,0,0,0,0,0,0,0,0,0,0,0,0,0,0,0,0,0,0,0,0,0,0,0,1,0.002,0,0,0,0,0,0,1,0.002,1,0.002,0,0,0,0
Region 8,Region 4,0,0,0,0,0,0,0,0,0,0,0,0,0,0,0,0,0,0,1,0.003,1,0.002,0,0,1,0.003,0,0,0,0,3,0.007,0,0,1,0.002,0,0,0,0,1,0.002,2,0.004,1,0.003,1,0.003
Region 8,Region 5,0,0,0,0,0,0,0,0,0,0,0,0,0,0,0,0,0,0,0,0,0,0,0,0,0,0,1,0.003,0,0,0,0,0,0,0,0,0,0,0,0,0,0,0,0,0,0,0,0
Region 8,Region 6,0,0,0,0,0,0,0,0,0,0,0,0,0,0,0,0,0,0,0,0,0,0,0,0,0,0,0,0,0,0,0,0,0,0,0,0,0,0,0,0,0,0,0,0,0,0,0,0
Region 8,Region 7,0,0,0,0,0,0,0,0,0,0,0,0,0,0,0,0,0,0,0,0,0,0,0,0,0,0,0,0,0,0,0,0,0,0,0,0,1,0.002,0,0,1,0.002,0,0,1,0.003,0,0
Region 8,Region 8,0,0,0,0,0,0,0,0,0,0,0,0,0,0,0,0,1,0.006,0,0,1,0.002,1,0.002,3,0.008,2,0.005,2,0.005,5,0.012,2,0.005,0,0,3,0.006,1,0.002,1,0.002,0,0,0,0,0,0
Region 8,Region 9,0,0,0,0,0,0,0,0,0,0,0,0,0,0,0,0,0,0,0,0,0,0,0,0,0,0,0,0,0,0,0,0,0,0,0,0,0,0,0,0,0,0,0,0,0,0,0,0
Region 8,Region 10,0,0,0,0,0,0,0,0,0,0,0,0,0,0,0,0,0,0,0,0,0,0,0,0,0,0,0,0,0,0,0,0,0,0,0,0,0,0,0,0,0,0,1,0.002,0,0,1,0.003
Region 8,Region 11,0,0,0,0,0,0,0,0,0,0,0,0,0,0,0,0,0,0,0,0,0,0,0,0,0,0,0,0,0,0,0,0,0,0,0,0,0,0,0,0,0,0,0,0,0,0,0,0
Region 8,Region 12,2,0.007,0,0,0,0,0,0,4,0.074,0,0,0,0,0,0,0,0,0,0,0,0,0,0,0,0,1,0.003,0,0,2,0.005,0,0,1,0.002,1,0.002,1,0.002,1,0.002,0,0,2,0.005,2,0.006
Region 8,Region 13,0,0,0,0,0,0,0,0,0,0,0,0,0,0,0,0,0,0,0,0,0,0,0,0,0,0,0,0,0,0,0,0,0,0,1,0.002,0,0,0,0,0,0,0,0,0,0,0,0
Region 8,Region 14,0,0,0,0,0,0,0,0,0,0,0,0,0,0,0,0,0,0,0,0,0,0,0,0,0,0,2,0.005,1,0.003,1,0.002,0,0,0,0,2,0.004,1,0.002,1,0.002,0,0,2,0.005,0,0
Region 8,Region 15,0,0,0,0,0,0,0,0,0,0,0,0,0,0,0,0,0,0,0,0,0,0,0,0,0,0,0,0,0,0,0,0,0,0,0,0,0,0,0,0,0,0,0,0,0,0,0,0
Region 8,Region 16,0,0,0,0,0,0,0,0,0,0,0,0,0,0,0,0,0,0,0,0,0,0,0,0,0,0,0,0,0,0,0,0,0,0,0,0,0,0,0,0,0,0,0,0,0,0,0,0
Region 8,Region 17,0,0,0,0,0,0,0,0,0,0,0,0,0,0,0,0,0,0,0,0,0,0,0,0,0,0,0,0,0,0,0,0,0,0,0,0,0,0,0,0,1,0.002,0,0,0,0,0,0
Region 8,Region 18,0,0,0,0,0,0,0,0,0,0,0,0,0,0,0,0,0,0,0,0,0,0,0,0,0,0,0,0,0,0,0,0,0,0,0,0,0,0,0,0,0,0,1,0.002,0,0,0,0
Region 8,Region 19,0,0,0,0,0,0,0,0,0,0,0,0,0,0,0,0,0,0,0,0,0,0,0,0,0,0,0,0,0,0,0,0,0,0,0,0,0,0,1,0.002,0,0,0,0,0,0,0,0
Region 8,Region 20,0,0,0,0,0,0,0,0,0,0,0,0,0,0,0,0,0,0,0,0,0,0,0,0,0,0,0,0,0,0,0,0,0,0,0,0,0,0,0,0,0,0,0,0,0,0,0,0
Region 8,Region 21,0,0,0,0,0,0,0,0,0,0,0,0,0,0,0,0,0,0,0,0,0,0,0,0,0,0,0,0,0,0,0,0,0,0,0,0,0,0,0,0,0,0,0,0,0,0,0,0
Region 8,Region 22,0,0,0,0,0,0,0,0,0,0,0,0,0,0,0,0,0,0,1,0.003,0,0,0,0,0,0,0,0,0,0,0,0,1,0.002,1,0.002,0,0,0,0,0,0,1,0.002,1,0.003,0,0
Region 8,Region 23,0,0,0,0,0,0,0,0,0,0,0,0,0,0,0,0,0,0,0,0,0,0,0,0,0,0,1,0.003,0,0,1,0.002,0,0,0,0,0,0,0,0,0,0,0,0,0,0,0,0
Region 8,Region 24,0,0,0,0,0,0,0,0,0,0,0,0,0,0,0,0,0,0,0,0,0,0,0,0,0,0,0,0,0,0,1,0.002,0,0,0,0,1,0.002,0,0,0,0,0,0,0,0,0,0
Region 8,Region 25,0,0,0,0,0,0,0,0,0,0,0,0,0,0,0,0,0,0,0,0,0,0,0,0,0,0,0,0,0,0,0,0,0,0,0,0,0,0,0,0,0,0,0,0,0,0,0,0
Region 8,Region 26,0,0,0,0,0,0,0,0,0,0,0,0,0,0,0,0,0,0,0,0,0,0,1,0.002,0,0,0,0,0,0,0,0,0,0,0,0,0,0,1,0.002,0,0,0,0,0,0,0,0
Region 8,Region 27,0,0,0,0,0,0,0,0,0,0,0,0,0,0,0,0,0,0,0,0,0,0,0,0,0,0,0,0,1,0.003,1,0.002,0,0,0,0,0,0,0,0,0,0,0,0,0,0,0,0
Region 8,Region 28,0,0,0,0,0,0,0,0,0,0,0,0,0,0,0,0,0,0,0,0,0,0,0,0,1,0.003,0,0,0,0,0,0,0,0,0,0,0,0,0,0,0,0,0,0,0,0,0,0
Region 8,Region 29,0,0,0,0,0,0,0,0,0,0,0,0,0,0,0,0,0,0,0,0,0,0,0,0,0,0,0,0,0,0,0,0,0,0,0,0,0,0,0,0,0,0,0,0,0,0,0,0
Region 8,Region 30,0,0,0,0,0,0,0,0,0,0,0,0,0,0,0,0,0,0,0,0,0,0,0,0,0,0,0,0,1,0.003,1,0.002,0,0,0,0,0,0,2,0.004,0,0,0,0,1,0.003,0,0
Region 8,Region 31,0,0,0,0,0,0,0,0,0,0,0,0,0,0,0,0,0,0,0,0,0,0,0,0,0,0,0,0,0,0,0,0,0,0,0,0,0,0,0,0,0,0,0,0,0,0,0,0
Region 8,Region 32,0,0,0,0,0,0,0,0,0,0,0,0,0,0,0,0,0,0,0,0,1,0.002,0,0,1,0.003,0,0,1,0.003,2,0.005,2,0.005,2,0.004,0,0,0,0,0,0,3,0.007,1,0.003,0,0
Region 8,Region 33,0,0,0,0,0,0,0,0,0,0,0,0,0,0,0,0,0,0,0,0,0,0,0,0,0,0,0,0,0,0,0,0,0,0,0,0,0,0,0,0,0,0,0,0,0,0,0,0
Region 8,Region 34,0,0,0,0,0,0,0,0,0,0,0,0,0,0,0,0,0,0,0,0,0,0,0,0,0,0,0,0,0,0,0,0,0,0,0,0,0,0,0,0,0,0,0,0,0,0,0,0
Region 8,Region 35,0,0,0,0,0,0,0,0,0,0,0,0,0,0,0,0,0,0,0,0,0,0,0,0,0,0,0,0,0,0,1,0.002,1,0.002,0,0,0,0,1,0.002,0,0,1,0.002,0,0,0,0
Region 8,Region 36,0,0,0,0,0,0,0,0,0,0,0,0,0,0,0,0,0,0,0,0,0,0,0,0,0,0,0,0,0,0,0,0,0,0,1,0.002,0,0,1,0.002,1,0.002,0,0,0,0,0,0
Region 8,Region 37,0,0,0,0,0,0,0,0,0,0,0,0,0,0,0,0,0,0,0,0,0,0,0,0,0,0,0,0,0,0,0,0,0,0,0,0,0,0,0,0,0,0,0,0,0,0,0,0
Region 8,Region 38,0,0,0,0,0,0,0,0,0,0,0,0,0,0,0,0,0,0,0,0,0,0,0,0,0,0,0,0,1,0.003,0,0,0,0,0,0,0,0,0,0,0,0,0,0,0,0,0,0
Region 8,Region 39,0,0,0,0,0,0,0,0,0,0,0,0,0,0,0,0,0,0,0,0,0,0,0,0,0,0,0,0,0,0,0,0,0,0,0,0,0,0,0,0,0,0,0,0,0,0,0,0
Region 8,Region 40,0,0,0,0,0,0,0,0,0,0,0,0,0,0,0,0,0,0,0,0,0,0,0,0,0,0,0,0,0,0,0,0,0,0,0,0,0,0,0,0,0,0,0,0,0,0,0,0
Region 8,Region 41,0,0,0,0,0,0,0,0,0,0,0,0,0,0,0,0,0,0,1,0.003,1,0.002,0,0,0,0,0,0,0,0,0,0,0,0,1,0.002,0,0,0,0,0,0,0,0,0,0,0,0
Region 8,Region 42,0,0,0,0,0,0,0,0,0,0,0,0,0,0,0,0,0,0,0,0,0,0,0,0,0,0,0,0,0,0,0,0,0,0,0,0,0,0,0,0,0,0,0,0,0,0,0,0
Region 8,Region 43,0,0,0,0,0,0,1,0.012,0,0,0,0,0,0,0,0,0,0,0,0,0,0,0,0,0,0,0,0,0,0,0,0,0,0,0,0,0,0,0,0,0,0,0,0,0,0,0,0
Region 8,Region 44,0,0,0,0,0,0,0,0,0,0,0,0,0,0,0,0,0,0,0,0,0,0,0,0,0,0,0,0,0,0,0,0,0,0,0,0,0,0,0,0,0,0,0,0,0,0,0,0
Region 8,Region 45,0,0,0,0,0,0,0,0,0,0,0,0,0,0,0,0,0,0,0,0,0,0,0,0,1,0.003,1,0.003,0,0,0,0,1,0.002,0,0,0,0,0,0,0,0,0,0,0,0,0,0
Region 8,Region 46,0,0,0,0,0,0,0,0,0,0,0,0,0,0,0,0,0,0,0,0,0,0,0,0,1,0.003,0,0,1,0.003,0,0,0,0,0,0,0,0,0,0,1,0.002,1,0.002,0,0,0,0
Region 8,Region 47,0,0,0,0,0,0,0,0,0,0,0,0,0,0,0,0,0,0,0,0,2,0.004,0,0,0,0,2,0.005,1,0.003,4,0.01,0,0,4,0.008,2,0.004,7,0.014,1,0.002,3,0.007,1,0.003,0,0
Region 8,Region 48,0,0,0,0,0,0,0,0,0,0,0,0,0,0,0,0,0,0,0,0,0,0,0,0,0,0,0,0,0,0,0,0,0,0,0,0,0,0,0,0,0,0,0,0,0,0,0,0
Region 8,Region 49,0,0,0,0,0,0,0,0,0,0,0,0,0,0,0,0,0,0,0,0,0,0,0,0,0,0,0,0,0,0,0,0,0,0,0,0,0,0,0,0,0,0,0,0,0,0,0,0
Region 8,Region 50,0,0,0,0,0,0,0,0,0,0,0,0,0,0,0,0,0,0,0,0,1,0.002,0,0,0,0,1,0.003,0,0,0,0,1,0.002,1,0.002,0,0,1,0.002,1,0.002,1,0.002,1,0.003,0,0
Region 8,Region 51,0,0,0,0,0,0,0,0,0,0,0,0,0,0,0,0,0,0,0,0,0,0,0,0,1,0.003,1,0.003,0,0,0,0,0,0,1,0.002,0,0,0,0,0,0,0,0,0,0,0,0
Region 8,Region 52,0,0,0,0,0,0,0,0,0,0,0,0,0,0,0,0,0,0,0,0,0,0,0,0,0,0,0,0,0,0,0,0,0,0,0,0,0,0,1,0.002,0,0,0,0,0,0,0,0
Region 8,Region 53,0,0,0,0,0,0,0,0,0,0,0,0,0,0,0,0,0,0,0,0,0,0,0,0,0,0,0,0,0,0,0,0,0,0,0,0,0,0,0,0,0,0,0,0,1,0.003,1,0.003
Region 8,Region 54,0,0,0,0,0,0,0,0,0,0,0,0,0,0,0,0,0,0,0,0,0,0,0,0,0,0,0,0,0,0,0,0,0,0,0,0,0,0,0,0,0,0,0,0,0,0,0,0
Region 8,Region 55,0,0,0,0,0,0,0,0,0,0,0,0,0,0,0,0,0,0,0,0,0,0,0,0,0,0,0,0,1,0.003,0,0,0,0,0,0,0,0,0,0,1,0.002,0,0,0,0,0,0
Region 8,Region 56,0,0,0,0,0,0,0,0,0,0,0,0,0,0,0,0,0,0,0,0,0,0,0,0,0,0,0,0,0,0,0,0,0,0,0,0,0,0,0,0,0,0,0,0,0,0,0,0
Region 8,Region 57,2,0.007,0,0,0,0,0,0,0,0,0,0,0,0,0,0,0,0,0,0,0,0,0,0,0,0,0,0,0,0,0,0,0,0,0,0,0,0,0,0,1,0.002,0,0,0,0,2,0.006
Region 8,Region 58,0,0,0,0,0,0,0,0,0,0,0,0,0,0,0,0,0,0,0,0,0,0,0,0,0,0,0,0,0,0,0,0,0,0,0,0,0,0,0,0,0,0,0,0,0,0,0,0
Region 8,Region 59,0,0,0,0,0,0,0,0,0,0,0,0,0,0,0,0,0,0,0,0,0,0,0,0,0,0,0,0,1,0.003,0,0,1,0.002,0,0,0,0,0,0,1,0.002,1,0.002,0,0,0,0
Region 8,Region 60,0,0,0,0,0,0,0,0,0,0,0,0,0,0,0,0,0,0,0,0,0,0,0,0,0,0,0,0,0,0,0,0,0,0,0,0,0,0,0,0,0,0,0,0,0,0,0,0
Region 8,Region 61,0,0,0,0,0,0,0,0,0,0,0,0,0,0,0,0,0,0,0,0,0,0,0,0,0,0,0,0,0,0,0,0,0,0,0,0,0,0,0,0,0,0,0,0,0,0,0,0
Region 8,Region 62,0,0,0,0,1,0.008,1,0.012,1,0.018,0,0,1,0.021,0,0,0,0,1,0.003,0,0,0,0,1,0.003,2,0.005,3,0.008,3,0.007,1,0.002,1,0.002,1,0.002,1,0.002,1,0.002,2,0.004,1,0.003,0,0
Region 8,Region 63,0,0,0,0,0,0,0,0,0,0,0,0,0,0,0,0,0,0,0,0,0,0,0,0,0,0,0,0,0,0,0,0,0,0,0,0,0,0,0,0,0,0,0,0,0,0,0,0
Region 8,Region 64,0,0,0,0,0,0,0,0,0,0,0,0,0,0,0,0,0,0,0,0,1,0.002,0,0,0,0,0,0,0,0,0,0,0,0,0,0,0,0,0,0,0,0,0,0,0,0,0,0
Region 8,Region 65,1,0.004,0,0,0,0,0,0,0,0,0,0,0,0,0,0,0,0,1,0.003,0,0,0,0,0,0,0,0,0,0,0,0,0,0,1,0.002,1,0.002,0,0,0,0,0,0,0,0,1,0.003
Region 8,Region 66,0,0,0,0,0,0,0,0,0,0,0,0,0,0,0,0,0,0,0,0,0,0,1,0.002,3,0.008,2,0.005,0,0,1,0.002,1,0.002,2,0.004,0,0,0,0,2,0.004,0,0,1,0.003,0,0
Region 8,Region 67,0,0,0,0,0,0,0,0,0,0,0,0,0,0,0,0,0,0,0,0,2,0.004,1,0.002,0,0,0,0,0,0,0,0,1,0.002,0,0,1,0.002,1,0.002,1,0.002,1,0.002,0,0,0,0
Region 8,Region 68,0,0,0,0,0,0,0,0,0,0,0,0,0,0,0,0,0,0,0,0,0,0,0,0,1,0.003,0,0,0,0,0,0,0,0,0,0,1,0.002,1,0.002,1,0.002,1,0.002,0,0,0,0
Region 8,Region 69,0,0,0,0,0,0,0,0,0,0,0,0,0,0,0,0,0,0,0,0,0,0,1,0.002,1,0.003,0,0,0,0,0,0,0,0,0,0,0,0,0,0,1,0.002,0,0,0,0,0,0
Region 8,Region 70,0,0,0,0,0,0,0,0,0,0,0,0,0,0,0,0,0,0,0,0,0,0,0,0,0,0,0,0,0,0,1,0.002,0,0,0,0,0,0,0,0,0,0,0,0,1,0.003,0,0
Region 8,Region 71,1,0.004,0,0,0,0,0,0,0,0,0,0,0,0,0,0,1,0.006,0,0,0,0,1,0.002,0,0,1,0.003,1,0.003,1,0.002,1,0.002,0,0,1,0.002,0,0,1,0.002,0,0,0,0,1,0.003
Region 8,Region 72,0,0,0,0,0,0,0,0,0,0,0,0,0,0,0,0,0,0,0,0,0,0,0,0,0,0,0,0,0,0,0,0,0,0,0,0,0,0,0,0,0,0,0,0,0,0,0,0
Region 8,Region 73,0,0,0,0,0,0,0,0,0,0,0,0,0,0,0,0,0,0,0,0,0,0,0,0,0,0,0,0,0,0,0,0,0,0,0,0,0,0,0,0,0,0,0,0,0,0,0,0
Region 8,Region 74,0,0,0,0,0,0,0,0,0,0,0,0,0,0,0,0,0,0,0,0,0,0,0,0,0,0,0,0,0,0,0,0,0,0,0,0,0,0,0,0,0,0,0,0,0,0,0,0
Region 8,Region 75,0,0,0,0,0,0,0,0,0,0,0,0,0,0,0,0,0,0,1,0.003,0,0,0,0,0,0,0,0,0,0,0,0,0,0,0,0,0,0,1,0.002,1,0.002,1,0.002,0,0,0,0
Region 9,Region 0,0,0,0,0,0,0,0,0,0,0,0,0,0,0,0,0,0,0,0,0,0,0,0,0,0,0,0,0,0,0,0,0,0,0,0,0,0,0,0,0,0,0,0,0,0,0,0,0
Region 9,Region 1,0,0,0,0,0,0,0,0,0,0,0,0,0,0,0,0,0,0,0,0,0,0,0,0,0,0,0,0,0,0,0,0,0,0,0,0,0,0,0,0,0,0,0,0,0,0,0,0
Region 9,Region 2,0,0,0,0,0,0,0,0,0,0,0,0,0,0,0,0,0,0,0,0,0,0,0,0,0,0,0,0,0,0,0,0,0,0,0,0,0,0,0,0,0,0,0,0,0,0,0,0
Region 9,Region 3,0,0,0,0,0,0,0,0,0,0,0,0,0,0,0,0,0,0,0,0,0,0,0,0,0,0,0,0,0,0,0,0,0,0,0,0,0,0,0,0,0,0,0,0,0,0,0,0
Region 9,Region 4,0,0,0,0,0,0,0,0,0,0,0,0,0,0,0,0,0,0,0,0,0,0,0,0,0,0,0,0,0,0,0,0,0,0,0,0,0,0,0,0,0,0,0,0,0,0,0,0
Region 9,Region 5,0,0,0,0,0,0,0,0,0,0,0,0,0,0,0,0,0,0,0,0,0,0,0,0,0,0,0,0,0,0,0,0,0,0,0,0,0,0,0,0,0,0,0,0,0,0,0,0
Region 9,Region 6,0,0,0,0,0,0,0,0,0,0,0,0,0,0,0,0,0,0,0,0,0,0,0,0,0,0,0,0,0,0,0,0,0,0,0,0,0,0,0,0,0,0,0,0,0,0,0,0
Region 9,Region 7,0,0,0,0,0,0,0,0,0,0,0,0,0,0,0,0,0,0,0,0,0,0,0,0,0,0,0,0,0,0,0,0,0,0,0,0,0,0,0,0,0,0,0,0,0,0,0,0
Region 9,Region 8,0,0,0,0,0,0,0,0,0,0,0,0,0,0,0,0,0,0,0,0,0,0,0,0,0,0,0,0,0,0,0,0,0,0,0,0,0,0,0,0,0,0,0,0,0,0,0,0
Region 9,Region 9,0,0,0,0,0,0,0,0,0,0,0,0,0,0,0,0,0,0,0,0,0,0,0,0,0,0,0,0,0,0,0,0,0,0,0,0,0,0,0,0,0,0,0,0,0,0,0,0
Region 9,Region 10,0,0,0,0,0,0,0,0,0,0,0,0,0,0,0,0,0,0,0,0,0,0,0,0,0,0,0,0,0,0,0,0,0,0,0,0,0,0,0,0,0,0,0,0,0,0,0,0
Region 9,Region 11,0,0,0,0,0,0,0,0,0,0,0,0,0,0,0,0,0,0,0,0,0,0,0,0,0,0,0,0,0,0,0,0,0,0,0,0,0,0,0,0,0,0,0,0,0,0,0,0
Region 9,Region 12,0,0,0,0,0,0,0,0,0,0,0,0,0,0,0,0,0,0,0,0,0,0,0,0,0,0,0,0,0,0,0,0,0,0,0,0,0,0,0,0,0,0,0,0,0,0,0,0
Region 9,Region 13,0,0,0,0,0,0,0,0,0,0,0,0,0,0,0,0,0,0,0,0,0,0,0,0,0,0,0,0,0,0,0,0,0,0,0,0,0,0,0,0,0,0,0,0,0,0,0,0
Region 9,Region 14,0,0,0,0,0,0,0,0,0,0,0,0,0,0,0,0,0,0,0,0,0,0,0,0,0,0,0,0,0,0,0,0,0,0,0,0,0,0,0,0,0,0,0,0,0,0,0,0
Region 9,Region 15,0,0,0,0,0,0,0,0,0,0,0,0,0,0,0,0,0,0,0,0,0,0,0,0,0,0,0,0,0,0,0,0,0,0,0,0,0,0,0,0,0,0,0,0,0,0,0,0
Region 9,Region 16,0,0,0,0,0,0,0,0,0,0,0,0,0,0,0,0,0,0,0,0,0,0,0,0,0,0,0,0,0,0,0,0,0,0,0,0,0,0,0,0,0,0,0,0,0,0,0,0
Region 9,Region 17,0,0,0,0,0,0,0,0,0,0,0,0,0,0,0,0,0,0,0,0,0,0,0,0,0,0,0,0,0,0,0,0,0,0,0,0,0,0,0,0,0,0,0,0,0,0,0,0
Region 9,Region 18,0,0,0,0,0,0,0,0,0,0,0,0,0,0,0,0,0,0,0,0,0,0,0,0,0,0,0,0,0,0,0,0,0,0,0,0,0,0,0,0,0,0,0,0,0,0,0,0
Region 9,Region 19,0,0,0,0,0,0,0,0,0,0,0,0,0,0,0,0,0,0,0,0,0,0,0,0,0,0,0,0,0,0,0,0,0,0,0,0,0,0,0,0,0,0,0,0,0,0,0,0
Region 9,Region 20,0,0,0,0,0,0,0,0,0,0,0,0,0,0,0,0,0,0,0,0,0,0,0,0,0,0,0,0,0,0,0,0,0,0,0,0,0,0,0,0,0,0,0,0,0,0,0,0
Region 9,Region 21,0,0,0,0,0,0,0,0,0,0,0,0,0,0,0,0,0,0,0,0,0,0,0,0,0,0,0,0,0,0,0,0,0,0,0,0,0,0,0,0,0,0,0,0,0,0,0,0
Region 9,Region 22,0,0,0,0,0,0,0,0,0,0,0,0,0,0,0,0,0,0,0,0,0,0,0,0,0,0,0,0,0,0,0,0,0,0,0,0,0,0,0,0,0,0,0,0,0,0,0,0
Region 9,Region 23,0,0,0,0,0,0,0,0,0,0,0,0,0,0,0,0,0,0,0,0,0,0,0,0,0,0,0,0,0,0,0,0,0,0,0,0,0,0,0,0,0,0,0,0,0,0,0,0
Region 9,Region 24,0,0,0,0,0,0,0,0,0,0,0,0,0,0,0,0,0,0,0,0,0,0,0,0,0,0,0,0,0,0,0,0,0,0,0,0,0,0,0,0,0,0,0,0,0,0,0,0
Region 9,Region 25,0,0,0,0,0,0,0,0,0,0,0,0,0,0,0,0,0,0,0,0,0,0,0,0,0,0,0,0,0,0,0,0,0,0,0,0,0,0,0,0,0,0,0,0,0,0,0,0
Region 9,Region 26,0,0,0,0,0,0,0,0,0,0,0,0,0,0,0,0,0,0,0,0,0,0,0,0,0,0,0,0,0,0,0,0,0,0,0,0,0,0,0,0,0,0,0,0,0,0,0,0
Region 9,Region 27,0,0,0,0,0,0,0,0,0,0,0,0,0,0,0,0,0,0,0,0,0,0,0,0,0,0,0,0,0,0,0,0,0,0,0,0,0,0,0,0,0,0,0,0,0,0,0,0
Region 9,Region 28,0,0,0,0,0,0,0,0,0,0,0,0,0,0,0,0,0,0,0,0,0,0,0,0,0,0,0,0,0,0,0,0,0,0,0,0,0,0,0,0,0,0,0,0,0,0,0,0
Region 9,Region 29,0,0,0,0,0,0,0,0,0,0,0,0,0,0,0,0,0,0,0,0,0,0,0,0,0,0,0,0,0,0,0,0,0,0,0,0,0,0,0,0,0,0,0,0,0,0,0,0
Region 9,Region 30,0,0,0,0,0,0,0,0,0,0,0,0,0,0,0,0,0,0,0,0,0,0,0,0,0,0,0,0,0,0,0,0,0,0,0,0,0,0,0,0,0,0,0,0,0,0,0,0
Region 9,Region 31,0,0,0,0,0,0,0,0,0,0,0,0,0,0,0,0,0,0,0,0,0,0,0,0,0,0,0,0,0,0,0,0,0,0,0,0,0,0,0,0,0,0,0,0,0,0,0,0
Region 9,Region 32,0,0,0,0,0,0,0,0,0,0,0,0,0,0,0,0,0,0,0,0,0,0,0,0,0,0,0,0,0,0,0,0,0,0,0,0,0,0,0,0,0,0,0,0,0,0,0,0
Region 9,Region 33,0,0,0,0,0,0,0,0,0,0,0,0,0,0,0,0,0,0,0,0,0,0,0,0,0,0,0,0,0,0,0,0,0,0,0,0,0,0,0,0,0,0,0,0,0,0,0,0
Region 9,Region 34,0,0,0,0,0,0,0,0,0,0,0,0,0,0,0,0,0,0,0,0,0,0,0,0,0,0,0,0,0,0,0,0,0,0,0,0,0,0,0,0,0,0,0,0,0,0,0,0
Region 9,Region 35,0,0,0,0,0,0,0,0,0,0,0,0,0,0,0,0,0,0,0,0,0,0,0,0,0,0,0,0,0,0,0,0,0,0,0,0,0,0,0,0,0,0,0,0,0,0,0,0
Region 9,Region 36,0,0,0,0,0,0,0,0,0,0,0,0,0,0,0,0,0,0,0,0,0,0,0,0,0,0,0,0,0,0,0,0,0,0,0,0,0,0,0,0,0,0,0,0,0,0,0,0
Region 9,Region 37,0,0,0,0,0,0,0,0,0,0,0,0,0,0,0,0,0,0,0,0,0,0,0,0,0,0,0,0,0,0,0,0,0,0,0,0,0,0,0,0,0,0,0,0,0,0,0,0
Region 9,Region 38,0,0,0,0,0,0,0,0,0,0,0,0,0,0,0,0,0,0,0,0,0,0,0,0,0,0,0,0,0,0,0,0,0,0,0,0,0,0,0,0,0,0,0,0,0,0,0,0
Region 9,Region 39,0,0,0,0,0,0,0,0,0,0,0,0,0,0,0,0,0,0,0,0,0,0,0,0,0,0,0,0,0,0,0,0,0,0,0,0,0,0,0,0,0,0,0,0,0,0,0,0
Region 9,Region 40,0,0,0,0,0,0,0,0,0,0,0,0,0,0,0,0,0,0,0,0,0,0,0,0,0,0,0,0,0,0,0,0,0,0,0,0,0,0,0,0,0,0,0,0,0,0,0,0
Region 9,Region 41,0,0,0,0,0,0,0,0,0,0,0,0,0,0,0,0,0,0,0,0,0,0,0,0,0,0,0,0,0,0,0,0,0,0,0,0,0,0,0,0,0,0,0,0,0,0,0,0
Region 9,Region 42,0,0,0,0,0,0,0,0,0,0,0,0,0,0,0,0,0,0,0,0,0,0,0,0,0,0,0,0,0,0,0,0,0,0,0,0,0,0,0,0,0,0,0,0,0,0,0,0
Region 9,Region 43,0,0,0,0,0,0,0,0,0,0,0,0,0,0,0,0,0,0,0,0,0,0,0,0,0,0,0,0,0,0,0,0,0,0,0,0,0,0,0,0,0,0,0,0,0,0,0,0
Region 9,Region 44,0,0,0,0,0,0,0,0,0,0,0,0,0,0,0,0,0,0,0,0,0,0,0,0,0,0,0,0,0,0,0,0,0,0,0,0,0,0,0,0,0,0,0,0,0,0,0,0
Region 9,Region 45,0,0,0,0,0,0,0,0,0,0,0,0,0,0,0,0,0,0,0,0,0,0,0,0,0,0,0,0,0,0,0,0,0,0,0,0,0,0,0,0,0,0,0,0,0,0,0,0
Region 9,Region 46,0,0,0,0,0,0,0,0,0,0,0,0,0,0,0,0,0,0,0,0,0,0,0,0,0,0,0,0,0,0,0,0,0,0,0,0,0,0,0,0,0,0,0,0,0,0,0,0
Region 9,Region 47,0,0,0,0,0,0,0,0,0,0,0,0,0,0,0,0,0,0,0,0,0,0,0,0,0,0,0,0,0,0,0,0,0,0,0,0,0,0,0,0,0,0,0,0,0,0,0,0
Region 9,Region 48,0,0,0,0,0,0,0,0,0,0,0,0,0,0,0,0,0,0,0,0,0,0,0,0,0,0,0,0,0,0,0,0,0,0,0,0,0,0,0,0,0,0,0,0,0,0,0,0
Region 9,Region 49,0,0,0,0,0,0,0,0,0,0,0,0,0,0,0,0,0,0,0,0,0,0,0,0,0,0,0,0,0,0,0,0,0,0,0,0,0,0,0,0,0,0,0,0,0,0,0,0
Region 9,Region 50,0,0,0,0,0,0,0,0,0,0,0,0,0,0,0,0,0,0,0,0,0,0,0,0,0,0,0,0,0,0,0,0,0,0,0,0,0,0,0,0,0,0,0,0,0,0,0,0
Region 9,Region 51,0,0,0,0,0,0,0,0,0,0,0,0,0,0,0,0,0,0,0,0,0,0,0,0,0,0,0,0,0,0,0,0,0,0,0,0,0,0,0,0,0,0,0,0,0,0,0,0
Region 9,Region 52,0,0,0,0,0,0,0,0,0,0,0,0,0,0,0,0,0,0,0,0,0,0,0,0,0,0,0,0,0,0,0,0,0,0,0,0,0,0,0,0,0,0,0,0,0,0,0,0
Region 9,Region 53,0,0,0,0,0,0,0,0,0,0,0,0,0,0,0,0,0,0,0,0,0,0,0,0,0,0,0,0,0,0,0,0,0,0,0,0,0,0,0,0,0,0,0,0,0,0,0,0
Region 9,Region 54,0,0,0,0,0,0,0,0,0,0,0,0,0,0,0,0,0,0,0,0,0,0,0,0,0,0,0,0,0,0,0,0,0,0,0,0,0,0,0,0,0,0,0,0,0,0,0,0
Region 9,Region 55,0,0,0,0,0,0,0,0,0,0,0,0,0,0,0,0,0,0,0,0,0,0,0,0,0,0,0,0,0,0,0,0,0,0,0,0,0,0,0,0,0,0,0,0,0,0,0,0
Region 9,Region 56,0,0,0,0,0,0,0,0,0,0,0,0,0,0,0,0,0,0,0,0,0,0,0,0,0,0,0,0,0,0,0,0,0,0,0,0,0,0,0,0,0,0,0,0,0,0,0,0
Region 9,Region 57,0,0,0,0,0,0,0,0,0,0,0,0,0,0,0,0,0,0,0,0,0,0,0,0,0,0,0,0,0,0,0,0,0,0,0,0,0,0,0,0,0,0,0,0,0,0,0,0
Region 9,Region 58,0,0,0,0,0,0,0,0,0,0,0,0,0,0,0,0,0,0,0,0,0,0,0,0,0,0,0,0,0,0,0,0,0,0,0,0,0,0,0,0,0,0,0,0,0,0,0,0
Region 9,Region 59,0,0,0,0,0,0,0,0,0,0,0,0,0,0,0,0,0,0,0,0,0,0,0,0,0,0,0,0,0,0,0,0,0,0,0,0,0,0,0,0,0,0,0,0,0,0,0,0
Region 9,Region 60,0,0,0,0,0,0,0,0,0,0,0,0,0,0,0,0,0,0,0,0,0,0,0,0,0,0,0,0,0,0,0,0,0,0,0,0,0,0,0,0,0,0,0,0,0,0,0,0
Region 9,Region 61,0,0,0,0,0,0,0,0,0,0,0,0,0,0,0,0,0,0,0,0,0,0,0,0,0,0,0,0,0,0,0,0,0,0,0,0,0,0,0,0,0,0,0,0,0,0,0,0
Region 9,Region 62,0,0,0,0,0,0,0,0,0,0,0,0,0,0,0,0,0,0,0,0,0,0,0,0,0,0,0,0,0,0,0,0,0,0,0,0,0,0,0,0,0,0,0,0,0,0,0,0
Region 9,Region 63,0,0,0,0,0,0,0,0,0,0,0,0,0,0,0,0,0,0,0,0,0,0,0,0,0,0,0,0,0,0,0,0,0,0,0,0,0,0,0,0,0,0,0,0,0,0,0,0
Region 9,Region 64,0,0,0,0,0,0,0,0,0,0,0,0,0,0,0,0,0,0,0,0,0,0,0,0,0,0,0,0,0,0,0,0,0,0,0,0,0,0,0,0,0,0,0,0,0,0,0,0
Region 9,Region 65,0,0,0,0,0,0,0,0,0,0,0,0,0,0,0,0,0,0,0,0,0,0,0,0,0,0,0,0,0,0,0,0,0,0,0,0,0,0,0,0,0,0,0,0,0,0,0,0
Region 9,Region 66,0,0,0,0,0,0,0,0,0,0,0,0,0,0,0,0,0,0,0,0,0,0,0,0,0,0,0,0,0,0,0,0,0,0,0,0,0,0,0,0,0,0,0,0,0,0,0,0
Region 9,Region 67,0,0,0,0,0,0,0,0,0,0,0,0,0,0,0,0,0,0,0,0,0,0,0,0,0,0,0,0,0,0,0,0,0,0,0,0,0,0,0,0,0,0,0,0,0,0,0,0
Region 9,Region 68,0,0,0,0,0,0,0,0,0,0,0,0,0,0,0,0,0,0,0,0,0,0,0,0,0,0,0,0,0,0,0,0,0,0,0,0,0,0,0,0,0,0,0,0,0,0,0,0
Region 9,Region 69,0,0,0,0,0,0,0,0,0,0,0,0,0,0,0,0,0,0,0,0,0,0,0,0,0,0,0,0,0,0,0,0,0,0,0,0,0,0,0,0,0,0,0,0,0,0,0,0
Region 9,Region 70,0,0,0,0,0,0,0,0,0,0,0,0,0,0,0,0,0,0,0,0,0,0,0,0,0,0,0,0,0,0,0,0,0,0,0,0,0,0,0,0,0,0,0,0,0,0,0,0
Region 9,Region 71,0,0,0,0,0,0,0,0,0,0,0,0,0,0,0,0,0,0,0,0,0,0,0,0,0,0,0,0,0,0,0,0,0,0,0,0,0,0,0,0,0,0,0,0,0,0,0,0
Region 9,Region 72,0,0,0,0,0,0,0,0,0,0,0,0,0,0,0,0,0,0,0,0,0,0,0,0,0,0,0,0,0,0,0,0,0,0,0,0,0,0,0,0,0,0,0,0,0,0,0,0
Region 9,Region 73,0,0,0,0,0,0,0,0,0,0,0,0,0,0,0,0,0,0,0,0,0,0,0,0,0,0,0,0,0,0,0,0,0,0,0,0,0,0,0,0,0,0,0,0,0,0,0,0
Region 9,Region 74,0,0,0,0,0,0,0,0,0,0,0,0,0,0,0,0,0,0,0,0,0,0,0,0,0,0,0,0,0,0,0,0,0,0,0,0,0,0,0,0,0,0,0,0,0,0,0,0
Region 9,Region 75,0,0,0,0,0,0,0,0,0,0,0,0,0,0,0,0,0,0,0,0,0,0,0,0,0,0,0,0,0,0,0,0,0,0,0,0,0,0,0,0,0,0,0,0,0,0,0,0
Region 10,Region 0,8,0.028,1,0.006,0,0,0,0,2,0.037,0,0,0,0,2,0.025,1,0.006,5,0.013,6,0.012,3,0.007,4,0.01,4,0.011,5,0.013,4,0.01,4,0.01,7,0.015,11,0.021,9,0.019,7,0.014,15,0.033,14,0.037,8,0.025
Region 10,Region 1,0,0,0,0,0,0,0,0,0,0,0,0,0,0,0,0,0,0,0,0,0,0,0,0,0,0,0,0,0,0,0,0,0,0,0,0,0,0,0,0,0,0,0,0,0,0,0,0
Region 10,Region 2,1,0.004,0,0,0,0,1,0.012,0,0,0,0,0,0,0,0,0,0,8,0.021,12,0.024,14,0.03,6,0.015,7,0.018,5,0.013,5,0.012,2,0.005,4,0.008,8,0.015,2,0.004,3,0.006,4,0.009,4,0.011,1,0.003
Region 10,Region 3,0,0,0,0,1,0.008,0,0,0,0,0,0,1,0.021,0,0,0,0,0,0,3,0.006,0,0,0,0,0,0,1,0.003,1,0.002,0,0,1,0.002,1,0.002,2,0.004,2,0.004,2,0.004,1,0.003,0,0
Region 10,Region 4,1,0.004,1,0.006,3,0.025,0,0,1,0.018,0,0,0,0,1,0.012,0,0,0,0,2,0.004,3,0.007,4,0.01,1,0.003,2,0.005,2,0.005,0,0,2,0.004,1,0.002,3,0.006,5,0.01,3,0.007,1,0.003,3,0.009
Region 10,Region 5,0,0,0,0,0,0,0,0,0,0,0,0,1,0.021,0,0,0,0,4,0.011,1,0.002,2,0.004,2,0.005,0,0,0,0,0,0,0,0,0,0,0,0,0,0,0,0,0,0,0,0,1,0.003
Region 10,Region 6,0,0,0,0,0,0,0,0,0,0,0,0,0,0,0,0,0,0,0,0,0,0,0,0,0,0,0,0,0,0,0,0,0,0,0,0,0,0,0,0,0,0,0,0,0,0,0,0
Region 10,Region 7,1,0.004,0,0,0,0,0,0,0,0,0,0,0,0,3,0.037,0,0,6,0.016,4,0.008,2,0.004,1,0.003,0,0,1,0.003,1,0.002,0,0,3,0.006,3,0.006,1,0.002,2,0.004,2,0.004,1,0.003,1,0.003
Region 10,Region 8,0,0,0,0,0,0,0,0,0,0,0,0,0,0,0,0,0,0,0,0,0,0,0,0,0,0,0,0,0,0,0,0,0,0,0,0,0,0,0,0,0,0,0,0,0,0,0,0
Region 10,Region 9,0,0,0,0,0,0,0,0,0,0,0,0,0,0,0,0,0,0,0,0,0,0,0,0,0,0,0,0,0,0,0,0,0,0,0,0,0,0,0,0,0,0,0,0,0,0,0,0
Region 10,Region 10,56,0.197,12,0.07,7,0.058,7,0.087,3,0.055,3,0.068,6,0.126,5,0.062,6,0.036,34,0.09,67,0.136,71,0.154,39,0.1,45,0.119,46,0.118,62,0.151,55,0.133,84,0.174,64,0.122,60,0.124,62,0.123,49,0.106,75,0.198,41,0.129
Region 10,Region 11,0,0,0,0,0,0,0,0,0,0,0,0,0,0,0,0,0,0,0,0,0,0,0,0,0,0,0,0,0,0,0,0,0,0,0,0,0,0,0,0,0,0,0,0,0,0,0,0
Region 10,Region 12,1,0.004,1,0.006,1,0.008,0,0,0,0,0,0,1,0.021,0,0,4,0.024,4,0.011,2,0.004,5,0.011,2,0.005,3,0.008,3,0.008,2,0.005,2,0.005,2,0.004,3,0.006,2,0.004,3,0.006,2,0.004,2,0.005,1,0.003
Region 10,Region 13,1,0.004,0,0,0,0,1,0.012,0,0,0,0,0,0,0,0,1,0.006,2,0.005,6,0.012,5,0.011,1,0.003,3,0.008,4,0.01,1,0.002,4,0.01,3,0.006,3,0.006,6,0.012,3,0.006,5,0.011,2,0.005,0,0
Region 10,Region 14,4,0.014,1,0.006,2,0.016,0,0,1,0.018,0,0,4,0.084,2,0.025,5,0.03,8,0.021,8,0.016,9,0.02,10,0.026,7,0.018,6,0.015,3,0.007,3,0.007,6,0.012,5,0.01,4,0.008,7,0.014,2,0.004,4,0.011,3,0.009
Region 10,Region 15,0,0,0,0,0,0,0,0,0,0,0,0,0,0,0,0,0,0,0,0,0,0,0,0,0,0,0,0,0,0,0,0,0,0,0,0,0,0,0,0,0,0,0,0,0,0,0,0
Region 10,Region 16,0,0,0,0,0,0,0,0,0,0,0,0,0,0,0,0,0,0,0,0,0,0,0,0,0,0,0,0,0,0,0,0,0,0,0,0,0,0,0,0,0,0,0,0,0,0,0,0
Region 10,Region 17,3,0.011,0,0,1,0.008,1,0.012,0,0,0,0,0,0,0,0,1,0.006,0,0,1,0.002,3,0.007,1,0.003,2,0.005,1,0.003,1,0.002,1,0.002,0,0,1,0.002,3,0.006,3,0.006,0,0,0,0,0,0
Region 10,Region 18,1,0.004,0,0,1,0.008,0,0,2,0.037,0,0,0,0,1,0.012,0,0,2,0.005,8,0.016,5,0.011,6,0.015,4,0.011,3,0.008,10,0.024,5,0.012,5,0.01,3,0.006,5,0.01,12,0.024,6,0.013,4,0.011,3,0.009
Region 10,Region 19,1,0.004,1,0.006,0,0,0,0,0,0,0,0,0,0,1,0.012,2,0.012,3,0.008,1,0.002,1,0.002,0,0,1,0.003,0,0,0,0,1,0.002,1,0.002,0,0,1,0.002,0,0,0,0,0,0,0,0
Region 10,Region 20,1,0.004,0,0,0,0,0,0,0,0,0,0,1,0.021,0,0,5,0.03,7,0.018,2,0.004,1,0.002,2,0.005,1,0.003,1,0.003,0,0,1,0.002,1,0.002,1,0.002,2,0.004,3,0.006,3,0.007,0,0,0,0
Region 10,Region 21,1,0.004,0,0,1,0.008,0,0,0,0,0,0,1,0.021,0,0,0,0,2,0.005,2,0.004,1,0.002,4,0.01,7,0.018,5,0.013,2,0.005,4,0.01,2,0.004,4,0.008,5,0.01,5,0.01,7,0.015,0,0,1,0.003
Region 10,Region 22,0,0,0,0,0,0,0,0,0,0,0,0,0,0,1,0.012,1,0.006,3,0.008,2,0.004,1,0.002,0,0,2,0.005,1,0.003,1,0.002,2,0.005,1,0.002,2,0.004,1,0.002,2,0.004,2,0.004,1,0.003,0,0
Region 10,Region 23,3,0.011,0,0,3,0.025,0,0,0,0,0,0,0,0,0,0,1,0.006,2,0.005,2,0.004,4,0.009,5,0.013,2,0.005,2,0.005,5,0.012,2,0.005,5,0.01,7,0.013,7,0.014,12,0.024,11,0.024,7,0.018,4,0.013
Region 10,Region 24,2,0.007,0,0,0,0,0,0,0,0,0,0,0,0,2,0.025,1,0.006,2,0.005,9,0.018,8,0.017,6,0.015,4,0.011,4,0.01,4,0.01,2,0.005,3,0.006,2,0.004,5,0.01,3,0.006,3,0.007,3,0.008,0,0
Region 10,Region 25,0,0,0,0,0,0,0,0,0,0,0,0,0,0,0,0,0,0,0,0,0,0,0,0,0,0,1,0.003,0,0,0,0,1,0.002,0,0,0,0,0,0,1,0.002,2,0.004,0,0,1,0.003
Region 10,Region 26,0,0,1,0.006,0,0,0,0,0,0,0,0,0,0,0,0,0,0,3,0.008,7,0.014,1,0.002,1,0.003,1,0.003,0,0,1,0.002,0,0,1,0.002,1,0.002,0,0,2,0.004,2,0.004,2,0.005,0,0
Region 10,Region 27,8,0.028,8,0.047,2,0.016,3,0.037,0,0,0,0,0,0,2,0.025,2,0.012,5,0.013,6,0.012,16,0.035,4,0.01,5,0.013,4,0.01,7,0.017,6,0.014,14,0.029,7,0.013,18,0.037,15,0.03,9,0.02,5,0.013,12,0.038
Region 10,Region 28,2,0.007,0,0,0,0,1,0.012,1,0.018,1,0.023,0,0,0,0,0,0,1,0.003,3,0.006,4,0.009,3,0.008,4,0.011,2,0.005,2,0.005,3,0.007,2,0.004,3,0.006,1,0.002,4,0.008,3,0.007,1,0.003,1,0.003
Region 10,Region 29,1,0.004,0,0,0,0,0,0,0,0,0,0,0,0,1,0.012,5,0.03,5,0.013,8,0.016,7,0.015,7,0.018,1,0.003,0,0,3,0.007,1,0.002,3,0.006,2,0.004,1,0.002,2,0.004,3,0.007,0,0,0,0
Region 10,Region 30,1,0.004,0,0,0,0,0,0,1,0.018,0,0,0,0,1,0.012,2,0.012,2,0.005,5,0.01,6,0.013,6,0.015,3,0.008,4,0.01,8,0.02,5,0.012,1,0.002,9,0.017,4,0.008,3,0.006,5,0.011,2,0.005,2,0.006
Region 10,Region 31,0,0,0,0,0,0,0,0,0,0,1,0.023,0,0,1,0.012,0,0,1,0.003,3,0.006,1,0.002,5,0.013,4,0.011,4,0.01,2,0.005,0,0,1,0.002,4,0.008,3,0.006,5,0.01,1,0.002,2,0.005,0,0
Region 10,Region 32,0,0,1,0.006,0,0,0,0,1,0.018,0,0,0,0,0,0,0,0,1,0.003,3,0.006,3,0.007,2,0.005,2,0.005,1,0.003,0,0,1,0.002,2,0.004,2,0.004,2,0.004,5,0.01,4,0.009,2,0.005,1,0.003
Region 10,Region 33,0,0,0,0,0,0,0,0,0,0,0,0,0,0,0,0,2,0.012,0,0,0,0,2,0.004,1,0.003,0,0,0,0,0,0,0,0,0,0,1,0.002,0,0,0,0,2,0.004,0,0,0,0
Region 10,Region 34,0,0,0,0,0,0,0,0,0,0,0,0,0,0,0,0,0,0,0,0,0,0,0,0,0,0,0,0,0,0,0,0,0,0,0,0,0,0,0,0,0,0,0,0,0,0,0,0
Region 10,Region 35,0,0,0,0,0,0,0,0,0,0,0,0,0,0,0,0,0,0,0,0,0,0,0,0,0,0,0,0,0,0,0,0,0,0,0,0,0,0,0,0,0,0,1,0.002,0,0,0,0
Region 10,Region 36,5,0.018,2,0.012,0,0,0,0,1,0.018,0,0,0,0,0,0,4,0.024,75,0.198,2,0.004,9,0.02,2,0.005,8,0.021,5,0.013,6,0.015,9,0.022,11,0.023,11,0.021,7,0.014,8,0.016,9,0.02,6,0.016,6,0.019
Region 10,Region 37,4,0.014,2,0.012,1,0.008,2,0.025,0,0,1,0.023,1,0.021,0,0,2,0.012,2,0.005,15,0.03,14,0.03,8,0.021,5,0.013,11,0.028,11,0.027,11,0.027,14,0.029,16,0.03,13,0.027,13,0.026,10,0.022,10,0.026,4,0.013
Region 10,Region 38,2,0.007,0,0,0,0,1,0.012,0,0,0,0,0,0,0,0,0,0,1,0.003,3,0.006,1,0.002,1,0.003,1,0.003,2,0.005,2,0.005,0,0,1,0.002,1,0.002,3,0.006,0,0,4,0.009,1,0.003,0,0
Region 10,Region 39,2,0.007,1,0.006,0,0,0,0,0,0,0,0,0,0,0,0,1,0.006,0,0,7,0.014,5,0.011,1,0.003,1,0.003,0,0,1,0.002,0,0,1,0.002,3,0.006,2,0.004,3,0.006,0,0,0,0,0,0
Region 10,Region 40,0,0,0,0,0,0,0,0,0,0,0,0,0,0,0,0,0,0,0,0,0,0,0,0,0,0,0,0,0,0,0,0,0,0,0,0,0,0,0,0,0,0,0,0,0,0,0,0
Region 10,Region 41,1,0.004,0,0,0,0,0,0,0,0,0,0,2,0.042,1,0.012,2,0.012,2,0.005,3,0.006,1,0.002,2,0.005,0,0,1,0.003,0,0,0,0,1,0.002,0,0,1,0.002,0,0,0,0,0,0,0,0
Region 10,Region 42,0,0,0,0,0,0,0,0,0,0,0,0,0,0,0,0,0,0,0,0,0,0,0,0,0,0,0,0,0,0,0,0,0,0,0,0,0,0,0,0,0,0,0,0,0,0,0,0
Region 10,Region 43,10,0.035,2,0.012,3,0.025,2,0.025,2,0.037,1,0.023,3,0.063,1,0.012,2,0.012,8,0.021,14,0.028,17,0.037,12,0.031,10,0.026,7,0.018,9,0.022,11,0.027,10,0.021,18,0.034,14,0.029,14,0.028,15,0.033,13,0.034,9,0.028
Region 10,Region 44,0,0,0,0,0,0,0,0,0,0,0,0,0,0,0,0,0,0,0,0,0,0,0,0,0,0,0,0,0,0,0,0,0,0,0,0,0,0,0,0,0,0,0,0,0,0,0,0
Region 10,Region 45,1,0.004,0,0,0,0,0,0,0,0,0,0,0,0,0,0,0,0,1,0.003,1,0.002,0,0,0,0,0,0,0,0,0,0,1,0.002,0,0,1,0.002,1,0.002,1,0.002,0,0,0,0,1,0.003
Region 10,Region 46,1,0.004,1,0.006,1,0.008,1,0.012,1,0.018,0,0,0,0,0,0,1,0.006,18,0.048,7,0.014,11,0.024,6,0.015,7,0.018,8,0.02,10,0.024,8,0.019,4,0.008,7,0.013,9,0.019,7,0.014,12,0.026,3,0.008,5,0.016
Region 10,Region 47,33,0.116,20,0.117,11,0.09,2,0.025,3,0.055,10,0.226,14,0.293,25,0.308,54,0.327,114,0.301,183,0.371,204,0.443,97,0.25,92,0.243,63,0.161,75,0.183,67,0.162,64,0.133,68,0.13,65,0.135,91,0.18,73,0.158,38,0.1,31,0.097
Region 10,Region 48,0,0,0,0,0,0,0,0,0,0,1,0.023,0,0,0,0,0,0,5,0.013,9,0.018,13,0.028,7,0.018,7,0.018,6,0.015,5,0.012,0,0,1,0.002,6,0.011,2,0.004,1,0.002,2,0.004,1,0.003,0,0
Region 10,Region 49,2,0.007,0,0,1,0.008,0,0,1,0.018,0,0,0,0,2,0.025,0,0,7,0.018,6,0.012,4,0.009,2,0.005,0,0,5,0.013,1,0.002,1,0.002,3,0.006,2,0.004,4,0.008,8,0.016,2,0.004,2,0.005,3,0.009
Region 10,Region 50,1,0.004,0,0,1,0.008,1,0.012,0,0,0,0,0,0,0,0,6,0.036,1,0.003,5,0.01,4,0.009,7,0.018,2,0.005,1,0.003,3,0.007,1,0.002,3,0.006,7,0.013,5,0.01,2,0.004,7,0.015,5,0.013,1,0.003
Region 10,Region 51,1,0.004,2,0.012,0,0,0,0,0,0,0,0,0,0,0,0,2,0.012,0,0,2,0.004,1,0.002,2,0.005,0,0,2,0.005,2,0.005,5,0.012,1,0.002,6,0.011,1,0.002,4,0.008,7,0.015,0,0,0,0
Region 10,Region 52,3,0.011,3,0.018,1,0.008,0,0,1,0.018,0,0,0,0,0,0,1,0.006,1,0.003,3,0.006,4,0.009,2,0.005,2,0.005,1,0.003,2,0.005,2,0.005,3,0.006,3,0.006,3,0.006,6,0.012,4,0.009,4,0.011,2,0.006
Region 10,Region 53,1,0.004,1,0.006,0,0,0,0,0,0,0,0,0,0,0,0,0,0,5,0.013,4,0.008,6,0.013,0,0,4,0.011,2,0.005,3,0.007,0,0,3,0.006,8,0.015,5,0.01,7,0.014,2,0.004,6,0.016,3,0.009
Region 10,Region 54,0,0,0,0,0,0,0,0,0,0,0,0,0,0,1,0.012,1,0.006,4,0.011,1,0.002,0,0,1,0.003,0,0,0,0,0,0,0,0,0,0,0,0,0,0,2,0.004,0,0,0,0,0,0
Region 10,Region 55,0,0,0,0,0,0,0,0,0,0,0,0,0,0,0,0,0,0,0,0,0,0,1,0.002,0,0,0,0,0,0,0,0,0,0,1,0.002,2,0.004,1,0.002,1,0.002,0,0,1,0.003,0,0
Region 10,Region 56,0,0,1,0.006,0,0,0,0,0,0,0,0,0,0,0,0,1,0.006,5,0.013,21,0.043,2,0.004,0,0,0,0,0,0,2,0.005,1,0.002,1,0.002,1,0.002,3,0.006,8,0.016,7,0.015,2,0.005,1,0.003
Region 10,Region 57,0,0,0,0,0,0,0,0,0,0,0,0,0,0,0,0,0,0,0,0,1,0.002,0,0,1,0.003,0,0,1,0.003,1,0.002,0,0,1,0.002,1,0.002,0,0,0,0,2,0.004,0,0,0,0
Region 10,Region 58,0,0,0,0,0,0,0,0,0,0,0,0,0,0,0,0,0,0,0,0,0,0,0,0,0,0,0,0,0,0,0,0,0,0,0,0,0,0,0,0,0,0,0,0,0,0,0,0
Region 10,Region 59,0,0,0,0,0,0,0,0,0,0,0,0,0,0,0,0,0,0,0,0,0,0,0,0,0,0,0,0,0,0,0,0,0,0,0,0,0,0,0,0,0,0,0,0,0,0,0,0
Region 10,Region 60,1,0.004,0,0,1,0.008,1,0.012,0,0,0,0,0,0,0,0,3,0.018,5,0.013,8,0.016,1,0.002,1,0.003,0,0,0,0,0,0,1,0.002,2,0.004,1,0.002,0,0,2,0.004,1,0.002,0,0,0,0
Region 10,Region 61,4,0.014,0,0,0,0,0,0,1,0.018,0,0,0,0,0,0,1,0.006,7,0.018,5,0.01,11,0.024,3,0.008,4,0.011,8,0.02,6,0.015,4,0.01,5,0.01,7,0.013,2,0.004,6,0.012,2,0.004,2,0.005,5,0.016
Region 10,Region 62,7,0.025,1,0.006,4,0.033,1,0.012,0,0,1,0.023,6,0.126,3,0.037,4,0.024,15,0.04,19,0.038,17,0.037,11,0.028,13,0.034,8,0.02,12,0.029,9,0.022,14,0.029,13,0.025,12,0.025,16,0.032,11,0.024,9,0.024,5,0.016
Region 10,Region 63,3,0.011,0,0,0,0,0,0,0,0,0,0,0,0,0,0,0,0,0,0,0,0,0,0,0,0,0,0,0,0,0,0,0,0,0,0,0,0,0,0,0,0,0,0,0,0,0,0
Region 10,Region 64,0,0,0,0,1,0.008,0,0,0,0,0,0,0,0,1,0.012,1,0.006,3,0.008,0,0,1,0.002,0,0,1,0.003,1,0.003,1,0.002,1,0.002,2,0.004,1,0.002,0,0,1,0.002,0,0,1,0.003,0,0
Region 10,Region 65,0,0,2,0.012,0,0,1,0.012,0,0,0,0,0,0,1,0.012,0,0,2,0.005,1,0.002,0,0,1,0.003,2,0.005,1,0.003,0,0,2,0.005,3,0.006,3,0.006,1,0.002,4,0.008,1,0.002,0,0,0,0
Region 10,Region 66,0,0,2,0.012,3,0.025,0,0,0,0,2,0.045,0,0,0,0,0,0,9,0.024,9,0.018,11,0.024,6,0.015,6,0.016,9,0.023,5,0.012,3,0.007,7,0.015,16,0.03,7,0.014,15,0.03,11,0.024,5,0.013,5,0.016
Region 10,Region 67,0,0,0,0,1,0.008,0,0,0,0,0,0,0,0,0,0,0,0,1,0.003,7,0.014,5,0.011,3,0.008,0,0,1,0.003,0,0,1,0.002,1,0.002,6,0.011,2,0.004,1,0.002,3,0.007,1,0.003,2,0.006
Region 10,Region 68,2,0.007,2,0.012,2,0.016,0,0,0,0,0,0,0,0,1,0.012,2,0.012,6,0.016,12,0.024,9,0.02,9,0.023,4,0.011,7,0.018,3,0.007,4,0.01,8,0.017,11,0.021,10,0.021,6,0.012,6,0.013,9,0.024,6,0.019
Region 10,Region 69,0,0,0,0,0,0,0,0,0,0,0,0,1,0.021,3,0.037,2,0.012,6,0.016,9,0.018,8,0.017,5,0.013,3,0.008,3,0.008,9,0.022,5,0.012,5,0.01,11,0.021,9,0.019,9,0.018,7,0.015,6,0.016,2,0.006
Region 10,Region 70,1,0.004,0,0,1,0.008,0,0,0,0,0,0,0,0,0,0,2,0.012,2,0.005,5,0.01,3,0.007,2,0.005,1,0.003,3,0.008,0,0,1,0.002,0,0,1,0.002,1,0.002,2,0.004,4,0.009,2,0.005,1,0.003
Region 10,Region 71,1,0.004,2,0.012,1,0.008,0,0,0,0,0,0,0,0,2,0.025,1,0.006,5,0.013,8,0.016,2,0.004,3,0.008,1,0.003,1,0.003,2,0.005,0,0,1,0.002,4,0.008,5,0.01,3,0.006,4,0.009,2,0.005,0,0
Region 10,Region 72,0,0,0,0,0,0,0,0,0,0,0,0,0,0,0,0,0,0,0,0,0,0,0,0,0,0,0,0,0,0,0,0,0,0,0,0,0,0,0,0,0,0,0,0,0,0,0,0
Region 10,Region 73,0,0,0,0,0,0,0,0,0,0,0,0,0,0,0,0,0,0,0,0,0,0,0,0,0,0,0,0,0,0,0,0,0,0,0,0,0,0,0,0,0,0,0,0,0,0,0,0
Region 10,Region 74,0,0,0,0,0,0,0,0,0,0,0,0,0,0,0,0,0,0,0,0,1,0.002,0,0,0,0,0,0,0,0,1,0.002,1,0.002,0,0,0,0,0,0,2,0.004,2,0.004,0,0,0,0
Region 10,Region 75,0,0,0,0,0,0,0,0,0,0,0,0,0,0,0,0,0,0,1,0.003,0,0,2,0.004,0,0,0,0,0,0,0,0,0,0,0,0,2,0.004,0,0,1,0.002,0,0,0,0,2,0.006
Region 11,Region 0,0,0,0,0,0,0,0,0,0,0,0,0,0,0,0,0,0,0,0,0,0,0,0,0,0,0,0,0,0,0,0,0,0,0,0,0,0,0,0,0,0,0,0,0,0,0,0,0
Region 11,Region 1,0,0,0,0,0,0,0,0,0,0,0,0,0,0,0,0,0,0,0,0,0,0,0,0,0,0,0,0,0,0,0,0,0,0,0,0,0,0,0,0,0,0,0,0,0,0,0,0
Region 11,Region 2,0,0,0,0,0,0,0,0,0,0,0,0,0,0,0,0,0,0,0,0,0,0,0,0,0,0,0,0,0,0,0,0,0,0,0,0,0,0,0,0,0,0,0,0,0,0,0,0
Region 11,Region 3,0,0,0,0,0,0,0,0,0,0,0,0,0,0,0,0,0,0,0,0,0,0,0,0,0,0,0,0,0,0,0,0,0,0,0,0,0,0,0,0,0,0,0,0,0,0,0,0
Region 11,Region 4,0,0,0,0,0,0,0,0,0,0,0,0,0,0,0,0,0,0,0,0,0,0,0,0,0,0,0,0,0,0,0,0,0,0,0,0,0,0,0,0,0,0,0,0,0,0,0,0
Region 11,Region 5,0,0,0,0,0,0,0,0,0,0,0,0,0,0,0,0,0,0,0,0,0,0,0,0,0,0,0,0,0,0,0,0,0,0,0,0,0,0,0,0,0,0,0,0,0,0,0,0
Region 11,Region 6,0,0,0,0,0,0,0,0,0,0,0,0,0,0,0,0,0,0,0,0,0,0,0,0,0,0,0,0,0,0,0,0,0,0,0,0,0,0,0,0,0,0,0,0,0,0,0,0
Region 11,Region 7,0,0,0,0,0,0,0,0,0,0,0,0,0,0,0,0,0,0,0,0,0,0,0,0,0,0,0,0,0,0,0,0,0,0,0,0,0,0,0,0,0,0,0,0,0,0,0,0
Region 11,Region 8,0,0,0,0,0,0,0,0,0,0,0,0,0,0,0,0,0,0,0,0,0,0,0,0,0,0,0,0,0,0,0,0,0,0,0,0,0,0,0,0,0,0,0,0,0,0,0,0
Region 11,Region 9,0,0,0,0,0,0,0,0,0,0,0,0,0,0,0,0,0,0,0,0,0,0,0,0,0,0,0,0,0,0,0,0,0,0,0,0,0,0,0,0,0,0,0,0,0,0,0,0
Region 11,Region 10,0,0,0,0,0,0,0,0,0,0,0,0,0,0,0,0,0,0,0,0,0,0,0,0,0,0,0,0,0,0,0,0,0,0,0,0,0,0,0,0,0,0,0,0,0,0,0,0
Region 11,Region 11,0,0,0,0,0,0,0,0,0,0,0,0,0,0,0,0,0,0,0,0,0,0,0,0,0,0,0,0,0,0,0,0,0,0,0,0,0,0,0,0,0,0,0,0,0,0,0,0
Region 11,Region 12,0,0,0,0,0,0,0,0,0,0,0,0,0,0,0,0,0,0,0,0,0,0,0,0,0,0,0,0,0,0,0,0,0,0,0,0,0,0,0,0,0,0,0,0,0,0,0,0
Region 11,Region 13,0,0,0,0,0,0,0,0,0,0,0,0,0,0,0,0,0,0,0,0,0,0,0,0,0,0,0,0,0,0,0,0,0,0,0,0,0,0,0,0,0,0,0,0,0,0,0,0
Region 11,Region 14,0,0,0,0,0,0,0,0,0,0,0,0,0,0,0,0,0,0,0,0,0,0,0,0,0,0,0,0,0,0,0,0,0,0,0,0,0,0,0,0,0,0,0,0,0,0,0,0
Region 11,Region 15,0,0,0,0,0,0,0,0,0,0,0,0,0,0,0,0,0,0,0,0,0,0,0,0,0,0,0,0,0,0,0,0,0,0,0,0,0,0,0,0,0,0,0,0,0,0,0,0
Region 11,Region 16,0,0,0,0,0,0,0,0,0,0,0,0,0,0,0,0,0,0,0,0,0,0,0,0,0,0,0,0,0,0,0,0,0,0,0,0,0,0,0,0,0,0,0,0,0,0,0,0
Region 11,Region 17,0,0,0,0,0,0,0,0,0,0,0,0,0,0,0,0,0,0,0,0,0,0,0,0,0,0,0,0,0,0,0,0,0,0,0,0,0,0,0,0,0,0,0,0,0,0,0,0
Region 11,Region 18,0,0,0,0,0,0,0,0,0,0,0,0,0,0,0,0,0,0,0,0,0,0,0,0,0,0,0,0,0,0,0,0,0,0,0,0,0,0,0,0,0,0,0,0,0,0,0,0
Region 11,Region 19,0,0,0,0,0,0,0,0,0,0,0,0,0,0,0,0,0,0,0,0,0,0,0,0,0,0,0,0,0,0,0,0,0,0,0,0,0,0,0,0,0,0,0,0,0,0,0,0
Region 11,Region 20,0,0,0,0,0,0,0,0,0,0,0,0,0,0,0,0,0,0,0,0,0,0,0,0,0,0,0,0,0,0,0,0,0,0,0,0,0,0,0,0,0,0,0,0,0,0,0,0
Region 11,Region 21,0,0,0,0,0,0,0,0,0,0,0,0,0,0,0,0,0,0,0,0,0,0,0,0,0,0,0,0,0,0,0,0,0,0,0,0,0,0,0,0,0,0,0,0,0,0,0,0
Region 11,Region 22,0,0,0,0,0,0,0,0,0,0,0,0,0,0,0,0,0,0,0,0,0,0,0,0,0,0,0,0,0,0,0,0,0,0,0,0,0,0,0,0,0,0,0,0,0,0,0,0
Region 11,Region 23,0,0,0,0,0,0,0,0,0,0,0,0,0,0,0,0,0,0,0,0,0,0,0,0,0,0,0,0,0,0,0,0,0,0,0,0,0,0,0,0,0,0,0,0,0,0,0,0
Region 11,Region 24,0,0,0,0,0,0,0,0,0,0,0,0,0,0,0,0,0,0,0,0,0,0,0,0,0,0,0,0,0,0,0,0,0,0,0,0,0,0,0,0,0,0,0,0,0,0,0,0
Region 11,Region 25,0,0,0,0,0,0,0,0,0,0,0,0,0,0,0,0,0,0,0,0,0,0,0,0,0,0,0,0,0,0,0,0,0,0,0,0,0,0,0,0,0,0,0,0,0,0,0,0
Region 11,Region 26,0,0,0,0,0,0,0,0,0,0,0,0,0,0,0,0,0,0,0,0,0,0,0,0,0,0,0,0,0,0,0,0,0,0,0,0,0,0,0,0,0,0,0,0,0,0,0,0
Region 11,Region 27,0,0,0,0,0,0,0,0,0,0,0,0,0,0,0,0,0,0,0,0,0,0,0,0,0,0,0,0,0,0,0,0,0,0,0,0,0,0,0,0,0,0,0,0,0,0,0,0
Region 11,Region 28,0,0,0,0,0,0,0,0,0,0,0,0,0,0,0,0,0,0,0,0,0,0,0,0,0,0,0,0,0,0,0,0,0,0,0,0,0,0,0,0,0,0,0,0,0,0,0,0
Region 11,Region 29,0,0,0,0,0,0,0,0,0,0,0,0,0,0,0,0,0,0,0,0,0,0,0,0,0,0,0,0,0,0,0,0,0,0,0,0,0,0,0,0,0,0,0,0,0,0,0,0
Region 11,Region 30,0,0,0,0,0,0,0,0,0,0,0,0,0,0,0,0,0,0,0,0,0,0,0,0,0,0,0,0,0,0,0,0,0,0,0,0,0,0,0,0,0,0,0,0,0,0,0,0
Region 11,Region 31,0,0,0,0,0,0,0,0,0,0,0,0,0,0,0,0,0,0,0,0,0,0,0,0,0,0,0,0,0,0,0,0,0,0,0,0,0,0,0,0,0,0,0,0,0,0,0,0
Region 11,Region 32,0,0,0,0,0,0,0,0,0,0,0,0,0,0,0,0,0,0,0,0,0,0,0,0,0,0,0,0,0,0,0,0,0,0,0,0,0,0,0,0,0,0,0,0,0,0,0,0
Region 11,Region 33,0,0,0,0,0,0,0,0,0,0,0,0,0,0,0,0,0,0,0,0,0,0,0,0,0,0,0,0,0,0,0,0,0,0,0,0,0,0,0,0,0,0,0,0,0,0,0,0
Region 11,Region 34,0,0,0,0,0,0,0,0,0,0,0,0,0,0,0,0,0,0,0,0,0,0,0,0,0,0,0,0,0,0,0,0,0,0,0,0,0,0,0,0,0,0,0,0,0,0,0,0
Region 11,Region 35,0,0,0,0,0,0,0,0,0,0,0,0,0,0,0,0,0,0,0,0,0,0,0,0,0,0,0,0,0,0,0,0,0,0,0,0,0,0,0,0,0,0,0,0,0,0,0,0
Region 11,Region 36,0,0,0,0,0,0,0,0,0,0,0,0,0,0,0,0,0,0,0,0,0,0,0,0,0,0,0,0,0,0,0,0,0,0,0,0,0,0,0,0,0,0,0,0,0,0,0,0
Region 11,Region 37,0,0,0,0,0,0,0,0,0,0,0,0,0,0,0,0,0,0,0,0,0,0,0,0,0,0,0,0,0,0,0,0,0,0,0,0,0,0,0,0,0,0,0,0,0,0,0,0
Region 11,Region 38,0,0,0,0,0,0,0,0,0,0,0,0,0,0,0,0,0,0,0,0,0,0,0,0,0,0,0,0,0,0,0,0,0,0,0,0,0,0,0,0,0,0,0,0,0,0,0,0
Region 11,Region 39,0,0,0,0,0,0,0,0,0,0,0,0,0,0,0,0,0,0,0,0,0,0,0,0,0,0,0,0,0,0,0,0,0,0,0,0,0,0,0,0,0,0,0,0,0,0,0,0
Region 11,Region 40,0,0,0,0,0,0,0,0,0,0,0,0,0,0,0,0,0,0,0,0,0,0,0,0,0,0,0,0,0,0,0,0,0,0,0,0,0,0,0,0,0,0,0,0,0,0,0,0
Region 11,Region 41,0,0,0,0,0,0,0,0,0,0,0,0,0,0,0,0,0,0,0,0,0,0,0,0,0,0,0,0,0,0,0,0,0,0,0,0,0,0,0,0,0,0,0,0,0,0,0,0
Region 11,Region 42,0,0,0,0,0,0,0,0,0,0,0,0,0,0,0,0,0,0,0,0,0,0,0,0,0,0,0,0,0,0,0,0,0,0,0,0,0,0,0,0,0,0,0,0,0,0,0,0
Region 11,Region 43,0,0,0,0,0,0,0,0,0,0,0,0,0,0,0,0,0,0,0,0,0,0,0,0,0,0,0,0,0,0,0,0,0,0,0,0,0,0,0,0,0,0,0,0,0,0,0,0
Region 11,Region 44,0,0,0,0,0,0,0,0,0,0,0,0,0,0,0,0,0,0,0,0,0,0,0,0,0,0,0,0,0,0,0,0,0,0,0,0,0,0,0,0,0,0,0,0,0,0,0,0
Region 11,Region 45,0,0,0,0,0,0,0,0,0,0,0,0,0,0,0,0,0,0,0,0,0,0,0,0,0,0,0,0,0,0,0,0,0,0,0,0,0,0,0,0,0,0,0,0,0,0,0,0
Region 11,Region 46,0,0,0,0,0,0,0,0,0,0,0,0,0,0,0,0,0,0,0,0,0,0,0,0,0,0,0,0,0,0,0,0,0,0,0,0,0,0,0,0,0,0,0,0,0,0,0,0
Region 11,Region 47,0,0,0,0,0,0,0,0,0,0,0,0,0,0,0,0,0,0,0,0,0,0,0,0,0,0,0,0,0,0,0,0,0,0,0,0,0,0,0,0,0,0,0,0,0,0,0,0
Region 11,Region 48,0,0,0,0,0,0,0,0,0,0,0,0,0,0,0,0,0,0,0,0,0,0,0,0,0,0,0,0,0,0,0,0,0,0,0,0,0,0,0,0,0,0,0,0,0,0,0,0
Region 11,Region 49,0,0,0,0,0,0,0,0,0,0,0,0,0,0,0,0,0,0,0,0,0,0,0,0,0,0,0,0,0,0,0,0,0,0,0,0,0,0,0,0,0,0,0,0,0,0,0,0
Region 11,Region 50,0,0,0,0,0,0,0,0,0,0,0,0,0,0,0,0,0,0,0,0,0,0,0,0,0,0,0,0,0,0,0,0,0,0,0,0,0,0,0,0,0,0,0,0,0,0,0,0
Region 11,Region 51,0,0,0,0,0,0,0,0,0,0,0,0,0,0,0,0,0,0,0,0,0,0,0,0,0,0,0,0,0,0,0,0,0,0,0,0,0,0,0,0,0,0,0,0,0,0,0,0
Region 11,Region 52,0,0,0,0,0,0,0,0,0,0,0,0,0,0,0,0,0,0,0,0,0,0,0,0,0,0,0,0,0,0,0,0,0,0,0,0,0,0,0,0,0,0,0,0,0,0,0,0
Region 11,Region 53,0,0,0,0,0,0,0,0,0,0,0,0,0,0,0,0,0,0,0,0,0,0,0,0,0,0,0,0,0,0,0,0,0,0,0,0,0,0,0,0,0,0,0,0,0,0,0,0
Region 11,Region 54,0,0,0,0,0,0,0,0,0,0,0,0,0,0,0,0,0,0,0,0,0,0,0,0,0,0,0,0,0,0,0,0,0,0,0,0,0,0,0,0,0,0,0,0,0,0,0,0
Region 11,Region 55,0,0,0,0,0,0,0,0,0,0,0,0,0,0,0,0,0,0,0,0,0,0,0,0,0,0,0,0,0,0,0,0,0,0,0,0,0,0,0,0,0,0,0,0,0,0,0,0
Region 11,Region 56,0,0,0,0,0,0,0,0,0,0,0,0,0,0,0,0,0,0,0,0,0,0,0,0,0,0,0,0,0,0,0,0,0,0,0,0,0,0,0,0,0,0,0,0,0,0,0,0
Region 11,Region 57,0,0,0,0,0,0,0,0,0,0,0,0,0,0,0,0,0,0,0,0,0,0,0,0,0,0,0,0,0,0,0,0,0,0,0,0,0,0,0,0,0,0,0,0,0,0,0,0
Region 11,Region 58,0,0,0,0,0,0,0,0,0,0,0,0,0,0,0,0,0,0,0,0,0,0,0,0,0,0,0,0,0,0,0,0,0,0,0,0,0,0,0,0,0,0,0,0,0,0,0,0
Region 11,Region 59,0,0,0,0,0,0,0,0,0,0,0,0,0,0,0,0,0,0,0,0,0,0,0,0,0,0,0,0,0,0,0,0,0,0,0,0,0,0,0,0,0,0,0,0,0,0,0,0
Region 11,Region 60,0,0,0,0,0,0,0,0,0,0,0,0,0,0,0,0,0,0,0,0,0,0,0,0,0,0,0,0,0,0,0,0,0,0,0,0,0,0,0,0,0,0,0,0,0,0,0,0
Region 11,Region 61,0,0,0,0,0,0,0,0,0,0,0,0,0,0,0,0,0,0,0,0,0,0,0,0,0,0,0,0,0,0,0,0,0,0,0,0,0,0,0,0,0,0,0,0,0,0,0,0
Region 11,Region 62,0,0,0,0,0,0,0,0,0,0,0,0,0,0,0,0,0,0,0,0,0,0,0,0,0,0,0,0,0,0,0,0,0,0,0,0,0,0,0,0,0,0,0,0,0,0,0,0
Region 11,Region 63,0,0,0,0,0,0,0,0,0,0,0,0,0,0,0,0,0,0,0,0,0,0,0,0,0,0,0,0,0,0,0,0,0,0,0,0,0,0,0,0,0,0,0,0,0,0,0,0
Region 11,Region 64,0,0,0,0,0,0,0,0,0,0,0,0,0,0,0,0,0,0,0,0,0,0,0,0,0,0,0,0,0,0,0,0,0,0,0,0,0,0,0,0,0,0,0,0,0,0,0,0
Region 11,Region 65,0,0,0,0,0,0,0,0,0,0,0,0,0,0,0,0,0,0,0,0,0,0,0,0,0,0,0,0,0,0,0,0,0,0,0,0,0,0,0,0,0,0,0,0,0,0,0,0
Region 11,Region 66,0,0,0,0,0,0,0,0,0,0,0,0,0,0,0,0,0,0,0,0,0,0,0,0,0,0,0,0,0,0,0,0,0,0,0,0,0,0,0,0,0,0,0,0,0,0,0,0
Region 11,Region 67,0,0,0,0,0,0,0,0,0,0,0,0,0,0,0,0,0,0,0,0,0,0,0,0,0,0,0,0,0,0,0,0,0,0,0,0,0,0,0,0,0,0,0,0,0,0,0,0
Region 11,Region 68,0,0,0,0,0,0,0,0,0,0,0,0,0,0,0,0,0,0,0,0,0,0,0,0,0,0,0,0,0,0,0,0,0,0,0,0,0,0,0,0,0,0,0,0,0,0,0,0
Region 11,Region 69,0,0,0,0,0,0,0,0,0,0,0,0,0,0,0,0,0,0,0,0,0,0,0,0,0,0,0,0,0,0,0,0,0,0,0,0,0,0,0,0,0,0,0,0,0,0,0,0
Region 11,Region 70,0,0,0,0,0,0,0,0,0,0,0,0,0,0,0,0,0,0,0,0,0,0,0,0,0,0,0,0,0,0,0,0,0,0,0,0,0,0,0,0,0,0,0,0,0,0,0,0
Region 11,Region 71,0,0,0,0,0,0,0,0,0,0,0,0,0,0,0,0,0,0,0,0,0,0,0,0,0,0,0,0,0,0,0,0,0,0,0,0,0,0,0,0,0,0,0,0,0,0,0,0
Region 11,Region 72,0,0,0,0,0,0,0,0,0,0,0,0,0,0,0,0,0,0,0,0,0,0,0,0,0,0,0,0,0,0,0,0,0,0,0,0,0,0,0,0,0,0,0,0,0,0,0,0
Region 11,Region 73,0,0,0,0,0,0,0,0,0,0,0,0,0,0,0,0,0,0,0,0,0,0,0,0,0,0,0,0,0,0,0,0,0,0,0,0,0,0,0,0,0,0,0,0,0,0,0,0
Region 11,Region 74,0,0,0,0,0,0,0,0,0,0,0,0,0,0,0,0,0,0,0,0,0,0,0,0,0,0,0,0,0,0,0,0,0,0,0,0,0,0,0,0,0,0,0,0,0,0,0,0
Region 11,Region 75,0,0,0,0,0,0,0,0,0,0,0,0,0,0,0,0,0,0,0,0,0,0,0,0,0,0,0,0,0,0,0,0,0,0,0,0,0,0,0,0,0,0,0,0,0,0,0,0
Region 12,Region 0,0,0,0,0,1,0.008,1,0.012,0,0,0,0,0,0,0,0,0,0,3,0.008,1,0.002,4,0.009,2,0.005,1,0.003,2,0.005,1,0.002,1,0.002,1,0.002,1,0.002,3,0.006,4,0.008,1,0.002,4,0.011,4,0.013
Region 12,Region 1,0,0,0,0,1,0.008,1,0.012,0,0,0,0,0,0,0,0,0,0,0,0,0,0,0,0,0,0,0,0,0,0,0,0,0,0,0,0,0,0,0,0,0,0,0,0,0,0,0,0
Region 12,Region 2,1,0.004,1,0.006,2,0.016,1,0.012,0,0,0,0,0,0,4,0.049,8,0.048,16,0.042,22,0.045,20,0.043,18,0.046,11,0.029,3,0.008,16,0.039,9,0.022,4,0.008,9,0.017,6,0.012,10,0.02,6,0.013,5,0.013,3,0.009
Region 12,Region 3,23,0.081,10,0.059,8,0.066,2,0.025,3,0.055,1,0.023,1,0.021,6,0.074,6,0.036,14,0.037,12,0.024,20,0.043,10,0.026,12,0.032,14,0.036,20,0.049,24,0.058,17,0.035,20,0.038,21,0.043,21,0.042,25,0.054,31,0.082,16,0.05
Region 12,Region 4,8,0.028,4,0.023,2,0.016,1,0.012,1,0.018,1,0.023,3,0.063,4,0.049,7,0.042,8,0.021,5,0.01,4,0.009,6,0.015,4,0.011,2,0.005,6,0.015,5,0.012,5,0.01,11,0.021,11,0.023,14,0.028,15,0.033,11,0.029,9,0.028
Region 12,Region 5,52,0.183,40,0.235,17,0.14,18,0.223,11,0.203,10,0.226,9,0.189,26,0.32,50,0.303,159,0.42,137,0.277,102,0.222,105,0.271,70,0.185,75,0.192,99,0.241,107,0.258,133,0.276,132,0.252,141,0.292,107,0.212,91,0.197,78,0.206,45,0.142
Region 12,Region 6,0,0,0,0,0,0,0,0,0,0,0,0,0,0,0,0,0,0,0,0,0,0,0,0,0,0,0,0,0,0,0,0,0,0,0,0,0,0,0,0,0,0,0,0,0,0,0,0
Region 12,Region 7,7,0.025,4,0.023,5,0.041,2,0.025,3,0.055,1,0.023,5,0.105,8,0.098,12,0.073,15,0.04,26,0.053,26,0.056,30,0.077,22,0.058,19,0.049,15,0.037,13,0.031,21,0.044,12,0.023,21,0.043,22,0.044,11,0.024,16,0.042,11,0.035
Region 12,Region 8,0,0,0,0,0,0,0,0,0,0,0,0,0,0,0,0,1,0.006,3,0.008,1,0.002,1,0.002,2,0.005,2,0.005,0,0,0,0,0,0,0,0,1,0.002,0,0,0,0,1,0.002,0,0,0,0
Region 12,Region 9,0,0,0,0,0,0,0,0,0,0,0,0,0,0,0,0,0,0,0,0,0,0,0,0,0,0,0,0,0,0,0,0,0,0,0,0,0,0,0,0,0,0,0,0,0,0,0,0
Region 12,Region 10,0,0,0,0,1,0.008,0,0,0,0,0,0,0,0,2,0.025,0,0,1,0.003,1,0.002,2,0.004,3,0.008,1,0.003,0,0,1,0.002,1,0.002,1,0.002,4,0.008,2,0.004,0,0,1,0.002,3,0.008,3,0.009
Region 12,Region 11,0,0,0,0,0,0,0,0,0,0,0,0,0,0,0,0,0,0,0,0,0,0,0,0,0,0,0,0,0,0,0,0,0,0,0,0,0,0,0,0,0,0,0,0,0,0,0,0
Region 12,Region 12,246,0.867,121,0.71,93,0.765,55,0.682,32,0.59,39,0.882,42,0.88,75,0.923,192,1.162,506,1.336,639,1.294,376,0.817,287,0.739,250,0.659,270,0.692,288,0.702,407,0.983,532,1.105,522,0.995,487,1.008,456,0.904,393,0.852,338,0.891,248,0.78
Region 12,Region 13,5,0.018,1,0.006,2,0.016,2,0.025,0,0,0,0,0,0,3,0.037,3,0.018,7,0.018,9,0.018,15,0.033,12,0.031,7,0.018,10,0.026,8,0.02,9,0.022,9,0.019,10,0.019,15,0.031,17,0.034,13,0.028,1,0.003,6,0.019
Region 12,Region 14,78,0.275,60,0.352,49,0.403,22,0.273,26,0.48,15,0.339,28,0.587,69,0.849,89,0.539,84,0.222,96,0.194,112,0.243,119,0.307,109,0.287,120,0.307,128,0.312,91,0.22,60,0.125,48,0.091,53,0.11,65,0.129,104,0.225,95,0.25,83,0.261
Region 12,Region 15,0,0,0,0,0,0,0,0,0,0,0,0,0,0,0,0,0,0,0,0,0,0,0,0,0,0,0,0,0,0,0,0,0,0,0,0,0,0,0,0,0,0,0,0,0,0,0,0
Region 12,Region 16,0,0,0,0,0,0,0,0,0,0,0,0,0,0,0,0,0,0,0,0,0,0,0,0,0,0,0,0,0,0,0,0,0,0,0,0,0,0,0,0,0,0,0,0,0,0,0,0
Region 12,Region 17,6,0.021,5,0.029,2,0.016,3,0.037,0,0,0,0,0,0,2,0.025,1,0.006,2,0.005,0,0,0,0,3,0.008,3,0.008,4,0.01,4,0.01,2,0.005,6,0.012,3,0.006,9,0.019,4,0.008,5,0.011,7,0.018,6,0.019
Region 12,Region 18,3,0.011,0,0,0,0,0,0,1,0.018,0,0,1,0.021,1,0.012,2,0.012,9,0.024,9,0.018,6,0.013,8,0.021,8,0.021,9,0.023,9,0.022,5,0.012,6,0.012,5,0.01,9,0.019,11,0.022,3,0.007,7,0.018,3,0.009
Region 12,Region 19,33,0.116,28,0.164,18,0.148,7,0.087,8,0.148,8,0.181,6,0.126,12,0.148,35,0.212,96,0.254,87,0.176,90,0.195,52,0.134,66,0.174,82,0.21,67,0.163,90,0.217,108,0.224,101,0.192,113,0.234,78,0.155,83,0.18,47,0.124,29,0.091
Region 12,Region 20,213,0.751,127,0.745,92,0.757,75,0.93,57,1.051,57,1.29,87,1.824,171,2.103,256,1.549,368,0.972,283,0.573,275,0.597,278,0.716,316,0.833,294,0.753,303,0.739,252,0.609,276,0.573,247,0.471,238,0.493,265,0.525,287,0.622,207,0.545,188,0.591
Region 12,Region 21,3,0.011,2,0.012,1,0.008,0,0,0,0,0,0,2,0.042,4,0.049,9,0.054,9,0.024,12,0.024,26,0.056,13,0.033,9,0.024,10,0.026,7,0.017,12,0.029,12,0.025,7,0.013,11,0.023,9,0.018,6,0.013,6,0.016,4,0.013
Region 12,Region 22,26,0.092,11,0.065,8,0.066,7,0.087,3,0.055,6,0.136,5,0.105,11,0.135,24,0.145,35,0.092,37,0.075,38,0.083,30,0.077,22,0.058,24,0.061,27,0.066,36,0.087,26,0.054,31,0.059,28,0.058,28,0.055,32,0.069,28,0.074,22,0.069
Region 12,Region 23,0,0,1,0.006,1,0.008,2,0.025,0,0,0,0,1,0.021,1,0.012,2,0.012,2,0.005,4,0.008,4,0.009,6,0.015,8,0.021,6,0.015,6,0.015,6,0.014,4,0.008,6,0.011,8,0.017,10,0.02,6,0.013,4,0.011,5,0.016
Region 12,Region 24,3,0.011,0,0,0,0,0,0,0,0,0,0,0,0,0,0,0,0,2,0.005,3,0.006,5,0.011,1,0.003,0,0,1,0.003,0,0,3,0.007,1,0.002,2,0.004,2,0.004,2,0.004,2,0.004,0,0,0,0
Region 12,Region 25,0,0,1,0.006,0,0,1,0.012,0,0,0,0,0,0,0,0,2,0.012,2,0.005,0,0,1,0.002,4,0.01,2,0.005,1,0.003,3,0.007,3,0.007,1,0.002,3,0.006,4,0.008,3,0.006,2,0.004,1,0.003,2,0.006
Region 12,Region 26,2,0.007,1,0.006,0,0,0,0,0,0,0,0,0,0,0,0,0,0,0,0,0,0,1,0.002,1,0.003,1,0.003,1,0.003,1,0.002,2,0.005,2,0.004,1,0.002,0,0,1,0.002,1,0.002,0,0,0,0
Region 12,Region 27,0,0,1,0.006,0,0,0,0,0,0,0,0,0,0,1,0.012,0,0,0,0,1,0.002,1,0.002,1,0.003,1,0.003,4,0.01,1,0.002,0,0,0,0,0,0,0,0,0,0,0,0,0,0,0,0
Region 12,Region 28,0,0,0,0,1,0.008,0,0,0,0,0,0,0,0,0,0,1,0.006,1,0.003,2,0.004,1,0.002,1,0.003,3,0.008,3,0.008,1,0.002,0,0,2,0.004,2,0.004,0,0,1,0.002,1,0.002,0,0,0,0
Region 12,Region 29,47,0.166,42,0.246,32,0.263,25,0.31,15,0.277,12,0.271,23,0.482,39,0.48,114,0.69,190,0.502,129,0.261,164,0.356,115,0.296,113,0.298,112,0.287,106,0.258,110,0.266,103,0.214,79,0.151,84,0.174,111,0.22,113,0.245,72,0.19,59,0.186
Region 12,Region 30,5,0.018,2,0.012,2,0.016,0,0,0,0,1,0.023,1,0.021,2,0.025,1,0.006,2,0.005,13,0.026,11,0.024,10,0.026,11,0.029,16,0.041,6,0.015,4,0.01,5,0.01,5,0.01,8,0.017,10,0.02,2,0.004,5,0.013,7,0.022
Region 12,Region 31,11,0.039,5,0.029,7,0.058,4,0.05,0,0,0,0,2,0.042,5,0.062,6,0.036,21,0.055,22,0.045,19,0.041,27,0.07,17,0.045,11,0.028,13,0.032,16,0.039,18,0.037,11,0.021,17,0.035,26,0.052,16,0.035,12,0.032,15,0.047
Region 12,Region 32,0,0,0,0,1,0.008,2,0.025,1,0.018,3,0.068,1,0.021,3,0.037,5,0.03,7,0.018,1,0.002,3,0.007,2,0.005,1,0.003,5,0.013,2,0.005,2,0.005,4,0.008,3,0.006,2,0.004,2,0.004,3,0.007,3,0.008,3,0.009
Region 12,Region 33,0,0,0,0,1,0.008,0,0,0,0,0,0,0,0,0,0,1,0.006,5,0.013,2,0.004,4,0.009,3,0.008,1,0.003,1,0.003,0,0,1,0.002,1,0.002,1,0.002,6,0.012,4,0.008,4,0.009,4,0.011,1,0.003
Region 12,Region 34,0,0,0,0,0,0,0,0,0,0,0,0,0,0,0,0,0,0,0,0,0,0,0,0,0,0,0,0,0,0,0,0,0,0,0,0,0,0,0,0,0,0,0,0,0,0,0,0
Region 12,Region 35,0,0,0,0,0,0,0,0,0,0,0,0,0,0,0,0,0,0,0,0,1,0.002,0,0,0,0,0,0,0,0,0,0,0,0,0,0,0,0,0,0,0,0,0,0,0,0,0,0
Region 12,Region 36,1,0.004,1,0.006,1,0.008,1,0.012,0,0,0,0,0,0,3,0.037,4,0.024,3,0.008,5,0.01,4,0.009,3,0.008,5,0.013,1,0.003,2,0.005,2,0.005,2,0.004,2,0.004,0,0,1,0.002,2,0.004,4,0.011,1,0.003
Region 12,Region 37,9,0.032,0,0,2,0.016,2,0.025,1,0.018,0,0,0,0,0,0,2,0.012,3,0.008,6,0.012,7,0.015,2,0.005,3,0.008,7,0.018,8,0.02,8,0.019,2,0.004,7,0.013,10,0.021,12,0.024,8,0.017,7,0.018,6,0.019
Region 12,Region 38,7,0.025,6,0.035,2,0.016,4,0.05,3,0.055,2,0.045,1,0.021,2,0.025,4,0.024,14,0.037,12,0.024,21,0.046,12,0.031,17,0.045,10,0.026,17,0.041,10,0.024,9,0.019,11,0.021,5,0.01,14,0.028,13,0.028,15,0.04,7,0.022
Region 12,Region 39,1,0.004,0,0,0,0,0,0,0,0,0,0,0,0,0,0,0,0,1,0.003,2,0.004,0,0,1,0.003,1,0.003,1,0.003,0,0,0,0,1,0.002,1,0.002,0,0,0,0,0,0,1,0.003,0,0
Region 12,Region 40,0,0,0,0,0,0,0,0,0,0,0,0,0,0,0,0,0,0,0,0,0,0,0,0,0,0,0,0,0,0,0,0,0,0,0,0,0,0,0,0,0,0,0,0,0,0,0,0
Region 12,Region 41,11,0.039,9,0.053,8,0.066,4,0.05,4,0.074,4,0.09,8,0.168,11,0.135,18,0.109,16,0.042,8,0.016,10,0.022,16,0.041,19,0.05,16,0.041,14,0.034,9,0.022,11,0.023,13,0.025,10,0.021,8,0.016,7,0.015,7,0.018,8,0.025
Region 12,Region 42,0,0,0,0,0,0,0,0,0,0,0,0,0,0,0,0,0,0,0,0,0,0,0,0,0,0,0,0,0,0,0,0,0,0,0,0,0,0,0,0,0,0,0,0,0,0,0,0
Region 12,Region 43,3,0.011,0,0,1,0.008,0,0,0,0,0,0,0,0,0,0,2,0.012,6,0.016,2,0.004,4,0.009,5,0.013,1,0.003,3,0.008,6,0.015,4,0.01,4,0.008,2,0.004,1,0.002,1,0.002,6,0.013,0,0,1,0.003
Region 12,Region 44,0,0,0,0,0,0,0,0,0,0,0,0,0,0,0,0,0,0,0,0,0,0,0,0,0,0,0,0,0,0,0,0,0,0,0,0,0,0,0,0,0,0,0,0,0,0,0,0
Region 12,Region 45,9,0.032,12,0.07,6,0.049,3,0.037,4,0.074,4,0.09,0,0,4,0.049,17,0.103,21,0.055,19,0.038,22,0.048,14,0.036,21,0.055,15,0.038,21,0.051,21,0.051,8,0.017,9,0.017,15,0.031,32,0.063,23,0.05,22,0.058,8,0.025
Region 12,Region 46,4,0.014,1,0.006,1,0.008,0,0,0,0,0,0,0,0,3,0.037,6,0.036,12,0.032,19,0.038,20,0.043,11,0.028,9,0.024,11,0.028,8,0.02,9,0.022,9,0.019,9,0.017,5,0.01,8,0.016,4,0.009,5,0.013,6,0.019
Region 12,Region 47,8,0.028,6,0.035,3,0.025,1,0.012,0,0,0,0,1,0.021,4,0.049,9,0.054,12,0.032,16,0.032,12,0.026,15,0.039,7,0.018,7,0.018,6,0.015,8,0.019,5,0.01,10,0.019,6,0.012,15,0.03,13,0.028,9,0.024,5,0.016
Region 12,Region 48,6,0.021,3,0.018,3,0.025,2,0.025,2,0.037,0,0,1,0.021,3,0.037,10,0.061,33,0.087,35,0.071,39,0.085,40,0.103,43,0.113,32,0.082,29,0.071,22,0.053,19,0.039,22,0.042,19,0.039,19,0.038,17,0.037,15,0.04,14,0.044
Region 12,Region 49,5,0.018,2,0.012,6,0.049,4,0.05,3,0.055,2,0.045,0,0,4,0.049,0,0,3,0.008,8,0.016,13,0.028,7,0.018,10,0.026,9,0.023,11,0.027,8,0.019,10,0.021,11,0.021,7,0.014,5,0.01,9,0.02,17,0.045,5,0.016
Region 12,Region 50,10,0.035,6,0.035,3,0.025,4,0.05,0,0,2,0.045,1,0.021,4,0.049,7,0.042,8,0.021,17,0.034,9,0.02,11,0.028,13,0.034,13,0.033,8,0.02,6,0.014,15,0.031,16,0.03,8,0.017,13,0.026,9,0.02,7,0.018,7,0.022
Region 12,Region 51,7,0.025,3,0.018,0,0,2,0.025,1,0.018,2,0.045,0,0,4,0.049,5,0.03,7,0.018,7,0.014,17,0.037,18,0.046,14,0.037,10,0.026,13,0.032,16,0.039,12,0.025,15,0.029,12,0.025,19,0.038,18,0.039,14,0.037,13,0.041
Region 12,Region 52,9,0.032,10,0.059,4,0.033,2,0.025,3,0.055,1,0.023,1,0.021,4,0.049,4,0.024,6,0.016,11,0.022,12,0.026,6,0.015,11,0.029,19,0.049,14,0.034,7,0.017,14,0.029,21,0.04,20,0.041,11,0.022,9,0.02,7,0.018,10,0.031
Region 12,Region 53,1,0.004,1,0.006,1,0.008,0,0,0,0,0,0,0,0,1,0.012,4,0.024,12,0.032,16,0.032,11,0.024,4,0.01,10,0.026,6,0.015,5,0.012,4,0.01,9,0.019,5,0.01,7,0.014,7,0.014,5,0.011,6,0.016,5,0.016
Region 12,Region 54,40,0.141,39,0.229,14,0.115,5,0.062,5,0.092,4,0.09,2,0.042,13,0.16,20,0.121,51,0.135,70,0.142,52,0.113,41,0.106,45,0.119,47,0.12,56,0.137,73,0.176,104,0.216,97,0.185,103,0.213,98,0.194,78,0.169,81,0.213,44,0.138
Region 12,Region 55,0,0,0,0,0,0,0,0,0,0,0,0,0,0,0,0,0,0,0,0,2,0.004,0,0,4,0.01,2,0.005,0,0,1,0.002,1,0.002,2,0.004,1,0.002,1,0.002,1,0.002,2,0.004,0,0,2,0.006
Region 12,Region 56,2,0.007,0,0,0,0,0,0,0,0,0,0,1,0.021,0,0,0,0,2,0.005,2,0.004,4,0.009,2,0.005,3,0.008,1,0.003,1,0.002,2,0.005,2,0.004,2,0.004,4,0.008,3,0.006,1,0.002,3,0.008,1,0.003
Region 12,Region 57,1,0.004,1,0.006,0,0,0,0,0,0,0,0,0,0,0,0,1,0.006,1,0.003,0,0,4,0.009,2,0.005,2,0.005,2,0.005,5,0.012,2,0.005,2,0.004,3,0.006,6,0.012,5,0.01,2,0.004,2,0.005,1,0.003
Region 12,Region 58,0,0,0,0,0,0,0,0,0,0,0,0,0,0,0,0,0,0,0,0,0,0,0,0,1,0.003,1,0.003,1,0.003,0,0,0,0,0,0,0,0,0,0,0,0,0,0,0,0,0,0
Region 12,Region 59,0,0,0,0,0,0,0,0,0,0,0,0,0,0,0,0,0,0,0,0,0,0,0,0,0,0,0,0,0,0,0,0,0,0,0,0,0,0,0,0,0,0,0,0,0,0,0,0
Region 12,Region 60,7,0.025,6,0.035,3,0.025,0,0,2,0.037,3,0.068,3,0.063,9,0.111,41,0.248,92,0.243,69,0.14,62,0.135,64,0.165,62,0.164,44,0.113,44,0.107,29,0.07,31,0.064,17,0.032,15,0.031,17,0.034,25,0.054,14,0.037,9,0.028
Region 12,Region 61,0,0,1,0.006,0,0,0,0,0,0,0,0,0,0,3,0.037,4,0.024,5,0.013,2,0.004,2,0.004,2,0.005,3,0.008,2,0.005,3,0.007,0,0,0,0,1,0.002,1,0.002,2,0.004,4,0.009,3,0.008,2,0.006
Region 12,Region 62,13,0.046,5,0.029,1,0.008,3,0.037,0,0,2,0.045,0,0,3,0.037,4,0.024,7,0.018,11,0.022,13,0.028,17,0.044,13,0.034,15,0.038,14,0.034,12,0.029,11,0.023,15,0.029,18,0.037,11,0.022,12,0.026,17,0.045,13,0.041
Region 12,Region 63,0,0,0,0,0,0,0,0,0,0,0,0,0,0,0,0,0,0,0,0,0,0,0,0,0,0,0,0,0,0,0,0,0,0,0,0,0,0,0,0,0,0,0,0,0,0,0,0
Region 12,Region 64,17,0.06,13,0.076,10,0.082,5,0.062,6,0.111,5,0.113,1,0.021,4,0.049,13,0.079,44,0.116,72,0.146,42,0.091,24,0.062,25,0.066,29,0.074,30,0.073,30,0.072,27,0.056,22,0.042,36,0.075,50,0.099,46,0.1,21,0.055,13,0.041
Region 12,Region 65,3,0.011,2,0.012,5,0.041,4,0.05,1,0.018,0,0,0,0,2,0.025,3,0.018,10,0.026,7,0.014,9,0.02,7,0.018,7,0.018,4,0.01,6,0.015,7,0.017,12,0.025,15,0.029,14,0.029,10,0.02,10,0.022,11,0.029,10,0.031
Region 12,Region 66,6,0.021,2,0.012,3,0.025,0,0,0,0,0,0,0,0,2,0.025,9,0.054,19,0.05,8,0.016,5,0.011,5,0.013,12,0.032,5,0.013,7,0.017,6,0.014,8,0.017,4,0.008,6,0.012,6,0.012,12,0.026,7,0.018,3,0.009
Region 12,Region 67,8,0.028,2,0.012,3,0.025,5,0.062,1,0.018,0,0,1,0.021,6,0.074,9,0.054,19,0.05,23,0.047,26,0.056,26,0.067,20,0.053,20,0.051,18,0.044,8,0.019,11,0.023,6,0.011,9,0.019,8,0.016,12,0.026,6,0.016,5,0.016
Region 12,Region 68,9,0.032,5,0.029,3,0.025,2,0.025,2,0.037,1,0.023,2,0.042,1,0.012,13,0.079,36,0.095,50,0.101,25,0.054,16,0.041,27,0.071,18,0.046,18,0.044,18,0.043,18,0.037,17,0.032,16,0.033,20,0.04,25,0.054,14,0.037,10,0.031
Region 12,Region 69,9,0.032,8,0.047,4,0.033,4,0.05,5,0.092,4,0.09,5,0.105,3,0.037,12,0.073,20,0.053,29,0.059,30,0.065,32,0.082,34,0.09,20,0.051,28,0.068,19,0.046,19,0.039,15,0.029,19,0.039,31,0.061,30,0.065,25,0.066,22,0.069
Region 12,Region 70,6,0.021,4,0.023,2,0.016,4,0.05,4,0.074,5,0.113,2,0.042,7,0.086,11,0.067,14,0.037,20,0.04,22,0.048,21,0.054,25,0.066,22,0.056,24,0.059,21,0.051,22,0.046,11,0.021,9,0.019,8,0.016,16,0.035,17,0.045,14,0.044
Region 12,Region 71,1,0.004,1,0.006,1,0.008,0,0,1,0.018,1,0.023,1,0.021,3,0.037,5,0.03,2,0.005,2,0.004,5,0.011,2,0.005,5,0.013,4,0.01,7,0.017,5,0.012,7,0.015,9,0.017,7,0.014,10,0.02,12,0.026,9,0.024,4,0.013
Region 12,Region 72,0,0,0,0,0,0,0,0,0,0,0,0,0,0,0,0,0,0,0,0,0,0,0,0,0,0,0,0,0,0,0,0,0,0,0,0,0,0,0,0,0,0,0,0,0,0,0,0
Region 12,Region 73,0,0,0,0,0,0,0,0,0,0,0,0,0,0,0,0,1,0.006,0,0,0,0,0,0,0,0,0,0,0,0,0,0,0,0,0,0,0,0,0,0,0,0,0,0,0,0,0,0
Region 12,Region 74,39,0.138,27,0.158,21,0.173,7,0.087,7,0.129,10,0.226,6,0.126,15,0.185,35,0.212,53,0.14,100,0.202,60,0.13,58,0.149,46,0.121,52,0.133,48,0.117,53,0.128,101,0.21,120,0.229,105,0.217,99,0.196,81,0.176,101,0.266,68,0.214
Region 12,Region 75,0,0,0,0,0,0,0,0,0,0,0,0,0,0,1,0.012,2,0.012,3,0.008,8,0.016,5,0.011,3,0.008,2,0.005,1,0.003,0,0,0,0,2,0.004,1,0.002,1,0.002,2,0.004,1,0.002,0,0,2,0.006
Region 13,Region 0,3,0.011,3,0.018,0,0,0,0,0,0,0,0,0,0,0,0,1,0.006,0,0,1,0.002,2,0.004,1,0.003,1,0.003,2,0.005,1,0.002,3,0.007,2,0.004,3,0.006,4,0.008,5,0.01,4,0.009,7,0.018,4,0.013
Region 13,Region 1,0,0,0,0,0,0,0,0,0,0,0,0,0,0,0,0,0,0,0,0,0,0,0,0,0,0,0,0,1,0.003,0,0,0,0,0,0,0,0,0,0,0,0,0,0,0,0,0,0
Region 13,Region 2,0,0,1,0.006,2,0.016,0,0,0,0,0,0,0,0,0,0,0,0,2,0.005,1,0.002,2,0.004,4,0.01,4,0.011,2,0.005,5,0.012,2,0.005,1,0.002,0,0,0,0,3,0.006,0,0,1,0.003,1,0.003
Region 13,Region 3,0,0,1,0.006,1,0.008,0,0,0,0,0,0,0,0,0,0,0,0,1,0.003,2,0.004,4,0.009,0,0,1,0.003,1,0.003,0,0,3,0.007,3,0.006,3,0.006,1,0.002,6,0.012,3,0.007,3,0.008,1,0.003
Region 13,Region 4,8,0.028,3,0.018,3,0.025,1,0.012,1,0.018,1,0.023,0,0,1,0.012,1,0.006,6,0.016,4,0.008,5,0.011,1,0.003,8,0.021,13,0.033,12,0.029,7,0.017,7,0.015,20,0.038,10,0.021,16,0.032,15,0.033,9,0.024,13,0.041
Region 13,Region 5,2,0.007,0,0,0,0,0,0,0,0,0,0,0,0,0,0,2,0.012,1,0.003,3,0.006,2,0.004,2,0.005,2,0.005,1,0.003,1,0.002,1,0.002,1,0.002,2,0.004,0,0,2,0.004,0,0,1,0.003,2,0.006
Region 13,Region 6,0,0,0,0,0,0,0,0,0,0,0,0,0,0,0,0,0,0,0,0,0,0,0,0,0,0,0,0,0,0,0,0,0,0,0,0,0,0,0,0,0,0,0,0,0,0,0,0
Region 13,Region 7,1,0.004,0,0,1,0.008,0,0,0,0,0,0,0,0,1,0.012,1,0.006,4,0.011,5,0.01,3,0.007,7,0.018,4,0.011,4,0.01,2,0.005,2,0.005,2,0.004,6,0.011,5,0.01,2,0.004,3,0.007,1,0.003,0,0
Region 13,Region 8,0,0,0,0,0,0,0,0,0,0,0,0,0,0,0,0,0,0,0,0,0,0,0,0,1,0.003,0,0,2,0.005,0,0,0,0,1,0.002,0,0,0,0,0,0,0,0,1,0.003,0,0
Region 13,Region 9,0,0,0,0,0,0,0,0,0,0,0,0,0,0,0,0,0,0,0,0,0,0,0,0,0,0,0,0,0,0,0,0,0,0,0,0,0,0,0,0,0,0,0,0,0,0,0,0
Region 13,Region 10,1,0.004,0,0,0,0,0,0,0,0,0,0,0,0,0,0,0,0,1,0.003,2,0.004,1,0.002,3,0.008,1,0.003,0,0,5,0.012,1,0.002,1,0.002,4,0.008,5,0.01,5,0.01,3,0.007,3,0.008,2,0.006
Region 13,Region 11,0,0,0,0,0,0,0,0,0,0,0,0,0,0,0,0,0,0,0,0,0,0,0,0,0,0,0,0,0,0,0,0,0,0,0,0,0,0,0,0,0,0,0,0,0,0,0,0
Region 13,Region 12,5,0.018,3,0.018,0,0,1,0.012,1,0.018,2,0.045,0,0,4,0.049,9,0.054,20,0.053,29,0.059,12,0.026,12,0.031,15,0.04,6,0.015,20,0.049,12,0.029,7,0.015,12,0.023,15,0.031,16,0.032,9,0.02,4,0.011,4,0.013
Region 13,Region 13,41,0.145,18,0.106,16,0.132,9,0.112,3,0.055,7,0.158,1,0.021,1,0.012,4,0.024,28,0.074,47,0.095,77,0.167,65,0.167,62,0.164,68,0.174,72,0.176,68,0.164,81,0.168,71,0.135,73,0.151,72,0.143,84,0.182,78,0.206,38,0.12
Region 13,Region 14,11,0.039,5,0.029,2,0.016,3,0.037,1,0.018,5,0.113,5,0.105,16,0.197,12,0.073,17,0.045,31,0.063,27,0.059,25,0.064,16,0.042,19,0.049,12,0.029,14,0.034,10,0.021,7,0.013,11,0.023,13,0.026,12,0.026,12,0.032,21,0.066
Region 13,Region 15,0,0,0,0,0,0,0,0,0,0,0,0,0,0,0,0,0,0,0,0,0,0,0,0,0,0,0,0,0,0,0,0,0,0,0,0,0,0,0,0,0,0,0,0,0,0,0,0
Region 13,Region 16,0,0,0,0,0,0,0,0,0,0,0,0,0,0,0,0,0,0,0,0,0,0,0,0,0,0,0,0,0,0,0,0,0,0,0,0,0,0,0,0,0,0,0,0,0,0,0,0
Region 13,Region 17,9,0.032,2,0.012,2,0.016,0,0,1,0.018,1,0.023,1,0.021,0,0,1,0.006,2,0.005,0,0,6,0.013,5,0.013,6,0.016,7,0.018,7,0.017,11,0.027,5,0.01,9,0.017,6,0.012,1,0.002,7,0.015,10,0.026,11,0.035
Region 13,Region 18,0,0,0,0,0,0,0,0,0,0,0,0,0,0,0,0,0,0,2,0.005,2,0.004,1,0.002,2,0.005,3,0.008,4,0.01,4,0.01,6,0.014,1,0.002,3,0.006,3,0.006,3,0.006,3,0.007,4,0.011,0,0
Region 13,Region 19,1,0.004,0,0,0,0,0,0,0,0,0,0,0,0,0,0,0,0,3,0.008,2,0.004,2,0.004,1,0.003,3,0.008,1,0.003,0,0,4,0.01,3,0.006,2,0.004,0,0,2,0.004,1,0.002,4,0.011,0,0
Region 13,Region 20,3,0.011,2,0.012,0,0,2,0.025,0,0,0,0,0,0,2,0.025,3,0.018,4,0.011,1,0.002,2,0.004,2,0.005,0,0,3,0.008,2,0.005,1,0.002,0,0,1,0.002,2,0.004,0,0,0,0,0,0,0,0
Region 13,Region 21,0,0,0,0,1,0.008,0,0,0,0,0,0,0,0,0,0,1,0.006,1,0.003,5,0.01,8,0.017,1,0.003,1,0.003,2,0.005,2,0.005,2,0.005,4,0.008,2,0.004,2,0.004,5,0.01,3,0.007,2,0.005,0,0
Region 13,Region 22,0,0,0,0,0,0,0,0,0,0,0,0,0,0,0,0,2,0.012,3,0.008,3,0.006,2,0.004,3,0.008,5,0.013,3,0.008,4,0.01,5,0.012,3,0.006,3,0.006,1,0.002,0,0,1,0.002,2,0.005,1,0.003
Region 13,Region 23,11,0.039,1,0.006,2,0.016,3,0.037,0,0,0,0,0,0,1,0.012,1,0.006,1,0.003,1,0.002,3,0.007,6,0.015,4,0.011,5,0.013,2,0.005,6,0.014,10,0.021,11,0.021,14,0.029,9,0.018,16,0.035,6,0.016,6,0.019
Region 13,Region 24,0,0,1,0.006,0,0,0,0,0,0,0,0,0,0,0,0,0,0,0,0,0,0,0,0,2,0.005,0,0,1,0.003,0,0,1,0.002,0,0,0,0,0,0,1,0.002,0,0,1,0.003,0,0
Region 13,Region 25,4,0.014,0,0,1,0.008,1,0.012,0,0,0,0,0,0,1,0.012,1,0.006,27,0.071,0,0,2,0.004,2,0.005,5,0.013,4,0.01,6,0.015,4,0.01,1,0.002,4,0.008,6,0.012,2,0.004,4,0.009,8,0.021,5,0.016
Region 13,Region 26,0,0,0,0,0,0,0,0,0,0,0,0,0,0,0,0,0,0,0,0,1,0.002,0,0,0,0,0,0,0,0,1,0.002,0,0,0,0,0,0,0,0,1,0.002,0,0,0,0,0,0
Region 13,Region 27,1,0.004,0,0,0,0,0,0,2,0.037,0,0,0,0,1,0.012,0,0,0,0,1,0.002,2,0.004,1,0.003,2,0.005,1,0.003,5,0.012,0,0,3,0.006,2,0.004,6,0.012,4,0.008,2,0.004,1,0.003,2,0.006
Region 13,Region 28,5,0.018,1,0.006,0,0,0,0,0,0,0,0,0,0,0,0,0,0,0,0,4,0.008,0,0,3,0.008,2,0.005,6,0.015,3,0.007,2,0.005,2,0.004,1,0.002,7,0.014,2,0.004,4,0.009,4,0.011,4,0.013
Region 13,Region 29,1,0.004,2,0.012,2,0.016,0,0,1,0.018,1,0.023,0,0,1,0.012,3,0.018,3,0.008,9,0.018,6,0.013,3,0.008,6,0.016,3,0.008,2,0.005,3,0.007,2,0.004,5,0.01,1,0.002,3,0.006,3,0.007,2,0.005,3,0.009
Region 13,Region 30,0,0,2,0.012,0,0,2,0.025,0,0,0,0,0,0,0,0,0,0,3,0.008,2,0.004,0,0,2,0.005,0,0,4,0.01,4,0.01,2,0.005,3,0.006,3,0.006,1,0.002,2,0.004,4,0.009,2,0.005,0,0
Region 13,Region 31,1,0.004,1,0.006,1,0.008,0,0,0,0,0,0,0,0,0,0,1,0.006,1,0.003,4,0.008,8,0.017,4,0.01,5,0.013,3,0.008,2,0.005,4,0.01,4,0.008,0,0,3,0.006,2,0.004,3,0.007,0,0,2,0.006
Region 13,Region 32,5,0.018,3,0.018,0,0,1,0.012,0,0,0,0,0,0,0,0,0,0,2,0.005,1,0.002,1,0.002,3,0.008,2,0.005,5,0.013,10,0.024,5,0.012,7,0.015,3,0.006,5,0.01,7,0.014,12,0.026,4,0.011,1,0.003
Region 13,Region 33,0,0,2,0.012,0,0,0,0,0,0,0,0,1,0.021,0,0,0,0,1,0.003,3,0.006,1,0.002,5,0.013,2,0.005,5,0.013,5,0.012,6,0.014,1,0.002,5,0.01,3,0.006,6,0.012,3,0.007,5,0.013,4,0.013
Region 13,Region 34,0,0,0,0,0,0,0,0,0,0,0,0,0,0,0,0,0,0,0,0,0,0,0,0,0,0,0,0,0,0,0,0,0,0,0,0,0,0,0,0,0,0,0,0,0,0,0,0
Region 13,Region 35,0,0,0,0,0,0,0,0,0,0,0,0,0,0,0,0,0,0,0,0,0,0,0,0,0,0,0,0,0,0,0,0,0,0,0,0,0,0,0,0,0,0,0,0,0,0,0,0
Region 13,Region 36,2,0.007,1,0.006,1,0.008,0,0,1,0.018,0,0,1,0.021,2,0.025,1,0.006,13,0.034,2,0.004,2,0.004,1,0.003,6,0.016,10,0.026,1,0.002,5,0.012,1,0.002,7,0.013,9,0.019,5,0.01,11,0.024,6,0.016,7,0.022
Region 13,Region 37,3,0.011,2,0.012,0,0,0,0,1,0.018,0,0,0,0,0,0,1,0.006,0,0,4,0.008,8,0.017,2,0.005,1,0.003,2,0.005,7,0.017,9,0.022,3,0.006,7,0.013,3,0.006,6,0.012,4,0.009,7,0.018,5,0.016
Region 13,Region 38,2,0.007,1,0.006,0,0,0,0,1,0.018,0,0,1,0.021,1,0.012,0,0,1,0.003,3,0.006,4,0.009,0,0,5,0.013,2,0.005,2,0.005,0,0,1,0.002,1,0.002,2,0.004,2,0.004,5,0.011,3,0.008,1,0.003
Region 13,Region 39,0,0,0,0,0,0,0,0,0,0,0,0,0,0,0,0,0,0,0,0,0,0,0,0,0,0,0,0,0,0,0,0,0,0,1,0.002,0,0,0,0,1,0.002,1,0.002,0,0,0,0
Region 13,Region 40,0,0,0,0,0,0,0,0,0,0,0,0,0,0,0,0,0,0,0,0,0,0,0,0,0,0,0,0,0,0,0,0,0,0,0,0,0,0,0,0,0,0,0,0,0,0,0,0
Region 13,Region 41,0,0,0,0,0,0,2,0.025,1,0.018,1,0.023,0,0,1,0.012,3,0.018,11,0.029,12,0.024,4,0.009,2,0.005,0,0,2,0.005,1,0.002,1,0.002,2,0.004,1,0.002,2,0.004,2,0.004,2,0.004,2,0.005,0,0
Region 13,Region 42,0,0,0,0,0,0,0,0,0,0,0,0,0,0,0,0,0,0,0,0,0,0,0,0,0,0,0,0,0,0,0,0,0,0,0,0,0,0,0,0,0,0,0,0,0,0,0,0
Region 13,Region 43,2,0.007,1,0.006,0,0,0,0,0,0,0,0,0,0,0,0,0,0,0,0,1,0.002,2,0.004,1,0.003,1,0.003,3,0.008,3,0.007,2,0.005,1,0.002,2,0.004,0,0,3,0.006,0,0,0,0,0,0
Region 13,Region 44,0,0,0,0,0,0,0,0,0,0,0,0,0,0,0,0,0,0,0,0,0,0,0,0,0,0,0,0,0,0,0,0,0,0,0,0,0,0,0,0,0,0,0,0,0,0,0,0
Region 13,Region 45,3,0.011,0,0,0,0,0,0,0,0,0,0,0,0,1,0.012,1,0.006,1,0.003,2,0.004,3,0.007,1,0.003,3,0.008,2,0.005,4,0.01,5,0.012,2,0.004,2,0.004,0,0,2,0.004,4,0.009,0,0,1,0.003
Region 13,Region 46,13,0.046,8,0.047,5,0.041,4,0.05,2,0.037,1,0.023,1,0.021,1,0.012,6,0.036,24,0.063,33,0.067,39,0.085,49,0.126,47,0.124,47,0.12,58,0.141,53,0.128,50,0.104,56,0.107,53,0.11,49,0.097,48,0.104,42,0.111,23,0.072
Region 13,Region 47,5,0.018,1,0.006,0,0,0,0,0,0,0,0,0,0,3,0.037,2,0.012,16,0.042,29,0.059,12,0.026,14,0.036,12,0.032,12,0.031,12,0.029,4,0.01,13,0.027,5,0.01,11,0.023,17,0.034,3,0.007,8,0.021,6,0.019
Region 13,Region 48,3,0.011,0,0,0,0,0,0,2,0.037,1,0.023,0,0,1,0.012,1,0.006,4,0.011,15,0.03,7,0.015,6,0.015,5,0.013,4,0.01,6,0.015,4,0.01,2,0.004,0,0,5,0.01,0,0,8,0.017,3,0.008,1,0.003
Region 13,Region 49,3,0.011,1,0.006,1,0.008,0,0,0,0,0,0,0,0,1,0.012,0,0,1,0.003,1,0.002,1,0.002,3,0.008,2,0.005,2,0.005,3,0.007,4,0.01,2,0.004,1,0.002,0,0,1,0.002,4,0.009,0,0,1,0.003
Region 13,Region 50,6,0.021,1,0.006,2,0.016,3,0.037,0,0,0,0,1,0.021,1,0.012,3,0.018,5,0.013,11,0.022,9,0.02,14,0.036,12,0.032,12,0.031,14,0.034,11,0.027,10,0.021,15,0.029,19,0.039,12,0.024,22,0.048,19,0.05,16,0.05
Region 13,Region 51,1,0.004,0,0,0,0,1,0.012,0,0,0,0,0,0,0,0,0,0,1,0.003,0,0,2,0.004,2,0.005,1,0.003,1,0.003,1,0.002,0,0,2,0.004,3,0.006,1,0.002,4,0.008,4,0.009,4,0.011,1,0.003
Region 13,Region 52,19,0.067,9,0.053,4,0.033,2,0.025,2,0.037,0,0,0,0,2,0.025,3,0.018,5,0.013,16,0.032,22,0.048,16,0.041,18,0.047,14,0.036,19,0.046,16,0.039,26,0.054,25,0.048,17,0.035,33,0.065,39,0.085,26,0.069,13,0.041
Region 13,Region 53,0,0,0,0,0,0,0,0,0,0,0,0,0,0,0,0,1,0.006,2,0.005,5,0.01,3,0.007,1,0.003,1,0.003,0,0,1,0.002,2,0.005,0,0,0,0,1,0.002,1,0.002,0,0,2,0.005,0,0
Region 13,Region 54,0,0,0,0,1,0.008,0,0,0,0,0,0,0,0,0,0,1,0.006,4,0.011,2,0.004,0,0,0,0,2,0.005,0,0,0,0,0,0,1,0.002,1,0.002,1,0.002,3,0.006,0,0,1,0.003,1,0.003
Region 13,Region 55,2,0.007,0,0,1,0.008,1,0.012,1,0.018,0,0,0,0,0,0,0,0,2,0.005,0,0,1,0.002,1,0.003,3,0.008,2,0.005,1,0.002,0,0,4,0.008,2,0.004,3,0.006,7,0.014,5,0.011,2,0.005,1,0.003
Region 13,Region 56,3,0.011,1,0.006,2,0.016,2,0.025,0,0,0,0,0,0,0,0,1,0.006,6,0.016,9,0.018,2,0.004,6,0.015,8,0.021,4,0.01,8,0.02,8,0.019,3,0.006,9,0.017,10,0.021,13,0.026,9,0.02,13,0.034,2,0.006
Region 13,Region 57,5,0.018,1,0.006,2,0.016,1,0.012,0,0,0,0,0,0,0,0,1,0.006,3,0.008,6,0.012,7,0.015,0,0,4,0.011,5,0.013,7,0.017,3,0.007,8,0.017,11,0.021,4,0.008,8,0.016,5,0.011,10,0.026,5,0.016
Region 13,Region 58,0,0,0,0,0,0,0,0,0,0,0,0,0,0,0,0,0,0,1,0.003,0,0,0,0,0,0,0,0,0,0,0,0,0,0,0,0,0,0,0,0,0,0,0,0,0,0,0,0
Region 13,Region 59,0,0,0,0,0,0,0,0,0,0,0,0,0,0,0,0,0,0,0,0,0,0,0,0,0,0,0,0,0,0,0,0,0,0,0,0,0,0,0,0,0,0,0,0,0,0,0,0
Region 13,Region 60,0,0,1,0.006,0,0,0,0,0,0,0,0,0,0,1,0.012,0,0,3,0.008,6,0.012,10,0.022,1,0.003,0,0,2,0.005,1,0.002,2,0.005,3,0.006,3,0.006,1,0.002,1,0.002,3,0.007,1,0.003,0,0
Region 13,Region 61,0,0,0,0,0,0,0,0,0,0,0,0,0,0,0,0,0,0,2,0.005,0,0,0,0,1,0.003,1,0.003,0,0,0,0,1,0.002,1,0.002,0,0,0,0,0,0,1,0.002,0,0,0,0
Region 13,Region 62,26,0.092,16,0.094,3,0.025,5,0.062,4,0.074,3,0.068,6,0.126,7,0.086,13,0.079,33,0.087,32,0.065,24,0.052,42,0.108,28,0.074,41,0.105,43,0.105,36,0.087,46,0.096,53,0.101,55,0.114,61,0.121,69,0.15,42,0.111,31,0.097
Region 13,Region 63,0,0,0,0,0,0,0,0,0,0,0,0,0,0,0,0,0,0,0,0,0,0,0,0,0,0,0,0,0,0,0,0,0,0,0,0,0,0,0,0,0,0,0,0,0,0,0,0
Region 13,Region 64,2,0.007,1,0.006,0,0,0,0,0,0,0,0,0,0,0,0,0,0,1,0.003,7,0.014,2,0.004,2,0.005,2,0.005,2,0.005,0,0,0,0,1,0.002,4,0.008,1,0.002,2,0.004,0,0,0,0,0,0
Region 13,Region 65,43,0.152,16,0.094,5,0.041,2,0.025,2,0.037,1,0.023,2,0.042,2,0.025,7,0.042,13,0.034,19,0.038,22,0.048,31,0.08,23,0.061,24,0.061,30,0.073,37,0.089,44,0.091,48,0.091,60,0.124,52,0.103,44,0.095,39,0.103,31,0.097
Region 13,Region 66,11,0.039,7,0.041,4,0.033,2,0.025,2,0.037,2,0.045,1,0.021,3,0.037,3,0.018,3,0.008,11,0.022,10,0.022,6,0.015,11,0.029,20,0.051,10,0.024,18,0.043,15,0.031,17,0.032,12,0.025,17,0.034,24,0.052,16,0.042,17,0.053
Region 13,Region 67,6,0.021,2,0.012,0,0,0,0,0,0,0,0,0,0,0,0,3,0.018,11,0.029,11,0.022,6,0.013,8,0.021,7,0.018,4,0.01,13,0.032,7,0.017,6,0.012,5,0.01,6,0.012,1,0.002,6,0.013,4,0.011,5,0.016
Region 13,Region 68,4,0.014,5,0.029,3,0.025,0,0,1,0.018,0,0,2,0.042,0,0,6,0.036,8,0.021,10,0.02,15,0.033,7,0.018,8,0.021,9,0.023,11,0.027,9,0.022,18,0.037,10,0.019,8,0.017,7,0.014,6,0.013,8,0.021,3,0.009
Region 13,Region 69,4,0.014,2,0.012,0,0,0,0,0,0,1,0.023,3,0.063,1,0.012,1,0.006,5,0.013,8,0.016,4,0.009,18,0.046,9,0.024,10,0.026,4,0.01,9,0.022,7,0.015,11,0.021,10,0.021,6,0.012,8,0.017,5,0.013,4,0.013
Region 13,Region 70,1,0.004,1,0.006,1,0.008,1,0.012,0,0,0,0,0,0,1,0.012,1,0.006,5,0.013,6,0.012,1,0.002,6,0.015,2,0.005,4,0.01,3,0.007,3,0.007,6,0.012,2,0.004,9,0.019,5,0.01,6,0.013,1,0.003,1,0.003
Region 13,Region 71,4,0.014,2,0.012,4,0.033,1,0.012,1,0.018,1,0.023,1,0.021,1,0.012,4,0.024,12,0.032,20,0.04,8,0.017,8,0.021,7,0.018,9,0.023,9,0.022,11,0.027,10,0.021,17,0.032,10,0.021,13,0.026,20,0.043,22,0.058,10,0.031
Region 13,Region 72,0,0,0,0,0,0,0,0,0,0,0,0,0,0,0,0,0,0,0,0,0,0,0,0,0,0,0,0,0,0,0,0,0,0,0,0,0,0,0,0,0,0,0,0,0,0,0,0
Region 13,Region 73,0,0,0,0,0,0,0,0,0,0,0,0,0,0,0,0,0,0,2,0.005,0,0,0,0,0,0,0,0,0,0,0,0,0,0,0,0,0,0,0,0,0,0,0,0,0,0,0,0
Region 13,Region 74,1,0.004,2,0.012,0,0,1,0.012,0,0,0,0,0,0,1,0.012,1,0.006,0,0,1,0.002,0,0,1,0.003,2,0.005,0,0,2,0.005,0,0,2,0.004,1,0.002,0,0,1,0.002,4,0.009,1,0.003,1,0.003
Region 13,Region 75,2,0.007,1,0.006,0,0,1,0.012,0,0,0,0,0,0,0,0,0,0,0,0,0,0,0,0,1,0.003,2,0.005,1,0.003,2,0.005,1,0.002,3,0.006,5,0.01,6,0.012,0,0,2,0.004,3,0.008,1,0.003
Region 14,Region 0,1,0.004,1,0.006,2,0.016,3,0.037,0,0,1,0.023,0,0,0,0,2,0.012,1,0.003,2,0.004,3,0.007,4,0.01,1,0.003,2,0.005,2,0.005,2,0.005,2,0.004,4,0.008,3,0.006,3,0.006,2,0.004,1,0.003,1,0.003
Region 14,Region 1,1,0.004,0,0,0,0,0,0,0,0,0,0,0,0,0,0,0,0,0,0,0,0,0,0,0,0,0,0,0,0,0,0,0,0,0,0,0,0,0,0,0,0,0,0,0,0,0,0
Region 14,Region 2,4,0.014,3,0.018,9,0.074,2,0.025,1,0.018,3,0.068,4,0.084,3,0.037,3,0.018,6,0.016,3,0.006,13,0.028,10,0.026,8,0.021,8,0.02,9,0.022,6,0.014,10,0.021,15,0.029,6,0.012,8,0.016,16,0.035,7,0.018,8,0.025
Region 14,Region 3,34,0.12,38,0.223,29,0.238,16,0.198,12,0.221,9,0.204,2,0.042,13,0.16,8,0.048,10,0.026,21,0.043,20,0.043,24,0.062,27,0.071,30,0.077,30,0.073,29,0.07,39,0.081,55,0.105,37,0.077,39,0.077,47,0.102,44,0.116,43,0.135
Region 14,Region 4,14,0.049,14,0.082,8,0.066,8,0.099,4,0.074,3,0.068,3,0.063,2,0.025,4,0.024,7,0.018,6,0.012,13,0.028,8,0.021,10,0.026,7,0.018,8,0.02,5,0.012,11,0.023,19,0.036,15,0.031,25,0.05,17,0.037,17,0.045,16,0.05
Region 14,Region 5,57,0.201,49,0.287,59,0.485,47,0.583,20,0.369,15,0.339,11,0.231,22,0.271,35,0.212,81,0.214,80,0.162,75,0.163,74,0.191,48,0.127,56,0.143,51,0.124,52,0.126,84,0.174,109,0.208,82,0.17,93,0.184,46,0.1,53,0.14,48,0.151
Region 14,Region 6,0,0,0,0,0,0,0,0,0,0,0,0,0,0,0,0,0,0,0,0,0,0,0,0,0,0,0,0,0,0,0,0,0,0,0,0,0,0,0,0,0,0,0,0,0,0,0,0
Region 14,Region 7,453,1.597,300,1.76,281,2.311,192,2.38,122,2.25,78,1.765,69,1.446,64,0.787,103,0.623,250,0.66,306,0.62,346,0.752,353,0.91,416,1.097,429,1.099,384,0.936,366,0.884,421,0.874,459,0.875,444,0.919,485,0.961,518,1.122,470,1.239,419,1.318
Region 14,Region 8,0,0,0,0,0,0,0,0,0,0,0,0,0,0,1,0.012,1,0.006,1,0.003,0,0,1,0.002,3,0.008,1,0.003,1,0.003,0,0,0,0,1,0.002,2,0.004,1,0.002,1,0.002,0,0,0,0,0,0
Region 14,Region 9,0,0,0,0,0,0,0,0,0,0,0,0,0,0,0,0,0,0,0,0,0,0,0,0,0,0,0,0,0,0,0,0,0,0,0,0,0,0,0,0,0,0,0,0,0,0,0,0
Region 14,Region 10,7,0.025,6,0.035,2,0.016,2,0.025,1,0.018,2,0.045,3,0.063,0,0,1,0.006,2,0.005,0,0,0,0,0,0,1,0.003,3,0.008,4,0.01,2,0.005,8,0.017,9,0.017,9,0.019,5,0.01,8,0.017,7,0.018,4,0.013
Region 14,Region 11,0,0,0,0,0,0,0,0,0,0,0,0,0,0,0,0,0,0,0,0,0,0,0,0,0,0,0,0,0,0,0,0,0,0,0,0,0,0,0,0,0,0,0,0,0,0,0,0
Region 14,Region 12,90,0.317,82,0.481,52,0.428,56,0.694,34,0.627,23,0.52,18,0.377,25,0.308,45,0.272,84,0.222,103,0.209,99,0.215,78,0.201,89,0.235,94,0.241,71,0.173,67,0.162,70,0.145,104,0.198,85,0.176,94,0.186,99,0.215,101,0.266,80,0.252
Region 14,Region 13,17,0.06,9,0.053,15,0.123,17,0.211,7,0.129,3,0.068,2,0.042,5,0.062,4,0.024,8,0.021,15,0.03,13,0.028,16,0.041,16,0.042,18,0.046,18,0.044,18,0.043,15,0.031,16,0.03,19,0.039,31,0.061,21,0.046,24,0.063,25,0.079
Region 14,Region 14,3306,11.657,2276,13.35,1864,15.328,1115,13.822,691,12.744,555,12.557,485,10.166,595,7.319,851,5.151,1378,3.639,2141,4.335,2508,5.447,2536,6.534,2731,7.203,3199,8.196,3191,7.781,2971,7.174,3237,6.723,3300,6.288,3277,6.784,3774,7.479,3905,8.462,3453,9.1,3171,9.973
Region 14,Region 15,0,0,0,0,0,0,0,0,0,0,0,0,0,0,0,0,0,0,0,0,0,0,0,0,0,0,0,0,0,0,0,0,0,0,0,0,0,0,0,0,0,0,0,0,0,0,0,0
Region 14,Region 16,0,0,0,0,0,0,0,0,0,0,0,0,0,0,0,0,0,0,0,0,0,0,0,0,0,0,0,0,0,0,0,0,0,0,0,0,0,0,0,0,0,0,0,0,0,0,0,0
Region 14,Region 17,15,0.053,6,0.035,7,0.058,7,0.087,4,0.074,5,0.113,0,0,1,0.012,2,0.012,6,0.016,6,0.012,5,0.011,4,0.01,7,0.018,7,0.018,6,0.015,5,0.012,11,0.023,12,0.023,14,0.029,10,0.02,12,0.026,9,0.024,10,0.031
Region 14,Region 18,21,0.074,17,0.1,10,0.082,2,0.025,4,0.074,1,0.023,0,0,2,0.025,4,0.024,8,0.021,16,0.032,14,0.03,14,0.036,13,0.034,18,0.046,15,0.037,13,0.031,13,0.027,16,0.03,15,0.031,18,0.036,18,0.039,7,0.018,12,0.038
Region 14,Region 19,48,0.169,26,0.153,20,0.164,19,0.236,15,0.277,8,0.181,3,0.063,8,0.098,22,0.133,65,0.172,42,0.085,45,0.098,52,0.134,62,0.164,53,0.136,52,0.127,41,0.099,56,0.116,70,0.133,53,0.11,74,0.147,56,0.121,47,0.124,48,0.151
Region 14,Region 20,852,3.004,638,3.742,535,4.399,391,4.847,297,5.478,252,5.701,271,5.68,450,5.535,726,4.394,1046,2.762,1156,2.341,961,2.087,906,2.334,878,2.316,880,2.255,835,2.036,839,2.026,973,2.021,1001,1.908,880,1.822,901,1.786,818,1.773,696,1.834,666,2.095
Region 14,Region 21,7,0.025,8,0.047,7,0.058,10,0.124,3,0.055,0,0,0,0,4,0.049,1,0.006,4,0.011,12,0.024,15,0.033,15,0.039,19,0.05,25,0.064,17,0.041,9,0.022,8,0.017,16,0.03,15,0.031,15,0.03,16,0.035,18,0.047,15,0.047
Region 14,Region 22,46,0.162,29,0.17,27,0.222,24,0.298,10,0.184,4,0.09,2,0.042,7,0.086,26,0.157,43,0.114,37,0.075,33,0.072,38,0.098,27,0.071,49,0.126,53,0.129,36,0.087,53,0.11,78,0.149,68,0.141,73,0.145,55,0.119,41,0.108,37,0.116
Region 14,Region 23,8,0.028,8,0.047,7,0.058,10,0.124,8,0.148,6,0.136,4,0.084,4,0.049,0,0,1,0.003,7,0.014,2,0.004,1,0.003,3,0.008,6,0.015,2,0.005,4,0.01,4,0.008,16,0.03,6,0.012,12,0.024,5,0.011,9,0.024,5,0.016
Region 14,Region 24,2,0.007,3,0.018,2,0.016,2,0.025,1,0.018,1,0.023,1,0.021,0,0,1,0.006,3,0.008,2,0.004,4,0.009,2,0.005,2,0.005,1,0.003,7,0.017,1,0.002,3,0.006,4,0.008,3,0.006,8,0.016,1,0.002,3,0.008,3,0.009
Region 14,Region 25,7,0.025,5,0.029,7,0.058,3,0.037,3,0.055,2,0.045,2,0.042,0,0,2,0.012,1,0.003,3,0.006,1,0.002,2,0.005,1,0.003,3,0.008,3,0.007,1,0.002,4,0.008,6,0.011,5,0.01,5,0.01,0,0,0,0,2,0.006
Region 14,Region 26,1,0.004,2,0.012,2,0.016,3,0.037,2,0.037,0,0,1,0.021,1,0.012,0,0,1,0.003,3,0.006,2,0.004,1,0.003,6,0.016,1,0.003,7,0.017,1,0.002,3,0.006,0,0,3,0.006,2,0.004,1,0.002,2,0.005,1,0.003
Region 14,Region 27,0,0,2,0.012,2,0.016,0,0,0,0,2,0.045,1,0.021,0,0,0,0,0,0,1,0.002,0,0,0,0,0,0,1,0.003,0,0,1,0.002,1,0.002,1,0.002,4,0.008,5,0.01,2,0.004,2,0.005,1,0.003
Region 14,Region 28,0,0,1,0.006,0,0,1,0.012,1,0.018,2,0.045,0,0,0,0,0,0,0,0,0,0,2,0.004,1,0.003,1,0.003,0,0,0,0,1,0.002,1,0.002,2,0.004,0,0,2,0.004,1,0.002,2,0.005,3,0.009
Region 14,Region 29,532,1.876,351,2.059,266,2.187,176,2.182,107,1.973,68,1.538,43,0.901,79,0.972,161,0.974,358,0.945,369,0.747,369,0.801,357,0.92,360,0.949,366,0.938,356,0.868,292,0.705,316,0.656,298,0.568,283,0.586,378,0.749,538,1.166,522,1.376,509,1.601
Region 14,Region 30,13,0.046,15,0.088,9,0.074,4,0.05,3,0.055,1,0.023,4,0.084,6,0.074,5,0.03,5,0.013,14,0.028,16,0.035,14,0.036,23,0.061,26,0.067,13,0.032,15,0.036,22,0.046,23,0.044,19,0.039,34,0.067,33,0.072,30,0.079,15,0.047
Region 14,Region 31,23,0.081,21,0.123,18,0.148,14,0.174,7,0.129,4,0.09,6,0.126,11,0.135,7,0.042,17,0.045,24,0.049,29,0.063,29,0.075,27,0.071,27,0.069,26,0.063,16,0.039,21,0.044,36,0.069,37,0.077,39,0.077,38,0.082,33,0.087,29,0.091
Region 14,Region 32,9,0.032,3,0.018,0,0,1,0.012,3,0.055,3,0.068,1,0.021,3,0.037,6,0.036,5,0.013,2,0.004,1,0.002,0,0,3,0.008,6,0.015,5,0.012,6,0.014,5,0.01,2,0.004,7,0.014,3,0.006,4,0.009,4,0.011,9,0.028
Region 14,Region 33,2,0.007,1,0.006,1,0.008,1,0.012,0,0,1,0.023,1,0.021,1,0.012,0,0,1,0.003,2,0.004,1,0.002,2,0.005,1,0.003,3,0.008,2,0.005,0,0,2,0.004,2,0.004,3,0.006,8,0.016,6,0.013,5,0.013,3,0.009
Region 14,Region 34,0,0,0,0,0,0,0,0,0,0,0,0,0,0,0,0,0,0,0,0,0,0,0,0,0,0,0,0,0,0,0,0,0,0,0,0,0,0,0,0,0,0,0,0,0,0,0,0
Region 14,Region 35,0,0,0,0,0,0,0,0,0,0,0,0,0,0,0,0,0,0,0,0,0,0,0,0,0,0,0,0,0,0,0,0,1,0.002,1,0.002,0,0,0,0,0,0,0,0,0,0,0,0
Region 14,Region 36,3,0.011,0,0,0,0,1,0.012,1,0.018,2,0.045,0,0,2,0.025,0,0,3,0.008,4,0.008,0,0,4,0.01,1,0.003,0,0,3,0.007,1,0.002,4,0.008,7,0.013,3,0.006,4,0.008,4,0.009,2,0.005,1,0.003
Region 14,Region 37,12,0.042,8,0.047,15,0.123,6,0.074,6,0.111,6,0.136,4,0.084,2,0.025,5,0.03,2,0.005,7,0.014,7,0.015,5,0.013,7,0.018,8,0.02,8,0.02,14,0.034,14,0.029,14,0.027,12,0.025,9,0.018,5,0.011,9,0.024,12,0.038
Region 14,Region 38,16,0.056,17,0.1,18,0.148,5,0.062,5,0.092,1,0.023,4,0.084,3,0.037,2,0.012,4,0.011,9,0.018,12,0.026,12,0.031,16,0.042,14,0.036,8,0.02,6,0.014,14,0.029,21,0.04,18,0.037,27,0.054,17,0.037,11,0.029,12,0.038
Region 14,Region 39,4,0.014,1,0.006,1,0.008,1,0.012,0,0,0,0,0,0,0,0,0,0,0,0,0,0,0,0,0,0,0,0,0,0,0,0,0,0,0,0,1,0.002,2,0.004,4,0.008,3,0.007,1,0.003,1,0.003
Region 14,Region 40,0,0,0,0,0,0,0,0,0,0,0,0,0,0,0,0,0,0,0,0,0,0,0,0,0,0,0,0,0,0,0,0,0,0,0,0,0,0,0,0,0,0,0,0,0,0,0,0
Region 14,Region 41,1,0.004,3,0.018,3,0.025,0,0,1,0.018,3,0.068,7,0.147,9,0.111,12,0.073,22,0.058,11,0.022,15,0.033,6,0.015,8,0.021,6,0.015,8,0.02,4,0.01,3,0.006,5,0.01,1,0.002,3,0.006,1,0.002,5,0.013,1,0.003
Region 14,Region 42,0,0,0,0,0,0,0,0,0,0,0,0,0,0,0,0,0,0,0,0,0,0,0,0,0,0,0,0,0,0,0,0,0,0,0,0,0,0,0,0,0,0,0,0,0,0,0,0
Region 14,Region 43,2,0.007,2,0.012,6,0.049,2,0.025,3,0.055,0,0,2,0.042,1,0.012,1,0.006,3,0.008,3,0.006,8,0.017,3,0.008,3,0.008,1,0.003,1,0.002,2,0.005,3,0.006,7,0.013,7,0.014,6,0.012,5,0.011,1,0.003,7,0.022
Region 14,Region 44,0,0,0,0,0,0,0,0,0,0,0,0,0,0,0,0,0,0,0,0,0,0,0,0,0,0,0,0,0,0,0,0,0,0,0,0,0,0,0,0,0,0,0,0,0,0,0,0
Region 14,Region 45,35,0.123,21,0.123,22,0.181,21,0.26,10,0.184,12,0.271,9,0.189,16,0.197,16,0.097,34,0.09,41,0.083,37,0.08,32,0.082,24,0.063,29,0.074,34,0.083,29,0.07,37,0.077,44,0.084,41,0.085,35,0.069,34,0.074,39,0.103,36,0.113
Region 14,Region 46,7,0.025,5,0.029,6,0.049,5,0.062,1,0.018,0,0,0,0,3,0.037,6,0.036,16,0.042,16,0.032,20,0.043,20,0.052,17,0.045,19,0.049,10,0.024,9,0.022,14,0.029,11,0.021,14,0.029,11,0.022,11,0.024,6,0.016,10,0.031
Region 14,Region 47,7,0.025,5,0.029,4,0.033,1,0.012,5,0.092,4,0.09,2,0.042,2,0.025,3,0.018,4,0.011,6,0.012,8,0.017,5,0.013,9,0.024,10,0.026,7,0.017,6,0.014,13,0.027,17,0.032,12,0.025,12,0.024,13,0.028,10,0.026,13,0.041
Region 14,Region 48,17,0.06,22,0.129,16,0.132,6,0.074,8,0.148,3,0.068,4,0.084,1,0.012,10,0.061,28,0.074,39,0.079,35,0.076,58,0.149,68,0.179,59,0.151,33,0.08,30,0.072,48,0.1,30,0.057,44,0.091,45,0.089,28,0.061,17,0.045,25,0.079
Region 14,Region 49,16,0.056,16,0.094,17,0.14,11,0.136,13,0.24,9,0.204,3,0.063,7,0.086,9,0.054,12,0.032,15,0.03,18,0.039,13,0.033,9,0.024,15,0.038,15,0.037,19,0.046,20,0.042,27,0.051,25,0.052,33,0.065,17,0.037,23,0.061,16,0.05
Region 14,Region 50,17,0.06,12,0.07,11,0.09,4,0.05,4,0.074,7,0.158,4,0.084,5,0.062,6,0.036,16,0.042,26,0.053,30,0.065,25,0.064,16,0.042,13,0.033,14,0.034,20,0.048,20,0.042,32,0.061,33,0.068,18,0.036,8,0.017,9,0.024,22,0.069
Region 14,Region 51,25,0.088,16,0.094,16,0.132,14,0.174,12,0.221,5,0.113,6,0.126,1,0.012,6,0.036,7,0.018,11,0.022,26,0.056,17,0.044,16,0.042,9,0.023,21,0.051,16,0.039,20,0.042,26,0.05,33,0.068,26,0.052,38,0.082,34,0.09,20,0.063
Region 14,Region 52,18,0.063,16,0.094,12,0.099,4,0.05,9,0.166,4,0.09,6,0.126,5,0.062,8,0.048,7,0.018,14,0.028,14,0.03,19,0.049,14,0.037,20,0.051,9,0.022,15,0.036,21,0.044,18,0.034,17,0.035,21,0.042,20,0.043,22,0.058,21,0.066
Region 14,Region 53,6,0.021,7,0.041,4,0.033,4,0.05,3,0.055,2,0.045,2,0.042,1,0.012,3,0.018,12,0.032,12,0.024,11,0.024,7,0.018,11,0.029,3,0.008,9,0.022,11,0.027,13,0.027,13,0.025,6,0.012,15,0.03,15,0.033,12,0.032,8,0.025
Region 14,Region 54,60,0.212,44,0.258,39,0.321,36,0.446,23,0.424,29,0.656,25,0.524,18,0.221,28,0.169,62,0.164,51,0.103,44,0.096,48,0.124,43,0.113,37,0.095,47,0.115,37,0.089,49,0.102,65,0.124,82,0.17,92,0.182,59,0.128,58,0.153,51,0.16
Region 14,Region 55,2,0.007,2,0.012,2,0.016,2,0.025,1,0.018,0,0,0,0,1,0.012,2,0.012,1,0.003,1,0.002,1,0.002,5,0.013,2,0.005,2,0.005,3,0.007,1,0.002,3,0.006,4,0.008,1,0.002,1,0.002,4,0.009,7,0.018,7,0.022
Region 14,Region 56,5,0.018,4,0.023,4,0.033,1,0.012,2,0.037,1,0.023,0,0,0,0,0,0,4,0.011,4,0.008,5,0.011,5,0.013,2,0.005,4,0.01,5,0.012,2,0.005,3,0.006,5,0.01,3,0.006,3,0.006,3,0.007,3,0.008,5,0.016
Region 14,Region 57,4,0.014,4,0.023,4,0.033,1,0.012,1,0.018,0,0,1,0.021,1,0.012,2,0.012,4,0.011,2,0.004,1,0.002,0,0,1,0.003,4,0.01,2,0.005,1,0.002,4,0.008,6,0.011,5,0.01,1,0.002,7,0.015,9,0.024,9,0.028
Region 14,Region 58,0,0,0,0,0,0,0,0,0,0,0,0,0,0,0,0,0,0,1,0.003,0,0,0,0,0,0,0,0,0,0,1,0.002,1,0.002,0,0,0,0,0,0,0,0,0,0,0,0,0,0
Region 14,Region 59,0,0,0,0,0,0,0,0,0,0,0,0,0,0,0,0,0,0,0,0,0,0,0,0,0,0,1,0.003,0,0,0,0,0,0,0,0,0,0,0,0,0,0,0,0,0,0,0,0
Region 14,Region 60,71,0.25,62,0.364,42,0.345,27,0.335,23,0.424,19,0.43,17,0.356,40,0.492,123,0.744,264,0.697,344,0.697,280,0.608,277,0.714,308,0.812,286,0.733,295,0.719,287,0.693,231,0.48,251,0.478,197,0.408,196,0.388,164,0.355,109,0.287,75,0.236
Region 14,Region 61,4,0.014,2,0.012,3,0.025,1,0.012,1,0.018,1,0.023,1,0.021,0,0,0,0,0,0,0,0,1,0.002,0,0,2,0.005,2,0.005,1,0.002,2,0.005,3,0.006,3,0.006,4,0.008,1,0.002,3,0.007,6,0.016,5,0.016
Region 14,Region 62,28,0.099,18,0.106,19,0.156,12,0.149,8,0.148,3,0.068,7,0.147,6,0.074,4,0.024,7,0.018,14,0.028,12,0.026,18,0.046,26,0.069,24,0.061,21,0.051,22,0.053,27,0.056,36,0.069,23,0.048,23,0.046,26,0.056,25,0.066,22,0.069
Region 14,Region 63,1,0.004,1,0.006,0,0,0,0,0,0,0,0,0,0,0,0,0,0,0,0,0,0,0,0,0,0,0,0,0,0,0,0,0,0,0,0,0,0,0,0,0,0,0,0,0,0,0,0
Region 14,Region 64,49,0.173,42,0.246,25,0.206,21,0.26,16,0.295,15,0.339,9,0.189,7,0.086,21,0.127,83,0.219,107,0.217,61,0.132,56,0.144,52,0.137,63,0.161,54,0.132,51,0.123,57,0.118,65,0.124,68,0.141,79,0.157,57,0.124,42,0.111,58,0.182
Region 14,Region 65,19,0.067,22,0.129,21,0.173,12,0.149,6,0.111,4,0.09,0,0,5,0.062,5,0.03,2,0.005,3,0.006,6,0.013,11,0.028,5,0.013,18,0.046,16,0.039,4,0.01,16,0.033,22,0.042,23,0.048,21,0.042,17,0.037,11,0.029,13,0.041
Region 14,Region 66,21,0.074,8,0.047,10,0.082,4,0.05,4,0.074,4,0.09,2,0.042,0,0,2,0.012,6,0.016,10,0.02,10,0.022,12,0.031,7,0.018,12,0.031,16,0.039,11,0.027,11,0.023,17,0.032,14,0.029,15,0.03,20,0.043,22,0.058,21,0.066
Region 14,Region 67,39,0.138,17,0.1,23,0.189,9,0.112,8,0.148,7,0.158,6,0.126,4,0.049,11,0.067,25,0.066,42,0.085,51,0.111,52,0.134,47,0.124,52,0.133,53,0.129,27,0.065,37,0.077,34,0.065,44,0.091,43,0.085,29,0.063,30,0.079,23,0.072
Region 14,Region 68,27,0.095,24,0.141,17,0.14,14,0.174,10,0.184,10,0.226,5,0.105,5,0.062,20,0.121,36,0.095,52,0.105,39,0.085,31,0.08,29,0.076,33,0.085,29,0.071,20,0.048,30,0.062,36,0.069,24,0.05,19,0.038,26,0.056,19,0.05,24,0.075
Region 14,Region 69,33,0.116,31,0.182,28,0.23,18,0.223,8,0.148,6,0.136,9,0.189,8,0.098,14,0.085,29,0.077,41,0.083,53,0.115,45,0.116,40,0.105,46,0.118,47,0.115,42,0.101,41,0.085,51,0.097,45,0.093,65,0.129,51,0.111,41,0.108,38,0.12
Region 14,Region 70,99,0.349,78,0.458,60,0.493,44,0.545,21,0.387,14,0.317,15,0.314,31,0.381,36,0.218,89,0.235,160,0.324,149,0.324,140,0.361,140,0.369,169,0.433,182,0.444,138,0.333,168,0.349,156,0.297,142,0.294,161,0.319,157,0.34,112,0.295,125,0.393
Region 14,Region 71,15,0.053,8,0.047,10,0.082,11,0.136,6,0.111,3,0.068,1,0.021,3,0.037,4,0.024,5,0.013,15,0.03,7,0.015,4,0.01,12,0.032,15,0.038,16,0.039,7,0.017,13,0.027,19,0.036,13,0.027,15,0.03,14,0.03,9,0.024,13,0.041
Region 14,Region 72,0,0,0,0,0,0,0,0,0,0,0,0,0,0,0,0,0,0,0,0,0,0,0,0,0,0,0,0,0,0,0,0,0,0,0,0,0,0,0,0,0,0,0,0,0,0,0,0
Region 14,Region 73,0,0,0,0,0,0,0,0,0,0,0,0,0,0,0,0,0,0,2,0.005,1,0.002,0,0,1,0.003,0,0,0,0,0,0,0,0,0,0,0,0,0,0,0,0,0,0,0,0,0,0
Region 14,Region 74,71,0.25,49,0.287,38,0.312,33,0.409,18,0.332,7,0.158,9,0.189,16,0.197,14,0.085,37,0.098,46,0.093,37,0.08,30,0.077,27,0.071,46,0.118,50,0.122,31,0.075,53,0.11,72,0.137,65,0.135,83,0.164,71,0.154,74,0.195,55,0.173
Region 14,Region 75,7,0.025,6,0.035,1,0.008,0,0,1,0.018,0,0,1,0.021,1,0.012,2,0.012,1,0.003,3,0.006,2,0.004,4,0.01,3,0.008,2,0.005,2,0.005,0,0,2,0.004,0,0,1,0.002,4,0.008,9,0.02,7,0.018,2,0.006
Region 15,Region 0,0,0,0,0,0,0,0,0,0,0,0,0,0,0,0,0,0,0,0,0,0,0,0,0,0,0,0,0,0,0,0,0,0,0,0,0,0,0,0,0,0,0,0,0,0,0,0,0
Region 15,Region 1,0,0,0,0,0,0,0,0,0,0,0,0,0,0,0,0,0,0,0,0,0,0,0,0,0,0,0,0,0,0,0,0,0,0,0,0,0,0,0,0,0,0,0,0,0,0,0,0
Region 15,Region 2,0,0,0,0,0,0,0,0,0,0,0,0,0,0,0,0,0,0,0,0,0,0,0,0,0,0,0,0,0,0,0,0,0,0,0,0,0,0,0,0,0,0,0,0,0,0,0,0
Region 15,Region 3,0,0,0,0,0,0,0,0,0,0,0,0,0,0,0,0,0,0,0,0,0,0,0,0,0,0,0,0,0,0,0,0,0,0,0,0,0,0,0,0,0,0,0,0,0,0,0,0
Region 15,Region 4,0,0,0,0,0,0,0,0,0,0,0,0,0,0,0,0,0,0,0,0,0,0,0,0,0,0,0,0,0,0,0,0,0,0,0,0,0,0,0,0,0,0,0,0,0,0,0,0
Region 15,Region 5,0,0,0,0,0,0,0,0,0,0,0,0,0,0,0,0,0,0,0,0,0,0,0,0,0,0,0,0,0,0,0,0,0,0,0,0,0,0,0,0,0,0,0,0,0,0,0,0
Region 15,Region 6,0,0,0,0,0,0,0,0,0,0,0,0,0,0,0,0,0,0,0,0,0,0,0,0,0,0,0,0,0,0,0,0,0,0,0,0,0,0,0,0,0,0,0,0,0,0,0,0
Region 15,Region 7,0,0,0,0,0,0,0,0,0,0,0,0,0,0,0,0,0,0,0,0,0,0,0,0,0,0,0,0,0,0,0,0,0,0,0,0,0,0,0,0,0,0,0,0,0,0,0,0
Region 15,Region 8,0,0,0,0,0,0,0,0,0,0,0,0,0,0,0,0,0,0,0,0,0,0,0,0,0,0,0,0,0,0,0,0,0,0,0,0,0,0,0,0,0,0,0,0,0,0,0,0
Region 15,Region 9,0,0,0,0,0,0,0,0,0,0,0,0,0,0,0,0,0,0,0,0,0,0,0,0,0,0,0,0,0,0,0,0,0,0,0,0,0,0,0,0,0,0,0,0,0,0,0,0
Region 15,Region 10,0,0,0,0,0,0,0,0,0,0,0,0,0,0,0,0,0,0,0,0,0,0,0,0,0,0,0,0,0,0,0,0,0,0,0,0,0,0,0,0,0,0,0,0,0,0,0,0
Region 15,Region 11,0,0,0,0,0,0,0,0,0,0,0,0,0,0,0,0,0,0,0,0,0,0,0,0,0,0,0,0,0,0,0,0,0,0,0,0,0,0,0,0,0,0,0,0,0,0,0,0
Region 15,Region 12,0,0,0,0,0,0,0,0,0,0,0,0,0,0,0,0,0,0,0,0,0,0,0,0,0,0,0,0,0,0,0,0,0,0,0,0,0,0,0,0,0,0,0,0,0,0,0,0
Region 15,Region 13,0,0,0,0,0,0,0,0,0,0,0,0,0,0,0,0,0,0,0,0,0,0,0,0,0,0,0,0,0,0,0,0,0,0,0,0,0,0,0,0,0,0,0,0,0,0,0,0
Region 15,Region 14,0,0,0,0,0,0,0,0,0,0,0,0,0,0,0,0,0,0,0,0,0,0,0,0,0,0,0,0,0,0,0,0,0,0,0,0,0,0,0,0,0,0,0,0,0,0,0,0
Region 15,Region 15,0,0,0,0,0,0,0,0,0,0,0,0,0,0,0,0,0,0,0,0,0,0,0,0,0,0,0,0,0,0,0,0,0,0,0,0,0,0,0,0,0,0,0,0,0,0,0,0
Region 15,Region 16,0,0,0,0,0,0,0,0,0,0,0,0,0,0,0,0,0,0,0,0,0,0,0,0,0,0,0,0,0,0,0,0,0,0,0,0,0,0,0,0,0,0,0,0,0,0,0,0
Region 15,Region 17,0,0,0,0,0,0,0,0,0,0,0,0,0,0,0,0,0,0,0,0,0,0,0,0,0,0,0,0,0,0,0,0,0,0,0,0,0,0,0,0,0,0,0,0,0,0,0,0
Region 15,Region 18,0,0,0,0,0,0,0,0,0,0,0,0,0,0,0,0,0,0,0,0,0,0,0,0,0,0,0,0,0,0,0,0,0,0,0,0,0,0,0,0,0,0,0,0,0,0,0,0
Region 15,Region 19,0,0,0,0,0,0,0,0,0,0,0,0,0,0,0,0,0,0,0,0,0,0,0,0,0,0,0,0,0,0,0,0,0,0,0,0,0,0,0,0,0,0,0,0,0,0,0,0
Region 15,Region 20,0,0,0,0,0,0,0,0,0,0,0,0,0,0,0,0,0,0,0,0,0,0,0,0,0,0,0,0,0,0,0,0,0,0,0,0,0,0,0,0,0,0,0,0,0,0,0,0
Region 15,Region 21,0,0,0,0,0,0,0,0,0,0,0,0,0,0,0,0,0,0,0,0,0,0,0,0,0,0,0,0,0,0,0,0,0,0,0,0,0,0,0,0,0,0,0,0,0,0,0,0
Region 15,Region 22,0,0,0,0,0,0,0,0,0,0,0,0,0,0,0,0,0,0,0,0,0,0,0,0,0,0,0,0,0,0,0,0,0,0,0,0,0,0,0,0,0,0,0,0,0,0,0,0
Region 15,Region 23,0,0,0,0,0,0,0,0,0,0,0,0,0,0,0,0,0,0,0,0,0,0,0,0,0,0,0,0,0,0,0,0,0,0,0,0,0,0,0,0,0,0,0,0,0,0,0,0
Region 15,Region 24,0,0,0,0,0,0,0,0,0,0,0,0,0,0,0,0,0,0,0,0,0,0,0,0,0,0,0,0,0,0,0,0,0,0,0,0,0,0,0,0,0,0,0,0,0,0,0,0
Region 15,Region 25,0,0,0,0,0,0,0,0,0,0,0,0,0,0,0,0,0,0,0,0,0,0,0,0,0,0,0,0,0,0,0,0,0,0,0,0,0,0,0,0,0,0,0,0,0,0,0,0
Region 15,Region 26,0,0,0,0,0,0,0,0,0,0,0,0,0,0,0,0,0,0,0,0,0,0,0,0,0,0,0,0,0,0,0,0,0,0,0,0,0,0,0,0,0,0,0,0,0,0,0,0
Region 15,Region 27,0,0,0,0,0,0,0,0,0,0,0,0,0,0,0,0,0,0,0,0,0,0,0,0,0,0,0,0,0,0,0,0,0,0,0,0,0,0,0,0,0,0,0,0,0,0,0,0
Region 15,Region 28,0,0,0,0,0,0,0,0,0,0,0,0,0,0,0,0,0,0,0,0,0,0,0,0,0,0,0,0,0,0,0,0,0,0,0,0,0,0,0,0,0,0,0,0,0,0,0,0
Region 15,Region 29,0,0,0,0,0,0,0,0,0,0,0,0,0,0,0,0,0,0,0,0,0,0,0,0,0,0,0,0,0,0,0,0,0,0,0,0,0,0,0,0,0,0,0,0,0,0,0,0
Region 15,Region 30,0,0,0,0,0,0,0,0,0,0,0,0,0,0,0,0,0,0,0,0,0,0,0,0,0,0,0,0,0,0,0,0,0,0,0,0,0,0,0,0,0,0,0,0,0,0,0,0
Region 15,Region 31,0,0,0,0,0,0,0,0,0,0,0,0,0,0,0,0,0,0,0,0,0,0,0,0,0,0,0,0,0,0,0,0,0,0,0,0,0,0,0,0,0,0,0,0,0,0,0,0
Region 15,Region 32,0,0,0,0,0,0,0,0,0,0,0,0,0,0,0,0,0,0,0,0,0,0,0,0,0,0,0,0,0,0,0,0,0,0,0,0,0,0,0,0,0,0,0,0,0,0,0,0
Region 15,Region 33,0,0,0,0,0,0,0,0,0,0,0,0,0,0,0,0,0,0,0,0,0,0,0,0,0,0,0,0,0,0,0,0,0,0,0,0,0,0,0,0,0,0,0,0,0,0,0,0
Region 15,Region 34,0,0,0,0,0,0,0,0,0,0,0,0,0,0,0,0,0,0,0,0,0,0,0,0,0,0,0,0,0,0,0,0,0,0,0,0,0,0,0,0,0,0,0,0,0,0,0,0
Region 15,Region 35,0,0,0,0,0,0,0,0,0,0,0,0,0,0,0,0,0,0,0,0,0,0,0,0,0,0,0,0,0,0,0,0,0,0,0,0,0,0,0,0,0,0,0,0,0,0,0,0
Region 15,Region 36,0,0,0,0,0,0,0,0,0,0,0,0,0,0,0,0,0,0,0,0,0,0,0,0,0,0,0,0,0,0,0,0,0,0,0,0,0,0,0,0,0,0,0,0,0,0,0,0
Region 15,Region 37,0,0,0,0,0,0,0,0,0,0,0,0,0,0,0,0,0,0,0,0,0,0,0,0,0,0,0,0,0,0,0,0,0,0,0,0,0,0,0,0,0,0,0,0,0,0,0,0
Region 15,Region 38,0,0,0,0,0,0,0,0,0,0,0,0,0,0,0,0,0,0,0,0,0,0,0,0,0,0,0,0,0,0,0,0,0,0,0,0,0,0,0,0,0,0,0,0,0,0,0,0
Region 15,Region 39,0,0,0,0,0,0,0,0,0,0,0,0,0,0,0,0,0,0,0,0,0,0,0,0,0,0,0,0,0,0,0,0,0,0,0,0,0,0,0,0,0,0,0,0,0,0,0,0
Region 15,Region 40,0,0,0,0,0,0,0,0,0,0,0,0,0,0,0,0,0,0,0,0,0,0,0,0,0,0,0,0,0,0,0,0,0,0,0,0,0,0,0,0,0,0,0,0,0,0,0,0
Region 15,Region 41,0,0,0,0,0,0,0,0,0,0,0,0,0,0,0,0,0,0,0,0,0,0,0,0,0,0,0,0,0,0,0,0,0,0,0,0,0,0,0,0,0,0,0,0,0,0,0,0
Region 15,Region 42,0,0,0,0,0,0,0,0,0,0,0,0,0,0,0,0,0,0,0,0,0,0,0,0,0,0,0,0,0,0,0,0,0,0,0,0,0,0,0,0,0,0,0,0,0,0,0,0
Region 15,Region 43,0,0,0,0,0,0,0,0,0,0,0,0,0,0,0,0,0,0,0,0,0,0,0,0,0,0,0,0,0,0,0,0,0,0,0,0,0,0,0,0,0,0,0,0,0,0,0,0
Region 15,Region 44,0,0,0,0,0,0,0,0,0,0,0,0,0,0,0,0,0,0,0,0,0,0,0,0,0,0,0,0,0,0,0,0,0,0,0,0,0,0,0,0,0,0,0,0,0,0,0,0
Region 15,Region 45,0,0,0,0,0,0,0,0,0,0,0,0,0,0,0,0,0,0,0,0,0,0,0,0,0,0,0,0,0,0,0,0,0,0,0,0,0,0,0,0,0,0,0,0,0,0,0,0
Region 15,Region 46,0,0,0,0,0,0,0,0,0,0,0,0,0,0,0,0,0,0,0,0,0,0,0,0,0,0,0,0,0,0,0,0,0,0,0,0,0,0,0,0,0,0,0,0,0,0,0,0
Region 15,Region 47,0,0,0,0,0,0,0,0,0,0,0,0,0,0,0,0,0,0,0,0,0,0,0,0,0,0,0,0,0,0,0,0,0,0,0,0,0,0,0,0,0,0,0,0,0,0,0,0
Region 15,Region 48,0,0,0,0,0,0,0,0,0,0,0,0,0,0,0,0,0,0,0,0,0,0,0,0,0,0,0,0,0,0,0,0,0,0,0,0,0,0,0,0,0,0,0,0,0,0,0,0
Region 15,Region 49,0,0,0,0,0,0,0,0,0,0,0,0,0,0,0,0,0,0,0,0,0,0,0,0,0,0,0,0,0,0,0,0,0,0,0,0,0,0,0,0,0,0,0,0,0,0,0,0
Region 15,Region 50,0,0,0,0,0,0,0,0,0,0,0,0,0,0,0,0,0,0,0,0,0,0,0,0,0,0,0,0,0,0,0,0,0,0,0,0,0,0,0,0,0,0,0,0,0,0,0,0
Region 15,Region 51,0,0,0,0,0,0,0,0,0,0,0,0,0,0,0,0,0,0,0,0,0,0,0,0,0,0,0,0,0,0,0,0,0,0,0,0,0,0,0,0,0,0,0,0,0,0,0,0
Region 15,Region 52,0,0,0,0,0,0,0,0,0,0,0,0,0,0,0,0,0,0,0,0,0,0,0,0,0,0,0,0,0,0,0,0,0,0,0,0,0,0,0,0,0,0,0,0,0,0,0,0
Region 15,Region 53,0,0,0,0,0,0,0,0,0,0,0,0,0,0,0,0,0,0,0,0,0,0,0,0,0,0,0,0,0,0,0,0,0,0,0,0,0,0,0,0,0,0,0,0,0,0,0,0
Region 15,Region 54,0,0,0,0,0,0,0,0,0,0,0,0,0,0,0,0,0,0,0,0,0,0,0,0,0,0,0,0,0,0,0,0,0,0,0,0,0,0,0,0,0,0,0,0,0,0,0,0
Region 15,Region 55,0,0,0,0,0,0,0,0,0,0,0,0,0,0,0,0,0,0,0,0,0,0,0,0,0,0,0,0,0,0,0,0,0,0,0,0,0,0,0,0,0,0,0,0,0,0,0,0
Region 15,Region 56,0,0,0,0,0,0,0,0,0,0,0,0,0,0,0,0,0,0,0,0,0,0,0,0,0,0,0,0,0,0,0,0,0,0,0,0,0,0,0,0,0,0,0,0,0,0,0,0
Region 15,Region 57,0,0,0,0,0,0,0,0,0,0,0,0,0,0,0,0,0,0,0,0,0,0,0,0,0,0,0,0,0,0,0,0,0,0,0,0,0,0,0,0,0,0,0,0,0,0,0,0
Region 15,Region 58,0,0,0,0,0,0,0,0,0,0,0,0,0,0,0,0,0,0,0,0,0,0,0,0,0,0,0,0,0,0,0,0,0,0,0,0,0,0,0,0,0,0,0,0,0,0,0,0
Region 15,Region 59,0,0,0,0,0,0,0,0,0,0,0,0,0,0,0,0,0,0,0,0,0,0,0,0,0,0,0,0,0,0,0,0,0,0,0,0,0,0,0,0,0,0,0,0,0,0,0,0
Region 15,Region 60,0,0,0,0,0,0,0,0,0,0,0,0,0,0,0,0,0,0,0,0,0,0,0,0,0,0,0,0,0,0,0,0,0,0,0,0,0,0,0,0,0,0,0,0,0,0,0,0
Region 15,Region 61,0,0,0,0,0,0,0,0,0,0,0,0,0,0,0,0,0,0,0,0,0,0,0,0,0,0,0,0,0,0,0,0,0,0,0,0,0,0,0,0,0,0,0,0,0,0,0,0
Region 15,Region 62,0,0,0,0,0,0,0,0,0,0,0,0,0,0,0,0,0,0,0,0,0,0,0,0,0,0,0,0,0,0,0,0,0,0,0,0,0,0,0,0,0,0,0,0,0,0,0,0
Region 15,Region 63,0,0,0,0,0,0,0,0,0,0,0,0,0,0,0,0,0,0,0,0,0,0,0,0,0,0,0,0,0,0,0,0,0,0,0,0,0,0,0,0,0,0,0,0,0,0,0,0
Region 15,Region 64,0,0,0,0,0,0,0,0,0,0,0,0,0,0,0,0,0,0,0,0,0,0,0,0,0,0,0,0,0,0,0,0,0,0,0,0,0,0,0,0,0,0,0,0,0,0,0,0
Region 15,Region 65,0,0,0,0,0,0,0,0,0,0,0,0,0,0,0,0,0,0,0,0,0,0,0,0,0,0,0,0,0,0,0,0,0,0,0,0,0,0,0,0,0,0,0,0,0,0,0,0
Region 15,Region 66,0,0,0,0,0,0,0,0,0,0,0,0,0,0,0,0,0,0,0,0,0,0,0,0,0,0,0,0,0,0,0,0,0,0,0,0,0,0,0,0,0,0,0,0,0,0,0,0
Region 15,Region 67,0,0,0,0,0,0,0,0,0,0,0,0,0,0,0,0,0,0,0,0,0,0,0,0,0,0,0,0,0,0,0,0,0,0,0,0,0,0,0,0,0,0,0,0,0,0,0,0
Region 15,Region 68,0,0,0,0,0,0,0,0,0,0,0,0,0,0,0,0,0,0,0,0,0,0,0,0,0,0,0,0,0,0,0,0,0,0,0,0,0,0,0,0,0,0,0,0,0,0,0,0
Region 15,Region 69,0,0,0,0,0,0,0,0,0,0,0,0,0,0,0,0,0,0,0,0,0,0,0,0,0,0,0,0,0,0,0,0,0,0,0,0,0,0,0,0,0,0,0,0,0,0,0,0
Region 15,Region 70,0,0,0,0,0,0,0,0,0,0,0,0,0,0,0,0,0,0,0,0,0,0,0,0,0,0,0,0,0,0,0,0,0,0,0,0,0,0,0,0,0,0,0,0,0,0,0,0
Region 15,Region 71,0,0,0,0,0,0,0,0,0,0,0,0,0,0,0,0,0,0,0,0,0,0,0,0,0,0,0,0,0,0,0,0,0,0,0,0,0,0,0,0,0,0,0,0,0,0,0,0
Region 15,Region 72,0,0,0,0,0,0,0,0,0,0,0,0,0,0,0,0,0,0,0,0,0,0,0,0,0,0,0,0,0,0,0,0,0,0,0,0,0,0,0,0,0,0,0,0,0,0,0,0
Region 15,Region 73,0,0,0,0,0,0,0,0,0,0,0,0,0,0,0,0,0,0,0,0,0,0,0,0,0,0,0,0,0,0,0,0,0,0,0,0,0,0,0,0,0,0,0,0,0,0,0,0
Region 15,Region 74,0,0,0,0,0,0,0,0,0,0,0,0,0,0,0,0,0,0,0,0,0,0,0,0,0,0,0,0,0,0,0,0,0,0,0,0,0,0,0,0,0,0,0,0,0,0,0,0
Region 15,Region 75,0,0,0,0,0,0,0,0,0,0,0,0,0,0,0,0,0,0,0,0,0,0,0,0,0,0,0,0,0,0,0,0,0,0,0,0,0,0,0,0,0,0,0,0,0,0,0,0
Region 16,Region 0,0,0,0,0,0,0,0,0,0,0,0,0,0,0,0,0,0,0,0,0,0,0,0,0,0,0,0,0,0,0,0,0,0,0,0,0,0,0,0,0,0,0,0,0,0,0,0,0
Region 16,Region 1,0,0,0,0,0,0,0,0,0,0,0,0,0,0,0,0,0,0,0,0,0,0,0,0,0,0,0,0,0,0,0,0,0,0,0,0,0,0,0,0,0,0,0,0,0,0,0,0
Region 16,Region 2,0,0,0,0,0,0,0,0,0,0,0,0,0,0,0,0,0,0,0,0,0,0,0,0,0,0,0,0,0,0,0,0,0,0,0,0,0,0,0,0,0,0,0,0,0,0,0,0
Region 16,Region 3,0,0,0,0,0,0,0,0,0,0,0,0,0,0,0,0,0,0,0,0,0,0,0,0,0,0,0,0,0,0,0,0,0,0,0,0,0,0,0,0,0,0,0,0,0,0,0,0
Region 16,Region 4,0,0,0,0,0,0,0,0,0,0,0,0,0,0,0,0,0,0,0,0,0,0,0,0,0,0,0,0,0,0,0,0,0,0,0,0,0,0,0,0,0,0,0,0,0,0,0,0
Region 16,Region 5,0,0,0,0,0,0,0,0,0,0,0,0,0,0,0,0,0,0,0,0,0,0,0,0,0,0,0,0,0,0,0,0,0,0,0,0,0,0,0,0,0,0,0,0,0,0,0,0
Region 16,Region 6,0,0,0,0,0,0,0,0,0,0,0,0,0,0,0,0,0,0,0,0,0,0,0,0,0,0,0,0,0,0,0,0,0,0,0,0,0,0,0,0,0,0,0,0,0,0,0,0
Region 16,Region 7,0,0,0,0,0,0,0,0,0,0,0,0,0,0,0,0,0,0,0,0,0,0,0,0,0,0,0,0,0,0,0,0,0,0,0,0,0,0,0,0,0,0,0,0,0,0,0,0
Region 16,Region 8,0,0,0,0,0,0,0,0,0,0,0,0,0,0,0,0,0,0,0,0,0,0,0,0,0,0,0,0,0,0,0,0,0,0,0,0,0,0,0,0,0,0,0,0,0,0,0,0
Region 16,Region 9,0,0,0,0,0,0,0,0,0,0,0,0,0,0,0,0,0,0,0,0,0,0,0,0,0,0,0,0,0,0,0,0,0,0,0,0,0,0,0,0,0,0,0,0,0,0,0,0
Region 16,Region 10,0,0,0,0,0,0,0,0,0,0,0,0,0,0,0,0,0,0,0,0,0,0,0,0,0,0,0,0,0,0,0,0,0,0,0,0,0,0,0,0,0,0,0,0,0,0,0,0
Region 16,Region 11,0,0,0,0,0,0,0,0,0,0,0,0,0,0,0,0,0,0,0,0,0,0,0,0,0,0,0,0,0,0,0,0,0,0,0,0,0,0,0,0,0,0,0,0,0,0,0,0
Region 16,Region 12,0,0,0,0,0,0,0,0,0,0,0,0,0,0,0,0,0,0,0,0,0,0,0,0,0,0,0,0,0,0,0,0,0,0,0,0,0,0,0,0,0,0,0,0,0,0,0,0
Region 16,Region 13,0,0,0,0,0,0,0,0,0,0,0,0,0,0,0,0,0,0,0,0,0,0,0,0,0,0,0,0,0,0,0,0,0,0,0,0,0,0,0,0,0,0,0,0,0,0,0,0
Region 16,Region 14,0,0,0,0,0,0,0,0,0,0,0,0,0,0,0,0,0,0,0,0,0,0,0,0,0,0,0,0,0,0,0,0,0,0,0,0,0,0,0,0,0,0,0,0,0,0,0,0
Region 16,Region 15,0,0,0,0,0,0,0,0,0,0,0,0,0,0,0,0,0,0,0,0,0,0,0,0,0,0,0,0,0,0,0,0,0,0,0,0,0,0,0,0,0,0,0,0,0,0,0,0
Region 16,Region 16,0,0,0,0,0,0,0,0,0,0,0,0,0,0,0,0,0,0,0,0,0,0,0,0,0,0,0,0,0,0,0,0,0,0,0,0,0,0,0,0,0,0,0,0,0,0,0,0
Region 16,Region 17,0,0,0,0,0,0,0,0,0,0,0,0,0,0,0,0,0,0,0,0,0,0,0,0,0,0,0,0,0,0,0,0,0,0,0,0,0,0,0,0,0,0,0,0,0,0,0,0
Region 16,Region 18,0,0,0,0,0,0,0,0,0,0,0,0,0,0,0,0,0,0,0,0,0,0,0,0,0,0,0,0,0,0,0,0,0,0,0,0,0,0,0,0,0,0,0,0,0,0,0,0
Region 16,Region 19,0,0,0,0,0,0,0,0,0,0,0,0,0,0,0,0,0,0,0,0,0,0,0,0,0,0,0,0,0,0,0,0,0,0,0,0,0,0,0,0,0,0,0,0,0,0,0,0
Region 16,Region 20,0,0,0,0,0,0,0,0,0,0,0,0,0,0,0,0,0,0,0,0,0,0,0,0,0,0,0,0,0,0,0,0,0,0,0,0,0,0,0,0,0,0,0,0,0,0,0,0
Region 16,Region 21,0,0,0,0,0,0,0,0,0,0,0,0,0,0,0,0,0,0,0,0,0,0,0,0,0,0,0,0,0,0,0,0,0,0,0,0,0,0,0,0,0,0,0,0,0,0,0,0
Region 16,Region 22,0,0,0,0,0,0,0,0,0,0,0,0,0,0,0,0,0,0,0,0,0,0,0,0,0,0,0,0,0,0,0,0,0,0,0,0,0,0,0,0,0,0,0,0,0,0,0,0
Region 16,Region 23,0,0,0,0,0,0,0,0,0,0,0,0,0,0,0,0,0,0,0,0,0,0,0,0,0,0,0,0,0,0,0,0,0,0,0,0,0,0,0,0,0,0,0,0,0,0,0,0
Region 16,Region 24,0,0,0,0,0,0,0,0,0,0,0,0,0,0,0,0,0,0,0,0,0,0,0,0,0,0,0,0,0,0,0,0,0,0,0,0,0,0,0,0,0,0,0,0,0,0,0,0
Region 16,Region 25,0,0,0,0,0,0,0,0,0,0,0,0,0,0,0,0,0,0,0,0,0,0,0,0,0,0,0,0,0,0,0,0,0,0,0,0,0,0,0,0,0,0,0,0,0,0,0,0
Region 16,Region 26,0,0,0,0,0,0,0,0,0,0,0,0,0,0,0,0,0,0,0,0,0,0,0,0,0,0,0,0,0,0,0,0,0,0,0,0,0,0,0,0,0,0,0,0,0,0,0,0
Region 16,Region 27,0,0,0,0,0,0,0,0,0,0,0,0,0,0,0,0,0,0,0,0,0,0,0,0,0,0,0,0,0,0,0,0,0,0,0,0,0,0,0,0,0,0,0,0,0,0,0,0
Region 16,Region 28,0,0,0,0,0,0,0,0,0,0,0,0,0,0,0,0,0,0,0,0,0,0,0,0,0,0,0,0,0,0,0,0,0,0,0,0,0,0,0,0,0,0,0,0,0,0,0,0
Region 16,Region 29,0,0,0,0,0,0,0,0,0,0,0,0,0,0,0,0,0,0,0,0,0,0,0,0,0,0,0,0,0,0,0,0,0,0,0,0,0,0,0,0,0,0,0,0,0,0,0,0
Region 16,Region 30,0,0,0,0,0,0,0,0,0,0,0,0,0,0,0,0,0,0,0,0,0,0,0,0,0,0,0,0,0,0,0,0,0,0,0,0,0,0,0,0,0,0,0,0,0,0,0,0
Region 16,Region 31,0,0,0,0,0,0,0,0,0,0,0,0,0,0,0,0,0,0,0,0,0,0,0,0,0,0,0,0,0,0,0,0,0,0,0,0,0,0,0,0,0,0,0,0,0,0,0,0
Region 16,Region 32,0,0,0,0,0,0,0,0,0,0,0,0,0,0,0,0,0,0,0,0,0,0,0,0,0,0,0,0,0,0,0,0,0,0,0,0,0,0,0,0,0,0,0,0,0,0,0,0
Region 16,Region 33,0,0,0,0,0,0,0,0,0,0,0,0,0,0,0,0,0,0,0,0,0,0,0,0,0,0,0,0,0,0,0,0,0,0,0,0,0,0,0,0,0,0,0,0,0,0,0,0
Region 16,Region 34,0,0,0,0,0,0,0,0,0,0,0,0,0,0,0,0,0,0,0,0,0,0,0,0,0,0,0,0,0,0,0,0,0,0,0,0,0,0,0,0,0,0,0,0,0,0,0,0
Region 16,Region 35,0,0,0,0,0,0,0,0,0,0,0,0,0,0,0,0,0,0,0,0,0,0,0,0,0,0,0,0,0,0,0,0,0,0,0,0,0,0,0,0,0,0,0,0,0,0,0,0
Region 16,Region 36,0,0,0,0,0,0,0,0,0,0,0,0,0,0,0,0,0,0,0,0,0,0,0,0,0,0,0,0,0,0,0,0,0,0,0,0,0,0,0,0,0,0,0,0,0,0,0,0
Region 16,Region 37,0,0,0,0,0,0,0,0,0,0,0,0,0,0,0,0,0,0,0,0,0,0,0,0,0,0,0,0,0,0,0,0,0,0,0,0,0,0,0,0,0,0,0,0,0,0,0,0
Region 16,Region 38,0,0,0,0,0,0,0,0,0,0,0,0,0,0,0,0,0,0,0,0,0,0,0,0,0,0,0,0,0,0,0,0,0,0,0,0,0,0,0,0,0,0,0,0,0,0,0,0
Region 16,Region 39,0,0,0,0,0,0,0,0,0,0,0,0,0,0,0,0,0,0,0,0,0,0,0,0,0,0,0,0,0,0,0,0,0,0,0,0,0,0,0,0,0,0,0,0,0,0,0,0
Region 16,Region 40,0,0,0,0,0,0,0,0,0,0,0,0,0,0,0,0,0,0,0,0,0,0,0,0,0,0,0,0,0,0,0,0,0,0,0,0,0,0,0,0,0,0,0,0,0,0,0,0
Region 16,Region 41,0,0,0,0,0,0,0,0,0,0,0,0,0,0,0,0,0,0,0,0,0,0,0,0,0,0,0,0,0,0,0,0,0,0,0,0,0,0,0,0,0,0,0,0,0,0,0,0
Region 16,Region 42,0,0,0,0,0,0,0,0,0,0,0,0,0,0,0,0,0,0,0,0,0,0,0,0,0,0,0,0,0,0,0,0,0,0,0,0,0,0,0,0,0,0,0,0,0,0,0,0
Region 16,Region 43,0,0,0,0,0,0,0,0,0,0,0,0,0,0,0,0,0,0,0,0,0,0,0,0,0,0,0,0,0,0,0,0,0,0,0,0,0,0,0,0,0,0,0,0,0,0,0,0
Region 16,Region 44,0,0,0,0,0,0,0,0,0,0,0,0,0,0,0,0,0,0,0,0,0,0,0,0,0,0,0,0,0,0,0,0,0,0,0,0,0,0,0,0,0,0,0,0,0,0,0,0
Region 16,Region 45,0,0,0,0,0,0,0,0,0,0,0,0,0,0,0,0,0,0,0,0,0,0,0,0,0,0,0,0,0,0,0,0,0,0,0,0,0,0,0,0,0,0,0,0,0,0,0,0
Region 16,Region 46,0,0,0,0,0,0,0,0,0,0,0,0,0,0,0,0,0,0,0,0,0,0,0,0,0,0,0,0,0,0,0,0,0,0,0,0,0,0,0,0,0,0,0,0,0,0,0,0
Region 16,Region 47,0,0,0,0,0,0,0,0,0,0,0,0,0,0,0,0,0,0,0,0,0,0,0,0,0,0,0,0,0,0,0,0,0,0,0,0,0,0,0,0,0,0,0,0,0,0,0,0
Region 16,Region 48,0,0,0,0,0,0,0,0,0,0,0,0,0,0,0,0,0,0,0,0,0,0,0,0,0,0,0,0,0,0,0,0,0,0,0,0,0,0,0,0,0,0,0,0,0,0,0,0
Region 16,Region 49,0,0,0,0,0,0,0,0,0,0,0,0,0,0,0,0,0,0,0,0,0,0,0,0,0,0,0,0,0,0,0,0,0,0,0,0,0,0,0,0,0,0,0,0,0,0,0,0
Region 16,Region 50,0,0,0,0,0,0,0,0,0,0,0,0,0,0,0,0,0,0,0,0,0,0,0,0,0,0,0,0,0,0,0,0,0,0,0,0,0,0,0,0,0,0,0,0,0,0,0,0
Region 16,Region 51,0,0,0,0,0,0,0,0,0,0,0,0,0,0,0,0,0,0,0,0,0,0,0,0,0,0,0,0,0,0,0,0,0,0,0,0,0,0,0,0,0,0,0,0,0,0,0,0
Region 16,Region 52,0,0,0,0,0,0,0,0,0,0,0,0,0,0,0,0,0,0,0,0,0,0,0,0,0,0,0,0,0,0,0,0,0,0,0,0,0,0,0,0,0,0,0,0,0,0,0,0
Region 16,Region 53,0,0,0,0,0,0,0,0,0,0,0,0,0,0,0,0,0,0,0,0,0,0,0,0,0,0,0,0,0,0,0,0,0,0,0,0,0,0,0,0,0,0,0,0,0,0,0,0
Region 16,Region 54,0,0,0,0,0,0,0,0,0,0,0,0,0,0,0,0,0,0,0,0,0,0,0,0,0,0,0,0,0,0,0,0,0,0,0,0,0,0,0,0,0,0,0,0,0,0,0,0
Region 16,Region 55,0,0,0,0,0,0,0,0,0,0,0,0,0,0,0,0,0,0,0,0,0,0,0,0,0,0,0,0,0,0,0,0,0,0,0,0,0,0,0,0,0,0,0,0,0,0,0,0
Region 16,Region 56,0,0,0,0,0,0,0,0,0,0,0,0,0,0,0,0,0,0,0,0,0,0,0,0,0,0,0,0,0,0,0,0,0,0,0,0,0,0,0,0,0,0,0,0,0,0,0,0
Region 16,Region 57,0,0,0,0,0,0,0,0,0,0,0,0,0,0,0,0,0,0,0,0,0,0,0,0,0,0,0,0,0,0,0,0,0,0,0,0,0,0,0,0,0,0,0,0,0,0,0,0
Region 16,Region 58,0,0,0,0,0,0,0,0,0,0,0,0,0,0,0,0,0,0,0,0,0,0,0,0,0,0,0,0,0,0,0,0,0,0,0,0,0,0,0,0,0,0,0,0,0,0,0,0
Region 16,Region 59,0,0,0,0,0,0,0,0,0,0,0,0,0,0,0,0,0,0,0,0,0,0,0,0,0,0,0,0,0,0,0,0,0,0,0,0,0,0,0,0,0,0,0,0,0,0,0,0
Region 16,Region 60,0,0,0,0,0,0,0,0,0,0,0,0,0,0,0,0,0,0,0,0,0,0,0,0,0,0,0,0,0,0,0,0,0,0,0,0,0,0,0,0,0,0,0,0,0,0,0,0
Region 16,Region 61,0,0,0,0,0,0,0,0,0,0,0,0,0,0,0,0,0,0,0,0,0,0,0,0,0,0,0,0,0,0,0,0,0,0,0,0,0,0,0,0,0,0,0,0,0,0,0,0
Region 16,Region 62,0,0,0,0,0,0,0,0,0,0,0,0,0,0,0,0,0,0,0,0,0,0,0,0,0,0,0,0,0,0,0,0,0,0,0,0,0,0,0,0,0,0,0,0,0,0,0,0
Region 16,Region 63,0,0,0,0,0,0,0,0,0,0,0,0,0,0,0,0,0,0,0,0,0,0,0,0,0,0,0,0,0,0,0,0,0,0,0,0,0,0,0,0,0,0,0,0,0,0,0,0
Region 16,Region 64,0,0,0,0,0,0,0,0,0,0,0,0,0,0,0,0,0,0,0,0,0,0,0,0,0,0,0,0,0,0,0,0,0,0,0,0,0,0,0,0,0,0,0,0,0,0,0,0
Region 16,Region 65,0,0,0,0,0,0,0,0,0,0,0,0,0,0,0,0,0,0,0,0,0,0,0,0,0,0,0,0,0,0,0,0,0,0,0,0,0,0,0,0,0,0,0,0,0,0,0,0
Region 16,Region 66,0,0,0,0,0,0,0,0,0,0,0,0,0,0,0,0,0,0,0,0,0,0,0,0,0,0,0,0,0,0,0,0,0,0,0,0,0,0,0,0,0,0,0,0,0,0,0,0
Region 16,Region 67,0,0,0,0,0,0,0,0,0,0,0,0,0,0,0,0,0,0,0,0,0,0,0,0,0,0,0,0,0,0,0,0,0,0,0,0,0,0,0,0,0,0,0,0,0,0,0,0
Region 16,Region 68,0,0,0,0,0,0,0,0,0,0,0,0,0,0,0,0,0,0,0,0,0,0,0,0,0,0,0,0,0,0,0,0,0,0,0,0,0,0,0,0,0,0,0,0,0,0,0,0
Region 16,Region 69,0,0,0,0,0,0,0,0,0,0,0,0,0,0,0,0,0,0,0,0,0,0,0,0,0,0,0,0,0,0,0,0,0,0,0,0,0,0,0,0,0,0,0,0,0,0,0,0
Region 16,Region 70,0,0,0,0,0,0,0,0,0,0,0,0,0,0,0,0,0,0,0,0,0,0,0,0,0,0,0,0,0,0,0,0,0,0,0,0,0,0,0,0,0,0,0,0,0,0,0,0
Region 16,Region 71,0,0,0,0,0,0,0,0,0,0,0,0,0,0,0,0,0,0,0,0,0,0,0,0,0,0,0,0,0,0,0,0,0,0,0,0,0,0,0,0,0,0,0,0,0,0,0,0
Region 16,Region 72,0,0,0,0,0,0,0,0,0,0,0,0,0,0,0,0,0,0,0,0,0,0,0,0,0,0,0,0,0,0,0,0,0,0,0,0,0,0,0,0,0,0,0,0,0,0,0,0
Region 16,Region 73,0,0,0,0,0,0,0,0,0,0,0,0,0,0,0,0,0,0,0,0,0,0,0,0,0,0,0,0,0,0,0,0,0,0,0,0,0,0,0,0,0,0,0,0,0,0,0,0
Region 16,Region 74,0,0,0,0,0,0,0,0,0,0,0,0,0,0,0,0,0,0,0,0,0,0,0,0,0,0,0,0,0,0,0,0,0,0,0,0,0,0,0,0,0,0,0,0,0,0,0,0
Region 16,Region 75,0,0,0,0,0,0,0,0,0,0,0,0,0,0,0,0,0,0,0,0,0,0,0,0,0,0,0,0,0,0,0,0,0,0,0,0,0,0,0,0,0,0,0,0,0,0,0,0
Region 17,Region 0,0,0,0,0,0,0,0,0,0,0,0,0,0,0,0,0,0,0,0,0,1,0.002,1,0.002,0,0,1,0.003,0,0,1,0.002,0,0,1,0.002,0,0,0,0,0,0,0,0,1,0.003,0,0
Region 17,Region 1,0,0,0,0,0,0,0,0,0,0,0,0,0,0,0,0,0,0,0,0,0,0,0,0,0,0,0,0,0,0,0,0,0,0,0,0,0,0,0,0,0,0,0,0,0,0,0,0
Region 17,Region 2,0,0,0,0,0,0,0,0,0,0,0,0,0,0,0,0,2,0.012,3,0.008,2,0.004,4,0.009,4,0.01,1,0.003,1,0.003,2,0.005,1,0.002,0,0,0,0,0,0,1,0.002,1,0.002,0,0,0,0
Region 17,Region 3,0,0,0,0,1,0.008,0,0,0,0,0,0,0,0,1,0.012,0,0,1,0.003,2,0.004,1,0.002,0,0,0,0,0,0,0,0,0,0,0,0,0,0,0,0,1,0.002,2,0.004,0,0,0,0
Region 17,Region 4,2,0.007,0,0,0,0,0,0,0,0,0,0,1,0.021,0,0,0,0,2,0.005,4,0.008,5,0.011,1,0.003,0,0,1,0.003,0,0,2,0.005,5,0.01,5,0.01,5,0.01,10,0.02,7,0.015,3,0.008,3,0.009
Region 17,Region 5,0,0,0,0,0,0,0,0,0,0,0,0,0,0,0,0,2,0.012,0,0,0,0,0,0,0,0,0,0,1,0.003,1,0.002,0,0,1,0.002,0,0,0,0,0,0,0,0,0,0,0,0
Region 17,Region 6,0,0,0,0,0,0,0,0,0,0,0,0,0,0,0,0,0,0,0,0,0,0,0,0,0,0,0,0,0,0,0,0,0,0,0,0,0,0,0,0,0,0,0,0,0,0,0,0
Region 17,Region 7,0,0,0,0,0,0,0,0,0,0,0,0,0,0,0,0,2,0.012,8,0.021,4,0.008,3,0.007,5,0.013,4,0.011,2,0.005,0,0,2,0.005,1,0.002,0,0,3,0.006,3,0.006,1,0.002,1,0.003,1,0.003
Region 17,Region 8,0,0,0,0,0,0,0,0,0,0,0,0,0,0,0,0,0,0,0,0,0,0,0,0,0,0,0,0,0,0,1,0.002,1,0.002,0,0,0,0,0,0,0,0,0,0,0,0,0,0
Region 17,Region 9,0,0,0,0,0,0,0,0,0,0,0,0,0,0,0,0,0,0,0,0,0,0,0,0,0,0,0,0,0,0,0,0,0,0,0,0,0,0,0,0,0,0,0,0,0,0,0,0
Region 17,Region 10,0,0,0,0,0,0,0,0,0,0,0,0,1,0.021,0,0,0,0,1,0.003,1,0.002,2,0.004,1,0.003,0,0,2,0.005,0,0,0,0,0,0,3,0.006,1,0.002,1,0.002,0,0,0,0,2,0.006
Region 17,Region 11,0,0,0,0,0,0,0,0,0,0,0,0,0,0,0,0,0,0,0,0,0,0,0,0,0,0,0,0,0,0,0,0,0,0,0,0,0,0,0,0,0,0,0,0,0,0,0,0
Region 17,Region 12,3,0.011,0,0,0,0,0,0,0,0,0,0,2,0.042,8,0.098,13,0.079,13,0.034,8,0.016,8,0.017,5,0.013,9,0.024,3,0.008,4,0.01,1,0.002,7,0.015,6,0.011,4,0.008,8,0.016,2,0.004,4,0.011,0,0
Region 17,Region 13,0,0,1,0.006,3,0.025,0,0,0,0,0,0,0,0,0,0,0,0,7,0.018,8,0.016,9,0.02,6,0.015,11,0.029,13,0.033,5,0.012,7,0.017,8,0.017,6,0.011,14,0.029,10,0.02,11,0.024,9,0.024,3,0.009
Region 17,Region 14,4,0.014,3,0.018,2,0.016,0,0,0,0,3,0.068,6,0.126,18,0.221,17,0.103,14,0.037,26,0.053,15,0.033,10,0.026,14,0.037,9,0.023,8,0.02,2,0.005,1,0.002,2,0.004,8,0.017,5,0.01,7,0.015,4,0.011,8,0.025
Region 17,Region 15,0,0,0,0,0,0,0,0,0,0,0,0,0,0,0,0,0,0,0,0,0,0,0,0,0,0,0,0,0,0,0,0,0,0,0,0,0,0,0,0,0,0,0,0,0,0,0,0
Region 17,Region 16,0,0,0,0,0,0,0,0,0,0,0,0,0,0,0,0,0,0,0,0,0,0,0,0,0,0,0,0,0,0,0,0,0,0,0,0,0,0,0,0,0,0,0,0,0,0,0,0
Region 17,Region 17,86,0.303,39,0.229,23,0.189,16,0.198,11,0.203,10,0.226,6,0.126,15,0.185,37,0.224,146,0.386,191,0.387,135,0.293,104,0.268,98,0.258,82,0.21,110,0.268,150,0.362,230,0.478,215,0.41,144,0.298,162,0.321,152,0.329,103,0.271,113,0.355
Region 17,Region 18,0,0,0,0,0,0,0,0,0,0,0,0,0,0,0,0,0,0,2,0.005,3,0.006,2,0.004,1,0.003,0,0,1,0.003,0,0,0,0,2,0.004,1,0.002,0,0,0,0,1,0.002,0,0,1,0.003
Region 17,Region 19,0,0,0,0,0,0,0,0,0,0,0,0,0,0,0,0,2,0.012,4,0.011,3,0.006,1,0.002,0,0,0,0,0,0,0,0,0,0,0,0,0,0,0,0,2,0.004,0,0,0,0,0,0
Region 17,Region 20,0,0,0,0,0,0,0,0,0,0,0,0,0,0,0,0,0,0,3,0.008,0,0,3,0.007,0,0,1,0.003,0,0,0,0,1,0.002,1,0.002,0,0,0,0,0,0,0,0,0,0,0,0
Region 17,Region 21,0,0,0,0,0,0,1,0.012,0,0,0,0,0,0,0,0,0,0,2,0.005,1,0.002,4,0.009,0,0,0,0,0,0,0,0,1,0.002,0,0,0,0,2,0.004,2,0.004,1,0.002,1,0.003,1,0.003
Region 17,Region 22,0,0,0,0,0,0,0,0,0,0,0,0,0,0,0,0,2,0.012,2,0.005,2,0.004,2,0.004,0,0,0,0,0,0,1,0.002,0,0,0,0,3,0.006,2,0.004,2,0.004,2,0.004,1,0.003,1,0.003
Region 17,Region 23,0,0,1,0.006,0,0,0,0,0,0,0,0,0,0,0,0,0,0,2,0.005,4,0.008,1,0.002,1,0.003,1,0.003,1,0.003,1,0.002,2,0.005,1,0.002,2,0.004,0,0,2,0.004,6,0.013,1,0.003,2,0.006
Region 17,Region 24,0,0,0,0,0,0,0,0,0,0,0,0,0,0,0,0,0,0,0,0,1,0.002,0,0,2,0.005,2,0.005,0,0,0,0,0,0,1,0.002,0,0,0,0,1,0.002,1,0.002,1,0.003,0,0
Region 17,Region 25,15,0.053,5,0.029,2,0.016,0,0,1,0.018,0,0,0,0,1,0.012,18,0.109,159,0.42,23,0.047,8,0.017,9,0.023,14,0.037,19,0.049,19,0.046,31,0.075,28,0.058,37,0.071,31,0.064,32,0.063,19,0.041,15,0.04,23,0.072
Region 17,Region 26,0,0,0,0,0,0,0,0,0,0,0,0,0,0,0,0,1,0.006,3,0.008,1,0.002,2,0.004,0,0,0,0,0,0,0,0,0,0,0,0,0,0,0,0,1,0.002,0,0,1,0.003,1,0.003
Region 17,Region 27,0,0,0,0,0,0,0,0,0,0,0,0,1,0.021,2,0.025,1,0.006,1,0.003,1,0.002,1,0.002,0,0,1,0.003,2,0.005,0,0,0,0,0,0,2,0.004,0,0,0,0,0,0,0,0,0,0
Region 17,Region 28,0,0,0,0,0,0,0,0,0,0,0,0,0,0,0,0,1,0.006,0,0,1,0.002,1,0.002,0,0,2,0.005,2,0.005,0,0,0,0,0,0,0,0,1,0.002,2,0.004,2,0.004,0,0,0,0
Region 17,Region 29,0,0,1,0.006,0,0,0,0,0,0,0,0,0,0,1,0.012,5,0.03,11,0.029,9,0.018,3,0.007,0,0,2,0.005,3,0.008,2,0.005,0,0,2,0.004,0,0,0,0,1,0.002,2,0.004,0,0,0,0
Region 17,Region 30,0,0,0,0,0,0,0,0,0,0,0,0,0,0,0,0,0,0,0,0,4,0.008,1,0.002,2,0.005,0,0,0,0,0,0,2,0.005,0,0,0,0,1,0.002,1,0.002,1,0.002,0,0,0,0
Region 17,Region 31,0,0,0,0,0,0,0,0,0,0,0,0,0,0,0,0,0,0,2,0.005,1,0.002,0,0,0,0,2,0.005,1,0.003,1,0.002,0,0,0,0,0,0,2,0.004,0,0,0,0,1,0.003,1,0.003
Region 17,Region 32,1,0.004,0,0,0,0,0,0,0,0,0,0,0,0,0,0,0,0,1,0.003,4,0.008,1,0.002,1,0.003,1,0.003,0,0,0,0,2,0.005,4,0.008,0,0,2,0.004,1,0.002,2,0.004,1,0.003,3,0.009
Region 17,Region 33,4,0.014,5,0.029,1,0.008,0,0,0,0,0,0,0,0,1,0.012,3,0.018,25,0.066,50,0.101,7,0.015,6,0.015,6,0.016,5,0.013,4,0.01,10,0.024,15,0.031,13,0.025,20,0.041,26,0.052,15,0.033,10,0.026,9,0.028
Region 17,Region 34,0,0,0,0,0,0,0,0,0,0,0,0,0,0,0,0,0,0,0,0,0,0,0,0,0,0,0,0,0,0,0,0,0,0,0,0,0,0,0,0,0,0,0,0,0,0,0,0
Region 17,Region 35,0,0,0,0,0,0,0,0,0,0,0,0,0,0,0,0,0,0,0,0,0,0,0,0,0,0,0,0,0,0,0,0,0,0,0,0,0,0,0,0,0,0,0,0,0,0,0,0
Region 17,Region 36,0,0,0,0,0,0,0,0,0,0,0,0,0,0,0,0,1,0.006,4,0.011,3,0.006,1,0.002,1,0.003,1,0.003,0,0,0,0,1,0.002,0,0,0,0,0,0,2,0.004,2,0.004,0,0,2,0.006
Region 17,Region 37,0,0,0,0,0,0,0,0,0,0,0,0,0,0,0,0,0,0,0,0,3,0.006,1,0.002,1,0.003,1,0.003,1,0.003,1,0.002,0,0,2,0.004,3,0.006,2,0.004,0,0,0,0,1,0.003,0,0
Region 17,Region 38,0,0,0,0,0,0,0,0,1,0.018,1,0.023,0,0,0,0,1,0.006,3,0.008,5,0.01,5,0.011,0,0,2,0.005,0,0,0,0,1,0.002,1,0.002,0,0,3,0.006,2,0.004,1,0.002,1,0.003,0,0
Region 17,Region 39,0,0,0,0,0,0,0,0,0,0,0,0,0,0,0,0,0,0,0,0,0,0,1,0.002,0,0,2,0.005,0,0,0,0,0,0,0,0,0,0,0,0,0,0,0,0,0,0,0,0
Region 17,Region 40,0,0,0,0,0,0,0,0,0,0,0,0,0,0,0,0,0,0,0,0,0,0,0,0,0,0,0,0,0,0,0,0,0,0,0,0,0,0,0,0,0,0,0,0,0,0,0,0
Region 17,Region 41,1,0.004,0,0,1,0.008,0,0,0,0,0,0,0,0,3,0.037,3,0.018,7,0.018,13,0.026,4,0.009,0,0,1,0.003,2,0.005,0,0,2,0.005,1,0.002,0,0,0,0,2,0.004,0,0,1,0.003,0,0
Region 17,Region 42,0,0,0,0,0,0,0,0,0,0,0,0,0,0,0,0,0,0,0,0,0,0,0,0,0,0,0,0,0,0,0,0,0,0,0,0,0,0,0,0,0,0,0,0,0,0,0,0
Region 17,Region 43,0,0,0,0,0,0,1,0.012,0,0,0,0,0,0,0,0,1,0.006,2,0.005,2,0.004,2,0.004,0,0,1,0.003,0,0,0,0,1,0.002,0,0,1,0.002,1,0.002,1,0.002,0,0,0,0,0,0
Region 17,Region 44,0,0,0,0,0,0,0,0,0,0,0,0,0,0,0,0,0,0,0,0,0,0,0,0,0,0,0,0,0,0,0,0,0,0,0,0,0,0,0,0,0,0,0,0,0,0,0,0
Region 17,Region 45,0,0,0,0,0,0,0,0,0,0,0,0,0,0,0,0,1,0.006,1,0.003,2,0.004,1,0.002,0,0,0,0,1,0.003,1,0.002,1,0.002,2,0.004,1,0.002,3,0.006,0,0,0,0,0,0,0,0
Region 17,Region 46,2,0.007,3,0.018,1,0.008,0,0,0,0,0,0,0,0,2,0.025,14,0.085,41,0.108,18,0.036,12,0.026,13,0.033,14,0.037,9,0.023,18,0.044,9,0.022,11,0.023,20,0.038,18,0.037,14,0.028,15,0.033,8,0.021,1,0.003
Region 17,Region 47,3,0.011,5,0.029,2,0.016,0,0,0,0,0,0,0,0,7,0.086,15,0.091,39,0.103,37,0.075,32,0.07,10,0.026,13,0.034,10,0.026,8,0.02,6,0.014,12,0.025,18,0.034,22,0.046,18,0.036,18,0.039,8,0.021,7,0.022
Region 17,Region 48,0,0,0,0,0,0,0,0,0,0,0,0,0,0,2,0.025,3,0.018,9,0.024,7,0.014,10,0.022,3,0.008,6,0.016,8,0.02,2,0.005,1,0.002,2,0.004,0,0,5,0.01,0,0,2,0.004,0,0,2,0.006
Region 17,Region 49,2,0.007,1,0.006,0,0,0,0,0,0,0,0,0,0,1,0.012,0,0,1,0.003,1,0.002,1,0.002,0,0,1,0.003,0,0,0,0,0,0,0,0,1,0.002,1,0.002,0,0,0,0,0,0,0,0
Region 17,Region 50,0,0,1,0.006,0,0,0,0,0,0,0,0,0,0,3,0.037,4,0.024,8,0.021,8,0.016,6,0.013,4,0.01,3,0.008,7,0.018,4,0.01,5,0.012,4,0.008,7,0.013,2,0.004,9,0.018,3,0.007,4,0.011,6,0.019
Region 17,Region 51,0,0,0,0,0,0,0,0,0,0,0,0,0,0,0,0,0,0,3,0.008,5,0.01,4,0.009,0,0,4,0.011,0,0,0,0,0,0,1,0.002,0,0,2,0.004,1,0.002,1,0.002,1,0.003,0,0
Region 17,Region 52,1,0.004,2,0.012,0,0,1,0.012,0,0,0,0,1,0.021,0,0,1,0.006,7,0.018,3,0.006,5,0.011,1,0.003,3,0.008,3,0.008,3,0.007,1,0.002,3,0.006,2,0.004,1,0.002,7,0.014,6,0.013,7,0.018,4,0.013
Region 17,Region 53,0,0,0,0,0,0,0,0,0,0,0,0,0,0,0,0,0,0,2,0.005,0,0,1,0.002,0,0,0,0,1,0.003,2,0.005,0,0,0,0,1,0.002,1,0.002,2,0.004,1,0.002,0,0,1,0.003
Region 17,Region 54,0,0,0,0,3,0.025,1,0.012,0,0,0,0,0,0,0,0,1,0.006,1,0.003,0,0,0,0,0,0,0,0,0,0,0,0,0,0,0,0,1,0.002,0,0,0,0,0,0,0,0,0,0
Region 17,Region 55,1,0.004,0,0,1,0.008,0,0,0,0,0,0,0,0,0,0,0,0,1,0.003,4,0.008,5,0.011,1,0.003,1,0.003,6,0.015,3,0.007,3,0.007,3,0.006,3,0.006,0,0,2,0.004,6,0.013,3,0.008,0,0
Region 17,Region 56,0,0,0,0,0,0,0,0,0,0,0,0,0,0,0,0,1,0.006,3,0.008,1,0.002,0,0,1,0.003,0,0,0,0,2,0.005,0,0,1,0.002,0,0,1,0.002,0,0,1,0.002,0,0,0,0
Region 17,Region 57,3,0.011,1,0.006,0,0,1,0.012,1,0.018,0,0,0,0,3,0.037,3,0.018,7,0.018,11,0.022,10,0.022,7,0.018,8,0.021,5,0.013,7,0.017,8,0.019,12,0.025,18,0.034,10,0.021,12,0.024,7,0.015,11,0.029,7,0.022
Region 17,Region 58,0,0,0,0,0,0,0,0,0,0,0,0,0,0,0,0,0,0,0,0,0,0,0,0,0,0,0,0,0,0,0,0,0,0,0,0,0,0,0,0,0,0,0,0,0,0,0,0
Region 17,Region 59,0,0,0,0,0,0,0,0,0,0,0,0,0,0,0,0,0,0,0,0,0,0,0,0,0,0,0,0,0,0,0,0,0,0,0,0,0,0,0,0,0,0,0,0,0,0,0,0
Region 17,Region 60,0,0,0,0,0,0,0,0,0,0,0,0,0,0,1,0.012,8,0.048,9,0.024,9,0.018,7,0.015,1,0.003,0,0,3,0.008,1,0.002,2,0.005,3,0.006,1,0.002,0,0,3,0.006,1,0.002,0,0,2,0.006
Region 17,Region 61,0,0,0,0,0,0,0,0,0,0,0,0,0,0,0,0,1,0.006,0,0,0,0,1,0.002,0,0,0,0,1,0.003,1,0.002,1,0.002,1,0.002,0,0,0,0,0,0,1,0.002,0,0,1,0.003
Region 17,Region 62,18,0.063,7,0.041,1,0.008,0,0,1,0.018,2,0.045,6,0.126,4,0.049,16,0.097,36,0.095,67,0.136,53,0.115,34,0.088,34,0.09,39,0.1,28,0.068,44,0.106,50,0.104,40,0.076,54,0.112,46,0.091,34,0.074,28,0.074,27,0.085
Region 17,Region 63,0,0,0,0,0,0,0,0,0,0,0,0,0,0,0,0,0,0,0,0,0,0,0,0,0,0,0,0,0,0,0,0,0,0,0,0,0,0,0,0,0,0,0,0,0,0,0,0
Region 17,Region 64,0,0,0,0,0,0,0,0,0,0,0,0,0,0,0,0,1,0.006,2,0.005,0,0,0,0,0,0,0,0,1,0.003,0,0,1,0.002,1,0.002,0,0,2,0.004,0,0,1,0.002,0,0,0,0
Region 17,Region 65,5,0.018,2,0.012,0,0,2,0.025,0,0,0,0,0,0,1,0.012,4,0.024,5,0.013,8,0.016,12,0.026,5,0.013,3,0.008,5,0.013,6,0.015,9,0.022,13,0.027,6,0.011,10,0.021,7,0.014,9,0.02,9,0.024,5,0.016
Region 17,Region 66,5,0.018,0,0,0,0,0,0,1,0.018,1,0.023,1,0.021,2,0.025,1,0.006,9,0.024,12,0.024,13,0.028,4,0.01,6,0.016,7,0.018,10,0.024,6,0.014,8,0.017,10,0.019,10,0.021,19,0.038,13,0.028,4,0.011,5,0.016
Region 17,Region 67,1,0.004,0,0,0,0,1,0.012,0,0,0,0,0,0,0,0,3,0.018,3,0.008,10,0.02,6,0.013,4,0.01,3,0.008,4,0.01,3,0.007,2,0.005,1,0.002,3,0.006,3,0.006,1,0.002,0,0,4,0.011,2,0.006
Region 17,Region 68,0,0,0,0,0,0,0,0,0,0,0,0,0,0,0,0,6,0.036,6,0.016,13,0.026,11,0.024,4,0.01,4,0.011,2,0.005,3,0.007,3,0.007,7,0.015,1,0.002,6,0.012,3,0.006,10,0.022,0,0,3,0.009
Region 17,Region 69,0,0,1,0.006,0,0,0,0,0,0,0,0,0,0,0,0,2,0.012,6,0.016,5,0.01,5,0.011,0,0,1,0.003,1,0.003,2,0.005,1,0.002,8,0.017,4,0.008,3,0.006,3,0.006,3,0.007,2,0.005,1,0.003
Region 17,Region 70,0,0,0,0,0,0,0,0,0,0,0,0,0,0,1,0.012,6,0.036,3,0.008,7,0.014,3,0.007,4,0.01,3,0.008,1,0.003,2,0.005,1,0.002,2,0.004,3,0.006,4,0.008,3,0.006,5,0.011,0,0,1,0.003
Region 17,Region 71,6,0.021,5,0.029,2,0.016,2,0.025,1,0.018,0,0,0,0,6,0.074,1,0.006,31,0.082,38,0.077,19,0.041,15,0.039,18,0.047,11,0.028,11,0.027,13,0.031,20,0.042,25,0.048,30,0.062,19,0.038,16,0.035,15,0.04,12,0.038
Region 17,Region 72,0,0,0,0,0,0,0,0,0,0,0,0,0,0,0,0,0,0,0,0,0,0,0,0,0,0,0,0,0,0,0,0,0,0,0,0,0,0,0,0,0,0,0,0,0,0,0,0
Region 17,Region 73,0,0,0,0,0,0,0,0,0,0,0,0,0,0,0,0,0,0,0,0,0,0,0,0,0,0,0,0,0,0,0,0,0,0,0,0,0,0,0,0,0,0,0,0,0,0,0,0
Region 17,Region 74,0,0,0,0,0,0,0,0,0,0,0,0,0,0,0,0,1,0.006,3,0.008,1,0.002,0,0,0,0,0,0,1,0.003,1,0.002,1,0.002,1,0.002,2,0.004,0,0,0,0,0,0,0,0,0,0
Region 17,Region 75,1,0.004,0,0,0,0,0,0,1,0.018,0,0,0,0,0,0,0,0,1,0.003,0,0,0,0,0,0,0,0,2,0.005,2,0.005,0,0,1,0.002,1,0.002,1,0.002,1,0.002,2,0.004,1,0.003,0,0
Region 18,Region 0,2,0.007,4,0.023,0,0,0,0,0,0,0,0,0,0,0,0,0,0,0,0,1,0.002,2,0.004,2,0.005,1,0.003,4,0.01,1,0.002,2,0.005,2,0.004,3,0.006,4,0.008,5,0.01,4,0.009,5,0.013,1,0.003
Region 18,Region 1,0,0,0,0,0,0,0,0,0,0,0,0,0,0,0,0,0,0,0,0,0,0,0,0,0,0,0,0,0,0,0,0,0,0,0,0,0,0,0,0,0,0,0,0,0,0,0,0
Region 18,Region 2,3,0.011,3,0.018,0,0,0,0,0,0,0,0,0,0,0,0,2,0.012,8,0.021,9,0.018,7,0.015,10,0.026,7,0.018,6,0.015,3,0.007,9,0.022,5,0.01,4,0.008,9,0.019,7,0.014,4,0.009,5,0.013,4,0.013
Region 18,Region 3,2,0.007,1,0.006,0,0,1,0.012,0,0,0,0,0,0,0,0,0,0,1,0.003,0,0,2,0.004,2,0.005,4,0.011,3,0.008,3,0.007,5,0.012,1,0.002,4,0.008,2,0.004,2,0.004,3,0.007,4,0.011,0,0
Region 18,Region 4,1,0.004,0,0,0,0,0,0,0,0,0,0,0,0,0,0,0,0,0,0,0,0,4,0.009,1,0.003,0,0,0,0,0,0,2,0.005,0,0,3,0.006,1,0.002,2,0.004,2,0.004,1,0.003,1,0.003
Region 18,Region 5,3,0.011,1,0.006,0,0,1,0.012,0,0,0,0,0,0,0,0,0,0,0,0,2,0.004,0,0,0,0,0,0,1,0.003,0,0,0,0,2,0.004,1,0.002,1,0.002,3,0.006,0,0,0,0,0,0
Region 18,Region 6,0,0,0,0,0,0,0,0,0,0,0,0,0,0,0,0,0,0,0,0,0,0,0,0,0,0,0,0,0,0,0,0,0,0,0,0,0,0,0,0,0,0,0,0,0,0,0,0
Region 18,Region 7,3,0.011,0,0,0,0,0,0,1,0.018,0,0,2,0.042,1,0.012,2,0.012,3,0.008,9,0.018,6,0.013,5,0.013,1,0.003,3,0.008,1,0.002,3,0.007,4,0.008,1,0.002,2,0.004,4,0.008,4,0.009,0,0,0,0
Region 18,Region 8,0,0,0,0,0,0,0,0,0,0,0,0,0,0,0,0,0,0,0,0,0,0,0,0,0,0,0,0,1,0.003,1,0.002,0,0,0,0,0,0,0,0,0,0,0,0,0,0,0,0
Region 18,Region 9,0,0,0,0,0,0,0,0,0,0,0,0,0,0,0,0,0,0,0,0,0,0,0,0,0,0,0,0,0,0,0,0,0,0,0,0,0,0,0,0,0,0,0,0,0,0,0,0
Region 18,Region 10,2,0.007,2,0.012,0,0,1,0.012,2,0.037,0,0,0,0,1,0.012,0,0,2,0.005,2,0.004,4,0.009,3,0.008,4,0.011,2,0.005,8,0.02,7,0.017,4,0.008,8,0.015,6,0.012,5,0.01,7,0.015,9,0.024,3,0.009
Region 18,Region 11,0,0,0,0,0,0,0,0,0,0,0,0,0,0,0,0,0,0,0,0,0,0,0,0,0,0,0,0,0,0,0,0,0,0,0,0,0,0,0,0,0,0,0,0,0,0,0,0
Region 18,Region 12,2,0.007,1,0.006,0,0,1,0.012,0,0,0,0,0,0,1,0.012,7,0.042,5,0.013,8,0.016,4,0.009,7,0.018,6,0.016,8,0.02,7,0.017,6,0.014,3,0.006,8,0.015,7,0.014,10,0.02,7,0.015,5,0.013,3,0.009
Region 18,Region 13,0,0,1,0.006,1,0.008,0,0,0,0,0,0,0,0,0,0,0,0,0,0,3,0.006,1,0.002,1,0.003,0,0,2,0.005,0,0,3,0.007,2,0.004,1,0.002,3,0.006,3,0.006,1,0.002,1,0.003,1,0.003
Region 18,Region 14,9,0.032,7,0.041,1,0.008,1,0.012,3,0.055,0,0,0,0,7,0.086,5,0.03,11,0.029,14,0.028,19,0.041,20,0.052,14,0.037,9,0.023,19,0.046,12,0.029,11,0.023,12,0.023,5,0.01,10,0.02,21,0.046,19,0.05,13,0.041
Region 18,Region 15,0,0,0,0,0,0,0,0,0,0,0,0,0,0,0,0,0,0,0,0,0,0,0,0,0,0,0,0,0,0,0,0,0,0,0,0,0,0,0,0,0,0,0,0,0,0,0,0
Region 18,Region 16,0,0,0,0,0,0,0,0,0,0,0,0,0,0,0,0,0,0,0,0,0,0,0,0,0,0,0,0,0,0,0,0,0,0,0,0,0,0,0,0,0,0,0,0,0,0,0,0
Region 18,Region 17,1,0.004,1,0.006,0,0,0,0,0,0,0,0,0,0,0,0,0,0,1,0.003,0,0,0,0,0,0,1,0.003,0,0,0,0,0,0,0,0,0,0,0,0,3,0.006,1,0.002,2,0.005,2,0.006
Region 18,Region 18,43,0.152,18,0.106,13,0.107,5,0.062,8,0.148,5,0.113,0,0,1,0.012,8,0.048,25,0.066,60,0.121,60,0.13,53,0.137,54,0.142,55,0.141,56,0.137,56,0.135,62,0.129,69,0.131,62,0.128,39,0.077,57,0.124,40,0.105,29,0.091
Region 18,Region 19,0,0,0,0,0,0,0,0,0,0,0,0,0,0,0,0,0,0,0,0,1,0.002,1,0.002,0,0,0,0,3,0.008,0,0,0,0,1,0.002,0,0,3,0.006,1,0.002,0,0,3,0.008,0,0
Region 18,Region 20,0,0,0,0,1,0.008,0,0,0,0,2,0.045,0,0,3,0.037,8,0.048,9,0.024,10,0.02,4,0.009,3,0.008,3,0.008,4,0.01,4,0.01,2,0.005,1,0.002,0,0,5,0.01,1,0.002,3,0.007,1,0.003,1,0.003
Region 18,Region 21,6,0.021,2,0.012,2,0.016,2,0.025,0,0,0,0,0,0,0,0,3,0.018,7,0.018,15,0.03,20,0.043,14,0.036,17,0.045,14,0.036,20,0.049,19,0.046,13,0.027,21,0.04,17,0.035,12,0.024,15,0.033,10,0.026,11,0.035
Region 18,Region 22,0,0,0,0,0,0,0,0,0,0,0,0,0,0,0,0,1,0.006,1,0.003,0,0,3,0.007,5,0.013,0,0,1,0.003,2,0.005,2,0.005,4,0.008,4,0.008,3,0.006,1,0.002,2,0.004,2,0.005,1,0.003
Region 18,Region 23,1,0.004,0,0,1,0.008,0,0,0,0,0,0,0,0,0,0,0,0,0,0,1,0.002,1,0.002,0,0,0,0,0,0,1,0.002,2,0.005,2,0.004,1,0.002,3,0.006,2,0.004,2,0.004,2,0.005,0,0
Region 18,Region 24,2,0.007,0,0,0,0,0,0,0,0,0,0,0,0,0,0,0,0,2,0.005,6,0.012,12,0.026,5,0.013,7,0.018,9,0.023,11,0.027,6,0.014,8,0.017,10,0.019,12,0.025,14,0.028,9,0.02,6,0.016,3,0.009
Region 18,Region 25,0,0,0,0,0,0,0,0,0,0,0,0,0,0,0,0,0,0,1,0.003,0,0,0,0,0,0,0,0,0,0,0,0,0,0,0,0,0,0,1,0.002,0,0,0,0,0,0,0,0
Region 18,Region 26,0,0,0,0,0,0,0,0,0,0,0,0,0,0,0,0,1,0.006,1,0.003,5,0.01,1,0.002,0,0,1,0.003,2,0.005,1,0.002,2,0.005,0,0,3,0.006,2,0.004,2,0.004,3,0.007,1,0.003,0,0
Region 18,Region 27,1,0.004,0,0,1,0.008,0,0,0,0,0,0,0,0,0,0,1,0.006,0,0,1,0.002,0,0,0,0,1,0.003,0,0,0,0,0,0,0,0,3,0.006,1,0.002,2,0.004,2,0.004,1,0.003,3,0.009
Region 18,Region 28,0,0,0,0,0,0,0,0,0,0,0,0,0,0,0,0,0,0,0,0,0,0,0,0,0,0,0,0,0,0,0,0,0,0,1,0.002,2,0.004,0,0,0,0,1,0.002,1,0.003,0,0
Region 18,Region 29,1,0.004,1,0.006,1,0.008,0,0,0,0,0,0,1,0.021,1,0.012,1,0.006,2,0.005,8,0.016,7,0.015,3,0.008,3,0.008,2,0.005,3,0.007,2,0.005,0,0,4,0.008,2,0.004,0,0,1,0.002,0,0,0,0
Region 18,Region 30,6,0.021,5,0.029,2,0.016,3,0.037,1,0.018,1,0.023,0,0,0,0,1,0.006,5,0.013,9,0.018,14,0.03,11,0.028,14,0.037,16,0.041,11,0.027,9,0.022,14,0.029,18,0.034,12,0.025,15,0.03,12,0.026,8,0.021,6,0.019
Region 18,Region 31,3,0.011,1,0.006,0,0,1,0.012,0,0,0,0,0,0,1,0.012,1,0.006,3,0.008,3,0.006,8,0.017,4,0.01,9,0.024,10,0.026,6,0.015,5,0.012,4,0.008,13,0.025,13,0.027,3,0.006,5,0.011,2,0.005,3,0.009
Region 18,Region 32,0,0,0,0,0,0,0,0,0,0,0,0,0,0,0,0,0,0,0,0,0,0,0,0,1,0.003,0,0,0,0,0,0,0,0,0,0,0,0,2,0.004,0,0,0,0,1,0.003,2,0.006
Region 18,Region 33,0,0,0,0,0,0,0,0,0,0,0,0,0,0,0,0,0,0,0,0,0,0,0,0,0,0,0,0,0,0,0,0,0,0,0,0,1,0.002,0,0,0,0,0,0,1,0.003,0,0
Region 18,Region 34,0,0,0,0,0,0,0,0,0,0,0,0,0,0,0,0,0,0,0,0,0,0,0,0,0,0,0,0,0,0,0,0,0,0,0,0,0,0,0,0,0,0,0,0,0,0,0,0
Region 18,Region 35,0,0,0,0,0,0,0,0,0,0,0,0,0,0,0,0,0,0,1,0.003,0,0,0,0,0,0,0,0,0,0,0,0,0,0,0,0,0,0,0,0,0,0,0,0,0,0,0,0
Region 18,Region 36,1,0.004,0,0,0,0,0,0,0,0,0,0,0,0,0,0,0,0,1,0.003,1,0.002,0,0,0,0,1,0.003,2,0.005,3,0.007,0,0,0,0,3,0.006,0,0,1,0.002,0,0,3,0.008,3,0.009
Region 18,Region 37,11,0.039,11,0.065,1,0.008,4,0.05,2,0.037,1,0.023,0,0,0,0,3,0.018,10,0.026,11,0.022,23,0.05,12,0.031,13,0.034,13,0.033,13,0.032,16,0.039,14,0.029,29,0.055,20,0.041,22,0.044,19,0.041,16,0.042,17,0.053
Region 18,Region 38,1,0.004,0,0,0,0,1,0.012,0,0,1,0.023,0,0,2,0.025,2,0.012,6,0.016,11,0.022,10,0.022,12,0.031,8,0.021,7,0.018,6,0.015,4,0.01,8,0.017,15,0.029,14,0.029,15,0.03,9,0.02,5,0.013,3,0.009
Region 18,Region 39,0,0,0,0,0,0,0,0,0,0,0,0,0,0,0,0,0,0,0,0,2,0.004,4,0.009,0,0,0,0,0,0,1,0.002,0,0,4,0.008,0,0,0,0,0,0,0,0,2,0.005,2,0.006
Region 18,Region 40,0,0,0,0,0,0,0,0,0,0,0,0,0,0,0,0,0,0,0,0,0,0,0,0,0,0,0,0,0,0,0,0,0,0,0,0,0,0,0,0,0,0,0,0,0,0,0,0
Region 18,Region 41,0,0,0,0,0,0,0,0,0,0,0,0,0,0,0,0,0,0,1,0.003,0,0,0,0,0,0,0,0,0,0,0,0,0,0,0,0,1,0.002,0,0,0,0,0,0,0,0,0,0
Region 18,Region 42,0,0,0,0,0,0,0,0,0,0,0,0,0,0,0,0,0,0,0,0,0,0,0,0,0,0,0,0,0,0,0,0,0,0,0,0,0,0,0,0,0,0,0,0,0,0,0,0
Region 18,Region 43,11,0.039,6,0.035,5,0.041,0,0,0,0,1,0.023,3,0.063,1,0.012,2,0.012,2,0.005,8,0.016,8,0.017,12,0.031,10,0.026,17,0.044,16,0.039,18,0.043,13,0.027,19,0.036,18,0.037,12,0.024,17,0.037,18,0.047,7,0.022
Region 18,Region 44,0,0,0,0,0,0,0,0,0,0,0,0,0,0,0,0,0,0,0,0,0,0,0,0,0,0,0,0,0,0,0,0,0,0,0,0,0,0,0,0,0,0,0,0,0,0,0,0
Region 18,Region 45,0,0,1,0.006,1,0.008,1,0.012,0,0,0,0,0,0,1,0.012,4,0.024,1,0.003,2,0.004,1,0.002,0,0,0,0,2,0.005,1,0.002,1,0.002,3,0.006,2,0.004,0,0,3,0.006,2,0.004,1,0.003,3,0.009
Region 18,Region 46,0,0,0,0,0,0,0,0,0,0,0,0,0,0,1,0.012,0,0,5,0.013,4,0.008,4,0.009,1,0.003,1,0.003,4,0.01,2,0.005,6,0.014,4,0.008,4,0.008,5,0.01,4,0.008,6,0.013,4,0.011,1,0.003
Region 18,Region 47,5,0.018,3,0.018,0,0,0,0,0,0,1,0.023,0,0,0,0,12,0.073,15,0.04,33,0.067,21,0.046,12,0.031,16,0.042,9,0.023,17,0.041,10,0.024,26,0.054,31,0.059,36,0.075,29,0.057,20,0.043,17,0.045,11,0.035
Region 18,Region 48,0,0,0,0,0,0,0,0,0,0,0,0,1,0.021,0,0,0,0,3,0.008,10,0.02,7,0.015,7,0.018,6,0.016,2,0.005,3,0.007,4,0.01,6,0.012,8,0.015,5,0.01,6,0.012,2,0.004,1,0.003,0,0
Region 18,Region 49,2,0.007,2,0.012,1,0.008,1,0.012,0,0,0,0,0,0,2,0.025,0,0,4,0.011,13,0.026,9,0.02,3,0.008,6,0.016,6,0.015,5,0.012,2,0.005,8,0.017,11,0.021,7,0.014,3,0.006,12,0.026,5,0.013,2,0.006
Region 18,Region 50,3,0.011,1,0.006,1,0.008,1,0.012,0,0,0,0,1,0.021,0,0,1,0.006,3,0.008,3,0.006,4,0.009,8,0.021,3,0.008,1,0.003,4,0.01,4,0.01,5,0.01,3,0.006,11,0.023,5,0.01,3,0.007,4,0.011,3,0.009
Region 18,Region 51,7,0.025,4,0.023,2,0.016,2,0.025,0,0,0,0,0,0,0,0,2,0.012,7,0.018,9,0.018,15,0.033,13,0.033,13,0.034,9,0.023,20,0.049,15,0.036,15,0.031,14,0.027,15,0.031,11,0.022,16,0.035,13,0.034,9,0.028
Region 18,Region 52,1,0.004,1,0.006,2,0.016,1,0.012,0,0,1,0.023,0,0,1,0.012,2,0.012,3,0.008,2,0.004,3,0.007,2,0.005,2,0.005,6,0.015,4,0.01,1,0.002,5,0.01,6,0.011,3,0.006,7,0.014,6,0.013,7,0.018,4,0.013
Region 18,Region 53,9,0.032,4,0.023,1,0.008,1,0.012,1,0.018,0,0,0,0,4,0.049,2,0.012,9,0.024,28,0.057,20,0.043,16,0.041,18,0.047,14,0.036,14,0.034,18,0.043,18,0.037,21,0.04,24,0.05,25,0.05,10,0.022,12,0.032,11,0.035
Region 18,Region 54,1,0.004,0,0,0,0,0,0,0,0,0,0,0,0,0,0,0,0,2,0.005,1,0.002,1,0.002,0,0,1,0.003,0,0,3,0.007,0,0,1,0.002,1,0.002,1,0.002,0,0,0,0,0,0,2,0.006
Region 18,Region 55,0,0,0,0,0,0,0,0,0,0,0,0,0,0,0,0,0,0,0,0,0,0,1,0.002,1,0.003,0,0,0,0,0,0,1,0.002,0,0,1,0.002,0,0,1,0.002,1,0.002,1,0.003,0,0
Region 18,Region 56,3,0.011,0,0,0,0,0,0,0,0,0,0,1,0.021,0,0,0,0,0,0,2,0.004,0,0,3,0.008,2,0.005,6,0.015,2,0.005,2,0.005,3,0.006,6,0.011,5,0.01,5,0.01,0,0,2,0.005,1,0.003
Region 18,Region 57,0,0,1,0.006,1,0.008,0,0,0,0,0,0,0,0,0,0,0,0,0,0,0,0,0,0,0,0,0,0,1,0.003,0,0,0,0,0,0,0,0,2,0.004,1,0.002,0,0,0,0,1,0.003
Region 18,Region 58,0,0,0,0,0,0,0,0,0,0,0,0,0,0,0,0,0,0,0,0,0,0,0,0,0,0,0,0,0,0,0,0,0,0,0,0,0,0,0,0,0,0,0,0,0,0,0,0
Region 18,Region 59,0,0,0,0,0,0,0,0,0,0,0,0,0,0,0,0,0,0,0,0,0,0,0,0,0,0,0,0,0,0,0,0,0,0,0,0,0,0,0,0,0,0,0,0,0,0,0,0
Region 18,Region 60,0,0,1,0.006,0,0,0,0,0,0,0,0,0,0,2,0.025,1,0.006,5,0.013,9,0.018,2,0.004,3,0.008,2,0.005,4,0.01,1,0.002,0,0,2,0.004,2,0.004,2,0.004,1,0.002,4,0.009,0,0,0,0
Region 18,Region 61,1,0.004,0,0,0,0,0,0,0,0,0,0,0,0,0,0,1,0.006,1,0.003,1,0.002,0,0,0,0,1,0.003,1,0.003,1,0.002,1,0.002,3,0.006,3,0.006,3,0.006,1,0.002,2,0.004,2,0.005,0,0
Region 18,Region 62,2,0.007,1,0.006,1,0.008,0,0,0,0,0,0,0,0,1,0.012,2,0.012,3,0.008,6,0.012,5,0.011,4,0.01,4,0.011,5,0.013,2,0.005,6,0.014,5,0.01,6,0.011,2,0.004,8,0.016,0,0,3,0.008,3,0.009
Region 18,Region 63,0,0,0,0,0,0,0,0,0,0,0,0,0,0,0,0,0,0,0,0,0,0,0,0,0,0,0,0,0,0,0,0,0,0,0,0,0,0,0,0,0,0,0,0,0,0,0,0
Region 18,Region 64,0,0,1,0.006,0,0,0,0,0,0,0,0,0,0,0,0,0,0,0,0,5,0.01,0,0,1,0.003,0,0,1,0.003,1,0.002,0,0,0,0,0,0,0,0,0,0,0,0,0,0,0,0
Region 18,Region 65,0,0,1,0.006,0,0,0,0,0,0,0,0,0,0,0,0,0,0,1,0.003,1,0.002,2,0.004,1,0.003,3,0.008,1,0.003,3,0.007,2,0.005,1,0.002,1,0.002,4,0.008,4,0.008,1,0.002,3,0.008,3,0.009
Region 18,Region 66,2,0.007,0,0,0,0,0,0,0,0,0,0,0,0,0,0,1,0.006,1,0.003,2,0.004,4,0.009,1,0.003,3,0.008,0,0,0,0,2,0.005,1,0.002,5,0.01,4,0.008,4,0.008,2,0.004,3,0.008,0,0
Region 18,Region 67,6,0.021,2,0.012,1,0.008,0,0,0,0,0,0,0,0,1,0.012,5,0.03,5,0.013,13,0.026,10,0.022,8,0.021,11,0.029,13,0.033,4,0.01,4,0.01,9,0.019,11,0.021,8,0.017,4,0.008,5,0.011,2,0.005,5,0.016
Region 18,Region 68,5,0.018,4,0.023,2,0.016,1,0.012,2,0.037,1,0.023,1,0.021,0,0,4,0.024,7,0.018,13,0.026,23,0.05,20,0.052,16,0.042,16,0.041,24,0.059,24,0.058,21,0.044,20,0.038,17,0.035,18,0.036,19,0.041,8,0.021,12,0.038
Region 18,Region 69,17,0.06,9,0.053,7,0.058,3,0.037,5,0.092,3,0.068,2,0.042,3,0.037,6,0.036,19,0.05,43,0.087,53,0.115,28,0.072,39,0.103,44,0.113,50,0.122,45,0.109,42,0.087,53,0.101,34,0.07,33,0.065,37,0.08,36,0.095,30,0.094
Region 18,Region 70,0,0,0,0,1,0.008,0,0,0,0,0,0,0,0,0,0,1,0.006,3,0.008,7,0.014,5,0.011,5,0.013,3,0.008,4,0.01,2,0.005,0,0,2,0.004,3,0.006,1,0.002,3,0.006,4,0.009,1,0.003,3,0.009
Region 18,Region 71,1,0.004,0,0,0,0,0,0,0,0,0,0,0,0,0,0,0,0,0,0,3,0.006,3,0.007,1,0.003,1,0.003,2,0.005,0,0,0,0,1,0.002,6,0.011,3,0.006,4,0.008,4,0.009,1,0.003,3,0.009
Region 18,Region 72,0,0,0,0,0,0,0,0,0,0,0,0,0,0,0,0,0,0,0,0,0,0,0,0,0,0,0,0,0,0,0,0,0,0,0,0,0,0,0,0,0,0,0,0,0,0,0,0
Region 18,Region 73,0,0,0,0,0,0,0,0,0,0,0,0,0,0,0,0,0,0,0,0,0,0,0,0,0,0,0,0,0,0,0,0,0,0,0,0,0,0,0,0,0,0,0,0,0,0,0,0
Region 18,Region 74,0,0,2,0.012,0,0,0,0,0,0,0,0,1,0.021,0,0,0,0,0,0,0,0,1,0.002,0,0,0,0,2,0.005,1,0.002,1,0.002,0,0,0,0,1,0.002,1,0.002,1,0.002,0,0,0,0
Region 18,Region 75,0,0,0,0,0,0,0,0,0,0,0,0,0,0,0,0,0,0,0,0,0,0,0,0,1,0.003,0,0,0,0,0,0,0,0,0,0,0,0,0,0,0,0,0,0,0,0,0,0
Region 19,Region 0,1,0.004,1,0.006,0,0,0,0,0,0,0,0,0,0,0,0,0,0,0,0,1,0.002,0,0,0,0,0,0,0,0,1,0.002,0,0,2,0.004,1,0.002,0,0,0,0,0,0,0,0,0,0
Region 19,Region 1,0,0,0,0,0,0,0,0,0,0,0,0,0,0,0,0,0,0,0,0,0,0,0,0,0,0,0,0,0,0,0,0,0,0,0,0,0,0,0,0,0,0,0,0,0,0,0,0
Region 19,Region 2,2,0.007,0,0,1,0.008,0,0,0,0,0,0,0,0,0,0,0,0,1,0.003,2,0.004,4,0.009,0,0,1,0.003,0,0,0,0,1,0.002,4,0.008,0,0,4,0.008,1,0.002,1,0.002,2,0.005,0,0
Region 19,Region 3,3,0.011,1,0.006,0,0,0,0,0,0,1,0.023,1,0.021,1,0.012,1,0.006,2,0.005,4,0.008,3,0.007,2,0.005,3,0.008,4,0.01,4,0.01,4,0.01,8,0.017,7,0.013,5,0.01,5,0.01,5,0.011,5,0.013,4,0.013
Region 19,Region 4,1,0.004,0,0,0,0,1,0.012,0,0,0,0,0,0,0,0,0,0,0,0,4,0.008,3,0.007,0,0,0,0,0,0,2,0.005,0,0,3,0.006,2,0.004,4,0.008,1,0.002,2,0.004,1,0.003,1,0.003
Region 19,Region 5,50,0.176,35,0.205,21,0.173,17,0.211,14,0.258,5,0.113,10,0.21,17,0.209,26,0.157,66,0.174,65,0.132,63,0.137,60,0.155,66,0.174,68,0.174,48,0.117,60,0.145,95,0.197,121,0.231,108,0.224,99,0.196,101,0.219,63,0.166,47,0.148
Region 19,Region 6,0,0,0,0,0,0,0,0,0,0,0,0,0,0,0,0,0,0,0,0,0,0,0,0,0,0,0,0,0,0,0,0,0,0,0,0,0,0,0,0,0,0,0,0,0,0,0,0
Region 19,Region 7,37,0.13,27,0.158,17,0.14,16,0.198,6,0.111,11,0.249,7,0.147,9,0.111,19,0.115,46,0.121,102,0.207,97,0.211,69,0.178,52,0.137,54,0.138,70,0.171,55,0.133,86,0.179,94,0.179,77,0.159,65,0.129,65,0.141,59,0.155,47,0.148
Region 19,Region 8,0,0,0,0,0,0,0,0,0,0,0,0,0,0,0,0,0,0,0,0,0,0,0,0,0,0,0,0,0,0,0,0,0,0,0,0,0,0,1,0.002,0,0,0,0,0,0,0,0
Region 19,Region 9,0,0,0,0,0,0,0,0,0,0,0,0,0,0,0,0,0,0,0,0,0,0,0,0,0,0,0,0,0,0,0,0,0,0,0,0,0,0,0,0,0,0,0,0,0,0,0,0
Region 19,Region 10,1,0.004,0,0,0,0,0,0,1,0.018,0,0,0,0,0,0,0,0,2,0.005,2,0.004,0,0,0,0,1,0.003,0,0,0,0,2,0.005,2,0.004,2,0.004,2,0.004,1,0.002,2,0.004,0,0,0,0
Region 19,Region 11,0,0,0,0,0,0,0,0,0,0,0,0,0,0,0,0,0,0,0,0,0,0,0,0,0,0,0,0,0,0,0,0,0,0,0,0,0,0,0,0,0,0,0,0,0,0,0,0
Region 19,Region 12,71,0.25,32,0.188,29,0.238,18,0.223,19,0.35,13,0.294,5,0.105,13,0.16,37,0.224,75,0.198,113,0.229,99,0.215,79,0.204,83,0.219,74,0.19,74,0.18,90,0.217,126,0.262,121,0.231,128,0.265,135,0.268,103,0.223,82,0.216,80,0.252
Region 19,Region 13,0,0,0,0,0,0,1,0.012,0,0,0,0,1,0.021,1,0.012,0,0,1,0.003,1,0.002,2,0.004,1,0.003,1,0.003,1,0.003,1,0.002,0,0,3,0.006,6,0.011,7,0.014,3,0.006,1,0.002,0,0,2,0.006
Region 19,Region 14,35,0.123,32,0.188,23,0.189,12,0.149,10,0.184,6,0.136,9,0.189,16,0.197,47,0.284,63,0.166,82,0.166,84,0.182,70,0.18,52,0.137,47,0.12,57,0.139,32,0.077,47,0.098,41,0.078,37,0.077,43,0.085,46,0.1,33,0.087,36,0.113
Region 19,Region 15,0,0,0,0,0,0,0,0,0,0,0,0,0,0,0,0,0,0,0,0,0,0,0,0,0,0,0,0,0,0,0,0,0,0,0,0,0,0,0,0,0,0,0,0,0,0,0,0
Region 19,Region 16,0,0,0,0,0,0,0,0,0,0,0,0,0,0,0,0,0,0,0,0,0,0,0,0,0,0,0,0,0,0,0,0,0,0,0,0,0,0,0,0,0,0,0,0,0,0,0,0
Region 19,Region 17,0,0,1,0.006,0,0,0,0,0,0,0,0,0,0,1,0.012,0,0,1,0.003,0,0,0,0,0,0,0,0,0,0,1,0.002,1,0.002,0,0,1,0.002,1,0.002,1,0.002,2,0.004,0,0,0,0
Region 19,Region 18,0,0,1,0.006,0,0,0,0,0,0,0,0,0,0,0,0,0,0,1,0.003,2,0.004,1,0.002,0,0,1,0.003,0,0,2,0.005,0,0,2,0.004,2,0.004,3,0.006,2,0.004,2,0.004,0,0,0,0
Region 19,Region 19,243,0.857,115,0.675,115,0.946,68,0.843,49,0.904,41,0.928,41,0.859,57,0.701,87,0.527,230,0.607,393,0.796,369,0.801,304,0.783,321,0.847,329,0.843,334,0.814,361,0.872,502,1.043,482,0.918,404,0.836,356,0.705,340,0.737,273,0.719,241,0.758
Region 19,Region 20,40,0.141,21,0.123,16,0.132,7,0.087,9,0.166,12,0.271,11,0.231,26,0.32,24,0.145,45,0.119,75,0.152,42,0.091,33,0.085,32,0.084,42,0.108,54,0.132,30,0.072,62,0.129,67,0.128,72,0.149,89,0.176,54,0.117,45,0.119,25,0.079
Region 19,Region 21,1,0.004,0,0,0,0,0,0,0,0,0,0,0,0,0,0,1,0.006,0,0,3,0.006,1,0.002,2,0.005,4,0.011,1,0.003,2,0.005,0,0,3,0.006,4,0.008,1,0.002,2,0.004,2,0.004,0,0,0,0
Region 19,Region 22,4,0.014,0,0,3,0.025,1,0.012,2,0.037,0,0,0,0,1,0.012,1,0.006,7,0.018,6,0.012,8,0.017,7,0.018,10,0.026,6,0.015,2,0.005,3,0.007,11,0.023,11,0.021,8,0.017,11,0.022,8,0.017,7,0.018,2,0.006
Region 19,Region 23,2,0.007,0,0,0,0,0,0,0,0,0,0,0,0,3,0.037,0,0,1,0.003,0,0,0,0,1,0.003,0,0,1,0.003,0,0,0,0,2,0.004,2,0.004,3,0.006,2,0.004,2,0.004,0,0,1,0.003
Region 19,Region 24,0,0,1,0.006,0,0,0,0,0,0,0,0,0,0,0,0,1,0.006,1,0.003,0,0,0,0,0,0,2,0.005,0,0,0,0,0,0,0,0,0,0,0,0,0,0,0,0,1,0.003,0,0
Region 19,Region 25,0,0,0,0,0,0,1,0.012,0,0,0,0,0,0,0,0,0,0,1,0.003,0,0,1,0.002,0,0,0,0,0,0,0,0,0,0,0,0,1,0.002,0,0,1,0.002,1,0.002,1,0.003,0,0
Region 19,Region 26,0,0,1,0.006,0,0,0,0,0,0,0,0,0,0,0,0,0,0,0,0,1,0.002,0,0,0,0,0,0,0,0,0,0,0,0,0,0,0,0,0,0,0,0,0,0,0,0,0,0
Region 19,Region 27,0,0,0,0,0,0,0,0,0,0,0,0,0,0,0,0,0,0,0,0,0,0,0,0,1,0.003,0,0,0,0,0,0,0,0,0,0,0,0,0,0,0,0,0,0,0,0,0,0
Region 19,Region 28,0,0,0,0,0,0,0,0,0,0,0,0,0,0,0,0,1,0.006,1,0.003,1,0.002,0,0,0,0,0,0,0,0,0,0,0,0,0,0,1,0.002,1,0.002,0,0,0,0,0,0,0,0
Region 19,Region 29,48,0.169,22,0.129,15,0.123,20,0.248,8,0.148,11,0.249,8,0.168,16,0.197,28,0.169,54,0.143,136,0.275,97,0.211,52,0.134,54,0.142,58,0.149,55,0.134,64,0.155,84,0.174,95,0.181,78,0.161,60,0.119,43,0.093,37,0.098,31,0.097
Region 19,Region 30,0,0,0,0,0,0,0,0,0,0,0,0,0,0,0,0,0,0,1,0.003,2,0.004,3,0.007,2,0.005,2,0.005,4,0.01,3,0.007,1,0.002,5,0.01,2,0.004,0,0,3,0.006,1,0.002,0,0,0,0
Region 19,Region 31,2,0.007,0,0,1,0.008,0,0,0,0,2,0.045,0,0,1,0.012,1,0.006,2,0.005,5,0.01,3,0.007,3,0.008,5,0.013,1,0.003,3,0.007,6,0.014,5,0.01,6,0.011,7,0.014,6,0.012,5,0.011,5,0.013,1,0.003
Region 19,Region 32,0,0,0,0,0,0,0,0,0,0,0,0,0,0,0,0,0,0,1,0.003,0,0,1,0.002,0,0,0,0,0,0,0,0,0,0,0,0,0,0,2,0.004,1,0.002,0,0,1,0.003,0,0
Region 19,Region 33,0,0,1,0.006,0,0,0,0,0,0,0,0,0,0,0,0,0,0,0,0,2,0.004,0,0,0,0,0,0,0,0,0,0,0,0,0,0,0,0,0,0,0,0,0,0,0,0,0,0
Region 19,Region 34,0,0,0,0,0,0,0,0,0,0,0,0,0,0,0,0,0,0,0,0,0,0,0,0,0,0,0,0,0,0,0,0,0,0,0,0,0,0,0,0,0,0,0,0,0,0,0,0
Region 19,Region 35,0,0,0,0,0,0,0,0,0,0,0,0,0,0,0,0,0,0,0,0,0,0,0,0,0,0,0,0,0,0,0,0,0,0,0,0,0,0,0,0,0,0,0,0,0,0,0,0
Region 19,Region 36,0,0,0,0,0,0,0,0,0,0,0,0,0,0,1,0.012,0,0,1,0.003,1,0.002,0,0,1,0.003,0,0,0,0,0,0,0,0,1,0.002,0,0,1,0.002,1,0.002,0,0,0,0,0,0
Region 19,Region 37,1,0.004,2,0.012,1,0.008,0,0,0,0,1,0.023,0,0,0,0,0,0,0,0,2,0.004,1,0.002,2,0.005,1,0.003,2,0.005,3,0.007,0,0,0,0,2,0.004,5,0.01,1,0.002,1,0.002,0,0,0,0
Region 19,Region 38,0,0,1,0.006,0,0,0,0,0,0,0,0,0,0,0,0,0,0,1,0.003,3,0.006,3,0.007,2,0.005,3,0.008,2,0.005,3,0.007,4,0.01,2,0.004,3,0.006,5,0.01,8,0.016,3,0.007,1,0.003,1,0.003
Region 19,Region 39,0,0,0,0,0,0,0,0,0,0,0,0,0,0,0,0,2,0.012,1,0.003,0,0,0,0,0,0,0,0,0,0,0,0,0,0,0,0,0,0,0,0,0,0,0,0,0,0,0,0
Region 19,Region 40,0,0,0,0,0,0,0,0,0,0,0,0,0,0,0,0,0,0,0,0,0,0,0,0,0,0,0,0,0,0,0,0,0,0,0,0,0,0,0,0,0,0,0,0,0,0,0,0
Region 19,Region 41,0,0,1,0.006,0,0,0,0,0,0,0,0,0,0,0,0,0,0,1,0.003,4,0.008,0,0,1,0.003,0,0,1,0.003,0,0,0,0,0,0,1,0.002,2,0.004,0,0,0,0,1,0.003,0,0
Region 19,Region 42,0,0,0,0,0,0,0,0,0,0,0,0,0,0,0,0,0,0,0,0,0,0,0,0,0,0,0,0,0,0,0,0,0,0,0,0,0,0,0,0,0,0,0,0,0,0,0,0
Region 19,Region 43,0,0,0,0,0,0,0,0,0,0,0,0,0,0,0,0,0,0,0,0,2,0.004,1,0.002,2,0.005,0,0,1,0.003,2,0.005,0,0,0,0,1,0.002,1,0.002,2,0.004,0,0,0,0,0,0
Region 19,Region 44,0,0,0,0,0,0,0,0,0,0,0,0,0,0,0,0,0,0,0,0,0,0,0,0,0,0,0,0,0,0,0,0,0,0,0,0,0,0,0,0,0,0,0,0,0,0,0,0
Region 19,Region 45,4,0.014,0,0,0,0,0,0,6,0.111,5,0.113,1,0.021,1,0.012,0,0,2,0.005,8,0.016,5,0.011,6,0.015,4,0.011,3,0.008,7,0.017,5,0.012,9,0.019,7,0.013,6,0.012,7,0.014,7,0.015,4,0.011,0,0
Region 19,Region 46,1,0.004,0,0,0,0,0,0,0,0,0,0,1,0.021,1,0.012,0,0,1,0.003,4,0.008,1,0.002,1,0.003,2,0.005,2,0.005,0,0,0,0,1,0.002,5,0.01,3,0.006,2,0.004,2,0.004,0,0,0,0
Region 19,Region 47,0,0,0,0,0,0,0,0,0,0,0,0,0,0,1,0.012,1,0.006,3,0.008,6,0.012,2,0.004,1,0.003,1,0.003,1,0.003,4,0.01,5,0.012,4,0.008,3,0.006,6,0.012,1,0.002,4,0.009,0,0,4,0.013
Region 19,Region 48,4,0.014,0,0,2,0.016,0,0,1,0.018,0,0,0,0,0,0,2,0.012,2,0.005,9,0.018,9,0.02,7,0.018,8,0.021,7,0.018,4,0.01,2,0.005,6,0.012,10,0.019,8,0.017,6,0.012,4,0.009,1,0.003,4,0.013
Region 19,Region 49,6,0.021,2,0.012,2,0.016,1,0.012,0,0,0,0,0,0,0,0,1,0.006,0,0,2,0.004,3,0.007,2,0.005,0,0,1,0.003,2,0.005,2,0.005,1,0.002,3,0.006,2,0.004,2,0.004,5,0.011,2,0.005,2,0.006
Region 19,Region 50,1,0.004,2,0.012,0,0,0,0,0,0,0,0,2,0.042,1,0.012,1,0.006,3,0.008,1,0.002,2,0.004,2,0.005,0,0,6,0.015,2,0.005,0,0,2,0.004,3,0.006,5,0.01,4,0.008,3,0.007,1,0.003,3,0.009
Region 19,Region 51,0,0,1,0.006,0,0,0,0,0,0,0,0,0,0,0,0,1,0.006,0,0,1,0.002,0,0,3,0.008,1,0.003,1,0.003,2,0.005,0,0,4,0.008,5,0.01,3,0.006,5,0.01,1,0.002,0,0,0,0
Region 19,Region 52,5,0.018,0,0,1,0.008,1,0.012,0,0,0,0,0,0,0,0,0,0,0,0,4,0.008,2,0.004,1,0.003,2,0.005,4,0.01,0,0,0,0,5,0.01,7,0.013,5,0.01,3,0.006,1,0.002,1,0.003,0,0
Region 19,Region 53,0,0,0,0,0,0,0,0,0,0,0,0,0,0,0,0,0,0,0,0,0,0,3,0.007,0,0,2,0.005,0,0,3,0.007,2,0.005,1,0.002,4,0.008,3,0.006,2,0.004,0,0,0,0,0,0
Region 19,Region 54,9,0.032,6,0.035,8,0.066,6,0.074,2,0.037,3,0.068,4,0.084,2,0.025,7,0.042,11,0.029,13,0.026,12,0.026,7,0.018,13,0.034,10,0.026,11,0.027,14,0.034,22,0.046,31,0.059,26,0.054,32,0.063,16,0.035,16,0.042,15,0.047
Region 19,Region 55,0,0,0,0,0,0,0,0,0,0,0,0,0,0,0,0,0,0,0,0,0,0,0,0,0,0,0,0,0,0,0,0,0,0,0,0,2,0.004,0,0,0,0,0,0,0,0,0,0
Region 19,Region 56,1,0.004,0,0,0,0,0,0,0,0,0,0,0,0,0,0,0,0,0,0,0,0,0,0,1,0.003,0,0,0,0,1,0.002,1,0.002,1,0.002,0,0,0,0,1,0.002,0,0,0,0,1,0.003
Region 19,Region 57,0,0,0,0,0,0,0,0,0,0,0,0,0,0,0,0,0,0,0,0,2,0.004,0,0,1,0.003,0,0,0,0,0,0,0,0,1,0.002,2,0.004,0,0,0,0,0,0,1,0.003,0,0
Region 19,Region 58,0,0,0,0,0,0,0,0,0,0,0,0,0,0,0,0,0,0,0,0,0,0,0,0,0,0,0,0,0,0,0,0,0,0,0,0,0,0,0,0,0,0,0,0,0,0,0,0
Region 19,Region 59,0,0,0,0,0,0,0,0,0,0,0,0,0,0,0,0,0,0,0,0,0,0,0,0,0,0,0,0,0,0,0,0,0,0,0,0,0,0,0,0,0,0,0,0,0,0,0,0
Region 19,Region 60,4,0.014,2,0.012,3,0.025,1,0.012,2,0.037,1,0.023,0,0,0,0,5,0.03,18,0.048,63,0.128,39,0.085,25,0.064,20,0.053,18,0.046,15,0.037,18,0.043,18,0.037,23,0.044,15,0.031,14,0.028,14,0.03,9,0.024,7,0.022
Region 19,Region 61,0,0,0,0,0,0,0,0,0,0,0,0,0,0,1,0.012,2,0.012,0,0,0,0,0,0,0,0,0,0,0,0,0,0,0,0,0,0,0,0,0,0,1,0.002,0,0,0,0,1,0.003
Region 19,Region 62,1,0.004,0,0,1,0.008,0,0,0,0,0,0,0,0,0,0,1,0.006,2,0.005,5,0.01,2,0.004,2,0.005,2,0.005,2,0.005,3,0.007,1,0.002,4,0.008,1,0.002,4,0.008,3,0.006,1,0.002,2,0.005,1,0.003
Region 19,Region 63,0,0,0,0,0,0,0,0,0,0,0,0,0,0,0,0,0,0,0,0,0,0,0,0,0,0,0,0,0,0,0,0,0,0,0,0,0,0,0,0,0,0,0,0,0,0,0,0
Region 19,Region 64,3,0.011,4,0.023,2,0.016,1,0.012,0,0,2,0.045,2,0.042,1,0.012,0,0,7,0.018,33,0.067,13,0.028,6,0.015,4,0.011,6,0.015,13,0.032,8,0.019,10,0.021,17,0.032,16,0.033,20,0.04,9,0.02,10,0.026,3,0.009
Region 19,Region 65,0,0,0,0,0,0,0,0,0,0,0,0,0,0,0,0,0,0,0,0,1,0.002,1,0.002,0,0,4,0.011,0,0,2,0.005,1,0.002,5,0.01,4,0.008,5,0.01,3,0.006,3,0.007,0,0,0,0
Region 19,Region 66,0,0,0,0,0,0,0,0,0,0,0,0,0,0,0,0,0,0,3,0.008,6,0.012,0,0,0,0,2,0.005,1,0.003,0,0,1,0.002,2,0.004,3,0.006,3,0.006,1,0.002,2,0.004,1,0.003,1,0.003
Region 19,Region 67,3,0.011,0,0,0,0,0,0,1,0.018,1,0.023,1,0.021,0,0,0,0,2,0.005,7,0.014,7,0.015,1,0.003,4,0.011,3,0.008,2,0.005,1,0.002,4,0.008,5,0.01,3,0.006,0,0,0,0,4,0.011,2,0.006
Region 19,Region 68,0,0,3,0.018,2,0.016,1,0.012,0,0,1,0.023,1,0.021,1,0.012,1,0.006,5,0.013,7,0.014,6,0.013,5,0.013,5,0.013,1,0.003,4,0.01,5,0.012,4,0.008,5,0.01,4,0.008,4,0.008,2,0.004,4,0.011,4,0.013
Region 19,Region 69,3,0.011,0,0,4,0.033,1,0.012,0,0,0,0,0,0,0,0,2,0.012,5,0.013,10,0.02,9,0.02,8,0.021,1,0.003,4,0.01,9,0.022,3,0.007,4,0.008,6,0.011,10,0.021,4,0.008,6,0.013,4,0.011,2,0.006
Region 19,Region 70,6,0.021,2,0.012,1,0.008,1,0.012,1,0.018,1,0.023,0,0,2,0.025,0,0,11,0.029,19,0.038,14,0.03,6,0.015,11,0.029,9,0.023,12,0.029,7,0.017,5,0.01,13,0.025,7,0.014,21,0.042,8,0.017,8,0.021,6,0.019
Region 19,Region 71,0,0,3,0.018,0,0,1,0.012,0,0,0,0,0,0,0,0,0,0,0,0,0,0,0,0,1,0.003,1,0.003,2,0.005,0,0,4,0.01,3,0.006,7,0.013,3,0.006,3,0.006,3,0.007,1,0.003,0,0
Region 19,Region 72,0,0,0,0,0,0,0,0,0,0,0,0,0,0,0,0,0,0,0,0,0,0,0,0,0,0,0,0,0,0,0,0,0,0,0,0,0,0,0,0,0,0,0,0,0,0,0,0
Region 19,Region 73,0,0,0,0,0,0,0,0,0,0,0,0,0,0,0,0,0,0,0,0,0,0,0,0,0,0,0,0,0,0,0,0,0,0,0,0,0,0,0,0,0,0,0,0,0,0,0,0
Region 19,Region 74,27,0.095,10,0.059,9,0.074,5,0.062,9,0.166,1,0.023,4,0.084,2,0.025,4,0.024,15,0.04,27,0.055,22,0.048,18,0.046,18,0.047,32,0.082,22,0.054,26,0.063,44,0.091,39,0.074,42,0.087,39,0.077,38,0.082,28,0.074,26,0.082
Region 19,Region 75,0,0,0,0,0,0,0,0,0,0,0,0,0,0,0,0,0,0,0,0,0,0,0,0,0,0,0,0,0,0,0,0,0,0,1,0.002,2,0.004,1,0.002,0,0,0,0,0,0,0,0
Region 20,Region 0,0,0,1,0.006,0,0,0,0,0,0,0,0,0,0,0,0,0,0,1,0.003,1,0.002,0,0,0,0,0,0,0,0,0,0,0,0,0,0,1,0.002,0,0,0,0,1,0.002,0,0,1,0.003
Region 20,Region 1,0,0,0,0,0,0,0,0,0,0,0,0,0,0,0,0,0,0,0,0,0,0,0,0,0,0,0,0,0,0,0,0,0,0,0,0,0,0,0,0,0,0,0,0,0,0,0,0
Region 20,Region 2,3,0.011,3,0.018,0,0,2,0.025,0,0,1,0.023,3,0.063,1,0.012,4,0.024,13,0.034,18,0.036,14,0.03,6,0.015,11,0.029,11,0.028,12,0.029,7,0.017,12,0.025,11,0.021,14,0.029,13,0.026,10,0.022,6,0.016,3,0.009
Region 20,Region 3,12,0.042,9,0.053,2,0.016,5,0.062,3,0.055,1,0.023,2,0.042,3,0.037,9,0.054,19,0.05,13,0.026,14,0.03,14,0.036,10,0.026,15,0.038,19,0.046,11,0.027,25,0.052,22,0.042,21,0.043,20,0.04,23,0.05,13,0.034,13,0.041
Region 20,Region 4,2,0.007,0,0,1,0.008,3,0.037,0,0,0,0,0,0,0,0,1,0.006,1,0.003,1,0.002,1,0.002,1,0.003,0,0,1,0.003,2,0.005,1,0.002,0,0,3,0.006,3,0.006,5,0.01,0,0,0,0,4,0.013
Region 20,Region 5,50,0.176,39,0.229,25,0.206,18,0.223,16,0.295,6,0.136,7,0.147,16,0.197,32,0.194,137,0.362,97,0.196,109,0.237,78,0.201,83,0.219,69,0.177,67,0.163,66,0.159,95,0.197,86,0.164,96,0.199,87,0.172,77,0.167,72,0.19,48,0.151
Region 20,Region 6,0,0,0,0,0,0,0,0,0,0,0,0,0,0,0,0,0,0,0,0,0,0,0,0,0,0,0,0,0,0,0,0,0,0,0,0,0,0,0,0,0,0,0,0,0,0,0,0
Region 20,Region 7,58,0.205,30,0.176,35,0.288,11,0.136,12,0.221,15,0.339,28,0.587,36,0.443,64,0.387,155,0.409,243,0.492,191,0.415,141,0.363,105,0.277,101,0.259,95,0.232,83,0.2,115,0.239,122,0.232,113,0.234,113,0.224,103,0.223,86,0.227,48,0.151
Region 20,Region 8,0,0,0,0,0,0,0,0,0,0,0,0,0,0,0,0,0,0,0,0,1,0.002,0,0,0,0,0,0,0,0,0,0,0,0,0,0,0,0,0,0,0,0,0,0,0,0,0,0
Region 20,Region 9,0,0,0,0,0,0,0,0,0,0,0,0,0,0,0,0,0,0,0,0,0,0,0,0,0,0,0,0,0,0,0,0,0,0,0,0,0,0,0,0,0,0,0,0,0,0,0,0
Region 20,Region 10,0,0,1,0.006,0,0,0,0,0,0,0,0,0,0,1,0.012,1,0.006,1,0.003,3,0.006,0,0,2,0.005,1,0.003,2,0.005,1,0.002,2,0.005,3,0.006,3,0.006,2,0.004,3,0.006,2,0.004,1,0.003,0,0
Region 20,Region 11,0,0,0,0,0,0,0,0,0,0,0,0,0,0,0,0,0,0,0,0,0,0,0,0,0,0,0,0,0,0,0,0,0,0,0,0,0,0,0,0,0,0,0,0,0,0,0,0
Region 20,Region 12,149,0.525,97,0.569,91,0.748,63,0.781,53,0.977,62,1.403,67,1.404,126,1.55,310,1.876,469,1.239,497,1.006,407,0.884,322,0.83,310,0.818,296,0.758,272,0.663,264,0.637,292,0.606,330,0.629,297,0.615,269,0.533,232,0.503,206,0.543,147,0.462
Region 20,Region 13,2,0.007,1,0.006,0,0,0,0,0,0,0,0,0,0,0,0,0,0,3,0.008,1,0.002,1,0.002,0,0,1,0.003,3,0.008,1,0.002,0,0,3,0.006,1,0.002,3,0.006,0,0,2,0.004,0,0,3,0.009
Region 20,Region 14,621,2.19,436,2.557,276,2.27,193,2.392,179,3.301,201,4.548,308,6.456,575,7.073,1031,6.24,1233,3.256,1549,3.137,1389,3.017,1132,2.917,1028,2.711,913,2.339,892,2.175,834,2.014,888,1.844,958,1.826,862,1.784,812,1.609,851,1.844,728,1.918,610,1.918
Region 20,Region 15,0,0,0,0,0,0,0,0,0,0,0,0,0,0,0,0,0,0,0,0,0,0,0,0,0,0,0,0,0,0,0,0,0,0,0,0,0,0,0,0,0,0,0,0,0,0,0,0
Region 20,Region 16,0,0,0,0,0,0,0,0,0,0,0,0,0,0,0,0,0,0,0,0,0,0,0,0,0,0,0,0,0,0,0,0,0,0,0,0,0,0,0,0,0,0,0,0,0,0,0,0
Region 20,Region 17,0,0,0,0,0,0,1,0.012,0,0,0,0,0,0,0,0,0,0,1,0.003,3,0.006,0,0,1,0.003,0,0,0,0,0,0,0,0,0,0,0,0,0,0,2,0.004,1,0.002,0,0,0,0
Region 20,Region 18,0,0,2,0.012,0,0,4,0.05,1,0.018,0,0,0,0,3,0.037,1,0.006,4,0.011,6,0.012,7,0.015,7,0.018,6,0.016,2,0.005,2,0.005,3,0.007,3,0.006,11,0.021,8,0.017,5,0.01,5,0.011,1,0.003,1,0.003
Region 20,Region 19,14,0.049,14,0.082,11,0.09,10,0.124,9,0.166,4,0.09,8,0.168,12,0.148,20,0.121,64,0.169,72,0.146,44,0.096,46,0.119,41,0.108,38,0.097,29,0.071,29,0.07,26,0.054,38,0.072,37,0.077,44,0.087,49,0.106,29,0.076,21,0.066
Region 20,Region 20,298,1.051,208,1.22,135,1.11,95,1.178,76,1.402,56,1.267,51,1.069,91,1.119,193,1.168,513,1.355,590,1.195,499,1.084,387,0.997,387,1.021,398,1.02,438,1.068,462,1.116,530,1.101,592,1.128,490,1.014,507,1.005,468,1.014,369,0.972,318,1
Region 20,Region 21,7,0.025,3,0.018,3,0.025,1,0.012,0,0,0,0,2,0.042,3,0.037,4,0.024,13,0.034,27,0.055,16,0.035,13,0.033,12,0.032,8,0.02,10,0.024,6,0.014,5,0.01,16,0.03,10,0.021,12,0.024,15,0.033,4,0.011,2,0.006
Region 20,Region 22,15,0.053,11,0.065,4,0.033,3,0.037,0,0,4,0.09,6,0.126,9,0.111,17,0.103,31,0.082,32,0.065,21,0.046,22,0.057,34,0.09,27,0.069,31,0.076,37,0.089,33,0.069,37,0.071,32,0.066,46,0.091,27,0.059,18,0.047,19,0.06
Region 20,Region 23,0,0,0,0,0,0,0,0,0,0,0,0,0,0,0,0,1,0.006,1,0.003,0,0,1,0.002,1,0.003,0,0,0,0,0,0,2,0.005,0,0,2,0.004,0,0,2,0.004,2,0.004,1,0.003,1,0.003
Region 20,Region 24,0,0,0,0,0,0,0,0,0,0,0,0,0,0,1,0.012,1,0.006,1,0.003,2,0.004,1,0.002,1,0.003,2,0.005,2,0.005,1,0.002,1,0.002,1,0.002,5,0.01,2,0.004,0,0,0,0,2,0.005,1,0.003
Region 20,Region 25,0,0,1,0.006,0,0,0,0,0,0,0,0,1,0.021,1,0.012,0,0,0,0,0,0,0,0,0,0,0,0,0,0,0,0,0,0,1,0.002,0,0,1,0.002,1,0.002,0,0,0,0,0,0
Region 20,Region 26,1,0.004,0,0,0,0,0,0,0,0,0,0,1,0.021,0,0,1,0.006,3,0.008,0,0,1,0.002,0,0,3,0.008,3,0.008,3,0.007,1,0.002,1,0.002,3,0.006,3,0.006,0,0,2,0.004,1,0.003,0,0
Region 20,Region 27,0,0,0,0,0,0,0,0,0,0,0,0,0,0,0,0,1,0.006,1,0.003,1,0.002,0,0,1,0.003,0,0,0,0,0,0,1,0.002,1,0.002,0,0,0,0,0,0,0,0,1,0.003,0,0
Region 20,Region 28,0,0,0,0,0,0,0,0,0,0,0,0,0,0,0,0,0,0,1,0.003,0,0,0,0,1,0.003,0,0,1,0.003,0,0,1,0.002,0,0,0,0,1,0.002,1,0.002,0,0,0,0,0,0
Region 20,Region 29,93,0.328,48,0.282,41,0.337,31,0.384,21,0.387,13,0.294,25,0.524,36,0.443,114,0.69,229,0.605,226,0.458,207,0.45,155,0.399,160,0.422,157,0.402,174,0.424,162,0.391,171,0.355,194,0.37,176,0.364,135,0.268,139,0.301,98,0.258,81,0.255
Region 20,Region 30,5,0.018,6,0.035,3,0.025,3,0.037,2,0.037,3,0.068,2,0.042,3,0.037,5,0.03,12,0.032,21,0.043,20,0.043,15,0.039,16,0.042,10,0.026,13,0.032,14,0.034,16,0.033,15,0.029,15,0.031,15,0.03,9,0.02,7,0.018,6,0.019
Region 20,Region 31,7,0.025,5,0.029,1,0.008,0,0,1,0.018,1,0.023,2,0.042,12,0.148,21,0.127,15,0.04,27,0.055,20,0.043,15,0.039,13,0.034,13,0.033,13,0.032,4,0.01,19,0.039,17,0.032,16,0.033,14,0.028,13,0.028,10,0.026,15,0.047
Region 20,Region 32,0,0,0,0,0,0,0,0,0,0,0,0,0,0,0,0,3,0.018,1,0.003,3,0.006,0,0,0,0,0,0,2,0.005,0,0,1,0.002,0,0,0,0,1,0.002,0,0,0,0,0,0,0,0
Region 20,Region 33,0,0,0,0,0,0,0,0,0,0,0,0,0,0,0,0,0,0,0,0,0,0,0,0,0,0,1,0.003,0,0,0,0,0,0,0,0,0,0,0,0,0,0,1,0.002,0,0,0,0
Region 20,Region 34,0,0,0,0,0,0,0,0,0,0,0,0,0,0,0,0,0,0,0,0,0,0,0,0,0,0,0,0,0,0,0,0,0,0,0,0,0,0,0,0,0,0,0,0,0,0,0,0
Region 20,Region 35,0,0,0,0,0,0,0,0,0,0,0,0,0,0,0,0,0,0,0,0,0,0,0,0,0,0,0,0,0,0,0,0,0,0,0,0,0,0,0,0,0,0,0,0,0,0,0,0
Region 20,Region 36,2,0.007,0,0,0,0,0,0,0,0,0,0,0,0,0,0,1,0.006,2,0.005,1,0.002,0,0,1,0.003,1,0.003,0,0,0,0,1,0.002,0,0,1,0.002,2,0.004,3,0.006,0,0,1,0.003,2,0.006
Region 20,Region 37,2,0.007,1,0.006,0,0,1,0.012,0,0,0,0,0,0,0,0,0,0,4,0.011,1,0.002,2,0.004,1,0.003,6,0.016,1,0.003,5,0.012,2,0.005,2,0.004,4,0.008,1,0.002,4,0.008,4,0.009,1,0.003,2,0.006
Region 20,Region 38,10,0.035,4,0.023,1,0.008,3,0.037,0,0,4,0.09,2,0.042,3,0.037,11,0.067,12,0.032,33,0.067,26,0.056,19,0.049,9,0.024,15,0.038,18,0.044,13,0.031,21,0.044,33,0.063,29,0.06,22,0.044,7,0.015,12,0.032,6,0.019
Region 20,Region 39,2,0.007,0,0,0,0,0,0,0,0,0,0,0,0,0,0,2,0.012,2,0.005,1,0.002,3,0.007,1,0.003,1,0.003,0,0,0,0,0,0,1,0.002,3,0.006,3,0.006,1,0.002,1,0.002,0,0,0,0
Region 20,Region 40,0,0,0,0,0,0,0,0,0,0,0,0,0,0,0,0,0,0,0,0,0,0,0,0,0,0,0,0,0,0,0,0,0,0,0,0,0,0,0,0,0,0,0,0,0,0,0,0
Region 20,Region 41,2,0.007,0,0,0,0,1,0.012,0,0,0,0,1,0.021,2,0.025,5,0.03,0,0,2,0.004,0,0,1,0.003,0,0,5,0.013,1,0.002,0,0,2,0.004,0,0,0,0,0,0,0,0,0,0,0,0
Region 20,Region 42,0,0,0,0,0,0,0,0,0,0,0,0,0,0,0,0,0,0,0,0,0,0,0,0,0,0,0,0,0,0,0,0,0,0,0,0,0,0,0,0,0,0,0,0,0,0,0,0
Region 20,Region 43,0,0,0,0,1,0.008,0,0,0,0,0,0,1,0.021,1,0.012,0,0,2,0.005,2,0.004,1,0.002,0,0,1,0.003,1,0.003,1,0.002,2,0.005,4,0.008,0,0,1,0.002,1,0.002,1,0.002,1,0.003,0,0
Region 20,Region 44,0,0,0,0,0,0,0,0,0,0,0,0,0,0,0,0,0,0,0,0,0,0,0,0,0,0,0,0,0,0,0,0,0,0,0,0,0,0,0,0,0,0,0,0,0,0,0,0
Region 20,Region 45,11,0.039,7,0.041,6,0.049,9,0.112,3,0.055,3,0.068,0,0,7,0.086,10,0.061,8,0.021,20,0.04,21,0.046,16,0.041,14,0.037,24,0.061,21,0.051,22,0.053,21,0.044,31,0.059,30,0.062,31,0.061,35,0.076,19,0.05,11,0.035
Region 20,Region 46,0,0,0,0,0,0,0,0,1,0.018,0,0,0,0,0,0,2,0.012,5,0.013,3,0.006,0,0,0,0,1,0.003,0,0,1,0.002,0,0,1,0.002,1,0.002,1,0.002,1,0.002,0,0,1,0.003,0,0
Region 20,Region 47,4,0.014,4,0.023,4,0.033,3,0.037,0,0,1,0.023,0,0,3,0.037,18,0.109,29,0.077,37,0.075,27,0.059,19,0.049,14,0.037,13,0.033,11,0.027,13,0.031,24,0.05,33,0.063,30,0.062,16,0.032,18,0.039,9,0.024,4,0.013
Region 20,Region 48,4,0.014,7,0.041,4,0.033,2,0.025,2,0.037,3,0.068,2,0.042,2,0.025,13,0.079,22,0.058,46,0.093,32,0.07,27,0.07,22,0.058,18,0.046,22,0.054,26,0.063,19,0.039,25,0.048,17,0.035,31,0.061,15,0.033,16,0.042,8,0.025
Region 20,Region 49,8,0.028,4,0.023,9,0.074,0,0,0,0,1,0.023,1,0.021,1,0.012,7,0.042,3,0.008,10,0.02,6,0.013,6,0.015,6,0.016,7,0.018,8,0.02,7,0.017,10,0.021,15,0.029,11,0.023,14,0.028,5,0.011,4,0.011,7,0.022
Region 20,Region 50,2,0.007,1,0.006,1,0.008,1,0.012,0,0,1,0.023,0,0,2,0.025,2,0.012,2,0.005,3,0.006,1,0.002,5,0.013,5,0.013,5,0.013,1,0.002,2,0.005,1,0.002,6,0.011,6,0.012,5,0.01,3,0.007,3,0.008,0,0
Region 20,Region 51,4,0.014,8,0.047,5,0.041,5,0.062,3,0.055,0,0,0,0,0,0,7,0.042,9,0.024,16,0.032,11,0.024,12,0.031,8,0.021,5,0.013,8,0.02,13,0.031,12,0.025,9,0.017,11,0.023,17,0.034,17,0.037,19,0.05,12,0.038
Region 20,Region 52,3,0.011,3,0.018,1,0.008,1,0.012,0,0,0,0,0,0,0,0,1,0.006,2,0.005,1,0.002,1,0.002,3,0.008,4,0.011,1,0.003,0,0,0,0,3,0.006,4,0.008,2,0.004,9,0.018,3,0.007,5,0.013,1,0.003
Region 20,Region 53,4,0.014,5,0.029,1,0.008,0,0,0,0,0,0,0,0,0,0,3,0.018,7,0.018,15,0.03,8,0.017,8,0.021,12,0.032,3,0.008,6,0.015,6,0.014,11,0.023,8,0.015,4,0.008,8,0.016,11,0.024,2,0.005,2,0.006
Region 20,Region 54,16,0.056,13,0.076,5,0.041,8,0.099,4,0.074,3,0.068,3,0.063,4,0.049,20,0.121,42,0.111,51,0.103,32,0.07,19,0.049,22,0.058,17,0.044,19,0.046,30,0.072,34,0.071,33,0.063,43,0.089,33,0.065,28,0.061,25,0.066,12,0.038
Region 20,Region 55,0,0,0,0,0,0,0,0,0,0,0,0,0,0,0,0,0,0,0,0,0,0,0,0,0,0,0,0,0,0,0,0,0,0,0,0,0,0,1,0.002,0,0,1,0.002,1,0.003,0,0
Region 20,Region 56,1,0.004,0,0,0,0,0,0,0,0,0,0,0,0,0,0,1,0.006,0,0,0,0,0,0,1,0.003,0,0,0,0,0,0,1,0.002,0,0,0,0,1,0.002,1,0.002,0,0,2,0.005,0,0
Region 20,Region 57,0,0,0,0,0,0,0,0,0,0,0,0,0,0,0,0,0,0,0,0,0,0,0,0,0,0,0,0,0,0,0,0,1,0.002,0,0,0,0,1,0.002,2,0.004,0,0,0,0,0,0
Region 20,Region 58,0,0,0,0,0,0,0,0,0,0,0,0,0,0,0,0,0,0,0,0,0,0,0,0,0,0,0,0,0,0,0,0,0,0,0,0,0,0,0,0,0,0,0,0,0,0,0,0
Region 20,Region 59,0,0,0,0,0,0,0,0,0,0,0,0,0,0,0,0,0,0,0,0,0,0,0,0,0,0,0,0,0,0,0,0,0,0,0,0,0,0,0,0,0,0,0,0,0,0,0,0
Region 20,Region 60,10,0.035,8,0.047,4,0.033,1,0.012,3,0.055,2,0.045,8,0.168,11,0.135,40,0.242,104,0.275,138,0.279,89,0.193,82,0.211,60,0.158,45,0.115,60,0.146,48,0.116,58,0.12,38,0.072,48,0.099,36,0.071,42,0.091,24,0.063,24,0.075
Region 20,Region 61,1,0.004,1,0.006,0,0,0,0,0,0,0,0,0,0,2,0.025,4,0.024,6,0.016,3,0.006,4,0.009,1,0.003,2,0.005,4,0.01,5,0.012,1,0.002,7,0.015,4,0.008,1,0.002,2,0.004,2,0.004,2,0.005,0,0
Region 20,Region 62,3,0.011,1,0.006,0,0,1,0.012,1,0.018,0,0,0,0,0,0,0,0,2,0.005,4,0.008,5,0.011,4,0.01,1,0.003,2,0.005,1,0.002,2,0.005,7,0.015,9,0.017,4,0.008,2,0.004,2,0.004,1,0.003,1,0.003
Region 20,Region 63,0,0,0,0,0,0,0,0,0,0,0,0,0,0,0,0,0,0,0,0,0,0,0,0,0,0,0,0,0,0,0,0,0,0,0,0,0,0,0,0,0,0,0,0,0,0,0,0
Region 20,Region 64,36,0.127,17,0.1,15,0.123,6,0.074,10,0.184,5,0.113,6,0.126,12,0.148,23,0.139,72,0.19,136,0.275,83,0.18,56,0.144,46,0.121,61,0.156,64,0.156,62,0.15,80,0.166,76,0.145,67,0.139,60,0.119,56,0.121,46,0.121,39,0.123
Region 20,Region 65,2,0.007,1,0.006,0,0,1,0.012,1,0.018,1,0.023,0,0,0,0,2,0.012,0,0,2,0.004,5,0.011,1,0.003,0,0,0,0,1,0.002,1,0.002,0,0,3,0.006,3,0.006,2,0.004,2,0.004,1,0.003,3,0.009
Region 20,Region 66,1,0.004,1,0.006,0,0,0,0,0,0,0,0,0,0,0,0,2,0.012,5,0.013,3,0.006,1,0.002,2,0.005,2,0.005,2,0.005,2,0.005,0,0,3,0.006,4,0.008,1,0.002,2,0.004,1,0.002,2,0.005,3,0.009
Region 20,Region 67,6,0.021,4,0.023,4,0.033,4,0.05,2,0.037,1,0.023,4,0.084,4,0.049,16,0.097,21,0.055,36,0.073,28,0.061,20,0.052,19,0.05,12,0.031,21,0.051,18,0.043,16,0.033,33,0.063,25,0.052,15,0.03,19,0.041,16,0.042,11,0.035
Region 20,Region 68,1,0.004,0,0,0,0,0,0,0,0,0,0,0,0,0,0,6,0.036,10,0.026,17,0.034,16,0.035,10,0.026,5,0.013,7,0.018,10,0.024,14,0.034,16,0.033,18,0.034,8,0.017,4,0.008,10,0.022,4,0.011,3,0.009
Region 20,Region 69,11,0.039,7,0.041,5,0.041,6,0.074,1,0.018,1,0.023,2,0.042,9,0.111,10,0.061,14,0.037,22,0.045,21,0.046,13,0.033,11,0.029,23,0.059,21,0.051,12,0.029,14,0.029,23,0.044,22,0.046,22,0.044,17,0.037,17,0.045,10,0.031
Region 20,Region 70,21,0.074,13,0.076,11,0.09,4,0.05,2,0.037,2,0.045,7,0.147,14,0.172,29,0.176,43,0.114,61,0.124,55,0.119,44,0.113,38,0.1,41,0.105,25,0.061,37,0.089,36,0.075,37,0.071,49,0.101,56,0.111,35,0.076,17,0.045,24,0.075
Region 20,Region 71,0,0,1,0.006,1,0.008,0,0,0,0,1,0.023,0,0,0,0,0,0,1,0.003,3,0.006,3,0.007,2,0.005,4,0.011,4,0.01,1,0.002,2,0.005,1,0.002,0,0,2,0.004,3,0.006,2,0.004,1,0.003,4,0.013
Region 20,Region 72,0,0,0,0,0,0,0,0,0,0,0,0,0,0,0,0,0,0,0,0,0,0,0,0,0,0,0,0,0,0,0,0,0,0,0,0,0,0,0,0,0,0,0,0,0,0,0,0
Region 20,Region 73,0,0,0,0,0,0,0,0,0,0,0,0,0,0,1,0.012,1,0.006,0,0,0,0,0,0,0,0,0,0,0,0,0,0,0,0,0,0,0,0,0,0,0,0,0,0,0,0,0,0
Region 20,Region 74,16,0.056,15,0.088,5,0.041,3,0.037,2,0.037,4,0.09,1,0.021,4,0.049,8,0.048,32,0.085,32,0.065,12,0.026,14,0.036,19,0.05,16,0.041,11,0.027,14,0.034,23,0.048,18,0.034,17,0.035,19,0.038,24,0.052,16,0.042,14,0.044
Region 20,Region 75,2,0.007,1,0.006,1,0.008,0,0,0,0,0,0,0,0,0,0,1,0.006,0,0,1,0.002,0,0,0,0,1,0.003,0,0,0,0,0,0,0,0,0,0,0,0,1,0.002,2,0.004,1,0.003,0,0
Region 21,Region 0,3,0.011,0,0,0,0,1,0.012,0,0,0,0,0,0,0,0,0,0,0,0,0,0,0,0,0,0,0,0,1,0.003,1,0.002,1,0.002,3,0.006,3,0.006,3,0.006,2,0.004,1,0.002,1,0.003,2,0.006
Region 21,Region 1,0,0,0,0,0,0,0,0,0,0,0,0,0,0,0,0,0,0,0,0,0,0,0,0,0,0,0,0,1,0.003,0,0,0,0,0,0,0,0,0,0,0,0,0,0,0,0,0,0
Region 21,Region 2,11,0.039,6,0.035,3,0.025,0,0,3,0.055,0,0,1,0.021,2,0.025,5,0.03,12,0.032,13,0.026,18,0.039,15,0.039,24,0.063,17,0.044,14,0.034,20,0.048,30,0.062,22,0.042,19,0.039,25,0.05,27,0.059,17,0.045,16,0.05
Region 21,Region 3,5,0.018,6,0.035,0,0,1,0.012,0,0,0,0,0,0,0,0,1,0.006,1,0.003,0,0,0,0,2,0.005,4,0.011,0,0,1,0.002,2,0.005,2,0.004,4,0.008,4,0.008,5,0.01,2,0.004,3,0.008,3,0.009
Region 21,Region 4,0,0,0,0,0,0,0,0,0,0,0,0,0,0,0,0,1,0.006,0,0,1,0.002,0,0,0,0,0,0,0,0,0,0,2,0.005,0,0,2,0.004,0,0,0,0,5,0.011,1,0.003,2,0.006
Region 21,Region 5,3,0.011,0,0,0,0,1,0.012,0,0,0,0,0,0,0,0,0,0,1,0.003,0,0,1,0.002,3,0.008,1,0.003,0,0,1,0.002,0,0,3,0.006,1,0.002,1,0.002,0,0,3,0.007,3,0.008,3,0.009
Region 21,Region 6,0,0,0,0,0,0,0,0,0,0,0,0,0,0,0,0,0,0,0,0,0,0,0,0,0,0,0,0,0,0,0,0,0,0,0,0,0,0,0,0,0,0,0,0,0,0,0,0
Region 21,Region 7,2,0.007,0,0,1,0.008,0,0,0,0,0,0,0,0,1,0.012,0,0,7,0.018,3,0.006,3,0.007,2,0.005,1,0.003,3,0.008,3,0.007,3,0.007,2,0.004,2,0.004,2,0.004,4,0.008,4,0.009,7,0.018,2,0.006
Region 21,Region 8,0,0,0,0,0,0,0,0,0,0,0,0,0,0,0,0,0,0,0,0,0,0,0,0,0,0,0,0,0,0,1,0.002,0,0,0,0,0,0,0,0,0,0,0,0,0,0,0,0
Region 21,Region 9,0,0,0,0,0,0,0,0,0,0,0,0,0,0,0,0,0,0,0,0,0,0,0,0,0,0,0,0,0,0,0,0,0,0,0,0,0,0,0,0,0,0,0,0,0,0,0,0
Region 21,Region 10,5,0.018,0,0,0,0,1,0.012,0,0,1,0.023,1,0.021,0,0,0,0,1,0.003,0,0,3,0.007,1,0.003,2,0.005,3,0.008,0,0,1,0.002,1,0.002,2,0.004,3,0.006,7,0.014,7,0.015,2,0.005,10,0.031
Region 21,Region 11,0,0,0,0,0,0,0,0,0,0,0,0,0,0,0,0,0,0,0,0,0,0,0,0,0,0,0,0,0,0,0,0,0,0,0,0,0,0,0,0,0,0,0,0,0,0,0,0
Region 21,Region 12,3,0.011,4,0.023,2,0.016,2,0.025,1,0.018,1,0.023,0,0,0,0,2,0.012,5,0.013,5,0.01,6,0.013,6,0.015,5,0.013,2,0.005,5,0.012,6,0.014,5,0.01,7,0.013,9,0.019,16,0.032,8,0.017,6,0.016,11,0.035
Region 21,Region 13,1,0.004,0,0,0,0,1,0.012,0,0,0,0,0,0,0,0,0,0,0,0,0,0,2,0.004,1,0.003,1,0.003,0,0,2,0.005,1,0.002,2,0.004,5,0.01,2,0.004,1,0.002,1,0.002,1,0.003,1,0.003
Region 21,Region 14,7,0.025,6,0.035,4,0.033,2,0.025,1,0.018,0,0,1,0.021,3,0.037,4,0.024,4,0.011,7,0.014,9,0.02,21,0.054,11,0.029,13,0.033,12,0.029,14,0.034,8,0.017,11,0.021,14,0.029,12,0.024,11,0.024,9,0.024,22,0.069
Region 21,Region 15,0,0,0,0,0,0,0,0,0,0,0,0,0,0,0,0,0,0,0,0,0,0,0,0,0,0,0,0,0,0,0,0,0,0,0,0,0,0,0,0,0,0,0,0,0,0,0,0
Region 21,Region 16,0,0,0,0,0,0,0,0,0,0,0,0,0,0,0,0,0,0,0,0,0,0,0,0,0,0,0,0,0,0,0,0,0,0,0,0,0,0,0,0,0,0,0,0,0,0,0,0
Region 21,Region 17,1,0.004,0,0,2,0.016,0,0,0,0,0,0,0,0,0,0,0,0,0,0,0,0,1,0.002,1,0.003,1,0.003,1,0.003,0,0,0,0,1,0.002,0,0,0,0,3,0.006,4,0.009,1,0.003,1,0.003
Region 21,Region 18,5,0.018,5,0.029,3,0.025,1,0.012,3,0.055,0,0,0,0,0,0,2,0.012,4,0.011,9,0.018,9,0.02,10,0.026,5,0.013,7,0.018,7,0.017,8,0.019,10,0.021,18,0.034,10,0.021,20,0.04,11,0.024,8,0.021,5,0.016
Region 21,Region 19,0,0,0,0,0,0,0,0,0,0,0,0,0,0,0,0,0,0,0,0,1,0.002,1,0.002,1,0.003,1,0.003,1,0.003,2,0.005,3,0.007,0,0,2,0.004,1,0.002,2,0.004,1,0.002,3,0.008,0,0
Region 21,Region 20,3,0.011,0,0,2,0.016,0,0,0,0,1,0.023,0,0,1,0.012,2,0.012,8,0.021,12,0.024,7,0.015,8,0.021,6,0.016,5,0.013,8,0.02,7,0.017,8,0.017,4,0.008,6,0.012,11,0.022,1,0.002,3,0.008,6,0.019
Region 21,Region 21,55,0.194,35,0.205,16,0.132,10,0.124,8,0.148,1,0.023,5,0.105,4,0.049,12,0.073,44,0.116,73,0.148,111,0.241,100,0.258,117,0.309,121,0.31,158,0.385,139,0.336,153,0.318,143,0.273,117,0.242,130,0.258,141,0.306,116,0.306,74,0.233
Region 21,Region 22,3,0.011,0,0,0,0,0,0,0,0,0,0,0,0,0,0,1,0.006,2,0.005,2,0.004,5,0.011,1,0.003,0,0,2,0.005,2,0.005,4,0.01,3,0.006,4,0.008,5,0.01,4,0.008,1,0.002,0,0,2,0.006
Region 21,Region 23,3,0.011,2,0.012,0,0,0,0,0,0,0,0,0,0,1,0.012,0,0,0,0,0,0,0,0,0,0,0,0,1,0.003,0,0,1,0.002,3,0.006,2,0.004,0,0,2,0.004,2,0.004,5,0.013,5,0.016
Region 21,Region 24,4,0.014,1,0.006,2,0.016,1,0.012,0,0,0,0,0,0,0,0,0,0,1,0.003,4,0.008,3,0.007,1,0.003,3,0.008,1,0.003,4,0.01,5,0.012,6,0.012,2,0.004,4,0.008,6,0.012,4,0.009,4,0.011,9,0.028
Region 21,Region 25,0,0,1,0.006,0,0,0,0,0,0,1,0.023,0,0,0,0,0,0,0,0,0,0,0,0,0,0,0,0,0,0,1,0.002,0,0,0,0,0,0,0,0,0,0,0,0,1,0.003,0,0
Region 21,Region 26,2,0.007,1,0.006,0,0,0,0,0,0,0,0,0,0,0,0,0,0,1,0.003,2,0.004,0,0,2,0.005,3,0.008,2,0.005,2,0.005,4,0.01,2,0.004,1,0.002,3,0.006,5,0.01,1,0.002,3,0.008,4,0.013
Region 21,Region 27,2,0.007,0,0,0,0,0,0,0,0,0,0,0,0,1,0.012,0,0,0,0,1,0.002,0,0,0,0,1,0.003,1,0.003,2,0.005,0,0,1,0.002,2,0.004,0,0,0,0,6,0.013,1,0.003,3,0.009
Region 21,Region 28,0,0,0,0,0,0,0,0,0,0,0,0,0,0,0,0,0,0,0,0,0,0,0,0,0,0,0,0,0,0,0,0,1,0.002,0,0,0,0,0,0,0,0,0,0,2,0.005,1,0.003
Region 21,Region 29,0,0,0,0,1,0.008,1,0.012,0,0,0,0,0,0,1,0.012,1,0.006,2,0.005,6,0.012,7,0.015,4,0.01,3,0.008,5,0.013,2,0.005,5,0.012,3,0.006,9,0.017,1,0.002,8,0.016,2,0.004,2,0.005,2,0.006
Region 21,Region 30,32,0.113,23,0.135,18,0.148,12,0.149,8,0.148,4,0.09,2,0.042,3,0.037,7,0.042,10,0.026,36,0.073,50,0.109,55,0.142,74,0.195,64,0.164,78,0.19,65,0.157,55,0.114,75,0.143,70,0.145,81,0.161,70,0.152,63,0.166,51,0.16
Region 21,Region 31,6,0.021,5,0.029,2,0.016,0,0,1,0.018,2,0.045,0,0,0,0,0,0,3,0.008,9,0.018,6,0.013,3,0.008,3,0.008,7,0.018,9,0.022,5,0.012,5,0.01,18,0.034,10,0.021,5,0.01,9,0.02,11,0.029,9,0.028
Region 21,Region 32,0,0,2,0.012,1,0.008,1,0.012,0,0,0,0,0,0,0,0,0,0,0,0,0,0,1,0.002,0,0,0,0,0,0,3,0.007,1,0.002,2,0.004,2,0.004,3,0.006,1,0.002,1,0.002,2,0.005,0,0
Region 21,Region 33,0,0,0,0,0,0,0,0,0,0,0,0,0,0,0,0,0,0,0,0,0,0,0,0,0,0,0,0,1,0.003,0,0,0,0,1,0.002,0,0,0,0,0,0,0,0,1,0.003,1,0.003
Region 21,Region 34,0,0,0,0,0,0,0,0,0,0,0,0,0,0,0,0,0,0,0,0,0,0,0,0,0,0,0,0,0,0,0,0,0,0,0,0,0,0,0,0,0,0,0,0,0,0,0,0
Region 21,Region 35,0,0,0,0,0,0,0,0,0,0,0,0,0,0,0,0,0,0,0,0,0,0,0,0,0,0,0,0,0,0,0,0,0,0,0,0,0,0,0,0,0,0,0,0,0,0,0,0
Region 21,Region 36,2,0.007,0,0,1,0.008,0,0,0,0,0,0,0,0,0,0,1,0.006,1,0.003,0,0,0,0,1,0.003,4,0.011,1,0.003,0,0,2,0.005,1,0.002,1,0.002,2,0.004,0,0,0,0,2,0.005,1,0.003
Region 21,Region 37,4,0.014,0,0,1,0.008,0,0,0,0,0,0,0,0,0,0,0,0,3,0.008,2,0.004,1,0.002,1,0.003,1,0.003,4,0.01,4,0.01,3,0.007,2,0.004,3,0.006,2,0.004,6,0.012,5,0.011,3,0.008,4,0.013
Region 21,Region 38,22,0.078,14,0.082,4,0.033,4,0.05,3,0.055,1,0.023,0,0,3,0.037,1,0.006,10,0.026,13,0.026,11,0.024,19,0.049,21,0.055,27,0.069,24,0.059,28,0.068,26,0.054,31,0.059,30,0.062,33,0.065,37,0.08,27,0.071,21,0.066
Region 21,Region 39,0,0,1,0.006,2,0.016,0,0,0,0,0,0,0,0,0,0,0,0,0,0,2,0.004,4,0.009,3,0.008,4,0.011,4,0.01,0,0,0,0,3,0.006,1,0.002,2,0.004,7,0.014,3,0.007,2,0.005,3,0.009
Region 21,Region 40,0,0,0,0,0,0,0,0,0,0,0,0,0,0,0,0,0,0,0,0,0,0,0,0,0,0,0,0,0,0,0,0,0,0,0,0,0,0,0,0,0,0,0,0,0,0,0,0
Region 21,Region 41,0,0,0,0,0,0,0,0,0,0,0,0,0,0,0,0,1,0.006,2,0.005,0,0,2,0.004,0,0,1,0.003,0,0,0,0,0,0,0,0,0,0,0,0,0,0,0,0,0,0,1,0.003
Region 21,Region 42,0,0,0,0,0,0,0,0,0,0,0,0,0,0,0,0,0,0,0,0,0,0,0,0,0,0,0,0,0,0,0,0,0,0,0,0,0,0,0,0,0,0,0,0,0,0,0,0
Region 21,Region 43,2,0.007,2,0.012,0,0,1,0.012,0,0,0,0,0,0,0,0,0,0,0,0,1,0.002,0,0,2,0.005,4,0.011,4,0.01,6,0.015,2,0.005,3,0.006,3,0.006,1,0.002,3,0.006,7,0.015,5,0.013,5,0.016
Region 21,Region 44,0,0,0,0,0,0,0,0,0,0,0,0,0,0,0,0,0,0,0,0,0,0,0,0,0,0,0,0,0,0,0,0,0,0,0,0,0,0,0,0,0,0,0,0,0,0,0,0
Region 21,Region 45,4,0.014,1,0.006,0,0,1,0.012,0,0,0,0,1,0.021,1,0.012,0,0,0,0,0,0,0,0,0,0,2,0.005,0,0,0,0,1,0.002,0,0,1,0.002,3,0.006,2,0.004,2,0.004,0,0,1,0.003
Region 21,Region 46,1,0.004,0,0,0,0,0,0,0,0,0,0,0,0,0,0,0,0,1,0.003,2,0.004,4,0.009,3,0.008,5,0.013,1,0.003,2,0.005,2,0.005,1,0.002,3,0.006,5,0.01,2,0.004,3,0.007,2,0.005,3,0.009
Region 21,Region 47,5,0.018,3,0.018,3,0.025,0,0,2,0.037,0,0,0,0,0,0,2,0.012,11,0.029,12,0.024,12,0.026,14,0.036,18,0.047,9,0.023,14,0.034,17,0.041,12,0.025,18,0.034,21,0.043,19,0.038,28,0.061,16,0.042,17,0.053
Region 21,Region 48,1,0.004,0,0,0,0,2,0.025,0,0,1,0.023,0,0,2,0.025,0,0,1,0.003,2,0.004,5,0.011,4,0.01,3,0.008,2,0.005,6,0.015,2,0.005,4,0.008,2,0.004,2,0.004,2,0.004,2,0.004,2,0.005,0,0
Region 21,Region 49,1,0.004,2,0.012,1,0.008,1,0.012,0,0,0,0,0,0,0,0,2,0.012,3,0.008,5,0.01,5,0.011,2,0.005,1,0.003,2,0.005,2,0.005,4,0.01,0,0,4,0.008,2,0.004,2,0.004,3,0.007,2,0.005,3,0.009
Region 21,Region 50,1,0.004,1,0.006,0,0,2,0.025,0,0,0,0,0,0,0,0,0,0,2,0.005,3,0.006,1,0.002,1,0.003,1,0.003,1,0.003,3,0.007,2,0.005,1,0.002,1,0.002,1,0.002,2,0.004,5,0.011,3,0.008,2,0.006
Region 21,Region 51,15,0.053,3,0.018,1,0.008,0,0,0,0,0,0,0,0,0,0,0,0,6,0.016,7,0.014,6,0.013,9,0.023,9,0.024,12,0.031,5,0.012,18,0.043,15,0.031,21,0.04,11,0.023,15,0.03,17,0.037,11,0.029,10,0.031
Region 21,Region 52,1,0.004,1,0.006,0,0,0,0,0,0,1,0.023,0,0,0,0,1,0.006,0,0,2,0.004,4,0.009,0,0,1,0.003,0,0,4,0.01,4,0.01,1,0.002,4,0.008,5,0.01,1,0.002,0,0,0,0,2,0.006
Region 21,Region 53,11,0.039,2,0.012,3,0.025,1,0.012,3,0.055,0,0,0,0,0,0,4,0.024,5,0.013,13,0.026,4,0.009,16,0.041,18,0.047,8,0.02,2,0.005,6,0.014,16,0.033,11,0.021,18,0.037,35,0.069,14,0.03,13,0.034,12,0.038
Region 21,Region 54,1,0.004,1,0.006,0,0,2,0.025,0,0,0,0,0,0,0,0,0,0,0,0,0,0,0,0,0,0,2,0.005,0,0,2,0.005,1,0.002,1,0.002,0,0,2,0.004,2,0.004,1,0.002,3,0.008,0,0
Region 21,Region 55,2,0.007,0,0,0,0,1,0.012,0,0,0,0,0,0,0,0,0,0,0,0,0,0,0,0,0,0,0,0,0,0,0,0,0,0,0,0,0,0,0,0,1,0.002,0,0,0,0,1,0.003
Region 21,Region 56,1,0.004,0,0,2,0.016,0,0,1,0.018,0,0,0,0,0,0,0,0,0,0,0,0,1,0.002,0,0,0,0,0,0,2,0.005,1,0.002,1,0.002,2,0.004,2,0.004,3,0.006,0,0,0,0,1,0.003
Region 21,Region 57,0,0,1,0.006,0,0,0,0,0,0,0,0,0,0,0,0,0,0,0,0,0,0,0,0,0,0,1,0.003,1,0.003,1,0.002,1,0.002,0,0,1,0.002,0,0,0,0,0,0,1,0.003,1,0.003
Region 21,Region 58,0,0,0,0,0,0,0,0,0,0,0,0,0,0,0,0,0,0,0,0,0,0,0,0,0,0,0,0,0,0,0,0,0,0,0,0,0,0,0,0,0,0,0,0,0,0,0,0
Region 21,Region 59,0,0,0,0,0,0,0,0,0,0,0,0,0,0,0,0,0,0,0,0,0,0,0,0,0,0,0,0,0,0,0,0,0,0,0,0,0,0,0,0,0,0,0,0,0,0,0,0
Region 21,Region 60,1,0.004,0,0,0,0,0,0,0,0,0,0,0,0,0,0,2,0.012,6,0.016,3,0.006,2,0.004,3,0.008,5,0.013,7,0.018,4,0.01,5,0.012,0,0,2,0.004,1,0.002,4,0.008,2,0.004,0,0,1,0.003
Region 21,Region 61,2,0.007,0,0,1,0.008,1,0.012,0,0,0,0,0,0,0,0,1,0.006,1,0.003,3,0.006,3,0.007,5,0.013,4,0.011,1,0.003,5,0.012,1,0.002,0,0,6,0.011,6,0.012,6,0.012,9,0.02,14,0.037,3,0.009
Region 21,Region 62,7,0.025,4,0.023,2,0.016,2,0.025,2,0.037,1,0.023,0,0,0,0,0,0,2,0.005,1,0.002,3,0.007,1,0.003,2,0.005,0,0,4,0.01,4,0.01,5,0.01,5,0.01,5,0.01,6,0.012,7,0.015,4,0.011,3,0.009
Region 21,Region 63,0,0,0,0,0,0,0,0,0,0,0,0,0,0,0,0,0,0,0,0,0,0,0,0,0,0,0,0,0,0,0,0,0,0,0,0,0,0,0,0,0,0,0,0,0,0,0,0
Region 21,Region 64,2,0.007,0,0,0,0,0,0,0,0,0,0,0,0,0,0,0,0,0,0,2,0.004,2,0.004,0,0,3,0.008,1,0.003,1,0.002,3,0.007,3,0.006,0,0,2,0.004,2,0.004,2,0.004,2,0.005,0,0
Region 21,Region 65,2,0.007,3,0.018,0,0,0,0,0,0,0,0,0,0,0,0,0,0,0,0,0,0,1,0.002,0,0,2,0.005,1,0.003,0,0,0,0,2,0.004,1,0.002,2,0.004,4,0.008,1,0.002,0,0,3,0.009
Region 21,Region 66,3,0.011,1,0.006,0,0,0,0,0,0,0,0,0,0,0,0,0,0,0,0,1,0.002,2,0.004,0,0,0,0,2,0.005,1,0.002,0,0,1,0.002,0,0,3,0.006,0,0,1,0.002,3,0.008,2,0.006
Region 21,Region 67,4,0.014,1,0.006,1,0.008,0,0,1,0.018,0,0,0,0,0,0,0,0,1,0.003,5,0.01,6,0.013,2,0.005,9,0.024,6,0.015,13,0.032,2,0.005,8,0.017,3,0.006,8,0.017,4,0.008,6,0.013,2,0.005,5,0.016
Region 21,Region 68,2,0.007,3,0.018,1,0.008,1,0.012,0,0,0,0,0,0,0,0,0,0,0,0,8,0.016,6,0.013,6,0.015,6,0.016,1,0.003,4,0.01,6,0.014,0,0,4,0.008,9,0.019,4,0.008,5,0.011,3,0.008,2,0.006
Region 21,Region 69,6,0.021,0,0,1,0.008,2,0.025,0,0,0,0,1,0.021,1,0.012,0,0,4,0.011,5,0.01,8,0.017,11,0.028,6,0.016,6,0.015,7,0.017,11,0.027,12,0.025,8,0.015,14,0.029,13,0.026,6,0.013,9,0.024,5,0.016
Region 21,Region 70,0,0,3,0.018,2,0.016,0,0,0,0,2,0.045,0,0,0,0,0,0,3,0.008,1,0.002,3,0.007,4,0.01,4,0.011,0,0,2,0.005,1,0.002,4,0.008,4,0.008,5,0.01,3,0.006,0,0,3,0.008,1,0.003
Region 21,Region 71,1,0.004,1,0.006,0,0,0,0,0,0,0,0,0,0,0,0,0,0,0,0,0,0,1,0.002,0,0,0,0,1,0.003,2,0.005,1,0.002,1,0.002,0,0,1,0.002,0,0,2,0.004,1,0.003,0,0
Region 21,Region 72,0,0,0,0,0,0,0,0,0,0,0,0,0,0,0,0,0,0,0,0,0,0,0,0,0,0,0,0,0,0,0,0,0,0,0,0,0,0,0,0,0,0,0,0,0,0,0,0
Region 21,Region 73,0,0,0,0,0,0,0,0,0,0,0,0,0,0,0,0,0,0,0,0,0,0,0,0,0,0,0,0,0,0,0,0,0,0,0,0,0,0,0,0,0,0,0,0,0,0,0,0
Region 21,Region 74,1,0.004,0,0,0,0,1,0.012,1,0.018,0,0,0,0,0,0,1,0.006,0,0,1,0.002,2,0.004,0,0,1,0.003,0,0,1,0.002,2,0.005,2,0.004,3,0.006,0,0,1,0.002,2,0.004,3,0.008,2,0.006
Region 21,Region 75,0,0,0,0,0,0,1,0.012,0,0,0,0,0,0,0,0,0,0,0,0,0,0,0,0,0,0,0,0,0,0,0,0,0,0,0,0,2,0.004,1,0.002,0,0,1,0.002,0,0,2,0.006
Region 22,Region 0,2,0.007,0,0,0,0,0,0,0,0,0,0,0,0,0,0,0,0,0,0,0,0,0,0,0,0,0,0,0,0,0,0,0,0,1,0.002,3,0.006,0,0,2,0.004,0,0,1,0.003,1,0.003
Region 22,Region 1,0,0,0,0,0,0,0,0,0,0,0,0,0,0,0,0,0,0,0,0,0,0,0,0,0,0,0,0,0,0,0,0,0,0,0,0,0,0,0,0,0,0,0,0,0,0,0,0
Region 22,Region 2,4,0.014,2,0.012,0,0,0,0,0,0,0,0,0,0,1,0.012,4,0.024,3,0.008,8,0.016,5,0.011,5,0.013,2,0.005,2,0.005,6,0.015,2,0.005,2,0.004,2,0.004,5,0.01,13,0.026,8,0.017,4,0.011,5,0.016
Region 22,Region 3,27,0.095,9,0.053,7,0.058,4,0.05,4,0.074,10,0.226,3,0.063,3,0.037,9,0.054,15,0.04,25,0.051,30,0.065,27,0.07,12,0.032,19,0.049,28,0.068,44,0.106,52,0.108,36,0.069,37,0.077,37,0.073,40,0.087,30,0.079,16,0.05
Region 22,Region 4,1,0.004,3,0.018,2,0.016,1,0.012,0,0,0,0,0,0,1,0.012,0,0,0,0,3,0.006,2,0.004,4,0.01,2,0.005,1,0.003,1,0.002,1,0.002,4,0.008,3,0.006,2,0.004,9,0.018,6,0.013,4,0.011,1,0.003
Region 22,Region 5,9,0.032,2,0.012,4,0.033,1,0.012,2,0.037,2,0.045,0,0,0,0,2,0.012,6,0.016,7,0.014,4,0.009,9,0.023,9,0.024,4,0.01,4,0.01,8,0.019,10,0.021,12,0.023,10,0.021,7,0.014,14,0.03,8,0.021,6,0.019
Region 22,Region 6,0,0,0,0,0,0,0,0,0,0,0,0,0,0,0,0,0,0,0,0,0,0,0,0,0,0,0,0,0,0,0,0,0,0,0,0,0,0,0,0,0,0,0,0,0,0,0,0
Region 22,Region 7,7,0.025,6,0.035,1,0.008,0,0,2,0.037,0,0,1,0.021,1,0.012,3,0.018,7,0.018,23,0.047,17,0.037,9,0.023,9,0.024,11,0.028,8,0.02,2,0.005,10,0.021,10,0.019,12,0.025,12,0.024,2,0.004,11,0.029,2,0.006
Region 22,Region 8,0,0,0,0,0,0,0,0,0,0,0,0,0,0,0,0,0,0,0,0,0,0,1,0.002,0,0,0,0,0,0,0,0,0,0,0,0,0,0,0,0,0,0,0,0,0,0,0,0
Region 22,Region 9,0,0,0,0,0,0,0,0,0,0,0,0,0,0,0,0,0,0,0,0,0,0,0,0,0,0,0,0,0,0,0,0,0,0,0,0,0,0,0,0,0,0,0,0,0,0,0,0
Region 22,Region 10,3,0.011,0,0,0,0,0,0,0,0,0,0,0,0,0,0,1,0.006,1,0.003,2,0.004,2,0.004,2,0.005,0,0,2,0.005,2,0.005,3,0.007,1,0.002,6,0.011,4,0.008,2,0.004,5,0.011,0,0,1,0.003
Region 22,Region 11,0,0,0,0,0,0,0,0,0,0,0,0,0,0,0,0,0,0,0,0,0,0,0,0,0,0,0,0,0,0,0,0,0,0,0,0,0,0,0,0,0,0,0,0,0,0,0,0
Region 22,Region 12,17,0.06,11,0.065,13,0.107,1,0.012,2,0.037,5,0.113,2,0.042,3,0.037,20,0.121,31,0.082,61,0.124,42,0.091,36,0.093,30,0.079,40,0.102,29,0.071,33,0.08,43,0.089,41,0.078,53,0.11,50,0.099,43,0.093,34,0.09,20,0.063
Region 22,Region 13,2,0.007,0,0,0,0,0,0,2,0.037,0,0,0,0,0,0,0,0,2,0.005,5,0.01,2,0.004,4,0.01,1,0.003,6,0.015,6,0.015,2,0.005,3,0.006,3,0.006,6,0.012,9,0.018,13,0.028,2,0.005,0,0
Region 22,Region 14,36,0.127,17,0.1,14,0.115,7,0.087,6,0.111,3,0.068,13,0.272,18,0.221,35,0.212,38,0.1,75,0.152,88,0.191,68,0.175,59,0.156,42,0.108,59,0.144,59,0.142,23,0.048,33,0.063,55,0.114,31,0.061,31,0.067,42,0.111,40,0.126
Region 22,Region 15,0,0,0,0,0,0,0,0,0,0,0,0,0,0,0,0,0,0,0,0,0,0,0,0,0,0,0,0,0,0,0,0,0,0,0,0,0,0,0,0,0,0,0,0,0,0,0,0
Region 22,Region 16,0,0,0,0,0,0,0,0,0,0,0,0,0,0,0,0,0,0,0,0,0,0,0,0,0,0,0,0,0,0,0,0,0,0,0,0,0,0,0,0,0,0,0,0,0,0,0,0
Region 22,Region 17,1,0.004,0,0,0,0,0,0,1,0.018,0,0,0,0,0,0,1,0.006,2,0.005,0,0,0,0,1,0.003,3,0.008,1,0.003,1,0.002,0,0,3,0.006,5,0.01,1,0.002,2,0.004,3,0.007,2,0.005,1,0.003
Region 22,Region 18,1,0.004,0,0,0,0,0,0,0,0,0,0,0,0,0,0,0,0,2,0.005,1,0.002,3,0.007,1,0.003,1,0.003,3,0.008,0,0,3,0.007,7,0.015,2,0.004,2,0.004,9,0.018,7,0.015,1,0.003,0,0
Region 22,Region 19,2,0.007,0,0,1,0.008,1,0.012,0,0,1,0.023,0,0,1,0.012,0,0,8,0.021,3,0.006,13,0.028,6,0.015,7,0.018,7,0.018,9,0.022,9,0.022,10,0.021,10,0.019,13,0.027,11,0.022,7,0.015,7,0.018,1,0.003
Region 22,Region 20,16,0.056,7,0.041,5,0.041,3,0.037,3,0.055,8,0.181,4,0.084,9,0.111,18,0.109,21,0.055,38,0.077,34,0.074,26,0.067,22,0.058,24,0.061,18,0.044,35,0.085,39,0.081,32,0.061,31,0.064,37,0.073,36,0.078,22,0.058,21,0.066
Region 22,Region 21,5,0.018,1,0.006,1,0.008,2,0.025,0,0,0,0,0,0,1,0.012,1,0.006,5,0.013,4,0.008,8,0.017,8,0.021,6,0.016,4,0.01,2,0.005,7,0.017,3,0.006,13,0.025,8,0.017,9,0.018,13,0.028,5,0.013,1,0.003
Region 22,Region 22,62,0.219,23,0.135,17,0.14,10,0.124,8,0.148,9,0.204,8,0.168,7,0.086,13,0.079,84,0.222,71,0.144,84,0.182,63,0.162,72,0.19,81,0.208,91,0.222,91,0.22,106,0.22,120,0.229,99,0.205,113,0.224,112,0.243,70,0.184,51,0.16
Region 22,Region 23,0,0,0,0,1,0.008,0,0,0,0,1,0.023,0,0,0,0,0,0,0,0,0,0,2,0.004,2,0.005,1,0.003,1,0.003,1,0.002,1,0.002,2,0.004,2,0.004,3,0.006,2,0.004,6,0.013,2,0.005,3,0.009
Region 22,Region 24,0,0,0,0,1,0.008,0,0,0,0,1,0.023,0,0,0,0,0,0,0,0,2,0.004,2,0.004,1,0.003,0,0,2,0.005,0,0,0,0,2,0.004,1,0.002,3,0.006,3,0.006,3,0.007,0,0,0,0
Region 22,Region 25,1,0.004,0,0,0,0,0,0,0,0,0,0,0,0,0,0,1,0.006,0,0,0,0,0,0,0,0,0,0,2,0.005,1,0.002,2,0.005,1,0.002,1,0.002,2,0.004,0,0,1,0.002,0,0,0,0
Region 22,Region 26,1,0.004,0,0,0,0,0,0,0,0,0,0,0,0,0,0,1,0.006,0,0,2,0.004,1,0.002,1,0.003,0,0,0,0,1,0.002,0,0,2,0.004,0,0,0,0,1,0.002,1,0.002,1,0.003,1,0.003
Region 22,Region 27,2,0.007,0,0,0,0,0,0,0,0,0,0,0,0,0,0,0,0,0,0,0,0,1,0.002,0,0,2,0.005,2,0.005,0,0,0,0,0,0,3,0.006,1,0.002,3,0.006,0,0,2,0.005,0,0
Region 22,Region 28,0,0,1,0.006,0,0,0,0,0,0,0,0,0,0,0,0,0,0,0,0,0,0,0,0,0,0,1,0.003,0,0,1,0.002,0,0,0,0,3,0.006,2,0.004,0,0,1,0.002,1,0.003,1,0.003
Region 22,Region 29,11,0.039,7,0.041,3,0.025,3,0.037,7,0.129,1,0.023,4,0.084,3,0.037,15,0.091,10,0.026,32,0.065,27,0.059,15,0.039,18,0.047,9,0.023,16,0.039,20,0.048,24,0.05,20,0.038,25,0.052,14,0.028,18,0.039,16,0.042,8,0.025
Region 22,Region 30,6,0.021,2,0.012,1,0.008,0,0,2,0.037,0,0,0,0,1,0.012,1,0.006,0,0,3,0.006,4,0.009,3,0.008,3,0.008,2,0.005,5,0.012,3,0.007,6,0.012,12,0.023,6,0.012,14,0.028,8,0.017,2,0.005,3,0.009
Region 22,Region 31,5,0.018,4,0.023,4,0.033,2,0.025,4,0.074,0,0,2,0.042,0,0,2,0.012,1,0.003,9,0.018,16,0.035,11,0.028,11,0.029,11,0.028,11,0.027,14,0.034,13,0.027,11,0.021,17,0.035,19,0.038,18,0.039,12,0.032,12,0.038
Region 22,Region 32,1,0.004,0,0,0,0,0,0,0,0,0,0,1,0.021,0,0,0,0,1,0.003,1,0.002,0,0,0,0,0,0,2,0.005,1,0.002,0,0,2,0.004,0,0,1,0.002,3,0.006,3,0.007,3,0.008,1,0.003
Region 22,Region 33,0,0,1,0.006,0,0,0,0,0,0,0,0,0,0,1,0.012,0,0,2,0.005,3,0.006,0,0,0,0,1,0.003,1,0.003,1,0.002,0,0,0,0,0,0,3,0.006,5,0.01,0,0,0,0,0,0
Region 22,Region 34,0,0,0,0,0,0,0,0,0,0,0,0,0,0,0,0,0,0,0,0,0,0,0,0,0,0,0,0,0,0,0,0,0,0,0,0,0,0,0,0,0,0,0,0,0,0,0,0
Region 22,Region 35,0,0,0,0,0,0,0,0,0,0,0,0,0,0,0,0,0,0,0,0,0,0,0,0,0,0,0,0,0,0,0,0,0,0,0,0,0,0,0,0,0,0,0,0,0,0,0,0
Region 22,Region 36,2,0.007,0,0,0,0,0,0,0,0,0,0,0,0,0,0,3,0.018,2,0.005,0,0,0,0,0,0,0,0,1,0.003,1,0.002,1,0.002,1,0.002,4,0.008,6,0.012,4,0.008,1,0.002,1,0.003,0,0
Region 22,Region 37,1,0.004,0,0,2,0.016,0,0,0,0,0,0,0,0,0,0,1,0.006,1,0.003,4,0.008,4,0.009,4,0.01,5,0.013,5,0.013,5,0.012,1,0.002,1,0.002,3,0.006,3,0.006,3,0.006,5,0.011,0,0,1,0.003
Region 22,Region 38,5,0.018,4,0.023,1,0.008,2,0.025,0,0,0,0,0,0,0,0,0,0,4,0.011,8,0.016,12,0.026,3,0.008,4,0.011,5,0.013,8,0.02,3,0.007,4,0.008,11,0.021,5,0.01,12,0.024,11,0.024,9,0.024,6,0.019
Region 22,Region 39,0,0,0,0,0,0,0,0,0,0,0,0,0,0,0,0,0,0,0,0,3,0.006,0,0,1,0.003,1,0.003,0,0,0,0,0,0,0,0,2,0.004,0,0,1,0.002,1,0.002,1,0.003,1,0.003
Region 22,Region 40,0,0,0,0,0,0,0,0,0,0,0,0,0,0,0,0,0,0,0,0,0,0,0,0,0,0,0,0,0,0,0,0,0,0,0,0,0,0,0,0,0,0,0,0,0,0,0,0
Region 22,Region 41,1,0.004,0,0,1,0.008,0,0,0,0,0,0,0,0,0,0,0,0,2,0.005,1,0.002,1,0.002,0,0,3,0.008,0,0,0,0,1,0.002,0,0,0,0,1,0.002,1,0.002,0,0,0,0,0,0
Region 22,Region 42,0,0,0,0,0,0,0,0,0,0,0,0,0,0,0,0,0,0,0,0,0,0,0,0,0,0,0,0,0,0,0,0,0,0,0,0,0,0,0,0,0,0,0,0,0,0,0,0
Region 22,Region 43,0,0,0,0,0,0,1,0.012,1,0.018,0,0,0,0,0,0,0,0,0,0,2,0.004,0,0,2,0.005,2,0.005,2,0.005,3,0.007,1,0.002,1,0.002,0,0,0,0,2,0.004,2,0.004,2,0.005,2,0.006
Region 22,Region 44,0,0,0,0,0,0,0,0,0,0,0,0,0,0,0,0,0,0,0,0,0,0,0,0,0,0,0,0,0,0,0,0,0,0,0,0,0,0,0,0,0,0,0,0,0,0,0,0
Region 22,Region 45,23,0.081,9,0.053,5,0.041,3,0.037,3,0.055,1,0.023,5,0.105,0,0,6,0.036,10,0.026,19,0.038,7,0.015,19,0.049,8,0.021,15,0.038,23,0.056,36,0.087,33,0.069,29,0.055,31,0.064,41,0.081,38,0.082,23,0.061,17,0.053
Region 22,Region 46,1,0.004,0,0,0,0,0,0,0,0,0,0,0,0,0,0,0,0,3,0.008,5,0.01,2,0.004,3,0.008,6,0.016,3,0.008,1,0.002,2,0.005,3,0.006,5,0.01,6,0.012,4,0.008,9,0.02,2,0.005,1,0.003
Region 22,Region 47,8,0.028,1,0.006,1,0.008,2,0.025,0,0,0,0,3,0.063,2,0.025,3,0.018,2,0.005,9,0.018,7,0.015,5,0.013,9,0.024,6,0.015,7,0.017,11,0.027,14,0.029,23,0.044,18,0.037,27,0.054,17,0.037,14,0.037,5,0.016
Region 22,Region 48,17,0.06,10,0.059,6,0.049,6,0.074,3,0.055,2,0.045,2,0.042,2,0.025,6,0.036,12,0.032,12,0.024,24,0.052,31,0.08,29,0.076,29,0.074,35,0.085,39,0.094,37,0.077,31,0.059,21,0.043,24,0.048,31,0.067,17,0.045,17,0.053
Region 22,Region 49,13,0.046,3,0.018,8,0.066,3,0.037,0,0,4,0.09,4,0.084,1,0.012,2,0.012,6,0.016,8,0.016,8,0.017,5,0.013,8,0.021,18,0.046,17,0.041,19,0.046,20,0.042,27,0.051,24,0.05,23,0.046,19,0.041,14,0.037,6,0.019
Region 22,Region 50,3,0.011,1,0.006,2,0.016,0,0,0,0,2,0.045,0,0,2,0.025,1,0.006,2,0.005,2,0.004,6,0.013,3,0.008,5,0.013,5,0.013,5,0.012,4,0.01,4,0.008,8,0.015,7,0.014,9,0.018,9,0.02,3,0.008,8,0.025
Region 22,Region 51,7,0.025,2,0.012,2,0.016,2,0.025,2,0.037,0,0,0,0,0,0,0,0,5,0.013,4,0.008,1,0.002,4,0.01,9,0.024,9,0.023,5,0.012,7,0.017,12,0.025,15,0.029,10,0.021,15,0.03,16,0.035,14,0.037,12,0.038
Region 22,Region 52,1,0.004,3,0.018,0,0,1,0.012,0,0,0,0,3,0.063,0,0,0,0,1,0.003,2,0.004,1,0.002,0,0,1,0.003,7,0.018,3,0.007,1,0.002,9,0.019,4,0.008,5,0.01,17,0.034,12,0.026,2,0.005,2,0.006
Region 22,Region 53,4,0.014,0,0,0,0,0,0,0,0,0,0,0,0,0,0,1,0.006,5,0.013,3,0.006,2,0.004,2,0.005,3,0.008,2,0.005,5,0.012,2,0.005,2,0.004,4,0.008,6,0.012,9,0.018,8,0.017,3,0.008,3,0.009
Region 22,Region 54,1,0.004,1,0.006,3,0.025,1,0.012,0,0,0,0,0,0,0,0,5,0.03,2,0.005,2,0.004,4,0.009,6,0.015,2,0.005,4,0.01,5,0.012,4,0.01,5,0.01,6,0.011,10,0.021,9,0.018,8,0.017,6,0.016,7,0.022
Region 22,Region 55,1,0.004,0,0,0,0,0,0,0,0,0,0,0,0,0,0,0,0,0,0,0,0,0,0,0,0,0,0,0,0,0,0,0,0,0,0,0,0,0,0,1,0.002,3,0.007,0,0,0,0
Region 22,Region 56,2,0.007,1,0.006,1,0.008,1,0.012,0,0,0,0,0,0,0,0,0,0,2,0.005,0,0,0,0,0,0,0,0,2,0.005,1,0.002,1,0.002,1,0.002,3,0.006,5,0.01,2,0.004,1,0.002,1,0.003,1,0.003
Region 22,Region 57,1,0.004,0,0,0,0,0,0,0,0,0,0,0,0,0,0,1,0.006,0,0,1,0.002,1,0.002,1,0.003,1,0.003,0,0,0,0,1,0.002,0,0,3,0.006,2,0.004,1,0.002,2,0.004,1,0.003,0,0
Region 22,Region 58,0,0,0,0,0,0,0,0,0,0,0,0,0,0,0,0,0,0,0,0,0,0,0,0,0,0,0,0,0,0,0,0,0,0,0,0,0,0,0,0,0,0,0,0,0,0,0,0
Region 22,Region 59,0,0,0,0,0,0,0,0,0,0,0,0,0,0,0,0,0,0,0,0,0,0,0,0,0,0,0,0,1,0.003,0,0,0,0,0,0,0,0,0,0,0,0,0,0,0,0,0,0
Region 22,Region 60,5,0.018,4,0.023,3,0.025,1,0.012,0,0,1,0.023,1,0.021,0,0,3,0.018,13,0.034,32,0.065,46,0.1,12,0.031,12,0.032,18,0.046,14,0.034,15,0.036,17,0.035,25,0.048,14,0.029,16,0.032,19,0.041,7,0.018,12,0.038
Region 22,Region 61,0,0,1,0.006,0,0,0,0,0,0,0,0,0,0,1,0.012,1,0.006,0,0,5,0.01,0,0,1,0.003,0,0,0,0,0,0,0,0,0,0,2,0.004,3,0.006,6,0.012,1,0.002,0,0,0,0
Region 22,Region 62,2,0.007,1,0.006,1,0.008,3,0.037,1,0.018,0,0,0,0,0,0,3,0.018,1,0.003,4,0.008,4,0.009,0,0,7,0.018,10,0.026,3,0.007,2,0.005,3,0.006,10,0.019,12,0.025,8,0.016,9,0.02,8,0.021,7,0.022
Region 22,Region 63,0,0,0,0,0,0,0,0,0,0,0,0,0,0,0,0,0,0,0,0,0,0,0,0,0,0,0,0,0,0,0,0,1,0.002,0,0,0,0,0,0,0,0,0,0,0,0,0,0
Region 22,Region 64,9,0.032,2,0.012,3,0.025,1,0.012,1,0.018,0,0,0,0,0,0,4,0.024,17,0.045,53,0.107,31,0.067,14,0.036,12,0.032,18,0.046,19,0.046,44,0.106,37,0.077,30,0.057,20,0.041,44,0.087,32,0.069,21,0.055,16,0.05
Region 22,Region 65,3,0.011,1,0.006,1,0.008,2,0.025,0,0,0,0,1,0.021,0,0,0,0,1,0.003,0,0,1,0.002,2,0.005,2,0.005,1,0.003,3,0.007,3,0.007,2,0.004,6,0.011,3,0.006,9,0.018,6,0.013,3,0.008,3,0.009
Region 22,Region 66,4,0.014,0,0,1,0.008,1,0.012,1,0.018,0,0,1,0.021,0,0,1,0.006,3,0.008,3,0.006,4,0.009,1,0.003,1,0.003,0,0,3,0.007,4,0.01,2,0.004,9,0.017,9,0.019,8,0.016,7,0.015,4,0.011,6,0.019
Region 22,Region 67,2,0.007,0,0,3,0.025,1,0.012,1,0.018,1,0.023,5,0.105,1,0.012,5,0.03,5,0.013,22,0.045,8,0.017,10,0.026,16,0.042,6,0.015,9,0.022,7,0.017,13,0.027,8,0.015,13,0.027,13,0.026,11,0.024,6,0.016,10,0.031
Region 22,Region 68,5,0.018,2,0.012,6,0.049,3,0.037,0,0,0,0,1,0.021,2,0.025,5,0.03,3,0.008,8,0.016,9,0.02,7,0.018,12,0.032,10,0.026,6,0.015,5,0.012,8,0.017,9,0.017,13,0.027,13,0.026,6,0.013,9,0.024,4,0.013
Region 22,Region 69,7,0.025,4,0.023,3,0.025,6,0.074,4,0.074,0,0,1,0.021,2,0.025,3,0.018,10,0.026,19,0.038,22,0.048,8,0.021,8,0.021,14,0.036,14,0.034,18,0.043,16,0.033,24,0.046,18,0.037,26,0.052,43,0.093,20,0.053,13,0.041
Region 22,Region 70,37,0.13,25,0.147,16,0.132,5,0.062,7,0.129,6,0.136,6,0.126,8,0.098,31,0.188,57,0.151,98,0.198,94,0.204,65,0.167,61,0.161,64,0.164,85,0.207,76,0.184,74,0.154,104,0.198,91,0.188,88,0.174,87,0.189,68,0.179,36,0.113
Region 22,Region 71,0,0,0,0,1,0.008,1,0.012,1,0.018,1,0.023,0,0,1,0.012,0,0,3,0.008,1,0.002,6,0.013,1,0.003,0,0,1,0.003,3,0.007,1,0.002,3,0.006,5,0.01,8,0.017,7,0.014,2,0.004,1,0.003,1,0.003
Region 22,Region 72,0,0,0,0,0,0,0,0,0,0,0,0,0,0,0,0,0,0,0,0,0,0,0,0,0,0,0,0,0,0,0,0,0,0,0,0,0,0,0,0,0,0,0,0,0,0,0,0
Region 22,Region 73,0,0,0,0,0,0,0,0,0,0,0,0,0,0,0,0,0,0,1,0.003,1,0.002,0,0,0,0,0,0,0,0,0,0,0,0,0,0,0,0,0,0,0,0,0,0,0,0,0,0
Region 22,Region 74,6,0.021,2,0.012,2,0.016,1,0.012,0,0,0,0,2,0.042,2,0.025,0,0,5,0.013,4,0.008,3,0.007,1,0.003,3,0.008,3,0.008,5,0.012,0,0,4,0.008,9,0.017,8,0.017,3,0.006,9,0.02,10,0.026,10,0.031
Region 22,Region 75,0,0,2,0.012,0,0,0,0,0,0,0,0,0,0,0,0,1,0.006,1,0.003,0,0,0,0,0,0,0,0,0,0,2,0.005,0,0,1,0.002,2,0.004,0,0,3,0.006,2,0.004,0,0,1,0.003
Region 23,Region 0,0,0,0,0,0,0,1,0.012,0,0,0,0,0,0,0,0,0,0,0,0,0,0,3,0.007,1,0.003,1,0.003,0,0,0,0,0,0,0,0,0,0,0,0,1,0.002,0,0,1,0.003,1,0.003
Region 23,Region 1,0,0,0,0,0,0,0,0,0,0,0,0,0,0,0,0,0,0,0,0,0,0,0,0,0,0,0,0,0,0,0,0,0,0,0,0,0,0,0,0,0,0,0,0,0,0,0,0
Region 23,Region 2,0,0,1,0.006,0,0,0,0,0,0,0,0,0,0,1,0.012,2,0.012,3,0.008,9,0.018,9,0.02,3,0.008,5,0.013,0,0,3,0.007,2,0.005,3,0.006,1,0.002,1,0.002,3,0.006,1,0.002,0,0,1,0.003
Region 23,Region 3,0,0,0,0,1,0.008,0,0,0,0,0,0,0,0,0,0,3,0.018,1,0.003,3,0.006,2,0.004,0,0,1,0.003,1,0.003,3,0.007,0,0,2,0.004,0,0,0,0,4,0.008,0,0,0,0,0,0
Region 23,Region 4,15,0.053,4,0.023,2,0.016,1,0.012,0,0,1,0.023,2,0.042,1,0.012,2,0.012,9,0.024,18,0.036,12,0.026,19,0.049,12,0.032,15,0.038,14,0.034,16,0.039,26,0.054,28,0.053,11,0.023,18,0.036,14,0.03,16,0.042,13,0.041
Region 23,Region 5,0,0,1,0.006,0,0,0,0,0,0,0,0,0,0,0,0,1,0.006,4,0.011,0,0,1,0.002,2,0.005,0,0,0,0,1,0.002,1,0.002,1,0.002,0,0,1,0.002,0,0,0,0,0,0,0,0
Region 23,Region 6,0,0,0,0,0,0,0,0,0,0,0,0,0,0,0,0,0,0,0,0,0,0,0,0,0,0,0,0,0,0,0,0,0,0,0,0,0,0,0,0,0,0,0,0,0,0,0,0
Region 23,Region 7,0,0,0,0,0,0,0,0,1,0.018,1,0.023,1,0.021,0,0,7,0.042,8,0.021,7,0.014,3,0.007,2,0.005,0,0,2,0.005,3,0.007,0,0,1,0.002,1,0.002,2,0.004,1,0.002,4,0.009,0,0,0,0
Region 23,Region 8,0,0,0,0,0,0,0,0,0,0,0,0,0,0,1,0.012,1,0.006,0,0,0,0,0,0,1,0.003,0,0,0,0,0,0,0,0,0,0,0,0,0,0,0,0,0,0,0,0,0,0
Region 23,Region 9,0,0,0,0,0,0,0,0,0,0,0,0,0,0,0,0,0,0,0,0,0,0,0,0,0,0,0,0,0,0,0,0,0,0,0,0,0,0,0,0,0,0,0,0,0,0,0,0
Region 23,Region 10,3,0.011,0,0,0,0,1,0.012,0,0,0,0,1,0.021,0,0,3,0.018,5,0.013,5,0.01,4,0.009,7,0.018,2,0.005,0,0,2,0.005,3,0.007,7,0.015,7,0.013,1,0.002,6,0.012,4,0.009,3,0.008,2,0.006
Region 23,Region 11,0,0,0,0,0,0,0,0,0,0,0,0,0,0,0,0,0,0,0,0,0,0,0,0,0,0,0,0,0,0,0,0,0,0,0,0,0,0,0,0,0,0,0,0,0,0,0,0
Region 23,Region 12,0,0,3,0.018,1,0.008,0,0,0,0,0,0,0,0,2,0.025,7,0.042,16,0.042,15,0.03,8,0.017,7,0.018,3,0.008,3,0.008,3,0.007,2,0.005,0,0,3,0.006,6,0.012,2,0.004,3,0.007,1,0.003,0,0
Region 23,Region 13,4,0.014,0,0,3,0.025,0,0,1,0.018,0,0,1,0.021,0,0,3,0.018,6,0.016,6,0.012,6,0.013,5,0.013,9,0.024,6,0.015,4,0.01,6,0.014,10,0.021,8,0.015,3,0.006,7,0.014,8,0.017,4,0.011,2,0.006
Region 23,Region 14,2,0.007,0,0,1,0.008,1,0.012,1,0.018,0,0,6,0.126,6,0.074,15,0.091,13,0.034,16,0.032,18,0.039,6,0.015,5,0.013,0,0,13,0.032,4,0.01,5,0.01,5,0.01,5,0.01,6,0.012,6,0.013,3,0.008,5,0.016
Region 23,Region 15,0,0,0,0,0,0,0,0,0,0,0,0,0,0,0,0,0,0,0,0,0,0,0,0,0,0,0,0,0,0,0,0,0,0,0,0,0,0,0,0,0,0,0,0,0,0,0,0
Region 23,Region 16,0,0,0,0,0,0,0,0,0,0,0,0,0,0,0,0,0,0,0,0,0,0,0,0,0,0,0,0,0,0,0,0,0,0,0,0,0,0,0,0,0,0,0,0,0,0,0,0
Region 23,Region 17,0,0,0,0,0,0,0,0,0,0,0,0,0,0,0,0,0,0,2,0.005,2,0.004,0,0,1,0.003,0,0,1,0.003,1,0.002,0,0,1,0.002,1,0.002,1,0.002,1,0.002,1,0.002,2,0.005,1,0.003
Region 23,Region 18,0,0,0,0,0,0,0,0,1,0.018,0,0,0,0,0,0,0,0,4,0.011,2,0.004,3,0.007,4,0.01,2,0.005,0,0,1,0.002,1,0.002,1,0.002,2,0.004,1,0.002,0,0,0,0,2,0.005,0,0
Region 23,Region 19,0,0,0,0,0,0,0,0,0,0,0,0,0,0,0,0,2,0.012,5,0.013,3,0.006,1,0.002,0,0,0,0,0,0,0,0,0,0,1,0.002,1,0.002,0,0,1,0.002,2,0.004,0,0,0,0
Region 23,Region 20,0,0,0,0,0,0,0,0,0,0,0,0,3,0.063,1,0.012,3,0.018,3,0.008,2,0.004,3,0.007,0,0,4,0.011,0,0,0,0,1,0.002,1,0.002,0,0,1,0.002,0,0,0,0,0,0,0,0
Region 23,Region 21,0,0,0,0,0,0,0,0,0,0,0,0,1,0.021,0,0,1,0.006,2,0.005,0,0,4,0.009,4,0.01,3,0.008,2,0.005,2,0.005,1,0.002,1,0.002,5,0.01,4,0.008,4,0.008,1,0.002,1,0.003,1,0.003
Region 23,Region 22,0,0,0,0,0,0,0,0,0,0,0,0,1,0.021,0,0,1,0.006,3,0.008,3,0.006,3,0.007,2,0.005,0,0,0,0,0,0,2,0.005,2,0.004,1,0.002,0,0,3,0.006,1,0.002,1,0.003,0,0
Region 23,Region 23,46,0.162,11,0.065,14,0.115,1,0.012,5,0.092,3,0.068,2,0.042,5,0.062,20,0.121,63,0.166,103,0.209,83,0.18,61,0.157,53,0.14,50,0.128,47,0.115,47,0.113,123,0.255,96,0.183,73,0.151,63,0.125,79,0.171,44,0.116,62,0.195
Region 23,Region 24,0,0,0,0,0,0,0,0,0,0,0,0,0,0,0,0,1,0.006,2,0.005,4,0.008,1,0.002,0,0,4,0.011,1,0.003,2,0.005,1,0.002,0,0,2,0.004,0,0,1,0.002,0,0,0,0,0,0
Region 23,Region 25,1,0.004,0,0,2,0.016,0,0,0,0,0,0,0,0,0,0,0,0,2,0.005,0,0,0,0,2,0.005,0,0,0,0,1,0.002,1,0.002,0,0,0,0,1,0.002,0,0,1,0.002,0,0,0,0
Region 23,Region 26,1,0.004,0,0,0,0,0,0,0,0,0,0,0,0,0,0,0,0,2,0.005,3,0.006,1,0.002,0,0,0,0,0,0,0,0,1,0.002,1,0.002,0,0,0,0,0,0,0,0,0,0,0,0
Region 23,Region 27,1,0.004,0,0,0,0,1,0.012,0,0,0,0,0,0,1,0.012,1,0.006,1,0.003,4,0.008,5,0.011,1,0.003,1,0.003,1,0.003,4,0.01,4,0.01,5,0.01,3,0.006,1,0.002,5,0.01,1,0.002,4,0.011,2,0.006
Region 23,Region 28,0,0,0,0,0,0,0,0,0,0,0,0,0,0,0,0,1,0.006,0,0,1,0.002,3,0.007,1,0.003,0,0,0,0,0,0,0,0,3,0.006,3,0.006,1,0.002,1,0.002,0,0,0,0,1,0.003
Region 23,Region 29,0,0,0,0,0,0,0,0,0,0,0,0,0,0,4,0.049,9,0.054,10,0.026,5,0.01,7,0.015,4,0.01,0,0,0,0,0,0,0,0,1,0.002,2,0.004,2,0.004,0,0,0,0,0,0,0,0
Region 23,Region 30,2,0.007,0,0,0,0,0,0,1,0.018,0,0,0,0,0,0,1,0.006,2,0.005,3,0.006,2,0.004,5,0.013,2,0.005,0,0,0,0,2,0.005,3,0.006,3,0.006,5,0.01,3,0.006,1,0.002,0,0,0,0
Region 23,Region 31,0,0,0,0,0,0,0,0,0,0,0,0,0,0,1,0.012,0,0,1,0.003,3,0.006,3,0.007,1,0.003,0,0,1,0.003,0,0,1,0.002,2,0.004,1,0.002,0,0,2,0.004,0,0,1,0.003,2,0.006
Region 23,Region 32,5,0.018,3,0.018,2,0.016,2,0.025,0,0,0,0,0,0,0,0,2,0.012,6,0.016,18,0.036,20,0.043,20,0.052,7,0.018,11,0.028,13,0.032,13,0.031,13,0.027,37,0.071,17,0.035,18,0.036,23,0.05,18,0.047,13,0.041
Region 23,Region 33,0,0,0,0,1,0.008,0,0,0,0,0,0,0,0,0,0,2,0.012,35,0.092,0,0,0,0,2,0.005,0,0,0,0,2,0.005,0,0,1,0.002,0,0,0,0,3,0.006,0,0,0,0,0,0
Region 23,Region 34,0,0,0,0,0,0,0,0,0,0,0,0,0,0,0,0,0,0,0,0,0,0,0,0,0,0,0,0,0,0,0,0,0,0,0,0,0,0,0,0,0,0,0,0,0,0,0,0
Region 23,Region 35,0,0,0,0,0,0,0,0,0,0,0,0,0,0,0,0,0,0,0,0,0,0,0,0,0,0,0,0,0,0,0,0,0,0,0,0,0,0,0,0,0,0,0,0,0,0,0,0
Region 23,Region 36,7,0.025,1,0.006,1,0.008,3,0.037,0,0,0,0,0,0,4,0.049,10,0.061,58,0.153,13,0.026,16,0.035,16,0.041,10,0.026,14,0.036,18,0.044,21,0.051,27,0.056,33,0.063,16,0.033,20,0.04,16,0.035,11,0.029,8,0.025
Region 23,Region 37,0,0,0,0,0,0,0,0,0,0,2,0.045,0,0,0,0,0,0,1,0.003,3,0.006,3,0.007,0,0,1,0.003,1,0.003,0,0,1,0.002,0,0,0,0,0,0,1,0.002,1,0.002,0,0,2,0.006
Region 23,Region 38,0,0,0,0,0,0,0,0,0,0,0,0,0,0,0,0,0,0,0,0,2,0.004,2,0.004,1,0.003,1,0.003,2,0.005,2,0.005,0,0,0,0,2,0.004,1,0.002,1,0.002,0,0,0,0,0,0
Region 23,Region 39,0,0,0,0,0,0,0,0,0,0,0,0,0,0,0,0,0,0,2,0.005,6,0.012,1,0.002,0,0,0,0,0,0,0,0,1,0.002,1,0.002,0,0,0,0,2,0.004,0,0,0,0,0,0
Region 23,Region 40,0,0,0,0,0,0,0,0,0,0,0,0,0,0,0,0,0,0,0,0,0,0,0,0,0,0,0,0,0,0,0,0,0,0,0,0,0,0,0,0,0,0,0,0,0,0,0,0
Region 23,Region 41,1,0.004,1,0.006,0,0,0,0,0,0,1,0.023,1,0.021,3,0.037,12,0.073,22,0.058,12,0.024,9,0.02,5,0.013,1,0.003,0,0,0,0,0,0,4,0.008,0,0,0,0,0,0,0,0,0,0,0,0
Region 23,Region 42,0,0,0,0,0,0,0,0,0,0,0,0,0,0,0,0,0,0,0,0,0,0,0,0,0,0,0,0,0,0,0,0,0,0,0,0,0,0,0,0,0,0,0,0,0,0,0,0
Region 23,Region 43,0,0,2,0.012,0,0,0,0,0,0,0,0,0,0,0,0,2,0.012,2,0.005,4,0.008,4,0.009,3,0.008,0,0,0,0,0,0,0,0,0,0,0,0,0,0,0,0,0,0,0,0,0,0
Region 23,Region 44,0,0,0,0,0,0,0,0,0,0,0,0,0,0,0,0,0,0,0,0,0,0,0,0,0,0,0,0,0,0,0,0,0,0,0,0,0,0,0,0,0,0,0,0,0,0,0,0
Region 23,Region 45,0,0,0,0,0,0,0,0,0,0,0,0,0,0,1,0.012,0,0,3,0.008,1,0.002,0,0,0,0,0,0,0,0,1,0.002,0,0,0,0,0,0,2,0.004,1,0.002,0,0,0,0,0,0
Region 23,Region 46,4,0.014,3,0.018,0,0,0,0,0,0,0,0,0,0,1,0.012,3,0.018,36,0.095,18,0.036,16,0.035,29,0.075,19,0.05,12,0.031,19,0.046,21,0.051,13,0.027,34,0.065,19,0.039,23,0.046,21,0.046,10,0.026,6,0.019
Region 23,Region 47,10,0.035,9,0.053,3,0.025,0,0,3,0.055,4,0.09,8,0.168,15,0.185,57,0.345,113,0.298,127,0.257,86,0.187,49,0.126,45,0.119,32,0.082,35,0.085,14,0.034,25,0.052,38,0.072,48,0.099,29,0.057,28,0.061,20,0.053,19,0.06
Region 23,Region 48,1,0.004,1,0.006,0,0,0,0,0,0,0,0,1,0.021,0,0,0,0,12,0.032,8,0.016,6,0.013,10,0.026,2,0.005,1,0.003,4,0.01,3,0.007,0,0,3,0.006,2,0.004,3,0.006,5,0.011,0,0,0,0
Region 23,Region 49,1,0.004,1,0.006,0,0,0,0,0,0,0,0,1,0.021,0,0,0,0,1,0.003,1,0.002,1,0.002,0,0,0,0,0,0,0,0,0,0,0,0,0,0,0,0,0,0,0,0,0,0,0,0
Region 23,Region 50,1,0.004,3,0.018,0,0,0,0,0,0,0,0,0,0,2,0.025,7,0.042,5,0.013,12,0.024,4,0.009,3,0.008,5,0.013,6,0.015,3,0.007,6,0.014,5,0.01,4,0.008,3,0.006,2,0.004,2,0.004,1,0.003,0,0
Region 23,Region 51,3,0.011,0,0,0,0,0,0,0,0,0,0,0,0,0,0,0,0,1,0.003,2,0.004,1,0.002,1,0.003,1,0.003,0,0,0,0,0,0,0,0,1,0.002,0,0,1,0.002,4,0.009,0,0,1,0.003
Region 23,Region 52,3,0.011,0,0,1,0.008,0,0,0,0,0,0,1,0.021,0,0,0,0,2,0.005,5,0.01,2,0.004,3,0.008,1,0.003,3,0.008,5,0.012,3,0.007,8,0.017,10,0.019,7,0.014,8,0.016,6,0.013,10,0.026,2,0.006
Region 23,Region 53,0,0,0,0,0,0,0,0,0,0,0,0,0,0,0,0,1,0.006,2,0.005,4,0.008,3,0.007,1,0.003,2,0.005,1,0.003,1,0.002,0,0,0,0,0,0,1,0.002,2,0.004,1,0.002,1,0.003,0,0
Region 23,Region 54,0,0,0,0,0,0,0,0,0,0,0,0,0,0,0,0,0,0,3,0.008,3,0.006,2,0.004,0,0,0,0,0,0,0,0,0,0,1,0.002,0,0,0,0,2,0.004,0,0,0,0,0,0
Region 23,Region 55,3,0.011,0,0,1,0.008,0,0,1,0.018,0,0,0,0,0,0,0,0,1,0.003,1,0.002,0,0,0,0,0,0,0,0,0,0,0,0,2,0.004,3,0.006,0,0,1,0.002,3,0.007,1,0.003,1,0.003
Region 23,Region 56,0,0,1,0.006,0,0,0,0,0,0,0,0,0,0,0,0,0,0,4,0.011,2,0.004,2,0.004,1,0.003,1,0.003,1,0.003,1,0.002,1,0.002,1,0.002,2,0.004,1,0.002,1,0.002,0,0,0,0,0,0
Region 23,Region 57,1,0.004,0,0,0,0,0,0,0,0,0,0,0,0,0,0,0,0,0,0,2,0.004,0,0,1,0.003,0,0,0,0,2,0.005,1,0.002,1,0.002,0,0,0,0,0,0,2,0.004,0,0,0,0
Region 23,Region 58,0,0,0,0,0,0,0,0,0,0,0,0,0,0,0,0,0,0,0,0,0,0,2,0.004,0,0,0,0,0,0,0,0,0,0,0,0,0,0,0,0,0,0,0,0,0,0,0,0
Region 23,Region 59,0,0,0,0,0,0,0,0,0,0,0,0,0,0,0,0,0,0,0,0,0,0,0,0,0,0,0,0,0,0,0,0,0,0,0,0,0,0,0,0,0,0,0,0,0,0,0,0
Region 23,Region 60,1,0.004,0,0,0,0,0,0,0,0,0,0,0,0,1,0.012,4,0.024,11,0.029,9,0.018,3,0.007,0,0,1,0.003,0,0,2,0.005,1,0.002,1,0.002,1,0.002,1,0.002,0,0,2,0.004,0,0,0,0
Region 23,Region 61,0,0,0,0,0,0,0,0,0,0,0,0,0,0,1,0.012,2,0.012,0,0,1,0.002,4,0.009,1,0.003,0,0,1,0.003,4,0.01,1,0.002,2,0.004,2,0.004,0,0,2,0.004,1,0.002,1,0.003,0,0
Region 23,Region 62,8,0.028,4,0.023,1,0.008,3,0.037,3,0.055,4,0.09,3,0.063,11,0.135,38,0.23,63,0.166,57,0.115,29,0.063,17,0.044,17,0.045,14,0.036,19,0.046,16,0.039,12,0.025,19,0.036,14,0.029,18,0.036,12,0.026,8,0.021,8,0.025
Region 23,Region 63,0,0,0,0,0,0,0,0,0,0,0,0,0,0,0,0,0,0,0,0,0,0,0,0,1,0.003,0,0,0,0,0,0,0,0,0,0,0,0,0,0,0,0,1,0.002,0,0,0,0
Region 23,Region 64,0,0,0,0,0,0,0,0,0,0,0,0,0,0,1,0.012,0,0,2,0.005,2,0.004,1,0.002,1,0.003,0,0,0,0,0,0,0,0,0,0,0,0,0,0,0,0,0,0,0,0,0,0
Region 23,Region 65,2,0.007,0,0,0,0,0,0,0,0,0,0,0,0,0,0,2,0.012,3,0.008,1,0.002,3,0.007,2,0.005,1,0.003,0,0,0,0,1,0.002,3,0.006,2,0.004,1,0.002,0,0,0,0,0,0,2,0.006
Region 23,Region 66,12,0.042,3,0.018,1,0.008,1,0.012,2,0.037,1,0.023,2,0.042,7,0.086,7,0.042,19,0.05,51,0.103,30,0.065,24,0.062,24,0.063,27,0.069,29,0.071,29,0.07,25,0.052,39,0.074,30,0.062,30,0.059,27,0.059,22,0.058,20,0.063
Region 23,Region 67,0,0,0,0,0,0,0,0,0,0,0,0,0,0,0,0,4,0.024,1,0.003,7,0.014,7,0.015,2,0.005,2,0.005,2,0.005,2,0.005,1,0.002,1,0.002,4,0.008,0,0,2,0.004,0,0,0,0,0,0
Region 23,Region 68,0,0,0,0,0,0,1,0.012,0,0,0,0,0,0,1,0.012,4,0.024,4,0.011,8,0.016,5,0.011,4,0.01,6,0.016,3,0.008,4,0.01,5,0.012,2,0.004,2,0.004,6,0.012,3,0.006,9,0.02,2,0.005,1,0.003
Region 23,Region 69,0,0,1,0.006,0,0,0,0,0,0,0,0,1,0.021,1,0.012,1,0.006,3,0.008,3,0.006,6,0.013,4,0.01,3,0.008,4,0.01,1,0.002,2,0.005,3,0.006,2,0.004,5,0.01,3,0.006,4,0.009,2,0.005,5,0.016
Region 23,Region 70,0,0,0,0,0,0,0,0,0,0,0,0,0,0,2,0.025,2,0.012,1,0.003,5,0.01,2,0.004,2,0.005,2,0.005,2,0.005,0,0,1,0.002,2,0.004,2,0.004,2,0.004,3,0.006,2,0.004,0,0,0,0
Region 23,Region 71,5,0.018,3,0.018,2,0.016,0,0,0,0,1,0.023,1,0.021,1,0.012,2,0.012,62,0.164,30,0.061,13,0.028,8,0.021,8,0.021,3,0.008,7,0.017,12,0.029,11,0.023,13,0.025,12,0.025,16,0.032,8,0.017,9,0.024,4,0.013
Region 23,Region 72,0,0,0,0,0,0,0,0,0,0,0,0,0,0,0,0,0,0,0,0,0,0,0,0,0,0,0,0,0,0,0,0,0,0,0,0,0,0,0,0,0,0,0,0,0,0,0,0
Region 23,Region 73,0,0,0,0,0,0,0,0,0,0,0,0,0,0,0,0,0,0,1,0.003,0,0,0,0,0,0,0,0,0,0,0,0,0,0,0,0,0,0,0,0,0,0,0,0,0,0,0,0
Region 23,Region 74,0,0,0,0,0,0,0,0,0,0,0,0,0,0,0,0,2,0.012,4,0.011,3,0.006,1,0.002,0,0,0,0,0,0,0,0,0,0,0,0,0,0,1,0.002,0,0,1,0.002,1,0.003,0,0
Region 23,Region 75,0,0,0,0,0,0,0,0,0,0,0,0,0,0,1,0.012,1,0.006,1,0.003,0,0,4,0.009,2,0.005,1,0.003,0,0,0,0,0,0,2,0.004,2,0.004,0,0,2,0.004,0,0,1,0.003,0,0
Region 24,Region 0,0,0,0,0,0,0,0,0,0,0,0,0,0,0,0,0,0,0,0,0,1,0.002,0,0,0,0,1,0.003,0,0,1,0.002,0,0,2,0.004,2,0.004,2,0.004,0,0,2,0.004,1,0.003,0,0
Region 24,Region 1,0,0,0,0,0,0,0,0,0,0,0,0,0,0,0,0,0,0,0,0,0,0,0,0,0,0,0,0,0,0,0,0,0,0,0,0,0,0,0,0,0,0,0,0,0,0,0,0
Region 24,Region 2,3,0.011,2,0.012,2,0.016,1,0.012,0,0,0,0,0,0,2,0.025,2,0.012,35,0.092,15,0.03,26,0.056,14,0.036,11,0.029,12,0.031,13,0.032,21,0.051,17,0.035,21,0.04,13,0.027,24,0.048,10,0.022,7,0.018,4,0.013
Region 24,Region 3,0,0,0,0,0,0,0,0,0,0,0,0,0,0,0,0,0,0,0,0,1,0.002,1,0.002,0,0,0,0,0,0,1,0.002,0,0,2,0.004,4,0.008,2,0.004,2,0.004,0,0,1,0.003,0,0
Region 24,Region 4,1,0.004,0,0,1,0.008,0,0,0,0,0,0,1,0.021,0,0,0,0,0,0,0,0,1,0.002,2,0.005,0,0,0,0,1,0.002,1,0.002,2,0.004,3,0.006,0,0,2,0.004,0,0,1,0.003,0,0
Region 24,Region 5,0,0,0,0,0,0,0,0,0,0,0,0,0,0,0,0,1,0.006,0,0,0,0,2,0.004,0,0,0,0,0,0,0,0,0,0,2,0.004,1,0.002,0,0,0,0,0,0,0,0,0,0
Region 24,Region 6,0,0,0,0,0,0,0,0,0,0,0,0,0,0,0,0,0,0,0,0,0,0,0,0,0,0,0,0,0,0,0,0,0,0,0,0,0,0,0,0,0,0,0,0,0,0,0,0
Region 24,Region 7,0,0,0,0,0,0,0,0,0,0,0,0,0,0,0,0,0,0,3,0.008,2,0.004,3,0.007,1,0.003,1,0.003,1,0.003,1,0.002,2,0.005,0,0,0,0,1,0.002,1,0.002,0,0,0,0,0,0
Region 24,Region 8,0,0,0,0,0,0,0,0,0,0,0,0,0,0,0,0,0,0,0,0,0,0,0,0,1,0.003,0,0,0,0,0,0,0,0,0,0,1,0.002,0,0,0,0,0,0,0,0,0,0
Region 24,Region 9,0,0,0,0,0,0,0,0,0,0,0,0,0,0,0,0,0,0,0,0,0,0,0,0,0,0,0,0,0,0,0,0,0,0,0,0,0,0,0,0,0,0,0,0,0,0,0,0
Region 24,Region 10,4,0.014,7,0.041,2,0.016,2,0.025,1,0.018,1,0.023,1,0.021,0,0,0,0,3,0.008,6,0.012,5,0.011,7,0.018,4,0.011,6,0.015,2,0.005,11,0.027,8,0.017,7,0.013,8,0.017,8,0.016,7,0.015,5,0.013,9,0.028
Region 24,Region 11,0,0,0,0,0,0,0,0,0,0,0,0,0,0,0,0,0,0,0,0,0,0,0,0,0,0,0,0,0,0,0,0,0,0,0,0,0,0,0,0,0,0,0,0,0,0,0,0
Region 24,Region 12,0,0,0,0,1,0.008,0,0,0,0,0,0,1,0.021,0,0,2,0.012,1,0.003,4,0.008,3,0.007,2,0.005,2,0.005,4,0.01,3,0.007,1,0.002,1,0.002,2,0.004,0,0,1,0.002,2,0.004,0,0,1,0.003
Region 24,Region 13,2,0.007,1,0.006,0,0,0,0,0,0,0,0,0,0,0,0,0,0,0,0,0,0,0,0,1,0.003,2,0.005,0,0,1,0.002,1,0.002,0,0,1,0.002,1,0.002,0,0,2,0.004,0,0,0,0
Region 24,Region 14,0,0,0,0,0,0,0,0,0,0,1,0.023,0,0,1,0.012,1,0.006,4,0.011,6,0.012,4,0.009,5,0.013,4,0.011,4,0.01,1,0.002,2,0.005,2,0.004,5,0.01,3,0.006,2,0.004,3,0.007,3,0.008,5,0.016
Region 24,Region 15,0,0,0,0,0,0,0,0,0,0,0,0,0,0,0,0,0,0,0,0,0,0,0,0,0,0,0,0,0,0,0,0,0,0,0,0,0,0,0,0,0,0,0,0,0,0,0,0
Region 24,Region 16,0,0,0,0,0,0,0,0,0,0,0,0,0,0,0,0,0,0,0,0,0,0,0,0,0,0,0,0,0,0,0,0,0,0,0,0,0,0,0,0,0,0,0,0,0,0,0,0
Region 24,Region 17,1,0.004,1,0.006,0,0,0,0,0,0,0,0,0,0,0,0,0,0,0,0,0,0,0,0,1,0.003,1,0.003,1,0.003,0,0,2,0.005,1,0.002,0,0,0,0,2,0.004,2,0.004,1,0.003,0,0
Region 24,Region 18,4,0.014,1,0.006,2,0.016,0,0,0,0,0,0,0,0,0,0,0,0,2,0.005,20,0.04,3,0.007,7,0.018,12,0.032,15,0.038,3,0.007,4,0.01,6,0.012,6,0.011,11,0.023,6,0.012,2,0.004,2,0.005,1,0.003
Region 24,Region 19,0,0,0,0,0,0,0,0,0,0,0,0,0,0,0,0,0,0,0,0,0,0,0,0,0,0,1,0.003,0,0,0,0,1,0.002,1,0.002,1,0.002,0,0,0,0,0,0,0,0,0,0
Region 24,Region 20,1,0.004,0,0,0,0,0,0,0,0,0,0,0,0,0,0,1,0.006,3,0.008,3,0.006,1,0.002,2,0.005,2,0.005,0,0,0,0,2,0.005,1,0.002,0,0,2,0.004,2,0.004,1,0.002,1,0.003,0,0
Region 24,Region 21,0,0,0,0,0,0,0,0,0,0,0,0,0,0,0,0,1,0.006,1,0.003,2,0.004,4,0.009,8,0.021,4,0.011,4,0.01,6,0.015,5,0.012,5,0.01,2,0.004,4,0.008,7,0.014,3,0.007,1,0.003,0,0
Region 24,Region 22,0,0,0,0,0,0,0,0,0,0,0,0,0,0,0,0,1,0.006,1,0.003,2,0.004,1,0.002,0,0,0,0,0,0,0,0,0,0,1,0.002,0,0,3,0.006,0,0,1,0.002,0,0,0,0
Region 24,Region 23,4,0.014,0,0,0,0,1,0.012,0,0,0,0,0,0,0,0,0,0,1,0.003,0,0,3,0.007,0,0,1,0.003,2,0.005,1,0.002,6,0.014,6,0.012,7,0.013,9,0.019,2,0.004,4,0.009,6,0.016,0,0
Region 24,Region 24,10,0.035,7,0.041,2,0.016,2,0.025,0,0,0,0,0,0,2,0.025,2,0.012,15,0.04,26,0.053,27,0.059,29,0.075,22,0.058,19,0.049,30,0.073,18,0.043,28,0.058,32,0.061,22,0.046,22,0.044,22,0.048,9,0.024,12,0.038
Region 24,Region 25,0,0,0,0,0,0,0,0,0,0,0,0,0,0,0,0,0,0,0,0,0,0,0,0,0,0,0,0,0,0,0,0,0,0,0,0,0,0,0,0,0,0,1,0.002,2,0.005,0,0
Region 24,Region 26,0,0,0,0,0,0,0,0,0,0,0,0,0,0,0,0,0,0,2,0.005,4,0.008,0,0,0,0,0,0,1,0.003,1,0.002,0,0,0,0,0,0,0,0,2,0.004,0,0,1,0.003,1,0.003
Region 24,Region 27,0,0,2,0.012,0,0,1,0.012,0,0,0,0,0,0,0,0,1,0.006,0,0,2,0.004,1,0.002,2,0.005,0,0,2,0.005,1,0.002,4,0.01,2,0.004,5,0.01,3,0.006,3,0.006,3,0.007,0,0,2,0.006
Region 24,Region 28,0,0,0,0,0,0,0,0,0,0,0,0,0,0,0,0,0,0,1,0.003,0,0,1,0.002,1,0.003,0,0,1,0.003,1,0.002,0,0,1,0.002,0,0,0,0,0,0,1,0.002,0,0,1,0.003
Region 24,Region 29,0,0,1,0.006,0,0,1,0.012,0,0,0,0,0,0,0,0,0,0,1,0.003,0,0,2,0.004,5,0.013,3,0.008,1,0.003,4,0.01,0,0,1,0.002,2,0.004,3,0.006,0,0,0,0,2,0.005,1,0.003
Region 24,Region 30,0,0,1,0.006,0,0,1,0.012,0,0,0,0,0,0,0,0,1,0.006,0,0,4,0.008,2,0.004,3,0.008,1,0.003,5,0.013,3,0.007,5,0.012,1,0.002,1,0.002,4,0.008,1,0.002,1,0.002,4,0.011,0,0
Region 24,Region 31,0,0,1,0.006,0,0,0,0,0,0,0,0,0,0,0,0,0,0,1,0.003,1,0.002,0,0,1,0.003,1,0.003,1,0.003,1,0.002,2,0.005,1,0.002,4,0.008,4,0.008,1,0.002,1,0.002,2,0.005,0,0
Region 24,Region 32,0,0,0,0,0,0,0,0,0,0,0,0,0,0,1,0.012,0,0,1,0.003,1,0.002,0,0,1,0.003,0,0,0,0,0,0,0,0,0,0,1,0.002,2,0.004,1,0.002,0,0,2,0.005,0,0
Region 24,Region 33,0,0,0,0,0,0,0,0,0,0,0,0,0,0,0,0,0,0,0,0,0,0,0,0,0,0,0,0,1,0.003,0,0,0,0,0,0,0,0,0,0,1,0.002,1,0.002,0,0,1,0.003
Region 24,Region 34,0,0,0,0,0,0,0,0,0,0,0,0,0,0,0,0,0,0,0,0,0,0,0,0,0,0,0,0,0,0,0,0,0,0,0,0,0,0,0,0,0,0,0,0,0,0,0,0
Region 24,Region 35,0,0,0,0,0,0,0,0,0,0,0,0,0,0,0,0,0,0,0,0,0,0,0,0,0,0,0,0,0,0,0,0,0,0,0,0,0,0,0,0,0,0,0,0,0,0,0,0
Region 24,Region 36,3,0.011,1,0.006,0,0,0,0,0,0,0,0,0,0,1,0.012,0,0,2,0.005,1,0.002,3,0.007,1,0.003,1,0.003,5,0.013,3,0.007,4,0.01,1,0.002,3,0.006,7,0.014,4,0.008,3,0.007,2,0.005,6,0.019
Region 24,Region 37,0,0,0,0,0,0,0,0,0,0,0,0,0,0,0,0,0,0,0,0,1,0.002,3,0.007,1,0.003,0,0,2,0.005,2,0.005,1,0.002,4,0.008,2,0.004,7,0.014,1,0.002,3,0.007,2,0.005,1,0.003
Region 24,Region 38,0,0,0,0,2,0.016,0,0,0,0,0,0,1,0.021,0,0,0,0,1,0.003,0,0,1,0.002,1,0.003,1,0.003,3,0.008,3,0.007,1,0.002,2,0.004,1,0.002,1,0.002,3,0.006,3,0.007,1,0.003,0,0
Region 24,Region 39,0,0,0,0,0,0,0,0,0,0,0,0,0,0,0,0,0,0,0,0,5,0.01,1,0.002,1,0.003,0,0,0,0,0,0,0,0,0,0,1,0.002,3,0.006,0,0,0,0,1,0.003,1,0.003
Region 24,Region 40,0,0,0,0,0,0,0,0,0,0,0,0,0,0,0,0,0,0,0,0,0,0,0,0,0,0,0,0,0,0,0,0,0,0,0,0,0,0,0,0,0,0,0,0,0,0,0,0
Region 24,Region 41,0,0,0,0,0,0,0,0,0,0,0,0,0,0,0,0,2,0.012,1,0.003,0,0,0,0,1,0.003,1,0.003,0,0,0,0,0,0,0,0,0,0,0,0,0,0,0,0,0,0,0,0
Region 24,Region 42,0,0,0,0,0,0,0,0,0,0,0,0,0,0,0,0,0,0,0,0,0,0,0,0,0,0,0,0,0,0,0,0,0,0,0,0,0,0,0,0,0,0,0,0,0,0,0,0
Region 24,Region 43,1,0.004,2,0.012,0,0,1,0.012,0,0,0,0,0,0,0,0,3,0.018,9,0.024,13,0.026,7,0.015,13,0.033,10,0.026,19,0.049,17,0.041,15,0.036,9,0.019,5,0.01,9,0.019,9,0.018,10,0.022,2,0.005,4,0.013
Region 24,Region 44,0,0,0,0,0,0,0,0,0,0,0,0,0,0,0,0,0,0,0,0,0,0,0,0,0,0,0,0,0,0,0,0,0,0,0,0,0,0,0,0,0,0,0,0,0,0,0,0
Region 24,Region 45,0,0,0,0,0,0,0,0,0,0,0,0,0,0,0,0,0,0,0,0,1,0.002,1,0.002,2,0.005,0,0,0,0,1,0.002,0,0,0,0,0,0,2,0.004,1,0.002,0,0,0,0,0,0
Region 24,Region 46,0,0,1,0.006,0,0,0,0,0,0,1,0.023,0,0,0,0,1,0.006,0,0,4,0.008,2,0.004,1,0.003,1,0.003,1,0.003,2,0.005,5,0.012,3,0.006,2,0.004,3,0.006,1,0.002,1,0.002,1,0.003,0,0
Region 24,Region 47,5,0.018,7,0.041,2,0.016,0,0,1,0.018,2,0.045,2,0.042,4,0.049,9,0.054,31,0.082,52,0.105,47,0.102,43,0.111,28,0.074,26,0.067,35,0.085,20,0.048,30,0.062,47,0.09,49,0.101,38,0.075,21,0.046,25,0.066,16,0.05
Region 24,Region 48,0,0,0,0,1,0.008,0,0,0,0,0,0,0,0,0,0,0,0,0,0,1,0.002,3,0.007,1,0.003,5,0.013,2,0.005,1,0.002,0,0,0,0,0,0,3,0.006,0,0,0,0,0,0,0,0
Region 24,Region 49,0,0,0,0,1,0.008,0,0,0,0,1,0.023,0,0,0,0,0,0,0,0,2,0.004,4,0.009,4,0.01,1,0.003,1,0.003,1,0.002,1,0.002,1,0.002,3,0.006,1,0.002,2,0.004,2,0.004,0,0,1,0.003
Region 24,Region 50,2,0.007,1,0.006,0,0,0,0,0,0,0,0,0,0,0,0,1,0.006,0,0,1,0.002,2,0.004,1,0.003,1,0.003,2,0.005,1,0.002,1,0.002,0,0,1,0.002,0,0,0,0,2,0.004,0,0,0,0
Region 24,Region 51,2,0.007,0,0,0,0,0,0,0,0,0,0,0,0,0,0,0,0,2,0.005,3,0.006,2,0.004,4,0.01,1,0.003,4,0.01,2,0.005,1,0.002,2,0.004,4,0.008,1,0.002,1,0.002,2,0.004,7,0.018,0,0
Region 24,Region 52,0,0,0,0,0,0,0,0,0,0,0,0,0,0,0,0,0,0,2,0.005,0,0,0,0,0,0,0,0,2,0.005,2,0.005,0,0,2,0.004,1,0.002,1,0.002,1,0.002,0,0,0,0,1,0.003
Region 24,Region 53,4,0.014,1,0.006,1,0.008,0,0,0,0,0,0,0,0,0,0,3,0.018,3,0.008,17,0.034,21,0.046,16,0.041,12,0.032,11,0.028,12,0.029,17,0.041,13,0.027,18,0.034,12,0.025,13,0.026,16,0.035,9,0.024,2,0.006
Region 24,Region 54,0,0,1,0.006,0,0,0,0,0,0,0,0,0,0,0,0,0,0,1,0.003,2,0.004,0,0,0,0,1,0.003,1,0.003,0,0,1,0.002,1,0.002,0,0,1,0.002,2,0.004,0,0,0,0,0,0
Region 24,Region 55,0,0,0,0,0,0,0,0,0,0,0,0,0,0,0,0,0,0,0,0,0,0,0,0,0,0,0,0,0,0,1,0.002,0,0,0,0,1,0.002,0,0,1,0.002,0,0,0,0,0,0
Region 24,Region 56,0,0,0,0,0,0,0,0,0,0,0,0,0,0,0,0,0,0,0,0,0,0,1,0.002,1,0.003,0,0,1,0.003,0,0,1,0.002,1,0.002,2,0.004,2,0.004,1,0.002,0,0,0,0,2,0.006
Region 24,Region 57,0,0,0,0,0,0,1,0.012,0,0,0,0,0,0,0,0,0,0,0,0,0,0,1,0.002,0,0,0,0,0,0,1,0.002,0,0,0,0,0,0,1,0.002,0,0,0,0,0,0,0,0
Region 24,Region 58,0,0,0,0,0,0,0,0,0,0,0,0,0,0,0,0,0,0,0,0,0,0,0,0,0,0,0,0,0,0,1,0.002,0,0,0,0,0,0,0,0,0,0,0,0,0,0,0,0
Region 24,Region 59,0,0,0,0,0,0,0,0,0,0,0,0,0,0,0,0,0,0,0,0,0,0,0,0,0,0,0,0,0,0,0,0,0,0,0,0,0,0,0,0,0,0,0,0,0,0,0,0
Region 24,Region 60,0,0,0,0,0,0,0,0,0,0,0,0,0,0,0,0,1,0.006,5,0.013,2,0.004,1,0.002,2,0.005,2,0.005,0,0,1,0.002,0,0,1,0.002,0,0,3,0.006,0,0,0,0,0,0,0,0
Region 24,Region 61,1,0.004,2,0.012,0,0,0,0,0,0,0,0,0,0,1,0.012,0,0,3,0.008,4,0.008,8,0.017,2,0.005,2,0.005,8,0.02,6,0.015,6,0.014,7,0.015,6,0.011,5,0.01,3,0.006,6,0.013,2,0.005,8,0.025
Region 24,Region 62,4,0.014,1,0.006,1,0.008,0,0,1,0.018,0,0,0,0,0,0,0,0,2,0.005,4,0.008,7,0.015,4,0.01,3,0.008,7,0.018,7,0.017,2,0.005,2,0.004,5,0.01,10,0.021,8,0.016,5,0.011,4,0.011,3,0.009
Region 24,Region 63,0,0,0,0,0,0,0,0,0,0,0,0,0,0,0,0,0,0,0,0,0,0,0,0,0,0,0,0,0,0,0,0,0,0,0,0,0,0,0,0,0,0,0,0,1,0.003,0,0
Region 24,Region 64,0,0,1,0.006,0,0,1,0.012,0,0,0,0,0,0,0,0,0,0,0,0,0,0,0,0,2,0.005,0,0,0,0,1,0.002,0,0,2,0.004,0,0,0,0,1,0.002,0,0,0,0,0,0
Region 24,Region 65,0,0,0,0,0,0,0,0,0,0,0,0,0,0,0,0,0,0,0,0,0,0,0,0,0,0,0,0,0,0,0,0,0,0,1,0.002,1,0.002,2,0.004,1,0.002,1,0.002,1,0.003,0,0
Region 24,Region 66,1,0.004,1,0.006,0,0,0,0,0,0,0,0,0,0,0,0,1,0.006,1,0.003,2,0.004,3,0.007,5,0.013,2,0.005,2,0.005,5,0.012,0,0,2,0.004,5,0.01,4,0.008,3,0.006,5,0.011,0,0,2,0.006
Region 24,Region 67,0,0,0,0,0,0,0,0,0,0,0,0,0,0,0,0,0,0,0,0,6,0.012,3,0.007,2,0.005,2,0.005,0,0,0,0,0,0,1,0.002,2,0.004,1,0.002,0,0,1,0.002,0,0,2,0.006
Region 24,Region 68,0,0,0,0,0,0,0,0,0,0,0,0,0,0,0,0,0,0,2,0.005,5,0.01,4,0.009,8,0.021,5,0.013,2,0.005,1,0.002,1,0.002,2,0.004,1,0.002,4,0.008,1,0.002,1,0.002,0,0,1,0.003
Region 24,Region 69,0,0,0,0,0,0,0,0,0,0,1,0.023,0,0,2,0.025,1,0.006,1,0.003,4,0.008,5,0.011,6,0.015,6,0.016,6,0.015,7,0.017,1,0.002,3,0.006,3,0.006,4,0.008,7,0.014,6,0.013,0,0,2,0.006
Region 24,Region 70,0,0,0,0,0,0,0,0,0,0,0,0,0,0,0,0,0,0,2,0.005,3,0.006,4,0.009,0,0,0,0,1,0.003,1,0.002,1,0.002,0,0,1,0.002,4,0.008,3,0.006,1,0.002,0,0,0,0
Region 24,Region 71,1,0.004,0,0,0,0,0,0,0,0,0,0,0,0,0,0,0,0,1,0.003,0,0,0,0,0,0,0,0,0,0,0,0,0,0,0,0,2,0.004,1,0.002,2,0.004,0,0,1,0.003,1,0.003
Region 24,Region 72,0,0,0,0,0,0,0,0,0,0,0,0,0,0,0,0,0,0,0,0,0,0,0,0,0,0,0,0,0,0,0,0,0,0,0,0,0,0,0,0,0,0,0,0,0,0,0,0
Region 24,Region 73,0,0,0,0,0,0,0,0,0,0,0,0,0,0,0,0,0,0,0,0,0,0,0,0,0,0,0,0,0,0,0,0,1,0.002,0,0,0,0,0,0,0,0,0,0,0,0,0,0
Region 24,Region 74,0,0,0,0,0,0,0,0,0,0,0,0,0,0,0,0,0,0,0,0,0,0,2,0.004,0,0,1,0.003,0,0,0,0,2,0.005,0,0,2,0.004,0,0,0,0,0,0,0,0,0,0
Region 24,Region 75,0,0,0,0,0,0,0,0,0,0,0,0,0,0,0,0,0,0,0,0,0,0,1,0.002,0,0,0,0,0,0,0,0,1,0.002,0,0,0,0,1,0.002,1,0.002,1,0.002,0,0,0,0
Region 25,Region 0,0,0,0,0,0,0,0,0,0,0,0,0,0,0,0,0,1,0.006,0,0,0,0,1,0.002,0,0,0,0,1,0.003,0,0,0,0,0,0,0,0,0,0,0,0,0,0,0,0,0,0
Region 25,Region 1,0,0,0,0,0,0,0,0,0,0,0,0,0,0,0,0,0,0,0,0,0,0,0,0,0,0,0,0,0,0,0,0,0,0,0,0,0,0,0,0,0,0,0,0,0,0,0,0
Region 25,Region 2,0,0,0,0,0,0,0,0,0,0,0,0,0,0,0,0,0,0,0,0,0,0,0,0,1,0.003,0,0,0,0,0,0,0,0,0,0,1,0.002,0,0,1,0.002,1,0.002,0,0,0,0
Region 25,Region 3,0,0,0,0,0,0,0,0,0,0,0,0,0,0,0,0,0,0,0,0,1,0.002,0,0,0,0,0,0,0,0,1,0.002,0,0,0,0,0,0,0,0,0,0,0,0,0,0,0,0
Region 25,Region 4,0,0,0,0,0,0,0,0,0,0,0,0,0,0,0,0,0,0,0,0,1,0.002,0,0,2,0.005,1,0.003,0,0,2,0.005,1,0.002,2,0.004,1,0.002,2,0.004,0,0,0,0,0,0,0,0
Region 25,Region 5,0,0,0,0,0,0,0,0,0,0,0,0,0,0,1,0.012,0,0,1,0.003,1,0.002,0,0,0,0,0,0,1,0.003,0,0,0,0,0,0,0,0,0,0,0,0,0,0,0,0,0,0
Region 25,Region 6,0,0,0,0,0,0,0,0,0,0,0,0,0,0,0,0,0,0,0,0,0,0,0,0,0,0,0,0,0,0,0,0,0,0,0,0,0,0,0,0,0,0,0,0,0,0,0,0
Region 25,Region 7,0,0,0,0,0,0,0,0,0,0,0,0,1,0.021,0,0,0,0,4,0.011,2,0.004,0,0,1,0.003,0,0,1,0.003,0,0,0,0,0,0,0,0,0,0,0,0,0,0,0,0,0,0
Region 25,Region 8,0,0,0,0,0,0,0,0,0,0,0,0,0,0,0,0,0,0,0,0,0,0,0,0,0,0,0,0,0,0,0,0,0,0,0,0,0,0,0,0,0,0,0,0,0,0,0,0
Region 25,Region 9,0,0,0,0,0,0,0,0,0,0,0,0,0,0,0,0,0,0,0,0,0,0,0,0,0,0,0,0,0,0,0,0,0,0,0,0,0,0,0,0,0,0,0,0,0,0,0,0
Region 25,Region 10,2,0.007,0,0,0,0,0,0,0,0,0,0,0,0,0,0,1,0.006,0,0,0,0,0,0,0,0,0,0,0,0,0,0,0,0,0,0,1,0.002,0,0,0,0,0,0,1,0.003,2,0.006
Region 25,Region 11,0,0,0,0,0,0,0,0,0,0,0,0,0,0,0,0,0,0,0,0,0,0,0,0,0,0,0,0,0,0,0,0,0,0,0,0,0,0,0,0,0,0,0,0,0,0,0,0
Region 25,Region 12,0,0,0,0,0,0,0,0,0,0,0,0,1,0.021,6,0.074,5,0.03,7,0.018,5,0.01,4,0.009,4,0.01,2,0.005,2,0.005,0,0,2,0.005,1,0.002,0,0,1,0.002,1,0.002,3,0.007,0,0,0,0
Region 25,Region 13,0,0,0,0,0,0,0,0,0,0,0,0,0,0,0,0,2,0.012,1,0.003,5,0.01,4,0.009,2,0.005,4,0.011,3,0.008,1,0.002,9,0.022,3,0.006,2,0.004,1,0.002,1,0.002,4,0.009,0,0,0,0
Region 25,Region 14,3,0.011,0,0,0,0,0,0,0,0,2,0.045,1,0.021,3,0.037,4,0.024,6,0.016,5,0.01,6,0.013,6,0.015,5,0.013,2,0.005,3,0.007,3,0.007,2,0.004,0,0,3,0.006,3,0.006,0,0,4,0.011,0,0
Region 25,Region 15,0,0,0,0,0,0,0,0,0,0,0,0,0,0,0,0,0,0,0,0,0,0,0,0,0,0,0,0,0,0,0,0,0,0,0,0,0,0,0,0,0,0,0,0,0,0,0,0
Region 25,Region 16,0,0,0,0,0,0,0,0,0,0,0,0,0,0,0,0,0,0,0,0,0,0,0,0,0,0,0,0,0,0,0,0,0,0,0,0,0,0,0,0,0,0,0,0,0,0,0,0
Region 25,Region 17,6,0.021,1,0.006,0,0,0,0,1,0.018,1,0.023,1,0.021,1,0.012,7,0.042,28,0.074,28,0.057,13,0.028,21,0.054,31,0.082,25,0.064,16,0.039,90,0.217,31,0.064,17,0.032,19,0.039,25,0.05,18,0.039,16,0.042,15,0.047
Region 25,Region 18,0,0,0,0,0,0,0,0,0,0,0,0,0,0,0,0,0,0,0,0,1,0.002,0,0,1,0.003,3,0.008,0,0,0,0,0,0,0,0,0,0,1,0.002,0,0,0,0,0,0,0,0
Region 25,Region 19,0,0,0,0,0,0,0,0,0,0,0,0,0,0,0,0,1,0.006,1,0.003,0,0,0,0,1,0.003,0,0,0,0,1,0.002,0,0,0,0,0,0,0,0,0,0,0,0,0,0,0,0
Region 25,Region 20,0,0,0,0,0,0,0,0,0,0,0,0,0,0,0,0,0,0,0,0,1,0.002,0,0,1,0.003,0,0,0,0,0,0,0,0,1,0.002,0,0,0,0,0,0,0,0,0,0,0,0
Region 25,Region 21,0,0,0,0,0,0,0,0,0,0,0,0,0,0,0,0,0,0,1,0.003,0,0,0,0,0,0,0,0,1,0.003,0,0,0,0,0,0,0,0,1,0.002,1,0.002,0,0,0,0,0,0
Region 25,Region 22,0,0,0,0,0,0,0,0,0,0,0,0,0,0,0,0,0,0,0,0,2,0.004,0,0,0,0,0,0,0,0,0,0,0,0,0,0,0,0,0,0,0,0,0,0,0,0,0,0
Region 25,Region 23,0,0,0,0,0,0,0,0,0,0,0,0,0,0,0,0,0,0,0,0,2,0.004,0,0,2,0.005,0,0,1,0.003,1,0.002,1,0.002,0,0,0,0,0,0,0,0,0,0,0,0,0,0
Region 25,Region 24,0,0,0,0,0,0,0,0,0,0,0,0,0,0,0,0,0,0,0,0,0,0,0,0,1,0.003,0,0,0,0,0,0,0,0,0,0,0,0,0,0,1,0.002,0,0,0,0,1,0.003
Region 25,Region 25,18,0.063,13,0.076,2,0.016,5,0.062,1,0.018,1,0.023,1,0.021,5,0.062,34,0.206,231,0.61,66,0.134,33,0.072,36,0.093,53,0.14,48,0.123,27,0.066,100,0.241,71,0.147,70,0.133,62,0.128,63,0.125,58,0.126,45,0.119,31,0.097
Region 25,Region 26,0,0,0,0,0,0,0,0,0,0,0,0,0,0,1,0.012,0,0,3,0.008,0,0,0,0,0,0,0,0,0,0,0,0,0,0,0,0,0,0,0,0,0,0,0,0,0,0,1,0.003
Region 25,Region 27,0,0,0,0,0,0,0,0,0,0,0,0,0,0,0,0,0,0,1,0.003,0,0,0,0,1,0.003,0,0,0,0,0,0,1,0.002,0,0,0,0,1,0.002,0,0,0,0,0,0,0,0
Region 25,Region 28,0,0,0,0,0,0,0,0,0,0,0,0,0,0,0,0,0,0,0,0,0,0,0,0,1,0.003,0,0,0,0,1,0.002,0,0,0,0,0,0,0,0,0,0,0,0,0,0,0,0
Region 25,Region 29,0,0,0,0,1,0.008,1,0.012,0,0,0,0,0,0,1,0.012,4,0.024,4,0.011,6,0.012,2,0.004,1,0.003,1,0.003,1,0.003,1,0.002,0,0,1,0.002,0,0,0,0,0,0,0,0,0,0,0,0
Region 25,Region 30,0,0,0,0,0,0,0,0,0,0,0,0,0,0,0,0,0,0,1,0.003,0,0,0,0,0,0,0,0,0,0,1,0.002,0,0,0,0,0,0,1,0.002,0,0,0,0,0,0,0,0
Region 25,Region 31,0,0,0,0,0,0,0,0,0,0,0,0,0,0,0,0,0,0,0,0,1,0.002,0,0,0,0,0,0,0,0,1,0.002,0,0,0,0,1,0.002,0,0,0,0,1,0.002,0,0,1,0.003
Region 25,Region 32,0,0,0,0,0,0,0,0,0,0,0,0,0,0,0,0,0,0,1,0.003,0,0,1,0.002,0,0,0,0,0,0,0,0,0,0,0,0,0,0,0,0,0,0,0,0,0,0,2,0.006
Region 25,Region 33,0,0,0,0,1,0.008,0,0,0,0,0,0,0,0,0,0,2,0.012,3,0.008,14,0.028,2,0.004,0,0,5,0.013,1,0.003,3,0.007,9,0.022,6,0.012,0,0,2,0.004,3,0.006,3,0.007,5,0.013,0,0
Region 25,Region 34,0,0,0,0,0,0,0,0,0,0,0,0,0,0,0,0,0,0,0,0,0,0,0,0,0,0,0,0,0,0,0,0,0,0,0,0,0,0,0,0,0,0,0,0,0,0,0,0
Region 25,Region 35,0,0,0,0,0,0,0,0,0,0,0,0,0,0,0,0,0,0,0,0,0,0,0,0,0,0,0,0,0,0,0,0,0,0,0,0,0,0,0,0,0,0,0,0,0,0,0,0
Region 25,Region 36,0,0,0,0,0,0,0,0,0,0,0,0,0,0,0,0,0,0,0,0,1,0.002,1,0.002,0,0,0,0,0,0,0,0,0,0,1,0.002,0,0,1,0.002,0,0,2,0.004,1,0.003,0,0
Region 25,Region 37,0,0,0,0,0,0,0,0,0,0,0,0,0,0,0,0,0,0,1,0.003,1,0.002,0,0,0,0,0,0,0,0,0,0,0,0,2,0.004,0,0,0,0,0,0,0,0,0,0,0,0
Region 25,Region 38,0,0,0,0,0,0,0,0,0,0,0,0,0,0,1,0.012,0,0,1,0.003,0,0,0,0,1,0.003,0,0,0,0,0,0,0,0,0,0,1,0.002,4,0.008,1,0.002,1,0.002,0,0,1,0.003
Region 25,Region 39,0,0,0,0,0,0,0,0,0,0,0,0,0,0,0,0,0,0,0,0,0,0,0,0,0,0,0,0,0,0,0,0,0,0,0,0,0,0,0,0,0,0,1,0.002,0,0,1,0.003
Region 25,Region 40,0,0,0,0,0,0,0,0,0,0,0,0,0,0,0,0,0,0,0,0,0,0,0,0,0,0,0,0,0,0,0,0,0,0,0,0,0,0,0,0,0,0,0,0,0,0,0,0
Region 25,Region 41,0,0,0,0,0,0,0,0,0,0,0,0,0,0,0,0,0,0,1,0.003,2,0.004,1,0.002,0,0,0,0,0,0,0,0,0,0,0,0,0,0,0,0,0,0,0,0,0,0,0,0
Region 25,Region 42,0,0,0,0,0,0,0,0,0,0,0,0,0,0,0,0,0,0,0,0,0,0,0,0,0,0,0,0,0,0,0,0,0,0,0,0,0,0,0,0,0,0,0,0,0,0,0,0
Region 25,Region 43,0,0,0,0,0,0,0,0,0,0,0,0,0,0,0,0,1,0.006,1,0.003,0,0,0,0,0,0,0,0,0,0,0,0,0,0,0,0,1,0.002,0,0,0,0,0,0,1,0.003,0,0
Region 25,Region 44,0,0,0,0,0,0,0,0,0,0,0,0,0,0,0,0,0,0,0,0,0,0,0,0,0,0,0,0,0,0,0,0,0,0,0,0,0,0,0,0,0,0,0,0,0,0,0,0
Region 25,Region 45,0,0,0,0,0,0,0,0,0,0,0,0,0,0,0,0,0,0,1,0.003,1,0.002,0,0,0,0,0,0,0,0,0,0,0,0,0,0,0,0,0,0,1,0.002,0,0,0,0,0,0
Region 25,Region 46,0,0,0,0,0,0,0,0,0,0,0,0,0,0,1,0.012,0,0,12,0.032,4,0.008,4,0.009,8,0.021,5,0.013,6,0.015,5,0.012,5,0.012,5,0.01,3,0.006,4,0.008,5,0.01,7,0.015,7,0.018,3,0.009
Region 25,Region 47,0,0,1,0.006,1,0.008,0,0,0,0,0,0,1,0.021,2,0.025,2,0.012,19,0.05,18,0.036,8,0.017,6,0.015,4,0.011,6,0.015,3,0.007,4,0.01,6,0.012,3,0.006,3,0.006,1,0.002,2,0.004,3,0.008,5,0.016
Region 25,Region 48,0,0,0,0,0,0,0,0,0,0,0,0,0,0,0,0,3,0.018,4,0.011,3,0.006,0,0,2,0.005,2,0.005,0,0,0,0,1,0.002,1,0.002,0,0,2,0.004,0,0,0,0,0,0,0,0
Region 25,Region 49,0,0,0,0,0,0,0,0,0,0,0,0,0,0,0,0,0,0,0,0,0,0,0,0,0,0,0,0,0,0,0,0,0,0,0,0,0,0,0,0,0,0,0,0,0,0,0,0
Region 25,Region 50,0,0,0,0,0,0,0,0,0,0,0,0,0,0,0,0,1,0.006,4,0.011,3,0.006,1,0.002,0,0,0,0,1,0.003,0,0,2,0.005,2,0.004,3,0.006,2,0.004,1,0.002,1,0.002,0,0,0,0
Region 25,Region 51,0,0,0,0,0,0,0,0,0,0,0,0,0,0,0,0,0,0,0,0,1,0.002,1,0.002,1,0.003,1,0.003,0,0,0,0,0,0,0,0,0,0,0,0,0,0,0,0,0,0,1,0.003
Region 25,Region 52,1,0.004,0,0,0,0,0,0,0,0,0,0,0,0,0,0,0,0,0,0,2,0.004,1,0.002,1,0.003,0,0,0,0,2,0.005,1,0.002,0,0,0,0,0,0,1,0.002,5,0.011,2,0.005,0,0
Region 25,Region 53,0,0,0,0,0,0,0,0,0,0,0,0,1,0.021,0,0,0,0,0,0,0,0,0,0,0,0,0,0,0,0,0,0,0,0,0,0,0,0,1,0.002,0,0,0,0,1,0.003,0,0
Region 25,Region 54,0,0,0,0,0,0,0,0,0,0,0,0,0,0,0,0,0,0,1,0.003,1,0.002,0,0,0,0,1,0.003,0,0,0,0,0,0,0,0,0,0,0,0,0,0,0,0,0,0,0,0
Region 25,Region 55,0,0,0,0,0,0,0,0,0,0,0,0,0,0,0,0,2,0.012,0,0,1,0.002,0,0,1,0.003,0,0,0,0,1,0.002,1,0.002,1,0.002,0,0,1,0.002,4,0.008,0,0,0,0,0,0
Region 25,Region 56,0,0,0,0,0,0,0,0,0,0,0,0,0,0,0,0,0,0,0,0,0,0,0,0,0,0,0,0,0,0,0,0,1,0.002,0,0,1,0.002,0,0,0,0,0,0,0,0,0,0
Region 25,Region 57,0,0,0,0,0,0,0,0,0,0,0,0,0,0,0,0,0,0,1,0.003,0,0,1,0.002,3,0.008,3,0.008,3,0.008,1,0.002,2,0.005,3,0.006,2,0.004,4,0.008,1,0.002,0,0,4,0.011,3,0.009
Region 25,Region 58,0,0,0,0,0,0,0,0,0,0,0,0,0,0,0,0,0,0,0,0,0,0,0,0,0,0,0,0,0,0,0,0,0,0,0,0,0,0,0,0,0,0,0,0,0,0,0,0
Region 25,Region 59,0,0,0,0,0,0,0,0,0,0,0,0,0,0,0,0,0,0,0,0,0,0,0,0,0,0,0,0,0,0,0,0,0,0,0,0,0,0,0,0,0,0,0,0,0,0,0,0
Region 25,Region 60,0,0,0,0,0,0,0,0,0,0,0,0,0,0,1,0.012,1,0.006,7,0.018,1,0.002,2,0.004,0,0,0,0,1,0.003,0,0,1,0.002,1,0.002,1,0.002,0,0,1,0.002,0,0,0,0,0,0
Region 25,Region 61,0,0,1,0.006,0,0,0,0,0,0,0,0,0,0,0,0,0,0,0,0,0,0,0,0,0,0,0,0,0,0,0,0,0,0,0,0,0,0,0,0,1,0.002,1,0.002,2,0.005,0,0
Region 25,Region 62,4,0.014,4,0.023,4,0.033,0,0,1,0.018,0,0,0,0,3,0.037,4,0.024,7,0.018,12,0.024,7,0.015,14,0.036,17,0.045,21,0.054,8,0.02,41,0.099,13,0.027,11,0.021,13,0.027,9,0.018,12,0.026,12,0.032,7,0.022
Region 25,Region 63,0,0,0,0,0,0,0,0,0,0,0,0,0,0,0,0,0,0,0,0,0,0,0,0,0,0,0,0,0,0,0,0,0,0,0,0,0,0,0,0,0,0,0,0,0,0,0,0
Region 25,Region 64,0,0,0,0,0,0,0,0,0,0,0,0,0,0,0,0,0,0,3,0.008,0,0,0,0,0,0,0,0,0,0,0,0,0,0,1,0.002,0,0,0,0,0,0,0,0,0,0,0,0
Region 25,Region 65,2,0.007,0,0,1,0.008,0,0,0,0,0,0,0,0,0,0,1,0.006,2,0.005,1,0.002,0,0,2,0.005,3,0.008,1,0.003,4,0.01,18,0.043,0,0,3,0.006,1,0.002,4,0.008,4,0.009,3,0.008,1,0.003
Region 25,Region 66,1,0.004,0,0,0,0,0,0,0,0,0,0,0,0,0,0,3,0.018,5,0.013,5,0.01,3,0.007,6,0.015,3,0.008,2,0.005,2,0.005,4,0.01,1,0.002,3,0.006,1,0.002,5,0.01,2,0.004,2,0.005,1,0.003
Region 25,Region 67,0,0,0,0,0,0,0,0,0,0,0,0,0,0,2,0.025,1,0.006,2,0.005,3,0.006,1,0.002,0,0,1,0.003,0,0,0,0,0,0,1,0.002,1,0.002,0,0,1,0.002,0,0,0,0,0,0
Region 25,Region 68,0,0,0,0,0,0,0,0,0,0,0,0,0,0,0,0,0,0,3,0.008,7,0.014,3,0.007,3,0.008,3,0.008,0,0,1,0.002,2,0.005,0,0,2,0.004,0,0,0,0,0,0,1,0.003,1,0.003
Region 25,Region 69,0,0,0,0,0,0,0,0,0,0,0,0,1,0.021,0,0,1,0.006,2,0.005,1,0.002,2,0.004,2,0.005,3,0.008,1,0.003,1,0.002,2,0.005,0,0,1,0.002,0,0,0,0,1,0.002,1,0.003,0,0
Region 25,Region 70,0,0,0,0,0,0,0,0,0,0,0,0,0,0,0,0,1,0.006,2,0.005,3,0.006,4,0.009,0,0,0,0,0,0,0,0,0,0,0,0,0,0,0,0,0,0,2,0.004,0,0,0,0
Region 25,Region 71,2,0.007,0,0,0,0,0,0,0,0,0,0,0,0,0,0,0,0,14,0.037,7,0.014,1,0.002,5,0.013,1,0.003,2,0.005,2,0.005,2,0.005,8,0.017,1,0.002,5,0.01,8,0.016,3,0.007,3,0.008,2,0.006
Region 25,Region 72,0,0,0,0,0,0,0,0,0,0,0,0,0,0,0,0,0,0,0,0,0,0,0,0,0,0,0,0,0,0,0,0,0,0,0,0,0,0,0,0,0,0,0,0,0,0,0,0
Region 25,Region 73,0,0,0,0,0,0,0,0,0,0,0,0,0,0,0,0,0,0,0,0,0,0,0,0,0,0,0,0,0,0,0,0,0,0,0,0,0,0,0,0,0,0,0,0,0,0,0,0
Region 25,Region 74,0,0,0,0,0,0,0,0,0,0,0,0,0,0,0,0,0,0,1,0.003,0,0,0,0,0,0,0,0,0,0,0,0,0,0,0,0,0,0,0,0,0,0,0,0,1,0.003,0,0
Region 25,Region 75,1,0.004,0,0,0,0,0,0,0,0,0,0,0,0,0,0,0,0,0,0,3,0.006,1,0.002,0,0,0,0,0,0,0,0,0,0,2,0.004,0,0,0,0,0,0,0,0,0,0,0,0
Region 26,Region 0,0,0,0,0,0,0,0,0,0,0,0,0,0,0,0,0,0,0,0,0,1,0.002,1,0.002,0,0,0,0,0,0,0,0,1,0.002,0,0,0,0,0,0,1,0.002,0,0,0,0,0,0
Region 26,Region 1,0,0,0,0,0,0,0,0,0,0,0,0,0,0,0,0,0,0,0,0,0,0,0,0,0,0,0,0,0,0,0,0,0,0,0,0,0,0,0,0,0,0,0,0,0,0,0,0
Region 26,Region 2,2,0.007,0,0,0,0,0,0,0,0,1,0.023,0,0,0,0,0,0,22,0.058,14,0.028,8,0.017,5,0.013,5,0.013,5,0.013,2,0.005,5,0.012,12,0.025,2,0.004,1,0.002,3,0.006,5,0.011,2,0.005,2,0.006
Region 26,Region 3,0,0,0,0,0,0,0,0,0,0,0,0,0,0,0,0,0,0,1,0.003,0,0,0,0,0,0,1,0.003,0,0,0,0,0,0,1,0.002,2,0.004,1,0.002,0,0,0,0,0,0,1,0.003
Region 26,Region 4,0,0,0,0,0,0,0,0,0,0,0,0,0,0,0,0,0,0,0,0,0,0,1,0.002,1,0.003,0,0,0,0,0,0,0,0,4,0.008,3,0.006,0,0,1,0.002,1,0.002,0,0,0,0
Region 26,Region 5,0,0,0,0,0,0,0,0,1,0.018,0,0,0,0,0,0,1,0.006,1,0.003,0,0,0,0,0,0,0,0,0,0,0,0,0,0,0,0,0,0,0,0,0,0,0,0,0,0,0,0
Region 26,Region 6,0,0,0,0,0,0,0,0,0,0,0,0,0,0,0,0,0,0,0,0,0,0,0,0,0,0,0,0,0,0,0,0,0,0,0,0,0,0,0,0,0,0,0,0,0,0,0,0
Region 26,Region 7,0,0,0,0,0,0,0,0,0,0,0,0,0,0,0,0,0,0,1,0.003,0,0,0,0,1,0.003,1,0.003,1,0.003,1,0.002,1,0.002,0,0,0,0,0,0,0,0,0,0,0,0,0,0
Region 26,Region 8,0,0,0,0,0,0,0,0,0,0,0,0,0,0,0,0,0,0,0,0,0,0,1,0.002,0,0,0,0,0,0,0,0,0,0,0,0,0,0,0,0,0,0,0,0,0,0,0,0
Region 26,Region 9,0,0,0,0,0,0,0,0,0,0,0,0,0,0,0,0,0,0,0,0,0,0,0,0,0,0,0,0,0,0,0,0,0,0,0,0,0,0,0,0,0,0,0,0,0,0,0,0
Region 26,Region 10,1,0.004,1,0.006,0,0,0,0,0,0,0,0,1,0.021,1,0.012,0,0,0,0,0,0,4,0.009,0,0,1,0.003,1,0.003,0,0,0,0,3,0.006,1,0.002,3,0.006,1,0.002,2,0.004,0,0,2,0.006
Region 26,Region 11,0,0,0,0,0,0,0,0,0,0,0,0,0,0,0,0,0,0,0,0,0,0,0,0,0,0,0,0,0,0,0,0,0,0,0,0,0,0,0,0,0,0,0,0,0,0,0,0
Region 26,Region 12,0,0,0,0,0,0,0,0,0,0,0,0,0,0,1,0.012,0,0,1,0.003,3,0.006,3,0.007,0,0,0,0,0,0,1,0.002,0,0,0,0,0,0,1,0.002,0,0,0,0,2,0.005,1,0.003
Region 26,Region 13,0,0,0,0,0,0,0,0,0,0,0,0,0,0,0,0,1,0.006,0,0,0,0,1,0.002,0,0,1,0.003,0,0,0,0,1,0.002,2,0.004,0,0,0,0,0,0,1,0.002,0,0,0,0
Region 26,Region 14,0,0,0,0,1,0.008,0,0,0,0,0,0,0,0,0,0,3,0.018,0,0,4,0.008,7,0.015,3,0.008,5,0.013,4,0.01,4,0.01,3,0.007,5,0.01,6,0.011,6,0.012,3,0.006,3,0.007,4,0.011,3,0.009
Region 26,Region 15,0,0,0,0,0,0,0,0,0,0,0,0,0,0,0,0,0,0,0,0,0,0,0,0,0,0,0,0,0,0,0,0,0,0,0,0,0,0,0,0,0,0,0,0,0,0,0,0
Region 26,Region 16,0,0,0,0,0,0,0,0,0,0,0,0,0,0,0,0,0,0,0,0,0,0,0,0,0,0,0,0,0,0,0,0,0,0,0,0,0,0,0,0,0,0,0,0,0,0,0,0
Region 26,Region 17,0,0,0,0,0,0,0,0,0,0,0,0,0,0,0,0,0,0,0,0,0,0,2,0.004,0,0,0,0,0,0,0,0,0,0,1,0.002,0,0,0,0,2,0.004,2,0.004,1,0.003,1,0.003
Region 26,Region 18,0,0,0,0,0,0,1,0.012,0,0,0,0,0,0,0,0,0,0,2,0.005,2,0.004,2,0.004,0,0,1,0.003,3,0.008,1,0.002,0,0,4,0.008,0,0,2,0.004,1,0.002,0,0,2,0.005,1,0.003
Region 26,Region 19,0,0,0,0,0,0,0,0,0,0,1,0.023,0,0,0,0,1,0.006,0,0,0,0,0,0,1,0.003,0,0,0,0,0,0,0,0,0,0,1,0.002,0,0,0,0,1,0.002,0,0,0,0
Region 26,Region 20,0,0,0,0,0,0,0,0,0,0,0,0,1,0.021,0,0,4,0.024,1,0.003,4,0.008,1,0.002,1,0.003,1,0.003,1,0.003,1,0.002,2,0.005,2,0.004,0,0,0,0,1,0.002,3,0.007,0,0,1,0.003
Region 26,Region 21,2,0.007,1,0.006,0,0,0,0,0,0,0,0,0,0,0,0,2,0.012,1,0.003,2,0.004,2,0.004,1,0.003,4,0.011,1,0.003,2,0.005,4,0.01,0,0,4,0.008,1,0.002,3,0.006,4,0.009,4,0.011,0,0
Region 26,Region 22,0,0,0,0,0,0,0,0,0,0,0,0,0,0,0,0,0,0,0,0,2,0.004,1,0.002,0,0,0,0,0,0,1,0.002,0,0,0,0,4,0.008,2,0.004,0,0,0,0,2,0.005,1,0.003
Region 26,Region 23,0,0,0,0,0,0,0,0,0,0,0,0,0,0,0,0,0,0,0,0,0,0,2,0.004,0,0,0,0,1,0.003,1,0.002,0,0,0,0,2,0.004,1,0.002,1,0.002,0,0,2,0.005,0,0
Region 26,Region 24,0,0,0,0,0,0,0,0,0,0,0,0,0,0,0,0,1,0.006,1,0.003,1,0.002,1,0.002,1,0.003,0,0,1,0.003,1,0.002,0,0,2,0.004,3,0.006,2,0.004,2,0.004,1,0.002,0,0,0,0
Region 26,Region 25,0,0,0,0,0,0,0,0,0,0,0,0,0,0,0,0,0,0,0,0,0,0,0,0,0,0,1,0.003,0,0,1,0.002,0,0,1,0.002,0,0,1,0.002,0,0,1,0.002,0,0,0,0
Region 26,Region 26,14,0.049,6,0.035,3,0.025,0,0,2,0.037,0,0,1,0.021,3,0.037,6,0.036,52,0.137,60,0.121,48,0.104,26,0.067,15,0.04,18,0.046,16,0.039,19,0.046,42,0.087,38,0.072,30,0.062,19,0.038,27,0.059,18,0.047,19,0.06
Region 26,Region 27,0,0,0,0,0,0,0,0,0,0,0,0,0,0,0,0,0,0,0,0,0,0,0,0,0,0,0,0,0,0,0,0,0,0,2,0.004,0,0,0,0,1,0.002,0,0,0,0,0,0
Region 26,Region 28,0,0,0,0,0,0,0,0,0,0,0,0,1,0.021,1,0.012,0,0,0,0,0,0,1,0.002,0,0,0,0,0,0,0,0,0,0,0,0,0,0,0,0,0,0,0,0,0,0,0,0
Region 26,Region 29,0,0,0,0,0,0,0,0,0,0,0,0,0,0,0,0,2,0.012,4,0.011,2,0.004,1,0.002,1,0.003,0,0,3,0.008,0,0,0,0,0,0,0,0,1,0.002,1,0.002,2,0.004,0,0,2,0.006
Region 26,Region 30,2,0.007,0,0,0,0,1,0.012,0,0,0,0,0,0,0,0,1,0.006,2,0.005,7,0.014,14,0.03,14,0.036,9,0.024,13,0.033,7,0.017,5,0.012,22,0.046,18,0.034,3,0.006,4,0.008,2,0.004,5,0.013,4,0.013
Region 26,Region 31,1,0.004,1,0.006,0,0,0,0,0,0,0,0,0,0,0,0,0,0,0,0,2,0.004,1,0.002,1,0.003,1,0.003,3,0.008,1,0.002,1,0.002,1,0.002,1,0.002,0,0,1,0.002,1,0.002,2,0.005,1,0.003
Region 26,Region 32,0,0,0,0,0,0,0,0,0,0,0,0,0,0,0,0,0,0,0,0,0,0,0,0,0,0,0,0,0,0,0,0,0,0,0,0,1,0.002,0,0,0,0,0,0,2,0.005,1,0.003
Region 26,Region 33,0,0,0,0,0,0,0,0,0,0,0,0,0,0,0,0,0,0,0,0,0,0,1,0.002,1,0.003,1,0.003,0,0,0,0,0,0,0,0,0,0,0,0,0,0,0,0,0,0,0,0
Region 26,Region 34,0,0,0,0,0,0,0,0,0,0,0,0,0,0,0,0,0,0,0,0,0,0,0,0,0,0,0,0,0,0,0,0,0,0,0,0,0,0,0,0,0,0,0,0,0,0,0,0
Region 26,Region 35,0,0,0,0,0,0,0,0,0,0,0,0,0,0,0,0,0,0,0,0,0,0,0,0,0,0,0,0,0,0,0,0,0,0,0,0,0,0,0,0,0,0,0,0,0,0,0,0
Region 26,Region 36,0,0,0,0,0,0,0,0,0,0,0,0,0,0,0,0,0,0,0,0,0,0,0,0,0,0,1,0.003,1,0.003,0,0,0,0,1,0.002,1,0.002,4,0.008,1,0.002,3,0.007,0,0,0,0
Region 26,Region 37,0,0,0,0,0,0,0,0,0,0,0,0,0,0,0,0,0,0,1,0.003,0,0,1,0.002,0,0,0,0,0,0,0,0,0,0,1,0.002,0,0,0,0,0,0,0,0,0,0,0,0
Region 26,Region 38,0,0,0,0,0,0,0,0,0,0,0,0,0,0,0,0,0,0,1,0.003,2,0.004,1,0.002,0,0,0,0,5,0.013,3,0.007,1,0.002,5,0.01,0,0,7,0.014,4,0.008,2,0.004,3,0.008,3,0.009
Region 26,Region 39,1,0.004,0,0,0,0,0,0,0,0,0,0,1,0.021,1,0.012,0,0,2,0.005,5,0.01,14,0.03,0,0,2,0.005,1,0.003,6,0.015,5,0.012,13,0.027,7,0.013,5,0.01,5,0.01,3,0.007,0,0,4,0.013
Region 26,Region 40,0,0,0,0,0,0,0,0,0,0,0,0,0,0,0,0,0,0,0,0,0,0,0,0,0,0,0,0,0,0,0,0,0,0,0,0,0,0,0,0,0,0,0,0,0,0,0,0
Region 26,Region 41,0,0,0,0,0,0,0,0,0,0,0,0,0,0,0,0,0,0,3,0.008,0,0,1,0.002,0,0,0,0,1,0.003,0,0,0,0,0,0,0,0,0,0,0,0,0,0,0,0,0,0
Region 26,Region 42,0,0,0,0,0,0,0,0,0,0,0,0,0,0,0,0,0,0,0,0,0,0,0,0,0,0,0,0,0,0,0,0,0,0,0,0,0,0,0,0,0,0,0,0,0,0,0,0
Region 26,Region 43,0,0,0,0,1,0.008,0,0,0,0,0,0,0,0,1,0.012,0,0,0,0,2,0.004,1,0.002,1,0.003,2,0.005,2,0.005,2,0.005,2,0.005,5,0.01,3,0.006,1,0.002,0,0,0,0,0,0,0,0
Region 26,Region 44,0,0,0,0,0,0,0,0,0,0,0,0,0,0,0,0,0,0,0,0,0,0,0,0,0,0,0,0,0,0,0,0,0,0,0,0,0,0,0,0,0,0,0,0,0,0,0,0
Region 26,Region 45,0,0,0,0,0,0,0,0,0,0,0,0,0,0,0,0,0,0,0,0,0,0,0,0,0,0,0,0,0,0,0,0,0,0,2,0.004,1,0.002,1,0.002,1,0.002,0,0,0,0,0,0
Region 26,Region 46,0,0,0,0,0,0,0,0,0,0,0,0,0,0,0,0,0,0,1,0.003,4,0.008,0,0,0,0,2,0.005,1,0.003,1,0.002,3,0.007,2,0.004,0,0,1,0.002,1,0.002,1,0.002,0,0,0,0
Region 26,Region 47,20,0.071,5,0.029,7,0.058,10,0.124,1,0.018,7,0.158,3,0.063,12,0.148,25,0.151,50,0.132,131,0.265,172,0.374,88,0.227,98,0.258,97,0.249,103,0.251,94,0.227,155,0.322,121,0.231,109,0.226,86,0.17,75,0.163,77,0.203,41,0.129
Region 26,Region 48,1,0.004,0,0,0,0,0,0,0,0,0,0,0,0,0,0,1,0.006,1,0.003,1,0.002,1,0.002,1,0.003,0,0,0,0,1,0.002,1,0.002,1,0.002,0,0,1,0.002,1,0.002,0,0,0,0,1,0.003
Region 26,Region 49,1,0.004,0,0,0,0,1,0.012,0,0,0,0,0,0,0,0,0,0,2,0.005,4,0.008,2,0.004,0,0,1,0.003,0,0,0,0,2,0.005,2,0.004,1,0.002,0,0,3,0.006,3,0.007,1,0.003,0,0
Region 26,Region 50,0,0,0,0,0,0,0,0,0,0,0,0,0,0,0,0,0,0,0,0,0,0,1,0.002,1,0.003,1,0.003,1,0.003,0,0,0,0,0,0,1,0.002,1,0.002,2,0.004,0,0,0,0,0,0
Region 26,Region 51,0,0,0,0,0,0,0,0,0,0,0,0,0,0,0,0,0,0,0,0,1,0.002,1,0.002,0,0,0,0,2,0.005,0,0,1,0.002,3,0.006,1,0.002,3,0.006,3,0.006,2,0.004,1,0.003,0,0
Region 26,Region 52,0,0,0,0,0,0,0,0,0,0,0,0,0,0,0,0,0,0,0,0,1,0.002,2,0.004,0,0,1,0.003,0,0,0,0,0,0,2,0.004,1,0.002,2,0.004,1,0.002,0,0,0,0,0,0
Region 26,Region 53,1,0.004,1,0.006,0,0,0,0,0,0,0,0,0,0,0,0,2,0.012,4,0.011,8,0.016,5,0.011,4,0.01,3,0.008,3,0.008,5,0.012,2,0.005,5,0.01,6,0.011,3,0.006,1,0.002,1,0.002,2,0.005,0,0
Region 26,Region 54,0,0,0,0,0,0,0,0,0,0,0,0,0,0,0,0,0,0,0,0,0,0,0,0,0,0,1,0.003,0,0,0,0,0,0,0,0,0,0,1,0.002,0,0,0,0,0,0,0,0
Region 26,Region 55,0,0,0,0,0,0,0,0,0,0,0,0,0,0,0,0,0,0,0,0,1,0.002,0,0,0,0,0,0,0,0,0,0,0,0,0,0,2,0.004,0,0,0,0,0,0,0,0,0,0
Region 26,Region 56,0,0,3,0.018,0,0,0,0,0,0,0,0,0,0,0,0,0,0,1,0.003,0,0,1,0.002,0,0,1,0.003,0,0,0,0,0,0,2,0.004,1,0.002,1,0.002,0,0,0,0,0,0,0,0
Region 26,Region 57,0,0,0,0,0,0,0,0,0,0,0,0,0,0,0,0,0,0,0,0,0,0,0,0,0,0,0,0,0,0,0,0,0,0,1,0.002,2,0.004,0,0,0,0,0,0,0,0,0,0
Region 26,Region 58,0,0,0,0,0,0,0,0,0,0,0,0,0,0,0,0,0,0,0,0,0,0,0,0,0,0,0,0,0,0,0,0,0,0,0,0,0,0,0,0,0,0,0,0,0,0,0,0
Region 26,Region 59,0,0,0,0,0,0,0,0,0,0,0,0,0,0,0,0,0,0,0,0,0,0,0,0,0,0,0,0,0,0,0,0,0,0,0,0,0,0,0,0,0,0,0,0,0,0,0,0
Region 26,Region 60,0,0,0,0,0,0,0,0,0,0,0,0,0,0,0,0,1,0.006,1,0.003,3,0.006,1,0.002,2,0.005,1,0.003,1,0.003,0,0,1,0.002,0,0,0,0,0,0,0,0,2,0.004,0,0,0,0
Region 26,Region 61,3,0.011,0,0,0,0,0,0,0,0,0,0,0,0,0,0,0,0,2,0.005,6,0.012,5,0.011,1,0.003,3,0.008,3,0.008,3,0.007,3,0.007,2,0.004,4,0.008,6,0.012,4,0.008,2,0.004,2,0.005,1,0.003
Region 26,Region 62,0,0,0,0,0,0,0,0,0,0,0,0,0,0,0,0,3,0.018,6,0.016,6,0.012,3,0.007,2,0.005,1,0.003,2,0.005,2,0.005,3,0.007,9,0.019,4,0.008,3,0.006,2,0.004,1,0.002,1,0.003,0,0
Region 26,Region 63,0,0,0,0,0,0,0,0,0,0,0,0,0,0,0,0,0,0,0,0,0,0,0,0,0,0,0,0,0,0,0,0,0,0,0,0,0,0,0,0,0,0,0,0,0,0,0,0
Region 26,Region 64,0,0,0,0,0,0,0,0,0,0,0,0,0,0,0,0,1,0.006,1,0.003,1,0.002,0,0,0,0,0,0,2,0.005,2,0.005,0,0,0,0,0,0,0,0,0,0,1,0.002,0,0,0,0
Region 26,Region 65,1,0.004,0,0,0,0,0,0,0,0,0,0,0,0,0,0,0,0,0,0,0,0,0,0,0,0,1,0.003,0,0,0,0,0,0,2,0.004,2,0.004,2,0.004,1,0.002,0,0,1,0.003,0,0
Region 26,Region 66,0,0,0,0,0,0,0,0,0,0,0,0,0,0,0,0,0,0,0,0,1,0.002,1,0.002,0,0,3,0.008,2,0.005,1,0.002,0,0,1,0.002,3,0.006,3,0.006,1,0.002,1,0.002,1,0.003,0,0
Region 26,Region 67,2,0.007,1,0.006,0,0,0,0,0,0,0,0,0,0,0,0,2,0.012,5,0.013,6,0.012,7,0.015,2,0.005,2,0.005,6,0.015,1,0.002,3,0.007,3,0.006,4,0.008,5,0.01,4,0.008,3,0.007,1,0.003,0,0
Region 26,Region 68,0,0,0,0,0,0,0,0,0,0,0,0,0,0,1,0.012,0,0,6,0.016,5,0.01,4,0.009,2,0.005,1,0.003,0,0,1,0.002,1,0.002,2,0.004,2,0.004,2,0.004,0,0,1,0.002,0,0,0,0
Region 26,Region 69,0,0,0,0,0,0,0,0,0,0,0,0,0,0,0,0,1,0.006,3,0.008,6,0.012,3,0.007,0,0,1,0.003,1,0.003,0,0,1,0.002,5,0.01,3,0.006,0,0,0,0,1,0.002,0,0,0,0
Region 26,Region 70,0,0,1,0.006,0,0,0,0,0,0,0,0,0,0,0,0,0,0,0,0,3,0.006,2,0.004,0,0,0,0,0,0,2,0.005,0,0,0,0,2,0.004,1,0.002,0,0,1,0.002,0,0,0,0
Region 26,Region 71,0,0,0,0,0,0,0,0,0,0,0,0,0,0,0,0,0,0,0,0,0,0,0,0,0,0,0,0,1,0.003,0,0,0,0,0,0,1,0.002,1,0.002,1,0.002,0,0,0,0,0,0
Region 26,Region 72,0,0,0,0,0,0,0,0,0,0,0,0,0,0,0,0,0,0,0,0,0,0,0,0,0,0,0,0,0,0,0,0,0,0,0,0,0,0,0,0,0,0,0,0,0,0,0,0
Region 26,Region 73,0,0,0,0,0,0,0,0,0,0,0,0,0,0,0,0,0,0,0,0,0,0,0,0,0,0,0,0,0,0,0,0,0,0,0,0,0,0,0,0,0,0,0,0,0,0,0,0
Region 26,Region 74,1,0.004,1,0.006,0,0,0,0,0,0,0,0,0,0,0,0,0,0,2,0.005,0,0,0,0,0,0,0,0,0,0,0,0,0,0,0,0,1,0.002,0,0,0,0,0,0,0,0,0,0
Region 26,Region 75,0,0,0,0,0,0,0,0,0,0,0,0,0,0,0,0,0,0,0,0,0,0,0,0,0,0,0,0,0,0,0,0,1,0.002,0,0,0,0,0,0,0,0,0,0,0,0,0,0
Region 27,Region 0,0,0,0,0,0,0,0,0,0,0,0,0,0,0,0,0,2,0.012,1,0.003,3,0.006,1,0.002,5,0.013,3,0.008,3,0.008,0,0,3,0.007,3,0.006,4,0.008,4,0.008,1,0.002,7,0.015,4,0.011,4,0.013
Region 27,Region 1,0,0,0,0,0,0,0,0,0,0,0,0,0,0,0,0,0,0,0,0,0,0,0,0,0,0,0,0,0,0,0,0,0,0,0,0,0,0,0,0,0,0,0,0,0,0,0,0
Region 27,Region 2,0,0,0,0,0,0,0,0,0,0,0,0,0,0,0,0,1,0.006,11,0.029,5,0.01,6,0.013,4,0.01,3,0.008,3,0.008,3,0.007,1,0.002,2,0.004,1,0.002,3,0.006,2,0.004,2,0.004,0,0,0,0
Region 27,Region 3,0,0,1,0.006,0,0,0,0,0,0,0,0,0,0,0,0,1,0.006,0,0,1,0.002,0,0,0,0,0,0,0,0,0,0,0,0,0,0,0,0,0,0,0,0,1,0.002,0,0,0,0
Region 27,Region 4,2,0.007,0,0,0,0,1,0.012,0,0,0,0,0,0,0,0,0,0,0,0,2,0.004,1,0.002,2,0.005,0,0,0,0,1,0.002,1,0.002,1,0.002,1,0.002,1,0.002,6,0.012,4,0.009,1,0.003,0,0
Region 27,Region 5,0,0,0,0,0,0,0,0,0,0,0,0,0,0,0,0,0,0,0,0,0,0,0,0,1,0.003,0,0,0,0,0,0,0,0,0,0,0,0,0,0,0,0,0,0,0,0,0,0
Region 27,Region 6,0,0,0,0,0,0,0,0,0,0,0,0,0,0,0,0,0,0,0,0,0,0,0,0,0,0,0,0,0,0,0,0,0,0,0,0,0,0,0,0,0,0,0,0,0,0,0,0
Region 27,Region 7,0,0,1,0.006,0,0,0,0,0,0,0,0,0,0,1,0.012,1,0.006,1,0.003,2,0.004,3,0.007,0,0,0,0,0,0,0,0,1,0.002,0,0,0,0,0,0,0,0,0,0,1,0.003,0,0
Region 27,Region 8,0,0,0,0,0,0,0,0,0,0,0,0,0,0,0,0,0,0,1,0.003,0,0,0,0,0,0,0,0,0,0,0,0,1,0.002,0,0,1,0.002,0,0,1,0.002,0,0,0,0,0,0
Region 27,Region 9,0,0,0,0,0,0,0,0,0,0,0,0,0,0,0,0,0,0,0,0,0,0,0,0,0,0,0,0,0,0,0,0,0,0,0,0,0,0,0,0,0,0,0,0,0,0,0,0
Region 27,Region 10,2,0.007,2,0.012,0,0,2,0.025,0,0,0,0,0,0,0,0,1,0.006,4,0.011,11,0.022,8,0.017,8,0.021,7,0.018,6,0.015,5,0.012,9,0.022,7,0.015,8,0.015,7,0.014,7,0.014,9,0.02,6,0.016,9,0.028
Region 27,Region 11,0,0,0,0,0,0,0,0,0,0,0,0,0,0,0,0,0,0,0,0,0,0,0,0,0,0,0,0,0,0,0,0,0,0,0,0,0,0,0,0,0,0,0,0,0,0,0,0
Region 27,Region 12,0,0,0,0,0,0,0,0,0,0,0,0,0,0,0,0,0,0,2,0.005,2,0.004,1,0.002,1,0.003,1,0.003,0,0,1,0.002,1,0.002,0,0,1,0.002,1,0.002,0,0,1,0.002,0,0,0,0
Region 27,Region 13,0,0,1,0.006,0,0,0,0,1,0.018,0,0,1,0.021,0,0,1,0.006,3,0.008,1,0.002,0,0,3,0.008,2,0.005,4,0.01,1,0.002,3,0.007,2,0.004,4,0.008,2,0.004,6,0.012,5,0.011,1,0.003,1,0.003
Region 27,Region 14,2,0.007,0,0,0,0,0,0,0,0,0,0,1,0.021,2,0.025,4,0.024,1,0.003,3,0.006,8,0.017,2,0.005,4,0.011,0,0,0,0,1,0.002,0,0,2,0.004,0,0,1,0.002,0,0,2,0.005,1,0.003
Region 27,Region 15,0,0,0,0,0,0,0,0,0,0,0,0,0,0,0,0,0,0,0,0,0,0,0,0,0,0,0,0,0,0,0,0,0,0,0,0,0,0,0,0,0,0,0,0,0,0,0,0
Region 27,Region 16,0,0,0,0,0,0,0,0,0,0,0,0,0,0,0,0,0,0,0,0,0,0,0,0,0,0,0,0,0,0,0,0,0,0,0,0,0,0,0,0,0,0,0,0,0,0,0,0
Region 27,Region 17,0,0,0,0,0,0,0,0,0,0,0,0,0,0,0,0,0,0,3,0.008,0,0,1,0.002,0,0,1,0.003,0,0,1,0.002,1,0.002,1,0.002,2,0.004,0,0,1,0.002,0,0,2,0.005,1,0.003
Region 27,Region 18,1,0.004,0,0,0,0,0,0,0,0,0,0,0,0,0,0,0,0,1,0.003,3,0.006,0,0,0,0,0,0,0,0,0,0,1,0.002,4,0.008,0,0,2,0.004,0,0,2,0.004,0,0,0,0
Region 27,Region 19,1,0.004,0,0,0,0,0,0,0,0,0,0,0,0,0,0,0,0,0,0,0,0,0,0,0,0,0,0,0,0,2,0.005,0,0,0,0,0,0,0,0,0,0,0,0,0,0,0,0
Region 27,Region 20,0,0,0,0,0,0,0,0,0,0,0,0,1,0.021,1,0.012,2,0.012,0,0,1,0.002,4,0.009,2,0.005,1,0.003,0,0,0,0,0,0,0,0,0,0,0,0,0,0,0,0,1,0.003,0,0
Region 27,Region 21,0,0,0,0,0,0,0,0,0,0,0,0,0,0,0,0,0,0,1,0.003,0,0,2,0.004,1,0.003,1,0.003,1,0.003,0,0,0,0,0,0,1,0.002,1,0.002,2,0.004,2,0.004,1,0.003,0,0
Region 27,Region 22,0,0,0,0,0,0,1,0.012,0,0,0,0,0,0,0,0,1,0.006,1,0.003,0,0,1,0.002,1,0.003,2,0.005,0,0,0,0,1,0.002,0,0,1,0.002,0,0,0,0,0,0,0,0,0,0
Region 27,Region 23,3,0.011,2,0.012,0,0,2,0.025,0,0,0,0,0,0,0,0,0,0,4,0.011,5,0.01,5,0.011,1,0.003,2,0.005,0,0,3,0.007,4,0.01,6,0.012,9,0.017,8,0.017,10,0.02,9,0.02,3,0.008,7,0.022
Region 27,Region 24,2,0.007,0,0,1,0.008,0,0,0,0,0,0,0,0,0,0,2,0.012,1,0.003,5,0.01,10,0.022,3,0.008,5,0.013,1,0.003,2,0.005,1,0.002,4,0.008,0,0,2,0.004,1,0.002,2,0.004,1,0.003,2,0.006
Region 27,Region 25,0,0,0,0,0,0,0,0,0,0,0,0,0,0,0,0,0,0,2,0.005,1,0.002,2,0.004,1,0.003,0,0,0,0,0,0,0,0,0,0,1,0.002,0,0,0,0,0,0,0,0,1,0.003
Region 27,Region 26,0,0,0,0,0,0,0,0,0,0,0,0,0,0,0,0,0,0,0,0,1,0.002,0,0,2,0.005,0,0,0,0,0,0,0,0,1,0.002,2,0.004,0,0,2,0.004,1,0.002,1,0.003,0,0
Region 27,Region 27,7,0.025,3,0.018,3,0.025,0,0,2,0.037,0,0,0,0,1,0.012,3,0.018,21,0.055,13,0.026,12,0.026,9,0.023,4,0.011,5,0.013,10,0.024,6,0.014,7,0.015,9,0.017,15,0.031,11,0.022,15,0.033,13,0.034,18,0.057
Region 27,Region 28,1,0.004,0,0,0,0,0,0,0,0,0,0,0,0,0,0,0,0,1,0.003,3,0.006,1,0.002,3,0.008,2,0.005,2,0.005,4,0.01,2,0.005,3,0.006,5,0.01,3,0.006,2,0.004,1,0.002,0,0,3,0.009
Region 27,Region 29,0,0,0,0,0,0,1,0.012,0,0,0,0,1,0.021,0,0,2,0.012,3,0.008,5,0.01,2,0.004,1,0.003,0,0,0,0,1,0.002,1,0.002,0,0,0,0,1,0.002,1,0.002,0,0,0,0,0,0
Region 27,Region 30,1,0.004,0,0,0,0,0,0,0,0,0,0,0,0,0,0,0,0,0,0,1,0.002,6,0.013,0,0,0,0,1,0.003,0,0,0,0,0,0,3,0.006,2,0.004,2,0.004,2,0.004,1,0.003,0,0
Region 27,Region 31,0,0,0,0,0,0,0,0,2,0.037,0,0,0,0,1,0.012,1,0.006,1,0.003,0,0,0,0,0,0,0,0,1,0.003,0,0,0,0,1,0.002,1,0.002,2,0.004,1,0.002,0,0,0,0,0,0
Region 27,Region 32,1,0.004,1,0.006,0,0,0,0,0,0,0,0,0,0,0,0,0,0,1,0.003,0,0,1,0.002,2,0.005,2,0.005,1,0.003,1,0.002,0,0,2,0.004,2,0.004,4,0.008,1,0.002,2,0.004,1,0.003,1,0.003
Region 27,Region 33,1,0.004,2,0.012,0,0,0,0,0,0,0,0,0,0,0,0,0,0,0,0,2,0.004,0,0,0,0,1,0.003,1,0.003,0,0,0,0,0,0,1,0.002,0,0,0,0,1,0.002,1,0.003,0,0
Region 27,Region 34,0,0,0,0,0,0,0,0,0,0,0,0,0,0,0,0,0,0,0,0,0,0,0,0,0,0,0,0,0,0,0,0,0,0,0,0,0,0,0,0,0,0,0,0,0,0,0,0
Region 27,Region 35,0,0,0,0,0,0,0,0,0,0,0,0,0,0,0,0,0,0,0,0,0,0,0,0,0,0,0,0,0,0,0,0,0,0,0,0,0,0,0,0,0,0,0,0,0,0,0,0
Region 27,Region 36,3,0.011,2,0.012,1,0.008,1,0.012,1,0.018,0,0,0,0,2,0.025,3,0.018,29,0.077,6,0.012,12,0.026,4,0.01,8,0.021,6,0.015,5,0.012,8,0.019,8,0.017,8,0.015,14,0.029,9,0.018,10,0.022,7,0.018,5,0.016
Region 27,Region 37,1,0.004,0,0,0,0,0,0,0,0,0,0,0,0,1,0.012,0,0,0,0,3,0.006,0,0,1,0.003,0,0,3,0.008,0,0,2,0.005,3,0.006,1,0.002,0,0,1,0.002,0,0,1,0.003,1,0.003
Region 27,Region 38,0,0,0,0,0,0,0,0,0,0,0,0,0,0,0,0,0,0,0,0,2,0.004,1,0.002,0,0,0,0,1,0.003,0,0,0,0,1,0.002,1,0.002,1,0.002,1,0.002,2,0.004,0,0,1,0.003
Region 27,Region 39,0,0,0,0,0,0,0,0,0,0,0,0,0,0,0,0,0,0,1,0.003,6,0.012,0,0,0,0,1,0.003,0,0,0,0,0,0,2,0.004,1,0.002,0,0,0,0,1,0.002,0,0,0,0
Region 27,Region 40,0,0,0,0,0,0,0,0,0,0,0,0,0,0,0,0,0,0,0,0,0,0,0,0,0,0,0,0,0,0,0,0,0,0,0,0,0,0,0,0,0,0,0,0,0,0,0,0
Region 27,Region 41,0,0,0,0,0,0,0,0,0,0,0,0,0,0,0,0,3,0.018,1,0.003,3,0.006,1,0.002,0,0,0,0,0,0,1,0.002,0,0,0,0,0,0,0,0,0,0,0,0,0,0,0,0
Region 27,Region 42,0,0,0,0,0,0,0,0,0,0,0,0,0,0,0,0,0,0,0,0,0,0,0,0,0,0,0,0,0,0,0,0,0,0,0,0,0,0,0,0,0,0,0,0,0,0,0,0
Region 27,Region 43,0,0,0,0,0,0,0,0,1,0.018,0,0,0,0,0,0,0,0,1,0.003,1,0.002,2,0.004,1,0.003,3,0.008,2,0.005,1,0.002,5,0.012,2,0.004,0,0,1,0.002,1,0.002,3,0.007,0,0,0,0
Region 27,Region 44,0,0,0,0,0,0,0,0,0,0,0,0,0,0,0,0,0,0,0,0,0,0,0,0,0,0,0,0,0,0,0,0,0,0,0,0,0,0,0,0,0,0,0,0,0,0,0,0
Region 27,Region 45,0,0,1,0.006,0,0,0,0,0,0,0,0,0,0,0,0,0,0,0,0,0,0,1,0.002,0,0,1,0.003,0,0,0,0,0,0,0,0,0,0,0,0,0,0,1,0.002,0,0,0,0
Region 27,Region 46,0,0,0,0,0,0,0,0,1,0.018,0,0,0,0,0,0,0,0,10,0.026,5,0.01,5,0.011,7,0.018,6,0.016,4,0.01,1,0.002,10,0.024,5,0.01,10,0.019,4,0.008,6,0.012,5,0.011,8,0.021,5,0.016
Region 27,Region 47,13,0.046,12,0.07,5,0.041,2,0.025,0,0,4,0.09,6,0.126,15,0.185,23,0.139,42,0.111,86,0.174,116,0.252,47,0.121,58,0.153,33,0.085,34,0.083,31,0.075,31,0.064,30,0.057,24,0.05,38,0.075,46,0.1,27,0.071,12,0.038
Region 27,Region 48,0,0,0,0,0,0,0,0,0,0,0,0,0,0,0,0,1,0.006,0,0,1,0.002,0,0,3,0.008,2,0.005,1,0.003,0,0,0,0,1,0.002,0,0,1,0.002,1,0.002,1,0.002,0,0,0,0
Region 27,Region 49,0,0,0,0,0,0,0,0,0,0,0,0,0,0,0,0,2,0.012,1,0.003,3,0.006,0,0,0,0,0,0,1,0.003,0,0,0,0,0,0,2,0.004,0,0,1,0.002,0,0,0,0,0,0
Region 27,Region 50,1,0.004,0,0,0,0,0,0,0,0,0,0,0,0,1,0.012,1,0.006,3,0.008,1,0.002,1,0.002,1,0.003,1,0.003,2,0.005,2,0.005,1,0.002,0,0,1,0.002,2,0.004,0,0,0,0,1,0.003,0,0
Region 27,Region 51,0,0,1,0.006,0,0,0,0,0,0,0,0,0,0,0,0,0,0,2,0.005,2,0.004,1,0.002,1,0.003,0,0,0,0,0,0,0,0,0,0,0,0,0,0,1,0.002,0,0,0,0,0,0
Region 27,Region 52,3,0.011,0,0,2,0.016,0,0,0,0,0,0,0,0,0,0,0,0,0,0,4,0.008,3,0.007,1,0.003,2,0.005,2,0.005,1,0.002,1,0.002,2,0.004,0,0,4,0.008,5,0.01,2,0.004,1,0.003,3,0.009
Region 27,Region 53,0,0,0,0,0,0,0,0,1,0.018,0,0,0,0,0,0,0,0,3,0.008,6,0.012,2,0.004,1,0.003,0,0,1,0.003,1,0.002,2,0.005,0,0,1,0.002,0,0,2,0.004,4,0.009,1,0.003,0,0
Region 27,Region 54,0,0,0,0,0,0,0,0,0,0,0,0,0,0,0,0,0,0,0,0,0,0,0,0,0,0,0,0,0,0,1,0.002,0,0,0,0,0,0,2,0.004,0,0,0,0,0,0,0,0
Region 27,Region 55,0,0,0,0,0,0,0,0,0,0,0,0,0,0,0,0,0,0,0,0,1,0.002,0,0,0,0,0,0,0,0,0,0,0,0,0,0,2,0.004,1,0.002,0,0,0,0,0,0,0,0
Region 27,Region 56,1,0.004,0,0,0,0,0,0,0,0,0,0,0,0,0,0,0,0,0,0,9,0.018,2,0.004,2,0.005,1,0.003,4,0.01,2,0.005,2,0.005,3,0.006,3,0.006,7,0.014,6,0.012,3,0.007,1,0.003,1,0.003
Region 27,Region 57,0,0,0,0,0,0,0,0,0,0,0,0,0,0,0,0,0,0,0,0,0,0,1,0.002,0,0,0,0,1,0.003,1,0.002,1,0.002,0,0,1,0.002,2,0.004,2,0.004,0,0,1,0.003,0,0
Region 27,Region 58,0,0,0,0,0,0,0,0,0,0,0,0,0,0,0,0,0,0,0,0,0,0,0,0,0,0,0,0,1,0.003,0,0,0,0,0,0,0,0,0,0,0,0,0,0,0,0,0,0
Region 27,Region 59,0,0,0,0,0,0,0,0,0,0,0,0,0,0,0,0,0,0,0,0,0,0,0,0,0,0,0,0,0,0,0,0,0,0,0,0,0,0,0,0,0,0,0,0,0,0,0,0
Region 27,Region 60,0,0,0,0,0,0,0,0,0,0,0,0,0,0,0,0,1,0.006,0,0,3,0.006,1,0.002,1,0.003,0,0,0,0,1,0.002,0,0,1,0.002,1,0.002,0,0,0,0,0,0,0,0,0,0
Region 27,Region 61,0,0,0,0,0,0,1,0.012,1,0.018,0,0,1,0.021,1,0.012,2,0.012,3,0.008,1,0.002,3,0.007,2,0.005,3,0.008,1,0.003,2,0.005,3,0.007,3,0.006,4,0.008,1,0.002,0,0,2,0.004,0,0,1,0.003
Region 27,Region 62,13,0.046,3,0.018,4,0.033,0,0,2,0.037,0,0,3,0.063,3,0.037,4,0.024,18,0.048,17,0.034,10,0.022,12,0.031,6,0.016,9,0.023,12,0.029,6,0.014,7,0.015,12,0.023,17,0.035,8,0.016,13,0.028,5,0.013,1,0.003
Region 27,Region 63,0,0,0,0,0,0,0,0,0,0,0,0,0,0,1,0.012,0,0,0,0,0,0,0,0,0,0,0,0,0,0,0,0,0,0,1,0.002,0,0,0,0,1,0.002,2,0.004,2,0.005,0,0
Region 27,Region 64,0,0,0,0,0,0,0,0,0,0,0,0,0,0,0,0,0,0,1,0.003,3,0.006,1,0.002,0,0,0,0,0,0,0,0,0,0,0,0,0,0,0,0,0,0,0,0,0,0,0,0
Region 27,Region 65,0,0,0,0,0,0,3,0.037,0,0,0,0,0,0,0,0,1,0.006,0,0,2,0.004,0,0,0,0,1,0.003,2,0.005,0,0,2,0.005,1,0.002,1,0.002,1,0.002,1,0.002,0,0,1,0.003,0,0
Region 27,Region 66,2,0.007,1,0.006,0,0,0,0,0,0,0,0,2,0.042,1,0.012,3,0.018,4,0.011,6,0.012,9,0.02,6,0.015,3,0.008,5,0.013,7,0.017,5,0.012,5,0.01,8,0.015,6,0.012,9,0.018,9,0.02,6,0.016,6,0.019
Region 27,Region 67,0,0,0,0,0,0,0,0,0,0,0,0,0,0,1,0.012,0,0,0,0,4,0.008,2,0.004,0,0,0,0,1,0.003,0,0,0,0,0,0,1,0.002,0,0,1,0.002,1,0.002,0,0,0,0
Region 27,Region 68,1,0.004,0,0,0,0,0,0,0,0,0,0,0,0,0,0,0,0,1,0.003,1,0.002,1,0.002,0,0,0,0,1,0.003,1,0.002,1,0.002,2,0.004,2,0.004,3,0.006,0,0,2,0.004,1,0.003,1,0.003
Region 27,Region 69,0,0,0,0,0,0,0,0,0,0,0,0,2,0.042,0,0,0,0,2,0.005,3,0.006,1,0.002,2,0.005,2,0.005,3,0.008,1,0.002,1,0.002,0,0,0,0,2,0.004,0,0,2,0.004,0,0,0,0
Region 27,Region 70,0,0,0,0,0,0,0,0,0,0,0,0,0,0,2,0.025,1,0.006,1,0.003,2,0.004,0,0,0,0,0,0,0,0,0,0,1,0.002,0,0,0,0,0,0,0,0,0,0,0,0,1,0.003
Region 27,Region 71,1,0.004,0,0,0,0,0,0,0,0,0,0,1,0.021,0,0,1,0.006,1,0.003,3,0.006,0,0,0,0,0,0,2,0.005,3,0.007,2,0.005,1,0.002,1,0.002,2,0.004,4,0.008,2,0.004,2,0.005,1,0.003
Region 27,Region 72,0,0,0,0,0,0,0,0,0,0,0,0,0,0,0,0,0,0,0,0,0,0,0,0,0,0,0,0,0,0,0,0,0,0,0,0,0,0,0,0,0,0,0,0,0,0,0,0
Region 27,Region 73,0,0,0,0,0,0,0,0,0,0,0,0,0,0,0,0,0,0,0,0,0,0,0,0,0,0,0,0,0,0,0,0,0,0,0,0,0,0,0,0,0,0,0,0,0,0,0,0
Region 27,Region 74,0,0,0,0,0,0,0,0,0,0,0,0,0,0,0,0,0,0,0,0,1,0.002,0,0,0,0,0,0,0,0,0,0,0,0,0,0,0,0,0,0,0,0,0,0,0,0,0,0
Region 27,Region 75,0,0,1,0.006,0,0,1,0.012,0,0,0,0,0,0,0,0,0,0,1,0.003,0,0,2,0.004,0,0,1,0.003,0,0,0,0,0,0,1,0.002,0,0,1,0.002,0,0,1,0.002,0,0,0,0
Region 28,Region 0,2,0.007,1,0.006,0,0,0,0,0,0,0,0,0,0,0,0,0,0,0,0,3,0.006,2,0.004,1,0.003,3,0.008,3,0.008,2,0.005,2,0.005,1,0.002,8,0.015,1,0.002,2,0.004,1,0.002,4,0.011,1,0.003
Region 28,Region 1,0,0,0,0,0,0,0,0,0,0,0,0,0,0,0,0,0,0,0,0,0,0,0,0,0,0,0,0,0,0,0,0,0,0,0,0,0,0,0,0,0,0,0,0,0,0,0,0
Region 28,Region 2,0,0,0,0,0,0,0,0,0,0,0,0,0,0,0,0,0,0,3,0.008,4,0.008,2,0.004,1,0.003,0,0,0,0,0,0,0,0,0,0,1,0.002,0,0,1,0.002,2,0.004,0,0,0,0
Region 28,Region 3,0,0,0,0,0,0,0,0,0,0,0,0,0,0,0,0,0,0,0,0,0,0,0,0,0,0,1,0.003,1,0.003,0,0,0,0,0,0,0,0,0,0,0,0,1,0.002,0,0,0,0
Region 28,Region 4,0,0,0,0,0,0,0,0,0,0,0,0,0,0,0,0,0,0,0,0,1,0.002,2,0.004,1,0.003,1,0.003,0,0,1,0.002,1,0.002,1,0.002,1,0.002,2,0.004,2,0.004,1,0.002,0,0,2,0.006
Region 28,Region 5,0,0,0,0,0,0,0,0,0,0,0,0,0,0,0,0,0,0,1,0.003,0,0,0,0,1,0.003,0,0,0,0,0,0,0,0,0,0,0,0,0,0,0,0,0,0,0,0,0,0
Region 28,Region 6,0,0,0,0,0,0,0,0,0,0,0,0,0,0,0,0,0,0,0,0,0,0,0,0,0,0,0,0,0,0,0,0,0,0,0,0,0,0,0,0,0,0,0,0,0,0,0,0
Region 28,Region 7,0,0,0,0,0,0,0,0,0,0,0,0,0,0,0,0,0,0,0,0,1,0.002,1,0.002,0,0,0,0,0,0,0,0,0,0,0,0,0,0,0,0,0,0,1,0.002,0,0,1,0.003
Region 28,Region 8,0,0,0,0,0,0,0,0,0,0,0,0,0,0,0,0,0,0,0,0,0,0,1,0.002,0,0,0,0,0,0,0,0,0,0,0,0,0,0,0,0,0,0,0,0,0,0,0,0
Region 28,Region 9,0,0,0,0,0,0,0,0,0,0,0,0,0,0,0,0,0,0,0,0,0,0,0,0,0,0,0,0,0,0,0,0,0,0,0,0,0,0,0,0,0,0,0,0,0,0,0,0
Region 28,Region 10,0,0,1,0.006,0,0,0,0,0,0,1,0.023,0,0,0,0,0,0,1,0.003,1,0.002,6,0.013,2,0.005,1,0.003,1,0.003,0,0,3,0.007,4,0.008,2,0.004,1,0.002,0,0,3,0.007,2,0.005,1,0.003
Region 28,Region 11,0,0,0,0,0,0,0,0,0,0,0,0,0,0,0,0,0,0,0,0,0,0,0,0,0,0,0,0,0,0,0,0,0,0,0,0,0,0,0,0,0,0,0,0,0,0,0,0
Region 28,Region 12,0,0,0,0,0,0,0,0,0,0,1,0.023,0,0,0,0,3,0.018,0,0,4,0.008,1,0.002,0,0,0,0,1,0.003,2,0.005,0,0,3,0.006,1,0.002,2,0.004,1,0.002,0,0,0,0,1,0.003
Region 28,Region 13,2,0.007,0,0,0,0,0,0,0,0,0,0,0,0,0,0,1,0.006,2,0.005,1,0.002,4,0.009,7,0.018,2,0.005,4,0.01,5,0.012,6,0.014,3,0.006,3,0.006,4,0.008,7,0.014,4,0.009,2,0.005,1,0.003
Region 28,Region 14,0,0,0,0,0,0,2,0.025,2,0.037,1,0.023,0,0,0,0,3,0.018,2,0.005,1,0.002,0,0,0,0,3,0.008,1,0.003,0,0,1,0.002,0,0,2,0.004,0,0,0,0,0,0,5,0.013,0,0
Region 28,Region 15,0,0,0,0,0,0,0,0,0,0,0,0,0,0,0,0,0,0,0,0,0,0,0,0,0,0,0,0,0,0,0,0,0,0,0,0,0,0,0,0,0,0,0,0,0,0,0,0
Region 28,Region 16,0,0,0,0,0,0,0,0,0,0,0,0,0,0,0,0,0,0,0,0,0,0,0,0,0,0,0,0,0,0,0,0,0,0,0,0,0,0,0,0,0,0,0,0,0,0,0,0
Region 28,Region 17,0,0,0,0,0,0,0,0,0,0,0,0,0,0,0,0,1,0.006,0,0,0,0,0,0,1,0.003,1,0.003,0,0,0,0,0,0,1,0.002,0,0,1,0.002,0,0,2,0.004,0,0,1,0.003
Region 28,Region 18,0,0,0,0,0,0,0,0,0,0,0,0,0,0,0,0,0,0,0,0,0,0,1,0.002,0,0,0,0,0,0,0,0,1,0.002,1,0.002,0,0,1,0.002,1,0.002,0,0,1,0.003,0,0
Region 28,Region 19,0,0,0,0,0,0,0,0,0,0,0,0,0,0,0,0,1,0.006,0,0,0,0,1,0.002,0,0,0,0,0,0,0,0,0,0,0,0,1,0.002,0,0,1,0.002,0,0,0,0,0,0
Region 28,Region 20,0,0,0,0,0,0,0,0,0,0,0,0,0,0,0,0,0,0,0,0,0,0,0,0,0,0,0,0,0,0,0,0,1,0.002,0,0,0,0,0,0,0,0,0,0,0,0,0,0
Region 28,Region 21,0,0,0,0,0,0,0,0,0,0,0,0,0,0,0,0,0,0,0,0,1,0.002,0,0,0,0,1,0.003,0,0,0,0,0,0,1,0.002,0,0,2,0.004,0,0,0,0,0,0,0,0
Region 28,Region 22,0,0,0,0,0,0,0,0,0,0,0,0,0,0,0,0,0,0,0,0,0,0,2,0.004,0,0,0,0,0,0,0,0,0,0,1,0.002,0,0,0,0,1,0.002,0,0,0,0,0,0
Region 28,Region 23,1,0.004,0,0,0,0,0,0,0,0,0,0,0,0,0,0,0,0,0,0,3,0.006,0,0,3,0.008,0,0,1,0.003,1,0.002,0,0,3,0.006,4,0.008,4,0.008,1,0.002,0,0,0,0,4,0.013
Region 28,Region 24,0,0,0,0,0,0,0,0,0,0,0,0,0,0,0,0,0,0,0,0,0,0,2,0.004,0,0,1,0.003,0,0,0,0,0,0,0,0,2,0.004,1,0.002,0,0,0,0,0,0,0,0
Region 28,Region 25,0,0,1,0.006,0,0,0,0,0,0,0,0,0,0,0,0,0,0,0,0,0,0,0,0,0,0,0,0,0,0,0,0,0,0,0,0,0,0,0,0,0,0,0,0,0,0,0,0
Region 28,Region 26,0,0,0,0,0,0,0,0,0,0,0,0,0,0,0,0,0,0,0,0,0,0,0,0,0,0,0,0,1,0.003,0,0,0,0,0,0,0,0,0,0,0,0,0,0,0,0,0,0
Region 28,Region 27,1,0.004,2,0.012,0,0,0,0,0,0,0,0,0,0,0,0,0,0,0,0,1,0.002,2,0.004,1,0.003,0,0,2,0.005,0,0,2,0.005,2,0.004,1,0.002,2,0.004,2,0.004,1,0.002,2,0.005,3,0.009
Region 28,Region 28,3,0.011,2,0.012,0,0,0,0,1,0.018,1,0.023,0,0,0,0,0,0,2,0.005,20,0.04,14,0.03,3,0.008,4,0.011,5,0.013,4,0.01,8,0.019,9,0.019,18,0.034,10,0.021,7,0.014,9,0.02,6,0.016,2,0.006
Region 28,Region 29,0,0,0,0,0,0,0,0,0,0,0,0,0,0,0,0,0,0,3,0.008,1,0.002,2,0.004,1,0.003,0,0,0,0,0,0,0,0,1,0.002,0,0,0,0,0,0,0,0,1,0.003,0,0
Region 28,Region 30,0,0,0,0,0,0,0,0,0,0,0,0,0,0,0,0,0,0,1,0.003,1,0.002,1,0.002,1,0.003,0,0,1,0.003,0,0,0,0,0,0,2,0.004,0,0,1,0.002,1,0.002,0,0,0,0
Region 28,Region 31,0,0,0,0,0,0,0,0,0,0,0,0,0,0,0,0,0,0,0,0,1,0.002,1,0.002,0,0,1,0.003,1,0.003,2,0.005,0,0,0,0,0,0,0,0,0,0,0,0,0,0,0,0
Region 28,Region 32,0,0,0,0,0,0,0,0,0,0,0,0,0,0,0,0,0,0,0,0,0,0,0,0,1,0.003,0,0,0,0,0,0,1,0.002,0,0,0,0,0,0,1,0.002,0,0,0,0,1,0.003
Region 28,Region 33,0,0,0,0,0,0,0,0,0,0,0,0,0,0,0,0,0,0,0,0,0,0,1,0.002,0,0,0,0,0,0,0,0,0,0,0,0,0,0,0,0,2,0.004,0,0,0,0,0,0
Region 28,Region 34,0,0,0,0,0,0,0,0,0,0,0,0,0,0,0,0,0,0,0,0,0,0,0,0,0,0,0,0,0,0,0,0,0,0,0,0,0,0,0,0,0,0,0,0,0,0,0,0
Region 28,Region 35,0,0,0,0,0,0,0,0,0,0,0,0,0,0,0,0,0,0,0,0,0,0,0,0,0,0,0,0,0,0,0,0,0,0,0,0,0,0,0,0,0,0,0,0,0,0,0,0
Region 28,Region 36,3,0.011,1,0.006,1,0.008,0,0,0,0,1,0.023,0,0,1,0.012,9,0.054,27,0.071,5,0.01,4,0.009,2,0.005,2,0.005,5,0.013,6,0.015,9,0.022,6,0.012,5,0.01,3,0.006,3,0.006,4,0.009,3,0.008,2,0.006
Region 28,Region 37,0,0,0,0,0,0,0,0,0,0,0,0,0,0,0,0,0,0,1,0.003,2,0.004,1,0.002,1,0.003,1,0.003,0,0,3,0.007,1,0.002,0,0,1,0.002,4,0.008,1,0.002,2,0.004,2,0.005,1,0.003
Region 28,Region 38,0,0,0,0,0,0,0,0,0,0,0,0,0,0,0,0,0,0,0,0,0,0,1,0.002,0,0,0,0,0,0,1,0.002,1,0.002,0,0,1,0.002,1,0.002,0,0,0,0,0,0,0,0
Region 28,Region 39,0,0,0,0,0,0,0,0,0,0,0,0,0,0,0,0,0,0,0,0,2,0.004,0,0,0,0,0,0,0,0,0,0,0,0,0,0,0,0,0,0,0,0,0,0,0,0,0,0
Region 28,Region 40,0,0,0,0,0,0,0,0,0,0,0,0,0,0,0,0,0,0,0,0,0,0,0,0,0,0,0,0,0,0,0,0,0,0,0,0,0,0,0,0,0,0,0,0,0,0,0,0
Region 28,Region 41,0,0,0,0,0,0,0,0,0,0,0,0,0,0,0,0,1,0.006,0,0,0,0,0,0,0,0,0,0,0,0,0,0,0,0,0,0,0,0,0,0,0,0,0,0,0,0,0,0
Region 28,Region 42,0,0,0,0,0,0,0,0,0,0,0,0,0,0,0,0,0,0,0,0,0,0,0,0,0,0,0,0,0,0,0,0,0,0,0,0,0,0,0,0,0,0,0,0,0,0,0,0
Region 28,Region 43,0,0,0,0,0,0,1,0.012,0,0,0,0,0,0,0,0,0,0,1,0.003,0,0,3,0.007,0,0,2,0.005,1,0.003,0,0,0,0,2,0.004,2,0.004,4,0.008,2,0.004,1,0.002,1,0.003,1,0.003
Region 28,Region 44,0,0,0,0,0,0,0,0,0,0,0,0,0,0,0,0,0,0,0,0,0,0,0,0,0,0,0,0,0,0,0,0,0,0,0,0,0,0,0,0,0,0,0,0,0,0,0,0
Region 28,Region 45,0,0,0,0,0,0,0,0,0,0,0,0,0,0,0,0,0,0,0,0,0,0,0,0,1,0.003,0,0,0,0,1,0.002,0,0,0,0,1,0.002,0,0,1,0.002,0,0,0,0,0,0
Region 28,Region 46,3,0.011,0,0,0,0,0,0,1,0.018,0,0,0,0,0,0,0,0,5,0.013,1,0.002,13,0.028,18,0.046,7,0.018,11,0.028,9,0.022,8,0.019,13,0.027,14,0.027,7,0.014,5,0.01,9,0.02,6,0.016,1,0.003
Region 28,Region 47,3,0.011,1,0.006,0,0,0,0,0,0,0,0,4,0.084,0,0,9,0.054,26,0.069,19,0.038,20,0.043,16,0.041,10,0.026,7,0.018,8,0.02,7,0.017,7,0.015,9,0.017,4,0.008,7,0.014,10,0.022,3,0.008,4,0.013
Region 28,Region 48,0,0,0,0,0,0,0,0,0,0,0,0,1,0.021,0,0,0,0,1,0.003,3,0.006,1,0.002,2,0.005,1,0.003,0,0,0,0,0,0,0,0,0,0,2,0.004,0,0,0,0,1,0.003,0,0
Region 28,Region 49,0,0,0,0,0,0,0,0,0,0,0,0,0,0,0,0,0,0,0,0,0,0,0,0,0,0,0,0,0,0,0,0,0,0,2,0.004,0,0,0,0,0,0,0,0,0,0,0,0
Region 28,Region 50,0,0,0,0,0,0,0,0,0,0,0,0,0,0,0,0,0,0,5,0.013,1,0.002,2,0.004,4,0.01,2,0.005,0,0,1,0.002,3,0.007,2,0.004,0,0,0,0,0,0,1,0.002,0,0,0,0
Region 28,Region 51,0,0,0,0,0,0,0,0,0,0,0,0,0,0,0,0,0,0,0,0,1,0.002,1,0.002,0,0,0,0,0,0,0,0,0,0,1,0.002,0,0,0,0,0,0,0,0,0,0,0,0
Region 28,Region 52,1,0.004,0,0,0,0,0,0,0,0,0,0,0,0,0,0,0,0,0,0,1,0.002,2,0.004,0,0,1,0.003,0,0,0,0,2,0.005,0,0,1,0.002,3,0.006,0,0,0,0,3,0.008,0,0
Region 28,Region 53,1,0.004,0,0,0,0,0,0,0,0,0,0,0,0,0,0,0,0,1,0.003,1,0.002,0,0,0,0,0,0,0,0,1,0.002,0,0,0,0,1,0.002,1,0.002,0,0,1,0.002,0,0,0,0
Region 28,Region 54,0,0,0,0,0,0,0,0,0,0,0,0,0,0,0,0,0,0,1,0.003,0,0,0,0,0,0,0,0,1,0.003,0,0,0,0,0,0,0,0,0,0,1,0.002,0,0,0,0,0,0
Region 28,Region 55,2,0.007,0,0,0,0,0,0,0,0,0,0,0,0,0,0,0,0,0,0,0,0,0,0,1,0.003,0,0,0,0,0,0,0,0,0,0,0,0,0,0,0,0,0,0,0,0,0,0
Region 28,Region 56,0,0,0,0,0,0,0,0,0,0,0,0,0,0,0,0,0,0,1,0.003,5,0.01,6,0.013,1,0.003,4,0.011,1,0.003,1,0.002,3,0.007,0,0,4,0.008,2,0.004,2,0.004,1,0.002,1,0.003,0,0
Region 28,Region 57,0,0,0,0,0,0,0,0,0,0,0,0,0,0,0,0,0,0,0,0,0,0,0,0,0,0,1,0.003,0,0,0,0,0,0,1,0.002,0,0,0,0,1,0.002,0,0,0,0,0,0
Region 28,Region 58,0,0,0,0,0,0,0,0,0,0,0,0,0,0,0,0,0,0,0,0,0,0,0,0,0,0,0,0,0,0,0,0,0,0,0,0,0,0,0,0,0,0,0,0,0,0,0,0
Region 28,Region 59,0,0,0,0,0,0,0,0,0,0,0,0,0,0,0,0,0,0,0,0,0,0,0,0,0,0,0,0,0,0,0,0,0,0,0,0,0,0,0,0,0,0,0,0,0,0,0,0
Region 28,Region 60,0,0,0,0,0,0,0,0,0,0,0,0,0,0,1,0.012,1,0.006,1,0.003,0,0,1,0.002,1,0.003,0,0,0,0,0,0,0,0,0,0,0,0,0,0,0,0,0,0,1,0.003,0,0
Region 28,Region 61,0,0,0,0,0,0,0,0,0,0,0,0,0,0,0,0,1,0.006,0,0,0,0,0,0,2,0.005,0,0,0,0,0,0,0,0,0,0,0,0,0,0,0,0,1,0.002,0,0,0,0
Region 28,Region 62,1,0.004,2,0.012,0,0,0,0,0,0,0,0,0,0,0,0,0,0,3,0.008,2,0.004,4,0.009,2,0.005,2,0.005,2,0.005,0,0,2,0.005,6,0.012,3,0.006,5,0.01,1,0.002,4,0.009,0,0,2,0.006
Region 28,Region 63,0,0,0,0,0,0,0,0,0,0,0,0,0,0,0,0,0,0,0,0,0,0,0,0,0,0,0,0,1,0.003,0,0,0,0,0,0,0,0,0,0,0,0,0,0,0,0,0,0
Region 28,Region 64,0,0,0,0,0,0,0,0,0,0,0,0,0,0,0,0,0,0,0,0,0,0,0,0,0,0,0,0,0,0,1,0.002,0,0,0,0,0,0,0,0,0,0,0,0,0,0,0,0
Region 28,Region 65,0,0,0,0,1,0.008,1,0.012,0,0,0,0,0,0,0,0,1,0.006,0,0,2,0.004,0,0,1,0.003,2,0.005,0,0,1,0.002,0,0,1,0.002,3,0.006,6,0.012,0,0,1,0.002,2,0.005,1,0.003
Region 28,Region 66,1,0.004,1,0.006,0,0,0,0,0,0,0,0,0,0,0,0,0,0,4,0.011,5,0.01,10,0.022,3,0.008,4,0.011,8,0.02,5,0.012,5,0.012,3,0.006,17,0.032,1,0.002,4,0.008,4,0.009,7,0.018,5,0.016
Region 28,Region 67,0,0,0,0,0,0,0,0,0,0,0,0,0,0,0,0,0,0,2,0.005,0,0,1,0.002,2,0.005,0,0,1,0.003,0,0,1,0.002,0,0,0,0,0,0,0,0,0,0,0,0,0,0
Region 28,Region 68,0,0,0,0,0,0,0,0,0,0,0,0,0,0,0,0,0,0,0,0,4,0.008,3,0.007,1,0.003,1,0.003,2,0.005,1,0.002,1,0.002,2,0.004,1,0.002,0,0,0,0,2,0.004,2,0.005,0,0
Region 28,Region 69,0,0,0,0,1,0.008,0,0,0,0,0,0,0,0,0,0,0,0,0,0,2,0.004,0,0,0,0,0,0,0,0,1,0.002,1,0.002,2,0.004,1,0.002,2,0.004,2,0.004,0,0,0,0,0,0
Region 28,Region 70,0,0,0,0,0,0,0,0,0,0,0,0,0,0,0,0,0,0,0,0,0,0,1,0.002,0,0,1,0.003,1,0.003,0,0,0,0,0,0,0,0,0,0,0,0,1,0.002,0,0,0,0
Region 28,Region 71,0,0,0,0,0,0,0,0,0,0,0,0,0,0,0,0,0,0,6,0.016,1,0.002,4,0.009,2,0.005,2,0.005,2,0.005,1,0.002,0,0,1,0.002,2,0.004,0,0,2,0.004,1,0.002,1,0.003,0,0
Region 28,Region 72,0,0,0,0,0,0,0,0,0,0,0,0,0,0,0,0,0,0,0,0,0,0,0,0,0,0,0,0,0,0,0,0,0,0,0,0,0,0,0,0,0,0,0,0,0,0,0,0
Region 28,Region 73,0,0,0,0,0,0,0,0,0,0,0,0,0,0,0,0,0,0,0,0,0,0,0,0,0,0,0,0,0,0,0,0,0,0,0,0,0,0,0,0,0,0,0,0,0,0,0,0
Region 28,Region 74,0,0,0,0,0,0,0,0,0,0,0,0,0,0,0,0,0,0,1,0.003,0,0,0,0,0,0,0,0,0,0,0,0,0,0,0,0,0,0,1,0.002,0,0,0,0,0,0,0,0
Region 28,Region 75,0,0,0,0,1,0.008,0,0,0,0,0,0,0,0,0,0,0,0,0,0,0,0,0,0,0,0,1,0.003,1,0.003,0,0,0,0,0,0,1,0.002,0,0,0,0,0,0,0,0,0,0
Region 29,Region 0,2,0.007,1,0.006,0,0,0,0,0,0,0,0,1,0.021,0,0,0,0,0,0,1,0.002,1,0.002,0,0,0,0,1,0.003,1,0.002,1,0.002,0,0,3,0.006,2,0.004,1,0.002,0,0,1,0.003,1,0.003
Region 29,Region 1,0,0,0,0,0,0,0,0,0,0,0,0,0,0,0,0,0,0,0,0,0,0,0,0,0,0,0,0,0,0,0,0,0,0,0,0,0,0,0,0,0,0,0,0,0,0,0,0
Region 29,Region 2,3,0.011,2,0.012,0,0,0,0,1,0.018,0,0,0,0,0,0,0,0,1,0.003,2,0.004,5,0.011,8,0.021,7,0.018,6,0.015,7,0.017,3,0.007,8,0.017,6,0.011,8,0.017,6,0.012,4,0.009,2,0.005,8,0.025
Region 29,Region 3,12,0.042,7,0.041,1,0.008,3,0.037,3,0.055,3,0.068,4,0.084,2,0.025,5,0.03,4,0.011,6,0.012,8,0.017,10,0.026,7,0.018,8,0.02,9,0.022,5,0.012,16,0.033,20,0.038,9,0.019,17,0.034,13,0.028,11,0.029,9,0.028
Region 29,Region 4,2,0.007,2,0.012,1,0.008,3,0.037,1,0.018,0,0,0,0,0,0,1,0.006,2,0.005,3,0.006,2,0.004,1,0.003,1,0.003,1,0.003,1,0.002,1,0.002,2,0.004,5,0.01,5,0.01,12,0.024,3,0.007,6,0.016,1,0.003
Region 29,Region 5,23,0.081,22,0.129,18,0.148,16,0.198,18,0.332,11,0.249,8,0.168,8,0.098,11,0.067,28,0.074,45,0.091,38,0.083,34,0.088,39,0.103,37,0.095,51,0.124,55,0.133,61,0.127,66,0.126,66,0.137,59,0.117,49,0.106,35,0.092,25,0.079
Region 29,Region 6,0,0,0,0,0,0,0,0,0,0,0,0,0,0,0,0,0,0,0,0,0,0,0,0,0,0,0,0,0,0,0,0,0,0,0,0,0,0,0,0,0,0,0,0,0,0,0,0
Region 29,Region 7,98,0.346,66,0.387,53,0.436,52,0.645,31,0.572,28,0.633,14,0.293,7,0.086,13,0.079,39,0.103,63,0.128,88,0.191,81,0.209,110,0.29,146,0.374,98,0.239,105,0.254,117,0.243,110,0.21,114,0.236,127,0.252,99,0.215,128,0.337,106,0.333
Region 29,Region 8,0,0,0,0,0,0,0,0,0,0,0,0,0,0,0,0,0,0,0,0,0,0,0,0,0,0,0,0,1,0.003,0,0,0,0,1,0.002,0,0,0,0,0,0,1,0.002,0,0,0,0
Region 29,Region 9,0,0,0,0,0,0,0,0,0,0,0,0,0,0,0,0,0,0,0,0,0,0,0,0,0,0,0,0,0,0,0,0,0,0,0,0,0,0,0,0,0,0,0,0,0,0,0,0
Region 29,Region 10,2,0.007,1,0.006,2,0.016,0,0,1,0.018,1,0.023,0,0,1,0.012,0,0,0,0,1,0.002,0,0,0,0,0,0,0,0,2,0.005,1,0.002,2,0.004,2,0.004,6,0.012,0,0,0,0,3,0.008,1,0.003
Region 29,Region 11,0,0,0,0,0,0,0,0,0,0,0,0,0,0,0,0,0,0,0,0,0,0,0,0,0,0,0,0,0,0,0,0,0,0,0,0,0,0,0,0,0,0,0,0,0,0,0,0
Region 29,Region 12,82,0.289,46,0.27,58,0.477,30,0.372,20,0.369,20,0.452,23,0.482,30,0.369,52,0.315,71,0.188,117,0.237,121,0.263,114,0.294,101,0.266,99,0.254,124,0.302,133,0.321,198,0.411,192,0.366,213,0.441,208,0.412,116,0.251,83,0.219,83,0.261
Region 29,Region 13,0,0,4,0.023,1,0.008,2,0.025,1,0.018,0,0,1,0.021,0,0,0,0,1,0.003,2,0.004,2,0.004,2,0.005,2,0.005,3,0.008,2,0.005,4,0.01,0,0,8,0.015,7,0.014,7,0.014,4,0.009,4,0.011,7,0.022
Region 29,Region 14,495,1.745,474,2.78,435,3.577,281,3.483,186,3.43,141,3.19,85,1.782,73,0.898,146,0.884,150,0.396,165,0.334,286,0.621,268,0.691,310,0.818,320,0.82,347,0.846,296,0.715,328,0.681,347,0.661,303,0.627,357,0.707,374,0.81,351,0.925,410,1.289
Region 29,Region 15,0,0,0,0,0,0,0,0,0,0,0,0,0,0,0,0,0,0,0,0,0,0,0,0,0,0,0,0,0,0,0,0,0,0,0,0,0,0,0,0,0,0,0,0,0,0,0,0
Region 29,Region 16,0,0,0,0,0,0,0,0,0,0,0,0,0,0,0,0,0,0,0,0,0,0,0,0,0,0,0,0,0,0,0,0,0,0,0,0,0,0,0,0,0,0,0,0,0,0,0,0
Region 29,Region 17,2,0.007,1,0.006,0,0,1,0.012,0,0,0,0,0,0,0,0,0,0,1,0.003,0,0,2,0.004,1,0.003,0,0,2,0.005,2,0.005,1,0.002,6,0.012,6,0.011,6,0.012,7,0.014,3,0.007,0,0,0,0
Region 29,Region 18,2,0.007,0,0,1,0.008,0,0,0,0,0,0,0,0,0,0,0,0,1,0.003,2,0.004,2,0.004,3,0.008,2,0.005,2,0.005,2,0.005,3,0.007,5,0.01,6,0.011,4,0.008,4,0.008,2,0.004,0,0,1,0.003
Region 29,Region 19,40,0.141,17,0.1,28,0.23,17,0.211,10,0.184,16,0.362,11,0.231,12,0.148,15,0.091,24,0.063,38,0.077,50,0.109,37,0.095,54,0.142,42,0.108,50,0.122,50,0.121,59,0.123,60,0.114,56,0.116,66,0.131,34,0.074,35,0.092,34,0.107
Region 29,Region 20,150,0.529,66,0.387,90,0.74,65,0.806,29,0.535,29,0.656,20,0.419,41,0.504,70,0.424,135,0.357,160,0.324,157,0.341,161,0.415,146,0.385,134,0.343,164,0.4,162,0.391,215,0.447,253,0.482,255,0.528,292,0.579,195,0.423,122,0.322,119,0.374
Region 29,Region 21,1,0.004,1,0.006,0,0,2,0.025,2,0.037,0,0,0,0,1,0.012,0,0,5,0.013,4,0.008,9,0.02,4,0.01,5,0.013,4,0.01,11,0.027,5,0.012,6,0.012,3,0.006,8,0.017,8,0.016,13,0.028,5,0.013,3,0.009
Region 29,Region 22,10,0.035,7,0.041,4,0.033,4,0.05,4,0.074,3,0.068,1,0.021,3,0.037,3,0.018,5,0.013,13,0.026,7,0.015,13,0.033,17,0.045,22,0.056,15,0.037,17,0.041,28,0.058,21,0.04,27,0.056,20,0.04,18,0.039,13,0.034,6,0.019
Region 29,Region 23,0,0,1,0.006,1,0.008,1,0.012,0,0,0,0,0,0,0,0,0,0,2,0.005,0,0,0,0,0,0,0,0,0,0,1,0.002,0,0,9,0.019,1,0.002,6,0.012,6,0.012,2,0.004,1,0.003,4,0.013
Region 29,Region 24,0,0,0,0,0,0,0,0,2,0.037,0,0,0,0,0,0,0,0,0,0,1,0.002,1,0.002,1,0.003,0,0,0,0,0,0,1,0.002,2,0.004,1,0.002,2,0.004,2,0.004,2,0.004,1,0.003,0,0
Region 29,Region 25,0,0,0,0,1,0.008,1,0.012,1,0.018,0,0,0,0,0,0,0,0,0,0,1,0.002,1,0.002,0,0,0,0,1,0.003,2,0.005,1,0.002,2,0.004,1,0.002,3,0.006,3,0.006,3,0.007,0,0,0,0
Region 29,Region 26,0,0,1,0.006,0,0,0,0,0,0,0,0,0,0,0,0,0,0,0,0,2,0.004,2,0.004,0,0,1,0.003,2,0.005,3,0.007,1,0.002,2,0.004,1,0.002,1,0.002,2,0.004,1,0.002,1,0.003,0,0
Region 29,Region 27,1,0.004,0,0,0,0,0,0,0,0,0,0,0,0,0,0,0,0,0,0,0,0,0,0,0,0,0,0,1,0.003,0,0,0,0,1,0.002,2,0.004,0,0,3,0.006,0,0,1,0.003,1,0.003
Region 29,Region 28,0,0,0,0,0,0,0,0,0,0,0,0,0,0,0,0,0,0,0,0,0,0,0,0,0,0,0,0,1,0.003,1,0.002,0,0,0,0,3,0.006,0,0,1,0.002,2,0.004,0,0,0,0
Region 29,Region 29,254,0.896,165,0.968,122,1.003,106,1.314,59,1.088,48,1.086,28,0.587,24,0.295,50,0.303,90,0.238,161,0.326,200,0.434,217,0.559,218,0.575,235,0.602,279,0.68,234,0.565,217,0.451,220,0.419,197,0.408,192,0.38,205,0.444,223,0.588,208,0.654
Region 29,Region 30,4,0.014,2,0.012,4,0.033,3,0.037,1,0.018,4,0.09,1,0.021,3,0.037,1,0.006,2,0.005,2,0.004,5,0.011,5,0.013,3,0.008,8,0.02,7,0.017,5,0.012,8,0.017,7,0.013,10,0.021,4,0.008,6,0.013,4,0.011,1,0.003
Region 29,Region 31,3,0.011,1,0.006,6,0.049,1,0.012,3,0.055,4,0.09,2,0.042,1,0.012,1,0.006,2,0.005,6,0.012,4,0.009,11,0.028,10,0.026,8,0.02,9,0.022,11,0.027,17,0.035,10,0.019,16,0.033,16,0.032,6,0.013,2,0.005,4,0.013
Region 29,Region 32,1,0.004,1,0.006,0,0,0,0,0,0,0,0,1,0.021,0,0,2,0.012,3,0.008,2,0.004,2,0.004,0,0,0,0,1,0.003,3,0.007,3,0.007,4,0.008,1,0.002,3,0.006,1,0.002,1,0.002,1,0.003,0,0
Region 29,Region 33,0,0,0,0,0,0,0,0,1,0.018,0,0,0,0,0,0,1,0.006,0,0,2,0.004,0,0,0,0,0,0,0,0,0,0,0,0,0,0,3,0.006,3,0.006,1,0.002,1,0.002,1,0.003,0,0
Region 29,Region 34,0,0,0,0,0,0,0,0,0,0,0,0,0,0,0,0,0,0,0,0,0,0,0,0,0,0,0,0,0,0,0,0,0,0,0,0,0,0,0,0,0,0,0,0,0,0,0,0
Region 29,Region 35,0,0,0,0,0,0,0,0,0,0,0,0,0,0,0,0,0,0,0,0,0,0,1,0.002,0,0,0,0,0,0,0,0,0,0,0,0,0,0,0,0,0,0,0,0,0,0,0,0
Region 29,Region 36,1,0.004,0,0,1,0.008,0,0,0,0,0,0,1,0.021,0,0,0,0,1,0.003,0,0,3,0.007,1,0.003,0,0,0,0,0,0,0,0,2,0.004,3,0.006,2,0.004,1,0.002,1,0.002,2,0.005,0,0
Region 29,Region 37,4,0.014,2,0.012,2,0.016,1,0.012,1,0.018,1,0.023,1,0.021,2,0.025,0,0,1,0.003,0,0,1,0.002,4,0.01,1,0.003,3,0.008,3,0.007,0,0,9,0.019,3,0.006,3,0.006,12,0.024,3,0.007,6,0.016,2,0.006
Region 29,Region 38,2,0.007,1,0.006,1,0.008,3,0.037,4,0.074,1,0.023,2,0.042,1,0.012,1,0.006,1,0.003,8,0.016,6,0.013,11,0.028,5,0.013,6,0.015,3,0.007,5,0.012,6,0.012,15,0.029,21,0.043,15,0.03,4,0.009,4,0.011,2,0.006
Region 29,Region 39,1,0.004,0,0,0,0,2,0.025,0,0,0,0,0,0,0,0,0,0,1,0.003,1,0.002,0,0,0,0,0,0,0,0,0,0,1,0.002,1,0.002,1,0.002,3,0.006,1,0.002,0,0,0,0,0,0
Region 29,Region 40,0,0,0,0,0,0,0,0,0,0,0,0,0,0,0,0,0,0,0,0,0,0,0,0,0,0,0,0,0,0,0,0,0,0,0,0,0,0,0,0,0,0,0,0,0,0,0,0
Region 29,Region 41,1,0.004,2,0.012,2,0.016,0,0,1,0.018,0,0,0,0,2,0.025,5,0.03,6,0.016,6,0.012,2,0.004,3,0.008,2,0.005,1,0.003,0,0,0,0,0,0,3,0.006,1,0.002,1,0.002,0,0,0,0,1,0.003
Region 29,Region 42,0,0,0,0,0,0,0,0,0,0,0,0,0,0,0,0,0,0,0,0,0,0,0,0,0,0,0,0,0,0,0,0,0,0,0,0,0,0,0,0,0,0,0,0,0,0,0,0
Region 29,Region 43,2,0.007,0,0,1,0.008,2,0.025,1,0.018,0,0,0,0,0,0,0,0,1,0.003,3,0.006,2,0.004,5,0.013,1,0.003,0,0,3,0.007,0,0,2,0.004,2,0.004,0,0,2,0.004,3,0.007,3,0.008,1,0.003
Region 29,Region 44,0,0,0,0,0,0,0,0,0,0,0,0,0,0,0,0,0,0,0,0,0,0,0,0,0,0,0,0,0,0,0,0,0,0,0,0,0,0,0,0,0,0,0,0,0,0,0,0
Region 29,Region 45,7,0.025,4,0.023,2,0.016,6,0.074,4,0.074,1,0.023,1,0.021,2,0.025,2,0.012,4,0.011,11,0.022,4,0.009,9,0.023,13,0.034,7,0.018,4,0.01,11,0.027,15,0.031,12,0.023,9,0.019,13,0.026,17,0.037,8,0.021,8,0.025
Region 29,Region 46,3,0.011,1,0.006,0,0,0,0,1,0.018,0,0,0,0,0,0,1,0.006,3,0.008,4,0.008,3,0.007,4,0.01,4,0.011,2,0.005,3,0.007,3,0.007,4,0.008,4,0.008,7,0.014,6,0.012,2,0.004,1,0.003,1,0.003
Region 29,Region 47,2,0.007,5,0.029,1,0.008,3,0.037,2,0.037,2,0.045,0,0,2,0.025,5,0.03,2,0.005,10,0.02,6,0.013,8,0.021,6,0.016,7,0.018,8,0.02,13,0.031,13,0.027,18,0.034,21,0.043,21,0.042,15,0.033,9,0.024,10,0.031
Region 29,Region 48,8,0.028,6,0.035,3,0.025,6,0.074,2,0.037,1,0.023,3,0.063,4,0.049,2,0.012,2,0.005,9,0.018,14,0.03,10,0.026,13,0.034,13,0.033,8,0.02,7,0.017,18,0.037,16,0.03,14,0.029,12,0.024,8,0.017,7,0.018,2,0.006
Region 29,Region 49,4,0.014,3,0.018,2,0.016,1,0.012,4,0.074,1,0.023,1,0.021,0,0,3,0.018,0,0,3,0.006,7,0.015,2,0.005,2,0.005,2,0.005,6,0.015,1,0.002,5,0.01,3,0.006,3,0.006,8,0.016,4,0.009,3,0.008,3,0.009
Region 29,Region 50,1,0.004,0,0,2,0.016,0,0,1,0.018,4,0.09,2,0.042,2,0.025,1,0.006,1,0.003,6,0.012,2,0.004,3,0.008,3,0.008,4,0.01,4,0.01,4,0.01,4,0.008,12,0.023,8,0.017,11,0.022,5,0.011,5,0.013,6,0.019
Region 29,Region 51,4,0.014,2,0.012,4,0.033,1,0.012,2,0.037,1,0.023,1,0.021,0,0,2,0.012,5,0.013,2,0.004,6,0.013,3,0.008,4,0.011,10,0.026,3,0.007,6,0.014,15,0.031,8,0.015,8,0.017,12,0.024,12,0.026,7,0.018,11,0.035
Region 29,Region 52,2,0.007,3,0.018,2,0.016,3,0.037,1,0.018,2,0.045,0,0,1,0.012,2,0.012,1,0.003,2,0.004,3,0.007,4,0.01,4,0.011,7,0.018,4,0.01,4,0.01,5,0.01,10,0.019,6,0.012,11,0.022,6,0.013,2,0.005,2,0.006
Region 29,Region 53,1,0.004,0,0,0,0,0,0,1,0.018,1,0.023,0,0,0,0,0,0,1,0.003,4,0.008,1,0.002,2,0.005,5,0.013,5,0.013,2,0.005,6,0.014,8,0.017,3,0.006,10,0.021,6,0.012,3,0.007,1,0.003,2,0.006
Region 29,Region 54,23,0.081,12,0.07,7,0.058,6,0.074,10,0.184,5,0.113,3,0.063,3,0.037,2,0.012,7,0.018,14,0.028,7,0.015,9,0.023,13,0.034,18,0.046,16,0.039,16,0.039,18,0.037,22,0.042,28,0.058,35,0.069,16,0.035,12,0.032,20,0.063
Region 29,Region 55,0,0,0,0,2,0.016,0,0,0,0,0,0,0,0,0,0,1,0.006,0,0,0,0,0,0,0,0,0,0,0,0,0,0,0,0,2,0.004,3,0.006,2,0.004,0,0,0,0,1,0.003,0,0
Region 29,Region 56,0,0,0,0,1,0.008,0,0,0,0,0,0,0,0,0,0,1,0.006,0,0,0,0,0,0,0,0,0,0,1,0.003,0,0,1,0.002,4,0.008,1,0.002,0,0,3,0.006,2,0.004,0,0,0,0
Region 29,Region 57,0,0,0,0,0,0,0,0,0,0,0,0,0,0,0,0,0,0,0,0,0,0,1,0.002,0,0,0,0,1,0.003,1,0.002,0,0,1,0.002,1,0.002,0,0,4,0.008,0,0,2,0.005,0,0
Region 29,Region 58,0,0,0,0,0,0,0,0,0,0,0,0,0,0,0,0,0,0,3,0.008,0,0,0,0,0,0,1,0.003,0,0,1,0.002,0,0,0,0,0,0,0,0,0,0,0,0,0,0,0,0
Region 29,Region 59,0,0,0,0,0,0,0,0,0,0,0,0,0,0,0,0,0,0,0,0,0,0,0,0,0,0,0,0,0,0,0,0,0,0,0,0,0,0,0,0,0,0,0,0,0,0,0,0
Region 29,Region 60,20,0.071,10,0.059,4,0.033,5,0.062,5,0.092,1,0.023,2,0.042,1,0.012,10,0.061,19,0.05,30,0.061,53,0.115,34,0.088,53,0.14,65,0.167,60,0.146,60,0.145,48,0.1,63,0.12,50,0.104,45,0.089,45,0.098,31,0.082,33,0.104
Region 29,Region 61,5,0.018,0,0,1,0.008,0,0,0,0,1,0.023,1,0.021,0,0,1,0.006,1,0.003,3,0.006,1,0.002,1,0.003,2,0.005,1,0.003,1,0.002,1,0.002,1,0.002,6,0.011,5,0.01,4,0.008,1,0.002,4,0.011,5,0.016
Region 29,Region 62,3,0.011,1,0.006,0,0,1,0.012,1,0.018,0,0,2,0.042,0,0,3,0.018,3,0.008,2,0.004,2,0.004,3,0.008,5,0.013,2,0.005,4,0.01,2,0.005,14,0.029,7,0.013,13,0.027,5,0.01,5,0.011,10,0.026,6,0.019
Region 29,Region 63,0,0,0,0,0,0,0,0,0,0,0,0,0,0,0,0,0,0,0,0,0,0,0,0,0,0,0,0,0,0,0,0,0,0,0,0,0,0,0,0,0,0,0,0,0,0,0,0
Region 29,Region 64,17,0.06,12,0.07,11,0.09,12,0.149,3,0.055,2,0.045,5,0.105,4,0.049,3,0.018,12,0.032,32,0.065,24,0.052,25,0.064,18,0.047,22,0.056,22,0.054,34,0.082,48,0.1,38,0.072,32,0.066,36,0.071,29,0.063,16,0.042,11,0.035
Region 29,Region 65,1,0.004,1,0.006,2,0.016,0,0,1,0.018,2,0.045,1,0.021,0,0,1,0.006,1,0.003,1,0.002,2,0.004,3,0.008,1,0.003,1,0.003,1,0.002,0,0,2,0.004,5,0.01,7,0.014,10,0.02,6,0.013,4,0.011,3,0.009
Region 29,Region 66,4,0.014,2,0.012,1,0.008,2,0.025,1,0.018,0,0,0,0,4,0.049,2,0.012,1,0.003,3,0.006,1,0.002,1,0.003,4,0.011,1,0.003,2,0.005,4,0.01,5,0.01,5,0.01,2,0.004,9,0.018,3,0.007,4,0.011,4,0.013
Region 29,Region 67,8,0.028,6,0.035,3,0.025,3,0.037,1,0.018,3,0.068,2,0.042,0,0,0,0,5,0.013,8,0.016,10,0.022,9,0.023,5,0.013,15,0.038,10,0.024,7,0.017,19,0.039,8,0.015,10,0.021,11,0.022,5,0.011,13,0.034,8,0.025
Region 29,Region 68,3,0.011,3,0.018,4,0.033,1,0.012,0,0,1,0.023,2,0.042,1,0.012,1,0.006,4,0.011,6,0.012,6,0.013,4,0.01,4,0.011,5,0.013,8,0.02,9,0.022,10,0.021,6,0.011,11,0.023,10,0.02,3,0.007,7,0.018,5,0.016
Region 29,Region 69,9,0.032,6,0.035,2,0.016,3,0.037,4,0.074,3,0.068,1,0.021,3,0.037,1,0.006,3,0.008,8,0.016,12,0.026,10,0.026,11,0.029,9,0.023,10,0.024,5,0.012,18,0.037,11,0.021,9,0.019,9,0.018,12,0.026,10,0.026,6,0.019
Region 29,Region 70,12,0.042,4,0.023,8,0.066,6,0.074,5,0.092,5,0.113,1,0.021,1,0.012,8,0.048,8,0.021,13,0.026,14,0.03,18,0.046,19,0.05,15,0.038,17,0.041,22,0.053,22,0.046,23,0.044,22,0.046,19,0.038,10,0.022,15,0.04,11,0.035
Region 29,Region 71,0,0,0,0,1,0.008,0,0,1,0.018,1,0.023,2,0.042,0,0,0,0,1,0.003,1,0.002,2,0.004,3,0.008,3,0.008,2,0.005,6,0.015,4,0.01,3,0.006,3,0.006,11,0.023,10,0.02,4,0.009,4,0.011,3,0.009
Region 29,Region 72,0,0,0,0,0,0,0,0,0,0,0,0,0,0,0,0,0,0,0,0,0,0,0,0,0,0,0,0,0,0,0,0,0,0,0,0,0,0,0,0,0,0,0,0,0,0,0,0
Region 29,Region 73,0,0,0,0,0,0,0,0,0,0,0,0,0,0,0,0,3,0.018,17,0.045,0,0,0,0,0,0,0,0,0,0,0,0,0,0,0,0,0,0,0,0,0,0,0,0,0,0,0,0
Region 29,Region 74,17,0.06,15,0.088,8,0.066,10,0.124,5,0.092,4,0.09,2,0.042,1,0.012,4,0.024,3,0.008,14,0.028,16,0.035,7,0.018,16,0.042,14,0.036,12,0.029,13,0.031,21,0.044,22,0.042,27,0.056,40,0.079,26,0.056,24,0.063,14,0.044
Region 29,Region 75,1,0.004,0,0,0,0,1,0.012,0,0,0,0,0,0,0,0,0,0,0,0,1,0.002,1,0.002,1,0.003,0,0,1,0.003,0,0,0,0,0,0,0,0,2,0.004,0,0,0,0,0,0,2,0.006
Region 30,Region 0,0,0,0,0,0,0,0,0,0,0,0,0,0,0,0,0,0,0,0,0,1,0.002,0,0,3,0.008,1,0.003,1,0.003,3,0.007,3,0.007,2,0.004,3,0.006,1,0.002,2,0.004,5,0.011,1,0.003,1,0.003
Region 30,Region 1,0,0,0,0,0,0,0,0,0,0,0,0,0,0,0,0,0,0,0,0,0,0,0,0,0,0,0,0,0,0,0,0,0,0,0,0,0,0,0,0,0,0,0,0,0,0,0,0
Region 30,Region 2,5,0.018,9,0.053,5,0.041,2,0.025,0,0,0,0,0,0,3,0.037,4,0.024,11,0.029,15,0.03,25,0.054,13,0.033,15,0.04,16,0.041,16,0.039,17,0.041,17,0.035,13,0.025,15,0.031,16,0.032,11,0.024,17,0.045,15,0.047
Region 30,Region 3,2,0.007,4,0.023,2,0.016,2,0.025,2,0.037,0,0,0,0,0,0,2,0.012,4,0.011,7,0.014,3,0.007,2,0.005,5,0.013,3,0.008,3,0.007,4,0.01,4,0.008,7,0.013,4,0.008,7,0.014,12,0.026,2,0.005,4,0.013
Region 30,Region 4,1,0.004,0,0,0,0,0,0,0,0,0,0,0,0,0,0,0,0,0,0,0,0,2,0.004,2,0.005,1,0.003,1,0.003,0,0,0,0,2,0.004,2,0.004,5,0.01,2,0.004,2,0.004,3,0.008,2,0.006
Region 30,Region 5,1,0.004,0,0,0,0,0,0,1,0.018,0,0,0,0,1,0.012,0,0,7,0.018,2,0.004,0,0,1,0.003,2,0.005,3,0.008,0,0,0,0,1,0.002,4,0.008,1,0.002,1,0.002,3,0.007,3,0.008,3,0.009
Region 30,Region 6,0,0,0,0,0,0,0,0,0,0,0,0,0,0,0,0,0,0,0,0,0,0,0,0,0,0,0,0,0,0,0,0,0,0,0,0,0,0,0,0,0,0,0,0,0,0,0,0
Region 30,Region 7,6,0.021,2,0.012,0,0,1,0.012,1,0.018,0,0,0,0,3,0.037,1,0.006,11,0.029,16,0.032,19,0.041,9,0.023,4,0.011,7,0.018,8,0.02,6,0.014,6,0.012,8,0.015,9,0.019,9,0.018,5,0.011,8,0.021,5,0.016
Region 30,Region 8,0,0,0,0,0,0,0,0,0,0,0,0,0,0,0,0,0,0,0,0,0,0,0,0,1,0.003,0,0,0,0,0,0,0,0,0,0,0,0,0,0,0,0,0,0,0,0,0,0
Region 30,Region 9,0,0,0,0,0,0,0,0,0,0,0,0,0,0,0,0,0,0,0,0,0,0,0,0,0,0,0,0,0,0,0,0,0,0,0,0,0,0,0,0,0,0,0,0,0,0,0,0
Region 30,Region 10,3,0.011,1,0.006,0,0,1,0.012,0,0,1,0.023,0,0,0,0,0,0,0,0,1,0.002,1,0.002,1,0.003,2,0.005,2,0.005,5,0.012,2,0.005,4,0.008,0,0,5,0.01,7,0.014,6,0.013,4,0.011,5,0.016
Region 30,Region 11,0,0,0,0,0,0,0,0,0,0,0,0,0,0,0,0,0,0,0,0,0,0,0,0,0,0,0,0,0,0,0,0,0,0,0,0,0,0,0,0,0,0,0,0,0,0,0,0
Region 30,Region 12,2,0.007,4,0.023,2,0.016,2,0.025,3,0.055,1,0.023,1,0.021,1,0.012,12,0.073,8,0.021,12,0.024,17,0.037,11,0.028,11,0.029,7,0.018,9,0.022,5,0.012,6,0.012,8,0.015,8,0.017,6,0.012,8,0.017,6,0.016,7,0.022
Region 30,Region 13,0,0,1,0.006,0,0,0,0,0,0,1,0.023,0,0,0,0,1,0.006,0,0,3,0.006,3,0.007,2,0.005,3,0.008,2,0.005,1,0.002,1,0.002,2,0.004,2,0.004,5,0.01,3,0.006,1,0.002,5,0.013,4,0.013
Region 30,Region 14,26,0.092,11,0.065,12,0.099,2,0.025,2,0.037,5,0.113,4,0.084,7,0.086,15,0.091,26,0.069,27,0.055,27,0.059,39,0.1,26,0.069,17,0.044,25,0.061,24,0.058,15,0.031,21,0.04,14,0.029,14,0.028,17,0.037,18,0.047,21,0.066
Region 30,Region 15,0,0,0,0,0,0,0,0,0,0,0,0,0,0,0,0,0,0,0,0,0,0,0,0,0,0,0,0,0,0,0,0,0,0,0,0,0,0,0,0,0,0,0,0,0,0,0,0
Region 30,Region 16,0,0,0,0,0,0,0,0,0,0,0,0,0,0,0,0,0,0,0,0,0,0,0,0,0,0,0,0,0,0,0,0,0,0,0,0,0,0,0,0,0,0,0,0,0,0,0,0
Region 30,Region 17,0,0,0,0,0,0,0,0,0,0,0,0,0,0,0,0,0,0,0,0,1,0.002,0,0,1,0.003,0,0,0,0,0,0,0,0,1,0.002,1,0.002,1,0.002,3,0.006,0,0,0,0,1,0.003
Region 30,Region 18,12,0.042,8,0.047,4,0.033,1,0.012,1,0.018,1,0.023,2,0.042,1,0.012,1,0.006,8,0.021,18,0.036,17,0.037,17,0.044,15,0.04,13,0.033,18,0.044,9,0.022,19,0.039,16,0.03,16,0.033,13,0.026,12,0.026,10,0.026,11,0.035
Region 30,Region 19,1,0.004,0,0,1,0.008,1,0.012,1,0.018,1,0.023,0,0,1,0.012,1,0.006,5,0.013,4,0.008,2,0.004,5,0.013,3,0.008,4,0.01,5,0.012,1,0.002,2,0.004,0,0,2,0.004,0,0,3,0.007,0,0,1,0.003
Region 30,Region 20,11,0.039,5,0.029,4,0.033,3,0.037,2,0.037,5,0.113,3,0.063,12,0.148,20,0.121,39,0.103,27,0.055,22,0.048,10,0.026,9,0.024,11,0.028,12,0.029,11,0.027,8,0.017,9,0.017,6,0.012,8,0.016,7,0.015,6,0.016,5,0.016
Region 30,Region 21,68,0.24,33,0.194,17,0.14,11,0.136,8,0.148,5,0.113,3,0.063,7,0.086,21,0.127,50,0.132,77,0.156,110,0.239,115,0.296,113,0.298,142,0.364,158,0.385,133,0.321,137,0.285,137,0.261,131,0.271,156,0.309,166,0.36,118,0.311,75,0.236
Region 30,Region 22,3,0.011,3,0.018,2,0.016,1,0.012,1,0.018,0,0,0,0,0,0,2,0.012,8,0.021,19,0.038,8,0.017,6,0.015,5,0.013,11,0.028,6,0.015,11,0.027,7,0.015,6,0.011,6,0.012,13,0.026,4,0.009,6,0.016,1,0.003
Region 30,Region 23,2,0.007,1,0.006,2,0.016,0,0,0,0,0,0,0,0,0,0,0,0,1,0.003,0,0,0,0,1,0.003,0,0,0,0,3,0.007,0,0,1,0.002,4,0.008,2,0.004,5,0.01,3,0.007,3,0.008,1,0.003
Region 30,Region 24,3,0.011,3,0.018,0,0,0,0,0,0,0,0,0,0,0,0,0,0,0,0,1,0.002,3,0.007,4,0.01,1,0.003,1,0.003,2,0.005,6,0.014,5,0.01,4,0.008,2,0.004,2,0.004,0,0,4,0.011,4,0.013
Region 30,Region 25,0,0,1,0.006,0,0,0,0,0,0,0,0,0,0,0,0,0,0,1,0.003,0,0,1,0.002,0,0,1,0.003,1,0.003,0,0,0,0,0,0,0,0,0,0,1,0.002,0,0,0,0,0,0
Region 30,Region 26,4,0.014,4,0.023,1,0.008,0,0,0,0,0,0,1,0.021,0,0,0,0,3,0.008,14,0.028,1,0.002,6,0.015,9,0.024,4,0.01,6,0.015,9,0.022,6,0.012,8,0.015,12,0.025,12,0.024,14,0.03,11,0.029,8,0.025
Region 30,Region 27,2,0.007,2,0.012,0,0,0,0,0,0,0,0,0,0,0,0,0,0,0,0,1,0.002,0,0,1,0.003,3,0.008,1,0.003,2,0.005,0,0,0,0,6,0.011,2,0.004,4,0.008,5,0.011,4,0.011,1,0.003
Region 30,Region 28,1,0.004,0,0,0,0,0,0,0,0,0,0,0,0,0,0,0,0,0,0,0,0,0,0,1,0.003,0,0,2,0.005,0,0,0,0,1,0.002,0,0,0,0,0,0,0,0,0,0,0,0
Region 30,Region 29,12,0.042,3,0.018,2,0.016,2,0.025,2,0.037,4,0.09,1,0.021,3,0.037,10,0.061,16,0.042,22,0.045,26,0.056,15,0.039,13,0.034,13,0.033,8,0.02,8,0.019,10,0.021,9,0.017,10,0.021,1,0.002,7,0.015,8,0.021,3,0.009
Region 30,Region 30,478,1.685,230,1.349,144,1.184,110,1.364,56,1.033,30,0.679,34,0.713,43,0.529,158,0.956,315,0.832,543,1.1,759,1.649,702,1.809,715,1.886,824,2.111,884,2.156,835,2.016,904,1.878,1045,1.991,873,1.807,960,1.902,930,2.015,694,1.829,596,1.874
Region 30,Region 31,14,0.049,5,0.029,6,0.049,1,0.012,3,0.055,0,0,0,0,2,0.025,5,0.03,7,0.018,22,0.045,8,0.017,14,0.036,12,0.032,10,0.026,14,0.034,15,0.036,16,0.033,15,0.029,10,0.021,16,0.032,13,0.028,7,0.018,14,0.044
Region 30,Region 32,0,0,0,0,0,0,0,0,0,0,0,0,0,0,0,0,0,0,1,0.003,0,0,1,0.002,0,0,1,0.003,0,0,1,0.002,0,0,0,0,1,0.002,1,0.002,1,0.002,2,0.004,1,0.003,0,0
Region 30,Region 33,0,0,0,0,0,0,0,0,0,0,0,0,0,0,0,0,0,0,0,0,1,0.002,2,0.004,0,0,0,0,0,0,0,0,1,0.002,1,0.002,0,0,0,0,1,0.002,0,0,1,0.003,1,0.003
Region 30,Region 34,0,0,0,0,0,0,0,0,0,0,0,0,0,0,0,0,0,0,0,0,0,0,0,0,0,0,0,0,0,0,0,0,0,0,0,0,0,0,0,0,0,0,0,0,0,0,0,0
Region 30,Region 35,0,0,0,0,0,0,0,0,0,0,0,0,0,0,0,0,0,0,0,0,0,0,0,0,0,0,0,0,0,0,0,0,0,0,0,0,0,0,0,0,0,0,0,0,0,0,0,0
Region 30,Region 36,0,0,0,0,0,0,0,0,1,0.018,0,0,0,0,0,0,0,0,0,0,0,0,1,0.002,1,0.003,1,0.003,0,0,1,0.002,2,0.005,2,0.004,3,0.006,3,0.006,4,0.008,5,0.011,7,0.018,1,0.003
Region 30,Region 37,3,0.011,4,0.023,0,0,0,0,1,0.018,0,0,0,0,1,0.012,2,0.012,2,0.005,7,0.014,7,0.015,4,0.01,5,0.013,7,0.018,6,0.015,4,0.01,7,0.015,5,0.01,8,0.017,4,0.008,5,0.011,3,0.008,2,0.006
Region 30,Region 38,41,0.145,20,0.117,19,0.156,11,0.136,10,0.184,3,0.068,5,0.105,5,0.062,7,0.042,18,0.048,56,0.113,71,0.154,81,0.209,79,0.208,73,0.187,89,0.217,92,0.222,114,0.237,121,0.231,124,0.257,131,0.26,108,0.234,95,0.25,72,0.226
Region 30,Region 39,3,0.011,2,0.012,0,0,0,0,1,0.018,0,0,0,0,0,0,0,0,1,0.003,5,0.01,1,0.002,4,0.01,2,0.005,2,0.005,4,0.01,4,0.01,4,0.008,7,0.013,6,0.012,2,0.004,7,0.015,3,0.008,4,0.013
Region 30,Region 40,0,0,0,0,0,0,0,0,0,0,0,0,0,0,0,0,0,0,0,0,0,0,0,0,0,0,0,0,0,0,0,0,0,0,0,0,0,0,0,0,0,0,0,0,0,0,0,0
Region 30,Region 41,0,0,1,0.006,0,0,0,0,0,0,0,0,1,0.021,0,0,0,0,2,0.005,3,0.006,0,0,0,0,0,0,0,0,0,0,0,0,0,0,0,0,0,0,0,0,0,0,0,0,0,0
Region 30,Region 42,0,0,0,0,0,0,0,0,0,0,0,0,0,0,0,0,0,0,0,0,0,0,0,0,0,0,0,0,0,0,0,0,0,0,0,0,0,0,0,0,0,0,0,0,0,0,0,0
Region 30,Region 43,3,0.011,3,0.018,2,0.016,0,0,0,0,0,0,0,0,0,0,0,0,1,0.003,1,0.002,0,0,3,0.008,3,0.008,2,0.005,4,0.01,6,0.014,3,0.006,2,0.004,5,0.01,6,0.012,8,0.017,3,0.008,3,0.009
Region 30,Region 44,0,0,0,0,0,0,0,0,0,0,0,0,0,0,0,0,0,0,0,0,0,0,0,0,0,0,0,0,0,0,0,0,0,0,0,0,0,0,0,0,0,0,0,0,0,0,0,0
Region 30,Region 45,2,0.007,1,0.006,1,0.008,1,0.012,0,0,0,0,0,0,1,0.012,0,0,1,0.003,4,0.008,4,0.009,3,0.008,2,0.005,5,0.013,1,0.002,2,0.005,4,0.008,2,0.004,2,0.004,1,0.002,6,0.013,1,0.003,1,0.003
Region 30,Region 46,1,0.004,1,0.006,0,0,1,0.012,0,0,0,0,0,0,0,0,0,0,3,0.008,3,0.006,1,0.002,1,0.003,4,0.011,1,0.003,3,0.007,5,0.012,3,0.006,2,0.004,2,0.004,4,0.008,1,0.002,2,0.005,4,0.013
Region 30,Region 47,8,0.028,6,0.035,3,0.025,5,0.062,1,0.018,1,0.023,0,0,1,0.012,1,0.006,16,0.042,14,0.028,16,0.035,13,0.033,19,0.05,10,0.026,19,0.046,15,0.036,22,0.046,25,0.048,18,0.037,33,0.065,29,0.063,11,0.029,20,0.063
Region 30,Region 48,6,0.021,6,0.035,0,0,1,0.012,1,0.018,0,0,0,0,1,0.012,1,0.006,19,0.05,35,0.071,27,0.059,36,0.093,32,0.084,14,0.036,9,0.022,12,0.029,10,0.021,16,0.03,18,0.037,17,0.034,11,0.024,10,0.026,8,0.025
Region 30,Region 49,5,0.018,5,0.029,2,0.016,1,0.012,2,0.037,0,0,0,0,1,0.012,1,0.006,12,0.032,17,0.034,8,0.017,5,0.013,6,0.016,2,0.005,2,0.005,1,0.002,1,0.002,6,0.011,9,0.019,10,0.02,2,0.004,6,0.016,2,0.006
Region 30,Region 50,3,0.011,0,0,0,0,0,0,1,0.018,1,0.023,0,0,0,0,1,0.006,6,0.016,8,0.016,4,0.009,6,0.015,3,0.008,4,0.01,7,0.017,6,0.014,1,0.002,4,0.008,6,0.012,10,0.02,6,0.013,6,0.016,4,0.013
Region 30,Region 51,16,0.056,4,0.023,5,0.041,2,0.025,2,0.037,3,0.068,2,0.042,0,0,1,0.006,14,0.037,11,0.022,14,0.03,11,0.028,15,0.04,9,0.023,16,0.039,13,0.031,20,0.042,26,0.05,15,0.031,21,0.042,10,0.022,17,0.045,22,0.069
Region 30,Region 52,1,0.004,1,0.006,0,0,0,0,0,0,1,0.023,0,0,2,0.025,1,0.006,1,0.003,1,0.002,4,0.009,1,0.003,0,0,4,0.01,2,0.005,3,0.007,3,0.006,3,0.006,2,0.004,5,0.01,6,0.013,6,0.016,1,0.003
Region 30,Region 53,5,0.018,4,0.023,2,0.016,0,0,0,0,1,0.023,0,0,0,0,2,0.012,11,0.029,20,0.04,11,0.024,15,0.039,16,0.042,7,0.018,17,0.041,10,0.024,13,0.027,20,0.038,14,0.029,23,0.046,17,0.037,12,0.032,11,0.035
Region 30,Region 54,0,0,2,0.012,0,0,0,0,0,0,0,0,1,0.021,0,0,1,0.006,1,0.003,3,0.006,1,0.002,4,0.01,3,0.008,1,0.003,2,0.005,2,0.005,1,0.002,5,0.01,3,0.006,1,0.002,3,0.007,1,0.003,2,0.006
Region 30,Region 55,0,0,1,0.006,0,0,0,0,0,0,0,0,0,0,0,0,0,0,0,0,0,0,0,0,0,0,0,0,0,0,0,0,0,0,1,0.002,0,0,0,0,0,0,0,0,0,0,0,0
Region 30,Region 56,1,0.004,2,0.012,0,0,0,0,0,0,0,0,0,0,0,0,0,0,0,0,0,0,3,0.007,3,0.008,0,0,2,0.005,2,0.005,0,0,1,0.002,2,0.004,3,0.006,2,0.004,5,0.011,0,0,2,0.006
Region 30,Region 57,1,0.004,0,0,0,0,0,0,0,0,0,0,0,0,0,0,0,0,0,0,0,0,0,0,0,0,0,0,0,0,0,0,0,0,0,0,0,0,0,0,0,0,1,0.002,0,0,0,0
Region 30,Region 58,0,0,0,0,0,0,0,0,0,0,0,0,0,0,0,0,1,0.006,0,0,0,0,0,0,0,0,0,0,0,0,0,0,0,0,0,0,0,0,0,0,0,0,0,0,0,0,0,0
Region 30,Region 59,0,0,0,0,0,0,0,0,0,0,0,0,0,0,0,0,0,0,0,0,0,0,0,0,0,0,0,0,0,0,0,0,0,0,0,0,0,0,0,0,0,0,0,0,0,0,0,0
Region 30,Region 60,1,0.004,0,0,1,0.008,1,0.012,2,0.037,0,0,0,0,2,0.025,8,0.048,21,0.055,29,0.059,13,0.028,13,0.033,4,0.011,6,0.015,10,0.024,11,0.027,11,0.023,8,0.015,9,0.019,8,0.016,3,0.007,1,0.003,0,0
Region 30,Region 61,3,0.011,2,0.012,0,0,0,0,0,0,0,0,0,0,0,0,1,0.006,3,0.008,1,0.002,2,0.004,2,0.005,7,0.018,4,0.01,4,0.01,5,0.012,7,0.015,6,0.011,10,0.021,7,0.014,13,0.028,7,0.018,12,0.038
Region 30,Region 62,6,0.021,3,0.018,1,0.008,0,0,1,0.018,1,0.023,0,0,0,0,0,0,2,0.005,7,0.014,4,0.009,2,0.005,5,0.013,5,0.013,6,0.015,5,0.012,6,0.012,5,0.01,12,0.025,8,0.016,1,0.002,4,0.011,2,0.006
Region 30,Region 63,0,0,0,0,0,0,0,0,0,0,0,0,0,0,0,0,0,0,0,0,0,0,0,0,0,0,0,0,0,0,0,0,0,0,0,0,0,0,0,0,0,0,0,0,0,0,0,0
Region 30,Region 64,3,0.011,0,0,2,0.016,2,0.025,1,0.018,0,0,1,0.021,0,0,1,0.006,12,0.032,8,0.016,4,0.009,5,0.013,5,0.013,4,0.01,3,0.007,4,0.01,1,0.002,3,0.006,3,0.006,2,0.004,2,0.004,2,0.005,1,0.003
Region 30,Region 65,0,0,1,0.006,0,0,0,0,0,0,0,0,0,0,0,0,2,0.012,2,0.005,3,0.006,3,0.007,6,0.015,2,0.005,2,0.005,1,0.002,0,0,1,0.002,4,0.008,2,0.004,7,0.014,4,0.009,0,0,3,0.009
Region 30,Region 66,2,0.007,1,0.006,0,0,2,0.025,2,0.037,0,0,1,0.021,0,0,1,0.006,0,0,3,0.006,1,0.002,3,0.008,4,0.011,3,0.008,6,0.015,1,0.002,1,0.002,2,0.004,3,0.006,4,0.008,0,0,0,0,2,0.006
Region 30,Region 67,39,0.138,12,0.07,10,0.082,4,0.05,2,0.037,2,0.045,4,0.084,1,0.012,10,0.061,51,0.135,90,0.182,103,0.224,67,0.173,81,0.214,76,0.195,106,0.258,91,0.22,82,0.17,113,0.215,69,0.143,59,0.117,60,0.13,56,0.148,40,0.126
Region 30,Region 68,0,0,2,0.012,1,0.008,1,0.012,0,0,0,0,0,0,1,0.012,4,0.024,8,0.021,18,0.036,12,0.026,8,0.021,5,0.013,5,0.013,7,0.017,9,0.022,8,0.017,8,0.015,2,0.004,5,0.01,2,0.004,1,0.003,5,0.016
Region 30,Region 69,8,0.028,10,0.059,4,0.033,1,0.012,0,0,0,0,1,0.021,2,0.025,3,0.018,8,0.021,13,0.026,15,0.033,11,0.028,18,0.047,9,0.023,11,0.027,12,0.029,13,0.027,19,0.036,13,0.027,14,0.028,12,0.026,9,0.024,11,0.035
Region 30,Region 70,10,0.035,7,0.041,7,0.058,5,0.062,1,0.018,2,0.045,1,0.021,2,0.025,7,0.042,18,0.048,28,0.057,26,0.056,18,0.046,14,0.037,12,0.031,21,0.051,16,0.039,16,0.033,36,0.069,21,0.043,17,0.034,25,0.054,14,0.037,11,0.035
Region 30,Region 71,0,0,1,0.006,0,0,0,0,0,0,0,0,1,0.021,0,0,0,0,2,0.005,0,0,1,0.002,0,0,0,0,2,0.005,3,0.007,2,0.005,0,0,2,0.004,3,0.006,1,0.002,0,0,0,0,3,0.009
Region 30,Region 72,0,0,0,0,0,0,0,0,0,0,0,0,0,0,0,0,0,0,0,0,0,0,0,0,0,0,0,0,0,0,0,0,0,0,0,0,0,0,0,0,0,0,0,0,0,0,0,0
Region 30,Region 73,0,0,0,0,0,0,0,0,0,0,0,0,0,0,0,0,0,0,0,0,0,0,0,0,0,0,0,0,0,0,0,0,0,0,0,0,0,0,0,0,0,0,0,0,0,0,0,0
Region 30,Region 74,0,0,3,0.018,0,0,0,0,2,0.037,0,0,0,0,1,0.012,1,0.006,4,0.011,6,0.012,2,0.004,2,0.005,3,0.008,5,0.013,1,0.002,1,0.002,4,0.008,4,0.008,2,0.004,1,0.002,0,0,1,0.003,3,0.009
Region 30,Region 75,0,0,0,0,0,0,0,0,0,0,0,0,0,0,0,0,0,0,0,0,0,0,0,0,0,0,0,0,0,0,0,0,0,0,0,0,0,0,1,0.002,1,0.002,0,0,0,0,0,0
Region 31,Region 0,2,0.007,0,0,0,0,0,0,1,0.018,0,0,0,0,0,0,1,0.006,0,0,1,0.002,1,0.002,0,0,1,0.003,2,0.005,1,0.002,1,0.002,0,0,1,0.002,4,0.008,1,0.002,1,0.002,0,0,2,0.006
Region 31,Region 1,0,0,0,0,0,0,0,0,0,0,0,0,0,0,0,0,0,0,1,0.003,0,0,0,0,0,0,0,0,0,0,0,0,0,0,0,0,0,0,0,0,0,0,0,0,0,0,0,0
Region 31,Region 2,3,0.011,0,0,2,0.016,1,0.012,0,0,0,0,0,0,1,0.012,1,0.006,13,0.034,8,0.016,14,0.03,8,0.021,15,0.04,8,0.02,8,0.02,12,0.029,3,0.006,8,0.015,7,0.014,9,0.018,5,0.011,8,0.021,3,0.009
Region 31,Region 3,16,0.056,8,0.047,7,0.058,3,0.037,2,0.037,1,0.023,0,0,3,0.037,4,0.024,11,0.029,24,0.049,23,0.05,15,0.039,17,0.045,20,0.051,17,0.041,21,0.051,22,0.046,19,0.036,20,0.041,19,0.038,22,0.048,29,0.076,17,0.053
Region 31,Region 4,0,0,1,0.006,2,0.016,0,0,0,0,1,0.023,0,0,0,0,0,0,1,0.003,3,0.006,1,0.002,1,0.003,1,0.003,1,0.003,4,0.01,3,0.007,3,0.006,4,0.008,6,0.012,5,0.01,6,0.013,4,0.011,5,0.016
Region 31,Region 5,8,0.028,2,0.012,2,0.016,1,0.012,1,0.018,0,0,0,0,0,0,3,0.018,4,0.011,1,0.002,6,0.013,2,0.005,6,0.016,2,0.005,6,0.015,5,0.012,8,0.017,0,0,9,0.019,4,0.008,9,0.02,4,0.011,6,0.019
Region 31,Region 6,0,0,0,0,0,0,0,0,0,0,0,0,0,0,0,0,0,0,0,0,0,0,0,0,0,0,0,0,0,0,0,0,0,0,0,0,0,0,0,0,0,0,0,0,0,0,0,0
Region 31,Region 7,6,0.021,3,0.018,1,0.008,1,0.012,0,0,1,0.023,0,0,1,0.012,2,0.012,11,0.029,16,0.032,16,0.035,11,0.028,11,0.029,6,0.015,7,0.017,5,0.012,8,0.017,9,0.017,5,0.01,8,0.016,11,0.024,4,0.011,2,0.006
Region 31,Region 8,0,0,0,0,0,0,0,0,0,0,0,0,0,0,0,0,0,0,0,0,0,0,2,0.004,0,0,1,0.003,0,0,0,0,2,0.005,2,0.004,0,0,0,0,0,0,0,0,0,0,0,0
Region 31,Region 9,0,0,0,0,0,0,0,0,0,0,0,0,0,0,0,0,0,0,0,0,0,0,0,0,0,0,0,0,0,0,0,0,0,0,0,0,0,0,0,0,0,0,0,0,0,0,0,0
Region 31,Region 10,1,0.004,0,0,0,0,1,0.012,1,0.018,0,0,0,0,0,0,0,0,0,0,3,0.006,1,0.002,3,0.008,3,0.008,0,0,0,0,1,0.002,3,0.006,2,0.004,0,0,2,0.004,5,0.011,0,0,3,0.009
Region 31,Region 11,0,0,0,0,0,0,0,0,0,0,0,0,0,0,0,0,0,0,0,0,0,0,0,0,0,0,0,0,0,0,0,0,0,0,0,0,0,0,0,0,0,0,0,0,0,0,0,0
Region 31,Region 12,24,0.085,4,0.023,4,0.033,2,0.025,2,0.037,1,0.023,4,0.084,10,0.123,19,0.115,39,0.103,41,0.083,33,0.072,24,0.062,33,0.087,32,0.082,19,0.046,30,0.072,42,0.087,28,0.053,39,0.081,29,0.057,19,0.041,21,0.055,16,0.05
Region 31,Region 13,6,0.021,0,0,2,0.016,1,0.012,0,0,0,0,1,0.021,1,0.012,2,0.012,1,0.003,9,0.018,6,0.013,10,0.026,3,0.008,3,0.008,6,0.015,8,0.019,3,0.006,11,0.021,8,0.017,6,0.012,3,0.007,7,0.018,1,0.003
Region 31,Region 14,36,0.127,15,0.088,14,0.115,8,0.099,11,0.203,4,0.09,16,0.335,17,0.209,30,0.182,42,0.111,56,0.113,74,0.161,72,0.186,38,0.1,43,0.11,36,0.088,61,0.147,28,0.058,49,0.093,38,0.079,32,0.063,28,0.061,43,0.113,33,0.104
Region 31,Region 15,0,0,0,0,0,0,0,0,0,0,0,0,0,0,0,0,0,0,0,0,0,0,0,0,0,0,0,0,0,0,0,0,0,0,0,0,0,0,0,0,0,0,0,0,0,0,0,0
Region 31,Region 16,0,0,0,0,0,0,0,0,0,0,0,0,0,0,0,0,0,0,0,0,0,0,0,0,0,0,0,0,0,0,0,0,0,0,0,0,0,0,0,0,0,0,0,0,0,0,0,0
Region 31,Region 17,1,0.004,1,0.006,1,0.008,0,0,0,0,0,0,0,0,0,0,0,0,0,0,1,0.002,1,0.002,2,0.005,1,0.003,0,0,2,0.005,0,0,5,0.01,2,0.004,1,0.002,3,0.006,2,0.004,1,0.003,7,0.022
Region 31,Region 18,6,0.021,3,0.018,1,0.008,0,0,0,0,0,0,0,0,0,0,0,0,1,0.003,9,0.018,9,0.02,5,0.013,4,0.011,10,0.026,11,0.027,4,0.01,3,0.006,6,0.011,8,0.017,9,0.018,12,0.026,6,0.016,2,0.006
Region 31,Region 19,1,0.004,0,0,1,0.008,1,0.012,1,0.018,3,0.068,0,0,1,0.012,1,0.006,4,0.011,4,0.008,6,0.013,5,0.013,3,0.008,3,0.008,0,0,6,0.014,5,0.01,7,0.013,5,0.01,9,0.018,1,0.002,6,0.016,6,0.019
Region 31,Region 20,14,0.049,5,0.029,2,0.016,3,0.037,6,0.111,2,0.045,5,0.105,13,0.16,20,0.121,37,0.098,31,0.063,24,0.052,18,0.046,18,0.047,14,0.036,23,0.056,14,0.034,13,0.027,5,0.01,16,0.033,24,0.048,18,0.039,16,0.042,16,0.05
Region 31,Region 21,3,0.011,4,0.023,2,0.016,4,0.05,1,0.018,1,0.023,3,0.063,1,0.012,3,0.018,12,0.032,12,0.024,21,0.046,20,0.052,21,0.055,10,0.026,13,0.032,11,0.027,17,0.035,18,0.034,19,0.039,16,0.032,15,0.033,14,0.037,11,0.035
Region 31,Region 22,7,0.025,5,0.029,3,0.025,2,0.025,1,0.018,1,0.023,3,0.063,0,0,3,0.018,17,0.045,19,0.038,23,0.05,9,0.023,6,0.016,16,0.041,14,0.034,12,0.029,14,0.029,26,0.05,13,0.027,19,0.038,10,0.022,12,0.032,9,0.028
Region 31,Region 23,1,0.004,0,0,1,0.008,0,0,0,0,0,0,0,0,0,0,0,0,0,0,2,0.004,1,0.002,4,0.01,3,0.008,3,0.008,1,0.002,3,0.007,1,0.002,4,0.008,5,0.01,2,0.004,5,0.011,3,0.008,3,0.009
Region 31,Region 24,0,0,0,0,1,0.008,0,0,0,0,0,0,0,0,0,0,1,0.006,3,0.008,2,0.004,1,0.002,1,0.003,2,0.005,1,0.003,4,0.01,3,0.007,1,0.002,3,0.006,3,0.006,0,0,2,0.004,0,0,2,0.006
Region 31,Region 25,1,0.004,0,0,0,0,0,0,0,0,0,0,0,0,0,0,0,0,0,0,0,0,0,0,0,0,2,0.005,0,0,0,0,0,0,0,0,1,0.002,0,0,0,0,1,0.002,0,0,1,0.003
Region 31,Region 26,0,0,0,0,0,0,0,0,0,0,0,0,0,0,0,0,0,0,0,0,2,0.004,0,0,0,0,0,0,0,0,2,0.005,1,0.002,0,0,1,0.002,2,0.004,5,0.01,3,0.007,2,0.005,3,0.009
Region 31,Region 27,0,0,0,0,0,0,0,0,0,0,0,0,0,0,0,0,1,0.006,0,0,1,0.002,0,0,0,0,0,0,0,0,2,0.005,0,0,0,0,1,0.002,2,0.004,1,0.002,0,0,1,0.003,0,0
Region 31,Region 28,0,0,0,0,0,0,0,0,0,0,0,0,0,0,0,0,0,0,0,0,0,0,0,0,0,0,1,0.003,1,0.003,1,0.002,0,0,1,0.002,4,0.008,0,0,0,0,0,0,0,0,0,0
Region 31,Region 29,3,0.011,3,0.018,2,0.016,2,0.025,3,0.055,1,0.023,1,0.021,1,0.012,5,0.03,18,0.048,18,0.036,27,0.059,12,0.031,7,0.018,14,0.036,11,0.027,8,0.019,15,0.031,17,0.032,12,0.025,9,0.018,8,0.017,13,0.034,10,0.031
Region 31,Region 30,5,0.018,6,0.035,3,0.025,0,0,0,0,0,0,1,0.021,4,0.049,1,0.006,4,0.011,19,0.038,19,0.041,18,0.046,9,0.024,9,0.023,8,0.02,8,0.019,13,0.027,21,0.04,12,0.025,15,0.03,16,0.035,7,0.018,6,0.019
Region 31,Region 31,77,0.271,48,0.282,21,0.173,16,0.198,11,0.203,5,0.113,1,0.021,2,0.025,10,0.061,50,0.132,98,0.198,116,0.252,97,0.25,89,0.235,88,0.225,109,0.266,104,0.251,116,0.241,126,0.24,107,0.222,94,0.186,120,0.26,89,0.235,87,0.274
Region 31,Region 32,1,0.004,0,0,1,0.008,0,0,0,0,0,0,0,0,0,0,4,0.024,2,0.005,2,0.004,0,0,0,0,0,0,2,0.005,1,0.002,3,0.007,1,0.002,0,0,2,0.004,0,0,1,0.002,3,0.008,1,0.003
Region 31,Region 33,1,0.004,0,0,0,0,0,0,0,0,0,0,0,0,0,0,0,0,1,0.003,1,0.002,2,0.004,0,0,0,0,0,0,0,0,0,0,0,0,1,0.002,1,0.002,0,0,3,0.007,1,0.003,1,0.003
Region 31,Region 34,0,0,0,0,0,0,0,0,0,0,0,0,0,0,0,0,0,0,0,0,0,0,0,0,0,0,0,0,0,0,0,0,0,0,0,0,0,0,0,0,0,0,0,0,0,0,0,0
Region 31,Region 35,0,0,0,0,0,0,0,0,0,0,0,0,0,0,0,0,0,0,0,0,0,0,0,0,0,0,0,0,0,0,0,0,0,0,0,0,0,0,0,0,0,0,0,0,0,0,0,0
Region 31,Region 36,1,0.004,0,0,0,0,2,0.025,0,0,0,0,0,0,0,0,2,0.012,0,0,0,0,0,0,1,0.003,1,0.003,1,0.003,0,0,0,0,3,0.006,2,0.004,3,0.006,1,0.002,1,0.002,0,0,1,0.003
Region 31,Region 37,3,0.011,0,0,0,0,1,0.012,0,0,0,0,0,0,0,0,0,0,0,0,3,0.006,3,0.007,2,0.005,0,0,5,0.013,2,0.005,7,0.017,6,0.012,5,0.01,2,0.004,7,0.014,2,0.004,7,0.018,4,0.013
Region 31,Region 38,13,0.046,9,0.053,7,0.058,5,0.062,4,0.074,3,0.068,4,0.084,2,0.025,5,0.03,10,0.026,37,0.075,48,0.104,27,0.07,22,0.058,15,0.038,32,0.078,31,0.075,34,0.071,42,0.08,49,0.101,37,0.073,42,0.091,23,0.061,29,0.091
Region 31,Region 39,0,0,0,0,0,0,0,0,0,0,0,0,0,0,0,0,2,0.012,0,0,3,0.006,0,0,1,0.003,0,0,1,0.003,0,0,1,0.002,1,0.002,0,0,0,0,1,0.002,0,0,2,0.005,0,0
Region 31,Region 40,0,0,0,0,0,0,0,0,0,0,0,0,0,0,0,0,0,0,0,0,0,0,0,0,0,0,0,0,0,0,0,0,0,0,0,0,0,0,0,0,0,0,0,0,0,0,0,0
Region 31,Region 41,1,0.004,1,0.006,0,0,0,0,1,0.018,0,0,0,0,1,0.012,2,0.012,2,0.005,0,0,0,0,2,0.005,0,0,3,0.008,1,0.002,0,0,0,0,2,0.004,1,0.002,0,0,0,0,1,0.003,0,0
Region 31,Region 42,0,0,0,0,0,0,0,0,0,0,0,0,0,0,0,0,0,0,0,0,0,0,0,0,0,0,0,0,0,0,0,0,0,0,0,0,0,0,0,0,0,0,0,0,0,0,0,0
Region 31,Region 43,6,0.021,1,0.006,1,0.008,1,0.012,1,0.018,1,0.023,0,0,0,0,1,0.006,2,0.005,2,0.004,1,0.002,4,0.01,1,0.003,1,0.003,2,0.005,2,0.005,2,0.004,4,0.008,6,0.012,2,0.004,2,0.004,2,0.005,1,0.003
Region 31,Region 44,0,0,0,0,0,0,0,0,0,0,0,0,0,0,0,0,0,0,0,0,0,0,0,0,0,0,0,0,0,0,0,0,0,0,0,0,0,0,0,0,0,0,0,0,0,0,0,0
Region 31,Region 45,5,0.018,5,0.029,2,0.016,1,0.012,0,0,1,0.023,0,0,2,0.025,1,0.006,2,0.005,5,0.01,4,0.009,6,0.015,5,0.013,2,0.005,2,0.005,3,0.007,7,0.015,8,0.015,6,0.012,4,0.008,5,0.011,10,0.026,5,0.016
Region 31,Region 46,0,0,2,0.012,1,0.008,0,0,0,0,0,0,1,0.021,1,0.012,2,0.012,7,0.018,2,0.004,4,0.009,3,0.008,1,0.003,7,0.018,6,0.015,7,0.017,4,0.008,6,0.011,5,0.01,5,0.01,5,0.011,4,0.011,2,0.006
Region 31,Region 47,4,0.014,3,0.018,1,0.008,1,0.012,0,0,0,0,0,0,0,0,3,0.018,12,0.032,11,0.022,18,0.039,11,0.028,9,0.024,13,0.033,10,0.024,13,0.031,19,0.039,16,0.03,17,0.035,19,0.038,9,0.02,12,0.032,6,0.019
Region 31,Region 48,13,0.046,16,0.094,6,0.049,1,0.012,1,0.018,1,0.023,2,0.042,2,0.025,9,0.054,28,0.074,31,0.063,52,0.113,40,0.103,32,0.084,25,0.064,34,0.083,26,0.063,40,0.083,30,0.057,27,0.056,31,0.061,25,0.054,32,0.084,23,0.072
Region 31,Region 49,13,0.046,7,0.041,6,0.049,5,0.062,1,0.018,0,0,0,0,3,0.037,1,0.006,7,0.018,9,0.018,9,0.02,9,0.023,6,0.016,14,0.036,8,0.02,12,0.029,4,0.008,15,0.029,14,0.029,11,0.022,11,0.024,14,0.037,8,0.025
Region 31,Region 50,7,0.025,6,0.035,2,0.016,1,0.012,1,0.018,1,0.023,0,0,0,0,0,0,2,0.005,9,0.018,12,0.026,7,0.018,5,0.013,6,0.015,5,0.012,3,0.007,7,0.015,15,0.029,7,0.014,11,0.022,9,0.02,7,0.018,9,0.028
Region 31,Region 51,18,0.063,2,0.012,4,0.033,5,0.062,2,0.037,1,0.023,3,0.063,3,0.037,3,0.018,9,0.024,14,0.028,31,0.067,20,0.052,21,0.055,15,0.038,18,0.044,26,0.063,28,0.058,22,0.042,22,0.046,19,0.038,32,0.069,36,0.095,13,0.041
Region 31,Region 52,5,0.018,3,0.018,4,0.033,0,0,1,0.018,0,0,0,0,1,0.012,3,0.018,2,0.005,4,0.008,6,0.013,5,0.013,2,0.005,7,0.018,6,0.015,4,0.01,16,0.033,14,0.027,7,0.014,8,0.016,14,0.03,3,0.008,3,0.009
Region 31,Region 53,2,0.007,0,0,2,0.016,0,0,0,0,0,0,0,0,0,0,2,0.012,4,0.011,16,0.032,18,0.039,6,0.015,5,0.013,5,0.013,5,0.012,3,0.007,4,0.008,14,0.027,7,0.014,6,0.012,4,0.009,6,0.016,5,0.016
Region 31,Region 54,5,0.018,0,0,3,0.025,0,0,0,0,0,0,0,0,3,0.037,4,0.024,3,0.008,7,0.014,3,0.007,3,0.008,0,0,2,0.005,1,0.002,1,0.002,5,0.01,3,0.006,5,0.01,4,0.008,0,0,2,0.005,4,0.013
Region 31,Region 55,1,0.004,0,0,0,0,0,0,0,0,0,0,0,0,0,0,1,0.006,0,0,0,0,1,0.002,0,0,0,0,0,0,0,0,0,0,1,0.002,0,0,5,0.01,3,0.006,1,0.002,0,0,2,0.006
Region 31,Region 56,1,0.004,0,0,0,0,0,0,0,0,1,0.023,0,0,1,0.012,0,0,0,0,2,0.004,0,0,1,0.003,3,0.008,1,0.003,2,0.005,0,0,2,0.004,2,0.004,1,0.002,0,0,2,0.004,3,0.008,0,0
Region 31,Region 57,0,0,0,0,0,0,0,0,0,0,0,0,0,0,1,0.012,1,0.006,0,0,0,0,0,0,1,0.003,1,0.003,0,0,1,0.002,1,0.002,1,0.002,2,0.004,2,0.004,1,0.002,0,0,1,0.003,0,0
Region 31,Region 58,0,0,0,0,0,0,0,0,0,0,0,0,0,0,0,0,0,0,0,0,0,0,0,0,0,0,0,0,0,0,0,0,0,0,0,0,0,0,0,0,0,0,0,0,0,0,0,0
Region 31,Region 59,0,0,0,0,0,0,0,0,0,0,0,0,0,0,0,0,0,0,0,0,0,0,0,0,0,0,0,0,0,0,0,0,0,0,0,0,0,0,0,0,0,0,0,0,0,0,1,0.003
Region 31,Region 60,6,0.021,4,0.023,0,0,0,0,1,0.018,0,0,0,0,0,0,3,0.018,6,0.016,23,0.047,23,0.05,11,0.028,9,0.024,4,0.01,11,0.027,8,0.019,10,0.021,6,0.011,9,0.019,6,0.012,7,0.015,7,0.018,3,0.009
Region 31,Region 61,2,0.007,0,0,0,0,0,0,0,0,0,0,0,0,0,0,2,0.012,2,0.005,4,0.008,3,0.007,2,0.005,2,0.005,6,0.015,2,0.005,1,0.002,0,0,1,0.002,2,0.004,2,0.004,4,0.009,3,0.008,3,0.009
Region 31,Region 62,12,0.042,0,0,3,0.025,1,0.012,0,0,1,0.023,2,0.042,0,0,2,0.012,9,0.024,8,0.016,9,0.02,9,0.023,8,0.021,9,0.023,6,0.015,10,0.024,14,0.029,17,0.032,16,0.033,19,0.038,18,0.039,12,0.032,16,0.05
Region 31,Region 63,0,0,0,0,0,0,0,0,0,0,0,0,0,0,0,0,0,0,0,0,0,0,0,0,0,0,0,0,0,0,0,0,0,0,0,0,0,0,0,0,1,0.002,0,0,0,0,0,0
Region 31,Region 64,4,0.014,1,0.006,0,0,0,0,2,0.037,1,0.023,0,0,0,0,3,0.018,7,0.018,8,0.016,5,0.011,8,0.021,8,0.021,8,0.02,6,0.015,12,0.029,11,0.023,5,0.01,7,0.014,12,0.024,5,0.011,7,0.018,8,0.025
Region 31,Region 65,8,0.028,2,0.012,1,0.008,1,0.012,1,0.018,0,0,0,0,0,0,2,0.012,4,0.011,3,0.006,1,0.002,2,0.005,4,0.011,1,0.003,4,0.01,4,0.01,4,0.008,7,0.013,4,0.008,4,0.008,5,0.011,6,0.016,5,0.016
Region 31,Region 66,3,0.011,2,0.012,0,0,0,0,0,0,0,0,0,0,0,0,2,0.012,1,0.003,0,0,3,0.007,5,0.013,1,0.003,8,0.02,1,0.002,5,0.012,2,0.004,5,0.01,4,0.008,8,0.016,5,0.011,4,0.011,2,0.006
Region 31,Region 67,47,0.166,28,0.164,16,0.132,9,0.112,5,0.092,9,0.204,4,0.084,15,0.185,29,0.176,102,0.269,124,0.251,177,0.384,98,0.253,85,0.224,81,0.208,78,0.19,90,0.217,85,0.177,95,0.181,104,0.215,87,0.172,81,0.176,76,0.2,59,0.186
Region 31,Region 68,5,0.018,5,0.029,2,0.016,0,0,0,0,2,0.045,4,0.084,4,0.049,6,0.036,7,0.018,16,0.032,24,0.052,8,0.021,14,0.037,12,0.031,13,0.032,15,0.036,14,0.029,17,0.032,17,0.035,20,0.04,12,0.026,15,0.04,8,0.025
Region 31,Region 69,33,0.116,12,0.07,9,0.074,5,0.062,3,0.055,5,0.113,1,0.021,1,0.012,9,0.054,24,0.063,37,0.075,44,0.096,40,0.103,38,0.1,46,0.118,41,0.1,44,0.106,59,0.123,70,0.133,58,0.12,58,0.115,64,0.139,54,0.142,39,0.123
Region 31,Region 70,6,0.021,5,0.029,1,0.008,2,0.025,2,0.037,0,0,2,0.042,4,0.049,5,0.03,12,0.032,21,0.043,18,0.039,16,0.041,13,0.034,8,0.02,14,0.034,13,0.031,14,0.029,14,0.027,18,0.037,20,0.04,13,0.028,11,0.029,7,0.022
Region 31,Region 71,0,0,2,0.012,3,0.025,0,0,0,0,0,0,0,0,1,0.012,0,0,6,0.016,2,0.004,3,0.007,3,0.008,3,0.008,5,0.013,3,0.007,4,0.01,5,0.01,6,0.011,2,0.004,7,0.014,5,0.011,1,0.003,4,0.013
Region 31,Region 72,0,0,0,0,0,0,0,0,0,0,0,0,0,0,0,0,0,0,0,0,0,0,0,0,0,0,0,0,0,0,0,0,0,0,0,0,0,0,0,0,0,0,0,0,0,0,0,0
Region 31,Region 73,0,0,0,0,0,0,0,0,0,0,0,0,0,0,0,0,0,0,1,0.003,0,0,0,0,0,0,0,0,0,0,0,0,0,0,0,0,0,0,0,0,0,0,0,0,0,0,0,0
Region 31,Region 74,0,0,0,0,0,0,1,0.012,0,0,0,0,1,0.021,1,0.012,2,0.012,4,0.011,1,0.002,5,0.011,2,0.005,8,0.021,6,0.015,2,0.005,2,0.005,5,0.01,3,0.006,4,0.008,13,0.026,4,0.009,2,0.005,6,0.019
Region 31,Region 75,1,0.004,0,0,0,0,0,0,0,0,0,0,0,0,0,0,3,0.018,0,0,0,0,1,0.002,0,0,1,0.003,2,0.005,1,0.002,0,0,0,0,1,0.002,1,0.002,0,0,0,0,0,0,1,0.003
Region 32,Region 0,0,0,0,0,0,0,0,0,0,0,0,0,0,0,0,0,0,0,0,0,1,0.002,0,0,0,0,0,0,0,0,0,0,0,0,0,0,1,0.002,0,0,0,0,0,0,0,0,1,0.003
Region 32,Region 1,0,0,0,0,0,0,0,0,0,0,0,0,0,0,0,0,0,0,0,0,0,0,0,0,0,0,0,0,0,0,0,0,0,0,0,0,0,0,0,0,0,0,0,0,0,0,1,0.003
Region 32,Region 2,0,0,0,0,0,0,0,0,0,0,0,0,0,0,0,0,0,0,2,0.005,4,0.008,1,0.002,2,0.005,2,0.005,0,0,2,0.005,0,0,1,0.002,0,0,1,0.002,1,0.002,0,0,0,0,0,0
Region 32,Region 3,0,0,0,0,0,0,0,0,0,0,0,0,0,0,0,0,0,0,2,0.005,0,0,1,0.002,1,0.003,0,0,0,0,0,0,0,0,0,0,0,0,0,0,1,0.002,0,0,0,0,0,0
Region 32,Region 4,2,0.007,5,0.029,6,0.049,0,0,1,0.018,0,0,0,0,2,0.025,3,0.018,7,0.018,16,0.032,20,0.043,9,0.023,11,0.029,16,0.041,12,0.029,19,0.046,19,0.039,24,0.046,16,0.033,23,0.046,18,0.039,9,0.024,11,0.035
Region 32,Region 5,0,0,0,0,0,0,0,0,0,0,0,0,0,0,0,0,0,0,0,0,0,0,0,0,0,0,0,0,0,0,0,0,0,0,1,0.002,0,0,1,0.002,0,0,0,0,0,0,0,0
Region 32,Region 6,0,0,0,0,0,0,0,0,0,0,0,0,0,0,0,0,0,0,0,0,0,0,0,0,0,0,0,0,0,0,0,0,0,0,0,0,0,0,0,0,0,0,0,0,0,0,0,0
Region 32,Region 7,0,0,0,0,0,0,1,0.012,0,0,0,0,0,0,0,0,0,0,6,0.016,3,0.006,1,0.002,1,0.003,0,0,0,0,1,0.002,1,0.002,0,0,0,0,1,0.002,0,0,2,0.004,0,0,0,0
Region 32,Region 8,1,0.004,0,0,0,0,0,0,0,0,0,0,0,0,1,0.012,0,0,1,0.003,0,0,1,0.002,2,0.005,0,0,1,0.003,5,0.012,2,0.005,1,0.002,2,0.004,1,0.002,2,0.004,1,0.002,2,0.005,0,0
Region 32,Region 9,0,0,0,0,0,0,0,0,0,0,0,0,0,0,0,0,0,0,0,0,0,0,0,0,0,0,0,0,0,0,0,0,0,0,0,0,0,0,0,0,0,0,0,0,0,0,0,0
Region 32,Region 10,0,0,0,0,1,0.008,0,0,0,0,0,0,0,0,0,0,0,0,3,0.008,0,0,1,0.002,1,0.003,1,0.003,2,0.005,0,0,2,0.005,1,0.002,0,0,2,0.004,0,0,2,0.004,0,0,0,0
Region 32,Region 11,0,0,0,0,0,0,0,0,0,0,0,0,0,0,0,0,0,0,0,0,0,0,0,0,0,0,0,0,0,0,0,0,0,0,0,0,0,0,0,0,0,0,0,0,0,0,0,0
Region 32,Region 12,1,0.004,0,0,0,0,0,0,0,0,0,0,0,0,1,0.012,3,0.018,6,0.016,1,0.002,7,0.015,2,0.005,4,0.011,1,0.003,2,0.005,2,0.005,8,0.017,2,0.004,3,0.006,4,0.008,0,0,0,0,4,0.013
Region 32,Region 13,1,0.004,0,0,0,0,0,0,1,0.018,0,0,2,0.042,0,0,0,0,2,0.005,2,0.004,3,0.007,5,0.013,3,0.008,3,0.008,5,0.012,3,0.007,2,0.004,3,0.006,2,0.004,4,0.008,0,0,2,0.005,4,0.013
Region 32,Region 14,2,0.007,0,0,1,0.008,1,0.012,0,0,1,0.023,0,0,4,0.049,6,0.036,2,0.005,8,0.016,7,0.015,8,0.021,9,0.024,8,0.02,7,0.017,6,0.014,1,0.002,4,0.008,1,0.002,3,0.006,2,0.004,2,0.005,1,0.003
Region 32,Region 15,0,0,0,0,0,0,0,0,0,0,0,0,0,0,0,0,0,0,0,0,0,0,0,0,0,0,0,0,0,0,0,0,0,0,0,0,0,0,0,0,0,0,0,0,0,0,0,0
Region 32,Region 16,0,0,0,0,0,0,0,0,0,0,0,0,0,0,0,0,0,0,0,0,0,0,0,0,0,0,0,0,0,0,0,0,0,0,0,0,0,0,0,0,0,0,0,0,0,0,0,0
Region 32,Region 17,0,0,0,0,1,0.008,0,0,0,0,0,0,0,0,0,0,1,0.006,0,0,0,0,0,0,1,0.003,0,0,0,0,2,0.005,1,0.002,0,0,2,0.004,0,0,2,0.004,1,0.002,1,0.003,3,0.009
Region 32,Region 18,0,0,0,0,0,0,0,0,0,0,0,0,0,0,0,0,0,0,0,0,1,0.002,1,0.002,0,0,0,0,0,0,1,0.002,0,0,0,0,0,0,1,0.002,1,0.002,1,0.002,0,0,0,0
Region 32,Region 19,0,0,0,0,0,0,0,0,0,0,0,0,0,0,0,0,1,0.006,1,0.003,0,0,0,0,1,0.003,0,0,0,0,0,0,0,0,0,0,1,0.002,1,0.002,1,0.002,0,0,0,0,0,0
Region 32,Region 20,0,0,0,0,0,0,0,0,0,0,0,0,0,0,0,0,0,0,0,0,0,0,0,0,0,0,0,0,1,0.003,1,0.002,0,0,2,0.004,0,0,0,0,0,0,1,0.002,0,0,1,0.003
Region 32,Region 21,0,0,0,0,0,0,0,0,0,0,0,0,0,0,0,0,0,0,1,0.003,1,0.002,1,0.002,2,0.005,0,0,4,0.01,1,0.002,2,0.005,0,0,1,0.002,0,0,0,0,0,0,0,0,1,0.003
Region 32,Region 22,1,0.004,0,0,0,0,0,0,0,0,0,0,0,0,0,0,0,0,0,0,2,0.004,1,0.002,2,0.005,2,0.005,0,0,1,0.002,0,0,0,0,0,0,1,0.002,0,0,0,0,0,0,0,0
Region 32,Region 23,5,0.018,6,0.035,1,0.008,0,0,0,0,0,0,1,0.021,2,0.025,5,0.03,6,0.016,6,0.012,20,0.043,13,0.033,9,0.024,17,0.044,14,0.034,15,0.036,24,0.05,32,0.061,21,0.043,18,0.036,16,0.035,17,0.045,14,0.044
Region 32,Region 24,0,0,1,0.006,0,0,0,0,0,0,0,0,0,0,0,0,0,0,2,0.005,2,0.004,1,0.002,0,0,1,0.003,0,0,1,0.002,2,0.005,0,0,0,0,0,0,0,0,0,0,1,0.003,0,0
Region 32,Region 25,0,0,0,0,0,0,0,0,0,0,0,0,0,0,0,0,1,0.006,1,0.003,0,0,0,0,0,0,0,0,0,0,0,0,0,0,0,0,2,0.004,0,0,1,0.002,1,0.002,1,0.003,1,0.003
Region 32,Region 26,0,0,0,0,0,0,0,0,0,0,0,0,0,0,0,0,0,0,0,0,0,0,0,0,0,0,2,0.005,1,0.003,0,0,1,0.002,0,0,1,0.002,0,0,0,0,0,0,0,0,0,0
Region 32,Region 27,1,0.004,1,0.006,1,0.008,0,0,1,0.018,0,0,0,0,0,0,1,0.006,0,0,2,0.004,0,0,2,0.005,1,0.003,0,0,1,0.002,0,0,0,0,3,0.006,2,0.004,2,0.004,0,0,0,0,0,0
Region 32,Region 28,0,0,1,0.006,0,0,0,0,0,0,0,0,0,0,0,0,0,0,0,0,1,0.002,3,0.007,0,0,1,0.003,0,0,1,0.002,0,0,1,0.002,3,0.006,0,0,1,0.002,0,0,0,0,0,0
Region 32,Region 29,0,0,0,0,0,0,0,0,0,0,0,0,0,0,3,0.037,0,0,5,0.013,3,0.006,2,0.004,4,0.01,0,0,0,0,0,0,1,0.002,2,0.004,1,0.002,1,0.002,0,0,0,0,0,0,0,0
Region 32,Region 30,0,0,0,0,0,0,0,0,0,0,0,0,0,0,0,0,1,0.006,1,0.003,2,0.004,0,0,1,0.003,1,0.003,1,0.003,0,0,0,0,0,0,0,0,1,0.002,0,0,0,0,1,0.003,0,0
Region 32,Region 31,0,0,0,0,0,0,0,0,0,0,0,0,0,0,0,0,0,0,0,0,1,0.002,1,0.002,0,0,0,0,0,0,1,0.002,1,0.002,1,0.002,1,0.002,0,0,1,0.002,0,0,0,0,0,0
Region 32,Region 32,13,0.046,4,0.023,3,0.025,2,0.025,0,0,0,0,0,0,0,0,1,0.006,15,0.04,29,0.059,34,0.074,27,0.07,14,0.037,25,0.064,20,0.049,26,0.063,27,0.056,31,0.059,21,0.043,19,0.038,28,0.061,14,0.037,9,0.028
Region 32,Region 33,0,0,0,0,0,0,0,0,0,0,0,0,0,0,0,0,0,0,11,0.029,2,0.004,0,0,1,0.003,1,0.003,0,0,3,0.007,0,0,5,0.01,1,0.002,1,0.002,2,0.004,0,0,0,0,1,0.003
Region 32,Region 34,0,0,0,0,0,0,0,0,0,0,0,0,0,0,0,0,0,0,0,0,0,0,0,0,0,0,0,0,0,0,0,0,0,0,0,0,0,0,0,0,0,0,0,0,0,0,0,0
Region 32,Region 35,0,0,0,0,0,0,0,0,0,0,0,0,0,0,0,0,0,0,0,0,0,0,0,0,1,0.003,0,0,0,0,0,0,0,0,0,0,0,0,1,0.002,1,0.002,1,0.002,0,0,0,0
Region 32,Region 36,1,0.004,2,0.012,0,0,0,0,0,0,0,0,0,0,1,0.012,1,0.006,2,0.005,1,0.002,1,0.002,2,0.005,3,0.008,3,0.008,2,0.005,3,0.007,2,0.004,5,0.01,2,0.004,9,0.018,2,0.004,4,0.011,4,0.013
Region 32,Region 37,0,0,0,0,0,0,0,0,0,0,0,0,0,0,0,0,0,0,0,0,0,0,0,0,1,0.003,0,0,0,0,1,0.002,1,0.002,0,0,2,0.004,0,0,1,0.002,1,0.002,0,0,1,0.003
Region 32,Region 38,0,0,0,0,0,0,0,0,0,0,0,0,0,0,0,0,0,0,0,0,2,0.004,1,0.002,1,0.003,0,0,0,0,0,0,0,0,1,0.002,1,0.002,0,0,0,0,2,0.004,0,0,1,0.003
Region 32,Region 39,0,0,0,0,0,0,0,0,0,0,0,0,0,0,0,0,0,0,0,0,1,0.002,1,0.002,0,0,0,0,1,0.003,0,0,0,0,0,0,0,0,0,0,0,0,0,0,0,0,0,0
Region 32,Region 40,0,0,0,0,0,0,0,0,0,0,0,0,0,0,0,0,0,0,0,0,0,0,0,0,0,0,0,0,0,0,0,0,0,0,0,0,0,0,0,0,0,0,0,0,0,0,0,0
Region 32,Region 41,2,0.007,0,0,1,0.008,0,0,0,0,0,0,2,0.042,4,0.049,10,0.061,15,0.04,11,0.022,6,0.013,1,0.003,4,0.011,2,0.005,2,0.005,3,0.007,2,0.004,0,0,2,0.004,3,0.006,0,0,7,0.018,2,0.006
Region 32,Region 42,0,0,0,0,0,0,0,0,0,0,0,0,0,0,0,0,0,0,0,0,0,0,0,0,0,0,0,0,0,0,0,0,0,0,0,0,0,0,0,0,0,0,0,0,0,0,0,0
Region 32,Region 43,1,0.004,0,0,0,0,0,0,0,0,0,0,0,0,0,0,0,0,0,0,0,0,1,0.002,0,0,0,0,0,0,0,0,0,0,3,0.006,0,0,0,0,1,0.002,0,0,0,0,0,0
Region 32,Region 44,0,0,0,0,0,0,0,0,0,0,0,0,0,0,0,0,0,0,0,0,0,0,0,0,0,0,0,0,0,0,0,0,0,0,0,0,0,0,0,0,0,0,0,0,0,0,0,0
Region 32,Region 45,0,0,0,0,0,0,0,0,1,0.018,0,0,0,0,0,0,1,0.006,0,0,1,0.002,0,0,0,0,0,0,1,0.003,1,0.002,0,0,0,0,2,0.004,1,0.002,0,0,0,0,1,0.003,0,0
Region 32,Region 46,2,0.007,0,0,0,0,0,0,1,0.018,1,0.023,0,0,0,0,2,0.012,6,0.016,6,0.012,11,0.024,3,0.008,6,0.016,3,0.008,9,0.022,2,0.005,4,0.008,7,0.013,10,0.021,7,0.014,6,0.013,8,0.021,1,0.003
Region 32,Region 47,7,0.025,1,0.006,1,0.008,2,0.025,0,0,0,0,2,0.042,1,0.012,9,0.054,24,0.063,40,0.081,21,0.046,14,0.036,19,0.05,9,0.023,11,0.027,12,0.029,17,0.035,12,0.023,9,0.019,20,0.04,8,0.017,4,0.011,3,0.009
Region 32,Region 48,0,0,0,0,0,0,0,0,0,0,0,0,0,0,2,0.025,2,0.012,3,0.008,4,0.008,2,0.004,2,0.005,3,0.008,1,0.003,1,0.002,0,0,0,0,4,0.008,0,0,3,0.006,4,0.009,2,0.005,2,0.006
Region 32,Region 49,1,0.004,0,0,0,0,0,0,0,0,0,0,0,0,0,0,0,0,0,0,0,0,0,0,0,0,1,0.003,0,0,0,0,1,0.002,0,0,0,0,1,0.002,1,0.002,1,0.002,1,0.003,0,0
Region 32,Region 50,1,0.004,1,0.006,0,0,0,0,0,0,0,0,0,0,1,0.012,1,0.006,5,0.013,1,0.002,3,0.007,2,0.005,2,0.005,2,0.005,2,0.005,1,0.002,3,0.006,3,0.006,4,0.008,4,0.008,2,0.004,1,0.003,2,0.006
Region 32,Region 51,0,0,0,0,0,0,0,0,0,0,0,0,0,0,0,0,0,0,1,0.003,1,0.002,0,0,0,0,0,0,2,0.005,0,0,0,0,0,0,0,0,0,0,0,0,0,0,1,0.003,0,0
Region 32,Region 52,3,0.011,1,0.006,0,0,0,0,0,0,0,0,0,0,1,0.012,0,0,0,0,2,0.004,0,0,1,0.003,0,0,0,0,2,0.005,1,0.002,2,0.004,5,0.01,4,0.008,3,0.006,2,0.004,2,0.005,5,0.016
Region 32,Region 53,0,0,0,0,0,0,0,0,0,0,0,0,0,0,0,0,0,0,2,0.005,2,0.004,1,0.002,0,0,0,0,0,0,0,0,0,0,0,0,2,0.004,0,0,1,0.002,0,0,1,0.003,0,0
Region 32,Region 54,0,0,0,0,0,0,0,0,0,0,0,0,0,0,0,0,0,0,1,0.003,0,0,0,0,0,0,0,0,0,0,1,0.002,0,0,0,0,1,0.002,1,0.002,1,0.002,0,0,0,0,0,0
Region 32,Region 55,0,0,0,0,0,0,0,0,0,0,0,0,0,0,1,0.012,0,0,3,0.008,1,0.002,0,0,0,0,2,0.005,0,0,0,0,2,0.005,1,0.002,1,0.002,2,0.004,1,0.002,5,0.011,1,0.003,1,0.003
Region 32,Region 56,0,0,0,0,0,0,0,0,0,0,0,0,0,0,0,0,0,0,1,0.003,0,0,0,0,0,0,1,0.003,0,0,0,0,1,0.002,0,0,0,0,1,0.002,1,0.002,0,0,0,0,1,0.003
Region 32,Region 57,0,0,0,0,0,0,0,0,0,0,0,0,0,0,0,0,0,0,0,0,0,0,2,0.004,1,0.003,0,0,0,0,0,0,0,0,0,0,1,0.002,0,0,0,0,1,0.002,1,0.003,0,0
Region 32,Region 58,0,0,0,0,0,0,0,0,0,0,0,0,0,0,0,0,0,0,0,0,2,0.004,0,0,1,0.003,1,0.003,0,0,2,0.005,1,0.002,1,0.002,0,0,1,0.002,0,0,0,0,0,0,0,0
Region 32,Region 59,0,0,0,0,0,0,0,0,0,0,0,0,0,0,0,0,0,0,1,0.003,0,0,0,0,0,0,0,0,0,0,0,0,0,0,0,0,2,0.004,0,0,0,0,0,0,0,0,0,0
Region 32,Region 60,0,0,0,0,0,0,0,0,0,0,0,0,0,0,0,0,1,0.006,8,0.021,4,0.008,1,0.002,1,0.003,0,0,0,0,1,0.002,0,0,0,0,0,0,0,0,0,0,0,0,0,0,0,0
Region 32,Region 61,0,0,0,0,0,0,0,0,0,0,0,0,0,0,0,0,0,0,1,0.003,2,0.004,1,0.002,0,0,0,0,1,0.003,1,0.002,1,0.002,0,0,0,0,0,0,1,0.002,0,0,0,0,0,0
Region 32,Region 62,3,0.011,3,0.018,1,0.008,0,0,0,0,0,0,2,0.042,5,0.062,12,0.073,23,0.061,30,0.061,16,0.035,12,0.031,15,0.04,17,0.044,14,0.034,7,0.017,19,0.039,14,0.027,7,0.014,7,0.014,13,0.028,3,0.008,10,0.031
Region 32,Region 63,0,0,0,0,0,0,0,0,0,0,0,0,0,0,0,0,0,0,0,0,0,0,0,0,0,0,0,0,0,0,0,0,0,0,0,0,0,0,0,0,0,0,0,0,0,0,0,0
Region 32,Region 64,0,0,0,0,0,0,0,0,0,0,0,0,0,0,0,0,0,0,1,0.003,2,0.004,1,0.002,0,0,0,0,0,0,0,0,2,0.005,0,0,0,0,0,0,1,0.002,1,0.002,0,0,1,0.003
Region 32,Region 65,0,0,0,0,0,0,0,0,0,0,0,0,0,0,0,0,0,0,2,0.005,0,0,0,0,0,0,0,0,0,0,0,0,0,0,0,0,0,0,5,0.01,0,0,2,0.004,1,0.003,0,0
Region 32,Region 66,0,0,5,0.029,0,0,0,0,0,0,0,0,0,0,1,0.012,4,0.024,5,0.013,9,0.018,5,0.011,5,0.013,9,0.024,8,0.02,7,0.017,3,0.007,4,0.008,15,0.029,9,0.019,8,0.016,11,0.024,4,0.011,5,0.016
Region 32,Region 67,1,0.004,0,0,0,0,0,0,0,0,0,0,0,0,0,0,0,0,2,0.005,3,0.006,5,0.011,1,0.003,0,0,2,0.005,1,0.002,1,0.002,2,0.004,0,0,1,0.002,3,0.006,2,0.004,2,0.005,0,0
Region 32,Region 68,0,0,0,0,0,0,0,0,0,0,1,0.023,0,0,0,0,1,0.006,2,0.005,5,0.01,3,0.007,2,0.005,2,0.005,1,0.003,1,0.002,2,0.005,0,0,4,0.008,2,0.004,0,0,1,0.002,0,0,1,0.003
Region 32,Region 69,1,0.004,0,0,0,0,0,0,0,0,0,0,0,0,0,0,1,0.006,3,0.008,3,0.006,3,0.007,1,0.003,4,0.011,2,0.005,1,0.002,1,0.002,1,0.002,3,0.006,1,0.002,5,0.01,3,0.007,1,0.003,0,0
Region 32,Region 70,0,0,0,0,0,0,0,0,0,0,0,0,0,0,0,0,1,0.006,3,0.008,0,0,1,0.002,1,0.003,1,0.003,1,0.003,1,0.002,0,0,1,0.002,0,0,3,0.006,5,0.01,1,0.002,2,0.005,0,0
Region 32,Region 71,1,0.004,1,0.006,0,0,0,0,0,0,0,0,0,0,1,0.012,2,0.012,21,0.055,7,0.014,3,0.007,3,0.008,4,0.011,3,0.008,5,0.012,4,0.01,7,0.015,9,0.017,5,0.01,14,0.028,6,0.013,5,0.013,3,0.009
Region 32,Region 72,0,0,0,0,0,0,0,0,0,0,0,0,0,0,0,0,0,0,0,0,0,0,0,0,0,0,0,0,0,0,0,0,0,0,0,0,0,0,0,0,0,0,0,0,0,0,0,0
Region 32,Region 73,0,0,0,0,0,0,0,0,0,0,0,0,0,0,0,0,0,0,1,0.003,1,0.002,0,0,0,0,0,0,0,0,0,0,1,0.002,0,0,0,0,0,0,0,0,0,0,0,0,0,0
Region 32,Region 74,0,0,0,0,0,0,0,0,0,0,0,0,0,0,0,0,0,0,1,0.003,1,0.002,0,0,0,0,0,0,0,0,0,0,0,0,0,0,0,0,0,0,0,0,1,0.002,0,0,0,0
Region 32,Region 75,3,0.011,2,0.012,0,0,0,0,0,0,0,0,0,0,1,0.012,0,0,0,0,2,0.004,5,0.011,3,0.008,2,0.005,5,0.013,4,0.01,1,0.002,1,0.002,1,0.002,1,0.002,2,0.004,2,0.004,6,0.016,1,0.003
Region 33,Region 0,1,0.004,0,0,0,0,0,0,0,0,0,0,0,0,0,0,0,0,0,0,0,0,0,0,0,0,0,0,0,0,0,0,0,0,0,0,0,0,0,0,1,0.002,0,0,0,0,0,0
Region 33,Region 1,0,0,0,0,0,0,0,0,0,0,0,0,0,0,0,0,0,0,0,0,0,0,0,0,0,0,0,0,0,0,0,0,0,0,0,0,0,0,0,0,0,0,0,0,0,0,0,0
Region 33,Region 2,0,0,0,0,0,0,1,0.012,0,0,0,0,0,0,0,0,0,0,0,0,2,0.004,2,0.004,0,0,0,0,1,0.003,1,0.002,0,0,0,0,0,0,0,0,0,0,0,0,0,0,0,0
Region 33,Region 3,0,0,0,0,0,0,0,0,0,0,0,0,0,0,0,0,1,0.006,0,0,0,0,0,0,0,0,0,0,0,0,1,0.002,1,0.002,0,0,0,0,0,0,0,0,0,0,0,0,0,0
Region 33,Region 4,2,0.007,0,0,2,0.016,0,0,0,0,0,0,0,0,0,0,2,0.012,1,0.003,6,0.012,1,0.002,4,0.01,3,0.008,4,0.01,0,0,52,0.126,8,0.017,8,0.015,3,0.006,4,0.008,6,0.013,5,0.013,4,0.013
Region 33,Region 5,0,0,0,0,0,0,0,0,0,0,0,0,0,0,0,0,0,0,0,0,0,0,0,0,0,0,0,0,0,0,0,0,0,0,0,0,0,0,0,0,0,0,0,0,0,0,0,0
Region 33,Region 6,0,0,0,0,0,0,0,0,0,0,0,0,0,0,0,0,0,0,0,0,0,0,0,0,0,0,0,0,0,0,0,0,0,0,0,0,0,0,0,0,0,0,0,0,0,0,0,0
Region 33,Region 7,0,0,0,0,0,0,0,0,0,0,0,0,0,0,0,0,1,0.006,1,0.003,2,0.004,2,0.004,0,0,0,0,0,0,0,0,0,0,0,0,1,0.002,0,0,1,0.002,0,0,0,0,0,0
Region 33,Region 8,0,0,0,0,0,0,0,0,0,0,0,0,0,0,0,0,0,0,1,0.003,0,0,0,0,0,0,0,0,0,0,0,0,1,0.002,0,0,0,0,0,0,0,0,0,0,0,0,0,0
Region 33,Region 9,0,0,0,0,0,0,0,0,0,0,0,0,0,0,0,0,0,0,0,0,0,0,0,0,0,0,0,0,0,0,0,0,0,0,0,0,0,0,0,0,0,0,0,0,0,0,0,0
Region 33,Region 10,0,0,0,0,0,0,0,0,0,0,0,0,0,0,0,0,0,0,1,0.003,1,0.002,0,0,0,0,0,0,1,0.003,1,0.002,0,0,0,0,1,0.002,0,0,0,0,0,0,0,0,0,0
Region 33,Region 11,0,0,0,0,0,0,0,0,0,0,0,0,0,0,0,0,0,0,0,0,0,0,0,0,0,0,0,0,0,0,0,0,0,0,0,0,0,0,0,0,0,0,0,0,0,0,0,0
Region 33,Region 12,0,0,0,0,0,0,0,0,0,0,0,0,1,0.021,0,0,0,0,5,0.013,3,0.006,9,0.02,5,0.013,0,0,2,0.005,2,0.005,0,0,0,0,0,0,1,0.002,0,0,2,0.004,2,0.005,1,0.003
Region 33,Region 13,3,0.011,1,0.006,0,0,0,0,0,0,0,0,0,0,0,0,0,0,2,0.005,6,0.012,5,0.011,5,0.013,4,0.011,4,0.01,5,0.012,4,0.01,8,0.017,11,0.021,1,0.002,3,0.006,0,0,2,0.005,2,0.006
Region 33,Region 14,2,0.007,0,0,1,0.008,2,0.025,0,0,3,0.068,2,0.042,1,0.012,6,0.036,3,0.008,1,0.002,13,0.028,1,0.003,0,0,3,0.008,3,0.007,1,0.002,1,0.002,3,0.006,1,0.002,2,0.004,5,0.011,0,0,0,0
Region 33,Region 15,0,0,0,0,0,0,0,0,0,0,0,0,0,0,0,0,0,0,0,0,0,0,0,0,0,0,0,0,0,0,0,0,0,0,0,0,0,0,0,0,0,0,0,0,0,0,0,0
Region 33,Region 16,0,0,0,0,0,0,0,0,0,0,0,0,0,0,0,0,0,0,0,0,0,0,0,0,0,0,0,0,0,0,0,0,0,0,0,0,0,0,0,0,0,0,0,0,0,0,0,0
Region 33,Region 17,3,0.011,1,0.006,0,0,1,0.012,1,0.018,0,0,0,0,3,0.037,4,0.024,14,0.037,12,0.024,9,0.02,4,0.01,5,0.013,11,0.028,5,0.012,17,0.041,37,0.077,16,0.03,22,0.046,11,0.022,11,0.024,5,0.013,10,0.031
Region 33,Region 18,0,0,0,0,0,0,0,0,0,0,0,0,0,0,0,0,0,0,1,0.003,1,0.002,1,0.002,1,0.003,0,0,0,0,0,0,2,0.005,0,0,1,0.002,0,0,2,0.004,0,0,0,0,0,0
Region 33,Region 19,1,0.004,0,0,0,0,0,0,0,0,0,0,0,0,0,0,0,0,0,0,0,0,0,0,0,0,0,0,0,0,1,0.002,0,0,0,0,0,0,0,0,0,0,0,0,0,0,0,0
Region 33,Region 20,0,0,0,0,0,0,0,0,0,0,0,0,0,0,0,0,0,0,0,0,1,0.002,2,0.004,0,0,0,0,0,0,0,0,0,0,0,0,0,0,0,0,0,0,0,0,0,0,0,0
Region 33,Region 21,0,0,0,0,0,0,0,0,0,0,0,0,0,0,0,0,0,0,0,0,1,0.002,1,0.002,1,0.003,0,0,1,0.003,1,0.002,0,0,1,0.002,1,0.002,1,0.002,0,0,0,0,0,0,0,0
Region 33,Region 22,0,0,0,0,0,0,0,0,0,0,0,0,0,0,0,0,0,0,0,0,0,0,2,0.004,1,0.003,0,0,0,0,0,0,1,0.002,0,0,0,0,0,0,0,0,1,0.002,0,0,1,0.003
Region 33,Region 23,0,0,0,0,1,0.008,0,0,0,0,0,0,0,0,0,0,0,0,0,0,3,0.006,1,0.002,1,0.003,1,0.003,2,0.005,1,0.002,13,0.031,2,0.004,2,0.004,0,0,2,0.004,0,0,0,0,0,0
Region 33,Region 24,0,0,0,0,0,0,0,0,0,0,0,0,0,0,0,0,0,0,0,0,0,0,2,0.004,0,0,1,0.003,0,0,0,0,0,0,0,0,0,0,0,0,0,0,0,0,0,0,0,0
Region 33,Region 25,1,0.004,1,0.006,0,0,0,0,0,0,1,0.023,0,0,1,0.012,2,0.012,10,0.026,3,0.006,1,0.002,1,0.003,1,0.003,3,0.008,3,0.007,5,0.012,17,0.035,5,0.01,3,0.006,8,0.016,8,0.017,1,0.003,2,0.006
Region 33,Region 26,0,0,0,0,0,0,0,0,0,0,0,0,0,0,0,0,0,0,0,0,0,0,1,0.002,0,0,0,0,0,0,0,0,0,0,0,0,0,0,0,0,0,0,0,0,0,0,0,0
Region 33,Region 27,0,0,0,0,0,0,0,0,0,0,0,0,0,0,0,0,0,0,0,0,0,0,1,0.002,0,0,0,0,0,0,0,0,0,0,1,0.002,0,0,0,0,1,0.002,0,0,0,0,0,0
Region 33,Region 28,0,0,0,0,0,0,0,0,0,0,0,0,0,0,0,0,1,0.006,0,0,0,0,0,0,0,0,0,0,0,0,0,0,2,0.005,0,0,0,0,0,0,0,0,1,0.002,0,0,1,0.003
Region 33,Region 29,1,0.004,0,0,0,0,1,0.012,0,0,0,0,1,0.021,0,0,2,0.012,2,0.005,1,0.002,0,0,0,0,2,0.005,0,0,0,0,1,0.002,0,0,1,0.002,1,0.002,0,0,0,0,0,0,0,0
Region 33,Region 30,0,0,0,0,0,0,0,0,0,0,0,0,0,0,0,0,0,0,0,0,0,0,0,0,0,0,0,0,1,0.003,0,0,0,0,1,0.002,0,0,0,0,0,0,2,0.004,1,0.003,0,0
Region 33,Region 31,0,0,0,0,0,0,0,0,0,0,0,0,0,0,0,0,0,0,1,0.003,1,0.002,0,0,1,0.003,0,0,1,0.003,0,0,0,0,0,0,0,0,0,0,0,0,0,0,1,0.003,0,0
Region 33,Region 32,1,0.004,0,0,0,0,0,0,0,0,0,0,0,0,0,0,0,0,0,0,2,0.004,1,0.002,0,0,1,0.003,1,0.003,0,0,5,0.012,2,0.004,2,0.004,1,0.002,3,0.006,0,0,0,0,1,0.003
Region 33,Region 33,9,0.032,2,0.012,1,0.008,2,0.025,0,0,1,0.023,1,0.021,0,0,3,0.018,29,0.077,27,0.055,16,0.035,8,0.021,2,0.005,9,0.023,8,0.02,18,0.043,12,0.025,16,0.03,17,0.035,18,0.036,16,0.035,9,0.024,10,0.031
Region 33,Region 34,0,0,0,0,0,0,0,0,0,0,0,0,0,0,0,0,0,0,0,0,0,0,0,0,0,0,0,0,0,0,0,0,0,0,0,0,0,0,0,0,0,0,0,0,0,0,0,0
Region 33,Region 35,0,0,0,0,0,0,0,0,0,0,0,0,0,0,0,0,0,0,0,0,0,0,0,0,0,0,0,0,0,0,0,0,0,0,0,0,0,0,0,0,0,0,0,0,0,0,0,0
Region 33,Region 36,0,0,0,0,0,0,0,0,0,0,0,0,0,0,0,0,0,0,1,0.003,0,0,0,0,1,0.003,0,0,1,0.003,1,0.002,0,0,1,0.002,1,0.002,0,0,0,0,0,0,0,0,3,0.009
Region 33,Region 37,0,0,0,0,0,0,0,0,0,0,0,0,0,0,0,0,1,0.006,1,0.003,1,0.002,0,0,0,0,1,0.003,1,0.003,0,0,0,0,1,0.002,0,0,0,0,0,0,0,0,0,0,1,0.003
Region 33,Region 38,0,0,0,0,0,0,0,0,0,0,0,0,0,0,0,0,0,0,0,0,0,0,0,0,1,0.003,0,0,0,0,0,0,0,0,0,0,0,0,0,0,1,0.002,0,0,0,0,0,0
Region 33,Region 39,0,0,0,0,0,0,0,0,0,0,0,0,0,0,0,0,0,0,0,0,0,0,0,0,0,0,0,0,0,0,0,0,0,0,0,0,0,0,0,0,0,0,0,0,0,0,0,0
Region 33,Region 40,0,0,0,0,1,0.008,0,0,0,0,0,0,0,0,0,0,0,0,0,0,0,0,0,0,0,0,0,0,0,0,0,0,0,0,0,0,0,0,0,0,0,0,0,0,0,0,0,0
Region 33,Region 41,0,0,0,0,0,0,0,0,0,0,0,0,0,0,0,0,2,0.012,4,0.011,4,0.008,2,0.004,0,0,0,0,0,0,0,0,0,0,0,0,0,0,0,0,1,0.002,0,0,0,0,0,0
Region 33,Region 42,0,0,0,0,0,0,0,0,0,0,0,0,0,0,0,0,0,0,0,0,0,0,0,0,0,0,0,0,0,0,0,0,0,0,0,0,0,0,0,0,0,0,0,0,0,0,0,0
Region 33,Region 43,0,0,0,0,0,0,0,0,0,0,0,0,0,0,0,0,0,0,0,0,1,0.002,0,0,0,0,0,0,0,0,0,0,0,0,0,0,0,0,1,0.002,0,0,0,0,0,0,0,0
Region 33,Region 44,0,0,0,0,0,0,0,0,0,0,0,0,0,0,0,0,0,0,0,0,0,0,0,0,0,0,0,0,0,0,0,0,0,0,0,0,0,0,0,0,0,0,0,0,0,0,0,0
Region 33,Region 45,0,0,0,0,0,0,0,0,0,0,0,0,0,0,0,0,1,0.006,1,0.003,0,0,0,0,1,0.003,0,0,0,0,1,0.002,0,0,0,0,0,0,0,0,0,0,0,0,0,0,0,0
Region 33,Region 46,1,0.004,0,0,0,0,1,0.012,0,0,0,0,0,0,0,0,0,0,13,0.034,8,0.016,8,0.017,8,0.021,8,0.021,7,0.018,11,0.027,11,0.027,5,0.01,10,0.019,5,0.01,4,0.008,6,0.013,13,0.034,3,0.009
Region 33,Region 47,0,0,1,0.006,0,0,0,0,0,0,1,0.023,0,0,3,0.037,3,0.018,20,0.053,20,0.04,12,0.026,7,0.018,2,0.005,2,0.005,1,0.002,2,0.005,3,0.006,11,0.021,3,0.006,4,0.008,2,0.004,2,0.005,1,0.003
Region 33,Region 48,0,0,0,0,0,0,0,0,0,0,0,0,0,0,1,0.012,2,0.012,3,0.008,5,0.01,3,0.007,1,0.003,1,0.003,0,0,0,0,0,0,0,0,1,0.002,0,0,3,0.006,1,0.002,0,0,1,0.003
Region 33,Region 49,0,0,0,0,0,0,0,0,0,0,0,0,0,0,1,0.012,0,0,0,0,2,0.004,0,0,0,0,0,0,0,0,0,0,0,0,0,0,0,0,0,0,0,0,0,0,0,0,0,0
Region 33,Region 50,1,0.004,0,0,0,0,0,0,1,0.018,1,0.023,0,0,1,0.012,0,0,4,0.011,1,0.002,1,0.002,1,0.003,1,0.003,0,0,0,0,2,0.005,3,0.006,1,0.002,1,0.002,0,0,0,0,0,0,0,0
Region 33,Region 51,0,0,0,0,0,0,0,0,0,0,0,0,0,0,0,0,1,0.006,0,0,1,0.002,0,0,0,0,0,0,0,0,0,0,0,0,0,0,0,0,0,0,0,0,0,0,0,0,0,0
Region 33,Region 52,0,0,0,0,0,0,0,0,0,0,0,0,1,0.021,0,0,0,0,2,0.005,0,0,1,0.002,0,0,0,0,1,0.003,1,0.002,1,0.002,2,0.004,1,0.002,0,0,2,0.004,2,0.004,0,0,1,0.003
Region 33,Region 53,1,0.004,0,0,0,0,0,0,0,0,0,0,0,0,0,0,0,0,0,0,2,0.004,0,0,0,0,1,0.003,0,0,0,0,0,0,1,0.002,3,0.006,0,0,0,0,0,0,0,0,0,0
Region 33,Region 54,0,0,0,0,0,0,0,0,0,0,0,0,0,0,0,0,0,0,1,0.003,0,0,1,0.002,0,0,0,0,0,0,0,0,0,0,1,0.002,0,0,0,0,0,0,0,0,0,0,1,0.003
Region 33,Region 55,0,0,0,0,0,0,0,0,0,0,0,0,0,0,0,0,3,0.018,1,0.003,1,0.002,5,0.011,2,0.005,1,0.003,1,0.003,4,0.01,21,0.051,3,0.006,2,0.004,4,0.008,5,0.01,2,0.004,1,0.003,0,0
Region 33,Region 56,0,0,0,0,0,0,0,0,0,0,0,0,0,0,0,0,0,0,0,0,0,0,1,0.002,0,0,1,0.003,0,0,0,0,0,0,1,0.002,0,0,0,0,0,0,0,0,0,0,0,0
Region 33,Region 57,0,0,1,0.006,0,0,0,0,0,0,0,0,0,0,0,0,0,0,1,0.003,5,0.01,2,0.004,2,0.005,2,0.005,1,0.003,3,0.007,3,0.007,5,0.01,8,0.015,1,0.002,4,0.008,4,0.009,2,0.005,1,0.003
Region 33,Region 58,0,0,0,0,0,0,0,0,0,0,0,0,0,0,0,0,0,0,0,0,0,0,0,0,0,0,0,0,0,0,0,0,0,0,0,0,0,0,0,0,0,0,0,0,0,0,0,0
Region 33,Region 59,0,0,0,0,0,0,0,0,0,0,0,0,0,0,0,0,0,0,0,0,0,0,0,0,0,0,0,0,0,0,0,0,0,0,0,0,0,0,0,0,0,0,0,0,0,0,0,0
Region 33,Region 60,0,0,0,0,0,0,0,0,0,0,0,0,0,0,0,0,2,0.012,4,0.011,2,0.004,1,0.002,0,0,0,0,1,0.003,0,0,0,0,0,0,0,0,0,0,0,0,0,0,0,0,0,0
Region 33,Region 61,0,0,0,0,0,0,0,0,0,0,0,0,0,0,0,0,0,0,2,0.005,0,0,0,0,0,0,0,0,0,0,0,0,0,0,0,0,0,0,0,0,0,0,0,0,0,0,0,0
Region 33,Region 62,2,0.007,2,0.012,1,0.008,1,0.012,0,0,1,0.023,2,0.042,7,0.086,6,0.036,15,0.04,14,0.028,11,0.024,15,0.039,10,0.026,8,0.02,6,0.015,13,0.031,23,0.048,9,0.017,11,0.023,4,0.008,10,0.022,5,0.013,4,0.013
Region 33,Region 63,0,0,0,0,0,0,0,0,0,0,0,0,0,0,0,0,0,0,0,0,0,0,0,0,0,0,0,0,0,0,0,0,0,0,0,0,0,0,0,0,0,0,0,0,0,0,0,0
Region 33,Region 64,0,0,0,0,0,0,0,0,0,0,0,0,0,0,0,0,1,0.006,2,0.005,1,0.002,0,0,0,0,0,0,0,0,0,0,0,0,0,0,0,0,0,0,0,0,0,0,0,0,0,0
Region 33,Region 65,0,0,0,0,1,0.008,0,0,0,0,0,0,0,0,0,0,0,0,1,0.003,2,0.004,1,0.002,0,0,2,0.005,0,0,2,0.005,0,0,3,0.006,1,0.002,0,0,1,0.002,0,0,0,0,1,0.003
Region 33,Region 66,3,0.011,0,0,1,0.008,0,0,0,0,0,0,0,0,1,0.012,2,0.012,4,0.011,1,0.002,1,0.002,8,0.021,5,0.013,3,0.008,2,0.005,12,0.029,7,0.015,4,0.008,0,0,4,0.008,5,0.011,5,0.013,1,0.003
Region 33,Region 67,0,0,0,0,0,0,0,0,0,0,0,0,0,0,1,0.012,1,0.006,3,0.008,2,0.004,1,0.002,1,0.003,2,0.005,0,0,2,0.005,1,0.002,0,0,0,0,0,0,1,0.002,2,0.004,0,0,0,0
Region 33,Region 68,0,0,0,0,1,0.008,0,0,0,0,0,0,0,0,0,0,0,0,2,0.005,5,0.01,2,0.004,0,0,4,0.011,2,0.005,0,0,0,0,1,0.002,0,0,0,0,0,0,3,0.007,0,0,0,0
Region 33,Region 69,0,0,0,0,0,0,0,0,0,0,0,0,0,0,0,0,0,0,0,0,6,0.012,2,0.004,0,0,0,0,1,0.003,3,0.007,0,0,2,0.004,0,0,1,0.002,0,0,0,0,0,0,0,0
Region 33,Region 70,1,0.004,0,0,0,0,0,0,0,0,0,0,0,0,0,0,0,0,1,0.003,0,0,2,0.004,1,0.003,1,0.003,0,0,0,0,0,0,0,0,0,0,0,0,1,0.002,0,0,0,0,0,0
Region 33,Region 71,8,0.028,1,0.006,0,0,0,0,0,0,1,0.023,0,0,1,0.012,6,0.036,18,0.048,25,0.051,12,0.026,9,0.023,11,0.029,4,0.01,7,0.017,34,0.082,19,0.039,11,0.021,6,0.012,9,0.018,14,0.03,7,0.018,5,0.016
Region 33,Region 72,0,0,0,0,0,0,0,0,0,0,0,0,0,0,0,0,0,0,0,0,0,0,0,0,0,0,0,0,0,0,0,0,0,0,0,0,0,0,0,0,0,0,0,0,0,0,0,0
Region 33,Region 73,0,0,0,0,0,0,0,0,0,0,0,0,0,0,0,0,0,0,0,0,0,0,0,0,0,0,0,0,0,0,0,0,0,0,0,0,0,0,0,0,0,0,0,0,0,0,0,0
Region 33,Region 74,0,0,0,0,0,0,0,0,0,0,0,0,0,0,0,0,0,0,0,0,0,0,0,0,0,0,0,0,0,0,0,0,0,0,0,0,0,0,0,0,0,0,0,0,0,0,0,0
Region 33,Region 75,2,0.007,0,0,0,0,0,0,0,0,0,0,0,0,0,0,0,0,1,0.003,2,0.004,0,0,0,0,0,0,1,0.003,0,0,8,0.019,1,0.002,1,0.002,2,0.004,1,0.002,0,0,0,0,1,0.003
Region 34,Region 0,0,0,0,0,0,0,0,0,0,0,0,0,0,0,0,0,0,0,0,0,0,0,0,0,0,0,0,0,0,0,0,0,0,0,0,0,0,0,0,0,0,0,0,0,0,0,0,0
Region 34,Region 1,0,0,0,0,0,0,0,0,0,0,0,0,0,0,0,0,0,0,0,0,0,0,0,0,0,0,0,0,0,0,0,0,0,0,0,0,0,0,0,0,0,0,0,0,0,0,0,0
Region 34,Region 2,0,0,0,0,0,0,0,0,0,0,0,0,0,0,0,0,0,0,0,0,0,0,0,0,0,0,0,0,0,0,0,0,0,0,0,0,0,0,0,0,0,0,0,0,0,0,0,0
Region 34,Region 3,0,0,0,0,0,0,0,0,0,0,0,0,0,0,0,0,0,0,0,0,0,0,0,0,0,0,0,0,0,0,0,0,0,0,0,0,0,0,0,0,0,0,0,0,0,0,0,0
Region 34,Region 4,0,0,0,0,0,0,0,0,0,0,0,0,0,0,0,0,0,0,0,0,0,0,0,0,0,0,0,0,0,0,0,0,0,0,0,0,0,0,0,0,0,0,0,0,0,0,0,0
Region 34,Region 5,0,0,0,0,0,0,0,0,0,0,0,0,0,0,0,0,0,0,0,0,0,0,0,0,0,0,0,0,0,0,0,0,0,0,0,0,0,0,0,0,0,0,0,0,0,0,0,0
Region 34,Region 6,0,0,0,0,0,0,0,0,0,0,0,0,0,0,0,0,0,0,0,0,0,0,0,0,0,0,0,0,0,0,0,0,0,0,0,0,0,0,0,0,0,0,0,0,0,0,0,0
Region 34,Region 7,0,0,0,0,0,0,0,0,0,0,0,0,0,0,0,0,0,0,0,0,0,0,0,0,0,0,0,0,0,0,0,0,0,0,0,0,0,0,0,0,0,0,0,0,0,0,0,0
Region 34,Region 8,0,0,0,0,0,0,0,0,0,0,0,0,0,0,0,0,0,0,0,0,0,0,0,0,0,0,0,0,0,0,0,0,0,0,0,0,0,0,0,0,0,0,0,0,0,0,0,0
Region 34,Region 9,0,0,0,0,0,0,0,0,0,0,0,0,0,0,0,0,0,0,0,0,0,0,0,0,0,0,0,0,0,0,0,0,0,0,0,0,0,0,0,0,0,0,0,0,0,0,0,0
Region 34,Region 10,0,0,0,0,0,0,0,0,0,0,0,0,0,0,0,0,0,0,0,0,0,0,0,0,0,0,0,0,0,0,0,0,0,0,0,0,0,0,0,0,0,0,0,0,0,0,0,0
Region 34,Region 11,0,0,0,0,0,0,0,0,0,0,0,0,0,0,0,0,0,0,0,0,0,0,0,0,0,0,0,0,0,0,0,0,0,0,0,0,0,0,0,0,0,0,0,0,0,0,0,0
Region 34,Region 12,0,0,0,0,0,0,0,0,0,0,0,0,0,0,0,0,0,0,0,0,0,0,0,0,0,0,0,0,0,0,0,0,0,0,0,0,0,0,0,0,0,0,0,0,0,0,0,0
Region 34,Region 13,0,0,0,0,0,0,0,0,0,0,0,0,0,0,0,0,0,0,0,0,0,0,0,0,1,0.003,0,0,0,0,0,0,0,0,0,0,0,0,0,0,0,0,0,0,0,0,0,0
Region 34,Region 14,0,0,0,0,0,0,0,0,0,0,0,0,0,0,0,0,0,0,0,0,0,0,0,0,0,0,0,0,0,0,0,0,0,0,0,0,0,0,0,0,0,0,0,0,0,0,0,0
Region 34,Region 15,0,0,0,0,0,0,0,0,0,0,0,0,0,0,0,0,0,0,0,0,0,0,0,0,0,0,0,0,0,0,0,0,0,0,0,0,0,0,0,0,0,0,0,0,0,0,0,0
Region 34,Region 16,0,0,0,0,0,0,0,0,0,0,0,0,0,0,0,0,0,0,0,0,0,0,0,0,0,0,0,0,0,0,0,0,0,0,0,0,0,0,0,0,0,0,0,0,0,0,0,0
Region 34,Region 17,0,0,0,0,0,0,0,0,0,0,0,0,0,0,0,0,0,0,0,0,0,0,0,0,0,0,0,0,0,0,0,0,0,0,0,0,0,0,0,0,0,0,0,0,0,0,0,0
Region 34,Region 18,0,0,0,0,0,0,0,0,0,0,0,0,0,0,0,0,0,0,0,0,0,0,0,0,0,0,0,0,0,0,0,0,0,0,0,0,0,0,0,0,0,0,0,0,0,0,0,0
Region 34,Region 19,0,0,0,0,0,0,0,0,0,0,0,0,0,0,0,0,0,0,0,0,0,0,0,0,0,0,0,0,0,0,0,0,0,0,0,0,0,0,0,0,0,0,0,0,0,0,0,0
Region 34,Region 20,0,0,0,0,0,0,0,0,0,0,0,0,0,0,0,0,0,0,0,0,0,0,0,0,0,0,0,0,0,0,0,0,0,0,0,0,0,0,0,0,0,0,0,0,0,0,0,0
Region 34,Region 21,0,0,0,0,0,0,0,0,0,0,0,0,0,0,0,0,0,0,0,0,0,0,0,0,0,0,0,0,0,0,0,0,0,0,0,0,0,0,0,0,0,0,0,0,0,0,0,0
Region 34,Region 22,0,0,0,0,0,0,0,0,0,0,0,0,0,0,0,0,0,0,0,0,0,0,0,0,0,0,0,0,0,0,0,0,0,0,0,0,0,0,0,0,0,0,0,0,0,0,0,0
Region 34,Region 23,0,0,0,0,0,0,0,0,0,0,0,0,0,0,0,0,0,0,0,0,0,0,0,0,0,0,0,0,0,0,0,0,0,0,0,0,0,0,0,0,0,0,0,0,0,0,0,0
Region 34,Region 24,0,0,0,0,0,0,0,0,0,0,0,0,0,0,0,0,0,0,0,0,0,0,0,0,0,0,0,0,0,0,0,0,0,0,0,0,0,0,0,0,0,0,0,0,0,0,0,0
Region 34,Region 25,0,0,0,0,0,0,0,0,0,0,0,0,0,0,0,0,0,0,0,0,0,0,0,0,0,0,0,0,0,0,0,0,0,0,0,0,0,0,0,0,0,0,0,0,0,0,0,0
Region 34,Region 26,0,0,0,0,0,0,0,0,0,0,0,0,0,0,0,0,0,0,0,0,0,0,0,0,0,0,0,0,0,0,0,0,0,0,0,0,0,0,0,0,0,0,0,0,0,0,0,0
Region 34,Region 27,0,0,0,0,0,0,0,0,0,0,0,0,0,0,0,0,0,0,0,0,0,0,0,0,0,0,0,0,0,0,0,0,0,0,0,0,0,0,0,0,0,0,0,0,0,0,0,0
Region 34,Region 28,0,0,0,0,0,0,0,0,0,0,0,0,0,0,0,0,0,0,0,0,0,0,0,0,0,0,0,0,0,0,0,0,0,0,0,0,0,0,0,0,0,0,0,0,0,0,0,0
Region 34,Region 29,0,0,0,0,0,0,0,0,0,0,0,0,0,0,0,0,0,0,0,0,0,0,0,0,0,0,0,0,0,0,0,0,0,0,0,0,0,0,0,0,0,0,0,0,0,0,0,0
Region 34,Region 30,0,0,0,0,0,0,0,0,0,0,0,0,0,0,0,0,0,0,0,0,0,0,0,0,0,0,0,0,0,0,0,0,0,0,0,0,0,0,0,0,0,0,0,0,0,0,0,0
Region 34,Region 31,0,0,0,0,0,0,0,0,0,0,0,0,0,0,0,0,0,0,0,0,0,0,0,0,0,0,0,0,0,0,0,0,0,0,0,0,0,0,0,0,0,0,0,0,0,0,0,0
Region 34,Region 32,0,0,0,0,0,0,0,0,0,0,0,0,0,0,0,0,0,0,0,0,0,0,0,0,0,0,0,0,0,0,0,0,0,0,0,0,0,0,0,0,0,0,0,0,0,0,0,0
Region 34,Region 33,0,0,0,0,0,0,0,0,0,0,0,0,0,0,0,0,0,0,0,0,0,0,0,0,0,0,0,0,0,0,0,0,0,0,0,0,0,0,0,0,0,0,0,0,0,0,0,0
Region 34,Region 34,0,0,0,0,0,0,0,0,0,0,0,0,0,0,0,0,0,0,0,0,0,0,0,0,0,0,0,0,0,0,0,0,0,0,0,0,0,0,0,0,0,0,0,0,0,0,0,0
Region 34,Region 35,0,0,0,0,0,0,0,0,0,0,0,0,0,0,0,0,0,0,0,0,0,0,0,0,0,0,0,0,0,0,0,0,0,0,0,0,0,0,0,0,0,0,0,0,0,0,0,0
Region 34,Region 36,0,0,0,0,0,0,0,0,0,0,0,0,0,0,0,0,0,0,0,0,0,0,0,0,0,0,0,0,0,0,0,0,0,0,0,0,0,0,0,0,0,0,0,0,0,0,0,0
Region 34,Region 37,0,0,0,0,0,0,0,0,0,0,0,0,0,0,0,0,0,0,0,0,0,0,0,0,0,0,0,0,0,0,0,0,0,0,0,0,0,0,0,0,0,0,0,0,0,0,0,0
Region 34,Region 38,0,0,0,0,0,0,0,0,0,0,0,0,0,0,0,0,0,0,0,0,0,0,0,0,0,0,0,0,0,0,0,0,0,0,0,0,0,0,0,0,0,0,0,0,0,0,0,0
Region 34,Region 39,0,0,0,0,0,0,0,0,0,0,0,0,0,0,0,0,0,0,0,0,0,0,0,0,0,0,0,0,0,0,0,0,0,0,0,0,0,0,0,0,0,0,0,0,0,0,0,0
Region 34,Region 40,0,0,0,0,0,0,0,0,0,0,0,0,0,0,0,0,0,0,0,0,0,0,0,0,0,0,0,0,0,0,0,0,0,0,0,0,0,0,0,0,0,0,0,0,0,0,0,0
Region 34,Region 41,0,0,0,0,0,0,0,0,0,0,0,0,0,0,0,0,0,0,0,0,0,0,0,0,0,0,0,0,0,0,0,0,0,0,0,0,0,0,0,0,0,0,0,0,0,0,0,0
Region 34,Region 42,0,0,0,0,0,0,0,0,0,0,0,0,0,0,0,0,0,0,0,0,0,0,0,0,0,0,0,0,0,0,0,0,0,0,0,0,0,0,0,0,0,0,0,0,0,0,0,0
Region 34,Region 43,0,0,0,0,0,0,0,0,0,0,0,0,0,0,0,0,0,0,0,0,0,0,0,0,0,0,0,0,0,0,0,0,0,0,0,0,0,0,0,0,0,0,0,0,0,0,0,0
Region 34,Region 44,0,0,0,0,0,0,0,0,0,0,0,0,0,0,0,0,0,0,0,0,0,0,0,0,0,0,0,0,0,0,0,0,0,0,0,0,0,0,0,0,0,0,0,0,0,0,0,0
Region 34,Region 45,0,0,0,0,0,0,0,0,0,0,0,0,0,0,0,0,0,0,0,0,0,0,0,0,0,0,0,0,0,0,0,0,0,0,0,0,0,0,0,0,0,0,0,0,0,0,0,0
Region 34,Region 46,0,0,0,0,0,0,0,0,0,0,0,0,0,0,0,0,0,0,0,0,0,0,0,0,0,0,0,0,0,0,0,0,0,0,0,0,0,0,0,0,1,0.002,0,0,0,0,0,0
Region 34,Region 47,0,0,0,0,0,0,0,0,0,0,0,0,0,0,0,0,0,0,0,0,0,0,0,0,0,0,0,0,0,0,0,0,0,0,0,0,0,0,0,0,0,0,0,0,0,0,0,0
Region 34,Region 48,0,0,0,0,0,0,0,0,0,0,0,0,0,0,0,0,0,0,0,0,0,0,0,0,0,0,0,0,0,0,0,0,0,0,0,0,0,0,0,0,0,0,0,0,0,0,0,0
Region 34,Region 49,0,0,0,0,0,0,0,0,0,0,0,0,0,0,0,0,0,0,0,0,0,0,0,0,0,0,0,0,0,0,0,0,0,0,0,0,0,0,0,0,0,0,0,0,0,0,0,0
Region 34,Region 50,0,0,0,0,0,0,0,0,0,0,0,0,0,0,0,0,0,0,0,0,0,0,0,0,0,0,0,0,0,0,0,0,0,0,0,0,0,0,0,0,0,0,0,0,0,0,0,0
Region 34,Region 51,0,0,0,0,0,0,0,0,0,0,0,0,0,0,0,0,0,0,0,0,0,0,0,0,0,0,0,0,0,0,0,0,0,0,0,0,0,0,0,0,0,0,0,0,0,0,0,0
Region 34,Region 52,0,0,0,0,0,0,0,0,0,0,0,0,0,0,0,0,0,0,0,0,0,0,0,0,0,0,0,0,0,0,0,0,0,0,0,0,0,0,0,0,0,0,0,0,0,0,0,0
Region 34,Region 53,0,0,0,0,0,0,0,0,0,0,0,0,0,0,0,0,0,0,0,0,0,0,0,0,0,0,0,0,0,0,0,0,0,0,0,0,0,0,0,0,0,0,0,0,0,0,0,0
Region 34,Region 54,0,0,0,0,0,0,0,0,0,0,0,0,0,0,0,0,0,0,0,0,0,0,0,0,0,0,0,0,0,0,0,0,0,0,0,0,0,0,0,0,0,0,0,0,0,0,0,0
Region 34,Region 55,0,0,0,0,0,0,0,0,0,0,0,0,0,0,0,0,0,0,0,0,0,0,0,0,0,0,0,0,0,0,0,0,0,0,0,0,0,0,0,0,0,0,0,0,0,0,0,0
Region 34,Region 56,0,0,0,0,0,0,0,0,0,0,0,0,0,0,0,0,0,0,0,0,0,0,0,0,0,0,0,0,0,0,0,0,0,0,0,0,0,0,0,0,0,0,0,0,0,0,0,0
Region 34,Region 57,0,0,0,0,0,0,0,0,0,0,0,0,0,0,0,0,0,0,0,0,0,0,0,0,0,0,0,0,0,0,0,0,0,0,0,0,0,0,0,0,0,0,0,0,0,0,0,0
Region 34,Region 58,0,0,0,0,0,0,0,0,0,0,0,0,0,0,0,0,0,0,0,0,0,0,0,0,0,0,0,0,0,0,0,0,0,0,0,0,0,0,0,0,0,0,0,0,0,0,0,0
Region 34,Region 59,0,0,0,0,0,0,0,0,0,0,0,0,0,0,0,0,0,0,0,0,0,0,0,0,0,0,0,0,0,0,0,0,0,0,0,0,0,0,0,0,0,0,0,0,0,0,0,0
Region 34,Region 60,0,0,0,0,0,0,0,0,0,0,0,0,0,0,0,0,0,0,0,0,0,0,0,0,0,0,0,0,0,0,0,0,0,0,0,0,0,0,0,0,0,0,0,0,0,0,0,0
Region 34,Region 61,0,0,0,0,0,0,0,0,0,0,0,0,0,0,0,0,0,0,0,0,0,0,0,0,0,0,0,0,0,0,0,0,0,0,0,0,0,0,0,0,0,0,0,0,0,0,0,0
Region 34,Region 62,0,0,0,0,0,0,0,0,0,0,0,0,0,0,0,0,0,0,0,0,0,0,0,0,0,0,0,0,0,0,0,0,0,0,0,0,0,0,0,0,0,0,0,0,0,0,0,0
Region 34,Region 63,0,0,0,0,0,0,0,0,0,0,0,0,0,0,0,0,0,0,0,0,0,0,0,0,0,0,0,0,0,0,0,0,0,0,0,0,0,0,0,0,0,0,0,0,0,0,0,0
Region 34,Region 64,0,0,0,0,0,0,0,0,0,0,0,0,0,0,0,0,0,0,0,0,0,0,0,0,0,0,0,0,0,0,0,0,0,0,0,0,0,0,0,0,0,0,0,0,0,0,0,0
Region 34,Region 65,0,0,0,0,0,0,0,0,0,0,0,0,0,0,0,0,0,0,0,0,0,0,0,0,0,0,0,0,0,0,0,0,0,0,0,0,0,0,0,0,0,0,0,0,0,0,0,0
Region 34,Region 66,0,0,0,0,0,0,0,0,0,0,0,0,0,0,0,0,0,0,0,0,0,0,0,0,0,0,0,0,0,0,0,0,0,0,0,0,0,0,0,0,0,0,0,0,0,0,0,0
Region 34,Region 67,0,0,0,0,0,0,0,0,0,0,0,0,0,0,0,0,0,0,0,0,0,0,0,0,0,0,0,0,0,0,0,0,0,0,0,0,0,0,0,0,0,0,0,0,0,0,0,0
Region 34,Region 68,0,0,0,0,0,0,0,0,0,0,0,0,0,0,0,0,0,0,0,0,0,0,0,0,0,0,0,0,0,0,0,0,0,0,0,0,0,0,0,0,0,0,0,0,0,0,0,0
Region 34,Region 69,0,0,0,0,0,0,0,0,0,0,0,0,0,0,0,0,0,0,0,0,0,0,0,0,0,0,0,0,0,0,0,0,0,0,0,0,0,0,0,0,0,0,0,0,0,0,0,0
Region 34,Region 70,0,0,0,0,0,0,0,0,0,0,0,0,0,0,0,0,0,0,0,0,0,0,0,0,0,0,0,0,0,0,0,0,0,0,0,0,0,0,0,0,0,0,0,0,0,0,0,0
Region 34,Region 71,0,0,0,0,0,0,0,0,0,0,0,0,0,0,0,0,0,0,0,0,0,0,0,0,0,0,0,0,0,0,0,0,0,0,0,0,0,0,0,0,0,0,0,0,0,0,0,0
Region 34,Region 72,0,0,0,0,0,0,0,0,0,0,0,0,0,0,0,0,0,0,0,0,0,0,0,0,0,0,0,0,0,0,0,0,0,0,0,0,0,0,0,0,0,0,0,0,0,0,0,0
Region 34,Region 73,0,0,0,0,0,0,0,0,0,0,0,0,0,0,0,0,0,0,0,0,0,0,0,0,0,0,0,0,0,0,0,0,0,0,0,0,0,0,0,0,0,0,0,0,0,0,0,0
Region 34,Region 74,0,0,0,0,0,0,0,0,0,0,0,0,0,0,0,0,0,0,0,0,0,0,0,0,0,0,0,0,0,0,0,0,0,0,0,0,0,0,0,0,0,0,0,0,0,0,0,0
Region 34,Region 75,0,0,0,0,0,0,0,0,0,0,0,0,0,0,0,0,0,0,0,0,0,0,0,0,0,0,0,0,0,0,0,0,0,0,0,0,0,0,0,0,0,0,0,0,0,0,0,0
Region 35,Region 0,0,0,0,0,0,0,0,0,0,0,0,0,0,0,0,0,0,0,0,0,0,0,0,0,0,0,0,0,0,0,0,0,0,0,0,0,0,0,0,0,0,0,0,0,0,0,0,0
Region 35,Region 1,0,0,0,0,0,0,0,0,0,0,0,0,0,0,0,0,0,0,0,0,0,0,0,0,0,0,0,0,0,0,0,0,0,0,0,0,0,0,0,0,0,0,0,0,0,0,0,0
Region 35,Region 2,0,0,0,0,0,0,0,0,0,0,0,0,0,0,0,0,0,0,0,0,0,0,0,0,0,0,0,0,0,0,0,0,0,0,0,0,0,0,0,0,0,0,0,0,0,0,0,0
Region 35,Region 3,0,0,0,0,0,0,0,0,0,0,0,0,0,0,0,0,0,0,0,0,0,0,0,0,0,0,0,0,0,0,0,0,0,0,0,0,0,0,0,0,0,0,0,0,0,0,0,0
Region 35,Region 4,0,0,0,0,0,0,0,0,0,0,0,0,0,0,0,0,0,0,0,0,0,0,0,0,0,0,0,0,0,0,1,0.002,0,0,0,0,0,0,0,0,0,0,0,0,0,0,0,0
Region 35,Region 5,0,0,0,0,0,0,0,0,0,0,0,0,0,0,0,0,0,0,0,0,0,0,0,0,0,0,0,0,0,0,0,0,0,0,0,0,0,0,0,0,0,0,0,0,0,0,0,0
Region 35,Region 6,0,0,0,0,0,0,0,0,0,0,0,0,0,0,0,0,0,0,0,0,0,0,0,0,0,0,0,0,0,0,0,0,0,0,0,0,0,0,0,0,0,0,0,0,0,0,0,0
Region 35,Region 7,0,0,0,0,0,0,0,0,0,0,0,0,0,0,0,0,0,0,0,0,0,0,0,0,0,0,0,0,0,0,0,0,0,0,0,0,0,0,0,0,0,0,0,0,0,0,0,0
Region 35,Region 8,1,0.004,0,0,0,0,0,0,0,0,0,0,0,0,0,0,0,0,0,0,1,0.002,0,0,2,0.005,2,0.005,1,0.003,0,0,1,0.002,1,0.002,1,0.002,0,0,0,0,0,0,1,0.003,0,0
Region 35,Region 9,0,0,0,0,0,0,0,0,0,0,0,0,0,0,0,0,0,0,0,0,0,0,0,0,0,0,0,0,0,0,0,0,0,0,0,0,0,0,0,0,0,0,0,0,0,0,0,0
Region 35,Region 10,0,0,0,0,0,0,0,0,0,0,0,0,0,0,0,0,0,0,0,0,0,0,0,0,0,0,0,0,0,0,0,0,0,0,0,0,1,0.002,0,0,0,0,0,0,0,0,0,0
Region 35,Region 11,0,0,0,0,0,0,0,0,0,0,0,0,0,0,0,0,0,0,0,0,0,0,0,0,0,0,0,0,0,0,0,0,0,0,0,0,0,0,0,0,0,0,0,0,0,0,0,0
Region 35,Region 12,0,0,0,0,0,0,0,0,0,0,0,0,0,0,0,0,0,0,0,0,0,0,0,0,0,0,0,0,0,0,0,0,0,0,0,0,0,0,0,0,0,0,0,0,0,0,0,0
Region 35,Region 13,0,0,0,0,0,0,0,0,0,0,0,0,0,0,0,0,0,0,0,0,0,0,0,0,0,0,0,0,0,0,0,0,0,0,0,0,0,0,0,0,0,0,0,0,0,0,0,0
Region 35,Region 14,0,0,0,0,0,0,0,0,0,0,0,0,0,0,0,0,0,0,0,0,0,0,0,0,0,0,0,0,0,0,0,0,0,0,0,0,0,0,0,0,0,0,0,0,0,0,0,0
Region 35,Region 15,0,0,0,0,0,0,0,0,0,0,0,0,0,0,0,0,0,0,0,0,0,0,0,0,0,0,0,0,0,0,0,0,0,0,0,0,0,0,0,0,0,0,0,0,0,0,0,0
Region 35,Region 16,0,0,0,0,0,0,0,0,0,0,0,0,0,0,0,0,0,0,0,0,0,0,0,0,0,0,0,0,0,0,0,0,0,0,0,0,0,0,0,0,0,0,0,0,0,0,0,0
Region 35,Region 17,0,0,0,0,0,0,0,0,0,0,0,0,0,0,0,0,0,0,0,0,0,0,0,0,0,0,0,0,0,0,0,0,0,0,0,0,0,0,0,0,0,0,0,0,0,0,0,0
Region 35,Region 18,0,0,0,0,0,0,0,0,0,0,0,0,0,0,0,0,0,0,0,0,0,0,0,0,0,0,0,0,0,0,0,0,0,0,0,0,0,0,0,0,0,0,0,0,0,0,0,0
Region 35,Region 19,0,0,0,0,0,0,0,0,0,0,0,0,0,0,0,0,0,0,0,0,0,0,0,0,0,0,0,0,0,0,0,0,0,0,0,0,0,0,0,0,0,0,0,0,0,0,0,0
Region 35,Region 20,0,0,0,0,0,0,0,0,0,0,0,0,0,0,0,0,0,0,0,0,0,0,0,0,0,0,0,0,0,0,0,0,0,0,0,0,0,0,0,0,0,0,0,0,0,0,0,0
Region 35,Region 21,0,0,0,0,0,0,0,0,0,0,0,0,0,0,0,0,0,0,0,0,0,0,0,0,0,0,0,0,0,0,0,0,0,0,0,0,0,0,0,0,0,0,0,0,0,0,0,0
Region 35,Region 22,0,0,0,0,0,0,0,0,0,0,0,0,0,0,0,0,0,0,0,0,0,0,0,0,0,0,0,0,0,0,0,0,0,0,1,0.002,0,0,0,0,0,0,0,0,0,0,0,0
Region 35,Region 23,0,0,0,0,0,0,0,0,0,0,0,0,0,0,0,0,0,0,0,0,0,0,0,0,0,0,0,0,0,0,0,0,0,0,0,0,0,0,0,0,0,0,0,0,0,0,0,0
Region 35,Region 24,1,0.004,0,0,0,0,0,0,0,0,0,0,0,0,0,0,0,0,0,0,0,0,0,0,0,0,0,0,0,0,0,0,0,0,0,0,0,0,0,0,0,0,0,0,0,0,0,0
Region 35,Region 25,0,0,0,0,0,0,0,0,0,0,0,0,0,0,0,0,0,0,0,0,0,0,0,0,0,0,0,0,0,0,0,0,0,0,0,0,0,0,0,0,0,0,0,0,0,0,0,0
Region 35,Region 26,0,0,1,0.006,0,0,0,0,0,0,0,0,0,0,0,0,0,0,0,0,0,0,0,0,0,0,0,0,0,0,0,0,0,0,0,0,0,0,0,0,0,0,0,0,0,0,0,0
Region 35,Region 27,0,0,0,0,0,0,0,0,0,0,0,0,0,0,0,0,0,0,0,0,0,0,0,0,0,0,0,0,0,0,0,0,0,0,1,0.002,0,0,0,0,0,0,0,0,0,0,0,0
Region 35,Region 28,0,0,0,0,0,0,0,0,0,0,0,0,0,0,0,0,0,0,1,0.003,0,0,0,0,0,0,0,0,0,0,0,0,0,0,0,0,0,0,0,0,0,0,0,0,0,0,0,0
Region 35,Region 29,0,0,0,0,0,0,0,0,0,0,0,0,0,0,0,0,0,0,0,0,0,0,0,0,0,0,0,0,0,0,0,0,0,0,0,0,0,0,0,0,0,0,0,0,0,0,0,0
Region 35,Region 30,0,0,0,0,0,0,0,0,0,0,0,0,0,0,0,0,0,0,0,0,0,0,0,0,0,0,0,0,0,0,0,0,0,0,0,0,0,0,0,0,0,0,0,0,0,0,0,0
Region 35,Region 31,0,0,0,0,0,0,0,0,0,0,0,0,0,0,0,0,0,0,0,0,0,0,0,0,0,0,0,0,0,0,0,0,0,0,0,0,0,0,0,0,0,0,0,0,0,0,0,0
Region 35,Region 32,0,0,0,0,0,0,0,0,0,0,0,0,0,0,1,0.012,0,0,0,0,0,0,0,0,0,0,0,0,0,0,0,0,0,0,0,0,0,0,1,0.002,0,0,0,0,0,0,0,0
Region 35,Region 33,0,0,0,0,0,0,0,0,0,0,0,0,0,0,0,0,0,0,0,0,0,0,0,0,0,0,0,0,0,0,0,0,0,0,0,0,0,0,0,0,0,0,0,0,0,0,0,0
Region 35,Region 34,0,0,0,0,0,0,0,0,0,0,0,0,0,0,0,0,0,0,0,0,0,0,0,0,0,0,0,0,0,0,0,0,0,0,0,0,0,0,0,0,0,0,0,0,0,0,0,0
Region 35,Region 35,0,0,0,0,0,0,1,0.012,0,0,0,0,0,0,0,0,0,0,0,0,0,0,1,0.002,0,0,0,0,1,0.003,0,0,0,0,0,0,0,0,0,0,0,0,1,0.002,0,0,0,0
Region 35,Region 36,0,0,0,0,0,0,0,0,0,0,0,0,0,0,0,0,0,0,0,0,0,0,0,0,0,0,0,0,0,0,0,0,0,0,0,0,0,0,0,0,1,0.002,0,0,0,0,0,0
Region 35,Region 37,0,0,0,0,0,0,0,0,0,0,0,0,0,0,0,0,0,0,0,0,0,0,0,0,0,0,0,0,0,0,0,0,0,0,0,0,0,0,0,0,0,0,0,0,0,0,0,0
Region 35,Region 38,0,0,0,0,0,0,0,0,0,0,0,0,0,0,0,0,0,0,0,0,0,0,0,0,0,0,0,0,0,0,1,0.002,0,0,0,0,0,0,0,0,0,0,0,0,0,0,0,0
Region 35,Region 39,0,0,0,0,0,0,0,0,0,0,0,0,0,0,0,0,0,0,0,0,0,0,0,0,0,0,0,0,0,0,0,0,0,0,0,0,0,0,0,0,0,0,0,0,0,0,0,0
Region 35,Region 40,0,0,0,0,0,0,0,0,0,0,0,0,0,0,0,0,0,0,0,0,0,0,0,0,0,0,0,0,0,0,0,0,0,0,0,0,0,0,0,0,0,0,0,0,0,0,0,0
Region 35,Region 41,0,0,0,0,0,0,0,0,0,0,0,0,0,0,0,0,0,0,0,0,0,0,0,0,0,0,0,0,0,0,0,0,0,0,0,0,0,0,0,0,0,0,0,0,0,0,0,0
Region 35,Region 42,0,0,0,0,0,0,0,0,0,0,0,0,0,0,0,0,0,0,0,0,0,0,0,0,0,0,0,0,0,0,0,0,0,0,0,0,0,0,0,0,0,0,0,0,0,0,0,0
Region 35,Region 43,0,0,0,0,0,0,0,0,0,0,0,0,0,0,0,0,0,0,0,0,0,0,0,0,0,0,0,0,0,0,0,0,0,0,0,0,0,0,0,0,0,0,0,0,0,0,1,0.003
Region 35,Region 44,0,0,0,0,0,0,0,0,0,0,0,0,0,0,0,0,0,0,0,0,0,0,0,0,0,0,0,0,0,0,0,0,0,0,0,0,0,0,0,0,0,0,0,0,0,0,0,0
Region 35,Region 45,0,0,0,0,0,0,0,0,0,0,0,0,0,0,0,0,0,0,0,0,0,0,0,0,0,0,0,0,0,0,0,0,0,0,0,0,0,0,0,0,0,0,0,0,0,0,0,0
Region 35,Region 46,0,0,0,0,0,0,0,0,0,0,0,0,0,0,0,0,0,0,0,0,0,0,0,0,0,0,0,0,0,0,0,0,1,0.002,0,0,0,0,0,0,0,0,0,0,0,0,0,0
Region 35,Region 47,0,0,0,0,0,0,0,0,0,0,0,0,0,0,0,0,0,0,0,0,0,0,0,0,0,0,0,0,0,0,0,0,0,0,0,0,0,0,0,0,1,0.002,0,0,0,0,0,0
Region 35,Region 48,0,0,0,0,0,0,0,0,0,0,0,0,0,0,0,0,0,0,0,0,0,0,0,0,0,0,0,0,0,0,0,0,0,0,0,0,0,0,0,0,0,0,0,0,0,0,0,0
Region 35,Region 49,0,0,0,0,0,0,0,0,0,0,0,0,0,0,0,0,0,0,0,0,0,0,0,0,0,0,0,0,0,0,0,0,0,0,0,0,0,0,0,0,0,0,0,0,0,0,0,0
Region 35,Region 50,0,0,0,0,0,0,0,0,0,0,0,0,0,0,0,0,0,0,0,0,0,0,0,0,0,0,0,0,0,0,0,0,0,0,0,0,0,0,0,0,0,0,0,0,0,0,0,0
Region 35,Region 51,0,0,0,0,0,0,0,0,0,0,0,0,0,0,0,0,0,0,0,0,0,0,0,0,0,0,0,0,0,0,0,0,0,0,0,0,0,0,0,0,0,0,0,0,0,0,0,0
Region 35,Region 52,0,0,0,0,0,0,0,0,0,0,0,0,0,0,0,0,0,0,0,0,0,0,0,0,0,0,0,0,0,0,0,0,0,0,0,0,0,0,1,0.002,0,0,0,0,0,0,0,0
Region 35,Region 53,0,0,0,0,0,0,0,0,0,0,0,0,0,0,0,0,0,0,0,0,0,0,0,0,0,0,0,0,0,0,0,0,0,0,0,0,0,0,0,0,0,0,0,0,0,0,0,0
Region 35,Region 54,0,0,0,0,0,0,0,0,0,0,0,0,0,0,0,0,0,0,0,0,0,0,0,0,0,0,0,0,0,0,0,0,0,0,0,0,0,0,0,0,0,0,0,0,0,0,0,0
Region 35,Region 55,0,0,0,0,0,0,0,0,0,0,0,0,0,0,0,0,0,0,0,0,0,0,0,0,0,0,0,0,0,0,0,0,0,0,0,0,0,0,0,0,0,0,0,0,0,0,0,0
Region 35,Region 56,0,0,0,0,0,0,0,0,0,0,0,0,0,0,0,0,0,0,0,0,0,0,0,0,0,0,0,0,0,0,0,0,0,0,0,0,0,0,0,0,0,0,0,0,0,0,0,0
Region 35,Region 57,0,0,0,0,0,0,0,0,0,0,0,0,0,0,0,0,0,0,0,0,0,0,0,0,0,0,0,0,0,0,0,0,0,0,0,0,0,0,0,0,0,0,0,0,0,0,0,0
Region 35,Region 58,0,0,0,0,0,0,0,0,0,0,0,0,0,0,0,0,0,0,0,0,0,0,0,0,0,0,0,0,0,0,0,0,0,0,0,0,0,0,0,0,0,0,0,0,0,0,0,0
Region 35,Region 59,0,0,0,0,0,0,0,0,0,0,0,0,0,0,0,0,0,0,0,0,0,0,0,0,0,0,0,0,0,0,1,0.002,0,0,0,0,0,0,0,0,0,0,0,0,0,0,0,0
Region 35,Region 60,0,0,0,0,0,0,0,0,0,0,0,0,0,0,0,0,0,0,0,0,0,0,0,0,0,0,0,0,0,0,0,0,0,0,0,0,0,0,0,0,0,0,0,0,0,0,0,0
Region 35,Region 61,0,0,0,0,0,0,0,0,0,0,0,0,0,0,0,0,0,0,0,0,0,0,0,0,0,0,0,0,0,0,0,0,0,0,0,0,0,0,0,0,0,0,0,0,0,0,0,0
Region 35,Region 62,0,0,0,0,0,0,0,0,0,0,0,0,0,0,0,0,0,0,0,0,0,0,0,0,0,0,0,0,0,0,0,0,0,0,0,0,0,0,0,0,0,0,0,0,0,0,0,0
Region 35,Region 63,0,0,0,0,0,0,0,0,0,0,0,0,0,0,0,0,0,0,0,0,0,0,0,0,0,0,0,0,0,0,0,0,0,0,0,0,0,0,0,0,0,0,0,0,0,0,0,0
Region 35,Region 64,0,0,0,0,0,0,0,0,0,0,0,0,0,0,0,0,0,0,0,0,0,0,0,0,0,0,0,0,0,0,0,0,0,0,0,0,0,0,0,0,0,0,0,0,0,0,0,0
Region 35,Region 65,0,0,0,0,0,0,0,0,0,0,0,0,0,0,0,0,0,0,0,0,0,0,0,0,0,0,0,0,0,0,0,0,0,0,0,0,0,0,0,0,0,0,0,0,0,0,0,0
Region 35,Region 66,0,0,0,0,0,0,0,0,0,0,0,0,0,0,0,0,0,0,0,0,0,0,0,0,0,0,0,0,0,0,0,0,0,0,1,0.002,0,0,0,0,0,0,1,0.002,0,0,0,0
Region 35,Region 67,0,0,0,0,0,0,0,0,0,0,0,0,0,0,0,0,0,0,0,0,0,0,0,0,0,0,0,0,2,0.005,0,0,0,0,0,0,0,0,0,0,0,0,0,0,0,0,0,0
Region 35,Region 68,0,0,0,0,0,0,0,0,0,0,0,0,0,0,0,0,0,0,0,0,1,0.002,0,0,0,0,0,0,0,0,0,0,0,0,0,0,0,0,0,0,0,0,0,0,0,0,0,0
Region 35,Region 69,0,0,0,0,0,0,0,0,0,0,0,0,0,0,0,0,0,0,0,0,0,0,0,0,0,0,0,0,0,0,0,0,0,0,0,0,0,0,0,0,0,0,0,0,1,0.003,0,0
Region 35,Region 70,0,0,0,0,0,0,0,0,0,0,0,0,0,0,0,0,0,0,0,0,0,0,0,0,0,0,0,0,0,0,0,0,0,0,0,0,0,0,0,0,0,0,0,0,0,0,0,0
Region 35,Region 71,0,0,0,0,0,0,0,0,0,0,0,0,0,0,0,0,0,0,0,0,0,0,0,0,0,0,0,0,0,0,0,0,0,0,0,0,0,0,0,0,0,0,0,0,0,0,0,0
Region 35,Region 72,0,0,0,0,0,0,0,0,0,0,0,0,0,0,0,0,0,0,0,0,0,0,0,0,0,0,0,0,0,0,0,0,0,0,0,0,0,0,0,0,0,0,0,0,0,0,0,0
Region 35,Region 73,0,0,0,0,0,0,0,0,0,0,0,0,0,0,0,0,0,0,0,0,0,0,0,0,0,0,0,0,0,0,0,0,0,0,0,0,0,0,0,0,0,0,0,0,0,0,0,0
Region 35,Region 74,0,0,0,0,0,0,0,0,0,0,0,0,0,0,0,0,0,0,0,0,0,0,0,0,0,0,0,0,0,0,0,0,0,0,0,0,0,0,0,0,0,0,0,0,0,0,0,0
Region 35,Region 75,0,0,0,0,0,0,0,0,0,0,0,0,0,0,0,0,0,0,0,0,0,0,0,0,0,0,0,0,0,0,0,0,1,0.002,0,0,0,0,0,0,0,0,0,0,0,0,0,0
Region 36,Region 0,0,0,1,0.006,0,0,0,0,0,0,0,0,0,0,0,0,2,0.012,5,0.013,4,0.008,1,0.002,8,0.021,2,0.005,3,0.008,1,0.002,29,0.07,3,0.006,8,0.015,2,0.004,3,0.006,4,0.009,6,0.016,2,0.006
Region 36,Region 1,0,0,0,0,0,0,0,0,0,0,0,0,0,0,0,0,0,0,0,0,1,0.002,0,0,0,0,0,0,0,0,0,0,0,0,0,0,0,0,0,0,0,0,0,0,0,0,0,0
Region 36,Region 2,0,0,0,0,1,0.008,0,0,0,0,0,0,0,0,1,0.012,0,0,8,0.021,6,0.012,6,0.013,9,0.023,2,0.005,0,0,2,0.005,1,0.002,2,0.004,3,0.006,0,0,1,0.002,0,0,0,0,0,0
Region 36,Region 3,0,0,1,0.006,0,0,0,0,0,0,0,0,0,0,0,0,1,0.006,1,0.003,1,0.002,0,0,1,0.003,1,0.003,0,0,0,0,1,0.002,1,0.002,1,0.002,0,0,0,0,0,0,1,0.003,0,0
Region 36,Region 4,3,0.011,2,0.012,1,0.008,0,0,0,0,0,0,0,0,0,0,0,0,1,0.003,5,0.01,2,0.004,5,0.013,3,0.008,4,0.01,2,0.005,8,0.019,4,0.008,6,0.011,11,0.023,9,0.018,5,0.011,8,0.021,5,0.016
Region 36,Region 5,0,0,0,0,0,0,0,0,0,0,0,0,0,0,0,0,0,0,0,0,1,0.002,0,0,1,0.003,0,0,0,0,1,0.002,1,0.002,1,0.002,0,0,0,0,0,0,0,0,0,0,0,0
Region 36,Region 6,0,0,0,0,0,0,0,0,0,0,0,0,0,0,0,0,0,0,0,0,0,0,0,0,0,0,0,0,0,0,0,0,0,0,0,0,0,0,0,0,0,0,0,0,0,0,0,0
Region 36,Region 7,0,0,0,0,2,0.016,0,0,0,0,0,0,0,0,0,0,2,0.012,4,0.011,2,0.004,1,0.002,1,0.003,1,0.003,0,0,0,0,2,0.005,0,0,2,0.004,2,0.004,1,0.002,3,0.007,1,0.003,0,0
Region 36,Region 8,0,0,0,0,0,0,0,0,0,0,0,0,0,0,0,0,0,0,0,0,0,0,0,0,0,0,0,0,0,0,0,0,1,0.002,0,0,0,0,0,0,0,0,0,0,0,0,0,0
Region 36,Region 9,0,0,0,0,0,0,0,0,0,0,0,0,0,0,0,0,0,0,0,0,0,0,0,0,0,0,0,0,0,0,0,0,0,0,0,0,0,0,0,0,0,0,0,0,0,0,0,0
Region 36,Region 10,6,0.021,6,0.035,1,0.008,0,0,0,0,0,0,0,0,0,0,1,0.006,7,0.018,3,0.006,10,0.022,4,0.01,9,0.024,7,0.018,9,0.022,44,0.106,5,0.01,13,0.025,12,0.025,12,0.024,7,0.015,7,0.018,2,0.006
Region 36,Region 11,0,0,0,0,0,0,0,0,0,0,0,0,0,0,0,0,0,0,0,0,0,0,0,0,0,0,0,0,0,0,0,0,0,0,0,0,0,0,0,0,0,0,0,0,0,0,0,0
Region 36,Region 12,0,0,1,0.006,0,0,0,0,0,0,0,0,1,0.021,0,0,3,0.018,6,0.016,3,0.006,6,0.013,2,0.005,1,0.003,0,0,1,0.002,2,0.005,4,0.008,4,0.008,3,0.006,1,0.002,3,0.007,3,0.008,0,0
Region 36,Region 13,2,0.007,1,0.006,0,0,2,0.025,0,0,0,0,0,0,1,0.012,1,0.006,2,0.005,3,0.006,3,0.007,5,0.013,4,0.011,5,0.013,5,0.012,17,0.041,5,0.01,5,0.01,10,0.021,3,0.006,7,0.015,6,0.016,6,0.019
Region 36,Region 14,1,0.004,0,0,2,0.016,0,0,0,0,2,0.045,2,0.042,2,0.025,5,0.03,6,0.016,6,0.012,5,0.011,3,0.008,4,0.011,6,0.015,4,0.01,1,0.002,0,0,3,0.006,2,0.004,0,0,2,0.004,1,0.003,2,0.006
Region 36,Region 15,0,0,0,0,0,0,0,0,0,0,0,0,0,0,0,0,0,0,0,0,0,0,0,0,0,0,0,0,0,0,0,0,0,0,0,0,0,0,0,0,0,0,0,0,0,0,0,0
Region 36,Region 16,0,0,0,0,0,0,0,0,0,0,0,0,0,0,0,0,0,0,0,0,0,0,0,0,0,0,0,0,0,0,0,0,0,0,0,0,0,0,0,0,0,0,0,0,0,0,0,0
Region 36,Region 17,1,0.004,3,0.018,0,0,0,0,0,0,0,0,0,0,0,0,0,0,0,0,1,0.002,0,0,2,0.005,2,0.005,0,0,3,0.007,3,0.007,2,0.004,2,0.004,4,0.008,3,0.006,2,0.004,4,0.011,2,0.006
Region 36,Region 18,0,0,0,0,0,0,1,0.012,0,0,0,0,0,0,0,0,0,0,0,0,2,0.004,0,0,0,0,0,0,0,0,2,0.005,1,0.002,1,0.002,2,0.004,3,0.006,0,0,0,0,1,0.003,0,0
Region 36,Region 19,0,0,0,0,0,0,0,0,1,0.018,0,0,0,0,1,0.012,0,0,1,0.003,1,0.002,1,0.002,0,0,0,0,0,0,0,0,0,0,0,0,0,0,1,0.002,0,0,0,0,0,0,0,0
Region 36,Region 20,0,0,0,0,0,0,0,0,0,0,0,0,0,0,0,0,0,0,6,0.016,1,0.002,1,0.002,0,0,1,0.003,1,0.003,1,0.002,0,0,0,0,1,0.002,0,0,0,0,0,0,0,0,0,0
Region 36,Region 21,0,0,1,0.006,0,0,0,0,0,0,0,0,0,0,0,0,0,0,5,0.013,4,0.008,3,0.007,1,0.003,0,0,1,0.003,2,0.005,1,0.002,0,0,0,0,1,0.002,3,0.006,0,0,1,0.003,0,0
Region 36,Region 22,0,0,1,0.006,0,0,0,0,1,0.018,0,0,0,0,0,0,0,0,1,0.003,5,0.01,1,0.002,0,0,0,0,0,0,0,0,1,0.002,1,0.002,2,0.004,1,0.002,1,0.002,0,0,1,0.003,0,0
Region 36,Region 23,20,0.071,13,0.076,4,0.033,1,0.012,4,0.074,1,0.023,0,0,0,0,4,0.024,10,0.026,12,0.024,17,0.037,16,0.041,19,0.05,23,0.059,19,0.046,46,0.111,30,0.062,30,0.057,33,0.068,45,0.089,47,0.102,22,0.058,18,0.057
Region 36,Region 24,1,0.004,1,0.006,0,0,0,0,0,0,0,0,0,0,1,0.012,0,0,3,0.008,4,0.008,3,0.007,1,0.003,0,0,4,0.01,1,0.002,0,0,4,0.008,5,0.01,4,0.008,1,0.002,2,0.004,2,0.005,2,0.006
Region 36,Region 25,1,0.004,0,0,0,0,0,0,0,0,0,0,0,0,0,0,0,0,0,0,1,0.002,0,0,0,0,1,0.003,1,0.003,0,0,0,0,0,0,3,0.006,0,0,2,0.004,0,0,0,0,0,0
Region 36,Region 26,0,0,0,0,0,0,0,0,0,0,0,0,0,0,0,0,0,0,1,0.003,7,0.014,3,0.007,1,0.003,0,0,0,0,0,0,0,0,0,0,1,0.002,1,0.002,1,0.002,0,0,1,0.003,0,0
Region 36,Region 27,3,0.011,4,0.023,2,0.016,0,0,0,0,1,0.023,1,0.021,0,0,2,0.012,4,0.011,8,0.016,2,0.004,5,0.013,8,0.021,4,0.01,4,0.01,32,0.077,6,0.012,6,0.011,6,0.012,4,0.008,8,0.017,4,0.011,4,0.013
Region 36,Region 28,1,0.004,2,0.012,0,0,0,0,0,0,0,0,0,0,0,0,0,0,7,0.018,8,0.016,8,0.017,4,0.01,4,0.011,12,0.031,3,0.007,15,0.036,5,0.01,11,0.021,7,0.014,5,0.01,3,0.007,3,0.008,2,0.006
Region 36,Region 29,0,0,0,0,0,0,0,0,0,0,0,0,0,0,0,0,2,0.012,15,0.04,3,0.006,5,0.011,2,0.005,0,0,1,0.003,0,0,0,0,1,0.002,0,0,1,0.002,2,0.004,0,0,0,0,0,0
Region 36,Region 30,0,0,0,0,0,0,0,0,0,0,0,0,0,0,0,0,1,0.006,1,0.003,2,0.004,1,0.002,2,0.005,3,0.008,4,0.01,3,0.007,0,0,0,0,2,0.004,3,0.006,1,0.002,1,0.002,2,0.005,1,0.003
Region 36,Region 31,0,0,0,0,0,0,0,0,0,0,0,0,0,0,0,0,0,0,2,0.005,2,0.004,2,0.004,0,0,0,0,0,0,0,0,1,0.002,0,0,1,0.002,0,0,0,0,2,0.004,0,0,0,0
Region 36,Region 32,1,0.004,2,0.012,0,0,0,0,0,0,0,0,0,0,0,0,1,0.006,1,0.003,3,0.006,8,0.017,4,0.01,2,0.005,3,0.008,6,0.015,7,0.017,3,0.006,6,0.011,3,0.006,10,0.02,6,0.013,10,0.026,2,0.006
Region 36,Region 33,0,0,1,0.006,0,0,0,0,0,0,0,0,0,0,0,0,0,0,3,0.008,1,0.002,0,0,1,0.003,0,0,0,0,0,0,0,0,0,0,0,0,0,0,1,0.002,0,0,1,0.003,0,0
Region 36,Region 34,0,0,0,0,0,0,0,0,0,0,0,0,0,0,0,0,0,0,0,0,0,0,0,0,0,0,0,0,0,0,0,0,0,0,0,0,0,0,0,0,0,0,0,0,0,0,0,0
Region 36,Region 35,0,0,0,0,0,0,0,0,0,0,0,0,0,0,0,0,0,0,0,0,0,0,0,0,0,0,0,0,0,0,0,0,0,0,0,0,0,0,0,0,0,0,0,0,0,0,0,0
Region 36,Region 36,20,0.071,10,0.059,5,0.041,2,0.025,0,0,0,0,1,0.021,2,0.025,8,0.048,80,0.211,23,0.047,26,0.056,19,0.049,25,0.066,25,0.064,33,0.08,58,0.14,29,0.06,47,0.09,48,0.099,39,0.077,27,0.059,33,0.087,30,0.094
Region 36,Region 37,2,0.007,1,0.006,0,0,1,0.012,0,0,0,0,0,0,1,0.012,0,0,0,0,2,0.004,0,0,5,0.013,1,0.003,3,0.008,0,0,5,0.012,2,0.004,2,0.004,3,0.006,2,0.004,2,0.004,2,0.005,1,0.003
Region 36,Region 38,2,0.007,0,0,0,0,0,0,0,0,0,0,1,0.021,0,0,0,0,0,0,2,0.004,0,0,1,0.003,2,0.005,0,0,0,0,1,0.002,0,0,0,0,0,0,3,0.006,0,0,1,0.003,0,0
Region 36,Region 39,0,0,0,0,1,0.008,0,0,0,0,0,0,0,0,0,0,0,0,0,0,3,0.006,1,0.002,0,0,0,0,0,0,0,0,0,0,0,0,0,0,0,0,0,0,1,0.002,0,0,0,0
Region 36,Region 40,0,0,0,0,0,0,0,0,0,0,0,0,0,0,0,0,0,0,0,0,0,0,0,0,0,0,0,0,0,0,0,0,0,0,0,0,0,0,0,0,0,0,0,0,0,0,0,0
Region 36,Region 41,0,0,0,0,0,0,0,0,0,0,0,0,1,0.021,2,0.025,6,0.036,9,0.024,3,0.006,2,0.004,0,0,0,0,3,0.008,0,0,1,0.002,1,0.002,0,0,0,0,1,0.002,1,0.002,0,0,0,0
Region 36,Region 42,0,0,0,0,0,0,0,0,0,0,0,0,0,0,0,0,0,0,0,0,0,0,0,0,0,0,0,0,0,0,0,0,0,0,0,0,0,0,0,0,0,0,0,0,0,0,0,0
Region 36,Region 43,1,0.004,1,0.006,1,0.008,1,0.012,0,0,0,0,0,0,0,0,1,0.006,0,0,2,0.004,2,0.004,3,0.008,7,0.018,2,0.005,3,0.007,18,0.043,0,0,8,0.015,4,0.008,2,0.004,2,0.004,0,0,2,0.006
Region 36,Region 44,0,0,0,0,0,0,0,0,0,0,0,0,0,0,0,0,0,0,0,0,0,0,0,0,0,0,0,0,0,0,0,0,0,0,0,0,0,0,0,0,0,0,0,0,0,0,0,0
Region 36,Region 45,0,0,0,0,0,0,0,0,0,0,0,0,0,0,1,0.012,0,0,0,0,0,0,0,0,0,0,0,0,1,0.003,0,0,0,0,0,0,0,0,1,0.002,1,0.002,1,0.002,0,0,2,0.006
Region 36,Region 46,6,0.021,0,0,0,0,2,0.025,0,0,1,0.023,1,0.021,1,0.012,3,0.018,24,0.063,9,0.018,13,0.028,19,0.049,17,0.045,15,0.038,9,0.022,25,0.06,18,0.037,20,0.038,26,0.054,13,0.026,17,0.037,14,0.037,6,0.019
Region 36,Region 47,8,0.028,8,0.047,3,0.025,6,0.074,1,0.018,1,0.023,10,0.21,16,0.197,25,0.151,74,0.195,118,0.239,71,0.154,55,0.142,45,0.119,41,0.105,31,0.076,38,0.092,49,0.102,37,0.071,46,0.095,47,0.093,39,0.085,26,0.069,14,0.044
Region 36,Region 48,0,0,0,0,0,0,0,0,0,0,0,0,0,0,0,0,0,0,0,0,4,0.008,2,0.004,0,0,3,0.008,1,0.003,2,0.005,0,0,1,0.002,2,0.004,1,0.002,3,0.006,1,0.002,0,0,0,0
Region 36,Region 49,0,0,2,0.012,0,0,0,0,0,0,0,0,0,0,0,0,0,0,1,0.003,2,0.004,0,0,1,0.003,3,0.008,1,0.003,0,0,1,0.002,1,0.002,0,0,0,0,0,0,0,0,0,0,0,0
Region 36,Region 50,0,0,0,0,0,0,0,0,0,0,0,0,1,0.021,2,0.025,1,0.006,7,0.018,5,0.01,4,0.009,1,0.003,2,0.005,0,0,0,0,4,0.01,2,0.004,8,0.015,2,0.004,5,0.01,2,0.004,0,0,0,0
Region 36,Region 51,0,0,0,0,0,0,0,0,0,0,0,0,0,0,0,0,0,0,1,0.003,2,0.004,5,0.011,0,0,1,0.003,1,0.003,0,0,0,0,1,0.002,0,0,0,0,1,0.002,0,0,0,0,0,0
Region 36,Region 52,0,0,0,0,0,0,0,0,0,0,0,0,0,0,1,0.012,0,0,1,0.003,4,0.008,5,0.011,5,0.013,6,0.016,8,0.02,4,0.01,19,0.046,2,0.004,8,0.015,9,0.019,6,0.012,3,0.007,8,0.021,1,0.003
Region 36,Region 53,0,0,0,0,0,0,1,0.012,0,0,0,0,0,0,0,0,1,0.006,1,0.003,4,0.008,1,0.002,0,0,0,0,0,0,1,0.002,2,0.005,0,0,2,0.004,1,0.002,2,0.004,2,0.004,0,0,2,0.006
Region 36,Region 54,0,0,0,0,1,0.008,0,0,0,0,0,0,0,0,0,0,0,0,1,0.003,1,0.002,0,0,2,0.005,1,0.003,0,0,2,0.005,1,0.002,0,0,0,0,0,0,1,0.002,0,0,0,0,0,0
Region 36,Region 55,0,0,2,0.012,0,0,0,0,0,0,0,0,0,0,0,0,0,0,0,0,0,0,2,0.004,1,0.003,0,0,0,0,0,0,1,0.002,1,0.002,0,0,0,0,1,0.002,0,0,2,0.005,0,0
Region 36,Region 56,0,0,0,0,0,0,0,0,1,0.018,0,0,0,0,0,0,0,0,3,0.008,7,0.014,2,0.004,4,0.01,4,0.011,1,0.003,0,0,20,0.048,1,0.002,2,0.004,2,0.004,2,0.004,2,0.004,1,0.003,1,0.003
Region 36,Region 57,0,0,0,0,1,0.008,0,0,0,0,0,0,0,0,0,0,0,0,0,0,1,0.002,1,0.002,3,0.008,3,0.008,0,0,3,0.007,3,0.007,0,0,2,0.004,0,0,0,0,2,0.004,2,0.005,2,0.006
Region 36,Region 58,0,0,0,0,0,0,0,0,0,0,0,0,0,0,0,0,0,0,0,0,0,0,0,0,0,0,0,0,1,0.003,0,0,0,0,0,0,0,0,0,0,0,0,0,0,0,0,0,0
Region 36,Region 59,0,0,0,0,0,0,0,0,0,0,0,0,0,0,0,0,0,0,0,0,0,0,0,0,0,0,0,0,0,0,0,0,0,0,0,0,0,0,0,0,0,0,0,0,0,0,0,0
Region 36,Region 60,0,0,0,0,0,0,0,0,0,0,0,0,0,0,0,0,2,0.012,8,0.021,2,0.004,3,0.007,2,0.005,0,0,0,0,1,0.002,3,0.007,2,0.004,0,0,0,0,0,0,1,0.002,0,0,0,0
Region 36,Region 61,2,0.007,0,0,1,0.008,1,0.012,0,0,0,0,0,0,0,0,0,0,1,0.003,1,0.002,3,0.007,0,0,5,0.013,2,0.005,3,0.007,1,0.002,3,0.006,1,0.002,1,0.002,5,0.01,1,0.002,2,0.005,2,0.006
Region 36,Region 62,5,0.018,7,0.041,3,0.025,1,0.012,3,0.055,1,0.023,2,0.042,5,0.062,16,0.097,38,0.1,40,0.081,27,0.059,19,0.049,24,0.063,24,0.061,16,0.039,22,0.053,17,0.035,26,0.05,20,0.041,21,0.042,31,0.067,32,0.084,18,0.057
Region 36,Region 63,1,0.004,0,0,0,0,0,0,0,0,0,0,0,0,0,0,0,0,1,0.003,0,0,0,0,0,0,0,0,0,0,0,0,1,0.002,2,0.004,0,0,0,0,1,0.002,0,0,2,0.005,0,0
Region 36,Region 64,0,0,0,0,0,0,0,0,0,0,1,0.023,0,0,0,0,2,0.012,2,0.005,1,0.002,0,0,0,0,0,0,0,0,0,0,1,0.002,1,0.002,0,0,1,0.002,0,0,0,0,0,0,1,0.003
Region 36,Region 65,1,0.004,0,0,0,0,0,0,0,0,0,0,0,0,0,0,0,0,0,0,1,0.002,2,0.004,2,0.005,1,0.003,1,0.003,3,0.007,3,0.007,1,0.002,2,0.004,0,0,7,0.014,3,0.007,0,0,2,0.006
Region 36,Region 66,14,0.049,3,0.018,2,0.016,1,0.012,0,0,4,0.09,0,0,6,0.074,7,0.042,16,0.042,32,0.065,17,0.037,20,0.052,29,0.076,20,0.051,27,0.066,55,0.133,21,0.044,28,0.053,33,0.068,21,0.042,31,0.067,15,0.04,9,0.028
Region 36,Region 67,0,0,0,0,0,0,0,0,0,0,0,0,0,0,0,0,3,0.018,3,0.008,4,0.008,4,0.009,7,0.018,2,0.005,1,0.003,0,0,0,0,1,0.002,0,0,0,0,0,0,1,0.002,0,0,1,0.003
Region 36,Region 68,2,0.007,0,0,0,0,0,0,0,0,0,0,0,0,0,0,2,0.012,3,0.008,3,0.006,2,0.004,1,0.003,6,0.016,1,0.003,2,0.005,4,0.01,2,0.004,2,0.004,0,0,0,0,2,0.004,0,0,0,0
Region 36,Region 69,0,0,0,0,0,0,0,0,0,0,0,0,0,0,0,0,0,0,3,0.008,2,0.004,2,0.004,2,0.005,2,0.005,2,0.005,1,0.002,4,0.01,2,0.004,2,0.004,3,0.006,6,0.012,1,0.002,3,0.008,2,0.006
Region 36,Region 70,0,0,0,0,0,0,0,0,0,0,0,0,0,0,0,0,1,0.006,2,0.005,2,0.004,2,0.004,1,0.003,2,0.005,2,0.005,0,0,1,0.002,2,0.004,3,0.006,1,0.002,1,0.002,1,0.002,0,0,0,0
Region 36,Region 71,3,0.011,1,0.006,0,0,0,0,0,0,1,0.023,0,0,0,0,1,0.006,11,0.029,7,0.014,7,0.015,8,0.021,1,0.003,8,0.02,3,0.007,6,0.014,5,0.01,8,0.015,3,0.006,4,0.008,6,0.013,7,0.018,2,0.006
Region 36,Region 72,0,0,0,0,0,0,0,0,0,0,0,0,0,0,0,0,0,0,0,0,0,0,0,0,0,0,0,0,0,0,0,0,0,0,0,0,0,0,0,0,0,0,0,0,0,0,0,0
Region 36,Region 73,0,0,0,0,0,0,0,0,0,0,0,0,0,0,0,0,0,0,0,0,0,0,0,0,0,0,0,0,0,0,0,0,1,0.002,0,0,0,0,0,0,0,0,0,0,0,0,0,0
Region 36,Region 74,0,0,0,0,0,0,1,0.012,1,0.018,0,0,0,0,0,0,0,0,0,0,1,0.002,0,0,0,0,0,0,1,0.003,0,0,0,0,0,0,1,0.002,2,0.004,0,0,0,0,0,0,0,0
Region 36,Region 75,0,0,1,0.006,1,0.008,0,0,0,0,0,0,0,0,0,0,0,0,0,0,0,0,1,0.002,1,0.003,1,0.003,0,0,3,0.007,1,0.002,2,0.004,2,0.004,1,0.002,2,0.004,0,0,1,0.003,1,0.003
Region 37,Region 0,1,0.004,3,0.018,1,0.008,1,0.012,0,0,1,0.023,1,0.021,1,0.012,1,0.006,4,0.011,7,0.014,20,0.043,2,0.005,6,0.016,2,0.005,7,0.017,4,0.01,13,0.027,15,0.029,7,0.014,17,0.034,9,0.02,11,0.029,8,0.025
Region 37,Region 1,0,0,0,0,0,0,0,0,0,0,0,0,0,0,0,0,0,0,0,0,0,0,0,0,0,0,0,0,0,0,0,0,0,0,0,0,0,0,0,0,0,0,0,0,0,0,0,0
Region 37,Region 2,3,0.011,0,0,0,0,0,0,0,0,0,0,0,0,0,0,2,0.012,3,0.008,8,0.016,8,0.017,4,0.01,1,0.003,0,0,2,0.005,1,0.002,2,0.004,2,0.004,2,0.004,2,0.004,0,0,2,0.005,2,0.006
Region 37,Region 3,3,0.011,3,0.018,0,0,0,0,0,0,0,0,1,0.021,1,0.012,2,0.012,1,0.003,4,0.008,0,0,0,0,2,0.005,2,0.005,0,0,1,0.002,2,0.004,3,0.006,2,0.004,1,0.002,3,0.007,0,0,0,0
Region 37,Region 4,3,0.011,1,0.006,0,0,1,0.012,1,0.018,0,0,0,0,0,0,0,0,0,0,3,0.006,1,0.002,1,0.003,0,0,0,0,0,0,0,0,1,0.002,2,0.004,1,0.002,6,0.012,1,0.002,3,0.008,1,0.003
Region 37,Region 5,0,0,0,0,0,0,0,0,0,0,0,0,0,0,0,0,1,0.006,2,0.005,1,0.002,0,0,1,0.003,0,0,0,0,1,0.002,0,0,0,0,2,0.004,0,0,3,0.006,2,0.004,0,0,0,0
Region 37,Region 6,0,0,0,0,0,0,0,0,0,0,0,0,0,0,0,0,0,0,0,0,0,0,0,0,0,0,0,0,0,0,0,0,0,0,0,0,0,0,0,0,0,0,0,0,0,0,0,0
Region 37,Region 7,0,0,0,0,0,0,0,0,0,0,0,0,0,0,0,0,1,0.006,5,0.013,5,0.01,7,0.015,3,0.008,2,0.005,1,0.003,1,0.002,0,0,2,0.004,2,0.004,3,0.006,3,0.006,3,0.007,1,0.003,1,0.003
Region 37,Region 8,0,0,0,0,0,0,0,0,0,0,0,0,0,0,0,0,1,0.006,0,0,0,0,0,0,0,0,0,0,0,0,0,0,0,0,0,0,0,0,0,0,0,0,0,0,0,0,0,0
Region 37,Region 9,0,0,0,0,0,0,0,0,0,0,0,0,0,0,0,0,0,0,0,0,0,0,0,0,0,0,0,0,0,0,0,0,0,0,0,0,0,0,0,0,0,0,0,0,0,0,0,0
Region 37,Region 10,15,0.053,7,0.041,2,0.016,0,0,0,0,1,0.023,1,0.021,2,0.025,4,0.024,4,0.011,6,0.012,7,0.015,10,0.026,17,0.045,10,0.026,22,0.054,7,0.017,8,0.017,18,0.034,10,0.021,11,0.022,20,0.043,13,0.034,10,0.031
Region 37,Region 11,0,0,0,0,0,0,0,0,0,0,0,0,0,0,0,0,0,0,0,0,0,0,0,0,0,0,0,0,0,0,0,0,0,0,0,0,0,0,0,0,0,0,0,0,0,0,0,0
Region 37,Region 12,4,0.014,0,0,0,0,1,0.012,0,0,0,0,0,0,3,0.037,5,0.03,7,0.018,9,0.018,11,0.024,6,0.015,3,0.008,3,0.008,7,0.017,1,0.002,6,0.012,6,0.011,6,0.012,8,0.016,2,0.004,1,0.003,1,0.003
Region 37,Region 13,0,0,2,0.012,1,0.008,0,0,0,0,0,0,0,0,0,0,0,0,2,0.005,3,0.006,4,0.009,4,0.01,4,0.011,3,0.008,4,0.01,4,0.01,4,0.008,7,0.013,1,0.002,3,0.006,6,0.013,5,0.013,0,0
Region 37,Region 14,5,0.018,4,0.023,3,0.025,0,0,0,0,2,0.045,2,0.042,15,0.185,15,0.091,13,0.034,25,0.051,18,0.039,23,0.059,15,0.04,12,0.031,12,0.029,11,0.027,5,0.01,7,0.013,8,0.017,8,0.016,12,0.026,8,0.021,12,0.038
Region 37,Region 15,0,0,0,0,0,0,0,0,0,0,0,0,0,0,0,0,0,0,0,0,0,0,0,0,0,0,0,0,0,0,0,0,0,0,0,0,0,0,0,0,0,0,0,0,0,0,0,0
Region 37,Region 16,0,0,0,0,0,0,0,0,0,0,0,0,0,0,0,0,0,0,0,0,0,0,0,0,0,0,0,0,0,0,0,0,0,0,0,0,0,0,0,0,0,0,0,0,0,0,0,0
Region 37,Region 17,1,0.004,0,0,0,0,0,0,0,0,0,0,1,0.021,0,0,1,0.006,0,0,0,0,2,0.004,2,0.005,0,0,1,0.003,1,0.002,0,0,1,0.002,3,0.006,0,0,3,0.006,0,0,0,0,0,0
Region 37,Region 18,11,0.039,5,0.029,4,0.033,3,0.037,1,0.018,1,0.023,2,0.042,1,0.012,3,0.018,9,0.024,15,0.03,21,0.046,22,0.057,15,0.04,13,0.033,25,0.061,21,0.051,16,0.033,19,0.036,17,0.035,27,0.054,20,0.043,13,0.034,9,0.028
Region 37,Region 19,0,0,0,0,1,0.008,0,0,0,0,0,0,0,0,0,0,1,0.006,3,0.008,0,0,0,0,2,0.005,3,0.008,2,0.005,1,0.002,1,0.002,0,0,1,0.002,0,0,2,0.004,1,0.002,0,0,0,0
Region 37,Region 20,3,0.011,1,0.006,1,0.008,0,0,1,0.018,1,0.023,1,0.021,0,0,4,0.024,3,0.008,7,0.014,5,0.011,6,0.015,1,0.003,0,0,2,0.005,2,0.005,2,0.004,1,0.002,2,0.004,1,0.002,1,0.002,2,0.005,0,0
Region 37,Region 21,4,0.014,1,0.006,1,0.008,0,0,0,0,1,0.023,0,0,1,0.012,3,0.018,4,0.011,13,0.026,9,0.02,7,0.018,7,0.018,3,0.008,4,0.01,7,0.017,5,0.01,8,0.015,13,0.027,8,0.016,7,0.015,4,0.011,4,0.013
Region 37,Region 22,0,0,0,0,0,0,0,0,0,0,0,0,0,0,0,0,3,0.018,3,0.008,2,0.004,2,0.004,6,0.015,4,0.011,1,0.003,3,0.007,2,0.005,1,0.002,1,0.002,2,0.004,1,0.002,0,0,1,0.003,0,0
Region 37,Region 23,3,0.011,1,0.006,1,0.008,0,0,1,0.018,0,0,0,0,0,0,0,0,0,0,2,0.004,0,0,2,0.005,0,0,2,0.005,0,0,1,0.002,2,0.004,0,0,2,0.004,2,0.004,2,0.004,0,0,0,0
Region 37,Region 24,0,0,1,0.006,0,0,0,0,0,0,0,0,0,0,0,0,0,0,0,0,1,0.002,3,0.007,3,0.008,3,0.008,2,0.005,3,0.007,2,0.005,1,0.002,1,0.002,0,0,2,0.004,0,0,2,0.005,3,0.009
Region 37,Region 25,0,0,0,0,0,0,0,0,0,0,0,0,0,0,0,0,0,0,0,0,1,0.002,0,0,0,0,0,0,0,0,0,0,0,0,0,0,0,0,0,0,2,0.004,0,0,0,0,0,0
Region 37,Region 26,0,0,0,0,0,0,0,0,0,0,0,0,0,0,0,0,1,0.006,1,0.003,1,0.002,1,0.002,2,0.005,0,0,1,0.003,1,0.002,0,0,1,0.002,0,0,0,0,2,0.004,1,0.002,0,0,0,0
Region 37,Region 27,2,0.007,1,0.006,0,0,0,0,0,0,0,0,0,0,0,0,1,0.006,3,0.008,1,0.002,2,0.004,1,0.003,1,0.003,0,0,3,0.007,1,0.002,1,0.002,1,0.002,2,0.004,2,0.004,3,0.007,0,0,2,0.006
Region 37,Region 28,0,0,0,0,0,0,0,0,0,0,0,0,0,0,0,0,0,0,1,0.003,0,0,2,0.004,0,0,2,0.005,1,0.003,0,0,1,0.002,0,0,0,0,0,0,1,0.002,1,0.002,2,0.005,1,0.003
Region 37,Region 29,0,0,1,0.006,0,0,0,0,0,0,0,0,0,0,0,0,3,0.018,8,0.021,7,0.014,7,0.015,7,0.018,1,0.003,1,0.003,3,0.007,1,0.002,3,0.006,0,0,1,0.002,3,0.006,3,0.007,1,0.003,1,0.003
Region 37,Region 30,0,0,3,0.018,1,0.008,0,0,0,0,1,0.023,0,0,2,0.025,5,0.03,5,0.013,10,0.02,5,0.011,9,0.023,6,0.016,6,0.015,1,0.002,4,0.01,4,0.008,8,0.015,9,0.019,14,0.028,3,0.007,1,0.003,2,0.006
Region 37,Region 31,0,0,0,0,0,0,0,0,0,0,0,0,2,0.042,0,0,1,0.006,1,0.003,7,0.014,3,0.007,3,0.008,6,0.016,3,0.008,6,0.015,2,0.005,2,0.004,4,0.008,4,0.008,1,0.002,2,0.004,5,0.013,5,0.016
Region 37,Region 32,0,0,1,0.006,0,0,0,0,0,0,0,0,0,0,0,0,0,0,0,0,1,0.002,1,0.002,2,0.005,1,0.003,1,0.003,0,0,0,0,0,0,2,0.004,0,0,2,0.004,0,0,2,0.005,1,0.003
Region 37,Region 33,0,0,0,0,0,0,0,0,0,0,0,0,0,0,0,0,0,0,0,0,0,0,1,0.002,0,0,0,0,1,0.003,0,0,0,0,0,0,0,0,0,0,1,0.002,1,0.002,0,0,1,0.003
Region 37,Region 34,0,0,0,0,0,0,0,0,0,0,0,0,0,0,0,0,0,0,0,0,0,0,0,0,0,0,0,0,0,0,0,0,0,0,0,0,0,0,0,0,0,0,0,0,0,0,0,0
Region 37,Region 35,0,0,0,0,0,0,0,0,0,0,0,0,0,0,0,0,0,0,0,0,0,0,0,0,0,0,0,0,0,0,0,0,0,0,0,0,0,0,0,0,0,0,0,0,0,0,0,0
Region 37,Region 36,0,0,0,0,0,0,0,0,0,0,0,0,0,0,0,0,1,0.006,22,0.058,0,0,0,0,0,0,3,0.008,1,0.003,2,0.005,2,0.005,2,0.004,2,0.004,3,0.006,1,0.002,1,0.002,0,0,2,0.006
Region 37,Region 37,53,0.187,26,0.153,3,0.025,2,0.025,6,0.111,2,0.045,1,0.021,1,0.012,18,0.109,30,0.079,57,0.115,62,0.135,43,0.111,40,0.105,26,0.067,42,0.102,58,0.14,81,0.168,82,0.156,37,0.077,42,0.083,70,0.152,54,0.142,35,0.11
Region 37,Region 38,2,0.007,0,0,2,0.016,1,0.012,0,0,0,0,0,0,0,0,0,0,3,0.008,2,0.004,4,0.009,3,0.008,5,0.013,3,0.008,4,0.01,1,0.002,0,0,6,0.011,2,0.004,2,0.004,4,0.009,3,0.008,2,0.006
Region 37,Region 39,0,0,0,0,0,0,0,0,0,0,0,0,0,0,0,0,0,0,0,0,1,0.002,0,0,0,0,0,0,0,0,0,0,0,0,0,0,0,0,0,0,0,0,0,0,0,0,0,0
Region 37,Region 40,0,0,0,0,0,0,0,0,0,0,0,0,0,0,0,0,0,0,0,0,0,0,0,0,0,0,0,0,0,0,0,0,0,0,0,0,0,0,0,0,0,0,0,0,0,0,0,0
Region 37,Region 41,0,0,0,0,0,0,0,0,0,0,0,0,0,0,0,0,3,0.018,1,0.003,3,0.006,0,0,1,0.003,1,0.003,0,0,1,0.002,0,0,0,0,0,0,0,0,0,0,0,0,0,0,0,0
Region 37,Region 42,0,0,0,0,0,0,0,0,0,0,0,0,0,0,0,0,0,0,0,0,0,0,0,0,0,0,0,0,0,0,0,0,0,0,0,0,0,0,0,0,0,0,0,0,0,0,0,0
Region 37,Region 43,10,0.035,7,0.041,3,0.025,3,0.037,4,0.074,1,0.023,3,0.063,5,0.062,2,0.012,8,0.021,7,0.014,18,0.039,13,0.033,12,0.032,15,0.038,15,0.037,14,0.034,22,0.046,15,0.029,16,0.033,9,0.018,23,0.05,11,0.029,13,0.041
Region 37,Region 44,0,0,0,0,0,0,0,0,0,0,0,0,0,0,0,0,0,0,0,0,0,0,0,0,0,0,0,0,0,0,0,0,0,0,0,0,0,0,0,0,0,0,0,0,0,0,0,0
Region 37,Region 45,1,0.004,0,0,1,0.008,0,0,0,0,0,0,0,0,0,0,0,0,1,0.003,1,0.002,0,0,1,0.003,2,0.005,1,0.003,1,0.002,1,0.002,2,0.004,1,0.002,1,0.002,2,0.004,0,0,1,0.003,1,0.003
Region 37,Region 46,6,0.021,2,0.012,1,0.008,1,0.012,1,0.018,0,0,0,0,0,0,1,0.006,10,0.026,9,0.018,6,0.013,3,0.008,7,0.018,9,0.023,8,0.02,11,0.027,4,0.008,6,0.011,13,0.027,17,0.034,8,0.017,4,0.011,3,0.009
Region 37,Region 47,10,0.035,4,0.023,4,0.033,0,0,0,0,1,0.023,2,0.042,3,0.037,11,0.067,26,0.069,55,0.111,43,0.093,21,0.054,18,0.047,16,0.041,18,0.044,16,0.039,15,0.031,26,0.05,23,0.048,26,0.052,19,0.041,14,0.037,5,0.016
Region 37,Region 48,3,0.011,1,0.006,0,0,0,0,0,0,0,0,0,0,0,0,2,0.012,4,0.011,3,0.006,9,0.02,6,0.015,6,0.016,2,0.005,2,0.005,2,0.005,5,0.01,3,0.006,2,0.004,4,0.008,4,0.009,1,0.003,2,0.006
Region 37,Region 49,2,0.007,4,0.023,2,0.016,1,0.012,0,0,0,0,2,0.042,0,0,5,0.03,11,0.029,5,0.01,9,0.02,7,0.018,4,0.011,6,0.015,5,0.012,6,0.014,12,0.025,10,0.019,11,0.023,8,0.016,4,0.009,2,0.005,4,0.013
Region 37,Region 50,5,0.018,1,0.006,2,0.016,4,0.05,0,0,3,0.068,0,0,5,0.062,5,0.03,12,0.032,14,0.028,18,0.039,12,0.031,12,0.032,13,0.033,5,0.012,9,0.022,22,0.046,12,0.023,16,0.033,13,0.026,12,0.026,10,0.026,7,0.022
Region 37,Region 51,1,0.004,2,0.012,0,0,0,0,0,0,0,0,1,0.021,1,0.012,0,0,2,0.005,5,0.01,2,0.004,8,0.021,3,0.008,4,0.01,9,0.022,2,0.005,3,0.006,5,0.01,5,0.01,2,0.004,2,0.004,2,0.005,2,0.006
Region 37,Region 52,7,0.025,3,0.018,3,0.025,2,0.025,1,0.018,0,0,0,0,0,0,7,0.042,6,0.016,10,0.02,8,0.017,7,0.018,9,0.024,8,0.02,11,0.027,12,0.029,25,0.052,18,0.034,13,0.027,17,0.034,17,0.037,14,0.037,11,0.035
Region 37,Region 53,4,0.014,2,0.012,1,0.008,1,0.012,1,0.018,1,0.023,0,0,0,0,1,0.006,6,0.016,11,0.022,10,0.022,8,0.021,1,0.003,0,0,2,0.005,3,0.007,5,0.01,6,0.011,8,0.017,3,0.006,4,0.009,5,0.013,2,0.006
Region 37,Region 54,0,0,0,0,0,0,0,0,0,0,0,0,0,0,0,0,1,0.006,3,0.008,1,0.002,0,0,0,0,0,0,0,0,0,0,0,0,0,0,0,0,1,0.002,1,0.002,1,0.002,1,0.003,0,0
Region 37,Region 55,0,0,0,0,0,0,0,0,0,0,0,0,0,0,0,0,0,0,0,0,0,0,1,0.002,0,0,0,0,1,0.003,0,0,0,0,0,0,0,0,0,0,2,0.004,0,0,0,0,0,0
Region 37,Region 56,4,0.014,1,0.006,0,0,1,0.012,0,0,0,0,1,0.021,1,0.012,1,0.006,4,0.011,11,0.022,4,0.009,2,0.005,4,0.011,3,0.008,6,0.015,7,0.017,12,0.025,9,0.017,6,0.012,8,0.016,7,0.015,2,0.005,0,0
Region 37,Region 57,1,0.004,0,0,0,0,0,0,0,0,0,0,0,0,0,0,1,0.006,1,0.003,0,0,0,0,0,0,0,0,1,0.003,0,0,0,0,0,0,2,0.004,0,0,0,0,2,0.004,0,0,0,0
Region 37,Region 58,0,0,0,0,0,0,0,0,0,0,0,0,0,0,0,0,0,0,0,0,0,0,0,0,0,0,0,0,0,0,0,0,0,0,0,0,0,0,0,0,0,0,0,0,0,0,0,0
Region 37,Region 59,0,0,0,0,0,0,0,0,0,0,0,0,0,0,0,0,0,0,0,0,0,0,0,0,0,0,0,0,0,0,0,0,0,0,0,0,0,0,0,0,0,0,0,0,0,0,0,0
Region 37,Region 60,0,0,0,0,0,0,0,0,0,0,0,0,0,0,1,0.012,2,0.012,9,0.024,4,0.008,2,0.004,1,0.003,4,0.011,0,0,0,0,2,0.005,0,0,1,0.002,0,0,1,0.002,2,0.004,0,0,1,0.003
Region 37,Region 61,2,0.007,0,0,1,0.008,0,0,0,0,0,0,0,0,0,0,0,0,2,0.005,1,0.002,0,0,1,0.003,2,0.005,0,0,2,0.005,1,0.002,1,0.002,0,0,1,0.002,0,0,0,0,1,0.003,1,0.003
Region 37,Region 62,0,0,1,0.006,1,0.008,0,0,0,0,0,0,1,0.021,1,0.012,5,0.03,13,0.034,9,0.018,10,0.022,8,0.021,4,0.011,3,0.008,4,0.01,1,0.002,3,0.006,3,0.006,4,0.008,7,0.014,4,0.009,0,0,7,0.022
Region 37,Region 63,0,0,0,0,0,0,0,0,0,0,0,0,0,0,0,0,0,0,0,0,0,0,0,0,0,0,0,0,0,0,0,0,0,0,0,0,0,0,0,0,0,0,0,0,0,0,1,0.003
Region 37,Region 64,0,0,0,0,0,0,0,0,0,0,0,0,0,0,0,0,0,0,1,0.003,1,0.002,0,0,1,0.003,1,0.003,0,0,1,0.002,1,0.002,1,0.002,3,0.006,0,0,1,0.002,1,0.002,1,0.003,1,0.003
Region 37,Region 65,3,0.011,1,0.006,0,0,0,0,0,0,1,0.023,1,0.021,0,0,0,0,0,0,3,0.006,0,0,6,0.015,3,0.008,2,0.005,5,0.012,7,0.017,7,0.015,10,0.019,3,0.006,3,0.006,2,0.004,5,0.013,4,0.013
Region 37,Region 66,1,0.004,2,0.012,1,0.008,1,0.012,0,0,0,0,0,0,0,0,1,0.006,8,0.021,3,0.006,1,0.002,4,0.01,3,0.008,2,0.005,2,0.005,3,0.007,3,0.006,9,0.017,6,0.012,5,0.01,8,0.017,2,0.005,2,0.006
Region 37,Region 67,1,0.004,3,0.018,0,0,2,0.025,0,0,1,0.023,1,0.021,0,0,4,0.024,7,0.018,13,0.026,5,0.011,3,0.008,1,0.003,2,0.005,3,0.007,3,0.007,5,0.01,3,0.006,1,0.002,2,0.004,5,0.011,0,0,1,0.003
Region 37,Region 68,7,0.025,6,0.035,0,0,2,0.025,3,0.055,2,0.045,2,0.042,1,0.012,3,0.018,25,0.066,26,0.053,39,0.085,27,0.07,24,0.063,27,0.069,17,0.041,26,0.063,28,0.058,35,0.067,28,0.058,26,0.052,27,0.059,15,0.04,14,0.044
Region 37,Region 69,8,0.028,1,0.006,1,0.008,2,0.025,4,0.074,1,0.023,0,0,2,0.025,8,0.048,28,0.074,12,0.024,13,0.028,10,0.026,16,0.042,12,0.031,16,0.039,11,0.027,14,0.029,22,0.042,16,0.033,16,0.032,23,0.05,17,0.045,12,0.038
Region 37,Region 70,2,0.007,1,0.006,0,0,1,0.012,0,0,0,0,0,0,2,0.025,1,0.006,4,0.011,2,0.004,4,0.009,4,0.01,1,0.003,2,0.005,3,0.007,1,0.002,1,0.002,0,0,4,0.008,6,0.012,4,0.009,1,0.003,2,0.006
Region 37,Region 71,2,0.007,2,0.012,0,0,0,0,0,0,0,0,0,0,1,0.012,0,0,3,0.008,2,0.004,0,0,0,0,0,0,0,0,0,0,2,0.005,3,0.006,4,0.008,4,0.008,3,0.006,1,0.002,0,0,0,0
Region 37,Region 72,0,0,0,0,0,0,0,0,0,0,0,0,0,0,0,0,0,0,0,0,0,0,0,0,0,0,0,0,0,0,0,0,0,0,0,0,0,0,0,0,0,0,0,0,0,0,0,0
Region 37,Region 73,0,0,0,0,0,0,0,0,0,0,0,0,0,0,0,0,1,0.006,1,0.003,0,0,0,0,1,0.003,0,0,0,0,0,0,0,0,0,0,0,0,0,0,0,0,0,0,0,0,0,0
Region 37,Region 74,1,0.004,0,0,0,0,0,0,0,0,1,0.023,0,0,0,0,0,0,1,0.003,0,0,2,0.004,1,0.003,1,0.003,0,0,0,0,0,0,1,0.002,0,0,0,0,0,0,2,0.004,0,0,0,0
Region 37,Region 75,1,0.004,0,0,0,0,0,0,0,0,0,0,0,0,0,0,0,0,0,0,1,0.002,0,0,0,0,0,0,0,0,0,0,0,0,0,0,0,0,0,0,0,0,1,0.002,0,0,0,0
Region 38,Region 0,0,0,0,0,1,0.008,0,0,0,0,0,0,0,0,0,0,0,0,0,0,1,0.002,1,0.002,0,0,1,0.003,1,0.003,0,0,0,0,2,0.004,0,0,3,0.006,1,0.002,0,0,1,0.003,4,0.013
Region 38,Region 1,0,0,0,0,0,0,0,0,0,0,0,0,0,0,0,0,0,0,0,0,0,0,0,0,0,0,0,0,0,0,0,0,0,0,0,0,0,0,0,0,0,0,0,0,0,0,0,0
Region 38,Region 2,5,0.018,2,0.012,0,0,2,0.025,1,0.018,0,0,1,0.021,1,0.012,3,0.018,10,0.026,9,0.018,16,0.035,8,0.021,12,0.032,9,0.023,9,0.022,18,0.043,9,0.019,13,0.025,7,0.014,13,0.026,10,0.022,10,0.026,8,0.025
Region 38,Region 3,5,0.018,4,0.023,0,0,0,0,1,0.018,0,0,0,0,0,0,1,0.006,3,0.008,2,0.004,5,0.011,2,0.005,6,0.016,7,0.018,11,0.027,7,0.017,4,0.008,4,0.008,5,0.01,16,0.032,7,0.015,6,0.016,7,0.022
Region 38,Region 4,0,0,1,0.006,0,0,0,0,0,0,0,0,0,0,0,0,1,0.006,2,0.005,1,0.002,1,0.002,1,0.003,1,0.003,1,0.003,0,0,0,0,1,0.002,0,0,2,0.004,1,0.002,3,0.007,2,0.005,6,0.019
Region 38,Region 5,1,0.004,1,0.006,0,0,1,0.012,0,0,0,0,0,0,1,0.012,1,0.006,4,0.011,5,0.01,2,0.004,1,0.003,1,0.003,1,0.003,2,0.005,5,0.012,2,0.004,2,0.004,5,0.01,3,0.006,2,0.004,2,0.005,2,0.006
Region 38,Region 6,0,0,0,0,0,0,0,0,0,0,0,0,0,0,0,0,0,0,0,0,0,0,0,0,0,0,0,0,0,0,0,0,0,0,0,0,0,0,0,0,0,0,0,0,0,0,0,0
Region 38,Region 7,3,0.011,1,0.006,3,0.025,0,0,0,0,0,0,0,0,0,0,1,0.006,3,0.008,6,0.012,8,0.017,3,0.008,5,0.013,8,0.02,2,0.005,1,0.002,5,0.01,3,0.006,7,0.014,3,0.006,4,0.009,2,0.005,2,0.006
Region 38,Region 8,0,0,0,0,0,0,0,0,0,0,0,0,0,0,0,0,0,0,0,0,0,0,0,0,1,0.003,0,0,0,0,0,0,0,0,0,0,0,0,2,0.004,1,0.002,0,0,0,0,0,0
Region 38,Region 9,0,0,0,0,0,0,0,0,0,0,0,0,0,0,0,0,0,0,0,0,0,0,0,0,0,0,0,0,0,0,0,0,0,0,0,0,0,0,0,0,0,0,0,0,0,0,0,0
Region 38,Region 10,2,0.007,0,0,0,0,1,0.012,0,0,0,0,0,0,0,0,1,0.006,0,0,1,0.002,0,0,2,0.005,2,0.005,1,0.003,0,0,0,0,0,0,2,0.004,2,0.004,3,0.006,3,0.007,3,0.008,1,0.003
Region 38,Region 11,0,0,0,0,0,0,0,0,0,0,0,0,0,0,0,0,0,0,0,0,0,0,0,0,0,0,0,0,0,0,0,0,0,0,0,0,0,0,0,0,0,0,0,0,0,0,0,0
Region 38,Region 12,8,0.028,2,0.012,1,0.008,3,0.037,1,0.018,1,0.023,1,0.021,2,0.025,8,0.048,25,0.066,13,0.026,12,0.026,8,0.021,10,0.026,10,0.026,11,0.027,9,0.022,18,0.037,12,0.023,20,0.041,14,0.028,11,0.024,10,0.026,14,0.044
Region 38,Region 13,1,0.004,2,0.012,2,0.016,0,0,0,0,0,0,0,0,0,0,2,0.012,2,0.005,3,0.006,2,0.004,4,0.01,3,0.008,4,0.01,2,0.005,1,0.002,1,0.002,2,0.004,5,0.01,1,0.002,5,0.011,1,0.003,1,0.003
Region 38,Region 14,4,0.014,6,0.035,0,0,0,0,0,0,0,0,4,0.084,3,0.037,9,0.054,18,0.048,23,0.047,33,0.072,16,0.041,10,0.026,11,0.028,8,0.02,4,0.01,12,0.025,11,0.021,10,0.021,7,0.014,20,0.043,13,0.034,16,0.05
Region 38,Region 15,0,0,0,0,0,0,0,0,0,0,0,0,0,0,0,0,0,0,0,0,0,0,0,0,0,0,0,0,0,0,0,0,0,0,0,0,0,0,0,0,0,0,0,0,0,0,0,0
Region 38,Region 16,0,0,0,0,0,0,0,0,0,0,0,0,0,0,0,0,0,0,0,0,0,0,0,0,0,0,0,0,0,0,0,0,0,0,0,0,0,0,0,0,0,0,0,0,0,0,0,0
Region 38,Region 17,0,0,0,0,0,0,0,0,0,0,0,0,0,0,0,0,0,0,0,0,1,0.002,0,0,0,0,2,0.005,2,0.005,1,0.002,0,0,1,0.002,1,0.002,2,0.004,0,0,1,0.002,0,0,1,0.003
Region 38,Region 18,7,0.025,4,0.023,1,0.008,0,0,0,0,0,0,0,0,0,0,1,0.006,3,0.008,18,0.036,5,0.011,12,0.031,8,0.021,12,0.031,7,0.017,3,0.007,12,0.025,4,0.008,10,0.021,23,0.046,11,0.024,7,0.018,6,0.019
Region 38,Region 19,0,0,0,0,0,0,1,0.012,0,0,0,0,0,0,1,0.012,2,0.012,2,0.005,1,0.002,1,0.002,2,0.005,2,0.005,4,0.01,1,0.002,2,0.005,3,0.006,3,0.006,2,0.004,3,0.006,2,0.004,1,0.003,1,0.003
Region 38,Region 20,4,0.014,3,0.018,5,0.041,2,0.025,2,0.037,0,0,3,0.063,8,0.098,14,0.085,27,0.071,19,0.038,16,0.035,17,0.044,15,0.04,16,0.041,12,0.029,7,0.017,12,0.025,20,0.038,14,0.029,10,0.02,12,0.026,8,0.021,5,0.016
Region 38,Region 21,30,0.106,7,0.041,5,0.041,4,0.05,0,0,6,0.136,4,0.084,4,0.049,13,0.079,20,0.053,43,0.087,61,0.132,65,0.167,71,0.187,71,0.182,108,0.263,80,0.193,88,0.183,60,0.114,68,0.141,74,0.147,86,0.186,60,0.158,47,0.148
Region 38,Region 22,3,0.011,2,0.012,1,0.008,0,0,0,0,0,0,0,0,0,0,1,0.006,6,0.016,10,0.02,3,0.007,9,0.023,5,0.013,6,0.015,7,0.017,5,0.012,9,0.019,3,0.006,5,0.01,4,0.008,2,0.004,0,0,1,0.003
Region 38,Region 23,1,0.004,0,0,0,0,0,0,0,0,0,0,0,0,0,0,0,0,0,0,0,0,1,0.002,0,0,1,0.003,0,0,0,0,0,0,2,0.004,2,0.004,5,0.01,1,0.002,0,0,2,0.005,1,0.003
Region 38,Region 24,0,0,0,0,0,0,0,0,0,0,0,0,0,0,0,0,0,0,0,0,3,0.006,0,0,2,0.005,2,0.005,6,0.015,1,0.002,6,0.014,2,0.004,4,0.008,2,0.004,2,0.004,1,0.002,1,0.003,1,0.003
Region 38,Region 25,0,0,0,0,0,0,0,0,0,0,0,0,0,0,0,0,0,0,0,0,0,0,1,0.002,2,0.005,0,0,0,0,1,0.002,0,0,0,0,0,0,2,0.004,1,0.002,1,0.002,0,0,0,0
Region 38,Region 26,4,0.014,1,0.006,0,0,0,0,0,0,1,0.023,0,0,0,0,2,0.012,3,0.008,11,0.022,4,0.009,0,0,1,0.003,4,0.01,1,0.002,1,0.002,5,0.01,5,0.01,2,0.004,6,0.012,4,0.009,6,0.016,3,0.009
Region 38,Region 27,2,0.007,0,0,0,0,0,0,0,0,0,0,0,0,0,0,0,0,0,0,0,0,1,0.002,0,0,0,0,1,0.003,1,0.002,0,0,0,0,2,0.004,0,0,4,0.008,1,0.002,0,0,1,0.003
Region 38,Region 28,0,0,0,0,0,0,1,0.012,0,0,0,0,0,0,0,0,0,0,0,0,0,0,0,0,0,0,0,0,0,0,0,0,0,0,0,0,0,0,2,0.004,0,0,1,0.002,0,0,0,0
Region 38,Region 29,4,0.014,3,0.018,0,0,0,0,2,0.037,0,0,0,0,0,0,3,0.018,14,0.037,11,0.022,13,0.028,5,0.013,6,0.016,8,0.02,8,0.02,10,0.024,10,0.021,9,0.017,5,0.01,8,0.016,9,0.02,7,0.018,3,0.009
Region 38,Region 30,26,0.092,9,0.053,4,0.033,5,0.062,2,0.037,3,0.068,1,0.021,3,0.037,12,0.073,28,0.074,29,0.059,39,0.085,42,0.108,39,0.103,47,0.12,55,0.134,59,0.142,52,0.108,78,0.149,61,0.126,68,0.135,74,0.16,41,0.108,34,0.107
Region 38,Region 31,12,0.042,7,0.041,7,0.058,1,0.012,2,0.037,3,0.068,3,0.063,2,0.025,8,0.048,12,0.032,19,0.038,29,0.063,27,0.07,25,0.066,20,0.051,27,0.066,29,0.07,23,0.048,45,0.086,28,0.058,46,0.091,41,0.089,24,0.063,25,0.079
Region 38,Region 32,0,0,0,0,0,0,0,0,0,0,0,0,0,0,0,0,0,0,0,0,0,0,0,0,0,0,1,0.003,0,0,1,0.002,0,0,1,0.002,1,0.002,3,0.006,0,0,0,0,1,0.003,0,0
Region 38,Region 33,1,0.004,0,0,0,0,0,0,0,0,0,0,0,0,0,0,0,0,0,0,1,0.002,0,0,0,0,0,0,0,0,0,0,0,0,0,0,0,0,1,0.002,0,0,1,0.002,1,0.003,0,0
Region 38,Region 34,0,0,0,0,0,0,0,0,0,0,0,0,0,0,0,0,0,0,0,0,0,0,0,0,0,0,0,0,0,0,0,0,0,0,0,0,0,0,0,0,0,0,0,0,0,0,0,0
Region 38,Region 35,0,0,0,0,0,0,0,0,0,0,0,0,0,0,0,0,0,0,0,0,0,0,0,0,0,0,0,0,0,0,0,0,0,0,0,0,0,0,0,0,0,0,0,0,0,0,0,0
Region 38,Region 36,1,0.004,0,0,0,0,0,0,0,0,0,0,0,0,1,0.012,1,0.006,1,0.003,0,0,1,0.002,0,0,2,0.005,2,0.005,0,0,1,0.002,1,0.002,2,0.004,1,0.002,1,0.002,1,0.002,1,0.003,0,0
Region 38,Region 37,2,0.007,0,0,1,0.008,0,0,0,0,0,0,0,0,0,0,0,0,2,0.005,2,0.004,2,0.004,2,0.005,3,0.008,3,0.008,1,0.002,8,0.019,3,0.006,2,0.004,9,0.019,5,0.01,3,0.007,4,0.011,3,0.009
Region 38,Region 38,105,0.37,49,0.287,29,0.238,21,0.26,19,0.35,7,0.158,5,0.105,14,0.172,27,0.163,92,0.243,206,0.417,271,0.589,184,0.474,172,0.454,185,0.474,197,0.48,209,0.505,276,0.573,307,0.585,286,0.592,313,0.62,270,0.585,199,0.524,144,0.453
Region 38,Region 39,1,0.004,0,0,0,0,0,0,0,0,0,0,0,0,0,0,0,0,0,0,3,0.006,1,0.002,0,0,2,0.005,0,0,2,0.005,1,0.002,1,0.002,1,0.002,2,0.004,3,0.006,1,0.002,0,0,1,0.003
Region 38,Region 40,0,0,0,0,0,0,0,0,0,0,0,0,0,0,0,0,0,0,0,0,0,0,0,0,0,0,0,0,0,0,0,0,0,0,0,0,0,0,0,0,0,0,0,0,0,0,0,0
Region 38,Region 41,0,0,0,0,0,0,0,0,1,0.018,0,0,1,0.021,0,0,1,0.006,1,0.003,2,0.004,0,0,0,0,0,0,0,0,0,0,1,0.002,1,0.002,0,0,1,0.002,0,0,0,0,0,0,0,0
Region 38,Region 42,0,0,0,0,0,0,0,0,0,0,0,0,0,0,0,0,0,0,0,0,0,0,0,0,0,0,0,0,0,0,0,0,0,0,0,0,0,0,0,0,0,0,0,0,0,0,0,0
Region 38,Region 43,5,0.018,2,0.012,1,0.008,0,0,0,0,0,0,1,0.021,1,0.012,0,0,0,0,1,0.002,2,0.004,2,0.005,3,0.008,5,0.013,4,0.01,5,0.012,3,0.006,7,0.013,1,0.002,5,0.01,3,0.007,2,0.005,2,0.006
Region 38,Region 44,0,0,0,0,0,0,0,0,0,0,0,0,0,0,0,0,0,0,0,0,0,0,0,0,0,0,0,0,0,0,0,0,0,0,0,0,0,0,0,0,0,0,0,0,0,0,0,0
Region 38,Region 45,1,0.004,0,0,1,0.008,0,0,0,0,0,0,0,0,0,0,0,0,3,0.008,3,0.006,4,0.009,2,0.005,3,0.008,4,0.01,1,0.002,1,0.002,0,0,4,0.008,2,0.004,7,0.014,2,0.004,2,0.005,2,0.006
Region 38,Region 46,0,0,1,0.006,0,0,0,0,0,0,0,0,0,0,0,0,1,0.006,6,0.016,2,0.004,2,0.004,1,0.003,4,0.011,2,0.005,1,0.002,2,0.005,3,0.006,4,0.008,5,0.01,2,0.004,2,0.004,1,0.003,1,0.003
Region 38,Region 47,3,0.011,1,0.006,3,0.025,2,0.025,1,0.018,0,0,0,0,0,0,2,0.012,12,0.032,4,0.008,12,0.026,3,0.008,5,0.013,2,0.005,7,0.017,5,0.012,13,0.027,11,0.021,9,0.019,13,0.026,6,0.013,5,0.013,9,0.028
Region 38,Region 48,10,0.035,2,0.012,1,0.008,3,0.037,1,0.018,1,0.023,0,0,0,0,2,0.012,15,0.04,20,0.04,18,0.039,14,0.036,18,0.047,14,0.036,15,0.037,19,0.046,17,0.035,15,0.029,11,0.023,17,0.034,12,0.026,11,0.029,8,0.025
Region 38,Region 49,3,0.011,5,0.029,1,0.008,0,0,0,0,0,0,0,0,1,0.012,1,0.006,3,0.008,9,0.018,5,0.011,8,0.021,4,0.011,3,0.008,3,0.007,5,0.012,6,0.012,4,0.008,5,0.01,8,0.016,10,0.022,2,0.005,3,0.009
Region 38,Region 50,7,0.025,2,0.012,1,0.008,1,0.012,0,0,2,0.045,0,0,0,0,3,0.018,3,0.008,4,0.008,10,0.022,8,0.021,8,0.021,6,0.015,7,0.017,2,0.005,5,0.01,12,0.023,8,0.017,8,0.016,3,0.007,4,0.011,10,0.031
Region 38,Region 51,32,0.113,10,0.059,2,0.016,3,0.037,3,0.055,1,0.023,3,0.063,1,0.012,5,0.03,14,0.037,32,0.065,35,0.076,28,0.072,16,0.042,28,0.072,42,0.102,41,0.099,50,0.104,44,0.084,45,0.093,61,0.121,47,0.102,36,0.095,36,0.113
Region 38,Region 52,4,0.014,4,0.023,1,0.008,1,0.012,0,0,0,0,0,0,1,0.012,0,0,4,0.011,7,0.014,2,0.004,0,0,1,0.003,2,0.005,3,0.007,2,0.005,5,0.01,4,0.008,6,0.012,8,0.016,2,0.004,2,0.005,3,0.009
Region 38,Region 53,6,0.021,2,0.012,0,0,0,0,0,0,0,0,0,0,1,0.012,0,0,4,0.011,16,0.032,12,0.026,10,0.026,6,0.016,4,0.01,11,0.027,11,0.027,8,0.017,7,0.013,16,0.033,16,0.032,8,0.017,3,0.008,5,0.016
Region 38,Region 54,1,0.004,1,0.006,0,0,0,0,0,0,0,0,0,0,1,0.012,1,0.006,1,0.003,0,0,4,0.009,4,0.01,1,0.003,0,0,1,0.002,1,0.002,1,0.002,2,0.004,3,0.006,3,0.006,0,0,3,0.008,4,0.013
Region 38,Region 55,0,0,0,0,0,0,0,0,0,0,0,0,0,0,0,0,2,0.012,0,0,0,0,0,0,1,0.003,0,0,0,0,0,0,0,0,0,0,1,0.002,0,0,0,0,1,0.002,0,0,0,0
Region 38,Region 56,0,0,0,0,0,0,0,0,0,0,0,0,0,0,0,0,0,0,0,0,1,0.002,0,0,0,0,0,0,1,0.003,2,0.005,1,0.002,2,0.004,1,0.002,2,0.004,1,0.002,1,0.002,1,0.003,2,0.006
Region 38,Region 57,1,0.004,0,0,0,0,0,0,0,0,0,0,0,0,0,0,0,0,0,0,0,0,0,0,1,0.003,0,0,0,0,0,0,1,0.002,2,0.004,0,0,0,0,2,0.004,0,0,2,0.005,0,0
Region 38,Region 58,0,0,0,0,0,0,0,0,0,0,0,0,0,0,1,0.012,0,0,0,0,0,0,0,0,0,0,0,0,0,0,0,0,0,0,0,0,0,0,0,0,0,0,0,0,0,0,0,0
Region 38,Region 59,0,0,0,0,0,0,0,0,0,0,0,0,0,0,0,0,0,0,0,0,0,0,0,0,0,0,0,0,0,0,0,0,0,0,0,0,0,0,0,0,0,0,0,0,0,0,0,0
Region 38,Region 60,1,0.004,4,0.023,0,0,0,0,0,0,0,0,0,0,1,0.012,2,0.012,13,0.034,10,0.02,9,0.02,7,0.018,12,0.032,10,0.026,4,0.01,1,0.002,6,0.012,3,0.006,3,0.006,1,0.002,7,0.015,2,0.005,3,0.009
Region 38,Region 61,3,0.011,1,0.006,1,0.008,0,0,0,0,0,0,0,0,0,0,2,0.012,0,0,1,0.002,2,0.004,2,0.005,3,0.008,2,0.005,5,0.012,0,0,2,0.004,2,0.004,3,0.006,1,0.002,6,0.013,0,0,0,0
Region 38,Region 62,0,0,2,0.012,2,0.016,0,0,0,0,0,0,0,0,0,0,2,0.012,3,0.008,3,0.006,2,0.004,8,0.021,6,0.016,11,0.028,7,0.017,7,0.017,6,0.012,7,0.013,10,0.021,15,0.03,11,0.024,12,0.032,13,0.041
Region 38,Region 63,0,0,0,0,0,0,0,0,0,0,0,0,0,0,0,0,0,0,0,0,0,0,0,0,0,0,0,0,0,0,0,0,0,0,1,0.002,0,0,1,0.002,0,0,0,0,0,0,0,0
Region 38,Region 64,0,0,1,0.006,0,0,0,0,0,0,1,0.023,1,0.021,0,0,4,0.024,4,0.011,4,0.008,2,0.004,2,0.005,2,0.005,2,0.005,5,0.012,2,0.005,2,0.004,2,0.004,3,0.006,7,0.014,5,0.011,1,0.003,3,0.009
Region 38,Region 65,4,0.014,2,0.012,0,0,1,0.012,0,0,0,0,0,0,0,0,0,0,0,0,2,0.004,4,0.009,5,0.013,3,0.008,1,0.003,2,0.005,0,0,7,0.015,4,0.008,5,0.01,3,0.006,9,0.02,2,0.005,7,0.022
Region 38,Region 66,1,0.004,0,0,0,0,0,0,0,0,1,0.023,0,0,0,0,0,0,1,0.003,1,0.002,2,0.004,3,0.008,2,0.005,2,0.005,3,0.007,2,0.005,3,0.006,3,0.006,2,0.004,5,0.01,6,0.013,4,0.011,1,0.003
Region 38,Region 67,40,0.141,16,0.094,6,0.049,7,0.087,3,0.055,4,0.09,4,0.084,13,0.16,26,0.157,56,0.148,63,0.128,71,0.154,60,0.155,54,0.142,69,0.177,62,0.151,55,0.133,59,0.123,77,0.147,59,0.122,57,0.113,55,0.119,67,0.177,66,0.208
Region 38,Region 68,2,0.007,1,0.006,1,0.008,2,0.025,0,0,0,0,0,0,1,0.012,4,0.024,11,0.029,18,0.036,13,0.028,4,0.01,10,0.026,10,0.026,9,0.022,6,0.014,7,0.015,7,0.013,11,0.023,10,0.02,7,0.015,4,0.011,1,0.003
Region 38,Region 69,4,0.014,8,0.047,4,0.033,2,0.025,2,0.037,1,0.023,0,0,1,0.012,4,0.024,7,0.018,10,0.02,15,0.033,8,0.021,11,0.029,23,0.059,16,0.039,15,0.036,19,0.039,23,0.044,20,0.041,19,0.038,21,0.046,15,0.04,15,0.047
Region 38,Region 70,6,0.021,2,0.012,0,0,1,0.012,0,0,0,0,0,0,0,0,1,0.006,8,0.021,10,0.02,9,0.02,9,0.023,8,0.021,10,0.026,11,0.027,2,0.005,8,0.017,5,0.01,12,0.025,8,0.016,8,0.017,5,0.013,5,0.016
Region 38,Region 71,1,0.004,0,0,0,0,0,0,0,0,0,0,0,0,0,0,0,0,0,0,1,0.002,1,0.002,0,0,2,0.005,0,0,0,0,3,0.007,2,0.004,2,0.004,1,0.002,3,0.006,2,0.004,3,0.008,3,0.009
Region 38,Region 72,0,0,0,0,0,0,0,0,0,0,0,0,0,0,0,0,0,0,0,0,0,0,0,0,0,0,0,0,0,0,0,0,0,0,0,0,0,0,0,0,0,0,0,0,0,0,0,0
Region 38,Region 73,0,0,0,0,0,0,0,0,0,0,0,0,0,0,0,0,0,0,0,0,0,0,0,0,0,0,0,0,0,0,0,0,0,0,0,0,0,0,0,0,0,0,0,0,0,0,0,0
Region 38,Region 74,0,0,0,0,2,0.016,1,0.012,0,0,1,0.023,0,0,0,0,0,0,0,0,0,0,7,0.015,2,0.005,2,0.005,1,0.003,2,0.005,4,0.01,3,0.006,1,0.002,3,0.006,4,0.008,5,0.011,1,0.003,0,0
Region 38,Region 75,0,0,0,0,0,0,0,0,0,0,0,0,0,0,0,0,0,0,0,0,0,0,0,0,0,0,0,0,0,0,0,0,0,0,0,0,0,0,0,0,0,0,0,0,0,0,0,0
Region 39,Region 0,0,0,0,0,0,0,0,0,0,0,0,0,0,0,0,0,0,0,0,0,0,0,0,0,0,0,0,0,0,0,0,0,0,0,1,0.002,0,0,0,0,1,0.002,0,0,2,0.005,1,0.003
Region 39,Region 1,0,0,0,0,0,0,0,0,0,0,0,0,0,0,0,0,0,0,0,0,0,0,0,0,0,0,0,0,0,0,0,0,0,0,0,0,0,0,0,0,0,0,0,0,0,0,0,0
Region 39,Region 2,0,0,0,0,2,0.016,0,0,0,0,0,0,0,0,0,0,1,0.006,11,0.029,14,0.028,5,0.011,7,0.018,3,0.008,0,0,5,0.012,5,0.012,3,0.006,5,0.01,3,0.006,4,0.008,5,0.011,0,0,1,0.003
Region 39,Region 3,0,0,0,0,0,0,0,0,0,0,0,0,0,0,0,0,0,0,0,0,0,0,1,0.002,0,0,0,0,2,0.005,0,0,0,0,0,0,0,0,0,0,1,0.002,0,0,0,0,0,0
Region 39,Region 4,0,0,0,0,0,0,0,0,0,0,0,0,0,0,0,0,0,0,0,0,0,0,1,0.002,0,0,0,0,1,0.003,0,0,0,0,1,0.002,1,0.002,0,0,0,0,0,0,0,0,0,0
Region 39,Region 5,0,0,0,0,0,0,0,0,0,0,0,0,0,0,0,0,0,0,0,0,0,0,0,0,1,0.003,0,0,0,0,0,0,0,0,0,0,0,0,0,0,1,0.002,0,0,0,0,0,0
Region 39,Region 6,0,0,0,0,0,0,0,0,0,0,0,0,0,0,0,0,0,0,0,0,0,0,0,0,0,0,0,0,0,0,0,0,0,0,0,0,0,0,0,0,0,0,0,0,0,0,0,0
Region 39,Region 7,1,0.004,0,0,0,0,1,0.012,0,0,0,0,1,0.021,0,0,0,0,2,0.005,0,0,1,0.002,0,0,0,0,0,0,0,0,0,0,2,0.004,0,0,0,0,1,0.002,0,0,0,0,0,0
Region 39,Region 8,0,0,0,0,0,0,0,0,0,0,0,0,0,0,0,0,0,0,0,0,0,0,0,0,0,0,0,0,0,0,0,0,0,0,0,0,0,0,0,0,0,0,0,0,0,0,0,0
Region 39,Region 9,0,0,0,0,0,0,0,0,0,0,0,0,0,0,0,0,0,0,0,0,0,0,0,0,0,0,0,0,0,0,0,0,0,0,0,0,0,0,0,0,0,0,0,0,0,0,0,0
Region 39,Region 10,0,0,0,0,0,0,0,0,0,0,0,0,0,0,0,0,0,0,0,0,2,0.004,1,0.002,1,0.003,0,0,0,0,1,0.002,0,0,3,0.006,3,0.006,0,0,0,0,0,0,0,0,1,0.003
Region 39,Region 11,0,0,0,0,0,0,0,0,0,0,0,0,0,0,0,0,0,0,0,0,0,0,0,0,0,0,0,0,0,0,0,0,0,0,0,0,0,0,0,0,0,0,0,0,0,0,0,0
Region 39,Region 12,0,0,0,0,0,0,0,0,0,0,0,0,0,0,0,0,1,0.006,1,0.003,0,0,1,0.002,0,0,0,0,0,0,1,0.002,1,0.002,2,0.004,2,0.004,0,0,1,0.002,1,0.002,1,0.003,0,0
Region 39,Region 13,0,0,0,0,0,0,0,0,0,0,0,0,0,0,0,0,0,0,0,0,1,0.002,0,0,0,0,0,0,0,0,0,0,0,0,0,0,0,0,0,0,0,0,0,0,0,0,0,0
Region 39,Region 14,1,0.004,1,0.006,0,0,0,0,0,0,0,0,1,0.021,0,0,2,0.012,1,0.003,0,0,4,0.009,1,0.003,3,0.008,2,0.005,2,0.005,1,0.002,3,0.006,1,0.002,0,0,1,0.002,1,0.002,0,0,2,0.006
Region 39,Region 15,0,0,0,0,0,0,0,0,0,0,0,0,0,0,0,0,0,0,0,0,0,0,0,0,0,0,0,0,0,0,0,0,0,0,0,0,0,0,0,0,0,0,0,0,0,0,0,0
Region 39,Region 16,0,0,0,0,0,0,0,0,0,0,0,0,0,0,0,0,0,0,0,0,0,0,0,0,0,0,0,0,0,0,0,0,0,0,0,0,0,0,0,0,0,0,0,0,0,0,0,0
Region 39,Region 17,1,0.004,0,0,0,0,0,0,0,0,0,0,0,0,0,0,0,0,0,0,0,0,0,0,0,0,0,0,0,0,0,0,0,0,0,0,1,0.002,1,0.002,0,0,0,0,0,0,0,0
Region 39,Region 18,0,0,0,0,0,0,0,0,0,0,0,0,0,0,0,0,0,0,0,0,0,0,1,0.002,0,0,0,0,4,0.01,0,0,0,0,5,0.01,2,0.004,2,0.004,2,0.004,0,0,0,0,0,0
Region 39,Region 19,0,0,0,0,0,0,0,0,0,0,0,0,0,0,0,0,0,0,0,0,1,0.002,0,0,0,0,0,0,0,0,0,0,0,0,0,0,0,0,0,0,0,0,0,0,0,0,0,0
Region 39,Region 20,0,0,0,0,0,0,0,0,0,0,0,0,0,0,0,0,1,0.006,2,0.005,1,0.002,2,0.004,2,0.005,1,0.003,0,0,2,0.005,0,0,2,0.004,0,0,0,0,2,0.004,0,0,0,0,0,0
Region 39,Region 21,0,0,1,0.006,0,0,1,0.012,1,0.018,0,0,0,0,0,0,0,0,1,0.003,0,0,4,0.009,3,0.008,1,0.003,1,0.003,0,0,2,0.005,4,0.008,5,0.01,3,0.006,3,0.006,2,0.004,1,0.003,1,0.003
Region 39,Region 22,0,0,0,0,0,0,0,0,0,0,0,0,0,0,0,0,0,0,2,0.005,1,0.002,1,0.002,0,0,0,0,0,0,2,0.005,0,0,0,0,0,0,1,0.002,1,0.002,2,0.004,0,0,0,0
Region 39,Region 23,0,0,0,0,0,0,0,0,0,0,0,0,0,0,0,0,0,0,0,0,0,0,2,0.004,1,0.003,0,0,0,0,0,0,0,0,2,0.004,1,0.002,1,0.002,0,0,0,0,0,0,0,0
Region 39,Region 24,2,0.007,0,0,0,0,0,0,0,0,0,0,0,0,0,0,0,0,0,0,1,0.002,0,0,0,0,0,0,1,0.003,1,0.002,0,0,2,0.004,1,0.002,1,0.002,2,0.004,0,0,0,0,0,0
Region 39,Region 25,0,0,0,0,0,0,0,0,0,0,0,0,0,0,0,0,0,0,0,0,0,0,0,0,0,0,0,0,0,0,0,0,1,0.002,0,0,0,0,0,0,0,0,1,0.002,0,0,0,0
Region 39,Region 26,0,0,1,0.006,0,0,2,0.025,0,0,0,0,0,0,0,0,1,0.006,9,0.024,8,0.016,9,0.02,12,0.031,5,0.013,3,0.008,4,0.01,2,0.005,7,0.015,13,0.025,5,0.01,4,0.008,6,0.013,3,0.008,2,0.006
Region 39,Region 27,1,0.004,0,0,0,0,0,0,0,0,0,0,0,0,0,0,0,0,0,0,0,0,1,0.002,0,0,0,0,0,0,0,0,0,0,3,0.006,5,0.01,1,0.002,0,0,0,0,0,0,0,0
Region 39,Region 28,0,0,0,0,0,0,0,0,0,0,0,0,0,0,0,0,0,0,0,0,0,0,0,0,1,0.003,0,0,0,0,0,0,1,0.002,2,0.004,1,0.002,0,0,0,0,0,0,0,0,0,0
Region 39,Region 29,0,0,0,0,0,0,0,0,0,0,0,0,2,0.042,1,0.012,0,0,3,0.008,0,0,2,0.004,0,0,1,0.003,1,0.003,0,0,0,0,2,0.004,0,0,1,0.002,1,0.002,0,0,1,0.003,0,0
Region 39,Region 30,1,0.004,1,0.006,0,0,0,0,0,0,0,0,0,0,1,0.012,0,0,2,0.005,5,0.01,1,0.002,4,0.01,2,0.005,5,0.013,3,0.007,2,0.005,2,0.004,10,0.019,7,0.014,1,0.002,1,0.002,2,0.005,1,0.003
Region 39,Region 31,0,0,0,0,0,0,0,0,0,0,0,0,0,0,0,0,0,0,0,0,3,0.006,1,0.002,0,0,0,0,2,0.005,0,0,0,0,2,0.004,0,0,0,0,0,0,2,0.004,0,0,0,0
Region 39,Region 32,0,0,0,0,0,0,0,0,0,0,0,0,0,0,0,0,0,0,0,0,0,0,0,0,1,0.003,0,0,0,0,2,0.005,0,0,0,0,0,0,0,0,0,0,0,0,0,0,0,0
Region 39,Region 33,0,0,0,0,0,0,0,0,0,0,0,0,0,0,0,0,0,0,0,0,0,0,0,0,0,0,0,0,0,0,0,0,0,0,0,0,0,0,0,0,0,0,0,0,0,0,0,0
Region 39,Region 34,0,0,0,0,0,0,0,0,0,0,0,0,0,0,0,0,0,0,0,0,0,0,0,0,0,0,0,0,0,0,0,0,0,0,0,0,0,0,0,0,0,0,0,0,0,0,0,0
Region 39,Region 35,0,0,0,0,0,0,0,0,0,0,0,0,0,0,0,0,0,0,0,0,0,0,0,0,0,0,0,0,0,0,0,0,0,0,0,0,0,0,0,0,0,0,0,0,0,0,0,0
Region 39,Region 36,0,0,0,0,0,0,0,0,0,0,0,0,0,0,0,0,0,0,0,0,0,0,0,0,1,0.003,0,0,0,0,0,0,0,0,0,0,1,0.002,1,0.002,0,0,0,0,0,0,0,0
Region 39,Region 37,0,0,0,0,0,0,0,0,0,0,0,0,0,0,0,0,0,0,0,0,0,0,0,0,0,0,0,0,0,0,0,0,1,0.002,1,0.002,0,0,2,0.004,1,0.002,0,0,0,0,0,0
Region 39,Region 38,1,0.004,0,0,0,0,1,0.012,0,0,0,0,0,0,0,0,0,0,0,0,1,0.002,3,0.007,4,0.01,1,0.003,1,0.003,1,0.002,2,0.005,1,0.002,1,0.002,0,0,0,0,2,0.004,0,0,0,0
Region 39,Region 39,7,0.025,2,0.012,0,0,0,0,1,0.018,0,0,0,0,1,0.012,1,0.006,17,0.045,27,0.055,25,0.054,13,0.033,6,0.016,4,0.01,9,0.022,13,0.031,30,0.062,22,0.042,12,0.025,7,0.014,15,0.033,5,0.013,5,0.016
Region 39,Region 40,0,0,0,0,0,0,0,0,0,0,0,0,0,0,0,0,0,0,0,0,0,0,0,0,0,0,0,0,0,0,0,0,0,0,0,0,0,0,0,0,0,0,0,0,0,0,0,0
Region 39,Region 41,0,0,0,0,0,0,0,0,0,0,0,0,0,0,2,0.025,2,0.012,1,0.003,0,0,0,0,0,0,0,0,0,0,1,0.002,0,0,0,0,0,0,0,0,0,0,0,0,0,0,0,0
Region 39,Region 42,0,0,0,0,0,0,0,0,0,0,0,0,0,0,0,0,0,0,0,0,0,0,0,0,0,0,0,0,0,0,0,0,0,0,0,0,0,0,0,0,0,0,0,0,0,0,0,0
Region 39,Region 43,0,0,0,0,0,0,0,0,0,0,0,0,0,0,0,0,1,0.006,1,0.003,1,0.002,1,0.002,1,0.003,0,0,1,0.003,1,0.002,0,0,2,0.004,0,0,0,0,0,0,1,0.002,0,0,0,0
Region 39,Region 44,0,0,0,0,0,0,0,0,0,0,0,0,0,0,0,0,0,0,0,0,0,0,0,0,0,0,0,0,0,0,0,0,0,0,0,0,0,0,0,0,0,0,0,0,0,0,0,0
Region 39,Region 45,0,0,0,0,0,0,0,0,0,0,0,0,0,0,2,0.025,0,0,0,0,0,0,0,0,0,0,0,0,0,0,0,0,0,0,0,0,0,0,0,0,0,0,0,0,0,0,0,0
Region 39,Region 46,0,0,0,0,0,0,0,0,0,0,0,0,0,0,2,0.025,0,0,0,0,1,0.002,0,0,0,0,0,0,0,0,2,0.005,2,0.005,1,0.002,1,0.002,2,0.004,0,0,1,0.002,1,0.003,0,0
Region 39,Region 47,13,0.046,8,0.047,4,0.033,3,0.037,0,0,0,0,1,0.021,14,0.172,22,0.133,62,0.164,73,0.148,90,0.195,59,0.152,58,0.153,46,0.118,47,0.115,35,0.085,71,0.147,75,0.143,56,0.116,45,0.089,52,0.113,27,0.071,19,0.06
Region 39,Region 48,0,0,0,0,0,0,0,0,0,0,0,0,0,0,0,0,1,0.006,2,0.005,1,0.002,3,0.007,2,0.005,0,0,0,0,1,0.002,1,0.002,1,0.002,3,0.006,0,0,0,0,0,0,1,0.003,0,0
Region 39,Region 49,0,0,0,0,0,0,0,0,0,0,0,0,0,0,0,0,0,0,0,0,1,0.002,1,0.002,1,0.003,0,0,1,0.003,3,0.007,0,0,3,0.006,1,0.002,0,0,0,0,0,0,0,0,0,0
Region 39,Region 50,0,0,1,0.006,0,0,0,0,0,0,1,0.023,0,0,0,0,0,0,0,0,0,0,0,0,0,0,0,0,0,0,0,0,0,0,0,0,0,0,0,0,0,0,1,0.002,0,0,0,0
Region 39,Region 51,0,0,0,0,0,0,1,0.012,0,0,0,0,0,0,0,0,0,0,1,0.003,4,0.008,1,0.002,2,0.005,1,0.003,3,0.008,0,0,2,0.005,2,0.004,4,0.008,0,0,1,0.002,2,0.004,0,0,1,0.003
Region 39,Region 52,0,0,0,0,0,0,0,0,0,0,0,0,0,0,0,0,0,0,0,0,1,0.002,0,0,0,0,1,0.003,0,0,0,0,1,0.002,1,0.002,0,0,0,0,0,0,0,0,0,0,0,0
Region 39,Region 53,0,0,1,0.006,0,0,0,0,0,0,0,0,0,0,0,0,1,0.006,1,0.003,7,0.014,1,0.002,2,0.005,2,0.005,1,0.003,0,0,3,0.007,6,0.012,6,0.011,3,0.006,1,0.002,5,0.011,0,0,0,0
Region 39,Region 54,0,0,0,0,0,0,0,0,0,0,0,0,0,0,0,0,0,0,2,0.005,0,0,0,0,0,0,0,0,0,0,0,0,0,0,1,0.002,0,0,0,0,0,0,0,0,0,0,0,0
Region 39,Region 55,0,0,0,0,0,0,0,0,0,0,0,0,0,0,0,0,0,0,0,0,0,0,0,0,0,0,0,0,0,0,0,0,0,0,0,0,0,0,0,0,0,0,0,0,0,0,0,0
Region 39,Region 56,0,0,0,0,0,0,0,0,0,0,0,0,0,0,0,0,0,0,0,0,1,0.002,1,0.002,0,0,0,0,2,0.005,0,0,0,0,0,0,1,0.002,0,0,1,0.002,0,0,0,0,0,0
Region 39,Region 57,0,0,0,0,0,0,0,0,0,0,0,0,0,0,0,0,0,0,0,0,0,0,0,0,0,0,0,0,0,0,0,0,0,0,0,0,2,0.004,1,0.002,0,0,1,0.002,0,0,0,0
Region 39,Region 58,0,0,0,0,0,0,0,0,0,0,0,0,0,0,0,0,0,0,0,0,0,0,0,0,0,0,0,0,0,0,0,0,0,0,0,0,0,0,0,0,0,0,0,0,0,0,0,0
Region 39,Region 59,0,0,0,0,0,0,0,0,0,0,0,0,0,0,0,0,0,0,0,0,0,0,0,0,0,0,0,0,0,0,0,0,0,0,0,0,0,0,0,0,0,0,0,0,0,0,0,0
Region 39,Region 60,0,0,0,0,0,0,0,0,0,0,0,0,0,0,0,0,0,0,5,0.013,1,0.002,1,0.002,0,0,1,0.003,1,0.003,0,0,0,0,0,0,0,0,0,0,1,0.002,1,0.002,0,0,0,0
Region 39,Region 61,1,0.004,0,0,1,0.008,0,0,0,0,0,0,0,0,0,0,0,0,4,0.011,6,0.012,5,0.011,3,0.008,3,0.008,6,0.015,3,0.007,5,0.012,5,0.01,3,0.006,5,0.01,5,0.01,2,0.004,2,0.005,1,0.003
Region 39,Region 62,0,0,0,0,0,0,0,0,0,0,0,0,0,0,0,0,0,0,3,0.008,3,0.006,0,0,1,0.003,1,0.003,0,0,3,0.007,1,0.002,1,0.002,1,0.002,2,0.004,0,0,2,0.004,1,0.003,0,0
Region 39,Region 63,0,0,0,0,0,0,0,0,0,0,0,0,0,0,0,0,0,0,0,0,0,0,0,0,0,0,0,0,0,0,0,0,0,0,0,0,0,0,0,0,0,0,0,0,0,0,0,0
Region 39,Region 64,0,0,0,0,0,0,0,0,0,0,0,0,0,0,0,0,0,0,2,0.005,0,0,3,0.007,0,0,0,0,0,0,0,0,0,0,0,0,0,0,0,0,0,0,0,0,0,0,0,0
Region 39,Region 65,0,0,0,0,0,0,0,0,0,0,0,0,0,0,0,0,0,0,0,0,0,0,0,0,1,0.003,2,0.005,0,0,0,0,0,0,0,0,0,0,0,0,0,0,1,0.002,0,0,0,0
Region 39,Region 66,0,0,1,0.006,0,0,0,0,0,0,0,0,0,0,0,0,1,0.006,1,0.003,0,0,2,0.004,0,0,1,0.003,1,0.003,1,0.002,0,0,0,0,0,0,0,0,0,0,0,0,0,0,0,0
Region 39,Region 67,0,0,0,0,0,0,0,0,0,0,0,0,0,0,0,0,0,0,0,0,1,0.002,2,0.004,1,0.003,2,0.005,2,0.005,2,0.005,1,0.002,3,0.006,1,0.002,0,0,1,0.002,1,0.002,0,0,0,0
Region 39,Region 68,0,0,0,0,0,0,0,0,0,0,0,0,0,0,0,0,1,0.006,1,0.003,2,0.004,2,0.004,1,0.003,1,0.003,0,0,1,0.002,0,0,2,0.004,1,0.002,0,0,0,0,2,0.004,2,0.005,0,0
Region 39,Region 69,0,0,0,0,0,0,0,0,0,0,0,0,0,0,0,0,1,0.006,2,0.005,3,0.006,0,0,2,0.005,0,0,1,0.003,0,0,1,0.002,0,0,0,0,0,0,0,0,1,0.002,0,0,0,0
Region 39,Region 70,0,0,0,0,0,0,0,0,0,0,0,0,0,0,0,0,0,0,1,0.003,1,0.002,1,0.002,0,0,0,0,0,0,0,0,0,0,0,0,0,0,0,0,0,0,0,0,0,0,0,0
Region 39,Region 71,0,0,0,0,0,0,0,0,0,0,0,0,0,0,0,0,0,0,0,0,1,0.002,0,0,0,0,0,0,0,0,0,0,0,0,0,0,0,0,1,0.002,0,0,1,0.002,0,0,0,0
Region 39,Region 72,0,0,0,0,0,0,0,0,0,0,0,0,0,0,0,0,0,0,0,0,0,0,0,0,0,0,0,0,0,0,0,0,0,0,0,0,0,0,0,0,0,0,0,0,0,0,0,0
Region 39,Region 73,0,0,0,0,0,0,0,0,0,0,0,0,0,0,0,0,0,0,0,0,0,0,0,0,0,0,0,0,0,0,0,0,0,0,0,0,0,0,0,0,0,0,0,0,0,0,0,0
Region 39,Region 74,0,0,0,0,0,0,0,0,0,0,0,0,0,0,0,0,0,0,0,0,1,0.002,0,0,1,0.003,0,0,0,0,0,0,0,0,0,0,0,0,0,0,0,0,0,0,0,0,0,0
Region 39,Region 75,0,0,0,0,0,0,0,0,0,0,0,0,0,0,0,0,0,0,0,0,0,0,0,0,0,0,0,0,0,0,0,0,0,0,0,0,0,0,0,0,0,0,0,0,0,0,0,0
Region 40,Region 0,0,0,0,0,0,0,0,0,0,0,0,0,0,0,0,0,0,0,0,0,0,0,0,0,0,0,0,0,0,0,0,0,0,0,0,0,0,0,0,0,0,0,0,0,0,0,0,0
Region 40,Region 1,0,0,0,0,0,0,0,0,0,0,0,0,0,0,0,0,0,0,0,0,0,0,0,0,0,0,0,0,0,0,0,0,0,0,0,0,0,0,0,0,0,0,0,0,0,0,0,0
Region 40,Region 2,0,0,0,0,0,0,0,0,0,0,0,0,0,0,0,0,0,0,0,0,0,0,0,0,0,0,0,0,0,0,0,0,0,0,0,0,0,0,0,0,0,0,0,0,0,0,0,0
Region 40,Region 3,0,0,0,0,0,0,0,0,0,0,0,0,0,0,0,0,0,0,0,0,0,0,0,0,0,0,0,0,0,0,0,0,0,0,0,0,0,0,0,0,0,0,0,0,0,0,0,0
Region 40,Region 4,0,0,0,0,0,0,1,0.012,0,0,0,0,0,0,0,0,0,0,0,0,0,0,0,0,0,0,0,0,0,0,0,0,0,0,0,0,1,0.002,1,0.002,0,0,0,0,0,0,0,0
Region 40,Region 5,0,0,0,0,0,0,0,0,0,0,0,0,0,0,0,0,0,0,0,0,0,0,0,0,0,0,0,0,0,0,0,0,0,0,0,0,0,0,0,0,0,0,0,0,0,0,0,0
Region 40,Region 6,0,0,0,0,0,0,0,0,0,0,0,0,0,0,0,0,0,0,0,0,0,0,0,0,0,0,0,0,0,0,0,0,0,0,0,0,0,0,0,0,0,0,0,0,0,0,0,0
Region 40,Region 7,0,0,0,0,0,0,0,0,0,0,0,0,0,0,0,0,0,0,0,0,0,0,0,0,0,0,0,0,0,0,0,0,0,0,0,0,0,0,0,0,0,0,0,0,0,0,0,0
Region 40,Region 8,0,0,0,0,0,0,0,0,0,0,0,0,0,0,0,0,0,0,0,0,0,0,0,0,0,0,0,0,0,0,0,0,0,0,0,0,0,0,0,0,0,0,0,0,0,0,0,0
Region 40,Region 9,0,0,0,0,0,0,0,0,0,0,0,0,0,0,0,0,0,0,0,0,0,0,0,0,0,0,0,0,0,0,0,0,0,0,0,0,0,0,0,0,0,0,0,0,0,0,0,0
Region 40,Region 10,0,0,0,0,0,0,0,0,0,0,0,0,0,0,0,0,0,0,0,0,0,0,0,0,0,0,0,0,0,0,0,0,0,0,0,0,0,0,0,0,0,0,0,0,0,0,0,0
Region 40,Region 11,0,0,0,0,0,0,0,0,0,0,0,0,0,0,0,0,0,0,0,0,0,0,0,0,0,0,0,0,0,0,0,0,0,0,0,0,0,0,0,0,0,0,0,0,0,0,0,0
Region 40,Region 12,0,0,0,0,0,0,0,0,0,0,0,0,0,0,0,0,0,0,0,0,0,0,0,0,0,0,0,0,0,0,0,0,0,0,0,0,0,0,0,0,0,0,0,0,0,0,0,0
Region 40,Region 13,0,0,0,0,0,0,0,0,0,0,0,0,0,0,0,0,0,0,0,0,0,0,0,0,0,0,0,0,0,0,0,0,0,0,0,0,0,0,0,0,0,0,0,0,0,0,0,0
Region 40,Region 14,0,0,0,0,0,0,0,0,0,0,0,0,0,0,0,0,0,0,0,0,0,0,0,0,0,0,0,0,0,0,0,0,0,0,0,0,0,0,0,0,0,0,0,0,0,0,0,0
Region 40,Region 15,0,0,0,0,0,0,0,0,0,0,0,0,0,0,0,0,0,0,0,0,0,0,0,0,0,0,0,0,0,0,0,0,0,0,0,0,0,0,0,0,0,0,0,0,0,0,0,0
Region 40,Region 16,0,0,0,0,0,0,0,0,0,0,0,0,0,0,0,0,0,0,0,0,0,0,0,0,0,0,0,0,0,0,0,0,0,0,0,0,0,0,0,0,0,0,0,0,0,0,0,0
Region 40,Region 17,0,0,0,0,0,0,0,0,0,0,0,0,0,0,0,0,0,0,0,0,0,0,0,0,0,0,0,0,0,0,0,0,0,0,0,0,0,0,0,0,0,0,0,0,0,0,0,0
Region 40,Region 18,0,0,0,0,0,0,0,0,0,0,0,0,0,0,0,0,0,0,0,0,0,0,0,0,0,0,0,0,0,0,0,0,0,0,0,0,0,0,0,0,0,0,0,0,0,0,0,0
Region 40,Region 19,0,0,0,0,0,0,0,0,0,0,0,0,0,0,0,0,0,0,0,0,0,0,0,0,0,0,0,0,0,0,0,0,0,0,0,0,0,0,0,0,0,0,0,0,0,0,0,0
Region 40,Region 20,0,0,0,0,0,0,0,0,0,0,0,0,0,0,0,0,0,0,0,0,0,0,0,0,0,0,0,0,0,0,0,0,0,0,0,0,0,0,0,0,0,0,0,0,0,0,0,0
Region 40,Region 21,0,0,0,0,0,0,0,0,0,0,0,0,0,0,0,0,0,0,0,0,0,0,0,0,0,0,0,0,0,0,0,0,0,0,0,0,0,0,0,0,0,0,0,0,0,0,0,0
Region 40,Region 22,0,0,0,0,0,0,0,0,0,0,0,0,0,0,0,0,0,0,0,0,0,0,0,0,0,0,0,0,0,0,0,0,0,0,0,0,0,0,0,0,0,0,0,0,0,0,0,0
Region 40,Region 23,0,0,0,0,0,0,0,0,0,0,0,0,0,0,0,0,0,0,0,0,0,0,0,0,0,0,0,0,0,0,0,0,0,0,0,0,0,0,0,0,0,0,0,0,0,0,0,0
Region 40,Region 24,0,0,0,0,0,0,0,0,0,0,0,0,0,0,0,0,0,0,0,0,0,0,0,0,0,0,0,0,0,0,0,0,0,0,0,0,0,0,0,0,0,0,0,0,0,0,0,0
Region 40,Region 25,0,0,0,0,0,0,0,0,0,0,0,0,0,0,0,0,0,0,0,0,0,0,0,0,0,0,0,0,0,0,0,0,0,0,0,0,0,0,0,0,0,0,0,0,0,0,0,0
Region 40,Region 26,0,0,0,0,0,0,0,0,0,0,0,0,0,0,0,0,0,0,0,0,0,0,0,0,0,0,0,0,0,0,0,0,0,0,0,0,0,0,0,0,0,0,0,0,0,0,0,0
Region 40,Region 27,0,0,0,0,0,0,0,0,0,0,0,0,0,0,0,0,0,0,0,0,0,0,0,0,0,0,0,0,0,0,0,0,0,0,0,0,0,0,0,0,0,0,0,0,0,0,0,0
Region 40,Region 28,0,0,0,0,0,0,0,0,0,0,0,0,0,0,0,0,0,0,0,0,0,0,0,0,0,0,0,0,0,0,0,0,0,0,0,0,0,0,0,0,0,0,0,0,0,0,0,0
Region 40,Region 29,0,0,0,0,0,0,0,0,0,0,0,0,0,0,0,0,0,0,0,0,0,0,0,0,0,0,0,0,0,0,0,0,0,0,0,0,0,0,0,0,0,0,0,0,0,0,0,0
Region 40,Region 30,0,0,0,0,0,0,0,0,0,0,0,0,0,0,0,0,0,0,0,0,0,0,0,0,0,0,0,0,0,0,0,0,0,0,0,0,0,0,0,0,0,0,0,0,0,0,0,0
Region 40,Region 31,0,0,0,0,0,0,0,0,0,0,0,0,0,0,0,0,0,0,0,0,0,0,0,0,0,0,0,0,0,0,0,0,0,0,0,0,0,0,0,0,0,0,0,0,0,0,0,0
Region 40,Region 32,0,0,0,0,0,0,0,0,0,0,0,0,0,0,0,0,0,0,0,0,0,0,0,0,0,0,0,0,0,0,0,0,0,0,0,0,0,0,0,0,0,0,0,0,0,0,0,0
Region 40,Region 33,0,0,0,0,0,0,0,0,0,0,0,0,0,0,0,0,0,0,0,0,0,0,0,0,0,0,0,0,0,0,0,0,0,0,0,0,0,0,0,0,0,0,0,0,0,0,0,0
Region 40,Region 34,0,0,0,0,0,0,0,0,0,0,0,0,0,0,0,0,0,0,0,0,0,0,0,0,0,0,0,0,0,0,0,0,0,0,0,0,0,0,0,0,0,0,0,0,0,0,0,0
Region 40,Region 35,0,0,0,0,0,0,0,0,0,0,0,0,0,0,0,0,0,0,0,0,0,0,0,0,0,0,0,0,0,0,0,0,0,0,0,0,0,0,0,0,0,0,0,0,0,0,0,0
Region 40,Region 36,0,0,0,0,0,0,0,0,0,0,0,0,0,0,0,0,0,0,0,0,0,0,0,0,0,0,0,0,0,0,0,0,0,0,0,0,0,0,0,0,0,0,0,0,0,0,0,0
Region 40,Region 37,0,0,0,0,0,0,0,0,0,0,0,0,0,0,0,0,0,0,0,0,0,0,0,0,0,0,0,0,0,0,0,0,0,0,0,0,0,0,0,0,0,0,0,0,0,0,0,0
Region 40,Region 38,0,0,0,0,0,0,0,0,0,0,0,0,0,0,0,0,0,0,0,0,0,0,0,0,0,0,0,0,0,0,0,0,0,0,0,0,0,0,0,0,0,0,0,0,0,0,0,0
Region 40,Region 39,0,0,0,0,0,0,0,0,0,0,0,0,0,0,0,0,0,0,0,0,0,0,0,0,0,0,0,0,0,0,0,0,0,0,0,0,0,0,0,0,0,0,0,0,0,0,0,0
Region 40,Region 40,0,0,0,0,0,0,0,0,0,0,0,0,0,0,0,0,0,0,0,0,0,0,0,0,0,0,0,0,0,0,0,0,0,0,0,0,0,0,0,0,0,0,0,0,0,0,0,0
Region 40,Region 41,0,0,0,0,0,0,0,0,0,0,0,0,0,0,0,0,0,0,0,0,0,0,0,0,0,0,0,0,0,0,0,0,0,0,0,0,0,0,0,0,0,0,0,0,0,0,0,0
Region 40,Region 42,0,0,0,0,0,0,0,0,0,0,0,0,0,0,0,0,0,0,0,0,0,0,0,0,0,0,0,0,0,0,0,0,0,0,0,0,0,0,0,0,0,0,0,0,0,0,0,0
Region 40,Region 43,0,0,0,0,0,0,0,0,0,0,0,0,0,0,0,0,0,0,0,0,0,0,0,0,0,0,0,0,0,0,0,0,0,0,0,0,0,0,0,0,0,0,0,0,0,0,0,0
Region 40,Region 44,0,0,0,0,0,0,0,0,0,0,0,0,0,0,0,0,0,0,0,0,0,0,0,0,0,0,0,0,0,0,0,0,0,0,0,0,0,0,0,0,0,0,0,0,0,0,0,0
Region 40,Region 45,0,0,0,0,0,0,0,0,0,0,0,0,0,0,0,0,0,0,0,0,0,0,0,0,0,0,0,0,0,0,0,0,0,0,0,0,0,0,0,0,0,0,0,0,0,0,0,0
Region 40,Region 46,0,0,0,0,0,0,0,0,0,0,0,0,0,0,0,0,0,0,0,0,0,0,0,0,0,0,0,0,0,0,0,0,0,0,0,0,0,0,0,0,0,0,0,0,0,0,0,0
Region 40,Region 47,1,0.004,0,0,0,0,0,0,0,0,0,0,0,0,0,0,0,0,0,0,0,0,0,0,0,0,0,0,0,0,0,0,0,0,0,0,0,0,0,0,0,0,0,0,0,0,0,0
Region 40,Region 48,0,0,0,0,0,0,0,0,0,0,0,0,0,0,0,0,0,0,0,0,0,0,0,0,0,0,0,0,0,0,0,0,0,0,0,0,0,0,0,0,0,0,0,0,0,0,0,0
Region 40,Region 49,0,0,0,0,0,0,0,0,0,0,0,0,0,0,0,0,0,0,0,0,0,0,0,0,0,0,0,0,0,0,0,0,0,0,0,0,0,0,0,0,0,0,0,0,0,0,0,0
Region 40,Region 50,0,0,0,0,0,0,0,0,0,0,0,0,0,0,0,0,0,0,1,0.003,0,0,0,0,0,0,0,0,0,0,0,0,0,0,0,0,0,0,0,0,0,0,0,0,0,0,0,0
Region 40,Region 51,0,0,0,0,0,0,0,0,0,0,0,0,0,0,0,0,0,0,0,0,0,0,0,0,0,0,0,0,0,0,0,0,0,0,0,0,0,0,0,0,0,0,0,0,0,0,0,0
Region 40,Region 52,0,0,0,0,0,0,0,0,0,0,0,0,0,0,0,0,0,0,0,0,0,0,0,0,0,0,0,0,0,0,0,0,0,0,0,0,0,0,0,0,0,0,0,0,0,0,0,0
Region 40,Region 53,0,0,0,0,0,0,0,0,0,0,0,0,0,0,0,0,0,0,0,0,0,0,0,0,0,0,0,0,0,0,0,0,0,0,0,0,0,0,0,0,0,0,0,0,0,0,0,0
Region 40,Region 54,0,0,0,0,0,0,0,0,0,0,0,0,0,0,0,0,0,0,0,0,0,0,0,0,0,0,0,0,0,0,0,0,0,0,0,0,0,0,0,0,0,0,0,0,0,0,0,0
Region 40,Region 55,0,0,0,0,0,0,0,0,0,0,0,0,0,0,0,0,0,0,0,0,0,0,0,0,0,0,0,0,0,0,0,0,0,0,0,0,0,0,0,0,0,0,0,0,0,0,0,0
Region 40,Region 56,0,0,0,0,0,0,0,0,0,0,0,0,0,0,0,0,0,0,0,0,0,0,0,0,0,0,0,0,0,0,0,0,0,0,0,0,0,0,0,0,0,0,0,0,0,0,0,0
Region 40,Region 57,0,0,0,0,0,0,0,0,0,0,0,0,0,0,0,0,0,0,0,0,0,0,0,0,0,0,0,0,0,0,0,0,0,0,0,0,0,0,0,0,0,0,0,0,0,0,0,0
Region 40,Region 58,0,0,0,0,0,0,0,0,0,0,0,0,0,0,0,0,0,0,0,0,0,0,0,0,0,0,0,0,0,0,0,0,0,0,0,0,0,0,0,0,0,0,0,0,0,0,0,0
Region 40,Region 59,0,0,0,0,0,0,0,0,0,0,0,0,0,0,0,0,0,0,0,0,0,0,0,0,0,0,0,0,0,0,0,0,0,0,0,0,0,0,0,0,0,0,0,0,0,0,0,0
Region 40,Region 60,0,0,0,0,0,0,0,0,0,0,0,0,0,0,0,0,0,0,0,0,0,0,0,0,0,0,0,0,0,0,0,0,0,0,0,0,0,0,0,0,0,0,0,0,0,0,0,0
Region 40,Region 61,0,0,0,0,0,0,0,0,0,0,0,0,0,0,0,0,0,0,0,0,0,0,0,0,0,0,0,0,0,0,0,0,0,0,0,0,0,0,0,0,0,0,0,0,0,0,0,0
Region 40,Region 62,0,0,0,0,0,0,0,0,0,0,0,0,0,0,0,0,0,0,0,0,0,0,0,0,0,0,0,0,0,0,0,0,0,0,0,0,0,0,0,0,0,0,0,0,0,0,0,0
Region 40,Region 63,0,0,0,0,0,0,0,0,0,0,0,0,0,0,0,0,0,0,0,0,0,0,0,0,0,0,0,0,0,0,0,0,0,0,0,0,0,0,0,0,0,0,0,0,0,0,0,0
Region 40,Region 64,0,0,0,0,0,0,0,0,0,0,0,0,0,0,0,0,0,0,0,0,0,0,0,0,0,0,0,0,0,0,0,0,0,0,0,0,0,0,0,0,0,0,0,0,0,0,0,0
Region 40,Region 65,0,0,0,0,0,0,0,0,0,0,0,0,0,0,0,0,0,0,0,0,0,0,0,0,0,0,0,0,0,0,0,0,0,0,0,0,0,0,0,0,0,0,0,0,0,0,0,0
Region 40,Region 66,0,0,0,0,0,0,0,0,0,0,0,0,0,0,0,0,0,0,0,0,0,0,0,0,0,0,0,0,0,0,0,0,0,0,0,0,0,0,0,0,0,0,0,0,0,0,0,0
Region 40,Region 67,0,0,0,0,0,0,0,0,0,0,0,0,0,0,0,0,0,0,0,0,0,0,0,0,0,0,0,0,0,0,0,0,0,0,0,0,0,0,0,0,0,0,0,0,0,0,0,0
Region 40,Region 68,0,0,0,0,0,0,0,0,0,0,0,0,0,0,0,0,0,0,0,0,0,0,0,0,0,0,0,0,0,0,0,0,0,0,0,0,0,0,0,0,0,0,0,0,0,0,0,0
Region 40,Region 69,0,0,0,0,0,0,0,0,0,0,0,0,0,0,0,0,0,0,0,0,0,0,0,0,0,0,0,0,0,0,0,0,0,0,0,0,0,0,0,0,0,0,0,0,0,0,0,0
Region 40,Region 70,0,0,0,0,0,0,0,0,0,0,0,0,0,0,0,0,0,0,0,0,0,0,0,0,0,0,0,0,0,0,0,0,0,0,0,0,0,0,0,0,0,0,0,0,0,0,0,0
Region 40,Region 71,0,0,0,0,0,0,0,0,0,0,0,0,0,0,0,0,0,0,1,0.003,0,0,0,0,0,0,0,0,0,0,1,0.002,0,0,1,0.002,0,0,0,0,0,0,0,0,1,0.003,1,0.003
Region 40,Region 72,0,0,0,0,0,0,0,0,0,0,0,0,0,0,0,0,0,0,0,0,0,0,0,0,0,0,0,0,0,0,0,0,0,0,0,0,0,0,0,0,0,0,0,0,0,0,0,0
Region 40,Region 73,0,0,0,0,0,0,0,0,0,0,0,0,0,0,0,0,0,0,0,0,0,0,0,0,0,0,0,0,0,0,0,0,0,0,0,0,0,0,0,0,0,0,0,0,0,0,0,0
Region 40,Region 74,0,0,0,0,0,0,0,0,0,0,0,0,0,0,0,0,0,0,0,0,0,0,0,0,0,0,0,0,0,0,0,0,0,0,0,0,0,0,0,0,0,0,0,0,0,0,0,0
Region 40,Region 75,0,0,0,0,0,0,0,0,0,0,0,0,0,0,0,0,0,0,0,0,0,0,0,0,0,0,0,0,0,0,0,0,0,0,0,0,0,0,0,0,0,0,0,0,0,0,0,0
Region 41,Region 0,0,0,0,0,0,0,0,0,1,0.018,0,0,0,0,0,0,0,0,0,0,0,0,0,0,0,0,0,0,0,0,0,0,0,0,0,0,0,0,2,0.004,1,0.002,3,0.007,3,0.008,0,0
Region 41,Region 1,0,0,0,0,0,0,0,0,0,0,0,0,0,0,0,0,0,0,0,0,0,0,0,0,0,0,0,0,0,0,0,0,0,0,0,0,0,0,0,0,0,0,0,0,0,0,0,0
Region 41,Region 2,0,0,0,0,0,0,0,0,0,0,0,0,0,0,0,0,0,0,0,0,0,0,0,0,0,0,0,0,1,0.003,1,0.002,1,0.002,0,0,0,0,1,0.002,1,0.002,0,0,0,0,0,0
Region 41,Region 3,1,0.004,0,0,0,0,0,0,0,0,0,0,0,0,0,0,1,0.006,1,0.003,1,0.002,0,0,0,0,1,0.003,1,0.003,2,0.005,2,0.005,4,0.008,4,0.008,3,0.006,0,0,1,0.002,0,0,0,0
Region 41,Region 4,4,0.014,2,0.012,0,0,0,0,0,0,0,0,0,0,0,0,1,0.006,3,0.008,3,0.006,4,0.009,5,0.013,5,0.013,7,0.018,11,0.027,9,0.022,14,0.029,22,0.042,31,0.064,16,0.032,5,0.011,5,0.013,5,0.016
Region 41,Region 5,1,0.004,0,0,0,0,0,0,0,0,0,0,0,0,0,0,0,0,1,0.003,1,0.002,0,0,0,0,0,0,0,0,0,0,0,0,0,0,1,0.002,1,0.002,0,0,0,0,0,0,1,0.003
Region 41,Region 6,0,0,0,0,0,0,0,0,0,0,0,0,0,0,0,0,0,0,0,0,0,0,0,0,0,0,0,0,0,0,0,0,0,0,0,0,0,0,0,0,0,0,0,0,0,0,0,0
Region 41,Region 7,0,0,0,0,0,0,0,0,0,0,0,0,0,0,1,0.012,1,0.006,0,0,0,0,1,0.002,2,0.005,2,0.005,2,0.005,1,0.002,0,0,0,0,1,0.002,2,0.004,0,0,0,0,0,0,0,0
Region 41,Region 8,0,0,0,0,0,0,0,0,0,0,0,0,0,0,0,0,0,0,1,0.003,1,0.002,0,0,1,0.003,0,0,0,0,0,0,0,0,0,0,1,0.002,1,0.002,1,0.002,0,0,4,0.011,0,0
Region 41,Region 9,0,0,0,0,0,0,0,0,0,0,0,0,0,0,0,0,0,0,0,0,0,0,0,0,0,0,0,0,0,0,0,0,0,0,0,0,0,0,0,0,0,0,0,0,0,0,0,0
Region 41,Region 10,1,0.004,0,0,0,0,0,0,0,0,0,0,0,0,0,0,0,0,0,0,0,0,0,0,0,0,0,0,0,0,0,0,2,0.005,1,0.002,2,0.004,4,0.008,1,0.002,1,0.002,2,0.005,2,0.006
Region 41,Region 11,0,0,0,0,0,0,0,0,0,0,0,0,0,0,0,0,0,0,0,0,0,0,0,0,0,0,0,0,0,0,0,0,0,0,0,0,0,0,0,0,0,0,0,0,0,0,0,0
Region 41,Region 12,11,0.039,5,0.029,4,0.033,4,0.05,6,0.111,6,0.136,5,0.105,8,0.098,9,0.054,5,0.013,5,0.01,7,0.015,12,0.031,14,0.037,15,0.038,15,0.037,15,0.036,21,0.044,23,0.044,23,0.048,29,0.057,25,0.054,12,0.032,9,0.028
Region 41,Region 13,2,0.007,2,0.012,3,0.025,0,0,0,0,0,0,0,0,0,0,0,0,1,0.003,0,0,0,0,1,0.003,1,0.003,2,0.005,3,0.007,6,0.014,2,0.004,6,0.011,6,0.012,7,0.014,5,0.011,2,0.005,5,0.016
Region 41,Region 14,5,0.018,3,0.018,2,0.016,2,0.025,3,0.055,6,0.136,5,0.105,5,0.062,5,0.03,1,0.003,0,0,2,0.004,4,0.01,6,0.016,7,0.018,8,0.02,10,0.024,14,0.029,16,0.03,15,0.031,13,0.026,14,0.03,9,0.024,8,0.025
Region 41,Region 15,0,0,0,0,0,0,0,0,0,0,0,0,0,0,0,0,0,0,0,0,0,0,0,0,0,0,0,0,0,0,0,0,0,0,0,0,0,0,0,0,0,0,0,0,0,0,0,0
Region 41,Region 16,0,0,0,0,0,0,0,0,0,0,0,0,0,0,0,0,0,0,0,0,0,0,0,0,0,0,0,0,0,0,0,0,0,0,0,0,0,0,0,0,0,0,0,0,0,0,0,0
Region 41,Region 17,0,0,0,0,0,0,0,0,0,0,0,0,0,0,1,0.012,0,0,1,0.003,2,0.004,1,0.002,0,0,1,0.003,2,0.005,3,0.007,2,0.005,3,0.006,5,0.01,9,0.019,4,0.008,1,0.002,2,0.005,1,0.003
Region 41,Region 18,0,0,0,0,0,0,0,0,0,0,0,0,0,0,1,0.012,1,0.006,1,0.003,2,0.004,1,0.002,0,0,0,0,0,0,0,0,0,0,0,0,0,0,0,0,0,0,0,0,0,0,1,0.003
Region 41,Region 19,0,0,0,0,1,0.008,1,0.012,0,0,0,0,1,0.021,0,0,0,0,0,0,0,0,0,0,3,0.008,3,0.008,1,0.003,1,0.002,2,0.005,3,0.006,0,0,0,0,1,0.002,1,0.002,1,0.003,1,0.003
Region 41,Region 20,2,0.007,1,0.006,1,0.008,0,0,0,0,0,0,1,0.021,0,0,0,0,0,0,1,0.002,1,0.002,1,0.003,0,0,0,0,2,0.005,1,0.002,1,0.002,2,0.004,1,0.002,7,0.014,8,0.017,1,0.003,0,0
Region 41,Region 21,0,0,0,0,0,0,0,0,0,0,0,0,0,0,0,0,0,0,0,0,0,0,0,0,0,0,0,0,2,0.005,0,0,0,0,1,0.002,4,0.008,3,0.006,2,0.004,0,0,0,0,0,0
Region 41,Region 22,1,0.004,1,0.006,0,0,0,0,0,0,0,0,0,0,0,0,0,0,0,0,0,0,0,0,0,0,0,0,0,0,2,0.005,1,0.002,2,0.004,3,0.006,3,0.006,4,0.008,3,0.007,1,0.003,1,0.003
Region 41,Region 23,1,0.004,2,0.012,3,0.025,3,0.037,0,0,0,0,0,0,0,0,0,0,0,0,2,0.004,2,0.004,0,0,1,0.003,3,0.008,5,0.012,2,0.005,4,0.008,13,0.025,16,0.033,8,0.016,3,0.007,0,0,0,0
Region 41,Region 24,0,0,0,0,0,0,0,0,0,0,0,0,0,0,0,0,0,0,0,0,0,0,0,0,0,0,0,0,0,0,1,0.002,0,0,0,0,0,0,1,0.002,1,0.002,0,0,0,0,1,0.003
Region 41,Region 25,0,0,0,0,0,0,0,0,0,0,0,0,0,0,0,0,0,0,0,0,0,0,0,0,0,0,0,0,0,0,0,0,0,0,0,0,1,0.002,0,0,2,0.004,0,0,1,0.003,0,0
Region 41,Region 26,0,0,0,0,0,0,0,0,0,0,0,0,0,0,0,0,0,0,0,0,0,0,1,0.002,0,0,0,0,0,0,0,0,1,0.002,1,0.002,0,0,3,0.006,2,0.004,0,0,0,0,0,0
Region 41,Region 27,0,0,0,0,0,0,0,0,0,0,0,0,0,0,0,0,0,0,0,0,0,0,0,0,0,0,0,0,0,0,0,0,0,0,0,0,0,0,0,0,0,0,0,0,0,0,0,0
Region 41,Region 28,0,0,0,0,0,0,0,0,0,0,0,0,0,0,0,0,0,0,0,0,0,0,0,0,0,0,0,0,0,0,0,0,0,0,0,0,0,0,0,0,0,0,0,0,0,0,0,0
Region 41,Region 29,5,0.018,1,0.006,0,0,0,0,0,0,0,0,0,0,0,0,1,0.006,0,0,1,0.002,1,0.002,0,0,1,0.003,2,0.005,2,0.005,0,0,9,0.019,11,0.021,3,0.006,3,0.006,2,0.004,3,0.008,2,0.006
Region 41,Region 30,1,0.004,0,0,0,0,0,0,0,0,0,0,0,0,0,0,0,0,0,0,0,0,0,0,1,0.003,1,0.003,1,0.003,1,0.002,0,0,3,0.006,3,0.006,2,0.004,0,0,0,0,0,0,0,0
Region 41,Region 31,0,0,0,0,0,0,0,0,0,0,0,0,0,0,0,0,0,0,0,0,0,0,0,0,0,0,0,0,0,0,0,0,1,0.002,0,0,2,0.004,0,0,2,0.004,1,0.002,1,0.003,1,0.003
Region 41,Region 32,2,0.007,0,0,0,0,0,0,0,0,0,0,1,0.021,0,0,0,0,3,0.008,1,0.002,3,0.007,2,0.005,5,0.013,5,0.013,2,0.005,1,0.002,7,0.015,11,0.021,12,0.025,13,0.026,3,0.007,1,0.003,2,0.006
Region 41,Region 33,0,0,0,0,0,0,0,0,0,0,0,0,0,0,0,0,0,0,0,0,0,0,0,0,0,0,0,0,0,0,1,0.002,0,0,0,0,1,0.002,3,0.006,0,0,2,0.004,2,0.005,1,0.003
Region 41,Region 34,0,0,0,0,0,0,0,0,0,0,0,0,0,0,0,0,0,0,0,0,0,0,0,0,0,0,0,0,0,0,0,0,0,0,0,0,0,0,0,0,0,0,0,0,0,0,0,0
Region 41,Region 35,0,0,0,0,0,0,0,0,0,0,0,0,0,0,0,0,0,0,0,0,0,0,0,0,0,0,0,0,0,0,0,0,0,0,0,0,0,0,0,0,0,0,0,0,0,0,0,0
Region 41,Region 36,1,0.004,0,0,1,0.008,1,0.012,1,0.018,1,0.023,1,0.021,0,0,0,0,0,0,1,0.002,1,0.002,1,0.003,0,0,0,0,1,0.002,2,0.005,2,0.004,0,0,5,0.01,1,0.002,0,0,0,0,0,0
Region 41,Region 37,1,0.004,0,0,1,0.008,0,0,0,0,0,0,0,0,2,0.025,2,0.012,0,0,0,0,2,0.004,1,0.003,0,0,1,0.003,1,0.002,1,0.002,0,0,1,0.002,1,0.002,3,0.006,0,0,0,0,0,0
Region 41,Region 38,0,0,0,0,0,0,0,0,0,0,0,0,0,0,0,0,0,0,0,0,0,0,0,0,1,0.003,0,0,0,0,0,0,0,0,1,0.002,1,0.002,3,0.006,2,0.004,1,0.002,0,0,0,0
Region 41,Region 39,0,0,0,0,0,0,0,0,0,0,0,0,0,0,0,0,0,0,0,0,0,0,0,0,0,0,0,0,0,0,0,0,0,0,0,0,1,0.002,1,0.002,0,0,0,0,0,0,0,0
Region 41,Region 40,0,0,0,0,0,0,0,0,0,0,0,0,0,0,0,0,0,0,0,0,0,0,0,0,0,0,0,0,0,0,0,0,0,0,0,0,0,0,0,0,0,0,0,0,0,0,0,0
Region 41,Region 41,6,0.021,2,0.012,8,0.066,2,0.025,2,0.037,2,0.045,1,0.021,3,0.037,7,0.042,10,0.026,14,0.028,6,0.013,8,0.021,2,0.005,6,0.015,8,0.02,4,0.01,6,0.012,7,0.013,11,0.023,6,0.012,4,0.009,6,0.016,5,0.016
Region 41,Region 42,0,0,0,0,0,0,0,0,0,0,0,0,0,0,0,0,0,0,0,0,0,0,0,0,0,0,0,0,0,0,0,0,0,0,0,0,0,0,0,0,0,0,0,0,0,0,0,0
Region 41,Region 43,1,0.004,0,0,0,0,0,0,0,0,0,0,0,0,0,0,1,0.006,0,0,0,0,0,0,0,0,0,0,0,0,1,0.002,1,0.002,0,0,0,0,0,0,0,0,0,0,0,0,0,0
Region 41,Region 44,0,0,0,0,0,0,0,0,0,0,0,0,0,0,0,0,0,0,0,0,0,0,0,0,0,0,0,0,0,0,0,0,0,0,0,0,0,0,0,0,0,0,0,0,0,0,0,0
Region 41,Region 45,1,0.004,0,0,1,0.008,0,0,0,0,0,0,0,0,0,0,0,0,0,0,0,0,1,0.002,0,0,0,0,0,0,0,0,0,0,0,0,0,0,0,0,0,0,0,0,1,0.003,2,0.006
Region 41,Region 46,0,0,0,0,1,0.008,1,0.012,0,0,1,0.023,0,0,2,0.025,1,0.006,2,0.005,4,0.008,5,0.011,5,0.013,3,0.008,5,0.013,10,0.024,7,0.017,7,0.015,7,0.013,5,0.01,5,0.01,4,0.009,3,0.008,1,0.003
Region 41,Region 47,4,0.014,0,0,1,0.008,1,0.012,0,0,1,0.023,1,0.021,2,0.025,4,0.024,4,0.011,5,0.01,2,0.004,3,0.008,10,0.026,9,0.023,6,0.015,9,0.022,12,0.025,19,0.036,18,0.037,15,0.03,12,0.026,5,0.013,4,0.013
Region 41,Region 48,0,0,0,0,0,0,0,0,0,0,0,0,0,0,1,0.012,1,0.006,1,0.003,1,0.002,1,0.002,1,0.003,1,0.003,1,0.003,1,0.002,0,0,1,0.002,0,0,1,0.002,1,0.002,1,0.002,2,0.005,1,0.003
Region 41,Region 49,0,0,0,0,0,0,0,0,0,0,0,0,0,0,0,0,0,0,0,0,0,0,0,0,0,0,0,0,0,0,0,0,0,0,0,0,0,0,0,0,2,0.004,3,0.007,1,0.003,0,0
Region 41,Region 50,1,0.004,0,0,0,0,2,0.025,0,0,0,0,0,0,2,0.025,1,0.006,7,0.018,2,0.004,2,0.004,1,0.003,1,0.003,0,0,0,0,1,0.002,2,0.004,5,0.01,5,0.01,4,0.008,3,0.007,0,0,1,0.003
Region 41,Region 51,0,0,0,0,0,0,0,0,0,0,0,0,0,0,0,0,0,0,0,0,0,0,0,0,0,0,0,0,0,0,0,0,1,0.002,1,0.002,1,0.002,3,0.006,3,0.006,2,0.004,0,0,0,0
Region 41,Region 52,1,0.004,0,0,1,0.008,1,0.012,0,0,1,0.023,1,0.021,1,0.012,1,0.006,2,0.005,1,0.002,3,0.007,3,0.008,2,0.005,1,0.003,2,0.005,3,0.007,3,0.006,4,0.008,3,0.006,2,0.004,1,0.002,1,0.003,0,0
Region 41,Region 53,0,0,0,0,0,0,0,0,0,0,0,0,0,0,0,0,0,0,0,0,1,0.002,0,0,0,0,0,0,0,0,0,0,1,0.002,0,0,1,0.002,1,0.002,0,0,0,0,0,0,0,0
Region 41,Region 54,4,0.014,1,0.006,0,0,0,0,0,0,0,0,0,0,1,0.012,0,0,0,0,0,0,0,0,0,0,0,0,0,0,0,0,0,0,0,0,1,0.002,1,0.002,0,0,1,0.002,0,0,0,0
Region 41,Region 55,0,0,0,0,0,0,0,0,0,0,0,0,0,0,0,0,0,0,0,0,0,0,0,0,0,0,1,0.003,1,0.003,0,0,0,0,1,0.002,1,0.002,4,0.008,3,0.006,0,0,1,0.003,1,0.003
Region 41,Region 56,0,0,0,0,0,0,0,0,0,0,0,0,0,0,0,0,0,0,0,0,0,0,0,0,0,0,0,0,0,0,1,0.002,1,0.002,0,0,1,0.002,3,0.006,1,0.002,0,0,0,0,0,0
Region 41,Region 57,0,0,0,0,0,0,0,0,0,0,0,0,0,0,1,0.012,0,0,0,0,2,0.004,1,0.002,0,0,0,0,0,0,0,0,0,0,2,0.004,2,0.004,2,0.004,1,0.002,1,0.002,2,0.005,0,0
Region 41,Region 58,1,0.004,2,0.012,2,0.016,0,0,0,0,0,0,0,0,3,0.037,3,0.018,3,0.008,3,0.006,2,0.004,1,0.003,3,0.008,3,0.008,2,0.005,2,0.005,5,0.01,6,0.011,2,0.004,3,0.006,5,0.011,3,0.008,1,0.003
Region 41,Region 59,0,0,0,0,0,0,0,0,0,0,0,0,0,0,0,0,0,0,0,0,0,0,0,0,0,0,0,0,0,0,0,0,0,0,1,0.002,0,0,0,0,0,0,0,0,0,0,0,0
Region 41,Region 60,0,0,0,0,0,0,0,0,0,0,0,0,1,0.021,0,0,1,0.006,1,0.003,2,0.004,1,0.002,0,0,1,0.003,1,0.003,1,0.002,0,0,0,0,1,0.002,3,0.006,1,0.002,0,0,0,0,0,0
Region 41,Region 61,0,0,0,0,0,0,0,0,0,0,0,0,0,0,0,0,0,0,0,0,0,0,0,0,0,0,0,0,1,0.003,0,0,0,0,0,0,0,0,0,0,0,0,1,0.002,0,0,0,0
Region 41,Region 62,5,0.018,7,0.041,5,0.041,9,0.112,3,0.055,2,0.045,4,0.084,9,0.111,12,0.073,19,0.05,20,0.04,8,0.017,7,0.018,14,0.037,16,0.041,16,0.039,17,0.041,27,0.056,45,0.086,71,0.147,34,0.067,10,0.022,11,0.029,7,0.022
Region 41,Region 63,0,0,0,0,0,0,0,0,0,0,0,0,0,0,0,0,0,0,0,0,0,0,0,0,0,0,0,0,0,0,0,0,0,0,1,0.002,0,0,0,0,0,0,0,0,0,0,0,0
Region 41,Region 64,0,0,0,0,1,0.008,1,0.012,1,0.018,0,0,0,0,1,0.012,1,0.006,0,0,0,0,1,0.002,1,0.003,3,0.008,1,0.003,0,0,1,0.002,2,0.004,1,0.002,0,0,2,0.004,2,0.004,1,0.003,0,0
Region 41,Region 65,0,0,0,0,0,0,0,0,0,0,0,0,0,0,0,0,0,0,0,0,0,0,1,0.002,0,0,0,0,1,0.003,1,0.002,4,0.01,2,0.004,8,0.015,2,0.004,1,0.002,1,0.002,0,0,0,0
Region 41,Region 66,3,0.011,2,0.012,2,0.016,3,0.037,1,0.018,2,0.045,1,0.021,3,0.037,3,0.018,4,0.011,6,0.012,4,0.009,4,0.01,5,0.013,3,0.008,3,0.007,8,0.019,9,0.019,17,0.032,20,0.041,12,0.024,6,0.013,6,0.016,7,0.022
Region 41,Region 67,0,0,1,0.006,1,0.008,0,0,0,0,0,0,1,0.021,1,0.012,1,0.006,2,0.005,2,0.004,0,0,1,0.003,1,0.003,0,0,2,0.005,3,0.007,2,0.004,1,0.002,1,0.002,1,0.002,0,0,1,0.003,0,0
Region 41,Region 68,2,0.007,0,0,0,0,0,0,0,0,0,0,0,0,1,0.012,2,0.012,3,0.008,2,0.004,1,0.002,0,0,1,0.003,0,0,1,0.002,0,0,2,0.004,4,0.008,4,0.008,6,0.012,3,0.007,2,0.005,5,0.016
Region 41,Region 69,1,0.004,1,0.006,0,0,0,0,0,0,0,0,0,0,1,0.012,2,0.012,1,0.003,1,0.002,1,0.002,1,0.003,1,0.003,1,0.003,2,0.005,3,0.007,2,0.004,3,0.006,2,0.004,4,0.008,3,0.007,1,0.003,1,0.003
Region 41,Region 70,0,0,2,0.012,2,0.016,2,0.025,2,0.037,0,0,0,0,0,0,0,0,0,0,0,0,0,0,1,0.003,2,0.005,1,0.003,1,0.002,0,0,0,0,0,0,0,0,0,0,0,0,0,0,0,0
Region 41,Region 71,4,0.014,2,0.012,1,0.008,1,0.012,0,0,0,0,0,0,0,0,0,0,1,0.003,2,0.004,2,0.004,1,0.003,2,0.005,6,0.015,4,0.01,6,0.014,14,0.029,16,0.03,23,0.048,18,0.036,8,0.017,3,0.008,2,0.006
Region 41,Region 72,0,0,0,0,0,0,0,0,0,0,0,0,0,0,0,0,0,0,0,0,0,0,0,0,0,0,0,0,0,0,0,0,0,0,0,0,0,0,0,0,0,0,0,0,0,0,0,0
Region 41,Region 73,0,0,0,0,0,0,0,0,0,0,0,0,0,0,0,0,0,0,0,0,7,0.014,0,0,0,0,0,0,1,0.003,0,0,0,0,0,0,0,0,0,0,0,0,0,0,0,0,0,0
Region 41,Region 74,1,0.004,0,0,0,0,0,0,0,0,0,0,0,0,0,0,0,0,0,0,0,0,0,0,0,0,0,0,0,0,0,0,0,0,1,0.002,0,0,0,0,2,0.004,3,0.007,2,0.005,1,0.003
Region 41,Region 75,0,0,0,0,0,0,0,0,0,0,0,0,0,0,0,0,0,0,0,0,1,0.002,0,0,0,0,0,0,1,0.003,0,0,0,0,1,0.002,1,0.002,1,0.002,2,0.004,1,0.002,0,0,0,0
Region 42,Region 0,0,0,0,0,0,0,0,0,0,0,0,0,0,0,0,0,0,0,0,0,0,0,0,0,0,0,0,0,0,0,0,0,0,0,0,0,0,0,0,0,0,0,0,0,0,0,0,0
Region 42,Region 1,0,0,0,0,0,0,0,0,0,0,0,0,0,0,0,0,0,0,0,0,0,0,0,0,0,0,0,0,0,0,0,0,0,0,0,0,0,0,0,0,0,0,0,0,0,0,0,0
Region 42,Region 2,0,0,0,0,0,0,0,0,0,0,0,0,0,0,0,0,0,0,0,0,0,0,0,0,0,0,0,0,0,0,0,0,0,0,0,0,0,0,0,0,0,0,0,0,0,0,0,0
Region 42,Region 3,0,0,0,0,0,0,0,0,0,0,0,0,0,0,0,0,0,0,0,0,0,0,0,0,0,0,0,0,0,0,0,0,0,0,0,0,0,0,0,0,0,0,0,0,0,0,0,0
Region 42,Region 4,0,0,0,0,0,0,0,0,0,0,0,0,0,0,0,0,0,0,0,0,0,0,0,0,0,0,0,0,0,0,0,0,0,0,0,0,0,0,0,0,0,0,0,0,0,0,0,0
Region 42,Region 5,0,0,0,0,0,0,0,0,0,0,0,0,0,0,0,0,0,0,0,0,0,0,0,0,0,0,0,0,0,0,0,0,0,0,0,0,0,0,0,0,0,0,0,0,0,0,0,0
Region 42,Region 6,0,0,0,0,0,0,0,0,0,0,0,0,0,0,0,0,0,0,0,0,0,0,0,0,0,0,0,0,0,0,0,0,0,0,0,0,0,0,0,0,0,0,0,0,0,0,0,0
Region 42,Region 7,0,0,0,0,0,0,0,0,0,0,0,0,0,0,0,0,0,0,0,0,0,0,0,0,0,0,0,0,0,0,0,0,0,0,0,0,0,0,0,0,0,0,0,0,0,0,0,0
Region 42,Region 8,0,0,0,0,0,0,0,0,0,0,0,0,0,0,0,0,0,0,0,0,0,0,0,0,0,0,0,0,0,0,0,0,0,0,0,0,0,0,0,0,0,0,0,0,0,0,0,0
Region 42,Region 9,0,0,0,0,0,0,0,0,0,0,0,0,0,0,0,0,0,0,0,0,0,0,0,0,0,0,0,0,0,0,0,0,0,0,0,0,0,0,0,0,0,0,0,0,0,0,0,0
Region 42,Region 10,0,0,0,0,0,0,0,0,0,0,0,0,0,0,0,0,0,0,0,0,0,0,0,0,0,0,0,0,0,0,0,0,0,0,0,0,0,0,0,0,0,0,0,0,0,0,0,0
Region 42,Region 11,0,0,0,0,0,0,0,0,0,0,0,0,0,0,0,0,0,0,0,0,0,0,0,0,0,0,0,0,0,0,0,0,0,0,0,0,0,0,0,0,0,0,0,0,0,0,0,0
Region 42,Region 12,0,0,0,0,0,0,0,0,0,0,0,0,0,0,0,0,0,0,0,0,0,0,0,0,0,0,0,0,0,0,0,0,0,0,0,0,0,0,0,0,0,0,0,0,0,0,0,0
Region 42,Region 13,0,0,0,0,0,0,0,0,0,0,0,0,0,0,0,0,0,0,0,0,0,0,0,0,0,0,0,0,0,0,0,0,0,0,0,0,0,0,0,0,0,0,0,0,0,0,0,0
Region 42,Region 14,0,0,0,0,0,0,0,0,0,0,0,0,0,0,0,0,0,0,0,0,0,0,0,0,0,0,0,0,0,0,0,0,0,0,0,0,0,0,0,0,0,0,0,0,0,0,0,0
Region 42,Region 15,0,0,0,0,0,0,0,0,0,0,0,0,0,0,0,0,0,0,0,0,0,0,0,0,0,0,0,0,0,0,0,0,0,0,0,0,0,0,0,0,0,0,0,0,0,0,0,0
Region 42,Region 16,0,0,0,0,0,0,0,0,0,0,0,0,0,0,0,0,0,0,0,0,0,0,0,0,0,0,0,0,0,0,0,0,0,0,0,0,0,0,0,0,0,0,0,0,0,0,0,0
Region 42,Region 17,0,0,0,0,0,0,0,0,0,0,0,0,0,0,0,0,0,0,0,0,0,0,0,0,0,0,0,0,0,0,0,0,0,0,0,0,0,0,0,0,0,0,0,0,0,0,0,0
Region 42,Region 18,0,0,0,0,0,0,0,0,0,0,0,0,0,0,0,0,0,0,0,0,0,0,0,0,0,0,0,0,0,0,0,0,0,0,0,0,0,0,0,0,0,0,0,0,0,0,0,0
Region 42,Region 19,0,0,0,0,0,0,0,0,0,0,0,0,0,0,0,0,0,0,0,0,0,0,0,0,0,0,0,0,0,0,0,0,0,0,0,0,0,0,0,0,0,0,0,0,0,0,0,0
Region 42,Region 20,0,0,0,0,0,0,0,0,0,0,0,0,0,0,0,0,0,0,0,0,0,0,0,0,0,0,0,0,0,0,0,0,0,0,0,0,0,0,0,0,0,0,0,0,0,0,0,0
Region 42,Region 21,0,0,0,0,0,0,0,0,0,0,0,0,0,0,0,0,0,0,0,0,0,0,0,0,0,0,0,0,0,0,0,0,0,0,0,0,0,0,0,0,0,0,0,0,0,0,0,0
Region 42,Region 22,0,0,0,0,0,0,0,0,0,0,0,0,0,0,0,0,0,0,0,0,0,0,0,0,0,0,0,0,0,0,0,0,0,0,0,0,0,0,0,0,0,0,0,0,0,0,0,0
Region 42,Region 23,0,0,0,0,0,0,0,0,0,0,0,0,0,0,0,0,0,0,0,0,0,0,0,0,0,0,0,0,0,0,0,0,0,0,0,0,0,0,0,0,0,0,0,0,0,0,0,0
Region 42,Region 24,0,0,0,0,0,0,0,0,0,0,0,0,0,0,0,0,0,0,0,0,0,0,0,0,0,0,0,0,0,0,0,0,0,0,0,0,0,0,0,0,0,0,0,0,0,0,0,0
Region 42,Region 25,0,0,0,0,0,0,0,0,0,0,0,0,0,0,0,0,0,0,0,0,0,0,0,0,0,0,0,0,0,0,0,0,0,0,0,0,0,0,0,0,0,0,0,0,0,0,0,0
Region 42,Region 26,0,0,0,0,0,0,0,0,0,0,0,0,0,0,0,0,0,0,0,0,0,0,0,0,0,0,0,0,0,0,0,0,0,0,0,0,0,0,0,0,0,0,0,0,0,0,0,0
Region 42,Region 27,0,0,0,0,0,0,0,0,0,0,0,0,0,0,0,0,0,0,0,0,0,0,0,0,0,0,0,0,0,0,0,0,0,0,0,0,0,0,0,0,0,0,0,0,0,0,0,0
Region 42,Region 28,0,0,0,0,0,0,0,0,0,0,0,0,0,0,0,0,0,0,0,0,0,0,0,0,0,0,0,0,0,0,0,0,0,0,0,0,0,0,0,0,0,0,0,0,0,0,0,0
Region 42,Region 29,0,0,0,0,0,0,0,0,0,0,0,0,0,0,0,0,0,0,0,0,0,0,0,0,0,0,0,0,0,0,0,0,0,0,0,0,0,0,0,0,0,0,0,0,0,0,0,0
Region 42,Region 30,0,0,0,0,0,0,0,0,0,0,0,0,0,0,0,0,0,0,0,0,0,0,0,0,0,0,0,0,0,0,0,0,0,0,0,0,0,0,0,0,0,0,0,0,0,0,0,0
Region 42,Region 31,0,0,0,0,0,0,0,0,0,0,0,0,0,0,0,0,0,0,0,0,0,0,0,0,0,0,0,0,0,0,0,0,0,0,0,0,0,0,0,0,0,0,0,0,0,0,0,0
Region 42,Region 32,0,0,0,0,0,0,0,0,0,0,0,0,0,0,0,0,0,0,0,0,0,0,0,0,0,0,0,0,0,0,0,0,0,0,0,0,0,0,0,0,0,0,0,0,0,0,0,0
Region 42,Region 33,0,0,0,0,0,0,0,0,0,0,0,0,0,0,0,0,0,0,0,0,0,0,0,0,0,0,0,0,0,0,0,0,0,0,0,0,0,0,0,0,0,0,0,0,0,0,0,0
Region 42,Region 34,0,0,0,0,0,0,0,0,0,0,0,0,0,0,0,0,0,0,0,0,0,0,0,0,0,0,0,0,0,0,0,0,0,0,0,0,0,0,0,0,0,0,0,0,0,0,0,0
Region 42,Region 35,0,0,0,0,0,0,0,0,0,0,0,0,0,0,0,0,0,0,0,0,0,0,0,0,0,0,0,0,0,0,0,0,0,0,0,0,0,0,0,0,0,0,0,0,0,0,0,0
Region 42,Region 36,0,0,0,0,0,0,0,0,0,0,0,0,0,0,0,0,0,0,0,0,0,0,0,0,0,0,0,0,0,0,0,0,0,0,0,0,0,0,0,0,0,0,0,0,0,0,0,0
Region 42,Region 37,0,0,0,0,0,0,0,0,0,0,0,0,0,0,0,0,0,0,0,0,0,0,0,0,0,0,0,0,0,0,0,0,0,0,0,0,0,0,0,0,0,0,0,0,0,0,0,0
Region 42,Region 38,0,0,0,0,0,0,0,0,0,0,0,0,0,0,0,0,0,0,0,0,0,0,0,0,0,0,0,0,0,0,0,0,0,0,0,0,0,0,0,0,0,0,0,0,0,0,0,0
Region 42,Region 39,0,0,0,0,0,0,0,0,0,0,0,0,0,0,0,0,0,0,0,0,0,0,0,0,0,0,0,0,0,0,0,0,0,0,0,0,0,0,0,0,0,0,0,0,0,0,0,0
Region 42,Region 40,0,0,0,0,0,0,0,0,0,0,0,0,0,0,0,0,0,0,0,0,0,0,0,0,0,0,0,0,0,0,0,0,0,0,0,0,0,0,0,0,0,0,0,0,0,0,0,0
Region 42,Region 41,0,0,0,0,0,0,0,0,0,0,0,0,0,0,0,0,0,0,0,0,0,0,0,0,0,0,0,0,0,0,0,0,0,0,0,0,0,0,0,0,0,0,0,0,0,0,0,0
Region 42,Region 42,0,0,0,0,0,0,0,0,0,0,0,0,0,0,0,0,0,0,0,0,0,0,0,0,0,0,0,0,0,0,0,0,0,0,0,0,0,0,0,0,0,0,0,0,0,0,0,0
Region 42,Region 43,0,0,0,0,0,0,0,0,0,0,0,0,0,0,0,0,0,0,0,0,0,0,0,0,0,0,0,0,0,0,0,0,0,0,0,0,0,0,0,0,0,0,0,0,0,0,0,0
Region 42,Region 44,0,0,0,0,0,0,0,0,0,0,0,0,0,0,0,0,0,0,0,0,0,0,0,0,0,0,0,0,0,0,0,0,0,0,0,0,0,0,0,0,0,0,0,0,0,0,0,0
Region 42,Region 45,0,0,0,0,0,0,0,0,0,0,0,0,0,0,0,0,0,0,0,0,0,0,0,0,0,0,0,0,0,0,0,0,0,0,0,0,0,0,0,0,0,0,0,0,0,0,0,0
Region 42,Region 46,0,0,0,0,0,0,0,0,0,0,0,0,0,0,0,0,0,0,0,0,0,0,0,0,0,0,0,0,0,0,0,0,0,0,0,0,0,0,0,0,0,0,0,0,0,0,0,0
Region 42,Region 47,0,0,0,0,0,0,0,0,0,0,0,0,0,0,0,0,0,0,0,0,0,0,0,0,0,0,0,0,0,0,0,0,0,0,0,0,0,0,0,0,0,0,0,0,0,0,0,0
Region 42,Region 48,0,0,0,0,0,0,0,0,0,0,0,0,0,0,0,0,0,0,0,0,0,0,0,0,0,0,0,0,0,0,0,0,0,0,0,0,0,0,0,0,0,0,0,0,0,0,0,0
Region 42,Region 49,0,0,0,0,0,0,0,0,0,0,0,0,0,0,0,0,0,0,0,0,0,0,0,0,0,0,0,0,0,0,0,0,0,0,0,0,0,0,0,0,0,0,0,0,0,0,0,0
Region 42,Region 50,0,0,0,0,0,0,0,0,0,0,0,0,0,0,0,0,0,0,0,0,0,0,0,0,0,0,0,0,0,0,0,0,0,0,0,0,0,0,0,0,0,0,0,0,0,0,0,0
Region 42,Region 51,0,0,0,0,0,0,0,0,0,0,0,0,0,0,0,0,0,0,0,0,0,0,0,0,0,0,0,0,0,0,0,0,0,0,0,0,0,0,0,0,0,0,0,0,0,0,0,0
Region 42,Region 52,0,0,0,0,0,0,0,0,0,0,0,0,0,0,0,0,0,0,0,0,0,0,0,0,0,0,0,0,0,0,0,0,0,0,0,0,0,0,0,0,0,0,0,0,0,0,0,0
Region 42,Region 53,0,0,0,0,0,0,0,0,0,0,0,0,0,0,0,0,0,0,0,0,0,0,0,0,0,0,0,0,0,0,0,0,0,0,0,0,0,0,0,0,0,0,0,0,0,0,0,0
Region 42,Region 54,0,0,0,0,0,0,0,0,0,0,0,0,0,0,0,0,0,0,0,0,0,0,0,0,0,0,0,0,0,0,0,0,0,0,0,0,0,0,0,0,0,0,0,0,0,0,0,0
Region 42,Region 55,0,0,0,0,0,0,0,0,0,0,0,0,0,0,0,0,0,0,0,0,0,0,0,0,0,0,0,0,0,0,0,0,0,0,0,0,0,0,0,0,0,0,0,0,0,0,0,0
Region 42,Region 56,0,0,0,0,0,0,0,0,0,0,0,0,0,0,0,0,0,0,0,0,0,0,0,0,0,0,0,0,0,0,0,0,0,0,0,0,0,0,0,0,0,0,0,0,0,0,0,0
Region 42,Region 57,0,0,0,0,0,0,0,0,0,0,0,0,0,0,0,0,0,0,0,0,0,0,0,0,0,0,0,0,0,0,0,0,0,0,0,0,0,0,0,0,0,0,0,0,0,0,0,0
Region 42,Region 58,0,0,0,0,0,0,0,0,0,0,0,0,0,0,0,0,0,0,0,0,0,0,0,0,0,0,0,0,0,0,0,0,0,0,0,0,0,0,0,0,0,0,0,0,0,0,0,0
Region 42,Region 59,0,0,0,0,0,0,0,0,0,0,0,0,0,0,0,0,0,0,0,0,0,0,0,0,0,0,0,0,0,0,0,0,0,0,0,0,0,0,0,0,0,0,0,0,0,0,0,0
Region 42,Region 60,0,0,0,0,0,0,0,0,0,0,0,0,0,0,0,0,0,0,0,0,0,0,0,0,0,0,0,0,0,0,0,0,0,0,0,0,0,0,0,0,0,0,0,0,0,0,0,0
Region 42,Region 61,0,0,0,0,0,0,0,0,0,0,0,0,0,0,0,0,0,0,0,0,0,0,0,0,0,0,0,0,0,0,0,0,0,0,0,0,0,0,0,0,0,0,0,0,0,0,0,0
Region 42,Region 62,0,0,0,0,0,0,0,0,0,0,0,0,0,0,0,0,0,0,0,0,0,0,0,0,0,0,0,0,0,0,0,0,0,0,0,0,0,0,0,0,0,0,0,0,0,0,0,0
Region 42,Region 63,0,0,0,0,0,0,0,0,0,0,0,0,0,0,0,0,0,0,0,0,0,0,0,0,0,0,0,0,0,0,0,0,0,0,0,0,0,0,0,0,0,0,0,0,0,0,0,0
Region 42,Region 64,0,0,0,0,0,0,0,0,0,0,0,0,0,0,0,0,0,0,0,0,0,0,0,0,0,0,0,0,0,0,0,0,0,0,0,0,0,0,0,0,0,0,0,0,0,0,0,0
Region 42,Region 65,0,0,0,0,0,0,0,0,0,0,0,0,0,0,0,0,0,0,0,0,0,0,0,0,0,0,0,0,0,0,0,0,0,0,0,0,0,0,0,0,0,0,0,0,0,0,0,0
Region 42,Region 66,0,0,0,0,0,0,0,0,0,0,0,0,0,0,0,0,0,0,0,0,0,0,0,0,0,0,0,0,0,0,0,0,0,0,0,0,0,0,0,0,0,0,0,0,0,0,0,0
Region 42,Region 67,0,0,0,0,0,0,0,0,0,0,0,0,0,0,0,0,0,0,0,0,0,0,0,0,0,0,0,0,0,0,0,0,0,0,0,0,0,0,0,0,0,0,0,0,0,0,0,0
Region 42,Region 68,0,0,0,0,0,0,0,0,0,0,0,0,0,0,0,0,0,0,0,0,0,0,0,0,0,0,0,0,0,0,0,0,0,0,0,0,0,0,0,0,0,0,0,0,0,0,0,0
Region 42,Region 69,0,0,0,0,0,0,0,0,0,0,0,0,0,0,0,0,0,0,0,0,0,0,0,0,0,0,0,0,0,0,0,0,0,0,0,0,0,0,0,0,0,0,0,0,0,0,0,0
Region 42,Region 70,0,0,0,0,0,0,0,0,0,0,0,0,0,0,0,0,0,0,0,0,0,0,0,0,0,0,0,0,0,0,0,0,0,0,0,0,0,0,0,0,0,0,0,0,0,0,0,0
Region 42,Region 71,0,0,0,0,0,0,0,0,0,0,0,0,0,0,0,0,0,0,0,0,0,0,0,0,0,0,0,0,0,0,0,0,0,0,0,0,0,0,0,0,0,0,0,0,0,0,0,0
Region 42,Region 72,0,0,0,0,0,0,0,0,0,0,0,0,0,0,0,0,0,0,0,0,0,0,0,0,0,0,0,0,0,0,0,0,0,0,0,0,0,0,0,0,0,0,0,0,0,0,0,0
Region 42,Region 73,0,0,0,0,0,0,0,0,0,0,0,0,0,0,0,0,0,0,0,0,0,0,0,0,0,0,0,0,0,0,0,0,0,0,0,0,0,0,0,0,0,0,0,0,0,0,0,0
Region 42,Region 74,0,0,0,0,0,0,0,0,0,0,0,0,0,0,0,0,0,0,0,0,0,0,0,0,0,0,0,0,0,0,0,0,0,0,0,0,0,0,0,0,0,0,0,0,0,0,0,0
Region 42,Region 75,0,0,0,0,0,0,0,0,0,0,0,0,0,0,0,0,0,0,0,0,0,0,0,0,0,0,0,0,0,0,0,0,0,0,0,0,0,0,0,0,0,0,0,0,0,0,0,0
Region 43,Region 0,7,0.025,3,0.018,0,0,2,0.025,1,0.018,1,0.023,0,0,0,0,0,0,4,0.011,6,0.012,7,0.015,9,0.023,7,0.018,7,0.018,11,0.027,5,0.012,7,0.015,12,0.023,8,0.017,6,0.012,11,0.024,5,0.013,5,0.016
Region 43,Region 1,0,0,0,0,0,0,0,0,0,0,0,0,0,0,0,0,0,0,0,0,0,0,0,0,0,0,0,0,0,0,0,0,0,0,0,0,0,0,0,0,0,0,0,0,0,0,0,0
Region 43,Region 2,1,0.004,0,0,1,0.008,1,0.012,1,0.018,1,0.023,0,0,1,0.012,1,0.006,6,0.016,5,0.01,8,0.017,3,0.008,7,0.018,1,0.003,5,0.012,10,0.024,4,0.008,3,0.006,5,0.01,6,0.012,5,0.011,1,0.003,1,0.003
Region 43,Region 3,0,0,1,0.006,1,0.008,0,0,0,0,0,0,0,0,0,0,0,0,2,0.005,0,0,2,0.004,3,0.008,1,0.003,1,0.003,0,0,1,0.002,2,0.004,1,0.002,4,0.008,0,0,0,0,0,0,1,0.003
Region 43,Region 4,0,0,0,0,0,0,0,0,0,0,0,0,0,0,0,0,0,0,0,0,0,0,0,0,1,0.003,1,0.003,1,0.003,0,0,1,0.002,0,0,4,0.008,1,0.002,3,0.006,0,0,0,0,1,0.003
Region 43,Region 5,0,0,0,0,0,0,0,0,0,0,0,0,0,0,0,0,0,0,0,0,0,0,0,0,2,0.005,1,0.003,0,0,0,0,0,0,1,0.002,1,0.002,1,0.002,1,0.002,0,0,0,0,0,0
Region 43,Region 6,0,0,0,0,0,0,0,0,0,0,0,0,0,0,0,0,0,0,0,0,0,0,0,0,0,0,0,0,0,0,0,0,0,0,0,0,0,0,0,0,0,0,0,0,0,0,0,0
Region 43,Region 7,0,0,2,0.012,0,0,0,0,0,0,0,0,0,0,1,0.012,1,0.006,0,0,3,0.006,0,0,1,0.003,1,0.003,0,0,2,0.005,1,0.002,1,0.002,0,0,0,0,1,0.002,1,0.002,0,0,2,0.006
Region 43,Region 8,0,0,0,0,0,0,0,0,0,0,0,0,1,0.021,0,0,0,0,0,0,0,0,0,0,0,0,0,0,0,0,0,0,0,0,0,0,0,0,0,0,0,0,0,0,0,0,0,0
Region 43,Region 9,0,0,0,0,0,0,0,0,0,0,0,0,0,0,0,0,0,0,0,0,0,0,0,0,0,0,0,0,0,0,0,0,0,0,0,0,0,0,0,0,0,0,0,0,0,0,0,0
Region 43,Region 10,7,0.025,6,0.035,3,0.025,2,0.025,1,0.018,1,0.023,3,0.063,0,0,6,0.036,11,0.029,12,0.024,14,0.03,12,0.031,13,0.034,20,0.051,12,0.029,21,0.051,12,0.025,25,0.048,13,0.027,19,0.038,24,0.052,15,0.04,13,0.041
Region 43,Region 11,0,0,0,0,0,0,0,0,0,0,0,0,0,0,0,0,0,0,0,0,0,0,0,0,0,0,0,0,0,0,0,0,0,0,0,0,0,0,0,0,0,0,0,0,0,0,0,0
Region 43,Region 12,0,0,1,0.006,1,0.008,1,0.012,0,0,0,0,2,0.042,2,0.025,0,0,5,0.013,9,0.018,1,0.002,2,0.005,4,0.011,6,0.015,3,0.007,2,0.005,1,0.002,1,0.002,4,0.008,3,0.006,2,0.004,1,0.003,3,0.009
Region 43,Region 13,0,0,0,0,0,0,0,0,0,0,0,0,0,0,0,0,0,0,0,0,1,0.002,1,0.002,0,0,1,0.003,3,0.008,0,0,0,0,3,0.006,1,0.002,2,0.004,3,0.006,1,0.002,0,0,0,0
Region 43,Region 14,1,0.004,0,0,0,0,0,0,2,0.037,1,0.023,0,0,3,0.037,2,0.012,8,0.021,7,0.014,9,0.02,8,0.021,6,0.016,4,0.01,5,0.012,7,0.017,3,0.006,7,0.013,2,0.004,3,0.006,3,0.007,3,0.008,3,0.009
Region 43,Region 15,0,0,0,0,0,0,0,0,0,0,0,0,0,0,0,0,0,0,0,0,0,0,0,0,0,0,0,0,0,0,0,0,0,0,0,0,0,0,0,0,0,0,0,0,0,0,0,0
Region 43,Region 16,0,0,0,0,0,0,0,0,0,0,0,0,0,0,0,0,0,0,0,0,0,0,0,0,0,0,0,0,0,0,0,0,0,0,0,0,0,0,0,0,0,0,0,0,0,0,0,0
Region 43,Region 17,1,0.004,0,0,0,0,0,0,0,0,0,0,0,0,0,0,0,0,0,0,1,0.002,0,0,0,0,0,0,0,0,0,0,0,0,1,0.002,0,0,0,0,1,0.002,2,0.004,1,0.003,0,0
Region 43,Region 18,4,0.014,1,0.006,1,0.008,1,0.012,2,0.037,0,0,0,0,0,0,0,0,1,0.003,13,0.026,12,0.026,6,0.015,14,0.037,10,0.026,21,0.051,17,0.041,17,0.035,21,0.04,13,0.027,21,0.042,15,0.033,14,0.037,10,0.031
Region 43,Region 19,0,0,0,0,1,0.008,0,0,0,0,0,0,0,0,0,0,0,0,0,0,1,0.002,0,0,0,0,1,0.003,0,0,0,0,0,0,1,0.002,0,0,0,0,0,0,0,0,0,0,0,0
Region 43,Region 20,2,0.007,0,0,2,0.016,0,0,0,0,0,0,0,0,1,0.012,1,0.006,3,0.008,3,0.006,3,0.007,1,0.003,2,0.005,2,0.005,0,0,0,0,1,0.002,1,0.002,0,0,1,0.002,0,0,1,0.003,0,0
Region 43,Region 21,1,0.004,0,0,0,0,0,0,0,0,0,0,0,0,1,0.012,0,0,4,0.011,2,0.004,1,0.002,3,0.008,3,0.008,8,0.02,6,0.015,8,0.019,4,0.008,4,0.008,7,0.014,2,0.004,7,0.015,1,0.003,3,0.009
Region 43,Region 22,0,0,0,0,2,0.016,0,0,0,0,0,0,0,0,0,0,0,0,1,0.003,1,0.002,1,0.002,1,0.003,2,0.005,0,0,0,0,0,0,0,0,3,0.006,2,0.004,1,0.002,0,0,1,0.003,0,0
Region 43,Region 23,0,0,0,0,0,0,0,0,1,0.018,0,0,0,0,0,0,2,0.012,0,0,0,0,2,0.004,1,0.003,0,0,1,0.003,1,0.002,1,0.002,0,0,1,0.002,2,0.004,2,0.004,3,0.007,0,0,1,0.003
Region 43,Region 24,0,0,0,0,1,0.008,0,0,0,0,0,0,0,0,0,0,0,0,4,0.011,6,0.012,7,0.015,9,0.023,14,0.037,14,0.036,10,0.024,8,0.019,8,0.017,11,0.021,5,0.01,18,0.036,3,0.007,4,0.011,4,0.013
Region 43,Region 25,0,0,0,0,0,0,0,0,0,0,0,0,0,0,0,0,1,0.006,1,0.003,0,0,0,0,0,0,0,0,0,0,1,0.002,0,0,0,0,0,0,1,0.002,0,0,0,0,0,0,0,0
Region 43,Region 26,0,0,0,0,0,0,1,0.012,0,0,0,0,0,0,0,0,0,0,1,0.003,1,0.002,2,0.004,0,0,1,0.003,0,0,1,0.002,0,0,1,0.002,0,0,2,0.004,2,0.004,0,0,0,0,1,0.003
Region 43,Region 27,2,0.007,0,0,0,0,1,0.012,0,0,0,0,0,0,0,0,0,0,1,0.003,1,0.002,1,0.002,0,0,0,0,0,0,1,0.002,3,0.007,1,0.002,0,0,1,0.002,1,0.002,2,0.004,1,0.003,0,0
Region 43,Region 28,0,0,1,0.006,0,0,0,0,0,0,0,0,0,0,1,0.012,1,0.006,2,0.005,2,0.004,1,0.002,1,0.003,0,0,1,0.003,0,0,3,0.007,1,0.002,2,0.004,1,0.002,0,0,1,0.002,0,0,2,0.006
Region 43,Region 29,1,0.004,1,0.006,0,0,0,0,0,0,0,0,0,0,0,0,2,0.012,3,0.008,2,0.004,1,0.002,3,0.008,2,0.005,0,0,0,0,1,0.002,1,0.002,6,0.011,1,0.002,1,0.002,0,0,2,0.005,1,0.003
Region 43,Region 30,0,0,1,0.006,1,0.008,0,0,0,0,0,0,1,0.021,0,0,0,0,4,0.011,8,0.016,6,0.013,7,0.018,3,0.008,2,0.005,3,0.007,3,0.007,5,0.01,8,0.015,3,0.006,2,0.004,4,0.009,3,0.008,0,0
Region 43,Region 31,0,0,1,0.006,0,0,0,0,0,0,0,0,0,0,0,0,0,0,3,0.008,4,0.008,1,0.002,2,0.005,1,0.003,0,0,1,0.002,1,0.002,0,0,1,0.002,2,0.004,1,0.002,0,0,2,0.005,0,0
Region 43,Region 32,0,0,0,0,0,0,0,0,0,0,0,0,0,0,0,0,0,0,0,0,0,0,1,0.002,0,0,0,0,0,0,0,0,0,0,0,0,0,0,0,0,1,0.002,1,0.002,0,0,0,0
Region 43,Region 33,0,0,0,0,0,0,0,0,0,0,0,0,0,0,0,0,0,0,0,0,0,0,0,0,0,0,0,0,1,0.003,0,0,0,0,0,0,0,0,1,0.002,1,0.002,0,0,0,0,0,0
Region 43,Region 34,0,0,0,0,0,0,0,0,0,0,0,0,0,0,0,0,0,0,0,0,0,0,0,0,0,0,0,0,0,0,0,0,0,0,0,0,0,0,0,0,0,0,0,0,0,0,0,0
Region 43,Region 35,0,0,0,0,0,0,0,0,0,0,0,0,0,0,0,0,0,0,0,0,0,0,0,0,0,0,0,0,0,0,0,0,0,0,0,0,0,0,0,0,0,0,0,0,0,0,0,0
Region 43,Region 36,1,0.004,0,0,0,0,0,0,0,0,0,0,0,0,1,0.012,3,0.018,34,0.09,5,0.01,1,0.002,1,0.003,0,0,0,0,3,0.007,4,0.01,1,0.002,1,0.002,1,0.002,1,0.002,3,0.007,1,0.003,2,0.006
Region 43,Region 37,5,0.018,3,0.018,5,0.041,1,0.012,1,0.018,4,0.09,1,0.021,1,0.012,2,0.012,7,0.018,17,0.034,11,0.024,13,0.033,14,0.037,22,0.056,13,0.032,11,0.027,24,0.05,17,0.032,18,0.037,24,0.048,14,0.03,9,0.024,11,0.035
Region 43,Region 38,0,0,0,0,1,0.008,1,0.012,0,0,0,0,0,0,1,0.012,0,0,4,0.011,2,0.004,6,0.013,1,0.003,3,0.008,1,0.003,2,0.005,1,0.002,2,0.004,5,0.01,3,0.006,5,0.01,3,0.007,0,0,0,0
Region 43,Region 39,0,0,0,0,0,0,0,0,0,0,0,0,0,0,0,0,0,0,0,0,3,0.006,0,0,0,0,0,0,0,0,2,0.005,0,0,0,0,0,0,0,0,2,0.004,0,0,0,0,2,0.006
Region 43,Region 40,0,0,0,0,0,0,0,0,0,0,0,0,0,0,0,0,0,0,0,0,0,0,0,0,0,0,0,0,0,0,0,0,0,0,0,0,0,0,0,0,0,0,0,0,0,0,0,0
Region 43,Region 41,0,0,0,0,0,0,0,0,0,0,0,0,0,0,0,0,0,0,1,0.003,0,0,0,0,0,0,0,0,0,0,1,0.002,1,0.002,0,0,0,0,1,0.002,0,0,0,0,0,0,0,0
Region 43,Region 42,0,0,0,0,0,0,0,0,0,0,0,0,0,0,0,0,0,0,0,0,0,0,0,0,0,0,0,0,0,0,0,0,0,0,0,0,0,0,0,0,0,0,0,0,0,0,0,0
Region 43,Region 43,12,0.042,10,0.059,7,0.058,3,0.037,2,0.037,1,0.023,1,0.021,5,0.062,5,0.03,12,0.032,28,0.057,23,0.05,31,0.08,24,0.063,26,0.067,27,0.066,30,0.072,28,0.058,35,0.067,26,0.054,19,0.038,27,0.059,20,0.053,11,0.035
Region 43,Region 44,0,0,0,0,0,0,0,0,0,0,0,0,0,0,0,0,0,0,0,0,0,0,0,0,0,0,0,0,0,0,0,0,0,0,0,0,0,0,0,0,0,0,0,0,0,0,0,0
Region 43,Region 45,0,0,0,0,1,0.008,0,0,0,0,0,0,0,0,0,0,0,0,0,0,0,0,0,0,0,0,0,0,0,0,3,0.007,1,0.002,0,0,0,0,1,0.002,0,0,0,0,1,0.003,0,0
Region 43,Region 46,0,0,0,0,0,0,0,0,0,0,0,0,0,0,2,0.025,0,0,10,0.026,0,0,5,0.011,2,0.005,3,0.008,4,0.01,5,0.012,6,0.014,5,0.01,4,0.008,6,0.012,3,0.006,2,0.004,1,0.003,1,0.003
Region 43,Region 47,10,0.035,9,0.053,3,0.025,3,0.037,0,0,1,0.023,2,0.042,5,0.062,11,0.067,25,0.066,61,0.124,40,0.087,43,0.111,42,0.111,30,0.077,31,0.076,24,0.058,25,0.052,38,0.072,27,0.056,36,0.071,35,0.076,13,0.034,9,0.028
Region 43,Region 48,0,0,0,0,0,0,0,0,0,0,0,0,0,0,0,0,0,0,3,0.008,3,0.006,4,0.009,2,0.005,3,0.008,5,0.013,4,0.01,2,0.005,1,0.002,2,0.004,1,0.002,4,0.008,5,0.011,4,0.011,1,0.003
Region 43,Region 49,2,0.007,4,0.023,3,0.025,1,0.012,1,0.018,3,0.068,0,0,4,0.049,4,0.024,4,0.011,6,0.012,4,0.009,6,0.015,4,0.011,3,0.008,3,0.007,3,0.007,8,0.017,9,0.017,3,0.006,6,0.012,1,0.002,1,0.003,0,0
Region 43,Region 50,1,0.004,0,0,0,0,0,0,0,0,0,0,0,0,0,0,4,0.024,2,0.005,3,0.006,2,0.004,1,0.003,7,0.018,4,0.01,2,0.005,1,0.002,2,0.004,1,0.002,5,0.01,5,0.01,2,0.004,1,0.003,5,0.016
Region 43,Region 51,1,0.004,0,0,1,0.008,0,0,0,0,2,0.045,1,0.021,0,0,0,0,1,0.003,5,0.01,6,0.013,8,0.021,1,0.003,4,0.01,1,0.002,2,0.005,2,0.004,1,0.002,4,0.008,3,0.006,2,0.004,4,0.011,1,0.003
Region 43,Region 52,0,0,0,0,0,0,0,0,0,0,0,0,0,0,0,0,1,0.006,1,0.003,4,0.008,1,0.002,1,0.003,0,0,1,0.003,2,0.005,4,0.01,2,0.004,5,0.01,8,0.017,3,0.006,4,0.009,5,0.013,3,0.009
Region 43,Region 53,1,0.004,2,0.012,1,0.008,0,0,0,0,0,0,0,0,1,0.012,1,0.006,3,0.008,12,0.024,13,0.028,8,0.021,11,0.029,9,0.023,9,0.022,12,0.029,13,0.027,7,0.013,6,0.012,2,0.004,10,0.022,5,0.013,4,0.013
Region 43,Region 54,0,0,0,0,0,0,0,0,0,0,1,0.023,0,0,0,0,1,0.006,1,0.003,1,0.002,0,0,1,0.003,3,0.008,0,0,0,0,0,0,1,0.002,0,0,1,0.002,1,0.002,0,0,0,0,0,0
Region 43,Region 55,0,0,0,0,0,0,0,0,0,0,0,0,0,0,0,0,0,0,0,0,0,0,0,0,0,0,0,0,0,0,0,0,0,0,0,0,1,0.002,0,0,0,0,1,0.002,0,0,0,0
Region 43,Region 56,0,0,1,0.006,1,0.008,0,0,0,0,0,0,0,0,0,0,0,0,0,0,6,0.012,1,0.002,3,0.008,0,0,0,0,2,0.005,2,0.005,2,0.004,1,0.002,0,0,3,0.006,0,0,1,0.003,0,0
Region 43,Region 57,0,0,0,0,1,0.008,0,0,0,0,0,0,0,0,0,0,0,0,0,0,0,0,0,0,1,0.003,0,0,0,0,0,0,0,0,0,0,1,0.002,1,0.002,0,0,0,0,0,0,0,0
Region 43,Region 58,0,0,0,0,0,0,0,0,0,0,0,0,0,0,0,0,0,0,0,0,0,0,0,0,0,0,0,0,0,0,0,0,0,0,0,0,0,0,0,0,0,0,0,0,0,0,0,0
Region 43,Region 59,0,0,0,0,0,0,0,0,0,0,0,0,0,0,0,0,0,0,0,0,0,0,0,0,0,0,0,0,0,0,0,0,0,0,0,0,0,0,0,0,0,0,0,0,0,0,0,0
Region 43,Region 60,0,0,0,0,0,0,0,0,0,0,0,0,0,0,0,0,2,0.012,2,0.005,1,0.002,3,0.007,0,0,0,0,0,0,1,0.002,2,0.005,0,0,4,0.008,0,0,0,0,0,0,1,0.003,0,0
Region 43,Region 61,1,0.004,0,0,0,0,0,0,0,0,0,0,0,0,0,0,0,0,1,0.003,5,0.01,2,0.004,1,0.003,1,0.003,2,0.005,0,0,1,0.002,1,0.002,2,0.004,4,0.008,2,0.004,0,0,3,0.008,0,0
Region 43,Region 62,1,0.004,0,0,2,0.016,0,0,0,0,0,0,0,0,1,0.012,1,0.006,5,0.013,8,0.016,4,0.009,1,0.003,4,0.011,0,0,2,0.005,4,0.01,0,0,1,0.002,4,0.008,4,0.008,6,0.013,2,0.005,0,0
Region 43,Region 63,0,0,0,0,0,0,0,0,0,0,0,0,0,0,0,0,0,0,0,0,0,0,0,0,0,0,0,0,0,0,0,0,0,0,0,0,0,0,0,0,0,0,0,0,0,0,0,0
Region 43,Region 64,0,0,0,0,0,0,0,0,0,0,0,0,1,0.021,0,0,1,0.006,1,0.003,1,0.002,0,0,1,0.003,1,0.003,0,0,0,0,2,0.005,0,0,0,0,0,0,0,0,1,0.002,0,0,0,0
Region 43,Region 65,0,0,1,0.006,0,0,0,0,0,0,0,0,1,0.021,0,0,0,0,2,0.005,0,0,0,0,1,0.003,0,0,0,0,0,0,1,0.002,1,0.002,2,0.004,3,0.006,1,0.002,1,0.002,1,0.003,0,0
Region 43,Region 66,0,0,1,0.006,0,0,2,0.025,0,0,0,0,0,0,0,0,0,0,3,0.008,2,0.004,1,0.002,4,0.01,3,0.008,4,0.01,2,0.005,1,0.002,1,0.002,4,0.008,2,0.004,1,0.002,1,0.002,5,0.013,1,0.003
Region 43,Region 67,1,0.004,0,0,1,0.008,0,0,0,0,0,0,0,0,0,0,0,0,3,0.008,2,0.004,2,0.004,1,0.003,3,0.008,2,0.005,3,0.007,2,0.005,1,0.002,3,0.006,1,0.002,1,0.002,0,0,0,0,0,0
Region 43,Region 68,2,0.007,1,0.006,2,0.016,0,0,0,0,1,0.023,0,0,1,0.012,2,0.012,6,0.016,15,0.03,9,0.02,9,0.023,11,0.029,12,0.031,9,0.022,12,0.029,6,0.012,13,0.025,11,0.023,12,0.024,5,0.011,5,0.013,6,0.019
Region 43,Region 69,4,0.014,4,0.023,1,0.008,1,0.012,0,0,1,0.023,0,0,3,0.037,4,0.024,6,0.016,6,0.012,14,0.03,10,0.026,14,0.037,13,0.033,12,0.029,7,0.017,6,0.012,7,0.013,4,0.008,7,0.014,15,0.033,6,0.016,4,0.013
Region 43,Region 70,0,0,0,0,0,0,0,0,0,0,0,0,0,0,0,0,2,0.012,2,0.005,2,0.004,2,0.004,3,0.008,1,0.003,1,0.003,2,0.005,0,0,0,0,0,0,1,0.002,1,0.002,2,0.004,0,0,2,0.006
Region 43,Region 71,1,0.004,0,0,0,0,0,0,0,0,0,0,0,0,0,0,0,0,2,0.005,1,0.002,0,0,0,0,0,0,1,0.003,3,0.007,0,0,2,0.004,2,0.004,1,0.002,1,0.002,0,0,0,0,0,0
Region 43,Region 72,0,0,0,0,0,0,0,0,0,0,0,0,0,0,0,0,0,0,0,0,0,0,0,0,0,0,0,0,0,0,0,0,0,0,0,0,0,0,0,0,0,0,0,0,0,0,0,0
Region 43,Region 73,0,0,0,0,0,0,0,0,0,0,0,0,0,0,0,0,0,0,0,0,0,0,0,0,0,0,0,0,0,0,0,0,0,0,0,0,0,0,0,0,0,0,0,0,0,0,0,0
Region 43,Region 74,0,0,0,0,0,0,0,0,0,0,0,0,0,0,0,0,1,0.006,1,0.003,0,0,1,0.002,0,0,1,0.003,1,0.003,0,0,1,0.002,2,0.004,1,0.002,0,0,0,0,0,0,0,0,0,0
Region 43,Region 75,0,0,0,0,1,0.008,0,0,0,0,0,0,0,0,0,0,0,0,0,0,1,0.002,0,0,1,0.003,0,0,0,0,0,0,0,0,0,0,0,0,0,0,0,0,0,0,0,0,0,0
Region 44,Region 0,0,0,0,0,0,0,0,0,0,0,0,0,0,0,0,0,0,0,0,0,0,0,0,0,0,0,0,0,0,0,0,0,0,0,0,0,0,0,0,0,0,0,0,0,0,0,0,0
Region 44,Region 1,0,0,0,0,0,0,0,0,0,0,0,0,0,0,0,0,0,0,0,0,0,0,0,0,0,0,0,0,0,0,0,0,0,0,0,0,0,0,0,0,0,0,0,0,0,0,0,0
Region 44,Region 2,0,0,0,0,0,0,0,0,0,0,0,0,0,0,0,0,0,0,0,0,0,0,0,0,0,0,0,0,0,0,0,0,0,0,0,0,0,0,0,0,0,0,0,0,0,0,0,0
Region 44,Region 3,0,0,0,0,0,0,0,0,0,0,0,0,0,0,0,0,0,0,0,0,0,0,0,0,0,0,0,0,0,0,0,0,0,0,0,0,0,0,0,0,0,0,0,0,0,0,0,0
Region 44,Region 4,0,0,0,0,0,0,0,0,0,0,0,0,0,0,0,0,0,0,0,0,0,0,0,0,0,0,0,0,0,0,0,0,0,0,0,0,0,0,0,0,0,0,0,0,0,0,0,0
Region 44,Region 5,0,0,0,0,0,0,0,0,0,0,0,0,0,0,0,0,0,0,0,0,0,0,0,0,0,0,0,0,0,0,0,0,0,0,0,0,0,0,0,0,0,0,0,0,0,0,0,0
Region 44,Region 6,0,0,0,0,0,0,0,0,0,0,0,0,0,0,0,0,0,0,0,0,0,0,0,0,0,0,0,0,0,0,0,0,0,0,0,0,0,0,0,0,0,0,0,0,0,0,0,0
Region 44,Region 7,0,0,0,0,0,0,0,0,0,0,0,0,0,0,0,0,0,0,0,0,0,0,0,0,0,0,0,0,0,0,0,0,0,0,0,0,0,0,0,0,0,0,0,0,0,0,0,0
Region 44,Region 8,0,0,0,0,0,0,0,0,0,0,0,0,0,0,0,0,0,0,0,0,0,0,0,0,0,0,0,0,0,0,0,0,0,0,0,0,0,0,0,0,0,0,0,0,0,0,0,0
Region 44,Region 9,0,0,0,0,0,0,0,0,0,0,0,0,0,0,0,0,0,0,0,0,0,0,0,0,0,0,0,0,0,0,0,0,0,0,0,0,0,0,0,0,0,0,0,0,0,0,0,0
Region 44,Region 10,0,0,0,0,0,0,0,0,0,0,0,0,0,0,0,0,0,0,0,0,0,0,0,0,0,0,0,0,0,0,0,0,0,0,0,0,0,0,0,0,0,0,0,0,0,0,0,0
Region 44,Region 11,0,0,0,0,0,0,0,0,0,0,0,0,0,0,0,0,0,0,0,0,0,0,0,0,0,0,0,0,0,0,0,0,0,0,0,0,0,0,0,0,0,0,0,0,0,0,0,0
Region 44,Region 12,0,0,0,0,0,0,0,0,0,0,0,0,0,0,0,0,0,0,0,0,0,0,0,0,0,0,0,0,0,0,0,0,0,0,0,0,0,0,0,0,0,0,0,0,0,0,0,0
Region 44,Region 13,0,0,0,0,0,0,0,0,0,0,0,0,0,0,0,0,0,0,0,0,0,0,0,0,0,0,0,0,0,0,0,0,0,0,0,0,0,0,0,0,0,0,0,0,0,0,0,0
Region 44,Region 14,0,0,0,0,0,0,0,0,0,0,0,0,0,0,0,0,0,0,0,0,0,0,0,0,0,0,0,0,0,0,0,0,0,0,0,0,0,0,0,0,0,0,0,0,0,0,0,0
Region 44,Region 15,0,0,0,0,0,0,0,0,0,0,0,0,0,0,0,0,0,0,0,0,0,0,0,0,0,0,0,0,0,0,0,0,0,0,0,0,0,0,0,0,0,0,0,0,0,0,0,0
Region 44,Region 16,0,0,0,0,0,0,0,0,0,0,0,0,0,0,0,0,0,0,0,0,0,0,0,0,0,0,0,0,0,0,0,0,0,0,0,0,0,0,0,0,0,0,0,0,0,0,0,0
Region 44,Region 17,0,0,0,0,0,0,0,0,0,0,0,0,0,0,0,0,0,0,0,0,0,0,0,0,0,0,0,0,0,0,0,0,0,0,0,0,0,0,0,0,0,0,0,0,0,0,0,0
Region 44,Region 18,0,0,0,0,0,0,0,0,0,0,0,0,0,0,0,0,0,0,0,0,0,0,0,0,0,0,0,0,0,0,0,0,0,0,0,0,0,0,0,0,0,0,0,0,0,0,0,0
Region 44,Region 19,0,0,0,0,0,0,0,0,0,0,0,0,0,0,0,0,0,0,0,0,0,0,0,0,0,0,0,0,0,0,0,0,0,0,0,0,0,0,0,0,0,0,0,0,0,0,0,0
Region 44,Region 20,0,0,0,0,0,0,0,0,0,0,0,0,0,0,0,0,0,0,0,0,0,0,0,0,0,0,0,0,0,0,0,0,0,0,0,0,0,0,0,0,0,0,0,0,0,0,0,0
Region 44,Region 21,0,0,0,0,0,0,0,0,0,0,0,0,0,0,0,0,0,0,0,0,0,0,0,0,0,0,0,0,0,0,0,0,0,0,0,0,0,0,0,0,0,0,0,0,0,0,0,0
Region 44,Region 22,0,0,0,0,0,0,0,0,0,0,0,0,0,0,0,0,0,0,0,0,0,0,0,0,0,0,0,0,0,0,0,0,0,0,0,0,0,0,0,0,0,0,0,0,0,0,0,0
Region 44,Region 23,0,0,0,0,0,0,0,0,0,0,0,0,0,0,0,0,0,0,0,0,0,0,0,0,0,0,0,0,0,0,0,0,0,0,0,0,0,0,0,0,0,0,0,0,0,0,0,0
Region 44,Region 24,0,0,0,0,0,0,0,0,0,0,0,0,0,0,0,0,0,0,0,0,0,0,0,0,0,0,0,0,0,0,0,0,0,0,0,0,0,0,0,0,0,0,0,0,0,0,0,0
Region 44,Region 25,0,0,0,0,0,0,0,0,0,0,0,0,0,0,0,0,0,0,0,0,0,0,0,0,0,0,0,0,0,0,0,0,0,0,0,0,0,0,0,0,0,0,0,0,0,0,0,0
Region 44,Region 26,0,0,0,0,0,0,0,0,0,0,0,0,0,0,0,0,0,0,0,0,0,0,0,0,0,0,0,0,0,0,0,0,0,0,0,0,0,0,0,0,0,0,0,0,0,0,0,0
Region 44,Region 27,0,0,0,0,0,0,0,0,0,0,0,0,0,0,0,0,0,0,0,0,0,0,0,0,0,0,0,0,0,0,0,0,0,0,0,0,0,0,0,0,0,0,0,0,0,0,0,0
Region 44,Region 28,0,0,0,0,0,0,0,0,0,0,0,0,0,0,0,0,0,0,0,0,0,0,0,0,0,0,0,0,0,0,0,0,0,0,0,0,0,0,0,0,0,0,0,0,0,0,0,0
Region 44,Region 29,0,0,0,0,0,0,0,0,0,0,0,0,0,0,0,0,0,0,0,0,0,0,0,0,0,0,0,0,0,0,0,0,0,0,0,0,0,0,0,0,0,0,0,0,0,0,0,0
Region 44,Region 30,0,0,0,0,0,0,0,0,0,0,0,0,0,0,0,0,0,0,0,0,0,0,0,0,0,0,0,0,0,0,0,0,0,0,0,0,0,0,0,0,0,0,0,0,0,0,0,0
Region 44,Region 31,0,0,0,0,0,0,0,0,0,0,0,0,0,0,0,0,0,0,0,0,0,0,0,0,0,0,0,0,0,0,0,0,0,0,0,0,0,0,0,0,0,0,0,0,0,0,0,0
Region 44,Region 32,0,0,0,0,0,0,0,0,0,0,0,0,0,0,0,0,0,0,0,0,0,0,0,0,0,0,0,0,0,0,0,0,0,0,0,0,0,0,0,0,0,0,0,0,0,0,0,0
Region 44,Region 33,0,0,0,0,0,0,0,0,0,0,0,0,0,0,0,0,0,0,0,0,0,0,0,0,0,0,0,0,0,0,0,0,0,0,0,0,0,0,0,0,0,0,0,0,0,0,0,0
Region 44,Region 34,0,0,0,0,0,0,0,0,0,0,0,0,0,0,0,0,0,0,0,0,0,0,0,0,0,0,0,0,0,0,0,0,0,0,0,0,0,0,0,0,0,0,0,0,0,0,0,0
Region 44,Region 35,0,0,0,0,0,0,0,0,0,0,0,0,0,0,0,0,0,0,0,0,0,0,0,0,0,0,0,0,0,0,0,0,0,0,0,0,0,0,0,0,0,0,0,0,0,0,0,0
Region 44,Region 36,0,0,0,0,0,0,0,0,0,0,0,0,0,0,0,0,0,0,0,0,0,0,0,0,0,0,0,0,0,0,0,0,0,0,0,0,0,0,0,0,0,0,0,0,0,0,0,0
Region 44,Region 37,0,0,0,0,0,0,0,0,0,0,0,0,0,0,0,0,0,0,0,0,0,0,0,0,0,0,0,0,0,0,0,0,0,0,0,0,0,0,0,0,0,0,0,0,0,0,0,0
Region 44,Region 38,0,0,0,0,0,0,0,0,0,0,0,0,0,0,0,0,0,0,0,0,0,0,0,0,0,0,0,0,0,0,0,0,0,0,0,0,0,0,0,0,0,0,0,0,0,0,0,0
Region 44,Region 39,0,0,0,0,0,0,0,0,0,0,0,0,0,0,0,0,0,0,0,0,0,0,0,0,0,0,0,0,0,0,0,0,0,0,0,0,0,0,0,0,0,0,0,0,0,0,0,0
Region 44,Region 40,0,0,0,0,0,0,0,0,0,0,0,0,0,0,0,0,0,0,0,0,0,0,0,0,0,0,0,0,0,0,0,0,0,0,0,0,0,0,0,0,0,0,0,0,0,0,0,0
Region 44,Region 41,0,0,0,0,0,0,0,0,0,0,0,0,0,0,0,0,0,0,0,0,0,0,0,0,0,0,0,0,0,0,0,0,0,0,0,0,0,0,0,0,0,0,0,0,0,0,0,0
Region 44,Region 42,0,0,0,0,0,0,0,0,0,0,0,0,0,0,0,0,0,0,0,0,0,0,0,0,0,0,0,0,0,0,0,0,0,0,0,0,0,0,0,0,0,0,0,0,0,0,0,0
Region 44,Region 43,0,0,0,0,0,0,0,0,0,0,0,0,0,0,0,0,0,0,0,0,0,0,0,0,0,0,0,0,0,0,0,0,0,0,0,0,0,0,0,0,0,0,0,0,0,0,0,0
Region 44,Region 44,0,0,0,0,0,0,0,0,0,0,0,0,0,0,0,0,0,0,0,0,0,0,0,0,0,0,0,0,0,0,0,0,0,0,0,0,0,0,0,0,0,0,0,0,0,0,0,0
Region 44,Region 45,0,0,0,0,0,0,0,0,0,0,0,0,0,0,0,0,0,0,0,0,0,0,0,0,0,0,0,0,0,0,0,0,0,0,0,0,0,0,0,0,0,0,0,0,0,0,0,0
Region 44,Region 46,0,0,0,0,0,0,0,0,0,0,0,0,0,0,0,0,0,0,0,0,0,0,0,0,0,0,0,0,0,0,0,0,0,0,0,0,0,0,0,0,0,0,0,0,0,0,0,0
Region 44,Region 47,0,0,0,0,0,0,0,0,0,0,0,0,0,0,0,0,0,0,0,0,0,0,0,0,0,0,0,0,0,0,0,0,0,0,0,0,0,0,0,0,0,0,0,0,0,0,0,0
Region 44,Region 48,0,0,0,0,0,0,0,0,0,0,0,0,0,0,0,0,0,0,0,0,0,0,0,0,0,0,0,0,0,0,0,0,0,0,0,0,0,0,0,0,0,0,0,0,0,0,0,0
Region 44,Region 49,0,0,0,0,0,0,0,0,0,0,0,0,0,0,0,0,0,0,0,0,0,0,0,0,0,0,0,0,0,0,0,0,0,0,0,0,0,0,0,0,0,0,0,0,0,0,0,0
Region 44,Region 50,0,0,0,0,0,0,0,0,0,0,0,0,0,0,0,0,0,0,0,0,0,0,0,0,0,0,0,0,0,0,0,0,0,0,0,0,0,0,0,0,0,0,0,0,0,0,0,0
Region 44,Region 51,0,0,0,0,0,0,0,0,0,0,0,0,0,0,0,0,0,0,0,0,0,0,0,0,0,0,0,0,0,0,0,0,0,0,0,0,0,0,0,0,0,0,0,0,0,0,0,0
Region 44,Region 52,0,0,0,0,0,0,0,0,0,0,0,0,0,0,0,0,0,0,0,0,0,0,0,0,0,0,0,0,0,0,0,0,0,0,0,0,0,0,0,0,0,0,0,0,0,0,0,0
Region 44,Region 53,0,0,0,0,0,0,0,0,0,0,0,0,0,0,0,0,0,0,0,0,0,0,0,0,0,0,0,0,0,0,0,0,0,0,0,0,0,0,0,0,0,0,0,0,0,0,0,0
Region 44,Region 54,0,0,0,0,0,0,0,0,0,0,0,0,0,0,0,0,0,0,0,0,0,0,0,0,0,0,0,0,0,0,0,0,0,0,0,0,0,0,0,0,0,0,0,0,0,0,0,0
Region 44,Region 55,0,0,0,0,0,0,0,0,0,0,0,0,0,0,0,0,0,0,0,0,0,0,0,0,0,0,0,0,0,0,0,0,0,0,0,0,0,0,0,0,0,0,0,0,0,0,0,0
Region 44,Region 56,0,0,0,0,0,0,0,0,0,0,0,0,0,0,0,0,0,0,0,0,0,0,0,0,0,0,0,0,0,0,0,0,0,0,0,0,0,0,0,0,0,0,0,0,0,0,0,0
Region 44,Region 57,0,0,0,0,0,0,0,0,0,0,0,0,0,0,0,0,0,0,0,0,0,0,0,0,0,0,0,0,0,0,0,0,0,0,0,0,0,0,0,0,0,0,0,0,0,0,0,0
Region 44,Region 58,0,0,0,0,0,0,0,0,0,0,0,0,0,0,0,0,0,0,0,0,0,0,0,0,0,0,0,0,0,0,0,0,0,0,0,0,0,0,0,0,0,0,0,0,0,0,0,0
Region 44,Region 59,0,0,0,0,0,0,0,0,0,0,0,0,0,0,0,0,0,0,0,0,0,0,0,0,0,0,0,0,0,0,0,0,0,0,0,0,0,0,0,0,0,0,0,0,0,0,0,0
Region 44,Region 60,0,0,0,0,0,0,0,0,0,0,0,0,0,0,0,0,0,0,0,0,0,0,0,0,0,0,0,0,0,0,0,0,0,0,0,0,0,0,0,0,0,0,0,0,0,0,0,0
Region 44,Region 61,0,0,0,0,0,0,0,0,0,0,0,0,0,0,0,0,0,0,0,0,0,0,0,0,0,0,0,0,0,0,0,0,0,0,0,0,0,0,0,0,0,0,0,0,0,0,0,0
Region 44,Region 62,0,0,0,0,0,0,0,0,0,0,0,0,0,0,0,0,0,0,0,0,0,0,0,0,0,0,0,0,0,0,0,0,0,0,0,0,0,0,0,0,0,0,0,0,0,0,0,0
Region 44,Region 63,0,0,0,0,0,0,0,0,0,0,0,0,0,0,0,0,0,0,0,0,0,0,0,0,0,0,0,0,0,0,0,0,0,0,0,0,0,0,0,0,0,0,0,0,0,0,0,0
Region 44,Region 64,0,0,0,0,0,0,0,0,0,0,0,0,0,0,0,0,0,0,0,0,0,0,0,0,0,0,0,0,0,0,0,0,0,0,0,0,0,0,0,0,0,0,0,0,0,0,0,0
Region 44,Region 65,0,0,0,0,0,0,0,0,0,0,0,0,0,0,0,0,0,0,0,0,0,0,0,0,0,0,0,0,0,0,0,0,0,0,0,0,0,0,0,0,0,0,0,0,0,0,0,0
Region 44,Region 66,0,0,0,0,0,0,0,0,0,0,0,0,0,0,0,0,0,0,0,0,0,0,0,0,0,0,0,0,0,0,0,0,0,0,0,0,0,0,0,0,0,0,0,0,0,0,0,0
Region 44,Region 67,0,0,0,0,0,0,0,0,0,0,0,0,0,0,0,0,0,0,0,0,0,0,0,0,0,0,0,0,0,0,0,0,0,0,0,0,0,0,0,0,0,0,0,0,0,0,0,0
Region 44,Region 68,0,0,0,0,0,0,0,0,0,0,0,0,0,0,0,0,0,0,0,0,0,0,0,0,0,0,0,0,0,0,0,0,0,0,0,0,0,0,0,0,0,0,0,0,0,0,0,0
Region 44,Region 69,0,0,0,0,0,0,0,0,0,0,0,0,0,0,0,0,0,0,0,0,0,0,0,0,0,0,0,0,0,0,0,0,0,0,0,0,0,0,0,0,0,0,0,0,0,0,0,0
Region 44,Region 70,0,0,0,0,0,0,0,0,0,0,0,0,0,0,0,0,0,0,0,0,0,0,0,0,0,0,0,0,0,0,0,0,0,0,0,0,0,0,0,0,0,0,0,0,0,0,0,0
Region 44,Region 71,0,0,0,0,0,0,0,0,0,0,0,0,0,0,0,0,0,0,0,0,0,0,0,0,0,0,0,0,0,0,0,0,0,0,0,0,0,0,0,0,0,0,0,0,0,0,0,0
Region 44,Region 72,0,0,0,0,0,0,0,0,0,0,0,0,0,0,0,0,0,0,0,0,0,0,0,0,0,0,0,0,0,0,0,0,0,0,0,0,0,0,0,0,0,0,0,0,0,0,0,0
Region 44,Region 73,0,0,0,0,0,0,0,0,0,0,0,0,0,0,0,0,0,0,0,0,0,0,0,0,0,0,0,0,0,0,0,0,0,0,0,0,0,0,0,0,0,0,0,0,0,0,0,0
Region 44,Region 74,0,0,0,0,0,0,0,0,0,0,0,0,0,0,0,0,0,0,0,0,0,0,0,0,0,0,0,0,0,0,0,0,0,0,0,0,0,0,0,0,0,0,0,0,0,0,0,0
Region 44,Region 75,0,0,0,0,0,0,0,0,0,0,0,0,0,0,0,0,0,0,0,0,0,0,0,0,0,0,0,0,0,0,0,0,0,0,0,0,0,0,0,0,0,0,0,0,0,0,0,0
Region 45,Region 0,0,0,0,0,0,0,0,0,0,0,0,0,0,0,0,0,0,0,0,0,1,0.002,0,0,1,0.003,1,0.003,0,0,0,0,0,0,0,0,1,0.002,2,0.004,0,0,0,0,0,0,1,0.003
Region 45,Region 1,0,0,0,0,0,0,0,0,0,0,0,0,0,0,0,0,0,0,0,0,0,0,0,0,0,0,0,0,0,0,0,0,0,0,0,0,0,0,0,0,0,0,0,0,0,0,0,0
Region 45,Region 2,0,0,0,0,0,0,0,0,0,0,0,0,0,0,0,0,0,0,2,0.005,1,0.002,3,0.007,2,0.005,1,0.003,0,0,0,0,1,0.002,2,0.004,0,0,1,0.002,1,0.002,1,0.002,0,0,1,0.003
Region 45,Region 3,20,0.071,4,0.023,3,0.025,2,0.025,4,0.074,0,0,0,0,1,0.012,5,0.03,15,0.04,16,0.032,16,0.035,10,0.026,11,0.029,9,0.023,4,0.01,24,0.058,23,0.048,9,0.017,15,0.031,20,0.04,18,0.039,10,0.026,16,0.05
Region 45,Region 4,0,0,2,0.012,0,0,0,0,0,0,0,0,0,0,1,0.012,0,0,1,0.003,0,0,2,0.004,1,0.003,0,0,1,0.003,2,0.005,0,0,1,0.002,0,0,0,0,5,0.01,0,0,0,0,1,0.003
Region 45,Region 5,7,0.025,3,0.018,3,0.025,1,0.012,2,0.037,0,0,1,0.021,1,0.012,2,0.012,2,0.005,3,0.006,5,0.011,7,0.018,6,0.016,3,0.008,4,0.01,7,0.017,7,0.015,4,0.008,4,0.008,5,0.01,10,0.022,5,0.013,9,0.028
Region 45,Region 6,0,0,0,0,0,0,0,0,0,0,0,0,0,0,0,0,0,0,0,0,0,0,0,0,0,0,0,0,0,0,0,0,0,0,0,0,0,0,0,0,0,0,0,0,0,0,0,0
Region 45,Region 7,2,0.007,4,0.023,0,0,2,0.025,0,0,0,0,3,0.063,0,0,1,0.006,10,0.026,22,0.045,17,0.037,13,0.033,11,0.029,9,0.023,5,0.012,11,0.027,6,0.012,9,0.017,3,0.006,12,0.024,9,0.02,4,0.011,5,0.016
Region 45,Region 8,0,0,0,0,0,0,0,0,0,0,0,0,0,0,0,0,0,0,0,0,0,0,0,0,0,0,0,0,0,0,0,0,0,0,0,0,0,0,0,0,0,0,0,0,0,0,0,0
Region 45,Region 9,0,0,0,0,0,0,0,0,0,0,0,0,0,0,0,0,0,0,0,0,0,0,0,0,0,0,0,0,0,0,0,0,0,0,0,0,0,0,0,0,0,0,0,0,0,0,0,0
Region 45,Region 10,0,0,0,0,0,0,0,0,0,0,0,0,0,0,0,0,0,0,2,0.005,0,0,0,0,0,0,0,0,0,0,0,0,0,0,0,0,0,0,1,0.002,1,0.002,1,0.002,0,0,0,0
Region 45,Region 11,0,0,0,0,0,0,0,0,0,0,0,0,0,0,0,0,0,0,0,0,0,0,0,0,0,0,0,0,0,0,0,0,0,0,0,0,0,0,0,0,0,0,0,0,0,0,0,0
Region 45,Region 12,23,0.081,4,0.023,7,0.058,4,0.05,2,0.037,3,0.068,3,0.063,3,0.037,19,0.115,29,0.077,49,0.099,27,0.059,20,0.052,13,0.034,19,0.049,17,0.041,20,0.048,13,0.027,23,0.044,15,0.031,14,0.028,24,0.052,16,0.042,24,0.075
Region 45,Region 13,1,0.004,2,0.012,0,0,0,0,0,0,0,0,0,0,0,0,0,0,1,0.003,3,0.006,0,0,3,0.008,0,0,2,0.005,0,0,2,0.005,1,0.002,0,0,6,0.012,0,0,5,0.011,1,0.003,0,0
Region 45,Region 14,28,0.099,9,0.053,8,0.066,12,0.149,7,0.129,14,0.317,17,0.356,24,0.295,37,0.224,55,0.145,60,0.121,67,0.146,31,0.08,37,0.098,38,0.097,30,0.073,24,0.058,25,0.052,32,0.061,27,0.056,35,0.069,36,0.078,29,0.076,29,0.091
Region 45,Region 15,0,0,0,0,0,0,0,0,0,0,0,0,0,0,0,0,0,0,0,0,0,0,0,0,0,0,0,0,0,0,0,0,0,0,0,0,0,0,0,0,0,0,0,0,0,0,0,0
Region 45,Region 16,0,0,0,0,0,0,0,0,0,0,0,0,0,0,0,0,0,0,0,0,0,0,0,0,0,0,0,0,0,0,0,0,0,0,0,0,0,0,0,0,0,0,0,0,0,0,0,0
Region 45,Region 17,2,0.007,0,0,0,0,0,0,0,0,0,0,0,0,0,0,0,0,2,0.005,0,0,0,0,0,0,0,0,0,0,1,0.002,0,0,0,0,4,0.008,2,0.004,2,0.004,1,0.002,2,0.005,0,0
Region 45,Region 18,4,0.014,1,0.006,0,0,0,0,0,0,1,0.023,0,0,0,0,1,0.006,1,0.003,2,0.004,0,0,1,0.003,0,0,0,0,2,0.005,0,0,2,0.004,3,0.006,4,0.008,5,0.01,3,0.007,0,0,4,0.013
Region 45,Region 19,5,0.018,1,0.006,2,0.016,4,0.05,1,0.018,0,0,1,0.021,0,0,2,0.012,6,0.016,2,0.004,2,0.004,3,0.008,2,0.005,11,0.028,4,0.01,2,0.005,5,0.01,4,0.008,2,0.004,1,0.002,3,0.007,6,0.016,2,0.006
Region 45,Region 20,18,0.063,12,0.07,5,0.041,6,0.074,2,0.037,1,0.023,5,0.105,11,0.135,13,0.079,29,0.077,29,0.059,18,0.039,13,0.033,21,0.055,22,0.056,20,0.049,17,0.041,21,0.044,20,0.038,31,0.064,25,0.05,30,0.065,22,0.058,19,0.06
Region 45,Region 21,1,0.004,1,0.006,0,0,0,0,0,0,0,0,0,0,0,0,2,0.012,2,0.005,3,0.006,1,0.002,1,0.003,4,0.011,2,0.005,3,0.007,1,0.002,1,0.002,0,0,3,0.006,2,0.004,0,0,0,0,1,0.003
Region 45,Region 22,7,0.025,1,0.006,1,0.008,0,0,1,0.018,0,0,1,0.021,1,0.012,3,0.018,58,0.153,28,0.057,18,0.039,13,0.033,23,0.061,18,0.046,17,0.041,23,0.056,25,0.052,10,0.019,17,0.035,21,0.042,23,0.05,6,0.016,16,0.05
Region 45,Region 23,0,0,0,0,0,0,0,0,0,0,0,0,0,0,0,0,0,0,1,0.003,0,0,0,0,0,0,1,0.003,1,0.003,0,0,1,0.002,0,0,2,0.004,0,0,1,0.002,1,0.002,0,0,0,0
Region 45,Region 24,0,0,0,0,0,0,0,0,0,0,0,0,0,0,0,0,0,0,1,0.003,0,0,2,0.004,0,0,0,0,0,0,0,0,2,0.005,0,0,1,0.002,1,0.002,0,0,0,0,0,0,0,0
Region 45,Region 25,1,0.004,0,0,0,0,0,0,0,0,0,0,0,0,0,0,1,0.006,0,0,1,0.002,0,0,0,0,0,0,1,0.003,0,0,0,0,1,0.002,0,0,0,0,0,0,1,0.002,0,0,0,0
Region 45,Region 26,0,0,0,0,0,0,0,0,0,0,0,0,0,0,0,0,0,0,0,0,0,0,0,0,0,0,0,0,0,0,1,0.002,0,0,0,0,0,0,0,0,1,0.002,0,0,0,0,0,0
Region 45,Region 27,0,0,0,0,0,0,0,0,0,0,0,0,0,0,0,0,0,0,0,0,0,0,0,0,0,0,0,0,0,0,0,0,0,0,0,0,1,0.002,0,0,1,0.002,0,0,0,0,1,0.003
Region 45,Region 28,0,0,0,0,0,0,0,0,0,0,0,0,0,0,0,0,0,0,0,0,0,0,0,0,1,0.003,0,0,0,0,0,0,0,0,0,0,1,0.002,0,0,0,0,0,0,1,0.003,1,0.003
Region 45,Region 29,5,0.018,3,0.018,3,0.025,0,0,1,0.018,1,0.023,2,0.042,0,0,7,0.042,12,0.032,10,0.02,18,0.039,4,0.01,8,0.021,9,0.023,5,0.012,11,0.027,12,0.025,10,0.019,8,0.017,7,0.014,2,0.004,6,0.016,5,0.016
Region 45,Region 30,2,0.007,0,0,1,0.008,2,0.025,0,0,0,0,0,0,0,0,1,0.006,2,0.005,3,0.006,1,0.002,1,0.003,2,0.005,1,0.003,2,0.005,1,0.002,1,0.002,3,0.006,4,0.008,1,0.002,0,0,3,0.008,0,0
Region 45,Region 31,6,0.021,2,0.012,0,0,0,0,0,0,0,0,0,0,0,0,3,0.018,2,0.005,7,0.014,3,0.007,6,0.015,4,0.011,3,0.008,2,0.005,3,0.007,2,0.004,4,0.008,3,0.006,3,0.006,6,0.013,3,0.008,7,0.022
Region 45,Region 32,2,0.007,1,0.006,0,0,0,0,0,0,0,0,0,0,0,0,0,0,0,0,0,0,0,0,0,0,0,0,0,0,0,0,0,0,0,0,1,0.002,0,0,1,0.002,0,0,3,0.008,0,0
Region 45,Region 33,0,0,0,0,0,0,0,0,0,0,0,0,0,0,0,0,0,0,0,0,1,0.002,1,0.002,0,0,0,0,0,0,0,0,0,0,0,0,0,0,0,0,0,0,0,0,0,0,1,0.003
Region 45,Region 34,0,0,0,0,0,0,0,0,0,0,0,0,0,0,0,0,0,0,0,0,0,0,0,0,0,0,0,0,0,0,0,0,0,0,0,0,0,0,0,0,0,0,0,0,0,0,0,0
Region 45,Region 35,0,0,0,0,0,0,0,0,0,0,0,0,0,0,0,0,0,0,0,0,0,0,0,0,0,0,0,0,0,0,0,0,0,0,0,0,0,0,0,0,0,0,0,0,0,0,0,0
Region 45,Region 36,0,0,0,0,0,0,1,0.012,0,0,0,0,0,0,1,0.012,1,0.006,1,0.003,1,0.002,0,0,0,0,0,0,0,0,1,0.002,0,0,0,0,0,0,1,0.002,0,0,2,0.004,0,0,0,0
Region 45,Region 37,2,0.007,0,0,0,0,0,0,1,0.018,0,0,0,0,0,0,1,0.006,0,0,3,0.006,0,0,0,0,1,0.003,2,0.005,0,0,0,0,0,0,1,0.002,0,0,5,0.01,1,0.002,0,0,1,0.003
Region 45,Region 38,3,0.011,3,0.018,2,0.016,0,0,0,0,0,0,0,0,0,0,1,0.006,3,0.008,4,0.008,2,0.004,3,0.008,4,0.011,0,0,1,0.002,3,0.007,2,0.004,1,0.002,2,0.004,7,0.014,4,0.009,1,0.003,3,0.009
Region 45,Region 39,0,0,0,0,0,0,0,0,0,0,0,0,0,0,0,0,0,0,3,0.008,5,0.01,0,0,0,0,0,0,0,0,0,0,0,0,0,0,0,0,0,0,0,0,0,0,0,0,0,0
Region 45,Region 40,0,0,0,0,0,0,0,0,0,0,0,0,0,0,0,0,0,0,0,0,0,0,0,0,0,0,0,0,0,0,0,0,0,0,0,0,0,0,0,0,0,0,0,0,0,0,0,0
Region 45,Region 41,0,0,0,0,0,0,0,0,0,0,0,0,0,0,1,0.012,0,0,0,0,3,0.006,0,0,0,0,2,0.005,0,0,0,0,0,0,0,0,0,0,0,0,0,0,0,0,0,0,0,0
Region 45,Region 42,0,0,0,0,0,0,0,0,0,0,0,0,0,0,0,0,0,0,0,0,0,0,0,0,0,0,0,0,0,0,0,0,0,0,0,0,0,0,0,0,0,0,0,0,0,0,0,0
Region 45,Region 43,2,0.007,0,0,0,0,0,0,0,0,0,0,0,0,0,0,0,0,1,0.003,3,0.006,2,0.004,1,0.003,2,0.005,1,0.003,2,0.005,0,0,0,0,1,0.002,3,0.006,1,0.002,1,0.002,1,0.003,1,0.003
Region 45,Region 44,0,0,0,0,0,0,0,0,0,0,0,0,0,0,0,0,0,0,0,0,0,0,0,0,0,0,0,0,0,0,0,0,0,0,0,0,0,0,0,0,0,0,0,0,0,0,0,0
Region 45,Region 45,89,0.314,56,0.328,28,0.23,26,0.322,15,0.277,9,0.204,13,0.272,18,0.221,46,0.278,90,0.238,126,0.255,104,0.226,83,0.214,78,0.206,112,0.287,118,0.288,108,0.261,139,0.289,160,0.305,136,0.282,151,0.299,147,0.319,148,0.39,111,0.349
Region 45,Region 46,0,0,1,0.006,0,0,0,0,0,0,0,0,0,0,1,0.012,1,0.006,5,0.013,3,0.006,1,0.002,2,0.005,0,0,0,0,1,0.002,1,0.002,1,0.002,1,0.002,5,0.01,1,0.002,2,0.004,2,0.005,1,0.003
Region 45,Region 47,6,0.021,2,0.012,0,0,0,0,0,0,0,0,0,0,0,0,2,0.012,6,0.016,8,0.016,6,0.013,4,0.01,2,0.005,7,0.018,2,0.005,1,0.002,4,0.008,0,0,4,0.008,1,0.002,6,0.013,3,0.008,3,0.009
Region 45,Region 48,6,0.021,3,0.018,4,0.033,1,0.012,1,0.018,0,0,0,0,1,0.012,1,0.006,8,0.021,13,0.026,13,0.028,11,0.028,8,0.021,5,0.013,4,0.01,8,0.019,6,0.012,4,0.008,7,0.014,6,0.012,9,0.02,8,0.021,5,0.016
Region 45,Region 49,24,0.085,19,0.111,14,0.115,6,0.074,6,0.111,4,0.09,1,0.021,2,0.025,9,0.054,23,0.061,38,0.077,31,0.067,21,0.054,30,0.079,25,0.064,27,0.066,25,0.06,36,0.075,33,0.063,43,0.089,39,0.077,42,0.091,35,0.092,32,0.101
Region 45,Region 50,15,0.053,7,0.041,4,0.033,2,0.025,2,0.037,0,0,1,0.021,3,0.037,3,0.018,12,0.032,7,0.014,10,0.022,12,0.031,6,0.016,13,0.033,16,0.039,12,0.029,16,0.033,19,0.036,20,0.041,18,0.036,13,0.028,23,0.061,12,0.038
Region 45,Region 51,1,0.004,1,0.006,0,0,1,0.012,0,0,1,0.023,0,0,0,0,0,0,1,0.003,2,0.004,5,0.011,1,0.003,3,0.008,0,0,2,0.005,0,0,4,0.008,4,0.008,2,0.004,0,0,6,0.013,4,0.011,2,0.006
Region 45,Region 52,6,0.021,2,0.012,1,0.008,0,0,0,0,1,0.023,1,0.021,0,0,0,0,0,0,2,0.004,4,0.009,3,0.008,5,0.013,1,0.003,0,0,2,0.005,5,0.01,4,0.008,5,0.01,7,0.014,7,0.015,3,0.008,3,0.009
Region 45,Region 53,0,0,0,0,0,0,0,0,0,0,0,0,1,0.021,0,0,1,0.006,2,0.005,5,0.01,1,0.002,0,0,2,0.005,0,0,1,0.002,1,0.002,1,0.002,0,0,0,0,3,0.006,0,0,1,0.003,0,0
Region 45,Region 54,0,0,2,0.012,1,0.008,0,0,1,0.018,0,0,0,0,1,0.012,1,0.006,2,0.005,4,0.008,4,0.009,3,0.008,4,0.011,3,0.008,4,0.01,1,0.002,1,0.002,2,0.004,2,0.004,6,0.012,7,0.015,4,0.011,5,0.016
Region 45,Region 55,0,0,0,0,0,0,0,0,0,0,0,0,0,0,0,0,0,0,0,0,0,0,0,0,1,0.003,0,0,0,0,1,0.002,0,0,0,0,0,0,0,0,0,0,0,0,0,0,1,0.003
Region 45,Region 56,0,0,0,0,0,0,0,0,0,0,0,0,0,0,0,0,0,0,1,0.003,1,0.002,0,0,0,0,0,0,1,0.003,0,0,1,0.002,1,0.002,0,0,0,0,1,0.002,0,0,0,0,1,0.003
Region 45,Region 57,0,0,0,0,0,0,0,0,0,0,0,0,0,0,0,0,1,0.006,1,0.003,0,0,1,0.002,1,0.003,0,0,0,0,0,0,0,0,0,0,1,0.002,0,0,0,0,0,0,0,0,0,0
Region 45,Region 58,0,0,0,0,0,0,0,0,0,0,0,0,0,0,0,0,0,0,1,0.003,0,0,0,0,0,0,0,0,0,0,0,0,0,0,0,0,0,0,0,0,0,0,0,0,0,0,0,0
Region 45,Region 59,0,0,0,0,0,0,0,0,0,0,0,0,0,0,0,0,0,0,0,0,0,0,0,0,0,0,0,0,0,0,0,0,0,0,0,0,0,0,0,0,0,0,0,0,0,0,0,0
Region 45,Region 60,2,0.007,1,0.006,1,0.008,0,0,0,0,0,0,1,0.021,1,0.012,2,0.012,9,0.024,25,0.051,25,0.054,16,0.041,3,0.008,6,0.015,17,0.041,11,0.027,12,0.025,13,0.025,4,0.008,4,0.008,6,0.013,4,0.011,4,0.013
Region 45,Region 61,1,0.004,0,0,0,0,0,0,0,0,1,0.023,0,0,0,0,1,0.006,1,0.003,1,0.002,0,0,0,0,0,0,0,0,0,0,0,0,0,0,0,0,1,0.002,0,0,0,0,0,0,1,0.003
Region 45,Region 62,2,0.007,1,0.006,0,0,1,0.012,0,0,2,0.045,0,0,0,0,1,0.006,1,0.003,6,0.012,4,0.009,7,0.018,5,0.013,4,0.01,3,0.007,1,0.002,5,0.01,3,0.006,2,0.004,5,0.01,3,0.007,1,0.003,2,0.006
Region 45,Region 63,0,0,0,0,0,0,0,0,0,0,0,0,0,0,0,0,0,0,0,0,0,0,0,0,0,0,0,0,0,0,0,0,0,0,0,0,0,0,0,0,0,0,0,0,0,0,0,0
Region 45,Region 64,20,0.071,12,0.07,5,0.041,5,0.062,4,0.074,3,0.068,2,0.042,1,0.012,7,0.042,18,0.048,68,0.138,32,0.07,19,0.049,14,0.037,29,0.074,24,0.059,29,0.07,26,0.054,32,0.061,23,0.048,26,0.052,27,0.059,23,0.061,33,0.104
Region 45,Region 65,6,0.021,1,0.006,1,0.008,1,0.012,1,0.018,1,0.023,0,0,2,0.025,2,0.012,2,0.005,1,0.002,4,0.009,3,0.008,7,0.018,1,0.003,3,0.007,5,0.012,6,0.012,1,0.002,7,0.014,7,0.014,3,0.007,3,0.008,4,0.013
Region 45,Region 66,1,0.004,0,0,0,0,1,0.012,0,0,0,0,0,0,0,0,2,0.012,0,0,0,0,0,0,0,0,0,0,0,0,0,0,0,0,0,0,0,0,2,0.004,4,0.008,3,0.007,1,0.003,2,0.006
Region 45,Region 67,2,0.007,2,0.012,0,0,0,0,0,0,0,0,1,0.021,0,0,0,0,6,0.016,7,0.014,10,0.022,4,0.01,5,0.013,0,0,4,0.01,2,0.005,2,0.004,1,0.002,4,0.008,5,0.01,8,0.017,1,0.003,3,0.009
Region 45,Region 68,1,0.004,1,0.006,3,0.025,0,0,1,0.018,1,0.023,1,0.021,1,0.012,3,0.018,4,0.011,10,0.02,8,0.017,5,0.013,10,0.026,4,0.01,3,0.007,6,0.014,7,0.015,3,0.006,7,0.014,6,0.012,4,0.009,11,0.029,3,0.009
Region 45,Region 69,4,0.014,6,0.035,2,0.016,4,0.05,1,0.018,3,0.068,1,0.021,2,0.025,4,0.024,16,0.042,14,0.028,18,0.039,10,0.026,10,0.026,19,0.049,11,0.027,12,0.029,16,0.033,17,0.032,19,0.039,33,0.065,23,0.05,29,0.076,16,0.05
Region 45,Region 70,6,0.021,8,0.047,5,0.041,3,0.037,0,0,3,0.068,1,0.021,4,0.049,14,0.085,26,0.069,42,0.085,34,0.074,28,0.072,19,0.05,21,0.054,22,0.054,19,0.046,14,0.029,31,0.059,17,0.035,15,0.03,23,0.05,9,0.024,14,0.044
Region 45,Region 71,1,0.004,0,0,0,0,0,0,0,0,0,0,0,0,0,0,0,0,2,0.005,3,0.006,1,0.002,1,0.003,0,0,0,0,1,0.002,0,0,1,0.002,1,0.002,3,0.006,1,0.002,1,0.002,1,0.003,1,0.003
Region 45,Region 72,0,0,0,0,0,0,0,0,0,0,0,0,0,0,0,0,0,0,0,0,0,0,0,0,0,0,0,0,0,0,0,0,0,0,0,0,0,0,0,0,0,0,0,0,0,0,0,0
Region 45,Region 73,0,0,0,0,0,0,0,0,0,0,0,0,0,0,0,0,0,0,0,0,0,0,0,0,0,0,0,0,0,0,0,0,0,0,0,0,0,0,0,0,0,0,0,0,0,0,0,0
Region 45,Region 74,4,0.014,3,0.018,1,0.008,1,0.012,0,0,0,0,1,0.021,0,0,0,0,3,0.008,3,0.006,1,0.002,3,0.008,2,0.005,1,0.003,3,0.007,4,0.01,1,0.002,3,0.006,1,0.002,3,0.006,3,0.007,4,0.011,0,0
Region 45,Region 75,0,0,0,0,0,0,0,0,0,0,0,0,0,0,0,0,0,0,0,0,0,0,1,0.002,0,0,0,0,0,0,0,0,0,0,0,0,0,0,0,0,0,0,0,0,0,0,0,0
Region 46,Region 0,4,0.014,1,0.006,2,0.016,0,0,0,0,0,0,0,0,0,0,0,0,3,0.008,1,0.002,2,0.004,3,0.008,4,0.011,7,0.018,11,0.027,8,0.019,11,0.023,9,0.017,5,0.01,14,0.028,10,0.022,7,0.018,9,0.028
Region 46,Region 1,0,0,0,0,0,0,0,0,0,0,0,0,0,0,0,0,0,0,0,0,0,0,0,0,0,0,0,0,0,0,0,0,0,0,0,0,0,0,0,0,0,0,0,0,0,0,0,0
Region 46,Region 2,1,0.004,0,0,0,0,0,0,0,0,0,0,0,0,0,0,0,0,1,0.003,4,0.008,2,0.004,1,0.003,1,0.003,3,0.008,3,0.007,5,0.012,3,0.006,0,0,1,0.002,2,0.004,2,0.004,5,0.013,2,0.006
Region 46,Region 3,4,0.014,0,0,0,0,0,0,0,0,0,0,0,0,0,0,0,0,1,0.003,3,0.006,5,0.011,2,0.005,3,0.008,3,0.008,4,0.01,3,0.007,2,0.004,1,0.002,1,0.002,1,0.002,3,0.007,3,0.008,3,0.009
Region 46,Region 4,14,0.049,6,0.035,3,0.025,1,0.012,1,0.018,0,0,0,0,2,0.025,2,0.012,10,0.026,13,0.026,18,0.039,24,0.062,25,0.066,26,0.067,27,0.066,32,0.077,34,0.071,37,0.071,43,0.089,45,0.089,51,0.111,39,0.103,40,0.126
Region 46,Region 5,1,0.004,2,0.012,0,0,1,0.012,0,0,0,0,0,0,0,0,1,0.006,1,0.003,0,0,0,0,1,0.003,1,0.003,0,0,0,0,0,0,0,0,1,0.002,0,0,1,0.002,1,0.002,1,0.003,2,0.006
Region 46,Region 6,0,0,0,0,0,0,0,0,0,0,0,0,0,0,0,0,0,0,0,0,0,0,0,0,0,0,0,0,0,0,0,0,0,0,0,0,0,0,0,0,0,0,0,0,0,0,0,0
Region 46,Region 7,2,0.007,0,0,1,0.008,0,0,0,0,0,0,1,0.021,0,0,1,0.006,4,0.011,6,0.012,2,0.004,9,0.023,4,0.011,2,0.005,1,0.002,1,0.002,4,0.008,1,0.002,3,0.006,2,0.004,0,0,2,0.005,1,0.003
Region 46,Region 8,0,0,0,0,0,0,0,0,0,0,0,0,0,0,0,0,0,0,0,0,0,0,2,0.004,1,0.003,1,0.003,0,0,1,0.002,2,0.005,0,0,1,0.002,4,0.008,0,0,0,0,0,0,1,0.003
Region 46,Region 9,0,0,0,0,0,0,0,0,0,0,0,0,0,0,0,0,0,0,0,0,0,0,0,0,0,0,0,0,0,0,0,0,0,0,0,0,0,0,0,0,0,0,0,0,0,0,0,0
Region 46,Region 10,7,0.025,2,0.012,3,0.025,0,0,0,0,0,0,0,0,1,0.012,1,0.006,2,0.005,6,0.012,3,0.007,1,0.003,4,0.011,2,0.005,6,0.015,13,0.031,5,0.01,10,0.019,12,0.025,2,0.004,8,0.017,9,0.024,12,0.038
Region 46,Region 11,0,0,0,0,0,0,0,0,0,0,0,0,0,0,0,0,0,0,0,0,0,0,0,0,0,0,0,0,0,0,0,0,0,0,0,0,0,0,0,0,0,0,0,0,0,0,0,0
Region 46,Region 12,8,0.028,5,0.029,0,0,1,0.012,0,0,1,0.023,0,0,3,0.037,6,0.036,9,0.024,12,0.024,13,0.028,16,0.041,7,0.018,10,0.026,13,0.032,10,0.024,7,0.015,12,0.023,12,0.025,10,0.02,16,0.035,8,0.021,9,0.028
Region 46,Region 13,31,0.109,4,0.023,2,0.016,2,0.025,2,0.037,2,0.045,0,0,2,0.025,7,0.042,8,0.021,22,0.045,31,0.067,32,0.082,40,0.105,46,0.118,52,0.127,73,0.176,67,0.139,61,0.116,70,0.145,53,0.105,41,0.089,57,0.15,40,0.126
Region 46,Region 14,11,0.039,6,0.035,3,0.025,1,0.012,1,0.018,2,0.045,5,0.105,6,0.074,10,0.061,18,0.048,14,0.028,19,0.041,13,0.033,15,0.04,7,0.018,17,0.041,14,0.034,8,0.017,10,0.019,10,0.021,10,0.02,6,0.013,11,0.029,5,0.016
Region 46,Region 15,0,0,0,0,0,0,0,0,0,0,0,0,0,0,0,0,0,0,0,0,0,0,0,0,0,0,0,0,0,0,0,0,0,0,0,0,0,0,0,0,0,0,0,0,0,0,0,0
Region 46,Region 16,0,0,0,0,0,0,0,0,0,0,0,0,0,0,0,0,0,0,0,0,0,0,0,0,0,0,0,0,0,0,0,0,0,0,0,0,0,0,0,0,0,0,0,0,0,0,0,0
Region 46,Region 17,7,0.025,4,0.023,0,0,1,0.012,1,0.018,0,0,1,0.021,1,0.012,1,0.006,7,0.018,8,0.016,13,0.028,10,0.026,6,0.016,8,0.02,18,0.044,21,0.051,21,0.044,21,0.04,34,0.07,19,0.038,26,0.056,25,0.066,21,0.066
Region 46,Region 18,0,0,1,0.006,1,0.008,0,0,0,0,0,0,0,0,0,0,0,0,1,0.003,3,0.006,0,0,3,0.008,4,0.011,6,0.015,4,0.01,5,0.012,4,0.008,6,0.011,2,0.004,4,0.008,7,0.015,1,0.003,2,0.006
Region 46,Region 19,0,0,3,0.018,0,0,0,0,0,0,0,0,0,0,0,0,2,0.012,3,0.008,1,0.002,2,0.004,0,0,1,0.003,1,0.003,3,0.007,3,0.007,0,0,1,0.002,1,0.002,0,0,0,0,3,0.008,1,0.003
Region 46,Region 20,0,0,2,0.012,0,0,0,0,0,0,0,0,0,0,0,0,0,0,3,0.008,1,0.002,2,0.004,6,0.015,0,0,1,0.003,2,0.005,2,0.005,0,0,2,0.004,1,0.002,1,0.002,2,0.004,0,0,1,0.003
Region 46,Region 21,1,0.004,0,0,0,0,0,0,0,0,0,0,0,0,0,0,0,0,0,0,1,0.002,1,0.002,4,0.01,2,0.005,3,0.008,1,0.002,1,0.002,3,0.006,5,0.01,1,0.002,2,0.004,5,0.011,5,0.013,0,0
Region 46,Region 22,1,0.004,1,0.006,0,0,0,0,1,0.018,0,0,0,0,0,0,1,0.006,3,0.008,4,0.008,4,0.009,1,0.003,3,0.008,3,0.008,2,0.005,4,0.01,4,0.008,1,0.002,4,0.008,0,0,5,0.011,1,0.003,0,0
Region 46,Region 23,22,0.078,2,0.012,3,0.025,0,0,1,0.018,1,0.023,1,0.021,0,0,0,0,0,0,8,0.016,7,0.015,13,0.033,22,0.058,28,0.072,25,0.061,27,0.065,20,0.042,32,0.061,31,0.064,34,0.067,42,0.091,26,0.069,29,0.091
Region 46,Region 24,0,0,0,0,0,0,0,0,0,0,0,0,0,0,0,0,0,0,0,0,1,0.002,3,0.007,1,0.003,1,0.003,2,0.005,3,0.007,2,0.005,2,0.004,1,0.002,3,0.006,6,0.012,1,0.002,0,0,0,0
Region 46,Region 25,5,0.018,0,0,0,0,0,0,0,0,0,0,0,0,0,0,1,0.006,13,0.034,0,0,1,0.002,1,0.003,1,0.003,4,0.01,7,0.017,6,0.014,8,0.017,4,0.008,10,0.021,10,0.02,9,0.02,13,0.034,4,0.013
Region 46,Region 26,0,0,0,0,0,0,0,0,0,0,0,0,0,0,1,0.012,0,0,1,0.003,1,0.002,0,0,2,0.005,3,0.008,2,0.005,0,0,0,0,0,0,0,0,1,0.002,2,0.004,0,0,1,0.003,0,0
Region 46,Region 27,1,0.004,2,0.012,1,0.008,0,0,1,0.018,0,0,0,0,0,0,0,0,0,0,2,0.004,6,0.013,3,0.008,5,0.013,6,0.015,5,0.012,2,0.005,3,0.006,9,0.017,7,0.014,12,0.024,4,0.009,6,0.016,9,0.028
Region 46,Region 28,6,0.021,5,0.029,2,0.016,0,0,1,0.018,0,0,0,0,0,0,2,0.012,4,0.011,5,0.01,9,0.02,5,0.013,8,0.021,7,0.018,13,0.032,10,0.024,12,0.025,5,0.01,7,0.014,4,0.008,9,0.02,9,0.024,9,0.028
Region 46,Region 29,0,0,1,0.006,0,0,0,0,0,0,0,0,0,0,0,0,2,0.012,7,0.018,5,0.01,8,0.017,4,0.01,1,0.003,1,0.003,4,0.01,4,0.01,1,0.002,4,0.008,2,0.004,2,0.004,1,0.002,2,0.005,0,0
Region 46,Region 30,3,0.011,2,0.012,0,0,0,0,0,0,0,0,0,0,0,0,0,0,0,0,2,0.004,2,0.004,4,0.01,1,0.003,3,0.008,2,0.005,2,0.005,4,0.008,1,0.002,4,0.008,4,0.008,6,0.013,5,0.013,1,0.003
Region 46,Region 31,0,0,1,0.006,0,0,0,0,1,0.018,0,0,0,0,1,0.012,0,0,0,0,1,0.002,1,0.002,1,0.003,1,0.003,2,0.005,1,0.002,4,0.01,4,0.008,2,0.004,4,0.008,6,0.012,6,0.013,3,0.008,2,0.006
Region 46,Region 32,7,0.025,2,0.012,4,0.033,0,0,0,0,0,0,2,0.042,0,0,1,0.006,2,0.005,8,0.016,5,0.011,5,0.013,5,0.013,8,0.02,11,0.027,6,0.014,7,0.015,6,0.011,18,0.037,22,0.044,17,0.037,9,0.024,10,0.031
Region 46,Region 33,3,0.011,4,0.023,1,0.008,0,0,0,0,0,0,0,0,0,0,0,0,2,0.005,7,0.014,5,0.011,8,0.021,6,0.016,8,0.02,6,0.015,9,0.022,4,0.008,12,0.023,14,0.029,10,0.02,14,0.03,11,0.029,3,0.009
Region 46,Region 34,0,0,0,0,0,0,0,0,0,0,0,0,0,0,0,0,0,0,0,0,0,0,0,0,0,0,0,0,0,0,0,0,0,0,0,0,0,0,0,0,0,0,0,0,0,0,0,0
Region 46,Region 35,0,0,0,0,0,0,0,0,0,0,0,0,0,0,0,0,0,0,0,0,0,0,0,0,0,0,0,0,0,0,0,0,0,0,0,0,0,0,0,0,0,0,0,0,0,0,0,0
Region 46,Region 36,11,0.039,5,0.029,1,0.008,0,0,2,0.037,0,0,2,0.042,0,0,3,0.018,30,0.079,15,0.03,13,0.028,12,0.031,15,0.04,24,0.061,13,0.032,26,0.063,12,0.025,23,0.044,18,0.037,30,0.059,19,0.041,26,0.069,18,0.057
Region 46,Region 37,5,0.018,2,0.012,1,0.008,0,0,0,0,0,0,0,0,1,0.012,0,0,3,0.008,4,0.008,5,0.011,7,0.018,8,0.021,10,0.026,13,0.032,15,0.036,5,0.01,12,0.023,14,0.029,17,0.034,13,0.028,15,0.04,12,0.038
Region 46,Region 38,0,0,0,0,0,0,0,0,0,0,0,0,0,0,0,0,0,0,0,0,2,0.004,5,0.011,2,0.005,1,0.003,1,0.003,0,0,0,0,4,0.008,2,0.004,4,0.008,3,0.006,3,0.007,6,0.016,1,0.003
Region 46,Region 39,0,0,0,0,0,0,0,0,0,0,0,0,0,0,0,0,0,0,1,0.003,1,0.002,0,0,0,0,1,0.003,0,0,0,0,0,0,0,0,0,0,0,0,3,0.006,1,0.002,0,0,0,0
Region 46,Region 40,0,0,0,0,0,0,0,0,0,0,0,0,0,0,0,0,0,0,0,0,0,0,0,0,0,0,0,0,0,0,0,0,0,0,0,0,0,0,0,0,0,0,0,0,0,0,0,0
Region 46,Region 41,3,0.011,2,0.012,0,0,0,0,0,0,0,0,1,0.021,3,0.037,12,0.073,11,0.029,16,0.032,9,0.02,2,0.005,4,0.011,6,0.015,4,0.01,0,0,4,0.008,3,0.006,2,0.004,4,0.008,4,0.009,1,0.003,4,0.013
Region 46,Region 42,0,0,0,0,0,0,0,0,0,0,0,0,0,0,0,0,0,0,0,0,0,0,0,0,0,0,0,0,0,0,0,0,0,0,0,0,0,0,0,0,0,0,0,0,0,0,0,0
Region 46,Region 43,1,0.004,3,0.018,0,0,0,0,0,0,0,0,0,0,0,0,1,0.006,1,0.003,3,0.006,4,0.009,6,0.015,2,0.005,5,0.013,7,0.017,8,0.019,5,0.01,4,0.008,4,0.008,6,0.012,1,0.002,1,0.003,5,0.016
Region 46,Region 44,0,0,0,0,0,0,0,0,0,0,0,0,0,0,0,0,0,0,0,0,0,0,0,0,0,0,0,0,0,0,0,0,0,0,0,0,0,0,0,0,0,0,0,0,0,0,0,0
Region 46,Region 45,1,0.004,0,0,0,0,0,0,0,0,0,0,0,0,0,0,1,0.006,0,0,1,0.002,3,0.007,3,0.008,0,0,0,0,0,0,3,0.007,3,0.006,1,0.002,2,0.004,4,0.008,5,0.011,1,0.003,3,0.009
Region 46,Region 46,50,0.176,12,0.07,11,0.09,5,0.062,5,0.092,1,0.023,2,0.042,4,0.049,5,0.03,56,0.148,72,0.146,104,0.226,111,0.286,110,0.29,132,0.338,168,0.41,173,0.418,161,0.334,159,0.303,166,0.344,157,0.311,148,0.321,104,0.274,76,0.239
Region 46,Region 47,11,0.039,2,0.012,1,0.008,4,0.05,2,0.037,0,0,2,0.042,7,0.086,13,0.079,29,0.077,57,0.115,41,0.089,27,0.07,32,0.084,17,0.044,29,0.071,25,0.06,32,0.066,30,0.057,22,0.046,45,0.089,24,0.052,20,0.053,18,0.057
Region 46,Region 48,0,0,1,0.006,0,0,0,0,0,0,0,0,0,0,0,0,1,0.006,4,0.011,4,0.008,7,0.015,8,0.021,6,0.016,4,0.01,3,0.007,4,0.01,4,0.008,2,0.004,3,0.006,4,0.008,5,0.011,4,0.011,2,0.006
Region 46,Region 49,0,0,2,0.012,0,0,0,0,0,0,0,0,1,0.021,0,0,0,0,0,0,1,0.002,4,0.009,3,0.008,6,0.016,2,0.005,2,0.005,4,0.01,3,0.006,3,0.006,3,0.006,7,0.014,2,0.004,2,0.005,1,0.003
Region 46,Region 50,5,0.018,4,0.023,3,0.025,0,0,0,0,0,0,1,0.021,1,0.012,2,0.012,5,0.013,11,0.022,10,0.022,12,0.031,9,0.024,14,0.036,14,0.034,20,0.048,18,0.037,14,0.027,13,0.027,17,0.034,16,0.035,8,0.021,10,0.031
Region 46,Region 51,2,0.007,0,0,1,0.008,0,0,0,0,0,0,0,0,0,0,0,0,0,0,2,0.004,1,0.002,2,0.005,0,0,1,0.003,1,0.002,3,0.007,3,0.006,3,0.006,4,0.008,2,0.004,1,0.002,3,0.008,0,0
Region 46,Region 52,9,0.032,4,0.023,2,0.016,1,0.012,0,0,1,0.023,0,0,2,0.025,7,0.042,7,0.018,11,0.022,11,0.024,9,0.023,15,0.04,14,0.036,21,0.051,27,0.065,27,0.056,23,0.044,16,0.033,20,0.04,21,0.046,19,0.05,15,0.047
Region 46,Region 53,0,0,0,0,0,0,0,0,0,0,0,0,0,0,0,0,0,0,1,0.003,4,0.008,4,0.009,2,0.005,2,0.005,1,0.003,1,0.002,3,0.007,4,0.008,4,0.008,2,0.004,1,0.002,1,0.002,0,0,1,0.003
Region 46,Region 54,1,0.004,1,0.006,0,0,0,0,0,0,0,0,0,0,0,0,0,0,2,0.005,1,0.002,1,0.002,2,0.005,1,0.003,0,0,1,0.002,2,0.005,0,0,1,0.002,0,0,2,0.004,2,0.004,2,0.005,0,0
Region 46,Region 55,3,0.011,2,0.012,3,0.025,0,0,0,0,0,0,0,0,0,0,0,0,1,0.003,4,0.008,1,0.002,4,0.01,4,0.011,4,0.01,6,0.015,6,0.014,5,0.01,8,0.015,10,0.021,7,0.014,6,0.013,5,0.013,6,0.019
Region 46,Region 56,6,0.021,1,0.006,4,0.033,0,0,0,0,0,0,0,0,0,0,1,0.006,3,0.008,11,0.022,6,0.013,5,0.013,9,0.024,19,0.049,9,0.022,22,0.053,10,0.021,16,0.03,20,0.041,10,0.02,9,0.02,9,0.024,18,0.057
Region 46,Region 57,8,0.028,3,0.018,0,0,1,0.012,1,0.018,2,0.045,1,0.021,0,0,0,0,7,0.018,2,0.004,6,0.013,6,0.015,7,0.018,15,0.038,15,0.037,18,0.043,10,0.021,17,0.032,18,0.037,18,0.036,12,0.026,24,0.063,9,0.028
Region 46,Region 58,1,0.004,0,0,0,0,0,0,0,0,0,0,0,0,0,0,0,0,0,0,0,0,0,0,0,0,0,0,0,0,0,0,0,0,0,0,0,0,0,0,0,0,0,0,1,0.003,0,0
Region 46,Region 59,0,0,0,0,0,0,0,0,0,0,0,0,0,0,0,0,0,0,0,0,0,0,0,0,0,0,0,0,0,0,0,0,1,0.002,1,0.002,0,0,0,0,0,0,0,0,0,0,0,0
Region 46,Region 60,1,0.004,1,0.006,0,0,0,0,0,0,0,0,0,0,0,0,3,0.018,3,0.008,8,0.016,1,0.002,2,0.005,3,0.008,2,0.005,0,0,4,0.01,1,0.002,1,0.002,1,0.002,1,0.002,3,0.007,0,0,1,0.003
Region 46,Region 61,0,0,0,0,0,0,0,0,0,0,0,0,0,0,0,0,0,0,1,0.003,0,0,0,0,2,0.005,1,0.003,2,0.005,1,0.002,1,0.002,1,0.002,2,0.004,1,0.002,2,0.004,0,0,2,0.005,0,0
Region 46,Region 62,73,0.257,25,0.147,17,0.14,5,0.062,5,0.092,4,0.09,8,0.168,5,0.062,24,0.145,51,0.135,84,0.17,87,0.189,57,0.147,62,0.164,75,0.192,82,0.2,122,0.295,114,0.237,123,0.234,97,0.201,101,0.2,115,0.249,94,0.248,83,0.261
Region 46,Region 63,0,0,0,0,0,0,0,0,0,0,0,0,0,0,0,0,0,0,0,0,0,0,1,0.002,2,0.005,2,0.005,0,0,0,0,1,0.002,1,0.002,0,0,0,0,0,0,0,0,0,0,0,0
Region 46,Region 64,0,0,1,0.006,0,0,0,0,0,0,0,0,0,0,0,0,0,0,2,0.005,2,0.004,1,0.002,1,0.003,0,0,0,0,1,0.002,1,0.002,1,0.002,2,0.004,4,0.008,1,0.002,0,0,0,0,0,0
Region 46,Region 65,13,0.046,3,0.018,0,0,1,0.012,1,0.018,0,0,1,0.021,2,0.025,0,0,4,0.011,11,0.022,9,0.02,16,0.041,7,0.018,8,0.02,12,0.029,29,0.07,12,0.025,23,0.044,27,0.056,33,0.065,15,0.033,14,0.037,13,0.041
Region 46,Region 66,42,0.148,14,0.082,12,0.099,4,0.05,6,0.111,1,0.023,1,0.021,1,0.012,6,0.036,15,0.04,25,0.051,34,0.074,58,0.149,43,0.113,52,0.133,55,0.134,62,0.15,70,0.145,82,0.156,76,0.157,57,0.113,65,0.141,61,0.161,51,0.16
Region 46,Region 67,0,0,1,0.006,0,0,0,0,1,0.018,0,0,0,0,0,0,0,0,2,0.005,2,0.004,2,0.004,7,0.018,5,0.013,3,0.008,0,0,3,0.007,5,0.01,5,0.01,4,0.008,4,0.008,3,0.007,3,0.008,2,0.006
Region 46,Region 68,1,0.004,2,0.012,1,0.008,1,0.012,0,0,0,0,0,0,0,0,2,0.012,2,0.005,3,0.006,8,0.017,5,0.013,11,0.029,17,0.044,18,0.044,10,0.024,9,0.019,5,0.01,9,0.019,13,0.026,10,0.022,10,0.026,3,0.009
Region 46,Region 69,9,0.032,4,0.023,1,0.008,1,0.012,0,0,0,0,1,0.021,1,0.012,1,0.006,5,0.013,9,0.018,6,0.013,4,0.01,9,0.024,8,0.02,13,0.032,14,0.034,13,0.027,13,0.025,11,0.023,10,0.02,6,0.013,8,0.021,7,0.022
Region 46,Region 70,0,0,0,0,0,0,0,0,0,0,0,0,0,0,1,0.012,1,0.006,4,0.011,3,0.006,7,0.015,6,0.015,2,0.005,3,0.008,3,0.007,0,0,1,0.002,1,0.002,3,0.006,5,0.01,6,0.013,5,0.013,1,0.003
Region 46,Region 71,25,0.088,15,0.088,2,0.016,0,0,1,0.018,2,0.045,2,0.042,2,0.025,1,0.006,20,0.053,25,0.051,12,0.026,16,0.041,18,0.047,30,0.077,44,0.107,46,0.111,40,0.083,47,0.09,63,0.13,60,0.119,67,0.145,48,0.126,41,0.129
Region 46,Region 72,0,0,0,0,0,0,0,0,0,0,0,0,0,0,0,0,0,0,0,0,0,0,0,0,0,0,0,0,0,0,0,0,0,0,0,0,0,0,0,0,0,0,0,0,0,0,0,0
Region 46,Region 73,0,0,0,0,0,0,0,0,0,0,0,0,0,0,0,0,0,0,0,0,0,0,0,0,0,0,1,0.003,0,0,0,0,0,0,0,0,0,0,0,0,0,0,0,0,0,0,0,0
Region 46,Region 74,1,0.004,0,0,0,0,0,0,0,0,0,0,0,0,0,0,0,0,0,0,2,0.004,2,0.004,1,0.003,3,0.008,0,0,0,0,2,0.005,3,0.006,2,0.004,3,0.006,4,0.008,3,0.007,0,0,1,0.003
Region 46,Region 75,6,0.021,2,0.012,0,0,0,0,1,0.018,0,0,0,0,0,0,0,0,3,0.008,2,0.004,3,0.007,5,0.013,1,0.003,7,0.018,7,0.017,7,0.017,4,0.008,8,0.015,12,0.025,6,0.012,14,0.03,7,0.018,5,0.016
Region 47,Region 0,13,0.046,5,0.029,5,0.041,4,0.05,2,0.037,1,0.023,2,0.042,0,0,1,0.006,13,0.034,21,0.043,7,0.015,12,0.031,11,0.029,14,0.036,11,0.027,12,0.029,30,0.062,47,0.09,41,0.085,39,0.077,29,0.063,22,0.058,27,0.085
Region 47,Region 1,0,0,0,0,0,0,0,0,0,0,0,0,0,0,0,0,0,0,0,0,0,0,0,0,0,0,0,0,0,0,0,0,0,0,0,0,0,0,0,0,0,0,0,0,0,0,0,0
Region 47,Region 2,69,0.243,30,0.176,23,0.189,16,0.198,6,0.111,7,0.158,5,0.105,10,0.123,32,0.194,226,0.597,253,0.512,161,0.35,122,0.314,104,0.274,91,0.233,98,0.239,148,0.357,124,0.258,140,0.267,135,0.279,124,0.246,141,0.306,110,0.29,90,0.283
Region 47,Region 3,3,0.011,3,0.018,1,0.008,0,0,1,0.018,1,0.023,2,0.042,0,0,0,0,7,0.018,14,0.028,5,0.011,6,0.015,6,0.016,4,0.01,5,0.012,9,0.022,16,0.033,21,0.04,20,0.041,12,0.024,12,0.026,6,0.016,6,0.019
Region 47,Region 4,30,0.106,11,0.065,2,0.016,3,0.037,2,0.037,3,0.068,2,0.042,2,0.025,3,0.018,6,0.016,6,0.012,12,0.026,8,0.021,11,0.029,18,0.046,14,0.034,24,0.058,25,0.052,25,0.048,35,0.072,46,0.091,30,0.065,24,0.063,20,0.063
Region 47,Region 5,0,0,2,0.012,2,0.016,0,0,0,0,0,0,0,0,0,0,2,0.012,9,0.024,7,0.014,4,0.009,1,0.003,2,0.005,2,0.005,2,0.005,5,0.012,5,0.01,8,0.015,8,0.017,6,0.012,1,0.002,2,0.005,2,0.006
Region 47,Region 6,0,0,0,0,0,0,0,0,0,0,0,0,0,0,0,0,0,0,0,0,0,0,0,0,0,0,0,0,0,0,0,0,0,0,0,0,0,0,1,0.002,1,0.002,0,0,0,0,0,0
Region 47,Region 7,3,0.011,1,0.006,2,0.016,0,0,0,0,0,0,0,0,0,0,5,0.03,13,0.034,1,0.002,9,0.02,7,0.018,5,0.013,4,0.01,6,0.015,5,0.012,4,0.008,6,0.011,6,0.012,8,0.016,7,0.015,4,0.011,2,0.006
Region 47,Region 8,0,0,0,0,0,0,0,0,0,0,0,0,0,0,0,0,1,0.006,2,0.005,1,0.002,3,0.007,2,0.005,1,0.003,4,0.01,4,0.01,0,0,3,0.006,1,0.002,1,0.002,0,0,0,0,0,0,0,0
Region 47,Region 9,0,0,0,0,0,0,0,0,0,0,0,0,0,0,0,0,0,0,0,0,0,0,0,0,0,0,0,0,0,0,0,0,0,0,0,0,0,0,0,0,0,0,0,0,0,0,0,0
Region 47,Region 10,58,0.205,39,0.229,39,0.321,7,0.087,9,0.166,2,0.045,5,0.105,4,0.049,14,0.085,20,0.053,44,0.089,47,0.102,41,0.106,43,0.113,60,0.154,64,0.156,68,0.164,75,0.156,99,0.189,103,0.213,129,0.256,77,0.167,93,0.245,65,0.204
Region 47,Region 11,0,0,0,0,0,0,0,0,0,0,0,0,0,0,0,0,0,0,0,0,0,0,0,0,0,0,0,0,0,0,0,0,0,0,0,0,0,0,0,0,0,0,0,0,0,0,0,0
Region 47,Region 12,3,0.011,7,0.041,3,0.025,2,0.025,1,0.018,0,0,2,0.042,2,0.025,2,0.012,14,0.037,21,0.043,10,0.022,11,0.028,20,0.053,10,0.026,7,0.017,11,0.027,14,0.029,19,0.036,14,0.029,13,0.026,16,0.035,16,0.042,6,0.019
Region 47,Region 13,5,0.018,3,0.018,2,0.016,3,0.037,0,0,0,0,0,0,1,0.012,0,0,6,0.016,16,0.032,6,0.013,9,0.023,14,0.037,11,0.028,15,0.037,20,0.048,20,0.042,26,0.05,28,0.058,27,0.054,17,0.037,10,0.026,9,0.028
Region 47,Region 14,5,0.018,8,0.047,2,0.016,5,0.062,2,0.037,1,0.023,3,0.063,1,0.012,6,0.036,11,0.029,21,0.043,18,0.039,18,0.046,16,0.042,16,0.041,13,0.032,9,0.022,16,0.033,8,0.015,13,0.027,11,0.022,19,0.041,10,0.026,12,0.038
Region 47,Region 15,0,0,0,0,0,0,0,0,0,0,0,0,0,0,0,0,0,0,0,0,0,0,0,0,0,0,0,0,0,0,0,0,0,0,0,0,0,0,0,0,0,0,0,0,0,0,0,0
Region 47,Region 16,0,0,0,0,0,0,0,0,0,0,0,0,0,0,0,0,0,0,0,0,0,0,0,0,0,0,0,0,0,0,0,0,0,0,0,0,0,0,0,0,0,0,0,0,0,0,0,0
Region 47,Region 17,12,0.042,4,0.023,3,0.025,1,0.012,1,0.018,1,0.023,1,0.021,1,0.012,1,0.006,6,0.016,8,0.016,8,0.017,15,0.039,9,0.024,3,0.008,7,0.017,9,0.022,24,0.05,27,0.051,51,0.106,33,0.065,24,0.052,24,0.063,18,0.057
Region 47,Region 18,5,0.018,4,0.023,1,0.008,6,0.074,1,0.018,1,0.023,0,0,0,0,1,0.006,7,0.018,34,0.069,32,0.07,12,0.031,14,0.037,20,0.051,11,0.027,15,0.036,25,0.052,41,0.078,39,0.081,45,0.089,26,0.056,14,0.037,14,0.044
Region 47,Region 19,2,0.007,0,0,0,0,1,0.012,0,0,0,0,0,0,0,0,2,0.012,1,0.003,2,0.004,2,0.004,1,0.003,3,0.008,1,0.003,4,0.01,2,0.005,4,0.008,3,0.006,4,0.008,6,0.012,1,0.002,4,0.011,3,0.009
Region 47,Region 20,3,0.011,2,0.012,3,0.025,1,0.012,1,0.018,3,0.068,4,0.084,6,0.074,22,0.133,41,0.108,45,0.091,30,0.065,26,0.067,25,0.066,16,0.041,23,0.056,26,0.063,27,0.056,23,0.044,18,0.037,15,0.03,16,0.035,14,0.037,13,0.041
Region 47,Region 21,10,0.035,7,0.041,1,0.008,1,0.012,2,0.037,0,0,0,0,0,0,3,0.018,10,0.026,24,0.049,25,0.054,19,0.049,21,0.055,11,0.028,21,0.051,27,0.065,16,0.033,25,0.048,32,0.066,41,0.081,27,0.059,25,0.066,13,0.041
Region 47,Region 22,4,0.014,1,0.006,1,0.008,0,0,0,0,0,0,0,0,0,0,4,0.024,15,0.04,17,0.034,12,0.026,8,0.021,4,0.011,1,0.003,9,0.022,12,0.029,22,0.046,20,0.038,16,0.033,12,0.024,11,0.024,6,0.016,3,0.009
Region 47,Region 23,46,0.162,17,0.1,13,0.107,11,0.136,1,0.018,2,0.045,3,0.063,1,0.012,5,0.03,20,0.053,28,0.057,28,0.061,20,0.052,29,0.076,37,0.095,29,0.071,43,0.104,56,0.116,83,0.158,74,0.153,85,0.168,70,0.152,64,0.169,51,0.16
Region 47,Region 24,20,0.071,8,0.047,9,0.074,4,0.05,2,0.037,1,0.023,2,0.042,1,0.012,4,0.024,16,0.042,35,0.071,38,0.083,33,0.085,41,0.108,30,0.077,30,0.073,38,0.092,47,0.098,53,0.101,57,0.118,67,0.133,29,0.063,28,0.074,28,0.088
Region 47,Region 25,1,0.004,3,0.018,1,0.008,1,0.012,0,0,0,0,0,0,0,0,1,0.006,4,0.011,2,0.004,2,0.004,2,0.005,1,0.003,3,0.008,1,0.002,7,0.017,6,0.012,18,0.034,10,0.021,8,0.016,9,0.02,4,0.011,4,0.013
Region 47,Region 26,55,0.194,34,0.199,26,0.214,17,0.211,8,0.148,7,0.158,1,0.021,3,0.037,12,0.073,87,0.23,205,0.415,84,0.182,86,0.222,77,0.203,95,0.243,91,0.222,105,0.254,132,0.274,156,0.297,131,0.271,139,0.275,118,0.256,108,0.285,95,0.299
Region 47,Region 27,29,0.102,16,0.094,6,0.049,5,0.062,5,0.092,3,0.068,8,0.168,9,0.111,9,0.054,14,0.037,21,0.043,23,0.05,26,0.067,15,0.04,26,0.067,22,0.054,31,0.075,50,0.104,45,0.086,47,0.097,46,0.091,36,0.078,26,0.069,40,0.126
Region 47,Region 28,4,0.014,1,0.006,1,0.008,4,0.05,1,0.018,0,0,0,0,2,0.025,5,0.03,4,0.011,13,0.026,11,0.024,10,0.026,8,0.021,7,0.018,9,0.022,13,0.031,19,0.039,22,0.042,13,0.027,17,0.034,14,0.03,11,0.029,8,0.025
Region 47,Region 29,6,0.021,6,0.035,0,0,2,0.025,3,0.055,2,0.045,0,0,2,0.025,10,0.061,32,0.085,30,0.061,36,0.078,15,0.039,15,0.04,18,0.046,16,0.039,13,0.031,14,0.029,11,0.021,3,0.006,14,0.028,17,0.037,14,0.037,5,0.016
Region 47,Region 30,7,0.025,0,0,2,0.016,3,0.037,0,0,0,0,1,0.021,3,0.037,4,0.024,13,0.034,22,0.045,22,0.048,25,0.064,18,0.047,21,0.054,14,0.034,29,0.07,14,0.029,26,0.05,26,0.054,24,0.048,15,0.033,15,0.04,10,0.031
Region 47,Region 31,9,0.032,3,0.018,4,0.033,1,0.012,2,0.037,0,0,1,0.021,1,0.012,3,0.018,4,0.011,17,0.034,19,0.041,14,0.036,11,0.029,13,0.033,16,0.039,16,0.039,18,0.037,16,0.03,14,0.029,11,0.022,7,0.015,12,0.032,10,0.031
Region 47,Region 32,9,0.032,2,0.012,5,0.041,3,0.037,1,0.018,0,0,0,0,1,0.012,4,0.024,10,0.026,17,0.034,12,0.026,15,0.039,14,0.037,10,0.026,16,0.039,11,0.027,15,0.031,21,0.04,18,0.037,21,0.042,22,0.048,16,0.042,16,0.05
Region 47,Region 33,1,0.004,0,0,1,0.008,0,0,0,0,1,0.023,1,0.021,1,0.012,0,0,4,0.011,1,0.002,3,0.007,1,0.003,3,0.008,2,0.005,5,0.012,7,0.017,7,0.015,9,0.017,7,0.014,14,0.028,5,0.011,6,0.016,5,0.016
Region 47,Region 34,0,0,0,0,0,0,0,0,0,0,0,0,0,0,0,0,0,0,0,0,0,0,0,0,0,0,0,0,0,0,0,0,0,0,0,0,0,0,0,0,0,0,0,0,0,0,0,0
Region 47,Region 35,0,0,0,0,0,0,0,0,0,0,0,0,0,0,0,0,0,0,0,0,0,0,0,0,0,0,0,0,0,0,0,0,0,0,0,0,1,0.002,2,0.004,0,0,0,0,0,0,0,0
Region 47,Region 36,26,0.092,12,0.07,16,0.132,7,0.087,4,0.074,2,0.045,2,0.042,6,0.074,10,0.061,30,0.079,18,0.036,32,0.07,26,0.067,22,0.058,19,0.049,30,0.073,32,0.077,59,0.123,83,0.158,77,0.159,71,0.141,44,0.095,50,0.132,36,0.113
Region 47,Region 37,17,0.06,10,0.059,5,0.041,2,0.025,0,0,0,0,1,0.021,2,0.025,4,0.024,16,0.042,22,0.045,22,0.048,26,0.067,18,0.047,15,0.038,15,0.037,29,0.07,40,0.083,42,0.08,39,0.081,49,0.097,42,0.091,20,0.053,22,0.069
Region 47,Region 38,1,0.004,2,0.012,0,0,1,0.012,0,0,1,0.023,0,0,1,0.012,0,0,0,0,6,0.012,11,0.024,7,0.018,2,0.005,7,0.018,9,0.022,7,0.017,9,0.019,14,0.027,8,0.017,13,0.026,4,0.009,2,0.005,5,0.016
Region 47,Region 39,54,0.19,14,0.082,4,0.033,4,0.05,0,0,1,0.023,1,0.021,4,0.049,6,0.036,15,0.04,72,0.146,61,0.132,45,0.116,33,0.087,40,0.102,56,0.137,78,0.188,87,0.181,84,0.16,79,0.164,107,0.212,83,0.18,86,0.227,81,0.255
Region 47,Region 40,0,0,0,0,0,0,0,0,0,0,0,0,0,0,0,0,0,0,0,0,0,0,0,0,0,0,0,0,0,0,0,0,0,0,0,0,0,0,0,0,0,0,0,0,0,0,0,0
Region 47,Region 41,2,0.007,1,0.006,0,0,2,0.025,2,0.037,1,0.023,2,0.042,7,0.086,10,0.061,11,0.029,16,0.032,11,0.024,9,0.023,7,0.018,6,0.015,8,0.02,2,0.005,3,0.006,6,0.011,5,0.01,3,0.006,4,0.009,3,0.008,1,0.003
Region 47,Region 42,0,0,0,0,0,0,0,0,0,0,0,0,0,0,0,0,0,0,0,0,0,0,0,0,0,0,0,0,0,0,0,0,0,0,0,0,0,0,0,0,0,0,0,0,0,0,0,0
Region 47,Region 43,21,0.074,12,0.07,11,0.09,5,0.062,2,0.037,2,0.045,3,0.063,2,0.025,6,0.036,25,0.066,45,0.091,53,0.115,46,0.119,27,0.071,35,0.09,35,0.085,44,0.106,44,0.091,59,0.112,60,0.124,59,0.117,41,0.089,27,0.071,30,0.094
Region 47,Region 44,0,0,0,0,0,0,0,0,0,0,0,0,0,0,0,0,0,0,0,0,0,0,0,0,0,0,0,0,0,0,0,0,0,0,0,0,0,0,0,0,0,0,0,0,0,0,0,0
Region 47,Region 45,2,0.007,1,0.006,0,0,1,0.012,0,0,0,0,1,0.021,4,0.049,4,0.024,6,0.016,6,0.012,4,0.009,2,0.005,0,0,3,0.008,4,0.01,2,0.005,4,0.008,1,0.002,7,0.014,9,0.018,8,0.017,4,0.011,4,0.013
Region 47,Region 46,9,0.032,2,0.012,5,0.041,2,0.025,2,0.037,1,0.023,0,0,5,0.062,11,0.067,33,0.087,57,0.115,53,0.115,38,0.098,31,0.082,36,0.092,28,0.068,28,0.068,40,0.083,53,0.101,49,0.101,46,0.091,35,0.076,26,0.069,9,0.028
Region 47,Region 47,257,0.906,116,0.68,75,0.617,41,0.508,31,0.572,18,0.407,12,0.252,47,0.578,134,0.811,500,1.32,648,1.312,619,1.344,418,1.077,428,1.129,430,1.102,431,1.051,576,1.391,638,1.325,670,1.277,576,1.192,602,1.193,591,1.281,482,1.27,366,1.151
Region 47,Region 48,3,0.011,0,0,1,0.008,0,0,0,0,0,0,0,0,0,0,1,0.006,5,0.013,8,0.016,12,0.026,6,0.015,6,0.016,9,0.023,6,0.015,1,0.002,6,0.012,2,0.004,4,0.008,6,0.012,4,0.009,3,0.008,4,0.013
Region 47,Region 49,1,0.004,4,0.023,2,0.016,1,0.012,1,0.018,0,0,1,0.021,1,0.012,4,0.024,17,0.045,22,0.045,13,0.028,10,0.026,16,0.042,12,0.031,11,0.027,8,0.019,20,0.042,35,0.067,25,0.052,17,0.034,13,0.028,10,0.026,9,0.028
Region 47,Region 50,7,0.025,2,0.012,0,0,6,0.074,0,0,0,0,1,0.021,1,0.012,7,0.042,14,0.037,14,0.028,13,0.028,9,0.023,11,0.029,7,0.018,5,0.012,10,0.024,21,0.044,19,0.036,17,0.035,27,0.054,9,0.02,9,0.024,4,0.013
Region 47,Region 51,15,0.053,4,0.023,2,0.016,1,0.012,0,0,2,0.045,0,0,2,0.025,7,0.042,17,0.045,32,0.065,23,0.05,17,0.044,21,0.055,26,0.067,30,0.073,34,0.082,33,0.069,39,0.074,27,0.056,29,0.057,24,0.052,12,0.032,25,0.079
Region 47,Region 52,7,0.025,3,0.018,1,0.008,3,0.037,1,0.018,1,0.023,0,0,3,0.037,2,0.012,10,0.026,9,0.018,13,0.028,11,0.028,10,0.026,7,0.018,9,0.022,14,0.034,17,0.035,25,0.048,30,0.062,30,0.059,23,0.05,14,0.037,14,0.044
Region 47,Region 53,13,0.046,8,0.047,7,0.058,6,0.074,4,0.074,2,0.045,2,0.042,3,0.037,9,0.054,50,0.132,128,0.259,71,0.154,52,0.134,48,0.127,52,0.133,49,0.119,62,0.15,66,0.137,82,0.156,75,0.155,91,0.18,62,0.134,40,0.105,25,0.079
Region 47,Region 54,0,0,1,0.006,1,0.008,0,0,0,0,0,0,0,0,0,0,1,0.006,4,0.011,3,0.006,6,0.013,0,0,0,0,2,0.005,5,0.012,2,0.005,5,0.01,10,0.019,13,0.027,7,0.014,2,0.004,2,0.005,5,0.016
Region 47,Region 55,4,0.014,1,0.006,0,0,1,0.012,0,0,0,0,0,0,1,0.012,4,0.024,3,0.008,3,0.006,3,0.007,2,0.005,0,0,1,0.003,3,0.007,3,0.007,8,0.017,10,0.019,5,0.01,7,0.014,5,0.011,2,0.005,1,0.003
Region 47,Region 56,6,0.021,2,0.012,2,0.016,0,0,0,0,0,0,0,0,1,0.012,1,0.006,3,0.008,11,0.022,8,0.017,9,0.023,8,0.021,7,0.018,13,0.032,12,0.029,16,0.033,17,0.032,25,0.052,17,0.034,9,0.02,8,0.021,10,0.031
Region 47,Region 57,3,0.011,2,0.012,0,0,1,0.012,1,0.018,0,0,0,0,0,0,1,0.006,2,0.005,2,0.004,4,0.009,3,0.008,5,0.013,6,0.015,4,0.01,2,0.005,4,0.008,16,0.03,12,0.025,15,0.03,8,0.017,2,0.005,4,0.013
Region 47,Region 58,0,0,0,0,0,0,0,0,0,0,0,0,0,0,0,0,1,0.006,1,0.003,0,0,0,0,1,0.003,1,0.003,1,0.003,0,0,0,0,0,0,0,0,0,0,0,0,0,0,0,0,0,0
Region 47,Region 59,0,0,0,0,0,0,0,0,0,0,0,0,0,0,0,0,0,0,0,0,0,0,0,0,0,0,0,0,0,0,0,0,0,0,0,0,0,0,0,0,0,0,0,0,0,0,0,0
Region 47,Region 60,1,0.004,3,0.018,1,0.008,1,0.012,0,0,0,0,0,0,0,0,13,0.079,28,0.074,30,0.061,13,0.028,8,0.021,6,0.016,5,0.013,11,0.027,6,0.014,5,0.01,10,0.019,7,0.014,4,0.008,5,0.011,8,0.021,4,0.013
Region 47,Region 61,62,0.219,35,0.205,31,0.255,21,0.26,9,0.166,3,0.068,2,0.042,7,0.086,21,0.127,51,0.135,86,0.174,85,0.185,86,0.222,79,0.208,85,0.218,77,0.188,99,0.239,102,0.212,148,0.282,145,0.3,152,0.301,153,0.332,102,0.269,80,0.252
Region 47,Region 62,62,0.219,21,0.123,21,0.173,14,0.174,2,0.037,4,0.09,6,0.126,8,0.098,24,0.145,71,0.188,91,0.184,87,0.189,79,0.204,81,0.214,84,0.215,68,0.166,78,0.188,140,0.291,188,0.358,195,0.404,173,0.343,119,0.258,92,0.242,96,0.302
Region 47,Region 63,0,0,1,0.006,0,0,1,0.012,1,0.018,0,0,0,0,0,0,0,0,0,0,0,0,0,0,1,0.003,2,0.005,2,0.005,2,0.005,0,0,4,0.008,1,0.002,1,0.002,3,0.006,0,0,1,0.003,1,0.003
Region 47,Region 64,1,0.004,0,0,0,0,0,0,0,0,0,0,0,0,2,0.025,2,0.012,7,0.018,5,0.01,4,0.009,4,0.01,3,0.008,3,0.008,2,0.005,2,0.005,5,0.01,10,0.019,13,0.027,12,0.024,8,0.017,6,0.016,1,0.003
Region 47,Region 65,8,0.028,1,0.006,4,0.033,2,0.025,0,0,0,0,0,0,0,0,2,0.012,3,0.008,4,0.008,8,0.017,7,0.018,5,0.013,7,0.018,2,0.005,10,0.024,18,0.037,17,0.032,19,0.039,14,0.028,11,0.024,9,0.024,8,0.025
Region 47,Region 66,30,0.106,16,0.094,9,0.074,3,0.037,5,0.092,4,0.09,5,0.105,5,0.062,13,0.079,38,0.1,53,0.107,53,0.115,41,0.106,36,0.095,27,0.069,28,0.068,46,0.111,54,0.112,72,0.137,77,0.159,73,0.145,61,0.132,40,0.105,45,0.142
Region 47,Region 67,2,0.007,0,0,0,0,0,0,0,0,1,0.023,0,0,2,0.025,4,0.024,7,0.018,18,0.036,7,0.015,8,0.021,12,0.032,6,0.015,5,0.012,5,0.012,10,0.021,4,0.008,5,0.01,6,0.012,10,0.022,5,0.013,1,0.003
Region 47,Region 68,8,0.028,1,0.006,3,0.025,2,0.025,2,0.037,1,0.023,0,0,5,0.062,14,0.085,43,0.114,54,0.109,41,0.089,28,0.072,19,0.05,25,0.064,28,0.068,25,0.06,37,0.077,26,0.05,28,0.058,31,0.061,25,0.054,17,0.045,5,0.016
Region 47,Region 69,14,0.049,3,0.018,3,0.025,1,0.012,2,0.037,0,0,1,0.021,1,0.012,6,0.036,18,0.048,25,0.051,31,0.067,20,0.052,17,0.045,24,0.061,37,0.09,25,0.06,20,0.042,25,0.048,26,0.054,34,0.067,20,0.043,14,0.037,13,0.041
Region 47,Region 70,0,0,0,0,2,0.016,0,0,0,0,0,0,0,0,0,0,0,0,8,0.021,4,0.008,4,0.009,7,0.018,1,0.003,2,0.005,2,0.005,2,0.005,2,0.004,4,0.008,2,0.004,6,0.012,9,0.02,4,0.011,1,0.003
Region 47,Region 71,15,0.053,5,0.029,1,0.008,1,0.012,0,0,2,0.045,3,0.063,3,0.037,7,0.042,10,0.026,12,0.024,8,0.017,8,0.021,9,0.024,12,0.031,12,0.029,10,0.024,17,0.035,38,0.072,45,0.093,29,0.057,19,0.041,14,0.037,12,0.038
Region 47,Region 72,0,0,0,0,0,0,0,0,0,0,0,0,0,0,0,0,0,0,0,0,0,0,0,0,0,0,0,0,0,0,0,0,0,0,0,0,0,0,0,0,0,0,0,0,0,0,0,0
Region 47,Region 73,0,0,0,0,0,0,0,0,0,0,0,0,0,0,1,0.012,0,0,1,0.003,0,0,0,0,0,0,0,0,0,0,0,0,0,0,0,0,0,0,0,0,0,0,0,0,0,0,0,0
Region 47,Region 74,2,0.007,1,0.006,3,0.025,0,0,0,0,0,0,0,0,0,0,0,0,3,0.008,2,0.004,4,0.009,2,0.005,4,0.011,6,0.015,4,0.01,2,0.005,5,0.01,5,0.01,8,0.017,9,0.018,4,0.009,1,0.003,0,0
Region 47,Region 75,5,0.018,4,0.023,1,0.008,0,0,0,0,0,0,0,0,0,0,2,0.012,4,0.011,2,0.004,2,0.004,5,0.013,4,0.011,4,0.01,5,0.012,0,0,2,0.004,8,0.015,8,0.017,9,0.018,8,0.017,8,0.021,6,0.019
Region 48,Region 0,0,0,1,0.006,1,0.008,0,0,0,0,0,0,0,0,0,0,0,0,0,0,1,0.002,0,0,1,0.003,3,0.008,1,0.003,0,0,1,0.002,0,0,1,0.002,2,0.004,1,0.002,0,0,0,0,3,0.009
Region 48,Region 1,0,0,0,0,0,0,0,0,0,0,0,0,0,0,0,0,0,0,0,0,0,0,0,0,0,0,0,0,0,0,0,0,0,0,0,0,0,0,0,0,0,0,0,0,0,0,0,0
Region 48,Region 2,0,0,1,0.006,2,0.016,1,0.012,0,0,1,0.023,1,0.021,0,0,1,0.006,2,0.005,4,0.008,5,0.011,4,0.01,3,0.008,2,0.005,5,0.012,3,0.007,5,0.01,10,0.019,4,0.008,2,0.004,6,0.013,6,0.016,2,0.006
Region 48,Region 3,22,0.078,33,0.194,14,0.115,7,0.087,6,0.111,6,0.136,5,0.105,3,0.037,5,0.03,16,0.042,21,0.043,16,0.035,32,0.082,30,0.079,42,0.108,38,0.093,47,0.113,51,0.106,69,0.131,56,0.116,50,0.099,39,0.085,38,0.1,26,0.082
Region 48,Region 4,4,0.014,0,0,0,0,0,0,0,0,0,0,1,0.021,0,0,0,0,0,0,0,0,1,0.002,1,0.003,2,0.005,2,0.005,4,0.01,1,0.002,5,0.01,1,0.002,2,0.004,5,0.01,4,0.009,6,0.016,2,0.006
Region 48,Region 5,1,0.004,1,0.006,2,0.016,1,0.012,0,0,0,0,0,0,0,0,1,0.006,2,0.005,5,0.01,2,0.004,4,0.01,4,0.011,1,0.003,4,0.01,8,0.019,5,0.01,7,0.013,2,0.004,4,0.008,3,0.007,2,0.005,2,0.006
Region 48,Region 6,0,0,0,0,0,0,0,0,0,0,0,0,0,0,0,0,0,0,0,0,0,0,0,0,0,0,0,0,0,0,0,0,0,0,0,0,0,0,0,0,0,0,0,0,0,0,0,0
Region 48,Region 7,3,0.011,2,0.012,2,0.016,0,0,0,0,0,0,1,0.021,2,0.025,1,0.006,2,0.005,5,0.01,8,0.017,11,0.028,4,0.011,6,0.015,9,0.022,2,0.005,6,0.012,11,0.021,4,0.008,6,0.012,10,0.022,6,0.016,5,0.016
Region 48,Region 8,0,0,0,0,0,0,0,0,0,0,0,0,0,0,0,0,0,0,0,0,0,0,0,0,0,0,0,0,0,0,0,0,0,0,0,0,0,0,0,0,0,0,0,0,0,0,0,0
Region 48,Region 9,0,0,0,0,0,0,0,0,0,0,0,0,0,0,0,0,0,0,0,0,0,0,0,0,0,0,0,0,0,0,0,0,0,0,0,0,0,0,0,0,0,0,0,0,0,0,0,0
Region 48,Region 10,2,0.007,2,0.012,0,0,3,0.037,1,0.018,1,0.023,0,0,0,0,0,0,0,0,0,0,1,0.002,1,0.003,1,0.003,3,0.008,5,0.012,2,0.005,4,0.008,3,0.006,3,0.006,3,0.006,1,0.002,2,0.005,2,0.006
Region 48,Region 11,0,0,0,0,0,0,0,0,0,0,0,0,0,0,0,0,0,0,0,0,0,0,0,0,0,0,0,0,0,0,0,0,0,0,0,0,0,0,0,0,0,0,0,0,0,0,0,0
Region 48,Region 12,11,0.039,6,0.035,3,0.025,2,0.025,2,0.037,2,0.045,1,0.021,3,0.037,11,0.067,14,0.037,12,0.024,20,0.043,18,0.046,20,0.053,15,0.038,15,0.037,25,0.06,17,0.035,17,0.032,19,0.039,22,0.044,15,0.033,16,0.042,10,0.031
Region 48,Region 13,2,0.007,4,0.023,0,0,1,0.012,1,0.018,1,0.023,0,0,0,0,0,0,0,0,1,0.002,5,0.011,2,0.005,5,0.013,8,0.02,3,0.007,7,0.017,4,0.008,10,0.019,7,0.014,4,0.008,4,0.009,3,0.008,6,0.019
Region 48,Region 14,14,0.049,11,0.065,11,0.09,7,0.087,0,0,1,0.023,7,0.147,15,0.185,16,0.097,21,0.055,29,0.059,30,0.065,29,0.075,28,0.074,31,0.079,41,0.1,25,0.06,31,0.064,35,0.067,13,0.027,22,0.044,27,0.059,32,0.084,15,0.047
Region 48,Region 15,0,0,0,0,0,0,0,0,0,0,0,0,0,0,0,0,0,0,0,0,0,0,0,0,0,0,0,0,0,0,0,0,0,0,0,0,0,0,0,0,0,0,0,0,0,0,0,0
Region 48,Region 16,0,0,0,0,0,0,0,0,0,0,0,0,0,0,0,0,0,0,0,0,0,0,0,0,0,0,0,0,0,0,0,0,0,0,0,0,0,0,0,0,0,0,0,0,0,0,0,0
Region 48,Region 17,5,0.018,1,0.006,0,0,0,0,1,0.018,0,0,0,0,0,0,0,0,1,0.003,1,0.002,2,0.004,2,0.005,0,0,4,0.01,5,0.012,1,0.002,2,0.004,4,0.008,5,0.01,5,0.01,4,0.009,2,0.005,5,0.016
Region 48,Region 18,3,0.011,2,0.012,2,0.016,0,0,0,0,0,0,0,0,0,0,2,0.012,1,0.003,0,0,4,0.009,5,0.013,2,0.005,4,0.01,7,0.017,6,0.014,3,0.006,9,0.017,2,0.004,2,0.004,4,0.009,2,0.005,2,0.006
Region 48,Region 19,1,0.004,0,0,1,0.008,1,0.012,1,0.018,0,0,0,0,0,0,0,0,2,0.005,3,0.006,4,0.009,6,0.015,1,0.003,7,0.018,4,0.01,5,0.012,5,0.01,4,0.008,2,0.004,4,0.008,4,0.009,1,0.003,2,0.006
Region 48,Region 20,8,0.028,1,0.006,1,0.008,2,0.025,4,0.074,2,0.045,6,0.126,8,0.098,7,0.042,26,0.069,18,0.036,21,0.046,16,0.041,15,0.04,15,0.038,15,0.037,16,0.039,19,0.039,19,0.036,14,0.029,11,0.022,15,0.033,11,0.029,7,0.022
Region 48,Region 21,3,0.011,3,0.018,1,0.008,0,0,1,0.018,1,0.023,0,0,1,0.012,0,0,3,0.008,4,0.008,11,0.024,6,0.015,13,0.034,18,0.046,11,0.027,11,0.027,8,0.017,12,0.023,14,0.029,12,0.024,8,0.017,8,0.021,7,0.022
Region 48,Region 22,8,0.028,11,0.065,3,0.025,3,0.037,4,0.074,2,0.045,2,0.042,0,0,3,0.018,11,0.029,24,0.049,19,0.041,10,0.026,22,0.058,21,0.054,30,0.073,32,0.077,30,0.062,31,0.059,24,0.05,25,0.05,26,0.056,13,0.034,18,0.057
Region 48,Region 23,4,0.014,0,0,1,0.008,1,0.012,0,0,0,0,0,0,0,0,0,0,0,0,0,0,0,0,0,0,2,0.005,2,0.005,2,0.005,4,0.01,0,0,5,0.01,5,0.01,4,0.008,4,0.009,6,0.016,6,0.019
Region 48,Region 24,2,0.007,1,0.006,0,0,0,0,0,0,0,0,0,0,0,0,0,0,0,0,0,0,2,0.004,1,0.003,1,0.003,1,0.003,0,0,3,0.007,0,0,1,0.002,2,0.004,1,0.002,2,0.004,3,0.008,0,0
Region 48,Region 25,0,0,0,0,0,0,0,0,0,0,0,0,0,0,0,0,0,0,0,0,1,0.002,1,0.002,0,0,0,0,1,0.003,0,0,0,0,0,0,4,0.008,3,0.006,1,0.002,0,0,0,0,0,0
Region 48,Region 26,1,0.004,0,0,0,0,0,0,0,0,0,0,0,0,0,0,0,0,1,0.003,3,0.006,1,0.002,0,0,0,0,1,0.003,0,0,1,0.002,0,0,0,0,1,0.002,0,0,2,0.004,0,0,1,0.003
Region 48,Region 27,1,0.004,0,0,0,0,1,0.012,0,0,0,0,0,0,0,0,0,0,0,0,1,0.002,1,0.002,1,0.003,0,0,0,0,0,0,0,0,2,0.004,2,0.004,0,0,1,0.002,0,0,0,0,0,0
Region 48,Region 28,0,0,1,0.006,0,0,0,0,0,0,0,0,0,0,1,0.012,1,0.006,1,0.003,0,0,1,0.002,0,0,1,0.003,1,0.003,1,0.002,0,0,1,0.002,0,0,0,0,0,0,0,0,1,0.003,1,0.003
Region 48,Region 29,4,0.014,3,0.018,0,0,0,0,0,0,0,0,2,0.042,1,0.012,3,0.018,6,0.016,7,0.014,12,0.026,10,0.026,8,0.021,5,0.013,8,0.02,3,0.007,5,0.01,16,0.03,3,0.006,8,0.016,4,0.009,8,0.021,9,0.028
Region 48,Region 30,5,0.018,5,0.029,0,0,1,0.012,0,0,1,0.023,0,0,1,0.012,3,0.018,3,0.008,6,0.012,11,0.024,9,0.023,11,0.029,7,0.018,18,0.044,10,0.024,15,0.031,11,0.021,15,0.031,10,0.02,16,0.035,10,0.026,6,0.019
Region 48,Region 31,16,0.056,10,0.059,6,0.049,3,0.037,1,0.018,1,0.023,2,0.042,3,0.037,5,0.03,11,0.029,24,0.049,14,0.03,26,0.067,19,0.05,20,0.051,27,0.066,24,0.058,41,0.085,45,0.086,23,0.048,38,0.075,37,0.08,18,0.047,14,0.044
Region 48,Region 32,0,0,0,0,0,0,0,0,1,0.018,0,0,0,0,0,0,1,0.006,1,0.003,0,0,1,0.002,1,0.003,1,0.003,0,0,0,0,1,0.002,0,0,0,0,1,0.002,2,0.004,1,0.002,1,0.003,2,0.006
Region 48,Region 33,1,0.004,0,0,0,0,1,0.012,0,0,0,0,0,0,0,0,0,0,0,0,0,0,1,0.002,0,0,0,0,0,0,1,0.002,0,0,0,0,0,0,1,0.002,3,0.006,1,0.002,1,0.003,2,0.006
Region 48,Region 34,0,0,0,0,0,0,0,0,0,0,0,0,0,0,0,0,0,0,0,0,0,0,0,0,0,0,0,0,0,0,0,0,0,0,0,0,0,0,0,0,0,0,0,0,0,0,0,0
Region 48,Region 35,0,0,0,0,0,0,0,0,0,0,0,0,0,0,0,0,0,0,0,0,0,0,0,0,0,0,0,0,0,0,0,0,0,0,0,0,0,0,0,0,0,0,0,0,0,0,0,0
Region 48,Region 36,0,0,0,0,0,0,1,0.012,2,0.037,0,0,1,0.021,0,0,1,0.006,3,0.008,0,0,0,0,3,0.008,0,0,0,0,4,0.01,1,0.002,2,0.004,1,0.002,2,0.004,3,0.006,2,0.004,2,0.005,0,0
Region 48,Region 37,0,0,1,0.006,1,0.008,0,0,1,0.018,1,0.023,0,0,0,0,0,0,0,0,2,0.004,2,0.004,2,0.005,1,0.003,4,0.01,4,0.01,1,0.002,3,0.006,6,0.011,4,0.008,7,0.014,8,0.017,3,0.008,2,0.006
Region 48,Region 38,8,0.028,3,0.018,3,0.025,3,0.037,3,0.055,0,0,0,0,2,0.025,5,0.03,6,0.016,7,0.014,9,0.02,12,0.031,8,0.021,14,0.036,19,0.046,23,0.056,17,0.035,20,0.038,28,0.058,26,0.052,19,0.041,11,0.029,11,0.035
Region 48,Region 39,1,0.004,0,0,0,0,0,0,0,0,0,0,0,0,0,0,0,0,0,0,1,0.002,0,0,0,0,0,0,2,0.005,1,0.002,1,0.002,0,0,2,0.004,0,0,0,0,0,0,1,0.003,0,0
Region 48,Region 40,0,0,0,0,0,0,0,0,0,0,0,0,0,0,0,0,0,0,0,0,0,0,0,0,0,0,0,0,0,0,0,0,0,0,0,0,0,0,0,0,0,0,0,0,0,0,0,0
Region 48,Region 41,4,0.014,1,0.006,0,0,0,0,0,0,0,0,1,0.021,1,0.012,4,0.024,1,0.003,0,0,0,0,1,0.003,1,0.003,2,0.005,2,0.005,1,0.002,0,0,0,0,0,0,0,0,0,0,0,0,1,0.003
Region 48,Region 42,0,0,0,0,0,0,0,0,0,0,0,0,0,0,0,0,0,0,0,0,0,0,0,0,0,0,0,0,0,0,0,0,0,0,0,0,0,0,0,0,0,0,0,0,0,0,0,0
Region 48,Region 43,0,0,1,0.006,1,0.008,0,0,0,0,0,0,0,0,0,0,0,0,0,0,0,0,1,0.002,4,0.01,4,0.011,4,0.01,1,0.002,2,0.005,2,0.004,2,0.004,4,0.008,1,0.002,0,0,0,0,1,0.003
Region 48,Region 44,0,0,0,0,0,0,0,0,0,0,0,0,0,0,0,0,0,0,0,0,0,0,0,0,0,0,0,0,0,0,0,0,0,0,0,0,0,0,0,0,0,0,0,0,0,0,0,0
Region 48,Region 45,4,0.014,2,0.012,3,0.025,1,0.012,0,0,0,0,1,0.021,1,0.012,3,0.018,7,0.018,2,0.004,6,0.013,4,0.01,6,0.016,6,0.015,9,0.022,5,0.012,10,0.021,9,0.017,10,0.021,13,0.026,11,0.024,4,0.011,7,0.022
Region 48,Region 46,2,0.007,0,0,1,0.008,0,0,0,0,0,0,0,0,0,0,0,0,3,0.008,1,0.002,2,0.004,5,0.013,6,0.016,7,0.018,4,0.01,2,0.005,2,0.004,2,0.004,7,0.014,4,0.008,3,0.007,0,0,3,0.009
Region 48,Region 47,3,0.011,1,0.006,0,0,0,0,0,0,0,0,0,0,0,0,1,0.006,0,0,3,0.006,6,0.013,5,0.013,4,0.011,3,0.008,3,0.007,2,0.005,5,0.01,8,0.015,7,0.014,5,0.01,3,0.007,3,0.008,0,0
Region 48,Region 48,115,0.405,48,0.282,45,0.37,20,0.248,15,0.277,6,0.136,11,0.231,19,0.234,46,0.278,138,0.364,272,0.551,278,0.604,254,0.654,195,0.514,256,0.656,274,0.668,245,0.592,263,0.546,281,0.535,230,0.476,219,0.434,188,0.407,159,0.419,117,0.368
Region 48,Region 49,14,0.049,14,0.082,13,0.107,9,0.112,4,0.074,3,0.068,3,0.063,3,0.037,4,0.024,20,0.053,13,0.026,12,0.026,9,0.023,15,0.04,19,0.049,20,0.049,11,0.027,16,0.033,25,0.048,29,0.06,25,0.05,22,0.048,17,0.045,19,0.06
Region 48,Region 50,5,0.018,4,0.023,1,0.008,1,0.012,0,0,0,0,0,0,0,0,4,0.024,1,0.003,5,0.01,3,0.007,6,0.015,5,0.013,9,0.023,13,0.032,6,0.014,4,0.008,7,0.013,12,0.025,11,0.022,11,0.024,11,0.029,5,0.016
Region 48,Region 51,4,0.014,2,0.012,2,0.016,1,0.012,1,0.018,1,0.023,2,0.042,2,0.025,1,0.006,3,0.008,4,0.008,5,0.011,6,0.015,5,0.013,3,0.008,5,0.012,8,0.019,13,0.027,11,0.021,6,0.012,12,0.024,8,0.017,11,0.029,6,0.019
Region 48,Region 52,3,0.011,2,0.012,2,0.016,1,0.012,0,0,0,0,1,0.021,0,0,1,0.006,2,0.005,4,0.008,3,0.007,4,0.01,8,0.021,4,0.01,5,0.012,2,0.005,9,0.019,7,0.013,8,0.017,12,0.024,8,0.017,3,0.008,7,0.022
Region 48,Region 53,4,0.014,0,0,1,0.008,0,0,0,0,0,0,1,0.021,0,0,0,0,4,0.011,2,0.004,3,0.007,5,0.013,3,0.008,4,0.01,5,0.012,5,0.012,4,0.008,11,0.021,4,0.008,3,0.006,1,0.002,4,0.011,1,0.003
Region 48,Region 54,2,0.007,0,0,2,0.016,1,0.012,0,0,0,0,1,0.021,0,0,1,0.006,1,0.003,1,0.002,2,0.004,1,0.003,5,0.013,2,0.005,3,0.007,2,0.005,0,0,3,0.006,7,0.014,3,0.006,6,0.013,5,0.013,5,0.016
Region 48,Region 55,0,0,0,0,0,0,0,0,0,0,0,0,0,0,0,0,0,0,0,0,1,0.002,0,0,0,0,0,0,2,0.005,1,0.002,1,0.002,0,0,0,0,0,0,1,0.002,0,0,2,0.005,0,0
Region 48,Region 56,1,0.004,0,0,0,0,0,0,1,0.018,0,0,0,0,0,0,0,0,2,0.005,1,0.002,2,0.004,0,0,1,0.003,0,0,0,0,1,0.002,3,0.006,3,0.006,0,0,1,0.002,2,0.004,1,0.003,1,0.003
Region 48,Region 57,0,0,0,0,0,0,0,0,0,0,0,0,0,0,0,0,0,0,0,0,1,0.002,0,0,0,0,0,0,1,0.003,2,0.005,1,0.002,0,0,3,0.006,0,0,2,0.004,1,0.002,0,0,1,0.003
Region 48,Region 58,0,0,0,0,0,0,0,0,0,0,0,0,0,0,0,0,0,0,0,0,0,0,0,0,0,0,0,0,0,0,1,0.002,0,0,0,0,0,0,0,0,0,0,0,0,0,0,0,0
Region 48,Region 59,0,0,0,0,0,0,0,0,0,0,0,0,0,0,0,0,0,0,0,0,0,0,0,0,0,0,0,0,0,0,0,0,0,0,0,0,0,0,0,0,0,0,0,0,1,0.003,0,0
Region 48,Region 60,2,0.007,1,0.006,0,0,2,0.025,2,0.037,0,0,0,0,3,0.037,6,0.036,17,0.045,25,0.051,21,0.046,18,0.046,14,0.037,7,0.018,14,0.034,21,0.051,16,0.033,16,0.03,10,0.021,11,0.022,6,0.013,6,0.016,2,0.006
Region 48,Region 61,3,0.011,0,0,0,0,0,0,0,0,0,0,0,0,0,0,1,0.006,0,0,0,0,0,0,0,0,1,0.003,3,0.008,1,0.002,0,0,1,0.002,1,0.002,3,0.006,0,0,2,0.004,4,0.011,0,0
Region 48,Region 62,11,0.039,5,0.029,0,0,2,0.025,1,0.018,1,0.023,1,0.021,1,0.012,1,0.006,4,0.011,3,0.006,6,0.013,10,0.026,8,0.021,6,0.015,11,0.027,8,0.019,6,0.012,12,0.023,14,0.029,11,0.022,17,0.037,12,0.032,13,0.041
Region 48,Region 63,0,0,0,0,0,0,0,0,0,0,0,0,0,0,0,0,0,0,0,0,0,0,0,0,0,0,0,0,0,0,0,0,0,0,0,0,0,0,0,0,0,0,0,0,0,0,0,0
Region 48,Region 64,1,0.004,2,0.012,1,0.008,0,0,0,0,1,0.023,1,0.021,0,0,1,0.006,4,0.011,5,0.01,3,0.007,4,0.01,8,0.021,5,0.013,4,0.01,7,0.017,7,0.015,8,0.015,5,0.01,10,0.02,8,0.017,0,0,5,0.016
Region 48,Region 65,7,0.025,2,0.012,0,0,4,0.05,0,0,0,0,0,0,0,0,1,0.006,3,0.008,2,0.004,2,0.004,1,0.003,2,0.005,7,0.018,5,0.012,5,0.012,4,0.008,5,0.01,4,0.008,7,0.014,5,0.011,9,0.024,5,0.016
Region 48,Region 66,2,0.007,2,0.012,2,0.016,1,0.012,1,0.018,0,0,1,0.021,0,0,1,0.006,0,0,4,0.008,3,0.007,3,0.008,5,0.013,5,0.013,4,0.01,3,0.007,3,0.006,5,0.01,2,0.004,5,0.01,4,0.009,6,0.016,4,0.013
Region 48,Region 67,26,0.092,17,0.1,14,0.115,1,0.012,2,0.037,3,0.068,4,0.084,4,0.049,9,0.054,35,0.092,49,0.099,62,0.135,59,0.152,62,0.164,67,0.172,110,0.268,86,0.208,89,0.185,101,0.192,65,0.135,81,0.161,53,0.115,59,0.155,29,0.091
Region 48,Region 68,3,0.011,1,0.006,2,0.016,1,0.012,0,0,0,0,0,0,0,0,1,0.006,4,0.011,10,0.02,10,0.022,6,0.015,9,0.024,9,0.023,3,0.007,13,0.031,7,0.015,14,0.027,7,0.014,6,0.012,9,0.02,8,0.021,8,0.025
Region 48,Region 69,8,0.028,6,0.035,5,0.041,4,0.05,2,0.037,0,0,3,0.063,1,0.012,2,0.012,12,0.032,12,0.024,14,0.03,14,0.036,16,0.042,17,0.044,19,0.046,23,0.056,18,0.037,20,0.038,27,0.056,26,0.052,20,0.043,10,0.026,11,0.035
Region 48,Region 70,16,0.056,8,0.047,9,0.074,7,0.087,0,0,2,0.045,2,0.042,5,0.062,7,0.042,32,0.085,38,0.077,55,0.119,52,0.134,41,0.108,55,0.141,60,0.146,49,0.118,60,0.125,68,0.13,60,0.124,72,0.143,43,0.093,35,0.092,28,0.088
Region 48,Region 71,1,0.004,1,0.006,2,0.016,0,0,0,0,0,0,0,0,0,0,1,0.006,1,0.003,2,0.004,1,0.002,2,0.005,2,0.005,3,0.008,3,0.007,2,0.005,2,0.004,3,0.006,4,0.008,1,0.002,2,0.004,5,0.013,4,0.013
Region 48,Region 72,0,0,0,0,0,0,0,0,0,0,0,0,0,0,0,0,0,0,0,0,0,0,0,0,0,0,0,0,0,0,0,0,0,0,0,0,0,0,0,0,0,0,0,0,0,0,0,0
Region 48,Region 73,0,0,0,0,0,0,0,0,0,0,0,0,0,0,0,0,0,0,0,0,0,0,0,0,0,0,0,0,0,0,0,0,0,0,0,0,0,0,0,0,0,0,0,0,0,0,0,0
Region 48,Region 74,3,0.011,2,0.012,1,0.008,2,0.025,0,0,0,0,0,0,0,0,0,0,0,0,0,0,2,0.004,4,0.01,3,0.008,4,0.01,4,0.01,1,0.002,1,0.002,7,0.013,5,0.01,5,0.01,7,0.015,8,0.021,2,0.006
Region 48,Region 75,2,0.007,0,0,0,0,0,0,0,0,0,0,0,0,0,0,0,0,0,0,0,0,0,0,0,0,2,0.005,2,0.005,0,0,1,0.002,1,0.002,1,0.002,1,0.002,2,0.004,0,0,3,0.008,0,0
Region 49,Region 0,0,0,1,0.006,0,0,0,0,0,0,0,0,0,0,0,0,0,0,0,0,1,0.002,0,0,1,0.003,2,0.005,1,0.003,1,0.002,0,0,0,0,0,0,0,0,1,0.002,0,0,2,0.005,0,0
Region 49,Region 1,0,0,0,0,0,0,0,0,0,0,0,0,0,0,0,0,0,0,0,0,0,0,0,0,0,0,0,0,0,0,0,0,0,0,0,0,0,0,0,0,0,0,0,0,0,0,0,0
Region 49,Region 2,4,0.014,0,0,0,0,0,0,0,0,1,0.023,0,0,2,0.025,1,0.006,9,0.024,9,0.018,5,0.011,0,0,1,0.003,2,0.005,4,0.01,1,0.002,3,0.006,2,0.004,6,0.012,3,0.006,4,0.009,4,0.011,0,0
Region 49,Region 3,18,0.063,14,0.082,6,0.049,5,0.062,3,0.055,4,0.09,0,0,4,0.049,6,0.036,20,0.053,27,0.055,21,0.046,16,0.041,20,0.053,23,0.059,32,0.078,17,0.041,32,0.066,37,0.071,31,0.064,31,0.061,21,0.046,20,0.053,27,0.085
Region 49,Region 4,0,0,0,0,0,0,0,0,0,0,0,0,0,0,0,0,1,0.006,0,0,5,0.01,5,0.011,3,0.008,1,0.003,0,0,1,0.002,0,0,0,0,2,0.004,3,0.006,2,0.004,2,0.004,0,0,0,0
Region 49,Region 5,0,0,1,0.006,1,0.008,0,0,0,0,1,0.023,1,0.021,1,0.012,0,0,5,0.013,1,0.002,3,0.007,5,0.013,1,0.003,0,0,0,0,2,0.005,2,0.004,2,0.004,2,0.004,6,0.012,1,0.002,2,0.005,1,0.003
Region 49,Region 6,0,0,0,0,0,0,0,0,0,0,0,0,0,0,0,0,0,0,0,0,0,0,0,0,0,0,0,0,0,0,0,0,0,0,0,0,0,0,0,0,0,0,0,0,0,0,0,0
Region 49,Region 7,3,0.011,1,0.006,0,0,0,0,0,0,0,0,0,0,2,0.025,2,0.012,7,0.018,10,0.02,5,0.011,7,0.018,4,0.011,4,0.01,1,0.002,6,0.014,6,0.012,5,0.01,0,0,2,0.004,3,0.007,1,0.003,2,0.006
Region 49,Region 8,0,0,0,0,0,0,0,0,0,0,0,0,0,0,1,0.012,0,0,0,0,0,0,0,0,0,0,0,0,0,0,0,0,0,0,0,0,0,0,0,0,0,0,0,0,0,0,0,0
Region 49,Region 9,0,0,0,0,0,0,0,0,0,0,0,0,0,0,0,0,0,0,0,0,0,0,0,0,0,0,0,0,0,0,0,0,0,0,0,0,0,0,0,0,0,0,0,0,0,0,0,0
Region 49,Region 10,2,0.007,0,0,1,0.008,0,0,0,0,1,0.023,0,0,2,0.025,3,0.018,2,0.005,7,0.014,6,0.013,3,0.008,3,0.008,0,0,4,0.01,2,0.005,4,0.008,7,0.013,5,0.01,8,0.016,2,0.004,2,0.005,1,0.003
Region 49,Region 11,0,0,0,0,0,0,0,0,0,0,0,0,0,0,0,0,0,0,0,0,0,0,0,0,0,0,0,0,0,0,0,0,0,0,0,0,0,0,0,0,0,0,0,0,0,0,0,0
Region 49,Region 12,7,0.025,5,0.029,3,0.025,1,0.012,0,0,0,0,0,0,1,0.012,11,0.067,16,0.042,20,0.04,12,0.026,9,0.023,5,0.013,9,0.023,8,0.02,6,0.014,7,0.015,5,0.01,10,0.021,7,0.014,7,0.015,8,0.021,2,0.006
Region 49,Region 13,0,0,2,0.012,2,0.016,2,0.025,0,0,0,0,0,0,0,0,1,0.006,3,0.008,7,0.014,4,0.009,0,0,2,0.005,2,0.005,1,0.002,1,0.002,2,0.004,2,0.004,0,0,2,0.004,1,0.002,2,0.005,0,0
Region 49,Region 14,6,0.021,6,0.035,8,0.066,5,0.062,1,0.018,1,0.023,3,0.063,16,0.197,24,0.145,44,0.116,26,0.053,23,0.05,23,0.059,17,0.045,16,0.041,19,0.046,7,0.017,8,0.017,11,0.021,10,0.021,10,0.02,12,0.026,17,0.045,11,0.035
Region 49,Region 15,0,0,0,0,0,0,0,0,0,0,0,0,0,0,0,0,0,0,0,0,0,0,0,0,0,0,0,0,0,0,0,0,0,0,0,0,0,0,0,0,0,0,0,0,0,0,0,0
Region 49,Region 16,0,0,0,0,0,0,0,0,0,0,0,0,0,0,0,0,0,0,0,0,0,0,0,0,0,0,0,0,0,0,0,0,0,0,0,0,0,0,0,0,0,0,0,0,0,0,0,0
Region 49,Region 17,0,0,0,0,0,0,0,0,0,0,0,0,0,0,0,0,1,0.006,1,0.003,0,0,0,0,1,0.003,2,0.005,2,0.005,0,0,2,0.005,1,0.002,1,0.002,1,0.002,0,0,1,0.002,1,0.003,1,0.003
Region 49,Region 18,3,0.011,1,0.006,2,0.016,1,0.012,1,0.018,2,0.045,0,0,1,0.012,4,0.024,4,0.011,13,0.026,11,0.024,8,0.021,5,0.013,11,0.028,11,0.027,7,0.017,8,0.017,13,0.025,3,0.006,7,0.014,5,0.011,6,0.016,5,0.016
Region 49,Region 19,1,0.004,1,0.006,3,0.025,1,0.012,0,0,0,0,0,0,0,0,1,0.006,3,0.008,2,0.004,1,0.002,0,0,1,0.003,4,0.01,2,0.005,4,0.01,2,0.004,1,0.002,2,0.004,0,0,1,0.002,1,0.003,1,0.003
Region 49,Region 20,5,0.018,6,0.035,2,0.016,0,0,1,0.018,0,0,1,0.021,5,0.062,7,0.042,21,0.055,14,0.028,10,0.022,10,0.026,8,0.021,8,0.02,3,0.007,2,0.005,9,0.019,8,0.015,7,0.014,9,0.018,14,0.03,3,0.008,5,0.016
Region 49,Region 21,4,0.014,0,0,1,0.008,0,0,0,0,1,0.023,0,0,1,0.012,2,0.012,7,0.018,11,0.022,10,0.022,6,0.015,2,0.005,2,0.005,3,0.007,1,0.002,2,0.004,5,0.01,5,0.01,2,0.004,0,0,4,0.011,3,0.009
Region 49,Region 22,3,0.011,2,0.012,2,0.016,0,0,1,0.018,1,0.023,0,0,2,0.025,5,0.03,32,0.085,21,0.043,12,0.026,15,0.039,7,0.018,4,0.01,12,0.029,16,0.039,9,0.019,13,0.025,19,0.039,14,0.028,9,0.02,11,0.029,8,0.025
Region 49,Region 23,1,0.004,0,0,0,0,1,0.012,0,0,0,0,0,0,0,0,0,0,0,0,0,0,2,0.004,1,0.003,0,0,0,0,0,0,0,0,1,0.002,2,0.004,2,0.004,3,0.006,1,0.002,1,0.003,1,0.003
Region 49,Region 24,0,0,0,0,0,0,0,0,0,0,0,0,0,0,0,0,0,0,1,0.003,1,0.002,3,0.007,0,0,0,0,0,0,0,0,1,0.002,2,0.004,2,0.004,1,0.002,1,0.002,0,0,1,0.003,1,0.003
Region 49,Region 25,0,0,0,0,0,0,0,0,0,0,0,0,0,0,0,0,0,0,2,0.005,0,0,0,0,0,0,0,0,0,0,0,0,0,0,0,0,0,0,0,0,0,0,0,0,2,0.005,0,0
Region 49,Region 26,0,0,1,0.006,0,0,0,0,0,0,0,0,0,0,0,0,1,0.006,0,0,1,0.002,0,0,0,0,0,0,0,0,0,0,0,0,1,0.002,0,0,1,0.002,2,0.004,0,0,0,0,1,0.003
Region 49,Region 27,0,0,0,0,0,0,0,0,0,0,0,0,0,0,0,0,0,0,0,0,0,0,0,0,0,0,0,0,0,0,1,0.002,2,0.005,1,0.002,0,0,1,0.002,0,0,0,0,1,0.003,0,0
Region 49,Region 28,0,0,0,0,0,0,0,0,0,0,0,0,0,0,0,0,0,0,0,0,1,0.002,1,0.002,2,0.005,1,0.003,1,0.003,0,0,0,0,0,0,0,0,0,0,0,0,0,0,0,0,0,0
Region 49,Region 29,3,0.011,3,0.018,2,0.016,0,0,2,0.037,0,0,1,0.021,1,0.012,3,0.018,6,0.016,2,0.004,5,0.011,5,0.013,6,0.016,6,0.015,2,0.005,3,0.007,1,0.002,3,0.006,2,0.004,1,0.002,1,0.002,3,0.008,2,0.006
Region 49,Region 30,6,0.021,1,0.006,1,0.008,0,0,0,0,0,0,0,0,1,0.012,2,0.012,5,0.013,19,0.038,9,0.02,4,0.01,3,0.008,6,0.015,5,0.012,7,0.017,7,0.015,7,0.013,6,0.012,6,0.012,7,0.015,0,0,1,0.003
Region 49,Region 31,3,0.011,4,0.023,1,0.008,1,0.012,0,0,0,0,0,0,4,0.049,6,0.036,9,0.024,15,0.03,14,0.03,8,0.021,8,0.021,7,0.018,7,0.017,5,0.012,6,0.012,10,0.019,11,0.023,12,0.024,10,0.022,3,0.008,2,0.006
Region 49,Region 32,1,0.004,0,0,0,0,0,0,0,0,0,0,0,0,0,0,0,0,1,0.003,1,0.002,0,0,0,0,0,0,1,0.003,1,0.002,0,0,2,0.004,0,0,0,0,1,0.002,1,0.002,1,0.003,0,0
Region 49,Region 33,0,0,0,0,0,0,0,0,0,0,0,0,0,0,0,0,1,0.006,0,0,0,0,2,0.004,0,0,0,0,0,0,1,0.002,0,0,0,0,0,0,0,0,0,0,0,0,0,0,0,0
Region 49,Region 34,0,0,0,0,0,0,0,0,0,0,0,0,0,0,0,0,0,0,0,0,0,0,0,0,0,0,0,0,0,0,0,0,0,0,0,0,0,0,0,0,0,0,0,0,0,0,0,0
Region 49,Region 35,0,0,0,0,0,0,0,0,0,0,0,0,0,0,0,0,0,0,0,0,0,0,0,0,0,0,0,0,0,0,0,0,0,0,0,0,0,0,0,0,0,0,0,0,0,0,0,0
Region 49,Region 36,0,0,0,0,0,0,1,0.012,0,0,0,0,0,0,0,0,0,0,5,0.013,0,0,0,0,0,0,0,0,0,0,1,0.002,0,0,0,0,0,0,1,0.002,1,0.002,0,0,0,0,2,0.006
Region 49,Region 37,11,0.039,3,0.018,1,0.008,2,0.025,2,0.037,1,0.023,0,0,1,0.012,3,0.018,5,0.013,9,0.018,3,0.007,7,0.018,7,0.018,7,0.018,0,0,4,0.01,5,0.01,4,0.008,8,0.017,4,0.008,2,0.004,8,0.021,6,0.019
Region 49,Region 38,8,0.028,1,0.006,1,0.008,1,0.012,0,0,1,0.023,0,0,1,0.012,2,0.012,7,0.018,11,0.022,12,0.026,4,0.01,3,0.008,4,0.01,3,0.007,3,0.007,2,0.004,6,0.011,7,0.014,12,0.024,4,0.009,3,0.008,2,0.006
Region 49,Region 39,0,0,1,0.006,0,0,0,0,0,0,0,0,0,0,0,0,0,0,1,0.003,3,0.006,0,0,0,0,1,0.003,0,0,0,0,0,0,0,0,0,0,0,0,0,0,1,0.002,1,0.003,0,0
Region 49,Region 40,0,0,0,0,0,0,0,0,0,0,0,0,0,0,0,0,0,0,0,0,0,0,0,0,0,0,0,0,0,0,0,0,0,0,0,0,0,0,0,0,0,0,0,0,0,0,0,0
Region 49,Region 41,0,0,0,0,0,0,0,0,0,0,0,0,0,0,0,0,1,0.006,2,0.005,0,0,0,0,1,0.003,1,0.003,0,0,0,0,0,0,3,0.006,0,0,0,0,0,0,1,0.002,0,0,0,0
Region 49,Region 42,0,0,0,0,0,0,0,0,0,0,0,0,0,0,0,0,0,0,0,0,0,0,0,0,0,0,0,0,0,0,0,0,0,0,0,0,0,0,0,0,0,0,0,0,0,0,0,0
Region 49,Region 43,4,0.014,1,0.006,0,0,2,0.025,3,0.055,1,0.023,1,0.021,0,0,1,0.006,2,0.005,6,0.012,7,0.015,8,0.021,8,0.021,7,0.018,4,0.01,5,0.012,5,0.01,5,0.01,10,0.021,2,0.004,2,0.004,2,0.005,2,0.006
Region 49,Region 44,0,0,0,0,0,0,0,0,0,0,0,0,0,0,0,0,0,0,0,0,0,0,0,0,0,0,0,0,0,0,0,0,0,0,0,0,0,0,0,0,0,0,0,0,0,0,0,0
Region 49,Region 45,18,0.063,10,0.059,3,0.025,3,0.037,7,0.129,3,0.068,1,0.021,1,0.012,11,0.067,21,0.055,36,0.073,29,0.063,32,0.082,34,0.09,22,0.056,25,0.061,23,0.056,47,0.098,48,0.091,28,0.058,33,0.065,32,0.069,45,0.119,29,0.091
Region 49,Region 46,1,0.004,0,0,1,0.008,0,0,1,0.018,1,0.023,0,0,0,0,2,0.012,3,0.008,1,0.002,1,0.002,4,0.01,2,0.005,1,0.003,3,0.007,4,0.01,2,0.004,3,0.006,7,0.014,3,0.006,2,0.004,1,0.003,1,0.003
Region 49,Region 47,1,0.004,1,0.006,2,0.016,1,0.012,0,0,0,0,2,0.042,1,0.012,9,0.054,21,0.055,25,0.051,19,0.041,7,0.018,5,0.013,15,0.038,9,0.022,7,0.017,11,0.023,15,0.029,14,0.029,14,0.028,12,0.026,5,0.013,1,0.003
Region 49,Region 48,13,0.046,11,0.065,1,0.008,4,0.05,0,0,1,0.023,2,0.042,7,0.086,15,0.091,32,0.085,38,0.077,23,0.05,23,0.059,14,0.037,10,0.026,16,0.039,8,0.019,15,0.031,26,0.05,10,0.021,14,0.028,27,0.059,18,0.047,17,0.053
Region 49,Region 49,84,0.296,47,0.276,34,0.28,19,0.236,15,0.277,21,0.475,16,0.335,18,0.221,31,0.188,80,0.211,162,0.328,122,0.265,89,0.229,89,0.235,80,0.205,110,0.268,118,0.285,155,0.322,175,0.333,132,0.273,136,0.27,127,0.275,119,0.314,83,0.261
Region 49,Region 50,13,0.046,11,0.065,11,0.09,1,0.012,3,0.055,1,0.023,3,0.063,1,0.012,2,0.012,16,0.042,14,0.028,18,0.039,14,0.036,19,0.05,23,0.059,23,0.056,20,0.048,23,0.048,26,0.05,19,0.039,20,0.04,15,0.033,15,0.04,15,0.047
Region 49,Region 51,2,0.007,2,0.012,1,0.008,1,0.012,1,0.018,0,0,2,0.042,0,0,2,0.012,4,0.011,3,0.006,6,0.013,4,0.01,1,0.003,2,0.005,2,0.005,3,0.007,5,0.01,1,0.002,8,0.017,7,0.014,7,0.015,6,0.016,6,0.019
Region 49,Region 52,5,0.018,3,0.018,0,0,0,0,0,0,2,0.045,1,0.021,2,0.025,2,0.012,4,0.011,7,0.014,2,0.004,2,0.005,3,0.008,4,0.01,10,0.024,6,0.014,8,0.017,9,0.017,8,0.017,3,0.006,8,0.017,7,0.018,3,0.009
Region 49,Region 53,2,0.007,1,0.006,2,0.016,0,0,0,0,0,0,0,0,1,0.012,2,0.012,3,0.008,7,0.014,4,0.009,2,0.005,3,0.008,1,0.003,1,0.002,2,0.005,3,0.006,3,0.006,3,0.006,2,0.004,1,0.002,1,0.003,1,0.003
Region 49,Region 54,1,0.004,0,0,0,0,0,0,0,0,0,0,0,0,0,0,0,0,4,0.011,3,0.006,1,0.002,1,0.003,1,0.003,4,0.01,4,0.01,1,0.002,2,0.004,0,0,0,0,2,0.004,2,0.004,2,0.005,1,0.003
Region 49,Region 55,0,0,0,0,0,0,0,0,0,0,0,0,0,0,0,0,0,0,1,0.003,0,0,1,0.002,1,0.003,0,0,0,0,0,0,0,0,1,0.002,0,0,0,0,0,0,0,0,0,0,0,0
Region 49,Region 56,1,0.004,0,0,0,0,0,0,0,0,0,0,0,0,0,0,0,0,0,0,0,0,0,0,0,0,0,0,0,0,0,0,0,0,3,0.006,1,0.002,1,0.002,1,0.002,1,0.002,0,0,0,0
Region 49,Region 57,0,0,0,0,0,0,0,0,0,0,0,0,0,0,0,0,0,0,0,0,1,0.002,0,0,0,0,0,0,0,0,0,0,0,0,0,0,2,0.004,0,0,0,0,0,0,0,0,0,0
Region 49,Region 58,0,0,0,0,0,0,0,0,0,0,0,0,0,0,0,0,1,0.006,0,0,0,0,0,0,0,0,0,0,0,0,0,0,0,0,0,0,0,0,0,0,0,0,0,0,0,0,0,0
Region 49,Region 59,0,0,0,0,0,0,0,0,0,0,0,0,0,0,0,0,0,0,0,0,0,0,0,0,0,0,0,0,0,0,0,0,0,0,0,0,0,0,0,0,0,0,0,0,0,0,0,0
Region 49,Region 60,1,0.004,0,0,0,0,0,0,0,0,0,0,0,0,0,0,0,0,4,0.011,5,0.01,6,0.013,2,0.005,6,0.016,1,0.003,3,0.007,3,0.007,4,0.008,2,0.004,2,0.004,0,0,1,0.002,0,0,1,0.003
Region 49,Region 61,2,0.007,0,0,0,0,0,0,0,0,0,0,0,0,1,0.012,1,0.006,2,0.005,1,0.002,0,0,0,0,0,0,1,0.003,0,0,1,0.002,2,0.004,1,0.002,0,0,0,0,0,0,1,0.003,0,0
Region 49,Region 62,2,0.007,2,0.012,1,0.008,1,0.012,0,0,0,0,0,0,0,0,2,0.012,7,0.018,3,0.006,6,0.013,2,0.005,5,0.013,2,0.005,3,0.007,2,0.005,2,0.004,9,0.017,5,0.01,3,0.006,5,0.011,2,0.005,1,0.003
Region 49,Region 63,0,0,0,0,0,0,0,0,0,0,0,0,0,0,0,0,0,0,0,0,0,0,0,0,0,0,0,0,0,0,0,0,0,0,0,0,0,0,0,0,0,0,0,0,0,0,0,0
Region 49,Region 64,3,0.011,1,0.006,0,0,0,0,0,0,0,0,0,0,1,0.012,2,0.012,8,0.021,9,0.018,7,0.015,5,0.013,6,0.016,4,0.01,3,0.007,4,0.01,10,0.021,3,0.006,2,0.004,5,0.01,6,0.013,5,0.013,4,0.013
Region 49,Region 65,0,0,2,0.012,1,0.008,0,0,0,0,0,0,1,0.021,1,0.012,0,0,1,0.003,3,0.006,4,0.009,2,0.005,1,0.003,0,0,4,0.01,4,0.01,4,0.008,4,0.008,2,0.004,6,0.012,3,0.007,3,0.008,4,0.013
Region 49,Region 66,1,0.004,0,0,1,0.008,0,0,1,0.018,0,0,0,0,0,0,1,0.006,2,0.005,1,0.002,3,0.007,1,0.003,3,0.008,3,0.008,1,0.002,3,0.007,0,0,1,0.002,3,0.006,1,0.002,2,0.004,0,0,3,0.009
Region 49,Region 67,8,0.028,5,0.029,3,0.025,1,0.012,1,0.018,0,0,0,0,2,0.025,19,0.115,27,0.071,35,0.071,24,0.052,9,0.023,9,0.024,4,0.01,7,0.017,5,0.012,10,0.021,13,0.025,13,0.027,10,0.02,14,0.03,5,0.013,4,0.013
Region 49,Region 68,16,0.056,15,0.088,8,0.066,5,0.062,5,0.092,1,0.023,3,0.063,4,0.049,18,0.109,37,0.098,70,0.142,47,0.102,45,0.116,50,0.132,42,0.108,47,0.115,44,0.106,49,0.102,57,0.109,47,0.097,50,0.099,48,0.104,27,0.071,28,0.088
Region 49,Region 69,33,0.116,17,0.1,5,0.041,2,0.025,4,0.074,3,0.068,4,0.084,6,0.074,7,0.042,87,0.23,57,0.115,39,0.085,39,0.1,36,0.095,53,0.136,60,0.146,39,0.094,60,0.125,53,0.101,43,0.089,45,0.089,59,0.128,53,0.14,42,0.132
Region 49,Region 70,6,0.021,5,0.029,1,0.008,3,0.037,1,0.018,2,0.045,2,0.042,7,0.086,17,0.103,38,0.1,53,0.107,27,0.059,16,0.041,19,0.05,12,0.031,10,0.024,11,0.027,22,0.046,21,0.04,14,0.029,22,0.044,16,0.035,11,0.029,7,0.022
Region 49,Region 71,0,0,0,0,0,0,0,0,0,0,0,0,0,0,0,0,0,0,2,0.005,3,0.006,5,0.011,0,0,0,0,1,0.003,2,0.005,2,0.005,1,0.002,1,0.002,1,0.002,2,0.004,0,0,0,0,1,0.003
Region 49,Region 72,0,0,0,0,0,0,0,0,0,0,0,0,0,0,0,0,0,0,0,0,0,0,0,0,0,0,0,0,0,0,0,0,0,0,0,0,0,0,0,0,0,0,0,0,0,0,0,0
Region 49,Region 73,0,0,0,0,0,0,0,0,0,0,0,0,0,0,0,0,0,0,0,0,0,0,0,0,0,0,0,0,0,0,0,0,0,0,0,0,0,0,0,0,0,0,0,0,0,0,0,0
Region 49,Region 74,0,0,1,0.006,0,0,0,0,1,0.018,0,0,1,0.021,0,0,1,0.006,2,0.005,1,0.002,3,0.007,1,0.003,1,0.003,2,0.005,1,0.002,1,0.002,0,0,2,0.004,1,0.002,1,0.002,3,0.007,4,0.011,1,0.003
Region 49,Region 75,0,0,0,0,0,0,0,0,0,0,0,0,0,0,0,0,1,0.006,1,0.003,0,0,0,0,0,0,0,0,0,0,0,0,0,0,0,0,0,0,1,0.002,0,0,0,0,0,0,0,0
Region 50,Region 0,1,0.004,0,0,1,0.008,1,0.012,0,0,0,0,0,0,0,0,1,0.006,3,0.008,6,0.012,6,0.013,2,0.005,2,0.005,4,0.01,2,0.005,3,0.007,6,0.012,10,0.019,8,0.017,5,0.01,7,0.015,2,0.005,2,0.006
Region 50,Region 1,0,0,0,0,0,0,0,0,0,0,0,0,0,0,0,0,0,0,0,0,0,0,0,0,0,0,0,0,0,0,0,0,0,0,0,0,1,0.002,0,0,0,0,0,0,0,0,0,0
Region 50,Region 2,1,0.004,0,0,0,0,0,0,0,0,0,0,0,0,1,0.012,2,0.012,6,0.016,13,0.026,4,0.009,4,0.01,6,0.016,2,0.005,4,0.01,2,0.005,1,0.002,2,0.004,0,0,1,0.002,6,0.013,0,0,3,0.009
Region 50,Region 3,5,0.018,5,0.029,4,0.033,0,0,1,0.018,1,0.023,1,0.021,0,0,0,0,5,0.013,5,0.01,3,0.007,3,0.008,4,0.011,5,0.013,3,0.007,5,0.012,9,0.019,5,0.01,7,0.014,4,0.008,6,0.013,3,0.008,10,0.031
Region 50,Region 4,5,0.018,2,0.012,1,0.008,1,0.012,0,0,0,0,2,0.042,1,0.012,3,0.018,2,0.005,5,0.01,13,0.028,3,0.008,8,0.021,4,0.01,5,0.012,4,0.01,10,0.021,8,0.015,8,0.017,7,0.014,17,0.037,9,0.024,10,0.031
Region 50,Region 5,0,0,0,0,0,0,0,0,0,0,0,0,0,0,0,0,2,0.012,5,0.013,3,0.006,3,0.007,2,0.005,2,0.005,2,0.005,1,0.002,1,0.002,1,0.002,0,0,2,0.004,0,0,2,0.004,3,0.008,1,0.003
Region 50,Region 6,0,0,0,0,0,0,0,0,0,0,0,0,0,0,0,0,0,0,0,0,0,0,0,0,0,0,0,0,0,0,0,0,0,0,0,0,0,0,0,0,0,0,0,0,0,0,0,0
Region 50,Region 7,2,0.007,0,0,0,0,1,0.012,0,0,0,0,0,0,2,0.025,6,0.036,10,0.026,12,0.024,4,0.009,4,0.01,6,0.016,2,0.005,2,0.005,3,0.007,6,0.012,4,0.008,1,0.002,4,0.008,7,0.015,3,0.008,2,0.006
Region 50,Region 8,0,0,0,0,0,0,0,0,0,0,0,0,0,0,1,0.012,0,0,0,0,0,0,1,0.002,1,0.003,1,0.003,0,0,0,0,0,0,0,0,0,0,0,0,0,0,1,0.002,0,0,0,0
Region 50,Region 9,0,0,0,0,0,0,0,0,0,0,0,0,0,0,0,0,0,0,0,0,0,0,0,0,0,0,0,0,0,0,0,0,0,0,0,0,0,0,0,0,0,0,0,0,0,0,0,0
Region 50,Region 10,2,0.007,0,0,1,0.008,1,0.012,1,0.018,0,0,0,0,0,0,1,0.006,4,0.011,4,0.008,4,0.009,2,0.005,1,0.003,2,0.005,6,0.015,3,0.007,6,0.012,5,0.01,4,0.008,6,0.012,4,0.009,3,0.008,1,0.003
Region 50,Region 11,0,0,0,0,0,0,0,0,0,0,0,0,0,0,0,0,0,0,0,0,0,0,0,0,0,0,0,0,0,0,0,0,0,0,0,0,0,0,0,0,0,0,0,0,0,0,0,0
Region 50,Region 12,6,0.021,5,0.029,1,0.008,0,0,1,0.018,1,0.023,3,0.063,5,0.062,12,0.073,16,0.042,19,0.038,17,0.037,11,0.028,9,0.024,17,0.044,12,0.029,8,0.019,9,0.019,8,0.015,9,0.019,10,0.02,9,0.02,9,0.024,5,0.016
Region 50,Region 13,8,0.028,3,0.018,2,0.016,1,0.012,0,0,0,0,3,0.063,0,0,6,0.036,10,0.026,12,0.024,18,0.039,14,0.036,9,0.024,9,0.023,18,0.044,18,0.043,19,0.039,29,0.055,22,0.046,26,0.052,15,0.033,11,0.029,11,0.035
Region 50,Region 14,12,0.042,7,0.041,2,0.016,2,0.025,4,0.074,4,0.09,4,0.084,14,0.172,23,0.139,35,0.092,35,0.071,30,0.065,22,0.057,24,0.063,17,0.044,17,0.041,12,0.029,13,0.027,24,0.046,17,0.035,14,0.028,20,0.043,11,0.029,14,0.044
Region 50,Region 15,0,0,0,0,0,0,0,0,0,0,0,0,0,0,0,0,0,0,0,0,0,0,0,0,0,0,0,0,0,0,0,0,0,0,0,0,0,0,0,0,0,0,0,0,0,0,0,0
Region 50,Region 16,0,0,0,0,0,0,0,0,0,0,0,0,0,0,0,0,0,0,0,0,0,0,0,0,0,0,0,0,0,0,0,0,0,0,0,0,0,0,0,0,0,0,0,0,0,0,0,0
Region 50,Region 17,4,0.014,1,0.006,2,0.016,0,0,1,0.018,0,0,0,0,0,0,1,0.006,5,0.013,6,0.012,1,0.002,4,0.01,5,0.013,3,0.008,2,0.005,9,0.022,4,0.008,2,0.004,9,0.019,6,0.012,6,0.013,10,0.026,2,0.006
Region 50,Region 18,1,0.004,1,0.006,0,0,0,0,0,0,0,0,0,0,0,0,0,0,4,0.011,5,0.01,6,0.013,4,0.01,3,0.008,2,0.005,5,0.012,5,0.012,5,0.01,4,0.008,0,0,6,0.012,6,0.013,1,0.003,2,0.006
Region 50,Region 19,0,0,0,0,0,0,1,0.012,0,0,1,0.023,1,0.021,1,0.012,0,0,3,0.008,1,0.002,1,0.002,1,0.003,5,0.013,2,0.005,3,0.007,3,0.007,3,0.006,3,0.006,0,0,2,0.004,0,0,0,0,2,0.006
Region 50,Region 20,0,0,0,0,1,0.008,0,0,0,0,0,0,0,0,1,0.012,1,0.006,5,0.013,7,0.014,7,0.015,2,0.005,4,0.011,3,0.008,2,0.005,4,0.01,1,0.002,1,0.002,3,0.006,2,0.004,7,0.015,3,0.008,3,0.009
Region 50,Region 21,0,0,0,0,0,0,0,0,0,0,0,0,1,0.021,2,0.025,0,0,3,0.008,10,0.02,8,0.017,6,0.015,4,0.011,4,0.01,6,0.015,2,0.005,5,0.01,3,0.006,4,0.008,6,0.012,0,0,2,0.005,2,0.006
Region 50,Region 22,4,0.014,0,0,0,0,2,0.025,0,0,1,0.023,1,0.021,0,0,2,0.012,5,0.013,8,0.016,6,0.013,4,0.01,5,0.013,3,0.008,5,0.012,3,0.007,5,0.01,8,0.015,6,0.012,2,0.004,3,0.007,1,0.003,1,0.003
Region 50,Region 23,5,0.018,1,0.006,3,0.025,0,0,0,0,0,0,0,0,0,0,1,0.006,3,0.008,6,0.012,3,0.007,3,0.008,3,0.008,3,0.008,5,0.012,3,0.007,3,0.006,9,0.017,7,0.014,9,0.018,9,0.02,13,0.034,8,0.025
Region 50,Region 24,0,0,0,0,0,0,0,0,0,0,0,0,0,0,0,0,0,0,1,0.003,2,0.004,0,0,1,0.003,1,0.003,2,0.005,1,0.002,1,0.002,0,0,1,0.002,2,0.004,1,0.002,0,0,1,0.003,1,0.003
Region 50,Region 25,2,0.007,0,0,1,0.008,0,0,0,0,0,0,0,0,0,0,2,0.012,6,0.016,2,0.004,1,0.002,3,0.008,1,0.003,0,0,1,0.002,1,0.002,1,0.002,4,0.008,3,0.006,3,0.006,2,0.004,1,0.003,1,0.003
Region 50,Region 26,0,0,0,0,0,0,0,0,0,0,0,0,0,0,0,0,0,0,3,0.008,1,0.002,2,0.004,1,0.003,0,0,0,0,0,0,0,0,1,0.002,0,0,0,0,1,0.002,1,0.002,0,0,0,0
Region 50,Region 27,1,0.004,0,0,0,0,0,0,0,0,0,0,0,0,0,0,1,0.006,0,0,1,0.002,1,0.002,1,0.003,2,0.005,1,0.003,3,0.007,2,0.005,0,0,1,0.002,1,0.002,1,0.002,3,0.007,2,0.005,1,0.003
Region 50,Region 28,2,0.007,1,0.006,0,0,0,0,0,0,0,0,0,0,0,0,0,0,4,0.011,0,0,0,0,1,0.003,2,0.005,2,0.005,1,0.002,3,0.007,4,0.008,3,0.006,0,0,0,0,1,0.002,2,0.005,0,0
Region 50,Region 29,3,0.011,2,0.012,0,0,0,0,0,0,1,0.023,2,0.042,3,0.037,2,0.012,4,0.011,5,0.01,6,0.013,4,0.01,2,0.005,1,0.003,2,0.005,2,0.005,2,0.004,1,0.002,2,0.004,6,0.012,3,0.007,1,0.003,3,0.009
Region 50,Region 30,0,0,4,0.023,4,0.033,1,0.012,0,0,0,0,0,0,0,0,0,0,5,0.013,9,0.018,6,0.013,4,0.01,3,0.008,1,0.003,4,0.01,1,0.002,1,0.002,8,0.015,7,0.014,8,0.016,3,0.007,3,0.008,4,0.013
Region 50,Region 31,4,0.014,0,0,1,0.008,0,0,0,0,0,0,0,0,0,0,2,0.012,4,0.011,9,0.018,6,0.013,2,0.005,3,0.008,2,0.005,4,0.01,6,0.014,1,0.002,6,0.011,7,0.014,4,0.008,1,0.002,4,0.011,4,0.013
Region 50,Region 32,0,0,1,0.006,0,0,0,0,0,0,0,0,1,0.021,0,0,1,0.006,1,0.003,1,0.002,2,0.004,5,0.013,0,0,3,0.008,1,0.002,1,0.002,0,0,2,0.004,3,0.006,1,0.002,2,0.004,4,0.011,3,0.009
Region 50,Region 33,0,0,0,0,0,0,0,0,0,0,0,0,0,0,0,0,0,0,1,0.003,3,0.006,1,0.002,1,0.003,0,0,3,0.008,0,0,3,0.007,1,0.002,0,0,1,0.002,2,0.004,2,0.004,1,0.003,1,0.003
Region 50,Region 34,0,0,0,0,0,0,0,0,0,0,0,0,0,0,0,0,0,0,0,0,0,0,0,0,0,0,0,0,0,0,0,0,0,0,0,0,0,0,0,0,0,0,0,0,0,0,0,0
Region 50,Region 35,0,0,0,0,0,0,0,0,0,0,0,0,0,0,0,0,0,0,0,0,0,0,0,0,0,0,0,0,0,0,0,0,0,0,0,0,0,0,0,0,0,0,0,0,0,0,0,0
Region 50,Region 36,2,0.007,1,0.006,0,0,0,0,0,0,0,0,0,0,0,0,0,0,8,0.021,3,0.006,2,0.004,2,0.005,1,0.003,1,0.003,8,0.02,1,0.002,3,0.006,2,0.004,2,0.004,10,0.02,5,0.011,4,0.011,0,0
Region 50,Region 37,12,0.042,9,0.053,3,0.025,2,0.025,3,0.055,1,0.023,1,0.021,1,0.012,5,0.03,7,0.018,17,0.034,9,0.02,9,0.023,5,0.013,8,0.02,7,0.017,7,0.017,13,0.027,10,0.019,18,0.037,8,0.016,12,0.026,7,0.018,8,0.025
Region 50,Region 38,1,0.004,2,0.012,1,0.008,4,0.05,0,0,0,0,1,0.021,0,0,0,0,11,0.029,24,0.049,14,0.03,10,0.026,5,0.013,8,0.02,3,0.007,5,0.012,4,0.008,5,0.01,4,0.008,6,0.012,8,0.017,4,0.011,4,0.013
Region 50,Region 39,0,0,1,0.006,1,0.008,0,0,0,0,0,0,0,0,0,0,0,0,2,0.005,1,0.002,1,0.002,2,0.005,0,0,0,0,0,0,1,0.002,1,0.002,0,0,0,0,0,0,0,0,0,0,0,0
Region 50,Region 40,0,0,0,0,0,0,0,0,0,0,0,0,0,0,0,0,0,0,0,0,0,0,0,0,0,0,0,0,0,0,0,0,0,0,0,0,0,0,0,0,0,0,0,0,0,0,0,0
Region 50,Region 41,0,0,0,0,1,0.008,0,0,0,0,1,0.023,2,0.042,1,0.012,4,0.024,5,0.013,4,0.008,2,0.004,4,0.01,3,0.008,1,0.003,2,0.005,1,0.002,1,0.002,1,0.002,1,0.002,1,0.002,1,0.002,0,0,0,0
Region 50,Region 42,0,0,0,0,0,0,0,0,0,0,0,0,0,0,0,0,0,0,0,0,0,0,0,0,0,0,0,0,0,0,0,0,0,0,0,0,0,0,0,0,0,0,0,0,0,0,0,0
Region 50,Region 43,1,0.004,2,0.012,0,0,0,0,0,0,0,0,0,0,0,0,1,0.006,1,0.003,4,0.008,2,0.004,5,0.013,2,0.005,1,0.003,4,0.01,2,0.005,2,0.004,4,0.008,2,0.004,4,0.008,4,0.009,3,0.008,3,0.009
Region 50,Region 44,0,0,0,0,0,0,0,0,0,0,0,0,0,0,0,0,0,0,0,0,0,0,0,0,0,0,0,0,0,0,0,0,0,0,0,0,0,0,0,0,0,0,0,0,0,0,0,0
Region 50,Region 45,5,0.018,6,0.035,4,0.033,2,0.025,1,0.018,2,0.045,1,0.021,4,0.049,2,0.012,10,0.026,15,0.03,14,0.03,8,0.021,12,0.032,7,0.018,11,0.027,11,0.027,16,0.033,13,0.025,13,0.027,17,0.034,16,0.035,7,0.018,9,0.028
Region 50,Region 46,5,0.018,0,0,1,0.008,0,0,0,0,0,0,0,0,1,0.012,5,0.03,33,0.087,14,0.028,15,0.033,8,0.021,14,0.037,13,0.033,13,0.032,12,0.029,13,0.027,14,0.027,14,0.029,16,0.032,18,0.039,18,0.047,6,0.019
Region 50,Region 47,2,0.007,0,0,1,0.008,0,0,0,0,0,0,0,0,1,0.012,3,0.018,16,0.042,27,0.055,14,0.03,8,0.021,4,0.011,6,0.015,6,0.015,7,0.017,4,0.008,8,0.015,14,0.029,9,0.018,4,0.009,2,0.005,9,0.028
Region 50,Region 48,2,0.007,1,0.006,0,0,3,0.037,0,0,3,0.068,1,0.021,2,0.025,7,0.042,18,0.048,17,0.034,14,0.03,15,0.039,4,0.011,4,0.01,10,0.024,5,0.012,10,0.021,8,0.015,13,0.027,16,0.032,6,0.013,8,0.021,2,0.006
Region 50,Region 49,10,0.035,13,0.076,3,0.025,1,0.012,4,0.074,1,0.023,2,0.042,5,0.062,1,0.006,8,0.021,22,0.045,19,0.041,9,0.023,11,0.029,16,0.041,13,0.032,14,0.034,19,0.039,17,0.032,18,0.037,23,0.046,23,0.05,19,0.05,8,0.025
Region 50,Region 50,132,0.465,74,0.434,51,0.419,26,0.322,22,0.406,8,0.181,22,0.461,27,0.332,67,0.406,204,0.539,232,0.47,201,0.437,163,0.42,174,0.459,209,0.535,198,0.483,259,0.625,282,0.586,299,0.57,248,0.513,274,0.543,234,0.507,201,0.53,175,0.55
Region 50,Region 51,0,0,0,0,0,0,3,0.037,0,0,0,0,0,0,1,0.012,0,0,4,0.011,4,0.008,4,0.009,4,0.01,2,0.005,2,0.005,3,0.007,2,0.005,3,0.006,7,0.013,5,0.01,6,0.012,6,0.013,4,0.011,6,0.019
Region 50,Region 52,36,0.127,18,0.106,8,0.066,6,0.074,6,0.111,12,0.271,12,0.252,7,0.086,13,0.079,38,0.1,57,0.115,31,0.067,32,0.082,51,0.135,58,0.149,57,0.139,50,0.121,65,0.135,70,0.133,66,0.137,71,0.141,83,0.18,68,0.179,39,0.123
Region 50,Region 53,1,0.004,0,0,1,0.008,0,0,0,0,0,0,2,0.042,0,0,0,0,4,0.011,7,0.014,3,0.007,0,0,1,0.003,0,0,1,0.002,4,0.01,1,0.002,2,0.004,2,0.004,0,0,3,0.007,0,0,1,0.003
Region 50,Region 54,1,0.004,1,0.006,0,0,0,0,0,0,0,0,0,0,0,0,1,0.006,3,0.008,1,0.002,1,0.002,0,0,0,0,0,0,1,0.002,2,0.005,2,0.004,1,0.002,0,0,0,0,0,0,0,0,0,0
Region 50,Region 55,0,0,0,0,1,0.008,0,0,0,0,0,0,0,0,0,0,0,0,2,0.005,1,0.002,1,0.002,0,0,1,0.003,0,0,0,0,1,0.002,2,0.004,4,0.008,2,0.004,4,0.008,2,0.004,0,0,0,0
Region 50,Region 56,5,0.018,2,0.012,2,0.016,0,0,0,0,1,0.023,0,0,1,0.012,0,0,1,0.003,7,0.014,8,0.017,5,0.013,2,0.005,3,0.008,5,0.012,4,0.01,4,0.008,8,0.015,5,0.01,3,0.006,4,0.009,5,0.013,2,0.006
Region 50,Region 57,2,0.007,0,0,0,0,0,0,0,0,0,0,0,0,0,0,0,0,2,0.005,2,0.004,3,0.007,0,0,4,0.011,2,0.005,2,0.005,1,0.002,1,0.002,3,0.006,2,0.004,0,0,2,0.004,2,0.005,2,0.006
Region 50,Region 58,0,0,0,0,0,0,0,0,0,0,0,0,0,0,0,0,0,0,0,0,0,0,0,0,0,0,0,0,0,0,0,0,0,0,0,0,0,0,0,0,0,0,0,0,0,0,0,0
Region 50,Region 59,0,0,0,0,0,0,0,0,0,0,0,0,0,0,0,0,0,0,0,0,0,0,0,0,0,0,0,0,0,0,0,0,0,0,0,0,0,0,0,0,0,0,0,0,0,0,0,0
Region 50,Region 60,0,0,1,0.006,0,0,0,0,0,0,0,0,0,0,0,0,4,0.024,9,0.024,12,0.024,9,0.02,8,0.021,7,0.018,6,0.015,4,0.01,2,0.005,5,0.01,2,0.004,1,0.002,2,0.004,0,0,1,0.003,1,0.003
Region 50,Region 61,0,0,1,0.006,0,0,0,0,0,0,0,0,0,0,0,0,1,0.006,1,0.003,1,0.002,0,0,2,0.005,0,0,0,0,0,0,0,0,1,0.002,1,0.002,1,0.002,1,0.002,1,0.002,1,0.003,0,0
Region 50,Region 62,14,0.049,2,0.012,7,0.058,1,0.012,0,0,2,0.045,4,0.084,2,0.025,11,0.067,17,0.045,22,0.045,15,0.033,26,0.067,17,0.045,21,0.054,19,0.046,17,0.041,20,0.042,29,0.055,23,0.048,21,0.042,30,0.065,17,0.045,11,0.035
Region 50,Region 63,0,0,0,0,0,0,0,0,0,0,0,0,0,0,0,0,0,0,0,0,0,0,0,0,0,0,0,0,0,0,0,0,0,0,0,0,0,0,0,0,0,0,0,0,0,0,0,0
Region 50,Region 64,1,0.004,2,0.012,1,0.008,3,0.037,0,0,0,0,0,0,0,0,2,0.012,7,0.018,15,0.03,5,0.011,2,0.005,5,0.013,6,0.015,6,0.015,7,0.017,9,0.019,10,0.019,2,0.004,5,0.01,7,0.015,3,0.008,0,0
Region 50,Region 65,28,0.099,8,0.047,11,0.09,7,0.087,6,0.111,6,0.136,5,0.105,4,0.049,4,0.024,21,0.055,31,0.063,23,0.05,29,0.075,39,0.103,36,0.092,44,0.107,31,0.075,47,0.098,62,0.118,45,0.093,57,0.113,54,0.117,44,0.116,32,0.101
Region 50,Region 66,2,0.007,3,0.018,2,0.016,1,0.012,1,0.018,1,0.023,0,0,1,0.012,2,0.012,7,0.018,22,0.045,12,0.026,7,0.018,12,0.032,6,0.015,12,0.029,7,0.017,6,0.012,6,0.011,13,0.027,13,0.026,11,0.024,10,0.026,10,0.031
Region 50,Region 67,0,0,2,0.012,0,0,2,0.025,0,0,0,0,0,0,2,0.025,13,0.079,16,0.042,17,0.034,15,0.033,12,0.031,7,0.018,6,0.015,8,0.02,3,0.007,9,0.019,10,0.019,11,0.023,14,0.028,5,0.011,5,0.013,4,0.013
Region 50,Region 68,12,0.042,6,0.035,4,0.033,8,0.099,4,0.074,0,0,3,0.063,3,0.037,7,0.042,29,0.077,35,0.071,46,0.1,25,0.064,23,0.061,25,0.064,28,0.068,28,0.068,21,0.044,30,0.057,30,0.062,29,0.057,26,0.056,22,0.058,8,0.025
Region 50,Region 69,4,0.014,3,0.018,3,0.025,0,0,0,0,2,0.045,0,0,1,0.012,5,0.03,8,0.021,12,0.024,13,0.028,17,0.044,16,0.042,16,0.041,21,0.051,12,0.029,18,0.037,13,0.025,11,0.023,13,0.026,17,0.037,20,0.053,8,0.025
Region 50,Region 70,4,0.014,1,0.006,1,0.008,1,0.012,2,0.037,0,0,0,0,5,0.062,8,0.048,18,0.048,16,0.032,13,0.028,13,0.033,7,0.018,4,0.01,3,0.007,1,0.002,6,0.012,9,0.017,10,0.021,6,0.012,8,0.017,5,0.013,7,0.022
Region 50,Region 71,12,0.042,5,0.029,3,0.025,1,0.012,1,0.018,1,0.023,2,0.042,1,0.012,0,0,20,0.053,10,0.02,7,0.015,6,0.015,7,0.018,7,0.018,11,0.027,3,0.007,9,0.019,9,0.017,14,0.029,16,0.032,12,0.026,10,0.026,11,0.035
Region 50,Region 72,0,0,0,0,0,0,0,0,0,0,0,0,0,0,0,0,0,0,0,0,0,0,0,0,0,0,0,0,0,0,0,0,0,0,0,0,0,0,0,0,0,0,0,0,0,0,0,0
Region 50,Region 73,0,0,0,0,0,0,0,0,0,0,0,0,0,0,0,0,0,0,1,0.003,0,0,0,0,0,0,0,0,0,0,0,0,0,0,0,0,0,0,0,0,0,0,0,0,0,0,0,0
Region 50,Region 74,1,0.004,1,0.006,0,0,0,0,1,0.018,1,0.023,0,0,0,0,2,0.012,2,0.005,1,0.002,0,0,3,0.008,2,0.005,1,0.003,0,0,1,0.002,1,0.002,1,0.002,2,0.004,1,0.002,0,0,2,0.005,0,0
Region 50,Region 75,2,0.007,0,0,0,0,0,0,0,0,0,0,0,0,0,0,1,0.006,2,0.005,2,0.004,0,0,0,0,0,0,3,0.008,1,0.002,1,0.002,1,0.002,3,0.006,1,0.002,1,0.002,1,0.002,2,0.005,3,0.009
Region 51,Region 0,1,0.004,0,0,0,0,0,0,0,0,0,0,0,0,0,0,0,0,0,0,2,0.004,2,0.004,1,0.003,0,0,1,0.003,1,0.002,1,0.002,3,0.006,3,0.006,1,0.002,1,0.002,2,0.004,1,0.003,1,0.003
Region 51,Region 1,0,0,0,0,0,0,0,0,0,0,0,0,0,0,0,0,0,0,0,0,0,0,0,0,0,0,0,0,0,0,0,0,0,0,0,0,0,0,0,0,0,0,0,0,0,0,0,0
Region 51,Region 2,7,0.025,3,0.018,1,0.008,0,0,2,0.037,1,0.023,1,0.021,1,0.012,7,0.042,30,0.079,16,0.032,13,0.028,15,0.039,12,0.032,12,0.031,17,0.041,12,0.029,13,0.027,10,0.019,12,0.025,4,0.008,5,0.011,12,0.032,5,0.016
Region 51,Region 3,9,0.032,0,0,2,0.016,4,0.05,0,0,1,0.023,1,0.021,1,0.012,1,0.006,1,0.003,7,0.014,4,0.009,8,0.021,5,0.013,4,0.01,6,0.015,2,0.005,8,0.017,8,0.015,8,0.017,10,0.02,7,0.015,6,0.016,8,0.025
Region 51,Region 4,0,0,0,0,0,0,0,0,0,0,0,0,0,0,0,0,1,0.006,0,0,1,0.002,2,0.004,0,0,0,0,1,0.003,0,0,0,0,3,0.006,1,0.002,1,0.002,1,0.002,0,0,1,0.003,5,0.016
Region 51,Region 5,3,0.011,0,0,0,0,0,0,0,0,0,0,0,0,0,0,1,0.006,2,0.005,2,0.004,3,0.007,1,0.003,1,0.003,0,0,0,0,0,0,0,0,2,0.004,2,0.004,0,0,1,0.002,0,0,6,0.019
Region 51,Region 6,0,0,0,0,0,0,0,0,0,0,0,0,0,0,0,0,0,0,0,0,0,0,0,0,0,0,0,0,0,0,0,0,0,0,0,0,0,0,0,0,0,0,0,0,0,0,0,0
Region 51,Region 7,1,0.004,4,0.023,1,0.008,2,0.025,0,0,0,0,0,0,1,0.012,1,0.006,8,0.021,5,0.01,9,0.02,2,0.005,5,0.013,4,0.01,2,0.005,1,0.002,5,0.01,5,0.01,6,0.012,3,0.006,4,0.009,3,0.008,4,0.013
Region 51,Region 8,0,0,0,0,0,0,0,0,0,0,0,0,0,0,0,0,0,0,0,0,1,0.002,0,0,0,0,0,0,0,0,1,0.002,0,0,0,0,0,0,0,0,0,0,0,0,0,0,0,0
Region 51,Region 9,0,0,0,0,0,0,0,0,0,0,0,0,0,0,0,0,0,0,0,0,0,0,0,0,0,0,0,0,0,0,0,0,0,0,0,0,0,0,0,0,0,0,0,0,0,0,0,0
Region 51,Region 10,3,0.011,3,0.018,0,0,1,0.012,0,0,0,0,0,0,0,0,1,0.006,3,0.008,2,0.004,2,0.004,0,0,1,0.003,2,0.005,3,0.007,3,0.007,4,0.008,4,0.008,2,0.004,5,0.01,2,0.004,3,0.008,0,0
Region 51,Region 11,0,0,0,0,0,0,0,0,0,0,0,0,0,0,0,0,0,0,0,0,0,0,0,0,0,0,0,0,0,0,0,0,0,0,0,0,0,0,0,0,0,0,0,0,0,0,0,0
Region 51,Region 12,11,0.039,7,0.041,7,0.058,2,0.025,2,0.037,2,0.045,3,0.063,2,0.025,7,0.042,17,0.045,20,0.04,26,0.056,16,0.041,15,0.04,5,0.013,12,0.029,12,0.029,18,0.037,20,0.038,13,0.027,10,0.02,9,0.02,10,0.026,12,0.038
Region 51,Region 13,2,0.007,0,0,0,0,1,0.012,0,0,0,0,0,0,1,0.012,0,0,1,0.003,2,0.004,1,0.002,2,0.005,1,0.003,3,0.008,2,0.005,1,0.002,4,0.008,2,0.004,4,0.008,5,0.01,0,0,2,0.005,1,0.003
Region 51,Region 14,14,0.049,7,0.041,4,0.033,0,0,4,0.074,4,0.09,7,0.147,9,0.111,24,0.145,25,0.066,34,0.069,49,0.106,35,0.09,16,0.042,22,0.056,36,0.088,14,0.034,20,0.042,21,0.04,12,0.025,14,0.028,11,0.024,24,0.063,21,0.066
Region 51,Region 15,0,0,0,0,0,0,0,0,0,0,0,0,0,0,0,0,0,0,0,0,0,0,0,0,0,0,0,0,0,0,0,0,0,0,0,0,0,0,0,0,0,0,0,0,0,0,0,0
Region 51,Region 16,0,0,0,0,0,0,0,0,0,0,0,0,0,0,0,0,0,0,0,0,0,0,0,0,0,0,0,0,0,0,0,0,0,0,0,0,0,0,0,0,0,0,0,0,0,0,0,0
Region 51,Region 17,0,0,0,0,0,0,0,0,0,0,0,0,0,0,0,0,0,0,0,0,0,0,1,0.002,0,0,0,0,0,0,2,0.005,2,0.005,2,0.004,4,0.008,1,0.002,4,0.008,0,0,1,0.003,3,0.009
Region 51,Region 18,10,0.035,6,0.035,2,0.016,2,0.025,0,0,0,0,0,0,0,0,3,0.018,5,0.013,8,0.016,20,0.043,15,0.039,9,0.024,10,0.026,12,0.029,9,0.022,13,0.027,21,0.04,17,0.035,30,0.059,11,0.024,15,0.04,13,0.041
Region 51,Region 19,4,0.014,2,0.012,1,0.008,0,0,0,0,0,0,0,0,1,0.012,1,0.006,1,0.003,4,0.008,3,0.007,8,0.021,1,0.003,1,0.003,0,0,2,0.005,2,0.004,2,0.004,2,0.004,0,0,1,0.002,1,0.003,3,0.009
Region 51,Region 20,6,0.021,1,0.006,1,0.008,3,0.037,2,0.037,2,0.045,3,0.063,4,0.049,6,0.036,20,0.053,14,0.028,20,0.043,9,0.023,7,0.018,5,0.013,3,0.007,10,0.024,6,0.012,9,0.017,9,0.019,10,0.02,6,0.013,10,0.026,3,0.009
Region 51,Region 21,13,0.046,4,0.023,2,0.016,3,0.037,2,0.037,0,0,1,0.021,3,0.037,7,0.042,15,0.04,19,0.038,31,0.067,22,0.057,21,0.055,16,0.041,21,0.051,20,0.048,19,0.039,29,0.055,27,0.056,36,0.071,27,0.059,19,0.05,14,0.044
Region 51,Region 22,3,0.011,1,0.006,3,0.025,2,0.025,0,0,0,0,0,0,0,0,1,0.006,3,0.008,6,0.012,6,0.013,3,0.008,4,0.011,1,0.003,3,0.007,3,0.007,10,0.021,9,0.017,5,0.01,9,0.018,5,0.011,3,0.008,3,0.009
Region 51,Region 23,0,0,0,0,0,0,1,0.012,0,0,0,0,0,0,1,0.012,0,0,0,0,0,0,1,0.002,1,0.003,1,0.003,1,0.003,1,0.002,1,0.002,2,0.004,2,0.004,0,0,0,0,2,0.004,1,0.003,1,0.003
Region 51,Region 24,1,0.004,0,0,1,0.008,0,0,0,0,0,0,0,0,0,0,0,0,1,0.003,4,0.008,1,0.002,2,0.005,3,0.008,2,0.005,1,0.002,5,0.012,2,0.004,3,0.006,2,0.004,2,0.004,3,0.007,1,0.003,5,0.016
Region 51,Region 25,0,0,0,0,0,0,0,0,0,0,0,0,0,0,0,0,0,0,0,0,0,0,0,0,0,0,1,0.003,0,0,1,0.002,0,0,0,0,0,0,0,0,0,0,1,0.002,0,0,0,0
Region 51,Region 26,2,0.007,0,0,0,0,0,0,0,0,0,0,0,0,0,0,0,0,2,0.005,3,0.006,1,0.002,0,0,0,0,1,0.003,1,0.002,1,0.002,2,0.004,1,0.002,0,0,3,0.006,0,0,3,0.008,0,0
Region 51,Region 27,0,0,0,0,1,0.008,0,0,0,0,0,0,0,0,2,0.025,0,0,1,0.003,1,0.002,1,0.002,1,0.003,0,0,1,0.003,1,0.002,0,0,0,0,0,0,2,0.004,3,0.006,0,0,1,0.003,0,0
Region 51,Region 28,0,0,0,0,0,0,0,0,0,0,0,0,0,0,0,0,0,0,0,0,0,0,0,0,0,0,0,0,0,0,0,0,0,0,0,0,0,0,0,0,0,0,0,0,0,0,0,0
Region 51,Region 29,2,0.007,2,0.012,0,0,0,0,0,0,0,0,0,0,0,0,6,0.036,12,0.032,10,0.02,13,0.028,6,0.015,9,0.024,4,0.01,4,0.01,3,0.007,2,0.004,6,0.011,8,0.017,6,0.012,4,0.009,4,0.011,2,0.006
Region 51,Region 30,7,0.025,6,0.035,3,0.025,2,0.025,0,0,0,0,0,0,1,0.012,3,0.018,8,0.021,22,0.045,21,0.046,15,0.039,13,0.034,14,0.036,13,0.032,7,0.017,10,0.021,25,0.048,14,0.029,25,0.05,13,0.028,6,0.016,12,0.038
Region 51,Region 31,12,0.042,5,0.029,4,0.033,2,0.025,3,0.055,1,0.023,1,0.021,1,0.012,3,0.018,11,0.029,15,0.03,22,0.048,18,0.046,14,0.037,16,0.041,20,0.049,22,0.053,18,0.037,28,0.053,19,0.039,19,0.038,26,0.056,17,0.045,23,0.072
Region 51,Region 32,0,0,0,0,0,0,0,0,0,0,0,0,0,0,0,0,0,0,0,0,1,0.002,1,0.002,0,0,0,0,0,0,0,0,0,0,0,0,3,0.006,2,0.004,0,0,0,0,0,0,0,0
Region 51,Region 33,0,0,0,0,1,0.008,0,0,0,0,1,0.023,0,0,0,0,0,0,0,0,0,0,0,0,0,0,0,0,0,0,0,0,0,0,0,0,0,0,1,0.002,0,0,0,0,0,0,0,0
Region 51,Region 34,0,0,0,0,0,0,0,0,0,0,0,0,0,0,0,0,0,0,0,0,0,0,0,0,0,0,0,0,0,0,0,0,0,0,0,0,0,0,0,0,0,0,0,0,0,0,0,0
Region 51,Region 35,0,0,0,0,0,0,0,0,0,0,0,0,0,0,0,0,0,0,0,0,0,0,0,0,0,0,0,0,0,0,0,0,0,0,0,0,0,0,0,0,0,0,0,0,0,0,0,0
Region 51,Region 36,0,0,2,0.012,0,0,0,0,0,0,0,0,0,0,0,0,0,0,0,0,1,0.002,2,0.004,1,0.003,1,0.003,0,0,0,0,0,0,1,0.002,2,0.004,1,0.002,1,0.002,1,0.002,0,0,1,0.003
Region 51,Region 37,3,0.011,0,0,0,0,2,0.025,2,0.037,0,0,0,0,0,0,3,0.018,4,0.011,1,0.002,2,0.004,2,0.005,6,0.016,3,0.008,1,0.002,3,0.007,4,0.008,5,0.01,5,0.01,5,0.01,4,0.009,4,0.011,2,0.006
Region 51,Region 38,33,0.116,15,0.088,10,0.082,1,0.012,1,0.018,2,0.045,0,0,4,0.049,2,0.012,22,0.058,52,0.105,54,0.117,51,0.131,31,0.082,39,0.1,35,0.085,42,0.101,41,0.085,58,0.111,36,0.075,50,0.099,40,0.087,24,0.063,34,0.107
Region 51,Region 39,0,0,0,0,0,0,0,0,0,0,0,0,0,0,0,0,1,0.006,0,0,5,0.01,3,0.007,2,0.005,1,0.003,0,0,1,0.002,1,0.002,1,0.002,1,0.002,0,0,0,0,0,0,0,0,1,0.003
Region 51,Region 40,0,0,0,0,0,0,0,0,0,0,0,0,0,0,0,0,0,0,0,0,0,0,0,0,0,0,0,0,0,0,0,0,0,0,0,0,0,0,0,0,0,0,0,0,0,0,0,0
Region 51,Region 41,0,0,0,0,0,0,0,0,0,0,0,0,0,0,0,0,1,0.006,0,0,0,0,1,0.002,0,0,1,0.003,0,0,1,0.002,0,0,0,0,0,0,1,0.002,0,0,0,0,0,0,0,0
Region 51,Region 42,0,0,0,0,0,0,0,0,0,0,0,0,0,0,0,0,0,0,0,0,0,0,0,0,0,0,0,0,0,0,0,0,0,0,0,0,0,0,0,0,0,0,0,0,0,0,0,0
Region 51,Region 43,1,0.004,4,0.023,0,0,0,0,0,0,0,0,0,0,0,0,0,0,1,0.003,3,0.006,1,0.002,2,0.005,4,0.011,2,0.005,2,0.005,1,0.002,3,0.006,3,0.006,1,0.002,4,0.008,3,0.007,4,0.011,4,0.013
Region 51,Region 44,0,0,0,0,0,0,0,0,0,0,0,0,0,0,0,0,0,0,0,0,0,0,0,0,0,0,0,0,0,0,0,0,0,0,0,0,0,0,0,0,0,0,0,0,0,0,0,0
Region 51,Region 45,2,0.007,2,0.012,1,0.008,0,0,0,0,0,0,0,0,0,0,4,0.024,2,0.005,0,0,1,0.002,0,0,1,0.003,2,0.005,2,0.005,3,0.007,2,0.004,2,0.004,2,0.004,2,0.004,2,0.004,3,0.008,5,0.016
Region 51,Region 46,0,0,0,0,0,0,0,0,0,0,0,0,0,0,0,0,1,0.006,5,0.013,11,0.022,2,0.004,2,0.005,2,0.005,4,0.01,2,0.005,1,0.002,4,0.008,6,0.011,2,0.004,6,0.012,7,0.015,4,0.011,0,0
Region 51,Region 47,12,0.042,5,0.029,2,0.016,0,0,0,0,1,0.023,1,0.021,1,0.012,7,0.042,29,0.077,40,0.081,29,0.063,16,0.041,17,0.045,17,0.044,17,0.041,12,0.029,20,0.042,30,0.057,27,0.056,33,0.065,19,0.041,17,0.045,18,0.057
Region 51,Region 48,1,0.004,2,0.012,1,0.008,1,0.012,0,0,0,0,0,0,2,0.025,3,0.018,7,0.018,13,0.026,9,0.02,8,0.021,8,0.021,5,0.013,9,0.022,4,0.01,2,0.004,8,0.015,4,0.008,7,0.014,2,0.004,1,0.003,6,0.019
Region 51,Region 49,4,0.014,3,0.018,1,0.008,0,0,0,0,1,0.023,1,0.021,2,0.025,2,0.012,4,0.011,6,0.012,6,0.013,2,0.005,4,0.011,3,0.008,4,0.01,2,0.005,6,0.012,6,0.011,9,0.019,9,0.018,10,0.022,2,0.005,4,0.013
Region 51,Region 50,6,0.021,1,0.006,1,0.008,0,0,0,0,1,0.023,0,0,1,0.012,2,0.012,5,0.013,5,0.01,3,0.007,5,0.013,4,0.011,4,0.01,5,0.012,0,0,1,0.002,7,0.013,3,0.006,10,0.02,3,0.007,0,0,4,0.013
Region 51,Region 51,32,0.113,22,0.129,9,0.074,8,0.099,5,0.092,6,0.136,2,0.042,2,0.025,3,0.018,29,0.077,60,0.121,56,0.122,41,0.106,40,0.105,41,0.105,38,0.093,56,0.135,64,0.133,65,0.124,63,0.13,47,0.093,61,0.132,57,0.15,44,0.138
Region 51,Region 52,3,0.011,2,0.012,0,0,0,0,1,0.018,0,0,0,0,0,0,0,0,1,0.003,2,0.004,2,0.004,2,0.005,4,0.011,4,0.01,1,0.002,2,0.005,0,0,9,0.017,4,0.008,5,0.01,2,0.004,5,0.013,2,0.006
Region 51,Region 53,4,0.014,4,0.023,3,0.025,3,0.037,2,0.037,3,0.068,0,0,0,0,2,0.012,8,0.021,30,0.061,15,0.033,19,0.049,13,0.034,15,0.038,10,0.024,8,0.019,18,0.037,21,0.04,16,0.033,25,0.05,21,0.046,13,0.034,4,0.013
Region 51,Region 54,1,0.004,0,0,0,0,0,0,0,0,0,0,0,0,0,0,2,0.012,4,0.011,3,0.006,2,0.004,1,0.003,2,0.005,0,0,0,0,1,0.002,0,0,1,0.002,3,0.006,3,0.006,2,0.004,0,0,3,0.009
Region 51,Region 55,0,0,0,0,0,0,0,0,0,0,1,0.023,0,0,0,0,0,0,0,0,0,0,1,0.002,0,0,0,0,0,0,0,0,0,0,0,0,1,0.002,0,0,1,0.002,0,0,0,0,0,0
Region 51,Region 56,0,0,1,0.006,0,0,0,0,0,0,0,0,0,0,0,0,0,0,0,0,1,0.002,0,0,0,0,0,0,0,0,0,0,0,0,0,0,2,0.004,0,0,2,0.004,2,0.004,0,0,2,0.006
Region 51,Region 57,0,0,0,0,0,0,0,0,0,0,0,0,0,0,0,0,0,0,0,0,1,0.002,0,0,0,0,2,0.005,0,0,0,0,0,0,0,0,0,0,0,0,1,0.002,0,0,1,0.003,1,0.003
Region 51,Region 58,0,0,0,0,0,0,0,0,0,0,0,0,0,0,0,0,0,0,0,0,0,0,0,0,0,0,0,0,0,0,0,0,0,0,0,0,0,0,0,0,0,0,0,0,0,0,0,0
Region 51,Region 59,0,0,0,0,0,0,0,0,0,0,0,0,0,0,0,0,0,0,0,0,0,0,0,0,0,0,0,0,0,0,0,0,0,0,0,0,0,0,0,0,0,0,0,0,0,0,0,0
Region 51,Region 60,4,0.014,1,0.006,2,0.016,0,0,2,0.037,0,0,0,0,0,0,2,0.012,6,0.016,9,0.018,10,0.022,6,0.015,6,0.016,2,0.005,2,0.005,5,0.012,5,0.01,9,0.017,5,0.01,2,0.004,4,0.009,2,0.005,2,0.006
Region 51,Region 61,5,0.018,1,0.006,0,0,0,0,0,0,0,0,0,0,0,0,0,0,2,0.005,4,0.008,2,0.004,0,0,2,0.005,1,0.003,3,0.007,1,0.002,1,0.002,2,0.004,1,0.002,3,0.006,5,0.011,2,0.005,3,0.009
Region 51,Region 62,7,0.025,1,0.006,1,0.008,1,0.012,1,0.018,1,0.023,0,0,1,0.012,0,0,1,0.003,5,0.01,6,0.013,4,0.01,7,0.018,4,0.01,1,0.002,2,0.005,3,0.006,11,0.021,7,0.014,11,0.022,2,0.004,3,0.008,4,0.013
Region 51,Region 63,0,0,0,0,0,0,0,0,0,0,0,0,0,0,0,0,0,0,0,0,0,0,0,0,0,0,0,0,0,0,0,0,0,0,0,0,0,0,0,0,0,0,0,0,0,0,0,0
Region 51,Region 64,2,0.007,1,0.006,1,0.008,2,0.025,0,0,0,0,0,0,0,0,3,0.018,4,0.011,2,0.004,6,0.013,1,0.003,2,0.005,3,0.008,4,0.01,3,0.007,3,0.006,5,0.01,2,0.004,3,0.006,1,0.002,3,0.008,1,0.003
Region 51,Region 65,7,0.025,0,0,1,0.008,0,0,0,0,0,0,0,0,0,0,1,0.006,1,0.003,1,0.002,2,0.004,4,0.01,0,0,0,0,1,0.002,1,0.002,2,0.004,4,0.008,3,0.006,4,0.008,3,0.007,3,0.008,4,0.013
Region 51,Region 66,0,0,1,0.006,0,0,0,0,0,0,0,0,0,0,0,0,1,0.006,0,0,4,0.008,1,0.002,2,0.005,1,0.003,2,0.005,2,0.005,0,0,3,0.006,4,0.008,0,0,0,0,1,0.002,3,0.008,3,0.009
Region 51,Region 67,7,0.025,2,0.012,3,0.025,1,0.012,0,0,0,0,2,0.042,2,0.025,9,0.054,19,0.05,17,0.034,25,0.054,20,0.052,16,0.042,9,0.023,10,0.024,7,0.017,18,0.037,10,0.019,10,0.021,16,0.032,13,0.028,10,0.026,8,0.025
Region 51,Region 68,2,0.007,2,0.012,0,0,0,0,1,0.018,0,0,0,0,1,0.012,1,0.006,6,0.016,15,0.03,16,0.035,10,0.026,4,0.011,7,0.018,9,0.022,9,0.022,6,0.012,15,0.029,13,0.027,16,0.032,12,0.026,3,0.008,3,0.009
Region 51,Region 69,17,0.06,17,0.1,5,0.041,6,0.074,2,0.037,5,0.113,4,0.084,0,0,9,0.054,22,0.058,20,0.04,19,0.041,24,0.062,23,0.061,32,0.082,27,0.066,38,0.092,30,0.062,41,0.078,34,0.07,62,0.123,33,0.072,32,0.084,18,0.057
Region 51,Region 70,4,0.014,1,0.006,0,0,0,0,0,0,1,0.023,2,0.042,1,0.012,1,0.006,4,0.011,7,0.014,6,0.013,5,0.013,4,0.011,3,0.008,3,0.007,3,0.007,2,0.004,4,0.008,5,0.01,6,0.012,10,0.022,2,0.005,2,0.006
Region 51,Region 71,3,0.011,0,0,0,0,0,0,0,0,0,0,0,0,0,0,0,0,0,0,1,0.002,0,0,2,0.005,0,0,1,0.003,0,0,1,0.002,0,0,4,0.008,2,0.004,0,0,1,0.002,2,0.005,1,0.003
Region 51,Region 72,0,0,0,0,0,0,0,0,0,0,0,0,0,0,0,0,0,0,0,0,0,0,0,0,0,0,0,0,0,0,0,0,0,0,0,0,0,0,0,0,0,0,0,0,0,0,0,0
Region 51,Region 73,0,0,0,0,0,0,0,0,0,0,0,0,0,0,0,0,0,0,0,0,0,0,0,0,0,0,0,0,0,0,0,0,0,0,0,0,0,0,0,0,0,0,0,0,0,0,0,0
Region 51,Region 74,2,0.007,1,0.006,0,0,1,0.012,0,0,0,0,0,0,0,0,0,0,2,0.005,1,0.002,1,0.002,2,0.005,0,0,1,0.003,0,0,2,0.005,2,0.004,5,0.01,0,0,1,0.002,2,0.004,2,0.005,3,0.009
Region 51,Region 75,0,0,0,0,0,0,0,0,0,0,0,0,0,0,0,0,0,0,0,0,0,0,0,0,0,0,0,0,1,0.003,0,0,0,0,0,0,0,0,0,0,1,0.002,0,0,0,0,0,0
Region 52,Region 0,5,0.018,0,0,2,0.016,1,0.012,0,0,1,0.023,1,0.021,2,0.025,2,0.012,3,0.008,8,0.016,3,0.007,8,0.021,7,0.018,3,0.008,8,0.02,7,0.017,11,0.023,6,0.011,4,0.008,8,0.016,12,0.026,4,0.011,7,0.022
Region 52,Region 1,0,0,0,0,0,0,0,0,0,0,0,0,0,0,0,0,0,0,0,0,0,0,0,0,0,0,0,0,0,0,0,0,0,0,0,0,0,0,0,0,0,0,0,0,1,0.003,0,0
Region 52,Region 2,0,0,2,0.012,0,0,0,0,0,0,0,0,0,0,1,0.012,4,0.024,3,0.008,3,0.006,8,0.017,4,0.01,2,0.005,3,0.008,2,0.005,2,0.005,3,0.006,3,0.006,3,0.006,1,0.002,4,0.009,2,0.005,2,0.006
Region 52,Region 3,3,0.011,3,0.018,0,0,0,0,0,0,0,0,1,0.021,1,0.012,1,0.006,3,0.008,6,0.012,3,0.007,3,0.008,5,0.013,2,0.005,0,0,2,0.005,5,0.01,4,0.008,4,0.008,7,0.014,3,0.007,2,0.005,1,0.003
Region 52,Region 4,12,0.042,0,0,3,0.025,1,0.012,0,0,0,0,0,0,0,0,0,0,2,0.005,7,0.014,2,0.004,3,0.008,3,0.008,4,0.01,2,0.005,6,0.014,4,0.008,13,0.025,10,0.021,8,0.016,8,0.017,11,0.029,14,0.044
Region 52,Region 5,2,0.007,0,0,0,0,0,0,0,0,0,0,0,0,1,0.012,0,0,3,0.008,1,0.002,0,0,2,0.005,3,0.008,1,0.003,2,0.005,1,0.002,3,0.006,0,0,3,0.006,1,0.002,4,0.009,0,0,0,0
Region 52,Region 6,0,0,0,0,0,0,0,0,0,0,0,0,0,0,0,0,0,0,0,0,0,0,0,0,0,0,0,0,0,0,0,0,0,0,0,0,0,0,0,0,0,0,0,0,0,0,0,0
Region 52,Region 7,1,0.004,1,0.006,0,0,1,0.012,0,0,0,0,1,0.021,3,0.037,1,0.006,10,0.026,10,0.02,4,0.009,7,0.018,9,0.024,6,0.015,7,0.017,9,0.022,1,0.002,3,0.006,4,0.008,6,0.012,3,0.007,3,0.008,5,0.016
Region 52,Region 8,0,0,0,0,0,0,0,0,0,0,0,0,0,0,0,0,0,0,0,0,0,0,0,0,1,0.003,1,0.003,1,0.003,0,0,1,0.002,1,0.002,0,0,0,0,0,0,0,0,0,0,0,0
Region 52,Region 9,0,0,0,0,0,0,0,0,0,0,0,0,0,0,0,0,0,0,0,0,0,0,0,0,0,0,0,0,0,0,0,0,0,0,0,0,0,0,0,0,0,0,0,0,0,0,0,0
Region 52,Region 10,4,0.014,2,0.012,0,0,1,0.012,2,0.037,0,0,0,0,0,0,3,0.018,5,0.013,2,0.004,4,0.009,3,0.008,1,0.003,4,0.01,2,0.005,8,0.019,8,0.017,9,0.017,2,0.004,4,0.008,2,0.004,5,0.013,5,0.016
Region 52,Region 11,0,0,0,0,0,0,0,0,0,0,0,0,0,0,0,0,0,0,0,0,0,0,0,0,0,0,0,0,0,0,0,0,0,0,0,0,0,0,0,0,0,0,0,0,0,0,0,0
Region 52,Region 12,11,0.039,8,0.047,6,0.049,2,0.025,0,0,1,0.023,1,0.021,7,0.086,21,0.127,25,0.066,22,0.045,15,0.033,21,0.054,11,0.029,19,0.049,12,0.029,13,0.031,16,0.033,19,0.036,6,0.012,16,0.032,11,0.024,14,0.037,9,0.028
Region 52,Region 13,11,0.039,3,0.018,1,0.008,4,0.05,2,0.037,3,0.068,1,0.021,3,0.037,3,0.018,5,0.013,13,0.026,15,0.033,21,0.054,15,0.04,33,0.085,22,0.054,15,0.036,32,0.066,24,0.046,20,0.041,27,0.054,28,0.061,23,0.061,21,0.066
Region 52,Region 14,17,0.06,17,0.1,4,0.033,4,0.05,0,0,4,0.09,3,0.063,15,0.185,28,0.169,34,0.09,41,0.083,41,0.089,39,0.1,35,0.092,27,0.069,28,0.068,19,0.046,21,0.044,15,0.029,18,0.037,24,0.048,18,0.039,20,0.053,17,0.053
Region 52,Region 15,0,0,0,0,0,0,0,0,0,0,0,0,0,0,0,0,0,0,0,0,0,0,0,0,0,0,0,0,0,0,0,0,0,0,0,0,0,0,0,0,0,0,0,0,0,0,0,0
Region 52,Region 16,0,0,0,0,0,0,0,0,0,0,0,0,0,0,0,0,0,0,0,0,0,0,0,0,0,0,0,0,0,0,0,0,0,0,0,0,0,0,0,0,0,0,0,0,0,0,0,0
Region 52,Region 17,6,0.021,1,0.006,2,0.016,1,0.012,0,0,0,0,0,0,0,0,3,0.018,2,0.005,4,0.008,2,0.004,1,0.003,0,0,4,0.01,3,0.007,3,0.007,2,0.004,6,0.011,6,0.012,5,0.01,4,0.009,7,0.018,6,0.019
Region 52,Region 18,0,0,1,0.006,1,0.008,1,0.012,0,0,1,0.023,0,0,1,0.012,1,0.006,3,0.008,4,0.008,7,0.015,5,0.013,2,0.005,3,0.008,7,0.017,3,0.007,1,0.002,7,0.013,5,0.01,5,0.01,3,0.007,6,0.016,5,0.016
Region 52,Region 19,1,0.004,0,0,1,0.008,0,0,1,0.018,0,0,0,0,0,0,2,0.012,2,0.005,2,0.004,1,0.002,1,0.003,3,0.008,2,0.005,1,0.002,3,0.007,2,0.004,2,0.004,1,0.002,4,0.008,1,0.002,0,0,2,0.006
Region 52,Region 20,1,0.004,0,0,0,0,1,0.012,0,0,0,0,1,0.021,3,0.037,4,0.024,8,0.021,5,0.01,4,0.009,0,0,5,0.013,4,0.01,4,0.01,1,0.002,1,0.002,2,0.004,4,0.008,0,0,1,0.002,4,0.011,2,0.006
Region 52,Region 21,1,0.004,1,0.006,1,0.008,0,0,0,0,0,0,1,0.021,0,0,1,0.006,1,0.003,3,0.006,9,0.02,2,0.005,8,0.021,1,0.003,7,0.017,4,0.01,5,0.01,7,0.013,1,0.002,7,0.014,3,0.007,1,0.003,3,0.009
Region 52,Region 22,2,0.007,0,0,2,0.016,0,0,1,0.018,0,0,1,0.021,1,0.012,2,0.012,3,0.008,2,0.004,2,0.004,4,0.01,5,0.013,4,0.01,4,0.01,2,0.005,6,0.012,4,0.008,6,0.012,4,0.008,3,0.007,4,0.011,3,0.009
Region 52,Region 23,7,0.025,5,0.029,2,0.016,1,0.012,1,0.018,0,0,0,0,0,0,0,0,0,0,2,0.004,7,0.015,6,0.015,1,0.003,2,0.005,8,0.02,2,0.005,3,0.006,7,0.013,4,0.008,5,0.01,9,0.02,9,0.024,8,0.025
Region 52,Region 24,0,0,1,0.006,0,0,0,0,0,0,0,0,0,0,0,0,0,0,0,0,1,0.002,1,0.002,0,0,1,0.003,1,0.003,1,0.002,1,0.002,0,0,0,0,0,0,2,0.004,4,0.009,0,0,0,0
Region 52,Region 25,1,0.004,0,0,1,0.008,0,0,0,0,0,0,0,0,0,0,0,0,3,0.008,0,0,1,0.002,2,0.005,0,0,1,0.003,0,0,1,0.002,1,0.002,2,0.004,0,0,2,0.004,2,0.004,1,0.003,1,0.003
Region 52,Region 26,0,0,1,0.006,0,0,0,0,0,0,0,0,0,0,1,0.012,1,0.006,1,0.003,0,0,2,0.004,0,0,2,0.005,0,0,0,0,0,0,0,0,0,0,0,0,0,0,1,0.002,0,0,1,0.003
Region 52,Region 27,4,0.014,0,0,1,0.008,1,0.012,2,0.037,0,0,0,0,1,0.012,2,0.012,3,0.008,0,0,0,0,1,0.003,1,0.003,1,0.003,2,0.005,2,0.005,3,0.006,2,0.004,3,0.006,2,0.004,3,0.007,6,0.016,1,0.003
Region 52,Region 28,3,0.011,0,0,0,0,0,0,0,0,0,0,0,0,0,0,1,0.006,0,0,2,0.004,1,0.002,1,0.003,4,0.011,2,0.005,4,0.01,1,0.002,1,0.002,1,0.002,2,0.004,0,0,2,0.004,3,0.008,4,0.013
Region 52,Region 29,0,0,2,0.012,2,0.016,2,0.025,0,0,1,0.023,1,0.021,3,0.037,3,0.018,23,0.061,9,0.018,4,0.009,4,0.01,2,0.005,4,0.01,3,0.007,2,0.005,6,0.012,3,0.006,8,0.017,6,0.012,7,0.015,1,0.003,2,0.006
Region 52,Region 30,1,0.004,1,0.006,1,0.008,2,0.025,1,0.018,0,0,0,0,0,0,1,0.006,1,0.003,4,0.008,5,0.011,5,0.013,3,0.008,1,0.003,5,0.012,5,0.012,4,0.008,6,0.011,4,0.008,6,0.012,3,0.007,2,0.005,3,0.009
Region 52,Region 31,7,0.025,3,0.018,0,0,2,0.025,1,0.018,2,0.045,0,0,1,0.012,1,0.006,3,0.008,7,0.014,3,0.007,3,0.008,7,0.018,2,0.005,5,0.012,2,0.005,2,0.004,7,0.013,4,0.008,5,0.01,5,0.011,9,0.024,4,0.013
Region 52,Region 32,3,0.011,2,0.012,2,0.016,0,0,0,0,1,0.023,0,0,1,0.012,2,0.012,1,0.003,4,0.008,3,0.007,0,0,2,0.005,3,0.008,1,0.002,3,0.007,0,0,3,0.006,4,0.008,6,0.012,7,0.015,3,0.008,3,0.009
Region 52,Region 33,0,0,0,0,0,0,0,0,0,0,0,0,0,0,0,0,0,0,1,0.003,1,0.002,5,0.011,3,0.008,2,0.005,1,0.003,0,0,0,0,1,0.002,2,0.004,3,0.006,4,0.008,2,0.004,2,0.005,2,0.006
Region 52,Region 34,0,0,0,0,0,0,0,0,0,0,0,0,0,0,0,0,0,0,0,0,0,0,0,0,0,0,0,0,0,0,0,0,0,0,0,0,0,0,0,0,0,0,0,0,0,0,0,0
Region 52,Region 35,0,0,0,0,0,0,0,0,0,0,0,0,0,0,0,0,0,0,0,0,0,0,0,0,0,0,0,0,0,0,0,0,0,0,0,0,0,0,0,0,0,0,1,0.002,1,0.003,0,0
Region 52,Region 36,4,0.014,1,0.006,1,0.008,3,0.037,2,0.037,1,0.023,0,0,0,0,2,0.012,57,0.151,4,0.008,2,0.004,1,0.003,1,0.003,4,0.01,2,0.005,3,0.007,4,0.008,5,0.01,4,0.008,6,0.012,7,0.015,4,0.011,7,0.022
Region 52,Region 37,12,0.042,7,0.041,1,0.008,2,0.025,2,0.037,1,0.023,0,0,0,0,1,0.006,5,0.013,12,0.024,22,0.048,10,0.026,7,0.018,14,0.036,12,0.029,12,0.029,21,0.044,23,0.044,15,0.031,12,0.024,17,0.037,11,0.029,8,0.025
Region 52,Region 38,1,0.004,1,0.006,1,0.008,0,0,0,0,0,0,0,0,0,0,0,0,3,0.008,8,0.016,7,0.015,9,0.023,4,0.011,3,0.008,6,0.015,2,0.005,4,0.008,6,0.011,1,0.002,12,0.024,5,0.011,5,0.013,8,0.025
Region 52,Region 39,1,0.004,0,0,0,0,0,0,0,0,0,0,0,0,0,0,0,0,1,0.003,2,0.004,0,0,0,0,1,0.003,2,0.005,2,0.005,0,0,0,0,0,0,0,0,2,0.004,1,0.002,0,0,0,0
Region 52,Region 40,0,0,0,0,0,0,0,0,0,0,0,0,0,0,0,0,0,0,0,0,1,0.002,0,0,0,0,0,0,0,0,0,0,0,0,0,0,0,0,0,0,0,0,0,0,0,0,0,0
Region 52,Region 41,1,0.004,0,0,1,0.008,0,0,0,0,2,0.045,0,0,1,0.012,1,0.006,3,0.008,5,0.01,6,0.013,1,0.003,0,0,1,0.003,4,0.01,3,0.007,6,0.012,1,0.002,0,0,0,0,0,0,1,0.003,1,0.003
Region 52,Region 42,0,0,0,0,0,0,0,0,0,0,0,0,0,0,0,0,0,0,0,0,0,0,0,0,0,0,0,0,0,0,0,0,0,0,0,0,0,0,0,0,0,0,0,0,0,0,0,0
Region 52,Region 43,1,0.004,2,0.012,0,0,0,0,0,0,1,0.023,0,0,0,0,0,0,1,0.003,3,0.006,1,0.002,1,0.003,3,0.008,0,0,2,0.005,6,0.014,1,0.002,3,0.006,2,0.004,6,0.012,5,0.011,3,0.008,3,0.009
Region 52,Region 44,0,0,0,0,0,0,0,0,0,0,0,0,0,0,0,0,0,0,0,0,0,0,0,0,0,0,0,0,0,0,0,0,0,0,0,0,0,0,0,0,0,0,0,0,0,0,0,0
Region 52,Region 45,5,0.018,0,0,0,0,0,0,0,0,0,0,0,0,1,0.012,0,0,3,0.008,6,0.012,4,0.009,3,0.008,6,0.016,5,0.013,3,0.007,6,0.014,8,0.017,1,0.002,3,0.006,3,0.006,5,0.011,1,0.003,4,0.013
Region 52,Region 46,12,0.042,1,0.006,0,0,1,0.012,1,0.018,0,0,0,0,0,0,1,0.006,19,0.05,21,0.043,15,0.033,16,0.041,20,0.053,13,0.033,15,0.037,13,0.031,23,0.048,18,0.034,25,0.052,20,0.04,18,0.039,15,0.04,9,0.028
Region 52,Region 47,12,0.042,1,0.006,0,0,0,0,1,0.018,0,0,0,0,4,0.049,4,0.024,17,0.045,25,0.051,9,0.02,5,0.013,8,0.021,7,0.018,8,0.02,11,0.027,8,0.017,15,0.029,12,0.025,8,0.016,9,0.02,5,0.013,11,0.035
Region 52,Region 48,4,0.014,3,0.018,4,0.033,1,0.012,1,0.018,0,0,1,0.021,8,0.098,4,0.024,9,0.024,10,0.02,12,0.026,17,0.044,13,0.034,7,0.018,7,0.017,5,0.012,3,0.006,9,0.017,3,0.006,11,0.022,7,0.015,6,0.016,2,0.006
Region 52,Region 49,2,0.007,5,0.029,4,0.033,1,0.012,0,0,0,0,5,0.105,2,0.025,3,0.018,4,0.011,6,0.012,7,0.015,2,0.005,6,0.016,7,0.018,4,0.01,8,0.019,6,0.012,6,0.011,2,0.004,6,0.012,2,0.004,10,0.026,4,0.013
Region 52,Region 50,40,0.141,24,0.141,15,0.123,10,0.124,8,0.148,2,0.045,7,0.147,14,0.172,25,0.151,50,0.132,51,0.103,58,0.126,47,0.121,50,0.132,51,0.131,60,0.146,52,0.126,70,0.145,81,0.154,72,0.149,75,0.149,75,0.163,53,0.14,47,0.148
Region 52,Region 51,2,0.007,0,0,0,0,0,0,0,0,0,0,0,0,0,0,0,0,0,0,5,0.01,3,0.007,5,0.013,1,0.003,3,0.008,3,0.007,7,0.017,5,0.01,8,0.015,2,0.004,3,0.006,8,0.017,3,0.008,1,0.003
Region 52,Region 52,67,0.236,31,0.182,16,0.132,13,0.161,6,0.111,6,0.136,8,0.168,10,0.123,14,0.085,35,0.092,74,0.15,71,0.154,59,0.152,64,0.169,64,0.164,78,0.19,66,0.159,111,0.231,124,0.236,131,0.271,97,0.192,117,0.254,112,0.295,79,0.248
Region 52,Region 53,1,0.004,0,0,0,0,3,0.037,0,0,0,0,1,0.021,0,0,1,0.006,3,0.008,4,0.008,4,0.009,1,0.003,2,0.005,1,0.003,2,0.005,1,0.002,2,0.004,3,0.006,2,0.004,1,0.002,4,0.009,1,0.003,0,0
Region 52,Region 54,1,0.004,2,0.012,1,0.008,3,0.037,0,0,0,0,0,0,0,0,1,0.006,0,0,2,0.004,0,0,0,0,0,0,0,0,1,0.002,0,0,0,0,2,0.004,0,0,0,0,0,0,1,0.003,1,0.003
Region 52,Region 55,1,0.004,0,0,1,0.008,0,0,1,0.018,0,0,1,0.021,0,0,0,0,0,0,1,0.002,1,0.002,0,0,0,0,0,0,1,0.002,3,0.007,1,0.002,3,0.006,0,0,7,0.014,1,0.002,2,0.005,1,0.003
Region 52,Region 56,3,0.011,6,0.035,4,0.033,0,0,0,0,1,0.023,1,0.021,1,0.012,1,0.006,3,0.008,24,0.049,6,0.013,5,0.013,11,0.029,5,0.013,10,0.024,9,0.022,15,0.031,11,0.021,8,0.017,12,0.024,16,0.035,17,0.045,8,0.025
Region 52,Region 57,1,0.004,2,0.012,0,0,1,0.012,1,0.018,0,0,1,0.021,0,0,0,0,2,0.005,0,0,0,0,1,0.003,0,0,2,0.005,3,0.007,3,0.007,1,0.002,1,0.002,4,0.008,2,0.004,4,0.009,7,0.018,5,0.016
Region 52,Region 58,0,0,0,0,0,0,0,0,0,0,0,0,0,0,0,0,0,0,0,0,0,0,0,0,0,0,0,0,0,0,0,0,0,0,0,0,0,0,0,0,0,0,0,0,0,0,0,0
Region 52,Region 59,0,0,0,0,0,0,0,0,0,0,0,0,0,0,0,0,0,0,0,0,0,0,0,0,0,0,0,0,0,0,0,0,0,0,0,0,0,0,0,0,0,0,0,0,0,0,0,0
Region 52,Region 60,0,0,0,0,0,0,0,0,0,0,1,0.023,0,0,1,0.012,6,0.036,7,0.018,12,0.024,11,0.024,8,0.021,3,0.008,0,0,2,0.005,6,0.014,4,0.008,2,0.004,1,0.002,0,0,3,0.007,1,0.003,3,0.009
Region 52,Region 61,0,0,1,0.006,0,0,0,0,0,0,0,0,0,0,0,0,1,0.006,1,0.003,1,0.002,0,0,1,0.003,1,0.003,1,0.003,1,0.002,1,0.002,0,0,0,0,2,0.004,2,0.004,1,0.002,0,0,1,0.003
Region 52,Region 62,27,0.095,15,0.088,5,0.041,6,0.074,3,0.055,2,0.045,1,0.021,1,0.012,14,0.085,27,0.071,22,0.045,30,0.065,24,0.062,16,0.042,22,0.056,25,0.061,15,0.036,22,0.046,14,0.027,23,0.048,30,0.059,27,0.059,21,0.055,23,0.072
Region 52,Region 63,0,0,0,0,0,0,0,0,0,0,0,0,0,0,0,0,0,0,0,0,0,0,0,0,0,0,0,0,0,0,1,0.002,0,0,0,0,0,0,0,0,0,0,0,0,0,0,0,0
Region 52,Region 64,0,0,1,0.006,1,0.008,0,0,1,0.018,2,0.045,0,0,0,0,0,0,3,0.008,6,0.012,3,0.007,0,0,0,0,2,0.005,4,0.01,2,0.005,3,0.006,4,0.008,0,0,4,0.008,0,0,3,0.008,2,0.006
Region 52,Region 65,16,0.056,14,0.082,7,0.058,7,0.087,2,0.037,3,0.068,3,0.063,1,0.012,3,0.018,10,0.026,22,0.045,15,0.033,14,0.036,17,0.045,18,0.046,18,0.044,32,0.077,38,0.079,44,0.084,29,0.06,30,0.059,26,0.056,29,0.076,12,0.038
Region 52,Region 66,9,0.032,2,0.012,4,0.033,2,0.025,3,0.055,3,0.068,0,0,2,0.025,3,0.018,5,0.013,8,0.016,8,0.017,7,0.018,10,0.026,7,0.018,3,0.007,12,0.029,5,0.01,15,0.029,12,0.025,16,0.032,14,0.03,14,0.037,10,0.031
Region 52,Region 67,2,0.007,6,0.035,2,0.016,2,0.025,3,0.055,0,0,3,0.063,4,0.049,7,0.042,12,0.032,19,0.038,10,0.022,16,0.041,6,0.016,6,0.015,7,0.017,6,0.014,11,0.023,18,0.034,13,0.027,8,0.016,4,0.009,7,0.018,9,0.028
Region 52,Region 68,17,0.06,9,0.053,6,0.049,7,0.087,0,0,1,0.023,2,0.042,2,0.025,3,0.018,19,0.05,39,0.079,33,0.072,23,0.059,25,0.066,29,0.074,35,0.085,35,0.085,36,0.075,34,0.065,41,0.085,31,0.061,27,0.059,27,0.071,21,0.066
Region 52,Region 69,11,0.039,3,0.018,2,0.016,1,0.012,1,0.018,0,0,2,0.042,2,0.025,5,0.03,8,0.021,16,0.032,19,0.041,17,0.044,18,0.047,13,0.033,17,0.041,14,0.034,28,0.058,26,0.05,34,0.07,26,0.052,26,0.056,22,0.058,20,0.063
Region 52,Region 70,3,0.011,6,0.035,0,0,1,0.012,0,0,0,0,0,0,0,0,4,0.024,7,0.018,12,0.024,11,0.024,2,0.005,3,0.008,8,0.02,5,0.012,5,0.012,5,0.01,1,0.002,5,0.01,7,0.014,10,0.022,3,0.008,3,0.009
Region 52,Region 71,7,0.025,6,0.035,1,0.008,2,0.025,1,0.018,2,0.045,0,0,0,0,3,0.018,6,0.016,16,0.032,9,0.02,4,0.01,5,0.013,4,0.01,8,0.02,3,0.007,9,0.019,11,0.021,13,0.027,16,0.032,9,0.02,14,0.037,5,0.016
Region 52,Region 72,0,0,0,0,0,0,0,0,0,0,0,0,0,0,0,0,0,0,0,0,0,0,0,0,0,0,0,0,0,0,0,0,0,0,0,0,0,0,0,0,0,0,0,0,0,0,0,0
Region 52,Region 73,0,0,0,0,0,0,0,0,0,0,0,0,0,0,0,0,0,0,1,0.003,0,0,0,0,0,0,0,0,0,0,0,0,0,0,0,0,0,0,0,0,0,0,0,0,0,0,0,0
Region 52,Region 74,0,0,0,0,0,0,2,0.025,0,0,0,0,0,0,1,0.012,2,0.012,1,0.003,2,0.004,0,0,1,0.003,2,0.005,1,0.003,1,0.002,2,0.005,1,0.002,1,0.002,2,0.004,3,0.006,1,0.002,2,0.005,1,0.003
Region 52,Region 75,1,0.004,1,0.006,0,0,1,0.012,1,0.018,0,0,0,0,0,0,0,0,0,0,0,0,5,0.011,1,0.003,0,0,1,0.003,0,0,3,0.007,1,0.002,6,0.011,4,0.008,1,0.002,3,0.007,1,0.003,1,0.003
Region 53,Region 0,2,0.007,0,0,0,0,0,0,0,0,0,0,0,0,0,0,0,0,0,0,0,0,1,0.002,4,0.01,0,0,0,0,0,0,0,0,1,0.002,1,0.002,3,0.006,1,0.002,0,0,2,0.005,0,0
Region 53,Region 1,0,0,0,0,0,0,0,0,0,0,0,0,0,0,0,0,0,0,0,0,0,0,0,0,0,0,0,0,0,0,0,0,0,0,0,0,0,0,0,0,0,0,0,0,0,0,0,0
Region 53,Region 2,13,0.046,10,0.059,11,0.09,6,0.074,2,0.037,3,0.068,0,0,1,0.012,5,0.03,45,0.119,28,0.057,64,0.139,31,0.08,37,0.098,42,0.108,50,0.122,46,0.111,46,0.096,72,0.137,46,0.095,47,0.093,57,0.124,45,0.119,29,0.091
Region 53,Region 3,2,0.007,1,0.006,1,0.008,0,0,0,0,0,0,1,0.021,0,0,1,0.006,1,0.003,5,0.01,3,0.007,3,0.008,3,0.008,2,0.005,6,0.015,6,0.014,5,0.01,3,0.006,3,0.006,6,0.012,3,0.007,4,0.011,3,0.009
Region 53,Region 4,0,0,0,0,0,0,0,0,0,0,0,0,0,0,0,0,1,0.006,0,0,0,0,0,0,0,0,1,0.003,2,0.005,1,0.002,0,0,4,0.008,3,0.006,2,0.004,6,0.012,1,0.002,2,0.005,1,0.003
Region 53,Region 5,0,0,0,0,2,0.016,1,0.012,0,0,0,0,0,0,0,0,0,0,2,0.005,0,0,1,0.002,2,0.005,1,0.003,0,0,0,0,0,0,0,0,1,0.002,1,0.002,0,0,1,0.002,1,0.003,0,0
Region 53,Region 6,0,0,0,0,0,0,0,0,0,0,0,0,0,0,0,0,0,0,0,0,0,0,0,0,0,0,0,0,0,0,0,0,0,0,0,0,0,0,0,0,0,0,0,0,0,0,0,0
Region 53,Region 7,2,0.007,0,0,0,0,0,0,0,0,1,0.023,0,0,1,0.012,3,0.018,3,0.008,3,0.006,7,0.015,5,0.013,4,0.011,1,0.003,4,0.01,3,0.007,4,0.008,3,0.006,2,0.004,1,0.002,1,0.002,4,0.011,0,0
Region 53,Region 8,0,0,0,0,0,0,0,0,0,0,0,0,0,0,0,0,0,0,0,0,0,0,0,0,0,0,0,0,0,0,0,0,0,0,0,0,0,0,0,0,0,0,0,0,0,0,0,0
Region 53,Region 9,0,0,0,0,0,0,0,0,0,0,0,0,0,0,0,0,0,0,0,0,0,0,0,0,0,0,0,0,0,0,0,0,0,0,0,0,0,0,0,0,0,0,0,0,0,0,0,0
Region 53,Region 10,4,0.014,0,0,1,0.008,0,0,0,0,0,0,0,0,0,0,2,0.012,2,0.005,1,0.002,0,0,4,0.01,4,0.011,3,0.008,6,0.015,3,0.007,4,0.008,10,0.019,4,0.008,8,0.016,6,0.013,9,0.024,5,0.016
Region 53,Region 11,0,0,0,0,0,0,0,0,0,0,0,0,0,0,0,0,0,0,0,0,0,0,0,0,0,0,0,0,0,0,0,0,0,0,0,0,0,0,0,0,0,0,0,0,0,0,0,0
Region 53,Region 12,4,0.014,3,0.018,1,0.008,2,0.025,0,0,1,0.023,1,0.021,0,0,2,0.012,5,0.013,5,0.01,10,0.022,9,0.023,6,0.016,2,0.005,7,0.017,6,0.014,3,0.006,10,0.019,7,0.014,6,0.012,4,0.009,8,0.021,4,0.013
Region 53,Region 13,2,0.007,0,0,0,0,0,0,0,0,0,0,0,0,0,0,0,0,0,0,0,0,1,0.002,0,0,1,0.003,0,0,1,0.002,0,0,0,0,4,0.008,2,0.004,4,0.008,2,0.004,3,0.008,1,0.003
Region 53,Region 14,1,0.004,2,0.012,2,0.016,2,0.025,1,0.018,4,0.09,4,0.084,3,0.037,6,0.036,5,0.013,17,0.034,28,0.061,31,0.08,16,0.042,9,0.023,18,0.044,8,0.019,5,0.01,4,0.008,8,0.017,9,0.018,10,0.022,10,0.026,12,0.038
Region 53,Region 15,0,0,0,0,0,0,0,0,0,0,0,0,0,0,0,0,0,0,0,0,0,0,0,0,0,0,0,0,0,0,0,0,0,0,0,0,0,0,0,0,0,0,0,0,0,0,0,0
Region 53,Region 16,0,0,0,0,0,0,0,0,0,0,0,0,0,0,0,0,0,0,0,0,0,0,0,0,0,0,0,0,0,0,0,0,0,0,0,0,0,0,0,0,0,0,0,0,0,0,0,0
Region 53,Region 17,0,0,0,0,0,0,1,0.012,0,0,0,0,0,0,0,0,0,0,0,0,0,0,0,0,0,0,0,0,0,0,0,0,0,0,0,0,3,0.006,2,0.004,2,0.004,2,0.004,3,0.008,1,0.003
Region 53,Region 18,3,0.011,4,0.023,5,0.041,3,0.037,0,0,1,0.023,0,0,0,0,1,0.006,5,0.013,19,0.038,12,0.026,17,0.044,16,0.042,14,0.036,15,0.037,18,0.043,36,0.075,39,0.074,25,0.052,14,0.028,14,0.03,11,0.029,11,0.035
Region 53,Region 19,0,0,0,0,0,0,0,0,0,0,0,0,1,0.021,0,0,0,0,2,0.005,0,0,2,0.004,0,0,0,0,3,0.008,0,0,0,0,1,0.002,1,0.002,0,0,1,0.002,0,0,0,0,0,0
Region 53,Region 20,0,0,3,0.018,0,0,1,0.012,0,0,0,0,0,0,1,0.012,4,0.024,15,0.04,14,0.028,8,0.017,8,0.021,9,0.024,3,0.008,4,0.01,3,0.007,1,0.002,7,0.013,5,0.01,5,0.01,4,0.009,5,0.013,5,0.016
Region 53,Region 21,8,0.028,2,0.012,4,0.033,1,0.012,2,0.037,0,0,1,0.021,0,0,2,0.012,3,0.008,13,0.026,26,0.056,14,0.036,19,0.05,20,0.051,24,0.059,17,0.041,22,0.046,31,0.059,22,0.046,33,0.065,14,0.03,24,0.063,18,0.057
Region 53,Region 22,3,0.011,0,0,0,0,0,0,1,0.018,1,0.023,0,0,0,0,1,0.006,0,0,3,0.006,1,0.002,1,0.003,1,0.003,2,0.005,2,0.005,2,0.005,5,0.01,3,0.006,0,0,4,0.008,2,0.004,0,0,3,0.009
Region 53,Region 23,1,0.004,0,0,1,0.008,0,0,0,0,0,0,0,0,0,0,0,0,0,0,0,0,1,0.002,0,0,2,0.005,1,0.003,2,0.005,0,0,1,0.002,2,0.004,1,0.002,1,0.002,2,0.004,6,0.016,1,0.003
Region 53,Region 24,7,0.025,4,0.023,0,0,0,0,0,0,0,0,0,0,0,0,0,0,1,0.003,11,0.022,14,0.03,13,0.033,11,0.029,8,0.02,17,0.041,8,0.019,21,0.044,27,0.051,14,0.029,15,0.03,13,0.028,13,0.034,8,0.025
Region 53,Region 25,0,0,0,0,0,0,0,0,0,0,0,0,0,0,0,0,0,0,0,0,0,0,0,0,0,0,0,0,0,0,0,0,0,0,0,0,4,0.008,1,0.002,2,0.004,1,0.002,0,0,1,0.003
Region 53,Region 26,0,0,0,0,0,0,0,0,0,0,0,0,0,0,0,0,0,0,1,0.003,2,0.004,5,0.011,0,0,1,0.003,2,0.005,4,0.01,1,0.002,1,0.002,4,0.008,5,0.01,4,0.008,1,0.002,1,0.003,2,0.006
Region 53,Region 27,1,0.004,0,0,0,0,0,0,0,0,0,0,0,0,0,0,0,0,1,0.003,0,0,0,0,2,0.005,2,0.005,1,0.003,3,0.007,0,0,0,0,2,0.004,1,0.002,2,0.004,0,0,1,0.003,0,0
Region 53,Region 28,0,0,0,0,0,0,0,0,0,0,0,0,0,0,0,0,0,0,0,0,0,0,0,0,0,0,0,0,0,0,0,0,0,0,2,0.004,1,0.002,1,0.002,2,0.004,1,0.002,0,0,0,0
Region 53,Region 29,0,0,0,0,0,0,0,0,0,0,0,0,1,0.021,0,0,3,0.018,7,0.018,10,0.02,9,0.02,7,0.018,1,0.003,3,0.008,2,0.005,0,0,2,0.004,4,0.008,1,0.002,1,0.002,0,0,1,0.003,1,0.003
Region 53,Region 30,9,0.032,3,0.018,1,0.008,1,0.012,1,0.018,1,0.023,1,0.021,0,0,2,0.012,9,0.024,21,0.043,17,0.037,11,0.028,14,0.037,17,0.044,10,0.024,12,0.029,19,0.039,29,0.055,17,0.035,23,0.046,14,0.03,28,0.074,15,0.047
Region 53,Region 31,2,0.007,1,0.006,1,0.008,1,0.012,0,0,0,0,0,0,0,0,0,0,4,0.011,8,0.016,3,0.007,6,0.015,8,0.021,3,0.008,6,0.015,6,0.014,7,0.015,9,0.017,8,0.017,8,0.016,3,0.007,6,0.016,3,0.009
Region 53,Region 32,0,0,0,0,1,0.008,0,0,0,0,0,0,0,0,0,0,0,0,0,0,0,0,0,0,0,0,0,0,0,0,0,0,0,0,0,0,0,0,1,0.002,2,0.004,1,0.002,0,0,0,0
Region 53,Region 33,1,0.004,0,0,0,0,0,0,0,0,0,0,0,0,0,0,0,0,0,0,0,0,0,0,0,0,0,0,0,0,0,0,0,0,0,0,2,0.004,0,0,3,0.006,0,0,0,0,0,0
Region 53,Region 34,0,0,0,0,0,0,0,0,0,0,0,0,0,0,0,0,0,0,0,0,0,0,0,0,0,0,0,0,0,0,0,0,0,0,0,0,0,0,0,0,0,0,0,0,0,0,0,0
Region 53,Region 35,0,0,0,0,0,0,0,0,0,0,0,0,0,0,0,0,0,0,0,0,0,0,0,0,0,0,0,0,0,0,0,0,0,0,0,0,0,0,0,0,0,0,0,0,0,0,0,0
Region 53,Region 36,0,0,1,0.006,0,0,0,0,0,0,0,0,1,0.021,0,0,0,0,1,0.003,0,0,0,0,0,0,2,0.005,3,0.008,0,0,1,0.002,2,0.004,0,0,4,0.008,1,0.002,1,0.002,2,0.005,2,0.006
Region 53,Region 37,4,0.014,4,0.023,0,0,1,0.012,0,0,0,0,0,0,0,0,0,0,1,0.003,3,0.006,2,0.004,3,0.008,4,0.011,1,0.003,1,0.002,2,0.005,6,0.012,12,0.023,5,0.01,7,0.014,4,0.009,4,0.011,3,0.009
Region 53,Region 38,2,0.007,3,0.018,2,0.016,0,0,0,0,0,0,0,0,0,0,0,0,2,0.005,9,0.018,10,0.022,11,0.028,5,0.013,6,0.015,5,0.012,4,0.01,7,0.015,13,0.025,13,0.027,5,0.01,11,0.024,6,0.016,3,0.009
Region 53,Region 39,2,0.007,1,0.006,0,0,0,0,0,0,0,0,0,0,0,0,0,0,0,0,4,0.008,3,0.007,2,0.005,3,0.008,4,0.01,2,0.005,1,0.002,4,0.008,7,0.013,4,0.008,5,0.01,4,0.009,2,0.005,2,0.006
Region 53,Region 40,0,0,0,0,0,0,0,0,0,0,0,0,0,0,0,0,0,0,0,0,0,0,0,0,0,0,0,0,0,0,0,0,0,0,0,0,0,0,0,0,0,0,0,0,0,0,0,0
Region 53,Region 41,0,0,0,0,0,0,0,0,0,0,0,0,0,0,0,0,0,0,1,0.003,1,0.002,0,0,1,0.003,0,0,0,0,0,0,0,0,0,0,0,0,0,0,0,0,0,0,0,0,0,0
Region 53,Region 42,0,0,0,0,0,0,0,0,0,0,0,0,0,0,0,0,0,0,0,0,0,0,0,0,0,0,0,0,0,0,0,0,0,0,0,0,0,0,0,0,0,0,0,0,0,0,0,0
Region 53,Region 43,2,0.007,2,0.012,1,0.008,0,0,0,0,0,0,0,0,0,0,0,0,0,0,6,0.012,5,0.011,6,0.015,6,0.016,13,0.033,12,0.029,8,0.019,11,0.023,14,0.027,12,0.025,8,0.016,4,0.009,14,0.037,7,0.022
Region 53,Region 44,0,0,0,0,0,0,0,0,0,0,0,0,0,0,0,0,0,0,0,0,0,0,0,0,0,0,0,0,0,0,0,0,0,0,0,0,0,0,0,0,0,0,0,0,0,0,0,0
Region 53,Region 45,0,0,2,0.012,0,0,0,0,0,0,0,0,0,0,0,0,0,0,0,0,0,0,0,0,1,0.003,0,0,1,0.003,0,0,0,0,0,0,1,0.002,0,0,0,0,2,0.004,2,0.005,0,0
Region 53,Region 46,1,0.004,0,0,0,0,0,0,0,0,0,0,0,0,0,0,1,0.006,2,0.005,1,0.002,1,0.002,2,0.005,0,0,2,0.005,0,0,0,0,3,0.006,3,0.006,3,0.006,2,0.004,5,0.011,1,0.003,1,0.003
Region 53,Region 47,16,0.056,12,0.07,5,0.041,4,0.05,3,0.055,0,0,1,0.021,6,0.074,9,0.054,28,0.074,51,0.103,54,0.117,41,0.106,40,0.105,34,0.087,41,0.1,46,0.111,41,0.085,68,0.13,74,0.153,84,0.166,45,0.098,33,0.087,30,0.094
Region 53,Region 48,2,0.007,3,0.018,0,0,2,0.025,0,0,0,0,0,0,0,0,0,0,1,0.003,7,0.014,5,0.011,11,0.028,7,0.018,7,0.018,4,0.01,2,0.005,5,0.01,5,0.01,4,0.008,9,0.018,8,0.017,11,0.029,4,0.013
Region 53,Region 49,1,0.004,2,0.012,0,0,0,0,0,0,0,0,0,0,1,0.012,0,0,1,0.003,5,0.01,1,0.002,4,0.01,3,0.008,0,0,1,0.002,2,0.005,2,0.004,2,0.004,4,0.008,5,0.01,5,0.011,2,0.005,0,0
Region 53,Region 50,2,0.007,0,0,0,0,0,0,0,0,0,0,0,0,0,0,0,0,0,0,2,0.004,2,0.004,1,0.003,1,0.003,1,0.003,1,0.002,2,0.005,1,0.002,7,0.013,5,0.01,3,0.006,1,0.002,1,0.003,1,0.003
Region 53,Region 51,7,0.025,0,0,0,0,0,0,0,0,0,0,1,0.021,0,0,1,0.006,6,0.016,14,0.028,11,0.024,12,0.031,10,0.026,6,0.015,12,0.029,14,0.034,36,0.075,19,0.036,15,0.031,14,0.028,9,0.02,6,0.016,6,0.019
Region 53,Region 52,1,0.004,3,0.018,1,0.008,0,0,1,0.018,0,0,0,0,2,0.025,1,0.006,0,0,2,0.004,3,0.007,1,0.003,0,0,1,0.003,2,0.005,1,0.002,2,0.004,2,0.004,1,0.002,3,0.006,3,0.007,5,0.013,0,0
Region 53,Region 53,27,0.095,12,0.07,7,0.058,4,0.05,5,0.092,2,0.045,5,0.105,1,0.012,9,0.054,41,0.108,80,0.162,89,0.193,54,0.139,41,0.108,68,0.174,63,0.154,71,0.171,97,0.201,104,0.198,69,0.143,77,0.153,71,0.154,45,0.119,33,0.104
Region 53,Region 54,0,0,0,0,0,0,1,0.012,0,0,0,0,0,0,0,0,0,0,0,0,0,0,2,0.004,1,0.003,3,0.008,1,0.003,0,0,3,0.007,4,0.008,0,0,0,0,0,0,0,0,4,0.011,0,0
Region 53,Region 55,0,0,0,0,0,0,0,0,0,0,0,0,0,0,0,0,0,0,0,0,0,0,1,0.002,1,0.003,0,0,1,0.003,0,0,1,0.002,1,0.002,0,0,0,0,1,0.002,1,0.002,0,0,0,0
Region 53,Region 56,2,0.007,0,0,0,0,0,0,0,0,0,0,0,0,0,0,0,0,0,0,0,0,1,0.002,0,0,1,0.003,0,0,0,0,1,0.002,0,0,1,0.002,3,0.006,3,0.006,2,0.004,2,0.005,0,0
Region 53,Region 57,0,0,0,0,0,0,1,0.012,0,0,0,0,0,0,0,0,0,0,0,0,0,0,0,0,0,0,0,0,0,0,0,0,1,0.002,0,0,1,0.002,0,0,1,0.002,2,0.004,0,0,0,0
Region 53,Region 58,0,0,0,0,0,0,0,0,0,0,0,0,0,0,0,0,0,0,0,0,0,0,0,0,0,0,0,0,0,0,0,0,0,0,0,0,0,0,0,0,0,0,0,0,0,0,0,0
Region 53,Region 59,0,0,0,0,0,0,0,0,0,0,0,0,0,0,0,0,0,0,0,0,0,0,0,0,0,0,0,0,0,0,0,0,0,0,0,0,0,0,0,0,0,0,0,0,0,0,0,0
Region 53,Region 60,2,0.007,0,0,0,0,0,0,1,0.018,0,0,0,0,1,0.012,0,0,3,0.008,10,0.02,4,0.009,5,0.013,1,0.003,5,0.013,1,0.002,4,0.01,1,0.002,3,0.006,1,0.002,3,0.006,1,0.002,2,0.005,2,0.006
Region 53,Region 61,3,0.011,3,0.018,1,0.008,0,0,1,0.018,0,0,0,0,0,0,0,0,2,0.005,3,0.006,8,0.017,6,0.015,1,0.003,3,0.008,3,0.007,6,0.014,5,0.01,16,0.03,8,0.017,7,0.014,10,0.022,3,0.008,2,0.006
Region 53,Region 62,2,0.007,0,0,2,0.016,0,0,0,0,0,0,0,0,0,0,0,0,5,0.013,2,0.004,3,0.007,1,0.003,7,0.018,2,0.005,0,0,0,0,6,0.012,12,0.023,5,0.01,6,0.012,5,0.011,8,0.021,2,0.006
Region 53,Region 63,0,0,0,0,0,0,0,0,0,0,0,0,0,0,0,0,0,0,0,0,0,0,0,0,0,0,0,0,0,0,0,0,0,0,0,0,0,0,0,0,0,0,0,0,0,0,0,0
Region 53,Region 64,0,0,0,0,1,0.008,0,0,0,0,0,0,0,0,0,0,0,0,6,0.016,1,0.002,4,0.009,2,0.005,2,0.005,4,0.01,3,0.007,3,0.007,1,0.002,3,0.006,1,0.002,4,0.008,2,0.004,0,0,0,0
Region 53,Region 65,0,0,0,0,0,0,0,0,0,0,0,0,0,0,0,0,0,0,0,0,1,0.002,0,0,1,0.003,0,0,0,0,1,0.002,4,0.01,1,0.002,2,0.004,2,0.004,4,0.008,1,0.002,0,0,3,0.009
Region 53,Region 66,3,0.011,1,0.006,0,0,0,0,0,0,0,0,0,0,0,0,1,0.006,0,0,1,0.002,2,0.004,2,0.005,0,0,2,0.005,2,0.005,3,0.007,5,0.01,3,0.006,1,0.002,2,0.004,0,0,2,0.005,1,0.003
Region 53,Region 67,3,0.011,2,0.012,0,0,1,0.012,1,0.018,1,0.023,0,0,0,0,2,0.012,2,0.005,6,0.012,17,0.037,5,0.013,6,0.016,3,0.008,1,0.002,5,0.012,4,0.008,9,0.017,5,0.01,8,0.016,5,0.011,4,0.011,2,0.006
Region 53,Region 68,2,0.007,0,0,0,0,0,0,0,0,0,0,0,0,1,0.012,2,0.012,3,0.008,6,0.012,4,0.009,5,0.013,4,0.011,6,0.015,4,0.01,4,0.01,9,0.019,5,0.01,8,0.017,3,0.006,4,0.009,3,0.008,2,0.006
Region 53,Region 69,4,0.014,3,0.018,5,0.041,1,0.012,1,0.018,0,0,0,0,0,0,1,0.006,6,0.016,2,0.004,10,0.022,11,0.028,11,0.029,16,0.041,6,0.015,13,0.031,23,0.048,16,0.03,12,0.025,21,0.042,10,0.022,10,0.026,9,0.028
Region 53,Region 70,2,0.007,0,0,0,0,1,0.012,0,0,1,0.023,1,0.021,0,0,2,0.012,2,0.005,3,0.006,4,0.009,7,0.018,3,0.008,1,0.003,0,0,0,0,5,0.01,3,0.006,6,0.012,2,0.004,3,0.007,3,0.008,3,0.009
Region 53,Region 71,0,0,0,0,0,0,0,0,0,0,0,0,0,0,0,0,0,0,1,0.003,2,0.004,1,0.002,0,0,1,0.003,0,0,0,0,0,0,0,0,1,0.002,2,0.004,3,0.006,0,0,1,0.003,1,0.003
Region 53,Region 72,0,0,0,0,0,0,0,0,0,0,0,0,0,0,0,0,0,0,0,0,0,0,0,0,0,0,0,0,0,0,0,0,0,0,0,0,0,0,0,0,0,0,0,0,0,0,0,0
Region 53,Region 73,0,0,0,0,0,0,0,0,0,0,0,0,0,0,0,0,0,0,0,0,0,0,0,0,0,0,0,0,0,0,0,0,0,0,0,0,0,0,0,0,0,0,0,0,0,0,0,0
Region 53,Region 74,1,0.004,0,0,1,0.008,0,0,0,0,1,0.023,0,0,0,0,0,0,0,0,0,0,0,0,1,0.003,1,0.003,1,0.003,1,0.002,0,0,0,0,1,0.002,2,0.004,0,0,0,0,1,0.003,2,0.006
Region 53,Region 75,0,0,0,0,0,0,0,0,0,0,0,0,0,0,0,0,0,0,0,0,0,0,0,0,1,0.003,0,0,0,0,0,0,0,0,0,0,0,0,1,0.002,0,0,0,0,0,0,2,0.006
Region 54,Region 0,0,0,0,0,0,0,0,0,0,0,0,0,0,0,0,0,0,0,0,0,0,0,0,0,0,0,0,0,0,0,0,0,0,0,0,0,1,0.002,0,0,0,0,1,0.002,1,0.003,0,0
Region 54,Region 1,0,0,0,0,0,0,0,0,0,0,0,0,0,0,0,0,0,0,0,0,0,0,0,0,0,0,0,0,0,0,0,0,0,0,0,0,0,0,0,0,0,0,0,0,0,0,0,0
Region 54,Region 2,1,0.004,0,0,0,0,0,0,0,0,0,0,0,0,0,0,0,0,1,0.003,5,0.01,1,0.002,1,0.003,3,0.008,1,0.003,2,0.005,1,0.002,5,0.01,2,0.004,1,0.002,0,0,1,0.002,1,0.003,1,0.003
Region 54,Region 3,0,0,2,0.012,2,0.016,1,0.012,0,0,0,0,0,0,1,0.012,0,0,5,0.013,5,0.01,1,0.002,2,0.005,0,0,4,0.01,3,0.007,3,0.007,1,0.002,1,0.002,0,0,5,0.01,3,0.007,4,0.011,2,0.006
Region 54,Region 4,0,0,1,0.006,0,0,0,0,0,0,0,0,0,0,0,0,1,0.006,0,0,1,0.002,2,0.004,0,0,0,0,0,0,0,0,0,0,1,0.002,1,0.002,0,0,0,0,0,0,0,0,0,0
Region 54,Region 5,25,0.088,14,0.082,11,0.09,8,0.099,5,0.092,6,0.136,10,0.21,15,0.185,40,0.242,77,0.203,61,0.124,64,0.139,52,0.134,45,0.119,42,0.108,39,0.095,46,0.111,51,0.106,69,0.131,57,0.118,42,0.083,50,0.108,37,0.098,37,0.116
Region 54,Region 6,0,0,0,0,0,0,0,0,0,0,0,0,0,0,0,0,0,0,0,0,0,0,0,0,0,0,0,0,0,0,0,0,0,0,0,0,0,0,0,0,0,0,0,0,0,0,0,0
Region 54,Region 7,12,0.042,8,0.047,3,0.025,3,0.037,0,0,0,0,1,0.021,6,0.074,9,0.054,8,0.021,26,0.053,11,0.024,4,0.01,8,0.021,10,0.026,6,0.015,7,0.017,13,0.027,10,0.019,12,0.025,8,0.016,8,0.017,4,0.011,3,0.009
Region 54,Region 8,0,0,0,0,0,0,0,0,0,0,0,0,0,0,0,0,0,0,0,0,0,0,0,0,0,0,0,0,0,0,0,0,0,0,0,0,0,0,0,0,0,0,0,0,0,0,0,0
Region 54,Region 9,0,0,0,0,0,0,0,0,0,0,0,0,0,0,0,0,0,0,0,0,0,0,0,0,0,0,0,0,0,0,0,0,0,0,0,0,0,0,0,0,0,0,0,0,0,0,0,0
Region 54,Region 10,0,0,0,0,0,0,0,0,0,0,0,0,0,0,0,0,0,0,1,0.003,1,0.002,0,0,1,0.003,0,0,0,0,1,0.002,0,0,0,0,1,0.002,0,0,0,0,0,0,0,0,0,0
Region 54,Region 11,0,0,0,0,0,0,0,0,0,0,0,0,0,0,0,0,0,0,0,0,0,0,0,0,0,0,0,0,0,0,0,0,0,0,0,0,0,0,0,0,0,0,0,0,0,0,0,0
Region 54,Region 12,32,0.113,22,0.129,12,0.099,8,0.099,5,0.092,8,0.181,6,0.126,9,0.111,19,0.115,65,0.172,178,0.36,65,0.141,43,0.111,50,0.132,58,0.149,42,0.102,56,0.135,65,0.135,83,0.158,59,0.122,67,0.133,61,0.132,38,0.1,41,0.129
Region 54,Region 13,0,0,0,0,0,0,0,0,0,0,0,0,1,0.021,1,0.012,0,0,0,0,0,0,0,0,2,0.005,2,0.005,0,0,1,0.002,0,0,2,0.004,3,0.006,0,0,2,0.004,0,0,0,0,1,0.003
Region 54,Region 14,46,0.162,32,0.188,27,0.222,11,0.136,16,0.295,11,0.249,24,0.503,79,0.972,112,0.678,152,0.401,137,0.277,99,0.215,80,0.206,58,0.153,45,0.115,52,0.127,47,0.113,36,0.075,51,0.097,46,0.095,33,0.065,38,0.082,52,0.137,37,0.116
Region 54,Region 15,0,0,0,0,0,0,0,0,0,0,0,0,0,0,0,0,0,0,0,0,0,0,0,0,0,0,0,0,0,0,0,0,0,0,0,0,0,0,0,0,0,0,0,0,0,0,0,0
Region 54,Region 16,0,0,0,0,0,0,0,0,0,0,0,0,0,0,0,0,0,0,0,0,0,0,0,0,0,0,0,0,0,0,0,0,0,0,0,0,0,0,0,0,0,0,0,0,0,0,0,0
Region 54,Region 17,0,0,0,0,0,0,0,0,0,0,0,0,0,0,0,0,0,0,3,0.008,0,0,0,0,0,0,0,0,0,0,0,0,2,0.005,0,0,1,0.002,0,0,0,0,1,0.002,2,0.005,0,0
Region 54,Region 18,0,0,0,0,1,0.008,0,0,0,0,0,0,0,0,0,0,1,0.006,3,0.008,2,0.004,1,0.002,0,0,3,0.008,1,0.003,0,0,0,0,3,0.006,0,0,1,0.002,1,0.002,0,0,1,0.003,0,0
Region 54,Region 19,6,0.021,2,0.012,1,0.008,0,0,1,0.018,2,0.045,1,0.021,7,0.086,4,0.024,21,0.055,36,0.073,22,0.048,14,0.036,10,0.026,9,0.023,10,0.024,13,0.031,12,0.025,20,0.038,9,0.019,12,0.024,9,0.02,10,0.026,6,0.019
Region 54,Region 20,22,0.078,14,0.082,7,0.058,5,0.062,3,0.055,2,0.045,4,0.084,16,0.197,25,0.151,30,0.079,28,0.057,16,0.035,14,0.036,22,0.058,18,0.046,21,0.051,19,0.046,20,0.042,28,0.053,15,0.031,13,0.026,18,0.039,15,0.04,21,0.066
Region 54,Region 21,1,0.004,0,0,0,0,0,0,0,0,0,0,1,0.021,2,0.025,5,0.03,3,0.008,6,0.012,4,0.009,2,0.005,1,0.003,0,0,0,0,1,0.002,1,0.002,2,0.004,2,0.004,1,0.002,0,0,0,0,0,0
Region 54,Region 22,3,0.011,2,0.012,0,0,0,0,0,0,0,0,0,0,1,0.012,3,0.018,2,0.005,5,0.01,5,0.011,6,0.015,5,0.013,6,0.015,5,0.012,6,0.014,4,0.008,11,0.021,3,0.006,7,0.014,2,0.004,2,0.005,2,0.006
Region 54,Region 23,0,0,0,0,0,0,0,0,0,0,0,0,0,0,0,0,2,0.012,0,0,0,0,0,0,1,0.003,1,0.003,2,0.005,0,0,0,0,1,0.002,1,0.002,0,0,1,0.002,2,0.004,1,0.003,0,0
Region 54,Region 24,0,0,0,0,0,0,0,0,0,0,0,0,1,0.021,0,0,1,0.006,1,0.003,1,0.002,0,0,0,0,1,0.003,0,0,0,0,1,0.002,0,0,0,0,0,0,0,0,0,0,0,0,0,0
Region 54,Region 25,0,0,0,0,0,0,0,0,0,0,0,0,0,0,1,0.012,0,0,0,0,0,0,0,0,0,0,0,0,0,0,0,0,0,0,0,0,0,0,1,0.002,2,0.004,1,0.002,0,0,0,0
Region 54,Region 26,0,0,0,0,0,0,0,0,0,0,0,0,0,0,0,0,0,0,0,0,1,0.002,2,0.004,0,0,0,0,0,0,1,0.002,1,0.002,0,0,0,0,0,0,0,0,0,0,0,0,1,0.003
Region 54,Region 27,1,0.004,0,0,0,0,0,0,0,0,0,0,0,0,0,0,0,0,2,0.005,1,0.002,0,0,0,0,0,0,0,0,0,0,0,0,0,0,0,0,0,0,0,0,1,0.002,1,0.003,0,0
Region 54,Region 28,1,0.004,0,0,0,0,0,0,0,0,0,0,0,0,0,0,0,0,0,0,0,0,1,0.002,0,0,1,0.003,1,0.003,1,0.002,0,0,1,0.002,0,0,0,0,0,0,0,0,0,0,0,0
Region 54,Region 29,3,0.011,2,0.012,4,0.033,2,0.025,1,0.018,2,0.045,1,0.021,4,0.049,14,0.085,29,0.077,34,0.069,20,0.043,16,0.041,15,0.04,20,0.051,12,0.029,10,0.024,19,0.039,15,0.029,12,0.025,13,0.026,18,0.039,15,0.04,10,0.031
Region 54,Region 30,0,0,0,0,1,0.008,0,0,0,0,0,0,0,0,1,0.012,1,0.006,4,0.011,8,0.016,2,0.004,1,0.003,2,0.005,1,0.003,0,0,2,0.005,1,0.002,1,0.002,6,0.012,2,0.004,3,0.007,0,0,2,0.006
Region 54,Region 31,2,0.007,1,0.006,1,0.008,0,0,0,0,0,0,1,0.021,0,0,2,0.012,6,0.016,11,0.022,5,0.011,3,0.008,4,0.011,2,0.005,0,0,2,0.005,3,0.006,4,0.008,5,0.01,3,0.006,4,0.009,2,0.005,3,0.009
Region 54,Region 32,0,0,0,0,0,0,0,0,0,0,0,0,0,0,2,0.025,1,0.006,0,0,1,0.002,1,0.002,0,0,0,0,0,0,0,0,0,0,0,0,0,0,0,0,1,0.002,0,0,0,0,0,0
Region 54,Region 33,0,0,0,0,0,0,0,0,0,0,0,0,0,0,0,0,0,0,0,0,0,0,0,0,0,0,0,0,0,0,0,0,0,0,0,0,0,0,1,0.002,1,0.002,1,0.002,1,0.003,0,0
Region 54,Region 34,0,0,0,0,0,0,0,0,0,0,0,0,0,0,0,0,0,0,0,0,0,0,0,0,0,0,0,0,0,0,0,0,0,0,0,0,0,0,0,0,0,0,0,0,0,0,0,0
Region 54,Region 35,0,0,0,0,0,0,0,0,0,0,0,0,0,0,0,0,0,0,0,0,0,0,0,0,0,0,0,0,0,0,0,0,0,0,0,0,0,0,0,0,0,0,0,0,0,0,0,0
Region 54,Region 36,0,0,0,0,0,0,0,0,0,0,0,0,0,0,0,0,1,0.006,1,0.003,1,0.002,0,0,0,0,0,0,1,0.003,0,0,0,0,0,0,0,0,0,0,0,0,0,0,0,0,0,0
Region 54,Region 37,0,0,0,0,0,0,0,0,0,0,0,0,0,0,0,0,0,0,0,0,1,0.002,1,0.002,1,0.003,0,0,1,0.003,3,0.007,1,0.002,0,0,0,0,1,0.002,1,0.002,0,0,2,0.005,2,0.006
Region 54,Region 38,2,0.007,0,0,0,0,0,0,0,0,0,0,0,0,0,0,2,0.012,6,0.016,5,0.01,4,0.009,1,0.003,0,0,3,0.008,4,0.01,2,0.005,4,0.008,2,0.004,1,0.002,1,0.002,1,0.002,3,0.008,1,0.003
Region 54,Region 39,0,0,0,0,0,0,0,0,0,0,0,0,0,0,3,0.037,1,0.006,0,0,1,0.002,1,0.002,0,0,0,0,0,0,0,0,0,0,1,0.002,0,0,0,0,0,0,0,0,0,0,0,0
Region 54,Region 40,0,0,0,0,0,0,0,0,0,0,0,0,0,0,0,0,0,0,0,0,0,0,0,0,0,0,0,0,0,0,0,0,0,0,0,0,0,0,0,0,0,0,0,0,0,0,0,0
Region 54,Region 41,0,0,0,0,0,0,0,0,0,0,0,0,0,0,0,0,0,0,1,0.003,1,0.002,0,0,0,0,0,0,0,0,0,0,0,0,0,0,0,0,0,0,0,0,0,0,0,0,0,0
Region 54,Region 42,0,0,0,0,0,0,0,0,0,0,0,0,0,0,0,0,0,0,0,0,0,0,0,0,0,0,0,0,0,0,0,0,0,0,0,0,0,0,0,0,0,0,0,0,0,0,0,0
Region 54,Region 43,0,0,0,0,0,0,0,0,0,0,0,0,2,0.042,0,0,0,0,1,0.003,3,0.006,2,0.004,0,0,1,0.003,0,0,0,0,0,0,2,0.004,1,0.002,1,0.002,0,0,0,0,1,0.003,0,0
Region 54,Region 44,0,0,0,0,0,0,0,0,0,0,0,0,0,0,0,0,0,0,0,0,0,0,0,0,0,0,0,0,0,0,0,0,0,0,0,0,0,0,0,0,0,0,0,0,0,0,0,0
Region 54,Region 45,2,0.007,1,0.006,1,0.008,0,0,0,0,0,0,0,0,0,0,1,0.006,0,0,1,0.002,4,0.009,0,0,2,0.005,3,0.008,0,0,1,0.002,2,0.004,8,0.015,6,0.012,5,0.01,3,0.007,4,0.011,1,0.003
Region 54,Region 46,0,0,0,0,0,0,0,0,0,0,0,0,0,0,0,0,1,0.006,3,0.008,2,0.004,2,0.004,2,0.005,1,0.003,2,0.005,0,0,0,0,2,0.004,1,0.002,1,0.002,1,0.002,1,0.002,2,0.005,0,0
Region 54,Region 47,2,0.007,0,0,0,0,0,0,1,0.018,0,0,2,0.042,1,0.012,5,0.03,12,0.032,9,0.018,5,0.011,4,0.01,1,0.003,4,0.01,3,0.007,1,0.002,2,0.004,4,0.008,3,0.006,2,0.004,1,0.002,2,0.005,0,0
Region 54,Region 48,1,0.004,0,0,0,0,0,0,0,0,0,0,0,0,3,0.037,2,0.012,11,0.029,11,0.022,9,0.02,3,0.008,7,0.018,2,0.005,4,0.01,4,0.01,1,0.002,4,0.008,1,0.002,3,0.006,3,0.007,0,0,0,0
Region 54,Region 49,3,0.011,1,0.006,0,0,0,0,0,0,0,0,2,0.042,1,0.012,1,0.006,0,0,0,0,0,0,0,0,3,0.008,3,0.008,3,0.007,2,0.005,1,0.002,0,0,3,0.006,4,0.008,2,0.004,1,0.003,3,0.009
Region 54,Region 50,1,0.004,1,0.006,0,0,0,0,0,0,2,0.045,0,0,2,0.025,3,0.018,5,0.013,2,0.004,3,0.007,2,0.005,1,0.003,0,0,1,0.002,2,0.005,0,0,1,0.002,2,0.004,0,0,2,0.004,0,0,1,0.003
Region 54,Region 51,1,0.004,2,0.012,0,0,2,0.025,0,0,0,0,0,0,0,0,1,0.006,2,0.005,3,0.006,0,0,1,0.003,0,0,2,0.005,2,0.005,1,0.002,2,0.004,3,0.006,1,0.002,1,0.002,5,0.011,3,0.008,0,0
Region 54,Region 52,0,0,2,0.012,1,0.008,0,0,0,0,0,0,0,0,1,0.012,0,0,1,0.003,5,0.01,2,0.004,2,0.005,0,0,1,0.003,1,0.002,0,0,1,0.002,1,0.002,2,0.004,0,0,0,0,2,0.005,2,0.006
Region 54,Region 53,0,0,0,0,0,0,0,0,0,0,0,0,0,0,2,0.025,0,0,3,0.008,3,0.006,2,0.004,0,0,1,0.003,1,0.003,0,0,1,0.002,0,0,1,0.002,1,0.002,1,0.002,1,0.002,1,0.003,1,0.003
Region 54,Region 54,433,1.527,251,1.472,133,1.094,88,1.091,72,1.328,53,1.199,65,1.362,107,1.316,198,1.198,712,1.88,779,1.577,601,1.305,436,1.123,451,1.19,488,1.25,483,1.178,646,1.56,882,1.832,868,1.654,672,1.391,755,1.496,791,1.714,597,1.573,531,1.67
Region 54,Region 55,1,0.004,0,0,0,0,0,0,0,0,0,0,0,0,0,0,0,0,0,0,0,0,0,0,0,0,0,0,0,0,0,0,0,0,0,0,0,0,0,0,0,0,0,0,0,0,0,0
Region 54,Region 56,0,0,0,0,0,0,0,0,0,0,0,0,0,0,0,0,0,0,0,0,0,0,0,0,0,0,0,0,0,0,0,0,0,0,1,0.002,0,0,0,0,0,0,0,0,0,0,0,0
Region 54,Region 57,0,0,0,0,0,0,0,0,0,0,0,0,0,0,0,0,0,0,1,0.003,0,0,0,0,0,0,0,0,0,0,0,0,0,0,0,0,0,0,0,0,0,0,0,0,1,0.003,0,0
Region 54,Region 58,0,0,0,0,0,0,0,0,0,0,0,0,0,0,0,0,1,0.006,0,0,0,0,0,0,0,0,0,0,0,0,0,0,0,0,0,0,0,0,0,0,0,0,0,0,0,0,0,0
Region 54,Region 59,0,0,0,0,0,0,0,0,0,0,0,0,0,0,0,0,0,0,0,0,0,0,0,0,0,0,0,0,0,0,0,0,0,0,0,0,0,0,0,0,0,0,0,0,0,0,0,0
Region 54,Region 60,2,0.007,0,0,0,0,0,0,2,0.037,0,0,0,0,4,0.049,3,0.018,14,0.037,22,0.045,16,0.035,9,0.023,11,0.029,4,0.01,8,0.02,4,0.01,5,0.01,6,0.011,4,0.008,5,0.01,3,0.007,3,0.008,1,0.003
Region 54,Region 61,1,0.004,0,0,0,0,0,0,0,0,0,0,0,0,0,0,2,0.012,1,0.003,1,0.002,0,0,0,0,0,0,0,0,0,0,0,0,0,0,0,0,0,0,0,0,0,0,0,0,0,0
Region 54,Region 62,1,0.004,1,0.006,0,0,0,0,0,0,0,0,0,0,0,0,2,0.012,1,0.003,0,0,1,0.002,0,0,0,0,1,0.003,0,0,4,0.01,1,0.002,5,0.01,1,0.002,2,0.004,1,0.002,0,0,1,0.003
Region 54,Region 63,0,0,0,0,0,0,0,0,0,0,0,0,0,0,0,0,0,0,0,0,0,0,0,0,0,0,0,0,0,0,0,0,0,0,0,0,0,0,0,0,0,0,0,0,0,0,0,0
Region 54,Region 64,2,0.007,0,0,0,0,0,0,0,0,0,0,1,0.021,0,0,6,0.036,10,0.026,13,0.026,6,0.013,3,0.008,0,0,3,0.008,8,0.02,3,0.007,6,0.012,7,0.013,6,0.012,5,0.01,6,0.013,5,0.013,5,0.016
Region 54,Region 65,0,0,0,0,1,0.008,0,0,0,0,0,0,0,0,0,0,0,0,0,0,0,0,0,0,0,0,1,0.003,0,0,0,0,0,0,0,0,1,0.002,0,0,0,0,0,0,0,0,3,0.009
Region 54,Region 66,1,0.004,0,0,0,0,0,0,1,0.018,0,0,1,0.021,0,0,3,0.018,3,0.008,2,0.004,1,0.002,0,0,1,0.003,1,0.003,2,0.005,0,0,2,0.004,0,0,1,0.002,0,0,0,0,0,0,1,0.003
Region 54,Region 67,1,0.004,0,0,1,0.008,1,0.012,0,0,0,0,2,0.042,3,0.037,6,0.036,6,0.016,13,0.026,4,0.009,6,0.015,2,0.005,4,0.01,4,0.01,2,0.005,2,0.004,3,0.006,2,0.004,4,0.008,0,0,3,0.008,1,0.003
Region 54,Region 68,0,0,0,0,0,0,1,0.012,0,0,0,0,1,0.021,2,0.025,2,0.012,8,0.021,3,0.006,6,0.013,4,0.01,2,0.005,2,0.005,2,0.005,0,0,6,0.012,6,0.011,2,0.004,2,0.004,1,0.002,0,0,1,0.003
Region 54,Region 69,1,0.004,1,0.006,0,0,0,0,1,0.018,0,0,0,0,0,0,1,0.006,5,0.013,7,0.014,9,0.02,3,0.008,1,0.003,4,0.01,4,0.01,4,0.01,4,0.008,6,0.011,3,0.006,1,0.002,3,0.007,5,0.013,3,0.009
Region 54,Region 70,3,0.011,2,0.012,3,0.025,0,0,0,0,1,0.023,0,0,3,0.037,3,0.018,13,0.034,14,0.028,11,0.024,3,0.008,3,0.008,4,0.01,3,0.007,1,0.002,10,0.021,7,0.013,6,0.012,5,0.01,5,0.011,5,0.013,4,0.013
Region 54,Region 71,2,0.007,0,0,0,0,0,0,0,0,0,0,0,0,0,0,0,0,1,0.003,0,0,2,0.004,0,0,0,0,0,0,0,0,0,0,3,0.006,1,0.002,0,0,0,0,1,0.002,0,0,2,0.006
Region 54,Region 72,0,0,0,0,0,0,0,0,0,0,0,0,0,0,0,0,0,0,0,0,0,0,0,0,0,0,0,0,0,0,0,0,0,0,0,0,0,0,0,0,0,0,0,0,0,0,0,0
Region 54,Region 73,0,0,0,0,0,0,0,0,0,0,0,0,0,0,0,0,0,0,0,0,0,0,0,0,0,0,0,0,0,0,0,0,0,0,0,0,0,0,0,0,0,0,0,0,0,0,0,0
Region 54,Region 74,195,0.688,116,0.68,80,0.658,60,0.744,28,0.516,55,1.244,66,1.383,92,1.132,204,1.235,352,0.93,402,0.814,333,0.723,284,0.732,253,0.667,239,0.612,275,0.671,254,0.613,303,0.629,378,0.72,355,0.735,363,0.719,299,0.648,255,0.672,185,0.582
Region 54,Region 75,0,0,0,0,0,0,0,0,0,0,0,0,0,0,1,0.012,0,0,0,0,0,0,0,0,0,0,0,0,0,0,0,0,0,0,0,0,1,0.002,0,0,1,0.002,0,0,0,0,0,0
Region 55,Region 0,0,0,0,0,0,0,0,0,0,0,0,0,0,0,0,0,0,0,0,0,0,0,0,0,0,0,0,0,0,0,0,0,0,0,0,0,0,0,0,0,0,0,2,0.004,0,0,0,0
Region 55,Region 1,0,0,0,0,0,0,0,0,0,0,0,0,0,0,0,0,0,0,0,0,0,0,0,0,0,0,0,0,0,0,0,0,0,0,0,0,0,0,0,0,0,0,0,0,0,0,0,0
Region 55,Region 2,0,0,0,0,0,0,0,0,0,0,0,0,0,0,1,0.012,0,0,2,0.005,2,0.004,0,0,1,0.003,0,0,0,0,0,0,0,0,0,0,0,0,0,0,0,0,0,0,0,0,0,0
Region 55,Region 3,0,0,0,0,0,0,0,0,0,0,0,0,0,0,0,0,0,0,0,0,0,0,0,0,0,0,0,0,0,0,0,0,0,0,0,0,1,0.002,2,0.004,0,0,0,0,0,0,0,0
Region 55,Region 4,2,0.007,0,0,1,0.008,0,0,1,0.018,0,0,0,0,1,0.012,1,0.006,1,0.003,1,0.002,6,0.013,4,0.01,2,0.005,6,0.015,4,0.01,9,0.022,1,0.002,6,0.011,6,0.012,4,0.008,2,0.004,7,0.018,5,0.016
Region 55,Region 5,0,0,0,0,0,0,1,0.012,0,0,0,0,0,0,0,0,0,0,0,0,0,0,0,0,0,0,0,0,0,0,0,0,0,0,0,0,0,0,0,0,0,0,0,0,0,0,0,0
Region 55,Region 6,0,0,0,0,0,0,0,0,0,0,0,0,0,0,0,0,0,0,0,0,0,0,0,0,0,0,0,0,0,0,0,0,0,0,0,0,0,0,0,0,0,0,0,0,0,0,0,0
Region 55,Region 7,0,0,0,0,0,0,0,0,0,0,0,0,0,0,0,0,0,0,2,0.005,1,0.002,0,0,1,0.003,0,0,1,0.003,0,0,0,0,0,0,0,0,0,0,0,0,0,0,0,0,0,0
Region 55,Region 8,0,0,0,0,0,0,0,0,0,0,0,0,0,0,0,0,0,0,0,0,0,0,0,0,0,0,0,0,0,0,0,0,0,0,0,0,0,0,0,0,0,0,0,0,0,0,0,0
Region 55,Region 9,0,0,0,0,0,0,0,0,0,0,0,0,0,0,0,0,0,0,0,0,0,0,0,0,0,0,0,0,0,0,0,0,0,0,0,0,0,0,0,0,0,0,0,0,0,0,0,0
Region 55,Region 10,0,0,0,0,0,0,0,0,0,0,0,0,0,0,0,0,0,0,1,0.003,1,0.002,0,0,1,0.003,1,0.003,0,0,0,0,0,0,0,0,0,0,0,0,0,0,0,0,0,0,0,0
Region 55,Region 11,0,0,0,0,0,0,0,0,0,0,0,0,0,0,0,0,0,0,0,0,0,0,0,0,0,0,0,0,0,0,0,0,0,0,0,0,0,0,0,0,0,0,0,0,0,0,0,0
Region 55,Region 12,0,0,0,0,0,0,0,0,0,0,0,0,1,0.021,2,0.025,4,0.024,4,0.011,2,0.004,2,0.004,2,0.005,2,0.005,0,0,1,0.002,2,0.005,1,0.002,1,0.002,1,0.002,4,0.008,0,0,0,0,0,0
Region 55,Region 13,0,0,0,0,0,0,0,0,0,0,0,0,0,0,0,0,1,0.006,0,0,2,0.004,1,0.002,2,0.005,2,0.005,0,0,1,0.002,0,0,1,0.002,2,0.004,1,0.002,2,0.004,3,0.007,4,0.011,0,0
Region 55,Region 14,0,0,0,0,5,0.041,0,0,0,0,2,0.045,0,0,5,0.062,0,0,9,0.024,5,0.01,9,0.02,2,0.005,4,0.011,1,0.003,3,0.007,2,0.005,2,0.004,2,0.004,0,0,0,0,2,0.004,4,0.011,3,0.009
Region 55,Region 15,0,0,0,0,0,0,0,0,0,0,0,0,0,0,0,0,0,0,0,0,0,0,0,0,0,0,0,0,0,0,0,0,0,0,0,0,0,0,0,0,0,0,0,0,0,0,0,0
Region 55,Region 16,0,0,0,0,0,0,0,0,0,0,0,0,0,0,0,0,0,0,0,0,0,0,0,0,0,0,0,0,0,0,0,0,0,0,0,0,0,0,0,0,0,0,0,0,0,0,0,0
Region 55,Region 17,1,0.004,0,0,0,0,0,0,0,0,0,0,0,0,1,0.012,2,0.012,3,0.008,0,0,0,0,4,0.01,1,0.003,0,0,0,0,2,0.005,0,0,6,0.011,0,0,2,0.004,4,0.009,5,0.013,2,0.006
Region 55,Region 18,0,0,0,0,0,0,0,0,0,0,0,0,0,0,0,0,0,0,0,0,0,0,2,0.004,0,0,0,0,1,0.003,1,0.002,0,0,1,0.002,1,0.002,0,0,1,0.002,0,0,1,0.003,0,0
Region 55,Region 19,0,0,0,0,0,0,0,0,0,0,0,0,0,0,1,0.012,0,0,1,0.003,0,0,0,0,1,0.003,0,0,0,0,0,0,0,0,0,0,0,0,0,0,0,0,0,0,0,0,1,0.003
Region 55,Region 20,0,0,0,0,0,0,0,0,0,0,0,0,0,0,1,0.012,1,0.006,0,0,0,0,0,0,0,0,0,0,0,0,0,0,0,0,0,0,0,0,0,0,1,0.002,0,0,0,0,0,0
Region 55,Region 21,0,0,0,0,0,0,0,0,0,0,0,0,0,0,0,0,0,0,0,0,1,0.002,0,0,0,0,0,0,0,0,0,0,0,0,0,0,0,0,0,0,0,0,0,0,0,0,0,0
Region 55,Region 22,0,0,0,0,0,0,0,0,0,0,0,0,0,0,0,0,0,0,1,0.003,1,0.002,0,0,0,0,0,0,0,0,0,0,2,0.005,0,0,0,0,1,0.002,0,0,1,0.002,0,0,0,0
Region 55,Region 23,2,0.007,0,0,0,0,0,0,0,0,0,0,0,0,0,0,1,0.006,1,0.003,0,0,0,0,0,0,1,0.003,0,0,0,0,4,0.01,0,0,1,0.002,1,0.002,2,0.004,1,0.002,2,0.005,1,0.003
Region 55,Region 24,0,0,0,0,0,0,0,0,0,0,0,0,0,0,0,0,0,0,0,0,0,0,0,0,0,0,0,0,0,0,0,0,0,0,0,0,0,0,0,0,0,0,0,0,0,0,0,0
Region 55,Region 25,0,0,0,0,0,0,0,0,0,0,0,0,0,0,0,0,0,0,3,0.008,0,0,0,0,0,0,2,0.005,0,0,1,0.002,0,0,1,0.002,0,0,2,0.004,0,0,1,0.002,0,0,0,0
Region 55,Region 26,0,0,0,0,0,0,0,0,0,0,0,0,0,0,0,0,0,0,0,0,0,0,0,0,1,0.003,0,0,0,0,0,0,0,0,0,0,0,0,0,0,0,0,0,0,0,0,0,0
Region 55,Region 27,0,0,0,0,0,0,0,0,0,0,0,0,0,0,0,0,0,0,0,0,0,0,0,0,0,0,0,0,0,0,0,0,0,0,0,0,0,0,0,0,0,0,0,0,0,0,0,0
Region 55,Region 28,0,0,0,0,0,0,0,0,0,0,0,0,0,0,0,0,0,0,0,0,0,0,0,0,0,0,0,0,1,0.003,0,0,0,0,0,0,1,0.002,0,0,0,0,1,0.002,0,0,0,0
Region 55,Region 29,0,0,0,0,0,0,0,0,0,0,0,0,0,0,1,0.012,3,0.018,4,0.011,2,0.004,1,0.002,2,0.005,0,0,1,0.003,0,0,0,0,0,0,0,0,0,0,0,0,1,0.002,0,0,0,0
Region 55,Region 30,0,0,0,0,0,0,0,0,0,0,0,0,0,0,0,0,0,0,0,0,0,0,0,0,0,0,1,0.003,0,0,0,0,0,0,0,0,0,0,0,0,0,0,0,0,0,0,0,0
Region 55,Region 31,0,0,0,0,0,0,0,0,0,0,0,0,0,0,0,0,0,0,0,0,2,0.004,0,0,1,0.003,1,0.003,0,0,0,0,0,0,1,0.002,0,0,1,0.002,3,0.006,0,0,0,0,0,0
Region 55,Region 32,1,0.004,0,0,0,0,0,0,0,0,0,0,0,0,0,0,0,0,0,0,1,0.002,0,0,1,0.003,1,0.003,1,0.003,0,0,2,0.005,0,0,0,0,1,0.002,1,0.002,0,0,2,0.005,0,0
Region 55,Region 33,0,0,0,0,0,0,0,0,1,0.018,0,0,0,0,0,0,0,0,21,0.055,6,0.012,2,0.004,1,0.003,1,0.003,1,0.003,0,0,3,0.007,2,0.004,6,0.011,3,0.006,3,0.006,5,0.011,3,0.008,0,0
Region 55,Region 34,0,0,0,0,0,0,0,0,0,0,0,0,0,0,0,0,0,0,0,0,0,0,0,0,0,0,0,0,0,0,0,0,0,0,0,0,0,0,0,0,0,0,0,0,0,0,0,0
Region 55,Region 35,0,0,0,0,0,0,0,0,0,0,0,0,0,0,0,0,0,0,0,0,0,0,0,0,0,0,0,0,0,0,0,0,0,0,0,0,0,0,0,0,0,0,0,0,0,0,0,0
Region 55,Region 36,0,0,0,0,0,0,0,0,0,0,0,0,0,0,0,0,1,0.006,0,0,0,0,1,0.002,0,0,1,0.003,0,0,1,0.002,0,0,1,0.002,2,0.004,0,0,1,0.002,2,0.004,1,0.003,0,0
Region 55,Region 37,0,0,0,0,0,0,0,0,0,0,0,0,0,0,0,0,0,0,0,0,0,0,0,0,0,0,1,0.003,0,0,0,0,0,0,0,0,1,0.002,1,0.002,1,0.002,0,0,0,0,1,0.003
Region 55,Region 38,0,0,0,0,0,0,0,0,0,0,0,0,0,0,0,0,0,0,0,0,1,0.002,1,0.002,0,0,1,0.003,0,0,0,0,0,0,0,0,1,0.002,1,0.002,0,0,0,0,0,0,0,0
Region 55,Region 39,0,0,0,0,0,0,0,0,0,0,0,0,0,0,0,0,0,0,0,0,0,0,0,0,0,0,0,0,0,0,0,0,0,0,0,0,0,0,0,0,0,0,0,0,0,0,0,0
Region 55,Region 40,0,0,0,0,0,0,0,0,0,0,0,0,0,0,0,0,0,0,0,0,0,0,0,0,0,0,0,0,0,0,0,0,0,0,0,0,0,0,0,0,0,0,0,0,0,0,0,0
Region 55,Region 41,0,0,0,0,0,0,0,0,0,0,0,0,0,0,1,0.012,1,0.006,1,0.003,2,0.004,0,0,0,0,0,0,0,0,0,0,0,0,0,0,0,0,0,0,0,0,0,0,0,0,0,0
Region 55,Region 42,0,0,0,0,0,0,0,0,0,0,0,0,0,0,0,0,0,0,0,0,0,0,0,0,0,0,0,0,0,0,0,0,0,0,0,0,0,0,0,0,0,0,0,0,0,0,0,0
Region 55,Region 43,0,0,0,0,0,0,0,0,0,0,0,0,0,0,0,0,0,0,0,0,1,0.002,0,0,0,0,0,0,0,0,0,0,0,0,3,0.006,1,0.002,0,0,0,0,0,0,0,0,0,0
Region 55,Region 44,0,0,0,0,0,0,0,0,0,0,0,0,0,0,0,0,0,0,0,0,0,0,0,0,0,0,0,0,0,0,0,0,0,0,0,0,0,0,0,0,0,0,0,0,0,0,0,0
Region 55,Region 45,0,0,0,0,0,0,0,0,0,0,0,0,0,0,0,0,0,0,0,0,0,0,0,0,0,0,0,0,0,0,0,0,0,0,0,0,1,0.002,2,0.004,3,0.006,0,0,0,0,0,0
Region 55,Region 46,3,0.011,0,0,0,0,0,0,0,0,0,0,1,0.021,0,0,0,0,10,0.026,8,0.016,3,0.007,3,0.008,3,0.008,2,0.005,5,0.012,4,0.01,5,0.01,8,0.015,4,0.008,3,0.006,4,0.009,9,0.024,0,0
Region 55,Region 47,0,0,0,0,0,0,1,0.012,0,0,0,0,1,0.021,5,0.062,2,0.012,10,0.026,22,0.045,11,0.024,4,0.01,3,0.008,2,0.005,1,0.002,6,0.014,3,0.006,3,0.006,4,0.008,5,0.01,3,0.007,1,0.003,0,0
Region 55,Region 48,0,0,0,0,0,0,0,0,0,0,0,0,1,0.021,1,0.012,0,0,0,0,6,0.012,1,0.002,2,0.005,0,0,0,0,0,0,1,0.002,0,0,0,0,0,0,1,0.002,0,0,0,0,0,0
Region 55,Region 49,0,0,0,0,0,0,0,0,0,0,0,0,0,0,0,0,0,0,0,0,0,0,0,0,0,0,0,0,0,0,2,0.005,0,0,0,0,0,0,0,0,0,0,0,0,0,0,0,0
Region 55,Region 50,0,0,1,0.006,0,0,0,0,1,0.018,0,0,0,0,0,0,1,0.006,3,0.008,6,0.012,6,0.013,2,0.005,1,0.003,0,0,2,0.005,2,0.005,1,0.002,2,0.004,2,0.004,2,0.004,0,0,1,0.003,1,0.003
Region 55,Region 51,1,0.004,0,0,0,0,0,0,0,0,0,0,0,0,0,0,0,0,0,0,2,0.004,1,0.002,0,0,0,0,1,0.003,0,0,0,0,0,0,0,0,1,0.002,0,0,0,0,0,0,0,0
Region 55,Region 52,0,0,1,0.006,0,0,0,0,0,0,0,0,0,0,0,0,1,0.006,1,0.003,1,0.002,1,0.002,0,0,0,0,2,0.005,0,0,1,0.002,0,0,1,0.002,0,0,1,0.002,1,0.002,2,0.005,1,0.003
Region 55,Region 53,0,0,0,0,0,0,0,0,0,0,0,0,0,0,0,0,0,0,0,0,0,0,1,0.002,0,0,0,0,0,0,0,0,0,0,1,0.002,0,0,0,0,0,0,0,0,0,0,0,0
Region 55,Region 54,0,0,0,0,0,0,0,0,0,0,0,0,0,0,0,0,0,0,2,0.005,0,0,0,0,1,0.003,0,0,0,0,0,0,0,0,0,0,0,0,0,0,0,0,0,0,0,0,0,0
Region 55,Region 55,2,0.007,2,0.012,3,0.025,0,0,0,0,1,0.023,0,0,0,0,2,0.012,12,0.032,13,0.026,13,0.028,9,0.023,4,0.011,10,0.026,7,0.017,10,0.024,17,0.035,23,0.044,16,0.033,10,0.02,10,0.022,16,0.042,5,0.016
Region 55,Region 56,0,0,0,0,0,0,0,0,0,0,0,0,0,0,0,0,0,0,0,0,0,0,1,0.002,1,0.003,0,0,0,0,0,0,0,0,0,0,0,0,1,0.002,1,0.002,0,0,0,0,0,0
Region 55,Region 57,0,0,0,0,0,0,0,0,0,0,0,0,0,0,0,0,0,0,2,0.005,0,0,1,0.002,0,0,0,0,0,0,0,0,0,0,0,0,1,0.002,1,0.002,1,0.002,0,0,3,0.008,0,0
Region 55,Region 58,0,0,0,0,0,0,0,0,0,0,0,0,0,0,0,0,1,0.006,0,0,0,0,0,0,0,0,0,0,0,0,0,0,0,0,0,0,0,0,0,0,0,0,0,0,0,0,0,0
Region 55,Region 59,0,0,0,0,0,0,0,0,0,0,0,0,0,0,0,0,0,0,0,0,0,0,0,0,0,0,0,0,0,0,0,0,1,0.002,0,0,0,0,0,0,0,0,0,0,1,0.003,0,0
Region 55,Region 60,0,0,0,0,0,0,0,0,0,0,0,0,0,0,2,0.025,1,0.006,3,0.008,1,0.002,0,0,1,0.003,0,0,1,0.003,0,0,1,0.002,0,0,1,0.002,0,0,0,0,0,0,0,0,0,0
Region 55,Region 61,0,0,0,0,0,0,0,0,0,0,0,0,0,0,0,0,0,0,0,0,0,0,0,0,0,0,0,0,0,0,0,0,0,0,0,0,0,0,0,0,0,0,0,0,0,0,1,0.003
Region 55,Region 62,0,0,2,0.012,0,0,0,0,1,0.018,0,0,1,0.021,0,0,3,0.018,5,0.013,8,0.016,11,0.024,5,0.013,1,0.003,0,0,3,0.007,1,0.002,1,0.002,5,0.01,7,0.014,3,0.006,2,0.004,8,0.021,4,0.013
Region 55,Region 63,0,0,0,0,0,0,0,0,0,0,0,0,0,0,0,0,0,0,0,0,0,0,0,0,0,0,0,0,0,0,0,0,0,0,0,0,1,0.002,1,0.002,0,0,0,0,0,0,0,0
Region 55,Region 64,0,0,0,0,0,0,0,0,0,0,0,0,0,0,0,0,0,0,1,0.003,2,0.004,1,0.002,0,0,0,0,0,0,0,0,0,0,0,0,0,0,0,0,0,0,0,0,0,0,0,0
Region 55,Region 65,0,0,0,0,0,0,0,0,0,0,0,0,0,0,0,0,0,0,0,0,1,0.002,0,0,1,0.003,0,0,1,0.003,0,0,0,0,0,0,1,0.002,0,0,1,0.002,0,0,0,0,2,0.006
Region 55,Region 66,0,0,0,0,0,0,0,0,1,0.018,1,0.023,0,0,1,0.012,1,0.006,1,0.003,6,0.012,4,0.009,2,0.005,4,0.011,2,0.005,4,0.01,4,0.01,3,0.006,8,0.015,4,0.008,2,0.004,3,0.007,7,0.018,3,0.009
Region 55,Region 67,0,0,1,0.006,0,0,0,0,0,0,0,0,0,0,0,0,2,0.012,1,0.003,0,0,0,0,1,0.003,0,0,0,0,0,0,0,0,1,0.002,0,0,0,0,1,0.002,0,0,2,0.005,0,0
Region 55,Region 68,0,0,0,0,0,0,0,0,0,0,0,0,0,0,0,0,1,0.006,1,0.003,2,0.004,0,0,2,0.005,0,0,1,0.003,1,0.002,0,0,1,0.002,1,0.002,0,0,0,0,0,0,2,0.005,0,0
Region 55,Region 69,1,0.004,0,0,0,0,0,0,0,0,0,0,0,0,0,0,0,0,0,0,2,0.004,2,0.004,0,0,1,0.003,0,0,0,0,1,0.002,2,0.004,1,0.002,0,0,2,0.004,1,0.002,0,0,1,0.003
Region 55,Region 70,0,0,0,0,0,0,0,0,0,0,0,0,0,0,0,0,0,0,2,0.005,1,0.002,0,0,0,0,0,0,0,0,1,0.002,1,0.002,0,0,1,0.002,4,0.008,0,0,1,0.002,0,0,0,0
Region 55,Region 71,1,0.004,0,0,1,0.008,1,0.012,1,0.018,0,0,1,0.021,0,0,10,0.061,30,0.079,28,0.057,14,0.03,12,0.031,6,0.016,4,0.01,14,0.034,12,0.029,11,0.023,26,0.05,12,0.025,16,0.032,17,0.037,16,0.042,2,0.006
Region 55,Region 72,0,0,0,0,0,0,0,0,0,0,0,0,0,0,0,0,0,0,0,0,0,0,0,0,0,0,0,0,0,0,0,0,0,0,0,0,0,0,0,0,0,0,0,0,0,0,0,0
Region 55,Region 73,0,0,0,0,0,0,0,0,0,0,0,0,0,0,0,0,0,0,0,0,0,0,0,0,0,0,0,0,1,0.003,0,0,0,0,0,0,0,0,0,0,0,0,0,0,0,0,0,0
Region 55,Region 74,0,0,0,0,0,0,1,0.012,0,0,0,0,0,0,0,0,1,0.006,1,0.003,1,0.002,0,0,1,0.003,0,0,0,0,0,0,0,0,0,0,0,0,0,0,0,0,0,0,0,0,0,0
Region 55,Region 75,0,0,1,0.006,0,0,0,0,0,0,0,0,0,0,0,0,0,0,0,0,0,0,0,0,0,0,1,0.003,2,0.005,0,0,2,0.005,1,0.002,3,0.006,0,0,0,0,3,0.007,0,0,0,0
Region 56,Region 0,5,0.018,0,0,1,0.008,0,0,3,0.055,0,0,0,0,0,0,2,0.012,1,0.003,8,0.016,5,0.011,2,0.005,3,0.008,6,0.015,3,0.007,3,0.007,19,0.039,8,0.015,8,0.017,2,0.004,12,0.026,3,0.008,7,0.022
Region 56,Region 1,0,0,0,0,0,0,0,0,0,0,0,0,0,0,0,0,0,0,0,0,0,0,0,0,0,0,0,0,0,0,0,0,0,0,0,0,0,0,0,0,0,0,0,0,0,0,0,0
Region 56,Region 2,0,0,1,0.006,0,0,0,0,0,0,0,0,0,0,0,0,1,0.006,1,0.003,1,0.002,0,0,1,0.003,0,0,0,0,1,0.002,0,0,0,0,1,0.002,0,0,1,0.002,1,0.002,0,0,0,0
Region 56,Region 3,0,0,0,0,0,0,0,0,0,0,0,0,0,0,0,0,0,0,0,0,1,0.002,1,0.002,1,0.003,0,0,0,0,0,0,1,0.002,0,0,1,0.002,0,0,0,0,0,0,0,0,0,0
Region 56,Region 4,4,0.014,1,0.006,1,0.008,0,0,0,0,0,0,0,0,0,0,0,0,0,0,0,0,0,0,1,0.003,0,0,0,0,0,0,0,0,3,0.006,0,0,1,0.002,1,0.002,1,0.002,2,0.005,4,0.013
Region 56,Region 5,0,0,0,0,0,0,0,0,0,0,0,0,0,0,0,0,1,0.006,1,0.003,0,0,0,0,0,0,0,0,2,0.005,0,0,1,0.002,0,0,1,0.002,0,0,0,0,0,0,0,0,0,0
Region 56,Region 6,0,0,0,0,0,0,0,0,0,0,0,0,0,0,0,0,0,0,0,0,0,0,0,0,0,0,0,0,0,0,0,0,0,0,0,0,0,0,0,0,0,0,0,0,0,0,0,0
Region 56,Region 7,0,0,1,0.006,0,0,0,0,0,0,0,0,0,0,1,0.012,0,0,4,0.011,2,0.004,4,0.009,0,0,1,0.003,1,0.003,1,0.002,0,0,0,0,1,0.002,0,0,0,0,0,0,0,0,0,0
Region 56,Region 8,0,0,0,0,0,0,0,0,0,0,0,0,0,0,0,0,0,0,0,0,0,0,0,0,0,0,0,0,0,0,0,0,0,0,0,0,0,0,0,0,0,0,0,0,0,0,0,0
Region 56,Region 9,0,0,0,0,0,0,0,0,0,0,0,0,0,0,0,0,0,0,0,0,0,0,0,0,0,0,0,0,0,0,0,0,0,0,0,0,0,0,0,0,0,0,0,0,0,0,0,0
Region 56,Region 10,3,0.011,1,0.006,0,0,0,0,0,0,0,0,0,0,0,0,0,0,0,0,1,0.002,3,0.007,0,0,2,0.005,1,0.003,1,0.002,1,0.002,18,0.037,3,0.006,4,0.008,2,0.004,7,0.015,2,0.005,1,0.003
Region 56,Region 11,0,0,0,0,0,0,0,0,0,0,0,0,0,0,0,0,0,0,0,0,0,0,0,0,0,0,0,0,0,0,0,0,0,0,0,0,0,0,0,0,0,0,0,0,0,0,0,0
Region 56,Region 12,1,0.004,1,0.006,0,0,0,0,0,0,0,0,0,0,1,0.012,4,0.024,8,0.021,11,0.022,2,0.004,2,0.005,1,0.003,2,0.005,2,0.005,2,0.005,2,0.004,2,0.004,4,0.008,0,0,0,0,1,0.003,1,0.003
Region 56,Region 13,1,0.004,1,0.006,0,0,1,0.012,0,0,0,0,0,0,2,0.025,3,0.018,3,0.008,4,0.008,9,0.02,6,0.015,7,0.018,5,0.013,8,0.02,10,0.024,13,0.027,11,0.021,5,0.01,8,0.016,6,0.013,10,0.026,1,0.003
Region 56,Region 14,0,0,0,0,0,0,0,0,0,0,0,0,0,0,4,0.049,9,0.054,2,0.005,6,0.012,5,0.011,2,0.005,6,0.016,1,0.003,2,0.005,1,0.002,2,0.004,0,0,4,0.008,2,0.004,4,0.009,5,0.013,0,0
Region 56,Region 15,0,0,0,0,0,0,0,0,0,0,0,0,0,0,0,0,0,0,0,0,0,0,0,0,0,0,0,0,0,0,0,0,0,0,0,0,0,0,0,0,0,0,0,0,0,0,0,0
Region 56,Region 16,0,0,0,0,0,0,0,0,0,0,0,0,0,0,0,0,0,0,0,0,0,0,0,0,0,0,0,0,0,0,0,0,0,0,0,0,0,0,0,0,0,0,0,0,0,0,0,0
Region 56,Region 17,1,0.004,0,0,0,0,0,0,0,0,0,0,0,0,1,0.012,0,0,1,0.003,1,0.002,1,0.002,0,0,0,0,0,0,1,0.002,0,0,0,0,1,0.002,1,0.002,0,0,0,0,0,0,0,0
Region 56,Region 18,1,0.004,1,0.006,0,0,0,0,0,0,0,0,0,0,0,0,0,0,1,0.003,8,0.016,5,0.011,4,0.01,2,0.005,0,0,6,0.015,0,0,6,0.012,3,0.006,2,0.004,1,0.002,1,0.002,0,0,2,0.006
Region 56,Region 19,0,0,1,0.006,0,0,0,0,0,0,0,0,1,0.021,0,0,0,0,0,0,0,0,1,0.002,0,0,1,0.003,0,0,1,0.002,0,0,0,0,0,0,0,0,0,0,0,0,0,0,0,0
Region 56,Region 20,2,0.007,0,0,0,0,0,0,0,0,0,0,0,0,0,0,2,0.012,2,0.005,1,0.002,2,0.004,0,0,1,0.003,0,0,0,0,1,0.002,0,0,1,0.002,1,0.002,0,0,0,0,0,0,0,0
Region 56,Region 21,1,0.004,0,0,0,0,2,0.025,0,0,0,0,0,0,0,0,1,0.006,2,0.005,8,0.016,5,0.011,2,0.005,0,0,3,0.008,2,0.005,0,0,2,0.004,0,0,1,0.002,3,0.006,1,0.002,0,0,1,0.003
Region 56,Region 22,0,0,0,0,0,0,0,0,0,0,0,0,0,0,0,0,1,0.006,2,0.005,0,0,1,0.002,1,0.003,0,0,1,0.003,0,0,0,0,2,0.004,0,0,1,0.002,0,0,0,0,2,0.005,0,0
Region 56,Region 23,1,0.004,0,0,0,0,0,0,0,0,0,0,0,0,0,0,0,0,0,0,0,0,0,0,1,0.003,2,0.005,1,0.003,1,0.002,0,0,1,0.002,0,0,2,0.004,3,0.006,0,0,0,0,1,0.003
Region 56,Region 24,0,0,0,0,0,0,0,0,1,0.018,0,0,0,0,0,0,0,0,1,0.003,0,0,2,0.004,2,0.005,3,0.008,0,0,0,0,1,0.002,3,0.006,1,0.002,0,0,0,0,1,0.002,2,0.005,0,0
Region 56,Region 25,0,0,0,0,1,0.008,0,0,0,0,0,0,0,0,0,0,1,0.006,0,0,0,0,0,0,0,0,0,0,0,0,1,0.002,0,0,1,0.002,0,0,0,0,1,0.002,1,0.002,0,0,0,0
Region 56,Region 26,0,0,0,0,0,0,0,0,0,0,0,0,0,0,0,0,0,0,0,0,2,0.004,0,0,0,0,0,0,1,0.003,1,0.002,0,0,1,0.002,0,0,0,0,2,0.004,1,0.002,0,0,0,0
Region 56,Region 27,2,0.007,0,0,0,0,0,0,0,0,0,0,0,0,0,0,2,0.012,3,0.008,1,0.002,3,0.007,2,0.005,3,0.008,2,0.005,1,0.002,4,0.01,11,0.023,4,0.008,1,0.002,4,0.008,3,0.007,3,0.008,2,0.006
Region 56,Region 28,0,0,0,0,0,0,0,0,0,0,0,0,0,0,0,0,1,0.006,2,0.005,0,0,6,0.013,1,0.003,0,0,0,0,0,0,0,0,5,0.01,3,0.006,4,0.008,1,0.002,2,0.004,0,0,2,0.006
Region 56,Region 29,0,0,1,0.006,0,0,0,0,0,0,0,0,0,0,1,0.012,3,0.018,4,0.011,0,0,0,0,2,0.005,1,0.003,1,0.003,0,0,0,0,0,0,3,0.006,0,0,2,0.004,0,0,1,0.003,0,0
Region 56,Region 30,0,0,0,0,1,0.008,1,0.012,0,0,0,0,0,0,0,0,0,0,0,0,3,0.006,3,0.007,2,0.005,0,0,0,0,0,0,1,0.002,1,0.002,2,0.004,2,0.004,2,0.004,2,0.004,2,0.005,0,0
Region 56,Region 31,2,0.007,1,0.006,0,0,0,0,0,0,0,0,0,0,0,0,0,0,0,0,3,0.006,0,0,2,0.005,1,0.003,0,0,0,0,0,0,0,0,2,0.004,0,0,0,0,1,0.002,0,0,0,0
Region 56,Region 32,0,0,0,0,0,0,0,0,0,0,0,0,0,0,0,0,0,0,0,0,0,0,0,0,0,0,0,0,0,0,0,0,1,0.002,2,0.004,0,0,0,0,1,0.002,0,0,1,0.003,0,0
Region 56,Region 33,0,0,0,0,0,0,0,0,0,0,0,0,0,0,0,0,0,0,1,0.003,0,0,0,0,0,0,0,0,0,0,0,0,1,0.002,1,0.002,0,0,0,0,0,0,1,0.002,0,0,0,0
Region 56,Region 34,0,0,0,0,0,0,0,0,0,0,0,0,0,0,0,0,0,0,0,0,0,0,0,0,0,0,0,0,0,0,0,0,0,0,0,0,0,0,0,0,0,0,0,0,0,0,0,0
Region 56,Region 35,0,0,0,0,0,0,0,0,0,0,0,0,0,0,0,0,0,0,0,0,0,0,0,0,0,0,0,0,0,0,0,0,0,0,0,0,0,0,0,0,0,0,0,0,0,0,0,0
Region 56,Region 36,3,0.011,0,0,0,0,0,0,0,0,0,0,0,0,0,0,3,0.018,26,0.069,0,0,3,0.007,1,0.003,3,0.008,1,0.003,6,0.015,2,0.005,5,0.01,3,0.006,1,0.002,0,0,1,0.002,2,0.005,4,0.013
Region 56,Region 37,6,0.021,1,0.006,2,0.016,0,0,1,0.018,0,0,2,0.042,0,0,0,0,3,0.008,9,0.018,7,0.015,5,0.013,9,0.024,2,0.005,4,0.01,7,0.017,18,0.037,4,0.008,6,0.012,2,0.004,7,0.015,7,0.018,7,0.022
Region 56,Region 38,0,0,0,0,1,0.008,0,0,0,0,0,0,0,0,1,0.012,0,0,0,0,2,0.004,1,0.002,2,0.005,1,0.003,1,0.003,2,0.005,2,0.005,1,0.002,1,0.002,1,0.002,2,0.004,0,0,1,0.003,0,0
Region 56,Region 39,0,0,1,0.006,1,0.008,0,0,0,0,0,0,0,0,0,0,0,0,0,0,2,0.004,0,0,0,0,0,0,0,0,0,0,0,0,0,0,0,0,0,0,0,0,1,0.002,0,0,0,0
Region 56,Region 40,0,0,0,0,0,0,0,0,0,0,0,0,0,0,0,0,0,0,0,0,0,0,0,0,0,0,0,0,0,0,0,0,0,0,0,0,0,0,0,0,0,0,0,0,0,0,0,0
Region 56,Region 41,0,0,0,0,0,0,0,0,1,0.018,0,0,0,0,2,0.025,1,0.006,1,0.003,2,0.004,1,0.002,2,0.005,1,0.003,2,0.005,0,0,0,0,0,0,1,0.002,0,0,0,0,0,0,0,0,0,0
Region 56,Region 42,0,0,0,0,0,0,0,0,0,0,0,0,0,0,0,0,0,0,0,0,0,0,0,0,0,0,0,0,0,0,0,0,0,0,0,0,0,0,0,0,0,0,0,0,0,0,0,0
Region 56,Region 43,1,0.004,0,0,0,0,0,0,0,0,0,0,0,0,0,0,1,0.006,1,0.003,3,0.006,2,0.004,4,0.01,4,0.011,1,0.003,1,0.002,0,0,9,0.019,4,0.008,4,0.008,1,0.002,1,0.002,0,0,0,0
Region 56,Region 44,0,0,0,0,0,0,0,0,0,0,0,0,0,0,0,0,0,0,0,0,0,0,0,0,0,0,0,0,0,0,0,0,0,0,0,0,0,0,0,0,0,0,0,0,0,0,0,0
Region 56,Region 45,0,0,1,0.006,0,0,0,0,0,0,0,0,0,0,0,0,1,0.006,0,0,1,0.002,1,0.002,0,0,0,0,0,0,0,0,1,0.002,0,0,0,0,0,0,0,0,0,0,0,0,0,0
Region 56,Region 46,2,0.007,1,0.006,0,0,0,0,0,0,1,0.023,0,0,1,0.012,2,0.012,9,0.024,11,0.022,12,0.026,12,0.031,12,0.032,19,0.049,12,0.029,11,0.027,19,0.039,17,0.032,18,0.037,10,0.02,11,0.024,10,0.026,3,0.009
Region 56,Region 47,8,0.028,2,0.012,0,0,0,0,0,0,0,0,0,0,1,0.012,1,0.006,11,0.029,24,0.049,19,0.041,13,0.033,5,0.013,8,0.02,3,0.007,5,0.012,10,0.021,7,0.013,5,0.01,10,0.02,3,0.007,2,0.005,6,0.019
Region 56,Region 48,1,0.004,0,0,0,0,0,0,0,0,0,0,0,0,0,0,1,0.006,1,0.003,4,0.008,2,0.004,1,0.003,4,0.011,0,0,1,0.002,2,0.005,2,0.004,1,0.002,1,0.002,0,0,0,0,1,0.003,2,0.006
Region 56,Region 49,1,0.004,0,0,0,0,0,0,0,0,0,0,0,0,0,0,0,0,0,0,0,0,0,0,0,0,0,0,0,0,0,0,0,0,2,0.004,0,0,1,0.002,0,0,0,0,0,0,0,0
Region 56,Region 50,3,0.011,1,0.006,2,0.016,0,0,0,0,0,0,1,0.021,1,0.012,1,0.006,5,0.013,6,0.012,7,0.015,7,0.018,2,0.005,2,0.005,7,0.017,5,0.012,16,0.033,3,0.006,4,0.008,4,0.008,6,0.013,2,0.005,1,0.003
Region 56,Region 51,1,0.004,0,0,0,0,0,0,0,0,0,0,0,0,0,0,0,0,1,0.003,1,0.002,1,0.002,1,0.003,2,0.005,2,0.005,0,0,0,0,0,0,1,0.002,5,0.01,0,0,1,0.002,0,0,0,0
Region 56,Region 52,7,0.025,3,0.018,2,0.016,2,0.025,2,0.037,0,0,1,0.021,2,0.025,0,0,8,0.021,11,0.022,6,0.013,6,0.015,5,0.013,8,0.02,5,0.012,14,0.034,25,0.052,17,0.032,7,0.014,6,0.012,10,0.022,13,0.034,9,0.028
Region 56,Region 53,1,0.004,0,0,0,0,0,0,0,0,0,0,0,0,0,0,1,0.006,1,0.003,3,0.006,1,0.002,0,0,0,0,0,0,0,0,0,0,1,0.002,1,0.002,1,0.002,2,0.004,1,0.002,1,0.003,2,0.006
Region 56,Region 54,0,0,0,0,0,0,0,0,0,0,0,0,0,0,0,0,1,0.006,0,0,0,0,1,0.002,1,0.003,0,0,1,0.003,0,0,0,0,0,0,0,0,0,0,1,0.002,0,0,0,0,0,0
Region 56,Region 55,1,0.004,0,0,0,0,0,0,0,0,0,0,0,0,0,0,0,0,1,0.003,2,0.004,0,0,0,0,0,0,1,0.003,0,0,0,0,0,0,0,0,1,0.002,0,0,0,0,1,0.003,0,0
Region 56,Region 56,7,0.025,3,0.018,1,0.008,3,0.037,0,0,0,0,1,0.021,0,0,1,0.006,8,0.021,32,0.065,18,0.039,6,0.015,7,0.018,6,0.015,12,0.029,19,0.046,28,0.058,12,0.023,10,0.021,9,0.018,15,0.033,14,0.037,8,0.025
Region 56,Region 57,0,0,0,0,0,0,0,0,0,0,0,0,1,0.021,0,0,0,0,0,0,0,0,1,0.002,0,0,0,0,1,0.003,1,0.002,0,0,1,0.002,0,0,2,0.004,1,0.002,2,0.004,0,0,0,0
Region 56,Region 58,0,0,0,0,0,0,0,0,0,0,0,0,0,0,0,0,0,0,0,0,0,0,0,0,0,0,0,0,0,0,0,0,0,0,0,0,0,0,0,0,0,0,0,0,0,0,0,0
Region 56,Region 59,0,0,0,0,0,0,0,0,0,0,0,0,0,0,0,0,0,0,0,0,0,0,0,0,0,0,0,0,0,0,0,0,0,0,0,0,0,0,0,0,0,0,0,0,0,0,0,0
Region 56,Region 60,0,0,0,0,0,0,0,0,0,0,0,0,0,0,0,0,4,0.024,8,0.021,4,0.008,1,0.002,3,0.008,0,0,2,0.005,1,0.002,0,0,0,0,1,0.002,2,0.004,0,0,1,0.002,1,0.003,0,0
Region 56,Region 61,0,0,0,0,0,0,1,0.012,0,0,0,0,0,0,0,0,0,0,0,0,0,0,0,0,0,0,0,0,0,0,1,0.002,0,0,0,0,0,0,1,0.002,0,0,0,0,0,0,0,0
Region 56,Region 62,2,0.007,1,0.006,1,0.008,0,0,0,0,0,0,0,0,0,0,1,0.006,1,0.003,5,0.01,2,0.004,2,0.005,3,0.008,2,0.005,4,0.01,2,0.005,6,0.012,3,0.006,2,0.004,1,0.002,3,0.007,3,0.008,1,0.003
Region 56,Region 63,1,0.004,0,0,0,0,0,0,0,0,0,0,0,0,0,0,0,0,0,0,0,0,0,0,0,0,0,0,0,0,0,0,0,0,0,0,0,0,0,0,0,0,0,0,0,0,0,0
Region 56,Region 64,0,0,0,0,0,0,0,0,0,0,0,0,0,0,0,0,0,0,1,0.003,0,0,0,0,0,0,0,0,0,0,0,0,0,0,2,0.004,0,0,0,0,0,0,0,0,0,0,0,0
Region 56,Region 65,4,0.014,0,0,1,0.008,0,0,0,0,0,0,0,0,1,0.012,0,0,3,0.008,3,0.006,1,0.002,4,0.01,2,0.005,3,0.008,4,0.01,1,0.002,9,0.019,9,0.017,2,0.004,4,0.008,12,0.026,5,0.013,1,0.003
Region 56,Region 66,1,0.004,0,0,3,0.025,0,0,0,0,0,0,1,0.021,0,0,1,0.006,6,0.016,5,0.01,7,0.015,3,0.008,8,0.021,5,0.013,7,0.017,6,0.014,14,0.029,11,0.021,5,0.01,9,0.018,7,0.015,2,0.005,7,0.022
Region 56,Region 67,0,0,0,0,0,0,0,0,0,0,0,0,0,0,0,0,0,0,2,0.005,2,0.004,3,0.007,1,0.003,1,0.003,0,0,0,0,3,0.007,1,0.002,1,0.002,1,0.002,1,0.002,2,0.004,2,0.005,1,0.003
Region 56,Region 68,3,0.011,0,0,0,0,0,0,0,0,0,0,0,0,1,0.012,0,0,2,0.005,4,0.008,3,0.007,2,0.005,4,0.011,7,0.018,2,0.005,5,0.012,5,0.01,6,0.011,3,0.006,0,0,3,0.007,3,0.008,0,0
Region 56,Region 69,1,0.004,0,0,0,0,0,0,0,0,0,0,1,0.021,1,0.012,1,0.006,0,0,3,0.006,7,0.015,1,0.003,2,0.005,4,0.01,3,0.007,1,0.002,5,0.01,3,0.006,3,0.006,1,0.002,0,0,0,0,1,0.003
Region 56,Region 70,0,0,0,0,0,0,0,0,0,0,0,0,0,0,0,0,1,0.006,4,0.011,1,0.002,1,0.002,2,0.005,0,0,1,0.003,0,0,1,0.002,0,0,1,0.002,0,0,1,0.002,1,0.002,0,0,0,0
Region 56,Region 71,0,0,0,0,1,0.008,1,0.012,0,0,1,0.023,0,0,0,0,1,0.006,1,0.003,3,0.006,2,0.004,1,0.003,1,0.003,2,0.005,0,0,1,0.002,0,0,1,0.002,0,0,3,0.006,2,0.004,2,0.005,2,0.006
Region 56,Region 72,0,0,0,0,0,0,0,0,0,0,0,0,0,0,0,0,0,0,0,0,0,0,0,0,0,0,0,0,0,0,0,0,0,0,0,0,0,0,0,0,0,0,0,0,0,0,0,0
Region 56,Region 73,0,0,0,0,0,0,0,0,0,0,0,0,0,0,0,0,0,0,0,0,0,0,0,0,0,0,0,0,0,0,0,0,0,0,0,0,0,0,0,0,0,0,0,0,0,0,0,0
Region 56,Region 74,0,0,0,0,0,0,0,0,0,0,0,0,0,0,0,0,0,0,0,0,0,0,0,0,0,0,1,0.003,1,0.003,0,0,0,0,0,0,0,0,0,0,0,0,0,0,0,0,0,0
Region 56,Region 75,0,0,0,0,0,0,0,0,0,0,0,0,0,0,0,0,0,0,1,0.003,0,0,0,0,0,0,0,0,0,0,0,0,0,0,0,0,0,0,1,0.002,0,0,0,0,0,0,0,0
Region 57,Region 0,0,0,0,0,0,0,0,0,0,0,0,0,0,0,0,0,0,0,0,0,0,0,0,0,0,0,0,0,1,0.003,0,0,0,0,1,0.002,0,0,0,0,0,0,1,0.002,1,0.003,0,0
Region 57,Region 1,0,0,0,0,0,0,0,0,0,0,0,0,0,0,0,0,0,0,0,0,0,0,0,0,0,0,0,0,0,0,0,0,0,0,0,0,0,0,0,0,0,0,0,0,0,0,0,0
Region 57,Region 2,0,0,0,0,0,0,0,0,0,0,0,0,0,0,0,0,0,0,0,0,0,0,1,0.002,0,0,3,0.008,1,0.003,1,0.002,0,0,0,0,0,0,0,0,0,0,0,0,0,0,0,0
Region 57,Region 3,0,0,0,0,0,0,1,0.012,0,0,0,0,0,0,0,0,0,0,0,0,1,0.002,0,0,0,0,0,0,0,0,1,0.002,1,0.002,0,0,0,0,0,0,0,0,2,0.004,0,0,0,0
Region 57,Region 4,3,0.011,0,0,1,0.008,0,0,0,0,0,0,0,0,0,0,0,0,0,0,2,0.004,0,0,2,0.005,3,0.008,1,0.003,3,0.007,3,0.007,6,0.012,3,0.006,2,0.004,8,0.016,1,0.002,1,0.003,1,0.003
Region 57,Region 5,0,0,0,0,0,0,0,0,0,0,0,0,0,0,0,0,0,0,1,0.003,0,0,0,0,0,0,0,0,0,0,0,0,0,0,0,0,0,0,0,0,0,0,1,0.002,0,0,0,0
Region 57,Region 6,0,0,0,0,0,0,0,0,0,0,0,0,0,0,0,0,0,0,0,0,0,0,0,0,0,0,0,0,0,0,0,0,0,0,0,0,0,0,0,0,0,0,0,0,0,0,0,0
Region 57,Region 7,0,0,0,0,0,0,0,0,0,0,0,0,0,0,0,0,1,0.006,5,0.013,2,0.004,0,0,2,0.005,0,0,1,0.003,1,0.002,0,0,0,0,0,0,0,0,1,0.002,1,0.002,0,0,0,0
Region 57,Region 8,0,0,0,0,0,0,0,0,0,0,0,0,0,0,0,0,0,0,0,0,0,0,0,0,0,0,0,0,0,0,0,0,0,0,0,0,0,0,0,0,0,0,0,0,0,0,0,0
Region 57,Region 9,0,0,0,0,0,0,0,0,0,0,0,0,0,0,0,0,0,0,0,0,0,0,0,0,0,0,0,0,0,0,0,0,0,0,0,0,0,0,0,0,0,0,0,0,0,0,0,0
Region 57,Region 10,1,0.004,0,0,0,0,0,0,0,0,0,0,1,0.021,0,0,0,0,0,0,0,0,0,0,1,0.003,0,0,1,0.003,0,0,0,0,1,0.002,0,0,1,0.002,1,0.002,0,0,0,0,0,0
Region 57,Region 11,0,0,0,0,0,0,0,0,0,0,0,0,0,0,0,0,0,0,0,0,0,0,0,0,0,0,0,0,0,0,0,0,0,0,0,0,0,0,0,0,0,0,0,0,0,0,0,0
Region 57,Region 12,0,0,0,0,1,0.008,0,0,0,0,0,0,0,0,2,0.025,1,0.006,7,0.018,3,0.006,6,0.013,2,0.005,2,0.005,2,0.005,4,0.01,0,0,0,0,3,0.006,2,0.004,0,0,1,0.002,2,0.005,0,0
Region 57,Region 13,4,0.014,3,0.018,0,0,0,0,0,0,0,0,0,0,0,0,0,0,6,0.016,4,0.008,5,0.011,9,0.023,9,0.024,5,0.013,3,0.007,9,0.022,11,0.023,10,0.019,4,0.008,7,0.014,8,0.017,3,0.008,7,0.022
Region 57,Region 14,2,0.007,0,0,0,0,1,0.012,0,0,0,0,3,0.063,4,0.049,4,0.024,7,0.018,6,0.012,7,0.015,0,0,1,0.003,2,0.005,3,0.007,3,0.007,2,0.004,1,0.002,2,0.004,1,0.002,5,0.011,1,0.003,2,0.006
Region 57,Region 15,0,0,0,0,0,0,0,0,0,0,0,0,0,0,0,0,0,0,0,0,0,0,0,0,0,0,0,0,0,0,0,0,0,0,0,0,0,0,0,0,0,0,0,0,0,0,0,0
Region 57,Region 16,0,0,0,0,0,0,0,0,0,0,0,0,0,0,0,0,0,0,0,0,0,0,0,0,0,0,0,0,0,0,0,0,0,0,0,0,0,0,0,0,0,0,0,0,0,0,0,0
Region 57,Region 17,8,0.028,2,0.012,1,0.008,1,0.012,0,0,0,0,0,0,1,0.012,3,0.018,6,0.016,10,0.02,8,0.017,9,0.023,7,0.018,8,0.02,9,0.022,6,0.014,18,0.037,16,0.03,16,0.033,27,0.054,12,0.026,12,0.032,9,0.028
Region 57,Region 18,0,0,0,0,0,0,0,0,0,0,0,0,0,0,0,0,0,0,0,0,1,0.002,0,0,0,0,1,0.003,0,0,0,0,0,0,0,0,0,0,0,0,0,0,1,0.002,1,0.003,0,0
Region 57,Region 19,0,0,0,0,0,0,0,0,0,0,0,0,0,0,0,0,0,0,0,0,0,0,0,0,0,0,0,0,0,0,1,0.002,0,0,0,0,0,0,0,0,0,0,0,0,0,0,0,0
Region 57,Region 20,0,0,0,0,0,0,0,0,0,0,0,0,0,0,0,0,0,0,0,0,2,0.004,0,0,1,0.003,0,0,0,0,1,0.002,1,0.002,1,0.002,0,0,0,0,0,0,1,0.002,0,0,1,0.003
Region 57,Region 21,0,0,0,0,0,0,0,0,0,0,0,0,0,0,0,0,0,0,1,0.003,0,0,2,0.004,0,0,0,0,0,0,0,0,1,0.002,1,0.002,0,0,1,0.002,1,0.002,0,0,1,0.003,0,0
Region 57,Region 22,0,0,0,0,0,0,0,0,0,0,0,0,0,0,0,0,1,0.006,1,0.003,1,0.002,1,0.002,1,0.003,0,0,0,0,0,0,1,0.002,0,0,0,0,3,0.006,1,0.002,1,0.002,0,0,0,0
Region 57,Region 23,3,0.011,1,0.006,0,0,0,0,1,0.018,0,0,0,0,1,0.012,0,0,2,0.005,1,0.002,1,0.002,2,0.005,1,0.003,0,0,2,0.005,2,0.005,5,0.01,1,0.002,3,0.006,2,0.004,3,0.007,3,0.008,0,0
Region 57,Region 24,0,0,0,0,0,0,0,0,0,0,0,0,0,0,0,0,0,0,0,0,0,0,0,0,0,0,0,0,0,0,0,0,1,0.002,0,0,0,0,0,0,0,0,1,0.002,1,0.003,0,0
Region 57,Region 25,1,0.004,0,0,0,0,0,0,1,0.018,0,0,0,0,0,0,0,0,7,0.018,2,0.004,2,0.004,1,0.003,2,0.005,0,0,0,0,1,0.002,2,0.004,6,0.011,4,0.008,2,0.004,5,0.011,4,0.011,5,0.016
Region 57,Region 26,0,0,0,0,0,0,0,0,0,0,0,0,0,0,0,0,0,0,3,0.008,1,0.002,1,0.002,0,0,0,0,0,0,0,0,0,0,0,0,0,0,0,0,0,0,0,0,0,0,0,0
Region 57,Region 27,0,0,0,0,0,0,0,0,0,0,0,0,0,0,0,0,0,0,0,0,0,0,1,0.002,0,0,1,0.003,0,0,0,0,1,0.002,0,0,0,0,1,0.002,0,0,0,0,1,0.003,0,0
Region 57,Region 28,0,0,0,0,0,0,0,0,0,0,0,0,0,0,0,0,0,0,0,0,0,0,1,0.002,2,0.005,0,0,2,0.005,1,0.002,0,0,0,0,3,0.006,0,0,1,0.002,0,0,2,0.005,0,0
Region 57,Region 29,0,0,0,0,0,0,0,0,0,0,0,0,0,0,0,0,0,0,1,0.003,3,0.006,2,0.004,0,0,2,0.005,3,0.008,1,0.002,0,0,2,0.004,0,0,1,0.002,0,0,0,0,0,0,0,0
Region 57,Region 30,0,0,0,0,0,0,0,0,0,0,0,0,0,0,0,0,0,0,0,0,0,0,2,0.004,1,0.003,0,0,1,0.003,0,0,1,0.002,0,0,1,0.002,0,0,0,0,0,0,0,0,1,0.003
Region 57,Region 31,1,0.004,0,0,0,0,0,0,0,0,0,0,0,0,0,0,0,0,0,0,2,0.004,0,0,0,0,0,0,0,0,0,0,1,0.002,1,0.002,1,0.002,0,0,0,0,1,0.002,0,0,0,0
Region 57,Region 32,0,0,0,0,0,0,0,0,0,0,0,0,0,0,0,0,0,0,0,0,4,0.008,0,0,1,0.003,3,0.008,0,0,0,0,2,0.005,3,0.006,1,0.002,1,0.002,0,0,1,0.002,1,0.003,2,0.006
Region 57,Region 33,0,0,1,0.006,0,0,0,0,0,0,0,0,0,0,0,0,0,0,9,0.024,4,0.008,5,0.011,4,0.01,3,0.008,0,0,1,0.002,2,0.005,4,0.008,6,0.011,3,0.006,6,0.012,5,0.011,3,0.008,6,0.019
Region 57,Region 34,0,0,0,0,0,0,0,0,0,0,0,0,0,0,0,0,0,0,0,0,0,0,0,0,0,0,0,0,0,0,0,0,0,0,0,0,0,0,0,0,0,0,0,0,0,0,0,0
Region 57,Region 35,0,0,0,0,0,0,0,0,0,0,0,0,0,0,0,0,0,0,0,0,0,0,0,0,0,0,0,0,0,0,0,0,0,0,0,0,0,0,0,0,0,0,0,0,0,0,0,0
Region 57,Region 36,3,0.011,0,0,0,0,0,0,0,0,1,0.023,0,0,0,0,0,0,2,0.005,0,0,1,0.002,1,0.003,1,0.003,2,0.005,0,0,1,0.002,4,0.008,3,0.006,1,0.002,2,0.004,3,0.007,1,0.003,0,0
Region 57,Region 37,0,0,0,0,0,0,0,0,0,0,0,0,0,0,0,0,0,0,0,0,2,0.004,0,0,1,0.003,1,0.003,1,0.003,1,0.002,1,0.002,2,0.004,0,0,1,0.002,1,0.002,1,0.002,1,0.003,0,0
Region 57,Region 38,0,0,0,0,0,0,0,0,0,0,0,0,0,0,0,0,2,0.012,0,0,3,0.006,1,0.002,2,0.005,0,0,0,0,1,0.002,0,0,1,0.002,1,0.002,0,0,0,0,0,0,0,0,1,0.003
Region 57,Region 39,0,0,0,0,0,0,0,0,0,0,0,0,0,0,0,0,0,0,0,0,1,0.002,0,0,0,0,0,0,0,0,0,0,0,0,1,0.002,1,0.002,0,0,0,0,0,0,0,0,1,0.003
Region 57,Region 40,0,0,0,0,0,0,0,0,0,0,0,0,0,0,0,0,0,0,0,0,0,0,0,0,0,0,0,0,0,0,0,0,0,0,0,0,0,0,0,0,0,0,0,0,0,0,0,0
Region 57,Region 41,0,0,0,0,0,0,0,0,0,0,0,0,0,0,0,0,1,0.006,3,0.008,0,0,1,0.002,2,0.005,1,0.003,1,0.003,1,0.002,0,0,2,0.004,0,0,1,0.002,0,0,0,0,0,0,0,0
Region 57,Region 42,0,0,0,0,0,0,0,0,0,0,0,0,0,0,0,0,0,0,0,0,0,0,0,0,0,0,0,0,0,0,0,0,0,0,0,0,0,0,0,0,0,0,0,0,0,0,0,0
Region 57,Region 43,0,0,0,0,0,0,0,0,0,0,0,0,0,0,0,0,0,0,0,0,0,0,2,0.004,1,0.003,0,0,0,0,0,0,0,0,1,0.002,1,0.002,0,0,0,0,0,0,0,0,0,0
Region 57,Region 44,0,0,0,0,0,0,0,0,0,0,0,0,0,0,0,0,0,0,0,0,0,0,0,0,0,0,0,0,0,0,0,0,0,0,0,0,0,0,0,0,0,0,0,0,0,0,0,0
Region 57,Region 45,0,0,0,0,0,0,0,0,0,0,0,0,0,0,0,0,0,0,0,0,1,0.002,0,0,0,0,1,0.003,0,0,0,0,0,0,0,0,1,0.002,0,0,0,0,0,0,0,0,0,0
Region 57,Region 46,6,0.021,0,0,1,0.008,2,0.025,1,0.018,0,0,0,0,0,0,1,0.006,14,0.037,11,0.022,8,0.017,10,0.026,10,0.026,10,0.026,19,0.046,12,0.029,24,0.05,28,0.053,15,0.031,14,0.028,14,0.03,14,0.037,4,0.013
Region 57,Region 47,3,0.011,3,0.018,2,0.016,1,0.012,1,0.018,0,0,0,0,0,0,7,0.042,19,0.05,26,0.053,19,0.041,8,0.021,6,0.016,8,0.02,7,0.017,4,0.01,9,0.019,3,0.006,8,0.017,10,0.02,8,0.017,5,0.013,3,0.009
Region 57,Region 48,0,0,0,0,0,0,0,0,0,0,0,0,0,0,0,0,2,0.012,0,0,1,0.002,0,0,1,0.003,1,0.003,0,0,1,0.002,3,0.007,3,0.006,1,0.002,1,0.002,1,0.002,2,0.004,0,0,0,0
Region 57,Region 49,0,0,1,0.006,0,0,0,0,0,0,0,0,0,0,0,0,0,0,0,0,1,0.002,0,0,1,0.003,0,0,0,0,0,0,0,0,0,0,1,0.002,0,0,2,0.004,1,0.002,0,0,0,0
Region 57,Region 50,1,0.004,0,0,1,0.008,0,0,0,0,0,0,0,0,0,0,2,0.012,1,0.003,3,0.006,1,0.002,3,0.008,1,0.003,1,0.003,1,0.002,1,0.002,1,0.002,1,0.002,2,0.004,1,0.002,0,0,1,0.003,0,0
Region 57,Region 51,0,0,0,0,0,0,0,0,0,0,0,0,0,0,0,0,0,0,0,0,0,0,0,0,1,0.003,0,0,2,0.005,0,0,0,0,0,0,0,0,1,0.002,1,0.002,0,0,0,0,0,0
Region 57,Region 52,3,0.011,3,0.018,0,0,0,0,0,0,0,0,0,0,0,0,1,0.006,0,0,5,0.01,0,0,1,0.003,2,0.005,2,0.005,2,0.005,2,0.005,0,0,1,0.002,3,0.006,6,0.012,3,0.007,4,0.011,0,0
Region 57,Region 53,0,0,0,0,0,0,0,0,0,0,0,0,0,0,0,0,0,0,1,0.003,3,0.006,0,0,1,0.003,0,0,0,0,0,0,0,0,0,0,0,0,0,0,1,0.002,0,0,0,0,0,0
Region 57,Region 54,0,0,0,0,0,0,0,0,0,0,1,0.023,0,0,0,0,1,0.006,1,0.003,2,0.004,1,0.002,0,0,1,0.003,0,0,1,0.002,1,0.002,1,0.002,0,0,0,0,0,0,0,0,0,0,0,0
Region 57,Region 55,0,0,0,0,0,0,0,0,0,0,0,0,0,0,0,0,2,0.012,1,0.003,0,0,1,0.002,0,0,0,0,2,0.005,0,0,0,0,2,0.004,0,0,2,0.004,0,0,0,0,1,0.003,0,0
Region 57,Region 56,0,0,0,0,0,0,1,0.012,0,0,0,0,0,0,1,0.012,0,0,0,0,1,0.002,0,0,0,0,0,0,0,0,0,0,1,0.002,0,0,1,0.002,0,0,0,0,1,0.002,2,0.005,0,0
Region 57,Region 57,6,0.021,1,0.006,1,0.008,0,0,1,0.018,0,0,0,0,1,0.012,2,0.012,13,0.034,14,0.028,10,0.022,13,0.033,5,0.013,6,0.015,5,0.012,6,0.014,13,0.027,13,0.025,13,0.027,13,0.026,13,0.028,3,0.008,9,0.028
Region 57,Region 58,0,0,0,0,0,0,0,0,0,0,0,0,0,0,0,0,0,0,0,0,0,0,0,0,0,0,0,0,0,0,0,0,0,0,0,0,0,0,0,0,0,0,0,0,0,0,0,0
Region 57,Region 59,0,0,0,0,0,0,0,0,0,0,0,0,0,0,0,0,0,0,0,0,0,0,0,0,0,0,0,0,0,0,0,0,0,0,0,0,0,0,0,0,0,0,0,0,0,0,0,0
Region 57,Region 60,0,0,0,0,0,0,0,0,0,0,0,0,0,0,0,0,0,0,0,0,2,0.004,1,0.002,2,0.005,0,0,0,0,1,0.002,0,0,1,0.002,0,0,0,0,0,0,1,0.002,2,0.005,0,0
Region 57,Region 61,1,0.004,0,0,0,0,0,0,0,0,0,0,0,0,1,0.012,1,0.006,0,0,0,0,0,0,0,0,0,0,0,0,0,0,0,0,0,0,1,0.002,0,0,0,0,0,0,0,0,0,0
Region 57,Region 62,31,0.109,6,0.035,3,0.025,4,0.05,1,0.018,0,0,2,0.042,9,0.111,17,0.103,23,0.061,39,0.079,29,0.063,29,0.075,22,0.058,11,0.028,31,0.076,25,0.06,29,0.06,30,0.057,32,0.066,37,0.073,26,0.056,24,0.063,22,0.069
Region 57,Region 63,0,0,0,0,0,0,0,0,0,0,0,0,0,0,0,0,0,0,0,0,0,0,0,0,0,0,0,0,0,0,0,0,0,0,0,0,0,0,0,0,0,0,0,0,0,0,0,0
Region 57,Region 64,0,0,0,0,0,0,0,0,0,0,0,0,0,0,0,0,1,0.006,0,0,0,0,0,0,0,0,0,0,0,0,0,0,0,0,0,0,0,0,0,0,1,0.002,1,0.002,0,0,0,0
Region 57,Region 65,6,0.021,0,0,0,0,0,0,1,0.018,0,0,1,0.021,1,0.012,2,0.012,0,0,2,0.004,0,0,3,0.008,1,0.003,1,0.003,1,0.002,0,0,4,0.008,2,0.004,1,0.002,5,0.01,5,0.011,1,0.003,2,0.006
Region 57,Region 66,3,0.011,2,0.012,1,0.008,0,0,1,0.018,0,0,0,0,1,0.012,3,0.018,0,0,4,0.008,10,0.022,7,0.018,6,0.016,8,0.02,5,0.012,6,0.014,3,0.006,6,0.011,4,0.008,8,0.016,6,0.013,5,0.013,5,0.016
Region 57,Region 67,2,0.007,0,0,0,0,0,0,0,0,0,0,0,0,0,0,1,0.006,0,0,3,0.006,4,0.009,1,0.003,1,0.003,3,0.008,0,0,2,0.005,0,0,0,0,1,0.002,1,0.002,1,0.002,0,0,0,0
Region 57,Region 68,1,0.004,0,0,0,0,0,0,0,0,0,0,0,0,2,0.025,1,0.006,3,0.008,3,0.006,1,0.002,2,0.005,3,0.008,0,0,3,0.007,2,0.005,0,0,0,0,3,0.006,1,0.002,2,0.004,1,0.003,1,0.003
Region 57,Region 69,0,0,1,0.006,0,0,0,0,0,0,0,0,0,0,1,0.012,0,0,1,0.003,2,0.004,3,0.007,5,0.013,0,0,1,0.003,1,0.002,0,0,0,0,1,0.002,4,0.008,0,0,2,0.004,1,0.003,1,0.003
Region 57,Region 70,0,0,0,0,0,0,0,0,0,0,0,0,0,0,1,0.012,1,0.006,1,0.003,2,0.004,1,0.002,0,0,1,0.003,0,0,0,0,0,0,0,0,0,0,0,0,0,0,3,0.007,1,0.003,0,0
Region 57,Region 71,6,0.021,3,0.018,1,0.008,3,0.037,1,0.018,0,0,1,0.021,1,0.012,5,0.03,29,0.077,17,0.034,7,0.015,4,0.01,6,0.016,9,0.023,7,0.017,17,0.041,20,0.042,12,0.023,11,0.023,13,0.026,18,0.039,10,0.026,5,0.016
Region 57,Region 72,0,0,0,0,0,0,0,0,0,0,0,0,0,0,0,0,0,0,0,0,0,0,0,0,0,0,0,0,0,0,0,0,0,0,0,0,0,0,0,0,0,0,0,0,0,0,0,0
Region 57,Region 73,0,0,0,0,0,0,0,0,0,0,0,0,0,0,0,0,0,0,1,0.003,0,0,0,0,0,0,0,0,0,0,0,0,0,0,1,0.002,0,0,0,0,0,0,0,0,0,0,0,0
Region 57,Region 74,0,0,0,0,0,0,0,0,0,0,0,0,0,0,0,0,0,0,0,0,2,0.004,0,0,0,0,0,0,0,0,0,0,0,0,0,0,0,0,1,0.002,0,0,0,0,0,0,0,0
Region 57,Region 75,0,0,0,0,0,0,0,0,0,0,0,0,0,0,0,0,0,0,0,0,0,0,1,0.002,0,0,0,0,0,0,1,0.002,0,0,0,0,0,0,0,0,2,0.004,0,0,0,0,0,0
Region 58,Region 0,0,0,0,0,0,0,0,0,0,0,0,0,0,0,0,0,0,0,0,0,0,0,0,0,0,0,0,0,0,0,0,0,0,0,0,0,0,0,0,0,1,0.002,0,0,0,0,0,0
Region 58,Region 1,0,0,0,0,0,0,0,0,0,0,0,0,0,0,0,0,0,0,0,0,0,0,0,0,0,0,0,0,0,0,0,0,0,0,0,0,0,0,0,0,0,0,0,0,0,0,0,0
Region 58,Region 2,0,0,0,0,0,0,0,0,0,0,0,0,0,0,0,0,0,0,0,0,0,0,0,0,0,0,0,0,0,0,0,0,0,0,0,0,0,0,0,0,0,0,0,0,0,0,0,0
Region 58,Region 3,0,0,0,0,0,0,0,0,0,0,0,0,0,0,0,0,0,0,0,0,0,0,0,0,0,0,0,0,0,0,0,0,0,0,0,0,1,0.002,0,0,0,0,0,0,0,0,0,0
Region 58,Region 4,0,0,0,0,0,0,0,0,0,0,0,0,0,0,0,0,0,0,0,0,0,0,0,0,0,0,1,0.003,0,0,0,0,0,0,1,0.002,0,0,1,0.002,0,0,0,0,1,0.003,0,0
Region 58,Region 5,0,0,0,0,0,0,0,0,0,0,0,0,0,0,0,0,0,0,0,0,0,0,0,0,0,0,0,0,0,0,0,0,0,0,0,0,0,0,0,0,0,0,0,0,0,0,0,0
Region 58,Region 6,0,0,0,0,0,0,0,0,0,0,0,0,0,0,0,0,0,0,0,0,0,0,0,0,0,0,0,0,0,0,0,0,0,0,0,0,0,0,0,0,0,0,0,0,0,0,0,0
Region 58,Region 7,0,0,0,0,0,0,0,0,0,0,0,0,0,0,0,0,0,0,0,0,0,0,0,0,0,0,0,0,0,0,0,0,0,0,0,0,0,0,0,0,0,0,0,0,1,0.003,0,0
Region 58,Region 8,0,0,0,0,0,0,0,0,0,0,0,0,0,0,0,0,0,0,0,0,0,0,0,0,0,0,0,0,0,0,0,0,0,0,0,0,0,0,0,0,0,0,0,0,0,0,0,0
Region 58,Region 9,0,0,0,0,0,0,0,0,0,0,0,0,0,0,0,0,0,0,0,0,0,0,0,0,0,0,0,0,0,0,0,0,0,0,0,0,0,0,0,0,0,0,0,0,0,0,0,0
Region 58,Region 10,0,0,0,0,0,0,0,0,0,0,0,0,0,0,0,0,0,0,0,0,0,0,0,0,0,0,0,0,0,0,0,0,0,0,0,0,0,0,1,0.002,0,0,0,0,0,0,0,0
Region 58,Region 11,0,0,0,0,0,0,0,0,0,0,0,0,0,0,0,0,0,0,0,0,0,0,0,0,0,0,0,0,0,0,0,0,0,0,0,0,0,0,0,0,0,0,0,0,0,0,0,0
Region 58,Region 12,1,0.004,0,0,0,0,0,0,0,0,0,0,0,0,2,0.025,0,0,0,0,0,0,0,0,0,0,1,0.003,0,0,0,0,1,0.002,0,0,1,0.002,0,0,1,0.002,0,0,0,0,1,0.003
Region 58,Region 13,0,0,0,0,0,0,0,0,0,0,0,0,0,0,0,0,0,0,0,0,0,0,0,0,0,0,0,0,0,0,0,0,0,0,0,0,0,0,0,0,0,0,0,0,0,0,0,0
Region 58,Region 14,1,0.004,0,0,0,0,0,0,0,0,0,0,0,0,1,0.012,0,0,0,0,0,0,0,0,0,0,1,0.003,1,0.003,2,0.005,0,0,1,0.002,0,0,2,0.004,0,0,3,0.007,0,0,0,0
Region 58,Region 15,0,0,0,0,0,0,0,0,0,0,0,0,0,0,0,0,0,0,0,0,0,0,0,0,0,0,0,0,0,0,0,0,0,0,0,0,0,0,0,0,0,0,0,0,0,0,0,0
Region 58,Region 16,0,0,0,0,0,0,0,0,0,0,0,0,0,0,0,0,0,0,0,0,0,0,0,0,0,0,0,0,0,0,0,0,0,0,0,0,0,0,0,0,0,0,0,0,0,0,0,0
Region 58,Region 17,0,0,0,0,0,0,0,0,0,0,0,0,0,0,0,0,0,0,0,0,0,0,0,0,1,0.003,0,0,0,0,0,0,0,0,0,0,1,0.002,0,0,1,0.002,0,0,0,0,0,0
Region 58,Region 18,0,0,0,0,0,0,0,0,0,0,0,0,0,0,0,0,0,0,0,0,0,0,0,0,0,0,0,0,0,0,0,0,0,0,0,0,0,0,0,0,0,0,0,0,0,0,0,0
Region 58,Region 19,0,0,0,0,0,0,0,0,0,0,0,0,0,0,0,0,0,0,0,0,0,0,0,0,0,0,0,0,0,0,0,0,0,0,0,0,0,0,0,0,0,0,0,0,0,0,0,0
Region 58,Region 20,0,0,0,0,0,0,0,0,0,0,0,0,0,0,0,0,0,0,0,0,0,0,0,0,0,0,0,0,0,0,0,0,0,0,0,0,1,0.002,0,0,0,0,0,0,0,0,0,0
Region 58,Region 21,0,0,0,0,0,0,0,0,0,0,0,0,0,0,0,0,0,0,0,0,0,0,0,0,0,0,0,0,0,0,0,0,0,0,0,0,0,0,0,0,0,0,0,0,0,0,0,0
Region 58,Region 22,0,0,0,0,0,0,0,0,0,0,0,0,0,0,0,0,0,0,0,0,0,0,0,0,0,0,0,0,0,0,0,0,0,0,0,0,0,0,0,0,0,0,0,0,0,0,0,0
Region 58,Region 23,0,0,0,0,0,0,0,0,0,0,0,0,0,0,0,0,0,0,0,0,0,0,0,0,0,0,0,0,0,0,0,0,0,0,0,0,0,0,0,0,0,0,1,0.002,0,0,0,0
Region 58,Region 24,1,0.004,0,0,0,0,0,0,0,0,0,0,0,0,0,0,0,0,0,0,0,0,0,0,0,0,0,0,0,0,0,0,1,0.002,0,0,0,0,0,0,0,0,0,0,0,0,0,0
Region 58,Region 25,0,0,0,0,0,0,0,0,0,0,0,0,0,0,0,0,0,0,0,0,0,0,0,0,0,0,0,0,0,0,0,0,0,0,0,0,0,0,0,0,0,0,0,0,0,0,0,0
Region 58,Region 26,0,0,0,0,0,0,0,0,0,0,0,0,0,0,0,0,0,0,0,0,0,0,0,0,0,0,0,0,0,0,0,0,0,0,0,0,0,0,0,0,0,0,0,0,0,0,0,0
Region 58,Region 27,0,0,0,0,0,0,0,0,0,0,0,0,0,0,0,0,0,0,0,0,0,0,0,0,0,0,0,0,0,0,0,0,0,0,0,0,0,0,0,0,0,0,0,0,0,0,0,0
Region 58,Region 28,0,0,0,0,0,0,0,0,0,0,0,0,0,0,0,0,0,0,0,0,0,0,0,0,0,0,0,0,0,0,0,0,0,0,0,0,0,0,0,0,0,0,0,0,0,0,0,0
Region 58,Region 29,0,0,0,0,0,0,0,0,0,0,0,0,0,0,0,0,0,0,0,0,0,0,0,0,0,0,0,0,0,0,0,0,0,0,3,0.006,3,0.006,0,0,0,0,0,0,0,0,0,0
Region 58,Region 30,0,0,0,0,0,0,0,0,0,0,0,0,0,0,0,0,0,0,0,0,0,0,0,0,0,0,0,0,0,0,0,0,0,0,0,0,0,0,0,0,0,0,0,0,0,0,0,0
Region 58,Region 31,0,0,0,0,0,0,0,0,0,0,0,0,0,0,0,0,0,0,0,0,0,0,0,0,0,0,0,0,0,0,0,0,0,0,0,0,0,0,0,0,0,0,0,0,0,0,0,0
Region 58,Region 32,0,0,0,0,0,0,0,0,0,0,0,0,0,0,0,0,0,0,0,0,0,0,0,0,1,0.003,1,0.003,1,0.003,0,0,0,0,0,0,0,0,0,0,1,0.002,1,0.002,0,0,0,0
Region 58,Region 33,0,0,0,0,0,0,0,0,0,0,0,0,0,0,0,0,0,0,0,0,0,0,0,0,0,0,0,0,0,0,0,0,0,0,0,0,0,0,0,0,0,0,0,0,0,0,0,0
Region 58,Region 34,0,0,0,0,0,0,0,0,0,0,0,0,0,0,0,0,0,0,0,0,0,0,0,0,0,0,0,0,0,0,0,0,0,0,0,0,0,0,0,0,0,0,0,0,0,0,0,0
Region 58,Region 35,0,0,0,0,0,0,0,0,0,0,0,0,0,0,0,0,0,0,0,0,0,0,0,0,0,0,0,0,0,0,0,0,0,0,0,0,0,0,0,0,0,0,0,0,0,0,0,0
Region 58,Region 36,0,0,0,0,0,0,1,0.012,0,0,0,0,0,0,0,0,0,0,0,0,0,0,0,0,0,0,0,0,0,0,0,0,0,0,0,0,0,0,0,0,1,0.002,0,0,0,0,0,0
Region 58,Region 37,0,0,0,0,0,0,0,0,0,0,0,0,0,0,0,0,0,0,0,0,0,0,0,0,0,0,0,0,0,0,0,0,0,0,0,0,0,0,1,0.002,0,0,0,0,0,0,0,0
Region 58,Region 38,0,0,0,0,0,0,0,0,0,0,0,0,0,0,0,0,0,0,0,0,0,0,0,0,0,0,0,0,0,0,0,0,0,0,0,0,0,0,0,0,0,0,0,0,0,0,0,0
Region 58,Region 39,0,0,0,0,0,0,0,0,0,0,0,0,0,0,0,0,0,0,0,0,0,0,0,0,0,0,0,0,0,0,0,0,0,0,0,0,0,0,0,0,0,0,0,0,0,0,0,0
Region 58,Region 40,0,0,0,0,0,0,0,0,0,0,0,0,0,0,0,0,0,0,0,0,0,0,0,0,0,0,0,0,0,0,0,0,0,0,0,0,0,0,0,0,0,0,0,0,0,0,0,0
Region 58,Region 41,2,0.007,2,0.012,3,0.025,0,0,0,0,0,0,0,0,1,0.012,3,0.018,9,0.024,8,0.016,6,0.013,5,0.013,3,0.008,4,0.01,5,0.012,7,0.017,6,0.012,4,0.008,2,0.004,2,0.004,4,0.009,2,0.005,2,0.006
Region 58,Region 42,0,0,0,0,0,0,0,0,0,0,0,0,0,0,0,0,0,0,0,0,0,0,0,0,0,0,0,0,0,0,0,0,0,0,0,0,0,0,0,0,0,0,0,0,0,0,0,0
Region 58,Region 43,0,0,0,0,0,0,0,0,0,0,0,0,0,0,0,0,0,0,0,0,0,0,0,0,0,0,0,0,0,0,0,0,0,0,0,0,0,0,0,0,0,0,0,0,0,0,0,0
Region 58,Region 44,0,0,0,0,0,0,0,0,0,0,0,0,0,0,0,0,0,0,0,0,0,0,0,0,0,0,0,0,0,0,0,0,0,0,0,0,0,0,0,0,0,0,0,0,0,0,0,0
Region 58,Region 45,0,0,0,0,0,0,0,0,0,0,0,0,0,0,0,0,0,0,0,0,0,0,0,0,0,0,0,0,0,0,0,0,0,0,0,0,0,0,0,0,0,0,0,0,0,0,0,0
Region 58,Region 46,0,0,0,0,0,0,0,0,0,0,0,0,0,0,0,0,0,0,0,0,0,0,0,0,0,0,0,0,0,0,0,0,0,0,0,0,0,0,1,0.002,0,0,0,0,0,0,0,0
Region 58,Region 47,0,0,0,0,0,0,0,0,0,0,0,0,0,0,0,0,0,0,0,0,0,0,0,0,0,0,0,0,0,0,0,0,0,0,0,0,0,0,1,0.002,2,0.004,1,0.002,0,0,0,0
Region 58,Region 48,0,0,0,0,0,0,0,0,0,0,0,0,0,0,0,0,0,0,0,0,0,0,0,0,0,0,0,0,0,0,0,0,1,0.002,0,0,0,0,0,0,0,0,0,0,0,0,0,0
Region 58,Region 49,0,0,0,0,0,0,0,0,0,0,0,0,0,0,0,0,0,0,0,0,0,0,0,0,0,0,0,0,0,0,0,0,0,0,0,0,0,0,0,0,0,0,0,0,0,0,0,0
Region 58,Region 50,0,0,0,0,0,0,1,0.012,0,0,0,0,0,0,0,0,0,0,0,0,0,0,1,0.002,0,0,0,0,0,0,0,0,0,0,0,0,0,0,0,0,0,0,0,0,0,0,0,0
Region 58,Region 51,0,0,0,0,0,0,0,0,0,0,0,0,0,0,0,0,0,0,0,0,0,0,0,0,0,0,0,0,0,0,0,0,0,0,0,0,0,0,0,0,0,0,0,0,0,0,0,0
Region 58,Region 52,0,0,0,0,0,0,0,0,0,0,0,0,0,0,0,0,0,0,0,0,0,0,0,0,0,0,0,0,0,0,0,0,0,0,0,0,0,0,0,0,0,0,0,0,0,0,0,0
Region 58,Region 53,0,0,0,0,0,0,0,0,0,0,0,0,0,0,0,0,0,0,0,0,0,0,0,0,0,0,0,0,0,0,0,0,0,0,0,0,0,0,0,0,0,0,1,0.002,0,0,0,0
Region 58,Region 54,0,0,0,0,0,0,0,0,0,0,0,0,0,0,0,0,0,0,0,0,0,0,0,0,0,0,0,0,0,0,0,0,0,0,0,0,1,0.002,0,0,0,0,0,0,0,0,0,0
Region 58,Region 55,0,0,0,0,0,0,0,0,0,0,0,0,0,0,0,0,0,0,0,0,0,0,0,0,0,0,0,0,0,0,0,0,1,0.002,0,0,0,0,0,0,0,0,0,0,0,0,0,0
Region 58,Region 56,0,0,0,0,0,0,0,0,0,0,0,0,0,0,0,0,0,0,0,0,0,0,0,0,0,0,0,0,0,0,0,0,0,0,0,0,0,0,0,0,0,0,0,0,0,0,0,0
Region 58,Region 57,0,0,0,0,0,0,0,0,0,0,0,0,0,0,0,0,1,0.006,0,0,0,0,0,0,0,0,0,0,0,0,0,0,0,0,0,0,0,0,0,0,0,0,0,0,0,0,0,0
Region 58,Region 58,0,0,0,0,0,0,0,0,0,0,0,0,0,0,0,0,0,0,0,0,0,0,1,0.002,0,0,0,0,0,0,1,0.002,0,0,0,0,0,0,0,0,0,0,0,0,0,0,0,0
Region 58,Region 59,0,0,0,0,0,0,0,0,0,0,0,0,0,0,0,0,0,0,0,0,0,0,0,0,0,0,0,0,0,0,0,0,0,0,0,0,1,0.002,0,0,0,0,0,0,0,0,0,0
Region 58,Region 60,0,0,0,0,0,0,0,0,0,0,0,0,0,0,1,0.012,0,0,0,0,0,0,0,0,0,0,0,0,0,0,0,0,0,0,0,0,0,0,0,0,0,0,0,0,0,0,0,0
Region 58,Region 61,0,0,0,0,0,0,0,0,0,0,0,0,0,0,0,0,0,0,0,0,0,0,1,0.002,0,0,0,0,0,0,0,0,0,0,0,0,0,0,0,0,0,0,0,0,0,0,0,0
Region 58,Region 62,0,0,1,0.006,0,0,0,0,0,0,0,0,0,0,0,0,0,0,1,0.003,1,0.002,0,0,1,0.003,0,0,1,0.003,1,0.002,1,0.002,1,0.002,2,0.004,3,0.006,0,0,0,0,0,0,0,0
Region 58,Region 63,0,0,0,0,0,0,0,0,0,0,0,0,0,0,0,0,0,0,0,0,0,0,0,0,0,0,0,0,0,0,0,0,0,0,0,0,0,0,0,0,0,0,0,0,0,0,0,0
Region 58,Region 64,0,0,0,0,0,0,0,0,0,0,0,0,0,0,0,0,0,0,0,0,0,0,0,0,0,0,0,0,0,0,0,0,0,0,0,0,0,0,0,0,0,0,0,0,0,0,0,0
Region 58,Region 65,0,0,0,0,0,0,0,0,0,0,0,0,0,0,0,0,0,0,0,0,0,0,0,0,0,0,0,0,0,0,0,0,0,0,0,0,0,0,0,0,0,0,0,0,0,0,0,0
Region 58,Region 66,0,0,0,0,0,0,0,0,0,0,0,0,0,0,0,0,0,0,0,0,0,0,0,0,0,0,0,0,0,0,0,0,0,0,1,0.002,1,0.002,0,0,0,0,0,0,1,0.003,0,0
Region 58,Region 67,0,0,0,0,0,0,0,0,0,0,0,0,0,0,0,0,0,0,0,0,0,0,0,0,0,0,0,0,0,0,0,0,0,0,1,0.002,0,0,1,0.002,0,0,0,0,0,0,0,0
Region 58,Region 68,0,0,0,0,0,0,0,0,0,0,0,0,0,0,0,0,0,0,0,0,0,0,0,0,0,0,0,0,0,0,0,0,0,0,0,0,0,0,0,0,0,0,0,0,0,0,0,0
Region 58,Region 69,0,0,0,0,0,0,0,0,0,0,0,0,0,0,0,0,0,0,0,0,0,0,0,0,1,0.003,0,0,0,0,0,0,0,0,0,0,0,0,0,0,0,0,0,0,0,0,0,0
Region 58,Region 70,0,0,0,0,0,0,0,0,0,0,0,0,0,0,0,0,0,0,0,0,0,0,0,0,0,0,0,0,0,0,0,0,0,0,0,0,0,0,0,0,0,0,0,0,0,0,0,0
Region 58,Region 71,0,0,0,0,0,0,1,0.012,0,0,0,0,0,0,0,0,0,0,0,0,0,0,0,0,1,0.003,0,0,0,0,0,0,2,0.005,0,0,0,0,1,0.002,1,0.002,1,0.002,0,0,0,0
Region 58,Region 72,0,0,0,0,0,0,0,0,0,0,0,0,0,0,0,0,0,0,0,0,0,0,0,0,0,0,0,0,0,0,0,0,0,0,0,0,0,0,0,0,0,0,0,0,0,0,0,0
Region 58,Region 73,0,0,0,0,0,0,0,0,0,0,0,0,0,0,0,0,0,0,1,0.003,1,0.002,0,0,0,0,0,0,0,0,0,0,0,0,0,0,0,0,0,0,0,0,0,0,0,0,0,0
Region 58,Region 74,0,0,0,0,0,0,0,0,0,0,0,0,0,0,0,0,0,0,0,0,0,0,0,0,0,0,0,0,0,0,0,0,0,0,0,0,0,0,0,0,0,0,0,0,0,0,0,0
Region 58,Region 75,0,0,0,0,0,0,0,0,0,0,0,0,0,0,0,0,0,0,0,0,0,0,0,0,0,0,0,0,0,0,1,0.002,0,0,0,0,0,0,0,0,1,0.002,0,0,0,0,0,0
Region 59,Region 0,0,0,0,0,0,0,0,0,0,0,0,0,0,0,0,0,0,0,0,0,0,0,0,0,0,0,0,0,0,0,0,0,0,0,0,0,0,0,0,0,0,0,0,0,0,0,0,0
Region 59,Region 1,0,0,0,0,0,0,0,0,0,0,0,0,0,0,0,0,0,0,0,0,0,0,0,0,1,0.003,0,0,0,0,0,0,0,0,0,0,0,0,0,0,0,0,0,0,0,0,0,0
Region 59,Region 2,0,0,0,0,0,0,0,0,0,0,0,0,0,0,0,0,0,0,0,0,0,0,0,0,0,0,0,0,0,0,0,0,0,0,0,0,0,0,0,0,0,0,0,0,0,0,0,0
Region 59,Region 3,0,0,0,0,0,0,0,0,0,0,0,0,0,0,0,0,0,0,0,0,0,0,0,0,0,0,0,0,0,0,0,0,0,0,0,0,0,0,0,0,0,0,0,0,0,0,0,0
Region 59,Region 4,0,0,0,0,0,0,0,0,0,0,0,0,0,0,0,0,0,0,0,0,0,0,0,0,0,0,0,0,0,0,1,0.002,0,0,0,0,0,0,0,0,0,0,0,0,0,0,0,0
Region 59,Region 5,0,0,0,0,0,0,0,0,0,0,0,0,0,0,0,0,0,0,0,0,0,0,0,0,0,0,0,0,0,0,0,0,0,0,0,0,0,0,0,0,0,0,0,0,0,0,0,0
Region 59,Region 6,0,0,0,0,0,0,0,0,0,0,0,0,0,0,0,0,0,0,0,0,0,0,0,0,0,0,0,0,0,0,0,0,0,0,0,0,0,0,0,0,0,0,0,0,0,0,0,0
Region 59,Region 7,0,0,0,0,0,0,0,0,0,0,0,0,0,0,0,0,0,0,0,0,0,0,0,0,0,0,0,0,0,0,0,0,0,0,0,0,0,0,0,0,0,0,0,0,0,0,0,0
Region 59,Region 8,0,0,0,0,0,0,0,0,0,0,0,0,0,0,0,0,0,0,0,0,2,0.004,1,0.002,1,0.003,0,0,0,0,1,0.002,2,0.005,0,0,1,0.002,0,0,0,0,0,0,0,0,0,0
Region 59,Region 9,0,0,0,0,0,0,0,0,0,0,0,0,0,0,0,0,0,0,0,0,0,0,0,0,0,0,0,0,0,0,0,0,0,0,0,0,0,0,0,0,0,0,0,0,0,0,0,0
Region 59,Region 10,0,0,0,0,0,0,0,0,0,0,0,0,0,0,0,0,0,0,0,0,0,0,0,0,0,0,0,0,0,0,0,0,0,0,0,0,0,0,0,0,0,0,0,0,0,0,0,0
Region 59,Region 11,0,0,0,0,0,0,0,0,0,0,0,0,0,0,0,0,0,0,0,0,0,0,0,0,0,0,0,0,0,0,0,0,0,0,0,0,0,0,0,0,0,0,0,0,0,0,0,0
Region 59,Region 12,0,0,0,0,0,0,0,0,0,0,0,0,0,0,0,0,0,0,0,0,0,0,0,0,0,0,0,0,0,0,0,0,0,0,0,0,0,0,0,0,0,0,0,0,0,0,0,0
Region 59,Region 13,0,0,0,0,0,0,0,0,0,0,0,0,0,0,0,0,0,0,0,0,0,0,0,0,0,0,0,0,0,0,0,0,0,0,1,0.002,0,0,0,0,0,0,0,0,0,0,0,0
Region 59,Region 14,0,0,0,0,0,0,0,0,0,0,0,0,0,0,0,0,0,0,0,0,0,0,0,0,0,0,0,0,0,0,1,0.002,0,0,0,0,0,0,0,0,0,0,1,0.002,0,0,0,0
Region 59,Region 15,0,0,0,0,0,0,0,0,0,0,0,0,0,0,0,0,0,0,0,0,0,0,0,0,0,0,0,0,0,0,0,0,0,0,0,0,0,0,0,0,0,0,0,0,0,0,0,0
Region 59,Region 16,0,0,0,0,0,0,0,0,0,0,0,0,0,0,0,0,0,0,0,0,0,0,0,0,0,0,0,0,0,0,0,0,0,0,0,0,0,0,0,0,0,0,0,0,0,0,0,0
Region 59,Region 17,0,0,0,0,0,0,0,0,0,0,0,0,0,0,0,0,0,0,0,0,0,0,0,0,0,0,0,0,0,0,0,0,0,0,0,0,0,0,0,0,0,0,1,0.002,0,0,0,0
Region 59,Region 18,0,0,0,0,0,0,0,0,0,0,0,0,0,0,0,0,0,0,0,0,0,0,0,0,0,0,0,0,0,0,0,0,0,0,0,0,0,0,0,0,0,0,0,0,0,0,0,0
Region 59,Region 19,0,0,0,0,0,0,0,0,0,0,0,0,0,0,0,0,0,0,0,0,0,0,0,0,0,0,0,0,0,0,0,0,0,0,0,0,0,0,0,0,0,0,0,0,0,0,0,0
Region 59,Region 20,0,0,0,0,0,0,0,0,0,0,0,0,0,0,0,0,0,0,0,0,0,0,0,0,0,0,0,0,0,0,0,0,0,0,0,0,0,0,0,0,0,0,0,0,0,0,0,0
Region 59,Region 21,0,0,0,0,0,0,0,0,0,0,0,0,0,0,0,0,0,0,0,0,0,0,0,0,0,0,0,0,0,0,0,0,0,0,0,0,0,0,0,0,0,0,0,0,0,0,0,0
Region 59,Region 22,0,0,0,0,0,0,0,0,0,0,0,0,0,0,0,0,0,0,0,0,0,0,0,0,0,0,0,0,0,0,0,0,0,0,0,0,0,0,0,0,0,0,0,0,0,0,0,0
Region 59,Region 23,0,0,0,0,0,0,0,0,0,0,0,0,0,0,0,0,0,0,0,0,0,0,0,0,0,0,0,0,0,0,0,0,0,0,0,0,0,0,0,0,0,0,0,0,0,0,0,0
Region 59,Region 24,0,0,0,0,0,0,0,0,0,0,0,0,0,0,0,0,0,0,0,0,0,0,0,0,0,0,0,0,0,0,0,0,0,0,0,0,0,0,0,0,0,0,0,0,0,0,0,0
Region 59,Region 25,0,0,0,0,0,0,0,0,0,0,0,0,0,0,0,0,0,0,0,0,0,0,0,0,0,0,0,0,0,0,0,0,0,0,0,0,0,0,0,0,0,0,0,0,0,0,0,0
Region 59,Region 26,0,0,0,0,0,0,0,0,0,0,0,0,0,0,0,0,0,0,0,0,0,0,0,0,0,0,0,0,0,0,0,0,0,0,0,0,0,0,0,0,0,0,0,0,0,0,0,0
Region 59,Region 27,0,0,0,0,0,0,0,0,0,0,0,0,0,0,0,0,0,0,0,0,0,0,0,0,0,0,0,0,0,0,0,0,0,0,0,0,0,0,0,0,0,0,0,0,0,0,0,0
Region 59,Region 28,0,0,0,0,0,0,0,0,0,0,0,0,0,0,0,0,0,0,0,0,0,0,0,0,0,0,0,0,0,0,0,0,0,0,0,0,0,0,0,0,1,0.002,0,0,0,0,0,0
Region 59,Region 29,0,0,0,0,0,0,0,0,0,0,0,0,0,0,0,0,0,0,0,0,0,0,0,0,0,0,0,0,0,0,0,0,0,0,0,0,0,0,0,0,0,0,0,0,0,0,0,0
Region 59,Region 30,0,0,0,0,0,0,0,0,0,0,0,0,0,0,0,0,0,0,0,0,0,0,0,0,0,0,0,0,0,0,0,0,0,0,0,0,0,0,0,0,0,0,0,0,0,0,0,0
Region 59,Region 31,0,0,0,0,0,0,0,0,0,0,0,0,0,0,0,0,0,0,0,0,0,0,0,0,0,0,0,0,0,0,0,0,0,0,0,0,0,0,0,0,0,0,0,0,0,0,0,0
Region 59,Region 32,0,0,0,0,0,0,0,0,0,0,0,0,0,0,0,0,0,0,1,0.003,0,0,0,0,0,0,0,0,0,0,0,0,1,0.002,0,0,0,0,0,0,0,0,0,0,0,0,1,0.003
Region 59,Region 33,0,0,0,0,0,0,0,0,0,0,0,0,0,0,0,0,0,0,0,0,0,0,0,0,0,0,0,0,0,0,0,0,0,0,0,0,0,0,0,0,0,0,0,0,0,0,0,0
Region 59,Region 34,0,0,0,0,0,0,0,0,0,0,0,0,0,0,0,0,0,0,0,0,0,0,0,0,0,0,0,0,0,0,0,0,0,0,0,0,0,0,0,0,0,0,0,0,0,0,0,0
Region 59,Region 35,0,0,0,0,0,0,0,0,0,0,0,0,0,0,0,0,0,0,0,0,0,0,0,0,0,0,0,0,0,0,0,0,0,0,0,0,0,0,0,0,0,0,0,0,0,0,0,0
Region 59,Region 36,0,0,0,0,0,0,0,0,0,0,0,0,0,0,0,0,0,0,0,0,0,0,0,0,0,0,0,0,0,0,0,0,0,0,0,0,0,0,0,0,0,0,0,0,0,0,0,0
Region 59,Region 37,0,0,0,0,0,0,0,0,0,0,0,0,0,0,0,0,0,0,0,0,0,0,0,0,0,0,0,0,0,0,0,0,0,0,0,0,0,0,0,0,0,0,0,0,0,0,0,0
Region 59,Region 38,0,0,0,0,0,0,0,0,0,0,0,0,0,0,0,0,0,0,0,0,0,0,0,0,0,0,0,0,0,0,0,0,0,0,0,0,0,0,0,0,0,0,0,0,0,0,0,0
Region 59,Region 39,0,0,0,0,0,0,0,0,0,0,0,0,0,0,0,0,0,0,0,0,0,0,0,0,0,0,0,0,0,0,0,0,0,0,0,0,0,0,0,0,0,0,0,0,0,0,0,0
Region 59,Region 40,0,0,0,0,0,0,0,0,0,0,0,0,0,0,0,0,0,0,0,0,0,0,0,0,0,0,0,0,0,0,0,0,0,0,0,0,0,0,0,0,0,0,0,0,0,0,0,0
Region 59,Region 41,0,0,0,0,0,0,0,0,0,0,0,0,0,0,0,0,0,0,0,0,3,0.006,0,0,0,0,0,0,0,0,0,0,0,0,0,0,0,0,0,0,0,0,0,0,0,0,0,0
Region 59,Region 42,0,0,0,0,0,0,0,0,0,0,0,0,0,0,0,0,0,0,0,0,0,0,0,0,0,0,0,0,0,0,0,0,0,0,0,0,0,0,0,0,0,0,0,0,0,0,0,0
Region 59,Region 43,0,0,0,0,0,0,0,0,0,0,0,0,0,0,0,0,0,0,0,0,0,0,0,0,0,0,0,0,0,0,0,0,0,0,0,0,0,0,0,0,0,0,0,0,0,0,0,0
Region 59,Region 44,0,0,0,0,0,0,0,0,0,0,0,0,0,0,0,0,0,0,0,0,0,0,0,0,0,0,0,0,0,0,0,0,0,0,0,0,0,0,0,0,0,0,0,0,0,0,0,0
Region 59,Region 45,0,0,0,0,0,0,0,0,0,0,0,0,0,0,0,0,0,0,0,0,0,0,0,0,0,0,0,0,0,0,0,0,0,0,0,0,0,0,0,0,0,0,0,0,0,0,0,0
Region 59,Region 46,0,0,0,0,0,0,0,0,0,0,0,0,0,0,0,0,0,0,0,0,0,0,0,0,0,0,1,0.003,0,0,1,0.002,0,0,0,0,0,0,0,0,0,0,0,0,0,0,0,0
Region 59,Region 47,0,0,0,0,0,0,0,0,0,0,0,0,0,0,0,0,0,0,0,0,0,0,0,0,0,0,0,0,1,0.003,0,0,0,0,0,0,0,0,0,0,0,0,0,0,0,0,0,0
Region 59,Region 48,0,0,0,0,0,0,0,0,0,0,0,0,0,0,0,0,0,0,0,0,0,0,0,0,0,0,0,0,0,0,0,0,0,0,0,0,0,0,0,0,0,0,0,0,0,0,0,0
Region 59,Region 49,0,0,0,0,0,0,0,0,0,0,0,0,0,0,0,0,0,0,0,0,0,0,0,0,0,0,0,0,0,0,0,0,0,0,0,0,0,0,0,0,0,0,0,0,0,0,0,0
Region 59,Region 50,0,0,0,0,0,0,0,0,0,0,0,0,0,0,0,0,0,0,0,0,0,0,0,0,0,0,0,0,0,0,0,0,0,0,0,0,0,0,0,0,0,0,0,0,0,0,0,0
Region 59,Region 51,0,0,0,0,0,0,0,0,0,0,0,0,0,0,0,0,0,0,0,0,0,0,0,0,0,0,0,0,0,0,0,0,0,0,0,0,1,0.002,0,0,0,0,0,0,0,0,0,0
Region 59,Region 52,0,0,0,0,0,0,0,0,0,0,0,0,0,0,0,0,0,0,0,0,0,0,0,0,0,0,0,0,0,0,0,0,0,0,0,0,0,0,0,0,0,0,0,0,0,0,0,0
Region 59,Region 53,0,0,1,0.006,0,0,0,0,0,0,0,0,0,0,0,0,0,0,0,0,0,0,0,0,0,0,0,0,0,0,0,0,0,0,0,0,0,0,1,0.002,0,0,0,0,0,0,0,0
Region 59,Region 54,0,0,0,0,0,0,0,0,0,0,0,0,0,0,0,0,0,0,0,0,0,0,0,0,0,0,0,0,0,0,0,0,0,0,0,0,0,0,0,0,0,0,0,0,0,0,0,0
Region 59,Region 55,0,0,0,0,0,0,0,0,0,0,0,0,0,0,0,0,0,0,0,0,0,0,0,0,0,0,0,0,0,0,0,0,0,0,0,0,0,0,0,0,0,0,0,0,0,0,0,0
Region 59,Region 56,0,0,0,0,0,0,0,0,0,0,0,0,0,0,0,0,0,0,0,0,0,0,0,0,0,0,0,0,0,0,0,0,0,0,0,0,0,0,0,0,0,0,0,0,0,0,0,0
Region 59,Region 57,0,0,0,0,0,0,0,0,0,0,0,0,0,0,0,0,0,0,0,0,0,0,0,0,0,0,0,0,0,0,0,0,0,0,0,0,0,0,0,0,0,0,0,0,0,0,0,0
Region 59,Region 58,0,0,0,0,0,0,0,0,0,0,0,0,0,0,0,0,0,0,0,0,0,0,0,0,0,0,0,0,0,0,0,0,0,0,0,0,0,0,0,0,0,0,0,0,0,0,0,0
Region 59,Region 59,0,0,0,0,0,0,1,0.012,0,0,0,0,0,0,0,0,0,0,0,0,0,0,0,0,0,0,0,0,0,0,0,0,0,0,0,0,0,0,0,0,0,0,0,0,0,0,0,0
Region 59,Region 60,0,0,0,0,0,0,0,0,0,0,0,0,0,0,0,0,0,0,0,0,0,0,0,0,0,0,0,0,0,0,0,0,0,0,0,0,0,0,0,0,0,0,0,0,0,0,0,0
Region 59,Region 61,0,0,0,0,0,0,0,0,0,0,0,0,0,0,0,0,0,0,0,0,0,0,0,0,0,0,0,0,0,0,0,0,0,0,0,0,0,0,0,0,0,0,0,0,0,0,0,0
Region 59,Region 62,0,0,0,0,0,0,0,0,0,0,0,0,0,0,0,0,0,0,0,0,0,0,1,0.002,0,0,0,0,0,0,0,0,0,0,0,0,0,0,1,0.002,0,0,0,0,0,0,0,0
Region 59,Region 63,0,0,0,0,0,0,0,0,0,0,0,0,0,0,0,0,0,0,0,0,0,0,0,0,0,0,0,0,0,0,0,0,0,0,0,0,0,0,0,0,0,0,0,0,0,0,0,0
Region 59,Region 64,0,0,0,0,0,0,0,0,0,0,0,0,0,0,0,0,0,0,0,0,0,0,0,0,0,0,0,0,0,0,0,0,0,0,0,0,0,0,0,0,0,0,0,0,0,0,0,0
Region 59,Region 65,0,0,0,0,0,0,0,0,0,0,0,0,0,0,0,0,0,0,0,0,0,0,0,0,0,0,0,0,0,0,0,0,0,0,0,0,0,0,0,0,0,0,0,0,0,0,0,0
Region 59,Region 66,0,0,0,0,0,0,0,0,0,0,0,0,0,0,0,0,0,0,0,0,0,0,0,0,0,0,1,0.003,0,0,0,0,0,0,1,0.002,0,0,0,0,1,0.002,0,0,0,0,0,0
Region 59,Region 67,0,0,0,0,0,0,0,0,0,0,0,0,0,0,0,0,0,0,0,0,0,0,0,0,0,0,0,0,0,0,0,0,0,0,0,0,0,0,0,0,0,0,0,0,0,0,0,0
Region 59,Region 68,0,0,0,0,0,0,0,0,0,0,0,0,0,0,0,0,0,0,0,0,0,0,0,0,0,0,0,0,0,0,0,0,0,0,0,0,0,0,0,0,0,0,0,0,0,0,0,0
Region 59,Region 69,0,0,0,0,0,0,0,0,0,0,0,0,0,0,0,0,0,0,0,0,0,0,0,0,0,0,0,0,0,0,0,0,0,0,0,0,0,0,0,0,0,0,0,0,0,0,0,0
Region 59,Region 70,0,0,0,0,0,0,0,0,0,0,0,0,0,0,0,0,0,0,0,0,0,0,0,0,0,0,0,0,0,0,0,0,0,0,0,0,0,0,1,0.002,0,0,0,0,0,0,0,0
Region 59,Region 71,0,0,0,0,0,0,0,0,0,0,0,0,0,0,0,0,0,0,0,0,0,0,0,0,0,0,0,0,0,0,0,0,0,0,0,0,1,0.002,0,0,0,0,0,0,0,0,0,0
Region 59,Region 72,0,0,0,0,0,0,0,0,0,0,0,0,0,0,0,0,0,0,0,0,0,0,0,0,0,0,0,0,0,0,0,0,0,0,0,0,0,0,0,0,0,0,0,0,0,0,0,0
Region 59,Region 73,0,0,0,0,0,0,0,0,0,0,0,0,0,0,0,0,0,0,0,0,0,0,0,0,0,0,0,0,0,0,0,0,0,0,0,0,0,0,0,0,0,0,0,0,0,0,0,0
Region 59,Region 74,0,0,0,0,0,0,0,0,0,0,0,0,0,0,0,0,0,0,0,0,0,0,0,0,0,0,0,0,0,0,0,0,0,0,0,0,0,0,0,0,0,0,0,0,0,0,0,0
Region 59,Region 75,0,0,0,0,0,0,0,0,0,0,0,0,0,0,0,0,0,0,1,0.003,0,0,0,0,0,0,0,0,0,0,0,0,0,0,0,0,0,0,0,0,0,0,0,0,0,0,0,0
Region 60,Region 0,0,0,0,0,0,0,0,0,0,0,0,0,0,0,0,0,0,0,0,0,1,0.002,0,0,0,0,0,0,0,0,0,0,0,0,0,0,0,0,2,0.004,0,0,1,0.002,1,0.003,0,0
Region 60,Region 1,0,0,0,0,0,0,0,0,0,0,0,0,0,0,0,0,0,0,0,0,0,0,0,0,0,0,0,0,0,0,0,0,0,0,0,0,0,0,0,0,0,0,0,0,0,0,0,0
Region 60,Region 2,1,0.004,1,0.006,1,0.008,1,0.012,0,0,0,0,0,0,1,0.012,0,0,2,0.005,2,0.004,3,0.007,2,0.005,1,0.003,4,0.01,2,0.005,1,0.002,5,0.01,3,0.006,6,0.012,8,0.016,6,0.013,3,0.008,1,0.003
Region 60,Region 3,6,0.021,2,0.012,0,0,2,0.025,1,0.018,2,0.045,0,0,0,0,1,0.006,2,0.005,1,0.002,5,0.011,4,0.01,3,0.008,4,0.01,5,0.012,4,0.01,7,0.015,10,0.019,10,0.021,11,0.022,9,0.02,5,0.013,5,0.016
Region 60,Region 4,0,0,0,0,1,0.008,1,0.012,2,0.037,0,0,0,0,0,0,1,0.006,0,0,2,0.004,1,0.002,0,0,0,0,0,0,2,0.005,1,0.002,4,0.008,4,0.008,6,0.012,7,0.014,1,0.002,1,0.003,2,0.006
Region 60,Region 5,11,0.039,1,0.006,1,0.008,0,0,2,0.037,0,0,0,0,1,0.012,2,0.012,4,0.011,8,0.016,6,0.013,6,0.015,12,0.032,10,0.026,7,0.017,10,0.024,11,0.023,16,0.03,15,0.031,16,0.032,8,0.017,4,0.011,9,0.028
Region 60,Region 6,0,0,0,0,0,0,0,0,0,0,0,0,0,0,0,0,0,0,0,0,0,0,0,0,0,0,0,0,0,0,0,0,0,0,0,0,0,0,0,0,0,0,0,0,0,0,0,0
Region 60,Region 7,41,0.145,14,0.082,10,0.082,8,0.099,5,0.092,3,0.068,2,0.042,3,0.037,19,0.115,26,0.069,24,0.049,70,0.152,74,0.191,65,0.171,80,0.205,68,0.166,51,0.123,67,0.139,63,0.12,67,0.139,57,0.113,53,0.115,48,0.126,21,0.066
Region 60,Region 8,0,0,0,0,0,0,0,0,0,0,0,0,0,0,0,0,0,0,0,0,0,0,0,0,0,0,0,0,0,0,0,0,0,0,0,0,0,0,0,0,0,0,0,0,0,0,0,0
Region 60,Region 9,0,0,0,0,0,0,0,0,0,0,0,0,0,0,0,0,0,0,0,0,0,0,0,0,0,0,0,0,0,0,0,0,0,0,0,0,0,0,0,0,0,0,0,0,0,0,0,0
Region 60,Region 10,0,0,0,0,0,0,0,0,1,0.018,0,0,0,0,0,0,0,0,0,0,1,0.002,2,0.004,1,0.003,1,0.003,1,0.003,1,0.002,1,0.002,2,0.004,2,0.004,1,0.002,4,0.008,2,0.004,1,0.003,6,0.019
Region 60,Region 11,0,0,0,0,0,0,0,0,0,0,0,0,0,0,0,0,0,0,0,0,0,0,0,0,0,0,0,0,0,0,0,0,0,0,0,0,0,0,0,0,0,0,0,0,0,0,0,0
Region 60,Region 12,12,0.042,7,0.041,10,0.082,2,0.025,4,0.074,2,0.045,3,0.063,3,0.037,3,0.018,7,0.018,23,0.047,26,0.056,27,0.07,18,0.047,27,0.069,43,0.105,31,0.075,43,0.089,51,0.097,61,0.126,48,0.095,31,0.067,21,0.055,17,0.053
Region 60,Region 13,2,0.007,1,0.006,1,0.008,1,0.012,0,0,1,0.023,0,0,0,0,1,0.006,1,0.003,0,0,3,0.007,0,0,0,0,0,0,2,0.005,5,0.012,3,0.006,4,0.008,5,0.01,4,0.008,3,0.007,5,0.013,3,0.009
Region 60,Region 14,129,0.455,79,0.463,58,0.477,48,0.595,41,0.756,32,0.724,23,0.482,24,0.295,53,0.321,93,0.246,176,0.356,215,0.467,203,0.523,237,0.625,263,0.674,278,0.678,292,0.705,285,0.592,339,0.646,328,0.679,279,0.553,241,0.522,298,0.785,208,0.654
Region 60,Region 15,0,0,0,0,0,0,0,0,0,0,0,0,0,0,0,0,0,0,0,0,0,0,0,0,0,0,0,0,0,0,0,0,0,0,0,0,0,0,0,0,0,0,0,0,0,0,0,0
Region 60,Region 16,0,0,0,0,0,0,0,0,0,0,0,0,0,0,0,0,0,0,0,0,0,0,0,0,0,0,0,0,0,0,0,0,0,0,0,0,0,0,0,0,0,0,0,0,0,0,0,0
Region 60,Region 17,1,0.004,1,0.006,0,0,0,0,0,0,0,0,0,0,0,0,0,0,1,0.003,0,0,0,0,0,0,1,0.003,0,0,1,0.002,1,0.002,2,0.004,4,0.008,1,0.002,0,0,1,0.002,2,0.005,2,0.006
Region 60,Region 18,0,0,1,0.006,0,0,0,0,0,0,0,0,0,0,0,0,1,0.006,0,0,2,0.004,1,0.002,2,0.005,1,0.003,1,0.003,0,0,3,0.007,3,0.006,7,0.013,6,0.012,3,0.006,5,0.011,1,0.003,2,0.006
Region 60,Region 19,11,0.039,2,0.012,2,0.016,2,0.025,1,0.018,0,0,1,0.021,1,0.012,0,0,4,0.011,8,0.016,4,0.009,17,0.044,15,0.04,15,0.038,10,0.024,15,0.036,19,0.039,19,0.036,11,0.023,33,0.065,8,0.017,9,0.024,14,0.044
Region 60,Region 20,45,0.159,32,0.188,16,0.132,15,0.186,12,0.221,9,0.204,4,0.084,9,0.111,22,0.133,41,0.108,52,0.105,51,0.111,51,0.131,67,0.177,73,0.187,80,0.195,86,0.208,84,0.174,96,0.183,98,0.203,113,0.224,77,0.167,66,0.174,57,0.179
Region 60,Region 21,2,0.007,1,0.006,4,0.033,1,0.012,1,0.018,0,0,0,0,1,0.012,0,0,2,0.005,4,0.008,3,0.007,6,0.015,7,0.018,6,0.015,7,0.017,5,0.012,8,0.017,9,0.017,9,0.019,5,0.01,5,0.011,2,0.005,0,0
Region 60,Region 22,5,0.018,3,0.018,3,0.025,3,0.037,2,0.037,1,0.023,1,0.021,1,0.012,1,0.006,6,0.016,20,0.04,12,0.026,9,0.023,14,0.037,21,0.054,11,0.027,19,0.046,23,0.048,30,0.057,20,0.041,23,0.046,10,0.022,7,0.018,12,0.038
Region 60,Region 23,1,0.004,1,0.006,0,0,2,0.025,0,0,1,0.023,0,0,0,0,1,0.006,0,0,1,0.002,0,0,0,0,0,0,0,0,0,0,1,0.002,2,0.004,1,0.002,4,0.008,2,0.004,3,0.007,0,0,0,0
Region 60,Region 24,0,0,0,0,0,0,0,0,0,0,0,0,0,0,0,0,0,0,0,0,0,0,0,0,1,0.003,1,0.003,1,0.003,1,0.002,0,0,3,0.006,4,0.008,1,0.002,2,0.004,0,0,1,0.003,0,0
Region 60,Region 25,0,0,0,0,0,0,0,0,0,0,0,0,0,0,0,0,0,0,0,0,0,0,0,0,0,0,0,0,1,0.003,0,0,0,0,1,0.002,1,0.002,1,0.002,2,0.004,1,0.002,0,0,0,0
Region 60,Region 26,0,0,0,0,0,0,0,0,0,0,0,0,0,0,0,0,0,0,0,0,0,0,0,0,0,0,2,0.005,1,0.003,1,0.002,0,0,0,0,1,0.002,0,0,1,0.002,2,0.004,1,0.003,0,0
Region 60,Region 27,0,0,0,0,0,0,0,0,0,0,0,0,0,0,0,0,0,0,0,0,0,0,0,0,0,0,1,0.003,0,0,1,0.002,1,0.002,2,0.004,0,0,1,0.002,0,0,3,0.007,0,0,1,0.003
Region 60,Region 28,0,0,0,0,0,0,0,0,0,0,0,0,1,0.021,0,0,0,0,0,0,0,0,0,0,0,0,0,0,0,0,0,0,0,0,0,0,2,0.004,0,0,0,0,1,0.002,0,0,1,0.003
Region 60,Region 29,33,0.116,22,0.129,23,0.189,11,0.136,9,0.166,9,0.204,5,0.105,1,0.012,6,0.036,26,0.069,40,0.081,65,0.141,60,0.155,71,0.187,60,0.154,63,0.154,53,0.128,67,0.139,64,0.122,41,0.085,51,0.101,34,0.074,30,0.079,25,0.079
Region 60,Region 30,0,0,2,0.012,1,0.008,0,0,0,0,0,0,0,0,0,0,0,0,3,0.008,11,0.022,3,0.007,4,0.01,6,0.016,6,0.015,4,0.01,3,0.007,7,0.015,6,0.011,6,0.012,11,0.022,6,0.013,8,0.021,2,0.006
Region 60,Region 31,4,0.014,3,0.018,1,0.008,2,0.025,0,0,0,0,1,0.021,0,0,0,0,2,0.005,4,0.008,1,0.002,4,0.01,5,0.013,2,0.005,7,0.017,7,0.017,8,0.017,10,0.019,9,0.019,11,0.022,10,0.022,4,0.011,9,0.028
Region 60,Region 32,0,0,0,0,0,0,0,0,0,0,0,0,0,0,0,0,0,0,1,0.003,0,0,1,0.002,0,0,0,0,0,0,1,0.002,4,0.01,1,0.002,1,0.002,2,0.004,2,0.004,1,0.002,1,0.003,0,0
Region 60,Region 33,0,0,0,0,1,0.008,0,0,0,0,0,0,0,0,0,0,0,0,0,0,0,0,0,0,0,0,0,0,0,0,1,0.002,0,0,0,0,2,0.004,1,0.002,1,0.002,0,0,0,0,0,0
Region 60,Region 34,0,0,0,0,0,0,0,0,0,0,0,0,0,0,0,0,0,0,0,0,0,0,0,0,0,0,0,0,0,0,0,0,0,0,0,0,0,0,0,0,0,0,0,0,0,0,0,0
Region 60,Region 35,0,0,0,0,0,0,0,0,0,0,0,0,0,0,0,0,0,0,0,0,0,0,0,0,0,0,0,0,0,0,0,0,0,0,0,0,0,0,0,0,0,0,0,0,0,0,0,0
Region 60,Region 36,1,0.004,0,0,1,0.008,0,0,0,0,0,0,0,0,0,0,0,0,0,0,0,0,1,0.002,0,0,1,0.003,0,0,1,0.002,1,0.002,3,0.006,2,0.004,4,0.008,0,0,1,0.002,1,0.003,1,0.003
Region 60,Region 37,2,0.007,1,0.006,0,0,0,0,1,0.018,0,0,0,0,0,0,0,0,0,0,1,0.002,2,0.004,1,0.003,1,0.003,2,0.005,1,0.002,3,0.007,1,0.002,1,0.002,3,0.006,2,0.004,4,0.009,1,0.003,0,0
Region 60,Region 38,3,0.011,1,0.006,0,0,1,0.012,0,0,1,0.023,1,0.021,0,0,0,0,0,0,4,0.008,6,0.013,5,0.013,2,0.005,8,0.02,11,0.027,5,0.012,4,0.008,8,0.015,8,0.017,14,0.028,6,0.013,7,0.018,5,0.016
Region 60,Region 39,0,0,0,0,0,0,0,0,0,0,0,0,0,0,0,0,0,0,0,0,0,0,0,0,1,0.003,0,0,0,0,3,0.007,0,0,0,0,4,0.008,0,0,2,0.004,0,0,0,0,1,0.003
Region 60,Region 40,0,0,0,0,0,0,0,0,0,0,0,0,0,0,0,0,0,0,0,0,0,0,0,0,0,0,0,0,0,0,0,0,0,0,0,0,0,0,0,0,0,0,0,0,0,0,0,0
Region 60,Region 41,0,0,0,0,0,0,0,0,0,0,0,0,1,0.021,0,0,0,0,0,0,0,0,0,0,1,0.003,2,0.005,2,0.005,0,0,0,0,1,0.002,0,0,1,0.002,0,0,1,0.002,0,0,0,0
Region 60,Region 42,0,0,0,0,0,0,0,0,0,0,0,0,0,0,0,0,0,0,0,0,0,0,0,0,0,0,0,0,0,0,0,0,0,0,0,0,0,0,0,0,0,0,0,0,0,0,0,0
Region 60,Region 43,0,0,1,0.006,0,0,0,0,1,0.018,0,0,0,0,0,0,0,0,2,0.005,0,0,1,0.002,0,0,2,0.005,1,0.003,0,0,2,0.005,3,0.006,3,0.006,0,0,0,0,0,0,0,0,0,0
Region 60,Region 44,0,0,0,0,0,0,0,0,0,0,0,0,0,0,0,0,0,0,0,0,0,0,0,0,0,0,0,0,0,0,0,0,0,0,0,0,0,0,0,0,0,0,0,0,0,0,0,0
Region 60,Region 45,8,0.028,1,0.006,3,0.025,0,0,0,0,2,0.045,1,0.021,0,0,3,0.018,0,0,4,0.008,6,0.013,11,0.028,10,0.026,5,0.013,9,0.022,10,0.024,14,0.029,12,0.023,18,0.037,19,0.038,14,0.03,12,0.032,7,0.022
Region 60,Region 46,0,0,0,0,0,0,0,0,0,0,0,0,0,0,0,0,0,0,1,0.003,0,0,0,0,1,0.003,5,0.013,3,0.008,2,0.005,1,0.002,3,0.006,6,0.011,1,0.002,2,0.004,5,0.011,3,0.008,1,0.003
Region 60,Region 47,0,0,1,0.006,0,0,1,0.012,0,0,0,0,1,0.021,0,0,0,0,6,0.016,11,0.022,5,0.011,5,0.013,7,0.018,5,0.013,8,0.02,6,0.014,12,0.025,12,0.023,17,0.035,10,0.02,6,0.013,12,0.032,4,0.013
Region 60,Region 48,4,0.014,2,0.012,5,0.041,1,0.012,5,0.092,0,0,0,0,0,0,0,0,1,0.003,13,0.026,10,0.022,15,0.039,10,0.026,12,0.031,14,0.034,14,0.034,15,0.031,15,0.029,30,0.062,23,0.046,13,0.028,9,0.024,11,0.035
Region 60,Region 49,1,0.004,2,0.012,4,0.033,0,0,0,0,0,0,1,0.021,0,0,0,0,0,0,1,0.002,2,0.004,2,0.005,1,0.003,5,0.013,2,0.005,2,0.005,4,0.008,8,0.015,9,0.019,8,0.016,3,0.007,4,0.011,5,0.016
Region 60,Region 50,0,0,0,0,0,0,0,0,0,0,0,0,1,0.021,0,0,1,0.006,1,0.003,4,0.008,5,0.011,2,0.005,1,0.003,5,0.013,5,0.012,2,0.005,7,0.015,6,0.011,8,0.017,7,0.014,9,0.02,0,0,6,0.019
Region 60,Region 51,3,0.011,2,0.012,0,0,1,0.012,1,0.018,0,0,0,0,0,0,0,0,2,0.005,2,0.004,3,0.007,4,0.01,8,0.021,3,0.008,2,0.005,4,0.01,7,0.015,7,0.013,3,0.006,7,0.014,5,0.011,3,0.008,1,0.003
Region 60,Region 52,2,0.007,0,0,0,0,1,0.012,0,0,0,0,0,0,0,0,1,0.006,0,0,1,0.002,3,0.007,0,0,1,0.003,1,0.003,1,0.002,2,0.005,2,0.004,7,0.013,7,0.014,4,0.008,1,0.002,1,0.003,1,0.003
Region 60,Region 53,1,0.004,0,0,0,0,0,0,0,0,0,0,0,0,0,0,0,0,0,0,1,0.002,1,0.002,1,0.003,3,0.008,3,0.008,3,0.007,3,0.007,3,0.006,6,0.011,5,0.01,4,0.008,5,0.011,2,0.005,1,0.003
Region 60,Region 54,4,0.014,5,0.029,2,0.016,1,0.012,2,0.037,0,0,0,0,0,0,2,0.012,3,0.008,2,0.004,2,0.004,1,0.003,3,0.008,5,0.013,8,0.02,6,0.014,7,0.015,10,0.019,13,0.027,16,0.032,7,0.015,5,0.013,5,0.016
Region 60,Region 55,0,0,0,0,0,0,0,0,0,0,0,0,0,0,0,0,0,0,0,0,2,0.004,0,0,0,0,0,0,0,0,0,0,0,0,0,0,1,0.002,1,0.002,0,0,0,0,0,0,1,0.003
Region 60,Region 56,0,0,0,0,1,0.008,0,0,0,0,0,0,0,0,0,0,0,0,0,0,0,0,0,0,1,0.003,0,0,1,0.003,0,0,0,0,3,0.006,1,0.002,2,0.004,0,0,2,0.004,0,0,1,0.003
Region 60,Region 57,0,0,0,0,0,0,0,0,1,0.018,0,0,1,0.021,1,0.012,0,0,0,0,0,0,0,0,0,0,0,0,0,0,1,0.002,0,0,0,0,1,0.002,0,0,1,0.002,0,0,0,0,0,0
Region 60,Region 58,0,0,0,0,0,0,0,0,0,0,0,0,0,0,0,0,0,0,0,0,0,0,0,0,0,0,0,0,0,0,0,0,0,0,0,0,0,0,0,0,0,0,0,0,0,0,0,0
Region 60,Region 59,0,0,0,0,0,0,0,0,0,0,0,0,0,0,0,0,0,0,0,0,0,0,0,0,0,0,0,0,0,0,0,0,0,0,0,0,0,0,0,0,0,0,0,0,0,0,0,0
Region 60,Region 60,39,0.138,17,0.1,16,0.132,6,0.074,9,0.166,3,0.068,8,0.168,11,0.135,33,0.2,42,0.111,119,0.241,170,0.369,147,0.379,134,0.353,175,0.448,164,0.4,143,0.345,137,0.285,152,0.29,130,0.269,88,0.174,89,0.193,58,0.153,48,0.151
Region 60,Region 61,0,0,1,0.006,0,0,0,0,0,0,2,0.045,0,0,0,0,1,0.006,1,0.003,0,0,0,0,0,0,0,0,1,0.003,2,0.005,2,0.005,2,0.004,1,0.002,2,0.004,1,0.002,2,0.004,2,0.005,0,0
Region 60,Region 62,4,0.014,4,0.023,2,0.016,1,0.012,0,0,0,0,0,0,0,0,0,0,2,0.005,3,0.006,2,0.004,3,0.008,5,0.013,5,0.013,8,0.02,3,0.007,6,0.012,8,0.015,4,0.008,4,0.008,2,0.004,4,0.011,1,0.003
Region 60,Region 63,0,0,0,0,0,0,0,0,0,0,0,0,0,0,0,0,0,0,0,0,0,0,0,0,0,0,0,0,0,0,0,0,0,0,0,0,0,0,0,0,0,0,0,0,0,0,0,0
Region 60,Region 64,20,0.071,3,0.018,6,0.049,2,0.025,4,0.074,0,0,3,0.063,1,0.012,3,0.018,14,0.037,20,0.04,17,0.037,10,0.026,15,0.04,16,0.041,24,0.059,24,0.058,33,0.069,40,0.076,30,0.062,27,0.054,15,0.033,14,0.037,10,0.031
Region 60,Region 65,3,0.011,3,0.018,1,0.008,3,0.037,1,0.018,0,0,0,0,0,0,0,0,0,0,0,0,0,0,2,0.005,1,0.003,1,0.003,2,0.005,3,0.007,3,0.006,8,0.015,3,0.006,4,0.008,2,0.004,4,0.011,4,0.013
Region 60,Region 66,1,0.004,0,0,2,0.016,0,0,0,0,0,0,0,0,0,0,0,0,3,0.008,0,0,1,0.002,3,0.008,0,0,2,0.005,2,0.005,0,0,6,0.012,2,0.004,6,0.012,2,0.004,2,0.004,0,0,5,0.016
Region 60,Region 67,7,0.025,2,0.012,2,0.016,0,0,3,0.055,1,0.023,1,0.021,0,0,1,0.006,7,0.018,2,0.004,9,0.02,12,0.031,6,0.016,16,0.041,17,0.041,9,0.022,12,0.025,18,0.034,24,0.05,17,0.034,11,0.024,8,0.021,7,0.022
Region 60,Region 68,2,0.007,3,0.018,1,0.008,2,0.025,0,0,0,0,0,0,0,0,1,0.006,2,0.005,3,0.006,11,0.024,4,0.01,4,0.011,2,0.005,5,0.012,7,0.017,8,0.017,6,0.011,5,0.01,6,0.012,7,0.015,3,0.008,5,0.016
Region 60,Region 69,2,0.007,0,0,0,0,2,0.025,0,0,0,0,2,0.042,0,0,1,0.006,2,0.005,3,0.006,3,0.007,8,0.021,8,0.021,7,0.018,8,0.02,11,0.027,11,0.023,12,0.023,16,0.033,15,0.03,6,0.013,5,0.013,9,0.028
Region 60,Region 70,19,0.067,8,0.047,7,0.058,4,0.05,3,0.055,2,0.045,4,0.084,4,0.049,6,0.036,19,0.05,47,0.095,39,0.085,50,0.129,44,0.116,50,0.128,51,0.124,51,0.123,62,0.129,70,0.133,56,0.116,56,0.111,51,0.111,28,0.074,31,0.097
Region 60,Region 71,0,0,1,0.006,2,0.016,0,0,0,0,0,0,0,0,1,0.012,0,0,1,0.003,2,0.004,0,0,1,0.003,3,0.008,0,0,0,0,0,0,1,0.002,4,0.008,4,0.008,4,0.008,2,0.004,5,0.013,0,0
Region 60,Region 72,0,0,0,0,0,0,0,0,0,0,0,0,0,0,0,0,0,0,0,0,0,0,0,0,0,0,0,0,0,0,0,0,0,0,0,0,0,0,0,0,0,0,0,0,0,0,0,0
Region 60,Region 73,0,0,0,0,0,0,0,0,0,0,0,0,0,0,0,0,0,0,0,0,0,0,0,0,0,0,0,0,0,0,0,0,0,0,0,0,0,0,0,0,0,0,0,0,0,0,0,0
Region 60,Region 74,5,0.018,2,0.012,2,0.016,3,0.037,2,0.037,0,0,1,0.021,0,0,0,0,2,0.005,3,0.006,4,0.009,2,0.005,7,0.018,5,0.013,8,0.02,9,0.022,9,0.019,13,0.025,18,0.037,22,0.044,14,0.03,8,0.021,8,0.025
Region 60,Region 75,0,0,0,0,0,0,0,0,0,0,0,0,0,0,0,0,0,0,0,0,2,0.004,0,0,0,0,0,0,0,0,0,0,0,0,0,0,2,0.004,0,0,1,0.002,0,0,0,0,0,0
Region 61,Region 0,5,0.018,0,0,0,0,0,0,0,0,0,0,0,0,0,0,0,0,0,0,2,0.004,2,0.004,0,0,0,0,1,0.003,1,0.002,1,0.002,1,0.002,1,0.002,3,0.006,2,0.004,1,0.002,0,0,0,0
Region 61,Region 1,0,0,0,0,0,0,0,0,0,0,0,0,0,0,0,0,0,0,0,0,0,0,0,0,0,0,0,0,0,0,0,0,0,0,0,0,0,0,0,0,0,0,0,0,0,0,0,0
Region 61,Region 2,1,0.004,2,0.012,2,0.016,3,0.037,0,0,0,0,0,0,0,0,5,0.03,27,0.071,28,0.057,35,0.076,11,0.028,12,0.032,14,0.036,8,0.02,12,0.029,16,0.033,23,0.044,7,0.014,15,0.03,7,0.015,4,0.011,1,0.003
Region 61,Region 3,0,0,0,0,0,0,0,0,0,0,0,0,0,0,1,0.012,1,0.006,2,0.005,1,0.002,1,0.002,0,0,2,0.005,1,0.003,0,0,1,0.002,4,0.008,3,0.006,3,0.006,3,0.006,3,0.007,3,0.008,1,0.003
Region 61,Region 4,2,0.007,1,0.006,1,0.008,0,0,0,0,0,0,0,0,0,0,0,0,1,0.003,1,0.002,2,0.004,0,0,0,0,0,0,2,0.005,1,0.002,0,0,0,0,0,0,1,0.002,2,0.004,1,0.003,0,0
Region 61,Region 5,0,0,0,0,0,0,0,0,0,0,0,0,0,0,0,0,0,0,0,0,2,0.004,0,0,0,0,1,0.003,0,0,1,0.002,0,0,1,0.002,1,0.002,2,0.004,5,0.01,1,0.002,0,0,0,0
Region 61,Region 6,0,0,0,0,0,0,0,0,0,0,0,0,0,0,0,0,0,0,0,0,0,0,0,0,0,0,0,0,0,0,0,0,0,0,0,0,0,0,0,0,0,0,0,0,0,0,0,0
Region 61,Region 7,0,0,0,0,0,0,0,0,0,0,0,0,0,0,0,0,0,0,4,0.011,1,0.002,4,0.009,0,0,2,0.005,0,0,2,0.005,3,0.007,1,0.002,0,0,0,0,1,0.002,1,0.002,1,0.003,0,0
Region 61,Region 8,0,0,0,0,0,0,0,0,0,0,0,0,0,0,0,0,0,0,0,0,0,0,0,0,0,0,0,0,0,0,0,0,0,0,0,0,0,0,0,0,0,0,0,0,0,0,0,0
Region 61,Region 9,0,0,0,0,0,0,0,0,0,0,0,0,0,0,0,0,0,0,0,0,0,0,0,0,0,0,0,0,0,0,0,0,0,0,0,0,0,0,0,0,0,0,0,0,0,0,0,0
Region 61,Region 10,9,0.032,2,0.012,2,0.016,1,0.012,1,0.018,0,0,1,0.021,1,0.012,1,0.006,2,0.005,10,0.02,3,0.007,9,0.023,4,0.011,8,0.02,6,0.015,11,0.027,5,0.01,13,0.025,8,0.017,9,0.018,7,0.015,6,0.016,6,0.019
Region 61,Region 11,0,0,0,0,0,0,0,0,0,0,0,0,0,0,0,0,0,0,0,0,0,0,0,0,0,0,0,0,0,0,0,0,0,0,0,0,0,0,0,0,0,0,0,0,0,0,0,0
Region 61,Region 12,1,0.004,0,0,1,0.008,2,0.025,1,0.018,0,0,0,0,0,0,0,0,5,0.013,5,0.01,4,0.009,1,0.003,1,0.003,4,0.01,2,0.005,4,0.01,3,0.006,1,0.002,0,0,2,0.004,3,0.007,2,0.005,0,0
Region 61,Region 13,0,0,0,0,0,0,0,0,0,0,0,0,0,0,0,0,0,0,0,0,0,0,2,0.004,0,0,1,0.003,0,0,0,0,1,0.002,0,0,1,0.002,0,0,0,0,0,0,0,0,0,0
Region 61,Region 14,2,0.007,2,0.012,0,0,0,0,0,0,0,0,2,0.042,3,0.037,1,0.006,5,0.013,7,0.014,8,0.017,6,0.015,4,0.011,6,0.015,2,0.005,5,0.012,2,0.004,3,0.006,3,0.006,5,0.01,2,0.004,1,0.003,4,0.013
Region 61,Region 15,0,0,0,0,0,0,0,0,0,0,0,0,0,0,0,0,0,0,0,0,0,0,0,0,0,0,0,0,0,0,0,0,0,0,0,0,0,0,0,0,0,0,0,0,0,0,0,0
Region 61,Region 16,0,0,0,0,0,0,0,0,0,0,0,0,0,0,0,0,0,0,0,0,0,0,0,0,0,0,0,0,0,0,0,0,0,0,0,0,0,0,0,0,0,0,0,0,0,0,0,0
Region 61,Region 17,0,0,0,0,0,0,0,0,0,0,0,0,0,0,0,0,0,0,0,0,0,0,0,0,1,0.003,2,0.005,1,0.003,2,0.005,0,0,1,0.002,2,0.004,0,0,4,0.008,2,0.004,1,0.003,0,0
Region 61,Region 18,0,0,0,0,0,0,0,0,0,0,0,0,0,0,0,0,1,0.006,2,0.005,4,0.008,4,0.009,0,0,2,0.005,2,0.005,0,0,0,0,3,0.006,0,0,3,0.006,2,0.004,4,0.009,2,0.005,1,0.003
Region 61,Region 19,0,0,1,0.006,0,0,0,0,0,0,0,0,0,0,0,0,0,0,0,0,0,0,0,0,0,0,0,0,1,0.003,1,0.002,1,0.002,0,0,1,0.002,0,0,0,0,0,0,0,0,0,0
Region 61,Region 20,1,0.004,0,0,0,0,0,0,0,0,0,0,0,0,2,0.025,3,0.018,4,0.011,7,0.014,11,0.024,9,0.023,4,0.011,0,0,2,0.005,5,0.012,4,0.008,3,0.006,2,0.004,0,0,2,0.004,0,0,0,0
Region 61,Region 21,2,0.007,0,0,0,0,0,0,0,0,0,0,0,0,0,0,0,0,2,0.005,5,0.01,8,0.017,7,0.018,4,0.011,1,0.003,3,0.007,6,0.014,4,0.008,7,0.013,8,0.017,7,0.014,12,0.026,7,0.018,2,0.006
Region 61,Region 22,0,0,0,0,0,0,0,0,0,0,0,0,0,0,0,0,0,0,1,0.003,4,0.008,1,0.002,3,0.008,0,0,1,0.003,2,0.005,2,0.005,2,0.004,2,0.004,1,0.002,3,0.006,1,0.002,2,0.005,1,0.003
Region 61,Region 23,4,0.014,2,0.012,0,0,1,0.012,0,0,0,0,0,0,0,0,0,0,0,0,3,0.006,4,0.009,1,0.003,2,0.005,0,0,1,0.002,0,0,2,0.004,7,0.013,5,0.01,1,0.002,1,0.002,4,0.011,1,0.003
Region 61,Region 24,1,0.004,0,0,0,0,0,0,0,0,0,0,0,0,0,0,0,0,2,0.005,1,0.002,4,0.009,9,0.023,1,0.003,5,0.013,3,0.007,4,0.01,3,0.006,8,0.015,7,0.014,6,0.012,5,0.011,1,0.003,4,0.013
Region 61,Region 25,0,0,0,0,0,0,0,0,0,0,0,0,0,0,0,0,0,0,0,0,0,0,2,0.004,0,0,0,0,0,0,0,0,2,0.005,0,0,1,0.002,2,0.004,2,0.004,0,0,2,0.005,1,0.003
Region 61,Region 26,3,0.011,2,0.012,1,0.008,0,0,0,0,0,0,0,0,0,0,0,0,5,0.013,8,0.016,5,0.011,1,0.003,4,0.011,4,0.01,6,0.015,3,0.007,2,0.004,5,0.01,3,0.006,6,0.012,4,0.009,3,0.008,2,0.006
Region 61,Region 27,1,0.004,0,0,4,0.033,0,0,1,0.018,0,0,0,0,0,0,0,0,1,0.003,3,0.006,1,0.002,3,0.008,2,0.005,2,0.005,3,0.007,2,0.005,6,0.012,2,0.004,5,0.01,1,0.002,4,0.009,2,0.005,3,0.009
Region 61,Region 28,1,0.004,0,0,0,0,0,0,1,0.018,0,0,0,0,0,0,0,0,1,0.003,0,0,1,0.002,0,0,0,0,0,0,0,0,0,0,1,0.002,1,0.002,0,0,0,0,0,0,0,0,0,0
Region 61,Region 29,0,0,0,0,0,0,0,0,1,0.018,0,0,0,0,1,0.012,1,0.006,3,0.008,4,0.008,5,0.011,3,0.008,1,0.003,1,0.003,4,0.01,3,0.007,2,0.004,1,0.002,1,0.002,0,0,2,0.004,2,0.005,0,0
Region 61,Region 30,1,0.004,2,0.012,0,0,0,0,0,0,0,0,0,0,1,0.012,2,0.012,3,0.008,10,0.02,8,0.017,7,0.018,3,0.008,3,0.008,5,0.012,8,0.019,5,0.01,8,0.015,2,0.004,5,0.01,5,0.011,6,0.016,3,0.009
Region 61,Region 31,1,0.004,1,0.006,0,0,0,0,0,0,0,0,0,0,1,0.012,3,0.018,1,0.003,2,0.004,1,0.002,4,0.01,2,0.005,3,0.008,1,0.002,2,0.005,2,0.004,5,0.01,2,0.004,2,0.004,4,0.009,0,0,0,0
Region 61,Region 32,1,0.004,0,0,0,0,0,0,0,0,0,0,0,0,0,0,0,0,1,0.003,0,0,0,0,1,0.003,4,0.011,2,0.005,3,0.007,1,0.002,1,0.002,2,0.004,0,0,1,0.002,0,0,0,0,1,0.003
Region 61,Region 33,0,0,0,0,0,0,0,0,0,0,0,0,0,0,0,0,0,0,0,0,0,0,1,0.002,1,0.003,0,0,0,0,0,0,0,0,1,0.002,0,0,0,0,1,0.002,0,0,0,0,1,0.003
Region 61,Region 34,0,0,0,0,0,0,0,0,0,0,0,0,0,0,0,0,0,0,0,0,0,0,0,0,0,0,0,0,0,0,0,0,0,0,0,0,0,0,0,0,0,0,0,0,0,0,0,0
Region 61,Region 35,0,0,0,0,0,0,0,0,0,0,0,0,0,0,0,0,0,0,0,0,0,0,0,0,0,0,0,0,0,0,0,0,0,0,0,0,0,0,0,0,0,0,0,0,0,0,0,0
Region 61,Region 36,1,0.004,2,0.012,0,0,0,0,0,0,0,0,1,0.021,0,0,0,0,2,0.005,3,0.006,4,0.009,4,0.01,3,0.008,1,0.003,3,0.007,1,0.002,3,0.006,4,0.008,9,0.019,7,0.014,4,0.009,2,0.005,1,0.003
Region 61,Region 37,0,0,1,0.006,0,0,0,0,0,0,0,0,0,0,0,0,0,0,0,0,2,0.004,0,0,2,0.005,1,0.003,2,0.005,0,0,1,0.002,0,0,3,0.006,3,0.006,3,0.006,2,0.004,1,0.003,2,0.006
Region 61,Region 38,1,0.004,0,0,0,0,0,0,0,0,0,0,0,0,0,0,0,0,1,0.003,1,0.002,4,0.009,0,0,5,0.013,1,0.003,0,0,1,0.002,3,0.006,3,0.006,2,0.004,1,0.002,0,0,0,0,1,0.003
Region 61,Region 39,4,0.014,3,0.018,0,0,0,0,0,0,1,0.023,0,0,0,0,0,0,0,0,6,0.012,14,0.03,3,0.008,4,0.011,1,0.003,4,0.01,7,0.017,8,0.017,5,0.01,4,0.008,5,0.01,4,0.009,4,0.011,2,0.006
Region 61,Region 40,0,0,0,0,0,0,0,0,0,0,0,0,0,0,0,0,0,0,0,0,0,0,0,0,0,0,0,0,0,0,0,0,0,0,0,0,0,0,0,0,0,0,0,0,0,0,0,0
Region 61,Region 41,0,0,0,0,0,0,0,0,0,0,0,0,0,0,0,0,2,0.012,2,0.005,0,0,0,0,1,0.003,0,0,0,0,0,0,3,0.007,0,0,0,0,1,0.002,0,0,0,0,1,0.003,0,0
Region 61,Region 42,0,0,0,0,0,0,0,0,0,0,0,0,0,0,0,0,0,0,0,0,0,0,0,0,0,0,0,0,0,0,0,0,0,0,0,0,0,0,0,0,0,0,0,0,0,0,0,0
Region 61,Region 43,0,0,0,0,0,0,1,0.012,1,0.018,0,0,0,0,0,0,0,0,3,0.008,3,0.006,3,0.007,5,0.013,2,0.005,6,0.015,4,0.01,0,0,2,0.004,3,0.006,7,0.014,2,0.004,1,0.002,1,0.003,1,0.003
Region 61,Region 44,0,0,0,0,0,0,0,0,0,0,0,0,0,0,0,0,0,0,0,0,0,0,0,0,0,0,0,0,0,0,0,0,0,0,0,0,0,0,0,0,0,0,0,0,0,0,0,0
Region 61,Region 45,0,0,0,0,0,0,0,0,0,0,0,0,0,0,0,0,1,0.006,0,0,0,0,0,0,1,0.003,0,0,0,0,0,0,0,0,0,0,0,0,0,0,0,0,1,0.002,0,0,0,0
Region 61,Region 46,0,0,1,0.006,0,0,0,0,0,0,0,0,1,0.021,0,0,1,0.006,1,0.003,3,0.006,1,0.002,3,0.008,2,0.005,1,0.003,3,0.007,2,0.005,4,0.008,3,0.006,0,0,2,0.004,2,0.004,1,0.003,1,0.003
Region 61,Region 47,54,0.19,23,0.135,17,0.14,7,0.087,4,0.074,5,0.113,10,0.21,18,0.221,48,0.291,95,0.251,219,0.443,241,0.523,153,0.394,121,0.319,111,0.284,111,0.271,133,0.321,113,0.235,154,0.293,120,0.248,161,0.319,128,0.277,87,0.229,66,0.208
Region 61,Region 48,0,0,1,0.006,0,0,0,0,0,0,0,0,0,0,0,0,0,0,2,0.005,2,0.004,4,0.009,5,0.013,2,0.005,3,0.008,0,0,0,0,3,0.006,1,0.002,0,0,3,0.006,0,0,1,0.003,2,0.006
Region 61,Region 49,0,0,0,0,0,0,0,0,0,0,0,0,0,0,0,0,0,0,0,0,1,0.002,1,0.002,2,0.005,0,0,2,0.005,1,0.002,0,0,1,0.002,1,0.002,0,0,0,0,1,0.002,1,0.003,0,0
Region 61,Region 50,0,0,0,0,0,0,0,0,0,0,0,0,0,0,0,0,0,0,0,0,1,0.002,0,0,0,0,0,0,0,0,1,0.002,2,0.005,2,0.004,1,0.002,0,0,0,0,3,0.007,0,0,1,0.003
Region 61,Region 51,0,0,4,0.023,1,0.008,0,0,0,0,0,0,0,0,0,0,0,0,0,0,5,0.01,6,0.013,0,0,3,0.008,3,0.008,3,0.007,2,0.005,7,0.015,5,0.01,4,0.008,2,0.004,4,0.009,0,0,1,0.003
Region 61,Region 52,0,0,1,0.006,0,0,0,0,0,0,0,0,1,0.021,0,0,0,0,0,0,0,0,2,0.004,1,0.003,1,0.003,0,0,0,0,1,0.002,1,0.002,0,0,2,0.004,2,0.004,0,0,2,0.005,0,0
Region 61,Region 53,0,0,1,0.006,0,0,0,0,0,0,1,0.023,0,0,0,0,2,0.012,6,0.016,8,0.016,6,0.013,5,0.013,7,0.018,5,0.013,5,0.012,5,0.012,2,0.004,9,0.017,7,0.014,7,0.014,11,0.024,3,0.008,4,0.013
Region 61,Region 54,1,0.004,0,0,0,0,0,0,0,0,0,0,0,0,0,0,0,0,1,0.003,0,0,0,0,1,0.003,0,0,1,0.003,0,0,0,0,4,0.008,0,0,1,0.002,0,0,1,0.002,0,0,1,0.003
Region 61,Region 55,0,0,0,0,0,0,0,0,0,0,0,0,0,0,0,0,0,0,0,0,0,0,0,0,0,0,0,0,0,0,0,0,0,0,0,0,1,0.002,1,0.002,0,0,0,0,0,0,0,0
Region 61,Region 56,0,0,0,0,1,0.008,1,0.012,0,0,0,0,0,0,0,0,0,0,0,0,1,0.002,0,0,0,0,0,0,0,0,1,0.002,0,0,1,0.002,1,0.002,1,0.002,3,0.006,0,0,0,0,0,0
Region 61,Region 57,0,0,0,0,0,0,0,0,0,0,0,0,0,0,0,0,0,0,0,0,0,0,0,0,0,0,2,0.005,0,0,0,0,0,0,1,0.002,0,0,0,0,0,0,0,0,1,0.003,0,0
Region 61,Region 58,0,0,0,0,0,0,0,0,0,0,0,0,0,0,0,0,0,0,0,0,0,0,0,0,0,0,0,0,0,0,0,0,1,0.002,0,0,0,0,0,0,0,0,0,0,0,0,0,0
Region 61,Region 59,0,0,0,0,0,0,0,0,0,0,0,0,0,0,0,0,0,0,0,0,0,0,0,0,0,0,0,0,0,0,0,0,0,0,0,0,0,0,0,0,0,0,0,0,0,0,0,0
Region 61,Region 60,1,0.004,0,0,0,0,0,0,0,0,0,0,0,0,1,0.012,2,0.012,6,0.016,6,0.012,2,0.004,1,0.003,0,0,0,0,0,0,0,0,0,0,1,0.002,2,0.004,1,0.002,1,0.002,1,0.003,0,0
Region 61,Region 61,8,0.028,2,0.012,4,0.033,0,0,1,0.018,0,0,3,0.063,1,0.012,4,0.024,24,0.063,26,0.053,30,0.065,16,0.041,18,0.047,16,0.041,18,0.044,14,0.034,20,0.042,27,0.051,22,0.046,21,0.042,16,0.035,22,0.058,24,0.075
Region 61,Region 62,3,0.011,1,0.006,0,0,0,0,0,0,0,0,0,0,1,0.012,3,0.018,8,0.021,11,0.022,9,0.02,3,0.008,1,0.003,3,0.008,11,0.027,9,0.022,5,0.01,12,0.023,9,0.019,12,0.024,7,0.015,5,0.013,2,0.006
Region 61,Region 63,0,0,0,0,0,0,0,0,0,0,0,0,0,0,0,0,0,0,0,0,0,0,0,0,0,0,0,0,0,0,0,0,0,0,0,0,0,0,0,0,0,0,0,0,0,0,0,0
Region 61,Region 64,1,0.004,0,0,0,0,0,0,0,0,0,0,0,0,0,0,0,0,1,0.003,3,0.006,1,0.002,0,0,1,0.003,1,0.003,1,0.002,1,0.002,0,0,0,0,0,0,3,0.006,2,0.004,1,0.003,0,0
Region 61,Region 65,1,0.004,0,0,0,0,0,0,0,0,0,0,0,0,0,0,0,0,0,0,0,0,1,0.002,1,0.003,0,0,1,0.003,0,0,0,0,1,0.002,2,0.004,2,0.004,1,0.002,0,0,1,0.003,0,0
Region 61,Region 66,2,0.007,0,0,0,0,0,0,0,0,0,0,0,0,0,0,0,0,2,0.005,0,0,5,0.011,2,0.005,0,0,1,0.003,3,0.007,2,0.005,3,0.006,3,0.006,2,0.004,7,0.014,4,0.009,4,0.011,2,0.006
Region 61,Region 67,0,0,0,0,0,0,0,0,0,0,0,0,0,0,0,0,1,0.006,2,0.005,9,0.018,5,0.011,2,0.005,6,0.016,1,0.003,3,0.007,3,0.007,4,0.008,2,0.004,3,0.006,2,0.004,1,0.002,1,0.003,1,0.003
Region 61,Region 68,1,0.004,0,0,0,0,0,0,0,0,0,0,0,0,1,0.012,1,0.006,2,0.005,3,0.006,1,0.002,3,0.008,2,0.005,1,0.003,2,0.005,6,0.014,2,0.004,3,0.006,2,0.004,3,0.006,1,0.002,1,0.003,0,0
Region 61,Region 69,2,0.007,1,0.006,0,0,0,0,0,0,0,0,0,0,1,0.012,0,0,1,0.003,0,0,0,0,3,0.008,1,0.003,4,0.01,5,0.012,4,0.01,3,0.006,3,0.006,2,0.004,5,0.01,4,0.009,0,0,1,0.003
Region 61,Region 70,0,0,0,0,0,0,0,0,0,0,0,0,0,0,0,0,0,0,1,0.003,5,0.01,2,0.004,2,0.005,1,0.003,0,0,6,0.015,0,0,1,0.002,4,0.008,2,0.004,0,0,1,0.002,0,0,0,0
Region 61,Region 71,1,0.004,0,0,0,0,0,0,0,0,0,0,0,0,0,0,0,0,1,0.003,1,0.002,2,0.004,1,0.003,0,0,2,0.005,1,0.002,2,0.005,1,0.002,1,0.002,2,0.004,4,0.008,1,0.002,0,0,1,0.003
Region 61,Region 72,0,0,0,0,0,0,0,0,0,0,0,0,0,0,0,0,0,0,0,0,0,0,0,0,0,0,0,0,0,0,0,0,0,0,0,0,0,0,0,0,0,0,0,0,0,0,0,0
Region 61,Region 73,0,0,0,0,0,0,0,0,0,0,0,0,0,0,0,0,0,0,0,0,1,0.002,0,0,0,0,1,0.003,0,0,0,0,0,0,0,0,0,0,0,0,0,0,0,0,0,0,0,0
Region 61,Region 74,0,0,0,0,0,0,0,0,0,0,0,0,0,0,0,0,0,0,0,0,0,0,0,0,0,0,0,0,2,0.005,0,0,1,0.002,1,0.002,1,0.002,0,0,0,0,0,0,1,0.003,0,0
Region 61,Region 75,0,0,0,0,0,0,0,0,0,0,0,0,0,0,0,0,0,0,0,0,1,0.002,0,0,2,0.005,1,0.003,0,0,0,0,0,0,0,0,2,0.004,0,0,0,0,0,0,0,0,1,0.003
Region 62,Region 0,3,0.011,2,0.012,2,0.016,2,0.025,1,0.018,0,0,0,0,0,0,4,0.024,1,0.003,4,0.008,0,0,6,0.015,9,0.024,1,0.003,3,0.007,2,0.005,4,0.008,2,0.004,3,0.006,7,0.014,2,0.004,3,0.008,4,0.013
Region 62,Region 1,0,0,0,0,0,0,0,0,0,0,0,0,0,0,0,0,0,0,0,0,0,0,0,0,0,0,0,0,0,0,0,0,0,0,0,0,0,0,0,0,0,0,0,0,0,0,0,0
Region 62,Region 2,3,0.011,0,0,1,0.008,0,0,0,0,0,0,0,0,0,0,5,0.03,12,0.032,23,0.047,9,0.02,16,0.041,7,0.018,4,0.01,1,0.002,3,0.007,6,0.012,1,0.002,6,0.012,3,0.006,8,0.017,1,0.003,3,0.009
Region 62,Region 3,2,0.007,0,0,0,0,1,0.012,1,0.018,0,0,0,0,1,0.012,2,0.012,2,0.005,8,0.016,8,0.017,7,0.018,2,0.005,2,0.005,1,0.002,5,0.012,3,0.006,7,0.013,1,0.002,2,0.004,5,0.011,2,0.005,3,0.009
Region 62,Region 4,16,0.056,6,0.035,6,0.049,1,0.012,2,0.037,0,0,3,0.063,1,0.012,6,0.036,17,0.045,19,0.038,26,0.056,22,0.057,17,0.045,15,0.038,28,0.068,19,0.046,33,0.069,53,0.101,58,0.12,54,0.107,40,0.087,18,0.047,20,0.063
Region 62,Region 5,0,0,0,0,1,0.008,0,0,0,0,0,0,0,0,0,0,1,0.006,2,0.005,0,0,0,0,0,0,0,0,1,0.003,0,0,0,0,1,0.002,3,0.006,2,0.004,0,0,1,0.002,2,0.005,0,0
Region 62,Region 6,0,0,0,0,0,0,0,0,0,0,0,0,0,0,0,0,0,0,0,0,0,0,0,0,0,0,0,0,0,0,0,0,0,0,0,0,0,0,0,0,0,0,0,0,0,0,0,0
Region 62,Region 7,1,0.004,2,0.012,1,0.008,0,0,0,0,0,0,0,0,2,0.025,3,0.018,6,0.016,11,0.022,7,0.015,4,0.01,2,0.005,7,0.018,4,0.01,1,0.002,2,0.004,2,0.004,2,0.004,1,0.002,1,0.002,1,0.003,3,0.009
Region 62,Region 8,0,0,0,0,0,0,0,0,0,0,0,0,0,0,0,0,0,0,0,0,0,0,4,0.009,1,0.003,2,0.005,2,0.005,3,0.007,3,0.007,0,0,0,0,1,0.002,0,0,0,0,0,0,0,0
Region 62,Region 9,0,0,0,0,0,0,0,0,0,0,0,0,0,0,0,0,0,0,0,0,0,0,0,0,0,0,0,0,0,0,0,0,0,0,0,0,0,0,0,0,0,0,0,0,0,0,0,0
Region 62,Region 10,8,0.028,3,0.018,0,0,1,0.012,1,0.018,0,0,1,0.021,1,0.012,4,0.024,8,0.021,9,0.018,7,0.015,3,0.008,7,0.018,5,0.013,6,0.015,4,0.01,15,0.031,19,0.036,18,0.037,13,0.026,10,0.022,5,0.013,5,0.016
Region 62,Region 11,0,0,0,0,0,0,0,0,0,0,0,0,0,0,0,0,0,0,0,0,0,0,0,0,0,0,0,0,0,0,0,0,0,0,0,0,0,0,0,0,0,0,0,0,0,0,0,0
Region 62,Region 12,5,0.018,1,0.006,1,0.008,1,0.012,1,0.018,1,0.023,5,0.105,9,0.111,17,0.103,33,0.087,24,0.049,17,0.037,16,0.041,15,0.04,17,0.044,14,0.034,7,0.017,10,0.021,10,0.019,10,0.021,6,0.012,5,0.011,12,0.032,4,0.013
Region 62,Region 13,20,0.071,9,0.053,6,0.049,9,0.112,3,0.055,2,0.045,6,0.126,4,0.049,6,0.036,10,0.026,31,0.063,20,0.043,30,0.077,38,0.1,48,0.123,29,0.071,31,0.075,46,0.096,53,0.101,48,0.099,47,0.093,55,0.119,45,0.119,18,0.057
Region 62,Region 14,7,0.025,7,0.041,2,0.016,3,0.037,1,0.018,3,0.068,13,0.272,25,0.308,24,0.145,36,0.095,29,0.059,33,0.072,33,0.085,22,0.058,16,0.041,30,0.073,16,0.039,12,0.025,12,0.023,18,0.037,16,0.032,18,0.039,15,0.04,14,0.044
Region 62,Region 15,0,0,0,0,0,0,0,0,0,0,0,0,0,0,0,0,0,0,0,0,0,0,0,0,0,0,0,0,0,0,0,0,0,0,0,0,0,0,0,0,0,0,0,0,0,0,0,0
Region 62,Region 16,0,0,0,0,0,0,0,0,0,0,0,0,0,0,0,0,0,0,0,0,0,0,0,0,0,0,0,0,0,0,0,0,0,0,0,0,0,0,0,0,0,0,0,0,0,0,0,0
Region 62,Region 17,40,0.141,26,0.153,6,0.049,4,0.05,5,0.092,1,0.023,1,0.021,2,0.025,6,0.036,42,0.111,40,0.081,25,0.054,36,0.093,40,0.105,32,0.082,47,0.115,46,0.111,46,0.096,64,0.122,64,0.132,78,0.155,58,0.126,64,0.169,61,0.192
Region 62,Region 18,2,0.007,1,0.006,1,0.008,0,0,0,0,0,0,0,0,0,0,2,0.012,3,0.008,6,0.012,11,0.024,10,0.026,7,0.018,6,0.015,6,0.015,5,0.012,4,0.008,7,0.013,3,0.006,4,0.008,4,0.009,4,0.011,2,0.006
Region 62,Region 19,3,0.011,2,0.012,0,0,0,0,0,0,0,0,0,0,0,0,1,0.006,5,0.013,4,0.008,2,0.004,1,0.003,1,0.003,0,0,1,0.002,1,0.002,1,0.002,1,0.002,1,0.002,3,0.006,0,0,0,0,1,0.003
Region 62,Region 20,1,0.004,4,0.023,2,0.016,0,0,1,0.018,1,0.023,0,0,1,0.012,4,0.024,1,0.003,3,0.006,4,0.009,1,0.003,1,0.003,1,0.003,1,0.002,2,0.005,2,0.004,3,0.006,2,0.004,2,0.004,3,0.007,2,0.005,0,0
Region 62,Region 21,1,0.004,1,0.006,2,0.016,2,0.025,0,0,0,0,0,0,0,0,2,0.012,7,0.018,8,0.016,8,0.017,10,0.026,3,0.008,7,0.018,4,0.01,8,0.019,5,0.01,5,0.01,5,0.01,6,0.012,6,0.013,3,0.008,1,0.003
Region 62,Region 22,0,0,0,0,0,0,0,0,0,0,0,0,1,0.021,1,0.012,2,0.012,11,0.029,7,0.014,3,0.007,2,0.005,3,0.008,4,0.01,2,0.005,3,0.007,4,0.008,4,0.008,2,0.004,4,0.008,8,0.017,2,0.005,3,0.009
Region 62,Region 23,17,0.06,11,0.065,4,0.033,4,0.05,2,0.037,0,0,2,0.042,2,0.025,3,0.018,9,0.024,13,0.026,15,0.033,10,0.026,10,0.026,13,0.033,13,0.032,13,0.031,27,0.056,41,0.078,43,0.089,44,0.087,31,0.067,19,0.05,20,0.063
Region 62,Region 24,2,0.007,0,0,0,0,0,0,0,0,0,0,0,0,0,0,4,0.024,7,0.018,2,0.004,3,0.007,5,0.013,4,0.011,3,0.008,3,0.007,4,0.01,6,0.012,4,0.008,3,0.006,3,0.006,1,0.002,0,0,1,0.003
Region 62,Region 25,15,0.053,3,0.018,2,0.016,1,0.012,1,0.018,0,0,0,0,0,0,8,0.048,118,0.312,7,0.014,15,0.033,9,0.023,8,0.021,11,0.028,23,0.056,20,0.048,11,0.023,25,0.048,16,0.033,20,0.04,24,0.052,20,0.053,12,0.038
Region 62,Region 26,0,0,1,0.006,0,0,0,0,0,0,0,0,0,0,0,0,4,0.024,7,0.018,8,0.016,4,0.009,4,0.01,0,0,5,0.013,1,0.002,3,0.007,5,0.01,1,0.002,5,0.01,6,0.012,2,0.004,1,0.003,2,0.006
Region 62,Region 27,5,0.018,2,0.012,3,0.025,3,0.037,0,0,1,0.023,0,0,5,0.062,11,0.067,10,0.026,9,0.018,7,0.015,5,0.013,5,0.013,6,0.015,5,0.012,7,0.017,8,0.017,8,0.015,8,0.017,5,0.01,6,0.013,4,0.011,4,0.013
Region 62,Region 28,1,0.004,0,0,0,0,0,0,0,0,1,0.023,0,0,0,0,1,0.006,3,0.008,3,0.006,5,0.011,7,0.018,4,0.011,2,0.005,4,0.01,1,0.002,4,0.008,3,0.006,2,0.004,1,0.002,3,0.007,2,0.005,5,0.016
Region 62,Region 29,3,0.011,2,0.012,0,0,1,0.012,0,0,3,0.068,1,0.021,2,0.025,1,0.006,7,0.018,10,0.02,8,0.017,8,0.021,5,0.013,3,0.008,5,0.012,4,0.01,4,0.008,4,0.008,4,0.008,2,0.004,1,0.002,1,0.003,0,0
Region 62,Region 30,0,0,0,0,1,0.008,0,0,0,0,0,0,1,0.021,1,0.012,0,0,2,0.005,4,0.008,7,0.015,5,0.013,3,0.008,4,0.01,3,0.007,6,0.014,2,0.004,2,0.004,3,0.006,1,0.002,1,0.002,1,0.003,1,0.003
Region 62,Region 31,2,0.007,3,0.018,3,0.025,1,0.012,0,0,0,0,0,0,2,0.025,1,0.006,7,0.018,13,0.026,9,0.02,10,0.026,10,0.026,2,0.005,3,0.007,6,0.014,7,0.015,8,0.015,5,0.01,5,0.01,6,0.013,3,0.008,4,0.013
Region 62,Region 32,9,0.032,3,0.018,4,0.033,1,0.012,0,0,0,0,1,0.021,1,0.012,7,0.042,13,0.034,14,0.028,6,0.013,14,0.036,9,0.024,5,0.013,12,0.029,6,0.014,16,0.033,24,0.046,20,0.041,22,0.044,16,0.035,11,0.029,6,0.019
Region 62,Region 33,8,0.028,0,0,2,0.016,0,0,0,0,0,0,0,0,0,0,1,0.006,10,0.026,19,0.038,9,0.02,7,0.018,9,0.024,2,0.005,11,0.027,19,0.046,11,0.023,16,0.03,19,0.039,14,0.028,7,0.015,2,0.005,7,0.022
Region 62,Region 34,0,0,0,0,0,0,0,0,0,0,0,0,0,0,0,0,0,0,0,0,0,0,0,0,0,0,0,0,0,0,0,0,0,0,0,0,0,0,0,0,0,0,0,0,0,0,0,0
Region 62,Region 35,0,0,0,0,0,0,0,0,0,0,0,0,0,0,0,0,0,0,0,0,0,0,0,0,0,0,0,0,0,0,0,0,0,0,0,0,0,0,0,0,0,0,0,0,0,0,0,0
Region 62,Region 36,12,0.042,6,0.035,0,0,1,0.012,0,0,0,0,0,0,2,0.025,14,0.085,40,0.106,9,0.018,14,0.03,12,0.031,13,0.034,13,0.033,21,0.051,18,0.043,18,0.037,26,0.05,22,0.046,32,0.063,16,0.035,12,0.032,14,0.044
Region 62,Region 37,3,0.011,1,0.006,1,0.008,0,0,0,0,0,0,1,0.021,1,0.012,1,0.006,2,0.005,7,0.014,6,0.013,11,0.028,4,0.011,6,0.015,4,0.01,4,0.01,9,0.019,14,0.027,10,0.021,14,0.028,6,0.013,5,0.013,5,0.016
Region 62,Region 38,0,0,3,0.018,1,0.008,0,0,0,0,0,0,1,0.021,1,0.012,2,0.012,12,0.032,16,0.032,12,0.026,11,0.028,6,0.016,2,0.005,10,0.024,4,0.01,4,0.008,6,0.011,3,0.006,9,0.018,9,0.02,3,0.008,3,0.009
Region 62,Region 39,0,0,1,0.006,0,0,0,0,0,0,0,0,0,0,0,0,2,0.012,1,0.003,4,0.008,1,0.002,1,0.003,3,0.008,3,0.008,2,0.005,2,0.005,1,0.002,2,0.004,1,0.002,1,0.002,0,0,0,0,0,0
Region 62,Region 40,0,0,0,0,0,0,0,0,0,0,0,0,0,0,0,0,0,0,0,0,0,0,0,0,0,0,0,0,0,0,0,0,0,0,0,0,0,0,0,0,0,0,0,0,0,0,0,0
Region 62,Region 41,8,0.028,18,0.106,1,0.008,2,0.025,3,0.055,6,0.136,8,0.168,15,0.185,35,0.212,65,0.172,41,0.083,21,0.046,19,0.049,11,0.029,13,0.033,6,0.015,11,0.027,10,0.021,7,0.013,9,0.019,9,0.018,2,0.004,6,0.016,12,0.038
Region 62,Region 42,0,0,0,0,0,0,0,0,0,0,0,0,0,0,0,0,0,0,0,0,0,0,0,0,0,0,0,0,0,0,0,0,0,0,0,0,0,0,0,0,0,0,0,0,0,0,0,0
Region 62,Region 43,5,0.018,4,0.023,1,0.008,0,0,0,0,0,0,0,0,0,0,3,0.018,4,0.011,6,0.012,4,0.009,2,0.005,2,0.005,6,0.015,4,0.01,2,0.005,5,0.01,4,0.008,1,0.002,3,0.006,1,0.002,1,0.003,1,0.003
Region 62,Region 44,0,0,0,0,0,0,0,0,0,0,0,0,0,0,0,0,0,0,0,0,0,0,0,0,0,0,0,0,0,0,0,0,0,0,0,0,0,0,0,0,0,0,0,0,0,0,0,0
Region 62,Region 45,0,0,0,0,0,0,0,0,0,0,0,0,2,0.042,1,0.012,0,0,2,0.005,3,0.006,2,0.004,4,0.01,0,0,2,0.005,1,0.002,4,0.01,0,0,2,0.004,3,0.006,3,0.006,1,0.002,3,0.008,4,0.013
Region 62,Region 46,20,0.071,9,0.053,9,0.074,5,0.062,4,0.074,5,0.113,3,0.063,5,0.062,33,0.2,139,0.367,87,0.176,83,0.18,64,0.165,54,0.142,88,0.225,82,0.2,78,0.188,85,0.177,102,0.194,71,0.147,89,0.176,57,0.124,53,0.14,34,0.107
Region 62,Region 47,25,0.088,15,0.088,7,0.058,4,0.05,4,0.074,4,0.09,10,0.21,20,0.246,91,0.551,171,0.452,195,0.395,180,0.391,109,0.281,70,0.185,82,0.21,71,0.173,65,0.157,100,0.208,101,0.192,102,0.211,118,0.234,53,0.115,44,0.116,37,0.116
Region 62,Region 48,1,0.004,6,0.035,2,0.016,0,0,0,0,0,0,0,0,4,0.049,6,0.036,18,0.048,23,0.047,17,0.037,15,0.039,18,0.047,13,0.033,11,0.027,10,0.024,8,0.017,5,0.01,4,0.008,4,0.008,7,0.015,9,0.024,6,0.019
Region 62,Region 49,3,0.011,2,0.012,1,0.008,0,0,1,0.018,1,0.023,0,0,2,0.025,1,0.006,3,0.008,6,0.012,6,0.013,3,0.008,1,0.003,2,0.005,1,0.002,3,0.007,3,0.006,10,0.019,2,0.004,6,0.012,4,0.009,4,0.011,1,0.003
Region 62,Region 50,7,0.025,7,0.041,7,0.058,4,0.05,1,0.018,2,0.045,1,0.021,8,0.098,11,0.067,11,0.029,17,0.034,19,0.041,22,0.057,24,0.063,18,0.046,11,0.027,13,0.031,19,0.039,20,0.038,17,0.035,19,0.038,18,0.039,17,0.045,11,0.035
Region 62,Region 51,4,0.014,0,0,0,0,1,0.012,1,0.018,0,0,0,0,0,0,0,0,4,0.011,10,0.02,6,0.013,4,0.01,4,0.011,2,0.005,3,0.007,5,0.012,4,0.008,1,0.002,8,0.017,5,0.01,4,0.009,5,0.013,1,0.003
Region 62,Region 52,12,0.042,2,0.012,6,0.049,1,0.012,2,0.037,1,0.023,3,0.063,10,0.123,6,0.036,12,0.032,22,0.045,24,0.052,17,0.044,8,0.021,17,0.044,18,0.044,16,0.039,21,0.044,23,0.044,25,0.052,31,0.061,30,0.065,34,0.09,21,0.066
Region 62,Region 53,2,0.007,2,0.012,0,0,0,0,0,0,0,0,0,0,1,0.012,0,0,6,0.016,10,0.02,2,0.004,3,0.008,3,0.008,4,0.01,4,0.01,1,0.002,5,0.01,4,0.008,2,0.004,4,0.008,2,0.004,1,0.003,0,0
Region 62,Region 54,1,0.004,0,0,2,0.016,0,0,0,0,0,0,0,0,0,0,0,0,3,0.008,5,0.01,2,0.004,2,0.005,0,0,0,0,2,0.005,2,0.005,1,0.002,3,0.006,1,0.002,4,0.008,4,0.009,4,0.011,0,0
Region 62,Region 55,1,0.004,0,0,0,0,1,0.012,2,0.037,0,0,0,0,0,0,2,0.012,2,0.005,3,0.006,5,0.011,2,0.005,4,0.011,3,0.008,4,0.01,3,0.007,10,0.021,10,0.019,6,0.012,6,0.012,4,0.009,1,0.003,4,0.013
Region 62,Region 56,0,0,2,0.012,1,0.008,1,0.012,0,0,0,0,2,0.042,1,0.012,0,0,2,0.005,3,0.006,3,0.007,1,0.003,4,0.011,5,0.013,4,0.01,2,0.005,3,0.006,6,0.011,6,0.012,8,0.016,9,0.02,4,0.011,1,0.003
Region 62,Region 57,8,0.028,5,0.029,3,0.025,2,0.025,4,0.074,1,0.023,0,0,2,0.025,3,0.018,15,0.04,25,0.051,15,0.033,20,0.052,18,0.047,25,0.064,24,0.059,22,0.053,35,0.073,45,0.086,37,0.077,36,0.071,41,0.089,21,0.055,15,0.047
Region 62,Region 58,0,0,0,0,0,0,0,0,0,0,0,0,0,0,1,0.012,0,0,1,0.003,0,0,0,0,0,0,1,0.003,1,0.003,2,0.005,1,0.002,1,0.002,0,0,0,0,0,0,0,0,0,0,0,0
Region 62,Region 59,0,0,0,0,0,0,0,0,0,0,0,0,0,0,0,0,0,0,0,0,0,0,0,0,0,0,0,0,0,0,0,0,0,0,1,0.002,0,0,1,0.002,0,0,0,0,0,0,0,0
Region 62,Region 60,3,0.011,0,0,0,0,0,0,0,0,0,0,0,0,2,0.025,7,0.042,13,0.034,11,0.022,7,0.015,6,0.015,9,0.024,2,0.005,1,0.002,2,0.005,1,0.002,1,0.002,0,0,2,0.004,1,0.002,1,0.003,3,0.009
Region 62,Region 61,0,0,1,0.006,1,0.008,1,0.012,0,0,0,0,1,0.021,1,0.012,3,0.018,4,0.011,4,0.008,5,0.011,5,0.013,2,0.005,1,0.003,4,0.01,4,0.01,1,0.002,3,0.006,3,0.006,4,0.008,2,0.004,2,0.005,1,0.003
Region 62,Region 62,201,0.709,87,0.51,56,0.46,27,0.335,22,0.406,10,0.226,29,0.608,56,0.689,119,0.72,325,0.858,468,0.948,415,0.901,369,0.951,459,1.211,463,1.186,407,0.992,423,1.021,516,1.072,654,1.246,614,1.271,565,1.12,476,1.031,436,1.149,323,1.016
Region 62,Region 63,0,0,0,0,0,0,0,0,0,0,0,0,0,0,0,0,0,0,0,0,0,0,0,0,0,0,0,0,0,0,0,0,0,0,0,0,0,0,0,0,0,0,0,0,0,0,0,0
Region 62,Region 64,1,0.004,0,0,0,0,0,0,0,0,0,0,0,0,1,0.012,3,0.018,9,0.024,6,0.012,3,0.007,1,0.003,0,0,1,0.003,1,0.002,2,0.005,2,0.004,3,0.006,3,0.006,2,0.004,2,0.004,0,0,3,0.009
Region 62,Region 65,22,0.078,8,0.047,6,0.049,4,0.05,3,0.055,2,0.045,0,0,8,0.098,11,0.067,13,0.034,46,0.093,42,0.091,29,0.075,34,0.09,36,0.092,43,0.105,37,0.089,39,0.081,76,0.145,41,0.085,48,0.095,42,0.091,37,0.098,33,0.104
Region 62,Region 66,20,0.071,12,0.07,8,0.066,6,0.074,4,0.074,1,0.023,2,0.042,14,0.172,22,0.133,47,0.124,60,0.121,59,0.128,54,0.139,49,0.129,38,0.097,47,0.115,54,0.13,58,0.12,92,0.175,79,0.164,63,0.125,64,0.139,42,0.111,36,0.113
Region 62,Region 67,3,0.011,3,0.018,1,0.008,0,0,0,0,0,0,0,0,5,0.062,12,0.073,21,0.055,21,0.043,26,0.056,27,0.07,16,0.042,14,0.036,12,0.029,10,0.024,9,0.019,20,0.038,13,0.027,9,0.018,8,0.017,10,0.026,3,0.009
Region 62,Region 68,6,0.021,4,0.023,3,0.025,1,0.012,2,0.037,2,0.045,1,0.021,3,0.037,14,0.085,35,0.092,48,0.097,35,0.076,25,0.064,29,0.076,19,0.049,20,0.049,16,0.039,24,0.05,26,0.05,19,0.039,20,0.04,25,0.054,9,0.024,5,0.016
Region 62,Region 69,7,0.025,4,0.023,1,0.008,1,0.012,0,0,0,0,0,0,2,0.025,5,0.03,25,0.066,21,0.043,24,0.052,20,0.052,8,0.021,14,0.036,15,0.037,13,0.031,16,0.033,29,0.055,23,0.048,25,0.05,24,0.052,17,0.045,8,0.025
Region 62,Region 70,1,0.004,0,0,0,0,0,0,0,0,0,0,0,0,2,0.025,11,0.067,12,0.032,14,0.028,5,0.011,4,0.01,4,0.011,4,0.01,3,0.007,4,0.01,4,0.008,8,0.015,10,0.021,9,0.018,10,0.022,2,0.005,2,0.006
Region 62,Region 71,14,0.049,10,0.059,7,0.058,2,0.025,3,0.055,4,0.09,1,0.021,4,0.049,14,0.085,57,0.151,42,0.085,32,0.07,27,0.07,25,0.066,37,0.095,27,0.066,25,0.06,48,0.1,60,0.114,58,0.12,55,0.109,38,0.082,24,0.063,21,0.066
Region 62,Region 72,0,0,0,0,0,0,0,0,0,0,0,0,0,0,0,0,0,0,0,0,0,0,0,0,0,0,0,0,0,0,0,0,0,0,0,0,0,0,0,0,0,0,0,0,0,0,0,0
Region 62,Region 73,0,0,0,0,0,0,0,0,0,0,0,0,0,0,1,0.012,0,0,2,0.005,0,0,0,0,0,0,0,0,1,0.003,0,0,0,0,0,0,0,0,0,0,0,0,0,0,0,0,0,0
Region 62,Region 74,1,0.004,0,0,0,0,0,0,0,0,0,0,0,0,1,0.012,0,0,4,0.011,1,0.002,0,0,0,0,0,0,0,0,1,0.002,1,0.002,2,0.004,1,0.002,3,0.006,0,0,1,0.002,0,0,0,0
Region 62,Region 75,3,0.011,4,0.023,0,0,1,0.012,1,0.018,0,0,1,0.021,2,0.025,4,0.024,1,0.003,5,0.01,6,0.013,4,0.01,3,0.008,11,0.028,8,0.02,5,0.012,7,0.015,8,0.015,15,0.031,13,0.026,4,0.009,7,0.018,3,0.009
Region 63,Region 0,0,0,0,0,0,0,0,0,0,0,0,0,0,0,0,0,1,0.006,0,0,0,0,0,0,0,0,0,0,0,0,0,0,0,0,0,0,0,0,0,0,0,0,0,0,0,0,0,0
Region 63,Region 1,0,0,0,0,0,0,0,0,0,0,0,0,0,0,0,0,0,0,0,0,0,0,0,0,0,0,0,0,0,0,0,0,0,0,0,0,0,0,0,0,0,0,0,0,0,0,0,0
Region 63,Region 2,0,0,0,0,0,0,0,0,0,0,0,0,0,0,0,0,0,0,0,0,0,0,0,0,0,0,0,0,0,0,1,0.002,0,0,0,0,0,0,0,0,0,0,0,0,1,0.003,0,0
Region 63,Region 3,0,0,0,0,0,0,0,0,0,0,0,0,0,0,0,0,0,0,0,0,0,0,0,0,0,0,0,0,0,0,0,0,0,0,0,0,0,0,0,0,0,0,0,0,0,0,0,0
Region 63,Region 4,0,0,0,0,0,0,0,0,0,0,0,0,0,0,0,0,0,0,0,0,0,0,0,0,0,0,0,0,0,0,0,0,0,0,0,0,0,0,0,0,0,0,0,0,0,0,0,0
Region 63,Region 5,0,0,0,0,0,0,0,0,0,0,0,0,0,0,0,0,0,0,0,0,0,0,0,0,0,0,0,0,0,0,0,0,0,0,0,0,0,0,0,0,0,0,0,0,0,0,0,0
Region 63,Region 6,0,0,0,0,0,0,0,0,0,0,0,0,0,0,0,0,0,0,0,0,0,0,0,0,0,0,0,0,0,0,0,0,0,0,0,0,0,0,0,0,0,0,0,0,0,0,0,0
Region 63,Region 7,0,0,0,0,0,0,0,0,0,0,0,0,0,0,0,0,0,0,0,0,0,0,0,0,0,0,0,0,0,0,1,0.002,1,0.002,0,0,0,0,0,0,0,0,0,0,0,0,0,0
Region 63,Region 8,0,0,0,0,0,0,0,0,0,0,0,0,0,0,0,0,0,0,0,0,0,0,0,0,0,0,0,0,0,0,0,0,0,0,0,0,0,0,0,0,0,0,0,0,0,0,0,0
Region 63,Region 9,0,0,0,0,0,0,0,0,0,0,0,0,0,0,0,0,0,0,0,0,0,0,0,0,0,0,0,0,0,0,0,0,0,0,0,0,0,0,0,0,0,0,0,0,0,0,0,0
Region 63,Region 10,0,0,0,0,0,0,0,0,0,0,0,0,0,0,0,0,0,0,0,0,0,0,1,0.002,0,0,0,0,0,0,0,0,0,0,0,0,0,0,0,0,0,0,0,0,0,0,1,0.003
Region 63,Region 11,0,0,0,0,0,0,0,0,0,0,0,0,0,0,0,0,0,0,0,0,0,0,0,0,0,0,0,0,0,0,0,0,0,0,0,0,0,0,0,0,0,0,0,0,0,0,0,0
Region 63,Region 12,0,0,0,0,0,0,0,0,0,0,0,0,0,0,0,0,0,0,0,0,0,0,0,0,0,0,0,0,0,0,0,0,0,0,0,0,0,0,0,0,0,0,0,0,0,0,0,0
Region 63,Region 13,0,0,0,0,0,0,0,0,0,0,0,0,0,0,0,0,0,0,0,0,0,0,0,0,0,0,0,0,1,0.003,0,0,0,0,0,0,0,0,0,0,0,0,0,0,0,0,0,0
Region 63,Region 14,0,0,0,0,0,0,0,0,0,0,0,0,0,0,0,0,0,0,0,0,0,0,0,0,0,0,0,0,0,0,0,0,0,0,0,0,0,0,0,0,0,0,0,0,0,0,0,0
Region 63,Region 15,0,0,0,0,0,0,0,0,0,0,0,0,0,0,0,0,0,0,0,0,0,0,0,0,0,0,0,0,0,0,0,0,0,0,0,0,0,0,0,0,0,0,0,0,0,0,0,0
Region 63,Region 16,0,0,0,0,0,0,0,0,0,0,0,0,0,0,0,0,0,0,0,0,0,0,0,0,0,0,0,0,0,0,0,0,0,0,0,0,0,0,0,0,0,0,0,0,0,0,0,0
Region 63,Region 17,0,0,0,0,0,0,0,0,0,0,0,0,0,0,0,0,0,0,0,0,0,0,0,0,0,0,0,0,0,0,0,0,0,0,0,0,0,0,0,0,0,0,0,0,0,0,0,0
Region 63,Region 18,0,0,0,0,0,0,0,0,0,0,0,0,0,0,0,0,0,0,0,0,0,0,1,0.002,0,0,0,0,0,0,0,0,0,0,0,0,0,0,0,0,1,0.002,0,0,0,0,0,0
Region 63,Region 19,0,0,0,0,0,0,0,0,0,0,0,0,0,0,0,0,0,0,0,0,0,0,0,0,0,0,0,0,0,0,0,0,0,0,0,0,0,0,0,0,0,0,0,0,0,0,0,0
Region 63,Region 20,0,0,0,0,0,0,0,0,0,0,0,0,0,0,0,0,0,0,0,0,0,0,0,0,1,0.003,0,0,0,0,0,0,0,0,0,0,0,0,0,0,0,0,0,0,0,0,0,0
Region 63,Region 21,0,0,0,0,0,0,0,0,0,0,0,0,0,0,0,0,0,0,0,0,0,0,0,0,0,0,0,0,0,0,0,0,0,0,0,0,0,0,0,0,0,0,0,0,0,0,0,0
Region 63,Region 22,0,0,0,0,0,0,0,0,0,0,0,0,0,0,0,0,0,0,0,0,0,0,0,0,0,0,0,0,0,0,0,0,0,0,0,0,0,0,0,0,0,0,0,0,0,0,0,0
Region 63,Region 23,0,0,0,0,0,0,0,0,0,0,0,0,0,0,0,0,0,0,0,0,1,0.002,0,0,1,0.003,0,0,0,0,1,0.002,0,0,0,0,0,0,0,0,0,0,0,0,0,0,1,0.003
Region 63,Region 24,0,0,0,0,0,0,0,0,0,0,0,0,0,0,0,0,0,0,0,0,0,0,1,0.002,0,0,0,0,0,0,0,0,0,0,0,0,0,0,0,0,0,0,0,0,0,0,0,0
Region 63,Region 25,0,0,0,0,0,0,0,0,0,0,0,0,0,0,0,0,0,0,0,0,0,0,0,0,0,0,0,0,0,0,0,0,0,0,0,0,0,0,0,0,0,0,0,0,0,0,0,0
Region 63,Region 26,0,0,0,0,0,0,0,0,0,0,0,0,0,0,0,0,0,0,0,0,0,0,0,0,0,0,0,0,0,0,0,0,0,0,0,0,0,0,0,0,0,0,0,0,0,0,0,0
Region 63,Region 27,0,0,0,0,0,0,0,0,0,0,0,0,0,0,0,0,0,0,1,0.003,0,0,1,0.002,0,0,0,0,1,0.003,0,0,0,0,1,0.002,0,0,1,0.002,0,0,0,0,1,0.003,0,0
Region 63,Region 28,0,0,0,0,0,0,0,0,0,0,0,0,0,0,0,0,0,0,0,0,0,0,0,0,0,0,0,0,0,0,0,0,1,0.002,0,0,0,0,0,0,0,0,0,0,0,0,0,0
Region 63,Region 29,0,0,0,0,0,0,0,0,0,0,0,0,0,0,0,0,0,0,0,0,2,0.004,0,0,0,0,0,0,1,0.003,0,0,0,0,0,0,0,0,0,0,0,0,0,0,0,0,0,0
Region 63,Region 30,0,0,0,0,0,0,0,0,0,0,0,0,0,0,0,0,0,0,0,0,0,0,0,0,0,0,0,0,0,0,0,0,0,0,1,0.002,0,0,0,0,0,0,1,0.002,0,0,0,0
Region 63,Region 31,0,0,0,0,0,0,0,0,0,0,0,0,0,0,0,0,0,0,0,0,0,0,0,0,0,0,0,0,0,0,0,0,0,0,0,0,0,0,0,0,0,0,0,0,0,0,0,0
Region 63,Region 32,0,0,0,0,0,0,0,0,0,0,0,0,0,0,0,0,0,0,0,0,0,0,0,0,0,0,0,0,0,0,0,0,0,0,0,0,0,0,0,0,0,0,0,0,0,0,0,0
Region 63,Region 33,0,0,0,0,0,0,0,0,0,0,0,0,0,0,0,0,0,0,0,0,0,0,0,0,0,0,0,0,0,0,0,0,0,0,0,0,0,0,0,0,0,0,0,0,0,0,0,0
Region 63,Region 34,0,0,0,0,0,0,0,0,0,0,0,0,0,0,0,0,0,0,0,0,0,0,0,0,0,0,0,0,0,0,0,0,0,0,0,0,0,0,0,0,0,0,0,0,0,0,0,0
Region 63,Region 35,0,0,0,0,0,0,0,0,0,0,0,0,0,0,0,0,0,0,0,0,0,0,0,0,0,0,0,0,0,0,0,0,0,0,0,0,0,0,0,0,0,0,0,0,0,0,0,0
Region 63,Region 36,0,0,0,0,0,0,0,0,0,0,0,0,0,0,1,0.012,0,0,1,0.003,0,0,0,0,0,0,0,0,0,0,1,0.002,0,0,1,0.002,1,0.002,0,0,0,0,0,0,0,0,0,0
Region 63,Region 37,0,0,0,0,0,0,0,0,0,0,0,0,0,0,0,0,0,0,0,0,0,0,0,0,0,0,0,0,0,0,0,0,0,0,0,0,0,0,0,0,0,0,1,0.002,0,0,0,0
Region 63,Region 38,0,0,0,0,0,0,0,0,0,0,0,0,0,0,0,0,0,0,0,0,0,0,0,0,0,0,0,0,0,0,0,0,0,0,0,0,0,0,0,0,0,0,0,0,0,0,0,0
Region 63,Region 39,0,0,0,0,0,0,0,0,0,0,0,0,0,0,0,0,0,0,0,0,0,0,0,0,0,0,0,0,0,0,0,0,1,0.002,0,0,0,0,0,0,0,0,0,0,0,0,0,0
Region 63,Region 40,0,0,0,0,0,0,0,0,0,0,0,0,0,0,0,0,0,0,0,0,0,0,0,0,0,0,0,0,0,0,0,0,0,0,0,0,0,0,0,0,0,0,0,0,0,0,0,0
Region 63,Region 41,0,0,0,0,0,0,0,0,0,0,0,0,0,0,0,0,0,0,0,0,0,0,0,0,0,0,0,0,0,0,0,0,0,0,0,0,0,0,0,0,0,0,0,0,0,0,0,0
Region 63,Region 42,0,0,0,0,0,0,0,0,0,0,0,0,0,0,0,0,0,0,0,0,0,0,0,0,0,0,0,0,0,0,0,0,0,0,0,0,0,0,0,0,0,0,0,0,0,0,0,0
Region 63,Region 43,0,0,0,0,0,0,0,0,0,0,0,0,0,0,0,0,0,0,0,0,0,0,0,0,0,0,0,0,0,0,0,0,0,0,0,0,0,0,0,0,0,0,0,0,0,0,0,0
Region 63,Region 44,0,0,0,0,0,0,0,0,0,0,0,0,0,0,0,0,0,0,0,0,0,0,0,0,0,0,0,0,0,0,0,0,0,0,0,0,0,0,0,0,0,0,0,0,0,0,0,0
Region 63,Region 45,0,0,0,0,0,0,0,0,0,0,0,0,0,0,0,0,0,0,0,0,0,0,0,0,0,0,0,0,0,0,0,0,0,0,0,0,0,0,0,0,0,0,0,0,0,0,0,0
Region 63,Region 46,0,0,0,0,0,0,0,0,0,0,0,0,0,0,0,0,0,0,0,0,1,0.002,1,0.002,0,0,0,0,0,0,0,0,0,0,0,0,0,0,0,0,1,0.002,0,0,0,0,0,0
Region 63,Region 47,0,0,0,0,0,0,1,0.012,0,0,0,0,0,0,0,0,0,0,2,0.005,2,0.004,1,0.002,0,0,1,0.003,0,0,2,0.005,0,0,0,0,3,0.006,1,0.002,2,0.004,1,0.002,2,0.005,1,0.003
Region 63,Region 48,0,0,0,0,0,0,0,0,0,0,0,0,0,0,0,0,0,0,0,0,0,0,0,0,0,0,0,0,0,0,0,0,0,0,0,0,0,0,0,0,0,0,0,0,0,0,0,0
Region 63,Region 49,0,0,0,0,0,0,0,0,0,0,0,0,0,0,0,0,0,0,0,0,0,0,0,0,0,0,0,0,0,0,0,0,0,0,0,0,0,0,0,0,0,0,0,0,0,0,0,0
Region 63,Region 50,0,0,0,0,0,0,0,0,0,0,0,0,0,0,0,0,0,0,0,0,0,0,1,0.002,0,0,0,0,0,0,0,0,0,0,0,0,0,0,0,0,0,0,0,0,0,0,0,0
Region 63,Region 51,0,0,0,0,0,0,0,0,0,0,0,0,0,0,0,0,0,0,0,0,0,0,0,0,0,0,0,0,0,0,0,0,0,0,0,0,0,0,0,0,0,0,0,0,0,0,0,0
Region 63,Region 52,0,0,0,0,0,0,0,0,0,0,0,0,0,0,0,0,0,0,0,0,0,0,0,0,0,0,0,0,0,0,0,0,0,0,0,0,0,0,0,0,0,0,0,0,0,0,0,0
Region 63,Region 53,0,0,0,0,0,0,0,0,0,0,0,0,0,0,0,0,0,0,0,0,0,0,0,0,0,0,0,0,0,0,0,0,0,0,0,0,0,0,0,0,0,0,0,0,0,0,0,0
Region 63,Region 54,0,0,0,0,0,0,0,0,0,0,0,0,0,0,0,0,0,0,0,0,0,0,0,0,0,0,0,0,0,0,0,0,0,0,0,0,0,0,1,0.002,0,0,0,0,0,0,0,0
Region 63,Region 55,0,0,0,0,0,0,0,0,0,0,0,0,0,0,0,0,0,0,0,0,0,0,0,0,0,0,0,0,0,0,0,0,0,0,0,0,0,0,0,0,0,0,0,0,0,0,0,0
Region 63,Region 56,0,0,0,0,0,0,0,0,0,0,0,0,0,0,0,0,0,0,0,0,0,0,0,0,0,0,0,0,0,0,0,0,0,0,0,0,0,0,0,0,0,0,0,0,0,0,0,0
Region 63,Region 57,0,0,0,0,0,0,0,0,0,0,0,0,0,0,0,0,0,0,0,0,0,0,0,0,0,0,0,0,0,0,0,0,0,0,0,0,0,0,0,0,0,0,0,0,0,0,0,0
Region 63,Region 58,0,0,0,0,0,0,0,0,0,0,0,0,0,0,0,0,0,0,0,0,0,0,0,0,0,0,0,0,0,0,0,0,0,0,0,0,0,0,0,0,0,0,0,0,0,0,0,0
Region 63,Region 59,0,0,0,0,0,0,0,0,0,0,0,0,0,0,0,0,0,0,0,0,0,0,0,0,0,0,0,0,0,0,0,0,0,0,0,0,0,0,0,0,0,0,0,0,0,0,0,0
Region 63,Region 60,0,0,0,0,0,0,0,0,0,0,0,0,0,0,0,0,0,0,0,0,0,0,0,0,1,0.003,0,0,0,0,0,0,0,0,0,0,0,0,0,0,0,0,0,0,0,0,0,0
Region 63,Region 61,0,0,0,0,0,0,0,0,0,0,0,0,0,0,0,0,0,0,0,0,0,0,0,0,0,0,0,0,0,0,0,0,0,0,0,0,0,0,0,0,0,0,0,0,0,0,0,0
Region 63,Region 62,0,0,0,0,0,0,0,0,0,0,0,0,0,0,0,0,0,0,0,0,0,0,0,0,0,0,0,0,1,0.003,0,0,0,0,0,0,1,0.002,0,0,0,0,0,0,0,0,0,0
Region 63,Region 63,0,0,0,0,0,0,0,0,0,0,0,0,0,0,0,0,0,0,0,0,0,0,2,0.004,0,0,0,0,0,0,0,0,0,0,0,0,0,0,0,0,0,0,0,0,0,0,1,0.003
Region 63,Region 64,0,0,0,0,0,0,0,0,0,0,0,0,0,0,0,0,0,0,0,0,1,0.002,0,0,0,0,0,0,0,0,0,0,0,0,0,0,0,0,0,0,0,0,0,0,0,0,0,0
Region 63,Region 65,0,0,0,0,0,0,0,0,0,0,0,0,0,0,0,0,0,0,0,0,0,0,0,0,0,0,0,0,0,0,0,0,0,0,0,0,0,0,0,0,0,0,0,0,0,0,0,0
Region 63,Region 66,0,0,0,0,0,0,0,0,0,0,0,0,0,0,0,0,1,0.006,1,0.003,0,0,1,0.002,0,0,0,0,0,0,1,0.002,0,0,0,0,0,0,0,0,0,0,0,0,0,0,0,0
Region 63,Region 67,0,0,0,0,0,0,0,0,0,0,0,0,0,0,0,0,0,0,0,0,0,0,0,0,0,0,0,0,0,0,0,0,0,0,0,0,0,0,0,0,0,0,0,0,0,0,0,0
Region 63,Region 68,0,0,0,0,0,0,0,0,0,0,0,0,0,0,0,0,0,0,0,0,1,0.002,1,0.002,1,0.003,0,0,0,0,0,0,0,0,0,0,0,0,0,0,0,0,0,0,0,0,0,0
Region 63,Region 69,0,0,0,0,0,0,0,0,0,0,0,0,0,0,0,0,0,0,0,0,0,0,1,0.002,0,0,0,0,0,0,0,0,0,0,0,0,0,0,0,0,0,0,0,0,0,0,0,0
Region 63,Region 70,0,0,0,0,0,0,0,0,0,0,0,0,0,0,0,0,0,0,0,0,0,0,0,0,0,0,0,0,0,0,0,0,0,0,0,0,0,0,0,0,0,0,0,0,0,0,0,0
Region 63,Region 71,0,0,0,0,0,0,0,0,0,0,0,0,0,0,0,0,0,0,0,0,0,0,0,0,0,0,0,0,0,0,0,0,0,0,0,0,0,0,0,0,0,0,0,0,0,0,0,0
Region 63,Region 72,0,0,0,0,0,0,0,0,0,0,0,0,0,0,0,0,0,0,0,0,0,0,0,0,0,0,0,0,0,0,0,0,0,0,0,0,0,0,0,0,0,0,0,0,0,0,0,0
Region 63,Region 73,0,0,0,0,0,0,0,0,0,0,0,0,0,0,0,0,0,0,0,0,0,0,0,0,0,0,0,0,0,0,0,0,0,0,0,0,0,0,0,0,0,0,0,0,0,0,0,0
Region 63,Region 74,0,0,0,0,0,0,0,0,0,0,0,0,0,0,0,0,0,0,0,0,0,0,0,0,0,0,0,0,0,0,0,0,0,0,0,0,0,0,0,0,0,0,0,0,0,0,0,0
Region 63,Region 75,0,0,0,0,0,0,0,0,0,0,0,0,0,0,0,0,0,0,0,0,0,0,0,0,0,0,0,0,0,0,0,0,0,0,0,0,0,0,0,0,0,0,0,0,0,0,0,0
Region 64,Region 0,0,0,0,0,0,0,0,0,0,0,0,0,0,0,0,0,1,0.006,0,0,3,0.006,0,0,2,0.005,2,0.005,0,0,0,0,1,0.002,0,0,1,0.002,2,0.004,0,0,1,0.002,0,0,1,0.003
Region 64,Region 1,0,0,0,0,0,0,0,0,0,0,0,0,0,0,0,0,0,0,0,0,0,0,0,0,1,0.003,0,0,0,0,0,0,0,0,0,0,0,0,0,0,0,0,0,0,0,0,0,0
Region 64,Region 2,1,0.004,1,0.006,0,0,0,0,0,0,0,0,0,0,0,0,1,0.006,3,0.008,8,0.016,6,0.013,2,0.005,2,0.005,2,0.005,5,0.012,5,0.012,2,0.004,5,0.01,7,0.014,8,0.016,1,0.002,2,0.005,2,0.006
Region 64,Region 3,7,0.025,4,0.023,7,0.058,3,0.037,1,0.018,1,0.023,0,0,4,0.049,0,0,4,0.011,8,0.016,12,0.026,7,0.018,6,0.016,15,0.038,15,0.037,12,0.029,20,0.042,14,0.027,13,0.027,17,0.034,15,0.033,13,0.034,4,0.013
Region 64,Region 4,5,0.018,1,0.006,0,0,2,0.025,1,0.018,1,0.023,0,0,0,0,1,0.006,0,0,2,0.004,4,0.009,0,0,2,0.005,0,0,0,0,0,0,1,0.002,0,0,2,0.004,7,0.014,3,0.007,1,0.003,0,0
Region 64,Region 5,6,0.021,3,0.018,0,0,4,0.05,1,0.018,2,0.045,1,0.021,1,0.012,2,0.012,13,0.034,12,0.024,11,0.024,16,0.041,4,0.011,10,0.026,8,0.02,10,0.024,18,0.037,18,0.034,15,0.031,14,0.028,9,0.02,8,0.021,12,0.038
Region 64,Region 6,0,0,0,0,0,0,0,0,0,0,0,0,0,0,0,0,0,0,0,0,0,0,0,0,0,0,0,0,0,0,0,0,0,0,0,0,0,0,0,0,0,0,0,0,0,0,0,0
Region 64,Region 7,7,0.025,5,0.029,5,0.041,1,0.012,1,0.018,1,0.023,2,0.042,2,0.025,8,0.048,21,0.055,29,0.059,39,0.085,25,0.064,22,0.058,18,0.046,12,0.029,10,0.024,23,0.048,17,0.032,11,0.023,16,0.032,16,0.035,8,0.021,5,0.016
Region 64,Region 8,0,0,0,0,0,0,0,0,0,0,0,0,0,0,0,0,0,0,0,0,0,0,0,0,0,0,0,0,0,0,0,0,0,0,0,0,0,0,0,0,0,0,1,0.002,0,0,0,0
Region 64,Region 9,0,0,0,0,0,0,0,0,0,0,0,0,0,0,0,0,0,0,0,0,0,0,0,0,0,0,0,0,0,0,0,0,0,0,0,0,0,0,0,0,0,0,0,0,0,0,0,0
Region 64,Region 10,0,0,0,0,0,0,2,0.025,0,0,0,0,0,0,0,0,0,0,1,0.003,0,0,0,0,0,0,1,0.003,0,0,0,0,0,0,1,0.002,1,0.002,2,0.004,1,0.002,5,0.011,1,0.003,0,0
Region 64,Region 11,0,0,0,0,0,0,0,0,0,0,0,0,0,0,0,0,0,0,0,0,0,0,0,0,0,0,0,0,0,0,0,0,0,0,0,0,0,0,0,0,0,0,0,0,0,0,0,0
Region 64,Region 12,35,0.123,12,0.07,7,0.058,8,0.099,4,0.074,0,0,3,0.063,17,0.209,43,0.26,47,0.124,73,0.148,69,0.15,55,0.142,33,0.087,28,0.072,34,0.083,46,0.111,54,0.112,44,0.084,68,0.141,62,0.123,50,0.108,31,0.082,21,0.066
Region 64,Region 13,3,0.011,0,0,0,0,0,0,0,0,0,0,0,0,0,0,1,0.006,3,0.008,1,0.002,2,0.004,2,0.005,0,0,3,0.008,1,0.002,2,0.005,2,0.004,3,0.006,3,0.006,5,0.01,5,0.011,1,0.003,3,0.009
Region 64,Region 14,39,0.138,22,0.129,16,0.132,15,0.186,12,0.221,16,0.362,12,0.252,28,0.344,57,0.345,84,0.222,124,0.251,126,0.274,75,0.193,86,0.227,60,0.154,55,0.134,71,0.171,83,0.172,71,0.135,72,0.149,68,0.135,48,0.104,45,0.119,47,0.148
Region 64,Region 15,0,0,0,0,0,0,0,0,0,0,0,0,0,0,0,0,0,0,0,0,0,0,0,0,0,0,0,0,0,0,0,0,0,0,0,0,0,0,0,0,0,0,0,0,0,0,0,0
Region 64,Region 16,0,0,0,0,0,0,0,0,0,0,0,0,0,0,0,0,0,0,0,0,0,0,0,0,0,0,0,0,0,0,0,0,0,0,0,0,0,0,0,0,0,0,0,0,0,0,0,0
Region 64,Region 17,1,0.004,0,0,0,0,2,0.025,0,0,0,0,1,0.021,0,0,1,0.006,0,0,1,0.002,1,0.002,2,0.005,1,0.003,0,0,0,0,1,0.002,2,0.004,2,0.004,2,0.004,1,0.002,1,0.002,0,0,0,0
Region 64,Region 18,0,0,0,0,1,0.008,1,0.012,0,0,0,0,0,0,1,0.012,0,0,1,0.003,0,0,2,0.004,0,0,1,0.003,2,0.005,0,0,1,0.002,2,0.004,3,0.006,3,0.006,4,0.008,4,0.009,0,0,1,0.003
Region 64,Region 19,8,0.028,5,0.029,3,0.025,1,0.012,4,0.074,2,0.045,2,0.042,3,0.037,4,0.024,7,0.018,10,0.02,12,0.026,9,0.023,4,0.011,5,0.013,10,0.024,10,0.024,11,0.023,8,0.015,12,0.025,12,0.024,9,0.02,8,0.021,3,0.009
Region 64,Region 20,46,0.162,21,0.123,17,0.14,12,0.149,7,0.129,7,0.158,8,0.168,15,0.185,38,0.23,78,0.206,75,0.152,82,0.178,64,0.165,48,0.127,57,0.146,71,0.173,62,0.15,89,0.185,104,0.198,82,0.17,82,0.163,95,0.206,53,0.14,36,0.113
Region 64,Region 21,0,0,0,0,0,0,1,0.012,0,0,0,0,1,0.021,0,0,2,0.012,0,0,8,0.016,6,0.013,6,0.015,5,0.013,6,0.015,1,0.002,3,0.007,3,0.006,3,0.006,4,0.008,7,0.014,0,0,2,0.005,4,0.013
Region 64,Region 22,7,0.025,6,0.035,5,0.041,8,0.099,0,0,2,0.045,0,0,2,0.025,4,0.024,57,0.151,22,0.045,21,0.046,10,0.026,13,0.034,15,0.038,32,0.078,20,0.048,35,0.073,30,0.057,22,0.046,33,0.065,29,0.063,15,0.04,13,0.041
Region 64,Region 23,0,0,0,0,2,0.016,0,0,0,0,0,0,0,0,1,0.012,0,0,0,0,0,0,0,0,0,0,0,0,1,0.003,0,0,0,0,1,0.002,1,0.002,5,0.01,2,0.004,4,0.009,2,0.005,1,0.003
Region 64,Region 24,1,0.004,0,0,0,0,0,0,0,0,0,0,0,0,0,0,0,0,0,0,0,0,1,0.002,0,0,0,0,1,0.003,1,0.002,0,0,1,0.002,0,0,0,0,2,0.004,0,0,0,0,0,0
Region 64,Region 25,0,0,0,0,0,0,0,0,0,0,0,0,0,0,0,0,0,0,1,0.003,1,0.002,1,0.002,0,0,1,0.003,0,0,0,0,0,0,3,0.006,1,0.002,1,0.002,1,0.002,1,0.002,1,0.003,0,0
Region 64,Region 26,0,0,0,0,0,0,0,0,0,0,0,0,0,0,0,0,0,0,0,0,1,0.002,2,0.004,0,0,0,0,2,0.005,0,0,2,0.005,1,0.002,1,0.002,0,0,0,0,0,0,0,0,0,0
Region 64,Region 27,0,0,0,0,0,0,0,0,0,0,0,0,0,0,0,0,0,0,0,0,0,0,0,0,0,0,0,0,0,0,0,0,0,0,0,0,1,0.002,0,0,0,0,2,0.004,1,0.003,0,0
Region 64,Region 28,0,0,0,0,0,0,0,0,0,0,0,0,0,0,0,0,0,0,0,0,0,0,0,0,0,0,0,0,0,0,0,0,0,0,0,0,0,0,1,0.002,0,0,0,0,0,0,0,0
Region 64,Region 29,24,0.085,16,0.094,14,0.115,11,0.136,4,0.074,3,0.068,5,0.105,3,0.037,13,0.079,43,0.114,42,0.085,54,0.117,38,0.098,33,0.087,21,0.054,35,0.085,28,0.068,30,0.062,45,0.086,38,0.079,35,0.069,27,0.059,15,0.04,6,0.019
Region 64,Region 30,4,0.014,0,0,0,0,1,0.012,0,0,1,0.023,0,0,1,0.012,1,0.006,3,0.008,8,0.016,6,0.013,3,0.008,4,0.011,3,0.008,2,0.005,3,0.007,17,0.035,4,0.008,3,0.006,4,0.008,6,0.013,2,0.005,0,0
Region 64,Region 31,4,0.014,5,0.029,2,0.016,0,0,2,0.037,2,0.045,1,0.021,1,0.012,1,0.006,6,0.016,6,0.012,4,0.009,6,0.015,9,0.024,7,0.018,6,0.015,4,0.01,4,0.008,12,0.023,12,0.025,14,0.028,13,0.028,2,0.005,4,0.013
Region 64,Region 32,1,0.004,0,0,0,0,0,0,0,0,0,0,1,0.021,0,0,1,0.006,0,0,0,0,1,0.002,0,0,0,0,0,0,2,0.005,0,0,0,0,1,0.002,5,0.01,7,0.014,0,0,0,0,1,0.003
Region 64,Region 33,1,0.004,0,0,0,0,1,0.012,0,0,0,0,0,0,1,0.012,0,0,0,0,0,0,0,0,0,0,0,0,1,0.003,0,0,1,0.002,1,0.002,0,0,1,0.002,0,0,1,0.002,0,0,0,0
Region 64,Region 34,0,0,0,0,0,0,0,0,0,0,0,0,0,0,0,0,0,0,0,0,0,0,0,0,0,0,0,0,0,0,0,0,0,0,0,0,0,0,0,0,0,0,0,0,0,0,0,0
Region 64,Region 35,0,0,0,0,0,0,0,0,0,0,0,0,0,0,0,0,0,0,0,0,0,0,0,0,0,0,0,0,0,0,0,0,0,0,0,0,0,0,0,0,0,0,0,0,0,0,0,0
Region 64,Region 36,0,0,0,0,0,0,0,0,0,0,0,0,0,0,0,0,1,0.006,3,0.008,1,0.002,0,0,0,0,1,0.003,0,0,1,0.002,1,0.002,1,0.002,0,0,0,0,3,0.006,1,0.002,0,0,0,0
Region 64,Region 37,1,0.004,2,0.012,0,0,1,0.012,1,0.018,0,0,0,0,0,0,0,0,1,0.003,1,0.002,4,0.009,0,0,1,0.003,0,0,2,0.005,3,0.007,3,0.006,4,0.008,6,0.012,4,0.008,2,0.004,0,0,2,0.006
Region 64,Region 38,1,0.004,1,0.006,1,0.008,1,0.012,0,0,0,0,0,0,1,0.012,0,0,1,0.003,9,0.018,6,0.013,5,0.013,6,0.016,5,0.013,8,0.02,2,0.005,4,0.008,4,0.008,4,0.008,10,0.02,7,0.015,1,0.003,1,0.003
Region 64,Region 39,0,0,0,0,0,0,0,0,0,0,0,0,0,0,1,0.012,0,0,0,0,0,0,1,0.002,0,0,0,0,0,0,1,0.002,0,0,0,0,0,0,1,0.002,1,0.002,0,0,0,0,0,0
Region 64,Region 40,0,0,0,0,0,0,0,0,0,0,0,0,0,0,0,0,0,0,0,0,0,0,0,0,0,0,0,0,0,0,0,0,0,0,0,0,0,0,0,0,0,0,0,0,0,0,0,0
Region 64,Region 41,0,0,0,0,0,0,0,0,1,0.018,2,0.045,0,0,0,0,0,0,1,0.003,0,0,0,0,4,0.01,0,0,1,0.003,1,0.002,0,0,0,0,0,0,1,0.002,1,0.002,1,0.002,1,0.003,0,0
Region 64,Region 42,0,0,0,0,0,0,0,0,0,0,0,0,0,0,0,0,0,0,0,0,0,0,0,0,0,0,0,0,0,0,0,0,0,0,0,0,0,0,0,0,0,0,0,0,0,0,0,0
Region 64,Region 43,1,0.004,0,0,0,0,0,0,0,0,0,0,0,0,0,0,0,0,1,0.003,1,0.002,0,0,3,0.008,0,0,0,0,0,0,1,0.002,1,0.002,2,0.004,2,0.004,1,0.002,0,0,0,0,0,0
Region 64,Region 44,0,0,0,0,0,0,0,0,0,0,0,0,0,0,0,0,0,0,0,0,0,0,0,0,0,0,0,0,0,0,0,0,0,0,0,0,0,0,0,0,0,0,0,0,0,0,0,0
Region 64,Region 45,18,0.063,13,0.076,5,0.041,5,0.062,7,0.129,2,0.045,2,0.042,3,0.037,12,0.073,22,0.058,20,0.04,33,0.072,25,0.064,17,0.045,22,0.056,23,0.056,30,0.072,64,0.133,44,0.084,41,0.085,43,0.085,47,0.102,36,0.095,35,0.11
Region 64,Region 46,3,0.011,0,0,0,0,3,0.037,0,0,0,0,1,0.021,0,0,0,0,5,0.013,6,0.012,2,0.004,3,0.008,3,0.008,3,0.008,0,0,1,0.002,3,0.006,5,0.01,6,0.012,5,0.01,5,0.011,0,0,1,0.003
Region 64,Region 47,2,0.007,3,0.018,1,0.008,0,0,0,0,0,0,0,0,0,0,5,0.03,8,0.021,7,0.014,15,0.033,5,0.013,3,0.008,3,0.008,3,0.007,5,0.012,7,0.015,5,0.01,15,0.031,20,0.04,7,0.015,5,0.013,4,0.013
Region 64,Region 48,3,0.011,4,0.023,2,0.016,2,0.025,1,0.018,0,0,1,0.021,0,0,1,0.006,4,0.011,8,0.016,12,0.026,8,0.021,13,0.034,9,0.023,8,0.02,6,0.014,17,0.035,13,0.025,12,0.025,12,0.024,4,0.009,0,0,2,0.006
Region 64,Region 49,8,0.028,3,0.018,6,0.049,1,0.012,0,0,0,0,0,0,0,0,3,0.018,3,0.008,7,0.014,6,0.013,2,0.005,4,0.011,5,0.013,7,0.017,6,0.014,11,0.023,6,0.011,6,0.012,13,0.026,8,0.017,4,0.011,4,0.013
Region 64,Region 50,4,0.014,3,0.018,4,0.033,2,0.025,2,0.037,2,0.045,3,0.063,2,0.025,1,0.006,5,0.013,3,0.006,6,0.013,5,0.013,5,0.013,4,0.01,7,0.017,7,0.017,16,0.033,13,0.025,13,0.027,17,0.034,15,0.033,9,0.024,4,0.013
Region 64,Region 51,6,0.021,1,0.006,1,0.008,0,0,1,0.018,0,0,0,0,2,0.025,1,0.006,1,0.003,4,0.008,4,0.009,4,0.01,4,0.011,3,0.008,3,0.007,2,0.005,9,0.019,6,0.011,6,0.012,2,0.004,6,0.013,7,0.018,6,0.019
Region 64,Region 52,2,0.007,2,0.012,1,0.008,2,0.025,0,0,0,0,1,0.021,0,0,0,0,2,0.005,3,0.006,3,0.007,1,0.003,2,0.005,2,0.005,2,0.005,6,0.014,4,0.008,5,0.01,7,0.014,9,0.018,8,0.017,6,0.016,2,0.006
Region 64,Region 53,1,0.004,0,0,0,0,0,0,0,0,0,0,0,0,0,0,0,0,1,0.003,4,0.008,6,0.013,1,0.003,2,0.005,0,0,0,0,1,0.002,3,0.006,4,0.008,4,0.008,4,0.008,1,0.002,2,0.005,2,0.006
Region 64,Region 54,3,0.011,2,0.012,1,0.008,0,0,2,0.037,0,0,0,0,0,0,1,0.006,5,0.013,8,0.016,2,0.004,3,0.008,5,0.013,5,0.013,5,0.012,5,0.012,18,0.037,6,0.011,9,0.019,13,0.026,6,0.013,6,0.016,5,0.016
Region 64,Region 55,2,0.007,0,0,0,0,0,0,0,0,0,0,0,0,0,0,0,0,1,0.003,0,0,0,0,0,0,0,0,1,0.003,0,0,1,0.002,2,0.004,0,0,0,0,0,0,1,0.002,0,0,0,0
Region 64,Region 56,1,0.004,0,0,0,0,0,0,0,0,1,0.023,0,0,0,0,0,0,0,0,0,0,0,0,0,0,1,0.003,1,0.003,0,0,0,0,2,0.004,1,0.002,0,0,0,0,0,0,0,0,0,0
Region 64,Region 57,0,0,0,0,0,0,0,0,0,0,0,0,0,0,0,0,0,0,0,0,0,0,0,0,0,0,0,0,0,0,0,0,2,0.005,2,0.004,0,0,0,0,2,0.004,0,0,0,0,1,0.003
Region 64,Region 58,0,0,0,0,0,0,0,0,0,0,0,0,0,0,0,0,0,0,0,0,0,0,0,0,0,0,0,0,0,0,0,0,0,0,0,0,0,0,0,0,0,0,0,0,0,0,0,0
Region 64,Region 59,0,0,0,0,0,0,0,0,0,0,0,0,0,0,0,0,0,0,0,0,0,0,0,0,0,0,0,0,0,0,0,0,0,0,0,0,0,0,0,0,0,0,0,0,0,0,0,0
Region 64,Region 60,11,0.039,0,0,0,0,2,0.025,0,0,2,0.045,0,0,1,0.012,6,0.036,21,0.055,38,0.077,66,0.143,30,0.077,17,0.045,20,0.051,22,0.054,19,0.046,23,0.048,18,0.034,17,0.035,14,0.028,11,0.024,9,0.024,8,0.025
Region 64,Region 61,0,0,0,0,1,0.008,0,0,0,0,0,0,0,0,0,0,2,0.012,0,0,0,0,0,0,1,0.003,2,0.005,2,0.005,4,0.01,0,0,2,0.004,0,0,2,0.004,2,0.004,1,0.002,0,0,2,0.006
Region 64,Region 62,4,0.014,1,0.006,0,0,0,0,1,0.018,0,0,0,0,1,0.012,0,0,1,0.003,2,0.004,5,0.011,5,0.013,5,0.013,4,0.01,2,0.005,3,0.007,7,0.015,4,0.008,9,0.019,6,0.012,5,0.011,3,0.008,2,0.006
Region 64,Region 63,0,0,0,0,0,0,0,0,0,0,0,0,0,0,0,0,0,0,0,0,0,0,0,0,0,0,0,0,0,0,0,0,0,0,0,0,0,0,0,0,0,0,0,0,0,0,0,0
Region 64,Region 64,64,0.226,33,0.194,25,0.206,18,0.223,7,0.129,18,0.407,7,0.147,11,0.135,24,0.145,96,0.254,239,0.484,141,0.306,74,0.191,61,0.161,67,0.172,65,0.158,72,0.174,163,0.339,123,0.234,115,0.238,106,0.21,94,0.204,75,0.198,60,0.189
Region 64,Region 65,4,0.014,2,0.012,1,0.008,4,0.05,2,0.037,0,0,0,0,0,0,0,0,1,0.003,3,0.006,3,0.007,0,0,3,0.008,2,0.005,6,0.015,7,0.017,8,0.017,4,0.008,11,0.023,5,0.01,8,0.017,2,0.005,1,0.003
Region 64,Region 66,1,0.004,1,0.006,0,0,0,0,0,0,1,0.023,0,0,0,0,0,0,1,0.003,1,0.002,1,0.002,1,0.003,1,0.003,1,0.003,1,0.002,3,0.007,6,0.012,3,0.006,5,0.01,5,0.01,3,0.007,4,0.011,2,0.006
Region 64,Region 67,1,0.004,0,0,2,0.016,0,0,0,0,0,0,0,0,0,0,2,0.012,8,0.021,6,0.012,5,0.011,8,0.021,12,0.032,6,0.015,2,0.005,5,0.012,13,0.027,4,0.008,7,0.014,3,0.006,4,0.009,7,0.018,1,0.003
Region 64,Region 68,6,0.021,3,0.018,0,0,0,0,1,0.018,1,0.023,2,0.042,0,0,1,0.006,3,0.008,5,0.01,7,0.015,6,0.015,5,0.013,1,0.003,2,0.005,4,0.01,3,0.006,7,0.013,3,0.006,13,0.026,5,0.011,2,0.005,4,0.013
Region 64,Region 69,6,0.021,6,0.035,2,0.016,1,0.012,2,0.037,2,0.045,1,0.021,1,0.012,1,0.006,5,0.013,7,0.014,12,0.026,9,0.023,9,0.024,7,0.018,14,0.034,8,0.019,8,0.017,8,0.015,13,0.027,24,0.048,12,0.026,11,0.029,1,0.003
Region 64,Region 70,3,0.011,2,0.012,1,0.008,4,0.05,1,0.018,0,0,0,0,6,0.074,2,0.012,13,0.034,16,0.032,18,0.039,17,0.044,11,0.029,6,0.015,9,0.022,11,0.027,20,0.042,10,0.019,18,0.037,22,0.044,12,0.026,7,0.018,6,0.019
Region 64,Region 71,3,0.011,1,0.006,0,0,3,0.037,0,0,0,0,0,0,1,0.012,0,0,0,0,1,0.002,2,0.004,0,0,0,0,0,0,1,0.002,2,0.005,2,0.004,1,0.002,2,0.004,4,0.008,3,0.007,1,0.003,0,0
Region 64,Region 72,0,0,0,0,0,0,0,0,0,0,0,0,0,0,0,0,0,0,0,0,0,0,0,0,0,0,0,0,0,0,0,0,0,0,0,0,0,0,0,0,0,0,0,0,0,0,0,0
Region 64,Region 73,0,0,0,0,0,0,0,0,0,0,0,0,0,0,0,0,0,0,2,0.005,0,0,0,0,0,0,0,0,0,0,0,0,0,0,0,0,0,0,0,0,0,0,0,0,0,0,0,0
Region 64,Region 74,4,0.014,3,0.018,1,0.008,2,0.025,1,0.018,0,0,1,0.021,0,0,3,0.018,4,0.011,5,0.01,6,0.013,7,0.018,7,0.018,2,0.005,3,0.007,3,0.007,11,0.023,12,0.023,12,0.025,10,0.02,13,0.028,3,0.008,9,0.028
Region 64,Region 75,0,0,0,0,0,0,1,0.012,0,0,0,0,0,0,1,0.012,0,0,0,0,0,0,0,0,1,0.003,1,0.003,0,0,0,0,0,0,0,0,0,0,1,0.002,1,0.002,1,0.002,0,0,1,0.003
Region 65,Region 0,1,0.004,1,0.006,0,0,1,0.012,0,0,0,0,0,0,0,0,1,0.006,1,0.003,7,0.014,1,0.002,0,0,0,0,3,0.008,1,0.002,2,0.005,2,0.004,5,0.01,0,0,2,0.004,3,0.007,6,0.016,2,0.006
Region 65,Region 1,0,0,0,0,0,0,0,0,0,0,0,0,0,0,0,0,0,0,0,0,0,0,0,0,0,0,0,0,0,0,0,0,0,0,0,0,0,0,0,0,0,0,0,0,0,0,0,0
Region 65,Region 2,0,0,1,0.006,0,0,0,0,0,0,0,0,0,0,1,0.012,4,0.024,6,0.016,7,0.014,3,0.007,1,0.003,2,0.005,2,0.005,0,0,1,0.002,0,0,0,0,2,0.004,0,0,0,0,2,0.005,1,0.003
Region 65,Region 3,2,0.007,1,0.006,2,0.016,0,0,1,0.018,1,0.023,0,0,0,0,0,0,3,0.008,5,0.01,5,0.011,2,0.005,2,0.005,2,0.005,2,0.005,1,0.002,1,0.002,0,0,1,0.002,1,0.002,1,0.002,4,0.011,1,0.003
Region 65,Region 4,3,0.011,2,0.012,0,0,0,0,0,0,0,0,1,0.021,0,0,1,0.006,3,0.008,2,0.004,0,0,2,0.005,1,0.003,3,0.008,2,0.005,0,0,0,0,4,0.008,2,0.004,5,0.01,1,0.002,7,0.018,3,0.009
Region 65,Region 5,0,0,0,0,1,0.008,0,0,0,0,0,0,0,0,0,0,2,0.012,3,0.008,0,0,0,0,2,0.005,1,0.003,0,0,0,0,0,0,0,0,0,0,0,0,0,0,1,0.002,3,0.008,0,0
Region 65,Region 6,0,0,0,0,0,0,0,0,0,0,0,0,0,0,0,0,0,0,0,0,0,0,0,0,0,0,0,0,0,0,0,0,0,0,0,0,0,0,0,0,0,0,0,0,0,0,0,0
Region 65,Region 7,1,0.004,1,0.006,1,0.008,0,0,0,0,0,0,1,0.021,1,0.012,4,0.024,5,0.013,7,0.014,5,0.011,3,0.008,5,0.013,1,0.003,0,0,1,0.002,0,0,1,0.002,2,0.004,3,0.006,4,0.009,1,0.003,1,0.003
Region 65,Region 8,0,0,0,0,0,0,0,0,0,0,0,0,0,0,0,0,1,0.006,1,0.003,0,0,1,0.002,1,0.003,0,0,0,0,1,0.002,0,0,2,0.004,0,0,0,0,0,0,0,0,0,0,0,0
Region 65,Region 9,0,0,0,0,0,0,0,0,0,0,0,0,0,0,0,0,0,0,0,0,0,0,0,0,0,0,0,0,0,0,0,0,0,0,0,0,0,0,0,0,0,0,0,0,0,0,0,0
Region 65,Region 10,0,0,1,0.006,0,0,0,0,0,0,0,0,0,0,0,0,0,0,1,0.003,3,0.006,0,0,0,0,0,0,1,0.003,0,0,0,0,0,0,1,0.002,2,0.004,1,0.002,2,0.004,1,0.003,1,0.003
Region 65,Region 11,0,0,0,0,0,0,0,0,0,0,0,0,0,0,0,0,0,0,0,0,0,0,0,0,0,0,0,0,0,0,0,0,0,0,0,0,0,0,0,0,0,0,0,0,0,0,0,0
Region 65,Region 12,3,0.011,3,0.018,5,0.041,2,0.025,1,0.018,3,0.068,2,0.042,7,0.086,9,0.054,18,0.048,18,0.036,11,0.024,9,0.023,9,0.024,3,0.008,9,0.022,3,0.007,4,0.008,4,0.008,4,0.008,4,0.008,3,0.007,6,0.016,5,0.016
Region 65,Region 13,13,0.046,10,0.059,3,0.025,3,0.037,1,0.018,3,0.068,1,0.021,4,0.049,4,0.024,22,0.058,47,0.095,46,0.1,34,0.088,25,0.066,28,0.072,31,0.076,22,0.053,20,0.042,28,0.053,34,0.07,36,0.071,30,0.065,30,0.079,23,0.072
Region 65,Region 14,9,0.032,5,0.029,2,0.016,2,0.025,1,0.018,4,0.09,7,0.147,15,0.185,30,0.182,26,0.069,26,0.053,22,0.048,15,0.039,20,0.053,16,0.041,9,0.022,6,0.014,12,0.025,10,0.019,5,0.01,11,0.022,11,0.024,9,0.024,4,0.013
Region 65,Region 15,0,0,0,0,0,0,0,0,0,0,0,0,0,0,0,0,0,0,0,0,0,0,0,0,0,0,0,0,0,0,0,0,0,0,0,0,0,0,0,0,0,0,0,0,0,0,0,0
Region 65,Region 16,0,0,0,0,0,0,0,0,0,0,0,0,0,0,0,0,0,0,0,0,0,0,0,0,0,0,0,0,0,0,0,0,0,0,0,0,0,0,0,0,0,0,0,0,0,0,0,0
Region 65,Region 17,4,0.014,3,0.018,1,0.008,1,0.012,1,0.018,0,0,0,0,1,0.012,2,0.012,4,0.011,9,0.018,5,0.011,8,0.021,8,0.021,9,0.023,5,0.012,2,0.005,12,0.025,16,0.03,14,0.029,11,0.022,9,0.02,8,0.021,10,0.031
Region 65,Region 18,0,0,1,0.006,1,0.008,2,0.025,0,0,0,0,0,0,0,0,0,0,0,0,2,0.004,1,0.002,2,0.005,2,0.005,3,0.008,3,0.007,0,0,4,0.008,1,0.002,2,0.004,1,0.002,3,0.007,1,0.003,0,0
Region 65,Region 19,0,0,0,0,0,0,0,0,0,0,0,0,0,0,0,0,2,0.012,1,0.003,1,0.002,2,0.004,1,0.003,1,0.003,2,0.005,0,0,0,0,1,0.002,0,0,1,0.002,0,0,2,0.004,2,0.005,0,0
Region 65,Region 20,0,0,1,0.006,0,0,0,0,0,0,0,0,0,0,0,0,2,0.012,1,0.003,2,0.004,1,0.002,2,0.005,0,0,0,0,1,0.002,0,0,1,0.002,2,0.004,3,0.006,1,0.002,2,0.004,2,0.005,0,0
Region 65,Region 21,0,0,1,0.006,0,0,0,0,1,0.018,0,0,1,0.021,1,0.012,1,0.006,3,0.008,3,0.006,3,0.007,3,0.008,2,0.005,4,0.01,2,0.005,1,0.002,1,0.002,0,0,1,0.002,5,0.01,0,0,1,0.003,1,0.003
Region 65,Region 22,0,0,1,0.006,0,0,0,0,0,0,0,0,0,0,1,0.012,3,0.018,9,0.024,3,0.006,2,0.004,4,0.01,1,0.003,3,0.008,0,0,0,0,3,0.006,2,0.004,2,0.004,2,0.004,2,0.004,0,0,1,0.003
Region 65,Region 23,3,0.011,0,0,0,0,0,0,0,0,0,0,0,0,0,0,1,0.006,1,0.003,1,0.002,1,0.002,1,0.003,2,0.005,1,0.003,1,0.002,2,0.005,1,0.002,2,0.004,3,0.006,3,0.006,1,0.002,2,0.005,1,0.003
Region 65,Region 24,0,0,0,0,0,0,0,0,0,0,0,0,0,0,0,0,2,0.012,0,0,0,0,1,0.002,0,0,0,0,0,0,1,0.002,0,0,2,0.004,2,0.004,0,0,2,0.004,0,0,1,0.003,0,0
Region 65,Region 25,1,0.004,2,0.012,0,0,0,0,0,0,0,0,0,0,1,0.012,0,0,30,0.079,2,0.004,3,0.007,2,0.005,0,0,1,0.003,2,0.005,1,0.002,3,0.006,3,0.006,4,0.008,1,0.002,0,0,2,0.005,2,0.006
Region 65,Region 26,0,0,0,0,0,0,0,0,0,0,0,0,0,0,1,0.012,1,0.006,0,0,1,0.002,1,0.002,0,0,0,0,1,0.003,2,0.005,2,0.005,0,0,0,0,2,0.004,0,0,0,0,0,0,0,0
Region 65,Region 27,0,0,0,0,0,0,0,0,0,0,0,0,0,0,0,0,2,0.012,0,0,0,0,1,0.002,0,0,0,0,0,0,0,0,1,0.002,0,0,1,0.002,0,0,2,0.004,1,0.002,4,0.011,0,0
Region 65,Region 28,0,0,1,0.006,1,0.008,0,0,0,0,0,0,0,0,0,0,0,0,4,0.011,3,0.006,2,0.004,2,0.005,0,0,1,0.003,2,0.005,0,0,1,0.002,2,0.004,1,0.002,1,0.002,0,0,1,0.003,1,0.003
Region 65,Region 29,2,0.007,2,0.012,4,0.033,0,0,0,0,0,0,1,0.021,0,0,3,0.018,10,0.026,10,0.02,6,0.013,7,0.018,5,0.013,2,0.005,2,0.005,1,0.002,2,0.004,1,0.002,1,0.002,2,0.004,0,0,1,0.003,2,0.006
Region 65,Region 30,2,0.007,0,0,0,0,0,0,0,0,0,0,0,0,0,0,2,0.012,5,0.013,4,0.008,7,0.015,3,0.008,4,0.011,4,0.01,1,0.002,0,0,2,0.004,1,0.002,1,0.002,1,0.002,3,0.007,2,0.005,2,0.006
Region 65,Region 31,1,0.004,0,0,0,0,1,0.012,2,0.037,0,0,0,0,0,0,0,0,3,0.008,10,0.02,5,0.011,6,0.015,2,0.005,1,0.003,2,0.005,1,0.002,2,0.004,3,0.006,4,0.008,2,0.004,3,0.007,1,0.003,1,0.003
Region 65,Region 32,1,0.004,0,0,0,0,0,0,0,0,0,0,0,0,0,0,0,0,1,0.003,1,0.002,1,0.002,0,0,0,0,1,0.003,0,0,1,0.002,0,0,1,0.002,4,0.008,3,0.006,4,0.009,0,0,1,0.003
Region 65,Region 33,1,0.004,0,0,1,0.008,0,0,0,0,0,0,0,0,0,0,0,0,4,0.011,6,0.012,1,0.002,3,0.008,2,0.005,0,0,5,0.012,2,0.005,0,0,1,0.002,2,0.004,4,0.008,1,0.002,0,0,1,0.003
Region 65,Region 34,0,0,0,0,0,0,0,0,0,0,0,0,0,0,0,0,0,0,0,0,0,0,0,0,0,0,0,0,0,0,0,0,0,0,0,0,0,0,0,0,0,0,0,0,0,0,0,0
Region 65,Region 35,0,0,0,0,0,0,0,0,0,0,0,0,0,0,0,0,0,0,0,0,0,0,0,0,0,0,0,0,0,0,0,0,0,0,0,0,0,0,0,0,1,0.002,0,0,0,0,0,0
Region 65,Region 36,1,0.004,1,0.006,0,0,1,0.012,0,0,0,0,0,0,0,0,1,0.006,5,0.013,3,0.006,3,0.007,0,0,1,0.003,1,0.003,2,0.005,1,0.002,1,0.002,3,0.006,3,0.006,4,0.008,2,0.004,0,0,1,0.003
Region 65,Region 37,1,0.004,1,0.006,1,0.008,0,0,0,0,0,0,0,0,0,0,1,0.006,2,0.005,5,0.01,2,0.004,6,0.015,5,0.013,2,0.005,2,0.005,4,0.01,1,0.002,4,0.008,6,0.012,7,0.014,9,0.02,4,0.011,2,0.006
Region 65,Region 38,4,0.014,1,0.006,0,0,0,0,1,0.018,0,0,0,0,0,0,1,0.006,3,0.008,8,0.016,7,0.015,3,0.008,1,0.003,2,0.005,1,0.002,1,0.002,2,0.004,1,0.002,1,0.002,9,0.018,4,0.009,6,0.016,2,0.006
Region 65,Region 39,0,0,0,0,0,0,0,0,0,0,0,0,0,0,0,0,0,0,1,0.003,0,0,0,0,0,0,1,0.003,0,0,0,0,0,0,0,0,0,0,1,0.002,1,0.002,1,0.002,0,0,0,0
Region 65,Region 40,0,0,0,0,0,0,0,0,0,0,0,0,0,0,0,0,0,0,0,0,0,0,0,0,0,0,0,0,0,0,0,0,0,0,0,0,0,0,0,0,0,0,0,0,0,0,0,0
Region 65,Region 41,0,0,0,0,0,0,0,0,0,0,0,0,0,0,3,0.037,2,0.012,5,0.013,3,0.006,2,0.004,1,0.003,0,0,2,0.005,1,0.002,1,0.002,1,0.002,0,0,1,0.002,1,0.002,0,0,1,0.003,0,0
Region 65,Region 42,0,0,0,0,0,0,0,0,0,0,0,0,0,0,0,0,0,0,0,0,0,0,0,0,0,0,0,0,0,0,0,0,0,0,0,0,0,0,0,0,0,0,0,0,0,0,0,0
Region 65,Region 43,2,0.007,0,0,0,0,1,0.012,1,0.018,0,0,0,0,0,0,0,0,1,0.003,3,0.006,0,0,1,0.003,1,0.003,1,0.003,0,0,0,0,0,0,0,0,1,0.002,1,0.002,1,0.002,1,0.003,0,0
Region 65,Region 44,0,0,0,0,0,0,0,0,0,0,0,0,0,0,0,0,0,0,0,0,0,0,0,0,0,0,0,0,0,0,0,0,0,0,0,0,0,0,0,0,0,0,0,0,0,0,0,0
Region 65,Region 45,1,0.004,1,0.006,2,0.016,0,0,0,0,0,0,0,0,1,0.012,1,0.006,2,0.005,5,0.01,6,0.013,3,0.008,2,0.005,1,0.003,3,0.007,5,0.012,4,0.008,4,0.008,5,0.01,5,0.01,7,0.015,1,0.003,1,0.003
Region 65,Region 46,5,0.018,1,0.006,2,0.016,0,0,2,0.037,1,0.023,0,0,4,0.049,8,0.048,70,0.185,20,0.04,28,0.061,20,0.052,24,0.063,25,0.064,12,0.029,12,0.029,26,0.054,34,0.065,25,0.052,16,0.032,12,0.026,11,0.029,6,0.019
Region 65,Region 47,5,0.018,0,0,0,0,1,0.012,0,0,0,0,0,0,1,0.012,9,0.054,25,0.066,27,0.055,21,0.046,9,0.023,10,0.026,8,0.02,6,0.015,6,0.014,12,0.025,11,0.021,10,0.021,16,0.032,12,0.026,6,0.016,4,0.013
Region 65,Region 48,2,0.007,0,0,0,0,0,0,0,0,1,0.023,0,0,5,0.062,7,0.042,12,0.032,12,0.024,6,0.013,6,0.015,9,0.024,5,0.013,1,0.002,3,0.007,6,0.012,2,0.004,4,0.008,5,0.01,3,0.007,2,0.005,1,0.003
Region 65,Region 49,3,0.011,3,0.018,0,0,0,0,1,0.018,0,0,0,0,0,0,2,0.012,2,0.005,2,0.004,5,0.011,2,0.005,4,0.011,3,0.008,2,0.005,2,0.005,5,0.01,11,0.021,5,0.01,1,0.002,4,0.009,5,0.013,4,0.013
Region 65,Region 50,11,0.039,9,0.053,9,0.074,2,0.025,1,0.018,2,0.045,0,0,5,0.062,16,0.097,27,0.071,38,0.077,38,0.083,20,0.052,21,0.055,32,0.082,32,0.078,28,0.068,44,0.091,47,0.09,35,0.072,25,0.05,32,0.069,26,0.069,25,0.079
Region 65,Region 51,0,0,0,0,0,0,1,0.012,0,0,0,0,0,0,0,0,1,0.006,4,0.011,2,0.004,5,0.011,0,0,1,0.003,1,0.003,0,0,0,0,1,0.002,2,0.004,7,0.014,3,0.006,1,0.002,2,0.005,2,0.006
Region 65,Region 52,8,0.028,7,0.041,5,0.041,4,0.05,2,0.037,2,0.045,1,0.021,6,0.074,11,0.067,9,0.024,33,0.067,21,0.046,12,0.031,16,0.042,25,0.064,22,0.054,19,0.046,25,0.052,38,0.072,21,0.043,20,0.04,32,0.069,31,0.082,16,0.05
Region 65,Region 53,0,0,0,0,0,0,0,0,0,0,0,0,0,0,0,0,0,0,0,0,5,0.01,4,0.009,3,0.008,2,0.005,1,0.003,1,0.002,0,0,0,0,3,0.006,4,0.008,1,0.002,0,0,2,0.005,0,0
Region 65,Region 54,0,0,0,0,0,0,0,0,0,0,0,0,0,0,0,0,0,0,1,0.003,1,0.002,0,0,0,0,2,0.005,0,0,0,0,0,0,0,0,0,0,0,0,1,0.002,0,0,0,0,1,0.003
Region 65,Region 55,0,0,0,0,0,0,0,0,0,0,0,0,0,0,0,0,0,0,1,0.003,1,0.002,2,0.004,1,0.003,1,0.003,0,0,1,0.002,1,0.002,1,0.002,0,0,0,0,3,0.006,1,0.002,0,0,0,0
Region 65,Region 56,0,0,2,0.012,1,0.008,0,0,0,0,0,0,0,0,0,0,3,0.018,3,0.008,5,0.01,0,0,3,0.008,5,0.013,3,0.008,1,0.002,5,0.012,3,0.006,2,0.004,1,0.002,2,0.004,2,0.004,2,0.005,3,0.009
Region 65,Region 57,2,0.007,0,0,1,0.008,0,0,0,0,0,0,0,0,0,0,0,0,2,0.005,1,0.002,3,0.007,3,0.008,3,0.008,0,0,1,0.002,2,0.005,1,0.002,1,0.002,4,0.008,6,0.012,4,0.009,6,0.016,0,0
Region 65,Region 58,0,0,0,0,0,0,0,0,0,0,0,0,0,0,0,0,0,0,0,0,0,0,0,0,0,0,0,0,0,0,0,0,0,0,0,0,0,0,0,0,0,0,0,0,0,0,0,0
Region 65,Region 59,0,0,0,0,0,0,0,0,0,0,0,0,0,0,0,0,0,0,0,0,0,0,0,0,0,0,0,0,0,0,0,0,0,0,0,0,0,0,0,0,0,0,0,0,0,0,0,0
Region 65,Region 60,1,0.004,0,0,0,0,0,0,0,0,0,0,0,0,1,0.012,4,0.024,8,0.021,9,0.018,9,0.02,2,0.005,7,0.018,0,0,0,0,0,0,3,0.006,1,0.002,0,0,3,0.006,1,0.002,0,0,0,0
Region 65,Region 61,0,0,0,0,0,0,0,0,0,0,0,0,0,0,0,0,2,0.012,3,0.008,0,0,0,0,0,0,0,0,0,0,0,0,0,0,0,0,1,0.002,0,0,1,0.002,0,0,0,0,0,0
Region 65,Region 62,18,0.063,12,0.07,7,0.058,3,0.037,2,0.037,2,0.045,2,0.042,13,0.16,17,0.103,25,0.066,67,0.136,44,0.096,35,0.09,30,0.079,34,0.087,53,0.129,41,0.099,56,0.116,63,0.12,62,0.128,54,0.107,48,0.104,36,0.095,22,0.069
Region 65,Region 63,0,0,0,0,0,0,0,0,0,0,0,0,0,0,0,0,0,0,0,0,0,0,0,0,0,0,0,0,0,0,0,0,0,0,0,0,0,0,0,0,0,0,0,0,0,0,0,0
Region 65,Region 64,2,0.007,1,0.006,1,0.008,0,0,1,0.018,0,0,0,0,1,0.012,3,0.018,8,0.021,6,0.012,1,0.002,0,0,3,0.008,7,0.018,1,0.002,0,0,4,0.008,2,0.004,2,0.004,0,0,1,0.002,0,0,0,0
Region 65,Region 65,101,0.356,55,0.323,33,0.271,20,0.248,8,0.148,5,0.113,6,0.126,13,0.16,24,0.145,83,0.219,148,0.3,127,0.276,117,0.301,106,0.28,127,0.325,108,0.263,106,0.256,161,0.334,188,0.358,141,0.292,170,0.337,174,0.377,166,0.437,113,0.355
Region 65,Region 66,2,0.007,1,0.006,0,0,0,0,0,0,1,0.023,2,0.042,2,0.025,3,0.018,6,0.016,5,0.01,6,0.013,5,0.013,7,0.018,2,0.005,12,0.029,7,0.017,4,0.008,5,0.01,12,0.025,5,0.01,5,0.011,3,0.008,2,0.006
Region 65,Region 67,2,0.007,1,0.006,0,0,1,0.012,0,0,0,0,1,0.021,1,0.012,3,0.018,14,0.037,19,0.038,6,0.013,8,0.021,4,0.011,3,0.008,9,0.022,3,0.007,7,0.015,5,0.01,5,0.01,4,0.008,6,0.013,5,0.013,1,0.003
Region 65,Region 68,2,0.007,0,0,1,0.008,2,0.025,0,0,0,0,1,0.021,1,0.012,4,0.024,18,0.048,23,0.047,12,0.026,17,0.044,9,0.024,6,0.015,9,0.022,5,0.012,13,0.027,11,0.021,16,0.033,15,0.03,12,0.026,2,0.005,6,0.019
Region 65,Region 69,3,0.011,0,0,0,0,0,0,0,0,0,0,1,0.021,1,0.012,2,0.012,9,0.024,8,0.016,8,0.017,7,0.018,5,0.013,6,0.015,8,0.02,3,0.007,3,0.006,5,0.01,9,0.019,8,0.016,8,0.017,4,0.011,3,0.009
Region 65,Region 70,0,0,1,0.006,1,0.008,2,0.025,0,0,0,0,0,0,2,0.025,7,0.042,14,0.037,12,0.024,2,0.004,8,0.021,4,0.011,2,0.005,2,0.005,2,0.005,3,0.006,3,0.006,9,0.019,12,0.024,5,0.011,5,0.013,4,0.013
Region 65,Region 71,2,0.007,0,0,2,0.016,0,0,0,0,0,0,0,0,1,0.012,2,0.012,22,0.058,17,0.034,2,0.004,2,0.005,3,0.008,0,0,3,0.007,2,0.005,5,0.01,8,0.015,6,0.012,9,0.018,7,0.015,2,0.005,6,0.019
Region 65,Region 72,0,0,0,0,0,0,0,0,0,0,0,0,0,0,0,0,0,0,0,0,0,0,0,0,0,0,0,0,0,0,0,0,0,0,0,0,0,0,0,0,0,0,0,0,0,0,0,0
Region 65,Region 73,0,0,0,0,0,0,0,0,0,0,0,0,0,0,0,0,0,0,0,0,0,0,0,0,0,0,0,0,0,0,0,0,0,0,0,0,0,0,0,0,0,0,0,0,0,0,0,0
Region 65,Region 74,1,0.004,0,0,1,0.008,1,0.012,0,0,0,0,0,0,0,0,0,0,4,0.011,0,0,0,0,0,0,1,0.003,0,0,0,0,1,0.002,1,0.002,0,0,0,0,1,0.002,0,0,0,0,0,0
Region 65,Region 75,0,0,0,0,0,0,0,0,0,0,0,0,0,0,0,0,0,0,1,0.003,0,0,1,0.002,2,0.005,1,0.003,0,0,0,0,0,0,0,0,0,0,2,0.004,0,0,0,0,0,0,0,0
Region 66,Region 0,0,0,2,0.012,0,0,0,0,0,0,0,0,2,0.042,0,0,1,0.006,0,0,1,0.002,1,0.002,2,0.005,0,0,2,0.005,3,0.007,6,0.014,6,0.012,6,0.011,5,0.01,6,0.012,1,0.002,3,0.008,2,0.006
Region 66,Region 1,0,0,0,0,0,0,0,0,0,0,0,0,0,0,0,0,0,0,0,0,0,0,0,0,0,0,0,0,0,0,0,0,0,0,0,0,0,0,0,0,0,0,0,0,0,0,0,0
Region 66,Region 2,0,0,1,0.006,0,0,0,0,0,0,0,0,1,0.021,0,0,0,0,4,0.011,9,0.018,5,0.011,4,0.01,0,0,0,0,4,0.01,1,0.002,0,0,2,0.004,3,0.006,1,0.002,2,0.004,1,0.003,1,0.003
Region 66,Region 3,0,0,0,0,1,0.008,1,0.012,0,0,1,0.023,0,0,0,0,0,0,2,0.005,1,0.002,3,0.007,1,0.003,2,0.005,0,0,0,0,1,0.002,1,0.002,1,0.002,2,0.004,1,0.002,0,0,0,0,2,0.006
Region 66,Region 4,24,0.085,11,0.065,6,0.049,6,0.074,4,0.074,2,0.045,2,0.042,3,0.037,10,0.061,19,0.05,20,0.04,25,0.054,21,0.054,29,0.076,35,0.09,27,0.066,29,0.07,42,0.087,38,0.072,39,0.081,41,0.081,59,0.128,41,0.108,30,0.094
Region 66,Region 5,1,0.004,1,0.006,0,0,0,0,0,0,1,0.023,0,0,1,0.012,2,0.012,1,0.003,6,0.012,1,0.002,1,0.003,0,0,1,0.003,2,0.005,1,0.002,1,0.002,1,0.002,1,0.002,0,0,0,0,1,0.003,0,0
Region 66,Region 6,0,0,0,0,0,0,0,0,0,0,0,0,0,0,0,0,0,0,0,0,0,0,0,0,0,0,0,0,0,0,0,0,0,0,0,0,0,0,0,0,0,0,0,0,0,0,0,0
Region 66,Region 7,1,0.004,0,0,0,0,0,0,0,0,0,0,0,0,1,0.012,0,0,4,0.011,3,0.006,5,0.011,2,0.005,3,0.008,1,0.003,3,0.007,2,0.005,2,0.004,1,0.002,0,0,2,0.004,1,0.002,3,0.008,3,0.009
Region 66,Region 8,3,0.011,0,0,0,0,0,0,0,0,0,0,1,0.021,0,0,0,0,0,0,0,0,0,0,1,0.003,0,0,2,0.005,0,0,1,0.002,0,0,0,0,0,0,1,0.002,1,0.002,0,0,0,0
Region 66,Region 9,0,0,0,0,0,0,0,0,0,0,0,0,0,0,0,0,0,0,0,0,0,0,0,0,0,0,0,0,0,0,0,0,0,0,0,0,0,0,0,0,0,0,0,0,0,0,0,0
Region 66,Region 10,5,0.018,3,0.018,1,0.008,0,0,0,0,1,0.023,1,0.021,0,0,3,0.018,5,0.013,11,0.022,10,0.022,1,0.003,8,0.021,8,0.02,3,0.007,7,0.017,9,0.019,7,0.013,7,0.014,12,0.024,4,0.009,7,0.018,4,0.013
Region 66,Region 11,0,0,0,0,0,0,0,0,0,0,0,0,0,0,0,0,0,0,0,0,0,0,0,0,0,0,0,0,0,0,0,0,0,0,0,0,0,0,0,0,0,0,0,0,0,0,0,0
Region 66,Region 12,3,0.011,5,0.029,3,0.025,1,0.012,1,0.018,0,0,2,0.042,4,0.049,8,0.048,16,0.042,7,0.014,15,0.033,5,0.013,4,0.011,6,0.015,10,0.024,5,0.012,9,0.019,5,0.01,11,0.023,6,0.012,6,0.013,4,0.011,6,0.019
Region 66,Region 13,8,0.028,3,0.018,1,0.008,1,0.012,3,0.055,2,0.045,0,0,1,0.012,2,0.012,5,0.013,8,0.016,8,0.017,10,0.026,12,0.032,5,0.013,17,0.041,11,0.027,20,0.042,16,0.03,14,0.029,20,0.04,14,0.03,6,0.016,7,0.022
Region 66,Region 14,7,0.025,6,0.035,1,0.008,2,0.025,1,0.018,3,0.068,4,0.084,11,0.135,19,0.115,23,0.061,23,0.047,22,0.048,17,0.044,16,0.042,18,0.046,12,0.029,6,0.014,14,0.029,12,0.023,6,0.012,11,0.022,3,0.007,5,0.013,8,0.025
Region 66,Region 15,0,0,0,0,0,0,0,0,0,0,0,0,0,0,0,0,0,0,0,0,0,0,0,0,0,0,0,0,0,0,0,0,0,0,0,0,0,0,0,0,0,0,0,0,0,0,0,0
Region 66,Region 16,0,0,0,0,0,0,0,0,0,0,0,0,0,0,0,0,0,0,0,0,0,0,0,0,0,0,0,0,0,0,0,0,0,0,0,0,0,0,0,0,0,0,0,0,0,0,0,0
Region 66,Region 17,8,0.028,2,0.012,1,0.008,0,0,0,0,0,0,0,0,0,0,2,0.012,4,0.011,3,0.006,8,0.017,5,0.013,11,0.029,6,0.015,7,0.017,8,0.019,11,0.023,10,0.019,9,0.019,14,0.028,11,0.024,13,0.034,11,0.035
Region 66,Region 18,1,0.004,1,0.006,0,0,0,0,0,0,0,0,1,0.021,0,0,1,0.006,1,0.003,4,0.008,2,0.004,8,0.021,4,0.011,3,0.008,5,0.012,1,0.002,3,0.006,3,0.006,1,0.002,2,0.004,2,0.004,2,0.005,0,0
Region 66,Region 19,0,0,0,0,0,0,1,0.012,0,0,0,0,0,0,0,0,2,0.012,3,0.008,1,0.002,1,0.002,0,0,4,0.011,0,0,1,0.002,2,0.005,0,0,5,0.01,0,0,1,0.002,1,0.002,1,0.003,0,0
Region 66,Region 20,1,0.004,3,0.018,2,0.016,0,0,0,0,0,0,0,0,1,0.012,0,0,1,0.003,1,0.002,1,0.002,3,0.008,7,0.018,0,0,2,0.005,1,0.002,1,0.002,1,0.002,1,0.002,0,0,0,0,1,0.003,0,0
Region 66,Region 21,0,0,0,0,0,0,0,0,0,0,0,0,1,0.021,0,0,0,0,0,0,2,0.004,3,0.007,1,0.003,2,0.005,4,0.01,4,0.01,0,0,2,0.004,3,0.006,2,0.004,1,0.002,4,0.009,0,0,0,0
Region 66,Region 22,1,0.004,0,0,1,0.008,0,0,0,0,0,0,0,0,1,0.012,4,0.024,1,0.003,5,0.01,5,0.011,1,0.003,3,0.008,3,0.008,1,0.002,2,0.005,2,0.004,1,0.002,0,0,2,0.004,2,0.004,1,0.003,1,0.003
Region 66,Region 23,29,0.102,15,0.088,10,0.082,10,0.124,2,0.037,0,0,0,0,4,0.049,5,0.03,10,0.026,14,0.028,26,0.056,21,0.054,28,0.074,24,0.061,38,0.093,28,0.068,48,0.1,32,0.061,38,0.079,45,0.089,53,0.115,49,0.129,39,0.123
Region 66,Region 24,1,0.004,0,0,0,0,0,0,0,0,0,0,0,0,0,0,0,0,1,0.003,1,0.002,4,0.009,1,0.003,2,0.005,4,0.01,5,0.012,3,0.007,4,0.008,4,0.008,1,0.002,0,0,0,0,1,0.003,1,0.003
Region 66,Region 25,4,0.014,0,0,0,0,0,0,1,0.018,0,0,0,0,0,0,1,0.006,1,0.003,1,0.002,2,0.004,0,0,0,0,2,0.005,6,0.015,2,0.005,3,0.006,0,0,4,0.008,8,0.016,8,0.017,5,0.013,0,0
Region 66,Region 26,0,0,1,0.006,0,0,0,0,0,0,0,0,0,0,0,0,1,0.006,6,0.016,5,0.01,0,0,0,0,0,0,0,0,0,0,0,0,1,0.002,0,0,0,0,0,0,3,0.007,1,0.003,0,0
Region 66,Region 27,2,0.007,1,0.006,1,0.008,0,0,1,0.018,0,0,1,0.021,2,0.025,2,0.012,2,0.005,1,0.002,4,0.009,7,0.018,3,0.008,2,0.005,4,0.01,5,0.012,7,0.015,0,0,1,0.002,11,0.022,13,0.028,6,0.016,3,0.009
Region 66,Region 28,3,0.011,4,0.023,0,0,0,0,1,0.018,0,0,0,0,0,0,0,0,1,0.003,5,0.01,11,0.024,3,0.008,9,0.024,9,0.023,9,0.022,3,0.007,13,0.027,6,0.011,8,0.017,5,0.01,6,0.013,4,0.011,1,0.003
Region 66,Region 29,1,0.004,0,0,0,0,0,0,0,0,1,0.023,2,0.042,1,0.012,7,0.042,16,0.042,4,0.008,7,0.015,4,0.01,5,0.013,1,0.003,5,0.012,2,0.005,2,0.004,4,0.008,5,0.01,2,0.004,2,0.004,2,0.005,1,0.003
Region 66,Region 30,1,0.004,0,0,0,0,1,0.012,1,0.018,1,0.023,0,0,0,0,0,0,0,0,2,0.004,1,0.002,3,0.008,3,0.008,2,0.005,2,0.005,1,0.002,4,0.008,1,0.002,2,0.004,3,0.006,4,0.009,0,0,1,0.003
Region 66,Region 31,1,0.004,1,0.006,1,0.008,0,0,0,0,0,0,0,0,1,0.012,0,0,1,0.003,3,0.006,3,0.007,5,0.013,4,0.011,3,0.008,1,0.002,3,0.007,2,0.004,5,0.01,2,0.004,3,0.006,2,0.004,2,0.005,1,0.003
Region 66,Region 32,3,0.011,2,0.012,1,0.008,1,0.012,1,0.018,0,0,1,0.021,0,0,3,0.018,6,0.016,6,0.012,4,0.009,6,0.015,7,0.018,6,0.015,3,0.007,8,0.019,10,0.021,3,0.006,10,0.021,13,0.026,16,0.035,6,0.016,4,0.013
Region 66,Region 33,1,0.004,0,0,1,0.008,1,0.012,0,0,0,0,0,0,0,0,0,0,8,0.021,1,0.002,4,0.009,3,0.008,3,0.008,2,0.005,5,0.012,7,0.017,5,0.01,5,0.01,4,0.008,7,0.014,2,0.004,10,0.026,2,0.006
Region 66,Region 34,0,0,0,0,0,0,0,0,0,0,0,0,0,0,0,0,0,0,0,0,0,0,0,0,0,0,0,0,0,0,0,0,0,0,0,0,0,0,0,0,0,0,0,0,0,0,0,0
Region 66,Region 35,0,0,0,0,0,0,0,0,0,0,0,0,0,0,0,0,0,0,0,0,0,0,0,0,0,0,0,0,0,0,0,0,0,0,1,0.002,0,0,0,0,0,0,0,0,0,0,0,0
Region 66,Region 36,17,0.06,4,0.023,4,0.033,3,0.037,1,0.018,0,0,0,0,1,0.012,10,0.061,67,0.177,15,0.03,18,0.039,15,0.039,10,0.026,18,0.046,23,0.056,23,0.056,18,0.037,27,0.051,29,0.06,20,0.04,27,0.059,17,0.045,19,0.06
Region 66,Region 37,4,0.014,0,0,0,0,0,0,0,0,0,0,0,0,0,0,0,0,2,0.005,3,0.006,1,0.002,9,0.023,1,0.003,6,0.015,2,0.005,4,0.01,3,0.006,6,0.011,6,0.012,5,0.01,6,0.013,8,0.021,9,0.028
Region 66,Region 38,1,0.004,0,0,0,0,0,0,0,0,0,0,0,0,0,0,1,0.006,2,0.005,4,0.008,3,0.007,3,0.008,0,0,2,0.005,1,0.002,1,0.002,1,0.002,2,0.004,2,0.004,5,0.01,4,0.009,0,0,8,0.025
Region 66,Region 39,0,0,1,0.006,1,0.008,1,0.012,0,0,0,0,0,0,0,0,0,0,0,0,2,0.004,1,0.002,1,0.003,0,0,0,0,1,0.002,0,0,0,0,0,0,1,0.002,1,0.002,0,0,0,0,0,0
Region 66,Region 40,0,0,0,0,0,0,0,0,0,0,0,0,0,0,0,0,0,0,0,0,0,0,0,0,0,0,0,0,0,0,0,0,0,0,0,0,0,0,0,0,1,0.002,0,0,0,0,0,0
Region 66,Region 41,0,0,2,0.012,1,0.008,0,0,0,0,0,0,1,0.021,2,0.025,3,0.018,20,0.053,18,0.036,6,0.013,2,0.005,5,0.013,1,0.003,5,0.012,2,0.005,7,0.015,3,0.006,1,0.002,0,0,1,0.002,2,0.005,4,0.013
Region 66,Region 42,0,0,0,0,0,0,0,0,0,0,0,0,0,0,0,0,0,0,0,0,0,0,0,0,0,0,0,0,0,0,0,0,0,0,0,0,0,0,0,0,0,0,0,0,0,0,0,0
Region 66,Region 43,1,0.004,1,0.006,1,0.008,0,0,1,0.018,0,0,0,0,0,0,1,0.006,4,0.011,4,0.008,2,0.004,3,0.008,0,0,4,0.01,2,0.005,4,0.01,4,0.008,2,0.004,5,0.01,1,0.002,2,0.004,2,0.005,0,0
Region 66,Region 44,0,0,0,0,0,0,0,0,0,0,0,0,0,0,0,0,0,0,0,0,0,0,0,0,0,0,0,0,0,0,0,0,0,0,0,0,0,0,0,0,0,0,0,0,0,0,0,0
Region 66,Region 45,2,0.007,0,0,0,0,0,0,1,0.018,0,0,0,0,0,0,0,0,0,0,4,0.008,0,0,1,0.003,0,0,1,0.003,1,0.002,1,0.002,2,0.004,0,0,3,0.006,2,0.004,2,0.004,2,0.005,0,0
Region 66,Region 46,15,0.053,9,0.053,3,0.025,2,0.025,2,0.037,2,0.045,2,0.042,1,0.012,7,0.042,39,0.103,30,0.061,49,0.106,44,0.113,51,0.135,56,0.143,60,0.146,69,0.167,79,0.164,50,0.095,76,0.157,57,0.113,55,0.119,46,0.121,24,0.075
Region 66,Region 47,9,0.032,11,0.065,8,0.066,4,0.05,3,0.055,3,0.068,1,0.021,11,0.135,30,0.182,68,0.18,95,0.192,83,0.18,53,0.137,54,0.142,32,0.082,36,0.088,35,0.085,40,0.083,53,0.101,56,0.116,55,0.109,56,0.121,21,0.055,21,0.066
Region 66,Region 48,2,0.007,1,0.006,1,0.008,0,0,0,0,0,0,1,0.021,1,0.012,3,0.018,4,0.011,5,0.01,11,0.024,10,0.026,9,0.024,3,0.008,4,0.01,5,0.012,4,0.008,3,0.006,2,0.004,5,0.01,3,0.007,5,0.013,1,0.003
Region 66,Region 49,2,0.007,1,0.006,1,0.008,0,0,0,0,0,0,0,0,0,0,0,0,6,0.016,2,0.004,4,0.009,2,0.005,1,0.003,1,0.003,0,0,4,0.01,2,0.004,3,0.006,0,0,2,0.004,1,0.002,1,0.003,1,0.003
Region 66,Region 50,2,0.007,1,0.006,1,0.008,0,0,0,0,2,0.045,1,0.021,1,0.012,2,0.012,13,0.034,5,0.01,8,0.017,5,0.013,5,0.013,5,0.013,6,0.015,14,0.034,9,0.019,8,0.015,9,0.019,6,0.012,17,0.037,6,0.016,8,0.025
Region 66,Region 51,0,0,0,0,1,0.008,0,0,0,0,0,0,0,0,0,0,0,0,0,0,3,0.006,2,0.004,1,0.003,2,0.005,1,0.003,1,0.002,0,0,1,0.002,1,0.002,4,0.008,1,0.002,3,0.007,1,0.003,2,0.006
Region 66,Region 52,2,0.007,3,0.018,2,0.016,0,0,1,0.018,1,0.023,1,0.021,0,0,1,0.006,7,0.018,11,0.022,5,0.011,3,0.008,11,0.029,3,0.008,1,0.002,10,0.024,8,0.017,10,0.019,11,0.023,8,0.016,13,0.028,4,0.011,4,0.013
Region 66,Region 53,0,0,0,0,1,0.008,0,0,0,0,0,0,0,0,0,0,0,0,0,0,3,0.006,4,0.009,0,0,1,0.003,0,0,3,0.007,1,0.002,1,0.002,1,0.002,0,0,3,0.006,0,0,0,0,0,0
Region 66,Region 54,4,0.014,1,0.006,1,0.008,0,0,0,0,0,0,0,0,0,0,3,0.018,1,0.003,2,0.004,1,0.002,1,0.003,1,0.003,1,0.003,1,0.002,0,0,0,0,1,0.002,2,0.004,0,0,1,0.002,1,0.003,0,0
Region 66,Region 55,2,0.007,3,0.018,1,0.008,1,0.012,0,0,0,0,1,0.021,0,0,1,0.006,1,0.003,1,0.002,5,0.011,2,0.005,5,0.013,6,0.015,3,0.007,1,0.002,6,0.012,5,0.01,6,0.012,5,0.01,7,0.015,5,0.013,10,0.031
Region 66,Region 56,1,0.004,3,0.018,1,0.008,1,0.012,0,0,1,0.023,0,0,1,0.012,1,0.006,5,0.013,8,0.016,3,0.007,5,0.013,5,0.013,7,0.018,7,0.017,5,0.012,12,0.025,5,0.01,4,0.008,1,0.002,2,0.004,0,0,2,0.006
Region 66,Region 57,3,0.011,3,0.018,0,0,1,0.012,0,0,0,0,0,0,0,0,3,0.018,2,0.005,4,0.008,2,0.004,5,0.013,3,0.008,5,0.013,4,0.01,4,0.01,7,0.015,3,0.006,6,0.012,7,0.014,10,0.022,5,0.013,3,0.009
Region 66,Region 58,0,0,0,0,0,0,0,0,0,0,0,0,0,0,0,0,0,0,0,0,1,0.002,0,0,0,0,0,0,0,0,0,0,0,0,0,0,0,0,0,0,0,0,0,0,0,0,0,0
Region 66,Region 59,0,0,0,0,0,0,0,0,0,0,0,0,0,0,0,0,0,0,0,0,0,0,0,0,0,0,0,0,0,0,0,0,0,0,0,0,0,0,0,0,1,0.002,2,0.004,0,0,0,0
Region 66,Region 60,0,0,1,0.006,0,0,1,0.012,0,0,0,0,1,0.021,1,0.012,2,0.012,10,0.026,5,0.01,7,0.015,1,0.003,1,0.003,0,0,0,0,1,0.002,2,0.004,3,0.006,0,0,0,0,2,0.004,0,0,0,0
Region 66,Region 61,0,0,0,0,0,0,0,0,0,0,0,0,0,0,0,0,0,0,4,0.011,0,0,1,0.002,1,0.003,2,0.005,0,0,2,0.005,0,0,4,0.008,1,0.002,1,0.002,1,0.002,2,0.004,3,0.008,3,0.009
Region 66,Region 62,21,0.074,17,0.1,3,0.025,7,0.087,2,0.037,2,0.045,5,0.105,11,0.135,22,0.133,72,0.19,69,0.14,55,0.119,33,0.085,47,0.124,48,0.123,48,0.117,57,0.138,52,0.108,56,0.107,50,0.104,61,0.121,51,0.111,46,0.121,38,0.12
Region 66,Region 63,0,0,0,0,0,0,0,0,0,0,0,0,0,0,0,0,0,0,0,0,0,0,0,0,0,0,0,0,0,0,3,0.007,0,0,0,0,0,0,0,0,1,0.002,0,0,0,0,0,0
Region 66,Region 64,0,0,2,0.012,0,0,0,0,0,0,0,0,0,0,0,0,0,0,5,0.013,7,0.014,4,0.009,2,0.005,0,0,0,0,1,0.002,1,0.002,1,0.002,1,0.002,2,0.004,0,0,0,0,0,0,0,0
Region 66,Region 65,1,0.004,3,0.018,2,0.016,1,0.012,2,0.037,0,0,0,0,0,0,1,0.006,2,0.005,2,0.004,3,0.007,7,0.018,2,0.005,7,0.018,1,0.002,4,0.01,6,0.012,3,0.006,4,0.008,4,0.008,5,0.011,1,0.003,4,0.013
Region 66,Region 66,75,0.264,50,0.293,22,0.181,8,0.099,5,0.092,7,0.158,4,0.084,14,0.172,23,0.139,67,0.177,122,0.247,127,0.276,109,0.281,122,0.322,124,0.318,145,0.354,129,0.311,162,0.336,159,0.303,160,0.331,143,0.283,153,0.332,118,0.311,89,0.28
Region 66,Region 67,0,0,2,0.012,0,0,1,0.012,0,0,1,0.023,0,0,1,0.012,0,0,1,0.003,9,0.018,9,0.02,10,0.026,3,0.008,2,0.005,1,0.002,3,0.007,3,0.006,1,0.002,2,0.004,6,0.012,3,0.007,4,0.011,0,0
Region 66,Region 68,1,0.004,2,0.012,0,0,0,0,0,0,0,0,1,0.021,1,0.012,2,0.012,3,0.008,15,0.03,21,0.046,9,0.023,6,0.016,5,0.013,9,0.022,6,0.014,7,0.015,7,0.013,6,0.012,6,0.012,10,0.022,6,0.016,1,0.003
Region 66,Region 69,1,0.004,0,0,2,0.016,1,0.012,1,0.018,0,0,1,0.021,0,0,2,0.012,5,0.013,7,0.014,4,0.009,6,0.015,10,0.026,11,0.028,5,0.012,3,0.007,8,0.017,5,0.01,6,0.012,2,0.004,5,0.011,7,0.018,3,0.009
Region 66,Region 70,2,0.007,0,0,0,0,0,0,1,0.018,1,0.023,0,0,0,0,2,0.012,4,0.011,3,0.006,5,0.011,3,0.008,2,0.005,1,0.003,2,0.005,2,0.005,4,0.008,2,0.004,2,0.004,3,0.006,7,0.015,2,0.005,0,0
Region 66,Region 71,20,0.071,19,0.111,10,0.082,3,0.037,3,0.055,2,0.045,2,0.042,5,0.062,5,0.03,44,0.116,53,0.107,34,0.074,24,0.062,40,0.105,29,0.074,34,0.083,43,0.104,41,0.085,44,0.084,43,0.089,49,0.097,49,0.106,45,0.119,24,0.075
Region 66,Region 72,0,0,0,0,0,0,0,0,0,0,0,0,0,0,0,0,0,0,0,0,0,0,0,0,0,0,0,0,0,0,0,0,0,0,0,0,0,0,0,0,0,0,0,0,0,0,0,0
Region 66,Region 73,0,0,0,0,0,0,0,0,0,0,0,0,0,0,0,0,0,0,0,0,0,0,0,0,0,0,0,0,0,0,0,0,0,0,0,0,0,0,0,0,0,0,0,0,0,0,0,0
Region 66,Region 74,2,0.007,0,0,0,0,0,0,1,0.018,0,0,0,0,0,0,1,0.006,5,0.013,1,0.002,1,0.002,0,0,1,0.003,1,0.003,1,0.002,1,0.002,0,0,0,0,2,0.004,1,0.002,2,0.004,0,0,0,0
Region 66,Region 75,3,0.011,2,0.012,1,0.008,1,0.012,0,0,0,0,0,0,1,0.012,0,0,2,0.005,2,0.004,2,0.004,3,0.008,1,0.003,5,0.013,4,0.01,5,0.012,3,0.006,3,0.006,5,0.01,9,0.018,7,0.015,6,0.016,3,0.009
Region 67,Region 0,1,0.004,1,0.006,0,0,0,0,0,0,0,0,0,0,0,0,0,0,1,0.003,0,0,0,0,0,0,2,0.005,1,0.003,0,0,0,0,1,0.002,0,0,0,0,1,0.002,0,0,0,0,2,0.006
Region 67,Region 1,0,0,0,0,0,0,0,0,0,0,0,0,0,0,0,0,1,0.006,0,0,0,0,0,0,0,0,0,0,0,0,0,0,0,0,0,0,0,0,0,0,0,0,0,0,0,0,0,0
Region 67,Region 2,5,0.018,1,0.006,1,0.008,1,0.012,1,0.018,2,0.045,0,0,0,0,1,0.006,4,0.011,5,0.01,4,0.009,4,0.01,4,0.011,7,0.018,9,0.022,2,0.005,2,0.004,8,0.015,10,0.021,4,0.008,9,0.02,5,0.013,6,0.019
Region 67,Region 3,7,0.025,12,0.07,4,0.033,3,0.037,0,0,2,0.045,2,0.042,2,0.025,2,0.012,7,0.018,9,0.018,10,0.022,8,0.021,7,0.018,9,0.023,9,0.022,18,0.043,16,0.033,23,0.044,16,0.033,22,0.044,10,0.022,10,0.026,12,0.038
Region 67,Region 4,2,0.007,1,0.006,0,0,1,0.012,0,0,1,0.023,0,0,0,0,0,0,0,0,0,0,3,0.007,1,0.003,2,0.005,1,0.003,1,0.002,2,0.005,1,0.002,3,0.006,2,0.004,8,0.016,2,0.004,8,0.021,5,0.016
Region 67,Region 5,6,0.021,0,0,0,0,0,0,0,0,0,0,1,0.021,0,0,3,0.018,2,0.005,3,0.006,4,0.009,5,0.013,3,0.008,3,0.008,4,0.01,1,0.002,7,0.015,5,0.01,4,0.008,9,0.018,4,0.009,6,0.016,3,0.009
Region 67,Region 6,0,0,0,0,0,0,0,0,0,0,0,0,0,0,0,0,0,0,0,0,0,0,0,0,0,0,0,0,0,0,0,0,0,0,0,0,0,0,0,0,0,0,0,0,0,0,0,0
Region 67,Region 7,11,0.039,4,0.023,3,0.025,2,0.025,3,0.055,1,0.023,1,0.021,2,0.025,8,0.048,16,0.042,25,0.051,11,0.024,16,0.041,11,0.029,16,0.041,24,0.059,13,0.031,16,0.033,23,0.044,22,0.046,13,0.026,17,0.037,13,0.034,20,0.063
Region 67,Region 8,0,0,0,0,0,0,0,0,0,0,0,0,0,0,0,0,0,0,0,0,0,0,0,0,0,0,0,0,0,0,1,0.002,1,0.002,0,0,0,0,0,0,0,0,0,0,0,0,0,0
Region 67,Region 9,0,0,0,0,0,0,0,0,0,0,0,0,0,0,0,0,0,0,0,0,0,0,0,0,0,0,0,0,0,0,0,0,0,0,0,0,0,0,0,0,0,0,0,0,0,0,0,0
Region 67,Region 10,2,0.007,0,0,0,0,0,0,0,0,0,0,0,0,0,0,0,0,0,0,0,0,1,0.002,1,0.003,1,0.003,1,0.003,1,0.002,2,0.005,4,0.008,3,0.006,4,0.008,5,0.01,3,0.007,4,0.011,2,0.006
Region 67,Region 11,0,0,0,0,0,0,0,0,0,0,0,0,0,0,0,0,0,0,0,0,0,0,0,0,0,0,0,0,0,0,0,0,0,0,0,0,0,0,0,0,0,0,0,0,0,0,0,0
Region 67,Region 12,14,0.049,7,0.041,2,0.016,3,0.037,3,0.055,2,0.045,1,0.021,4,0.049,6,0.036,10,0.026,5,0.01,10,0.022,6,0.015,16,0.042,11,0.028,14,0.034,11,0.027,22,0.046,12,0.023,26,0.054,20,0.04,16,0.035,18,0.047,19,0.06
Region 67,Region 13,6,0.021,4,0.023,0,0,0,0,0,0,1,0.023,0,0,0,0,0,0,6,0.016,5,0.01,3,0.007,3,0.008,6,0.016,13,0.033,9,0.022,5,0.012,9,0.019,13,0.025,10,0.021,14,0.028,7,0.015,3,0.008,4,0.013
Region 67,Region 14,26,0.092,17,0.1,12,0.099,10,0.124,2,0.037,4,0.09,1,0.021,14,0.172,15,0.091,19,0.05,33,0.067,42,0.091,48,0.124,45,0.119,35,0.09,46,0.112,41,0.099,38,0.079,39,0.074,36,0.075,36,0.071,42,0.091,36,0.095,31,0.097
Region 67,Region 15,0,0,0,0,0,0,0,0,0,0,0,0,0,0,0,0,0,0,0,0,0,0,0,0,0,0,0,0,0,0,0,0,0,0,0,0,0,0,0,0,0,0,0,0,0,0,0,0
Region 67,Region 16,0,0,0,0,0,0,0,0,0,0,0,0,0,0,0,0,0,0,0,0,0,0,0,0,0,0,0,0,0,0,0,0,0,0,0,0,0,0,0,0,0,0,0,0,0,0,0,0
Region 67,Region 17,1,0.004,1,0.006,0,0,0,0,0,0,0,0,0,0,0,0,1,0.006,0,0,2,0.004,0,0,1,0.003,3,0.008,3,0.008,2,0.005,3,0.007,1,0.002,2,0.004,3,0.006,9,0.018,3,0.007,1,0.003,1,0.003
Region 67,Region 18,4,0.014,2,0.012,1,0.008,4,0.05,2,0.037,1,0.023,1,0.021,3,0.037,1,0.006,2,0.005,12,0.024,5,0.011,7,0.018,6,0.016,14,0.036,9,0.022,12,0.029,8,0.017,11,0.021,6,0.012,13,0.026,13,0.028,8,0.021,6,0.019
Region 67,Region 19,5,0.018,4,0.023,1,0.008,0,0,0,0,2,0.045,1,0.021,0,0,1,0.006,1,0.003,3,0.006,4,0.009,4,0.01,3,0.008,3,0.008,8,0.02,3,0.007,4,0.008,1,0.002,6,0.012,1,0.002,6,0.013,5,0.013,2,0.006
Region 67,Region 20,6,0.021,6,0.035,3,0.025,3,0.037,1,0.018,0,0,6,0.126,5,0.062,14,0.085,18,0.048,18,0.036,17,0.037,20,0.052,15,0.04,13,0.033,15,0.037,19,0.046,8,0.017,14,0.027,17,0.035,21,0.042,20,0.043,19,0.05,11,0.035
Region 67,Region 21,10,0.035,2,0.012,4,0.033,2,0.025,1,0.018,0,0,1,0.021,3,0.037,3,0.018,5,0.013,12,0.024,17,0.037,15,0.039,18,0.047,21,0.054,11,0.027,12,0.029,27,0.056,15,0.029,14,0.029,17,0.034,15,0.033,15,0.04,8,0.025
Region 67,Region 22,4,0.014,6,0.035,5,0.041,0,0,1,0.018,0,0,0,0,0,0,4,0.024,8,0.021,16,0.032,13,0.028,14,0.036,8,0.021,6,0.015,9,0.022,8,0.019,11,0.023,18,0.034,13,0.027,14,0.028,17,0.037,7,0.018,5,0.016
Region 67,Region 23,3,0.011,2,0.012,1,0.008,1,0.012,0,0,0,0,0,0,0,0,0,0,0,0,3,0.006,3,0.007,1,0.003,1,0.003,2,0.005,2,0.005,1,0.002,3,0.006,4,0.008,2,0.004,3,0.006,3,0.007,2,0.005,2,0.006
Region 67,Region 24,2,0.007,0,0,0,0,0,0,0,0,0,0,0,0,0,0,0,0,2,0.005,1,0.002,0,0,2,0.005,0,0,1,0.003,1,0.002,0,0,1,0.002,0,0,4,0.008,1,0.002,1,0.002,4,0.011,2,0.006
Region 67,Region 25,1,0.004,1,0.006,0,0,0,0,0,0,0,0,0,0,0,0,0,0,0,0,0,0,1,0.002,1,0.003,1,0.003,1,0.003,0,0,0,0,0,0,1,0.002,1,0.002,3,0.006,1,0.002,0,0,2,0.006
Region 67,Region 26,1,0.004,0,0,1,0.008,0,0,0,0,0,0,0,0,0,0,1,0.006,1,0.003,5,0.01,5,0.011,1,0.003,0,0,1,0.003,4,0.01,4,0.01,1,0.002,2,0.004,0,0,3,0.006,0,0,2,0.005,1,0.003
Region 67,Region 27,1,0.004,2,0.012,1,0.008,1,0.012,0,0,0,0,0,0,0,0,0,0,0,0,0,0,0,0,0,0,0,0,0,0,0,0,0,0,1,0.002,0,0,1,0.002,1,0.002,0,0,2,0.005,1,0.003
Region 67,Region 28,1,0.004,0,0,0,0,0,0,0,0,0,0,0,0,0,0,0,0,0,0,0,0,2,0.004,0,0,0,0,0,0,3,0.007,0,0,0,0,0,0,1,0.002,0,0,0,0,0,0,0,0
Region 67,Region 29,6,0.021,4,0.023,2,0.016,3,0.037,0,0,1,0.023,2,0.042,1,0.012,5,0.03,32,0.085,12,0.024,21,0.046,24,0.062,16,0.042,16,0.041,14,0.034,11,0.027,13,0.027,11,0.021,13,0.027,5,0.01,5,0.011,9,0.024,9,0.028
Region 67,Region 30,27,0.095,9,0.053,15,0.123,7,0.087,3,0.055,3,0.068,3,0.063,5,0.062,7,0.042,26,0.069,35,0.071,62,0.135,51,0.131,63,0.166,94,0.241,64,0.156,69,0.167,67,0.139,82,0.156,88,0.182,97,0.192,100,0.217,83,0.219,54,0.17
Region 67,Region 31,47,0.166,30,0.176,16,0.132,12,0.149,11,0.203,7,0.158,2,0.042,16,0.197,21,0.127,50,0.132,59,0.119,71,0.154,63,0.162,64,0.169,65,0.167,74,0.18,80,0.193,98,0.204,103,0.196,109,0.226,106,0.21,70,0.152,75,0.198,56,0.176
Region 67,Region 32,0,0,1,0.006,0,0,0,0,0,0,1,0.023,0,0,1,0.012,1,0.006,1,0.003,2,0.004,0,0,1,0.003,2,0.005,1,0.003,1,0.002,0,0,0,0,1,0.002,1,0.002,3,0.006,1,0.002,1,0.003,1,0.003
Region 67,Region 33,5,0.018,0,0,0,0,0,0,1,0.018,0,0,1,0.021,1,0.012,0,0,0,0,4,0.008,1,0.002,1,0.003,0,0,1,0.003,1,0.002,1,0.002,1,0.002,2,0.004,3,0.006,1,0.002,4,0.009,1,0.003,1,0.003
Region 67,Region 34,0,0,0,0,0,0,0,0,0,0,0,0,0,0,0,0,0,0,0,0,0,0,0,0,0,0,0,0,0,0,0,0,0,0,0,0,0,0,0,0,0,0,0,0,0,0,0,0
Region 67,Region 35,0,0,0,0,0,0,0,0,0,0,0,0,0,0,0,0,0,0,0,0,0,0,0,0,0,0,0,0,0,0,0,0,0,0,0,0,0,0,0,0,0,0,0,0,0,0,0,0
Region 67,Region 36,2,0.007,0,0,0,0,0,0,0,0,0,0,0,0,0,0,0,0,0,0,0,0,1,0.002,0,0,0,0,0,0,2,0.005,1,0.002,0,0,1,0.002,2,0.004,3,0.006,1,0.002,2,0.005,1,0.003
Region 67,Region 37,6,0.021,3,0.018,1,0.008,2,0.025,2,0.037,2,0.045,3,0.063,1,0.012,0,0,3,0.008,7,0.014,4,0.009,1,0.003,2,0.005,5,0.013,4,0.01,3,0.007,2,0.004,4,0.008,7,0.014,11,0.022,11,0.024,7,0.018,5,0.016
Region 67,Region 38,33,0.116,25,0.147,13,0.107,5,0.062,4,0.074,3,0.068,3,0.063,8,0.098,6,0.036,16,0.042,38,0.077,50,0.109,48,0.124,42,0.111,56,0.143,56,0.137,72,0.174,57,0.118,63,0.12,80,0.166,95,0.188,91,0.197,53,0.14,50,0.157
Region 67,Region 39,2,0.007,0,0,1,0.008,0,0,0,0,0,0,0,0,0,0,0,0,0,0,0,0,1,0.002,0,0,0,0,2,0.005,1,0.002,1,0.002,3,0.006,1,0.002,0,0,3,0.006,2,0.004,1,0.003,0,0
Region 67,Region 40,0,0,0,0,0,0,0,0,0,0,0,0,0,0,0,0,0,0,0,0,0,0,0,0,0,0,0,0,0,0,0,0,0,0,0,0,0,0,0,0,0,0,0,0,0,0,0,0
Region 67,Region 41,0,0,0,0,0,0,0,0,0,0,0,0,2,0.042,2,0.025,3,0.018,1,0.003,1,0.002,1,0.002,1,0.003,3,0.008,2,0.005,2,0.005,2,0.005,1,0.002,0,0,0,0,0,0,1,0.002,1,0.003,0,0
Region 67,Region 42,0,0,0,0,0,0,0,0,0,0,0,0,0,0,0,0,0,0,0,0,0,0,0,0,0,0,0,0,0,0,0,0,0,0,0,0,0,0,0,0,0,0,0,0,0,0,0,0
Region 67,Region 43,2,0.007,2,0.012,2,0.016,0,0,0,0,0,0,0,0,0,0,0,0,2,0.005,4,0.008,4,0.009,0,0,1,0.003,2,0.005,4,0.01,3,0.007,1,0.002,2,0.004,4,0.008,4,0.008,3,0.007,1,0.003,1,0.003
Region 67,Region 44,0,0,0,0,0,0,0,0,0,0,0,0,0,0,0,0,0,0,0,0,0,0,0,0,0,0,0,0,0,0,0,0,0,0,0,0,0,0,0,0,0,0,0,0,0,0,0,0
Region 67,Region 45,3,0.011,3,0.018,2,0.016,0,0,3,0.055,3,0.068,2,0.042,1,0.012,0,0,5,0.013,2,0.004,4,0.009,4,0.01,3,0.008,5,0.013,5,0.012,4,0.01,2,0.004,3,0.006,4,0.008,7,0.014,5,0.011,7,0.018,2,0.006
Region 67,Region 46,5,0.018,2,0.012,2,0.016,1,0.012,0,0,0,0,0,0,0,0,1,0.006,6,0.016,4,0.008,2,0.004,2,0.005,1,0.003,2,0.005,1,0.002,4,0.01,5,0.01,2,0.004,8,0.017,4,0.008,9,0.02,4,0.011,2,0.006
Region 67,Region 47,5,0.018,1,0.006,0,0,2,0.025,0,0,0,0,0,0,0,0,1,0.006,6,0.016,3,0.006,11,0.024,5,0.013,4,0.011,6,0.015,7,0.017,6,0.014,3,0.006,8,0.015,7,0.014,9,0.018,5,0.011,5,0.013,6,0.019
Region 67,Region 48,25,0.088,17,0.1,12,0.099,6,0.074,2,0.037,2,0.045,1,0.021,2,0.025,10,0.061,57,0.151,146,0.296,129,0.28,162,0.417,125,0.33,89,0.228,111,0.271,86,0.208,88,0.183,77,0.147,61,0.126,84,0.166,64,0.139,43,0.113,31,0.097
Region 67,Region 49,9,0.032,7,0.041,2,0.016,0,0,3,0.055,0,0,0,0,1,0.012,3,0.018,13,0.034,12,0.024,10,0.022,9,0.023,12,0.032,14,0.036,12,0.029,6,0.014,17,0.035,16,0.03,8,0.017,29,0.057,7,0.015,9,0.024,12,0.038
Region 67,Region 50,7,0.025,2,0.012,1,0.008,0,0,0,0,0,0,1,0.021,0,0,1,0.006,7,0.018,9,0.018,6,0.013,11,0.028,5,0.013,8,0.02,7,0.017,7,0.017,15,0.031,14,0.027,12,0.025,14,0.028,9,0.02,15,0.04,15,0.047
Region 67,Region 51,16,0.056,6,0.035,5,0.041,1,0.012,1,0.018,1,0.023,0,0,2,0.025,2,0.012,2,0.005,11,0.022,14,0.03,19,0.049,15,0.04,12,0.031,18,0.044,12,0.029,14,0.029,13,0.025,13,0.027,25,0.05,23,0.05,17,0.045,14,0.044
Region 67,Region 52,4,0.014,2,0.012,2,0.016,3,0.037,0,0,0,0,0,0,3,0.037,1,0.006,2,0.005,10,0.02,9,0.02,5,0.013,6,0.016,2,0.005,6,0.015,4,0.01,8,0.017,8,0.015,15,0.031,15,0.03,17,0.037,17,0.045,10,0.031
Region 67,Region 53,2,0.007,1,0.006,0,0,1,0.012,0,0,0,0,0,0,0,0,0,0,1,0.003,7,0.014,2,0.004,4,0.01,5,0.013,7,0.018,10,0.024,5,0.012,6,0.012,5,0.01,5,0.01,5,0.01,4,0.009,3,0.008,3,0.009
Region 67,Region 54,1,0.004,2,0.012,0,0,0,0,0,0,0,0,0,0,1,0.012,2,0.012,0,0,0,0,3,0.007,1,0.003,3,0.008,2,0.005,2,0.005,3,0.007,3,0.006,4,0.008,6,0.012,3,0.006,6,0.013,7,0.018,5,0.016
Region 67,Region 55,0,0,1,0.006,0,0,0,0,0,0,0,0,0,0,0,0,1,0.006,0,0,0,0,0,0,0,0,0,0,2,0.005,0,0,1,0.002,1,0.002,1,0.002,2,0.004,1,0.002,1,0.002,0,0,1,0.003
Region 67,Region 56,1,0.004,1,0.006,0,0,0,0,0,0,0,0,0,0,0,0,0,0,4,0.011,1,0.002,3,0.007,1,0.003,1,0.003,7,0.018,0,0,1,0.002,0,0,1,0.002,2,0.004,2,0.004,5,0.011,1,0.003,3,0.009
Region 67,Region 57,0,0,0,0,0,0,0,0,0,0,0,0,0,0,0,0,0,0,0,0,2,0.004,1,0.002,1,0.003,0,0,0,0,0,0,2,0.005,1,0.002,2,0.004,1,0.002,3,0.006,1,0.002,2,0.005,1,0.003
Region 67,Region 58,0,0,0,0,0,0,0,0,0,0,0,0,0,0,0,0,0,0,0,0,2,0.004,0,0,0,0,0,0,0,0,0,0,0,0,0,0,0,0,0,0,0,0,0,0,0,0,0,0
Region 67,Region 59,0,0,0,0,0,0,0,0,0,0,0,0,0,0,0,0,0,0,0,0,0,0,0,0,0,0,0,0,0,0,0,0,0,0,0,0,0,0,0,0,0,0,0,0,0,0,0,0
Region 67,Region 60,5,0.018,2,0.012,0,0,2,0.025,1,0.018,0,0,0,0,2,0.025,7,0.042,27,0.071,40,0.081,26,0.056,19,0.049,18,0.047,14,0.036,19,0.046,16,0.039,17,0.035,14,0.027,10,0.021,9,0.018,7,0.015,7,0.018,4,0.013
Region 67,Region 61,1,0.004,1,0.006,0,0,0,0,0,0,0,0,0,0,0,0,1,0.006,1,0.003,0,0,4,0.009,1,0.003,0,0,0,0,2,0.005,4,0.01,3,0.006,5,0.01,3,0.006,4,0.008,1,0.002,0,0,3,0.009
Region 67,Region 62,13,0.046,7,0.041,4,0.033,3,0.037,0,0,0,0,3,0.063,1,0.012,0,0,7,0.018,11,0.022,9,0.02,10,0.026,17,0.045,13,0.033,10,0.024,7,0.017,12,0.025,23,0.044,22,0.046,17,0.034,21,0.046,13,0.034,9,0.028
Region 67,Region 63,0,0,0,0,0,0,0,0,0,0,0,0,0,0,0,0,0,0,0,0,0,0,0,0,0,0,0,0,0,0,0,0,0,0,1,0.002,0,0,0,0,0,0,0,0,0,0,0,0
Region 67,Region 64,1,0.004,1,0.006,0,0,0,0,2,0.037,1,0.023,1,0.021,0,0,4,0.024,16,0.042,5,0.01,4,0.009,4,0.01,6,0.016,3,0.008,2,0.005,7,0.017,7,0.015,2,0.004,1,0.002,8,0.016,8,0.017,9,0.024,7,0.022
Region 67,Region 65,3,0.011,5,0.029,1,0.008,2,0.025,0,0,1,0.023,0,0,0,0,3,0.018,1,0.003,2,0.004,7,0.015,4,0.01,5,0.013,4,0.01,5,0.012,5,0.012,10,0.021,8,0.015,16,0.033,10,0.02,6,0.013,8,0.021,8,0.025
Region 67,Region 66,5,0.018,1,0.006,0,0,1,0.012,0,0,1,0.023,1,0.021,2,0.025,1,0.006,2,0.005,8,0.016,4,0.009,3,0.008,9,0.024,4,0.01,2,0.005,4,0.01,4,0.008,3,0.006,4,0.008,7,0.014,6,0.013,5,0.013,4,0.013
Region 67,Region 67,273,0.963,166,0.974,102,0.839,53,0.657,38,0.701,36,0.814,24,0.503,40,0.492,99,0.599,267,0.705,496,1.004,688,1.494,571,1.471,630,1.662,616,1.578,717,1.748,647,1.562,658,1.367,706,1.345,648,1.341,703,1.393,564,1.222,405,1.067,330,1.038
Region 67,Region 68,7,0.025,3,0.018,1,0.008,5,0.062,3,0.055,0,0,1,0.021,1,0.012,4,0.024,18,0.048,37,0.075,17,0.037,17,0.044,19,0.05,9,0.023,11,0.027,11,0.027,12,0.025,30,0.057,20,0.041,18,0.036,12,0.026,11,0.029,12,0.038
Region 67,Region 69,21,0.074,9,0.053,8,0.066,6,0.074,3,0.055,8,0.181,0,0,9,0.111,9,0.054,16,0.042,37,0.075,37,0.08,34,0.088,22,0.058,34,0.087,30,0.073,33,0.08,29,0.06,48,0.091,32,0.066,35,0.069,44,0.095,41,0.108,34,0.107
Region 67,Region 70,32,0.113,16,0.094,4,0.033,4,0.05,5,0.092,6,0.136,4,0.084,2,0.025,7,0.042,28,0.074,61,0.124,72,0.156,48,0.124,51,0.135,52,0.133,55,0.134,61,0.147,63,0.131,66,0.126,60,0.124,54,0.107,52,0.113,45,0.119,26,0.082
Region 67,Region 71,6,0.021,0,0,1,0.008,2,0.025,0,0,1,0.023,0,0,2,0.025,1,0.006,4,0.011,3,0.006,5,0.011,4,0.01,4,0.011,5,0.013,3,0.007,5,0.012,3,0.006,3,0.006,4,0.008,6,0.012,2,0.004,5,0.013,3,0.009
Region 67,Region 72,0,0,0,0,0,0,0,0,0,0,0,0,0,0,0,0,0,0,0,0,0,0,0,0,0,0,0,0,0,0,0,0,0,0,0,0,0,0,0,0,0,0,0,0,0,0,0,0
Region 67,Region 73,0,0,0,0,0,0,0,0,0,0,0,0,0,0,0,0,0,0,0,0,0,0,0,0,0,0,0,0,0,0,0,0,0,0,0,0,0,0,0,0,0,0,0,0,0,0,0,0
Region 67,Region 74,2,0.007,0,0,0,0,0,0,0,0,1,0.023,0,0,1,0.012,2,0.012,3,0.008,4,0.008,1,0.002,2,0.005,3,0.008,3,0.008,1,0.002,0,0,5,0.01,2,0.004,4,0.008,3,0.006,7,0.015,4,0.011,2,0.006
Region 67,Region 75,1,0.004,0,0,0,0,0,0,0,0,0,0,0,0,0,0,1,0.006,2,0.005,0,0,1,0.002,2,0.005,1,0.003,2,0.005,2,0.005,0,0,1,0.002,0,0,1,0.002,1,0.002,1,0.002,1,0.003,0,0
Region 68,Region 0,4,0.014,5,0.029,1,0.008,0,0,0,0,0,0,0,0,0,0,1,0.006,0,0,0,0,1,0.002,2,0.005,1,0.003,2,0.005,2,0.005,1,0.002,3,0.006,9,0.017,4,0.008,7,0.014,10,0.022,5,0.013,5,0.016
Region 68,Region 1,0,0,0,0,0,0,0,0,0,0,0,0,0,0,0,0,0,0,0,0,0,0,0,0,0,0,0,0,0,0,0,0,0,0,0,0,0,0,0,0,0,0,0,0,0,0,0,0
Region 68,Region 2,1,0.004,1,0.006,2,0.016,0,0,0,0,0,0,1,0.021,0,0,0,0,8,0.021,8,0.016,5,0.011,8,0.021,2,0.005,6,0.015,6,0.015,4,0.01,6,0.012,5,0.01,7,0.014,7,0.014,5,0.011,5,0.013,1,0.003
Region 68,Region 3,5,0.018,6,0.035,1,0.008,1,0.012,0,0,0,0,1,0.021,0,0,1,0.006,4,0.011,9,0.018,5,0.011,5,0.013,6,0.016,6,0.015,6,0.015,4,0.01,10,0.021,12,0.023,11,0.023,3,0.006,6,0.013,11,0.029,7,0.022
Region 68,Region 4,7,0.025,3,0.018,2,0.016,0,0,1,0.018,0,0,2,0.042,2,0.025,2,0.012,3,0.008,2,0.004,4,0.009,3,0.008,4,0.011,1,0.003,11,0.027,9,0.022,10,0.021,4,0.008,10,0.021,9,0.018,8,0.017,12,0.032,5,0.016
Region 68,Region 5,3,0.011,1,0.006,0,0,0,0,0,0,0,0,0,0,1,0.012,0,0,1,0.003,0,0,3,0.007,5,0.013,2,0.005,0,0,2,0.005,2,0.005,5,0.01,4,0.008,3,0.006,6,0.012,1,0.002,2,0.005,2,0.006
Region 68,Region 6,0,0,0,0,0,0,0,0,0,0,0,0,0,0,0,0,0,0,0,0,0,0,0,0,0,0,0,0,0,0,0,0,0,0,0,0,0,0,0,0,0,0,0,0,0,0,0,0
Region 68,Region 7,1,0.004,3,0.018,3,0.025,3,0.037,1,0.018,0,0,1,0.021,3,0.037,1,0.006,9,0.024,9,0.018,15,0.033,9,0.023,7,0.018,6,0.015,5,0.012,7,0.017,8,0.017,7,0.013,7,0.014,10,0.02,3,0.007,5,0.013,3,0.009
Region 68,Region 8,0,0,0,0,0,0,0,0,0,0,0,0,0,0,0,0,0,0,0,0,0,0,0,0,1,0.003,0,0,0,0,0,0,0,0,0,0,0,0,0,0,0,0,1,0.002,1,0.003,0,0
Region 68,Region 9,0,0,0,0,0,0,0,0,0,0,0,0,0,0,0,0,0,0,0,0,0,0,0,0,0,0,0,0,0,0,0,0,0,0,0,0,0,0,0,0,0,0,0,0,0,0,0,0
Region 68,Region 10,10,0.035,1,0.006,1,0.008,0,0,0,0,1,0.023,0,0,0,0,4,0.024,6,0.016,6,0.012,3,0.007,1,0.003,4,0.011,4,0.01,6,0.015,9,0.022,9,0.019,9,0.017,6,0.012,10,0.02,7,0.015,13,0.034,5,0.016
Region 68,Region 11,0,0,0,0,0,0,0,0,0,0,0,0,0,0,0,0,0,0,0,0,0,0,0,0,0,0,0,0,0,0,0,0,0,0,0,0,0,0,0,0,0,0,0,0,0,0,0,0
Region 68,Region 12,8,0.028,8,0.047,2,0.016,4,0.05,4,0.074,3,0.068,4,0.084,3,0.037,11,0.067,27,0.071,34,0.069,30,0.065,21,0.054,23,0.061,20,0.051,21,0.051,12,0.029,16,0.033,27,0.051,44,0.091,28,0.055,16,0.035,21,0.055,13,0.041
Region 68,Region 13,5,0.018,0,0,2,0.016,1,0.012,1,0.018,0,0,0,0,0,0,0,0,3,0.008,5,0.01,9,0.02,12,0.031,7,0.018,14,0.036,14,0.034,9,0.022,16,0.033,23,0.044,10,0.021,15,0.03,7,0.015,13,0.034,10,0.031
Region 68,Region 14,23,0.081,14,0.082,5,0.041,6,0.074,6,0.111,2,0.045,8,0.168,13,0.16,21,0.127,41,0.108,45,0.091,54,0.117,53,0.137,39,0.103,29,0.074,33,0.08,23,0.056,18,0.037,27,0.051,27,0.056,21,0.042,31,0.067,24,0.063,23,0.072
Region 68,Region 15,0,0,0,0,0,0,0,0,0,0,0,0,0,0,0,0,0,0,0,0,0,0,0,0,0,0,0,0,0,0,0,0,0,0,0,0,0,0,0,0,0,0,0,0,0,0,0,0
Region 68,Region 16,0,0,0,0,0,0,0,0,0,0,0,0,0,0,0,0,0,0,0,0,0,0,0,0,0,0,0,0,0,0,0,0,0,0,0,0,0,0,0,0,0,0,0,0,0,0,0,0
Region 68,Region 17,4,0.014,1,0.006,0,0,1,0.012,0,0,3,0.068,0,0,0,0,2,0.012,0,0,4,0.008,3,0.007,2,0.005,1,0.003,3,0.008,5,0.012,2,0.005,1,0.002,4,0.008,3,0.006,9,0.018,7,0.015,6,0.016,8,0.025
Region 68,Region 18,7,0.025,5,0.029,2,0.016,1,0.012,2,0.037,2,0.045,1,0.021,3,0.037,1,0.006,9,0.024,10,0.02,26,0.056,11,0.028,10,0.026,15,0.038,15,0.037,20,0.048,23,0.048,23,0.044,16,0.033,18,0.036,16,0.035,15,0.04,12,0.038
Region 68,Region 19,3,0.011,0,0,2,0.016,0,0,0,0,1,0.023,1,0.021,0,0,1,0.006,2,0.005,5,0.01,2,0.004,1,0.003,4,0.011,4,0.01,3,0.007,1,0.002,2,0.004,4,0.008,2,0.004,3,0.006,6,0.013,2,0.005,0,0
Region 68,Region 20,2,0.007,2,0.012,0,0,1,0.012,1,0.018,1,0.023,0,0,0,0,4,0.024,9,0.024,3,0.006,8,0.017,6,0.015,5,0.013,8,0.02,7,0.017,3,0.007,4,0.008,5,0.01,6,0.012,8,0.016,6,0.013,7,0.018,2,0.006
Region 68,Region 21,4,0.014,0,0,0,0,0,0,0,0,0,0,1,0.021,0,0,1,0.006,5,0.013,2,0.004,11,0.024,3,0.008,15,0.04,10,0.026,7,0.017,5,0.012,4,0.008,8,0.015,11,0.023,12,0.024,8,0.017,2,0.005,2,0.006
Region 68,Region 22,2,0.007,1,0.006,0,0,0,0,0,0,0,0,1,0.021,3,0.037,2,0.012,7,0.018,5,0.01,6,0.013,5,0.013,4,0.011,5,0.013,6,0.015,8,0.019,3,0.006,6,0.011,5,0.01,8,0.016,3,0.007,4,0.011,7,0.022
Region 68,Region 23,4,0.014,1,0.006,0,0,0,0,1,0.018,0,0,1,0.021,1,0.012,0,0,1,0.003,2,0.004,6,0.013,5,0.013,1,0.003,2,0.005,3,0.007,0,0,2,0.004,12,0.023,6,0.012,6,0.012,1,0.002,5,0.013,3,0.009
Region 68,Region 24,1,0.004,0,0,0,0,0,0,0,0,0,0,0,0,0,0,0,0,0,0,0,0,1,0.002,3,0.008,1,0.003,0,0,2,0.005,1,0.002,2,0.004,4,0.008,2,0.004,3,0.006,0,0,1,0.003,0,0
Region 68,Region 25,4,0.014,0,0,0,0,0,0,0,0,0,0,0,0,0,0,0,0,1,0.003,1,0.002,0,0,1,0.003,0,0,0,0,0,0,0,0,1,0.002,1,0.002,3,0.006,2,0.004,3,0.007,0,0,0,0
Region 68,Region 26,0,0,0,0,0,0,0,0,0,0,0,0,0,0,0,0,0,0,1,0.003,0,0,1,0.002,0,0,0,0,2,0.005,2,0.005,0,0,0,0,1,0.002,2,0.004,2,0.004,1,0.002,0,0,0,0
Region 68,Region 27,2,0.007,0,0,0,0,0,0,0,0,0,0,0,0,2,0.025,0,0,1,0.003,0,0,0,0,2,0.005,1,0.003,2,0.005,0,0,2,0.005,2,0.004,0,0,1,0.002,2,0.004,1,0.002,1,0.003,0,0
Region 68,Region 28,1,0.004,0,0,0,0,0,0,0,0,0,0,0,0,0,0,0,0,0,0,1,0.002,2,0.004,0,0,0,0,1,0.003,0,0,0,0,1,0.002,3,0.006,1,0.002,1,0.002,0,0,1,0.003,1,0.003
Region 68,Region 29,1,0.004,3,0.018,2,0.016,2,0.025,0,0,0,0,1,0.021,0,0,3,0.018,10,0.026,11,0.022,13,0.028,9,0.023,5,0.013,5,0.013,13,0.032,5,0.012,3,0.006,7,0.013,8,0.017,11,0.022,2,0.004,6,0.016,1,0.003
Region 68,Region 30,4,0.014,0,0,0,0,0,0,0,0,0,0,0,0,0,0,1,0.006,4,0.011,3,0.006,6,0.013,8,0.021,7,0.018,7,0.018,5,0.012,4,0.01,4,0.008,7,0.013,10,0.021,7,0.014,10,0.022,6,0.016,4,0.013
Region 68,Region 31,11,0.039,4,0.023,2,0.016,1,0.012,1,0.018,0,0,2,0.042,1,0.012,1,0.006,10,0.026,12,0.024,9,0.02,11,0.028,18,0.047,13,0.033,8,0.02,5,0.012,6,0.012,15,0.029,15,0.031,13,0.026,13,0.028,10,0.026,7,0.022
Region 68,Region 32,0,0,0,0,0,0,0,0,1,0.018,0,0,0,0,0,0,0,0,0,0,4,0.008,2,0.004,0,0,3,0.008,1,0.003,2,0.005,2,0.005,3,0.006,4,0.008,1,0.002,7,0.014,2,0.004,1,0.003,1,0.003
Region 68,Region 33,1,0.004,0,0,0,0,0,0,0,0,0,0,0,0,0,0,0,0,1,0.003,3,0.006,1,0.002,1,0.003,1,0.003,0,0,0,0,0,0,3,0.006,3,0.006,1,0.002,2,0.004,0,0,2,0.005,2,0.006
Region 68,Region 34,0,0,0,0,0,0,0,0,0,0,0,0,0,0,0,0,0,0,0,0,0,0,0,0,0,0,0,0,0,0,0,0,0,0,0,0,0,0,0,0,0,0,0,0,0,0,0,0
Region 68,Region 35,0,0,0,0,0,0,0,0,0,0,0,0,0,0,0,0,0,0,0,0,1,0.002,0,0,0,0,0,0,0,0,0,0,0,0,0,0,0,0,0,0,0,0,0,0,0,0,0,0
Region 68,Region 36,2,0.007,1,0.006,1,0.008,0,0,0,0,0,0,0,0,0,0,0,0,5,0.013,3,0.006,1,0.002,1,0.003,0,0,1,0.003,1,0.002,4,0.01,3,0.006,1,0.002,5,0.01,2,0.004,6,0.013,2,0.005,3,0.009
Region 68,Region 37,15,0.053,10,0.059,4,0.033,8,0.099,3,0.055,3,0.068,1,0.021,1,0.012,5,0.03,4,0.011,28,0.057,18,0.039,27,0.07,14,0.037,21,0.054,31,0.076,23,0.056,22,0.046,32,0.061,22,0.046,37,0.073,27,0.059,20,0.053,24,0.075
Region 68,Region 38,6,0.021,2,0.012,0,0,0,0,0,0,0,0,1,0.021,1,0.012,2,0.012,5,0.013,9,0.018,6,0.013,16,0.041,5,0.013,11,0.028,9,0.022,6,0.014,10,0.021,7,0.013,7,0.014,5,0.01,9,0.02,8,0.021,7,0.022
Region 68,Region 39,0,0,0,0,1,0.008,0,0,0,0,0,0,0,0,0,0,0,0,0,0,1,0.002,0,0,1,0.003,0,0,1,0.003,0,0,0,0,1,0.002,1,0.002,0,0,1,0.002,2,0.004,1,0.003,1,0.003
Region 68,Region 40,0,0,0,0,0,0,0,0,0,0,0,0,0,0,0,0,0,0,0,0,0,0,0,0,0,0,0,0,0,0,0,0,0,0,0,0,0,0,0,0,0,0,0,0,0,0,0,0
Region 68,Region 41,1,0.004,1,0.006,1,0.008,1,0.012,0,0,0,0,0,0,1,0.012,0,0,4,0.011,3,0.006,3,0.007,2,0.005,0,0,1,0.003,2,0.005,1,0.002,1,0.002,0,0,2,0.004,6,0.012,0,0,0,0,0,0
Region 68,Region 42,0,0,0,0,0,0,0,0,0,0,0,0,0,0,0,0,0,0,0,0,0,0,0,0,0,0,0,0,0,0,0,0,0,0,0,0,0,0,0,0,0,0,0,0,0,0,0,0
Region 68,Region 43,4,0.014,5,0.029,1,0.008,0,0,1,0.018,3,0.068,1,0.021,2,0.025,1,0.006,3,0.008,5,0.01,12,0.026,9,0.023,7,0.018,8,0.02,11,0.027,11,0.027,5,0.01,11,0.021,16,0.033,7,0.014,14,0.03,15,0.04,7,0.022
Region 68,Region 44,0,0,0,0,0,0,0,0,0,0,0,0,0,0,0,0,0,0,0,0,0,0,0,0,0,0,0,0,0,0,0,0,0,0,0,0,0,0,0,0,0,0,0,0,0,0,0,0
Region 68,Region 45,2,0.007,0,0,0,0,1,0.012,0,0,0,0,0,0,0,0,2,0.012,2,0.005,7,0.014,5,0.011,5,0.013,5,0.013,1,0.003,3,0.007,6,0.014,1,0.002,6,0.011,3,0.006,7,0.014,6,0.013,5,0.013,1,0.003
Region 68,Region 46,3,0.011,0,0,1,0.008,1,0.012,0,0,1,0.023,0,0,1,0.012,0,0,4,0.011,11,0.022,6,0.013,6,0.015,6,0.016,10,0.026,14,0.034,14,0.034,11,0.023,19,0.036,18,0.037,10,0.02,7,0.015,10,0.026,9,0.028
Region 68,Region 47,11,0.039,3,0.018,5,0.041,0,0,0,0,1,0.023,0,0,1,0.012,4,0.024,14,0.037,23,0.047,17,0.037,11,0.028,15,0.04,20,0.051,22,0.054,10,0.024,20,0.042,19,0.036,38,0.079,34,0.067,16,0.035,14,0.037,15,0.047
Region 68,Region 48,5,0.018,2,0.012,0,0,0,0,0,0,1,0.023,0,0,1,0.012,5,0.03,9,0.024,23,0.047,15,0.033,13,0.033,17,0.045,8,0.02,12,0.029,11,0.027,17,0.035,11,0.021,13,0.027,11,0.022,10,0.022,7,0.018,6,0.019
Region 68,Region 49,27,0.095,15,0.088,18,0.148,4,0.05,7,0.129,4,0.09,4,0.084,7,0.086,13,0.079,20,0.053,37,0.075,41,0.089,36,0.093,40,0.105,37,0.095,33,0.08,36,0.087,48,0.1,54,0.103,69,0.143,47,0.093,62,0.134,49,0.129,39,0.123
Region 68,Region 50,18,0.063,6,0.035,7,0.058,2,0.025,4,0.074,1,0.023,0,0,6,0.074,11,0.067,9,0.024,19,0.038,16,0.035,22,0.057,22,0.058,24,0.061,23,0.056,26,0.063,28,0.058,41,0.078,31,0.064,38,0.075,20,0.043,29,0.076,29,0.091
Region 68,Region 51,6,0.021,4,0.023,2,0.016,1,0.012,1,0.018,0,0,0,0,0,0,0,0,6,0.016,10,0.02,13,0.028,5,0.013,13,0.034,2,0.005,7,0.017,9,0.022,8,0.017,23,0.044,7,0.014,7,0.014,4,0.009,8,0.021,10,0.031
Region 68,Region 52,18,0.063,8,0.047,8,0.066,2,0.025,1,0.018,2,0.045,1,0.021,4,0.049,9,0.054,9,0.024,18,0.036,17,0.037,16,0.041,12,0.032,18,0.046,32,0.078,35,0.085,41,0.085,42,0.08,36,0.075,30,0.059,22,0.048,28,0.074,22,0.069
Region 68,Region 53,1,0.004,1,0.006,0,0,0,0,0,0,0,0,0,0,0,0,0,0,4,0.011,8,0.016,7,0.015,3,0.008,2,0.005,3,0.008,3,0.007,4,0.01,3,0.006,2,0.004,5,0.01,7,0.014,2,0.004,2,0.005,3,0.009
Region 68,Region 54,0,0,0,0,0,0,0,0,0,0,0,0,0,0,0,0,0,0,2,0.005,2,0.004,1,0.002,0,0,1,0.003,2,0.005,2,0.005,1,0.002,2,0.004,3,0.006,5,0.01,7,0.014,2,0.004,1,0.003,5,0.016
Region 68,Region 55,1,0.004,0,0,0,0,0,0,0,0,0,0,0,0,0,0,0,0,3,0.008,0,0,0,0,1,0.003,0,0,0,0,3,0.007,2,0.005,2,0.004,3,0.006,3,0.006,0,0,0,0,2,0.005,0,0
Region 68,Region 56,3,0.011,0,0,0,0,0,0,0,0,0,0,0,0,0,0,1,0.006,2,0.005,0,0,1,0.002,1,0.003,5,0.013,2,0.005,1,0.002,4,0.01,2,0.004,2,0.004,11,0.023,3,0.006,6,0.013,5,0.013,5,0.016
Region 68,Region 57,0,0,0,0,1,0.008,0,0,0,0,0,0,0,0,0,0,0,0,1,0.003,0,0,1,0.002,3,0.008,1,0.003,0,0,1,0.002,3,0.007,3,0.006,3,0.006,0,0,4,0.008,2,0.004,2,0.005,0,0
Region 68,Region 58,0,0,0,0,0,0,0,0,0,0,0,0,0,0,0,0,0,0,1,0.003,0,0,0,0,0,0,0,0,0,0,0,0,0,0,0,0,0,0,0,0,0,0,0,0,0,0,0,0
Region 68,Region 59,0,0,0,0,0,0,0,0,0,0,0,0,0,0,0,0,0,0,0,0,0,0,0,0,0,0,1,0.003,0,0,0,0,0,0,0,0,0,0,0,0,0,0,0,0,0,0,0,0
Region 68,Region 60,1,0.004,1,0.006,0,0,0,0,0,0,0,0,0,0,0,0,3,0.018,8,0.021,12,0.024,6,0.013,7,0.018,6,0.016,5,0.013,1,0.002,3,0.007,6,0.012,7,0.013,3,0.006,3,0.006,2,0.004,1,0.003,3,0.009
Region 68,Region 61,1,0.004,0,0,0,0,0,0,2,0.037,0,0,0,0,0,0,0,0,0,0,0,0,0,0,2,0.005,2,0.005,1,0.003,2,0.005,0,0,0,0,3,0.006,6,0.012,3,0.006,1,0.002,1,0.003,0,0
Region 68,Region 62,17,0.06,6,0.035,2,0.016,3,0.037,1,0.018,1,0.023,0,0,2,0.025,4,0.024,23,0.061,20,0.04,18,0.039,19,0.049,17,0.045,25,0.064,21,0.051,25,0.06,35,0.073,32,0.061,45,0.093,36,0.071,42,0.091,26,0.069,26,0.082
Region 68,Region 63,0,0,0,0,0,0,0,0,0,0,0,0,0,0,0,0,0,0,0,0,0,0,0,0,0,0,0,0,0,0,0,0,0,0,0,0,0,0,0,0,0,0,0,0,0,0,0,0
Region 68,Region 64,1,0.004,0,0,0,0,0,0,0,0,0,0,0,0,0,0,1,0.006,5,0.013,6,0.012,2,0.004,3,0.008,3,0.008,3,0.008,3,0.007,3,0.007,1,0.002,7,0.013,4,0.008,3,0.006,6,0.013,1,0.003,0,0
Region 68,Region 65,8,0.028,4,0.023,6,0.049,2,0.025,0,0,1,0.023,0,0,0,0,0,0,0,0,6,0.012,3,0.007,8,0.021,4,0.011,4,0.01,2,0.005,9,0.022,8,0.017,10,0.019,21,0.043,17,0.034,8,0.017,15,0.04,8,0.025
Region 68,Region 66,10,0.035,2,0.012,2,0.016,1,0.012,2,0.037,2,0.045,2,0.042,1,0.012,1,0.006,3,0.008,5,0.01,4,0.009,12,0.031,6,0.016,6,0.015,12,0.029,9,0.022,8,0.017,10,0.019,13,0.027,16,0.032,9,0.02,15,0.04,9,0.028
Region 68,Region 67,14,0.049,5,0.029,4,0.033,4,0.05,1,0.018,0,0,2,0.042,2,0.025,12,0.073,17,0.045,21,0.043,27,0.059,19,0.049,13,0.034,18,0.046,9,0.022,17,0.041,17,0.035,19,0.036,22,0.046,10,0.02,11,0.024,11,0.029,9,0.028
Region 68,Region 68,59,0.208,35,0.205,13,0.107,12,0.149,5,0.092,7,0.158,4,0.084,8,0.098,17,0.103,52,0.137,97,0.196,132,0.287,103,0.265,93,0.245,95,0.243,120,0.293,113,0.273,122,0.253,130,0.248,106,0.219,103,0.204,98,0.212,77,0.203,59,0.186
Region 68,Region 69,24,0.085,19,0.111,14,0.115,7,0.087,1,0.018,4,0.09,4,0.084,9,0.111,10,0.061,42,0.111,43,0.087,47,0.102,57,0.147,43,0.113,58,0.149,76,0.185,72,0.174,71,0.147,75,0.143,70,0.145,55,0.109,66,0.143,49,0.129,35,0.11
Region 68,Region 70,5,0.018,2,0.012,1,0.008,1,0.012,1,0.018,0,0,0,0,0,0,3,0.018,5,0.013,7,0.014,9,0.02,8,0.021,5,0.013,7,0.018,7,0.017,8,0.019,7,0.015,5,0.01,8,0.017,10,0.02,4,0.009,7,0.018,2,0.006
Region 68,Region 71,7,0.025,5,0.029,0,0,0,0,2,0.037,0,0,0,0,2,0.025,0,0,6,0.016,6,0.012,7,0.015,7,0.018,1,0.003,1,0.003,5,0.012,4,0.01,7,0.015,7,0.013,15,0.031,8,0.016,10,0.022,10,0.026,4,0.013
Region 68,Region 72,0,0,0,0,0,0,0,0,0,0,0,0,0,0,0,0,0,0,0,0,0,0,0,0,0,0,0,0,0,0,0,0,0,0,0,0,0,0,0,0,0,0,0,0,0,0,0,0
Region 68,Region 73,0,0,0,0,0,0,0,0,0,0,0,0,0,0,0,0,0,0,0,0,0,0,0,0,0,0,0,0,0,0,0,0,0,0,0,0,0,0,0,0,0,0,0,0,0,0,0,0
Region 68,Region 74,1,0.004,0,0,3,0.025,0,0,2,0.037,0,0,1,0.021,2,0.025,1,0.006,1,0.003,2,0.004,0,0,0,0,3,0.008,1,0.003,2,0.005,1,0.002,3,0.006,3,0.006,8,0.017,3,0.006,3,0.007,1,0.003,6,0.019
Region 68,Region 75,1,0.004,0,0,0,0,0,0,0,0,0,0,0,0,0,0,0,0,1,0.003,2,0.004,2,0.004,1,0.003,0,0,0,0,0,0,0,0,0,0,0,0,2,0.004,0,0,1,0.002,4,0.011,0,0
Region 69,Region 0,3,0.011,3,0.018,1,0.008,1,0.012,0,0,0,0,0,0,0,0,0,0,3,0.008,0,0,1,0.002,1,0.003,2,0.005,4,0.01,3,0.007,3,0.007,3,0.006,2,0.004,3,0.006,7,0.014,2,0.004,4,0.011,4,0.013
Region 69,Region 1,0,0,0,0,0,0,0,0,0,0,0,0,0,0,0,0,0,0,0,0,0,0,1,0.002,0,0,0,0,0,0,0,0,0,0,0,0,0,0,0,0,0,0,0,0,0,0,0,0
Region 69,Region 2,4,0.014,0,0,2,0.016,0,0,1,0.018,0,0,1,0.021,0,0,1,0.006,10,0.026,16,0.032,10,0.022,8,0.021,12,0.032,3,0.008,10,0.024,10,0.024,6,0.012,6,0.011,14,0.029,11,0.022,7,0.015,7,0.018,6,0.019
Region 69,Region 3,13,0.046,12,0.07,5,0.041,7,0.087,5,0.092,4,0.09,3,0.063,4,0.049,5,0.03,20,0.053,25,0.051,22,0.048,14,0.036,20,0.053,24,0.061,31,0.076,36,0.087,28,0.058,39,0.074,35,0.072,42,0.083,38,0.082,49,0.129,31,0.097
Region 69,Region 4,4,0.014,3,0.018,3,0.025,0,0,1,0.018,1,0.023,1,0.021,2,0.025,1,0.006,3,0.008,1,0.002,4,0.009,4,0.01,2,0.005,0,0,8,0.02,5,0.012,9,0.019,6,0.011,9,0.019,5,0.01,7,0.015,6,0.016,5,0.016
Region 69,Region 5,5,0.018,2,0.012,2,0.016,3,0.037,0,0,0,0,2,0.042,1,0.012,4,0.024,3,0.008,4,0.008,2,0.004,7,0.018,6,0.016,3,0.008,3,0.007,2,0.005,3,0.006,7,0.013,5,0.01,9,0.018,9,0.02,3,0.008,6,0.019
Region 69,Region 6,0,0,0,0,0,0,0,0,0,0,0,0,0,0,0,0,0,0,0,0,0,0,0,0,0,0,0,0,0,0,0,0,0,0,0,0,0,0,0,0,0,0,0,0,0,0,0,0
Region 69,Region 7,1,0.004,7,0.041,4,0.033,1,0.012,0,0,1,0.023,3,0.063,4,0.049,5,0.03,7,0.018,13,0.026,17,0.037,16,0.041,13,0.034,7,0.018,7,0.017,3,0.007,5,0.01,13,0.025,5,0.01,7,0.014,5,0.011,9,0.024,7,0.022
Region 69,Region 8,0,0,0,0,0,0,0,0,0,0,0,0,0,0,0,0,1,0.006,2,0.005,0,0,0,0,1,0.003,0,0,0,0,1,0.002,0,0,0,0,1,0.002,0,0,0,0,0,0,1,0.003,0,0
Region 69,Region 9,0,0,0,0,0,0,0,0,0,0,0,0,0,0,0,0,0,0,0,0,0,0,0,0,0,0,0,0,0,0,0,0,0,0,0,0,0,0,0,0,0,0,0,0,0,0,0,0
Region 69,Region 10,11,0.039,8,0.047,0,0,2,0.025,1,0.018,1,0.023,0,0,0,0,3,0.018,5,0.013,4,0.008,7,0.015,3,0.008,7,0.018,3,0.008,4,0.01,9,0.022,7,0.015,7,0.013,7,0.014,8,0.016,8,0.017,10,0.026,6,0.019
Region 69,Region 11,0,0,0,0,0,0,0,0,0,0,0,0,0,0,0,0,0,0,0,0,0,0,0,0,0,0,0,0,0,0,0,0,0,0,0,0,0,0,0,0,0,0,0,0,0,0,0,0
Region 69,Region 12,19,0.067,8,0.047,8,0.066,2,0.025,5,0.092,1,0.023,3,0.063,2,0.025,18,0.109,23,0.061,34,0.069,37,0.08,22,0.057,27,0.071,31,0.079,26,0.063,30,0.072,33,0.069,23,0.044,34,0.07,29,0.057,23,0.05,22,0.058,20,0.063
Region 69,Region 13,10,0.035,2,0.012,3,0.025,1,0.012,1,0.018,0,0,0,0,2,0.025,3,0.018,6,0.016,4,0.008,5,0.011,6,0.015,6,0.016,7,0.018,9,0.022,8,0.019,12,0.025,8,0.015,8,0.017,16,0.032,7,0.015,7,0.018,6,0.019
Region 69,Region 14,45,0.159,22,0.129,12,0.099,10,0.124,9,0.166,9,0.204,14,0.293,28,0.344,38,0.23,56,0.148,49,0.099,75,0.163,38,0.098,58,0.153,41,0.105,50,0.122,40,0.097,45,0.093,57,0.109,36,0.075,34,0.067,52,0.113,29,0.076,45,0.142
Region 69,Region 15,0,0,0,0,0,0,0,0,0,0,0,0,0,0,0,0,0,0,0,0,0,0,0,0,0,0,0,0,0,0,0,0,0,0,0,0,0,0,0,0,0,0,0,0,0,0,0,0
Region 69,Region 16,0,0,0,0,0,0,0,0,0,0,0,0,0,0,0,0,0,0,0,0,0,0,0,0,0,0,0,0,0,0,0,0,0,0,0,0,0,0,0,0,0,0,0,0,0,0,0,0
Region 69,Region 17,1,0.004,1,0.006,2,0.016,0,0,1,0.018,0,0,0,0,0,0,1,0.006,2,0.005,0,0,6,0.013,1,0.003,2,0.005,2,0.005,0,0,6,0.014,3,0.006,4,0.008,0,0,4,0.008,4,0.009,6,0.016,7,0.022
Region 69,Region 18,38,0.134,15,0.088,16,0.132,11,0.136,2,0.037,4,0.09,0,0,0,0,3,0.018,14,0.037,20,0.04,20,0.043,40,0.103,42,0.111,40,0.102,49,0.119,49,0.118,40,0.083,45,0.086,39,0.081,45,0.089,60,0.13,42,0.111,31,0.097
Region 69,Region 19,8,0.028,4,0.023,1,0.008,1,0.012,0,0,1,0.023,0,0,1,0.012,3,0.018,1,0.003,7,0.014,1,0.002,2,0.005,3,0.008,6,0.015,6,0.015,4,0.01,3,0.006,4,0.008,2,0.004,6,0.012,5,0.011,4,0.011,4,0.013
Region 69,Region 20,14,0.049,7,0.041,3,0.025,3,0.037,3,0.055,4,0.09,2,0.042,7,0.086,20,0.121,32,0.085,25,0.051,13,0.028,13,0.033,15,0.04,8,0.02,19,0.046,9,0.022,12,0.025,12,0.023,17,0.035,11,0.022,9,0.02,21,0.055,12,0.038
Region 69,Region 21,10,0.035,2,0.012,1,0.008,2,0.025,0,0,0,0,0,0,2,0.025,6,0.036,8,0.021,15,0.03,12,0.026,12,0.031,12,0.032,18,0.046,11,0.027,15,0.036,15,0.031,16,0.03,9,0.019,10,0.02,11,0.024,7,0.018,7,0.022
Region 69,Region 22,15,0.053,2,0.012,0,0,4,0.05,3,0.055,0,0,1,0.021,2,0.025,2,0.012,16,0.042,15,0.03,8,0.017,5,0.013,9,0.024,7,0.018,14,0.034,13,0.031,15,0.031,22,0.042,20,0.041,11,0.022,10,0.022,13,0.034,10,0.031
Region 69,Region 23,1,0.004,3,0.018,1,0.008,2,0.025,1,0.018,0,0,0,0,0,0,1,0.006,1,0.003,0,0,3,0.007,3,0.008,4,0.011,2,0.005,5,0.012,5,0.012,10,0.021,5,0.01,5,0.01,8,0.016,6,0.013,2,0.005,12,0.038
Region 69,Region 24,0,0,0,0,0,0,0,0,0,0,0,0,0,0,0,0,0,0,5,0.013,2,0.004,3,0.007,1,0.003,4,0.011,1,0.003,8,0.02,1,0.002,1,0.002,5,0.01,4,0.008,7,0.014,3,0.007,4,0.011,4,0.013
Region 69,Region 25,1,0.004,0,0,2,0.016,0,0,0,0,0,0,0,0,0,0,0,0,1,0.003,0,0,0,0,0,0,2,0.005,0,0,0,0,1,0.002,1,0.002,0,0,0,0,1,0.002,2,0.004,2,0.005,1,0.003
Region 69,Region 26,1,0.004,0,0,0,0,0,0,0,0,0,0,0,0,0,0,0,0,4,0.011,4,0.008,2,0.004,0,0,3,0.008,1,0.003,0,0,0,0,1,0.002,1,0.002,3,0.006,1,0.002,0,0,0,0,0,0
Region 69,Region 27,2,0.007,0,0,0,0,1,0.012,0,0,0,0,0,0,0,0,3,0.018,1,0.003,0,0,1,0.002,0,0,2,0.005,1,0.003,0,0,2,0.005,0,0,1,0.002,0,0,2,0.004,3,0.007,4,0.011,0,0
Region 69,Region 28,0,0,0,0,0,0,0,0,0,0,0,0,0,0,0,0,0,0,0,0,0,0,1,0.002,0,0,0,0,0,0,0,0,2,0.005,1,0.002,0,0,1,0.002,3,0.006,1,0.002,1,0.003,1,0.003
Region 69,Region 29,8,0.028,8,0.047,0,0,1,0.012,1,0.018,1,0.023,3,0.063,1,0.012,9,0.054,17,0.045,10,0.02,21,0.046,9,0.023,14,0.037,8,0.02,12,0.029,11,0.027,11,0.023,11,0.021,4,0.008,11,0.022,8,0.017,7,0.018,5,0.016
Region 69,Region 30,8,0.028,4,0.023,4,0.033,1,0.012,1,0.018,0,0,1,0.021,0,0,2,0.012,3,0.008,11,0.022,11,0.024,11,0.028,8,0.021,9,0.023,5,0.012,8,0.019,6,0.012,16,0.03,13,0.027,10,0.02,10,0.022,7,0.018,4,0.013
Region 69,Region 31,24,0.085,21,0.123,11,0.09,3,0.037,1,0.018,4,0.09,0,0,2,0.025,3,0.018,12,0.032,25,0.051,39,0.085,31,0.08,38,0.1,43,0.11,40,0.098,42,0.101,44,0.091,58,0.111,39,0.081,47,0.093,38,0.082,54,0.142,34,0.107
Region 69,Region 32,4,0.014,0,0,0,0,0,0,0,0,0,0,0,0,0,0,0,0,2,0.005,4,0.008,0,0,2,0.005,4,0.011,4,0.01,0,0,1,0.002,3,0.006,2,0.004,3,0.006,6,0.012,2,0.004,2,0.005,3,0.009
Region 69,Region 33,1,0.004,1,0.006,0,0,0,0,0,0,1,0.023,0,0,1,0.012,0,0,0,0,1,0.002,1,0.002,4,0.01,1,0.003,0,0,0,0,3,0.007,3,0.006,2,0.004,3,0.006,2,0.004,3,0.007,1,0.003,1,0.003
Region 69,Region 34,0,0,0,0,0,0,0,0,0,0,0,0,0,0,0,0,0,0,0,0,0,0,0,0,0,0,0,0,0,0,0,0,0,0,0,0,0,0,0,0,0,0,0,0,0,0,0,0
Region 69,Region 35,0,0,0,0,0,0,0,0,0,0,0,0,0,0,0,0,0,0,0,0,0,0,0,0,0,0,0,0,0,0,0,0,0,0,0,0,0,0,0,0,0,0,0,0,0,0,0,0
Region 69,Region 36,2,0.007,2,0.012,0,0,0,0,0,0,0,0,0,0,0,0,0,0,5,0.013,0,0,1,0.002,2,0.005,1,0.003,1,0.003,1,0.002,4,0.01,5,0.01,3,0.006,1,0.002,0,0,2,0.004,5,0.013,3,0.009
Region 69,Region 37,15,0.053,4,0.023,4,0.033,4,0.05,2,0.037,2,0.045,0,0,1,0.012,1,0.006,8,0.021,10,0.02,6,0.013,9,0.023,13,0.034,15,0.038,15,0.037,13,0.031,16,0.033,14,0.027,20,0.041,22,0.044,23,0.05,13,0.034,16,0.05
Region 69,Region 38,16,0.056,4,0.023,1,0.008,2,0.025,1,0.018,3,0.068,0,0,1,0.012,2,0.012,6,0.016,13,0.026,19,0.041,22,0.057,10,0.026,10,0.026,19,0.046,16,0.039,13,0.027,14,0.027,21,0.043,25,0.05,18,0.039,7,0.018,15,0.047
Region 69,Region 39,2,0.007,0,0,0,0,0,0,0,0,0,0,0,0,0,0,0,0,1,0.003,4,0.008,0,0,1,0.003,0,0,0,0,1,0.002,0,0,2,0.004,0,0,1,0.002,1,0.002,2,0.004,2,0.005,1,0.003
Region 69,Region 40,0,0,0,0,0,0,0,0,0,0,0,0,0,0,0,0,0,0,0,0,0,0,0,0,0,0,0,0,0,0,0,0,0,0,0,0,0,0,0,0,0,0,0,0,0,0,0,0
Region 69,Region 41,0,0,2,0.012,0,0,1,0.012,0,0,0,0,0,0,3,0.037,4,0.024,3,0.008,4,0.008,1,0.002,0,0,2,0.005,4,0.01,2,0.005,1,0.002,2,0.004,0,0,1,0.002,0,0,1,0.002,0,0,0,0
Region 69,Region 42,0,0,0,0,0,0,0,0,0,0,0,0,0,0,0,0,0,0,0,0,0,0,0,0,0,0,0,0,0,0,0,0,0,0,0,0,0,0,0,0,0,0,0,0,0,0,0,0
Region 69,Region 43,5,0.018,6,0.035,3,0.025,2,0.025,0,0,1,0.023,1,0.021,1,0.012,0,0,4,0.011,7,0.014,10,0.022,14,0.036,7,0.018,7,0.018,13,0.032,12,0.029,5,0.01,11,0.021,13,0.027,13,0.026,5,0.011,8,0.021,14,0.044
Region 69,Region 44,0,0,0,0,0,0,0,0,0,0,0,0,0,0,0,0,0,0,0,0,0,0,0,0,0,0,0,0,0,0,0,0,0,0,0,0,0,0,0,0,0,0,0,0,0,0,0,0
Region 69,Region 45,19,0.067,15,0.088,5,0.041,2,0.025,1,0.018,1,0.023,1,0.021,1,0.012,2,0.012,5,0.013,14,0.028,17,0.037,7,0.018,8,0.021,11,0.028,12,0.029,19,0.046,8,0.017,19,0.036,19,0.039,22,0.044,25,0.054,19,0.05,19,0.06
Region 69,Region 46,0,0,3,0.018,2,0.016,0,0,1,0.018,1,0.023,0,0,0,0,2,0.012,10,0.026,7,0.014,11,0.024,9,0.023,11,0.029,12,0.031,13,0.032,13,0.031,14,0.029,12,0.023,15,0.031,8,0.016,10,0.022,8,0.021,7,0.022
Region 69,Region 47,9,0.032,4,0.023,2,0.016,3,0.037,0,0,4,0.09,1,0.021,1,0.012,1,0.006,22,0.058,24,0.049,12,0.026,16,0.041,20,0.053,19,0.049,29,0.071,22,0.053,31,0.064,17,0.032,30,0.062,18,0.036,23,0.05,18,0.047,13,0.041
Region 69,Region 48,12,0.042,7,0.041,4,0.033,2,0.025,0,0,0,0,1,0.021,3,0.037,9,0.054,12,0.032,28,0.057,28,0.061,12,0.031,24,0.063,13,0.033,19,0.046,26,0.063,21,0.044,16,0.03,21,0.043,21,0.042,24,0.052,21,0.055,14,0.044
Region 69,Region 49,39,0.138,21,0.123,8,0.066,11,0.136,5,0.092,3,0.068,5,0.105,4,0.049,9,0.054,23,0.061,49,0.099,41,0.089,34,0.088,28,0.074,40,0.102,37,0.09,77,0.186,61,0.127,62,0.118,51,0.106,57,0.113,50,0.108,46,0.121,57,0.179
Region 69,Region 50,10,0.035,7,0.041,4,0.033,4,0.05,2,0.037,1,0.023,0,0,1,0.012,1,0.006,4,0.011,8,0.016,13,0.028,10,0.026,12,0.032,11,0.028,16,0.039,18,0.043,20,0.042,15,0.029,18,0.037,19,0.038,22,0.048,27,0.071,11,0.035
Region 69,Region 51,14,0.049,14,0.082,6,0.049,5,0.062,3,0.055,4,0.09,0,0,2,0.025,5,0.03,12,0.032,18,0.036,20,0.043,18,0.046,19,0.05,31,0.079,30,0.073,29,0.07,38,0.079,43,0.082,42,0.087,35,0.069,36,0.078,34,0.09,34,0.107
Region 69,Region 52,10,0.035,11,0.065,4,0.033,3,0.037,2,0.037,2,0.045,0,0,2,0.025,1,0.006,4,0.011,5,0.01,10,0.022,9,0.023,11,0.029,9,0.023,17,0.041,19,0.046,22,0.046,29,0.055,20,0.041,21,0.042,35,0.076,25,0.066,18,0.057
Region 69,Region 53,5,0.018,1,0.006,4,0.033,2,0.025,1,0.018,0,0,0,0,0,0,4,0.024,3,0.008,19,0.038,15,0.033,8,0.021,9,0.024,12,0.031,12,0.029,16,0.039,21,0.044,15,0.029,8,0.017,15,0.03,10,0.022,9,0.024,11,0.035
Region 69,Region 54,5,0.018,2,0.012,6,0.049,0,0,0,0,0,0,0,0,0,0,1,0.006,1,0.003,2,0.004,2,0.004,1,0.003,4,0.011,3,0.008,2,0.005,3,0.007,3,0.006,11,0.021,4,0.008,2,0.004,6,0.013,2,0.005,3,0.009
Region 69,Region 55,0,0,0,0,1,0.008,0,0,1,0.018,0,0,0,0,0,0,0,0,0,0,0,0,0,0,0,0,0,0,0,0,1,0.002,0,0,1,0.002,2,0.004,0,0,2,0.004,1,0.002,3,0.008,0,0
Region 69,Region 56,1,0.004,4,0.023,1,0.008,0,0,0,0,0,0,0,0,0,0,1,0.006,0,0,3,0.006,1,0.002,1,0.003,3,0.008,5,0.013,2,0.005,6,0.014,1,0.002,3,0.006,4,0.008,4,0.008,8,0.017,4,0.011,3,0.009
Region 69,Region 57,3,0.011,1,0.006,0,0,0,0,0,0,0,0,0,0,0,0,0,0,1,0.003,1,0.002,3,0.007,1,0.003,0,0,3,0.008,4,0.01,1,0.002,2,0.004,2,0.004,2,0.004,3,0.006,2,0.004,5,0.013,3,0.009
Region 69,Region 58,0,0,0,0,0,0,0,0,0,0,0,0,0,0,0,0,0,0,0,0,0,0,0,0,0,0,0,0,0,0,0,0,0,0,0,0,0,0,0,0,1,0.002,0,0,0,0,0,0
Region 69,Region 59,0,0,0,0,0,0,0,0,0,0,0,0,0,0,0,0,0,0,0,0,0,0,0,0,0,0,0,0,0,0,0,0,0,0,0,0,0,0,0,0,0,0,0,0,0,0,0,0
Region 69,Region 60,2,0.007,1,0.006,0,0,0,0,0,0,0,0,0,0,2,0.025,3,0.018,9,0.024,18,0.036,8,0.017,11,0.028,11,0.029,9,0.023,8,0.02,6,0.014,7,0.015,3,0.006,5,0.01,2,0.004,9,0.02,3,0.008,1,0.003
Region 69,Region 61,0,0,0,0,0,0,2,0.025,0,0,0,0,0,0,0,0,1,0.006,0,0,1,0.002,1,0.002,1,0.003,0,0,3,0.008,1,0.002,2,0.005,2,0.004,3,0.006,2,0.004,0,0,3,0.007,3,0.008,2,0.006
Region 69,Region 62,14,0.049,7,0.041,1,0.008,1,0.012,2,0.037,2,0.045,1,0.021,1,0.012,7,0.042,2,0.005,12,0.024,11,0.024,9,0.023,16,0.042,11,0.028,24,0.059,21,0.051,16,0.033,27,0.051,34,0.07,35,0.069,28,0.061,9,0.024,14,0.044
Region 69,Region 63,0,0,0,0,0,0,0,0,0,0,0,0,0,0,0,0,0,0,0,0,0,0,0,0,0,0,0,0,0,0,0,0,0,0,0,0,0,0,0,0,1,0.002,0,0,0,0,0,0
Region 69,Region 64,9,0.032,2,0.012,2,0.016,4,0.05,0,0,2,0.045,1,0.021,0,0,0,0,5,0.013,10,0.02,8,0.017,5,0.013,4,0.011,6,0.015,5,0.012,11,0.027,4,0.008,2,0.004,3,0.006,8,0.016,5,0.011,5,0.013,4,0.013
Region 69,Region 65,10,0.035,2,0.012,1,0.008,0,0,1,0.018,2,0.045,1,0.021,0,0,0,0,3,0.008,5,0.01,5,0.011,4,0.01,6,0.016,2,0.005,8,0.02,3,0.007,5,0.01,9,0.017,12,0.025,6,0.012,21,0.046,12,0.032,5,0.016
Region 69,Region 66,8,0.028,4,0.023,2,0.016,0,0,0,0,0,0,0,0,0,0,0,0,5,0.013,6,0.012,9,0.02,3,0.008,9,0.024,1,0.003,8,0.02,10,0.024,9,0.019,13,0.025,10,0.021,6,0.012,13,0.028,10,0.026,12,0.038
Region 69,Region 67,20,0.071,11,0.065,11,0.09,2,0.025,3,0.055,1,0.023,2,0.042,7,0.086,17,0.103,27,0.071,57,0.115,41,0.089,37,0.095,31,0.082,30,0.077,29,0.071,26,0.063,36,0.075,37,0.071,33,0.068,37,0.073,34,0.074,32,0.084,15,0.047
Region 69,Region 68,37,0.13,24,0.141,8,0.066,9,0.112,11,0.203,4,0.09,4,0.084,1,0.012,8,0.048,23,0.061,46,0.093,48,0.104,57,0.147,61,0.161,55,0.141,80,0.195,84,0.203,85,0.177,64,0.122,67,0.139,63,0.125,69,0.15,59,0.155,52,0.164
Region 69,Region 69,134,0.472,69,0.405,41,0.337,31,0.384,14,0.258,8,0.181,7,0.147,16,0.197,22,0.133,144,0.38,165,0.334,182,0.395,158,0.407,178,0.469,212,0.543,246,0.6,294,0.71,284,0.59,248,0.473,240,0.497,232,0.46,266,0.576,246,0.648,170,0.535
Region 69,Region 70,8,0.028,4,0.023,2,0.016,1,0.012,1,0.018,0,0,2,0.042,3,0.037,5,0.03,12,0.032,23,0.047,17,0.037,18,0.046,6,0.016,15,0.038,9,0.022,6,0.014,23,0.048,16,0.03,16,0.033,17,0.034,12,0.026,16,0.042,7,0.022
Region 69,Region 71,5,0.018,4,0.023,3,0.025,0,0,0,0,0,0,2,0.042,0,0,2,0.012,4,0.011,3,0.006,8,0.017,1,0.003,3,0.008,4,0.01,8,0.02,8,0.019,7,0.015,3,0.006,11,0.023,10,0.02,9,0.02,8,0.021,5,0.016
Region 69,Region 72,0,0,0,0,0,0,0,0,0,0,0,0,0,0,0,0,0,0,0,0,0,0,0,0,0,0,0,0,0,0,0,0,0,0,0,0,0,0,0,0,0,0,0,0,0,0,0,0
Region 69,Region 73,0,0,0,0,0,0,0,0,0,0,0,0,0,0,0,0,0,0,2,0.005,3,0.006,0,0,0,0,0,0,0,0,0,0,0,0,0,0,0,0,0,0,0,0,0,0,0,0,0,0
Region 69,Region 74,2,0.007,3,0.018,0,0,0,0,2,0.037,0,0,0,0,0,0,1,0.006,2,0.005,0,0,2,0.004,2,0.005,0,0,1,0.003,2,0.005,2,0.005,2,0.004,3,0.006,3,0.006,3,0.006,5,0.011,4,0.011,10,0.031
Region 69,Region 75,1,0.004,0,0,0,0,0,0,0,0,0,0,0,0,0,0,0,0,0,0,1,0.002,0,0,2,0.005,1,0.003,0,0,2,0.005,0,0,1,0.002,0,0,0,0,0,0,1,0.002,2,0.005,4,0.013
Region 70,Region 0,0,0,0,0,0,0,0,0,0,0,0,0,0,0,0,0,0,0,0,0,0,0,3,0.007,0,0,0,0,0,0,0,0,0,0,1,0.002,0,0,5,0.01,0,0,0,0,0,0,0,0
Region 70,Region 1,0,0,0,0,0,0,0,0,0,0,0,0,0,0,0,0,0,0,0,0,0,0,0,0,0,0,0,0,0,0,0,0,0,0,0,0,0,0,0,0,0,0,0,0,0,0,0,0
Region 70,Region 2,0,0,0,0,0,0,0,0,0,0,0,0,0,0,1,0.012,0,0,0,0,3,0.006,1,0.002,1,0.003,8,0.021,1,0.003,3,0.007,2,0.005,2,0.004,7,0.013,2,0.004,1,0.002,1,0.002,2,0.005,4,0.013
Region 70,Region 3,6,0.021,8,0.047,7,0.058,3,0.037,0,0,3,0.068,2,0.042,0,0,1,0.006,3,0.008,7,0.014,12,0.026,10,0.026,9,0.024,10,0.026,12,0.029,8,0.019,17,0.035,17,0.032,23,0.048,33,0.065,23,0.05,19,0.05,12,0.038
Region 70,Region 4,0,0,1,0.006,0,0,0,0,1,0.018,0,0,0,0,1,0.012,0,0,0,0,2,0.004,1,0.002,4,0.01,1,0.003,4,0.01,3,0.007,0,0,1,0.002,3,0.006,4,0.008,4,0.008,3,0.007,1,0.003,4,0.013
Region 70,Region 5,8,0.028,6,0.035,1,0.008,2,0.025,1,0.018,1,0.023,0,0,1,0.012,4,0.024,5,0.013,10,0.02,4,0.009,8,0.021,10,0.026,9,0.023,7,0.017,7,0.017,5,0.01,9,0.017,10,0.021,12,0.024,6,0.013,3,0.008,10,0.031
Region 70,Region 6,0,0,0,0,0,0,0,0,0,0,0,0,0,0,0,0,0,0,0,0,0,0,0,0,0,0,0,0,0,0,0,0,0,0,0,0,0,0,0,0,0,0,0,0,0,0,0,0
Region 70,Region 7,49,0.173,33,0.194,6,0.049,9,0.112,3,0.055,8,0.181,4,0.084,9,0.111,10,0.061,20,0.053,57,0.115,71,0.154,49,0.126,45,0.119,53,0.136,49,0.119,50,0.121,58,0.12,53,0.101,60,0.124,60,0.119,60,0.13,51,0.134,47,0.148
Region 70,Region 8,0,0,0,0,0,0,0,0,0,0,0,0,0,0,0,0,0,0,0,0,0,0,0,0,0,0,0,0,0,0,0,0,0,0,0,0,0,0,0,0,0,0,0,0,0,0,0,0
Region 70,Region 9,0,0,0,0,0,0,0,0,0,0,0,0,0,0,0,0,0,0,0,0,0,0,0,0,0,0,0,0,0,0,0,0,0,0,0,0,0,0,0,0,0,0,0,0,0,0,0,0
Region 70,Region 10,0,0,0,0,0,0,0,0,1,0.018,0,0,1,0.021,0,0,0,0,1,0.003,1,0.002,1,0.002,1,0.003,3,0.008,1,0.003,2,0.005,0,0,1,0.002,5,0.01,4,0.008,1,0.002,1,0.002,0,0,4,0.013
Region 70,Region 11,0,0,0,0,0,0,0,0,0,0,0,0,0,0,0,0,0,0,0,0,0,0,0,0,0,0,0,0,0,0,0,0,0,0,0,0,0,0,0,0,0,0,0,0,0,0,0,0
Region 70,Region 12,6,0.021,4,0.023,5,0.041,3,0.037,2,0.037,1,0.023,1,0.021,5,0.062,10,0.061,12,0.032,12,0.024,16,0.035,19,0.049,22,0.058,14,0.036,15,0.037,13,0.031,21,0.044,33,0.063,31,0.064,26,0.052,15,0.033,11,0.029,11,0.035
Region 70,Region 13,2,0.007,0,0,0,0,1,0.012,0,0,0,0,0,0,0,0,0,0,1,0.003,1,0.002,4,0.009,2,0.005,2,0.005,1,0.003,3,0.007,2,0.005,3,0.006,3,0.006,4,0.008,2,0.004,3,0.007,5,0.013,3,0.009
Region 70,Region 14,132,0.465,82,0.481,43,0.354,31,0.384,19,0.35,13,0.294,20,0.419,12,0.148,35,0.212,70,0.185,103,0.209,168,0.365,134,0.345,152,0.401,153,0.392,149,0.363,151,0.365,130,0.27,146,0.278,135,0.279,111,0.22,131,0.284,124,0.327,123,0.387
Region 70,Region 15,0,0,0,0,0,0,0,0,0,0,0,0,0,0,0,0,0,0,0,0,0,0,0,0,0,0,0,0,0,0,0,0,0,0,0,0,0,0,0,0,0,0,0,0,0,0,0,0
Region 70,Region 16,0,0,0,0,0,0,0,0,0,0,0,0,0,0,0,0,0,0,0,0,0,0,0,0,0,0,0,0,0,0,0,0,0,0,0,0,0,0,0,0,0,0,0,0,0,0,0,0
Region 70,Region 17,0,0,1,0.006,3,0.025,0,0,0,0,0,0,0,0,1,0.012,2,0.012,0,0,0,0,2,0.004,1,0.003,0,0,0,0,1,0.002,3,0.007,2,0.004,0,0,3,0.006,2,0.004,2,0.004,0,0,3,0.009
Region 70,Region 18,2,0.007,1,0.006,1,0.008,0,0,0,0,0,0,0,0,0,0,0,0,1,0.003,2,0.004,7,0.015,8,0.021,4,0.011,0,0,2,0.005,2,0.005,4,0.008,3,0.006,8,0.017,5,0.01,3,0.007,2,0.005,4,0.013
Region 70,Region 19,8,0.028,5,0.029,5,0.041,4,0.05,0,0,0,0,1,0.021,0,0,3,0.018,9,0.024,4,0.008,1,0.002,15,0.039,8,0.021,9,0.023,6,0.015,7,0.017,11,0.023,8,0.015,13,0.027,12,0.024,14,0.03,7,0.018,10,0.031
Region 70,Region 20,19,0.067,22,0.129,9,0.074,5,0.062,4,0.074,4,0.09,1,0.021,14,0.172,27,0.163,47,0.124,34,0.069,29,0.063,41,0.106,41,0.108,49,0.126,27,0.066,25,0.06,35,0.073,34,0.065,34,0.07,56,0.111,50,0.108,34,0.09,22,0.069
Region 70,Region 21,2,0.007,0,0,1,0.008,0,0,0,0,0,0,1,0.021,0,0,2,0.012,5,0.013,8,0.016,3,0.007,6,0.015,6,0.016,8,0.02,7,0.017,4,0.01,4,0.008,10,0.019,6,0.012,0,0,3,0.007,6,0.016,7,0.022
Region 70,Region 22,38,0.134,25,0.147,21,0.173,12,0.149,10,0.184,6,0.136,5,0.105,3,0.037,17,0.103,44,0.116,53,0.107,45,0.098,51,0.131,77,0.203,67,0.172,71,0.173,86,0.208,95,0.197,88,0.168,74,0.153,72,0.143,56,0.121,48,0.126,52,0.164
Region 70,Region 23,0,0,1,0.006,1,0.008,0,0,0,0,0,0,0,0,0,0,0,0,0,0,0,0,2,0.004,1,0.003,0,0,2,0.005,0,0,4,0.01,1,0.002,1,0.002,1,0.002,2,0.004,0,0,2,0.005,2,0.006
Region 70,Region 24,0,0,0,0,0,0,0,0,0,0,0,0,0,0,0,0,0,0,0,0,2,0.004,0,0,2,0.005,3,0.008,0,0,1,0.002,1,0.002,0,0,2,0.004,1,0.002,1,0.002,0,0,0,0,0,0
Region 70,Region 25,1,0.004,0,0,0,0,1,0.012,1,0.018,1,0.023,0,0,0,0,0,0,0,0,0,0,0,0,1,0.003,0,0,0,0,0,0,1,0.002,0,0,0,0,1,0.002,4,0.008,0,0,0,0,2,0.006
Region 70,Region 26,0,0,1,0.006,0,0,0,0,0,0,0,0,0,0,0,0,0,0,1,0.003,0,0,0,0,1,0.003,0,0,0,0,0,0,1,0.002,0,0,0,0,0,0,3,0.006,2,0.004,1,0.003,0,0
Region 70,Region 27,0,0,0,0,0,0,0,0,1,0.018,0,0,0,0,0,0,1,0.006,0,0,1,0.002,1,0.002,1,0.003,0,0,0,0,0,0,0,0,0,0,0,0,2,0.004,1,0.002,2,0.004,0,0,0,0
Region 70,Region 28,0,0,0,0,0,0,0,0,0,0,0,0,0,0,0,0,0,0,0,0,0,0,0,0,0,0,0,0,0,0,0,0,0,0,1,0.002,0,0,0,0,0,0,0,0,1,0.003,2,0.006
Region 70,Region 29,16,0.056,9,0.053,4,0.033,4,0.05,2,0.037,2,0.045,0,0,1,0.012,4,0.024,5,0.013,21,0.043,15,0.033,17,0.044,24,0.063,15,0.038,13,0.032,20,0.048,25,0.052,27,0.051,16,0.033,18,0.036,17,0.037,6,0.016,16,0.05
Region 70,Region 30,10,0.035,10,0.059,7,0.058,1,0.012,0,0,2,0.045,1,0.021,1,0.012,7,0.042,7,0.018,9,0.018,15,0.033,14,0.036,16,0.042,17,0.044,9,0.022,11,0.027,17,0.035,24,0.046,30,0.062,21,0.042,21,0.046,10,0.026,11,0.035
Region 70,Region 31,8,0.028,6,0.035,2,0.016,4,0.05,3,0.055,2,0.045,0,0,1,0.012,2,0.012,5,0.013,3,0.006,7,0.015,6,0.015,7,0.018,10,0.026,13,0.032,6,0.014,8,0.017,14,0.027,13,0.027,18,0.036,9,0.02,12,0.032,6,0.019
Region 70,Region 32,0,0,0,0,0,0,0,0,0,0,0,0,0,0,0,0,0,0,1,0.003,1,0.002,1,0.002,0,0,0,0,0,0,0,0,1,0.002,1,0.002,1,0.002,3,0.006,1,0.002,2,0.004,3,0.008,1,0.003
Region 70,Region 33,0,0,0,0,0,0,0,0,0,0,0,0,0,0,0,0,0,0,0,0,0,0,0,0,0,0,0,0,0,0,1,0.002,0,0,1,0.002,0,0,0,0,0,0,1,0.002,0,0,0,0
Region 70,Region 34,0,0,0,0,0,0,0,0,0,0,0,0,0,0,0,0,0,0,0,0,0,0,0,0,0,0,0,0,0,0,0,0,0,0,0,0,0,0,0,0,0,0,0,0,0,0,0,0
Region 70,Region 35,0,0,0,0,0,0,0,0,0,0,0,0,0,0,0,0,0,0,0,0,0,0,0,0,0,0,0,0,0,0,0,0,0,0,0,0,0,0,0,0,0,0,0,0,0,0,0,0
Region 70,Region 36,1,0.004,0,0,0,0,0,0,0,0,0,0,0,0,0,0,2,0.012,0,0,0,0,0,0,0,0,2,0.005,0,0,2,0.005,2,0.005,1,0.002,0,0,0,0,1,0.002,1,0.002,1,0.003,5,0.016
Region 70,Region 37,2,0.007,2,0.012,1,0.008,0,0,0,0,1,0.023,0,0,0,0,0,0,2,0.005,0,0,3,0.007,5,0.013,1,0.003,0,0,1,0.002,3,0.007,1,0.002,4,0.008,2,0.004,4,0.008,1,0.002,3,0.008,1,0.003
Region 70,Region 38,4,0.014,3,0.018,2,0.016,1,0.012,3,0.055,2,0.045,0,0,0,0,2,0.012,4,0.011,6,0.012,12,0.026,4,0.01,6,0.016,10,0.026,12,0.029,6,0.014,6,0.012,9,0.017,11,0.023,9,0.018,16,0.035,5,0.013,5,0.016
Region 70,Region 39,1,0.004,0,0,0,0,0,0,0,0,0,0,0,0,0,0,0,0,0,0,1,0.002,0,0,0,0,0,0,0,0,0,0,0,0,0,0,0,0,1,0.002,0,0,1,0.002,0,0,0,0
Region 70,Region 40,0,0,0,0,0,0,0,0,0,0,0,0,0,0,0,0,0,0,1,0.003,0,0,0,0,0,0,0,0,0,0,0,0,0,0,0,0,0,0,0,0,0,0,0,0,0,0,0,0
Region 70,Region 41,0,0,0,0,0,0,1,0.012,0,0,0,0,0,0,0,0,0,0,0,0,1,0.002,2,0.004,0,0,0,0,4,0.01,2,0.005,0,0,1,0.002,0,0,0,0,0,0,0,0,0,0,0,0
Region 70,Region 42,0,0,0,0,0,0,0,0,0,0,0,0,0,0,0,0,0,0,0,0,0,0,0,0,0,0,0,0,0,0,0,0,0,0,0,0,0,0,0,0,0,0,0,0,0,0,0,0
Region 70,Region 43,0,0,0,0,0,0,0,0,0,0,0,0,0,0,0,0,0,0,0,0,0,0,0,0,2,0.005,1,0.003,3,0.008,2,0.005,2,0.005,0,0,0,0,5,0.01,2,0.004,0,0,1,0.003,0,0
Region 70,Region 44,0,0,0,0,0,0,0,0,0,0,0,0,0,0,0,0,0,0,0,0,0,0,0,0,0,0,0,0,0,0,0,0,0,0,0,0,0,0,0,0,0,0,0,0,0,0,0,0
Region 70,Region 45,9,0.032,7,0.041,8,0.066,1,0.012,2,0.037,0,0,4,0.084,5,0.062,8,0.048,9,0.024,19,0.038,18,0.039,12,0.031,15,0.04,13,0.033,16,0.039,15,0.036,23,0.048,28,0.053,45,0.093,42,0.083,28,0.061,21,0.055,11,0.035
Region 70,Region 46,0,0,2,0.012,2,0.016,1,0.012,0,0,0,0,1,0.021,0,0,0,0,6,0.016,5,0.01,3,0.007,5,0.013,3,0.008,4,0.01,5,0.012,5,0.012,2,0.004,2,0.004,2,0.004,4,0.008,1,0.002,3,0.008,2,0.006
Region 70,Region 47,3,0.011,2,0.012,2,0.016,0,0,0,0,0,0,0,0,0,0,0,0,2,0.005,2,0.004,4,0.009,3,0.008,1,0.003,5,0.013,4,0.01,5,0.012,6,0.012,6,0.011,5,0.01,2,0.004,3,0.007,2,0.005,6,0.019
Region 70,Region 48,32,0.113,19,0.111,10,0.082,11,0.136,5,0.092,2,0.045,3,0.063,3,0.037,5,0.03,15,0.04,24,0.049,43,0.093,39,0.1,39,0.103,41,0.105,45,0.11,56,0.135,53,0.11,75,0.143,67,0.139,87,0.172,50,0.108,45,0.119,36,0.113
Region 70,Region 49,13,0.046,15,0.088,9,0.074,4,0.05,4,0.074,2,0.045,3,0.063,6,0.074,8,0.048,10,0.026,22,0.045,9,0.02,9,0.023,15,0.04,9,0.023,12,0.029,10,0.024,19,0.039,33,0.063,36,0.075,26,0.052,23,0.05,13,0.034,12,0.038
Region 70,Region 50,3,0.011,7,0.041,2,0.016,1,0.012,1,0.018,0,0,0,0,2,0.025,2,0.012,0,0,3,0.006,3,0.007,6,0.015,8,0.021,9,0.023,10,0.024,9,0.022,14,0.029,9,0.017,18,0.037,13,0.026,4,0.009,6,0.016,6,0.019
Region 70,Region 51,3,0.011,0,0,1,0.008,1,0.012,0,0,0,0,0,0,0,0,0,0,2,0.005,4,0.008,4,0.009,1,0.003,3,0.008,5,0.013,2,0.005,5,0.012,9,0.019,9,0.017,10,0.021,4,0.008,4,0.009,10,0.026,6,0.019
Region 70,Region 52,5,0.018,2,0.012,2,0.016,2,0.025,0,0,0,0,0,0,0,0,0,0,0,0,3,0.006,3,0.007,5,0.013,3,0.008,1,0.003,0,0,2,0.005,1,0.002,5,0.01,9,0.019,17,0.034,5,0.011,9,0.024,2,0.006
Region 70,Region 53,0,0,1,0.006,1,0.008,0,0,0,0,0,0,0,0,0,0,0,0,3,0.008,7,0.014,5,0.011,2,0.005,2,0.005,3,0.008,5,0.012,3,0.007,4,0.008,1,0.002,5,0.01,8,0.016,2,0.004,2,0.005,1,0.003
Region 70,Region 54,4,0.014,4,0.023,4,0.033,2,0.025,0,0,0,0,0,0,1,0.012,2,0.012,0,0,4,0.008,3,0.007,1,0.003,2,0.005,4,0.01,5,0.012,4,0.01,8,0.017,7,0.013,12,0.025,8,0.016,5,0.011,6,0.016,4,0.013
Region 70,Region 55,0,0,0,0,0,0,0,0,0,0,0,0,0,0,0,0,0,0,0,0,0,0,2,0.004,0,0,0,0,0,0,0,0,0,0,0,0,0,0,1,0.002,1,0.002,3,0.007,0,0,0,0
Region 70,Region 56,0,0,0,0,0,0,1,0.012,0,0,0,0,0,0,0,0,0,0,0,0,1,0.002,0,0,0,0,0,0,0,0,0,0,1,0.002,0,0,3,0.006,2,0.004,0,0,2,0.004,1,0.003,0,0
Region 70,Region 57,0,0,0,0,0,0,0,0,0,0,0,0,0,0,0,0,0,0,1,0.003,1,0.002,1,0.002,0,0,1,0.003,2,0.005,0,0,1,0.002,0,0,0,0,2,0.004,0,0,1,0.002,0,0,2,0.006
Region 70,Region 58,0,0,0,0,0,0,0,0,0,0,0,0,0,0,0,0,0,0,0,0,0,0,0,0,1,0.003,0,0,0,0,0,0,0,0,0,0,0,0,0,0,0,0,1,0.002,0,0,0,0
Region 70,Region 59,0,0,0,0,0,0,0,0,0,0,0,0,0,0,0,0,0,0,0,0,0,0,0,0,0,0,0,0,0,0,0,0,0,0,0,0,0,0,0,0,0,0,0,0,0,0,0,0
Region 70,Region 60,18,0.063,7,0.041,5,0.041,4,0.05,4,0.074,2,0.045,2,0.042,9,0.111,7,0.042,24,0.063,55,0.111,71,0.154,53,0.137,53,0.14,56,0.143,60,0.146,51,0.123,64,0.133,52,0.099,40,0.083,33,0.065,37,0.08,37,0.098,19,0.06
Region 70,Region 61,0,0,1,0.006,0,0,0,0,0,0,0,0,0,0,0,0,1,0.006,1,0.003,0,0,2,0.004,0,0,2,0.005,1,0.003,0,0,2,0.005,0,0,1,0.002,1,0.002,2,0.004,1,0.002,2,0.005,3,0.009
Region 70,Region 62,1,0.004,0,0,2,0.016,2,0.025,0,0,0,0,1,0.021,0,0,0,0,4,0.011,7,0.014,3,0.007,4,0.01,5,0.013,11,0.028,12,0.029,4,0.01,6,0.012,9,0.017,5,0.01,12,0.024,13,0.028,7,0.018,10,0.031
Region 70,Region 63,0,0,0,0,0,0,0,0,0,0,0,0,0,0,0,0,0,0,0,0,1,0.002,1,0.002,0,0,0,0,0,0,0,0,0,0,0,0,0,0,0,0,0,0,0,0,0,0,0,0
Region 70,Region 64,10,0.035,5,0.029,7,0.058,3,0.037,2,0.037,1,0.023,1,0.021,2,0.025,1,0.006,14,0.037,14,0.028,9,0.02,7,0.018,11,0.029,8,0.02,7,0.017,16,0.039,23,0.048,22,0.042,21,0.043,23,0.046,20,0.043,12,0.032,21,0.066
Region 70,Region 65,8,0.028,5,0.029,5,0.041,2,0.025,1,0.018,1,0.023,1,0.021,0,0,0,0,0,0,3,0.006,3,0.007,3,0.008,4,0.011,4,0.01,2,0.005,3,0.007,5,0.01,4,0.008,7,0.014,8,0.016,7,0.015,6,0.016,7,0.022
Region 70,Region 66,0,0,0,0,0,0,1,0.012,0,0,0,0,1,0.021,0,0,0,0,0,0,3,0.006,1,0.002,3,0.008,7,0.018,2,0.005,0,0,4,0.01,4,0.008,1,0.002,0,0,6,0.012,3,0.007,5,0.013,8,0.025
Region 70,Region 67,31,0.109,16,0.094,5,0.041,7,0.087,3,0.055,4,0.09,6,0.126,5,0.062,8,0.048,19,0.05,27,0.055,34,0.074,31,0.08,45,0.119,40,0.102,69,0.168,44,0.106,58,0.12,58,0.111,55,0.114,64,0.127,46,0.1,43,0.113,31,0.097
Region 70,Region 68,3,0.011,3,0.018,2,0.016,1,0.012,1,0.018,1,0.023,1,0.021,1,0.012,2,0.012,3,0.008,8,0.016,6,0.013,11,0.028,2,0.005,6,0.015,6,0.015,9,0.022,6,0.012,11,0.021,8,0.017,2,0.004,5,0.011,2,0.005,6,0.019
Region 70,Region 69,8,0.028,2,0.012,2,0.016,1,0.012,0,0,2,0.045,0,0,2,0.025,8,0.048,10,0.026,7,0.014,8,0.017,3,0.008,9,0.024,11,0.028,12,0.029,10,0.024,6,0.012,16,0.03,17,0.035,18,0.036,18,0.039,8,0.021,12,0.038
Region 70,Region 70,351,1.238,215,1.261,137,1.127,80,0.992,73,1.346,47,1.063,44,0.922,70,0.861,109,0.66,220,0.581,436,0.883,495,1.075,509,1.311,522,1.377,495,1.268,573,1.397,594,1.434,715,1.485,802,1.528,646,1.337,687,1.361,535,1.159,434,1.144,364,1.145
Region 70,Region 71,1,0.004,3,0.018,2,0.016,0,0,0,0,0,0,0,0,0,0,0,0,1,0.003,1,0.002,0,0,1,0.003,0,0,4,0.01,1,0.002,2,0.005,1,0.002,6,0.011,1,0.002,1,0.002,2,0.004,2,0.005,3,0.009
Region 70,Region 72,0,0,0,0,0,0,0,0,0,0,0,0,0,0,0,0,0,0,0,0,0,0,0,0,0,0,0,0,0,0,0,0,0,0,0,0,0,0,0,0,0,0,0,0,0,0,0,0
Region 70,Region 73,0,0,0,0,0,0,0,0,0,0,0,0,0,0,0,0,0,0,0,0,0,0,0,0,0,0,0,0,0,0,0,0,0,0,0,0,0,0,0,0,0,0,0,0,0,0,0,0
Region 70,Region 74,9,0.032,3,0.018,3,0.025,0,0,0,0,0,0,1,0.021,0,0,0,0,0,0,5,0.01,5,0.011,5,0.013,5,0.013,3,0.008,4,0.01,2,0.005,7,0.015,8,0.015,5,0.01,9,0.018,8,0.017,8,0.021,5,0.016
Region 70,Region 75,0,0,0,0,1,0.008,0,0,0,0,0,0,0,0,0,0,0,0,1,0.003,1,0.002,0,0,0,0,0,0,0,0,0,0,1,0.002,1,0.002,0,0,0,0,0,0,0,0,0,0,2,0.006
Region 71,Region 0,2,0.007,0,0,0,0,0,0,0,0,0,0,0,0,0,0,0,0,0,0,0,0,1,0.002,2,0.005,0,0,1,0.003,1,0.002,2,0.005,2,0.004,2,0.004,1,0.002,0,0,0,0,2,0.005,0,0
Region 71,Region 1,0,0,0,0,0,0,0,0,0,0,0,0,0,0,0,0,0,0,0,0,0,0,0,0,0,0,0,0,0,0,0,0,0,0,0,0,0,0,0,0,0,0,0,0,0,0,0,0
Region 71,Region 2,0,0,0,0,1,0.008,0,0,0,0,0,0,0,0,1,0.012,1,0.006,4,0.011,6,0.012,5,0.011,2,0.005,0,0,0,0,1,0.002,2,0.005,1,0.002,0,0,0,0,2,0.004,0,0,1,0.003,0,0
Region 71,Region 3,0,0,0,0,0,0,1,0.012,0,0,0,0,0,0,0,0,1,0.006,2,0.005,2,0.004,1,0.002,0,0,1,0.003,2,0.005,0,0,1,0.002,2,0.004,0,0,0,0,3,0.006,2,0.004,2,0.005,0,0
Region 71,Region 4,29,0.102,18,0.106,4,0.033,3,0.037,0,0,3,0.068,4,0.084,3,0.037,3,0.018,18,0.048,25,0.051,39,0.085,22,0.057,25,0.066,32,0.082,31,0.076,64,0.155,72,0.15,63,0.12,48,0.099,59,0.117,45,0.098,37,0.098,28,0.088
Region 71,Region 5,0,0,0,0,1,0.008,1,0.012,0,0,0,0,0,0,1,0.012,0,0,1,0.003,3,0.006,1,0.002,0,0,0,0,0,0,0,0,0,0,1,0.002,0,0,0,0,1,0.002,0,0,0,0,1,0.003
Region 71,Region 6,0,0,0,0,0,0,0,0,0,0,0,0,0,0,0,0,0,0,0,0,0,0,0,0,0,0,0,0,0,0,0,0,0,0,0,0,0,0,0,0,0,0,0,0,0,0,0,0
Region 71,Region 7,0,0,1,0.006,0,0,0,0,0,0,0,0,0,0,4,0.049,3,0.018,4,0.011,9,0.018,10,0.022,9,0.023,3,0.008,1,0.003,1,0.002,3,0.007,2,0.004,3,0.006,0,0,4,0.008,4,0.009,2,0.005,1,0.003
Region 71,Region 8,0,0,0,0,0,0,0,0,0,0,0,0,0,0,0,0,1,0.006,0,0,1,0.002,0,0,5,0.013,3,0.008,3,0.008,2,0.005,0,0,2,0.004,0,0,1,0.002,1,0.002,1,0.002,2,0.005,0,0
Region 71,Region 9,0,0,0,0,0,0,0,0,0,0,0,0,0,0,0,0,0,0,0,0,0,0,0,0,0,0,0,0,0,0,0,0,0,0,0,0,0,0,0,0,0,0,0,0,0,0,0,0
Region 71,Region 10,2,0.007,2,0.012,1,0.008,0,0,0,0,0,0,0,0,0,0,1,0.006,3,0.008,3,0.006,1,0.002,0,0,0,0,3,0.008,1,0.002,1,0.002,1,0.002,0,0,4,0.008,4,0.008,2,0.004,1,0.003,1,0.003
Region 71,Region 11,0,0,0,0,0,0,0,0,0,0,0,0,0,0,0,0,0,0,0,0,0,0,0,0,0,0,0,0,0,0,0,0,0,0,0,0,0,0,0,0,0,0,0,0,0,0,0,0
Region 71,Region 12,1,0.004,0,0,1,0.008,1,0.012,0,0,1,0.023,3,0.063,10,0.123,10,0.061,26,0.069,11,0.022,14,0.03,15,0.039,4,0.011,8,0.02,7,0.017,5,0.012,6,0.012,5,0.01,0,0,12,0.024,6,0.013,4,0.011,4,0.013
Region 71,Region 13,2,0.007,0,0,1,0.008,0,0,1,0.018,0,0,1,0.021,2,0.025,0,0,3,0.008,9,0.018,11,0.024,5,0.013,5,0.013,8,0.02,9,0.022,12,0.029,22,0.046,15,0.029,17,0.035,11,0.022,13,0.028,8,0.021,6,0.019
Region 71,Region 14,9,0.032,4,0.023,5,0.041,0,0,1,0.018,4,0.09,6,0.126,13,0.16,23,0.139,36,0.095,27,0.055,32,0.07,21,0.054,21,0.055,16,0.041,15,0.037,8,0.019,8,0.017,7,0.013,5,0.01,6,0.012,19,0.041,11,0.029,9,0.028
Region 71,Region 15,0,0,0,0,0,0,0,0,0,0,0,0,0,0,0,0,0,0,0,0,0,0,0,0,0,0,0,0,0,0,0,0,0,0,0,0,0,0,0,0,0,0,0,0,0,0,0,0
Region 71,Region 16,0,0,0,0,0,0,0,0,0,0,0,0,0,0,0,0,0,0,0,0,0,0,0,0,0,0,0,0,0,0,0,0,0,0,0,0,0,0,0,0,0,0,0,0,0,0,0,0
Region 71,Region 17,11,0.039,6,0.035,2,0.016,4,0.05,1,0.018,0,0,4,0.084,2,0.025,1,0.006,16,0.042,11,0.022,15,0.033,11,0.028,24,0.063,19,0.049,9,0.022,19,0.046,42,0.087,44,0.084,29,0.06,31,0.061,20,0.043,14,0.037,15,0.047
Region 71,Region 18,2,0.007,0,0,0,0,0,0,0,0,0,0,0,0,0,0,0,0,1,0.003,2,0.004,2,0.004,2,0.005,3,0.008,2,0.005,2,0.005,0,0,3,0.006,3,0.006,0,0,0,0,1,0.002,2,0.005,1,0.003
Region 71,Region 19,1,0.004,0,0,0,0,0,0,0,0,0,0,0,0,0,0,2,0.012,2,0.005,0,0,3,0.007,1,0.003,0,0,1,0.003,1,0.002,1,0.002,2,0.004,0,0,0,0,1,0.002,1,0.002,1,0.003,2,0.006
Region 71,Region 20,1,0.004,0,0,0,0,1,0.012,0,0,0,0,1,0.021,0,0,4,0.024,6,0.016,1,0.002,4,0.009,0,0,2,0.005,1,0.003,1,0.002,0,0,0,0,0,0,1,0.002,2,0.004,1,0.002,0,0,1,0.003
Region 71,Region 21,0,0,0,0,0,0,0,0,0,0,0,0,1,0.021,0,0,1,0.006,2,0.005,1,0.002,4,0.009,2,0.005,2,0.005,2,0.005,3,0.007,1,0.002,2,0.004,1,0.002,4,0.008,2,0.004,3,0.007,2,0.005,0,0
Region 71,Region 22,1,0.004,0,0,0,0,0,0,0,0,0,0,0,0,1,0.012,1,0.006,6,0.016,6,0.012,1,0.002,2,0.005,1,0.003,3,0.008,2,0.005,1,0.002,2,0.004,2,0.004,0,0,1,0.002,3,0.007,1,0.003,3,0.009
Region 71,Region 23,4,0.014,1,0.006,4,0.033,1,0.012,0,0,1,0.023,1,0.021,0,0,0,0,1,0.003,6,0.012,4,0.009,5,0.013,6,0.016,9,0.023,7,0.017,20,0.048,27,0.056,19,0.036,14,0.029,18,0.036,17,0.037,20,0.053,13,0.041
Region 71,Region 24,2,0.007,0,0,0,0,0,0,0,0,0,0,0,0,0,0,0,0,0,0,1,0.002,1,0.002,0,0,0,0,1,0.003,0,0,1,0.002,0,0,0,0,0,0,1,0.002,0,0,1,0.003,0,0
Region 71,Region 25,3,0.011,0,0,1,0.008,2,0.025,0,0,0,0,0,0,0,0,1,0.006,4,0.011,3,0.006,1,0.002,5,0.013,2,0.005,3,0.008,6,0.015,5,0.012,7,0.015,5,0.01,4,0.008,12,0.024,10,0.022,7,0.018,3,0.009
Region 71,Region 26,0,0,0,0,0,0,0,0,0,0,0,0,0,0,0,0,0,0,3,0.008,1,0.002,0,0,1,0.003,2,0.005,0,0,0,0,1,0.002,0,0,0,0,0,0,0,0,0,0,0,0,0,0
Region 71,Region 27,0,0,0,0,0,0,0,0,0,0,0,0,0,0,0,0,0,0,0,0,3,0.006,1,0.002,1,0.003,0,0,1,0.003,0,0,0,0,2,0.004,2,0.004,1,0.002,4,0.008,2,0.004,0,0,1,0.003
Region 71,Region 28,0,0,0,0,0,0,0,0,0,0,0,0,0,0,0,0,0,0,0,0,3,0.006,5,0.011,2,0.005,0,0,0,0,1,0.002,1,0.002,1,0.002,3,0.006,1,0.002,0,0,0,0,1,0.003,0,0
Region 71,Region 29,1,0.004,1,0.006,3,0.025,1,0.012,2,0.037,1,0.023,0,0,0,0,5,0.03,15,0.04,15,0.03,8,0.017,5,0.013,0,0,1,0.003,3,0.007,1,0.002,2,0.004,1,0.002,0,0,0,0,3,0.007,2,0.005,0,0
Region 71,Region 30,1,0.004,0,0,0,0,0,0,0,0,0,0,0,0,0,0,0,0,0,0,2,0.004,0,0,1,0.003,4,0.011,1,0.003,0,0,0,0,1,0.002,0,0,1,0.002,0,0,2,0.004,1,0.003,0,0
Region 71,Region 31,1,0.004,2,0.012,1,0.008,0,0,0,0,0,0,0,0,0,0,1,0.006,2,0.005,8,0.016,2,0.004,2,0.005,0,0,1,0.003,0,0,3,0.007,1,0.002,1,0.002,2,0.004,1,0.002,4,0.009,0,0,2,0.006
Region 71,Region 32,5,0.018,4,0.023,0,0,0,0,0,0,0,0,1,0.021,1,0.012,0,0,5,0.013,6,0.012,5,0.011,2,0.005,7,0.018,5,0.013,8,0.02,17,0.041,17,0.035,12,0.023,7,0.014,17,0.034,12,0.026,12,0.032,9,0.028
Region 71,Region 33,6,0.021,2,0.012,0,0,4,0.05,0,0,0,0,1,0.021,0,0,1,0.006,31,0.082,4,0.008,11,0.024,6,0.015,8,0.021,16,0.041,9,0.022,18,0.043,16,0.033,11,0.021,14,0.029,18,0.036,21,0.046,10,0.026,7,0.022
Region 71,Region 34,0,0,0,0,0,0,0,0,0,0,0,0,0,0,0,0,0,0,0,0,0,0,0,0,0,0,0,0,0,0,0,0,0,0,0,0,0,0,0,0,0,0,0,0,0,0,0,0
Region 71,Region 35,0,0,0,0,0,0,0,0,0,0,0,0,0,0,0,0,0,0,0,0,1,0.002,1,0.002,0,0,0,0,0,0,0,0,0,0,0,0,0,0,0,0,0,0,0,0,0,0,0,0
Region 71,Region 36,0,0,0,0,0,0,0,0,0,0,0,0,0,0,0,0,1,0.006,3,0.008,3,0.006,3,0.007,2,0.005,3,0.008,5,0.013,7,0.017,4,0.01,6,0.012,7,0.013,1,0.002,3,0.006,9,0.02,5,0.013,3,0.009
Region 71,Region 37,0,0,2,0.012,1,0.008,0,0,0,0,0,0,0,0,0,0,1,0.006,0,0,3,0.006,1,0.002,0,0,1,0.003,1,0.003,0,0,2,0.005,0,0,2,0.004,5,0.01,4,0.008,4,0.009,1,0.003,0,0
Region 71,Region 38,1,0.004,0,0,0,0,0,0,0,0,0,0,0,0,0,0,0,0,3,0.008,5,0.01,5,0.011,3,0.008,2,0.005,0,0,2,0.005,4,0.01,3,0.006,3,0.006,2,0.004,2,0.004,0,0,3,0.008,0,0
Region 71,Region 39,0,0,0,0,0,0,0,0,0,0,0,0,0,0,0,0,0,0,0,0,2,0.004,0,0,0,0,0,0,0,0,0,0,0,0,0,0,0,0,0,0,0,0,1,0.002,0,0,0,0
Region 71,Region 40,0,0,0,0,0,0,0,0,0,0,0,0,0,0,0,0,0,0,0,0,0,0,0,0,0,0,0,0,0,0,1,0.002,0,0,0,0,0,0,0,0,1,0.002,1,0.002,0,0,0,0
Region 71,Region 41,0,0,5,0.029,1,0.008,0,0,1,0.018,1,0.023,3,0.063,4,0.049,31,0.188,35,0.092,35,0.071,12,0.026,5,0.013,4,0.011,5,0.013,6,0.015,1,0.002,6,0.012,5,0.01,4,0.008,3,0.006,4,0.009,3,0.008,1,0.003
Region 71,Region 42,0,0,0,0,0,0,0,0,0,0,0,0,0,0,0,0,0,0,0,0,0,0,0,0,0,0,0,0,0,0,0,0,0,0,0,0,0,0,0,0,0,0,0,0,0,0,0,0
Region 71,Region 43,0,0,0,0,0,0,0,0,0,0,0,0,0,0,0,0,0,0,2,0.005,4,0.008,1,0.002,2,0.005,2,0.005,5,0.013,1,0.002,3,0.007,0,0,1,0.002,2,0.004,1,0.002,0,0,0,0,0,0
Region 71,Region 44,0,0,0,0,0,0,0,0,0,0,0,0,0,0,0,0,0,0,0,0,0,0,0,0,0,0,0,0,0,0,0,0,0,0,0,0,0,0,0,0,0,0,0,0,0,0,0,0
Region 71,Region 45,1,0.004,0,0,0,0,0,0,0,0,0,0,0,0,0,0,0,0,0,0,2,0.004,1,0.002,0,0,0,0,1,0.003,1,0.002,0,0,1,0.002,1,0.002,0,0,0,0,1,0.002,0,0,0,0
Region 71,Region 46,8,0.028,6,0.035,1,0.008,1,0.012,1,0.018,0,0,2,0.042,1,0.012,1,0.006,27,0.071,37,0.075,31,0.067,30,0.077,25,0.066,36,0.092,43,0.105,42,0.101,61,0.127,51,0.097,42,0.087,46,0.091,29,0.063,21,0.055,22,0.069
Region 71,Region 47,3,0.011,4,0.023,0,0,3,0.037,2,0.037,2,0.045,4,0.084,10,0.123,14,0.085,43,0.114,53,0.107,13,0.028,24,0.062,15,0.04,10,0.026,10,0.024,12,0.029,16,0.033,20,0.038,12,0.025,24,0.048,17,0.037,9,0.024,2,0.006
Region 71,Region 48,0,0,0,0,1,0.008,0,0,0,0,0,0,1,0.021,3,0.037,3,0.018,6,0.016,8,0.016,8,0.017,9,0.023,9,0.024,5,0.013,1,0.002,2,0.005,4,0.008,3,0.006,6,0.012,6,0.012,5,0.011,2,0.005,1,0.003
Region 71,Region 49,1,0.004,0,0,0,0,0,0,0,0,0,0,0,0,1,0.012,0,0,2,0.005,9,0.018,9,0.02,4,0.01,1,0.003,1,0.003,0,0,1,0.002,3,0.006,7,0.013,0,0,2,0.004,0,0,1,0.003,0,0
Region 71,Region 50,5,0.018,1,0.006,1,0.008,1,0.012,0,0,0,0,0,0,1,0.012,2,0.012,11,0.029,10,0.02,7,0.015,3,0.008,3,0.008,4,0.01,4,0.01,6,0.014,7,0.015,2,0.004,5,0.01,7,0.014,7,0.015,2,0.005,6,0.019
Region 71,Region 51,1,0.004,0,0,1,0.008,0,0,0,0,0,0,0,0,0,0,0,0,2,0.005,3,0.006,2,0.004,1,0.003,0,0,0,0,2,0.005,1,0.002,2,0.004,2,0.004,1,0.002,1,0.002,1,0.002,0,0,0,0
Region 71,Region 52,1,0.004,1,0.006,1,0.008,0,0,0,0,0,0,1,0.021,0,0,0,0,0,0,13,0.026,6,0.013,6,0.015,9,0.024,3,0.008,6,0.015,5,0.012,6,0.012,14,0.027,11,0.023,10,0.02,8,0.017,3,0.008,8,0.025
Region 71,Region 53,0,0,0,0,0,0,0,0,0,0,0,0,0,0,0,0,0,0,2,0.005,4,0.008,1,0.002,0,0,2,0.005,1,0.003,1,0.002,3,0.007,1,0.002,1,0.002,1,0.002,0,0,1,0.002,0,0,1,0.003
Region 71,Region 54,1,0.004,0,0,1,0.008,0,0,0,0,0,0,0,0,0,0,1,0.006,2,0.005,0,0,3,0.007,1,0.003,3,0.008,1,0.003,2,0.005,0,0,2,0.004,1,0.002,1,0.002,0,0,1,0.002,1,0.003,0,0
Region 71,Region 55,7,0.025,0,0,3,0.025,1,0.012,0,0,1,0.023,2,0.042,0,0,2,0.012,5,0.013,12,0.024,14,0.03,4,0.01,8,0.021,10,0.026,14,0.034,21,0.051,38,0.079,23,0.044,17,0.035,28,0.055,16,0.035,21,0.055,16,0.05
Region 71,Region 56,3,0.011,1,0.006,0,0,0,0,0,0,0,0,0,0,0,0,0,0,1,0.003,2,0.004,3,0.007,2,0.005,1,0.003,0,0,1,0.002,2,0.005,3,0.006,2,0.004,3,0.006,2,0.004,4,0.009,0,0,0,0
Region 71,Region 57,4,0.014,1,0.006,0,0,0,0,0,0,0,0,1,0.021,1,0.012,0,0,9,0.024,7,0.014,7,0.015,7,0.018,5,0.013,7,0.018,8,0.02,15,0.036,12,0.025,14,0.027,15,0.031,16,0.032,9,0.02,9,0.024,4,0.013
Region 71,Region 58,0,0,0,0,0,0,0,0,0,0,0,0,0,0,0,0,0,0,1,0.003,0,0,2,0.004,0,0,0,0,1,0.003,1,0.002,1,0.002,0,0,0,0,0,0,0,0,0,0,0,0,0,0
Region 71,Region 59,0,0,0,0,0,0,0,0,0,0,0,0,0,0,0,0,0,0,0,0,0,0,0,0,0,0,0,0,0,0,0,0,0,0,0,0,0,0,0,0,0,0,0,0,0,0,0,0
Region 71,Region 60,0,0,0,0,0,0,0,0,0,0,0,0,0,0,1,0.012,1,0.006,7,0.018,3,0.006,8,0.017,5,0.013,2,0.005,2,0.005,1,0.002,1,0.002,0,0,0,0,0,0,2,0.004,2,0.004,1,0.003,1,0.003
Region 71,Region 61,0,0,1,0.006,0,0,0,0,0,0,0,0,0,0,0,0,0,0,0,0,1,0.002,0,0,0,0,1,0.003,0,0,0,0,0,0,0,0,0,0,0,0,0,0,1,0.002,0,0,1,0.003
Region 71,Region 62,21,0.074,14,0.082,8,0.066,4,0.05,2,0.037,3,0.068,1,0.021,15,0.185,44,0.266,62,0.164,53,0.107,41,0.089,26,0.067,23,0.061,27,0.069,21,0.051,32,0.077,46,0.096,37,0.071,40,0.083,48,0.095,22,0.048,31,0.082,9,0.028
Region 71,Region 63,0,0,0,0,0,0,0,0,0,0,0,0,0,0,0,0,0,0,0,0,0,0,0,0,0,0,0,0,0,0,0,0,0,0,0,0,0,0,0,0,0,0,0,0,0,0,0,0
Region 71,Region 64,0,0,0,0,0,0,0,0,0,0,0,0,0,0,0,0,0,0,4,0.011,4,0.008,1,0.002,0,0,0,0,1,0.003,1,0.002,1,0.002,0,0,1,0.002,0,0,0,0,0,0,1,0.003,0,0
Region 71,Region 65,5,0.018,0,0,2,0.016,1,0.012,0,0,0,0,0,0,0,0,2,0.012,1,0.003,3,0.006,8,0.017,1,0.003,3,0.008,4,0.01,3,0.007,2,0.005,7,0.015,8,0.015,4,0.008,6,0.012,6,0.013,3,0.008,2,0.006
Region 71,Region 66,15,0.053,10,0.059,10,0.082,7,0.087,2,0.037,2,0.045,2,0.042,5,0.062,16,0.097,24,0.063,37,0.075,48,0.104,36,0.093,39,0.103,29,0.074,35,0.085,38,0.092,59,0.123,59,0.112,33,0.068,61,0.121,49,0.106,50,0.132,39,0.123
Region 71,Region 67,1,0.004,1,0.006,0,0,1,0.012,0,0,1,0.023,1,0.021,1,0.012,4,0.024,6,0.016,12,0.024,9,0.02,8,0.021,0,0,3,0.008,2,0.005,4,0.01,2,0.004,1,0.002,2,0.004,1,0.002,3,0.007,1,0.003,1,0.003
Region 71,Region 68,0,0,0,0,1,0.008,0,0,0,0,0,0,0,0,2,0.025,4,0.024,10,0.026,15,0.03,15,0.033,3,0.008,10,0.026,9,0.023,6,0.015,2,0.005,14,0.029,8,0.015,7,0.014,4,0.008,5,0.011,2,0.005,1,0.003
Region 71,Region 69,1,0.004,1,0.006,1,0.008,0,0,0,0,0,0,1,0.021,2,0.025,0,0,4,0.011,5,0.01,9,0.02,8,0.021,6,0.016,5,0.013,5,0.012,7,0.017,4,0.008,5,0.01,5,0.01,12,0.024,9,0.02,5,0.013,3,0.009
Region 71,Region 70,0,0,0,0,0,0,0,0,0,0,0,0,1,0.021,1,0.012,6,0.036,5,0.013,4,0.008,5,0.011,1,0.003,1,0.003,2,0.005,3,0.007,0,0,0,0,1,0.002,0,0,1,0.002,10,0.022,3,0.008,1,0.003
Region 71,Region 71,58,0.205,20,0.117,13,0.107,5,0.062,8,0.148,5,0.113,1,0.021,8,0.098,28,0.169,184,0.486,171,0.346,102,0.222,65,0.167,56,0.148,80,0.205,89,0.217,173,0.418,137,0.285,150,0.286,112,0.232,118,0.234,135,0.293,81,0.213,66,0.208
Region 71,Region 72,0,0,0,0,0,0,0,0,0,0,0,0,0,0,0,0,0,0,0,0,0,0,0,0,0,0,0,0,0,0,0,0,0,0,0,0,0,0,0,0,0,0,0,0,0,0,0,0
Region 71,Region 73,0,0,0,0,0,0,0,0,0,0,0,0,0,0,0,0,0,0,2,0.005,0,0,0,0,0,0,0,0,0,0,0,0,0,0,2,0.004,0,0,0,0,0,0,0,0,0,0,0,0
Region 71,Region 74,2,0.007,1,0.006,0,0,0,0,0,0,0,0,0,0,0,0,1,0.006,3,0.008,0,0,0,0,3,0.008,0,0,0,0,0,0,0,0,0,0,2,0.004,0,0,1,0.002,1,0.002,4,0.011,3,0.009
Region 71,Region 75,4,0.014,3,0.018,0,0,1,0.012,0,0,0,0,0,0,0,0,0,0,6,0.016,7,0.014,7,0.015,8,0.021,7,0.018,6,0.015,3,0.007,14,0.034,11,0.023,10,0.019,10,0.021,14,0.028,7,0.015,12,0.032,6,0.019
Region 72,Region 0,0,0,0,0,0,0,0,0,0,0,0,0,0,0,0,0,0,0,0,0,0,0,0,0,0,0,0,0,0,0,0,0,0,0,0,0,0,0,0,0,0,0,0,0,0,0,0,0
Region 72,Region 1,0,0,0,0,0,0,0,0,0,0,0,0,0,0,0,0,0,0,0,0,0,0,0,0,0,0,0,0,0,0,0,0,0,0,0,0,0,0,0,0,0,0,0,0,0,0,0,0
Region 72,Region 2,0,0,0,0,0,0,0,0,0,0,0,0,0,0,0,0,0,0,0,0,0,0,0,0,0,0,0,0,0,0,0,0,0,0,0,0,0,0,0,0,0,0,0,0,0,0,0,0
Region 72,Region 3,0,0,0,0,0,0,0,0,0,0,0,0,0,0,0,0,0,0,0,0,0,0,0,0,0,0,0,0,0,0,0,0,0,0,0,0,0,0,0,0,0,0,0,0,0,0,0,0
Region 72,Region 4,0,0,0,0,0,0,0,0,0,0,0,0,0,0,0,0,0,0,0,0,0,0,0,0,0,0,0,0,0,0,0,0,0,0,0,0,0,0,0,0,0,0,0,0,0,0,0,0
Region 72,Region 5,0,0,0,0,0,0,0,0,0,0,0,0,0,0,0,0,0,0,0,0,0,0,0,0,0,0,0,0,0,0,0,0,0,0,0,0,0,0,0,0,0,0,0,0,0,0,0,0
Region 72,Region 6,0,0,0,0,0,0,0,0,0,0,0,0,0,0,0,0,0,0,0,0,0,0,0,0,0,0,0,0,0,0,0,0,0,0,0,0,0,0,0,0,0,0,0,0,0,0,0,0
Region 72,Region 7,0,0,0,0,0,0,0,0,0,0,0,0,0,0,0,0,0,0,0,0,0,0,0,0,0,0,0,0,0,0,0,0,0,0,0,0,0,0,0,0,0,0,0,0,0,0,0,0
Region 72,Region 8,0,0,0,0,0,0,0,0,0,0,0,0,0,0,0,0,0,0,0,0,0,0,0,0,0,0,0,0,0,0,0,0,0,0,0,0,0,0,0,0,0,0,0,0,0,0,0,0
Region 72,Region 9,0,0,0,0,0,0,0,0,0,0,0,0,0,0,0,0,0,0,0,0,0,0,0,0,0,0,0,0,0,0,0,0,0,0,0,0,0,0,0,0,0,0,0,0,0,0,0,0
Region 72,Region 10,0,0,0,0,0,0,0,0,0,0,0,0,0,0,0,0,0,0,0,0,0,0,0,0,0,0,0,0,0,0,0,0,0,0,0,0,0,0,0,0,0,0,0,0,0,0,0,0
Region 72,Region 11,0,0,0,0,0,0,0,0,0,0,0,0,0,0,0,0,0,0,0,0,0,0,0,0,0,0,0,0,0,0,0,0,0,0,0,0,0,0,0,0,0,0,0,0,0,0,0,0
Region 72,Region 12,0,0,0,0,0,0,0,0,0,0,0,0,0,0,0,0,0,0,0,0,0,0,0,0,0,0,0,0,0,0,0,0,0,0,0,0,0,0,0,0,0,0,0,0,0,0,0,0
Region 72,Region 13,0,0,0,0,0,0,0,0,0,0,0,0,0,0,0,0,0,0,0,0,0,0,0,0,0,0,0,0,0,0,0,0,0,0,0,0,0,0,0,0,0,0,0,0,0,0,0,0
Region 72,Region 14,0,0,0,0,0,0,0,0,0,0,0,0,0,0,0,0,0,0,0,0,0,0,0,0,0,0,0,0,0,0,0,0,0,0,0,0,0,0,0,0,0,0,0,0,0,0,0,0
Region 72,Region 15,0,0,0,0,0,0,0,0,0,0,0,0,0,0,0,0,0,0,0,0,0,0,0,0,0,0,0,0,0,0,0,0,0,0,0,0,0,0,0,0,0,0,0,0,0,0,0,0
Region 72,Region 16,0,0,0,0,0,0,0,0,0,0,0,0,0,0,0,0,0,0,0,0,0,0,0,0,0,0,0,0,0,0,0,0,0,0,0,0,0,0,0,0,0,0,0,0,0,0,0,0
Region 72,Region 17,0,0,0,0,0,0,0,0,0,0,0,0,0,0,0,0,0,0,0,0,0,0,0,0,0,0,0,0,0,0,0,0,0,0,0,0,0,0,0,0,0,0,0,0,0,0,0,0
Region 72,Region 18,0,0,0,0,0,0,0,0,0,0,0,0,0,0,0,0,0,0,0,0,0,0,0,0,0,0,0,0,0,0,0,0,0,0,0,0,0,0,0,0,0,0,0,0,0,0,0,0
Region 72,Region 19,0,0,0,0,0,0,0,0,0,0,0,0,0,0,0,0,0,0,0,0,0,0,0,0,0,0,0,0,0,0,0,0,0,0,0,0,0,0,0,0,0,0,0,0,0,0,0,0
Region 72,Region 20,0,0,0,0,0,0,0,0,0,0,0,0,0,0,0,0,0,0,0,0,0,0,0,0,0,0,0,0,0,0,0,0,0,0,0,0,0,0,0,0,0,0,0,0,0,0,0,0
Region 72,Region 21,0,0,0,0,0,0,0,0,0,0,0,0,0,0,0,0,0,0,0,0,0,0,0,0,0,0,0,0,0,0,0,0,0,0,0,0,0,0,0,0,0,0,0,0,0,0,0,0
Region 72,Region 22,0,0,0,0,0,0,0,0,0,0,0,0,0,0,0,0,0,0,0,0,0,0,0,0,0,0,0,0,0,0,0,0,0,0,0,0,0,0,0,0,0,0,0,0,0,0,0,0
Region 72,Region 23,0,0,0,0,0,0,0,0,0,0,0,0,0,0,0,0,0,0,0,0,0,0,0,0,0,0,0,0,0,0,0,0,0,0,0,0,0,0,0,0,0,0,0,0,0,0,0,0
Region 72,Region 24,0,0,0,0,0,0,0,0,0,0,0,0,0,0,0,0,0,0,0,0,0,0,0,0,0,0,0,0,0,0,0,0,0,0,0,0,0,0,0,0,0,0,0,0,0,0,0,0
Region 72,Region 25,0,0,0,0,0,0,0,0,0,0,0,0,0,0,0,0,0,0,0,0,0,0,0,0,0,0,0,0,0,0,0,0,0,0,0,0,0,0,0,0,0,0,0,0,0,0,0,0
Region 72,Region 26,0,0,0,0,0,0,0,0,0,0,0,0,0,0,0,0,0,0,0,0,0,0,0,0,0,0,0,0,0,0,0,0,0,0,0,0,0,0,0,0,0,0,0,0,0,0,0,0
Region 72,Region 27,0,0,0,0,0,0,0,0,0,0,0,0,0,0,0,0,0,0,0,0,0,0,0,0,0,0,0,0,0,0,0,0,0,0,0,0,0,0,0,0,0,0,0,0,0,0,0,0
Region 72,Region 28,0,0,0,0,0,0,0,0,0,0,0,0,0,0,0,0,0,0,0,0,0,0,0,0,0,0,0,0,0,0,0,0,0,0,0,0,0,0,0,0,0,0,0,0,0,0,0,0
Region 72,Region 29,0,0,0,0,0,0,0,0,0,0,0,0,0,0,0,0,0,0,0,0,0,0,0,0,0,0,0,0,0,0,0,0,0,0,0,0,0,0,0,0,0,0,0,0,0,0,0,0
Region 72,Region 30,0,0,0,0,0,0,0,0,0,0,0,0,0,0,0,0,0,0,0,0,0,0,0,0,0,0,0,0,0,0,0,0,0,0,0,0,0,0,0,0,0,0,0,0,0,0,0,0
Region 72,Region 31,0,0,0,0,0,0,0,0,0,0,0,0,0,0,0,0,0,0,0,0,0,0,0,0,0,0,0,0,0,0,0,0,0,0,0,0,0,0,0,0,0,0,0,0,0,0,0,0
Region 72,Region 32,0,0,0,0,0,0,0,0,0,0,0,0,0,0,0,0,0,0,0,0,0,0,0,0,0,0,0,0,0,0,0,0,0,0,0,0,0,0,0,0,0,0,0,0,0,0,0,0
Region 72,Region 33,0,0,0,0,0,0,0,0,0,0,0,0,0,0,0,0,0,0,0,0,0,0,0,0,0,0,0,0,0,0,0,0,0,0,0,0,0,0,0,0,0,0,0,0,0,0,0,0
Region 72,Region 34,0,0,0,0,0,0,0,0,0,0,0,0,0,0,0,0,0,0,0,0,0,0,0,0,0,0,0,0,0,0,0,0,0,0,0,0,0,0,0,0,0,0,0,0,0,0,0,0
Region 72,Region 35,0,0,0,0,0,0,0,0,0,0,0,0,0,0,0,0,0,0,0,0,0,0,0,0,0,0,0,0,0,0,0,0,0,0,0,0,0,0,0,0,0,0,0,0,0,0,0,0
Region 72,Region 36,0,0,0,0,0,0,0,0,0,0,0,0,0,0,0,0,0,0,0,0,0,0,0,0,0,0,0,0,0,0,0,0,0,0,0,0,0,0,0,0,0,0,0,0,0,0,0,0
Region 72,Region 37,0,0,0,0,0,0,0,0,0,0,0,0,0,0,0,0,0,0,0,0,0,0,0,0,0,0,0,0,0,0,0,0,0,0,0,0,0,0,0,0,0,0,0,0,0,0,0,0
Region 72,Region 38,0,0,0,0,0,0,0,0,0,0,0,0,0,0,0,0,0,0,0,0,0,0,0,0,0,0,0,0,0,0,0,0,0,0,0,0,0,0,0,0,0,0,0,0,0,0,0,0
Region 72,Region 39,0,0,0,0,0,0,0,0,0,0,0,0,0,0,0,0,0,0,0,0,0,0,0,0,0,0,0,0,0,0,0,0,0,0,0,0,0,0,0,0,0,0,0,0,0,0,0,0
Region 72,Region 40,0,0,0,0,0,0,0,0,0,0,0,0,0,0,0,0,0,0,0,0,0,0,0,0,0,0,0,0,0,0,0,0,0,0,0,0,0,0,0,0,0,0,0,0,0,0,0,0
Region 72,Region 41,0,0,0,0,0,0,0,0,0,0,0,0,0,0,0,0,0,0,0,0,0,0,0,0,0,0,0,0,0,0,0,0,0,0,0,0,0,0,0,0,0,0,0,0,0,0,0,0
Region 72,Region 42,0,0,0,0,0,0,0,0,0,0,0,0,0,0,0,0,0,0,0,0,0,0,0,0,0,0,0,0,0,0,0,0,0,0,0,0,0,0,0,0,0,0,0,0,0,0,0,0
Region 72,Region 43,0,0,0,0,0,0,0,0,0,0,0,0,0,0,0,0,0,0,0,0,0,0,0,0,0,0,0,0,0,0,0,0,0,0,0,0,0,0,0,0,0,0,0,0,0,0,0,0
Region 72,Region 44,0,0,0,0,0,0,0,0,0,0,0,0,0,0,0,0,0,0,0,0,0,0,0,0,0,0,0,0,0,0,0,0,0,0,0,0,0,0,0,0,0,0,0,0,0,0,0,0
Region 72,Region 45,0,0,0,0,0,0,0,0,0,0,0,0,0,0,0,0,0,0,0,0,0,0,0,0,0,0,0,0,0,0,0,0,0,0,0,0,0,0,0,0,0,0,0,0,0,0,0,0
Region 72,Region 46,0,0,0,0,0,0,0,0,0,0,0,0,0,0,0,0,0,0,0,0,0,0,0,0,0,0,0,0,0,0,0,0,0,0,0,0,0,0,0,0,0,0,0,0,0,0,0,0
Region 72,Region 47,0,0,0,0,0,0,0,0,0,0,0,0,0,0,0,0,0,0,0,0,0,0,0,0,0,0,0,0,0,0,0,0,0,0,0,0,0,0,0,0,0,0,0,0,0,0,0,0
Region 72,Region 48,0,0,0,0,0,0,0,0,0,0,0,0,0,0,0,0,0,0,0,0,0,0,0,0,0,0,0,0,0,0,0,0,0,0,0,0,0,0,0,0,0,0,0,0,0,0,0,0
Region 72,Region 49,0,0,0,0,0,0,0,0,0,0,0,0,0,0,0,0,0,0,0,0,0,0,0,0,0,0,0,0,0,0,0,0,0,0,0,0,0,0,0,0,0,0,0,0,0,0,0,0
Region 72,Region 50,0,0,0,0,0,0,0,0,0,0,0,0,0,0,0,0,0,0,0,0,0,0,0,0,0,0,0,0,0,0,0,0,0,0,0,0,0,0,0,0,0,0,0,0,0,0,0,0
Region 72,Region 51,0,0,0,0,0,0,0,0,0,0,0,0,0,0,0,0,0,0,0,0,0,0,0,0,0,0,0,0,0,0,0,0,0,0,0,0,0,0,0,0,0,0,0,0,0,0,0,0
Region 72,Region 52,0,0,0,0,0,0,0,0,0,0,0,0,0,0,0,0,0,0,0,0,0,0,0,0,0,0,0,0,0,0,0,0,0,0,0,0,0,0,0,0,0,0,0,0,0,0,0,0
Region 72,Region 53,0,0,0,0,0,0,0,0,0,0,0,0,0,0,0,0,0,0,0,0,0,0,0,0,0,0,0,0,0,0,0,0,0,0,0,0,0,0,0,0,0,0,0,0,0,0,0,0
Region 72,Region 54,0,0,0,0,0,0,0,0,0,0,0,0,0,0,0,0,0,0,0,0,0,0,0,0,0,0,0,0,0,0,0,0,0,0,0,0,0,0,0,0,0,0,0,0,0,0,0,0
Region 72,Region 55,0,0,0,0,0,0,0,0,0,0,0,0,0,0,0,0,0,0,0,0,0,0,0,0,0,0,0,0,0,0,0,0,0,0,0,0,0,0,0,0,0,0,0,0,0,0,0,0
Region 72,Region 56,0,0,0,0,0,0,0,0,0,0,0,0,0,0,0,0,0,0,0,0,0,0,0,0,0,0,0,0,0,0,0,0,0,0,0,0,0,0,0,0,0,0,0,0,0,0,0,0
Region 72,Region 57,0,0,0,0,0,0,0,0,0,0,0,0,0,0,0,0,0,0,0,0,0,0,0,0,0,0,0,0,0,0,0,0,0,0,0,0,0,0,0,0,0,0,0,0,0,0,0,0
Region 72,Region 58,0,0,0,0,0,0,0,0,0,0,0,0,0,0,0,0,0,0,0,0,0,0,0,0,0,0,0,0,0,0,0,0,0,0,0,0,0,0,0,0,0,0,0,0,0,0,0,0
Region 72,Region 59,0,0,0,0,0,0,0,0,0,0,0,0,0,0,0,0,0,0,0,0,0,0,0,0,0,0,0,0,0,0,0,0,0,0,0,0,0,0,0,0,0,0,0,0,0,0,0,0
Region 72,Region 60,0,0,0,0,0,0,0,0,0,0,0,0,0,0,0,0,0,0,0,0,0,0,0,0,0,0,0,0,0,0,0,0,0,0,0,0,0,0,0,0,0,0,0,0,0,0,0,0
Region 72,Region 61,0,0,0,0,0,0,0,0,0,0,0,0,0,0,0,0,0,0,0,0,0,0,0,0,0,0,0,0,0,0,0,0,0,0,0,0,0,0,0,0,0,0,0,0,0,0,0,0
Region 72,Region 62,0,0,0,0,0,0,0,0,0,0,0,0,0,0,0,0,0,0,0,0,0,0,0,0,0,0,0,0,0,0,0,0,0,0,0,0,0,0,0,0,0,0,0,0,0,0,0,0
Region 72,Region 63,0,0,0,0,0,0,0,0,0,0,0,0,0,0,0,0,0,0,0,0,0,0,0,0,0,0,0,0,0,0,0,0,0,0,0,0,0,0,0,0,0,0,0,0,0,0,0,0
Region 72,Region 64,0,0,0,0,0,0,0,0,0,0,0,0,0,0,0,0,0,0,0,0,0,0,0,0,0,0,0,0,0,0,0,0,0,0,0,0,0,0,0,0,0,0,0,0,0,0,0,0
Region 72,Region 65,0,0,0,0,0,0,0,0,0,0,0,0,0,0,0,0,0,0,0,0,0,0,0,0,0,0,0,0,0,0,0,0,0,0,0,0,0,0,0,0,0,0,0,0,0,0,0,0
Region 72,Region 66,0,0,0,0,0,0,0,0,0,0,0,0,0,0,0,0,0,0,0,0,0,0,0,0,0,0,0,0,0,0,0,0,0,0,0,0,0,0,0,0,0,0,0,0,0,0,0,0
Region 72,Region 67,0,0,0,0,0,0,0,0,0,0,0,0,0,0,0,0,0,0,0,0,0,0,0,0,0,0,0,0,0,0,0,0,0,0,0,0,0,0,0,0,0,0,0,0,0,0,0,0
Region 72,Region 68,0,0,0,0,0,0,0,0,0,0,0,0,0,0,0,0,0,0,0,0,0,0,0,0,0,0,0,0,0,0,0,0,0,0,0,0,0,0,0,0,0,0,0,0,0,0,0,0
Region 72,Region 69,0,0,0,0,0,0,0,0,0,0,0,0,0,0,0,0,0,0,0,0,0,0,0,0,0,0,0,0,0,0,0,0,0,0,0,0,0,0,0,0,0,0,0,0,0,0,0,0
Region 72,Region 70,0,0,0,0,0,0,0,0,0,0,0,0,0,0,0,0,0,0,0,0,0,0,0,0,0,0,0,0,0,0,0,0,0,0,0,0,0,0,0,0,0,0,0,0,0,0,0,0
Region 72,Region 71,0,0,0,0,0,0,0,0,0,0,0,0,0,0,0,0,0,0,0,0,0,0,0,0,0,0,0,0,0,0,0,0,0,0,0,0,0,0,0,0,0,0,0,0,0,0,0,0
Region 72,Region 72,0,0,0,0,0,0,0,0,0,0,0,0,0,0,0,0,0,0,0,0,0,0,0,0,0,0,0,0,0,0,0,0,0,0,0,0,0,0,0,0,0,0,0,0,0,0,0,0
Region 72,Region 73,0,0,0,0,0,0,0,0,0,0,0,0,0,0,0,0,0,0,0,0,0,0,0,0,0,0,0,0,0,0,0,0,0,0,0,0,0,0,0,0,0,0,0,0,0,0,0,0
Region 72,Region 74,0,0,0,0,0,0,0,0,0,0,0,0,0,0,0,0,0,0,0,0,0,0,0,0,0,0,0,0,0,0,0,0,0,0,0,0,0,0,0,0,0,0,0,0,0,0,0,0
Region 72,Region 75,0,0,0,0,0,0,0,0,0,0,0,0,0,0,0,0,0,0,0,0,0,0,0,0,0,0,0,0,0,0,0,0,0,0,0,0,0,0,0,0,0,0,0,0,0,0,0,0
Region 73,Region 0,0,0,0,0,0,0,0,0,0,0,0,0,0,0,0,0,0,0,0,0,0,0,0,0,0,0,0,0,0,0,0,0,0,0,0,0,0,0,0,0,0,0,0,0,0,0,0,0
Region 73,Region 1,0,0,0,0,0,0,0,0,0,0,0,0,0,0,0,0,0,0,0,0,0,0,0,0,0,0,0,0,0,0,0,0,0,0,0,0,0,0,0,0,0,0,0,0,0,0,0,0
Region 73,Region 2,0,0,0,0,0,0,0,0,0,0,0,0,0,0,0,0,0,0,0,0,0,0,0,0,0,0,0,0,0,0,0,0,1,0.002,0,0,0,0,0,0,0,0,0,0,0,0,0,0
Region 73,Region 3,0,0,0,0,0,0,0,0,0,0,0,0,0,0,0,0,0,0,0,0,0,0,0,0,0,0,0,0,0,0,0,0,0,0,0,0,0,0,0,0,0,0,0,0,0,0,0,0
Region 73,Region 4,0,0,0,0,0,0,0,0,0,0,0,0,0,0,0,0,0,0,0,0,0,0,0,0,0,0,0,0,0,0,0,0,0,0,0,0,0,0,1,0.002,1,0.002,0,0,0,0,0,0
Region 73,Region 5,0,0,0,0,0,0,0,0,0,0,0,0,0,0,0,0,0,0,0,0,0,0,0,0,0,0,0,0,0,0,0,0,0,0,0,0,0,0,0,0,0,0,0,0,0,0,0,0
Region 73,Region 6,0,0,0,0,0,0,0,0,0,0,0,0,0,0,0,0,0,0,0,0,0,0,0,0,0,0,0,0,0,0,0,0,0,0,0,0,0,0,0,0,0,0,0,0,0,0,0,0
Region 73,Region 7,0,0,0,0,0,0,0,0,0,0,0,0,0,0,0,0,0,0,0,0,0,0,0,0,0,0,0,0,0,0,0,0,0,0,0,0,0,0,0,0,0,0,0,0,0,0,0,0
Region 73,Region 8,0,0,0,0,0,0,0,0,0,0,0,0,0,0,0,0,0,0,0,0,0,0,0,0,0,0,0,0,0,0,0,0,0,0,0,0,0,0,0,0,0,0,0,0,0,0,0,0
Region 73,Region 9,0,0,0,0,0,0,0,0,0,0,0,0,0,0,0,0,0,0,0,0,0,0,0,0,0,0,0,0,0,0,0,0,0,0,0,0,0,0,0,0,0,0,0,0,0,0,0,0
Region 73,Region 10,0,0,0,0,0,0,0,0,0,0,0,0,0,0,0,0,0,0,0,0,0,0,0,0,0,0,0,0,0,0,0,0,0,0,0,0,0,0,0,0,0,0,0,0,0,0,0,0
Region 73,Region 11,0,0,0,0,0,0,0,0,0,0,0,0,0,0,0,0,0,0,0,0,0,0,0,0,0,0,0,0,0,0,0,0,0,0,0,0,0,0,0,0,0,0,0,0,0,0,0,0
Region 73,Region 12,0,0,0,0,0,0,0,0,0,0,0,0,0,0,0,0,0,0,0,0,0,0,0,0,0,0,0,0,0,0,0,0,0,0,0,0,0,0,0,0,0,0,0,0,0,0,0,0
Region 73,Region 13,0,0,0,0,0,0,0,0,0,0,0,0,0,0,0,0,0,0,0,0,0,0,0,0,0,0,0,0,0,0,0,0,0,0,2,0.004,0,0,0,0,0,0,0,0,0,0,0,0
Region 73,Region 14,0,0,0,0,0,0,0,0,0,0,0,0,0,0,0,0,0,0,0,0,0,0,0,0,0,0,0,0,1,0.003,0,0,0,0,1,0.002,0,0,0,0,0,0,0,0,0,0,0,0
Region 73,Region 15,0,0,0,0,0,0,0,0,0,0,0,0,0,0,0,0,0,0,0,0,0,0,0,0,0,0,0,0,0,0,0,0,0,0,0,0,0,0,0,0,0,0,0,0,0,0,0,0
Region 73,Region 16,0,0,0,0,0,0,0,0,0,0,0,0,0,0,0,0,0,0,0,0,0,0,0,0,0,0,0,0,0,0,0,0,0,0,0,0,0,0,0,0,0,0,0,0,0,0,0,0
Region 73,Region 17,0,0,0,0,0,0,0,0,0,0,0,0,0,0,0,0,0,0,0,0,0,0,0,0,0,0,0,0,0,0,0,0,0,0,0,0,0,0,0,0,0,0,0,0,0,0,0,0
Region 73,Region 18,0,0,0,0,0,0,0,0,0,0,0,0,0,0,0,0,0,0,0,0,0,0,0,0,0,0,0,0,0,0,0,0,0,0,0,0,0,0,0,0,0,0,0,0,0,0,0,0
Region 73,Region 19,0,0,0,0,0,0,0,0,0,0,0,0,0,0,0,0,0,0,0,0,0,0,0,0,0,0,0,0,0,0,0,0,0,0,0,0,0,0,0,0,0,0,0,0,0,0,0,0
Region 73,Region 20,0,0,0,0,0,0,0,0,0,0,0,0,0,0,0,0,0,0,0,0,0,0,0,0,0,0,0,0,0,0,0,0,0,0,0,0,0,0,0,0,0,0,0,0,0,0,0,0
Region 73,Region 21,0,0,0,0,0,0,0,0,0,0,0,0,0,0,0,0,0,0,0,0,0,0,0,0,0,0,0,0,0,0,0,0,0,0,0,0,0,0,0,0,0,0,0,0,0,0,0,0
Region 73,Region 22,0,0,0,0,0,0,0,0,0,0,0,0,0,0,0,0,0,0,0,0,0,0,0,0,0,0,0,0,0,0,0,0,0,0,0,0,0,0,0,0,0,0,0,0,0,0,0,0
Region 73,Region 23,0,0,0,0,0,0,0,0,0,0,0,0,0,0,0,0,0,0,0,0,0,0,0,0,0,0,0,0,0,0,0,0,0,0,0,0,0,0,0,0,0,0,0,0,0,0,0,0
Region 73,Region 24,0,0,0,0,0,0,0,0,0,0,0,0,0,0,0,0,0,0,0,0,0,0,0,0,0,0,0,0,0,0,0,0,0,0,0,0,0,0,0,0,0,0,0,0,0,0,0,0
Region 73,Region 25,0,0,0,0,0,0,0,0,0,0,0,0,0,0,0,0,0,0,0,0,0,0,0,0,0,0,1,0.003,0,0,0,0,0,0,0,0,0,0,0,0,0,0,0,0,0,0,0,0
Region 73,Region 26,0,0,0,0,0,0,0,0,0,0,0,0,0,0,0,0,0,0,0,0,0,0,0,0,0,0,0,0,0,0,0,0,0,0,0,0,0,0,0,0,0,0,0,0,0,0,0,0
Region 73,Region 27,0,0,0,0,0,0,0,0,0,0,0,0,0,0,0,0,0,0,0,0,0,0,0,0,0,0,0,0,0,0,0,0,0,0,0,0,0,0,0,0,0,0,0,0,0,0,0,0
Region 73,Region 28,0,0,0,0,0,0,0,0,0,0,0,0,0,0,0,0,0,0,0,0,0,0,0,0,0,0,0,0,0,0,0,0,0,0,0,0,0,0,0,0,0,0,0,0,0,0,0,0
Region 73,Region 29,0,0,0,0,0,0,0,0,0,0,0,0,0,0,0,0,0,0,0,0,0,0,0,0,0,0,0,0,0,0,0,0,0,0,7,0.015,5,0.01,0,0,0,0,0,0,0,0,0,0
Region 73,Region 30,0,0,0,0,0,0,0,0,0,0,0,0,0,0,0,0,0,0,0,0,0,0,0,0,0,0,0,0,0,0,0,0,0,0,0,0,0,0,0,0,0,0,0,0,0,0,0,0
Region 73,Region 31,0,0,0,0,0,0,0,0,0,0,0,0,0,0,0,0,0,0,0,0,0,0,0,0,0,0,0,0,0,0,0,0,0,0,0,0,0,0,0,0,0,0,0,0,0,0,0,0
Region 73,Region 32,0,0,0,0,0,0,0,0,0,0,0,0,0,0,0,0,0,0,0,0,1,0.002,0,0,0,0,0,0,0,0,0,0,0,0,0,0,0,0,0,0,1,0.002,0,0,0,0,0,0
Region 73,Region 33,0,0,0,0,0,0,0,0,0,0,0,0,0,0,0,0,0,0,0,0,0,0,0,0,0,0,0,0,0,0,0,0,0,0,0,0,0,0,0,0,0,0,0,0,0,0,0,0
Region 73,Region 34,0,0,0,0,0,0,0,0,0,0,0,0,0,0,0,0,0,0,0,0,0,0,0,0,0,0,0,0,0,0,0,0,0,0,0,0,0,0,0,0,0,0,0,0,0,0,0,0
Region 73,Region 35,0,0,0,0,0,0,0,0,0,0,0,0,0,0,0,0,0,0,0,0,0,0,0,0,0,0,0,0,0,0,0,0,0,0,0,0,0,0,0,0,0,0,0,0,0,0,0,0
Region 73,Region 36,0,0,0,0,0,0,0,0,0,0,0,0,0,0,0,0,0,0,0,0,0,0,0,0,0,0,0,0,0,0,0,0,0,0,0,0,0,0,0,0,0,0,0,0,0,0,0,0
Region 73,Region 37,0,0,0,0,0,0,0,0,0,0,0,0,0,0,0,0,0,0,0,0,0,0,0,0,0,0,0,0,1,0.003,0,0,0,0,0,0,0,0,0,0,0,0,0,0,0,0,0,0
Region 73,Region 38,0,0,0,0,0,0,0,0,0,0,0,0,0,0,0,0,0,0,0,0,0,0,0,0,0,0,0,0,0,0,0,0,0,0,1,0.002,0,0,0,0,0,0,0,0,0,0,0,0
Region 73,Region 39,0,0,0,0,0,0,0,0,0,0,0,0,0,0,0,0,0,0,0,0,0,0,0,0,0,0,0,0,0,0,0,0,0,0,0,0,0,0,0,0,0,0,0,0,0,0,0,0
Region 73,Region 40,0,0,0,0,0,0,0,0,0,0,0,0,0,0,0,0,0,0,0,0,0,0,0,0,0,0,0,0,0,0,0,0,0,0,0,0,0,0,0,0,0,0,0,0,0,0,0,0
Region 73,Region 41,0,0,0,0,0,0,0,0,0,0,0,0,0,0,0,0,0,0,0,0,0,0,0,0,0,0,0,0,1,0.003,0,0,0,0,1,0.002,0,0,0,0,0,0,0,0,0,0,0,0
Region 73,Region 42,0,0,0,0,0,0,0,0,0,0,0,0,0,0,0,0,0,0,0,0,0,0,0,0,0,0,0,0,0,0,0,0,0,0,0,0,0,0,0,0,0,0,0,0,0,0,0,0
Region 73,Region 43,0,0,0,0,0,0,0,0,0,0,0,0,0,0,0,0,0,0,0,0,0,0,0,0,0,0,0,0,0,0,0,0,0,0,0,0,0,0,0,0,0,0,0,0,0,0,0,0
Region 73,Region 44,0,0,0,0,0,0,0,0,0,0,0,0,0,0,0,0,0,0,0,0,0,0,0,0,0,0,0,0,0,0,0,0,0,0,0,0,0,0,0,0,0,0,0,0,0,0,0,0
Region 73,Region 45,0,0,0,0,0,0,0,0,0,0,0,0,0,0,0,0,0,0,0,0,0,0,0,0,0,0,0,0,0,0,0,0,0,0,0,0,0,0,0,0,0,0,0,0,0,0,0,0
Region 73,Region 46,0,0,0,0,0,0,0,0,0,0,0,0,0,0,0,0,0,0,0,0,0,0,0,0,0,0,0,0,0,0,0,0,0,0,0,0,0,0,0,0,0,0,0,0,0,0,0,0
Region 73,Region 47,0,0,0,0,0,0,0,0,0,0,0,0,0,0,0,0,0,0,1,0.003,1,0.002,0,0,0,0,0,0,0,0,0,0,0,0,1,0.002,0,0,0,0,0,0,0,0,0,0,0,0
Region 73,Region 48,0,0,0,0,0,0,0,0,0,0,0,0,0,0,0,0,0,0,0,0,0,0,0,0,0,0,0,0,0,0,0,0,0,0,0,0,0,0,0,0,0,0,0,0,0,0,0,0
Region 73,Region 49,0,0,0,0,0,0,0,0,0,0,0,0,0,0,0,0,0,0,0,0,0,0,0,0,0,0,0,0,0,0,0,0,0,0,0,0,0,0,0,0,0,0,0,0,0,0,0,0
Region 73,Region 50,0,0,0,0,0,0,0,0,0,0,0,0,0,0,0,0,0,0,0,0,0,0,0,0,1,0.003,0,0,0,0,0,0,0,0,0,0,0,0,0,0,0,0,0,0,0,0,0,0
Region 73,Region 51,0,0,0,0,0,0,0,0,0,0,0,0,0,0,0,0,0,0,0,0,0,0,0,0,0,0,0,0,0,0,0,0,0,0,0,0,0,0,0,0,0,0,0,0,0,0,0,0
Region 73,Region 52,0,0,0,0,0,0,0,0,0,0,0,0,0,0,0,0,0,0,0,0,1,0.002,0,0,0,0,0,0,0,0,0,0,0,0,0,0,0,0,0,0,0,0,0,0,0,0,0,0
Region 73,Region 53,0,0,0,0,0,0,0,0,0,0,0,0,0,0,0,0,0,0,0,0,0,0,0,0,0,0,0,0,0,0,0,0,0,0,0,0,0,0,0,0,0,0,0,0,0,0,0,0
Region 73,Region 54,0,0,0,0,0,0,0,0,0,0,0,0,0,0,0,0,0,0,0,0,0,0,0,0,0,0,0,0,0,0,0,0,0,0,0,0,0,0,0,0,0,0,0,0,0,0,0,0
Region 73,Region 55,0,0,0,0,0,0,0,0,0,0,0,0,0,0,0,0,0,0,0,0,0,0,0,0,0,0,0,0,0,0,0,0,0,0,0,0,1,0.002,0,0,0,0,0,0,0,0,0,0
Region 73,Region 56,0,0,0,0,0,0,0,0,0,0,0,0,0,0,0,0,0,0,0,0,0,0,0,0,0,0,0,0,0,0,0,0,0,0,0,0,0,0,0,0,0,0,0,0,0,0,0,0
Region 73,Region 57,0,0,0,0,0,0,0,0,0,0,0,0,0,0,0,0,0,0,0,0,0,0,0,0,0,0,0,0,0,0,0,0,0,0,0,0,0,0,0,0,0,0,0,0,0,0,0,0
Region 73,Region 58,0,0,0,0,0,0,0,0,0,0,0,0,0,0,0,0,0,0,0,0,0,0,0,0,0,0,0,0,0,0,0,0,0,0,0,0,0,0,0,0,0,0,0,0,0,0,0,0
Region 73,Region 59,0,0,0,0,0,0,0,0,0,0,0,0,0,0,0,0,0,0,0,0,0,0,0,0,0,0,0,0,0,0,0,0,0,0,0,0,0,0,0,0,0,0,0,0,0,0,0,0
Region 73,Region 60,0,0,0,0,0,0,0,0,0,0,0,0,0,0,0,0,0,0,0,0,0,0,0,0,0,0,0,0,0,0,0,0,0,0,0,0,0,0,0,0,0,0,0,0,0,0,0,0
Region 73,Region 61,0,0,0,0,0,0,0,0,0,0,0,0,0,0,0,0,0,0,0,0,0,0,0,0,0,0,0,0,0,0,0,0,0,0,0,0,0,0,0,0,0,0,0,0,0,0,0,0
Region 73,Region 62,0,0,0,0,0,0,0,0,0,0,0,0,0,0,0,0,0,0,0,0,0,0,1,0.002,0,0,0,0,0,0,0,0,1,0.002,0,0,0,0,0,0,0,0,0,0,0,0,0,0
Region 73,Region 63,0,0,0,0,0,0,0,0,0,0,0,0,0,0,0,0,0,0,0,0,0,0,0,0,0,0,0,0,0,0,0,0,0,0,0,0,0,0,0,0,0,0,0,0,0,0,0,0
Region 73,Region 64,0,0,0,0,0,0,0,0,0,0,0,0,0,0,0,0,0,0,0,0,0,0,0,0,0,0,0,0,0,0,0,0,0,0,0,0,0,0,0,0,0,0,0,0,0,0,0,0
Region 73,Region 65,0,0,0,0,0,0,0,0,0,0,0,0,0,0,0,0,0,0,0,0,0,0,0,0,0,0,0,0,0,0,0,0,0,0,0,0,0,0,0,0,0,0,0,0,0,0,0,0
Region 73,Region 66,0,0,0,0,0,0,0,0,0,0,0,0,0,0,0,0,0,0,0,0,0,0,0,0,0,0,0,0,1,0.003,0,0,0,0,0,0,0,0,0,0,0,0,0,0,0,0,0,0
Region 73,Region 67,0,0,0,0,0,0,0,0,0,0,0,0,0,0,0,0,0,0,0,0,0,0,0,0,0,0,0,0,0,0,0,0,0,0,0,0,0,0,0,0,0,0,0,0,0,0,0,0
Region 73,Region 68,0,0,0,0,0,0,0,0,0,0,0,0,0,0,0,0,0,0,0,0,0,0,0,0,0,0,0,0,0,0,0,0,0,0,0,0,0,0,0,0,0,0,0,0,0,0,0,0
Region 73,Region 69,0,0,0,0,0,0,0,0,0,0,0,0,0,0,0,0,0,0,0,0,0,0,0,0,0,0,0,0,0,0,0,0,0,0,1,0.002,0,0,0,0,1,0.002,0,0,0,0,0,0
Region 73,Region 70,0,0,0,0,0,0,0,0,0,0,0,0,0,0,0,0,0,0,0,0,0,0,0,0,0,0,0,0,0,0,0,0,0,0,0,0,0,0,0,0,0,0,0,0,0,0,0,0
Region 73,Region 71,0,0,0,0,0,0,0,0,0,0,0,0,0,0,0,0,0,0,0,0,0,0,0,0,0,0,0,0,0,0,0,0,0,0,1,0.002,1,0.002,0,0,0,0,0,0,0,0,0,0
Region 73,Region 72,0,0,0,0,0,0,0,0,0,0,0,0,0,0,0,0,0,0,0,0,0,0,0,0,0,0,0,0,0,0,0,0,0,0,0,0,0,0,0,0,0,0,0,0,0,0,0,0
Region 73,Region 73,0,0,0,0,0,0,0,0,0,0,0,0,0,0,0,0,0,0,0,0,1,0.002,0,0,0,0,0,0,1,0.003,0,0,0,0,1,0.002,0,0,0,0,0,0,0,0,0,0,0,0
Region 73,Region 74,0,0,0,0,0,0,0,0,0,0,0,0,0,0,0,0,0,0,0,0,0,0,0,0,0,0,0,0,0,0,0,0,0,0,0,0,0,0,0,0,0,0,0,0,0,0,0,0
Region 73,Region 75,0,0,0,0,0,0,0,0,0,0,0,0,0,0,0,0,0,0,0,0,0,0,0,0,0,0,0,0,0,0,0,0,1,0.002,0,0,0,0,1,0.002,0,0,0,0,0,0,0,0
Region 74,Region 0,0,0,0,0,0,0,0,0,0,0,0,0,0,0,0,0,0,0,0,0,1,0.002,1,0.002,0,0,1,0.003,1,0.003,0,0,0,0,0,0,0,0,0,0,0,0,0,0,0,0,0,0
Region 74,Region 1,0,0,0,0,0,0,0,0,0,0,0,0,0,0,0,0,0,0,0,0,0,0,0,0,0,0,0,0,0,0,0,0,0,0,0,0,0,0,0,0,0,0,0,0,0,0,0,0
Region 74,Region 2,1,0.004,1,0.006,1,0.008,0,0,1,0.018,0,0,0,0,2,0.025,3,0.018,4,0.011,5,0.01,2,0.004,3,0.008,0,0,1,0.003,0,0,1,0.002,0,0,1,0.002,2,0.004,1,0.002,3,0.007,0,0,1,0.003
Region 74,Region 3,0,0,2,0.012,1,0.008,1,0.012,0,0,0,0,0,0,1,0.012,3,0.018,1,0.003,5,0.01,5,0.011,4,0.01,3,0.008,4,0.01,0,0,0,0,6,0.012,4,0.008,2,0.004,0,0,7,0.015,4,0.011,2,0.006
Region 74,Region 4,0,0,0,0,0,0,0,0,0,0,0,0,0,0,0,0,1,0.006,0,0,1,0.002,2,0.004,1,0.003,0,0,0,0,0,0,0,0,0,0,0,0,1,0.002,1,0.002,0,0,0,0,1,0.003
Region 74,Region 5,14,0.049,9,0.053,7,0.058,1,0.012,0,0,0,0,1,0.021,3,0.037,6,0.036,24,0.063,23,0.047,21,0.046,13,0.033,7,0.018,14,0.036,18,0.044,17,0.041,15,0.031,19,0.036,11,0.023,19,0.038,23,0.05,20,0.053,11,0.035
Region 74,Region 6,0,0,0,0,0,0,0,0,0,0,0,0,0,0,0,0,0,0,0,0,0,0,0,0,0,0,0,0,0,0,0,0,0,0,0,0,0,0,0,0,0,0,0,0,0,0,0,0
Region 74,Region 7,9,0.032,5,0.029,4,0.033,1,0.012,0,0,2,0.045,5,0.105,7,0.086,9,0.054,17,0.045,33,0.067,35,0.076,19,0.049,14,0.037,10,0.026,20,0.049,14,0.034,11,0.023,16,0.03,12,0.025,19,0.038,15,0.033,7,0.018,12,0.038
Region 74,Region 8,0,0,0,0,0,0,0,0,0,0,0,0,0,0,0,0,0,0,0,0,0,0,0,0,0,0,0,0,0,0,0,0,0,0,0,0,0,0,0,0,0,0,0,0,0,0,0,0
Region 74,Region 9,0,0,0,0,0,0,0,0,0,0,0,0,0,0,0,0,0,0,0,0,0,0,0,0,0,0,0,0,0,0,0,0,0,0,0,0,0,0,0,0,0,0,0,0,0,0,0,0
Region 74,Region 10,0,0,0,0,0,0,1,0.012,1,0.018,0,0,0,0,0,0,1,0.006,0,0,0,0,2,0.004,0,0,0,0,0,0,0,0,0,0,0,0,0,0,1,0.002,0,0,0,0,0,0,1,0.003
Region 74,Region 11,0,0,0,0,0,0,0,0,0,0,0,0,0,0,0,0,0,0,0,0,0,0,0,0,0,0,0,0,0,0,0,0,0,0,0,0,0,0,0,0,0,0,0,0,0,0,0,0
Region 74,Region 12,40,0.141,35,0.205,12,0.099,8,0.099,4,0.074,7,0.158,3,0.063,12,0.148,22,0.133,81,0.214,187,0.379,51,0.111,39,0.1,39,0.103,34,0.087,60,0.146,59,0.142,76,0.158,87,0.166,95,0.197,94,0.186,70,0.152,60,0.158,54,0.17
Region 74,Region 13,0,0,1,0.006,0,0,0,0,0,0,0,0,0,0,0,0,2,0.012,0,0,3,0.006,1,0.002,0,0,1,0.003,0,0,2,0.005,0,0,0,0,0,0,0,0,1,0.002,2,0.004,0,0,0,0
Region 74,Region 14,51,0.18,41,0.24,32,0.263,8,0.099,15,0.277,16,0.362,30,0.629,92,1.132,116,0.702,126,0.333,128,0.259,101,0.219,75,0.193,68,0.179,62,0.159,49,0.119,34,0.082,31,0.064,27,0.051,23,0.048,33,0.065,54,0.117,59,0.155,64,0.201
Region 74,Region 15,0,0,0,0,0,0,0,0,0,0,0,0,0,0,0,0,0,0,0,0,0,0,0,0,0,0,0,0,0,0,0,0,0,0,0,0,0,0,0,0,0,0,0,0,0,0,0,0
Region 74,Region 16,0,0,0,0,0,0,0,0,0,0,0,0,0,0,0,0,0,0,0,0,0,0,0,0,0,0,0,0,0,0,0,0,0,0,0,0,0,0,0,0,0,0,0,0,0,0,0,0
Region 74,Region 17,0,0,0,0,0,0,0,0,0,0,0,0,0,0,0,0,4,0.024,0,0,0,0,0,0,0,0,0,0,0,0,0,0,0,0,0,0,0,0,0,0,1,0.002,1,0.002,0,0,0,0
Region 74,Region 18,0,0,0,0,0,0,0,0,0,0,0,0,0,0,0,0,1,0.006,2,0.005,2,0.004,1,0.002,0,0,0,0,0,0,0,0,0,0,0,0,2,0.004,0,0,1,0.002,0,0,2,0.005,1,0.003
Region 74,Region 19,32,0.113,7,0.041,6,0.049,6,0.074,1,0.018,4,0.09,1,0.021,2,0.025,9,0.054,18,0.048,37,0.075,23,0.05,20,0.052,23,0.061,21,0.054,43,0.105,30,0.072,32,0.066,35,0.067,26,0.054,30,0.059,30,0.065,22,0.058,24,0.075
Region 74,Region 20,18,0.063,16,0.094,5,0.041,8,0.099,1,0.018,3,0.068,9,0.189,12,0.148,26,0.157,38,0.1,32,0.065,20,0.043,18,0.046,15,0.04,10,0.026,24,0.059,14,0.034,9,0.019,12,0.023,15,0.031,12,0.024,19,0.041,18,0.047,18,0.057
Region 74,Region 21,0,0,0,0,1,0.008,0,0,1,0.018,1,0.023,1,0.021,2,0.025,2,0.012,7,0.018,4,0.008,3,0.007,1,0.003,0,0,1,0.003,2,0.005,0,0,1,0.002,0,0,1,0.002,2,0.004,2,0.004,1,0.003,2,0.006
Region 74,Region 22,4,0.014,3,0.018,0,0,0,0,0,0,0,0,1,0.021,0,0,3,0.018,8,0.021,11,0.022,6,0.013,8,0.021,3,0.008,6,0.015,3,0.007,2,0.005,8,0.017,3,0.006,6,0.012,10,0.02,13,0.028,5,0.013,1,0.003
Region 74,Region 23,0,0,0,0,0,0,1,0.012,1,0.018,0,0,0,0,0,0,0,0,0,0,0,0,0,0,0,0,0,0,0,0,0,0,0,0,3,0.006,1,0.002,0,0,1,0.002,0,0,0,0,1,0.003
Region 74,Region 24,0,0,0,0,0,0,0,0,0,0,0,0,0,0,0,0,0,0,3,0.008,3,0.006,1,0.002,0,0,0,0,0,0,0,0,1,0.002,0,0,1,0.002,0,0,0,0,1,0.002,0,0,0,0
Region 74,Region 25,0,0,1,0.006,0,0,0,0,0,0,0,0,0,0,0,0,0,0,0,0,2,0.004,0,0,0,0,0,0,0,0,0,0,0,0,0,0,0,0,0,0,0,0,0,0,0,0,0,0
Region 74,Region 26,0,0,0,0,0,0,0,0,0,0,0,0,0,0,0,0,0,0,1,0.003,0,0,0,0,0,0,0,0,0,0,0,0,1,0.002,0,0,0,0,0,0,0,0,1,0.002,0,0,0,0
Region 74,Region 27,0,0,0,0,0,0,0,0,0,0,0,0,1,0.021,0,0,0,0,0,0,0,0,0,0,0,0,0,0,0,0,0,0,0,0,0,0,1,0.002,1,0.002,0,0,0,0,0,0,0,0
Region 74,Region 28,0,0,0,0,0,0,0,0,0,0,0,0,0,0,0,0,1,0.006,0,0,1,0.002,0,0,0,0,0,0,0,0,0,0,0,0,0,0,0,0,0,0,0,0,0,0,0,0,0,0
Region 74,Region 29,10,0.035,7,0.041,2,0.016,3,0.037,2,0.037,1,0.023,3,0.063,11,0.135,23,0.139,30,0.079,17,0.034,18,0.039,19,0.049,14,0.037,12,0.031,14,0.034,17,0.041,18,0.037,10,0.019,9,0.019,17,0.034,17,0.037,11,0.029,5,0.016
Region 74,Region 30,2,0.007,0,0,1,0.008,0,0,0,0,1,0.023,2,0.042,2,0.025,2,0.012,2,0.005,8,0.016,3,0.007,2,0.005,2,0.005,0,0,4,0.01,1,0.002,6,0.012,5,0.01,2,0.004,5,0.01,4,0.009,0,0,0,0
Region 74,Region 31,2,0.007,0,0,0,0,0,0,1,0.018,0,0,0,0,0,0,0,0,1,0.003,7,0.014,5,0.011,8,0.021,2,0.005,2,0.005,1,0.002,5,0.012,3,0.006,2,0.004,2,0.004,1,0.002,6,0.013,3,0.008,1,0.003
Region 74,Region 32,0,0,0,0,0,0,0,0,0,0,0,0,0,0,0,0,1,0.006,1,0.003,1,0.002,0,0,0,0,0,0,0,0,0,0,0,0,0,0,0,0,0,0,0,0,0,0,0,0,0,0
Region 74,Region 33,0,0,0,0,0,0,0,0,0,0,0,0,0,0,0,0,0,0,0,0,0,0,0,0,0,0,0,0,0,0,0,0,1,0.002,0,0,0,0,0,0,0,0,0,0,0,0,0,0
Region 74,Region 34,0,0,0,0,0,0,0,0,0,0,0,0,0,0,0,0,0,0,0,0,0,0,0,0,0,0,0,0,0,0,0,0,0,0,0,0,0,0,0,0,0,0,0,0,0,0,0,0
Region 74,Region 35,0,0,0,0,0,0,0,0,0,0,0,0,0,0,0,0,0,0,0,0,0,0,0,0,0,0,0,0,0,0,0,0,0,0,0,0,0,0,0,0,0,0,0,0,0,0,0,0
Region 74,Region 36,0,0,0,0,0,0,0,0,0,0,0,0,0,0,0,0,2,0.012,2,0.005,0,0,1,0.002,0,0,0,0,0,0,0,0,0,0,0,0,0,0,0,0,0,0,0,0,0,0,1,0.003
Region 74,Region 37,1,0.004,0,0,0,0,0,0,0,0,0,0,0,0,0,0,0,0,3,0.008,0,0,1,0.002,0,0,0,0,0,0,0,0,2,0.005,2,0.004,0,0,0,0,1,0.002,0,0,0,0,0,0
Region 74,Region 38,2,0.007,0,0,0,0,0,0,0,0,0,0,0,0,0,0,2,0.012,3,0.008,6,0.012,4,0.009,2,0.005,2,0.005,2,0.005,3,0.007,0,0,3,0.006,0,0,2,0.004,2,0.004,5,0.011,1,0.003,1,0.003
Region 74,Region 39,0,0,0,0,0,0,0,0,0,0,0,0,0,0,0,0,0,0,0,0,0,0,0,0,0,0,0,0,0,0,0,0,0,0,0,0,0,0,0,0,0,0,0,0,0,0,0,0
Region 74,Region 40,0,0,0,0,0,0,0,0,0,0,0,0,0,0,0,0,0,0,0,0,0,0,0,0,0,0,0,0,0,0,0,0,0,0,0,0,0,0,0,0,0,0,0,0,0,0,0,0
Region 74,Region 41,0,0,0,0,0,0,0,0,0,0,0,0,1,0.021,3,0.037,0,0,0,0,0,0,0,0,0,0,0,0,0,0,0,0,0,0,0,0,0,0,0,0,0,0,0,0,0,0,0,0
Region 74,Region 42,0,0,0,0,0,0,0,0,0,0,0,0,0,0,0,0,0,0,0,0,0,0,0,0,0,0,0,0,0,0,0,0,0,0,0,0,0,0,0,0,0,0,0,0,0,0,0,0
Region 74,Region 43,2,0.007,0,0,0,0,0,0,0,0,0,0,0,0,0,0,0,0,0,0,1,0.002,0,0,0,0,2,0.005,1,0.003,0,0,0,0,1,0.002,1,0.002,0,0,0,0,0,0,1,0.003,1,0.003
Region 74,Region 44,0,0,0,0,0,0,0,0,0,0,0,0,0,0,0,0,0,0,0,0,0,0,0,0,0,0,0,0,0,0,0,0,0,0,0,0,0,0,0,0,0,0,0,0,0,0,0,0
Region 74,Region 45,1,0.004,0,0,0,0,1,0.012,3,0.055,2,0.045,0,0,0,0,0,0,7,0.018,5,0.01,5,0.011,1,0.003,1,0.003,2,0.005,3,0.007,1,0.002,1,0.002,1,0.002,2,0.004,2,0.004,3,0.007,2,0.005,3,0.009
Region 74,Region 46,0,0,0,0,0,0,0,0,0,0,1,0.023,0,0,0,0,0,0,3,0.008,6,0.012,5,0.011,1,0.003,2,0.005,0,0,0,0,0,0,0,0,0,0,1,0.002,0,0,0,0,1,0.003,1,0.003
Region 74,Region 47,3,0.011,1,0.006,0,0,0,0,1,0.018,0,0,1,0.021,3,0.037,4,0.024,11,0.029,7,0.014,2,0.004,3,0.008,0,0,6,0.015,3,0.007,1,0.002,6,0.012,4,0.008,1,0.002,1,0.002,3,0.007,3,0.008,1,0.003
Region 74,Region 48,2,0.007,0,0,0,0,0,0,0,0,2,0.045,0,0,0,0,3,0.018,6,0.016,17,0.034,13,0.028,7,0.018,9,0.024,7,0.018,3,0.007,7,0.017,3,0.006,5,0.01,5,0.01,7,0.014,1,0.002,2,0.005,2,0.006
Region 74,Region 49,3,0.011,5,0.029,0,0,1,0.012,0,0,0,0,1,0.021,2,0.025,0,0,1,0.003,1,0.002,4,0.009,1,0.003,1,0.003,2,0.005,0,0,1,0.002,0,0,1,0.002,1,0.002,2,0.004,4,0.009,3,0.008,6,0.019
Region 74,Region 50,3,0.011,1,0.006,0,0,1,0.012,0,0,0,0,1,0.021,1,0.012,2,0.012,1,0.003,4,0.008,3,0.007,3,0.008,1,0.003,2,0.005,1,0.002,1,0.002,1,0.002,2,0.004,1,0.002,2,0.004,1,0.002,0,0,0,0
Region 74,Region 51,3,0.011,0,0,0,0,0,0,0,0,0,0,0,0,0,0,1,0.006,4,0.011,2,0.004,2,0.004,1,0.003,0,0,2,0.005,2,0.005,3,0.007,2,0.004,0,0,3,0.006,2,0.004,3,0.007,3,0.008,3,0.009
Region 74,Region 52,4,0.014,0,0,0,0,1,0.012,1,0.018,0,0,0,0,2,0.025,3,0.018,2,0.005,6,0.012,2,0.004,2,0.005,0,0,1,0.003,0,0,2,0.005,1,0.002,2,0.004,0,0,0,0,1,0.002,1,0.003,0,0
Region 74,Region 53,0,0,1,0.006,0,0,0,0,0,0,0,0,0,0,1,0.012,1,0.006,1,0.003,4,0.008,3,0.007,3,0.008,1,0.003,1,0.003,1,0.002,1,0.002,0,0,0,0,0,0,2,0.004,3,0.007,0,0,0,0
Region 74,Region 54,228,0.804,116,0.68,80,0.658,57,0.707,41,0.756,26,0.588,49,1.027,99,1.218,220,1.332,432,1.141,460,0.931,309,0.671,262,0.675,263,0.694,241,0.617,209,0.51,265,0.64,313,0.65,320,0.61,317,0.656,375,0.743,366,0.793,307,0.809,246,0.774
Region 74,Region 55,0,0,0,0,0,0,0,0,0,0,0,0,0,0,0,0,0,0,0,0,0,0,0,0,0,0,0,0,0,0,0,0,0,0,0,0,0,0,2,0.004,1,0.002,0,0,0,0,0,0
Region 74,Region 56,1,0.004,1,0.006,0,0,0,0,0,0,0,0,0,0,0,0,0,0,0,0,0,0,1,0.002,0,0,0,0,0,0,1,0.002,0,0,0,0,1,0.002,0,0,0,0,0,0,0,0,0,0
Region 74,Region 57,1,0.004,0,0,0,0,0,0,0,0,0,0,0,0,0,0,0,0,0,0,0,0,1,0.002,0,0,0,0,0,0,0,0,0,0,1,0.002,0,0,0,0,0,0,0,0,0,0,0,0
Region 74,Region 58,0,0,0,0,0,0,0,0,0,0,0,0,0,0,0,0,0,0,1,0.003,0,0,0,0,0,0,0,0,0,0,0,0,0,0,0,0,0,0,0,0,0,0,0,0,0,0,0,0
Region 74,Region 59,0,0,0,0,0,0,0,0,0,0,0,0,0,0,0,0,0,0,0,0,0,0,0,0,0,0,0,0,0,0,0,0,0,0,0,0,0,0,0,0,0,0,0,0,0,0,0,0
Region 74,Region 60,2,0.007,2,0.012,0,0,0,0,0,0,0,0,0,0,2,0.025,7,0.042,11,0.029,15,0.03,16,0.035,13,0.033,16,0.042,7,0.018,8,0.02,3,0.007,8,0.017,5,0.01,3,0.006,4,0.008,5,0.011,4,0.011,5,0.016
Region 74,Region 61,0,0,0,0,0,0,0,0,0,0,0,0,0,0,0,0,2,0.012,3,0.008,1,0.002,2,0.004,1,0.003,0,0,0,0,0,0,0,0,1,0.002,1,0.002,0,0,1,0.002,0,0,0,0,0,0
Region 74,Region 62,0,0,0,0,0,0,1,0.012,0,0,0,0,2,0.042,0,0,2,0.012,1,0.003,3,0.006,0,0,2,0.005,0,0,1,0.003,1,0.002,0,0,1,0.002,2,0.004,2,0.004,1,0.002,1,0.002,0,0,3,0.009
Region 74,Region 63,0,0,0,0,0,0,0,0,0,0,0,0,0,0,0,0,0,0,0,0,0,0,0,0,0,0,0,0,0,0,0,0,0,0,0,0,0,0,0,0,0,0,0,0,0,0,0,0
Region 74,Region 64,7,0.025,3,0.018,2,0.016,0,0,0,0,1,0.023,0,0,2,0.025,3,0.018,20,0.053,19,0.038,8,0.017,6,0.015,6,0.016,4,0.01,7,0.017,3,0.007,1,0.002,3,0.006,2,0.004,5,0.01,5,0.011,3,0.008,5,0.016
Region 74,Region 65,1,0.004,1,0.006,0,0,0,0,0,0,0,0,0,0,0,0,0,0,1,0.003,3,0.006,2,0.004,1,0.003,0,0,0,0,0,0,0,0,0,0,1,0.002,0,0,1,0.002,0,0,0,0,0,0
Region 74,Region 66,1,0.004,0,0,0,0,0,0,0,0,0,0,1,0.021,1,0.012,1,0.006,2,0.005,3,0.006,0,0,0,0,0,0,2,0.005,3,0.007,1,0.002,0,0,0,0,0,0,0,0,1,0.002,1,0.003,1,0.003
Region 74,Region 67,2,0.007,1,0.006,2,0.016,0,0,0,0,1,0.023,0,0,1,0.012,4,0.024,5,0.013,11,0.022,7,0.015,4,0.01,6,0.016,4,0.01,5,0.012,2,0.005,5,0.01,2,0.004,2,0.004,3,0.006,4,0.009,0,0,1,0.003
Region 74,Region 68,1,0.004,1,0.006,1,0.008,0,0,0,0,0,0,1,0.021,0,0,0,0,4,0.011,8,0.016,4,0.009,1,0.003,3,0.008,1,0.003,0,0,4,0.01,2,0.004,3,0.006,3,0.006,3,0.006,0,0,3,0.008,1,0.003
Region 74,Region 69,3,0.011,2,0.012,0,0,0,0,0,0,0,0,0,0,2,0.025,4,0.024,5,0.013,4,0.008,5,0.011,4,0.01,3,0.008,4,0.01,7,0.017,3,0.007,5,0.01,4,0.008,0,0,4,0.008,4,0.009,3,0.008,8,0.025
Region 74,Region 70,1,0.004,1,0.006,0,0,0,0,1,0.018,2,0.045,0,0,3,0.037,6,0.036,11,0.029,8,0.016,10,0.022,4,0.01,2,0.005,4,0.01,6,0.015,5,0.012,2,0.004,8,0.015,5,0.01,5,0.01,7,0.015,4,0.011,1,0.003
Region 74,Region 71,0,0,0,0,0,0,0,0,0,0,0,0,0,0,0,0,0,0,1,0.003,0,0,1,0.002,0,0,0,0,1,0.003,1,0.002,1,0.002,3,0.006,0,0,0,0,2,0.004,0,0,0,0,1,0.003
Region 74,Region 72,0,0,0,0,0,0,0,0,0,0,0,0,0,0,0,0,0,0,0,0,0,0,0,0,0,0,0,0,0,0,0,0,0,0,0,0,0,0,0,0,0,0,0,0,0,0,0,0
Region 74,Region 73,0,0,0,0,0,0,0,0,0,0,0,0,0,0,0,0,0,0,0,0,0,0,0,0,0,0,0,0,0,0,0,0,0,0,0,0,0,0,0,0,0,0,0,0,0,0,0,0
Region 74,Region 74,760,2.68,408,2.393,277,2.278,167,2.07,113,2.084,89,2.014,90,1.886,158,1.943,285,1.725,786,2.076,1021,2.067,940,2.042,798,2.056,840,2.215,851,2.18,971,2.368,1021,2.465,1162,2.413,1303,2.483,1180,2.443,1159,2.297,1160,2.514,1058,2.788,869,2.733
Region 74,Region 75,0,0,0,0,0,0,0,0,0,0,0,0,0,0,1,0.012,2,0.012,0,0,0,0,0,0,0,0,0,0,0,0,0,0,1,0.002,0,0,0,0,0,0,1,0.002,0,0,0,0,0,0
Region 75,Region 0,0,0,0,0,0,0,0,0,0,0,0,0,0,0,0,0,0,0,0,0,1,0.002,0,0,0,0,0,0,0,0,0,0,0,0,0,0,0,0,0,0,0,0,0,0,0,0,1,0.003
Region 75,Region 1,0,0,0,0,0,0,0,0,0,0,0,0,0,0,0,0,0,0,0,0,1,0.002,1,0.002,0,0,0,0,0,0,0,0,0,0,0,0,0,0,0,0,0,0,0,0,0,0,0,0
Region 75,Region 2,0,0,0,0,0,0,0,0,0,0,0,0,0,0,1,0.012,0,0,3,0.008,2,0.004,1,0.002,0,0,0,0,0,0,1,0.002,0,0,0,0,1,0.002,0,0,0,0,0,0,2,0.005,0,0
Region 75,Region 3,0,0,0,0,0,0,0,0,0,0,0,0,0,0,0,0,0,0,0,0,1,0.002,0,0,1,0.003,0,0,0,0,0,0,1,0.002,0,0,0,0,0,0,0,0,0,0,0,0,0,0
Region 75,Region 4,6,0.021,2,0.012,1,0.008,0,0,1,0.018,0,0,0,0,2,0.025,3,0.018,4,0.011,7,0.014,14,0.03,16,0.041,16,0.042,11,0.028,9,0.022,9,0.022,14,0.029,21,0.04,5,0.01,11,0.022,8,0.017,7,0.018,6,0.019
Region 75,Region 5,0,0,0,0,0,0,0,0,0,0,0,0,0,0,0,0,0,0,0,0,1,0.002,1,0.002,0,0,0,0,0,0,1,0.002,0,0,0,0,0,0,0,0,0,0,0,0,0,0,0,0
Region 75,Region 6,0,0,0,0,0,0,0,0,0,0,0,0,0,0,0,0,0,0,0,0,0,0,0,0,0,0,0,0,0,0,0,0,0,0,0,0,0,0,0,0,0,0,0,0,0,0,0,0
Region 75,Region 7,0,0,0,0,1,0.008,0,0,0,0,0,0,0,0,0,0,0,0,2,0.005,1,0.002,0,0,1,0.003,0,0,0,0,1,0.002,0,0,0,0,0,0,0,0,1,0.002,0,0,0,0,0,0
Region 75,Region 8,0,0,0,0,0,0,0,0,0,0,0,0,0,0,0,0,1,0.006,0,0,0,0,0,0,0,0,0,0,0,0,0,0,0,0,0,0,0,0,0,0,0,0,1,0.002,1,0.003,0,0
Region 75,Region 9,0,0,0,0,0,0,0,0,0,0,0,0,0,0,0,0,0,0,0,0,0,0,0,0,0,0,0,0,0,0,0,0,0,0,0,0,0,0,0,0,0,0,0,0,0,0,0,0
Region 75,Region 10,0,0,0,0,0,0,0,0,0,0,0,0,0,0,0,0,0,0,0,0,0,0,0,0,0,0,0,0,0,0,0,0,0,0,1,0.002,2,0.004,0,0,0,0,0,0,0,0,0,0
Region 75,Region 11,0,0,0,0,0,0,0,0,0,0,0,0,0,0,0,0,0,0,0,0,0,0,0,0,0,0,0,0,0,0,0,0,0,0,0,0,0,0,0,0,0,0,0,0,0,0,0,0
Region 75,Region 12,1,0.004,0,0,0,0,0,0,0,0,0,0,0,0,0,0,1,0.006,3,0.008,2,0.004,7,0.015,3,0.008,3,0.008,5,0.013,1,0.002,2,0.005,0,0,0,0,0,0,3,0.006,0,0,1,0.003,0,0
Region 75,Region 13,0,0,0,0,0,0,0,0,0,0,0,0,0,0,0,0,0,0,2,0.005,2,0.004,0,0,0,0,1,0.003,1,0.003,3,0.007,1,0.002,0,0,3,0.006,1,0.002,3,0.006,0,0,1,0.003,1,0.003
Region 75,Region 14,1,0.004,1,0.006,0,0,0,0,0,0,1,0.023,1,0.021,3,0.037,1,0.006,4,0.011,4,0.008,4,0.009,5,0.013,6,0.016,2,0.005,3,0.007,2,0.005,2,0.004,0,0,2,0.004,1,0.002,2,0.004,1,0.003,0,0
Region 75,Region 15,0,0,0,0,0,0,0,0,0,0,0,0,0,0,0,0,0,0,0,0,0,0,0,0,0,0,0,0,0,0,0,0,0,0,0,0,0,0,0,0,0,0,0,0,0,0,0,0
Region 75,Region 16,0,0,0,0,0,0,0,0,0,0,0,0,0,0,0,0,0,0,0,0,0,0,0,0,0,0,0,0,0,0,0,0,0,0,0,0,0,0,0,0,0,0,0,0,0,0,0,0
Region 75,Region 17,2,0.007,0,0,0,0,0,0,0,0,0,0,0,0,0,0,0,0,0,0,0,0,1,0.002,0,0,0,0,0,0,1,0.002,1,0.002,0,0,0,0,0,0,1,0.002,0,0,1,0.003,0,0
Region 75,Region 18,0,0,0,0,0,0,0,0,0,0,0,0,0,0,0,0,0,0,0,0,0,0,0,0,0,0,0,0,0,0,1,0.002,0,0,1,0.002,0,0,1,0.002,0,0,0,0,0,0,0,0
Region 75,Region 19,0,0,0,0,0,0,0,0,0,0,0,0,0,0,0,0,1,0.006,1,0.003,0,0,0,0,0,0,0,0,0,0,0,0,0,0,1,0.002,0,0,0,0,0,0,0,0,0,0,0,0
Region 75,Region 20,0,0,0,0,0,0,0,0,0,0,0,0,1,0.021,0,0,0,0,0,0,1,0.002,1,0.002,1,0.003,0,0,0,0,0,0,0,0,0,0,0,0,0,0,0,0,0,0,0,0,0,0
Region 75,Region 21,1,0.004,0,0,0,0,0,0,0,0,0,0,0,0,0,0,0,0,1,0.003,1,0.002,2,0.004,0,0,0,0,0,0,0,0,1,0.002,0,0,0,0,1,0.002,0,0,0,0,0,0,0,0
Region 75,Region 22,0,0,0,0,0,0,0,0,0,0,0,0,0,0,0,0,1,0.006,1,0.003,1,0.002,0,0,0,0,0,0,2,0.005,0,0,0,0,0,0,0,0,0,0,0,0,0,0,0,0,0,0
Region 75,Region 23,1,0.004,0,0,1,0.008,0,0,0,0,0,0,0,0,0,0,0,0,0,0,1,0.002,1,0.002,2,0.005,0,0,1,0.003,1,0.002,0,0,0,0,2,0.004,2,0.004,0,0,0,0,0,0,3,0.009
Region 75,Region 24,0,0,0,0,0,0,0,0,0,0,0,0,0,0,0,0,0,0,0,0,0,0,0,0,0,0,0,0,0,0,0,0,0,0,0,0,0,0,0,0,0,0,0,0,0,0,0,0
Region 75,Region 25,1,0.004,0,0,0,0,0,0,0,0,0,0,0,0,0,0,0,0,0,0,1,0.002,0,0,0,0,0,0,0,0,1,0.002,0,0,0,0,1,0.002,0,0,1,0.002,0,0,0,0,0,0
Region 75,Region 26,0,0,0,0,0,0,0,0,0,0,0,0,0,0,0,0,0,0,0,0,0,0,0,0,0,0,0,0,0,0,0,0,0,0,0,0,0,0,0,0,0,0,0,0,0,0,0,0
Region 75,Region 27,0,0,0,0,0,0,0,0,0,0,0,0,0,0,0,0,0,0,0,0,0,0,0,0,0,0,0,0,0,0,0,0,0,0,0,0,2,0.004,0,0,0,0,0,0,1,0.003,0,0
Region 75,Region 28,0,0,0,0,0,0,0,0,0,0,0,0,0,0,0,0,0,0,0,0,0,0,0,0,0,0,1,0.003,0,0,0,0,0,0,0,0,0,0,0,0,0,0,0,0,0,0,0,0
Region 75,Region 29,0,0,0,0,0,0,0,0,0,0,0,0,0,0,0,0,1,0.006,4,0.011,3,0.006,3,0.007,0,0,0,0,0,0,0,0,0,0,0,0,0,0,0,0,0,0,1,0.002,1,0.003,0,0
Region 75,Region 30,0,0,0,0,0,0,0,0,0,0,0,0,0,0,0,0,0,0,0,0,1,0.002,0,0,0,0,0,0,0,0,0,0,0,0,0,0,0,0,0,0,1,0.002,1,0.002,1,0.003,0,0
Region 75,Region 31,1,0.004,0,0,0,0,0,0,0,0,0,0,0,0,0,0,0,0,0,0,0,0,0,0,0,0,1,0.003,0,0,0,0,0,0,0,0,0,0,0,0,0,0,0,0,0,0,0,0
Region 75,Region 32,1,0.004,0,0,0,0,0,0,0,0,0,0,0,0,0,0,0,0,0,0,3,0.006,1,0.002,2,0.005,2,0.005,3,0.008,3,0.007,2,0.005,0,0,3,0.006,2,0.004,1,0.002,1,0.002,0,0,1,0.003
Region 75,Region 33,0,0,0,0,0,0,0,0,0,0,0,0,0,0,0,0,1,0.006,15,0.04,2,0.004,2,0.004,3,0.008,1,0.003,1,0.003,1,0.002,1,0.002,3,0.006,0,0,0,0,1,0.002,0,0,0,0,1,0.003
Region 75,Region 34,0,0,0,0,0,0,0,0,0,0,0,0,0,0,0,0,0,0,0,0,0,0,0,0,0,0,0,0,0,0,0,0,0,0,0,0,0,0,0,0,0,0,0,0,0,0,0,0
Region 75,Region 35,0,0,0,0,0,0,0,0,0,0,0,0,0,0,0,0,0,0,0,0,0,0,0,0,0,0,0,0,0,0,0,0,0,0,0,0,0,0,0,0,0,0,0,0,0,0,0,0
Region 75,Region 36,1,0.004,0,0,0,0,0,0,0,0,0,0,0,0,0,0,0,0,0,0,0,0,1,0.002,1,0.003,1,0.003,0,0,4,0.01,2,0.005,0,0,0,0,0,0,1,0.002,0,0,0,0,0,0
Region 75,Region 37,0,0,0,0,0,0,0,0,0,0,0,0,0,0,0,0,0,0,1,0.003,0,0,0,0,0,0,0,0,0,0,0,0,0,0,0,0,0,0,0,0,0,0,0,0,1,0.003,0,0
Region 75,Region 38,0,0,0,0,0,0,0,0,0,0,0,0,0,0,0,0,1,0.006,0,0,2,0.004,0,0,1,0.003,0,0,0,0,0,0,0,0,1,0.002,0,0,0,0,0,0,0,0,0,0,1,0.003
Region 75,Region 39,0,0,0,0,0,0,0,0,0,0,0,0,0,0,0,0,0,0,0,0,1,0.002,0,0,0,0,1,0.003,0,0,0,0,0,0,0,0,1,0.002,0,0,0,0,0,0,0,0,0,0
Region 75,Region 40,0,0,0,0,0,0,0,0,0,0,0,0,0,0,0,0,0,0,0,0,0,0,0,0,0,0,0,0,0,0,0,0,0,0,0,0,0,0,0,0,0,0,0,0,0,0,0,0
Region 75,Region 41,0,0,0,0,0,0,0,0,0,0,0,0,0,0,1,0.012,2,0.012,3,0.008,2,0.004,1,0.002,1,0.003,0,0,0,0,0,0,0,0,1,0.002,0,0,0,0,1,0.002,0,0,0,0,0,0
Region 75,Region 42,0,0,0,0,0,0,0,0,0,0,0,0,0,0,0,0,0,0,0,0,0,0,0,0,0,0,0,0,0,0,0,0,0,0,0,0,0,0,0,0,0,0,0,0,0,0,0,0
Region 75,Region 43,0,0,0,0,0,0,0,0,0,0,0,0,0,0,0,0,0,0,0,0,0,0,1,0.002,1,0.003,1,0.003,0,0,0,0,0,0,0,0,0,0,0,0,0,0,0,0,0,0,1,0.003
Region 75,Region 44,0,0,0,0,0,0,0,0,0,0,0,0,0,0,0,0,0,0,0,0,0,0,0,0,0,0,0,0,0,0,0,0,0,0,0,0,0,0,0,0,0,0,0,0,0,0,0,0
Region 75,Region 45,0,0,0,0,0,0,0,0,0,0,0,0,0,0,0,0,0,0,0,0,0,0,0,0,0,0,0,0,0,0,0,0,1,0.002,0,0,0,0,0,0,1,0.002,0,0,2,0.005,0,0
Region 75,Region 46,0,0,0,0,0,0,0,0,0,0,0,0,0,0,0,0,0,0,6,0.016,10,0.02,8,0.017,2,0.005,5,0.013,3,0.008,4,0.01,3,0.007,4,0.008,12,0.023,4,0.008,5,0.01,3,0.007,3,0.008,1,0.003
Region 75,Region 47,1,0.004,0,0,0,0,0,0,0,0,0,0,0,0,1,0.012,4,0.024,12,0.032,8,0.016,5,0.011,2,0.005,9,0.024,2,0.005,7,0.017,1,0.002,6,0.012,8,0.015,2,0.004,6,0.012,3,0.007,0,0,0,0
Region 75,Region 48,0,0,0,0,0,0,0,0,0,0,0,0,0,0,0,0,0,0,2,0.005,3,0.006,2,0.004,2,0.005,0,0,0,0,0,0,0,0,0,0,0,0,0,0,3,0.006,0,0,0,0,0,0
Region 75,Region 49,0,0,0,0,0,0,0,0,0,0,0,0,0,0,1,0.012,1,0.006,0,0,1,0.002,0,0,0,0,0,0,0,0,0,0,0,0,0,0,1,0.002,1,0.002,0,0,1,0.002,0,0,0,0
Region 75,Region 50,1,0.004,0,0,0,0,0,0,0,0,0,0,0,0,0,0,0,0,4,0.011,2,0.004,1,0.002,3,0.008,1,0.003,0,0,0,0,1,0.002,2,0.004,1,0.002,0,0,3,0.006,1,0.002,0,0,0,0
Region 75,Region 51,0,0,0,0,0,0,0,0,0,0,0,0,0,0,0,0,0,0,0,0,1,0.002,0,0,1,0.003,0,0,0,0,0,0,0,0,1,0.002,1,0.002,0,0,0,0,0,0,1,0.003,0,0
Region 75,Region 52,0,0,0,0,0,0,0,0,0,0,0,0,0,0,0,0,0,0,1,0.003,0,0,0,0,0,0,1,0.003,0,0,2,0.005,0,0,1,0.002,3,0.006,1,0.002,0,0,1,0.002,0,0,0,0
Region 75,Region 53,0,0,0,0,0,0,0,0,0,0,0,0,0,0,0,0,0,0,0,0,2,0.004,0,0,0,0,0,0,0,0,0,0,0,0,0,0,2,0.004,0,0,0,0,0,0,0,0,0,0
Region 75,Region 54,0,0,0,0,0,0,0,0,0,0,0,0,0,0,0,0,2,0.012,0,0,0,0,0,0,0,0,0,0,0,0,0,0,0,0,1,0.002,0,0,0,0,0,0,0,0,0,0,0,0
Region 75,Region 55,0,0,0,0,0,0,0,0,0,0,1,0.023,0,0,0,0,1,0.006,5,0.013,0,0,2,0.004,2,0.005,0,0,1,0.003,0,0,2,0.005,2,0.004,2,0.004,0,0,1,0.002,3,0.007,1,0.003,2,0.006
Region 75,Region 56,0,0,0,0,0,0,0,0,0,0,0,0,0,0,0,0,0,0,0,0,0,0,2,0.004,0,0,2,0.005,0,0,0,0,0,0,0,0,0,0,1,0.002,2,0.004,0,0,0,0,0,0
Region 75,Region 57,0,0,0,0,0,0,0,0,0,0,0,0,0,0,0,0,0,0,0,0,1,0.002,1,0.002,2,0.005,0,0,1,0.003,1,0.002,1,0.002,0,0,1,0.002,0,0,1,0.002,0,0,0,0,1,0.003
Region 75,Region 58,0,0,0,0,0,0,0,0,0,0,0,0,0,0,0,0,0,0,0,0,0,0,0,0,1,0.003,0,0,0,0,1,0.002,1,0.002,1,0.002,0,0,0,0,1,0.002,0,0,0,0,0,0
Region 75,Region 59,0,0,0,0,0,0,0,0,0,0,0,0,0,0,0,0,0,0,0,0,0,0,0,0,0,0,0,0,0,0,0,0,0,0,0,0,0,0,0,0,0,0,0,0,0,0,0,0
Region 75,Region 60,0,0,0,0,0,0,0,0,0,0,0,0,0,0,0,0,0,0,3,0.008,1,0.002,0,0,0,0,0,0,0,0,0,0,0,0,0,0,2,0.004,0,0,0,0,1,0.002,0,0,0,0
Region 75,Region 61,0,0,0,0,0,0,0,0,0,0,0,0,0,0,0,0,0,0,0,0,0,0,0,0,0,0,1,0.003,0,0,0,0,0,0,0,0,0,0,0,0,0,0,0,0,0,0,0,0
Region 75,Region 62,2,0.007,2,0.012,0,0,0,0,0,0,0,0,2,0.042,6,0.074,6,0.036,14,0.037,13,0.026,6,0.013,10,0.026,10,0.026,8,0.02,6,0.015,4,0.01,2,0.004,10,0.019,2,0.004,2,0.004,4,0.009,2,0.005,2,0.006
Region 75,Region 63,0,0,0,0,0,0,0,0,0,0,0,0,0,0,0,0,0,0,0,0,0,0,1,0.002,0,0,0,0,0,0,0,0,0,0,0,0,0,0,0,0,0,0,0,0,0,0,0,0
Region 75,Region 64,0,0,0,0,0,0,0,0,0,0,0,0,0,0,0,0,1,0.006,0,0,0,0,1,0.002,0,0,0,0,0,0,0,0,0,0,0,0,1,0.002,0,0,0,0,0,0,0,0,0,0
Region 75,Region 65,0,0,0,0,0,0,0,0,0,0,0,0,0,0,0,0,0,0,0,0,1,0.002,1,0.002,1,0.003,1,0.003,0,0,0,0,0,0,0,0,1,0.002,0,0,0,0,0,0,1,0.003,0,0
Region 75,Region 66,1,0.004,0,0,1,0.008,0,0,0,0,0,0,0,0,0,0,2,0.012,2,0.005,5,0.01,4,0.009,1,0.003,5,0.013,6,0.015,4,0.01,2,0.005,6,0.012,4,0.008,5,0.01,7,0.014,5,0.011,4,0.011,1,0.003
Region 75,Region 67,0,0,0,0,0,0,0,0,0,0,0,0,0,0,1,0.012,1,0.006,2,0.005,2,0.004,0,0,0,0,0,0,0,0,0,0,0,0,0,0,1,0.002,0,0,1,0.002,0,0,0,0,0,0
Region 75,Region 68,0,0,0,0,0,0,0,0,0,0,1,0.023,0,0,0,0,0,0,1,0.003,3,0.006,1,0.002,0,0,1,0.003,0,0,0,0,3,0.007,3,0.006,0,0,1,0.002,1,0.002,0,0,0,0,0,0
Region 75,Region 69,0,0,0,0,0,0,0,0,0,0,0,0,0,0,0,0,0,0,0,0,1,0.002,1,0.002,2,0.005,0,0,1,0.003,1,0.002,0,0,1,0.002,0,0,0,0,3,0.006,1,0.002,0,0,0,0
Region 75,Region 70,1,0.004,0,0,0,0,0,0,0,0,0,0,0,0,0,0,0,0,1,0.003,1,0.002,0,0,3,0.008,1,0.003,0,0,0,0,0,0,0,0,1,0.002,0,0,0,0,0,0,0,0,1,0.003
Region 75,Region 71,3,0.011,1,0.006,0,0,0,0,0,0,0,0,0,0,0,0,4,0.024,20,0.053,10,0.02,2,0.004,4,0.01,6,0.016,5,0.013,3,0.007,4,0.01,7,0.015,6,0.011,5,0.01,2,0.004,5,0.011,5,0.013,3,0.009
Region 75,Region 72,0,0,0,0,0,0,0,0,0,0,0,0,0,0,0,0,0,0,0,0,0,0,0,0,0,0,0,0,0,0,0,0,0,0,0,0,0,0,0,0,0,0,0,0,0,0,0,0
Region 75,Region 73,0,0,0,0,0,0,0,0,0,0,0,0,0,0,0,0,1,0.006,0,0,0,0,0,0,0,0,0,0,0,0,0,0,1,0.002,0,0,0,0,0,0,0,0,0,0,0,0,0,0
Region 75,Region 74,0,0,0,0,0,0,0,0,0,0,0,0,0,0,0,0,0,0,0,0,0,0,0,0,0,0,0,0,0,0,0,0,0,0,0,0,0,0,0,0,1,0.002,0,0,0,0,0,0
Region 75,Region 75,2,0.007,1,0.006,2,0.016,0,0,0,0,0,0,0,0,1,0.012,4,0.024,9,0.024,12,0.024,13,0.028,7,0.018,2,0.005,5,0.013,8,0.02,5,0.012,10,0.021,12,0.023,10,0.021,3,0.006,4,0.009,4,0.011,7,0.022