Origin,Destination,Date range: 2024-08-15 - 2024-08-15 Time range: 00:00 - 01:00 Trips,Date range: 2024-08-15 - 2024-08-15 Time range: 00:00 - 01:00 Percent,Date range: 2024-08-15 - 2024-08-15 Time range: 01:00 - 02:00 Trips,Date range: 2024-08-15 - 2024-08-15 Time range: 01:00 - 02:00 Percent,Date range: 2024-08-15 - 2024-08-15 Time range: 02:00 - 03:00 Trips,Date range: 2024-08-15 - 2024-08-15 Time range: 02:00 - 03:00 Percent,Date range: 2024-08-15 - 2024-08-15 Time range: 03:00 - 04:00 Trips,Date range: 2024-08-15 - 2024-08-15 Time range: 03:00 - 04:00 Percent,Date range: 2024-08-15 - 2024-08-15 Time range: 04:00 - 05:00 Trips,Date range: 2024-08-15 - 2024-08-15 Time range: 04:00 - 05:00 Percent,Date range: 2024-08-15 - 2024-08-15 Time range: 05:00 - 06:00 Trips,Date range: 2024-08-15 - 2024-08-15 Time range: 05:00 - 06:00 Percent,Date range: 2024-08-15 - 2024-08-15 Time range: 06:00 - 07:00 Trips,Date range: 2024-08-15 - 2024-08-15 Time range: 06:00 - 07:00 Percent,Date range: 2024-08-15 - 2024-08-15 Time range: 07:00 - 08:00 Trips,Date range: 2024-08-15 - 2024-08-15 Time range: 07:00 - 08:00 Percent,Date range: 2024-08-15 - 2024-08-15 Time range: 08:00 - 09:00 Trips,Date range: 2024-08-15 - 2024-08-15 Time range: 08:00 - 09:00 Percent,Date range: 2024-08-15 - 2024-08-15 Time range: 09:00 - 10:00 Trips,Date range: 2024-08-15 - 2024-08-15 Time range: 09:00 - 10:00 Percent,Date range: 2024-08-15 - 2024-08-15 Time range: 10:00 - 11:00 Trips,Date range: 2024-08-15 - 2024-08-15 Time range: 10:00 - 11:00 Percent,Date range: 2024-08-15 - 2024-08-15 Time range: 11:00 - 12:00 Trips,Date range: 2024-08-15 - 2024-08-15 Time range: 11:00 - 12:00 Percent,Date range: 2024-08-15 - 2024-08-15 Time range: 12:00 - 13:00 Trips,Date range: 2024-08-15 - 2024-08-15 Time range: 12:00 - 13:00 Percent,Date range: 2024-08-15 - 2024-08-15 Time range: 13:00 - 14:00 Trips,Date range: 2024-08-15 - 2024-08-15 Time range: 13:00 - 14:00 Percent,Date range: 2024-08-15 - 2024-08-15 Time range: 14:00 - 15:00 Trips,Date range: 2024-08-15 - 2024-08-15 Time range: 14:00 - 15:00 Percent,Date range: 2024-08-15 - 2024-08-15 Time range: 15:00 - 16:00 Trips,Date range: 2024-08-15 - 2024-08-15 Time range: 15:00 - 16:00 Percent,Date range: 2024-08-15 - 2024-08-15 Time range: 16:00 - 17:00 Trips,Date range: 2024-08-15 - 2024-08-15 Time range: 16:00 - 17:00 Percent,Date range: 2024-08-15 - 2024-08-15 Time range: 17:00 - 18:00 Trips,Date range: 2024-08-15 - 2024-08-15 Time range: 17:00 - 18:00 Percent,Date range: 2024-08-15 - 2024-08-15 Time range: 18:00 - 19:00 Trips,Date range: 2024-08-15 - 2024-08-15 Time range: 18:00 - 19:00 Percent,Date range: 2024-08-15 - 2024-08-15 Time range: 19:00 - 20:00 Trips,Date range: 2024-08-15 - 2024-08-15 Time range: 19:00 - 20:00 Percent,Date range: 2024-08-15 - 2024-08-15 Time range: 20:00 - 21:00 Trips,Date range: 2024-08-15 - 2024-08-15 Time range: 20:00 - 21:00 Percent,Date range: 2024-08-15 - 2024-08-15 Time range: 21:00 - 22:00 Trips,Date range: 2024-08-15 - 2024-08-15 Time range: 21:00 - 22:00 Percent,Date range: 2024-08-15 - 2024-08-15 Time range: 22:00 - 23:00 Trips,Date range: 2024-08-15 - 2024-08-15 Time range: 22:00 - 23:00 Percent,Date range: 2024-08-15 - 2024-08-15 Time range: 23:00 - 00:00 Trips,Date range: 2024-08-15 - 2024-08-15 Time range: 23:00 - 00:00 Percent,Date range: 2024-08-16 - 2024-08-16 Time range: 00:00 - 01:00 Trips,Date range: 2024-08-16 - 2024-08-16 Time range: 00:00 - 01:00 Percent,Date range: 2024-08-16 - 2024-08-16 Time range: 01:00 - 02:00 Trips,Date range: 2024-08-16 - 2024-08-16 Time range: 01:00 - 02:00 Percent,Date range: 2024-08-16 - 2024-08-16 Time range: 02:00 - 03:00 Trips,Date range: 2024-08-16 - 2024-08-16 Time range: 02:00 - 03:00 Percent,Date range: 2024-08-16 - 2024-08-16 Time range: 03:00 - 04:00 Trips,Date range: 2024-08-16 - 2024-08-16 Time range: 03:00 - 04:00 Percent,Date range: 2024-08-16 - 2024-08-16 Time range: 04:00 - 05:00 Trips,Date range: 2024-08-16 - 2024-08-16 Time range: 04:00 - 05:00 Percent,Date range: 2024-08-16 - 2024-08-16 Time range: 05:00 - 06:00 Trips,Date range: 2024-08-16 - 2024-08-16 Time range: 05:00 - 06:00 Percent,Date range: 2024-08-16 - 2024-08-16 Time range: 06:00 - 07:00 Trips,Date range: 2024-08-16 - 2024-08-16 Time range: 06:00 - 07:00 Percent,Date range: 2024-08-16 - 2024-08-16 Time range: 07:00 - 08:00 Trips,Date range: 2024-08-16 - 2024-08-16 Time range: 07:00 - 08:00 Percent,Date range: 2024-08-16 - 2024-08-16 Time range: 08:00 - 09:00 Trips,Date range: 2024-08-16 - 2024-08-16 Time range: 08:00 - 09:00 Percent,Date range: 2024-08-16 - 2024-08-16 Time range: 09:00 - 10:00 Trips,Date range: 2024-08-16 - 2024-08-16 Time range: 09:00 - 10:00 Percent,Date range: 2024-08-16 - 2024-08-16 Time range: 10:00 - 11:00 Trips,Date range: 2024-08-16 - 2024-08-16 Time range: 10:00 - 11:00 Percent,Date range: 2024-08-16 - 2024-08-16 Time range: 11:00 - 12:00 Trips,Date range: 2024-08-16 - 2024-08-16 Time range: 11:00 - 12:00 Percent,Date range: 2024-08-16 - 2024-08-16 Time range: 12:00 - 13:00 Trips,Date range: 2024-08-16 - 2024-08-16 Time range: 12:00 - 13:00 Percent,Date range: 2024-08-16 - 2024-08-16 Time range: 13:00 - 14:00 Trips,Date range: 2024-08-16 - 2024-08-16 Time range: 13:00 - 14:00 Percent,Date range: 2024-08-16 - 2024-08-16 Time range: 14:00 - 15:00 Trips,Date range: 2024-08-16 - 2024-08-16 Time range: 14:00 - 15:00 Percent,Date range: 2024-08-16 - 2024-08-16 Time range: 15:00 - 16:00 Trips,Date range: 2024-08-16 - 2024-08-16 Time range: 15:00 - 16:00 Percent,Date range: 2024-08-16 - 2024-08-16 Time range: 16:00 - 17:00 Trips,Date range: 2024-08-16 - 2024-08-16 Time range: 16:00 - 17:00 Percent,Date range: 2024-08-16 - 2024-08-16 Time range: 17:00 - 18:00 Trips,Date range: 2024-08-16 - 2024-08-16 Time range: 17:00 - 18:00 Percent,Date range: 2024-08-16 - 2024-08-16 Time range: 18:00 - 19:00 Trips,Date range: 2024-08-16 - 2024-08-16 Time range: 18:00 - 19:00 Percent,Date range: 2024-08-16 - 2024-08-16 Time range: 19:00 - 20:00 Trips,Date range: 2024-08-16 - 2024-08-16 Time range: 19:00 - 20:00 Percent,Date range: 2024-08-16 - 2024-08-16 Time range: 20:00 - 21:00 Trips,Date range: 2024-08-16 - 2024-08-16 Time range: 20:00 - 21:00 Percent,Date range: 2024-08-16 - 2024-08-16 Time range: 21:00 - 22:00 Trips,Date range: 2024-08-16 - 2024-08-16 Time range: 21:00 - 22:00 Percent,Date range: 2024-08-16 - 2024-08-16 Time range: 22:00 - 23:00 Trips,Date range: 2024-08-16 - 2024-08-16 Time range: 22:00 - 23:00 Percent,Date range: 2024-08-16 - 2024-08-16 Time range: 23:00 - 00:00 Trips,Date range: 2024-08-16 - 2024-08-16 Time range: 23:00 - 00:00 Percent,Date range: 2024-08-17 - 2024-08-17 Time range: 00:00 - 01:00 Trips,Date range: 2024-08-17 - 2024-08-17 Time range: 00:00 - 01:00 Percent,Date range: 2024-08-17 - 2024-08-17 Time range: 01:00 - 02:00 Trips,Date range: 2024-08-17 - 2024-08-17 Time range: 01:00 - 02:00 Percent,Date range: 2024-08-17 - 2024-08-17 Time range: 02:00 - 03:00 Trips,Date range: 2024-08-17 - 2024-08-17 Time range: 02:00 - 03:00 Percent,Date range: 2024-08-17 - 2024-08-17 Time range: 03:00 - 04:00 Trips,Date range: 2024-08-17 - 2024-08-17 Time range: 03:00 - 04:00 Percent,Date range: 2024-08-17 - 2024-08-17 Time range: 04:00 - 05:00 Trips,Date range: 2024-08-17 - 2024-08-17 Time range: 04:00 - 05:00 Percent,Date range: 2024-08-17 - 2024-08-17 Time range: 05:00 - 06:00 Trips,Date range: 2024-08-17 - 2024-08-17 Time range: 05:00 - 06:00 Percent,Date range: 2024-08-17 - 2024-08-17 Time range: 06:00 - 07:00 Trips,Date range: 2024-08-17 - 2024-08-17 Time range: 06:00 - 07:00 Percent,Date range: 2024-08-17 - 2024-08-17 Time range: 07:00 - 08:00 Trips,Date range: 2024-08-17 - 2024-08-17 Time range: 07:00 - 08:00 Percent,Date range: 2024-08-17 - 2024-08-17 Time range: 08:00 - 09:00 Trips,Date range: 2024-08-17 - 2024-08-17 Time range: 08:00 - 09:00 Percent,Date range: 2024-08-17 - 2024-08-17 Time range: 09:00 - 10:00 Trips,Date range: 2024-08-17 - 2024-08-17 Time range: 09:00 - 10:00 Percent,Date range: 2024-08-17 - 2024-08-17 Time range: 10:00 - 11:00 Trips,Date range: 2024-08-17 - 2024-08-17 Time range: 10:00 - 11:00 Percent,Date range: 2024-08-17 - 2024-08-17 Time range: 11:00 - 12:00 Trips,Date range: 2024-08-17 - 2024-08-17 Time range: 11:00 - 12:00 Percent,Date range: 2024-08-17 - 2024-08-17 Time range: 12:00 - 13:00 Trips,Date range: 2024-08-17 - 2024-08-17 Time range: 12:00 - 13:00 Percent,Date range: 2024-08-17 - 2024-08-17 Time range: 13:00 - 14:00 Trips,Date range: 2024-08-17 - 2024-08-17 Time range: 13:00 - 14:00 Percent,Date range: 2024-08-17 - 2024-08-17 Time range: 14:00 - 15:00 Trips,Date range: 2024-08-17 - 2024-08-17 Time range: 14:00 - 15:00 Percent,Date range: 2024-08-17 - 2024-08-17 Time range: 15:00 - 16:00 Trips,Date range: 2024-08-17 - 2024-08-17 Time range: 15:00 - 16:00 Percent,Date range: 2024-08-17 - 2024-08-17 Time range: 16:00 - 17:00 Trips,Date range: 2024-08-17 - 2024-08-17 Time range: 16:00 - 17:00 Percent,Date range: 2024-08-17 - 2024-08-17 Time range: 17:00 - 18:00 Trips,Date range: 2024-08-17 - 2024-08-17 Time range: 17:00 - 18:00 Percent,Date range: 2024-08-17 - 2024-08-17 Time range: 18:00 - 19:00 Trips,Date range: 2024-08-17 - 2024-08-17 Time range: 18:00 - 19:00 Percent,Date range: 2024-08-17 - 2024-08-17 Time range: 19:00 - 20:00 Trips,Date range: 2024-08-17 - 2024-08-17 Time range: 19:00 - 20:00 Percent,Date range: 2024-08-17 - 2024-08-17 Time range: 20:00 - 21:00 Trips,Date range: 2024-08-17 - 2024-08-17 Time range: 20:00 - 21:00 Percent,Date range: 2024-08-17 - 2024-08-17 Time range: 21:00 - 22:00 Trips,Date range: 2024-08-17 - 2024-08-17 Time range: 21:00 - 22:00 Percent,Date range: 2024-08-17 - 2024-08-17 Time range: 22:00 - 23:00 Trips,Date range: 2024-08-17 - 2024-08-17 Time range: 22:00 - 23:00 Percent,Date range: 2024-08-17 - 2024-08-17 Time range: 23:00 - 00:00 Trips,Date range: 2024-08-17 - 2024-08-17 Time range: 23:00 - 00:00 Percent,Date range: 2024-08-18 - 2024-08-18 Time range: 00:00 - 01:00 Trips,Date range: 2024-08-18 - 2024-08-18 Time range: 00:00 - 01:00 Percent,Date range: 2024-08-18 - 2024-08-18 Time range: 01:00 - 02:00 Trips,Date range: 2024-08-18 - 2024-08-18 Time range: 01:00 - 02:00 Percent,Date range: 2024-08-18 - 2024-08-18 Time range: 02:00 - 03:00 Trips,Date range: 2024-08-18 - 2024-08-18 Time range: 02:00 - 03:00 Percent,Date range: 2024-08-18 - 2024-08-18 Time range: 03:00 - 04:00 Trips,Date range: 2024-08-18 - 2024-08-18 Time range: 03:00 - 04:00 Percent,Date range: 2024-08-18 - 2024-08-18 Time range: 04:00 - 05:00 Trips,Date range: 2024-08-18 - 2024-08-18 Time range: 04:00 - 05:00 Percent,Date range: 2024-08-18 - 2024-08-18 Time range: 05:00 - 06:00 Trips,Date range: 2024-08-18 - 2024-08-18 Time range: 05:00 - 06:00 Percent,Date range: 2024-08-18 - 2024-08-18 Time range: 06:00 - 07:00 Trips,Date range: 2024-08-18 - 2024-08-18 Time range: 06:00 - 07:00 Percent,Date range: 2024-08-18 - 2024-08-18 Time range: 07:00 - 08:00 Trips,Date range: 2024-08-18 - 2024-08-18 Time range: 07:00 - 08:00 Percent,Date range: 2024-08-18 - 2024-08-18 Time range: 08:00 - 09:00 Trips,Date range: 2024-08-18 - 2024-08-18 Time range: 08:00 - 09:00 Percent,Date range: 2024-08-18 - 2024-08-18 Time range: 09:00 - 10:00 Trips,Date range: 2024-08-18 - 2024-08-18 Time range: 09:00 - 10:00 Percent,Date range: 2024-08-18 - 2024-08-18 Time range: 10:00 - 11:00 Trips,Date range: 2024-08-18 - 2024-08-18 Time range: 10:00 - 11:00 Percent,Date range: 2024-08-18 - 2024-08-18 Time range: 11:00 - 12:00 Trips,Date range: 2024-08-18 - 2024-08-18 Time range: 11:00 - 12:00 Percent,Date range: 2024-08-18 - 2024-08-18 Time range: 12:00 - 13:00 Trips,Date range: 2024-08-18 - 2024-08-18 Time range: 12:00 - 13:00 Percent,Date range: 2024-08-18 - 2024-08-18 Time range: 13:00 - 14:00 Trips,Date range: 2024-08-18 - 2024-08-18 Time range: 13:00 - 14:00 Percent,Date range: 2024-08-18 - 2024-08-18 Time range: 14:00 - 15:00 Trips,Date range: 2024-08-18 - 2024-08-18 Time range: 14:00 - 15:00 Percent,Date range: 2024-08-18 - 2024-08-18 Time range: 15:00 - 16:00 Trips,Date range: 2024-08-18 - 2024-08-18 Time range: 15:00 - 16:00 Percent,Date range: 2024-08-18 - 2024-08-18 Time range: 16:00 - 17:00 Trips,Date range: 2024-08-18 - 2024-08-18 Time range: 16:00 - 17:00 Percent,Date range: 2024-08-18 - 2024-08-18 Time range: 17:00 - 18:00 Trips,Date range: 2024-08-18 - 2024-08-18 Time range: 17:00 - 18:00 Percent,Date range: 2024-08-18 - 2024-08-18 Time range: 18:00 - 19:00 Trips,Date range: 2024-08-18 - 2024-08-18 Time range: 18:00 - 19:00 Percent,Date range: 2024-08-18 - 2024-08-18 Time range: 19:00 - 20:00 Trips,Date range: 2024-08-18 - 2024-08-18 Time range: 19:00 - 20:00 Percent,Date range: 2024-08-18 - 2024-08-18 Time range: 20:00 - 21:00 Trips,Date range: 2024-08-18 - 2024-08-18 Time range: 20:00 - 21:00 Percent,Date range: 2024-08-18 - 2024-08-18 Time range: 21:00 - 22:00 Trips,Date range: 2024-08-18 - 2024-08-18 Time range: 21:00 - 22:00 Percent,Date range: 2024-08-18 - 2024-08-18 Time range: 22:00 - 23:00 Trips,Date range: 2024-08-18 - 2024-08-18 Time range: 22:00 - 23:00 Percent,Date range: 2024-08-18 - 2024-08-18 Time range: 23:00 - 00:00 Trips,Date range: 2024-08-18 - 2024-08-18 Time range: 23:00 - 00:00 Percent
Region 0,Region 0,433,4.299,190,4.168,107,3.764,65,3.284,95,5.097,207,6.024,622,7.462,1549,8.864,2763,8.911,3064,8.911,2362,8.352,2190,8.222,2351,8.072,2632,8.101,2602,7.965,2724,7.941,3216,8.339,3478,7.692,3317,7.303,2246,6.297,1682,6.108,1333,5.574,1008,4.896,614,3.993,527,3.94,197,3.351,110,3.06,82,3.313,89,4.208,190,5.552,586,7.378,1316,8.35,2101,8.407,2376,8.53,2239,8.416,2353,8.631,2716,8.958,2906,8.486,2957,8.199,3179,8.313,3143,7.577,3320,7.303,3079,6.777,2187,5.887,1598,5.542,1420,5.82,1115,4.996,831,4.205,749,3.064,376,2.526,287,3.367,168,2.688,117,3.091,120,4.107,225,5.403,498,6.901,838,7.568,1299,7.899,1951,8.296,2149,7.222,2423,7.302,2772,7.69,2758,7.539,2792,7.367,2564,6.501,2531,6.24,2133,5.494,1833,5.583,1526,5.642,1445,5.766,1202,5.036,855,4.018,743,3.267,467,3.07,297,3.075,171,2.29,129,3.091,105,3.361,181,4.836,334,5.969,548,6.822,949,7.256,1540,7.367,2056,7.357,2428,7.601,2886,8.228,2850,7.884,2824,7.767,2613,7.042,2698,7.144,2260,6.196,1790,6.12,1464,5.993,1296,6.094,883,5.385,462,3.868
Region 0,Region 1,10,0.099,3,0.066,1,0.035,2,0.101,1,0.054,3,0.087,6,0.072,19,0.109,63,0.203,67,0.195,53,0.187,36,0.135,31,0.106,29,0.089,43,0.132,45,0.131,63,0.163,97,0.215,113,0.249,99,0.278,63,0.229,41,0.171,40,0.194,24,0.156,21,0.157,8,0.136,5,0.139,5,0.202,3,0.142,1,0.029,8,0.101,18,0.114,26,0.104,46,0.165,33,0.124,34,0.125,48,0.158,36,0.105,52,0.144,40,0.105,68,0.164,88,0.194,119,0.262,81,0.218,74,0.257,61,0.25,65,0.291,49,0.248,37,0.151,25,0.168,8,0.094,11,0.176,4,0.106,4,0.137,4,0.096,14,0.194,15,0.135,42,0.255,51,0.217,58,0.195,56,0.169,56,0.155,74,0.202,53,0.14,72,0.183,125,0.308,150,0.386,102,0.311,86,0.318,66,0.263,75,0.314,46,0.216,32,0.141,22,0.145,22,0.228,12,0.161,5,0.12,8,0.256,4,0.107,5,0.089,12,0.149,20,0.153,33,0.158,52,0.186,49,0.153,55,0.157,57,0.158,44,0.121,61,0.164,60,0.159,65,0.178,77,0.263,40,0.164,29,0.136,27,0.165,12,0.1
Region 0,Region 2,18,0.179,3,0.066,1,0.035,4,0.202,0,0,0,0,10,0.12,43,0.246,139,0.448,156,0.454,60,0.212,35,0.131,32,0.11,35,0.108,36,0.11,36,0.105,58,0.15,89,0.197,125,0.275,127,0.356,50,0.182,31,0.13,34,0.165,19,0.124,13,0.097,11,0.187,4,0.111,1,0.04,0,0,4,0.117,13,0.164,32,0.203,65,0.26,73,0.262,46,0.173,37,0.136,41,0.135,38,0.111,42,0.116,61,0.16,79,0.19,95,0.209,104,0.229,84,0.226,87,0.302,60,0.246,67,0.3,64,0.324,46,0.188,28,0.188,35,0.411,13,0.208,6,0.159,7,0.24,6,0.144,12,0.166,27,0.244,45,0.274,65,0.276,65,0.218,50,0.151,28,0.078,53,0.145,82,0.216,135,0.342,243,0.599,292,0.752,162,0.493,88,0.325,54,0.215,103,0.432,84,0.395,62,0.273,42,0.276,31,0.321,22,0.295,3,0.072,4,0.128,6,0.16,12,0.214,23,0.286,41,0.313,66,0.316,68,0.243,50,0.157,42,0.12,52,0.144,31,0.085,60,0.162,55,0.146,59,0.162,66,0.226,40,0.164,23,0.108,20,0.122,19,0.159
Region 0,Region 3,1,0.01,1,0.022,0,0,0,0,0,0,0,0,1,0.012,0,0,1,0.003,1,0.003,1,0.004,4,0.015,5,0.017,4,0.012,3,0.009,2,0.006,7,0.018,2,0.004,3,0.007,3,0.008,3,0.011,3,0.013,3,0.015,2,0.013,0,0,0,0,1,0.028,1,0.04,0,0,0,0,0,0,1,0.006,0,0,2,0.007,3,0.011,3,0.011,6,0.02,3,0.009,4,0.011,8,0.021,9,0.022,8,0.018,4,0.009,3,0.008,3,0.01,2,0.008,3,0.013,0,0,0,0,0,0,0,0,0,0,0,0,1,0.034,0,0,2,0.028,2,0.018,3,0.018,5,0.021,6,0.02,4,0.012,6,0.017,6,0.016,4,0.011,8,0.02,3,0.007,1,0.003,1,0.003,4,0.015,1,0.004,3,0.013,2,0.009,0,0,1,0.007,2,0.021,1,0.013,1,0.024,0,0,0,0,1,0.018,0,0,3,0.023,4,0.019,0,0,3,0.009,2,0.006,3,0.008,4,0.011,5,0.013,1,0.003,4,0.011,4,0.014,5,0.02,3,0.014,2,0.012,2,0.017
Region 0,Region 4,20,0.199,6,0.132,5,0.176,4,0.202,3,0.161,7,0.204,13,0.156,21,0.12,49,0.158,85,0.247,75,0.265,85,0.319,89,0.306,102,0.314,116,0.355,117,0.341,161,0.417,162,0.358,172,0.379,158,0.443,129,0.468,124,0.518,72,0.35,47,0.306,36,0.269,14,0.238,11,0.306,3,0.121,2,0.095,5,0.146,15,0.189,28,0.178,47,0.188,75,0.269,59,0.222,79,0.29,90,0.297,117,0.342,86,0.238,103,0.269,163,0.393,167,0.367,151,0.332,128,0.345,90,0.312,93,0.381,72,0.323,61,0.309,71,0.29,40,0.269,23,0.27,20,0.32,13,0.343,4,0.137,4,0.096,15,0.208,39,0.352,54,0.328,77,0.327,92,0.309,126,0.38,140,0.388,128,0.35,142,0.375,149,0.378,138,0.34,121,0.312,109,0.332,96,0.355,81,0.323,90,0.377,95,0.446,94,0.413,58,0.381,38,0.393,25,0.335,8,0.192,9,0.288,3,0.08,13,0.232,27,0.336,47,0.359,112,0.536,99,0.354,108,0.338,105,0.299,116,0.321,141,0.388,152,0.41,147,0.389,141,0.387,129,0.441,109,0.446,89,0.418,59,0.36,30,0.251
Region 0,Region 5,26,0.258,10,0.219,4,0.141,8,0.404,10,0.536,31,0.902,63,0.756,97,0.555,116,0.374,131,0.381,89,0.315,88,0.33,84,0.288,96,0.295,131,0.401,130,0.379,136,0.353,130,0.288,123,0.271,91,0.255,69,0.251,60,0.251,56,0.272,32,0.208,20,0.15,14,0.238,4,0.111,8,0.323,11,0.52,35,1.023,34,0.428,57,0.362,98,0.392,107,0.384,96,0.361,91,0.334,92,0.303,115,0.336,94,0.261,94,0.246,105,0.253,106,0.233,106,0.233,71,0.191,52,0.18,46,0.189,62,0.278,42,0.213,30,0.123,16,0.107,14,0.164,11,0.176,14,0.37,21,0.719,18,0.432,27,0.374,40,0.361,58,0.353,85,0.361,114,0.383,87,0.262,119,0.33,104,0.284,97,0.256,99,0.251,90,0.222,84,0.216,84,0.256,55,0.203,53,0.211,50,0.209,36,0.169,31,0.136,14,0.092,14,0.145,8,0.107,7,0.168,19,0.608,25,0.668,32,0.572,31,0.386,57,0.436,68,0.325,91,0.326,107,0.335,122,0.348,75,0.207,86,0.237,117,0.315,98,0.259,112,0.307,87,0.297,61,0.25,66,0.31,45,0.274,13,0.109
Region 0,Region 6,4,0.04,1,0.022,0,0,0,0,0,0,0,0,2,0.024,1,0.006,8,0.026,7,0.02,3,0.011,5,0.019,9,0.031,5,0.015,6,0.018,8,0.023,13,0.034,23,0.051,29,0.064,17,0.048,9,0.033,6,0.025,6,0.029,3,0.02,4,0.03,1,0.017,1,0.028,0,0,0,0,0,0,1,0.013,2,0.013,8,0.032,3,0.011,4,0.015,5,0.018,9,0.03,7,0.02,11,0.031,12,0.031,24,0.058,18,0.04,21,0.046,26,0.07,15,0.052,7,0.029,10,0.045,7,0.035,9,0.037,0,0,1,0.012,2,0.032,1,0.026,2,0.068,0,0,1,0.014,0,0,2,0.012,8,0.034,12,0.04,15,0.045,10,0.028,11,0.03,12,0.032,5,0.013,14,0.035,24,0.062,18,0.055,13,0.048,11,0.044,6,0.025,3,0.014,4,0.018,3,0.02,3,0.031,3,0.04,2,0.048,0,0,1,0.027,0,0,1,0.012,3,0.023,5,0.024,5,0.018,11,0.034,13,0.037,6,0.017,11,0.03,12,0.032,8,0.021,15,0.041,4,0.014,4,0.016,9,0.042,6,0.037,1,0.008
Region 0,Region 7,7,0.069,7,0.154,2,0.07,2,0.101,2,0.107,1,0.029,6,0.072,21,0.12,30,0.097,21,0.061,32,0.113,22,0.083,38,0.13,40,0.123,39,0.119,39,0.114,58,0.15,67,0.148,52,0.114,44,0.123,34,0.123,24,0.1,20,0.097,19,0.124,19,0.142,9,0.153,8,0.223,1,0.04,0,0,1,0.029,6,0.076,21,0.133,32,0.128,18,0.065,23,0.086,29,0.106,31,0.102,51,0.149,41,0.114,59,0.154,54,0.13,58,0.128,56,0.123,44,0.118,31,0.108,25,0.102,20,0.09,19,0.096,18,0.074,11,0.074,14,0.164,6,0.096,5,0.132,3,0.103,3,0.072,12,0.166,8,0.072,18,0.109,19,0.081,36,0.121,34,0.102,42,0.117,38,0.104,37,0.098,45,0.114,27,0.067,40,0.103,47,0.143,35,0.129,27,0.108,26,0.109,26,0.122,19,0.084,14,0.092,10,0.104,6,0.08,4,0.096,4,0.128,4,0.107,5,0.089,11,0.137,4,0.031,11,0.053,27,0.097,23,0.072,37,0.105,41,0.113,41,0.113,46,0.124,49,0.13,47,0.129,26,0.089,35,0.143,33,0.155,21,0.128,11,0.092
Region 0,Region 8,10,0.099,10,0.219,6,0.211,3,0.152,2,0.107,5,0.146,19,0.228,54,0.309,94,0.303,112,0.326,84,0.297,56,0.21,74,0.254,97,0.299,86,0.263,87,0.254,91,0.236,91,0.201,109,0.24,76,0.213,51,0.185,33,0.138,24,0.117,22,0.143,20,0.15,6,0.102,4,0.111,3,0.121,2,0.095,3,0.088,24,0.302,54,0.343,88,0.352,82,0.294,84,0.316,85,0.312,74,0.244,105,0.307,127,0.352,118,0.309,125,0.301,139,0.306,107,0.236,100,0.269,57,0.198,53,0.217,38,0.17,48,0.243,36,0.147,9,0.06,5,0.059,10,0.16,11,0.291,4,0.137,9,0.216,26,0.36,43,0.388,64,0.389,87,0.37,87,0.292,99,0.298,93,0.258,97,0.265,98,0.259,115,0.292,131,0.323,133,0.343,90,0.274,72,0.266,55,0.219,42,0.176,30,0.141,35,0.154,19,0.125,11,0.114,8,0.107,5,0.12,4,0.128,12,0.321,21,0.375,25,0.311,41,0.313,65,0.311,93,0.333,89,0.279,83,0.237,86,0.238,112,0.308,87,0.234,67,0.177,84,0.23,70,0.239,53,0.217,63,0.296,33,0.201,20,0.167
Region 0,Region 9,1,0.01,0,0,0,0,3,0.152,0,0,1,0.029,0,0,0,0,1,0.003,1,0.003,3,0.011,3,0.011,1,0.003,4,0.012,7,0.021,5,0.015,7,0.018,3,0.007,1,0.002,2,0.006,4,0.015,3,0.013,3,0.015,5,0.033,1,0.007,0,0,0,0,0,0,0,0,0,0,0,0,0,0,2,0.008,1,0.004,1,0.004,3,0.011,3,0.01,5,0.015,3,0.008,2,0.005,7,0.017,8,0.018,8,0.018,7,0.019,4,0.014,2,0.008,6,0.027,0,0,3,0.012,1,0.007,1,0.012,3,0.048,0,0,1,0.034,0,0,1,0.014,0,0,0,0,2,0.009,4,0.013,9,0.027,5,0.014,3,0.008,7,0.018,8,0.02,7,0.017,9,0.023,3,0.009,1,0.004,0,0,1,0.004,0,0,2,0.009,1,0.007,1,0.01,0,0,0,0,0,0,0,0,0,0,1,0.012,1,0.008,1,0.005,3,0.011,6,0.019,5,0.014,7,0.019,8,0.022,2,0.005,5,0.013,6,0.016,2,0.007,5,0.02,1,0.005,1,0.006,0,0
Region 0,Region 10,10,0.099,4,0.088,3,0.106,0,0,0,0,2,0.058,9,0.108,34,0.195,45,0.145,41,0.119,26,0.092,25,0.094,32,0.11,31,0.095,43,0.132,34,0.099,62,0.161,68,0.15,72,0.159,35,0.098,28,0.102,41,0.171,19,0.092,11,0.072,16,0.12,5,0.085,2,0.056,2,0.081,3,0.142,3,0.088,10,0.126,18,0.114,43,0.172,37,0.133,44,0.165,35,0.128,31,0.102,35,0.102,56,0.155,49,0.128,48,0.116,67,0.147,45,0.099,37,0.1,24,0.083,17,0.07,23,0.103,25,0.126,9,0.037,7,0.047,4,0.047,6,0.096,2,0.053,5,0.171,6,0.144,8,0.111,13,0.117,25,0.152,42,0.179,52,0.175,34,0.102,31,0.086,50,0.137,47,0.124,44,0.112,37,0.091,38,0.098,34,0.104,29,0.107,30,0.12,27,0.113,25,0.117,18,0.079,8,0.053,10,0.104,5,0.067,4,0.096,1,0.032,4,0.107,3,0.054,14,0.174,25,0.191,41,0.196,38,0.136,38,0.119,24,0.068,45,0.124,31,0.085,33,0.089,17,0.045,33,0.09,16,0.055,24,0.098,13,0.061,12,0.073,7,0.059
Region 0,Region 11,4,0.04,0,0,1,0.035,2,0.101,0,0,2,0.058,4,0.048,8,0.046,15,0.048,8,0.023,9,0.032,9,0.034,6,0.021,7,0.022,14,0.043,14,0.041,19,0.049,25,0.055,22,0.048,8,0.022,11,0.04,11,0.046,5,0.024,6,0.039,8,0.06,3,0.051,3,0.083,1,0.04,0,0,1,0.029,2,0.025,8,0.051,14,0.056,11,0.039,8,0.03,6,0.022,13,0.043,15,0.044,13,0.036,12,0.031,24,0.058,23,0.051,16,0.035,12,0.032,18,0.062,14,0.057,12,0.054,7,0.035,9,0.037,5,0.034,2,0.023,4,0.064,3,0.079,0,0,0,0,4,0.055,8,0.072,10,0.061,8,0.034,12,0.04,10,0.03,13,0.036,17,0.046,14,0.037,18,0.046,30,0.074,29,0.075,16,0.049,9,0.033,17,0.068,10,0.042,12,0.056,3,0.013,8,0.053,1,0.01,3,0.04,1,0.024,2,0.064,0,0,4,0.071,7,0.087,7,0.054,6,0.029,9,0.032,9,0.028,11,0.031,11,0.03,19,0.052,14,0.038,14,0.037,14,0.038,12,0.041,16,0.065,12,0.056,4,0.024,10,0.084
Region 0,Region 12,6,0.06,1,0.022,4,0.141,0,0,0,0,2,0.058,2,0.024,13,0.074,18,0.058,18,0.052,12,0.042,16,0.06,6,0.021,11,0.034,6,0.018,7,0.02,8,0.021,24,0.053,20,0.044,17,0.048,10,0.036,6,0.025,11,0.053,7,0.046,6,0.045,4,0.068,2,0.056,0,0,2,0.095,0,0,0,0,13,0.082,15,0.06,12,0.043,9,0.034,9,0.033,6,0.02,12,0.035,11,0.031,16,0.042,19,0.046,19,0.042,14,0.031,11,0.03,10,0.035,15,0.061,13,0.058,11,0.056,7,0.029,5,0.034,1,0.012,3,0.048,3,0.079,0,0,1,0.024,7,0.097,7,0.063,9,0.055,12,0.051,8,0.027,9,0.027,10,0.028,10,0.027,8,0.021,14,0.035,13,0.032,25,0.064,15,0.046,17,0.063,8,0.032,6,0.025,2,0.009,6,0.026,4,0.026,1,0.01,2,0.027,1,0.024,1,0.032,0,0,2,0.036,2,0.025,9,0.069,13,0.062,11,0.039,7,0.022,8,0.023,11,0.03,13,0.036,9,0.024,12,0.032,21,0.058,18,0.062,12,0.049,10,0.047,7,0.043,5,0.042
Region 0,Region 13,15,0.149,8,0.175,0,0,2,0.101,0,0,2,0.058,7,0.084,16,0.092,55,0.177,74,0.215,63,0.223,66,0.248,45,0.154,75,0.231,81,0.248,84,0.245,93,0.241,165,0.365,170,0.374,109,0.306,81,0.294,67,0.28,49,0.238,30,0.195,31,0.232,6,0.102,6,0.167,6,0.242,2,0.095,0,0,8,0.101,20,0.127,45,0.18,60,0.215,64,0.241,70,0.257,71,0.234,74,0.216,83,0.23,99,0.259,114,0.275,146,0.321,156,0.343,94,0.253,72,0.25,49,0.201,50,0.224,52,0.263,41,0.168,30,0.202,12,0.141,7,0.112,4,0.106,3,0.103,2,0.048,5,0.069,20,0.181,33,0.201,52,0.221,78,0.262,91,0.274,108,0.3,98,0.268,119,0.314,138,0.35,116,0.286,136,0.35,96,0.292,48,0.177,56,0.223,53,0.222,45,0.211,46,0.202,30,0.197,15,0.155,5,0.067,3,0.072,4,0.128,8,0.214,7,0.125,11,0.137,27,0.206,47,0.225,70,0.25,80,0.25,117,0.334,107,0.296,106,0.292,80,0.216,97,0.257,98,0.269,91,0.311,52,0.213,49,0.23,38,0.232,19,0.159
Region 0,Region 14,5,0.05,3,0.066,0,0,0,0,0,0,0,0,7,0.084,10,0.057,12,0.039,18,0.052,8,0.028,10,0.038,11,0.038,15,0.046,15,0.046,21,0.061,26,0.067,26,0.058,23,0.051,16,0.045,10,0.036,7,0.029,7,0.034,6,0.039,6,0.045,5,0.085,1,0.028,1,0.04,4,0.189,5,0.146,6,0.076,6,0.038,17,0.068,18,0.065,12,0.045,21,0.077,17,0.056,12,0.035,15,0.042,14,0.037,25,0.06,29,0.064,17,0.037,21,0.057,15,0.052,9,0.037,10,0.045,8,0.04,13,0.053,6,0.04,6,0.07,2,0.032,4,0.106,2,0.068,2,0.048,4,0.055,2,0.018,3,0.018,12,0.051,14,0.047,10,0.03,16,0.044,9,0.025,19,0.05,10,0.025,20,0.049,14,0.036,14,0.043,9,0.033,7,0.028,7,0.029,8,0.038,13,0.057,5,0.033,3,0.031,3,0.04,7,0.168,6,0.192,3,0.08,3,0.054,5,0.062,4,0.031,8,0.038,12,0.043,8,0.025,9,0.026,10,0.028,17,0.047,18,0.049,15,0.04,15,0.041,9,0.031,7,0.029,11,0.052,6,0.037,7,0.059
Region 0,Region 15,12,0.119,5,0.11,3,0.106,1,0.051,0,0,0,0,10,0.12,16,0.092,20,0.064,18,0.052,22,0.078,17,0.064,17,0.058,27,0.083,28,0.086,35,0.102,37,0.096,42,0.093,62,0.137,41,0.115,15,0.054,21,0.088,18,0.087,16,0.104,14,0.105,4,0.068,3,0.083,0,0,0,0,0,0,8,0.101,18,0.114,14,0.056,18,0.065,14,0.053,17,0.062,21,0.069,23,0.067,22,0.061,21,0.055,41,0.099,39,0.086,45,0.099,18,0.048,16,0.055,23,0.094,21,0.094,10,0.051,14,0.057,9,0.06,2,0.023,5,0.08,1,0.026,2,0.068,3,0.072,7,0.097,10,0.09,7,0.043,20,0.085,21,0.071,15,0.045,27,0.075,28,0.077,41,0.108,30,0.076,25,0.062,34,0.088,27,0.082,23,0.085,18,0.072,22,0.092,14,0.066,11,0.048,4,0.026,1,0.01,0,0,2,0.048,1,0.032,1,0.027,6,0.107,6,0.075,10,0.076,15,0.072,20,0.072,12,0.038,14,0.04,21,0.058,23,0.063,30,0.081,33,0.087,27,0.074,20,0.068,20,0.082,12,0.056,14,0.085,10,0.084
Region 0,Region 16,7,0.069,2,0.044,0,0,1,0.051,0,0,0,0,5,0.06,9,0.051,21,0.068,43,0.125,38,0.134,39,0.146,43,0.148,46,0.142,27,0.083,27,0.079,36,0.093,39,0.086,67,0.148,34,0.095,29,0.105,20,0.084,15,0.073,7,0.046,6,0.045,2,0.034,1,0.028,0,0,0,0,0,0,5,0.063,11,0.07,10,0.04,33,0.118,28,0.105,23,0.084,38,0.125,46,0.134,41,0.114,38,0.099,32,0.077,30,0.066,47,0.103,27,0.073,25,0.087,22,0.09,13,0.058,7,0.035,8,0.033,3,0.02,2,0.023,0,0,1,0.026,0,0,0,0,2,0.028,8,0.072,22,0.134,23,0.098,36,0.121,47,0.142,42,0.117,43,0.118,40,0.106,42,0.106,52,0.128,43,0.111,36,0.11,22,0.081,31,0.124,14,0.059,9,0.042,7,0.031,3,0.02,2,0.021,2,0.027,2,0.048,0,0,2,0.053,2,0.036,14,0.174,18,0.138,33,0.158,47,0.168,27,0.085,39,0.111,56,0.155,44,0.121,48,0.129,42,0.111,50,0.137,43,0.147,30,0.123,25,0.118,13,0.079,3,0.025
Region 0,Region 17,19,0.189,7,0.154,5,0.176,3,0.152,4,0.215,4,0.116,14,0.168,54,0.309,219,0.706,218,0.634,106,0.375,68,0.255,59,0.203,51,0.157,56,0.171,67,0.195,77,0.2,115,0.254,129,0.284,117,0.328,74,0.269,48,0.201,37,0.18,22,0.143,19,0.142,9,0.153,5,0.139,7,0.283,4,0.189,5,0.146,11,0.138,31,0.197,113,0.452,117,0.42,73,0.274,50,0.183,52,0.172,58,0.169,82,0.227,107,0.28,126,0.304,203,0.447,216,0.475,171,0.46,126,0.437,88,0.361,88,0.394,72,0.364,63,0.258,43,0.289,37,0.434,20,0.32,3,0.079,3,0.103,2,0.048,12,0.166,30,0.271,32,0.195,39,0.166,55,0.185,68,0.205,70,0.194,64,0.175,73,0.193,95,0.241,102,0.251,123,0.317,123,0.375,93,0.344,74,0.295,79,0.331,60,0.282,58,0.255,41,0.27,21,0.217,16,0.214,5,0.12,5,0.16,6,0.16,13,0.232,16,0.199,47,0.359,42,0.201,43,0.154,44,0.138,63,0.18,55,0.152,70,0.193,83,0.224,89,0.236,137,0.376,94,0.321,81,0.332,36,0.169,32,0.195,24,0.201
Region 0,Region 18,1,0.01,0,0,0,0,0,0,0,0,1,0.029,3,0.036,9,0.051,12,0.039,14,0.041,4,0.014,1,0.004,1,0.003,4,0.012,17,0.052,10,0.029,10,0.026,8,0.018,11,0.024,4,0.011,4,0.015,4,0.017,4,0.019,1,0.007,0,0,0,0,0,0,1,0.04,0,0,0,0,2,0.025,3,0.019,3,0.012,4,0.014,1,0.004,1,0.004,4,0.013,4,0.012,4,0.011,4,0.01,8,0.019,6,0.013,10,0.022,7,0.019,7,0.024,6,0.025,2,0.009,1,0.005,0,0,0,0,0,0,2,0.032,0,0,1,0.034,3,0.072,4,0.055,1,0.009,2,0.012,4,0.017,2,0.007,1,0.003,3,0.008,5,0.014,3,0.008,7,0.018,8,0.02,4,0.01,5,0.015,5,0.018,2,0.008,4,0.017,1,0.005,4,0.018,0,0,1,0.01,1,0.013,0,0,2,0.064,0,0,0,0,0,0,3,0.023,7,0.033,2,0.007,3,0.009,1,0.003,6,0.017,2,0.006,4,0.011,3,0.008,3,0.008,5,0.017,4,0.016,1,0.005,6,0.037,7,0.059
Region 0,Region 19,4,0.04,1,0.022,1,0.035,1,0.051,1,0.054,0,0,1,0.012,2,0.011,6,0.019,7,0.02,5,0.018,5,0.019,5,0.017,4,0.012,4,0.012,4,0.012,11,0.029,16,0.035,12,0.026,4,0.011,2,0.007,5,0.021,3,0.015,1,0.007,3,0.022,2,0.034,0,0,0,0,1,0.047,0,0,0,0,1,0.006,1,0.004,7,0.025,3,0.011,2,0.007,5,0.016,10,0.029,8,0.022,9,0.024,13,0.031,11,0.024,13,0.029,8,0.022,3,0.01,2,0.008,2,0.009,1,0.005,5,0.02,2,0.013,1,0.012,2,0.032,0,0,0,0,0,0,4,0.055,3,0.027,3,0.018,7,0.03,5,0.017,7,0.021,8,0.022,5,0.014,10,0.026,5,0.013,14,0.035,8,0.021,3,0.009,3,0.011,3,0.012,3,0.013,5,0.023,2,0.009,4,0.026,0,0,1,0.013,1,0.024,0,0,2,0.053,1,0.018,3,0.037,2,0.015,2,0.01,4,0.014,6,0.019,6,0.017,7,0.019,7,0.019,5,0.013,2,0.005,3,0.008,4,0.014,3,0.012,8,0.038,1,0.006,2,0.017
Region 0,Region 20,5,0.05,1,0.022,0,0,0,0,2,0.107,1,0.029,4,0.048,20,0.114,40,0.129,40,0.116,15,0.053,16,0.06,17,0.058,15,0.046,12,0.037,20,0.058,18,0.047,26,0.058,26,0.057,17,0.048,16,0.058,13,0.054,11,0.053,12,0.078,9,0.067,1,0.017,0,0,0,0,0,0,0,0,5,0.063,19,0.121,35,0.14,36,0.129,25,0.094,7,0.026,15,0.049,14,0.041,20,0.055,26,0.068,29,0.07,29,0.064,25,0.055,18,0.048,17,0.059,18,0.074,20,0.09,16,0.081,11,0.045,3,0.02,2,0.023,2,0.032,3,0.079,0,0,2,0.048,6,0.083,11,0.099,7,0.043,16,0.068,17,0.057,9,0.027,20,0.055,11,0.03,15,0.04,11,0.028,13,0.032,23,0.059,23,0.07,16,0.059,12,0.048,23,0.096,14,0.066,9,0.04,6,0.039,2,0.021,6,0.08,8,0.192,0,0,0,0,5,0.089,6,0.075,16,0.122,10,0.048,7,0.025,19,0.059,10,0.029,11,0.03,21,0.058,14,0.038,11,0.029,17,0.047,20,0.068,17,0.07,14,0.066,6,0.037,5,0.042
Region 0,Region 21,3,0.03,0,0,0,0,0,0,0,0,0,0,0,0,0,0,7,0.023,10,0.029,10,0.035,12,0.045,11,0.038,10,0.031,13,0.04,16,0.047,10,0.026,20,0.044,11,0.024,20,0.056,14,0.051,7,0.029,2,0.01,1,0.007,7,0.052,2,0.034,1,0.028,0,0,0,0,0,0,1,0.013,3,0.019,5,0.02,10,0.036,7,0.026,4,0.015,13,0.043,9,0.026,13,0.036,13,0.034,22,0.053,15,0.033,13,0.029,11,0.03,5,0.017,10,0.041,7,0.031,9,0.046,4,0.016,3,0.02,1,0.012,1,0.016,0,0,2,0.068,1,0.024,0,0,2,0.018,7,0.043,2,0.009,12,0.04,11,0.033,11,0.031,15,0.041,16,0.042,4,0.01,10,0.025,13,0.033,4,0.012,12,0.044,6,0.024,6,0.025,3,0.014,4,0.018,2,0.013,0,0,0,0,1,0.024,0,0,0,0,1,0.018,2,0.025,3,0.023,7,0.033,7,0.025,9,0.028,10,0.029,7,0.019,13,0.036,15,0.04,6,0.016,12,0.033,10,0.034,7,0.029,3,0.014,2,0.012,1,0.008
Region 0,Region 22,0,0,0,0,1,0.035,0,0,0,0,0,0,0,0,1,0.006,6,0.019,7,0.02,2,0.007,0,0,5,0.017,6,0.018,0,0,2,0.006,3,0.008,5,0.011,10,0.022,6,0.017,4,0.015,6,0.025,3,0.015,2,0.013,2,0.015,0,0,0,0,0,0,0,0,0,0,0,0,1,0.006,2,0.008,3,0.011,2,0.008,1,0.004,4,0.013,3,0.009,4,0.011,3,0.008,6,0.014,7,0.015,5,0.011,6,0.016,4,0.014,3,0.012,3,0.013,1,0.005,2,0.008,0,0,0,0,1,0.016,1,0.026,1,0.034,0,0,1,0.014,0,0,2,0.012,4,0.017,5,0.017,5,0.015,3,0.008,6,0.016,6,0.016,4,0.01,1,0.002,4,0.01,7,0.021,2,0.007,2,0.008,6,0.025,1,0.005,4,0.018,0,0,1,0.01,1,0.013,0,0,0,0,0,0,0,0,2,0.025,3,0.023,3,0.014,3,0.011,4,0.013,2,0.006,4,0.011,4,0.011,6,0.016,6,0.016,4,0.011,2,0.007,4,0.016,3,0.014,1,0.006,2,0.017
Region 0,Region 23,11,0.109,4,0.088,1,0.035,0,0,1,0.054,2,0.058,4,0.048,10,0.057,14,0.045,16,0.047,14,0.05,5,0.019,16,0.055,20,0.062,11,0.034,14,0.041,28,0.073,52,0.115,26,0.057,13,0.036,20,0.073,27,0.113,10,0.049,8,0.052,7,0.052,2,0.034,1,0.028,2,0.081,2,0.095,2,0.058,6,0.076,7,0.044,10,0.04,14,0.05,12,0.045,12,0.044,5,0.016,19,0.055,18,0.05,34,0.089,33,0.08,25,0.055,20,0.044,18,0.048,17,0.059,18,0.074,14,0.063,10,0.051,9,0.037,6,0.04,6,0.07,4,0.064,4,0.106,3,0.103,4,0.096,7,0.097,8,0.072,7,0.043,12,0.051,18,0.06,15,0.045,15,0.042,12,0.033,18,0.047,14,0.035,29,0.071,17,0.044,10,0.03,10,0.037,14,0.056,18,0.075,14,0.066,10,0.044,9,0.059,7,0.072,2,0.027,4,0.096,1,0.032,0,0,4,0.071,9,0.112,5,0.038,6,0.029,7,0.025,17,0.053,18,0.051,21,0.058,14,0.039,17,0.046,24,0.064,19,0.052,10,0.034,13,0.053,17,0.08,14,0.085,7,0.059
Region 0,Region 24,0,0,0,0,0,0,0,0,0,0,0,0,1,0.012,2,0.011,3,0.01,6,0.017,7,0.025,5,0.019,4,0.014,4,0.012,5,0.015,7,0.02,10,0.026,13,0.029,10,0.022,8,0.022,7,0.025,4,0.017,2,0.01,1,0.007,1,0.007,0,0,0,0,0,0,0,0,0,0,0,0,2,0.013,1,0.004,1,0.004,2,0.008,4,0.015,4,0.013,8,0.023,4,0.011,3,0.008,8,0.019,10,0.022,3,0.007,3,0.008,3,0.01,1,0.004,4,0.018,0,0,1,0.004,0,0,0,0,0,0,0,0,0,0,2,0.048,0,0,3,0.027,1,0.006,1,0.004,4,0.013,4,0.012,6,0.017,6,0.016,5,0.013,4,0.01,3,0.007,4,0.01,4,0.012,2,0.007,3,0.012,2,0.008,1,0.005,1,0.004,0,0,0,0,0,0,0,0,0,0,0,0,0,0,5,0.062,2,0.015,1,0.005,5,0.018,2,0.006,7,0.02,3,0.008,2,0.006,6,0.016,7,0.019,1,0.003,0,0,1,0.004,6,0.028,3,0.018,2,0.017
Region 0,Region 25,7,0.069,1,0.022,2,0.07,2,0.101,0,0,1,0.029,4,0.048,6,0.034,24,0.077,20,0.058,14,0.05,13,0.049,10,0.034,14,0.043,17,0.052,10,0.029,11,0.029,22,0.049,32,0.07,25,0.07,12,0.044,11,0.046,5,0.024,5,0.033,4,0.03,2,0.034,1,0.028,1,0.04,0,0,0,0,4,0.05,7,0.044,18,0.072,17,0.061,20,0.075,14,0.051,14,0.046,12,0.035,10,0.028,12,0.031,23,0.055,21,0.046,18,0.04,11,0.03,19,0.066,11,0.045,10,0.045,10,0.051,5,0.02,0,0,3,0.035,2,0.032,2,0.053,0,0,2,0.048,3,0.042,3,0.027,3,0.018,7,0.03,6,0.02,7,0.021,17,0.047,25,0.068,17,0.045,13,0.033,24,0.059,29,0.075,23,0.07,20,0.074,12,0.048,6,0.025,7,0.033,2,0.009,4,0.026,3,0.031,0,0,1,0.024,0,0,2,0.053,2,0.036,5,0.062,11,0.084,9,0.043,18,0.064,17,0.053,10,0.029,7,0.019,5,0.014,16,0.043,13,0.034,15,0.041,13,0.044,6,0.025,7,0.033,3,0.018,3,0.025
Region 1,Region 0,16,0.159,4,0.088,5,0.176,1,0.051,0,0,0,0,7,0.084,17,0.097,59,0.19,58,0.169,34,0.12,35,0.131,38,0.13,35,0.108,34,0.104,33,0.096,46,0.119,67,0.148,58,0.128,46,0.129,49,0.178,43,0.18,44,0.214,29,0.189,21,0.157,13,0.221,14,0.389,7,0.283,4,0.189,1,0.029,6,0.076,11,0.07,45,0.18,44,0.158,35,0.132,34,0.125,32,0.106,34,0.099,42,0.116,43,0.112,52,0.125,47,0.103,40,0.088,44,0.118,43,0.149,49,0.201,41,0.184,43,0.218,61,0.249,35,0.235,57,0.669,26,0.416,6,0.159,3,0.103,3,0.072,6,0.083,13,0.117,30,0.182,44,0.187,50,0.168,43,0.13,50,0.139,38,0.104,36,0.095,44,0.112,50,0.123,36,0.093,40,0.122,46,0.17,41,0.164,44,0.184,51,0.24,74,0.325,48,0.316,55,0.569,55,0.736,8,0.192,6,0.192,7,0.187,9,0.161,8,0.1,16,0.122,41,0.196,37,0.132,47,0.147,64,0.182,38,0.105,50,0.138,54,0.146,51,0.135,24,0.066,21,0.072,28,0.115,23,0.108,15,0.091,7,0.059
Region 1,Region 1,110,1.092,42,0.921,28,0.985,26,1.314,5,0.268,11,0.32,12,0.144,49,0.28,98,0.316,197,0.573,171,0.605,124,0.466,155,0.532,204,0.628,170,0.52,158,0.461,222,0.576,300,0.663,346,0.762,367,1.029,231,0.839,199,0.832,171,0.831,142,0.923,159,1.189,67,1.14,55,1.53,27,1.091,10,0.473,15,0.438,20,0.252,52,0.33,71,0.284,141,0.506,124,0.466,145,0.532,165,0.544,206,0.602,205,0.568,210,0.549,243,0.586,289,0.636,366,0.806,339,0.913,275,0.954,309,1.267,256,1.147,247,1.25,284,1.162,223,1.498,194,2.276,116,1.856,33,0.872,19,0.65,23,0.552,23,0.319,29,0.262,63,0.383,122,0.519,174,0.585,238,0.717,265,0.735,249,0.681,221,0.583,261,0.662,282,0.695,306,0.788,313,0.953,308,1.139,298,1.189,284,1.19,314,1.475,303,1.332,271,1.781,201,2.081,142,1.901,40,0.958,15,0.48,8,0.214,13,0.232,26,0.324,44,0.336,98,0.469,145,0.519,164,0.513,187,0.533,221,0.611,204,0.561,176,0.474,189,0.5,225,0.617,217,0.742,189,0.774,149,0.701,99,0.604,69,0.578
Region 1,Region 2,17,0.169,8,0.175,13,0.457,7,0.354,0,0,6,0.175,5,0.06,9,0.051,31,0.1,70,0.204,50,0.177,28,0.105,36,0.124,42,0.129,37,0.113,43,0.125,49,0.127,82,0.181,92,0.203,78,0.219,54,0.196,39,0.163,38,0.185,30,0.195,39,0.292,19,0.323,12,0.334,9,0.364,5,0.236,1,0.029,3,0.038,14,0.089,24,0.096,50,0.179,40,0.15,26,0.095,33,0.109,39,0.114,47,0.13,55,0.144,68,0.164,66,0.145,78,0.172,87,0.234,72,0.25,63,0.258,50,0.224,78,0.395,69,0.282,58,0.39,65,0.763,35,0.56,5,0.132,1,0.034,5,0.12,4,0.055,12,0.108,17,0.103,30,0.128,49,0.165,49,0.148,43,0.119,49,0.134,55,0.145,56,0.142,97,0.239,89,0.229,74,0.225,73,0.27,66,0.263,74,0.31,83,0.39,90,0.396,87,0.572,90,0.932,33,0.442,16,0.383,3,0.096,4,0.107,2,0.036,12,0.149,17,0.13,29,0.139,32,0.115,53,0.166,46,0.131,30,0.083,44,0.121,31,0.084,44,0.117,49,0.134,38,0.13,36,0.147,28,0.132,23,0.14,15,0.126
Region 1,Region 3,3,0.03,1,0.022,0,0,2,0.101,1,0.054,0,0,1,0.012,0,0,1,0.003,1,0.003,2,0.007,2,0.008,6,0.021,3,0.009,5,0.015,4,0.012,9,0.023,6,0.013,8,0.018,3,0.008,3,0.011,3,0.013,5,0.024,0,0,2,0.015,1,0.017,1,0.028,3,0.121,0,0,0,0,1,0.013,2,0.013,1,0.004,2,0.007,2,0.008,1,0.004,1,0.003,7,0.02,4,0.011,3,0.008,1,0.002,11,0.024,4,0.009,4,0.011,4,0.014,2,0.008,4,0.018,4,0.02,5,0.02,3,0.02,3,0.035,1,0.016,0,0,0,0,2,0.048,0,0,0,0,3,0.018,1,0.004,2,0.007,3,0.009,4,0.011,2,0.005,6,0.016,3,0.008,4,0.01,3,0.008,1,0.003,6,0.022,6,0.024,8,0.034,7,0.033,5,0.022,1,0.007,5,0.052,2,0.027,0,0,0,0,1,0.027,0,0,0,0,0,0,3,0.014,4,0.014,3,0.009,2,0.006,0,0,0,0,4,0.011,1,0.003,3,0.008,3,0.01,4,0.016,5,0.024,2,0.012,3,0.025
Region 1,Region 4,5,0.05,2,0.044,2,0.07,4,0.202,1,0.054,0,0,0,0,2,0.011,5,0.016,6,0.017,2,0.007,6,0.023,7,0.024,5,0.015,4,0.012,4,0.012,8,0.021,9,0.02,10,0.022,7,0.02,6,0.022,11,0.046,10,0.049,6,0.039,4,0.03,2,0.034,4,0.111,2,0.081,0,0,1,0.029,1,0.013,0,0,8,0.032,4,0.014,2,0.008,7,0.026,4,0.013,5,0.015,5,0.014,10,0.026,11,0.027,6,0.013,10,0.022,15,0.04,14,0.049,9,0.037,11,0.049,13,0.066,12,0.049,16,0.107,23,0.27,7,0.112,9,0.238,1,0.034,0,0,2,0.028,4,0.036,6,0.036,3,0.013,11,0.037,5,0.015,10,0.028,8,0.022,8,0.021,10,0.025,11,0.027,7,0.018,8,0.024,9,0.033,8,0.032,14,0.059,15,0.07,20,0.088,17,0.112,12,0.124,15,0.201,1,0.024,0,0,0,0,0,0,8,0.1,8,0.061,7,0.033,8,0.029,10,0.031,14,0.04,8,0.022,6,0.017,14,0.038,6,0.016,11,0.03,6,0.021,4,0.016,5,0.024,7,0.043,7,0.059
Region 1,Region 5,6,0.06,4,0.088,2,0.07,2,0.101,0,0,0,0,3,0.036,5,0.029,12,0.039,15,0.044,9,0.032,7,0.026,10,0.034,7,0.022,11,0.034,5,0.015,2,0.005,6,0.013,5,0.011,9,0.025,8,0.029,14,0.059,10,0.049,4,0.026,6,0.045,10,0.17,1,0.028,2,0.081,1,0.047,2,0.058,1,0.013,6,0.038,14,0.056,7,0.025,7,0.026,10,0.037,6,0.02,7,0.02,5,0.014,5,0.013,6,0.014,4,0.009,6,0.013,5,0.013,9,0.031,9,0.037,6,0.027,10,0.051,8,0.033,12,0.081,9,0.106,5,0.08,1,0.026,2,0.068,1,0.024,1,0.014,4,0.036,7,0.043,7,0.03,12,0.04,9,0.027,7,0.019,13,0.036,10,0.026,10,0.025,9,0.022,8,0.021,6,0.018,5,0.018,13,0.052,5,0.021,11,0.052,12,0.053,15,0.099,6,0.062,5,0.067,0,0,1,0.032,0,0,3,0.054,3,0.037,3,0.023,10,0.048,12,0.043,13,0.041,7,0.02,12,0.033,8,0.022,4,0.011,5,0.013,6,0.016,12,0.041,8,0.033,3,0.014,3,0.018,2,0.017
Region 1,Region 6,20,0.199,8,0.175,7,0.246,5,0.253,0,0,1,0.029,2,0.024,12,0.069,13,0.042,27,0.079,33,0.117,24,0.09,26,0.089,36,0.111,39,0.119,43,0.125,52,0.135,69,0.153,92,0.203,76,0.213,47,0.171,61,0.255,39,0.189,22,0.143,22,0.164,13,0.221,14,0.389,3,0.121,1,0.047,1,0.029,3,0.038,10,0.063,12,0.048,20,0.072,27,0.101,41,0.15,36,0.119,57,0.166,58,0.161,52,0.136,51,0.123,76,0.167,95,0.209,76,0.205,76,0.264,49,0.201,37,0.166,46,0.233,52,0.213,46,0.309,23,0.27,12,0.192,12,0.317,1,0.034,2,0.048,5,0.069,11,0.099,17,0.103,27,0.115,42,0.141,56,0.169,45,0.125,67,0.183,48,0.127,55,0.139,56,0.138,49,0.126,62,0.189,51,0.189,50,0.2,48,0.201,53,0.249,37,0.163,27,0.177,34,0.352,23,0.308,11,0.264,3,0.096,1,0.027,2,0.036,10,0.124,8,0.061,28,0.134,43,0.154,41,0.128,61,0.174,49,0.136,51,0.14,42,0.113,37,0.098,52,0.143,48,0.164,42,0.172,37,0.174,23,0.14,15,0.126
Region 1,Region 7,10,0.099,4,0.088,4,0.141,5,0.253,1,0.054,2,0.058,2,0.024,12,0.069,10,0.032,7,0.02,13,0.046,17,0.064,14,0.048,11,0.034,22,0.067,14,0.041,17,0.044,25,0.055,30,0.066,12,0.034,16,0.058,24,0.1,23,0.112,13,0.085,6,0.045,4,0.068,6,0.167,4,0.162,3,0.142,3,0.088,1,0.013,13,0.082,14,0.056,11,0.039,11,0.041,13,0.048,13,0.043,17,0.05,11,0.031,16,0.042,16,0.039,16,0.035,11,0.024,14,0.038,24,0.083,14,0.057,19,0.085,16,0.081,19,0.078,14,0.094,12,0.141,16,0.256,5,0.132,3,0.103,1,0.024,5,0.069,7,0.063,1,0.006,8,0.034,18,0.06,17,0.051,21,0.058,26,0.071,27,0.071,20,0.051,14,0.035,18,0.046,16,0.049,17,0.063,18,0.072,19,0.08,27,0.127,16,0.07,23,0.151,27,0.28,29,0.388,8,0.192,3,0.096,3,0.08,6,0.107,1,0.012,5,0.038,9,0.043,11,0.039,9,0.028,11,0.031,8,0.022,16,0.044,20,0.054,13,0.034,9,0.025,15,0.051,11,0.045,12,0.056,13,0.079,11,0.092
Region 1,Region 8,20,0.199,16,0.351,10,0.352,13,0.657,5,0.268,2,0.058,6,0.072,31,0.177,72,0.232,66,0.192,48,0.17,62,0.233,44,0.151,57,0.175,63,0.193,73,0.213,79,0.205,87,0.192,101,0.222,68,0.191,57,0.207,61,0.255,52,0.253,55,0.358,30,0.224,22,0.374,14,0.389,13,0.525,6,0.284,4,0.117,9,0.113,30,0.19,48,0.192,46,0.165,38,0.143,48,0.176,56,0.185,63,0.184,63,0.175,75,0.196,75,0.181,79,0.174,77,0.169,80,0.215,74,0.257,76,0.312,58,0.26,51,0.258,68,0.278,68,0.457,49,0.575,57,0.912,26,0.687,4,0.137,7,0.168,17,0.236,20,0.181,34,0.207,39,0.166,62,0.208,69,0.208,81,0.225,76,0.208,74,0.195,89,0.226,82,0.202,84,0.216,83,0.253,77,0.285,71,0.283,48,0.201,66,0.31,92,0.405,68,0.447,56,0.58,54,0.723,32,0.767,12,0.384,3,0.08,15,0.268,16,0.199,21,0.161,39,0.187,66,0.236,74,0.232,81,0.231,84,0.232,79,0.217,51,0.137,52,0.138,54,0.148,48,0.164,40,0.164,44,0.207,30,0.183,28,0.234
Region 1,Region 9,7,0.069,0,0,2,0.07,0,0,0,0,4,0.116,13,0.156,4,0.023,3,0.01,9,0.026,6,0.021,8,0.03,9,0.031,12,0.037,17,0.052,8,0.023,20,0.052,39,0.086,15,0.033,10,0.028,9,0.033,4,0.017,5,0.024,3,0.02,6,0.045,6,0.102,3,0.083,1,0.04,2,0.095,4,0.117,14,0.176,7,0.044,14,0.056,6,0.022,11,0.041,5,0.018,10,0.033,16,0.047,22,0.061,9,0.024,19,0.046,17,0.037,15,0.033,7,0.019,7,0.024,4,0.016,5,0.022,5,0.025,9,0.037,9,0.06,10,0.117,7,0.112,2,0.053,9,0.308,4,0.096,7,0.097,3,0.027,1,0.006,7,0.03,17,0.057,8,0.024,16,0.044,20,0.055,13,0.034,11,0.028,13,0.032,10,0.026,6,0.018,12,0.044,8,0.032,9,0.038,10,0.047,11,0.048,9,0.059,15,0.155,11,0.147,6,0.144,10,0.32,9,0.24,10,0.179,6,0.075,9,0.069,10,0.048,7,0.025,17,0.053,25,0.071,13,0.036,18,0.05,15,0.04,13,0.034,13,0.036,5,0.017,5,0.02,5,0.024,6,0.037,1,0.008
Region 1,Region 10,36,0.357,32,0.702,14,0.492,17,0.859,11,0.59,4,0.116,17,0.204,60,0.343,110,0.355,142,0.413,91,0.322,109,0.409,99,0.34,134,0.412,142,0.435,126,0.367,132,0.342,197,0.436,183,0.403,152,0.426,92,0.334,119,0.498,94,0.457,58,0.377,52,0.389,44,0.749,27,0.751,21,0.848,10,0.473,4,0.117,18,0.227,51,0.324,91,0.364,111,0.398,96,0.361,99,0.363,97,0.32,158,0.461,124,0.344,138,0.361,173,0.417,190,0.418,142,0.313,112,0.301,101,0.35,86,0.353,101,0.453,92,0.465,150,0.614,125,0.84,72,0.845,58,0.928,27,0.713,14,0.479,15,0.36,15,0.208,42,0.379,62,0.377,100,0.425,140,0.47,153,0.461,167,0.463,154,0.421,146,0.385,134,0.34,144,0.355,127,0.327,125,0.381,77,0.285,103,0.411,111,0.465,109,0.512,107,0.471,108,0.71,86,0.89,82,1.098,24,0.575,12,0.384,9,0.24,13,0.232,26,0.324,52,0.398,76,0.364,96,0.344,142,0.445,170,0.485,153,0.423,141,0.388,134,0.361,108,0.286,129,0.354,74,0.253,72,0.295,70,0.329,42,0.256,38,0.318
Region 1,Region 11,2,0.02,5,0.11,1,0.035,1,0.051,0,0,1,0.029,0,0,7,0.04,5,0.016,5,0.015,6,0.021,7,0.026,16,0.055,5,0.015,12,0.037,11,0.032,12,0.031,19,0.042,9,0.02,8,0.022,9,0.033,9,0.038,10,0.049,12,0.078,5,0.037,7,0.119,5,0.139,3,0.121,0,0,2,0.058,2,0.025,8,0.051,4,0.016,9,0.032,1,0.004,5,0.018,5,0.016,10,0.029,8,0.022,5,0.013,8,0.019,18,0.04,18,0.04,13,0.035,8,0.028,16,0.066,10,0.045,8,0.04,11,0.045,7,0.047,11,0.129,12,0.192,3,0.079,2,0.068,1,0.024,4,0.055,3,0.027,0,0,5,0.021,5,0.017,4,0.012,11,0.031,13,0.036,10,0.026,14,0.035,6,0.015,8,0.021,13,0.04,7,0.026,4,0.016,16,0.067,12,0.056,8,0.035,9,0.059,6,0.062,5,0.067,1,0.024,0,0,1,0.027,2,0.036,1,0.012,3,0.023,7,0.033,7,0.025,6,0.019,7,0.02,5,0.014,12,0.033,16,0.043,6,0.016,7,0.019,2,0.007,9,0.037,5,0.024,9,0.055,3,0.025
Region 1,Region 12,7,0.069,5,0.11,1,0.035,2,0.101,1,0.054,3,0.087,2,0.024,2,0.011,15,0.048,6,0.017,9,0.032,6,0.023,6,0.021,9,0.028,19,0.058,9,0.026,14,0.036,14,0.031,17,0.037,20,0.056,13,0.047,5,0.021,5,0.024,3,0.02,2,0.015,6,0.102,2,0.056,1,0.04,3,0.142,0,0,0,0,6,0.038,8,0.032,7,0.025,8,0.03,4,0.015,14,0.046,15,0.044,16,0.044,10,0.026,14,0.034,16,0.035,21,0.046,13,0.035,18,0.062,11,0.045,6,0.027,5,0.025,13,0.053,11,0.074,7,0.082,5,0.08,4,0.106,2,0.068,2,0.048,5,0.069,0,0,4,0.024,5,0.021,13,0.044,15,0.045,14,0.039,8,0.022,23,0.061,8,0.02,8,0.02,8,0.021,7,0.021,13,0.048,12,0.048,9,0.038,12,0.056,8,0.035,9,0.059,12,0.124,20,0.268,6,0.144,1,0.032,1,0.027,1,0.018,2,0.025,4,0.031,10,0.048,8,0.029,8,0.025,5,0.014,12,0.033,9,0.025,9,0.024,7,0.019,9,0.025,10,0.034,9,0.037,13,0.061,8,0.049,9,0.075
Region 1,Region 13,35,0.347,22,0.483,15,0.528,7,0.354,3,0.161,5,0.146,14,0.168,32,0.183,124,0.4,120,0.349,88,0.311,66,0.248,78,0.268,81,0.249,109,0.334,97,0.283,134,0.347,160,0.354,149,0.328,139,0.39,106,0.385,110,0.46,87,0.423,73,0.475,42,0.314,34,0.578,28,0.779,15,0.606,11,0.52,8,0.234,16,0.201,31,0.197,85,0.34,111,0.398,73,0.274,77,0.282,91,0.3,82,0.239,87,0.241,102,0.267,123,0.297,120,0.264,131,0.288,98,0.264,75,0.26,105,0.43,91,0.408,73,0.369,113,0.462,117,0.786,84,0.986,49,0.784,23,0.608,14,0.479,11,0.264,11,0.152,29,0.262,39,0.237,72,0.306,117,0.393,137,0.413,125,0.347,141,0.385,121,0.319,143,0.363,121,0.298,86,0.222,80,0.244,86,0.318,111,0.443,142,0.595,130,0.611,129,0.567,111,0.73,103,1.066,87,1.165,22,0.527,14,0.448,6,0.16,8,0.143,15,0.187,37,0.283,72,0.344,79,0.283,107,0.335,131,0.373,99,0.274,88,0.242,102,0.275,103,0.273,82,0.225,59,0.202,76,0.311,62,0.292,47,0.287,24,0.201
Region 1,Region 14,23,0.228,20,0.439,7,0.246,8,0.404,4,0.215,10,0.291,29,0.348,28,0.16,68,0.219,79,0.23,40,0.141,39,0.146,61,0.209,70,0.215,57,0.174,72,0.21,57,0.148,73,0.161,59,0.13,57,0.16,48,0.174,62,0.259,52,0.253,47,0.306,30,0.224,19,0.323,14,0.389,7,0.283,5,0.236,10,0.292,25,0.315,38,0.241,65,0.26,49,0.176,45,0.169,61,0.224,52,0.172,68,0.199,79,0.219,74,0.194,56,0.135,75,0.165,55,0.121,60,0.162,50,0.173,52,0.213,48,0.215,46,0.233,34,0.139,35,0.235,48,0.563,28,0.448,16,0.423,15,0.513,15,0.36,18,0.249,29,0.262,31,0.188,56,0.238,49,0.165,68,0.205,77,0.214,74,0.202,76,0.201,58,0.147,68,0.168,63,0.162,48,0.146,42,0.155,49,0.196,60,0.251,42,0.197,68,0.299,57,0.375,44,0.456,41,0.549,17,0.407,30,0.96,12,0.321,15,0.268,24,0.299,31,0.237,65,0.311,57,0.204,72,0.225,75,0.214,77,0.213,45,0.124,54,0.146,71,0.188,60,0.165,53,0.181,53,0.217,33,0.155,37,0.226,26,0.218
Region 1,Region 15,5,0.05,2,0.044,4,0.141,1,0.051,0,0,0,0,0,0,0,0,2,0.006,8,0.023,5,0.018,2,0.008,3,0.01,7,0.022,6,0.018,2,0.006,11,0.029,13,0.029,18,0.04,8,0.022,5,0.018,5,0.021,8,0.039,6,0.039,4,0.03,2,0.034,4,0.111,2,0.081,3,0.142,0,0,0,0,2,0.013,2,0.008,2,0.007,3,0.011,3,0.011,5,0.016,8,0.023,11,0.031,4,0.01,6,0.014,11,0.024,12,0.026,4,0.011,4,0.014,4,0.016,6,0.027,3,0.015,7,0.029,5,0.034,4,0.047,5,0.08,1,0.026,0,0,0,0,0,0,3,0.027,2,0.012,4,0.017,5,0.017,9,0.027,4,0.011,14,0.038,4,0.011,12,0.03,8,0.02,3,0.008,4,0.012,5,0.018,1,0.004,8,0.034,6,0.028,9,0.04,8,0.053,4,0.041,6,0.08,2,0.048,1,0.032,1,0.027,0,0,3,0.037,3,0.023,3,0.014,2,0.007,3,0.009,7,0.02,6,0.017,8,0.022,11,0.03,7,0.019,6,0.016,9,0.031,4,0.016,3,0.014,4,0.024,6,0.05
Region 1,Region 16,0,0,0,0,1,0.035,1,0.051,0,0,0,0,1,0.012,2,0.011,1,0.003,1,0.003,3,0.011,3,0.011,2,0.007,0,0,2,0.006,3,0.009,7,0.018,5,0.011,6,0.013,5,0.014,6,0.022,5,0.021,3,0.015,2,0.013,0,0,2,0.034,3,0.083,0,0,0,0,0,0,1,0.013,1,0.006,1,0.004,4,0.014,2,0.008,1,0.004,4,0.013,2,0.006,3,0.008,6,0.016,5,0.012,4,0.009,9,0.02,10,0.027,5,0.017,6,0.025,6,0.027,8,0.04,4,0.016,3,0.02,2,0.023,1,0.016,0,0,0,0,0,0,0,0,1,0.009,2,0.012,3,0.013,2,0.007,3,0.009,2,0.006,7,0.019,2,0.005,6,0.015,8,0.02,6,0.015,3,0.009,1,0.004,5,0.02,4,0.017,8,0.038,5,0.022,4,0.026,8,0.083,3,0.04,0,0,1,0.032,0,0,0,0,0,0,2,0.015,3,0.014,5,0.018,2,0.006,6,0.017,4,0.011,2,0.006,7,0.019,2,0.005,4,0.011,1,0.003,3,0.012,1,0.005,3,0.018,1,0.008
Region 1,Region 17,52,0.516,30,0.658,24,0.844,17,0.859,8,0.429,6,0.175,16,0.192,28,0.16,96,0.31,153,0.445,76,0.269,53,0.199,79,0.271,94,0.289,63,0.193,87,0.254,80,0.207,93,0.206,128,0.282,141,0.395,135,0.49,91,0.38,97,0.471,90,0.585,78,0.583,54,0.919,38,1.057,27,1.091,9,0.426,6,0.175,16,0.201,28,0.178,60,0.24,77,0.276,77,0.289,80,0.293,84,0.277,73,0.213,89,0.247,106,0.277,104,0.251,119,0.262,206,0.453,200,0.538,192,0.666,120,0.492,129,0.578,155,0.784,177,0.724,129,0.867,90,1.056,82,1.312,30,0.793,17,0.582,6,0.144,12,0.166,24,0.217,32,0.195,50,0.213,70,0.235,88,0.265,99,0.275,68,0.186,115,0.303,103,0.261,123,0.303,132,0.34,186,0.567,144,0.532,117,0.467,127,0.532,173,0.813,168,0.739,133,0.874,95,0.984,86,1.152,46,1.102,16,0.512,11,0.294,10,0.179,16,0.199,26,0.199,35,0.167,57,0.204,84,0.263,83,0.237,81,0.224,99,0.272,89,0.24,107,0.283,140,0.384,119,0.407,141,0.577,88,0.414,55,0.335,71,0.594
Region 1,Region 18,8,0.079,2,0.044,2,0.07,2,0.101,0,0,1,0.029,0,0,5,0.029,8,0.026,6,0.017,7,0.025,9,0.034,7,0.024,2,0.006,6,0.018,17,0.05,13,0.034,15,0.033,12,0.026,10,0.028,13,0.047,5,0.021,6,0.029,7,0.046,8,0.06,1,0.017,3,0.083,2,0.081,2,0.095,0,0,1,0.013,3,0.019,11,0.044,9,0.032,4,0.015,9,0.033,5,0.016,5,0.015,9,0.025,12,0.031,11,0.027,17,0.037,10,0.022,16,0.043,10,0.035,9,0.037,2,0.009,10,0.051,9,0.037,11,0.074,6,0.07,7,0.112,5,0.132,0,0,0,0,3,0.042,3,0.027,2,0.012,2,0.009,13,0.044,6,0.018,5,0.014,15,0.041,6,0.016,8,0.02,13,0.032,11,0.028,13,0.04,9,0.033,15,0.06,7,0.029,6,0.028,7,0.031,7,0.046,4,0.041,9,0.121,7,0.168,1,0.032,0,0,2,0.036,4,0.05,3,0.023,2,0.01,3,0.011,8,0.025,7,0.02,12,0.033,8,0.022,13,0.035,9,0.024,6,0.016,9,0.031,6,0.025,9,0.042,5,0.03,5,0.042
Region 1,Region 19,18,0.179,8,0.175,6,0.211,3,0.152,0,0,2,0.058,1,0.012,7,0.04,26,0.084,29,0.084,19,0.067,25,0.094,26,0.089,28,0.086,26,0.08,26,0.076,40,0.104,63,0.139,74,0.163,41,0.115,25,0.091,32,0.134,13,0.063,20,0.13,17,0.127,9,0.153,13,0.362,3,0.121,3,0.142,3,0.088,2,0.025,3,0.019,17,0.068,19,0.068,12,0.045,21,0.077,23,0.076,30,0.088,26,0.072,36,0.094,44,0.106,41,0.09,52,0.114,30,0.081,22,0.076,26,0.107,22,0.099,30,0.152,32,0.131,32,0.215,22,0.258,12,0.192,8,0.211,2,0.068,2,0.048,11,0.152,9,0.081,9,0.055,13,0.055,14,0.047,17,0.051,45,0.125,36,0.098,28,0.074,40,0.101,36,0.089,36,0.093,33,0.101,24,0.089,29,0.116,22,0.092,28,0.132,24,0.106,24,0.158,16,0.166,30,0.402,4,0.096,2,0.064,1,0.027,7,0.125,6,0.075,8,0.061,10,0.048,13,0.047,29,0.091,30,0.086,35,0.097,46,0.127,33,0.089,38,0.101,26,0.071,19,0.065,18,0.074,17,0.08,21,0.128,17,0.142
Region 1,Region 20,23,0.228,14,0.307,15,0.528,6,0.303,1,0.054,6,0.175,5,0.06,25,0.143,35,0.113,62,0.18,43,0.152,28,0.105,48,0.165,47,0.145,49,0.15,47,0.137,55,0.143,61,0.135,58,0.128,57,0.16,50,0.182,54,0.226,46,0.223,43,0.28,33,0.247,18,0.306,17,0.473,2,0.081,5,0.236,2,0.058,1,0.013,22,0.14,32,0.128,49,0.176,43,0.162,43,0.158,43,0.142,50,0.146,51,0.141,56,0.146,55,0.133,74,0.163,59,0.13,59,0.159,60,0.208,62,0.254,67,0.3,69,0.349,72,0.294,66,0.443,48,0.563,58,0.928,10,0.264,5,0.171,8,0.192,5,0.069,11,0.099,18,0.109,19,0.081,37,0.124,49,0.148,54,0.15,42,0.115,56,0.148,54,0.137,55,0.136,64,0.165,65,0.198,47,0.174,48,0.192,56,0.235,66,0.31,60,0.264,59,0.388,61,0.632,40,0.536,15,0.359,5,0.16,4,0.107,9,0.161,4,0.05,9,0.069,15,0.072,36,0.129,43,0.135,47,0.134,42,0.116,44,0.121,41,0.11,45,0.119,29,0.08,36,0.123,33,0.135,42,0.197,24,0.146,19,0.159
Region 1,Region 21,3,0.03,1,0.022,1,0.035,0,0,0,0,1,0.029,0,0,1,0.006,0,0,0,0,5,0.018,0,0,9,0.031,3,0.009,3,0.009,3,0.009,7,0.018,9,0.02,12,0.026,8,0.022,6,0.022,8,0.033,11,0.053,4,0.026,4,0.03,1,0.017,0,0,0,0,0,0,0,0,3,0.038,1,0.006,4,0.016,3,0.011,3,0.011,7,0.026,4,0.013,2,0.006,7,0.019,6,0.016,5,0.012,8,0.018,6,0.013,5,0.013,8,0.028,10,0.041,4,0.018,4,0.02,6,0.025,9,0.06,12,0.141,7,0.112,0,0,2,0.068,0,0,1,0.014,1,0.009,3,0.018,5,0.021,5,0.017,6,0.018,19,0.053,11,0.03,12,0.032,6,0.015,8,0.02,7,0.018,8,0.024,6,0.022,4,0.016,8,0.034,9,0.042,14,0.062,8,0.053,4,0.041,8,0.107,3,0.072,0,0,0,0,1,0.018,3,0.037,3,0.023,6,0.029,9,0.032,4,0.013,1,0.003,7,0.019,4,0.011,9,0.024,10,0.026,2,0.005,4,0.014,5,0.02,6,0.028,2,0.012,4,0.033
Region 1,Region 22,0,0,2,0.044,1,0.035,2,0.101,1,0.054,0,0,0,0,0,0,1,0.003,1,0.003,1,0.004,0,0,3,0.01,3,0.009,3,0.009,3,0.009,8,0.021,9,0.02,15,0.033,9,0.025,4,0.015,8,0.033,9,0.044,3,0.02,3,0.022,5,0.085,0,0,0,0,0,0,1,0.029,0,0,1,0.006,2,0.008,0,0,3,0.011,4,0.015,4,0.013,5,0.015,5,0.014,4,0.01,9,0.022,11,0.024,13,0.029,6,0.016,3,0.01,4,0.016,7,0.031,7,0.035,0,0,4,0.027,1,0.012,4,0.064,1,0.026,0,0,0,0,0,0,0,0,6,0.036,3,0.013,8,0.027,7,0.021,5,0.014,4,0.011,8,0.021,4,0.01,4,0.01,4,0.01,3,0.009,1,0.004,5,0.02,4,0.017,5,0.023,9,0.04,9,0.059,4,0.041,2,0.027,1,0.024,2,0.064,0,0,0,0,0,0,1,0.008,5,0.024,7,0.025,4,0.013,9,0.026,8,0.022,5,0.014,7,0.019,8,0.021,6,0.016,3,0.01,4,0.016,3,0.014,2,0.012,0,0
Region 1,Region 23,32,0.318,22,0.483,10,0.352,7,0.354,6,0.322,5,0.146,11,0.132,18,0.103,56,0.181,65,0.189,42,0.149,36,0.135,33,0.113,67,0.206,58,0.178,72,0.21,60,0.156,115,0.254,99,0.218,74,0.207,45,0.163,56,0.234,54,0.262,59,0.384,54,0.404,12,0.204,11,0.306,18,0.727,4,0.189,7,0.205,14,0.176,25,0.159,51,0.204,46,0.165,39,0.147,44,0.161,48,0.158,56,0.164,71,0.197,80,0.209,92,0.222,85,0.187,88,0.194,58,0.156,42,0.146,76,0.312,54,0.242,59,0.299,120,0.491,69,0.464,28,0.329,40,0.64,22,0.581,2,0.068,11,0.264,15,0.208,20,0.181,28,0.17,45,0.191,43,0.145,81,0.244,55,0.153,79,0.216,71,0.187,56,0.142,47,0.116,43,0.111,44,0.134,44,0.163,63,0.251,51,0.214,61,0.287,80,0.352,68,0.447,44,0.456,42,0.562,22,0.527,8,0.256,12,0.321,5,0.089,8,0.1,15,0.115,35,0.167,49,0.175,75,0.235,70,0.2,75,0.207,48,0.132,63,0.17,38,0.101,67,0.184,40,0.137,37,0.151,49,0.23,28,0.171,33,0.276
Region 1,Region 24,0,0,0,0,0,0,0,0,0,0,0,0,0,0,0,0,0,0,2,0.006,1,0.004,3,0.011,3,0.01,4,0.012,2,0.006,4,0.012,2,0.005,6,0.013,5,0.011,7,0.02,6,0.022,4,0.017,4,0.019,5,0.033,4,0.03,0,0,0,0,1,0.04,0,0,0,0,0,0,2,0.013,3,0.012,3,0.011,0,0,2,0.007,2,0.007,3,0.009,5,0.014,3,0.008,6,0.014,1,0.002,4,0.009,5,0.013,4,0.014,3,0.012,7,0.031,5,0.025,5,0.02,2,0.013,2,0.023,4,0.064,1,0.026,0,0,0,0,0,0,1,0.009,1,0.006,3,0.013,3,0.01,4,0.012,4,0.011,5,0.014,5,0.013,2,0.005,6,0.015,2,0.005,3,0.009,6,0.022,4,0.016,3,0.013,3,0.014,4,0.018,4,0.026,3,0.031,4,0.054,0,0,0,0,1,0.027,0,0,1,0.012,3,0.023,5,0.024,10,0.036,6,0.019,5,0.014,5,0.014,6,0.017,5,0.013,4,0.011,3,0.008,3,0.01,3,0.012,2,0.009,4,0.024,0,0
Region 1,Region 25,10,0.099,3,0.066,3,0.106,5,0.253,2,0.107,1,0.029,1,0.012,7,0.04,16,0.052,29,0.084,24,0.085,21,0.079,31,0.106,29,0.089,25,0.077,22,0.064,18,0.047,20,0.044,37,0.081,33,0.093,17,0.062,21,0.088,15,0.073,20,0.13,8,0.06,2,0.034,9,0.25,7,0.283,4,0.189,2,0.058,1,0.013,10,0.063,20,0.08,20,0.072,24,0.09,16,0.059,17,0.056,28,0.082,21,0.058,18,0.047,31,0.075,25,0.055,31,0.068,12,0.032,22,0.076,16,0.066,12,0.054,19,0.096,24,0.098,11,0.074,18,0.211,11,0.176,5,0.132,3,0.103,2,0.048,3,0.042,8,0.072,16,0.097,8,0.034,24,0.081,28,0.084,23,0.064,13,0.036,21,0.055,25,0.063,35,0.086,21,0.054,17,0.052,22,0.081,30,0.12,21,0.088,20,0.094,14,0.062,24,0.158,17,0.176,16,0.214,4,0.096,4,0.128,1,0.027,4,0.071,3,0.037,7,0.054,7,0.033,15,0.054,23,0.072,18,0.051,25,0.069,21,0.058,21,0.057,12,0.032,12,0.033,21,0.072,13,0.053,18,0.085,21,0.128,5,0.042
Region 2,Region 0,12,0.119,16,0.351,4,0.141,2,0.101,3,0.161,2,0.058,6,0.072,8,0.046,48,0.155,46,0.134,53,0.187,37,0.139,34,0.117,45,0.139,47,0.144,54,0.157,72,0.187,97,0.215,115,0.253,62,0.174,44,0.16,46,0.192,86,0.418,44,0.286,28,0.209,12,0.204,10,0.278,2,0.081,1,0.047,3,0.088,3,0.038,12,0.076,29,0.116,35,0.126,27,0.101,42,0.154,50,0.165,45,0.131,46,0.128,63,0.165,61,0.147,64,0.141,53,0.117,55,0.148,41,0.142,36,0.148,46,0.206,43,0.218,59,0.241,65,0.437,49,0.575,34,0.544,10,0.264,6,0.205,4,0.096,12,0.166,11,0.099,19,0.116,37,0.157,47,0.158,46,0.139,59,0.164,50,0.137,44,0.116,40,0.101,52,0.128,52,0.134,45,0.137,41,0.152,44,0.176,54,0.226,111,0.522,231,1.016,142,0.933,87,0.901,35,0.469,19,0.455,10,0.32,4,0.107,8,0.143,10,0.124,23,0.176,43,0.206,52,0.186,67,0.21,80,0.228,45,0.124,46,0.127,41,0.11,49,0.13,31,0.085,23,0.079,18,0.074,25,0.118,14,0.085,30,0.251
Region 2,Region 1,25,0.248,13,0.285,11,0.387,1,0.051,2,0.107,3,0.087,9,0.108,14,0.08,30,0.097,52,0.151,42,0.149,35,0.131,56,0.192,50,0.154,52,0.159,43,0.125,83,0.215,114,0.252,120,0.264,92,0.258,65,0.236,47,0.197,58,0.282,35,0.228,39,0.292,16,0.272,8,0.223,13,0.525,1,0.047,2,0.058,4,0.05,12,0.076,35,0.14,31,0.111,48,0.18,39,0.143,36,0.119,75,0.219,71,0.197,68,0.178,64,0.154,101,0.222,105,0.231,88,0.237,75,0.26,66,0.271,61,0.273,77,0.39,77,0.315,66,0.443,70,0.821,33,0.528,13,0.343,10,0.342,1,0.024,3,0.042,10,0.09,15,0.091,34,0.145,44,0.148,58,0.175,75,0.208,63,0.172,63,0.166,62,0.157,79,0.195,96,0.247,79,0.241,80,0.296,80,0.319,78,0.327,95,0.446,130,0.572,102,0.67,72,0.745,52,0.696,19,0.455,4,0.128,7,0.187,6,0.107,9,0.112,9,0.069,22,0.105,38,0.136,46,0.144,60,0.171,57,0.158,56,0.154,42,0.113,61,0.162,57,0.156,44,0.15,35,0.143,32,0.15,42,0.256,22,0.184
Region 2,Region 2,76,0.755,30,0.658,20,0.703,7,0.354,9,0.483,12,0.349,23,0.276,65,0.372,171,0.551,254,0.739,195,0.69,137,0.514,179,0.615,198,0.609,182,0.557,197,0.574,209,0.542,301,0.666,339,0.746,252,0.706,177,0.643,145,0.606,97,0.471,80,0.52,106,0.792,35,0.595,23,0.64,17,0.687,5,0.236,16,0.468,29,0.365,42,0.266,103,0.412,137,0.492,155,0.583,144,0.528,171,0.564,179,0.523,194,0.538,201,0.526,240,0.579,276,0.607,273,0.601,202,0.544,151,0.524,148,0.607,149,0.668,121,0.612,186,0.761,101,0.678,106,1.244,65,1.04,24,0.634,10,0.342,25,0.6,30,0.416,50,0.452,109,0.663,143,0.608,163,0.548,152,0.458,183,0.508,157,0.429,168,0.443,194,0.492,327,0.806,417,1.074,280,0.853,184,0.68,175,0.698,195,0.817,241,1.132,331,1.456,164,1.078,132,1.367,74,0.991,35,0.839,21,0.672,13,0.347,20,0.357,41,0.51,80,0.612,129,0.617,172,0.615,202,0.632,172,0.49,132,0.365,129,0.355,121,0.326,144,0.381,143,0.392,126,0.431,104,0.426,105,0.494,84,0.512,77,0.645
Region 2,Region 3,1,0.01,0,0,0,0,0,0,1,0.054,0,0,0,0,2,0.011,4,0.013,3,0.009,2,0.007,1,0.004,1,0.003,2,0.006,5,0.015,6,0.017,5,0.013,8,0.018,10,0.022,4,0.011,2,0.007,0,0,7,0.034,1,0.007,2,0.015,0,0,2,0.056,0,0,1,0.047,0,0,0,0,0,0,3,0.012,2,0.007,1,0.004,2,0.007,3,0.01,6,0.018,8,0.022,3,0.008,4,0.01,8,0.018,12,0.026,8,0.022,1,0.003,3,0.012,1,0.004,1,0.005,2,0.008,2,0.013,1,0.012,0,0,1,0.026,0,0,0,0,1,0.014,1,0.009,2,0.012,2,0.009,5,0.017,5,0.015,6,0.017,2,0.005,3,0.008,2,0.005,2,0.005,3,0.008,1,0.003,5,0.018,2,0.008,3,0.013,8,0.038,10,0.044,4,0.026,3,0.031,1,0.013,0,0,1,0.032,0,0,0,0,0,0,0,0,2,0.01,2,0.007,2,0.006,5,0.014,7,0.019,3,0.008,5,0.013,3,0.008,6,0.016,3,0.01,1,0.004,1,0.005,0,0,4,0.033
Region 2,Region 4,7,0.069,2,0.044,2,0.07,1,0.051,1,0.054,0,0,0,0,0,0,1,0.003,2,0.006,10,0.035,7,0.026,5,0.017,5,0.015,12,0.037,8,0.023,5,0.013,9,0.02,20,0.044,18,0.05,7,0.025,10,0.042,13,0.063,14,0.091,6,0.045,4,0.068,1,0.028,3,0.121,2,0.095,1,0.029,0,0,1,0.006,1,0.004,3,0.011,1,0.004,5,0.018,7,0.023,10,0.029,6,0.017,9,0.024,12,0.029,7,0.015,8,0.018,10,0.027,10,0.035,4,0.016,11,0.049,10,0.051,21,0.086,23,0.155,15,0.176,12,0.192,3,0.079,3,0.103,1,0.024,1,0.014,4,0.036,6,0.036,5,0.021,8,0.027,9,0.027,9,0.025,11,0.03,7,0.018,4,0.01,5,0.012,7,0.018,5,0.015,5,0.018,9,0.036,13,0.054,19,0.089,29,0.128,16,0.105,29,0.3,11,0.147,1,0.024,2,0.064,3,0.08,1,0.018,4,0.05,2,0.015,10,0.048,10,0.036,13,0.041,4,0.011,11,0.03,7,0.019,9,0.024,11,0.029,8,0.022,5,0.017,12,0.049,3,0.014,2,0.012,7,0.059
Region 2,Region 5,2,0.02,1,0.022,1,0.035,0,0,0,0,1,0.029,0,0,3,0.017,4,0.013,2,0.006,2,0.007,2,0.008,4,0.014,4,0.012,3,0.009,6,0.017,3,0.008,4,0.009,5,0.011,6,0.017,9,0.033,11,0.046,14,0.068,8,0.052,2,0.015,1,0.017,1,0.028,2,0.081,2,0.095,1,0.029,0,0,2,0.013,2,0.008,10,0.036,5,0.019,4,0.015,3,0.01,4,0.012,4,0.011,4,0.01,3,0.007,3,0.007,3,0.007,4,0.011,1,0.003,6,0.025,5,0.022,5,0.025,11,0.045,6,0.04,6,0.07,5,0.08,0,0,0,0,0,0,1,0.014,5,0.045,2,0.012,7,0.03,4,0.013,3,0.009,3,0.008,4,0.011,3,0.008,3,0.008,3,0.007,3,0.008,10,0.03,6,0.022,3,0.012,5,0.021,13,0.061,38,0.167,18,0.118,5,0.052,6,0.08,0,0,2,0.064,1,0.027,1,0.018,1,0.012,6,0.046,3,0.014,10,0.036,8,0.025,13,0.037,10,0.028,6,0.017,2,0.005,2,0.005,2,0.005,5,0.017,0,0,5,0.024,0,0,1,0.008
Region 2,Region 6,4,0.04,0,0,3,0.106,3,0.152,3,0.161,0,0,2,0.024,2,0.011,4,0.013,9,0.026,7,0.025,8,0.03,5,0.017,14,0.043,11,0.034,14,0.041,16,0.041,25,0.055,29,0.064,19,0.053,8,0.029,7,0.029,10,0.049,21,0.137,2,0.015,4,0.068,2,0.056,1,0.04,1,0.047,1,0.029,1,0.013,3,0.019,7,0.028,9,0.032,12,0.045,9,0.033,11,0.036,13,0.038,16,0.044,16,0.042,10,0.024,20,0.044,27,0.059,15,0.04,15,0.052,12,0.049,7,0.031,9,0.046,12,0.049,10,0.067,7,0.082,3,0.048,0,0,1,0.034,1,0.024,4,0.055,3,0.027,3,0.018,4,0.017,15,0.05,12,0.036,13,0.036,14,0.038,6,0.016,17,0.043,14,0.035,21,0.054,14,0.043,10,0.037,5,0.02,15,0.063,10,0.047,19,0.084,13,0.085,5,0.052,13,0.174,2,0.048,0,0,0,0,2,0.036,1,0.012,2,0.015,6,0.029,13,0.047,14,0.044,17,0.048,11,0.03,19,0.052,8,0.022,9,0.024,8,0.022,9,0.031,6,0.025,2,0.009,8,0.049,3,0.025
Region 2,Region 7,17,0.169,8,0.175,0,0,2,0.101,3,0.161,5,0.146,2,0.024,10,0.057,11,0.035,18,0.052,25,0.088,21,0.079,24,0.082,23,0.071,25,0.077,25,0.073,38,0.099,61,0.135,50,0.11,37,0.104,17,0.062,17,0.071,31,0.151,17,0.111,19,0.142,10,0.17,6,0.167,6,0.242,3,0.142,2,0.058,2,0.025,10,0.063,9,0.036,15,0.054,21,0.079,22,0.081,19,0.063,30,0.088,30,0.083,34,0.089,43,0.104,36,0.079,37,0.081,28,0.075,17,0.059,25,0.102,15,0.067,22,0.111,24,0.098,20,0.134,12,0.141,9,0.144,8,0.211,4,0.137,2,0.048,1,0.014,9,0.081,7,0.043,10,0.043,19,0.064,22,0.066,31,0.086,23,0.063,22,0.058,24,0.061,31,0.076,29,0.075,25,0.076,10,0.037,24,0.096,30,0.126,53,0.249,35,0.154,22,0.145,19,0.197,29,0.388,7,0.168,1,0.032,3,0.08,1,0.018,3,0.037,5,0.038,18,0.086,12,0.043,15,0.047,15,0.043,23,0.064,21,0.058,19,0.051,20,0.053,21,0.058,14,0.048,17,0.07,15,0.071,17,0.104,10,0.084
Region 2,Region 8,41,0.407,21,0.461,9,0.317,12,0.606,2,0.107,3,0.087,14,0.168,46,0.263,89,0.287,97,0.282,84,0.297,64,0.24,74,0.254,82,0.252,105,0.321,122,0.356,180,0.467,200,0.442,187,0.412,110,0.308,63,0.229,61,0.255,80,0.389,70,0.455,37,0.277,17,0.289,15,0.417,8,0.323,9,0.426,5,0.146,6,0.076,28,0.178,70,0.28,93,0.334,83,0.312,78,0.286,88,0.29,107,0.312,135,0.374,157,0.411,172,0.415,162,0.356,142,0.313,67,0.18,71,0.246,67,0.275,64,0.287,81,0.41,94,0.384,61,0.41,50,0.587,44,0.704,24,0.634,9,0.308,12,0.288,21,0.291,27,0.244,33,0.201,60,0.255,78,0.262,103,0.31,91,0.252,131,0.358,93,0.245,107,0.271,112,0.276,93,0.24,84,0.256,63,0.233,50,0.2,78,0.327,162,0.761,291,1.28,119,0.782,96,0.994,54,0.723,17,0.407,5,0.16,6,0.16,13,0.232,22,0.274,27,0.206,59,0.282,67,0.24,77,0.241,81,0.231,106,0.293,70,0.193,71,0.191,58,0.154,58,0.159,42,0.144,37,0.151,37,0.174,47,0.287,42,0.352
Region 2,Region 9,6,0.06,1,0.022,1,0.035,1,0.051,4,0.215,4,0.116,5,0.06,1,0.006,5,0.016,3,0.009,6,0.021,7,0.026,6,0.021,7,0.022,2,0.006,6,0.017,14,0.036,16,0.035,14,0.031,5,0.014,3,0.011,7,0.029,7,0.034,6,0.039,3,0.022,3,0.051,1,0.028,2,0.081,2,0.095,6,0.175,2,0.025,1,0.006,1,0.004,1,0.004,7,0.026,3,0.011,6,0.02,12,0.035,7,0.019,7,0.018,11,0.027,9,0.02,7,0.015,4,0.011,3,0.01,5,0.02,3,0.013,5,0.025,4,0.016,6,0.04,10,0.117,7,0.112,4,0.106,2,0.068,1,0.024,2,0.028,1,0.009,1,0.006,1,0.004,8,0.027,3,0.009,7,0.019,8,0.022,5,0.013,9,0.023,9,0.022,4,0.01,7,0.021,7,0.026,4,0.016,1,0.004,10,0.047,10,0.044,12,0.079,7,0.072,6,0.08,1,0.024,0,0,4,0.107,3,0.054,1,0.012,1,0.008,3,0.014,7,0.025,9,0.028,12,0.034,7,0.019,8,0.022,15,0.04,10,0.026,2,0.005,4,0.014,3,0.012,7,0.033,2,0.012,1,0.008
Region 2,Region 10,16,0.159,5,0.11,4,0.141,1,0.051,3,0.161,5,0.146,7,0.084,21,0.12,33,0.106,34,0.099,22,0.078,28,0.105,35,0.12,30,0.092,37,0.113,31,0.09,59,0.153,82,0.181,81,0.178,38,0.107,19,0.069,32,0.134,52,0.253,18,0.117,13,0.097,5,0.085,8,0.223,6,0.242,1,0.047,0,0,3,0.038,15,0.095,22,0.088,30,0.108,22,0.083,22,0.081,26,0.086,36,0.105,45,0.125,39,0.102,58,0.14,64,0.141,53,0.117,32,0.086,28,0.097,19,0.078,16,0.072,34,0.172,34,0.139,31,0.208,23,0.27,24,0.384,6,0.159,2,0.068,5,0.12,10,0.139,3,0.027,15,0.091,22,0.094,30,0.101,41,0.124,40,0.111,41,0.112,46,0.121,39,0.099,38,0.094,31,0.08,29,0.088,30,0.111,16,0.064,23,0.096,51,0.24,114,0.501,74,0.486,31,0.321,22,0.295,8,0.192,5,0.16,5,0.134,5,0.089,10,0.124,11,0.084,24,0.115,42,0.15,50,0.157,32,0.091,35,0.097,30,0.083,41,0.11,19,0.05,23,0.063,18,0.062,21,0.086,14,0.066,18,0.11,12,0.1
Region 2,Region 11,11,0.109,8,0.175,2,0.07,5,0.253,5,0.268,1,0.029,3,0.036,7,0.04,11,0.035,6,0.017,11,0.039,15,0.056,11,0.038,13,0.04,19,0.058,18,0.052,20,0.052,28,0.062,22,0.048,18,0.05,18,0.065,13,0.054,9,0.044,15,0.098,11,0.082,9,0.153,3,0.083,4,0.162,3,0.142,5,0.146,6,0.076,11,0.07,16,0.064,10,0.036,14,0.053,15,0.055,15,0.049,19,0.055,22,0.061,37,0.097,14,0.034,25,0.055,24,0.053,17,0.046,12,0.042,12,0.049,11,0.049,13,0.066,17,0.07,9,0.06,11,0.129,4,0.064,3,0.079,5,0.171,1,0.024,7,0.097,10,0.09,9,0.055,10,0.043,15,0.05,12,0.036,23,0.064,12,0.033,13,0.034,14,0.035,15,0.037,21,0.054,18,0.055,15,0.055,19,0.076,16,0.067,11,0.052,32,0.141,19,0.125,5,0.052,16,0.214,3,0.072,4,0.128,1,0.027,5,0.089,3,0.037,7,0.054,12,0.057,9,0.032,15,0.047,12,0.034,20,0.055,14,0.039,17,0.046,15,0.04,22,0.06,14,0.048,12,0.049,11,0.052,17,0.104,15,0.126
Region 2,Region 12,4,0.04,3,0.066,5,0.176,2,0.101,1,0.054,1,0.029,3,0.036,6,0.034,12,0.039,13,0.038,18,0.064,16,0.06,15,0.051,24,0.074,21,0.064,24,0.07,29,0.075,32,0.071,35,0.077,17,0.048,15,0.054,15,0.063,12,0.058,2,0.013,6,0.045,7,0.119,4,0.111,1,0.04,1,0.047,2,0.058,2,0.025,9,0.057,9,0.036,13,0.047,7,0.026,10,0.037,27,0.089,25,0.073,29,0.08,26,0.068,26,0.063,25,0.055,21,0.046,25,0.067,8,0.028,13,0.053,6,0.027,7,0.035,10,0.041,5,0.034,0,0,5,0.08,3,0.079,3,0.103,2,0.048,0,0,4,0.036,8,0.049,12,0.051,10,0.034,20,0.06,21,0.058,15,0.041,19,0.05,27,0.068,17,0.042,31,0.08,19,0.058,12,0.044,8,0.032,13,0.054,12,0.056,13,0.057,9,0.059,6,0.062,8,0.107,4,0.096,1,0.032,1,0.027,1,0.018,1,0.012,4,0.031,2,0.01,8,0.029,8,0.025,11,0.031,15,0.041,16,0.044,16,0.043,12,0.032,16,0.044,17,0.058,11,0.045,8,0.038,8,0.049,2,0.017
Region 2,Region 13,54,0.536,17,0.373,16,0.563,16,0.808,6,0.322,7,0.204,19,0.228,39,0.223,84,0.271,114,0.332,99,0.35,103,0.387,128,0.439,142,0.437,123,0.377,133,0.388,225,0.583,318,0.703,303,0.667,166,0.465,121,0.439,155,0.648,210,1.02,107,0.696,87,0.65,37,0.629,20,0.556,13,0.525,5,0.236,9,0.263,6,0.076,32,0.203,77,0.308,117,0.42,79,0.297,109,0.4,112,0.369,138,0.403,160,0.444,182,0.476,196,0.472,222,0.488,217,0.478,137,0.369,93,0.323,126,0.516,119,0.533,125,0.632,210,0.859,163,1.095,155,1.819,79,1.264,40,1.057,10,0.342,14,0.336,7,0.097,31,0.28,61,0.371,83,0.353,133,0.447,184,0.555,183,0.508,143,0.391,133,0.351,141,0.358,185,0.456,190,0.489,148,0.451,101,0.373,138,0.551,126,0.528,321,1.508,644,2.832,371,2.439,169,1.75,107,1.433,44,1.054,18,0.576,10,0.267,14,0.25,21,0.261,39,0.298,68,0.325,122,0.437,170,0.532,178,0.507,139,0.385,118,0.325,105,0.283,131,0.347,89,0.244,95,0.325,71,0.291,58,0.273,64,0.39,50,0.419
Region 2,Region 14,30,0.298,18,0.395,10,0.352,8,0.404,6,0.322,19,0.553,22,0.264,42,0.24,56,0.181,55,0.16,55,0.194,52,0.195,66,0.227,77,0.237,65,0.199,84,0.245,99,0.257,100,0.221,97,0.214,66,0.185,47,0.171,45,0.188,83,0.403,61,0.397,29,0.217,11,0.187,7,0.195,7,0.283,6,0.284,14,0.409,24,0.302,31,0.197,63,0.252,61,0.219,47,0.177,76,0.279,62,0.204,65,0.19,71,0.197,72,0.188,95,0.229,82,0.18,76,0.167,53,0.143,42,0.146,37,0.152,28,0.125,45,0.228,50,0.205,33,0.222,38,0.446,47,0.752,12,0.317,6,0.205,11,0.264,29,0.402,31,0.28,26,0.158,40,0.17,69,0.232,76,0.229,58,0.161,80,0.219,63,0.166,85,0.216,62,0.153,69,0.178,60,0.183,38,0.14,48,0.192,52,0.218,113,0.531,239,1.051,140,0.92,47,0.487,45,0.603,22,0.527,7,0.224,21,0.561,19,0.34,27,0.336,34,0.26,41,0.196,66,0.236,62,0.194,61,0.174,84,0.232,74,0.204,63,0.17,54,0.143,46,0.126,37,0.127,36,0.147,47,0.221,23,0.14,30,0.251
Region 2,Region 15,15,0.149,9,0.197,9,0.317,4,0.202,2,0.107,0,0,2,0.024,11,0.063,9,0.029,32,0.093,24,0.085,30,0.113,21,0.072,26,0.08,28,0.086,34,0.099,31,0.08,29,0.064,36,0.079,32,0.09,29,0.105,27,0.113,14,0.068,17,0.111,20,0.15,10,0.17,3,0.083,4,0.162,3,0.142,3,0.088,3,0.038,7,0.044,22,0.088,16,0.057,26,0.098,18,0.066,25,0.082,31,0.091,24,0.067,33,0.086,25,0.06,34,0.075,33,0.073,18,0.048,23,0.08,21,0.086,32,0.143,23,0.116,19,0.078,13,0.087,5,0.059,10,0.16,10,0.264,7,0.24,7,0.168,8,0.111,5,0.045,5,0.03,12,0.051,21,0.071,35,0.105,19,0.053,32,0.087,26,0.069,34,0.086,43,0.106,20,0.052,24,0.073,17,0.063,27,0.108,26,0.109,28,0.132,28,0.123,14,0.092,12,0.124,10,0.134,9,0.216,5,0.16,3,0.08,6,0.107,2,0.025,8,0.061,6,0.029,18,0.064,18,0.056,22,0.063,26,0.072,21,0.058,26,0.07,25,0.066,28,0.077,21,0.072,22,0.09,16,0.075,15,0.091,13,0.109
Region 2,Region 16,1,0.01,0,0,1,0.035,0,0,0,0,0,0,0,0,1,0.006,1,0.003,2,0.006,2,0.007,4,0.015,1,0.003,0,0,1,0.003,1,0.003,3,0.008,5,0.011,3,0.007,8,0.022,5,0.018,1,0.004,3,0.015,4,0.026,3,0.022,1,0.017,0,0,0,0,0,0,0,0,1,0.013,0,0,0,0,0,0,0,0,3,0.011,3,0.01,0,0,4,0.011,0,0,3,0.007,0,0,3,0.007,2,0.005,3,0.01,0,0,1,0.004,1,0.005,6,0.025,0,0,2,0.023,2,0.032,0,0,0,0,0,0,0,0,2,0.018,2,0.012,2,0.009,2,0.007,1,0.003,2,0.006,6,0.016,3,0.008,3,0.008,4,0.01,5,0.013,4,0.012,4,0.015,0,0,3,0.013,5,0.023,5,0.022,3,0.02,1,0.01,2,0.027,0,0,0,0,0,0,0,0,1,0.012,0,0,5,0.024,4,0.014,3,0.009,6,0.017,4,0.011,1,0.003,3,0.008,1,0.003,4,0.011,3,0.01,1,0.004,3,0.014,1,0.006,0,0
Region 2,Region 17,46,0.457,16,0.351,15,0.528,12,0.606,3,0.161,3,0.087,16,0.192,37,0.212,109,0.352,149,0.433,108,0.382,70,0.263,85,0.292,93,0.286,67,0.205,85,0.248,120,0.311,153,0.338,177,0.39,138,0.387,104,0.378,67,0.28,66,0.321,62,0.403,65,0.486,35,0.595,23,0.64,15,0.606,10,0.473,10,0.292,11,0.138,42,0.266,64,0.256,92,0.33,58,0.218,69,0.253,78,0.257,92,0.269,109,0.302,134,0.35,147,0.354,230,0.506,285,0.627,172,0.463,127,0.44,70,0.287,97,0.435,113,0.572,130,0.532,72,0.484,68,0.798,57,0.912,26,0.687,12,0.411,10,0.24,16,0.222,15,0.135,34,0.207,49,0.208,62,0.208,68,0.205,91,0.252,66,0.18,75,0.198,105,0.266,131,0.323,142,0.366,147,0.448,94,0.348,71,0.283,106,0.444,126,0.592,170,0.748,104,0.684,79,0.818,58,0.777,25,0.599,6,0.192,8,0.214,22,0.393,12,0.149,17,0.13,33,0.158,52,0.186,62,0.194,73,0.208,83,0.23,64,0.176,85,0.229,112,0.297,140,0.384,124,0.424,93,0.381,52,0.244,42,0.256,57,0.477
Region 2,Region 18,6,0.06,2,0.044,3,0.106,5,0.253,1,0.054,0,0,1,0.012,3,0.017,4,0.013,6,0.017,4,0.014,7,0.026,9,0.031,8,0.025,7,0.021,7,0.02,13,0.034,19,0.042,18,0.04,11,0.031,9,0.033,7,0.029,14,0.068,6,0.039,12,0.09,3,0.051,0,0,3,0.121,0,0,1,0.029,4,0.05,0,0,3,0.012,9,0.032,11,0.041,5,0.018,5,0.016,9,0.026,9,0.025,5,0.013,10,0.024,16,0.035,18,0.04,3,0.008,8,0.028,16,0.066,5,0.022,8,0.04,5,0.02,5,0.034,3,0.035,2,0.032,4,0.106,4,0.137,1,0.024,1,0.014,4,0.036,1,0.006,5,0.021,2,0.007,7,0.021,9,0.025,7,0.019,6,0.016,11,0.028,10,0.025,20,0.052,19,0.058,11,0.041,6,0.024,8,0.034,12,0.056,6,0.026,11,0.072,5,0.052,5,0.067,4,0.096,1,0.032,0,0,0,0,3,0.037,0,0,4,0.019,5,0.018,2,0.006,11,0.031,6,0.017,8,0.022,5,0.013,8,0.021,3,0.008,10,0.034,9,0.037,4,0.019,7,0.043,4,0.033
Region 2,Region 19,3,0.03,0,0,0,0,0,0,0,0,0,0,0,0,0,0,3,0.01,2,0.006,3,0.011,5,0.019,4,0.014,7,0.022,7,0.021,9,0.026,10,0.026,8,0.018,15,0.033,8,0.022,7,0.025,3,0.013,8,0.039,3,0.02,1,0.007,1,0.017,3,0.083,1,0.04,2,0.095,0,0,0,0,1,0.006,1,0.004,1,0.004,9,0.034,6,0.022,3,0.01,5,0.015,6,0.017,10,0.026,11,0.027,8,0.018,7,0.015,9,0.024,9,0.031,6,0.025,3,0.013,2,0.01,8,0.033,2,0.013,2,0.023,0,0,0,0,0,0,0,0,0,0,2,0.018,1,0.006,4,0.017,6,0.02,7,0.021,9,0.025,11,0.03,6,0.016,4,0.01,8,0.02,6,0.015,6,0.018,7,0.026,2,0.008,3,0.013,5,0.023,17,0.075,6,0.039,6,0.062,4,0.054,0,0,0,0,0,0,1,0.018,2,0.025,0,0,0,0,2,0.007,3,0.009,5,0.014,6,0.017,8,0.022,7,0.019,3,0.008,2,0.005,3,0.01,2,0.008,2,0.009,6,0.037,1,0.008
Region 2,Region 20,7,0.069,4,0.088,7,0.246,2,0.101,3,0.161,3,0.087,2,0.024,14,0.08,19,0.061,30,0.087,25,0.088,14,0.053,23,0.079,13,0.04,14,0.043,27,0.079,34,0.088,34,0.075,30,0.066,28,0.078,10,0.036,13,0.054,27,0.131,13,0.085,3,0.022,3,0.051,5,0.139,5,0.202,4,0.189,1,0.029,4,0.05,16,0.102,12,0.048,16,0.057,8,0.03,17,0.062,23,0.076,21,0.061,25,0.069,29,0.076,20,0.048,31,0.068,37,0.081,24,0.065,10,0.035,13,0.053,8,0.036,16,0.081,20,0.082,19,0.128,45,0.528,22,0.352,3,0.079,1,0.034,3,0.072,6,0.083,7,0.063,7,0.043,8,0.034,12,0.04,23,0.069,12,0.033,18,0.049,11,0.029,11,0.028,16,0.039,19,0.049,18,0.055,17,0.063,12,0.048,15,0.063,22,0.103,29,0.128,33,0.217,42,0.435,17,0.228,5,0.12,3,0.096,2,0.053,3,0.054,3,0.037,5,0.038,12,0.057,9,0.032,14,0.044,19,0.054,14,0.039,16,0.044,15,0.04,10,0.026,20,0.055,10,0.034,8,0.033,7,0.033,15,0.091,3,0.025
Region 2,Region 21,4,0.04,0,0,0,0,0,0,0,0,2,0.058,2,0.024,0,0,2,0.006,7,0.02,6,0.021,7,0.026,13,0.045,11,0.034,9,0.028,11,0.032,10,0.026,13,0.029,16,0.035,17,0.048,10,0.036,7,0.029,12,0.058,8,0.052,2,0.015,0,0,1,0.028,1,0.04,1,0.047,0,0,0,0,1,0.006,7,0.028,3,0.011,6,0.023,4,0.015,6,0.02,3,0.009,12,0.033,10,0.026,11,0.027,15,0.033,13,0.029,8,0.022,10,0.035,5,0.02,3,0.013,4,0.02,8,0.033,10,0.067,2,0.023,1,0.016,1,0.026,1,0.034,0,0,2,0.028,0,0,3,0.018,7,0.03,9,0.03,7,0.021,7,0.019,10,0.027,13,0.034,8,0.02,12,0.03,9,0.023,9,0.027,6,0.022,8,0.032,6,0.025,8,0.038,10,0.044,7,0.046,2,0.021,1,0.013,3,0.072,1,0.032,0,0,0,0,0,0,4,0.031,8,0.038,8,0.029,6,0.019,6,0.017,8,0.022,11,0.03,10,0.027,7,0.019,6,0.016,7,0.024,3,0.012,5,0.024,1,0.006,5,0.042
Region 2,Region 22,1,0.01,2,0.044,0,0,1,0.051,0,0,1,0.029,1,0.012,3,0.017,1,0.003,1,0.003,5,0.018,3,0.011,5,0.017,5,0.015,4,0.012,6,0.017,10,0.026,14,0.031,11,0.024,7,0.02,6,0.022,1,0.004,2,0.01,1,0.007,2,0.015,1,0.017,1,0.028,0,0,0,0,0,0,1,0.013,0,0,4,0.016,2,0.007,5,0.019,4,0.015,5,0.016,5,0.015,5,0.014,5,0.013,6,0.014,5,0.011,11,0.024,6,0.016,2,0.007,4,0.016,3,0.013,2,0.01,4,0.016,4,0.027,0,0,2,0.032,1,0.026,1,0.034,0,0,0,0,1,0.009,2,0.012,2,0.009,2,0.007,2,0.006,5,0.014,5,0.014,3,0.008,6,0.015,5,0.012,6,0.015,6,0.018,6,0.022,5,0.02,3,0.013,1,0.005,8,0.035,6,0.039,2,0.021,1,0.013,0,0,0,0,0,0,0,0,0,0,1,0.008,6,0.029,4,0.014,6,0.019,7,0.02,8,0.022,2,0.006,2,0.005,2,0.005,2,0.005,5,0.017,2,0.008,2,0.009,3,0.018,2,0.017
Region 2,Region 23,60,0.596,14,0.307,19,0.668,21,1.061,14,0.751,4,0.116,21,0.252,33,0.189,80,0.258,59,0.172,68,0.24,55,0.206,86,0.295,104,0.32,130,0.398,153,0.446,209,0.542,268,0.593,224,0.493,126,0.353,100,0.363,104,0.435,153,0.743,130,0.845,79,0.591,30,0.51,27,0.751,20,0.808,7,0.331,9,0.263,21,0.264,43,0.273,61,0.244,81,0.291,96,0.361,76,0.279,89,0.294,103,0.301,133,0.369,155,0.405,179,0.432,169,0.372,150,0.33,107,0.288,84,0.291,89,0.365,96,0.43,139,0.703,191,0.781,138,0.927,51,0.598,65,1.04,40,1.057,14,0.479,17,0.408,19,0.263,32,0.289,50,0.304,95,0.404,109,0.366,141,0.425,142,0.394,106,0.29,143,0.377,104,0.264,112,0.276,104,0.268,86,0.262,80,0.296,106,0.423,135,0.566,209,0.982,441,1.939,249,1.637,81,0.839,68,0.911,43,1.03,10,0.32,16,0.427,14,0.25,32,0.398,48,0.367,79,0.378,118,0.422,118,0.369,159,0.453,117,0.324,111,0.305,95,0.256,71,0.188,83,0.228,79,0.27,87,0.356,67,0.315,63,0.384,92,0.77
Region 2,Region 24,1,0.01,0,0,0,0,3,0.152,1,0.054,1,0.029,0,0,2,0.011,3,0.01,5,0.015,2,0.007,2,0.008,2,0.007,5,0.015,1,0.003,5,0.015,6,0.016,12,0.027,11,0.024,2,0.006,1,0.004,2,0.008,4,0.019,2,0.013,1,0.007,0,0,2,0.056,0,0,2,0.095,0,0,0,0,0,0,1,0.004,2,0.007,0,0,2,0.007,7,0.023,5,0.015,3,0.008,3,0.008,2,0.005,7,0.015,5,0.011,2,0.005,2,0.007,2,0.008,2,0.009,2,0.01,1,0.004,3,0.02,0,0,0,0,0,0,0,0,1,0.024,1,0.014,0,0,1,0.006,1,0.004,1,0.003,2,0.006,3,0.008,7,0.019,5,0.013,2,0.005,4,0.01,3,0.008,0,0,3,0.011,6,0.024,1,0.004,5,0.023,6,0.026,9,0.059,5,0.052,1,0.013,0,0,0,0,1,0.027,0,0,0,0,3,0.023,4,0.019,2,0.007,3,0.009,7,0.02,6,0.017,8,0.022,4,0.011,3,0.008,1,0.003,2,0.007,4,0.016,1,0.005,1,0.006,1,0.008
Region 2,Region 25,13,0.129,7,0.154,5,0.176,7,0.354,4,0.215,2,0.058,2,0.024,7,0.04,20,0.064,38,0.111,39,0.138,36,0.135,29,0.1,30,0.092,37,0.113,36,0.105,40,0.104,44,0.097,48,0.106,33,0.093,35,0.127,29,0.121,28,0.136,20,0.13,18,0.135,11,0.187,5,0.139,5,0.202,0,0,4,0.117,5,0.063,11,0.07,18,0.072,24,0.086,31,0.117,23,0.084,31,0.102,38,0.111,35,0.097,34,0.089,49,0.118,39,0.086,46,0.101,36,0.097,32,0.111,32,0.131,28,0.125,24,0.121,21,0.086,15,0.101,15,0.176,9,0.144,5,0.132,1,0.034,3,0.072,6,0.083,6,0.054,17,0.103,17,0.072,26,0.087,26,0.078,39,0.108,43,0.118,26,0.069,39,0.099,33,0.081,37,0.095,22,0.067,28,0.104,40,0.16,32,0.134,36,0.169,44,0.193,34,0.223,13,0.135,16,0.214,6,0.144,6,0.192,5,0.134,3,0.054,7,0.087,5,0.038,22,0.105,24,0.086,30,0.094,26,0.074,27,0.075,37,0.102,32,0.086,23,0.061,21,0.058,15,0.051,21,0.086,24,0.113,25,0.152,17,0.142
Region 3,Region 0,0,0,1,0.022,1,0.035,0,0,0,0,0,0,0,0,6,0.034,3,0.01,3,0.009,5,0.018,1,0.004,2,0.007,3,0.009,5,0.015,3,0.009,1,0.003,4,0.009,1,0.002,5,0.014,2,0.007,2,0.008,0,0,2,0.013,0,0,0,0,0,0,0,0,0,0,0,0,1,0.013,4,0.025,4,0.016,4,0.014,1,0.004,1,0.004,3,0.01,6,0.018,2,0.006,3,0.008,4,0.01,6,0.013,5,0.011,2,0.005,4,0.014,3,0.012,3,0.013,2,0.01,0,0,0,0,0,0,0,0,0,0,1,0.034,0,0,1,0.014,3,0.027,0,0,4,0.017,2,0.007,6,0.018,2,0.006,6,0.016,4,0.011,4,0.01,6,0.015,3,0.008,3,0.009,2,0.007,2,0.008,3,0.013,3,0.014,0,0,0,0,0,0,0,0,0,0,0,0,0,0,1,0.018,1,0.012,1,0.008,2,0.01,3,0.011,4,0.013,3,0.009,6,0.017,7,0.019,10,0.027,7,0.019,0,0,0,0,2,0.008,1,0.005,1,0.006,3,0.025
Region 3,Region 1,1,0.01,0,0,0,0,0,0,0,0,0,0,1,0.012,2,0.011,3,0.01,9,0.026,3,0.011,4,0.015,4,0.014,1,0.003,3,0.009,1,0.003,4,0.01,6,0.013,8,0.018,4,0.011,1,0.004,3,0.013,0,0,0,0,3,0.022,0,0,0,0,0,0,0,0,0,0,4,0.05,1,0.006,3,0.012,3,0.011,4,0.015,1,0.004,2,0.007,2,0.006,3,0.008,3,0.008,4,0.01,2,0.004,9,0.02,8,0.022,4,0.014,3,0.012,3,0.013,0,0,2,0.008,1,0.007,0,0,1,0.016,0,0,0,0,0,0,2,0.028,0,0,4,0.024,6,0.026,4,0.013,4,0.012,4,0.011,2,0.005,3,0.008,4,0.01,8,0.02,7,0.018,6,0.018,3,0.011,8,0.032,3,0.013,3,0.014,7,0.031,1,0.007,1,0.01,1,0.013,0,0,1,0.032,0,0,0,0,1,0.012,0,0,3,0.014,3,0.011,1,0.003,4,0.011,7,0.019,3,0.008,3,0.008,6,0.016,2,0.005,7,0.024,1,0.004,2,0.009,0,0,1,0.008
Region 3,Region 2,2,0.02,0,0,0,0,0,0,1,0.054,0,0,1,0.012,0,0,6,0.019,2,0.006,3,0.011,0,0,0,0,4,0.012,3,0.009,4,0.012,4,0.01,5,0.011,5,0.011,5,0.014,3,0.011,2,0.008,0,0,1,0.007,1,0.007,1,0.017,0,0,0,0,0,0,0,0,1,0.013,0,0,3,0.012,5,0.018,6,0.023,2,0.007,4,0.013,1,0.003,3,0.008,4,0.01,4,0.01,4,0.009,2,0.004,2,0.005,2,0.007,1,0.004,2,0.009,1,0.005,2,0.008,1,0.007,2,0.023,0,0,0,0,0,0,0,0,0,0,2,0.018,2,0.012,2,0.009,6,0.02,6,0.018,2,0.006,4,0.011,7,0.018,5,0.013,10,0.025,9,0.023,7,0.021,5,0.018,3,0.012,1,0.004,2,0.009,0,0,0,0,0,0,1,0.013,0,0,0,0,0,0,0,0,2,0.025,0,0,2,0.01,2,0.007,2,0.006,2,0.006,3,0.008,5,0.014,2,0.005,5,0.013,4,0.011,1,0.003,3,0.012,3,0.014,3,0.018,1,0.008
Region 3,Region 3,17,0.169,7,0.154,4,0.141,2,0.101,3,0.161,1,0.029,6,0.072,6,0.034,14,0.045,35,0.102,36,0.127,31,0.116,27,0.093,35,0.108,51,0.156,29,0.085,36,0.093,49,0.108,69,0.152,46,0.129,36,0.131,35,0.146,22,0.107,26,0.169,16,0.12,4,0.068,2,0.056,0,0,0,0,0,0,3,0.038,9,0.057,20,0.08,27,0.097,29,0.109,36,0.132,45,0.148,52,0.152,40,0.111,37,0.097,38,0.092,51,0.112,57,0.125,56,0.151,32,0.111,43,0.176,33,0.148,24,0.121,22,0.09,7,0.047,3,0.035,4,0.064,5,0.132,0,0,2,0.048,3,0.042,9,0.081,19,0.116,33,0.14,28,0.094,43,0.13,40,0.111,50,0.137,40,0.106,42,0.106,46,0.113,45,0.116,40,0.122,31,0.115,36,0.144,21,0.088,14,0.066,18,0.079,10,0.066,6,0.062,3,0.04,2,0.048,2,0.064,2,0.053,2,0.036,6,0.075,13,0.099,30,0.144,29,0.104,46,0.144,58,0.165,44,0.122,42,0.116,42,0.113,47,0.124,47,0.129,34,0.116,31,0.127,38,0.179,32,0.195,8,0.067
Region 3,Region 4,1,0.01,1,0.022,0,0,0,0,0,0,0,0,1,0.012,0,0,2,0.006,5,0.015,3,0.011,6,0.023,3,0.01,2,0.006,4,0.012,3,0.009,0,0,6,0.013,6,0.013,7,0.02,6,0.022,8,0.033,4,0.019,4,0.026,4,0.03,1,0.017,1,0.028,0,0,0,0,0,0,0,0,0,0,3,0.012,5,0.018,3,0.011,3,0.011,4,0.013,7,0.02,6,0.017,5,0.013,6,0.014,3,0.007,8,0.018,7,0.019,2,0.007,6,0.025,12,0.054,2,0.01,2,0.008,4,0.027,0,0,0,0,1,0.026,1,0.034,1,0.024,1,0.014,1,0.009,2,0.012,8,0.034,10,0.034,7,0.021,8,0.022,7,0.019,4,0.011,9,0.023,10,0.025,12,0.031,5,0.015,7,0.026,6,0.024,1,0.004,3,0.014,1,0.004,4,0.026,0,0,0,0,0,0,1,0.032,0,0,0,0,1,0.012,4,0.031,5,0.024,2,0.007,4,0.013,7,0.02,4,0.011,10,0.028,3,0.008,4,0.011,8,0.022,3,0.01,4,0.016,5,0.024,2,0.012,4,0.033
Region 3,Region 5,2,0.02,0,0,0,0,1,0.051,2,0.107,4,0.116,3,0.036,15,0.086,26,0.084,9,0.026,16,0.057,18,0.068,7,0.024,7,0.022,18,0.055,12,0.035,4,0.01,6,0.013,4,0.009,9,0.025,13,0.047,7,0.029,8,0.039,1,0.007,7,0.052,2,0.034,0,0,0,0,1,0.047,0,0,5,0.063,11,0.07,19,0.076,13,0.047,22,0.083,15,0.055,11,0.036,11,0.032,15,0.042,11,0.029,6,0.014,6,0.013,15,0.033,14,0.038,12,0.042,4,0.016,4,0.018,3,0.015,5,0.02,0,0,0,0,0,0,3,0.079,1,0.034,2,0.048,5,0.069,7,0.063,11,0.067,10,0.043,21,0.071,13,0.039,26,0.072,14,0.038,28,0.074,14,0.035,10,0.025,13,0.033,9,0.027,8,0.03,11,0.044,8,0.034,3,0.014,2,0.009,6,0.039,1,0.01,0,0,1,0.024,0,0,1,0.027,4,0.071,4,0.05,9,0.069,6,0.029,12,0.043,18,0.056,15,0.043,18,0.05,8,0.022,7,0.019,11,0.029,8,0.022,7,0.024,5,0.02,8,0.038,5,0.03,2,0.017
Region 3,Region 6,0,0,0,0,0,0,0,0,0,0,0,0,0,0,0,0,2,0.006,2,0.006,2,0.007,3,0.011,1,0.003,2,0.006,2,0.006,0,0,1,0.003,6,0.013,3,0.007,2,0.006,1,0.004,1,0.004,2,0.01,0,0,0,0,0,0,1,0.028,0,0,0,0,0,0,0,0,2,0.013,0,0,0,0,3,0.011,3,0.011,1,0.003,0,0,2,0.006,1,0.003,2,0.005,1,0.002,3,0.007,2,0.005,1,0.003,2,0.008,0,0,1,0.005,0,0,0,0,0,0,0,0,1,0.026,0,0,0,0,0,0,2,0.018,0,0,2,0.009,2,0.007,1,0.003,6,0.017,2,0.005,2,0.005,4,0.01,6,0.015,0,0,4,0.012,4,0.015,2,0.008,3,0.013,4,0.019,0,0,0,0,0,0,1,0.013,0,0,0,0,0,0,0,0,0,0,0,0,0,0,4,0.014,4,0.013,6,0.017,3,0.008,1,0.003,0,0,3,0.008,3,0.008,5,0.017,2,0.008,1,0.005,1,0.006,0,0
Region 3,Region 7,5,0.05,4,0.088,1,0.035,1,0.051,2,0.107,2,0.058,4,0.048,5,0.029,12,0.039,20,0.058,21,0.074,19,0.071,14,0.048,19,0.058,25,0.077,23,0.067,26,0.067,22,0.049,35,0.077,33,0.093,25,0.091,16,0.067,11,0.053,11,0.072,4,0.03,4,0.068,3,0.083,4,0.162,2,0.095,0,0,3,0.038,4,0.025,12,0.048,17,0.061,20,0.075,18,0.066,23,0.076,32,0.093,25,0.069,25,0.065,24,0.058,25,0.055,33,0.073,24,0.065,14,0.049,18,0.074,13,0.058,10,0.051,5,0.02,7,0.047,5,0.059,3,0.048,7,0.185,1,0.034,4,0.096,4,0.055,4,0.036,8,0.049,20,0.085,14,0.047,15,0.045,33,0.092,20,0.055,24,0.063,25,0.063,28,0.069,20,0.052,17,0.052,21,0.078,15,0.06,13,0.054,13,0.061,14,0.062,8,0.053,9,0.093,5,0.067,0,0,3,0.096,2,0.053,1,0.018,4,0.05,9,0.069,7,0.033,16,0.057,17,0.053,22,0.063,24,0.066,18,0.05,29,0.078,18,0.048,20,0.055,24,0.082,22,0.09,17,0.08,16,0.098,10,0.084
Region 3,Region 8,2,0.02,1,0.022,2,0.07,0,0,3,0.161,1,0.029,2,0.024,11,0.063,19,0.061,18,0.052,16,0.057,14,0.053,16,0.055,18,0.055,21,0.064,16,0.047,17,0.044,18,0.04,20,0.044,17,0.048,10,0.036,12,0.05,5,0.024,6,0.039,8,0.06,0,0,2,0.056,2,0.081,1,0.047,2,0.058,6,0.076,6,0.038,17,0.068,15,0.054,18,0.068,12,0.044,7,0.023,20,0.058,24,0.067,29,0.076,17,0.041,21,0.046,22,0.048,14,0.038,14,0.049,14,0.057,13,0.058,8,0.04,3,0.012,5,0.034,1,0.012,1,0.016,3,0.079,2,0.068,1,0.024,4,0.055,7,0.063,7,0.043,16,0.068,16,0.054,12,0.036,20,0.055,24,0.066,16,0.042,24,0.061,20,0.049,25,0.064,26,0.079,9,0.033,11,0.044,12,0.05,7,0.033,6,0.026,2,0.013,1,0.01,5,0.067,2,0.048,2,0.064,4,0.107,3,0.054,4,0.05,9,0.069,17,0.081,12,0.043,18,0.056,22,0.063,19,0.053,23,0.063,24,0.065,29,0.077,15,0.041,4,0.014,16,0.065,9,0.042,4,0.024,7,0.059
Region 3,Region 9,2,0.02,3,0.066,0,0,0,0,1,0.054,3,0.087,10,0.12,12,0.069,14,0.045,22,0.064,23,0.081,19,0.071,21,0.072,29,0.089,27,0.083,20,0.058,26,0.067,37,0.082,43,0.095,26,0.073,24,0.087,15,0.063,8,0.039,7,0.046,4,0.03,2,0.034,1,0.028,3,0.121,2,0.095,0,0,12,0.151,4,0.025,16,0.064,23,0.083,24,0.09,11,0.04,27,0.089,25,0.073,38,0.105,24,0.063,30,0.072,38,0.084,48,0.106,30,0.081,31,0.108,10,0.041,11,0.049,11,0.056,4,0.016,5,0.034,0,0,2,0.032,5,0.132,1,0.034,4,0.096,3,0.042,15,0.135,16,0.097,20,0.085,28,0.094,31,0.093,38,0.105,34,0.093,28,0.074,27,0.068,31,0.076,45,0.116,20,0.061,26,0.096,12,0.048,11,0.046,11,0.052,8,0.035,5,0.033,2,0.021,5,0.067,0,0,1,0.032,4,0.107,2,0.036,8,0.1,12,0.092,29,0.139,31,0.111,27,0.085,36,0.103,46,0.127,29,0.08,40,0.108,37,0.098,27,0.074,22,0.075,21,0.086,17,0.08,8,0.049,6,0.05
Region 3,Region 10,1,0.01,1,0.022,0,0,0,0,1,0.054,3,0.087,4,0.048,5,0.029,26,0.084,27,0.079,20,0.071,18,0.068,12,0.041,16,0.049,10,0.031,15,0.044,17,0.044,18,0.04,16,0.035,10,0.028,8,0.029,9,0.038,6,0.029,1,0.007,7,0.052,1,0.017,0,0,1,0.04,0,0,3,0.088,6,0.076,12,0.076,20,0.08,21,0.075,9,0.034,16,0.059,10,0.033,18,0.053,23,0.064,24,0.063,20,0.048,15,0.033,28,0.062,24,0.065,11,0.038,11,0.045,7,0.031,5,0.025,2,0.008,1,0.007,1,0.012,0,0,1,0.026,3,0.103,1,0.024,4,0.055,7,0.063,6,0.036,14,0.06,16,0.054,20,0.06,23,0.064,27,0.074,16,0.042,15,0.038,16,0.039,15,0.039,9,0.027,12,0.044,15,0.06,7,0.029,3,0.014,4,0.018,3,0.02,2,0.021,2,0.027,1,0.024,0,0,1,0.027,2,0.036,3,0.037,8,0.061,18,0.086,18,0.064,18,0.056,26,0.074,26,0.072,19,0.052,25,0.067,17,0.045,17,0.047,4,0.014,9,0.037,3,0.014,6,0.037,7,0.059
Region 3,Region 11,0,0,0,0,0,0,0,0,1,0.054,0,0,0,0,0,0,1,0.003,0,0,0,0,2,0.008,0,0,2,0.006,2,0.006,0,0,0,0,2,0.004,2,0.004,1,0.003,0,0,0,0,1,0.005,0,0,0,0,0,0,0,0,0,0,0,0,0,0,0,0,0,0,0,0,1,0.004,0,0,0,0,1,0.003,0,0,0,0,0,0,0,0,1,0.002,5,0.011,0,0,0,0,1,0.004,1,0.004,1,0.005,1,0.004,0,0,0,0,0,0,0,0,2,0.068,0,0,0,0,0,0,3,0.018,0,0,3,0.01,0,0,1,0.003,0,0,1,0.003,2,0.005,1,0.002,2,0.005,1,0.003,1,0.004,0,0,0,0,0,0,0,0,0,0,0,0,0,0,0,0,0,0,0,0,0,0,0,0,0,0,1,0.005,0,0,0,0,2,0.006,1,0.003,0,0,0,0,0,0,3,0.008,0,0,2,0.008,1,0.005,0,0,0,0
Region 3,Region 12,8,0.079,5,0.11,2,0.07,0,0,1,0.054,1,0.029,6,0.072,9,0.051,24,0.077,15,0.044,17,0.06,20,0.075,13,0.045,21,0.065,25,0.077,25,0.073,26,0.067,29,0.064,41,0.09,37,0.104,36,0.131,24,0.1,15,0.073,9,0.059,6,0.045,2,0.034,4,0.111,0,0,1,0.047,0,0,3,0.038,6,0.038,11,0.044,24,0.086,25,0.094,18,0.066,18,0.059,20,0.058,30,0.083,27,0.071,24,0.058,32,0.07,30,0.066,31,0.083,19,0.066,24,0.098,15,0.067,8,0.04,8,0.033,10,0.067,4,0.047,5,0.08,4,0.106,1,0.034,1,0.024,4,0.055,13,0.117,15,0.091,11,0.047,31,0.104,23,0.069,26,0.072,36,0.098,31,0.082,28,0.071,31,0.076,31,0.08,33,0.101,21,0.078,20,0.08,14,0.059,18,0.085,6,0.026,5,0.033,2,0.021,3,0.04,4,0.096,1,0.032,2,0.053,4,0.071,4,0.05,11,0.084,15,0.072,23,0.082,25,0.078,24,0.068,30,0.083,27,0.074,28,0.075,28,0.074,16,0.044,25,0.085,21,0.086,19,0.089,23,0.14,12,0.1
Region 3,Region 13,1,0.01,2,0.044,2,0.07,0,0,0,0,4,0.116,5,0.06,7,0.04,12,0.039,13,0.038,17,0.06,8,0.03,11,0.038,10,0.031,11,0.034,16,0.047,17,0.044,9,0.02,17,0.037,12,0.034,7,0.025,6,0.025,5,0.024,4,0.026,0,0,2,0.034,3,0.083,0,0,1,0.047,3,0.088,3,0.038,4,0.025,13,0.052,13,0.047,14,0.053,16,0.059,10,0.033,11,0.032,13,0.036,11,0.029,15,0.036,20,0.044,18,0.04,7,0.019,7,0.024,15,0.061,5,0.022,3,0.015,4,0.016,4,0.027,1,0.012,0,0,0,0,0,0,1,0.024,1,0.014,3,0.027,5,0.03,9,0.038,10,0.034,15,0.045,21,0.058,16,0.044,14,0.037,21,0.053,18,0.044,14,0.036,7,0.021,10,0.037,14,0.056,8,0.034,7,0.033,5,0.022,2,0.013,2,0.021,3,0.04,1,0.024,0,0,2,0.053,4,0.071,2,0.025,2,0.015,7,0.033,7,0.025,15,0.047,13,0.037,23,0.064,27,0.074,18,0.049,19,0.05,8,0.022,8,0.027,6,0.025,4,0.019,8,0.049,6,0.05
Region 3,Region 14,2,0.02,5,0.11,1,0.035,1,0.051,1,0.054,3,0.087,2,0.024,7,0.04,16,0.052,10,0.029,9,0.032,9,0.034,11,0.038,9,0.028,14,0.043,22,0.064,10,0.026,13,0.029,32,0.07,19,0.053,9,0.033,9,0.038,7,0.034,3,0.02,5,0.037,1,0.017,2,0.056,0,0,0,0,0,0,2,0.025,5,0.032,11,0.044,11,0.039,14,0.053,16,0.059,11,0.036,19,0.055,15,0.042,12,0.031,24,0.058,16,0.035,19,0.042,15,0.04,11,0.038,10,0.041,10,0.045,5,0.025,3,0.012,1,0.007,0,0,0,0,2,0.053,2,0.068,3,0.072,2,0.028,8,0.072,6,0.036,14,0.06,8,0.027,12,0.036,20,0.055,23,0.063,22,0.058,24,0.061,23,0.057,14,0.036,11,0.034,10,0.037,6,0.024,8,0.034,8,0.038,9,0.04,2,0.013,2,0.021,1,0.013,0,0,0,0,1,0.027,4,0.071,3,0.037,9,0.069,11,0.053,14,0.05,15,0.047,20,0.057,27,0.075,21,0.058,19,0.051,29,0.077,8,0.022,16,0.055,8,0.033,7,0.033,4,0.024,4,0.033
Region 3,Region 15,1,0.01,0,0,0,0,0,0,0,0,0,0,0,0,1,0.006,0,0,0,0,1,0.004,1,0.004,0,0,0,0,0,0,0,0,1,0.003,0,0,0,0,0,0,0,0,0,0,1,0.005,0,0,0,0,0,0,0,0,0,0,0,0,0,0,0,0,0,0,0,0,0,0,0,0,0,0,0,0,1,0.003,0,0,0,0,0,0,0,0,1,0.002,1,0.003,0,0,1,0.004,1,0.004,0,0,0,0,0,0,0,0,0,0,1,0.026,0,0,0,0,1,0.014,1,0.009,2,0.012,0,0,0,0,0,0,1,0.003,2,0.005,1,0.003,0,0,0,0,1,0.003,0,0,0,0,0,0,0,0,0,0,1,0.004,1,0.007,0,0,0,0,0,0,0,0,0,0,0,0,0,0,1,0.008,1,0.005,0,0,1,0.003,1,0.003,0,0,0,0,0,0,0,0,2,0.005,1,0.003,0,0,0,0,0,0,0,0
Region 3,Region 16,0,0,0,0,0,0,0,0,0,0,0,0,2,0.024,0,0,1,0.003,4,0.012,2,0.007,3,0.011,4,0.014,3,0.009,3,0.009,2,0.006,7,0.018,9,0.02,11,0.024,1,0.003,4,0.015,2,0.008,1,0.005,1,0.007,1,0.007,0,0,1,0.028,0,0,0,0,0,0,0,0,2,0.013,4,0.016,4,0.014,0,0,5,0.018,4,0.013,7,0.02,1,0.003,9,0.024,5,0.012,7,0.015,10,0.022,4,0.011,2,0.007,3,0.012,0,0,1,0.005,2,0.008,0,0,0,0,0,0,0,0,0,0,0,0,1,0.014,0,0,2,0.012,3,0.013,7,0.024,5,0.015,5,0.014,9,0.025,7,0.018,7,0.018,3,0.007,6,0.015,1,0.003,1,0.004,1,0.004,1,0.004,0,0,0,0,0,0,1,0.01,0,0,0,0,0,0,0,0,0,0,0,0,3,0.023,7,0.033,5,0.018,2,0.006,7,0.02,8,0.022,10,0.028,4,0.011,2,0.005,3,0.008,6,0.021,1,0.004,0,0,1,0.006,0,0
Region 3,Region 17,1,0.01,2,0.044,0,0,0,0,0,0,1,0.029,5,0.06,6,0.034,17,0.055,17,0.049,6,0.021,7,0.026,8,0.027,12,0.037,6,0.018,10,0.029,9,0.023,15,0.033,16,0.035,10,0.028,9,0.033,15,0.063,9,0.044,3,0.02,2,0.015,2,0.034,3,0.083,0,0,0,0,2,0.058,2,0.025,7,0.044,9,0.036,16,0.057,20,0.075,15,0.055,10,0.033,9,0.026,7,0.019,14,0.037,20,0.048,18,0.04,25,0.055,20,0.054,16,0.055,6,0.025,4,0.018,5,0.025,11,0.045,7,0.047,5,0.059,3,0.048,0,0,1,0.034,1,0.024,2,0.028,8,0.072,9,0.055,9,0.038,8,0.027,13,0.039,13,0.036,9,0.025,27,0.071,16,0.041,20,0.049,11,0.028,22,0.067,15,0.055,8,0.032,13,0.054,6,0.028,12,0.053,7,0.046,4,0.041,6,0.08,3,0.072,0,0,0,0,3,0.054,3,0.037,7,0.054,4,0.019,7,0.025,13,0.041,14,0.04,9,0.025,19,0.052,19,0.051,22,0.058,18,0.049,15,0.051,13,0.053,6,0.028,8,0.049,9,0.075
Region 3,Region 18,0,0,0,0,0,0,0,0,0,0,0,0,1,0.012,1,0.006,3,0.01,2,0.006,2,0.007,0,0,1,0.003,0,0,1,0.003,0,0,1,0.003,0,0,0,0,1,0.003,1,0.004,0,0,1,0.005,0,0,0,0,0,0,0,0,0,0,0,0,0,0,0,0,0,0,0,0,1,0.004,0,0,0,0,0,0,2,0.006,1,0.003,0,0,0,0,0,0,0,0,1,0.003,2,0.007,0,0,1,0.004,0,0,0,0,0,0,0,0,0,0,0,0,0,0,0,0,0,0,0,0,1,0.006,0,0,0,0,0,0,2,0.006,1,0.003,0,0,1,0.003,0,0,2,0.005,0,0,1,0.004,1,0.004,0,0,1,0.005,0,0,0,0,0,0,0,0,0,0,1,0.032,0,0,0,0,0,0,0,0,0,0,0,0,1,0.003,0,0,0,0,0,0,1,0.003,0,0,1,0.003,0,0,0,0,1,0.005,0,0,1,0.008
Region 3,Region 19,0,0,1,0.022,0,0,2,0.101,0,0,0,0,0,0,0,0,1,0.003,1,0.003,1,0.004,1,0.004,1,0.003,0,0,1,0.003,0,0,1,0.003,0,0,1,0.002,2,0.006,1,0.004,1,0.004,1,0.005,0,0,0,0,0,0,0,0,0,0,0,0,0,0,1,0.013,0,0,0,0,0,0,1,0.004,2,0.007,2,0.007,2,0.006,1,0.003,0,0,2,0.005,0,0,1,0.002,1,0.003,1,0.003,2,0.008,0,0,0,0,0,0,0,0,0,0,0,0,0,0,0,0,0,0,0,0,0,0,0,0,2,0.009,0,0,3,0.009,1,0.003,0,0,0,0,0,0,0,0,0,0,2,0.006,1,0.004,2,0.008,2,0.008,1,0.005,1,0.004,0,0,1,0.01,0,0,0,0,0,0,0,0,0,0,0,0,0,0,0,0,1,0.004,2,0.006,4,0.011,0,0,1,0.003,0,0,1,0.003,2,0.005,0,0,1,0.004,0,0,1,0.006,0,0
Region 3,Region 20,2,0.02,0,0,1,0.035,0,0,0,0,0,0,1,0.012,2,0.011,6,0.019,10,0.029,5,0.018,4,0.015,6,0.021,2,0.006,6,0.018,4,0.012,3,0.008,4,0.009,4,0.009,3,0.008,4,0.015,1,0.004,2,0.01,3,0.02,2,0.015,1,0.017,0,0,0,0,0,0,0,0,0,0,2,0.013,5,0.02,9,0.032,3,0.011,3,0.011,4,0.013,3,0.009,5,0.014,6,0.016,4,0.01,8,0.018,8,0.018,5,0.013,9,0.031,4,0.016,4,0.018,2,0.01,0,0,2,0.013,0,0,0,0,1,0.026,0,0,0,0,2,0.028,0,0,1,0.006,2,0.009,3,0.01,7,0.021,5,0.014,4,0.011,2,0.005,8,0.02,4,0.01,2,0.005,6,0.018,7,0.026,0,0,3,0.013,4,0.019,1,0.004,1,0.007,1,0.01,0,0,0,0,0,0,2,0.053,2,0.036,0,0,3,0.023,0,0,2,0.007,4,0.013,4,0.011,5,0.014,4,0.011,4,0.011,2,0.005,1,0.003,1,0.003,4,0.016,7,0.033,1,0.006,2,0.017
Region 3,Region 21,1,0.01,2,0.044,0,0,1,0.051,0,0,2,0.058,2,0.024,1,0.006,5,0.016,11,0.032,8,0.028,8,0.03,4,0.014,16,0.049,6,0.018,12,0.035,9,0.023,20,0.044,23,0.051,19,0.053,10,0.036,7,0.029,7,0.034,5,0.033,2,0.015,4,0.068,1,0.028,2,0.081,1,0.047,0,0,1,0.013,5,0.032,12,0.048,10,0.036,9,0.034,13,0.048,10,0.033,13,0.038,17,0.047,9,0.024,21,0.051,15,0.033,11,0.024,12,0.032,18,0.062,5,0.02,10,0.045,4,0.02,3,0.012,1,0.007,2,0.023,1,0.016,2,0.053,0,0,2,0.048,3,0.042,2,0.018,5,0.03,10,0.043,15,0.05,19,0.057,14,0.039,3,0.008,18,0.047,15,0.038,15,0.037,15,0.039,11,0.034,12,0.044,13,0.052,13,0.054,8,0.038,2,0.009,2,0.013,1,0.01,2,0.027,0,0,1,0.032,0,0,3,0.054,5,0.062,12,0.092,7,0.033,13,0.047,12,0.038,26,0.074,25,0.069,12,0.033,11,0.03,16,0.042,10,0.027,13,0.044,7,0.029,7,0.033,7,0.043,2,0.017
Region 3,Region 22,2,0.02,2,0.044,5,0.176,2,0.101,0,0,0,0,3,0.036,1,0.006,4,0.013,12,0.035,9,0.032,4,0.015,10,0.034,11,0.034,15,0.046,15,0.044,20,0.052,19,0.042,17,0.037,18,0.05,10,0.036,15,0.063,6,0.029,1,0.007,7,0.052,3,0.051,2,0.056,0,0,0,0,0,0,3,0.038,4,0.025,11,0.044,14,0.05,6,0.023,8,0.029,22,0.073,10,0.029,17,0.047,17,0.044,20,0.048,19,0.042,22,0.048,19,0.051,9,0.031,14,0.057,8,0.036,4,0.02,4,0.016,5,0.034,0,0,3,0.048,0,0,0,0,0,0,1,0.014,2,0.018,6,0.036,4,0.017,16,0.054,17,0.051,15,0.042,11,0.03,23,0.061,16,0.041,16,0.039,19,0.049,17,0.052,6,0.022,12,0.048,5,0.021,3,0.014,3,0.013,5,0.033,1,0.01,0,0,2,0.048,1,0.032,0,0,4,0.071,0,0,4,0.031,4,0.019,12,0.043,21,0.066,12,0.034,11,0.03,22,0.061,18,0.049,16,0.042,11,0.03,10,0.034,15,0.061,11,0.052,8,0.049,5,0.042
Region 3,Region 23,4,0.04,1,0.022,0,0,0,0,2,0.107,2,0.058,4,0.048,3,0.017,5,0.016,8,0.023,7,0.025,2,0.008,3,0.01,11,0.034,7,0.021,10,0.029,6,0.016,6,0.013,9,0.02,7,0.02,5,0.018,1,0.004,3,0.015,2,0.013,1,0.007,2,0.034,0,0,0,0,1,0.047,1,0.029,7,0.088,5,0.032,9,0.036,8,0.029,6,0.023,4,0.015,6,0.02,7,0.02,0,0,11,0.029,4,0.01,9,0.02,10,0.022,14,0.038,6,0.021,7,0.029,2,0.009,2,0.01,3,0.012,4,0.027,6,0.07,1,0.016,0,0,0,0,8,0.192,2,0.028,4,0.036,10,0.061,10,0.043,12,0.04,11,0.033,8,0.022,7,0.019,9,0.024,10,0.025,17,0.042,11,0.028,8,0.024,7,0.026,2,0.008,3,0.013,9,0.042,2,0.009,7,0.046,2,0.021,2,0.027,5,0.12,2,0.064,1,0.027,1,0.018,2,0.025,4,0.031,8,0.038,12,0.043,11,0.034,12,0.034,4,0.011,11,0.03,13,0.035,3,0.008,5,0.014,5,0.017,5,0.02,6,0.028,1,0.006,3,0.025
Region 3,Region 24,12,0.119,3,0.066,5,0.176,5,0.253,7,0.376,7,0.204,17,0.204,33,0.189,48,0.155,59,0.172,50,0.177,42,0.158,50,0.172,65,0.2,82,0.251,56,0.163,70,0.182,75,0.166,55,0.121,68,0.191,41,0.149,37,0.155,30,0.146,26,0.169,19,0.142,5,0.085,0,0,2,0.081,11,0.52,6,0.175,11,0.138,18,0.114,41,0.164,59,0.212,43,0.162,45,0.165,61,0.201,68,0.199,79,0.219,66,0.173,70,0.169,71,0.156,57,0.125,53,0.143,63,0.218,38,0.156,38,0.17,19,0.096,22,0.09,15,0.101,3,0.035,5,0.08,7,0.185,4,0.137,9,0.216,19,0.263,29,0.262,41,0.249,58,0.247,62,0.208,66,0.199,62,0.172,73,0.2,79,0.208,63,0.16,66,0.163,61,0.157,54,0.164,53,0.196,47,0.188,29,0.122,20,0.094,15,0.066,9,0.059,3,0.031,9,0.121,4,0.096,5,0.16,9,0.24,13,0.232,23,0.286,38,0.291,63,0.301,63,0.225,69,0.216,97,0.277,75,0.207,76,0.209,66,0.178,50,0.132,62,0.17,33,0.113,38,0.156,33,0.155,31,0.189,17,0.142
Region 3,Region 25,0,0,1,0.022,0,0,0,0,0,0,0,0,1,0.012,0,0,2,0.006,1,0.003,0,0,2,0.008,3,0.01,0,0,2,0.006,0,0,1,0.003,0,0,0,0,0,0,0,0,1,0.004,1,0.005,1,0.007,1,0.007,0,0,0,0,0,0,1,0.047,0,0,1,0.013,0,0,2,0.008,2,0.007,2,0.008,3,0.011,1,0.003,0,0,1,0.003,1,0.003,0,0,0,0,3,0.007,2,0.005,0,0,0,0,0,0,0,0,0,0,0,0,0,0,0,0,0,0,0,0,0,0,0,0,1,0.009,0,0,1,0.004,2,0.007,4,0.012,3,0.008,0,0,1,0.003,3,0.008,1,0.002,0,0,4,0.012,2,0.007,0,0,1,0.004,1,0.005,1,0.004,0,0,0,0,0,0,0,0,1,0.032,1,0.027,0,0,1,0.012,1,0.008,2,0.01,0,0,1,0.003,1,0.003,2,0.006,1,0.003,0,0,1,0.003,2,0.005,1,0.003,0,0,0,0,1,0.006,0,0
Region 4,Region 0,32,0.318,11,0.241,10,0.352,3,0.152,4,0.215,8,0.233,11,0.132,57,0.326,104,0.335,115,0.334,81,0.286,86,0.323,73,0.251,112,0.345,90,0.275,83,0.242,112,0.29,138,0.305,141,0.31,108,0.303,84,0.305,69,0.289,67,0.325,39,0.254,36,0.269,22,0.374,13,0.362,11,0.444,7,0.331,4,0.117,14,0.176,36,0.228,94,0.376,86,0.309,96,0.361,95,0.348,75,0.247,76,0.222,105,0.291,109,0.285,99,0.239,126,0.277,131,0.288,98,0.264,79,0.274,76,0.312,78,0.349,51,0.258,60,0.245,35,0.235,42,0.493,46,0.736,14,0.37,5,0.171,19,0.456,17,0.236,20,0.181,52,0.316,94,0.4,114,0.383,117,0.353,131,0.363,112,0.306,117,0.309,115,0.292,112,0.276,111,0.286,82,0.25,79,0.292,88,0.351,79,0.331,51,0.24,58,0.255,40,0.263,39,0.404,71,0.951,22,0.527,4,0.128,11,0.294,15,0.268,18,0.224,49,0.375,66,0.316,101,0.361,126,0.394,113,0.322,135,0.373,126,0.347,133,0.358,101,0.267,120,0.329,87,0.297,95,0.389,73,0.343,49,0.299,23,0.193
Region 4,Region 1,3,0.03,3,0.066,0,0,1,0.051,0,0,0,0,0,0,2,0.011,8,0.026,10,0.029,10,0.035,4,0.015,3,0.01,3,0.009,3,0.009,5,0.015,4,0.01,8,0.018,15,0.033,15,0.042,10,0.036,6,0.025,8,0.039,7,0.046,10,0.075,1,0.017,0,0,0,0,0,0,0,0,1,0.013,1,0.006,4,0.016,6,0.022,3,0.011,3,0.011,7,0.023,5,0.015,5,0.014,12,0.031,10,0.024,10,0.022,19,0.042,17,0.046,13,0.045,15,0.061,3,0.013,16,0.081,6,0.025,9,0.06,5,0.059,6,0.096,2,0.053,0,0,0,0,5,0.069,1,0.009,3,0.018,9,0.038,10,0.034,7,0.021,8,0.022,10,0.027,7,0.018,13,0.033,14,0.035,18,0.046,14,0.043,9,0.033,14,0.056,16,0.067,9,0.042,13,0.057,10,0.066,10,0.104,5,0.067,3,0.072,1,0.032,0,0,0,0,4,0.05,4,0.031,7,0.033,6,0.021,11,0.034,10,0.029,9,0.025,8,0.022,16,0.043,6,0.016,9,0.025,8,0.027,11,0.045,4,0.019,7,0.043,1,0.008
Region 4,Region 2,2,0.02,0,0,0,0,1,0.051,0,0,2,0.058,2,0.024,1,0.006,6,0.019,12,0.035,7,0.025,3,0.011,3,0.01,5,0.015,6,0.018,8,0.023,2,0.005,11,0.024,15,0.033,12,0.034,8,0.029,2,0.008,1,0.005,5,0.033,3,0.022,1,0.017,1,0.028,0,0,2,0.095,2,0.058,2,0.025,5,0.032,5,0.02,9,0.032,5,0.019,3,0.011,4,0.013,8,0.023,11,0.031,6,0.016,8,0.019,14,0.031,5,0.011,8,0.022,8,0.028,11,0.045,9,0.04,5,0.025,15,0.061,15,0.101,13,0.153,11,0.176,1,0.026,1,0.034,1,0.024,1,0.014,2,0.018,2,0.012,10,0.043,9,0.03,3,0.009,1,0.003,9,0.025,9,0.024,14,0.035,19,0.047,16,0.041,21,0.064,10,0.037,17,0.068,12,0.05,18,0.085,14,0.062,9,0.059,11,0.114,12,0.161,4,0.096,1,0.032,0,0,0,0,1,0.012,3,0.023,4,0.019,7,0.025,12,0.038,10,0.029,1,0.003,5,0.014,4,0.011,10,0.026,7,0.019,7,0.024,7,0.029,5,0.024,1,0.006,4,0.033
Region 4,Region 3,3,0.03,0,0,1,0.035,0,0,0,0,0,0,0,0,0,0,3,0.01,1,0.003,1,0.004,2,0.008,4,0.014,1,0.003,7,0.021,4,0.012,7,0.018,10,0.022,11,0.024,8,0.022,12,0.044,5,0.021,6,0.029,2,0.013,3,0.022,0,0,1,0.028,0,0,0,0,1,0.029,1,0.013,1,0.006,1,0.004,2,0.007,0,0,6,0.022,6,0.02,2,0.006,4,0.011,7,0.018,6,0.014,15,0.033,5,0.011,8,0.022,4,0.014,7,0.029,4,0.018,3,0.015,2,0.008,3,0.02,2,0.023,2,0.032,0,0,1,0.034,2,0.048,1,0.014,0,0,1,0.006,3,0.013,7,0.024,12,0.036,7,0.019,4,0.011,2,0.005,4,0.01,10,0.025,4,0.01,7,0.021,2,0.007,2,0.008,4,0.017,6,0.028,6,0.026,1,0.007,0,0,1,0.013,1,0.024,1,0.032,0,0,0,0,0,0,0,0,6,0.029,1,0.004,5,0.016,10,0.029,4,0.011,7,0.019,3,0.008,7,0.019,6,0.016,6,0.021,4,0.016,3,0.014,5,0.03,0,0
Region 4,Region 4,29,0.288,10,0.219,7,0.246,7,0.354,0,0,2,0.058,6,0.072,9,0.051,26,0.084,54,0.157,58,0.205,52,0.195,73,0.251,83,0.255,91,0.279,103,0.3,89,0.231,150,0.332,166,0.365,145,0.407,129,0.468,93,0.389,88,0.427,55,0.358,58,0.434,18,0.306,8,0.223,11,0.444,0,0,3,0.088,2,0.025,9,0.057,36,0.144,65,0.233,76,0.286,67,0.246,70,0.231,103,0.301,85,0.236,97,0.254,99,0.239,134,0.295,144,0.317,156,0.42,112,0.388,100,0.41,75,0.336,75,0.379,94,0.384,59,0.396,27,0.317,30,0.48,25,0.661,16,0.548,7,0.168,14,0.194,23,0.208,34,0.207,55,0.234,94,0.316,86,0.259,100,0.277,103,0.282,112,0.296,106,0.269,104,0.256,78,0.201,124,0.378,106,0.392,95,0.379,91,0.381,71,0.334,87,0.383,96,0.631,66,0.683,45,0.603,13,0.311,8,0.256,7,0.187,4,0.071,14,0.174,27,0.206,52,0.249,101,0.361,106,0.332,130,0.371,109,0.302,137,0.377,114,0.307,112,0.297,138,0.378,110,0.376,114,0.467,91,0.428,71,0.433,40,0.335
Region 4,Region 5,3,0.03,0,0,1,0.035,0,0,1,0.054,3,0.087,3,0.036,6,0.034,21,0.068,13,0.038,8,0.028,13,0.049,18,0.062,11,0.034,12,0.037,14,0.041,9,0.023,15,0.033,15,0.033,12,0.034,17,0.062,13,0.054,10,0.049,4,0.026,4,0.03,0,0,5,0.139,3,0.121,0,0,1,0.029,2,0.025,6,0.038,19,0.076,17,0.061,7,0.026,9,0.033,11,0.036,19,0.055,13,0.036,9,0.024,19,0.046,23,0.051,12,0.026,15,0.04,12,0.042,10,0.041,8,0.036,7,0.035,4,0.016,2,0.013,2,0.023,4,0.064,0,0,1,0.034,0,0,5,0.069,6,0.054,10,0.061,16,0.068,15,0.05,14,0.042,26,0.072,19,0.052,16,0.042,25,0.063,21,0.052,12,0.031,15,0.046,9,0.033,13,0.052,4,0.017,5,0.023,5,0.022,4,0.026,2,0.021,6,0.08,2,0.048,0,0,2,0.053,3,0.054,4,0.05,11,0.084,16,0.077,11,0.039,25,0.078,27,0.077,17,0.047,11,0.03,9,0.024,13,0.034,17,0.047,11,0.038,11,0.045,11,0.052,4,0.024,4,0.033
Region 4,Region 6,1,0.01,1,0.022,2,0.07,0,0,0,0,0,0,0,0,0,0,1,0.003,4,0.012,3,0.011,3,0.011,3,0.01,2,0.006,1,0.003,3,0.009,4,0.01,5,0.011,3,0.007,2,0.006,3,0.011,1,0.004,3,0.015,0,0,1,0.007,0,0,0,0,0,0,0,0,0,0,0,0,0,0,3,0.012,3,0.011,1,0.004,3,0.011,2,0.007,2,0.006,4,0.011,0,0,4,0.01,2,0.004,7,0.015,10,0.027,3,0.01,6,0.025,3,0.013,2,0.01,1,0.004,1,0.007,3,0.035,3,0.048,0,0,0,0,0,0,0,0,0,0,0,0,2,0.009,3,0.01,3,0.009,1,0.003,5,0.014,4,0.011,4,0.01,2,0.005,2,0.005,4,0.012,1,0.004,2,0.008,1,0.004,1,0.005,1,0.004,2,0.013,0,0,2,0.027,0,0,0,0,0,0,0,0,2,0.025,2,0.015,3,0.014,3,0.011,1,0.003,6,0.017,2,0.006,2,0.006,3,0.008,3,0.008,4,0.011,3,0.01,3,0.012,1,0.005,1,0.006,0,0
Region 4,Region 7,25,0.248,9,0.197,9,0.317,8,0.404,7,0.376,4,0.116,7,0.084,11,0.063,24,0.077,33,0.096,26,0.092,35,0.131,38,0.13,38,0.117,49,0.15,52,0.152,44,0.114,51,0.113,56,0.123,58,0.163,51,0.185,65,0.272,42,0.204,28,0.182,21,0.157,13,0.221,4,0.111,8,0.323,6,0.284,3,0.088,3,0.038,10,0.063,19,0.076,32,0.115,34,0.128,26,0.095,39,0.129,47,0.137,48,0.133,46,0.12,58,0.14,48,0.106,66,0.145,63,0.17,49,0.17,45,0.184,35,0.157,35,0.177,35,0.143,23,0.155,22,0.258,36,0.576,13,0.343,7,0.24,3,0.072,5,0.069,11,0.099,21,0.128,32,0.136,48,0.161,40,0.121,57,0.158,48,0.131,56,0.148,51,0.129,48,0.118,51,0.131,52,0.158,40,0.148,55,0.219,43,0.18,34,0.16,42,0.185,22,0.145,31,0.321,46,0.616,11,0.264,6,0.192,3,0.08,3,0.054,3,0.037,7,0.054,20,0.096,24,0.086,26,0.081,42,0.12,48,0.133,39,0.107,39,0.105,55,0.146,54,0.148,45,0.154,47,0.192,66,0.31,38,0.232,18,0.151
Region 4,Region 8,8,0.079,2,0.044,4,0.141,3,0.152,3,0.161,0,0,2,0.024,9,0.051,42,0.135,41,0.119,19,0.067,20,0.075,33,0.113,29,0.089,36,0.11,19,0.055,22,0.057,22,0.049,25,0.055,34,0.095,22,0.08,21,0.088,21,0.102,13,0.085,15,0.112,6,0.102,4,0.111,5,0.202,2,0.095,2,0.058,6,0.076,13,0.082,24,0.096,28,0.101,27,0.101,25,0.092,25,0.082,27,0.079,34,0.094,31,0.081,20,0.048,31,0.068,22,0.048,31,0.083,29,0.101,17,0.07,24,0.108,15,0.076,16,0.065,8,0.054,6,0.07,28,0.448,9,0.238,1,0.034,2,0.048,6,0.083,11,0.099,13,0.079,33,0.14,34,0.114,30,0.09,31,0.086,46,0.126,48,0.127,37,0.094,41,0.101,31,0.08,36,0.11,38,0.14,35,0.14,25,0.105,17,0.08,22,0.097,17,0.112,17,0.176,34,0.455,9,0.216,4,0.128,6,0.16,4,0.071,5,0.062,12,0.092,18,0.086,25,0.089,42,0.131,40,0.114,27,0.075,25,0.069,25,0.067,31,0.082,41,0.112,27,0.092,28,0.115,25,0.118,23,0.14,7,0.059
Region 4,Region 9,0,0,2,0.044,1,0.035,0,0,0,0,0,0,0,0,0,0,0,0,3,0.009,2,0.007,5,0.019,4,0.014,2,0.006,6,0.018,3,0.009,6,0.016,5,0.011,7,0.015,4,0.011,2,0.007,0,0,2,0.01,1,0.007,0,0,0,0,0,0,0,0,0,0,0,0,0,0,0,0,0,0,4,0.014,5,0.019,3,0.011,3,0.01,6,0.018,4,0.011,4,0.01,3,0.007,8,0.018,6,0.013,4,0.011,3,0.01,3,0.012,2,0.009,2,0.01,2,0.008,0,0,0,0,1,0.016,1,0.026,0,0,0,0,0,0,0,0,1,0.006,4,0.017,7,0.024,3,0.009,2,0.006,4,0.011,4,0.011,3,0.008,4,0.01,4,0.01,4,0.012,1,0.004,0,0,2,0.008,2,0.009,2,0.009,1,0.007,1,0.01,2,0.027,1,0.024,0,0,0,0,0,0,0,0,1,0.008,5,0.024,6,0.021,9,0.028,8,0.023,7,0.019,4,0.011,6,0.016,5,0.013,3,0.008,1,0.003,4,0.016,1,0.005,0,0,0,0
Region 4,Region 10,2,0.02,1,0.022,3,0.106,1,0.051,0,0,3,0.087,5,0.06,9,0.051,31,0.1,19,0.055,13,0.046,13,0.049,20,0.069,17,0.052,19,0.058,17,0.05,13,0.034,20,0.044,24,0.053,22,0.062,14,0.051,15,0.063,15,0.073,6,0.039,7,0.052,4,0.068,2,0.056,1,0.04,1,0.047,2,0.058,1,0.013,8,0.051,14,0.056,23,0.083,18,0.068,16,0.059,20,0.066,19,0.055,25,0.069,17,0.044,32,0.077,23,0.051,23,0.051,11,0.03,14,0.049,13,0.053,10,0.045,12,0.061,7,0.029,4,0.027,19,0.223,16,0.256,5,0.132,0,0,3,0.072,2,0.028,11,0.099,20,0.122,17,0.072,28,0.094,22,0.066,24,0.067,33,0.09,29,0.077,22,0.056,22,0.054,23,0.059,13,0.04,22,0.081,24,0.096,18,0.075,8,0.038,13,0.057,10,0.066,11,0.114,15,0.201,7,0.168,2,0.064,1,0.027,3,0.054,7,0.087,11,0.084,15,0.072,16,0.057,20,0.063,16,0.046,21,0.058,19,0.052,18,0.049,18,0.048,23,0.063,15,0.051,14,0.057,14,0.066,13,0.079,4,0.033
Region 4,Region 11,0,0,0,0,0,0,0,0,0,0,0,0,1,0.012,1,0.006,2,0.006,2,0.006,1,0.004,2,0.008,2,0.007,3,0.009,0,0,0,0,0,0,2,0.004,1,0.002,1,0.003,1,0.004,1,0.004,1,0.005,0,0,0,0,1,0.017,0,0,0,0,0,0,0,0,0,0,2,0.013,0,0,0,0,1,0.004,0,0,2,0.007,0,0,1,0.003,0,0,0,0,1,0.002,4,0.009,3,0.008,1,0.003,1,0.004,0,0,0,0,0,0,2,0.013,1,0.012,1,0.016,0,0,0,0,2,0.048,1,0.014,0,0,1,0.006,0,0,1,0.003,0,0,0,0,5,0.014,2,0.005,1,0.003,1,0.002,1,0.003,1,0.003,1,0.004,0,0,1,0.004,1,0.005,2,0.009,1,0.007,2,0.021,2,0.027,0,0,0,0,0,0,0,0,1,0.012,0,0,2,0.01,0,0,1,0.003,0,0,0,0,0,0,3,0.008,1,0.003,2,0.005,3,0.01,0,0,1,0.005,3,0.018,0,0
Region 4,Region 12,1,0.01,3,0.066,0,0,0,0,1,0.054,1,0.029,2,0.024,3,0.017,5,0.016,9,0.026,3,0.011,5,0.019,3,0.01,3,0.009,7,0.021,7,0.02,6,0.016,10,0.022,6,0.013,6,0.017,6,0.022,3,0.013,7,0.034,4,0.026,1,0.007,1,0.017,0,0,1,0.04,0,0,2,0.058,4,0.05,2,0.013,7,0.028,7,0.025,3,0.011,4,0.015,3,0.01,9,0.026,7,0.019,4,0.01,6,0.014,5,0.011,7,0.015,8,0.022,5,0.017,8,0.033,5,0.022,3,0.015,5,0.02,6,0.04,2,0.023,6,0.096,5,0.132,4,0.137,3,0.072,1,0.014,1,0.009,6,0.036,5,0.021,11,0.037,4,0.012,12,0.033,4,0.011,8,0.021,5,0.013,6,0.015,11,0.028,8,0.024,10,0.037,8,0.032,5,0.021,5,0.023,5,0.022,7,0.046,6,0.062,9,0.121,4,0.096,3,0.096,0,0,1,0.018,2,0.025,1,0.008,1,0.005,5,0.018,6,0.019,9,0.026,4,0.011,5,0.014,6,0.016,6,0.016,6,0.016,4,0.014,10,0.041,3,0.014,8,0.049,3,0.025
Region 4,Region 13,23,0.228,11,0.241,0,0,4,0.202,1,0.054,2,0.058,8,0.096,13,0.074,30,0.097,32,0.093,26,0.092,28,0.105,41,0.141,37,0.114,32,0.098,38,0.111,39,0.101,65,0.144,66,0.145,58,0.163,54,0.196,53,0.222,32,0.155,22,0.143,22,0.164,13,0.221,6,0.167,4,0.162,2,0.095,1,0.029,7,0.088,10,0.063,23,0.092,35,0.126,39,0.147,40,0.147,43,0.142,64,0.187,49,0.136,48,0.126,41,0.099,64,0.141,55,0.121,37,0.1,55,0.191,43,0.176,37,0.166,34,0.172,43,0.176,23,0.155,12,0.141,12,0.192,13,0.343,9,0.308,6,0.144,2,0.028,4,0.036,16,0.097,33,0.14,51,0.171,49,0.148,53,0.147,54,0.148,75,0.198,52,0.132,47,0.116,44,0.113,50,0.152,32,0.118,36,0.144,29,0.122,31,0.146,35,0.154,31,0.204,35,0.362,33,0.442,11,0.264,5,0.16,4,0.107,6,0.107,9,0.112,13,0.099,35,0.167,39,0.14,55,0.172,58,0.165,59,0.163,68,0.187,69,0.186,62,0.164,47,0.129,30,0.103,43,0.176,51,0.24,27,0.165,10,0.084
Region 4,Region 14,10,0.099,7,0.154,3,0.106,4,0.202,2,0.107,11,0.32,12,0.144,18,0.103,58,0.187,60,0.175,48,0.17,37,0.139,41,0.141,46,0.142,49,0.15,55,0.16,44,0.114,39,0.086,53,0.117,37,0.104,41,0.149,40,0.167,43,0.209,17,0.111,9,0.067,8,0.136,9,0.25,8,0.323,4,0.189,8,0.234,18,0.227,24,0.152,37,0.148,61,0.219,39,0.147,38,0.139,49,0.162,47,0.137,51,0.141,35,0.092,50,0.121,51,0.112,70,0.154,54,0.145,35,0.121,44,0.18,33,0.148,20,0.101,21,0.086,13,0.087,27,0.317,31,0.496,13,0.343,15,0.513,12,0.288,20,0.277,20,0.181,31,0.188,43,0.183,56,0.188,61,0.184,74,0.205,53,0.145,47,0.124,59,0.15,44,0.108,47,0.121,30,0.091,29,0.107,28,0.112,30,0.126,17,0.08,18,0.079,25,0.164,37,0.383,39,0.522,22,0.527,10,0.32,6,0.16,8,0.143,8,0.1,21,0.161,35,0.167,65,0.233,71,0.222,87,0.248,56,0.155,60,0.165,54,0.146,53,0.14,62,0.17,28,0.096,37,0.151,31,0.146,19,0.116,13,0.109
Region 4,Region 15,3,0.03,0,0,0,0,0,0,0,0,1,0.029,0,0,0,0,3,0.01,1,0.003,2,0.007,0,0,0,0,0,0,1,0.003,1,0.003,1,0.003,3,0.007,0,0,0,0,0,0,0,0,2,0.01,0,0,1,0.007,1,0.017,0,0,0,0,0,0,0,0,1,0.013,0,0,2,0.008,2,0.007,0,0,1,0.004,0,0,3,0.009,2,0.006,2,0.005,1,0.002,1,0.002,1,0.002,1,0.003,1,0.003,1,0.004,0,0,0,0,3,0.012,1,0.007,0,0,3,0.048,0,0,0,0,0,0,0,0,1,0.009,3,0.018,2,0.009,3,0.01,0,0,3,0.008,1,0.003,0,0,1,0.003,3,0.007,4,0.01,1,0.003,3,0.011,2,0.008,1,0.004,1,0.005,1,0.004,2,0.013,0,0,8,0.107,2,0.048,0,0,0,0,0,0,0,0,1,0.008,0,0,2,0.007,1,0.003,1,0.003,1,0.003,2,0.006,0,0,1,0.003,1,0.003,2,0.007,1,0.004,1,0.005,1,0.006,0,0
Region 4,Region 16,5,0.05,0,0,0,0,0,0,0,0,2,0.058,3,0.036,5,0.029,12,0.039,37,0.108,21,0.074,21,0.079,26,0.089,24,0.074,27,0.083,21,0.061,30,0.078,43,0.095,33,0.073,30,0.084,29,0.105,20,0.084,11,0.053,6,0.039,7,0.052,1,0.017,1,0.028,1,0.04,0,0,0,0,0,0,5,0.032,13,0.052,25,0.09,26,0.098,22,0.081,31,0.102,20,0.058,37,0.103,38,0.099,30,0.072,33,0.073,28,0.062,44,0.118,41,0.142,16,0.066,14,0.063,14,0.071,8,0.033,5,0.034,0,0,1,0.016,3,0.079,0,0,1,0.024,6,0.083,7,0.063,18,0.109,14,0.06,28,0.094,36,0.108,30,0.083,47,0.128,50,0.132,38,0.096,32,0.079,33,0.085,27,0.082,29,0.107,25,0.1,13,0.054,12,0.056,7,0.031,6,0.039,1,0.01,2,0.027,0,0,0,0,1,0.027,5,0.089,6,0.075,13,0.099,23,0.11,20,0.072,49,0.153,33,0.094,34,0.094,43,0.118,44,0.119,40,0.106,30,0.082,31,0.106,16,0.065,19,0.089,8,0.049,5,0.042
Region 4,Region 17,8,0.079,7,0.154,5,0.176,8,0.404,3,0.161,0,0,4,0.048,13,0.074,33,0.106,43,0.125,20,0.071,15,0.056,23,0.079,18,0.055,18,0.055,11,0.032,23,0.06,22,0.049,24,0.053,24,0.067,29,0.105,20,0.084,25,0.121,21,0.137,10,0.075,15,0.255,8,0.223,7,0.283,5,0.236,2,0.058,2,0.025,10,0.063,20,0.08,26,0.093,15,0.056,11,0.04,25,0.082,24,0.07,21,0.058,17,0.044,25,0.06,39,0.086,36,0.079,37,0.1,27,0.094,18,0.074,26,0.116,31,0.157,47,0.192,25,0.168,20,0.235,27,0.432,8,0.211,5,0.171,2,0.048,5,0.069,6,0.054,12,0.073,21,0.089,16,0.054,21,0.063,23,0.064,35,0.096,22,0.058,20,0.051,33,0.081,46,0.118,25,0.076,17,0.063,15,0.06,32,0.134,29,0.136,49,0.215,44,0.289,35,0.362,30,0.402,9,0.216,5,0.16,0,0,6,0.107,2,0.025,8,0.061,6,0.029,13,0.047,13,0.041,31,0.088,23,0.064,21,0.058,34,0.092,34,0.09,28,0.077,19,0.065,26,0.106,20,0.094,18,0.11,17,0.142
Region 4,Region 18,1,0.01,0,0,0,0,0,0,0,0,0,0,0,0,0,0,0,0,0,0,1,0.004,0,0,0,0,2,0.006,0,0,1,0.003,1,0.003,0,0,0,0,1,0.003,1,0.004,0,0,1,0.005,0,0,0,0,2,0.034,0,0,1,0.04,0,0,1,0.029,0,0,0,0,0,0,0,0,1,0.004,1,0.004,0,0,0,0,1,0.003,1,0.003,2,0.005,4,0.009,1,0.002,0,0,3,0.01,1,0.004,0,0,0,0,0,0,0,0,1,0.012,3,0.048,0,0,0,0,0,0,0,0,0,0,0,0,1,0.004,1,0.003,1,0.003,1,0.003,0,0,0,0,1,0.003,1,0.002,0,0,0,0,1,0.004,2,0.008,1,0.004,2,0.009,0,0,1,0.007,1,0.01,2,0.027,1,0.024,0,0,0,0,0,0,1,0.012,0,0,0,0,2,0.007,0,0,1,0.003,2,0.006,0,0,2,0.005,1,0.003,0,0,0,0,0,0,2,0.009,0,0,0,0
Region 4,Region 19,2,0.02,0,0,0,0,0,0,0,0,0,0,1,0.012,0,0,0,0,1,0.003,0,0,0,0,0,0,3,0.009,0,0,1,0.003,0,0,0,0,1,0.002,2,0.006,2,0.007,0,0,4,0.019,3,0.02,1,0.007,0,0,1,0.028,0,0,1,0.047,0,0,0,0,0,0,1,0.004,2,0.007,0,0,1,0.004,1,0.003,2,0.006,1,0.003,1,0.003,2,0.005,0,0,0,0,0,0,0,0,0,0,2,0.009,0,0,1,0.004,0,0,0,0,0,0,1,0.026,2,0.068,0,0,0,0,0,0,0,0,0,0,1,0.003,4,0.012,1,0.003,3,0.008,2,0.005,3,0.008,1,0.002,1,0.003,0,0,1,0.004,1,0.004,3,0.013,0,0,1,0.004,0,0,3,0.031,1,0.013,1,0.024,0,0,0,0,1,0.018,0,0,1,0.008,0,0,1,0.004,0,0,1,0.003,0,0,1,0.003,2,0.005,0,0,0,0,0,0,0,0,1,0.005,2,0.012,0,0
Region 4,Region 20,1,0.01,2,0.044,1,0.035,1,0.051,0,0,0,0,5,0.06,2,0.011,6,0.019,16,0.047,6,0.021,5,0.019,4,0.014,4,0.012,7,0.021,2,0.006,3,0.008,9,0.02,5,0.011,7,0.02,4,0.015,4,0.017,4,0.019,6,0.039,5,0.037,0,0,3,0.083,0,0,0,0,0,0,3,0.038,5,0.032,12,0.048,12,0.043,13,0.049,4,0.015,3,0.01,6,0.018,5,0.014,6,0.016,5,0.012,5,0.011,6,0.013,9,0.024,7,0.024,8,0.033,12,0.054,9,0.046,9,0.037,10,0.067,5,0.059,5,0.08,2,0.053,2,0.068,2,0.048,2,0.028,3,0.027,4,0.024,6,0.026,4,0.013,10,0.03,5,0.014,11,0.03,8,0.021,5,0.013,8,0.02,6,0.015,7,0.021,9,0.033,8,0.032,4,0.017,2,0.009,3,0.013,4,0.026,8,0.083,4,0.054,2,0.048,1,0.032,0,0,0,0,1,0.012,6,0.046,7,0.033,7,0.025,7,0.022,4,0.011,7,0.019,6,0.017,15,0.04,6,0.016,7,0.019,4,0.014,1,0.004,7,0.033,4,0.024,4,0.033
Region 4,Region 21,2,0.02,1,0.022,1,0.035,0,0,0,0,2,0.058,1,0.012,3,0.017,8,0.026,12,0.035,12,0.042,22,0.083,14,0.048,17,0.052,20,0.061,18,0.052,21,0.054,30,0.066,40,0.088,10,0.028,21,0.076,18,0.075,8,0.039,4,0.026,4,0.03,5,0.085,4,0.111,2,0.081,0,0,0,0,1,0.013,0,0,9,0.036,9,0.032,15,0.056,12,0.044,18,0.059,22,0.064,18,0.05,23,0.06,28,0.067,36,0.079,27,0.059,17,0.046,26,0.09,19,0.078,12,0.054,8,0.04,7,0.029,5,0.034,4,0.047,4,0.064,2,0.053,1,0.034,2,0.048,2,0.028,1,0.009,7,0.043,19,0.081,12,0.04,17,0.051,36,0.1,30,0.082,23,0.061,22,0.056,22,0.054,20,0.052,16,0.049,18,0.067,17,0.068,11,0.046,8,0.038,7,0.031,10,0.066,8,0.083,6,0.08,0,0,0,0,1,0.027,0,0,3,0.037,7,0.054,14,0.067,23,0.082,25,0.078,30,0.086,21,0.058,22,0.061,17,0.046,23,0.061,21,0.058,28,0.096,17,0.07,15,0.071,11,0.067,4,0.033
Region 4,Region 22,1,0.01,0,0,0,0,0,0,0,0,0,0,0,0,1,0.006,0,0,1,0.003,2,0.007,1,0.004,2,0.007,4,0.012,3,0.009,3,0.009,3,0.008,10,0.022,4,0.009,6,0.017,2,0.007,3,0.013,1,0.005,1,0.007,0,0,0,0,0,0,0,0,0,0,0,0,0,0,1,0.006,0,0,1,0.004,3,0.011,3,0.011,4,0.013,3,0.009,1,0.003,1,0.003,4,0.01,2,0.004,2,0.004,7,0.019,7,0.024,3,0.012,4,0.018,1,0.005,0,0,0,0,1,0.012,3,0.048,1,0.026,1,0.034,0,0,0,0,1,0.009,2,0.012,1,0.004,5,0.017,2,0.006,2,0.006,4,0.011,3,0.008,3,0.008,1,0.002,0,0,7,0.021,2,0.007,4,0.016,1,0.004,1,0.005,1,0.004,1,0.007,1,0.01,3,0.04,0,0,0,0,1,0.027,0,0,2,0.025,1,0.008,2,0.01,2,0.007,1,0.003,2,0.006,8,0.022,4,0.011,5,0.013,1,0.003,0,0,2,0.007,0,0,2,0.009,1,0.006,0,0
Region 4,Region 23,3,0.03,3,0.066,2,0.07,1,0.051,1,0.054,0,0,3,0.036,6,0.034,21,0.068,10,0.029,9,0.032,14,0.053,15,0.051,9,0.028,13,0.04,11,0.032,22,0.057,20,0.044,23,0.051,11,0.031,11,0.04,8,0.033,14,0.068,5,0.033,5,0.037,5,0.085,5,0.139,2,0.081,1,0.047,3,0.088,6,0.076,6,0.038,13,0.052,18,0.065,14,0.053,12,0.044,9,0.03,20,0.058,8,0.022,16,0.042,18,0.043,14,0.031,14,0.031,18,0.048,12,0.042,5,0.02,15,0.067,16,0.081,16,0.065,6,0.04,9,0.106,12,0.192,4,0.106,3,0.103,3,0.072,2,0.028,8,0.072,11,0.067,14,0.06,14,0.047,14,0.042,13,0.036,17,0.046,22,0.058,20,0.051,11,0.027,12,0.031,13,0.04,13,0.048,9,0.036,8,0.034,11,0.052,7,0.031,15,0.099,16,0.166,26,0.348,13,0.311,3,0.096,1,0.027,3,0.054,3,0.037,3,0.023,9,0.043,15,0.054,18,0.056,18,0.051,16,0.044,14,0.039,9,0.024,22,0.058,14,0.038,15,0.051,24,0.098,16,0.075,15,0.091,8,0.067
Region 4,Region 24,1,0.01,0,0,1,0.035,0,0,0,0,1,0.029,1,0.012,0,0,3,0.01,1,0.003,2,0.007,3,0.011,6,0.021,4,0.012,7,0.021,6,0.017,1,0.003,9,0.02,7,0.015,2,0.006,4,0.015,7,0.029,5,0.024,2,0.013,1,0.007,0,0,1,0.028,0,0,0,0,2,0.058,2,0.025,0,0,1,0.004,6,0.022,2,0.008,1,0.004,9,0.03,8,0.023,8,0.022,5,0.013,3,0.007,6,0.013,7,0.015,3,0.008,3,0.01,6,0.025,2,0.009,4,0.02,2,0.008,1,0.007,2,0.023,0,0,0,0,0,0,0,0,1,0.014,0,0,0,0,0,0,3,0.01,3,0.009,6,0.017,8,0.022,8,0.021,6,0.015,7,0.017,5,0.013,4,0.012,1,0.004,2,0.008,1,0.004,2,0.009,2,0.009,1,0.007,0,0,0,0,0,0,1,0.032,0,0,1,0.018,0,0,2,0.015,2,0.01,3,0.011,2,0.006,6,0.017,3,0.008,4,0.011,9,0.024,2,0.005,7,0.019,2,0.007,3,0.012,7,0.033,7,0.043,3,0.025
Region 4,Region 25,0,0,0,0,2,0.07,0,0,0,0,0,0,0,0,1,0.006,3,0.01,5,0.015,2,0.007,1,0.004,2,0.007,3,0.009,3,0.009,2,0.006,4,0.01,4,0.009,7,0.015,2,0.006,1,0.004,0,0,2,0.01,1,0.007,2,0.015,2,0.034,0,0,0,0,0,0,0,0,0,0,1,0.006,1,0.004,2,0.007,1,0.004,2,0.007,1,0.003,0,0,6,0.017,3,0.008,2,0.005,3,0.007,5,0.011,5,0.013,6,0.021,0,0,2,0.009,1,0.005,1,0.004,3,0.02,1,0.012,2,0.032,2,0.053,1,0.034,1,0.024,1,0.014,0,0,1,0.006,2,0.009,2,0.007,0,0,2,0.006,4,0.011,4,0.011,3,0.008,3,0.007,0,0,3,0.009,4,0.015,1,0.004,1,0.004,1,0.005,0,0,3,0.02,1,0.01,3,0.04,2,0.048,2,0.064,0,0,0,0,1,0.012,1,0.008,2,0.01,3,0.011,0,0,5,0.014,1,0.003,4,0.011,2,0.005,1,0.003,2,0.005,2,0.007,1,0.004,6,0.028,3,0.018,0,0
Region 5,Region 0,26,0.258,21,0.461,7,0.246,1,0.051,3,0.161,19,0.553,29,0.348,96,0.549,163,0.526,168,0.489,140,0.495,98,0.368,116,0.398,117,0.36,155,0.474,173,0.504,165,0.428,184,0.407,196,0.432,129,0.362,105,0.381,75,0.314,78,0.379,51,0.332,33,0.247,20,0.34,8,0.223,3,0.121,7,0.331,11,0.321,28,0.353,69,0.438,127,0.508,115,0.413,135,0.507,132,0.484,108,0.356,126,0.368,166,0.46,194,0.507,207,0.499,182,0.4,189,0.416,128,0.345,111,0.385,69,0.283,68,0.305,47,0.238,28,0.115,17,0.114,9,0.106,7,0.112,6,0.159,12,0.411,18,0.432,22,0.305,35,0.316,64,0.389,83,0.353,114,0.383,139,0.419,151,0.419,159,0.435,176,0.464,186,0.472,184,0.454,157,0.404,115,0.35,71,0.262,52,0.208,58,0.243,55,0.258,44,0.193,24,0.158,12,0.124,10,0.134,4,0.096,8,0.256,10,0.267,20,0.357,25,0.311,45,0.344,65,0.311,106,0.379,150,0.47,158,0.45,182,0.503,160,0.44,144,0.388,154,0.408,143,0.392,122,0.417,94,0.385,67,0.315,57,0.348,49,0.41
Region 5,Region 1,8,0.079,2,0.044,0,0,1,0.051,0,0,0,0,1,0.012,4,0.023,8,0.026,9,0.026,16,0.057,9,0.034,12,0.041,13,0.04,12,0.037,12,0.035,10,0.026,14,0.031,13,0.029,24,0.067,19,0.069,23,0.096,12,0.058,10,0.065,7,0.052,4,0.068,1,0.028,0,0,0,0,1,0.029,0,0,3,0.019,16,0.064,14,0.05,10,0.038,11,0.04,6,0.02,11,0.032,13,0.036,15,0.039,12,0.029,14,0.031,18,0.04,25,0.067,25,0.087,11,0.045,20,0.09,16,0.081,8,0.033,7,0.047,3,0.035,1,0.016,0,0,0,0,1,0.024,6,0.083,4,0.036,8,0.049,18,0.077,14,0.047,16,0.048,12,0.033,12,0.033,24,0.063,26,0.066,18,0.044,23,0.059,27,0.082,17,0.063,15,0.06,17,0.071,17,0.08,8,0.035,6,0.039,4,0.041,1,0.013,1,0.024,0,0,0,0,0,0,1,0.012,4,0.031,11,0.053,12,0.043,9,0.028,10,0.029,7,0.019,4,0.011,15,0.04,20,0.053,13,0.036,13,0.044,12,0.049,10,0.047,5,0.03,6,0.05
Region 5,Region 2,1,0.01,1,0.022,1,0.035,0,0,0,0,0,0,1,0.012,2,0.011,5,0.016,8,0.023,10,0.035,3,0.011,7,0.024,4,0.012,4,0.012,4,0.012,3,0.008,6,0.013,10,0.022,15,0.042,1,0.004,7,0.029,4,0.019,2,0.013,1,0.007,0,0,1,0.028,0,0,0,0,0,0,1,0.013,3,0.019,4,0.016,7,0.025,3,0.011,6,0.022,7,0.023,4,0.012,5,0.014,5,0.013,2,0.005,4,0.009,7,0.015,6,0.016,8,0.028,7,0.029,7,0.031,4,0.02,12,0.049,2,0.013,6,0.07,1,0.016,0,0,0,0,1,0.024,2,0.028,2,0.018,6,0.036,6,0.026,8,0.027,6,0.018,2,0.006,3,0.008,4,0.011,14,0.035,27,0.067,23,0.059,17,0.052,6,0.022,8,0.032,13,0.054,14,0.066,9,0.04,2,0.013,6,0.062,1,0.013,0,0,0,0,0,0,1,0.018,1,0.012,3,0.023,5,0.024,11,0.039,8,0.025,7,0.02,3,0.008,6,0.017,13,0.035,6,0.016,4,0.011,3,0.01,4,0.016,0,0,1,0.006,1,0.008
Region 5,Region 3,2,0.02,1,0.022,1,0.035,0,0,1,0.054,1,0.029,1,0.012,4,0.023,6,0.019,8,0.023,10,0.035,8,0.03,13,0.045,14,0.043,14,0.043,14,0.041,16,0.041,25,0.055,36,0.079,14,0.039,16,0.058,20,0.084,18,0.087,7,0.046,5,0.037,3,0.051,2,0.056,0,0,0,0,0,0,1,0.013,4,0.025,10,0.04,9,0.032,10,0.038,11,0.04,21,0.069,17,0.05,20,0.055,17,0.044,21,0.051,31,0.068,28,0.062,14,0.038,11,0.038,12,0.049,7,0.031,11,0.056,9,0.037,6,0.04,2,0.023,1,0.016,1,0.026,2,0.068,2,0.048,1,0.014,1,0.009,7,0.043,14,0.06,11,0.037,14,0.042,11,0.031,10,0.027,19,0.05,18,0.046,18,0.044,24,0.062,21,0.064,21,0.078,8,0.032,6,0.025,8,0.038,8,0.035,3,0.02,4,0.041,1,0.013,3,0.072,0,0,0,0,1,0.018,3,0.037,6,0.046,5,0.024,8,0.029,13,0.041,16,0.046,12,0.033,17,0.047,19,0.051,21,0.056,18,0.049,8,0.027,10,0.041,15,0.071,16,0.098,6,0.05
Region 5,Region 4,2,0.02,2,0.044,1,0.035,1,0.051,0,0,2,0.058,1,0.012,4,0.023,1,0.003,12,0.035,11,0.039,9,0.034,16,0.055,20,0.062,13,0.04,12,0.035,15,0.039,24,0.053,35,0.077,24,0.067,11,0.04,12,0.05,9,0.044,4,0.026,8,0.06,4,0.068,0,0,0,0,0,0,0,0,2,0.025,4,0.025,6,0.024,16,0.057,16,0.06,20,0.073,18,0.059,20,0.058,14,0.039,18,0.047,21,0.051,27,0.059,20,0.044,15,0.04,15,0.052,13,0.053,12,0.054,12,0.061,12,0.049,7,0.047,3,0.035,2,0.032,2,0.053,0,0,2,0.048,6,0.083,4,0.036,9,0.055,17,0.072,14,0.047,14,0.042,21,0.058,27,0.074,26,0.069,20,0.051,20,0.049,30,0.077,24,0.073,16,0.059,9,0.036,17,0.071,16,0.075,11,0.048,6,0.039,6,0.062,3,0.04,2,0.048,2,0.064,1,0.027,5,0.089,2,0.025,9,0.069,16,0.077,15,0.054,17,0.053,19,0.054,15,0.041,16,0.044,29,0.078,26,0.069,22,0.06,18,0.062,13,0.053,12,0.056,10,0.061,6,0.05
Region 5,Region 5,404,4.011,176,3.86,87,3.06,54,2.729,102,5.472,236,6.868,578,6.934,1065,6.094,1646,5.308,1794,5.218,1617,5.718,1589,5.965,1825,6.266,2034,6.261,1935,5.923,1820,5.306,1939,5.028,2250,4.976,2237,4.925,2003,5.616,1644,5.97,1386,5.795,1141,5.542,681,4.428,506,3.783,204,3.471,117,3.255,71,2.869,88,4.161,189,5.523,505,6.358,914,5.799,1522,6.09,1721,6.178,1634,6.142,1699,6.232,1817,5.993,1977,5.773,2109,5.848,1857,4.856,1963,4.732,1988,4.373,2081,4.581,1786,4.808,1504,5.216,1087,4.455,958,4.292,639,3.233,554,2.266,294,1.975,172,2.018,116,1.856,106,2.801,157,5.373,228,5.476,368,5.1,664,5.997,1057,6.427,1422,6.047,1925,6.469,2169,6.537,2146,5.953,2193,5.994,2172,5.731,2293,5.814,2256,5.562,1979,5.098,1596,4.861,1227,4.536,1034,4.126,958,4.014,609,2.862,552,2.427,396,2.603,190,1.967,104,1.393,95,2.276,129,4.129,241,6.439,325,5.808,452,5.627,767,5.864,1226,5.865,1661,5.944,2075,6.496,2258,6.438,2161,5.978,2077,5.713,2298,6.193,2107,5.579,1806,4.952,1544,5.279,1210,4.953,1009,4.744,760,4.635,445,3.726
Region 5,Region 6,4,0.04,0,0,0,0,0,0,0,0,0,0,2,0.024,2,0.011,6,0.019,6,0.017,3,0.011,4,0.015,6,0.021,2,0.006,4,0.012,8,0.023,9,0.023,6,0.013,6,0.013,14,0.039,9,0.033,6,0.025,6,0.029,4,0.026,1,0.007,2,0.034,1,0.028,0,0,0,0,0,0,1,0.013,3,0.019,3,0.012,7,0.025,7,0.026,7,0.026,10,0.033,11,0.032,7,0.019,10,0.026,9,0.022,8,0.018,12,0.026,9,0.024,19,0.066,10,0.041,5,0.022,2,0.01,3,0.012,2,0.013,0,0,0,0,0,0,0,0,0,0,2,0.028,2,0.018,5,0.03,12,0.051,12,0.04,17,0.051,12,0.033,12,0.033,16,0.042,14,0.035,11,0.027,7,0.018,16,0.049,11,0.041,9,0.036,10,0.042,4,0.019,3,0.013,3,0.02,0,0,1,0.013,0,0,0,0,0,0,0,0,1,0.012,1,0.008,10,0.048,10,0.036,14,0.044,12,0.034,5,0.014,6,0.017,11,0.03,13,0.034,12,0.033,10,0.034,7,0.029,3,0.014,4,0.024,6,0.05
Region 5,Region 7,25,0.248,12,0.263,7,0.246,3,0.152,5,0.268,11,0.32,29,0.348,77,0.441,71,0.229,75,0.218,76,0.269,72,0.27,62,0.213,86,0.265,81,0.248,62,0.181,66,0.171,68,0.15,82,0.181,87,0.244,51,0.185,47,0.197,50,0.243,38,0.247,32,0.239,13,0.221,12,0.334,3,0.121,7,0.331,11,0.321,23,0.29,78,0.495,82,0.328,77,0.276,57,0.214,74,0.271,74,0.244,79,0.231,59,0.164,70,0.183,74,0.178,72,0.158,74,0.163,85,0.229,55,0.191,59,0.242,44,0.197,41,0.207,39,0.16,24,0.161,17,0.199,7,0.112,3,0.079,7,0.24,14,0.336,38,0.527,20,0.181,22,0.134,46,0.196,69,0.232,76,0.229,78,0.216,105,0.287,81,0.214,74,0.188,71,0.175,89,0.229,87,0.265,48,0.177,57,0.227,38,0.159,46,0.216,37,0.163,37,0.243,21,0.217,10,0.134,5,0.12,7,0.224,8,0.214,37,0.661,16,0.199,24,0.184,40,0.191,53,0.19,67,0.21,66,0.188,53,0.147,58,0.16,91,0.245,68,0.18,69,0.189,58,0.198,46,0.188,46,0.216,48,0.293,24,0.201
Region 5,Region 8,23,0.228,7,0.154,10,0.352,4,0.202,3,0.161,11,0.32,36,0.432,72,0.412,100,0.322,71,0.206,84,0.297,101,0.379,92,0.316,100,0.308,75,0.23,53,0.155,41,0.106,54,0.119,99,0.218,75,0.21,58,0.211,67,0.28,50,0.243,38,0.247,26,0.194,6,0.102,9,0.25,3,0.121,2,0.095,9,0.263,35,0.441,83,0.527,108,0.432,94,0.337,73,0.274,87,0.319,92,0.303,107,0.312,80,0.222,48,0.126,38,0.092,41,0.09,52,0.114,69,0.186,59,0.205,44,0.18,37,0.166,38,0.192,30,0.123,25,0.168,13,0.153,5,0.08,3,0.079,4,0.137,13,0.312,31,0.43,41,0.37,73,0.444,109,0.464,149,0.501,161,0.485,140,0.388,134,0.366,118,0.311,115,0.292,101,0.249,112,0.288,118,0.359,80,0.296,63,0.251,54,0.226,42,0.197,25,0.11,13,0.085,7,0.072,8,0.107,12,0.287,3,0.096,10,0.267,17,0.304,33,0.411,47,0.359,102,0.488,101,0.361,110,0.344,71,0.202,64,0.177,82,0.226,97,0.261,102,0.27,73,0.2,49,0.168,61,0.25,58,0.273,45,0.274,29,0.243
Region 5,Region 9,7,0.069,1,0.022,0,0,0,0,1,0.054,3,0.087,1,0.012,5,0.029,8,0.026,21,0.061,37,0.131,25,0.094,25,0.086,29,0.089,25,0.077,34,0.099,41,0.106,34,0.075,36,0.079,31,0.087,23,0.084,16,0.067,15,0.073,7,0.046,4,0.03,2,0.034,2,0.056,0,0,0,0,0,0,3,0.038,6,0.038,12,0.048,22,0.079,17,0.064,27,0.099,17,0.056,21,0.061,24,0.067,27,0.071,24,0.058,17,0.037,26,0.057,17,0.046,26,0.09,16,0.066,10,0.045,11,0.056,7,0.029,2,0.013,2,0.023,1,0.016,0,0,0,0,3,0.072,4,0.055,1,0.009,15,0.091,22,0.094,28,0.094,26,0.078,35,0.097,57,0.156,40,0.106,28,0.071,36,0.089,33,0.085,23,0.07,29,0.107,21,0.084,20,0.084,9,0.042,2,0.009,4,0.026,1,0.01,0,0,1,0.024,1,0.032,3,0.08,3,0.054,5,0.062,7,0.054,19,0.091,26,0.093,33,0.103,48,0.137,27,0.075,28,0.077,32,0.086,36,0.095,33,0.09,25,0.085,17,0.07,8,0.038,9,0.055,5,0.042
Region 5,Region 10,41,0.407,17,0.373,7,0.246,9,0.455,6,0.322,34,0.99,80,0.96,131,0.75,166,0.535,107,0.311,139,0.491,170,0.638,157,0.539,143,0.44,126,0.386,131,0.382,118,0.306,107,0.237,104,0.229,91,0.255,112,0.407,121,0.506,87,0.423,36,0.234,40,0.299,17,0.289,10,0.278,10,0.404,8,0.378,27,0.789,61,0.768,128,0.812,177,0.708,173,0.621,136,0.511,130,0.477,151,0.498,140,0.409,129,0.358,107,0.28,102,0.246,75,0.165,84,0.185,109,0.293,125,0.434,96,0.393,138,0.618,73,0.369,72,0.294,36,0.242,18,0.211,11,0.176,10,0.264,18,0.616,38,0.913,74,1.025,114,1.03,162,0.985,224,0.953,247,0.83,234,0.705,199,0.552,182,0.497,166,0.438,134,0.34,124,0.306,151,0.389,154,0.469,156,0.577,159,0.634,142,0.595,98,0.461,64,0.281,31,0.204,22,0.228,17,0.228,9,0.216,9,0.288,21,0.561,39,0.697,57,0.71,116,0.887,183,0.875,215,0.769,185,0.579,79,0.225,118,0.326,125,0.344,176,0.474,143,0.379,126,0.345,122,0.417,111,0.454,118,0.555,86,0.524,34,0.285
Region 5,Region 11,2,0.02,0,0,0,0,0,0,0,0,0,0,1,0.012,1,0.006,1,0.003,0,0,0,0,0,0,2,0.007,2,0.006,1,0.003,2,0.006,3,0.008,2,0.004,3,0.007,2,0.006,3,0.011,2,0.008,0,0,4,0.026,1,0.007,0,0,0,0,0,0,1,0.047,1,0.029,1,0.013,1,0.006,1,0.004,0,0,2,0.008,1,0.004,2,0.007,0,0,3,0.008,4,0.01,2,0.005,3,0.007,1,0.002,2,0.005,2,0.007,1,0.004,0,0,0,0,0,0,1,0.007,0,0,0,0,0,0,0,0,0,0,2,0.028,0,0,2,0.012,0,0,1,0.003,2,0.006,4,0.011,5,0.014,2,0.005,5,0.013,1,0.002,2,0.005,1,0.003,1,0.004,2,0.008,1,0.004,1,0.005,2,0.009,1,0.007,0,0,0,0,0,0,0,0,0,0,0,0,0,0,1,0.008,2,0.01,0,0,0,0,5,0.014,4,0.011,2,0.006,1,0.003,0,0,2,0.005,1,0.003,2,0.008,1,0.005,0,0,0,0
Region 5,Region 12,7,0.069,0,0,1,0.035,2,0.101,1,0.054,0,0,3,0.036,23,0.132,24,0.077,21,0.061,15,0.053,21,0.079,14,0.048,18,0.055,8,0.024,14,0.041,13,0.034,15,0.033,9,0.02,12,0.034,27,0.098,18,0.075,12,0.058,9,0.059,10,0.075,4,0.068,2,0.056,2,0.081,1,0.047,1,0.029,10,0.126,22,0.14,28,0.112,16,0.057,14,0.053,19,0.07,12,0.04,21,0.061,19,0.053,18,0.047,13,0.031,16,0.035,24,0.053,21,0.057,24,0.083,14,0.057,7,0.031,8,0.04,10,0.041,4,0.027,2,0.023,6,0.096,3,0.079,1,0.034,8,0.192,17,0.236,12,0.108,7,0.043,29,0.123,29,0.097,19,0.057,19,0.053,17,0.046,18,0.047,17,0.043,28,0.069,33,0.085,31,0.094,14,0.052,18,0.072,14,0.059,12,0.056,11,0.048,8,0.053,5,0.052,1,0.013,3,0.072,3,0.096,3,0.08,15,0.268,28,0.349,11,0.084,15,0.072,25,0.089,27,0.085,18,0.051,11,0.03,26,0.072,24,0.065,23,0.061,24,0.066,21,0.072,15,0.061,10,0.047,9,0.055,7,0.059
Region 5,Region 13,4,0.04,6,0.132,2,0.07,0,0,0,0,1,0.029,1,0.012,3,0.017,10,0.032,11,0.032,5,0.018,10,0.038,11,0.038,20,0.062,16,0.049,16,0.047,11,0.029,17,0.038,18,0.04,20,0.056,18,0.065,13,0.054,12,0.058,6,0.039,9,0.067,5,0.085,3,0.083,0,0,0,0,0,0,1,0.013,3,0.019,4,0.016,10,0.036,7,0.026,14,0.051,13,0.043,15,0.044,13,0.036,9,0.024,15,0.036,15,0.033,12,0.026,18,0.048,19,0.066,12,0.049,14,0.063,9,0.046,19,0.078,6,0.04,3,0.035,2,0.032,1,0.026,0,0,0,0,3,0.042,4,0.036,5,0.03,10,0.043,11,0.037,12,0.036,18,0.05,20,0.055,16,0.042,18,0.046,26,0.064,29,0.075,26,0.079,4,0.015,9,0.036,17,0.071,14,0.066,15,0.066,6,0.039,4,0.041,1,0.013,1,0.024,2,0.064,1,0.027,5,0.089,4,0.05,9,0.069,12,0.057,13,0.047,19,0.059,17,0.048,11,0.03,9,0.025,15,0.04,10,0.026,14,0.038,16,0.055,24,0.098,16,0.075,10,0.061,7,0.059
Region 5,Region 14,13,0.129,4,0.088,4,0.141,2,0.101,4,0.215,7,0.204,14,0.168,19,0.109,46,0.148,64,0.186,85,0.301,67,0.252,94,0.323,88,0.271,84,0.257,73,0.213,80,0.207,109,0.241,119,0.262,90,0.252,75,0.272,78,0.326,64,0.311,40,0.26,19,0.142,10,0.17,6,0.167,7,0.283,5,0.236,3,0.088,6,0.076,36,0.228,49,0.196,71,0.255,72,0.271,75,0.275,95,0.313,97,0.283,84,0.233,89,0.233,104,0.251,107,0.235,116,0.255,92,0.248,62,0.215,58,0.238,48,0.215,34,0.172,29,0.119,13,0.087,13,0.153,6,0.096,5,0.132,1,0.034,6,0.144,20,0.277,24,0.217,36,0.219,56,0.238,77,0.259,88,0.265,88,0.244,86,0.235,93,0.245,85,0.216,89,0.219,91,0.234,71,0.216,68,0.251,67,0.267,51,0.214,42,0.197,33,0.145,17,0.112,9,0.093,9,0.121,6,0.144,3,0.096,2,0.053,6,0.107,16,0.199,29,0.222,63,0.301,66,0.236,68,0.213,79,0.225,69,0.191,72,0.198,111,0.299,98,0.259,98,0.269,84,0.287,63,0.258,55,0.259,36,0.22,18,0.151
Region 5,Region 15,1,0.01,0,0,1,0.035,0,0,0,0,0,0,1,0.012,1,0.006,0,0,2,0.006,3,0.011,0,0,2,0.007,5,0.015,6,0.018,2,0.006,5,0.013,6,0.013,3,0.007,2,0.006,1,0.004,1,0.004,0,0,1,0.007,2,0.015,0,0,0,0,0,0,0,0,0,0,1,0.013,2,0.013,2,0.008,2,0.007,3,0.011,0,0,2,0.007,1,0.003,4,0.011,2,0.005,3,0.007,2,0.004,8,0.018,4,0.011,3,0.01,3,0.012,2,0.009,4,0.02,1,0.004,0,0,0,0,1,0.016,0,0,0,0,0,0,2,0.028,3,0.027,1,0.006,5,0.021,2,0.007,2,0.006,2,0.006,5,0.014,4,0.011,6,0.015,1,0.002,1,0.003,1,0.003,3,0.011,2,0.008,1,0.004,0,0,1,0.004,1,0.007,0,0,0,0,0,0,0,0,0,0,0,0,4,0.05,2,0.015,1,0.005,2,0.007,1,0.003,1,0.003,1,0.003,5,0.014,4,0.011,8,0.021,8,0.022,5,0.017,2,0.008,4,0.019,1,0.006,0,0
Region 5,Region 16,29,0.288,11,0.241,5,0.176,1,0.051,2,0.107,5,0.146,10,0.12,21,0.12,58,0.187,100,0.291,93,0.329,117,0.439,132,0.453,144,0.443,108,0.331,124,0.361,135,0.35,143,0.316,169,0.372,134,0.376,100,0.363,75,0.314,66,0.321,39,0.254,27,0.202,9,0.153,9,0.25,1,0.04,2,0.095,8,0.234,14,0.176,32,0.203,59,0.236,83,0.298,86,0.323,111,0.407,120,0.396,144,0.42,122,0.338,122,0.319,136,0.328,149,0.328,197,0.434,159,0.428,102,0.354,74,0.303,52,0.233,48,0.243,33,0.135,15,0.101,2,0.023,2,0.032,1,0.026,3,0.103,5,0.12,24,0.333,36,0.325,55,0.334,79,0.336,118,0.397,126,0.38,157,0.436,143,0.391,155,0.409,146,0.37,151,0.372,150,0.386,142,0.433,123,0.455,75,0.299,72,0.302,42,0.197,21,0.092,20,0.131,3,0.031,2,0.027,0,0,0,0,6,0.16,14,0.25,32,0.398,81,0.619,131,0.627,115,0.412,151,0.473,150,0.428,118,0.326,113,0.311,133,0.358,154,0.408,146,0.4,116,0.397,88,0.36,78,0.367,60,0.366,23,0.193
Region 5,Region 17,8,0.079,9,0.197,9,0.317,3,0.152,3,0.161,12,0.349,39,0.468,83,0.475,173,0.558,135,0.393,85,0.301,69,0.259,67,0.23,72,0.222,71,0.217,45,0.131,39,0.101,67,0.148,112,0.247,128,0.359,68,0.247,47,0.197,35,0.17,20,0.13,23,0.172,11,0.187,5,0.139,4,0.162,2,0.095,11,0.321,26,0.327,59,0.374,92,0.368,102,0.366,72,0.271,45,0.165,67,0.221,67,0.196,77,0.214,77,0.201,106,0.256,181,0.398,204,0.449,140,0.377,96,0.333,51,0.209,50,0.224,48,0.243,33,0.135,19,0.128,9,0.106,15,0.24,6,0.159,4,0.137,15,0.36,27,0.374,48,0.433,28,0.17,41,0.174,53,0.178,53,0.16,60,0.166,69,0.189,81,0.214,93,0.236,94,0.232,103,0.265,100,0.305,66,0.244,54,0.215,54,0.226,49,0.23,29,0.128,33,0.217,18,0.186,11,0.147,5,0.12,2,0.064,9,0.24,18,0.322,17,0.212,30,0.229,29,0.139,52,0.186,60,0.188,81,0.231,78,0.216,88,0.242,174,0.469,234,0.62,207,0.568,89,0.304,66,0.27,45,0.212,45,0.274,39,0.327
Region 5,Region 18,0,0,0,0,0,0,0,0,0,0,0,0,0,0,1,0.006,0,0,2,0.006,0,0,1,0.004,1,0.003,1,0.003,0,0,0,0,0,0,0,0,0,0,0,0,0,0,0,0,0,0,1,0.007,0,0,0,0,0,0,1,0.04,0,0,0,0,0,0,0,0,1,0.004,0,0,0,0,0,0,0,0,1,0.003,0,0,1,0.003,0,0,2,0.004,0,0,1,0.003,1,0.003,1,0.004,0,0,0,0,0,0,0,0,1,0.012,1,0.016,0,0,0,0,0,0,0,0,0,0,0,0,1,0.004,0,0,0,0,1,0.003,0,0,1,0.003,1,0.003,3,0.007,0,0,2,0.006,3,0.011,1,0.004,1,0.004,0,0,1,0.004,1,0.007,1,0.01,0,0,0,0,0,0,0,0,0,0,1,0.012,0,0,0,0,2,0.007,0,0,3,0.009,2,0.006,1,0.003,0,0,0,0,0,0,2,0.007,0,0,0,0,0,0,1,0.008
Region 5,Region 19,1,0.01,0,0,0,0,0,0,0,0,0,0,0,0,0,0,0,0,1,0.003,2,0.007,3,0.011,1,0.003,2,0.006,2,0.006,6,0.017,6,0.016,4,0.009,4,0.009,4,0.011,6,0.022,3,0.013,2,0.01,3,0.02,3,0.022,0,0,0,0,0,0,0,0,0,0,0,0,1,0.006,1,0.004,2,0.007,2,0.008,4,0.015,2,0.007,4,0.012,5,0.014,1,0.003,0,0,4,0.009,1,0.002,1,0.003,2,0.007,3,0.012,2,0.009,4,0.02,4,0.016,2,0.013,1,0.012,0,0,1,0.026,0,0,1,0.024,1,0.014,0,0,1,0.006,2,0.009,4,0.013,6,0.018,2,0.006,10,0.027,6,0.016,2,0.005,2,0.005,3,0.008,6,0.018,1,0.004,3,0.012,2,0.008,8,0.038,2,0.009,1,0.007,1,0.01,0,0,0,0,1,0.032,1,0.027,1,0.018,3,0.037,1,0.008,2,0.01,4,0.014,2,0.006,3,0.009,0,0,3,0.008,2,0.005,1,0.003,2,0.005,3,0.01,2,0.008,5,0.024,5,0.03,0,0
Region 5,Region 20,8,0.079,7,0.154,4,0.141,2,0.101,5,0.268,13,0.378,20,0.24,60,0.343,81,0.261,49,0.143,59,0.209,59,0.221,60,0.206,58,0.179,39,0.119,33,0.096,34,0.088,27,0.06,26,0.057,41,0.115,26,0.094,18,0.075,25,0.121,22,0.143,16,0.12,2,0.034,2,0.056,0,0,5,0.236,12,0.351,30,0.378,67,0.425,68,0.272,63,0.226,50,0.188,48,0.176,35,0.115,29,0.085,32,0.089,27,0.071,26,0.063,33,0.073,36,0.079,43,0.116,47,0.163,31,0.127,26,0.116,22,0.111,24,0.098,8,0.054,4,0.047,2,0.032,3,0.079,1,0.034,6,0.144,28,0.388,20,0.181,28,0.17,32,0.136,43,0.145,49,0.148,36,0.1,39,0.107,30,0.079,32,0.081,43,0.106,34,0.088,48,0.146,33,0.122,25,0.1,35,0.147,22,0.103,23,0.101,11,0.072,12,0.124,5,0.067,2,0.048,0,0,5,0.134,17,0.304,12,0.149,19,0.145,30,0.144,30,0.107,35,0.11,21,0.06,33,0.091,30,0.083,36,0.097,49,0.13,46,0.126,43,0.147,31,0.127,32,0.15,15,0.091,25,0.209
Region 5,Region 21,12,0.119,6,0.132,0,0,1,0.051,0,0,1,0.029,4,0.048,17,0.097,26,0.084,43,0.125,27,0.095,29,0.109,41,0.141,48,0.148,45,0.138,54,0.157,51,0.132,60,0.133,67,0.148,69,0.193,47,0.171,45,0.188,29,0.141,12,0.078,14,0.105,8,0.136,4,0.111,5,0.202,1,0.047,1,0.029,5,0.063,17,0.108,25,0.1,37,0.133,27,0.101,33,0.121,69,0.228,49,0.143,40,0.111,40,0.105,54,0.13,72,0.158,68,0.15,47,0.127,38,0.132,34,0.139,25,0.112,16,0.081,17,0.07,14,0.094,10,0.117,4,0.064,2,0.053,2,0.068,1,0.024,3,0.042,14,0.126,31,0.188,35,0.149,45,0.151,49,0.148,61,0.169,56,0.153,51,0.135,55,0.139,49,0.121,72,0.185,60,0.183,41,0.152,32,0.128,19,0.08,14,0.066,19,0.084,9,0.059,5,0.052,2,0.027,1,0.024,4,0.128,4,0.107,10,0.179,14,0.174,24,0.184,29,0.139,41,0.147,41,0.128,56,0.16,40,0.111,34,0.094,40,0.108,45,0.119,55,0.151,58,0.198,28,0.115,31,0.146,27,0.165,12,0.1
Region 5,Region 22,3,0.03,0,0,1,0.035,0,0,0,0,2,0.058,1,0.012,4,0.023,10,0.032,8,0.023,4,0.014,5,0.019,11,0.038,3,0.009,10,0.031,9,0.026,17,0.044,12,0.027,9,0.02,7,0.02,4,0.015,6,0.025,10,0.049,1,0.007,3,0.022,1,0.017,1,0.028,0,0,0,0,2,0.058,1,0.013,2,0.013,7,0.028,8,0.029,7,0.026,8,0.029,7,0.023,7,0.02,7,0.019,5,0.013,10,0.024,10,0.022,14,0.031,11,0.03,5,0.017,6,0.025,2,0.009,5,0.025,3,0.012,1,0.007,0,0,0,0,0,0,0,0,0,0,1,0.014,2,0.018,1,0.006,8,0.034,8,0.027,7,0.021,8,0.022,10,0.027,10,0.026,14,0.035,14,0.035,15,0.039,12,0.037,10,0.037,8,0.032,6,0.025,1,0.005,5,0.022,2,0.013,0,0,1,0.013,1,0.024,0,0,0,0,0,0,2,0.025,6,0.046,4,0.019,6,0.021,12,0.038,15,0.043,6,0.017,8,0.022,14,0.038,8,0.021,19,0.052,12,0.041,8,0.033,9,0.042,4,0.024,3,0.025
Region 5,Region 23,4,0.04,1,0.022,0,0,0,0,0,0,1,0.029,1,0.012,1,0.006,2,0.006,1,0.003,5,0.018,3,0.011,3,0.01,10,0.031,15,0.046,5,0.015,5,0.013,3,0.007,4,0.009,2,0.006,1,0.004,4,0.017,4,0.019,4,0.026,3,0.022,2,0.034,1,0.028,1,0.04,1,0.047,0,0,5,0.063,11,0.07,4,0.016,8,0.029,10,0.038,5,0.018,4,0.013,3,0.009,2,0.006,5,0.013,7,0.017,10,0.022,8,0.018,5,0.013,7,0.024,7,0.029,3,0.013,4,0.02,1,0.004,5,0.034,3,0.035,0,0,0,0,0,0,0,0,2,0.028,0,0,2,0.012,5,0.021,1,0.003,6,0.018,7,0.019,2,0.005,8,0.021,7,0.018,7,0.017,10,0.026,7,0.021,11,0.041,4,0.016,8,0.034,4,0.019,1,0.004,4,0.026,1,0.01,1,0.013,1,0.024,2,0.064,1,0.027,3,0.054,4,0.05,1,0.008,9,0.043,3,0.011,8,0.025,13,0.037,7,0.019,8,0.022,9,0.024,9,0.024,8,0.022,2,0.007,4,0.016,2,0.009,3,0.018,4,0.033
Region 5,Region 24,4,0.04,2,0.044,1,0.035,0,0,1,0.054,0,0,0,0,3,0.017,14,0.045,31,0.09,22,0.078,27,0.101,33,0.113,29,0.089,36,0.11,42,0.122,47,0.122,66,0.146,65,0.143,48,0.135,27,0.098,29,0.121,17,0.083,7,0.046,6,0.045,6,0.102,0,0,1,0.04,0,0,3,0.088,4,0.05,10,0.063,20,0.08,24,0.086,26,0.098,21,0.077,33,0.109,37,0.108,40,0.111,40,0.105,52,0.125,52,0.114,44,0.097,37,0.1,29,0.101,22,0.09,19,0.085,13,0.066,8,0.033,5,0.034,5,0.059,1,0.016,2,0.053,0,0,4,0.096,6,0.083,4,0.036,13,0.079,25,0.106,25,0.084,52,0.157,44,0.122,42,0.115,53,0.14,45,0.114,33,0.081,41,0.106,30,0.091,21,0.078,21,0.084,19,0.08,6,0.028,10,0.044,10,0.066,4,0.041,1,0.013,1,0.024,0,0,1,0.027,2,0.036,7,0.087,12,0.092,29,0.139,24,0.086,32,0.1,36,0.103,34,0.094,38,0.105,39,0.105,38,0.101,38,0.104,42,0.144,36,0.147,19,0.089,16,0.098,7,0.059
Region 5,Region 25,0,0,0,0,1,0.035,0,0,0,0,1,0.029,0,0,0,0,1,0.003,1,0.003,4,0.014,1,0.004,1,0.003,2,0.006,3,0.009,4,0.012,5,0.013,1,0.002,0,0,4,0.011,4,0.015,0,0,2,0.01,4,0.026,0,0,0,0,0,0,0,0,0,0,0,0,0,0,2,0.013,4,0.016,4,0.014,0,0,2,0.007,4,0.013,5,0.015,0,0,0,0,1,0.002,3,0.007,1,0.002,4,0.011,6,0.021,2,0.008,0,0,1,0.005,0,0,0,0,0,0,0,0,0,0,0,0,0,0,2,0.028,1,0.009,0,0,1,0.004,1,0.003,0,0,0,0,3,0.008,1,0.003,1,0.003,0,0,0,0,4,0.012,0,0,1,0.004,1,0.004,1,0.005,1,0.004,0,0,1,0.01,0,0,0,0,0,0,0,0,2,0.036,0,0,2,0.015,0,0,1,0.004,1,0.003,2,0.006,1,0.003,1,0.003,1,0.003,3,0.008,1,0.003,0,0,1,0.004,1,0.005,0,0,0,0
Region 6,Region 0,1,0.01,0,0,0,0,0,0,1,0.054,0,0,1,0.012,4,0.023,13,0.042,13,0.038,11,0.039,5,0.019,7,0.024,8,0.025,10,0.031,7,0.02,10,0.026,17,0.038,9,0.02,13,0.036,7,0.025,10,0.042,4,0.019,2,0.013,2,0.015,1,0.017,0,0,0,0,0,0,0,0,0,0,6,0.038,5,0.02,14,0.05,15,0.056,8,0.029,4,0.013,6,0.018,9,0.025,7,0.018,9,0.022,5,0.011,7,0.015,9,0.024,17,0.059,8,0.033,6,0.027,7,0.035,4,0.016,6,0.04,3,0.035,1,0.016,0,0,2,0.068,0,0,1,0.014,4,0.036,5,0.03,12,0.051,5,0.017,10,0.03,12,0.033,11,0.03,17,0.045,14,0.035,3,0.007,6,0.015,9,0.027,8,0.03,10,0.04,4,0.017,1,0.005,5,0.022,4,0.026,8,0.083,0,0,5,0.12,0,0,1,0.027,2,0.036,1,0.012,1,0.008,2,0.01,5,0.018,5,0.016,11,0.031,10,0.028,9,0.025,12,0.032,7,0.019,5,0.014,5,0.017,10,0.041,5,0.024,3,0.018,1,0.008
Region 6,Region 1,5,0.05,3,0.066,7,0.246,1,0.051,3,0.161,2,0.058,3,0.036,13,0.074,19,0.061,43,0.125,27,0.095,30,0.113,27,0.093,37,0.114,39,0.119,45,0.131,49,0.127,57,0.126,56,0.123,57,0.16,54,0.196,49,0.205,30,0.146,32,0.208,15,0.112,2,0.034,5,0.139,6,0.242,1,0.047,4,0.117,3,0.038,15,0.095,20,0.08,31,0.111,31,0.117,26,0.095,31,0.102,47,0.137,48,0.133,50,0.131,48,0.116,54,0.119,69,0.152,65,0.175,62,0.215,50,0.205,53,0.237,45,0.228,29,0.119,27,0.181,17,0.199,7,0.112,3,0.079,2,0.068,2,0.048,6,0.083,10,0.09,13,0.079,38,0.162,56,0.188,45,0.136,43,0.119,57,0.156,43,0.113,66,0.167,63,0.155,78,0.201,55,0.168,50,0.185,46,0.184,44,0.184,36,0.169,47,0.207,34,0.223,27,0.28,11,0.147,6,0.144,4,0.128,3,0.08,4,0.071,8,0.1,13,0.099,34,0.163,42,0.15,47,0.147,50,0.143,36,0.1,45,0.124,40,0.108,45,0.119,36,0.099,34,0.116,41,0.168,38,0.179,18,0.11,4,0.033
Region 6,Region 2,3,0.03,1,0.022,1,0.035,1,0.051,0,0,0,0,3,0.036,3,0.017,8,0.026,19,0.055,9,0.032,7,0.026,6,0.021,8,0.025,5,0.015,9,0.026,8,0.021,16,0.035,19,0.042,14,0.039,13,0.047,7,0.029,16,0.078,3,0.02,6,0.045,1,0.017,0,0,1,0.04,1,0.047,1,0.029,0,0,7,0.044,6,0.024,9,0.032,5,0.019,9,0.033,4,0.013,3,0.009,8,0.022,13,0.034,9,0.022,8,0.018,12,0.026,16,0.043,7,0.024,14,0.057,13,0.058,7,0.035,2,0.008,4,0.027,7,0.082,2,0.032,3,0.079,0,0,0,0,2,0.028,3,0.027,8,0.049,5,0.021,7,0.024,12,0.036,9,0.025,18,0.049,8,0.021,15,0.038,19,0.047,24,0.062,14,0.043,13,0.048,10,0.04,8,0.034,15,0.07,9,0.04,6,0.039,3,0.031,5,0.067,1,0.024,0,0,0,0,1,0.018,0,0,5,0.038,8,0.038,5,0.018,7,0.022,13,0.037,8,0.022,3,0.008,7,0.019,3,0.008,6,0.016,6,0.021,1,0.004,4,0.019,3,0.018,1,0.008
Region 6,Region 3,1,0.01,0,0,0,0,0,0,0,0,0,0,0,0,0,0,1,0.003,2,0.006,1,0.004,0,0,1,0.003,0,0,0,0,0,0,3,0.008,3,0.007,1,0.002,4,0.011,2,0.007,1,0.004,0,0,3,0.02,1,0.007,0,0,0,0,0,0,0,0,0,0,0,0,0,0,2,0.008,0,0,0,0,3,0.011,2,0.007,2,0.006,0,0,0,0,3,0.007,4,0.009,2,0.004,1,0.003,4,0.014,2,0.008,1,0.004,1,0.005,2,0.008,3,0.02,0,0,0,0,0,0,0,0,0,0,1,0.014,0,0,1,0.006,4,0.017,1,0.003,5,0.015,2,0.006,0,0,2,0.005,4,0.01,3,0.007,2,0.005,3,0.009,5,0.018,5,0.02,1,0.004,0,0,0,0,0,0,1,0.01,0,0,1,0.024,0,0,0,0,1,0.018,0,0,2,0.015,0,0,4,0.014,0,0,4,0.011,2,0.006,3,0.008,5,0.013,5,0.013,3,0.008,1,0.003,4,0.016,1,0.005,1,0.006,2,0.017
Region 6,Region 4,2,0.02,1,0.022,0,0,1,0.051,0,0,0,0,0,0,0,0,2,0.006,1,0.003,3,0.011,0,0,4,0.014,2,0.006,6,0.018,3,0.009,0,0,3,0.007,4,0.009,7,0.02,2,0.007,2,0.008,0,0,5,0.033,2,0.015,0,0,0,0,0,0,2,0.095,0,0,0,0,0,0,2,0.008,2,0.007,3,0.011,3,0.011,0,0,4,0.012,2,0.006,3,0.008,0,0,5,0.011,8,0.018,5,0.013,5,0.017,2,0.008,2,0.009,3,0.015,4,0.016,0,0,0,0,0,0,1,0.026,1,0.034,1,0.024,2,0.028,1,0.009,2,0.012,4,0.017,4,0.013,3,0.009,8,0.022,3,0.008,1,0.003,9,0.023,4,0.01,5,0.013,4,0.012,2,0.007,1,0.004,4,0.017,4,0.019,5,0.022,3,0.02,0,0,1,0.013,1,0.024,0,0,0,0,0,0,1,0.012,3,0.023,2,0.01,3,0.011,0,0,3,0.009,3,0.008,1,0.003,4,0.011,1,0.003,2,0.005,3,0.01,3,0.012,6,0.028,0,0,3,0.025
Region 6,Region 5,0,0,0,0,0,0,1,0.051,1,0.054,0,0,4,0.048,4,0.023,10,0.032,3,0.009,7,0.025,5,0.019,3,0.01,5,0.015,5,0.015,5,0.015,2,0.005,3,0.007,5,0.011,5,0.014,5,0.018,6,0.025,4,0.019,0,0,0,0,0,0,1,0.028,0,0,0,0,1,0.029,2,0.025,2,0.013,6,0.024,10,0.036,7,0.026,5,0.018,3,0.01,7,0.02,3,0.008,4,0.01,3,0.007,3,0.007,2,0.004,9,0.024,11,0.038,6,0.025,4,0.018,1,0.005,3,0.012,3,0.02,0,0,1,0.016,3,0.079,0,0,0,0,1,0.014,2,0.018,2,0.012,6,0.026,4,0.013,9,0.027,14,0.039,12,0.033,9,0.024,7,0.018,7,0.017,7,0.018,8,0.024,3,0.011,11,0.044,9,0.038,0,0,2,0.009,2,0.013,0,0,1,0.013,0,0,0,0,0,0,1,0.018,2,0.025,1,0.008,2,0.01,6,0.021,8,0.025,7,0.02,1,0.003,10,0.028,1,0.003,3,0.008,4,0.011,3,0.01,8,0.033,10,0.047,2,0.012,1,0.008
Region 6,Region 6,29,0.288,14,0.307,4,0.141,4,0.202,2,0.107,5,0.146,8,0.096,26,0.149,70,0.226,107,0.311,111,0.392,103,0.387,91,0.312,130,0.4,131,0.401,146,0.426,137,0.355,173,0.383,193,0.425,156,0.437,113,0.41,115,0.481,83,0.403,45,0.293,40,0.299,18,0.306,8,0.223,4,0.162,3,0.142,1,0.029,9,0.113,34,0.216,55,0.22,56,0.201,100,0.376,103,0.378,122,0.402,165,0.482,144,0.399,152,0.397,169,0.407,218,0.48,195,0.429,175,0.471,136,0.472,123,0.504,92,0.412,62,0.314,57,0.233,39,0.262,37,0.434,12,0.192,14,0.37,5,0.171,12,0.288,13,0.18,27,0.244,41,0.249,86,0.366,113,0.38,125,0.377,159,0.441,146,0.399,149,0.393,154,0.39,166,0.409,140,0.361,133,0.405,112,0.414,112,0.447,102,0.427,78,0.367,65,0.286,49,0.322,26,0.269,18,0.241,13,0.311,8,0.256,9,0.24,14,0.25,18,0.224,30,0.229,70,0.335,95,0.34,134,0.419,151,0.431,155,0.429,146,0.402,130,0.35,143,0.379,145,0.398,130,0.444,109,0.446,100,0.47,47,0.287,24,0.201
Region 6,Region 7,1,0.01,2,0.044,0,0,0,0,0,0,0,0,0,0,6,0.034,8,0.026,5,0.015,10,0.035,7,0.026,5,0.017,8,0.025,9,0.028,11,0.032,9,0.023,12,0.027,7,0.015,10,0.028,9,0.033,5,0.021,6,0.029,4,0.026,1,0.007,0,0,2,0.056,0,0,0,0,1,0.029,0,0,1,0.006,4,0.016,5,0.018,8,0.03,5,0.018,6,0.02,6,0.018,6,0.017,13,0.034,9,0.022,8,0.018,11,0.024,8,0.022,4,0.014,11,0.045,10,0.045,4,0.02,8,0.033,4,0.027,3,0.035,1,0.016,1,0.026,0,0,1,0.024,1,0.014,4,0.036,4,0.024,6,0.026,4,0.013,13,0.039,12,0.033,12,0.033,3,0.008,2,0.005,5,0.012,9,0.023,7,0.021,6,0.022,10,0.04,12,0.05,9,0.042,5,0.022,7,0.046,2,0.021,0,0,0,0,0,0,0,0,4,0.071,3,0.037,2,0.015,7,0.033,7,0.025,4,0.013,3,0.009,7,0.019,14,0.039,4,0.011,7,0.019,6,0.016,9,0.031,6,0.025,12,0.056,7,0.043,4,0.033
Region 6,Region 8,3,0.03,1,0.022,1,0.035,2,0.101,1,0.054,2,0.058,3,0.036,16,0.092,18,0.058,23,0.067,21,0.074,17,0.064,16,0.055,19,0.058,26,0.08,22,0.064,23,0.06,25,0.055,27,0.059,23,0.064,17,0.062,18,0.075,20,0.097,10,0.065,6,0.045,2,0.034,2,0.056,1,0.04,0,0,0,0,3,0.038,9,0.057,18,0.072,26,0.093,30,0.113,22,0.081,15,0.049,22,0.064,23,0.064,27,0.071,20,0.048,17,0.037,21,0.046,18,0.048,28,0.097,24,0.098,11,0.049,9,0.046,9,0.037,5,0.034,9,0.106,0,0,6,0.159,3,0.103,3,0.072,7,0.097,10,0.09,14,0.085,14,0.06,22,0.074,22,0.066,27,0.075,25,0.068,19,0.05,24,0.061,32,0.079,33,0.085,35,0.107,24,0.089,28,0.112,20,0.084,10,0.047,8,0.035,5,0.033,9,0.093,4,0.054,2,0.048,0,0,2,0.053,6,0.107,1,0.012,6,0.046,9,0.043,16,0.057,29,0.091,31,0.088,19,0.053,19,0.052,27,0.073,11,0.029,19,0.052,13,0.044,18,0.074,14,0.066,10,0.061,7,0.059
Region 6,Region 9,1,0.01,0,0,0,0,0,0,0,0,2,0.058,5,0.06,4,0.023,5,0.016,1,0.003,2,0.007,2,0.008,5,0.017,6,0.018,5,0.015,3,0.009,7,0.018,8,0.018,6,0.013,1,0.003,2,0.007,2,0.008,2,0.01,3,0.02,3,0.022,2,0.034,0,0,0,0,0,0,5,0.146,4,0.05,5,0.032,5,0.02,1,0.004,2,0.008,3,0.011,6,0.02,7,0.02,6,0.017,3,0.008,3,0.007,5,0.011,5,0.011,3,0.008,4,0.014,4,0.016,5,0.022,0,0,3,0.012,3,0.02,1,0.012,2,0.032,2,0.053,0,0,6,0.144,2,0.028,5,0.045,3,0.018,5,0.021,4,0.013,8,0.024,13,0.036,7,0.019,9,0.024,3,0.008,4,0.01,4,0.01,4,0.012,4,0.015,4,0.016,1,0.004,1,0.005,2,0.009,2,0.013,3,0.031,2,0.027,2,0.048,2,0.064,3,0.08,1,0.018,2,0.025,2,0.015,4,0.019,3,0.011,7,0.022,12,0.034,11,0.03,8,0.022,6,0.016,2,0.005,4,0.011,4,0.014,5,0.02,7,0.033,2,0.012,2,0.017
Region 6,Region 10,8,0.079,7,0.154,4,0.141,4,0.202,2,0.107,3,0.087,5,0.06,19,0.109,38,0.123,34,0.099,38,0.134,54,0.203,51,0.175,45,0.139,59,0.181,63,0.184,58,0.15,54,0.119,73,0.161,62,0.174,47,0.171,50,0.209,38,0.185,25,0.163,10,0.075,10,0.17,9,0.25,6,0.242,3,0.142,0,0,4,0.05,13,0.082,26,0.104,39,0.14,32,0.12,53,0.194,44,0.145,50,0.146,57,0.158,53,0.139,67,0.162,46,0.101,61,0.134,49,0.132,48,0.166,54,0.221,45,0.202,35,0.177,18,0.074,27,0.181,12,0.141,9,0.144,2,0.053,3,0.103,4,0.096,8,0.111,15,0.135,25,0.152,39,0.166,52,0.175,59,0.178,60,0.166,62,0.169,62,0.164,56,0.142,44,0.108,67,0.173,53,0.161,42,0.155,42,0.168,34,0.142,18,0.085,20,0.088,21,0.138,8,0.083,9,0.121,1,0.024,4,0.128,3,0.08,7,0.125,12,0.149,18,0.138,22,0.105,51,0.183,57,0.178,61,0.174,66,0.183,74,0.204,62,0.167,48,0.127,57,0.156,48,0.164,28,0.115,29,0.136,23,0.14,14,0.117
Region 6,Region 11,7,0.069,4,0.088,3,0.106,2,0.101,2,0.107,0,0,2,0.024,3,0.017,5,0.016,1,0.003,8,0.028,11,0.041,9,0.031,14,0.043,11,0.034,20,0.058,19,0.049,21,0.046,18,0.04,16,0.045,16,0.058,8,0.033,10,0.049,5,0.033,2,0.015,2,0.034,2,0.056,0,0,0,0,0,0,0,0,3,0.019,4,0.016,4,0.014,10,0.038,8,0.029,6,0.02,19,0.055,18,0.05,19,0.05,24,0.058,21,0.046,12,0.026,15,0.04,16,0.055,9,0.037,9,0.04,4,0.02,3,0.012,4,0.027,4,0.047,3,0.048,0,0,0,0,1,0.024,3,0.042,3,0.027,6,0.036,4,0.017,14,0.047,6,0.018,7,0.019,11,0.03,12,0.032,12,0.03,11,0.027,14,0.036,19,0.058,12,0.044,8,0.032,6,0.025,4,0.019,5,0.022,7,0.046,7,0.072,4,0.054,3,0.072,2,0.064,1,0.027,0,0,4,0.05,3,0.023,14,0.067,6,0.021,9,0.028,20,0.057,20,0.055,9,0.025,12,0.032,4,0.011,12,0.033,7,0.024,12,0.049,8,0.038,8,0.049,3,0.025
Region 6,Region 12,0,0,1,0.022,0,0,1,0.051,0,0,1,0.029,1,0.012,6,0.034,4,0.013,9,0.026,7,0.025,4,0.015,8,0.027,6,0.018,7,0.021,8,0.023,4,0.01,7,0.015,13,0.029,8,0.022,8,0.029,8,0.033,6,0.029,1,0.007,2,0.015,0,0,0,0,0,0,0,0,0,0,1,0.013,1,0.006,7,0.028,5,0.018,3,0.011,7,0.026,6,0.02,7,0.02,6,0.017,7,0.018,2,0.005,7,0.015,10,0.022,9,0.024,11,0.038,10,0.041,5,0.022,2,0.01,3,0.012,1,0.007,0,0,2,0.032,1,0.026,2,0.068,1,0.024,0,0,0,0,2,0.012,7,0.03,6,0.02,7,0.021,5,0.014,9,0.025,5,0.013,6,0.015,12,0.03,10,0.026,8,0.024,8,0.03,6,0.024,5,0.021,4,0.019,4,0.018,1,0.007,2,0.021,0,0,0,0,0,0,0,0,0,0,0,0,2,0.015,4,0.019,9,0.032,7,0.022,6,0.017,6,0.017,8,0.022,3,0.008,8,0.021,6,0.016,6,0.021,5,0.02,4,0.019,4,0.024,1,0.008
Region 6,Region 13,0,0,1,0.022,0,0,0,0,0,0,3,0.087,7,0.084,12,0.069,43,0.139,35,0.102,14,0.05,15,0.056,24,0.082,17,0.052,10,0.031,17,0.05,20,0.052,20,0.044,24,0.053,30,0.084,30,0.109,19,0.079,14,0.068,6,0.039,5,0.037,2,0.034,0,0,0,0,0,0,1,0.029,4,0.05,14,0.089,25,0.1,25,0.09,18,0.068,22,0.081,21,0.069,17,0.05,24,0.067,21,0.055,16,0.039,24,0.053,21,0.046,20,0.054,26,0.09,16,0.066,18,0.081,18,0.091,13,0.053,9,0.06,6,0.07,5,0.08,0,0,1,0.034,2,0.048,2,0.028,4,0.036,10,0.061,10,0.043,15,0.05,25,0.075,27,0.075,28,0.077,30,0.079,26,0.066,21,0.052,16,0.041,22,0.067,18,0.067,14,0.056,16,0.067,18,0.085,9,0.04,5,0.033,4,0.041,3,0.04,2,0.048,0,0,1,0.027,1,0.018,3,0.037,13,0.099,14,0.067,11,0.039,23,0.072,34,0.097,26,0.072,26,0.072,28,0.075,24,0.064,20,0.055,17,0.058,20,0.082,10,0.047,6,0.037,6,0.05
Region 6,Region 14,5,0.05,0,0,1,0.035,1,0.051,2,0.107,7,0.204,9,0.108,23,0.132,28,0.09,30,0.087,25,0.088,25,0.094,18,0.062,24,0.074,25,0.077,26,0.076,18,0.047,19,0.042,27,0.059,21,0.059,21,0.076,21,0.088,7,0.034,9,0.059,8,0.06,2,0.034,2,0.056,0,0,3,0.142,6,0.175,6,0.076,17,0.108,21,0.084,33,0.118,25,0.094,16,0.059,18,0.059,29,0.085,21,0.058,21,0.055,28,0.067,20,0.044,27,0.059,22,0.059,19,0.066,21,0.086,15,0.067,14,0.071,4,0.016,14,0.094,2,0.023,1,0.016,1,0.026,3,0.103,6,0.144,11,0.152,7,0.063,10,0.061,23,0.098,33,0.111,38,0.115,12,0.033,29,0.079,26,0.069,26,0.066,25,0.062,18,0.046,30,0.091,20,0.074,17,0.068,20,0.084,10,0.047,11,0.048,8,0.053,1,0.01,3,0.04,1,0.024,3,0.096,3,0.08,5,0.089,7,0.087,13,0.099,16,0.077,20,0.072,42,0.131,38,0.108,35,0.097,29,0.08,21,0.057,32,0.085,20,0.055,18,0.062,35,0.143,20,0.094,15,0.091,7,0.059
Region 6,Region 15,2,0.02,1,0.022,1,0.035,0,0,0,0,0,0,0,0,1,0.006,2,0.006,1,0.003,3,0.011,5,0.019,5,0.017,1,0.003,5,0.015,6,0.017,4,0.01,8,0.018,6,0.013,3,0.008,3,0.011,3,0.013,2,0.01,1,0.007,1,0.007,1,0.017,0,0,2,0.081,0,0,1,0.029,1,0.013,4,0.025,3,0.012,4,0.014,4,0.015,6,0.022,1,0.003,5,0.015,5,0.014,5,0.013,9,0.022,7,0.015,4,0.009,7,0.019,2,0.007,3,0.012,4,0.018,2,0.01,3,0.012,2,0.013,2,0.023,0,0,1,0.026,1,0.034,0,0,0,0,1,0.009,2,0.012,2,0.009,3,0.01,2,0.006,5,0.014,3,0.008,4,0.011,6,0.015,3,0.007,6,0.015,3,0.009,1,0.004,0,0,7,0.029,2,0.009,3,0.013,2,0.013,2,0.021,3,0.04,0,0,0,0,0,0,1,0.018,0,0,2,0.015,0,0,3,0.011,5,0.016,5,0.014,4,0.011,6,0.017,2,0.005,3,0.008,3,0.008,1,0.003,2,0.008,5,0.024,0,0,0,0
Region 6,Region 16,0,0,0,0,0,0,0,0,0,0,0,0,0,0,0,0,2,0.006,4,0.012,3,0.011,3,0.011,4,0.014,2,0.006,0,0,3,0.009,2,0.005,3,0.007,1,0.002,3,0.008,2,0.007,0,0,0,0,0,0,0,0,0,0,0,0,0,0,0,0,0,0,0,0,1,0.006,3,0.012,1,0.004,0,0,2,0.007,2,0.007,2,0.006,1,0.003,3,0.008,1,0.002,3,0.007,1,0.002,0,0,0,0,2,0.008,0,0,0,0,1,0.004,0,0,0,0,0,0,0,0,0,0,0,0,0,0,0,0,1,0.006,1,0.004,2,0.007,3,0.009,3,0.008,2,0.005,2,0.005,2,0.005,2,0.005,2,0.005,3,0.009,2,0.007,2,0.008,1,0.004,0,0,2,0.009,0,0,0,0,0,0,0,0,0,0,0,0,0,0,0,0,0,0,2,0.01,3,0.011,2,0.006,1,0.003,1,0.003,2,0.006,3,0.008,1,0.003,2,0.005,1,0.003,2,0.008,0,0,1,0.006,0,0
Region 6,Region 17,9,0.089,2,0.044,1,0.035,2,0.101,1,0.054,2,0.058,1,0.012,17,0.097,29,0.094,47,0.137,16,0.057,13,0.049,16,0.055,9,0.028,13,0.04,18,0.052,18,0.047,17,0.038,22,0.048,26,0.073,18,0.065,25,0.105,21,0.102,14,0.091,9,0.067,9,0.153,3,0.083,0,0,0,0,1,0.029,2,0.025,7,0.044,15,0.06,21,0.075,24,0.09,11,0.04,17,0.056,11,0.032,10,0.028,19,0.05,28,0.067,27,0.059,40,0.088,42,0.113,22,0.076,18,0.074,15,0.067,18,0.091,19,0.078,12,0.081,7,0.082,6,0.096,3,0.079,1,0.034,0,0,7,0.097,7,0.063,4,0.024,10,0.043,11,0.037,17,0.051,18,0.05,18,0.049,17,0.045,24,0.061,20,0.049,23,0.059,16,0.049,18,0.067,21,0.084,17,0.071,19,0.089,16,0.07,14,0.092,7,0.072,6,0.08,3,0.072,2,0.064,3,0.08,5,0.089,3,0.037,6,0.046,10,0.048,17,0.061,16,0.05,18,0.051,20,0.055,13,0.036,20,0.054,27,0.071,24,0.066,25,0.085,24,0.098,16,0.075,13,0.079,11,0.092
Region 6,Region 18,2,0.02,2,0.044,2,0.07,1,0.051,1,0.054,0,0,1,0.012,3,0.017,17,0.055,12,0.035,13,0.046,7,0.026,4,0.014,11,0.034,15,0.046,14,0.041,15,0.039,21,0.046,23,0.051,13,0.036,5,0.018,16,0.067,6,0.029,4,0.026,4,0.03,1,0.017,1,0.028,1,0.04,0,0,0,0,0,0,2,0.013,7,0.028,11,0.039,12,0.045,11,0.04,9,0.03,15,0.044,10,0.028,18,0.047,14,0.034,10,0.022,14,0.031,16,0.043,9,0.031,7,0.029,10,0.045,5,0.025,4,0.016,5,0.034,1,0.012,0,0,1,0.026,0,0,0,0,0,0,4,0.036,1,0.006,5,0.021,8,0.027,8,0.024,11,0.031,14,0.038,14,0.037,13,0.033,13,0.032,18,0.046,14,0.043,8,0.03,6,0.024,4,0.017,3,0.014,3,0.013,5,0.033,2,0.021,2,0.027,1,0.024,0,0,0,0,0,0,0,0,4,0.031,2,0.01,6,0.021,7,0.022,3,0.009,5,0.014,4,0.011,7,0.019,10,0.026,11,0.03,5,0.017,4,0.016,8,0.038,6,0.037,5,0.042
Region 6,Region 19,24,0.238,9,0.197,8,0.281,7,0.354,1,0.054,3,0.087,11,0.132,25,0.143,51,0.164,48,0.14,53,0.187,53,0.199,68,0.233,64,0.197,80,0.245,90,0.262,95,0.246,133,0.294,133,0.293,101,0.283,78,0.283,77,0.322,48,0.233,33,0.215,31,0.232,13,0.221,12,0.334,10,0.404,5,0.236,4,0.117,15,0.189,22,0.14,45,0.18,50,0.179,55,0.207,55,0.202,61,0.201,89,0.26,87,0.241,121,0.316,112,0.27,107,0.235,108,0.238,97,0.261,106,0.368,74,0.303,54,0.242,47,0.238,34,0.139,31,0.208,17,0.199,17,0.272,12,0.317,4,0.137,5,0.12,16,0.222,20,0.181,35,0.213,52,0.221,70,0.235,78,0.235,83,0.23,92,0.251,83,0.219,93,0.236,86,0.212,99,0.255,72,0.219,68,0.251,77,0.307,75,0.314,55,0.258,38,0.167,31,0.204,19,0.197,21,0.281,15,0.359,6,0.192,6,0.16,14,0.25,20,0.249,21,0.161,38,0.182,60,0.215,81,0.254,104,0.297,93,0.257,94,0.259,74,0.199,90,0.238,78,0.214,75,0.256,79,0.323,60,0.282,42,0.256,30,0.251
Region 6,Region 20,7,0.069,0,0,1,0.035,2,0.101,1,0.054,0,0,4,0.048,8,0.046,14,0.045,15,0.044,20,0.071,15,0.056,12,0.041,7,0.022,8,0.024,5,0.015,7,0.018,10,0.022,8,0.018,13,0.036,10,0.036,14,0.059,5,0.024,3,0.02,5,0.037,1,0.017,1,0.028,1,0.04,0,0,2,0.058,6,0.076,4,0.025,16,0.064,18,0.065,11,0.041,9,0.033,10,0.033,12,0.035,18,0.05,21,0.055,15,0.036,7,0.015,17,0.037,17,0.046,11,0.038,15,0.061,10,0.045,8,0.04,13,0.053,5,0.034,1,0.012,3,0.048,3,0.079,3,0.103,1,0.024,0,0,3,0.027,3,0.018,5,0.021,4,0.013,12,0.036,9,0.025,15,0.041,17,0.045,13,0.033,7,0.017,11,0.028,12,0.037,18,0.067,13,0.052,13,0.054,11,0.052,3,0.013,6,0.039,3,0.031,2,0.027,2,0.048,0,0,0,0,2,0.036,6,0.075,2,0.015,6,0.029,12,0.043,11,0.034,3,0.009,10,0.028,10,0.028,12,0.032,16,0.042,14,0.038,18,0.062,12,0.049,8,0.038,10,0.061,9,0.075
Region 6,Region 21,0,0,0,0,1,0.035,0,0,1,0.054,0,0,0,0,1,0.006,1,0.003,3,0.009,0,0,2,0.008,2,0.007,4,0.012,2,0.006,3,0.009,3,0.008,8,0.018,3,0.007,5,0.014,1,0.004,4,0.017,3,0.015,2,0.013,3,0.022,1,0.017,0,0,0,0,0,0,0,0,0,0,0,0,0,0,2,0.007,2,0.008,2,0.007,3,0.01,2,0.006,4,0.011,4,0.01,0,0,8,0.018,4,0.009,1,0.003,7,0.024,2,0.008,5,0.022,1,0.005,4,0.016,2,0.013,0,0,0,0,0,0,0,0,0,0,2,0.028,2,0.018,2,0.012,5,0.021,2,0.007,2,0.006,4,0.011,3,0.008,1,0.003,3,0.008,3,0.007,6,0.015,3,0.009,2,0.007,2,0.008,2,0.008,3,0.014,4,0.018,2,0.013,0,0,0,0,0,0,0,0,1,0.027,0,0,0,0,3,0.023,3,0.014,3,0.011,2,0.006,5,0.014,3,0.008,2,0.006,1,0.003,3,0.008,0,0,1,0.003,0,0,4,0.019,1,0.006,1,0.008
Region 6,Region 22,0,0,0,0,0,0,0,0,0,0,0,0,0,0,0,0,2,0.006,3,0.009,5,0.018,1,0.004,1,0.003,0,0,1,0.003,1,0.003,2,0.005,4,0.009,3,0.007,3,0.008,5,0.018,6,0.025,1,0.005,1,0.007,1,0.007,0,0,0,0,0,0,0,0,1,0.029,0,0,0,0,1,0.004,0,0,0,0,0,0,0,0,0,0,3,0.008,2,0.005,5,0.012,2,0.004,2,0.004,1,0.003,2,0.007,2,0.008,2,0.009,1,0.005,2,0.008,1,0.007,2,0.023,0,0,0,0,0,0,0,0,0,0,0,0,2,0.012,0,0,4,0.013,4,0.012,4,0.011,3,0.008,7,0.018,3,0.008,1,0.002,2,0.005,2,0.006,2,0.007,6,0.024,1,0.004,1,0.005,1,0.004,1,0.007,0,0,0,0,0,0,0,0,0,0,0,0,1,0.012,0,0,1,0.005,6,0.021,2,0.006,3,0.009,3,0.008,1,0.003,1,0.003,2,0.005,2,0.005,1,0.003,4,0.016,2,0.009,1,0.006,0,0
Region 6,Region 23,6,0.06,1,0.022,1,0.035,1,0.051,2,0.107,0,0,5,0.06,11,0.063,13,0.042,11,0.032,12,0.042,2,0.008,12,0.041,20,0.062,8,0.024,10,0.029,14,0.036,17,0.038,19,0.042,9,0.025,13,0.047,8,0.033,10,0.049,10,0.065,8,0.06,3,0.051,1,0.028,1,0.04,1,0.047,0,0,4,0.05,5,0.032,12,0.048,10,0.036,10,0.038,10,0.037,7,0.023,11,0.032,17,0.047,19,0.05,21,0.051,21,0.046,19,0.042,20,0.054,17,0.059,8,0.033,14,0.063,6,0.03,10,0.041,6,0.04,6,0.07,8,0.128,2,0.053,1,0.034,5,0.12,3,0.042,2,0.018,6,0.036,12,0.051,17,0.057,10,0.03,10,0.028,15,0.041,12,0.032,10,0.025,14,0.035,20,0.052,11,0.034,11,0.041,11,0.044,9,0.038,9,0.042,12,0.053,7,0.046,6,0.062,3,0.04,2,0.048,2,0.064,3,0.08,3,0.054,2,0.025,1,0.008,7,0.033,10,0.036,13,0.041,9,0.026,11,0.03,12,0.033,9,0.024,7,0.019,10,0.027,4,0.014,8,0.033,10,0.047,6,0.037,7,0.059
Region 6,Region 24,0,0,0,0,1,0.035,0,0,0,0,0,0,1,0.012,0,0,2,0.006,1,0.003,1,0.004,0,0,0,0,4,0.012,0,0,0,0,1,0.003,2,0.004,1,0.002,1,0.003,1,0.004,2,0.008,2,0.01,2,0.013,0,0,0,0,0,0,0,0,0,0,0,0,0,0,0,0,0,0,0,0,2,0.008,2,0.007,0,0,2,0.006,0,0,0,0,0,0,1,0.002,2,0.004,1,0.003,3,0.01,1,0.004,0,0,0,0,0,0,0,0,0,0,0,0,0,0,0,0,0,0,0,0,0,0,1,0.006,2,0.009,2,0.007,2,0.006,1,0.003,0,0,1,0.003,4,0.01,0,0,1,0.003,1,0.003,2,0.007,3,0.012,0,0,0,0,2,0.009,1,0.007,0,0,0,0,0,0,0,0,0,0,1,0.018,0,0,1,0.008,1,0.005,2,0.007,1,0.003,4,0.011,2,0.006,0,0,2,0.005,3,0.008,2,0.005,1,0.003,3,0.012,1,0.005,1,0.006,0,0
Region 6,Region 25,5,0.05,2,0.044,3,0.106,4,0.202,0,0,1,0.029,3,0.036,5,0.029,10,0.032,6,0.017,13,0.046,7,0.026,15,0.051,20,0.062,15,0.046,16,0.047,14,0.036,16,0.035,17,0.037,19,0.053,14,0.051,16,0.067,8,0.039,10,0.065,7,0.052,1,0.017,2,0.056,2,0.081,3,0.142,1,0.029,2,0.025,9,0.057,11,0.044,7,0.025,9,0.034,12,0.044,4,0.013,16,0.047,17,0.047,21,0.055,19,0.046,27,0.059,18,0.04,18,0.048,18,0.062,17,0.07,20,0.09,7,0.035,3,0.012,5,0.034,2,0.023,6,0.096,3,0.079,1,0.034,0,0,1,0.014,3,0.027,2,0.012,5,0.021,9,0.03,11,0.033,18,0.05,16,0.044,15,0.04,16,0.041,20,0.049,11,0.028,21,0.064,14,0.052,16,0.064,16,0.067,3,0.014,11,0.048,4,0.026,2,0.021,3,0.04,4,0.096,2,0.064,0,0,3,0.054,2,0.025,0,0,12,0.057,13,0.047,11,0.034,12,0.034,11,0.03,10,0.028,12,0.032,14,0.037,13,0.036,9,0.031,16,0.065,9,0.042,10,0.061,5,0.042
Region 7,Region 0,18,0.179,5,0.11,3,0.106,0,0,2,0.107,2,0.058,7,0.084,16,0.092,26,0.084,26,0.076,18,0.064,26,0.098,20,0.069,32,0.098,32,0.098,39,0.114,34,0.088,45,0.1,38,0.084,29,0.081,33,0.12,24,0.1,22,0.107,12,0.078,20,0.15,7,0.119,4,0.111,8,0.323,8,0.378,3,0.088,5,0.063,13,0.082,20,0.08,25,0.09,11,0.041,26,0.095,25,0.082,28,0.082,38,0.105,41,0.107,51,0.123,45,0.099,41,0.09,24,0.065,43,0.149,26,0.107,33,0.148,23,0.116,22,0.09,10,0.067,12,0.141,7,0.112,4,0.106,4,0.137,1,0.024,12,0.166,15,0.135,15,0.091,21,0.089,25,0.084,35,0.105,35,0.097,34,0.093,37,0.098,38,0.096,31,0.076,29,0.075,31,0.094,29,0.107,35,0.14,26,0.109,27,0.127,21,0.092,12,0.079,7,0.072,6,0.08,7,0.168,6,0.192,8,0.214,6,0.107,11,0.137,9,0.069,12,0.057,18,0.064,22,0.069,34,0.097,26,0.072,25,0.069,26,0.07,37,0.098,32,0.088,16,0.055,19,0.078,17,0.08,21,0.128,20,0.167
Region 7,Region 1,14,0.139,5,0.11,2,0.07,0,0,1,0.054,0,0,2,0.024,4,0.023,6,0.019,17,0.049,8,0.028,14,0.053,14,0.048,14,0.043,19,0.058,24,0.07,21,0.054,28,0.062,28,0.062,25,0.07,26,0.094,18,0.075,19,0.092,20,0.13,14,0.105,3,0.051,2,0.056,0,0,1,0.047,0,0,3,0.038,6,0.038,5,0.02,14,0.05,13,0.049,10,0.037,13,0.043,18,0.053,24,0.067,15,0.039,30,0.072,15,0.033,34,0.075,31,0.083,28,0.097,19,0.078,11,0.049,22,0.111,24,0.098,19,0.128,9,0.106,9,0.144,7,0.185,2,0.068,3,0.072,7,0.097,4,0.036,4,0.024,7,0.03,12,0.04,21,0.063,18,0.05,27,0.074,21,0.055,24,0.061,36,0.089,30,0.077,25,0.076,26,0.096,24,0.096,26,0.109,25,0.117,20,0.088,17,0.112,9,0.093,8,0.107,4,0.096,1,0.032,3,0.08,1,0.018,7,0.087,3,0.023,13,0.062,13,0.047,13,0.041,24,0.068,14,0.039,16,0.044,21,0.057,21,0.056,20,0.055,16,0.055,18,0.074,14,0.066,8,0.049,10,0.084
Region 7,Region 2,4,0.04,3,0.066,2,0.07,2,0.101,2,0.107,4,0.116,4,0.048,6,0.034,15,0.048,17,0.049,20,0.071,19,0.071,28,0.096,24,0.074,10,0.031,14,0.041,21,0.054,29,0.064,42,0.092,26,0.073,15,0.054,14,0.059,16,0.078,10,0.065,10,0.075,9,0.153,4,0.111,6,0.242,1,0.047,3,0.088,6,0.076,5,0.032,7,0.028,21,0.075,21,0.079,12,0.044,21,0.069,13,0.038,13,0.036,21,0.055,20,0.048,17,0.037,25,0.055,16,0.043,21,0.073,18,0.074,29,0.13,18,0.091,15,0.061,10,0.067,12,0.141,8,0.128,3,0.079,5,0.171,3,0.072,6,0.083,5,0.045,5,0.03,18,0.077,13,0.044,14,0.042,22,0.061,15,0.041,23,0.061,34,0.086,37,0.091,29,0.075,25,0.076,32,0.118,23,0.092,18,0.075,26,0.122,19,0.084,17,0.112,16,0.166,4,0.054,5,0.12,3,0.096,2,0.053,2,0.036,7,0.087,7,0.054,18,0.086,15,0.054,20,0.063,14,0.04,15,0.041,19,0.052,20,0.054,24,0.064,16,0.044,18,0.062,18,0.074,10,0.047,11,0.067,13,0.109
Region 7,Region 3,3,0.03,5,0.11,1,0.035,1,0.051,2,0.107,0,0,3,0.036,4,0.023,4,0.013,13,0.038,18,0.064,13,0.049,18,0.062,22,0.068,15,0.046,23,0.067,31,0.08,37,0.082,39,0.086,22,0.062,19,0.069,29,0.121,11,0.053,10,0.065,9,0.067,5,0.085,2,0.056,3,0.121,1,0.047,1,0.029,2,0.025,5,0.032,5,0.02,9,0.032,17,0.064,13,0.048,20,0.066,18,0.053,20,0.055,21,0.055,30,0.072,24,0.053,21,0.046,26,0.07,29,0.101,17,0.07,22,0.099,13,0.066,13,0.053,8,0.054,6,0.07,3,0.048,6,0.159,3,0.103,0,0,1,0.014,4,0.036,6,0.036,12,0.051,15,0.05,19,0.057,26,0.072,18,0.049,23,0.061,33,0.084,31,0.076,29,0.075,27,0.082,12,0.044,15,0.06,23,0.096,13,0.061,15,0.066,9,0.059,3,0.031,7,0.094,4,0.096,4,0.128,1,0.027,2,0.036,3,0.037,3,0.023,7,0.033,15,0.054,23,0.072,24,0.068,34,0.094,32,0.088,24,0.065,28,0.074,41,0.112,25,0.085,16,0.065,16,0.075,22,0.134,15,0.126
Region 7,Region 4,28,0.278,9,0.197,8,0.281,3,0.152,1,0.054,3,0.087,4,0.048,11,0.063,22,0.071,22,0.064,31,0.11,45,0.169,38,0.13,49,0.151,50,0.153,54,0.157,75,0.194,59,0.13,73,0.161,69,0.193,71,0.258,58,0.243,50,0.243,29,0.189,38,0.284,13,0.221,5,0.139,7,0.283,3,0.142,4,0.117,3,0.038,11,0.07,35,0.14,46,0.165,42,0.158,32,0.117,46,0.152,47,0.137,60,0.166,63,0.165,65,0.157,69,0.152,79,0.174,64,0.172,74,0.257,52,0.213,50,0.224,57,0.288,57,0.233,34,0.228,23,0.27,29,0.464,12,0.317,6,0.205,6,0.144,8,0.111,15,0.135,17,0.103,33,0.14,50,0.168,44,0.133,54,0.15,64,0.175,69,0.182,65,0.165,74,0.182,62,0.16,55,0.168,60,0.222,56,0.223,43,0.18,54,0.254,55,0.242,60,0.394,33,0.342,28,0.375,18,0.431,4,0.128,3,0.08,7,0.125,11,0.137,16,0.122,23,0.11,42,0.15,45,0.141,49,0.14,56,0.155,66,0.182,56,0.151,78,0.207,66,0.181,61,0.209,57,0.233,51,0.24,41,0.25,25,0.209
Region 7,Region 5,29,0.288,6,0.132,5,0.176,4,0.202,2,0.107,6,0.175,15,0.18,32,0.183,41,0.132,35,0.102,41,0.145,46,0.173,47,0.161,39,0.12,54,0.165,45,0.131,42,0.109,43,0.095,43,0.095,41,0.115,56,0.203,59,0.247,43,0.209,48,0.312,29,0.217,10,0.17,5,0.139,4,0.162,3,0.142,6,0.175,13,0.164,29,0.184,35,0.14,45,0.162,48,0.18,50,0.183,36,0.119,51,0.149,44,0.122,43,0.112,42,0.101,37,0.081,54,0.119,53,0.143,45,0.156,40,0.164,30,0.134,30,0.152,41,0.168,42,0.282,23,0.27,16,0.256,5,0.132,6,0.205,5,0.12,13,0.18,27,0.244,19,0.116,31,0.132,36,0.121,42,0.127,52,0.144,66,0.18,66,0.174,54,0.137,48,0.118,53,0.137,55,0.168,61,0.226,45,0.18,34,0.142,42,0.197,31,0.136,33,0.217,13,0.135,13,0.174,5,0.12,4,0.128,9,0.24,13,0.232,18,0.224,14,0.107,18,0.086,31,0.111,43,0.135,47,0.134,48,0.133,56,0.154,38,0.102,35,0.093,33,0.09,56,0.191,46,0.188,33,0.155,48,0.293,25,0.209
Region 7,Region 6,2,0.02,3,0.066,2,0.07,0,0,0,0,2,0.058,2,0.024,2,0.011,5,0.016,4,0.012,9,0.032,3,0.011,6,0.021,10,0.031,6,0.018,4,0.012,9,0.023,17,0.038,11,0.024,5,0.014,9,0.033,3,0.013,1,0.005,4,0.026,2,0.015,0,0,4,0.111,0,0,1,0.047,2,0.058,1,0.013,2,0.013,7,0.028,4,0.014,6,0.023,11,0.04,7,0.023,12,0.035,16,0.044,8,0.021,13,0.031,9,0.02,20,0.044,18,0.048,10,0.035,11,0.045,6,0.027,9,0.046,6,0.025,3,0.02,4,0.047,2,0.032,1,0.026,1,0.034,0,0,2,0.028,8,0.072,2,0.012,2,0.009,7,0.024,8,0.024,6,0.017,10,0.027,15,0.04,10,0.025,13,0.032,14,0.036,7,0.021,17,0.063,9,0.036,5,0.021,12,0.056,3,0.013,1,0.007,3,0.031,2,0.027,0,0,1,0.032,2,0.053,1,0.018,2,0.025,4,0.031,5,0.024,6,0.021,6,0.019,13,0.037,8,0.022,6,0.017,10,0.027,7,0.019,2,0.005,6,0.021,10,0.041,8,0.038,5,0.03,6,0.05
Region 7,Region 7,121,1.201,65,1.426,44,1.548,21,1.061,22,1.18,13,0.378,23,0.276,57,0.326,114,0.368,151,0.439,170,0.601,187,0.702,203,0.697,268,0.825,265,0.811,297,0.866,340,0.882,394,0.871,406,0.894,347,0.973,321,1.166,241,1.008,191,0.928,141,0.917,154,1.151,78,1.327,51,1.419,28,1.131,22,1.04,13,0.38,18,0.227,80,0.508,99,0.396,135,0.485,127,0.477,175,0.642,210,0.693,282,0.823,354,0.982,367,0.96,351,0.846,371,0.816,391,0.861,370,0.996,311,1.079,310,1.271,265,1.187,195,0.987,204,0.834,94,0.631,81,0.95,71,1.136,39,1.03,20,0.684,19,0.456,34,0.471,55,0.497,72,0.438,111,0.472,149,0.501,184,0.555,266,0.738,288,0.787,303,0.799,344,0.872,320,0.789,292,0.752,300,0.914,257,0.95,245,0.978,244,1.022,229,1.076,219,0.963,127,0.835,99,1.025,72,0.964,54,1.294,34,1.088,29,0.775,37,0.661,47,0.585,53,0.405,86,0.411,161,0.576,168,0.526,203,0.579,262,0.725,272,0.748,259,0.698,283,0.749,279,0.765,265,0.906,232,0.95,199,0.936,198,1.207,145,1.214
Region 7,Region 8,46,0.457,19,0.417,9,0.317,8,0.404,5,0.268,5,0.146,19,0.228,39,0.223,64,0.206,80,0.233,62,0.219,67,0.252,80,0.275,74,0.228,100,0.306,98,0.286,125,0.324,101,0.223,99,0.218,110,0.308,86,0.312,71,0.297,51,0.248,40,0.26,32,0.239,17,0.289,10,0.278,8,0.323,6,0.284,6,0.175,7,0.088,34,0.216,52,0.208,66,0.237,65,0.244,58,0.213,76,0.251,80,0.234,119,0.33,133,0.348,110,0.265,118,0.26,74,0.163,77,0.207,69,0.239,60,0.246,72,0.323,52,0.263,41,0.168,36,0.242,24,0.282,19,0.304,14,0.37,7,0.24,4,0.096,14,0.194,24,0.217,37,0.225,49,0.208,50,0.168,72,0.217,82,0.227,89,0.243,93,0.245,120,0.304,131,0.323,108,0.278,94,0.286,62,0.229,72,0.287,71,0.297,54,0.254,57,0.251,36,0.237,39,0.404,29,0.388,15,0.359,23,0.736,13,0.347,13,0.232,21,0.261,34,0.26,36,0.172,38,0.136,59,0.185,69,0.197,95,0.263,81,0.223,93,0.251,85,0.225,76,0.208,60,0.205,68,0.278,57,0.268,65,0.396,39,0.327
Region 7,Region 9,6,0.06,4,0.088,2,0.07,1,0.051,0,0,3,0.087,5,0.06,4,0.023,12,0.039,2,0.006,4,0.014,8,0.03,12,0.041,14,0.043,7,0.021,13,0.038,32,0.083,34,0.075,22,0.048,11,0.031,16,0.058,5,0.021,8,0.039,4,0.026,7,0.052,2,0.034,2,0.056,0,0,3,0.142,2,0.058,1,0.013,4,0.025,8,0.032,5,0.018,8,0.03,5,0.018,8,0.026,13,0.038,11,0.031,12,0.031,21,0.051,25,0.055,11,0.024,15,0.04,14,0.049,9,0.037,3,0.013,5,0.025,8,0.033,6,0.04,4,0.047,3,0.048,5,0.132,0,0,3,0.072,0,0,6,0.054,2,0.012,5,0.021,8,0.027,15,0.045,21,0.058,12,0.033,15,0.04,13,0.033,18,0.044,19,0.049,8,0.024,8,0.03,2,0.008,6,0.025,4,0.019,9,0.04,5,0.033,3,0.031,3,0.04,1,0.024,4,0.128,5,0.134,2,0.036,3,0.037,4,0.031,12,0.057,10,0.036,7,0.022,11,0.031,16,0.044,17,0.047,9,0.024,15,0.04,9,0.025,8,0.027,8,0.033,12,0.056,3,0.018,4,0.033
Region 7,Region 10,32,0.318,5,0.11,7,0.246,5,0.253,5,0.268,7,0.204,15,0.18,38,0.217,49,0.158,60,0.175,58,0.205,48,0.18,59,0.203,72,0.222,95,0.291,126,0.367,149,0.386,156,0.345,153,0.337,103,0.289,91,0.33,63,0.263,41,0.199,23,0.15,44,0.329,14,0.238,17,0.473,11,0.444,6,0.284,7,0.205,23,0.29,36,0.228,52,0.208,50,0.179,65,0.244,62,0.227,99,0.327,69,0.201,130,0.36,122,0.319,157,0.378,175,0.385,115,0.253,104,0.28,61,0.212,78,0.32,49,0.22,45,0.228,43,0.176,21,0.141,17,0.199,14,0.224,8,0.211,6,0.205,8,0.192,10,0.139,41,0.37,28,0.17,44,0.187,65,0.218,66,0.199,75,0.208,96,0.262,96,0.253,102,0.259,115,0.284,85,0.219,46,0.14,75,0.277,51,0.204,64,0.268,44,0.207,38,0.167,30,0.197,20,0.207,16,0.214,12,0.287,15,0.48,11,0.294,18,0.322,26,0.324,23,0.176,40,0.191,54,0.193,66,0.207,61,0.174,84,0.232,70,0.193,63,0.17,91,0.241,72,0.197,57,0.195,64,0.262,51,0.24,37,0.226,29,0.243
Region 7,Region 11,3,0.03,1,0.022,0,0,1,0.051,0,0,0,0,0,0,2,0.011,3,0.01,2,0.006,2,0.007,1,0.004,5,0.017,3,0.009,4,0.012,7,0.02,5,0.013,6,0.013,9,0.02,7,0.02,6,0.022,6,0.025,4,0.019,0,0,3,0.022,6,0.102,0,0,0,0,0,0,0,0,1,0.013,0,0,1,0.004,0,0,3,0.011,2,0.007,0,0,2,0.006,3,0.008,6,0.016,7,0.017,11,0.024,10,0.022,6,0.016,3,0.01,4,0.016,3,0.013,3,0.015,2,0.008,1,0.007,3,0.035,0,0,1,0.026,1,0.034,0,0,1,0.014,3,0.027,0,0,4,0.017,8,0.027,6,0.018,3,0.008,6,0.016,4,0.011,1,0.003,2,0.005,1,0.003,4,0.012,3,0.011,6,0.024,2,0.008,2,0.009,1,0.004,2,0.013,5,0.052,1,0.013,1,0.024,0,0,3,0.08,0,0,3,0.037,2,0.015,3,0.014,3,0.011,4,0.013,3,0.009,4,0.011,6,0.017,4,0.011,3,0.008,2,0.005,2,0.007,7,0.029,6,0.028,3,0.018,3,0.025
Region 7,Region 12,17,0.169,17,0.373,7,0.246,7,0.354,3,0.161,2,0.058,5,0.06,13,0.074,20,0.064,32,0.093,47,0.166,37,0.139,55,0.189,53,0.163,52,0.159,71,0.207,63,0.163,91,0.201,86,0.189,80,0.224,66,0.24,58,0.243,35,0.17,19,0.124,29,0.217,11,0.187,12,0.334,6,0.242,5,0.236,3,0.088,7,0.088,12,0.076,23,0.092,37,0.133,30,0.113,31,0.114,45,0.148,63,0.184,62,0.172,87,0.228,97,0.234,69,0.152,68,0.15,63,0.17,57,0.198,44,0.18,48,0.215,36,0.182,39,0.16,17,0.114,12,0.141,21,0.336,5,0.132,2,0.068,4,0.096,16,0.222,19,0.172,17,0.103,28,0.119,35,0.118,59,0.178,73,0.203,54,0.148,62,0.164,79,0.2,74,0.182,55,0.142,58,0.177,68,0.251,53,0.211,55,0.23,47,0.221,37,0.163,28,0.184,19,0.197,16,0.214,15,0.359,4,0.128,5,0.134,15,0.268,16,0.199,10,0.076,32,0.153,32,0.115,53,0.166,45,0.128,62,0.172,67,0.184,59,0.159,71,0.188,73,0.2,58,0.198,47,0.192,40,0.188,40,0.244,37,0.31
Region 7,Region 13,43,0.427,14,0.307,12,0.422,7,0.354,7,0.376,7,0.204,17,0.204,27,0.154,61,0.197,80,0.233,65,0.23,83,0.312,109,0.374,101,0.311,105,0.321,129,0.376,135,0.35,161,0.356,121,0.266,121,0.339,118,0.429,95,0.397,68,0.33,49,0.319,48,0.359,23,0.391,12,0.334,10,0.404,6,0.284,2,0.058,16,0.201,27,0.171,72,0.288,66,0.237,76,0.286,71,0.26,67,0.221,101,0.295,120,0.333,120,0.314,133,0.321,130,0.286,123,0.271,101,0.272,95,0.329,96,0.393,85,0.381,64,0.324,65,0.266,38,0.255,28,0.329,24,0.384,16,0.423,6,0.205,15,0.36,22,0.305,36,0.325,38,0.231,47,0.2,71,0.239,95,0.286,119,0.33,113,0.309,122,0.322,116,0.294,115,0.284,92,0.237,108,0.329,88,0.325,89,0.355,91,0.381,76,0.357,66,0.29,58,0.381,39,0.404,32,0.428,17,0.407,22,0.704,9,0.24,16,0.286,21,0.261,22,0.168,40,0.191,51,0.183,80,0.25,94,0.268,82,0.227,116,0.319,112,0.302,96,0.254,98,0.269,87,0.297,95,0.389,63,0.296,53,0.323,38,0.318
Region 7,Region 14,103,1.023,54,1.184,25,0.879,22,1.112,17,0.912,25,0.728,52,0.624,84,0.481,165,0.532,202,0.587,172,0.608,165,0.619,170,0.584,219,0.674,217,0.664,241,0.703,282,0.731,286,0.633,271,0.597,199,0.558,242,0.879,167,0.698,182,0.884,129,0.839,119,0.89,51,0.868,40,1.113,25,1.01,15,0.709,43,1.257,61,0.768,83,0.527,113,0.452,151,0.542,167,0.628,158,0.58,170,0.561,222,0.648,244,0.677,262,0.685,295,0.711,276,0.607,292,0.643,239,0.643,203,0.704,201,0.824,191,0.856,188,0.951,170,0.695,113,0.759,67,0.786,75,1.2,43,1.136,31,1.061,57,1.369,59,0.818,84,0.759,93,0.565,172,0.731,165,0.555,206,0.621,240,0.666,238,0.651,286,0.755,268,0.68,288,0.71,214,0.551,209,0.637,188,0.695,173,0.69,156,0.654,153,0.719,145,0.638,129,0.848,82,0.849,84,1.125,46,1.102,48,1.536,46,1.229,40,0.715,83,1.033,86,0.658,100,0.478,179,0.641,220,0.689,255,0.727,277,0.766,253,0.696,247,0.666,232,0.614,251,0.688,210,0.718,194,0.794,172,0.809,134,0.817,120,1.005
Region 7,Region 15,3,0.03,0,0,0,0,2,0.101,0,0,0,0,3,0.036,2,0.011,2,0.006,5,0.015,5,0.018,1,0.004,0,0,4,0.012,3,0.009,3,0.009,5,0.013,3,0.007,6,0.013,9,0.025,4,0.015,4,0.017,4,0.019,1,0.007,3,0.022,1,0.017,0,0,1,0.04,0,0,0,0,1,0.013,0,0,1,0.004,1,0.004,2,0.008,2,0.007,2,0.007,2,0.006,5,0.014,8,0.021,2,0.005,4,0.009,3,0.007,0,0,5,0.017,6,0.025,4,0.018,6,0.03,5,0.02,0,0,1,0.012,2,0.032,1,0.026,0,0,1,0.024,2,0.028,2,0.018,3,0.018,1,0.004,1,0.003,0,0,4,0.011,9,0.025,4,0.011,2,0.005,3,0.007,5,0.013,8,0.024,3,0.011,3,0.012,2,0.008,7,0.033,3,0.013,1,0.007,4,0.041,2,0.027,0,0,0,0,0,0,0,0,0,0,1,0.008,2,0.01,3,0.011,3,0.009,0,0,3,0.008,7,0.019,0,0,2,0.005,4,0.011,4,0.014,2,0.008,6,0.028,2,0.012,4,0.033
Region 7,Region 16,3,0.03,0,0,0,0,0,0,0,0,0,0,3,0.036,1,0.006,5,0.016,11,0.032,7,0.025,11,0.041,8,0.027,18,0.055,13,0.04,12,0.035,18,0.047,31,0.069,20,0.044,21,0.059,12,0.044,12,0.05,4,0.019,6,0.039,5,0.037,0,0,3,0.083,1,0.04,0,0,0,0,0,0,0,0,6,0.024,6,0.022,10,0.038,10,0.037,7,0.023,12,0.035,10,0.028,14,0.037,15,0.036,22,0.048,25,0.055,12,0.032,19,0.066,4,0.016,4,0.018,2,0.01,8,0.033,3,0.02,1,0.012,0,0,0,0,1,0.034,0,0,2,0.028,0,0,4,0.024,9,0.038,8,0.027,13,0.039,20,0.055,11,0.03,9,0.024,7,0.018,18,0.044,17,0.044,8,0.024,15,0.055,9,0.036,11,0.046,13,0.061,2,0.009,6,0.039,0,0,0,0,2,0.048,1,0.032,0,0,2,0.036,4,0.05,5,0.038,5,0.024,15,0.054,11,0.034,17,0.048,5,0.014,13,0.036,12,0.032,12,0.032,15,0.041,10,0.034,4,0.016,4,0.019,1,0.006,6,0.05
Region 7,Region 17,56,0.556,27,0.592,10,0.352,18,0.91,7,0.376,7,0.204,17,0.204,44,0.252,81,0.261,134,0.39,102,0.361,83,0.312,96,0.33,100,0.308,122,0.373,146,0.426,144,0.373,169,0.374,185,0.407,169,0.474,125,0.454,98,0.41,97,0.471,76,0.494,80,0.598,50,0.851,26,0.723,24,0.97,11,0.52,12,0.351,22,0.277,32,0.203,64,0.256,115,0.413,84,0.316,71,0.26,100,0.33,114,0.333,141,0.391,168,0.439,198,0.477,184,0.405,204,0.449,202,0.544,124,0.43,86,0.353,117,0.524,101,0.511,128,0.524,77,0.517,48,0.563,32,0.512,24,0.634,11,0.376,11,0.264,27,0.374,28,0.253,41,0.249,62,0.264,58,0.195,81,0.244,94,0.261,113,0.309,102,0.269,132,0.335,160,0.394,148,0.381,103,0.314,114,0.421,99,0.395,94,0.394,110,0.517,114,0.501,66,0.434,62,0.642,50,0.67,18,0.431,17,0.544,22,0.588,18,0.322,22,0.274,27,0.206,45,0.215,65,0.233,85,0.266,90,0.257,137,0.379,101,0.278,115,0.31,142,0.376,168,0.461,105,0.359,107,0.438,94,0.442,86,0.524,84,0.703
Region 7,Region 18,2,0.02,1,0.022,2,0.07,1,0.051,0,0,0,0,2,0.024,1,0.006,0,0,4,0.012,3,0.011,0,0,1,0.003,3,0.009,1,0.003,0,0,3,0.008,7,0.015,5,0.011,2,0.006,1,0.004,2,0.008,4,0.019,1,0.007,2,0.015,3,0.051,1,0.028,1,0.04,2,0.095,0,0,3,0.038,2,0.013,3,0.012,1,0.004,1,0.004,2,0.007,5,0.016,4,0.012,2,0.006,5,0.013,6,0.014,1,0.002,7,0.015,7,0.019,6,0.021,3,0.012,1,0.004,3,0.015,0,0,1,0.007,1,0.012,4,0.064,0,0,1,0.034,1,0.024,0,0,2,0.018,0,0,2,0.009,2,0.007,4,0.012,6,0.017,2,0.005,9,0.024,3,0.008,4,0.01,3,0.008,4,0.012,7,0.026,0,0,3,0.013,4,0.019,1,0.004,2,0.013,1,0.01,1,0.013,3,0.072,1,0.032,0,0,2,0.036,0,0,1,0.008,6,0.029,2,0.007,2,0.006,3,0.009,1,0.003,2,0.006,0,0,5,0.013,1,0.003,5,0.017,2,0.008,2,0.009,6,0.037,0,0
Region 7,Region 19,5,0.05,2,0.044,2,0.07,0,0,0,0,0,0,0,0,2,0.011,3,0.01,3,0.009,6,0.021,0,0,4,0.014,11,0.034,3,0.009,6,0.017,7,0.018,11,0.024,7,0.015,12,0.034,10,0.036,3,0.013,3,0.015,8,0.052,4,0.03,2,0.034,1,0.028,1,0.04,0,0,2,0.058,2,0.025,1,0.006,3,0.012,2,0.007,3,0.011,3,0.011,2,0.007,5,0.015,5,0.014,3,0.008,6,0.014,9,0.02,8,0.018,7,0.019,8,0.028,14,0.057,0,0,2,0.01,4,0.016,3,0.02,2,0.023,3,0.048,4,0.106,1,0.034,0,0,2,0.028,4,0.036,1,0.006,3,0.013,1,0.003,1,0.003,5,0.014,6,0.016,10,0.026,9,0.023,9,0.022,5,0.013,7,0.021,6,0.022,5,0.02,6,0.025,4,0.019,5,0.022,3,0.02,4,0.041,2,0.027,1,0.024,0,0,0,0,1,0.018,2,0.025,3,0.023,1,0.005,4,0.014,4,0.013,6,0.017,6,0.017,6,0.017,10,0.027,7,0.019,8,0.022,0,0,4,0.016,3,0.014,3,0.018,4,0.033
Region 7,Region 20,10,0.099,10,0.219,8,0.281,1,0.051,0,0,0,0,4,0.048,11,0.063,11,0.035,36,0.105,30,0.106,20,0.075,21,0.072,22,0.068,19,0.058,18,0.052,20,0.052,29,0.064,33,0.073,29,0.081,26,0.094,23,0.096,8,0.039,14,0.091,17,0.127,5,0.085,5,0.139,4,0.162,2,0.095,0,0,4,0.05,8,0.051,17,0.068,19,0.068,24,0.09,17,0.062,25,0.082,24,0.07,29,0.08,30,0.078,30,0.072,30,0.066,27,0.059,20,0.054,33,0.114,28,0.115,29,0.13,15,0.076,33,0.135,16,0.107,10,0.117,7,0.112,5,0.132,5,0.171,4,0.096,5,0.069,9,0.081,8,0.049,6,0.026,14,0.047,15,0.045,24,0.067,19,0.052,18,0.047,22,0.056,41,0.101,20,0.052,22,0.067,33,0.122,15,0.06,22,0.092,16,0.075,15,0.066,9,0.059,7,0.072,11,0.147,2,0.048,2,0.064,3,0.08,2,0.036,6,0.075,9,0.069,8,0.038,13,0.047,11,0.034,14,0.04,23,0.064,26,0.072,12,0.032,24,0.064,31,0.085,19,0.065,30,0.123,18,0.085,14,0.085,10,0.084
Region 7,Region 21,23,0.228,9,0.197,6,0.211,2,0.101,4,0.215,1,0.029,3,0.036,10,0.057,18,0.058,19,0.055,33,0.117,24,0.09,45,0.154,38,0.117,37,0.113,45,0.131,51,0.132,58,0.128,60,0.132,59,0.165,48,0.174,40,0.167,25,0.121,25,0.163,20,0.15,14,0.238,6,0.167,7,0.283,2,0.095,3,0.088,6,0.076,9,0.057,12,0.048,15,0.054,25,0.094,27,0.099,34,0.112,48,0.14,46,0.128,57,0.149,50,0.121,64,0.141,66,0.145,58,0.156,42,0.146,39,0.16,35,0.157,35,0.177,34,0.139,14,0.094,17,0.199,4,0.064,5,0.132,2,0.068,2,0.048,4,0.055,9,0.081,11,0.067,28,0.119,39,0.131,39,0.118,44,0.122,35,0.096,47,0.124,40,0.101,46,0.113,54,0.139,67,0.204,37,0.137,37,0.148,42,0.176,31,0.146,24,0.106,23,0.151,12,0.124,10,0.134,4,0.096,1,0.032,3,0.08,6,0.107,10,0.124,12,0.092,21,0.1,37,0.132,39,0.122,44,0.125,48,0.133,44,0.121,41,0.11,47,0.124,52,0.143,53,0.181,32,0.131,45,0.212,27,0.165,6,0.05
Region 7,Region 22,3,0.03,4,0.088,0,0,1,0.051,0,0,1,0.029,0,0,3,0.017,5,0.016,5,0.015,5,0.018,7,0.026,13,0.045,9,0.028,10,0.031,6,0.017,15,0.039,7,0.015,14,0.031,13,0.036,6,0.022,4,0.017,2,0.01,2,0.013,2,0.015,3,0.051,1,0.028,1,0.04,0,0,0,0,0,0,1,0.006,7,0.028,7,0.025,4,0.015,4,0.015,7,0.023,9,0.026,10,0.028,7,0.018,13,0.031,11,0.024,16,0.035,12,0.032,7,0.024,8,0.033,8,0.036,5,0.025,7,0.029,1,0.007,2,0.023,5,0.08,2,0.053,0,0,0,0,1,0.014,1,0.009,0,0,2,0.009,9,0.03,6,0.018,12,0.033,18,0.049,13,0.034,13,0.033,7,0.017,13,0.033,6,0.018,8,0.03,8,0.032,3,0.013,15,0.07,8,0.035,5,0.033,4,0.041,6,0.08,2,0.048,2,0.064,0,0,1,0.018,0,0,3,0.023,4,0.019,7,0.025,9,0.028,8,0.023,15,0.041,5,0.014,8,0.022,16,0.042,7,0.019,8,0.027,7,0.029,6,0.028,9,0.055,4,0.033
Region 7,Region 23,35,0.347,19,0.417,7,0.246,5,0.253,2,0.107,3,0.087,20,0.24,33,0.189,47,0.152,47,0.137,38,0.134,42,0.158,51,0.175,55,0.169,53,0.162,77,0.224,87,0.226,104,0.23,84,0.185,58,0.163,57,0.207,56,0.234,45,0.219,32,0.208,36,0.269,12,0.204,12,0.334,3,0.121,8,0.378,6,0.175,20,0.252,32,0.203,50,0.2,44,0.158,47,0.177,47,0.172,46,0.152,47,0.137,58,0.161,83,0.217,100,0.241,98,0.216,89,0.196,83,0.223,50,0.173,49,0.201,51,0.229,44,0.223,36,0.147,27,0.181,15,0.176,14,0.224,11,0.291,3,0.103,16,0.384,20,0.277,23,0.208,27,0.164,35,0.149,70,0.235,45,0.136,66,0.183,59,0.161,57,0.15,61,0.155,71,0.175,64,0.165,54,0.164,47,0.174,57,0.227,54,0.226,30,0.141,30,0.132,26,0.171,30,0.311,33,0.442,15,0.359,12,0.384,9,0.24,14,0.25,16,0.199,18,0.138,30,0.144,30,0.107,44,0.138,65,0.185,66,0.183,61,0.168,57,0.154,54,0.143,48,0.132,40,0.137,54,0.221,44,0.207,44,0.268,27,0.226
Region 7,Region 24,7,0.069,5,0.11,0,0,2,0.101,0,0,0,0,1,0.012,4,0.023,15,0.048,19,0.055,9,0.032,15,0.056,12,0.041,21,0.065,21,0.064,40,0.117,42,0.109,79,0.175,60,0.132,35,0.098,24,0.087,12,0.05,13,0.063,13,0.085,10,0.075,0,0,0,0,1,0.04,0,0,1,0.029,4,0.05,6,0.038,13,0.052,14,0.05,14,0.053,17,0.062,24,0.079,34,0.099,17,0.047,32,0.084,55,0.133,61,0.134,44,0.097,32,0.086,13,0.045,18,0.074,12,0.054,6,0.03,11,0.045,8,0.054,5,0.059,3,0.048,2,0.053,1,0.034,1,0.024,3,0.042,5,0.045,12,0.073,13,0.055,29,0.097,10,0.03,24,0.067,31,0.085,36,0.095,30,0.076,24,0.059,22,0.057,22,0.067,11,0.041,14,0.056,9,0.038,9,0.042,13,0.057,4,0.026,4,0.041,1,0.013,3,0.072,6,0.192,3,0.08,2,0.036,4,0.05,9,0.069,12,0.057,19,0.068,24,0.075,13,0.037,28,0.077,30,0.083,35,0.094,25,0.066,20,0.055,25,0.085,11,0.045,6,0.028,11,0.067,5,0.042
Region 7,Region 25,5,0.05,1,0.022,3,0.106,4,0.202,1,0.054,1,0.029,2,0.024,2,0.011,5,0.016,8,0.023,8,0.028,6,0.023,8,0.027,9,0.028,13,0.04,15,0.044,11,0.029,10,0.022,13,0.029,13,0.036,14,0.051,6,0.025,10,0.049,7,0.046,6,0.045,3,0.051,2,0.056,0,0,1,0.047,3,0.088,3,0.038,4,0.025,4,0.016,3,0.011,11,0.041,6,0.022,6,0.02,7,0.02,8,0.022,11,0.029,6,0.014,7,0.015,15,0.033,12,0.032,6,0.021,10,0.041,7,0.031,5,0.025,2,0.008,2,0.013,5,0.059,0,0,2,0.053,0,0,3,0.072,3,0.042,0,0,2,0.012,3,0.013,8,0.027,11,0.033,14,0.039,12,0.033,7,0.018,10,0.025,4,0.01,18,0.046,14,0.043,7,0.026,4,0.016,7,0.029,11,0.052,4,0.018,2,0.013,2,0.021,5,0.067,5,0.12,5,0.16,1,0.027,1,0.018,0,0,2,0.015,3,0.014,4,0.014,7,0.022,6,0.017,11,0.03,8,0.022,7,0.019,6,0.016,10,0.027,9,0.031,8,0.033,4,0.019,5,0.03,11,0.092
Region 8,Region 0,25,0.248,7,0.154,6,0.211,4,0.202,5,0.268,11,0.32,39,0.468,62,0.355,89,0.287,62,0.18,72,0.255,69,0.259,68,0.233,79,0.243,70,0.214,67,0.195,55,0.143,53,0.117,71,0.156,72,0.202,66,0.24,65,0.272,41,0.199,37,0.241,26,0.194,16,0.272,4,0.111,2,0.081,5,0.236,4,0.117,31,0.39,60,0.381,70,0.28,71,0.255,55,0.207,86,0.315,87,0.287,83,0.242,71,0.197,67,0.175,76,0.183,72,0.158,77,0.169,64,0.172,61,0.212,58,0.238,56,0.251,48,0.243,53,0.217,30,0.202,15,0.176,13,0.208,7,0.185,7,0.24,2,0.048,14,0.194,30,0.271,52,0.316,67,0.285,67,0.225,66,0.199,99,0.275,111,0.303,99,0.261,96,0.243,88,0.217,90,0.232,59,0.18,55,0.203,63,0.251,55,0.23,45,0.211,90,0.396,41,0.27,25,0.259,8,0.107,5,0.12,4,0.128,5,0.134,13,0.232,27,0.336,34,0.26,49,0.234,55,0.197,90,0.282,118,0.336,128,0.354,111,0.305,124,0.334,96,0.254,88,0.241,86,0.294,61,0.25,60,0.282,35,0.213,22,0.184
Region 8,Region 1,30,0.298,17,0.373,9,0.317,7,0.354,4,0.215,5,0.146,13,0.156,43,0.246,83,0.268,89,0.259,74,0.262,63,0.237,81,0.278,69,0.212,73,0.223,68,0.198,103,0.267,145,0.321,151,0.332,110,0.308,91,0.33,70,0.293,69,0.335,39,0.254,42,0.314,9,0.153,4,0.111,4,0.162,3,0.142,5,0.146,17,0.214,33,0.209,66,0.264,85,0.305,64,0.241,53,0.194,84,0.277,80,0.234,87,0.241,84,0.22,99,0.239,127,0.279,139,0.306,118,0.318,100,0.347,78,0.32,74,0.332,83,0.42,102,0.417,48,0.322,15,0.176,12,0.192,13,0.343,4,0.137,10,0.24,26,0.36,35,0.316,41,0.249,56,0.238,68,0.229,96,0.289,87,0.241,87,0.238,92,0.243,129,0.327,148,0.365,182,0.469,125,0.381,102,0.377,105,0.419,91,0.381,84,0.395,130,0.572,71,0.467,20,0.207,16,0.214,2,0.048,3,0.096,7,0.187,13,0.232,23,0.286,42,0.321,72,0.344,89,0.318,75,0.235,75,0.214,76,0.21,90,0.248,111,0.299,125,0.331,106,0.291,103,0.352,66,0.27,59,0.277,39,0.238,26,0.218
Region 8,Region 2,22,0.218,15,0.329,4,0.141,1,0.051,1,0.054,15,0.437,34,0.408,64,0.366,126,0.406,120,0.349,73,0.258,65,0.244,66,0.227,82,0.252,67,0.205,69,0.201,67,0.174,63,0.139,85,0.187,125,0.35,67,0.243,40,0.167,37,0.18,38,0.247,47,0.351,14,0.238,4,0.111,5,0.202,4,0.189,7,0.205,34,0.428,67,0.425,111,0.444,94,0.337,83,0.312,54,0.198,68,0.224,52,0.152,62,0.172,67,0.175,56,0.135,55,0.121,63,0.139,77,0.207,93,0.323,91,0.373,108,0.484,106,0.536,76,0.311,39,0.262,17,0.199,7,0.112,1,0.026,9,0.308,21,0.504,24,0.333,33,0.298,48,0.292,68,0.289,74,0.249,91,0.274,88,0.244,130,0.355,189,0.499,228,0.578,304,0.749,284,0.732,147,0.448,103,0.381,84,0.335,111,0.465,83,0.39,97,0.427,51,0.335,23,0.238,11,0.147,5,0.12,4,0.128,19,0.508,25,0.447,38,0.473,50,0.382,83,0.397,89,0.318,74,0.232,70,0.2,66,0.183,68,0.187,76,0.205,104,0.275,100,0.274,83,0.284,55,0.225,45,0.212,45,0.274,20,0.167
Region 8,Region 3,7,0.069,2,0.044,3,0.106,3,0.152,3,0.161,0,0,3,0.036,5,0.029,11,0.035,20,0.058,22,0.078,19,0.071,17,0.058,16,0.049,19,0.058,14,0.041,18,0.047,32,0.071,36,0.079,28,0.078,14,0.051,13,0.054,10,0.049,11,0.072,4,0.03,2,0.034,0,0,0,0,1,0.047,2,0.058,0,0,2,0.013,10,0.04,16,0.057,9,0.034,19,0.07,23,0.076,18,0.053,15,0.042,20,0.052,23,0.055,27,0.059,22,0.048,24,0.065,17,0.059,14,0.057,11,0.049,6,0.03,7,0.029,3,0.02,3,0.035,6,0.096,0,0,2,0.068,3,0.072,4,0.055,9,0.081,10,0.061,14,0.06,18,0.06,32,0.096,27,0.075,23,0.063,23,0.061,14,0.035,22,0.054,19,0.049,15,0.046,16,0.059,10,0.04,11,0.046,13,0.061,19,0.084,6,0.039,5,0.052,1,0.013,0,0,0,0,0,0,3,0.054,8,0.1,12,0.092,14,0.067,26,0.093,19,0.059,26,0.074,22,0.061,35,0.096,28,0.075,22,0.058,17,0.047,28,0.096,23,0.094,17,0.08,18,0.11,11,0.092
Region 8,Region 4,6,0.06,5,0.11,0,0,1,0.051,3,0.161,1,0.029,7,0.084,8,0.046,19,0.061,38,0.111,37,0.131,25,0.094,41,0.141,31,0.095,34,0.104,37,0.108,29,0.075,52,0.115,65,0.143,54,0.151,40,0.145,43,0.18,35,0.17,14,0.091,25,0.187,7,0.119,1,0.028,2,0.081,1,0.047,2,0.058,3,0.038,12,0.076,16,0.064,39,0.14,35,0.132,28,0.103,38,0.125,31,0.091,33,0.092,24,0.063,34,0.082,52,0.114,54,0.119,43,0.116,30,0.104,30,0.123,29,0.13,40,0.202,63,0.258,39,0.262,10,0.117,5,0.08,1,0.026,1,0.034,5,0.12,7,0.097,21,0.19,26,0.158,38,0.162,39,0.131,28,0.084,36,0.1,34,0.093,39,0.103,55,0.139,45,0.111,37,0.095,39,0.119,43,0.159,38,0.152,37,0.155,64,0.301,97,0.427,45,0.296,15,0.155,7,0.094,3,0.072,3,0.096,4,0.107,10,0.179,8,0.1,21,0.161,39,0.187,34,0.122,39,0.122,50,0.143,49,0.136,55,0.151,62,0.167,63,0.167,59,0.162,49,0.168,41,0.168,41,0.193,35,0.213,16,0.134
Region 8,Region 5,11,0.109,4,0.088,1,0.035,3,0.152,3,0.161,9,0.262,35,0.42,69,0.395,91,0.293,63,0.183,81,0.286,96,0.36,95,0.326,97,0.299,73,0.223,77,0.224,36,0.093,32,0.071,45,0.099,61,0.171,67,0.243,75,0.314,62,0.301,28,0.182,16,0.12,12,0.204,4,0.111,5,0.202,2,0.095,8,0.234,36,0.453,73,0.463,95,0.38,95,0.341,87,0.327,96,0.352,98,0.323,74,0.216,69,0.191,55,0.144,46,0.111,48,0.106,55,0.121,59,0.159,58,0.201,51,0.209,49,0.22,27,0.137,35,0.143,20,0.134,8,0.094,0,0,2,0.053,3,0.103,6,0.144,18,0.249,40,0.361,53,0.322,55,0.234,69,0.232,77,0.232,83,0.23,91,0.249,128,0.338,135,0.342,119,0.293,141,0.363,75,0.228,59,0.218,46,0.184,49,0.205,43,0.202,37,0.163,16,0.105,11,0.114,3,0.04,3,0.072,5,0.16,8,0.214,21,0.375,29,0.361,29,0.222,60,0.287,70,0.25,73,0.229,88,0.251,111,0.307,121,0.333,90,0.243,99,0.262,98,0.269,63,0.215,58,0.237,54,0.254,41,0.25,16,0.134
Region 8,Region 6,7,0.069,3,0.066,1,0.035,0,0,4,0.215,6,0.175,8,0.096,11,0.063,14,0.045,22,0.064,19,0.067,20,0.075,22,0.076,29,0.089,21,0.064,27,0.079,46,0.119,35,0.077,47,0.103,37,0.104,24,0.087,16,0.067,13,0.063,10,0.065,9,0.067,4,0.068,1,0.028,1,0.04,0,0,1,0.029,3,0.038,5,0.032,12,0.048,12,0.043,21,0.079,34,0.125,33,0.109,29,0.085,35,0.097,27,0.071,41,0.099,35,0.077,36,0.079,32,0.086,18,0.062,15,0.061,17,0.076,16,0.081,16,0.065,5,0.034,1,0.012,1,0.016,1,0.026,1,0.034,1,0.024,4,0.055,6,0.054,13,0.079,31,0.132,28,0.094,38,0.115,42,0.117,35,0.096,44,0.116,53,0.134,46,0.113,54,0.139,57,0.174,24,0.089,21,0.084,16,0.067,19,0.089,28,0.123,15,0.099,9,0.093,5,0.067,1,0.024,0,0,1,0.027,2,0.036,4,0.05,6,0.046,19,0.091,30,0.107,38,0.119,38,0.108,33,0.091,27,0.074,26,0.07,34,0.09,39,0.107,28,0.096,34,0.139,24,0.113,17,0.104,9,0.075
Region 8,Region 7,39,0.387,20,0.439,11,0.387,4,0.202,2,0.107,12,0.349,39,0.468,62,0.355,86,0.277,77,0.224,74,0.262,90,0.338,100,0.343,107,0.329,125,0.383,108,0.315,88,0.228,102,0.226,119,0.262,100,0.28,107,0.389,72,0.301,78,0.379,40,0.26,31,0.232,16,0.272,11,0.306,7,0.283,7,0.331,6,0.175,24,0.302,68,0.431,87,0.348,73,0.262,92,0.346,98,0.359,119,0.392,106,0.31,119,0.33,92,0.241,97,0.234,90,0.198,119,0.262,110,0.296,87,0.302,73,0.299,79,0.354,60,0.304,74,0.303,51,0.343,22,0.258,22,0.352,18,0.476,9,0.308,16,0.384,29,0.402,42,0.379,61,0.371,92,0.391,107,0.36,118,0.356,128,0.355,143,0.391,135,0.356,130,0.33,107,0.264,126,0.325,120,0.365,90,0.333,79,0.315,93,0.39,79,0.371,95,0.418,60,0.394,24,0.248,24,0.321,12,0.287,10,0.32,10,0.267,20,0.357,29,0.361,27,0.206,56,0.268,80,0.286,112,0.351,104,0.297,99,0.274,117,0.322,121,0.326,128,0.339,138,0.378,117,0.4,94,0.385,80,0.376,64,0.39,47,0.394
Region 8,Region 8,327,3.247,156,3.422,96,3.377,73,3.689,74,3.97,116,3.376,312,3.743,688,3.937,1235,3.983,1395,4.057,1132,4.003,1025,3.848,1168,4.01,1351,4.158,1273,3.897,1448,4.221,1648,4.273,1897,4.196,1834,4.038,1132,3.174,873,3.17,727,3.04,629,3.055,404,2.627,388,2.901,162,2.756,87,2.42,53,2.141,66,3.121,118,3.448,331,4.167,638,4.048,1039,4.157,1160,4.164,1009,3.793,1020,3.741,1152,3.8,1384,4.041,1583,4.389,1604,4.195,1746,4.209,1896,4.17,1648,3.628,1242,3.343,908,3.149,783,3.209,661,2.962,557,2.818,565,2.311,355,2.385,218,2.558,142,2.272,105,2.774,96,3.285,122,2.93,239,3.312,346,3.125,589,3.581,864,3.674,1036,3.482,1102,3.321,1234,3.423,1383,3.78,1396,3.683,1417,3.593,1531,3.775,1338,3.446,1116,3.399,946,3.497,800,3.192,668,2.799,491,2.307,566,2.489,319,2.097,184,1.905,141,1.888,87,2.084,100,3.201,106,2.832,185,3.306,242,3.013,435,3.326,726,3.473,923,3.303,1181,3.697,1305,3.721,1462,4.044,1346,3.702,1409,3.797,1322,3.501,1199,3.287,967,3.306,807,3.303,704,3.31,508,3.098,337,2.822
Region 8,Region 9,3,0.03,2,0.044,3,0.106,0,0,3,0.161,0,0,4,0.048,9,0.051,15,0.048,14,0.041,18,0.064,11,0.041,17,0.058,12,0.037,17,0.052,21,0.061,21,0.054,28,0.062,28,0.062,21,0.059,11,0.04,9,0.038,10,0.049,2,0.013,1,0.007,3,0.051,2,0.056,2,0.081,1,0.047,1,0.029,6,0.076,5,0.032,7,0.028,10,0.036,7,0.026,19,0.07,16,0.053,16,0.047,18,0.05,13,0.034,20,0.048,21,0.046,24,0.053,20,0.054,11,0.038,9,0.037,8,0.036,6,0.03,5,0.02,3,0.02,2,0.023,0,0,2,0.053,2,0.068,1,0.024,3,0.042,4,0.036,7,0.043,12,0.051,14,0.047,17,0.051,21,0.058,22,0.06,17,0.045,24,0.061,21,0.052,20,0.052,18,0.055,15,0.055,13,0.052,10,0.042,7,0.033,8,0.035,3,0.02,0,0,2,0.027,2,0.048,4,0.128,3,0.08,7,0.125,8,0.1,13,0.099,13,0.062,14,0.05,14,0.044,22,0.063,21,0.058,20,0.055,14,0.038,11,0.029,19,0.052,18,0.062,9,0.037,11,0.052,5,0.03,5,0.042
Region 8,Region 10,26,0.258,14,0.307,5,0.176,2,0.101,8,0.429,14,0.407,30,0.36,53,0.303,93,0.3,107,0.311,92,0.325,77,0.289,74,0.254,81,0.249,97,0.297,108,0.315,107,0.277,109,0.241,117,0.258,66,0.185,53,0.192,50,0.209,45,0.219,27,0.176,21,0.157,12,0.204,5,0.139,9,0.364,15,0.709,17,0.497,34,0.428,68,0.431,88,0.352,78,0.28,74,0.278,79,0.29,89,0.294,103,0.301,83,0.23,98,0.256,98,0.236,99,0.218,79,0.174,85,0.229,74,0.257,60,0.246,44,0.197,42,0.213,37,0.151,29,0.195,21,0.246,11,0.176,10,0.264,9,0.308,5,0.12,13,0.18,21,0.19,35,0.213,54,0.23,66,0.222,105,0.316,78,0.216,86,0.235,102,0.269,125,0.317,83,0.205,95,0.245,83,0.253,70,0.259,64,0.255,68,0.285,50,0.235,68,0.299,41,0.27,25,0.259,13,0.174,3,0.072,5,0.16,8,0.214,11,0.197,18,0.224,44,0.336,51,0.244,87,0.311,62,0.194,79,0.225,88,0.243,84,0.231,69,0.186,74,0.196,75,0.206,65,0.222,60,0.246,39,0.183,35,0.213,26,0.218
Region 8,Region 11,10,0.099,5,0.11,1,0.035,1,0.051,2,0.107,2,0.058,7,0.084,21,0.12,17,0.055,7,0.02,14,0.05,10,0.038,15,0.051,12,0.037,11,0.034,7,0.02,13,0.034,24,0.053,21,0.046,15,0.042,15,0.054,18,0.075,19,0.092,4,0.026,10,0.075,5,0.085,1,0.028,2,0.081,0,0,1,0.029,3,0.038,10,0.063,11,0.044,8,0.029,15,0.056,20,0.073,16,0.053,14,0.041,12,0.033,15,0.039,21,0.051,20,0.044,20,0.044,16,0.043,19,0.066,14,0.057,20,0.09,12,0.061,18,0.074,11,0.074,6,0.07,2,0.032,1,0.026,0,0,3,0.072,7,0.097,5,0.045,9,0.055,5,0.021,18,0.06,26,0.078,18,0.05,16,0.044,29,0.077,23,0.058,21,0.052,20,0.052,10,0.03,18,0.067,17,0.068,19,0.08,22,0.103,16,0.07,13,0.085,8,0.083,2,0.027,1,0.024,6,0.192,5,0.134,4,0.071,5,0.062,1,0.008,5,0.024,8,0.029,19,0.059,20,0.057,19,0.053,13,0.036,17,0.046,18,0.048,21,0.058,23,0.079,15,0.061,17,0.08,12,0.073,9,0.075
Region 8,Region 12,42,0.417,28,0.614,10,0.352,6,0.303,3,0.161,8,0.233,43,0.516,78,0.446,99,0.319,105,0.305,100,0.354,77,0.289,106,0.364,132,0.406,108,0.331,124,0.361,135,0.35,135,0.299,156,0.343,104,0.292,75,0.272,88,0.368,63,0.306,37,0.241,45,0.336,21,0.357,14,0.389,6,0.242,6,0.284,10,0.292,30,0.378,62,0.393,82,0.328,80,0.287,88,0.331,97,0.356,112,0.369,115,0.336,132,0.366,125,0.327,152,0.366,190,0.418,173,0.381,133,0.358,93,0.323,91,0.373,69,0.309,59,0.299,63,0.258,42,0.282,27,0.317,13,0.208,9,0.238,11,0.376,20,0.48,26,0.36,31,0.28,60,0.365,86,0.366,96,0.323,106,0.319,117,0.325,129,0.353,133,0.351,142,0.36,127,0.313,135,0.348,110,0.335,115,0.425,89,0.355,92,0.385,75,0.352,63,0.277,49,0.322,27,0.28,15,0.201,10,0.24,10,0.32,21,0.561,27,0.482,30,0.373,59,0.451,86,0.411,74,0.265,89,0.279,110,0.314,138,0.382,120,0.33,125,0.337,135,0.357,145,0.398,121,0.414,98,0.401,80,0.376,64,0.39,34,0.285
Region 8,Region 13,98,0.973,49,1.075,19,0.668,10,0.505,20,1.073,50,1.455,138,1.655,322,1.843,489,1.577,375,1.091,368,1.301,378,1.419,397,1.363,429,1.32,409,1.252,359,1.047,343,0.889,377,0.834,392,0.863,361,1.012,299,1.086,254,1.062,242,1.175,157,1.021,137,1.024,56,0.953,24,0.668,31,1.253,25,1.182,48,1.403,136,1.712,275,1.745,441,1.765,414,1.486,362,1.361,391,1.434,433,1.428,453,1.323,434,1.203,434,1.135,404,0.974,437,0.961,438,0.964,327,0.88,318,1.103,292,1.197,251,1.125,207,1.047,295,1.207,120,0.806,62,0.727,39,0.624,23,0.608,31,1.061,54,1.297,80,1.109,170,1.535,249,1.514,343,1.459,404,1.358,459,1.383,566,1.57,541,1.479,583,1.538,541,1.372,566,1.395,574,1.479,419,1.276,401,1.482,341,1.361,320,1.341,240,1.128,448,1.97,195,1.282,80,0.828,49,0.656,21,0.503,20,0.64,26,0.695,47,0.84,99,1.232,180,1.376,283,1.354,374,1.338,499,1.562,540,1.54,574,1.588,587,1.615,534,1.439,517,1.369,501,1.374,397,1.357,330,1.351,295,1.387,220,1.342,131,1.097
Region 8,Region 14,36,0.357,19,0.417,9,0.317,7,0.354,6,0.322,16,0.466,27,0.324,81,0.463,143,0.461,128,0.372,127,0.449,131,0.492,156,0.536,170,0.523,153,0.468,135,0.394,105,0.272,64,0.142,90,0.198,130,0.364,88,0.32,108,0.452,64,0.311,35,0.228,29,0.217,17,0.289,10,0.278,4,0.162,10,0.473,19,0.555,33,0.415,87,0.552,127,0.508,124,0.445,136,0.511,173,0.635,164,0.541,189,0.552,185,0.513,177,0.463,107,0.258,132,0.29,135,0.297,102,0.275,103,0.357,105,0.43,93,0.417,59,0.299,66,0.27,33,0.222,20,0.235,5,0.08,17,0.449,34,1.164,22,0.528,36,0.499,68,0.614,95,0.578,147,0.625,166,0.558,185,0.558,187,0.519,231,0.631,182,0.48,187,0.474,169,0.417,193,0.497,137,0.417,116,0.429,93,0.371,78,0.327,83,0.39,78,0.343,38,0.25,28,0.29,16,0.214,16,0.383,17,0.544,13,0.347,27,0.482,31,0.386,59,0.451,111,0.531,152,0.544,154,0.482,184,0.525,225,0.622,202,0.556,200,0.539,199,0.527,198,0.543,135,0.462,101,0.413,103,0.484,83,0.506,38,0.318
Region 8,Region 15,8,0.079,2,0.044,1,0.035,1,0.051,2,0.107,0,0,3,0.036,7,0.04,18,0.058,11,0.032,8,0.028,11,0.041,15,0.051,11,0.034,14,0.043,16,0.047,13,0.034,20,0.044,17,0.037,11,0.031,16,0.058,17,0.071,11,0.053,13,0.085,8,0.06,6,0.102,0,0,1,0.04,1,0.047,1,0.029,8,0.101,8,0.051,14,0.056,12,0.043,15,0.056,16,0.059,9,0.03,18,0.053,20,0.055,12,0.031,7,0.017,12,0.026,14,0.031,17,0.046,12,0.042,5,0.02,9,0.04,14,0.071,11,0.045,6,0.04,3,0.035,2,0.032,0,0,2,0.068,3,0.072,4,0.055,10,0.09,9,0.055,8,0.034,14,0.047,23,0.069,21,0.058,18,0.049,24,0.063,15,0.038,13,0.032,16,0.041,10,0.03,15,0.055,14,0.056,23,0.096,11,0.052,21,0.092,8,0.053,5,0.052,3,0.04,2,0.048,1,0.032,2,0.053,0,0,7,0.087,7,0.054,9,0.043,20,0.072,14,0.044,14,0.04,23,0.064,25,0.069,22,0.059,29,0.077,11,0.03,11,0.038,16,0.065,17,0.08,12,0.073,12,0.1
Region 8,Region 16,0,0,2,0.044,0,0,0,0,0,0,0,0,2,0.024,5,0.029,12,0.039,15,0.044,8,0.028,12,0.045,15,0.051,25,0.077,19,0.058,15,0.044,19,0.049,15,0.033,23,0.051,31,0.087,15,0.054,9,0.038,11,0.053,2,0.013,3,0.022,2,0.034,0,0,1,0.04,0,0,0,0,2,0.025,4,0.025,11,0.044,14,0.05,21,0.079,14,0.051,11,0.036,16,0.047,19,0.053,18,0.047,18,0.043,22,0.048,28,0.062,22,0.059,11,0.038,8,0.033,5,0.022,4,0.02,4,0.016,2,0.013,0,0,0,0,0,0,0,0,2,0.048,4,0.055,5,0.045,4,0.024,13,0.055,16,0.054,20,0.06,22,0.061,25,0.068,27,0.071,29,0.074,27,0.067,21,0.054,11,0.034,18,0.067,11,0.044,13,0.054,9,0.042,12,0.053,5,0.033,3,0.031,0,0,0,0,1,0.032,0,0,1,0.018,2,0.025,9,0.069,19,0.091,21,0.075,22,0.069,24,0.068,29,0.08,32,0.088,25,0.067,31,0.082,23,0.063,17,0.058,6,0.025,5,0.024,6,0.037,2,0.017
Region 8,Region 17,90,0.894,34,0.746,18,0.633,12,0.606,9,0.483,42,1.222,119,1.428,336,1.923,619,1.996,548,1.594,360,1.273,297,1.115,305,1.047,323,0.994,344,1.053,336,0.979,306,0.793,365,0.807,523,1.151,566,1.587,332,1.206,194,0.811,150,0.729,130,0.845,145,1.084,58,0.987,25,0.695,24,0.97,17,0.804,38,1.11,98,1.234,222,1.409,367,1.469,353,1.267,256,0.962,244,0.895,286,0.943,423,1.235,522,1.447,556,1.454,717,1.728,890,1.958,917,2.018,630,1.696,393,1.363,253,1.037,260,1.165,276,1.396,301,1.231,131,0.88,79,0.927,56,0.896,33,0.872,23,0.787,36,0.865,84,1.164,133,1.201,174,1.058,166,0.706,192,0.645,235,0.708,295,0.818,293,0.801,434,1.145,577,1.463,641,1.58,634,1.633,442,1.346,320,1.183,252,1.006,284,1.19,297,1.396,358,1.574,188,1.236,94,0.973,59,0.79,33,0.791,26,0.832,38,1.015,58,1.036,60,0.747,98,0.749,136,0.651,203,0.726,264,0.826,343,0.978,428,1.184,555,1.527,724,1.951,980,2.595,939,2.575,557,1.904,317,1.298,179,0.842,156,0.951,129,1.08
Region 8,Region 18,5,0.05,0,0,1,0.035,1,0.051,1,0.054,1,0.029,2,0.024,9,0.051,12,0.039,9,0.026,6,0.021,7,0.026,5,0.017,6,0.018,8,0.024,15,0.044,11,0.029,12,0.027,11,0.024,6,0.017,8,0.029,9,0.038,2,0.01,2,0.013,6,0.045,3,0.051,1,0.028,0,0,1,0.047,2,0.058,4,0.05,6,0.038,10,0.04,5,0.018,7,0.026,4,0.015,4,0.013,7,0.02,7,0.019,15,0.039,12,0.029,13,0.029,9,0.02,10,0.027,18,0.062,8,0.033,7,0.031,5,0.025,5,0.02,4,0.027,3,0.035,4,0.064,1,0.026,2,0.068,1,0.024,5,0.069,8,0.072,6,0.036,5,0.021,11,0.037,15,0.045,19,0.053,17,0.046,16,0.042,9,0.023,13,0.032,26,0.067,16,0.049,16,0.059,17,0.068,9,0.038,9,0.042,9,0.04,6,0.039,2,0.021,2,0.027,1,0.024,1,0.032,0,0,3,0.054,4,0.05,5,0.038,5,0.024,6,0.021,11,0.034,14,0.04,10,0.028,13,0.036,13,0.035,9,0.024,13,0.036,9,0.031,15,0.061,18,0.085,10,0.061,8,0.067
Region 8,Region 19,6,0.06,4,0.088,3,0.106,2,0.101,1,0.054,0,0,0,0,2,0.011,7,0.023,4,0.012,3,0.011,5,0.019,11,0.038,13,0.04,14,0.043,13,0.038,21,0.054,25,0.055,25,0.055,14,0.039,7,0.025,9,0.038,8,0.039,6,0.039,4,0.03,1,0.017,1,0.028,0,0,0,0,1,0.029,1,0.013,3,0.019,8,0.032,8,0.029,4,0.015,6,0.022,8,0.026,10,0.029,7,0.019,14,0.037,13,0.031,15,0.033,12,0.026,8,0.022,9,0.031,9,0.037,9,0.04,3,0.015,11,0.045,7,0.047,0,0,3,0.048,3,0.079,0,0,2,0.048,2,0.028,1,0.009,6,0.036,7,0.03,16,0.054,9,0.027,13,0.036,15,0.041,14,0.037,12,0.03,18,0.044,16,0.041,9,0.027,11,0.041,9,0.036,14,0.059,14,0.066,18,0.079,4,0.026,2,0.021,2,0.027,0,0,0,0,0,0,0,0,1,0.012,2,0.015,10,0.048,10,0.036,16,0.05,14,0.04,11,0.03,10,0.028,16,0.043,20,0.053,12,0.033,6,0.021,4,0.016,6,0.028,7,0.043,7,0.059
Region 8,Region 20,67,0.665,17,0.373,23,0.809,11,0.556,12,0.644,41,1.193,160,1.919,356,2.037,474,1.529,505,1.469,343,1.213,291,1.092,249,0.855,280,0.862,237,0.725,236,0.688,248,0.643,268,0.593,291,0.641,259,0.726,171,0.621,110,0.46,124,0.602,99,0.644,79,0.591,32,0.544,22,0.612,19,0.768,15,0.709,48,1.403,159,2.002,341,2.164,424,1.697,382,1.371,293,1.101,228,0.836,242,0.798,270,0.788,278,0.771,320,0.837,293,0.706,355,0.781,382,0.841,308,0.829,194,0.673,193,0.791,213,0.954,215,1.088,156,0.638,102,0.685,61,0.716,28,0.448,14,0.37,22,0.753,32,0.768,126,1.746,100,0.903,107,0.651,120,0.51,169,0.568,194,0.585,218,0.605,238,0.651,298,0.786,247,0.626,191,0.471,240,0.618,217,0.661,173,0.64,171,0.682,230,0.964,171,0.804,179,0.787,107,0.703,68,0.704,33,0.442,23,0.551,18,0.576,30,0.801,104,1.858,72,0.896,111,0.849,123,0.588,175,0.626,177,0.554,196,0.559,194,0.537,255,0.701,240,0.647,280,0.741,259,0.71,235,0.804,181,0.741,135,0.635,102,0.622,86,0.72
Region 8,Region 21,7,0.069,1,0.022,2,0.07,2,0.101,2,0.107,1,0.029,7,0.084,13,0.074,19,0.061,19,0.055,12,0.042,17,0.064,29,0.1,32,0.098,35,0.107,33,0.096,39,0.101,42,0.093,33,0.073,29,0.081,36,0.131,35,0.146,24,0.117,11,0.072,9,0.067,5,0.085,2,0.056,1,0.04,1,0.047,2,0.058,4,0.05,4,0.025,20,0.08,22,0.079,19,0.071,23,0.084,29,0.096,31,0.091,39,0.108,32,0.084,42,0.101,48,0.106,36,0.079,27,0.073,20,0.069,18,0.074,23,0.103,8,0.04,14,0.057,6,0.04,3,0.035,4,0.064,0,0,0,0,2,0.048,9,0.125,11,0.099,22,0.134,38,0.162,32,0.108,30,0.09,37,0.103,52,0.142,48,0.127,43,0.109,53,0.131,35,0.09,50,0.152,25,0.092,29,0.116,24,0.101,22,0.103,23,0.101,10,0.066,11,0.114,0,0,1,0.024,2,0.064,2,0.053,4,0.071,7,0.087,18,0.138,23,0.11,35,0.125,49,0.153,41,0.117,36,0.1,42,0.116,51,0.137,55,0.146,61,0.167,32,0.109,27,0.111,28,0.132,20,0.122,14,0.117
Region 8,Region 22,19,0.189,6,0.132,2,0.07,2,0.101,3,0.161,1,0.029,6,0.072,16,0.092,44,0.142,64,0.186,58,0.205,63,0.237,65,0.223,80,0.246,73,0.223,78,0.227,97,0.252,92,0.203,84,0.185,71,0.199,62,0.225,44,0.184,35,0.17,25,0.163,17,0.127,3,0.051,4,0.111,3,0.121,0,0,4,0.117,7,0.088,10,0.063,32,0.128,59,0.212,53,0.199,64,0.235,78,0.257,76,0.222,77,0.214,83,0.217,111,0.268,117,0.257,116,0.255,94,0.253,56,0.194,42,0.172,32,0.143,30,0.152,27,0.11,12,0.081,12,0.141,5,0.08,2,0.053,2,0.068,2,0.048,8,0.111,24,0.217,30,0.182,66,0.281,104,0.35,74,0.223,78,0.216,87,0.238,81,0.214,80,0.203,83,0.205,94,0.242,69,0.21,68,0.251,47,0.188,38,0.159,44,0.207,26,0.114,13,0.085,9,0.093,8,0.107,2,0.048,3,0.096,1,0.027,3,0.054,18,0.224,18,0.138,45,0.215,58,0.208,68,0.213,85,0.242,119,0.329,84,0.231,96,0.259,103,0.273,91,0.249,74,0.253,65,0.266,46,0.216,32,0.195,16,0.134
Region 8,Region 23,45,0.447,23,0.504,10,0.352,7,0.354,8,0.429,11,0.32,23,0.276,63,0.36,105,0.339,55,0.16,81,0.286,83,0.312,111,0.381,127,0.391,110,0.337,102,0.297,103,0.267,95,0.21,81,0.178,78,0.219,97,0.352,80,0.335,86,0.418,51,0.332,50,0.374,23,0.391,15,0.417,7,0.283,7,0.331,11,0.321,27,0.34,60,0.381,80,0.32,110,0.395,133,0.5,146,0.536,123,0.406,114,0.333,120,0.333,110,0.288,97,0.234,119,0.262,127,0.28,98,0.264,83,0.288,79,0.324,85,0.381,57,0.288,77,0.315,49,0.329,29,0.34,16,0.256,16,0.423,15,0.513,20,0.48,39,0.54,98,0.885,107,0.651,123,0.523,142,0.477,157,0.473,164,0.455,133,0.364,153,0.404,131,0.332,148,0.365,156,0.402,127,0.387,102,0.377,84,0.335,93,0.39,71,0.334,143,0.629,69,0.454,42,0.435,28,0.375,11,0.264,16,0.512,10,0.267,17,0.304,34,0.423,73,0.558,100,0.478,125,0.447,144,0.451,175,0.499,163,0.451,143,0.393,134,0.361,140,0.371,134,0.367,96,0.328,98,0.401,120,0.564,69,0.421,33,0.276
Region 8,Region 24,2,0.02,3,0.066,2,0.07,1,0.051,0,0,0,0,1,0.012,6,0.034,11,0.035,13,0.038,12,0.042,11,0.041,8,0.027,12,0.037,15,0.046,8,0.023,13,0.034,15,0.033,19,0.042,22,0.062,23,0.084,15,0.063,9,0.044,6,0.039,4,0.03,3,0.051,1,0.028,2,0.081,0,0,0,0,1,0.013,1,0.006,7,0.028,6,0.022,12,0.045,6,0.022,10,0.033,23,0.067,13,0.036,14,0.037,11,0.027,17,0.037,14,0.031,11,0.03,13,0.045,11,0.045,2,0.009,2,0.01,6,0.025,4,0.027,0,0,0,0,0,0,2,0.068,0,0,4,0.055,9,0.081,12,0.073,10,0.043,13,0.044,13,0.039,7,0.019,7,0.019,16,0.042,14,0.035,13,0.032,13,0.033,14,0.043,15,0.055,8,0.032,7,0.029,4,0.019,9,0.04,5,0.033,1,0.01,1,0.013,2,0.048,0,0,1,0.027,1,0.018,5,0.062,7,0.054,13,0.062,16,0.057,16,0.05,18,0.051,13,0.036,24,0.066,17,0.046,15,0.04,11,0.03,14,0.048,19,0.078,13,0.061,10,0.061,4,0.033
Region 8,Region 25,10,0.099,6,0.132,7,0.246,4,0.202,5,0.268,5,0.146,15,0.18,22,0.126,34,0.11,44,0.128,31,0.11,33,0.124,31,0.106,31,0.095,30,0.092,25,0.073,19,0.049,21,0.046,28,0.062,38,0.107,18,0.065,13,0.054,13,0.063,12,0.078,19,0.142,11,0.187,10,0.278,5,0.202,7,0.331,4,0.117,19,0.239,26,0.165,26,0.104,28,0.101,29,0.109,19,0.07,29,0.096,25,0.073,35,0.097,21,0.055,22,0.053,31,0.068,26,0.057,33,0.089,27,0.094,25,0.102,33,0.148,20,0.101,27,0.11,12,0.081,10,0.117,9,0.144,4,0.106,3,0.103,4,0.096,9,0.125,17,0.154,12,0.073,20,0.085,29,0.097,33,0.099,41,0.114,30,0.082,34,0.09,30,0.076,32,0.079,34,0.088,42,0.128,36,0.133,24,0.096,19,0.08,18,0.085,35,0.154,17,0.112,14,0.145,12,0.161,7,0.168,6,0.192,8,0.214,8,0.143,8,0.1,10,0.076,25,0.12,37,0.132,24,0.075,18,0.051,31,0.086,30,0.083,38,0.102,38,0.101,25,0.069,33,0.113,22,0.09,20,0.094,20,0.122,15,0.126
Region 9,Region 0,0,0,1,0.022,1,0.035,0,0,0,0,0,0,0,0,0,0,4,0.013,5,0.015,2,0.007,2,0.008,2,0.007,6,0.018,1,0.003,3,0.009,4,0.01,3,0.007,7,0.015,1,0.003,3,0.011,1,0.004,3,0.015,1,0.007,1,0.007,0,0,0,0,0,0,0,0,0,0,0,0,0,0,4,0.016,2,0.007,2,0.008,3,0.011,4,0.013,4,0.012,3,0.008,5,0.013,7,0.017,4,0.009,5,0.011,1,0.003,5,0.017,5,0.02,5,0.022,3,0.015,1,0.004,2,0.013,3,0.035,2,0.032,0,0,0,0,1,0.024,2,0.028,1,0.009,1,0.006,1,0.004,5,0.017,5,0.015,2,0.006,6,0.016,3,0.008,4,0.01,6,0.015,3,0.008,1,0.003,3,0.011,3,0.012,3,0.013,3,0.014,3,0.013,1,0.007,0,0,2,0.027,1,0.024,1,0.032,1,0.027,0,0,0,0,0,0,3,0.014,2,0.007,4,0.013,1,0.003,2,0.006,5,0.014,4,0.011,3,0.008,3,0.008,3,0.01,5,0.02,3,0.014,0,0,0,0
Region 9,Region 1,5,0.05,4,0.088,1,0.035,0,0,1,0.054,4,0.116,5,0.06,5,0.029,26,0.084,26,0.076,8,0.028,13,0.049,7,0.024,7,0.022,13,0.04,19,0.055,31,0.08,25,0.055,27,0.059,22,0.062,9,0.033,10,0.042,12,0.058,11,0.072,9,0.067,7,0.119,3,0.083,1,0.04,0,0,4,0.117,5,0.063,5,0.032,14,0.056,12,0.043,14,0.053,18,0.066,17,0.056,13,0.038,15,0.042,25,0.065,25,0.06,29,0.064,29,0.064,23,0.062,17,0.059,8,0.033,18,0.081,19,0.096,15,0.061,8,0.054,3,0.035,3,0.048,2,0.053,3,0.103,4,0.096,9,0.125,7,0.063,10,0.061,8,0.034,5,0.017,13,0.039,10,0.028,11,0.03,29,0.077,36,0.091,31,0.076,24,0.062,19,0.058,14,0.052,12,0.048,15,0.063,15,0.07,11,0.048,6,0.039,4,0.041,0,0,1,0.024,1,0.032,1,0.027,5,0.089,7,0.087,8,0.061,10,0.048,7,0.025,6,0.019,9,0.026,15,0.041,24,0.066,19,0.051,17,0.045,23,0.063,22,0.075,16,0.065,10,0.047,8,0.049,12,0.1
Region 9,Region 2,3,0.03,0,0,1,0.035,1,0.051,0,0,3,0.087,4,0.048,3,0.017,14,0.045,15,0.044,3,0.011,3,0.011,2,0.007,2,0.006,7,0.021,7,0.02,11,0.029,11,0.024,14,0.031,15,0.042,4,0.015,2,0.008,2,0.01,0,0,2,0.015,2,0.034,3,0.083,0,0,0,0,1,0.029,2,0.025,1,0.006,4,0.016,8,0.029,3,0.011,13,0.048,8,0.026,5,0.015,5,0.014,8,0.021,9,0.022,6,0.013,9,0.02,7,0.019,4,0.014,3,0.012,5,0.022,4,0.02,4,0.016,2,0.013,5,0.059,1,0.016,2,0.053,3,0.103,3,0.072,1,0.014,2,0.018,3,0.018,6,0.026,5,0.017,3,0.009,6,0.017,4,0.011,4,0.011,12,0.03,18,0.044,12,0.031,9,0.027,5,0.018,9,0.036,4,0.017,7,0.033,5,0.022,3,0.02,1,0.01,1,0.013,0,0,1,0.032,0,0,0,0,2,0.025,5,0.038,8,0.038,9,0.032,6,0.019,6,0.017,8,0.022,3,0.008,6,0.016,3,0.008,6,0.016,7,0.024,4,0.016,2,0.009,2,0.012,2,0.017
Region 9,Region 3,4,0.04,2,0.044,6,0.211,1,0.051,0,0,1,0.029,4,0.048,5,0.029,14,0.045,15,0.044,14,0.05,21,0.079,24,0.082,24,0.074,25,0.077,25,0.073,39,0.101,66,0.146,56,0.123,41,0.115,32,0.116,20,0.084,20,0.097,15,0.098,12,0.09,6,0.102,2,0.056,0,0,2,0.095,5,0.146,4,0.05,3,0.019,11,0.044,25,0.09,11,0.041,16,0.059,24,0.079,33,0.096,25,0.069,26,0.068,34,0.082,51,0.112,49,0.108,34,0.092,32,0.111,19,0.078,17,0.076,17,0.086,11,0.045,7,0.047,6,0.07,0,0,1,0.026,3,0.103,2,0.048,6,0.083,8,0.072,17,0.103,20,0.085,37,0.124,37,0.112,45,0.125,47,0.128,47,0.124,42,0.106,28,0.069,35,0.09,22,0.067,22,0.081,20,0.08,12,0.05,3,0.014,14,0.062,10,0.066,4,0.041,4,0.054,3,0.072,0,0,5,0.134,4,0.071,6,0.075,15,0.115,15,0.072,34,0.122,36,0.113,34,0.097,39,0.108,46,0.127,37,0.1,51,0.135,40,0.11,32,0.109,29,0.119,31,0.146,17,0.104,14,0.117
Region 9,Region 4,1,0.01,0,0,0,0,0,0,0,0,0,0,1,0.012,2,0.011,2,0.006,8,0.023,1,0.004,2,0.008,3,0.01,2,0.006,4,0.012,2,0.006,3,0.008,7,0.015,5,0.011,3,0.008,5,0.018,5,0.021,1,0.005,0,0,1,0.007,1,0.017,0,0,0,0,0,0,0,0,1,0.013,1,0.006,0,0,2,0.007,3,0.011,1,0.004,1,0.003,5,0.015,5,0.014,4,0.01,4,0.01,4,0.009,5,0.011,7,0.019,5,0.017,1,0.004,2,0.009,3,0.015,1,0.004,1,0.007,1,0.012,2,0.032,0,0,0,0,4,0.096,0,0,1,0.009,5,0.03,3,0.013,2,0.007,5,0.015,1,0.003,2,0.005,6,0.016,3,0.008,9,0.022,3,0.008,3,0.009,3,0.011,1,0.004,2,0.008,2,0.009,1,0.004,3,0.02,1,0.01,0,0,0,0,0,0,1,0.027,1,0.018,2,0.025,2,0.015,2,0.01,5,0.018,1,0.003,4,0.011,7,0.019,5,0.014,5,0.013,3,0.008,6,0.016,9,0.031,4,0.016,3,0.014,2,0.012,1,0.008
Region 9,Region 5,2,0.02,1,0.022,0,0,1,0.051,1,0.054,2,0.058,8,0.096,15,0.086,18,0.058,20,0.058,23,0.081,19,0.071,28,0.096,26,0.08,27,0.083,18,0.052,17,0.044,32,0.071,24,0.053,17,0.048,16,0.058,22,0.092,11,0.053,4,0.026,1,0.007,1,0.017,1,0.028,0,0,2,0.095,2,0.058,2,0.025,16,0.102,36,0.144,27,0.097,27,0.101,16,0.059,20,0.066,21,0.061,24,0.067,24,0.063,21,0.051,15,0.033,23,0.051,28,0.075,24,0.083,20,0.082,8,0.036,5,0.025,2,0.008,1,0.007,0,0,2,0.032,1,0.026,0,0,0,0,3,0.042,3,0.027,14,0.085,16,0.068,25,0.084,28,0.084,32,0.089,38,0.104,32,0.084,19,0.048,34,0.084,24,0.062,21,0.064,21,0.078,21,0.084,9,0.038,2,0.009,8,0.035,2,0.013,3,0.031,2,0.027,0,0,1,0.032,1,0.027,2,0.036,8,0.1,11,0.084,15,0.072,28,0.1,23,0.072,28,0.08,29,0.08,32,0.088,31,0.084,24,0.064,26,0.071,18,0.062,19,0.078,16,0.075,7,0.043,2,0.017
Region 9,Region 6,0,0,1,0.022,1,0.035,0,0,0,0,0,0,1,0.012,2,0.011,5,0.016,8,0.023,2,0.007,1,0.004,0,0,5,0.015,5,0.015,13,0.038,11,0.029,10,0.022,14,0.031,10,0.028,3,0.011,3,0.013,3,0.015,2,0.013,3,0.022,2,0.034,0,0,0,0,1,0.047,0,0,2,0.025,3,0.019,5,0.02,6,0.022,6,0.023,3,0.011,7,0.023,4,0.012,8,0.022,11,0.029,7,0.017,9,0.02,6,0.013,10,0.027,6,0.021,4,0.016,7,0.031,4,0.02,2,0.008,1,0.007,1,0.012,1,0.016,1,0.026,1,0.034,0,0,1,0.014,0,0,2,0.012,4,0.017,2,0.007,4,0.012,5,0.014,3,0.008,8,0.021,6,0.015,7,0.017,9,0.023,2,0.006,0,0,6,0.024,1,0.004,4,0.019,5,0.022,2,0.013,3,0.031,1,0.013,2,0.048,3,0.096,1,0.027,1,0.018,0,0,1,0.008,1,0.005,1,0.004,1,0.003,8,0.023,7,0.019,5,0.014,2,0.005,7,0.019,4,0.011,7,0.024,6,0.025,4,0.019,2,0.012,4,0.033
Region 9,Region 7,7,0.069,7,0.154,3,0.106,2,0.101,2,0.107,4,0.116,6,0.072,8,0.046,10,0.032,8,0.023,9,0.032,11,0.041,10,0.034,14,0.043,21,0.064,22,0.064,20,0.052,29,0.064,29,0.064,14,0.039,10,0.036,11,0.046,10,0.049,13,0.085,9,0.067,5,0.085,5,0.139,3,0.121,1,0.047,2,0.058,4,0.05,10,0.063,10,0.04,17,0.061,11,0.041,15,0.055,10,0.033,16,0.047,14,0.039,14,0.037,12,0.029,18,0.04,17,0.037,16,0.043,13,0.045,14,0.057,7,0.031,9,0.046,10,0.041,2,0.013,3,0.035,3,0.048,1,0.026,2,0.068,7,0.168,5,0.069,6,0.054,11,0.067,11,0.047,8,0.027,10,0.03,9,0.025,8,0.022,12,0.032,6,0.015,6,0.015,15,0.039,15,0.046,6,0.022,11,0.044,11,0.046,6,0.028,4,0.018,4,0.026,2,0.021,1,0.013,0,0,2,0.064,3,0.08,3,0.054,2,0.025,6,0.046,11,0.053,5,0.018,9,0.028,12,0.034,10,0.028,10,0.028,9,0.024,15,0.04,14,0.038,6,0.021,9,0.037,10,0.047,5,0.03,2,0.017
Region 9,Region 8,8,0.079,4,0.088,4,0.141,2,0.101,1,0.054,2,0.058,7,0.084,12,0.069,22,0.071,22,0.064,17,0.06,13,0.049,14,0.048,18,0.055,14,0.043,25,0.073,25,0.065,26,0.058,36,0.079,29,0.081,16,0.058,9,0.038,10,0.049,5,0.033,7,0.052,5,0.085,0,0,0,0,2,0.095,3,0.088,4,0.05,10,0.063,19,0.076,16,0.057,19,0.071,21,0.077,16,0.053,16,0.047,25,0.069,26,0.068,22,0.053,21,0.046,40,0.088,25,0.067,18,0.062,16,0.066,10,0.045,5,0.025,3,0.012,3,0.02,3,0.035,1,0.016,3,0.079,3,0.103,5,0.12,2,0.028,6,0.054,10,0.061,25,0.106,17,0.057,14,0.042,17,0.047,13,0.036,23,0.061,18,0.046,26,0.064,21,0.054,15,0.046,16,0.059,16,0.064,15,0.063,6,0.028,7,0.031,3,0.02,2,0.021,1,0.013,2,0.048,2,0.064,4,0.107,3,0.054,4,0.05,10,0.076,10,0.048,12,0.043,19,0.059,38,0.108,27,0.075,29,0.08,24,0.065,15,0.04,19,0.052,14,0.048,20,0.082,14,0.066,8,0.049,8,0.067
Region 9,Region 9,100,0.993,35,0.768,24,0.844,10,0.505,19,1.019,21,0.611,62,0.744,150,0.858,236,0.761,274,0.797,260,0.919,299,1.122,325,1.116,392,1.207,352,1.077,385,1.122,424,1.099,595,1.316,609,1.341,435,1.22,321,1.166,289,1.208,202,0.981,123,0.8,134,1.002,49,0.834,18,0.501,11,0.444,21,0.993,30,0.877,65,0.818,134,0.85,209,0.836,293,1.052,287,1.079,308,1.13,368,1.214,425,1.241,455,1.262,458,1.198,483,1.164,534,1.175,527,1.16,414,1.114,338,1.172,242,0.992,214,0.959,136,0.688,140,0.573,79,0.531,34,0.399,21,0.336,23,0.608,28,0.958,54,1.297,89,1.233,126,1.138,226,1.374,320,1.361,414,1.391,412,1.242,489,1.357,549,1.501,548,1.446,545,1.382,518,1.277,471,1.213,391,1.191,322,1.19,270,1.077,199,0.834,161,0.757,166,0.73,92,0.605,44,0.456,29,0.388,16,0.383,22,0.704,55,1.469,65,1.162,110,1.369,178,1.361,293,1.402,408,1.46,481,1.506,604,1.722,565,1.563,604,1.661,544,1.466,578,1.53,547,1.5,392,1.34,312,1.277,249,1.171,165,1.006,90,0.754
Region 9,Region 10,16,0.159,13,0.285,6,0.211,2,0.101,4,0.215,4,0.116,11,0.132,19,0.109,32,0.103,44,0.128,31,0.11,33,0.124,27,0.093,33,0.102,46,0.141,74,0.216,62,0.161,53,0.117,53,0.117,37,0.104,17,0.062,17,0.071,17,0.083,15,0.098,21,0.157,15,0.255,7,0.195,4,0.162,1,0.047,11,0.321,12,0.151,23,0.146,32,0.128,32,0.115,35,0.132,38,0.139,29,0.096,48,0.14,59,0.164,49,0.128,50,0.121,67,0.147,35,0.077,26,0.07,25,0.087,17,0.07,22,0.099,24,0.121,31,0.127,13,0.087,10,0.117,7,0.112,5,0.132,3,0.103,7,0.168,8,0.111,10,0.09,25,0.152,18,0.077,22,0.074,22,0.066,40,0.111,35,0.096,31,0.082,37,0.094,35,0.086,37,0.095,17,0.052,20,0.074,18,0.072,26,0.109,27,0.127,11,0.048,15,0.099,5,0.052,3,0.04,2,0.048,4,0.128,10,0.267,10,0.179,13,0.162,15,0.115,21,0.1,24,0.086,32,0.1,42,0.12,43,0.119,65,0.179,39,0.105,42,0.111,29,0.08,30,0.103,29,0.119,15,0.071,24,0.146,19,0.159
Region 9,Region 11,0,0,0,0,0,0,0,0,0,0,0,0,0,0,0,0,2,0.006,2,0.006,1,0.004,0,0,0,0,0,0,0,0,0,0,2,0.005,4,0.009,2,0.004,2,0.006,0,0,1,0.004,0,0,1,0.007,0,0,0,0,0,0,1,0.04,2,0.095,0,0,1,0.013,0,0,0,0,0,0,0,0,1,0.004,0,0,0,0,1,0.003,0,0,1,0.002,0,0,1,0.002,4,0.011,1,0.003,0,0,1,0.004,0,0,0,0,0,0,1,0.012,1,0.016,0,0,0,0,0,0,0,0,2,0.018,2,0.012,1,0.004,0,0,0,0,0,0,4,0.011,0,0,0,0,2,0.005,3,0.008,0,0,1,0.004,1,0.004,2,0.008,1,0.005,1,0.004,0,0,0,0,0,0,0,0,0,0,0,0,0,0,0,0,0,0,0,0,0,0,2,0.006,0,0,1,0.003,0,0,2,0.005,0,0,1,0.003,1,0.003,1,0.004,0,0,1,0.006,0,0
Region 9,Region 12,19,0.189,12,0.263,8,0.281,4,0.202,3,0.161,10,0.291,15,0.18,28,0.16,46,0.148,47,0.137,42,0.149,33,0.124,53,0.182,43,0.132,48,0.147,57,0.166,68,0.176,73,0.161,67,0.148,38,0.107,33,0.12,27,0.113,20,0.097,20,0.13,24,0.179,17,0.289,13,0.362,8,0.323,2,0.095,9,0.263,21,0.264,31,0.197,35,0.14,36,0.129,35,0.132,40,0.147,50,0.165,43,0.126,64,0.177,64,0.167,65,0.157,57,0.125,66,0.145,48,0.129,34,0.118,38,0.156,25,0.112,21,0.106,24,0.098,16,0.107,7,0.082,7,0.112,5,0.132,8,0.274,13,0.312,13,0.18,34,0.307,34,0.207,23,0.098,34,0.114,53,0.16,47,0.13,54,0.148,50,0.132,60,0.152,50,0.123,48,0.124,52,0.158,39,0.144,26,0.104,23,0.096,21,0.099,22,0.097,22,0.145,7,0.072,12,0.161,3,0.072,12,0.384,27,0.721,29,0.518,39,0.485,38,0.291,25,0.12,37,0.132,42,0.131,58,0.165,62,0.172,51,0.14,55,0.148,72,0.191,69,0.189,40,0.137,37,0.151,33,0.155,30,0.183,17,0.142
Region 9,Region 13,2,0.02,5,0.11,0,0,1,0.051,0,0,0,0,4,0.048,13,0.074,28,0.09,20,0.058,10,0.035,9,0.034,13,0.045,9,0.028,13,0.04,12,0.035,21,0.054,18,0.04,16,0.035,11,0.031,11,0.04,9,0.038,10,0.049,11,0.072,8,0.06,4,0.068,3,0.083,1,0.04,2,0.095,6,0.175,3,0.038,9,0.057,14,0.056,21,0.075,13,0.049,13,0.048,15,0.049,12,0.035,8,0.022,16,0.042,15,0.036,21,0.046,21,0.046,18,0.048,12,0.042,12,0.049,9,0.04,7,0.035,12,0.049,0,0,4,0.047,2,0.032,2,0.053,2,0.068,7,0.168,3,0.042,5,0.045,4,0.024,13,0.055,20,0.067,16,0.048,12,0.033,19,0.052,19,0.05,19,0.048,21,0.052,17,0.044,8,0.024,11,0.041,15,0.06,8,0.034,12,0.056,13,0.057,3,0.02,4,0.041,2,0.027,3,0.072,4,0.128,3,0.08,2,0.036,2,0.025,6,0.046,8,0.038,20,0.072,20,0.063,24,0.068,14,0.039,21,0.058,25,0.067,19,0.05,15,0.041,17,0.058,10,0.041,11,0.052,6,0.037,6,0.05
Region 9,Region 14,4,0.04,4,0.088,1,0.035,0,0,0,0,3,0.087,2,0.024,2,0.011,7,0.023,11,0.032,6,0.021,5,0.019,6,0.021,9,0.028,12,0.037,15,0.044,13,0.034,19,0.042,14,0.031,10,0.028,9,0.033,15,0.063,12,0.058,4,0.026,3,0.022,4,0.068,3,0.083,0,0,2,0.095,3,0.088,2,0.025,3,0.019,9,0.036,10,0.036,7,0.026,10,0.037,5,0.016,12,0.035,9,0.025,9,0.024,12,0.029,16,0.035,16,0.035,10,0.027,9,0.031,6,0.025,7,0.031,3,0.015,3,0.012,1,0.007,2,0.023,0,0,0,0,1,0.034,6,0.144,0,0,1,0.009,6,0.036,10,0.043,6,0.02,4,0.012,6,0.017,9,0.025,14,0.037,12,0.03,15,0.037,9,0.023,12,0.037,6,0.022,6,0.024,7,0.029,7,0.033,1,0.004,1,0.007,0,0,1,0.013,3,0.072,3,0.096,0,0,1,0.018,2,0.025,3,0.023,7,0.033,4,0.014,5,0.016,5,0.014,18,0.05,17,0.047,17,0.046,9,0.024,7,0.019,6,0.021,6,0.025,6,0.028,2,0.012,2,0.017
Region 9,Region 15,1,0.01,0,0,0,0,0,0,0,0,0,0,0,0,0,0,0,0,0,0,1,0.004,1,0.004,1,0.003,1,0.003,0,0,1,0.003,2,0.005,0,0,0,0,0,0,2,0.007,1,0.004,1,0.005,0,0,2,0.015,0,0,0,0,0,0,0,0,0,0,1,0.013,1,0.006,2,0.008,1,0.004,1,0.004,1,0.004,0,0,0,0,0,0,0,0,2,0.005,2,0.004,0,0,0,0,0,0,1,0.004,2,0.009,0,0,0,0,0,0,0,0,0,0,1,0.026,0,0,0,0,1,0.014,1,0.009,1,0.006,1,0.004,1,0.003,1,0.003,2,0.006,3,0.008,1,0.003,0,0,1,0.002,2,0.005,0,0,0,0,0,0,2,0.008,2,0.009,0,0,0,0,0,0,0,0,0,0,0,0,2,0.053,1,0.018,0,0,0,0,1,0.005,2,0.007,0,0,0,0,2,0.006,0,0,1,0.003,1,0.003,0,0,1,0.003,2,0.008,0,0,0,0,0,0
Region 9,Region 16,0,0,0,0,0,0,0,0,0,0,0,0,0,0,0,0,5,0.016,5,0.015,4,0.014,5,0.019,1,0.003,2,0.006,2,0.006,6,0.017,7,0.018,12,0.027,16,0.035,13,0.036,5,0.018,3,0.013,1,0.005,1,0.007,1,0.007,1,0.017,1,0.028,0,0,0,0,0,0,0,0,3,0.019,5,0.02,4,0.014,5,0.019,5,0.018,7,0.023,5,0.015,3,0.008,6,0.016,12,0.029,20,0.044,12,0.026,7,0.019,5,0.017,5,0.02,2,0.009,1,0.005,0,0,0,0,0,0,0,0,0,0,0,0,0,0,0,0,1,0.009,0,0,3,0.013,4,0.013,4,0.012,9,0.025,12,0.033,6,0.016,6,0.015,7,0.017,3,0.008,2,0.006,1,0.004,2,0.008,0,0,1,0.005,0,0,1,0.007,0,0,0,0,0,0,1,0.032,0,0,0,0,0,0,0,0,5,0.024,6,0.021,4,0.013,6,0.017,6,0.017,8,0.022,9,0.024,6,0.016,12,0.033,2,0.007,3,0.012,7,0.033,0,0,0,0
Region 9,Region 17,12,0.119,11,0.241,8,0.281,1,0.051,4,0.215,14,0.407,22,0.264,42,0.24,91,0.293,90,0.262,47,0.166,26,0.098,22,0.076,28,0.086,35,0.107,34,0.099,64,0.166,78,0.173,91,0.2,36,0.101,33,0.12,19,0.079,18,0.087,28,0.182,24,0.179,20,0.34,24,0.668,6,0.242,7,0.331,18,0.526,32,0.403,38,0.241,47,0.188,44,0.158,25,0.094,53,0.194,36,0.119,34,0.099,73,0.202,77,0.201,99,0.239,151,0.332,139,0.306,77,0.207,35,0.121,25,0.102,22,0.099,20,0.101,29,0.119,14,0.094,16,0.188,8,0.128,4,0.106,8,0.274,11,0.264,16,0.222,22,0.199,18,0.109,22,0.094,29,0.097,38,0.115,31,0.086,26,0.071,36,0.095,32,0.081,64,0.158,49,0.126,15,0.046,29,0.107,28,0.112,23,0.096,18,0.085,24,0.106,13,0.085,16,0.166,6,0.08,3,0.072,6,0.192,11,0.294,11,0.197,18,0.224,20,0.153,17,0.081,25,0.089,34,0.106,35,0.1,40,0.111,63,0.173,77,0.208,105,0.278,73,0.2,64,0.219,46,0.188,19,0.089,21,0.128,31,0.26
Region 9,Region 18,0,0,0,0,0,0,1,0.051,1,0.054,0,0,2,0.024,0,0,3,0.01,1,0.003,0,0,0,0,1,0.003,0,0,0,0,1,0.003,0,0,0,0,0,0,0,0,0,0,0,0,2,0.01,0,0,1,0.007,0,0,0,0,0,0,1,0.047,1,0.029,1,0.013,1,0.006,0,0,3,0.011,1,0.004,1,0.004,2,0.007,0,0,1,0.003,2,0.005,4,0.01,1,0.002,0,0,4,0.011,0,0,0,0,2,0.009,1,0.005,0,0,0,0,1,0.012,1,0.016,0,0,0,0,0,0,0,0,0,0,0,0,0,0,1,0.003,1,0.003,2,0.006,1,0.003,1,0.003,2,0.005,0,0,0,0,0,0,1,0.004,2,0.008,1,0.004,0,0,1,0.004,0,0,0,0,0,0,0,0,0,0,1,0.027,0,0,1,0.012,1,0.008,0,0,0,0,0,0,1,0.003,0,0,1,0.003,1,0.003,0,0,1,0.003,1,0.003,3,0.012,1,0.005,0,0,0,0
Region 9,Region 19,0,0,2,0.044,0,0,1,0.051,0,0,0,0,2,0.024,2,0.011,3,0.01,3,0.009,2,0.007,0,0,0,0,2,0.006,3,0.009,5,0.015,10,0.026,11,0.024,1,0.002,9,0.025,6,0.022,6,0.025,6,0.029,2,0.013,2,0.015,0,0,1,0.028,0,0,0,0,1,0.029,3,0.038,1,0.006,0,0,2,0.007,0,0,5,0.018,3,0.01,0,0,1,0.003,5,0.013,6,0.014,6,0.013,2,0.004,2,0.005,2,0.007,1,0.004,5,0.022,2,0.01,5,0.02,3,0.02,0,0,0,0,0,0,0,0,0,0,1,0.014,3,0.027,2,0.012,2,0.009,6,0.02,4,0.012,3,0.008,4,0.011,2,0.005,4,0.01,3,0.007,2,0.005,2,0.006,4,0.015,5,0.02,5,0.021,2,0.009,2,0.009,1,0.007,2,0.021,0,0,0,0,2,0.064,1,0.027,1,0.018,3,0.037,2,0.015,1,0.005,5,0.018,6,0.019,0,0,8,0.022,6,0.017,7,0.019,2,0.005,5,0.014,3,0.01,4,0.016,1,0.005,2,0.012,2,0.017
Region 9,Region 20,8,0.079,7,0.154,4,0.141,2,0.101,5,0.268,2,0.058,5,0.06,13,0.074,29,0.094,24,0.07,16,0.057,18,0.068,13,0.045,9,0.028,15,0.046,19,0.055,17,0.044,24,0.053,15,0.033,17,0.048,12,0.044,13,0.054,12,0.058,15,0.098,9,0.067,10,0.17,13,0.362,0,0,2,0.095,5,0.146,7,0.088,14,0.089,17,0.068,18,0.065,15,0.056,15,0.055,12,0.04,18,0.053,24,0.067,28,0.073,33,0.08,23,0.051,19,0.042,21,0.057,18,0.062,20,0.082,12,0.054,14,0.071,18,0.074,9,0.06,10,0.117,1,0.016,2,0.053,4,0.137,4,0.096,5,0.069,9,0.081,11,0.067,15,0.064,18,0.06,10,0.03,18,0.05,17,0.046,23,0.061,13,0.033,19,0.047,18,0.046,9,0.027,6,0.022,8,0.032,9,0.038,13,0.061,23,0.101,15,0.099,14,0.145,3,0.04,2,0.048,2,0.064,3,0.08,6,0.107,4,0.05,7,0.054,9,0.043,10,0.036,14,0.044,17,0.048,21,0.058,22,0.061,18,0.049,15,0.04,12,0.033,18,0.062,21,0.086,15,0.071,22,0.134,18,0.151
Region 9,Region 21,0,0,0,0,1,0.035,0,0,0,0,1,0.029,1,0.012,1,0.006,2,0.006,9,0.026,4,0.014,5,0.019,9,0.031,6,0.018,5,0.015,4,0.012,11,0.029,13,0.029,19,0.042,13,0.036,14,0.051,10,0.042,8,0.039,3,0.02,1,0.007,2,0.034,1,0.028,0,0,0,0,1,0.029,1,0.013,0,0,4,0.016,3,0.011,4,0.015,8,0.029,3,0.01,5,0.015,10,0.028,14,0.037,16,0.039,14,0.031,18,0.04,17,0.046,8,0.028,3,0.012,3,0.013,4,0.02,2,0.008,2,0.013,1,0.012,1,0.016,0,0,0,0,1,0.024,0,0,2,0.018,6,0.036,4,0.017,9,0.03,6,0.018,7,0.019,13,0.036,12,0.032,10,0.025,11,0.027,12,0.031,9,0.027,4,0.015,7,0.028,2,0.008,2,0.009,1,0.004,1,0.007,2,0.021,0,0,0,0,0,0,1,0.027,0,0,1,0.012,4,0.031,8,0.038,14,0.05,9,0.028,9,0.026,10,0.028,13,0.036,12,0.032,10,0.026,8,0.022,9,0.031,11,0.045,11,0.052,4,0.024,3,0.025
Region 9,Region 22,19,0.189,6,0.132,7,0.246,2,0.101,5,0.268,3,0.087,13,0.156,21,0.12,53,0.171,63,0.183,59,0.209,50,0.188,72,0.247,84,0.259,78,0.239,93,0.271,104,0.27,119,0.263,105,0.231,91,0.255,67,0.243,50,0.209,39,0.189,20,0.13,35,0.262,12,0.204,9,0.25,6,0.242,4,0.189,5,0.146,19,0.239,24,0.152,49,0.196,81,0.291,56,0.21,55,0.202,87,0.287,92,0.269,92,0.255,127,0.332,121,0.292,129,0.284,135,0.297,114,0.307,63,0.218,55,0.225,47,0.211,46,0.233,42,0.172,19,0.128,8,0.094,6,0.096,10,0.264,9,0.308,13,0.312,11,0.152,19,0.172,37,0.225,48,0.204,70,0.235,86,0.259,94,0.261,89,0.243,98,0.259,109,0.276,109,0.269,112,0.288,73,0.222,56,0.207,51,0.204,49,0.205,41,0.193,35,0.154,22,0.145,8,0.083,4,0.054,7,0.168,9,0.288,12,0.321,7,0.125,9,0.112,32,0.245,58,0.277,72,0.258,67,0.21,84,0.239,95,0.263,105,0.289,97,0.261,124,0.328,110,0.302,90,0.308,56,0.229,51,0.24,34,0.207,22,0.184
Region 9,Region 23,10,0.099,6,0.132,4,0.141,3,0.152,2,0.107,6,0.175,7,0.084,8,0.046,15,0.048,15,0.044,7,0.025,11,0.041,8,0.027,8,0.025,9,0.028,15,0.044,24,0.062,32,0.071,26,0.057,12,0.034,8,0.029,13,0.054,10,0.049,2,0.013,9,0.067,5,0.085,2,0.056,1,0.04,2,0.095,4,0.117,6,0.076,12,0.076,5,0.02,10,0.036,16,0.06,20,0.073,14,0.046,11,0.032,18,0.05,29,0.076,23,0.055,18,0.04,16,0.035,12,0.032,11,0.038,8,0.033,4,0.018,5,0.025,6,0.025,7,0.047,9,0.106,5,0.08,7,0.185,4,0.137,4,0.096,4,0.055,6,0.054,14,0.085,15,0.064,10,0.034,14,0.042,17,0.047,20,0.055,19,0.05,16,0.041,14,0.035,15,0.039,10,0.03,9,0.033,6,0.024,8,0.034,3,0.014,7,0.031,3,0.02,8,0.083,6,0.08,2,0.048,5,0.16,4,0.107,2,0.036,5,0.062,7,0.054,11,0.053,11,0.039,12,0.038,16,0.046,31,0.086,25,0.069,17,0.046,12,0.032,14,0.038,15,0.051,10,0.041,11,0.052,7,0.043,6,0.05
Region 9,Region 24,3,0.03,0,0,1,0.035,0,0,1,0.054,1,0.029,5,0.06,13,0.074,44,0.142,51,0.148,46,0.163,40,0.15,40,0.137,45,0.139,49,0.15,53,0.155,84,0.218,93,0.206,91,0.2,58,0.163,25,0.091,22,0.092,21,0.102,16,0.104,4,0.03,2,0.034,2,0.056,1,0.04,0,0,3,0.088,4,0.05,7,0.044,27,0.108,41,0.147,39,0.147,47,0.172,37,0.122,45,0.131,54,0.15,63,0.165,109,0.263,76,0.167,85,0.187,67,0.18,29,0.101,30,0.123,13,0.058,5,0.025,7,0.029,5,0.034,1,0.012,1,0.016,2,0.053,0,0,1,0.024,6,0.083,15,0.135,27,0.164,45,0.191,58,0.195,68,0.205,56,0.155,49,0.134,47,0.124,65,0.165,67,0.165,53,0.137,50,0.152,44,0.163,44,0.176,18,0.075,12,0.056,7,0.031,5,0.033,6,0.062,5,0.067,1,0.024,5,0.16,1,0.027,2,0.036,6,0.075,16,0.122,39,0.187,46,0.165,63,0.197,58,0.165,58,0.16,61,0.168,79,0.213,55,0.146,47,0.129,42,0.144,29,0.119,34,0.16,19,0.116,4,0.033
Region 9,Region 25,1,0.01,1,0.022,2,0.07,0,0,0,0,0,0,2,0.024,2,0.011,2,0.006,4,0.012,2,0.007,3,0.011,2,0.007,2,0.006,1,0.003,2,0.006,5,0.013,1,0.002,4,0.009,1,0.003,2,0.007,0,0,0,0,2,0.013,0,0,0,0,0,0,0,0,0,0,1,0.029,1,0.013,1,0.006,0,0,2,0.007,1,0.004,0,0,1,0.003,2,0.006,1,0.003,2,0.005,2,0.005,1,0.002,3,0.007,2,0.005,2,0.007,3,0.012,1,0.004,0,0,1,0.004,1,0.007,2,0.023,2,0.032,0,0,0,0,0,0,0,0,3,0.027,2,0.012,2,0.009,1,0.003,0,0,0,0,3,0.008,1,0.003,1,0.003,1,0.002,3,0.008,1,0.003,0,0,3,0.012,0,0,1,0.005,0,0,1,0.007,1,0.01,0,0,0,0,0,0,0,0,0,0,0,0,1,0.008,3,0.014,3,0.011,2,0.006,1,0.003,4,0.011,2,0.006,2,0.005,4,0.011,3,0.008,1,0.003,0,0,1,0.005,1,0.006,0,0
Region 10,Region 0,9,0.089,6,0.132,1,0.035,0,0,1,0.054,1,0.029,13,0.156,18,0.103,40,0.129,38,0.111,19,0.067,19,0.071,25,0.086,22,0.068,25,0.077,23,0.067,27,0.07,32,0.071,30,0.066,28,0.078,13,0.047,17,0.071,18,0.087,16,0.104,8,0.06,8,0.136,2,0.056,1,0.04,2,0.095,1,0.029,6,0.076,13,0.082,18,0.072,21,0.075,26,0.098,22,0.081,16,0.053,26,0.076,21,0.058,35,0.092,33,0.08,28,0.062,18,0.04,21,0.057,11,0.038,23,0.094,22,0.099,7,0.035,5,0.02,5,0.034,6,0.07,3,0.048,0,0,0,0,3,0.072,4,0.055,9,0.081,23,0.14,15,0.064,13,0.044,24,0.072,22,0.061,23,0.063,26,0.069,22,0.056,17,0.042,19,0.049,15,0.046,12,0.044,10,0.04,14,0.059,10,0.047,13,0.057,17,0.112,8,0.083,3,0.04,2,0.048,2,0.064,1,0.027,7,0.125,4,0.05,7,0.054,17,0.081,17,0.061,20,0.063,27,0.077,29,0.08,35,0.096,24,0.065,19,0.05,22,0.06,18,0.062,13,0.053,21,0.099,11,0.067,10,0.084
Region 10,Region 1,52,0.516,18,0.395,9,0.317,6,0.303,4,0.215,9,0.262,33,0.396,68,0.389,161,0.519,183,0.532,133,0.47,121,0.454,152,0.522,178,0.548,145,0.444,165,0.481,174,0.451,242,0.535,254,0.559,238,0.667,147,0.534,130,0.544,131,0.636,100,0.65,67,0.501,31,0.527,20,0.556,9,0.364,3,0.142,9,0.263,26,0.327,76,0.482,119,0.476,126,0.452,90,0.338,118,0.433,146,0.482,166,0.485,155,0.43,184,0.481,207,0.499,262,0.576,261,0.575,231,0.622,171,0.593,144,0.59,116,0.52,117,0.592,123,0.503,66,0.443,63,0.739,29,0.464,24,0.634,16,0.548,8,0.192,26,0.36,31,0.28,71,0.432,108,0.459,145,0.487,183,0.552,187,0.519,186,0.508,203,0.536,237,0.601,307,0.757,256,0.659,182,0.554,172,0.636,166,0.662,173,0.725,139,0.653,118,0.519,79,0.519,59,0.611,33,0.442,12,0.287,6,0.192,8,0.214,13,0.232,29,0.361,50,0.382,102,0.488,152,0.544,168,0.526,181,0.516,157,0.434,158,0.435,199,0.536,200,0.53,197,0.54,174,0.595,143,0.585,116,0.545,80,0.488,31,0.26
Region 10,Region 2,6,0.06,3,0.066,0,0,0,0,0,0,6,0.175,11,0.132,20,0.114,59,0.19,60,0.175,22,0.078,24,0.09,31,0.106,26,0.08,34,0.104,23,0.067,42,0.109,48,0.106,75,0.165,52,0.146,27,0.098,18,0.075,13,0.063,13,0.085,9,0.067,2,0.034,4,0.111,3,0.121,3,0.142,3,0.088,13,0.164,24,0.152,32,0.128,37,0.133,21,0.079,20,0.073,27,0.089,22,0.064,24,0.067,25,0.065,42,0.101,49,0.108,41,0.09,27,0.073,24,0.083,26,0.107,33,0.148,37,0.187,17,0.07,17,0.114,8,0.094,3,0.048,6,0.159,4,0.137,2,0.048,1,0.014,18,0.163,15,0.091,22,0.094,23,0.077,29,0.087,27,0.075,37,0.101,54,0.142,80,0.203,111,0.274,89,0.229,60,0.183,32,0.118,23,0.092,29,0.122,22,0.103,15,0.066,11,0.072,7,0.072,7,0.094,3,0.072,2,0.064,1,0.027,3,0.054,9,0.112,11,0.084,25,0.12,21,0.075,24,0.075,24,0.068,25,0.069,34,0.094,33,0.089,20,0.053,25,0.069,21,0.072,25,0.102,21,0.099,12,0.073,12,0.1
Region 10,Region 3,3,0.03,2,0.044,1,0.035,0,0,1,0.054,1,0.029,3,0.036,5,0.029,14,0.045,13,0.038,19,0.067,18,0.068,12,0.041,17,0.052,17,0.052,26,0.076,27,0.07,24,0.053,14,0.031,11,0.031,17,0.062,12,0.05,9,0.044,8,0.052,2,0.015,0,0,0,0,1,0.04,0,0,0,0,1,0.013,3,0.019,10,0.04,5,0.018,4,0.015,17,0.062,18,0.059,20,0.058,10,0.028,18,0.047,20,0.048,21,0.046,15,0.033,15,0.04,10,0.035,13,0.053,11,0.049,8,0.04,7,0.029,4,0.027,3,0.035,3,0.048,1,0.026,0,0,0,0,5,0.069,5,0.045,11,0.067,17,0.072,18,0.06,15,0.045,23,0.064,18,0.049,18,0.047,25,0.063,30,0.074,23,0.059,23,0.07,19,0.07,9,0.036,11,0.046,11,0.052,10,0.044,2,0.013,3,0.031,1,0.013,2,0.048,1,0.032,0,0,3,0.054,6,0.075,12,0.092,16,0.077,24,0.086,24,0.075,25,0.071,31,0.086,29,0.08,32,0.086,40,0.106,41,0.112,25,0.085,14,0.057,16,0.075,20,0.122,15,0.126
Region 10,Region 4,6,0.06,2,0.044,0,0,1,0.051,1,0.054,4,0.116,7,0.084,14,0.08,13,0.042,20,0.058,21,0.074,11,0.041,11,0.038,12,0.037,14,0.043,15,0.044,22,0.057,37,0.082,28,0.062,17,0.048,16,0.058,10,0.042,15,0.073,11,0.072,5,0.037,4,0.068,0,0,0,0,2,0.095,2,0.058,3,0.038,7,0.044,6,0.024,7,0.025,13,0.049,14,0.051,19,0.063,12,0.035,19,0.053,23,0.06,18,0.043,33,0.073,26,0.057,26,0.07,11,0.038,24,0.098,18,0.081,10,0.051,26,0.106,5,0.034,3,0.035,3,0.048,1,0.026,5,0.171,1,0.024,3,0.042,7,0.063,9,0.055,18,0.077,17,0.057,27,0.081,35,0.097,29,0.079,18,0.047,27,0.068,22,0.054,24,0.062,18,0.055,21,0.078,14,0.056,29,0.122,36,0.169,27,0.119,9,0.059,3,0.031,3,0.04,5,0.12,0,0,1,0.027,4,0.071,4,0.05,9,0.069,17,0.081,20,0.072,23,0.072,18,0.051,22,0.061,34,0.094,42,0.113,35,0.093,28,0.077,24,0.082,20,0.082,25,0.118,14,0.085,11,0.092
Region 10,Region 5,13,0.129,2,0.044,4,0.141,2,0.101,3,0.161,27,0.786,54,0.648,90,0.515,134,0.432,117,0.34,96,0.339,98,0.368,106,0.364,89,0.274,81,0.248,71,0.207,65,0.169,61,0.135,63,0.139,48,0.135,48,0.174,54,0.226,50,0.243,21,0.137,19,0.142,4,0.068,3,0.083,6,0.242,5,0.236,15,0.438,55,0.692,74,0.47,97,0.388,107,0.384,85,0.32,84,0.308,81,0.267,65,0.19,60,0.166,97,0.254,64,0.154,49,0.108,56,0.123,81,0.218,59,0.205,51,0.209,51,0.229,30,0.152,31,0.127,12,0.081,6,0.07,7,0.112,2,0.053,3,0.103,29,0.696,31,0.43,42,0.379,73,0.444,99,0.421,104,0.35,135,0.407,115,0.319,119,0.325,117,0.309,117,0.297,103,0.254,101,0.26,91,0.277,80,0.296,64,0.255,63,0.264,50,0.235,44,0.193,22,0.145,13,0.135,9,0.121,2,0.048,7,0.224,6,0.16,26,0.465,47,0.585,61,0.466,97,0.464,121,0.433,116,0.363,92,0.262,117,0.324,122,0.336,117,0.315,157,0.416,149,0.409,121,0.414,96,0.393,87,0.409,60,0.366,44,0.368
Region 10,Region 6,23,0.228,11,0.241,11,0.387,3,0.152,4,0.215,6,0.175,8,0.096,23,0.132,25,0.081,51,0.148,46,0.163,45,0.169,52,0.179,63,0.194,63,0.193,50,0.146,72,0.187,100,0.221,112,0.247,88,0.247,69,0.251,48,0.201,48,0.233,19,0.124,22,0.164,9,0.153,9,0.25,4,0.162,4,0.189,3,0.088,5,0.063,12,0.076,24,0.096,26,0.093,43,0.162,59,0.216,65,0.214,70,0.204,74,0.205,94,0.246,115,0.277,117,0.257,106,0.233,90,0.242,73,0.253,73,0.299,30,0.134,39,0.197,28,0.115,26,0.175,10,0.117,3,0.048,9,0.238,2,0.068,6,0.144,6,0.083,13,0.117,16,0.097,35,0.149,52,0.175,67,0.202,86,0.239,72,0.197,76,0.201,89,0.226,83,0.205,96,0.247,59,0.18,68,0.251,57,0.227,33,0.138,34,0.16,25,0.11,23,0.151,10,0.104,10,0.134,4,0.096,2,0.064,1,0.027,5,0.089,4,0.05,17,0.13,34,0.163,64,0.229,57,0.178,72,0.205,79,0.219,72,0.198,76,0.205,66,0.175,84,0.23,66,0.226,68,0.278,55,0.259,34,0.207,23,0.193
Region 10,Region 7,20,0.199,10,0.219,5,0.176,4,0.202,7,0.376,18,0.524,43,0.516,81,0.463,89,0.287,80,0.233,70,0.248,71,0.267,85,0.292,79,0.243,93,0.285,111,0.324,100,0.259,101,0.223,111,0.244,98,0.275,42,0.153,44,0.184,44,0.214,27,0.176,24,0.179,11,0.187,7,0.195,2,0.081,5,0.236,14,0.409,46,0.579,100,0.635,66,0.264,79,0.284,56,0.21,62,0.227,85,0.28,89,0.26,93,0.258,95,0.248,87,0.21,87,0.191,101,0.222,99,0.267,64,0.222,40,0.164,45,0.202,37,0.187,37,0.151,17,0.114,13,0.153,8,0.128,4,0.106,5,0.171,13,0.312,35,0.485,23,0.208,38,0.231,48,0.204,56,0.188,63,0.19,76,0.211,83,0.227,95,0.251,108,0.274,87,0.214,84,0.216,75,0.228,46,0.17,48,0.192,52,0.218,63,0.296,36,0.158,21,0.138,11,0.114,17,0.228,6,0.144,9,0.288,10,0.267,28,0.5,24,0.299,30,0.229,45,0.215,68,0.243,74,0.232,65,0.185,91,0.252,91,0.25,96,0.259,104,0.275,104,0.285,76,0.26,56,0.229,60,0.282,50,0.305,47,0.394
Region 10,Region 8,11,0.109,13,0.285,9,0.317,8,0.404,7,0.376,7,0.204,10,0.12,26,0.149,45,0.145,69,0.201,49,0.173,54,0.203,68,0.233,73,0.225,74,0.227,97,0.283,89,0.231,109,0.241,108,0.238,70,0.196,46,0.167,41,0.171,40,0.194,26,0.169,21,0.157,16,0.272,13,0.362,8,0.323,5,0.236,10,0.292,15,0.189,31,0.197,61,0.244,66,0.237,56,0.21,76,0.279,83,0.274,91,0.266,84,0.233,97,0.254,102,0.246,97,0.213,80,0.176,73,0.197,68,0.236,42,0.172,43,0.193,21,0.106,45,0.184,27,0.181,21,0.246,6,0.096,9,0.238,9,0.308,11,0.264,14,0.194,14,0.126,30,0.182,40,0.17,80,0.269,72,0.217,98,0.272,94,0.257,79,0.208,87,0.221,73,0.18,96,0.247,86,0.262,62,0.229,44,0.176,28,0.117,30,0.141,36,0.158,27,0.177,20,0.207,14,0.187,10,0.24,6,0.192,4,0.107,6,0.107,16,0.199,21,0.161,56,0.268,73,0.261,68,0.213,80,0.228,95,0.263,86,0.237,70,0.189,60,0.159,57,0.156,40,0.137,28,0.115,27,0.127,32,0.195,22,0.184
Region 10,Region 9,7,0.069,6,0.132,3,0.106,6,0.303,10,0.536,10,0.291,28,0.336,36,0.206,36,0.116,25,0.073,24,0.085,29,0.109,25,0.086,34,0.105,32,0.098,26,0.076,38,0.099,42,0.093,28,0.062,18,0.05,19,0.069,23,0.096,22,0.107,10,0.065,9,0.067,9,0.153,3,0.083,2,0.081,8,0.378,27,0.789,17,0.214,30,0.19,31,0.124,25,0.09,19,0.071,30,0.11,26,0.086,33,0.096,23,0.064,31,0.081,37,0.089,36,0.079,22,0.048,15,0.04,17,0.059,17,0.07,10,0.045,12,0.061,10,0.041,11,0.074,8,0.094,7,0.112,10,0.264,14,0.479,24,0.576,19,0.263,23,0.208,25,0.152,27,0.115,36,0.121,42,0.127,51,0.141,48,0.131,53,0.14,52,0.132,35,0.086,26,0.067,29,0.088,28,0.104,22,0.088,25,0.105,13,0.061,6,0.026,5,0.033,3,0.031,6,0.08,10,0.24,20,0.64,17,0.454,16,0.286,15,0.187,29,0.222,34,0.163,48,0.172,74,0.232,65,0.185,60,0.166,42,0.116,45,0.121,53,0.14,38,0.104,24,0.082,19,0.078,15,0.071,18,0.11,10,0.084
Region 10,Region 10,171,1.698,89,1.952,69,2.427,52,2.628,59,3.165,75,2.183,156,1.871,292,1.671,495,1.596,579,1.684,529,1.871,533,2.001,608,2.087,714,2.198,710,2.173,718,2.093,737,1.911,964,2.132,804,1.77,579,1.623,455,1.652,390,1.631,354,1.72,227,1.476,223,1.667,107,1.82,61,1.697,71,2.869,63,2.979,65,1.899,145,1.826,276,1.751,456,1.825,514,1.845,524,1.97,565,2.072,645,2.127,711,2.076,777,2.154,780,2.04,803,1.936,871,1.916,811,1.785,591,1.591,446,1.547,370,1.517,369,1.653,246,1.245,317,1.297,255,1.713,118,1.384,95,1.52,83,2.193,57,1.951,62,1.489,84,1.164,175,1.58,278,1.69,384,1.633,545,1.832,636,1.917,691,1.917,673,1.84,642,1.694,688,1.745,693,1.709,583,1.502,469,1.428,405,1.497,362,1.445,336,1.408,256,1.203,262,1.152,178,1.17,130,1.346,82,1.098,71,1.701,64,2.049,53,1.416,70,1.251,91,1.133,238,1.82,339,1.622,523,1.872,614,1.922,631,1.799,668,1.848,685,1.884,642,1.73,659,1.745,573,1.571,446,1.525,320,1.31,328,1.542,259,1.579,174,1.457
Region 10,Region 11,2,0.02,4,0.088,0,0,0,0,1,0.054,1,0.029,0,0,1,0.006,6,0.019,3,0.009,4,0.014,7,0.026,3,0.01,4,0.012,11,0.034,7,0.02,16,0.041,11,0.024,11,0.024,12,0.034,8,0.029,4,0.017,6,0.029,3,0.02,3,0.022,2,0.034,0,0,0,0,1,0.047,0,0,0,0,1,0.006,1,0.004,5,0.018,4,0.015,2,0.007,6,0.02,7,0.02,10,0.028,6,0.016,17,0.041,12,0.026,8,0.018,5,0.013,4,0.014,3,0.012,3,0.013,2,0.01,3,0.012,0,0,2,0.023,0,0,0,0,0,0,0,0,0,0,4,0.036,3,0.018,3,0.013,4,0.013,10,0.03,6,0.017,7,0.019,6,0.016,6,0.015,7,0.017,5,0.013,6,0.018,4,0.015,3,0.012,2,0.008,2,0.009,2,0.009,5,0.033,4,0.041,0,0,0,0,1,0.032,1,0.027,1,0.018,2,0.025,6,0.046,6,0.029,4,0.014,2,0.006,2,0.006,4,0.011,2,0.006,4,0.011,3,0.008,9,0.025,5,0.017,5,0.02,8,0.038,10,0.061,3,0.025
Region 10,Region 12,15,0.149,4,0.088,5,0.176,5,0.253,2,0.107,7,0.204,35,0.42,53,0.303,69,0.223,81,0.236,53,0.187,38,0.143,42,0.144,70,0.215,55,0.168,63,0.184,59,0.153,75,0.166,79,0.174,52,0.146,29,0.105,30,0.125,26,0.126,24,0.156,25,0.187,12,0.204,6,0.167,5,0.202,7,0.331,10,0.292,29,0.365,46,0.292,61,0.244,69,0.248,48,0.18,51,0.187,63,0.208,70,0.204,77,0.214,63,0.165,72,0.174,85,0.187,69,0.152,61,0.164,48,0.166,42,0.172,39,0.175,33,0.167,30,0.123,8,0.054,6,0.07,8,0.128,5,0.132,5,0.171,11,0.264,22,0.305,31,0.28,36,0.219,52,0.221,43,0.145,54,0.163,78,0.216,70,0.191,63,0.166,60,0.152,71,0.175,68,0.175,60,0.183,50,0.185,37,0.148,38,0.159,39,0.183,31,0.136,17,0.112,15,0.155,9,0.121,7,0.168,7,0.224,8,0.214,25,0.447,19,0.237,27,0.206,49,0.234,45,0.161,57,0.178,59,0.168,58,0.16,69,0.19,64,0.172,72,0.191,73,0.2,60,0.205,49,0.201,35,0.165,31,0.189,30,0.251
Region 10,Region 13,24,0.238,15,0.329,12,0.422,4,0.202,5,0.268,10,0.291,28,0.336,62,0.355,134,0.432,104,0.302,85,0.301,74,0.278,84,0.288,91,0.28,83,0.254,80,0.233,118,0.306,150,0.332,117,0.258,84,0.235,63,0.229,60,0.251,55,0.267,24,0.156,37,0.277,17,0.289,7,0.195,2,0.081,2,0.095,10,0.292,21,0.264,57,0.362,56,0.224,88,0.316,77,0.289,76,0.279,94,0.31,103,0.301,74,0.205,131,0.343,137,0.33,106,0.233,76,0.167,103,0.277,68,0.236,61,0.25,51,0.229,40,0.202,47,0.192,32,0.215,20,0.235,13,0.208,6,0.159,6,0.205,4,0.096,15,0.208,25,0.226,41,0.249,69,0.293,106,0.356,118,0.356,116,0.322,94,0.257,107,0.282,101,0.256,96,0.237,92,0.237,101,0.308,69,0.255,68,0.271,58,0.243,43,0.202,39,0.171,29,0.191,16,0.166,18,0.241,10,0.24,8,0.256,9,0.24,8,0.143,19,0.237,28,0.214,57,0.273,87,0.311,120,0.376,103,0.294,117,0.324,104,0.286,112,0.302,110,0.291,104,0.285,74,0.253,67,0.274,76,0.357,49,0.299,34,0.285
Region 10,Region 14,69,0.685,35,0.768,17,0.598,26,1.314,42,2.253,119,3.463,205,2.459,269,1.539,454,1.464,502,1.46,372,1.315,383,1.438,394,1.353,384,1.182,392,1.2,435,1.268,447,1.159,434,0.96,385,0.848,258,0.723,172,0.625,169,0.707,140,0.68,90,0.585,74,0.553,27,0.459,24,0.668,21,0.848,51,2.411,77,2.25,149,1.876,240,1.523,294,1.176,335,1.203,389,1.462,372,1.365,332,1.095,394,1.151,392,1.087,552,1.444,519,1.251,496,1.091,365,0.803,275,0.74,220,0.763,220,0.902,194,0.869,131,0.663,146,0.597,77,0.517,39,0.458,41,0.656,48,1.268,73,2.498,135,3.242,170,2.356,226,2.041,379,2.305,573,2.437,575,1.932,623,1.878,589,1.634,618,1.689,654,1.726,670,1.699,579,1.427,385,0.992,351,1.069,315,1.165,295,1.177,244,1.022,181,0.851,162,0.712,89,0.585,45,0.466,30,0.402,57,1.366,72,2.305,106,2.832,152,2.716,241,3,363,2.775,524,2.507,726,2.598,756,2.367,607,1.731,728,2.014,698,1.92,695,1.873,651,1.724,634,1.738,534,1.826,453,1.854,390,1.834,219,1.336,132,1.105
Region 10,Region 15,4,0.04,1,0.022,0,0,0,0,2,0.107,4,0.116,1,0.012,4,0.023,7,0.023,6,0.017,6,0.021,2,0.008,5,0.017,7,0.022,5,0.015,11,0.032,17,0.044,14,0.031,6,0.013,6,0.017,5,0.018,4,0.017,2,0.01,5,0.033,3,0.022,0,0,1,0.028,1,0.04,3,0.142,2,0.058,1,0.013,3,0.019,1,0.004,2,0.007,5,0.019,3,0.011,3,0.01,4,0.012,6,0.017,10,0.026,13,0.031,12,0.026,4,0.009,6,0.016,4,0.014,3,0.012,4,0.018,3,0.015,5,0.02,3,0.02,1,0.012,0,0,0,0,1,0.034,2,0.048,3,0.042,2,0.018,2,0.012,3,0.013,3,0.01,7,0.021,11,0.031,7,0.019,3,0.008,7,0.018,3,0.007,3,0.008,7,0.021,9,0.033,2,0.008,3,0.013,4,0.019,5,0.022,0,0,1,0.01,1,0.013,1,0.024,0,0,1,0.027,1,0.018,3,0.037,3,0.023,2,0.01,6,0.021,6,0.019,3,0.009,4,0.011,8,0.022,7,0.019,3,0.008,8,0.022,2,0.007,6,0.025,6,0.028,5,0.03,6,0.05
Region 10,Region 16,2,0.02,0,0,1,0.035,0,0,1,0.054,0,0,1,0.012,11,0.063,29,0.094,14,0.041,5,0.018,5,0.019,14,0.048,9,0.028,16,0.049,20,0.058,21,0.054,30,0.066,18,0.04,10,0.028,3,0.011,4,0.017,5,0.024,0,0,2,0.015,0,0,1,0.028,0,0,0,0,0,0,1,0.013,7,0.044,9,0.036,9,0.032,12,0.045,6,0.022,9,0.03,14,0.041,14,0.039,16,0.042,15,0.036,18,0.04,21,0.046,9,0.024,5,0.017,4,0.016,11,0.049,4,0.02,1,0.004,3,0.02,0,0,0,0,0,0,0,0,1,0.024,1,0.014,2,0.018,6,0.036,9,0.038,8,0.027,14,0.042,12,0.033,14,0.038,9,0.024,19,0.048,24,0.059,19,0.049,19,0.058,3,0.011,11,0.044,5,0.021,1,0.005,2,0.009,4,0.026,1,0.01,1,0.013,0,0,0,0,0,0,0,0,2,0.025,3,0.023,8,0.038,8,0.029,9,0.028,16,0.046,22,0.061,22,0.061,29,0.078,28,0.074,24,0.066,12,0.041,16,0.065,12,0.056,8,0.049,2,0.017
Region 10,Region 17,44,0.437,14,0.307,10,0.352,7,0.354,15,0.805,43,1.251,118,1.416,232,1.328,474,1.529,463,1.347,221,0.781,160,0.601,169,0.58,164,0.505,179,0.548,226,0.659,255,0.661,339,0.75,367,0.808,314,0.88,129,0.468,97,0.406,94,0.457,57,0.371,69,0.516,24,0.408,21,0.584,15,0.606,13,0.615,41,1.198,99,1.246,190,1.206,225,0.9,202,0.725,187,0.703,146,0.536,170,0.561,226,0.66,306,0.848,400,1.046,471,1.135,628,1.381,635,1.398,435,1.171,204,0.708,145,0.594,121,0.542,128,0.648,127,0.519,60,0.403,29,0.34,22,0.352,19,0.502,22,0.753,33,0.793,70,0.97,77,0.695,88,0.535,98,0.417,116,0.39,171,0.515,197,0.547,204,0.558,217,0.573,235,0.596,317,0.782,261,0.672,214,0.652,175,0.647,148,0.591,142,0.595,137,0.644,100,0.44,63,0.414,27,0.28,23,0.308,20,0.479,13,0.416,19,0.508,57,1.019,45,0.56,88,0.673,132,0.631,165,0.59,178,0.557,249,0.71,276,0.764,319,0.877,471,1.269,631,1.671,560,1.535,340,1.163,189,0.774,115,0.541,94,0.573,82,0.687
Region 10,Region 18,0,0,1,0.022,1,0.035,2,0.101,1,0.054,0,0,4,0.048,1,0.006,4,0.013,4,0.012,0,0,2,0.008,2,0.007,7,0.022,3,0.009,6,0.017,10,0.026,9,0.02,4,0.009,0,0,0,0,4,0.017,4,0.019,2,0.013,1,0.007,1,0.017,1,0.028,1,0.04,2,0.095,1,0.029,4,0.05,1,0.006,0,0,2,0.007,7,0.026,4,0.015,1,0.003,5,0.015,7,0.019,6,0.016,4,0.01,7,0.015,8,0.018,2,0.005,6,0.021,3,0.012,1,0.004,0,0,2,0.008,0,0,0,0,0,0,0,0,2,0.068,0,0,0,0,1,0.009,1,0.006,1,0.004,1,0.003,2,0.006,7,0.019,4,0.011,7,0.018,4,0.01,4,0.01,7,0.018,4,0.012,5,0.018,6,0.024,3,0.013,3,0.014,0,0,0,0,0,0,0,0,0,0,0,0,0,0,2,0.036,1,0.012,2,0.015,0,0,1,0.004,3,0.009,3,0.009,1,0.003,5,0.014,5,0.013,1,0.003,3,0.008,0,0,2,0.008,1,0.005,0,0,4,0.033
Region 10,Region 19,11,0.109,5,0.11,2,0.07,0,0,0,0,1,0.029,1,0.012,2,0.011,5,0.016,12,0.035,9,0.032,13,0.049,15,0.051,18,0.055,20,0.061,24,0.07,35,0.091,38,0.084,21,0.046,19,0.053,13,0.047,18,0.075,14,0.068,10,0.065,13,0.097,1,0.017,2,0.056,2,0.081,3,0.142,2,0.058,1,0.013,12,0.076,3,0.012,11,0.039,7,0.026,11,0.04,16,0.053,19,0.055,16,0.044,24,0.063,23,0.055,30,0.066,27,0.059,26,0.07,20,0.069,16,0.066,14,0.063,11,0.056,14,0.057,8,0.054,5,0.059,1,0.016,0,0,1,0.034,5,0.12,4,0.055,4,0.036,4,0.024,9,0.038,17,0.057,11,0.033,19,0.053,18,0.049,23,0.061,22,0.056,11,0.027,26,0.067,23,0.07,18,0.067,17,0.068,18,0.075,9,0.042,10,0.044,3,0.02,4,0.041,2,0.027,3,0.072,0,0,3,0.08,2,0.036,6,0.075,2,0.015,8,0.038,18,0.064,15,0.047,15,0.043,21,0.058,20,0.055,27,0.073,24,0.064,19,0.052,21,0.072,9,0.037,8,0.038,7,0.043,7,0.059
Region 10,Region 20,70,0.695,20,0.439,7,0.246,0,0,12,0.644,26,0.757,69,0.828,126,0.721,204,0.658,239,0.695,161,0.569,141,0.529,133,0.457,179,0.551,156,0.478,152,0.443,184,0.477,213,0.471,242,0.533,161,0.451,124,0.45,121,0.506,123,0.597,86,0.559,84,0.628,34,0.578,12,0.334,5,0.202,15,0.709,21,0.614,71,0.894,110,0.698,139,0.556,185,0.664,147,0.553,133,0.488,158,0.521,187,0.546,197,0.546,250,0.654,283,0.682,340,0.748,339,0.746,238,0.641,148,0.513,131,0.537,147,0.659,126,0.638,115,0.47,73,0.49,44,0.516,20,0.32,8,0.211,9,0.308,18,0.432,44,0.61,52,0.47,87,0.529,102,0.434,120,0.403,185,0.558,202,0.56,196,0.536,169,0.446,144,0.365,179,0.441,166,0.428,146,0.445,148,0.547,129,0.515,127,0.532,101,0.475,90,0.396,63,0.414,47,0.487,29,0.388,17,0.407,12,0.384,14,0.374,26,0.465,30,0.373,48,0.367,94,0.45,130,0.465,156,0.488,202,0.576,194,0.537,223,0.613,245,0.66,344,0.911,357,0.979,204,0.698,144,0.589,112,0.527,97,0.592,73,0.611
Region 10,Region 21,4,0.04,1,0.022,0,0,1,0.051,6,0.322,1,0.029,7,0.084,8,0.046,13,0.042,22,0.064,19,0.067,22,0.083,17,0.058,18,0.055,34,0.104,29,0.085,43,0.112,50,0.111,40,0.088,22,0.062,20,0.073,17,0.071,20,0.097,14,0.091,9,0.067,4,0.068,2,0.056,5,0.202,1,0.047,0,0,5,0.063,9,0.057,12,0.048,17,0.061,18,0.068,11,0.04,21,0.069,25,0.073,32,0.089,37,0.097,52,0.125,51,0.112,31,0.068,22,0.059,18,0.062,16,0.066,16,0.072,11,0.056,11,0.045,8,0.054,6,0.07,2,0.032,1,0.026,1,0.034,3,0.072,8,0.111,11,0.099,20,0.122,23,0.098,29,0.097,29,0.087,36,0.1,40,0.109,47,0.124,42,0.106,44,0.108,37,0.095,26,0.079,23,0.085,24,0.096,11,0.046,10,0.047,15,0.066,7,0.046,4,0.041,2,0.027,0,0,0,0,3,0.08,6,0.107,13,0.162,15,0.115,39,0.187,45,0.161,48,0.15,42,0.12,52,0.144,52,0.143,52,0.14,51,0.135,52,0.143,37,0.127,27,0.111,25,0.118,17,0.104,11,0.092
Region 10,Region 22,2,0.02,4,0.088,0,0,0,0,0,0,2,0.058,2,0.024,3,0.017,11,0.035,12,0.035,7,0.025,15,0.056,13,0.045,18,0.055,14,0.043,14,0.041,12,0.031,17,0.038,18,0.04,20,0.056,14,0.051,12,0.05,12,0.058,5,0.033,5,0.037,3,0.051,1,0.028,0,0,3,0.142,0,0,0,0,2,0.013,7,0.028,7,0.025,11,0.041,11,0.04,10,0.033,10,0.029,7,0.019,19,0.05,26,0.063,18,0.04,15,0.033,15,0.04,11,0.038,10,0.041,9,0.04,11,0.056,7,0.029,2,0.013,1,0.012,0,0,4,0.106,0,0,2,0.048,1,0.014,3,0.027,7,0.043,10,0.043,16,0.054,16,0.048,21,0.058,18,0.049,20,0.053,16,0.041,15,0.037,16,0.041,14,0.043,21,0.078,18,0.072,12,0.05,11,0.052,7,0.031,5,0.033,2,0.021,0,0,1,0.024,4,0.128,1,0.027,1,0.018,1,0.012,5,0.038,29,0.139,36,0.129,19,0.059,25,0.071,22,0.061,21,0.058,28,0.075,20,0.053,24,0.066,13,0.044,9,0.037,12,0.056,6,0.037,2,0.017
Region 10,Region 23,7,0.069,2,0.044,2,0.07,0,0,1,0.054,2,0.058,5,0.06,5,0.029,23,0.074,24,0.07,13,0.046,13,0.049,13,0.045,13,0.04,13,0.04,15,0.044,19,0.049,33,0.073,23,0.051,16,0.045,10,0.036,5,0.021,13,0.063,6,0.039,12,0.09,5,0.085,2,0.056,0,0,1,0.047,2,0.058,2,0.025,9,0.057,14,0.056,14,0.05,14,0.053,11,0.04,15,0.049,22,0.064,22,0.061,17,0.044,28,0.067,19,0.042,21,0.046,20,0.054,11,0.038,18,0.074,15,0.067,18,0.091,15,0.061,9,0.06,3,0.035,3,0.048,4,0.106,3,0.103,5,0.12,6,0.083,5,0.045,9,0.055,17,0.072,13,0.044,16,0.048,15,0.042,14,0.038,19,0.05,11,0.028,21,0.052,16,0.041,6,0.018,9,0.033,8,0.032,13,0.054,7,0.033,9,0.04,9,0.059,5,0.052,4,0.054,4,0.096,1,0.032,2,0.053,3,0.054,6,0.075,4,0.031,5,0.024,15,0.054,13,0.041,10,0.029,13,0.036,18,0.05,15,0.04,16,0.042,13,0.036,11,0.038,11,0.045,14,0.066,13,0.079,11,0.092
Region 10,Region 24,3,0.03,0,0,0,0,2,0.101,0,0,0,0,1,0.012,6,0.034,13,0.042,13,0.038,7,0.025,22,0.083,10,0.034,12,0.037,12,0.037,14,0.041,24,0.062,36,0.08,27,0.059,18,0.05,15,0.054,18,0.075,10,0.049,2,0.013,5,0.037,0,0,0,0,0,0,1,0.047,0,0,2,0.025,1,0.006,11,0.044,17,0.061,12,0.045,9,0.033,7,0.023,9,0.026,16,0.044,23,0.06,26,0.063,23,0.051,19,0.042,16,0.043,12,0.042,10,0.041,9,0.04,1,0.005,6,0.025,3,0.02,1,0.012,2,0.032,2,0.053,0,0,0,0,0,0,4,0.036,6,0.036,15,0.064,22,0.074,16,0.048,28,0.078,19,0.052,19,0.05,23,0.058,24,0.059,18,0.046,16,0.049,11,0.041,6,0.024,4,0.017,7,0.033,6,0.026,2,0.013,1,0.01,1,0.013,1,0.024,2,0.064,2,0.053,1,0.018,5,0.062,10,0.076,13,0.062,23,0.082,27,0.085,26,0.074,25,0.069,33,0.091,45,0.121,31,0.082,26,0.071,12,0.041,13,0.053,15,0.071,10,0.061,5,0.042
Region 10,Region 25,4,0.04,4,0.088,2,0.07,3,0.152,3,0.161,2,0.058,6,0.072,11,0.063,18,0.058,22,0.064,13,0.046,15,0.056,15,0.051,15,0.046,9,0.028,12,0.035,11,0.029,21,0.046,34,0.075,18,0.05,8,0.029,15,0.063,16,0.078,9,0.059,4,0.03,1,0.017,3,0.083,0,0,2,0.095,2,0.058,6,0.076,12,0.076,11,0.044,12,0.043,11,0.041,9,0.033,16,0.053,20,0.058,17,0.047,22,0.058,16,0.039,24,0.053,21,0.046,16,0.043,26,0.09,13,0.053,10,0.045,11,0.056,6,0.025,4,0.027,1,0.012,2,0.032,4,0.106,1,0.034,1,0.024,2,0.028,3,0.027,4,0.024,10,0.043,11,0.037,15,0.045,15,0.042,16,0.044,13,0.034,23,0.058,14,0.035,19,0.049,17,0.052,16,0.059,17,0.068,9,0.038,8,0.038,5,0.022,4,0.026,4,0.041,5,0.067,2,0.048,2,0.064,0,0,3,0.054,7,0.087,8,0.061,10,0.048,12,0.043,14,0.044,8,0.023,15,0.041,13,0.036,10,0.027,17,0.045,12,0.033,10,0.034,11,0.045,21,0.099,13,0.079,9,0.075
Region 11,Region 0,4,0.04,1,0.022,1,0.035,0,0,3,0.161,3,0.087,7,0.084,17,0.097,22,0.071,27,0.079,11,0.039,13,0.049,10,0.034,9,0.028,14,0.043,14,0.041,16,0.041,16,0.035,17,0.037,17,0.048,5,0.018,8,0.033,9,0.044,3,0.02,3,0.022,0,0,1,0.028,1,0.04,1,0.047,3,0.088,10,0.126,12,0.076,16,0.064,16,0.057,8,0.03,8,0.029,16,0.053,7,0.02,12,0.033,13,0.034,16,0.039,20,0.044,9,0.02,18,0.048,6,0.021,7,0.029,9,0.04,1,0.005,0,0,1,0.007,1,0.012,1,0.016,1,0.026,2,0.068,2,0.048,9,0.125,8,0.072,10,0.061,17,0.072,11,0.037,10,0.03,12,0.033,13,0.036,14,0.037,9,0.023,14,0.035,13,0.033,8,0.024,9,0.033,5,0.02,5,0.021,1,0.005,4,0.018,2,0.013,3,0.031,0,0,0,0,1,0.032,1,0.027,4,0.071,5,0.062,6,0.046,8,0.038,9,0.032,15,0.047,15,0.043,12,0.033,12,0.033,18,0.049,14,0.037,5,0.014,9,0.031,6,0.025,4,0.019,6,0.037,1,0.008
Region 11,Region 1,6,0.06,2,0.044,1,0.035,2,0.101,0,0,2,0.058,4,0.048,4,0.023,23,0.074,16,0.047,9,0.032,10,0.038,10,0.034,8,0.025,10,0.031,11,0.032,15,0.039,17,0.038,27,0.059,20,0.056,15,0.054,9,0.038,4,0.019,3,0.02,11,0.082,1,0.017,1,0.028,3,0.121,1,0.047,1,0.029,3,0.038,7,0.044,7,0.028,10,0.036,11,0.041,9,0.033,10,0.033,15,0.044,19,0.053,12,0.031,17,0.041,24,0.053,14,0.031,19,0.051,12,0.042,10,0.041,2,0.009,10,0.051,6,0.025,6,0.04,1,0.012,4,0.064,1,0.026,1,0.034,0,0,3,0.042,7,0.063,12,0.073,17,0.072,13,0.044,8,0.024,6,0.017,7,0.019,13,0.034,12,0.03,14,0.035,14,0.036,19,0.058,15,0.055,8,0.032,6,0.025,9,0.042,7,0.031,5,0.033,2,0.021,4,0.054,3,0.072,3,0.096,0,0,3,0.054,3,0.037,13,0.099,14,0.067,18,0.064,16,0.05,11,0.031,11,0.03,19,0.052,15,0.04,11,0.029,17,0.047,10,0.034,9,0.037,4,0.019,6,0.037,4,0.033
Region 11,Region 2,8,0.079,2,0.044,9,0.317,0,0,2,0.107,3,0.087,7,0.084,13,0.074,36,0.116,29,0.084,20,0.071,10,0.038,15,0.051,22,0.068,22,0.067,15,0.044,20,0.052,21,0.046,26,0.057,16,0.045,8,0.029,12,0.05,9,0.044,13,0.085,6,0.045,5,0.085,1,0.028,2,0.081,0,0,3,0.088,5,0.063,8,0.051,25,0.1,26,0.093,11,0.041,14,0.051,14,0.046,18,0.053,18,0.05,20,0.052,17,0.041,22,0.048,22,0.048,16,0.043,16,0.055,10,0.041,15,0.067,11,0.056,9,0.037,6,0.04,14,0.164,4,0.064,5,0.132,4,0.137,3,0.072,4,0.055,10,0.09,11,0.067,14,0.06,14,0.047,21,0.063,19,0.053,20,0.055,16,0.042,22,0.056,22,0.054,19,0.049,16,0.049,13,0.048,27,0.108,15,0.063,13,0.061,11,0.048,9,0.059,12,0.124,3,0.04,2,0.048,3,0.096,3,0.08,1,0.018,6,0.075,6,0.046,8,0.038,11,0.039,12,0.038,14,0.04,19,0.053,12,0.033,15,0.04,31,0.082,27,0.074,9,0.031,9,0.037,13,0.061,19,0.116,6,0.05
Region 11,Region 3,0,0,0,0,0,0,0,0,0,0,0,0,0,0,1,0.006,0,0,1,0.003,0,0,0,0,0,0,0,0,0,0,1,0.003,0,0,2,0.004,1,0.002,0,0,0,0,1,0.004,2,0.01,1,0.007,1,0.007,0,0,1,0.028,0,0,0,0,0,0,0,0,0,0,1,0.004,1,0.004,1,0.004,1,0.004,1,0.003,1,0.003,0,0,1,0.003,1,0.002,1,0.002,2,0.004,2,0.005,0,0,0,0,1,0.004,0,0,0,0,0,0,0,0,0,0,0,0,0,0,0,0,0,0,0,0,0,0,2,0.009,1,0.003,3,0.009,2,0.006,0,0,0,0,2,0.005,1,0.002,1,0.003,2,0.006,2,0.007,1,0.004,2,0.008,1,0.005,0,0,0,0,0,0,0,0,0,0,0,0,0,0,0,0,1,0.012,3,0.023,0,0,0,0,0,0,0,0,0,0,0,0,0,0,2,0.005,1,0.003,2,0.007,0,0,0,0,2,0.012,0,0
Region 11,Region 4,0,0,0,0,0,0,0,0,0,0,0,0,0,0,1,0.006,2,0.006,1,0.003,1,0.004,0,0,1,0.003,2,0.006,5,0.015,1,0.003,1,0.003,0,0,3,0.007,2,0.006,1,0.004,1,0.004,1,0.005,0,0,0,0,0,0,0,0,0,0,0,0,0,0,0,0,2,0.013,2,0.008,1,0.004,1,0.004,2,0.007,3,0.01,1,0.003,1,0.003,3,0.008,3,0.007,1,0.002,3,0.007,3,0.008,1,0.003,0,0,2,0.009,3,0.015,2,0.008,1,0.007,0,0,2,0.032,0,0,0,0,0,0,1,0.014,0,0,1,0.006,3,0.013,1,0.003,1,0.003,1,0.003,2,0.005,3,0.008,5,0.013,2,0.005,1,0.003,2,0.006,3,0.011,3,0.012,2,0.008,2,0.009,3,0.013,1,0.007,0,0,0,0,0,0,0,0,0,0,0,0,1,0.012,0,0,0,0,1,0.004,3,0.009,1,0.003,1,0.003,2,0.006,2,0.005,0,0,1,0.003,2,0.007,3,0.012,2,0.009,0,0,0,0
Region 11,Region 5,0,0,0,0,0,0,0,0,1,0.054,0,0,1,0.012,2,0.011,1,0.003,0,0,0,0,2,0.008,0,0,3,0.009,1,0.003,1,0.003,0,0,1,0.002,0,0,1,0.003,0,0,1,0.004,1,0.005,0,0,0,0,1,0.017,0,0,0,0,0,0,1,0.029,2,0.025,0,0,2,0.008,1,0.004,5,0.019,2,0.007,0,0,1,0.003,2,0.006,0,0,1,0.002,0,0,1,0.002,1,0.003,0,0,0,0,0,0,1,0.005,2,0.008,0,0,0,0,0,0,0,0,0,0,1,0.024,0,0,1,0.009,0,0,1,0.004,0,0,0,0,0,0,1,0.003,0,0,0,0,2,0.005,2,0.005,1,0.003,1,0.004,3,0.012,0,0,2,0.009,1,0.004,0,0,0,0,0,0,0,0,0,0,0,0,0,0,0,0,0,0,1,0.005,3,0.011,1,0.003,2,0.006,2,0.006,2,0.006,0,0,1,0.003,2,0.005,1,0.003,0,0,0,0,0,0,0,0
Region 11,Region 6,3,0.03,4,0.088,0,0,1,0.051,0,0,0,0,1,0.012,4,0.023,8,0.026,4,0.012,5,0.018,10,0.038,7,0.024,8,0.025,9,0.028,5,0.015,11,0.029,21,0.046,15,0.033,11,0.031,9,0.033,1,0.004,3,0.015,3,0.02,0,0,1,0.017,0,0,1,0.04,1,0.047,1,0.029,1,0.013,5,0.032,8,0.032,7,0.025,7,0.026,16,0.059,7,0.023,15,0.044,13,0.036,11,0.029,12,0.029,17,0.037,12,0.026,13,0.035,5,0.017,8,0.033,5,0.022,6,0.03,1,0.004,2,0.013,1,0.012,3,0.048,0,0,0,0,1,0.024,6,0.083,6,0.054,4,0.024,5,0.021,7,0.024,13,0.039,12,0.033,9,0.025,6,0.016,17,0.043,11,0.027,4,0.01,7,0.021,6,0.022,2,0.008,3,0.013,2,0.009,1,0.004,3,0.02,4,0.041,1,0.013,1,0.024,1,0.032,2,0.053,3,0.054,2,0.025,3,0.023,7,0.033,8,0.029,5,0.016,16,0.046,8,0.022,7,0.019,5,0.013,7,0.019,7,0.019,6,0.021,8,0.033,3,0.014,6,0.037,2,0.017
Region 11,Region 7,2,0.02,0,0,0,0,2,0.101,2,0.107,0,0,3,0.036,3,0.017,6,0.019,5,0.015,5,0.018,2,0.008,6,0.021,5,0.015,4,0.012,5,0.015,5,0.013,7,0.015,4,0.009,4,0.011,3,0.011,3,0.013,6,0.029,1,0.007,3,0.022,1,0.017,1,0.028,1,0.04,0,0,0,0,0,0,1,0.006,4,0.016,5,0.018,4,0.015,5,0.018,7,0.023,4,0.012,8,0.022,8,0.021,4,0.01,6,0.013,6,0.013,8,0.022,1,0.003,5,0.02,3,0.013,5,0.025,6,0.025,1,0.007,1,0.012,0,0,1,0.026,1,0.034,1,0.024,0,0,0,0,3,0.018,2,0.009,3,0.01,6,0.018,6,0.017,4,0.011,2,0.005,4,0.01,3,0.007,6,0.015,6,0.018,5,0.018,6,0.024,2,0.008,4,0.019,3,0.013,1,0.007,1,0.01,1,0.013,0,0,0,0,0,0,1,0.018,0,0,4,0.031,1,0.005,1,0.004,4,0.013,3,0.009,1,0.003,4,0.011,3,0.008,2,0.005,5,0.014,2,0.007,7,0.029,3,0.014,3,0.018,1,0.008
Region 11,Region 8,7,0.069,0,0,4,0.141,1,0.051,3,0.161,3,0.087,7,0.084,20,0.114,35,0.113,27,0.079,19,0.067,23,0.086,20,0.069,12,0.037,14,0.043,17,0.05,18,0.047,17,0.038,24,0.053,15,0.042,11,0.04,10,0.042,13,0.063,12,0.078,13,0.097,0,0,0,0,1,0.04,3,0.142,5,0.146,5,0.063,12,0.076,15,0.06,19,0.068,12,0.045,12,0.044,20,0.066,17,0.05,12,0.033,16,0.042,23,0.055,17,0.037,14,0.031,22,0.059,16,0.055,12,0.049,17,0.076,18,0.091,11,0.045,9,0.06,3,0.035,1,0.016,4,0.106,4,0.137,3,0.072,11,0.152,10,0.09,16,0.097,20,0.085,24,0.081,19,0.057,23,0.064,17,0.046,26,0.069,18,0.046,17,0.042,18,0.046,23,0.07,9,0.033,9,0.036,10,0.042,11,0.052,9,0.04,3,0.02,4,0.041,8,0.107,0,0,3,0.096,4,0.107,2,0.036,4,0.05,12,0.092,18,0.086,18,0.064,22,0.069,17,0.048,16,0.044,18,0.05,6,0.016,9,0.024,17,0.047,14,0.048,8,0.033,10,0.047,1,0.006,2,0.017
Region 11,Region 9,0,0,1,0.022,0,0,0,0,0,0,1,0.029,2,0.024,3,0.017,3,0.01,0,0,0,0,1,0.004,1,0.003,0,0,2,0.006,3,0.009,2,0.005,2,0.004,1,0.002,0,0,0,0,0,0,2,0.01,1,0.007,0,0,0,0,0,0,1,0.04,0,0,0,0,1,0.013,2,0.013,2,0.008,0,0,2,0.008,0,0,1,0.003,2,0.006,3,0.008,1,0.003,2,0.005,3,0.007,2,0.004,1,0.003,0,0,0,0,3,0.013,0,0,0,0,1,0.007,0,0,0,0,1,0.026,0,0,0,0,2,0.028,1,0.009,1,0.006,1,0.004,2,0.007,3,0.009,1,0.003,0,0,2,0.005,3,0.008,0,0,1,0.003,3,0.009,0,0,0,0,2,0.008,0,0,0,0,0,0,0,0,1,0.013,1,0.024,4,0.128,0,0,0,0,2,0.025,1,0.008,2,0.01,2,0.007,2,0.006,2,0.006,5,0.014,1,0.003,0,0,0,0,2,0.005,0,0,0,0,0,0,0,0,0,0
Region 11,Region 10,2,0.02,1,0.022,2,0.07,3,0.152,3,0.161,1,0.029,1,0.012,7,0.04,15,0.048,12,0.035,8,0.028,8,0.03,11,0.038,10,0.031,7,0.021,4,0.012,13,0.034,10,0.022,7,0.015,6,0.017,8,0.029,0,0,3,0.015,1,0.007,2,0.015,0,0,1,0.028,0,0,0,0,2,0.058,2,0.025,6,0.038,15,0.06,7,0.025,10,0.038,7,0.026,7,0.023,7,0.02,11,0.031,10,0.026,13,0.031,18,0.04,7,0.015,12,0.032,5,0.017,7,0.029,7,0.031,2,0.01,1,0.004,0,0,1,0.012,1,0.016,3,0.079,1,0.034,2,0.048,3,0.042,2,0.018,5,0.03,9,0.038,10,0.034,10,0.03,9,0.025,4,0.011,3,0.008,12,0.03,3,0.007,5,0.013,3,0.009,5,0.018,7,0.028,4,0.017,2,0.009,3,0.013,3,0.02,1,0.01,1,0.013,0,0,1,0.032,0,0,4,0.071,1,0.012,3,0.023,4,0.019,7,0.025,8,0.025,11,0.031,8,0.022,4,0.011,6,0.016,9,0.024,4,0.011,4,0.014,7,0.029,4,0.019,2,0.012,2,0.017
Region 11,Region 11,78,0.774,31,0.68,21,0.739,13,0.657,16,0.858,25,0.728,52,0.624,165,0.944,203,0.655,168,0.489,122,0.431,140,0.526,163,0.56,193,0.594,216,0.661,225,0.656,251,0.651,232,0.513,257,0.566,209,0.586,200,0.726,158,0.661,118,0.573,98,0.637,77,0.576,20,0.34,12,0.334,9,0.364,13,0.615,16,0.468,44,0.554,129,0.819,169,0.676,134,0.481,139,0.522,166,0.609,149,0.491,182,0.531,191,0.53,247,0.646,269,0.648,242,0.532,243,0.535,188,0.506,174,0.603,183,0.75,144,0.645,100,0.506,98,0.401,47,0.316,32,0.375,15,0.24,16,0.423,17,0.582,26,0.624,75,1.039,77,0.695,96,0.584,126,0.536,158,0.531,182,0.549,165,0.458,189,0.517,207,0.546,209,0.53,206,0.508,224,0.577,186,0.567,166,0.614,168,0.67,121,0.507,89,0.418,95,0.418,45,0.296,25,0.259,28,0.375,11,0.264,16,0.512,34,0.908,52,0.929,59,0.734,76,0.581,126,0.603,160,0.573,177,0.554,214,0.61,218,0.603,200,0.55,191,0.515,181,0.479,179,0.491,135,0.462,142,0.581,105,0.494,115,0.701,64,0.536
Region 11,Region 12,0,0,0,0,0,0,0,0,0,0,0,0,2,0.024,6,0.034,3,0.01,1,0.003,1,0.004,3,0.011,3,0.01,4,0.012,3,0.009,1,0.003,2,0.005,4,0.009,3,0.007,5,0.014,3,0.011,3,0.013,0,0,1,0.007,0,0,2,0.034,1,0.028,0,0,0,0,1,0.029,0,0,1,0.006,1,0.004,6,0.022,5,0.019,2,0.007,3,0.01,6,0.018,0,0,4,0.01,4,0.01,5,0.011,4,0.009,2,0.005,4,0.014,5,0.02,3,0.013,2,0.01,0,0,4,0.027,1,0.012,0,0,0,0,2,0.068,0,0,0,0,0,0,1,0.006,1,0.004,2,0.007,5,0.015,3,0.008,3,0.008,4,0.011,3,0.008,4,0.01,5,0.013,3,0.009,5,0.018,2,0.008,2,0.008,2,0.009,1,0.004,0,0,0,0,0,0,0,0,0,0,0,0,1,0.018,0,0,1,0.008,4,0.019,4,0.014,5,0.016,2,0.006,0,0,1,0.003,2,0.005,2,0.005,1,0.003,4,0.014,2,0.008,1,0.005,3,0.018,0,0
Region 11,Region 13,1,0.01,2,0.044,0,0,1,0.051,0,0,0,0,1,0.012,3,0.017,6,0.019,7,0.02,6,0.021,4,0.015,8,0.027,15,0.046,8,0.024,4,0.012,10,0.026,11,0.024,17,0.037,8,0.022,8,0.029,13,0.054,6,0.029,2,0.013,1,0.007,0,0,1,0.028,0,0,0,0,2,0.058,3,0.038,4,0.025,9,0.036,8,0.029,8,0.03,6,0.022,6,0.02,8,0.023,12,0.033,5,0.013,9,0.022,14,0.031,9,0.02,9,0.024,4,0.014,4,0.016,7,0.031,8,0.04,7,0.029,0,0,2,0.023,3,0.048,0,0,0,0,2,0.048,3,0.042,3,0.027,5,0.03,4,0.017,6,0.02,6,0.018,11,0.031,13,0.036,13,0.034,6,0.015,5,0.012,7,0.018,9,0.027,8,0.03,7,0.028,3,0.013,8,0.038,6,0.026,4,0.026,2,0.021,1,0.013,0,0,0,0,2,0.053,1,0.018,1,0.012,9,0.069,4,0.019,8,0.029,9,0.028,8,0.023,10,0.028,9,0.025,6,0.016,9,0.024,6,0.016,7,0.024,3,0.012,2,0.009,2,0.012,4,0.033
Region 11,Region 14,5,0.05,3,0.066,2,0.07,0,0,2,0.107,7,0.204,6,0.072,11,0.063,20,0.064,15,0.044,15,0.053,11,0.041,13,0.045,13,0.04,13,0.04,11,0.032,8,0.021,6,0.013,5,0.011,5,0.014,8,0.029,6,0.025,3,0.015,7,0.046,7,0.052,4,0.068,2,0.056,1,0.04,1,0.047,2,0.058,4,0.05,12,0.076,11,0.044,7,0.025,10,0.038,9,0.033,16,0.053,4,0.012,8,0.022,12,0.031,8,0.019,6,0.013,6,0.013,5,0.013,4,0.014,4,0.016,8,0.036,1,0.005,5,0.02,0,0,1,0.012,2,0.032,2,0.053,3,0.103,2,0.048,2,0.028,9,0.081,9,0.055,12,0.051,11,0.037,12,0.036,12,0.033,7,0.019,5,0.013,13,0.033,7,0.017,8,0.021,3,0.009,5,0.018,8,0.032,9,0.038,6,0.028,5,0.022,3,0.02,0,0,3,0.04,2,0.048,2,0.064,2,0.053,8,0.143,8,0.1,7,0.054,10,0.048,15,0.054,12,0.038,4,0.011,10,0.028,16,0.044,9,0.024,8,0.021,11,0.03,7,0.024,3,0.012,6,0.028,6,0.037,6,0.05
Region 11,Region 15,22,0.218,7,0.154,8,0.281,12,0.606,3,0.161,5,0.146,13,0.156,23,0.132,48,0.155,66,0.192,58,0.205,47,0.176,49,0.168,62,0.191,72,0.22,70,0.204,62,0.161,95,0.21,92,0.203,71,0.199,51,0.185,56,0.234,47,0.228,26,0.169,24,0.179,13,0.221,10,0.278,4,0.162,4,0.189,7,0.205,8,0.101,14,0.089,37,0.148,58,0.208,42,0.158,39,0.143,34,0.112,51,0.149,46,0.128,46,0.12,61,0.147,84,0.185,71,0.156,59,0.159,50,0.173,52,0.213,55,0.246,34,0.172,27,0.11,11,0.074,4,0.047,8,0.128,8,0.211,3,0.103,7,0.168,11,0.152,14,0.126,32,0.195,50,0.213,59,0.198,60,0.181,65,0.18,71,0.194,87,0.23,72,0.183,60,0.148,62,0.16,52,0.158,43,0.159,51,0.204,42,0.176,39,0.183,34,0.15,22,0.145,14,0.145,16,0.214,2,0.048,4,0.128,3,0.08,12,0.214,14,0.174,22,0.168,65,0.311,67,0.24,51,0.16,67,0.191,76,0.21,72,0.198,63,0.17,81,0.214,54,0.148,50,0.171,61,0.25,54,0.254,37,0.226,25,0.209
Region 11,Region 16,0,0,0,0,0,0,0,0,0,0,0,0,0,0,0,0,0,0,0,0,0,0,1,0.004,1,0.003,0,0,0,0,0,0,0,0,0,0,0,0,0,0,1,0.004,1,0.004,0,0,0,0,1,0.007,0,0,0,0,0,0,0,0,0,0,1,0.013,0,0,1,0.004,2,0.007,0,0,1,0.004,3,0.01,0,0,0,0,0,0,0,0,0,0,1,0.002,0,0,0,0,0,0,0,0,1,0.005,1,0.004,0,0,0,0,0,0,1,0.026,0,0,0,0,1,0.014,0,0,0,0,0,0,1,0.003,2,0.006,0,0,0,0,2,0.005,1,0.003,0,0,0,0,0,0,0,0,0,0,1,0.004,0,0,0,0,0,0,0,0,0,0,0,0,0,0,0,0,0,0,1,0.012,1,0.008,0,0,0,0,2,0.006,2,0.006,0,0,1,0.003,0,0,0,0,1,0.003,0,0,0,0,0,0,0,0,1,0.008
Region 11,Region 17,3,0.03,1,0.022,1,0.035,0,0,2,0.107,2,0.058,3,0.036,12,0.069,28,0.09,21,0.061,9,0.032,16,0.06,12,0.041,7,0.022,9,0.028,11,0.032,9,0.023,12,0.027,12,0.026,12,0.034,13,0.047,6,0.025,4,0.019,6,0.039,3,0.022,1,0.017,4,0.111,1,0.04,2,0.095,0,0,5,0.063,5,0.032,15,0.06,14,0.05,7,0.026,9,0.033,11,0.036,18,0.053,11,0.031,15,0.039,17,0.041,28,0.062,26,0.057,23,0.062,14,0.049,6,0.025,7,0.031,7,0.035,9,0.037,7,0.047,1,0.012,1,0.016,3,0.079,0,0,2,0.048,4,0.055,4,0.036,9,0.055,7,0.03,5,0.017,8,0.024,5,0.014,7,0.019,10,0.026,11,0.028,8,0.02,9,0.023,16,0.049,9,0.033,7,0.028,7,0.029,6,0.028,5,0.022,3,0.02,0,0,1,0.013,0,0,1,0.032,0,0,0,0,1,0.012,2,0.015,5,0.024,7,0.025,4,0.013,6,0.017,9,0.025,6,0.017,13,0.035,12,0.032,18,0.049,12,0.041,7,0.029,5,0.024,9,0.055,6,0.05
Region 11,Region 18,6,0.06,1,0.022,1,0.035,1,0.051,0,0,3,0.087,2,0.024,4,0.023,11,0.035,8,0.023,3,0.011,15,0.056,15,0.051,13,0.04,15,0.046,21,0.061,25,0.065,34,0.075,43,0.095,21,0.059,12,0.044,11,0.046,13,0.063,9,0.059,3,0.022,3,0.051,1,0.028,2,0.081,0,0,1,0.029,1,0.013,2,0.013,11,0.044,5,0.018,5,0.019,9,0.033,8,0.026,14,0.041,16,0.044,17,0.044,30,0.072,34,0.075,23,0.051,16,0.043,13,0.045,8,0.033,14,0.063,6,0.03,4,0.016,4,0.027,3,0.035,2,0.032,3,0.079,2,0.068,2,0.048,2,0.028,1,0.009,5,0.03,11,0.047,7,0.024,11,0.033,7,0.019,13,0.036,10,0.026,13,0.033,13,0.032,19,0.049,19,0.058,20,0.074,9,0.036,12,0.05,10,0.047,9,0.04,5,0.033,6,0.062,1,0.013,1,0.024,0,0,1,0.027,0,0,3,0.037,4,0.031,6,0.029,13,0.047,15,0.047,17,0.048,14,0.039,16,0.044,16,0.043,16,0.042,14,0.038,13,0.044,7,0.029,7,0.033,9,0.055,0,0
Region 11,Region 19,2,0.02,0,0,1,0.035,1,0.051,0,0,1,0.029,1,0.012,2,0.011,5,0.016,5,0.015,2,0.007,3,0.011,3,0.01,5,0.015,0,0,7,0.02,12,0.031,22,0.049,13,0.029,6,0.017,4,0.015,4,0.017,4,0.019,1,0.007,5,0.037,3,0.051,2,0.056,1,0.04,0,0,0,0,1,0.013,1,0.006,7,0.028,3,0.011,3,0.011,6,0.022,8,0.026,6,0.018,4,0.011,12,0.031,12,0.029,17,0.037,7,0.015,4,0.011,6,0.021,1,0.004,1,0.004,3,0.015,0,0,1,0.007,2,0.023,0,0,1,0.026,1,0.034,1,0.024,1,0.014,2,0.018,2,0.012,4,0.017,4,0.013,2,0.006,7,0.019,5,0.014,4,0.011,7,0.018,7,0.017,8,0.021,7,0.021,0,0,3,0.012,5,0.021,6,0.028,2,0.009,0,0,0,0,1,0.013,0,0,1,0.032,0,0,1,0.018,0,0,0,0,3,0.014,3,0.011,4,0.013,6,0.017,3,0.008,3,0.008,8,0.022,6,0.016,6,0.016,3,0.01,4,0.016,3,0.014,3,0.018,0,0
Region 11,Region 20,1,0.01,1,0.022,0,0,1,0.051,0,0,4,0.116,2,0.024,2,0.011,9,0.029,14,0.041,5,0.018,2,0.008,3,0.01,5,0.015,5,0.015,12,0.035,8,0.021,6,0.013,3,0.007,2,0.006,1,0.004,2,0.008,2,0.01,3,0.02,0,0,0,0,0,0,0,0,0,0,1,0.029,2,0.025,1,0.006,9,0.036,6,0.022,5,0.019,3,0.011,3,0.01,6,0.018,3,0.008,6,0.016,7,0.017,10,0.022,7,0.015,6,0.016,2,0.007,4,0.016,3,0.013,1,0.005,3,0.012,0,0,0,0,1,0.016,1,0.026,1,0.034,1,0.024,0,0,3,0.027,1,0.006,3,0.013,2,0.007,0,0,0,0,4,0.011,2,0.005,3,0.008,6,0.015,2,0.005,4,0.012,3,0.011,0,0,4,0.017,1,0.005,1,0.004,1,0.007,0,0,2,0.027,0,0,0,0,1,0.027,2,0.036,1,0.012,0,0,3,0.014,1,0.004,2,0.006,3,0.009,2,0.006,5,0.014,3,0.008,5,0.013,3,0.008,3,0.01,2,0.008,2,0.009,4,0.024,0,0
Region 11,Region 21,1,0.01,0,0,0,0,0,0,0,0,1,0.029,0,0,4,0.023,3,0.01,3,0.009,2,0.007,0,0,3,0.01,1,0.003,0,0,1,0.003,2,0.005,1,0.002,3,0.007,0,0,1,0.004,1,0.004,1,0.005,1,0.007,0,0,0,0,0,0,0,0,0,0,0,0,0,0,0,0,2,0.008,5,0.018,1,0.004,0,0,2,0.007,2,0.006,0,0,0,0,0,0,3,0.007,4,0.009,2,0.005,1,0.003,1,0.004,2,0.009,1,0.005,2,0.008,1,0.007,0,0,0,0,0,0,1,0.034,0,0,1,0.014,2,0.018,0,0,0,0,1,0.003,3,0.009,1,0.003,0,0,1,0.003,1,0.003,1,0.002,0,0,0,0,1,0.004,1,0.004,1,0.004,0,0,1,0.004,2,0.013,0,0,0,0,0,0,0,0,0,0,0,0,0,0,2,0.015,5,0.024,2,0.007,5,0.016,4,0.011,4,0.011,0,0,2,0.005,1,0.003,2,0.005,1,0.003,0,0,0,0,2,0.012,0,0
Region 11,Region 22,0,0,0,0,0,0,0,0,0,0,0,0,0,0,0,0,0,0,3,0.009,1,0.004,3,0.011,0,0,2,0.006,0,0,2,0.006,4,0.01,2,0.004,1,0.002,3,0.008,1,0.004,1,0.004,1,0.005,1,0.007,0,0,0,0,0,0,0,0,0,0,0,0,1,0.013,3,0.019,1,0.004,1,0.004,1,0.004,0,0,1,0.003,0,0,1,0.003,2,0.005,1,0.002,3,0.007,1,0.002,0,0,1,0.003,0,0,0,0,0,0,0,0,0,0,0,0,0,0,0,0,0,0,0,0,0,0,1,0.009,2,0.012,0,0,0,0,1,0.003,1,0.003,0,0,0,0,0,0,0,0,0,0,0,0,1,0.004,0,0,1,0.004,0,0,0,0,0,0,0,0,0,0,1,0.024,1,0.032,0,0,1,0.018,0,0,2,0.015,2,0.01,0,0,0,0,1,0.003,3,0.008,0,0,1,0.003,1,0.003,3,0.008,2,0.007,2,0.008,0,0,1,0.006,0,0
Region 11,Region 23,12,0.119,9,0.197,3,0.106,5,0.253,1,0.054,4,0.116,11,0.132,20,0.114,22,0.071,24,0.07,23,0.081,30,0.113,35,0.12,35,0.108,31,0.095,36,0.105,46,0.119,50,0.111,61,0.134,37,0.104,35,0.127,28,0.117,17,0.083,19,0.124,14,0.105,10,0.17,5,0.139,1,0.04,4,0.189,7,0.205,11,0.138,22,0.14,27,0.108,29,0.104,29,0.109,35,0.128,26,0.086,35,0.102,52,0.144,39,0.102,45,0.108,43,0.095,39,0.086,32,0.086,33,0.114,17,0.07,19,0.085,19,0.096,17,0.07,12,0.081,8,0.094,3,0.048,7,0.185,6,0.205,6,0.144,12,0.166,12,0.108,19,0.116,24,0.102,31,0.104,37,0.112,39,0.108,54,0.148,44,0.116,37,0.094,58,0.143,45,0.116,39,0.119,37,0.137,33,0.132,28,0.117,20,0.094,14,0.062,9,0.059,9,0.093,4,0.054,6,0.144,6,0.192,5,0.134,5,0.089,9,0.112,17,0.13,20,0.096,24,0.086,28,0.088,38,0.108,38,0.105,26,0.072,42,0.113,25,0.066,31,0.085,33,0.113,20,0.082,21,0.099,18,0.11,16,0.134
Region 11,Region 24,0,0,0,0,0,0,0,0,0,0,0,0,0,0,2,0.011,0,0,1,0.003,2,0.007,1,0.004,1,0.003,1,0.003,1,0.003,0,0,3,0.008,2,0.004,0,0,0,0,1,0.004,0,0,0,0,0,0,0,0,0,0,0,0,0,0,0,0,0,0,0,0,0,0,0,0,0,0,0,0,1,0.004,0,0,0,0,2,0.006,2,0.005,0,0,5,0.011,3,0.007,1,0.003,0,0,0,0,1,0.004,1,0.005,0,0,0,0,0,0,0,0,0,0,0,0,0,0,0,0,0,0,0,0,0,0,2,0.007,2,0.006,1,0.003,1,0.003,0,0,1,0.003,1,0.002,2,0.005,2,0.006,3,0.011,1,0.004,0,0,0,0,2,0.009,0,0,0,0,0,0,0,0,0,0,1,0.027,0,0,1,0.012,1,0.008,1,0.005,0,0,1,0.003,2,0.006,0,0,4,0.011,0,0,1,0.003,0,0,0,0,1,0.004,0,0,0,0,0,0
Region 11,Region 25,7,0.069,3,0.066,6,0.211,3,0.152,3,0.161,1,0.029,4,0.048,16,0.092,21,0.068,29,0.084,22,0.078,27,0.101,28,0.096,37,0.114,22,0.067,38,0.111,36,0.093,40,0.088,32,0.07,39,0.109,29,0.105,24,0.1,12,0.058,11,0.072,13,0.097,6,0.102,4,0.111,2,0.081,2,0.095,2,0.058,6,0.076,10,0.063,19,0.076,15,0.054,21,0.079,15,0.055,20,0.066,23,0.067,20,0.055,33,0.086,26,0.063,37,0.081,35,0.077,42,0.113,26,0.09,33,0.135,25,0.112,18,0.091,18,0.074,11,0.074,4,0.047,4,0.064,3,0.079,7,0.24,1,0.024,3,0.042,6,0.054,15,0.091,19,0.081,27,0.091,24,0.072,24,0.067,25,0.068,23,0.061,32,0.081,24,0.059,32,0.082,33,0.101,43,0.159,27,0.108,25,0.105,14,0.066,18,0.079,13,0.085,7,0.072,3,0.04,1,0.024,4,0.128,4,0.107,3,0.054,11,0.137,14,0.107,19,0.091,28,0.1,32,0.1,26,0.074,28,0.077,19,0.052,26,0.07,22,0.058,25,0.069,15,0.051,18,0.074,19,0.089,18,0.11,17,0.142
Region 12,Region 0,5,0.05,4,0.088,2,0.07,1,0.051,1,0.054,0,0,3,0.036,0,0,11,0.035,11,0.032,8,0.028,10,0.038,9,0.031,16,0.049,12,0.037,15,0.044,14,0.036,9,0.02,14,0.031,7,0.02,13,0.047,14,0.059,9,0.044,7,0.046,5,0.037,2,0.034,2,0.056,5,0.202,0,0,2,0.058,1,0.013,6,0.038,9,0.036,8,0.029,9,0.034,11,0.04,5,0.016,14,0.041,11,0.031,16,0.042,10,0.024,17,0.037,14,0.031,7,0.019,9,0.031,6,0.025,7,0.031,2,0.01,10,0.041,5,0.034,1,0.012,2,0.032,1,0.026,0,0,2,0.048,2,0.028,4,0.036,4,0.024,7,0.03,10,0.034,12,0.036,20,0.055,15,0.041,15,0.04,14,0.035,14,0.035,9,0.023,12,0.037,14,0.052,8,0.032,8,0.034,9,0.042,13,0.057,4,0.026,3,0.031,1,0.013,0,0,3,0.096,2,0.053,3,0.054,4,0.05,4,0.031,7,0.033,6,0.021,7,0.022,13,0.037,14,0.039,6,0.017,14,0.038,7,0.019,6,0.016,9,0.031,6,0.025,7,0.033,8,0.049,6,0.05
Region 12,Region 1,1,0.01,0,0,3,0.106,2,0.101,1,0.054,1,0.029,3,0.036,3,0.017,8,0.026,14,0.041,10,0.035,13,0.049,11,0.038,17,0.052,8,0.024,13,0.038,21,0.054,20,0.044,22,0.048,27,0.076,7,0.025,8,0.033,4,0.019,7,0.046,5,0.037,2,0.034,2,0.056,1,0.04,2,0.095,0,0,5,0.063,7,0.044,5,0.02,8,0.029,7,0.026,17,0.062,14,0.046,10,0.029,18,0.05,15,0.039,13,0.031,16,0.035,15,0.033,34,0.092,20,0.069,20,0.082,13,0.058,12,0.061,9,0.037,5,0.034,15,0.176,2,0.032,4,0.106,3,0.103,0,0,2,0.028,1,0.009,4,0.024,8,0.034,9,0.03,8,0.024,12,0.033,18,0.049,19,0.05,16,0.041,16,0.039,20,0.052,15,0.046,15,0.055,13,0.052,10,0.042,10,0.047,8,0.035,7,0.046,10,0.104,10,0.134,1,0.024,3,0.096,0,0,5,0.089,5,0.062,4,0.031,5,0.024,8,0.029,11,0.034,16,0.046,11,0.03,13,0.036,8,0.022,15,0.04,11,0.03,11,0.038,11,0.045,10,0.047,11,0.067,7,0.059
Region 12,Region 2,5,0.05,2,0.044,0,0,2,0.101,1,0.054,3,0.087,4,0.048,7,0.04,10,0.032,12,0.035,5,0.018,15,0.056,10,0.034,19,0.058,12,0.037,10,0.029,12,0.031,15,0.033,17,0.037,16,0.045,7,0.025,8,0.033,4,0.019,6,0.039,5,0.037,3,0.051,3,0.083,2,0.081,1,0.047,1,0.029,0,0,4,0.025,6,0.024,7,0.025,9,0.034,10,0.037,8,0.026,13,0.038,7,0.019,20,0.052,15,0.036,15,0.033,10,0.022,15,0.04,10,0.035,18,0.074,13,0.058,10,0.051,8,0.033,3,0.02,2,0.023,3,0.048,2,0.053,2,0.068,2,0.048,5,0.069,6,0.054,8,0.049,8,0.034,14,0.047,4,0.012,8,0.022,11,0.03,19,0.05,21,0.053,13,0.032,22,0.057,16,0.049,15,0.055,13,0.052,9,0.038,11,0.052,9,0.04,9,0.059,9,0.093,1,0.013,4,0.096,2,0.064,0,0,2,0.036,3,0.037,1,0.008,7,0.033,12,0.043,11,0.034,8,0.023,10,0.028,6,0.017,9,0.024,10,0.026,2,0.005,9,0.031,16,0.065,8,0.038,6,0.037,9,0.075
Region 12,Region 3,8,0.079,4,0.088,3,0.106,1,0.051,0,0,3,0.087,6,0.072,7,0.04,5,0.016,14,0.041,17,0.06,14,0.053,23,0.079,23,0.071,27,0.083,29,0.085,23,0.06,31,0.069,48,0.106,40,0.112,33,0.12,33,0.138,16,0.078,15,0.098,9,0.067,3,0.051,1,0.028,1,0.04,2,0.095,0,0,5,0.063,4,0.025,6,0.024,10,0.036,17,0.064,15,0.055,29,0.096,43,0.126,36,0.1,37,0.097,34,0.082,29,0.064,41,0.09,34,0.092,24,0.083,28,0.115,27,0.121,22,0.111,15,0.061,11,0.074,4,0.047,3,0.048,0,0,4,0.137,0,0,3,0.042,7,0.063,14,0.085,18,0.077,23,0.077,40,0.121,41,0.114,41,0.112,29,0.077,33,0.084,45,0.111,38,0.098,31,0.094,26,0.096,24,0.096,11,0.046,15,0.07,17,0.075,14,0.092,8,0.083,6,0.08,1,0.024,2,0.064,3,0.08,2,0.036,4,0.05,11,0.084,18,0.086,19,0.068,24,0.075,24,0.068,27,0.075,37,0.102,30,0.081,25,0.066,29,0.08,20,0.068,26,0.106,16,0.075,15,0.091,12,0.1
Region 12,Region 4,4,0.04,3,0.066,1,0.035,0,0,1,0.054,0,0,1,0.012,0,0,4,0.013,7,0.02,6,0.021,4,0.015,6,0.021,5,0.015,7,0.021,8,0.023,7,0.018,10,0.022,8,0.018,9,0.025,14,0.051,10,0.042,3,0.015,4,0.026,3,0.022,3,0.051,0,0,1,0.04,2,0.095,1,0.029,1,0.013,0,0,5,0.02,5,0.018,5,0.019,4,0.015,5,0.016,6,0.018,7,0.019,5,0.013,6,0.014,7,0.015,8,0.018,6,0.016,8,0.028,3,0.012,2,0.009,6,0.03,5,0.02,8,0.054,2,0.023,0,0,2,0.053,0,0,1,0.024,1,0.014,1,0.009,5,0.03,1,0.004,6,0.02,3,0.009,14,0.039,3,0.008,2,0.005,5,0.013,12,0.03,7,0.018,6,0.018,5,0.018,7,0.028,3,0.013,12,0.056,9,0.04,2,0.013,0,0,1,0.013,1,0.024,2,0.064,1,0.027,1,0.018,2,0.025,2,0.015,1,0.005,7,0.025,2,0.006,8,0.023,8,0.022,13,0.036,11,0.03,6,0.016,2,0.005,10,0.034,14,0.057,4,0.019,5,0.03,7,0.059
Region 12,Region 5,3,0.03,0,0,3,0.106,3,0.152,2,0.107,0,0,2,0.024,10,0.057,13,0.042,8,0.023,8,0.028,12,0.045,15,0.051,15,0.046,13,0.04,11,0.032,13,0.034,12,0.027,12,0.026,13,0.036,3,0.011,12,0.05,16,0.078,3,0.02,7,0.052,2,0.034,1,0.028,2,0.081,3,0.142,0,0,4,0.05,4,0.025,11,0.044,6,0.022,11,0.041,7,0.026,13,0.043,11,0.032,11,0.031,16,0.042,13,0.031,10,0.022,16,0.035,13,0.035,14,0.049,3,0.012,6,0.027,6,0.03,9,0.037,3,0.02,2,0.023,3,0.048,2,0.053,1,0.034,3,0.072,4,0.055,5,0.045,3,0.018,12,0.051,11,0.037,10,0.03,9,0.025,18,0.049,14,0.037,14,0.035,12,0.03,11,0.028,10,0.03,11,0.041,12,0.048,13,0.054,6,0.028,6,0.026,1,0.007,2,0.021,1,0.013,2,0.048,1,0.032,4,0.107,1,0.018,6,0.075,6,0.046,12,0.057,10,0.036,10,0.031,10,0.029,15,0.041,11,0.03,7,0.019,17,0.045,7,0.019,11,0.038,10,0.041,7,0.033,3,0.018,3,0.025
Region 12,Region 6,2,0.02,0,0,0,0,0,0,0,0,0,0,0,0,1,0.006,8,0.026,6,0.017,6,0.021,7,0.026,8,0.027,5,0.015,6,0.018,9,0.026,13,0.034,11,0.024,15,0.033,7,0.02,9,0.033,9,0.038,8,0.039,1,0.007,1,0.007,3,0.051,0,0,0,0,0,0,0,0,1,0.013,1,0.006,1,0.004,2,0.007,7,0.026,11,0.04,4,0.013,12,0.035,6,0.017,10,0.026,17,0.041,13,0.029,11,0.024,10,0.027,9,0.031,8,0.033,4,0.018,7,0.035,3,0.012,1,0.007,0,0,0,0,0,0,0,0,1,0.024,0,0,1,0.009,3,0.018,3,0.013,3,0.01,6,0.018,5,0.014,8,0.022,9,0.024,12,0.03,7,0.017,11,0.028,11,0.034,4,0.015,8,0.032,6,0.025,5,0.023,3,0.013,5,0.033,0,0,0,0,1,0.024,1,0.032,1,0.027,2,0.036,0,0,1,0.008,5,0.024,6,0.021,4,0.013,14,0.04,5,0.014,5,0.014,11,0.03,7,0.019,9,0.025,4,0.014,8,0.033,6,0.028,7,0.043,5,0.042
Region 12,Region 7,27,0.268,20,0.439,5,0.176,8,0.404,6,0.322,2,0.058,10,0.12,12,0.069,36,0.116,45,0.131,39,0.138,39,0.146,42,0.144,53,0.163,62,0.19,88,0.257,89,0.231,86,0.19,100,0.22,75,0.21,62,0.225,54,0.226,39,0.189,32,0.208,30,0.224,17,0.289,6,0.167,3,0.121,4,0.189,4,0.117,5,0.063,17,0.108,23,0.092,32,0.115,43,0.162,42,0.154,42,0.139,88,0.257,100,0.277,88,0.23,67,0.162,82,0.18,92,0.203,75,0.202,67,0.232,46,0.189,63,0.282,49,0.248,34,0.139,21,0.141,8,0.094,8,0.128,5,0.132,9,0.308,9,0.216,9,0.125,14,0.126,12,0.073,33,0.14,42,0.141,47,0.142,71,0.197,84,0.23,72,0.19,84,0.213,92,0.227,77,0.198,65,0.198,71,0.262,62,0.247,38,0.159,46,0.216,42,0.185,30,0.197,21,0.217,13,0.174,15,0.359,7,0.224,6,0.16,10,0.179,9,0.112,15,0.115,29,0.139,30,0.107,51,0.16,47,0.134,61,0.169,64,0.176,49,0.132,53,0.14,51,0.14,55,0.188,49,0.201,55,0.259,48,0.293,30,0.251
Region 12,Region 8,46,0.457,13,0.285,10,0.352,5,0.253,6,0.322,10,0.291,18,0.216,45,0.257,78,0.252,82,0.238,78,0.276,72,0.27,96,0.33,120,0.369,135,0.413,122,0.356,135,0.35,169,0.374,158,0.348,137,0.384,76,0.276,98,0.41,85,0.413,63,0.41,41,0.307,29,0.493,15,0.417,7,0.283,7,0.331,9,0.263,14,0.176,34,0.216,60,0.24,79,0.284,81,0.304,89,0.326,105,0.346,125,0.365,105,0.291,145,0.379,123,0.297,146,0.321,135,0.297,125,0.336,120,0.416,77,0.316,87,0.39,73,0.369,129,0.528,65,0.437,28,0.329,11,0.176,17,0.449,15,0.513,21,0.504,23,0.319,42,0.379,46,0.28,64,0.272,96,0.323,92,0.277,106,0.294,131,0.358,150,0.396,122,0.309,115,0.284,119,0.307,112,0.341,97,0.359,82,0.327,74,0.31,83,0.39,78,0.343,46,0.302,21,0.217,22,0.295,21,0.503,27,0.864,18,0.481,15,0.268,26,0.324,37,0.283,58,0.277,75,0.268,103,0.322,109,0.311,128,0.354,121,0.333,136,0.367,85,0.225,95,0.26,99,0.338,67,0.274,85,0.4,75,0.457,71,0.594
Region 12,Region 9,16,0.159,9,0.197,8,0.281,6,0.303,7,0.376,9,0.262,13,0.156,16,0.092,19,0.061,21,0.061,16,0.057,28,0.105,37,0.127,48,0.148,51,0.156,57,0.166,74,0.192,77,0.17,83,0.183,52,0.146,52,0.189,41,0.171,25,0.121,20,0.13,24,0.179,12,0.204,2,0.056,4,0.162,6,0.284,10,0.292,6,0.076,20,0.127,26,0.104,23,0.083,19,0.071,32,0.117,38,0.125,54,0.158,59,0.164,70,0.183,65,0.157,66,0.145,72,0.158,51,0.137,43,0.149,30,0.123,25,0.112,19,0.096,43,0.176,32,0.215,10,0.117,11,0.176,4,0.106,6,0.205,5,0.12,13,0.18,14,0.126,21,0.128,22,0.094,29,0.097,36,0.108,51,0.141,41,0.112,60,0.158,47,0.119,48,0.118,39,0.1,51,0.155,26,0.096,24,0.096,19,0.08,23,0.108,23,0.101,17,0.112,17,0.176,15,0.201,21,0.503,17,0.544,16,0.427,12,0.214,14,0.174,11,0.084,25,0.12,25,0.089,50,0.157,49,0.14,66,0.183,48,0.132,36,0.097,52,0.138,60,0.165,51,0.174,34,0.139,39,0.183,14,0.085,20,0.167
Region 12,Region 10,22,0.218,7,0.154,5,0.176,3,0.152,5,0.268,5,0.146,9,0.108,28,0.16,42,0.135,27,0.079,43,0.152,43,0.161,39,0.134,49,0.151,58,0.178,87,0.254,117,0.303,106,0.234,89,0.196,48,0.135,61,0.222,39,0.163,31,0.151,26,0.169,27,0.202,12,0.204,2,0.056,3,0.121,7,0.331,9,0.263,18,0.227,22,0.14,39,0.156,37,0.133,45,0.169,50,0.183,55,0.181,64,0.187,86,0.238,88,0.23,105,0.253,102,0.224,96,0.211,76,0.205,47,0.163,35,0.143,32,0.143,30,0.152,25,0.102,19,0.128,3,0.035,7,0.112,4,0.106,4,0.137,7,0.168,13,0.18,19,0.172,21,0.128,29,0.123,48,0.161,61,0.184,62,0.172,81,0.221,101,0.266,83,0.21,62,0.153,59,0.152,36,0.11,41,0.152,37,0.148,45,0.189,38,0.179,24,0.106,19,0.125,7,0.072,8,0.107,12,0.287,6,0.192,7,0.187,7,0.125,17,0.212,13,0.099,26,0.124,36,0.129,42,0.131,57,0.163,74,0.205,76,0.209,43,0.116,48,0.127,50,0.137,49,0.168,58,0.237,49,0.23,38,0.232,17,0.142
Region 12,Region 11,2,0.02,0,0,2,0.07,0,0,0,0,0,0,0,0,1,0.006,0,0,1,0.003,4,0.014,3,0.011,0,0,2,0.006,2,0.006,2,0.006,2,0.005,5,0.011,2,0.004,7,0.02,1,0.004,6,0.025,5,0.024,2,0.013,2,0.015,0,0,0,0,0,0,0,0,0,0,1,0.013,0,0,1,0.004,3,0.011,4,0.015,2,0.007,3,0.01,2,0.006,4,0.011,0,0,2,0.005,5,0.011,7,0.015,6,0.016,3,0.01,2,0.008,1,0.004,3,0.015,3,0.012,2,0.013,2,0.023,0,0,0,0,1,0.034,1,0.024,0,0,0,0,4,0.024,3,0.013,2,0.007,2,0.006,1,0.003,3,0.008,4,0.011,2,0.005,2,0.005,0,0,1,0.003,0,0,2,0.008,1,0.004,3,0.014,2,0.009,1,0.007,3,0.031,3,0.04,0,0,0,0,1,0.027,1,0.018,3,0.037,1,0.008,3,0.014,2,0.007,3,0.009,0,0,1,0.003,5,0.014,2,0.005,3,0.008,3,0.008,2,0.007,3,0.012,2,0.009,3,0.018,0,0
Region 12,Region 12,66,0.655,31,0.68,15,0.528,7,0.354,7,0.376,9,0.262,18,0.216,27,0.154,64,0.206,91,0.265,116,0.41,129,0.484,164,0.563,160,0.492,223,0.683,192,0.56,193,0.5,264,0.584,243,0.535,192,0.538,175,0.636,173,0.723,126,0.612,83,0.54,81,0.606,46,0.783,16,0.445,9,0.364,14,0.662,11,0.321,19,0.239,30,0.19,62,0.248,83,0.298,106,0.398,126,0.462,146,0.482,221,0.645,249,0.69,243,0.635,259,0.624,226,0.497,236,0.519,210,0.565,155,0.538,153,0.627,124,0.556,100,0.506,78,0.319,39,0.262,31,0.364,23,0.368,14,0.37,18,0.616,21,0.504,20,0.277,40,0.361,53,0.322,107,0.455,135,0.454,155,0.467,174,0.483,211,0.577,180,0.475,193,0.489,208,0.513,193,0.497,174,0.53,160,0.592,166,0.662,118,0.494,117,0.55,76,0.334,42,0.276,36,0.373,27,0.362,19,0.455,15,0.48,24,0.641,14,0.25,33,0.411,57,0.436,80,0.383,88,0.315,125,0.391,160,0.456,180,0.498,154,0.424,191,0.515,180,0.477,186,0.51,171,0.585,146,0.598,168,0.79,107,0.653,86,0.72
Region 12,Region 13,26,0.258,3,0.066,7,0.246,6,0.303,4,0.215,2,0.058,10,0.12,25,0.143,47,0.152,47,0.137,37,0.131,24,0.09,45,0.154,67,0.206,52,0.159,53,0.155,65,0.169,57,0.126,71,0.156,63,0.177,43,0.156,41,0.171,42,0.204,22,0.143,20,0.15,9,0.153,6,0.167,6,0.242,2,0.095,4,0.117,11,0.138,27,0.171,53,0.212,39,0.14,30,0.113,39,0.143,46,0.152,55,0.161,72,0.2,37,0.097,65,0.157,69,0.152,79,0.174,62,0.167,35,0.121,44,0.18,26,0.116,23,0.116,28,0.115,16,0.107,5,0.059,8,0.128,5,0.132,3,0.103,9,0.216,12,0.166,21,0.19,13,0.079,34,0.145,50,0.168,47,0.142,60,0.166,65,0.178,58,0.153,76,0.193,60,0.148,56,0.144,37,0.113,37,0.137,37,0.148,28,0.117,33,0.155,21,0.092,20,0.131,15,0.155,4,0.054,5,0.12,2,0.064,5,0.134,5,0.089,15,0.187,18,0.138,24,0.115,35,0.125,39,0.122,49,0.14,57,0.158,47,0.129,49,0.132,39,0.103,46,0.126,40,0.137,35,0.143,26,0.122,20,0.122,25,0.209
Region 12,Region 14,8,0.079,5,0.11,2,0.07,3,0.152,4,0.215,1,0.029,3,0.036,6,0.034,24,0.077,43,0.125,18,0.064,24,0.09,30,0.103,23,0.071,19,0.058,37,0.108,45,0.117,52,0.115,38,0.084,31,0.087,32,0.116,25,0.105,16,0.078,16,0.104,10,0.075,7,0.119,5,0.139,4,0.162,2,0.095,1,0.029,6,0.076,12,0.076,19,0.076,30,0.108,15,0.056,28,0.103,22,0.073,29,0.085,39,0.108,41,0.107,40,0.096,59,0.13,45,0.099,38,0.102,24,0.083,27,0.111,23,0.103,12,0.061,14,0.057,14,0.094,4,0.047,4,0.064,8,0.211,12,0.411,5,0.12,5,0.069,13,0.117,18,0.109,33,0.14,28,0.094,22,0.066,31,0.086,46,0.126,41,0.108,38,0.096,29,0.071,27,0.07,31,0.094,22,0.081,29,0.116,29,0.122,26,0.122,15,0.066,8,0.053,7,0.072,5,0.067,3,0.072,5,0.16,4,0.107,4,0.071,7,0.087,11,0.084,8,0.038,23,0.082,26,0.081,27,0.077,26,0.072,27,0.074,32,0.086,27,0.071,25,0.069,23,0.079,28,0.115,19,0.089,25,0.152,12,0.1
Region 12,Region 15,3,0.03,3,0.066,1,0.035,0,0,0,0,0,0,1,0.012,1,0.006,2,0.006,1,0.003,1,0.004,2,0.008,3,0.01,5,0.015,2,0.006,0,0,1,0.003,3,0.007,2,0.004,3,0.008,5,0.018,2,0.008,5,0.024,3,0.02,0,0,1,0.017,0,0,1,0.04,0,0,0,0,2,0.025,2,0.013,1,0.004,2,0.007,2,0.008,3,0.011,3,0.01,4,0.012,1,0.003,2,0.005,4,0.01,4,0.009,1,0.002,2,0.005,1,0.003,4,0.016,2,0.009,4,0.02,2,0.008,2,0.013,0,0,0,0,0,0,0,0,0,0,0,0,3,0.027,2,0.012,1,0.004,3,0.01,1,0.003,2,0.006,3,0.008,4,0.011,2,0.005,4,0.01,3,0.008,6,0.018,1,0.004,1,0.004,0,0,5,0.023,3,0.013,1,0.007,3,0.031,2,0.027,1,0.024,1,0.032,0,0,0,0,1,0.012,2,0.015,1,0.005,1,0.004,0,0,2,0.006,7,0.019,1,0.003,1,0.003,0,0,1,0.003,5,0.017,1,0.004,2,0.009,0,0,1,0.008
Region 12,Region 16,1,0.01,0,0,0,0,0,0,0,0,2,0.058,2,0.024,0,0,4,0.013,2,0.006,3,0.011,2,0.008,2,0.007,2,0.006,2,0.006,5,0.015,3,0.008,5,0.011,7,0.015,2,0.006,1,0.004,0,0,0,0,2,0.013,1,0.007,0,0,0,0,0,0,0,0,1,0.029,2,0.025,0,0,1,0.004,1,0.004,3,0.011,2,0.007,2,0.007,6,0.018,8,0.022,2,0.005,2,0.005,6,0.013,2,0.004,4,0.011,3,0.01,3,0.012,0,0,1,0.005,0,0,0,0,0,0,0,0,0,0,0,0,0,0,1,0.014,0,0,0,0,3,0.013,1,0.003,3,0.009,2,0.006,6,0.016,6,0.016,4,0.01,4,0.01,3,0.008,2,0.006,1,0.004,0,0,0,0,0,0,0,0,0,0,0,0,1,0.013,0,0,0,0,0,0,0,0,0,0,0,0,1,0.005,1,0.004,0,0,3,0.009,2,0.006,2,0.006,1,0.003,4,0.011,1,0.003,1,0.003,3,0.012,0,0,0,0,0,0
Region 12,Region 17,32,0.318,17,0.373,13,0.457,7,0.354,9,0.483,9,0.262,18,0.216,30,0.172,49,0.158,74,0.215,61,0.216,68,0.255,67,0.23,75,0.231,68,0.208,103,0.3,94,0.244,110,0.243,106,0.233,94,0.264,62,0.225,64,0.268,57,0.277,41,0.267,40,0.299,27,0.459,12,0.334,12,0.485,5,0.236,7,0.205,16,0.201,31,0.197,44,0.176,48,0.172,51,0.192,61,0.224,60,0.198,91,0.266,114,0.316,105,0.275,114,0.275,107,0.235,127,0.28,179,0.482,80,0.277,61,0.25,44,0.197,61,0.309,56,0.229,34,0.228,17,0.199,15,0.24,14,0.37,12,0.411,15,0.36,20,0.277,12,0.108,20,0.122,40,0.17,52,0.175,64,0.193,67,0.186,74,0.202,69,0.182,79,0.2,98,0.242,95,0.245,84,0.256,66,0.244,65,0.259,61,0.256,65,0.305,61,0.268,34,0.223,21,0.217,20,0.268,13,0.311,10,0.32,15,0.401,12,0.214,25,0.311,18,0.138,32,0.153,42,0.15,38,0.119,52,0.148,69,0.191,74,0.204,81,0.218,84,0.222,99,0.271,66,0.226,66,0.27,60,0.282,56,0.342,53,0.444
Region 12,Region 18,0,0,1,0.022,0,0,0,0,0,0,0,0,2,0.024,1,0.006,1,0.003,1,0.003,1,0.004,1,0.004,2,0.007,2,0.006,2,0.006,4,0.012,0,0,2,0.004,2,0.004,2,0.006,2,0.007,4,0.017,1,0.005,1,0.007,2,0.015,1,0.017,0,0,1,0.04,2,0.095,0,0,0,0,0,0,1,0.004,0,0,0,0,1,0.004,1,0.003,1,0.003,2,0.006,4,0.01,3,0.007,3,0.007,3,0.007,3,0.008,4,0.014,1,0.004,2,0.009,0,0,4,0.016,1,0.007,0,0,0,0,0,0,1,0.034,1,0.024,0,0,0,0,2,0.012,1,0.004,2,0.007,2,0.006,3,0.008,6,0.016,2,0.005,6,0.015,4,0.01,0,0,2,0.006,3,0.011,0,0,0,0,1,0.005,3,0.013,0,0,1,0.01,2,0.027,0,0,1,0.032,0,0,0,0,0,0,0,0,0,0,0,0,2,0.006,1,0.003,2,0.006,5,0.014,1,0.003,1,0.003,3,0.008,1,0.003,3,0.012,2,0.009,1,0.006,1,0.008
Region 12,Region 19,2,0.02,1,0.022,1,0.035,1,0.051,0,0,0,0,4,0.048,2,0.011,1,0.003,5,0.015,0,0,4,0.015,3,0.01,9,0.028,5,0.015,5,0.015,9,0.023,9,0.02,14,0.031,7,0.02,7,0.025,8,0.033,6,0.029,4,0.026,3,0.022,1,0.017,0,0,0,0,1,0.047,0,0,0,0,1,0.006,2,0.008,0,0,0,0,4,0.015,5,0.016,3,0.009,9,0.025,14,0.037,4,0.01,16,0.035,10,0.022,3,0.008,7,0.024,4,0.016,2,0.009,2,0.01,8,0.033,2,0.013,2,0.023,0,0,0,0,0,0,0,0,2,0.028,1,0.009,1,0.006,2,0.009,6,0.02,1,0.003,6,0.017,3,0.008,6,0.016,7,0.018,7,0.017,9,0.023,6,0.018,6,0.022,3,0.012,4,0.017,7,0.033,6,0.026,1,0.007,2,0.021,2,0.027,0,0,2,0.064,1,0.027,3,0.054,0,0,0,0,3,0.014,5,0.018,2,0.006,5,0.014,4,0.011,6,0.017,9,0.024,8,0.021,6,0.016,6,0.021,5,0.02,5,0.024,3,0.018,1,0.008
Region 12,Region 20,19,0.189,7,0.154,3,0.106,3,0.152,5,0.268,1,0.029,11,0.132,12,0.069,27,0.087,34,0.099,27,0.095,31,0.116,25,0.086,31,0.095,32,0.098,54,0.157,48,0.124,45,0.1,52,0.114,39,0.109,25,0.091,37,0.155,31,0.151,16,0.104,19,0.142,12,0.204,5,0.139,4,0.162,2,0.095,3,0.088,9,0.113,18,0.114,24,0.096,21,0.075,25,0.094,19,0.07,43,0.142,38,0.111,35,0.097,47,0.123,51,0.123,46,0.101,56,0.123,46,0.124,34,0.118,34,0.139,36,0.161,31,0.157,30,0.123,13,0.087,15,0.176,10,0.16,3,0.079,2,0.068,3,0.072,2,0.028,7,0.063,7,0.043,15,0.064,17,0.057,34,0.102,30,0.083,31,0.085,27,0.071,36,0.091,28,0.069,41,0.106,40,0.122,31,0.115,29,0.116,34,0.142,34,0.16,17,0.075,15,0.099,18,0.186,7,0.094,3,0.072,5,0.16,5,0.134,13,0.232,5,0.062,4,0.031,15,0.072,15,0.054,19,0.059,28,0.08,23,0.064,34,0.094,20,0.054,29,0.077,36,0.099,38,0.13,27,0.111,32,0.15,20,0.122,18,0.151
Region 12,Region 21,4,0.04,0,0,0,0,1,0.051,0,0,0,0,0,0,4,0.023,2,0.006,7,0.02,5,0.018,7,0.026,8,0.027,5,0.015,7,0.021,10,0.029,9,0.023,11,0.024,9,0.02,4,0.011,3,0.011,10,0.042,5,0.024,2,0.013,3,0.022,0,0,3,0.083,0,0,0,0,0,0,0,0,0,0,3,0.012,3,0.011,4,0.015,6,0.022,8,0.026,17,0.05,9,0.025,7,0.018,5,0.012,13,0.029,13,0.029,13,0.035,9,0.031,5,0.02,10,0.045,5,0.025,0,0,1,0.007,4,0.047,0,0,0,0,0,0,0,0,0,0,3,0.027,1,0.006,6,0.026,6,0.02,9,0.027,13,0.036,11,0.03,9,0.024,7,0.018,10,0.025,12,0.031,6,0.018,6,0.022,8,0.032,9,0.038,5,0.023,3,0.013,3,0.02,1,0.01,3,0.04,1,0.024,0,0,0,0,1,0.018,1,0.012,2,0.015,2,0.01,13,0.047,6,0.019,4,0.011,9,0.025,10,0.028,9,0.024,5,0.013,5,0.014,4,0.014,5,0.02,5,0.024,2,0.012,6,0.05
Region 12,Region 22,12,0.119,5,0.11,3,0.106,0,0,1,0.054,2,0.058,1,0.012,4,0.023,11,0.035,15,0.044,20,0.071,26,0.098,19,0.065,45,0.139,39,0.119,29,0.085,49,0.127,39,0.086,68,0.15,46,0.129,35,0.127,30,0.125,23,0.112,13,0.085,6,0.045,2,0.034,3,0.083,3,0.121,2,0.095,0,0,0,0,2,0.013,11,0.044,14,0.05,20,0.075,19,0.07,22,0.073,40,0.117,44,0.122,44,0.115,42,0.101,47,0.103,44,0.097,40,0.108,29,0.101,14,0.057,15,0.067,16,0.081,18,0.074,5,0.034,9,0.106,4,0.064,4,0.106,4,0.137,3,0.072,2,0.028,7,0.063,12,0.073,12,0.051,30,0.101,37,0.112,46,0.128,40,0.109,49,0.129,41,0.104,37,0.091,51,0.131,37,0.113,25,0.092,24,0.096,34,0.142,18,0.085,17,0.075,6,0.039,11,0.114,1,0.013,7,0.168,5,0.16,3,0.08,5,0.089,4,0.05,8,0.061,9,0.043,23,0.082,33,0.103,34,0.097,49,0.136,39,0.107,30,0.081,45,0.119,32,0.088,42,0.144,31,0.127,22,0.103,27,0.165,11,0.092
Region 12,Region 23,16,0.159,6,0.132,4,0.141,6,0.303,2,0.107,6,0.175,10,0.12,18,0.103,22,0.071,22,0.064,18,0.064,26,0.098,23,0.079,29,0.089,28,0.086,31,0.09,36,0.093,39,0.086,49,0.108,43,0.121,38,0.138,30,0.125,19,0.092,21,0.137,15,0.112,11,0.187,4,0.111,2,0.081,2,0.095,12,0.351,17,0.214,15,0.095,30,0.12,24,0.086,25,0.094,25,0.092,29,0.096,35,0.102,31,0.086,28,0.073,59,0.142,52,0.114,37,0.081,44,0.118,38,0.132,20,0.082,15,0.067,15,0.076,17,0.07,20,0.134,9,0.106,5,0.08,6,0.159,3,0.103,9,0.216,10,0.139,15,0.135,18,0.109,18,0.077,21,0.071,28,0.084,56,0.155,39,0.107,33,0.087,40,0.101,28,0.069,44,0.113,33,0.101,36,0.133,37,0.148,32,0.134,21,0.099,22,0.097,16,0.105,13,0.135,11,0.147,6,0.144,2,0.064,11,0.294,8,0.143,11,0.137,10,0.076,25,0.12,27,0.097,26,0.081,41,0.117,41,0.113,36,0.099,37,0.1,34,0.09,34,0.093,41,0.14,44,0.18,26,0.122,18,0.11,14,0.117
Region 12,Region 24,12,0.119,2,0.044,0,0,5,0.253,1,0.054,3,0.087,5,0.06,19,0.109,15,0.048,25,0.073,18,0.064,31,0.116,28,0.096,30,0.092,45,0.138,54,0.157,40,0.104,67,0.148,35,0.077,25,0.07,24,0.087,13,0.054,13,0.063,11,0.072,8,0.06,4,0.068,1,0.028,7,0.283,1,0.047,2,0.058,6,0.076,10,0.063,19,0.076,16,0.057,17,0.064,28,0.103,28,0.092,40,0.117,39,0.108,57,0.149,55,0.133,50,0.11,47,0.103,42,0.113,35,0.121,28,0.115,18,0.081,20,0.101,20,0.082,16,0.107,4,0.047,4,0.064,2,0.053,6,0.205,7,0.168,2,0.028,13,0.117,16,0.097,42,0.179,41,0.138,49,0.148,42,0.117,44,0.12,46,0.121,46,0.117,32,0.079,57,0.147,36,0.11,35,0.129,34,0.136,28,0.117,24,0.113,12,0.053,6,0.039,5,0.052,9,0.121,8,0.192,8,0.256,5,0.134,7,0.125,4,0.05,9,0.069,21,0.1,51,0.183,41,0.128,58,0.165,38,0.105,46,0.127,37,0.1,28,0.074,34,0.093,17,0.058,28,0.115,18,0.085,17,0.104,12,0.1
Region 12,Region 25,5,0.05,0,0,0,0,1,0.051,0,0,1,0.029,0,0,2,0.011,1,0.003,2,0.006,5,0.018,4,0.015,4,0.014,6,0.018,5,0.015,2,0.006,4,0.01,3,0.007,4,0.009,9,0.025,4,0.015,3,0.013,4,0.019,5,0.033,7,0.052,1,0.017,1,0.028,1,0.04,0,0,1,0.029,0,0,1,0.006,4,0.016,5,0.018,7,0.026,5,0.018,3,0.01,3,0.009,4,0.011,6,0.016,9,0.022,6,0.013,8,0.018,7,0.019,9,0.031,1,0.004,4,0.018,6,0.03,2,0.008,3,0.02,0,0,1,0.016,1,0.026,0,0,0,0,3,0.042,1,0.009,4,0.024,4,0.017,2,0.007,3,0.009,4,0.011,8,0.022,7,0.018,3,0.008,4,0.01,12,0.031,10,0.03,5,0.018,4,0.016,4,0.017,5,0.023,1,0.004,3,0.02,0,0,1,0.013,3,0.072,1,0.032,3,0.08,2,0.036,2,0.025,0,0,7,0.033,2,0.007,1,0.003,2,0.006,9,0.025,5,0.014,6,0.016,7,0.019,4,0.011,6,0.021,6,0.025,4,0.019,0,0,3,0.025
Region 13,Region 0,18,0.179,8,0.175,5,0.176,1,0.051,5,0.268,2,0.058,11,0.132,38,0.217,83,0.268,86,0.25,69,0.244,61,0.229,74,0.254,76,0.234,80,0.245,81,0.236,73,0.189,80,0.177,92,0.203,68,0.191,68,0.247,65,0.272,55,0.267,37,0.241,34,0.254,10,0.17,6,0.167,3,0.121,9,0.426,7,0.205,15,0.189,37,0.235,60,0.24,72,0.258,94,0.353,65,0.238,80,0.264,80,0.234,90,0.25,83,0.217,103,0.248,89,0.196,86,0.189,85,0.229,73,0.253,57,0.234,36,0.161,41,0.207,50,0.205,27,0.181,19,0.223,15,0.24,10,0.264,3,0.103,3,0.072,9,0.125,24,0.217,43,0.261,43,0.183,73,0.245,74,0.223,82,0.227,94,0.257,85,0.224,111,0.281,105,0.259,82,0.211,72,0.219,71,0.262,51,0.204,55,0.23,55,0.258,47,0.207,41,0.27,37,0.383,25,0.335,15,0.359,6,0.192,2,0.053,13,0.232,12,0.149,25,0.191,49,0.234,64,0.229,83,0.26,105,0.299,117,0.324,85,0.234,98,0.264,107,0.283,88,0.241,70,0.239,61,0.25,40,0.188,40,0.244,15,0.126
Region 13,Region 1,45,0.447,12,0.263,1,0.035,6,0.303,6,0.322,10,0.291,23,0.276,56,0.32,118,0.381,147,0.428,106,0.375,75,0.282,95,0.326,100,0.308,104,0.318,89,0.259,108,0.28,166,0.367,192,0.423,173,0.485,122,0.443,87,0.364,70,0.34,62,0.403,54,0.404,19,0.323,9,0.25,4,0.162,4,0.189,5,0.146,21,0.264,41,0.26,75,0.3,97,0.348,99,0.372,98,0.359,102,0.336,113,0.33,97,0.269,93,0.243,101,0.243,136,0.299,211,0.464,190,0.511,151,0.524,123,0.504,115,0.515,106,0.536,103,0.421,55,0.369,42,0.493,26,0.416,7,0.185,9,0.308,3,0.072,20,0.277,25,0.226,42,0.255,79,0.336,80,0.269,144,0.434,138,0.383,156,0.426,162,0.427,190,0.482,214,0.528,236,0.608,216,0.658,163,0.603,151,0.603,131,0.549,108,0.507,93,0.409,71,0.467,45,0.466,22,0.295,11,0.264,12,0.384,4,0.107,15,0.268,17,0.212,48,0.367,93,0.445,104,0.372,95,0.297,130,0.371,119,0.329,123,0.338,123,0.331,146,0.387,158,0.433,148,0.506,113,0.463,81,0.381,45,0.274,32,0.268
Region 13,Region 2,25,0.248,16,0.351,8,0.281,7,0.354,6,0.322,11,0.32,32,0.384,96,0.549,247,0.797,300,0.873,194,0.686,117,0.439,121,0.415,116,0.357,114,0.349,89,0.259,109,0.283,110,0.243,191,0.421,260,0.729,157,0.57,94,0.393,59,0.287,49,0.319,56,0.419,15,0.255,10,0.278,10,0.404,6,0.284,7,0.205,31,0.39,53,0.336,113,0.452,146,0.524,104,0.391,81,0.297,90,0.297,110,0.321,89,0.247,92,0.241,114,0.275,132,0.29,187,0.412,196,0.528,169,0.586,167,0.685,128,0.574,153,0.774,128,0.524,91,0.611,69,0.81,41,0.656,15,0.396,8,0.274,14,0.336,25,0.346,51,0.461,85,0.517,130,0.553,135,0.454,176,0.53,135,0.375,166,0.454,284,0.749,434,1.1,663,1.635,627,1.615,394,1.2,180,0.665,180,0.718,187,0.784,185,0.869,158,0.695,119,0.782,76,0.787,40,0.536,23,0.551,9,0.288,15,0.401,22,0.393,28,0.349,60,0.459,123,0.588,153,0.548,134,0.419,100,0.285,102,0.282,115,0.316,133,0.358,161,0.426,150,0.411,132,0.451,85,0.348,60,0.282,59,0.36,39,0.327
Region 13,Region 3,5,0.05,7,0.154,3,0.106,2,0.101,0,0,0,0,1,0.012,2,0.011,2,0.006,9,0.026,11,0.039,14,0.053,9,0.031,15,0.046,15,0.046,9,0.026,10,0.026,12,0.027,11,0.024,8,0.022,11,0.04,7,0.029,8,0.039,9,0.059,4,0.03,4,0.068,3,0.083,2,0.081,0,0,0,0,0,0,3,0.019,3,0.012,7,0.025,10,0.038,18,0.066,9,0.03,9,0.026,8,0.022,12,0.031,10,0.024,11,0.024,17,0.037,15,0.04,11,0.038,10,0.041,5,0.022,5,0.025,9,0.037,8,0.054,1,0.012,4,0.064,0,0,0,0,0,0,3,0.042,3,0.027,4,0.024,11,0.047,17,0.057,19,0.057,13,0.036,13,0.036,19,0.05,13,0.033,18,0.044,15,0.039,25,0.076,15,0.055,11,0.044,9,0.038,6,0.028,8,0.035,4,0.026,2,0.021,7,0.094,0,0,1,0.032,0,0,1,0.018,2,0.025,8,0.061,9,0.043,13,0.047,16,0.05,16,0.046,8,0.022,14,0.039,15,0.04,20,0.053,8,0.022,14,0.048,13,0.053,12,0.056,7,0.043,5,0.042
Region 13,Region 4,17,0.169,7,0.154,7,0.246,6,0.303,4,0.215,4,0.116,2,0.024,4,0.023,19,0.061,30,0.087,37,0.131,45,0.169,38,0.13,41,0.126,42,0.129,43,0.125,38,0.099,58,0.128,45,0.099,60,0.168,57,0.207,56,0.234,29,0.141,25,0.163,28,0.209,9,0.153,9,0.25,4,0.162,6,0.284,2,0.058,5,0.063,12,0.076,25,0.1,31,0.111,42,0.158,43,0.158,51,0.168,53,0.155,43,0.119,52,0.136,51,0.123,54,0.119,66,0.145,64,0.172,72,0.25,66,0.271,50,0.224,46,0.233,77,0.315,52,0.349,22,0.258,20,0.32,10,0.264,2,0.068,7,0.168,4,0.055,7,0.063,20,0.122,26,0.111,60,0.202,58,0.175,56,0.155,72,0.197,58,0.153,69,0.175,64,0.158,76,0.196,62,0.189,42,0.155,43,0.172,57,0.239,59,0.277,60,0.264,66,0.434,34,0.352,19,0.254,12,0.287,8,0.256,5,0.134,8,0.143,7,0.087,28,0.214,40,0.191,49,0.175,71,0.222,75,0.214,77,0.213,81,0.223,63,0.17,57,0.151,54,0.148,60,0.205,50,0.205,53,0.249,31,0.189,24,0.201
Region 13,Region 5,2,0.02,0,0,1,0.035,1,0.051,0,0,2,0.058,5,0.06,7,0.04,13,0.042,7,0.02,11,0.039,16,0.06,13,0.045,7,0.022,8,0.024,7,0.02,5,0.013,5,0.011,6,0.013,9,0.025,11,0.04,16,0.067,6,0.029,13,0.085,6,0.045,2,0.034,2,0.056,0,0,0,0,3,0.088,8,0.101,12,0.076,8,0.032,14,0.05,9,0.034,6,0.022,9,0.03,7,0.02,9,0.025,8,0.021,12,0.029,8,0.018,9,0.02,14,0.038,11,0.038,10,0.041,13,0.058,11,0.056,5,0.02,11,0.074,1,0.012,5,0.08,1,0.026,0,0,2,0.048,2,0.028,6,0.054,10,0.061,10,0.043,17,0.057,16,0.048,23,0.064,16,0.044,29,0.077,22,0.056,17,0.042,10,0.026,7,0.021,14,0.052,9,0.036,11,0.046,9,0.042,11,0.048,9,0.059,8,0.083,3,0.04,3,0.072,1,0.032,2,0.053,2,0.036,6,0.075,4,0.031,17,0.081,14,0.05,14,0.044,15,0.043,18,0.05,17,0.047,16,0.043,14,0.037,15,0.041,9,0.031,14,0.057,6,0.028,4,0.024,3,0.025
Region 13,Region 6,8,0.079,4,0.088,3,0.106,2,0.101,0,0,0,0,1,0.012,7,0.04,14,0.045,28,0.081,26,0.092,18,0.068,15,0.051,23,0.071,25,0.077,27,0.079,24,0.062,26,0.058,37,0.081,29,0.081,32,0.116,20,0.084,20,0.097,12,0.078,9,0.067,5,0.085,3,0.083,0,0,0,0,0,0,1,0.013,5,0.032,4,0.016,20,0.072,19,0.071,17,0.062,22,0.073,20,0.058,22,0.061,20,0.052,16,0.039,25,0.055,40,0.088,32,0.086,43,0.149,29,0.119,12,0.054,16,0.081,11,0.045,8,0.054,2,0.023,3,0.048,1,0.026,0,0,0,0,2,0.028,2,0.018,4,0.024,23,0.098,22,0.074,26,0.078,35,0.097,27,0.074,19,0.05,34,0.086,31,0.076,33,0.085,33,0.101,31,0.115,19,0.076,17,0.071,8,0.038,8,0.035,9,0.059,4,0.041,4,0.054,2,0.048,2,0.064,2,0.053,3,0.054,4,0.05,13,0.099,17,0.081,26,0.093,21,0.066,20,0.057,30,0.083,21,0.058,17,0.046,30,0.079,40,0.11,23,0.079,15,0.061,24,0.113,9,0.055,5,0.042
Region 13,Region 7,37,0.367,23,0.504,19,0.668,8,0.404,7,0.376,13,0.378,22,0.264,78,0.446,81,0.261,84,0.244,87,0.308,98,0.368,109,0.374,96,0.295,104,0.318,108,0.315,79,0.205,101,0.223,115,0.253,129,0.362,108,0.392,106,0.443,77,0.374,47,0.306,42,0.314,16,0.272,13,0.362,15,0.606,8,0.378,10,0.292,26,0.327,67,0.425,80,0.32,69,0.248,77,0.289,93,0.341,102,0.336,115,0.336,104,0.288,101,0.264,98,0.236,105,0.231,99,0.218,121,0.326,111,0.385,92,0.377,81,0.363,69,0.349,70,0.286,43,0.289,33,0.387,19,0.304,12,0.317,6,0.205,6,0.144,20,0.277,29,0.262,29,0.176,52,0.221,83,0.279,117,0.353,109,0.302,121,0.331,110,0.29,118,0.299,106,0.261,105,0.27,118,0.359,121,0.447,107,0.427,100,0.419,90,0.423,72,0.317,54,0.355,31,0.321,28,0.375,20,0.479,7,0.224,13,0.347,25,0.447,23,0.286,29,0.222,65,0.311,71,0.254,72,0.225,83,0.237,114,0.315,98,0.27,105,0.283,106,0.281,122,0.334,104,0.356,92,0.377,97,0.456,65,0.396,43,0.36
Region 13,Region 8,100,0.993,33,0.724,31,1.09,18,0.91,14,0.751,42,1.222,123,1.476,289,1.654,484,1.561,502,1.46,387,1.368,401,1.505,408,1.401,383,1.179,410,1.255,377,1.099,397,1.029,434,0.96,405,0.892,321,0.9,309,1.122,238,0.995,232,1.127,148,0.962,108,0.807,41,0.698,35,0.974,34,1.374,27,1.277,45,1.315,127,1.599,290,1.84,385,1.541,442,1.587,441,1.658,427,1.566,456,1.504,411,1.2,394,1.092,452,1.182,443,1.068,402,0.884,401,0.883,358,0.964,265,0.919,247,1.012,198,0.887,152,0.769,178,0.728,90,0.605,55,0.645,41,0.656,31,0.819,30,1.027,60,1.441,129,1.788,189,1.707,347,2.11,485,2.062,524,1.761,536,1.615,566,1.57,520,1.421,508,1.34,484,1.227,515,1.27,520,1.339,459,1.398,391,1.446,288,1.149,255,1.068,190,0.893,178,0.783,125,0.822,78,0.808,54,0.723,39,0.934,32,1.024,46,1.229,104,1.858,145,1.805,275,2.103,422,2.019,435,1.557,443,1.387,461,1.314,450,1.245,469,1.29,430,1.159,337,0.892,322,0.883,272,0.93,227,0.929,257,1.208,177,1.079,94,0.787
Region 13,Region 9,2,0.02,2,0.044,2,0.07,3,0.152,5,0.268,2,0.058,7,0.084,7,0.04,4,0.013,9,0.026,8,0.028,13,0.049,11,0.038,15,0.046,19,0.058,18,0.052,26,0.067,13,0.029,22,0.048,12,0.034,10,0.036,16,0.067,9,0.044,7,0.046,3,0.022,3,0.051,1,0.028,3,0.121,4,0.189,5,0.146,3,0.038,8,0.051,19,0.076,9,0.032,9,0.034,16,0.059,20,0.066,14,0.041,20,0.055,22,0.058,23,0.055,25,0.055,21,0.046,10,0.027,10,0.035,7,0.029,8,0.036,11,0.056,2,0.008,7,0.047,1,0.012,2,0.032,0,0,1,0.034,3,0.072,3,0.042,4,0.036,11,0.067,13,0.055,29,0.097,27,0.081,34,0.094,30,0.082,13,0.034,25,0.063,25,0.062,17,0.044,19,0.058,15,0.055,4,0.016,8,0.034,9,0.042,2,0.009,5,0.033,5,0.052,2,0.027,2,0.048,1,0.032,5,0.134,4,0.071,6,0.075,10,0.076,15,0.072,34,0.122,21,0.066,33,0.094,33,0.091,33,0.091,22,0.059,18,0.048,19,0.052,9,0.031,4,0.016,9,0.042,7,0.043,5,0.042
Region 13,Region 10,28,0.278,16,0.351,8,0.281,6,0.303,8,0.429,24,0.698,62,0.744,95,0.544,143,0.461,153,0.445,124,0.438,110,0.413,149,0.512,141,0.434,150,0.459,161,0.469,208,0.539,203,0.449,142,0.313,122,0.342,110,0.399,108,0.452,105,0.51,65,0.423,41,0.307,16,0.272,17,0.473,11,0.444,5,0.236,10,0.292,46,0.579,100,0.635,144,0.576,141,0.506,138,0.519,132,0.484,140,0.462,112,0.327,154,0.427,171,0.447,159,0.383,168,0.37,132,0.291,121,0.326,120,0.416,88,0.361,91,0.408,71,0.359,65,0.266,34,0.228,30,0.352,21,0.336,7,0.185,5,0.171,10,0.24,25,0.346,52,0.47,95,0.578,128,0.544,164,0.551,146,0.44,144,0.399,153,0.418,159,0.42,158,0.401,171,0.422,146,0.376,121,0.369,96,0.355,102,0.407,93,0.39,60,0.282,70,0.308,50,0.329,35,0.362,23,0.308,16,0.383,19,0.608,8,0.214,21,0.375,43,0.535,69,0.528,106,0.507,138,0.494,138,0.432,93,0.265,151,0.418,160,0.44,127,0.342,111,0.294,125,0.343,100,0.342,88,0.36,75,0.353,60,0.366,44,0.368
Region 13,Region 11,5,0.05,0,0,2,0.07,1,0.051,0,0,1,0.029,1,0.012,4,0.023,6,0.019,5,0.015,1,0.004,3,0.011,1,0.003,10,0.031,6,0.018,3,0.009,5,0.013,5,0.011,8,0.018,5,0.014,8,0.029,4,0.017,11,0.053,7,0.046,7,0.052,2,0.034,0,0,1,0.04,1,0.047,2,0.058,0,0,2,0.013,2,0.008,3,0.011,5,0.019,5,0.018,7,0.023,8,0.023,6,0.017,9,0.024,4,0.01,6,0.013,2,0.004,9,0.024,6,0.021,5,0.02,3,0.013,5,0.025,6,0.025,5,0.034,1,0.012,2,0.032,2,0.053,1,0.034,4,0.096,2,0.028,0,0,0,0,1,0.004,4,0.013,6,0.018,4,0.011,10,0.027,12,0.032,5,0.013,7,0.017,6,0.015,7,0.021,7,0.026,3,0.012,6,0.025,9,0.042,6,0.026,7,0.046,3,0.031,3,0.04,1,0.024,0,0,0,0,0,0,2,0.025,3,0.023,6,0.029,6,0.021,8,0.025,6,0.017,9,0.025,6,0.017,4,0.011,6,0.016,9,0.025,6,0.021,6,0.025,5,0.024,11,0.067,6,0.05
Region 13,Region 12,20,0.199,10,0.219,8,0.281,10,0.505,1,0.054,0,0,14,0.168,35,0.2,57,0.184,51,0.148,64,0.226,40,0.15,55,0.189,52,0.16,66,0.202,55,0.16,39,0.101,54,0.119,65,0.143,58,0.163,39,0.142,35,0.146,26,0.126,26,0.169,21,0.157,8,0.136,3,0.083,4,0.162,4,0.189,6,0.175,15,0.189,37,0.235,47,0.188,38,0.136,44,0.165,43,0.158,46,0.152,50,0.146,46,0.128,52,0.136,47,0.113,49,0.108,48,0.106,43,0.116,41,0.142,43,0.176,41,0.184,28,0.142,26,0.106,15,0.101,2,0.023,7,0.112,10,0.264,6,0.205,7,0.168,17,0.236,23,0.208,31,0.188,31,0.132,34,0.114,59,0.178,52,0.144,46,0.126,51,0.135,50,0.127,53,0.131,60,0.155,44,0.134,42,0.155,43,0.172,36,0.151,35,0.164,25,0.11,20,0.131,20,0.207,10,0.134,8,0.192,7,0.224,6,0.16,15,0.268,8,0.1,32,0.245,34,0.163,45,0.161,44,0.138,47,0.134,57,0.158,55,0.151,38,0.102,46,0.122,50,0.137,60,0.205,31,0.127,28,0.132,14,0.085,26,0.218
Region 13,Region 13,114,1.132,53,1.163,26,0.915,24,1.213,10,0.536,22,0.64,38,0.456,131,0.75,275,0.887,389,1.131,384,1.358,357,1.34,369,1.267,411,1.265,439,1.344,432,1.259,444,1.151,455,1.006,487,1.072,479,1.343,401,1.456,358,1.497,244,1.185,195,1.268,174,1.301,65,1.106,35,0.974,22,0.889,21,0.993,13,0.38,36,0.453,122,0.774,288,1.152,308,1.106,335,1.259,358,1.313,417,1.375,426,1.244,408,1.131,418,1.093,428,1.032,433,0.952,503,1.107,456,1.228,380,1.318,380,1.558,293,1.313,244,1.235,292,1.194,163,1.095,93,1.091,69,1.104,45,1.189,23,0.787,31,0.744,44,0.61,105,0.948,176,1.07,251,1.067,358,1.203,416,1.254,479,1.329,553,1.512,540,1.425,550,1.395,523,1.289,546,1.406,424,1.291,325,1.202,330,1.317,330,1.383,279,1.311,278,1.222,213,1.4,102,1.056,88,1.178,44,1.054,26,0.832,36,0.962,39,0.697,70,0.871,124,0.948,242,1.158,338,1.21,408,1.277,448,1.277,491,1.358,477,1.312,461,1.242,473,1.252,431,1.182,369,1.262,275,1.126,258,1.213,229,1.397,129,1.08
Region 13,Region 14,31,0.308,14,0.307,6,0.211,4,0.202,7,0.376,19,0.553,34,0.408,37,0.212,65,0.21,65,0.189,67,0.237,77,0.289,91,0.312,81,0.249,89,0.272,92,0.268,89,0.231,81,0.179,60,0.132,53,0.149,57,0.207,60,0.251,47,0.228,25,0.163,23,0.172,17,0.289,13,0.362,3,0.121,4,0.189,20,0.584,24,0.302,43,0.273,71,0.284,72,0.258,66,0.248,59,0.216,93,0.307,98,0.286,71,0.197,89,0.233,105,0.253,100,0.22,72,0.158,64,0.172,56,0.194,54,0.221,47,0.211,36,0.182,44,0.18,30,0.202,9,0.106,20,0.32,14,0.37,15,0.513,20,0.48,21,0.291,43,0.388,46,0.28,66,0.281,83,0.279,72,0.217,92,0.255,90,0.246,98,0.259,106,0.269,91,0.224,74,0.191,78,0.238,64,0.237,66,0.263,41,0.172,58,0.273,63,0.277,55,0.362,26,0.269,16,0.214,13,0.311,23,0.736,20,0.534,20,0.357,31,0.386,24,0.184,70,0.335,91,0.326,95,0.297,114,0.325,99,0.274,89,0.245,87,0.234,89,0.236,82,0.225,68,0.233,43,0.176,63,0.296,44,0.268,25,0.209
Region 13,Region 15,3,0.03,0,0,2,0.07,0,0,0,0,1,0.029,0,0,1,0.006,3,0.01,5,0.015,7,0.025,3,0.011,6,0.021,7,0.022,7,0.021,6,0.017,5,0.013,5,0.011,4,0.009,6,0.017,5,0.018,7,0.029,5,0.024,8,0.052,4,0.03,2,0.034,1,0.028,1,0.04,1,0.047,0,0,1,0.013,1,0.006,1,0.004,8,0.029,3,0.011,3,0.011,12,0.04,2,0.006,7,0.019,7,0.018,6,0.014,7,0.015,8,0.018,2,0.005,5,0.017,7,0.029,12,0.054,5,0.025,10,0.041,3,0.02,3,0.035,2,0.032,4,0.106,1,0.034,1,0.024,1,0.014,2,0.018,3,0.018,4,0.017,9,0.03,2,0.006,5,0.014,10,0.027,6,0.016,11,0.028,8,0.02,10,0.026,5,0.015,6,0.022,6,0.024,8,0.034,9,0.042,9,0.04,5,0.033,5,0.052,6,0.08,3,0.072,1,0.032,0,0,1,0.018,2,0.025,2,0.015,3,0.014,7,0.025,5,0.016,9,0.026,1,0.003,5,0.014,4,0.011,7,0.019,6,0.016,6,0.021,6,0.025,7,0.033,4,0.024,3,0.025
Region 13,Region 16,5,0.05,1,0.022,0,0,0,0,0,0,0,0,1,0.012,0,0,3,0.01,10,0.029,9,0.032,6,0.023,7,0.024,9,0.028,4,0.012,7,0.02,6,0.016,8,0.018,14,0.031,12,0.034,12,0.044,6,0.025,7,0.034,4,0.026,3,0.022,3,0.051,1,0.028,0,0,0,0,0,0,0,0,3,0.019,4,0.016,11,0.039,3,0.011,14,0.051,11,0.036,8,0.023,8,0.022,9,0.024,8,0.019,7,0.015,12,0.026,10,0.027,7,0.024,6,0.025,5,0.022,0,0,1,0.004,1,0.007,0,0,0,0,0,0,0,0,0,0,1,0.014,3,0.027,3,0.018,4,0.017,11,0.037,22,0.066,13,0.036,14,0.038,8,0.021,8,0.02,14,0.035,14,0.036,16,0.049,11,0.041,6,0.024,11,0.046,5,0.023,1,0.004,3,0.02,1,0.01,0,0,0,0,1,0.032,1,0.027,2,0.036,3,0.037,4,0.031,7,0.033,8,0.029,14,0.044,8,0.023,19,0.053,12,0.033,12,0.032,7,0.019,12,0.033,6,0.021,4,0.016,10,0.047,4,0.024,3,0.025
Region 13,Region 17,70,0.695,37,0.812,20,0.703,24,1.213,8,0.429,22,0.64,90,1.08,285,1.631,669,2.158,745,2.167,367,1.298,229,0.86,244,0.838,237,0.73,239,0.732,217,0.633,248,0.643,295,0.652,318,0.7,368,1.032,258,0.937,178,0.744,142,0.69,104,0.676,111,0.83,54,0.919,34,0.946,25,1.01,12,0.567,25,0.731,67,0.844,174,1.104,345,1.38,363,1.303,252,0.947,216,0.792,197,0.65,229,0.669,238,0.66,276,0.722,343,0.827,475,1.045,674,1.484,571,1.537,342,1.186,210,0.861,178,0.798,159,0.804,220,0.9,178,1.196,85,0.997,52,0.832,26,0.687,14,0.479,25,0.6,73,1.012,95,0.858,146,0.888,150,0.638,188,0.632,226,0.681,234,0.649,254,0.694,304,0.802,341,0.865,368,0.907,406,1.046,342,1.042,238,0.88,225,0.898,238,0.997,181,0.851,172,0.756,146,0.96,98,1.015,89,1.192,41,0.982,24,0.768,26,0.695,43,0.768,52,0.647,91,0.696,104,0.498,170,0.608,201,0.629,253,0.721,278,0.769,292,0.803,377,1.016,504,1.335,608,1.667,391,1.337,236,0.966,162,0.762,146,0.89,128,1.072
Region 13,Region 18,4,0.04,2,0.044,2,0.07,0,0,1,0.054,6,0.175,13,0.156,8,0.046,15,0.048,15,0.044,11,0.039,12,0.045,9,0.031,6,0.018,17,0.052,13,0.038,12,0.031,15,0.033,8,0.018,10,0.028,14,0.051,12,0.05,6,0.029,4,0.026,4,0.03,2,0.034,3,0.083,0,0,1,0.047,2,0.058,4,0.05,3,0.019,7,0.028,9,0.032,5,0.019,5,0.018,8,0.026,14,0.041,7,0.019,11,0.029,9,0.022,7,0.015,14,0.031,7,0.019,11,0.038,5,0.02,9,0.04,7,0.035,7,0.029,2,0.013,1,0.012,6,0.096,2,0.053,3,0.103,1,0.024,2,0.028,3,0.027,2,0.012,4,0.017,6,0.02,5,0.015,16,0.044,13,0.036,15,0.04,12,0.03,15,0.037,20,0.052,16,0.049,4,0.015,13,0.052,10,0.042,3,0.014,7,0.031,3,0.02,1,0.01,1,0.013,4,0.096,1,0.032,0,0,2,0.036,1,0.012,3,0.023,3,0.014,2,0.007,7,0.022,13,0.037,12,0.033,7,0.019,8,0.022,11,0.029,6,0.016,7,0.024,6,0.025,12,0.056,10,0.061,10,0.084
Region 13,Region 19,3,0.03,0,0,1,0.035,0,0,0,0,1,0.029,1,0.012,2,0.011,2,0.006,4,0.012,4,0.014,3,0.011,6,0.021,3,0.009,7,0.021,7,0.02,12,0.031,9,0.02,9,0.02,5,0.014,9,0.033,9,0.038,3,0.015,5,0.033,6,0.045,1,0.017,2,0.056,1,0.04,2,0.095,1,0.029,1,0.013,2,0.013,2,0.008,2,0.007,1,0.004,4,0.015,5,0.016,3,0.009,7,0.019,14,0.037,12,0.029,5,0.011,8,0.018,8,0.022,5,0.017,2,0.008,6,0.027,2,0.01,5,0.02,2,0.013,1,0.012,0,0,0,0,0,0,0,0,1,0.014,3,0.027,3,0.018,3,0.013,3,0.01,6,0.018,5,0.014,15,0.041,16,0.042,13,0.033,8,0.02,5,0.013,3,0.009,4,0.015,7,0.028,13,0.054,9,0.042,7,0.031,8,0.053,5,0.052,2,0.027,0,0,0,0,1,0.027,3,0.054,2,0.025,3,0.023,5,0.024,3,0.011,10,0.031,5,0.014,7,0.019,4,0.011,8,0.022,10,0.026,9,0.025,11,0.038,8,0.033,4,0.019,2,0.012,3,0.025
Region 13,Region 20,24,0.238,14,0.307,3,0.106,4,0.202,2,0.107,9,0.262,40,0.48,81,0.463,128,0.413,135,0.393,90,0.318,100,0.375,74,0.254,94,0.289,83,0.254,55,0.16,61,0.158,66,0.146,71,0.156,69,0.193,54,0.196,56,0.234,59,0.287,30,0.195,34,0.254,13,0.221,8,0.223,1,0.04,5,0.236,7,0.205,19,0.239,74,0.47,111,0.444,112,0.402,106,0.398,67,0.246,56,0.185,62,0.181,66,0.183,69,0.18,71,0.171,80,0.176,79,0.174,99,0.267,82,0.284,70,0.287,80,0.358,66,0.334,57,0.233,30,0.202,15,0.176,16,0.256,11,0.291,7,0.24,6,0.144,33,0.457,30,0.271,30,0.182,35,0.149,60,0.202,78,0.235,57,0.158,68,0.186,64,0.169,65,0.165,69,0.17,84,0.216,81,0.247,54,0.2,72,0.287,60,0.251,57,0.268,38,0.167,26,0.171,17,0.176,8,0.107,8,0.192,6,0.192,10,0.267,33,0.59,22,0.274,43,0.329,54,0.258,50,0.179,51,0.16,58,0.165,60,0.166,53,0.146,61,0.164,72,0.191,75,0.206,62,0.212,48,0.196,53,0.249,47,0.287,21,0.176
Region 13,Region 21,7,0.069,4,0.088,0,0,0,0,0,0,2,0.058,3,0.036,7,0.04,19,0.061,22,0.064,8,0.028,24,0.09,34,0.117,22,0.068,18,0.055,29,0.085,22,0.057,23,0.051,30,0.066,28,0.078,31,0.113,14,0.059,19,0.092,8,0.052,10,0.075,3,0.051,7,0.195,2,0.081,0,0,0,0,1,0.013,7,0.044,12,0.048,13,0.047,12,0.045,34,0.125,41,0.135,23,0.067,25,0.069,25,0.065,24,0.058,20,0.044,31,0.068,32,0.086,25,0.087,15,0.061,17,0.076,10,0.051,10,0.041,9,0.06,4,0.047,4,0.064,1,0.026,2,0.068,1,0.024,5,0.069,7,0.063,18,0.109,25,0.106,21,0.071,34,0.102,36,0.1,25,0.068,32,0.084,35,0.089,32,0.079,33,0.085,25,0.076,33,0.122,16,0.064,25,0.105,10,0.047,10,0.044,6,0.039,5,0.052,7,0.094,3,0.072,1,0.032,2,0.053,3,0.054,9,0.112,18,0.138,17,0.081,37,0.132,29,0.091,21,0.06,25,0.069,18,0.05,41,0.11,31,0.082,28,0.077,23,0.079,14,0.057,17,0.08,14,0.085,6,0.05
Region 13,Region 22,6,0.06,1,0.022,0,0,0,0,0,0,1,0.029,0,0,12,0.069,11,0.035,18,0.052,17,0.06,23,0.086,20,0.069,11,0.034,14,0.043,13,0.038,9,0.023,17,0.038,15,0.033,21,0.059,20,0.073,12,0.05,13,0.063,10,0.065,5,0.037,2,0.034,1,0.028,0,0,0,0,1,0.029,0,0,3,0.019,10,0.04,12,0.043,14,0.053,16,0.059,21,0.069,18,0.053,16,0.044,23,0.06,13,0.031,14,0.031,18,0.04,11,0.03,11,0.038,11,0.045,8,0.036,12,0.061,14,0.057,4,0.027,3,0.035,1,0.016,0,0,0,0,1,0.024,3,0.042,7,0.063,5,0.03,14,0.06,26,0.087,27,0.081,21,0.058,17,0.046,20,0.053,26,0.066,16,0.039,16,0.041,17,0.052,18,0.067,11,0.044,10,0.042,10,0.047,9,0.04,6,0.039,3,0.031,2,0.027,2,0.048,4,0.128,3,0.08,2,0.036,3,0.037,3,0.023,12,0.057,21,0.075,22,0.069,19,0.054,19,0.053,19,0.052,27,0.073,24,0.064,18,0.049,12,0.041,7,0.029,13,0.061,11,0.067,3,0.025
Region 13,Region 23,25,0.248,11,0.241,11,0.387,5,0.253,6,0.322,8,0.233,19,0.228,32,0.183,68,0.219,45,0.131,35,0.124,45,0.169,58,0.199,61,0.188,70,0.214,94,0.274,93,0.241,108,0.239,91,0.2,66,0.185,68,0.247,63,0.263,65,0.316,30,0.195,40,0.299,16,0.272,11,0.306,7,0.283,3,0.142,7,0.205,12,0.151,32,0.203,47,0.188,54,0.194,54,0.203,60,0.22,60,0.198,71,0.207,83,0.23,77,0.201,91,0.219,68,0.15,96,0.211,73,0.197,64,0.222,54,0.221,61,0.273,58,0.293,71,0.29,37,0.249,22,0.258,29,0.464,13,0.343,8,0.274,8,0.192,17,0.236,25,0.226,40,0.243,58,0.247,61,0.205,70,0.211,83,0.23,102,0.279,98,0.259,98,0.248,77,0.19,68,0.175,83,0.253,68,0.251,71,0.283,48,0.201,49,0.23,53,0.233,35,0.23,28,0.29,23,0.308,18,0.431,11,0.352,14,0.374,15,0.268,19,0.237,33,0.252,33,0.158,44,0.157,64,0.2,93,0.265,88,0.243,73,0.201,80,0.216,93,0.246,73,0.2,67,0.229,52,0.213,47,0.221,48,0.293,30,0.251
Region 13,Region 24,0,0,1,0.022,2,0.07,0,0,0,0,0,0,0,0,3,0.017,7,0.023,8,0.023,7,0.025,5,0.019,4,0.014,3,0.009,7,0.021,10,0.029,12,0.031,10,0.022,3,0.007,13,0.036,14,0.051,13,0.054,7,0.034,5,0.033,0,0,1,0.017,1,0.028,1,0.04,0,0,1,0.029,0,0,3,0.019,6,0.024,5,0.018,10,0.038,7,0.026,13,0.043,8,0.023,8,0.022,8,0.021,4,0.01,7,0.015,8,0.018,8,0.022,10,0.035,13,0.053,4,0.018,3,0.015,2,0.008,3,0.02,1,0.012,0,0,1,0.026,1,0.034,3,0.072,3,0.042,2,0.018,9,0.055,10,0.043,17,0.057,8,0.024,12,0.033,7,0.019,8,0.021,10,0.025,10,0.025,13,0.033,5,0.015,5,0.018,11,0.044,5,0.021,2,0.009,3,0.013,5,0.033,5,0.052,2,0.027,2,0.048,0,0,1,0.027,0,0,2,0.025,10,0.076,9,0.043,10,0.036,10,0.031,9,0.026,11,0.03,11,0.03,12,0.032,10,0.026,15,0.041,15,0.051,9,0.037,9,0.042,6,0.037,1,0.008
Region 13,Region 25,13,0.129,8,0.175,6,0.211,5,0.253,0,0,5,0.146,7,0.084,15,0.086,19,0.061,34,0.099,28,0.099,27,0.101,31,0.106,23,0.071,39,0.119,28,0.082,33,0.086,27,0.06,35,0.077,22,0.062,14,0.051,25,0.105,16,0.078,8,0.052,15,0.112,9,0.153,4,0.111,6,0.242,2,0.095,2,0.058,4,0.05,16,0.102,30,0.12,31,0.111,28,0.105,30,0.11,33,0.109,27,0.079,22,0.061,24,0.063,25,0.06,21,0.046,23,0.051,33,0.089,35,0.121,20,0.082,27,0.121,25,0.126,14,0.057,5,0.034,6,0.07,5,0.08,7,0.185,3,0.103,6,0.144,6,0.083,4,0.036,10,0.061,15,0.064,24,0.081,25,0.075,22,0.061,23,0.063,31,0.082,25,0.063,27,0.067,33,0.085,43,0.131,47,0.174,27,0.108,20,0.084,10,0.047,20,0.088,20,0.131,5,0.052,5,0.067,6,0.144,1,0.032,1,0.027,7,0.125,12,0.149,22,0.168,26,0.124,34,0.122,34,0.106,21,0.06,26,0.072,28,0.077,30,0.081,21,0.056,17,0.047,14,0.048,21,0.086,24,0.113,21,0.128,11,0.092
Region 14,Region 0,3,0.03,5,0.11,2,0.07,1,0.051,0,0,2,0.058,1,0.012,4,0.023,21,0.068,21,0.061,11,0.039,8,0.03,11,0.038,11,0.034,12,0.037,17,0.05,15,0.039,19,0.042,24,0.053,13,0.036,12,0.044,10,0.042,17,0.083,7,0.046,2,0.015,3,0.051,2,0.056,0,0,1,0.047,3,0.088,3,0.038,4,0.025,16,0.064,24,0.086,18,0.068,17,0.062,13,0.043,18,0.053,22,0.061,33,0.086,26,0.063,14,0.031,15,0.033,13,0.035,12,0.042,11,0.045,10,0.045,5,0.025,3,0.012,6,0.04,4,0.047,1,0.016,0,0,2,0.068,3,0.072,1,0.014,6,0.054,8,0.049,18,0.077,15,0.05,17,0.051,17,0.047,18,0.049,17,0.045,15,0.038,13,0.032,13,0.033,8,0.024,17,0.063,4,0.016,5,0.021,8,0.038,6,0.026,3,0.02,4,0.041,1,0.013,1,0.024,1,0.032,3,0.08,2,0.036,2,0.025,2,0.015,15,0.072,8,0.029,13,0.041,24,0.068,18,0.05,18,0.05,17,0.046,10,0.026,12,0.033,11,0.038,12,0.049,13,0.061,14,0.085,8,0.067
Region 14,Region 1,17,0.169,7,0.154,2,0.07,2,0.101,3,0.161,7,0.204,15,0.18,37,0.212,60,0.193,50,0.145,44,0.156,43,0.161,55,0.189,69,0.212,53,0.162,54,0.157,77,0.2,101,0.223,95,0.209,90,0.252,60,0.218,50,0.209,52,0.253,35,0.228,19,0.142,3,0.051,9,0.25,3,0.121,6,0.284,5,0.146,11,0.138,32,0.203,57,0.228,59,0.212,37,0.139,50,0.183,46,0.152,69,0.201,55,0.153,58,0.152,59,0.142,73,0.161,93,0.205,78,0.21,90,0.312,71,0.291,57,0.255,41,0.207,44,0.18,22,0.148,10,0.117,3,0.048,6,0.159,8,0.274,10,0.24,23,0.319,26,0.235,32,0.195,42,0.179,74,0.249,89,0.268,92,0.255,93,0.254,88,0.232,96,0.243,116,0.286,119,0.307,96,0.292,83,0.307,64,0.255,56,0.235,56,0.263,60,0.264,34,0.223,11,0.114,5,0.067,5,0.12,8,0.256,7,0.187,8,0.143,17,0.212,28,0.214,56,0.268,77,0.276,65,0.203,59,0.168,71,0.196,94,0.259,103,0.278,110,0.291,105,0.288,64,0.219,61,0.25,53,0.249,36,0.22,32,0.268
Region 14,Region 2,22,0.218,11,0.241,2,0.07,2,0.101,4,0.215,6,0.175,23,0.276,55,0.315,98,0.316,78,0.227,55,0.194,55,0.206,50,0.172,51,0.157,45,0.138,51,0.149,57,0.148,60,0.133,86,0.189,80,0.224,55,0.2,31,0.13,45,0.219,35,0.228,38,0.284,9,0.153,5,0.139,1,0.04,2,0.095,6,0.175,20,0.252,40,0.254,64,0.256,73,0.262,62,0.233,47,0.172,38,0.125,53,0.155,56,0.155,62,0.162,50,0.121,66,0.145,66,0.145,51,0.137,44,0.153,61,0.25,43,0.193,48,0.243,45,0.184,16,0.107,13,0.153,3,0.048,0,0,9,0.308,13,0.312,29,0.402,29,0.262,36,0.219,48,0.204,71,0.239,85,0.256,78,0.216,101,0.276,130,0.343,222,0.563,231,0.57,182,0.469,131,0.399,66,0.244,61,0.243,76,0.318,56,0.263,24,0.106,22,0.145,7,0.072,5,0.067,3,0.072,4,0.128,12,0.321,18,0.322,28,0.349,37,0.283,55,0.263,60,0.215,58,0.182,61,0.174,63,0.174,62,0.171,56,0.151,60,0.159,84,0.23,60,0.205,39,0.16,37,0.174,22,0.134,17,0.142
Region 14,Region 3,6,0.06,2,0.044,1,0.035,0,0,0,0,4,0.116,3,0.036,2,0.011,1,0.003,10,0.029,12,0.042,11,0.041,8,0.027,13,0.04,24,0.073,25,0.073,24,0.062,29,0.064,24,0.053,25,0.07,19,0.069,16,0.067,13,0.063,7,0.046,6,0.045,0,0,0,0,2,0.081,4,0.189,3,0.088,1,0.013,3,0.019,6,0.024,9,0.032,4,0.015,8,0.029,11,0.036,29,0.085,23,0.064,22,0.058,39,0.094,23,0.051,24,0.053,13,0.035,11,0.038,9,0.037,9,0.04,11,0.056,6,0.025,6,0.04,1,0.012,1,0.016,2,0.053,1,0.034,2,0.048,1,0.014,3,0.027,4,0.024,18,0.077,19,0.064,15,0.045,19,0.053,22,0.06,22,0.058,36,0.091,27,0.067,28,0.072,16,0.049,15,0.055,17,0.068,18,0.075,5,0.023,7,0.031,3,0.02,4,0.041,5,0.067,0,0,0,0,1,0.027,1,0.018,5,0.062,12,0.092,10,0.048,16,0.057,11,0.034,19,0.054,22,0.061,28,0.077,31,0.084,27,0.071,27,0.074,16,0.055,14,0.057,16,0.075,18,0.11,6,0.05
Region 14,Region 4,20,0.199,9,0.197,6,0.211,2,0.101,0,0,8,0.233,6,0.072,13,0.074,33,0.106,36,0.105,49,0.173,34,0.128,37,0.127,44,0.135,54,0.165,49,0.143,52,0.135,75,0.166,72,0.159,57,0.16,53,0.192,66,0.276,45,0.219,35,0.228,43,0.321,7,0.119,11,0.306,6,0.242,6,0.284,3,0.088,9,0.113,21,0.133,30,0.12,38,0.136,40,0.15,35,0.128,48,0.158,39,0.114,39,0.108,52,0.136,77,0.186,74,0.163,78,0.172,55,0.148,61,0.212,54,0.221,46,0.206,51,0.258,57,0.233,22,0.148,13,0.153,6,0.096,3,0.079,3,0.103,11,0.264,8,0.111,13,0.117,35,0.213,36,0.153,52,0.175,44,0.133,54,0.15,68,0.186,60,0.158,49,0.124,59,0.145,53,0.137,49,0.149,53,0.196,46,0.184,49,0.205,46,0.216,55,0.242,30,0.197,15,0.155,6,0.08,3,0.072,3,0.096,5,0.134,3,0.054,13,0.162,26,0.199,53,0.254,43,0.154,43,0.135,58,0.165,78,0.216,75,0.206,74,0.199,51,0.135,59,0.162,61,0.209,63,0.258,47,0.221,28,0.171,19,0.159
Region 14,Region 5,22,0.218,8,0.175,3,0.106,3,0.152,6,0.322,3,0.087,15,0.18,37,0.212,88,0.284,79,0.23,79,0.279,68,0.255,92,0.316,108,0.332,105,0.321,86,0.251,108,0.28,101,0.223,119,0.262,75,0.21,61,0.222,74,0.309,55,0.267,27,0.176,23,0.172,13,0.221,6,0.167,5,0.202,2,0.095,4,0.117,20,0.252,27,0.171,68,0.272,82,0.294,79,0.297,81,0.297,110,0.363,101,0.295,100,0.277,107,0.28,95,0.229,114,0.251,94,0.207,98,0.264,66,0.229,51,0.209,37,0.166,27,0.137,24,0.098,20,0.134,4,0.047,5,0.08,1,0.026,2,0.068,12,0.288,15,0.208,45,0.406,54,0.328,90,0.383,104,0.35,105,0.316,106,0.294,109,0.298,125,0.33,103,0.261,107,0.264,75,0.193,76,0.231,57,0.211,57,0.227,52,0.218,24,0.113,26,0.114,19,0.125,5,0.052,9,0.121,6,0.144,8,0.256,9,0.24,13,0.232,20,0.249,46,0.352,75,0.359,92,0.329,100,0.313,132,0.376,109,0.302,111,0.305,108,0.291,80,0.212,88,0.241,64,0.219,49,0.201,39,0.183,19,0.116,20,0.167
Region 14,Region 6,12,0.119,4,0.088,3,0.106,2,0.101,0,0,4,0.116,7,0.084,12,0.069,20,0.064,20,0.058,14,0.05,13,0.049,28,0.096,29,0.089,28,0.086,32,0.093,29,0.075,29,0.064,43,0.095,23,0.064,20,0.073,27,0.113,23,0.112,9,0.059,9,0.067,5,0.085,4,0.111,0,0,1,0.047,3,0.088,4,0.05,6,0.038,11,0.044,17,0.061,17,0.064,7,0.026,24,0.079,29,0.085,20,0.055,28,0.073,30,0.072,40,0.088,40,0.088,29,0.078,23,0.08,25,0.102,27,0.121,10,0.051,12,0.049,13,0.087,3,0.035,3,0.048,1,0.026,2,0.068,3,0.072,5,0.069,5,0.045,10,0.061,18,0.077,29,0.097,33,0.099,37,0.103,35,0.096,35,0.092,39,0.099,34,0.084,41,0.106,41,0.125,30,0.111,20,0.08,16,0.067,11,0.052,9,0.04,8,0.053,5,0.052,2,0.027,1,0.024,0,0,3,0.08,0,0,2,0.025,7,0.054,17,0.081,19,0.068,23,0.072,39,0.111,38,0.105,39,0.107,38,0.102,42,0.111,43,0.118,25,0.085,34,0.139,22,0.103,15,0.091,8,0.067
Region 14,Region 7,68,0.675,33,0.724,26,0.915,8,0.404,6,0.322,29,0.844,63,0.756,154,0.881,197,0.635,192,0.558,177,0.626,176,0.661,180,0.618,233,0.717,211,0.646,260,0.758,261,0.677,271,0.599,304,0.669,276,0.774,176,0.639,148,0.619,154,0.748,104,0.676,87,0.65,36,0.612,23,0.64,11,0.444,3,0.142,28,0.818,77,0.969,162,1.028,167,0.668,160,0.574,174,0.654,193,0.708,232,0.765,278,0.812,255,0.707,284,0.743,272,0.656,306,0.673,323,0.711,279,0.751,226,0.784,176,0.721,194,0.869,153,0.774,122,0.499,82,0.551,47,0.551,29,0.464,24,0.634,25,0.856,40,0.961,82,1.136,59,0.533,101,0.614,131,0.557,168,0.565,220,0.663,262,0.727,262,0.716,254,0.67,289,0.733,298,0.735,315,0.811,258,0.786,223,0.824,172,0.686,183,0.767,159,0.747,146,0.642,98,0.644,53,0.549,34,0.455,27,0.647,30,0.96,39,1.042,64,1.144,48,0.598,69,0.528,117,0.56,157,0.562,159,0.498,224,0.639,242,0.669,284,0.781,260,0.701,280,0.741,278,0.762,202,0.691,175,0.716,173,0.813,143,0.872,111,0.929
Region 14,Region 8,28,0.278,8,0.175,5,0.176,7,0.354,11,0.59,20,0.582,27,0.324,68,0.389,84,0.271,80,0.233,94,0.332,91,0.342,84,0.288,112,0.345,95,0.291,120,0.35,89,0.231,71,0.157,93,0.205,78,0.219,62,0.225,62,0.259,65,0.316,38,0.247,26,0.194,17,0.289,5,0.139,5,0.202,6,0.284,16,0.468,32,0.403,59,0.374,88,0.352,92,0.33,80,0.301,99,0.363,111,0.366,118,0.345,108,0.299,93,0.243,85,0.205,81,0.178,80,0.176,100,0.269,71,0.246,70,0.287,64,0.287,45,0.228,38,0.155,25,0.168,18,0.211,8,0.128,10,0.264,10,0.342,18,0.432,32,0.443,34,0.307,57,0.347,83,0.353,117,0.393,126,0.38,109,0.302,116,0.317,121,0.319,143,0.363,97,0.239,114,0.294,96,0.292,75,0.277,65,0.259,59,0.247,29,0.136,35,0.154,19,0.125,10,0.104,14,0.187,6,0.144,6,0.192,12,0.321,17,0.304,28,0.349,36,0.275,69,0.33,90,0.322,102,0.319,72,0.205,104,0.288,135,0.371,127,0.342,108,0.286,105,0.288,57,0.195,66,0.27,93,0.437,53,0.323,32,0.268
Region 14,Region 9,4,0.04,1,0.022,0,0,1,0.051,2,0.107,1,0.029,1,0.012,1,0.006,3,0.01,4,0.012,9,0.032,6,0.023,7,0.024,11,0.034,12,0.037,14,0.041,15,0.039,21,0.046,14,0.031,13,0.036,10,0.036,14,0.059,11,0.053,6,0.039,7,0.052,2,0.034,1,0.028,0,0,1,0.047,1,0.029,0,0,3,0.019,5,0.02,8,0.029,6,0.023,9,0.033,8,0.026,10,0.029,16,0.044,14,0.037,29,0.07,23,0.051,22,0.048,9,0.024,6,0.021,3,0.012,7,0.031,3,0.015,3,0.012,2,0.013,2,0.023,0,0,0,0,0,0,1,0.024,3,0.042,0,0,2,0.012,7,0.03,9,0.03,3,0.009,6,0.017,14,0.038,10,0.026,15,0.038,12,0.03,9,0.023,7,0.021,6,0.022,7,0.028,6,0.025,1,0.005,1,0.004,3,0.02,0,0,1,0.013,2,0.048,1,0.032,2,0.053,3,0.054,3,0.037,4,0.031,7,0.033,8,0.029,12,0.038,16,0.046,12,0.033,16,0.044,15,0.04,16,0.042,15,0.041,13,0.044,3,0.012,7,0.033,4,0.024,3,0.025
Region 14,Region 10,92,0.913,51,1.119,26,0.915,10,0.505,20,1.073,44,1.281,132,1.583,216,1.236,296,0.955,234,0.681,300,1.061,285,1.07,267,0.917,305,0.939,331,1.013,347,1.012,309,0.801,325,0.719,269,0.592,269,0.754,277,1.006,208,0.87,205,0.996,137,0.891,115,0.86,53,0.902,30,0.834,17,0.687,34,1.608,48,1.403,136,1.712,236,1.497,252,1.008,260,0.933,259,0.974,311,1.141,318,1.049,364,1.063,322,0.893,306,0.8,316,0.762,294,0.647,228,0.502,265,0.713,272,0.943,261,1.07,226,1.013,140,0.708,123,0.503,51,0.343,39,0.458,35,0.56,28,0.74,22,0.753,51,1.225,108,1.497,182,1.644,214,1.301,261,1.11,281,0.944,349,1.052,382,1.06,361,0.987,345,0.91,340,0.862,330,0.814,334,0.86,309,0.941,274,1.013,288,1.149,258,1.081,159,0.747,118,0.519,60,0.394,51,0.528,24,0.321,16,0.383,14,0.448,41,1.095,61,1.09,100,1.245,145,1.109,218,1.043,276,0.988,254,0.795,176,0.502,338,0.935,364,1.001,334,0.9,321,0.85,322,0.883,230,0.786,235,0.962,208,0.978,126,0.768,115,0.963
Region 14,Region 11,12,0.119,6,0.132,0,0,0,0,0,0,1,0.029,3,0.036,10,0.057,10,0.032,3,0.009,5,0.018,7,0.026,8,0.027,10,0.031,13,0.04,18,0.052,18,0.047,10,0.022,7,0.015,11,0.031,16,0.058,11,0.046,11,0.053,11,0.072,9,0.067,2,0.034,2,0.056,1,0.04,0,0,2,0.058,1,0.013,7,0.044,6,0.024,2,0.007,5,0.019,8,0.029,11,0.036,9,0.026,14,0.039,15,0.039,15,0.036,8,0.018,10,0.022,11,0.03,19,0.066,11,0.045,10,0.045,9,0.046,8,0.033,4,0.027,1,0.012,1,0.016,1,0.026,1,0.034,2,0.048,6,0.083,3,0.027,0,0,9,0.038,7,0.024,5,0.015,7,0.019,12,0.033,13,0.034,7,0.018,13,0.032,9,0.023,7,0.021,12,0.044,6,0.024,14,0.059,10,0.047,15,0.066,9,0.059,9,0.093,2,0.027,1,0.024,1,0.032,0,0,0,0,5,0.062,11,0.084,3,0.014,8,0.029,9,0.028,12,0.034,5,0.014,11,0.03,7,0.019,9,0.024,7,0.019,15,0.051,19,0.078,17,0.08,4,0.024,9,0.075
Region 14,Region 12,15,0.149,3,0.066,4,0.141,0,0,2,0.107,4,0.116,20,0.24,36,0.206,28,0.09,30,0.087,34,0.12,32,0.12,36,0.124,27,0.083,38,0.116,39,0.114,29,0.075,28,0.062,37,0.081,36,0.101,36,0.131,32,0.134,26,0.126,17,0.111,10,0.075,11,0.187,9,0.25,3,0.121,1,0.047,8,0.234,11,0.138,35,0.222,29,0.116,20,0.072,22,0.083,28,0.103,47,0.155,44,0.128,35,0.097,30,0.078,34,0.082,41,0.09,43,0.095,44,0.118,37,0.128,40,0.164,25,0.112,17,0.086,16,0.065,9,0.06,6,0.07,0,0,2,0.053,8,0.274,12,0.288,16,0.222,15,0.135,25,0.152,35,0.149,42,0.141,23,0.069,36,0.1,46,0.126,50,0.132,52,0.132,39,0.096,28,0.072,47,0.143,42,0.155,29,0.116,22,0.092,25,0.117,23,0.101,14,0.092,4,0.041,3,0.04,5,0.12,7,0.224,9,0.24,13,0.232,11,0.137,19,0.145,24,0.115,20,0.072,24,0.075,31,0.088,35,0.097,42,0.116,37,0.1,50,0.132,33,0.09,37,0.127,30,0.123,33,0.155,24,0.146,25,0.209
Region 14,Region 13,33,0.328,12,0.263,8,0.281,1,0.051,3,0.161,6,0.175,25,0.3,41,0.235,70,0.226,77,0.224,68,0.24,74,0.278,72,0.247,93,0.286,61,0.187,69,0.201,92,0.239,106,0.234,138,0.304,122,0.342,80,0.291,62,0.259,66,0.321,43,0.28,30,0.224,17,0.289,11,0.306,1,0.04,2,0.095,3,0.088,18,0.227,41,0.26,72,0.288,71,0.255,78,0.293,94,0.345,82,0.27,94,0.274,88,0.244,97,0.254,96,0.231,110,0.242,103,0.227,88,0.237,65,0.225,60,0.246,59,0.264,45,0.228,39,0.16,19,0.128,11,0.129,4,0.064,8,0.211,8,0.274,12,0.288,16,0.222,33,0.298,47,0.286,56,0.238,98,0.329,103,0.31,113,0.313,116,0.317,105,0.277,107,0.271,111,0.274,112,0.288,81,0.247,84,0.311,80,0.319,74,0.31,49,0.23,50,0.22,24,0.158,4,0.041,8,0.107,4,0.096,7,0.224,13,0.347,14,0.25,16,0.199,45,0.344,81,0.388,80,0.286,86,0.269,82,0.234,106,0.293,136,0.374,104,0.28,84,0.222,95,0.26,75,0.256,62,0.254,58,0.273,36,0.22,34,0.285
Region 14,Region 14,148,1.469,45,0.987,28,0.985,19,0.96,18,0.966,39,1.135,71,0.852,162,0.927,251,0.809,374,1.088,287,1.015,291,1.092,361,1.239,410,1.262,411,1.258,386,1.125,495,1.284,628,1.389,637,1.402,414,1.161,298,1.082,267,1.116,230,1.117,146,0.949,166,1.241,80,1.361,30,0.834,21,0.848,12,0.567,38,1.11,96,1.209,149,0.945,239,0.956,312,1.12,306,1.15,338,1.24,388,1.28,461,1.346,437,1.212,448,1.172,486,1.172,522,1.148,521,1.147,388,1.044,313,1.086,266,1.09,231,1.035,176,0.891,196,0.802,146,0.981,64,0.751,46,0.736,40,1.057,36,1.232,55,1.321,86,1.192,128,1.156,190,1.155,274,1.165,357,1.2,375,1.13,477,1.323,489,1.337,433,1.142,446,1.131,437,1.077,390,1.005,332,1.011,271,1.002,238,0.95,222,0.93,164,0.771,187,0.822,96,0.631,66,0.683,62,0.83,37,0.886,25,0.8,65,1.737,46,0.822,67,0.834,131,1.002,275,1.316,354,1.267,427,1.337,414,1.18,416,1.151,448,1.232,481,1.296,413,1.094,376,1.031,338,1.156,261,1.068,254,1.194,193,1.177,140,1.172
Region 14,Region 15,5,0.05,1,0.022,0,0,0,0,1,0.054,3,0.087,2,0.024,10,0.057,7,0.023,12,0.035,9,0.032,6,0.023,5,0.017,4,0.012,7,0.021,6,0.017,6,0.016,7,0.015,6,0.013,6,0.017,3,0.011,3,0.013,4,0.019,5,0.033,4,0.03,3,0.051,0,0,2,0.081,1,0.047,2,0.058,4,0.05,6,0.038,6,0.024,10,0.036,6,0.023,6,0.022,4,0.013,12,0.035,9,0.025,3,0.008,1,0.002,5,0.011,4,0.009,6,0.016,8,0.028,7,0.029,10,0.045,11,0.056,6,0.025,4,0.027,0,0,0,0,0,0,0,0,1,0.024,3,0.042,3,0.027,2,0.012,5,0.021,13,0.044,8,0.024,13,0.036,9,0.025,13,0.034,10,0.025,8,0.02,7,0.018,3,0.009,3,0.011,5,0.02,11,0.046,9,0.042,9,0.04,4,0.026,0,0,1,0.013,1,0.024,0,0,0,0,1,0.018,5,0.062,5,0.038,7,0.033,5,0.018,9,0.028,4,0.011,6,0.017,11,0.03,7,0.019,6,0.016,6,0.016,1,0.003,5,0.02,6,0.028,5,0.03,9,0.075
Region 14,Region 16,6,0.06,1,0.022,1,0.035,0,0,1,0.054,1,0.029,4,0.048,5,0.029,29,0.094,49,0.143,30,0.106,37,0.139,35,0.12,41,0.126,48,0.147,44,0.128,50,0.13,52,0.115,78,0.172,53,0.149,30,0.109,16,0.067,15,0.073,14,0.091,8,0.06,2,0.034,0,0,1,0.04,0,0,1,0.029,4,0.05,8,0.051,33,0.132,32,0.115,36,0.135,29,0.106,29,0.096,46,0.134,31,0.086,56,0.146,51,0.123,60,0.132,53,0.117,35,0.094,37,0.128,23,0.094,13,0.058,8,0.04,7,0.029,6,0.04,2,0.023,0,0,0,0,0,0,3,0.072,6,0.083,13,0.117,14,0.085,24,0.102,32,0.108,38,0.115,47,0.13,45,0.123,40,0.106,45,0.114,47,0.116,38,0.098,44,0.134,26,0.096,19,0.076,16,0.067,8,0.038,8,0.035,5,0.033,5,0.052,3,0.04,2,0.048,0,0,4,0.107,5,0.089,12,0.149,19,0.145,40,0.191,36,0.129,40,0.125,40,0.114,41,0.113,36,0.099,48,0.129,50,0.132,45,0.123,33,0.113,24,0.098,10,0.047,9,0.055,4,0.033
Region 14,Region 17,88,0.874,36,0.79,38,1.337,16,0.808,12,0.644,41,1.193,141,1.691,306,1.751,549,1.771,453,1.318,327,1.156,263,0.987,268,0.92,251,0.773,257,0.787,305,0.889,346,0.897,447,0.989,548,1.206,513,1.438,272,0.988,220,0.92,211,1.025,163,1.06,149,1.114,64,1.089,44,1.224,11,0.444,27,1.277,42,1.227,110,1.385,193,1.225,366,1.465,326,1.17,305,1.146,265,0.972,290,0.956,370,1.08,474,1.314,572,1.496,770,1.856,1071,2.356,1034,2.276,670,1.804,354,1.228,216,0.885,264,1.183,216,1.093,207,0.847,98,0.658,67,0.786,37,0.592,13,0.343,26,0.89,38,0.913,75,1.039,106,0.957,149,0.906,143,0.608,185,0.622,212,0.639,261,0.724,342,0.935,445,1.174,546,1.384,580,1.43,556,1.432,409,1.246,281,1.039,207,0.826,209,0.876,165,0.775,208,0.915,118,0.776,75,0.776,43,0.576,23,0.551,23,0.736,49,1.309,65,1.162,53,0.66,80,0.612,135,0.646,178,0.637,231,0.723,307,0.875,380,1.051,470,1.293,653,1.76,893,2.365,875,2.399,485,1.658,289,1.183,233,1.096,202,1.232,175,1.465
Region 14,Region 18,4,0.04,1,0.022,1,0.035,0,0,3,0.161,0,0,6,0.072,13,0.074,16,0.052,25,0.073,9,0.032,6,0.023,6,0.021,6,0.018,11,0.034,7,0.02,18,0.047,14,0.031,13,0.029,14,0.039,12,0.044,10,0.042,14,0.068,6,0.039,8,0.06,4,0.068,0,0,0,0,0,0,1,0.029,5,0.063,12,0.076,17,0.068,8,0.029,8,0.03,6,0.022,7,0.023,9,0.026,14,0.039,12,0.031,3,0.007,8,0.018,11,0.024,16,0.043,9,0.031,11,0.045,11,0.049,6,0.03,8,0.033,8,0.054,6,0.07,2,0.032,0,0,1,0.034,2,0.048,3,0.042,6,0.054,6,0.036,9,0.038,11,0.037,14,0.042,9,0.025,8,0.022,7,0.018,10,0.025,12,0.03,11,0.028,20,0.061,11,0.041,11,0.044,11,0.046,10,0.047,6,0.026,2,0.013,1,0.01,4,0.054,2,0.048,0,0,1,0.027,3,0.054,7,0.087,8,0.061,4,0.019,4,0.014,10,0.031,8,0.023,12,0.033,15,0.041,17,0.046,8,0.021,5,0.014,9,0.031,12,0.049,10,0.047,6,0.037,6,0.05
Region 14,Region 19,5,0.05,4,0.088,4,0.141,1,0.051,0,0,2,0.058,2,0.024,8,0.046,6,0.019,5,0.015,13,0.046,7,0.026,14,0.048,12,0.037,10,0.031,26,0.076,17,0.044,14,0.031,17,0.037,18,0.05,15,0.054,13,0.054,17,0.083,12,0.078,7,0.052,5,0.085,4,0.111,2,0.081,0,0,2,0.058,3,0.038,10,0.063,4,0.016,11,0.039,11,0.041,20,0.073,13,0.043,16,0.047,11,0.031,18,0.047,18,0.043,13,0.029,16,0.035,18,0.048,22,0.076,14,0.057,18,0.081,16,0.081,17,0.07,13,0.087,7,0.082,1,0.016,2,0.053,2,0.068,2,0.048,5,0.069,7,0.063,5,0.03,9,0.038,12,0.04,21,0.063,26,0.072,20,0.055,24,0.063,21,0.053,17,0.042,21,0.054,17,0.052,19,0.07,19,0.076,28,0.117,24,0.113,14,0.062,4,0.026,4,0.041,1,0.013,2,0.048,0,0,1,0.027,5,0.089,5,0.062,4,0.031,11,0.053,12,0.043,13,0.041,15,0.043,18,0.05,18,0.05,15,0.04,18,0.048,21,0.058,13,0.044,23,0.094,9,0.042,9,0.055,7,0.059
Region 14,Region 20,26,0.258,16,0.351,15,0.528,5,0.253,4,0.215,10,0.291,38,0.456,100,0.572,118,0.381,106,0.308,62,0.219,72,0.27,91,0.312,80,0.246,74,0.227,80,0.233,88,0.228,77,0.17,63,0.139,69,0.193,65,0.236,56,0.234,57,0.277,39,0.254,33,0.247,14,0.238,7,0.195,5,0.202,10,0.473,15,0.438,54,0.68,98,0.622,118,0.472,114,0.409,88,0.331,79,0.29,72,0.237,81,0.237,84,0.233,73,0.191,74,0.178,105,0.231,83,0.183,77,0.207,51,0.177,60,0.246,74,0.332,74,0.374,43,0.176,17,0.114,10,0.117,11,0.176,4,0.106,5,0.171,15,0.36,47,0.651,39,0.352,35,0.213,46,0.196,76,0.255,91,0.274,83,0.23,100,0.273,98,0.259,98,0.248,101,0.249,106,0.273,91,0.277,68,0.251,60,0.239,63,0.264,47,0.221,30,0.132,24,0.158,8,0.083,8,0.107,7,0.168,8,0.256,12,0.321,31,0.554,20,0.249,32,0.245,40,0.191,51,0.183,72,0.225,66,0.188,76,0.21,91,0.25,98,0.264,114,0.302,128,0.351,70,0.239,70,0.287,50,0.235,51,0.311,36,0.301
Region 14,Region 21,34,0.338,18,0.395,10,0.352,5,0.253,4,0.215,9,0.262,20,0.24,43,0.246,73,0.235,114,0.332,101,0.357,94,0.353,73,0.251,116,0.357,142,0.435,170,0.496,184,0.477,204,0.451,212,0.467,160,0.449,115,0.418,112,0.468,92,0.447,52,0.338,37,0.277,18,0.306,14,0.389,7,0.283,4,0.189,14,0.409,18,0.227,38,0.241,64,0.256,93,0.334,96,0.361,100,0.367,113,0.373,120,0.35,142,0.394,187,0.489,190,0.458,229,0.504,231,0.508,179,0.482,117,0.406,93,0.381,68,0.305,51,0.258,50,0.205,31,0.208,20,0.235,3,0.048,8,0.211,11,0.376,11,0.264,26,0.36,40,0.361,50,0.304,95,0.404,111,0.373,141,0.425,130,0.361,126,0.344,155,0.409,177,0.449,162,0.399,146,0.376,115,0.35,112,0.414,96,0.383,76,0.318,62,0.291,50,0.22,39,0.256,18,0.186,13,0.174,6,0.144,13,0.416,14,0.374,21,0.375,34,0.423,74,0.566,89,0.426,133,0.476,143,0.448,158,0.45,137,0.379,150,0.413,152,0.41,168,0.445,179,0.491,151,0.516,113,0.463,86,0.404,66,0.402,47,0.394
Region 14,Region 22,2,0.02,1,0.022,0,0,0,0,0,0,0,0,0,0,0,0,2,0.006,1,0.003,4,0.014,4,0.015,5,0.017,5,0.015,6,0.018,10,0.029,15,0.039,13,0.029,8,0.018,8,0.022,6,0.022,2,0.008,2,0.01,1,0.007,0,0,1,0.017,0,0,0,0,0,0,0,0,0,0,0,0,3,0.012,2,0.007,1,0.004,4,0.015,6,0.02,14,0.041,16,0.044,15,0.039,7,0.017,14,0.031,9,0.02,6,0.016,4,0.014,2,0.008,2,0.009,1,0.005,0,0,0,0,1,0.012,0,0,0,0,0,0,0,0,3,0.042,4,0.036,1,0.006,4,0.017,11,0.037,10,0.03,10,0.028,12,0.033,4,0.011,7,0.018,6,0.015,8,0.021,4,0.012,1,0.004,3,0.012,0,0,0,0,1,0.004,2,0.013,1,0.01,1,0.013,2,0.048,1,0.032,0,0,1,0.018,1,0.012,1,0.008,5,0.024,5,0.018,4,0.013,3,0.009,3,0.008,3,0.008,7,0.019,12,0.032,4,0.011,2,0.007,2,0.008,4,0.019,4,0.024,5,0.042
Region 14,Region 23,84,0.834,43,0.943,35,1.231,26,1.314,24,1.288,42,1.222,81,0.972,173,0.99,197,0.635,131,0.381,173,0.612,149,0.559,188,0.645,219,0.674,249,0.762,235,0.685,302,0.783,261,0.577,239,0.526,259,0.726,237,0.861,223,0.932,198,0.962,157,1.021,123,0.92,60,1.021,39,1.085,19,0.768,13,0.615,41,1.198,70,0.881,136,0.863,165,0.66,195,0.7,187,0.703,201,0.737,214,0.706,260,0.759,257,0.713,290,0.758,278,0.67,306,0.673,289,0.636,233,0.627,235,0.815,208,0.853,180,0.806,127,0.643,162,0.663,102,0.685,57,0.669,35,0.56,25,0.661,17,0.582,48,1.153,73,1.012,116,1.048,161,0.979,186,0.791,256,0.86,311,0.937,298,0.827,248,0.678,268,0.707,271,0.687,258,0.636,260,0.67,275,0.838,250,0.924,228,0.91,194,0.813,149,0.7,113,0.497,76,0.5,36,0.373,24,0.321,31,0.743,25,0.8,32,0.855,38,0.679,76,0.946,99,0.757,151,0.722,211,0.755,250,0.783,241,0.687,263,0.728,289,0.795,293,0.79,245,0.649,252,0.691,195,0.667,214,0.876,162,0.762,123,0.75,120,1.005
Region 14,Region 24,10,0.099,2,0.044,4,0.141,0,0,1,0.054,1,0.029,1,0.012,6,0.034,20,0.064,33,0.096,28,0.099,31,0.116,31,0.106,49,0.151,38,0.116,44,0.128,44,0.114,83,0.184,88,0.194,59,0.165,33,0.12,30,0.125,18,0.087,18,0.117,10,0.075,4,0.068,1,0.028,0,0,2,0.095,1,0.029,0,0,9,0.057,11,0.044,15,0.054,29,0.109,44,0.161,41,0.135,56,0.164,57,0.158,52,0.136,43,0.104,56,0.123,50,0.11,36,0.097,40,0.139,28,0.115,25,0.112,17,0.086,11,0.045,7,0.047,4,0.047,3,0.048,3,0.079,1,0.034,1,0.024,1,0.014,10,0.09,12,0.073,19,0.081,31,0.104,35,0.105,35,0.097,58,0.159,55,0.145,49,0.124,47,0.116,34,0.088,38,0.116,29,0.107,19,0.076,16,0.067,17,0.08,6,0.026,4,0.026,3,0.031,4,0.054,0,0,1,0.032,0,0,0,0,3,0.037,13,0.099,37,0.177,33,0.118,39,0.122,44,0.125,36,0.1,48,0.132,55,0.148,51,0.135,53,0.145,30,0.103,26,0.106,19,0.089,9,0.055,8,0.067
Region 14,Region 25,5,0.05,1,0.022,1,0.035,3,0.152,0,0,8,0.233,13,0.156,24,0.137,31,0.1,30,0.087,31,0.11,16,0.06,23,0.079,23,0.071,38,0.116,25,0.073,25,0.065,24,0.053,27,0.059,21,0.059,27,0.098,17,0.071,16,0.078,14,0.091,8,0.06,3,0.051,6,0.167,2,0.081,2,0.095,7,0.205,17,0.214,18,0.114,18,0.072,22,0.079,20,0.075,13,0.048,18,0.059,25,0.073,21,0.058,23,0.06,13,0.031,29,0.064,31,0.068,24,0.065,17,0.059,17,0.07,20,0.09,15,0.076,8,0.033,4,0.027,4,0.047,2,0.032,1,0.026,3,0.103,3,0.072,2,0.028,5,0.045,8,0.049,22,0.094,28,0.094,22,0.066,37,0.103,30,0.082,32,0.084,31,0.079,28,0.069,19,0.049,24,0.073,25,0.092,21,0.084,28,0.117,15,0.07,11,0.048,2,0.013,4,0.041,7,0.094,3,0.072,5,0.16,5,0.134,1,0.018,2,0.025,9,0.069,15,0.072,21,0.075,16,0.05,21,0.06,19,0.053,22,0.061,24,0.065,25,0.066,20,0.055,17,0.058,27,0.111,21,0.099,16,0.098,13,0.109
Region 15,Region 0,4,0.04,3,0.066,0,0,0,0,2,0.107,3,0.087,9,0.108,14,0.08,38,0.123,29,0.084,26,0.092,5,0.019,23,0.079,26,0.08,26,0.08,23,0.067,29,0.075,31,0.069,26,0.057,22,0.062,12,0.044,18,0.075,10,0.049,0,0,4,0.03,1,0.017,0,0,0,0,1,0.047,3,0.088,3,0.038,13,0.082,35,0.14,22,0.079,24,0.09,26,0.095,26,0.086,17,0.05,25,0.069,26,0.068,32,0.077,27,0.059,33,0.073,24,0.065,12,0.042,17,0.07,15,0.067,3,0.015,3,0.012,3,0.02,2,0.023,2,0.032,2,0.053,1,0.034,4,0.096,7,0.097,12,0.108,18,0.109,18,0.077,18,0.06,20,0.06,29,0.08,31,0.085,24,0.063,28,0.071,20,0.049,24,0.062,12,0.037,11,0.041,12,0.048,10,0.042,7,0.033,5,0.022,1,0.007,5,0.052,1,0.013,2,0.048,1,0.032,1,0.027,6,0.107,13,0.162,15,0.115,20,0.096,18,0.064,20,0.063,28,0.08,19,0.053,31,0.085,22,0.059,31,0.082,10,0.027,14,0.048,15,0.061,18,0.085,15,0.091,8,0.067
Region 15,Region 1,2,0.02,0,0,1,0.035,1,0.051,2,0.107,0,0,2,0.024,9,0.051,6,0.019,7,0.02,4,0.014,5,0.019,8,0.027,9,0.028,7,0.021,7,0.02,9,0.023,21,0.046,23,0.051,9,0.025,7,0.025,6,0.025,5,0.024,5,0.033,4,0.03,1,0.017,0,0,0,0,2,0.095,0,0,0,0,3,0.019,6,0.024,7,0.025,7,0.026,1,0.004,5,0.016,10,0.029,7,0.019,10,0.026,4,0.01,16,0.035,22,0.048,7,0.019,11,0.038,13,0.053,4,0.018,7,0.035,5,0.02,5,0.034,4,0.047,7,0.112,4,0.106,2,0.068,0,0,2,0.028,2,0.018,5,0.03,7,0.03,8,0.027,11,0.033,7,0.019,11,0.03,7,0.018,15,0.038,10,0.025,8,0.021,8,0.024,9,0.033,3,0.012,5,0.021,4,0.019,1,0.004,1,0.007,3,0.031,1,0.013,2,0.048,2,0.064,0,0,1,0.018,0,0,3,0.023,5,0.024,6,0.021,9,0.028,6,0.017,6,0.017,8,0.022,11,0.03,9,0.024,10,0.027,10,0.034,3,0.012,6,0.028,5,0.03,2,0.017
Region 15,Region 2,7,0.069,6,0.132,3,0.106,3,0.152,0,0,3,0.087,2,0.024,8,0.046,17,0.055,32,0.093,20,0.071,23,0.086,22,0.076,23,0.071,27,0.083,27,0.079,28,0.073,33,0.073,34,0.075,17,0.048,17,0.062,11,0.046,10,0.049,12,0.078,13,0.097,7,0.119,1,0.028,1,0.04,1,0.047,5,0.146,4,0.05,8,0.051,21,0.084,15,0.054,24,0.09,16,0.059,22,0.073,19,0.055,27,0.075,20,0.052,18,0.043,28,0.062,30,0.066,21,0.057,20,0.069,15,0.061,15,0.067,9,0.046,17,0.07,15,0.101,5,0.059,4,0.064,1,0.026,6,0.205,2,0.048,9,0.125,7,0.063,7,0.043,11,0.047,24,0.081,20,0.06,16,0.044,23,0.063,26,0.069,20,0.051,31,0.076,29,0.075,21,0.064,21,0.078,21,0.084,22,0.092,9,0.042,18,0.079,22,0.145,10,0.104,6,0.08,3,0.072,1,0.032,2,0.053,4,0.071,8,0.1,5,0.038,10,0.048,16,0.057,19,0.059,24,0.068,26,0.072,26,0.072,24,0.065,23,0.061,30,0.082,12,0.041,13,0.053,14,0.066,12,0.073,8,0.067
Region 15,Region 3,1,0.01,0,0,0,0,0,0,0,0,1,0.029,0,0,0,0,0,0,0,0,2,0.007,0,0,0,0,0,0,1,0.003,0,0,0,0,0,0,1,0.002,2,0.006,3,0.011,1,0.004,0,0,0,0,0,0,0,0,1,0.028,0,0,0,0,0,0,0,0,0,0,0,0,0,0,0,0,0,0,1,0.003,0,0,0,0,0,0,0,0,1,0.002,0,0,1,0.003,1,0.003,1,0.004,2,0.009,0,0,1,0.004,1,0.007,0,0,0,0,1,0.026,0,0,1,0.024,0,0,0,0,0,0,0,0,1,0.003,1,0.003,1,0.003,0,0,0,0,1,0.003,2,0.005,0,0,0,0,0,0,0,0,0,0,1,0.005,1,0.004,0,0,0,0,0,0,0,0,0,0,0,0,0,0,0,0,0,0,0,0,0,0,0,0,0,0,1,0.003,0,0,1,0.003,1,0.003,2,0.005,0,0,0,0,1,0.005,1,0.006,1,0.008
Region 15,Region 4,0,0,0,0,0,0,0,0,0,0,0,0,1,0.012,1,0.006,1,0.003,0,0,0,0,0,0,2,0.007,0,0,3,0.009,3,0.009,1,0.003,1,0.002,3,0.007,2,0.006,0,0,0,0,1,0.005,0,0,1,0.007,0,0,0,0,0,0,1,0.047,0,0,0,0,0,0,2,0.008,1,0.004,2,0.008,2,0.007,4,0.013,0,0,1,0.003,3,0.008,1,0.002,2,0.004,1,0.002,0,0,2,0.007,0,0,1,0.004,0,0,2,0.008,3,0.02,1,0.012,0,0,0,0,0,0,2,0.048,0,0,0,0,1,0.006,1,0.004,1,0.003,5,0.015,2,0.006,1,0.003,0,0,0,0,0,0,1,0.003,6,0.018,0,0,0,0,2,0.008,3,0.014,3,0.013,1,0.007,0,0,0,0,0,0,0,0,0,0,0,0,0,0,0,0,1,0.005,0,0,0,0,2,0.006,1,0.003,1,0.003,5,0.013,1,0.003,2,0.005,2,0.007,1,0.004,0,0,0,0,0,0
Region 15,Region 5,1,0.01,0,0,0,0,0,0,0,0,1,0.029,3,0.036,2,0.011,2,0.006,1,0.003,3,0.011,0,0,2,0.007,4,0.012,2,0.006,3,0.009,0,0,1,0.002,2,0.004,0,0,2,0.007,3,0.013,2,0.01,1,0.007,2,0.015,0,0,0,0,1,0.04,0,0,1,0.029,1,0.013,1,0.006,1,0.004,1,0.004,2,0.008,1,0.004,0,0,1,0.003,1,0.003,1,0.003,3,0.007,6,0.013,2,0.004,2,0.005,0,0,1,0.004,0,0,0,0,2,0.008,1,0.007,1,0.012,0,0,0,0,0,0,0,0,0,0,1,0.009,0,0,1,0.004,0,0,1,0.003,3,0.008,4,0.011,2,0.005,2,0.005,1,0.002,1,0.003,2,0.006,3,0.011,1,0.004,0,0,0,0,0,0,1,0.007,0,0,0,0,0,0,0,0,1,0.027,1,0.018,1,0.012,1,0.008,0,0,4,0.014,3,0.009,3,0.009,1,0.003,4,0.011,2,0.005,1,0.003,1,0.003,2,0.007,1,0.004,0,0,2,0.012,0,0
Region 15,Region 6,1,0.01,1,0.022,0,0,0,0,0,0,0,0,0,0,2,0.011,3,0.01,6,0.017,4,0.014,4,0.015,3,0.01,0,0,2,0.006,4,0.012,7,0.018,16,0.035,17,0.037,5,0.014,4,0.015,0,0,1,0.005,3,0.02,1,0.007,1,0.017,1,0.028,1,0.04,0,0,0,0,0,0,0,0,2,0.008,4,0.014,5,0.019,1,0.004,1,0.003,4,0.012,5,0.014,4,0.01,9,0.022,8,0.018,9,0.02,4,0.011,3,0.01,6,0.025,2,0.009,4,0.02,1,0.004,0,0,0,0,0,0,0,0,0,0,0,0,1,0.014,2,0.018,2,0.012,3,0.013,1,0.003,9,0.027,4,0.011,5,0.014,4,0.011,4,0.01,5,0.012,7,0.018,4,0.012,4,0.015,3,0.012,1,0.004,1,0.005,0,0,0,0,0,0,0,0,0,0,0,0,0,0,1,0.018,1,0.012,2,0.015,5,0.024,3,0.011,1,0.003,2,0.006,2,0.006,5,0.014,4,0.011,1,0.003,5,0.014,3,0.01,1,0.004,1,0.005,2,0.012,0,0
Region 15,Region 7,2,0.02,0,0,1,0.035,0,0,0,0,0,0,0,0,1,0.006,4,0.013,6,0.017,2,0.007,0,0,2,0.007,5,0.015,5,0.015,4,0.012,3,0.008,6,0.013,8,0.018,3,0.008,1,0.004,5,0.021,5,0.024,1,0.007,2,0.015,2,0.034,2,0.056,1,0.04,0,0,0,0,0,0,2,0.013,2,0.008,2,0.007,3,0.011,2,0.007,6,0.02,3,0.009,6,0.017,5,0.013,4,0.01,8,0.018,5,0.011,4,0.011,2,0.007,5,0.02,2,0.009,5,0.025,2,0.008,1,0.007,1,0.012,0,0,0,0,0,0,0,0,3,0.042,1,0.009,0,0,3,0.013,1,0.003,3,0.009,7,0.019,1,0.003,4,0.011,6,0.015,4,0.01,4,0.01,4,0.012,6,0.022,2,0.008,3,0.013,2,0.009,5,0.022,4,0.026,0,0,2,0.027,2,0.048,0,0,0,0,2,0.036,3,0.037,0,0,1,0.005,5,0.018,1,0.003,2,0.006,2,0.006,6,0.017,5,0.013,5,0.013,4,0.011,3,0.01,1,0.004,5,0.024,2,0.012,5,0.042
Region 15,Region 8,1,0.01,2,0.044,1,0.035,1,0.051,1,0.054,1,0.029,4,0.048,6,0.034,12,0.039,15,0.044,15,0.053,17,0.064,15,0.051,12,0.037,18,0.055,8,0.023,17,0.044,17,0.038,11,0.024,18,0.05,10,0.036,7,0.029,3,0.015,8,0.052,4,0.03,2,0.034,1,0.028,0,0,2,0.095,1,0.029,1,0.013,9,0.057,17,0.068,12,0.043,22,0.083,16,0.059,19,0.063,14,0.041,12,0.033,14,0.037,11,0.027,12,0.026,18,0.04,17,0.046,6,0.021,10,0.041,3,0.013,12,0.061,8,0.033,4,0.027,5,0.059,2,0.032,2,0.053,3,0.103,3,0.072,8,0.111,9,0.081,11,0.067,11,0.047,11,0.037,14,0.042,17,0.047,18,0.049,18,0.047,20,0.051,15,0.037,19,0.049,12,0.037,14,0.052,8,0.032,8,0.034,5,0.023,4,0.018,6,0.039,2,0.021,2,0.027,3,0.072,3,0.096,4,0.107,1,0.018,6,0.075,5,0.038,11,0.053,16,0.057,12,0.038,18,0.051,20,0.055,8,0.022,15,0.04,11,0.029,8,0.022,11,0.038,14,0.057,7,0.033,7,0.043,3,0.025
Region 15,Region 9,0,0,0,0,0,0,0,0,0,0,1,0.029,0,0,0,0,3,0.01,0,0,1,0.004,0,0,0,0,1,0.003,1,0.003,1,0.003,1,0.003,4,0.009,1,0.002,1,0.003,2,0.007,1,0.004,0,0,1,0.007,2,0.015,0,0,0,0,0,0,0,0,1,0.029,0,0,0,0,0,0,0,0,0,0,1,0.004,0,0,0,0,1,0.003,1,0.003,1,0.002,2,0.004,0,0,2,0.005,1,0.003,1,0.004,0,0,1,0.005,0,0,0,0,1,0.012,0,0,0,0,0,0,1,0.024,0,0,0,0,0,0,0,0,3,0.01,0,0,1,0.003,1,0.003,0,0,1,0.003,2,0.005,0,0,0,0,2,0.007,0,0,1,0.004,0,0,0,0,1,0.007,0,0,0,0,0,0,0,0,0,0,1,0.018,1,0.012,1,0.008,0,0,3,0.011,1,0.003,0,0,1,0.003,0,0,0,0,1,0.003,0,0,2,0.007,0,0,0,0,0,0,0,0
Region 15,Region 10,4,0.04,1,0.022,1,0.035,0,0,2,0.107,0,0,2,0.024,2,0.011,6,0.019,11,0.032,5,0.018,6,0.023,9,0.031,1,0.003,7,0.021,11,0.032,13,0.034,14,0.031,7,0.015,4,0.011,4,0.015,5,0.021,7,0.034,5,0.033,0,0,0,0,0,0,0,0,1,0.047,3,0.088,2,0.025,3,0.019,2,0.008,10,0.036,7,0.026,5,0.018,7,0.023,13,0.038,6,0.017,6,0.016,6,0.014,13,0.029,6,0.013,7,0.019,5,0.017,3,0.012,2,0.009,5,0.025,2,0.008,1,0.007,0,0,0,0,2,0.053,1,0.034,1,0.024,2,0.028,3,0.027,2,0.012,6,0.026,7,0.024,2,0.006,6,0.017,6,0.016,5,0.013,7,0.018,14,0.035,7,0.018,13,0.04,4,0.015,5,0.02,3,0.013,3,0.014,0,0,1,0.007,0,0,1,0.013,0,0,1,0.032,1,0.027,3,0.054,1,0.012,4,0.031,4,0.019,6,0.021,4,0.013,7,0.02,2,0.006,5,0.014,9,0.024,5,0.013,2,0.005,4,0.014,5,0.02,2,0.009,4,0.024,2,0.017
Region 15,Region 11,20,0.199,12,0.263,7,0.246,5,0.253,4,0.215,8,0.233,13,0.156,26,0.149,33,0.106,49,0.143,46,0.163,45,0.169,37,0.127,79,0.243,64,0.196,65,0.189,66,0.171,68,0.15,73,0.161,67,0.188,60,0.218,57,0.238,22,0.107,22,0.143,27,0.202,13,0.221,10,0.278,5,0.202,5,0.236,5,0.146,19,0.239,25,0.159,29,0.116,42,0.151,34,0.128,41,0.15,42,0.139,68,0.199,60,0.166,72,0.188,67,0.162,75,0.165,83,0.183,53,0.143,39,0.135,45,0.184,36,0.161,35,0.177,28,0.115,15,0.101,10,0.117,9,0.144,6,0.159,5,0.171,10,0.24,13,0.18,21,0.19,31,0.188,23,0.098,40,0.134,47,0.142,63,0.175,54,0.148,82,0.216,74,0.188,62,0.153,70,0.18,48,0.146,41,0.152,58,0.231,45,0.189,26,0.122,24,0.106,16,0.105,7,0.072,9,0.121,4,0.096,6,0.192,9,0.24,9,0.161,18,0.224,26,0.199,26,0.124,40,0.143,54,0.169,60,0.171,71,0.196,57,0.157,65,0.175,55,0.146,44,0.121,53,0.181,47,0.192,40,0.188,32,0.195,23,0.193
Region 15,Region 12,2,0.02,1,0.022,0,0,1,0.051,0,0,0,0,0,0,2,0.011,0,0,2,0.006,3,0.011,1,0.004,4,0.014,4,0.012,3,0.009,2,0.006,3,0.008,4,0.009,5,0.011,2,0.006,2,0.007,3,0.013,1,0.005,1,0.007,4,0.03,2,0.034,1,0.028,0,0,0,0,1,0.029,0,0,3,0.019,4,0.016,3,0.011,1,0.004,2,0.007,0,0,5,0.015,1,0.003,7,0.018,3,0.007,2,0.004,3,0.007,3,0.008,6,0.021,1,0.004,2,0.009,1,0.005,1,0.004,0,0,0,0,0,0,0,0,0,0,0,0,2,0.028,0,0,2,0.012,3,0.013,2,0.007,2,0.006,1,0.003,2,0.005,2,0.005,5,0.013,4,0.01,4,0.01,2,0.006,2,0.007,4,0.016,5,0.021,3,0.014,1,0.004,1,0.007,1,0.01,1,0.013,3,0.072,0,0,0,0,0,0,1,0.012,1,0.008,3,0.014,3,0.011,3,0.009,6,0.017,3,0.008,1,0.003,2,0.005,1,0.003,2,0.005,1,0.003,5,0.02,6,0.028,1,0.006,1,0.008
Region 15,Region 13,2,0.02,5,0.11,4,0.141,1,0.051,0,0,1,0.029,0,0,2,0.011,2,0.006,11,0.032,7,0.025,6,0.023,12,0.041,15,0.046,9,0.028,7,0.02,11,0.029,13,0.029,14,0.031,11,0.031,9,0.033,5,0.021,6,0.029,3,0.02,2,0.015,2,0.034,1,0.028,0,0,1,0.047,1,0.029,3,0.038,4,0.025,6,0.024,6,0.022,7,0.026,6,0.022,8,0.026,10,0.029,2,0.006,4,0.01,9,0.022,10,0.022,14,0.031,9,0.024,4,0.014,5,0.02,3,0.013,1,0.005,4,0.016,4,0.027,3,0.035,0,0,0,0,1,0.034,0,0,0,0,2,0.018,4,0.024,9,0.038,9,0.03,6,0.018,7,0.019,11,0.03,11,0.029,8,0.02,8,0.02,7,0.018,3,0.009,2,0.007,0,0,2,0.008,1,0.005,4,0.018,2,0.013,0,0,0,0,0,0,1,0.032,1,0.027,1,0.018,0,0,2,0.015,4,0.019,7,0.025,10,0.031,14,0.04,9,0.025,12,0.033,6,0.016,9,0.024,9,0.025,6,0.021,4,0.016,1,0.005,1,0.006,5,0.042
Region 15,Region 14,3,0.03,2,0.044,1,0.035,0,0,0,0,5,0.146,10,0.12,7,0.04,12,0.039,11,0.032,8,0.028,7,0.026,7,0.024,8,0.025,7,0.021,6,0.017,5,0.013,5,0.011,8,0.018,5,0.014,7,0.025,4,0.017,5,0.024,1,0.007,3,0.022,2,0.034,0,0,1,0.04,2,0.095,4,0.117,3,0.038,7,0.044,7,0.028,5,0.018,7,0.026,12,0.044,8,0.026,3,0.009,11,0.031,9,0.024,6,0.014,11,0.024,6,0.013,4,0.011,7,0.024,7,0.029,10,0.045,7,0.035,5,0.02,1,0.007,3,0.035,1,0.016,3,0.079,2,0.068,9,0.216,2,0.028,6,0.054,3,0.018,4,0.017,8,0.027,10,0.03,7,0.019,16,0.044,17,0.045,7,0.018,11,0.027,12,0.031,6,0.018,8,0.03,7,0.028,5,0.021,3,0.014,5,0.022,4,0.026,0,0,2,0.027,2,0.048,2,0.064,1,0.027,7,0.125,1,0.012,4,0.031,5,0.024,9,0.032,8,0.025,7,0.02,8,0.022,4,0.011,3,0.008,5,0.013,5,0.014,9,0.031,3,0.012,5,0.024,5,0.03,2,0.017
Region 15,Region 15,29,0.288,18,0.395,15,0.528,8,0.404,5,0.268,10,0.291,17,0.204,46,0.263,96,0.31,125,0.364,104,0.368,77,0.289,80,0.275,110,0.339,126,0.386,148,0.431,156,0.405,195,0.431,175,0.385,140,0.392,111,0.403,94,0.393,71,0.345,44,0.286,43,0.321,10,0.17,6,0.167,4,0.162,6,0.284,6,0.175,18,0.227,45,0.286,82,0.328,91,0.327,108,0.406,93,0.341,91,0.3,123,0.359,106,0.294,133,0.348,172,0.415,159,0.35,170,0.374,116,0.312,92,0.319,94,0.385,70,0.314,67,0.339,46,0.188,24,0.161,12,0.141,15,0.24,15,0.396,11,0.376,14,0.336,31,0.43,37,0.334,64,0.389,66,0.281,103,0.346,95,0.286,114,0.316,128,0.35,113,0.298,145,0.368,142,0.35,113,0.291,115,0.35,93,0.344,72,0.287,59,0.247,47,0.221,48,0.211,25,0.164,12,0.124,6,0.08,10,0.24,7,0.224,12,0.321,21,0.375,22,0.274,44,0.336,59,0.282,79,0.283,114,0.357,108,0.308,117,0.324,117,0.322,135,0.364,107,0.283,123,0.337,99,0.338,83,0.34,76,0.357,53,0.323,34,0.285
Region 15,Region 16,0,0,0,0,0,0,0,0,0,0,0,0,0,0,2,0.011,2,0.006,2,0.006,2,0.007,0,0,0,0,0,0,0,0,0,0,0,0,0,0,1,0.002,0,0,1,0.004,0,0,0,0,0,0,0,0,0,0,0,0,0,0,0,0,0,0,1,0.013,1,0.006,0,0,1,0.004,2,0.008,0,0,1,0.003,1,0.003,1,0.003,0,0,0,0,0,0,1,0.002,1,0.003,0,0,1,0.004,2,0.009,0,0,0,0,0,0,0,0,0,0,0,0,0,0,0,0,0,0,0,0,0,0,2,0.009,3,0.01,1,0.003,1,0.003,1,0.003,0,0,0,0,0,0,0,0,1,0.003,0,0,0,0,0,0,1,0.005,0,0,1,0.007,0,0,0,0,0,0,0,0,0,0,0,0,0,0,0,0,3,0.014,0,0,0,0,1,0.003,1,0.003,2,0.006,1,0.003,0,0,0,0,0,0,1,0.004,1,0.005,0,0,0,0
Region 15,Region 17,2,0.02,0,0,2,0.07,2,0.101,0,0,0,0,2,0.024,5,0.029,20,0.064,20,0.058,10,0.035,11,0.041,11,0.038,8,0.025,8,0.024,10,0.029,7,0.018,8,0.018,9,0.02,8,0.022,10,0.036,5,0.021,5,0.024,0,0,7,0.052,1,0.017,1,0.028,2,0.081,0,0,0,0,2,0.025,3,0.019,10,0.04,17,0.061,6,0.023,3,0.011,10,0.033,13,0.038,6,0.017,4,0.01,10,0.024,10,0.022,16,0.035,15,0.04,5,0.017,4,0.016,6,0.027,6,0.03,8,0.033,4,0.027,1,0.012,1,0.016,3,0.079,0,0,1,0.024,3,0.042,5,0.045,7,0.043,4,0.017,3,0.01,8,0.024,7,0.019,5,0.014,8,0.021,7,0.018,11,0.027,13,0.033,7,0.021,7,0.026,8,0.032,6,0.025,6,0.028,3,0.013,6,0.039,4,0.041,0,0,2,0.048,4,0.128,1,0.027,4,0.071,1,0.012,5,0.038,3,0.014,7,0.025,1,0.003,6,0.017,5,0.014,9,0.025,11,0.03,7,0.019,14,0.038,7,0.024,4,0.016,3,0.014,2,0.012,5,0.042
Region 15,Region 18,2,0.02,0,0,0,0,0,0,0,0,0,0,0,0,1,0.006,3,0.01,2,0.006,1,0.004,3,0.011,1,0.003,4,0.012,4,0.012,6,0.017,10,0.026,10,0.022,6,0.013,5,0.014,3,0.011,2,0.008,0,0,1,0.007,1,0.007,1,0.017,0,0,0,0,0,0,0,0,0,0,0,0,0,0,0,0,3,0.011,1,0.004,6,0.02,4,0.012,5,0.014,7,0.018,7,0.017,7,0.015,5,0.011,1,0.003,3,0.01,2,0.008,1,0.004,0,0,2,0.008,0,0,0,0,0,0,0,0,2,0.068,1,0.024,0,0,0,0,0,0,0,0,1,0.003,2,0.006,1,0.003,2,0.005,5,0.013,6,0.015,2,0.005,4,0.01,1,0.003,3,0.011,2,0.008,1,0.004,1,0.005,1,0.004,1,0.007,0,0,0,0,2,0.048,0,0,0,0,0,0,2,0.025,1,0.008,0,0,3,0.011,3,0.009,1,0.003,1,0.003,5,0.014,2,0.005,1,0.003,1,0.003,1,0.003,2,0.008,3,0.014,4,0.024,2,0.017
Region 15,Region 19,1,0.01,0,0,0,0,0,0,0,0,0,0,0,0,1,0.006,1,0.003,0,0,1,0.004,4,0.015,6,0.021,3,0.009,2,0.006,3,0.009,8,0.021,12,0.027,10,0.022,2,0.006,1,0.004,1,0.004,1,0.005,2,0.013,3,0.022,0,0,0,0,0,0,0,0,0,0,0,0,0,0,0,0,0,0,2,0.008,4,0.015,2,0.007,1,0.003,1,0.003,3,0.008,4,0.01,5,0.011,7,0.015,1,0.003,3,0.01,2,0.008,0,0,1,0.005,0,0,0,0,0,0,1,0.016,0,0,0,0,1,0.024,0,0,0,0,1,0.006,2,0.009,1,0.003,0,0,5,0.014,2,0.005,2,0.005,3,0.008,3,0.007,5,0.013,0,0,2,0.007,1,0.004,3,0.013,1,0.005,1,0.004,0,0,0,0,0,0,1,0.024,0,0,0,0,2,0.036,1,0.012,1,0.008,0,0,1,0.004,2,0.006,3,0.009,2,0.006,4,0.011,3,0.008,4,0.011,1,0.003,1,0.003,0,0,1,0.005,0,0,0,0
Region 15,Region 20,1,0.01,0,0,0,0,0,0,1,0.054,1,0.029,3,0.036,4,0.023,4,0.013,3,0.009,8,0.028,1,0.004,1,0.003,3,0.009,4,0.012,4,0.012,7,0.018,4,0.009,5,0.011,3,0.008,2,0.007,2,0.008,2,0.01,0,0,0,0,1,0.017,0,0,2,0.081,0,0,0,0,2,0.025,3,0.019,1,0.004,3,0.011,4,0.015,2,0.007,1,0.003,3,0.009,3,0.008,3,0.008,1,0.002,4,0.009,4,0.009,3,0.008,3,0.01,1,0.004,1,0.004,1,0.005,0,0,1,0.007,0,0,0,0,0,0,0,0,0,0,0,0,2,0.018,0,0,1,0.004,1,0.003,0,0,3,0.008,3,0.008,5,0.013,3,0.008,3,0.007,7,0.018,4,0.012,3,0.011,1,0.004,3,0.013,1,0.005,0,0,1,0.007,0,0,3,0.04,0,0,0,0,0,0,1,0.018,3,0.037,2,0.015,2,0.01,0,0,1,0.003,0,0,2,0.006,3,0.008,3,0.008,2,0.005,2,0.005,1,0.003,4,0.016,2,0.009,2,0.012,0,0
Region 15,Region 21,1,0.01,1,0.022,0,0,0,0,0,0,0,0,0,0,1,0.006,2,0.006,3,0.009,1,0.004,1,0.004,0,0,3,0.009,1,0.003,0,0,1,0.003,2,0.004,0,0,0,0,1,0.004,0,0,1,0.005,0,0,0,0,0,0,0,0,0,0,0,0,0,0,0,0,0,0,0,0,1,0.004,3,0.011,1,0.004,2,0.007,1,0.003,4,0.011,2,0.005,0,0,2,0.004,4,0.009,0,0,2,0.007,0,0,0,0,1,0.005,0,0,0,0,0,0,1,0.016,0,0,0,0,0,0,0,0,0,0,1,0.006,2,0.009,2,0.007,3,0.009,2,0.006,2,0.005,1,0.003,0,0,1,0.002,0,0,1,0.003,1,0.004,1,0.004,0,0,0,0,0,0,0,0,1,0.01,0,0,0,0,1,0.032,0,0,0,0,1,0.012,0,0,1,0.005,2,0.007,1,0.003,2,0.006,1,0.003,1,0.003,2,0.005,0,0,0,0,0,0,1,0.004,1,0.005,1,0.006,0,0
Region 15,Region 22,0,0,0,0,0,0,0,0,0,0,0,0,0,0,0,0,0,0,0,0,0,0,1,0.004,1,0.003,3,0.009,2,0.006,1,0.003,2,0.005,1,0.002,2,0.004,1,0.003,1,0.004,1,0.004,0,0,0,0,0,0,0,0,0,0,0,0,0,0,0,0,0,0,0,0,0,0,0,0,2,0.008,0,0,2,0.007,0,0,0,0,0,0,1,0.002,0,0,1,0.002,3,0.008,0,0,1,0.004,0,0,1,0.005,0,0,0,0,0,0,0,0,0,0,0,0,0,0,0,0,0,0,0,0,2,0.009,0,0,0,0,1,0.003,0,0,1,0.003,1,0.003,0,0,2,0.005,1,0.003,0,0,1,0.004,0,0,0,0,1,0.004,0,0,1,0.01,0,0,1,0.024,0,0,0,0,0,0,0,0,0,0,0,0,1,0.004,0,0,0,0,1,0.003,2,0.006,0,0,0,0,0,0,1,0.003,1,0.004,0,0,1,0.006,1,0.008
Region 15,Region 23,4,0.04,1,0.022,1,0.035,1,0.051,0,0,4,0.116,4,0.048,3,0.017,8,0.026,6,0.017,4,0.014,6,0.023,8,0.027,8,0.025,7,0.021,10,0.029,20,0.052,24,0.053,19,0.042,7,0.02,7,0.025,13,0.054,6,0.029,5,0.033,1,0.007,5,0.085,2,0.056,2,0.081,2,0.095,2,0.058,3,0.038,6,0.038,12,0.048,7,0.025,5,0.019,6,0.022,9,0.03,13,0.038,16,0.044,8,0.021,19,0.046,24,0.053,14,0.031,11,0.03,12,0.042,5,0.02,8,0.036,9,0.046,1,0.004,3,0.02,4,0.047,4,0.064,3,0.079,0,0,3,0.072,2,0.028,2,0.018,6,0.036,9,0.038,7,0.024,11,0.033,6,0.017,12,0.033,11,0.029,14,0.035,21,0.052,15,0.039,8,0.024,15,0.055,14,0.056,9,0.038,2,0.009,7,0.031,6,0.039,3,0.031,0,0,2,0.048,1,0.032,5,0.134,6,0.107,0,0,3,0.023,5,0.024,6,0.021,6,0.019,12,0.034,15,0.041,12,0.033,3,0.008,7,0.019,6,0.016,5,0.017,11,0.045,6,0.028,6,0.037,8,0.067
Region 15,Region 24,0,0,0,0,1,0.035,0,0,0,0,0,0,0,0,0,0,3,0.01,1,0.003,0,0,0,0,1,0.003,0,0,0,0,0,0,2,0.005,1,0.002,1,0.002,0,0,1,0.004,1,0.004,0,0,0,0,0,0,0,0,0,0,0,0,0,0,0,0,0,0,0,0,2,0.008,0,0,0,0,0,0,0,0,0,0,0,0,0,0,0,0,0,0,0,0,0,0,0,0,0,0,0,0,0,0,1,0.004,0,0,0,0,0,0,0,0,0,0,0,0,1,0.014,1,0.009,2,0.012,0,0,0,0,1,0.003,1,0.003,2,0.005,0,0,1,0.003,0,0,0,0,0,0,0,0,1,0.004,0,0,0,0,0,0,0,0,0,0,0,0,0,0,0,0,0,0,0,0,2,0.025,0,0,1,0.005,1,0.004,0,0,2,0.006,3,0.008,4,0.011,0,0,0,0,1,0.003,0,0,0,0,0,0,0,0,0,0
Region 15,Region 25,7,0.069,3,0.066,3,0.106,1,0.051,1,0.054,1,0.029,2,0.024,6,0.034,11,0.035,21,0.061,24,0.085,22,0.083,19,0.065,25,0.077,29,0.089,27,0.079,26,0.067,25,0.055,38,0.084,24,0.067,22,0.08,19,0.079,10,0.049,8,0.052,11,0.082,6,0.102,6,0.167,4,0.162,1,0.047,3,0.088,2,0.025,6,0.038,9,0.036,11,0.039,11,0.041,15,0.055,16,0.053,27,0.079,25,0.069,22,0.058,31,0.075,41,0.09,28,0.062,24,0.065,18,0.062,20,0.082,16,0.072,14,0.071,19,0.078,5,0.034,2,0.023,2,0.032,4,0.106,1,0.034,5,0.12,4,0.055,3,0.027,12,0.073,15,0.064,17,0.057,17,0.051,17,0.047,12,0.033,22,0.058,21,0.053,23,0.057,16,0.041,16,0.049,13,0.048,19,0.076,16,0.067,8,0.038,9,0.04,9,0.059,6,0.062,3,0.04,1,0.024,5,0.16,3,0.08,3,0.054,6,0.075,9,0.069,7,0.033,16,0.057,21,0.066,17,0.048,13,0.036,20,0.055,23,0.062,13,0.034,16,0.044,13,0.044,12,0.049,18,0.085,12,0.073,8,0.067
Region 16,Region 0,2,0.02,1,0.022,1,0.035,0,0,0,0,0,0,3,0.036,8,0.046,24,0.077,37,0.108,12,0.042,24,0.09,36,0.124,25,0.077,24,0.073,33,0.096,26,0.067,43,0.095,29,0.064,25,0.07,15,0.054,18,0.075,5,0.024,5,0.033,6,0.045,0,0,0,0,0,0,0,0,1,0.029,3,0.038,11,0.07,15,0.06,27,0.097,20,0.075,23,0.084,29,0.096,26,0.076,25,0.069,34,0.089,27,0.065,37,0.081,42,0.092,16,0.043,16,0.055,11,0.045,10,0.045,8,0.04,6,0.025,4,0.027,0,0,0,0,0,0,0,0,3,0.072,3,0.042,8,0.072,20,0.122,21,0.089,20,0.067,26,0.078,34,0.094,35,0.096,27,0.071,30,0.076,21,0.052,18,0.046,23,0.07,27,0.1,25,0.1,19,0.08,9,0.042,1,0.004,5,0.033,0,0,3,0.04,1,0.024,0,0,2,0.053,3,0.054,6,0.075,10,0.076,17,0.081,27,0.097,38,0.119,31,0.088,40,0.111,40,0.11,36,0.097,22,0.058,23,0.063,19,0.065,17,0.07,10,0.047,5,0.03,10,0.084
Region 16,Region 1,0,0,0,0,0,0,0,0,0,0,0,0,0,0,0,0,1,0.003,8,0.023,0,0,3,0.011,5,0.017,2,0.006,3,0.009,1,0.003,4,0.01,7,0.015,5,0.011,10,0.028,6,0.022,3,0.013,4,0.019,1,0.007,1,0.007,0,0,0,0,0,0,0,0,0,0,0,0,0,0,1,0.004,3,0.011,7,0.026,5,0.018,2,0.007,1,0.003,5,0.014,2,0.005,4,0.01,5,0.011,5,0.011,6,0.016,9,0.031,6,0.025,3,0.013,10,0.051,2,0.008,2,0.013,0,0,0,0,0,0,0,0,0,0,1,0.014,1,0.009,0,0,3,0.013,2,0.007,4,0.012,4,0.011,2,0.005,3,0.008,8,0.02,6,0.015,11,0.028,8,0.024,7,0.026,9,0.036,6,0.025,1,0.005,0,0,4,0.026,0,0,0,0,0,0,0,0,0,0,1,0.018,0,0,1,0.008,4,0.019,3,0.011,2,0.006,3,0.009,4,0.011,3,0.008,8,0.022,5,0.013,6,0.016,6,0.021,3,0.012,2,0.009,1,0.006,1,0.008
Region 16,Region 2,0,0,1,0.022,0,0,0,0,0,0,0,0,0,0,0,0,0,0,1,0.003,2,0.007,3,0.011,0,0,3,0.009,0,0,1,0.003,0,0,1,0.002,3,0.007,3,0.008,2,0.007,3,0.013,1,0.005,0,0,1,0.007,0,0,0,0,0,0,0,0,0,0,0,0,0,0,2,0.008,1,0.004,1,0.004,1,0.004,2,0.007,0,0,0,0,2,0.005,1,0.002,2,0.004,8,0.018,3,0.008,1,0.003,0,0,0,0,2,0.01,2,0.008,0,0,0,0,0,0,0,0,0,0,0,0,1,0.014,1,0.009,2,0.012,5,0.021,1,0.003,5,0.015,2,0.006,3,0.008,0,0,4,0.01,6,0.015,8,0.021,2,0.006,4,0.015,7,0.028,1,0.004,1,0.005,2,0.009,2,0.013,0,0,0,0,0,0,0,0,0,0,1,0.018,2,0.025,2,0.015,1,0.005,1,0.004,4,0.013,1,0.003,2,0.006,2,0.006,3,0.008,1,0.003,3,0.008,1,0.003,3,0.012,1,0.005,2,0.012,1,0.008
Region 16,Region 3,0,0,2,0.044,0,0,0,0,0,0,0,0,0,0,0,0,3,0.01,3,0.009,0,0,0,0,1,0.003,4,0.012,1,0.003,2,0.006,9,0.023,14,0.031,8,0.018,7,0.02,4,0.015,2,0.008,2,0.01,0,0,0,0,0,0,0,0,0,0,0,0,0,0,0,0,0,0,0,0,1,0.004,2,0.008,3,0.011,2,0.007,4,0.012,5,0.014,5,0.013,8,0.019,9,0.02,7,0.015,6,0.016,4,0.014,2,0.008,8,0.036,4,0.02,4,0.016,1,0.007,0,0,0,0,0,0,0,0,0,0,1,0.014,0,0,1,0.006,0,0,3,0.01,6,0.018,5,0.014,5,0.014,3,0.008,4,0.01,11,0.027,5,0.013,4,0.012,2,0.007,2,0.008,2,0.008,2,0.009,0,0,0,0,0,0,0,0,0,0,0,0,0,0,0,0,0,0,1,0.008,0,0,2,0.007,6,0.019,7,0.02,8,0.022,11,0.03,10,0.027,2,0.005,2,0.005,1,0.003,3,0.012,2,0.009,1,0.006,1,0.008
Region 16,Region 4,2,0.02,5,0.11,1,0.035,1,0.051,0,0,0,0,0,0,2,0.011,7,0.023,17,0.049,19,0.067,22,0.083,23,0.079,29,0.089,30,0.092,34,0.099,34,0.088,37,0.082,46,0.101,41,0.115,24,0.087,22,0.092,17,0.083,12,0.078,5,0.037,3,0.051,2,0.056,1,0.04,2,0.095,1,0.029,0,0,4,0.025,7,0.028,10,0.036,13,0.049,19,0.07,27,0.089,39,0.114,27,0.075,41,0.107,46,0.111,43,0.095,47,0.103,35,0.094,25,0.087,22,0.09,25,0.112,8,0.04,8,0.033,2,0.013,1,0.012,2,0.032,0,0,0,0,1,0.024,0,0,6,0.054,15,0.091,19,0.081,22,0.074,17,0.051,30,0.083,38,0.104,32,0.084,43,0.109,30,0.074,32,0.082,29,0.088,15,0.055,20,0.08,15,0.063,11,0.052,9,0.04,8,0.053,1,0.01,2,0.027,2,0.048,2,0.064,0,0,2,0.036,2,0.025,15,0.115,19,0.091,26,0.093,26,0.081,44,0.125,39,0.108,42,0.116,36,0.097,26,0.069,33,0.09,24,0.082,24,0.098,18,0.085,16,0.098,5,0.042
Region 16,Region 5,15,0.149,9,0.197,4,0.141,0,0,3,0.161,6,0.175,28,0.336,36,0.206,92,0.297,106,0.308,124,0.438,129,0.484,137,0.47,124,0.382,135,0.413,108,0.315,117,0.303,129,0.285,139,0.306,100,0.28,107,0.389,114,0.477,55,0.267,24,0.156,16,0.12,11,0.187,4,0.111,3,0.121,4,0.189,10,0.292,16,0.201,45,0.286,95,0.38,117,0.42,96,0.361,106,0.389,121,0.399,148,0.432,119,0.33,132,0.345,127,0.306,133,0.293,140,0.308,100,0.269,95,0.329,86,0.353,74,0.332,38,0.192,41,0.168,11,0.074,4,0.047,4,0.064,5,0.132,8,0.274,16,0.384,17,0.236,45,0.406,77,0.468,100,0.425,117,0.393,101,0.304,134,0.372,154,0.421,138,0.364,114,0.289,136,0.335,111,0.286,112,0.341,110,0.407,111,0.443,69,0.289,40,0.188,32,0.141,15,0.099,2,0.021,3,0.04,4,0.096,9,0.288,14,0.374,16,0.286,27,0.336,52,0.398,104,0.498,122,0.437,153,0.479,168,0.479,154,0.426,147,0.404,158,0.426,152,0.402,140,0.384,101,0.345,97,0.397,91,0.428,48,0.293,17,0.142
Region 16,Region 6,0,0,0,0,0,0,0,0,0,0,0,0,1,0.012,0,0,0,0,0,0,1,0.004,0,0,1,0.003,2,0.006,4,0.012,1,0.003,0,0,1,0.002,2,0.004,3,0.008,0,0,0,0,1,0.005,0,0,0,0,0,0,0,0,0,0,0,0,0,0,0,0,0,0,0,0,1,0.004,4,0.015,2,0.007,3,0.01,0,0,1,0.003,2,0.005,1,0.002,2,0.004,0,0,1,0.003,1,0.003,0,0,0,0,1,0.005,0,0,0,0,0,0,0,0,0,0,0,0,0,0,0,0,2,0.018,1,0.006,1,0.004,1,0.003,2,0.006,6,0.017,3,0.008,1,0.003,2,0.005,1,0.002,0,0,0,0,0,0,3,0.012,1,0.004,0,0,0,0,0,0,0,0,0,0,0,0,0,0,0,0,0,0,0,0,2,0.015,1,0.005,1,0.004,1,0.003,1,0.003,1,0.003,2,0.006,3,0.008,1,0.003,2,0.005,0,0,1,0.004,0,0,1,0.006,0,0
Region 16,Region 7,3,0.03,2,0.044,0,0,2,0.101,1,0.054,1,0.029,1,0.012,4,0.023,9,0.029,6,0.017,5,0.018,9,0.034,4,0.014,9,0.028,10,0.031,12,0.035,9,0.023,17,0.038,11,0.024,13,0.036,4,0.015,12,0.05,4,0.019,8,0.052,3,0.022,2,0.034,0,0,1,0.04,1,0.047,0,0,3,0.038,3,0.019,4,0.016,11,0.039,8,0.03,8,0.029,15,0.049,4,0.012,15,0.042,19,0.05,15,0.036,8,0.018,17,0.037,13,0.035,8,0.028,7,0.029,22,0.099,14,0.071,3,0.012,2,0.013,1,0.012,0,0,1,0.026,0,0,1,0.024,2,0.028,3,0.027,3,0.018,7,0.03,7,0.024,13,0.039,11,0.031,12,0.033,18,0.047,12,0.03,9,0.022,21,0.054,7,0.021,11,0.041,11,0.044,10,0.042,10,0.047,8,0.035,6,0.039,2,0.021,2,0.027,1,0.024,0,0,0,0,1,0.018,0,0,1,0.008,4,0.019,2,0.007,5,0.016,13,0.037,9,0.025,7,0.019,10,0.027,12,0.032,12,0.033,5,0.017,10,0.041,8,0.038,8,0.049,4,0.033
Region 16,Region 8,3,0.03,2,0.044,0,0,0,0,0,0,0,0,1,0.012,7,0.04,19,0.061,13,0.038,12,0.042,9,0.034,13,0.045,14,0.043,12,0.037,11,0.032,9,0.023,9,0.02,9,0.02,1,0.003,9,0.033,10,0.042,4,0.019,1,0.007,3,0.022,0,0,0,0,1,0.04,1,0.047,1,0.029,1,0.013,6,0.038,17,0.068,13,0.047,10,0.038,11,0.04,7,0.023,15,0.044,12,0.033,12,0.031,12,0.029,5,0.011,8,0.018,10,0.027,11,0.038,8,0.033,4,0.018,4,0.02,1,0.004,1,0.007,0,0,0,0,1,0.026,0,0,1,0.024,1,0.014,6,0.054,9,0.055,14,0.06,14,0.047,16,0.048,17,0.047,14,0.038,17,0.045,19,0.048,17,0.042,20,0.052,24,0.073,14,0.052,18,0.072,8,0.034,4,0.019,2,0.009,4,0.026,0,0,0,0,1,0.024,0,0,1,0.027,3,0.054,1,0.012,6,0.046,5,0.024,13,0.047,22,0.069,6,0.017,21,0.058,15,0.041,15,0.04,17,0.045,9,0.025,6,0.021,13,0.053,16,0.075,7,0.043,3,0.025
Region 16,Region 9,0,0,0,0,0,0,0,0,0,0,0,0,1,0.012,0,0,2,0.006,0,0,1,0.004,3,0.011,4,0.014,5,0.015,4,0.012,7,0.02,6,0.016,20,0.044,13,0.029,8,0.022,6,0.022,9,0.038,3,0.015,0,0,1,0.007,0,0,0,0,0,0,0,0,0,0,0,0,0,0,1,0.004,4,0.014,2,0.008,3,0.011,4,0.013,3,0.009,4,0.011,10,0.026,6,0.014,12,0.026,4,0.009,7,0.019,2,0.007,1,0.004,2,0.009,2,0.01,1,0.004,1,0.007,0,0,0,0,0,0,0,0,1,0.024,0,0,0,0,1,0.006,1,0.004,4,0.013,7,0.021,5,0.014,7,0.019,6,0.016,2,0.005,4,0.01,6,0.015,2,0.006,5,0.018,2,0.008,1,0.004,1,0.005,2,0.009,0,0,0,0,0,0,0,0,0,0,0,0,1,0.018,1,0.012,2,0.015,2,0.01,8,0.029,8,0.025,6,0.017,8,0.022,8,0.022,7,0.019,8,0.021,5,0.014,5,0.017,4,0.016,3,0.014,2,0.012,1,0.008
Region 16,Region 10,0,0,0,0,0,0,0,0,0,0,1,0.029,2,0.024,5,0.029,13,0.042,12,0.035,8,0.028,13,0.049,13,0.045,14,0.043,10,0.031,6,0.017,7,0.018,17,0.038,12,0.026,7,0.02,9,0.033,11,0.046,10,0.049,2,0.013,0,0,0,0,1,0.028,0,0,0,0,1,0.029,1,0.013,3,0.019,12,0.048,9,0.032,10,0.038,6,0.022,11,0.036,11,0.032,13,0.036,13,0.034,12,0.029,10,0.022,12,0.026,13,0.035,5,0.017,4,0.016,10,0.045,5,0.025,0,0,1,0.007,0,0,1,0.016,1,0.026,0,0,1,0.024,1,0.014,9,0.081,6,0.036,3,0.013,17,0.057,20,0.06,16,0.044,11,0.03,16,0.042,15,0.038,8,0.02,8,0.021,7,0.021,6,0.022,8,0.032,5,0.021,5,0.023,5,0.022,1,0.007,1,0.01,2,0.027,1,0.024,0,0,0,0,3,0.054,4,0.05,7,0.054,5,0.024,11,0.039,17,0.053,3,0.009,13,0.036,16,0.044,13,0.035,10,0.026,11,0.03,5,0.017,13,0.053,7,0.033,5,0.03,0,0
Region 16,Region 11,0,0,0,0,0,0,0,0,0,0,0,0,0,0,0,0,0,0,0,0,0,0,0,0,0,0,0,0,0,0,0,0,0,0,1,0.002,0,0,0,0,0,0,0,0,0,0,0,0,0,0,0,0,0,0,0,0,0,0,0,0,0,0,1,0.006,0,0,0,0,0,0,0,0,0,0,0,0,0,0,1,0.003,0,0,0,0,0,0,0,0,0,0,0,0,0,0,0,0,0,0,0,0,0,0,0,0,0,0,0,0,0,0,0,0,0,0,1,0.006,2,0.009,0,0,0,0,0,0,2,0.005,1,0.003,1,0.003,0,0,0,0,1,0.003,0,0,0,0,0,0,0,0,0,0,0,0,0,0,0,0,1,0.024,0,0,1,0.027,0,0,0,0,0,0,0,0,1,0.004,1,0.003,2,0.006,2,0.006,0,0,0,0,0,0,0,0,0,0,0,0,0,0,1,0.006,0,0
Region 16,Region 12,1,0.01,0,0,0,0,0,0,0,0,0,0,0,0,1,0.006,3,0.01,1,0.003,1,0.004,3,0.011,1,0.003,1,0.003,2,0.006,1,0.003,3,0.008,3,0.007,4,0.009,1,0.003,0,0,0,0,2,0.01,2,0.013,2,0.015,0,0,0,0,0,0,0,0,0,0,0,0,2,0.013,1,0.004,0,0,0,0,1,0.004,7,0.023,0,0,2,0.006,1,0.003,3,0.007,4,0.009,4,0.009,4,0.011,1,0.003,0,0,0,0,2,0.01,1,0.004,0,0,0,0,0,0,0,0,0,0,0,0,0,0,0,0,0,0,0,0,1,0.003,2,0.006,1,0.003,1,0.003,1,0.003,1,0.003,0,0,2,0.005,0,0,2,0.007,0,0,1,0.004,1,0.005,0,0,0,0,0,0,0,0,0,0,0,0,0,0,1,0.018,0,0,0,0,3,0.014,0,0,1,0.003,2,0.006,2,0.006,7,0.019,3,0.008,0,0,2,0.005,3,0.01,1,0.004,3,0.014,1,0.006,1,0.008
Region 16,Region 13,3,0.03,3,0.066,1,0.035,0,0,0,0,0,0,1,0.012,3,0.017,6,0.019,5,0.015,10,0.035,7,0.026,6,0.021,4,0.012,6,0.018,3,0.009,5,0.013,11,0.024,16,0.035,14,0.039,8,0.029,5,0.021,5,0.024,6,0.039,3,0.022,0,0,1,0.028,0,0,0,0,0,0,0,0,0,0,6,0.024,6,0.022,6,0.023,4,0.015,8,0.026,12,0.035,1,0.003,8,0.021,11,0.027,8,0.018,10,0.022,8,0.022,7,0.024,6,0.025,4,0.018,1,0.005,6,0.025,2,0.013,2,0.023,0,0,0,0,0,0,0,0,0,0,0,0,2,0.012,8,0.034,9,0.03,10,0.03,8,0.022,16,0.044,14,0.037,5,0.013,13,0.032,13,0.033,8,0.024,7,0.026,7,0.028,11,0.046,3,0.014,3,0.013,0,0,0,0,0,0,0,0,0,0,0,0,0,0,3,0.037,5,0.038,8,0.038,5,0.018,10,0.031,8,0.023,9,0.025,10,0.028,11,0.03,11,0.029,8,0.022,1,0.003,6,0.025,2,0.009,4,0.024,2,0.017
Region 16,Region 14,2,0.02,2,0.044,2,0.07,0,0,0,0,1,0.029,1,0.012,4,0.023,10,0.032,20,0.058,28,0.099,21,0.079,26,0.089,23,0.071,24,0.073,30,0.087,48,0.124,53,0.117,54,0.119,36,0.101,20,0.073,23,0.096,16,0.078,13,0.085,6,0.045,1,0.017,1,0.028,1,0.04,0,0,0,0,0,0,4,0.025,11,0.044,16,0.057,20,0.075,30,0.11,29,0.096,30,0.088,42,0.116,38,0.099,35,0.084,45,0.099,44,0.097,41,0.11,28,0.097,25,0.102,17,0.076,10,0.051,5,0.02,8,0.054,3,0.035,2,0.032,1,0.026,0,0,2,0.048,1,0.014,8,0.072,7,0.043,21,0.089,30,0.101,29,0.087,35,0.097,34,0.093,27,0.071,31,0.079,26,0.064,43,0.111,27,0.082,21,0.078,30,0.12,23,0.096,11,0.052,10,0.044,9,0.059,7,0.072,2,0.027,0,0,1,0.032,3,0.08,0,0,4,0.05,7,0.054,16,0.077,29,0.104,33,0.103,40,0.114,24,0.066,38,0.105,31,0.084,28,0.074,27,0.074,24,0.082,23,0.094,32,0.15,7,0.043,7,0.059
Region 16,Region 15,0,0,1,0.022,0,0,0,0,0,0,0,0,0,0,0,0,0,0,1,0.003,0,0,0,0,0,0,1,0.003,0,0,0,0,0,0,1,0.002,1,0.002,0,0,0,0,1,0.004,0,0,0,0,0,0,0,0,0,0,0,0,1,0.047,0,0,0,0,0,0,0,0,0,0,0,0,2,0.007,1,0.003,0,0,1,0.003,3,0.008,1,0.002,1,0.002,0,0,0,0,0,0,1,0.004,0,0,0,0,0,0,0,0,0,0,0,0,0,0,0,0,0,0,0,0,0,0,0,0,0,0,0,0,1,0.003,1,0.003,0,0,0,0,2,0.005,2,0.005,3,0.008,0,0,0,0,1,0.004,0,0,0,0,0,0,0,0,0,0,0,0,0,0,0,0,0,0,0,0,1,0.012,0,0,0,0,0,0,0,0,1,0.003,0,0,1,0.003,1,0.003,0,0,0,0,0,0,0,0,1,0.005,0,0,0,0
Region 16,Region 16,30,0.298,10,0.219,3,0.106,2,0.101,1,0.054,1,0.029,6,0.072,34,0.195,92,0.297,169,0.492,157,0.555,170,0.638,160,0.549,188,0.579,191,0.585,197,0.574,199,0.516,256,0.566,285,0.627,231,0.648,156,0.567,144,0.602,77,0.374,46,0.299,39,0.292,16,0.272,10,0.278,3,0.121,2,0.095,2,0.058,12,0.151,26,0.165,73,0.292,128,0.46,176,0.662,193,0.708,176,0.58,197,0.575,204,0.566,194,0.507,229,0.552,268,0.589,268,0.59,240,0.646,172,0.597,117,0.48,78,0.349,65,0.329,49,0.2,20,0.134,7,0.082,9,0.144,1,0.026,3,0.103,5,0.12,16,0.222,36,0.325,68,0.413,137,0.583,213,0.716,231,0.696,228,0.633,256,0.7,272,0.718,216,0.548,214,0.528,221,0.569,166,0.506,130,0.481,140,0.559,83,0.348,58,0.273,39,0.171,13,0.085,10,0.104,5,0.067,3,0.072,2,0.064,4,0.107,13,0.232,42,0.523,84,0.642,142,0.679,205,0.734,232,0.726,215,0.613,207,0.573,227,0.624,230,0.62,223,0.59,206,0.565,184,0.629,126,0.516,105,0.494,77,0.47,35,0.293
Region 16,Region 17,3,0.03,1,0.022,0,0,0,0,1,0.054,3,0.087,1,0.012,4,0.023,25,0.081,16,0.047,13,0.046,5,0.019,7,0.024,7,0.022,5,0.015,5,0.015,5,0.013,7,0.015,21,0.046,19,0.053,8,0.029,3,0.013,10,0.049,5,0.033,3,0.022,1,0.017,0,0,0,0,0,0,0,0,0,0,4,0.025,12,0.048,7,0.025,9,0.034,7,0.026,4,0.013,1,0.003,10,0.028,8,0.021,2,0.005,14,0.031,21,0.046,17,0.046,20,0.069,11,0.045,6,0.027,5,0.025,5,0.02,2,0.013,2,0.023,1,0.016,1,0.026,0,0,0,0,1,0.014,5,0.045,4,0.024,1,0.004,5,0.017,4,0.012,6,0.017,7,0.019,7,0.018,10,0.025,12,0.03,17,0.044,22,0.067,4,0.015,9,0.036,11,0.046,4,0.019,7,0.031,4,0.026,1,0.01,1,0.013,0,0,0,0,0,0,1,0.018,2,0.025,4,0.031,2,0.01,5,0.018,8,0.025,9,0.026,7,0.019,8,0.022,9,0.024,13,0.034,11,0.03,9,0.031,10,0.041,2,0.009,5,0.03,5,0.042
Region 16,Region 18,0,0,0,0,0,0,0,0,0,0,0,0,0,0,0,0,0,0,0,0,0,0,0,0,0,0,1,0.003,0,0,0,0,0,0,0,0,1,0.002,0,0,0,0,0,0,0,0,0,0,0,0,0,0,0,0,0,0,0,0,1,0.029,1,0.013,0,0,0,0,0,0,0,0,0,0,0,0,0,0,1,0.003,0,0,1,0.002,2,0.004,0,0,0,0,0,0,0,0,0,0,0,0,0,0,0,0,0,0,0,0,0,0,0,0,1,0.024,0,0,0,0,0,0,0,0,0,0,0,0,0,0,0,0,0,0,0,0,0,0,0,0,0,0,0,0,0,0,0,0,0,0,0,0,0,0,0,0,0,0,0,0,0,0,0,0,0,0,0,0,0,0,1,0.005,0,0,0,0,1,0.003,1,0.003,2,0.006,1,0.003,0,0,0,0,0,0,1,0.004,0,0,0,0,0,0
Region 16,Region 19,0,0,0,0,0,0,0,0,0,0,0,0,0,0,0,0,0,0,0,0,0,0,0,0,0,0,0,0,0,0,0,0,0,0,0,0,0,0,0,0,0,0,0,0,1,0.005,0,0,0,0,1,0.017,0,0,0,0,0,0,0,0,0,0,0,0,0,0,0,0,0,0,0,0,0,0,2,0.006,0,0,1,0.003,1,0.002,0,0,0,0,1,0.003,0,0,1,0.004,0,0,1,0.005,0,0,0,0,0,0,0,0,0,0,0,0,0,0,0,0,0,0,0,0,0,0,0,0,2,0.006,1,0.003,2,0.005,1,0.003,1,0.003,0,0,0,0,0,0,0,0,2,0.008,0,0,0,0,2,0.009,0,0,0,0,0,0,0,0,1,0.032,0,0,1,0.018,2,0.025,0,0,0,0,1,0.004,0,0,1,0.003,0,0,0,0,1,0.003,0,0,0,0,0,0,0,0,2,0.009,1,0.006,0,0
Region 16,Region 20,1,0.01,0,0,0,0,0,0,0,0,0,0,1,0.012,2,0.011,7,0.023,6,0.017,6,0.021,4,0.015,1,0.003,4,0.012,0,0,1,0.003,1,0.003,2,0.004,4,0.009,2,0.006,2,0.007,7,0.029,5,0.024,4,0.026,1,0.007,0,0,0,0,0,0,0,0,1,0.029,0,0,1,0.006,2,0.008,4,0.014,5,0.019,2,0.007,1,0.003,3,0.009,1,0.003,3,0.008,4,0.01,4,0.009,5,0.011,4,0.011,3,0.01,1,0.004,3,0.013,5,0.025,3,0.012,1,0.007,1,0.012,1,0.016,0,0,1,0.034,0,0,1,0.014,4,0.036,0,0,1,0.004,2,0.007,6,0.018,4,0.011,2,0.005,2,0.005,2,0.005,3,0.007,1,0.003,4,0.012,5,0.018,1,0.004,6,0.025,6,0.028,0,0,0,0,0,0,2,0.027,1,0.024,0,0,0,0,0,0,1,0.012,1,0.008,3,0.014,2,0.007,3,0.009,1,0.003,2,0.006,3,0.008,5,0.013,4,0.011,5,0.014,3,0.01,4,0.016,3,0.014,4,0.024,3,0.025
Region 16,Region 21,4,0.04,1,0.022,0,0,0,0,0,0,0,0,0,0,2,0.011,8,0.026,12,0.035,14,0.05,24,0.09,19,0.065,29,0.089,22,0.067,14,0.041,34,0.088,48,0.106,46,0.101,32,0.09,29,0.105,18,0.075,21,0.102,10,0.065,4,0.03,1,0.017,0,0,0,0,0,0,0,0,0,0,4,0.025,6,0.024,14,0.05,14,0.053,17,0.062,19,0.063,26,0.076,23,0.064,26,0.068,32,0.077,34,0.075,47,0.103,22,0.059,32,0.111,18,0.074,16,0.072,10,0.051,10,0.041,2,0.013,2,0.023,3,0.048,0,0,0,0,1,0.024,2,0.028,2,0.018,5,0.03,16,0.068,15,0.05,20,0.06,30,0.083,15,0.041,32,0.084,25,0.063,17,0.042,15,0.039,25,0.076,21,0.078,15,0.06,11,0.046,9,0.042,2,0.009,2,0.013,1,0.01,0,0,0,0,0,0,0,0,0,0,2,0.025,15,0.115,18,0.086,24,0.086,25,0.078,26,0.074,31,0.086,31,0.085,18,0.049,29,0.077,26,0.071,19,0.065,13,0.053,11,0.052,8,0.049,1,0.008
Region 16,Region 22,0,0,0,0,0,0,0,0,0,0,0,0,0,0,0,0,1,0.003,1,0.003,0,0,0,0,1,0.003,0,0,4,0.012,4,0.012,6,0.016,7,0.015,3,0.007,0,0,0,0,1,0.004,1,0.005,1,0.007,1,0.007,0,0,0,0,0,0,0,0,0,0,0,0,0,0,1,0.004,3,0.011,2,0.008,4,0.015,2,0.007,3,0.009,3,0.008,2,0.005,5,0.012,4,0.009,4,0.009,2,0.005,3,0.01,3,0.012,2,0.009,1,0.005,1,0.004,0,0,0,0,0,0,0,0,0,0,0,0,0,0,3,0.027,3,0.018,1,0.004,2,0.007,3,0.009,4,0.011,3,0.008,4,0.011,4,0.01,3,0.007,4,0.01,0,0,1,0.004,1,0.004,3,0.013,1,0.005,0,0,1,0.007,0,0,0,0,0,0,0,0,0,0,0,0,0,0,2,0.015,1,0.005,2,0.007,2,0.006,0,0,1,0.003,4,0.011,3,0.008,1,0.003,3,0.008,0,0,3,0.012,1,0.005,1,0.006,0,0
Region 16,Region 23,1,0.01,0,0,1,0.035,0,0,0,0,0,0,0,0,0,0,1,0.003,1,0.003,1,0.004,0,0,1,0.003,1,0.003,0,0,0,0,6,0.016,1,0.002,2,0.004,1,0.003,1,0.004,1,0.004,2,0.01,1,0.007,0,0,0,0,0,0,0,0,0,0,0,0,0,0,0,0,0,0,0,0,0,0,1,0.004,1,0.003,2,0.006,0,0,2,0.005,5,0.012,2,0.004,0,0,0,0,0,0,1,0.004,0,0,3,0.015,1,0.004,0,0,0,0,0,0,0,0,0,0,0,0,0,0,1,0.009,0,0,2,0.009,1,0.003,5,0.015,1,0.003,0,0,2,0.005,0,0,2,0.005,1,0.003,1,0.003,1,0.004,0,0,0,0,1,0.005,3,0.013,0,0,1,0.01,0,0,0,0,0,0,0,0,0,0,0,0,0,0,0,0,2,0.007,0,0,2,0.006,4,0.011,0,0,3,0.008,3,0.008,0,0,3,0.01,0,0,1,0.005,1,0.006,0,0
Region 16,Region 24,1,0.01,1,0.022,0,0,1,0.051,0,0,0,0,0,0,1,0.006,1,0.003,7,0.02,5,0.018,3,0.011,9,0.031,7,0.022,7,0.021,6,0.017,13,0.034,19,0.042,25,0.055,12,0.034,9,0.033,7,0.029,7,0.034,4,0.026,2,0.015,1,0.017,1,0.028,0,0,0,0,0,0,0,0,0,0,1,0.004,2,0.007,5,0.019,6,0.022,4,0.013,6,0.018,12,0.033,10,0.026,8,0.019,11,0.024,11,0.024,11,0.03,11,0.038,10,0.041,4,0.018,2,0.01,2,0.008,3,0.02,0,0,1,0.016,0,0,0,0,0,0,0,0,5,0.045,3,0.018,4,0.017,7,0.024,12,0.036,11,0.031,7,0.019,12,0.032,8,0.02,2,0.005,8,0.021,14,0.043,12,0.044,7,0.028,5,0.021,2,0.009,3,0.013,2,0.013,0,0,1,0.013,0,0,0,0,0,0,0,0,0,0,3,0.023,6,0.029,5,0.018,9,0.028,5,0.014,10,0.028,7,0.019,10,0.027,6,0.016,7,0.019,7,0.024,2,0.008,12,0.056,4,0.024,2,0.017
Region 16,Region 25,0,0,0,0,0,0,0,0,0,0,0,0,0,0,0,0,1,0.003,1,0.003,0,0,0,0,0,0,1,0.003,1,0.003,2,0.006,0,0,0,0,0,0,2,0.006,0,0,1,0.004,1,0.005,0,0,0,0,0,0,0,0,0,0,0,0,0,0,0,0,0,0,0,0,0,0,0,0,1,0.004,1,0.003,0,0,0,0,0,0,0,0,3,0.007,0,0,0,0,0,0,0,0,2,0.009,1,0.005,0,0,0,0,0,0,0,0,0,0,0,0,0,0,0,0,0,0,0,0,0,0,0,0,0,0,1,0.003,0,0,1,0.003,0,0,1,0.002,0,0,0,0,0,0,2,0.008,0,0,0,0,0,0,0,0,0,0,0,0,0,0,0,0,0,0,0,0,0,0,0,0,1,0.005,0,0,0,0,0,0,2,0.006,1,0.003,0,0,0,0,1,0.003,1,0.003,1,0.004,0,0,0,0,0,0
Region 17,Region 0,20,0.199,7,0.154,5,0.176,5,0.253,4,0.215,2,0.058,5,0.06,24,0.137,44,0.142,54,0.157,47,0.166,57,0.214,48,0.165,67,0.206,89,0.272,103,0.3,102,0.264,165,0.365,104,0.229,84,0.235,49,0.178,51,0.213,74,0.359,61,0.397,37,0.277,14,0.238,10,0.278,7,0.283,5,0.236,4,0.117,9,0.113,19,0.121,42,0.168,30,0.108,36,0.135,48,0.176,48,0.158,55,0.161,65,0.18,86,0.225,91,0.219,132,0.29,94,0.207,68,0.183,44,0.153,40,0.164,61,0.273,59,0.299,128,0.524,85,0.571,49,0.575,42,0.672,26,0.687,5,0.171,7,0.168,5,0.069,11,0.099,13,0.079,41,0.174,39,0.131,39,0.118,57,0.158,48,0.131,46,0.121,65,0.165,59,0.145,51,0.131,40,0.122,27,0.1,53,0.211,66,0.277,75,0.352,87,0.383,64,0.421,60,0.621,35,0.469,26,0.623,12,0.384,5,0.134,9,0.161,11,0.137,15,0.115,21,0.1,41,0.147,47,0.147,50,0.143,63,0.174,51,0.14,51,0.137,52,0.138,58,0.159,48,0.164,32,0.131,40,0.188,34,0.207,32,0.268
Region 17,Region 1,70,0.695,21,0.461,24,0.844,8,0.404,8,0.429,12,0.349,8,0.096,25,0.143,57,0.184,89,0.259,64,0.226,59,0.221,90,0.309,92,0.283,100,0.306,91,0.265,129,0.335,150,0.332,172,0.379,150,0.421,139,0.505,99,0.414,104,0.505,89,0.579,98,0.733,51,0.868,37,1.029,24,0.97,9,0.426,7,0.205,10,0.126,32,0.203,56,0.224,64,0.23,62,0.233,70,0.257,89,0.294,99,0.289,117,0.324,95,0.248,153,0.369,186,0.409,205,0.451,176,0.474,152,0.527,135,0.553,147,0.659,143,0.724,202,0.826,143,0.961,93,1.091,62,0.992,27,0.713,21,0.719,8,0.192,17,0.236,17,0.154,33,0.201,66,0.281,102,0.343,127,0.383,108,0.3,115,0.314,112,0.296,126,0.319,160,0.394,184,0.474,137,0.417,132,0.488,140,0.559,161,0.675,166,0.78,165,0.726,153,1.006,97,1.004,96,1.285,38,0.91,18,0.576,12,0.321,14,0.25,19,0.237,27,0.206,52,0.249,68,0.243,102,0.319,102,0.291,124,0.343,107,0.294,119,0.321,89,0.236,129,0.354,91,0.311,103,0.422,67,0.315,73,0.445,54,0.452
Region 17,Region 2,51,0.506,25,0.548,18,0.633,6,0.303,9,0.483,6,0.175,6,0.072,23,0.132,59,0.19,96,0.279,86,0.304,72,0.27,55,0.189,89,0.274,79,0.242,102,0.297,93,0.241,138,0.305,153,0.337,140,0.392,103,0.374,70,0.293,72,0.35,60,0.39,75,0.561,32,0.544,13,0.362,9,0.364,6,0.284,2,0.058,9,0.113,13,0.082,34,0.136,46,0.165,71,0.267,51,0.187,56,0.185,78,0.228,90,0.25,87,0.228,81,0.195,104,0.229,133,0.293,111,0.299,92,0.319,79,0.324,87,0.39,107,0.541,164,0.671,118,0.793,73,0.857,64,1.024,20,0.528,8,0.274,4,0.096,11,0.152,15,0.135,34,0.207,48,0.204,71,0.239,68,0.205,71,0.197,59,0.161,74,0.195,122,0.309,210,0.518,227,0.585,147,0.448,116,0.429,86,0.343,107,0.448,116,0.545,159,0.699,120,0.789,100,1.035,54,0.723,19,0.455,7,0.224,13,0.347,6,0.107,14,0.174,21,0.161,35,0.167,52,0.186,74,0.232,76,0.217,62,0.172,69,0.19,87,0.234,84,0.222,76,0.208,78,0.267,56,0.229,52,0.244,45,0.274,45,0.377
Region 17,Region 3,4,0.04,2,0.044,0,0,0,0,1,0.054,0,0,1,0.012,4,0.023,4,0.013,5,0.015,9,0.032,4,0.015,11,0.038,10,0.031,13,0.04,9,0.026,19,0.049,25,0.055,25,0.055,10,0.028,20,0.073,7,0.029,12,0.058,14,0.091,12,0.09,4,0.068,2,0.056,3,0.121,1,0.047,1,0.029,0,0,3,0.019,2,0.008,3,0.011,6,0.023,3,0.011,14,0.046,10,0.029,18,0.05,15,0.039,20,0.048,17,0.037,14,0.031,17,0.046,11,0.038,8,0.033,9,0.04,14,0.071,17,0.07,12,0.081,5,0.059,7,0.112,4,0.106,3,0.103,3,0.072,0,0,3,0.027,6,0.036,12,0.051,13,0.044,19,0.057,14,0.039,23,0.063,17,0.045,13,0.033,20,0.049,15,0.039,19,0.058,5,0.018,14,0.056,9,0.038,8,0.038,10,0.044,16,0.105,11,0.114,19,0.254,6,0.144,1,0.032,2,0.053,2,0.036,3,0.037,11,0.084,5,0.024,14,0.05,11,0.034,18,0.051,14,0.039,18,0.05,11,0.03,15,0.04,14,0.038,13,0.044,13,0.053,4,0.019,11,0.067,8,0.067
Region 17,Region 4,8,0.079,2,0.044,2,0.07,7,0.354,4,0.215,1,0.029,4,0.048,3,0.017,4,0.013,13,0.038,17,0.06,14,0.053,20,0.069,23,0.071,19,0.058,23,0.067,26,0.067,54,0.119,60,0.132,35,0.098,16,0.058,20,0.084,31,0.151,25,0.163,19,0.142,14,0.238,8,0.223,12,0.485,5,0.236,1,0.029,4,0.05,8,0.051,11,0.044,20,0.072,16,0.06,21,0.077,13,0.043,25,0.073,20,0.055,27,0.071,31,0.075,43,0.095,35,0.077,21,0.057,23,0.08,20,0.082,21,0.094,38,0.192,60,0.245,49,0.329,43,0.505,35,0.56,9,0.238,6,0.205,2,0.048,7,0.097,6,0.054,6,0.036,21,0.089,39,0.131,21,0.063,33,0.092,30,0.082,27,0.071,30,0.076,36,0.089,19,0.049,26,0.079,18,0.067,25,0.1,30,0.126,35,0.164,64,0.281,57,0.375,35,0.362,30,0.402,16,0.383,5,0.16,7,0.187,3,0.054,2,0.025,10,0.076,11,0.053,22,0.079,24,0.075,31,0.088,20,0.055,19,0.052,30,0.081,38,0.101,29,0.08,24,0.082,14,0.057,13,0.061,15,0.091,18,0.151
Region 17,Region 5,26,0.258,8,0.175,2,0.07,3,0.152,2,0.107,2,0.058,13,0.156,21,0.12,37,0.119,19,0.055,34,0.12,42,0.158,57,0.196,58,0.179,46,0.141,49,0.143,43,0.112,55,0.122,36,0.079,32,0.09,42,0.153,32,0.134,64,0.311,91,0.592,66,0.493,11,0.187,3,0.083,6,0.242,5,0.236,3,0.088,12,0.151,15,0.095,34,0.136,56,0.201,50,0.188,39,0.143,51,0.168,42,0.123,17,0.047,24,0.063,32,0.077,44,0.097,40,0.088,54,0.145,49,0.17,26,0.107,48,0.215,60,0.304,177,0.724,96,0.645,15,0.176,17,0.272,8,0.211,4,0.137,4,0.096,6,0.083,20,0.181,25,0.152,43,0.183,47,0.158,63,0.19,51,0.141,39,0.107,45,0.119,50,0.127,34,0.084,39,0.1,43,0.131,20,0.074,33,0.132,41,0.172,54,0.254,68,0.299,55,0.362,22,0.228,23,0.308,16,0.383,4,0.128,4,0.107,14,0.25,17,0.212,29,0.222,31,0.148,51,0.183,44,0.138,59,0.168,44,0.122,36,0.099,31,0.084,32,0.085,33,0.09,50,0.171,36,0.147,26,0.122,23,0.14,34,0.285
Region 17,Region 6,10,0.099,8,0.175,3,0.106,3,0.152,4,0.215,0,0,1,0.012,2,0.011,4,0.013,12,0.035,14,0.05,14,0.053,11,0.038,19,0.058,15,0.046,19,0.055,19,0.049,38,0.084,51,0.112,31,0.087,29,0.105,16,0.067,17,0.083,19,0.124,9,0.067,8,0.136,3,0.083,6,0.242,2,0.095,1,0.029,0,0,2,0.013,15,0.06,7,0.025,9,0.034,21,0.077,18,0.059,19,0.055,22,0.061,17,0.044,20,0.048,35,0.077,40,0.088,26,0.07,20,0.069,13,0.053,22,0.099,14,0.071,31,0.127,23,0.155,8,0.094,7,0.112,8,0.211,2,0.068,6,0.144,3,0.042,4,0.036,2,0.012,8,0.034,12,0.04,32,0.096,21,0.058,22,0.06,20,0.053,19,0.048,20,0.049,23,0.059,15,0.046,21,0.078,15,0.06,14,0.059,31,0.146,15,0.066,23,0.151,12,0.124,15,0.201,8,0.192,1,0.032,1,0.027,0,0,5,0.062,12,0.092,10,0.048,16,0.057,10,0.031,21,0.06,28,0.077,20,0.055,19,0.051,21,0.056,20,0.055,21,0.072,17,0.07,13,0.061,11,0.067,15,0.126
Region 17,Region 7,68,0.675,47,1.031,20,0.703,16,0.808,4,0.215,7,0.204,13,0.156,28,0.16,63,0.203,79,0.23,77,0.272,70,0.263,85,0.292,99,0.305,103,0.315,104,0.303,145,0.376,142,0.314,170,0.374,132,0.37,93,0.338,86,0.36,72,0.35,80,0.52,78,0.583,42,0.715,29,0.807,19,0.768,4,0.189,9,0.263,13,0.164,37,0.235,43,0.172,66,0.237,54,0.203,83,0.304,105,0.346,124,0.362,133,0.369,142,0.371,151,0.364,146,0.321,150,0.33,154,0.415,126,0.437,112,0.459,83,0.372,103,0.521,154,0.63,86,0.578,55,0.645,52,0.832,35,0.925,19,0.65,16,0.384,21,0.291,22,0.199,39,0.237,51,0.217,68,0.229,94,0.283,141,0.391,125,0.342,121,0.319,95,0.241,116,0.286,125,0.322,115,0.35,110,0.407,78,0.311,97,0.406,87,0.409,125,0.55,84,0.552,55,0.569,114,1.527,49,1.174,15,0.48,20,0.534,12,0.214,30,0.373,22,0.168,41,0.196,63,0.225,73,0.229,102,0.291,73,0.202,128,0.352,127,0.342,91,0.241,117,0.321,106,0.362,92,0.377,67,0.315,72,0.439,76,0.636
Region 17,Region 8,120,1.191,51,1.119,26,0.915,24,1.213,16,0.858,16,0.466,24,0.288,64,0.366,173,0.558,204,0.593,182,0.644,178,0.668,208,0.714,264,0.813,258,0.79,289,0.842,399,1.035,410,0.907,358,0.788,237,0.664,172,0.625,170,0.711,228,1.107,339,2.204,209,1.563,81,1.378,46,1.28,57,2.303,19,0.898,22,0.643,38,0.478,81,0.514,137,0.548,150,0.538,171,0.643,190,0.697,215,0.709,252,0.736,252,0.699,305,0.798,313,0.755,348,0.765,323,0.711,231,0.622,181,0.628,163,0.668,220,0.986,334,1.69,903,3.693,539,3.621,161,1.889,147,2.352,73,1.929,29,0.992,19,0.456,37,0.513,82,0.741,125,0.76,185,0.787,298,1.001,239,0.72,251,0.696,235,0.642,242,0.639,247,0.626,232,0.572,232,0.598,214,0.652,201,0.743,168,0.67,232,0.972,249,1.17,456,2.005,299,1.965,180,1.864,144,1.928,106,2.54,34,1.088,15,0.401,28,0.5,63,0.784,92,0.703,114,0.545,185,0.662,219,0.686,233,0.664,216,0.598,189,0.52,230,0.62,207,0.548,223,0.611,161,0.55,140,0.573,141,0.663,154,0.939,197,1.65
Region 17,Region 9,13,0.129,8,0.175,1,0.035,4,0.202,8,0.429,13,0.378,29,0.348,13,0.074,17,0.055,20,0.058,22,0.078,21,0.079,25,0.086,28,0.086,31,0.095,35,0.102,33,0.086,60,0.133,51,0.112,34,0.095,20,0.073,16,0.067,28,0.136,34,0.221,23,0.172,10,0.17,8,0.223,6,0.242,12,0.567,17,0.497,22,0.277,16,0.102,20,0.08,19,0.068,18,0.068,36,0.132,51,0.168,34,0.099,32,0.089,45,0.118,40,0.096,46,0.101,32,0.07,40,0.108,24,0.083,8,0.033,20,0.09,24,0.121,102,0.417,37,0.249,13,0.153,19,0.304,18,0.476,27,0.924,12,0.288,16,0.222,16,0.144,10,0.061,16,0.068,41,0.138,39,0.118,33,0.092,32,0.087,36,0.095,28,0.071,24,0.059,16,0.041,20,0.061,10,0.037,14,0.056,17,0.071,21,0.099,27,0.119,31,0.204,10,0.104,18,0.241,16,0.383,17,0.544,13,0.347,26,0.465,15,0.187,14,0.107,26,0.124,22,0.079,47,0.147,36,0.103,46,0.127,30,0.083,29,0.078,20,0.053,23,0.063,24,0.082,15,0.061,15,0.071,17,0.104,17,0.142
Region 17,Region 10,71,0.705,32,0.702,30,1.055,14,0.707,9,0.483,11,0.32,14,0.168,55,0.315,141,0.455,161,0.468,149,0.527,129,0.484,179,0.615,192,0.591,201,0.615,228,0.665,343,0.889,428,0.947,292,0.643,193,0.541,143,0.519,132,0.552,155,0.753,271,1.762,173,1.293,47,0.8,30,0.834,25,1.01,17,0.804,8,0.234,28,0.353,58,0.368,106,0.424,123,0.442,123,0.462,167,0.613,173,0.571,189,0.552,217,0.602,224,0.586,236,0.569,320,0.704,235,0.517,175,0.471,136,0.472,114,0.467,148,0.663,219,1.108,544,2.225,346,2.324,84,0.986,63,1.008,44,1.162,18,0.616,13,0.312,26,0.36,51,0.461,76,0.462,143,0.608,191,0.642,200,0.603,180,0.499,169,0.462,172,0.454,178,0.451,162,0.399,159,0.41,134,0.408,124,0.458,147,0.587,166,0.696,161,0.757,248,1.091,165,1.085,82,0.849,77,1.031,54,1.294,17,0.544,17,0.454,26,0.465,45,0.56,64,0.489,104,0.498,168,0.601,155,0.485,204,0.582,174,0.481,153,0.421,155,0.418,128,0.339,128,0.351,110,0.376,94,0.385,96,0.451,110,0.671,159,1.331
Region 17,Region 11,7,0.069,2,0.044,3,0.106,1,0.051,1,0.054,1,0.029,0,0,7,0.04,7,0.023,8,0.023,10,0.035,8,0.03,8,0.027,7,0.022,8,0.024,15,0.044,13,0.034,26,0.058,20,0.044,13,0.036,10,0.036,8,0.033,12,0.058,12,0.078,9,0.067,6,0.102,3,0.083,5,0.202,2,0.095,3,0.088,0,0,1,0.006,4,0.016,7,0.025,7,0.026,5,0.018,9,0.03,12,0.035,18,0.05,14,0.037,14,0.034,17,0.037,15,0.033,11,0.03,21,0.073,10,0.041,12,0.054,11,0.056,17,0.07,18,0.121,4,0.047,2,0.032,2,0.053,4,0.137,1,0.024,4,0.055,1,0.009,2,0.012,8,0.034,8,0.027,5,0.015,6,0.017,11,0.03,10,0.026,11,0.028,8,0.02,8,0.021,3,0.009,5,0.018,5,0.02,7,0.029,14,0.066,8,0.035,5,0.033,10,0.104,7,0.094,7,0.168,2,0.064,1,0.027,3,0.054,2,0.025,3,0.023,5,0.024,3,0.011,2,0.006,13,0.037,11,0.03,13,0.036,11,0.03,10,0.026,7,0.019,6,0.021,5,0.02,5,0.024,19,0.116,7,0.059
Region 17,Region 12,34,0.338,17,0.373,10,0.352,8,0.404,9,0.483,4,0.116,6,0.072,21,0.12,35,0.113,44,0.128,56,0.198,60,0.225,70,0.24,73,0.225,69,0.211,67,0.195,78,0.202,79,0.175,70,0.154,70,0.196,70,0.254,45,0.188,53,0.257,43,0.28,35,0.262,16,0.272,9,0.25,10,0.404,5,0.236,8,0.234,9,0.113,24,0.152,21,0.084,37,0.133,40,0.15,62,0.227,75,0.247,65,0.19,62,0.172,93,0.243,109,0.263,90,0.198,100,0.22,82,0.221,104,0.361,57,0.234,42,0.188,48,0.243,64,0.262,36,0.242,27,0.317,20,0.32,19,0.502,4,0.137,7,0.168,7,0.097,20,0.181,23,0.14,28,0.119,43,0.145,58,0.175,69,0.191,58,0.159,80,0.211,90,0.228,87,0.214,72,0.185,73,0.222,46,0.17,64,0.255,44,0.184,43,0.202,48,0.211,50,0.329,27,0.28,28,0.375,14,0.335,10,0.32,8,0.214,10,0.179,11,0.137,20,0.153,26,0.124,41,0.147,56,0.175,58,0.165,53,0.147,62,0.171,51,0.137,59,0.156,78,0.214,71,0.243,72,0.295,69,0.324,49,0.299,32,0.268
Region 17,Region 13,85,0.844,44,0.965,25,0.879,21,1.061,17,0.912,9,0.262,19,0.228,79,0.452,211,0.68,308,0.896,225,0.796,244,0.916,222,0.762,296,0.911,325,0.995,393,1.146,475,1.232,713,1.577,580,1.277,361,1.012,223,0.81,183,0.765,243,1.18,265,1.723,180,1.346,61,1.038,41,1.14,26,1.051,29,1.371,12,0.351,27,0.34,70,0.444,155,0.62,174,0.625,202,0.759,217,0.796,221,0.729,251,0.733,319,0.885,331,0.866,380,0.916,444,0.977,409,0.9,285,0.767,230,0.798,161,0.66,216,0.968,285,1.442,709,2.9,385,2.586,110,1.291,108,1.728,61,1.612,26,0.89,11,0.264,24,0.333,77,0.695,96,0.584,149,0.634,224,0.753,215,0.648,237,0.657,241,0.659,215,0.567,282,0.715,263,0.648,250,0.644,185,0.563,176,0.651,203,0.81,241,1.01,242,1.137,310,1.363,213,1.4,112,1.16,132,1.768,82,1.965,26,0.832,29,0.775,28,0.5,48,0.598,59,0.451,120,0.574,167,0.598,204,0.639,229,0.653,189,0.523,207,0.569,245,0.66,241,0.638,202,0.554,186,0.636,153,0.626,142,0.668,135,0.823,142,1.189
Region 17,Region 14,129,1.281,44,0.965,33,1.161,36,1.819,31,1.663,71,2.066,128,1.536,139,0.795,214,0.69,252,0.733,231,0.817,306,1.149,316,1.085,345,1.062,354,1.084,387,1.128,447,1.159,564,1.247,412,0.907,240,0.673,166,0.603,158,0.661,238,1.156,390,2.536,220,1.645,82,1.395,61,1.697,42,1.697,28,1.324,106,3.098,145,1.826,154,0.977,194,0.776,241,0.865,269,1.011,301,1.104,337,1.112,330,0.964,329,0.912,317,0.829,338,0.815,367,0.807,278,0.612,267,0.719,195,0.676,165,0.676,232,1.039,330,1.67,963,3.939,578,3.883,161,1.889,127,2.032,65,1.717,50,1.711,94,2.257,87,1.206,103,0.93,174,1.058,258,1.097,362,1.217,361,1.088,286,0.793,234,0.64,202,0.533,238,0.603,250,0.616,186,0.479,194,0.591,163,0.603,173,0.69,203,0.851,292,1.372,476,2.093,285,1.873,142,1.47,153,2.049,108,2.587,75,2.401,100,2.672,107,1.912,123,1.531,155,1.185,252,1.206,396,1.417,356,1.114,306,0.872,290,0.802,234,0.644,208,0.561,259,0.686,217,0.595,203,0.694,170,0.696,168,0.79,163,0.994,243,2.035
Region 17,Region 15,5,0.05,4,0.088,1,0.035,2,0.101,1,0.054,0,0,1,0.012,4,0.023,4,0.013,8,0.023,8,0.028,13,0.049,7,0.024,10,0.031,14,0.043,12,0.035,17,0.044,19,0.042,18,0.04,15,0.042,6,0.022,8,0.033,10,0.049,11,0.072,8,0.06,5,0.085,7,0.195,4,0.162,1,0.047,1,0.029,1,0.013,1,0.006,0,0,4,0.014,7,0.026,7,0.026,7,0.023,8,0.023,7,0.019,7,0.018,13,0.031,20,0.044,15,0.033,5,0.013,8,0.028,9,0.037,6,0.027,3,0.015,18,0.074,9,0.06,5,0.059,10,0.16,4,0.106,0,0,2,0.048,2,0.028,3,0.027,4,0.024,5,0.021,8,0.027,8,0.024,11,0.031,16,0.044,5,0.013,9,0.023,8,0.02,13,0.033,6,0.018,12,0.044,9,0.036,8,0.034,11,0.052,11,0.048,4,0.026,4,0.041,9,0.121,5,0.12,1,0.032,2,0.053,2,0.036,3,0.037,2,0.015,3,0.014,5,0.018,4,0.013,4,0.011,16,0.044,10,0.028,6,0.016,7,0.019,10,0.027,11,0.038,6,0.025,5,0.024,7,0.043,6,0.05
Region 17,Region 16,3,0.03,2,0.044,0,0,1,0.051,0,0,0,0,0,0,2,0.011,2,0.006,4,0.012,5,0.018,6,0.023,7,0.024,9,0.028,10,0.031,8,0.023,9,0.023,14,0.031,24,0.053,13,0.036,3,0.011,5,0.021,7,0.034,10,0.065,3,0.022,4,0.068,0,0,1,0.04,1,0.047,1,0.029,0,0,2,0.013,6,0.024,5,0.018,3,0.011,8,0.029,8,0.026,8,0.023,12,0.033,6,0.016,16,0.039,19,0.042,16,0.035,14,0.038,8,0.028,5,0.02,4,0.018,12,0.061,13,0.053,9,0.06,3,0.035,2,0.032,0,0,0,0,0,0,1,0.014,2,0.018,1,0.006,4,0.017,5,0.017,15,0.045,15,0.042,6,0.016,8,0.021,8,0.02,9,0.022,19,0.049,6,0.018,8,0.03,9,0.036,9,0.038,16,0.075,8,0.035,3,0.02,5,0.052,3,0.04,0,0,0,0,1,0.027,0,0,0,0,3,0.023,7,0.033,6,0.021,8,0.025,10,0.029,14,0.039,13,0.036,15,0.04,8,0.021,11,0.03,4,0.014,2,0.008,4,0.019,2,0.012,3,0.025
Region 17,Region 17,214,2.125,111,2.435,68,2.392,54,2.729,32,1.717,38,1.106,72,0.864,161,0.921,373,1.203,659,1.917,566,2.001,406,1.524,437,1.5,515,1.585,532,1.628,547,1.595,582,1.509,683,1.511,773,1.702,698,1.957,507,1.841,414,1.731,405,1.967,453,2.946,488,3.648,188,3.198,106,2.949,69,2.788,51,2.411,43,1.257,71,0.894,158,1.003,280,1.12,401,1.44,410,1.541,407,1.493,454,1.497,527,1.539,590,1.636,610,1.595,792,1.909,995,2.189,1323,2.912,1369,3.685,772,2.677,507,2.078,513,2.298,747,3.78,1318,5.391,676,4.541,285,3.344,223,3.567,143,3.778,79,2.704,67,1.609,74,1.025,122,1.102,176,1.07,266,1.131,347,1.166,429,1.293,428,1.187,382,1.044,472,1.245,525,1.331,655,1.615,732,1.886,659,2.007,454,1.678,451,1.8,487,2.04,609,2.862,814,3.579,501,3.293,303,3.137,298,3.99,142,3.402,81,2.593,49,1.309,67,1.197,90,1.12,141,1.078,203,0.971,310,1.109,349,1.093,420,1.197,448,1.239,440,1.21,578,1.558,759,2.01,888,2.435,796,2.722,464,1.899,384,1.806,301,1.836,409,3.425
Region 17,Region 18,6,0.06,2,0.044,0,0,1,0.051,1,0.054,1,0.029,2,0.024,4,0.023,5,0.016,9,0.026,14,0.05,11,0.041,6,0.021,8,0.025,8,0.024,13,0.038,9,0.023,15,0.033,15,0.033,14,0.039,7,0.025,3,0.013,12,0.058,9,0.059,9,0.067,4,0.068,5,0.139,5,0.202,2,0.095,0,0,0,0,3,0.019,4,0.016,6,0.022,7,0.026,11,0.04,8,0.026,8,0.023,14,0.039,12,0.031,19,0.046,14,0.031,12,0.026,8,0.022,9,0.031,12,0.049,10,0.045,6,0.03,27,0.11,9,0.06,1,0.012,4,0.064,5,0.132,1,0.034,3,0.072,3,0.042,1,0.009,1,0.006,1,0.004,5,0.017,6,0.018,4,0.011,9,0.025,10,0.026,8,0.02,9,0.022,9,0.023,4,0.012,11,0.041,6,0.024,10,0.042,10,0.047,11,0.048,4,0.026,7,0.072,1,0.013,4,0.096,4,0.128,3,0.08,2,0.036,2,0.025,1,0.008,3,0.014,6,0.021,5,0.016,7,0.02,4,0.011,7,0.019,5,0.013,11,0.029,7,0.019,6,0.021,5,0.02,6,0.028,6,0.037,5,0.042
Region 17,Region 19,10,0.099,1,0.022,0,0,3,0.152,1,0.054,0,0,1,0.012,1,0.006,3,0.01,3,0.009,9,0.032,9,0.034,9,0.031,7,0.022,14,0.043,11,0.032,35,0.091,32,0.071,27,0.059,22,0.062,13,0.047,10,0.042,18,0.087,13,0.085,24,0.179,2,0.034,5,0.139,3,0.121,3,0.142,2,0.058,2,0.025,0,0,12,0.048,7,0.025,7,0.026,6,0.022,4,0.013,6,0.018,13,0.036,15,0.039,19,0.046,27,0.059,17,0.037,9,0.024,18,0.062,8,0.033,8,0.036,11,0.056,36,0.147,13,0.087,5,0.059,10,0.16,6,0.159,1,0.034,2,0.048,2,0.028,4,0.036,3,0.018,4,0.017,15,0.05,6,0.018,12,0.033,14,0.038,10,0.026,19,0.048,11,0.027,10,0.026,6,0.018,5,0.018,12,0.048,14,0.059,13,0.061,22,0.097,12,0.079,6,0.062,12,0.161,5,0.12,1,0.032,1,0.027,1,0.018,10,0.124,4,0.031,2,0.01,5,0.018,8,0.025,6,0.017,18,0.05,10,0.028,10,0.027,7,0.019,15,0.041,7,0.024,10,0.041,4,0.019,6,0.037,10,0.084
Region 17,Region 20,47,0.467,15,0.329,13,0.457,3,0.152,6,0.322,4,0.116,9,0.108,33,0.189,73,0.235,78,0.227,80,0.283,63,0.237,81,0.278,84,0.259,68,0.208,73,0.213,80,0.207,86,0.19,85,0.187,72,0.202,62,0.225,64,0.268,59,0.287,64,0.416,50,0.374,39,0.663,17,0.473,10,0.404,5,0.236,4,0.117,11,0.138,46,0.292,55,0.22,62,0.223,71,0.267,60,0.22,56,0.185,62,0.181,77,0.214,88,0.23,113,0.272,117,0.257,149,0.328,118,0.318,80,0.277,72,0.295,77,0.345,86,0.435,135,0.552,95,0.638,66,0.774,53,0.848,25,0.661,11,0.376,5,0.12,14,0.194,17,0.154,31,0.188,38,0.162,55,0.185,83,0.25,89,0.247,68,0.186,77,0.203,70,0.177,50,0.123,95,0.245,80,0.244,68,0.251,80,0.319,67,0.281,93,0.437,83,0.365,82,0.539,75,0.776,40,0.536,20,0.479,5,0.16,10,0.267,22,0.393,12,0.149,28,0.214,31,0.148,42,0.15,52,0.163,71,0.202,90,0.249,54,0.149,82,0.221,73,0.193,118,0.324,88,0.301,63,0.258,51,0.24,50,0.305,36,0.301
Region 17,Region 21,6,0.06,8,0.175,1,0.035,2,0.101,0,0,2,0.058,1,0.012,1,0.006,10,0.032,8,0.023,13,0.046,14,0.053,23,0.079,24,0.074,18,0.055,24,0.07,25,0.065,51,0.113,57,0.125,32,0.09,17,0.062,28,0.117,23,0.112,15,0.098,8,0.06,6,0.102,3,0.083,2,0.081,2,0.095,1,0.029,2,0.025,5,0.032,7,0.028,12,0.043,12,0.045,19,0.07,24,0.079,26,0.076,29,0.08,20,0.052,45,0.108,56,0.123,38,0.084,40,0.108,29,0.101,15,0.061,25,0.112,22,0.111,45,0.184,23,0.155,6,0.07,6,0.096,5,0.132,0,0,2,0.048,1,0.014,6,0.054,5,0.03,19,0.081,19,0.064,30,0.09,19,0.053,27,0.074,23,0.061,27,0.068,27,0.067,28,0.072,24,0.073,15,0.055,20,0.08,16,0.067,29,0.136,29,0.128,21,0.138,14,0.145,12,0.161,9,0.216,3,0.096,4,0.107,2,0.036,4,0.05,11,0.084,10,0.048,17,0.061,15,0.047,29,0.083,24,0.066,22,0.061,26,0.07,32,0.085,20,0.055,29,0.099,15,0.061,13,0.061,16,0.098,15,0.126
Region 17,Region 22,5,0.05,3,0.066,2,0.07,2,0.101,2,0.107,0,0,2,0.024,2,0.011,4,0.013,8,0.023,9,0.032,7,0.026,10,0.034,11,0.034,13,0.04,10,0.029,9,0.023,28,0.062,21,0.046,15,0.042,14,0.051,10,0.042,12,0.058,12,0.078,15,0.112,4,0.068,8,0.223,3,0.121,1,0.047,0,0,0,0,2,0.013,6,0.024,5,0.018,5,0.019,11,0.04,13,0.043,11,0.032,16,0.044,14,0.037,21,0.051,14,0.031,20,0.044,11,0.03,8,0.028,12,0.049,10,0.045,13,0.066,24,0.098,10,0.067,7,0.082,5,0.08,6,0.159,2,0.068,3,0.072,1,0.014,4,0.036,8,0.049,15,0.064,19,0.064,15,0.045,21,0.058,13,0.036,11,0.029,10,0.025,15,0.037,12,0.031,8,0.024,9,0.033,10,0.04,13,0.054,13,0.061,19,0.084,11,0.072,3,0.031,11,0.147,6,0.144,3,0.096,3,0.08,3,0.054,4,0.05,2,0.015,7,0.033,10,0.036,19,0.059,20,0.057,12,0.033,13,0.036,10,0.027,10,0.026,10,0.027,9,0.031,9,0.037,11,0.052,8,0.049,12,0.1
Region 17,Region 23,76,0.755,38,0.834,22,0.774,9,0.455,14,0.751,8,0.233,26,0.312,50,0.286,118,0.381,123,0.358,111,0.392,130,0.488,150,0.515,150,0.462,195,0.597,256,0.746,289,0.749,427,0.944,324,0.713,161,0.451,146,0.53,113,0.472,139,0.675,303,1.97,197,1.473,52,0.885,29,0.807,31,1.253,15,0.709,12,0.351,37,0.466,54,0.343,100,0.4,90,0.323,140,0.526,126,0.462,150,0.495,148,0.432,189,0.524,217,0.567,226,0.545,259,0.57,223,0.491,132,0.355,151,0.524,102,0.418,139,0.623,172,0.87,638,2.61,377,2.533,52,0.61,85,1.36,41,1.083,21,0.719,7,0.168,30,0.416,65,0.587,89,0.541,99,0.421,140,0.47,138,0.416,131,0.363,121,0.331,145,0.383,149,0.378,146,0.36,117,0.301,115,0.35,78,0.288,107,0.427,137,0.574,153,0.719,200,0.879,145,0.953,72,0.745,89,1.192,43,1.03,22,0.704,10,0.267,15,0.268,38,0.473,57,0.436,79,0.378,131,0.469,122,0.382,120,0.342,145,0.401,131,0.36,102,0.275,138,0.365,102,0.28,85,0.291,105,0.43,69,0.324,92,0.561,163,1.365
Region 17,Region 24,5,0.05,2,0.044,1,0.035,5,0.253,2,0.107,2,0.058,1,0.012,2,0.011,6,0.019,12,0.035,8,0.028,9,0.034,26,0.089,18,0.055,17,0.052,16,0.047,31,0.08,51,0.113,40,0.088,17,0.048,12,0.044,8,0.033,20,0.097,11,0.072,10,0.075,5,0.085,1,0.028,4,0.162,0,0,0,0,1,0.013,3,0.019,6,0.024,11,0.039,8,0.03,16,0.059,17,0.056,15,0.044,28,0.078,17,0.044,23,0.055,22,0.048,26,0.057,27,0.073,18,0.062,11,0.045,11,0.049,5,0.025,55,0.225,24,0.161,3,0.035,0,0,2,0.053,1,0.034,1,0.024,5,0.069,5,0.045,3,0.018,8,0.034,22,0.074,17,0.051,12,0.033,15,0.041,9,0.024,18,0.046,10,0.025,14,0.036,9,0.027,9,0.033,10,0.04,10,0.042,9,0.042,18,0.079,11,0.072,7,0.072,5,0.067,5,0.12,1,0.032,1,0.027,1,0.018,3,0.037,5,0.038,6,0.029,9,0.032,14,0.044,17,0.048,21,0.058,9,0.025,17,0.046,13,0.034,13,0.036,9,0.031,10,0.041,14,0.066,6,0.037,5,0.042
Region 17,Region 25,6,0.06,4,0.088,5,0.176,1,0.051,3,0.161,1,0.029,3,0.036,9,0.051,7,0.023,22,0.064,21,0.074,22,0.083,13,0.045,23,0.071,32,0.098,31,0.09,23,0.06,33,0.073,24,0.053,26,0.073,20,0.073,21,0.088,18,0.087,14,0.091,10,0.075,3,0.051,3,0.083,5,0.202,2,0.095,2,0.058,3,0.038,8,0.051,15,0.06,14,0.05,10,0.038,19,0.07,18,0.059,20,0.058,18,0.05,30,0.078,26,0.063,21,0.046,31,0.068,30,0.081,11,0.038,20,0.082,18,0.081,21,0.106,35,0.143,7,0.047,9,0.106,5,0.08,4,0.106,4,0.137,4,0.096,3,0.042,5,0.045,5,0.03,7,0.03,20,0.067,7,0.021,23,0.064,14,0.038,31,0.082,30,0.076,18,0.044,19,0.049,17,0.052,22,0.081,22,0.088,27,0.113,20,0.094,16,0.07,12,0.079,9,0.093,16,0.214,6,0.144,4,0.128,4,0.107,2,0.036,2,0.025,11,0.084,8,0.038,17,0.061,19,0.059,16,0.046,10,0.028,22,0.061,18,0.049,17,0.045,20,0.055,14,0.048,15,0.061,18,0.085,9,0.055,11,0.092
Region 18,Region 0,2,0.02,0,0,0,0,0,0,0,0,1,0.029,6,0.072,3,0.017,16,0.052,7,0.02,5,0.018,3,0.011,5,0.017,4,0.012,1,0.003,5,0.015,11,0.029,8,0.018,6,0.013,4,0.011,3,0.011,6,0.025,4,0.019,1,0.007,2,0.015,3,0.051,0,0,0,0,0,0,1,0.029,3,0.038,5,0.032,10,0.04,9,0.032,5,0.019,3,0.011,2,0.007,7,0.02,4,0.011,5,0.013,7,0.017,4,0.009,4,0.009,7,0.019,3,0.01,1,0.004,3,0.013,2,0.01,2,0.008,2,0.013,0,0,0,0,2,0.053,2,0.068,1,0.024,2,0.028,0,0,2,0.012,5,0.021,3,0.01,3,0.009,5,0.014,6,0.016,2,0.005,2,0.005,5,0.012,3,0.008,5,0.015,1,0.004,1,0.004,1,0.004,5,0.023,1,0.004,1,0.007,0,0,0,0,0,0,0,0,1,0.027,1,0.018,2,0.025,2,0.015,3,0.014,6,0.021,2,0.006,2,0.006,3,0.008,1,0.003,3,0.008,9,0.024,3,0.008,4,0.014,5,0.02,3,0.014,4,0.024,0,0
Region 18,Region 1,6,0.06,0,0,2,0.07,0,0,0,0,1,0.029,2,0.024,6,0.034,29,0.094,32,0.093,13,0.046,6,0.023,11,0.038,11,0.034,16,0.049,6,0.017,15,0.039,15,0.033,20,0.044,21,0.059,8,0.029,10,0.042,3,0.015,6,0.039,4,0.03,5,0.085,1,0.028,2,0.081,0,0,1,0.029,2,0.025,5,0.032,10,0.04,9,0.032,6,0.023,6,0.022,18,0.059,9,0.026,19,0.053,14,0.037,11,0.027,4,0.009,15,0.033,18,0.048,10,0.035,8,0.033,12,0.054,7,0.035,6,0.025,4,0.027,1,0.012,5,0.08,2,0.053,0,0,1,0.024,0,0,5,0.045,10,0.061,6,0.026,9,0.03,6,0.018,9,0.025,12,0.033,11,0.029,12,0.03,11,0.027,12,0.031,16,0.049,12,0.044,11,0.044,13,0.054,11,0.052,7,0.031,8,0.053,3,0.031,3,0.04,2,0.048,0,0,1,0.027,0,0,6,0.075,5,0.038,5,0.024,16,0.057,12,0.038,9,0.026,12,0.033,20,0.055,11,0.03,14,0.037,11,0.03,9,0.031,6,0.025,7,0.033,10,0.061,5,0.042
Region 18,Region 2,6,0.06,5,0.11,1,0.035,1,0.051,1,0.054,0,0,1,0.012,12,0.069,21,0.068,14,0.041,8,0.028,9,0.034,7,0.024,12,0.037,7,0.021,10,0.029,18,0.047,19,0.042,21,0.046,20,0.056,15,0.054,3,0.013,8,0.039,2,0.013,4,0.03,2,0.034,1,0.028,1,0.04,0,0,1,0.029,5,0.063,11,0.07,10,0.04,15,0.054,11,0.041,11,0.04,4,0.013,15,0.044,11,0.031,11,0.029,12,0.029,21,0.046,11,0.024,13,0.035,9,0.031,10,0.041,10,0.045,15,0.076,10,0.041,3,0.02,10,0.117,2,0.032,4,0.106,4,0.137,2,0.048,3,0.042,3,0.027,8,0.049,5,0.021,12,0.04,11,0.033,7,0.019,11,0.03,16,0.042,16,0.041,24,0.059,22,0.057,21,0.064,13,0.048,9,0.036,15,0.063,12,0.056,12,0.053,7,0.046,6,0.062,6,0.08,2,0.048,2,0.064,2,0.053,2,0.036,2,0.025,10,0.076,9,0.043,14,0.05,10,0.031,4,0.011,6,0.017,12,0.033,9,0.024,13,0.034,11,0.03,6,0.021,8,0.033,8,0.038,7,0.043,3,0.025
Region 18,Region 3,2,0.02,0,0,0,0,0,0,0,0,0,0,0,0,0,0,0,0,1,0.003,2,0.007,1,0.004,1,0.003,1,0.003,1,0.003,1,0.003,2,0.005,0,0,0,0,0,0,1,0.004,0,0,0,0,1,0.007,0,0,0,0,0,0,0,0,0,0,0,0,0,0,1,0.006,0,0,0,0,0,0,1,0.004,1,0.003,1,0.003,0,0,0,0,2,0.005,1,0.002,1,0.002,0,0,0,0,0,0,0,0,1,0.005,0,0,0,0,0,0,0,0,0,0,0,0,0,0,0,0,0,0,0,0,0,0,2,0.007,0,0,1,0.003,1,0.003,0,0,2,0.005,0,0,2,0.005,0,0,0,0,0,0,1,0.004,0,0,1,0.004,0,0,0,0,0,0,0,0,0,0,0,0,0,0,0,0,2,0.015,1,0.005,1,0.004,0,0,0,0,2,0.006,0,0,2,0.005,2,0.005,0,0,1,0.003,0,0,2,0.009,1,0.006,1,0.008
Region 18,Region 4,1,0.01,0,0,0,0,0,0,0,0,0,0,0,0,0,0,2,0.006,1,0.003,1,0.004,0,0,1,0.003,1,0.003,2,0.006,0,0,2,0.005,1,0.002,1,0.002,3,0.008,1,0.004,1,0.004,2,0.01,1,0.007,2,0.015,0,0,0,0,0,0,0,0,0,0,1,0.013,0,0,0,0,0,0,3,0.011,1,0.004,0,0,1,0.003,1,0.003,2,0.005,1,0.002,0,0,3,0.007,1,0.003,0,0,1,0.004,0,0,3,0.015,3,0.012,1,0.007,0,0,0,0,2,0.053,0,0,0,0,0,0,0,0,1,0.006,1,0.004,0,0,1,0.003,2,0.006,3,0.008,1,0.003,1,0.003,2,0.005,3,0.008,2,0.006,1,0.004,2,0.008,1,0.004,1,0.005,2,0.009,1,0.007,0,0,0,0,0,0,0,0,1,0.027,0,0,1,0.012,0,0,4,0.019,2,0.007,1,0.003,2,0.006,6,0.017,2,0.006,3,0.008,1,0.003,2,0.005,1,0.003,1,0.004,0,0,0,0,0,0
Region 18,Region 5,0,0,0,0,0,0,0,0,0,0,0,0,2,0.024,1,0.006,3,0.01,2,0.006,3,0.011,2,0.008,0,0,2,0.006,1,0.003,1,0.003,2,0.005,0,0,1,0.002,2,0.006,2,0.007,0,0,2,0.01,0,0,0,0,0,0,0,0,0,0,0,0,0,0,1,0.013,2,0.013,1,0.004,0,0,2,0.008,0,0,1,0.003,0,0,0,0,0,0,0,0,0,0,0,0,0,0,1,0.003,2,0.008,0,0,0,0,0,0,0,0,0,0,0,0,0,0,0,0,0,0,1,0.014,1,0.009,1,0.006,1,0.004,0,0,0,0,0,0,1,0.003,1,0.003,0,0,0,0,2,0.005,0,0,2,0.007,0,0,0,0,1,0.005,1,0.004,0,0,0,0,0,0,0,0,0,0,0,0,1,0.018,1,0.012,1,0.008,3,0.014,0,0,1,0.003,1,0.003,1,0.003,1,0.003,0,0,0,0,0,0,2,0.007,0,0,0,0,0,0,1,0.008
Region 18,Region 6,8,0.079,2,0.044,2,0.07,2,0.101,0,0,2,0.058,4,0.048,3,0.017,12,0.039,12,0.035,8,0.028,7,0.026,8,0.027,10,0.031,8,0.024,14,0.041,12,0.031,16,0.035,17,0.037,15,0.042,15,0.054,10,0.042,4,0.019,6,0.039,5,0.037,1,0.017,3,0.083,0,0,0,0,1,0.029,3,0.038,5,0.032,3,0.012,7,0.025,6,0.023,9,0.033,11,0.036,12,0.035,6,0.017,10,0.026,14,0.034,19,0.042,20,0.044,11,0.03,11,0.038,2,0.008,8,0.036,5,0.025,5,0.02,1,0.007,5,0.059,1,0.016,1,0.026,0,0,2,0.048,1,0.014,4,0.036,8,0.049,6,0.026,6,0.02,9,0.027,7,0.019,12,0.033,13,0.034,16,0.041,14,0.035,17,0.044,11,0.034,8,0.03,12,0.048,1,0.004,2,0.009,6,0.026,6,0.039,4,0.041,4,0.054,3,0.072,2,0.064,0,0,1,0.018,1,0.012,4,0.031,5,0.024,15,0.054,7,0.022,12,0.034,7,0.019,14,0.039,11,0.03,6,0.016,12,0.033,4,0.014,8,0.033,4,0.019,5,0.03,2,0.017
Region 18,Region 7,2,0.02,5,0.11,2,0.07,0,0,0,0,1,0.029,0,0,4,0.023,6,0.019,1,0.003,2,0.007,3,0.011,4,0.014,4,0.012,4,0.012,4,0.012,6,0.016,3,0.007,4,0.009,3,0.008,1,0.004,6,0.025,2,0.01,0,0,3,0.022,1,0.017,3,0.083,1,0.04,2,0.095,2,0.058,2,0.025,0,0,4,0.016,1,0.004,4,0.015,6,0.022,7,0.023,4,0.012,8,0.022,10,0.026,2,0.005,3,0.007,8,0.018,5,0.013,8,0.028,7,0.029,2,0.009,3,0.015,4,0.016,2,0.013,1,0.012,1,0.016,0,0,2,0.068,0,0,3,0.042,1,0.009,1,0.006,3,0.013,5,0.017,4,0.012,3,0.008,5,0.014,5,0.013,11,0.028,3,0.007,6,0.015,5,0.015,6,0.022,4,0.016,3,0.013,4,0.019,3,0.013,5,0.033,1,0.01,2,0.027,3,0.072,2,0.064,3,0.08,1,0.018,1,0.012,1,0.008,3,0.014,4,0.014,2,0.006,5,0.014,2,0.006,2,0.006,9,0.024,2,0.005,5,0.014,10,0.034,5,0.02,2,0.009,3,0.018,3,0.025
Region 18,Region 8,7,0.069,3,0.066,1,0.035,4,0.202,0,0,2,0.058,6,0.072,5,0.029,18,0.058,15,0.044,3,0.011,20,0.075,11,0.038,13,0.04,6,0.018,12,0.035,12,0.031,14,0.031,11,0.024,10,0.028,3,0.011,4,0.017,6,0.029,8,0.052,5,0.037,7,0.119,1,0.028,1,0.04,2,0.095,4,0.117,11,0.138,14,0.089,14,0.056,16,0.057,8,0.03,6,0.022,12,0.04,15,0.044,18,0.05,10,0.026,17,0.041,16,0.035,11,0.024,6,0.016,7,0.024,10,0.041,8,0.036,4,0.02,7,0.029,2,0.013,2,0.023,0,0,1,0.026,2,0.068,6,0.144,7,0.097,14,0.126,15,0.091,9,0.038,12,0.04,8,0.024,15,0.042,7,0.019,14,0.037,26,0.066,14,0.035,14,0.036,16,0.049,14,0.052,9,0.036,10,0.042,7,0.033,15,0.066,7,0.046,4,0.041,2,0.027,3,0.072,1,0.032,1,0.027,2,0.036,6,0.075,3,0.023,6,0.029,16,0.057,12,0.038,14,0.04,17,0.047,11,0.03,21,0.057,4,0.011,9,0.025,11,0.038,11,0.045,6,0.028,14,0.085,8,0.067
Region 18,Region 9,0,0,1,0.022,0,0,0,0,3,0.161,0,0,0,0,2,0.011,0,0,2,0.006,3,0.011,2,0.008,3,0.01,2,0.006,3,0.009,3,0.009,1,0.003,4,0.009,0,0,0,0,0,0,1,0.004,2,0.01,0,0,0,0,1,0.017,0,0,0,0,0,0,0,0,1,0.013,0,0,6,0.024,0,0,0,0,0,0,1,0.003,0,0,0,0,3,0.008,1,0.002,5,0.011,4,0.009,0,0,0,0,0,0,0,0,1,0.005,0,0,0,0,2,0.023,0,0,1,0.026,0,0,1,0.024,1,0.014,1,0.009,2,0.012,1,0.004,4,0.013,0,0,2,0.006,4,0.011,2,0.005,2,0.005,3,0.007,1,0.003,0,0,0,0,0,0,2,0.008,1,0.005,1,0.004,0,0,0,0,0,0,0,0,1,0.032,3,0.08,1,0.018,0,0,2,0.015,1,0.005,3,0.011,1,0.003,3,0.009,1,0.003,0,0,3,0.008,4,0.011,1,0.003,0,0,0,0,0,0,1,0.006,0,0
Region 18,Region 10,1,0.01,1,0.022,0,0,0,0,0,0,0,0,1,0.012,2,0.011,3,0.01,6,0.017,7,0.025,6,0.023,0,0,2,0.006,4,0.012,9,0.026,2,0.005,3,0.007,7,0.015,0,0,6,0.022,2,0.008,0,0,0,0,2,0.015,0,0,0,0,0,0,0,0,0,0,0,0,4,0.025,7,0.028,4,0.014,3,0.011,1,0.004,3,0.01,6,0.018,5,0.014,6,0.016,17,0.041,6,0.013,4,0.009,3,0.008,4,0.014,2,0.008,2,0.009,1,0.005,4,0.016,0,0,2,0.023,1,0.016,0,0,0,0,0,0,0,0,1,0.009,2,0.012,1,0.004,4,0.013,4,0.012,8,0.022,2,0.005,4,0.011,4,0.01,4,0.01,5,0.013,6,0.018,2,0.007,7,0.028,4,0.017,2,0.009,5,0.022,1,0.007,3,0.031,2,0.027,0,0,1,0.032,0,0,1,0.018,1,0.012,1,0.008,3,0.014,6,0.021,3,0.009,5,0.014,6,0.017,5,0.014,4,0.011,7,0.019,3,0.008,4,0.014,3,0.012,3,0.014,2,0.012,0,0
Region 18,Region 11,7,0.069,2,0.044,1,0.035,0,0,2,0.107,2,0.058,4,0.048,9,0.051,21,0.068,9,0.026,13,0.046,13,0.049,11,0.038,24,0.074,23,0.07,24,0.07,26,0.067,44,0.097,27,0.059,26,0.073,20,0.073,23,0.096,10,0.049,9,0.059,6,0.045,4,0.068,3,0.083,0,0,1,0.047,2,0.058,3,0.038,4,0.025,15,0.06,15,0.054,11,0.041,8,0.029,12,0.04,16,0.047,14,0.039,27,0.071,22,0.053,30,0.066,28,0.062,14,0.038,14,0.049,21,0.086,9,0.04,12,0.061,11,0.045,7,0.047,3,0.035,2,0.032,2,0.053,1,0.034,1,0.024,4,0.055,3,0.027,3,0.018,9,0.038,8,0.027,12,0.036,10,0.028,17,0.046,29,0.077,29,0.074,35,0.086,15,0.039,22,0.067,18,0.067,17,0.068,24,0.101,20,0.094,5,0.022,7,0.046,6,0.062,4,0.054,2,0.048,5,0.16,2,0.053,1,0.018,1,0.012,7,0.054,6,0.029,12,0.043,11,0.034,20,0.057,19,0.053,18,0.05,17,0.046,22,0.058,23,0.063,15,0.051,14,0.057,18,0.085,12,0.073,6,0.05
Region 18,Region 12,2,0.02,0,0,0,0,1,0.051,1,0.054,0,0,0,0,2,0.011,4,0.013,6,0.017,1,0.004,4,0.015,2,0.007,2,0.006,4,0.012,2,0.006,4,0.01,0,0,4,0.009,4,0.011,5,0.018,4,0.017,3,0.015,1,0.007,2,0.015,0,0,1,0.028,0,0,0,0,0,0,1,0.013,3,0.019,5,0.02,2,0.007,1,0.004,2,0.007,1,0.003,5,0.015,6,0.017,1,0.003,1,0.002,5,0.011,2,0.004,5,0.013,1,0.003,6,0.025,1,0.004,1,0.005,1,0.004,2,0.013,1,0.012,1,0.016,0,0,0,0,0,0,1,0.014,4,0.036,6,0.036,4,0.017,0,0,0,0,4,0.011,5,0.014,5,0.013,3,0.008,2,0.005,5,0.013,1,0.003,1,0.004,4,0.016,6,0.025,3,0.014,4,0.018,3,0.02,1,0.01,1,0.013,0,0,0,0,1,0.027,0,0,1,0.012,2,0.015,1,0.005,3,0.011,1,0.003,2,0.006,2,0.006,4,0.011,2,0.005,0,0,1,0.003,5,0.017,1,0.004,1,0.005,5,0.03,5,0.042
Region 18,Region 13,2,0.02,0,0,1,0.035,0,0,2,0.107,2,0.058,3,0.036,10,0.057,13,0.042,20,0.058,27,0.095,13,0.049,16,0.055,17,0.052,14,0.043,30,0.087,24,0.062,23,0.051,19,0.042,16,0.045,15,0.054,9,0.038,3,0.015,2,0.013,12,0.09,1,0.017,0,0,1,0.04,2,0.095,2,0.058,6,0.076,7,0.044,15,0.06,21,0.075,16,0.06,13,0.048,18,0.059,12,0.035,15,0.042,18,0.047,14,0.034,13,0.029,28,0.062,17,0.046,10,0.035,11,0.045,6,0.027,6,0.03,10,0.041,5,0.034,3,0.035,1,0.016,2,0.053,1,0.034,1,0.024,3,0.042,6,0.054,6,0.036,8,0.034,11,0.037,21,0.063,13,0.036,19,0.052,21,0.055,13,0.033,9,0.022,23,0.059,18,0.055,14,0.052,5,0.02,10,0.042,4,0.019,9,0.04,4,0.026,3,0.031,3,0.04,2,0.048,2,0.064,0,0,2,0.036,3,0.037,6,0.046,8,0.038,10,0.036,13,0.041,20,0.057,11,0.03,17,0.047,12,0.032,12,0.032,11,0.03,9,0.031,8,0.033,9,0.042,7,0.043,3,0.025
Region 18,Region 14,12,0.119,5,0.11,4,0.141,0,0,3,0.161,6,0.175,7,0.084,11,0.063,29,0.094,18,0.052,16,0.057,17,0.064,11,0.038,18,0.055,15,0.046,17,0.05,17,0.044,18,0.04,10,0.022,13,0.036,7,0.025,13,0.054,9,0.044,7,0.046,11,0.082,4,0.068,1,0.028,2,0.081,3,0.142,8,0.234,10,0.126,15,0.095,21,0.084,18,0.065,15,0.056,12,0.044,25,0.082,11,0.032,11,0.031,17,0.044,20,0.048,8,0.018,14,0.031,12,0.032,11,0.038,11,0.045,7,0.031,8,0.04,11,0.045,3,0.02,5,0.059,0,0,3,0.079,2,0.068,6,0.144,7,0.097,6,0.054,6,0.036,16,0.068,13,0.044,13,0.039,13,0.036,21,0.057,15,0.04,14,0.035,15,0.037,9,0.023,11,0.034,13,0.048,18,0.072,15,0.063,9,0.042,12,0.053,5,0.033,6,0.062,5,0.067,5,0.12,6,0.192,8,0.214,7,0.125,7,0.087,5,0.038,11,0.053,15,0.054,21,0.066,13,0.037,10,0.028,8,0.022,10,0.027,8,0.021,9,0.025,17,0.058,3,0.012,8,0.038,8,0.049,6,0.05
Region 18,Region 15,1,0.01,2,0.044,0,0,1,0.051,0,0,0,0,0,0,0,0,4,0.013,2,0.006,3,0.011,3,0.011,4,0.014,3,0.009,3,0.009,3,0.009,1,0.003,6,0.013,7,0.015,5,0.014,13,0.047,0,0,1,0.005,2,0.013,3,0.022,1,0.017,1,0.028,1,0.04,0,0,0,0,0,0,1,0.006,4,0.016,4,0.014,2,0.008,2,0.007,3,0.01,3,0.009,2,0.006,4,0.01,0,0,4,0.009,5,0.011,8,0.022,1,0.003,4,0.016,2,0.009,1,0.005,4,0.016,0,0,2,0.023,1,0.016,1,0.026,0,0,0,0,1,0.014,2,0.018,0,0,1,0.004,2,0.007,0,0,4,0.011,7,0.019,5,0.013,8,0.02,6,0.015,4,0.01,6,0.018,5,0.018,3,0.012,4,0.017,1,0.005,4,0.018,1,0.007,3,0.031,2,0.027,0,0,3,0.096,0,0,0,0,0,0,1,0.008,0,0,2,0.007,5,0.016,2,0.006,4,0.011,6,0.017,1,0.003,4,0.011,6,0.016,5,0.017,1,0.004,0,0,4,0.024,0,0
Region 18,Region 16,0,0,0,0,0,0,0,0,0,0,0,0,0,0,0,0,1,0.003,0,0,1,0.004,0,0,1,0.003,0,0,0,0,0,0,0,0,0,0,0,0,0,0,0,0,0,0,0,0,0,0,0,0,0,0,0,0,0,0,0,0,0,0,0,0,1,0.006,0,0,1,0.004,0,0,0,0,0,0,0,0,2,0.006,1,0.003,0,0,0,0,0,0,2,0.005,1,0.003,0,0,0,0,0,0,0,0,0,0,0,0,0,0,0,0,0,0,0,0,0,0,0,0,0,0,0,0,0,0,0,0,0,0,0,0,0,0,0,0,0,0,0,0,0,0,2,0.007,1,0.004,0,0,0,0,0,0,0,0,0,0,0,0,0,0,0,0,0,0,0,0,0,0,0,0,0,0,0,0,1,0.003,2,0.006,2,0.006,1,0.003,1,0.003,0,0,0,0,0,0,0,0,0,0,0,0,0,0
Region 18,Region 17,3,0.03,1,0.022,0,0,3,0.152,3,0.161,4,0.116,7,0.084,16,0.092,29,0.094,28,0.081,17,0.06,10,0.038,4,0.014,10,0.031,7,0.021,9,0.026,9,0.023,17,0.038,10,0.022,10,0.028,8,0.029,4,0.017,5,0.024,10,0.065,9,0.067,3,0.051,2,0.056,2,0.081,3,0.142,2,0.058,5,0.063,9,0.057,9,0.036,24,0.086,14,0.053,14,0.051,15,0.049,11,0.032,7,0.019,14,0.037,12,0.029,23,0.051,26,0.057,14,0.038,7,0.024,7,0.029,4,0.018,7,0.035,14,0.057,5,0.034,2,0.023,6,0.096,2,0.053,1,0.034,1,0.024,2,0.028,4,0.036,3,0.018,9,0.038,11,0.037,6,0.018,6,0.017,9,0.025,4,0.011,11,0.028,12,0.03,14,0.036,11,0.034,7,0.026,7,0.028,8,0.034,7,0.033,12,0.053,5,0.033,5,0.052,0,0,0,0,2,0.064,4,0.107,1,0.018,6,0.075,5,0.038,6,0.029,9,0.032,3,0.009,4,0.011,8,0.022,9,0.025,19,0.051,15,0.04,23,0.063,24,0.082,9,0.037,4,0.019,10,0.061,5,0.042
Region 18,Region 18,32,0.318,11,0.241,10,0.352,5,0.253,3,0.161,11,0.32,27,0.324,41,0.235,60,0.193,70,0.204,44,0.156,48,0.18,68,0.233,56,0.172,57,0.174,78,0.227,68,0.176,89,0.197,82,0.181,63,0.177,53,0.192,43,0.18,31,0.151,36,0.234,28,0.209,11,0.187,4,0.111,10,0.404,4,0.189,14,0.409,45,0.567,40,0.254,64,0.256,48,0.172,60,0.226,50,0.183,46,0.152,63,0.184,73,0.202,64,0.167,60,0.145,59,0.13,65,0.143,43,0.116,26,0.09,40,0.164,26,0.116,14,0.071,22,0.09,19,0.128,8,0.094,10,0.16,7,0.185,5,0.171,4,0.096,21,0.291,19,0.172,20,0.122,28,0.119,31,0.104,44,0.133,56,0.155,57,0.156,65,0.171,61,0.155,66,0.163,66,0.17,60,0.183,49,0.181,44,0.176,57,0.239,33,0.155,20,0.088,16,0.105,15,0.155,13,0.174,8,0.192,3,0.096,8,0.214,18,0.322,21,0.261,26,0.199,27,0.129,42,0.15,58,0.182,55,0.157,61,0.169,56,0.154,78,0.21,68,0.18,70,0.192,40,0.137,38,0.156,55,0.259,29,0.177,22,0.184
Region 18,Region 19,2,0.02,3,0.066,1,0.035,1,0.051,2,0.107,2,0.058,6,0.072,9,0.051,7,0.023,18,0.052,11,0.039,7,0.026,15,0.051,14,0.043,13,0.04,15,0.044,21,0.054,36,0.08,32,0.07,15,0.042,21,0.076,17,0.071,8,0.039,5,0.033,4,0.03,0,0,0,0,1,0.04,0,0,2,0.058,4,0.05,4,0.025,10,0.04,12,0.043,11,0.041,19,0.07,14,0.046,16,0.047,23,0.064,19,0.05,27,0.065,25,0.055,20,0.044,17,0.046,11,0.038,6,0.025,9,0.04,6,0.03,9,0.037,4,0.027,1,0.012,4,0.064,0,0,4,0.137,1,0.024,3,0.042,7,0.063,9,0.055,8,0.034,11,0.037,17,0.051,24,0.067,19,0.052,14,0.037,12,0.03,13,0.032,9,0.023,15,0.046,22,0.081,12,0.048,15,0.063,5,0.023,8,0.035,6,0.039,5,0.052,2,0.027,2,0.048,1,0.032,1,0.027,0,0,3,0.037,4,0.031,8,0.038,10,0.036,18,0.056,23,0.066,15,0.041,13,0.036,8,0.022,20,0.053,14,0.038,6,0.021,15,0.061,25,0.118,4,0.024,4,0.033
Region 18,Region 20,0,0,1,0.022,0,0,0,0,0,0,0,0,1,0.012,5,0.029,5,0.016,13,0.038,6,0.021,1,0.004,1,0.003,1,0.003,3,0.009,5,0.015,5,0.013,2,0.004,5,0.011,2,0.006,7,0.025,2,0.008,3,0.015,2,0.013,2,0.015,0,0,0,0,0,0,0,0,1,0.029,3,0.038,2,0.013,6,0.024,7,0.025,1,0.004,4,0.015,2,0.007,4,0.012,3,0.008,9,0.024,5,0.012,4,0.009,8,0.018,3,0.008,3,0.01,3,0.012,1,0.004,8,0.04,5,0.02,0,0,1,0.012,0,0,0,0,0,0,0,0,1,0.014,2,0.018,2,0.012,3,0.013,3,0.01,1,0.003,3,0.008,0,0,6,0.016,5,0.013,4,0.01,0,0,1,0.003,1,0.004,0,0,1,0.004,3,0.014,4,0.018,3,0.02,1,0.01,0,0,0,0,1,0.032,0,0,0,0,1,0.012,3,0.023,2,0.01,4,0.014,2,0.006,4,0.011,2,0.006,3,0.008,4,0.011,3,0.008,2,0.005,2,0.007,8,0.033,3,0.014,2,0.012,1,0.008
Region 18,Region 21,0,0,0,0,0,0,0,0,1,0.054,0,0,0,0,0,0,2,0.006,0,0,3,0.011,0,0,2,0.007,2,0.006,2,0.006,1,0.003,3,0.008,4,0.009,2,0.004,0,0,3,0.011,0,0,0,0,1,0.007,0,0,0,0,0,0,0,0,0,0,1,0.029,0,0,2,0.013,1,0.004,0,0,1,0.004,2,0.007,0,0,1,0.003,2,0.006,2,0.005,1,0.002,1,0.002,1,0.002,1,0.003,1,0.003,0,0,0,0,1,0.005,0,0,0,0,0,0,1,0.016,0,0,0,0,0,0,0,0,0,0,2,0.012,1,0.004,0,0,0,0,2,0.006,4,0.011,1,0.003,0,0,1,0.002,2,0.005,1,0.003,2,0.007,0,0,0,0,1,0.005,0,0,1,0.007,1,0.01,0,0,0,0,1,0.032,0,0,0,0,1,0.012,3,0.023,1,0.005,7,0.025,4,0.013,3,0.009,0,0,3,0.008,2,0.005,1,0.003,2,0.005,1,0.003,0,0,0,0,1,0.006,1,0.008
Region 18,Region 22,0,0,0,0,0,0,0,0,0,0,0,0,0,0,0,0,0,0,1,0.003,3,0.011,0,0,2,0.007,0,0,0,0,0,0,2,0.005,0,0,1,0.002,1,0.003,0,0,0,0,0,0,0,0,0,0,0,0,0,0,0,0,0,0,0,0,0,0,0,0,2,0.008,2,0.007,0,0,0,0,0,0,1,0.003,1,0.003,1,0.003,0,0,2,0.004,2,0.004,2,0.005,3,0.01,0,0,0,0,0,0,0,0,1,0.007,0,0,0,0,0,0,0,0,0,0,0,0,0,0,1,0.006,3,0.013,1,0.003,1,0.003,0,0,3,0.008,0,0,0,0,1,0.002,0,0,0,0,2,0.007,1,0.004,0,0,2,0.009,0,0,0,0,0,0,0,0,0,0,0,0,1,0.027,0,0,0,0,0,0,2,0.01,3,0.011,1,0.003,0,0,1,0.003,1,0.003,0,0,1,0.003,1,0.003,1,0.003,0,0,0,0,0,0,0,0
Region 18,Region 23,43,0.427,9,0.197,10,0.352,4,0.202,2,0.107,7,0.204,17,0.204,26,0.149,45,0.145,68,0.198,50,0.177,51,0.191,61,0.209,71,0.219,81,0.248,76,0.222,93,0.241,130,0.288,107,0.236,88,0.247,52,0.189,67,0.28,61,0.296,51,0.332,58,0.434,10,0.17,11,0.306,8,0.323,6,0.284,5,0.146,18,0.227,35,0.222,39,0.156,61,0.219,57,0.214,42,0.154,53,0.175,73,0.213,87,0.241,84,0.22,100,0.241,116,0.255,93,0.205,94,0.253,64,0.222,58,0.238,66,0.296,55,0.278,66,0.27,62,0.416,22,0.258,15,0.24,18,0.476,9,0.308,11,0.264,20,0.277,25,0.226,30,0.182,48,0.204,74,0.249,76,0.229,93,0.258,67,0.183,96,0.253,100,0.254,87,0.214,82,0.211,83,0.253,70,0.259,74,0.295,74,0.31,49,0.23,65,0.286,60,0.394,15,0.155,29,0.388,23,0.551,17,0.544,10,0.267,10,0.179,11,0.137,28,0.214,42,0.201,52,0.186,59,0.185,83,0.237,82,0.227,92,0.253,85,0.229,84,0.222,74,0.203,51,0.174,52,0.213,63,0.296,53,0.323,37,0.31
Region 18,Region 24,1,0.01,0,0,0,0,0,0,0,0,0,0,0,0,1,0.006,0,0,0,0,1,0.004,0,0,0,0,1,0.003,1,0.003,1,0.003,1,0.003,0,0,3,0.007,1,0.003,1,0.004,1,0.004,0,0,1,0.007,0,0,0,0,0,0,0,0,0,0,0,0,0,0,0,0,0,0,1,0.004,0,0,0,0,0,0,0,0,0,0,0,0,1,0.002,1,0.002,0,0,0,0,0,0,0,0,2,0.009,0,0,0,0,0,0,0,0,0,0,0,0,0,0,0,0,0,0,1,0.009,0,0,0,0,1,0.003,2,0.006,0,0,0,0,0,0,0,0,0,0,0,0,0,0,0,0,0,0,0,0,0,0,0,0,0,0,0,0,0,0,0,0,0,0,0,0,0,0,0,0,0,0,0,0,1,0.004,0,0,0,0,1,0.003,0,0,1,0.003,0,0,2,0.005,0,0,0,0,0,0,0,0,0,0
Region 18,Region 25,8,0.079,2,0.044,1,0.035,3,0.152,2,0.107,4,0.116,7,0.084,14,0.08,21,0.068,28,0.081,21,0.074,22,0.083,24,0.082,27,0.083,23,0.07,15,0.044,19,0.049,30,0.066,20,0.044,18,0.05,6,0.022,12,0.05,12,0.058,7,0.046,19,0.142,5,0.085,3,0.083,3,0.121,3,0.142,1,0.029,3,0.038,10,0.063,23,0.092,17,0.061,11,0.041,19,0.07,17,0.056,24,0.07,19,0.053,14,0.037,19,0.046,20,0.044,28,0.062,15,0.04,17,0.059,13,0.053,7,0.031,11,0.056,20,0.082,7,0.047,5,0.059,3,0.048,2,0.053,0,0,4,0.096,3,0.042,4,0.036,9,0.055,7,0.03,13,0.044,17,0.051,27,0.075,26,0.071,26,0.069,23,0.058,15,0.037,21,0.054,20,0.061,21,0.078,27,0.108,15,0.063,19,0.089,19,0.084,6,0.039,4,0.041,5,0.067,2,0.048,2,0.064,1,0.027,5,0.089,2,0.025,6,0.046,12,0.057,20,0.072,20,0.063,17,0.048,22,0.061,24,0.066,18,0.049,21,0.056,18,0.049,8,0.027,15,0.061,17,0.08,10,0.061,10,0.084
Region 19,Region 0,1,0.01,0,0,0,0,1,0.051,1,0.054,0,0,5,0.06,3,0.017,14,0.045,9,0.026,4,0.014,5,0.019,2,0.007,4,0.012,1,0.003,2,0.006,5,0.013,8,0.018,4,0.009,6,0.017,0,0,2,0.008,4,0.019,1,0.007,1,0.007,0,0,0,0,2,0.081,1,0.047,1,0.029,5,0.063,3,0.019,5,0.02,4,0.014,2,0.008,7,0.026,4,0.013,4,0.012,6,0.017,7,0.018,4,0.01,4,0.009,8,0.018,4,0.011,2,0.007,4,0.016,4,0.018,1,0.005,0,0,1,0.007,0,0,1,0.016,1,0.026,0,0,1,0.024,3,0.042,3,0.027,5,0.03,4,0.017,2,0.007,1,0.003,2,0.006,3,0.008,4,0.011,4,0.01,3,0.007,5,0.013,3,0.009,2,0.007,2,0.008,4,0.017,5,0.023,1,0.004,0,0,2,0.021,3,0.04,3,0.072,1,0.032,1,0.027,2,0.036,1,0.012,0,0,1,0.005,4,0.014,3,0.009,7,0.02,7,0.019,6,0.017,3,0.008,6,0.016,5,0.014,4,0.014,1,0.004,3,0.014,0,0,0,0
Region 19,Region 1,11,0.109,4,0.088,3,0.106,3,0.152,5,0.268,5,0.146,8,0.096,21,0.12,53,0.171,63,0.183,35,0.124,24,0.09,23,0.079,31,0.095,25,0.077,34,0.099,28,0.073,35,0.077,43,0.095,33,0.093,25,0.091,11,0.046,16,0.078,8,0.052,14,0.105,8,0.136,2,0.056,4,0.162,1,0.047,4,0.117,8,0.101,23,0.146,37,0.148,42,0.151,27,0.101,21,0.077,27,0.089,23,0.067,31,0.086,38,0.099,41,0.099,53,0.117,52,0.114,40,0.108,30,0.104,32,0.131,32,0.143,13,0.066,17,0.07,15,0.101,10,0.117,4,0.064,4,0.106,4,0.137,2,0.048,12,0.166,17,0.154,21,0.128,21,0.089,38,0.128,50,0.151,55,0.153,39,0.107,46,0.121,56,0.142,57,0.141,58,0.149,42,0.128,28,0.104,30,0.12,17,0.071,20,0.094,22,0.097,23,0.151,9,0.093,9,0.121,4,0.096,3,0.096,3,0.08,10,0.179,23,0.286,16,0.122,21,0.1,41,0.147,32,0.1,31,0.088,31,0.086,43,0.118,47,0.127,35,0.093,35,0.096,35,0.12,24,0.098,17,0.08,14,0.085,10,0.084
Region 19,Region 2,1,0.01,0,0,0,0,2,0.101,1,0.054,1,0.029,3,0.036,10,0.057,18,0.058,11,0.032,10,0.035,11,0.041,9,0.031,6,0.018,4,0.012,3,0.009,6,0.016,10,0.022,10,0.022,11,0.031,5,0.018,2,0.008,1,0.005,0,0,1,0.007,0,0,0,0,0,0,1,0.047,0,0,2,0.025,4,0.025,8,0.032,5,0.018,5,0.019,3,0.011,1,0.003,7,0.02,5,0.014,13,0.034,16,0.039,9,0.02,7,0.015,13,0.035,3,0.01,3,0.012,3,0.013,2,0.01,6,0.025,2,0.013,0,0,2,0.032,1,0.026,0,0,0,0,0,0,3,0.027,4,0.024,4,0.017,4,0.013,7,0.021,2,0.006,6,0.016,9,0.024,8,0.02,14,0.035,15,0.039,8,0.024,8,0.03,5,0.02,4,0.017,8,0.038,3,0.013,3,0.02,4,0.041,2,0.027,0,0,0,0,0,0,2,0.036,2,0.025,5,0.038,3,0.014,5,0.018,3,0.009,7,0.02,6,0.017,7,0.019,6,0.016,4,0.011,2,0.005,4,0.014,5,0.02,4,0.019,5,0.03,1,0.008
Region 19,Region 3,0,0,0,0,0,0,0,0,0,0,0,0,0,0,1,0.006,0,0,0,0,0,0,0,0,3,0.01,2,0.006,1,0.003,4,0.012,1,0.003,3,0.007,1,0.002,0,0,0,0,2,0.008,1,0.005,0,0,2,0.015,0,0,0,0,0,0,0,0,0,0,0,0,0,0,4,0.016,1,0.004,1,0.004,2,0.007,1,0.003,0,0,2,0.006,2,0.005,2,0.005,0,0,0,0,0,0,1,0.003,0,0,2,0.009,0,0,0,0,0,0,0,0,0,0,1,0.026,0,0,0,0,0,0,0,0,1,0.006,0,0,0,0,1,0.003,2,0.006,0,0,2,0.005,1,0.003,3,0.007,0,0,0,0,0,0,1,0.004,4,0.017,0,0,1,0.004,3,0.02,2,0.021,0,0,0,0,0,0,0,0,0,0,2,0.025,0,0,3,0.014,1,0.004,1,0.003,3,0.009,2,0.006,1,0.003,0,0,0,0,2,0.005,2,0.007,2,0.008,3,0.014,0,0,3,0.025
Region 19,Region 4,0,0,0,0,0,0,0,0,0,0,0,0,0,0,0,0,3,0.01,1,0.003,1,0.004,0,0,1,0.003,1,0.003,0,0,2,0.006,0,0,0,0,0,0,2,0.006,0,0,1,0.004,2,0.01,0,0,0,0,1,0.017,1,0.028,0,0,0,0,0,0,0,0,0,0,1,0.004,0,0,0,0,0,0,2,0.007,2,0.006,0,0,0,0,1,0.002,0,0,1,0.002,3,0.008,1,0.003,1,0.004,4,0.018,1,0.005,3,0.012,0,0,0,0,0,0,0,0,0,0,0,0,0,0,0,0,1,0.006,2,0.009,2,0.007,2,0.006,0,0,0,0,0,0,0,0,2,0.005,3,0.008,1,0.003,3,0.011,1,0.004,1,0.004,1,0.005,3,0.013,0,0,1,0.01,0,0,0,0,1,0.032,0,0,0,0,0,0,2,0.015,0,0,1,0.004,1,0.003,3,0.009,1,0.003,0,0,1,0.003,0,0,1,0.003,1,0.003,2,0.008,1,0.005,1,0.006,1,0.008
Region 19,Region 5,0,0,0,0,0,0,1,0.051,1,0.054,3,0.087,3,0.036,3,0.017,4,0.013,2,0.006,4,0.014,4,0.015,0,0,3,0.009,2,0.006,0,0,1,0.003,0,0,4,0.009,1,0.003,1,0.004,2,0.008,0,0,2,0.013,0,0,0,0,0,0,0,0,0,0,0,0,3,0.038,3,0.019,5,0.02,4,0.014,1,0.004,1,0.004,0,0,1,0.003,1,0.003,3,0.008,2,0.005,0,0,2,0.004,5,0.013,3,0.01,2,0.008,0,0,3,0.015,2,0.008,0,0,0,0,0,0,0,0,0,0,1,0.024,2,0.028,5,0.045,5,0.03,7,0.03,6,0.02,2,0.006,3,0.008,1,0.003,10,0.026,4,0.01,2,0.005,3,0.008,4,0.012,3,0.011,3,0.012,1,0.004,3,0.014,1,0.004,0,0,1,0.01,0,0,0,0,0,0,0,0,0,0,1,0.012,1,0.008,3,0.014,1,0.004,1,0.003,3,0.009,0,0,2,0.006,0,0,0,0,4,0.011,3,0.01,1,0.004,0,0,1,0.006,0,0
Region 19,Region 6,29,0.288,11,0.241,3,0.106,2,0.101,3,0.161,11,0.32,31,0.372,48,0.275,66,0.213,78,0.227,65,0.23,60,0.225,65,0.223,99,0.305,89,0.272,72,0.21,78,0.202,90,0.199,107,0.236,94,0.264,89,0.323,87,0.364,44,0.214,42,0.273,14,0.105,9,0.153,8,0.223,6,0.242,13,0.615,18,0.526,22,0.277,40,0.254,55,0.22,69,0.248,87,0.327,87,0.319,86,0.284,116,0.339,83,0.23,64,0.167,121,0.292,120,0.264,164,0.361,142,0.382,81,0.281,76,0.312,68,0.305,35,0.177,37,0.151,21,0.141,12,0.141,10,0.16,3,0.079,4,0.137,2,0.048,15,0.208,28,0.253,34,0.207,48,0.204,82,0.276,98,0.295,101,0.28,96,0.262,101,0.266,97,0.246,114,0.281,140,0.361,108,0.329,79,0.292,75,0.299,54,0.226,44,0.207,46,0.202,25,0.164,20,0.207,9,0.121,8,0.192,12,0.384,8,0.214,8,0.143,20,0.249,30,0.229,71,0.34,101,0.361,108,0.338,94,0.268,100,0.277,106,0.292,116,0.313,138,0.365,115,0.315,86,0.294,78,0.319,66,0.31,37,0.226,31,0.26
Region 19,Region 7,3,0.03,1,0.022,0,0,1,0.051,1,0.054,3,0.087,3,0.036,3,0.017,5,0.016,2,0.006,5,0.018,2,0.008,7,0.024,6,0.018,3,0.009,8,0.023,11,0.029,9,0.02,6,0.013,5,0.014,3,0.011,1,0.004,2,0.01,5,0.033,2,0.015,2,0.034,1,0.028,1,0.04,0,0,0,0,1,0.013,3,0.019,2,0.008,2,0.007,9,0.034,3,0.011,2,0.007,5,0.015,10,0.028,6,0.016,3,0.007,6,0.013,5,0.011,6,0.016,1,0.003,1,0.004,9,0.04,0,0,1,0.004,4,0.027,2,0.023,0,0,0,0,0,0,0,0,2,0.028,0,0,5,0.03,4,0.017,3,0.01,8,0.024,4,0.011,6,0.016,7,0.018,7,0.018,13,0.032,10,0.026,4,0.012,4,0.015,5,0.02,7,0.029,2,0.009,1,0.004,2,0.013,2,0.021,4,0.054,0,0,0,0,1,0.027,2,0.036,0,0,1,0.008,5,0.024,3,0.011,1,0.003,3,0.009,11,0.03,4,0.011,7,0.019,3,0.008,5,0.014,0,0,1,0.004,6,0.028,6,0.037,1,0.008
Region 19,Region 8,2,0.02,2,0.044,2,0.07,0,0,3,0.161,0,0,3,0.036,8,0.046,12,0.039,18,0.052,6,0.021,8,0.03,7,0.024,13,0.04,12,0.037,6,0.017,21,0.054,13,0.029,15,0.033,8,0.022,1,0.004,8,0.033,6,0.029,7,0.046,5,0.037,2,0.034,0,0,0,0,2,0.095,0,0,0,0,6,0.038,11,0.044,18,0.065,9,0.034,8,0.029,7,0.023,7,0.02,9,0.025,9,0.024,9,0.022,6,0.013,8,0.018,11,0.03,7,0.024,4,0.016,2,0.009,3,0.015,9,0.037,2,0.013,4,0.047,2,0.032,1,0.026,0,0,1,0.024,2,0.028,5,0.045,7,0.043,7,0.03,9,0.03,10,0.03,8,0.022,15,0.041,11,0.029,16,0.041,16,0.039,14,0.036,11,0.034,7,0.026,7,0.028,11,0.046,7,0.033,8,0.035,3,0.02,5,0.052,1,0.013,0,0,1,0.032,0,0,1,0.018,3,0.037,3,0.023,4,0.019,7,0.025,8,0.025,10,0.029,6,0.017,11,0.03,8,0.022,9,0.024,8,0.022,4,0.014,3,0.012,1,0.005,4,0.024,1,0.008
Region 19,Region 9,0,0,0,0,2,0.07,2,0.101,4,0.215,4,0.116,3,0.036,1,0.006,0,0,2,0.006,3,0.011,3,0.011,2,0.007,5,0.015,9,0.028,2,0.006,7,0.018,8,0.018,5,0.011,2,0.006,2,0.007,0,0,2,0.01,1,0.007,1,0.007,1,0.017,3,0.083,0,0,3,0.142,1,0.029,4,0.05,6,0.038,4,0.016,0,0,3,0.011,2,0.007,2,0.007,5,0.015,3,0.008,4,0.01,2,0.005,2,0.004,2,0.004,2,0.005,2,0.007,2,0.008,1,0.004,0,0,2,0.008,1,0.007,1,0.012,2,0.032,2,0.053,1,0.034,2,0.048,2,0.028,2,0.018,3,0.018,3,0.013,6,0.02,8,0.024,0,0,4,0.011,2,0.005,0,0,3,0.007,3,0.008,0,0,2,0.007,2,0.008,2,0.008,1,0.005,0,0,1,0.007,0,0,0,0,1,0.024,0,0,3,0.08,1,0.018,1,0.012,0,0,2,0.01,3,0.011,1,0.003,2,0.006,1,0.003,2,0.006,6,0.016,3,0.008,1,0.003,1,0.003,0,0,0,0,0,0,0,0
Region 19,Region 10,2,0.02,0,0,2,0.07,1,0.051,2,0.107,4,0.116,7,0.084,10,0.057,19,0.061,20,0.058,11,0.039,18,0.068,15,0.051,21,0.065,14,0.043,26,0.076,20,0.052,25,0.055,24,0.053,11,0.031,16,0.058,14,0.059,8,0.039,10,0.065,5,0.037,2,0.034,2,0.056,1,0.04,1,0.047,5,0.146,5,0.063,11,0.07,18,0.072,16,0.057,10,0.038,13,0.048,22,0.073,14,0.041,11,0.031,27,0.071,26,0.063,32,0.07,19,0.042,15,0.04,8,0.028,15,0.061,13,0.058,6,0.03,3,0.012,4,0.027,1,0.012,0,0,4,0.106,2,0.068,1,0.024,3,0.042,8,0.072,14,0.085,13,0.055,19,0.064,15,0.045,16,0.044,21,0.057,17,0.045,22,0.056,20,0.049,10,0.026,16,0.049,21,0.078,13,0.052,6,0.025,8,0.038,3,0.013,5,0.033,2,0.021,1,0.013,0,0,6,0.192,1,0.027,1,0.018,2,0.025,13,0.099,21,0.1,19,0.068,22,0.069,27,0.077,26,0.072,16,0.044,14,0.038,16,0.042,15,0.041,11,0.038,11,0.045,7,0.033,8,0.049,8,0.067
Region 19,Region 11,1,0.01,1,0.022,0,0,1,0.051,0,0,0,0,0,0,2,0.011,6,0.019,11,0.032,3,0.011,2,0.008,0,0,2,0.006,2,0.006,4,0.012,4,0.01,13,0.029,10,0.022,5,0.014,6,0.022,6,0.025,3,0.015,2,0.013,2,0.015,0,0,0,0,2,0.081,0,0,0,0,0,0,3,0.019,4,0.016,7,0.025,1,0.004,5,0.018,9,0.03,6,0.018,9,0.025,8,0.021,5,0.012,6,0.013,7,0.015,5,0.013,2,0.007,6,0.025,3,0.013,2,0.01,2,0.008,0,0,1,0.012,0,0,0,0,1,0.034,2,0.048,3,0.042,0,0,1,0.006,3,0.013,3,0.01,6,0.018,1,0.003,10,0.027,6,0.016,9,0.023,7,0.017,6,0.015,2,0.006,2,0.007,8,0.032,4,0.017,1,0.005,2,0.009,4,0.026,3,0.031,1,0.013,1,0.024,0,0,0,0,4,0.071,4,0.05,2,0.015,1,0.005,2,0.007,3,0.009,4,0.011,6,0.017,6,0.017,6,0.016,6,0.016,6,0.016,6,0.021,6,0.025,5,0.024,7,0.043,3,0.025
Region 19,Region 12,1,0.01,1,0.022,0,0,0,0,0,0,1,0.029,0,0,6,0.034,7,0.023,9,0.026,6,0.021,3,0.011,4,0.014,9,0.028,4,0.012,7,0.02,7,0.018,8,0.018,10,0.022,9,0.025,6,0.022,3,0.013,4,0.019,3,0.02,3,0.022,2,0.034,0,0,1,0.04,2,0.095,1,0.029,1,0.013,5,0.032,10,0.04,5,0.018,6,0.023,7,0.026,6,0.02,9,0.026,8,0.022,6,0.016,6,0.014,7,0.015,7,0.015,4,0.011,7,0.024,4,0.016,5,0.022,2,0.01,5,0.02,0,0,0,0,1,0.016,1,0.026,0,0,0,0,1,0.014,1,0.009,2,0.012,2,0.009,3,0.01,6,0.018,9,0.025,6,0.016,7,0.018,3,0.008,6,0.015,6,0.015,5,0.015,6,0.022,10,0.04,7,0.029,2,0.009,3,0.013,2,0.013,3,0.031,3,0.04,3,0.072,0,0,0,0,3,0.054,1,0.012,5,0.038,4,0.019,3,0.011,8,0.025,5,0.014,8,0.022,3,0.008,4,0.011,3,0.008,5,0.014,4,0.014,4,0.016,3,0.014,1,0.006,1,0.008
Region 19,Region 13,4,0.04,3,0.066,3,0.106,1,0.051,0,0,0,0,0,0,6,0.034,14,0.045,17,0.049,3,0.011,6,0.023,5,0.017,4,0.012,5,0.015,7,0.02,9,0.023,1,0.002,9,0.02,6,0.017,3,0.011,4,0.017,3,0.015,2,0.013,2,0.015,2,0.034,1,0.028,0,0,0,0,2,0.058,1,0.013,3,0.019,6,0.024,7,0.025,11,0.041,4,0.015,6,0.02,7,0.02,9,0.025,4,0.01,7,0.017,10,0.022,10,0.022,7,0.019,6,0.021,5,0.02,3,0.013,0,0,4,0.016,1,0.007,1,0.012,0,0,3,0.079,0,0,0,0,0,0,2,0.018,4,0.024,10,0.043,8,0.027,6,0.018,7,0.019,9,0.025,8,0.021,6,0.015,11,0.027,11,0.028,2,0.006,4,0.015,3,0.012,4,0.017,3,0.014,4,0.018,6,0.039,1,0.01,0,0,1,0.024,1,0.032,1,0.027,2,0.036,4,0.05,3,0.023,4,0.019,6,0.021,11,0.034,12,0.034,10,0.028,9,0.025,12,0.032,8,0.021,6,0.016,5,0.017,1,0.004,5,0.024,2,0.012,3,0.025
Region 19,Region 14,8,0.079,2,0.044,1,0.035,2,0.101,1,0.054,5,0.146,21,0.252,14,0.08,31,0.1,22,0.064,25,0.088,14,0.053,12,0.041,18,0.055,27,0.083,18,0.052,14,0.036,7,0.015,12,0.026,6,0.017,10,0.036,7,0.029,5,0.024,3,0.02,11,0.082,1,0.017,1,0.028,2,0.081,4,0.189,4,0.117,9,0.113,17,0.108,14,0.056,12,0.043,15,0.056,12,0.044,8,0.026,16,0.047,14,0.039,14,0.037,21,0.051,15,0.033,24,0.053,21,0.057,16,0.055,13,0.053,13,0.058,11,0.056,8,0.033,4,0.027,4,0.047,3,0.048,2,0.053,6,0.205,6,0.144,10,0.139,7,0.063,15,0.091,20,0.085,18,0.06,32,0.096,16,0.044,15,0.041,27,0.071,29,0.074,17,0.042,23,0.059,18,0.055,10,0.037,9,0.036,15,0.063,9,0.042,8,0.035,7,0.046,4,0.041,3,0.04,3,0.072,7,0.224,0,0,6,0.107,4,0.05,7,0.054,14,0.067,15,0.054,15,0.047,16,0.046,27,0.075,21,0.058,23,0.062,24,0.064,11,0.03,11,0.038,13,0.053,15,0.071,7,0.043,8,0.067
Region 19,Region 15,2,0.02,0,0,0,0,0,0,0,0,1,0.029,0,0,1,0.006,3,0.01,3,0.009,2,0.007,0,0,3,0.01,3,0.009,3,0.009,7,0.02,1,0.003,6,0.013,6,0.013,2,0.006,3,0.011,1,0.004,0,0,0,0,1,0.007,0,0,0,0,0,0,0,0,1,0.029,0,0,0,0,2,0.008,2,0.007,2,0.008,3,0.011,1,0.003,1,0.003,2,0.006,2,0.005,3,0.007,1,0.002,1,0.002,2,0.005,2,0.007,3,0.012,4,0.018,4,0.02,1,0.004,1,0.007,0,0,0,0,0,0,0,0,1,0.024,0,0,3,0.027,3,0.018,2,0.009,1,0.003,2,0.006,2,0.006,3,0.008,2,0.005,1,0.003,3,0.007,2,0.005,4,0.012,1,0.004,0,0,0,0,0,0,5,0.022,1,0.007,0,0,0,0,0,0,0,0,0,0,1,0.018,0,0,0,0,1,0.005,1,0.004,1,0.003,1,0.003,0,0,1,0.003,0,0,3,0.008,2,0.005,1,0.003,1,0.004,2,0.009,1,0.006,0,0
Region 19,Region 16,0,0,0,0,0,0,0,0,0,0,0,0,0,0,1,0.006,1,0.003,1,0.003,0,0,0,0,1,0.003,0,0,2,0.006,0,0,0,0,1,0.002,1,0.002,0,0,0,0,1,0.004,0,0,0,0,0,0,0,0,0,0,0,0,0,0,0,0,0,0,0,0,0,0,0,0,1,0.004,0,0,1,0.003,0,0,0,0,0,0,4,0.01,1,0.002,0,0,1,0.003,0,0,1,0.004,1,0.004,0,0,0,0,0,0,0,0,0,0,0,0,0,0,0,0,0,0,0,0,0,0,1,0.004,0,0,0,0,1,0.003,0,0,1,0.003,0,0,1,0.002,1,0.003,0,0,0,0,1,0.004,0,0,0,0,0,0,0,0,0,0,0,0,0,0,0,0,0,0,0,0,0,0,0,0,0,0,3,0.011,2,0.006,0,0,1,0.003,0,0,0,0,0,0,2,0.005,1,0.003,0,0,0,0,0,0,0,0
Region 19,Region 17,5,0.05,1,0.022,0,0,0,0,1,0.054,2,0.058,9,0.108,23,0.132,63,0.203,54,0.157,18,0.064,13,0.049,6,0.021,17,0.052,11,0.034,20,0.058,16,0.041,21,0.046,19,0.042,15,0.042,9,0.033,14,0.059,9,0.044,8,0.052,7,0.052,1,0.017,2,0.056,1,0.04,0,0,3,0.088,8,0.101,22,0.14,29,0.116,21,0.075,14,0.053,16,0.059,4,0.013,7,0.02,11,0.031,10,0.026,15,0.036,40,0.088,35,0.077,15,0.04,9,0.031,11,0.045,14,0.063,16,0.081,15,0.061,2,0.013,2,0.023,4,0.064,0,0,4,0.137,6,0.144,5,0.069,9,0.081,10,0.061,6,0.026,9,0.03,8,0.024,8,0.022,14,0.038,21,0.055,10,0.025,18,0.044,23,0.059,20,0.061,12,0.044,5,0.02,14,0.059,17,0.08,12,0.053,1,0.007,4,0.041,5,0.067,2,0.048,0,0,5,0.134,2,0.036,4,0.05,11,0.084,5,0.024,7,0.025,13,0.041,7,0.02,8,0.022,14,0.039,16,0.043,23,0.061,19,0.052,20,0.068,13,0.053,10,0.047,7,0.043,8,0.067
Region 19,Region 18,3,0.03,2,0.044,0,0,3,0.152,2,0.107,3,0.087,10,0.12,19,0.109,29,0.094,35,0.102,13,0.046,7,0.026,20,0.069,17,0.052,23,0.07,25,0.073,23,0.06,19,0.042,24,0.053,27,0.076,17,0.062,18,0.075,13,0.063,4,0.026,5,0.037,1,0.017,5,0.139,5,0.202,0,0,2,0.058,8,0.101,13,0.082,9,0.036,19,0.068,17,0.064,8,0.029,13,0.043,23,0.067,33,0.092,30,0.078,33,0.08,21,0.046,21,0.046,23,0.062,20,0.069,14,0.057,12,0.054,9,0.046,5,0.02,4,0.027,3,0.035,3,0.048,1,0.026,2,0.068,4,0.096,5,0.069,3,0.027,12,0.073,12,0.051,15,0.05,14,0.042,15,0.042,10,0.027,19,0.05,28,0.071,18,0.044,24,0.062,13,0.04,16,0.059,12,0.048,17,0.071,13,0.061,5,0.022,4,0.026,7,0.072,3,0.04,1,0.024,3,0.096,3,0.08,5,0.089,3,0.037,1,0.008,11,0.053,9,0.032,12,0.038,16,0.046,20,0.055,24,0.066,21,0.057,18,0.048,27,0.074,22,0.075,13,0.053,12,0.056,7,0.043,8,0.067
Region 19,Region 19,88,0.874,37,0.812,27,0.95,11,0.556,16,0.858,30,0.873,47,0.564,143,0.818,194,0.626,282,0.82,296,1.047,283,1.062,373,1.281,363,1.117,390,1.194,395,1.151,467,1.211,512,1.132,527,1.16,393,1.102,348,1.264,305,1.275,201,0.976,141,0.917,122,0.912,62,1.055,25,0.695,14,0.566,1,0.047,26,0.76,46,0.579,124,0.787,194,0.776,237,0.851,268,1.007,261,0.957,320,1.055,389,1.136,429,1.19,409,1.07,425,1.025,457,1.005,463,1.019,394,1.061,311,1.079,244,1,232,1.039,161,0.815,144,0.589,109,0.732,76,0.892,41,0.656,24,0.634,20,0.684,28,0.672,64,0.887,118,1.066,166,1.009,229,0.974,299,1.005,371,1.118,421,1.168,435,1.189,453,1.195,453,1.149,422,1.04,412,1.061,368,1.121,275,1.017,303,1.209,253,1.06,190,0.893,153,0.673,129,0.848,77,0.797,50,0.67,17,0.407,10,0.32,30,0.801,42,0.751,70,0.871,129,0.986,225,1.076,267,0.955,358,1.121,434,1.237,475,1.314,429,1.18,388,1.046,403,1.067,381,1.045,323,1.104,297,1.216,274,1.288,217,1.323,123,1.03
Region 19,Region 20,5,0.05,0,0,0,0,0,0,1,0.054,3,0.087,5,0.06,12,0.069,32,0.103,37,0.108,13,0.046,10,0.038,4,0.014,15,0.046,8,0.024,11,0.032,12,0.031,8,0.018,10,0.022,8,0.022,5,0.018,6,0.025,8,0.039,2,0.013,5,0.037,2,0.034,0,0,0,0,0,0,5,0.146,8,0.101,14,0.089,24,0.096,14,0.05,12,0.045,7,0.026,6,0.02,4,0.012,13,0.036,5,0.013,16,0.039,11,0.024,10,0.022,9,0.024,5,0.017,4,0.016,5,0.022,6,0.03,7,0.029,2,0.013,0,0,1,0.016,2,0.053,3,0.103,2,0.048,9,0.125,7,0.063,7,0.043,6,0.026,2,0.007,5,0.015,4,0.011,4,0.011,9,0.024,10,0.025,14,0.035,15,0.039,9,0.027,6,0.022,8,0.032,12,0.05,3,0.014,6,0.026,2,0.013,2,0.021,5,0.067,1,0.024,1,0.032,1,0.027,7,0.125,7,0.087,5,0.038,5,0.024,7,0.025,6,0.019,9,0.026,6,0.017,9,0.025,8,0.022,12,0.032,10,0.027,17,0.058,5,0.02,4,0.019,4,0.024,8,0.067
Region 19,Region 21,2,0.02,0,0,0,0,0,0,0,0,0,0,0,0,1,0.006,3,0.01,3,0.009,1,0.004,2,0.008,1,0.003,4,0.012,0,0,1,0.003,0,0,0,0,3,0.007,0,0,0,0,3,0.013,1,0.005,4,0.026,0,0,0,0,0,0,1,0.04,0,0,0,0,0,0,0,0,0,0,2,0.007,1,0.004,1,0.004,2,0.007,0,0,4,0.011,1,0.003,2,0.005,1,0.002,2,0.004,6,0.016,1,0.003,0,0,1,0.004,1,0.005,0,0,0,0,0,0,0,0,0,0,0,0,0,0,0,0,3,0.027,2,0.012,1,0.004,1,0.003,2,0.006,0,0,1,0.003,0,0,1,0.003,2,0.005,1,0.003,1,0.003,0,0,1,0.004,0,0,3,0.014,0,0,0,0,0,0,1,0.013,0,0,0,0,1,0.027,0,0,0,0,0,0,4,0.019,1,0.004,2,0.006,2,0.006,2,0.006,0,0,0,0,3,0.008,1,0.003,0,0,1,0.004,3,0.014,0,0,0,0
Region 19,Region 22,0,0,0,0,0,0,0,0,0,0,0,0,0,0,1,0.006,3,0.01,0,0,0,0,1,0.004,0,0,1,0.003,2,0.006,0,0,0,0,0,0,1,0.002,2,0.006,5,0.018,2,0.008,1,0.005,0,0,0,0,0,0,0,0,0,0,0,0,0,0,1,0.013,0,0,1,0.004,0,0,3,0.011,4,0.015,4,0.013,2,0.006,1,0.003,0,0,3,0.007,0,0,2,0.004,1,0.003,2,0.007,0,0,2,0.009,0,0,0,0,0,0,0,0,0,0,0,0,0,0,0,0,0,0,0,0,0,0,2,0.009,2,0.007,1,0.003,4,0.011,2,0.005,1,0.003,1,0.003,1,0.002,0,0,1,0.003,3,0.011,3,0.012,0,0,0,0,0,0,1,0.007,0,0,0,0,0,0,0,0,0,0,0,0,2,0.025,0,0,3,0.014,1,0.004,4,0.013,2,0.006,1,0.003,2,0.006,4,0.011,4,0.011,0,0,5,0.017,1,0.004,0,0,1,0.006,2,0.017
Region 19,Region 23,4,0.04,0,0,0,0,0,0,0,0,1,0.029,2,0.024,4,0.023,9,0.029,3,0.009,3,0.011,4,0.015,6,0.021,7,0.022,6,0.018,6,0.017,6,0.016,15,0.033,15,0.033,12,0.034,3,0.011,5,0.021,4,0.019,0,0,3,0.022,3,0.051,2,0.056,2,0.081,0,0,0,0,2,0.025,2,0.013,1,0.004,5,0.018,5,0.019,7,0.026,5,0.016,6,0.018,5,0.014,8,0.021,13,0.031,10,0.022,20,0.044,7,0.019,7,0.024,4,0.016,7,0.031,1,0.005,5,0.02,4,0.027,1,0.012,0,0,0,0,2,0.068,1,0.024,1,0.014,3,0.027,0,0,1,0.004,1,0.003,6,0.018,5,0.014,6,0.016,4,0.011,8,0.02,4,0.01,5,0.013,2,0.006,5,0.018,2,0.008,5,0.021,7,0.033,5,0.022,6,0.039,5,0.052,4,0.054,2,0.048,2,0.064,1,0.027,0,0,1,0.012,2,0.015,4,0.019,4,0.014,4,0.013,5,0.014,6,0.017,6,0.017,8,0.022,10,0.026,9,0.025,7,0.024,8,0.033,5,0.024,5,0.03,5,0.042
Region 19,Region 24,0,0,0,0,0,0,0,0,0,0,0,0,0,0,0,0,1,0.003,0,0,1,0.004,0,0,1,0.003,1,0.003,4,0.012,0,0,5,0.013,4,0.009,2,0.004,0,0,1,0.004,1,0.004,0,0,2,0.013,0,0,0,0,0,0,0,0,0,0,1,0.029,0,0,0,0,1,0.004,0,0,0,0,1,0.004,3,0.01,2,0.006,0,0,0,0,2,0.005,2,0.004,1,0.002,0,0,0,0,0,0,0,0,0,0,0,0,1,0.007,0,0,0,0,1,0.026,0,0,1,0.024,2,0.028,1,0.009,2,0.012,2,0.009,4,0.013,0,0,0,0,0,0,2,0.005,1,0.003,0,0,2,0.005,2,0.006,1,0.004,0,0,0,0,0,0,0,0,0,0,0,0,0,0,0,0,0,0,0,0,0,0,0,0,0,0,1,0.005,0,0,0,0,3,0.009,0,0,4,0.011,2,0.005,0,0,0,0,1,0.003,1,0.004,1,0.005,0,0,2,0.017
Region 19,Region 25,4,0.04,2,0.044,0,0,0,0,1,0.054,1,0.029,6,0.072,3,0.017,13,0.042,13,0.038,10,0.035,5,0.019,4,0.014,12,0.037,9,0.028,13,0.038,7,0.018,20,0.044,21,0.046,15,0.042,10,0.036,2,0.008,3,0.015,4,0.026,3,0.022,1,0.017,1,0.028,1,0.04,3,0.142,2,0.058,3,0.038,1,0.006,8,0.032,9,0.032,11,0.041,5,0.018,5,0.016,13,0.038,10,0.028,11,0.029,12,0.029,13,0.029,7,0.015,13,0.035,14,0.049,5,0.02,3,0.013,4,0.02,4,0.016,1,0.007,3,0.035,0,0,0,0,4,0.137,2,0.048,0,0,4,0.036,5,0.03,2,0.009,3,0.01,8,0.024,14,0.039,11,0.03,12,0.032,14,0.035,11,0.027,15,0.039,13,0.04,12,0.044,5,0.02,5,0.021,9,0.042,3,0.013,2,0.013,3,0.031,2,0.027,2,0.048,1,0.032,1,0.027,0,0,3,0.037,2,0.015,6,0.029,8,0.029,14,0.044,8,0.023,9,0.025,7,0.019,7,0.019,14,0.037,12,0.033,6,0.021,7,0.029,15,0.071,8,0.049,2,0.017
Region 20,Region 0,6,0.06,0,0,2,0.07,0,0,0,0,0,0,1,0.012,7,0.04,8,0.026,14,0.041,4,0.014,13,0.049,14,0.048,11,0.034,20,0.061,20,0.058,19,0.049,15,0.033,17,0.037,13,0.036,16,0.058,8,0.033,7,0.034,3,0.02,5,0.037,6,0.102,4,0.111,1,0.04,1,0.047,2,0.058,5,0.063,4,0.025,12,0.048,8,0.029,15,0.056,10,0.037,13,0.043,15,0.044,16,0.044,15,0.039,23,0.055,23,0.051,19,0.042,16,0.043,12,0.042,10,0.041,13,0.058,5,0.025,12,0.049,21,0.141,12,0.141,11,0.176,8,0.211,2,0.068,5,0.12,1,0.014,7,0.063,5,0.03,5,0.021,6,0.02,8,0.024,10,0.028,11,0.03,9,0.024,16,0.041,11,0.027,12,0.031,16,0.049,8,0.03,7,0.028,12,0.05,7,0.033,7,0.031,10,0.066,14,0.145,6,0.08,2,0.048,1,0.032,1,0.027,2,0.036,6,0.075,1,0.008,4,0.019,11,0.039,8,0.025,14,0.04,9,0.025,16,0.044,13,0.035,15,0.04,13,0.036,13,0.044,13,0.053,14,0.066,5,0.03,3,0.025
Region 20,Region 1,34,0.338,15,0.329,9,0.317,4,0.202,0,0,0,0,8,0.096,16,0.092,28,0.09,56,0.163,40,0.141,41,0.154,47,0.161,52,0.16,53,0.162,58,0.169,71,0.184,104,0.23,103,0.227,83,0.233,75,0.272,50,0.209,49,0.238,38,0.247,37,0.277,20,0.34,11,0.306,3,0.121,3,0.142,1,0.029,3,0.038,7,0.044,27,0.108,37,0.133,40,0.15,42,0.154,50,0.165,58,0.169,57,0.158,61,0.16,70,0.169,104,0.229,108,0.238,93,0.25,70,0.243,75,0.307,65,0.291,75,0.379,86,0.352,64,0.43,56,0.657,26,0.416,6,0.159,8,0.274,3,0.072,3,0.042,11,0.099,14,0.085,28,0.119,46,0.155,46,0.139,55,0.153,65,0.178,57,0.15,65,0.165,78,0.192,59,0.152,59,0.18,63,0.233,46,0.184,60,0.251,68,0.32,64,0.281,60,0.394,54,0.559,33,0.442,6,0.144,6,0.192,4,0.107,3,0.054,4,0.05,10,0.076,29,0.139,42,0.15,51,0.16,53,0.151,48,0.133,60,0.165,56,0.151,58,0.154,53,0.145,59,0.202,49,0.201,33,0.155,26,0.159,22,0.184
Region 20,Region 2,8,0.079,1,0.022,1,0.035,2,0.101,3,0.161,1,0.029,4,0.048,0,0,13,0.042,25,0.073,12,0.042,11,0.041,16,0.055,17,0.052,10,0.031,12,0.035,13,0.034,27,0.06,16,0.035,18,0.05,11,0.04,12,0.05,11,0.053,12,0.078,16,0.12,3,0.051,3,0.083,1,0.04,1,0.047,3,0.088,1,0.013,5,0.032,14,0.056,12,0.043,9,0.034,9,0.033,11,0.036,15,0.044,10,0.028,11,0.029,21,0.051,7,0.015,10,0.022,13,0.035,10,0.035,14,0.057,25,0.112,49,0.248,33,0.135,14,0.094,16,0.188,3,0.048,5,0.132,3,0.103,2,0.048,2,0.028,3,0.027,5,0.03,6,0.026,10,0.034,13,0.039,13,0.036,21,0.057,18,0.047,14,0.035,15,0.037,29,0.075,13,0.04,19,0.07,15,0.06,35,0.147,39,0.183,14,0.062,14,0.092,15,0.155,5,0.067,0,0,3,0.096,4,0.107,3,0.054,5,0.062,7,0.054,8,0.038,9,0.032,5,0.016,10,0.029,6,0.017,17,0.047,14,0.038,7,0.019,5,0.014,8,0.027,13,0.053,17,0.08,7,0.043,2,0.017
Region 20,Region 3,6,0.06,0,0,0,0,0,0,1,0.054,0,0,2,0.024,1,0.006,1,0.003,2,0.006,3,0.011,3,0.011,3,0.01,5,0.015,3,0.009,10,0.029,4,0.01,3,0.007,8,0.018,5,0.014,5,0.018,8,0.033,2,0.01,3,0.02,4,0.03,4,0.068,1,0.028,1,0.04,0,0,0,0,0,0,1,0.006,1,0.004,1,0.004,2,0.008,1,0.004,6,0.02,5,0.015,4,0.011,4,0.01,5,0.012,4,0.009,6,0.013,9,0.024,2,0.007,4,0.016,3,0.013,5,0.025,0,0,8,0.054,0,0,1,0.016,0,0,0,0,0,0,0,0,0,0,1,0.006,0,0,4,0.013,1,0.003,11,0.031,5,0.014,3,0.008,4,0.01,3,0.007,2,0.005,6,0.018,2,0.007,2,0.008,1,0.004,0,0,3,0.013,2,0.013,0,0,2,0.027,1,0.024,0,0,0,0,0,0,0,0,3,0.023,3,0.014,3,0.011,5,0.016,4,0.011,2,0.006,4,0.011,5,0.013,5,0.013,4,0.011,5,0.017,2,0.008,1,0.005,5,0.03,5,0.042
Region 20,Region 4,5,0.05,1,0.022,1,0.035,2,0.101,1,0.054,1,0.029,2,0.024,1,0.006,5,0.016,6,0.017,7,0.025,6,0.023,9,0.031,9,0.028,6,0.018,3,0.009,11,0.029,13,0.029,18,0.04,3,0.008,9,0.033,6,0.025,5,0.024,2,0.013,11,0.082,3,0.051,6,0.167,0,0,0,0,2,0.058,4,0.05,2,0.013,3,0.012,5,0.018,4,0.015,3,0.011,10,0.033,7,0.02,14,0.039,3,0.008,8,0.019,10,0.022,11,0.024,12,0.032,6,0.021,13,0.053,8,0.036,10,0.051,17,0.07,10,0.067,4,0.047,2,0.032,1,0.026,1,0.034,0,0,0,0,2,0.018,3,0.018,7,0.03,6,0.02,3,0.009,7,0.019,7,0.019,8,0.021,8,0.02,13,0.032,7,0.018,11,0.034,6,0.022,5,0.02,8,0.034,17,0.08,16,0.07,9,0.059,3,0.031,3,0.04,1,0.024,1,0.032,0,0,0,0,3,0.037,3,0.023,7,0.033,11,0.039,9,0.028,7,0.02,3,0.008,6,0.017,9,0.024,6,0.016,5,0.014,5,0.017,10,0.041,6,0.028,5,0.03,6,0.05
Region 20,Region 5,7,0.069,8,0.175,3,0.106,1,0.051,1,0.054,2,0.058,4,0.048,15,0.086,29,0.094,20,0.058,29,0.103,23,0.086,33,0.113,21,0.065,18,0.055,26,0.076,29,0.075,29,0.064,18,0.04,15,0.042,19,0.069,32,0.134,18,0.087,14,0.091,8,0.06,8,0.136,4,0.111,2,0.081,0,0,0,0,2,0.025,13,0.082,33,0.132,26,0.093,18,0.068,24,0.088,22,0.073,18,0.053,25,0.069,17,0.044,17,0.041,13,0.029,21,0.046,30,0.081,30,0.104,13,0.053,16,0.072,21,0.106,30,0.123,17,0.114,6,0.07,13,0.208,2,0.053,1,0.034,2,0.048,4,0.055,19,0.172,12,0.073,15,0.064,15,0.05,24,0.072,20,0.055,20,0.055,23,0.061,27,0.068,26,0.064,24,0.062,18,0.055,21,0.078,13,0.052,24,0.101,16,0.075,12,0.053,12,0.079,9,0.093,10,0.134,2,0.048,0,0,3,0.08,2,0.036,8,0.1,19,0.145,16,0.077,15,0.054,27,0.085,25,0.071,15,0.041,23,0.063,23,0.062,48,0.127,29,0.08,26,0.089,20,0.082,9,0.042,9,0.055,7,0.059
Region 20,Region 6,6,0.06,1,0.022,3,0.106,4,0.202,2,0.107,1,0.029,1,0.012,1,0.006,6,0.019,10,0.029,16,0.057,9,0.034,11,0.038,18,0.055,13,0.04,21,0.061,27,0.07,30,0.066,24,0.053,14,0.039,22,0.08,14,0.059,20,0.097,4,0.026,6,0.045,3,0.051,5,0.139,2,0.081,2,0.095,0,0,0,0,1,0.006,8,0.032,8,0.029,12,0.045,12,0.044,14,0.046,15,0.044,17,0.047,15,0.039,21,0.051,25,0.055,28,0.062,33,0.089,18,0.062,18,0.074,10,0.045,9,0.046,11,0.045,5,0.034,4,0.047,0,0,2,0.053,2,0.068,3,0.072,4,0.055,7,0.063,5,0.03,8,0.034,11,0.037,16,0.048,14,0.039,8,0.022,14,0.037,17,0.043,20,0.049,7,0.018,13,0.04,14,0.052,8,0.032,9,0.038,9,0.042,8,0.035,13,0.085,6,0.062,3,0.04,0,0,0,0,0,0,0,0,5,0.062,2,0.015,10,0.048,12,0.043,14,0.044,13,0.037,17,0.047,16,0.044,14,0.038,12,0.032,23,0.063,20,0.068,12,0.049,4,0.019,14,0.085,1,0.008
Region 20,Region 7,15,0.149,3,0.066,5,0.176,3,0.152,0,0,0,0,4,0.048,10,0.057,17,0.055,15,0.044,15,0.053,25,0.094,19,0.065,21,0.065,18,0.055,22,0.064,31,0.08,34,0.075,28,0.062,24,0.067,22,0.08,15,0.063,26,0.126,7,0.046,10,0.075,6,0.102,4,0.111,5,0.202,4,0.189,2,0.058,3,0.038,11,0.07,11,0.044,12,0.043,14,0.053,17,0.062,20,0.066,26,0.076,26,0.072,35,0.092,22,0.053,24,0.053,29,0.064,23,0.062,27,0.094,15,0.061,14,0.063,16,0.081,24,0.098,22,0.148,11,0.129,4,0.064,1,0.026,1,0.034,1,0.024,2,0.028,11,0.099,7,0.043,6,0.026,16,0.054,19,0.057,28,0.078,20,0.055,35,0.092,19,0.048,15,0.037,24,0.062,18,0.055,17,0.063,20,0.08,15,0.063,17,0.08,12,0.053,14,0.092,9,0.093,7,0.094,3,0.072,1,0.032,1,0.027,2,0.036,5,0.062,7,0.054,9,0.043,15,0.054,13,0.041,28,0.08,13,0.036,20,0.055,24,0.065,20,0.053,16,0.044,29,0.099,19,0.078,20,0.094,11,0.067,14,0.117
Region 20,Region 8,91,0.903,35,0.768,14,0.492,13,0.657,4,0.215,12,0.349,22,0.264,56,0.32,153,0.493,153,0.445,158,0.559,153,0.574,191,0.656,227,0.699,238,0.729,302,0.88,452,1.172,436,0.964,320,0.705,182,0.51,173,0.628,170,0.711,134,0.651,99,0.644,90,0.673,35,0.595,30,0.834,9,0.364,15,0.709,21,0.614,30,0.378,53,0.336,142,0.568,153,0.549,138,0.519,172,0.631,208,0.686,232,0.677,238,0.66,295,0.771,339,0.817,310,0.682,301,0.663,210,0.565,196,0.68,147,0.603,129,0.578,118,0.597,226,0.924,145,0.974,134,1.572,67,1.072,16,0.423,17,0.582,25,0.6,34,0.471,87,0.786,80,0.486,116,0.493,152,0.511,163,0.491,195,0.541,222,0.607,209,0.551,217,0.55,228,0.562,214,0.551,186,0.567,174,0.643,155,0.619,132,0.553,125,0.587,126,0.554,141,0.927,108,1.118,43,0.576,20,0.479,20,0.64,17,0.454,27,0.482,61,0.759,69,0.528,132,0.631,120,0.429,159,0.498,160,0.456,182,0.503,200,0.55,209,0.563,197,0.522,165,0.452,123,0.421,138,0.565,144,0.677,98,0.598,85,0.712
Region 20,Region 9,4,0.04,3,0.066,0,0,3,0.152,4,0.215,10,0.291,9,0.108,5,0.029,7,0.023,5,0.015,9,0.032,11,0.041,9,0.031,15,0.046,7,0.021,15,0.044,20,0.052,28,0.062,18,0.04,10,0.028,6,0.022,9,0.038,3,0.015,3,0.02,10,0.075,6,0.102,9,0.25,1,0.04,0,0,3,0.088,4,0.05,2,0.013,7,0.028,8,0.029,4,0.015,5,0.018,14,0.046,14,0.041,18,0.05,7,0.018,21,0.051,16,0.035,19,0.042,13,0.035,11,0.038,11,0.045,2,0.009,9,0.046,12,0.049,17,0.114,11,0.129,2,0.032,5,0.132,7,0.24,9,0.216,4,0.055,3,0.027,11,0.067,5,0.021,11,0.037,12,0.036,12,0.033,13,0.036,19,0.05,10,0.025,9,0.022,11,0.028,14,0.043,10,0.037,8,0.032,9,0.038,3,0.014,1,0.004,5,0.033,2,0.021,2,0.027,9,0.216,8,0.256,7,0.187,4,0.071,8,0.1,4,0.031,4,0.019,7,0.025,6,0.019,16,0.046,10,0.028,16,0.044,16,0.043,12,0.032,6,0.016,11,0.038,7,0.029,8,0.038,11,0.067,2,0.017
Region 20,Region 10,70,0.695,32,0.702,23,0.809,9,0.455,9,0.483,4,0.116,22,0.264,37,0.212,120,0.387,121,0.352,136,0.481,150,0.563,154,0.529,176,0.542,213,0.652,223,0.65,252,0.653,283,0.626,233,0.513,184,0.516,137,0.498,138,0.577,113,0.549,87,0.566,89,0.665,37,0.629,27,0.751,10,0.404,10,0.473,11,0.321,16,0.201,50,0.317,106,0.424,135,0.485,144,0.541,155,0.569,171,0.564,202,0.59,224,0.621,242,0.633,287,0.692,268,0.589,237,0.522,195,0.525,171,0.593,142,0.582,132,0.591,116,0.587,275,1.125,218,1.464,63,0.739,47,0.752,29,0.766,11,0.376,26,0.624,20,0.277,49,0.443,92,0.559,101,0.429,143,0.481,188,0.567,200,0.555,163,0.446,161,0.425,188,0.477,183,0.451,166,0.428,126,0.384,130,0.481,123,0.491,121,0.507,83,0.39,92,0.405,81,0.532,55,0.569,48,0.643,23,0.551,7,0.224,21,0.561,19,0.34,39,0.485,51,0.39,95,0.454,148,0.53,142,0.445,157,0.448,173,0.479,173,0.476,179,0.482,166,0.44,161,0.441,128,0.438,129,0.528,121,0.569,88,0.537,64,0.536
Region 20,Region 11,3,0.03,1,0.022,1,0.035,1,0.051,2,0.107,0,0,1,0.012,0,0,4,0.013,2,0.006,4,0.014,5,0.019,1,0.003,1,0.003,1,0.003,3,0.009,11,0.029,9,0.02,11,0.024,3,0.008,1,0.004,3,0.013,1,0.005,3,0.02,3,0.022,0,0,0,0,0,0,2,0.095,1,0.029,1,0.013,1,0.006,2,0.008,2,0.007,1,0.004,0,0,3,0.01,1,0.003,3,0.008,3,0.008,6,0.014,6,0.013,5,0.011,2,0.005,5,0.017,1,0.004,0,0,3,0.015,6,0.025,3,0.02,1,0.012,2,0.032,0,0,0,0,1,0.024,0,0,2,0.018,2,0.012,0,0,0,0,1,0.003,2,0.006,2,0.005,5,0.013,2,0.005,0,0,6,0.015,4,0.012,1,0.004,2,0.008,3,0.013,0,0,0,0,0,0,0,0,1,0.013,0,0,0,0,0,0,0,0,1,0.012,3,0.023,1,0.005,2,0.007,1,0.003,2,0.006,2,0.006,3,0.008,3,0.008,3,0.008,2,0.005,1,0.003,2,0.008,3,0.014,1,0.006,1,0.008
Region 20,Region 12,17,0.169,4,0.088,7,0.246,3,0.152,2,0.107,4,0.116,3,0.036,8,0.046,20,0.064,15,0.044,12,0.042,21,0.079,24,0.082,40,0.123,29,0.089,39,0.114,31,0.08,56,0.124,28,0.062,33,0.093,32,0.116,21,0.088,18,0.087,18,0.117,14,0.105,8,0.136,4,0.111,3,0.121,0,0,0,0,0,0,10,0.063,17,0.068,17,0.061,16,0.06,21,0.077,32,0.106,41,0.12,42,0.116,33,0.086,44,0.106,43,0.095,51,0.112,40,0.108,21,0.073,22,0.09,29,0.13,21,0.106,22,0.09,8,0.054,12,0.141,1,0.016,4,0.106,4,0.137,5,0.12,2,0.028,9,0.081,11,0.067,16,0.068,23,0.077,22,0.066,27,0.075,20,0.055,37,0.098,39,0.099,32,0.079,23,0.059,32,0.097,30,0.111,27,0.108,17,0.071,27,0.127,27,0.119,12,0.079,8,0.083,13,0.174,5,0.12,1,0.032,1,0.027,10,0.179,3,0.037,7,0.054,17,0.081,17,0.061,16,0.05,23,0.066,22,0.061,26,0.072,32,0.086,27,0.071,25,0.069,31,0.106,25,0.102,19,0.089,18,0.11,22,0.184
Region 20,Region 13,28,0.278,14,0.307,5,0.176,0,0,5,0.268,2,0.058,7,0.084,31,0.177,75,0.242,46,0.134,44,0.156,48,0.18,70,0.24,54,0.166,74,0.227,77,0.224,80,0.207,104,0.23,97,0.214,63,0.177,50,0.182,45,0.188,30,0.146,33,0.215,33,0.247,18,0.306,12,0.334,5,0.202,2,0.095,5,0.146,6,0.076,20,0.127,62,0.248,49,0.176,51,0.192,50,0.183,61,0.201,67,0.196,68,0.189,65,0.17,78,0.188,88,0.194,70,0.154,58,0.156,40,0.139,53,0.217,50,0.224,34,0.172,66,0.27,40,0.269,30,0.352,29,0.464,14,0.37,1,0.034,4,0.096,9,0.125,16,0.144,21,0.128,34,0.145,66,0.222,51,0.154,77,0.214,55,0.15,57,0.15,69,0.175,64,0.158,47,0.121,44,0.134,33,0.122,37,0.148,42,0.176,44,0.207,42,0.185,36,0.237,29,0.3,23,0.308,10,0.24,7,0.224,6,0.16,5,0.089,14,0.174,16,0.122,26,0.124,40,0.143,55,0.172,61,0.174,62,0.172,45,0.124,66,0.178,59,0.156,58,0.159,55,0.188,38,0.156,46,0.216,27,0.165,16,0.134
Region 20,Region 14,25,0.248,19,0.417,9,0.317,5,0.253,9,0.483,9,0.262,30,0.36,31,0.177,74,0.239,81,0.236,62,0.219,62,0.233,74,0.254,71,0.219,81,0.248,116,0.338,128,0.332,118,0.261,65,0.143,95,0.266,84,0.305,71,0.297,55,0.267,45,0.293,30,0.224,17,0.289,12,0.334,7,0.283,7,0.331,12,0.351,28,0.353,24,0.152,76,0.304,67,0.241,63,0.237,60,0.22,80,0.264,73,0.213,75,0.208,87,0.228,125,0.301,124,0.273,101,0.222,71,0.191,60,0.208,41,0.168,51,0.229,53,0.268,67,0.274,62,0.416,32,0.375,23,0.368,9,0.238,18,0.616,23,0.552,18,0.249,36,0.325,34,0.207,54,0.23,88,0.296,81,0.244,103,0.286,106,0.29,90,0.237,103,0.261,99,0.244,80,0.206,49,0.149,49,0.181,48,0.192,55,0.23,39,0.183,29,0.128,40,0.263,26,0.269,14,0.187,10,0.24,7,0.224,10,0.267,16,0.286,21,0.261,36,0.275,51,0.244,78,0.279,105,0.329,86,0.245,76,0.21,101,0.278,72,0.194,60,0.159,79,0.217,66,0.226,58,0.237,53,0.249,40,0.244,41,0.343
Region 20,Region 15,2,0.02,1,0.022,0,0,0,0,1,0.054,0,0,0,0,1,0.006,2,0.006,4,0.012,5,0.018,3,0.011,3,0.01,1,0.003,1,0.003,4,0.012,2,0.005,3,0.007,2,0.004,3,0.008,4,0.015,1,0.004,2,0.01,1,0.007,1,0.007,1,0.017,0,0,1,0.04,1,0.047,2,0.058,0,0,0,0,1,0.004,5,0.018,1,0.004,1,0.004,2,0.007,3,0.009,3,0.008,2,0.005,5,0.012,3,0.007,6,0.013,1,0.003,2,0.007,1,0.004,5,0.022,0,0,5,0.02,1,0.007,0,0,1,0.016,0,0,0,0,1,0.024,1,0.014,1,0.009,0,0,0,0,2,0.007,1,0.003,4,0.011,0,0,3,0.008,4,0.01,5,0.012,0,0,2,0.006,0,0,1,0.004,3,0.013,4,0.019,4,0.018,2,0.013,1,0.01,1,0.013,1,0.024,0,0,0,0,0,0,1,0.012,1,0.008,0,0,3,0.011,2,0.006,3,0.009,3,0.008,1,0.003,2,0.005,1,0.003,4,0.011,1,0.003,1,0.004,2,0.009,2,0.012,3,0.025
Region 20,Region 16,0,0,0,0,0,0,0,0,0,0,0,0,1,0.012,1,0.006,1,0.003,5,0.015,2,0.007,3,0.011,4,0.014,2,0.006,6,0.018,4,0.012,7,0.018,5,0.011,7,0.015,7,0.02,3,0.011,2,0.008,2,0.01,1,0.007,0,0,0,0,0,0,1,0.04,0,0,0,0,1,0.013,1,0.006,0,0,2,0.007,3,0.011,1,0.004,2,0.007,2,0.006,1,0.003,7,0.018,6,0.014,3,0.007,5,0.011,6,0.016,5,0.017,3,0.012,4,0.018,2,0.01,0,0,3,0.02,1,0.012,1,0.016,0,0,0,0,0,0,0,0,0,0,1,0.006,1,0.004,5,0.017,3,0.009,3,0.008,4,0.011,3,0.008,8,0.02,7,0.017,6,0.015,5,0.015,4,0.015,2,0.008,3,0.013,0,0,1,0.004,2,0.013,1,0.01,1,0.013,0,0,0,0,0,0,0,0,1,0.012,2,0.015,1,0.005,2,0.007,3,0.009,2,0.006,1,0.003,3,0.008,6,0.016,5,0.013,1,0.003,5,0.017,2,0.008,0,0,5,0.03,1,0.008
Region 20,Region 17,26,0.258,21,0.461,7,0.246,3,0.152,8,0.429,7,0.204,9,0.108,28,0.16,59,0.19,94,0.273,69,0.244,59,0.221,58,0.199,80,0.246,71,0.217,79,0.23,88,0.228,101,0.223,96,0.211,76,0.213,73,0.265,61,0.255,48,0.233,52,0.338,61,0.456,24,0.408,18,0.501,15,0.606,9,0.426,6,0.175,13,0.164,16,0.102,44,0.176,53,0.19,56,0.21,56,0.205,53,0.175,71,0.207,96,0.266,85,0.222,114,0.275,127,0.279,201,0.442,197,0.53,75,0.26,55,0.225,66,0.296,84,0.425,142,0.581,90,0.605,45,0.528,28,0.448,13,0.343,8,0.274,3,0.072,10,0.139,23,0.208,22,0.134,35,0.149,63,0.212,60,0.181,72,0.2,68,0.186,65,0.171,78,0.198,83,0.205,82,0.211,87,0.265,80,0.296,74,0.295,94,0.394,104,0.489,92,0.405,64,0.421,53,0.549,35,0.469,14,0.335,9,0.288,12,0.321,8,0.143,20,0.249,16,0.122,34,0.163,39,0.14,57,0.178,72,0.205,68,0.188,74,0.204,97,0.261,103,0.273,148,0.406,104,0.356,69,0.282,51,0.24,48,0.293,44,0.368
Region 20,Region 18,1,0.01,1,0.022,0,0,0,0,0,0,0,0,0,0,0,0,5,0.016,4,0.012,0,0,0,0,3,0.01,2,0.006,5,0.015,1,0.003,6,0.016,5,0.011,3,0.007,2,0.006,2,0.007,2,0.008,3,0.015,0,0,1,0.007,1,0.017,0,0,1,0.04,0,0,0,0,2,0.025,1,0.006,5,0.02,2,0.007,2,0.008,2,0.007,0,0,1,0.003,1,0.003,0,0,2,0.005,2,0.004,1,0.002,2,0.005,2,0.007,0,0,0,0,0,0,10,0.041,2,0.013,1,0.012,0,0,0,0,0,0,0,0,1,0.014,0,0,1,0.006,2,0.009,1,0.003,1,0.003,0,0,3,0.008,1,0.003,1,0.003,2,0.005,1,0.003,0,0,1,0.004,1,0.004,1,0.004,0,0,2,0.009,0,0,0,0,1,0.013,0,0,0,0,0,0,1,0.018,0,0,3,0.023,0,0,0,0,0,0,1,0.003,1,0.003,2,0.006,2,0.005,1,0.003,2,0.005,3,0.01,3,0.012,1,0.005,1,0.006,2,0.017
Region 20,Region 19,3,0.03,0,0,0,0,0,0,3,0.161,0,0,1,0.012,6,0.034,12,0.039,4,0.012,2,0.007,4,0.015,6,0.021,8,0.025,5,0.015,15,0.044,24,0.062,18,0.04,21,0.046,6,0.017,9,0.033,9,0.038,14,0.068,5,0.033,5,0.037,4,0.068,4,0.111,0,0,0,0,1,0.029,1,0.013,2,0.013,6,0.024,7,0.025,8,0.03,11,0.04,3,0.01,10,0.029,10,0.028,14,0.037,9,0.022,21,0.046,20,0.044,7,0.019,9,0.031,10,0.041,10,0.045,6,0.03,11,0.045,19,0.128,8,0.094,5,0.08,1,0.026,2,0.068,0,0,2,0.028,6,0.054,3,0.018,5,0.021,9,0.03,11,0.033,14,0.039,15,0.041,7,0.018,21,0.053,13,0.032,10,0.026,13,0.04,8,0.03,12,0.048,15,0.063,15,0.07,9,0.04,3,0.02,1,0.01,1,0.013,4,0.096,2,0.064,1,0.027,2,0.036,4,0.05,6,0.046,2,0.01,8,0.029,5,0.016,6,0.017,9,0.025,9,0.025,15,0.04,9,0.024,12,0.033,10,0.034,13,0.053,14,0.066,9,0.055,4,0.033
Region 20,Region 20,86,0.854,42,0.921,19,0.668,16,0.808,10,0.536,6,0.175,28,0.336,75,0.429,139,0.448,234,0.681,211,0.746,207,0.777,229,0.786,254,0.782,229,0.701,220,0.641,272,0.705,285,0.63,267,0.588,231,0.648,168,0.61,170,0.711,153,0.743,115,0.748,114,0.852,56,0.953,29,0.807,25,1.01,2,0.095,2,0.058,27,0.34,63,0.4,113,0.452,195,0.7,188,0.707,169,0.62,203,0.67,261,0.762,247,0.685,237,0.62,262,0.632,276,0.607,270,0.594,267,0.719,196,0.68,200,0.82,201,0.901,173,0.875,184,0.753,150,1.008,96,1.126,63,1.008,18,0.476,9,0.308,14,0.336,22,0.305,42,0.379,80,0.486,100,0.425,113,0.38,191,0.576,199,0.552,199,0.544,217,0.573,193,0.489,220,0.542,192,0.495,210,0.64,192,0.71,200,0.798,173,0.725,169,0.794,160,0.704,115,0.756,121,1.253,66,0.884,17,0.407,7,0.224,16,0.427,18,0.322,39,0.485,48,0.367,80,0.383,85,0.304,138,0.432,163,0.465,184,0.509,180,0.495,155,0.418,156,0.413,191,0.524,184,0.629,142,0.581,132,0.621,135,0.823,90,0.754
Region 20,Region 21,2,0.02,1,0.022,0,0,0,0,0,0,0,0,0,0,3,0.017,3,0.01,5,0.015,4,0.014,4,0.015,8,0.027,5,0.015,5,0.015,6,0.017,9,0.023,15,0.033,13,0.029,7,0.02,7,0.025,6,0.025,10,0.049,4,0.026,0,0,0,0,1,0.028,0,0,0,0,1,0.029,0,0,1,0.006,6,0.024,5,0.018,2,0.008,4,0.015,4,0.013,8,0.023,7,0.019,11,0.029,7,0.017,11,0.024,8,0.018,12,0.032,6,0.021,6,0.025,3,0.013,6,0.03,5,0.02,4,0.027,3,0.035,2,0.032,3,0.079,0,0,0,0,0,0,1,0.009,3,0.018,5,0.021,5,0.017,5,0.015,12,0.033,4,0.011,9,0.024,4,0.01,8,0.02,3,0.008,8,0.024,5,0.018,4,0.016,5,0.021,7,0.033,3,0.013,2,0.013,5,0.052,2,0.027,2,0.048,2,0.064,0,0,0,0,1,0.012,3,0.023,2,0.01,5,0.018,10,0.031,6,0.017,4,0.011,6,0.017,6,0.016,9,0.024,11,0.03,8,0.027,3,0.012,8,0.038,9,0.055,4,0.033
Region 20,Region 22,5,0.05,2,0.044,1,0.035,0,0,1,0.054,0,0,0,0,0,0,5,0.016,4,0.012,3,0.011,4,0.015,7,0.024,10,0.031,7,0.021,8,0.023,9,0.023,16,0.035,20,0.044,11,0.031,7,0.025,6,0.025,2,0.01,5,0.033,7,0.052,2,0.034,2,0.056,0,0,1,0.047,0,0,0,0,0,0,4,0.016,4,0.014,5,0.019,9,0.033,5,0.016,7,0.02,9,0.025,8,0.021,10,0.024,9,0.02,8,0.018,7,0.019,4,0.014,8,0.033,2,0.009,5,0.025,8,0.033,3,0.02,4,0.047,0,0,1,0.026,0,0,1,0.024,0,0,1,0.009,2,0.012,4,0.017,4,0.013,7,0.021,6,0.017,7,0.019,4,0.011,7,0.018,16,0.039,5,0.013,7,0.021,11,0.041,7,0.028,3,0.013,6,0.028,4,0.018,2,0.013,3,0.031,1,0.013,0,0,0,0,0,0,0,0,0,0,2,0.015,3,0.014,3,0.011,6,0.019,5,0.014,4,0.011,7,0.019,9,0.024,6,0.016,11,0.03,5,0.017,9,0.037,3,0.014,1,0.006,1,0.008
Region 20,Region 23,14,0.139,3,0.066,3,0.106,3,0.152,2,0.107,2,0.058,10,0.12,12,0.069,40,0.129,22,0.064,25,0.088,29,0.109,37,0.127,34,0.105,45,0.138,49,0.143,65,0.169,60,0.133,35,0.077,30,0.084,33,0.12,29,0.121,20,0.097,23,0.15,16,0.12,5,0.085,3,0.083,5,0.202,1,0.047,2,0.058,2,0.025,18,0.114,28,0.112,23,0.083,26,0.098,18,0.066,24,0.079,70,0.204,27,0.075,48,0.126,51,0.123,55,0.121,46,0.101,29,0.078,32,0.111,28,0.115,23,0.103,20,0.101,49,0.2,32,0.215,14,0.164,11,0.176,5,0.132,1,0.034,6,0.144,6,0.083,18,0.163,14,0.085,18,0.077,16,0.054,25,0.075,30,0.083,20,0.055,28,0.074,37,0.094,30,0.074,29,0.075,22,0.067,37,0.137,24,0.096,20,0.084,31,0.146,31,0.136,17,0.112,20,0.207,10,0.134,6,0.144,4,0.128,4,0.107,4,0.071,20,0.249,13,0.099,18,0.086,29,0.104,28,0.088,24,0.068,28,0.077,20,0.055,34,0.092,26,0.069,29,0.08,27,0.092,24,0.098,19,0.089,16,0.098,9,0.075
Region 20,Region 24,3,0.03,0,0,1,0.035,0,0,0,0,0,0,0,0,1,0.006,2,0.006,3,0.009,0,0,2,0.008,5,0.017,12,0.037,5,0.015,3,0.009,7,0.018,21,0.046,8,0.018,3,0.008,6,0.022,2,0.008,3,0.015,4,0.026,2,0.015,1,0.017,3,0.083,0,0,0,0,0,0,1,0.013,1,0.006,2,0.008,1,0.004,7,0.026,3,0.011,5,0.016,5,0.015,6,0.017,2,0.005,9,0.022,3,0.007,6,0.013,5,0.013,7,0.024,5,0.02,3,0.013,2,0.01,3,0.012,1,0.007,2,0.023,2,0.032,0,0,0,0,0,0,2,0.028,2,0.018,1,0.006,3,0.013,8,0.027,5,0.015,5,0.014,5,0.014,6,0.016,10,0.025,9,0.022,2,0.005,6,0.018,2,0.007,1,0.004,4,0.017,4,0.019,5,0.022,3,0.02,5,0.052,0,0,0,0,0,0,0,0,1,0.018,4,0.05,2,0.015,0,0,1,0.004,8,0.025,7,0.02,6,0.017,9,0.025,3,0.008,5,0.013,0,0,10,0.034,2,0.008,2,0.009,1,0.006,3,0.025
Region 20,Region 25,1,0.01,1,0.022,0,0,0,0,1,0.054,0,0,2,0.024,0,0,4,0.013,3,0.009,0,0,5,0.019,5,0.017,7,0.022,9,0.028,8,0.023,4,0.01,10,0.022,10,0.022,9,0.025,5,0.018,1,0.004,4,0.019,5,0.033,1,0.007,3,0.051,1,0.028,2,0.081,1,0.047,0,0,0,0,2,0.013,4,0.016,1,0.004,4,0.015,1,0.004,6,0.02,4,0.012,3,0.008,6,0.016,6,0.014,7,0.015,5,0.011,9,0.024,4,0.014,1,0.004,5,0.022,3,0.015,5,0.02,7,0.047,2,0.023,0,0,0,0,0,0,0,0,1,0.014,1,0.009,1,0.006,3,0.013,2,0.007,3,0.009,2,0.006,1,0.003,3,0.008,5,0.013,6,0.015,3,0.008,3,0.009,3,0.011,4,0.016,7,0.029,1,0.005,1,0.004,2,0.013,3,0.031,1,0.013,1,0.024,0,0,2,0.053,0,0,2,0.025,0,0,1,0.005,3,0.011,4,0.013,8,0.023,4,0.011,5,0.014,3,0.008,7,0.019,1,0.003,6,0.021,4,0.016,3,0.014,4,0.024,2,0.017
Region 21,Region 0,1,0.01,1,0.022,0,0,0,0,0,0,0,0,1,0.012,4,0.023,9,0.029,16,0.047,6,0.021,8,0.03,5,0.017,9,0.028,8,0.024,7,0.02,8,0.021,17,0.038,15,0.033,12,0.034,2,0.007,6,0.025,6,0.029,1,0.007,1,0.007,1,0.017,0,0,0,0,0,0,0,0,0,0,5,0.032,2,0.008,12,0.043,4,0.015,5,0.018,9,0.03,7,0.02,11,0.031,10,0.026,12,0.029,8,0.018,10,0.022,10,0.027,4,0.014,6,0.025,10,0.045,4,0.02,1,0.004,1,0.007,1,0.012,1,0.016,0,0,0,0,0,0,0,0,3,0.027,0,0,5,0.021,10,0.034,2,0.006,8,0.022,9,0.025,7,0.018,6,0.015,9,0.022,7,0.018,2,0.006,4,0.015,4,0.016,4,0.017,4,0.019,2,0.009,0,0,0,0,0,0,1,0.024,1,0.032,0,0,1,0.018,3,0.037,1,0.008,4,0.019,11,0.039,9,0.028,18,0.051,10,0.028,11,0.03,9,0.024,9,0.024,8,0.022,4,0.014,2,0.008,8,0.038,4,0.024,0,0
Region 21,Region 1,2,0.02,0,0,1,0.035,0,0,0,0,1,0.029,0,0,2,0.011,5,0.016,11,0.032,5,0.018,5,0.019,6,0.021,6,0.018,5,0.015,11,0.032,8,0.021,11,0.024,21,0.046,22,0.062,7,0.025,16,0.067,11,0.053,7,0.046,2,0.015,1,0.017,0,0,0,0,0,0,0,0,3,0.038,6,0.038,1,0.004,8,0.029,8,0.03,5,0.018,14,0.046,10,0.029,11,0.031,4,0.01,7,0.017,13,0.029,18,0.04,20,0.054,16,0.055,17,0.07,11,0.049,18,0.091,7,0.029,5,0.034,0,0,3,0.048,0,0,1,0.034,0,0,1,0.014,2,0.018,6,0.036,8,0.034,8,0.027,11,0.033,16,0.044,12,0.033,8,0.021,16,0.041,17,0.042,21,0.054,16,0.049,16,0.059,15,0.06,7,0.029,9,0.042,8,0.035,4,0.026,2,0.021,0,0,2,0.048,1,0.032,1,0.027,2,0.036,2,0.025,3,0.023,6,0.029,20,0.072,10,0.031,6,0.017,7,0.019,11,0.03,14,0.038,9,0.024,15,0.041,10,0.034,14,0.057,10,0.047,8,0.049,4,0.033
Region 21,Region 2,2,0.02,3,0.066,0,0,0,0,1,0.054,1,0.029,1,0.012,1,0.006,7,0.023,13,0.038,8,0.028,13,0.049,7,0.024,9,0.028,13,0.04,5,0.015,5,0.013,2,0.004,15,0.033,10,0.028,1,0.004,5,0.021,3,0.015,1,0.007,1,0.007,0,0,0,0,0,0,1,0.047,0,0,2,0.025,4,0.025,8,0.032,4,0.014,9,0.034,4,0.015,6,0.02,3,0.009,3,0.008,7,0.018,8,0.019,11,0.024,4,0.009,7,0.019,5,0.017,8,0.033,5,0.022,8,0.04,3,0.012,3,0.02,2,0.023,0,0,0,0,1,0.034,0,0,2,0.028,1,0.009,3,0.018,8,0.034,9,0.03,9,0.027,5,0.014,9,0.025,3,0.008,11,0.028,19,0.047,29,0.075,14,0.043,4,0.015,8,0.032,7,0.029,5,0.023,11,0.048,3,0.02,0,0,1,0.013,1,0.024,0,0,0,0,2,0.036,4,0.05,6,0.046,7,0.033,10,0.036,8,0.025,9,0.026,12,0.033,4,0.011,7,0.019,8,0.021,7,0.019,8,0.027,11,0.045,7,0.033,4,0.024,4,0.033
Region 21,Region 3,3,0.03,1,0.022,1,0.035,1,0.051,0,0,1,0.029,0,0,5,0.029,4,0.013,9,0.026,11,0.039,14,0.053,9,0.031,17,0.052,18,0.055,10,0.029,17,0.044,20,0.044,24,0.053,14,0.039,14,0.051,15,0.063,12,0.058,9,0.059,5,0.037,0,0,1,0.028,1,0.04,0,0,1,0.029,1,0.013,4,0.025,3,0.012,8,0.029,9,0.034,12,0.044,17,0.056,17,0.05,8,0.022,23,0.06,16,0.039,24,0.053,23,0.051,15,0.04,21,0.073,13,0.053,12,0.054,4,0.02,7,0.029,5,0.034,0,0,2,0.032,3,0.079,0,0,1,0.024,0,0,4,0.036,7,0.043,6,0.026,12,0.04,16,0.048,16,0.044,25,0.068,11,0.029,16,0.041,24,0.059,20,0.052,15,0.046,9,0.033,11,0.044,14,0.059,14,0.066,4,0.018,6,0.039,2,0.021,3,0.04,0,0,0,0,0,0,2,0.036,1,0.012,10,0.076,10,0.048,17,0.061,27,0.085,24,0.068,15,0.041,15,0.041,15,0.04,24,0.064,18,0.049,11,0.038,10,0.041,9,0.042,5,0.03,7,0.059
Region 21,Region 4,7,0.069,2,0.044,2,0.07,1,0.051,2,0.107,0,0,0,0,4,0.023,8,0.026,27,0.079,16,0.057,24,0.09,16,0.055,19,0.058,17,0.052,20,0.058,24,0.062,15,0.033,30,0.066,35,0.098,10,0.036,16,0.067,17,0.083,8,0.052,10,0.075,5,0.085,2,0.056,0,0,0,0,1,0.029,1,0.013,4,0.025,11,0.044,10,0.036,19,0.071,11,0.04,22,0.073,28,0.082,20,0.055,24,0.063,20,0.048,31,0.068,65,0.143,32,0.086,16,0.055,23,0.094,15,0.067,11,0.056,17,0.07,6,0.04,6,0.07,3,0.048,1,0.026,3,0.103,0,0,4,0.055,8,0.072,11,0.067,16,0.068,29,0.097,20,0.06,28,0.078,33,0.09,19,0.05,25,0.063,25,0.062,22,0.057,22,0.067,23,0.085,20,0.08,17,0.071,11,0.052,13,0.057,10,0.066,3,0.031,5,0.067,1,0.024,2,0.064,2,0.053,0,0,5,0.062,8,0.061,20,0.096,23,0.082,26,0.081,23,0.066,22,0.061,14,0.039,26,0.07,24,0.064,11,0.03,19,0.065,14,0.057,16,0.075,10,0.061,6,0.05
Region 21,Region 5,15,0.149,4,0.088,3,0.106,2,0.101,1,0.054,9,0.262,18,0.216,29,0.166,43,0.139,42,0.122,62,0.219,56,0.21,47,0.161,47,0.145,45,0.138,40,0.117,32,0.083,30,0.066,38,0.084,35,0.098,36,0.131,43,0.18,37,0.18,14,0.091,17,0.127,6,0.102,2,0.056,2,0.081,4,0.189,5,0.146,11,0.138,26,0.165,35,0.14,39,0.14,41,0.154,30,0.11,52,0.172,44,0.128,33,0.092,36,0.094,34,0.082,27,0.059,39,0.086,39,0.105,39,0.135,38,0.156,22,0.099,27,0.137,29,0.119,15,0.101,8,0.094,0,0,3,0.079,4,0.137,3,0.072,11,0.152,7,0.063,39,0.237,45,0.191,52,0.175,69,0.208,60,0.166,47,0.128,59,0.156,54,0.137,46,0.113,36,0.093,41,0.125,44,0.163,29,0.116,33,0.138,25,0.117,19,0.084,10,0.066,11,0.114,3,0.04,4,0.096,3,0.096,2,0.053,5,0.089,16,0.199,32,0.245,36,0.172,48,0.172,59,0.185,61,0.174,70,0.194,46,0.127,37,0.1,31,0.082,27,0.074,28,0.096,28,0.115,28,0.132,25,0.152,17,0.142
Region 21,Region 6,1,0.01,0,0,0,0,0,0,0,0,2,0.058,0,0,0,0,1,0.003,3,0.009,3,0.011,3,0.011,5,0.017,4,0.012,2,0.006,1,0.003,3,0.008,3,0.007,6,0.013,6,0.017,2,0.007,3,0.013,2,0.01,1,0.007,0,0,0,0,0,0,0,0,0,0,0,0,0,0,0,0,3,0.012,0,0,5,0.019,1,0.004,3,0.01,4,0.012,3,0.008,2,0.005,7,0.017,6,0.013,6,0.013,6,0.016,2,0.007,4,0.016,5,0.022,1,0.005,0,0,3,0.02,0,0,0,0,1,0.026,0,0,0,0,0,0,1,0.009,5,0.03,3,0.013,2,0.007,6,0.018,2,0.006,5,0.014,8,0.021,10,0.025,6,0.015,6,0.015,5,0.015,3,0.011,1,0.004,2,0.008,2,0.009,0,0,3,0.02,0,0,1,0.013,0,0,0,0,0,0,2,0.036,1,0.012,1,0.008,5,0.024,4,0.014,4,0.013,4,0.011,5,0.014,2,0.006,3,0.008,3,0.008,4,0.011,6,0.021,11,0.045,4,0.019,2,0.012,1,0.008
Region 21,Region 7,21,0.208,5,0.11,5,0.176,4,0.202,1,0.054,2,0.058,5,0.06,10,0.057,35,0.113,59,0.172,42,0.149,42,0.158,41,0.141,41,0.126,43,0.132,39,0.114,73,0.189,76,0.168,82,0.181,66,0.185,37,0.134,32,0.134,24,0.117,31,0.202,17,0.127,15,0.255,4,0.111,1,0.04,2,0.095,5,0.146,8,0.101,14,0.089,24,0.096,29,0.104,34,0.128,40,0.147,46,0.152,62,0.181,65,0.18,54,0.141,68,0.164,44,0.097,61,0.134,50,0.135,50,0.173,41,0.168,25,0.112,29,0.147,28,0.115,13,0.087,11,0.129,10,0.16,8,0.211,4,0.137,1,0.024,7,0.097,13,0.117,18,0.109,32,0.136,44,0.148,48,0.145,44,0.122,59,0.161,63,0.166,36,0.091,52,0.128,49,0.126,47,0.143,38,0.14,33,0.132,26,0.109,32,0.15,29,0.128,20,0.131,10,0.104,8,0.107,2,0.048,2,0.064,7,0.187,6,0.107,13,0.162,11,0.084,33,0.158,31,0.111,46,0.144,47,0.134,47,0.13,46,0.127,51,0.137,47,0.124,42,0.115,45,0.154,57,0.233,38,0.179,25,0.152,19,0.159
Region 21,Region 8,9,0.089,1,0.022,3,0.106,2,0.101,0,0,2,0.058,4,0.048,14,0.08,25,0.081,34,0.099,26,0.092,33,0.124,31,0.106,42,0.129,26,0.08,20,0.058,29,0.075,24,0.053,38,0.084,36,0.101,15,0.054,22,0.092,27,0.131,15,0.098,12,0.09,6,0.102,0,0,0,0,2,0.095,1,0.029,4,0.05,14,0.089,22,0.088,28,0.101,29,0.109,37,0.136,31,0.102,36,0.105,38,0.105,26,0.068,24,0.058,23,0.051,22,0.048,36,0.097,16,0.055,19,0.078,12,0.054,12,0.061,15,0.061,3,0.02,3,0.035,2,0.032,0,0,1,0.034,3,0.072,6,0.083,14,0.126,15,0.091,30,0.128,41,0.138,55,0.166,41,0.114,39,0.107,37,0.098,30,0.076,43,0.106,32,0.082,36,0.11,39,0.144,18,0.072,21,0.088,20,0.094,11,0.048,2,0.013,1,0.01,7,0.094,1,0.024,1,0.032,0,0,2,0.036,5,0.062,16,0.122,22,0.105,39,0.14,24,0.075,42,0.12,36,0.1,41,0.113,36,0.097,28,0.074,31,0.085,28,0.096,21,0.086,12,0.056,6,0.037,7,0.059
Region 21,Region 9,4,0.04,0,0,0,0,0,0,0,0,0,0,0,0,1,0.006,4,0.013,2,0.006,9,0.032,8,0.03,8,0.027,3,0.009,6,0.018,11,0.032,9,0.023,9,0.02,15,0.033,9,0.025,6,0.022,10,0.042,5,0.024,5,0.033,2,0.015,0,0,0,0,0,0,1,0.047,0,0,3,0.038,2,0.013,3,0.012,8,0.029,9,0.034,7,0.026,7,0.023,8,0.023,15,0.042,5,0.013,11,0.027,13,0.029,13,0.029,25,0.067,11,0.038,7,0.029,5,0.022,5,0.025,1,0.004,0,0,2,0.023,0,0,0,0,0,0,2,0.048,0,0,3,0.027,3,0.018,8,0.034,15,0.05,13,0.039,20,0.055,14,0.038,13,0.034,6,0.015,14,0.035,7,0.018,7,0.021,6,0.022,4,0.016,7,0.029,3,0.014,3,0.013,1,0.007,2,0.021,0,0,0,0,0,0,3,0.08,0,0,3,0.037,7,0.054,7,0.033,6,0.021,19,0.059,14,0.04,14,0.039,13,0.036,16,0.043,8,0.021,17,0.047,8,0.027,10,0.041,2,0.009,7,0.043,1,0.008
Region 21,Region 10,11,0.109,3,0.066,2,0.07,1,0.051,0,0,3,0.087,2,0.024,23,0.132,38,0.123,35,0.102,40,0.141,22,0.083,35,0.12,30,0.092,32,0.098,44,0.128,35,0.091,43,0.095,44,0.097,28,0.078,31,0.113,30,0.125,27,0.131,17,0.111,10,0.075,5,0.085,3,0.083,2,0.081,2,0.095,6,0.175,9,0.113,13,0.082,34,0.136,25,0.09,27,0.101,34,0.125,28,0.092,47,0.137,48,0.133,40,0.105,37,0.089,42,0.092,37,0.081,20,0.054,39,0.135,33,0.135,19,0.085,16,0.081,20,0.082,7,0.047,9,0.106,4,0.064,0,0,0,0,3,0.072,8,0.111,9,0.081,29,0.176,35,0.149,30,0.101,53,0.16,40,0.111,40,0.109,41,0.108,49,0.124,40,0.099,34,0.088,24,0.073,29,0.107,22,0.088,28,0.117,29,0.136,16,0.07,7,0.046,4,0.041,5,0.067,2,0.048,0,0,3,0.08,8,0.143,12,0.149,10,0.076,16,0.077,50,0.179,42,0.131,32,0.091,34,0.094,33,0.091,34,0.092,22,0.058,41,0.112,35,0.12,48,0.196,19,0.089,17,0.104,13,0.109
Region 21,Region 11,2,0.02,1,0.022,0,0,1,0.051,0,0,0,0,0,0,2,0.011,1,0.003,2,0.006,0,0,0,0,1,0.003,1,0.003,2,0.006,2,0.006,0,0,2,0.004,2,0.004,2,0.006,1,0.004,1,0.004,3,0.015,0,0,1,0.007,0,0,0,0,0,0,1,0.047,0,0,2,0.025,3,0.019,1,0.004,0,0,0,0,1,0.004,0,0,2,0.006,1,0.003,2,0.005,2,0.005,3,0.007,2,0.004,1,0.003,1,0.003,0,0,1,0.004,1,0.005,2,0.008,1,0.007,0,0,0,0,1,0.026,0,0,2,0.048,0,0,1,0.009,0,0,1,0.004,0,0,1,0.003,1,0.003,2,0.005,2,0.005,2,0.005,1,0.002,0,0,0,0,1,0.004,2,0.008,1,0.004,0,0,3,0.013,2,0.013,0,0,0,0,0,0,1,0.032,1,0.027,0,0,0,0,0,0,0,0,2,0.007,1,0.003,4,0.011,0,0,0,0,1,0.003,0,0,0,0,1,0.003,2,0.008,3,0.014,5,0.03,1,0.008
Region 21,Region 12,1,0.01,0,0,1,0.035,0,0,0,0,2,0.058,0,0,0,0,3,0.01,7,0.02,10,0.035,8,0.03,10,0.034,7,0.022,14,0.043,12,0.035,10,0.026,11,0.024,10,0.022,9,0.025,8,0.029,7,0.029,5,0.024,2,0.013,2,0.015,1,0.017,1,0.028,1,0.04,0,0,0,0,2,0.025,4,0.025,3,0.012,9,0.032,7,0.026,7,0.026,5,0.016,10,0.029,8,0.022,9,0.024,8,0.019,9,0.02,11,0.024,15,0.04,5,0.017,10,0.041,15,0.067,5,0.025,3,0.012,1,0.007,1,0.012,2,0.032,0,0,0,0,0,0,3,0.042,2,0.018,4,0.024,7,0.03,5,0.017,9,0.027,9,0.025,10,0.027,7,0.018,9,0.023,14,0.035,16,0.041,8,0.024,4,0.015,5,0.02,4,0.017,6,0.028,1,0.004,3,0.02,6,0.062,1,0.013,0,0,2,0.064,0,0,2,0.036,0,0,2,0.015,6,0.029,11,0.039,8,0.025,14,0.04,4,0.011,6,0.017,3,0.008,9,0.024,12,0.033,8,0.027,11,0.045,4,0.019,5,0.03,0,0
Region 21,Region 13,4,0.04,2,0.044,3,0.106,1,0.051,0,0,2,0.058,6,0.072,12,0.069,35,0.113,33,0.096,21,0.074,11,0.041,21,0.072,28,0.086,25,0.077,27,0.079,24,0.062,28,0.062,24,0.053,31,0.087,26,0.094,11,0.046,18,0.087,12,0.078,7,0.052,5,0.085,1,0.028,1,0.04,1,0.047,2,0.058,5,0.063,15,0.095,32,0.128,23,0.083,31,0.117,19,0.07,31,0.102,28,0.082,33,0.092,23,0.06,33,0.08,35,0.077,36,0.079,38,0.102,26,0.09,25,0.102,12,0.054,14,0.071,10,0.041,8,0.054,2,0.023,0,0,2,0.053,1,0.034,0,0,8,0.111,2,0.018,10,0.061,24,0.102,24,0.081,42,0.127,30,0.083,35,0.096,44,0.116,38,0.096,21,0.052,31,0.08,19,0.058,23,0.085,17,0.068,10,0.042,13,0.061,14,0.062,7,0.046,4,0.041,2,0.027,1,0.024,1,0.032,3,0.08,4,0.071,5,0.062,14,0.107,24,0.115,24,0.086,45,0.141,42,0.12,44,0.122,27,0.074,41,0.11,24,0.064,20,0.055,18,0.062,19,0.078,20,0.094,8,0.049,6,0.05
Region 21,Region 14,57,0.566,17,0.373,12,0.422,10,0.505,5,0.268,26,0.757,59,0.708,97,0.555,145,0.468,192,0.558,168,0.594,168,0.631,163,0.56,179,0.551,160,0.49,157,0.458,174,0.451,219,0.484,267,0.588,181,0.507,132,0.479,142,0.594,101,0.491,89,0.579,88,0.658,24,0.408,12,0.334,14,0.566,9,0.426,24,0.701,52,0.655,78,0.495,103,0.412,153,0.549,171,0.643,180,0.66,179,0.59,168,0.491,186,0.516,171,0.447,204,0.492,220,0.484,201,0.442,161,0.433,152,0.527,119,0.488,105,0.47,101,0.511,142,0.581,79,0.531,26,0.305,30,0.48,22,0.581,8,0.274,47,1.129,44,0.61,60,0.542,106,0.645,148,0.629,197,0.662,188,0.567,221,0.613,167,0.456,202,0.533,202,0.512,205,0.505,181,0.466,154,0.469,144,0.532,118,0.471,138,0.578,95,0.446,97,0.427,85,0.559,46,0.476,33,0.442,31,0.743,33,1.056,27,0.721,30,0.536,56,0.697,85,0.65,128,0.612,173,0.619,209,0.654,267,0.761,253,0.7,235,0.646,175,0.472,192,0.508,170,0.466,130,0.444,122,0.499,114,0.536,101,0.616,54,0.452
Region 21,Region 15,1,0.01,0,0,0,0,0,0,0,0,0,0,0,0,0,0,4,0.013,1,0.003,0,0,1,0.004,1,0.003,2,0.006,2,0.006,0,0,1,0.003,2,0.004,1,0.002,1,0.003,0,0,0,0,0,0,1,0.007,1,0.007,0,0,0,0,0,0,0,0,0,0,0,0,1,0.006,4,0.016,2,0.007,2,0.008,0,0,0,0,1,0.003,1,0.003,1,0.003,1,0.002,1,0.002,1,0.002,0,0,1,0.003,0,0,1,0.004,0,0,4,0.016,0,0,0,0,1,0.016,0,0,0,0,0,0,0,0,0,0,1,0.006,2,0.009,1,0.003,1,0.003,1,0.003,0,0,0,0,0,0,0,0,1,0.003,1,0.003,0,0,0,0,0,0,1,0.005,1,0.004,0,0,0,0,2,0.027,1,0.024,1,0.032,0,0,1,0.018,3,0.037,2,0.015,0,0,3,0.011,3,0.009,0,0,1,0.003,0,0,1,0.003,1,0.003,2,0.005,0,0,1,0.004,1,0.005,0,0,1,0.008
Region 21,Region 16,5,0.05,1,0.022,0,0,1,0.051,0,0,0,0,1,0.012,8,0.046,12,0.039,23,0.067,20,0.071,23,0.086,20,0.069,22,0.068,17,0.052,25,0.073,25,0.065,21,0.046,46,0.101,31,0.087,15,0.054,15,0.063,12,0.058,12,0.078,6,0.045,0,0,0,0,0,0,0,0,1,0.029,5,0.063,5,0.032,15,0.06,26,0.093,22,0.083,21,0.077,29,0.096,27,0.079,23,0.064,22,0.058,25,0.06,37,0.081,27,0.059,33,0.089,17,0.059,11,0.045,12,0.054,5,0.025,15,0.061,3,0.02,1,0.012,0,0,0,0,0,0,2,0.048,4,0.055,8,0.072,7,0.043,15,0.064,19,0.064,27,0.081,17,0.047,28,0.077,28,0.074,29,0.074,24,0.059,30,0.077,18,0.055,23,0.085,20,0.08,11,0.046,7,0.033,10,0.044,3,0.02,6,0.062,0,0,1,0.024,2,0.064,0,0,1,0.018,5,0.062,9,0.069,21,0.1,30,0.107,33,0.103,40,0.114,27,0.075,29,0.08,24,0.065,24,0.064,18,0.049,22,0.075,20,0.082,6,0.028,9,0.055,2,0.017
Region 21,Region 17,8,0.079,4,0.088,3,0.106,2,0.101,0,0,1,0.029,5,0.06,12,0.069,41,0.132,88,0.256,59,0.209,26,0.098,24,0.082,20,0.062,40,0.122,24,0.07,28,0.073,25,0.055,50,0.11,53,0.149,37,0.134,12,0.05,21,0.102,16,0.104,21,0.157,5,0.085,4,0.111,2,0.081,1,0.047,5,0.146,6,0.076,14,0.089,34,0.136,36,0.129,28,0.105,37,0.136,30,0.099,38,0.111,32,0.089,40,0.105,52,0.125,58,0.128,130,0.286,69,0.186,67,0.232,28,0.115,21,0.094,26,0.132,50,0.205,19,0.128,12,0.141,6,0.096,2,0.053,2,0.068,2,0.048,8,0.111,10,0.09,16,0.097,16,0.068,23,0.077,23,0.069,28,0.078,19,0.052,28,0.074,40,0.101,38,0.094,56,0.144,43,0.131,32,0.118,15,0.06,37,0.155,31,0.146,26,0.114,15,0.099,10,0.104,6,0.08,8,0.192,2,0.064,5,0.134,4,0.071,8,0.1,9,0.069,15,0.072,19,0.068,24,0.075,32,0.091,30,0.083,32,0.088,32,0.086,48,0.127,59,0.162,36,0.123,69,0.282,13,0.061,10,0.061,12,0.1
Region 21,Region 18,0,0,0,0,0,0,0,0,0,0,0,0,0,0,2,0.011,1,0.003,3,0.009,1,0.004,1,0.004,1,0.003,1,0.003,3,0.009,0,0,2,0.005,1,0.002,5,0.011,1,0.003,1,0.004,1,0.004,1,0.005,0,0,1,0.007,1,0.017,0,0,0,0,0,0,0,0,0,0,2,0.013,0,0,1,0.004,0,0,0,0,0,0,0,0,0,0,2,0.005,1,0.002,1,0.002,2,0.004,0,0,0,0,3,0.012,1,0.004,0,0,2,0.008,1,0.007,0,0,0,0,0,0,0,0,0,0,1,0.014,0,0,1,0.006,2,0.009,0,0,1,0.003,2,0.006,1,0.003,1,0.003,0,0,1,0.002,1,0.003,1,0.003,1,0.004,2,0.008,2,0.008,0,0,0,0,0,0,0,0,0,0,0,0,0,0,1,0.027,0,0,0,0,2,0.015,0,0,0,0,1,0.003,0,0,0,0,2,0.006,0,0,0,0,3,0.008,1,0.003,4,0.016,3,0.014,0,0,1,0.008
Region 21,Region 19,1,0.01,1,0.022,0,0,0,0,0,0,0,0,0,0,0,0,1,0.003,2,0.006,0,0,0,0,1,0.003,1,0.003,1,0.003,4,0.012,4,0.01,2,0.004,2,0.004,1,0.003,4,0.015,1,0.004,0,0,2,0.013,1,0.007,0,0,0,0,0,0,0,0,0,0,0,0,1,0.006,0,0,0,0,0,0,2,0.007,0,0,0,0,2,0.006,1,0.003,1,0.002,1,0.002,0,0,2,0.005,1,0.003,2,0.008,2,0.009,2,0.01,1,0.004,2,0.013,0,0,0,0,0,0,0,0,0,0,0,0,1,0.009,1,0.006,1,0.004,2,0.007,2,0.006,3,0.008,1,0.003,0,0,5,0.013,2,0.005,2,0.005,1,0.003,0,0,3,0.012,0,0,2,0.009,1,0.004,3,0.02,0,0,0,0,0,0,0,0,0,0,0,0,0,0,0,0,0,0,1,0.004,0,0,0,0,0,0,2,0.006,1,0.003,3,0.008,5,0.014,4,0.014,1,0.004,0,0,2,0.012,0,0
Region 21,Region 20,4,0.04,2,0.044,1,0.035,1,0.051,1,0.054,1,0.029,3,0.036,11,0.063,14,0.045,7,0.02,19,0.067,11,0.041,7,0.024,9,0.028,4,0.012,6,0.017,5,0.013,4,0.009,18,0.04,9,0.025,8,0.029,9,0.038,7,0.034,5,0.033,6,0.045,1,0.017,1,0.028,0,0,1,0.047,0,0,2,0.025,7,0.044,8,0.032,10,0.036,10,0.038,10,0.037,12,0.04,10,0.029,8,0.022,9,0.024,10,0.024,9,0.02,7,0.015,11,0.03,10,0.035,6,0.025,7,0.031,12,0.061,6,0.025,3,0.02,0,0,2,0.032,1,0.026,1,0.034,2,0.048,4,0.055,7,0.063,5,0.03,7,0.03,5,0.017,4,0.012,14,0.039,17,0.046,8,0.021,11,0.028,11,0.027,10,0.026,8,0.024,6,0.022,17,0.068,10,0.042,4,0.019,3,0.013,3,0.02,1,0.01,0,0,3,0.072,1,0.032,0,0,1,0.018,3,0.037,4,0.031,7,0.033,8,0.029,5,0.016,6,0.017,11,0.03,9,0.025,12,0.032,9,0.024,14,0.038,12,0.041,17,0.07,5,0.024,2,0.012,2,0.017
Region 21,Region 21,22,0.218,8,0.175,4,0.141,3,0.152,4,0.215,2,0.058,5,0.06,18,0.103,34,0.11,72,0.209,71,0.251,64,0.24,60,0.206,81,0.249,74,0.227,60,0.175,65,0.169,91,0.201,107,0.236,74,0.207,68,0.247,62,0.259,46,0.223,20,0.13,20,0.15,7,0.119,6,0.167,0,0,1,0.047,3,0.088,2,0.025,9,0.057,28,0.112,43,0.154,55,0.207,51,0.187,46,0.152,63,0.184,77,0.214,82,0.214,74,0.178,106,0.233,101,0.222,84,0.226,59,0.205,58,0.238,47,0.211,28,0.142,34,0.139,10,0.067,7,0.082,4,0.064,0,0,2,0.068,2,0.048,3,0.042,10,0.09,35,0.213,47,0.2,55,0.185,75,0.226,89,0.247,71,0.194,65,0.171,63,0.16,65,0.16,65,0.167,66,0.201,61,0.226,45,0.18,42,0.176,28,0.132,34,0.15,15,0.099,5,0.052,3,0.04,6,0.144,3,0.096,2,0.053,7,0.125,7,0.087,25,0.191,48,0.23,71,0.254,71,0.222,73,0.208,74,0.205,64,0.176,47,0.127,67,0.177,82,0.225,68,0.233,53,0.217,52,0.244,51,0.311,23,0.193
Region 21,Region 22,1,0.01,2,0.044,0,0,0,0,0,0,0,0,0,0,2,0.011,5,0.016,8,0.023,2,0.007,5,0.019,3,0.01,4,0.012,1,0.003,5,0.015,6,0.016,11,0.024,7,0.015,8,0.022,6,0.022,5,0.021,5,0.024,1,0.007,0,0,0,0,0,0,0,0,0,0,0,0,0,0,1,0.006,2,0.008,4,0.014,4,0.015,5,0.018,4,0.013,3,0.009,2,0.006,6,0.016,5,0.012,4,0.009,7,0.015,8,0.022,3,0.01,1,0.004,4,0.018,3,0.015,3,0.012,0,0,1,0.012,0,0,0,0,0,0,0,0,0,0,2,0.018,0,0,1,0.004,6,0.02,5,0.015,4,0.011,7,0.019,3,0.008,5,0.013,2,0.005,3,0.008,6,0.018,6,0.022,1,0.004,1,0.004,3,0.014,5,0.022,0,0,1,0.01,0,0,0,0,0,0,0,0,0,0,1,0.012,4,0.031,3,0.014,6,0.021,6,0.019,8,0.023,3,0.008,5,0.014,2,0.005,1,0.003,6,0.016,8,0.027,5,0.02,4,0.019,0,0,3,0.025
Region 21,Region 23,17,0.169,4,0.088,3,0.106,2,0.101,2,0.107,3,0.087,7,0.084,11,0.063,22,0.071,15,0.044,22,0.078,6,0.023,18,0.062,20,0.062,20,0.061,31,0.09,12,0.031,20,0.044,36,0.079,12,0.034,19,0.069,17,0.071,22,0.107,10,0.065,14,0.105,5,0.085,1,0.028,0,0,1,0.047,0,0,8,0.101,13,0.082,15,0.06,21,0.075,18,0.068,26,0.095,24,0.079,15,0.044,25,0.069,20,0.052,33,0.08,24,0.053,26,0.057,25,0.067,21,0.073,15,0.061,10,0.045,4,0.02,10,0.041,13,0.087,2,0.023,3,0.048,5,0.132,4,0.137,4,0.096,9,0.125,8,0.072,14,0.085,28,0.119,28,0.094,28,0.084,25,0.069,26,0.071,30,0.079,26,0.066,21,0.052,22,0.057,15,0.046,13,0.048,20,0.08,15,0.063,10,0.047,16,0.07,2,0.013,1,0.01,4,0.054,1,0.024,0,0,5,0.134,6,0.107,6,0.075,8,0.061,13,0.062,23,0.082,30,0.094,31,0.088,33,0.091,22,0.061,19,0.051,17,0.045,20,0.055,24,0.082,15,0.061,24,0.113,9,0.055,8,0.067
Region 21,Region 24,5,0.05,3,0.066,4,0.141,0,0,0,0,0,0,1,0.012,2,0.011,10,0.032,21,0.061,22,0.078,16,0.06,14,0.048,22,0.068,28,0.086,19,0.055,18,0.047,44,0.097,55,0.121,23,0.064,24,0.087,17,0.071,23,0.112,11,0.072,8,0.06,1,0.017,2,0.056,0,0,0,0,2,0.058,2,0.025,4,0.025,15,0.06,15,0.054,13,0.049,17,0.062,28,0.092,46,0.134,33,0.092,29,0.076,37,0.089,48,0.106,45,0.099,37,0.1,29,0.101,14,0.057,17,0.076,7,0.035,9,0.037,7,0.047,4,0.047,1,0.016,0,0,2,0.068,2,0.048,2,0.028,7,0.063,12,0.073,25,0.106,35,0.118,30,0.09,33,0.092,31,0.085,26,0.069,32,0.081,16,0.039,25,0.064,34,0.104,20,0.074,14,0.056,18,0.075,18,0.085,6,0.026,8,0.053,2,0.021,0,0,0,0,3,0.096,2,0.053,1,0.018,3,0.037,10,0.076,24,0.115,29,0.104,31,0.097,32,0.091,33,0.091,32,0.088,31,0.084,20,0.053,22,0.06,21,0.072,18,0.074,9,0.042,18,0.11,2,0.017
Region 21,Region 25,1,0.01,1,0.022,1,0.035,1,0.051,0,0,0,0,0,0,1,0.006,0,0,5,0.015,5,0.018,8,0.03,2,0.007,2,0.006,2,0.006,3,0.009,1,0.003,3,0.007,6,0.013,1,0.003,1,0.004,1,0.004,2,0.01,3,0.02,0,0,2,0.034,1,0.028,0,0,0,0,1,0.029,0,0,2,0.013,1,0.004,6,0.022,2,0.008,5,0.018,5,0.016,5,0.015,8,0.022,4,0.01,2,0.005,3,0.007,4,0.009,1,0.003,5,0.017,5,0.02,3,0.013,3,0.015,2,0.008,1,0.007,0,0,0,0,0,0,0,0,0,0,1,0.014,1,0.009,0,0,1,0.004,5,0.017,1,0.003,4,0.011,7,0.019,3,0.008,1,0.003,4,0.01,3,0.008,1,0.003,3,0.011,2,0.008,3,0.013,0,0,1,0.004,1,0.007,0,0,1,0.013,0,0,0,0,0,0,0,0,0,0,0,0,0,0,1,0.004,3,0.009,1,0.003,3,0.008,3,0.008,3,0.008,0,0,3,0.008,2,0.007,3,0.012,2,0.009,2,0.012,0,0
Region 22,Region 0,1,0.01,0,0,1,0.035,0,0,0,0,0,0,2,0.024,1,0.006,6,0.019,10,0.029,2,0.007,9,0.034,4,0.014,3,0.009,3,0.009,2,0.006,4,0.01,3,0.007,3,0.007,3,0.008,3,0.011,1,0.004,1,0.005,0,0,2,0.015,1,0.017,2,0.056,1,0.04,0,0,0,0,0,0,1,0.006,6,0.024,6,0.022,2,0.008,3,0.011,4,0.013,3,0.009,3,0.008,3,0.008,2,0.005,7,0.015,1,0.002,4,0.011,1,0.003,0,0,3,0.013,5,0.025,3,0.012,3,0.02,3,0.035,0,0,0,0,0,0,1,0.024,0,0,1,0.009,6,0.036,3,0.013,7,0.024,3,0.009,6,0.017,5,0.014,2,0.005,3,0.008,1,0.002,1,0.003,2,0.006,1,0.004,2,0.008,0,0,4,0.019,2,0.009,1,0.007,1,0.01,1,0.013,0,0,1,0.032,0,0,0,0,0,0,0,0,1,0.005,3,0.011,5,0.016,5,0.014,3,0.008,6,0.017,7,0.019,5,0.013,4,0.011,1,0.003,3,0.012,1,0.005,2,0.012,0,0
Region 22,Region 1,3,0.03,0,0,0,0,1,0.051,0,0,1,0.029,1,0.012,1,0.006,2,0.006,12,0.035,3,0.011,1,0.004,3,0.01,2,0.006,5,0.015,6,0.017,4,0.01,17,0.038,10,0.022,6,0.017,4,0.015,1,0.004,3,0.015,1,0.007,0,0,1,0.017,0,0,0,0,1,0.047,1,0.029,1,0.013,2,0.013,5,0.02,8,0.029,6,0.023,6,0.022,4,0.013,8,0.023,10,0.028,6,0.016,6,0.014,11,0.024,12,0.026,4,0.011,3,0.01,4,0.016,5,0.022,3,0.015,1,0.004,1,0.007,0,0,1,0.016,0,0,1,0.034,0,0,3,0.042,2,0.018,3,0.018,1,0.004,8,0.027,5,0.015,6,0.017,11,0.03,6,0.016,14,0.035,16,0.039,14,0.036,6,0.018,5,0.018,5,0.02,2,0.008,6,0.028,0,0,2,0.013,3,0.031,0,0,0,0,1,0.032,0,0,1,0.018,2,0.025,1,0.008,2,0.01,8,0.029,5,0.016,8,0.023,4,0.011,5,0.014,9,0.024,5,0.013,9,0.025,8,0.027,3,0.012,6,0.028,3,0.018,1,0.008
Region 22,Region 2,1,0.01,0,0,1,0.035,1,0.051,0,0,1,0.029,0,0,1,0.006,4,0.013,10,0.029,3,0.011,4,0.015,3,0.01,6,0.018,2,0.006,2,0.006,6,0.016,5,0.011,3,0.007,5,0.014,5,0.018,4,0.017,1,0.005,2,0.013,1,0.007,1,0.017,0,0,0,0,0,0,1,0.029,1,0.013,3,0.019,4,0.016,4,0.014,2,0.008,2,0.007,4,0.013,3,0.009,1,0.003,1,0.003,2,0.005,6,0.013,3,0.007,0,0,4,0.014,7,0.029,1,0.004,4,0.02,3,0.012,3,0.02,1,0.012,1,0.016,1,0.026,0,0,1,0.024,2,0.028,1,0.009,2,0.012,5,0.021,7,0.024,3,0.009,4,0.011,3,0.008,3,0.008,7,0.018,9,0.022,7,0.018,3,0.009,5,0.018,4,0.016,3,0.013,3,0.014,2,0.009,1,0.007,1,0.01,0,0,0,0,0,0,0,0,0,0,2,0.025,3,0.023,3,0.014,2,0.007,7,0.022,3,0.009,0,0,0,0,3,0.008,1,0.003,1,0.003,6,0.021,4,0.016,1,0.005,0,0,1,0.008
Region 22,Region 3,7,0.069,2,0.044,2,0.07,1,0.051,0,0,0,0,0,0,2,0.011,2,0.006,8,0.023,13,0.046,9,0.034,12,0.041,12,0.037,13,0.04,20,0.058,17,0.044,18,0.04,22,0.048,18,0.05,15,0.054,18,0.075,8,0.039,7,0.046,2,0.015,1,0.017,0,0,0,0,0,0,1,0.029,1,0.013,2,0.013,6,0.024,5,0.018,9,0.034,15,0.055,11,0.036,16,0.047,22,0.061,12,0.031,19,0.046,20,0.044,22,0.048,13,0.035,8,0.028,12,0.049,16,0.072,8,0.04,3,0.012,1,0.007,2,0.023,1,0.016,0,0,0,0,0,0,2,0.028,5,0.045,5,0.03,10,0.043,15,0.05,14,0.042,18,0.05,25,0.068,20,0.053,21,0.053,12,0.03,9,0.023,10,0.03,6,0.022,10,0.04,12,0.05,9,0.042,3,0.013,2,0.013,4,0.041,0,0,0,0,2,0.064,0,0,0,0,1,0.012,9,0.069,8,0.038,11,0.039,17,0.053,15,0.043,23,0.064,10,0.028,18,0.049,7,0.019,11,0.03,19,0.065,10,0.041,10,0.047,4,0.024,5,0.042
Region 22,Region 4,0,0,0,0,0,0,0,0,1,0.054,0,0,0,0,0,0,1,0.003,2,0.006,3,0.011,0,0,5,0.017,5,0.015,5,0.015,2,0.006,3,0.008,2,0.004,7,0.015,0,0,1,0.004,2,0.008,3,0.015,2,0.013,0,0,0,0,1,0.028,0,0,0,0,0,0,1,0.013,0,0,2,0.008,2,0.007,2,0.008,0,0,6,0.02,4,0.012,3,0.008,1,0.003,3,0.007,1,0.002,4,0.009,7,0.019,4,0.014,2,0.008,1,0.004,1,0.005,3,0.012,3,0.02,1,0.012,0,0,0,0,0,0,1,0.024,0,0,0,0,2,0.012,1,0.004,2,0.007,4,0.012,5,0.014,7,0.019,0,0,2,0.005,4,0.01,2,0.005,2,0.006,2,0.007,3,0.012,2,0.008,2,0.009,4,0.018,0,0,0,0,2,0.027,0,0,1,0.032,1,0.027,0,0,2,0.025,2,0.015,3,0.014,3,0.011,3,0.009,3,0.009,0,0,2,0.006,1,0.003,4,0.011,5,0.014,4,0.014,1,0.004,3,0.014,1,0.006,3,0.025
Region 22,Region 5,0,0,1,0.022,0,0,1,0.051,0,0,0,0,1,0.012,5,0.029,9,0.029,6,0.017,2,0.007,10,0.038,6,0.021,8,0.025,5,0.015,7,0.02,2,0.005,8,0.018,4,0.009,6,0.017,3,0.011,7,0.029,6,0.029,2,0.013,1,0.007,1,0.017,1,0.028,0,0,1,0.047,0,0,1,0.013,5,0.032,8,0.032,9,0.032,8,0.03,7,0.026,3,0.01,4,0.012,5,0.014,7,0.018,3,0.007,2,0.004,1,0.002,5,0.013,6,0.021,1,0.004,5,0.022,3,0.015,2,0.008,0,0,3,0.035,0,0,3,0.079,0,0,2,0.048,1,0.014,6,0.054,2,0.012,2,0.009,7,0.024,2,0.006,17,0.047,8,0.022,5,0.013,9,0.023,15,0.037,13,0.033,6,0.018,10,0.037,4,0.016,4,0.017,3,0.014,2,0.009,1,0.007,0,0,0,0,0,0,0,0,0,0,1,0.018,0,0,2,0.015,7,0.033,6,0.021,7,0.022,10,0.029,9,0.025,4,0.011,8,0.022,3,0.008,8,0.022,1,0.003,7,0.029,6,0.028,2,0.012,1,0.008
Region 22,Region 6,2,0.02,0,0,0,0,0,0,0,0,0,0,0,0,0,0,0,0,2,0.006,1,0.004,0,0,3,0.01,2,0.006,1,0.003,1,0.003,3,0.008,3,0.007,5,0.011,4,0.011,3,0.011,1,0.004,6,0.029,0,0,1,0.007,0,0,0,0,0,0,0,0,0,0,0,0,1,0.006,2,0.008,2,0.007,1,0.004,0,0,1,0.003,1,0.003,2,0.006,5,0.013,1,0.002,5,0.011,3,0.007,4,0.011,4,0.014,0,0,1,0.004,1,0.005,1,0.004,0,0,0,0,0,0,0,0,0,0,0,0,0,0,1,0.009,1,0.006,3,0.013,3,0.01,2,0.006,3,0.008,3,0.008,3,0.008,3,0.008,4,0.01,0,0,8,0.024,3,0.011,1,0.004,1,0.004,4,0.019,0,0,0,0,1,0.01,0,0,0,0,0,0,0,0,0,0,0,0,0,0,3,0.014,2,0.007,2,0.006,2,0.006,1,0.003,0,0,1,0.003,2,0.005,3,0.008,3,0.01,1,0.004,5,0.024,2,0.012,0,0
Region 22,Region 7,1,0.01,1,0.022,1,0.035,0,0,0,0,2,0.058,1,0.012,1,0.006,5,0.016,5,0.015,7,0.025,9,0.034,9,0.031,9,0.028,14,0.043,9,0.026,12,0.031,11,0.024,16,0.035,14,0.039,5,0.018,9,0.038,8,0.039,9,0.059,9,0.067,1,0.017,2,0.056,0,0,1,0.047,1,0.029,2,0.025,3,0.019,6,0.024,7,0.025,7,0.026,4,0.015,11,0.036,14,0.041,10,0.028,11,0.029,12,0.029,12,0.026,12,0.026,14,0.038,6,0.021,4,0.016,2,0.009,9,0.046,2,0.008,5,0.034,3,0.035,1,0.016,0,0,1,0.034,1,0.024,2,0.028,2,0.018,3,0.018,4,0.017,6,0.02,5,0.015,8,0.022,17,0.046,12,0.032,14,0.035,11,0.027,8,0.021,9,0.027,9,0.033,6,0.024,5,0.021,6,0.028,6,0.026,2,0.013,4,0.041,3,0.04,2,0.048,0,0,2,0.053,6,0.107,2,0.025,1,0.008,3,0.014,9,0.032,3,0.009,7,0.02,12,0.033,9,0.025,12,0.032,8,0.021,15,0.041,7,0.024,4,0.016,6,0.028,5,0.03,8,0.067
Region 22,Region 8,18,0.179,2,0.044,3,0.106,2,0.101,2,0.107,1,0.029,5,0.06,23,0.132,57,0.184,80,0.233,55,0.194,38,0.143,62,0.213,67,0.206,77,0.236,73,0.213,81,0.21,80,0.177,104,0.229,65,0.182,54,0.196,46,0.192,41,0.199,14,0.091,10,0.075,8,0.136,2,0.056,0,0,4,0.189,7,0.205,10,0.126,18,0.114,44,0.176,62,0.223,83,0.312,65,0.238,69,0.228,69,0.201,64,0.177,81,0.212,87,0.21,76,0.167,76,0.167,70,0.188,56,0.194,59,0.242,32,0.143,19,0.096,22,0.09,12,0.081,9,0.106,2,0.032,4,0.106,2,0.068,5,0.12,10,0.139,24,0.217,51,0.31,67,0.285,83,0.279,84,0.253,79,0.219,90,0.246,83,0.219,75,0.19,88,0.217,84,0.216,78,0.238,44,0.163,39,0.156,44,0.184,32,0.15,17,0.075,20,0.131,12,0.124,4,0.054,2,0.048,3,0.096,8,0.214,10,0.179,18,0.224,29,0.222,55,0.263,63,0.225,65,0.203,101,0.288,87,0.241,82,0.226,66,0.178,60,0.159,57,0.156,55,0.188,44,0.18,41,0.193,15,0.091,19,0.159
Region 22,Region 9,20,0.199,11,0.241,3,0.106,4,0.202,6,0.322,6,0.175,19,0.228,24,0.137,52,0.168,50,0.145,49,0.173,51,0.191,67,0.23,64,0.197,73,0.223,66,0.192,78,0.202,101,0.223,129,0.284,71,0.199,54,0.196,62,0.259,46,0.223,20,0.13,29,0.217,9,0.153,2,0.056,0,0,4,0.189,7,0.205,32,0.403,24,0.152,51,0.204,47,0.169,43,0.162,52,0.191,84,0.277,55,0.161,100,0.277,78,0.204,89,0.215,103,0.227,98,0.216,63,0.17,60,0.208,34,0.139,36,0.161,27,0.137,46,0.188,39,0.262,16,0.188,9,0.144,6,0.159,7,0.24,10,0.24,11,0.152,13,0.117,33,0.201,45,0.191,61,0.205,101,0.304,85,0.236,82,0.224,75,0.198,82,0.208,71,0.175,62,0.16,65,0.198,43,0.159,47,0.188,38,0.159,27,0.127,32,0.141,15,0.099,13,0.135,7,0.094,5,0.12,13,0.416,5,0.134,9,0.161,17,0.212,28,0.214,43,0.206,60,0.215,85,0.266,94,0.268,125,0.346,91,0.25,89,0.24,69,0.183,51,0.14,74,0.253,34,0.139,35,0.165,33,0.201,10,0.084
Region 22,Region 10,9,0.089,2,0.044,0,0,1,0.051,0,0,0,0,5,0.06,13,0.074,17,0.055,15,0.044,17,0.06,20,0.075,14,0.048,18,0.055,18,0.055,10,0.029,14,0.036,33,0.073,20,0.044,5,0.014,15,0.054,9,0.038,11,0.053,7,0.046,10,0.075,0,0,0,0,0,0,1,0.047,1,0.029,2,0.025,2,0.013,12,0.048,12,0.043,16,0.06,15,0.055,10,0.033,14,0.041,22,0.061,15,0.039,18,0.043,15,0.033,26,0.057,4,0.011,8,0.028,12,0.049,6,0.027,4,0.02,8,0.033,4,0.027,4,0.047,1,0.016,0,0,2,0.068,0,0,9,0.125,7,0.063,7,0.043,19,0.081,17,0.057,21,0.063,15,0.042,21,0.057,20,0.053,19,0.048,11,0.027,9,0.023,13,0.04,9,0.033,12,0.048,12,0.05,7,0.033,9,0.04,6,0.039,6,0.062,0,0,0,0,0,0,0,0,2,0.036,4,0.05,4,0.031,10,0.048,11,0.039,10,0.031,25,0.071,22,0.061,20,0.055,17,0.046,10,0.026,18,0.049,5,0.017,11,0.045,9,0.042,5,0.03,6,0.05
Region 22,Region 11,0,0,0,0,0,0,0,0,0,0,0,0,0,0,0,0,1,0.003,1,0.003,1,0.004,0,0,1,0.003,1,0.003,2,0.006,0,0,1,0.003,4,0.009,4,0.009,3,0.008,1,0.004,0,0,1,0.005,1,0.007,0,0,0,0,0,0,0,0,0,0,0,0,1,0.013,0,0,1,0.004,1,0.004,0,0,1,0.004,0,0,0,0,0,0,1,0.003,0,0,1,0.002,1,0.002,0,0,0,0,1,0.004,0,0,1,0.005,0,0,1,0.007,1,0.012,0,0,0,0,0,0,0,0,0,0,0,0,0,0,1,0.004,0,0,0,0,0,0,0,0,0,0,0,0,1,0.002,0,0,0,0,0,0,0,0,3,0.013,0,0,0,0,0,0,0,0,0,0,0,0,0,0,0,0,0,0,0,0,0,0,1,0.005,1,0.004,0,0,0,0,0,0,1,0.003,1,0.003,1,0.003,0,0,1,0.003,0,0,1,0.005,0,0,0,0
Region 22,Region 12,8,0.079,6,0.132,3,0.106,0,0,1,0.054,3,0.087,7,0.084,5,0.029,16,0.052,29,0.084,18,0.064,26,0.098,25,0.086,36,0.111,41,0.126,36,0.105,35,0.091,48,0.106,38,0.084,40,0.112,29,0.105,14,0.059,14,0.068,9,0.059,14,0.105,13,0.221,1,0.028,1,0.04,1,0.047,4,0.117,5,0.063,10,0.063,16,0.064,24,0.086,18,0.068,30,0.11,38,0.125,23,0.067,33,0.092,38,0.099,40,0.096,42,0.092,47,0.103,38,0.102,24,0.083,32,0.131,18,0.081,9,0.046,20,0.082,11,0.074,5,0.059,5,0.08,1,0.026,1,0.034,3,0.072,3,0.042,7,0.063,11,0.067,17,0.072,27,0.091,37,0.112,47,0.13,33,0.09,40,0.106,51,0.129,30,0.074,32,0.082,30,0.091,33,0.122,24,0.096,15,0.063,10,0.047,15,0.066,12,0.079,3,0.031,6,0.08,2,0.048,2,0.064,2,0.053,3,0.054,5,0.062,12,0.092,12,0.057,18,0.064,33,0.103,46,0.131,38,0.105,37,0.102,42,0.113,23,0.061,32,0.088,26,0.089,29,0.119,17,0.08,15,0.091,10,0.084
Region 22,Region 13,4,0.04,4,0.088,0,0,0,0,1,0.054,0,0,6,0.072,8,0.046,22,0.071,15,0.044,14,0.05,15,0.056,11,0.038,14,0.043,7,0.021,15,0.044,15,0.039,16,0.035,20,0.044,13,0.036,10,0.036,12,0.05,9,0.044,0,0,0,0,3,0.051,0,0,0,0,0,0,4,0.117,2,0.025,11,0.07,20,0.08,20,0.072,12,0.045,20,0.073,17,0.056,15,0.044,12,0.033,11,0.029,10,0.024,16,0.035,11,0.024,9,0.024,12,0.042,10,0.041,7,0.031,9,0.046,8,0.033,1,0.007,3,0.035,1,0.016,2,0.053,1,0.034,2,0.048,5,0.069,7,0.063,7,0.043,11,0.047,15,0.05,24,0.072,20,0.055,19,0.052,17,0.045,22,0.056,8,0.02,10,0.026,7,0.021,3,0.011,14,0.056,6,0.025,11,0.052,4,0.018,5,0.033,2,0.021,2,0.027,1,0.024,4,0.128,1,0.027,3,0.054,5,0.062,10,0.076,8,0.038,12,0.043,17,0.053,13,0.037,14,0.039,18,0.05,17,0.046,18,0.048,19,0.052,5,0.017,14,0.057,5,0.024,5,0.03,2,0.017
Region 22,Region 14,0,0,0,0,1,0.035,0,0,0,0,2,0.058,1,0.012,1,0.006,1,0.003,2,0.006,3,0.011,1,0.004,5,0.017,4,0.012,4,0.012,7,0.02,6,0.016,4,0.009,12,0.026,3,0.008,6,0.022,3,0.013,4,0.019,3,0.02,0,0,0,0,0,0,1,0.04,0,0,0,0,0,0,0,0,4,0.016,3,0.011,3,0.011,2,0.007,2,0.007,5,0.015,4,0.011,7,0.018,8,0.019,14,0.031,7,0.015,3,0.008,6,0.021,7,0.029,1,0.004,0,0,2,0.008,0,0,0,0,0,0,0,0,0,0,1,0.024,1,0.014,2,0.018,2,0.012,7,0.03,6,0.02,6,0.018,11,0.031,7,0.019,9,0.024,10,0.025,5,0.012,5,0.013,2,0.006,5,0.018,3,0.012,3,0.013,2,0.009,0,0,0,0,1,0.01,0,0,0,0,1,0.032,1,0.027,0,0,2,0.025,2,0.015,1,0.005,4,0.014,5,0.016,6,0.017,7,0.019,10,0.028,7,0.019,5,0.013,2,0.005,1,0.003,0,0,3,0.014,0,0,1,0.008
Region 22,Region 15,0,0,0,0,0,0,0,0,0,0,0,0,0,0,0,0,0,0,3,0.009,0,0,0,0,1,0.003,0,0,0,0,1,0.003,2,0.005,0,0,1,0.002,0,0,0,0,0,0,3,0.015,0,0,0,0,0,0,0,0,0,0,0,0,0,0,0,0,0,0,1,0.004,0,0,1,0.004,1,0.004,1,0.003,1,0.003,1,0.003,0,0,0,0,1,0.002,1,0.002,1,0.003,0,0,0,0,1,0.004,1,0.005,1,0.004,0,0,0,0,0,0,0,0,0,0,0,0,1,0.014,0,0,0,0,0,0,0,0,0,0,2,0.006,0,0,2,0.005,2,0.005,2,0.005,1,0.003,2,0.006,1,0.004,1,0.004,0,0,1,0.005,0,0,0,0,0,0,0,0,1,0.024,0,0,0,0,1,0.018,0,0,1,0.008,0,0,0,0,0,0,0,0,0,0,1,0.003,0,0,0,0,1,0.003,1,0.003,2,0.008,0,0,0,0,0,0
Region 22,Region 16,0,0,0,0,0,0,0,0,0,0,1,0.029,1,0.012,2,0.011,4,0.013,0,0,1,0.004,1,0.004,0,0,1,0.003,2,0.006,2,0.006,1,0.003,1,0.002,1,0.002,2,0.006,2,0.007,3,0.013,1,0.005,1,0.007,0,0,0,0,0,0,0,0,0,0,0,0,0,0,1,0.006,2,0.008,2,0.007,2,0.008,1,0.004,3,0.01,2,0.006,4,0.011,4,0.01,3,0.007,2,0.004,2,0.004,3,0.008,1,0.003,4,0.016,1,0.004,2,0.01,0,0,0,0,0,0,0,0,0,0,0,0,0,0,0,0,1,0.009,2,0.012,3,0.013,0,0,1,0.003,4,0.011,4,0.011,3,0.008,3,0.008,2,0.005,0,0,4,0.012,2,0.007,0,0,1,0.004,0,0,0,0,1,0.007,0,0,0,0,0,0,0,0,0,0,0,0,0,0,3,0.023,1,0.005,0,0,0,0,4,0.011,2,0.006,2,0.006,1,0.003,0,0,2,0.005,2,0.007,0,0,0,0,0,0,1,0.008
Region 22,Region 17,4,0.04,3,0.066,0,0,2,0.101,0,0,1,0.029,4,0.048,8,0.046,32,0.103,33,0.096,20,0.071,14,0.053,11,0.038,14,0.043,11,0.034,8,0.023,12,0.031,16,0.035,23,0.051,17,0.048,15,0.054,6,0.025,4,0.019,7,0.046,10,0.075,3,0.051,3,0.083,4,0.162,0,0,5,0.146,3,0.038,5,0.032,14,0.056,20,0.072,13,0.049,4,0.015,10,0.033,14,0.041,19,0.053,23,0.06,23,0.055,21,0.046,23,0.051,26,0.07,14,0.049,16,0.066,8,0.036,11,0.056,14,0.057,5,0.034,2,0.023,3,0.048,2,0.053,5,0.171,4,0.096,4,0.055,9,0.081,7,0.043,11,0.047,10,0.034,14,0.042,8,0.022,18,0.049,17,0.045,21,0.053,13,0.032,22,0.057,24,0.073,13,0.048,12,0.048,14,0.059,15,0.07,13,0.057,5,0.033,9,0.093,5,0.067,2,0.048,2,0.064,3,0.08,8,0.143,5,0.062,6,0.046,8,0.038,7,0.025,8,0.025,16,0.046,7,0.019,19,0.052,27,0.073,21,0.056,20,0.055,13,0.044,14,0.057,7,0.033,5,0.03,4,0.033
Region 22,Region 18,0,0,0,0,0,0,0,0,0,0,1,0.029,0,0,1,0.006,0,0,1,0.003,0,0,2,0.008,2,0.007,0,0,1,0.003,0,0,0,0,2,0.004,1,0.002,1,0.003,0,0,0,0,0,0,0,0,1,0.007,1,0.017,0,0,0,0,0,0,1,0.029,0,0,1,0.006,0,0,0,0,0,0,0,0,0,0,0,0,1,0.003,3,0.008,2,0.005,0,0,0,0,0,0,2,0.007,0,0,1,0.004,0,0,1,0.004,0,0,1,0.012,0,0,0,0,0,0,0,0,0,0,0,0,0,0,0,0,0,0,0,0,1,0.003,1,0.003,0,0,2,0.005,1,0.002,0,0,1,0.003,1,0.004,2,0.008,1,0.004,1,0.005,0,0,0,0,0,0,0,0,0,0,0,0,0,0,0,0,0,0,0,0,0,0,0,0,0,0,0,0,2,0.006,0,0,0,0,1,0.003,1,0.003,0,0,1,0.004,0,0,0,0,0,0
Region 22,Region 19,1,0.01,0,0,0,0,0,0,0,0,0,0,0,0,0,0,0,0,1,0.003,1,0.004,3,0.011,1,0.003,0,0,1,0.003,2,0.006,2,0.005,4,0.009,5,0.011,0,0,1,0.004,2,0.008,1,0.005,0,0,0,0,0,0,0,0,0,0,0,0,0,0,0,0,0,0,0,0,1,0.004,1,0.004,2,0.007,3,0.01,3,0.009,1,0.003,2,0.005,2,0.005,1,0.002,0,0,2,0.005,1,0.003,0,0,1,0.004,1,0.005,0,0,0,0,0,0,0,0,1,0.026,0,0,0,0,0,0,3,0.027,1,0.006,1,0.004,0,0,0,0,2,0.006,2,0.005,2,0.005,1,0.003,2,0.005,1,0.003,1,0.003,1,0.004,0,0,2,0.008,0,0,1,0.004,0,0,1,0.01,0,0,0,0,0,0,0,0,0,0,0,0,1,0.008,2,0.01,1,0.004,3,0.009,2,0.006,1,0.003,3,0.008,0,0,1,0.003,2,0.005,0,0,1,0.004,3,0.014,2,0.012,1,0.008
Region 22,Region 20,4,0.04,2,0.044,1,0.035,0,0,0,0,1,0.029,2,0.024,0,0,10,0.032,16,0.047,10,0.035,4,0.015,7,0.024,6,0.018,8,0.024,5,0.015,3,0.008,7,0.015,4,0.009,13,0.036,5,0.018,6,0.025,4,0.019,1,0.007,4,0.03,3,0.051,1,0.028,1,0.04,0,0,2,0.058,0,0,4,0.025,4,0.016,8,0.029,10,0.038,6,0.022,4,0.013,10,0.029,12,0.033,6,0.016,10,0.024,5,0.011,10,0.022,12,0.032,8,0.028,4,0.016,4,0.018,6,0.03,5,0.02,5,0.034,3,0.035,0,0,0,0,0,0,1,0.024,3,0.042,1,0.009,5,0.03,4,0.017,17,0.057,13,0.039,3,0.008,5,0.014,5,0.013,5,0.013,15,0.037,6,0.015,9,0.027,2,0.007,4,0.016,4,0.017,7,0.033,4,0.018,4,0.026,6,0.062,3,0.04,0,0,0,0,0,0,3,0.054,0,0,3,0.023,10,0.048,5,0.018,1,0.003,7,0.02,7,0.019,9,0.025,12,0.032,3,0.008,8,0.022,13,0.044,6,0.025,4,0.019,1,0.006,2,0.017
Region 22,Region 21,0,0,0,0,0,0,0,0,0,0,1,0.029,0,0,1,0.006,3,0.01,4,0.012,3,0.011,2,0.008,3,0.01,2,0.006,4,0.012,10,0.029,4,0.01,5,0.011,13,0.029,6,0.017,3,0.011,4,0.017,2,0.01,1,0.007,1,0.007,0,0,0,0,0,0,1,0.047,0,0,0,0,0,0,1,0.004,1,0.004,2,0.008,4,0.015,2,0.007,1,0.003,2,0.006,5,0.013,8,0.019,10,0.022,12,0.026,5,0.013,1,0.003,5,0.02,4,0.018,5,0.025,1,0.004,1,0.007,0,0,0,0,0,0,1,0.034,1,0.024,1,0.014,0,0,3,0.018,3,0.013,4,0.013,2,0.006,4,0.011,4,0.011,9,0.024,2,0.005,13,0.032,2,0.005,3,0.009,3,0.011,0,0,4,0.017,3,0.014,0,0,0,0,1,0.01,0,0,0,0,0,0,0,0,1,0.018,3,0.037,0,0,3,0.014,7,0.025,2,0.006,8,0.023,4,0.011,3,0.008,4,0.011,3,0.008,5,0.014,3,0.01,3,0.012,1,0.005,5,0.03,1,0.008
Region 22,Region 22,13,0.129,10,0.219,3,0.106,0,0,2,0.107,1,0.029,4,0.048,12,0.069,29,0.094,77,0.224,75,0.265,54,0.203,77,0.264,83,0.255,99,0.303,100,0.292,89,0.231,96,0.212,124,0.273,97,0.272,82,0.298,57,0.238,45,0.219,19,0.124,15,0.112,9,0.153,7,0.195,7,0.283,1,0.047,2,0.058,7,0.088,18,0.114,33,0.132,91,0.327,63,0.237,61,0.224,83,0.274,94,0.274,100,0.277,90,0.235,104,0.251,121,0.266,119,0.262,92,0.248,61,0.212,46,0.189,45,0.202,27,0.137,22,0.09,20,0.134,12,0.141,2,0.032,1,0.026,4,0.137,4,0.096,5,0.069,17,0.154,20,0.122,45,0.191,95,0.319,85,0.256,86,0.239,86,0.235,101,0.266,85,0.216,84,0.207,78,0.201,87,0.265,51,0.189,46,0.184,42,0.176,34,0.16,14,0.062,18,0.118,10,0.104,8,0.107,5,0.12,8,0.256,10,0.267,6,0.107,11,0.137,32,0.245,45,0.215,61,0.218,73,0.229,93,0.265,88,0.243,94,0.259,84,0.226,82,0.217,97,0.266,71,0.243,63,0.258,47,0.221,41,0.25,19,0.159
Region 22,Region 23,2,0.02,2,0.044,2,0.07,2,0.101,2,0.107,0,0,5,0.06,8,0.046,5,0.016,7,0.02,11,0.039,6,0.023,7,0.024,6,0.018,9,0.028,8,0.023,15,0.039,14,0.031,7,0.015,8,0.022,7,0.025,6,0.025,4,0.019,4,0.026,0,0,2,0.034,1,0.028,0,0,1,0.047,0,0,3,0.038,5,0.032,4,0.016,6,0.022,12,0.045,13,0.048,5,0.016,19,0.055,15,0.042,14,0.037,11,0.027,15,0.033,9,0.02,7,0.019,6,0.021,8,0.033,4,0.018,4,0.02,3,0.012,2,0.013,1,0.012,0,0,1,0.026,1,0.034,1,0.024,4,0.055,7,0.063,11,0.067,10,0.043,16,0.054,19,0.057,13,0.036,12,0.033,10,0.026,10,0.025,8,0.02,8,0.021,12,0.037,5,0.018,4,0.016,7,0.029,6,0.028,4,0.018,11,0.072,0,0,1,0.013,2,0.048,1,0.032,4,0.107,2,0.036,0,0,2,0.015,4,0.019,6,0.021,14,0.044,18,0.051,11,0.03,6,0.017,11,0.03,8,0.021,6,0.016,11,0.038,7,0.029,8,0.038,7,0.043,7,0.059
Region 22,Region 24,4,0.04,1,0.022,4,0.141,1,0.051,0,0,0,0,3,0.036,5,0.029,13,0.042,15,0.044,13,0.046,12,0.045,14,0.048,21,0.065,18,0.055,16,0.047,13,0.034,17,0.038,15,0.033,10,0.028,14,0.051,12,0.05,6,0.029,4,0.026,3,0.022,3,0.051,0,0,1,0.04,0,0,0,0,3,0.038,9,0.057,10,0.04,7,0.025,11,0.041,16,0.059,11,0.036,16,0.047,23,0.064,22,0.058,22,0.053,20,0.044,28,0.062,23,0.062,11,0.038,3,0.012,10,0.045,2,0.01,4,0.016,1,0.007,1,0.012,0,0,0,0,0,0,1,0.024,3,0.042,10,0.09,7,0.043,18,0.077,15,0.05,10,0.03,15,0.042,18,0.049,12,0.032,18,0.046,14,0.035,18,0.046,17,0.052,4,0.015,13,0.052,6,0.025,12,0.056,1,0.004,2,0.013,2,0.021,0,0,0,0,0,0,2,0.053,1,0.018,6,0.075,11,0.084,14,0.067,22,0.079,11,0.034,13,0.037,20,0.055,22,0.061,18,0.049,13,0.034,11,0.03,9,0.031,13,0.053,7,0.033,7,0.043,4,0.033
Region 22,Region 25,0,0,0,0,0,0,0,0,0,0,0,0,0,0,0,0,0,0,4,0.012,1,0.004,0,0,3,0.01,0,0,1,0.003,1,0.003,1,0.003,1,0.002,6,0.013,2,0.006,1,0.004,2,0.008,2,0.01,0,0,0,0,0,0,0,0,0,0,0,0,0,0,0,0,1,0.006,0,0,6,0.022,3,0.011,3,0.011,2,0.007,1,0.003,1,0.003,1,0.003,3,0.007,2,0.004,1,0.002,3,0.008,0,0,2,0.008,0,0,0,0,0,0,1,0.007,0,0,0,0,0,0,0,0,1,0.024,0,0,0,0,1,0.006,0,0,2,0.007,0,0,4,0.011,2,0.005,2,0.005,2,0.005,0,0,2,0.005,0,0,1,0.004,1,0.004,1,0.004,1,0.005,1,0.004,0,0,0,0,1,0.013,0,0,0,0,0,0,0,0,0,0,1,0.008,0,0,0,0,1,0.003,1,0.003,2,0.006,2,0.006,1,0.003,0,0,0,0,1,0.003,0,0,1,0.005,1,0.006,0,0
Region 23,Region 0,7,0.069,1,0.022,0,0,0,0,2,0.107,3,0.087,9,0.108,21,0.12,22,0.071,18,0.052,18,0.064,14,0.053,12,0.041,12,0.037,18,0.055,29,0.085,21,0.054,21,0.046,28,0.062,15,0.042,14,0.051,11,0.046,5,0.024,4,0.026,7,0.052,3,0.051,3,0.083,0,0,5,0.236,2,0.058,4,0.05,16,0.102,24,0.096,16,0.057,14,0.053,27,0.099,16,0.053,17,0.05,26,0.072,19,0.05,18,0.043,30,0.066,25,0.055,23,0.062,13,0.045,8,0.033,8,0.036,4,0.02,11,0.045,8,0.054,6,0.07,3,0.048,2,0.053,2,0.068,4,0.096,9,0.125,8,0.072,13,0.079,23,0.098,21,0.071,22,0.066,24,0.067,24,0.066,25,0.066,16,0.041,24,0.059,27,0.07,12,0.037,14,0.052,18,0.072,12,0.05,7,0.033,5,0.022,5,0.033,1,0.01,3,0.04,2,0.048,4,0.128,5,0.134,4,0.071,2,0.025,9,0.069,14,0.067,25,0.089,31,0.097,24,0.068,19,0.053,23,0.063,26,0.07,39,0.103,11,0.03,20,0.068,16,0.065,9,0.042,6,0.037,5,0.042
Region 23,Region 1,21,0.208,12,0.263,3,0.106,3,0.152,3,0.161,5,0.146,25,0.3,55,0.315,92,0.297,81,0.236,60,0.212,52,0.195,58,0.199,65,0.2,53,0.162,64,0.187,64,0.166,107,0.237,113,0.249,80,0.224,67,0.243,45,0.188,42,0.204,28,0.182,26,0.194,12,0.204,4,0.111,3,0.121,4,0.189,9,0.263,31,0.39,54,0.343,81,0.324,63,0.226,53,0.199,54,0.198,55,0.181,63,0.184,82,0.227,87,0.228,115,0.277,140,0.308,108,0.238,77,0.207,73,0.253,57,0.234,45,0.202,35,0.177,66,0.27,32,0.215,15,0.176,5,0.08,5,0.132,2,0.068,8,0.192,19,0.263,20,0.181,41,0.249,43,0.183,66,0.222,80,0.241,84,0.233,62,0.169,72,0.19,91,0.231,100,0.247,122,0.314,118,0.359,72,0.266,76,0.303,62,0.26,76,0.357,49,0.215,24,0.158,16,0.166,8,0.107,5,0.12,3,0.096,4,0.107,10,0.179,15,0.187,23,0.176,62,0.297,86,0.308,69,0.216,88,0.251,80,0.221,102,0.281,101,0.272,120,0.318,108,0.296,67,0.229,61,0.25,59,0.277,39,0.238,23,0.193
Region 23,Region 2,39,0.387,17,0.373,12,0.422,5,0.253,7,0.376,31,0.902,83,0.996,165,0.944,263,0.848,221,0.643,128,0.453,109,0.409,108,0.371,106,0.326,90,0.275,135,0.394,147,0.381,232,0.513,261,0.575,200,0.561,89,0.323,58,0.243,53,0.257,36,0.234,46,0.344,20,0.34,14,0.389,8,0.323,10,0.473,32,0.935,84,1.058,129,0.819,195,0.78,156,0.56,129,0.485,88,0.323,116,0.383,125,0.365,131,0.363,183,0.479,242,0.583,273,0.6,237,0.522,163,0.439,112,0.388,123,0.504,126,0.565,105,0.531,85,0.348,46,0.309,43,0.505,24,0.384,12,0.317,13,0.445,27,0.648,44,0.61,86,0.777,106,0.645,135,0.574,154,0.518,141,0.425,128,0.355,214,0.585,292,0.77,418,1.06,570,1.405,417,1.074,238,0.725,119,0.44,137,0.547,137,0.574,109,0.512,80,0.352,56,0.368,29,0.3,19,0.254,11,0.264,10,0.32,23,0.614,38,0.679,56,0.697,104,0.795,122,0.584,142,0.508,136,0.426,136,0.388,125,0.346,157,0.432,196,0.528,229,0.606,178,0.488,122,0.417,80,0.327,73,0.343,48,0.293,42,0.352
Region 23,Region 3,2,0.02,1,0.022,0,0,2,0.101,1,0.054,0,0,0,0,2,0.011,7,0.023,8,0.023,6,0.021,6,0.023,8,0.027,10,0.031,11,0.034,9,0.026,14,0.036,11,0.024,11,0.024,6,0.017,6,0.022,12,0.05,4,0.019,3,0.02,3,0.022,4,0.068,0,0,0,0,0,0,1,0.029,1,0.013,6,0.038,3,0.012,8,0.029,12,0.045,11,0.04,8,0.026,5,0.015,7,0.019,12,0.031,10,0.024,11,0.024,16,0.035,10,0.027,7,0.024,6,0.025,5,0.022,3,0.015,6,0.025,2,0.013,2,0.023,1,0.016,1,0.026,1,0.034,2,0.048,2,0.028,5,0.045,11,0.067,14,0.06,21,0.071,15,0.045,17,0.047,18,0.049,14,0.037,13,0.033,15,0.037,13,0.033,12,0.037,17,0.063,12,0.048,14,0.059,12,0.056,11,0.048,1,0.007,0,0,0,0,1,0.024,0,0,1,0.027,1,0.018,2,0.025,15,0.115,15,0.072,20,0.072,11,0.034,17,0.048,17,0.047,11,0.03,16,0.043,9,0.024,11,0.03,13,0.044,14,0.057,8,0.038,10,0.061,7,0.059
Region 23,Region 4,5,0.05,3,0.066,1,0.035,1,0.051,0,0,2,0.058,11,0.132,10,0.057,22,0.071,19,0.055,19,0.067,15,0.056,10,0.034,14,0.043,16,0.049,14,0.041,18,0.047,25,0.055,23,0.051,16,0.045,16,0.058,18,0.075,13,0.063,12,0.078,17,0.127,8,0.136,1,0.028,1,0.04,0,0,2,0.058,5,0.063,5,0.032,20,0.08,13,0.047,18,0.068,16,0.059,18,0.059,19,0.055,15,0.042,20,0.052,21,0.051,20,0.044,24,0.053,20,0.054,28,0.097,20,0.082,20,0.09,20,0.101,30,0.123,20,0.134,8,0.094,3,0.048,0,0,3,0.103,0,0,0,0,3,0.027,13,0.079,18,0.077,14,0.047,19,0.057,26,0.072,22,0.06,25,0.066,26,0.066,29,0.071,27,0.07,25,0.076,17,0.063,26,0.104,23,0.096,32,0.15,43,0.189,24,0.158,8,0.083,4,0.054,3,0.072,1,0.032,0,0,0,0,4,0.05,7,0.054,16,0.077,18,0.064,19,0.059,31,0.088,28,0.077,30,0.083,36,0.097,38,0.101,33,0.09,20,0.068,17,0.07,15,0.071,13,0.079,7,0.059
Region 23,Region 5,3,0.03,0,0,1,0.035,1,0.051,1,0.054,3,0.087,0,0,0,0,8,0.026,6,0.017,8,0.028,12,0.045,5,0.017,4,0.012,4,0.012,3,0.009,1,0.003,2,0.004,5,0.011,9,0.025,8,0.029,2,0.008,3,0.015,4,0.026,4,0.03,1,0.017,0,0,1,0.04,1,0.047,4,0.117,3,0.038,7,0.044,5,0.02,5,0.018,10,0.038,8,0.029,7,0.023,5,0.015,3,0.008,4,0.01,3,0.007,1,0.002,3,0.007,5,0.013,6,0.021,5,0.02,6,0.027,5,0.025,2,0.008,0,0,1,0.012,0,0,0,0,1,0.034,2,0.048,2,0.028,5,0.045,4,0.024,2,0.009,7,0.024,6,0.018,5,0.014,5,0.014,6,0.016,7,0.018,3,0.007,5,0.013,3,0.009,6,0.022,6,0.024,6,0.025,2,0.009,1,0.004,2,0.013,4,0.041,5,0.067,2,0.048,1,0.032,0,0,2,0.036,2,0.025,3,0.023,2,0.01,8,0.029,8,0.025,5,0.014,9,0.025,10,0.028,10,0.027,6,0.016,10,0.027,6,0.021,6,0.025,10,0.047,6,0.037,5,0.042
Region 23,Region 6,5,0.05,2,0.044,1,0.035,1,0.051,2,0.107,1,0.029,3,0.036,11,0.063,6,0.019,5,0.015,7,0.025,4,0.015,8,0.027,9,0.028,17,0.052,19,0.055,25,0.065,40,0.088,31,0.068,14,0.039,12,0.044,3,0.013,4,0.019,5,0.033,4,0.03,1,0.017,0,0,3,0.121,1,0.047,1,0.029,2,0.025,6,0.038,6,0.024,10,0.036,4,0.015,6,0.022,12,0.04,15,0.044,16,0.044,25,0.065,27,0.065,28,0.062,15,0.033,18,0.048,5,0.017,9,0.037,5,0.022,3,0.015,5,0.02,2,0.013,2,0.023,1,0.016,0,0,0,0,1,0.024,1,0.014,3,0.027,10,0.061,8,0.034,6,0.02,21,0.063,15,0.042,18,0.049,12,0.032,10,0.025,14,0.035,11,0.028,9,0.027,11,0.041,5,0.02,6,0.025,11,0.052,6,0.026,2,0.013,4,0.041,0,0,0,0,1,0.032,2,0.053,1,0.018,4,0.05,8,0.061,7,0.033,12,0.043,10,0.031,10,0.029,10,0.028,12,0.033,6,0.016,13,0.034,10,0.027,14,0.048,9,0.037,5,0.024,6,0.037,6,0.05
Region 23,Region 7,22,0.218,10,0.219,13,0.457,4,0.202,10,0.536,18,0.524,53,0.636,76,0.435,70,0.226,78,0.227,73,0.258,58,0.218,51,0.175,66,0.203,63,0.193,59,0.172,44,0.114,66,0.146,77,0.17,66,0.185,41,0.149,30,0.125,26,0.126,28,0.182,38,0.284,16,0.272,6,0.167,6,0.242,6,0.284,16,0.468,44,0.554,78,0.495,78,0.312,55,0.197,65,0.244,80,0.293,73,0.241,60,0.175,63,0.175,77,0.201,57,0.137,66,0.145,86,0.189,74,0.199,61,0.212,52,0.213,40,0.179,50,0.253,47,0.192,18,0.121,12,0.141,12,0.192,8,0.211,8,0.274,11,0.264,34,0.471,22,0.199,35,0.213,61,0.259,55,0.185,61,0.184,74,0.205,74,0.202,75,0.198,59,0.15,57,0.141,81,0.209,60,0.183,53,0.196,58,0.231,49,0.205,39,0.183,52,0.229,22,0.145,20,0.207,2,0.027,6,0.144,7,0.224,14,0.374,25,0.447,17,0.212,20,0.153,33,0.158,47,0.168,66,0.207,70,0.2,67,0.185,84,0.231,54,0.146,68,0.18,76,0.208,71,0.243,49,0.201,45,0.212,39,0.238,39,0.327
Region 23,Region 8,35,0.347,15,0.329,11,0.387,8,0.404,4,0.215,17,0.495,79,0.948,135,0.772,142,0.458,124,0.361,102,0.361,119,0.447,124,0.426,117,0.36,106,0.324,139,0.405,179,0.464,191,0.422,203,0.447,93,0.261,73,0.265,72,0.301,62,0.301,43,0.28,44,0.329,21,0.357,12,0.334,11,0.444,13,0.615,18,0.526,73,0.919,128,0.812,143,0.572,134,0.481,117,0.44,93,0.341,123,0.406,122,0.356,161,0.446,184,0.481,182,0.439,197,0.433,132,0.291,117,0.315,95,0.329,89,0.365,77,0.345,63,0.319,66,0.27,40,0.269,25,0.293,17,0.272,6,0.159,10,0.342,24,0.576,41,0.568,62,0.56,102,0.62,116,0.493,147,0.494,155,0.467,187,0.519,172,0.47,189,0.499,202,0.512,219,0.54,265,0.683,224,0.682,143,0.529,106,0.423,79,0.331,86,0.404,59,0.259,37,0.243,21,0.217,18,0.241,13,0.311,11,0.352,17,0.454,31,0.554,62,0.772,91,0.696,158,0.756,228,0.816,199,0.623,130,0.371,181,0.501,161,0.443,148,0.399,97,0.257,150,0.411,127,0.434,126,0.516,95,0.447,59,0.36,45,0.377
Region 23,Region 9,7,0.069,0,0,4,0.141,18,0.91,21,1.127,19,0.553,18,0.216,21,0.12,12,0.039,12,0.035,16,0.057,24,0.09,19,0.065,19,0.058,22,0.067,20,0.058,29,0.075,34,0.075,14,0.031,7,0.02,8,0.029,8,0.033,9,0.044,7,0.046,11,0.082,2,0.034,2,0.056,4,0.162,8,0.378,16,0.468,17,0.214,28,0.178,13,0.052,12,0.043,21,0.079,23,0.084,22,0.073,21,0.061,26,0.072,20,0.052,23,0.055,20,0.044,14,0.031,14,0.038,7,0.024,8,0.033,8,0.036,11,0.056,9,0.037,1,0.007,3,0.035,5,0.08,4,0.106,0,0,12,0.288,12,0.166,9,0.081,10,0.061,14,0.06,17,0.057,19,0.057,24,0.067,21,0.057,25,0.066,33,0.084,22,0.054,12,0.031,8,0.024,14,0.052,17,0.068,13,0.054,11,0.052,12,0.053,5,0.033,4,0.041,4,0.054,5,0.12,4,0.128,9,0.24,4,0.071,13,0.162,17,0.13,17,0.081,30,0.107,25,0.078,21,0.06,35,0.097,29,0.08,25,0.067,22,0.058,31,0.085,19,0.065,15,0.061,12,0.056,14,0.085,6,0.05
Region 23,Region 10,7,0.069,4,0.088,2,0.07,2,0.101,2,0.107,3,0.087,5,0.06,19,0.109,25,0.081,22,0.064,15,0.053,20,0.075,26,0.089,19,0.058,20,0.061,22,0.064,25,0.065,30,0.066,29,0.064,17,0.048,17,0.062,19,0.079,8,0.039,8,0.052,6,0.045,7,0.119,1,0.028,2,0.081,3,0.142,5,0.146,11,0.138,16,0.102,22,0.088,26,0.093,23,0.086,13,0.048,24,0.079,23,0.067,22,0.061,27,0.071,38,0.092,19,0.042,19,0.042,21,0.057,10,0.035,11,0.045,15,0.067,14,0.071,9,0.037,10,0.067,7,0.082,3,0.048,6,0.159,4,0.137,2,0.048,3,0.042,6,0.054,13,0.079,13,0.055,16,0.054,17,0.051,24,0.067,17,0.046,16,0.042,13,0.033,9,0.022,15,0.039,18,0.055,24,0.089,15,0.06,17,0.071,14,0.066,13,0.057,10,0.066,10,0.104,0,0,1,0.024,2,0.064,3,0.08,2,0.036,6,0.075,9,0.069,22,0.105,23,0.082,12,0.038,13,0.037,25,0.069,20,0.055,16,0.043,12,0.032,12,0.033,10,0.034,11,0.045,9,0.042,8,0.049,7,0.059
Region 23,Region 11,21,0.208,9,0.197,10,0.352,5,0.253,4,0.215,4,0.116,8,0.096,8,0.046,10,0.032,21,0.061,25,0.088,40,0.15,28,0.096,31,0.095,38,0.116,34,0.099,53,0.137,59,0.13,56,0.123,44,0.123,41,0.149,34,0.142,29,0.141,27,0.176,33,0.247,18,0.306,5,0.139,4,0.162,7,0.331,2,0.058,5,0.063,18,0.114,20,0.08,29,0.104,47,0.177,27,0.099,34,0.112,41,0.12,36,0.1,28,0.073,48,0.116,52,0.114,52,0.114,47,0.127,33,0.114,50,0.205,47,0.211,36,0.182,32,0.131,12,0.081,6,0.07,3,0.048,2,0.053,1,0.034,5,0.12,9,0.125,12,0.108,12,0.073,28,0.119,40,0.134,42,0.127,56,0.155,69,0.189,57,0.15,50,0.127,47,0.116,40,0.103,57,0.174,53,0.196,45,0.18,43,0.18,20,0.094,28,0.123,14,0.092,8,0.083,10,0.134,8,0.192,7,0.224,4,0.107,11,0.197,8,0.1,14,0.107,18,0.086,21,0.075,42,0.131,49,0.14,51,0.141,47,0.129,40,0.108,42,0.111,39,0.107,44,0.15,31,0.127,37,0.174,30,0.183,16,0.134
Region 23,Region 12,14,0.139,6,0.132,4,0.141,5,0.253,3,0.161,7,0.204,28,0.336,53,0.303,47,0.152,45,0.131,37,0.131,39,0.146,23,0.079,25,0.077,41,0.126,33,0.096,24,0.062,40,0.088,43,0.095,41,0.115,29,0.105,19,0.079,17,0.083,12,0.078,7,0.052,12,0.204,2,0.056,5,0.202,4,0.189,10,0.292,35,0.441,46,0.292,42,0.168,41,0.147,28,0.105,27,0.099,37,0.122,30,0.088,33,0.092,39,0.102,37,0.089,27,0.059,37,0.081,39,0.105,34,0.118,30,0.123,27,0.121,14,0.071,12,0.049,5,0.034,8,0.094,6,0.096,3,0.079,4,0.137,14,0.336,20,0.277,15,0.135,29,0.176,39,0.166,40,0.134,33,0.099,45,0.125,42,0.115,44,0.116,43,0.109,44,0.108,43,0.111,42,0.128,49,0.181,19,0.076,25,0.105,23,0.108,16,0.07,14,0.092,3,0.031,3,0.04,4,0.096,5,0.16,6,0.16,23,0.411,20,0.249,27,0.206,27,0.129,24,0.086,28,0.088,21,0.06,40,0.111,43,0.118,34,0.092,29,0.077,45,0.123,32,0.109,31,0.127,21,0.099,23,0.14,22,0.184
Region 23,Region 13,22,0.218,10,0.219,7,0.246,2,0.101,7,0.376,7,0.204,24,0.288,61,0.349,110,0.355,109,0.317,104,0.368,97,0.364,96,0.33,89,0.274,101,0.309,98,0.286,100,0.259,119,0.263,117,0.258,93,0.261,81,0.294,61,0.255,48,0.233,38,0.247,33,0.247,17,0.289,12,0.334,7,0.283,2,0.095,7,0.205,31,0.39,58,0.368,91,0.364,94,0.337,85,0.32,75,0.275,90,0.297,107,0.312,87,0.241,109,0.285,112,0.27,126,0.277,140,0.308,90,0.242,71,0.246,52,0.213,56,0.251,53,0.268,55,0.225,25,0.168,9,0.106,5,0.08,8,0.211,6,0.205,10,0.24,20,0.277,43,0.388,48,0.292,82,0.349,95,0.319,121,0.365,116,0.322,117,0.32,120,0.317,135,0.342,130,0.321,105,0.27,60,0.183,76,0.281,56,0.223,50,0.209,73,0.343,64,0.281,25,0.164,10,0.104,14,0.187,11,0.264,6,0.192,3,0.08,7,0.125,16,0.199,37,0.283,73,0.349,105,0.376,108,0.338,106,0.302,118,0.326,100,0.275,125,0.337,127,0.336,102,0.28,86,0.294,73,0.299,65,0.306,43,0.262,32,0.268
Region 23,Region 14,46,0.457,23,0.504,7,0.246,5,0.253,38,2.039,114,3.318,187,2.243,273,1.562,235,0.758,194,0.564,212,0.75,226,0.848,262,0.9,240,0.739,232,0.71,210,0.612,214,0.555,166,0.367,139,0.306,116,0.325,136,0.494,100,0.418,85,0.413,61,0.397,58,0.434,27,0.459,14,0.389,24,0.97,67,3.168,109,3.185,189,2.379,225,1.428,270,1.08,180,0.646,214,0.804,176,0.646,183,0.604,170,0.496,189,0.524,187,0.489,199,0.48,172,0.378,154,0.339,156,0.42,130,0.451,125,0.512,118,0.529,88,0.445,87,0.356,59,0.396,31,0.364,25,0.4,50,1.321,78,2.669,100,2.402,139,1.926,145,1.309,190,1.155,271,1.152,263,0.884,236,0.711,257,0.713,203,0.555,203,0.536,217,0.55,214,0.528,196,0.505,171,0.521,129,0.477,154,0.615,127,0.532,108,0.507,91,0.4,66,0.434,42,0.435,44,0.589,51,1.222,70,2.241,97,2.592,92,1.644,112,1.394,147,1.124,168,0.804,232,0.83,243,0.761,200,0.57,239,0.661,231,0.635,160,0.431,140,0.371,230,0.631,146,0.499,149,0.61,140,0.658,113,0.689,59,0.494
Region 23,Region 15,7,0.069,6,0.132,1,0.035,1,0.051,0,0,0,0,3,0.036,6,0.034,14,0.045,25,0.073,17,0.06,10,0.038,11,0.038,11,0.034,16,0.049,16,0.047,22,0.057,22,0.049,19,0.042,27,0.076,19,0.069,11,0.046,6,0.029,8,0.052,12,0.09,4,0.068,1,0.028,0,0,2,0.095,3,0.088,7,0.088,8,0.051,13,0.052,15,0.054,16,0.06,18,0.066,21,0.069,17,0.05,10,0.028,14,0.037,17,0.041,14,0.031,23,0.051,12,0.032,14,0.049,18,0.074,15,0.067,15,0.076,6,0.025,4,0.027,3,0.035,3,0.048,3,0.079,2,0.068,9,0.216,5,0.069,4,0.036,11,0.067,11,0.047,18,0.06,24,0.072,25,0.069,25,0.068,17,0.045,26,0.066,18,0.044,13,0.033,11,0.034,17,0.063,13,0.052,18,0.075,11,0.052,11,0.048,6,0.039,7,0.072,3,0.04,0,0,2,0.064,2,0.053,2,0.036,3,0.037,6,0.046,5,0.024,18,0.064,21,0.066,11,0.031,13,0.036,18,0.05,18,0.049,15,0.04,11,0.03,19,0.065,21,0.086,18,0.085,16,0.098,4,0.033
Region 23,Region 16,0,0,0,0,0,0,0,0,0,0,0,0,1,0.012,2,0.011,4,0.013,3,0.009,1,0.004,3,0.011,1,0.003,0,0,0,0,1,0.003,1,0.003,1,0.002,1,0.002,0,0,1,0.004,2,0.008,1,0.005,0,0,0,0,0,0,0,0,0,0,0,0,0,0,1,0.013,3,0.019,2,0.008,0,0,2,0.008,3,0.011,1,0.003,1,0.003,2,0.006,1,0.003,0,0,3,0.007,5,0.011,2,0.005,0,0,2,0.008,0,0,0,0,0,0,0,0,0,0,0,0,0,0,0,0,1,0.024,1,0.014,1,0.009,3,0.018,2,0.009,3,0.01,3,0.009,2,0.006,1,0.003,4,0.011,3,0.008,3,0.007,6,0.015,3,0.009,4,0.015,2,0.008,0,0,1,0.005,0,0,0,0,0,0,0,0,0,0,0,0,2,0.053,2,0.036,1,0.012,0,0,3,0.014,2,0.007,4,0.013,3,0.009,4,0.011,2,0.006,3,0.008,5,0.013,5,0.014,4,0.014,2,0.008,0,0,0,0,0,0
Region 23,Region 17,37,0.367,18,0.395,7,0.246,7,0.354,8,0.429,50,1.455,149,1.787,295,1.688,455,1.467,349,1.015,211,0.746,120,0.451,123,0.422,109,0.336,119,0.364,179,0.522,196,0.508,283,0.626,286,0.63,222,0.622,109,0.396,72,0.301,73,0.355,37,0.241,42,0.314,21,0.357,11,0.306,6,0.242,15,0.709,49,1.432,146,1.838,183,1.161,260,1.04,180,0.646,116,0.436,100,0.367,119,0.392,157,0.458,226,0.627,310,0.811,418,1.008,587,1.291,509,1.12,321,0.864,145,0.503,85,0.348,78,0.349,95,0.481,72,0.294,33,0.222,19,0.223,23,0.368,15,0.396,11,0.376,31,0.744,61,0.845,49,0.443,65,0.395,79,0.336,90,0.302,115,0.347,127,0.352,132,0.361,217,0.573,225,0.571,209,0.515,202,0.52,148,0.451,100,0.37,96,0.383,85,0.356,91,0.428,102,0.449,59,0.388,19,0.197,18,0.241,13,0.311,13,0.416,21,0.561,50,0.893,45,0.56,67,0.512,72,0.344,85,0.304,106,0.332,133,0.379,179,0.495,247,0.679,295,0.795,445,1.178,480,1.316,255,0.872,132,0.54,73,0.343,58,0.354,71,0.594
Region 23,Region 18,19,0.189,13,0.285,10,0.352,3,0.152,3,0.161,6,0.175,16,0.192,29,0.166,52,0.168,51,0.148,39,0.138,49,0.184,42,0.144,54,0.166,57,0.174,55,0.16,94,0.244,94,0.208,88,0.194,71,0.199,61,0.222,58,0.243,45,0.219,29,0.189,19,0.142,13,0.221,8,0.223,2,0.081,3,0.142,7,0.205,25,0.315,34,0.216,40,0.16,32,0.115,42,0.158,35,0.128,40,0.132,52,0.152,72,0.2,61,0.16,81,0.195,75,0.165,66,0.145,61,0.164,54,0.187,35,0.143,48,0.215,34,0.172,33,0.135,28,0.188,13,0.153,4,0.064,7,0.185,7,0.24,20,0.48,10,0.139,21,0.19,26,0.158,43,0.183,51,0.171,54,0.163,70,0.194,69,0.189,57,0.15,73,0.185,64,0.158,61,0.157,69,0.21,59,0.218,63,0.251,49,0.205,36,0.169,44,0.193,26,0.171,10,0.104,27,0.362,13,0.311,6,0.192,4,0.107,9,0.161,8,0.1,27,0.206,33,0.158,53,0.19,58,0.182,60,0.171,58,0.16,62,0.171,51,0.137,56,0.148,56,0.154,61,0.209,60,0.246,60,0.282,35,0.213,25,0.209
Region 23,Region 19,2,0.02,0,0,1,0.035,0,0,0,0,2,0.058,2,0.024,3,0.017,7,0.023,6,0.017,4,0.014,5,0.019,8,0.027,1,0.003,3,0.009,9,0.026,7,0.018,21,0.046,16,0.035,6,0.017,0,0,2,0.008,2,0.01,2,0.013,0,0,1,0.017,0,0,1,0.04,1,0.047,2,0.058,1,0.013,2,0.013,3,0.012,5,0.018,3,0.011,4,0.015,3,0.01,3,0.009,11,0.031,17,0.044,18,0.043,17,0.037,9,0.02,5,0.013,3,0.01,3,0.012,2,0.009,2,0.01,6,0.025,6,0.04,2,0.023,2,0.032,1,0.026,0,0,0,0,0,0,2,0.018,3,0.018,6,0.026,2,0.007,8,0.024,7,0.019,6,0.016,6,0.016,1,0.003,3,0.007,3,0.008,9,0.027,5,0.018,3,0.012,2,0.008,4,0.019,4,0.018,1,0.007,2,0.021,0,0,0,0,0,0,2,0.053,0,0,1,0.012,2,0.015,7,0.033,5,0.018,5,0.016,10,0.029,11,0.03,8,0.022,6,0.016,5,0.013,5,0.014,2,0.007,1,0.004,0,0,4,0.024,1,0.008
Region 23,Region 20,9,0.089,2,0.044,1,0.035,0,0,5,0.268,13,0.378,51,0.612,103,0.589,98,0.316,98,0.285,81,0.286,56,0.21,44,0.151,50,0.154,45,0.138,32,0.093,41,0.106,48,0.106,35,0.077,35,0.098,30,0.109,32,0.134,36,0.175,14,0.091,21,0.157,2,0.034,8,0.223,6,0.242,4,0.189,15,0.438,44,0.554,97,0.615,84,0.336,73,0.262,61,0.229,48,0.176,53,0.175,56,0.164,63,0.175,82,0.214,62,0.149,84,0.185,77,0.169,58,0.156,46,0.16,36,0.148,41,0.184,36,0.182,32,0.131,12,0.081,5,0.059,3,0.048,5,0.132,4,0.137,7,0.168,43,0.596,27,0.244,35,0.213,29,0.123,41,0.138,39,0.118,33,0.092,32,0.087,43,0.113,37,0.094,40,0.099,50,0.129,43,0.131,22,0.081,36,0.144,41,0.172,34,0.16,18,0.079,8,0.053,6,0.062,7,0.094,3,0.072,2,0.064,8,0.214,30,0.536,22,0.274,24,0.184,30,0.144,30,0.107,34,0.106,33,0.094,41,0.113,47,0.129,43,0.116,52,0.138,58,0.159,62,0.212,42,0.172,26,0.122,22,0.134,22,0.184
Region 23,Region 21,3,0.03,2,0.044,0,0,0,0,0,0,1,0.029,8,0.096,18,0.103,20,0.064,11,0.032,12,0.042,16,0.06,21,0.072,20,0.062,18,0.055,12,0.035,31,0.08,18,0.04,32,0.07,20,0.056,10,0.036,10,0.042,8,0.039,7,0.046,3,0.022,4,0.068,3,0.083,2,0.081,1,0.047,1,0.029,6,0.076,14,0.089,15,0.06,17,0.061,14,0.053,11,0.04,13,0.043,17,0.05,22,0.061,18,0.047,17,0.041,13,0.029,18,0.04,20,0.054,14,0.049,10,0.041,7,0.031,7,0.035,7,0.029,5,0.034,5,0.059,2,0.032,0,0,3,0.103,4,0.096,6,0.083,7,0.063,10,0.061,17,0.072,23,0.077,21,0.063,22,0.061,19,0.052,16,0.042,9,0.023,12,0.03,23,0.059,13,0.04,16,0.059,15,0.06,4,0.017,8,0.038,7,0.031,3,0.02,3,0.031,2,0.027,2,0.048,1,0.032,1,0.027,5,0.089,5,0.062,16,0.122,22,0.105,29,0.104,25,0.078,32,0.091,27,0.075,29,0.08,31,0.084,31,0.082,29,0.08,16,0.055,14,0.057,14,0.066,12,0.073,9,0.075
Region 23,Region 22,5,0.05,1,0.022,1,0.035,0,0,1,0.054,4,0.116,4,0.048,3,0.017,15,0.048,11,0.032,10,0.035,7,0.026,8,0.027,7,0.022,5,0.015,9,0.026,14,0.036,11,0.024,11,0.024,9,0.025,8,0.029,6,0.025,7,0.034,1,0.007,4,0.03,3,0.051,0,0,0,0,1,0.047,0,0,4,0.05,6,0.038,10,0.04,13,0.047,14,0.053,14,0.051,14,0.046,6,0.018,12,0.033,11,0.029,10,0.024,11,0.024,13,0.029,9,0.024,5,0.017,11,0.045,9,0.04,9,0.046,7,0.029,3,0.02,0,0,0,0,0,0,0,0,1,0.024,3,0.042,6,0.054,20,0.122,14,0.06,20,0.067,20,0.06,15,0.042,15,0.041,16,0.042,10,0.025,9,0.022,18,0.046,11,0.034,12,0.044,12,0.048,8,0.034,2,0.009,4,0.018,2,0.013,3,0.031,3,0.04,1,0.024,1,0.032,1,0.027,2,0.036,2,0.025,4,0.031,19,0.091,16,0.057,22,0.069,22,0.063,11,0.03,12,0.033,14,0.038,6,0.016,14,0.038,10,0.034,15,0.061,11,0.052,4,0.024,4,0.033
Region 23,Region 23,112,1.112,61,1.338,39,1.372,28,1.415,27,1.448,47,1.368,77,0.924,123,0.704,221,0.713,206,0.599,195,0.69,189,0.71,233,0.8,238,0.733,244,0.747,292,0.851,329,0.853,316,0.699,369,0.812,277,0.777,276,1.002,243,1.016,165,0.801,149,0.969,117,0.875,62,1.055,30,0.834,18,0.727,33,1.56,48,1.403,75,0.944,115,0.73,194,0.776,209,0.75,217,0.816,200,0.734,244,0.805,273,0.797,285,0.79,302,0.79,330,0.796,401,0.882,380,0.836,315,0.848,295,1.023,252,1.033,209,0.936,144,0.729,129,0.528,62,0.416,59,0.692,34,0.544,23,0.608,22,0.753,58,1.393,54,0.748,109,0.984,139,0.845,188,0.799,228,0.766,233,0.702,290,0.805,259,0.708,309,0.815,353,0.895,343,0.846,343,0.884,286,0.871,233,0.861,252,1.006,239,1.001,171,0.804,173,0.761,107,0.703,72,0.745,55,0.736,49,1.174,47,1.504,46,1.229,64,1.144,80,0.996,127,0.971,165,0.789,242,0.866,256,0.801,273,0.778,261,0.722,293,0.806,331,0.892,301,0.797,279,0.765,235,0.804,230,0.942,197,0.926,150,0.915,129,1.08
Region 23,Region 24,4,0.04,3,0.066,2,0.07,2,0.101,1,0.054,0,0,5,0.06,8,0.046,16,0.052,11,0.032,7,0.025,5,0.019,9,0.031,10,0.031,15,0.046,8,0.023,12,0.031,9,0.02,14,0.031,13,0.036,12,0.044,9,0.038,6,0.029,4,0.026,5,0.037,0,0,0,0,0,0,1,0.047,1,0.029,2,0.025,8,0.051,12,0.048,8,0.029,4,0.015,5,0.018,6,0.02,8,0.023,9,0.025,6,0.016,10,0.024,12,0.026,9,0.02,8,0.022,5,0.017,5,0.02,8,0.036,7,0.035,2,0.008,2,0.013,1,0.012,0,0,1,0.026,0,0,0,0,0,0,5,0.045,11,0.067,14,0.06,12,0.04,8,0.024,13,0.036,14,0.038,11,0.029,12,0.03,10,0.025,17,0.044,10,0.03,6,0.022,16,0.064,15,0.063,7,0.033,3,0.013,4,0.026,1,0.01,1,0.013,2,0.048,1,0.032,2,0.053,2,0.036,4,0.05,9,0.069,6,0.029,19,0.068,13,0.041,13,0.037,16,0.044,17,0.047,22,0.059,16,0.042,16,0.044,12,0.041,9,0.037,12,0.056,6,0.037,2,0.017
Region 23,Region 25,36,0.357,12,0.263,10,0.352,9,0.455,4,0.215,19,0.553,42,0.504,71,0.406,103,0.332,83,0.241,83,0.293,111,0.417,82,0.282,89,0.274,89,0.272,82,0.239,111,0.288,115,0.254,107,0.236,95,0.266,48,0.174,55,0.23,36,0.175,37,0.241,36,0.269,20,0.34,13,0.362,11,0.444,5,0.236,19,0.555,49,0.617,77,0.489,91,0.364,72,0.258,79,0.297,71,0.26,75,0.247,79,0.231,61,0.169,81,0.212,92,0.222,118,0.26,99,0.218,83,0.223,65,0.225,72,0.295,72,0.323,55,0.278,46,0.188,22,0.148,16,0.188,9,0.144,8,0.211,8,0.274,9,0.216,21,0.291,22,0.199,43,0.261,40,0.17,79,0.265,75,0.226,87,0.241,103,0.282,121,0.319,111,0.281,108,0.266,102,0.263,85,0.259,84,0.311,78,0.311,65,0.272,70,0.329,44,0.193,26,0.171,18,0.186,11,0.147,12,0.287,8,0.256,18,0.481,25,0.447,28,0.349,54,0.413,88,0.421,125,0.447,100,0.313,92,0.262,89,0.246,98,0.27,100,0.269,105,0.278,68,0.186,65,0.222,61,0.25,55,0.259,46,0.281,27,0.226
Region 24,Region 0,0,0,0,0,0,0,0,0,0,0,0,0,0,0,0,0,4,0.013,5,0.015,6,0.021,3,0.011,3,0.01,7,0.022,2,0.006,4,0.012,6,0.016,7,0.015,3,0.007,1,0.003,2,0.007,4,0.017,3,0.015,1,0.007,0,0,0,0,0,0,0,0,0,0,0,0,0,0,1,0.006,2,0.008,4,0.014,5,0.019,5,0.018,3,0.01,5,0.015,4,0.011,4,0.01,5,0.012,4,0.009,5,0.011,4,0.011,4,0.014,3,0.012,2,0.009,2,0.01,0,0,1,0.007,0,0,0,0,0,0,0,0,0,0,0,0,1,0.009,0,0,4,0.017,0,0,2,0.006,2,0.006,4,0.011,7,0.018,10,0.025,4,0.01,5,0.013,4,0.012,2,0.007,1,0.004,2,0.008,1,0.005,0,0,1,0.007,0,0,0,0,0,0,0,0,1,0.027,0,0,1,0.012,2,0.015,2,0.01,2,0.007,0,0,5,0.014,6,0.017,6,0.017,4,0.011,3,0.008,4,0.011,2,0.007,3,0.012,3,0.014,1,0.006,0,0
Region 24,Region 1,1,0.01,1,0.022,0,0,0,0,0,0,0,0,0,0,3,0.017,5,0.016,10,0.029,3,0.011,7,0.026,5,0.017,2,0.006,2,0.006,5,0.015,7,0.018,8,0.018,6,0.013,7,0.02,4,0.015,3,0.013,2,0.01,4,0.026,3,0.022,0,0,0,0,0,0,0,0,0,0,1,0.013,2,0.013,6,0.024,7,0.025,4,0.015,4,0.015,1,0.003,5,0.015,9,0.025,8,0.021,11,0.027,6,0.013,3,0.007,11,0.03,3,0.01,3,0.012,3,0.013,4,0.02,2,0.008,0,0,0,0,0,0,0,0,0,0,0,0,0,0,0,0,3,0.018,3,0.013,0,0,6,0.018,5,0.014,1,0.003,7,0.018,4,0.01,8,0.02,11,0.028,6,0.018,3,0.011,5,0.02,5,0.021,2,0.009,2,0.009,0,0,2,0.021,1,0.013,0,0,0,0,0,0,0,0,2,0.025,1,0.008,4,0.019,6,0.021,5,0.016,3,0.009,3,0.008,10,0.028,9,0.024,10,0.026,2,0.005,4,0.014,2,0.008,2,0.009,2,0.012,0,0
Region 24,Region 2,0,0,0,0,1,0.035,0,0,0,0,0,0,0,0,1,0.006,3,0.01,12,0.035,5,0.018,2,0.008,2,0.007,3,0.009,4,0.012,2,0.006,2,0.005,8,0.018,7,0.015,5,0.014,4,0.015,1,0.004,1,0.005,0,0,0,0,0,0,0,0,0,0,0,0,0,0,0,0,0,0,2,0.008,8,0.029,0,0,1,0.004,0,0,1,0.003,5,0.014,1,0.003,2,0.005,5,0.011,5,0.011,3,0.008,3,0.01,0,0,4,0.018,3,0.015,0,0,0,0,0,0,0,0,0,0,0,0,0,0,0,0,1,0.009,1,0.006,4,0.017,4,0.013,1,0.003,2,0.006,4,0.011,3,0.008,6,0.015,15,0.037,10,0.026,3,0.009,4,0.015,3,0.012,2,0.008,2,0.009,1,0.004,0,0,2,0.021,0,0,0,0,0,0,0,0,0,0,2,0.025,2,0.015,2,0.01,1,0.004,4,0.013,4,0.011,2,0.006,2,0.006,4,0.011,3,0.008,4,0.011,1,0.003,2,0.008,4,0.019,1,0.006,0,0
Region 24,Region 3,23,0.228,3,0.066,2,0.07,0,0,1,0.054,5,0.146,8,0.096,18,0.103,27,0.087,38,0.111,41,0.145,44,0.165,42,0.144,59,0.182,54,0.165,69,0.201,70,0.182,80,0.177,84,0.185,83,0.233,68,0.247,49,0.205,37,0.18,25,0.163,30,0.224,9,0.153,4,0.111,3,0.121,3,0.142,4,0.117,5,0.063,15,0.095,33,0.132,43,0.154,47,0.177,51,0.187,68,0.224,68,0.199,58,0.161,77,0.201,68,0.164,76,0.167,78,0.172,73,0.197,64,0.222,63,0.258,50,0.224,31,0.157,31,0.127,15,0.101,8,0.094,6,0.096,7,0.185,4,0.137,10,0.24,11,0.152,24,0.217,31,0.188,44,0.187,58,0.195,65,0.196,82,0.227,68,0.186,67,0.177,71,0.18,72,0.178,79,0.203,74,0.225,68,0.251,48,0.192,57,0.239,30,0.141,37,0.163,15,0.099,9,0.093,7,0.094,4,0.096,2,0.064,3,0.08,2,0.036,8,0.1,23,0.176,55,0.263,50,0.179,59,0.185,77,0.22,73,0.202,65,0.179,71,0.191,73,0.193,69,0.189,55,0.188,66,0.27,64,0.301,34,0.207,18,0.151
Region 24,Region 4,2,0.02,0,0,0,0,0,0,0,0,0,0,0,0,0,0,4,0.013,3,0.009,4,0.014,7,0.026,3,0.01,5,0.015,9,0.028,2,0.006,4,0.01,5,0.011,8,0.018,2,0.006,3,0.011,5,0.021,6,0.029,1,0.007,0,0,0,0,0,0,0,0,0,0,0,0,0,0,1,0.006,2,0.008,0,0,2,0.008,5,0.018,5,0.016,3,0.009,0,0,4,0.01,6,0.014,5,0.011,7,0.015,4,0.011,6,0.021,3,0.012,2,0.009,2,0.01,2,0.008,0,0,0,0,0,0,1,0.026,0,0,0,0,0,0,1,0.009,3,0.018,3,0.013,5,0.017,6,0.018,5,0.014,3,0.008,8,0.021,5,0.013,11,0.027,4,0.01,2,0.006,2,0.007,2,0.008,5,0.021,0,0,3,0.013,5,0.033,1,0.01,1,0.013,0,0,0,0,0,0,0,0,0,0,2,0.015,1,0.005,2,0.007,4,0.013,6,0.017,4,0.011,8,0.022,6,0.016,10,0.026,5,0.014,7,0.024,5,0.02,2,0.009,1,0.006,0,0
Region 24,Region 5,4,0.04,2,0.044,1,0.035,1,0.051,2,0.107,3,0.087,4,0.048,20,0.114,36,0.116,27,0.079,45,0.159,41,0.154,27,0.093,29,0.089,35,0.107,38,0.111,24,0.062,36,0.08,37,0.081,18,0.05,30,0.109,24,0.1,18,0.087,5,0.033,2,0.015,2,0.034,1,0.028,1,0.04,1,0.047,3,0.088,4,0.05,18,0.114,29,0.116,34,0.122,33,0.124,32,0.117,24,0.079,33,0.096,41,0.114,24,0.063,31,0.075,36,0.079,52,0.114,31,0.083,30,0.104,16,0.066,8,0.036,5,0.025,4,0.016,3,0.02,3,0.035,2,0.032,1,0.026,2,0.068,1,0.024,7,0.097,9,0.081,21,0.128,35,0.149,59,0.198,60,0.181,38,0.105,62,0.169,50,0.132,43,0.109,44,0.108,31,0.08,25,0.076,23,0.085,18,0.072,12,0.05,9,0.042,4,0.018,9,0.059,4,0.041,0,0,0,0,0,0,3,0.08,5,0.089,10,0.124,16,0.122,37,0.177,51,0.183,42,0.131,49,0.14,43,0.119,57,0.157,46,0.124,51,0.135,29,0.08,22,0.075,18,0.074,20,0.094,11,0.067,6,0.05
Region 24,Region 6,0,0,0,0,0,0,0,0,0,0,1,0.029,0,0,0,0,1,0.003,0,0,1,0.004,1,0.004,2,0.007,2,0.006,2,0.006,4,0.012,1,0.003,3,0.007,4,0.009,3,0.008,0,0,2,0.008,1,0.005,0,0,0,0,0,0,0,0,0,0,0,0,0,0,0,0,0,0,1,0.004,1,0.004,2,0.008,1,0.004,1,0.003,0,0,1,0.003,3,0.008,3,0.007,1,0.002,3,0.007,0,0,0,0,0,0,0,0,0,0,0,0,0,0,0,0,0,0,1,0.026,0,0,0,0,0,0,1,0.009,0,0,1,0.004,2,0.007,1,0.003,3,0.008,1,0.003,2,0.005,5,0.013,1,0.002,1,0.003,3,0.009,1,0.004,0,0,1,0.004,1,0.005,0,0,1,0.007,0,0,0,0,0,0,0,0,1,0.027,0,0,0,0,0,0,0,0,2,0.007,4,0.013,0,0,3,0.008,1,0.003,1,0.003,2,0.005,1,0.003,0,0,3,0.012,2,0.009,0,0,1,0.008
Region 24,Region 7,8,0.079,5,0.11,0,0,1,0.051,2,0.107,2,0.058,4,0.048,15,0.086,38,0.123,34,0.099,15,0.053,11,0.041,21,0.072,24,0.074,17,0.052,25,0.073,25,0.065,31,0.069,23,0.051,21,0.059,16,0.058,15,0.063,13,0.063,8,0.052,9,0.067,8,0.136,3,0.083,0,0,1,0.047,0,0,1,0.013,17,0.108,28,0.112,19,0.068,12,0.045,11,0.04,22,0.073,25,0.073,29,0.08,38,0.099,42,0.101,40,0.088,38,0.084,24,0.065,25,0.087,27,0.111,18,0.081,15,0.076,12,0.049,10,0.067,3,0.035,1,0.016,1,0.026,5,0.171,0,0,9,0.125,6,0.054,17,0.103,13,0.055,16,0.054,23,0.069,25,0.069,19,0.052,32,0.084,26,0.066,34,0.084,31,0.08,18,0.055,20,0.074,25,0.1,21,0.088,13,0.061,7,0.031,8,0.053,2,0.021,1,0.013,2,0.048,6,0.192,2,0.053,4,0.071,4,0.05,16,0.122,14,0.067,15,0.054,17,0.053,18,0.051,30,0.083,30,0.083,35,0.094,26,0.069,30,0.082,33,0.113,29,0.119,17,0.08,14,0.085,7,0.059
Region 24,Region 8,0,0,0,0,1,0.035,0,0,1,0.054,0,0,3,0.036,12,0.069,16,0.052,14,0.041,16,0.057,6,0.023,9,0.031,9,0.028,12,0.037,12,0.035,12,0.031,7,0.015,8,0.018,14,0.039,13,0.047,13,0.054,11,0.053,9,0.059,1,0.007,3,0.051,2,0.056,1,0.04,1,0.047,5,0.146,0,0,6,0.038,9,0.036,6,0.022,13,0.049,4,0.015,9,0.03,6,0.018,10,0.028,9,0.024,7,0.017,14,0.031,5,0.011,9,0.024,6,0.021,7,0.029,4,0.018,10,0.051,7,0.029,1,0.007,3,0.035,1,0.016,0,0,0,0,0,0,2,0.028,8,0.072,14,0.085,13,0.055,10,0.034,9,0.027,11,0.031,11,0.03,17,0.045,16,0.041,13,0.032,14,0.036,8,0.024,9,0.033,4,0.016,3,0.013,3,0.014,3,0.013,3,0.02,2,0.021,2,0.027,0,0,1,0.032,2,0.053,2,0.036,2,0.025,4,0.031,5,0.024,14,0.05,12,0.038,13,0.037,17,0.047,15,0.041,8,0.022,18,0.048,12,0.033,13,0.044,7,0.029,6,0.028,3,0.018,0,0
Region 24,Region 9,12,0.119,3,0.066,0,0,1,0.051,0,0,0,0,4,0.048,6,0.034,21,0.068,27,0.079,40,0.141,31,0.116,31,0.106,39,0.12,34,0.104,43,0.125,49,0.127,63,0.139,67,0.148,54,0.151,40,0.145,27,0.113,21,0.102,8,0.052,6,0.045,4,0.068,2,0.056,1,0.04,0,0,0,0,3,0.038,8,0.051,18,0.072,34,0.122,24,0.09,21,0.077,45,0.148,40,0.117,37,0.103,41,0.107,40,0.096,67,0.147,58,0.128,49,0.132,37,0.128,30,0.123,18,0.081,16,0.081,19,0.078,8,0.054,7,0.082,0,0,2,0.053,1,0.034,1,0.024,4,0.055,9,0.081,17,0.103,33,0.14,42,0.141,40,0.121,67,0.186,68,0.186,63,0.166,45,0.114,44,0.108,45,0.116,43,0.131,34,0.126,30,0.12,31,0.13,25,0.117,17,0.075,6,0.039,8,0.083,0,0,1,0.024,0,0,0,0,5,0.089,11,0.137,9,0.069,26,0.124,48,0.172,47,0.147,63,0.18,63,0.174,57,0.157,62,0.167,60,0.159,52,0.143,42,0.144,34,0.139,29,0.136,14,0.085,11,0.092
Region 24,Region 10,2,0.02,0,0,0,0,0,0,0,0,2,0.058,3,0.036,6,0.034,15,0.048,24,0.07,15,0.053,13,0.049,20,0.069,12,0.037,16,0.049,23,0.067,32,0.083,25,0.055,16,0.035,10,0.028,7,0.025,13,0.054,13,0.063,7,0.046,2,0.015,0,0,1,0.028,1,0.04,0,0,0,0,3,0.038,9,0.057,11,0.044,11,0.039,16,0.06,11,0.04,16,0.053,13,0.038,23,0.064,16,0.042,22,0.053,36,0.079,16,0.035,8,0.022,15,0.052,10,0.041,6,0.027,12,0.061,2,0.008,2,0.013,1,0.012,0,0,0,0,0,0,0,0,3,0.042,14,0.126,10,0.061,15,0.064,15,0.05,16,0.048,10,0.028,16,0.044,20,0.053,21,0.053,22,0.054,8,0.021,6,0.018,3,0.011,5,0.02,13,0.054,2,0.009,2,0.009,3,0.02,0,0,1,0.013,1,0.024,0,0,1,0.027,1,0.018,3,0.037,10,0.076,14,0.067,22,0.079,16,0.05,18,0.051,21,0.058,27,0.074,17,0.046,21,0.056,13,0.036,19,0.065,10,0.041,14,0.066,4,0.024,4,0.033
Region 24,Region 11,1,0.01,0,0,0,0,0,0,0,0,0,0,1,0.012,3,0.017,2,0.006,0,0,0,0,0,0,0,0,1,0.003,0,0,2,0.006,2,0.005,1,0.002,0,0,0,0,1,0.004,0,0,1,0.005,0,0,0,0,0,0,0,0,0,0,0,0,0,0,0,0,0,0,0,0,0,0,0,0,1,0.004,0,0,0,0,0,0,2,0.005,1,0.002,1,0.002,1,0.002,0,0,1,0.003,2,0.008,0,0,1,0.005,1,0.004,0,0,0,0,0,0,0,0,0,0,0,0,1,0.014,0,0,2,0.012,1,0.004,0,0,1,0.003,0,0,4,0.011,2,0.005,2,0.005,1,0.002,1,0.003,1,0.003,1,0.004,1,0.004,1,0.004,0,0,1,0.004,1,0.007,0,0,0,0,0,0,0,0,0,0,0,0,0,0,2,0.015,0,0,0,0,1,0.003,0,0,0,0,2,0.006,1,0.003,1,0.003,0,0,1,0.003,0,0,0,0,0,0,0,0
Region 24,Region 12,14,0.139,5,0.11,3,0.106,2,0.101,1,0.054,1,0.029,13,0.156,22,0.126,49,0.158,63,0.183,39,0.138,20,0.075,28,0.096,22,0.068,25,0.077,25,0.073,38,0.099,36,0.08,36,0.079,35,0.098,22,0.08,23,0.096,20,0.097,15,0.098,11,0.082,3,0.051,4,0.111,2,0.081,1,0.047,7,0.205,13,0.164,21,0.133,23,0.092,25,0.09,23,0.086,25,0.092,27,0.089,34,0.099,32,0.089,39,0.102,37,0.089,42,0.092,32,0.07,32,0.086,26,0.09,28,0.115,18,0.081,12,0.061,15,0.061,12,0.081,5,0.059,3,0.048,4,0.106,4,0.137,5,0.12,19,0.263,43,0.388,24,0.146,32,0.136,27,0.091,33,0.099,30,0.083,44,0.12,46,0.121,34,0.086,37,0.091,40,0.103,41,0.125,26,0.096,20,0.08,21,0.088,16,0.075,14,0.062,9,0.059,7,0.072,2,0.027,1,0.024,3,0.096,11,0.294,16,0.286,23,0.286,27,0.206,21,0.1,23,0.082,30,0.094,38,0.108,34,0.094,45,0.124,45,0.121,36,0.095,28,0.077,27,0.092,19,0.078,27,0.127,20,0.122,11,0.092
Region 24,Region 13,1,0.01,3,0.066,0,0,0,0,0,0,0,0,0,0,1,0.006,15,0.048,9,0.026,11,0.039,11,0.041,11,0.038,9,0.028,6,0.018,5,0.015,11,0.029,17,0.038,14,0.031,14,0.039,4,0.015,9,0.038,11,0.053,6,0.039,4,0.03,1,0.017,2,0.056,0,0,0,0,0,0,1,0.013,1,0.006,14,0.056,13,0.047,11,0.041,9,0.033,13,0.043,16,0.047,5,0.014,14,0.037,13,0.031,12,0.026,9,0.02,14,0.038,5,0.017,4,0.016,4,0.018,11,0.056,8,0.033,1,0.007,3,0.035,1,0.016,0,0,1,0.034,0,0,1,0.014,0,0,2,0.012,14,0.06,11,0.037,20,0.06,16,0.044,14,0.038,11,0.029,14,0.035,17,0.042,14,0.036,2,0.006,10,0.037,11,0.044,5,0.021,4,0.019,4,0.018,4,0.026,1,0.01,2,0.027,1,0.024,0,0,2,0.053,1,0.018,2,0.025,5,0.038,8,0.038,16,0.057,18,0.056,9,0.026,14,0.039,17,0.047,20,0.054,19,0.05,11,0.03,9,0.031,5,0.02,4,0.019,2,0.012,0,0
Region 24,Region 14,2,0.02,2,0.044,0,0,0,0,0,0,1,0.029,5,0.06,8,0.046,34,0.11,52,0.151,35,0.124,26,0.098,29,0.1,39,0.12,39,0.119,42,0.122,49,0.127,57,0.126,61,0.134,42,0.118,22,0.08,26,0.109,18,0.087,9,0.059,7,0.052,1,0.017,1,0.028,0,0,0,0,1,0.029,4,0.05,14,0.089,24,0.096,33,0.118,32,0.12,25,0.092,38,0.125,32,0.093,37,0.103,45,0.118,42,0.101,41,0.09,53,0.117,42,0.113,21,0.073,17,0.07,9,0.04,7,0.035,9,0.037,5,0.034,1,0.012,3,0.048,0,0,0,0,3,0.072,5,0.069,13,0.117,23,0.14,28,0.119,41,0.138,41,0.124,46,0.128,39,0.107,47,0.124,56,0.142,36,0.089,29,0.075,29,0.088,31,0.115,17,0.068,15,0.063,6,0.028,8,0.035,4,0.026,3,0.031,1,0.013,0,0,1,0.032,0,0,3,0.054,3,0.037,15,0.115,25,0.12,30,0.107,41,0.128,45,0.128,51,0.141,49,0.135,51,0.137,47,0.124,33,0.09,22,0.075,27,0.111,13,0.061,11,0.067,4,0.033
Region 24,Region 15,0,0,0,0,0,0,0,0,0,0,0,0,0,0,0,0,2,0.006,0,0,0,0,1,0.004,0,0,0,0,0,0,0,0,2,0.005,0,0,0,0,0,0,0,0,1,0.004,0,0,1,0.007,0,0,0,0,0,0,0,0,0,0,0,0,0,0,0,0,1,0.004,1,0.004,1,0.004,0,0,0,0,3,0.009,0,0,0,0,1,0.002,1,0.002,0,0,0,0,1,0.003,0,0,0,0,0,0,0,0,0,0,0,0,0,0,0,0,0,0,0,0,0,0,1,0.009,0,0,3,0.013,0,0,0,0,1,0.003,0,0,1,0.003,0,0,0,0,0,0,0,0,0,0,0,0,1,0.004,0,0,0,0,0,0,0,0,0,0,0,0,0,0,1,0.027,1,0.018,0,0,1,0.008,0,0,0,0,0,0,1,0.003,1,0.003,1,0.003,2,0.005,1,0.003,0,0,0,0,2,0.008,0,0,1,0.006,1,0.008
Region 24,Region 16,3,0.03,0,0,1,0.035,0,0,1,0.054,0,0,0,0,1,0.006,9,0.029,7,0.02,6,0.021,8,0.03,4,0.014,4,0.012,6,0.018,15,0.044,19,0.049,20,0.044,23,0.051,9,0.025,9,0.033,3,0.013,2,0.01,4,0.026,1,0.007,0,0,1,0.028,0,0,0,0,0,0,1,0.013,2,0.013,7,0.028,8,0.029,6,0.023,12,0.044,4,0.013,8,0.023,12,0.033,17,0.044,14,0.034,14,0.031,19,0.042,14,0.038,7,0.024,4,0.016,2,0.009,2,0.01,2,0.008,1,0.007,0,0,0,0,0,0,0,0,0,0,3,0.042,1,0.009,4,0.024,13,0.055,8,0.027,7,0.021,7,0.019,10,0.027,10,0.026,11,0.028,13,0.032,13,0.033,15,0.046,10,0.037,5,0.02,5,0.021,1,0.005,0,0,2,0.013,0,0,0,0,0,0,0,0,0,0,1,0.018,4,0.05,4,0.031,5,0.024,9,0.032,12,0.038,13,0.037,7,0.019,11,0.03,12,0.032,9,0.024,13,0.036,6,0.021,10,0.041,1,0.005,4,0.024,0,0
Region 24,Region 17,4,0.04,2,0.044,0,0,1,0.051,0,0,2,0.058,5,0.06,14,0.08,50,0.161,39,0.113,17,0.06,11,0.041,11,0.038,6,0.018,11,0.034,22,0.064,31,0.08,30,0.066,30,0.066,30,0.084,15,0.054,10,0.042,8,0.039,9,0.059,8,0.06,3,0.051,2,0.056,1,0.04,2,0.095,2,0.058,5,0.063,5,0.032,14,0.056,18,0.065,15,0.056,10,0.037,12,0.04,11,0.032,23,0.064,35,0.092,37,0.089,55,0.121,77,0.169,44,0.118,23,0.08,11,0.045,8,0.036,17,0.086,12,0.049,2,0.013,5,0.059,0,0,0,0,0,0,1,0.024,3,0.042,5,0.045,7,0.043,9,0.038,9,0.03,9,0.027,13,0.036,12,0.033,17,0.045,21,0.053,23,0.057,21,0.054,24,0.073,15,0.055,16,0.064,19,0.08,4,0.019,4,0.018,6,0.039,1,0.01,1,0.013,0,0,1,0.032,2,0.053,2,0.036,2,0.025,6,0.046,9,0.043,2,0.007,11,0.034,14,0.04,6,0.017,15,0.041,23,0.062,35,0.093,19,0.052,16,0.055,24,0.098,10,0.047,8,0.049,2,0.017
Region 24,Region 18,0,0,0,0,0,0,0,0,0,0,0,0,0,0,0,0,0,0,1,0.003,0,0,0,0,0,0,0,0,0,0,1,0.003,0,0,0,0,1,0.002,0,0,0,0,0,0,0,0,2,0.013,0,0,0,0,1,0.028,0,0,0,0,0,0,0,0,0,0,0,0,0,0,0,0,0,0,0,0,0,0,0,0,1,0.003,0,0,2,0.004,3,0.007,1,0.003,1,0.003,0,0,0,0,0,0,0,0,0,0,1,0.012,0,0,0,0,0,0,1,0.024,0,0,0,0,0,0,0,0,1,0.003,0,0,1,0.003,0,0,0,0,0,0,0,0,0,0,0,0,0,0,1,0.004,1,0.004,0,0,0,0,0,0,0,0,0,0,0,0,0,0,0,0,0,0,0,0,0,0,0,0,0,0,0,0,0,0,0,0,2,0.006,0,0,1,0.003,0,0,0,0,0,0,0,0,0,0,1,0.008
Region 24,Region 19,0,0,0,0,0,0,0,0,0,0,0,0,0,0,1,0.006,2,0.006,3,0.009,1,0.004,1,0.004,0,0,0,0,0,0,2,0.006,3,0.008,4,0.009,3,0.007,2,0.006,1,0.004,0,0,1,0.005,3,0.02,0,0,0,0,0,0,0,0,0,0,0,0,0,0,0,0,0,0,0,0,1,0.004,1,0.004,1,0.003,1,0.003,1,0.003,2,0.005,3,0.007,6,0.013,5,0.011,0,0,3,0.01,0,0,1,0.004,1,0.005,0,0,0,0,0,0,0,0,0,0,0,0,0,0,0,0,0,0,2,0.012,3,0.013,1,0.003,2,0.006,3,0.008,1,0.003,1,0.003,1,0.003,0,0,1,0.003,0,0,1,0.004,0,0,0,0,0,0,0,0,0,0,0,0,0,0,0,0,0,0,0,0,1,0.018,0,0,1,0.008,1,0.005,1,0.004,3,0.009,1,0.003,2,0.006,2,0.006,3,0.008,1,0.003,0,0,0,0,0,0,1,0.005,0,0,0,0
Region 24,Region 20,2,0.02,0,0,1,0.035,0,0,0,0,0,0,2,0.024,4,0.023,14,0.045,17,0.049,9,0.032,8,0.03,4,0.014,8,0.025,8,0.024,10,0.029,10,0.026,9,0.02,8,0.018,5,0.014,4,0.015,2,0.008,1,0.005,2,0.013,1,0.007,2,0.034,0,0,0,0,0,0,0,0,1,0.013,11,0.07,11,0.044,14,0.05,2,0.008,4,0.015,2,0.007,5,0.015,4,0.011,11,0.029,17,0.041,15,0.033,16,0.035,10,0.027,4,0.014,1,0.004,3,0.013,3,0.015,0,0,1,0.007,1,0.012,0,0,1,0.026,0,0,0,0,3,0.042,4,0.036,0,0,3,0.013,6,0.02,5,0.015,3,0.008,2,0.005,12,0.032,8,0.02,4,0.01,7,0.018,7,0.021,5,0.018,1,0.004,3,0.013,1,0.005,1,0.004,1,0.007,1,0.01,0,0,1,0.024,0,0,1,0.027,3,0.054,3,0.037,0,0,1,0.005,3,0.011,5,0.016,9,0.026,8,0.022,5,0.014,11,0.03,15,0.04,5,0.014,5,0.017,8,0.033,2,0.009,3,0.018,2,0.017
Region 24,Region 21,4,0.04,3,0.066,0,0,0,0,1,0.054,1,0.029,2,0.024,7,0.04,17,0.055,20,0.058,16,0.057,16,0.06,16,0.055,19,0.058,16,0.049,31,0.09,37,0.096,32,0.071,31,0.068,22,0.062,17,0.062,19,0.079,17,0.083,6,0.039,4,0.03,3,0.051,1,0.028,0,0,0,0,0,0,1,0.013,1,0.006,10,0.04,16,0.057,11,0.041,14,0.051,14,0.046,14,0.041,23,0.064,34,0.089,23,0.055,27,0.059,32,0.07,29,0.078,21,0.073,13,0.053,12,0.054,12,0.061,4,0.016,1,0.007,4,0.047,1,0.016,0,0,2,0.068,1,0.024,2,0.028,5,0.045,14,0.085,16,0.068,16,0.054,11,0.033,27,0.075,21,0.057,26,0.069,24,0.061,31,0.076,30,0.077,31,0.094,25,0.092,9,0.036,11,0.046,8,0.038,6,0.026,5,0.033,2,0.021,3,0.04,0,0,2,0.064,1,0.027,3,0.054,4,0.05,14,0.107,11,0.053,28,0.1,24,0.075,20,0.057,23,0.064,23,0.063,41,0.11,28,0.074,20,0.055,26,0.089,17,0.07,6,0.028,11,0.067,7,0.059
Region 24,Region 22,2,0.02,1,0.022,0,0,1,0.051,0,0,0,0,0,0,2,0.011,10,0.032,11,0.032,10,0.035,14,0.053,9,0.031,12,0.037,10,0.031,12,0.035,19,0.049,13,0.029,18,0.04,17,0.048,12,0.044,10,0.042,6,0.029,5,0.033,0,0,3,0.051,2,0.056,0,0,0,0,1,0.029,4,0.05,6,0.038,11,0.044,17,0.061,15,0.056,18,0.066,23,0.076,25,0.073,18,0.05,13,0.034,15,0.036,13,0.029,19,0.042,14,0.038,13,0.045,13,0.053,9,0.04,9,0.046,1,0.004,1,0.007,0,0,0,0,0,0,0,0,1,0.024,4,0.055,6,0.054,9,0.055,9,0.038,14,0.047,11,0.033,15,0.042,7,0.019,16,0.042,10,0.025,10,0.025,9,0.023,8,0.024,8,0.03,16,0.064,14,0.059,13,0.061,6,0.026,1,0.007,2,0.021,0,0,0,0,1,0.032,0,0,0,0,2,0.025,4,0.031,9,0.043,12,0.043,9,0.028,21,0.06,20,0.055,22,0.061,13,0.035,13,0.034,12,0.033,12,0.041,12,0.049,7,0.033,7,0.043,3,0.025
Region 24,Region 23,2,0.02,1,0.022,0,0,0,0,1,0.054,0,0,2,0.024,7,0.04,12,0.039,4,0.012,6,0.021,4,0.015,4,0.014,11,0.034,8,0.024,9,0.026,15,0.039,8,0.018,13,0.029,14,0.039,9,0.033,7,0.029,6,0.029,2,0.013,2,0.015,0,0,0,0,0,0,0,0,1,0.029,4,0.05,6,0.038,14,0.056,12,0.043,8,0.03,8,0.029,9,0.03,10,0.029,19,0.053,6,0.016,10,0.024,10,0.022,13,0.029,8,0.022,11,0.038,10,0.041,5,0.022,6,0.03,0,0,3,0.02,3,0.035,2,0.032,0,0,0,0,1,0.024,5,0.069,9,0.081,13,0.079,9,0.038,10,0.034,12,0.036,7,0.019,10,0.027,12,0.032,10,0.025,13,0.032,6,0.015,13,0.04,9,0.033,1,0.004,5,0.021,1,0.005,1,0.004,1,0.007,1,0.01,1,0.013,0,0,1,0.032,1,0.027,2,0.036,3,0.037,2,0.015,4,0.019,6,0.021,9,0.028,9,0.026,16,0.044,12,0.033,18,0.049,20,0.053,10,0.027,5,0.017,10,0.041,7,0.033,3,0.018,2,0.017
Region 24,Region 24,52,0.516,20,0.439,10,0.352,6,0.303,3,0.161,11,0.32,26,0.312,59,0.338,177,0.571,221,0.643,201,0.711,168,0.631,211,0.724,278,0.856,282,0.863,232,0.676,318,0.825,398,0.88,433,0.953,303,0.849,236,0.857,192,0.803,139,0.675,71,0.462,44,0.329,18,0.306,19,0.529,11,0.444,8,0.378,23,0.672,30,0.378,59,0.374,129,0.516,212,0.761,196,0.737,237,0.869,279,0.92,295,0.861,311,0.862,322,0.842,351,0.846,380,0.836,405,0.891,293,0.789,247,0.857,202,0.828,158,0.708,90,0.455,65,0.266,45,0.302,36,0.422,17,0.272,4,0.106,13,0.445,24,0.576,54,0.748,69,0.623,140,0.851,234,0.995,233,0.783,266,0.802,305,0.846,301,0.823,330,0.871,362,0.918,364,0.897,297,0.765,258,0.786,198,0.732,178,0.71,138,0.578,93,0.437,67,0.295,44,0.289,28,0.29,9,0.121,5,0.12,14,0.448,17,0.454,31,0.554,53,0.66,120,0.918,202,0.966,277,0.991,324,1.014,386,1.1,338,0.935,364,1.001,382,1.029,364,0.964,321,0.88,278,0.951,245,1.003,192,0.903,99,0.604,51,0.427
Region 24,Region 25,1,0.01,0,0,0,0,0,0,0,0,0,0,0,0,0,0,2,0.006,2,0.006,0,0,0,0,1,0.003,0,0,1,0.003,1,0.003,1,0.003,1,0.002,1,0.002,1,0.003,0,0,0,0,0,0,1,0.007,1,0.007,0,0,0,0,0,0,0,0,0,0,0,0,0,0,2,0.008,1,0.004,0,0,1,0.004,0,0,1,0.003,1,0.003,1,0.003,2,0.005,2,0.004,1,0.002,2,0.005,1,0.003,0,0,0,0,0,0,0,0,0,0,0,0,0,0,0,0,0,0,0,0,0,0,0,0,2,0.012,2,0.009,0,0,0,0,1,0.003,2,0.005,3,0.008,4,0.01,0,0,0,0,0,0,0,0,3,0.012,2,0.008,0,0,0,0,0,0,0,0,0,0,0,0,0,0,0,0,0,0,0,0,1,0.008,1,0.005,2,0.007,0,0,0,0,3,0.008,1,0.003,3,0.008,3,0.008,2,0.005,1,0.003,0,0,0,0,1,0.006,0,0
Region 25,Region 0,2,0.02,1,0.022,0,0,0,0,3,0.161,4,0.116,9,0.108,14,0.08,7,0.023,22,0.064,17,0.06,14,0.053,17,0.058,17,0.052,25,0.077,22,0.064,25,0.065,26,0.058,14,0.031,5,0.014,13,0.047,10,0.042,9,0.044,8,0.052,3,0.022,2,0.034,0,0,0,0,0,0,0,0,4,0.05,10,0.063,18,0.072,10,0.036,12,0.045,16,0.059,18,0.059,25,0.073,11,0.031,16,0.042,19,0.046,20,0.044,21,0.046,8,0.022,14,0.049,6,0.025,10,0.045,8,0.04,6,0.025,4,0.027,2,0.023,4,0.064,1,0.026,3,0.103,4,0.096,2,0.028,4,0.036,4,0.024,10,0.043,9,0.03,7,0.021,22,0.061,17,0.046,14,0.037,15,0.038,10,0.025,14,0.036,13,0.04,11,0.041,10,0.04,9,0.038,6,0.028,10,0.044,11,0.072,3,0.031,3,0.04,1,0.024,1,0.032,2,0.053,3,0.054,4,0.05,6,0.046,9,0.043,10,0.036,11,0.034,12,0.034,19,0.053,13,0.036,16,0.043,6,0.016,3,0.008,5,0.017,3,0.012,6,0.028,2,0.012,3,0.025
Region 25,Region 1,12,0.119,2,0.044,10,0.352,2,0.101,2,0.107,2,0.058,3,0.036,8,0.046,19,0.061,40,0.116,25,0.088,19,0.071,23,0.079,34,0.105,26,0.08,18,0.052,27,0.07,42,0.093,55,0.121,25,0.07,32,0.116,28,0.117,20,0.097,17,0.111,23,0.172,13,0.221,12,0.334,3,0.121,2,0.095,1,0.029,1,0.013,8,0.051,18,0.072,32,0.115,24,0.09,25,0.092,26,0.086,26,0.076,30,0.083,29,0.076,35,0.084,34,0.075,48,0.106,28,0.075,35,0.121,48,0.197,29,0.13,23,0.116,37,0.151,17,0.114,13,0.153,8,0.128,3,0.079,1,0.034,0,0,3,0.042,2,0.018,9,0.055,21,0.089,21,0.071,30,0.09,43,0.119,30,0.082,30,0.079,25,0.063,34,0.084,29,0.075,33,0.101,34,0.126,30,0.12,32,0.134,28,0.132,35,0.154,19,0.125,21,0.217,10,0.134,8,0.192,0,0,2,0.053,9,0.161,5,0.062,6,0.046,15,0.072,24,0.086,18,0.056,43,0.123,31,0.086,25,0.069,22,0.059,29,0.077,33,0.09,26,0.089,13,0.053,16,0.075,13,0.079,7,0.059
Region 25,Region 2,20,0.199,3,0.066,4,0.141,3,0.152,1,0.054,1,0.029,5,0.06,15,0.086,41,0.132,33,0.096,34,0.12,32,0.12,33,0.113,35,0.108,35,0.107,38,0.111,37,0.096,39,0.086,49,0.108,27,0.076,31,0.113,37,0.155,25,0.121,22,0.143,16,0.12,8,0.136,4,0.111,2,0.081,0,0,1,0.029,6,0.076,12,0.076,18,0.072,27,0.097,19,0.071,24,0.088,25,0.082,38,0.111,29,0.08,39,0.102,39,0.094,54,0.119,34,0.075,42,0.113,21,0.073,34,0.139,32,0.143,20,0.101,27,0.11,13,0.087,20,0.235,17,0.272,7,0.185,5,0.171,2,0.048,5,0.069,5,0.045,13,0.079,18,0.077,31,0.104,29,0.087,30,0.083,28,0.077,32,0.084,40,0.101,65,0.16,59,0.152,38,0.116,23,0.085,47,0.188,36,0.151,26,0.122,30,0.132,27,0.177,16,0.166,11,0.147,7,0.168,3,0.096,2,0.053,10,0.179,7,0.087,10,0.076,21,0.1,26,0.093,25,0.078,37,0.105,21,0.058,25,0.069,23,0.062,37,0.098,21,0.058,28,0.096,18,0.074,21,0.099,20,0.122,12,0.1
Region 25,Region 3,1,0.01,0,0,0,0,0,0,0,0,0,0,0,0,2,0.011,1,0.003,2,0.006,2,0.007,2,0.008,3,0.01,1,0.003,4,0.012,0,0,2,0.005,6,0.013,2,0.004,3,0.008,0,0,3,0.013,0,0,0,0,1,0.007,0,0,0,0,0,0,0,0,0,0,0,0,2,0.013,1,0.004,2,0.007,0,0,2,0.007,2,0.007,1,0.003,1,0.003,0,0,2,0.005,5,0.011,3,0.007,2,0.005,1,0.003,1,0.004,1,0.004,1,0.005,1,0.004,1,0.007,0,0,0,0,0,0,0,0,1,0.024,1,0.014,1,0.009,1,0.006,0,0,2,0.007,1,0.003,4,0.011,1,0.003,2,0.005,4,0.01,2,0.005,1,0.003,0,0,2,0.007,1,0.004,1,0.004,2,0.009,0,0,2,0.013,1,0.01,0,0,0,0,0,0,0,0,0,0,0,0,1,0.008,3,0.014,2,0.007,0,0,1,0.003,2,0.006,0,0,0,0,0,0,2,0.005,1,0.003,6,0.025,2,0.009,1,0.006,3,0.025
Region 25,Region 4,2,0.02,1,0.022,0,0,0,0,0,0,0,0,1,0.012,2,0.011,1,0.003,1,0.003,2,0.007,5,0.019,1,0.003,6,0.018,4,0.012,4,0.012,5,0.013,4,0.009,6,0.013,1,0.003,2,0.007,3,0.013,4,0.019,4,0.026,3,0.022,1,0.017,1,0.028,1,0.04,0,0,0,0,0,0,0,0,2,0.008,3,0.011,2,0.008,2,0.007,0,0,3,0.009,4,0.011,3,0.008,2,0.005,3,0.007,5,0.011,7,0.019,9,0.031,3,0.012,4,0.018,3,0.015,12,0.049,1,0.007,4,0.047,1,0.016,0,0,0,0,1,0.024,0,0,1,0.009,0,0,1,0.004,3,0.01,2,0.006,4,0.011,1,0.003,4,0.011,4,0.01,2,0.005,5,0.013,6,0.018,2,0.007,1,0.004,1,0.004,4,0.019,10,0.044,8,0.053,3,0.031,0,0,1,0.024,0,0,1,0.027,0,0,1,0.012,2,0.015,1,0.005,1,0.004,3,0.009,4,0.011,3,0.008,3,0.008,4,0.011,2,0.005,5,0.014,2,0.007,5,0.02,3,0.014,3,0.018,0,0
Region 25,Region 5,0,0,0,0,0,0,0,0,0,0,0,0,0,0,1,0.006,4,0.013,1,0.003,0,0,3,0.011,5,0.017,0,0,4,0.012,3,0.009,0,0,2,0.004,1,0.002,3,0.008,3,0.011,2,0.008,2,0.01,0,0,0,0,0,0,1,0.028,0,0,0,0,0,0,0,0,2,0.013,1,0.004,1,0.004,0,0,2,0.007,1,0.003,2,0.006,5,0.014,3,0.008,0,0,0,0,0,0,2,0.005,0,0,0,0,1,0.004,0,0,0,0,0,0,0,0,1,0.016,0,0,0,0,0,0,1,0.014,1,0.009,0,0,1,0.004,1,0.003,1,0.003,3,0.008,2,0.005,3,0.008,1,0.003,4,0.01,1,0.003,3,0.009,2,0.007,1,0.004,2,0.008,3,0.014,0,0,0,0,1,0.01,0,0,0,0,0,0,0,0,0,0,0,0,1,0.008,0,0,1,0.004,0,0,2,0.006,2,0.006,0,0,2,0.005,3,0.008,0,0,2,0.007,0,0,1,0.005,0,0,1,0.008
Region 25,Region 6,3,0.03,1,0.022,1,0.035,1,0.051,2,0.107,3,0.087,0,0,4,0.023,6,0.019,13,0.038,15,0.053,11,0.041,21,0.072,14,0.043,17,0.052,15,0.044,15,0.039,24,0.053,21,0.046,25,0.07,25,0.091,14,0.059,11,0.053,7,0.046,14,0.105,7,0.119,4,0.111,1,0.04,1,0.047,1,0.029,2,0.025,12,0.076,8,0.032,11,0.039,17,0.064,16,0.059,8,0.026,21,0.061,12,0.033,17,0.044,14,0.034,17,0.037,17,0.037,20,0.054,13,0.045,14,0.057,11,0.049,8,0.04,11,0.045,12,0.081,10,0.117,2,0.032,0,0,0,0,2,0.048,2,0.028,1,0.009,5,0.03,6,0.026,17,0.057,20,0.06,20,0.055,15,0.041,16,0.042,11,0.028,16,0.039,30,0.077,24,0.073,20,0.074,16,0.064,19,0.08,10,0.047,10,0.044,9,0.059,3,0.031,3,0.04,6,0.144,2,0.064,2,0.053,5,0.089,3,0.037,10,0.076,10,0.048,24,0.086,19,0.059,17,0.048,26,0.072,14,0.039,14,0.038,21,0.056,20,0.055,11,0.038,15,0.061,18,0.085,9,0.055,5,0.042
Region 25,Region 7,4,0.04,0,0,4,0.141,2,0.101,0,0,2,0.058,2,0.024,6,0.034,3,0.01,8,0.023,1,0.004,10,0.038,13,0.045,13,0.04,14,0.043,14,0.041,12,0.031,11,0.024,9,0.02,4,0.011,12,0.044,5,0.021,8,0.039,8,0.052,7,0.052,2,0.034,1,0.028,0,0,2,0.095,0,0,3,0.038,5,0.032,5,0.02,2,0.007,3,0.011,5,0.018,13,0.043,15,0.044,7,0.019,8,0.021,14,0.034,8,0.018,13,0.029,4,0.011,6,0.021,11,0.045,10,0.045,9,0.046,10,0.041,2,0.013,1,0.012,2,0.032,2,0.053,1,0.034,2,0.048,1,0.014,1,0.009,10,0.061,4,0.017,7,0.024,5,0.015,13,0.036,9,0.025,13,0.034,13,0.033,12,0.03,11,0.028,18,0.055,3,0.011,12,0.048,16,0.067,6,0.028,6,0.026,3,0.02,0,0,3,0.04,2,0.048,2,0.064,0,0,4,0.071,2,0.025,5,0.038,2,0.01,3,0.011,13,0.041,15,0.043,11,0.03,13,0.036,12,0.032,3,0.008,9,0.025,6,0.021,8,0.033,7,0.033,8,0.049,6,0.05
Region 25,Region 8,16,0.159,7,0.154,4,0.141,2,0.101,1,0.054,3,0.087,14,0.168,14,0.08,17,0.055,23,0.067,20,0.071,29,0.109,29,0.1,31,0.095,26,0.08,33,0.096,36,0.093,33,0.073,22,0.048,18,0.05,15,0.054,41,0.171,8,0.039,12,0.078,12,0.09,5,0.085,4,0.111,4,0.162,4,0.189,3,0.088,10,0.126,16,0.102,25,0.1,24,0.086,34,0.128,14,0.051,36,0.119,29,0.085,32,0.089,30,0.078,38,0.092,20,0.044,19,0.042,19,0.051,16,0.055,22,0.09,20,0.09,15,0.076,14,0.057,8,0.054,4,0.047,6,0.096,3,0.079,5,0.171,6,0.144,8,0.111,15,0.135,19,0.116,26,0.111,26,0.087,17,0.051,29,0.08,22,0.06,30,0.079,31,0.079,40,0.099,26,0.067,31,0.094,30,0.111,25,0.1,21,0.088,23,0.108,26,0.114,11,0.072,5,0.052,8,0.107,2,0.048,4,0.128,5,0.134,8,0.143,12,0.149,14,0.107,20,0.096,33,0.118,35,0.11,40,0.114,35,0.097,36,0.099,32,0.086,30,0.079,24,0.066,32,0.109,20,0.082,32,0.15,15,0.091,8,0.067
Region 25,Region 9,1,0.01,1,0.022,0,0,1,0.051,1,0.054,1,0.029,2,0.024,0,0,2,0.006,3,0.009,1,0.004,3,0.011,1,0.003,2,0.006,5,0.015,1,0.003,1,0.003,6,0.013,4,0.009,2,0.006,3,0.011,1,0.004,1,0.005,0,0,0,0,0,0,0,0,0,0,1,0.047,2,0.058,1,0.013,4,0.025,1,0.004,0,0,1,0.004,3,0.011,0,0,3,0.009,1,0.003,3,0.008,1,0.002,1,0.002,3,0.007,3,0.008,3,0.01,1,0.004,0,0,3,0.015,1,0.004,0,0,0,0,0,0,0,0,0,0,0,0,0,0,0,0,0,0,3,0.013,1,0.003,1,0.003,3,0.008,2,0.005,0,0,0,0,6,0.015,6,0.015,1,0.003,0,0,1,0.004,0,0,0,0,0,0,0,0,0,0,2,0.027,0,0,0,0,1,0.027,0,0,0,0,2,0.015,2,0.01,1,0.004,4,0.013,1,0.003,4,0.011,1,0.003,3,0.008,0,0,2,0.005,1,0.003,3,0.012,1,0.005,1,0.006,0,0
Region 25,Region 10,9,0.089,5,0.11,4,0.141,1,0.051,0,0,0,0,4,0.048,9,0.051,13,0.042,17,0.049,19,0.067,10,0.038,17,0.058,15,0.046,18,0.055,27,0.079,31,0.08,25,0.055,23,0.051,13,0.036,9,0.033,14,0.059,13,0.063,5,0.033,5,0.037,3,0.051,0,0,4,0.162,1,0.047,2,0.058,3,0.038,7,0.044,19,0.076,13,0.047,23,0.086,18,0.066,20,0.066,17,0.05,20,0.055,19,0.05,15,0.036,27,0.059,23,0.051,10,0.027,11,0.038,11,0.045,15,0.067,10,0.051,7,0.029,8,0.054,2,0.023,5,0.08,2,0.053,3,0.103,2,0.048,4,0.055,7,0.063,10,0.061,11,0.047,21,0.071,15,0.045,19,0.053,19,0.052,20,0.053,17,0.043,19,0.047,21,0.054,10,0.03,19,0.07,14,0.056,16,0.067,11,0.052,5,0.022,8,0.053,3,0.031,5,0.067,3,0.072,4,0.128,3,0.08,4,0.071,4,0.05,2,0.015,9,0.043,21,0.075,13,0.041,15,0.043,29,0.08,16,0.044,8,0.022,19,0.05,13,0.036,8,0.027,6,0.025,9,0.042,10,0.061,4,0.033
Region 25,Region 11,13,0.129,8,0.175,4,0.141,5,0.253,5,0.268,3,0.087,7,0.084,19,0.109,11,0.035,14,0.041,18,0.064,36,0.135,31,0.106,49,0.151,41,0.126,42,0.122,51,0.132,50,0.111,66,0.145,45,0.126,39,0.142,26,0.109,25,0.121,26,0.169,21,0.157,11,0.187,11,0.306,5,0.202,5,0.236,4,0.117,6,0.076,16,0.102,18,0.072,19,0.068,30,0.113,25,0.092,19,0.063,43,0.126,37,0.103,46,0.12,43,0.104,46,0.101,41,0.09,41,0.11,45,0.156,37,0.152,27,0.121,28,0.142,17,0.07,11,0.074,8,0.094,7,0.112,4,0.106,4,0.137,4,0.096,6,0.083,8,0.072,21,0.128,21,0.089,24,0.081,30,0.09,27,0.075,35,0.096,43,0.113,56,0.142,38,0.094,39,0.1,37,0.113,37,0.137,37,0.148,31,0.13,26,0.122,23,0.101,10,0.066,13,0.135,10,0.134,5,0.12,4,0.128,6,0.16,3,0.054,12,0.149,9,0.069,20,0.096,31,0.111,26,0.081,42,0.12,45,0.124,45,0.124,33,0.089,31,0.082,26,0.071,34,0.116,29,0.119,31,0.146,30,0.183,19,0.159
Region 25,Region 12,2,0.02,0,0,1,0.035,0,0,0,0,0,0,0,0,5,0.029,4,0.013,7,0.02,3,0.011,6,0.023,9,0.031,5,0.015,5,0.015,9,0.026,3,0.008,7,0.015,4,0.009,5,0.014,5,0.018,11,0.046,3,0.015,3,0.02,2,0.015,2,0.034,0,0,1,0.04,0,0,0,0,0,0,5,0.032,7,0.028,4,0.014,9,0.034,9,0.033,5,0.016,7,0.02,4,0.011,8,0.021,4,0.01,10,0.022,5,0.011,6,0.016,7,0.024,9,0.037,5,0.022,3,0.015,4,0.016,1,0.007,4,0.047,1,0.016,0,0,0,0,1,0.024,3,0.042,2,0.018,1,0.006,3,0.013,8,0.027,7,0.021,10,0.028,4,0.011,9,0.024,4,0.01,7,0.017,10,0.026,8,0.024,10,0.037,5,0.02,8,0.034,2,0.009,7,0.031,1,0.007,1,0.01,0,0,1,0.024,0,0,0,0,3,0.054,2,0.025,1,0.008,4,0.019,6,0.021,6,0.019,7,0.02,5,0.014,6,0.017,7,0.019,5,0.013,3,0.008,10,0.034,8,0.033,6,0.028,2,0.012,3,0.025
Region 25,Region 13,15,0.149,7,0.154,7,0.246,3,0.152,0,0,6,0.175,9,0.108,17,0.097,32,0.103,29,0.084,27,0.095,33,0.124,23,0.079,35,0.108,33,0.101,30,0.087,59,0.153,48,0.106,41,0.09,33,0.093,33,0.12,40,0.167,20,0.097,7,0.046,17,0.127,12,0.204,5,0.139,0,0,2,0.095,3,0.088,10,0.126,20,0.127,26,0.104,30,0.108,37,0.139,32,0.117,28,0.092,38,0.111,38,0.105,37,0.097,26,0.063,32,0.07,32,0.07,27,0.073,24,0.083,26,0.107,17,0.076,24,0.121,24,0.098,11,0.074,12,0.141,8,0.128,3,0.079,2,0.068,6,0.144,7,0.097,10,0.09,13,0.079,18,0.077,33,0.111,42,0.127,28,0.078,45,0.123,36,0.095,36,0.091,38,0.094,34,0.088,24,0.073,27,0.1,27,0.108,26,0.109,32,0.15,16,0.07,11,0.072,7,0.072,6,0.08,6,0.144,2,0.064,6,0.16,3,0.054,6,0.075,14,0.107,18,0.086,27,0.097,39,0.122,48,0.137,40,0.111,44,0.121,40,0.108,31,0.082,16,0.044,17,0.058,19,0.078,17,0.08,10,0.061,12,0.1
Region 25,Region 14,9,0.089,3,0.066,2,0.07,1,0.051,1,0.054,5,0.146,14,0.168,12,0.069,27,0.087,25,0.073,20,0.071,21,0.079,21,0.072,23,0.071,18,0.055,31,0.09,20,0.052,20,0.044,23,0.051,18,0.05,18,0.065,25,0.105,14,0.068,13,0.085,10,0.075,6,0.102,1,0.028,2,0.081,1,0.047,11,0.321,13,0.164,13,0.082,24,0.096,15,0.054,16,0.06,11,0.04,19,0.063,21,0.061,11,0.031,25,0.065,18,0.043,21,0.046,20,0.044,28,0.075,10,0.035,15,0.061,16,0.072,20,0.101,12,0.049,8,0.054,7,0.082,5,0.08,4,0.106,7,0.24,4,0.096,6,0.083,10,0.09,11,0.067,21,0.089,31,0.104,21,0.063,24,0.067,17,0.046,27,0.071,27,0.068,26,0.064,18,0.046,29,0.088,21,0.078,22,0.088,18,0.075,12,0.056,16,0.07,12,0.079,2,0.021,2,0.027,5,0.12,6,0.192,3,0.08,8,0.143,8,0.1,10,0.076,14,0.067,31,0.111,21,0.066,25,0.071,25,0.069,20,0.055,18,0.049,18,0.048,25,0.069,17,0.058,21,0.086,12,0.056,16,0.098,7,0.059
Region 25,Region 15,13,0.129,4,0.088,4,0.141,0,0,2,0.107,2,0.058,0,0,7,0.04,8,0.026,10,0.029,11,0.039,22,0.083,17,0.058,19,0.058,18,0.055,21,0.061,25,0.065,29,0.064,33,0.073,31,0.087,28,0.102,29,0.121,19,0.092,14,0.091,16,0.12,10,0.17,5,0.139,3,0.121,2,0.095,2,0.058,3,0.038,7,0.044,12,0.048,12,0.043,14,0.053,19,0.07,26,0.086,23,0.067,19,0.053,21,0.055,25,0.06,21,0.046,26,0.057,25,0.067,24,0.083,16,0.066,19,0.085,14,0.071,15,0.061,13,0.087,8,0.094,3,0.048,5,0.132,2,0.068,4,0.096,3,0.042,5,0.045,9,0.055,6,0.026,12,0.04,12,0.036,19,0.053,29,0.079,14,0.037,17,0.043,24,0.059,21,0.054,18,0.055,18,0.067,21,0.084,24,0.101,13,0.061,14,0.062,5,0.033,4,0.041,5,0.067,7,0.168,2,0.064,5,0.134,0,0,6,0.075,2,0.015,6,0.029,14,0.05,9,0.028,15,0.043,17,0.047,14,0.039,13,0.035,19,0.05,11,0.03,12,0.041,13,0.053,20,0.094,11,0.067,15,0.126
Region 25,Region 16,0,0,0,0,0,0,0,0,0,0,0,0,0,0,0,0,0,0,1,0.003,0,0,1,0.004,0,0,0,0,0,0,0,0,3,0.008,1,0.002,0,0,0,0,2,0.007,1,0.004,0,0,0,0,0,0,0,0,1,0.028,0,0,0,0,0,0,0,0,0,0,2,0.008,3,0.011,1,0.004,0,0,1,0.003,1,0.003,1,0.003,0,0,0,0,0,0,2,0.004,0,0,0,0,0,0,0,0,1,0.005,0,0,0,0,0,0,0,0,0,0,0,0,0,0,0,0,0,0,1,0.006,0,0,1,0.003,1,0.003,0,0,1,0.003,1,0.003,2,0.005,0,0,1,0.003,0,0,0,0,1,0.004,1,0.004,0,0,0,0,0,0,0,0,0,0,0,0,0,0,0,0,0,0,0,0,0,0,1,0.005,0,0,6,0.019,0,0,0,0,0,0,0,0,0,0,3,0.008,0,0,0,0,0,0,0,0,0,0
Region 25,Region 17,5,0.05,2,0.044,4,0.141,3,0.152,1,0.054,4,0.116,10,0.12,20,0.114,26,0.084,43,0.125,24,0.085,26,0.098,17,0.058,18,0.055,20,0.061,23,0.067,23,0.06,28,0.062,27,0.059,31,0.087,31,0.113,20,0.084,13,0.063,11,0.072,14,0.105,12,0.204,2,0.056,4,0.162,2,0.095,2,0.058,13,0.164,10,0.063,24,0.096,26,0.093,21,0.079,14,0.051,12,0.04,28,0.082,22,0.061,34,0.089,19,0.046,35,0.077,44,0.097,27,0.073,28,0.097,15,0.061,15,0.067,15,0.076,24,0.098,11,0.074,10,0.117,8,0.128,6,0.159,4,0.137,5,0.12,7,0.097,5,0.045,9,0.055,11,0.047,9,0.03,14,0.042,19,0.053,16,0.044,21,0.055,20,0.051,23,0.057,21,0.054,12,0.037,16,0.059,21,0.084,19,0.08,18,0.085,26,0.114,14,0.092,9,0.093,11,0.147,2,0.048,3,0.096,5,0.134,3,0.054,6,0.075,11,0.084,6,0.029,18,0.064,11,0.034,23,0.066,18,0.05,22,0.061,20,0.054,20,0.053,40,0.11,16,0.055,17,0.07,15,0.071,15,0.091,10,0.084
Region 25,Region 18,9,0.089,6,0.132,2,0.07,3,0.152,2,0.107,4,0.116,3,0.036,5,0.029,12,0.039,14,0.041,9,0.032,12,0.045,11,0.038,15,0.046,19,0.058,34,0.099,24,0.062,26,0.058,28,0.062,24,0.067,18,0.065,18,0.075,9,0.044,8,0.052,17,0.127,4,0.068,0,0,1,0.04,3,0.142,2,0.058,3,0.038,6,0.038,11,0.044,15,0.054,12,0.045,13,0.048,22,0.073,16,0.047,23,0.064,21,0.055,28,0.067,19,0.042,20,0.044,18,0.048,13,0.045,13,0.053,14,0.063,10,0.051,19,0.078,9,0.06,2,0.023,3,0.048,5,0.132,3,0.103,4,0.096,1,0.014,5,0.045,8,0.049,5,0.021,11,0.037,10,0.03,14,0.039,17,0.046,15,0.04,15,0.038,12,0.03,23,0.059,25,0.076,11,0.041,13,0.052,18,0.075,11,0.052,20,0.088,2,0.013,5,0.052,3,0.04,2,0.048,2,0.064,2,0.053,1,0.018,3,0.037,5,0.038,9,0.043,12,0.043,15,0.047,20,0.057,13,0.036,13,0.036,10,0.027,10,0.026,10,0.027,6,0.021,12,0.049,16,0.075,8,0.049,5,0.042
Region 25,Region 19,3,0.03,2,0.044,0,0,1,0.051,1,0.054,1,0.029,2,0.024,3,0.017,6,0.019,9,0.026,11,0.039,6,0.023,6,0.021,8,0.025,10,0.031,16,0.047,6,0.016,21,0.046,22,0.048,23,0.064,5,0.018,10,0.042,8,0.039,3,0.02,9,0.067,2,0.034,0,0,0,0,3,0.142,1,0.029,0,0,0,0,3,0.012,3,0.011,11,0.041,10,0.037,3,0.01,8,0.023,12,0.033,11,0.029,20,0.048,13,0.029,21,0.046,16,0.043,7,0.024,11,0.045,3,0.013,4,0.02,6,0.025,3,0.02,4,0.047,1,0.016,4,0.106,1,0.034,0,0,1,0.014,3,0.027,4,0.024,6,0.026,5,0.017,7,0.021,12,0.033,8,0.022,10,0.026,18,0.046,10,0.025,6,0.015,9,0.027,6,0.022,13,0.052,6,0.025,7,0.033,5,0.022,3,0.02,6,0.062,2,0.027,4,0.096,1,0.032,0,0,0,0,1,0.012,2,0.015,8,0.038,6,0.021,10,0.031,14,0.04,17,0.047,8,0.022,8,0.022,11,0.029,13,0.036,9,0.031,3,0.012,10,0.047,6,0.037,4,0.033
Region 25,Region 20,2,0.02,3,0.066,1,0.035,0,0,0,0,0,0,2,0.024,5,0.029,3,0.01,8,0.023,8,0.028,4,0.015,4,0.014,9,0.028,10,0.031,5,0.015,5,0.013,6,0.013,10,0.022,4,0.011,3,0.011,9,0.038,3,0.015,2,0.013,3,0.022,4,0.068,2,0.056,1,0.04,0,0,0,0,1,0.013,7,0.044,5,0.02,9,0.032,1,0.004,10,0.037,3,0.01,5,0.015,8,0.022,6,0.016,11,0.027,4,0.009,16,0.035,5,0.013,11,0.038,2,0.008,2,0.009,9,0.046,6,0.025,5,0.034,1,0.012,3,0.048,0,0,0,0,1,0.024,1,0.014,0,0,2,0.012,5,0.021,4,0.013,2,0.006,1,0.003,1,0.003,11,0.029,2,0.005,2,0.005,3,0.008,7,0.021,3,0.011,2,0.008,6,0.025,2,0.009,0,0,4,0.026,0,0,4,0.054,2,0.048,0,0,1,0.027,3,0.054,1,0.012,1,0.008,3,0.014,4,0.014,3,0.009,5,0.014,6,0.017,9,0.025,5,0.013,5,0.013,10,0.027,7,0.024,4,0.016,4,0.019,4,0.024,3,0.025
Region 25,Region 21,0,0,0,0,0,0,0,0,0,0,0,0,0,0,2,0.011,2,0.006,3,0.009,1,0.004,1,0.004,1,0.003,11,0.034,0,0,5,0.015,3,0.008,2,0.004,7,0.015,3,0.008,2,0.007,1,0.004,1,0.005,2,0.013,3,0.022,1,0.017,1,0.028,1,0.04,0,0,0,0,1,0.013,0,0,1,0.004,3,0.011,2,0.008,4,0.015,3,0.01,5,0.015,3,0.008,0,0,2,0.005,2,0.004,6,0.013,2,0.005,3,0.01,5,0.02,6,0.027,4,0.02,5,0.02,3,0.02,0,0,0,0,1,0.026,2,0.068,0,0,0,0,0,0,1,0.006,2,0.009,2,0.007,2,0.006,3,0.008,1,0.003,2,0.005,1,0.003,1,0.002,4,0.01,1,0.003,1,0.004,2,0.008,4,0.017,2,0.009,4,0.018,1,0.007,0,0,0,0,1,0.024,0,0,0,0,0,0,2,0.025,0,0,2,0.01,0,0,3,0.009,6,0.017,2,0.006,0,0,3,0.008,0,0,4,0.011,2,0.007,6,0.025,1,0.005,3,0.018,0,0
Region 25,Region 22,0,0,0,0,0,0,0,0,0,0,0,0,0,0,1,0.006,2,0.006,1,0.003,1,0.004,2,0.008,1,0.003,1,0.003,0,0,3,0.009,1,0.003,7,0.015,5,0.011,8,0.022,3,0.011,2,0.008,1,0.005,0,0,0,0,0,0,0,0,0,0,0,0,0,0,0,0,0,0,0,0,3,0.011,3,0.011,1,0.004,2,0.007,3,0.009,2,0.006,0,0,3,0.007,5,0.011,2,0.004,0,0,0,0,2,0.008,1,0.004,2,0.01,0,0,0,0,0,0,0,0,0,0,1,0.034,0,0,0,0,0,0,2,0.012,3,0.013,2,0.007,0,0,3,0.008,2,0.005,4,0.011,2,0.005,0,0,1,0.003,3,0.009,0,0,2,0.008,1,0.004,3,0.014,0,0,0,0,0,0,0,0,1,0.024,0,0,0,0,0,0,0,0,0,0,0,0,1,0.004,1,0.003,3,0.009,0,0,1,0.003,0,0,1,0.003,1,0.003,0,0,1,0.004,2,0.009,1,0.006,1,0.008
Region 25,Region 23,52,0.516,25,0.548,14,0.492,15,0.758,14,0.751,10,0.291,21,0.252,39,0.223,41,0.132,62,0.18,51,0.18,60,0.225,51,0.175,99,0.305,102,0.312,139,0.405,155,0.402,140,0.31,132,0.291,87,0.244,95,0.345,104,0.435,61,0.296,70,0.455,71,0.531,24,0.408,13,0.362,10,0.404,15,0.709,13,0.38,14,0.176,40,0.254,57,0.228,51,0.183,47,0.177,66,0.242,82,0.27,98,0.286,113,0.313,117,0.306,133,0.321,100,0.22,118,0.26,96,0.258,62,0.215,68,0.279,80,0.358,58,0.293,86,0.352,87,0.584,30,0.352,31,0.496,18,0.476,7,0.24,12,0.288,35,0.485,21,0.19,31,0.188,65,0.276,85,0.286,91,0.274,100,0.277,117,0.32,105,0.277,103,0.261,112,0.276,129,0.332,89,0.271,68,0.251,80,0.319,85,0.356,69,0.324,94,0.413,79,0.519,34,0.352,31,0.415,24,0.575,16,0.512,10,0.267,13,0.232,16,0.199,30,0.229,46,0.22,79,0.283,86,0.269,118,0.336,132,0.365,107,0.294,87,0.234,90,0.238,76,0.208,62,0.212,51,0.209,69,0.324,57,0.348,32,0.268
Region 25,Region 24,2,0.02,1,0.022,2,0.07,1,0.051,0,0,0,0,0,0,0,0,1,0.003,1,0.003,1,0.004,1,0.004,0,0,0,0,1,0.003,1,0.003,2,0.005,3,0.007,0,0,1,0.003,2,0.007,2,0.008,2,0.01,0,0,0,0,1,0.017,0,0,0,0,0,0,1,0.029,0,0,0,0,0,0,0,0,0,0,0,0,0,0,2,0.006,3,0.008,2,0.005,0,0,1,0.002,2,0.004,2,0.005,0,0,1,0.004,0,0,2,0.01,1,0.004,1,0.007,0,0,0,0,1,0.026,0,0,1,0.024,0,0,1,0.009,1,0.006,1,0.004,2,0.007,3,0.009,2,0.006,0,0,1,0.003,0,0,1,0.002,2,0.005,0,0,1,0.004,1,0.004,0,0,0,0,2,0.009,0,0,0,0,0,0,0,0,0,0,0,0,0,0,0,0,3,0.023,2,0.01,1,0.004,3,0.009,2,0.006,2,0.006,3,0.008,1,0.003,0,0,1,0.003,3,0.01,1,0.004,1,0.005,0,0,0,0
Region 25,Region 25,34,0.338,17,0.373,11,0.387,8,0.404,2,0.107,4,0.116,9,0.108,22,0.126,31,0.1,41,0.119,54,0.191,59,0.221,71,0.244,73,0.225,62,0.19,65,0.189,58,0.15,62,0.137,82,0.181,90,0.252,52,0.189,69,0.289,51,0.248,30,0.195,42,0.314,14,0.238,14,0.389,14,0.566,8,0.378,2,0.058,3,0.038,18,0.114,29,0.116,32,0.115,44,0.165,52,0.191,59,0.195,70,0.204,59,0.164,61,0.16,70,0.169,81,0.178,83,0.183,64,0.172,55,0.191,49,0.201,47,0.211,49,0.248,34,0.139,16,0.107,13,0.153,6,0.096,9,0.238,3,0.103,6,0.144,10,0.139,11,0.099,19,0.116,29,0.123,32,0.108,45,0.136,56,0.155,60,0.164,63,0.166,67,0.17,64,0.158,61,0.157,58,0.177,48,0.177,68,0.271,53,0.222,51,0.24,43,0.189,15,0.099,19,0.197,14,0.187,10,0.24,8,0.256,8,0.214,10,0.179,6,0.075,16,0.122,35,0.167,44,0.157,53,0.166,65,0.185,56,0.155,43,0.118,59,0.159,65,0.172,53,0.145,38,0.13,38,0.156,48,0.226,36,0.22,25,0.209