Origin,Destination,Date range: 2024-08-07 - 2024-08-07 Time range: 00:00 - 01:00 Trips,Date range: 2024-08-07 - 2024-08-07 Time range: 00:00 - 01:00 Percent,Date range: 2024-08-07 - 2024-08-07 Time range: 01:00 - 02:00 Trips,Date range: 2024-08-07 - 2024-08-07 Time range: 01:00 - 02:00 Percent,Date range: 2024-08-07 - 2024-08-07 Time range: 02:00 - 03:00 Trips,Date range: 2024-08-07 - 2024-08-07 Time range: 02:00 - 03:00 Percent,Date range: 2024-08-07 - 2024-08-07 Time range: 03:00 - 04:00 Trips,Date range: 2024-08-07 - 2024-08-07 Time range: 03:00 - 04:00 Percent,Date range: 2024-08-07 - 2024-08-07 Time range: 04:00 - 05:00 Trips,Date range: 2024-08-07 - 2024-08-07 Time range: 04:00 - 05:00 Percent,Date range: 2024-08-07 - 2024-08-07 Time range: 05:00 - 06:00 Trips,Date range: 2024-08-07 - 2024-08-07 Time range: 05:00 - 06:00 Percent,Date range: 2024-08-07 - 2024-08-07 Time range: 06:00 - 07:00 Trips,Date range: 2024-08-07 - 2024-08-07 Time range: 06:00 - 07:00 Percent,Date range: 2024-08-07 - 2024-08-07 Time range: 07:00 - 08:00 Trips,Date range: 2024-08-07 - 2024-08-07 Time range: 07:00 - 08:00 Percent,Date range: 2024-08-07 - 2024-08-07 Time range: 08:00 - 09:00 Trips,Date range: 2024-08-07 - 2024-08-07 Time range: 08:00 - 09:00 Percent,Date range: 2024-08-07 - 2024-08-07 Time range: 09:00 - 10:00 Trips,Date range: 2024-08-07 - 2024-08-07 Time range: 09:00 - 10:00 Percent,Date range: 2024-08-07 - 2024-08-07 Time range: 10:00 - 11:00 Trips,Date range: 2024-08-07 - 2024-08-07 Time range: 10:00 - 11:00 Percent,Date range: 2024-08-07 - 2024-08-07 Time range: 11:00 - 12:00 Trips,Date range: 2024-08-07 - 2024-08-07 Time range: 11:00 - 12:00 Percent,Date range: 2024-08-07 - 2024-08-07 Time range: 12:00 - 13:00 Trips,Date range: 2024-08-07 - 2024-08-07 Time range: 12:00 - 13:00 Percent,Date range: 2024-08-07 - 2024-08-07 Time range: 13:00 - 14:00 Trips,Date range: 2024-08-07 - 2024-08-07 Time range: 13:00 - 14:00 Percent,Date range: 2024-08-07 - 2024-08-07 Time range: 14:00 - 15:00 Trips,Date range: 2024-08-07 - 2024-08-07 Time range: 14:00 - 15:00 Percent,Date range: 2024-08-07 - 2024-08-07 Time range: 15:00 - 16:00 Trips,Date range: 2024-08-07 - 2024-08-07 Time range: 15:00 - 16:00 Percent,Date range: 2024-08-07 - 2024-08-07 Time range: 16:00 - 17:00 Trips,Date range: 2024-08-07 - 2024-08-07 Time range: 16:00 - 17:00 Percent,Date range: 2024-08-07 - 2024-08-07 Time range: 17:00 - 18:00 Trips,Date range: 2024-08-07 - 2024-08-07 Time range: 17:00 - 18:00 Percent,Date range: 2024-08-07 - 2024-08-07 Time range: 18:00 - 19:00 Trips,Date range: 2024-08-07 - 2024-08-07 Time range: 18:00 - 19:00 Percent,Date range: 2024-08-07 - 2024-08-07 Time range: 19:00 - 20:00 Trips,Date range: 2024-08-07 - 2024-08-07 Time range: 19:00 - 20:00 Percent,Date range: 2024-08-07 - 2024-08-07 Time range: 20:00 - 21:00 Trips,Date range: 2024-08-07 - 2024-08-07 Time range: 20:00 - 21:00 Percent,Date range: 2024-08-07 - 2024-08-07 Time range: 21:00 - 22:00 Trips,Date range: 2024-08-07 - 2024-08-07 Time range: 21:00 - 22:00 Percent,Date range: 2024-08-07 - 2024-08-07 Time range: 22:00 - 23:00 Trips,Date range: 2024-08-07 - 2024-08-07 Time range: 22:00 - 23:00 Percent,Date range: 2024-08-07 - 2024-08-07 Time range: 23:00 - 00:00 Trips,Date range: 2024-08-07 - 2024-08-07 Time range: 23:00 - 00:00 Percent,Date range: 2024-08-08 - 2024-08-08 Time range: 00:00 - 01:00 Trips,Date range: 2024-08-08 - 2024-08-08 Time range: 00:00 - 01:00 Percent,Date range: 2024-08-08 - 2024-08-08 Time range: 01:00 - 02:00 Trips,Date range: 2024-08-08 - 2024-08-08 Time range: 01:00 - 02:00 Percent,Date range: 2024-08-08 - 2024-08-08 Time range: 02:00 - 03:00 Trips,Date range: 2024-08-08 - 2024-08-08 Time range: 02:00 - 03:00 Percent,Date range: 2024-08-08 - 2024-08-08 Time range: 03:00 - 04:00 Trips,Date range: 2024-08-08 - 2024-08-08 Time range: 03:00 - 04:00 Percent,Date range: 2024-08-08 - 2024-08-08 Time range: 04:00 - 05:00 Trips,Date range: 2024-08-08 - 2024-08-08 Time range: 04:00 - 05:00 Percent,Date range: 2024-08-08 - 2024-08-08 Time range: 05:00 - 06:00 Trips,Date range: 2024-08-08 - 2024-08-08 Time range: 05:00 - 06:00 Percent,Date range: 2024-08-08 - 2024-08-08 Time range: 06:00 - 07:00 Trips,Date range: 2024-08-08 - 2024-08-08 Time range: 06:00 - 07:00 Percent,Date range: 2024-08-08 - 2024-08-08 Time range: 07:00 - 08:00 Trips,Date range: 2024-08-08 - 2024-08-08 Time range: 07:00 - 08:00 Percent,Date range: 2024-08-08 - 2024-08-08 Time range: 08:00 - 09:00 Trips,Date range: 2024-08-08 - 2024-08-08 Time range: 08:00 - 09:00 Percent,Date range: 2024-08-08 - 2024-08-08 Time range: 09:00 - 10:00 Trips,Date range: 2024-08-08 - 2024-08-08 Time range: 09:00 - 10:00 Percent,Date range: 2024-08-08 - 2024-08-08 Time range: 10:00 - 11:00 Trips,Date range: 2024-08-08 - 2024-08-08 Time range: 10:00 - 11:00 Percent,Date range: 2024-08-08 - 2024-08-08 Time range: 11:00 - 12:00 Trips,Date range: 2024-08-08 - 2024-08-08 Time range: 11:00 - 12:00 Percent,Date range: 2024-08-08 - 2024-08-08 Time range: 12:00 - 13:00 Trips,Date range: 2024-08-08 - 2024-08-08 Time range: 12:00 - 13:00 Percent,Date range: 2024-08-08 - 2024-08-08 Time range: 13:00 - 14:00 Trips,Date range: 2024-08-08 - 2024-08-08 Time range: 13:00 - 14:00 Percent,Date range: 2024-08-08 - 2024-08-08 Time range: 14:00 - 15:00 Trips,Date range: 2024-08-08 - 2024-08-08 Time range: 14:00 - 15:00 Percent,Date range: 2024-08-08 - 2024-08-08 Time range: 15:00 - 16:00 Trips,Date range: 2024-08-08 - 2024-08-08 Time range: 15:00 - 16:00 Percent,Date range: 2024-08-08 - 2024-08-08 Time range: 16:00 - 17:00 Trips,Date range: 2024-08-08 - 2024-08-08 Time range: 16:00 - 17:00 Percent,Date range: 2024-08-08 - 2024-08-08 Time range: 17:00 - 18:00 Trips,Date range: 2024-08-08 - 2024-08-08 Time range: 17:00 - 18:00 Percent,Date range: 2024-08-08 - 2024-08-08 Time range: 18:00 - 19:00 Trips,Date range: 2024-08-08 - 2024-08-08 Time range: 18:00 - 19:00 Percent,Date range: 2024-08-08 - 2024-08-08 Time range: 19:00 - 20:00 Trips,Date range: 2024-08-08 - 2024-08-08 Time range: 19:00 - 20:00 Percent,Date range: 2024-08-08 - 2024-08-08 Time range: 20:00 - 21:00 Trips,Date range: 2024-08-08 - 2024-08-08 Time range: 20:00 - 21:00 Percent,Date range: 2024-08-08 - 2024-08-08 Time range: 21:00 - 22:00 Trips,Date range: 2024-08-08 - 2024-08-08 Time range: 21:00 - 22:00 Percent,Date range: 2024-08-08 - 2024-08-08 Time range: 22:00 - 23:00 Trips,Date range: 2024-08-08 - 2024-08-08 Time range: 22:00 - 23:00 Percent,Date range: 2024-08-08 - 2024-08-08 Time range: 23:00 - 00:00 Trips,Date range: 2024-08-08 - 2024-08-08 Time range: 23:00 - 00:00 Percent,Date range: 2024-08-09 - 2024-08-09 Time range: 00:00 - 01:00 Trips,Date range: 2024-08-09 - 2024-08-09 Time range: 00:00 - 01:00 Percent,Date range: 2024-08-09 - 2024-08-09 Time range: 01:00 - 02:00 Trips,Date range: 2024-08-09 - 2024-08-09 Time range: 01:00 - 02:00 Percent,Date range: 2024-08-09 - 2024-08-09 Time range: 02:00 - 03:00 Trips,Date range: 2024-08-09 - 2024-08-09 Time range: 02:00 - 03:00 Percent,Date range: 2024-08-09 - 2024-08-09 Time range: 03:00 - 04:00 Trips,Date range: 2024-08-09 - 2024-08-09 Time range: 03:00 - 04:00 Percent,Date range: 2024-08-09 - 2024-08-09 Time range: 04:00 - 05:00 Trips,Date range: 2024-08-09 - 2024-08-09 Time range: 04:00 - 05:00 Percent,Date range: 2024-08-09 - 2024-08-09 Time range: 05:00 - 06:00 Trips,Date range: 2024-08-09 - 2024-08-09 Time range: 05:00 - 06:00 Percent,Date range: 2024-08-09 - 2024-08-09 Time range: 06:00 - 07:00 Trips,Date range: 2024-08-09 - 2024-08-09 Time range: 06:00 - 07:00 Percent,Date range: 2024-08-09 - 2024-08-09 Time range: 07:00 - 08:00 Trips,Date range: 2024-08-09 - 2024-08-09 Time range: 07:00 - 08:00 Percent,Date range: 2024-08-09 - 2024-08-09 Time range: 08:00 - 09:00 Trips,Date range: 2024-08-09 - 2024-08-09 Time range: 08:00 - 09:00 Percent,Date range: 2024-08-09 - 2024-08-09 Time range: 09:00 - 10:00 Trips,Date range: 2024-08-09 - 2024-08-09 Time range: 09:00 - 10:00 Percent,Date range: 2024-08-09 - 2024-08-09 Time range: 10:00 - 11:00 Trips,Date range: 2024-08-09 - 2024-08-09 Time range: 10:00 - 11:00 Percent,Date range: 2024-08-09 - 2024-08-09 Time range: 11:00 - 12:00 Trips,Date range: 2024-08-09 - 2024-08-09 Time range: 11:00 - 12:00 Percent,Date range: 2024-08-09 - 2024-08-09 Time range: 12:00 - 13:00 Trips,Date range: 2024-08-09 - 2024-08-09 Time range: 12:00 - 13:00 Percent,Date range: 2024-08-09 - 2024-08-09 Time range: 13:00 - 14:00 Trips,Date range: 2024-08-09 - 2024-08-09 Time range: 13:00 - 14:00 Percent,Date range: 2024-08-09 - 2024-08-09 Time range: 14:00 - 15:00 Trips,Date range: 2024-08-09 - 2024-08-09 Time range: 14:00 - 15:00 Percent,Date range: 2024-08-09 - 2024-08-09 Time range: 15:00 - 16:00 Trips,Date range: 2024-08-09 - 2024-08-09 Time range: 15:00 - 16:00 Percent,Date range: 2024-08-09 - 2024-08-09 Time range: 16:00 - 17:00 Trips,Date range: 2024-08-09 - 2024-08-09 Time range: 16:00 - 17:00 Percent,Date range: 2024-08-09 - 2024-08-09 Time range: 17:00 - 18:00 Trips,Date range: 2024-08-09 - 2024-08-09 Time range: 17:00 - 18:00 Percent,Date range: 2024-08-09 - 2024-08-09 Time range: 18:00 - 19:00 Trips,Date range: 2024-08-09 - 2024-08-09 Time range: 18:00 - 19:00 Percent,Date range: 2024-08-09 - 2024-08-09 Time range: 19:00 - 20:00 Trips,Date range: 2024-08-09 - 2024-08-09 Time range: 19:00 - 20:00 Percent,Date range: 2024-08-09 - 2024-08-09 Time range: 20:00 - 21:00 Trips,Date range: 2024-08-09 - 2024-08-09 Time range: 20:00 - 21:00 Percent,Date range: 2024-08-09 - 2024-08-09 Time range: 21:00 - 22:00 Trips,Date range: 2024-08-09 - 2024-08-09 Time range: 21:00 - 22:00 Percent,Date range: 2024-08-09 - 2024-08-09 Time range: 22:00 - 23:00 Trips,Date range: 2024-08-09 - 2024-08-09 Time range: 22:00 - 23:00 Percent,Date range: 2024-08-09 - 2024-08-09 Time range: 23:00 - 00:00 Trips,Date range: 2024-08-09 - 2024-08-09 Time range: 23:00 - 00:00 Percent,Date range: 2024-08-10 - 2024-08-10 Time range: 00:00 - 01:00 Trips,Date range: 2024-08-10 - 2024-08-10 Time range: 00:00 - 01:00 Percent,Date range: 2024-08-10 - 2024-08-10 Time range: 01:00 - 02:00 Trips,Date range: 2024-08-10 - 2024-08-10 Time range: 01:00 - 02:00 Percent,Date range: 2024-08-10 - 2024-08-10 Time range: 02:00 - 03:00 Trips,Date range: 2024-08-10 - 2024-08-10 Time range: 02:00 - 03:00 Percent,Date range: 2024-08-10 - 2024-08-10 Time range: 03:00 - 04:00 Trips,Date range: 2024-08-10 - 2024-08-10 Time range: 03:00 - 04:00 Percent,Date range: 2024-08-10 - 2024-08-10 Time range: 04:00 - 05:00 Trips,Date range: 2024-08-10 - 2024-08-10 Time range: 04:00 - 05:00 Percent,Date range: 2024-08-10 - 2024-08-10 Time range: 05:00 - 06:00 Trips,Date range: 2024-08-10 - 2024-08-10 Time range: 05:00 - 06:00 Percent,Date range: 2024-08-10 - 2024-08-10 Time range: 06:00 - 07:00 Trips,Date range: 2024-08-10 - 2024-08-10 Time range: 06:00 - 07:00 Percent,Date range: 2024-08-10 - 2024-08-10 Time range: 07:00 - 08:00 Trips,Date range: 2024-08-10 - 2024-08-10 Time range: 07:00 - 08:00 Percent,Date range: 2024-08-10 - 2024-08-10 Time range: 08:00 - 09:00 Trips,Date range: 2024-08-10 - 2024-08-10 Time range: 08:00 - 09:00 Percent,Date range: 2024-08-10 - 2024-08-10 Time range: 09:00 - 10:00 Trips,Date range: 2024-08-10 - 2024-08-10 Time range: 09:00 - 10:00 Percent,Date range: 2024-08-10 - 2024-08-10 Time range: 10:00 - 11:00 Trips,Date range: 2024-08-10 - 2024-08-10 Time range: 10:00 - 11:00 Percent,Date range: 2024-08-10 - 2024-08-10 Time range: 11:00 - 12:00 Trips,Date range: 2024-08-10 - 2024-08-10 Time range: 11:00 - 12:00 Percent,Date range: 2024-08-10 - 2024-08-10 Time range: 12:00 - 13:00 Trips,Date range: 2024-08-10 - 2024-08-10 Time range: 12:00 - 13:00 Percent,Date range: 2024-08-10 - 2024-08-10 Time range: 13:00 - 14:00 Trips,Date range: 2024-08-10 - 2024-08-10 Time range: 13:00 - 14:00 Percent,Date range: 2024-08-10 - 2024-08-10 Time range: 14:00 - 15:00 Trips,Date range: 2024-08-10 - 2024-08-10 Time range: 14:00 - 15:00 Percent,Date range: 2024-08-10 - 2024-08-10 Time range: 15:00 - 16:00 Trips,Date range: 2024-08-10 - 2024-08-10 Time range: 15:00 - 16:00 Percent,Date range: 2024-08-10 - 2024-08-10 Time range: 16:00 - 17:00 Trips,Date range: 2024-08-10 - 2024-08-10 Time range: 16:00 - 17:00 Percent,Date range: 2024-08-10 - 2024-08-10 Time range: 17:00 - 18:00 Trips,Date range: 2024-08-10 - 2024-08-10 Time range: 17:00 - 18:00 Percent,Date range: 2024-08-10 - 2024-08-10 Time range: 18:00 - 19:00 Trips,Date range: 2024-08-10 - 2024-08-10 Time range: 18:00 - 19:00 Percent,Date range: 2024-08-10 - 2024-08-10 Time range: 19:00 - 20:00 Trips,Date range: 2024-08-10 - 2024-08-10 Time range: 19:00 - 20:00 Percent,Date range: 2024-08-10 - 2024-08-10 Time range: 20:00 - 21:00 Trips,Date range: 2024-08-10 - 2024-08-10 Time range: 20:00 - 21:00 Percent,Date range: 2024-08-10 - 2024-08-10 Time range: 21:00 - 22:00 Trips,Date range: 2024-08-10 - 2024-08-10 Time range: 21:00 - 22:00 Percent,Date range: 2024-08-10 - 2024-08-10 Time range: 22:00 - 23:00 Trips,Date range: 2024-08-10 - 2024-08-10 Time range: 22:00 - 23:00 Percent,Date range: 2024-08-10 - 2024-08-10 Time range: 23:00 - 00:00 Trips,Date range: 2024-08-10 - 2024-08-10 Time range: 23:00 - 00:00 Percent
Region 0,Region 0,443,3.714,184,3.652,95,3.215,81,3.83,75,4.167,199,6.223,636,7.434,1609,8.613,2937,8.924,3089,8.544,2373,8.22,2101,7.956,2253,7.857,2460,7.992,2357,7.772,2661,8.076,3038,8.07,3610,8.201,2992,6.879,2242,6.836,1521,6.172,1311,5.991,903,5.089,573,4.975,413,4.412,178,4.21,109,4.315,72,3.917,85,4.607,213,6.383,627,7.599,1499,8.404,2771,9.165,2871,8.832,2330,8.607,2195,8.464,2318,8.422,2527,8.28,2554,8.452,2846,8.672,3124,8.601,3498,8.3,3277,7.825,2233,6.882,1565,6.385,1425,6.283,1105,5.887,668,5.19,525,4.364,230,4.399,98,3.113,85,3.779,96,4.969,182,5.811,561,7.559,1292,8.574,2155,8.885,2408,8.967,2195,8.636,2128,8.092,2453,8.051,2769,8.072,2668,7.908,3041,8.581,3125,8.191,3152,7.564,2900,7.129,2062,6.189,1432,5.609,1291,5.541,1112,5.038,821,3.909,740,4.146,369,3.813,225,3.221,134,2.348,109,3.007,117,4.469,238,6.262,449,6.464,769,7.256,1255,7.899,1857,7.812,2265,7.608,2464,7.531,2622,7.047,2696,6.534,2689,6.519,2481,6.835,2286,6.249,2232,5.878,1795,5.345,1547,5.8,1388,5.797,1253,4.98,883,4.645
Region 0,Region 1,12,0.101,6,0.119,2,0.068,2,0.095,1,0.056,3,0.094,1,0.012,27,0.145,61,0.185,76,0.21,42,0.145,31,0.117,44,0.153,38,0.123,41,0.135,47,0.143,55,0.146,88,0.2,96,0.221,84,0.256,45,0.183,57,0.26,46,0.259,26,0.226,9,0.096,5,0.118,2,0.079,3,0.163,2,0.108,3,0.09,3,0.036,26,0.146,38,0.126,56,0.172,34,0.126,28,0.108,35,0.127,32,0.105,32,0.106,23,0.07,55,0.151,99,0.235,89,0.213,75,0.231,54,0.22,49,0.216,32,0.17,15,0.117,12,0.1,3,0.057,1,0.032,2,0.089,0,0,4,0.128,5,0.067,22,0.146,29,0.12,42,0.156,27,0.106,30,0.114,58,0.19,56,0.163,47,0.139,44,0.124,58,0.152,88,0.211,99,0.243,83,0.249,53,0.208,50,0.215,42,0.19,33,0.157,40,0.224,9,0.093,13,0.186,9,0.158,6,0.166,1,0.038,2,0.053,2,0.029,9,0.085,28,0.176,45,0.189,64,0.215,52,0.159,54,0.145,63,0.153,61,0.148,69,0.19,92,0.252,122,0.321,122,0.363,72,0.27,28,0.117,54,0.215,51,0.268
Region 0,Region 2,23,0.193,7,0.139,3,0.102,1,0.047,2,0.111,4,0.125,20,0.234,49,0.262,140,0.425,134,0.371,64,0.222,39,0.148,46,0.16,39,0.127,35,0.115,48,0.146,55,0.146,60,0.136,55,0.126,59,0.18,47,0.191,43,0.196,24,0.135,14,0.122,7,0.075,7,0.166,3,0.119,2,0.109,5,0.271,5,0.15,14,0.17,40,0.224,117,0.387,131,0.403,65,0.24,52,0.201,45,0.163,38,0.125,41,0.136,49,0.149,47,0.129,56,0.133,72,0.172,76,0.234,49,0.2,45,0.198,35,0.186,19,0.148,13,0.108,6,0.115,2,0.064,3,0.133,2,0.104,4,0.128,10,0.135,21,0.139,67,0.276,61,0.227,59,0.232,75,0.285,136,0.446,201,0.586,69,0.205,64,0.181,59,0.155,124,0.298,257,0.632,259,0.777,80,0.313,53,0.227,60,0.272,41,0.195,52,0.291,34,0.351,26,0.372,13,0.228,4,0.11,2,0.076,6,0.158,18,0.259,39,0.368,52,0.327,75,0.316,63,0.212,60,0.183,56,0.151,80,0.194,86,0.208,125,0.344,271,0.741,315,0.829,97,0.289,59,0.221,55,0.23,49,0.195,73,0.384
Region 0,Region 3,1,0.008,0,0,0,0,0,0,0,0,0,0,0,0,2,0.011,4,0.012,3,0.008,6,0.021,6,0.023,4,0.014,2,0.006,2,0.007,2,0.006,6,0.016,0,0,9,0.021,4,0.012,3,0.012,4,0.018,4,0.023,2,0.017,3,0.032,0,0,1,0.04,0,0,1,0.054,1,0.03,2,0.024,1,0.006,3,0.01,3,0.009,0,0,2,0.008,1,0.004,4,0.013,4,0.013,7,0.021,7,0.019,3,0.007,3,0.007,0,0,3,0.012,3,0.013,6,0.032,2,0.016,2,0.017,0,0,0,0,1,0.044,0,0,1,0.032,0,0,1,0.007,1,0.004,6,0.022,2,0.008,4,0.015,2,0.007,3,0.009,3,0.009,5,0.014,0,0,6,0.014,3,0.007,2,0.006,1,0.004,2,0.009,3,0.014,3,0.014,1,0.006,1,0.01,0,0,0,0,0,0,0,0,0,0,0,0,3,0.028,2,0.013,1,0.004,1,0.003,4,0.012,4,0.011,6,0.015,6,0.015,4,0.011,5,0.014,0,0,4,0.012,2,0.007,1,0.004,3,0.012,3,0.016
Region 0,Region 4,30,0.252,13,0.258,5,0.169,4,0.189,2,0.111,8,0.25,12,0.14,25,0.134,58,0.176,82,0.227,75,0.26,85,0.322,84,0.293,113,0.367,114,0.376,96,0.291,145,0.385,183,0.416,182,0.418,159,0.485,73,0.296,93,0.425,69,0.389,46,0.399,16,0.171,12,0.284,6,0.238,1,0.054,2,0.108,2,0.06,9,0.109,24,0.135,53,0.175,87,0.268,86,0.318,101,0.389,81,0.294,85,0.279,108,0.357,108,0.329,123,0.339,165,0.392,165,0.394,136,0.419,116,0.473,104,0.459,69,0.368,38,0.295,44,0.366,14,0.268,5,0.159,7,0.311,5,0.259,5,0.16,15,0.202,31,0.206,52,0.214,74,0.276,76,0.299,87,0.331,92,0.302,108,0.315,118,0.35,118,0.333,128,0.336,180,0.432,172,0.423,142,0.426,108,0.423,86,0.369,85,0.385,71,0.338,66,0.37,33,0.341,17,0.243,20,0.351,13,0.359,3,0.115,2,0.053,12,0.173,44,0.415,48,0.302,81,0.341,94,0.316,111,0.339,104,0.28,106,0.257,105,0.255,106,0.292,111,0.303,118,0.311,103,0.307,102,0.382,102,0.426,97,0.386,81,0.426
Region 0,Region 5,28,0.235,15,0.298,9,0.305,3,0.142,5,0.278,22,0.688,54,0.631,97,0.519,127,0.386,123,0.34,111,0.384,117,0.443,98,0.342,107,0.348,93,0.307,108,0.328,92,0.244,119,0.27,107,0.246,73,0.223,80,0.325,58,0.265,39,0.22,31,0.269,24,0.256,9,0.213,6,0.238,4,0.218,14,0.759,19,0.569,60,0.727,77,0.432,104,0.344,125,0.385,87,0.321,107,0.413,89,0.323,109,0.357,92,0.304,92,0.28,97,0.267,112,0.266,102,0.244,102,0.314,60,0.245,65,0.287,56,0.298,25,0.194,10,0.083,10,0.191,12,0.381,2,0.089,9,0.466,34,1.086,25,0.337,56,0.372,92,0.379,101,0.376,80,0.315,94,0.357,111,0.364,102,0.297,119,0.353,104,0.293,104,0.273,122,0.293,113,0.278,83,0.249,65,0.255,48,0.206,55,0.249,42,0.2,30,0.168,19,0.196,6,0.086,10,0.175,11,0.303,12,0.458,25,0.658,26,0.374,44,0.415,57,0.359,91,0.383,118,0.396,114,0.348,134,0.36,113,0.274,101,0.245,110,0.303,104,0.284,93,0.245,79,0.235,55,0.206,52,0.217,54,0.215,37,0.195
Region 0,Region 6,3,0.025,0,0,0,0,0,0,0,0,1,0.031,2,0.023,3,0.016,15,0.046,15,0.041,7,0.024,4,0.015,7,0.024,6,0.019,6,0.02,5,0.015,9,0.024,30,0.068,23,0.053,16,0.049,12,0.049,7,0.032,3,0.017,2,0.017,2,0.021,0,0,0,0,0,0,0,0,0,0,1,0.012,2,0.011,8,0.026,9,0.028,8,0.03,6,0.023,5,0.018,8,0.026,7,0.023,11,0.034,18,0.05,18,0.043,23,0.055,13,0.04,15,0.061,12,0.053,5,0.027,2,0.016,3,0.025,2,0.038,0,0,0,0,0,0,0,0,2,0.027,1,0.007,12,0.049,9,0.034,11,0.043,6,0.023,7,0.023,13,0.038,16,0.047,8,0.023,14,0.037,18,0.043,25,0.061,18,0.054,13,0.051,9,0.039,6,0.027,3,0.014,7,0.039,2,0.021,1,0.014,2,0.035,0,0,0,0,0,0,1,0.014,3,0.028,7,0.044,6,0.025,9,0.03,12,0.037,11,0.03,12,0.029,11,0.027,11,0.03,18,0.049,24,0.063,13,0.039,9,0.034,6,0.025,10,0.04,2,0.011
Region 0,Region 7,13,0.109,11,0.218,2,0.068,6,0.284,2,0.111,3,0.094,12,0.14,23,0.123,31,0.094,30,0.083,27,0.094,30,0.114,26,0.091,32,0.104,34,0.112,30,0.091,46,0.122,54,0.123,51,0.117,35,0.107,26,0.106,24,0.11,15,0.085,8,0.069,15,0.16,2,0.047,4,0.158,1,0.054,0,0,5,0.15,10,0.121,21,0.118,21,0.069,29,0.089,26,0.096,17,0.066,26,0.094,43,0.141,43,0.142,41,0.125,40,0.11,51,0.121,55,0.131,40,0.123,26,0.106,25,0.11,22,0.117,17,0.132,14,0.116,8,0.153,5,0.159,1,0.044,0,0,2,0.064,8,0.108,16,0.106,29,0.12,27,0.101,28,0.11,27,0.103,32,0.105,37,0.108,44,0.13,50,0.141,46,0.121,54,0.13,53,0.13,48,0.144,47,0.184,29,0.124,25,0.113,14,0.067,20,0.112,4,0.041,3,0.043,6,0.105,6,0.166,5,0.191,2,0.053,8,0.115,10,0.094,13,0.082,26,0.109,28,0.094,31,0.095,22,0.059,33,0.08,32,0.078,42,0.116,41,0.112,40,0.105,43,0.128,35,0.131,19,0.079,23,0.091,15,0.079
Region 0,Region 8,12,0.101,5,0.099,3,0.102,5,0.236,0,0,3,0.094,21,0.245,46,0.246,92,0.28,109,0.302,81,0.281,60,0.227,78,0.272,61,0.198,65,0.214,86,0.261,104,0.276,109,0.248,94,0.216,59,0.18,52,0.211,38,0.174,39,0.22,21,0.182,15,0.16,4,0.095,3,0.119,2,0.109,0,0,4,0.12,17,0.206,55,0.308,100,0.331,103,0.317,80,0.296,75,0.289,84,0.305,87,0.285,79,0.261,79,0.241,100,0.275,105,0.249,106,0.253,69,0.213,42,0.171,50,0.22,30,0.16,18,0.14,25,0.208,9,0.172,6,0.191,3,0.133,4,0.207,4,0.128,17,0.229,48,0.319,88,0.363,95,0.354,83,0.327,84,0.319,113,0.371,113,0.329,108,0.32,102,0.288,96,0.252,81,0.194,77,0.189,76,0.228,39,0.153,46,0.197,40,0.181,33,0.157,27,0.151,17,0.176,8,0.115,5,0.088,2,0.055,4,0.153,8,0.21,21,0.302,27,0.255,56,0.352,88,0.37,107,0.359,109,0.333,119,0.32,91,0.221,87,0.211,80,0.22,92,0.252,91,0.24,58,0.173,48,0.18,46,0.192,45,0.179,27,0.142
Region 0,Region 9,1,0.008,2,0.04,0,0,0,0,1,0.056,1,0.031,0,0,2,0.011,0,0,3,0.008,5,0.017,1,0.004,3,0.01,7,0.023,3,0.01,4,0.012,7,0.019,7,0.016,8,0.018,1,0.003,4,0.016,3,0.014,4,0.023,1,0.009,5,0.053,0,0,0,0,0,0,1,0.054,0,0,0,0,1,0.006,3,0.01,6,0.018,6,0.022,4,0.015,5,0.018,6,0.02,5,0.017,5,0.015,4,0.011,4,0.009,10,0.024,6,0.018,5,0.02,9,0.04,1,0.005,0,0,3,0.025,0,0,1,0.032,0,0,0,0,1,0.032,1,0.013,0,0,7,0.029,6,0.022,3,0.012,4,0.015,5,0.016,5,0.015,5,0.015,5,0.014,3,0.008,2,0.005,6,0.015,4,0.012,4,0.016,2,0.009,4,0.018,0,0,3,0.017,2,0.021,0,0,1,0.018,0,0,1,0.038,2,0.053,0,0,0,0,3,0.019,5,0.021,4,0.013,2,0.006,4,0.011,7,0.017,1,0.002,2,0.006,10,0.027,6,0.016,1,0.003,0,0,3,0.013,4,0.016,2,0.011
Region 0,Region 10,5,0.042,2,0.04,2,0.068,1,0.047,1,0.056,2,0.063,7,0.082,21,0.112,51,0.155,37,0.102,40,0.139,32,0.121,18,0.063,33,0.107,36,0.119,41,0.124,58,0.154,95,0.216,64,0.147,35,0.107,24,0.097,28,0.128,23,0.13,16,0.139,6,0.064,0,0,1,0.04,2,0.109,0,0,0,0,8,0.097,13,0.073,45,0.149,44,0.135,31,0.115,23,0.089,38,0.138,38,0.125,38,0.126,48,0.146,51,0.14,99,0.235,67,0.16,38,0.117,21,0.086,27,0.119,28,0.149,12,0.093,11,0.091,9,0.172,4,0.127,2,0.089,6,0.311,4,0.128,12,0.162,18,0.119,38,0.157,69,0.257,33,0.13,38,0.145,45,0.148,40,0.117,56,0.166,65,0.183,60,0.157,75,0.18,44,0.108,27,0.081,33,0.129,26,0.112,14,0.063,10,0.048,4,0.022,9,0.093,3,0.043,4,0.07,2,0.055,4,0.153,4,0.105,7,0.101,11,0.104,16,0.101,31,0.13,26,0.087,13,0.04,25,0.067,26,0.063,22,0.053,17,0.047,26,0.071,26,0.068,26,0.077,16,0.06,13,0.054,11,0.044,8,0.042
Region 0,Region 11,4,0.034,2,0.04,1,0.034,3,0.142,3,0.167,0,0,1,0.012,8,0.043,8,0.024,14,0.039,12,0.042,3,0.011,6,0.021,13,0.042,14,0.046,14,0.042,28,0.074,24,0.055,20,0.046,17,0.052,9,0.037,6,0.027,12,0.068,8,0.069,4,0.043,0,0,0,0,1,0.054,2,0.108,1,0.03,2,0.024,10,0.056,22,0.073,9,0.028,11,0.041,10,0.039,6,0.022,11,0.036,8,0.026,17,0.052,17,0.047,27,0.064,34,0.081,25,0.077,12,0.049,14,0.062,17,0.091,8,0.062,9,0.075,0,0,2,0.064,0,0,3,0.155,0,0,2,0.027,9,0.06,11,0.045,4,0.015,11,0.043,12,0.046,14,0.046,14,0.041,13,0.039,15,0.042,13,0.034,22,0.053,20,0.049,13,0.039,8,0.031,8,0.034,11,0.05,7,0.033,5,0.028,0,0,0,0,2,0.035,0,0,0,0,0,0,1,0.014,2,0.019,3,0.019,8,0.034,14,0.047,16,0.049,10,0.027,19,0.046,23,0.056,22,0.061,16,0.044,12,0.032,9,0.027,12,0.045,8,0.033,10,0.04,5,0.026
Region 0,Region 12,2,0.017,3,0.06,2,0.068,0,0,1,0.056,2,0.063,4,0.047,12,0.064,10,0.03,11,0.03,13,0.045,8,0.03,16,0.056,14,0.045,14,0.046,15,0.046,20,0.053,12,0.027,9,0.021,10,0.03,7,0.028,9,0.041,7,0.039,8,0.069,3,0.032,2,0.047,3,0.119,0,0,0,0,1,0.03,2,0.024,9,0.05,10,0.033,11,0.034,9,0.033,15,0.058,13,0.047,18,0.059,12,0.04,16,0.049,16,0.044,19,0.045,19,0.045,17,0.052,16,0.065,11,0.048,10,0.053,3,0.023,6,0.05,4,0.077,2,0.064,0,0,0,0,0,0,2,0.027,7,0.046,10,0.041,12,0.045,12,0.047,9,0.034,14,0.046,13,0.038,17,0.05,14,0.04,13,0.034,18,0.043,10,0.025,7,0.021,13,0.051,12,0.052,13,0.059,4,0.019,8,0.045,7,0.072,2,0.029,3,0.053,1,0.028,2,0.076,2,0.053,4,0.058,3,0.028,8,0.05,14,0.059,11,0.037,13,0.04,6,0.016,15,0.036,5,0.012,9,0.025,18,0.049,17,0.045,13,0.039,5,0.019,16,0.067,10,0.04,8,0.042
Region 0,Region 13,18,0.151,15,0.298,5,0.169,1,0.047,2,0.111,4,0.125,2,0.023,19,0.102,62,0.188,68,0.188,55,0.191,70,0.265,71,0.248,77,0.25,78,0.257,75,0.228,87,0.231,122,0.277,130,0.299,105,0.32,65,0.264,62,0.283,41,0.231,22,0.191,18,0.192,5,0.118,4,0.158,2,0.109,1,0.054,1,0.03,2,0.024,11,0.062,61,0.202,82,0.252,81,0.299,66,0.255,82,0.298,76,0.249,78,0.258,83,0.253,82,0.226,128,0.304,158,0.377,116,0.358,74,0.302,73,0.322,28,0.149,27,0.21,25,0.208,7,0.134,5,0.159,3,0.133,2,0.104,5,0.16,5,0.067,20,0.133,64,0.264,67,0.249,60,0.236,81,0.308,85,0.279,91,0.265,91,0.27,103,0.291,112,0.294,114,0.274,136,0.334,110,0.33,61,0.239,56,0.24,47,0.213,30,0.143,28,0.157,19,0.196,11,0.157,13,0.228,6,0.166,6,0.229,3,0.079,12,0.173,11,0.104,30,0.189,46,0.194,66,0.222,86,0.263,82,0.22,92,0.223,95,0.23,94,0.259,91,0.249,90,0.237,70,0.208,75,0.281,62,0.259,62,0.246,38,0.2
Region 0,Region 14,4,0.034,2,0.04,1,0.034,2,0.095,2,0.111,4,0.125,4,0.047,4,0.021,11,0.033,16,0.044,16,0.055,14,0.053,15,0.052,10,0.032,20,0.066,22,0.067,21,0.056,29,0.066,22,0.051,16,0.049,9,0.037,5,0.023,7,0.039,3,0.026,4,0.043,4,0.095,1,0.04,0,0,0,0,2,0.06,4,0.048,2,0.011,20,0.066,19,0.058,11,0.041,14,0.054,12,0.044,12,0.039,26,0.086,21,0.064,24,0.066,31,0.074,20,0.048,13,0.04,9,0.037,6,0.026,7,0.037,5,0.039,4,0.033,4,0.077,3,0.095,3,0.133,1,0.052,2,0.064,6,0.081,4,0.027,13,0.054,10,0.037,16,0.063,12,0.046,21,0.069,16,0.047,22,0.065,23,0.065,17,0.045,21,0.05,24,0.059,18,0.054,11,0.043,8,0.034,6,0.027,11,0.052,5,0.028,4,0.041,3,0.043,1,0.018,2,0.055,0,0,3,0.079,0,0,8,0.075,11,0.069,14,0.059,7,0.024,11,0.034,14,0.038,13,0.032,16,0.039,13,0.036,15,0.041,20,0.053,14,0.042,14,0.052,10,0.042,11,0.044,7,0.037
Region 0,Region 15,4,0.034,6,0.119,1,0.034,1,0.047,0,0,1,0.031,4,0.047,14,0.075,20,0.061,26,0.072,20,0.069,17,0.064,24,0.084,21,0.068,36,0.119,36,0.109,34,0.09,39,0.089,41,0.094,35,0.107,19,0.077,24,0.11,19,0.107,11,0.096,9,0.096,3,0.071,1,0.04,2,0.109,1,0.054,1,0.03,4,0.048,16,0.09,15,0.05,17,0.052,20,0.074,15,0.058,27,0.098,19,0.062,26,0.086,29,0.088,36,0.099,34,0.081,37,0.088,35,0.108,22,0.09,14,0.062,17,0.091,11,0.085,10,0.083,3,0.057,3,0.095,0,0,1,0.052,3,0.096,5,0.067,17,0.113,23,0.095,16,0.06,15,0.059,15,0.057,22,0.072,24,0.07,24,0.071,37,0.104,32,0.084,33,0.079,40,0.098,31,0.093,24,0.094,14,0.06,18,0.082,15,0.071,12,0.067,2,0.021,1,0.014,1,0.018,0,0,0,0,3,0.079,5,0.072,6,0.057,11,0.069,16,0.067,21,0.071,22,0.067,27,0.073,29,0.07,21,0.051,29,0.08,29,0.079,24,0.063,26,0.077,22,0.082,28,0.117,21,0.083,15,0.079
Region 0,Region 16,5,0.042,2,0.04,0,0,0,0,0,0,1,0.031,4,0.047,15,0.08,19,0.058,27,0.075,28,0.097,26,0.098,34,0.119,29,0.094,37,0.122,37,0.112,43,0.114,57,0.129,55,0.126,44,0.134,34,0.138,26,0.119,13,0.073,7,0.061,3,0.032,2,0.047,1,0.04,0,0,0,0,0,0,2,0.024,12,0.067,35,0.116,43,0.132,29,0.107,22,0.085,30,0.109,32,0.105,26,0.086,32,0.098,40,0.11,52,0.123,57,0.136,42,0.129,28,0.114,25,0.11,26,0.139,10,0.078,5,0.042,2,0.038,0,0,0,0,1,0.052,0,0,5,0.067,13,0.086,26,0.107,18,0.067,36,0.142,38,0.145,41,0.135,39,0.114,38,0.113,41,0.116,50,0.131,47,0.113,54,0.133,45,0.135,48,0.188,27,0.116,18,0.082,8,0.038,4,0.022,6,0.062,1,0.014,2,0.035,1,0.028,1,0.038,5,0.132,18,0.259,52,0.491,22,0.138,28,0.118,44,0.148,46,0.141,56,0.151,57,0.138,53,0.128,46,0.127,37,0.101,35,0.092,25,0.074,28,0.105,25,0.104,22,0.087,8,0.042
Region 0,Region 17,33,0.277,11,0.218,5,0.169,4,0.189,1,0.056,4,0.125,13,0.152,63,0.337,279,0.848,275,0.761,112,0.388,69,0.261,71,0.248,61,0.198,51,0.168,59,0.179,70,0.186,90,0.204,77,0.177,61,0.186,60,0.243,51,0.233,31,0.175,19,0.165,20,0.214,8,0.189,2,0.079,2,0.109,2,0.108,5,0.15,8,0.097,47,0.263,227,0.751,214,0.658,87,0.321,54,0.208,51,0.185,61,0.2,51,0.169,49,0.149,60,0.165,81,0.192,101,0.241,83,0.256,39,0.159,42,0.185,29,0.155,30,0.233,14,0.116,10,0.191,4,0.127,4,0.178,1,0.052,4,0.128,7,0.094,39,0.259,117,0.482,123,0.458,55,0.216,59,0.224,67,0.22,87,0.254,74,0.219,56,0.158,72,0.189,106,0.254,117,0.288,108,0.324,55,0.215,44,0.189,58,0.263,33,0.157,27,0.151,12,0.124,9,0.129,12,0.21,8,0.221,3,0.115,6,0.158,13,0.187,14,0.132,34,0.214,57,0.24,60,0.202,66,0.202,135,0.363,215,0.521,235,0.57,106,0.292,91,0.249,129,0.34,79,0.235,61,0.229,41,0.171,43,0.171,40,0.21
Region 0,Region 18,1,0.008,0,0,1,0.034,0,0,0,0,1,0.031,2,0.023,6,0.032,4,0.012,3,0.008,3,0.01,3,0.011,1,0.003,3,0.01,3,0.01,3,0.009,14,0.037,17,0.039,7,0.016,3,0.009,2,0.008,4,0.018,9,0.051,2,0.017,0,0,0,0,0,0,0,0,1,0.054,0,0,3,0.036,7,0.039,7,0.023,6,0.018,5,0.018,1,0.004,5,0.018,5,0.016,6,0.02,10,0.03,22,0.061,19,0.045,8,0.019,7,0.022,2,0.008,1,0.004,2,0.011,2,0.016,0,0,2,0.038,1,0.032,0,0,0,0,1,0.032,2,0.027,5,0.033,1,0.004,4,0.015,2,0.008,5,0.019,3,0.01,3,0.009,2,0.006,5,0.014,8,0.021,9,0.022,5,0.012,9,0.027,4,0.016,2,0.009,4,0.018,6,0.029,2,0.011,2,0.021,2,0.029,0,0,0,0,0,0,0,0,2,0.029,0,0,1,0.006,0,0,5,0.017,6,0.018,6,0.016,4,0.01,6,0.015,4,0.011,8,0.022,6,0.016,1,0.003,9,0.034,4,0.017,3,0.012,1,0.005
Region 0,Region 19,1,0.008,2,0.04,1,0.034,1,0.047,1,0.056,1,0.031,3,0.035,2,0.011,5,0.015,3,0.008,1,0.003,6,0.023,6,0.021,7,0.023,8,0.026,12,0.036,12,0.032,11,0.025,9,0.021,9,0.027,9,0.037,6,0.027,2,0.011,2,0.017,1,0.011,0,0,0,0,1,0.054,0,0,1,0.03,1,0.012,1,0.006,5,0.017,5,0.015,4,0.015,7,0.027,4,0.015,4,0.013,9,0.03,9,0.027,8,0.022,7,0.017,13,0.031,8,0.025,3,0.012,2,0.009,2,0.011,1,0.008,3,0.025,2,0.038,1,0.032,1,0.044,1,0.052,1,0.032,2,0.027,3,0.02,1,0.004,5,0.019,9,0.035,5,0.019,6,0.02,10,0.029,6,0.018,5,0.014,11,0.029,5,0.012,9,0.022,4,0.012,2,0.008,3,0.013,2,0.009,4,0.019,2,0.011,2,0.021,1,0.014,1,0.018,0,0,0,0,0,0,3,0.043,2,0.019,2,0.013,6,0.025,3,0.01,3,0.009,4,0.011,10,0.024,5,0.012,3,0.008,4,0.011,5,0.013,6,0.018,3,0.011,3,0.013,2,0.008,1,0.005
Region 0,Region 20,4,0.034,3,0.06,1,0.034,2,0.095,1,0.056,1,0.031,3,0.035,18,0.096,35,0.106,50,0.138,25,0.087,19,0.072,15,0.052,19,0.062,14,0.046,15,0.046,25,0.066,32,0.073,18,0.041,18,0.055,16,0.065,15,0.069,9,0.051,6,0.052,5,0.053,2,0.047,1,0.04,0,0,3,0.163,3,0.09,1,0.012,23,0.129,35,0.116,31,0.095,20,0.074,22,0.085,16,0.058,17,0.056,12,0.04,14,0.043,19,0.052,22,0.052,30,0.072,15,0.046,12,0.049,15,0.066,12,0.064,10,0.078,4,0.033,1,0.019,2,0.064,1,0.044,1,0.052,1,0.032,4,0.054,22,0.146,22,0.091,33,0.123,16,0.063,14,0.053,18,0.059,25,0.073,25,0.074,15,0.042,26,0.068,26,0.062,18,0.044,19,0.057,12,0.047,12,0.052,28,0.127,12,0.057,9,0.05,6,0.062,1,0.014,1,0.018,0,0,0,0,1,0.026,8,0.115,9,0.085,7,0.044,18,0.076,15,0.05,21,0.064,20,0.054,17,0.041,18,0.044,12,0.033,15,0.041,21,0.055,20,0.06,6,0.022,12,0.05,28,0.111,12,0.063
Region 0,Region 21,1,0.008,1,0.02,0,0,0,0,0,0,1,0.031,1,0.012,2,0.011,7,0.021,14,0.039,9,0.031,9,0.034,12,0.042,12,0.039,12,0.04,12,0.036,17,0.045,23,0.052,20,0.046,11,0.034,7,0.028,10,0.046,6,0.034,2,0.017,3,0.032,0,0,2,0.079,1,0.054,0,0,0,0,1,0.012,0,0,7,0.023,13,0.04,9,0.033,2,0.008,12,0.044,12,0.039,10,0.033,11,0.034,18,0.05,13,0.031,23,0.055,19,0.059,16,0.065,6,0.026,3,0.016,9,0.07,2,0.017,0,0,0,0,0,0,0,0,0,0,1,0.013,3,0.02,4,0.016,10,0.037,11,0.043,13,0.049,9,0.03,11,0.032,14,0.041,14,0.04,22,0.058,19,0.046,18,0.044,9,0.027,7,0.027,5,0.021,5,0.023,0,0,2,0.011,2,0.021,0,0,1,0.018,0,0,0,0,1,0.026,3,0.043,10,0.094,3,0.019,8,0.034,5,0.017,8,0.024,13,0.035,9,0.022,14,0.034,9,0.025,10,0.027,11,0.029,10,0.03,4,0.015,5,0.021,4,0.016,9,0.047
Region 0,Region 22,2,0.017,0,0,0,0,0,0,0,0,0,0,1,0.012,5,0.027,4,0.012,4,0.011,4,0.014,1,0.004,7,0.024,5,0.016,3,0.01,4,0.012,3,0.008,5,0.011,3,0.007,3,0.009,1,0.004,1,0.005,3,0.017,1,0.009,1,0.011,0,0,0,0,1,0.054,0,0,0,0,0,0,3,0.017,5,0.017,4,0.012,1,0.004,4,0.015,10,0.036,4,0.013,5,0.017,4,0.012,3,0.008,4,0.009,4,0.01,8,0.025,6,0.024,5,0.022,0,0,0,0,2,0.017,1,0.019,2,0.064,0,0,0,0,0,0,2,0.027,1,0.007,3,0.012,2,0.007,3,0.012,4,0.015,2,0.007,3,0.009,4,0.012,2,0.006,3,0.008,7,0.017,4,0.01,4,0.012,6,0.023,3,0.013,3,0.014,2,0.01,3,0.017,1,0.01,0,0,0,0,0,0,1,0.038,0,0,0,0,0,0,2,0.013,2,0.008,0,0,2,0.006,2,0.005,4,0.01,1,0.002,4,0.011,5,0.014,9,0.024,3,0.009,2,0.007,1,0.004,2,0.008,2,0.011
Region 0,Region 23,7,0.059,4,0.079,3,0.102,2,0.095,0,0,1,0.031,2,0.023,8,0.043,7,0.021,9,0.025,7,0.024,11,0.042,15,0.052,16,0.052,18,0.059,22,0.067,51,0.135,52,0.118,27,0.062,16,0.049,9,0.037,16,0.073,8,0.045,10,0.087,4,0.043,3,0.071,3,0.119,3,0.163,0,0,2,0.06,5,0.061,10,0.056,27,0.089,18,0.055,11,0.041,8,0.031,12,0.044,15,0.049,19,0.063,24,0.073,43,0.118,66,0.157,51,0.122,20,0.062,15,0.061,16,0.071,10,0.053,6,0.047,7,0.058,2,0.038,4,0.127,3,0.133,1,0.052,2,0.064,4,0.054,3,0.02,9,0.037,12,0.045,18,0.071,16,0.061,13,0.043,18,0.052,23,0.068,34,0.096,36,0.094,29,0.07,19,0.047,20,0.06,14,0.055,13,0.056,19,0.086,14,0.067,13,0.073,6,0.062,3,0.043,1,0.018,0,0,0,0,2,0.053,3,0.043,2,0.019,4,0.025,3,0.013,13,0.044,12,0.037,13,0.035,18,0.044,28,0.068,11,0.03,7,0.019,18,0.047,10,0.03,8,0.03,19,0.079,16,0.064,17,0.089
Region 0,Region 24,1,0.008,0,0,0,0,0,0,0,0,0,0,1,0.012,3,0.016,5,0.015,7,0.019,1,0.003,4,0.015,5,0.017,2,0.006,7,0.023,6,0.018,5,0.013,3,0.007,11,0.025,2,0.006,2,0.008,4,0.018,2,0.011,0,0,0,0,0,0,0,0,0,0,0,0,0,0,0,0,0,0,4,0.013,4,0.012,4,0.015,2,0.008,3,0.011,4,0.013,7,0.023,5,0.015,9,0.025,13,0.031,10,0.024,3,0.009,4,0.016,1,0.004,2,0.011,0,0,0,0,1,0.019,0,0,0,0,0,0,0,0,1,0.013,3,0.02,3,0.012,1,0.004,3,0.012,2,0.008,3,0.01,4,0.012,4,0.012,7,0.02,7,0.018,5,0.012,6,0.015,2,0.006,5,0.02,0,0,3,0.014,1,0.005,2,0.011,0,0,1,0.014,1,0.018,0,0,0,0,0,0,1,0.014,1,0.009,2,0.013,6,0.025,5,0.017,1,0.003,3,0.008,2,0.005,2,0.005,7,0.019,5,0.014,6,0.016,3,0.009,2,0.007,0,0,0,0,3,0.016
Region 0,Region 25,5,0.042,3,0.06,1,0.034,0,0,0,0,2,0.063,5,0.058,8,0.043,17,0.052,25,0.069,19,0.066,11,0.042,11,0.038,15,0.049,13,0.043,19,0.058,10,0.027,24,0.055,25,0.057,18,0.055,11,0.045,8,0.037,9,0.051,5,0.043,3,0.032,0,0,2,0.079,0,0,0,0,2,0.06,5,0.061,7,0.039,16,0.053,17,0.052,18,0.066,13,0.05,14,0.051,11,0.036,16,0.053,7,0.021,24,0.066,19,0.045,23,0.055,15,0.046,4,0.016,6,0.026,3,0.016,5,0.039,4,0.033,0,0,3,0.095,3,0.133,1,0.052,2,0.064,6,0.081,11,0.073,11,0.045,12,0.045,17,0.067,11,0.042,12,0.039,10,0.029,13,0.039,5,0.014,21,0.055,18,0.043,23,0.057,15,0.045,8,0.031,5,0.021,6,0.027,11,0.052,7,0.039,2,0.021,3,0.043,0,0,1,0.028,0,0,1,0.026,2,0.029,4,0.038,8,0.05,9,0.038,6,0.02,11,0.034,12,0.032,16,0.039,18,0.044,21,0.058,15,0.041,15,0.039,11,0.033,12,0.045,11,0.046,17,0.068,10,0.053
Region 1,Region 0,20,0.168,11,0.218,4,0.135,2,0.095,1,0.056,1,0.031,10,0.117,16,0.086,60,0.182,54,0.149,35,0.121,31,0.117,34,0.119,37,0.12,27,0.089,35,0.106,61,0.162,63,0.143,50,0.115,62,0.189,48,0.195,55,0.251,35,0.197,26,0.226,16,0.171,13,0.307,2,0.079,3,0.163,3,0.163,2,0.06,8,0.097,15,0.084,54,0.179,44,0.135,34,0.126,28,0.108,27,0.098,36,0.118,31,0.103,41,0.125,55,0.151,52,0.123,51,0.122,42,0.129,27,0.11,35,0.154,24,0.128,27,0.21,16,0.133,9,0.172,4,0.127,7,0.311,2,0.104,0,0,10,0.135,14,0.093,45,0.186,33,0.123,24,0.094,23,0.087,22,0.072,49,0.143,38,0.113,33,0.093,33,0.087,49,0.118,57,0.14,45,0.135,34,0.133,35,0.15,54,0.245,49,0.233,45,0.252,34,0.351,44,0.63,21,0.368,10,0.276,3,0.115,4,0.105,1,0.014,13,0.123,20,0.126,36,0.151,51,0.171,46,0.141,54,0.145,52,0.126,53,0.128,42,0.116,42,0.115,36,0.095,37,0.11,40,0.15,35,0.146,58,0.231,63,0.331
Region 1,Region 1,91,0.763,42,0.834,27,0.914,25,1.182,8,0.444,7,0.219,15,0.175,32,0.171,90,0.273,172,0.476,140,0.485,107,0.405,140,0.488,177,0.575,177,0.584,176,0.534,178,0.473,265,0.602,371,0.853,345,1.052,232,0.941,176,0.804,151,0.851,95,0.825,81,0.865,37,0.875,10,0.396,20,1.088,4,0.217,7,0.21,24,0.291,45,0.252,101,0.334,143,0.44,136,0.502,112,0.432,123,0.447,177,0.58,159,0.526,152,0.463,173,0.476,213,0.505,298,0.712,267,0.823,186,0.759,193,0.851,149,0.794,138,1.072,127,1.056,51,0.976,50,1.588,23,1.023,8,0.414,3,0.096,18,0.243,33,0.219,72,0.297,129,0.48,131,0.515,106,0.403,138,0.453,191,0.557,194,0.575,168,0.474,205,0.537,235,0.564,256,0.629,270,0.81,267,1.046,225,0.966,198,0.897,216,1.028,269,1.507,161,1.664,126,1.804,104,1.823,35,0.966,13,0.497,5,0.132,7,0.101,32,0.302,81,0.51,135,0.568,180,0.605,206,0.63,241,0.648,246,0.596,259,0.628,218,0.601,222,0.607,257,0.677,264,0.786,206,0.772,234,0.977,204,0.811,225,1.184
Region 1,Region 2,16,0.134,8,0.159,3,0.102,5,0.236,1,0.056,4,0.125,7,0.082,8,0.043,33,0.1,59,0.163,45,0.156,22,0.083,38,0.133,51,0.166,48,0.158,43,0.131,51,0.135,67,0.152,94,0.216,70,0.213,59,0.239,46,0.21,35,0.197,19,0.165,17,0.182,10,0.237,1,0.04,3,0.163,1,0.054,3,0.09,5,0.061,17,0.095,37,0.122,75,0.231,50,0.185,39,0.15,26,0.094,32,0.105,45,0.149,40,0.122,42,0.116,72,0.171,77,0.184,67,0.206,54,0.22,33,0.145,33,0.176,19,0.148,31,0.258,21,0.402,11,0.349,4,0.178,4,0.207,3,0.096,4,0.054,10,0.066,28,0.115,38,0.142,36,0.142,29,0.11,41,0.135,58,0.169,68,0.202,36,0.102,45,0.118,67,0.161,72,0.177,89,0.267,57,0.223,51,0.219,61,0.276,56,0.267,76,0.426,63,0.651,51,0.73,23,0.403,6,0.166,4,0.153,0,0,7,0.101,14,0.132,21,0.132,29,0.122,52,0.175,55,0.168,58,0.156,71,0.172,55,0.133,68,0.187,78,0.213,76,0.2,78,0.232,65,0.244,55,0.23,70,0.278,75,0.395
Region 1,Region 3,1,0.008,3,0.06,0,0,0,0,0,0,0,0,0,0,1,0.005,5,0.015,1,0.003,2,0.007,1,0.004,3,0.01,3,0.01,6,0.02,4,0.012,7,0.019,5,0.011,6,0.014,1,0.003,4,0.016,4,0.018,3,0.017,3,0.026,2,0.021,2,0.047,0,0,1,0.054,0,0,0,0,1,0.012,0,0,3,0.01,2,0.006,2,0.007,1,0.004,2,0.007,5,0.016,6,0.02,8,0.024,5,0.014,8,0.019,5,0.012,8,0.025,2,0.008,4,0.018,3,0.016,3,0.023,1,0.008,0,0,0,0,0,0,0,0,0,0,1,0.013,1,0.007,3,0.012,1,0.004,2,0.008,2,0.008,8,0.026,1,0.003,5,0.015,3,0.008,5,0.013,6,0.014,5,0.012,2,0.006,3,0.012,3,0.013,4,0.018,6,0.029,7,0.039,2,0.021,4,0.057,2,0.035,0,0,0,0,1,0.026,0,0,0,0,2,0.013,2,0.008,3,0.01,3,0.009,3,0.008,5,0.012,4,0.01,3,0.008,4,0.011,6,0.016,2,0.006,8,0.03,6,0.025,2,0.008,1,0.005
Region 1,Region 4,6,0.05,4,0.079,1,0.034,0,0,0,0,1,0.031,1,0.012,5,0.027,2,0.006,8,0.022,3,0.01,4,0.015,4,0.014,7,0.023,11,0.036,10,0.03,9,0.024,6,0.014,9,0.021,9,0.027,10,0.041,5,0.023,8,0.045,6,0.052,5,0.053,1,0.024,1,0.04,2,0.109,0,0,0,0,2,0.024,1,0.006,4,0.013,5,0.015,6,0.022,2,0.008,8,0.029,5,0.016,4,0.013,7,0.021,4,0.011,10,0.024,14,0.033,11,0.034,10,0.041,15,0.066,8,0.043,14,0.109,5,0.042,8,0.153,2,0.064,2,0.089,0,0,1,0.032,0,0,2,0.013,1,0.004,6,0.022,6,0.024,6,0.023,3,0.01,9,0.026,8,0.024,5,0.014,5,0.013,11,0.026,11,0.027,8,0.024,10,0.039,12,0.052,11,0.05,17,0.081,15,0.084,15,0.155,12,0.172,14,0.245,0,0,0,0,1,0.026,2,0.029,7,0.066,1,0.006,8,0.034,7,0.024,3,0.009,3,0.008,9,0.022,13,0.032,10,0.028,4,0.011,9,0.024,8,0.024,6,0.022,8,0.033,7,0.028,17,0.089
Region 1,Region 5,2,0.017,0,0,1,0.034,2,0.095,0,0,0,0,5,0.058,7,0.037,7,0.021,3,0.008,8,0.028,8,0.03,14,0.049,3,0.01,7,0.023,5,0.015,3,0.008,8,0.018,4,0.009,12,0.037,13,0.053,13,0.059,9,0.051,3,0.026,3,0.032,1,0.024,1,0.04,0,0,1,0.054,0,0,4,0.048,4,0.022,10,0.033,6,0.018,10,0.037,8,0.031,14,0.051,7,0.023,10,0.033,5,0.015,4,0.011,5,0.012,10,0.024,8,0.025,7,0.029,8,0.035,6,0.032,5,0.039,5,0.042,3,0.057,3,0.095,1,0.044,0,0,0,0,1,0.013,5,0.033,7,0.029,5,0.019,8,0.031,12,0.046,3,0.01,6,0.017,4,0.012,9,0.025,9,0.024,8,0.019,10,0.025,15,0.045,10,0.039,7,0.03,18,0.082,10,0.048,9,0.05,10,0.103,7,0.1,5,0.088,2,0.055,1,0.038,4,0.105,3,0.043,3,0.028,7,0.044,7,0.029,13,0.044,19,0.058,18,0.048,14,0.034,8,0.019,9,0.025,18,0.049,11,0.029,12,0.036,6,0.022,18,0.075,8,0.032,10,0.053
Region 1,Region 6,22,0.184,13,0.258,7,0.237,4,0.189,2,0.111,0,0,2,0.023,11,0.059,17,0.052,25,0.069,38,0.132,17,0.064,27,0.094,46,0.149,34,0.112,25,0.076,50,0.133,53,0.12,81,0.186,73,0.223,52,0.211,34,0.155,27,0.152,32,0.278,14,0.15,9,0.213,8,0.317,1,0.054,0,0,1,0.03,3,0.036,11,0.062,11,0.036,20,0.062,22,0.081,30,0.116,29,0.105,37,0.121,41,0.136,33,0.101,40,0.11,75,0.178,80,0.191,71,0.219,39,0.159,40,0.176,31,0.165,28,0.218,15,0.125,9,0.172,8,0.254,3,0.133,1,0.052,3,0.096,1,0.013,10,0.066,20,0.082,22,0.082,28,0.11,32,0.122,37,0.121,46,0.134,44,0.13,44,0.124,55,0.144,62,0.149,72,0.177,55,0.165,54,0.211,42,0.18,32,0.145,39,0.186,44,0.247,38,0.393,24,0.344,22,0.386,1,0.028,5,0.191,1,0.026,3,0.043,4,0.038,11,0.069,31,0.13,30,0.101,45,0.138,77,0.207,71,0.172,56,0.136,55,0.152,50,0.137,47,0.124,58,0.173,55,0.206,41,0.171,47,0.187,25,0.132
Region 1,Region 7,7,0.059,5,0.099,4,0.135,1,0.047,0,0,2,0.063,2,0.023,13,0.07,10,0.03,8,0.022,18,0.062,12,0.045,14,0.049,11,0.036,10,0.033,14,0.042,15,0.04,12,0.027,20,0.046,16,0.049,22,0.089,11,0.05,12,0.068,17,0.148,6,0.064,7,0.166,2,0.079,2,0.109,3,0.163,3,0.09,5,0.061,12,0.067,7,0.023,14,0.043,7,0.026,12,0.046,10,0.036,17,0.056,14,0.046,14,0.043,11,0.03,12,0.028,19,0.045,20,0.062,16,0.065,10,0.044,12,0.064,7,0.054,12,0.1,4,0.077,6,0.191,2,0.089,2,0.104,2,0.064,1,0.013,12,0.08,10,0.041,13,0.048,14,0.055,18,0.068,14,0.046,22,0.064,14,0.041,18,0.051,14,0.037,23,0.055,17,0.042,22,0.066,16,0.063,24,0.103,17,0.077,25,0.119,17,0.095,17,0.176,19,0.272,16,0.28,4,0.11,5,0.191,0,0,3,0.043,4,0.038,0,0,7,0.029,15,0.05,17,0.052,11,0.03,19,0.046,14,0.034,20,0.055,11,0.03,20,0.053,17,0.051,20,0.075,19,0.079,19,0.076,15,0.079
Region 1,Region 8,36,0.302,19,0.377,5,0.169,1,0.047,4,0.222,1,0.031,9,0.105,30,0.161,69,0.21,73,0.202,53,0.184,46,0.174,62,0.216,49,0.159,58,0.191,73,0.222,61,0.162,82,0.186,108,0.248,79,0.241,70,0.284,66,0.302,52,0.293,41,0.356,18,0.192,13,0.307,6,0.238,5,0.272,3,0.163,2,0.06,8,0.097,26,0.146,48,0.159,54,0.166,42,0.155,44,0.17,55,0.2,55,0.18,59,0.195,65,0.198,57,0.157,68,0.161,88,0.21,68,0.21,57,0.233,61,0.269,60,0.32,38,0.295,37,0.308,23,0.44,15,0.476,10,0.445,3,0.155,2,0.064,4,0.054,19,0.126,32,0.132,41,0.153,32,0.126,56,0.213,45,0.148,53,0.154,63,0.187,82,0.231,78,0.204,94,0.226,87,0.214,68,0.204,57,0.223,40,0.172,64,0.29,66,0.314,85,0.476,59,0.61,65,0.93,70,1.227,20,0.552,5,0.191,7,0.184,9,0.13,17,0.16,39,0.245,53,0.223,76,0.255,62,0.19,82,0.22,88,0.213,66,0.16,70,0.193,75,0.205,81,0.213,69,0.205,58,0.217,55,0.23,73,0.29,77,0.405
Region 1,Region 9,8,0.067,4,0.079,0,0,4,0.189,5,0.278,5,0.156,7,0.082,3,0.016,9,0.027,7,0.019,3,0.01,12,0.045,10,0.035,15,0.049,12,0.04,15,0.046,12,0.032,27,0.061,23,0.053,14,0.043,6,0.024,4,0.018,4,0.023,8,0.069,2,0.021,4,0.095,3,0.119,1,0.054,1,0.054,6,0.18,7,0.085,7,0.039,7,0.023,7,0.022,5,0.018,10,0.039,9,0.033,7,0.023,12,0.04,8,0.024,16,0.044,22,0.052,20,0.048,6,0.018,7,0.029,3,0.013,7,0.037,3,0.023,4,0.033,1,0.019,2,0.064,3,0.133,4,0.207,8,0.255,7,0.094,5,0.033,5,0.021,9,0.034,4,0.016,5,0.019,5,0.016,8,0.023,14,0.041,17,0.048,26,0.068,21,0.05,16,0.039,9,0.027,9,0.035,7,0.03,5,0.023,6,0.029,10,0.056,3,0.031,7,0.1,4,0.07,3,0.083,7,0.267,7,0.184,7,0.101,9,0.085,8,0.05,7,0.029,8,0.027,25,0.076,22,0.059,6,0.015,9,0.022,12,0.033,8,0.022,1,0.003,4,0.012,8,0.03,5,0.021,8,0.032,11,0.058
Region 1,Region 10,54,0.453,21,0.417,13,0.44,9,0.426,4,0.222,5,0.156,26,0.304,48,0.257,101,0.307,133,0.368,88,0.305,92,0.348,89,0.31,111,0.361,98,0.323,131,0.398,140,0.372,208,0.473,185,0.425,129,0.393,141,0.572,102,0.466,111,0.626,77,0.669,51,0.545,25,0.591,9,0.356,10,0.544,3,0.163,8,0.24,20,0.242,62,0.348,85,0.281,124,0.381,92,0.34,83,0.32,85,0.309,112,0.367,139,0.46,142,0.433,150,0.413,184,0.437,162,0.387,123,0.379,115,0.469,133,0.586,76,0.405,58,0.451,40,0.332,27,0.516,22,0.699,14,0.622,5,0.259,6,0.192,20,0.269,39,0.259,102,0.421,86,0.32,110,0.433,100,0.38,123,0.404,137,0.399,150,0.445,131,0.37,172,0.451,195,0.468,148,0.364,119,0.357,108,0.423,96,0.412,85,0.385,92,0.438,80,0.448,61,0.63,58,0.83,54,0.946,23,0.634,13,0.497,7,0.184,16,0.23,30,0.283,63,0.397,80,0.337,145,0.487,144,0.44,145,0.39,150,0.364,128,0.31,136,0.375,106,0.29,104,0.274,98,0.292,85,0.319,91,0.38,112,0.445,81,0.426
Region 1,Region 11,5,0.042,2,0.04,2,0.068,0,0,2,0.111,1,0.031,0,0,4,0.021,6,0.018,4,0.011,7,0.024,2,0.008,3,0.01,6,0.019,9,0.03,3,0.009,11,0.029,15,0.034,23,0.053,7,0.021,11,0.045,10,0.046,13,0.073,11,0.096,1,0.011,2,0.047,6,0.238,5,0.272,1,0.054,0,0,1,0.012,6,0.034,4,0.013,10,0.031,6,0.022,3,0.012,8,0.029,8,0.026,4,0.013,12,0.037,17,0.047,9,0.021,17,0.041,12,0.037,6,0.024,10,0.044,14,0.075,11,0.085,3,0.025,5,0.096,5,0.159,2,0.089,0,0,2,0.064,2,0.027,4,0.027,1,0.004,8,0.03,6,0.024,8,0.03,6,0.02,10,0.029,7,0.021,7,0.02,11,0.029,13,0.031,16,0.039,12,0.036,10,0.039,5,0.021,11,0.05,13,0.062,10,0.056,9,0.093,4,0.057,3,0.053,4,0.11,2,0.076,1,0.026,4,0.058,5,0.047,1,0.006,5,0.021,7,0.024,5,0.015,3,0.008,3,0.007,7,0.017,11,0.03,7,0.019,11,0.029,12,0.036,12,0.045,13,0.054,8,0.032,9,0.047
Region 1,Region 12,4,0.034,2,0.04,1,0.034,2,0.095,1,0.056,0,0,0,0,4,0.021,8,0.024,8,0.022,8,0.028,9,0.034,12,0.042,8,0.026,11,0.036,18,0.055,9,0.024,16,0.036,14,0.032,10,0.03,8,0.032,17,0.078,10,0.056,5,0.043,6,0.064,2,0.047,0,0,1,0.054,0,0,0,0,2,0.024,2,0.011,11,0.036,4,0.012,6,0.022,11,0.042,6,0.022,9,0.029,12,0.04,14,0.043,14,0.039,17,0.04,12,0.029,14,0.043,10,0.041,13,0.057,14,0.075,6,0.047,8,0.066,5,0.096,2,0.064,3,0.133,2,0.104,1,0.032,2,0.027,5,0.033,9,0.037,5,0.019,8,0.031,6,0.023,14,0.046,11,0.032,11,0.033,12,0.034,14,0.037,16,0.038,15,0.037,8,0.024,11,0.043,7,0.03,6,0.027,7,0.033,12,0.067,5,0.052,4,0.057,13,0.228,5,0.138,0,0,1,0.026,3,0.043,2,0.019,7,0.044,5,0.021,11,0.037,15,0.046,10,0.027,12,0.029,20,0.048,15,0.041,14,0.038,13,0.034,6,0.018,4,0.015,13,0.054,5,0.02,10,0.053
Region 1,Region 13,37,0.31,25,0.496,7,0.237,5,0.236,4,0.222,4,0.125,27,0.316,36,0.193,122,0.371,146,0.404,80,0.277,63,0.239,71,0.248,88,0.286,89,0.293,98,0.297,123,0.327,158,0.359,162,0.372,118,0.36,101,0.41,90,0.411,92,0.519,50,0.434,35,0.374,12,0.284,11,0.435,7,0.381,5,0.271,2,0.06,25,0.303,35,0.196,108,0.357,116,0.357,84,0.31,64,0.247,83,0.302,83,0.272,90,0.298,116,0.353,139,0.383,158,0.375,154,0.368,95,0.293,78,0.318,86,0.379,86,0.458,46,0.357,35,0.291,21,0.402,14,0.445,7,0.311,6,0.311,4,0.128,14,0.189,27,0.179,78,0.322,83,0.309,69,0.271,73,0.278,65,0.213,88,0.257,98,0.29,96,0.271,129,0.338,143,0.343,130,0.32,96,0.288,83,0.325,70,0.3,101,0.458,102,0.486,107,0.6,65,0.672,82,1.174,51,0.894,13,0.359,13,0.497,16,0.421,10,0.144,25,0.236,50,0.315,61,0.257,106,0.356,135,0.413,107,0.288,119,0.288,108,0.262,99,0.273,94,0.257,115,0.303,126,0.375,118,0.442,82,0.342,124,0.493,100,0.526
Region 1,Region 14,19,0.159,16,0.318,10,0.338,3,0.142,3,0.167,8,0.25,25,0.292,39,0.209,59,0.179,64,0.177,55,0.191,47,0.178,52,0.181,62,0.201,54,0.178,69,0.209,55,0.146,77,0.175,57,0.131,63,0.192,67,0.272,45,0.206,37,0.209,42,0.365,14,0.15,7,0.166,4,0.158,6,0.326,5,0.271,17,0.509,30,0.364,33,0.185,65,0.215,64,0.197,52,0.192,49,0.189,49,0.178,55,0.18,43,0.142,58,0.177,59,0.162,81,0.192,68,0.162,56,0.173,49,0.2,46,0.203,42,0.224,25,0.194,27,0.224,9,0.172,8,0.254,9,0.4,3,0.155,11,0.351,31,0.418,28,0.186,51,0.21,60,0.223,41,0.161,52,0.198,43,0.141,41,0.12,45,0.133,49,0.138,60,0.157,64,0.154,57,0.14,49,0.147,39,0.153,50,0.215,49,0.222,67,0.319,44,0.247,28,0.289,26,0.372,26,0.456,9,0.248,9,0.344,10,0.263,10,0.144,19,0.179,27,0.17,40,0.168,56,0.188,62,0.19,57,0.153,61,0.148,56,0.136,51,0.141,56,0.153,49,0.129,51,0.152,37,0.139,53,0.221,55,0.219,60,0.316
Region 1,Region 15,3,0.025,2,0.04,0,0,3,0.142,0,0,1,0.031,0,0,0,0,1,0.003,10,0.028,4,0.014,4,0.015,8,0.028,7,0.023,8,0.026,11,0.033,9,0.024,16,0.036,19,0.044,8,0.024,9,0.037,10,0.046,5,0.028,4,0.035,2,0.021,2,0.047,2,0.079,1,0.054,2,0.108,0,0,0,0,4,0.022,3,0.01,7,0.022,5,0.018,4,0.015,3,0.011,6,0.02,7,0.023,8,0.024,10,0.028,12,0.028,18,0.043,9,0.028,7,0.029,5,0.022,9,0.048,7,0.054,3,0.025,0,0,1,0.032,4,0.178,1,0.052,0,0,1,0.013,2,0.013,4,0.016,8,0.03,6,0.024,4,0.015,5,0.016,6,0.017,4,0.012,6,0.017,7,0.018,9,0.022,13,0.032,14,0.042,7,0.027,6,0.026,7,0.032,5,0.024,8,0.045,1,0.01,5,0.072,9,0.158,3,0.083,0,0,0,0,0,0,1,0.009,5,0.031,4,0.017,4,0.013,4,0.012,13,0.035,8,0.019,17,0.041,5,0.014,11,0.03,6,0.016,3,0.009,7,0.026,3,0.013,4,0.016,10,0.053
Region 1,Region 16,0,0,0,0,0,0,1,0.047,0,0,0,0,0,0,1,0.005,2,0.006,5,0.014,1,0.003,3,0.011,1,0.003,4,0.013,2,0.007,3,0.009,2,0.005,9,0.02,7,0.016,2,0.006,7,0.028,1,0.005,5,0.028,4,0.035,0,0,0,0,0,0,1,0.054,0,0,0,0,0,0,3,0.017,0,0,1,0.003,2,0.007,2,0.008,4,0.015,4,0.013,4,0.013,3,0.009,4,0.011,4,0.009,3,0.007,5,0.015,2,0.008,6,0.026,5,0.027,2,0.016,0,0,0,0,0,0,0,0,0,0,0,0,0,0,2,0.013,3,0.012,1,0.004,1,0.004,4,0.015,0,0,2,0.006,8,0.024,2,0.006,5,0.013,6,0.014,6,0.015,6,0.018,8,0.031,1,0.004,5,0.023,2,0.01,4,0.022,3,0.031,2,0.029,3,0.053,1,0.028,0,0,0,0,1,0.014,2,0.019,1,0.006,2,0.008,7,0.024,3,0.009,2,0.005,8,0.019,4,0.01,4,0.011,3,0.008,5,0.013,3,0.009,3,0.011,5,0.021,9,0.036,7,0.037
Region 1,Region 17,70,0.587,56,1.112,30,1.015,18,0.851,8,0.444,3,0.094,8,0.094,29,0.155,110,0.334,143,0.396,84,0.291,70,0.265,79,0.275,78,0.253,79,0.261,64,0.194,85,0.226,104,0.236,121,0.278,100,0.305,124,0.503,103,0.471,71,0.4,76,0.66,29,0.31,18,0.426,8,0.317,11,0.598,4,0.217,10,0.3,15,0.182,23,0.129,94,0.311,108,0.332,73,0.27,47,0.181,59,0.214,64,0.21,64,0.212,57,0.174,71,0.195,72,0.171,86,0.205,85,0.262,87,0.355,69,0.304,63,0.336,51,0.396,76,0.632,32,0.612,21,0.667,15,0.667,3,0.155,3,0.096,9,0.121,20,0.133,65,0.268,74,0.276,43,0.169,37,0.141,70,0.23,71,0.207,65,0.193,58,0.164,68,0.178,73,0.175,90,0.221,116,0.348,119,0.466,81,0.348,96,0.435,138,0.657,139,0.779,102,1.054,80,1.145,80,1.402,31,0.855,12,0.458,8,0.21,6,0.086,20,0.189,30,0.189,66,0.278,77,0.259,85,0.26,95,0.255,150,0.364,202,0.49,122,0.336,108,0.295,155,0.408,132,0.393,97,0.364,90,0.376,105,0.417,106,0.558
Region 1,Region 18,1,0.008,3,0.06,1,0.034,1,0.047,0,0,1,0.031,0,0,4,0.021,2,0.006,7,0.019,5,0.017,5,0.019,4,0.014,8,0.026,11,0.036,15,0.046,14,0.037,20,0.045,18,0.041,4,0.012,7,0.028,8,0.037,7,0.039,2,0.017,5,0.053,4,0.095,1,0.04,0,0,0,0,0,0,6,0.073,0,0,10,0.033,2,0.006,3,0.011,5,0.019,6,0.022,9,0.029,9,0.03,9,0.027,15,0.041,24,0.057,15,0.036,11,0.034,12,0.049,6,0.026,3,0.016,5,0.039,2,0.017,2,0.038,2,0.064,3,0.133,0,0,0,0,2,0.027,5,0.033,7,0.029,10,0.037,6,0.024,4,0.015,6,0.02,5,0.015,8,0.024,5,0.014,10,0.026,18,0.043,7,0.017,10,0.03,4,0.016,8,0.034,9,0.041,6,0.029,8,0.045,7,0.072,5,0.072,7,0.123,7,0.193,1,0.038,1,0.026,0,0,0,0,1,0.006,1,0.004,10,0.034,4,0.012,9,0.024,4,0.01,12,0.029,17,0.047,6,0.016,10,0.026,13,0.039,9,0.034,12,0.05,14,0.056,7,0.037
Region 1,Region 19,25,0.21,9,0.179,3,0.102,1,0.047,7,0.389,0,0,0,0,6,0.032,17,0.052,16,0.044,22,0.076,14,0.053,23,0.08,23,0.075,30,0.099,33,0.1,41,0.109,66,0.15,70,0.161,43,0.131,28,0.114,10,0.046,25,0.141,17,0.148,15,0.16,13,0.307,1,0.04,3,0.163,1,0.054,2,0.06,3,0.036,10,0.056,15,0.05,16,0.049,26,0.096,13,0.05,25,0.091,20,0.066,20,0.066,29,0.088,49,0.135,35,0.083,41,0.098,39,0.12,29,0.118,18,0.079,25,0.133,18,0.14,18,0.15,10,0.191,7,0.222,6,0.267,2,0.104,1,0.032,2,0.027,5,0.033,10,0.041,14,0.052,15,0.059,16,0.061,27,0.089,24,0.07,25,0.074,45,0.127,51,0.134,55,0.132,45,0.111,27,0.081,24,0.094,23,0.099,27,0.122,41,0.195,28,0.157,22,0.227,23,0.329,12,0.21,5,0.138,3,0.115,1,0.026,9,0.13,3,0.028,12,0.076,14,0.059,34,0.114,32,0.098,27,0.073,30,0.073,34,0.082,38,0.105,27,0.074,44,0.116,32,0.095,25,0.094,17,0.071,27,0.107,21,0.11
Region 1,Region 20,29,0.243,16,0.318,20,0.677,6,0.284,4,0.222,7,0.219,12,0.14,26,0.139,44,0.134,58,0.16,40,0.139,33,0.125,43,0.15,51,0.166,42,0.138,38,0.115,50,0.133,62,0.141,63,0.145,56,0.171,47,0.191,53,0.242,38,0.214,23,0.2,18,0.192,17,0.402,9,0.356,5,0.272,2,0.108,1,0.03,9,0.109,32,0.179,40,0.132,51,0.157,42,0.155,29,0.112,37,0.134,39,0.128,46,0.152,33,0.101,39,0.107,56,0.133,70,0.167,37,0.114,40,0.163,34,0.15,51,0.272,26,0.202,29,0.241,13,0.249,10,0.318,4,0.178,1,0.052,2,0.064,12,0.162,29,0.192,36,0.148,45,0.168,21,0.083,32,0.122,39,0.128,37,0.108,45,0.133,53,0.15,43,0.113,61,0.146,40,0.098,44,0.132,52,0.204,53,0.227,46,0.208,56,0.267,67,0.375,53,0.548,74,1.059,53,0.929,11,0.303,6,0.229,5,0.132,7,0.101,10,0.094,7,0.044,23,0.097,38,0.128,39,0.119,60,0.161,54,0.131,61,0.148,60,0.165,41,0.112,54,0.142,62,0.185,38,0.142,47,0.196,54,0.215,60,0.316
Region 1,Region 21,4,0.034,4,0.079,1,0.034,0,0,0,0,0,0,1,0.012,1,0.005,1,0.003,3,0.008,5,0.017,5,0.019,6,0.021,6,0.019,2,0.007,11,0.033,5,0.013,9,0.02,8,0.018,13,0.04,10,0.041,5,0.023,9,0.051,8,0.069,8,0.085,2,0.047,1,0.04,1,0.054,0,0,0,0,1,0.012,1,0.006,3,0.01,0,0,7,0.026,3,0.012,1,0.004,3,0.01,4,0.013,7,0.021,8,0.022,15,0.036,10,0.024,8,0.025,6,0.024,9,0.04,4,0.021,9,0.07,4,0.033,2,0.038,2,0.064,0,0,0,0,0,0,0,0,1,0.007,2,0.008,6,0.022,5,0.02,4,0.015,6,0.02,2,0.006,7,0.021,8,0.023,8,0.021,9,0.022,8,0.02,11,0.033,8,0.031,9,0.039,2,0.009,7,0.033,10,0.056,4,0.041,3,0.043,1,0.018,0,0,0,0,1,0.026,1,0.014,1,0.009,5,0.031,6,0.025,4,0.013,4,0.012,4,0.011,9,0.022,7,0.017,7,0.019,4,0.011,10,0.026,11,0.033,14,0.052,7,0.029,5,0.02,7,0.037
Region 1,Region 22,4,0.034,1,0.02,1,0.034,0,0,0,0,0,0,0,0,2,0.011,1,0.003,2,0.006,3,0.01,3,0.011,1,0.003,9,0.029,6,0.02,5,0.015,3,0.008,9,0.02,7,0.016,5,0.015,10,0.041,7,0.032,1,0.006,2,0.017,1,0.011,1,0.024,0,0,1,0.054,1,0.054,0,0,1,0.012,1,0.006,1,0.003,2,0.006,4,0.015,1,0.004,5,0.018,6,0.02,4,0.013,2,0.006,4,0.011,7,0.017,13,0.031,3,0.009,5,0.02,2,0.009,3,0.016,3,0.023,2,0.017,2,0.038,1,0.032,0,0,1,0.052,1,0.032,0,0,0,0,3,0.012,2,0.007,1,0.004,1,0.004,3,0.01,3,0.009,6,0.018,5,0.014,3,0.008,11,0.026,12,0.029,4,0.012,2,0.008,4,0.017,12,0.054,7,0.033,5,0.028,6,0.062,7,0.1,6,0.105,2,0.055,0,0,0,0,0,0,0,0,3,0.019,2,0.008,8,0.027,9,0.028,6,0.016,5,0.012,4,0.01,5,0.014,6,0.016,5,0.013,6,0.018,4,0.015,5,0.021,9,0.036,8,0.042
Region 1,Region 23,45,0.377,11,0.218,11,0.372,4,0.189,4,0.222,4,0.125,11,0.129,29,0.155,73,0.222,65,0.18,50,0.173,43,0.163,41,0.143,50,0.162,49,0.162,58,0.176,82,0.218,131,0.298,108,0.248,67,0.204,61,0.248,64,0.292,53,0.299,31,0.269,16,0.171,8,0.189,6,0.238,6,0.326,3,0.163,5,0.15,6,0.073,24,0.135,54,0.179,54,0.166,31,0.115,24,0.093,43,0.156,40,0.131,55,0.182,58,0.177,90,0.248,123,0.292,94,0.224,61,0.188,41,0.167,62,0.273,52,0.277,46,0.357,20,0.166,18,0.344,8,0.254,2,0.089,5,0.259,6,0.192,5,0.067,21,0.139,43,0.177,43,0.16,33,0.13,54,0.205,57,0.187,59,0.172,60,0.178,64,0.181,96,0.252,98,0.235,82,0.202,46,0.138,43,0.168,66,0.283,63,0.285,101,0.481,57,0.319,30,0.31,46,0.658,53,0.929,16,0.441,13,0.497,9,0.237,13,0.187,20,0.189,30,0.189,37,0.156,43,0.144,65,0.199,63,0.169,69,0.167,65,0.158,70,0.193,59,0.161,75,0.197,102,0.304,76,0.285,52,0.217,82,0.326,56,0.295
Region 1,Region 24,1,0.008,3,0.06,0,0,0,0,0,0,0,0,0,0,0,0,1,0.003,1,0.003,1,0.003,4,0.015,2,0.007,4,0.013,2,0.007,3,0.009,3,0.008,8,0.018,9,0.021,6,0.018,3,0.012,4,0.018,6,0.034,1,0.009,1,0.011,0,0,0,0,0,0,0,0,0,0,0,0,0,0,1,0.003,2,0.006,1,0.004,1,0.004,3,0.011,4,0.013,6,0.02,2,0.006,5,0.014,8,0.019,6,0.014,9,0.028,7,0.029,3,0.013,2,0.011,4,0.031,1,0.008,0,0,0,0,0,0,0,0,1,0.032,0,0,0,0,5,0.021,0,0,0,0,2,0.008,4,0.013,4,0.012,3,0.009,2,0.006,3,0.008,6,0.014,5,0.012,6,0.018,6,0.023,1,0.004,2,0.009,3,0.014,2,0.011,4,0.041,1,0.014,0,0,0,0,1,0.038,0,0,1,0.014,0,0,4,0.025,3,0.013,5,0.017,2,0.006,4,0.011,8,0.019,4,0.01,3,0.008,7,0.019,4,0.011,4,0.012,6,0.022,3,0.013,4,0.016,6,0.032
Region 1,Region 25,16,0.134,4,0.079,1,0.034,3,0.142,1,0.056,1,0.031,3,0.035,7,0.037,14,0.043,16,0.044,18,0.062,14,0.053,18,0.063,16,0.052,18,0.059,24,0.073,22,0.058,26,0.059,34,0.078,38,0.116,22,0.089,21,0.096,17,0.096,17,0.148,7,0.075,3,0.071,4,0.158,1,0.054,1,0.054,0,0,1,0.012,6,0.034,9,0.03,31,0.095,20,0.074,18,0.069,16,0.058,23,0.075,16,0.053,24,0.073,22,0.061,33,0.078,38,0.091,19,0.059,16,0.065,18,0.079,19,0.101,13,0.101,10,0.083,6,0.115,2,0.064,4,0.178,1,0.052,0,0,2,0.027,7,0.046,8,0.033,18,0.067,19,0.075,14,0.053,17,0.056,32,0.093,23,0.068,21,0.059,22,0.058,22,0.053,33,0.081,27,0.081,11,0.043,24,0.103,25,0.113,19,0.09,21,0.118,13,0.134,18,0.258,9,0.158,6,0.166,0,0,2,0.053,4,0.058,1,0.009,13,0.082,8,0.034,16,0.054,15,0.046,21,0.056,20,0.048,30,0.073,16,0.044,17,0.046,23,0.061,20,0.06,23,0.086,19,0.079,18,0.072,16,0.084
Region 2,Region 0,78,0.654,12,0.238,5,0.169,1,0.047,5,0.278,2,0.063,7,0.082,16,0.086,37,0.112,39,0.108,52,0.18,47,0.178,31,0.108,30,0.097,48,0.158,51,0.155,62,0.165,116,0.264,98,0.225,63,0.192,39,0.158,45,0.206,39,0.22,26,0.226,6,0.064,8,0.189,3,0.119,7,0.381,1,0.054,4,0.12,5,0.061,18,0.101,46,0.152,53,0.163,46,0.17,39,0.15,27,0.098,42,0.138,36,0.119,53,0.161,61,0.168,108,0.256,89,0.213,52,0.16,46,0.188,35,0.154,32,0.17,12,0.093,22,0.183,12,0.23,12,0.381,10,0.445,1,0.052,4,0.128,8,0.108,17,0.113,35,0.144,30,0.112,35,0.138,34,0.129,39,0.128,51,0.149,35,0.104,48,0.135,155,0.406,170,0.408,80,0.197,36,0.108,42,0.164,52,0.223,100,0.453,214,1.019,73,0.409,57,0.589,62,0.887,35,0.613,12,0.331,3,0.115,5,0.132,4,0.058,12,0.113,35,0.22,44,0.185,56,0.188,59,0.18,60,0.161,57,0.138,52,0.126,38,0.105,34,0.093,45,0.118,46,0.137,41,0.154,88,0.368,253,1.006,74,0.389
Region 2,Region 1,23,0.193,13,0.258,5,0.169,2,0.095,1,0.056,1,0.031,6,0.07,6,0.032,22,0.067,54,0.149,32,0.111,32,0.121,50,0.174,49,0.159,41,0.135,57,0.173,79,0.21,142,0.323,118,0.271,95,0.29,59,0.239,48,0.219,38,0.214,27,0.234,17,0.182,5,0.118,5,0.198,2,0.109,1,0.054,2,0.06,6,0.073,13,0.073,28,0.093,43,0.132,30,0.111,32,0.123,42,0.153,42,0.138,37,0.122,39,0.119,77,0.212,114,0.271,118,0.282,70,0.216,47,0.192,57,0.251,44,0.234,25,0.194,34,0.283,13,0.249,7,0.222,8,0.356,1,0.052,2,0.064,5,0.067,14,0.093,27,0.111,28,0.104,21,0.083,33,0.125,44,0.144,56,0.163,48,0.142,49,0.138,82,0.215,89,0.214,93,0.229,96,0.288,68,0.266,66,0.283,68,0.308,98,0.467,104,0.583,57,0.589,59,0.845,34,0.596,12,0.331,1,0.038,0,0,8,0.115,10,0.094,25,0.157,38,0.16,58,0.195,59,0.18,64,0.172,77,0.187,68,0.165,54,0.149,82,0.224,74,0.195,60,0.179,44,0.165,79,0.33,99,0.393,88,0.463
Region 2,Region 2,91,0.763,31,0.615,12,0.406,9,0.426,7,0.389,11,0.344,31,0.362,49,0.262,145,0.441,244,0.675,176,0.61,134,0.507,135,0.471,154,0.5,178,0.587,167,0.507,212,0.563,288,0.654,324,0.745,182,0.555,136,0.552,105,0.48,117,0.659,68,0.59,52,0.555,23,0.544,11,0.435,10,0.544,10,0.542,12,0.36,26,0.315,64,0.359,123,0.407,224,0.689,177,0.654,134,0.517,132,0.48,171,0.56,151,0.5,139,0.424,218,0.6,254,0.603,315,0.752,220,0.678,129,0.526,97,0.428,103,0.549,62,0.482,79,0.657,33,0.631,15,0.476,21,0.934,8,0.414,13,0.415,22,0.296,42,0.279,81,0.334,155,0.577,129,0.508,117,0.445,214,0.702,265,0.772,219,0.649,176,0.497,268,0.702,278,0.667,290,0.713,339,1.017,202,0.791,143,0.614,166,0.752,196,0.933,146,0.818,98,1.013,92,1.317,42,0.736,16,0.441,12,0.458,17,0.447,30,0.432,70,0.661,121,0.762,166,0.698,224,0.752,216,0.66,190,0.511,186,0.451,205,0.497,194,0.534,247,0.675,325,0.856,211,0.628,146,0.547,169,0.706,297,1.18,129,0.679
Region 2,Region 3,1,0.008,2,0.04,2,0.068,1,0.047,0,0,0,0,0,0,0,0,3,0.009,6,0.017,1,0.003,4,0.015,1,0.003,0,0,2,0.007,4,0.012,4,0.011,7,0.016,5,0.011,7,0.021,4,0.016,4,0.018,0,0,0,0,3,0.032,1,0.024,0,0,0,0,1,0.054,0,0,0,0,0,0,1,0.003,3,0.009,0,0,10,0.039,3,0.011,3,0.01,8,0.026,5,0.015,12,0.033,12,0.028,4,0.01,6,0.018,3,0.012,4,0.018,3,0.016,3,0.023,2,0.017,0,0,1,0.032,0,0,0,0,0,0,0,0,2,0.013,2,0.008,6,0.022,0,0,4,0.015,2,0.007,5,0.015,10,0.03,11,0.031,7,0.018,9,0.022,8,0.02,2,0.006,2,0.008,3,0.013,8,0.036,8,0.038,6,0.034,4,0.041,4,0.057,1,0.018,1,0.028,0,0,0,0,0,0,0,0,1,0.006,1,0.004,8,0.027,2,0.006,1,0.003,3,0.007,2,0.005,6,0.017,1,0.003,2,0.005,4,0.012,2,0.007,4,0.017,9,0.036,4,0.021
Region 2,Region 4,5,0.042,7,0.139,2,0.068,2,0.095,2,0.111,1,0.031,0,0,3,0.016,2,0.006,6,0.017,2,0.007,6,0.023,3,0.01,4,0.013,7,0.023,7,0.021,7,0.019,17,0.039,19,0.044,9,0.027,8,0.032,7,0.032,7,0.039,5,0.043,4,0.043,1,0.024,0,0,1,0.054,1,0.054,0,0,1,0.012,4,0.022,7,0.023,8,0.025,8,0.03,8,0.031,3,0.011,4,0.013,9,0.03,4,0.012,6,0.017,7,0.017,9,0.021,11,0.034,9,0.037,7,0.031,10,0.053,6,0.047,5,0.042,5,0.096,2,0.064,1,0.044,0,0,0,0,1,0.013,4,0.027,3,0.012,5,0.019,6,0.024,7,0.027,4,0.013,2,0.006,11,0.033,6,0.017,12,0.031,6,0.014,5,0.012,8,0.024,7,0.027,6,0.026,6,0.027,10,0.048,17,0.095,16,0.165,6,0.086,10,0.175,2,0.055,2,0.076,1,0.026,1,0.014,2,0.019,8,0.05,9,0.038,9,0.03,8,0.024,6,0.016,6,0.015,9,0.022,5,0.014,6,0.016,7,0.018,4,0.012,2,0.007,9,0.038,16,0.064,21,0.11
Region 2,Region 5,12,0.101,3,0.06,0,0,2,0.095,0,0,0,0,1,0.012,1,0.005,2,0.006,0,0,3,0.01,3,0.011,5,0.017,3,0.01,1,0.003,3,0.009,2,0.005,4,0.009,5,0.011,7,0.021,6,0.024,3,0.014,2,0.011,3,0.026,2,0.021,1,0.024,1,0.04,0,0,0,0,0,0,1,0.012,2,0.011,4,0.013,5,0.015,5,0.018,4,0.015,5,0.018,4,0.013,3,0.01,3,0.009,3,0.008,7,0.017,6,0.014,0,0,3,0.012,0,0,7,0.037,4,0.031,1,0.008,1,0.019,1,0.032,1,0.044,0,0,2,0.064,1,0.013,0,0,1,0.004,2,0.007,6,0.024,3,0.011,7,0.023,7,0.02,6,0.018,6,0.017,9,0.024,7,0.017,7,0.017,2,0.006,4,0.016,6,0.026,9,0.041,19,0.09,8,0.045,1,0.01,5,0.072,3,0.053,2,0.055,1,0.038,3,0.079,0,0,4,0.038,5,0.031,5,0.021,2,0.007,8,0.024,9,0.024,6,0.015,3,0.007,5,0.014,3,0.008,8,0.021,4,0.012,3,0.011,10,0.042,32,0.127,7,0.037
Region 2,Region 6,4,0.034,1,0.02,3,0.102,2,0.095,0,0,0,0,1,0.012,2,0.011,1,0.003,11,0.03,3,0.01,7,0.027,6,0.021,7,0.023,12,0.04,10,0.03,19,0.05,20,0.045,27,0.062,22,0.067,11,0.045,8,0.037,5,0.028,9,0.078,2,0.021,1,0.024,2,0.079,5,0.272,0,0,1,0.03,0,0,2,0.011,7,0.023,10,0.031,4,0.015,11,0.042,11,0.04,15,0.049,6,0.02,17,0.052,20,0.055,25,0.059,29,0.069,22,0.068,15,0.061,14,0.062,7,0.037,5,0.039,3,0.025,2,0.038,0,0,2,0.089,1,0.052,0,0,0,0,1,0.007,3,0.012,3,0.011,8,0.031,11,0.042,8,0.026,11,0.032,14,0.041,24,0.068,26,0.068,29,0.07,20,0.049,17,0.051,17,0.067,11,0.047,15,0.068,19,0.09,7,0.039,12,0.124,8,0.115,3,0.053,0,0,0,0,1,0.026,1,0.014,3,0.028,3,0.019,8,0.034,7,0.024,10,0.031,16,0.043,20,0.048,19,0.046,12,0.033,22,0.06,29,0.076,21,0.063,12,0.045,24,0.1,18,0.072,16,0.084
Region 2,Region 7,22,0.184,4,0.079,5,0.169,3,0.142,2,0.111,3,0.094,4,0.047,11,0.059,17,0.052,21,0.058,24,0.083,16,0.061,17,0.059,28,0.091,15,0.049,14,0.042,25,0.066,36,0.082,52,0.12,36,0.11,10,0.041,16,0.073,20,0.113,19,0.165,11,0.118,4,0.095,3,0.119,3,0.163,1,0.054,1,0.03,4,0.048,14,0.078,20,0.066,17,0.052,17,0.063,18,0.069,19,0.069,27,0.088,31,0.103,32,0.098,33,0.091,38,0.09,57,0.136,28,0.086,25,0.102,18,0.079,20,0.107,17,0.132,19,0.158,2,0.038,3,0.095,1,0.044,1,0.052,3,0.096,1,0.013,9,0.06,16,0.066,11,0.041,14,0.055,25,0.095,10,0.033,26,0.076,34,0.101,23,0.065,29,0.076,39,0.094,25,0.061,19,0.057,23,0.09,19,0.082,21,0.095,26,0.124,23,0.129,12,0.124,19,0.272,10,0.175,9,0.248,0,0,1,0.026,10,0.144,4,0.038,8,0.05,9,0.038,17,0.057,20,0.061,20,0.054,25,0.061,23,0.056,23,0.063,24,0.066,25,0.066,21,0.063,27,0.101,17,0.071,24,0.095,32,0.168
Region 2,Region 8,162,1.358,19,0.377,16,0.541,16,0.757,3,0.167,7,0.219,12,0.14,45,0.241,99,0.301,131,0.362,62,0.215,65,0.246,78,0.272,88,0.286,91,0.3,109,0.331,179,0.475,207,0.47,184,0.423,90,0.274,57,0.231,50,0.228,46,0.259,28,0.243,28,0.299,12,0.284,12,0.475,6,0.326,7,0.379,6,0.18,12,0.145,33,0.185,89,0.294,98,0.301,70,0.259,57,0.22,79,0.287,101,0.331,106,0.351,123,0.375,151,0.416,192,0.456,201,0.48,127,0.391,73,0.298,49,0.216,55,0.293,36,0.28,38,0.316,22,0.421,12,0.381,4,0.178,6,0.311,4,0.128,10,0.135,32,0.212,60,0.247,56,0.209,50,0.197,56,0.213,89,0.292,100,0.292,116,0.344,166,0.468,241,0.632,235,0.564,122,0.3,85,0.255,49,0.192,58,0.249,119,0.539,249,1.186,90,0.504,35,0.362,62,0.887,43,0.754,14,0.386,6,0.229,8,0.21,10,0.144,27,0.255,47,0.296,54,0.227,62,0.208,92,0.281,91,0.245,118,0.286,113,0.274,77,0.212,62,0.169,77,0.203,79,0.235,65,0.244,105,0.439,256,1.017,90,0.473
Region 2,Region 9,7,0.059,3,0.06,0,0,0,0,0,0,3,0.094,3,0.035,6,0.032,3,0.009,10,0.028,5,0.017,4,0.015,6,0.021,4,0.013,5,0.016,8,0.024,11,0.029,18,0.041,23,0.053,9,0.027,5,0.02,0,0,6,0.034,2,0.017,2,0.021,1,0.024,0,0,1,0.054,0,0,2,0.06,1,0.012,2,0.011,10,0.033,4,0.012,4,0.015,6,0.023,6,0.022,11,0.036,10,0.033,12,0.037,17,0.047,12,0.028,11,0.026,21,0.065,2,0.008,3,0.013,3,0.016,5,0.039,5,0.042,1,0.019,0,0,3,0.133,0,0,3,0.096,2,0.027,2,0.013,1,0.004,4,0.015,5,0.02,10,0.038,5,0.016,7,0.02,13,0.039,14,0.04,18,0.047,16,0.038,14,0.034,4,0.012,5,0.02,3,0.013,3,0.014,9,0.043,7,0.039,5,0.052,4,0.057,0,0,1,0.028,1,0.038,3,0.079,2,0.029,0,0,2,0.013,8,0.034,8,0.027,8,0.024,7,0.019,8,0.019,11,0.027,7,0.019,5,0.014,11,0.029,8,0.024,4,0.015,1,0.004,17,0.068,10,0.053
Region 2,Region 10,47,0.394,4,0.079,2,0.068,4,0.189,3,0.167,4,0.125,1,0.012,12,0.064,28,0.085,28,0.077,33,0.114,20,0.076,20,0.07,30,0.097,30,0.099,38,0.115,76,0.202,84,0.191,80,0.184,36,0.11,17,0.069,16,0.073,23,0.13,8,0.069,11,0.118,5,0.118,3,0.119,4,0.218,3,0.163,3,0.09,4,0.048,15,0.084,30,0.099,36,0.111,32,0.118,31,0.12,25,0.091,36,0.118,40,0.132,56,0.171,56,0.154,71,0.168,82,0.196,30,0.092,25,0.102,32,0.141,17,0.091,15,0.117,15,0.125,10,0.191,2,0.064,3,0.133,1,0.052,2,0.064,3,0.04,11,0.073,13,0.054,31,0.115,20,0.079,26,0.099,31,0.102,29,0.085,40,0.119,53,0.15,91,0.239,89,0.214,44,0.108,30,0.09,21,0.082,22,0.094,38,0.172,90,0.429,21,0.118,20,0.207,30,0.429,15,0.263,6,0.166,0,0,2,0.053,4,0.058,3,0.028,15,0.094,18,0.076,29,0.097,43,0.131,22,0.059,32,0.078,33,0.08,26,0.072,27,0.074,21,0.055,23,0.068,21,0.079,26,0.109,61,0.242,22,0.116
Region 2,Region 11,11,0.092,2,0.04,2,0.068,1,0.047,4,0.222,1,0.031,3,0.035,7,0.037,11,0.033,16,0.044,9,0.031,8,0.03,12,0.042,14,0.045,14,0.046,15,0.046,21,0.056,32,0.073,25,0.057,20,0.061,16,0.065,13,0.059,15,0.085,4,0.035,6,0.064,4,0.095,5,0.198,3,0.163,4,0.217,1,0.03,2,0.024,3,0.017,9,0.03,13,0.04,15,0.055,10,0.039,10,0.036,10,0.033,14,0.046,14,0.043,18,0.05,37,0.088,37,0.088,25,0.077,16,0.065,15,0.066,10,0.053,10,0.078,8,0.066,2,0.038,0,0,2,0.089,3,0.155,0,0,3,0.04,5,0.033,9,0.037,11,0.041,20,0.079,12,0.046,10,0.033,19,0.055,19,0.056,12,0.034,28,0.073,40,0.096,19,0.047,18,0.054,16,0.063,17,0.073,17,0.077,21,0.1,13,0.073,7,0.072,9,0.129,8,0.14,8,0.221,4,0.153,2,0.053,5,0.072,8,0.075,3,0.019,12,0.05,18,0.06,14,0.043,17,0.046,19,0.046,10,0.024,17,0.047,18,0.049,12,0.032,20,0.06,17,0.064,15,0.063,19,0.076,12,0.063
Region 2,Region 12,19,0.159,5,0.099,0,0,0,0,0,0,0,0,1,0.012,2,0.011,13,0.04,8,0.022,16,0.055,17,0.064,20,0.07,8,0.026,13,0.043,19,0.058,18,0.048,23,0.052,33,0.076,19,0.058,18,0.073,9,0.041,7,0.039,7,0.061,9,0.096,8,0.189,3,0.119,0,0,0,0,0,0,2,0.024,9,0.05,9,0.03,19,0.058,12,0.044,12,0.046,12,0.044,12,0.039,20,0.066,18,0.055,13,0.036,24,0.057,25,0.06,17,0.052,15,0.061,10,0.044,6,0.032,6,0.047,6,0.05,1,0.019,4,0.127,1,0.044,0,0,0,0,2,0.027,7,0.046,7,0.029,12,0.045,5,0.02,8,0.03,15,0.049,19,0.055,12,0.036,15,0.042,24,0.063,29,0.07,20,0.049,15,0.045,20,0.078,10,0.043,17,0.077,16,0.076,10,0.056,4,0.041,4,0.057,2,0.035,1,0.028,1,0.038,0,0,0,0,2,0.019,6,0.038,14,0.059,11,0.037,11,0.034,19,0.051,28,0.068,22,0.053,17,0.047,13,0.036,8,0.021,11,0.033,18,0.067,13,0.054,18,0.072,8,0.042
Region 2,Region 13,297,2.49,40,0.794,21,0.711,7,0.331,7,0.389,6,0.188,19,0.222,32,0.171,104,0.316,146,0.404,87,0.301,105,0.398,124,0.432,139,0.452,149,0.491,158,0.48,227,0.603,363,0.825,357,0.821,156,0.476,102,0.414,98,0.448,92,0.519,61,0.53,43,0.459,14,0.331,14,0.554,10,0.544,7,0.379,6,0.18,20,0.242,35,0.196,88,0.291,182,0.56,124,0.458,113,0.436,119,0.432,127,0.416,142,0.47,136,0.414,191,0.526,280,0.664,337,0.805,141,0.435,114,0.465,104,0.459,92,0.49,57,0.443,69,0.574,31,0.593,24,0.762,16,0.711,8,0.414,10,0.319,16,0.216,36,0.239,90,0.371,81,0.302,81,0.319,90,0.342,115,0.377,125,0.364,125,0.371,149,0.42,438,1.148,533,1.279,187,0.46,151,0.453,99,0.388,92,0.395,297,1.345,610,2.904,162,0.908,86,0.889,116,1.66,80,1.402,35,0.966,10,0.382,5,0.132,14,0.202,39,0.368,59,0.371,99,0.416,141,0.474,158,0.483,173,0.465,179,0.434,135,0.327,106,0.292,138,0.377,146,0.384,149,0.444,132,0.495,264,1.103,694,2.758,172,0.905
Region 2,Region 14,110,0.922,20,0.397,4,0.135,7,0.331,7,0.389,12,0.375,20,0.234,37,0.198,55,0.167,74,0.205,62,0.215,70,0.265,56,0.195,68,0.221,64,0.211,56,0.17,75,0.199,106,0.241,103,0.237,61,0.186,37,0.15,41,0.187,30,0.169,28,0.243,20,0.214,6,0.142,3,0.119,3,0.163,6,0.325,15,0.45,21,0.255,43,0.241,61,0.202,74,0.228,64,0.236,51,0.197,56,0.203,68,0.223,61,0.202,73,0.222,77,0.212,107,0.254,86,0.205,72,0.222,43,0.175,33,0.145,46,0.245,46,0.357,22,0.183,15,0.287,14,0.445,10,0.445,12,0.621,14,0.447,17,0.229,20,0.133,44,0.181,47,0.175,52,0.205,53,0.202,50,0.164,63,0.184,92,0.273,83,0.234,155,0.406,142,0.341,68,0.167,54,0.162,40,0.157,53,0.227,113,0.512,243,1.157,52,0.291,34,0.351,34,0.487,38,0.666,12,0.331,10,0.382,17,0.447,18,0.259,25,0.236,34,0.214,52,0.219,60,0.202,68,0.208,78,0.21,84,0.204,82,0.199,66,0.182,59,0.161,47,0.124,57,0.17,59,0.221,93,0.388,261,1.037,65,0.342
Region 2,Region 15,11,0.092,3,0.06,3,0.102,2,0.095,1,0.056,1,0.031,6,0.07,9,0.048,17,0.052,39,0.108,27,0.094,22,0.083,30,0.105,35,0.114,32,0.106,29,0.088,28,0.074,49,0.111,46,0.106,38,0.116,28,0.114,21,0.096,28,0.158,7,0.061,15,0.16,6,0.142,4,0.158,3,0.163,1,0.054,3,0.09,6,0.073,6,0.034,14,0.046,35,0.108,28,0.103,18,0.069,26,0.094,29,0.095,37,0.122,32,0.098,20,0.055,33,0.078,39,0.093,25,0.077,16,0.065,25,0.11,19,0.101,14,0.109,17,0.141,8,0.153,11,0.349,4,0.178,3,0.155,1,0.032,2,0.027,4,0.027,18,0.074,28,0.104,16,0.063,17,0.065,17,0.056,28,0.082,33,0.098,29,0.082,29,0.076,33,0.079,31,0.076,27,0.081,16,0.063,20,0.086,23,0.104,30,0.143,22,0.123,16,0.165,10,0.143,13,0.228,9,0.248,0,0,1,0.026,4,0.058,7,0.066,11,0.069,21,0.088,27,0.091,32,0.098,35,0.094,48,0.116,41,0.099,32,0.088,29,0.079,26,0.068,24,0.071,17,0.064,13,0.054,28,0.111,27,0.142
Region 2,Region 16,1,0.008,1,0.02,0,0,0,0,0,0,0,0,0,0,2,0.011,0,0,0,0,3,0.01,0,0,1,0.003,3,0.01,2,0.007,5,0.015,4,0.011,6,0.014,6,0.014,4,0.012,0,0,1,0.005,2,0.011,0,0,0,0,1,0.024,0,0,0,0,0,0,0,0,0,0,3,0.017,3,0.01,3,0.009,2,0.007,3,0.012,1,0.004,2,0.007,2,0.007,4,0.012,2,0.006,2,0.005,8,0.019,5,0.015,5,0.02,3,0.013,1,0.005,1,0.008,3,0.025,0,0,0,0,0,0,0,0,0,0,1,0.013,1,0.007,2,0.008,2,0.007,1,0.004,2,0.008,0,0,2,0.006,2,0.006,3,0.008,8,0.021,11,0.026,3,0.007,6,0.018,4,0.016,0,0,6,0.027,4,0.019,2,0.011,2,0.021,2,0.029,0,0,0,0,0,0,0,0,1,0.014,2,0.019,2,0.013,1,0.004,4,0.013,2,0.006,2,0.005,5,0.012,2,0.005,3,0.008,2,0.005,2,0.005,2,0.006,0,0,2,0.008,6,0.024,0,0
Region 2,Region 17,56,0.47,21,0.417,10,0.338,9,0.426,6,0.333,2,0.063,8,0.094,39,0.209,134,0.407,257,0.711,120,0.416,62,0.235,73,0.255,90,0.292,74,0.244,80,0.243,112,0.298,109,0.248,116,0.267,71,0.216,75,0.304,70,0.32,55,0.31,37,0.321,20,0.214,16,0.378,12,0.475,5,0.272,3,0.163,9,0.27,6,0.073,27,0.151,99,0.327,132,0.406,79,0.292,54,0.208,67,0.243,76,0.249,71,0.235,67,0.204,97,0.267,113,0.268,130,0.31,81,0.25,65,0.265,46,0.203,38,0.202,41,0.319,37,0.308,21,0.402,13,0.413,6,0.267,2,0.104,6,0.192,10,0.135,31,0.206,49,0.202,71,0.264,51,0.201,61,0.232,54,0.177,79,0.23,85,0.252,75,0.212,116,0.304,118,0.283,85,0.209,93,0.279,80,0.313,54,0.232,82,0.371,124,0.59,90,0.504,62,0.641,62,0.887,45,0.789,18,0.497,1,0.038,5,0.132,20,0.288,17,0.16,35,0.22,48,0.202,73,0.245,67,0.205,103,0.277,154,0.373,223,0.541,117,0.322,93,0.254,150,0.395,90,0.268,60,0.225,63,0.263,120,0.477,75,0.395
Region 2,Region 18,8,0.067,4,0.079,3,0.102,2,0.095,0,0,0,0,0,0,4,0.021,4,0.012,7,0.019,7,0.024,10,0.038,4,0.014,5,0.016,11,0.036,12,0.036,17,0.045,17,0.039,6,0.014,9,0.027,4,0.016,8,0.037,8,0.045,4,0.035,2,0.021,2,0.047,2,0.079,1,0.054,3,0.163,1,0.03,1,0.012,2,0.011,7,0.023,6,0.018,2,0.007,7,0.027,5,0.018,7,0.023,11,0.036,10,0.03,18,0.05,16,0.038,17,0.041,10,0.031,6,0.024,7,0.031,5,0.027,4,0.031,3,0.025,4,0.077,4,0.127,0,0,2,0.104,0,0,1,0.013,3,0.02,2,0.008,6,0.022,5,0.02,7,0.027,6,0.02,11,0.032,10,0.03,8,0.023,17,0.045,14,0.034,8,0.02,8,0.024,4,0.016,2,0.009,15,0.068,13,0.062,6,0.034,3,0.031,8,0.115,5,0.088,1,0.028,3,0.115,1,0.026,2,0.029,2,0.019,4,0.025,4,0.017,7,0.024,5,0.015,8,0.022,13,0.032,9,0.022,9,0.025,8,0.022,18,0.047,12,0.036,5,0.019,6,0.025,17,0.068,8,0.042
Region 2,Region 19,8,0.067,2,0.04,0,0,1,0.047,2,0.111,0,0,1,0.012,0,0,1,0.003,2,0.006,7,0.024,5,0.019,1,0.003,6,0.019,7,0.023,7,0.021,14,0.037,19,0.043,17,0.039,8,0.024,3,0.012,1,0.005,4,0.023,3,0.026,4,0.043,1,0.024,0,0,1,0.054,0,0,0,0,1,0.012,0,0,4,0.013,1,0.003,3,0.011,5,0.019,3,0.011,3,0.01,7,0.023,6,0.018,16,0.044,19,0.045,14,0.033,12,0.037,4,0.016,7,0.031,2,0.011,4,0.031,7,0.058,1,0.019,0,0,0,0,0,0,1,0.032,1,0.013,0,0,0,0,3,0.011,4,0.016,1,0.004,2,0.007,5,0.015,5,0.015,10,0.028,15,0.039,14,0.034,10,0.025,6,0.018,2,0.008,6,0.026,10,0.045,8,0.038,13,0.073,0,0,1,0.014,4,0.07,2,0.055,2,0.076,0,0,1,0.014,4,0.038,2,0.013,4,0.017,6,0.02,5,0.015,5,0.013,5,0.012,9,0.022,10,0.028,5,0.014,3,0.008,3,0.009,6,0.022,6,0.025,8,0.032,5,0.026
Region 2,Region 20,19,0.159,4,0.079,11,0.372,1,0.047,1,0.056,3,0.094,3,0.035,10,0.054,33,0.1,27,0.075,22,0.076,9,0.034,18,0.063,21,0.068,12,0.04,34,0.103,40,0.106,28,0.064,36,0.083,28,0.085,11,0.045,12,0.055,7,0.039,8,0.069,8,0.085,3,0.071,5,0.198,3,0.163,0,0,0,0,1,0.012,10,0.056,25,0.083,36,0.111,18,0.066,16,0.062,16,0.058,19,0.062,12,0.04,16,0.049,24,0.066,34,0.081,35,0.084,33,0.102,14,0.057,14,0.062,9,0.048,9,0.07,3,0.025,3,0.057,4,0.127,1,0.044,0,0,0,0,0,0,8,0.053,12,0.049,17,0.063,8,0.031,10,0.038,12,0.039,20,0.058,30,0.089,24,0.068,36,0.094,43,0.103,31,0.076,12,0.036,18,0.07,11,0.047,10,0.045,22,0.105,16,0.09,28,0.289,43,0.616,17,0.298,5,0.138,1,0.038,2,0.053,7,0.101,7,0.066,3,0.019,11,0.046,20,0.067,14,0.043,12,0.032,17,0.041,25,0.061,14,0.039,6,0.016,9,0.024,7,0.021,9,0.034,17,0.071,23,0.091,19,0.1
Region 2,Region 21,4,0.034,2,0.04,1,0.034,1,0.047,0,0,0,0,0,0,3,0.016,3,0.009,5,0.014,10,0.035,7,0.027,8,0.028,2,0.006,7,0.023,6,0.018,15,0.04,19,0.043,23,0.053,6,0.018,7,0.028,7,0.032,4,0.023,3,0.026,3,0.032,0,0,1,0.04,1,0.054,0,0,1,0.03,0,0,2,0.011,6,0.02,7,0.022,3,0.011,5,0.019,6,0.022,12,0.039,11,0.036,7,0.021,21,0.058,12,0.028,23,0.055,10,0.031,2,0.008,6,0.026,2,0.011,2,0.016,5,0.042,3,0.057,2,0.064,0,0,0,0,1,0.032,0,0,4,0.027,5,0.021,8,0.03,4,0.016,5,0.019,7,0.023,8,0.023,7,0.021,9,0.025,12,0.031,15,0.036,12,0.029,11,0.033,4,0.016,4,0.017,11,0.05,14,0.067,5,0.028,7,0.072,3,0.043,5,0.088,1,0.028,0,0,0,0,0,0,7,0.066,1,0.006,8,0.034,7,0.024,8,0.024,13,0.035,5,0.012,8,0.019,4,0.011,5,0.014,8,0.021,8,0.024,6,0.022,8,0.033,11,0.044,14,0.074
Region 2,Region 22,2,0.017,0,0,0,0,0,0,1,0.056,1,0.031,0,0,2,0.011,2,0.006,8,0.022,3,0.01,1,0.004,3,0.01,8,0.026,4,0.013,7,0.021,7,0.019,11,0.025,10,0.023,8,0.024,4,0.016,3,0.014,0,0,4,0.035,1,0.011,0,0,0,0,1,0.054,0,0,0,0,0,0,2,0.011,5,0.017,7,0.022,4,0.015,1,0.004,4,0.015,5,0.016,11,0.036,9,0.027,9,0.025,19,0.045,21,0.05,15,0.046,3,0.012,1,0.004,4,0.021,2,0.016,1,0.008,2,0.038,0,0,0,0,0,0,1,0.032,0,0,2,0.013,2,0.008,3,0.011,3,0.012,4,0.015,8,0.026,9,0.026,5,0.015,5,0.014,9,0.024,10,0.024,6,0.015,5,0.015,1,0.004,3,0.013,2,0.009,8,0.038,3,0.017,2,0.021,0,0,2,0.035,2,0.055,0,0,1,0.026,0,0,1,0.009,4,0.025,0,0,3,0.01,3,0.009,4,0.011,6,0.015,3,0.007,2,0.006,6,0.016,3,0.008,3,0.009,1,0.004,4,0.017,7,0.028,5,0.026
Region 2,Region 23,260,2.18,27,0.536,25,0.846,10,0.473,4,0.222,5,0.156,14,0.164,37,0.198,78,0.237,81,0.224,89,0.308,78,0.295,90,0.314,106,0.344,101,0.333,151,0.458,199,0.529,288,0.654,230,0.529,151,0.46,86,0.349,83,0.379,76,0.428,58,0.504,60,0.641,25,0.591,17,0.673,10,0.544,11,0.596,6,0.18,13,0.158,36,0.202,88,0.291,81,0.249,85,0.314,81,0.312,77,0.28,86,0.282,96,0.318,140,0.427,219,0.603,252,0.598,247,0.59,94,0.29,88,0.359,97,0.428,80,0.426,63,0.489,86,0.715,25,0.478,23,0.731,17,0.756,9,0.466,7,0.223,15,0.202,31,0.206,68,0.28,69,0.257,65,0.256,80,0.304,108,0.354,100,0.292,128,0.379,151,0.426,323,0.847,355,0.852,143,0.352,85,0.255,89,0.349,104,0.446,184,0.834,551,2.623,159,0.891,63,0.651,81,1.159,93,1.63,53,1.462,19,0.726,14,0.368,27,0.389,36,0.34,63,0.397,113,0.475,134,0.45,142,0.434,151,0.406,153,0.371,115,0.279,108,0.298,128,0.35,138,0.363,201,0.599,141,0.529,191,0.798,461,1.832,144,0.758
Region 2,Region 24,5,0.042,1,0.02,1,0.034,0,0,0,0,0,0,0,0,1,0.005,1,0.003,4,0.011,5,0.017,2,0.008,2,0.007,1,0.003,2,0.007,4,0.012,6,0.016,14,0.032,10,0.023,7,0.021,1,0.004,3,0.014,2,0.011,3,0.026,1,0.011,2,0.047,0,0,0,0,0,0,1,0.03,0,0,1,0.006,1,0.003,4,0.012,6,0.022,0,0,3,0.011,5,0.016,7,0.023,3,0.009,8,0.022,10,0.024,14,0.033,6,0.018,3,0.012,3,0.013,3,0.016,1,0.008,2,0.017,1,0.019,0,0,0,0,0,0,0,0,0,0,1,0.007,0,0,0,0,3,0.012,4,0.015,6,0.02,4,0.012,2,0.006,5,0.014,7,0.018,12,0.029,9,0.022,4,0.012,3,0.012,1,0.004,1,0.005,7,0.033,8,0.045,2,0.021,2,0.029,0,0,0,0,0,0,0,0,0,0,0,0,1,0.006,1,0.004,5,0.017,4,0.012,3,0.008,8,0.019,4,0.01,4,0.011,2,0.005,3,0.008,2,0.006,2,0.007,4,0.017,9,0.036,3,0.016
Region 2,Region 25,21,0.176,10,0.198,5,0.169,6,0.284,0,0,2,0.063,5,0.058,9,0.048,20,0.061,27,0.075,35,0.121,24,0.091,28,0.098,37,0.12,42,0.138,37,0.112,34,0.09,37,0.084,35,0.08,39,0.119,30,0.122,29,0.133,26,0.147,19,0.165,9,0.096,4,0.095,3,0.119,5,0.272,3,0.163,2,0.06,9,0.109,6,0.034,22,0.073,34,0.105,34,0.126,37,0.143,25,0.091,44,0.144,31,0.103,28,0.085,18,0.05,43,0.102,42,0.1,25,0.077,29,0.118,31,0.137,20,0.107,11,0.085,14,0.116,8,0.153,2,0.064,2,0.089,2,0.104,1,0.032,8,0.108,5,0.033,15,0.062,20,0.074,19,0.075,22,0.084,37,0.121,29,0.085,42,0.124,32,0.09,22,0.058,38,0.091,26,0.064,23,0.069,29,0.114,39,0.167,25,0.113,27,0.129,25,0.14,16,0.165,12,0.172,10,0.175,9,0.248,7,0.267,3,0.079,1,0.014,5,0.047,8,0.05,22,0.093,25,0.084,21,0.064,31,0.083,32,0.078,28,0.068,34,0.094,33,0.09,37,0.097,23,0.068,21,0.079,22,0.092,41,0.163,35,0.184
Region 3,Region 0,0,0,0,0,0,0,0,0,0,0,0,0,1,0.012,6,0.032,2,0.006,3,0.008,2,0.007,3,0.011,2,0.007,1,0.003,2,0.007,5,0.015,0,0,3,0.007,4,0.009,1,0.003,2,0.008,4,0.018,0,0,1,0.009,2,0.021,0,0,0,0,0,0,0,0,0,0,1,0.012,2,0.011,3,0.01,2,0.006,3,0.011,3,0.012,3,0.011,2,0.007,2,0.007,5,0.015,2,0.006,2,0.005,1,0.002,1,0.003,4,0.016,0,0,1,0.005,2,0.016,0,0,0,0,0,0,0,0,0,0,1,0.032,3,0.04,5,0.033,3,0.012,4,0.015,2,0.008,1,0.004,4,0.013,1,0.003,3,0.009,5,0.014,3,0.008,3,0.007,2,0.005,5,0.015,0,0,0,0,2,0.009,1,0.005,0,0,1,0.01,0,0,0,0,0,0,1,0.038,0,0,3,0.043,2,0.019,2,0.013,3,0.013,4,0.013,1,0.003,4,0.011,1,0.002,2,0.005,4,0.011,1,0.003,1,0.003,0,0,1,0.004,1,0.004,1,0.004,1,0.005
Region 3,Region 1,0,0,0,0,0,0,0,0,0,0,0,0,2,0.023,1,0.005,5,0.015,6,0.017,3,0.01,1,0.004,1,0.003,4,0.013,1,0.003,3,0.009,5,0.013,9,0.02,6,0.014,6,0.018,2,0.008,3,0.014,5,0.028,2,0.017,1,0.011,0,0,0,0,0,0,0,0,0,0,1,0.012,2,0.011,1,0.003,7,0.022,3,0.011,0,0,4,0.015,5,0.016,2,0.007,5,0.015,6,0.017,3,0.007,4,0.01,7,0.022,3,0.012,5,0.022,3,0.016,0,0,0,0,0,0,3,0.095,0,0,0,0,0,0,3,0.04,2,0.013,2,0.008,2,0.007,6,0.024,5,0.019,2,0.007,2,0.006,4,0.012,6,0.017,1,0.003,2,0.005,7,0.017,5,0.015,4,0.016,4,0.017,5,0.023,0,0,0,0,1,0.01,1,0.014,0,0,0,0,0,0,0,0,1,0.014,1,0.009,0,0,5,0.021,5,0.017,1,0.003,6,0.016,8,0.019,0,0,10,0.028,8,0.022,8,0.021,8,0.024,6,0.022,4,0.017,7,0.028,3,0.016
Region 3,Region 2,0,0,0,0,0,0,0,0,0,0,0,0,1,0.012,2,0.011,2,0.006,4,0.011,2,0.007,0,0,3,0.01,1,0.003,1,0.003,1,0.003,2,0.005,2,0.005,1,0.002,3,0.009,2,0.008,2,0.009,0,0,2,0.017,2,0.021,0,0,0,0,0,0,0,0,0,0,0,0,0,0,4,0.013,5,0.015,2,0.007,1,0.004,0,0,0,0,1,0.003,2,0.006,3,0.008,3,0.007,1,0.002,4,0.012,3,0.012,3,0.013,2,0.011,1,0.008,1,0.008,0,0,0,0,0,0,0,0,0,0,0,0,0,0,4,0.016,3,0.011,1,0.004,2,0.008,5,0.016,3,0.009,4,0.012,5,0.014,2,0.005,7,0.017,6,0.015,4,0.012,8,0.031,3,0.013,0,0,1,0.005,2,0.011,1,0.01,1,0.014,0,0,0,0,0,0,0,0,0,0,2,0.019,3,0.019,3,0.013,2,0.007,4,0.012,3,0.008,5,0.012,4,0.01,5,0.014,5,0.014,9,0.024,2,0.006,3,0.011,2,0.008,3,0.012,4,0.021
Region 3,Region 3,11,0.092,6,0.119,2,0.068,2,0.095,0,0,2,0.063,2,0.023,15,0.08,22,0.067,25,0.069,39,0.135,32,0.121,40,0.139,48,0.156,55,0.181,37,0.112,47,0.125,55,0.125,62,0.143,46,0.14,35,0.142,25,0.114,30,0.169,17,0.148,9,0.096,6,0.142,2,0.079,1,0.054,0,0,1,0.03,3,0.036,5,0.028,26,0.086,33,0.102,30,0.111,23,0.089,31,0.113,44,0.144,44,0.146,38,0.116,43,0.118,42,0.1,65,0.155,52,0.16,33,0.135,40,0.176,29,0.155,21,0.163,15,0.125,8,0.153,3,0.095,1,0.044,1,0.052,2,0.064,1,0.013,7,0.046,13,0.054,20,0.074,24,0.094,35,0.133,38,0.125,40,0.117,46,0.136,40,0.113,57,0.149,59,0.142,64,0.157,40,0.12,38,0.149,35,0.15,26,0.118,19,0.09,18,0.101,9,0.093,5,0.072,3,0.053,3,0.083,0,0,0,0,2,0.029,6,0.057,23,0.145,25,0.105,37,0.124,38,0.116,53,0.142,50,0.121,45,0.109,42,0.116,48,0.131,44,0.116,31,0.092,31,0.116,28,0.117,35,0.139,27,0.142
Region 3,Region 4,3,0.025,2,0.04,0,0,0,0,0,0,0,0,2,0.023,0,0,5,0.015,9,0.025,5,0.017,9,0.034,2,0.007,7,0.023,8,0.026,4,0.012,7,0.019,6,0.014,12,0.028,6,0.018,5,0.02,4,0.018,5,0.028,0,0,3,0.032,0,0,0,0,0,0,0,0,1,0.03,1,0.012,0,0,5,0.017,5,0.015,8,0.03,8,0.031,2,0.007,7,0.023,3,0.01,3,0.009,8,0.022,7,0.017,6,0.014,8,0.025,7,0.029,4,0.018,3,0.016,6,0.047,4,0.033,1,0.019,0,0,0,0,0,0,0,0,0,0,1,0.007,1,0.004,3,0.011,4,0.016,1,0.004,7,0.023,1,0.003,9,0.027,3,0.008,3,0.008,7,0.017,3,0.007,4,0.012,2,0.008,7,0.03,3,0.014,2,0.01,5,0.028,3,0.031,0,0,2,0.035,0,0,0,0,0,0,1,0.014,3,0.028,3,0.019,5,0.021,5,0.017,10,0.031,14,0.038,11,0.027,9,0.022,5,0.014,7,0.019,9,0.024,6,0.018,9,0.034,3,0.013,7,0.028,2,0.011
Region 3,Region 5,1,0.008,0,0,0,0,0,0,1,0.056,2,0.063,5,0.058,16,0.086,9,0.027,6,0.017,14,0.048,18,0.068,8,0.028,17,0.055,11,0.036,15,0.046,8,0.021,7,0.016,6,0.014,10,0.03,10,0.041,8,0.037,6,0.034,3,0.026,1,0.011,1,0.024,0,0,1,0.054,1,0.054,1,0.03,5,0.061,9,0.05,11,0.036,5,0.015,14,0.052,14,0.054,17,0.062,16,0.052,9,0.03,8,0.024,6,0.017,7,0.017,8,0.019,12,0.037,6,0.024,4,0.018,3,0.016,2,0.016,1,0.008,1,0.019,0,0,0,0,2,0.104,1,0.032,6,0.081,14,0.093,13,0.054,18,0.067,11,0.043,14,0.053,11,0.036,12,0.035,15,0.044,12,0.034,5,0.013,12,0.029,12,0.029,13,0.039,7,0.027,7,0.03,3,0.014,5,0.024,4,0.022,1,0.01,0,0,0,0,3,0.083,0,0,1,0.026,4,0.058,8,0.075,16,0.101,15,0.063,21,0.071,20,0.061,14,0.038,13,0.032,24,0.058,16,0.044,12,0.033,12,0.032,8,0.024,11,0.041,7,0.029,6,0.024,7,0.037
Region 3,Region 6,0,0,0,0,0,0,0,0,0,0,0,0,1,0.012,1,0.005,0,0,2,0.006,2,0.007,1,0.004,1,0.003,0,0,0,0,1,0.003,6,0.016,4,0.009,1,0.002,2,0.006,1,0.004,3,0.014,0,0,2,0.017,0,0,0,0,0,0,0,0,0,0,0,0,0,0,1,0.006,0,0,1,0.003,3,0.011,2,0.008,1,0.004,2,0.007,1,0.003,2,0.006,1,0.003,3,0.007,3,0.007,0,0,0,0,2,0.009,3,0.016,0,0,0,0,1,0.019,0,0,0,0,0,0,0,0,0,0,0,0,2,0.008,1,0.004,1,0.004,2,0.008,2,0.007,0,0,1,0.003,4,0.011,1,0.003,2,0.005,2,0.005,4,0.012,6,0.023,0,0,0,0,1,0.005,1,0.006,0,0,0,0,0,0,0,0,0,0,0,0,0,0,0,0,2,0.013,3,0.013,1,0.003,3,0.009,3,0.008,2,0.005,3,0.007,1,0.003,1,0.003,1,0.003,3,0.009,0,0,1,0.004,0,0,1,0.005
Region 3,Region 7,8,0.067,2,0.04,4,0.135,1,0.047,0,0,3,0.094,0,0,5,0.027,15,0.046,17,0.047,13,0.045,8,0.03,22,0.077,22,0.071,20,0.066,27,0.082,26,0.069,30,0.068,30,0.069,23,0.07,23,0.093,24,0.11,14,0.079,12,0.104,5,0.053,3,0.071,1,0.04,2,0.109,0,0,2,0.06,3,0.036,5,0.028,13,0.043,25,0.077,15,0.055,19,0.073,15,0.054,15,0.049,26,0.086,21,0.064,22,0.061,28,0.066,19,0.045,27,0.083,23,0.094,23,0.101,15,0.08,12,0.093,4,0.033,5,0.096,2,0.064,2,0.089,1,0.052,3,0.096,2,0.027,6,0.04,11,0.045,15,0.056,18,0.071,18,0.068,15,0.049,24,0.07,28,0.083,24,0.068,17,0.045,19,0.046,28,0.069,23,0.069,20,0.078,19,0.082,12,0.054,12,0.057,7,0.039,5,0.052,6,0.086,3,0.053,5,0.138,1,0.038,0,0,7,0.101,3,0.028,4,0.025,6,0.025,14,0.047,22,0.067,18,0.048,27,0.065,18,0.044,18,0.05,15,0.041,20,0.053,17,0.051,20,0.075,15,0.063,14,0.056,19,0.1
Region 3,Region 8,4,0.034,0,0,1,0.034,0,0,0,0,1,0.031,6,0.07,12,0.064,23,0.07,29,0.08,18,0.062,14,0.053,13,0.045,19,0.062,15,0.049,18,0.055,12,0.032,20,0.045,18,0.041,16,0.049,16,0.065,10,0.046,11,0.062,7,0.061,3,0.032,1,0.024,2,0.079,2,0.109,1,0.054,1,0.03,6,0.073,11,0.062,14,0.046,24,0.074,19,0.07,15,0.058,15,0.054,17,0.056,20,0.066,19,0.058,23,0.063,13,0.031,20,0.048,22,0.068,10,0.041,12,0.053,7,0.037,6,0.047,5,0.042,2,0.038,1,0.032,0,0,2,0.104,2,0.064,2,0.027,7,0.046,16,0.066,16,0.06,14,0.055,21,0.08,16,0.053,21,0.061,20,0.059,24,0.068,18,0.047,18,0.043,18,0.044,23,0.069,9,0.035,19,0.082,13,0.059,6,0.029,5,0.028,2,0.021,4,0.057,2,0.035,2,0.055,0,0,2,0.053,3,0.043,8,0.075,11,0.069,19,0.08,21,0.071,23,0.07,28,0.075,12,0.029,20,0.048,20,0.055,13,0.036,21,0.055,15,0.045,18,0.067,6,0.025,8,0.032,10,0.053
Region 3,Region 9,6,0.05,2,0.04,1,0.034,1,0.047,1,0.056,2,0.063,5,0.058,11,0.059,12,0.036,28,0.077,17,0.059,12,0.045,20,0.07,38,0.123,26,0.086,18,0.055,28,0.074,32,0.073,47,0.108,24,0.073,25,0.101,10,0.046,7,0.039,7,0.061,3,0.032,2,0.047,0,0,2,0.109,1,0.054,6,0.18,7,0.085,8,0.045,19,0.063,23,0.071,21,0.078,13,0.05,34,0.124,26,0.085,29,0.096,26,0.079,38,0.105,26,0.062,58,0.138,36,0.111,19,0.078,17,0.075,14,0.075,5,0.039,3,0.025,4,0.077,4,0.127,0,0,1,0.052,4,0.128,8,0.108,11,0.073,13,0.054,19,0.071,24,0.094,15,0.057,29,0.095,24,0.07,26,0.077,21,0.059,24,0.063,33,0.079,42,0.103,22,0.066,23,0.09,15,0.064,9,0.041,10,0.048,6,0.034,4,0.041,5,0.072,3,0.053,2,0.055,3,0.115,6,0.158,4,0.058,10,0.094,19,0.12,24,0.101,34,0.114,25,0.076,39,0.105,45,0.109,41,0.099,33,0.091,23,0.063,27,0.071,21,0.063,22,0.082,16,0.067,18,0.072,6,0.032
Region 3,Region 10,4,0.034,0,0,0,0,0,0,1,0.056,1,0.031,5,0.058,10,0.054,22,0.067,24,0.066,9,0.031,9,0.034,18,0.063,14,0.045,13,0.043,18,0.055,20,0.053,18,0.041,14,0.032,13,0.04,9,0.037,3,0.014,8,0.045,5,0.043,2,0.021,0,0,1,0.04,0,0,0,0,1,0.03,2,0.024,5,0.028,16,0.053,30,0.092,16,0.059,11,0.042,4,0.015,17,0.056,22,0.073,15,0.046,22,0.061,23,0.055,14,0.033,13,0.04,13,0.053,12,0.053,10,0.053,8,0.062,2,0.017,3,0.057,0,0,1,0.044,2,0.104,1,0.032,5,0.067,9,0.06,16,0.066,18,0.067,16,0.063,10,0.038,11,0.036,16,0.047,16,0.047,14,0.04,16,0.042,25,0.06,14,0.034,11,0.033,14,0.055,9,0.039,7,0.032,4,0.019,2,0.011,1,0.01,0,0,1,0.018,3,0.083,1,0.038,0,0,3,0.043,6,0.057,5,0.031,15,0.063,14,0.047,12,0.037,16,0.043,17,0.041,29,0.07,12,0.033,6,0.016,16,0.042,9,0.027,3,0.011,8,0.033,8,0.032,4,0.021
Region 3,Region 11,2,0.017,2,0.04,0,0,0,0,1,0.056,0,0,0,0,0,0,0,0,0,0,1,0.003,0,0,0,0,0,0,0,0,0,0,0,0,1,0.002,0,0,0,0,1,0.004,1,0.005,1,0.006,1,0.009,0,0,0,0,0,0,0,0,0,0,0,0,0,0,0,0,1,0.003,1,0.003,1,0.004,1,0.004,0,0,2,0.007,0,0,1,0.003,1,0.003,0,0,0,0,0,0,0,0,2,0.009,0,0,0,0,0,0,0,0,0,0,0,0,0,0,0,0,0,0,2,0.013,1,0.004,0,0,0,0,0,0,0,0,0,0,1,0.003,1,0.003,2,0.005,5,0.012,0,0,3,0.009,0,0,0,0,0,0,1,0.005,0,0,0,0,0,0,0,0,0,0,0,0,0,0,1,0.014,0,0,1,0.006,1,0.004,2,0.007,1,0.003,1,0.003,1,0.002,0,0,2,0.006,3,0.008,0,0,0,0,0,0,1,0.004,0,0,0,0
Region 3,Region 12,9,0.075,6,0.119,3,0.102,3,0.142,4,0.222,1,0.031,4,0.047,8,0.043,11,0.033,24,0.066,22,0.076,15,0.057,19,0.066,26,0.084,25,0.082,27,0.082,27,0.072,41,0.093,40,0.092,27,0.082,23,0.093,24,0.11,8,0.045,9,0.078,13,0.139,1,0.024,4,0.158,0,0,3,0.163,1,0.03,5,0.061,6,0.034,15,0.05,14,0.043,17,0.063,15,0.058,14,0.051,25,0.082,14,0.046,29,0.088,24,0.066,32,0.076,25,0.06,26,0.08,21,0.086,14,0.062,16,0.085,5,0.039,6,0.05,4,0.077,0,0,4,0.178,0,0,4,0.128,6,0.081,5,0.033,3,0.012,15,0.056,22,0.087,18,0.068,17,0.056,17,0.05,28,0.083,25,0.071,27,0.071,22,0.053,27,0.066,17,0.051,14,0.055,15,0.064,14,0.063,17,0.081,10,0.056,1,0.01,4,0.057,6,0.105,2,0.055,1,0.038,1,0.026,3,0.043,4,0.038,13,0.082,16,0.067,18,0.06,20,0.061,30,0.081,30,0.073,26,0.063,17,0.047,18,0.049,29,0.076,20,0.06,15,0.056,12,0.05,18,0.072,11,0.058
Region 3,Region 13,5,0.042,3,0.06,0,0,1,0.047,0,0,2,0.063,3,0.035,7,0.037,12,0.036,17,0.047,10,0.035,13,0.049,18,0.063,18,0.058,17,0.056,13,0.039,10,0.027,12,0.027,14,0.032,9,0.027,7,0.028,10,0.046,6,0.034,9,0.078,2,0.021,0,0,0,0,0,0,0,0,2,0.06,4,0.048,8,0.045,17,0.056,9,0.028,15,0.055,15,0.058,21,0.076,12,0.039,6,0.02,9,0.027,10,0.028,9,0.021,15,0.036,8,0.025,14,0.057,6,0.026,9,0.048,5,0.039,2,0.017,2,0.038,2,0.064,0,0,1,0.052,2,0.064,4,0.054,5,0.033,16,0.066,15,0.056,12,0.047,6,0.023,12,0.039,18,0.052,15,0.044,9,0.025,16,0.042,17,0.041,14,0.034,12,0.036,6,0.023,3,0.013,8,0.036,5,0.024,3,0.017,3,0.031,4,0.057,2,0.035,0,0,1,0.038,0,0,1,0.014,5,0.047,14,0.088,17,0.072,14,0.047,14,0.043,11,0.03,21,0.051,13,0.032,20,0.055,14,0.038,13,0.034,8,0.024,10,0.037,10,0.042,7,0.028,8,0.042
Region 3,Region 14,3,0.025,0,0,0,0,3,0.142,2,0.111,1,0.031,4,0.047,4,0.021,24,0.073,25,0.069,8,0.028,7,0.027,11,0.038,16,0.052,19,0.063,13,0.039,11,0.029,10,0.023,18,0.041,19,0.058,11,0.045,15,0.069,5,0.028,2,0.017,2,0.021,4,0.095,0,0,0,0,0,0,1,0.03,6,0.073,7,0.039,19,0.063,15,0.046,18,0.066,6,0.023,12,0.044,11,0.036,17,0.056,17,0.052,14,0.039,26,0.062,18,0.043,15,0.046,12,0.049,8,0.035,6,0.032,3,0.023,8,0.066,1,0.019,0,0,0,0,1,0.052,2,0.064,6,0.081,4,0.027,12,0.049,18,0.067,10,0.039,7,0.027,14,0.046,26,0.076,11,0.033,22,0.062,20,0.052,23,0.055,21,0.052,11,0.033,14,0.055,6,0.026,13,0.059,3,0.014,4,0.022,4,0.041,1,0.014,0,0,0,0,1,0.038,5,0.132,0,0,5,0.047,5,0.031,11,0.046,12,0.04,15,0.046,13,0.035,13,0.032,22,0.053,16,0.044,21,0.057,6,0.016,11,0.033,9,0.034,4,0.017,6,0.024,6,0.032
Region 3,Region 15,0,0,1,0.02,0,0,0,0,0,0,0,0,0,0,0,0,0,0,0,0,0,0,1,0.004,2,0.007,0,0,0,0,1,0.003,0,0,2,0.005,1,0.002,0,0,1,0.004,1,0.005,0,0,0,0,0,0,0,0,0,0,0,0,0,0,0,0,0,0,0,0,0,0,0,0,3,0.011,0,0,0,0,0,0,1,0.003,0,0,1,0.003,0,0,2,0.005,0,0,0,0,1,0.004,0,0,0,0,0,0,0,0,0,0,0,0,0,0,0,0,0,0,0,0,0,0,0,0,2,0.008,1,0.004,1,0.003,2,0.006,2,0.006,1,0.003,2,0.005,0,0,2,0.005,2,0.006,3,0.012,0,0,0,0,0,0,0,0,0,0,0,0,0,0,0,0,0,0,0,0,0,0,2,0.019,0,0,1,0.004,1,0.003,1,0.003,1,0.003,0,0,1,0.002,2,0.006,1,0.003,0,0,1,0.003,0,0,0,0,0,0,1,0.005
Region 3,Region 16,1,0.008,0,0,0,0,0,0,0,0,0,0,1,0.012,1,0.005,6,0.018,11,0.03,3,0.01,5,0.019,2,0.007,3,0.01,4,0.013,5,0.015,8,0.021,7,0.016,5,0.011,5,0.015,1,0.004,2,0.009,0,0,3,0.026,1,0.011,0,0,0,0,0,0,0,0,0,0,1,0.012,0,0,3,0.01,3,0.009,5,0.018,4,0.015,0,0,2,0.007,5,0.017,4,0.012,6,0.017,7,0.017,8,0.019,6,0.018,4,0.016,4,0.018,0,0,1,0.008,0,0,0,0,0,0,0,0,0,0,0,0,1,0.013,3,0.02,2,0.008,6,0.022,2,0.008,3,0.011,4,0.013,6,0.017,3,0.009,4,0.011,6,0.016,4,0.01,8,0.02,8,0.024,5,0.02,4,0.017,1,0.005,0,0,0,0,2,0.021,0,0,0,0,0,0,0,0,1,0.026,2,0.029,1,0.009,1,0.006,2,0.008,2,0.007,2,0.006,4,0.011,3,0.007,4,0.01,5,0.014,2,0.005,5,0.013,4,0.012,1,0.004,1,0.004,4,0.016,0,0
Region 3,Region 17,5,0.042,1,0.02,0,0,1,0.047,0,0,2,0.063,2,0.023,6,0.032,24,0.073,25,0.069,11,0.038,10,0.038,5,0.017,8,0.026,10,0.033,11,0.033,8,0.021,14,0.032,17,0.039,10,0.03,10,0.041,9,0.041,9,0.051,6,0.052,2,0.021,0,0,1,0.04,0,0,2,0.108,1,0.03,3,0.036,8,0.045,23,0.076,26,0.08,10,0.037,12,0.046,11,0.04,8,0.026,5,0.017,11,0.034,10,0.028,8,0.019,20,0.048,11,0.034,9,0.037,8,0.035,4,0.021,5,0.039,8,0.066,1,0.019,1,0.032,1,0.044,0,0,1,0.032,3,0.04,7,0.046,10,0.041,7,0.026,8,0.031,6,0.023,11,0.036,14,0.041,13,0.039,14,0.04,19,0.05,13,0.031,18,0.044,9,0.027,11,0.043,9,0.039,12,0.054,6,0.029,13,0.073,3,0.031,3,0.043,2,0.035,1,0.028,0,0,3,0.079,4,0.058,4,0.038,2,0.013,9,0.038,13,0.044,9,0.028,13,0.035,18,0.044,28,0.068,17,0.047,13,0.036,14,0.037,7,0.021,11,0.041,10,0.042,9,0.036,10,0.053
Region 3,Region 18,0,0,1,0.02,0,0,0,0,0,0,0,0,0,0,1,0.005,2,0.006,1,0.003,0,0,0,0,2,0.007,0,0,0,0,0,0,0,0,0,0,0,0,0,0,1,0.004,0,0,1,0.006,0,0,0,0,0,0,0,0,0,0,0,0,0,0,0,0,2,0.011,0,0,0,0,1,0.004,0,0,0,0,0,0,1,0.003,0,0,1,0.003,0,0,1,0.002,0,0,0,0,0,0,0,0,0,0,0,0,0,0,0,0,0,0,0,0,0,0,1,0.013,0,0,1,0.004,0,0,1,0.004,0,0,0,0,0,0,0,0,1,0.003,0,0,0,0,2,0.005,2,0.006,0,0,0,0,0,0,0,0,0,0,0,0,0,0,0,0,0,0,0,0,0,0,1,0.014,0,0,0,0,0,0,0,0,0,0,0,0,1,0.002,0,0,1,0.003,1,0.003,2,0.005,0,0,0,0,0,0,0,0,1,0.005
Region 3,Region 19,0,0,0,0,0,0,0,0,0,0,0,0,0,0,0,0,0,0,1,0.003,1,0.003,3,0.011,0,0,1,0.003,1,0.003,1,0.003,4,0.011,3,0.007,2,0.005,0,0,0,0,2,0.009,0,0,1,0.009,0,0,1,0.024,0,0,0,0,0,0,0,0,0,0,0,0,2,0.007,0,0,2,0.007,3,0.012,1,0.004,2,0.007,2,0.007,0,0,2,0.006,0,0,1,0.002,0,0,1,0.004,0,0,1,0.005,0,0,0,0,1,0.019,0,0,0,0,0,0,0,0,0,0,0,0,0,0,0,0,0,0,2,0.008,1,0.003,2,0.006,1,0.003,0,0,0,0,1,0.002,1,0.002,1,0.003,0,0,2,0.009,1,0.005,3,0.014,0,0,1,0.01,0,0,0,0,0,0,0,0,1,0.026,0,0,0,0,0,0,2,0.008,0,0,1,0.003,2,0.005,1,0.002,2,0.005,1,0.003,0,0,1,0.003,2,0.006,1,0.004,0,0,1,0.004,1,0.005
Region 3,Region 20,0,0,1,0.02,1,0.034,1,0.047,0,0,1,0.031,1,0.012,2,0.011,5,0.015,3,0.008,7,0.024,3,0.011,2,0.007,3,0.01,6,0.02,4,0.012,4,0.011,4,0.009,7,0.016,3,0.009,2,0.008,3,0.014,8,0.045,1,0.009,3,0.032,0,0,0,0,0,0,1,0.054,0,0,4,0.048,3,0.017,5,0.017,7,0.022,5,0.018,4,0.015,5,0.018,3,0.01,3,0.01,3,0.009,4,0.011,1,0.002,3,0.007,3,0.009,4,0.016,7,0.031,4,0.021,1,0.008,1,0.008,1,0.019,1,0.032,0,0,0,0,0,0,0,0,4,0.027,2,0.008,7,0.026,3,0.012,4,0.015,4,0.013,4,0.012,2,0.006,3,0.008,4,0.01,7,0.017,0,0,1,0.003,1,0.004,2,0.009,4,0.018,3,0.014,0,0,2,0.021,2,0.029,0,0,0,0,1,0.038,0,0,2,0.029,1,0.009,4,0.025,1,0.004,5,0.017,1,0.003,7,0.019,3,0.007,2,0.005,3,0.008,1,0.003,1,0.003,3,0.009,3,0.011,4,0.017,1,0.004,1,0.005
Region 3,Region 21,2,0.017,1,0.02,1,0.034,0,0,0,0,1,0.031,2,0.023,2,0.011,5,0.015,13,0.036,4,0.014,10,0.038,10,0.035,8,0.026,14,0.046,8,0.024,21,0.056,16,0.036,26,0.06,19,0.058,9,0.037,9,0.041,6,0.034,5,0.043,5,0.053,2,0.047,3,0.119,0,0,1,0.054,0,0,1,0.012,2,0.011,1,0.003,5,0.015,10,0.037,10,0.039,13,0.047,7,0.023,12,0.04,7,0.021,11,0.03,20,0.047,23,0.055,16,0.049,10,0.041,19,0.084,9,0.048,1,0.008,2,0.017,1,0.019,0,0,0,0,0,0,0,0,0,0,2,0.013,6,0.025,10,0.037,14,0.055,15,0.057,11,0.036,12,0.035,14,0.041,11,0.031,18,0.047,14,0.034,30,0.074,9,0.027,11,0.043,19,0.082,8,0.036,6,0.029,4,0.022,1,0.01,3,0.043,2,0.035,0,0,1,0.038,1,0.026,1,0.014,3,0.028,10,0.063,9,0.038,11,0.037,13,0.04,20,0.054,14,0.034,20,0.048,13,0.036,12,0.033,21,0.055,5,0.015,14,0.052,9,0.038,9,0.036,5,0.026
Region 3,Region 22,2,0.017,0,0,1,0.034,0,0,0,0,0,0,2,0.023,4,0.021,9,0.027,6,0.017,14,0.048,9,0.034,13,0.045,6,0.019,16,0.053,7,0.021,14,0.037,16,0.036,35,0.08,9,0.027,7,0.028,15,0.069,4,0.023,6,0.052,5,0.053,3,0.071,0,0,0,0,0,0,0,0,1,0.012,5,0.028,10,0.033,11,0.034,11,0.041,8,0.031,12,0.044,7,0.023,16,0.053,17,0.052,8,0.022,15,0.036,21,0.05,30,0.092,9,0.037,15,0.066,6,0.032,2,0.016,3,0.025,1,0.019,1,0.032,1,0.044,0,0,1,0.032,1,0.013,3,0.02,6,0.025,8,0.03,8,0.031,14,0.053,13,0.043,14,0.041,12,0.036,10,0.028,14,0.037,19,0.046,18,0.044,12,0.036,16,0.063,9,0.039,10,0.045,3,0.014,4,0.022,4,0.041,2,0.029,1,0.018,0,0,0,0,2,0.053,1,0.014,3,0.028,5,0.031,5,0.021,20,0.067,16,0.049,10,0.027,16,0.039,16,0.039,13,0.036,18,0.049,22,0.058,14,0.042,10,0.037,8,0.033,7,0.028,8,0.042
Region 3,Region 23,3,0.025,0,0,3,0.102,1,0.047,2,0.111,1,0.031,3,0.035,6,0.032,2,0.006,13,0.036,9,0.031,7,0.027,7,0.024,7,0.023,7,0.023,6,0.018,3,0.008,8,0.018,8,0.018,4,0.012,12,0.049,6,0.027,3,0.017,4,0.035,3,0.032,4,0.095,1,0.04,0,0,1,0.054,2,0.06,4,0.048,6,0.034,8,0.026,3,0.009,1,0.004,6,0.023,10,0.036,12,0.039,7,0.023,14,0.043,11,0.03,10,0.024,10,0.024,13,0.04,6,0.024,6,0.026,4,0.021,7,0.054,1,0.008,1,0.019,1,0.032,2,0.089,0,0,2,0.064,3,0.04,9,0.06,6,0.025,9,0.034,5,0.02,16,0.061,7,0.023,11,0.032,6,0.018,10,0.028,5,0.013,7,0.017,3,0.007,10,0.03,6,0.023,4,0.017,9,0.041,2,0.01,3,0.017,1,0.01,0,0,3,0.053,1,0.028,0,0,5,0.132,5,0.072,5,0.047,5,0.031,7,0.029,13,0.044,12,0.037,8,0.022,6,0.015,10,0.024,14,0.039,14,0.038,12,0.032,3,0.009,11,0.041,6,0.025,3,0.012,5,0.026
Region 3,Region 24,7,0.059,8,0.159,4,0.135,1,0.047,2,0.111,5,0.156,11,0.129,44,0.236,45,0.137,42,0.116,48,0.166,40,0.151,46,0.16,62,0.201,57,0.188,66,0.2,51,0.135,78,0.177,62,0.143,53,0.162,52,0.211,35,0.16,24,0.135,11,0.096,16,0.171,2,0.047,5,0.198,4,0.218,8,0.434,5,0.15,20,0.242,29,0.163,52,0.172,52,0.16,48,0.177,51,0.197,49,0.178,68,0.223,62,0.205,62,0.189,59,0.162,61,0.145,80,0.191,66,0.203,51,0.208,26,0.115,36,0.192,19,0.148,17,0.141,7,0.134,4,0.127,3,0.133,2,0.104,10,0.319,14,0.189,31,0.206,37,0.153,67,0.249,46,0.181,55,0.209,71,0.233,60,0.175,72,0.213,69,0.195,54,0.142,76,0.182,64,0.157,72,0.216,43,0.168,41,0.176,34,0.154,17,0.081,16,0.09,9,0.093,7,0.1,6,0.105,10,0.276,4,0.153,10,0.263,17,0.245,21,0.198,28,0.176,51,0.215,78,0.262,72,0.22,76,0.204,61,0.148,63,0.153,70,0.193,76,0.208,64,0.169,65,0.194,46,0.172,35,0.146,33,0.131,16,0.084
Region 3,Region 25,0,0,0,0,0,0,0,0,0,0,0,0,1,0.012,1,0.005,1,0.003,2,0.006,2,0.007,0,0,1,0.003,1,0.003,2,0.007,1,0.003,2,0.005,1,0.002,1,0.002,0,0,4,0.016,0,0,0,0,0,0,2,0.021,0,0,0,0,0,0,1,0.054,0,0,1,0.012,0,0,2,0.007,1,0.003,0,0,1,0.004,1,0.004,0,0,4,0.013,0,0,0,0,0,0,1,0.002,2,0.006,1,0.004,1,0.004,0,0,1,0.008,0,0,0,0,0,0,0,0,1,0.052,0,0,0,0,1,0.007,1,0.004,3,0.011,1,0.004,1,0.004,1,0.003,1,0.003,1,0.003,1,0.003,2,0.005,0,0,3,0.007,1,0.003,2,0.008,0,0,0,0,0,0,0,0,1,0.01,1,0.014,1,0.018,0,0,0,0,0,0,0,0,1,0.009,2,0.013,2,0.008,1,0.003,1,0.003,0,0,1,0.002,0,0,1,0.003,2,0.005,1,0.003,2,0.006,0,0,2,0.008,2,0.008,1,0.005
Region 4,Region 0,31,0.26,9,0.179,14,0.474,3,0.142,8,0.444,8,0.25,27,0.316,60,0.321,116,0.352,116,0.321,90,0.312,70,0.265,68,0.237,82,0.266,79,0.261,78,0.237,104,0.276,114,0.259,150,0.345,123,0.375,90,0.365,78,0.356,64,0.361,28,0.243,32,0.342,24,0.568,8,0.317,7,0.381,3,0.163,9,0.27,18,0.218,49,0.275,116,0.384,134,0.412,77,0.284,95,0.366,108,0.392,79,0.259,76,0.252,97,0.296,94,0.259,115,0.273,129,0.308,98,0.302,84,0.343,90,0.397,77,0.41,46,0.357,36,0.299,19,0.363,14,0.445,13,0.578,8,0.414,8,0.255,25,0.337,41,0.272,91,0.375,88,0.328,76,0.299,66,0.251,83,0.272,91,0.265,90,0.267,110,0.31,112,0.294,117,0.281,109,0.268,97,0.291,72,0.282,89,0.382,63,0.285,61,0.29,49,0.275,31,0.32,30,0.429,63,1.104,18,0.497,6,0.229,7,0.184,12,0.173,26,0.245,55,0.346,87,0.366,92,0.309,110,0.336,106,0.285,128,0.31,132,0.32,126,0.347,116,0.317,70,0.184,81,0.241,81,0.304,80,0.334,70,0.278,56,0.295
Region 4,Region 1,2,0.017,1,0.02,0,0,0,0,0,0,0,0,0,0,2,0.011,7,0.021,6,0.017,8,0.028,7,0.027,4,0.014,8,0.026,8,0.026,8,0.024,9,0.024,7,0.016,17,0.039,8,0.024,6,0.024,11,0.05,11,0.062,3,0.026,0,0,0,0,1,0.04,1,0.054,0,0,0,0,0,0,2,0.011,5,0.017,3,0.009,5,0.018,4,0.015,4,0.015,6,0.02,4,0.013,6,0.018,6,0.017,9,0.021,7,0.017,11,0.034,12,0.049,12,0.053,11,0.059,4,0.031,2,0.017,4,0.077,2,0.064,1,0.044,0,0,1,0.032,1,0.013,4,0.027,3,0.012,4,0.015,3,0.012,5,0.019,3,0.01,7,0.02,5,0.015,8,0.023,7,0.018,8,0.019,8,0.02,12,0.036,16,0.063,9,0.039,13,0.059,9,0.043,12,0.067,2,0.021,11,0.157,4,0.07,1,0.028,0,0,0,0,2,0.029,0,0,2,0.013,6,0.025,12,0.04,12,0.037,8,0.022,8,0.019,12,0.029,12,0.033,17,0.046,12,0.032,11,0.033,9,0.034,5,0.021,11,0.044,24,0.126
Region 4,Region 2,1,0.008,1,0.02,0,0,0,0,0,0,2,0.063,4,0.047,0,0,4,0.012,10,0.028,8,0.028,5,0.019,4,0.014,5,0.016,9,0.03,5,0.015,5,0.013,5,0.011,9,0.021,8,0.024,4,0.016,5,0.023,3,0.017,3,0.026,3,0.032,3,0.071,1,0.04,0,0,1,0.054,1,0.03,2,0.024,3,0.017,5,0.017,7,0.022,7,0.026,9,0.035,4,0.015,8,0.026,4,0.013,8,0.024,6,0.017,12,0.028,10,0.024,8,0.025,6,0.024,12,0.053,6,0.032,2,0.016,5,0.042,1,0.019,2,0.064,2,0.089,0,0,1,0.032,2,0.027,2,0.013,5,0.021,8,0.03,8,0.031,4,0.015,6,0.02,10,0.029,7,0.021,4,0.011,3,0.008,6,0.014,9,0.022,12,0.036,6,0.023,11,0.047,6,0.027,16,0.076,12,0.067,10,0.103,4,0.057,7,0.123,2,0.055,1,0.038,1,0.026,2,0.029,6,0.057,5,0.031,4,0.017,9,0.03,11,0.034,10,0.027,12,0.029,10,0.024,10,0.028,18,0.049,17,0.045,17,0.051,6,0.022,7,0.029,4,0.016,15,0.079
Region 4,Region 3,2,0.017,0,0,0,0,1,0.047,0,0,0,0,0,0,1,0.005,1,0.003,1,0.003,2,0.007,5,0.019,4,0.014,5,0.016,3,0.01,3,0.009,6,0.016,10,0.023,2,0.005,9,0.027,7,0.028,6,0.027,4,0.023,1,0.009,3,0.032,1,0.024,2,0.079,0,0,1,0.054,0,0,0,0,1,0.006,2,0.007,2,0.006,1,0.004,2,0.008,5,0.018,6,0.02,5,0.017,9,0.027,2,0.006,11,0.026,10,0.024,8,0.025,2,0.008,6,0.026,2,0.011,4,0.031,2,0.017,0,0,1,0.032,0,0,1,0.052,0,0,0,0,0,0,1,0.004,1,0.004,6,0.024,6,0.023,3,0.01,4,0.012,4,0.012,5,0.014,8,0.021,3,0.007,5,0.012,9,0.027,3,0.012,5,0.021,4,0.018,2,0.01,2,0.011,0,0,3,0.043,4,0.07,3,0.083,0,0,0,0,2,0.029,1,0.009,3,0.019,1,0.004,6,0.02,5,0.015,4,0.011,6,0.015,5,0.012,4,0.011,2,0.005,5,0.013,3,0.009,1,0.004,1,0.004,1,0.004,2,0.011
Region 4,Region 4,33,0.277,12,0.238,3,0.102,6,0.284,6,0.333,1,0.031,7,0.082,22,0.118,43,0.131,53,0.147,62,0.215,70,0.265,98,0.342,96,0.312,84,0.277,105,0.319,103,0.274,131,0.298,149,0.343,131,0.399,119,0.483,94,0.43,59,0.333,40,0.347,34,0.363,9,0.213,8,0.317,4,0.218,0,0,1,0.03,8,0.097,19,0.107,35,0.116,71,0.218,67,0.247,80,0.308,76,0.276,75,0.246,95,0.314,111,0.338,112,0.308,170,0.403,160,0.382,140,0.431,83,0.339,95,0.419,74,0.394,54,0.42,45,0.374,19,0.363,19,0.604,6,0.267,6,0.311,3,0.096,5,0.067,14,0.093,25,0.103,46,0.171,69,0.271,59,0.224,73,0.24,99,0.289,89,0.264,115,0.325,107,0.28,106,0.254,120,0.295,109,0.327,100,0.392,92,0.395,92,0.417,67,0.319,87,0.487,56,0.579,25,0.358,29,0.508,23,0.634,11,0.42,7,0.184,15,0.216,32,0.302,49,0.308,79,0.332,103,0.346,102,0.312,110,0.296,118,0.286,124,0.301,122,0.336,112,0.306,131,0.345,110,0.328,105,0.394,107,0.447,84,0.334,76,0.4
Region 4,Region 5,1,0.008,0,0,0,0,0,0,3,0.167,4,0.125,3,0.035,8,0.043,15,0.046,8,0.022,14,0.048,13,0.049,18,0.063,13,0.042,12,0.04,7,0.021,10,0.027,16,0.036,18,0.041,13,0.04,20,0.081,12,0.055,4,0.023,0,0,4,0.043,1,0.024,1,0.04,0,0,0,0,1,0.03,5,0.061,8,0.045,10,0.033,12,0.037,20,0.074,13,0.05,14,0.051,14,0.046,14,0.046,9,0.027,10,0.028,18,0.043,12,0.029,12,0.037,19,0.078,16,0.071,12,0.064,3,0.023,3,0.025,2,0.038,1,0.032,0,0,0,0,5,0.16,5,0.067,6,0.04,14,0.058,15,0.056,9,0.035,13,0.049,19,0.062,16,0.047,10,0.03,15,0.042,22,0.058,9,0.022,11,0.027,15,0.045,7,0.027,13,0.056,8,0.036,4,0.019,4,0.022,1,0.01,2,0.029,2,0.035,3,0.083,2,0.076,2,0.053,1,0.014,2,0.019,8,0.05,13,0.055,18,0.06,15,0.046,21,0.056,22,0.053,20,0.048,18,0.05,27,0.074,10,0.026,12,0.036,12,0.045,14,0.058,10,0.04,6,0.032
Region 4,Region 6,1,0.008,1,0.02,0,0,0,0,0,0,0,0,0,0,0,0,1,0.003,3,0.008,2,0.007,3,0.011,3,0.01,0,0,1,0.003,2,0.006,0,0,4,0.009,8,0.018,2,0.006,6,0.024,3,0.014,2,0.011,3,0.026,0,0,0,0,0,0,0,0,0,0,0,0,0,0,1,0.006,2,0.007,1,0.003,3,0.011,3,0.012,2,0.007,5,0.016,0,0,4,0.012,3,0.008,4,0.009,8,0.019,3,0.009,6,0.024,5,0.022,2,0.011,1,0.008,0,0,0,0,0,0,1,0.044,0,0,0,0,0,0,1,0.007,0,0,2,0.007,2,0.008,3,0.011,3,0.01,4,0.012,3,0.009,4,0.011,5,0.013,4,0.01,5,0.012,6,0.018,6,0.023,6,0.026,1,0.005,2,0.01,1,0.006,0,0,3,0.043,1,0.018,0,0,0,0,0,0,0,0,0,0,3,0.019,6,0.025,6,0.02,7,0.021,1,0.003,5,0.012,3,0.007,4,0.011,6,0.016,8,0.021,5,0.015,6,0.022,2,0.008,5,0.02,2,0.011
Region 4,Region 7,19,0.159,12,0.238,7,0.237,3,0.142,2,0.111,2,0.063,10,0.117,14,0.075,24,0.073,29,0.08,28,0.097,30,0.114,39,0.136,43,0.14,30,0.099,45,0.137,44,0.117,51,0.116,54,0.124,52,0.159,48,0.195,46,0.21,21,0.118,27,0.234,20,0.214,9,0.213,4,0.158,3,0.163,1,0.054,3,0.09,8,0.097,12,0.067,21,0.069,28,0.086,29,0.107,26,0.1,26,0.094,41,0.134,52,0.172,44,0.134,36,0.099,49,0.116,51,0.122,39,0.12,39,0.159,30,0.132,36,0.192,23,0.179,21,0.175,16,0.306,8,0.254,7,0.311,2,0.104,4,0.128,3,0.04,10,0.066,7,0.029,21,0.078,21,0.083,27,0.103,22,0.072,31,0.09,38,0.113,52,0.147,48,0.126,41,0.098,51,0.125,50,0.15,37,0.145,43,0.185,33,0.149,35,0.167,30,0.168,24,0.248,16,0.229,28,0.491,15,0.414,4,0.153,2,0.053,6,0.086,8,0.075,9,0.057,22,0.093,28,0.094,31,0.095,54,0.145,33,0.08,43,0.104,39,0.107,51,0.139,53,0.14,36,0.107,38,0.142,44,0.184,38,0.151,26,0.137
Region 4,Region 8,13,0.109,5,0.099,1,0.034,1,0.047,1,0.056,1,0.031,8,0.094,18,0.096,36,0.109,46,0.127,28,0.097,18,0.068,17,0.059,27,0.088,18,0.059,23,0.07,25,0.066,34,0.077,23,0.053,31,0.095,22,0.089,28,0.128,17,0.096,11,0.096,7,0.075,3,0.071,0,0,1,0.054,3,0.163,0,0,6,0.073,21,0.118,41,0.136,45,0.138,28,0.103,32,0.123,25,0.091,29,0.095,22,0.073,27,0.082,31,0.085,28,0.066,17,0.041,36,0.111,22,0.09,21,0.093,23,0.123,20,0.155,6,0.05,5,0.096,4,0.127,8,0.356,3,0.155,3,0.096,7,0.094,17,0.113,30,0.124,43,0.16,31,0.122,15,0.057,22,0.072,34,0.099,29,0.086,32,0.09,39,0.102,39,0.094,23,0.057,28,0.084,20,0.078,23,0.099,24,0.109,22,0.105,19,0.106,14,0.145,21,0.301,32,0.561,11,0.303,4,0.153,4,0.105,8,0.115,10,0.094,17,0.107,49,0.206,31,0.104,47,0.144,40,0.108,42,0.102,30,0.073,36,0.099,37,0.101,39,0.103,33,0.098,21,0.079,34,0.142,19,0.076,18,0.095
Region 4,Region 9,0,0,1,0.02,0,0,0,0,0,0,0,0,1,0.012,0,0,3,0.009,4,0.011,5,0.017,3,0.011,2,0.007,4,0.013,4,0.013,9,0.027,6,0.016,6,0.014,4,0.009,10,0.03,1,0.004,5,0.023,2,0.011,1,0.009,0,0,0,0,0,0,0,0,0,0,0,0,0,0,0,0,0,0,5,0.015,2,0.007,1,0.004,2,0.007,5,0.016,0,0,3,0.009,4,0.011,7,0.017,7,0.017,6,0.018,5,0.02,0,0,1,0.005,0,0,0,0,0,0,0,0,0,0,0,0,0,0,0,0,0,0,0,0,0,0,0,0,1,0.004,3,0.01,3,0.009,2,0.006,3,0.008,6,0.016,9,0.022,5,0.012,4,0.012,2,0.008,3,0.013,1,0.005,1,0.005,2,0.011,1,0.01,1,0.014,3,0.053,1,0.028,0,0,0,0,2,0.029,0,0,4,0.025,3,0.013,1,0.003,7,0.021,5,0.013,7,0.017,5,0.012,6,0.017,6,0.016,5,0.013,2,0.006,3,0.011,3,0.013,0,0,0,0
Region 4,Region 10,6,0.05,8,0.159,4,0.135,0,0,2,0.111,2,0.063,7,0.082,12,0.064,24,0.073,20,0.055,26,0.09,16,0.061,13,0.045,18,0.058,17,0.056,16,0.049,16,0.043,18,0.041,30,0.069,24,0.073,14,0.057,13,0.059,8,0.045,6,0.052,9,0.096,2,0.047,1,0.04,1,0.054,1,0.054,2,0.06,2,0.024,14,0.078,21,0.069,20,0.062,13,0.048,17,0.066,18,0.065,19,0.062,25,0.083,24,0.073,24,0.066,20,0.047,29,0.069,17,0.052,15,0.061,14,0.062,22,0.117,10,0.078,7,0.058,4,0.077,3,0.095,2,0.089,0,0,0,0,5,0.067,6,0.04,17,0.07,22,0.082,20,0.079,20,0.076,14,0.046,25,0.073,21,0.062,25,0.071,27,0.071,25,0.06,30,0.074,18,0.054,14,0.055,13,0.056,12,0.054,8,0.038,9,0.05,6,0.062,7,0.1,8,0.14,5,0.138,6,0.229,5,0.132,6,0.086,2,0.019,9,0.057,25,0.105,20,0.067,22,0.067,13,0.035,17,0.041,22,0.053,16,0.044,12,0.033,22,0.058,6,0.018,8,0.03,17,0.071,8,0.032,8,0.042
Region 4,Region 11,0,0,0,0,0,0,0,0,0,0,0,0,2,0.023,2,0.011,1,0.003,1,0.003,0,0,1,0.004,1,0.003,2,0.006,1,0.003,0,0,0,0,1,0.002,3,0.007,2,0.006,2,0.008,0,0,1,0.006,0,0,0,0,0,0,0,0,0,0,0,0,0,0,0,0,2,0.011,1,0.003,0,0,1,0.004,0,0,1,0.004,1,0.003,2,0.007,2,0.006,0,0,2,0.005,3,0.007,3,0.009,1,0.004,1,0.004,1,0.005,0,0,1,0.008,0,0,0,0,0,0,0,0,0,0,0,0,1,0.007,1,0.004,0,0,1,0.004,1,0.004,0,0,0,0,0,0,1,0.003,2,0.005,1,0.002,1,0.002,1,0.003,1,0.004,1,0.004,1,0.005,3,0.014,1,0.006,0,0,1,0.014,2,0.035,1,0.028,0,0,0,0,0,0,0,0,0,0,1,0.004,3,0.01,2,0.006,1,0.003,0,0,1,0.002,2,0.006,0,0,1,0.003,2,0.006,1,0.004,0,0,0,0,2,0.011
Region 4,Region 12,2,0.017,1,0.02,0,0,0,0,0,0,2,0.063,1,0.012,10,0.054,3,0.009,6,0.017,2,0.007,9,0.034,6,0.021,3,0.01,4,0.013,7,0.021,7,0.019,11,0.025,5,0.011,5,0.015,9,0.037,8,0.037,7,0.039,4,0.035,3,0.032,0,0,0,0,1,0.054,0,0,1,0.03,1,0.012,5,0.028,4,0.013,6,0.018,3,0.011,6,0.023,5,0.018,8,0.026,6,0.02,1,0.003,5,0.014,8,0.019,4,0.01,8,0.025,8,0.033,2,0.009,4,0.021,6,0.047,2,0.017,0,0,1,0.032,1,0.044,0,0,0,0,2,0.027,5,0.033,4,0.016,5,0.019,10,0.039,3,0.011,5,0.016,13,0.038,9,0.027,7,0.02,7,0.018,9,0.022,5,0.012,5,0.015,3,0.012,4,0.017,6,0.027,4,0.019,4,0.022,1,0.01,3,0.043,4,0.07,2,0.055,0,0,0,0,2,0.029,2,0.019,2,0.013,8,0.034,8,0.027,3,0.009,7,0.019,7,0.017,11,0.027,5,0.014,3,0.008,5,0.013,7,0.021,6,0.022,8,0.033,4,0.016,7,0.037
Region 4,Region 13,13,0.109,9,0.179,5,0.169,1,0.047,1,0.056,2,0.063,3,0.035,11,0.059,26,0.079,48,0.133,20,0.069,43,0.163,46,0.16,41,0.133,44,0.145,40,0.121,51,0.135,37,0.084,70,0.161,54,0.165,42,0.17,37,0.169,37,0.209,20,0.174,11,0.118,6,0.142,5,0.198,3,0.163,0,0,2,0.06,5,0.061,8,0.045,28,0.093,30,0.092,33,0.122,36,0.139,33,0.12,48,0.157,42,0.139,38,0.116,47,0.129,64,0.152,57,0.136,55,0.17,47,0.192,43,0.19,26,0.139,19,0.148,19,0.158,10,0.191,6,0.191,3,0.133,1,0.052,1,0.032,4,0.054,12,0.08,24,0.099,27,0.101,24,0.094,33,0.125,36,0.118,38,0.111,51,0.151,48,0.135,41,0.107,52,0.125,58,0.143,55,0.165,43,0.168,46,0.197,41,0.186,34,0.162,44,0.247,26,0.269,25,0.358,24,0.421,5,0.138,4,0.153,3,0.079,3,0.043,15,0.142,15,0.094,35,0.147,39,0.131,56,0.171,63,0.169,64,0.155,49,0.119,59,0.163,68,0.186,53,0.14,36,0.107,40,0.15,32,0.134,34,0.135,30,0.158
Region 4,Region 14,6,0.05,8,0.159,4,0.135,1,0.047,7,0.389,7,0.219,21,0.245,23,0.123,65,0.198,62,0.171,39,0.135,36,0.136,42,0.146,50,0.162,43,0.142,44,0.134,51,0.135,51,0.116,54,0.124,52,0.159,50,0.203,44,0.201,20,0.113,19,0.165,11,0.118,11,0.26,2,0.079,7,0.381,8,0.434,13,0.39,23,0.279,20,0.112,47,0.155,57,0.175,36,0.133,45,0.174,53,0.193,46,0.151,27,0.089,45,0.137,43,0.118,35,0.083,54,0.129,53,0.163,41,0.167,22,0.097,33,0.176,25,0.194,17,0.141,10,0.191,7,0.222,11,0.489,9,0.466,6,0.192,11,0.148,23,0.153,40,0.165,54,0.201,34,0.134,26,0.099,45,0.148,27,0.079,41,0.122,55,0.155,43,0.113,44,0.106,53,0.13,38,0.114,29,0.114,45,0.193,38,0.172,23,0.11,17,0.095,16,0.165,15,0.215,37,0.648,15,0.414,12,0.458,9,0.237,12,0.173,25,0.236,22,0.138,54,0.227,62,0.208,59,0.18,70,0.188,63,0.153,55,0.133,56,0.154,33,0.09,47,0.124,25,0.074,19,0.071,31,0.129,25,0.099,26,0.137
Region 4,Region 15,0,0,0,0,0,0,0,0,0,0,0,0,1,0.012,0,0,0,0,0,0,1,0.003,3,0.011,2,0.007,2,0.006,2,0.007,0,0,0,0,2,0.005,2,0.005,2,0.006,3,0.012,0,0,0,0,2,0.017,0,0,1,0.024,0,0,0,0,0,0,0,0,0,0,1,0.006,1,0.003,1,0.003,1,0.004,0,0,0,0,2,0.007,0,0,0,0,0,0,1,0.002,5,0.012,2,0.006,2,0.008,3,0.013,3,0.016,1,0.008,1,0.008,0,0,0,0,0,0,0,0,0,0,0,0,0,0,1,0.004,3,0.011,1,0.004,2,0.008,1,0.003,0,0,1,0.003,0,0,1,0.003,0,0,3,0.007,2,0.006,0,0,3,0.013,3,0.014,0,0,1,0.006,1,0.01,1,0.014,0,0,0,0,0,0,0,0,0,0,0,0,0,0,1,0.004,2,0.007,1,0.003,1,0.003,3,0.007,4,0.01,1,0.003,2,0.005,3,0.008,2,0.006,1,0.004,1,0.004,1,0.004,2,0.011
Region 4,Region 16,4,0.034,1,0.02,0,0,0,0,1,0.056,2,0.063,3,0.035,4,0.021,14,0.043,32,0.089,18,0.062,22,0.083,30,0.105,31,0.101,39,0.129,28,0.085,29,0.077,28,0.064,48,0.11,21,0.064,26,0.106,14,0.064,14,0.079,4,0.035,2,0.021,3,0.071,1,0.04,2,0.109,1,0.054,1,0.03,1,0.012,8,0.045,7,0.023,24,0.074,22,0.081,23,0.089,26,0.094,29,0.095,31,0.103,40,0.122,31,0.085,43,0.102,40,0.096,31,0.096,21,0.086,11,0.048,9,0.048,5,0.039,15,0.125,3,0.057,5,0.159,0,0,2,0.104,0,0,0,0,6,0.04,9,0.037,30,0.112,24,0.094,30,0.114,27,0.089,23,0.067,30,0.089,26,0.073,41,0.107,32,0.077,34,0.084,46,0.138,42,0.164,23,0.099,17,0.077,8,0.038,11,0.062,3,0.031,5,0.072,4,0.07,3,0.083,3,0.115,0,0,5,0.072,21,0.198,27,0.17,36,0.151,24,0.081,44,0.134,46,0.124,53,0.128,41,0.099,26,0.072,25,0.068,34,0.09,27,0.08,23,0.086,22,0.092,11,0.044,7,0.037
Region 4,Region 17,13,0.109,6,0.119,2,0.068,2,0.095,1,0.056,2,0.063,2,0.023,15,0.08,28,0.085,55,0.152,16,0.055,17,0.064,24,0.084,31,0.101,12,0.04,11,0.033,21,0.056,16,0.036,27,0.062,20,0.061,16,0.065,19,0.087,16,0.09,6,0.052,11,0.118,5,0.118,1,0.04,1,0.054,1,0.054,2,0.06,6,0.073,9,0.05,30,0.099,39,0.12,16,0.059,18,0.069,13,0.047,13,0.043,12,0.04,10,0.03,18,0.05,16,0.038,19,0.045,29,0.089,14,0.057,23,0.101,15,0.08,8,0.062,15,0.125,11,0.21,5,0.159,1,0.044,2,0.104,2,0.064,2,0.027,9,0.06,14,0.058,19,0.071,19,0.075,24,0.091,11,0.036,19,0.055,15,0.044,23,0.065,23,0.06,14,0.034,22,0.054,26,0.078,19,0.074,25,0.107,20,0.091,26,0.124,30,0.168,27,0.279,18,0.258,24,0.421,15,0.414,3,0.115,3,0.079,1,0.014,9,0.085,14,0.088,23,0.097,21,0.071,17,0.052,36,0.097,25,0.061,44,0.107,27,0.074,29,0.079,39,0.103,26,0.077,17,0.064,26,0.109,27,0.107,15,0.079
Region 4,Region 18,0,0,0,0,1,0.034,2,0.095,0,0,0,0,0,0,0,0,0,0,0,0,3,0.01,0,0,0,0,2,0.006,0,0,0,0,1,0.003,1,0.002,2,0.005,1,0.003,2,0.008,1,0.005,1,0.006,0,0,0,0,1,0.024,0,0,2,0.109,0,0,0,0,1,0.012,0,0,0,0,0,0,1,0.004,0,0,1,0.004,1,0.003,0,0,0,0,0,0,1,0.002,4,0.01,1,0.003,2,0.008,0,0,1,0.005,0,0,1,0.008,1,0.019,1,0.032,0,0,1,0.052,0,0,0,0,0,0,1,0.004,0,0,0,0,0,0,1,0.003,0,0,0,0,2,0.006,0,0,3,0.007,0,0,1,0.003,1,0.004,0,0,2,0.009,0,0,1,0.006,1,0.01,1,0.014,2,0.035,1,0.028,0,0,0,0,1,0.014,0,0,1,0.006,1,0.004,1,0.003,1,0.003,1,0.003,1,0.002,0,0,0,0,2,0.005,2,0.005,2,0.006,0,0,1,0.004,1,0.004,0,0
Region 4,Region 19,0,0,0,0,0,0,0,0,0,0,0,0,0,0,0,0,0,0,1,0.003,0,0,0,0,2,0.007,0,0,1,0.003,2,0.006,1,0.003,4,0.009,2,0.005,0,0,0,0,0,0,0,0,3,0.026,1,0.011,0,0,1,0.04,0,0,0,0,0,0,0,0,0,0,0,0,0,0,0,0,0,0,1,0.004,0,0,2,0.007,3,0.009,0,0,0,0,0,0,1,0.003,2,0.008,2,0.009,0,0,0,0,2,0.017,0,0,1,0.032,0,0,0,0,0,0,0,0,1,0.007,1,0.004,1,0.004,0,0,2,0.008,1,0.003,1,0.003,0,0,3,0.008,0,0,1,0.002,0,0,3,0.009,0,0,0,0,1,0.005,0,0,1,0.006,0,0,3,0.043,1,0.018,0,0,0,0,0,0,0,0,0,0,1,0.006,1,0.004,1,0.003,3,0.009,0,0,1,0.002,1,0.002,4,0.011,0,0,0,0,1,0.003,1,0.004,1,0.004,1,0.004,0,0
Region 4,Region 20,4,0.034,3,0.06,0,0,0,0,0,0,0,0,2,0.023,3,0.016,3,0.009,9,0.025,8,0.028,7,0.027,9,0.031,9,0.029,2,0.007,4,0.012,5,0.013,5,0.011,9,0.021,13,0.04,9,0.037,5,0.023,6,0.034,3,0.026,6,0.064,1,0.024,0,0,0,0,1,0.054,1,0.03,1,0.012,2,0.011,10,0.033,14,0.043,12,0.044,6,0.023,4,0.015,10,0.033,8,0.026,9,0.027,10,0.028,6,0.014,8,0.019,9,0.028,5,0.02,9,0.04,6,0.032,1,0.008,3,0.025,3,0.057,0,0,1,0.044,1,0.052,0,0,2,0.027,9,0.06,8,0.033,7,0.026,7,0.028,10,0.038,7,0.023,7,0.02,3,0.009,6,0.017,3,0.008,8,0.019,8,0.02,7,0.021,6,0.023,8,0.034,11,0.05,6,0.029,5,0.028,6,0.062,5,0.072,10,0.175,0,0,0,0,0,0,2,0.029,4,0.038,4,0.025,3,0.013,3,0.01,10,0.031,9,0.024,11,0.027,13,0.032,8,0.022,9,0.025,11,0.029,6,0.018,10,0.037,11,0.046,12,0.048,12,0.063
Region 4,Region 21,4,0.034,1,0.02,1,0.034,1,0.047,0,0,0,0,2,0.023,4,0.021,8,0.024,6,0.017,13,0.045,15,0.057,21,0.073,25,0.081,24,0.079,28,0.085,28,0.074,33,0.075,37,0.085,22,0.067,26,0.106,12,0.055,19,0.107,8,0.069,5,0.053,0,0,0,0,1,0.054,0,0,0,0,1,0.012,4,0.022,8,0.026,14,0.043,11,0.041,17,0.066,22,0.08,18,0.059,24,0.079,24,0.073,22,0.061,35,0.083,38,0.091,41,0.126,28,0.114,21,0.093,8,0.043,5,0.039,6,0.05,3,0.057,3,0.095,0,0,0,0,2,0.064,2,0.027,2,0.013,9,0.037,22,0.082,9,0.035,13,0.049,13,0.043,15,0.044,32,0.095,25,0.071,20,0.052,19,0.046,27,0.066,21,0.063,21,0.082,18,0.077,13,0.059,11,0.052,8,0.045,7,0.072,9,0.129,6,0.105,1,0.028,0,0,0,0,1,0.014,4,0.038,11,0.069,19,0.08,19,0.064,20,0.061,29,0.078,23,0.056,27,0.065,22,0.061,26,0.071,24,0.063,17,0.051,25,0.094,15,0.063,10,0.04,1,0.005
Region 4,Region 22,1,0.008,0,0,0,0,0,0,1,0.056,0,0,0,0,1,0.005,1,0.003,2,0.006,2,0.007,0,0,3,0.01,3,0.01,5,0.016,4,0.012,2,0.005,6,0.014,3,0.007,5,0.015,6,0.024,2,0.009,1,0.006,0,0,0,0,1,0.024,0,0,0,0,0,0,0,0,0,0,0,0,0,0,1,0.003,1,0.004,2,0.008,5,0.018,1,0.003,2,0.007,4,0.012,2,0.006,3,0.007,6,0.014,4,0.012,5,0.02,1,0.004,1,0.005,0,0,1,0.008,0,0,1,0.032,0,0,0,0,0,0,0,0,2,0.013,3,0.012,4,0.015,4,0.016,2,0.008,1,0.003,2,0.006,3,0.009,1,0.003,2,0.005,2,0.005,4,0.01,2,0.006,0,0,4,0.017,1,0.005,1,0.005,1,0.006,2,0.021,0,0,1,0.018,5,0.138,0,0,0,0,0,0,1,0.009,0,0,3,0.013,2,0.007,3,0.009,4,0.011,3,0.007,3,0.007,4,0.011,2,0.005,2,0.005,3,0.009,3,0.011,0,0,1,0.004,0,0
Region 4,Region 23,2,0.017,1,0.02,1,0.034,1,0.047,0,0,0,0,8,0.094,8,0.043,24,0.073,13,0.036,12,0.042,9,0.034,16,0.056,11,0.036,9,0.03,15,0.046,16,0.043,17,0.039,14,0.032,13,0.04,11,0.045,15,0.069,8,0.045,7,0.061,2,0.021,4,0.095,3,0.119,0,0,1,0.054,1,0.03,4,0.048,8,0.045,13,0.043,12,0.037,11,0.041,12,0.046,12,0.044,10,0.033,11,0.036,16,0.049,13,0.036,21,0.05,22,0.053,9,0.028,4,0.016,16,0.071,11,0.059,8,0.062,5,0.042,4,0.077,1,0.032,2,0.089,3,0.155,1,0.032,7,0.094,9,0.06,10,0.041,4,0.015,9,0.035,10,0.038,8,0.026,26,0.076,21,0.062,18,0.051,12,0.031,18,0.043,10,0.025,15,0.045,12,0.047,7,0.03,7,0.032,7,0.033,10,0.056,8,0.083,8,0.115,19,0.333,5,0.138,1,0.038,4,0.105,4,0.058,9,0.085,6,0.038,13,0.055,16,0.054,20,0.061,15,0.04,12,0.029,19,0.046,13,0.036,9,0.025,12,0.032,13,0.039,12,0.045,19,0.079,8,0.032,9,0.047
Region 4,Region 24,0,0,0,0,0,0,0,0,0,0,1,0.031,1,0.012,2,0.011,1,0.003,2,0.006,2,0.007,3,0.011,4,0.014,4,0.013,5,0.016,1,0.003,5,0.013,5,0.011,9,0.021,4,0.012,4,0.016,2,0.009,1,0.006,0,0,0,0,0,0,0,0,0,0,0,0,2,0.06,0,0,1,0.006,2,0.007,1,0.003,5,0.018,2,0.008,4,0.015,0,0,5,0.017,3,0.009,5,0.014,6,0.014,4,0.01,9,0.028,3,0.012,1,0.004,1,0.005,3,0.023,0,0,0,0,0,0,0,0,0,0,0,0,2,0.027,0,0,1,0.004,5,0.019,2,0.008,5,0.019,3,0.01,3,0.009,4,0.012,6,0.017,8,0.021,6,0.014,6,0.015,2,0.006,4,0.016,3,0.013,2,0.009,2,0.01,1,0.006,1,0.01,0,0,0,0,0,0,2,0.076,0,0,0,0,1,0.009,1,0.006,5,0.021,5,0.017,1,0.003,12,0.032,5,0.012,3,0.007,6,0.017,6,0.016,4,0.011,4,0.012,4,0.015,1,0.004,3,0.012,2,0.011
Region 4,Region 25,0,0,0,0,0,0,0,0,0,0,0,0,0,0,0,0,3,0.009,4,0.011,4,0.014,0,0,2,0.007,3,0.01,1,0.003,2,0.006,1,0.003,5,0.011,2,0.005,3,0.009,4,0.016,2,0.009,1,0.006,2,0.017,2,0.021,4,0.095,0,0,1,0.054,0,0,0,0,1,0.012,1,0.006,3,0.01,2,0.006,5,0.018,4,0.015,1,0.004,1,0.003,3,0.01,1,0.003,2,0.006,2,0.005,3,0.007,1,0.003,2,0.008,1,0.004,4,0.021,1,0.008,4,0.033,2,0.038,0,0,0,0,1,0.052,0,0,1,0.013,1,0.007,4,0.016,4,0.015,3,0.012,0,0,0,0,2,0.006,5,0.015,4,0.011,0,0,2,0.005,1,0.002,4,0.012,1,0.004,4,0.017,6,0.027,2,0.01,2,0.011,1,0.01,1,0.014,2,0.035,1,0.028,0,0,0,0,0,0,0,0,3,0.019,1,0.004,2,0.007,0,0,4,0.011,1,0.002,2,0.005,3,0.008,1,0.003,3,0.008,2,0.006,0,0,1,0.004,0,0,5,0.026
Region 5,Region 0,21,0.176,10,0.198,17,0.575,2,0.095,4,0.222,16,0.5,35,0.409,77,0.412,183,0.556,162,0.448,142,0.492,101,0.382,106,0.37,112,0.364,143,0.472,145,0.44,150,0.398,147,0.334,121,0.278,99,0.302,80,0.325,71,0.324,99,0.558,39,0.339,21,0.224,11,0.26,7,0.277,4,0.218,7,0.379,17,0.509,37,0.448,89,0.499,168,0.556,155,0.477,118,0.436,126,0.486,124,0.451,149,0.488,147,0.486,158,0.481,166,0.457,197,0.467,226,0.54,123,0.379,85,0.347,60,0.265,67,0.357,51,0.396,23,0.191,19,0.363,8,0.254,1,0.044,5,0.259,12,0.383,23,0.31,99,0.657,154,0.635,131,0.488,117,0.46,121,0.46,129,0.423,173,0.504,171,0.507,177,0.499,184,0.482,244,0.586,220,0.541,111,0.333,76,0.298,65,0.279,61,0.276,58,0.276,45,0.252,23,0.238,8,0.115,6,0.105,8,0.221,9,0.344,10,0.263,27,0.389,38,0.359,58,0.365,82,0.345,115,0.386,150,0.458,145,0.39,162,0.393,168,0.407,140,0.386,132,0.361,158,0.416,118,0.351,92,0.345,79,0.33,69,0.274,58,0.305
Region 5,Region 1,4,0.034,0,0,0,0,0,0,0,0,0,0,3,0.035,8,0.043,15,0.046,11,0.03,13,0.045,9,0.034,15,0.052,9,0.029,10,0.033,10,0.03,12,0.032,15,0.034,25,0.057,21,0.064,13,0.053,10,0.046,12,0.068,8,0.069,6,0.064,0,0,0,0,0,0,0,0,0,0,0,0,3,0.017,4,0.013,10,0.031,13,0.048,10,0.039,10,0.036,12,0.039,12,0.04,14,0.043,12,0.033,9,0.021,13,0.031,16,0.049,13,0.053,10,0.044,12,0.064,5,0.039,2,0.017,3,0.057,0,0,0,0,0,0,0,0,0,0,3,0.02,4,0.016,9,0.034,9,0.035,10,0.038,14,0.046,17,0.05,21,0.062,9,0.025,10,0.026,12,0.029,12,0.029,22,0.066,30,0.117,20,0.086,22,0.1,11,0.052,16,0.09,4,0.041,0,0,3,0.053,1,0.028,0,0,0,0,1,0.014,8,0.075,6,0.038,6,0.025,12,0.04,18,0.055,13,0.035,14,0.034,14,0.034,14,0.039,27,0.074,22,0.058,13,0.039,16,0.06,16,0.067,19,0.076,9,0.047
Region 5,Region 2,2,0.017,1,0.02,0,0,0,0,0,0,2,0.063,4,0.047,2,0.011,6,0.018,10,0.028,7,0.024,4,0.015,4,0.014,2,0.006,0,0,3,0.009,1,0.003,4,0.009,8,0.018,5,0.015,2,0.008,4,0.018,5,0.028,3,0.026,3,0.032,1,0.024,0,0,0,0,0,0,0,0,0,0,2,0.011,8,0.026,12,0.037,9,0.033,7,0.027,3,0.011,1,0.003,3,0.01,4,0.012,6,0.017,6,0.014,8,0.019,3,0.009,8,0.033,5,0.022,3,0.016,3,0.023,4,0.033,3,0.057,0,0,1,0.044,0,0,0,0,3,0.04,2,0.013,2,0.008,6,0.022,5,0.02,9,0.034,10,0.033,14,0.041,8,0.024,9,0.025,8,0.021,11,0.026,17,0.042,25,0.075,2,0.008,4,0.017,6,0.027,3,0.014,3,0.017,0,0,0,0,2,0.035,0,0,0,0,1,0.026,1,0.014,2,0.019,2,0.013,3,0.013,12,0.04,8,0.024,11,0.03,10,0.024,7,0.017,16,0.044,29,0.079,32,0.084,5,0.015,5,0.019,7,0.029,7,0.028,3,0.016
Region 5,Region 3,4,0.034,1,0.02,4,0.135,0,0,1,0.056,0,0,2,0.023,6,0.032,7,0.021,14,0.039,12,0.042,17,0.064,10,0.035,23,0.075,19,0.063,13,0.039,16,0.043,17,0.039,19,0.044,22,0.067,18,0.073,13,0.059,6,0.034,11,0.096,4,0.043,1,0.024,1,0.04,1,0.054,0,0,0,0,1,0.012,8,0.045,11,0.036,13,0.04,19,0.07,13,0.05,10,0.036,12,0.039,14,0.046,12,0.037,29,0.08,24,0.057,14,0.033,17,0.052,23,0.094,14,0.062,8,0.043,7,0.054,4,0.033,0,0,0,0,0,0,0,0,2,0.064,1,0.013,3,0.02,4,0.016,7,0.026,16,0.063,16,0.061,12,0.039,11,0.032,23,0.068,17,0.048,15,0.039,31,0.074,23,0.057,20,0.06,13,0.051,8,0.034,11,0.05,20,0.095,11,0.062,2,0.021,1,0.014,2,0.035,1,0.028,1,0.038,2,0.053,3,0.043,3,0.028,10,0.063,12,0.05,16,0.054,22,0.067,22,0.059,20,0.048,21,0.051,16,0.044,23,0.063,17,0.045,13,0.039,18,0.067,13,0.054,7,0.028,9,0.047
Region 5,Region 4,3,0.025,0,0,0,0,1,0.047,1,0.056,1,0.031,1,0.012,3,0.016,6,0.018,10,0.028,13,0.045,18,0.068,10,0.035,13,0.042,8,0.026,15,0.046,25,0.066,24,0.055,21,0.048,22,0.067,18,0.073,15,0.069,14,0.079,13,0.113,1,0.011,2,0.047,2,0.079,2,0.109,2,0.108,0,0,3,0.036,7,0.039,12,0.04,16,0.049,23,0.085,17,0.066,15,0.054,17,0.056,12,0.04,15,0.046,15,0.041,23,0.055,28,0.067,27,0.083,19,0.078,20,0.088,19,0.101,9,0.07,5,0.042,2,0.038,1,0.032,2,0.089,1,0.052,1,0.032,1,0.013,2,0.013,9,0.037,14,0.052,7,0.028,8,0.03,12,0.039,8,0.023,13,0.039,18,0.051,20,0.052,16,0.038,16,0.039,25,0.075,18,0.07,17,0.073,21,0.095,11,0.052,11,0.062,6,0.062,0,0,1,0.018,2,0.055,1,0.038,0,0,2,0.029,13,0.123,5,0.031,12,0.05,13,0.044,21,0.064,17,0.046,26,0.063,20,0.048,30,0.083,25,0.068,31,0.082,19,0.057,11,0.041,16,0.067,12,0.048,20,0.105
Region 5,Region 5,361,3.027,166,3.295,87,2.944,67,3.168,96,5.333,153,4.784,513,5.996,1057,5.658,1647,5.004,1851,5.12,1685,5.837,1597,6.047,1881,6.559,1893,6.15,1767,5.827,1782,5.408,1871,4.97,2234,5.075,2298,5.283,1804,5.501,1287,5.223,1243,5.68,1037,5.845,520,4.515,385,4.113,186,4.399,86,3.405,46,2.503,68,3.686,201,6.023,498,6.036,1061,5.948,1562,5.167,1711,5.264,1563,5.773,1788,6.895,1878,6.823,2004,6.567,1882,6.228,1844,5.619,1987,5.471,2181,5.175,2283,5.451,1800,5.548,1319,5.382,1133,4.995,903,4.811,603,4.685,470,3.907,213,4.074,91,2.891,51,2.268,71,3.675,207,6.609,481,6.481,1007,6.683,1582,6.523,1592,5.928,1545,6.079,1704,6.48,1904,6.249,2146,6.256,2012,5.964,1993,5.624,1968,5.159,2164,5.193,2233,5.489,1701,5.105,1246,4.88,1163,4.991,947,4.29,626,2.981,526,2.947,271,2.8,162,2.319,87,1.525,93,2.566,145,5.539,238,6.262,383,5.514,580,5.473,920,5.791,1243,5.229,1718,5.771,2047,6.257,2197,5.904,2078,5.036,2082,5.048,2091,5.761,2028,5.544,1874,4.935,1507,4.488,1269,4.758,1116,4.661,909,3.613,629,3.309
Region 5,Region 6,2,0.017,3,0.06,0,0,0,0,0,0,0,0,3,0.035,3,0.016,0,0,4,0.011,4,0.014,9,0.034,6,0.021,9,0.029,13,0.043,5,0.015,4,0.011,4,0.009,14,0.032,14,0.043,9,0.037,3,0.014,6,0.034,3,0.026,2,0.021,0,0,1,0.04,0,0,0,0,0,0,1,0.012,3,0.017,4,0.013,4,0.012,1,0.004,7,0.027,6,0.022,2,0.007,9,0.03,11,0.034,5,0.014,6,0.014,4,0.01,10,0.031,6,0.024,8,0.035,10,0.053,2,0.016,1,0.008,1,0.019,1,0.032,0,0,1,0.052,1,0.032,1,0.013,5,0.033,10,0.041,9,0.034,4,0.016,5,0.019,4,0.013,5,0.015,4,0.012,7,0.02,7,0.018,6,0.014,6,0.015,10,0.03,11,0.043,11,0.047,6,0.027,4,0.019,4,0.022,5,0.052,2,0.029,1,0.018,1,0.028,1,0.038,2,0.053,2,0.029,0,0,3,0.019,6,0.025,7,0.024,5,0.015,9,0.024,7,0.017,10,0.024,11,0.03,14,0.038,14,0.037,14,0.042,11,0.041,4,0.017,5,0.02,2,0.011
Region 5,Region 7,22,0.184,7,0.139,9,0.305,3,0.142,6,0.333,12,0.375,24,0.281,72,0.385,84,0.255,91,0.252,81,0.281,79,0.299,85,0.296,74,0.24,74,0.244,96,0.291,62,0.165,60,0.136,82,0.189,94,0.287,57,0.231,55,0.251,37,0.209,32,0.278,18,0.192,11,0.26,6,0.238,5,0.272,6,0.325,7,0.21,25,0.303,90,0.505,106,0.351,73,0.225,72,0.266,63,0.243,59,0.214,86,0.282,79,0.261,85,0.259,61,0.168,51,0.121,62,0.148,71,0.219,64,0.261,42,0.185,43,0.229,31,0.241,24,0.199,11,0.21,7,0.222,4,0.178,5,0.259,9,0.287,27,0.364,65,0.431,70,0.289,76,0.283,77,0.303,67,0.255,70,0.23,77,0.224,92,0.273,74,0.209,69,0.181,82,0.197,102,0.251,106,0.318,45,0.176,58,0.249,53,0.24,40,0.19,30,0.168,17,0.176,14,0.2,5,0.088,1,0.028,5,0.191,12,0.316,34,0.489,19,0.179,40,0.252,38,0.16,60,0.202,63,0.193,77,0.207,93,0.225,110,0.267,84,0.231,71,0.194,87,0.229,77,0.229,77,0.289,65,0.271,43,0.171,45,0.237
Region 5,Region 8,27,0.226,10,0.198,4,0.135,3,0.142,2,0.111,14,0.438,28,0.327,61,0.327,82,0.249,77,0.213,102,0.353,110,0.417,107,0.373,119,0.387,87,0.287,70,0.212,65,0.173,59,0.134,61,0.14,65,0.198,56,0.227,48,0.219,40,0.225,28,0.243,19,0.203,6,0.142,2,0.079,4,0.218,4,0.217,13,0.39,34,0.412,58,0.325,69,0.228,83,0.255,89,0.329,111,0.428,115,0.418,115,0.377,106,0.351,77,0.235,57,0.157,43,0.102,50,0.119,55,0.17,55,0.224,43,0.19,28,0.149,18,0.14,23,0.191,13,0.249,14,0.445,2,0.089,5,0.259,15,0.479,32,0.431,59,0.392,72,0.297,63,0.235,97,0.382,101,0.384,82,0.269,83,0.242,110,0.326,107,0.302,61,0.16,63,0.151,77,0.189,84,0.252,50,0.196,56,0.24,51,0.231,44,0.209,35,0.196,24,0.248,13,0.186,3,0.053,7,0.193,8,0.306,10,0.263,27,0.389,33,0.311,52,0.327,95,0.4,112,0.376,138,0.422,137,0.368,134,0.325,82,0.199,94,0.259,90,0.246,109,0.287,78,0.232,67,0.251,62,0.259,75,0.298,47,0.247
Region 5,Region 9,3,0.025,2,0.04,0,0,0,0,1,0.056,4,0.125,4,0.047,10,0.054,17,0.052,20,0.055,28,0.097,27,0.102,28,0.098,31,0.101,26,0.086,31,0.094,28,0.074,38,0.086,45,0.103,25,0.076,19,0.077,16,0.073,17,0.096,8,0.069,7,0.075,2,0.047,3,0.119,2,0.109,1,0.054,2,0.06,4,0.048,7,0.039,15,0.05,19,0.058,22,0.081,22,0.085,32,0.116,23,0.075,29,0.096,29,0.088,29,0.08,34,0.081,35,0.084,23,0.071,12,0.049,18,0.079,24,0.128,14,0.109,10,0.083,1,0.019,0,0,1,0.044,0,0,2,0.064,3,0.04,7,0.046,13,0.054,13,0.048,24,0.094,22,0.084,38,0.125,36,0.105,36,0.107,25,0.071,39,0.102,29,0.07,41,0.101,31,0.093,7,0.027,11,0.047,12,0.054,10,0.048,5,0.028,0,0,3,0.043,1,0.018,2,0.055,2,0.076,4,0.105,8,0.115,11,0.104,14,0.088,15,0.063,34,0.114,48,0.147,40,0.108,35,0.085,27,0.065,24,0.066,32,0.087,19,0.05,19,0.057,22,0.082,19,0.079,17,0.068,6,0.032
Region 5,Region 10,28,0.235,14,0.278,8,0.271,10,0.473,15,0.833,20,0.625,64,0.748,143,0.765,144,0.438,108,0.299,122,0.423,156,0.591,138,0.481,113,0.367,128,0.422,132,0.401,115,0.305,119,0.27,121,0.278,97,0.296,106,0.43,113,0.516,98,0.552,52,0.452,32,0.342,18,0.426,14,0.554,17,0.925,9,0.488,19,0.569,58,0.703,125,0.701,146,0.483,107,0.329,137,0.506,159,0.613,143,0.52,129,0.423,115,0.381,135,0.411,90,0.248,117,0.278,112,0.267,103,0.317,106,0.432,118,0.52,82,0.437,50,0.388,41,0.341,16,0.306,8,0.254,20,0.889,18,0.932,18,0.575,54,0.728,130,0.863,140,0.577,152,0.566,171,0.673,169,0.643,153,0.502,130,0.379,120,0.356,133,0.375,125,0.328,149,0.358,124,0.305,146,0.438,142,0.556,121,0.519,90,0.408,61,0.29,52,0.291,34,0.351,17,0.243,7,0.123,9,0.248,15,0.573,20,0.526,60,0.864,98,0.925,108,0.68,130,0.547,145,0.487,139,0.425,124,0.333,108,0.262,116,0.281,134,0.369,148,0.405,157,0.413,124,0.369,90,0.337,79,0.33,74,0.294,82,0.431
Region 5,Region 11,0,0,0,0,0,0,0,0,1,0.056,0,0,1,0.012,1,0.005,3,0.009,1,0.003,1,0.003,0,0,1,0.003,0,0,1,0.003,1,0.003,1,0.003,0,0,1,0.002,1,0.003,1,0.004,3,0.014,3,0.017,0,0,1,0.011,2,0.047,1,0.04,0,0,0,0,1,0.03,0,0,1,0.006,0,0,0,0,1,0.004,1,0.004,1,0.004,1,0.003,3,0.01,1,0.003,3,0.008,6,0.014,2,0.005,3,0.009,0,0,3,0.013,2,0.011,0,0,0,0,0,0,0,0,0,0,0,0,0,0,0,0,2,0.013,3,0.012,3,0.011,3,0.012,1,0.004,2,0.007,4,0.012,4,0.012,3,0.008,1,0.003,3,0.007,4,0.01,4,0.012,1,0.004,2,0.009,2,0.009,1,0.005,4,0.022,4,0.041,0,0,0,0,0,0,0,0,0,0,0,0,1,0.009,0,0,0,0,0,0,2,0.006,1,0.003,1,0.002,1,0.002,1,0.003,2,0.005,3,0.008,2,0.006,2,0.007,0,0,2,0.008,1,0.005
Region 5,Region 12,7,0.059,1,0.02,1,0.034,2,0.095,1,0.056,3,0.094,6,0.07,23,0.123,14,0.043,21,0.058,19,0.066,21,0.08,22,0.077,16,0.052,15,0.049,24,0.073,20,0.053,23,0.052,19,0.044,16,0.049,10,0.041,13,0.059,9,0.051,9,0.078,11,0.118,1,0.024,2,0.079,0,0,2,0.108,0,0,7,0.085,24,0.135,19,0.063,22,0.068,25,0.092,19,0.073,20,0.073,24,0.079,26,0.086,20,0.061,7,0.019,14,0.033,23,0.055,16,0.049,10,0.041,10,0.044,10,0.053,9,0.07,9,0.075,4,0.077,1,0.032,1,0.044,1,0.052,2,0.064,8,0.108,20,0.133,15,0.062,16,0.06,17,0.067,17,0.065,22,0.072,13,0.038,15,0.044,21,0.059,9,0.024,20,0.048,23,0.057,25,0.075,24,0.094,16,0.069,17,0.077,6,0.029,4,0.022,5,0.052,4,0.057,3,0.053,2,0.055,1,0.038,7,0.184,19,0.274,5,0.047,13,0.082,7,0.029,18,0.06,10,0.031,18,0.048,17,0.041,20,0.048,19,0.052,17,0.046,16,0.042,14,0.042,12,0.045,15,0.063,11,0.044,8,0.042
Region 5,Region 13,8,0.067,2,0.04,1,0.034,1,0.047,0,0,0,0,2,0.023,0,0,9,0.027,11,0.03,15,0.052,9,0.034,10,0.035,8,0.026,17,0.056,12,0.036,12,0.032,11,0.025,19,0.044,20,0.061,12,0.049,12,0.055,10,0.056,12,0.104,4,0.043,5,0.118,0,0,1,0.054,1,0.054,1,0.03,1,0.012,4,0.022,12,0.04,13,0.04,14,0.052,11,0.042,5,0.018,9,0.029,9,0.03,9,0.027,9,0.025,11,0.026,14,0.033,16,0.049,15,0.061,8,0.035,10,0.053,4,0.031,7,0.058,2,0.038,0,0,1,0.044,1,0.052,0,0,1,0.013,3,0.02,8,0.033,7,0.026,16,0.063,13,0.049,22,0.072,10,0.029,11,0.033,18,0.051,15,0.039,13,0.031,16,0.039,10,0.03,15,0.059,14,0.06,20,0.091,17,0.081,14,0.078,7,0.072,5,0.072,2,0.035,0,0,2,0.076,0,0,1,0.014,5,0.047,5,0.031,10,0.042,16,0.054,15,0.046,10,0.027,16,0.039,18,0.044,16,0.044,13,0.036,22,0.058,12,0.036,11,0.041,14,0.058,16,0.064,15,0.079
Region 5,Region 14,18,0.151,16,0.318,12,0.406,5,0.236,3,0.167,6,0.188,13,0.152,27,0.145,52,0.158,72,0.199,76,0.263,82,0.311,80,0.279,94,0.305,96,0.317,80,0.243,91,0.242,116,0.264,113,0.26,107,0.326,79,0.321,53,0.242,57,0.321,27,0.234,16,0.171,6,0.142,3,0.119,3,0.163,4,0.217,4,0.12,11,0.133,27,0.151,41,0.136,64,0.197,80,0.296,71,0.274,77,0.28,97,0.318,100,0.331,89,0.271,92,0.253,118,0.28,112,0.267,98,0.302,87,0.355,65,0.287,44,0.234,32,0.249,25,0.208,17,0.325,9,0.286,6,0.267,3,0.155,3,0.096,7,0.094,23,0.153,34,0.14,73,0.272,78,0.307,73,0.278,95,0.312,84,0.245,88,0.261,89,0.251,89,0.233,113,0.271,108,0.265,94,0.282,63,0.247,65,0.279,42,0.19,38,0.181,35,0.196,19,0.196,9,0.129,9,0.158,10,0.276,9,0.344,11,0.289,9,0.13,26,0.245,43,0.271,62,0.261,79,0.265,77,0.235,72,0.194,94,0.228,81,0.196,80,0.22,84,0.23,77,0.203,76,0.226,62,0.232,39,0.163,50,0.199,51,0.268
Region 5,Region 15,0,0,1,0.02,0,0,0,0,0,0,1,0.031,2,0.023,1,0.005,3,0.009,2,0.006,0,0,0,0,1,0.003,4,0.013,3,0.01,3,0.009,4,0.011,1,0.002,2,0.005,3,0.009,2,0.008,1,0.005,0,0,2,0.017,0,0,0,0,0,0,0,0,0,0,0,0,1,0.012,3,0.017,3,0.01,2,0.006,3,0.011,2,0.008,1,0.004,3,0.01,0,0,3,0.009,4,0.011,4,0.009,3,0.007,4,0.012,5,0.02,1,0.004,3,0.016,2,0.016,0,0,0,0,0,0,0,0,0,0,0,0,1,0.013,6,0.04,7,0.029,4,0.015,2,0.008,1,0.004,4,0.013,3,0.009,6,0.018,6,0.017,2,0.005,5,0.012,1,0.002,4,0.012,2,0.008,0,0,2,0.009,1,0.005,0,0,2,0.021,1,0.014,0,0,0,0,0,0,1,0.026,0,0,0,0,3,0.019,3,0.013,2,0.007,0,0,3,0.008,4,0.01,5,0.012,6,0.017,9,0.025,9,0.024,5,0.015,4,0.015,3,0.013,0,0,0,0
Region 5,Region 16,19,0.159,9,0.179,4,0.135,2,0.095,1,0.056,2,0.063,8,0.094,32,0.171,53,0.161,83,0.23,103,0.357,93,0.352,110,0.384,117,0.38,103,0.34,105,0.319,120,0.319,159,0.361,173,0.398,135,0.412,111,0.45,84,0.384,63,0.355,35,0.304,33,0.353,5,0.118,6,0.238,3,0.163,3,0.163,5,0.15,12,0.145,33,0.185,58,0.192,73,0.225,98,0.362,106,0.409,106,0.385,130,0.426,97,0.321,95,0.289,110,0.303,137,0.325,162,0.387,154,0.475,105,0.428,96,0.423,59,0.314,39,0.303,26,0.216,10,0.191,4,0.127,2,0.089,1,0.052,5,0.16,15,0.202,40,0.265,63,0.26,88,0.328,95,0.374,106,0.403,122,0.4,125,0.364,111,0.329,107,0.302,110,0.288,138,0.331,167,0.411,155,0.465,103,0.403,70,0.3,49,0.222,53,0.252,38,0.213,14,0.145,2,0.029,3,0.053,4,0.11,2,0.076,8,0.21,61,0.878,123,1.161,80,0.504,79,0.332,113,0.38,170,0.52,145,0.39,153,0.371,161,0.39,163,0.449,166,0.454,160,0.421,137,0.408,120,0.45,81,0.338,55,0.219,34,0.179
Region 5,Region 17,11,0.092,9,0.179,6,0.203,3,0.142,6,0.333,7,0.219,23,0.269,91,0.487,202,0.614,145,0.401,74,0.256,66,0.25,53,0.185,51,0.166,58,0.191,46,0.14,35,0.093,45,0.102,72,0.166,68,0.207,41,0.166,51,0.233,64,0.361,24,0.208,15,0.16,6,0.142,6,0.238,4,0.218,7,0.379,9,0.27,24,0.291,93,0.521,157,0.519,121,0.372,76,0.281,65,0.251,52,0.189,41,0.134,59,0.195,44,0.134,23,0.063,37,0.088,39,0.093,57,0.176,49,0.2,32,0.141,32,0.17,23,0.179,18,0.15,9,0.172,7,0.222,7,0.311,7,0.362,2,0.064,13,0.175,60,0.398,104,0.429,92,0.343,78,0.307,48,0.183,65,0.213,67,0.195,47,0.139,69,0.195,51,0.134,69,0.166,91,0.224,83,0.249,46,0.18,48,0.206,52,0.236,43,0.205,36,0.202,11,0.114,7,0.1,10,0.175,3,0.083,3,0.115,8,0.21,19,0.274,36,0.34,42,0.264,78,0.328,134,0.45,180,0.55,268,0.72,446,1.081,310,0.752,82,0.226,88,0.241,94,0.248,76,0.226,45,0.169,41,0.171,39,0.155,38,0.2
Region 5,Region 18,0,0,0,0,0,0,0,0,0,0,0,0,0,0,0,0,1,0.003,1,0.003,0,0,1,0.004,1,0.003,0,0,1,0.003,0,0,0,0,0,0,1,0.002,1,0.003,2,0.008,1,0.005,0,0,0,0,2,0.021,2,0.047,2,0.079,2,0.109,0,0,0,0,1,0.012,0,0,0,0,0,0,1,0.004,1,0.004,0,0,0,0,1,0.003,0,0,2,0.006,4,0.009,1,0.002,2,0.006,0,0,2,0.009,2,0.011,0,0,0,0,0,0,0,0,0,0,0,0,0,0,0,0,1,0.007,2,0.008,1,0.004,0,0,0,0,0,0,0,0,1,0.003,0,0,0,0,0,0,0,0,1,0.003,1,0.004,0,0,0,0,0,0,0,0,0,0,0,0,0,0,0,0,1,0.038,0,0,0,0,0,0,0,0,0,0,0,0,0,0,1,0.003,1,0.002,0,0,0,0,1,0.003,1,0.003,0,0,0,0,0,0,1,0.004,1,0.005
Region 5,Region 19,2,0.017,0,0,0,0,0,0,0,0,0,0,1,0.012,0,0,0,0,0,0,1,0.003,1,0.004,4,0.014,1,0.003,0,0,0,0,5,0.013,5,0.011,3,0.007,1,0.003,6,0.024,4,0.018,2,0.011,3,0.026,0,0,0,0,0,0,0,0,0,0,1,0.03,2,0.024,2,0.011,3,0.01,0,0,5,0.018,7,0.027,1,0.004,2,0.007,2,0.007,4,0.012,3,0.008,2,0.005,3,0.007,5,0.015,5,0.02,2,0.009,0,0,2,0.016,2,0.017,2,0.038,0,0,0,0,0,0,0,0,3,0.04,0,0,2,0.008,1,0.004,1,0.004,1,0.004,4,0.013,3,0.009,6,0.018,3,0.008,5,0.013,8,0.019,5,0.012,4,0.012,3,0.012,1,0.004,1,0.005,3,0.014,1,0.006,1,0.01,1,0.014,0,0,1,0.028,0,0,0,0,0,0,0,0,1,0.006,3,0.013,2,0.007,6,0.018,5,0.013,2,0.005,1,0.002,3,0.008,4,0.011,5,0.013,1,0.003,6,0.022,1,0.004,1,0.004,1,0.005
Region 5,Region 20,12,0.101,1,0.02,0,0,1,0.047,4,0.222,15,0.469,23,0.269,68,0.364,77,0.234,56,0.155,36,0.125,38,0.144,53,0.185,49,0.159,33,0.109,31,0.094,33,0.088,42,0.095,40,0.092,44,0.134,28,0.114,37,0.169,26,0.147,21,0.182,13,0.139,6,0.142,4,0.158,2,0.109,2,0.108,9,0.27,26,0.315,72,0.404,67,0.222,68,0.209,63,0.233,52,0.201,54,0.196,35,0.115,36,0.119,26,0.079,20,0.055,26,0.062,37,0.088,42,0.129,38,0.155,37,0.163,27,0.144,20,0.155,17,0.141,1,0.019,2,0.064,4,0.178,0,0,9,0.287,21,0.283,64,0.425,80,0.33,72,0.268,51,0.201,60,0.228,41,0.135,41,0.12,43,0.127,21,0.059,27,0.071,35,0.084,28,0.069,44,0.132,29,0.114,33,0.142,29,0.131,16,0.076,19,0.106,14,0.145,7,0.1,3,0.053,3,0.083,4,0.153,5,0.132,24,0.346,18,0.17,30,0.189,23,0.097,29,0.097,43,0.131,53,0.142,48,0.116,32,0.078,29,0.08,42,0.115,37,0.097,28,0.083,34,0.127,36,0.15,43,0.171,46,0.242
Region 5,Region 21,9,0.075,5,0.099,1,0.034,4,0.189,1,0.056,1,0.031,5,0.058,10,0.054,25,0.076,38,0.105,40,0.139,41,0.155,40,0.139,34,0.11,40,0.132,35,0.106,43,0.114,62,0.141,56,0.129,57,0.174,44,0.179,30,0.137,26,0.147,19,0.165,14,0.15,4,0.095,3,0.119,0,0,2,0.108,1,0.03,7,0.085,11,0.062,29,0.096,29,0.089,30,0.111,38,0.147,42,0.153,34,0.111,43,0.142,42,0.128,48,0.132,44,0.104,60,0.143,58,0.179,46,0.188,38,0.168,25,0.133,7,0.054,16,0.133,7,0.134,3,0.095,5,0.222,3,0.155,1,0.032,4,0.054,12,0.08,22,0.091,36,0.134,31,0.122,34,0.129,35,0.115,38,0.111,50,0.148,52,0.147,57,0.149,49,0.118,53,0.13,51,0.153,41,0.161,33,0.142,35,0.159,18,0.086,17,0.095,7,0.072,5,0.072,3,0.053,2,0.055,1,0.038,1,0.026,8,0.115,15,0.142,22,0.138,38,0.16,39,0.131,52,0.159,57,0.153,67,0.162,60,0.145,55,0.152,59,0.161,46,0.121,40,0.119,41,0.154,37,0.155,28,0.111,24,0.126
Region 5,Region 22,0,0,1,0.02,1,0.034,1,0.047,0,0,1,0.031,2,0.023,5,0.027,6,0.018,7,0.019,8,0.028,8,0.03,11,0.038,4,0.013,10,0.033,6,0.018,9,0.024,13,0.03,12,0.028,10,0.03,3,0.012,5,0.023,5,0.028,5,0.043,1,0.011,0,0,1,0.04,0,0,0,0,2,0.06,0,0,2,0.011,3,0.01,7,0.022,7,0.026,8,0.031,4,0.015,11,0.036,8,0.026,14,0.043,7,0.019,9,0.021,19,0.045,14,0.043,5,0.02,6,0.026,3,0.016,3,0.023,1,0.008,0,0,2,0.064,0,0,0,0,3,0.096,1,0.013,0,0,7,0.029,10,0.037,8,0.031,6,0.023,11,0.036,6,0.017,10,0.03,8,0.023,6,0.016,10,0.024,5,0.012,10,0.03,7,0.027,4,0.017,7,0.032,3,0.014,3,0.017,1,0.01,2,0.029,1,0.018,1,0.028,0,0,0,0,3,0.043,4,0.038,2,0.013,5,0.021,6,0.02,11,0.034,13,0.035,13,0.032,9,0.022,6,0.017,13,0.036,10,0.026,11,0.033,8,0.03,3,0.013,6,0.024,2,0.011
Region 5,Region 23,11,0.092,4,0.079,0,0,0,0,0,0,0,0,1,0.012,3,0.016,3,0.009,5,0.014,7,0.024,12,0.045,11,0.038,3,0.01,4,0.013,4,0.012,11,0.029,11,0.025,12,0.028,8,0.024,4,0.016,3,0.014,6,0.034,2,0.017,3,0.032,3,0.071,2,0.079,0,0,1,0.054,0,0,0,0,1,0.006,3,0.01,4,0.012,6,0.022,8,0.031,6,0.022,6,0.02,8,0.026,8,0.024,6,0.017,11,0.026,5,0.012,7,0.022,3,0.012,9,0.04,5,0.027,3,0.023,2,0.017,3,0.057,0,0,2,0.089,1,0.052,1,0.032,0,0,4,0.027,4,0.016,10,0.037,7,0.028,11,0.042,7,0.023,4,0.012,11,0.033,8,0.023,12,0.031,10,0.024,11,0.027,12,0.036,5,0.02,6,0.026,5,0.023,4,0.019,4,0.022,4,0.041,2,0.029,2,0.035,0,0,1,0.038,4,0.105,4,0.058,8,0.075,7,0.044,5,0.021,6,0.02,16,0.049,7,0.019,15,0.036,12,0.029,11,0.03,12,0.033,4,0.011,7,0.021,4,0.015,3,0.013,7,0.028,8,0.042
Region 5,Region 24,3,0.025,2,0.04,1,0.034,0,0,1,0.056,0,0,1,0.012,7,0.037,14,0.043,30,0.083,32,0.111,27,0.102,32,0.112,32,0.104,24,0.079,32,0.097,37,0.098,61,0.139,55,0.126,45,0.137,29,0.118,26,0.119,15,0.085,10,0.087,4,0.043,1,0.024,1,0.04,1,0.054,2,0.108,1,0.03,2,0.024,25,0.14,17,0.056,24,0.074,26,0.096,31,0.12,42,0.153,47,0.154,49,0.162,33,0.101,39,0.107,65,0.154,73,0.174,50,0.154,47,0.192,25,0.11,23,0.123,16,0.124,12,0.1,5,0.096,0,0,0,0,1,0.052,3,0.096,1,0.013,11,0.073,14,0.058,23,0.086,32,0.126,45,0.171,45,0.148,37,0.108,40,0.119,41,0.116,45,0.118,37,0.089,40,0.098,37,0.111,37,0.145,19,0.082,24,0.109,13,0.062,14,0.078,4,0.041,4,0.057,5,0.088,4,0.11,3,0.115,4,0.105,7,0.101,17,0.16,22,0.138,28,0.118,42,0.141,39,0.119,53,0.142,49,0.119,38,0.092,38,0.105,47,0.128,35,0.092,29,0.086,33,0.124,16,0.067,32,0.127,14,0.074
Region 5,Region 25,0,0,1,0.02,1,0.034,1,0.047,0,0,0,0,1,0.012,2,0.011,2,0.006,3,0.008,2,0.007,2,0.008,2,0.007,3,0.01,3,0.01,1,0.003,0,0,3,0.007,3,0.007,4,0.012,2,0.008,1,0.005,0,0,0,0,1,0.011,1,0.024,0,0,0,0,1,0.054,0,0,0,0,0,0,3,0.01,2,0.006,4,0.015,1,0.004,6,0.022,6,0.02,5,0.017,1,0.003,2,0.006,2,0.005,0,0,0,0,1,0.004,3,0.013,2,0.011,0,0,0,0,1,0.019,0,0,0,0,1,0.052,2,0.064,0,0,1,0.007,2,0.008,2,0.007,1,0.004,1,0.004,1,0.003,0,0,0,0,1,0.003,2,0.005,4,0.01,4,0.01,0,0,2,0.008,2,0.009,3,0.014,0,0,0,0,1,0.01,0,0,1,0.018,0,0,1,0.038,0,0,2,0.029,0,0,2,0.013,1,0.004,1,0.003,0,0,2,0.005,1,0.002,1,0.002,3,0.008,0,0,3,0.008,2,0.006,3,0.011,0,0,3,0.012,1,0.005
Region 6,Region 0,2,0.017,1,0.02,0,0,0,0,0,0,0,0,3,0.035,5,0.027,15,0.046,10,0.028,6,0.021,6,0.023,7,0.024,3,0.01,5,0.016,5,0.015,9,0.024,12,0.027,9,0.021,9,0.027,6,0.024,8,0.037,9,0.051,4,0.035,2,0.021,1,0.024,0,0,0,0,1,0.054,0,0,1,0.012,1,0.006,20,0.066,8,0.025,13,0.048,7,0.027,5,0.018,7,0.023,8,0.026,5,0.015,6,0.017,8,0.019,6,0.014,10,0.031,9,0.037,7,0.031,5,0.027,3,0.023,2,0.017,1,0.019,0,0,0,0,0,0,1,0.032,4,0.054,4,0.027,13,0.054,19,0.071,10,0.039,7,0.027,11,0.036,7,0.02,9,0.027,8,0.023,10,0.026,11,0.026,10,0.025,8,0.024,7,0.027,6,0.026,7,0.032,6,0.029,2,0.011,4,0.041,2,0.029,1,0.018,0,0,0,0,2,0.053,3,0.043,1,0.009,6,0.038,12,0.05,7,0.024,10,0.031,10,0.027,7,0.017,10,0.024,9,0.025,6,0.016,6,0.016,7,0.021,11,0.041,10,0.042,10,0.04,5,0.026
Region 6,Region 1,7,0.059,6,0.119,0,0,1,0.047,0,0,0,0,4,0.047,12,0.064,22,0.067,42,0.116,24,0.083,27,0.102,34,0.119,40,0.13,44,0.145,36,0.109,25,0.066,45,0.102,66,0.152,45,0.137,38,0.154,52,0.238,40,0.225,8,0.069,10,0.107,3,0.071,0,0,2,0.109,0,0,2,0.06,7,0.085,16,0.09,24,0.079,31,0.095,36,0.133,23,0.089,21,0.076,33,0.108,33,0.109,30,0.091,35,0.096,35,0.083,55,0.131,52,0.16,56,0.228,34,0.15,38,0.202,13,0.101,12,0.1,8,0.153,11,0.349,2,0.089,0,0,0,0,3,0.04,6,0.04,17,0.07,35,0.13,25,0.098,17,0.065,30,0.098,42,0.122,33,0.098,33,0.093,37,0.097,51,0.122,61,0.15,61,0.183,61,0.239,48,0.206,58,0.263,34,0.162,31,0.174,25,0.258,25,0.358,11,0.193,6,0.166,2,0.076,3,0.079,4,0.058,10,0.094,27,0.17,31,0.13,43,0.144,44,0.134,43,0.116,47,0.114,61,0.148,38,0.105,56,0.153,44,0.116,55,0.164,47,0.176,36,0.15,42,0.167,40,0.21
Region 6,Region 2,0,0,1,0.02,1,0.034,1,0.047,1,0.056,0,0,2,0.023,5,0.027,19,0.058,15,0.041,12,0.042,6,0.023,8,0.028,5,0.016,3,0.01,9,0.027,6,0.016,12,0.027,9,0.021,10,0.03,8,0.032,5,0.023,5,0.028,2,0.017,3,0.032,1,0.024,2,0.079,0,0,1,0.054,0,0,2,0.024,7,0.039,13,0.043,19,0.058,11,0.041,12,0.046,5,0.018,7,0.023,8,0.026,9,0.027,13,0.036,10,0.024,7,0.017,11,0.034,7,0.029,8,0.035,4,0.021,4,0.031,2,0.017,2,0.038,0,0,0,0,0,0,0,0,1,0.013,4,0.027,13,0.054,10,0.037,6,0.024,6,0.023,12,0.039,11,0.032,14,0.041,11,0.031,11,0.029,11,0.026,9,0.022,21,0.063,17,0.067,14,0.06,12,0.054,4,0.019,3,0.017,1,0.01,3,0.043,3,0.053,1,0.028,0,0,1,0.026,3,0.043,6,0.057,10,0.063,10,0.042,13,0.044,8,0.024,8,0.022,10,0.024,8,0.019,8,0.022,16,0.044,24,0.063,18,0.054,14,0.052,13,0.054,12,0.048,13,0.068
Region 6,Region 3,1,0.008,0,0,0,0,0,0,0,0,0,0,0,0,0,0,2,0.006,0,0,0,0,4,0.015,0,0,4,0.013,2,0.007,4,0.012,1,0.003,1,0.002,1,0.002,1,0.003,2,0.008,2,0.009,5,0.028,3,0.026,0,0,1,0.024,0,0,0,0,0,0,0,0,0,0,0,0,1,0.003,1,0.003,0,0,0,0,0,0,2,0.007,2,0.007,0,0,3,0.008,2,0.005,2,0.005,4,0.012,1,0.004,1,0.004,2,0.011,1,0.008,2,0.017,0,0,0,0,0,0,0,0,0,0,0,0,1,0.007,1,0.004,0,0,2,0.008,0,0,3,0.01,4,0.012,0,0,0,0,4,0.01,2,0.005,3,0.007,3,0.009,1,0.004,0,0,3,0.014,1,0.005,2,0.011,2,0.021,2,0.029,1,0.018,0,0,0,0,0,0,0,0,0,0,0,0,1,0.004,2,0.007,1,0.003,2,0.005,2,0.005,0,0,0,0,4,0.011,1,0.003,2,0.006,3,0.011,4,0.017,1,0.004,1,0.005
Region 6,Region 4,0,0,0,0,0,0,0,0,0,0,1,0.031,1,0.012,1,0.005,1,0.003,2,0.006,3,0.01,4,0.015,2,0.007,2,0.006,5,0.016,1,0.003,2,0.005,5,0.011,7,0.016,5,0.015,5,0.02,2,0.009,3,0.017,0,0,1,0.011,0,0,0,0,0,0,0,0,0,0,0,0,0,0,0,0,2,0.006,2,0.007,4,0.015,2,0.007,1,0.003,1,0.003,1,0.003,1,0.003,1,0.002,2,0.005,4,0.012,4,0.016,1,0.004,1,0.005,1,0.008,3,0.025,0,0,0,0,0,0,0,0,0,0,0,0,0,0,3,0.012,0,0,2,0.008,3,0.011,0,0,3,0.009,2,0.006,2,0.006,3,0.008,2,0.005,4,0.01,3,0.009,2,0.008,3,0.013,2,0.009,4,0.019,3,0.017,2,0.021,2,0.029,1,0.018,2,0.055,0,0,0,0,0,0,2,0.019,3,0.019,3,0.013,3,0.01,3,0.009,4,0.011,8,0.019,3,0.007,3,0.008,4,0.011,2,0.005,8,0.024,3,0.011,4,0.017,7,0.028,8,0.042
Region 6,Region 5,0,0,0,0,0,0,0,0,2,0.111,0,0,2,0.023,3,0.016,5,0.015,1,0.003,7,0.024,6,0.023,4,0.014,5,0.016,2,0.007,4,0.012,5,0.013,2,0.005,4,0.009,3,0.009,3,0.012,6,0.027,5,0.028,3,0.026,1,0.011,0,0,1,0.04,0,0,0,0,0,0,4,0.048,1,0.006,5,0.017,3,0.009,6,0.022,8,0.031,7,0.025,3,0.01,4,0.013,1,0.003,2,0.006,1,0.002,2,0.005,7,0.022,1,0.004,9,0.04,0,0,3,0.023,1,0.008,0,0,0,0,0,0,0,0,0,0,7,0.094,1,0.007,4,0.016,5,0.019,5,0.02,3,0.011,1,0.003,3,0.009,2,0.006,2,0.006,4,0.01,1,0.002,4,0.01,3,0.009,3,0.012,2,0.009,7,0.032,6,0.029,2,0.011,0,0,3,0.043,0,0,0,0,0,0,0,0,1,0.014,1,0.009,6,0.038,6,0.025,4,0.013,10,0.031,5,0.013,5,0.012,5,0.012,8,0.022,21,0.057,11,0.029,11,0.033,6,0.022,9,0.038,6,0.024,3,0.016
Region 6,Region 6,21,0.176,18,0.357,6,0.203,4,0.189,4,0.222,4,0.125,11,0.129,30,0.161,60,0.182,82,0.227,79,0.274,74,0.28,98,0.342,107,0.348,107,0.353,127,0.385,133,0.353,177,0.402,222,0.51,172,0.524,110,0.446,100,0.457,69,0.389,39,0.339,23,0.246,8,0.189,8,0.317,8,0.435,6,0.325,7,0.21,14,0.17,25,0.14,64,0.212,77,0.237,89,0.329,78,0.301,107,0.389,125,0.41,106,0.351,133,0.405,122,0.336,160,0.38,194,0.463,165,0.509,112,0.457,94,0.414,67,0.357,51,0.396,44,0.366,15,0.287,7,0.222,8,0.356,5,0.259,5,0.16,12,0.162,27,0.179,50,0.206,65,0.242,84,0.331,90,0.342,102,0.335,154,0.449,130,0.385,129,0.364,147,0.385,175,0.42,160,0.393,153,0.459,139,0.544,125,0.536,85,0.385,70,0.333,54,0.303,29,0.3,18,0.258,11,0.193,6,0.166,8,0.306,7,0.184,20,0.288,26,0.245,48,0.302,88,0.37,102,0.343,137,0.419,148,0.398,152,0.368,144,0.349,148,0.408,149,0.407,153,0.403,140,0.417,136,0.51,121,0.505,73,0.29,71,0.374
Region 6,Region 7,2,0.017,0,0,0,0,0,0,0,0,0,0,0,0,5,0.027,5,0.015,7,0.019,5,0.017,10,0.038,9,0.031,11,0.036,9,0.03,4,0.012,9,0.024,9,0.02,9,0.021,11,0.034,7,0.028,2,0.009,6,0.034,4,0.035,1,0.011,3,0.071,0,0,0,0,0,0,0,0,3,0.036,1,0.006,8,0.026,6,0.018,7,0.026,2,0.008,5,0.018,3,0.01,6,0.02,5,0.015,11,0.03,11,0.026,5,0.012,4,0.012,9,0.037,4,0.018,6,0.032,3,0.023,2,0.017,3,0.057,0,0,2,0.089,0,0,2,0.064,0,0,3,0.02,7,0.029,2,0.007,2,0.008,4,0.015,4,0.013,9,0.026,10,0.03,4,0.011,4,0.01,6,0.014,5,0.012,11,0.033,9,0.035,6,0.026,11,0.05,12,0.057,2,0.011,3,0.031,2,0.029,2,0.035,1,0.028,0,0,0,0,1,0.014,3,0.028,3,0.019,7,0.029,5,0.017,7,0.021,10,0.027,5,0.012,8,0.019,6,0.017,7,0.019,5,0.013,12,0.036,5,0.019,12,0.05,7,0.028,8,0.042
Region 6,Region 8,6,0.05,2,0.04,3,0.102,0,0,0,0,0,0,10,0.117,17,0.091,23,0.07,33,0.091,23,0.08,20,0.076,17,0.059,24,0.078,11,0.036,20,0.061,23,0.061,9,0.02,19,0.044,14,0.043,24,0.097,23,0.105,16,0.09,9,0.078,3,0.032,2,0.047,0,0,1,0.054,2,0.108,1,0.03,6,0.073,7,0.039,15,0.05,21,0.065,22,0.081,21,0.081,19,0.069,19,0.062,21,0.069,11,0.034,22,0.061,12,0.028,9,0.021,18,0.055,16,0.065,25,0.11,14,0.075,11,0.085,8,0.066,0,0,1,0.032,0,0,1,0.052,1,0.032,2,0.027,10,0.066,12,0.049,22,0.082,24,0.094,16,0.061,21,0.069,22,0.064,10,0.03,22,0.062,16,0.042,16,0.038,19,0.047,32,0.096,28,0.11,23,0.099,25,0.113,12,0.057,8,0.045,5,0.052,4,0.057,3,0.053,5,0.138,2,0.076,6,0.158,3,0.043,10,0.094,13,0.082,17,0.072,29,0.097,25,0.076,26,0.07,39,0.095,26,0.063,25,0.069,23,0.063,25,0.066,21,0.063,23,0.086,15,0.063,20,0.079,16,0.084
Region 6,Region 9,0,0,2,0.04,0,0,0,0,2,0.111,0,0,4,0.047,1,0.005,2,0.006,5,0.014,3,0.01,4,0.015,8,0.028,2,0.006,5,0.016,3,0.009,4,0.011,5,0.011,8,0.018,3,0.009,3,0.012,2,0.009,1,0.006,0,0,2,0.021,0,0,0,0,0,0,2,0.108,4,0.12,4,0.048,2,0.011,4,0.013,7,0.022,1,0.004,1,0.004,6,0.022,2,0.007,7,0.023,4,0.012,10,0.028,5,0.012,9,0.021,7,0.022,1,0.004,0,0,5,0.027,4,0.031,3,0.025,0,0,0,0,0,0,0,0,0,0,5,0.067,3,0.02,5,0.021,2,0.007,1,0.004,4,0.015,3,0.01,1,0.003,3,0.009,1,0.003,4,0.01,5,0.012,5,0.012,4,0.012,2,0.008,4,0.017,5,0.023,5,0.024,0,0,0,0,1,0.014,2,0.035,1,0.028,1,0.038,2,0.053,1,0.014,4,0.038,3,0.019,3,0.013,4,0.013,3,0.009,8,0.022,4,0.01,4,0.01,4,0.011,9,0.025,5,0.013,6,0.018,6,0.022,2,0.008,8,0.032,1,0.005
Region 6,Region 10,10,0.084,6,0.119,5,0.169,1,0.047,1,0.056,2,0.063,4,0.047,14,0.075,36,0.109,33,0.091,27,0.094,42,0.159,48,0.167,55,0.179,47,0.155,60,0.182,52,0.138,55,0.125,53,0.122,61,0.186,39,0.158,46,0.21,30,0.169,12,0.104,15,0.16,3,0.071,8,0.317,2,0.109,2,0.108,2,0.06,3,0.036,14,0.078,37,0.122,38,0.117,31,0.115,50,0.193,37,0.134,54,0.177,48,0.159,48,0.146,54,0.149,53,0.126,63,0.15,70,0.216,49,0.2,40,0.176,31,0.165,20,0.155,17,0.141,5,0.096,5,0.159,3,0.133,0,0,5,0.16,9,0.121,10,0.066,25,0.103,34,0.127,38,0.15,44,0.167,49,0.161,56,0.163,63,0.187,75,0.212,59,0.155,56,0.134,59,0.145,48,0.144,38,0.149,44,0.189,34,0.154,24,0.114,21,0.118,9,0.093,10,0.143,7,0.123,3,0.083,3,0.115,4,0.105,8,0.115,10,0.094,20,0.126,27,0.114,54,0.181,42,0.128,73,0.196,65,0.158,63,0.153,60,0.165,48,0.131,53,0.14,33,0.098,36,0.135,33,0.138,39,0.155,25,0.132
Region 6,Region 11,4,0.034,3,0.06,2,0.068,3,0.142,0,0,0,0,1,0.012,7,0.037,12,0.036,5,0.014,6,0.021,5,0.019,3,0.01,7,0.023,14,0.046,12,0.036,14,0.037,25,0.057,24,0.055,11,0.034,14,0.057,18,0.082,13,0.073,6,0.052,6,0.064,0,0,0,0,1,0.054,0,0,0,0,1,0.012,7,0.039,8,0.026,5,0.015,4,0.015,7,0.027,5,0.018,11,0.036,16,0.053,11,0.034,15,0.041,23,0.055,15,0.036,15,0.046,16,0.065,10,0.044,8,0.043,4,0.031,7,0.058,1,0.019,0,0,1,0.044,4,0.207,3,0.096,1,0.013,2,0.013,6,0.025,10,0.037,8,0.031,8,0.03,7,0.023,19,0.055,15,0.044,16,0.045,15,0.039,16,0.038,19,0.047,15,0.045,16,0.063,11,0.047,13,0.059,2,0.01,8,0.045,3,0.031,2,0.029,1,0.018,2,0.055,0,0,0,0,0,0,3,0.028,1,0.006,3,0.013,4,0.013,7,0.021,10,0.027,12,0.029,12,0.029,12,0.033,14,0.038,9,0.024,11,0.033,11,0.041,15,0.063,5,0.02,10,0.053
Region 6,Region 12,3,0.025,0,0,1,0.034,2,0.095,0,0,0,0,0,0,2,0.011,4,0.012,2,0.006,5,0.017,4,0.015,10,0.035,3,0.01,5,0.016,8,0.024,3,0.008,5,0.011,7,0.016,8,0.024,4,0.016,2,0.009,2,0.011,2,0.017,1,0.011,0,0,0,0,1,0.054,0,0,1,0.03,1,0.012,6,0.034,3,0.01,4,0.012,6,0.022,4,0.015,2,0.007,7,0.023,5,0.017,4,0.012,7,0.019,10,0.024,6,0.014,12,0.037,7,0.029,3,0.013,7,0.037,3,0.023,0,0,1,0.019,1,0.032,0,0,1,0.052,0,0,0,0,4,0.027,2,0.008,6,0.022,3,0.012,5,0.019,7,0.023,4,0.012,8,0.024,11,0.031,8,0.021,7,0.017,6,0.015,2,0.006,5,0.02,12,0.052,4,0.018,5,0.024,4,0.022,4,0.041,2,0.029,1,0.018,0,0,0,0,1,0.026,2,0.029,1,0.009,2,0.013,9,0.038,4,0.013,4,0.012,4,0.011,6,0.015,6,0.015,8,0.022,5,0.014,4,0.011,5,0.015,6,0.022,8,0.033,4,0.016,10,0.053
Region 6,Region 13,2,0.017,4,0.079,3,0.102,0,0,0,0,2,0.063,9,0.105,12,0.064,37,0.112,25,0.069,26,0.09,19,0.072,20,0.07,20,0.065,17,0.056,23,0.07,19,0.05,20,0.045,26,0.06,26,0.079,19,0.077,20,0.091,12,0.068,9,0.078,2,0.021,5,0.118,0,0,2,0.109,1,0.054,1,0.03,8,0.097,22,0.123,32,0.106,16,0.049,11,0.041,21,0.081,12,0.044,27,0.088,16,0.053,17,0.052,17,0.047,18,0.043,24,0.057,27,0.083,20,0.082,28,0.123,9,0.048,6,0.047,6,0.05,3,0.057,1,0.032,1,0.044,0,0,1,0.032,6,0.081,14,0.093,26,0.107,21,0.078,20,0.079,21,0.08,17,0.056,21,0.061,18,0.053,16,0.045,23,0.06,25,0.06,21,0.052,22,0.066,24,0.094,26,0.112,19,0.086,14,0.067,9,0.05,3,0.031,1,0.014,1,0.018,1,0.028,0,0,3,0.079,2,0.029,5,0.047,4,0.025,21,0.088,26,0.087,27,0.083,30,0.081,30,0.073,19,0.046,22,0.061,23,0.063,27,0.071,20,0.06,11,0.041,21,0.088,24,0.095,16,0.084
Region 6,Region 14,4,0.034,5,0.099,1,0.034,1,0.047,3,0.167,2,0.063,6,0.07,16,0.086,31,0.094,31,0.086,17,0.059,19,0.072,17,0.059,22,0.071,22,0.073,16,0.049,17,0.045,20,0.045,18,0.041,23,0.07,23,0.093,15,0.069,5,0.028,3,0.026,6,0.064,0,0,4,0.158,3,0.163,5,0.271,11,0.33,13,0.158,22,0.123,33,0.109,40,0.123,28,0.103,21,0.081,13,0.047,21,0.069,25,0.083,31,0.094,22,0.061,29,0.069,30,0.072,26,0.08,25,0.102,18,0.079,17,0.091,5,0.039,12,0.1,4,0.077,0,0,0,0,4,0.207,3,0.096,11,0.148,19,0.126,24,0.099,25,0.093,22,0.087,18,0.068,17,0.056,18,0.052,9,0.027,30,0.085,20,0.052,39,0.094,20,0.049,24,0.072,17,0.067,17,0.073,11,0.05,18,0.086,13,0.073,13,0.134,4,0.057,2,0.035,3,0.083,3,0.115,2,0.053,5,0.072,1,0.009,21,0.132,20,0.084,22,0.074,23,0.07,21,0.056,23,0.056,31,0.075,33,0.091,34,0.093,19,0.05,19,0.057,21,0.079,25,0.104,25,0.099,24,0.126
Region 6,Region 15,0,0,0,0,0,0,0,0,1,0.056,0,0,0,0,1,0.005,2,0.006,1,0.003,2,0.007,3,0.011,2,0.007,1,0.003,2,0.007,2,0.006,1,0.003,5,0.011,5,0.011,2,0.006,3,0.012,8,0.037,4,0.023,4,0.035,2,0.021,0,0,0,0,0,0,1,0.054,0,0,0,0,1,0.006,3,0.01,5,0.015,3,0.011,2,0.008,3,0.011,2,0.007,3,0.01,5,0.015,4,0.011,6,0.014,6,0.014,2,0.006,1,0.004,4,0.018,2,0.011,1,0.008,0,0,4,0.077,0,0,1,0.044,1,0.052,0,0,0,0,5,0.033,3,0.012,3,0.011,1,0.004,3,0.011,1,0.003,1,0.003,4,0.012,6,0.017,2,0.005,4,0.01,4,0.01,4,0.012,3,0.012,7,0.03,6,0.027,2,0.01,0,0,2,0.021,2,0.029,0,0,0,0,0,0,2,0.053,1,0.014,0,0,1,0.006,2,0.008,2,0.007,4,0.012,4,0.011,4,0.01,3,0.007,3,0.008,4,0.011,1,0.003,3,0.009,1,0.004,3,0.013,3,0.012,1,0.005
Region 6,Region 16,0,0,0,0,0,0,0,0,0,0,0,0,0,0,1,0.005,1,0.003,2,0.006,2,0.007,1,0.004,0,0,0,0,4,0.013,1,0.003,1,0.003,0,0,3,0.007,4,0.012,2,0.008,0,0,1,0.006,0,0,0,0,0,0,0,0,0,0,0,0,0,0,0,0,0,0,1,0.003,2,0.006,2,0.007,4,0.015,0,0,2,0.007,0,0,1,0.003,0,0,3,0.007,2,0.005,1,0.003,1,0.004,0,0,2,0.011,0,0,0,0,0,0,1,0.032,0,0,0,0,0,0,0,0,1,0.007,1,0.004,2,0.007,2,0.008,1,0.004,1,0.003,0,0,1,0.003,1,0.003,0,0,4,0.01,1,0.002,2,0.006,3,0.012,1,0.004,2,0.009,1,0.005,0,0,0,0,0,0,0,0,0,0,1,0.038,0,0,0,0,1,0.009,0,0,3,0.013,2,0.007,3,0.009,3,0.008,1,0.002,2,0.005,2,0.006,3,0.008,3,0.008,1,0.003,2,0.007,1,0.004,1,0.004,1,0.005
Region 6,Region 17,7,0.059,2,0.04,0,0,1,0.047,2,0.111,4,0.125,3,0.035,13,0.07,40,0.122,39,0.108,17,0.059,18,0.068,14,0.049,17,0.055,13,0.043,22,0.067,22,0.058,14,0.032,12,0.028,17,0.052,14,0.057,26,0.119,12,0.068,8,0.069,2,0.021,0,0,3,0.119,1,0.054,0,0,1,0.03,2,0.024,3,0.017,27,0.089,33,0.102,16,0.059,15,0.058,10,0.036,14,0.046,12,0.04,12,0.037,10,0.028,14,0.033,10,0.024,23,0.071,32,0.131,18,0.079,7,0.037,7,0.054,5,0.042,6,0.115,2,0.064,1,0.044,1,0.052,1,0.032,2,0.027,5,0.033,12,0.049,14,0.052,13,0.051,10,0.038,15,0.049,18,0.052,20,0.059,13,0.037,8,0.021,18,0.043,17,0.042,22,0.066,9,0.035,14,0.06,15,0.068,12,0.057,12,0.067,4,0.041,4,0.057,3,0.053,2,0.055,1,0.038,0,0,3,0.043,6,0.057,7,0.044,16,0.067,15,0.05,11,0.034,22,0.059,37,0.09,45,0.109,18,0.05,27,0.074,32,0.084,17,0.051,24,0.09,17,0.071,18,0.072,21,0.11
Region 6,Region 18,2,0.017,2,0.04,0,0,0,0,0,0,1,0.031,1,0.012,4,0.021,10,0.03,12,0.033,7,0.024,8,0.03,8,0.028,11,0.036,6,0.02,12,0.036,11,0.029,25,0.057,15,0.034,14,0.043,15,0.061,10,0.046,5,0.028,2,0.017,7,0.075,1,0.024,2,0.079,1,0.054,1,0.054,2,0.06,0,0,5,0.028,10,0.033,15,0.046,4,0.015,4,0.015,7,0.025,10,0.033,12,0.04,15,0.046,11,0.03,20,0.047,18,0.043,13,0.04,13,0.053,8,0.035,4,0.021,3,0.023,4,0.033,0,0,3,0.095,3,0.133,0,0,0,0,0,0,6,0.04,11,0.045,8,0.03,9,0.035,3,0.011,10,0.033,17,0.05,14,0.041,12,0.034,16,0.042,14,0.034,9,0.022,13,0.039,10,0.039,6,0.026,5,0.023,6,0.029,8,0.045,0,0,3,0.043,0,0,1,0.028,0,0,0,0,1,0.014,1,0.009,3,0.019,6,0.025,11,0.037,8,0.024,8,0.022,10,0.024,11,0.027,14,0.039,15,0.041,15,0.039,12,0.036,7,0.026,8,0.033,6,0.024,3,0.016
Region 6,Region 19,20,0.168,5,0.099,3,0.102,1,0.047,3,0.167,6,0.188,9,0.105,28,0.15,39,0.119,62,0.171,43,0.149,44,0.167,47,0.164,59,0.192,75,0.247,71,0.215,85,0.226,118,0.268,99,0.228,77,0.235,57,0.231,56,0.256,45,0.254,35,0.304,14,0.15,8,0.189,8,0.317,9,0.49,7,0.379,6,0.18,6,0.073,25,0.14,39,0.129,42,0.129,45,0.166,45,0.174,56,0.203,70,0.229,71,0.235,64,0.195,83,0.229,100,0.237,101,0.241,85,0.262,64,0.261,60,0.265,57,0.304,46,0.357,30,0.249,8,0.153,7,0.222,7,0.311,2,0.104,1,0.032,12,0.162,27,0.179,32,0.132,35,0.13,32,0.126,52,0.198,67,0.22,68,0.198,90,0.267,72,0.203,75,0.197,103,0.247,94,0.231,85,0.255,75,0.294,68,0.292,65,0.294,34,0.162,49,0.275,25,0.258,11,0.157,19,0.333,9,0.248,4,0.153,11,0.289,25,0.36,22,0.208,36,0.227,50,0.21,52,0.175,73,0.223,94,0.253,86,0.208,73,0.177,97,0.267,87,0.238,76,0.2,80,0.238,68,0.255,66,0.276,58,0.231,65,0.342
Region 6,Region 20,6,0.05,3,0.06,2,0.068,0,0,0,0,1,0.031,2,0.023,12,0.064,11,0.033,16,0.044,11,0.038,14,0.053,9,0.031,10,0.032,15,0.049,14,0.042,6,0.016,10,0.023,7,0.016,16,0.049,8,0.032,10,0.046,10,0.056,8,0.069,1,0.011,0,0,0,0,2,0.109,1,0.054,2,0.06,1,0.012,9,0.05,10,0.033,13,0.04,10,0.037,11,0.042,17,0.062,12,0.039,13,0.043,8,0.024,12,0.033,10,0.024,20,0.048,15,0.046,10,0.041,13,0.057,8,0.043,2,0.016,5,0.042,0,0,1,0.032,0,0,2,0.104,1,0.032,3,0.04,6,0.04,10,0.041,12,0.045,12,0.047,7,0.027,7,0.023,11,0.032,11,0.033,10,0.028,11,0.029,12,0.029,10,0.025,13,0.039,17,0.067,16,0.069,5,0.023,9,0.043,12,0.067,1,0.01,1,0.014,2,0.035,3,0.083,2,0.076,0,0,1,0.014,2,0.019,4,0.025,6,0.025,4,0.013,9,0.028,12,0.032,19,0.046,14,0.034,4,0.011,13,0.036,11,0.029,13,0.039,17,0.064,11,0.046,10,0.04,11,0.058
Region 6,Region 21,1,0.008,0,0,0,0,0,0,0,0,0,0,0,0,3,0.016,0,0,1,0.003,1,0.003,3,0.011,1,0.003,2,0.006,2,0.007,0,0,3,0.008,7,0.016,6,0.014,4,0.012,2,0.008,3,0.014,1,0.006,3,0.026,0,0,1,0.024,0,0,0,0,0,0,0,0,0,0,3,0.017,1,0.003,0,0,0,0,1,0.004,1,0.004,6,0.02,2,0.007,1,0.003,3,0.008,6,0.014,2,0.005,2,0.006,5,0.02,4,0.018,4,0.021,2,0.016,1,0.008,0,0,0,0,0,0,0,0,0,0,0,0,0,0,0,0,2,0.007,1,0.004,2,0.008,2,0.007,4,0.012,3,0.009,3,0.008,3,0.008,5,0.012,6,0.015,2,0.006,4,0.016,2,0.009,5,0.023,1,0.005,3,0.017,3,0.031,1,0.014,0,0,0,0,1,0.038,0,0,1,0.014,0,0,0,0,3,0.013,4,0.013,3,0.009,5,0.013,7,0.017,3,0.007,2,0.006,4,0.011,4,0.011,6,0.018,6,0.022,2,0.008,5,0.02,7,0.037
Region 6,Region 22,2,0.017,0,0,0,0,0,0,0,0,0,0,1,0.012,0,0,2,0.006,2,0.006,3,0.01,1,0.004,2,0.007,0,0,0,0,5,0.015,1,0.003,5,0.011,3,0.007,2,0.006,3,0.012,5,0.023,2,0.011,1,0.009,0,0,0,0,0,0,0,0,0,0,1,0.03,0,0,0,0,3,0.01,2,0.006,0,0,0,0,1,0.004,1,0.003,2,0.007,3,0.009,2,0.006,1,0.002,2,0.005,2,0.006,2,0.008,6,0.026,3,0.016,0,0,1,0.008,0,0,0,0,0,0,1,0.052,1,0.032,0,0,1,0.007,1,0.004,2,0.007,0,0,3,0.011,3,0.01,2,0.006,0,0,3,0.008,0,0,3,0.007,1,0.002,2,0.006,1,0.004,3,0.013,1,0.005,1,0.005,0,0,1,0.01,1,0.014,0,0,0,0,0,0,2,0.053,1,0.014,0,0,1,0.006,4,0.017,0,0,4,0.012,2,0.005,2,0.005,3,0.007,2,0.006,3,0.008,2,0.005,5,0.015,4,0.015,2,0.008,4,0.016,3,0.016
Region 6,Region 23,3,0.025,1,0.02,0,0,1,0.047,1,0.056,2,0.063,5,0.058,9,0.048,14,0.043,18,0.05,15,0.052,5,0.019,4,0.014,6,0.019,8,0.026,14,0.042,15,0.04,21,0.048,14,0.032,14,0.043,5,0.02,13,0.059,8,0.045,6,0.052,3,0.032,2,0.047,3,0.119,0,0,1,0.054,1,0.03,7,0.085,8,0.045,11,0.036,15,0.046,5,0.018,5,0.019,3,0.011,16,0.052,9,0.03,14,0.043,15,0.041,23,0.055,15,0.036,10,0.031,12,0.049,10,0.044,14,0.075,4,0.031,6,0.05,1,0.019,3,0.095,0,0,1,0.052,1,0.032,5,0.067,8,0.053,12,0.049,6,0.022,9,0.035,13,0.049,10,0.033,19,0.055,15,0.044,15,0.042,15,0.039,15,0.036,14,0.034,13,0.039,15,0.059,21,0.09,7,0.032,11,0.052,5,0.028,3,0.031,1,0.014,4,0.07,1,0.028,1,0.038,3,0.079,0,0,2,0.019,10,0.063,9,0.038,11,0.037,8,0.024,24,0.065,20,0.048,18,0.044,22,0.061,14,0.038,5,0.013,14,0.042,10,0.037,13,0.054,17,0.068,4,0.021
Region 6,Region 24,0,0,0,0,0,0,0,0,0,0,0,0,0,0,1,0.005,0,0,0,0,2,0.007,0,0,1,0.003,1,0.003,1,0.003,0,0,3,0.008,5,0.011,1,0.002,0,0,4,0.016,5,0.023,1,0.006,0,0,0,0,0,0,0,0,0,0,0,0,0,0,0,0,1,0.006,3,0.01,2,0.006,1,0.004,4,0.015,3,0.011,0,0,1,0.003,2,0.006,2,0.006,1,0.002,7,0.017,2,0.006,3,0.012,3,0.013,3,0.016,0,0,2,0.017,0,0,0,0,0,0,0,0,0,0,0,0,1,0.007,1,0.004,2,0.007,0,0,0,0,2,0.007,0,0,0,0,1,0.003,3,0.008,3,0.007,2,0.005,0,0,2,0.008,1,0.004,3,0.014,1,0.005,2,0.011,0,0,0,0,0,0,0,0,0,0,0,0,0,0,0,0,0,0,1,0.004,2,0.007,3,0.009,1,0.003,2,0.005,2,0.005,2,0.006,2,0.005,2,0.005,3,0.009,0,0,0,0,1,0.004,5,0.026
Region 6,Region 25,3,0.025,0,0,1,0.034,1,0.047,0,0,1,0.031,2,0.023,3,0.016,11,0.033,14,0.039,12,0.042,8,0.03,14,0.049,22,0.071,15,0.049,13,0.039,18,0.048,20,0.045,28,0.064,12,0.037,13,0.053,12,0.055,13,0.073,4,0.035,6,0.064,1,0.024,4,0.158,6,0.326,1,0.054,0,0,3,0.036,7,0.039,10,0.033,6,0.018,8,0.03,8,0.031,13,0.047,12,0.039,12,0.04,13,0.04,25,0.069,11,0.026,16,0.038,15,0.046,8,0.033,10,0.044,13,0.069,10,0.078,13,0.108,2,0.038,3,0.095,0,0,1,0.052,1,0.032,2,0.027,3,0.02,6,0.025,4,0.015,4,0.016,10,0.038,8,0.026,12,0.035,18,0.053,19,0.054,15,0.039,15,0.036,12,0.029,16,0.048,13,0.051,15,0.064,6,0.027,14,0.067,14,0.078,4,0.041,6,0.086,5,0.088,1,0.028,1,0.038,0,0,2,0.029,5,0.047,4,0.025,6,0.025,4,0.013,10,0.031,16,0.043,17,0.041,16,0.039,8,0.022,23,0.063,10,0.026,12,0.036,15,0.056,12,0.05,5,0.02,8,0.042
Region 7,Region 0,13,0.109,8,0.159,3,0.102,1,0.047,2,0.111,2,0.063,5,0.058,10,0.054,20,0.061,24,0.066,28,0.097,20,0.076,21,0.073,21,0.068,25,0.082,23,0.07,39,0.104,32,0.073,46,0.106,28,0.085,24,0.097,31,0.142,19,0.107,17,0.148,9,0.096,3,0.071,2,0.079,3,0.163,4,0.217,1,0.03,7,0.085,13,0.073,24,0.079,32,0.098,20,0.074,24,0.093,27,0.098,22,0.072,18,0.06,24,0.073,25,0.069,33,0.078,35,0.084,31,0.096,21,0.086,31,0.137,22,0.117,17,0.132,10,0.083,10,0.191,6,0.191,2,0.089,5,0.259,3,0.096,6,0.081,15,0.1,9,0.037,31,0.115,16,0.063,20,0.076,30,0.098,24,0.07,29,0.086,37,0.104,59,0.155,34,0.082,45,0.111,34,0.102,36,0.141,26,0.112,31,0.14,19,0.09,15,0.084,9,0.093,5,0.072,5,0.088,9,0.248,3,0.115,4,0.105,6,0.086,15,0.142,14,0.088,16,0.067,21,0.071,29,0.089,24,0.065,41,0.099,27,0.065,34,0.094,34,0.093,21,0.055,29,0.086,23,0.086,15,0.063,28,0.111,21,0.11
Region 7,Region 1,5,0.042,7,0.139,3,0.102,1,0.047,0,0,2,0.063,2,0.023,5,0.027,10,0.03,13,0.036,18,0.062,14,0.053,14,0.049,23,0.075,13,0.043,14,0.042,13,0.035,30,0.068,34,0.078,32,0.098,26,0.106,17,0.078,17,0.096,7,0.061,8,0.085,5,0.118,2,0.079,0,0,2,0.108,3,0.09,3,0.036,2,0.011,11,0.036,8,0.025,23,0.085,10,0.039,12,0.044,18,0.059,18,0.06,17,0.052,18,0.05,26,0.062,30,0.072,26,0.08,23,0.094,12,0.053,12,0.064,9,0.07,12,0.1,4,0.077,3,0.095,1,0.044,1,0.052,0,0,5,0.067,7,0.046,4,0.016,12,0.045,15,0.059,10,0.038,15,0.049,18,0.052,28,0.083,21,0.059,26,0.068,24,0.058,32,0.079,29,0.087,19,0.074,26,0.112,14,0.063,22,0.105,20,0.112,10,0.103,10,0.143,2,0.035,3,0.083,1,0.038,1,0.026,2,0.029,5,0.047,4,0.025,11,0.046,14,0.047,8,0.024,13,0.035,12,0.029,28,0.068,18,0.05,15,0.041,15,0.039,19,0.057,16,0.06,24,0.1,17,0.068,17,0.089
Region 7,Region 2,7,0.059,4,0.079,2,0.068,2,0.095,1,0.056,3,0.094,4,0.047,3,0.016,12,0.036,20,0.055,15,0.052,16,0.061,18,0.063,14,0.045,11,0.036,12,0.036,24,0.064,31,0.07,30,0.069,17,0.052,22,0.089,11,0.05,10,0.056,10,0.087,10,0.107,4,0.095,2,0.079,0,0,1,0.054,0,0,6,0.073,7,0.039,11,0.036,20,0.062,20,0.074,12,0.046,12,0.044,8,0.026,16,0.053,33,0.101,21,0.058,23,0.055,32,0.076,27,0.083,15,0.061,18,0.079,12,0.064,11,0.085,7,0.058,5,0.096,5,0.159,2,0.089,2,0.104,2,0.064,3,0.04,6,0.04,5,0.021,21,0.078,12,0.047,11,0.042,20,0.066,28,0.082,17,0.05,7,0.02,22,0.058,22,0.053,21,0.052,26,0.078,28,0.11,16,0.069,22,0.1,16,0.076,16,0.09,14,0.145,6,0.086,4,0.07,0,0,2,0.076,0,0,1,0.014,7,0.066,9,0.057,11,0.046,15,0.05,16,0.049,11,0.03,20,0.048,13,0.032,23,0.063,31,0.085,30,0.079,22,0.066,22,0.082,14,0.058,12,0.048,19,0.1
Region 7,Region 3,5,0.042,2,0.04,2,0.068,3,0.142,1,0.056,1,0.031,2,0.023,2,0.011,6,0.018,13,0.036,8,0.028,22,0.083,13,0.045,26,0.084,18,0.059,28,0.085,27,0.072,32,0.073,35,0.08,40,0.122,29,0.118,28,0.128,14,0.079,6,0.052,9,0.096,4,0.095,3,0.119,3,0.163,1,0.054,1,0.03,1,0.012,3,0.017,5,0.017,10,0.031,14,0.052,20,0.077,18,0.065,12,0.039,21,0.069,17,0.052,27,0.074,29,0.069,27,0.064,19,0.059,24,0.098,26,0.115,21,0.112,15,0.117,10,0.083,2,0.038,3,0.095,2,0.089,2,0.104,0,0,1,0.013,2,0.013,6,0.025,9,0.034,17,0.067,16,0.061,16,0.053,19,0.055,17,0.05,16,0.045,23,0.06,18,0.043,43,0.106,21,0.063,27,0.106,16,0.069,16,0.072,17,0.081,13,0.073,11,0.114,4,0.057,5,0.088,2,0.055,1,0.038,1,0.026,2,0.029,4,0.038,10,0.063,6,0.025,11,0.037,17,0.052,24,0.065,30,0.073,12,0.029,21,0.058,17,0.046,15,0.039,19,0.057,20,0.075,15,0.063,17,0.068,12,0.063
Region 7,Region 4,17,0.143,12,0.238,8,0.271,5,0.236,2,0.111,6,0.188,4,0.047,12,0.064,25,0.076,30,0.083,34,0.118,33,0.125,35,0.122,35,0.114,46,0.152,59,0.179,59,0.157,63,0.143,66,0.152,91,0.277,57,0.231,55,0.251,32,0.18,33,0.287,26,0.278,10,0.237,3,0.119,4,0.218,3,0.163,1,0.03,7,0.085,19,0.107,21,0.069,29,0.089,29,0.107,28,0.108,49,0.178,37,0.121,53,0.175,37,0.113,60,0.165,69,0.164,88,0.21,73,0.225,67,0.273,62,0.273,46,0.245,24,0.186,29,0.241,22,0.421,11,0.349,8,0.356,3,0.155,2,0.064,3,0.04,10,0.066,15,0.062,28,0.104,34,0.134,36,0.137,29,0.095,43,0.125,54,0.16,53,0.15,52,0.136,62,0.149,53,0.13,56,0.168,67,0.262,48,0.206,52,0.236,51,0.243,54,0.303,27,0.279,19,0.272,15,0.263,10,0.276,6,0.229,3,0.079,10,0.144,10,0.094,23,0.145,33,0.139,44,0.148,31,0.095,66,0.177,53,0.128,63,0.153,61,0.168,61,0.167,63,0.166,53,0.158,53,0.199,48,0.2,50,0.199,58,0.305
Region 7,Region 5,20,0.168,13,0.258,11,0.372,5,0.236,2,0.111,3,0.094,18,0.21,29,0.155,52,0.158,17,0.047,24,0.083,47,0.178,41,0.143,50,0.162,52,0.171,55,0.167,57,0.151,44,0.1,61,0.14,40,0.122,45,0.183,37,0.169,38,0.214,21,0.182,23,0.246,11,0.26,11,0.435,3,0.163,6,0.325,6,0.18,15,0.182,35,0.196,40,0.132,29,0.089,42,0.155,50,0.193,48,0.174,62,0.203,45,0.149,59,0.18,44,0.121,41,0.097,53,0.127,39,0.12,51,0.208,48,0.212,25,0.133,26,0.202,32,0.266,19,0.363,8,0.254,3,0.133,5,0.259,4,0.128,21,0.283,30,0.199,37,0.153,42,0.156,33,0.13,44,0.167,38,0.125,43,0.125,42,0.124,44,0.124,63,0.165,50,0.12,52,0.128,59,0.177,53,0.208,41,0.176,29,0.131,30,0.143,29,0.162,20,0.207,10,0.143,11,0.193,7,0.193,3,0.115,12,0.316,11,0.158,20,0.189,25,0.157,32,0.135,42,0.141,58,0.177,56,0.151,52,0.126,56,0.136,58,0.16,62,0.169,78,0.205,67,0.2,68,0.255,52,0.217,35,0.139,24,0.126
Region 7,Region 6,1,0.008,3,0.06,0,0,1,0.047,0,0,1,0.031,2,0.023,0,0,2,0.006,3,0.008,7,0.024,8,0.03,11,0.038,4,0.013,6,0.02,6,0.018,9,0.024,13,0.03,15,0.034,21,0.064,14,0.057,8,0.037,8,0.045,9,0.078,5,0.053,2,0.047,3,0.119,1,0.054,0,0,0,0,0,0,2,0.011,5,0.017,8,0.025,3,0.011,3,0.012,5,0.018,6,0.02,7,0.023,8,0.024,13,0.036,18,0.043,14,0.033,11,0.034,10,0.041,9,0.04,3,0.016,8,0.062,0,0,1,0.019,3,0.095,2,0.089,1,0.052,1,0.032,1,0.013,1,0.007,3,0.012,8,0.03,2,0.008,4,0.015,8,0.026,11,0.032,10,0.03,9,0.025,10,0.026,10,0.024,11,0.027,11,0.033,12,0.047,8,0.034,6,0.027,7,0.033,4,0.022,8,0.083,2,0.029,2,0.035,1,0.028,2,0.076,0,0,1,0.014,3,0.028,1,0.006,4,0.017,3,0.01,5,0.015,5,0.013,4,0.01,7,0.017,10,0.028,8,0.022,16,0.042,7,0.021,11,0.041,18,0.075,5,0.02,8,0.042
Region 7,Region 7,131,1.098,53,1.052,31,1.049,22,1.04,8,0.444,13,0.407,21,0.245,47,0.252,98,0.298,196,0.542,177,0.613,198,0.75,222,0.774,281,0.913,244,0.805,288,0.874,300,0.797,363,0.825,400,0.92,322,0.982,258,1.047,232,1.06,181,1.02,141,1.224,137,1.464,62,1.466,26,1.029,21,1.143,11,0.596,15,0.45,16,0.194,41,0.23,99,0.327,147,0.452,145,0.536,161,0.621,198,0.719,244,0.8,255,0.844,274,0.835,309,0.851,338,0.802,323,0.771,296,0.912,272,1.11,242,1.067,215,1.146,134,1.041,145,1.205,51,0.976,47,1.493,33,1.467,19,0.983,10,0.319,21,0.283,47,0.312,86,0.355,101,0.376,126,0.496,159,0.605,203,0.666,280,0.816,275,0.815,290,0.818,284,0.744,301,0.722,334,0.821,332,0.996,278,1.089,259,1.112,230,1.042,203,0.967,184,1.031,95,0.982,75,1.074,45,0.789,35,0.966,20,0.764,23,0.605,44,0.633,51,0.481,78,0.491,101,0.425,162,0.544,192,0.587,240,0.645,247,0.599,299,0.725,319,0.879,278,0.76,286,0.753,265,0.789,203,0.761,232,0.969,242,0.962,194,1.021
Region 7,Region 8,32,0.268,15,0.298,12,0.406,4,0.189,5,0.278,6,0.188,14,0.164,33,0.177,70,0.213,91,0.252,79,0.274,65,0.246,77,0.269,71,0.231,84,0.277,98,0.297,107,0.284,87,0.198,89,0.205,99,0.302,69,0.28,62,0.283,38,0.214,37,0.321,38,0.406,10,0.237,13,0.515,9,0.49,3,0.163,7,0.21,17,0.206,34,0.191,65,0.215,69,0.212,76,0.281,73,0.282,70,0.254,57,0.187,100,0.331,117,0.357,107,0.295,97,0.23,75,0.179,84,0.259,86,0.351,53,0.234,54,0.288,42,0.326,42,0.349,14,0.268,11,0.349,7,0.311,3,0.155,8,0.255,10,0.135,27,0.179,53,0.219,66,0.246,59,0.232,75,0.285,55,0.181,83,0.242,80,0.237,109,0.308,126,0.33,103,0.247,82,0.202,72,0.216,62,0.243,60,0.258,65,0.294,60,0.286,66,0.37,32,0.331,14,0.2,13,0.228,21,0.579,8,0.306,15,0.395,19,0.274,29,0.274,28,0.176,61,0.257,62,0.208,76,0.232,89,0.239,92,0.223,93,0.225,119,0.328,97,0.265,98,0.258,84,0.25,94,0.352,59,0.246,72,0.286,66,0.347
Region 7,Region 9,2,0.017,5,0.099,1,0.034,1,0.047,1,0.056,0,0,4,0.047,6,0.032,2,0.006,3,0.008,9,0.031,8,0.03,10,0.035,9,0.029,12,0.04,9,0.027,26,0.069,32,0.073,28,0.064,13,0.04,10,0.041,10,0.046,4,0.023,3,0.026,4,0.043,5,0.118,0,0,0,0,1,0.054,2,0.06,2,0.024,3,0.017,5,0.017,3,0.009,4,0.015,10,0.039,8,0.029,10,0.033,11,0.036,7,0.021,25,0.069,33,0.078,28,0.067,17,0.052,12,0.049,10,0.044,2,0.011,6,0.047,6,0.05,7,0.134,1,0.032,3,0.133,1,0.052,1,0.032,2,0.027,5,0.033,10,0.041,9,0.034,9,0.035,4,0.015,11,0.036,15,0.044,12,0.036,15,0.042,23,0.06,24,0.058,15,0.037,10,0.03,7,0.027,8,0.034,8,0.036,5,0.024,9,0.05,3,0.031,3,0.043,1,0.018,4,0.11,1,0.038,1,0.026,4,0.058,3,0.028,6,0.038,8,0.034,7,0.024,9,0.028,10,0.027,15,0.036,9,0.022,11,0.03,17,0.046,9,0.024,13,0.039,6,0.022,6,0.025,4,0.016,5,0.026
Region 7,Region 10,33,0.277,12,0.238,12,0.406,5,0.236,7,0.389,6,0.188,18,0.21,39,0.209,58,0.176,84,0.232,58,0.201,67,0.254,80,0.279,74,0.24,86,0.284,103,0.313,145,0.385,129,0.293,128,0.294,95,0.29,51,0.207,54,0.247,45,0.254,36,0.313,42,0.449,15,0.355,10,0.396,9,0.49,2,0.108,13,0.39,12,0.145,32,0.179,61,0.202,86,0.265,62,0.229,62,0.239,57,0.207,60,0.197,96,0.318,130,0.396,150,0.413,154,0.365,139,0.332,93,0.287,78,0.318,53,0.234,57,0.304,36,0.28,49,0.407,20,0.383,6,0.191,5,0.222,5,0.259,7,0.223,12,0.162,25,0.166,53,0.219,56,0.209,55,0.216,53,0.202,71,0.233,92,0.268,120,0.356,129,0.364,185,0.485,152,0.365,135,0.332,84,0.252,68,0.266,65,0.279,54,0.245,37,0.176,53,0.297,21,0.217,8,0.115,9,0.158,5,0.138,5,0.191,6,0.158,18,0.259,29,0.274,34,0.214,46,0.194,52,0.175,61,0.186,58,0.156,67,0.162,95,0.23,98,0.27,67,0.183,68,0.179,63,0.188,58,0.217,55,0.23,55,0.219,44,0.231
Region 7,Region 11,1,0.008,1,0.02,0,0,0,0,0,0,1,0.031,1,0.012,2,0.011,0,0,2,0.006,3,0.01,0,0,2,0.007,4,0.013,3,0.01,6,0.018,9,0.024,5,0.011,6,0.014,9,0.027,2,0.008,1,0.005,1,0.006,4,0.035,1,0.011,0,0,1,0.04,0,0,1,0.054,3,0.09,0,0,1,0.006,0,0,1,0.003,1,0.004,1,0.004,4,0.015,4,0.013,2,0.007,1,0.003,3,0.008,4,0.009,8,0.019,1,0.003,7,0.029,2,0.009,5,0.027,5,0.039,1,0.008,1,0.019,0,0,0,0,0,0,0,0,0,0,0,0,2,0.008,2,0.007,3,0.012,5,0.019,3,0.01,2,0.006,2,0.006,3,0.008,3,0.008,2,0.005,2,0.005,3,0.009,4,0.016,3,0.013,5,0.023,1,0.005,1,0.006,5,0.052,4,0.057,0,0,0,0,2,0.076,1,0.026,0,0,1,0.009,1,0.006,2,0.008,4,0.013,3,0.009,2,0.005,3,0.007,1,0.002,2,0.006,6,0.016,6,0.016,8,0.024,7,0.026,5,0.021,5,0.02,4,0.021
Region 7,Region 12,22,0.184,13,0.258,8,0.271,7,0.331,2,0.111,5,0.156,4,0.047,14,0.075,28,0.085,28,0.077,40,0.139,54,0.204,46,0.16,56,0.182,63,0.208,56,0.17,52,0.138,74,0.168,62,0.143,60,0.183,53,0.215,46,0.21,36,0.203,26,0.226,23,0.246,11,0.26,6,0.238,6,0.326,6,0.325,2,0.06,6,0.073,22,0.123,25,0.083,25,0.077,44,0.163,29,0.112,42,0.153,44,0.144,49,0.162,71,0.216,54,0.149,61,0.145,61,0.146,54,0.166,69,0.282,48,0.212,38,0.202,40,0.311,31,0.258,6,0.115,7,0.222,3,0.133,3,0.155,3,0.096,6,0.081,14,0.093,13,0.054,32,0.119,25,0.098,41,0.156,51,0.167,68,0.198,67,0.199,66,0.186,62,0.163,70,0.168,69,0.17,70,0.21,57,0.223,47,0.202,42,0.19,34,0.162,45,0.252,13,0.134,16,0.229,10,0.175,9,0.248,4,0.153,7,0.184,13,0.187,16,0.151,19,0.12,28,0.118,24,0.081,35,0.107,44,0.118,58,0.141,56,0.136,54,0.149,53,0.145,60,0.158,49,0.146,50,0.187,62,0.259,52,0.207,36,0.189
Region 7,Region 13,26,0.218,19,0.377,14,0.474,9,0.426,4,0.222,5,0.156,16,0.187,32,0.171,65,0.198,83,0.23,84,0.291,56,0.212,95,0.331,95,0.309,104,0.343,116,0.352,143,0.38,130,0.295,151,0.347,117,0.357,92,0.373,72,0.329,81,0.457,45,0.391,36,0.385,15,0.355,7,0.277,9,0.49,5,0.271,5,0.15,18,0.218,31,0.174,69,0.228,49,0.151,55,0.203,69,0.266,79,0.287,111,0.364,103,0.341,113,0.344,146,0.402,134,0.318,140,0.334,82,0.253,93,0.379,106,0.467,68,0.362,56,0.435,42,0.349,28,0.536,20,0.635,13,0.578,5,0.259,6,0.192,11,0.148,30,0.199,50,0.206,63,0.235,57,0.224,72,0.274,68,0.223,95,0.277,110,0.326,97,0.274,108,0.283,124,0.298,124,0.305,76,0.228,108,0.423,83,0.356,83,0.376,63,0.3,57,0.319,27,0.279,30,0.429,21,0.368,15,0.414,14,0.535,7,0.184,15,0.216,31,0.293,32,0.201,46,0.194,79,0.265,93,0.284,86,0.231,131,0.317,123,0.298,100,0.276,100,0.273,87,0.229,70,0.208,70,0.262,84,0.351,53,0.211,49,0.258
Region 7,Region 14,121,1.015,43,0.854,18,0.609,18,0.851,11,0.611,26,0.813,56,0.655,102,0.546,187,0.568,182,0.503,141,0.488,180,0.682,166,0.579,175,0.569,236,0.778,263,0.798,261,0.693,285,0.647,314,0.722,221,0.674,194,0.787,149,0.681,142,0.8,103,0.894,102,1.09,40,0.946,21,0.831,15,0.816,13,0.705,41,1.229,58,0.703,84,0.471,153,0.506,176,0.541,150,0.554,162,0.625,149,0.541,197,0.646,216,0.715,227,0.692,275,0.757,270,0.641,249,0.595,213,0.656,165,0.673,163,0.719,164,0.874,130,1.01,130,1.081,34,0.65,35,1.112,21,0.934,24,1.242,32,1.022,65,0.876,80,0.531,140,0.577,148,0.551,147,0.578,154,0.586,210,0.689,201,0.586,207,0.614,264,0.745,291,0.763,272,0.653,238,0.585,206,0.618,184,0.721,194,0.833,175,0.793,155,0.738,181,1.014,72,0.744,41,0.587,50,0.876,36,0.993,32,1.222,50,1.315,54,0.777,63,0.594,90,0.566,132,0.555,195,0.655,192,0.587,224,0.602,246,0.596,264,0.64,267,0.736,274,0.749,238,0.627,284,0.846,250,0.937,186,0.777,183,0.727,153,0.805
Region 7,Region 15,3,0.025,2,0.04,2,0.068,2,0.095,0,0,0,0,1,0.012,1,0.005,6,0.018,1,0.003,0,0,2,0.008,5,0.017,2,0.006,2,0.007,2,0.006,1,0.003,3,0.007,5,0.011,4,0.012,3,0.012,4,0.018,2,0.011,3,0.026,2,0.021,1,0.024,1,0.04,0,0,0,0,0,0,0,0,1,0.006,0,0,3,0.009,0,0,2,0.008,2,0.007,2,0.007,4,0.013,4,0.012,3,0.008,2,0.005,4,0.01,5,0.015,2,0.008,3,0.013,6,0.032,2,0.016,5,0.042,2,0.038,1,0.032,1,0.044,1,0.052,0,0,0,0,0,0,4,0.016,1,0.004,2,0.008,0,0,3,0.01,5,0.015,2,0.006,7,0.02,6,0.016,3,0.007,5,0.012,5,0.015,2,0.008,4,0.017,2,0.009,3,0.014,1,0.006,0,0,0,0,2,0.035,0,0,0,0,0,0,1,0.014,2,0.019,1,0.006,1,0.004,3,0.01,2,0.006,7,0.019,3,0.007,3,0.007,5,0.014,4,0.011,2,0.005,7,0.021,2,0.007,2,0.008,2,0.008,5,0.026
Region 7,Region 16,3,0.025,1,0.02,0,0,1,0.047,0,0,0,0,1,0.012,4,0.021,6,0.018,15,0.041,12,0.042,9,0.034,13,0.045,18,0.058,19,0.063,20,0.061,16,0.043,26,0.059,25,0.057,22,0.067,11,0.045,7,0.032,4,0.023,5,0.043,5,0.053,1,0.024,0,0,1,0.054,0,0,1,0.03,1,0.012,4,0.022,6,0.02,13,0.04,7,0.026,10,0.039,9,0.033,12,0.039,20,0.066,15,0.046,25,0.069,25,0.059,24,0.057,13,0.04,13,0.053,10,0.044,10,0.053,3,0.023,2,0.017,1,0.019,2,0.064,2,0.089,1,0.052,1,0.032,1,0.013,2,0.013,5,0.021,12,0.045,9,0.035,5,0.019,7,0.023,19,0.055,12,0.036,10,0.028,18,0.047,21,0.05,24,0.059,12,0.036,15,0.059,19,0.082,7,0.032,10,0.048,5,0.028,1,0.01,3,0.043,1,0.018,0,0,0,0,0,0,1,0.014,9,0.085,3,0.019,9,0.038,5,0.017,14,0.043,12,0.032,16,0.039,26,0.063,14,0.039,10,0.027,15,0.039,13,0.039,10,0.037,9,0.038,2,0.008,5,0.026
Region 7,Region 17,55,0.461,23,0.457,19,0.643,18,0.851,8,0.444,7,0.219,16,0.187,35,0.187,90,0.273,148,0.409,137,0.475,67,0.254,105,0.366,105,0.341,107,0.353,138,0.419,135,0.359,123,0.279,128,0.294,126,0.384,90,0.365,94,0.43,93,0.524,60,0.521,56,0.598,16,0.378,9,0.356,11,0.598,11,0.596,6,0.18,10,0.121,26,0.146,76,0.251,97,0.298,85,0.314,72,0.278,76,0.276,83,0.272,101,0.334,106,0.323,131,0.361,125,0.297,131,0.313,112,0.345,103,0.42,88,0.388,76,0.405,80,0.622,72,0.598,26,0.497,19,0.604,17,0.756,13,0.673,9,0.287,10,0.135,27,0.179,54,0.223,88,0.328,75,0.295,51,0.194,73,0.24,86,0.251,120,0.356,125,0.353,123,0.322,160,0.384,129,0.317,105,0.315,72,0.282,76,0.326,94,0.426,82,0.39,77,0.431,48,0.496,28,0.401,36,0.631,25,0.69,12,0.458,8,0.21,26,0.374,24,0.226,34,0.214,49,0.206,67,0.225,87,0.266,106,0.285,149,0.361,194,0.47,142,0.391,126,0.344,143,0.377,111,0.331,89,0.334,97,0.405,86,0.342,85,0.447
Region 7,Region 18,3,0.025,0,0,1,0.034,1,0.047,1,0.056,0,0,2,0.023,0,0,1,0.003,3,0.008,3,0.01,4,0.015,2,0.007,2,0.006,1,0.003,3,0.009,2,0.005,4,0.009,7,0.016,3,0.009,5,0.02,2,0.009,4,0.023,7,0.061,2,0.021,2,0.047,1,0.04,0,0,0,0,1,0.03,6,0.073,1,0.006,3,0.01,0,0,1,0.004,1,0.004,6,0.022,2,0.007,2,0.007,2,0.006,7,0.019,3,0.007,13,0.031,5,0.015,4,0.016,4,0.018,4,0.021,1,0.008,1,0.008,2,0.038,0,0,1,0.044,0,0,0,0,2,0.027,2,0.013,0,0,1,0.004,1,0.004,1,0.004,1,0.003,2,0.006,3,0.009,5,0.014,7,0.018,1,0.002,3,0.007,4,0.012,2,0.008,4,0.017,1,0.005,3,0.014,2,0.011,3,0.031,0,0,2,0.035,0,0,0,0,1,0.026,0,0,0,0,1,0.006,2,0.008,1,0.003,6,0.018,3,0.008,3,0.007,1,0.002,3,0.008,6,0.016,1,0.003,6,0.018,5,0.019,1,0.004,2,0.008,4,0.021
Region 7,Region 19,3,0.025,1,0.02,1,0.034,0,0,2,0.111,0,0,0,0,1,0.005,3,0.009,3,0.008,5,0.017,6,0.023,0,0,2,0.006,3,0.01,2,0.006,7,0.019,9,0.02,4,0.009,7,0.021,2,0.008,6,0.027,4,0.023,3,0.026,0,0,1,0.024,1,0.04,1,0.054,0,0,1,0.03,1,0.012,3,0.017,4,0.013,1,0.003,2,0.007,2,0.008,3,0.011,4,0.013,4,0.013,4,0.012,5,0.014,8,0.019,9,0.021,4,0.012,5,0.02,6,0.026,7,0.037,2,0.016,4,0.033,4,0.077,1,0.032,0,0,0,0,0,0,0,0,1,0.007,3,0.012,2,0.007,2,0.008,2,0.008,4,0.013,6,0.017,2,0.006,3,0.008,13,0.034,10,0.024,11,0.027,6,0.018,3,0.012,3,0.013,8,0.036,7,0.033,4,0.022,3,0.031,0,0,0,0,0,0,2,0.076,0,0,0,0,2,0.019,3,0.019,0,0,4,0.013,4,0.012,11,0.03,5,0.012,5,0.012,6,0.017,6,0.016,8,0.021,10,0.03,8,0.03,5,0.021,5,0.02,8,0.042
Region 7,Region 20,14,0.117,2,0.04,8,0.271,4,0.189,4,0.222,1,0.031,1,0.012,5,0.027,14,0.043,33,0.091,25,0.087,24,0.091,17,0.059,32,0.104,28,0.092,32,0.097,25,0.066,27,0.061,21,0.048,40,0.122,25,0.101,10,0.046,11,0.062,7,0.061,9,0.096,4,0.095,1,0.04,1,0.054,0,0,2,0.06,0,0,9,0.05,15,0.05,30,0.092,30,0.111,22,0.085,16,0.058,31,0.102,28,0.093,27,0.082,33,0.091,37,0.088,28,0.067,24,0.074,30,0.122,18,0.079,23,0.123,19,0.148,21,0.175,5,0.096,6,0.191,3,0.133,2,0.104,4,0.128,0,0,9,0.06,16,0.066,33,0.123,15,0.059,23,0.087,16,0.053,17,0.05,23,0.068,36,0.102,38,0.1,32,0.077,27,0.066,30,0.09,14,0.055,24,0.103,31,0.14,22,0.105,10,0.056,5,0.052,3,0.043,4,0.07,3,0.083,3,0.115,0,0,4,0.058,9,0.085,4,0.025,7,0.029,16,0.054,17,0.052,23,0.062,25,0.061,30,0.073,29,0.08,15,0.041,25,0.066,21,0.063,23,0.086,17,0.071,20,0.079,18,0.095
Region 7,Region 21,16,0.134,10,0.198,4,0.135,3,0.142,2,0.111,5,0.156,5,0.058,13,0.07,27,0.082,19,0.053,27,0.094,25,0.095,33,0.115,50,0.162,42,0.138,40,0.121,59,0.157,74,0.168,86,0.198,68,0.207,42,0.17,34,0.155,27,0.152,29,0.252,20,0.214,8,0.189,3,0.119,3,0.163,0,0,1,0.03,4,0.048,9,0.05,18,0.06,22,0.068,30,0.111,30,0.116,34,0.124,40,0.131,39,0.129,52,0.158,41,0.113,58,0.138,66,0.158,44,0.136,43,0.175,30,0.132,37,0.197,20,0.155,23,0.191,10,0.191,5,0.159,2,0.089,0,0,3,0.096,2,0.027,4,0.027,12,0.049,27,0.101,22,0.087,26,0.099,30,0.098,45,0.131,42,0.124,35,0.099,53,0.139,55,0.132,67,0.165,50,0.15,45,0.176,32,0.137,39,0.177,30,0.143,33,0.185,12,0.124,15,0.215,5,0.088,6,0.166,0,0,3,0.079,5,0.072,9,0.085,14,0.088,24,0.101,25,0.084,39,0.119,39,0.105,35,0.085,48,0.116,43,0.118,51,0.139,52,0.137,41,0.122,43,0.161,25,0.104,22,0.087,30,0.158
Region 7,Region 22,4,0.034,1,0.02,2,0.068,1,0.047,0,0,2,0.063,0,0,1,0.005,3,0.009,10,0.028,10,0.035,4,0.015,6,0.021,5,0.016,10,0.033,8,0.024,11,0.029,15,0.034,14,0.032,11,0.034,3,0.012,5,0.023,8,0.045,1,0.009,2,0.021,0,0,1,0.04,1,0.054,1,0.054,1,0.03,0,0,2,0.011,1,0.003,8,0.025,5,0.018,8,0.031,11,0.04,4,0.013,6,0.02,13,0.04,12,0.033,14,0.033,14,0.033,12,0.037,8,0.033,6,0.026,6,0.032,5,0.039,4,0.033,3,0.057,0,0,0,0,0,0,0,0,1,0.013,1,0.007,4,0.016,4,0.015,6,0.024,4,0.015,4,0.013,5,0.015,9,0.027,11,0.031,12,0.031,13,0.031,5,0.012,14,0.042,11,0.043,6,0.026,7,0.032,9,0.043,10,0.056,1,0.01,6,0.086,2,0.035,5,0.138,1,0.038,1,0.026,0,0,1,0.009,0,0,3,0.013,2,0.007,5,0.015,17,0.046,9,0.022,8,0.019,5,0.014,7,0.019,2,0.005,14,0.042,11,0.041,7,0.029,2,0.008,5,0.026
Region 7,Region 23,17,0.143,11,0.218,10,0.338,4,0.189,4,0.222,8,0.25,29,0.339,37,0.198,41,0.125,45,0.124,40,0.139,33,0.125,49,0.171,58,0.188,59,0.195,70,0.212,112,0.298,113,0.257,95,0.218,56,0.171,65,0.264,55,0.251,45,0.254,19,0.165,36,0.385,11,0.26,11,0.435,4,0.218,8,0.434,9,0.27,17,0.206,36,0.202,48,0.159,46,0.142,34,0.126,51,0.197,43,0.156,34,0.111,49,0.162,69,0.21,87,0.24,124,0.294,123,0.294,69,0.213,47,0.192,33,0.145,41,0.218,33,0.256,38,0.316,19,0.363,9,0.286,8,0.356,6,0.311,9,0.287,24,0.323,38,0.252,41,0.169,35,0.13,36,0.142,35,0.133,55,0.181,55,0.16,62,0.184,85,0.24,88,0.231,86,0.206,71,0.175,49,0.147,59,0.231,54,0.232,54,0.245,39,0.186,38,0.213,23,0.238,12,0.172,14,0.245,14,0.386,8,0.306,13,0.342,18,0.259,30,0.283,27,0.17,34,0.143,49,0.165,59,0.18,49,0.132,57,0.138,60,0.145,55,0.152,64,0.175,59,0.155,68,0.203,39,0.146,66,0.276,51,0.203,66,0.347
Region 7,Region 24,4,0.034,2,0.04,3,0.102,1,0.047,0,0,2,0.063,4,0.047,6,0.032,12,0.036,11,0.03,17,0.059,17,0.064,16,0.056,14,0.045,18,0.059,30,0.091,47,0.125,70,0.159,59,0.136,25,0.076,28,0.114,18,0.082,6,0.034,6,0.052,4,0.043,5,0.118,4,0.158,0,0,1,0.054,2,0.06,2,0.024,6,0.034,12,0.04,11,0.034,16,0.059,7,0.027,13,0.047,15,0.049,24,0.079,20,0.061,59,0.162,58,0.138,64,0.153,32,0.099,16,0.065,10,0.044,13,0.069,5,0.039,9,0.075,5,0.096,3,0.095,1,0.044,1,0.052,0,0,2,0.027,2,0.013,9,0.037,9,0.034,6,0.024,17,0.065,22,0.072,22,0.064,23,0.068,36,0.102,47,0.123,47,0.113,30,0.074,31,0.093,18,0.07,9,0.039,10,0.045,15,0.071,18,0.101,4,0.041,0,0,2,0.035,4,0.11,2,0.076,2,0.053,3,0.043,8,0.075,8,0.05,14,0.059,13,0.044,16,0.049,22,0.059,27,0.065,23,0.056,32,0.088,36,0.098,24,0.063,21,0.063,16,0.06,14,0.058,15,0.06,7,0.037
Region 7,Region 25,6,0.05,1,0.02,3,0.102,3,0.142,1,0.056,0,0,3,0.035,6,0.032,5,0.015,14,0.039,10,0.035,10,0.038,7,0.024,10,0.032,11,0.036,9,0.027,5,0.013,12,0.027,10,0.023,18,0.055,17,0.069,9,0.041,6,0.034,2,0.017,1,0.011,1,0.024,2,0.079,1,0.054,0,0,2,0.06,1,0.012,0,0,4,0.013,5,0.015,5,0.018,8,0.031,9,0.033,6,0.02,6,0.02,7,0.021,5,0.014,4,0.009,21,0.05,10,0.031,10,0.041,9,0.04,5,0.027,3,0.023,2,0.017,3,0.057,1,0.032,0,0,2,0.104,0,0,3,0.04,2,0.013,3,0.012,3,0.011,4,0.016,3,0.011,8,0.026,2,0.006,5,0.015,9,0.025,7,0.018,9,0.022,4,0.01,15,0.045,8,0.031,4,0.017,9,0.041,10,0.048,3,0.017,6,0.062,1,0.014,4,0.07,1,0.028,3,0.115,2,0.053,1,0.014,4,0.038,9,0.057,3,0.013,4,0.013,8,0.024,2,0.005,11,0.027,13,0.032,11,0.03,10,0.027,9,0.024,7,0.021,9,0.034,7,0.029,8,0.032,8,0.042
Region 8,Region 0,22,0.184,12,0.238,3,0.102,4,0.189,6,0.333,11,0.344,35,0.409,57,0.305,78,0.237,80,0.221,57,0.197,50,0.189,77,0.269,57,0.185,67,0.221,68,0.206,51,0.135,63,0.143,50,0.115,61,0.186,56,0.227,57,0.26,38,0.214,24,0.208,35,0.374,13,0.307,2,0.079,4,0.218,3,0.163,10,0.3,34,0.412,65,0.364,54,0.179,41,0.126,76,0.281,75,0.289,80,0.291,85,0.279,75,0.248,69,0.21,63,0.173,51,0.121,49,0.117,57,0.176,59,0.241,61,0.269,44,0.234,32,0.249,28,0.233,10,0.191,6,0.191,3,0.133,1,0.052,9,0.287,23,0.31,46,0.305,79,0.326,67,0.249,61,0.24,78,0.297,75,0.246,73,0.213,71,0.21,63,0.178,72,0.189,60,0.144,69,0.17,59,0.177,54,0.211,55,0.236,44,0.199,42,0.2,38,0.213,17,0.176,18,0.258,6,0.105,6,0.166,5,0.191,9,0.237,23,0.331,32,0.302,49,0.308,57,0.24,84,0.282,92,0.281,81,0.218,80,0.194,81,0.196,61,0.168,82,0.224,75,0.197,70,0.208,54,0.202,59,0.246,54,0.215,38,0.2
Region 8,Region 1,23,0.193,6,0.119,6,0.203,6,0.284,5,0.278,5,0.156,18,0.21,47,0.252,80,0.243,95,0.263,61,0.211,61,0.231,68,0.237,70,0.227,68,0.224,77,0.234,98,0.26,123,0.279,140,0.322,104,0.317,63,0.256,48,0.219,43,0.242,29,0.252,17,0.182,11,0.26,4,0.158,1,0.054,3,0.163,4,0.12,9,0.109,38,0.213,73,0.241,90,0.277,72,0.266,59,0.228,75,0.272,79,0.259,77,0.255,76,0.232,78,0.215,111,0.263,111,0.265,113,0.348,74,0.302,72,0.317,51,0.272,40,0.311,29,0.241,13,0.249,3,0.095,3,0.133,0,0,5,0.16,22,0.296,39,0.259,45,0.186,72,0.268,58,0.228,56,0.213,77,0.253,89,0.259,101,0.299,84,0.237,115,0.301,133,0.319,142,0.349,142,0.426,100,0.392,85,0.365,77,0.349,84,0.4,90,0.504,25,0.258,17,0.243,15,0.263,10,0.276,5,0.191,6,0.158,21,0.302,34,0.321,62,0.39,56,0.236,78,0.262,95,0.29,74,0.199,95,0.23,97,0.235,96,0.264,118,0.323,143,0.377,104,0.31,92,0.345,93,0.388,89,0.354,99,0.521
Region 8,Region 2,25,0.21,16,0.318,3,0.102,5,0.236,2,0.111,14,0.438,45,0.526,72,0.385,132,0.401,138,0.382,81,0.281,62,0.235,53,0.185,53,0.172,52,0.171,40,0.121,43,0.114,46,0.104,44,0.101,51,0.156,46,0.187,38,0.174,39,0.22,27,0.234,26,0.278,17,0.402,5,0.198,2,0.109,4,0.217,11,0.33,35,0.424,73,0.409,120,0.397,128,0.394,69,0.255,58,0.224,69,0.251,50,0.164,54,0.179,51,0.155,48,0.132,53,0.126,58,0.138,59,0.182,43,0.175,42,0.185,50,0.266,37,0.287,37,0.308,17,0.325,4,0.127,5,0.222,6,0.311,15,0.479,36,0.485,50,0.332,88,0.363,93,0.346,87,0.342,118,0.449,177,0.581,178,0.519,75,0.222,64,0.181,74,0.194,117,0.281,247,0.607,254,0.762,92,0.36,67,0.288,94,0.426,79,0.376,73,0.409,26,0.269,8,0.115,12,0.21,7,0.193,3,0.115,20,0.526,25,0.36,37,0.349,64,0.403,82,0.345,100,0.336,77,0.235,91,0.245,104,0.252,108,0.262,132,0.364,229,0.626,244,0.643,94,0.28,75,0.281,73,0.305,94,0.374,67,0.352
Region 8,Region 3,5,0.042,3,0.06,1,0.034,1,0.047,1,0.056,0,0,0,0,3,0.016,11,0.033,12,0.033,20,0.069,16,0.061,19,0.066,17,0.055,20,0.066,22,0.067,30,0.08,23,0.052,28,0.064,26,0.079,13,0.053,14,0.064,11,0.062,8,0.069,8,0.085,1,0.024,0,0,0,0,0,0,0,0,3,0.036,8,0.045,11,0.036,15,0.046,13,0.048,17,0.066,16,0.058,24,0.079,13,0.043,18,0.055,30,0.083,33,0.078,23,0.055,24,0.074,15,0.061,12,0.053,10,0.053,4,0.031,10,0.083,1,0.019,1,0.032,0,0,0,0,1,0.032,0,0,3,0.02,13,0.054,12,0.045,16,0.063,20,0.076,13,0.043,21,0.061,25,0.074,28,0.079,28,0.073,25,0.06,24,0.059,14,0.042,18,0.07,18,0.077,6,0.027,8,0.038,6,0.034,6,0.062,2,0.029,1,0.018,0,0,0,0,0,0,2,0.029,5,0.047,10,0.063,12,0.05,24,0.081,16,0.049,24,0.065,26,0.063,28,0.068,23,0.063,24,0.066,19,0.05,19,0.057,8,0.03,18,0.075,14,0.056,10,0.053
Region 8,Region 4,13,0.109,5,0.099,1,0.034,2,0.095,1,0.056,1,0.031,5,0.058,14,0.075,15,0.046,17,0.047,26,0.09,25,0.095,35,0.122,22,0.071,25,0.082,21,0.064,36,0.096,26,0.059,34,0.078,34,0.104,30,0.122,33,0.151,28,0.158,15,0.13,8,0.085,3,0.071,1,0.04,0,0,0,0,0,0,8,0.097,9,0.05,26,0.086,28,0.086,25,0.092,27,0.104,23,0.084,21,0.069,20,0.066,21,0.064,25,0.069,41,0.097,33,0.079,34,0.105,46,0.188,33,0.145,39,0.208,20,0.155,20,0.166,5,0.096,0,0,2,0.089,3,0.155,1,0.032,4,0.054,12,0.08,24,0.099,31,0.115,32,0.126,32,0.122,33,0.108,38,0.111,43,0.127,42,0.119,40,0.105,47,0.113,47,0.116,46,0.138,51,0.2,39,0.167,27,0.122,45,0.214,42,0.235,15,0.155,4,0.057,6,0.105,1,0.028,4,0.153,3,0.079,7,0.101,14,0.132,24,0.151,38,0.16,40,0.134,43,0.131,49,0.132,44,0.107,40,0.097,44,0.121,46,0.126,53,0.14,57,0.17,46,0.172,52,0.217,52,0.207,57,0.3
Region 8,Region 5,13,0.109,6,0.119,5,0.169,5,0.236,3,0.167,14,0.438,34,0.397,80,0.428,67,0.204,26,0.072,55,0.191,99,0.375,87,0.303,97,0.315,85,0.28,67,0.203,39,0.104,23,0.052,31,0.071,56,0.171,40,0.162,47,0.215,24,0.135,17,0.148,18,0.192,4,0.095,0,0,2,0.109,5,0.271,6,0.18,25,0.303,66,0.37,74,0.245,74,0.228,76,0.281,98,0.378,90,0.327,80,0.262,91,0.301,70,0.213,27,0.074,17,0.04,24,0.057,36,0.111,32,0.131,37,0.163,51,0.272,20,0.155,24,0.199,7,0.134,0,0,0,0,2,0.104,6,0.192,23,0.31,72,0.478,81,0.334,80,0.298,91,0.358,94,0.357,109,0.358,90,0.262,104,0.308,83,0.234,59,0.155,58,0.139,99,0.243,73,0.219,35,0.137,34,0.146,44,0.199,37,0.176,26,0.146,10,0.103,3,0.043,4,0.07,4,0.11,4,0.153,10,0.263,18,0.259,23,0.217,47,0.296,65,0.273,84,0.282,86,0.263,102,0.274,111,0.269,116,0.281,117,0.322,115,0.314,99,0.261,72,0.214,57,0.214,63,0.263,47,0.187,31,0.163
Region 8,Region 6,6,0.05,2,0.04,1,0.034,0,0,3,0.167,3,0.094,10,0.117,16,0.086,27,0.082,20,0.055,23,0.08,19,0.072,10,0.035,23,0.075,25,0.082,21,0.064,35,0.093,53,0.12,51,0.117,28,0.085,25,0.101,9,0.041,10,0.056,9,0.078,12,0.128,2,0.047,0,0,1,0.054,0,0,1,0.03,5,0.061,5,0.028,13,0.043,15,0.046,15,0.055,16,0.062,17,0.062,20,0.066,21,0.069,33,0.101,45,0.124,46,0.109,46,0.11,33,0.102,27,0.11,24,0.106,20,0.107,13,0.101,8,0.066,7,0.134,2,0.064,0,0,0,0,2,0.064,3,0.04,6,0.04,11,0.045,21,0.078,16,0.063,16,0.061,28,0.092,31,0.09,29,0.086,29,0.082,39,0.102,48,0.115,54,0.133,41,0.123,28,0.11,24,0.103,24,0.109,12,0.057,13,0.073,13,0.134,3,0.043,2,0.035,1,0.028,2,0.076,2,0.053,2,0.029,5,0.047,9,0.057,19,0.08,34,0.114,32,0.098,52,0.14,43,0.104,36,0.087,41,0.113,56,0.153,48,0.126,42,0.125,29,0.109,30,0.125,18,0.072,16,0.084
Region 8,Region 7,28,0.235,10,0.198,3,0.102,9,0.426,8,0.444,12,0.375,33,0.386,72,0.385,94,0.286,79,0.219,60,0.208,88,0.333,72,0.251,81,0.263,88,0.29,100,0.303,56,0.149,76,0.173,77,0.177,97,0.296,67,0.272,67,0.306,75,0.423,34,0.295,29,0.31,16,0.378,11,0.435,5,0.272,6,0.325,12,0.36,27,0.327,48,0.269,64,0.212,92,0.283,73,0.27,82,0.316,97,0.352,86,0.282,84,0.278,71,0.216,55,0.151,70,0.166,84,0.201,106,0.327,85,0.347,72,0.317,66,0.352,35,0.272,42,0.349,24,0.459,13,0.413,7,0.311,9,0.466,12,0.383,26,0.35,66,0.438,73,0.301,95,0.354,77,0.303,91,0.346,97,0.318,101,0.294,89,0.264,112,0.316,101,0.265,111,0.266,141,0.347,123,0.369,80,0.313,84,0.361,75,0.34,82,0.39,66,0.37,32,0.331,23,0.329,8,0.14,15,0.414,5,0.191,16,0.421,30,0.432,38,0.359,42,0.264,73,0.307,89,0.299,82,0.251,106,0.285,132,0.32,122,0.296,121,0.333,126,0.344,131,0.345,122,0.363,83,0.311,91,0.38,79,0.314,68,0.358
Region 8,Region 8,311,2.608,160,3.176,80,2.707,67,3.168,63,3.5,108,3.377,323,3.776,695,3.72,1306,3.968,1459,4.036,1125,3.897,978,3.703,1096,3.822,1160,3.769,1189,3.921,1322,4.012,1571,4.173,1774,4.03,1830,4.207,1056,3.22,784,3.181,723,3.304,542,3.055,323,2.805,293,3.13,119,2.815,81,3.207,48,2.612,66,3.577,137,4.105,342,4.145,706,3.958,1221,4.039,1255,3.861,970,3.583,1024,3.949,1121,4.073,1256,4.116,1192,3.945,1377,4.196,1616,4.449,1894,4.494,1782,4.255,1308,4.031,767,3.129,733,3.232,567,3.021,390,3.03,349,2.901,179,3.424,92,2.922,60,2.668,68,3.52,118,3.768,278,3.746,555,3.683,1031,4.251,1105,4.115,998,3.927,1029,3.913,1126,3.696,1342,3.912,1356,4.019,1491,4.207,1771,4.642,1768,4.243,1774,4.361,1077,3.232,913,3.576,779,3.343,663,3.004,555,2.642,474,2.656,251,2.594,142,2.033,111,1.945,100,2.759,87,3.323,116,3.052,205,2.951,349,3.293,537,3.38,815,3.429,967,3.248,1042,3.185,1235,3.319,1324,3.209,1447,3.508,1261,3.474,1240,3.39,1209,3.184,992,2.954,857,3.213,752,3.141,740,2.941,610,3.209
Region 8,Region 9,4,0.034,0,0,0,0,0,0,1,0.056,1,0.031,6,0.07,2,0.011,9,0.027,8,0.022,12,0.042,17,0.064,17,0.059,17,0.055,9,0.03,13,0.039,23,0.061,35,0.08,23,0.053,15,0.046,16,0.065,11,0.05,2,0.011,4,0.035,4,0.043,3,0.071,0,0,0,0,3,0.163,4,0.12,6,0.073,4,0.022,12,0.04,9,0.028,11,0.041,9,0.035,11,0.04,8,0.026,16,0.053,13,0.04,20,0.055,31,0.074,34,0.081,13,0.04,15,0.061,10,0.044,6,0.032,7,0.054,2,0.017,3,0.057,1,0.032,0,0,5,0.259,3,0.096,0,0,4,0.027,11,0.045,9,0.034,18,0.071,19,0.072,23,0.075,25,0.073,11,0.033,20,0.056,11,0.029,21,0.05,34,0.084,17,0.051,12,0.047,13,0.056,5,0.023,6,0.029,8,0.045,6,0.062,7,0.1,2,0.035,1,0.028,3,0.115,3,0.079,6,0.086,6,0.057,8,0.05,15,0.063,16,0.054,21,0.064,15,0.04,14,0.034,29,0.07,20,0.055,19,0.052,11,0.029,12,0.036,9,0.034,9,0.038,13,0.052,4,0.021
Region 8,Region 10,28,0.235,10,0.198,7,0.237,6,0.284,8,0.444,15,0.469,23,0.269,62,0.332,90,0.273,95,0.263,78,0.27,67,0.254,88,0.307,73,0.237,67,0.221,70,0.212,100,0.266,118,0.268,107,0.246,91,0.277,52,0.211,41,0.187,51,0.287,24,0.208,23,0.246,7,0.166,7,0.277,7,0.381,9,0.488,10,0.3,26,0.315,63,0.353,88,0.291,110,0.338,80,0.296,63,0.243,68,0.247,71,0.233,69,0.228,86,0.262,91,0.251,106,0.252,99,0.236,81,0.25,52,0.212,53,0.234,51,0.272,34,0.264,27,0.224,12,0.23,9,0.286,7,0.311,7,0.362,13,0.415,25,0.337,42,0.279,71,0.293,79,0.294,95,0.374,70,0.266,78,0.256,70,0.204,65,0.193,71,0.2,91,0.239,119,0.286,101,0.248,80,0.24,68,0.266,56,0.24,45,0.204,32,0.152,38,0.213,16,0.165,6,0.086,13,0.228,11,0.303,10,0.382,5,0.132,10,0.144,25,0.236,37,0.233,49,0.206,61,0.205,65,0.199,83,0.223,80,0.194,86,0.208,80,0.22,76,0.208,72,0.19,56,0.167,49,0.184,54,0.226,43,0.171,45,0.237
Region 8,Region 11,5,0.042,5,0.099,2,0.068,5,0.236,1,0.056,0,0,5,0.058,17,0.091,15,0.046,12,0.033,12,0.042,10,0.038,13,0.045,15,0.049,15,0.049,15,0.046,14,0.037,17,0.039,18,0.041,16,0.049,17,0.069,10,0.046,11,0.062,8,0.069,9,0.096,5,0.118,1,0.04,1,0.054,0,0,0,0,4,0.048,14,0.078,26,0.086,12,0.037,12,0.044,14,0.054,12,0.044,10,0.033,19,0.063,22,0.067,22,0.061,23,0.055,24,0.057,17,0.052,15,0.061,14,0.062,13,0.069,14,0.109,7,0.058,4,0.077,1,0.032,2,0.089,0,0,0,0,5,0.067,16,0.106,16,0.066,9,0.034,7,0.028,8,0.03,7,0.023,8,0.023,9,0.027,14,0.04,17,0.045,21,0.05,24,0.059,14,0.042,16,0.063,10,0.043,10,0.045,10,0.048,11,0.062,7,0.072,4,0.057,8,0.14,3,0.083,0,0,3,0.079,3,0.043,9,0.085,4,0.025,14,0.059,13,0.044,8,0.024,7,0.019,17,0.041,16,0.039,19,0.052,24,0.066,16,0.042,18,0.054,15,0.056,10,0.042,11,0.044,14,0.074
Region 8,Region 12,38,0.319,30,0.595,6,0.203,4,0.189,4,0.222,18,0.563,50,0.584,91,0.487,88,0.267,120,0.332,95,0.329,96,0.364,104,0.363,117,0.38,89,0.293,102,0.31,107,0.284,151,0.343,132,0.303,102,0.311,85,0.345,67,0.306,37,0.209,24,0.208,38,0.406,14,0.331,8,0.317,3,0.163,5,0.271,7,0.21,35,0.424,77,0.432,93,0.308,105,0.323,83,0.307,82,0.316,98,0.356,99,0.324,111,0.367,122,0.372,88,0.242,113,0.268,141,0.337,119,0.367,68,0.277,77,0.339,56,0.298,53,0.412,52,0.432,14,0.268,10,0.318,7,0.311,7,0.362,16,0.511,36,0.485,63,0.418,75,0.309,100,0.372,86,0.338,84,0.319,102,0.335,154,0.449,107,0.317,114,0.322,118,0.309,164,0.394,152,0.374,90,0.27,79,0.309,80,0.343,74,0.335,65,0.309,66,0.37,27,0.279,18,0.258,17,0.298,8,0.221,4,0.153,10,0.263,15,0.216,28,0.264,57,0.359,69,0.29,63,0.212,96,0.293,136,0.366,166,0.402,202,0.49,145,0.399,127,0.347,123,0.324,115,0.342,72,0.27,68,0.284,77,0.306,39,0.205
Region 8,Region 13,115,0.964,33,0.655,19,0.643,21,0.993,19,1.056,44,1.376,156,1.823,346,1.852,520,1.58,462,1.278,352,1.219,347,1.314,401,1.398,308,1.001,368,1.214,355,1.077,294,0.781,308,0.7,333,0.766,300,0.915,268,1.088,230,1.051,183,1.031,106,0.92,129,1.378,65,1.537,27,1.069,29,1.578,22,1.192,47,1.408,152,1.842,368,2.063,436,1.442,286,0.88,346,1.278,369,1.423,340,1.235,398,1.304,365,1.208,342,1.042,312,0.859,318,0.755,319,0.762,313,0.965,252,1.028,272,1.199,267,1.423,175,1.36,131,1.089,56,1.071,25,0.794,12,0.534,13,0.673,40,1.277,135,1.819,268,1.778,414,1.707,388,1.445,381,1.499,385,1.464,447,1.467,415,1.21,450,1.334,433,1.222,398,1.043,406,0.974,431,1.06,328,0.984,296,1.159,254,1.09,236,1.069,218,1.038,185,1.037,91,0.94,54,0.773,26,0.456,21,0.579,26,0.993,66,1.736,74,1.065,158,1.491,226,1.422,371,1.561,415,1.394,457,1.397,482,1.295,510,1.236,491,1.19,454,1.251,442,1.208,430,1.132,352,1.048,334,1.252,294,1.228,264,1.049,260,1.368
Region 8,Region 14,24,0.201,16,0.318,10,0.338,7,0.331,13,0.722,14,0.438,19,0.222,75,0.401,161,0.489,161,0.445,144,0.499,132,0.5,156,0.544,144,0.468,145,0.478,131,0.398,90,0.239,60,0.136,82,0.189,107,0.326,93,0.377,63,0.288,67,0.378,38,0.33,23,0.246,10,0.237,6,0.238,11,0.598,15,0.813,14,0.42,22,0.267,98,0.549,139,0.46,155,0.477,122,0.451,126,0.486,124,0.451,152,0.498,154,0.51,157,0.478,117,0.322,54,0.128,65,0.155,102,0.314,87,0.355,74,0.326,64,0.341,33,0.256,36,0.299,15,0.287,5,0.159,4,0.178,7,0.362,10,0.319,30,0.404,49,0.325,102,0.421,116,0.432,132,0.519,140,0.532,179,0.587,204,0.595,198,0.587,212,0.598,152,0.398,127,0.305,129,0.317,99,0.297,101,0.396,71,0.305,74,0.335,61,0.29,56,0.314,27,0.279,26,0.372,22,0.386,19,0.524,17,0.649,16,0.421,34,0.489,43,0.406,91,0.573,126,0.53,148,0.497,162,0.495,162,0.435,191,0.463,169,0.41,198,0.546,191,0.522,173,0.456,132,0.393,96,0.36,91,0.38,69,0.274,75,0.395
Region 8,Region 15,5,0.042,1,0.02,2,0.068,1,0.047,0,0,0,0,6,0.07,8,0.043,12,0.036,12,0.033,7,0.024,19,0.072,14,0.049,9,0.029,12,0.04,13,0.039,25,0.066,22,0.05,25,0.057,15,0.046,10,0.041,13,0.059,9,0.051,8,0.069,15,0.16,3,0.071,2,0.079,1,0.054,0,0,3,0.09,3,0.036,6,0.034,11,0.036,9,0.028,9,0.033,13,0.05,21,0.076,21,0.069,11,0.036,10,0.03,15,0.041,17,0.04,17,0.041,8,0.025,10,0.041,10,0.044,12,0.064,4,0.031,14,0.116,3,0.057,1,0.032,4,0.178,3,0.155,2,0.064,6,0.081,6,0.04,7,0.029,15,0.056,6,0.024,14,0.053,13,0.043,16,0.047,18,0.053,17,0.048,16,0.042,10,0.024,16,0.039,18,0.054,13,0.051,9,0.039,14,0.063,14,0.067,12,0.067,4,0.041,5,0.072,2,0.035,1,0.028,1,0.038,4,0.105,1,0.014,3,0.028,9,0.057,14,0.059,17,0.057,17,0.052,22,0.059,21,0.051,24,0.058,21,0.058,25,0.068,22,0.058,23,0.068,24,0.09,17,0.071,12,0.048,13,0.068
Region 8,Region 16,5,0.042,1,0.02,0,0,0,0,0,0,0,0,4,0.047,13,0.07,7,0.021,11,0.03,18,0.062,9,0.034,10,0.035,17,0.055,14,0.046,18,0.055,21,0.056,15,0.034,19,0.044,15,0.046,11,0.045,12,0.055,11,0.062,8,0.069,8,0.085,1,0.024,0,0,0,0,0,0,1,0.03,5,0.061,7,0.039,7,0.023,9,0.028,18,0.066,11,0.042,10,0.036,18,0.059,16,0.053,7,0.021,12,0.033,20,0.047,18,0.043,13,0.04,7,0.029,6,0.026,8,0.043,3,0.023,2,0.017,3,0.057,0,0,0,0,0,0,0,0,3,0.04,6,0.04,10,0.041,12,0.045,14,0.055,15,0.057,7,0.023,13,0.038,25,0.074,15,0.042,29,0.076,27,0.065,29,0.071,25,0.075,13,0.051,4,0.017,3,0.014,6,0.029,3,0.017,4,0.041,0,0,0,0,0,0,0,0,2,0.053,12,0.173,17,0.16,5,0.031,14,0.059,19,0.064,15,0.046,15,0.04,19,0.046,17,0.041,25,0.069,19,0.052,13,0.034,19,0.057,21,0.079,4,0.017,6,0.024,4,0.021
Region 8,Region 17,74,0.62,42,0.834,23,0.778,17,0.804,10,0.556,40,1.251,119,1.391,333,1.783,655,1.99,605,1.673,305,1.056,209,0.791,206,0.718,236,0.767,223,0.735,221,0.671,205,0.545,190,0.432,249,0.572,243,0.741,181,0.734,120,0.548,121,0.682,90,0.781,85,0.908,39,0.922,19,0.752,12,0.653,14,0.759,27,0.809,106,1.285,272,1.525,521,1.723,470,1.446,260,0.96,198,0.764,198,0.719,227,0.744,217,0.718,252,0.768,235,0.647,238,0.565,280,0.669,247,0.761,174,0.71,174,0.767,165,0.879,116,0.901,108,0.898,50,0.956,20,0.635,12,0.534,12,0.621,31,0.99,72,0.97,180,1.195,328,1.352,332,1.236,267,1.051,233,0.886,311,1.021,385,1.122,295,0.874,332,0.937,302,0.792,409,0.981,495,1.217,452,1.357,264,1.034,233,1,229,1.037,230,1.095,231,1.294,95,0.982,54,0.773,40,0.701,26,0.717,24,0.917,28,0.737,67,0.965,86,0.811,147,0.925,243,1.022,335,1.125,426,1.302,735,1.975,1129,2.736,939,2.276,412,1.135,484,1.323,440,1.159,289,0.861,225,0.844,232,0.969,262,1.041,229,1.205
Region 8,Region 18,4,0.034,1,0.02,5,0.169,2,0.095,1,0.056,2,0.063,4,0.047,10,0.054,11,0.033,7,0.019,8,0.028,6,0.023,4,0.014,11,0.036,10,0.033,10,0.03,12,0.032,15,0.034,15,0.034,12,0.037,15,0.061,6,0.027,1,0.006,5,0.043,9,0.096,1,0.024,0,0,1,0.054,1,0.054,0,0,3,0.036,6,0.034,10,0.033,7,0.022,5,0.018,12,0.046,11,0.04,4,0.013,2,0.007,7,0.021,9,0.025,8,0.019,16,0.038,11,0.034,8,0.033,2,0.009,6,0.032,5,0.039,8,0.066,4,0.077,2,0.064,0,0,0,0,0,0,4,0.054,11,0.073,8,0.033,8,0.03,10,0.039,10,0.038,5,0.016,9,0.026,13,0.039,15,0.042,8,0.021,10,0.024,12,0.029,11,0.033,9,0.035,11,0.047,13,0.059,6,0.029,4,0.022,5,0.052,2,0.029,0,0,1,0.028,0,0,1,0.026,3,0.043,1,0.009,5,0.031,2,0.008,3,0.01,8,0.024,12,0.032,14,0.034,13,0.032,16,0.044,13,0.036,15,0.039,9,0.027,7,0.026,4,0.017,6,0.024,3,0.016
Region 8,Region 19,2,0.017,2,0.04,1,0.034,2,0.095,0,0,1,0.031,4,0.047,4,0.021,5,0.015,8,0.022,7,0.024,7,0.027,12,0.042,8,0.026,6,0.02,8,0.024,13,0.035,19,0.043,23,0.053,13,0.04,7,0.028,8,0.037,6,0.034,5,0.043,3,0.032,2,0.047,2,0.079,1,0.054,0,0,0,0,1,0.012,6,0.034,17,0.056,5,0.015,6,0.022,7,0.027,2,0.007,6,0.02,8,0.026,11,0.034,21,0.058,24,0.057,13,0.031,12,0.037,6,0.024,7,0.031,9,0.048,2,0.016,5,0.042,1,0.019,1,0.032,0,0,0,0,1,0.032,0,0,3,0.02,8,0.033,8,0.03,6,0.024,10,0.038,8,0.026,11,0.032,16,0.047,10,0.028,13,0.034,16,0.038,10,0.025,17,0.051,9,0.035,5,0.021,10,0.045,4,0.019,8,0.045,3,0.031,2,0.029,1,0.018,0,0,1,0.038,0,0,1,0.014,0,0,6,0.038,15,0.063,14,0.047,15,0.046,17,0.046,7,0.017,7,0.017,7,0.019,12,0.033,10,0.026,11,0.033,8,0.03,6,0.025,10,0.04,10,0.053
Region 8,Region 20,81,0.679,37,0.734,19,0.643,16,0.757,11,0.611,48,1.501,161,1.882,364,1.949,477,1.449,506,1.4,323,1.119,239,0.905,218,0.76,255,0.828,249,0.821,249,0.756,279,0.741,291,0.661,306,0.704,260,0.793,180,0.73,160,0.731,116,0.654,88,0.764,73,0.78,33,0.781,18,0.713,8,0.435,11,0.596,37,1.109,152,1.842,316,1.772,436,1.442,444,1.366,283,1.045,237,0.914,211,0.767,253,0.829,232,0.768,227,0.692,226,0.622,265,0.629,282,0.673,217,0.669,175,0.714,154,0.679,132,0.703,110,0.855,101,0.839,42,0.803,18,0.572,18,0.8,16,0.828,35,1.117,117,1.576,276,1.832,368,1.517,343,1.277,238,0.936,233,0.886,220,0.722,254,0.74,231,0.685,257,0.725,238,0.624,279,0.669,269,0.661,243,0.729,177,0.693,197,0.845,217,0.983,173,0.824,167,0.936,100,1.033,50,0.716,39,0.683,21,0.579,23,0.879,47,1.237,121,1.742,95,0.896,133,0.837,138,0.581,155,0.521,189,0.578,237,0.637,303,0.734,328,0.795,212,0.584,194,0.53,196,0.516,211,0.628,158,0.592,158,0.66,205,0.815,173,0.91
Region 8,Region 21,10,0.084,2,0.04,1,0.034,1,0.047,1,0.056,1,0.031,2,0.023,6,0.032,15,0.046,17,0.047,28,0.097,34,0.129,22,0.077,22,0.071,21,0.069,30,0.091,27,0.072,26,0.059,33,0.076,26,0.079,32,0.13,27,0.123,25,0.141,19,0.165,11,0.118,5,0.118,1,0.04,0,0,2,0.108,2,0.06,5,0.061,16,0.09,19,0.063,23,0.071,23,0.085,23,0.089,30,0.109,30,0.098,24,0.079,18,0.055,20,0.055,25,0.059,29,0.069,35,0.108,27,0.11,34,0.15,24,0.128,16,0.124,12,0.1,1,0.019,2,0.064,1,0.044,0,0,1,0.032,3,0.04,7,0.046,17,0.07,24,0.089,31,0.122,36,0.137,37,0.121,36,0.105,45,0.133,41,0.116,52,0.136,46,0.11,40,0.098,38,0.114,34,0.133,35,0.15,22,0.1,23,0.11,21,0.118,6,0.062,4,0.057,1,0.018,3,0.083,1,0.038,0,0,5,0.072,12,0.113,11,0.069,22,0.093,31,0.104,29,0.089,42,0.113,41,0.099,44,0.107,55,0.152,49,0.134,31,0.082,31,0.092,29,0.109,22,0.092,19,0.076,24,0.126
Region 8,Region 22,9,0.075,5,0.099,4,0.135,3,0.142,2,0.111,0,0,3,0.035,16,0.086,42,0.128,42,0.116,62,0.215,50,0.189,69,0.241,66,0.214,73,0.241,72,0.219,107,0.284,109,0.248,129,0.297,83,0.253,58,0.235,53,0.242,41,0.231,20,0.174,9,0.096,5,0.118,3,0.119,5,0.272,1,0.054,1,0.03,4,0.048,7,0.039,40,0.132,47,0.145,47,0.174,54,0.208,67,0.243,75,0.246,67,0.222,72,0.219,86,0.237,113,0.268,146,0.349,100,0.308,61,0.249,53,0.234,32,0.17,15,0.117,20,0.166,10,0.191,2,0.064,3,0.133,3,0.155,1,0.032,6,0.081,13,0.086,38,0.157,46,0.171,51,0.201,65,0.247,84,0.276,89,0.259,81,0.24,88,0.248,92,0.241,102,0.245,109,0.268,80,0.24,71,0.278,61,0.262,36,0.163,28,0.133,26,0.146,15,0.155,8,0.115,3,0.053,1,0.028,3,0.115,5,0.132,4,0.058,17,0.16,33,0.208,46,0.194,64,0.215,62,0.19,83,0.223,69,0.167,78,0.189,73,0.201,88,0.241,65,0.171,51,0.152,46,0.172,47,0.196,32,0.127,36,0.189
Region 8,Region 23,36,0.302,16,0.318,13,0.44,11,0.52,12,0.667,18,0.563,32,0.374,77,0.412,73,0.222,70,0.194,67,0.232,86,0.326,98,0.342,110,0.357,105,0.346,86,0.261,69,0.183,92,0.209,73,0.168,77,0.235,64,0.26,80,0.366,57,0.321,28,0.243,34,0.363,19,0.449,13,0.515,5,0.272,7,0.379,14,0.42,34,0.412,66,0.37,90,0.298,60,0.185,102,0.377,102,0.393,98,0.356,117,0.383,83,0.275,89,0.271,67,0.184,73,0.173,62,0.148,88,0.271,83,0.339,100,0.441,90,0.48,43,0.334,33,0.274,18,0.344,11,0.349,4,0.178,6,0.311,10,0.319,31,0.418,65,0.431,97,0.4,104,0.387,123,0.484,114,0.434,120,0.394,97,0.283,119,0.353,113,0.319,119,0.312,83,0.199,101,0.248,94,0.282,93,0.364,91,0.391,74,0.335,49,0.233,53,0.297,34,0.351,24,0.344,19,0.333,13,0.359,7,0.267,16,0.421,27,0.389,60,0.566,79,0.497,121,0.509,150,0.504,125,0.382,148,0.398,147,0.356,166,0.402,148,0.408,138,0.377,118,0.311,133,0.396,121,0.454,92,0.384,91,0.362,67,0.352
Region 8,Region 24,5,0.042,1,0.02,1,0.034,0,0,0,0,1,0.031,2,0.023,3,0.016,4,0.012,12,0.033,10,0.035,8,0.03,7,0.024,18,0.058,16,0.053,9,0.027,12,0.032,18,0.041,16,0.037,18,0.055,16,0.065,9,0.041,6,0.034,7,0.061,3,0.032,1,0.024,2,0.079,0,0,0,0,0,0,1,0.012,4,0.022,8,0.026,9,0.028,11,0.041,9,0.035,15,0.054,7,0.023,10,0.033,14,0.043,10,0.028,15,0.036,14,0.033,12,0.037,9,0.037,9,0.04,8,0.043,7,0.054,2,0.017,1,0.019,4,0.127,0,0,0,0,0,0,1,0.013,3,0.02,5,0.021,9,0.034,14,0.055,12,0.046,11,0.036,9,0.026,16,0.047,10,0.028,9,0.024,21,0.05,17,0.042,12,0.036,11,0.043,7,0.03,12,0.054,8,0.038,5,0.028,9,0.093,5,0.072,4,0.07,1,0.028,1,0.038,1,0.026,1,0.014,3,0.028,5,0.031,4,0.017,11,0.037,8,0.024,12,0.032,17,0.041,16,0.039,15,0.041,20,0.055,8,0.021,9,0.027,13,0.049,6,0.025,4,0.016,8,0.042
Region 8,Region 25,12,0.101,12,0.238,7,0.237,3,0.142,4,0.222,6,0.188,18,0.21,23,0.123,31,0.094,30,0.083,23,0.08,35,0.133,28,0.098,22,0.071,19,0.063,16,0.049,16,0.043,27,0.061,29,0.067,39,0.119,19,0.077,20,0.091,16,0.09,9,0.078,16,0.171,6,0.142,2,0.079,0,0,5,0.271,7,0.21,15,0.182,17,0.095,28,0.093,28,0.086,21,0.078,23,0.089,30,0.109,23,0.075,27,0.089,19,0.058,15,0.041,20,0.047,20,0.048,22,0.068,19,0.078,16,0.071,13,0.069,14,0.109,15,0.125,6,0.115,6,0.191,5,0.222,8,0.414,7,0.223,13,0.175,14,0.093,16,0.066,29,0.108,32,0.126,28,0.106,30,0.098,30,0.087,26,0.077,22,0.062,22,0.058,24,0.058,30,0.074,46,0.138,42,0.164,19,0.082,20,0.091,14,0.067,17,0.095,11,0.114,5,0.072,9,0.158,8,0.221,7,0.267,10,0.263,12,0.173,15,0.142,24,0.151,27,0.114,32,0.107,33,0.101,29,0.078,25,0.061,21,0.051,23,0.063,19,0.052,26,0.068,24,0.071,21,0.079,17,0.071,20,0.079,19,0.1
Region 9,Region 0,1,0.008,2,0.04,0,0,0,0,0,0,0,0,2,0.023,2,0.011,3,0.009,5,0.014,6,0.021,1,0.004,3,0.01,2,0.006,2,0.007,5,0.015,4,0.011,4,0.009,4,0.009,0,0,4,0.016,2,0.009,3,0.017,0,0,0,0,0,0,2,0.079,0,0,0,0,0,0,0,0,2,0.011,6,0.02,4,0.012,5,0.018,3,0.012,3,0.011,3,0.01,3,0.01,3,0.009,3,0.008,1,0.002,10,0.024,5,0.015,5,0.02,1,0.004,2,0.011,1,0.008,1,0.008,1,0.019,0,0,0,0,0,0,1,0.032,0,0,0,0,3,0.012,2,0.007,3,0.012,2,0.008,2,0.007,4,0.012,5,0.015,5,0.014,3,0.008,7,0.017,3,0.007,2,0.006,1,0.004,7,0.03,1,0.005,0,0,1,0.006,1,0.01,2,0.029,1,0.018,0,0,1,0.038,2,0.053,0,0,0,0,0,0,4,0.017,3,0.01,3,0.009,6,0.016,6,0.015,3,0.007,3,0.008,4,0.011,10,0.026,2,0.006,0,0,2,0.008,1,0.004,2,0.011
Region 9,Region 1,8,0.067,1,0.02,1,0.034,0,0,2,0.111,3,0.094,6,0.07,5,0.027,28,0.085,23,0.064,15,0.052,7,0.027,8,0.028,5,0.016,18,0.059,19,0.058,17,0.045,37,0.084,46,0.106,22,0.067,11,0.045,5,0.023,17,0.096,6,0.052,11,0.118,4,0.095,1,0.04,4,0.218,2,0.108,2,0.06,6,0.073,3,0.017,17,0.056,21,0.065,14,0.052,12,0.046,5,0.018,8,0.026,7,0.023,21,0.064,23,0.063,20,0.047,20,0.048,12,0.037,15,0.061,6,0.026,8,0.043,14,0.109,13,0.108,7,0.134,3,0.095,3,0.133,0,0,2,0.064,1,0.013,8,0.053,7,0.029,10,0.037,9,0.035,9,0.034,14,0.046,8,0.023,16,0.047,25,0.071,26,0.068,22,0.053,19,0.047,13,0.039,6,0.023,14,0.06,17,0.077,10,0.048,7,0.039,16,0.165,4,0.057,4,0.07,1,0.028,2,0.076,1,0.026,3,0.043,7,0.066,10,0.063,4,0.017,18,0.06,9,0.028,14,0.038,17,0.041,25,0.061,22,0.061,13,0.036,13,0.034,21,0.063,9,0.034,16,0.067,16,0.064,10,0.053
Region 9,Region 2,1,0.008,2,0.04,1,0.034,0,0,1,0.056,1,0.031,3,0.035,7,0.037,11,0.033,19,0.053,6,0.021,4,0.015,0,0,6,0.019,0,0,5,0.015,11,0.029,18,0.041,12,0.028,6,0.018,3,0.012,3,0.014,3,0.017,5,0.043,2,0.021,3,0.071,1,0.04,0,0,0,0,0,0,2,0.024,4,0.022,16,0.053,11,0.034,6,0.022,4,0.015,4,0.015,1,0.003,5,0.017,3,0.009,10,0.028,10,0.024,5,0.012,6,0.018,6,0.024,4,0.018,4,0.021,4,0.031,0,0,1,0.019,1,0.032,0,0,0,0,0,0,3,0.04,3,0.02,3,0.012,13,0.048,6,0.024,5,0.019,11,0.036,12,0.035,6,0.018,8,0.023,12,0.031,16,0.038,21,0.052,15,0.045,6,0.023,8,0.034,1,0.005,5,0.024,6,0.034,4,0.041,5,0.072,1,0.018,0,0,2,0.076,2,0.053,2,0.029,1,0.009,3,0.019,3,0.013,5,0.017,6,0.018,6,0.016,8,0.019,13,0.032,13,0.036,9,0.025,8,0.021,3,0.009,5,0.019,6,0.025,4,0.016,5,0.026
Region 9,Region 3,14,0.117,3,0.06,2,0.068,1,0.047,1,0.056,2,0.063,5,0.058,6,0.032,15,0.046,25,0.069,16,0.055,14,0.053,21,0.073,24,0.078,28,0.092,28,0.085,31,0.082,46,0.104,58,0.133,40,0.122,32,0.13,24,0.11,23,0.13,4,0.035,8,0.085,3,0.071,5,0.198,2,0.109,0,0,2,0.06,2,0.024,9,0.05,12,0.04,14,0.043,7,0.026,11,0.042,21,0.076,21,0.069,25,0.083,25,0.076,33,0.091,60,0.142,59,0.141,39,0.12,39,0.159,33,0.145,23,0.123,16,0.124,6,0.05,3,0.057,2,0.064,1,0.044,1,0.052,1,0.032,1,0.013,3,0.02,9,0.037,17,0.063,20,0.079,20,0.076,18,0.059,23,0.067,27,0.08,29,0.082,41,0.107,38,0.091,51,0.125,38,0.114,32,0.125,26,0.112,15,0.068,6,0.029,13,0.073,9,0.093,4,0.057,0,0,1,0.028,0,0,1,0.026,3,0.043,12,0.113,12,0.076,21,0.088,30,0.101,36,0.11,36,0.097,35,0.085,38,0.092,33,0.091,30,0.082,33,0.087,33,0.098,24,0.09,26,0.109,30,0.119,16,0.084
Region 9,Region 4,2,0.017,0,0,0,0,0,0,0,0,0,0,1,0.012,0,0,1,0.003,2,0.006,0,0,0,0,0,0,4,0.013,2,0.007,6,0.018,8,0.021,10,0.023,8,0.018,5,0.015,1,0.004,0,0,0,0,0,0,2,0.021,0,0,0,0,0,0,0,0,0,0,1,0.012,0,0,2,0.007,7,0.022,3,0.011,1,0.004,3,0.011,5,0.016,2,0.007,6,0.018,7,0.019,6,0.014,12,0.029,9,0.028,6,0.024,3,0.013,3,0.016,3,0.023,3,0.025,1,0.019,0,0,0,0,0,0,1,0.032,1,0.013,1,0.007,3,0.012,3,0.011,4,0.016,2,0.008,3,0.01,4,0.012,7,0.021,3,0.008,1,0.003,7,0.017,4,0.01,4,0.012,4,0.016,2,0.009,4,0.018,2,0.01,4,0.022,1,0.01,0,0,1,0.018,0,0,0,0,0,0,0,0,2,0.019,1,0.006,2,0.008,8,0.027,3,0.009,2,0.005,6,0.015,3,0.007,9,0.025,7,0.019,9,0.024,6,0.018,4,0.015,2,0.008,7,0.028,6,0.032
Region 9,Region 5,4,0.034,0,0,0,0,0,0,0,0,1,0.031,7,0.082,13,0.07,31,0.094,19,0.053,15,0.052,31,0.117,27,0.094,29,0.094,37,0.122,24,0.073,18,0.048,21,0.048,22,0.051,15,0.046,20,0.081,19,0.087,13,0.073,4,0.035,4,0.043,2,0.047,0,0,0,0,0,0,1,0.03,8,0.097,10,0.056,19,0.063,17,0.052,20,0.074,20,0.077,24,0.087,26,0.085,23,0.076,17,0.052,14,0.039,20,0.047,20,0.048,15,0.046,13,0.053,18,0.079,16,0.085,4,0.031,5,0.042,3,0.057,1,0.032,0,0,1,0.052,2,0.064,7,0.094,19,0.126,12,0.049,19,0.071,22,0.087,26,0.099,25,0.082,36,0.105,23,0.068,29,0.082,18,0.047,21,0.05,19,0.047,17,0.051,25,0.098,24,0.103,14,0.063,4,0.019,5,0.028,2,0.021,1,0.014,1,0.018,1,0.028,2,0.076,3,0.079,6,0.086,7,0.066,8,0.05,24,0.101,34,0.114,35,0.107,36,0.097,30,0.073,29,0.07,29,0.08,29,0.079,29,0.076,17,0.051,15,0.056,17,0.071,20,0.079,7,0.037
Region 9,Region 6,3,0.025,1,0.02,1,0.034,0,0,2,0.111,1,0.031,0,0,2,0.011,12,0.036,8,0.022,2,0.007,5,0.019,5,0.017,2,0.006,3,0.01,8,0.024,9,0.024,8,0.018,14,0.032,9,0.027,1,0.004,3,0.014,7,0.039,4,0.035,2,0.021,2,0.047,0,0,0,0,0,0,1,0.03,0,0,5,0.028,2,0.007,7,0.022,3,0.011,4,0.015,4,0.015,4,0.013,2,0.007,6,0.018,13,0.036,13,0.031,15,0.036,10,0.031,8,0.033,1,0.004,2,0.011,2,0.016,3,0.025,2,0.038,2,0.064,1,0.044,0,0,1,0.032,3,0.04,2,0.013,4,0.016,5,0.019,6,0.024,2,0.008,6,0.02,6,0.017,9,0.027,13,0.037,12,0.031,13,0.031,11,0.027,5,0.015,2,0.008,2,0.009,8,0.036,2,0.01,1,0.006,4,0.041,0,0,1,0.018,0,0,1,0.038,0,0,1,0.014,4,0.038,4,0.025,2,0.008,4,0.013,10,0.031,10,0.027,10,0.024,10,0.024,9,0.025,9,0.025,10,0.026,8,0.024,4,0.015,7,0.029,6,0.024,2,0.011
Region 9,Region 7,5,0.042,2,0.04,0,0,3,0.142,3,0.167,1,0.031,2,0.023,8,0.043,20,0.061,14,0.039,15,0.052,10,0.038,9,0.031,10,0.032,10,0.033,17,0.052,17,0.045,12,0.027,21,0.048,13,0.04,10,0.041,8,0.037,5,0.028,8,0.069,7,0.075,5,0.118,1,0.04,1,0.054,0,0,1,0.03,4,0.048,8,0.045,11,0.036,23,0.071,13,0.048,9,0.035,9,0.033,7,0.023,13,0.043,16,0.049,22,0.061,13,0.031,12,0.029,8,0.025,9,0.037,6,0.026,12,0.064,10,0.078,8,0.066,2,0.038,1,0.032,2,0.089,1,0.052,2,0.064,6,0.081,8,0.053,7,0.029,10,0.037,9,0.035,11,0.042,8,0.026,16,0.047,11,0.033,13,0.037,5,0.013,12,0.029,19,0.047,11,0.033,9,0.035,11,0.047,7,0.032,5,0.024,10,0.056,5,0.052,3,0.043,2,0.035,1,0.028,1,0.038,2,0.053,4,0.058,2,0.019,7,0.044,6,0.025,6,0.02,3,0.009,6,0.016,8,0.019,17,0.041,7,0.019,11,0.03,14,0.037,17,0.051,11,0.041,13,0.054,13,0.052,11,0.058
Region 9,Region 8,3,0.025,3,0.06,3,0.102,3,0.142,0,0,1,0.031,2,0.023,5,0.027,25,0.076,24,0.066,20,0.069,19,0.072,21,0.073,28,0.091,21,0.069,18,0.055,29,0.077,25,0.057,25,0.057,22,0.067,15,0.061,10,0.046,8,0.045,6,0.052,4,0.043,3,0.071,4,0.158,1,0.054,0,0,1,0.03,2,0.024,9,0.05,15,0.05,17,0.052,15,0.055,20,0.077,12,0.044,12,0.039,16,0.053,20,0.061,22,0.061,25,0.059,29,0.069,26,0.08,10,0.041,7,0.031,14,0.075,5,0.039,8,0.066,5,0.096,3,0.095,0,0,1,0.052,1,0.032,2,0.027,11,0.073,20,0.082,21,0.078,20,0.079,19,0.072,20,0.066,12,0.035,16,0.047,37,0.104,16,0.042,32,0.077,26,0.064,15,0.045,13,0.051,10,0.043,18,0.082,14,0.067,11,0.062,12,0.124,6,0.086,4,0.07,4,0.11,4,0.153,4,0.105,6,0.086,6,0.057,13,0.082,16,0.067,13,0.044,17,0.052,25,0.067,32,0.078,25,0.061,23,0.063,30,0.082,25,0.066,24,0.071,17,0.064,6,0.025,12,0.048,13,0.068
Region 9,Region 9,80,0.671,44,0.873,20,0.677,15,0.709,11,0.611,24,0.75,61,0.713,133,0.712,255,0.775,319,0.882,294,1.018,298,1.128,349,1.217,379,1.231,422,1.392,391,1.187,437,1.161,593,1.347,583,1.34,454,1.384,313,1.27,237,1.083,182,1.026,95,0.825,84,0.897,40,0.946,16,0.633,10,0.544,23,1.247,21,0.629,60,0.727,115,0.645,252,0.834,268,0.824,264,0.975,297,1.145,373,1.355,412,1.35,380,1.258,397,1.21,416,1.145,523,1.241,611,1.459,492,1.516,348,1.42,291,1.283,188,1.002,121,0.94,111,0.923,37,0.708,28,0.889,20,0.889,11,0.569,31,0.99,59,0.795,124,0.823,223,0.919,268,0.998,278,1.094,334,1.27,382,1.254,405,1.181,456,1.352,463,1.307,452,1.185,545,1.308,600,1.475,459,1.378,310,1.214,253,1.086,227,1.028,144,0.686,145,0.812,54,0.558,30,0.429,18,0.315,33,0.91,24,0.917,46,1.21,79,1.137,117,1.104,211,1.328,329,1.384,454,1.525,505,1.544,552,1.484,600,1.454,559,1.355,490,1.35,508,1.389,496,1.306,393,1.17,298,1.117,294,1.228,243,0.966,156,0.821
Region 9,Region 10,15,0.126,13,0.258,8,0.271,1,0.047,3,0.167,6,0.188,14,0.164,25,0.134,39,0.119,32,0.089,38,0.132,23,0.087,25,0.087,26,0.084,28,0.092,45,0.137,58,0.154,59,0.134,53,0.122,52,0.159,24,0.097,23,0.105,26,0.147,16,0.139,23,0.246,22,0.52,18,0.713,5,0.272,2,0.108,6,0.18,8,0.097,18,0.101,34,0.112,42,0.129,33,0.122,21,0.081,13,0.047,25,0.082,47,0.156,63,0.192,66,0.182,50,0.119,56,0.134,29,0.089,16,0.065,20,0.088,21,0.112,18,0.14,15,0.125,20,0.383,10,0.318,3,0.133,1,0.052,3,0.096,7,0.094,12,0.08,23,0.095,24,0.089,23,0.09,25,0.095,24,0.079,36,0.105,46,0.136,67,0.189,57,0.149,49,0.118,43,0.106,36,0.108,22,0.086,21,0.09,24,0.109,21,0.1,37,0.207,16,0.165,8,0.115,2,0.035,2,0.055,4,0.153,12,0.316,18,0.259,25,0.236,19,0.12,25,0.105,18,0.06,14,0.043,31,0.083,37,0.09,30,0.073,34,0.094,24,0.066,32,0.084,31,0.092,26,0.097,24,0.1,21,0.083,12,0.063
Region 9,Region 11,1,0.008,2,0.04,0,0,0,0,0,0,0,0,0,0,1,0.005,2,0.006,2,0.006,0,0,0,0,1,0.003,1,0.003,0,0,0,0,2,0.005,6,0.014,0,0,0,0,0,0,0,0,3,0.017,0,0,1,0.011,2,0.047,0,0,0,0,0,0,0,0,0,0,2,0.011,1,0.003,0,0,1,0.004,1,0.004,4,0.015,1,0.003,1,0.003,3,0.009,4,0.011,2,0.005,0,0,1,0.003,1,0.004,0,0,1,0.005,1,0.008,0,0,1,0.019,1,0.032,0,0,1,0.052,2,0.064,2,0.027,3,0.02,2,0.008,0,0,0,0,0,0,0,0,0,0,1,0.003,2,0.006,0,0,1,0.002,1,0.002,0,0,2,0.008,1,0.004,1,0.005,0,0,0,0,0,0,0,0,0,0,1,0.028,0,0,1,0.026,1,0.014,1,0.009,0,0,0,0,0,0,2,0.006,0,0,1,0.002,1,0.002,1,0.003,1,0.003,0,0,1,0.003,1,0.004,1,0.004,0,0,0,0
Region 9,Region 12,13,0.109,10,0.198,7,0.237,6,0.284,6,0.333,10,0.313,15,0.175,25,0.134,43,0.131,56,0.155,32,0.111,42,0.159,30,0.105,45,0.146,44,0.145,40,0.121,64,0.17,74,0.168,78,0.179,69,0.21,35,0.142,26,0.119,23,0.13,20,0.174,19,0.203,16,0.378,9,0.356,9,0.49,2,0.108,10,0.3,13,0.158,27,0.151,38,0.126,36,0.111,33,0.122,29,0.112,34,0.124,42,0.138,39,0.129,58,0.177,63,0.173,68,0.161,60,0.143,59,0.182,38,0.155,34,0.15,28,0.149,25,0.194,30,0.249,14,0.268,7,0.222,11,0.489,6,0.311,6,0.192,12,0.162,18,0.119,25,0.103,36,0.134,24,0.094,33,0.125,40,0.131,33,0.096,35,0.104,31,0.087,45,0.118,42,0.101,41,0.101,41,0.123,30,0.117,35,0.15,25,0.113,20,0.095,25,0.14,14,0.145,7,0.1,10,0.175,6,0.166,7,0.267,16,0.421,25,0.36,16,0.151,26,0.164,50,0.21,34,0.114,57,0.174,57,0.153,74,0.179,62,0.15,45,0.124,41,0.112,44,0.116,38,0.113,26,0.097,29,0.121,22,0.087,22,0.116
Region 9,Region 13,1,0.008,1,0.02,3,0.102,2,0.095,2,0.111,1,0.031,4,0.047,11,0.059,21,0.064,31,0.086,13,0.045,14,0.053,17,0.059,20,0.065,10,0.033,16,0.049,24,0.064,19,0.043,24,0.055,15,0.046,14,0.057,13,0.059,11,0.062,4,0.035,4,0.043,2,0.047,3,0.119,3,0.163,2,0.108,1,0.03,3,0.036,6,0.034,13,0.043,12,0.037,12,0.044,4,0.015,19,0.069,15,0.049,11,0.036,12,0.037,12,0.033,22,0.052,16,0.038,13,0.04,15,0.061,14,0.062,10,0.053,12,0.093,13,0.108,1,0.019,2,0.064,2,0.089,4,0.207,2,0.064,2,0.027,4,0.027,13,0.054,12,0.045,9,0.035,17,0.065,20,0.066,11,0.032,18,0.053,11,0.031,14,0.037,21,0.05,17,0.042,14,0.042,6,0.023,14,0.06,8,0.036,6,0.029,11,0.062,3,0.031,3,0.043,3,0.053,1,0.028,3,0.115,1,0.026,1,0.014,2,0.019,11,0.069,11,0.046,15,0.05,10,0.031,23,0.062,19,0.046,20,0.048,19,0.052,22,0.06,13,0.034,17,0.051,11,0.041,10,0.042,14,0.056,2,0.011
Region 9,Region 14,5,0.042,4,0.079,3,0.102,2,0.095,1,0.056,1,0.031,1,0.012,1,0.005,8,0.024,6,0.017,5,0.017,5,0.019,9,0.031,4,0.013,11,0.036,8,0.024,13,0.035,21,0.048,28,0.064,17,0.052,8,0.032,6,0.027,3,0.017,2,0.017,4,0.043,5,0.118,1,0.04,2,0.109,1,0.054,1,0.03,3,0.036,3,0.017,8,0.026,4,0.012,4,0.015,5,0.019,9,0.033,9,0.029,10,0.033,10,0.03,9,0.025,15,0.036,16,0.038,11,0.034,6,0.024,7,0.031,10,0.053,4,0.031,8,0.066,4,0.077,2,0.064,2,0.089,2,0.104,2,0.064,1,0.013,3,0.02,5,0.021,6,0.022,6,0.024,9,0.034,8,0.026,10,0.029,11,0.033,12,0.034,17,0.045,12,0.029,17,0.042,14,0.042,9,0.035,5,0.021,11,0.05,2,0.01,1,0.006,2,0.021,0,0,1,0.018,2,0.055,1,0.038,1,0.026,2,0.029,4,0.038,4,0.025,7,0.029,5,0.017,3,0.009,7,0.019,16,0.039,11,0.027,15,0.041,11,0.03,10,0.026,12,0.036,5,0.019,7,0.029,4,0.016,5,0.026
Region 9,Region 15,0,0,0,0,0,0,1,0.047,0,0,0,0,0,0,0,0,4,0.012,3,0.008,0,0,0,0,0,0,1,0.003,1,0.003,0,0,3,0.008,2,0.005,1,0.002,1,0.003,0,0,0,0,1,0.006,1,0.009,2,0.021,0,0,0,0,0,0,0,0,1,0.03,0,0,0,0,2,0.007,3,0.009,2,0.007,0,0,0,0,0,0,1,0.003,2,0.006,2,0.006,3,0.007,2,0.005,0,0,0,0,0,0,1,0.005,2,0.016,0,0,1,0.019,0,0,0,0,0,0,0,0,1,0.013,1,0.007,0,0,1,0.004,2,0.008,1,0.004,2,0.007,0,0,1,0.003,2,0.006,3,0.008,4,0.01,0,0,2,0.006,1,0.004,0,0,1,0.005,0,0,1,0.006,3,0.031,2,0.029,1,0.018,0,0,0,0,0,0,0,0,0,0,0,0,1,0.004,0,0,2,0.006,2,0.005,3,0.007,3,0.007,1,0.003,3,0.008,0,0,0,0,1,0.004,1,0.004,2,0.008,2,0.011
Region 9,Region 16,0,0,0,0,0,0,0,0,0,0,0,0,0,0,3,0.016,7,0.021,9,0.025,8,0.028,1,0.004,2,0.007,8,0.026,5,0.016,8,0.024,13,0.035,17,0.039,11,0.025,7,0.021,3,0.012,0,0,1,0.006,4,0.035,1,0.011,0,0,0,0,0,0,0,0,0,0,1,0.012,1,0.006,4,0.013,2,0.006,3,0.011,6,0.023,2,0.007,6,0.02,6,0.02,8,0.024,3,0.008,8,0.019,11,0.026,4,0.012,5,0.02,9,0.04,7,0.037,1,0.008,1,0.008,0,0,0,0,0,0,0,0,0,0,0,0,0,0,4,0.016,3,0.011,2,0.008,1,0.004,5,0.016,6,0.017,10,0.03,4,0.011,6,0.016,10,0.024,6,0.015,5,0.015,4,0.016,2,0.009,2,0.009,2,0.01,1,0.006,0,0,0,0,0,0,0,0,0,0,0,0,0,0,2,0.019,1,0.006,4,0.017,5,0.017,5,0.015,3,0.008,8,0.019,9,0.022,2,0.006,5,0.014,6,0.016,3,0.009,3,0.011,4,0.017,0,0,4,0.021
Region 9,Region 17,15,0.126,11,0.218,10,0.338,4,0.189,9,0.5,13,0.407,20,0.234,31,0.166,85,0.258,85,0.235,40,0.139,28,0.106,22,0.077,17,0.055,23,0.076,28,0.085,59,0.157,64,0.145,64,0.147,39,0.119,20,0.081,13,0.059,26,0.147,17,0.148,23,0.246,12,0.284,7,0.277,7,0.381,11,0.596,10,0.3,18,0.218,29,0.163,60,0.198,51,0.157,26,0.096,18,0.069,21,0.076,14,0.046,19,0.063,34,0.104,39,0.107,57,0.135,47,0.112,37,0.114,13,0.053,16,0.071,25,0.133,22,0.171,24,0.199,16,0.306,6,0.191,2,0.089,3,0.155,4,0.128,16,0.216,30,0.199,35,0.144,33,0.123,22,0.087,20,0.076,18,0.059,26,0.076,27,0.08,37,0.104,45,0.118,48,0.115,49,0.12,33,0.099,17,0.067,19,0.082,19,0.086,28,0.133,26,0.146,19,0.196,9,0.129,8,0.14,8,0.221,6,0.229,4,0.105,11,0.158,16,0.151,18,0.113,20,0.084,26,0.087,44,0.134,93,0.25,117,0.284,89,0.216,53,0.146,36,0.098,34,0.09,28,0.083,18,0.067,24,0.1,26,0.103,11,0.058
Region 9,Region 18,0,0,0,0,0,0,0,0,0,0,0,0,1,0.012,1,0.005,0,0,1,0.003,1,0.003,0,0,1,0.003,1,0.003,3,0.01,0,0,1,0.003,0,0,1,0.002,0,0,0,0,1,0.005,1,0.006,0,0,0,0,0,0,1,0.04,0,0,0,0,1,0.03,0,0,0,0,0,0,1,0.003,0,0,0,0,1,0.004,1,0.003,0,0,2,0.006,1,0.003,1,0.002,0,0,0,0,0,0,1,0.004,2,0.011,1,0.008,1,0.008,1,0.019,0,0,1,0.044,0,0,1,0.032,1,0.013,1,0.007,0,0,1,0.004,1,0.004,2,0.008,1,0.003,2,0.006,1,0.003,2,0.006,0,0,4,0.01,0,0,1,0.003,0,0,1,0.004,0,0,1,0.005,0,0,0,0,1,0.014,0,0,0,0,0,0,0,0,0,0,0,0,1,0.006,0,0,2,0.007,1,0.003,1,0.003,2,0.005,4,0.01,0,0,0,0,1,0.003,1,0.003,0,0,1,0.004,0,0,0,0
Region 9,Region 19,2,0.017,2,0.04,4,0.135,1,0.047,1,0.056,1,0.031,0,0,0,0,1,0.003,1,0.003,2,0.007,5,0.019,3,0.01,5,0.016,2,0.007,8,0.024,9,0.024,19,0.043,6,0.014,4,0.012,1,0.004,3,0.014,1,0.006,3,0.026,6,0.064,2,0.047,2,0.079,0,0,0,0,1,0.03,1,0.012,3,0.017,2,0.007,1,0.003,2,0.007,7,0.027,2,0.007,2,0.007,4,0.013,10,0.03,9,0.025,10,0.024,6,0.014,1,0.003,1,0.004,2,0.009,9,0.048,3,0.023,3,0.025,3,0.057,2,0.064,1,0.044,1,0.052,0,0,1,0.013,0,0,7,0.029,5,0.019,3,0.012,0,0,1,0.003,2,0.006,1,0.003,4,0.011,7,0.018,1,0.002,3,0.007,2,0.006,1,0.004,6,0.026,11,0.05,6,0.029,1,0.006,1,0.01,3,0.043,0,0,1,0.028,0,0,2,0.053,0,0,0,0,0,0,1,0.004,3,0.01,1,0.003,6,0.016,2,0.005,4,0.01,2,0.006,2,0.005,5,0.013,3,0.009,2,0.007,3,0.013,1,0.004,1,0.005
Region 9,Region 20,13,0.109,4,0.079,10,0.338,3,0.142,1,0.056,1,0.031,10,0.117,10,0.054,31,0.094,31,0.086,16,0.055,16,0.061,14,0.049,16,0.052,14,0.046,19,0.058,17,0.045,19,0.043,34,0.078,18,0.055,4,0.016,12,0.055,15,0.085,9,0.078,13,0.139,16,0.378,5,0.198,1,0.054,0,0,3,0.09,5,0.061,16,0.09,22,0.073,29,0.089,11,0.041,11,0.042,13,0.047,11,0.036,10,0.033,22,0.067,18,0.05,20,0.047,18,0.043,10,0.031,10,0.041,13,0.057,11,0.059,17,0.132,15,0.125,12,0.23,5,0.159,3,0.133,5,0.259,2,0.064,4,0.054,16,0.106,12,0.049,15,0.056,5,0.02,4,0.015,6,0.02,16,0.047,19,0.056,22,0.062,25,0.066,15,0.036,13,0.032,20,0.06,12,0.047,9,0.039,18,0.082,16,0.076,5,0.028,7,0.072,7,0.1,3,0.053,3,0.083,3,0.115,5,0.132,15,0.216,5,0.047,10,0.063,10,0.042,8,0.027,11,0.034,24,0.065,16,0.039,13,0.032,24,0.066,13,0.036,9,0.024,15,0.045,6,0.022,4,0.017,13,0.052,2,0.011
Region 9,Region 21,1,0.008,1,0.02,0,0,0,0,0,0,1,0.031,1,0.012,4,0.021,4,0.012,7,0.019,7,0.024,2,0.008,5,0.017,3,0.01,11,0.036,13,0.039,11,0.029,22,0.05,23,0.053,12,0.037,4,0.016,12,0.055,7,0.039,1,0.009,1,0.011,1,0.024,1,0.04,0,0,1,0.054,0,0,0,0,3,0.017,5,0.017,7,0.022,11,0.041,6,0.023,11,0.04,7,0.023,5,0.017,15,0.046,14,0.039,14,0.033,16,0.038,6,0.018,6,0.024,13,0.057,8,0.043,0,0,1,0.008,1,0.019,0,0,0,0,0,0,1,0.032,0,0,3,0.02,5,0.021,11,0.041,9,0.035,7,0.027,7,0.023,7,0.02,9,0.027,11,0.031,10,0.026,21,0.05,18,0.044,8,0.024,6,0.023,3,0.013,6,0.027,2,0.01,2,0.011,0,0,0,0,2,0.035,0,0,0,0,1,0.026,2,0.029,3,0.028,4,0.025,5,0.021,10,0.034,7,0.021,12,0.032,17,0.041,14,0.034,6,0.017,12,0.033,9,0.024,9,0.027,12,0.045,4,0.017,6,0.024,3,0.016
Region 9,Region 22,23,0.193,7,0.139,4,0.135,2,0.095,4,0.222,5,0.156,9,0.105,32,0.171,57,0.173,62,0.171,65,0.225,60,0.227,66,0.23,70,0.227,54,0.178,73,0.222,91,0.242,127,0.289,125,0.287,85,0.259,62,0.252,54,0.247,35,0.197,24,0.208,31,0.331,10,0.237,4,0.158,2,0.109,1,0.054,8,0.24,14,0.17,27,0.151,42,0.139,59,0.182,45,0.166,58,0.224,51,0.185,66,0.216,73,0.242,78,0.238,87,0.24,101,0.24,132,0.315,113,0.348,55,0.224,48,0.212,32,0.17,40,0.311,30,0.249,5,0.096,9,0.286,4,0.178,4,0.207,3,0.096,11,0.148,28,0.186,49,0.202,45,0.168,46,0.181,53,0.202,62,0.203,70,0.204,68,0.202,106,0.299,82,0.215,95,0.228,115,0.283,83,0.249,57,0.223,57,0.245,45,0.204,31,0.148,33,0.185,21,0.217,9,0.129,5,0.088,8,0.221,8,0.306,11,0.289,18,0.259,19,0.179,39,0.245,52,0.219,68,0.228,87,0.266,91,0.245,97,0.235,93,0.225,104,0.287,85,0.232,99,0.261,69,0.205,55,0.206,56,0.234,41,0.163,43,0.226
Region 9,Region 23,17,0.143,7,0.139,5,0.169,0,0,2,0.111,3,0.094,10,0.117,12,0.064,14,0.043,14,0.039,13,0.045,7,0.027,17,0.059,19,0.062,7,0.023,21,0.064,20,0.053,24,0.055,18,0.041,11,0.034,9,0.037,3,0.014,5,0.028,3,0.026,9,0.096,2,0.047,5,0.198,3,0.163,2,0.108,3,0.09,5,0.061,8,0.045,13,0.043,8,0.025,18,0.066,11,0.042,9,0.033,10,0.033,12,0.04,11,0.034,12,0.033,14,0.033,17,0.041,12,0.037,12,0.049,5,0.022,12,0.064,4,0.031,9,0.075,7,0.134,2,0.064,3,0.133,3,0.155,2,0.064,4,0.054,7,0.046,11,0.045,10,0.037,12,0.047,9,0.034,16,0.053,12,0.035,7,0.021,15,0.042,19,0.05,21,0.05,13,0.032,16,0.048,7,0.027,11,0.047,22,0.1,6,0.029,15,0.084,8,0.083,9,0.129,4,0.07,3,0.083,5,0.191,9,0.237,10,0.144,10,0.094,15,0.094,18,0.076,12,0.04,11,0.034,14,0.038,16,0.039,15,0.036,19,0.052,19,0.052,19,0.05,7,0.021,13,0.049,17,0.071,12,0.048,11,0.058
Region 9,Region 24,2,0.017,2,0.04,0,0,0,0,0,0,1,0.031,5,0.058,10,0.054,34,0.103,44,0.122,42,0.145,31,0.117,49,0.171,43,0.14,44,0.145,44,0.134,73,0.194,92,0.209,103,0.237,54,0.165,38,0.154,27,0.123,22,0.124,6,0.052,9,0.096,1,0.024,3,0.119,0,0,1,0.054,3,0.09,8,0.097,14,0.078,39,0.129,52,0.16,47,0.174,44,0.17,35,0.127,54,0.177,50,0.165,60,0.183,68,0.187,77,0.183,64,0.153,62,0.191,52,0.212,42,0.185,20,0.107,14,0.109,10,0.083,2,0.038,1,0.032,0,0,1,0.052,2,0.064,1,0.013,9,0.06,27,0.111,51,0.19,44,0.173,34,0.129,49,0.161,70,0.204,63,0.187,54,0.152,55,0.144,85,0.204,60,0.147,37,0.111,55,0.215,39,0.167,19,0.086,13,0.062,11,0.062,5,0.052,1,0.014,1,0.018,0,0,2,0.076,2,0.053,8,0.115,15,0.142,34,0.214,48,0.202,49,0.165,63,0.193,84,0.226,74,0.179,61,0.148,62,0.171,55,0.15,54,0.142,43,0.128,53,0.199,35,0.146,16,0.064,13,0.068
Region 9,Region 25,3,0.025,1,0.02,1,0.034,0,0,0,0,2,0.063,0,0,1,0.005,3,0.009,1,0.003,1,0.003,0,0,0,0,0,0,1,0.003,5,0.015,3,0.008,5,0.011,2,0.005,1,0.003,2,0.008,1,0.005,3,0.017,1,0.009,0,0,1,0.024,1,0.04,0,0,0,0,0,0,0,0,0,0,2,0.007,0,0,0,0,0,0,2,0.007,1,0.003,3,0.01,2,0.006,1,0.003,2,0.005,3,0.007,2,0.006,0,0,1,0.004,0,0,1,0.008,2,0.017,1,0.019,1,0.032,0,0,0,0,0,0,0,0,0,0,0,0,3,0.011,2,0.008,2,0.008,1,0.003,3,0.009,1,0.003,0,0,1,0.003,1,0.002,4,0.01,2,0.006,2,0.008,0,0,0,0,0,0,0,0,0,0,1,0.014,1,0.018,0,0,0,0,0,0,2,0.029,0,0,1,0.006,1,0.004,1,0.003,3,0.009,2,0.005,2,0.005,1,0.002,4,0.011,1,0.003,2,0.005,1,0.003,2,0.007,4,0.017,0,0,1,0.005
Region 10,Region 0,10,0.084,3,0.06,3,0.102,4,0.189,2,0.111,2,0.063,9,0.105,34,0.182,43,0.131,28,0.077,25,0.087,26,0.098,34,0.119,28,0.091,41,0.135,31,0.094,29,0.077,34,0.077,29,0.067,26,0.079,25,0.101,22,0.101,18,0.101,14,0.122,11,0.118,3,0.071,3,0.119,3,0.163,3,0.163,4,0.12,9,0.109,30,0.168,44,0.146,32,0.098,34,0.126,31,0.12,27,0.098,29,0.095,32,0.106,27,0.082,40,0.11,37,0.088,38,0.091,21,0.065,20,0.082,26,0.115,18,0.096,18,0.14,13,0.108,7,0.134,3,0.095,4,0.178,3,0.155,4,0.128,17,0.229,29,0.192,32,0.132,19,0.071,17,0.067,17,0.065,23,0.075,29,0.085,37,0.11,26,0.073,16,0.042,29,0.07,25,0.061,22,0.066,10,0.039,8,0.034,10,0.045,11,0.052,10,0.056,4,0.041,1,0.014,3,0.053,4,0.11,2,0.076,2,0.053,3,0.043,10,0.094,15,0.094,21,0.088,23,0.077,22,0.067,17,0.046,21,0.051,30,0.073,17,0.047,24,0.066,16,0.042,14,0.042,18,0.067,11,0.046,16,0.064,13,0.068
Region 10,Region 1,42,0.352,25,0.496,9,0.305,8,0.378,5,0.278,8,0.25,31,0.362,79,0.423,185,0.562,183,0.506,93,0.322,105,0.398,114,0.398,158,0.513,126,0.415,166,0.504,171,0.454,261,0.593,317,0.729,231,0.704,155,0.629,145,0.663,98,0.552,52,0.452,31,0.331,18,0.426,12,0.475,11,0.598,11,0.596,17,0.509,26,0.315,88,0.493,162,0.536,194,0.597,119,0.44,102,0.393,124,0.451,161,0.528,135,0.447,139,0.424,179,0.493,233,0.553,262,0.626,171,0.527,160,0.653,124,0.547,106,0.565,64,0.497,57,0.474,23,0.44,11,0.349,10,0.445,6,0.311,13,0.415,34,0.458,70,0.465,110,0.454,118,0.439,97,0.382,105,0.399,152,0.499,177,0.516,145,0.43,175,0.494,211,0.553,217,0.521,250,0.615,225,0.675,159,0.623,180,0.773,134,0.607,100,0.476,132,0.74,56,0.579,36,0.515,26,0.456,13,0.359,11,0.42,6,0.158,23,0.331,47,0.443,82,0.516,104,0.438,136,0.457,169,0.517,190,0.511,207,0.502,203,0.492,211,0.581,221,0.604,207,0.545,181,0.539,161,0.604,132,0.551,142,0.564,129,0.679
Region 10,Region 2,7,0.059,2,0.04,2,0.068,2,0.095,2,0.111,11,0.344,18,0.21,36,0.193,74,0.225,65,0.18,31,0.107,29,0.11,22,0.077,25,0.081,33,0.109,32,0.097,34,0.09,41,0.093,43,0.099,37,0.113,23,0.093,20,0.091,10,0.056,9,0.078,16,0.171,2,0.047,1,0.04,1,0.054,1,0.054,8,0.24,25,0.303,35,0.196,71,0.235,66,0.203,38,0.14,22,0.085,30,0.109,27,0.088,24,0.079,35,0.107,35,0.096,44,0.104,51,0.122,35,0.108,29,0.118,26,0.115,16,0.085,12,0.093,20,0.166,4,0.077,3,0.095,4,0.178,3,0.155,7,0.223,16,0.216,21,0.139,32,0.132,29,0.108,23,0.09,41,0.156,46,0.151,85,0.248,36,0.107,19,0.054,35,0.092,67,0.161,124,0.305,90,0.27,23,0.09,22,0.094,30,0.136,28,0.133,32,0.179,13,0.134,9,0.129,1,0.018,1,0.028,6,0.229,6,0.158,11,0.158,11,0.104,10,0.063,21,0.088,30,0.101,31,0.095,23,0.062,36,0.087,42,0.102,49,0.135,71,0.194,78,0.205,38,0.113,38,0.142,31,0.129,33,0.131,34,0.179
Region 10,Region 3,5,0.042,2,0.04,1,0.034,0,0,1,0.056,0,0,4,0.047,10,0.054,23,0.07,13,0.036,20,0.069,13,0.049,16,0.056,18,0.058,13,0.043,27,0.082,23,0.061,33,0.075,32,0.074,18,0.055,12,0.049,16,0.073,10,0.056,9,0.078,2,0.021,3,0.071,0,0,0,0,1,0.054,1,0.03,2,0.024,6,0.034,15,0.05,15,0.046,13,0.048,13,0.05,16,0.058,21,0.069,22,0.073,26,0.079,22,0.061,22,0.052,24,0.057,16,0.049,12,0.049,16,0.071,12,0.064,4,0.031,4,0.033,2,0.038,2,0.064,1,0.044,2,0.104,0,0,5,0.067,7,0.046,17,0.07,19,0.071,6,0.024,13,0.049,11,0.036,21,0.061,23,0.068,16,0.045,12,0.031,20,0.048,23,0.057,12,0.036,9,0.035,8,0.034,8,0.036,9,0.043,7,0.039,1,0.01,1,0.014,1,0.018,0,0,1,0.038,0,0,4,0.058,5,0.047,7,0.044,17,0.072,14,0.047,18,0.055,20,0.054,24,0.058,20,0.048,20,0.055,17,0.046,16,0.042,20,0.06,10,0.037,9,0.038,11,0.044,8,0.042
Region 10,Region 4,7,0.059,5,0.099,2,0.068,0,0,1,0.056,2,0.063,4,0.047,10,0.054,18,0.055,18,0.05,18,0.062,28,0.106,21,0.073,16,0.052,14,0.046,19,0.058,31,0.082,22,0.05,31,0.071,33,0.101,20,0.081,24,0.11,19,0.107,9,0.078,5,0.053,1,0.024,1,0.04,0,0,0,0,2,0.06,5,0.061,5,0.028,18,0.06,17,0.052,21,0.078,16,0.062,19,0.069,22,0.072,32,0.106,30,0.091,28,0.077,34,0.081,28,0.067,25,0.077,20,0.082,19,0.084,10,0.053,8,0.062,7,0.058,2,0.038,4,0.127,3,0.133,0,0,3,0.096,4,0.054,11,0.073,13,0.054,15,0.056,18,0.071,9,0.034,10,0.033,19,0.055,17,0.05,25,0.071,23,0.06,25,0.06,41,0.101,26,0.078,17,0.067,20,0.086,13,0.059,16,0.076,23,0.129,12,0.124,5,0.072,2,0.035,3,0.083,1,0.038,2,0.053,6,0.086,14,0.132,17,0.107,13,0.055,17,0.057,14,0.043,14,0.038,17,0.041,22,0.053,30,0.083,33,0.09,30,0.079,25,0.074,24,0.09,34,0.142,23,0.091,24,0.126
Region 10,Region 5,28,0.235,14,0.278,0,0,5,0.236,7,0.389,38,1.188,87,1.017,132,0.707,137,0.416,86,0.238,94,0.326,142,0.538,138,0.481,127,0.413,101,0.333,108,0.328,88,0.234,90,0.204,65,0.149,88,0.268,66,0.268,72,0.329,56,0.316,22,0.191,24,0.256,11,0.26,3,0.119,2,0.109,6,0.325,26,0.779,73,0.885,115,0.645,153,0.506,118,0.363,152,0.561,150,0.578,119,0.432,92,0.301,82,0.271,101,0.308,85,0.234,89,0.211,88,0.21,92,0.284,83,0.339,55,0.242,42,0.224,31,0.241,51,0.424,12,0.23,6,0.191,4,0.178,4,0.207,30,0.958,75,1.011,127,0.843,120,0.495,88,0.328,112,0.441,94,0.357,82,0.269,72,0.21,78,0.231,70,0.198,56,0.147,89,0.214,84,0.206,79,0.237,51,0.2,50,0.215,47,0.213,38,0.181,29,0.162,14,0.145,8,0.115,9,0.158,5,0.138,6,0.229,19,0.5,28,0.403,33,0.311,60,0.378,84,0.353,91,0.306,87,0.266,84,0.226,98,0.238,107,0.259,90,0.248,101,0.276,110,0.29,89,0.265,84,0.315,77,0.322,64,0.254,34,0.179
Region 10,Region 6,19,0.159,6,0.119,3,0.102,4,0.189,1,0.056,6,0.188,10,0.117,19,0.102,26,0.079,58,0.16,50,0.173,44,0.167,71,0.248,58,0.188,78,0.257,63,0.191,74,0.197,103,0.234,146,0.336,114,0.348,67,0.272,52,0.238,33,0.186,30,0.26,23,0.246,12,0.284,5,0.198,2,0.109,3,0.163,5,0.15,6,0.073,12,0.067,36,0.119,44,0.135,46,0.17,59,0.228,51,0.185,72,0.236,74,0.245,89,0.271,83,0.229,83,0.197,91,0.217,91,0.28,79,0.322,43,0.19,32,0.17,24,0.186,34,0.283,13,0.249,5,0.159,4,0.178,2,0.104,3,0.096,6,0.081,16,0.106,28,0.115,42,0.156,50,0.197,49,0.186,47,0.154,72,0.21,64,0.19,67,0.189,79,0.207,98,0.235,82,0.202,85,0.255,58,0.227,60,0.258,40,0.181,33,0.157,31,0.174,20,0.207,10,0.143,4,0.07,2,0.055,2,0.076,2,0.053,8,0.115,13,0.123,12,0.076,29,0.122,50,0.168,65,0.199,71,0.191,65,0.158,81,0.196,76,0.209,83,0.227,83,0.219,67,0.2,71,0.266,49,0.205,40,0.159,36,0.189
Region 10,Region 7,25,0.21,14,0.278,10,0.338,4,0.189,4,0.222,13,0.407,57,0.666,121,0.648,110,0.334,85,0.235,77,0.267,82,0.311,67,0.234,73,0.237,79,0.261,82,0.249,82,0.218,112,0.254,109,0.251,80,0.244,53,0.215,38,0.174,44,0.248,31,0.269,32,0.342,13,0.307,5,0.198,6,0.326,8,0.434,14,0.42,46,0.558,100,0.561,105,0.347,101,0.311,77,0.284,67,0.258,75,0.272,72,0.236,78,0.258,97,0.296,81,0.223,93,0.221,109,0.26,74,0.228,45,0.184,54,0.238,58,0.309,43,0.334,32,0.266,14,0.268,9,0.286,6,0.267,5,0.259,13,0.415,56,0.755,108,0.717,84,0.346,68,0.253,65,0.256,70,0.266,61,0.2,75,0.219,73,0.216,81,0.229,83,0.218,93,0.223,104,0.256,88,0.264,82,0.321,68,0.292,37,0.168,44,0.209,41,0.23,23,0.238,9,0.129,7,0.123,8,0.221,3,0.115,16,0.421,45,0.648,24,0.226,35,0.22,53,0.223,54,0.181,59,0.18,81,0.218,79,0.191,82,0.199,71,0.196,91,0.249,86,0.226,79,0.235,62,0.232,50,0.209,64,0.254,47,0.247
Region 10,Region 8,21,0.176,9,0.179,8,0.271,2,0.095,9,0.5,11,0.344,20,0.234,42,0.225,62,0.188,65,0.18,57,0.197,69,0.261,105,0.366,90,0.292,83,0.274,98,0.297,112,0.298,97,0.22,90,0.207,63,0.192,59,0.239,44,0.201,35,0.197,17,0.148,31,0.331,5,0.118,8,0.317,6,0.326,7,0.379,9,0.27,11,0.133,38,0.213,68,0.225,68,0.209,68,0.251,50,0.193,73,0.265,77,0.252,70,0.232,73,0.222,96,0.264,94,0.223,89,0.213,76,0.234,47,0.192,51,0.225,34,0.181,19,0.148,37,0.308,14,0.268,7,0.222,10,0.445,9,0.466,7,0.223,8,0.108,33,0.219,50,0.206,74,0.276,47,0.185,67,0.255,60,0.197,76,0.222,69,0.205,92,0.26,104,0.273,98,0.235,81,0.199,82,0.246,48,0.188,42,0.18,34,0.154,38,0.181,34,0.191,16,0.165,20,0.286,13,0.228,11,0.303,11,0.42,13,0.342,16,0.23,32,0.302,29,0.183,52,0.219,47,0.158,69,0.211,74,0.199,79,0.191,99,0.24,80,0.22,72,0.197,72,0.19,52,0.155,43,0.161,35,0.146,34,0.135,35,0.184
Region 10,Region 9,5,0.042,4,0.079,2,0.068,6,0.284,5,0.278,9,0.281,21,0.245,34,0.182,44,0.134,19,0.053,30,0.104,28,0.106,32,0.112,28,0.091,20,0.066,25,0.076,40,0.106,49,0.111,46,0.106,29,0.088,16,0.065,13,0.059,14,0.079,10,0.087,4,0.043,5,0.118,4,0.158,4,0.218,6,0.325,11,0.33,25,0.303,40,0.224,40,0.132,30,0.092,34,0.126,38,0.147,39,0.142,41,0.134,30,0.099,33,0.101,38,0.105,47,0.112,38,0.091,27,0.083,16,0.065,12,0.053,22,0.117,7,0.054,10,0.083,5,0.096,3,0.095,2,0.089,10,0.518,18,0.575,15,0.202,31,0.206,35,0.144,28,0.104,30,0.118,35,0.133,21,0.069,29,0.085,31,0.092,30,0.085,52,0.136,55,0.132,29,0.071,28,0.084,15,0.059,11,0.047,10,0.045,13,0.062,12,0.067,9,0.093,2,0.029,6,0.105,5,0.138,14,0.535,15,0.395,13,0.187,11,0.104,14,0.088,19,0.08,31,0.104,32,0.098,36,0.097,44,0.107,35,0.085,30,0.083,43,0.118,37,0.097,14,0.042,13,0.049,23,0.096,13,0.052,9,0.047
Region 10,Region 10,190,1.593,93,1.846,63,2.132,68,3.215,60,3.333,76,2.376,166,1.94,334,1.788,521,1.583,618,1.709,536,1.857,521,1.973,610,2.127,700,2.274,657,2.167,692,2.1,769,2.043,820,1.863,792,1.821,532,1.622,411,1.668,355,1.622,296,1.668,222,1.928,169,1.805,91,2.152,47,1.861,61,3.319,52,2.818,75,2.248,157,1.903,310,1.738,497,1.644,621,1.91,522,1.928,512,1.974,564,2.049,684,2.241,604,1.999,681,2.075,737,2.029,803,1.905,797,1.903,582,1.794,410,1.673,371,1.636,314,1.673,197,1.531,213,1.77,89,1.702,63,2.001,53,2.357,56,2.899,63,2.011,143,1.927,281,1.865,437,1.802,514,1.914,551,2.168,491,1.867,643,2.11,670,1.953,747,2.214,698,1.97,770,2.018,840,2.016,697,1.713,479,1.438,410,1.606,357,1.532,347,1.572,278,1.324,265,1.485,109,1.126,106,1.517,78,1.367,61,1.683,48,1.833,75,1.973,103,1.483,143,1.349,263,1.655,396,1.666,530,1.78,591,1.806,624,1.677,697,1.689,629,1.525,616,1.697,608,1.662,510,1.343,467,1.391,381,1.428,344,1.437,301,1.196,234,1.231
Region 10,Region 11,4,0.034,0,0,1,0.034,2,0.095,1,0.056,0,0,1,0.012,6,0.032,8,0.024,9,0.025,6,0.021,6,0.023,6,0.021,9,0.029,5,0.016,9,0.027,19,0.05,16,0.036,15,0.034,6,0.018,1,0.004,3,0.014,4,0.023,0,0,2,0.021,1,0.024,0,0,1,0.054,3,0.163,0,0,0,0,5,0.028,8,0.026,6,0.018,8,0.03,4,0.015,7,0.025,5,0.016,6,0.02,15,0.046,13,0.036,15,0.036,14,0.033,6,0.018,7,0.029,6,0.026,8,0.043,2,0.016,2,0.017,2,0.038,1,0.032,2,0.089,2,0.104,1,0.032,2,0.027,5,0.033,3,0.012,4,0.015,3,0.012,6,0.023,6,0.02,10,0.029,10,0.03,8,0.023,20,0.052,6,0.014,8,0.02,6,0.018,5,0.02,4,0.017,1,0.005,5,0.024,2,0.011,1,0.01,2,0.029,5,0.088,2,0.055,1,0.038,0,0,2,0.029,2,0.019,0,0,4,0.017,2,0.007,3,0.009,9,0.024,4,0.01,6,0.015,5,0.014,2,0.005,4,0.011,4,0.012,8,0.03,3,0.013,1,0.004,0,0
Region 10,Region 12,16,0.134,7,0.139,7,0.237,5,0.236,4,0.222,19,0.594,38,0.444,77,0.412,75,0.228,86,0.238,57,0.197,46,0.174,69,0.241,56,0.182,55,0.181,48,0.146,64,0.17,74,0.168,75,0.172,76,0.232,47,0.191,42,0.192,34,0.192,14,0.122,13,0.139,5,0.118,7,0.277,7,0.381,4,0.217,14,0.42,42,0.509,71,0.398,68,0.225,80,0.246,58,0.214,52,0.201,49,0.178,64,0.21,57,0.189,69,0.21,67,0.184,76,0.18,75,0.179,55,0.17,39,0.159,46,0.203,23,0.123,25,0.194,19,0.158,8,0.153,5,0.159,1,0.044,6,0.311,12,0.383,25,0.337,55,0.365,66,0.272,44,0.164,32,0.126,40,0.152,59,0.194,69,0.201,51,0.151,66,0.186,63,0.165,64,0.154,47,0.116,50,0.15,37,0.145,32,0.137,21,0.095,21,0.1,15,0.084,12,0.124,9,0.129,6,0.105,3,0.083,5,0.191,8,0.21,17,0.245,16,0.151,30,0.189,37,0.156,43,0.144,55,0.168,63,0.169,52,0.126,59,0.143,60,0.165,53,0.145,54,0.142,34,0.101,34,0.127,37,0.155,37,0.147,24,0.126
Region 10,Region 13,24,0.201,19,0.377,4,0.135,8,0.378,6,0.333,16,0.5,38,0.444,114,0.61,181,0.55,145,0.401,97,0.336,122,0.462,132,0.46,131,0.426,140,0.462,130,0.395,156,0.414,147,0.334,122,0.28,98,0.299,91,0.369,87,0.398,58,0.327,32,0.278,30,0.32,9,0.213,9,0.356,10,0.544,10,0.542,19,0.569,39,0.473,130,0.729,181,0.599,112,0.345,145,0.536,106,0.409,112,0.407,124,0.406,129,0.427,132,0.402,149,0.41,151,0.358,119,0.284,117,0.361,94,0.384,83,0.366,79,0.421,51,0.396,42,0.349,27,0.516,16,0.508,7,0.311,10,0.518,11,0.351,34,0.458,89,0.591,156,0.643,120,0.447,113,0.445,67,0.255,83,0.272,96,0.28,99,0.293,86,0.243,113,0.296,104,0.25,91,0.224,77,0.231,66,0.258,67,0.288,65,0.294,55,0.262,38,0.213,19,0.196,13,0.186,8,0.14,7,0.193,2,0.076,14,0.368,21,0.302,37,0.349,56,0.352,81,0.341,97,0.326,108,0.33,108,0.29,97,0.235,98,0.238,105,0.289,101,0.276,72,0.19,53,0.158,69,0.259,50,0.209,58,0.231,45,0.237
Region 10,Region 14,61,0.511,28,0.556,23,0.778,21,0.993,33,1.833,88,2.752,204,2.385,366,1.959,596,1.811,583,1.613,345,1.195,359,1.359,380,1.325,385,1.251,368,1.214,430,1.305,471,1.251,373,0.847,349,0.802,273,0.832,213,0.864,167,0.763,135,0.761,95,0.825,59,0.63,21,0.497,14,0.554,18,0.979,43,2.331,85,2.547,199,2.412,373,2.091,633,2.094,558,1.717,380,1.404,353,1.361,366,1.33,412,1.35,429,1.42,480,1.463,528,1.454,445,1.056,420,1.003,307,0.946,209,0.853,192,0.847,163,0.868,104,0.808,96,0.798,40,0.765,22,0.699,30,1.334,41,2.122,86,2.746,182,2.452,299,1.984,423,1.744,370,1.378,340,1.338,348,1.323,385,1.264,434,1.265,432,1.28,497,1.402,527,1.381,491,1.178,407,1.001,297,0.891,202,0.791,189,0.811,153,0.693,120,0.571,109,0.611,59,0.61,28,0.401,34,0.596,33,0.91,46,1.757,71,1.868,107,1.54,165,1.557,217,1.366,348,1.464,434,1.458,451,1.379,463,1.244,480,1.163,445,1.079,386,1.063,441,1.206,411,1.082,292,0.87,258,0.967,240,1.002,202,0.803,138,0.726
Region 10,Region 15,3,0.025,1,0.02,2,0.068,0,0,0,0,0,0,2,0.023,2,0.011,8,0.024,5,0.014,1,0.003,7,0.027,4,0.014,8,0.026,5,0.016,8,0.024,13,0.035,11,0.025,14,0.032,5,0.015,5,0.02,5,0.023,5,0.028,7,0.061,3,0.032,3,0.071,0,0,1,0.054,4,0.217,1,0.03,1,0.012,3,0.017,8,0.026,4,0.012,7,0.026,3,0.012,7,0.025,3,0.01,8,0.026,4,0.012,8,0.022,9,0.021,8,0.019,4,0.012,6,0.024,4,0.018,9,0.048,9,0.07,3,0.025,0,0,4,0.127,3,0.133,0,0,1,0.032,2,0.027,4,0.027,5,0.021,3,0.011,5,0.02,3,0.011,2,0.007,8,0.023,8,0.024,4,0.011,7,0.018,12,0.029,9,0.022,12,0.036,1,0.004,9,0.039,6,0.027,2,0.01,2,0.011,3,0.031,2,0.029,1,0.018,0,0,1,0.038,1,0.026,4,0.058,1,0.009,1,0.006,3,0.013,5,0.017,4,0.012,7,0.019,7,0.017,1,0.002,4,0.011,10,0.027,6,0.016,4,0.012,3,0.011,7,0.029,3,0.012,3,0.016
Region 10,Region 16,3,0.025,0,0,0,0,0,0,1,0.056,0,0,1,0.012,9,0.048,17,0.052,22,0.061,14,0.048,9,0.034,8,0.028,16,0.052,11,0.036,14,0.042,23,0.061,21,0.048,31,0.071,15,0.046,11,0.045,13,0.059,6,0.034,0,0,2,0.021,0,0,0,0,0,0,1,0.054,0,0,0,0,9,0.05,15,0.05,23,0.071,11,0.041,8,0.031,6,0.022,8,0.026,13,0.043,14,0.043,20,0.055,31,0.074,19,0.045,27,0.083,11,0.045,8,0.035,5,0.027,4,0.031,2,0.017,0,0,0,0,0,0,0,0,0,0,2,0.027,4,0.027,22,0.091,23,0.086,11,0.043,11,0.042,14,0.046,18,0.052,10,0.03,13,0.037,30,0.079,19,0.046,27,0.066,18,0.054,13,0.051,10,0.043,5,0.023,3,0.014,2,0.011,1,0.01,1,0.014,0,0,0,0,0,0,0,0,11,0.158,20,0.189,8,0.05,7,0.029,4,0.013,13,0.04,13,0.035,17,0.041,19,0.046,14,0.039,13,0.036,15,0.039,14,0.042,12,0.045,6,0.025,2,0.008,3,0.016
Region 10,Region 17,57,0.478,23,0.457,7,0.237,4,0.189,11,0.611,32,1.001,118,1.379,320,1.713,606,1.841,530,1.466,234,0.811,161,0.61,151,0.527,178,0.578,178,0.587,167,0.507,171,0.454,211,0.479,204,0.469,125,0.381,110,0.446,89,0.407,78,0.44,50,0.434,44,0.47,23,0.544,8,0.317,7,0.381,11,0.596,39,1.169,110,1.333,269,1.508,474,1.568,417,1.283,204,0.754,159,0.613,140,0.509,149,0.488,149,0.493,187,0.57,183,0.504,245,0.581,221,0.528,192,0.592,108,0.441,94,0.414,79,0.421,70,0.544,61,0.507,24,0.459,12,0.381,7,0.311,18,0.932,32,1.022,98,1.32,184,1.221,284,1.171,249,0.927,163,0.641,140,0.532,153,0.502,176,0.513,155,0.459,177,0.499,155,0.406,242,0.581,240,0.59,197,0.591,120,0.47,145,0.622,113,0.512,114,0.543,85,0.476,51,0.527,27,0.386,21,0.368,6,0.166,18,0.688,29,0.763,63,0.907,63,0.594,123,0.774,182,0.766,198,0.665,234,0.715,347,0.933,495,1.2,433,1.05,238,0.656,181,0.495,196,0.516,157,0.468,120,0.45,126,0.526,131,0.521,114,0.6
Region 10,Region 18,3,0.025,1,0.02,0,0,1,0.047,0,0,0,0,3,0.035,1,0.005,7,0.021,5,0.014,4,0.014,3,0.011,3,0.01,3,0.01,4,0.013,5,0.015,5,0.013,7,0.016,11,0.025,4,0.012,4,0.016,5,0.023,4,0.023,3,0.026,3,0.032,2,0.047,1,0.04,0,0,1,0.054,1,0.03,5,0.061,1,0.006,2,0.007,5,0.015,3,0.011,4,0.015,3,0.011,5,0.016,2,0.007,2,0.006,6,0.017,13,0.031,16,0.038,6,0.018,3,0.012,5,0.022,3,0.016,1,0.008,1,0.008,3,0.057,1,0.032,0,0,2,0.104,2,0.064,1,0.013,1,0.007,4,0.016,2,0.007,3,0.012,3,0.011,4,0.013,5,0.015,5,0.015,4,0.011,4,0.01,7,0.017,2,0.005,3,0.009,3,0.012,3,0.013,4,0.018,1,0.005,1,0.006,0,0,1,0.014,2,0.035,0,0,0,0,0,0,0,0,1,0.009,2,0.013,1,0.004,2,0.007,3,0.009,1,0.003,2,0.005,4,0.01,5,0.014,7,0.019,4,0.011,5,0.015,2,0.007,5,0.021,0,0,2,0.011
Region 10,Region 19,5,0.042,4,0.079,6,0.203,2,0.095,5,0.278,1,0.031,2,0.023,0,0,10,0.03,8,0.022,10,0.035,13,0.049,11,0.038,17,0.055,24,0.079,16,0.049,28,0.074,36,0.082,37,0.085,18,0.055,9,0.037,8,0.037,12,0.068,7,0.061,6,0.064,6,0.142,0,0,0,0,2,0.108,1,0.03,6,0.073,4,0.022,5,0.017,12,0.037,12,0.044,14,0.054,8,0.029,16,0.052,20,0.066,18,0.055,24,0.066,37,0.088,26,0.062,22,0.068,10,0.041,18,0.079,16,0.085,5,0.039,12,0.1,7,0.134,4,0.127,2,0.089,2,0.104,1,0.032,2,0.027,3,0.02,9,0.037,6,0.022,8,0.031,13,0.049,21,0.069,19,0.055,15,0.044,32,0.09,16,0.042,22,0.053,24,0.059,15,0.045,15,0.059,11,0.047,15,0.068,12,0.057,12,0.067,6,0.062,1,0.014,4,0.07,2,0.055,1,0.038,2,0.053,1,0.014,4,0.038,3,0.019,6,0.025,12,0.04,16,0.049,27,0.073,21,0.051,17,0.041,16,0.044,16,0.044,15,0.039,15,0.045,27,0.101,10,0.042,14,0.056,15,0.079
Region 10,Region 20,67,0.562,44,0.873,20,0.677,16,0.757,11,0.611,25,0.782,87,1.017,149,0.798,195,0.593,250,0.692,167,0.578,119,0.451,156,0.544,147,0.478,140,0.462,159,0.483,180,0.478,233,0.529,242,0.556,167,0.509,129,0.523,126,0.576,97,0.547,74,0.643,48,0.513,20,0.473,11,0.435,12,0.653,12,0.65,22,0.659,76,0.921,128,0.718,209,0.691,235,0.723,140,0.517,117,0.451,137,0.498,173,0.567,163,0.539,158,0.481,179,0.493,246,0.584,199,0.475,157,0.484,137,0.559,133,0.586,124,0.661,69,0.536,48,0.399,30,0.574,14,0.445,13,0.578,14,0.725,25,0.798,64,0.862,119,0.79,166,0.684,145,0.54,124,0.488,139,0.529,154,0.505,163,0.475,167,0.495,167,0.471,158,0.414,204,0.49,182,0.447,175,0.525,125,0.49,133,0.571,126,0.571,108,0.514,101,0.566,52,0.537,38,0.544,36,0.631,25,0.69,9,0.344,20,0.526,35,0.504,47,0.443,67,0.422,112,0.471,113,0.38,134,0.41,224,0.602,354,0.858,293,0.71,145,0.399,159,0.435,170,0.448,149,0.444,143,0.536,111,0.464,110,0.437,104,0.547
Region 10,Region 21,5,0.042,5,0.099,2,0.068,0,0,3,0.167,3,0.094,10,0.117,19,0.102,21,0.064,32,0.089,16,0.055,30,0.114,32,0.112,22,0.071,25,0.082,30,0.091,42,0.112,41,0.093,49,0.113,37,0.113,26,0.106,22,0.101,15,0.085,2,0.017,10,0.107,4,0.095,0,0,1,0.054,1,0.054,0,0,6,0.073,9,0.05,18,0.06,24,0.074,20,0.074,22,0.085,24,0.087,33,0.108,36,0.119,38,0.116,45,0.124,49,0.116,37,0.088,37,0.114,31,0.126,23,0.101,16,0.085,11,0.085,9,0.075,6,0.115,1,0.032,1,0.044,1,0.052,1,0.032,7,0.094,10,0.066,19,0.078,15,0.056,24,0.094,15,0.057,23,0.075,27,0.079,28,0.083,32,0.09,40,0.105,47,0.113,44,0.108,43,0.129,28,0.11,28,0.12,15,0.068,10,0.048,11,0.062,5,0.052,4,0.057,2,0.035,2,0.055,1,0.038,5,0.132,12,0.173,17,0.16,18,0.113,18,0.076,30,0.101,29,0.089,25,0.067,24,0.058,31,0.075,40,0.11,29,0.079,28,0.074,34,0.101,28,0.105,16,0.067,16,0.064,15,0.079
Region 10,Region 22,2,0.017,1,0.02,1,0.034,0,0,1,0.056,2,0.063,4,0.047,6,0.032,16,0.049,16,0.044,13,0.045,13,0.049,14,0.049,19,0.062,18,0.059,14,0.042,17,0.045,24,0.055,19,0.044,19,0.058,14,0.057,17,0.078,9,0.051,1,0.009,4,0.043,1,0.024,1,0.04,1,0.054,1,0.054,0,0,3,0.036,8,0.045,11,0.036,17,0.052,14,0.052,12,0.046,6,0.022,19,0.062,12,0.04,15,0.046,11,0.03,20,0.047,17,0.041,17,0.052,15,0.061,13,0.057,12,0.064,6,0.047,7,0.058,7,0.134,0,0,0,0,1,0.052,1,0.032,5,0.067,7,0.046,18,0.074,15,0.056,12,0.047,7,0.027,11,0.036,11,0.032,11,0.033,14,0.04,21,0.055,19,0.046,23,0.057,18,0.054,13,0.051,12,0.052,9,0.041,5,0.024,1,0.006,5,0.052,2,0.029,0,0,1,0.028,1,0.038,0,0,0,0,4,0.038,12,0.076,17,0.072,15,0.05,16,0.049,13,0.035,10,0.024,14,0.034,23,0.063,30,0.082,24,0.063,13,0.039,9,0.034,15,0.063,9,0.036,4,0.021
Region 10,Region 23,2,0.017,2,0.04,3,0.102,0,0,3,0.167,2,0.063,7,0.082,4,0.021,20,0.061,17,0.047,10,0.035,10,0.038,15,0.052,21,0.068,13,0.043,18,0.055,24,0.064,24,0.055,16,0.037,10,0.03,13,0.053,14,0.064,19,0.107,4,0.035,4,0.043,7,0.166,3,0.119,1,0.054,3,0.163,6,0.18,2,0.024,6,0.034,25,0.083,13,0.04,12,0.044,18,0.069,13,0.047,18,0.059,6,0.02,16,0.049,28,0.077,37,0.088,23,0.055,10,0.031,14,0.057,9,0.04,13,0.069,8,0.062,3,0.025,3,0.057,1,0.032,0,0,5,0.259,4,0.128,2,0.027,8,0.053,18,0.074,9,0.034,18,0.071,9,0.034,11,0.036,25,0.073,15,0.044,19,0.054,17,0.045,23,0.055,18,0.044,10,0.03,8,0.031,11,0.047,9,0.041,7,0.033,10,0.056,7,0.072,2,0.029,7,0.123,3,0.083,2,0.076,1,0.026,4,0.058,5,0.047,12,0.076,14,0.059,21,0.071,21,0.064,27,0.073,22,0.053,13,0.032,7,0.019,16,0.044,12,0.032,15,0.045,19,0.071,8,0.033,10,0.04,13,0.068
Region 10,Region 24,3,0.025,2,0.04,0,0,0,0,0,0,0,0,2,0.023,6,0.032,11,0.033,18,0.05,13,0.045,17,0.064,17,0.059,14,0.045,13,0.043,17,0.052,27,0.072,34,0.077,23,0.053,12,0.037,11,0.045,12,0.055,10,0.056,3,0.026,3,0.032,1,0.024,0,0,0,0,1,0.054,1,0.03,4,0.048,14,0.078,14,0.046,21,0.065,10,0.037,14,0.054,15,0.054,20,0.066,12,0.04,15,0.046,32,0.088,29,0.069,25,0.06,17,0.052,15,0.061,13,0.057,8,0.043,5,0.039,4,0.033,2,0.038,1,0.032,0,0,1,0.052,2,0.064,2,0.027,6,0.04,8,0.033,10,0.037,11,0.043,19,0.072,10,0.033,13,0.038,14,0.041,22,0.062,24,0.063,29,0.07,30,0.074,13,0.039,14,0.055,7,0.03,3,0.014,4,0.019,1,0.006,2,0.021,2,0.029,0,0,2,0.055,0,0,2,0.053,5,0.072,7,0.066,13,0.082,18,0.076,14,0.047,13,0.04,21,0.056,21,0.051,18,0.044,19,0.052,15,0.041,17,0.045,9,0.027,13,0.049,5,0.021,9,0.036,11,0.058
Region 10,Region 25,6,0.05,2,0.04,1,0.034,0,0,3,0.167,10,0.313,6,0.07,14,0.075,25,0.076,25,0.069,20,0.069,11,0.042,14,0.049,18,0.058,23,0.076,22,0.067,19,0.05,18,0.041,38,0.087,34,0.104,9,0.037,13,0.059,9,0.051,8,0.069,6,0.064,4,0.095,1,0.04,1,0.054,5,0.271,5,0.15,2,0.024,7,0.039,20,0.066,25,0.077,19,0.07,8,0.031,21,0.076,23,0.075,18,0.06,15,0.046,22,0.061,22,0.052,26,0.062,18,0.055,14,0.057,16,0.071,16,0.085,7,0.054,6,0.05,2,0.038,3,0.095,1,0.044,0,0,7,0.223,8,0.108,10,0.066,9,0.037,15,0.056,18,0.071,12,0.046,14,0.046,26,0.076,19,0.056,21,0.059,15,0.039,12,0.029,13,0.032,12,0.036,18,0.07,11,0.047,2,0.009,6,0.029,4,0.022,8,0.083,3,0.043,4,0.07,2,0.055,4,0.153,0,0,1,0.014,6,0.057,9,0.057,10,0.042,5,0.017,11,0.034,19,0.051,16,0.039,13,0.032,11,0.03,19,0.052,13,0.034,6,0.018,8,0.03,10,0.042,8,0.032,4,0.021
Region 11,Region 0,3,0.025,1,0.02,2,0.068,1,0.047,0,0,5,0.156,6,0.07,21,0.112,22,0.067,31,0.086,20,0.069,17,0.064,11,0.038,5,0.016,10,0.033,14,0.042,10,0.027,9,0.02,10,0.023,8,0.024,10,0.041,6,0.027,2,0.011,3,0.026,1,0.011,1,0.024,2,0.079,0,0,0,0,0,0,6,0.073,18,0.101,24,0.079,17,0.052,13,0.048,13,0.05,10,0.036,9,0.029,11,0.036,13,0.04,18,0.05,20,0.047,11,0.026,8,0.025,7,0.029,8,0.035,9,0.048,4,0.031,3,0.025,1,0.019,1,0.032,0,0,1,0.052,0,0,6,0.081,10,0.066,17,0.07,15,0.056,17,0.067,13,0.049,14,0.046,3,0.009,12,0.036,14,0.04,11,0.029,15,0.036,13,0.032,9,0.027,8,0.031,4,0.017,8,0.036,2,0.01,5,0.028,3,0.031,2,0.029,1,0.018,1,0.028,1,0.038,4,0.105,8,0.115,5,0.047,8,0.05,8,0.034,8,0.027,8,0.024,11,0.03,15,0.036,9,0.022,15,0.041,18,0.049,9,0.024,11,0.033,3,0.011,5,0.021,10,0.04,9,0.047
Region 11,Region 1,2,0.017,1,0.02,4,0.135,3,0.142,0,0,0,0,1,0.012,8,0.043,16,0.049,14,0.039,7,0.024,6,0.023,7,0.024,6,0.019,11,0.036,9,0.027,17,0.045,24,0.055,26,0.06,11,0.034,11,0.045,14,0.064,0,0,2,0.017,4,0.043,2,0.047,1,0.04,0,0,0,0,0,0,5,0.061,4,0.022,15,0.05,12,0.037,12,0.044,6,0.023,8,0.029,12,0.039,10,0.033,19,0.058,27,0.074,24,0.057,20,0.048,16,0.049,7,0.029,2,0.009,6,0.032,1,0.008,2,0.017,3,0.057,2,0.064,0,0,1,0.052,0,0,0,0,4,0.027,8,0.033,9,0.034,10,0.039,11,0.042,13,0.043,10,0.029,17,0.05,15,0.042,11,0.029,14,0.034,16,0.039,11,0.033,7,0.027,5,0.021,8,0.036,4,0.019,3,0.017,7,0.072,2,0.029,1,0.018,1,0.028,1,0.038,0,0,3,0.043,2,0.019,8,0.05,10,0.042,13,0.044,7,0.021,3,0.008,8,0.019,13,0.032,9,0.025,13,0.036,11,0.029,8,0.024,12,0.045,6,0.025,9,0.036,2,0.011
Region 11,Region 2,8,0.067,7,0.139,2,0.068,2,0.095,1,0.056,0,0,5,0.058,9,0.048,24,0.073,16,0.044,16,0.055,10,0.038,21,0.073,20,0.065,19,0.063,17,0.052,19,0.05,25,0.057,24,0.055,14,0.043,15,0.061,5,0.023,10,0.056,8,0.069,8,0.085,2,0.047,2,0.079,3,0.163,3,0.163,2,0.06,1,0.012,7,0.039,9,0.03,15,0.046,19,0.07,5,0.019,11,0.04,17,0.056,9,0.03,14,0.043,23,0.063,32,0.076,30,0.072,20,0.062,12,0.049,13,0.057,10,0.053,14,0.109,11,0.091,0,0,3,0.095,2,0.089,2,0.104,1,0.032,4,0.054,9,0.06,13,0.054,8,0.03,15,0.059,19,0.072,22,0.072,25,0.073,26,0.077,28,0.079,23,0.06,23,0.055,32,0.079,20,0.06,14,0.055,16,0.069,11,0.05,20,0.095,9,0.05,5,0.052,6,0.086,3,0.053,3,0.083,2,0.076,3,0.079,3,0.043,8,0.075,12,0.076,6,0.025,18,0.06,21,0.064,17,0.046,24,0.058,18,0.044,11,0.03,26,0.071,30,0.079,16,0.048,18,0.067,19,0.079,9,0.036,12,0.063
Region 11,Region 3,0,0,0,0,0,0,0,0,0,0,0,0,1,0.012,1,0.005,0,0,1,0.003,2,0.007,2,0.008,1,0.003,2,0.006,3,0.01,1,0.003,1,0.003,0,0,0,0,1,0.003,1,0.004,0,0,0,0,0,0,0,0,1,0.024,1,0.04,0,0,0,0,0,0,0,0,1,0.006,0,0,1,0.003,2,0.007,1,0.004,0,0,3,0.01,0,0,0,0,0,0,2,0.005,1,0.002,0,0,0,0,2,0.009,0,0,1,0.008,1,0.008,0,0,0,0,0,0,0,0,0,0,1,0.013,0,0,1,0.004,1,0.004,0,0,0,0,2,0.007,1,0.003,0,0,1,0.003,1,0.003,1,0.002,3,0.007,0,0,0,0,0,0,2,0.009,0,0,0,0,0,0,0,0,0,0,0,0,0,0,1,0.026,0,0,0,0,1,0.006,0,0,1,0.003,1,0.003,3,0.008,2,0.005,2,0.005,2,0.006,3,0.008,0,0,0,0,1,0.004,1,0.004,1,0.004,1,0.005
Region 11,Region 4,3,0.025,1,0.02,0,0,0,0,0,0,0,0,1,0.012,0,0,3,0.009,2,0.006,1,0.003,1,0.004,1,0.003,1,0.003,2,0.007,0,0,0,0,2,0.005,3,0.007,3,0.009,3,0.012,0,0,2,0.011,0,0,0,0,0,0,1,0.04,0,0,0,0,0,0,1,0.012,1,0.006,1,0.003,0,0,0,0,1,0.004,0,0,2,0.007,1,0.003,0,0,2,0.006,0,0,1,0.002,1,0.003,1,0.004,0,0,0,0,4,0.031,2,0.017,0,0,1,0.032,1,0.044,0,0,0,0,0,0,1,0.007,1,0.004,1,0.004,1,0.004,1,0.004,3,0.01,5,0.015,3,0.009,0,0,1,0.003,0,0,0,0,4,0.012,0,0,1,0.004,4,0.018,2,0.01,3,0.017,3,0.031,0,0,0,0,0,0,2,0.076,1,0.026,0,0,0,0,1,0.006,0,0,1,0.003,1,0.003,2,0.005,1,0.002,2,0.005,0,0,2,0.005,1,0.003,1,0.003,4,0.015,0,0,4,0.016,3,0.016
Region 11,Region 5,0,0,0,0,0,0,0,0,0,0,0,0,1,0.012,1,0.005,0,0,1,0.003,1,0.003,1,0.004,1,0.003,3,0.01,1,0.003,0,0,0,0,1,0.002,1,0.002,0,0,1,0.004,0,0,0,0,0,0,0,0,0,0,0,0,1,0.054,0,0,0,0,1,0.012,1,0.006,1,0.003,0,0,0,0,2,0.008,0,0,1,0.003,1,0.003,1,0.003,0,0,2,0.005,0,0,0,0,0,0,0,0,0,0,0,0,1,0.008,1,0.019,0,0,0,0,0,0,0,0,0,0,0,0,0,0,3,0.011,0,0,1,0.004,0,0,1,0.003,2,0.006,0,0,1,0.003,2,0.005,1,0.002,1,0.003,3,0.012,0,0,1,0.005,0,0,0,0,0,0,1,0.014,0,0,0,0,2,0.076,1,0.026,1,0.014,1,0.009,0,0,1,0.004,2,0.007,1,0.003,2,0.005,0,0,1,0.002,1,0.003,0,0,1,0.003,0,0,0,0,0,0,4,0.016,1,0.005
Region 11,Region 6,2,0.017,2,0.04,1,0.034,0,0,0,0,2,0.063,1,0.012,3,0.016,3,0.009,7,0.019,4,0.014,0,0,9,0.031,1,0.003,9,0.03,4,0.012,12,0.032,10,0.023,19,0.044,10,0.03,8,0.032,5,0.023,2,0.011,0,0,2,0.021,0,0,1,0.04,0,0,1,0.054,2,0.06,0,0,7,0.039,4,0.013,6,0.018,4,0.015,5,0.019,7,0.025,5,0.016,3,0.01,9,0.027,12,0.033,14,0.033,17,0.041,7,0.022,4,0.016,6,0.026,8,0.043,3,0.023,6,0.05,0,0,1,0.032,0,0,0,0,0,0,2,0.027,6,0.04,5,0.021,5,0.019,5,0.02,6,0.023,6,0.02,10,0.029,8,0.024,4,0.011,5,0.013,18,0.043,25,0.061,14,0.042,17,0.067,11,0.047,2,0.009,1,0.005,6,0.034,1,0.01,1,0.014,0,0,0,0,1,0.038,1,0.026,0,0,5,0.047,11,0.069,6,0.025,5,0.017,8,0.024,11,0.03,8,0.019,11,0.027,10,0.028,7,0.019,12,0.032,5,0.015,7,0.026,6,0.025,7,0.028,3,0.016
Region 11,Region 7,1,0.008,2,0.04,0,0,1,0.047,0,0,0,0,1,0.012,1,0.005,5,0.015,5,0.014,2,0.007,5,0.019,5,0.017,3,0.01,3,0.01,1,0.003,5,0.013,7,0.016,13,0.03,9,0.027,3,0.012,6,0.027,1,0.006,1,0.009,2,0.021,3,0.071,0,0,0,0,0,0,0,0,1,0.012,2,0.011,4,0.013,4,0.012,3,0.011,2,0.008,3,0.011,4,0.013,2,0.007,6,0.018,5,0.014,5,0.012,7,0.017,4,0.012,4,0.016,4,0.018,2,0.011,2,0.016,2,0.017,1,0.019,0,0,0,0,0,0,0,0,1,0.013,4,0.027,4,0.016,5,0.019,3,0.012,5,0.019,5,0.016,8,0.023,5,0.015,4,0.011,5,0.013,5,0.012,14,0.034,10,0.03,2,0.008,5,0.021,4,0.018,6,0.029,0,0,3,0.031,2,0.029,1,0.018,1,0.028,0,0,0,0,1,0.014,0,0,2,0.013,2,0.008,3,0.01,3,0.009,4,0.011,3,0.007,3,0.007,3,0.008,3,0.008,3,0.008,4,0.012,2,0.007,4,0.017,7,0.028,5,0.026
Region 11,Region 8,10,0.084,1,0.02,4,0.135,2,0.095,4,0.222,3,0.094,12,0.14,13,0.07,24,0.073,24,0.066,17,0.059,15,0.057,15,0.052,9,0.029,14,0.046,20,0.061,22,0.058,22,0.05,19,0.044,11,0.034,8,0.032,14,0.064,12,0.068,6,0.052,6,0.064,4,0.095,1,0.04,0,0,2,0.108,3,0.09,5,0.061,19,0.107,29,0.096,18,0.055,20,0.074,17,0.066,15,0.054,13,0.043,12,0.04,17,0.052,19,0.052,18,0.043,29,0.069,19,0.059,13,0.053,11,0.048,6,0.032,6,0.047,5,0.042,2,0.038,3,0.095,0,0,2,0.104,4,0.128,9,0.121,14,0.093,15,0.062,18,0.067,18,0.071,13,0.049,16,0.053,22,0.064,25,0.074,19,0.054,28,0.073,18,0.043,15,0.037,16,0.048,12,0.047,21,0.09,7,0.032,6,0.029,5,0.028,6,0.062,5,0.072,2,0.035,2,0.055,4,0.153,3,0.079,3,0.043,11,0.104,13,0.082,17,0.072,17,0.057,14,0.043,24,0.065,19,0.046,10,0.024,15,0.041,12,0.033,18,0.047,13,0.039,8,0.03,13,0.054,6,0.024,11,0.058
Region 11,Region 9,0,0,0,0,0,0,0,0,0,0,1,0.031,0,0,1,0.005,3,0.009,1,0.003,1,0.003,2,0.008,1,0.003,1,0.003,0,0,2,0.006,0,0,3,0.007,2,0.005,1,0.003,0,0,0,0,1,0.006,0,0,0,0,0,0,0,0,0,0,0,0,0,0,0,0,0,0,2,0.007,1,0.003,1,0.004,0,0,0,0,0,0,2,0.007,2,0.006,1,0.003,3,0.007,5,0.012,1,0.003,0,0,1,0.004,2,0.011,0,0,0,0,0,0,0,0,1,0.044,0,0,1,0.032,3,0.04,2,0.013,3,0.012,1,0.004,1,0.004,0,0,0,0,2,0.006,1,0.003,1,0.003,1,0.003,1,0.002,2,0.005,2,0.006,1,0.004,2,0.009,1,0.005,0,0,0,0,0,0,1,0.014,0,0,1,0.028,1,0.038,1,0.026,0,0,0,0,3,0.019,0,0,3,0.01,0,0,3,0.008,0,0,1,0.002,0,0,0,0,0,0,0,0,0,0,0,0,0,0,0,0
Region 11,Region 10,2,0.017,1,0.02,1,0.034,0,0,1,0.056,1,0.031,4,0.047,7,0.037,17,0.052,24,0.066,10,0.035,4,0.015,8,0.028,9,0.029,8,0.026,7,0.021,15,0.04,5,0.011,11,0.025,1,0.003,2,0.008,5,0.023,5,0.028,3,0.026,5,0.053,0,0,0,0,0,0,1,0.054,1,0.03,1,0.012,4,0.022,14,0.046,16,0.049,6,0.022,9,0.035,3,0.011,7,0.023,10,0.033,8,0.024,13,0.036,13,0.031,14,0.033,8,0.025,3,0.012,1,0.004,2,0.011,2,0.016,3,0.025,3,0.057,0,0,1,0.044,0,0,1,0.032,1,0.013,8,0.053,10,0.041,8,0.03,4,0.016,4,0.015,8,0.026,8,0.023,5,0.015,4,0.011,16,0.042,10,0.024,7,0.017,7,0.021,2,0.008,9,0.039,3,0.014,1,0.005,5,0.028,1,0.01,0,0,0,0,0,0,1,0.038,0,0,1,0.014,3,0.028,3,0.019,7,0.029,1,0.003,4,0.012,6,0.016,11,0.027,7,0.017,6,0.017,5,0.014,3,0.008,4,0.012,1,0.004,4,0.017,2,0.008,4,0.021
Region 11,Region 11,75,0.629,34,0.675,9,0.305,12,0.567,18,1,15,0.469,65,0.76,147,0.787,176,0.535,160,0.443,140,0.485,152,0.576,137,0.478,171,0.556,164,0.541,208,0.631,246,0.653,278,0.632,239,0.549,193,0.588,160,0.649,138,0.631,119,0.671,83,0.721,78,0.833,30,0.71,14,0.554,13,0.707,11,0.596,14,0.42,50,0.606,179,1.004,203,0.671,183,0.563,147,0.543,156,0.602,146,0.53,187,0.613,185,0.612,232,0.707,241,0.664,229,0.543,244,0.583,210,0.647,160,0.653,163,0.719,131,0.698,69,0.536,79,0.657,29,0.555,18,0.572,15,0.667,7,0.362,18,0.575,48,0.647,154,1.022,137,0.565,132,0.492,146,0.574,153,0.582,150,0.492,179,0.522,204,0.605,212,0.598,210,0.55,226,0.542,228,0.56,202,0.606,173,0.678,161,0.691,139,0.63,106,0.505,83,0.465,47,0.486,19,0.272,26,0.456,13,0.359,15,0.573,25,0.658,79,1.137,59,0.557,79,0.497,114,0.48,158,0.531,158,0.483,178,0.478,184,0.446,210,0.509,203,0.559,177,0.484,190,0.5,145,0.432,155,0.581,132,0.551,118,0.469,99,0.521
Region 11,Region 12,1,0.008,2,0.04,1,0.034,0,0,0,0,0,0,0,0,1,0.005,6,0.018,3,0.008,2,0.007,1,0.004,4,0.014,4,0.013,3,0.01,2,0.006,5,0.013,2,0.005,6,0.014,6,0.018,0,0,0,0,2,0.011,4,0.035,0,0,0,0,0,0,0,0,0,0,0,0,0,0,0,0,1,0.003,2,0.006,3,0.011,8,0.031,1,0.004,4,0.013,2,0.007,1,0.003,7,0.019,2,0.005,7,0.017,3,0.009,3,0.012,5,0.022,2,0.011,3,0.023,2,0.017,2,0.038,1,0.032,1,0.044,0,0,0,0,0,0,0,0,5,0.021,2,0.007,0,0,3,0.011,5,0.016,1,0.003,3,0.009,2,0.006,2,0.005,6,0.014,3,0.007,1,0.003,1,0.004,2,0.009,3,0.014,2,0.01,4,0.022,0,0,1,0.014,0,0,2,0.055,1,0.038,1,0.026,0,0,1,0.009,3,0.019,2,0.008,2,0.007,4,0.012,3,0.008,2,0.005,0,0,2,0.006,1,0.003,2,0.005,4,0.012,1,0.004,7,0.029,4,0.016,4,0.021
Region 11,Region 13,1,0.008,2,0.04,1,0.034,3,0.142,0,0,0,0,5,0.058,7,0.037,6,0.018,10,0.028,3,0.01,3,0.011,8,0.028,8,0.026,6,0.02,5,0.015,6,0.016,6,0.014,7,0.016,11,0.034,6,0.024,7,0.032,2,0.011,2,0.017,5,0.053,2,0.047,3,0.119,2,0.109,0,0,1,0.03,4,0.048,7,0.039,7,0.023,8,0.025,14,0.052,8,0.031,9,0.033,9,0.029,6,0.02,11,0.034,8,0.022,15,0.036,12,0.029,8,0.025,5,0.02,2,0.009,4,0.021,3,0.023,2,0.017,0,0,1,0.032,0,0,0,0,1,0.032,1,0.013,4,0.027,8,0.033,9,0.034,9,0.035,2,0.008,8,0.026,6,0.017,5,0.015,10,0.028,6,0.016,10,0.024,5,0.012,10,0.03,14,0.055,6,0.026,5,0.023,2,0.01,6,0.034,4,0.041,1,0.014,0,0,0,0,2,0.076,1,0.026,4,0.058,5,0.047,5,0.031,5,0.021,7,0.024,8,0.024,11,0.03,9,0.022,4,0.01,4,0.011,8,0.022,5,0.013,9,0.027,10,0.037,4,0.017,5,0.02,6,0.032
Region 11,Region 14,8,0.067,3,0.06,2,0.068,1,0.047,3,0.167,1,0.031,3,0.035,17,0.091,11,0.033,9,0.025,16,0.055,8,0.03,3,0.01,4,0.013,10,0.033,3,0.009,6,0.016,17,0.039,8,0.018,7,0.021,5,0.02,4,0.018,6,0.034,0,0,3,0.032,2,0.047,1,0.04,0,0,1,0.054,0,0,7,0.085,16,0.09,15,0.05,9,0.028,11,0.041,10,0.039,10,0.036,9,0.029,11,0.036,16,0.049,9,0.025,7,0.017,7,0.017,7,0.022,8,0.033,6,0.026,7,0.037,4,0.031,5,0.042,2,0.038,0,0,2,0.089,4,0.207,5,0.16,6,0.081,11,0.073,12,0.049,14,0.052,7,0.028,9,0.034,10,0.033,12,0.035,11,0.033,7,0.02,10,0.026,5,0.012,16,0.039,6,0.018,6,0.023,7,0.03,9,0.041,3,0.014,4,0.022,2,0.021,2,0.029,3,0.053,2,0.055,1,0.038,3,0.079,6,0.086,12,0.113,8,0.05,11,0.046,8,0.027,16,0.049,10,0.027,10,0.024,8,0.019,13,0.036,26,0.071,13,0.034,9,0.027,14,0.052,5,0.021,10,0.04,8,0.042
Region 11,Region 15,27,0.226,14,0.278,8,0.271,9,0.426,10,0.556,7,0.219,16,0.187,18,0.096,50,0.152,57,0.158,45,0.156,40,0.151,50,0.174,51,0.166,60,0.198,74,0.225,62,0.165,81,0.184,71,0.163,67,0.204,44,0.179,64,0.292,46,0.259,28,0.243,24,0.256,14,0.331,8,0.317,6,0.326,8,0.434,4,0.12,9,0.109,18,0.101,54,0.179,55,0.169,35,0.129,36,0.139,51,0.185,39,0.128,54,0.179,61,0.186,76,0.209,88,0.209,89,0.213,65,0.2,46,0.188,41,0.181,43,0.229,32,0.249,28,0.233,21,0.402,8,0.254,1,0.044,3,0.155,5,0.16,6,0.081,16,0.106,45,0.186,49,0.182,45,0.177,53,0.202,42,0.138,60,0.175,58,0.172,65,0.183,71,0.186,82,0.197,66,0.162,57,0.171,62,0.243,45,0.193,40,0.181,28,0.133,34,0.191,13,0.134,14,0.2,9,0.158,12,0.331,8,0.306,3,0.079,10,0.144,12,0.113,29,0.183,47,0.198,43,0.144,61,0.186,87,0.234,60,0.145,67,0.162,67,0.185,68,0.186,70,0.184,66,0.197,52,0.195,50,0.209,34,0.135,26,0.137
Region 11,Region 16,0,0,0,0,0,0,0,0,0,0,0,0,0,0,0,0,1,0.003,0,0,1,0.003,0,0,1,0.003,0,0,0,0,1,0.003,0,0,1,0.002,0,0,0,0,0,0,0,0,0,0,0,0,0,0,0,0,0,0,0,0,1,0.054,0,0,0,0,0,0,2,0.007,0,0,0,0,0,0,1,0.004,1,0.003,2,0.007,1,0.003,0,0,5,0.012,0,0,0,0,1,0.004,0,0,1,0.005,0,0,0,0,0,0,0,0,0,0,0,0,0,0,0,0,0,0,0,0,0,0,0,0,0,0,0,0,0,0,1,0.003,0,0,2,0.005,0,0,4,0.01,0,0,1,0.004,1,0.004,1,0.005,0,0,0,0,0,0,0,0,0,0,0,0,0,0,0,0,0,0,0,0,0,0,0,0,0,0,0,0,0,0,1,0.002,1,0.002,2,0.006,0,0,1,0.003,1,0.003,0,0,1,0.004,0,0,0,0
Region 11,Region 17,7,0.059,3,0.06,1,0.034,1,0.047,1,0.056,0,0,7,0.082,12,0.064,28,0.085,28,0.077,17,0.059,13,0.049,11,0.038,12,0.039,8,0.026,5,0.015,11,0.029,11,0.025,10,0.023,6,0.018,5,0.02,8,0.037,4,0.023,4,0.035,4,0.043,0,0,0,0,1,0.054,0,0,4,0.12,3,0.036,12,0.067,17,0.056,23,0.071,11,0.041,10,0.039,10,0.036,7,0.023,9,0.03,3,0.009,10,0.028,22,0.052,13,0.031,16,0.049,11,0.045,6,0.026,4,0.021,1,0.008,3,0.025,4,0.077,2,0.064,1,0.044,2,0.104,1,0.032,3,0.04,6,0.04,19,0.078,18,0.067,15,0.059,6,0.023,3,0.01,12,0.035,11,0.033,14,0.04,9,0.024,11,0.026,11,0.027,11,0.033,8,0.031,10,0.043,4,0.018,8,0.038,8,0.045,3,0.031,3,0.043,2,0.035,3,0.083,1,0.038,3,0.079,1,0.014,2,0.019,6,0.038,6,0.025,4,0.013,13,0.04,16,0.043,24,0.058,15,0.036,11,0.03,6,0.016,13,0.034,8,0.024,2,0.007,4,0.017,8,0.032,8,0.042
Region 11,Region 18,2,0.017,6,0.119,1,0.034,4,0.189,0,0,2,0.063,3,0.035,5,0.027,15,0.046,8,0.022,6,0.021,11,0.042,12,0.042,16,0.052,9,0.03,14,0.042,23,0.061,41,0.093,36,0.083,15,0.046,6,0.024,13,0.059,11,0.062,5,0.043,2,0.021,3,0.071,1,0.04,2,0.109,0,0,2,0.06,2,0.024,6,0.034,16,0.053,15,0.046,11,0.041,8,0.031,4,0.015,13,0.043,18,0.06,17,0.052,23,0.063,32,0.076,36,0.086,18,0.055,6,0.024,7,0.031,11,0.059,2,0.016,6,0.05,1,0.019,3,0.095,0,0,0,0,1,0.032,4,0.054,3,0.02,13,0.054,6,0.022,6,0.024,12,0.046,21,0.069,4,0.012,14,0.041,21,0.059,18,0.047,28,0.067,18,0.044,12,0.036,6,0.023,12,0.052,10,0.045,6,0.029,6,0.034,7,0.072,2,0.029,1,0.018,1,0.028,1,0.038,4,0.105,2,0.029,2,0.019,5,0.031,11,0.046,13,0.044,17,0.052,19,0.051,12,0.029,14,0.034,14,0.039,10,0.027,13,0.034,13,0.039,7,0.026,14,0.058,10,0.04,5,0.026
Region 11,Region 19,2,0.017,0,0,0,0,1,0.047,0,0,2,0.063,1,0.012,1,0.005,2,0.006,6,0.017,6,0.021,3,0.011,6,0.021,5,0.016,4,0.013,4,0.012,7,0.019,16,0.036,10,0.023,2,0.006,4,0.016,4,0.018,1,0.006,0,0,3,0.032,0,0,1,0.04,1,0.054,1,0.054,1,0.03,2,0.024,3,0.017,4,0.013,4,0.012,4,0.015,1,0.004,4,0.015,2,0.007,4,0.013,4,0.012,7,0.019,29,0.069,31,0.074,9,0.028,6,0.024,4,0.018,1,0.005,2,0.016,2,0.017,0,0,1,0.032,0,0,0,0,2,0.064,1,0.013,5,0.033,5,0.021,8,0.03,2,0.008,1,0.004,7,0.023,9,0.026,7,0.021,14,0.04,19,0.05,14,0.034,8,0.02,6,0.018,4,0.016,6,0.026,2,0.009,3,0.014,1,0.006,3,0.031,1,0.014,2,0.035,1,0.028,0,0,1,0.026,2,0.029,4,0.038,2,0.013,4,0.017,4,0.013,1,0.003,6,0.016,8,0.019,6,0.015,6,0.017,9,0.025,4,0.011,3,0.009,2,0.007,2,0.008,1,0.004,1,0.005
Region 11,Region 20,1,0.008,0,0,0,0,0,0,1,0.056,1,0.031,2,0.023,3,0.016,9,0.027,16,0.044,7,0.024,3,0.011,5,0.017,3,0.01,3,0.01,4,0.012,6,0.016,7,0.016,6,0.014,6,0.018,4,0.016,4,0.018,4,0.023,0,0,0,0,0,0,0,0,0,0,0,0,2,0.06,1,0.012,2,0.011,15,0.05,11,0.034,6,0.022,2,0.008,1,0.004,2,0.007,4,0.013,2,0.006,2,0.006,12,0.028,5,0.012,4,0.012,2,0.008,4,0.018,4,0.021,1,0.008,2,0.017,0,0,0,0,0,0,0,0,1,0.032,2,0.027,4,0.027,11,0.045,6,0.022,3,0.012,5,0.019,3,0.01,4,0.012,3,0.009,3,0.008,5,0.013,8,0.019,3,0.007,4,0.012,3,0.012,4,0.017,1,0.005,1,0.005,0,0,1,0.01,0,0,0,0,0,0,0,0,0,0,2,0.029,1,0.009,0,0,2,0.008,2,0.007,2,0.006,2,0.005,2,0.005,2,0.005,1,0.003,3,0.008,1,0.003,1,0.003,4,0.015,5,0.021,4,0.016,0,0
Region 11,Region 21,0,0,1,0.02,0,0,0,0,0,0,0,0,0,0,0,0,1,0.003,0,0,2,0.007,1,0.004,2,0.007,1,0.003,2,0.007,0,0,2,0.005,2,0.005,2,0.005,2,0.006,0,0,2,0.009,4,0.023,3,0.026,1,0.011,0,0,1,0.04,0,0,0,0,0,0,0,0,0,0,2,0.007,4,0.012,1,0.004,0,0,0,0,1,0.003,0,0,3,0.009,2,0.006,1,0.002,5,0.012,0,0,1,0.004,0,0,3,0.016,2,0.016,0,0,1,0.019,1,0.032,0,0,0,0,0,0,0,0,1,0.007,1,0.004,1,0.004,1,0.004,2,0.008,1,0.003,2,0.006,2,0.006,2,0.006,0,0,3,0.007,1,0.002,1,0.003,0,0,0,0,0,0,0,0,2,0.011,0,0,0,0,0,0,0,0,1,0.038,0,0,0,0,0,0,2,0.013,2,0.008,3,0.01,2,0.006,1,0.003,1,0.002,1,0.002,1,0.003,1,0.003,1,0.003,1,0.003,0,0,1,0.004,1,0.004,1,0.005
Region 11,Region 22,0,0,0,0,0,0,0,0,0,0,0,0,0,0,1,0.005,0,0,1,0.003,1,0.003,0,0,0,0,1,0.003,0,0,0,0,4,0.011,4,0.009,5,0.011,1,0.003,1,0.004,0,0,0,0,0,0,0,0,0,0,0,0,0,0,0,0,0,0,0,0,2,0.011,3,0.01,4,0.012,1,0.004,0,0,1,0.004,0,0,0,0,1,0.003,0,0,2,0.005,4,0.01,2,0.006,1,0.004,0,0,1,0.005,1,0.008,1,0.008,0,0,1,0.032,0,0,0,0,0,0,0,0,3,0.02,0,0,1,0.004,1,0.004,0,0,1,0.003,0,0,2,0.006,0,0,2,0.005,1,0.002,0,0,0,0,1,0.004,2,0.009,2,0.009,0,0,0,0,0,0,0,0,0,0,0,0,0,0,0,0,1,0.014,0,0,1,0.006,0,0,0,0,0,0,0,0,0,0,1,0.002,0,0,0,0,3,0.008,1,0.003,2,0.007,1,0.004,0,0,0,0
Region 11,Region 23,5,0.042,6,0.119,4,0.135,4,0.189,1,0.056,8,0.25,13,0.152,27,0.145,30,0.091,32,0.089,18,0.062,26,0.098,30,0.105,30,0.097,33,0.109,32,0.097,63,0.167,52,0.118,53,0.122,40,0.122,23,0.093,26,0.119,18,0.101,19,0.165,14,0.15,6,0.142,5,0.198,4,0.218,0,0,7,0.21,9,0.109,22,0.123,26,0.086,28,0.086,23,0.085,21,0.081,26,0.094,24,0.079,22,0.073,38,0.116,47,0.129,47,0.112,49,0.117,28,0.086,29,0.118,19,0.084,18,0.096,9,0.07,11,0.091,11,0.21,6,0.191,5,0.222,1,0.052,2,0.064,8,0.108,18,0.119,17,0.07,34,0.127,22,0.087,30,0.114,29,0.095,36,0.105,41,0.122,50,0.141,45,0.118,42,0.101,43,0.106,34,0.102,32,0.125,21,0.09,19,0.086,16,0.076,14,0.078,7,0.072,10,0.143,7,0.123,4,0.11,1,0.038,6,0.158,11,0.158,15,0.142,21,0.132,27,0.114,35,0.118,47,0.144,31,0.083,27,0.065,42,0.102,41,0.113,32,0.087,34,0.09,33,0.098,22,0.082,26,0.109,24,0.095,26,0.137
Region 11,Region 24,0,0,0,0,0,0,0,0,0,0,1,0.031,0,0,0,0,0,0,0,0,3,0.01,0,0,1,0.003,1,0.003,3,0.01,0,0,2,0.005,1,0.002,1,0.002,1,0.003,1,0.004,0,0,0,0,0,0,0,0,0,0,0,0,0,0,0,0,0,0,1,0.012,1,0.006,0,0,0,0,3,0.011,2,0.008,0,0,1,0.003,3,0.01,0,0,1,0.003,3,0.007,0,0,1,0.003,1,0.004,1,0.004,1,0.005,0,0,1,0.008,0,0,0,0,0,0,0,0,0,0,0,0,0,0,0,0,3,0.011,1,0.004,0,0,0,0,0,0,2,0.006,0,0,0,0,2,0.005,0,0,0,0,0,0,2,0.009,0,0,0,0,0,0,0,0,0,0,0,0,0,0,0,0,0,0,0,0,0,0,1,0.006,0,0,1,0.003,2,0.006,1,0.003,0,0,2,0.005,2,0.006,0,0,0,0,1,0.003,0,0,0,0,1,0.004,0,0
Region 11,Region 25,14,0.117,8,0.159,3,0.102,4,0.189,0,0,1,0.031,5,0.058,10,0.054,19,0.058,31,0.086,30,0.104,13,0.049,23,0.08,24,0.078,26,0.086,23,0.07,36,0.096,39,0.089,40,0.092,40,0.122,18,0.073,19,0.087,24,0.135,17,0.148,13,0.139,6,0.142,6,0.238,3,0.163,1,0.054,3,0.09,6,0.073,9,0.05,23,0.076,30,0.092,27,0.1,24,0.093,28,0.102,21,0.069,22,0.073,30,0.091,27,0.074,26,0.062,43,0.103,32,0.099,22,0.09,27,0.119,18,0.096,17,0.132,14,0.116,3,0.057,3,0.095,1,0.044,0,0,8,0.255,3,0.04,11,0.073,9,0.037,18,0.067,19,0.075,20,0.076,23,0.075,32,0.093,32,0.095,30,0.085,26,0.068,36,0.086,27,0.066,30,0.09,30,0.117,18,0.077,18,0.082,19,0.09,13,0.073,6,0.062,4,0.057,5,0.088,2,0.055,3,0.115,1,0.026,3,0.043,3,0.028,9,0.057,13,0.055,19,0.064,18,0.055,18,0.048,29,0.07,36,0.087,40,0.11,31,0.085,32,0.084,18,0.054,18,0.067,22,0.092,24,0.095,18,0.095
Region 12,Region 0,6,0.05,2,0.04,1,0.034,0,0,1,0.056,0,0,2,0.023,7,0.037,6,0.018,13,0.036,8,0.028,12,0.045,16,0.056,9,0.029,9,0.03,11,0.033,17,0.045,13,0.03,21,0.048,11,0.034,9,0.037,9,0.041,9,0.051,2,0.017,7,0.075,3,0.071,3,0.119,1,0.054,0,0,2,0.06,0,0,6,0.034,6,0.02,7,0.022,8,0.03,7,0.027,4,0.015,7,0.023,8,0.026,8,0.024,19,0.052,13,0.031,18,0.043,8,0.025,8,0.033,11,0.048,13,0.069,10,0.078,6,0.05,2,0.038,1,0.032,0,0,1,0.052,0,0,3,0.04,4,0.027,11,0.045,9,0.034,16,0.063,17,0.065,7,0.023,11,0.032,13,0.039,9,0.025,15,0.039,12,0.029,9,0.022,12,0.036,7,0.027,7,0.03,7,0.032,8,0.038,9,0.05,0,0,3,0.043,2,0.035,0,0,3,0.115,1,0.026,0,0,3,0.028,4,0.025,6,0.025,8,0.027,9,0.028,7,0.019,11,0.027,9,0.022,10,0.028,6,0.016,7,0.018,6,0.018,13,0.049,6,0.025,9,0.036,5,0.026
Region 12,Region 1,4,0.034,0,0,2,0.068,0,0,3,0.167,1,0.031,6,0.07,3,0.016,5,0.015,13,0.036,9,0.031,8,0.03,8,0.028,12,0.039,12,0.04,10,0.03,11,0.029,21,0.048,25,0.057,13,0.04,12,0.049,13,0.059,6,0.034,9,0.078,3,0.032,1,0.024,1,0.04,2,0.109,1,0.054,1,0.03,6,0.073,4,0.022,9,0.03,12,0.037,17,0.063,11,0.042,11,0.04,13,0.043,9,0.03,11,0.034,22,0.061,14,0.033,14,0.033,17,0.052,9,0.037,10,0.044,13,0.069,6,0.047,9,0.075,1,0.019,2,0.064,2,0.089,1,0.052,0,0,3,0.04,9,0.06,5,0.021,12,0.045,2,0.008,8,0.03,14,0.046,19,0.055,20,0.059,20,0.056,11,0.029,17,0.041,13,0.032,18,0.054,18,0.07,15,0.064,8,0.036,5,0.024,18,0.101,6,0.062,6,0.086,1,0.018,1,0.028,0,0,0,0,3,0.043,8,0.075,2,0.013,6,0.025,10,0.034,12,0.037,9,0.024,14,0.034,11,0.027,8,0.022,11,0.03,11,0.029,11,0.033,18,0.067,9,0.038,10,0.04,14,0.074
Region 12,Region 2,8,0.067,4,0.079,0,0,0,0,1,0.056,1,0.031,1,0.012,5,0.027,5,0.015,9,0.025,12,0.042,15,0.057,12,0.042,12,0.039,13,0.043,11,0.033,10,0.027,17,0.039,12,0.028,11,0.034,8,0.032,11,0.05,7,0.039,3,0.026,5,0.053,2,0.047,1,0.04,3,0.163,2,0.108,3,0.09,4,0.048,3,0.017,14,0.046,13,0.04,11,0.041,8,0.031,10,0.036,16,0.052,10,0.033,11,0.034,14,0.039,13,0.031,10,0.024,12,0.037,13,0.053,10,0.044,11,0.059,5,0.039,6,0.05,0,0,1,0.032,1,0.044,0,0,1,0.032,0,0,5,0.033,6,0.025,7,0.026,10,0.039,5,0.019,13,0.043,13,0.038,12,0.036,6,0.017,10,0.026,10,0.024,21,0.052,18,0.054,21,0.082,10,0.043,10,0.045,6,0.029,11,0.062,5,0.052,3,0.043,1,0.018,2,0.055,1,0.038,1,0.026,2,0.029,2,0.019,10,0.063,10,0.042,11,0.037,10,0.031,12,0.032,15,0.036,11,0.027,12,0.033,17,0.046,10,0.026,12,0.036,11,0.041,11,0.046,8,0.032,15,0.079
Region 12,Region 3,7,0.059,2,0.04,6,0.203,2,0.095,1,0.056,1,0.031,2,0.023,4,0.021,8,0.024,15,0.041,20,0.069,20,0.076,25,0.087,24,0.078,34,0.112,31,0.094,31,0.082,44,0.1,36,0.083,40,0.122,23,0.093,31,0.142,25,0.141,19,0.165,9,0.096,1,0.024,4,0.158,0,0,1,0.054,2,0.06,2,0.024,2,0.011,7,0.023,15,0.046,20,0.074,15,0.058,19,0.069,22,0.072,22,0.073,25,0.076,32,0.088,38,0.09,48,0.115,33,0.102,37,0.151,24,0.106,16,0.085,13,0.101,10,0.083,1,0.019,3,0.095,2,0.089,0,0,0,0,4,0.054,3,0.02,12,0.049,16,0.06,29,0.114,17,0.065,25,0.082,31,0.09,28,0.083,36,0.102,34,0.089,29,0.07,27,0.066,33,0.099,20,0.078,11,0.047,10,0.045,19,0.09,18,0.101,7,0.072,5,0.072,4,0.07,1,0.028,1,0.038,1,0.026,3,0.043,5,0.047,9,0.057,14,0.059,21,0.071,16,0.049,31,0.083,34,0.082,37,0.09,35,0.096,31,0.085,25,0.066,24,0.071,23,0.086,18,0.075,22,0.087,11,0.058
Region 12,Region 4,1,0.008,1,0.02,0,0,2,0.095,0,0,0,0,2,0.023,1,0.005,7,0.021,4,0.011,5,0.017,2,0.008,6,0.021,5,0.016,2,0.007,10,0.03,10,0.027,14,0.032,16,0.037,11,0.034,5,0.02,5,0.023,6,0.034,2,0.017,2,0.021,1,0.024,0,0,0,0,0,0,0,0,1,0.012,0,0,4,0.013,6,0.018,2,0.007,4,0.015,5,0.018,3,0.01,5,0.017,4,0.012,17,0.047,11,0.026,11,0.026,4,0.012,4,0.016,7,0.031,8,0.043,6,0.047,4,0.033,1,0.019,0,0,0,0,0,0,1,0.032,0,0,0,0,5,0.021,6,0.022,2,0.008,2,0.008,7,0.023,12,0.035,7,0.021,8,0.023,4,0.01,9,0.022,9,0.022,6,0.018,4,0.016,3,0.013,8,0.036,3,0.014,15,0.084,2,0.021,3,0.043,1,0.018,0,0,0,0,1,0.026,0,0,2,0.019,4,0.025,5,0.021,1,0.003,5,0.015,7,0.019,7,0.017,4,0.01,11,0.03,7,0.019,11,0.029,4,0.012,8,0.03,5,0.021,4,0.016,13,0.068
Region 12,Region 5,6,0.05,0,0,3,0.102,1,0.047,1,0.056,3,0.094,6,0.07,21,0.112,5,0.015,6,0.017,7,0.024,10,0.038,11,0.038,14,0.045,13,0.043,15,0.046,7,0.019,19,0.043,9,0.021,12,0.037,11,0.045,5,0.023,4,0.023,4,0.035,1,0.011,2,0.047,2,0.079,3,0.163,3,0.163,3,0.09,3,0.036,13,0.073,12,0.04,4,0.012,12,0.044,11,0.042,14,0.051,10,0.033,11,0.036,11,0.034,1,0.003,10,0.024,13,0.031,12,0.037,12,0.049,5,0.022,5,0.027,4,0.031,4,0.033,2,0.038,2,0.064,2,0.089,2,0.104,0,0,5,0.067,11,0.073,13,0.054,9,0.034,14,0.055,9,0.034,7,0.023,15,0.044,19,0.056,11,0.031,22,0.058,19,0.046,20,0.049,11,0.033,18,0.07,7,0.03,11,0.05,7,0.033,6,0.034,0,0,0,0,2,0.035,0,0,6,0.229,4,0.105,7,0.101,6,0.057,7,0.044,5,0.021,10,0.034,14,0.043,9,0.024,8,0.019,15,0.036,10,0.028,13,0.036,13,0.034,20,0.06,16,0.06,3,0.013,7,0.028,6,0.032
Region 12,Region 6,4,0.034,0,0,2,0.068,0,0,0,0,1,0.031,0,0,5,0.027,8,0.024,4,0.011,4,0.014,5,0.019,4,0.014,7,0.023,6,0.02,3,0.009,15,0.04,7,0.016,9,0.021,13,0.04,4,0.016,5,0.023,4,0.023,1,0.009,3,0.032,2,0.047,0,0,0,0,1,0.054,1,0.03,0,0,1,0.006,1,0.003,6,0.018,4,0.015,5,0.019,3,0.011,7,0.023,4,0.013,8,0.024,9,0.025,5,0.012,4,0.01,11,0.034,5,0.02,5,0.022,6,0.032,1,0.008,4,0.033,0,0,1,0.032,0,0,0,0,0,0,0,0,2,0.013,0,0,2,0.007,9,0.035,3,0.011,7,0.023,9,0.026,6,0.018,7,0.02,8,0.021,15,0.036,11,0.027,11,0.033,4,0.016,8,0.034,6,0.027,7,0.033,10,0.056,1,0.01,1,0.014,0,0,0,0,1,0.038,2,0.053,0,0,2,0.019,2,0.013,4,0.017,4,0.013,11,0.034,11,0.03,10,0.024,13,0.032,11,0.03,9,0.025,5,0.013,13,0.039,12,0.045,6,0.025,7,0.028,6,0.032
Region 12,Region 7,24,0.201,12,0.238,10,0.338,4,0.189,4,0.222,3,0.094,9,0.105,15,0.08,37,0.112,41,0.113,53,0.184,39,0.148,58,0.202,47,0.153,55,0.181,67,0.203,74,0.197,74,0.168,97,0.223,76,0.232,62,0.252,54,0.247,55,0.31,28,0.243,27,0.288,7,0.166,8,0.317,3,0.163,2,0.108,2,0.06,9,0.109,21,0.118,33,0.109,36,0.111,46,0.17,45,0.174,44,0.16,60,0.197,55,0.182,69,0.21,71,0.195,63,0.149,74,0.177,70,0.216,51,0.208,58,0.256,37,0.197,41,0.319,28,0.233,9,0.172,12,0.381,6,0.267,3,0.155,2,0.064,6,0.081,12,0.08,28,0.115,20,0.074,29,0.114,28,0.106,45,0.148,57,0.166,59,0.175,79,0.223,69,0.181,75,0.18,71,0.175,52,0.156,54,0.211,72,0.309,49,0.222,32,0.152,26,0.146,23,0.238,13,0.186,6,0.105,6,0.166,7,0.267,5,0.132,8,0.115,15,0.142,22,0.138,25,0.105,33,0.111,42,0.128,48,0.129,53,0.128,71,0.172,69,0.19,59,0.161,54,0.142,50,0.149,57,0.214,54,0.226,44,0.175,35,0.184
Region 12,Region 8,56,0.47,28,0.556,9,0.305,9,0.426,3,0.167,6,0.188,21,0.245,40,0.214,82,0.249,81,0.224,92,0.319,71,0.269,95,0.331,114,0.37,119,0.392,138,0.419,129,0.343,134,0.304,144,0.331,98,0.299,106,0.43,69,0.315,88,0.496,45,0.391,39,0.417,20,0.473,9,0.356,11,0.598,9,0.488,7,0.21,18,0.218,48,0.269,73,0.241,85,0.261,84,0.31,90,0.347,100,0.363,85,0.279,101,0.334,124,0.378,127,0.35,138,0.327,107,0.255,128,0.394,105,0.428,84,0.37,73,0.389,61,0.474,63,0.524,18,0.344,9,0.286,7,0.311,9,0.466,2,0.064,25,0.337,37,0.246,67,0.276,88,0.328,76,0.299,94,0.357,71,0.233,101,0.294,136,0.403,137,0.387,149,0.391,150,0.36,162,0.398,112,0.336,81,0.317,90,0.386,106,0.48,93,0.443,78,0.437,27,0.279,15,0.215,14,0.245,15,0.414,11,0.42,9,0.237,23,0.331,39,0.368,41,0.258,73,0.307,77,0.259,96,0.293,111,0.298,128,0.31,140,0.339,134,0.369,116,0.317,125,0.329,138,0.411,115,0.431,91,0.38,83,0.33,87,0.458
Region 12,Region 9,24,0.201,9,0.179,6,0.203,1,0.047,8,0.444,12,0.375,17,0.199,13,0.07,24,0.073,18,0.05,35,0.121,51,0.193,40,0.139,42,0.136,48,0.158,39,0.118,54,0.143,77,0.175,85,0.195,45,0.137,34,0.138,27,0.123,26,0.147,19,0.165,20,0.214,10,0.237,8,0.317,3,0.163,4,0.217,9,0.27,24,0.291,17,0.095,26,0.086,42,0.129,21,0.078,27,0.104,33,0.12,40,0.131,37,0.122,43,0.131,62,0.171,68,0.161,81,0.193,49,0.151,48,0.196,27,0.119,25,0.133,19,0.148,22,0.183,8,0.153,2,0.064,3,0.133,7,0.362,12,0.383,15,0.202,12,0.08,18,0.074,25,0.093,27,0.106,26,0.099,34,0.112,32,0.093,52,0.154,45,0.127,57,0.149,80,0.192,62,0.152,50,0.15,40,0.157,24,0.103,22,0.1,26,0.124,18,0.101,16,0.165,15,0.215,9,0.158,5,0.138,10,0.382,11,0.289,14,0.202,15,0.142,19,0.12,20,0.084,43,0.144,40,0.122,45,0.121,43,0.104,52,0.126,47,0.129,56,0.153,38,0.1,55,0.164,27,0.101,28,0.117,21,0.083,25,0.132
Region 12,Region 10,16,0.134,7,0.139,6,0.203,4,0.189,4,0.222,4,0.125,13,0.152,26,0.139,34,0.103,47,0.13,35,0.121,37,0.14,45,0.157,66,0.214,64,0.211,72,0.219,102,0.271,120,0.273,88,0.202,54,0.165,43,0.174,40,0.183,29,0.163,32,0.278,20,0.214,11,0.26,6,0.238,4,0.218,5,0.271,9,0.27,12,0.145,15,0.084,31,0.103,32,0.098,36,0.133,32,0.123,40,0.145,59,0.193,78,0.258,77,0.235,88,0.242,87,0.206,65,0.155,51,0.157,40,0.163,36,0.159,35,0.186,19,0.148,20,0.166,10,0.191,7,0.222,4,0.178,7,0.362,6,0.192,13,0.175,18,0.119,38,0.157,35,0.13,49,0.193,44,0.167,41,0.135,62,0.181,57,0.169,99,0.279,86,0.225,95,0.228,84,0.206,48,0.144,33,0.129,36,0.155,35,0.159,16,0.076,21,0.118,14,0.145,5,0.072,1,0.018,5,0.138,5,0.191,8,0.21,7,0.101,16,0.151,12,0.076,31,0.13,36,0.121,43,0.131,45,0.121,64,0.155,70,0.17,48,0.132,57,0.156,53,0.14,37,0.11,35,0.131,24,0.1,25,0.099,20,0.105
Region 12,Region 11,0,0,1,0.02,0,0,2,0.095,0,0,1,0.031,0,0,2,0.011,2,0.006,2,0.006,1,0.003,2,0.008,2,0.007,2,0.006,2,0.007,5,0.015,4,0.011,8,0.018,6,0.014,2,0.006,5,0.02,1,0.005,0,0,4,0.035,0,0,1,0.024,0,0,1,0.054,0,0,0,0,0,0,2,0.011,2,0.007,2,0.006,0,0,2,0.008,0,0,2,0.007,4,0.013,2,0.006,3,0.008,3,0.007,5,0.012,2,0.006,0,0,8,0.035,2,0.011,5,0.039,0,0,1,0.019,0,0,1,0.044,0,0,0,0,0,0,0,0,4,0.016,1,0.004,3,0.012,3,0.011,2,0.007,1,0.003,0,0,0,0,4,0.01,1,0.002,5,0.012,3,0.009,5,0.02,2,0.009,4,0.018,0,0,2,0.011,3,0.031,0,0,0,0,0,0,1,0.038,0,0,1,0.014,0,0,0,0,0,0,3,0.01,1,0.003,6,0.016,1,0.002,1,0.002,5,0.014,3,0.008,5,0.013,2,0.006,3,0.011,4,0.017,4,0.016,0,0
Region 12,Region 12,49,0.411,36,0.715,12,0.406,9,0.426,10,0.556,6,0.188,19,0.222,44,0.236,67,0.204,97,0.268,121,0.419,130,0.492,160,0.558,186,0.604,199,0.656,195,0.592,207,0.55,224,0.509,272,0.625,178,0.543,137,0.556,149,0.681,136,0.766,81,0.703,70,0.748,55,1.301,22,0.871,15,0.816,6,0.325,13,0.39,22,0.267,36,0.202,47,0.155,80,0.246,113,0.417,94,0.362,129,0.469,167,0.547,172,0.569,199,0.606,190,0.523,214,0.508,218,0.521,190,0.586,150,0.612,153,0.675,99,0.527,71,0.552,79,0.657,29,0.555,10,0.318,16,0.711,6,0.311,9,0.287,21,0.283,33,0.219,45,0.186,85,0.317,105,0.413,103,0.392,158,0.519,209,0.609,220,0.652,203,0.573,202,0.529,212,0.509,199,0.489,173,0.519,151,0.591,140,0.601,122,0.553,94,0.448,79,0.443,36,0.372,27,0.386,17,0.298,12,0.331,11,0.42,14,0.368,21,0.302,32,0.302,58,0.365,107,0.45,136,0.457,153,0.468,154,0.414,203,0.492,206,0.499,178,0.49,180,0.492,146,0.384,149,0.444,142,0.532,148,0.618,119,0.473,92,0.484
Region 12,Region 13,16,0.134,11,0.218,9,0.305,2,0.095,5,0.278,4,0.125,7,0.082,17,0.091,48,0.146,58,0.16,36,0.125,33,0.125,42,0.146,34,0.11,48,0.158,41,0.124,73,0.194,69,0.157,75,0.172,66,0.201,37,0.15,32,0.146,41,0.231,26,0.226,16,0.171,6,0.142,5,0.198,1,0.054,3,0.163,7,0.21,13,0.158,19,0.107,45,0.149,23,0.071,42,0.155,28,0.108,46,0.167,53,0.174,44,0.146,61,0.186,78,0.215,57,0.135,68,0.162,45,0.139,31,0.126,37,0.163,30,0.16,27,0.21,24,0.199,9,0.172,5,0.159,3,0.133,2,0.104,3,0.096,9,0.121,18,0.119,55,0.227,46,0.171,31,0.122,43,0.164,45,0.148,55,0.16,49,0.145,50,0.141,58,0.152,82,0.197,63,0.155,47,0.141,41,0.161,29,0.124,29,0.131,26,0.124,35,0.196,9,0.093,10,0.143,0,0,4,0.11,3,0.115,4,0.105,13,0.187,17,0.16,17,0.107,29,0.122,37,0.124,35,0.107,37,0.099,66,0.16,50,0.121,65,0.179,48,0.131,45,0.118,39,0.116,52,0.195,38,0.159,35,0.139,25,0.132
Region 12,Region 14,14,0.117,2,0.04,2,0.068,1,0.047,7,0.389,2,0.063,4,0.047,7,0.037,33,0.1,28,0.077,23,0.08,24,0.091,27,0.094,33,0.107,31,0.102,35,0.106,41,0.109,41,0.093,38,0.087,34,0.104,32,0.13,17,0.078,21,0.118,17,0.148,10,0.107,8,0.189,3,0.119,3,0.163,3,0.163,2,0.06,6,0.073,14,0.078,26,0.086,23,0.071,24,0.089,18,0.069,22,0.08,24,0.079,35,0.116,37,0.113,33,0.091,47,0.112,35,0.084,32,0.099,25,0.102,23,0.101,31,0.165,11,0.085,15,0.125,8,0.153,3,0.095,0,0,1,0.052,5,0.16,9,0.121,13,0.086,20,0.082,25,0.093,11,0.043,19,0.072,32,0.105,27,0.079,29,0.086,28,0.079,52,0.136,50,0.12,38,0.093,17,0.051,26,0.102,21,0.09,16,0.072,21,0.1,11,0.062,4,0.041,5,0.072,5,0.088,3,0.083,6,0.229,7,0.184,3,0.043,18,0.17,6,0.038,22,0.093,25,0.084,29,0.089,30,0.081,28,0.068,38,0.092,48,0.132,29,0.079,37,0.097,28,0.083,23,0.086,25,0.104,17,0.068,26,0.137
Region 12,Region 15,1,0.008,2,0.04,0,0,1,0.047,1,0.056,0,0,0,0,0,0,2,0.006,0,0,3,0.01,2,0.008,3,0.01,3,0.01,1,0.003,5,0.015,2,0.005,2,0.005,3,0.007,8,0.024,5,0.02,3,0.014,3,0.017,2,0.017,1,0.011,0,0,0,0,0,0,0,0,0,0,0,0,1,0.006,2,0.007,4,0.012,0,0,0,0,1,0.004,2,0.007,3,0.01,1,0.003,4,0.011,3,0.007,4,0.01,3,0.009,0,0,2,0.009,5,0.027,2,0.016,1,0.008,1,0.019,1,0.032,1,0.044,0,0,0,0,0,0,2,0.013,3,0.012,1,0.004,2,0.008,1,0.004,5,0.016,3,0.009,3,0.009,2,0.006,1,0.003,4,0.01,3,0.007,1,0.003,1,0.004,1,0.004,0,0,3,0.014,2,0.011,3,0.031,0,0,0,0,0,0,0,0,0,0,0,0,0,0,0,0,1,0.004,3,0.01,2,0.006,4,0.011,4,0.01,0,0,2,0.006,4,0.011,4,0.011,1,0.003,3,0.011,1,0.004,2,0.008,1,0.005
Region 12,Region 16,0,0,0,0,0,0,0,0,0,0,0,0,0,0,1,0.005,2,0.006,4,0.011,1,0.003,1,0.004,0,0,2,0.006,2,0.007,3,0.009,4,0.011,3,0.007,5,0.011,1,0.003,1,0.004,3,0.014,1,0.006,0,0,0,0,0,0,0,0,0,0,0,0,1,0.03,1,0.012,2,0.011,1,0.003,3,0.009,1,0.004,1,0.004,1,0.004,1,0.003,3,0.01,2,0.006,3,0.008,4,0.009,4,0.01,0,0,0,0,0,0,1,0.005,0,0,1,0.008,0,0,0,0,0,0,0,0,1,0.032,0,0,2,0.013,2,0.008,1,0.004,0,0,0,0,0,0,2,0.006,2,0.006,3,0.008,0,0,5,0.012,3,0.007,3,0.009,2,0.008,4,0.017,1,0.005,1,0.005,0,0,0,0,0,0,0,0,0,0,0,0,0,0,0,0,3,0.028,3,0.019,1,0.004,1,0.003,3,0.009,4,0.011,1,0.002,2,0.005,1,0.003,2,0.005,1,0.003,0,0,3,0.011,3,0.013,0,0,0,0
Region 12,Region 17,32,0.268,16,0.318,9,0.305,14,0.662,8,0.444,7,0.219,13,0.152,26,0.139,38,0.115,84,0.232,56,0.194,47,0.178,53,0.185,57,0.185,82,0.27,83,0.252,82,0.218,102,0.232,104,0.239,78,0.238,46,0.187,44,0.201,39,0.22,34,0.295,19,0.203,9,0.213,5,0.198,6,0.326,11,0.596,7,0.21,18,0.218,19,0.107,49,0.162,63,0.194,51,0.188,49,0.189,57,0.207,77,0.252,66,0.218,73,0.222,96,0.264,92,0.218,87,0.208,77,0.237,57,0.233,43,0.19,52,0.277,25,0.194,31,0.258,14,0.268,8,0.254,8,0.356,3,0.155,6,0.192,13,0.175,11,0.073,33,0.136,47,0.175,45,0.177,30,0.114,56,0.184,70,0.204,70,0.207,68,0.192,78,0.204,93,0.223,101,0.248,73,0.219,48,0.188,59,0.253,50,0.227,47,0.224,45,0.252,21,0.217,23,0.329,18,0.315,9,0.248,10,0.382,11,0.289,13,0.187,10,0.094,16,0.101,34,0.143,48,0.161,48,0.147,67,0.18,107,0.259,134,0.325,73,0.201,65,0.178,88,0.232,60,0.179,64,0.24,57,0.238,64,0.254,52,0.274
Region 12,Region 18,2,0.017,0,0,0,0,0,0,0,0,1,0.031,4,0.047,0,0,1,0.003,2,0.006,0,0,1,0.004,5,0.017,4,0.013,2,0.007,1,0.003,4,0.011,3,0.007,6,0.014,1,0.003,1,0.004,1,0.005,2,0.011,0,0,1,0.011,2,0.047,0,0,0,0,1,0.054,0,0,0,0,1,0.006,3,0.01,0,0,1,0.004,1,0.004,0,0,2,0.007,1,0.003,1,0.003,1,0.003,3,0.007,5,0.012,3,0.009,0,0,1,0.004,2,0.011,0,0,2,0.017,0,0,0,0,0,0,1,0.052,2,0.064,1,0.013,0,0,1,0.004,1,0.004,2,0.008,2,0.008,3,0.01,4,0.012,2,0.006,1,0.003,5,0.013,7,0.017,3,0.007,2,0.006,0,0,1,0.004,0,0,0,0,2,0.011,0,0,1,0.014,2,0.035,0,0,1,0.038,0,0,0,0,0,0,0,0,0,0,1,0.003,3,0.009,1,0.003,1,0.002,3,0.007,3,0.008,1,0.003,3,0.008,3,0.009,0,0,1,0.004,4,0.016,1,0.005
Region 12,Region 19,4,0.034,0,0,0,0,1,0.047,0,0,0,0,1,0.012,2,0.011,3,0.009,1,0.003,3,0.01,3,0.011,1,0.003,3,0.01,5,0.016,8,0.024,15,0.04,9,0.02,9,0.021,1,0.003,1,0.004,6,0.027,5,0.028,2,0.017,4,0.043,0,0,1,0.04,0,0,1,0.054,1,0.03,1,0.012,1,0.006,1,0.003,2,0.006,5,0.018,1,0.004,1,0.004,2,0.007,7,0.023,6,0.018,7,0.019,6,0.014,11,0.026,5,0.015,2,0.008,6,0.026,4,0.021,3,0.023,6,0.05,0,0,1,0.032,0,0,0,0,0,0,2,0.027,1,0.007,4,0.016,1,0.004,2,0.008,0,0,1,0.003,6,0.017,8,0.024,5,0.014,13,0.034,11,0.026,7,0.017,3,0.009,6,0.023,2,0.009,3,0.014,3,0.014,5,0.028,4,0.041,2,0.029,2,0.035,2,0.055,0,0,3,0.079,1,0.014,1,0.009,1,0.006,4,0.017,4,0.013,7,0.021,9,0.024,6,0.015,4,0.01,3,0.008,3,0.008,2,0.005,2,0.006,3,0.011,0,0,3,0.012,9,0.047
Region 12,Region 20,23,0.193,9,0.179,9,0.305,5,0.236,3,0.167,1,0.031,10,0.117,6,0.032,20,0.061,30,0.083,25,0.087,24,0.091,29,0.101,40,0.13,35,0.115,50,0.152,39,0.104,39,0.089,39,0.09,34,0.104,30,0.122,30,0.137,35,0.197,17,0.148,14,0.15,4,0.095,2,0.079,4,0.218,2,0.108,2,0.06,11,0.133,13,0.073,25,0.083,30,0.092,33,0.122,29,0.112,28,0.102,34,0.111,35,0.116,30,0.091,41,0.113,33,0.078,29,0.069,43,0.133,37,0.151,23,0.101,21,0.112,22,0.171,16,0.133,5,0.096,5,0.159,1,0.044,1,0.052,3,0.096,7,0.094,11,0.073,10,0.041,17,0.063,16,0.063,13,0.049,21,0.069,36,0.105,39,0.116,47,0.133,30,0.079,37,0.089,29,0.071,37,0.111,24,0.094,31,0.133,33,0.149,26,0.124,15,0.084,12,0.124,13,0.186,10,0.175,1,0.028,1,0.038,7,0.184,4,0.058,4,0.038,4,0.025,11,0.046,22,0.074,19,0.058,37,0.099,33,0.08,38,0.092,34,0.094,38,0.104,35,0.092,22,0.066,20,0.075,30,0.125,28,0.111,24,0.126
Region 12,Region 21,3,0.025,3,0.06,1,0.034,1,0.047,2,0.111,1,0.031,0,0,2,0.011,3,0.009,3,0.008,9,0.031,5,0.019,5,0.017,7,0.023,3,0.01,8,0.024,16,0.043,11,0.025,11,0.025,10,0.03,7,0.028,7,0.032,5,0.028,3,0.026,1,0.011,0,0,0,0,1,0.054,0,0,1,0.03,0,0,1,0.006,5,0.017,5,0.015,4,0.015,4,0.015,5,0.018,2,0.007,10,0.033,12,0.037,7,0.019,9,0.021,7,0.017,9,0.028,3,0.012,7,0.031,4,0.021,7,0.054,1,0.008,1,0.019,1,0.032,2,0.089,1,0.052,0,0,0,0,1,0.007,1,0.004,5,0.019,8,0.031,5,0.019,7,0.023,10,0.029,6,0.018,19,0.054,17,0.045,13,0.031,11,0.027,5,0.015,4,0.016,1,0.004,6,0.027,2,0.01,1,0.006,1,0.01,3,0.043,0,0,0,0,0,0,0,0,1,0.014,1,0.009,4,0.025,7,0.029,9,0.03,8,0.024,7,0.019,5,0.012,2,0.005,7,0.019,3,0.008,8,0.021,3,0.009,9,0.034,2,0.008,4,0.016,4,0.021
Region 12,Region 22,8,0.067,8,0.159,2,0.068,1,0.047,0,0,0,0,1,0.012,4,0.021,11,0.033,18,0.05,25,0.087,25,0.095,34,0.119,26,0.084,37,0.122,37,0.112,40,0.106,56,0.127,47,0.108,33,0.101,28,0.114,32,0.146,26,0.147,12,0.104,9,0.096,6,0.142,1,0.04,1,0.054,2,0.108,1,0.03,2,0.024,4,0.022,11,0.036,18,0.055,20,0.074,14,0.054,25,0.091,41,0.134,31,0.103,37,0.113,43,0.118,43,0.102,42,0.1,27,0.083,29,0.118,24,0.106,21,0.112,13,0.101,12,0.1,5,0.096,4,0.127,3,0.133,0,0,3,0.096,1,0.013,3,0.02,12,0.049,11,0.041,29,0.114,30,0.114,23,0.075,38,0.111,52,0.154,22,0.062,36,0.094,56,0.134,43,0.106,32,0.096,28,0.11,32,0.137,19,0.086,16,0.076,10,0.056,7,0.072,4,0.057,4,0.07,6,0.166,5,0.191,2,0.053,4,0.058,4,0.038,9,0.057,18,0.076,27,0.091,26,0.079,42,0.113,52,0.126,46,0.112,33,0.091,25,0.068,33,0.087,25,0.074,28,0.105,23,0.096,23,0.091,12,0.063
Region 12,Region 23,11,0.092,4,0.079,4,0.135,4,0.189,5,0.278,8,0.25,10,0.117,17,0.091,28,0.085,27,0.075,13,0.045,19,0.072,29,0.101,32,0.104,38,0.125,39,0.118,44,0.117,57,0.129,34,0.078,30,0.091,31,0.126,24,0.11,25,0.141,13,0.113,8,0.085,5,0.118,6,0.238,2,0.109,4,0.217,4,0.12,15,0.182,12,0.067,17,0.056,29,0.089,18,0.066,18,0.069,21,0.076,30,0.098,25,0.083,30,0.091,60,0.165,40,0.095,48,0.115,43,0.133,37,0.151,31,0.137,31,0.165,16,0.124,18,0.15,3,0.057,2,0.064,2,0.089,4,0.207,9,0.287,17,0.229,24,0.159,16,0.066,18,0.067,27,0.106,27,0.103,26,0.085,33,0.096,28,0.083,34,0.096,42,0.11,49,0.118,41,0.101,27,0.081,38,0.149,33,0.142,22,0.1,22,0.105,21,0.118,11,0.114,6,0.086,5,0.088,5,0.138,4,0.153,11,0.289,15,0.216,10,0.094,18,0.113,27,0.114,24,0.081,35,0.107,31,0.083,33,0.08,42,0.102,45,0.124,46,0.126,32,0.084,44,0.131,32,0.12,25,0.104,26,0.103,33,0.174
Region 12,Region 24,7,0.059,4,0.079,4,0.135,2,0.095,2,0.111,2,0.063,8,0.094,8,0.043,19,0.058,16,0.044,31,0.107,30,0.114,26,0.091,29,0.094,32,0.106,25,0.076,48,0.128,61,0.139,53,0.122,31,0.095,36,0.146,25,0.114,22,0.124,9,0.078,11,0.118,7,0.166,2,0.079,2,0.109,0,0,3,0.09,4,0.048,12,0.067,13,0.043,19,0.058,17,0.063,26,0.1,26,0.094,35,0.115,40,0.132,46,0.14,49,0.135,50,0.119,48,0.115,38,0.117,25,0.102,22,0.097,24,0.128,16,0.124,12,0.1,6,0.115,2,0.064,3,0.133,1,0.052,2,0.064,6,0.081,6,0.04,16,0.066,16,0.06,15,0.059,30,0.114,24,0.079,27,0.079,38,0.113,46,0.13,37,0.097,54,0.13,34,0.084,30,0.09,14,0.055,20,0.086,17,0.077,15,0.071,18,0.101,9,0.093,9,0.129,7,0.123,7,0.193,1,0.038,2,0.053,7,0.101,14,0.132,20,0.126,26,0.109,32,0.107,26,0.079,44,0.118,33,0.08,35,0.085,41,0.113,22,0.06,24,0.063,26,0.077,28,0.105,21,0.088,16,0.064,18,0.095
Region 12,Region 25,5,0.042,0,0,0,0,1,0.047,1,0.056,0,0,0,0,4,0.021,1,0.003,4,0.011,8,0.028,7,0.027,6,0.021,2,0.006,3,0.01,8,0.024,6,0.016,5,0.011,6,0.014,5,0.015,2,0.008,11,0.05,11,0.062,7,0.061,3,0.032,0,0,1,0.04,0,0,0,0,1,0.03,0,0,3,0.017,4,0.013,7,0.022,1,0.004,4,0.015,4,0.015,3,0.01,5,0.017,11,0.034,6,0.017,5,0.012,3,0.007,6,0.018,7,0.029,9,0.04,2,0.011,5,0.039,3,0.025,1,0.019,1,0.032,0,0,0,0,1,0.032,0,0,4,0.027,1,0.004,5,0.019,4,0.016,3,0.011,3,0.01,8,0.023,8,0.024,2,0.006,5,0.013,3,0.007,4,0.01,5,0.015,6,0.023,8,0.034,4,0.018,4,0.019,6,0.034,1,0.01,1,0.014,1,0.018,0,0,1,0.038,0,0,0,0,2,0.019,5,0.031,4,0.017,7,0.024,5,0.015,1,0.003,4,0.01,11,0.027,5,0.014,2,0.005,3,0.008,7,0.021,8,0.03,1,0.004,1,0.004,3,0.016
Region 13,Region 0,31,0.26,16,0.318,5,0.169,4,0.189,4,0.222,5,0.156,17,0.199,27,0.145,69,0.21,98,0.271,67,0.232,79,0.299,70,0.244,75,0.244,83,0.274,89,0.27,97,0.258,109,0.248,100,0.23,83,0.253,66,0.268,62,0.283,56,0.316,32,0.278,20,0.214,10,0.237,5,0.198,4,0.218,2,0.108,7,0.21,13,0.158,30,0.168,79,0.261,113,0.348,71,0.262,73,0.282,68,0.247,75,0.246,92,0.304,69,0.21,73,0.201,86,0.204,85,0.203,74,0.228,59,0.241,80,0.353,57,0.304,37,0.287,37,0.308,18,0.344,7,0.222,5,0.222,3,0.155,1,0.032,12,0.162,21,0.139,53,0.219,60,0.223,63,0.248,72,0.274,65,0.213,74,0.216,67,0.199,90,0.254,76,0.199,96,0.23,91,0.224,77,0.231,47,0.184,39,0.167,49,0.222,52,0.248,54,0.303,29,0.3,15,0.215,13,0.228,8,0.221,9,0.344,6,0.158,8,0.115,8,0.075,40,0.252,71,0.299,68,0.228,80,0.245,69,0.185,91,0.221,89,0.216,84,0.231,99,0.271,70,0.184,79,0.235,84,0.315,45,0.188,55,0.219,34,0.179
Region 13,Region 1,26,0.218,14,0.278,7,0.237,1,0.047,2,0.111,7,0.219,18,0.21,53,0.284,110,0.334,142,0.393,106,0.367,82,0.311,88,0.307,91,0.296,89,0.293,78,0.237,83,0.22,121,0.275,178,0.409,200,0.61,117,0.475,100,0.457,79,0.445,29,0.252,20,0.214,9,0.213,10,0.396,8,0.435,6,0.325,6,0.18,10,0.121,33,0.185,106,0.351,145,0.446,109,0.403,93,0.359,116,0.421,90,0.295,90,0.298,103,0.314,90,0.248,131,0.311,151,0.361,149,0.459,108,0.441,111,0.489,69,0.368,41,0.319,33,0.274,15,0.287,10,0.318,7,0.311,3,0.155,6,0.192,16,0.216,51,0.338,65,0.268,91,0.339,86,0.338,87,0.331,115,0.377,103,0.3,104,0.308,97,0.274,98,0.257,148,0.355,193,0.474,191,0.573,157,0.615,132,0.567,103,0.467,98,0.467,105,0.588,42,0.434,30,0.429,32,0.561,7,0.193,2,0.076,5,0.132,16,0.23,25,0.236,59,0.371,110,0.463,110,0.369,124,0.379,149,0.4,165,0.4,170,0.412,173,0.477,167,0.457,215,0.566,184,0.548,155,0.581,129,0.539,117,0.465,117,0.615
Region 13,Region 2,38,0.319,16,0.318,11,0.372,8,0.378,4,0.222,13,0.407,36,0.421,92,0.492,258,0.784,303,0.838,177,0.613,107,0.405,105,0.366,94,0.305,74,0.244,67,0.203,74,0.197,89,0.202,117,0.269,124,0.378,75,0.304,86,0.393,49,0.276,37,0.321,28,0.299,11,0.26,6,0.238,5,0.272,5,0.271,11,0.33,27,0.327,87,0.488,212,0.701,273,0.84,151,0.558,100,0.386,98,0.356,94,0.308,82,0.271,78,0.238,59,0.162,105,0.249,116,0.277,116,0.358,109,0.445,76,0.335,71,0.378,50,0.388,69,0.574,18,0.344,10,0.318,5,0.222,5,0.259,8,0.255,19,0.256,62,0.411,128,0.528,158,0.588,138,0.543,195,0.742,373,1.224,396,1.154,163,0.483,82,0.231,102,0.267,182,0.437,432,1.062,484,1.453,169,0.662,124,0.532,116,0.526,131,0.624,156,0.874,81,0.837,75,1.074,31,0.543,13,0.359,9,0.344,10,0.263,21,0.302,54,0.51,94,0.592,150,0.631,186,0.625,165,0.504,215,0.578,260,0.63,292,0.708,289,0.796,525,1.435,601,1.583,234,0.697,141,0.529,130,0.543,126,0.501,143,0.752
Region 13,Region 3,8,0.067,2,0.04,3,0.102,1,0.047,0,0,0,0,3,0.035,6,0.032,9,0.027,3,0.008,12,0.042,12,0.045,17,0.059,12,0.039,9,0.03,13,0.039,14,0.037,14,0.032,18,0.041,19,0.058,12,0.049,13,0.059,10,0.056,3,0.026,4,0.043,0,0,3,0.119,1,0.054,2,0.108,1,0.03,2,0.024,6,0.034,6,0.02,7,0.022,11,0.041,7,0.027,12,0.044,12,0.039,11,0.036,16,0.049,10,0.028,20,0.047,25,0.06,15,0.046,15,0.061,11,0.048,14,0.075,7,0.054,5,0.042,2,0.038,0,0,5,0.222,1,0.052,0,0,0,0,3,0.02,4,0.016,6,0.022,15,0.059,9,0.034,12,0.039,14,0.041,16,0.047,16,0.045,12,0.031,16,0.038,25,0.061,18,0.054,15,0.059,3,0.013,12,0.054,3,0.014,5,0.028,3,0.031,2,0.029,2,0.035,0,0,0,0,0,0,2,0.029,2,0.019,4,0.025,12,0.05,18,0.06,21,0.064,18,0.048,21,0.051,15,0.036,15,0.041,21,0.057,15,0.039,13,0.039,5,0.019,11,0.046,17,0.068,8,0.042
Region 13,Region 4,33,0.277,8,0.159,5,0.169,3,0.142,1,0.056,1,0.031,11,0.129,17,0.091,22,0.067,30,0.083,40,0.139,33,0.125,34,0.119,44,0.143,46,0.152,43,0.131,51,0.135,51,0.116,77,0.177,55,0.168,56,0.227,39,0.178,25,0.141,27,0.234,27,0.288,5,0.118,8,0.317,6,0.326,1,0.054,3,0.09,7,0.085,14,0.078,22,0.073,19,0.058,31,0.115,40,0.154,38,0.138,42,0.138,38,0.126,34,0.104,52,0.143,60,0.142,39,0.093,66,0.203,55,0.224,47,0.207,39,0.208,23,0.179,34,0.283,15,0.287,7,0.222,4,0.178,3,0.155,5,0.16,2,0.027,6,0.04,18,0.074,24,0.089,41,0.161,47,0.179,41,0.135,47,0.137,45,0.133,49,0.138,41,0.107,50,0.12,59,0.145,44,0.132,56,0.219,52,0.223,44,0.199,50,0.238,64,0.359,27,0.279,15,0.215,25,0.438,9,0.248,2,0.076,8,0.21,8,0.115,15,0.142,24,0.151,48,0.202,66,0.222,59,0.18,62,0.167,71,0.172,57,0.138,50,0.138,68,0.186,56,0.147,59,0.176,62,0.232,59,0.246,50,0.199,47,0.247
Region 13,Region 5,5,0.042,1,0.02,2,0.068,0,0,0,0,1,0.031,3,0.035,10,0.054,8,0.024,8,0.022,12,0.042,14,0.053,11,0.038,17,0.055,15,0.049,8,0.024,6,0.016,8,0.018,8,0.018,10,0.03,8,0.032,13,0.059,12,0.068,6,0.052,1,0.011,0,0,0,0,0,0,2,0.108,1,0.03,2,0.024,4,0.022,8,0.026,13,0.04,12,0.044,8,0.031,17,0.062,7,0.023,14,0.046,8,0.024,11,0.03,10,0.024,12,0.029,10,0.031,17,0.069,16,0.071,8,0.043,3,0.023,3,0.025,1,0.019,2,0.064,0,0,0,0,2,0.064,3,0.04,12,0.08,11,0.045,11,0.041,8,0.031,13,0.049,18,0.059,17,0.05,20,0.059,8,0.023,7,0.018,9,0.022,11,0.027,18,0.054,9,0.035,10,0.043,10,0.045,8,0.038,7,0.039,3,0.031,7,0.1,1,0.018,1,0.028,2,0.076,2,0.053,4,0.058,3,0.028,13,0.082,18,0.076,24,0.081,17,0.052,26,0.07,19,0.046,24,0.058,14,0.039,17,0.046,22,0.058,19,0.057,3,0.011,6,0.025,9,0.036,10,0.053
Region 13,Region 6,6,0.05,2,0.04,2,0.068,1,0.047,0,0,0,0,3,0.035,6,0.032,12,0.036,34,0.094,30,0.104,20,0.076,22,0.077,14,0.045,15,0.049,18,0.055,17,0.045,29,0.066,39,0.09,32,0.098,21,0.085,21,0.096,11,0.062,6,0.052,11,0.118,4,0.095,3,0.119,2,0.109,2,0.108,1,0.03,1,0.012,3,0.017,16,0.053,26,0.08,20,0.074,24,0.093,23,0.084,22,0.072,17,0.056,23,0.07,25,0.069,23,0.055,32,0.076,23,0.071,27,0.11,19,0.084,14,0.075,7,0.054,14,0.116,2,0.038,4,0.127,1,0.044,1,0.052,1,0.032,0,0,6,0.04,14,0.058,12,0.045,13,0.051,10,0.038,26,0.085,20,0.058,20,0.059,16,0.045,22,0.058,24,0.058,40,0.098,37,0.111,23,0.09,19,0.082,14,0.063,13,0.062,19,0.106,7,0.072,4,0.057,2,0.035,0,0,1,0.038,1,0.026,1,0.014,4,0.038,13,0.082,26,0.109,25,0.084,27,0.083,37,0.099,32,0.078,34,0.082,43,0.118,36,0.098,44,0.116,39,0.116,26,0.097,13,0.054,18,0.072,15,0.079
Region 13,Region 7,31,0.26,16,0.318,7,0.237,9,0.426,7,0.389,7,0.219,31,0.362,68,0.364,86,0.261,80,0.221,87,0.301,97,0.367,98,0.342,107,0.348,108,0.356,81,0.246,76,0.202,104,0.236,123,0.283,96,0.293,96,0.39,71,0.324,72,0.406,61,0.53,38,0.406,20,0.473,9,0.356,19,1.034,5,0.271,9,0.27,29,0.351,80,0.449,71,0.235,79,0.243,61,0.225,65,0.251,98,0.356,99,0.324,94,0.311,86,0.262,77,0.212,98,0.233,96,0.229,100,0.308,96,0.392,90,0.397,80,0.426,54,0.42,47,0.391,27,0.516,14,0.445,14,0.622,4,0.207,8,0.255,27,0.364,60,0.398,82,0.338,76,0.283,74,0.291,77,0.293,81,0.266,98,0.286,104,0.308,93,0.262,93,0.244,82,0.197,98,0.241,106,0.318,96,0.376,96,0.412,67,0.304,78,0.371,71,0.398,40,0.413,29,0.415,23,0.403,16,0.441,6,0.229,12,0.316,21,0.302,26,0.245,32,0.201,57,0.24,97,0.326,99,0.303,120,0.323,102,0.247,119,0.288,105,0.289,100,0.273,124,0.327,108,0.322,96,0.36,99,0.413,87,0.346,71,0.374
Region 13,Region 8,100,0.838,34,0.675,25,0.846,24,1.135,25,1.389,49,1.532,131,1.531,287,1.536,464,1.41,464,1.283,453,1.569,373,1.412,389,1.357,408,1.326,390,1.286,370,1.123,433,1.15,410,0.931,381,0.876,348,1.061,278,1.128,238,1.088,170,0.958,120,1.042,73,0.78,25,0.591,30,1.188,23,1.251,23,1.247,47,1.408,103,1.248,291,1.631,435,1.439,454,1.397,388,1.433,414,1.596,389,1.413,400,1.311,376,1.244,372,1.134,388,1.068,416,0.987,378,0.903,370,1.14,274,1.118,241,1.063,206,1.098,123,0.956,112,0.931,50,0.956,28,0.889,26,1.156,15,0.776,56,1.788,132,1.778,250,1.659,382,1.575,414,1.542,441,1.735,435,1.654,422,1.385,411,1.198,434,1.286,441,1.244,404,1.059,370,0.888,377,0.927,336,1.008,248,0.971,207,0.888,214,0.969,197,0.938,159,0.891,69,0.713,63,0.902,51,0.894,38,1.048,37,1.413,78,2.052,129,1.857,181,1.708,259,1.63,425,1.788,488,1.639,473,1.446,469,1.26,463,1.122,419,1.016,467,1.287,445,1.217,467,1.23,363,1.081,302,1.132,272,1.136,284,1.129,205,1.078
Region 13,Region 9,8,0.067,0,0,1,0.034,3,0.142,1,0.056,1,0.031,5,0.058,8,0.043,8,0.024,8,0.022,12,0.042,26,0.098,25,0.087,21,0.068,17,0.056,19,0.058,20,0.053,17,0.039,28,0.064,15,0.046,12,0.049,9,0.041,9,0.051,8,0.069,5,0.053,6,0.142,3,0.119,2,0.109,1,0.054,1,0.03,1,0.012,9,0.05,13,0.043,7,0.022,12,0.044,9,0.035,16,0.058,17,0.056,17,0.056,9,0.027,9,0.025,21,0.05,27,0.064,18,0.055,15,0.061,16,0.071,12,0.064,8,0.062,7,0.058,3,0.057,1,0.032,1,0.044,6,0.311,2,0.064,5,0.067,7,0.046,11,0.045,17,0.063,14,0.055,19,0.072,13,0.043,14,0.041,12,0.036,14,0.04,22,0.058,22,0.053,24,0.059,8,0.024,5,0.02,8,0.034,10,0.045,9,0.043,5,0.028,3,0.031,0,0,2,0.035,8,0.221,4,0.153,1,0.026,4,0.058,6,0.057,16,0.101,16,0.067,29,0.097,42,0.128,28,0.075,19,0.046,24,0.058,15,0.041,16,0.044,22,0.058,14,0.042,16,0.06,11,0.046,12,0.048,16,0.084
Region 13,Region 10,33,0.277,19,0.377,10,0.338,8,0.378,5,0.278,11,0.344,47,0.549,96,0.514,153,0.465,152,0.42,133,0.461,129,0.488,125,0.436,95,0.309,135,0.445,140,0.425,171,0.454,182,0.413,191,0.439,114,0.348,100,0.406,71,0.324,90,0.507,40,0.347,28,0.299,18,0.426,11,0.435,11,0.598,5,0.271,14,0.42,50,0.606,96,0.538,134,0.443,144,0.443,151,0.558,119,0.459,110,0.4,131,0.429,126,0.417,168,0.512,165,0.454,223,0.529,213,0.509,127,0.391,99,0.404,100,0.441,93,0.495,51,0.396,35,0.291,10,0.191,10,0.318,2,0.089,5,0.259,15,0.479,42,0.566,87,0.577,111,0.458,138,0.514,106,0.417,123,0.468,137,0.45,138,0.402,151,0.448,178,0.502,219,0.574,173,0.415,166,0.408,115,0.345,96,0.376,88,0.378,72,0.326,56,0.267,35,0.196,24,0.248,17,0.243,19,0.333,14,0.386,9,0.344,6,0.158,21,0.302,41,0.387,70,0.441,105,0.442,120,0.403,104,0.318,89,0.239,102,0.247,112,0.272,92,0.253,102,0.279,97,0.255,65,0.194,60,0.225,62,0.259,51,0.203,40,0.21
Region 13,Region 11,5,0.042,0,0,0,0,3,0.142,1,0.056,1,0.031,0,0,3,0.016,2,0.006,2,0.006,3,0.01,2,0.008,6,0.021,8,0.026,6,0.02,4,0.012,4,0.011,13,0.03,10,0.023,8,0.024,10,0.041,10,0.046,11,0.062,3,0.026,5,0.053,0,0,1,0.04,2,0.109,1,0.054,0,0,1,0.012,2,0.011,3,0.01,4,0.012,3,0.011,6,0.023,9,0.033,16,0.052,4,0.013,10,0.03,9,0.025,9,0.021,8,0.019,2,0.006,8,0.033,11,0.048,8,0.043,3,0.023,3,0.025,4,0.077,2,0.064,2,0.089,2,0.104,1,0.032,0,0,1,0.007,1,0.004,3,0.011,4,0.016,8,0.03,5,0.016,2,0.006,7,0.021,4,0.011,5,0.013,8,0.019,4,0.01,4,0.012,11,0.043,9,0.039,12,0.054,12,0.057,1,0.006,2,0.021,0,0,3,0.053,1,0.028,1,0.038,3,0.079,1,0.014,4,0.038,0,0,3,0.013,1,0.003,5,0.015,3,0.008,6,0.015,7,0.017,7,0.019,3,0.008,7,0.018,7,0.021,8,0.03,3,0.013,7,0.028,5,0.026
Region 13,Region 12,22,0.184,14,0.278,6,0.203,7,0.331,2,0.111,5,0.156,17,0.199,45,0.241,40,0.122,57,0.158,45,0.156,51,0.193,46,0.16,60,0.195,54,0.178,58,0.176,54,0.143,49,0.111,48,0.11,42,0.128,39,0.158,50,0.228,27,0.152,14,0.122,17,0.182,11,0.26,8,0.317,7,0.381,1,0.054,5,0.15,18,0.218,38,0.213,46,0.152,41,0.126,49,0.181,42,0.162,44,0.16,45,0.147,48,0.159,41,0.125,40,0.11,46,0.109,51,0.122,57,0.176,41,0.167,41,0.181,38,0.202,15,0.117,12,0.1,16,0.306,3,0.095,6,0.267,3,0.155,5,0.16,14,0.189,23,0.153,34,0.14,55,0.205,23,0.09,38,0.145,47,0.154,51,0.149,51,0.151,58,0.164,61,0.16,41,0.098,60,0.147,44,0.132,45,0.176,41,0.176,31,0.14,37,0.176,30,0.168,26,0.269,8,0.115,9,0.158,7,0.193,5,0.191,5,0.132,19,0.274,6,0.057,22,0.138,37,0.156,37,0.124,45,0.138,57,0.153,44,0.107,58,0.141,55,0.152,45,0.123,36,0.095,61,0.182,39,0.146,37,0.155,23,0.091,22,0.116
Region 13,Region 13,168,1.409,70,1.389,45,1.523,20,0.946,12,0.667,12,0.375,44,0.514,134,0.717,314,0.954,435,1.203,398,1.379,343,1.299,401,1.398,414,1.345,394,1.299,380,1.153,386,1.025,464,1.054,498,1.145,470,1.433,381,1.546,339,1.549,233,1.313,149,1.294,115,1.229,43,1.017,28,1.108,11,0.598,13,0.705,25,0.749,51,0.618,139,0.779,313,1.035,480,1.477,390,1.441,336,1.296,362,1.315,378,1.239,358,1.185,358,1.091,381,1.049,423,1.004,467,1.115,463,1.427,375,1.53,340,1.499,289,1.54,184,1.43,168,1.396,43,0.822,32,1.017,23,1.023,16,0.828,23,0.734,51,0.687,103,0.684,228,0.94,309,1.151,324,1.275,333,1.266,382,1.254,406,1.184,390,1.156,422,1.191,393,1.03,478,1.147,406,0.998,406,1.219,325,1.273,293,1.258,261,1.182,257,1.224,257,1.44,119,1.23,87,1.245,68,1.192,32,0.883,18,0.688,33,0.868,44,0.633,88,0.83,146,0.919,256,1.077,353,1.186,406,1.241,501,1.346,497,1.204,513,1.244,462,1.273,436,1.192,432,1.138,371,1.105,326,1.222,292,1.219,330,1.312,252,1.326
Region 13,Region 14,33,0.277,10,0.198,9,0.305,4,0.189,6,0.333,15,0.469,22,0.257,42,0.225,85,0.258,92,0.254,69,0.239,62,0.235,64,0.223,95,0.309,74,0.244,85,0.258,87,0.231,66,0.15,70,0.161,75,0.229,58,0.235,63,0.288,47,0.265,25,0.217,17,0.182,6,0.142,11,0.435,9,0.49,6,0.325,11,0.33,36,0.436,39,0.219,79,0.261,80,0.246,59,0.218,71,0.274,88,0.32,90,0.295,82,0.271,81,0.247,75,0.206,81,0.192,86,0.205,55,0.17,55,0.224,55,0.242,61,0.325,30,0.233,24,0.199,18,0.344,13,0.413,5,0.222,6,0.311,13,0.415,25,0.337,35,0.232,62,0.256,69,0.257,50,0.197,58,0.221,61,0.2,69,0.201,83,0.246,90,0.254,87,0.228,73,0.175,73,0.179,61,0.183,61,0.239,48,0.206,44,0.199,54,0.257,36,0.202,19,0.196,11,0.157,8,0.14,11,0.303,12,0.458,15,0.395,15,0.216,25,0.236,52,0.327,54,0.227,77,0.259,79,0.241,104,0.28,91,0.221,105,0.255,85,0.234,79,0.216,81,0.213,70,0.208,44,0.165,45,0.188,56,0.223,39,0.205
Region 13,Region 15,8,0.067,2,0.04,1,0.034,2,0.095,1,0.056,4,0.125,0,0,1,0.005,5,0.015,6,0.017,4,0.014,3,0.011,5,0.017,8,0.026,7,0.023,5,0.015,6,0.016,8,0.018,18,0.041,10,0.03,4,0.016,7,0.032,4,0.023,2,0.017,10,0.107,5,0.118,0,0,3,0.163,0,0,0,0,0,0,2,0.011,2,0.007,8,0.025,6,0.022,4,0.015,8,0.029,13,0.043,9,0.03,6,0.018,8,0.022,5,0.012,10,0.024,7,0.022,4,0.016,8,0.035,10,0.053,5,0.039,6,0.05,3,0.057,3,0.095,2,0.089,3,0.155,0,0,0,0,1,0.007,7,0.029,5,0.019,5,0.02,4,0.015,2,0.007,8,0.023,3,0.009,8,0.023,7,0.018,6,0.014,8,0.02,2,0.006,10,0.039,4,0.017,9,0.041,5,0.024,1,0.006,2,0.021,5,0.072,4,0.07,1,0.028,0,0,1,0.026,1,0.014,2,0.019,4,0.025,4,0.017,7,0.024,4,0.012,2,0.005,8,0.019,5,0.012,7,0.019,6,0.016,8,0.021,3,0.009,9,0.034,6,0.025,3,0.012,9,0.047
Region 13,Region 16,2,0.017,1,0.02,0,0,0,0,0,0,0,0,1,0.012,1,0.005,2,0.006,6,0.017,9,0.031,11,0.042,6,0.021,10,0.032,10,0.033,9,0.027,7,0.019,16,0.036,9,0.021,8,0.024,8,0.032,5,0.023,5,0.028,0,0,3,0.032,1,0.024,2,0.079,0,0,0,0,0,0,3,0.036,2,0.011,3,0.01,6,0.018,8,0.03,6,0.023,5,0.018,7,0.023,9,0.03,4,0.012,16,0.044,9,0.021,13,0.031,15,0.046,8,0.033,6,0.026,12,0.064,2,0.016,2,0.017,0,0,1,0.032,1,0.044,0,0,0,0,2,0.027,1,0.007,7,0.029,14,0.052,9,0.035,11,0.042,9,0.03,5,0.015,7,0.021,10,0.028,9,0.024,9,0.022,15,0.037,11,0.033,9,0.035,8,0.034,7,0.032,6,0.029,5,0.028,3,0.031,1,0.014,1,0.018,0,0,1,0.038,2,0.053,11,0.158,11,0.104,7,0.044,7,0.029,10,0.034,17,0.052,25,0.067,13,0.032,8,0.019,8,0.022,9,0.025,7,0.018,10,0.03,5,0.019,1,0.004,6,0.024,5,0.026
Region 13,Region 17,105,0.88,44,0.873,15,0.508,22,1.04,13,0.722,22,0.688,84,0.982,319,1.708,775,2.355,756,2.091,406,1.406,232,0.879,222,0.774,243,0.789,189,0.623,200,0.607,181,0.481,223,0.507,218,0.501,205,0.625,185,0.751,141,0.644,123,0.693,72,0.625,59,0.63,32,0.757,17,0.673,14,0.762,7,0.379,17,0.509,74,0.897,267,1.497,633,2.094,603,1.855,287,1.06,206,0.794,205,0.745,203,0.665,214,0.708,205,0.625,191,0.526,166,0.394,192,0.458,194,0.598,173,0.706,177,0.78,151,0.805,105,0.816,94,0.781,43,0.822,26,0.826,27,1.201,15,0.776,12,0.383,58,0.781,139,0.922,328,1.352,316,1.177,240,0.944,207,0.787,209,0.686,239,0.697,235,0.697,206,0.581,193,0.506,235,0.564,289,0.71,293,0.879,181,0.709,176,0.755,146,0.661,145,0.69,150,0.84,94,0.971,50,0.716,46,0.806,39,1.076,23,0.879,21,0.552,41,0.59,68,0.642,99,0.623,179,0.753,294,0.988,332,1.015,508,1.365,922,2.234,896,2.172,310,0.854,308,0.842,363,0.956,243,0.724,195,0.731,184,0.768,150,0.596,159,0.836
Region 13,Region 18,4,0.034,1,0.02,3,0.102,2,0.095,0,0,2,0.063,4,0.047,9,0.048,14,0.043,5,0.014,9,0.031,11,0.042,10,0.035,18,0.058,14,0.046,15,0.046,12,0.032,4,0.009,10,0.023,15,0.046,9,0.037,7,0.032,8,0.045,3,0.026,5,0.053,0,0,2,0.079,1,0.054,2,0.108,4,0.12,5,0.061,10,0.056,11,0.036,14,0.043,10,0.037,8,0.031,8,0.029,16,0.052,6,0.02,5,0.015,14,0.039,9,0.021,9,0.021,6,0.018,4,0.016,9,0.04,12,0.064,9,0.07,8,0.066,4,0.077,2,0.064,2,0.089,2,0.104,3,0.096,5,0.067,6,0.04,9,0.037,5,0.019,7,0.028,9,0.034,8,0.026,14,0.041,12,0.036,10,0.028,13,0.034,14,0.034,13,0.032,10,0.03,11,0.043,11,0.047,11,0.05,12,0.057,8,0.045,2,0.021,0,0,4,0.07,2,0.055,2,0.076,1,0.026,5,0.072,1,0.009,3,0.019,8,0.034,9,0.03,9,0.028,10,0.027,9,0.022,13,0.032,16,0.044,24,0.066,31,0.082,18,0.054,8,0.03,8,0.033,7,0.028,12,0.063
Region 13,Region 19,3,0.025,3,0.06,1,0.034,0,0,0,0,2,0.063,2,0.023,6,0.032,4,0.012,6,0.017,6,0.021,4,0.015,8,0.028,12,0.039,5,0.016,5,0.015,13,0.035,6,0.014,10,0.023,8,0.024,7,0.028,9,0.041,9,0.051,2,0.017,3,0.032,1,0.024,1,0.04,3,0.163,0,0,1,0.03,2,0.024,0,0,2,0.007,2,0.006,3,0.011,7,0.027,5,0.018,5,0.016,2,0.007,7,0.021,11,0.03,6,0.014,10,0.024,7,0.022,7,0.029,6,0.026,6,0.032,1,0.008,5,0.042,3,0.057,2,0.064,0,0,0,0,1,0.032,1,0.013,3,0.02,4,0.016,7,0.026,5,0.02,2,0.008,5,0.016,2,0.006,4,0.012,4,0.011,6,0.016,8,0.019,9,0.022,3,0.009,3,0.012,2,0.009,9,0.041,7,0.033,4,0.022,0,0,2,0.029,1,0.018,3,0.083,1,0.038,1,0.026,1,0.014,3,0.028,5,0.031,7,0.029,11,0.037,8,0.024,8,0.022,7,0.017,8,0.019,11,0.03,8,0.022,9,0.024,6,0.018,5,0.019,2,0.008,10,0.04,4,0.021
Region 13,Region 20,30,0.252,20,0.397,7,0.237,4,0.189,4,0.222,5,0.156,41,0.479,99,0.53,142,0.431,117,0.324,85,0.294,83,0.314,69,0.241,68,0.221,60,0.198,63,0.191,84,0.223,89,0.202,86,0.198,80,0.244,64,0.26,65,0.297,42,0.237,21,0.182,20,0.214,4,0.095,7,0.277,5,0.272,2,0.108,6,0.18,30,0.364,85,0.477,146,0.483,125,0.385,92,0.34,74,0.285,76,0.276,80,0.262,59,0.195,63,0.192,66,0.182,88,0.209,64,0.153,70,0.216,73,0.298,65,0.287,44,0.234,32,0.249,22,0.183,11,0.21,8,0.254,4,0.178,3,0.155,7,0.223,37,0.499,88,0.584,122,0.503,96,0.357,67,0.264,74,0.281,58,0.19,68,0.198,79,0.234,76,0.214,60,0.157,71,0.17,74,0.182,60,0.18,58,0.227,78,0.335,71,0.322,54,0.257,29,0.162,20,0.207,12,0.172,8,0.14,12,0.331,6,0.229,14,0.368,32,0.461,35,0.33,48,0.302,63,0.265,63,0.212,62,0.19,71,0.191,97,0.235,95,0.23,65,0.179,58,0.159,77,0.203,59,0.176,60,0.225,70,0.292,75,0.298,47,0.247
Region 13,Region 21,8,0.067,1,0.02,3,0.102,1,0.047,0,0,2,0.063,2,0.023,6,0.032,12,0.036,10,0.028,23,0.08,29,0.11,19,0.066,30,0.097,24,0.079,17,0.052,24,0.064,26,0.059,26,0.06,28,0.085,27,0.11,21,0.096,19,0.107,6,0.052,9,0.096,5,0.118,1,0.04,0,0,0,0,0,0,1,0.012,8,0.045,8,0.026,23,0.071,14,0.052,13,0.05,17,0.062,24,0.079,18,0.06,23,0.07,21,0.058,24,0.057,19,0.045,27,0.083,24,0.098,21,0.093,23,0.123,7,0.054,15,0.125,2,0.038,2,0.064,1,0.044,1,0.052,3,0.096,2,0.027,3,0.02,11,0.045,22,0.082,14,0.055,22,0.084,23,0.075,17,0.05,24,0.071,27,0.076,15,0.039,27,0.065,28,0.069,24,0.072,21,0.082,17,0.073,16,0.072,19,0.09,14,0.078,13,0.134,1,0.014,3,0.053,1,0.028,0,0,2,0.053,7,0.101,17,0.16,17,0.107,19,0.08,21,0.071,33,0.101,36,0.097,29,0.07,33,0.08,35,0.096,29,0.079,35,0.092,31,0.092,17,0.064,15,0.063,13,0.052,11,0.058
Region 13,Region 22,3,0.025,3,0.06,0,0,0,0,0,0,1,0.031,0,0,5,0.027,15,0.046,5,0.014,16,0.055,14,0.053,16,0.056,20,0.065,19,0.063,14,0.042,21,0.056,24,0.055,25,0.057,21,0.064,15,0.061,12,0.055,9,0.051,6,0.052,5,0.053,2,0.047,1,0.04,0,0,1,0.054,1,0.03,0,0,5,0.028,8,0.026,13,0.04,11,0.041,12,0.046,15,0.054,23,0.075,12,0.04,17,0.052,15,0.041,15,0.036,21,0.05,23,0.071,8,0.033,11,0.048,7,0.037,9,0.07,7,0.058,3,0.057,1,0.032,0,0,0,0,0,0,1,0.013,9,0.06,19,0.078,12,0.045,15,0.059,14,0.053,17,0.056,15,0.044,15,0.044,17,0.048,16,0.042,14,0.034,18,0.044,14,0.042,20,0.078,13,0.056,4,0.018,8,0.038,14,0.078,6,0.062,1,0.014,1,0.018,6,0.166,4,0.153,0,0,2,0.029,4,0.038,4,0.025,10,0.042,9,0.03,21,0.064,14,0.038,32,0.078,21,0.051,19,0.052,16,0.044,24,0.063,17,0.051,16,0.06,18,0.075,11,0.044,12,0.063
Region 13,Region 23,29,0.243,14,0.278,12,0.406,10,0.473,7,0.389,6,0.188,16,0.187,35,0.187,52,0.158,61,0.169,73,0.253,62,0.235,49,0.171,64,0.208,70,0.231,69,0.209,97,0.258,121,0.275,118,0.271,69,0.21,61,0.248,50,0.228,44,0.248,41,0.356,31,0.331,13,0.307,8,0.317,4,0.218,8,0.434,9,0.27,15,0.182,33,0.185,57,0.189,57,0.175,49,0.181,38,0.147,53,0.193,68,0.223,60,0.199,80,0.244,109,0.3,116,0.275,122,0.291,74,0.228,63,0.257,57,0.251,56,0.298,35,0.272,31,0.258,19,0.363,10,0.318,10,0.445,7,0.362,7,0.223,13,0.175,39,0.259,54,0.223,67,0.249,41,0.161,57,0.217,70,0.23,74,0.216,71,0.21,97,0.274,104,0.273,104,0.25,92,0.226,60,0.18,57,0.223,50,0.215,56,0.254,48,0.229,47,0.263,22,0.227,16,0.229,14,0.245,11,0.303,7,0.267,8,0.21,17,0.245,24,0.226,44,0.277,53,0.223,88,0.296,64,0.196,77,0.207,96,0.233,111,0.269,98,0.27,89,0.243,84,0.221,74,0.22,73,0.274,69,0.288,57,0.227,57,0.3
Region 13,Region 24,3,0.025,1,0.02,0,0,0,0,1,0.056,0,0,1,0.012,7,0.037,5,0.015,5,0.014,3,0.01,11,0.042,8,0.028,13,0.042,3,0.01,7,0.021,11,0.029,13,0.03,15,0.034,9,0.027,10,0.041,9,0.041,4,0.023,2,0.017,5,0.053,0,0,0,0,0,0,0,0,0,0,0,0,7,0.039,8,0.026,2,0.006,3,0.011,5,0.019,14,0.051,13,0.043,13,0.043,6,0.018,13,0.036,18,0.043,12,0.029,8,0.025,12,0.049,12,0.053,4,0.021,5,0.039,3,0.025,1,0.019,0,0,0,0,0,0,1,0.032,0,0,4,0.027,8,0.033,6,0.022,3,0.012,10,0.038,6,0.02,10,0.029,10,0.03,14,0.04,11,0.029,8,0.019,4,0.01,7,0.021,7,0.027,12,0.052,10,0.045,5,0.024,2,0.011,2,0.021,0,0,1,0.018,0,0,0,0,0,0,2,0.029,6,0.057,4,0.025,15,0.063,13,0.044,8,0.024,12,0.032,13,0.032,11,0.027,8,0.022,10,0.027,16,0.042,13,0.039,15,0.056,5,0.021,6,0.024,5,0.026
Region 13,Region 25,11,0.092,9,0.179,6,0.203,3,0.142,1,0.056,2,0.063,11,0.129,19,0.102,31,0.094,39,0.108,40,0.139,25,0.095,18,0.063,29,0.094,31,0.102,24,0.073,22,0.058,23,0.052,26,0.06,23,0.07,25,0.101,17,0.078,25,0.141,10,0.087,12,0.128,4,0.095,4,0.158,5,0.272,0,0,3,0.09,12,0.145,26,0.146,33,0.109,39,0.12,37,0.137,25,0.096,26,0.094,35,0.115,38,0.126,28,0.085,14,0.039,25,0.059,24,0.057,18,0.055,27,0.11,21,0.093,19,0.101,18,0.14,13,0.108,4,0.077,1,0.032,5,0.222,0,0,3,0.096,8,0.108,16,0.106,27,0.111,30,0.112,29,0.114,34,0.129,36,0.118,39,0.114,34,0.101,30,0.085,21,0.055,25,0.06,27,0.066,31,0.093,22,0.086,20,0.086,16,0.072,17,0.081,19,0.106,9,0.093,5,0.072,6,0.105,7,0.193,3,0.115,2,0.053,1,0.014,17,0.16,8,0.05,20,0.084,22,0.074,26,0.079,35,0.094,40,0.097,34,0.082,40,0.11,26,0.071,25,0.066,26,0.077,25,0.094,19,0.079,10,0.04,17,0.089
Region 14,Region 0,6,0.05,3,0.06,0,0,1,0.047,0,0,2,0.063,7,0.082,5,0.027,15,0.046,27,0.075,15,0.052,17,0.064,19,0.066,25,0.081,16,0.053,20,0.061,24,0.064,19,0.043,23,0.053,17,0.052,8,0.032,5,0.023,7,0.039,6,0.052,10,0.107,3,0.071,1,0.04,1,0.054,0,0,2,0.06,4,0.048,7,0.039,24,0.079,18,0.055,17,0.063,5,0.019,5,0.018,15,0.049,21,0.069,22,0.067,13,0.036,14,0.033,21,0.05,11,0.034,7,0.029,9,0.04,8,0.043,8,0.062,8,0.066,4,0.077,2,0.064,3,0.133,2,0.104,1,0.032,3,0.04,7,0.046,20,0.082,14,0.052,12,0.047,8,0.03,15,0.049,16,0.047,16,0.047,15,0.042,16,0.042,25,0.06,15,0.037,15,0.045,5,0.02,6,0.026,10,0.045,8,0.038,12,0.067,13,0.134,2,0.029,1,0.018,1,0.028,0,0,0,0,2,0.029,7,0.066,6,0.038,7,0.029,12,0.04,9,0.028,15,0.04,17,0.041,11,0.027,18,0.05,11,0.03,20,0.053,12,0.036,11,0.041,5,0.021,9,0.036,6,0.032
Region 14,Region 1,22,0.184,8,0.159,5,0.169,4,0.189,5,0.278,5,0.156,19,0.222,49,0.262,75,0.228,58,0.16,43,0.149,52,0.197,49,0.171,60,0.195,63,0.208,55,0.167,61,0.162,89,0.202,92,0.212,100,0.305,69,0.28,43,0.196,41,0.231,29,0.252,22,0.235,13,0.307,6,0.238,1,0.054,5,0.271,7,0.21,9,0.109,33,0.185,60,0.198,63,0.194,40,0.148,49,0.189,39,0.142,45,0.147,58,0.192,54,0.165,54,0.149,87,0.206,69,0.165,69,0.213,73,0.298,59,0.26,35,0.186,37,0.287,32,0.266,14,0.268,3,0.095,0,0,3,0.155,8,0.255,14,0.189,37,0.246,51,0.21,48,0.179,35,0.138,40,0.152,54,0.177,74,0.216,66,0.196,60,0.169,68,0.178,85,0.204,110,0.27,102,0.306,78,0.305,72,0.309,63,0.285,68,0.324,49,0.275,15,0.155,5,0.072,5,0.088,2,0.055,3,0.115,8,0.21,19,0.274,29,0.274,39,0.245,43,0.181,73,0.245,63,0.193,82,0.22,74,0.179,87,0.211,89,0.245,102,0.279,100,0.263,91,0.271,77,0.289,58,0.242,59,0.234,55,0.289
Region 14,Region 2,24,0.201,6,0.119,3,0.102,1,0.047,5,0.278,9,0.281,28,0.327,51,0.273,93,0.283,90,0.249,61,0.211,52,0.197,42,0.146,39,0.127,33,0.109,49,0.149,61,0.162,58,0.132,49,0.113,41,0.125,40,0.162,46,0.21,35,0.197,25,0.217,20,0.214,9,0.213,5,0.198,2,0.109,1,0.054,4,0.12,29,0.351,44,0.247,82,0.271,83,0.255,61,0.225,44,0.17,51,0.185,47,0.154,55,0.182,45,0.137,37,0.102,51,0.121,36,0.086,47,0.145,42,0.171,48,0.212,33,0.176,26,0.202,31,0.258,12,0.23,7,0.222,4,0.178,1,0.052,10,0.319,24,0.323,38,0.252,63,0.26,73,0.272,83,0.327,110,0.418,185,0.607,158,0.461,57,0.169,58,0.164,85,0.223,154,0.37,288,0.708,227,0.681,77,0.302,60,0.258,53,0.24,49,0.233,44,0.247,13,0.134,16,0.229,4,0.07,3,0.083,5,0.191,16,0.421,15,0.216,18,0.17,28,0.176,47,0.198,63,0.212,67,0.205,67,0.18,96,0.233,116,0.281,150,0.413,258,0.705,246,0.648,93,0.277,78,0.292,46,0.192,54,0.215,52,0.274
Region 14,Region 3,6,0.05,1,0.02,1,0.034,2,0.095,1,0.056,2,0.063,3,0.035,4,0.021,7,0.021,11,0.03,8,0.028,5,0.019,14,0.049,14,0.045,21,0.069,17,0.052,28,0.074,42,0.095,38,0.087,18,0.055,23,0.093,17,0.078,14,0.079,11,0.096,5,0.053,0,0,2,0.079,0,0,1,0.054,2,0.06,4,0.048,5,0.028,10,0.033,8,0.025,11,0.041,15,0.058,18,0.065,18,0.059,24,0.079,26,0.079,26,0.072,35,0.083,27,0.064,12,0.037,12,0.049,14,0.062,11,0.059,9,0.07,8,0.066,1,0.019,0,0,1,0.044,1,0.052,0,0,6,0.081,3,0.02,2,0.008,11,0.041,13,0.051,12,0.046,19,0.062,28,0.082,19,0.056,14,0.04,31,0.081,35,0.084,31,0.076,25,0.075,15,0.059,14,0.06,11,0.05,10,0.048,7,0.039,5,0.052,2,0.029,1,0.018,0,0,0,0,1,0.026,1,0.014,1,0.009,4,0.025,6,0.025,10,0.034,15,0.046,25,0.067,26,0.063,24,0.058,14,0.039,20,0.055,27,0.071,17,0.051,10,0.037,20,0.084,12,0.048,7,0.037
Region 14,Region 4,25,0.21,8,0.159,7,0.237,3,0.142,0,0,3,0.094,6,0.07,10,0.054,39,0.119,41,0.113,26,0.09,40,0.151,46,0.16,42,0.136,49,0.162,44,0.134,51,0.135,66,0.15,71,0.163,59,0.18,35,0.142,34,0.155,35,0.197,19,0.165,23,0.246,3,0.071,4,0.158,4,0.218,4,0.217,8,0.24,5,0.061,14,0.078,31,0.103,35,0.108,45,0.166,46,0.177,41,0.149,50,0.164,30,0.099,44,0.134,63,0.173,78,0.185,70,0.167,60,0.185,52,0.212,54,0.238,39,0.208,27,0.21,30,0.249,11,0.21,3,0.095,2,0.089,2,0.104,3,0.096,8,0.108,11,0.073,25,0.103,37,0.138,40,0.157,32,0.122,40,0.131,35,0.102,45,0.133,57,0.161,72,0.189,69,0.166,70,0.172,61,0.183,45,0.176,52,0.223,73,0.331,60,0.286,50,0.28,27,0.279,12,0.172,6,0.105,4,0.11,4,0.153,11,0.289,16,0.23,23,0.217,31,0.195,46,0.194,49,0.165,48,0.147,58,0.156,54,0.131,57,0.138,66,0.182,54,0.148,60,0.158,49,0.146,43,0.161,40,0.167,53,0.211,66,0.347
Region 14,Region 5,21,0.176,9,0.179,5,0.169,5,0.236,6,0.333,10,0.313,22,0.257,46,0.246,113,0.343,119,0.329,84,0.291,62,0.235,89,0.31,96,0.312,90,0.297,84,0.255,88,0.234,112,0.254,137,0.315,76,0.232,61,0.248,43,0.196,39,0.22,27,0.234,19,0.203,7,0.166,5,0.198,4,0.218,3,0.163,8,0.24,15,0.182,38,0.213,74,0.245,92,0.283,105,0.388,84,0.324,81,0.294,96,0.315,81,0.268,90,0.274,83,0.229,110,0.261,105,0.251,78,0.24,70,0.286,57,0.251,46,0.245,27,0.21,28,0.233,8,0.153,5,0.159,6,0.267,8,0.414,7,0.223,21,0.283,42,0.279,73,0.301,90,0.335,85,0.334,102,0.388,113,0.371,97,0.283,82,0.243,86,0.243,99,0.26,118,0.283,153,0.376,76,0.228,65,0.255,47,0.202,48,0.217,35,0.167,25,0.14,11,0.114,9,0.129,11,0.193,2,0.055,2,0.076,5,0.132,15,0.216,30,0.283,43,0.271,63,0.265,97,0.326,92,0.281,92,0.247,112,0.271,104,0.252,91,0.251,94,0.257,82,0.216,83,0.247,72,0.27,57,0.238,46,0.183,28,0.147
Region 14,Region 6,6,0.05,2,0.04,1,0.034,1,0.047,0,0,2,0.063,5,0.058,10,0.054,20,0.061,19,0.053,15,0.052,17,0.064,20,0.07,16,0.052,23,0.076,26,0.079,20,0.053,23,0.052,29,0.067,22,0.067,20,0.081,25,0.114,16,0.09,6,0.052,8,0.085,6,0.142,1,0.04,0,0,1,0.054,3,0.09,5,0.061,9,0.05,7,0.023,16,0.049,16,0.059,19,0.073,24,0.087,17,0.056,11,0.036,20,0.061,22,0.061,23,0.055,31,0.074,45,0.139,35,0.143,22,0.097,19,0.101,13,0.101,7,0.058,6,0.115,2,0.064,0,0,2,0.104,5,0.16,2,0.027,7,0.046,12,0.049,18,0.067,21,0.083,23,0.087,29,0.095,20,0.058,21,0.062,16,0.045,22,0.058,32,0.077,32,0.079,30,0.09,20,0.078,18,0.077,16,0.072,15,0.071,10,0.056,1,0.01,0,0,4,0.07,3,0.083,0,0,2,0.053,5,0.072,6,0.057,13,0.082,14,0.059,17,0.057,30,0.092,40,0.108,30,0.073,27,0.065,36,0.099,37,0.101,45,0.118,40,0.119,37,0.139,30,0.125,22,0.087,8,0.042
Region 14,Region 7,76,0.637,45,0.893,31,1.049,21,0.993,14,0.778,27,0.844,69,0.807,171,0.915,210,0.638,181,0.501,164,0.568,150,0.568,198,0.69,217,0.705,210,0.692,217,0.659,229,0.608,248,0.563,237,0.545,219,0.668,166,0.674,132,0.603,120,0.676,84,0.729,87,0.929,46,1.088,22,0.871,14,0.762,9,0.488,18,0.539,51,0.618,162,0.908,187,0.619,178,0.548,170,0.628,176,0.679,184,0.669,207,0.678,199,0.659,252,0.768,238,0.655,254,0.603,229,0.547,229,0.706,151,0.616,166,0.732,140,0.746,103,0.8,86,0.715,42,0.803,23,0.731,14,0.622,17,0.88,30,0.958,62,0.835,143,0.949,191,0.787,164,0.611,173,0.681,165,0.627,190,0.624,233,0.679,249,0.738,231,0.652,238,0.624,246,0.59,279,0.686,240,0.72,221,0.866,174,0.747,169,0.766,141,0.671,135,0.756,80,0.827,49,0.701,30,0.526,16,0.441,10,0.382,18,0.474,62,0.893,61,0.576,84,0.529,134,0.564,178,0.598,223,0.682,275,0.739,292,0.708,339,0.822,233,0.642,247,0.675,276,0.727,222,0.661,190,0.712,214,0.894,207,0.823,182,0.957
Region 14,Region 8,38,0.319,13,0.258,6,0.203,1,0.047,6,0.333,12,0.375,36,0.421,71,0.38,98,0.298,83,0.23,114,0.395,117,0.443,131,0.457,137,0.445,96,0.317,92,0.279,95,0.252,76,0.173,87,0.2,60,0.183,72,0.292,64,0.292,51,0.287,29,0.252,36,0.385,23,0.544,10,0.396,5,0.272,11,0.596,17,0.509,30,0.364,70,0.392,87,0.288,87,0.268,79,0.292,98,0.378,103,0.374,112,0.367,125,0.414,78,0.238,61,0.168,56,0.133,58,0.138,68,0.21,69,0.282,51,0.225,33,0.176,32,0.249,31,0.258,21,0.402,12,0.381,3,0.133,3,0.155,6,0.192,28,0.377,50,0.332,81,0.334,85,0.317,93,0.366,84,0.319,101,0.331,110,0.321,93,0.276,96,0.271,83,0.218,69,0.166,75,0.184,82,0.246,73,0.286,78,0.335,80,0.362,54,0.257,53,0.297,28,0.289,10,0.143,6,0.105,9,0.248,4,0.153,12,0.316,18,0.259,30,0.283,49,0.308,89,0.374,111,0.373,110,0.336,118,0.317,105,0.254,80,0.194,104,0.287,131,0.358,114,0.3,69,0.205,93,0.349,55,0.23,73,0.29,46,0.242
Region 14,Region 9,5,0.042,3,0.06,0,0,0,0,0,0,1,0.031,1,0.012,2,0.011,4,0.012,6,0.017,15,0.052,11,0.042,7,0.024,5,0.016,9,0.03,8,0.024,9,0.024,24,0.055,24,0.055,10,0.03,2,0.008,6,0.027,7,0.039,4,0.035,10,0.107,4,0.095,0,0,2,0.109,1,0.054,3,0.09,4,0.048,4,0.022,3,0.01,6,0.018,7,0.026,5,0.019,12,0.044,9,0.029,8,0.026,10,0.03,13,0.036,23,0.055,18,0.043,13,0.04,9,0.037,5,0.022,5,0.027,6,0.047,8,0.066,2,0.038,1,0.032,1,0.044,0,0,2,0.064,4,0.054,3,0.02,0,0,7,0.026,2,0.008,7,0.027,6,0.02,17,0.05,17,0.05,12,0.034,15,0.039,21,0.05,17,0.042,10,0.03,4,0.016,3,0.013,3,0.014,6,0.029,4,0.022,1,0.01,0,0,0,0,0,0,0,0,2,0.053,2,0.029,3,0.028,3,0.019,6,0.025,5,0.017,11,0.034,11,0.03,16,0.039,17,0.041,13,0.036,10,0.027,7,0.018,10,0.03,10,0.037,3,0.013,8,0.032,1,0.005
Region 14,Region 10,84,0.704,45,0.893,28,0.948,16,0.757,21,1.167,53,1.657,128,1.496,256,1.37,323,0.981,221,0.611,268,0.928,346,1.31,307,1.071,289,0.939,267,0.88,332,1.008,352,0.935,322,0.731,257,0.591,220,0.671,181,0.734,194,0.886,153,0.862,99,0.86,101,1.079,44,1.041,31,1.227,15,0.816,20,1.084,52,1.558,149,1.806,246,1.379,279,0.923,240,0.738,277,1.023,298,1.149,327,1.188,283,0.927,297,0.983,331,1.009,315,0.867,296,0.702,232,0.554,251,0.774,209,0.853,183,0.807,190,1.012,125,0.971,102,0.848,52,0.995,32,1.017,18,0.8,21,1.087,40,1.277,114,1.536,204,1.354,255,1.051,259,0.964,291,1.145,286,1.088,320,1.05,334,0.974,341,1.011,342,0.965,317,0.831,366,0.878,357,0.878,258,0.774,277,1.085,221,0.948,221,1.001,161,0.767,135,0.756,64,0.661,40,0.573,24,0.421,27,0.745,34,1.299,63,1.657,136,1.958,202,1.906,295,1.857,387,1.628,387,1.3,347,1.061,355,0.954,341,0.826,301,0.73,375,1.033,350,0.957,316,0.832,331,0.986,296,1.11,239,0.998,236,0.938,170,0.894
Region 14,Region 11,5,0.042,4,0.079,3,0.102,3,0.142,0,0,3,0.094,3,0.035,3,0.016,8,0.024,9,0.025,4,0.014,2,0.008,5,0.017,9,0.029,5,0.016,9,0.027,8,0.021,10,0.023,12,0.028,10,0.03,9,0.037,11,0.05,11,0.062,5,0.043,4,0.043,5,0.118,1,0.04,3,0.163,1,0.054,0,0,2,0.024,4,0.022,13,0.043,5,0.015,13,0.048,17,0.066,6,0.022,5,0.016,8,0.026,8,0.024,6,0.017,8,0.019,9,0.021,11,0.034,7,0.029,8,0.035,7,0.037,12,0.093,2,0.017,3,0.057,2,0.064,0,0,1,0.052,3,0.096,3,0.04,10,0.066,11,0.045,5,0.019,3,0.012,4,0.015,5,0.016,10,0.029,8,0.024,9,0.025,7,0.018,4,0.01,7,0.017,10,0.03,10,0.039,9,0.039,11,0.05,13,0.062,7,0.039,2,0.021,2,0.029,3,0.053,0,0,2,0.076,1,0.026,3,0.043,5,0.047,4,0.025,6,0.025,10,0.034,8,0.024,14,0.038,13,0.032,7,0.017,10,0.028,12,0.033,19,0.05,14,0.042,7,0.026,14,0.058,15,0.06,13,0.068
Region 14,Region 12,11,0.092,5,0.099,4,0.135,1,0.047,5,0.278,4,0.125,13,0.152,25,0.134,25,0.076,30,0.083,37,0.128,23,0.087,23,0.08,38,0.123,41,0.135,39,0.118,36,0.096,23,0.052,26,0.06,27,0.082,28,0.114,34,0.155,18,0.101,22,0.191,11,0.118,7,0.166,4,0.158,4,0.218,4,0.217,3,0.09,8,0.097,37,0.207,17,0.056,27,0.083,26,0.096,20,0.077,24,0.087,37,0.121,31,0.103,35,0.107,34,0.094,38,0.09,37,0.088,36,0.111,26,0.106,25,0.11,24,0.128,17,0.132,13,0.108,4,0.077,1,0.032,2,0.089,1,0.052,4,0.128,17,0.229,34,0.226,24,0.099,17,0.063,22,0.087,33,0.125,39,0.128,41,0.12,32,0.095,25,0.071,24,0.063,28,0.067,37,0.091,39,0.117,39,0.153,27,0.116,33,0.149,24,0.114,19,0.106,2,0.021,5,0.072,5,0.088,6,0.166,1,0.038,6,0.158,14,0.202,12,0.113,21,0.132,29,0.122,15,0.05,33,0.101,47,0.126,38,0.092,33,0.08,31,0.085,32,0.087,49,0.129,31,0.092,25,0.094,37,0.155,20,0.079,19,0.1
Region 14,Region 13,30,0.252,12,0.238,8,0.271,3,0.142,1,0.056,7,0.219,29,0.339,42,0.225,87,0.264,114,0.315,96,0.333,86,0.326,67,0.234,73,0.237,87,0.287,85,0.258,86,0.228,100,0.227,137,0.315,104,0.317,81,0.329,65,0.297,59,0.333,26,0.226,27,0.288,9,0.213,9,0.356,6,0.326,4,0.217,11,0.33,14,0.17,44,0.247,74,0.245,54,0.166,58,0.214,62,0.239,63,0.229,81,0.265,68,0.225,90,0.274,79,0.218,92,0.218,91,0.217,91,0.28,72,0.294,71,0.313,68,0.362,33,0.256,37,0.308,23,0.44,11,0.349,1,0.044,5,0.259,9,0.287,18,0.243,43,0.285,78,0.322,71,0.264,67,0.264,77,0.293,81,0.266,85,0.248,72,0.213,84,0.237,97,0.254,75,0.18,92,0.226,91,0.273,60,0.235,66,0.283,66,0.299,46,0.219,48,0.269,29,0.3,7,0.1,2,0.035,6,0.166,0,0,7,0.184,21,0.302,33,0.311,57,0.359,65,0.273,98,0.329,99,0.303,100,0.269,116,0.281,101,0.245,85,0.234,101,0.276,94,0.248,92,0.274,86,0.322,58,0.242,80,0.318,54,0.284
Region 14,Region 14,142,1.191,37,0.734,31,1.049,29,1.371,18,1,18,0.563,68,0.795,150,0.803,290,0.881,384,1.062,333,1.153,330,1.25,329,1.147,340,1.105,334,1.101,394,1.196,441,1.171,630,1.431,658,1.513,362,1.104,265,1.075,247,1.129,189,1.065,134,1.163,104,1.111,54,1.277,30,1.188,14,0.762,24,1.301,36,1.079,83,1.006,168,0.942,292,0.966,338,1.04,295,1.09,284,1.095,330,1.199,398,1.304,381,1.261,373,1.137,481,1.324,537,1.274,615,1.468,392,1.208,297,1.212,256,1.129,204,1.087,164,1.274,157,1.305,71,1.358,31,0.985,13,0.578,15,0.776,33,1.054,74,0.997,139,0.922,230,0.948,337,1.255,340,1.338,367,1.396,391,1.283,417,1.216,429,1.272,445,1.256,460,1.206,540,1.296,562,1.382,331,0.993,288,1.128,266,1.142,230,1.042,186,0.886,177,0.992,85,0.878,50,0.716,30,0.526,21,0.579,33,1.261,44,1.158,91,1.31,111,1.047,175,1.101,311,1.308,388,1.303,434,1.327,411,1.105,416,1.008,428,1.038,402,1.108,402,1.099,395,1.04,391,1.164,288,1.08,256,1.069,214,0.851,160,0.842
Region 14,Region 15,0,0,4,0.079,1,0.034,0,0,0,0,2,0.063,5,0.058,6,0.032,11,0.033,10,0.028,10,0.035,6,0.023,10,0.035,5,0.016,12,0.04,9,0.027,7,0.019,11,0.025,10,0.023,12,0.037,4,0.016,8,0.037,3,0.017,2,0.017,4,0.043,5,0.118,1,0.04,2,0.109,1,0.054,0,0,2,0.024,4,0.022,9,0.03,8,0.025,10,0.037,9,0.035,5,0.018,8,0.026,5,0.017,3,0.009,2,0.006,6,0.014,3,0.007,6,0.018,9,0.037,6,0.026,4,0.021,3,0.023,5,0.042,1,0.019,2,0.064,1,0.044,2,0.104,0,0,3,0.04,6,0.04,11,0.045,12,0.045,11,0.043,7,0.027,5,0.016,9,0.026,9,0.027,5,0.014,6,0.016,7,0.017,9,0.022,7,0.021,6,0.023,12,0.052,6,0.027,7,0.033,7,0.039,7,0.072,3,0.043,2,0.035,0,0,0,0,0,0,0,0,3,0.028,6,0.038,9,0.038,13,0.044,15,0.046,12,0.032,8,0.019,13,0.032,9,0.025,10,0.027,5,0.013,9,0.027,5,0.019,8,0.033,6,0.024,7,0.037
Region 14,Region 16,6,0.05,1,0.02,1,0.034,1,0.047,0,0,0,0,3,0.035,11,0.059,37,0.112,72,0.199,42,0.145,42,0.159,38,0.133,35,0.114,52,0.171,34,0.103,48,0.128,62,0.141,56,0.129,59,0.18,26,0.106,15,0.069,9,0.051,5,0.043,4,0.043,5,0.118,2,0.079,0,0,0,0,0,0,8,0.097,9,0.05,27,0.089,44,0.135,38,0.14,30,0.116,47,0.171,31,0.102,25,0.083,46,0.14,43,0.118,64,0.152,60,0.143,45,0.139,39,0.159,19,0.084,15,0.08,6,0.047,4,0.033,3,0.057,2,0.064,0,0,0,0,1,0.032,2,0.027,6,0.04,36,0.148,42,0.156,35,0.138,37,0.141,54,0.177,50,0.146,29,0.086,24,0.068,48,0.126,43,0.103,79,0.194,62,0.186,37,0.145,26,0.112,19,0.086,7,0.033,7,0.039,1,0.01,2,0.029,0,0,3,0.083,0,0,6,0.158,29,0.418,33,0.311,26,0.164,24,0.101,35,0.118,34,0.104,48,0.129,30,0.073,35,0.085,32,0.088,35,0.096,39,0.103,32,0.095,21,0.079,22,0.092,19,0.076,14,0.074
Region 14,Region 17,104,0.872,49,0.973,20,0.677,8,0.378,9,0.5,34,1.063,139,1.625,357,1.911,676,2.054,523,1.447,310,1.074,251,0.95,236,0.823,270,0.877,250,0.824,241,0.731,242,0.643,262,0.595,263,0.605,239,0.729,188,0.763,160,0.731,158,0.89,111,0.964,94,1.004,43,1.017,23,0.911,18,0.979,17,0.921,34,1.019,136,1.648,312,1.749,546,1.806,429,1.32,242,0.894,213,0.821,172,0.625,195,0.639,195,0.645,215,0.655,232,0.639,213,0.505,238,0.568,211,0.65,198,0.808,168,0.741,141,0.751,143,1.111,128,1.064,69,1.32,35,1.112,9,0.4,11,0.569,23,0.734,77,1.037,199,1.321,336,1.385,297,1.106,231,0.909,237,0.901,315,1.034,342,0.997,239,0.708,256,0.722,335,0.878,339,0.813,475,1.168,404,1.213,211,0.826,216,0.927,209,0.947,205,0.976,192,1.076,100,1.033,46,0.658,21,0.368,12,0.331,19,0.726,37,0.973,58,0.835,77,0.727,136,0.856,236,0.993,365,1.226,432,1.32,769,2.067,1280,3.102,1003,2.432,415,1.143,445,1.217,476,1.253,294,0.876,208,0.78,191,0.798,209,0.831,168,0.884
Region 14,Region 18,4,0.034,3,0.06,1,0.034,0,0,2,0.111,2,0.063,7,0.082,14,0.075,12,0.036,6,0.017,10,0.035,9,0.034,6,0.021,12,0.039,6,0.02,5,0.015,9,0.024,11,0.025,8,0.018,9,0.027,9,0.037,12,0.055,9,0.051,10,0.087,6,0.064,5,0.118,1,0.04,2,0.109,3,0.163,3,0.09,8,0.097,14,0.078,11,0.036,10,0.031,12,0.044,14,0.054,12,0.044,8,0.026,9,0.03,8,0.024,7,0.019,16,0.038,24,0.057,17,0.052,6,0.024,9,0.04,7,0.037,6,0.047,2,0.017,1,0.019,1,0.032,0,0,1,0.052,2,0.064,10,0.135,8,0.053,7,0.029,11,0.041,7,0.028,11,0.042,7,0.023,7,0.02,13,0.039,14,0.04,17,0.045,13,0.031,25,0.061,22,0.066,22,0.086,10,0.043,10,0.045,8,0.038,9,0.05,2,0.021,1,0.014,2,0.035,0,0,0,0,1,0.026,4,0.058,2,0.019,4,0.025,3,0.013,13,0.044,15,0.046,14,0.038,10,0.024,9,0.022,9,0.025,12,0.033,20,0.053,29,0.086,9,0.034,13,0.054,12,0.048,4,0.021
Region 14,Region 19,6,0.05,3,0.06,3,0.102,1,0.047,1,0.056,3,0.094,2,0.023,7,0.037,10,0.03,14,0.039,12,0.042,13,0.049,10,0.035,19,0.062,10,0.033,11,0.033,21,0.056,6,0.014,11,0.025,10,0.03,11,0.045,11,0.05,12,0.068,8,0.069,7,0.075,1,0.024,1,0.04,0,0,1,0.054,2,0.06,4,0.048,7,0.039,6,0.02,10,0.031,14,0.052,14,0.054,15,0.054,14,0.046,11,0.036,19,0.058,16,0.044,17,0.04,15,0.036,11,0.034,11,0.045,12,0.053,8,0.043,3,0.023,12,0.1,2,0.038,4,0.127,1,0.044,0,0,0,0,1,0.013,6,0.04,9,0.037,9,0.034,9,0.035,11,0.042,17,0.056,8,0.023,15,0.044,16,0.045,19,0.05,17,0.041,14,0.034,22,0.066,15,0.059,13,0.056,12,0.054,12,0.057,9,0.05,3,0.031,1,0.014,1,0.018,0,0,5,0.191,5,0.132,3,0.043,2,0.019,3,0.019,19,0.08,17,0.057,15,0.046,15,0.04,23,0.056,16,0.039,19,0.052,15,0.041,19,0.05,11,0.033,13,0.049,16,0.067,18,0.072,10,0.053
Region 14,Region 20,30,0.252,9,0.179,6,0.203,3,0.142,4,0.222,11,0.344,44,0.514,107,0.573,130,0.395,89,0.246,90,0.312,91,0.345,71,0.248,83,0.27,84,0.277,81,0.246,58,0.154,72,0.164,64,0.147,69,0.21,72,0.292,61,0.279,66,0.372,41,0.356,26,0.278,16,0.378,8,0.317,5,0.272,2,0.108,9,0.27,42,0.509,98,0.549,121,0.4,105,0.323,77,0.284,83,0.32,73,0.265,68,0.223,70,0.232,68,0.207,73,0.201,84,0.199,59,0.141,77,0.237,62,0.253,63,0.278,53,0.282,45,0.35,38,0.316,13,0.249,7,0.222,4,0.178,4,0.207,15,0.479,50,0.674,87,0.577,98,0.404,99,0.369,72,0.283,74,0.281,64,0.21,63,0.184,74,0.219,62,0.175,66,0.173,75,0.18,87,0.214,62,0.186,68,0.266,80,0.343,73,0.331,59,0.281,41,0.23,20,0.207,16,0.229,8,0.14,3,0.083,4,0.153,17,0.447,36,0.518,29,0.274,40,0.252,41,0.172,82,0.275,86,0.263,115,0.309,112,0.271,88,0.213,70,0.193,82,0.224,90,0.237,72,0.214,61,0.229,51,0.213,60,0.238,54,0.284
Region 14,Region 21,36,0.302,12,0.238,11,0.372,11,0.52,6,0.333,9,0.281,22,0.257,55,0.294,87,0.264,93,0.257,75,0.26,80,0.303,98,0.342,110,0.357,104,0.343,124,0.376,150,0.398,199,0.452,210,0.483,151,0.46,112,0.454,87,0.398,72,0.406,41,0.356,30,0.32,17,0.402,9,0.356,8,0.435,4,0.217,5,0.15,16,0.194,43,0.241,75,0.248,88,0.271,80,0.296,86,0.332,96,0.349,101,0.331,117,0.387,119,0.363,165,0.454,218,0.517,214,0.511,163,0.502,119,0.486,98,0.432,73,0.389,56,0.435,40,0.332,17,0.325,12,0.381,8,0.356,7,0.362,8,0.255,16,0.216,26,0.173,50,0.206,79,0.294,100,0.393,105,0.399,109,0.358,117,0.341,147,0.436,151,0.426,164,0.43,164,0.394,192,0.472,146,0.438,112,0.439,86,0.369,91,0.412,68,0.324,59,0.331,14,0.145,16,0.229,9,0.158,6,0.166,6,0.229,8,0.21,31,0.446,47,0.443,68,0.428,100,0.421,124,0.417,129,0.394,118,0.317,141,0.342,171,0.415,172,0.474,153,0.418,159,0.419,120,0.357,101,0.379,84,0.351,81,0.322,68,0.358
Region 14,Region 22,0,0,1,0.02,1,0.034,0,0,0,0,0,0,0,0,1,0.005,2,0.006,5,0.014,5,0.017,6,0.023,5,0.017,3,0.01,0,0,5,0.015,7,0.019,11,0.025,11,0.025,1,0.003,2,0.008,5,0.023,0,0,0,0,0,0,2,0.047,0,0,0,0,0,0,0,0,2,0.024,2,0.011,0,0,2,0.006,1,0.004,5,0.019,5,0.018,7,0.023,8,0.026,6,0.018,5,0.014,14,0.033,11,0.026,9,0.028,3,0.012,4,0.018,4,0.021,1,0.008,2,0.017,1,0.019,0,0,0,0,0,0,0,0,1,0.013,2,0.013,1,0.004,1,0.004,5,0.02,7,0.027,2,0.007,5,0.015,5,0.015,8,0.023,11,0.029,7,0.017,8,0.02,6,0.018,3,0.012,4,0.017,4,0.018,1,0.005,0,0,2,0.021,1,0.014,1,0.018,1,0.028,1,0.038,0,0,0,0,0,0,3,0.019,5,0.021,7,0.024,1,0.003,1,0.003,1,0.002,7,0.017,3,0.008,6,0.016,5,0.013,3,0.009,2,0.007,2,0.008,2,0.008,3,0.016
Region 14,Region 23,91,0.763,45,0.893,27,0.914,16,0.757,23,1.278,39,1.22,86,1.005,163,0.873,240,0.729,202,0.559,211,0.731,232,0.879,224,0.781,218,0.708,201,0.663,228,0.692,314,0.834,304,0.691,197,0.453,155,0.473,150,0.609,166,0.759,164,0.924,131,1.137,91,0.972,42,0.993,22,0.871,23,1.251,22,1.192,36,1.079,89,1.079,187,1.048,224,0.741,147,0.452,175,0.646,174,0.671,185,0.672,261,0.855,247,0.817,265,0.807,278,0.765,270,0.641,212,0.506,181,0.558,179,0.73,176,0.776,137,0.73,120,0.932,121,1.006,58,1.109,30,0.953,23,1.023,22,1.139,28,0.894,90,1.213,162,1.075,227,0.936,169,0.629,196,0.771,217,0.825,226,0.742,230,0.67,254,0.753,299,0.844,330,0.865,238,0.571,227,0.558,219,0.657,220,0.862,195,0.837,210,0.951,144,0.686,131,0.734,82,0.847,48,0.687,33,0.578,21,0.579,29,1.108,42,1.105,100,1.44,146,1.378,167,1.051,226,0.951,253,0.85,251,0.767,293,0.787,299,0.725,247,0.599,229,0.631,281,0.768,275,0.724,253,0.753,247,0.926,219,0.915,235,0.934,186,0.978
Region 14,Region 24,6,0.05,3,0.06,3,0.102,1,0.047,1,0.056,1,0.031,2,0.023,3,0.016,18,0.055,25,0.069,28,0.097,29,0.11,26,0.091,47,0.153,42,0.138,62,0.188,59,0.157,77,0.175,92,0.212,34,0.104,27,0.11,20,0.091,19,0.107,4,0.035,5,0.053,6,0.142,1,0.04,1,0.054,1,0.054,0,0,6,0.073,10,0.056,16,0.053,25,0.077,26,0.096,40,0.154,35,0.127,39,0.128,39,0.129,47,0.143,54,0.149,83,0.197,83,0.198,49,0.151,52,0.212,36,0.159,23,0.123,20,0.155,14,0.116,2,0.038,1,0.032,3,0.133,0,0,1,0.032,2,0.027,4,0.027,9,0.037,40,0.149,33,0.13,34,0.129,41,0.135,49,0.143,49,0.145,46,0.13,55,0.144,60,0.144,62,0.152,43,0.129,38,0.149,32,0.137,9,0.041,16,0.076,17,0.095,5,0.052,5,0.072,2,0.035,4,0.11,0,0,2,0.053,6,0.086,3,0.028,23,0.145,22,0.093,34,0.114,49,0.15,42,0.113,52,0.126,65,0.158,46,0.127,35,0.096,35,0.092,19,0.057,32,0.12,29,0.121,25,0.099,27,0.142
Region 14,Region 25,6,0.05,3,0.06,4,0.135,0,0,3,0.167,5,0.156,8,0.094,22,0.118,38,0.115,29,0.08,27,0.094,27,0.102,16,0.056,11,0.036,20,0.066,17,0.052,19,0.05,19,0.043,39,0.09,25,0.076,24,0.097,19,0.087,9,0.051,8,0.069,6,0.064,2,0.047,2,0.079,1,0.054,2,0.108,6,0.18,9,0.109,15,0.084,22,0.073,21,0.065,25,0.092,15,0.058,27,0.098,21,0.069,19,0.063,25,0.076,23,0.063,14,0.033,26,0.062,16,0.049,19,0.078,13,0.057,15,0.08,12,0.093,10,0.083,6,0.115,3,0.095,0,0,3,0.155,6,0.192,12,0.162,21,0.139,24,0.099,24,0.089,20,0.079,15,0.057,21,0.069,21,0.061,15,0.044,12,0.034,26,0.068,22,0.053,23,0.057,17,0.051,13,0.051,16,0.069,15,0.068,19,0.09,10,0.056,5,0.052,4,0.057,3,0.053,3,0.083,3,0.115,3,0.079,4,0.058,8,0.075,11,0.069,15,0.063,22,0.074,30,0.092,18,0.048,18,0.044,19,0.046,28,0.077,21,0.057,20,0.053,21,0.063,33,0.124,28,0.117,24,0.095,11,0.058
Region 15,Region 0,3,0.025,3,0.06,0,0,2,0.095,0,0,2,0.063,4,0.047,14,0.075,38,0.115,29,0.08,18,0.062,23,0.087,20,0.07,23,0.075,15,0.049,19,0.058,18,0.048,32,0.073,22,0.051,18,0.055,10,0.041,13,0.059,7,0.039,6,0.052,3,0.032,1,0.024,0,0,0,0,2,0.108,4,0.12,7,0.085,14,0.078,36,0.119,21,0.065,24,0.089,26,0.1,20,0.073,24,0.079,20,0.066,19,0.058,29,0.08,35,0.083,31,0.074,21,0.065,17,0.069,12,0.053,10,0.053,6,0.047,8,0.066,1,0.019,2,0.064,0,0,1,0.052,5,0.16,6,0.081,15,0.1,19,0.078,25,0.093,22,0.087,14,0.053,22,0.072,25,0.073,25,0.074,17,0.048,21,0.055,35,0.084,17,0.042,14,0.042,8,0.031,15,0.064,14,0.063,5,0.024,3,0.017,0,0,1,0.014,1,0.018,3,0.083,1,0.038,6,0.158,8,0.115,10,0.094,19,0.12,21,0.088,22,0.074,20,0.061,18,0.048,21,0.051,22,0.053,20,0.055,22,0.06,24,0.063,21,0.063,16,0.06,15,0.063,10,0.04,3,0.016
Region 15,Region 1,2,0.017,1,0.02,2,0.068,1,0.047,0,0,0,0,0,0,2,0.011,8,0.024,12,0.033,8,0.028,11,0.042,7,0.024,6,0.019,5,0.016,6,0.018,9,0.024,23,0.052,13,0.03,18,0.055,10,0.041,7,0.032,8,0.045,1,0.009,0,0,1,0.024,0,0,0,0,0,0,0,0,1,0.012,4,0.022,9,0.03,8,0.025,11,0.041,5,0.019,5,0.018,9,0.029,4,0.013,5,0.015,7,0.019,22,0.052,20,0.048,13,0.04,6,0.024,9,0.04,6,0.032,4,0.031,5,0.042,1,0.019,0,0,2,0.089,0,0,0,0,1,0.013,5,0.033,5,0.021,8,0.03,5,0.02,7,0.027,8,0.026,7,0.02,7,0.021,7,0.02,14,0.037,14,0.034,14,0.034,14,0.042,14,0.055,16,0.069,6,0.027,8,0.038,5,0.028,2,0.021,0,0,1,0.018,0,0,0,0,0,0,1,0.014,3,0.028,4,0.025,8,0.034,5,0.017,10,0.031,6,0.016,12,0.029,8,0.019,7,0.019,10,0.027,10,0.026,11,0.033,9,0.034,11,0.046,4,0.016,4,0.021
Region 15,Region 2,12,0.101,7,0.139,1,0.034,3,0.142,0,0,2,0.063,4,0.047,10,0.054,16,0.049,36,0.1,23,0.08,28,0.106,21,0.073,32,0.104,24,0.079,37,0.112,20,0.053,43,0.098,37,0.085,30,0.091,19,0.077,23,0.105,14,0.079,7,0.061,9,0.096,7,0.166,1,0.04,1,0.054,3,0.163,1,0.03,5,0.061,9,0.05,20,0.066,17,0.052,26,0.096,25,0.096,18,0.065,21,0.069,22,0.073,43,0.131,36,0.099,32,0.076,39,0.093,26,0.08,22,0.09,10,0.044,5,0.027,15,0.117,15,0.125,3,0.057,2,0.064,3,0.133,6,0.311,0,0,7,0.094,6,0.04,15,0.062,22,0.082,15,0.059,22,0.084,25,0.082,36,0.105,29,0.086,29,0.082,24,0.063,28,0.067,23,0.057,24,0.072,26,0.102,25,0.107,19,0.086,13,0.062,7,0.039,5,0.052,6,0.086,7,0.123,3,0.083,5,0.191,3,0.079,3,0.043,12,0.113,19,0.12,25,0.105,22,0.074,19,0.058,35,0.094,33,0.08,35,0.085,19,0.052,35,0.096,30,0.079,29,0.086,20,0.075,19,0.079,15,0.06,10,0.053
Region 15,Region 3,1,0.008,0,0,0,0,0,0,0,0,0,0,0,0,0,0,1,0.003,2,0.006,1,0.003,4,0.015,2,0.007,0,0,0,0,0,0,1,0.003,1,0.002,2,0.005,3,0.009,0,0,1,0.005,0,0,0,0,0,0,0,0,1,0.04,0,0,0,0,1,0.03,0,0,0,0,0,0,1,0.003,0,0,0,0,1,0.004,0,0,1,0.003,0,0,1,0.003,0,0,0,0,1,0.003,0,0,0,0,0,0,1,0.008,1,0.008,0,0,0,0,0,0,0,0,1,0.032,0,0,1,0.007,0,0,1,0.004,0,0,1,0.004,0,0,0,0,0,0,3,0.008,0,0,0,0,0,0,0,0,2,0.008,1,0.004,1,0.005,0,0,0,0,0,0,0,0,0,0,0,0,0,0,0,0,1,0.014,0,0,2,0.013,0,0,0,0,0,0,1,0.003,2,0.005,1,0.002,2,0.006,1,0.003,0,0,2,0.006,0,0,2,0.008,0,0,1,0.005
Region 15,Region 4,2,0.017,0,0,0,0,0,0,1,0.056,1,0.031,0,0,1,0.005,2,0.006,0,0,2,0.007,1,0.004,1,0.003,0,0,2,0.007,0,0,0,0,2,0.005,3,0.007,0,0,2,0.008,1,0.005,1,0.006,2,0.017,2,0.021,0,0,0,0,0,0,0,0,0,0,0,0,0,0,2,0.007,2,0.006,1,0.004,2,0.008,2,0.007,3,0.01,3,0.01,1,0.003,3,0.008,1,0.002,0,0,1,0.003,0,0,1,0.004,2,0.011,4,0.031,1,0.008,2,0.038,0,0,0,0,0,0,0,0,0,0,0,0,1,0.004,0,0,0,0,1,0.004,2,0.007,1,0.003,0,0,1,0.003,2,0.005,3,0.007,0,0,1,0.003,1,0.004,2,0.009,1,0.005,0,0,2,0.011,1,0.01,0,0,0,0,0,0,1,0.038,0,0,0,0,0,0,4,0.025,0,0,0,0,5,0.015,2,0.005,1,0.002,1,0.002,2,0.006,1,0.003,1,0.003,2,0.006,4,0.015,3,0.013,5,0.02,2,0.011
Region 15,Region 5,0,0,0,0,0,0,0,0,0,0,1,0.031,1,0.012,2,0.011,2,0.006,0,0,2,0.007,2,0.008,1,0.003,2,0.006,1,0.003,1,0.003,4,0.011,3,0.007,3,0.007,2,0.006,1,0.004,1,0.005,1,0.006,1,0.009,0,0,0,0,0,0,0,0,0,0,0,0,2,0.024,0,0,2,0.007,1,0.003,1,0.004,3,0.012,0,0,2,0.007,2,0.007,3,0.009,1,0.003,3,0.007,0,0,2,0.006,1,0.004,1,0.004,2,0.011,0,0,0,0,0,0,0,0,0,0,0,0,1,0.032,1,0.013,2,0.013,1,0.004,1,0.004,1,0.004,1,0.004,1,0.003,0,0,0,0,1,0.003,2,0.005,2,0.005,2,0.005,1,0.003,0,0,0,0,0,0,0,0,3,0.017,0,0,0,0,0,0,0,0,0,0,0,0,1,0.014,3,0.028,0,0,2,0.008,2,0.007,4,0.012,3,0.008,3,0.007,3,0.007,2,0.006,2,0.005,0,0,1,0.003,0,0,1,0.004,1,0.004,1,0.005
Region 15,Region 6,1,0.008,2,0.04,1,0.034,0,0,1,0.056,0,0,0,0,1,0.005,1,0.003,4,0.011,3,0.01,2,0.008,4,0.014,4,0.013,2,0.007,3,0.009,4,0.011,7,0.016,11,0.025,10,0.03,5,0.02,2,0.009,4,0.023,2,0.017,2,0.021,0,0,0,0,1,0.054,0,0,0,0,0,0,0,0,1,0.003,3,0.009,1,0.004,3,0.012,3,0.011,2,0.007,4,0.013,3,0.009,9,0.025,13,0.031,15,0.036,10,0.031,1,0.004,3,0.013,2,0.011,1,0.008,2,0.017,1,0.019,0,0,0,0,0,0,0,0,0,0,0,0,1,0.004,4,0.015,2,0.008,6,0.023,4,0.013,5,0.015,3,0.009,6,0.017,2,0.005,16,0.038,10,0.025,3,0.009,7,0.027,2,0.009,1,0.005,2,0.01,1,0.006,0,0,1,0.014,0,0,0,0,0,0,0,0,0,0,0,0,0,0,2,0.008,2,0.007,3,0.009,3,0.008,5,0.012,10,0.024,6,0.017,4,0.011,5,0.013,0,0,5,0.019,6,0.025,4,0.016,2,0.011
Region 15,Region 7,1,0.008,3,0.06,1,0.034,0,0,1,0.056,0,0,1,0.012,1,0.005,2,0.006,4,0.011,4,0.014,4,0.015,2,0.007,6,0.019,4,0.013,2,0.006,3,0.008,5,0.011,1,0.002,3,0.009,4,0.016,0,0,4,0.023,2,0.017,4,0.043,0,0,2,0.079,0,0,1,0.054,2,0.06,0,0,2,0.011,2,0.007,2,0.006,3,0.011,4,0.015,3,0.011,4,0.013,4,0.013,1,0.003,5,0.014,2,0.005,1,0.002,3,0.009,3,0.012,7,0.031,3,0.016,3,0.023,2,0.017,1,0.019,1,0.032,0,0,0,0,2,0.064,1,0.013,1,0.007,1,0.004,2,0.007,1,0.004,2,0.008,4,0.013,2,0.006,1,0.003,4,0.011,5,0.013,4,0.01,3,0.007,2,0.006,4,0.016,2,0.009,7,0.032,2,0.01,6,0.034,0,0,2,0.029,1,0.018,0,0,0,0,2,0.053,0,0,0,0,2,0.013,2,0.008,5,0.017,6,0.018,3,0.008,1,0.002,5,0.012,6,0.017,4,0.011,4,0.011,4,0.012,4,0.015,7,0.029,3,0.012,4,0.021
Region 15,Region 8,7,0.059,5,0.099,1,0.034,1,0.047,2,0.111,2,0.063,7,0.082,7,0.037,22,0.067,16,0.044,18,0.062,15,0.057,11,0.038,10,0.032,13,0.043,17,0.052,15,0.04,8,0.018,14,0.032,24,0.073,18,0.073,13,0.059,5,0.028,4,0.035,5,0.053,4,0.095,1,0.04,0,0,2,0.108,5,0.15,5,0.061,10,0.056,12,0.04,17,0.052,13,0.048,12,0.046,9,0.033,12,0.039,9,0.03,13,0.04,15,0.041,19,0.045,21,0.05,17,0.052,12,0.049,7,0.031,6,0.032,6,0.047,3,0.025,2,0.038,0,0,1,0.044,1,0.052,0,0,3,0.04,7,0.046,11,0.045,12,0.045,13,0.051,13,0.049,18,0.059,18,0.052,16,0.047,10,0.028,16,0.042,11,0.026,12,0.029,10,0.03,14,0.055,16,0.069,13,0.059,11,0.052,6,0.034,6,0.062,2,0.029,2,0.035,1,0.028,4,0.153,2,0.053,4,0.058,6,0.057,12,0.076,22,0.093,21,0.071,15,0.046,20,0.054,24,0.058,18,0.044,11,0.03,24,0.066,19,0.05,13,0.039,11,0.041,11,0.046,7,0.028,5,0.026
Region 15,Region 9,0,0,0,0,0,0,0,0,0,0,0,0,1,0.012,0,0,1,0.003,1,0.003,1,0.003,0,0,0,0,3,0.01,3,0.01,4,0.012,2,0.005,2,0.005,1,0.002,1,0.003,2,0.008,0,0,0,0,0,0,0,0,1,0.024,1,0.04,0,0,0,0,0,0,0,0,0,0,1,0.003,2,0.006,0,0,1,0.004,0,0,1,0.003,2,0.007,0,0,1,0.003,0,0,2,0.005,3,0.009,1,0.004,0,0,1,0.005,0,0,0,0,0,0,0,0,0,0,1,0.052,1,0.032,0,0,0,0,3,0.012,0,0,0,0,1,0.004,1,0.003,1,0.003,2,0.006,1,0.003,3,0.008,2,0.005,2,0.005,1,0.003,0,0,0,0,0,0,0,0,2,0.011,2,0.021,0,0,0,0,0,0,0,0,1,0.026,1,0.014,0,0,0,0,0,0,0,0,1,0.003,1,0.003,5,0.012,2,0.005,1,0.003,2,0.005,1,0.003,0,0,0,0,1,0.004,0,0,0,0
Region 15,Region 10,3,0.025,1,0.02,0,0,0,0,0,0,2,0.063,1,0.012,2,0.011,8,0.024,12,0.033,8,0.028,2,0.008,4,0.014,6,0.019,4,0.013,2,0.006,8,0.021,13,0.03,11,0.025,6,0.018,4,0.016,4,0.018,4,0.023,1,0.009,2,0.021,2,0.047,0,0,2,0.109,1,0.054,1,0.03,1,0.012,1,0.006,4,0.013,11,0.034,3,0.011,4,0.015,11,0.04,6,0.02,4,0.013,9,0.027,11,0.03,13,0.031,9,0.021,7,0.022,1,0.004,5,0.022,7,0.037,0,0,3,0.025,0,0,0,0,0,0,0,0,2,0.064,0,0,1,0.007,5,0.021,9,0.034,6,0.024,9,0.034,8,0.026,10,0.029,7,0.021,6,0.017,10,0.026,10,0.024,8,0.02,2,0.006,6,0.023,5,0.021,3,0.014,1,0.005,1,0.006,0,0,1,0.014,1,0.018,1,0.028,1,0.038,0,0,3,0.043,2,0.019,7,0.044,9,0.038,6,0.02,5,0.015,11,0.03,9,0.022,8,0.019,3,0.008,5,0.014,6,0.016,4,0.012,5,0.019,3,0.013,4,0.016,6,0.032
Region 15,Region 11,19,0.159,10,0.198,7,0.237,3,0.142,5,0.278,8,0.25,10,0.117,29,0.155,31,0.094,37,0.102,37,0.128,37,0.14,45,0.157,53,0.172,41,0.135,65,0.197,88,0.234,79,0.179,96,0.221,91,0.277,53,0.215,39,0.178,31,0.175,25,0.217,18,0.192,10,0.237,5,0.198,1,0.054,6,0.325,9,0.27,11,0.133,28,0.157,33,0.109,41,0.126,39,0.144,48,0.185,48,0.174,53,0.174,57,0.189,71,0.216,70,0.193,90,0.214,95,0.227,74,0.228,58,0.237,46,0.203,36,0.192,31,0.241,16,0.133,8,0.153,4,0.127,4,0.178,1,0.052,1,0.032,12,0.162,30,0.199,25,0.103,25,0.093,39,0.153,47,0.179,55,0.181,48,0.14,62,0.184,70,0.198,66,0.173,73,0.175,64,0.157,67,0.201,37,0.145,42,0.18,35,0.159,27,0.129,17,0.095,15,0.155,5,0.072,8,0.14,5,0.138,6,0.229,6,0.158,11,0.158,15,0.142,19,0.12,32,0.135,40,0.134,66,0.202,66,0.177,87,0.211,91,0.221,66,0.182,54,0.148,53,0.14,53,0.158,43,0.161,39,0.163,27,0.107,35,0.184
Region 15,Region 12,0,0,0,0,0,0,0,0,1,0.056,1,0.031,1,0.012,2,0.011,3,0.009,5,0.014,4,0.014,3,0.011,6,0.021,5,0.016,4,0.013,4,0.012,3,0.008,1,0.002,2,0.005,4,0.012,1,0.004,1,0.005,3,0.017,2,0.017,0,0,0,0,0,0,0,0,1,0.054,2,0.06,0,0,4,0.022,0,0,1,0.003,0,0,2,0.008,2,0.007,5,0.016,2,0.007,3,0.009,4,0.011,3,0.007,4,0.01,0,0,1,0.004,2,0.009,0,0,1,0.008,0,0,1,0.019,0,0,0,0,0,0,1,0.032,0,0,2,0.013,1,0.004,4,0.015,7,0.028,0,0,2,0.007,5,0.015,2,0.006,2,0.006,5,0.013,2,0.005,3,0.007,0,0,1,0.004,1,0.004,1,0.005,0,0,3,0.017,1,0.01,0,0,1,0.018,0,0,0,0,0,0,1,0.014,0,0,0,0,6,0.025,0,0,5,0.015,2,0.005,2,0.005,7,0.017,1,0.003,3,0.008,3,0.008,3,0.009,5,0.019,5,0.021,5,0.02,2,0.011
Region 15,Region 13,5,0.042,3,0.06,1,0.034,2,0.095,0,0,2,0.063,1,0.012,4,0.021,6,0.018,12,0.033,10,0.035,6,0.023,10,0.035,9,0.029,4,0.013,9,0.027,13,0.035,11,0.025,9,0.021,5,0.015,8,0.032,7,0.032,0,0,5,0.043,1,0.011,0,0,5,0.198,0,0,0,0,0,0,0,0,3,0.017,4,0.013,8,0.025,8,0.03,4,0.015,4,0.015,9,0.029,12,0.04,7,0.021,6,0.017,12,0.028,13,0.031,8,0.025,5,0.02,10,0.044,3,0.016,3,0.023,3,0.025,3,0.057,1,0.032,0,0,1,0.052,0,0,0,0,2,0.013,5,0.021,11,0.041,6,0.024,8,0.03,11,0.036,9,0.026,6,0.018,9,0.025,6,0.016,3,0.007,12,0.029,8,0.024,4,0.016,6,0.026,8,0.036,3,0.014,1,0.006,3,0.031,0,0,0,0,1,0.028,2,0.076,1,0.026,2,0.029,1,0.009,3,0.019,6,0.025,7,0.024,7,0.021,6,0.016,9,0.022,9,0.022,11,0.03,6,0.016,8,0.021,7,0.021,5,0.019,8,0.033,2,0.008,4,0.021
Region 15,Region 14,2,0.017,2,0.04,0,0,0,0,1,0.056,3,0.094,5,0.058,6,0.032,7,0.021,6,0.017,6,0.021,7,0.027,7,0.024,9,0.029,6,0.02,4,0.012,5,0.013,8,0.018,10,0.023,7,0.021,6,0.024,3,0.014,1,0.006,3,0.026,3,0.032,1,0.024,1,0.04,1,0.054,0,0,1,0.03,6,0.073,8,0.045,5,0.017,6,0.018,3,0.011,7,0.027,7,0.025,8,0.026,6,0.02,4,0.012,9,0.025,9,0.021,9,0.021,5,0.015,7,0.029,3,0.013,2,0.011,3,0.023,3,0.025,1,0.019,0,0,1,0.044,2,0.104,2,0.064,4,0.054,7,0.046,8,0.033,6,0.022,11,0.043,5,0.019,11,0.036,10,0.029,8,0.024,5,0.014,6,0.016,5,0.012,7,0.017,2,0.006,6,0.023,7,0.03,5,0.023,4,0.019,7,0.039,3,0.031,3,0.043,0,0,2,0.055,3,0.115,0,0,4,0.058,5,0.047,10,0.063,7,0.029,8,0.027,10,0.031,17,0.046,12,0.029,13,0.032,13,0.036,10,0.027,10,0.026,9,0.027,7,0.026,5,0.021,4,0.016,4,0.021
Region 15,Region 15,34,0.285,13,0.258,5,0.169,5,0.236,6,0.333,5,0.156,22,0.257,61,0.327,82,0.249,101,0.279,104,0.36,98,0.371,110,0.384,138,0.448,135,0.445,171,0.519,188,0.499,189,0.429,182,0.418,165,0.503,102,0.414,86,0.393,69,0.389,53,0.46,39,0.417,15,0.355,9,0.356,2,0.109,4,0.217,9,0.27,18,0.218,42,0.235,84,0.278,108,0.332,104,0.384,98,0.378,110,0.4,134,0.439,124,0.41,135,0.411,169,0.465,181,0.429,201,0.48,140,0.431,116,0.473,109,0.481,69,0.368,42,0.326,32,0.266,13,0.249,7,0.222,6,0.267,5,0.259,10,0.319,23,0.31,43,0.285,74,0.305,112,0.417,106,0.417,101,0.384,99,0.325,119,0.347,106,0.314,141,0.398,136,0.356,173,0.415,178,0.438,120,0.36,93,0.364,90,0.386,76,0.344,41,0.195,32,0.179,17,0.176,7,0.1,12,0.21,15,0.414,5,0.191,20,0.526,32,0.461,41,0.387,70,0.441,101,0.425,91,0.306,131,0.4,126,0.339,168,0.407,145,0.352,141,0.388,147,0.402,108,0.284,105,0.313,67,0.251,84,0.351,70,0.278,47,0.247
Region 15,Region 16,1,0.008,0,0,0,0,0,0,0,0,0,0,0,0,1,0.005,1,0.003,0,0,0,0,0,0,0,0,0,0,0,0,0,0,0,0,0,0,0,0,0,0,1,0.004,1,0.005,2,0.011,0,0,0,0,0,0,0,0,0,0,0,0,0,0,0,0,1,0.006,1,0.003,3,0.009,1,0.004,1,0.004,0,0,1,0.003,0,0,1,0.003,0,0,1,0.002,3,0.007,1,0.003,1,0.004,0,0,0,0,0,0,0,0,0,0,0,0,0,0,0,0,0,0,0,0,2,0.013,1,0.004,1,0.004,0,0,0,0,1,0.003,1,0.003,0,0,0,0,0,0,2,0.005,4,0.01,0,0,1,0.004,2,0.009,0,0,0,0,0,0,0,0,0,0,0,0,0,0,0,0,0,0,0,0,1,0.009,0,0,1,0.004,0,0,0,0,0,0,0,0,1,0.002,4,0.011,1,0.003,0,0,2,0.006,1,0.004,0,0,0,0,0,0
Region 15,Region 17,5,0.042,0,0,1,0.034,1,0.047,0,0,2,0.063,4,0.047,7,0.037,21,0.064,20,0.055,8,0.028,7,0.027,10,0.035,10,0.032,9,0.03,8,0.024,3,0.008,13,0.03,8,0.018,5,0.015,8,0.032,4,0.018,6,0.034,2,0.017,1,0.011,1,0.024,1,0.04,1,0.054,2,0.108,0,0,4,0.048,6,0.034,19,0.063,15,0.046,13,0.048,12,0.046,7,0.025,6,0.02,4,0.013,12,0.037,8,0.022,7,0.017,12,0.029,8,0.025,7,0.029,3,0.013,3,0.016,5,0.039,3,0.025,2,0.038,1,0.032,0,0,0,0,1,0.032,3,0.04,3,0.02,6,0.025,11,0.041,9,0.035,11,0.042,5,0.016,5,0.015,10,0.03,12,0.034,10,0.026,5,0.012,10,0.025,11,0.033,6,0.023,6,0.026,5,0.023,6,0.029,6,0.034,2,0.021,2,0.029,3,0.053,3,0.083,0,0,1,0.026,2,0.029,8,0.075,9,0.057,7,0.029,6,0.02,6,0.018,12,0.032,17,0.041,14,0.034,5,0.014,8,0.022,13,0.034,4,0.012,6,0.022,10,0.042,2,0.008,4,0.021
Region 15,Region 18,1,0.008,0,0,0,0,0,0,0,0,2,0.063,0,0,0,0,0,0,0,0,2,0.007,0,0,1,0.003,4,0.013,6,0.02,3,0.009,4,0.011,5,0.011,8,0.018,4,0.012,3,0.012,2,0.009,0,0,0,0,2,0.021,0,0,1,0.04,0,0,1,0.054,1,0.03,1,0.012,0,0,2,0.007,0,0,4,0.015,2,0.008,2,0.007,4,0.013,4,0.013,5,0.015,4,0.011,6,0.014,6,0.014,2,0.006,1,0.004,0,0,1,0.005,0,0,1,0.008,0,0,1,0.032,1,0.044,0,0,0,0,0,0,0,0,0,0,0,0,2,0.008,1,0.004,0,0,4,0.012,7,0.021,1,0.003,2,0.005,3,0.007,0,0,2,0.006,2,0.008,2,0.009,0,0,1,0.005,1,0.006,1,0.01,1,0.014,0,0,0,0,0,0,1,0.026,0,0,0,0,1,0.006,0,0,3,0.01,2,0.006,1,0.003,2,0.005,7,0.017,2,0.006,2,0.005,2,0.005,1,0.003,4,0.015,2,0.008,2,0.008,0,0
Region 15,Region 19,0,0,0,0,1,0.034,0,0,1,0.056,0,0,0,0,0,0,1,0.003,1,0.003,0,0,2,0.008,2,0.007,1,0.003,3,0.01,3,0.009,9,0.024,17,0.039,7,0.016,5,0.015,1,0.004,4,0.018,1,0.006,1,0.009,0,0,0,0,0,0,0,0,0,0,0,0,1,0.012,1,0.006,1,0.003,1,0.003,4,0.015,0,0,2,0.007,3,0.01,3,0.01,1,0.003,5,0.014,12,0.028,9,0.021,2,0.006,2,0.008,3,0.013,3,0.016,0,0,0,0,0,0,1,0.032,0,0,0,0,0,0,0,0,1,0.007,2,0.008,0,0,0,0,4,0.015,2,0.007,6,0.017,1,0.003,4,0.011,7,0.018,8,0.019,4,0.01,2,0.006,1,0.004,0,0,1,0.005,0,0,1,0.006,0,0,0,0,0,0,0,0,0,0,0,0,1,0.014,0,0,0,0,1,0.004,2,0.007,1,0.003,1,0.003,1,0.002,4,0.01,2,0.006,1,0.003,6,0.016,4,0.012,4,0.015,1,0.004,1,0.004,2,0.011
Region 15,Region 20,0,0,1,0.02,1,0.034,1,0.047,0,0,1,0.031,4,0.047,1,0.005,3,0.009,2,0.006,2,0.007,5,0.019,1,0.003,4,0.013,1,0.003,6,0.018,5,0.013,3,0.007,2,0.005,3,0.009,1,0.004,1,0.005,0,0,0,0,0,0,1,0.024,1,0.04,1,0.054,0,0,0,0,1,0.012,1,0.006,7,0.023,4,0.012,4,0.015,0,0,2,0.007,3,0.01,5,0.017,0,0,4,0.011,4,0.009,2,0.005,1,0.003,2,0.008,2,0.009,1,0.005,2,0.016,1,0.008,1,0.019,0,0,1,0.044,0,0,0,0,0,0,1,0.007,3,0.012,2,0.007,1,0.004,2,0.008,1,0.003,4,0.012,3,0.009,0,0,2,0.005,8,0.019,3,0.007,2,0.006,2,0.008,2,0.009,3,0.014,3,0.014,1,0.006,0,0,0,0,0,0,0,0,0,0,0,0,1,0.014,1,0.009,2,0.013,0,0,1,0.003,1,0.003,0,0,3,0.007,6,0.015,2,0.006,1,0.003,6,0.016,3,0.009,0,0,1,0.004,5,0.02,3,0.016
Region 15,Region 21,0,0,0,0,0,0,0,0,0,0,0,0,0,0,0,0,0,0,0,0,0,0,1,0.004,0,0,0,0,0,0,0,0,2,0.005,0,0,2,0.005,3,0.009,0,0,1,0.005,0,0,2,0.017,0,0,0,0,0,0,0,0,0,0,1,0.03,0,0,0,0,0,0,1,0.003,0,0,0,0,1,0.004,1,0.003,1,0.003,2,0.006,0,0,3,0.007,3,0.007,1,0.003,2,0.008,2,0.009,0,0,1,0.008,0,0,0,0,0,0,0,0,0,0,0,0,0,0,1,0.007,1,0.004,1,0.004,1,0.004,1,0.004,1,0.003,2,0.006,3,0.009,0,0,0,0,1,0.002,1,0.002,1,0.003,1,0.004,0,0,0,0,0,0,1,0.006,0,0,0,0,0,0,0,0,0,0,0,0,1,0.014,1,0.009,2,0.013,4,0.017,0,0,2,0.006,1,0.003,0,0,0,0,2,0.006,0,0,1,0.003,0,0,1,0.004,1,0.004,2,0.008,2,0.011
Region 15,Region 22,0,0,0,0,0,0,0,0,0,0,0,0,1,0.012,0,0,2,0.006,0,0,0,0,2,0.008,2,0.007,1,0.003,0,0,0,0,0,0,2,0.005,0,0,2,0.006,1,0.004,0,0,0,0,0,0,0,0,0,0,0,0,0,0,0,0,0,0,0,0,0,0,0,0,2,0.006,1,0.004,0,0,1,0.004,0,0,1,0.003,0,0,1,0.003,4,0.009,4,0.01,1,0.003,0,0,1,0.004,0,0,0,0,0,0,0,0,0,0,0,0,0,0,0,0,0,0,1,0.007,0,0,0,0,0,0,1,0.004,2,0.007,1,0.003,2,0.006,3,0.008,0,0,0,0,0,0,1,0.003,1,0.004,0,0,1,0.005,0,0,0,0,0,0,0,0,0,0,0,0,0,0,0,0,0,0,0,0,0,0,1,0.004,0,0,0,0,1,0.003,0,0,0,0,1,0.003,1,0.003,0,0,0,0,2,0.007,1,0.004,1,0.004,0,0
Region 15,Region 23,1,0.008,2,0.04,1,0.034,3,0.142,0,0,3,0.094,3,0.035,6,0.032,6,0.018,8,0.022,8,0.028,11,0.042,9,0.031,8,0.026,12,0.04,16,0.049,17,0.045,14,0.032,26,0.06,14,0.043,6,0.024,10,0.046,4,0.023,9,0.078,3,0.032,2,0.047,0,0,3,0.163,1,0.054,2,0.06,2,0.024,7,0.039,13,0.043,7,0.022,5,0.018,10,0.039,16,0.058,12,0.039,16,0.053,12,0.037,13,0.036,17,0.04,14,0.033,15,0.046,6,0.024,9,0.04,5,0.027,4,0.031,4,0.033,2,0.038,2,0.064,1,0.044,1,0.052,1,0.032,1,0.013,8,0.053,6,0.025,9,0.034,7,0.028,9,0.034,8,0.026,13,0.038,10,0.03,11,0.031,20,0.052,18,0.043,18,0.044,10,0.03,7,0.027,9,0.039,14,0.063,8,0.038,11,0.062,6,0.062,3,0.043,3,0.053,5,0.138,1,0.038,3,0.079,4,0.058,6,0.057,8,0.05,5,0.021,8,0.027,9,0.028,15,0.04,17,0.041,22,0.053,16,0.044,19,0.052,11,0.029,14,0.042,12,0.045,10,0.042,8,0.032,5,0.026
Region 15,Region 24,0,0,0,0,0,0,0,0,0,0,0,0,0,0,0,0,1,0.003,1,0.003,1,0.003,1,0.004,0,0,0,0,0,0,3,0.009,3,0.008,0,0,1,0.002,1,0.003,0,0,3,0.014,0,0,0,0,0,0,0,0,0,0,0,0,0,0,0,0,0,0,0,0,2,0.007,0,0,1,0.004,0,0,2,0.007,0,0,3,0.01,1,0.003,1,0.003,0,0,2,0.005,1,0.003,0,0,0,0,0,0,1,0.008,0,0,1,0.019,0,0,0,0,0,0,0,0,0,0,0,0,1,0.004,0,0,1,0.004,1,0.004,1,0.003,0,0,0,0,1,0.003,1,0.003,0,0,1,0.002,0,0,0,0,0,0,0,0,0,0,0,0,0,0,0,0,0,0,0,0,0,0,0,0,0,0,0,0,0,0,2,0.008,1,0.003,2,0.006,2,0.005,1,0.002,1,0.002,0,0,0,0,0,0,1,0.003,0,0,0,0,0,0,0,0
Region 15,Region 25,8,0.067,7,0.139,2,0.068,1,0.047,1,0.056,2,0.063,2,0.023,2,0.011,7,0.021,17,0.047,22,0.076,18,0.068,21,0.073,25,0.081,21,0.069,19,0.058,23,0.061,37,0.084,37,0.085,28,0.085,23,0.093,14,0.064,10,0.056,4,0.035,12,0.128,2,0.047,3,0.119,2,0.109,2,0.108,4,0.12,4,0.048,0,0,7,0.023,16,0.049,21,0.078,6,0.023,12,0.044,17,0.056,20,0.066,25,0.076,27,0.074,25,0.059,30,0.072,25,0.077,14,0.057,14,0.062,16,0.085,5,0.039,6,0.05,6,0.115,6,0.191,3,0.133,0,0,3,0.096,1,0.013,6,0.04,7,0.029,12,0.045,16,0.063,13,0.049,14,0.046,18,0.052,20,0.059,33,0.093,24,0.063,26,0.062,18,0.044,8,0.024,17,0.067,10,0.043,19,0.086,18,0.086,10,0.056,7,0.072,6,0.086,3,0.053,1,0.028,1,0.038,1,0.026,2,0.029,7,0.066,9,0.057,16,0.067,16,0.054,18,0.055,8,0.022,24,0.058,22,0.053,18,0.05,16,0.044,23,0.061,16,0.048,28,0.105,12,0.05,7,0.028,18,0.095
Region 16,Region 0,7,0.059,3,0.06,0,0,1,0.047,1,0.056,0,0,0,0,9,0.048,33,0.1,25,0.069,20,0.069,21,0.08,21,0.073,17,0.055,25,0.082,31,0.094,34,0.09,27,0.061,28,0.064,37,0.113,19,0.077,12,0.055,10,0.056,7,0.061,6,0.064,2,0.047,0,0,0,0,0,0,0,0,2,0.024,20,0.112,18,0.06,37,0.114,20,0.074,19,0.073,25,0.091,31,0.102,23,0.076,34,0.104,29,0.08,31,0.074,34,0.081,28,0.086,22,0.09,26,0.115,10,0.053,7,0.054,3,0.025,3,0.057,0,0,1,0.044,0,0,1,0.032,6,0.081,6,0.04,19,0.078,25,0.093,22,0.087,20,0.076,28,0.092,33,0.096,34,0.101,20,0.056,28,0.073,35,0.084,27,0.066,27,0.081,26,0.102,31,0.133,28,0.127,19,0.09,11,0.062,3,0.031,2,0.029,0,0,1,0.028,0,0,3,0.079,3,0.043,7,0.066,23,0.145,35,0.147,39,0.131,32,0.098,33,0.089,38,0.092,24,0.058,26,0.072,26,0.071,17,0.045,21,0.063,13,0.049,19,0.079,25,0.099,5,0.026
Region 16,Region 1,1,0.008,0,0,0,0,0,0,0,0,0,0,0,0,0,0,5,0.015,3,0.008,1,0.003,3,0.011,0,0,3,0.01,4,0.013,3,0.009,2,0.005,4,0.009,10,0.023,6,0.018,7,0.028,6,0.027,3,0.017,2,0.017,1,0.011,0,0,0,0,0,0,0,0,0,0,0,0,2,0.011,0,0,7,0.022,1,0.004,2,0.008,1,0.004,4,0.013,7,0.023,5,0.015,3,0.008,2,0.005,4,0.01,6,0.018,7,0.029,2,0.009,1,0.005,1,0.008,1,0.008,0,0,0,0,0,0,0,0,0,0,0,0,2,0.013,2,0.008,0,0,6,0.024,2,0.008,2,0.007,2,0.006,5,0.015,4,0.011,2,0.005,6,0.014,2,0.005,1,0.003,10,0.039,6,0.026,1,0.005,4,0.019,2,0.011,0,0,0,0,1,0.018,0,0,0,0,0,0,3,0.043,0,0,3,0.019,7,0.029,7,0.024,2,0.006,3,0.008,3,0.007,5,0.012,5,0.014,11,0.03,8,0.021,5,0.015,7,0.026,4,0.017,10,0.04,4,0.021
Region 16,Region 2,0,0,0,0,0,0,0,0,0,0,1,0.031,0,0,0,0,3,0.009,9,0.025,1,0.003,0,0,1,0.003,1,0.003,0,0,0,0,3,0.008,1,0.002,2,0.005,3,0.009,4,0.016,0,0,2,0.011,1,0.009,0,0,1,0.024,0,0,0,0,0,0,1,0.03,1,0.012,0,0,7,0.023,3,0.009,4,0.015,1,0.004,1,0.004,2,0.007,1,0.003,7,0.021,0,0,2,0.005,4,0.01,2,0.006,0,0,1,0.004,1,0.005,1,0.008,1,0.008,0,0,0,0,0,0,1,0.052,0,0,0,0,0,0,0,0,3,0.011,3,0.012,3,0.011,1,0.003,3,0.009,2,0.006,3,0.008,3,0.008,2,0.005,3,0.007,12,0.036,2,0.008,3,0.013,3,0.014,1,0.005,2,0.011,0,0,0,0,0,0,0,0,0,0,2,0.053,2,0.029,1,0.009,1,0.006,1,0.004,2,0.007,4,0.012,4,0.011,2,0.005,4,0.01,4,0.011,6,0.016,10,0.026,0,0,6,0.022,5,0.021,2,0.008,4,0.021
Region 16,Region 3,1,0.008,0,0,0,0,0,0,0,0,0,0,0,0,1,0.005,2,0.006,2,0.006,4,0.014,5,0.019,2,0.007,5,0.016,1,0.003,5,0.015,10,0.027,14,0.032,7,0.016,5,0.015,6,0.024,5,0.023,0,0,0,0,1,0.011,1,0.024,0,0,0,0,0,0,0,0,0,0,0,0,2,0.007,3,0.009,2,0.007,1,0.004,2,0.007,2,0.007,1,0.003,1,0.003,6,0.017,5,0.012,13,0.031,1,0.003,5,0.02,3,0.013,1,0.005,0,0,2,0.017,0,0,0,0,1,0.044,1,0.052,1,0.032,0,0,0,0,1,0.004,2,0.007,0,0,7,0.027,3,0.01,9,0.026,6,0.018,5,0.014,5,0.013,7,0.017,5,0.012,3,0.009,1,0.004,1,0.004,4,0.018,4,0.019,2,0.011,2,0.021,0,0,0,0,1,0.028,0,0,0,0,0,0,3,0.028,1,0.006,2,0.008,3,0.01,6,0.018,5,0.013,7,0.017,3,0.007,8,0.022,2,0.005,3,0.008,2,0.006,4,0.015,4,0.017,2,0.008,0,0
Region 16,Region 4,4,0.034,2,0.04,1,0.034,0,0,1,0.056,0,0,2,0.023,7,0.037,15,0.046,19,0.053,19,0.066,17,0.064,30,0.105,19,0.062,20,0.066,35,0.106,38,0.101,63,0.143,49,0.113,49,0.149,24,0.097,17,0.078,17,0.096,10,0.087,4,0.043,4,0.095,1,0.04,0,0,0,0,1,0.03,1,0.012,1,0.006,11,0.036,16,0.049,26,0.096,16,0.062,26,0.094,31,0.102,25,0.083,19,0.058,38,0.105,53,0.126,47,0.112,40,0.123,28,0.114,22,0.097,11,0.059,3,0.023,2,0.017,1,0.019,0,0,0,0,0,0,0,0,1,0.013,5,0.033,11,0.045,14,0.052,22,0.087,24,0.091,37,0.121,29,0.085,24,0.071,39,0.11,39,0.102,47,0.113,33,0.081,33,0.099,24,0.094,34,0.146,19,0.086,17,0.081,16,0.09,2,0.021,3,0.043,2,0.035,2,0.055,0,0,1,0.026,1,0.014,9,0.085,15,0.094,21,0.088,30,0.101,37,0.113,23,0.062,32,0.078,41,0.099,32,0.088,38,0.104,23,0.061,35,0.104,21,0.079,24,0.1,14,0.056,8,0.042
Region 16,Region 5,13,0.109,9,0.179,2,0.068,3,0.142,4,0.222,3,0.094,17,0.199,38,0.203,102,0.31,133,0.368,109,0.378,132,0.5,138,0.481,122,0.396,112,0.369,137,0.416,118,0.313,135,0.307,121,0.278,113,0.345,103,0.418,81,0.37,72,0.406,27,0.234,19,0.203,8,0.189,3,0.119,1,0.054,1,0.054,6,0.18,32,0.388,46,0.258,98,0.324,123,0.378,122,0.451,114,0.44,129,0.469,124,0.406,122,0.404,117,0.357,111,0.306,135,0.32,140,0.334,105,0.324,96,0.392,105,0.463,80,0.426,25,0.194,24,0.199,7,0.134,2,0.064,0,0,3,0.155,4,0.128,22,0.296,47,0.312,93,0.383,100,0.372,102,0.401,112,0.426,140,0.459,109,0.318,129,0.382,130,0.367,124,0.325,140,0.336,117,0.288,106,0.318,111,0.435,102,0.438,70,0.317,54,0.257,27,0.151,14,0.145,3,0.043,3,0.053,5,0.138,6,0.229,16,0.421,17,0.245,49,0.462,72,0.453,131,0.551,164,0.551,139,0.425,145,0.39,184,0.446,170,0.412,133,0.366,157,0.429,135,0.355,101,0.301,113,0.424,80,0.334,59,0.234,41,0.216
Region 16,Region 6,0,0,0,0,0,0,0,0,0,0,0,0,0,0,1,0.005,1,0.003,0,0,1,0.003,0,0,1,0.003,2,0.006,2,0.007,1,0.003,0,0,7,0.016,1,0.002,2,0.006,2,0.008,3,0.014,0,0,0,0,0,0,0,0,1,0.04,0,0,0,0,0,0,0,0,1,0.006,0,0,1,0.003,2,0.007,3,0.012,3,0.011,2,0.007,0,0,0,0,0,0,2,0.005,2,0.005,0,0,0,0,2,0.009,0,0,0,0,1,0.008,0,0,0,0,0,0,0,0,0,0,0,0,0,0,0,0,1,0.004,0,0,2,0.008,1,0.003,1,0.003,0,0,2,0.006,2,0.005,1,0.002,2,0.005,2,0.006,1,0.004,1,0.004,0,0,1,0.005,0,0,0,0,0,0,0,0,0,0,0,0,1,0.026,0,0,0,0,2,0.013,1,0.004,2,0.007,5,0.015,1,0.003,1,0.002,1,0.002,4,0.011,0,0,1,0.003,1,0.003,1,0.004,1,0.004,1,0.004,1,0.005
Region 16,Region 7,2,0.017,0,0,0,0,0,0,0,0,0,0,2,0.023,7,0.037,7,0.021,12,0.033,8,0.028,8,0.03,8,0.028,12,0.039,9,0.03,7,0.021,7,0.019,16,0.036,19,0.044,13,0.04,8,0.032,7,0.032,6,0.034,5,0.043,1,0.011,0,0,2,0.079,0,0,0,0,0,0,1,0.012,4,0.022,5,0.017,12,0.037,5,0.018,15,0.058,6,0.022,13,0.043,8,0.026,11,0.034,19,0.052,24,0.057,25,0.06,13,0.04,12,0.049,13,0.057,6,0.032,7,0.054,3,0.025,3,0.057,1,0.032,0,0,0,0,0,0,3,0.04,3,0.02,4,0.016,7,0.026,9,0.035,8,0.03,6,0.02,12,0.035,18,0.053,17,0.048,18,0.047,17,0.041,21,0.052,16,0.048,8,0.031,12,0.052,10,0.045,7,0.033,9,0.05,1,0.01,2,0.029,2,0.035,1,0.028,0,0,0,0,2,0.029,2,0.019,2,0.013,6,0.025,7,0.024,7,0.021,10,0.027,13,0.032,7,0.017,12,0.033,8,0.022,10,0.026,12,0.036,10,0.037,3,0.013,6,0.024,11,0.058
Region 16,Region 8,2,0.017,0,0,0,0,0,0,0,0,0,0,0,0,3,0.016,13,0.04,14,0.039,16,0.055,16,0.061,11,0.038,9,0.029,10,0.033,5,0.015,12,0.032,12,0.027,18,0.041,5,0.015,9,0.037,14,0.064,7,0.039,2,0.017,1,0.011,0,0,1,0.04,0,0,0,0,0,0,1,0.012,4,0.022,8,0.026,20,0.062,12,0.044,10,0.039,17,0.062,11,0.036,10,0.033,9,0.027,10,0.028,8,0.019,5,0.012,13,0.04,10,0.041,13,0.057,5,0.027,2,0.016,4,0.033,0,0,0,0,0,0,0,0,0,0,1,0.013,5,0.033,14,0.058,19,0.071,11,0.043,12,0.046,7,0.023,7,0.02,10,0.03,7,0.02,10,0.026,10,0.024,8,0.02,14,0.042,8,0.031,16,0.069,14,0.063,7,0.033,7,0.039,5,0.052,1,0.014,1,0.018,1,0.028,1,0.038,2,0.053,1,0.014,2,0.019,10,0.063,9,0.038,27,0.091,13,0.04,16,0.043,18,0.044,19,0.046,17,0.047,17,0.046,16,0.042,2,0.006,6,0.022,9,0.038,8,0.032,8,0.042
Region 16,Region 9,0,0,1,0.02,0,0,0,0,0,0,0,0,1,0.012,0,0,2,0.006,4,0.011,3,0.01,3,0.011,4,0.014,7,0.023,9,0.03,5,0.015,3,0.008,19,0.043,13,0.03,11,0.034,3,0.012,1,0.005,4,0.023,1,0.009,1,0.011,0,0,0,0,0,0,0,0,0,0,0,0,1,0.006,4,0.013,6,0.018,2,0.007,5,0.019,3,0.011,7,0.023,8,0.026,6,0.018,10,0.028,14,0.033,10,0.024,8,0.025,6,0.024,0,0,6,0.032,3,0.023,1,0.008,1,0.019,0,0,0,0,2,0.104,0,0,0,0,0,0,2,0.008,5,0.019,3,0.012,3,0.011,2,0.007,4,0.012,6,0.018,10,0.028,10,0.026,5,0.012,12,0.029,4,0.012,4,0.016,6,0.026,4,0.018,2,0.01,1,0.006,0,0,0,0,0,0,0,0,0,0,1,0.026,0,0,1,0.009,3,0.019,4,0.017,7,0.024,4,0.012,3,0.008,9,0.022,4,0.01,8,0.022,5,0.014,9,0.024,7,0.021,5,0.019,5,0.021,2,0.008,0,0
Region 16,Region 10,1,0.008,0,0,1,0.034,0,0,0,0,1,0.031,2,0.023,5,0.027,11,0.033,6,0.017,8,0.028,7,0.027,10,0.035,6,0.019,14,0.046,8,0.024,16,0.043,12,0.027,17,0.039,6,0.018,8,0.032,7,0.032,4,0.023,1,0.009,1,0.011,2,0.047,0,0,0,0,0,0,0,0,1,0.012,4,0.022,8,0.026,13,0.04,13,0.048,13,0.05,7,0.025,12,0.039,11,0.036,8,0.024,14,0.039,16,0.038,14,0.033,5,0.015,12,0.049,14,0.062,4,0.021,2,0.016,1,0.008,1,0.019,1,0.032,0,0,0,0,0,0,0,0,3,0.02,15,0.062,8,0.03,8,0.031,14,0.053,14,0.046,14,0.041,12,0.036,17,0.048,11,0.029,13,0.031,11,0.027,10,0.03,13,0.051,9,0.039,12,0.054,3,0.014,2,0.011,0,0,0,0,0,0,0,0,0,0,2,0.053,0,0,4,0.038,6,0.038,11,0.046,10,0.034,14,0.043,5,0.013,11,0.027,12,0.029,8,0.022,8,0.022,7,0.018,8,0.024,7,0.026,6,0.025,7,0.028,4,0.021
Region 16,Region 11,0,0,0,0,0,0,0,0,0,0,1,0.031,2,0.023,1,0.005,0,0,0,0,0,0,0,0,0,0,0,0,1,0.003,0,0,1,0.003,1,0.002,1,0.002,0,0,0,0,0,0,0,0,0,0,0,0,1,0.024,0,0,0,0,0,0,0,0,0,0,0,0,0,0,0,0,0,0,0,0,0,0,0,0,0,0,0,0,0,0,2,0.005,1,0.002,0,0,1,0.004,1,0.004,0,0,0,0,0,0,0,0,0,0,0,0,0,0,0,0,1,0.013,0,0,0,0,0,0,1,0.004,1,0.004,0,0,1,0.003,0,0,0,0,0,0,0,0,0,0,0,0,0,0,1,0.004,1,0.005,1,0.005,0,0,0,0,0,0,0,0,0,0,0,0,1,0.026,0,0,0,0,0,0,0,0,0,0,0,0,1,0.003,0,0,0,0,0,0,0,0,0,0,0,0,0,0,1,0.004,0,0,0,0
Region 16,Region 12,0,0,0,0,0,0,0,0,0,0,0,0,0,0,1,0.005,2,0.006,4,0.011,2,0.007,2,0.008,2,0.007,1,0.003,0,0,1,0.003,3,0.008,2,0.005,1,0.002,4,0.012,0,0,0,0,1,0.006,1,0.009,0,0,0,0,0,0,0,0,0,0,0,0,0,0,1,0.006,3,0.01,1,0.003,1,0.004,3,0.012,0,0,0,0,0,0,3,0.009,4,0.011,4,0.009,6,0.014,4,0.012,1,0.004,2,0.009,1,0.005,0,0,0,0,0,0,0,0,0,0,0,0,0,0,0,0,0,0,0,0,2,0.007,0,0,1,0.004,2,0.007,2,0.006,3,0.009,6,0.017,1,0.003,4,0.01,3,0.007,2,0.006,2,0.008,1,0.004,3,0.014,1,0.005,0,0,0,0,0,0,0,0,0,0,0,0,0,0,1,0.014,0,0,2,0.013,0,0,0,0,0,0,4,0.011,5,0.012,0,0,2,0.006,7,0.019,0,0,1,0.003,0,0,0,0,0,0,0,0
Region 16,Region 13,2,0.017,1,0.02,0,0,1,0.047,0,0,1,0.031,1,0.012,1,0.005,5,0.015,13,0.036,5,0.017,4,0.015,10,0.035,8,0.026,7,0.023,3,0.009,4,0.011,8,0.018,13,0.03,5,0.015,10,0.041,11,0.05,2,0.011,3,0.026,0,0,2,0.047,1,0.04,0,0,0,0,0,0,1,0.012,1,0.006,4,0.013,8,0.025,6,0.022,3,0.012,3,0.011,12,0.039,2,0.007,4,0.012,12,0.033,17,0.04,15,0.036,10,0.031,9,0.037,5,0.022,7,0.037,3,0.023,4,0.033,0,0,0,0,0,0,0,0,0,0,1,0.013,4,0.027,0,0,3,0.011,3,0.012,5,0.019,11,0.036,12,0.035,4,0.012,10,0.028,13,0.034,9,0.022,11,0.027,5,0.015,4,0.016,3,0.013,9,0.041,7,0.033,8,0.045,1,0.01,0,0,0,0,0,0,1,0.038,0,0,1,0.014,2,0.019,6,0.038,5,0.021,8,0.027,13,0.04,4,0.011,9,0.022,16,0.039,13,0.036,11,0.03,12,0.032,4,0.012,9,0.034,10,0.042,3,0.012,3,0.016
Region 16,Region 14,1,0.008,1,0.02,0,0,1,0.047,0,0,2,0.063,2,0.023,7,0.037,10,0.03,27,0.075,23,0.08,26,0.098,25,0.087,29,0.094,23,0.076,17,0.052,32,0.085,55,0.125,52,0.12,36,0.11,27,0.11,26,0.119,18,0.101,6,0.052,6,0.064,2,0.047,0,0,0,0,1,0.054,1,0.03,0,0,5,0.028,18,0.06,21,0.065,17,0.063,19,0.073,35,0.127,28,0.092,38,0.126,48,0.146,46,0.127,61,0.145,51,0.122,30,0.092,18,0.073,23,0.101,18,0.096,15,0.117,8,0.066,3,0.057,2,0.064,1,0.044,0,0,1,0.032,1,0.013,1,0.007,9,0.037,28,0.104,15,0.059,29,0.11,31,0.102,40,0.117,27,0.08,31,0.087,32,0.084,32,0.077,26,0.064,35,0.105,24,0.094,36,0.155,29,0.131,7,0.033,18,0.101,5,0.052,1,0.014,1,0.018,0,0,0,0,3,0.079,3,0.043,1,0.009,9,0.057,17,0.072,34,0.114,30,0.092,34,0.091,25,0.061,35,0.085,39,0.107,23,0.063,28,0.074,21,0.063,20,0.075,20,0.084,12,0.048,12,0.063
Region 16,Region 15,1,0.008,0,0,0,0,0,0,0,0,0,0,1,0.012,0,0,0,0,0,0,1,0.003,1,0.004,2,0.007,0,0,1,0.003,0,0,1,0.003,1,0.002,2,0.005,1,0.003,0,0,0,0,0,0,0,0,0,0,0,0,0,0,0,0,0,0,0,0,0,0,1,0.006,2,0.007,0,0,0,0,0,0,0,0,0,0,0,0,0,0,1,0.003,3,0.007,0,0,1,0.003,0,0,0,0,1,0.005,0,0,0,0,0,0,0,0,0,0,0,0,0,0,0,0,0,0,0,0,0,0,1,0.004,0,0,2,0.007,2,0.006,1,0.003,0,0,2,0.005,0,0,1,0.002,0,0,0,0,0,0,1,0.005,0,0,0,0,0,0,0,0,0,0,1,0.028,0,0,0,0,0,0,0,0,0,0,1,0.004,0,0,0,0,3,0.008,0,0,0,0,0,0,0,0,1,0.003,1,0.003,3,0.011,1,0.004,1,0.004,0,0
Region 16,Region 16,22,0.184,10,0.198,4,0.135,7,0.331,3,0.167,4,0.125,10,0.117,32,0.171,97,0.295,182,0.503,167,0.578,180,0.682,206,0.718,235,0.763,212,0.699,204,0.619,207,0.55,282,0.641,291,0.669,216,0.659,153,0.621,127,0.58,82,0.462,44,0.382,31,0.331,7,0.166,3,0.119,3,0.163,2,0.108,3,0.09,11,0.133,34,0.191,86,0.284,177,0.545,156,0.576,146,0.563,191,0.694,235,0.77,196,0.649,205,0.625,230,0.633,262,0.622,325,0.776,211,0.65,137,0.559,125,0.551,88,0.469,45,0.35,30,0.249,10,0.191,3,0.095,1,0.044,2,0.104,3,0.096,9,0.121,40,0.265,87,0.359,135,0.503,157,0.618,187,0.711,188,0.617,229,0.668,220,0.652,207,0.584,201,0.527,251,0.602,225,0.553,225,0.675,162,0.634,140,0.601,98,0.444,55,0.262,43,0.241,21,0.217,5,0.072,8,0.14,3,0.083,5,0.191,2,0.053,22,0.317,90,0.849,130,0.818,186,0.782,262,0.88,236,0.721,259,0.696,233,0.565,244,0.592,230,0.634,219,0.599,217,0.571,163,0.485,167,0.626,136,0.568,92,0.366,38,0.2
Region 16,Region 17,1,0.008,0,0,1,0.034,0,0,0,0,0,0,0,0,7,0.037,24,0.073,28,0.077,2,0.007,8,0.03,11,0.038,6,0.019,5,0.016,7,0.021,3,0.008,7,0.016,11,0.025,10,0.03,10,0.041,8,0.037,4,0.023,0,0,2,0.021,0,0,2,0.079,0,0,0,0,0,0,0,0,4,0.022,15,0.05,18,0.055,9,0.033,5,0.019,6,0.022,3,0.01,7,0.023,6,0.018,4,0.011,5,0.012,8,0.019,14,0.043,3,0.012,6,0.026,9,0.048,2,0.016,1,0.008,3,0.057,0,0,0,0,0,0,0,0,0,0,0,0,12,0.049,8,0.03,4,0.016,1,0.004,7,0.023,6,0.017,2,0.006,7,0.02,8,0.021,3,0.007,9,0.022,11,0.033,4,0.016,8,0.034,9,0.041,8,0.038,3,0.017,1,0.01,1,0.014,0,0,0,0,0,0,1,0.026,1,0.014,5,0.047,2,0.013,10,0.042,16,0.054,7,0.021,6,0.016,13,0.032,18,0.044,10,0.028,11,0.03,13,0.034,11,0.033,11,0.041,12,0.05,8,0.032,5,0.026
Region 16,Region 18,0,0,0,0,0,0,0,0,0,0,0,0,0,0,1,0.005,0,0,0,0,1,0.003,0,0,1,0.003,1,0.003,0,0,0,0,0,0,1,0.002,1,0.002,0,0,0,0,0,0,0,0,0,0,0,0,0,0,0,0,0,0,0,0,0,0,0,0,0,0,0,0,0,0,0,0,0,0,0,0,0,0,0,0,1,0.003,0,0,0,0,1,0.002,0,0,0,0,1,0.004,0,0,0,0,0,0,0,0,0,0,0,0,0,0,0,0,0,0,0,0,0,0,0,0,0,0,0,0,1,0.003,0,0,0,0,0,0,0,0,0,0,0,0,0,0,0,0,0,0,0,0,0,0,0,0,0,0,0,0,0,0,0,0,0,0,0,0,0,0,0,0,0,0,0,0,3,0.01,0,0,0,0,3,0.007,0,0,2,0.006,2,0.005,0,0,0,0,0,0,0,0,0,0,0,0
Region 16,Region 19,0,0,0,0,0,0,0,0,0,0,0,0,0,0,1,0.005,0,0,0,0,0,0,0,0,0,0,1,0.003,0,0,0,0,0,0,0,0,3,0.007,0,0,0,0,0,0,1,0.006,0,0,0,0,0,0,0,0,0,0,0,0,0,0,0,0,0,0,0,0,1,0.003,0,0,0,0,0,0,0,0,1,0.003,0,0,2,0.006,1,0.002,0,0,1,0.003,1,0.004,1,0.004,1,0.005,0,0,0,0,0,0,0,0,0,0,0,0,0,0,0,0,0,0,0,0,0,0,0,0,0,0,0,0,1,0.003,0,0,1,0.003,1,0.003,0,0,0,0,0,0,1,0.004,0,0,0,0,0,0,0,0,0,0,0,0,0,0,0,0,0,0,0,0,0,0,0,0,0,0,1,0.004,0,0,1,0.003,1,0.003,2,0.005,0,0,1,0.003,0,0,1,0.003,2,0.006,1,0.004,0,0,0,0,0,0
Region 16,Region 20,1,0.008,0,0,0,0,0,0,0,0,2,0.063,0,0,3,0.016,6,0.018,4,0.011,5,0.017,0,0,6,0.021,1,0.003,2,0.007,3,0.009,8,0.021,0,0,2,0.005,2,0.006,5,0.02,5,0.023,4,0.023,0,0,1,0.011,0,0,0,0,0,0,0,0,0,0,0,0,3,0.017,6,0.02,11,0.034,2,0.007,2,0.008,5,0.018,2,0.007,4,0.013,1,0.003,2,0.006,4,0.009,3,0.007,5,0.015,3,0.012,3,0.013,6,0.032,2,0.016,2,0.017,0,0,0,0,0,0,0,0,2,0.064,1,0.013,7,0.046,6,0.025,1,0.004,1,0.004,2,0.008,2,0.007,4,0.012,4,0.012,4,0.011,3,0.008,2,0.005,6,0.015,2,0.006,4,0.016,8,0.034,4,0.018,3,0.014,4,0.022,0,0,0,0,0,0,0,0,0,0,0,0,1,0.014,1,0.009,2,0.013,2,0.008,3,0.01,2,0.006,1,0.003,2,0.005,2,0.005,3,0.008,0,0,5,0.013,3,0.009,5,0.019,3,0.013,1,0.004,3,0.016
Region 16,Region 21,2,0.017,0,0,0,0,0,0,0,0,0,0,0,0,1,0.005,13,0.04,17,0.047,10,0.035,23,0.087,20,0.07,10,0.032,16,0.053,16,0.049,33,0.088,39,0.089,39,0.09,31,0.095,18,0.073,14,0.064,8,0.045,5,0.043,5,0.053,5,0.118,0,0,0,0,0,0,0,0,0,0,1,0.006,5,0.017,11,0.034,13,0.048,17,0.066,24,0.087,23,0.075,24,0.079,26,0.079,30,0.083,38,0.09,40,0.096,29,0.089,19,0.078,20,0.088,10,0.053,9,0.07,4,0.033,1,0.019,1,0.032,0,0,0,0,0,0,0,0,4,0.027,5,0.021,13,0.048,18,0.071,18,0.068,13,0.043,23,0.067,23,0.068,21,0.059,21,0.055,27,0.065,37,0.091,19,0.057,20,0.078,22,0.094,15,0.068,6,0.029,5,0.028,4,0.041,4,0.057,1,0.018,1,0.028,0,0,1,0.026,4,0.058,6,0.057,14,0.088,13,0.055,20,0.067,23,0.07,19,0.051,27,0.065,26,0.063,24,0.066,10,0.027,32,0.084,24,0.071,17,0.064,17,0.071,13,0.052,6,0.032
Region 16,Region 22,0,0,0,0,0,0,0,0,0,0,0,0,0,0,0,0,0,0,0,0,1,0.003,2,0.008,4,0.014,3,0.01,1,0.003,2,0.006,3,0.008,3,0.007,5,0.011,4,0.012,3,0.012,0,0,0,0,0,0,0,0,0,0,0,0,0,0,0,0,0,0,0,0,1,0.006,2,0.007,1,0.003,1,0.004,0,0,3,0.011,1,0.003,3,0.01,3,0.009,6,0.017,4,0.009,5,0.012,8,0.025,1,0.004,1,0.004,1,0.005,0,0,0,0,0,0,0,0,0,0,0,0,0,0,0,0,0,0,0,0,1,0.004,3,0.012,1,0.004,0,0,1,0.003,3,0.009,4,0.011,1,0.003,2,0.005,4,0.01,1,0.003,3,0.012,1,0.004,1,0.005,1,0.005,1,0.006,0,0,0,0,0,0,1,0.028,0,0,0,0,0,0,1,0.009,0,0,0,0,1,0.003,1,0.003,1,0.003,1,0.002,0,0,2,0.006,2,0.005,1,0.003,1,0.003,0,0,3,0.013,1,0.004,0,0
Region 16,Region 23,1,0.008,0,0,0,0,0,0,0,0,0,0,0,0,1,0.005,1,0.003,1,0.003,2,0.007,0,0,1,0.003,1,0.003,2,0.007,2,0.006,4,0.011,4,0.009,2,0.005,1,0.003,3,0.012,2,0.009,0,0,1,0.009,2,0.021,0,0,0,0,0,0,0,0,0,0,0,0,0,0,1,0.003,0,0,1,0.004,0,0,0,0,1,0.003,3,0.01,4,0.012,2,0.006,1,0.002,0,0,1,0.003,3,0.012,0,0,0,0,0,0,0,0,0,0,0,0,0,0,0,0,0,0,1,0.013,0,0,0,0,1,0.004,0,0,0,0,0,0,0,0,4,0.012,2,0.006,6,0.016,2,0.005,4,0.01,4,0.012,0,0,1,0.004,1,0.005,1,0.005,0,0,0,0,0,0,0,0,0,0,1,0.038,3,0.079,0,0,1,0.009,0,0,2,0.008,2,0.007,7,0.021,1,0.003,1,0.002,3,0.007,1,0.003,3,0.008,2,0.005,0,0,2,0.007,3,0.013,3,0.012,1,0.005
Region 16,Region 24,1,0.008,4,0.079,0,0,0,0,0,0,0,0,0,0,1,0.005,0,0,5,0.014,5,0.017,12,0.045,11,0.038,10,0.032,7,0.023,5,0.015,9,0.024,16,0.036,10,0.023,11,0.034,7,0.028,3,0.014,3,0.017,2,0.017,0,0,0,0,0,0,0,0,0,0,0,0,0,0,2,0.011,2,0.007,5,0.015,7,0.026,4,0.015,8,0.029,14,0.046,6,0.02,14,0.043,15,0.041,27,0.064,25,0.06,10,0.031,7,0.029,9,0.04,1,0.005,7,0.054,2,0.017,1,0.019,1,0.032,0,0,0,0,0,0,1,0.013,2,0.013,3,0.012,3,0.011,3,0.012,9,0.034,7,0.023,8,0.023,10,0.03,14,0.04,6,0.016,12,0.029,13,0.032,6,0.018,8,0.031,9,0.039,10,0.045,1,0.005,3,0.017,2,0.021,1,0.014,0,0,0,0,0,0,0,0,1,0.014,0,0,4,0.025,5,0.021,3,0.01,7,0.021,11,0.03,12,0.029,13,0.032,14,0.039,8,0.022,9,0.024,7,0.021,1,0.004,4,0.017,6,0.024,3,0.016
Region 16,Region 25,0,0,0,0,0,0,0,0,0,0,0,0,0,0,0,0,1,0.003,0,0,1,0.003,1,0.004,1,0.003,1,0.003,1,0.003,0,0,0,0,1,0.002,0,0,2,0.006,0,0,1,0.005,1,0.006,1,0.009,0,0,0,0,0,0,0,0,0,0,0,0,0,0,0,0,0,0,3,0.009,0,0,1,0.004,0,0,0,0,0,0,1,0.003,1,0.003,0,0,0,0,1,0.003,1,0.004,0,0,0,0,0,0,1,0.008,0,0,0,0,0,0,0,0,0,0,0,0,0,0,0,0,1,0.004,0,0,0,0,0,0,1,0.003,1,0.003,0,0,1,0.003,0,0,1,0.002,1,0.003,0,0,0,0,0,0,0,0,0,0,0,0,0,0,0,0,1,0.028,0,0,0,0,0,0,0,0,0,0,0,0,1,0.003,0,0,1,0.003,1,0.002,1,0.002,0,0,0,0,1,0.003,1,0.003,0,0,0,0,0,0,0,0
Region 17,Region 0,52,0.436,14,0.278,5,0.169,3,0.142,2,0.111,4,0.125,8,0.094,18,0.096,48,0.146,66,0.183,63,0.218,44,0.167,64,0.223,70,0.227,72,0.237,81,0.246,146,0.388,166,0.377,127,0.292,87,0.265,46,0.187,34,0.155,35,0.197,23,0.2,16,0.171,12,0.284,6,0.238,3,0.163,1,0.054,0,0,13,0.158,13,0.073,39,0.129,56,0.172,39,0.144,45,0.174,48,0.174,43,0.141,72,0.238,87,0.265,96,0.264,125,0.297,114,0.272,62,0.191,40,0.163,55,0.242,53,0.282,32,0.249,22,0.183,15,0.287,11,0.349,7,0.311,6,0.311,4,0.128,5,0.067,20,0.133,45,0.186,38,0.142,32,0.126,32,0.122,55,0.181,60,0.175,73,0.216,72,0.203,82,0.215,111,0.266,103,0.253,45,0.135,34,0.133,35,0.15,58,0.263,81,0.386,50,0.28,27,0.279,20,0.286,23,0.403,10,0.276,4,0.153,3,0.079,8,0.115,12,0.113,32,0.201,28,0.118,43,0.144,50,0.153,60,0.161,47,0.114,52,0.126,53,0.146,59,0.161,97,0.255,147,0.438,57,0.214,47,0.196,79,0.314,46,0.242
Region 17,Region 1,68,0.57,37,0.734,20,0.677,16,0.757,6,0.333,4,0.125,16,0.187,25,0.134,58,0.176,96,0.266,82,0.284,56,0.212,113,0.394,104,0.338,87,0.287,112,0.34,103,0.274,156,0.354,240,0.552,167,0.509,134,0.544,90,0.411,88,0.496,67,0.582,54,0.577,24,0.568,8,0.317,14,0.762,4,0.217,4,0.12,14,0.17,22,0.123,64,0.212,65,0.2,70,0.259,62,0.239,68,0.247,70,0.229,87,0.288,77,0.235,101,0.278,147,0.349,151,0.361,111,0.342,84,0.343,83,0.366,92,0.49,58,0.451,75,0.623,26,0.497,18,0.572,16,0.711,4,0.207,3,0.096,12,0.162,18,0.119,35,0.144,42,0.156,37,0.146,55,0.209,53,0.174,101,0.294,85,0.252,92,0.26,91,0.239,133,0.319,159,0.391,117,0.351,124,0.486,127,0.545,141,0.639,151,0.719,155,0.868,90,0.93,61,0.873,53,0.929,36,0.993,13,0.497,4,0.105,4,0.058,23,0.217,40,0.252,53,0.223,83,0.279,106,0.324,139,0.374,111,0.269,136,0.33,138,0.38,161,0.44,185,0.487,191,0.569,152,0.57,95,0.397,152,0.604,123,0.647
Region 17,Region 2,61,0.511,29,0.576,19,0.643,6,0.284,3,0.167,4,0.125,9,0.105,19,0.102,68,0.207,109,0.302,81,0.281,54,0.204,55,0.192,72,0.234,67,0.221,91,0.276,83,0.22,167,0.379,141,0.324,98,0.299,65,0.264,57,0.26,43,0.242,34,0.295,34,0.363,20,0.473,13,0.515,7,0.381,6,0.325,0,0,12,0.145,18,0.101,55,0.182,107,0.329,62,0.229,45,0.174,58,0.211,65,0.213,63,0.208,58,0.177,77,0.212,126,0.299,134,0.32,95,0.293,43,0.175,57,0.251,55,0.293,41,0.319,52,0.432,22,0.421,13,0.413,14,0.622,3,0.155,5,0.16,8,0.108,18,0.119,21,0.087,54,0.201,49,0.193,51,0.194,88,0.289,133,0.388,116,0.344,82,0.231,80,0.21,108,0.259,107,0.263,155,0.465,119,0.466,80,0.343,97,0.439,107,0.509,106,0.594,96,0.992,81,1.159,30,0.526,12,0.331,5,0.191,3,0.079,13,0.187,23,0.217,30,0.189,38,0.16,62,0.208,66,0.202,64,0.172,72,0.174,86,0.208,104,0.287,146,0.399,216,0.569,165,0.491,105,0.394,84,0.351,101,0.401,94,0.495
Region 17,Region 3,16,0.134,3,0.06,3,0.102,1,0.047,0,0,4,0.125,0,0,1,0.005,6,0.018,8,0.022,6,0.021,5,0.019,8,0.028,6,0.019,10,0.033,13,0.039,18,0.048,21,0.048,17,0.039,14,0.043,15,0.061,8,0.037,5,0.028,2,0.017,3,0.032,2,0.047,1,0.04,1,0.054,2,0.108,0,0,3,0.036,3,0.017,7,0.023,6,0.018,6,0.022,12,0.046,10,0.036,11,0.036,8,0.026,11,0.034,8,0.022,25,0.059,25,0.06,18,0.055,14,0.057,13,0.057,14,0.075,7,0.054,5,0.042,4,0.077,2,0.064,3,0.133,2,0.104,1,0.032,1,0.013,1,0.007,1,0.004,4,0.015,8,0.031,6,0.023,9,0.03,15,0.044,1,0.003,10,0.028,13,0.034,17,0.041,12,0.029,19,0.057,15,0.059,5,0.021,12,0.054,11,0.052,11,0.062,4,0.041,5,0.072,0,0,5,0.138,0,0,0,0,0,0,1,0.009,4,0.025,8,0.034,7,0.024,11,0.034,8,0.022,12,0.029,11,0.027,6,0.017,17,0.046,18,0.047,21,0.063,15,0.056,14,0.058,13,0.052,9,0.047
Region 17,Region 4,19,0.159,9,0.179,5,0.169,6,0.284,3,0.167,1,0.031,0,0,5,0.027,7,0.021,8,0.022,16,0.055,16,0.061,11,0.038,19,0.062,20,0.066,16,0.049,27,0.072,54,0.123,55,0.126,24,0.073,31,0.126,19,0.087,20,0.113,17,0.148,16,0.171,2,0.047,1,0.04,3,0.163,0,0,2,0.06,0,0,2,0.011,8,0.026,12,0.037,14,0.052,17,0.066,18,0.065,16,0.052,17,0.056,19,0.058,25,0.069,52,0.123,42,0.1,28,0.086,25,0.102,24,0.106,15,0.08,21,0.163,18,0.15,2,0.038,8,0.254,9,0.4,2,0.104,1,0.032,0,0,4,0.027,6,0.025,11,0.041,16,0.063,15,0.057,16,0.053,17,0.05,19,0.056,22,0.062,21,0.055,22,0.053,29,0.071,21,0.063,19,0.074,12,0.052,24,0.109,31,0.148,56,0.314,29,0.3,23,0.329,26,0.456,14,0.386,1,0.038,2,0.053,4,0.058,3,0.028,9,0.057,13,0.055,23,0.077,30,0.092,20,0.054,31,0.075,23,0.056,31,0.085,52,0.142,32,0.084,38,0.113,27,0.101,20,0.084,28,0.111,42,0.221
Region 17,Region 5,33,0.277,12,0.238,4,0.135,8,0.378,0,0,2,0.063,10,0.117,17,0.091,28,0.085,16,0.044,27,0.094,56,0.212,56,0.195,49,0.159,30,0.099,65,0.197,51,0.135,59,0.134,46,0.106,41,0.125,33,0.134,27,0.123,39,0.22,27,0.234,14,0.15,2,0.047,5,0.198,4,0.218,9,0.488,8,0.24,10,0.121,22,0.123,24,0.079,24,0.074,32,0.118,39,0.15,42,0.153,36,0.118,38,0.126,40,0.122,43,0.118,74,0.176,49,0.117,38,0.117,41,0.167,35,0.154,31,0.165,30,0.233,21,0.175,7,0.134,5,0.159,11,0.489,1,0.052,3,0.096,15,0.202,25,0.166,28,0.115,28,0.104,24,0.094,42,0.16,41,0.135,35,0.102,44,0.13,54,0.152,38,0.1,40,0.096,34,0.084,40,0.12,26,0.102,33,0.142,49,0.222,53,0.252,24,0.134,8,0.083,13,0.186,11,0.193,7,0.193,4,0.153,5,0.132,8,0.115,12,0.113,17,0.107,36,0.151,40,0.134,57,0.174,49,0.132,29,0.07,45,0.109,53,0.146,79,0.216,146,0.384,258,0.768,62,0.232,32,0.134,60,0.238,34,0.179
Region 17,Region 6,15,0.126,5,0.099,4,0.135,0,0,1,0.056,1,0.031,1,0.012,4,0.021,10,0.03,9,0.025,13,0.045,9,0.034,9,0.031,17,0.055,19,0.063,21,0.064,28,0.074,32,0.073,34,0.078,25,0.076,30,0.122,12,0.055,14,0.079,7,0.061,7,0.075,3,0.071,1,0.04,1,0.054,0,0,1,0.03,2,0.024,5,0.028,3,0.01,9,0.028,12,0.044,20,0.077,13,0.047,16,0.052,19,0.063,18,0.055,17,0.047,29,0.069,34,0.081,31,0.096,17,0.069,17,0.075,15,0.08,11,0.085,13,0.108,0,0,3,0.095,5,0.222,0,0,0,0,2,0.027,3,0.02,5,0.021,6,0.022,9,0.035,22,0.084,8,0.026,17,0.05,21,0.062,13,0.037,25,0.066,27,0.065,29,0.071,30,0.09,15,0.059,17,0.073,19,0.086,14,0.067,16,0.09,9,0.093,6,0.086,6,0.105,11,0.303,0,0,0,0,0,0,4,0.038,10,0.063,9,0.038,10,0.034,16,0.049,31,0.083,24,0.058,29,0.07,37,0.102,39,0.107,28,0.074,31,0.092,20,0.075,18,0.075,17,0.068,7,0.037
Region 17,Region 7,65,0.545,27,0.536,16,0.541,12,0.567,7,0.389,13,0.407,13,0.152,30,0.161,54,0.164,78,0.216,79,0.274,87,0.329,97,0.338,112,0.364,122,0.402,121,0.367,135,0.359,153,0.348,175,0.402,114,0.348,87,0.353,85,0.388,59,0.333,55,0.478,54,0.577,26,0.615,18,0.713,5,0.272,9,0.488,8,0.24,25,0.303,28,0.157,49,0.162,62,0.191,89,0.329,79,0.305,93,0.338,93,0.305,121,0.4,103,0.314,137,0.377,127,0.301,151,0.361,92,0.284,84,0.343,76,0.335,60,0.32,69,0.536,57,0.474,27,0.516,24,0.762,17,0.756,14,0.725,4,0.128,9,0.121,21,0.139,37,0.153,62,0.231,67,0.264,67,0.255,86,0.282,112,0.326,110,0.326,128,0.361,129,0.338,145,0.348,119,0.293,91,0.273,84,0.329,91,0.391,79,0.358,102,0.486,98,0.549,57,0.589,46,0.658,49,0.859,29,0.8,15,0.573,9,0.237,13,0.187,24,0.226,40,0.252,53,0.223,59,0.198,72,0.22,93,0.25,91,0.221,130,0.315,131,0.361,105,0.287,142,0.374,136,0.405,79,0.296,97,0.405,96,0.382,73,0.384
Region 17,Region 8,274,2.297,59,1.171,36,1.218,30,1.418,21,1.167,18,0.563,28,0.327,58,0.31,144,0.438,223,0.617,194,0.672,186,0.704,195,0.68,240,0.78,254,0.838,334,1.014,432,1.148,486,1.104,365,0.839,225,0.686,165,0.67,130,0.594,133,0.75,101,0.877,107,1.143,41,0.97,26,1.029,30,1.632,13,0.705,10,0.3,25,0.303,59,0.331,146,0.483,167,0.514,166,0.613,148,0.571,175,0.636,223,0.731,218,0.721,253,0.771,303,0.834,411,0.975,289,0.69,232,0.715,161,0.657,168,0.741,173,0.922,113,0.878,128,1.064,62,1.186,40,1.271,31,1.378,17,0.88,12,0.383,35,0.472,60,0.398,118,0.487,141,0.525,150,0.59,155,0.589,198,0.65,231,0.673,198,0.587,277,0.782,326,0.855,355,0.852,219,0.538,206,0.618,148,0.58,149,0.639,211,0.956,318,1.514,202,1.132,112,1.157,110,1.575,140,2.454,80,2.207,32,1.222,29,0.763,32,0.461,64,0.604,109,0.686,153,0.644,178,0.598,210,0.642,212,0.57,232,0.562,250,0.606,268,0.738,281,0.768,459,1.209,744,2.216,366,1.372,207,0.864,337,1.339,179,0.942
Region 17,Region 9,19,0.159,7,0.139,7,0.237,6,0.284,9,0.5,9,0.281,16,0.187,18,0.096,21,0.064,22,0.061,21,0.073,21,0.08,32,0.112,22,0.071,31,0.102,31,0.094,53,0.141,59,0.134,53,0.122,28,0.085,15,0.061,12,0.055,20,0.113,9,0.078,9,0.096,6,0.142,5,0.198,4,0.218,7,0.379,18,0.539,19,0.23,10,0.056,17,0.056,7,0.022,21,0.078,23,0.089,20,0.073,10,0.033,36,0.119,42,0.128,32,0.088,56,0.133,44,0.105,32,0.099,20,0.082,12,0.053,14,0.075,15,0.117,12,0.1,3,0.057,9,0.286,5,0.222,7,0.362,11,0.351,28,0.377,12,0.08,24,0.099,16,0.06,17,0.067,15,0.057,14,0.046,27,0.079,35,0.104,27,0.076,32,0.084,53,0.127,35,0.086,21,0.063,16,0.063,11,0.047,18,0.082,18,0.086,18,0.101,7,0.072,7,0.1,13,0.228,10,0.276,13,0.497,11,0.289,10,0.144,7,0.066,8,0.05,31,0.13,18,0.06,25,0.076,31,0.083,23,0.056,23,0.056,26,0.072,18,0.049,38,0.1,69,0.205,24,0.09,15,0.063,20,0.079,22,0.116
Region 17,Region 10,158,1.325,42,0.834,34,1.151,16,0.757,5,0.278,8,0.25,22,0.257,55,0.294,177,0.538,183,0.506,137,0.475,128,0.485,183,0.638,171,0.556,187,0.617,237,0.719,372,0.988,464,1.054,378,0.869,190,0.579,112,0.454,123,0.562,104,0.586,72,0.625,48,0.513,25,0.591,28,1.108,9,0.49,10,0.542,12,0.36,14,0.17,62,0.348,129,0.427,127,0.391,132,0.488,119,0.459,150,0.545,161,0.528,187,0.619,242,0.737,310,0.854,414,0.982,279,0.666,168,0.518,133,0.543,110,0.485,123,0.655,70,0.544,77,0.64,33,0.631,31,0.985,17,0.756,12,0.621,11,0.351,23,0.31,36,0.239,110,0.454,108,0.402,120,0.472,135,0.513,154,0.505,178,0.519,209,0.619,257,0.725,285,0.747,337,0.809,278,0.683,145,0.435,91,0.356,89,0.382,107,0.485,129,0.614,93,0.521,50,0.517,28,0.401,63,1.104,25,0.69,10,0.382,11,0.289,34,0.489,64,0.604,55,0.346,81,0.341,126,0.423,138,0.422,151,0.406,149,0.361,146,0.354,174,0.479,173,0.473,214,0.564,381,1.135,163,0.611,102,0.426,155,0.616,79,0.416
Region 17,Region 11,9,0.075,0,0,2,0.068,1,0.047,0,0,1,0.031,3,0.035,5,0.027,10,0.03,11,0.03,8,0.028,10,0.038,7,0.024,10,0.032,6,0.02,12,0.036,23,0.061,22,0.05,17,0.039,22,0.067,9,0.037,7,0.032,9,0.051,10,0.087,6,0.064,3,0.071,3,0.119,3,0.163,3,0.163,0,0,0,0,5,0.028,11,0.036,9,0.028,7,0.026,8,0.031,5,0.018,11,0.036,9,0.03,14,0.043,14,0.039,21,0.05,11,0.026,7,0.022,7,0.029,8,0.035,6,0.032,8,0.062,8,0.066,3,0.057,2,0.064,6,0.267,1,0.052,2,0.064,2,0.027,3,0.02,2,0.008,7,0.026,6,0.024,4,0.015,6,0.02,10,0.029,8,0.024,15,0.042,19,0.05,23,0.055,21,0.052,8,0.024,6,0.023,8,0.034,12,0.054,15,0.071,9,0.05,6,0.062,6,0.086,8,0.14,3,0.083,4,0.153,2,0.053,4,0.058,1,0.009,2,0.013,4,0.017,6,0.02,8,0.024,6,0.016,8,0.019,10,0.024,9,0.025,9,0.025,7,0.018,11,0.033,11,0.041,7,0.029,12,0.048,3,0.016
Region 17,Region 12,39,0.327,26,0.516,18,0.609,6,0.284,3,0.167,0,0,7,0.082,22,0.118,35,0.106,36,0.1,52,0.18,57,0.216,56,0.195,56,0.182,66,0.218,68,0.206,60,0.159,96,0.218,70,0.161,63,0.192,61,0.248,54,0.247,46,0.259,47,0.408,20,0.214,12,0.284,4,0.158,7,0.381,8,0.434,8,0.24,10,0.121,20,0.112,27,0.089,39,0.12,45,0.166,47,0.181,49,0.178,61,0.2,75,0.248,62,0.189,66,0.182,93,0.221,68,0.162,58,0.179,54,0.22,45,0.198,32,0.17,32,0.249,28,0.233,16,0.306,12,0.381,11,0.489,2,0.104,4,0.128,4,0.054,12,0.08,32,0.132,39,0.145,41,0.161,39,0.148,46,0.151,61,0.178,73,0.216,68,0.192,94,0.246,68,0.163,77,0.189,52,0.156,63,0.247,61,0.262,51,0.231,29,0.138,37,0.207,32,0.331,20,0.286,21,0.368,19,0.524,8,0.306,6,0.158,12,0.173,19,0.179,14,0.088,31,0.13,40,0.134,52,0.159,50,0.134,69,0.167,82,0.199,81,0.223,78,0.213,69,0.182,82,0.244,61,0.229,48,0.2,51,0.203,39,0.205
Region 17,Region 13,206,1.727,65,1.29,34,1.151,28,1.324,14,0.778,14,0.438,31,0.362,81,0.434,204,0.62,312,0.863,266,0.921,194,0.735,218,0.76,272,0.884,287,0.946,376,1.141,582,1.546,749,1.701,559,1.285,364,1.11,210,0.852,187,0.855,163,0.919,114,0.99,81,0.865,34,0.804,25,0.99,14,0.762,11,0.596,14,0.42,39,0.473,73,0.409,197,0.652,189,0.581,186,0.687,179,0.69,236,0.857,223,0.731,297,0.983,370,1.127,475,1.308,643,1.526,554,1.323,353,1.088,168,0.685,168,0.741,151,0.805,132,1.026,93,0.773,42,0.803,19,0.604,32,1.423,12,0.621,12,0.383,24,0.323,76,0.504,147,0.606,208,0.775,167,0.657,162,0.616,215,0.706,266,0.775,316,0.937,324,0.914,398,1.043,423,1.015,349,0.858,223,0.669,141,0.552,167,0.717,193,0.874,221,1.052,138,0.773,97,1.002,73,1.045,85,1.49,62,1.71,25,0.955,15,0.395,32,0.461,68,0.642,94,0.592,134,0.564,187,0.628,191,0.584,245,0.658,236,0.572,262,0.635,313,0.862,261,0.714,455,1.198,646,1.924,316,1.185,197,0.823,292,1.161,165,0.868
Region 17,Region 14,330,2.767,63,1.25,31,1.049,26,1.229,25,1.389,66,2.064,107,1.251,149,0.798,202,0.614,255,0.705,271,0.939,293,1.11,309,1.078,420,1.365,485,1.599,510,1.548,691,1.836,618,1.404,454,1.044,248,0.756,161,0.653,157,0.717,151,0.851,125,1.085,88,0.94,41,0.97,33,1.306,11,0.598,28,1.518,87,2.607,123,1.491,138,0.774,209,0.691,249,0.766,199,0.735,203,0.783,224,0.814,254,0.832,252,0.834,317,0.966,369,1.016,485,1.151,368,0.879,244,0.752,153,0.624,139,0.613,171,0.911,122,0.948,117,0.972,43,0.822,40,1.271,34,1.512,22,1.139,51,1.628,89,1.199,96,0.637,147,0.606,191,0.711,174,0.685,209,0.795,220,0.722,269,0.784,250,0.741,266,0.751,331,0.868,419,1.005,250,0.615,181,0.543,172,0.674,143,0.614,203,0.92,392,1.866,206,1.154,98,1.013,88,1.26,90,1.577,70,1.931,57,2.177,52,1.368,62,0.893,91,0.859,97,0.611,225,0.947,305,1.024,257,0.786,207,0.556,242,0.586,234,0.567,232,0.639,321,0.878,636,1.675,964,2.871,398,1.492,207,0.864,415,1.649,193,1.015
Region 17,Region 15,5,0.042,4,0.079,2,0.068,2,0.095,1,0.056,0,0,1,0.012,1,0.005,6,0.018,5,0.014,6,0.021,5,0.019,7,0.024,10,0.032,12,0.04,16,0.049,16,0.043,26,0.059,16,0.037,14,0.043,5,0.02,11,0.05,8,0.045,15,0.13,7,0.075,2,0.047,2,0.079,3,0.163,1,0.054,1,0.03,2,0.024,0,0,6,0.02,9,0.028,5,0.018,11,0.042,7,0.025,13,0.043,16,0.053,10,0.03,19,0.052,19,0.045,8,0.019,10,0.031,6,0.024,5,0.022,9,0.048,4,0.031,3,0.025,3,0.057,1,0.032,1,0.044,1,0.052,2,0.064,0,0,1,0.007,7,0.029,9,0.034,3,0.012,6,0.023,4,0.013,6,0.017,15,0.044,13,0.037,16,0.042,12,0.029,5,0.012,3,0.009,7,0.027,5,0.021,4,0.018,11,0.052,10,0.056,2,0.021,4,0.057,8,0.14,4,0.11,1,0.038,0,0,1,0.014,2,0.019,4,0.025,1,0.004,3,0.01,5,0.015,11,0.03,12,0.029,9,0.022,11,0.03,9,0.025,8,0.021,12,0.036,9,0.034,7,0.029,5,0.02,5,0.026
Region 17,Region 16,4,0.034,1,0.02,0,0,2,0.095,0,0,0,0,0,0,2,0.011,4,0.012,9,0.025,7,0.024,5,0.019,7,0.024,13,0.042,10,0.033,12,0.036,17,0.045,21,0.048,27,0.062,12,0.037,7,0.028,5,0.023,7,0.039,7,0.061,1,0.011,4,0.095,0,0,0,0,1,0.054,0,0,0,0,1,0.006,8,0.026,5,0.015,5,0.018,1,0.004,3,0.011,3,0.01,9,0.03,8,0.024,8,0.022,25,0.059,31,0.074,14,0.043,5,0.02,7,0.031,10,0.053,4,0.031,1,0.008,0,0,3,0.095,1,0.044,0,0,0,0,0,0,2,0.013,2,0.008,1,0.004,8,0.031,4,0.015,3,0.01,6,0.017,6,0.018,7,0.02,11,0.029,22,0.053,17,0.042,12,0.036,9,0.035,4,0.017,5,0.023,6,0.029,4,0.022,0,0,5,0.072,2,0.035,0,0,0,0,0,0,2,0.029,3,0.028,3,0.019,8,0.034,10,0.034,7,0.021,8,0.022,5,0.012,12,0.029,18,0.05,17,0.046,14,0.037,13,0.039,10,0.037,3,0.013,13,0.052,8,0.042
Region 17,Region 17,331,2.775,142,2.819,79,2.673,53,2.506,40,2.222,44,1.376,52,0.608,183,0.98,441,1.34,970,2.683,576,1.995,387,1.465,466,1.625,496,1.611,449,1.481,497,1.508,653,1.735,636,1.445,615,1.414,517,1.576,345,1.4,339,1.549,301,1.696,204,1.771,197,2.104,91,2.152,64,2.534,38,2.067,33,1.789,41,1.229,63,0.764,146,0.819,322,1.065,574,1.766,468,1.729,352,1.357,298,1.083,346,1.134,372,1.231,404,1.231,454,1.25,544,1.291,514,1.227,428,1.319,271,1.106,266,1.173,265,1.412,193,1.499,298,2.477,114,2.181,59,1.874,66,2.935,37,1.915,27,0.862,47,0.633,121,0.803,192,0.792,282,1.05,273,1.074,284,1.08,314,1.031,389,1.134,435,1.289,381,1.075,427,1.119,509,1.221,492,1.209,503,1.51,341,1.336,340,1.459,397,1.798,456,2.171,465,2.605,264,2.728,211,3.02,203,3.558,114,3.145,48,1.833,40,1.052,76,1.094,94,0.887,163,1.026,248,1.043,330,1.108,409,1.25,525,1.411,708,1.716,1109,2.689,873,2.405,551,1.506,772,2.033,729,2.171,460,1.725,349,1.458,449,1.785,354,1.862
Region 17,Region 18,11,0.092,2,0.04,3,0.102,2,0.095,0,0,0,0,1,0.012,5,0.027,2,0.006,8,0.022,13,0.045,5,0.019,8,0.028,8,0.026,5,0.016,14,0.042,10,0.027,15,0.034,12,0.028,9,0.027,8,0.032,6,0.027,5,0.028,4,0.035,7,0.075,2,0.047,0,0,1,0.054,1,0.054,2,0.06,3,0.036,3,0.017,8,0.026,10,0.031,3,0.011,4,0.015,7,0.025,8,0.026,5,0.017,13,0.04,8,0.022,18,0.043,21,0.05,10,0.031,5,0.02,7,0.031,4,0.021,6,0.047,8,0.066,3,0.057,0,0,1,0.044,3,0.155,2,0.064,1,0.013,1,0.007,2,0.008,4,0.015,3,0.012,5,0.019,7,0.023,11,0.032,11,0.033,9,0.025,15,0.039,9,0.022,11,0.027,7,0.021,10,0.039,3,0.013,8,0.036,9,0.043,11,0.062,6,0.062,0,0,2,0.035,2,0.055,1,0.038,1,0.026,1,0.014,0,0,4,0.025,0,0,3,0.01,6,0.018,5,0.013,6,0.015,8,0.019,10,0.028,5,0.014,11,0.029,18,0.054,12,0.045,9,0.038,7,0.028,6,0.032
Region 17,Region 19,17,0.143,8,0.159,1,0.034,1,0.047,0,0,2,0.063,1,0.012,2,0.011,3,0.009,7,0.019,3,0.01,8,0.03,3,0.01,10,0.032,12,0.04,14,0.042,26,0.069,48,0.109,21,0.048,13,0.04,7,0.028,7,0.032,11,0.062,4,0.035,10,0.107,4,0.095,2,0.079,1,0.054,1,0.054,2,0.06,2,0.024,0,0,4,0.013,4,0.012,4,0.015,8,0.031,8,0.029,8,0.026,11,0.036,14,0.043,19,0.052,25,0.059,21,0.05,8,0.025,9,0.037,5,0.022,8,0.043,11,0.085,12,0.1,2,0.038,1,0.032,0,0,2,0.104,0,0,1,0.013,0,0,2,0.008,8,0.03,4,0.016,8,0.03,6,0.02,11,0.032,7,0.021,12,0.034,15,0.039,22,0.053,13,0.032,15,0.045,7,0.027,7,0.03,6,0.027,5,0.024,16,0.09,8,0.083,9,0.129,6,0.105,6,0.166,2,0.076,1,0.026,4,0.058,3,0.028,2,0.013,4,0.017,8,0.027,10,0.031,10,0.027,8,0.019,15,0.036,15,0.041,10,0.027,15,0.039,15,0.045,16,0.06,15,0.063,10,0.04,12,0.063
Region 17,Region 20,63,0.528,35,0.695,21,0.711,12,0.567,2,0.111,4,0.125,13,0.152,33,0.177,61,0.185,97,0.268,63,0.218,70,0.265,66,0.23,76,0.247,63,0.208,86,0.261,88,0.234,112,0.254,104,0.239,80,0.244,68,0.276,62,0.283,47,0.265,34,0.295,36,0.385,17,0.402,7,0.277,5,0.272,8,0.434,5,0.15,16,0.194,29,0.163,74,0.245,57,0.175,60,0.222,47,0.181,58,0.211,67,0.22,63,0.208,74,0.225,53,0.146,92,0.218,79,0.189,75,0.231,54,0.22,56,0.247,64,0.341,32,0.249,50,0.416,23,0.44,15,0.476,9,0.4,5,0.259,5,0.16,13,0.175,21,0.139,49,0.202,43,0.16,43,0.169,47,0.179,47,0.154,58,0.169,59,0.175,80,0.226,63,0.165,88,0.211,58,0.143,60,0.18,46,0.18,47,0.202,57,0.258,71,0.338,84,0.471,56,0.579,36,0.515,44,0.771,24,0.662,10,0.382,5,0.132,27,0.389,28,0.264,26,0.164,35,0.147,48,0.161,55,0.168,76,0.204,102,0.247,99,0.24,67,0.185,76,0.208,82,0.216,121,0.36,88,0.33,67,0.28,85,0.338,50,0.263
Region 17,Region 21,18,0.151,5,0.099,7,0.237,3,0.142,0,0,1,0.031,4,0.047,5,0.027,11,0.033,18,0.05,17,0.059,10,0.038,18,0.063,21,0.068,23,0.076,29,0.088,57,0.151,64,0.145,54,0.124,31,0.095,20,0.081,12,0.055,24,0.135,17,0.148,10,0.107,4,0.095,2,0.079,2,0.109,2,0.108,2,0.06,5,0.061,2,0.011,3,0.01,14,0.043,15,0.055,7,0.027,19,0.069,23,0.075,19,0.063,32,0.098,29,0.08,51,0.121,44,0.105,22,0.068,15,0.061,18,0.079,20,0.107,15,0.117,9,0.075,5,0.096,3,0.095,0,0,2,0.104,0,0,1,0.013,2,0.013,13,0.054,13,0.048,16,0.063,15,0.057,24,0.079,21,0.061,22,0.065,18,0.051,25,0.066,42,0.101,27,0.066,22,0.066,25,0.098,24,0.103,26,0.118,26,0.124,17,0.095,12,0.124,11,0.157,6,0.105,4,0.11,1,0.038,1,0.026,2,0.029,6,0.057,11,0.069,18,0.076,25,0.084,24,0.073,31,0.083,16,0.039,31,0.075,31,0.085,31,0.085,34,0.09,35,0.104,24,0.09,19,0.079,31,0.123,26,0.137
Region 17,Region 22,13,0.109,4,0.079,1,0.034,3,0.142,0,0,0,0,1,0.012,1,0.005,3,0.009,11,0.03,5,0.017,11,0.042,11,0.038,9,0.029,12,0.04,6,0.018,25,0.066,31,0.07,25,0.057,10,0.03,10,0.041,14,0.064,9,0.051,9,0.078,11,0.118,2,0.047,4,0.158,0,0,0,0,0,0,1,0.012,0,0,8,0.026,7,0.022,6,0.022,10,0.039,9,0.033,12,0.039,13,0.043,11,0.034,12,0.033,26,0.062,22,0.053,17,0.052,5,0.02,6,0.026,13,0.069,5,0.039,15,0.125,2,0.038,2,0.064,0,0,0,0,2,0.064,0,0,5,0.033,3,0.012,7,0.026,12,0.047,8,0.03,12,0.039,13,0.038,13,0.039,7,0.02,12,0.031,17,0.041,14,0.034,9,0.027,14,0.055,11,0.047,14,0.063,11,0.052,10,0.056,7,0.072,6,0.086,7,0.123,13,0.359,1,0.038,3,0.079,1,0.014,5,0.047,6,0.038,6,0.025,5,0.017,9,0.028,14,0.038,13,0.032,12,0.029,15,0.041,13,0.036,14,0.037,22,0.066,11,0.041,8,0.033,14,0.056,7,0.037
Region 17,Region 23,111,0.931,32,0.635,34,1.151,13,0.615,16,0.889,13,0.407,26,0.304,48,0.257,103,0.313,145,0.401,104,0.36,128,0.485,148,0.516,145,0.471,156,0.514,256,0.777,372,0.988,446,1.013,367,0.844,167,0.509,98,0.398,104,0.475,80,0.451,59,0.512,56,0.598,22,0.52,24,0.95,15,0.816,13,0.705,12,0.36,28,0.339,60,0.336,123,0.407,133,0.409,116,0.428,106,0.409,113,0.411,139,0.455,166,0.549,230,0.701,328,0.903,445,1.056,295,0.704,169,0.521,84,0.343,106,0.467,85,0.453,56,0.435,89,0.74,25,0.478,27,0.858,26,1.156,20,1.035,12,0.383,28,0.377,51,0.338,89,0.367,84,0.313,66,0.26,106,0.403,123,0.404,142,0.414,190,0.563,219,0.618,263,0.689,319,0.765,165,0.406,144,0.432,95,0.372,79,0.339,107,0.485,140,0.667,107,0.6,52,0.537,48,0.687,54,0.946,45,1.241,21,0.802,19,0.5,36,0.518,58,0.547,72,0.453,102,0.429,84,0.282,118,0.361,101,0.271,123,0.298,143,0.347,159,0.438,173,0.473,334,0.88,652,1.942,250,0.937,141,0.589,188,0.747,96,0.505
Region 17,Region 24,13,0.109,4,0.079,6,0.203,0,0,0,0,2,0.063,0,0,2,0.011,8,0.024,14,0.039,13,0.045,7,0.027,10,0.035,15,0.049,9,0.03,15,0.046,39,0.104,53,0.12,47,0.108,16,0.049,11,0.045,5,0.023,9,0.051,7,0.061,9,0.096,0,0,0,0,0,0,0,0,1,0.03,0,0,2,0.011,13,0.043,11,0.034,9,0.033,11,0.042,5,0.018,12,0.039,13,0.043,16,0.049,28,0.077,43,0.102,31,0.074,23,0.071,9,0.037,16,0.071,17,0.091,6,0.047,5,0.042,0,0,1,0.032,2,0.089,0,0,0,0,0,0,5,0.033,3,0.012,10,0.037,12,0.047,12,0.046,11,0.036,20,0.058,16,0.047,14,0.04,21,0.055,35,0.084,15,0.037,20,0.06,9,0.035,4,0.017,10,0.045,13,0.062,16,0.09,9,0.093,5,0.072,1,0.018,1,0.028,1,0.038,1,0.026,4,0.058,2,0.019,4,0.025,17,0.072,12,0.04,19,0.058,10,0.027,16,0.039,16,0.039,14,0.039,12,0.033,30,0.079,38,0.113,21,0.079,4,0.017,17,0.068,15,0.079
Region 17,Region 25,12,0.101,4,0.079,3,0.102,0,0,1,0.056,0,0,7,0.082,8,0.043,12,0.036,16,0.044,24,0.083,17,0.064,16,0.056,28,0.091,17,0.056,23,0.07,24,0.064,27,0.061,25,0.057,34,0.104,14,0.057,14,0.064,14,0.079,10,0.087,9,0.096,3,0.071,6,0.238,2,0.109,1,0.054,1,0.03,7,0.085,6,0.034,11,0.036,17,0.052,11,0.041,14,0.054,15,0.054,14,0.046,24,0.079,36,0.11,28,0.077,25,0.059,19,0.045,20,0.062,10,0.041,6,0.026,9,0.048,10,0.078,12,0.1,6,0.115,9,0.286,5,0.222,2,0.104,4,0.128,4,0.054,5,0.033,5,0.021,13,0.048,14,0.055,12,0.046,18,0.059,27,0.079,20,0.059,24,0.068,27,0.071,21,0.05,18,0.044,22,0.066,11,0.043,13,0.056,16,0.072,17,0.081,16,0.09,6,0.062,4,0.057,11,0.193,6,0.166,3,0.115,0,0,8,0.115,8,0.075,6,0.038,16,0.067,14,0.047,14,0.043,19,0.051,18,0.044,17,0.041,23,0.063,15,0.041,21,0.055,28,0.083,21,0.079,22,0.092,21,0.083,13,0.068
Region 18,Region 0,4,0.034,3,0.06,0,0,1,0.047,2,0.111,3,0.094,8,0.094,8,0.043,14,0.043,8,0.022,6,0.021,5,0.019,5,0.017,9,0.029,6,0.02,5,0.015,12,0.032,7,0.016,4,0.009,1,0.003,1,0.004,1,0.005,3,0.017,0,0,3,0.032,1,0.024,0,0,0,0,0,0,1,0.03,8,0.097,7,0.039,8,0.026,7,0.022,5,0.018,4,0.015,3,0.011,5,0.016,2,0.007,4,0.012,5,0.014,3,0.007,6,0.014,3,0.009,0,0,1,0.004,1,0.005,1,0.008,2,0.017,0,0,0,0,0,0,0,0,2,0.064,7,0.094,5,0.033,10,0.041,2,0.007,4,0.016,2,0.008,5,0.016,5,0.015,3,0.009,3,0.008,11,0.029,9,0.022,9,0.022,3,0.009,1,0.004,3,0.013,2,0.009,2,0.01,1,0.006,1,0.01,0,0,0,0,0,0,0,0,1,0.026,3,0.043,1,0.009,3,0.019,6,0.025,5,0.017,5,0.015,7,0.019,3,0.007,9,0.022,2,0.006,1,0.003,3,0.008,1,0.003,3,0.011,4,0.017,3,0.012,4,0.021
Region 18,Region 1,1,0.008,4,0.079,2,0.068,1,0.047,0,0,2,0.063,0,0,8,0.043,16,0.049,20,0.055,11,0.038,13,0.049,16,0.056,14,0.045,14,0.046,13,0.039,7,0.019,15,0.034,11,0.025,9,0.027,10,0.041,6,0.027,4,0.023,4,0.035,6,0.064,4,0.095,0,0,0,0,0,0,3,0.09,2,0.024,7,0.039,13,0.043,15,0.046,7,0.026,7,0.027,14,0.051,15,0.049,10,0.033,12,0.037,14,0.039,10,0.024,14,0.033,6,0.018,6,0.024,7,0.031,6,0.032,4,0.031,6,0.05,1,0.019,0,0,0,0,0,0,4,0.128,1,0.013,2,0.013,14,0.058,12,0.045,4,0.016,4,0.015,2,0.007,9,0.026,10,0.03,13,0.037,12,0.031,15,0.036,12,0.029,17,0.051,6,0.023,10,0.043,3,0.014,8,0.038,12,0.067,3,0.031,2,0.029,3,0.053,0,0,0,0,0,0,2,0.029,4,0.038,5,0.031,8,0.034,7,0.024,13,0.04,11,0.03,13,0.032,10,0.024,16,0.044,10,0.027,7,0.018,14,0.042,17,0.064,14,0.058,7,0.028,5,0.026
Region 18,Region 2,7,0.059,3,0.06,2,0.068,0,0,0,0,1,0.031,3,0.035,13,0.07,21,0.064,20,0.055,11,0.038,10,0.038,10,0.035,10,0.032,8,0.026,14,0.042,7,0.019,15,0.034,18,0.041,11,0.034,6,0.024,5,0.023,9,0.051,7,0.061,4,0.043,2,0.047,2,0.079,4,0.218,2,0.108,0,0,3,0.036,8,0.045,19,0.063,17,0.052,10,0.037,8,0.031,8,0.029,12,0.039,11,0.036,12,0.037,13,0.036,13,0.031,19,0.045,16,0.049,9,0.037,5,0.022,8,0.043,8,0.062,9,0.075,2,0.038,0,0,1,0.044,0,0,2,0.064,3,0.04,5,0.033,12,0.049,13,0.048,10,0.039,6,0.023,17,0.056,28,0.082,11,0.033,9,0.025,8,0.021,15,0.036,22,0.054,30,0.09,16,0.063,12,0.052,17,0.077,7,0.033,13,0.073,6,0.062,3,0.043,3,0.053,1,0.028,0,0,2,0.053,3,0.043,7,0.066,15,0.094,9,0.038,9,0.03,11,0.034,14,0.038,18,0.044,14,0.034,4,0.011,22,0.06,40,0.105,9,0.027,5,0.019,8,0.033,10,0.04,7,0.037
Region 18,Region 3,0,0,0,0,0,0,0,0,0,0,0,0,0,0,0,0,0,0,0,0,1,0.003,1,0.004,1,0.003,0,0,2,0.007,1,0.003,3,0.008,1,0.002,1,0.002,1,0.003,0,0,2,0.009,1,0.006,1,0.009,0,0,0,0,0,0,0,0,0,0,0,0,0,0,0,0,1,0.003,0,0,1,0.004,2,0.008,0,0,1,0.003,0,0,2,0.006,1,0.003,1,0.002,0,0,0,0,1,0.004,1,0.004,0,0,0,0,1,0.008,0,0,0,0,0,0,0,0,0,0,0,0,0,0,0,0,2,0.007,0,0,0,0,0,0,1,0.003,2,0.006,1,0.003,1,0.003,1,0.002,1,0.002,0,0,2,0.008,0,0,2,0.009,0,0,0,0,0,0,0,0,2,0.035,0,0,0,0,0,0,0,0,0,0,0,0,1,0.004,1,0.003,1,0.003,2,0.005,2,0.005,3,0.007,1,0.003,4,0.011,1,0.003,1,0.003,1,0.004,0,0,0,0,0,0
Region 18,Region 4,1,0.008,1,0.02,0,0,0,0,0,0,0,0,0,0,0,0,1,0.003,1,0.003,2,0.007,1,0.004,1,0.003,1,0.003,2,0.007,1,0.003,2,0.005,1,0.002,1,0.002,1,0.003,1,0.004,2,0.009,0,0,1,0.009,3,0.032,0,0,0,0,1,0.054,0,0,0,0,0,0,0,0,0,0,1,0.003,3,0.011,3,0.012,2,0.007,1,0.003,2,0.007,1,0.003,0,0,3,0.007,1,0.002,1,0.003,1,0.004,1,0.004,0,0,3,0.023,4,0.033,1,0.019,0,0,1,0.044,1,0.052,1,0.032,3,0.04,1,0.007,1,0.004,1,0.004,0,0,1,0.004,3,0.01,1,0.003,1,0.003,0,0,1,0.003,0,0,0,0,2,0.006,1,0.004,0,0,0,0,2,0.01,5,0.028,3,0.031,0,0,0,0,0,0,0,0,0,0,0,0,1,0.009,1,0.006,0,0,3,0.01,2,0.006,1,0.003,3,0.007,1,0.002,0,0,1,0.003,1,0.003,4,0.012,1,0.004,2,0.008,3,0.012,3,0.016
Region 18,Region 5,0,0,0,0,0,0,0,0,0,0,0,0,0,0,2,0.011,1,0.003,1,0.003,1,0.003,2,0.008,0,0,0,0,1,0.003,1,0.003,1,0.003,0,0,1,0.002,3,0.009,0,0,2,0.009,1,0.006,1,0.009,0,0,0,0,0,0,1,0.054,0,0,0,0,1,0.012,1,0.006,1,0.003,0,0,2,0.007,2,0.008,3,0.011,0,0,1,0.003,1,0.003,2,0.006,0,0,0,0,1,0.003,1,0.004,0,0,0,0,0,0,0,0,1,0.019,0,0,0,0,0,0,0,0,1,0.013,1,0.007,0,0,0,0,2,0.008,0,0,1,0.003,0,0,0,0,1,0.003,0,0,0,0,0,0,0,0,1,0.004,0,0,0,0,0,0,0,0,0,0,0,0,2,0.035,1,0.028,0,0,0,0,1,0.014,1,0.009,0,0,0,0,4,0.013,3,0.009,2,0.005,1,0.002,2,0.005,0,0,1,0.003,1,0.003,0,0,3,0.011,1,0.004,1,0.004,0,0
Region 18,Region 6,6,0.05,5,0.099,1,0.034,0,0,2,0.111,1,0.031,4,0.047,8,0.043,6,0.018,12,0.033,15,0.052,15,0.057,13,0.045,13,0.042,9,0.03,11,0.033,18,0.048,19,0.043,18,0.041,18,0.055,6,0.024,9,0.041,4,0.023,2,0.017,2,0.021,2,0.047,0,0,1,0.054,0,0,3,0.09,3,0.036,4,0.022,6,0.02,7,0.022,11,0.041,9,0.035,6,0.022,14,0.046,13,0.043,14,0.043,17,0.047,15,0.036,15,0.036,16,0.049,6,0.024,6,0.026,2,0.011,5,0.039,1,0.008,4,0.077,0,0,2,0.089,0,0,0,0,1,0.013,3,0.02,11,0.045,3,0.011,19,0.075,8,0.03,12,0.039,12,0.035,10,0.03,10,0.028,13,0.034,12,0.029,12,0.029,15,0.045,10,0.039,6,0.026,8,0.036,7,0.033,1,0.006,6,0.062,3,0.043,1,0.018,0,0,1,0.038,0,0,0,0,0,0,4,0.025,10,0.042,5,0.017,9,0.028,6,0.016,7,0.017,13,0.032,10,0.028,12,0.033,9,0.024,9,0.027,14,0.052,11,0.046,9,0.036,6,0.032
Region 18,Region 7,2,0.017,1,0.02,1,0.034,2,0.095,1,0.056,1,0.031,0,0,1,0.005,5,0.015,8,0.022,8,0.028,5,0.019,7,0.024,4,0.013,6,0.02,6,0.018,6,0.016,7,0.016,6,0.014,3,0.009,3,0.012,3,0.014,3,0.017,2,0.017,2,0.021,2,0.047,2,0.079,0,0,1,0.054,0,0,1,0.012,4,0.022,7,0.023,2,0.006,8,0.03,1,0.004,3,0.011,5,0.016,2,0.007,4,0.012,2,0.006,7,0.017,8,0.019,5,0.015,4,0.016,4,0.018,3,0.016,6,0.047,2,0.017,0,0,3,0.095,0,0,0,0,0,0,0,0,4,0.027,3,0.012,3,0.011,6,0.024,3,0.011,8,0.026,2,0.006,2,0.006,11,0.031,8,0.021,4,0.01,3,0.007,4,0.012,2,0.008,4,0.017,2,0.009,5,0.024,1,0.006,2,0.021,3,0.043,0,0,0,0,0,0,2,0.053,1,0.014,2,0.019,0,0,0,0,2,0.007,5,0.015,3,0.008,8,0.019,5,0.012,5,0.014,6,0.016,5,0.013,5,0.015,8,0.03,9,0.038,5,0.02,6,0.032
Region 18,Region 8,6,0.05,1,0.02,2,0.068,1,0.047,2,0.111,2,0.063,6,0.07,8,0.043,15,0.046,9,0.025,13,0.045,13,0.049,15,0.052,17,0.055,7,0.023,18,0.055,19,0.05,10,0.023,12,0.028,9,0.027,9,0.037,12,0.055,3,0.017,2,0.017,4,0.043,1,0.024,1,0.04,1,0.054,0,0,4,0.12,4,0.048,11,0.062,11,0.036,14,0.043,16,0.059,8,0.031,21,0.076,11,0.036,13,0.043,16,0.049,11,0.03,22,0.052,9,0.021,12,0.037,15,0.061,12,0.053,6,0.032,7,0.054,6,0.05,3,0.057,2,0.064,4,0.178,0,0,2,0.064,1,0.013,7,0.046,8,0.033,19,0.071,18,0.071,9,0.034,8,0.026,8,0.023,16,0.047,14,0.04,14,0.037,10,0.024,8,0.02,10,0.03,9,0.035,9,0.039,6,0.027,7,0.033,9,0.05,4,0.041,3,0.043,2,0.035,0,0,1,0.038,3,0.079,8,0.115,4,0.038,5,0.031,10,0.042,14,0.047,6,0.018,14,0.038,12,0.029,9,0.022,11,0.03,14,0.038,18,0.047,10,0.03,14,0.052,12,0.05,9,0.036,12,0.063
Region 18,Region 9,0,0,0,0,0,0,1,0.047,0,0,0,0,0,0,0,0,0,0,1,0.003,1,0.003,0,0,2,0.007,0,0,1,0.003,2,0.006,2,0.005,1,0.002,1,0.002,1,0.003,1,0.004,0,0,0,0,0,0,1,0.011,1,0.024,0,0,0,0,0,0,0,0,1,0.012,1,0.006,1,0.003,1,0.003,0,0,1,0.004,0,0,0,0,2,0.007,2,0.006,2,0.006,3,0.007,2,0.005,1,0.003,2,0.008,0,0,0,0,0,0,0,0,0,0,1,0.032,0,0,0,0,0,0,3,0.04,1,0.007,2,0.008,1,0.004,1,0.004,1,0.004,0,0,0,0,3,0.009,4,0.011,1,0.003,1,0.002,1,0.002,3,0.009,3,0.012,0,0,0,0,1,0.005,1,0.006,0,0,0,0,0,0,0,0,0,0,0,0,1,0.014,0,0,0,0,3,0.013,2,0.007,1,0.003,1,0.003,2,0.005,0,0,3,0.008,1,0.003,2,0.005,2,0.006,0,0,0,0,0,0,0,0
Region 18,Region 10,1,0.008,0,0,0,0,1,0.047,0,0,2,0.063,1,0.012,2,0.011,6,0.018,3,0.008,5,0.017,0,0,3,0.01,2,0.006,5,0.016,3,0.009,7,0.019,4,0.009,5,0.011,3,0.009,1,0.004,1,0.005,1,0.006,1,0.009,4,0.043,2,0.047,0,0,0,0,2,0.108,2,0.06,3,0.036,5,0.028,7,0.023,8,0.025,4,0.015,2,0.008,4,0.015,3,0.01,2,0.007,2,0.006,5,0.014,8,0.019,4,0.01,6,0.018,1,0.004,4,0.018,0,0,0,0,3,0.025,0,0,0,0,0,0,2,0.104,1,0.032,0,0,6,0.04,7,0.029,4,0.015,4,0.016,2,0.008,9,0.03,8,0.023,12,0.036,9,0.025,5,0.013,5,0.012,5,0.012,2,0.006,4,0.016,2,0.009,3,0.014,2,0.01,1,0.006,0,0,0,0,0,0,1,0.028,0,0,0,0,0,0,1,0.009,3,0.019,1,0.004,3,0.01,5,0.015,3,0.008,3,0.007,3,0.007,3,0.008,6,0.016,5,0.013,4,0.012,3,0.011,4,0.017,0,0,1,0.005
Region 18,Region 11,12,0.101,3,0.06,3,0.102,0,0,2,0.111,2,0.063,1,0.012,6,0.032,11,0.033,16,0.044,17,0.059,14,0.053,16,0.056,15,0.049,14,0.046,20,0.061,24,0.064,29,0.066,38,0.087,28,0.085,17,0.069,21,0.096,11,0.062,7,0.061,10,0.107,3,0.071,2,0.079,2,0.109,0,0,1,0.03,0,0,8,0.045,11,0.036,11,0.034,10,0.037,12,0.046,13,0.047,15,0.049,18,0.06,22,0.067,25,0.069,36,0.085,27,0.064,24,0.074,18,0.073,14,0.062,12,0.064,10,0.078,7,0.058,4,0.077,1,0.032,1,0.044,0,0,0,0,2,0.027,3,0.02,14,0.058,12,0.045,11,0.043,18,0.068,21,0.069,13,0.038,18,0.053,35,0.099,21,0.055,34,0.082,36,0.088,16,0.048,19,0.074,15,0.064,11,0.05,12,0.057,10,0.056,5,0.052,7,0.1,3,0.053,0,0,1,0.038,0,0,2,0.029,2,0.019,3,0.019,13,0.055,14,0.047,10,0.031,23,0.062,21,0.051,19,0.046,24,0.066,14,0.038,20,0.053,26,0.077,21,0.079,10,0.042,13,0.052,17,0.089
Region 18,Region 12,1,0.008,1,0.02,1,0.034,1,0.047,0,0,0,0,0,0,1,0.005,2,0.006,5,0.014,0,0,5,0.019,5,0.017,2,0.006,3,0.01,3,0.009,3,0.008,4,0.009,3,0.007,2,0.006,0,0,3,0.014,3,0.017,2,0.017,1,0.011,1,0.024,0,0,0,0,0,0,1,0.03,1,0.012,0,0,1,0.003,4,0.012,2,0.007,1,0.004,2,0.007,6,0.02,2,0.007,5,0.015,2,0.006,2,0.005,2,0.005,4,0.012,2,0.008,1,0.004,1,0.005,2,0.016,1,0.008,0,0,0,0,0,0,0,0,1,0.032,0,0,1,0.007,4,0.016,4,0.015,3,0.012,5,0.019,3,0.01,1,0.003,5,0.015,2,0.006,7,0.018,4,0.01,4,0.01,0,0,2,0.008,1,0.004,1,0.005,3,0.014,1,0.006,0,0,2,0.029,1,0.018,0,0,0,0,0,0,3,0.043,0,0,2,0.013,1,0.004,7,0.024,1,0.003,0,0,5,0.012,3,0.007,4,0.011,2,0.005,5,0.013,4,0.012,1,0.004,6,0.025,2,0.008,4,0.021
Region 18,Region 13,2,0.017,3,0.06,2,0.068,2,0.095,3,0.167,2,0.063,5,0.058,13,0.07,16,0.049,19,0.053,10,0.035,10,0.038,12,0.042,13,0.042,8,0.026,7,0.021,21,0.056,20,0.045,13,0.03,9,0.027,5,0.02,8,0.037,9,0.051,3,0.026,5,0.053,0,0,1,0.04,0,0,3,0.163,2,0.06,6,0.073,11,0.062,17,0.056,13,0.04,9,0.033,10,0.039,11,0.04,14,0.046,11,0.036,14,0.043,22,0.061,15,0.036,25,0.06,15,0.046,4,0.016,7,0.031,3,0.016,8,0.062,9,0.075,3,0.057,0,0,0,0,2,0.104,2,0.064,4,0.054,9,0.06,15,0.062,12,0.045,9,0.035,7,0.027,7,0.023,16,0.047,10,0.03,16,0.045,15,0.039,11,0.026,16,0.039,11,0.033,10,0.039,8,0.034,10,0.045,6,0.029,4,0.022,6,0.062,5,0.072,0,0,1,0.028,0,0,2,0.053,4,0.058,7,0.066,5,0.031,9,0.038,6,0.02,13,0.04,18,0.048,18,0.044,18,0.044,9,0.025,14,0.038,13,0.034,16,0.048,12,0.045,11,0.046,8,0.032,5,0.026
Region 18,Region 14,4,0.034,2,0.04,4,0.135,2,0.095,4,0.222,1,0.031,8,0.094,8,0.043,18,0.055,18,0.05,14,0.048,19,0.072,19,0.066,14,0.045,20,0.066,22,0.067,21,0.056,17,0.039,15,0.034,12,0.037,7,0.028,3,0.014,8,0.045,1,0.009,3,0.032,5,0.118,4,0.158,2,0.109,3,0.163,6,0.18,13,0.158,12,0.067,22,0.073,16,0.049,17,0.063,11,0.042,13,0.047,12,0.039,9,0.03,15,0.046,16,0.044,12,0.028,11,0.026,18,0.055,10,0.041,9,0.04,11,0.059,6,0.047,9,0.075,3,0.057,4,0.127,2,0.089,2,0.104,7,0.223,5,0.067,18,0.119,15,0.062,11,0.041,20,0.079,18,0.068,10,0.033,17,0.05,5,0.015,16,0.045,9,0.024,9,0.022,18,0.044,15,0.045,9,0.035,7,0.03,9,0.041,11,0.052,12,0.067,6,0.062,1,0.014,3,0.053,4,0.11,3,0.115,10,0.263,6,0.086,13,0.123,11,0.069,10,0.042,14,0.047,19,0.058,20,0.054,17,0.041,16,0.039,17,0.047,24,0.066,17,0.045,13,0.039,12,0.045,8,0.033,10,0.04,19,0.1
Region 18,Region 15,3,0.025,0,0,1,0.034,0,0,1,0.056,1,0.031,0,0,0,0,5,0.015,8,0.022,4,0.014,2,0.008,2,0.007,3,0.01,2,0.007,4,0.012,6,0.016,3,0.007,4,0.009,2,0.006,5,0.02,2,0.009,0,0,1,0.009,4,0.043,0,0,0,0,0,0,0,0,0,0,0,0,1,0.006,2,0.007,3,0.009,0,0,4,0.015,2,0.007,4,0.013,2,0.007,3,0.009,2,0.006,3,0.007,3,0.007,2,0.006,4,0.016,1,0.004,1,0.005,3,0.023,6,0.05,0,0,0,0,0,0,0,0,0,0,0,0,1,0.007,1,0.004,4,0.015,2,0.008,2,0.008,2,0.007,4,0.012,2,0.006,11,0.031,8,0.021,9,0.022,9,0.022,6,0.018,1,0.004,0,0,4,0.018,0,0,3,0.017,1,0.01,0,0,1,0.018,0,0,0,0,1,0.026,0,0,2,0.019,0,0,2,0.008,4,0.013,5,0.015,3,0.008,0,0,6,0.015,4,0.011,4,0.011,3,0.008,4,0.012,2,0.007,0,0,1,0.004,5,0.026
Region 18,Region 16,0,0,0,0,0,0,0,0,0,0,0,0,0,0,1,0.005,1,0.003,0,0,0,0,0,0,0,0,1,0.003,0,0,1,0.003,0,0,1,0.002,0,0,0,0,0,0,0,0,0,0,0,0,0,0,0,0,0,0,0,0,0,0,0,0,0,0,1,0.006,2,0.007,0,0,0,0,0,0,0,0,0,0,0,0,0,0,0,0,0,0,0,0,0,0,0,0,1,0.004,0,0,0,0,0,0,0,0,0,0,0,0,0,0,0,0,0,0,0,0,1,0.004,0,0,0,0,0,0,0,0,1,0.003,2,0.006,1,0.003,1,0.003,0,0,0,0,0,0,0,0,0,0,0,0,0,0,0,0,0,0,0,0,1,0.018,0,0,0,0,0,0,0,0,0,0,0,0,1,0.004,0,0,0,0,0,0,0,0,0,0,0,0,1,0.003,0,0,0,0,0,0,0,0,0,0,0,0
Region 18,Region 17,5,0.042,4,0.079,0,0,2,0.095,0,0,5,0.156,4,0.047,16,0.086,25,0.076,21,0.058,13,0.045,15,0.057,16,0.056,11,0.036,9,0.03,12,0.036,6,0.016,8,0.018,11,0.025,13,0.04,8,0.032,8,0.037,4,0.023,3,0.026,2,0.021,4,0.095,1,0.04,1,0.054,0,0,1,0.03,5,0.061,9,0.05,31,0.103,31,0.095,13,0.048,11,0.042,9,0.033,15,0.049,8,0.026,11,0.034,9,0.025,8,0.019,9,0.021,17,0.052,5,0.02,8,0.035,8,0.043,7,0.054,8,0.066,1,0.019,0,0,3,0.133,3,0.155,2,0.064,2,0.027,12,0.08,18,0.074,20,0.074,14,0.055,8,0.03,8,0.026,10,0.029,8,0.024,7,0.02,11,0.029,21,0.05,7,0.017,21,0.063,6,0.023,7,0.03,7,0.032,9,0.043,11,0.062,4,0.041,2,0.029,0,0,2,0.055,0,0,0,0,5,0.072,2,0.019,3,0.019,15,0.063,16,0.054,13,0.04,15,0.04,24,0.058,31,0.075,16,0.044,16,0.044,10,0.026,15,0.045,14,0.052,9,0.038,13,0.052,5,0.026
Region 18,Region 18,13,0.109,5,0.099,7,0.237,6,0.284,3,0.167,11,0.344,36,0.421,51,0.273,74,0.225,54,0.149,46,0.159,41,0.155,46,0.16,55,0.179,58,0.191,59,0.179,83,0.22,86,0.195,65,0.149,42,0.128,37,0.15,31,0.142,23,0.13,16,0.139,24,0.256,7,0.166,5,0.198,5,0.272,4,0.217,12,0.36,28,0.339,51,0.286,69,0.228,47,0.145,57,0.211,46,0.177,43,0.156,56,0.183,62,0.205,76,0.232,76,0.209,82,0.195,68,0.162,54,0.166,24,0.098,38,0.168,26,0.139,20,0.155,23,0.191,8,0.153,7,0.222,8,0.356,6,0.311,15,0.479,26,0.35,42,0.279,50,0.206,44,0.164,37,0.146,44,0.167,48,0.158,55,0.16,52,0.154,55,0.155,56,0.147,75,0.18,53,0.13,41,0.123,40,0.157,36,0.155,33,0.149,31,0.148,22,0.123,16,0.165,5,0.072,5,0.088,9,0.248,6,0.229,6,0.158,10,0.144,19,0.179,18,0.113,29,0.122,40,0.134,51,0.156,50,0.134,62,0.15,62,0.15,64,0.176,55,0.15,57,0.15,48,0.143,37,0.139,44,0.184,35,0.139,21,0.11
Region 18,Region 19,9,0.075,2,0.04,0,0,0,0,3,0.167,3,0.094,1,0.012,3,0.016,13,0.04,13,0.036,22,0.076,17,0.064,15,0.052,13,0.042,23,0.076,19,0.058,26,0.069,38,0.086,36,0.083,21,0.064,15,0.061,5,0.023,10,0.056,10,0.087,6,0.064,1,0.024,2,0.079,1,0.054,1,0.054,2,0.06,7,0.085,8,0.045,10,0.033,13,0.04,6,0.022,7,0.027,16,0.058,21,0.069,22,0.073,24,0.073,36,0.099,39,0.093,31,0.074,18,0.055,10,0.041,10,0.044,8,0.043,5,0.039,9,0.075,3,0.057,2,0.064,0,0,1,0.052,5,0.16,6,0.081,6,0.04,10,0.041,12,0.045,16,0.063,12,0.046,21,0.069,25,0.073,20,0.059,32,0.09,39,0.102,33,0.079,31,0.076,16,0.048,11,0.043,12,0.052,14,0.063,10,0.048,10,0.056,6,0.062,0,0,5,0.088,2,0.055,3,0.115,2,0.053,5,0.072,3,0.028,6,0.038,10,0.042,12,0.04,17,0.052,24,0.065,20,0.048,21,0.051,19,0.052,16,0.044,23,0.061,12,0.036,19,0.071,18,0.075,9,0.036,6,0.032
Region 18,Region 20,2,0.017,2,0.04,1,0.034,0,0,0,0,2,0.063,2,0.023,3,0.016,9,0.027,5,0.014,6,0.021,4,0.015,3,0.01,5,0.016,7,0.023,6,0.018,4,0.011,3,0.007,6,0.014,2,0.006,2,0.008,1,0.005,1,0.006,0,0,2,0.021,0,0,0,0,2,0.109,0,0,0,0,3,0.036,4,0.022,3,0.01,11,0.034,1,0.004,4,0.015,5,0.018,3,0.01,6,0.02,5,0.015,4,0.011,4,0.009,2,0.005,2,0.006,3,0.012,5,0.022,1,0.005,1,0.008,3,0.025,0,0,0,0,1,0.044,1,0.052,0,0,0,0,2,0.013,6,0.025,5,0.019,4,0.016,5,0.019,2,0.007,2,0.006,4,0.012,4,0.011,4,0.01,3,0.007,0,0,0,0,4,0.016,4,0.017,1,0.005,7,0.033,3,0.017,2,0.021,0,0,0,0,0,0,0,0,0,0,2,0.029,2,0.019,1,0.006,3,0.013,2,0.007,6,0.018,3,0.008,3,0.007,8,0.019,4,0.011,1,0.003,0,0,2,0.006,0,0,2,0.008,2,0.008,3,0.016
Region 18,Region 21,0,0,1,0.02,0,0,0,0,0,0,0,0,0,0,1,0.005,0,0,2,0.006,3,0.01,0,0,0,0,1,0.003,1,0.003,3,0.009,2,0.005,0,0,1,0.002,1,0.003,0,0,3,0.014,2,0.011,1,0.009,1,0.011,0,0,0,0,0,0,0,0,0,0,0,0,1,0.006,0,0,2,0.006,0,0,6,0.023,0,0,0,0,0,0,1,0.003,1,0.003,0,0,3,0.007,3,0.009,4,0.016,0,0,0,0,2,0.016,0,0,0,0,0,0,0,0,0,0,0,0,0,0,0,0,0,0,0,0,0,0,2,0.008,0,0,1,0.003,1,0.003,2,0.006,3,0.008,3,0.007,3,0.007,1,0.003,0,0,1,0.004,1,0.005,2,0.01,0,0,0,0,0,0,0,0,0,0,0,0,0,0,0,0,1,0.009,2,0.013,2,0.008,2,0.007,1,0.003,1,0.003,2,0.005,2,0.005,0,0,1,0.003,3,0.008,3,0.009,1,0.004,0,0,2,0.008,0,0
Region 18,Region 22,0,0,0,0,2,0.068,1,0.047,0,0,0,0,0,0,0,0,1,0.003,2,0.006,2,0.007,0,0,1,0.003,1,0.003,0,0,1,0.003,4,0.011,1,0.002,0,0,2,0.006,0,0,0,0,2,0.011,1,0.009,0,0,0,0,0,0,0,0,0,0,0,0,0,0,0,0,0,0,3,0.009,0,0,0,0,3,0.011,2,0.007,2,0.007,0,0,1,0.003,1,0.002,2,0.005,1,0.003,3,0.012,1,0.004,1,0.005,0,0,0,0,0,0,0,0,0,0,0,0,0,0,1,0.013,0,0,0,0,1,0.004,3,0.012,2,0.008,2,0.007,1,0.003,0,0,1,0.003,0,0,2,0.005,0,0,0,0,2,0.008,0,0,1,0.005,0,0,0,0,0,0,0,0,0,0,0,0,1,0.038,0,0,0,0,1,0.009,2,0.013,1,0.004,2,0.007,0,0,0,0,1,0.002,0,0,2,0.006,2,0.005,0,0,3,0.009,1,0.004,0,0,0,0,0,0
Region 18,Region 23,64,0.537,20,0.397,9,0.305,6,0.284,5,0.278,8,0.25,21,0.245,20,0.107,42,0.128,53,0.147,68,0.236,47,0.178,71,0.248,63,0.205,76,0.251,86,0.261,104,0.276,122,0.277,117,0.269,79,0.241,67,0.272,57,0.26,48,0.271,45,0.391,34,0.363,22,0.52,9,0.356,8,0.435,9,0.488,5,0.15,21,0.255,30,0.168,46,0.152,71,0.218,44,0.163,51,0.197,93,0.338,68,0.223,68,0.225,99,0.302,95,0.262,93,0.221,126,0.301,85,0.262,58,0.237,61,0.269,47,0.25,50,0.388,54,0.449,16,0.306,12,0.381,4,0.178,8,0.414,6,0.192,15,0.202,35,0.232,45,0.186,53,0.197,57,0.224,52,0.198,79,0.259,64,0.187,86,0.255,85,0.24,108,0.283,138,0.331,94,0.231,78,0.234,73,0.286,68,0.292,57,0.258,80,0.381,64,0.359,26,0.269,19,0.272,19,0.333,28,0.772,10,0.382,8,0.21,22,0.317,23,0.217,47,0.296,54,0.227,68,0.228,72,0.22,103,0.277,76,0.184,91,0.221,95,0.262,66,0.18,72,0.19,94,0.28,85,0.319,56,0.234,72,0.286,76,0.4
Region 18,Region 24,0,0,1,0.02,0,0,0,0,0,0,0,0,0,0,1,0.005,0,0,1,0.003,0,0,1,0.004,0,0,2,0.006,0,0,0,0,2,0.005,2,0.005,1,0.002,0,0,0,0,2,0.009,0,0,1,0.009,0,0,0,0,0,0,0,0,1,0.054,0,0,0,0,1,0.006,1,0.003,0,0,0,0,1,0.004,0,0,2,0.007,0,0,0,0,0,0,3,0.007,1,0.002,1,0.003,2,0.008,0,0,0,0,0,0,0,0,0,0,0,0,1,0.044,0,0,0,0,0,0,0,0,0,0,0,0,1,0.004,0,0,2,0.007,1,0.003,1,0.003,1,0.003,2,0.005,0,0,1,0.002,1,0.003,1,0.004,1,0.004,1,0.005,1,0.005,0,0,0,0,0,0,0,0,0,0,0,0,0,0,0,0,1,0.009,2,0.013,0,0,1,0.003,0,0,0,0,0,0,0,0,0,0,0,0,1,0.003,1,0.003,1,0.004,1,0.004,0,0,0,0
Region 18,Region 25,6,0.05,5,0.099,3,0.102,0,0,2,0.111,1,0.031,5,0.058,15,0.08,15,0.046,19,0.053,17,0.059,16,0.061,16,0.056,17,0.055,19,0.063,17,0.052,17,0.045,22,0.05,24,0.055,14,0.043,11,0.045,14,0.064,11,0.062,6,0.052,5,0.053,1,0.024,2,0.079,2,0.109,1,0.054,1,0.03,5,0.061,21,0.118,14,0.046,19,0.058,18,0.066,16,0.062,13,0.047,22,0.072,18,0.06,16,0.049,14,0.039,20,0.047,18,0.043,15,0.046,18,0.073,7,0.031,12,0.064,8,0.062,13,0.108,2,0.038,6,0.191,0,0,1,0.052,4,0.128,3,0.04,14,0.093,13,0.054,25,0.093,22,0.087,16,0.061,18,0.059,22,0.064,31,0.092,18,0.051,30,0.079,21,0.05,24,0.059,18,0.054,18,0.07,21,0.09,12,0.054,13,0.062,11,0.062,8,0.083,2,0.029,2,0.035,0,0,1,0.038,1,0.026,4,0.058,3,0.028,4,0.025,16,0.067,15,0.05,16,0.049,17,0.046,26,0.063,15,0.036,14,0.039,29,0.079,19,0.05,20,0.06,13,0.049,21,0.088,20,0.079,11,0.058
Region 19,Region 0,1,0.008,1,0.02,1,0.034,0,0,0,0,1,0.031,3,0.035,4,0.021,11,0.033,11,0.03,2,0.007,5,0.019,2,0.007,6,0.019,4,0.013,3,0.009,1,0.003,9,0.02,3,0.007,4,0.012,4,0.016,4,0.018,2,0.011,3,0.026,0,0,0,0,0,0,0,0,0,0,0,0,8,0.097,4,0.022,9,0.03,8,0.025,9,0.033,4,0.015,3,0.011,3,0.01,6,0.02,8,0.024,3,0.008,7,0.017,4,0.01,2,0.006,4,0.016,3,0.013,0,0,3,0.023,1,0.008,0,0,1,0.032,1,0.044,0,0,1,0.032,1,0.013,5,0.033,6,0.025,4,0.015,2,0.008,5,0.019,2,0.007,4,0.012,9,0.027,5,0.014,3,0.008,4,0.01,4,0.01,2,0.006,0,0,5,0.021,1,0.005,1,0.005,2,0.011,1,0.01,0,0,0,0,1,0.028,0,0,1,0.026,1,0.014,2,0.019,3,0.019,4,0.017,3,0.01,5,0.015,5,0.013,6,0.015,7,0.017,2,0.006,3,0.008,8,0.021,3,0.009,2,0.007,1,0.004,3,0.012,2,0.011
Region 19,Region 1,11,0.092,5,0.099,1,0.034,3,0.142,2,0.111,0,0,9,0.105,25,0.134,56,0.17,48,0.133,33,0.114,22,0.083,24,0.084,28,0.091,20,0.066,30,0.091,28,0.074,32,0.073,48,0.11,40,0.122,24,0.097,16,0.073,9,0.051,8,0.069,6,0.064,5,0.118,2,0.079,1,0.054,1,0.054,1,0.03,11,0.133,28,0.157,34,0.112,33,0.102,34,0.126,19,0.073,18,0.065,26,0.085,25,0.083,22,0.067,22,0.061,40,0.095,43,0.103,42,0.129,20,0.082,22,0.097,19,0.101,17,0.132,9,0.075,4,0.077,2,0.064,4,0.178,2,0.104,4,0.128,8,0.108,22,0.146,26,0.107,34,0.127,25,0.098,34,0.129,25,0.082,33,0.096,22,0.065,39,0.11,32,0.084,28,0.067,48,0.118,33,0.099,29,0.114,16,0.069,20,0.091,13,0.062,14,0.078,11,0.114,11,0.157,2,0.035,5,0.138,2,0.076,4,0.105,7,0.101,16,0.151,18,0.113,30,0.126,31,0.104,29,0.089,38,0.102,39,0.095,38,0.092,53,0.146,42,0.115,33,0.087,22,0.066,27,0.101,22,0.092,19,0.076,14,0.074
Region 19,Region 2,2,0.017,0,0,0,0,0,0,0,0,0,0,0,0,5,0.027,13,0.04,17,0.047,7,0.024,8,0.03,8,0.028,5,0.016,2,0.007,6,0.018,6,0.016,8,0.018,4,0.009,3,0.009,2,0.008,3,0.014,3,0.017,1,0.009,2,0.021,0,0,1,0.04,1,0.054,0,0,0,0,1,0.012,6,0.034,11,0.036,17,0.052,6,0.022,5,0.019,11,0.04,5,0.016,5,0.017,5,0.015,5,0.014,6,0.014,5,0.012,5,0.015,4,0.016,5,0.022,2,0.011,4,0.031,3,0.025,2,0.038,0,0,1,0.044,0,0,0,0,0,0,5,0.033,9,0.037,13,0.048,4,0.016,6,0.023,9,0.03,9,0.026,2,0.006,3,0.008,7,0.018,10,0.024,15,0.037,7,0.021,5,0.02,5,0.021,2,0.009,2,0.01,4,0.022,2,0.021,2,0.029,1,0.018,0,0,0,0,0,0,3,0.043,5,0.047,2,0.013,4,0.017,7,0.024,5,0.015,3,0.008,3,0.007,9,0.022,8,0.022,12,0.033,7,0.018,7,0.021,7,0.026,5,0.021,5,0.02,2,0.011
Region 19,Region 3,0,0,1,0.02,0,0,0,0,0,0,0,0,0,0,1,0.005,0,0,1,0.003,0,0,1,0.004,0,0,0,0,0,0,1,0.003,1,0.003,1,0.002,1,0.002,1,0.003,1,0.004,0,0,1,0.006,0,0,0,0,0,0,0,0,0,0,0,0,0,0,0,0,0,0,1,0.003,0,0,1,0.004,2,0.008,1,0.004,0,0,0,0,1,0.003,1,0.003,1,0.002,1,0.002,2,0.006,3,0.012,2,0.009,0,0,0,0,0,0,0,0,0,0,0,0,0,0,0,0,0,0,0,0,2,0.008,0,0,0,0,1,0.004,0,0,1,0.003,1,0.003,2,0.006,2,0.005,2,0.005,0,0,1,0.003,0,0,1,0.004,0,0,0,0,0,0,0,0,0,0,0,0,0,0,0,0,0,0,1,0.014,1,0.009,0,0,0,0,0,0,1,0.003,1,0.003,1,0.002,2,0.005,0,0,3,0.008,1,0.003,2,0.006,1,0.004,0,0,2,0.008,1,0.005
Region 19,Region 4,0,0,0,0,0,0,0,0,0,0,0,0,0,0,0,0,2,0.006,1,0.003,0,0,0,0,2,0.007,0,0,0,0,2,0.006,0,0,0,0,0,0,1,0.003,1,0.004,1,0.005,0,0,0,0,0,0,0,0,0,0,0,0,0,0,0,0,0,0,0,0,1,0.003,2,0.006,1,0.004,0,0,0,0,0,0,0,0,2,0.006,0,0,2,0.005,2,0.005,1,0.003,2,0.008,2,0.009,1,0.005,0,0,2,0.017,1,0.019,0,0,0,0,0,0,0,0,0,0,0,0,1,0.004,0,0,1,0.004,0,0,1,0.003,1,0.003,0,0,2,0.006,1,0.003,1,0.002,4,0.01,2,0.006,1,0.004,3,0.013,1,0.005,3,0.014,3,0.017,1,0.01,1,0.014,1,0.018,0,0,0,0,0,0,1,0.014,0,0,0,0,0,0,2,0.007,0,0,1,0.003,0,0,0,0,0,0,1,0.003,0,0,1,0.003,3,0.011,2,0.008,3,0.012,0,0
Region 19,Region 5,1,0.008,1,0.02,0,0,0,0,0,0,0,0,3,0.035,1,0.005,3,0.009,4,0.011,1,0.003,3,0.011,2,0.007,1,0.003,0,0,4,0.012,2,0.005,1,0.002,0,0,6,0.018,3,0.012,3,0.014,1,0.006,0,0,0,0,0,0,0,0,0,0,0,0,1,0.03,3,0.036,1,0.006,3,0.01,1,0.003,0,0,0,0,4,0.015,5,0.016,2,0.007,0,0,3,0.008,2,0.005,1,0.002,3,0.009,1,0.004,3,0.013,2,0.011,0,0,0,0,0,0,0,0,0,0,0,0,0,0,2,0.027,3,0.02,1,0.004,2,0.007,4,0.016,1,0.004,1,0.003,5,0.015,1,0.003,1,0.003,1,0.003,0,0,4,0.01,4,0.012,3,0.012,2,0.009,2,0.009,2,0.01,0,0,0,0,1,0.014,0,0,0,0,0,0,0,0,2,0.029,0,0,2,0.013,3,0.013,2,0.007,2,0.006,2,0.005,4,0.01,3,0.007,2,0.006,2,0.005,1,0.003,5,0.015,3,0.011,1,0.004,2,0.008,1,0.005
Region 19,Region 6,26,0.218,10,0.198,7,0.237,3,0.142,4,0.222,7,0.219,26,0.304,48,0.257,62,0.188,63,0.174,61,0.211,61,0.231,75,0.262,76,0.247,65,0.214,74,0.225,90,0.239,97,0.22,109,0.251,109,0.332,78,0.317,56,0.256,45,0.254,32,0.278,18,0.192,6,0.142,7,0.277,4,0.218,5,0.271,6,0.18,35,0.424,48,0.269,61,0.202,68,0.209,56,0.207,63,0.243,72,0.262,74,0.242,80,0.265,70,0.213,66,0.182,91,0.216,107,0.255,88,0.271,64,0.261,53,0.234,39,0.208,21,0.163,26,0.216,4,0.077,6,0.191,4,0.178,4,0.207,6,0.192,26,0.35,41,0.272,47,0.194,75,0.279,66,0.26,69,0.262,82,0.269,106,0.309,57,0.169,75,0.212,79,0.207,105,0.252,120,0.295,117,0.351,101,0.396,62,0.266,42,0.19,24,0.114,42,0.235,24,0.248,14,0.2,19,0.333,6,0.166,5,0.191,9,0.237,13,0.187,26,0.245,38,0.239,54,0.227,87,0.292,78,0.238,105,0.282,113,0.274,122,0.296,114,0.314,124,0.339,124,0.327,90,0.268,86,0.322,69,0.288,56,0.223,49,0.258
Region 19,Region 7,2,0.017,2,0.04,0,0,0,0,1,0.056,3,0.094,1,0.012,6,0.032,5,0.015,6,0.017,6,0.021,4,0.015,8,0.028,3,0.01,2,0.007,7,0.021,8,0.021,2,0.005,4,0.009,4,0.012,4,0.016,3,0.014,2,0.011,1,0.009,2,0.021,0,0,0,0,1,0.054,1,0.054,0,0,1,0.012,4,0.022,2,0.007,5,0.015,1,0.004,2,0.008,4,0.015,6,0.02,2,0.007,7,0.021,8,0.022,5,0.012,4,0.01,6,0.018,6,0.024,3,0.013,0,0,4,0.031,1,0.008,3,0.057,4,0.127,0,0,0,0,1,0.032,1,0.013,3,0.02,1,0.004,2,0.007,7,0.028,3,0.011,6,0.02,4,0.012,4,0.012,9,0.025,1,0.003,4,0.01,7,0.017,7,0.021,7,0.027,6,0.026,8,0.036,0,0,6,0.034,2,0.021,1,0.014,0,0,2,0.055,2,0.076,0,0,4,0.058,3,0.028,3,0.019,4,0.017,5,0.017,6,0.018,3,0.008,7,0.017,9,0.022,5,0.014,4,0.011,4,0.011,6,0.018,6,0.022,1,0.004,5,0.02,11,0.058
Region 19,Region 8,2,0.017,2,0.04,3,0.102,1,0.047,1,0.056,1,0.031,2,0.023,9,0.048,15,0.046,12,0.033,8,0.028,11,0.042,7,0.024,7,0.023,4,0.013,4,0.012,17,0.045,10,0.023,13,0.03,8,0.024,5,0.02,4,0.018,3,0.017,2,0.017,6,0.064,0,0,0,0,1,0.054,2,0.108,1,0.03,2,0.024,5,0.028,17,0.056,16,0.049,9,0.033,9,0.035,11,0.04,7,0.023,5,0.017,4,0.012,18,0.05,12,0.028,7,0.017,12,0.037,7,0.029,5,0.022,6,0.032,2,0.016,1,0.008,1,0.019,0,0,0,0,1,0.052,0,0,1,0.013,6,0.04,11,0.045,15,0.056,7,0.028,6,0.023,13,0.043,6,0.017,9,0.027,11,0.031,11,0.029,9,0.022,15,0.037,12,0.036,6,0.023,6,0.026,4,0.018,2,0.01,2,0.011,2,0.021,1,0.014,1,0.018,4,0.11,2,0.076,4,0.105,7,0.101,2,0.019,1,0.006,5,0.021,8,0.027,4,0.012,9,0.024,15,0.036,15,0.036,11,0.03,8,0.022,10,0.026,8,0.024,4,0.015,6,0.025,3,0.012,6,0.032
Region 19,Region 9,0,0,0,0,0,0,0,0,3,0.167,1,0.031,2,0.023,3,0.016,1,0.003,3,0.008,6,0.021,7,0.027,3,0.01,1,0.003,1,0.003,3,0.009,5,0.013,4,0.009,1,0.002,1,0.003,4,0.016,2,0.009,1,0.006,0,0,0,0,0,0,0,0,0,0,4,0.217,4,0.12,1,0.012,5,0.028,4,0.013,3,0.009,2,0.007,1,0.004,4,0.015,2,0.007,8,0.026,2,0.006,3,0.008,5,0.012,1,0.002,4,0.012,0,0,2,0.009,0,0,0,0,0,0,1,0.019,0,0,1,0.044,1,0.052,4,0.128,2,0.027,4,0.027,2,0.008,2,0.007,1,0.004,4,0.015,3,0.01,5,0.015,3,0.009,4,0.011,4,0.01,2,0.005,4,0.01,4,0.012,7,0.027,2,0.009,2,0.009,1,0.005,0,0,6,0.062,2,0.029,2,0.035,1,0.028,1,0.038,3,0.079,4,0.058,0,0,4,0.025,2,0.008,3,0.01,1,0.003,3,0.008,7,0.017,3,0.007,2,0.006,1,0.003,2,0.005,2,0.006,0,0,2,0.008,2,0.008,4,0.021
Region 19,Region 10,3,0.025,4,0.079,2,0.068,1,0.047,2,0.111,2,0.063,5,0.058,9,0.048,14,0.043,17,0.047,8,0.028,10,0.038,18,0.063,20,0.065,8,0.026,14,0.042,19,0.05,15,0.034,23,0.053,14,0.043,11,0.045,10,0.046,5,0.028,5,0.043,5,0.053,3,0.071,1,0.04,0,0,0,0,3,0.09,2,0.024,5,0.028,15,0.05,16,0.049,13,0.048,18,0.069,20,0.073,21,0.069,19,0.063,19,0.058,18,0.05,24,0.057,23,0.055,12,0.037,12,0.049,8,0.035,11,0.059,5,0.039,5,0.042,4,0.077,1,0.032,0,0,0,0,2,0.064,5,0.067,9,0.06,15,0.062,5,0.019,16,0.063,11,0.042,14,0.046,15,0.044,18,0.053,16,0.045,19,0.05,10,0.024,13,0.032,8,0.024,9,0.035,10,0.043,7,0.032,3,0.014,8,0.045,1,0.01,4,0.057,3,0.053,1,0.028,2,0.076,3,0.079,2,0.029,5,0.047,6,0.038,11,0.046,15,0.05,14,0.043,15,0.04,21,0.051,29,0.07,12,0.033,12,0.033,14,0.037,9,0.027,9,0.034,5,0.021,9,0.036,4,0.021
Region 19,Region 11,0,0,4,0.079,0,0,0,0,0,0,0,0,0,0,2,0.011,2,0.006,5,0.014,6,0.021,3,0.011,5,0.017,7,0.023,3,0.01,6,0.018,8,0.021,14,0.032,10,0.023,2,0.006,4,0.016,6,0.027,2,0.011,2,0.017,1,0.011,0,0,0,0,0,0,1,0.054,0,0,1,0.012,4,0.022,4,0.013,6,0.018,3,0.011,1,0.004,1,0.004,3,0.01,2,0.007,4,0.012,8,0.022,13,0.031,15,0.036,5,0.015,3,0.012,1,0.004,3,0.016,4,0.031,5,0.042,0,0,0,0,0,0,0,0,0,0,0,0,3,0.02,4,0.016,5,0.019,3,0.012,2,0.008,3,0.01,4,0.012,5,0.015,7,0.02,9,0.024,4,0.01,5,0.012,6,0.018,1,0.004,2,0.009,2,0.009,3,0.014,5,0.028,1,0.01,1,0.014,0,0,1,0.028,0,0,0,0,1,0.014,1,0.009,1,0.006,4,0.017,3,0.01,4,0.012,4,0.011,3,0.007,8,0.019,5,0.014,5,0.014,8,0.021,4,0.012,6,0.022,7,0.029,3,0.012,4,0.021
Region 19,Region 12,2,0.017,2,0.04,1,0.034,0,0,0,0,0,0,3,0.035,3,0.016,2,0.006,5,0.014,8,0.028,10,0.038,1,0.003,3,0.01,7,0.023,4,0.012,7,0.019,6,0.014,4,0.009,5,0.015,6,0.024,3,0.014,2,0.011,2,0.017,1,0.011,0,0,1,0.04,0,0,0,0,1,0.03,1,0.012,6,0.034,4,0.013,9,0.028,6,0.022,6,0.023,1,0.004,4,0.013,2,0.007,2,0.006,7,0.019,8,0.019,7,0.017,12,0.037,7,0.029,3,0.013,3,0.016,3,0.023,2,0.017,1,0.019,1,0.032,1,0.044,0,0,0,0,0,0,6,0.04,4,0.016,5,0.019,5,0.02,3,0.011,4,0.013,8,0.023,4,0.012,7,0.02,5,0.013,6,0.014,2,0.005,5,0.015,4,0.016,6,0.026,6,0.027,3,0.014,4,0.022,1,0.01,1,0.014,1,0.018,0,0,0,0,1,0.026,1,0.014,3,0.028,6,0.038,5,0.021,1,0.003,1,0.003,9,0.024,2,0.005,3,0.007,7,0.019,7,0.019,6,0.016,9,0.027,7,0.026,7,0.029,5,0.02,5,0.026
Region 19,Region 13,4,0.034,1,0.02,1,0.034,2,0.095,1,0.056,0,0,3,0.035,5,0.027,12,0.036,10,0.028,11,0.038,4,0.015,6,0.021,5,0.016,11,0.036,3,0.009,7,0.019,7,0.016,12,0.028,4,0.012,5,0.02,7,0.032,9,0.051,2,0.017,0,0,0,0,0,0,0,0,0,0,2,0.06,3,0.036,3,0.017,9,0.03,7,0.022,8,0.03,6,0.023,5,0.018,11,0.036,5,0.017,5,0.015,4,0.011,10,0.024,5,0.012,11,0.034,4,0.016,8,0.035,2,0.011,1,0.008,5,0.042,0,0,0,0,1,0.044,0,0,1,0.032,3,0.04,5,0.033,5,0.021,5,0.019,3,0.012,3,0.011,3,0.01,11,0.032,8,0.024,8,0.023,10,0.026,8,0.019,7,0.017,5,0.015,6,0.023,3,0.013,7,0.032,11,0.052,4,0.022,2,0.021,1,0.014,1,0.018,1,0.028,0,0,1,0.026,1,0.014,4,0.038,8,0.05,5,0.021,8,0.027,9,0.028,8,0.022,6,0.015,8,0.019,14,0.039,8,0.022,8,0.021,3,0.009,4,0.015,4,0.017,5,0.02,1,0.005
Region 19,Region 14,0,0,2,0.04,0,0,1,0.047,1,0.056,1,0.031,14,0.164,18,0.096,30,0.091,19,0.053,17,0.059,13,0.049,19,0.066,8,0.026,11,0.036,6,0.018,11,0.029,14,0.032,14,0.032,12,0.037,9,0.037,17,0.078,7,0.039,2,0.017,2,0.021,0,0,1,0.04,1,0.054,2,0.108,7,0.21,12,0.145,27,0.151,31,0.103,18,0.055,15,0.055,18,0.069,20,0.073,18,0.059,20,0.066,17,0.052,15,0.041,13,0.031,17,0.041,12,0.037,7,0.029,9,0.04,10,0.053,9,0.07,2,0.017,2,0.038,2,0.064,2,0.089,3,0.155,5,0.16,7,0.094,12,0.08,20,0.082,26,0.097,17,0.067,22,0.084,13,0.043,8,0.023,14,0.041,19,0.054,18,0.047,12,0.029,17,0.042,14,0.042,10,0.039,9,0.039,11,0.05,2,0.01,5,0.028,9,0.093,2,0.029,0,0,5,0.138,6,0.229,8,0.21,6,0.086,7,0.066,10,0.063,15,0.063,18,0.06,12,0.037,14,0.038,21,0.051,20,0.048,33,0.091,29,0.079,17,0.045,13,0.039,11,0.041,16,0.067,15,0.06,14,0.074
Region 19,Region 15,0,0,1,0.02,0,0,2,0.095,0,0,0,0,0,0,1,0.005,9,0.027,3,0.008,1,0.003,1,0.004,0,0,0,0,3,0.01,2,0.006,3,0.008,3,0.007,3,0.007,3,0.009,2,0.008,0,0,3,0.017,1,0.009,1,0.011,1,0.024,0,0,2,0.109,0,0,0,0,0,0,0,0,4,0.013,4,0.012,0,0,4,0.015,2,0.007,4,0.013,0,0,0,0,2,0.006,4,0.009,3,0.007,1,0.003,2,0.008,4,0.018,2,0.011,0,0,1,0.008,0,0,0,0,0,0,0,0,1,0.032,0,0,0,0,3,0.012,0,0,1,0.004,2,0.008,1,0.003,2,0.006,2,0.006,3,0.008,3,0.008,3,0.007,1,0.002,3,0.009,0,0,1,0.004,2,0.009,3,0.014,4,0.022,2,0.021,0,0,1,0.018,0,0,0,0,0,0,1,0.014,2,0.019,0,0,0,0,0,0,3,0.009,2,0.005,0,0,2,0.005,4,0.011,1,0.003,0,0,1,0.003,2,0.007,2,0.008,4,0.016,1,0.005
Region 19,Region 16,0,0,0,0,0,0,0,0,0,0,0,0,0,0,0,0,1,0.003,0,0,0,0,0,0,1,0.003,0,0,1,0.003,1,0.003,0,0,1,0.002,1,0.002,1,0.003,0,0,2,0.009,0,0,0,0,0,0,0,0,0,0,0,0,0,0,0,0,0,0,0,0,0,0,1,0.003,0,0,1,0.004,0,0,0,0,0,0,0,0,0,0,1,0.002,0,0,0,0,0,0,0,0,0,0,0,0,0,0,0,0,0,0,0,0,0,0,0,0,1,0.013,0,0,1,0.004,0,0,1,0.004,2,0.008,1,0.003,0,0,0,0,1,0.003,1,0.003,1,0.002,3,0.007,0,0,0,0,0,0,0,0,0,0,0,0,0,0,0,0,1,0.018,0,0,0,0,0,0,0,0,0,0,2,0.013,0,0,0,0,0,0,1,0.003,0,0,0,0,0,0,0,0,0,0,0,0,0,0,0,0,0,0,1,0.005
Region 19,Region 17,2,0.017,0,0,0,0,0,0,3,0.167,2,0.063,11,0.129,23,0.123,50,0.152,33,0.091,12,0.042,7,0.027,4,0.014,9,0.029,17,0.056,24,0.073,10,0.027,13,0.03,3,0.007,7,0.021,10,0.041,7,0.032,4,0.023,8,0.069,0,0,0,0,0,0,0,0,2,0.108,2,0.06,9,0.109,22,0.123,28,0.093,20,0.062,7,0.026,9,0.035,10,0.036,10,0.033,13,0.043,12,0.037,8,0.022,16,0.038,12,0.029,9,0.028,5,0.02,9,0.04,5,0.027,4,0.031,3,0.025,0,0,3,0.095,2,0.089,1,0.052,0,0,6,0.081,8,0.053,15,0.062,20,0.074,8,0.031,8,0.03,9,0.03,13,0.038,16,0.047,9,0.025,8,0.021,14,0.034,13,0.032,9,0.027,8,0.031,11,0.047,7,0.032,6,0.029,4,0.022,0,0,2,0.029,4,0.07,5,0.138,2,0.076,4,0.105,10,0.144,3,0.028,11,0.069,8,0.034,9,0.03,9,0.028,18,0.048,23,0.056,30,0.073,15,0.041,15,0.041,6,0.016,15,0.045,12,0.045,7,0.029,4,0.016,10,0.053
Region 19,Region 18,3,0.025,0,0,2,0.068,1,0.047,1,0.056,4,0.125,9,0.105,20,0.107,36,0.109,27,0.075,17,0.059,20,0.076,17,0.059,26,0.084,24,0.079,27,0.082,25,0.066,24,0.055,36,0.083,15,0.046,11,0.045,12,0.055,10,0.056,7,0.061,3,0.032,2,0.047,1,0.04,1,0.054,3,0.163,2,0.06,5,0.061,15,0.084,23,0.076,28,0.086,22,0.081,19,0.073,14,0.051,16,0.052,20,0.066,23,0.07,27,0.074,25,0.059,35,0.084,28,0.086,17,0.069,14,0.062,15,0.08,4,0.031,6,0.05,1,0.019,3,0.095,2,0.089,2,0.104,3,0.096,10,0.135,17,0.113,28,0.115,27,0.101,15,0.059,12,0.046,21,0.069,25,0.073,25,0.074,25,0.071,23,0.06,30,0.072,25,0.061,28,0.084,12,0.047,16,0.069,12,0.054,11,0.052,14,0.078,7,0.072,4,0.057,2,0.035,2,0.055,0,0,3,0.079,11,0.158,8,0.075,10,0.063,17,0.072,16,0.054,12,0.037,22,0.059,22,0.053,24,0.058,28,0.077,26,0.071,31,0.082,12,0.036,8,0.03,11,0.046,12,0.048,6,0.032
Region 19,Region 19,97,0.813,44,0.873,23,0.778,14,0.662,20,1.111,35,1.094,75,0.877,151,0.808,215,0.653,268,0.741,245,0.849,252,0.954,299,1.043,396,1.287,356,1.174,370,1.123,428,1.137,491,1.115,565,1.299,400,1.22,311,1.262,257,1.174,213,1.2,151,1.311,118,1.261,32,0.757,27,1.069,21,1.143,20,1.084,36,1.079,62,0.751,140,0.785,222,0.734,243,0.748,273,1.008,308,1.188,330,1.199,406,1.33,359,1.188,380,1.158,444,1.222,537,1.274,557,1.33,385,1.187,291,1.187,286,1.261,227,1.209,141,1.095,124,1.031,51,0.976,26,0.826,23,1.023,12,0.621,26,0.83,61,0.822,112,0.743,201,0.829,222,0.827,238,0.936,275,1.046,329,1.08,431,1.256,413,1.224,377,1.064,420,1.101,458,1.099,471,1.158,359,1.077,335,1.312,271,1.163,210,0.951,179,0.852,165,0.925,91,0.94,40,0.573,32,0.561,30,0.828,24,0.917,38,1,62,0.893,112,1.057,181,1.139,270,1.136,314,1.055,376,1.149,401,1.078,397,0.962,392,0.95,383,1.055,411,1.124,373,0.982,334,0.995,314,1.177,283,1.182,227,0.902,182,0.957
Region 19,Region 20,3,0.025,0,0,1,0.034,1,0.047,2,0.111,1,0.031,6,0.07,11,0.059,20,0.061,23,0.064,9,0.031,6,0.023,6,0.021,9,0.029,5,0.016,10,0.03,8,0.021,8,0.018,9,0.021,3,0.009,6,0.024,2,0.009,6,0.034,3,0.026,2,0.021,1,0.024,1,0.04,0,0,1,0.054,6,0.18,8,0.097,13,0.073,14,0.046,12,0.037,12,0.044,9,0.035,8,0.029,8,0.026,7,0.023,10,0.03,6,0.017,8,0.019,8,0.019,8,0.025,8,0.033,3,0.013,4,0.021,1,0.008,2,0.017,2,0.038,0,0,1,0.044,1,0.052,5,0.16,7,0.094,11,0.073,13,0.054,8,0.03,7,0.028,7,0.027,8,0.026,9,0.026,15,0.044,10,0.028,10,0.026,8,0.019,13,0.032,6,0.018,6,0.023,6,0.026,4,0.018,1,0.005,5,0.028,2,0.021,1,0.014,4,0.07,2,0.055,2,0.076,4,0.105,4,0.058,5,0.047,6,0.038,9,0.038,11,0.037,4,0.012,8,0.022,11,0.027,13,0.032,10,0.028,13,0.036,7,0.018,6,0.018,6,0.022,5,0.021,4,0.016,7,0.037
Region 19,Region 21,1,0.008,1,0.02,0,0,0,0,0,0,0,0,1,0.012,0,0,1,0.003,2,0.006,1,0.003,0,0,2,0.007,1,0.003,0,0,0,0,0,0,1,0.002,4,0.009,0,0,0,0,3,0.014,0,0,0,0,0,0,0,0,0,0,0,0,0,0,0,0,0,0,0,0,2,0.007,1,0.003,2,0.007,0,0,0,0,1,0.003,1,0.003,0,0,2,0.006,2,0.005,2,0.005,1,0.003,1,0.004,2,0.009,2,0.011,2,0.016,0,0,0,0,0,0,0,0,0,0,0,0,0,0,2,0.013,2,0.008,1,0.004,1,0.004,2,0.008,3,0.01,3,0.009,4,0.012,2,0.006,1,0.003,3,0.007,5,0.012,3,0.009,2,0.008,0,0,0,0,3,0.014,3,0.017,0,0,0,0,0,0,0,0,0,0,0,0,2,0.029,1,0.009,0,0,0,0,1,0.003,3,0.009,0,0,2,0.005,2,0.005,4,0.011,1,0.003,1,0.003,3,0.009,0,0,0,0,4,0.016,2,0.011
Region 19,Region 22,0,0,0,0,0,0,0,0,0,0,0,0,1,0.012,0,0,3,0.009,6,0.017,1,0.003,2,0.008,0,0,1,0.003,0,0,0,0,0,0,1,0.002,1,0.002,1,0.003,0,0,0,0,0,0,1,0.009,0,0,0,0,0,0,0,0,0,0,0,0,0,0,1,0.006,4,0.013,4,0.012,0,0,3,0.012,3,0.011,2,0.007,0,0,1,0.003,0,0,3,0.007,1,0.002,4,0.012,2,0.008,1,0.004,1,0.005,0,0,0,0,0,0,0,0,0,0,0,0,0,0,0,0,2,0.013,0,0,0,0,1,0.004,4,0.015,2,0.007,0,0,1,0.003,0,0,2,0.005,1,0.002,1,0.002,0,0,1,0.004,0,0,2,0.009,4,0.019,1,0.006,0,0,0,0,0,0,0,0,0,0,0,0,0,0,0,0,1,0.006,1,0.004,0,0,0,0,1,0.003,0,0,0,0,1,0.003,2,0.005,2,0.005,2,0.006,2,0.007,0,0,1,0.004,0,0
Region 19,Region 23,5,0.042,0,0,0,0,0,0,1,0.056,1,0.031,2,0.023,3,0.016,8,0.024,4,0.011,7,0.024,3,0.011,2,0.007,8,0.026,8,0.026,4,0.012,10,0.027,10,0.023,12,0.028,9,0.027,4,0.016,4,0.018,2,0.011,1,0.009,1,0.011,2,0.047,0,0,0,0,0,0,0,0,1,0.012,5,0.028,6,0.02,9,0.028,5,0.018,6,0.023,8,0.029,11,0.036,7,0.023,5,0.015,7,0.019,7,0.017,11,0.026,6,0.018,9,0.037,1,0.004,4,0.021,6,0.047,3,0.025,1,0.019,0,0,0,0,0,0,1,0.032,2,0.027,2,0.013,4,0.016,2,0.007,4,0.016,4,0.015,7,0.023,4,0.012,8,0.024,2,0.006,7,0.018,8,0.019,7,0.017,10,0.03,12,0.047,4,0.017,7,0.032,2,0.01,3,0.017,0,0,1,0.014,0,0,0,0,0,0,0,0,0,0,4,0.038,0,0,6,0.025,3,0.01,5,0.015,3,0.008,8,0.019,10,0.024,9,0.025,6,0.016,7,0.018,6,0.018,3,0.011,9,0.038,5,0.02,3,0.016
Region 19,Region 24,0,0,0,0,0,0,1,0.047,1,0.056,0,0,0,0,0,0,1,0.003,2,0.006,1,0.003,0,0,0,0,0,0,0,0,0,0,1,0.003,0,0,1,0.002,0,0,1,0.004,0,0,0,0,1,0.009,0,0,0,0,0,0,0,0,0,0,0,0,0,0,0,0,2,0.007,1,0.003,1,0.004,2,0.008,1,0.004,1,0.003,2,0.007,2,0.006,5,0.014,1,0.002,1,0.002,3,0.009,0,0,0,0,0,0,2,0.016,0,0,0,0,0,0,0,0,0,0,1,0.032,0,0,0,0,1,0.004,2,0.007,1,0.004,0,0,2,0.007,0,0,1,0.003,0,0,1,0.003,2,0.005,3,0.007,3,0.009,2,0.008,0,0,0,0,1,0.005,0,0,0,0,0,0,0,0,0,0,0,0,1,0.026,2,0.029,0,0,1,0.006,1,0.004,1,0.003,3,0.009,3,0.008,3,0.007,2,0.005,2,0.006,0,0,1,0.003,1,0.003,1,0.004,1,0.004,0,0,3,0.016
Region 19,Region 25,7,0.059,1,0.02,0,0,0,0,0,0,1,0.031,3,0.035,3,0.016,9,0.027,11,0.03,9,0.031,13,0.049,4,0.014,8,0.026,12,0.04,13,0.039,9,0.024,7,0.016,18,0.041,10,0.03,7,0.028,7,0.032,4,0.023,3,0.026,4,0.043,3,0.071,2,0.079,0,0,2,0.108,1,0.03,2,0.024,1,0.006,13,0.043,14,0.043,7,0.026,8,0.031,4,0.015,11,0.036,6,0.02,9,0.027,13,0.036,13,0.031,10,0.024,6,0.018,4,0.016,10,0.044,3,0.016,5,0.039,2,0.017,3,0.057,2,0.064,0,0,2,0.104,1,0.032,2,0.027,5,0.033,9,0.037,13,0.048,9,0.035,3,0.011,7,0.023,9,0.026,12,0.036,5,0.014,14,0.037,8,0.019,9,0.022,6,0.018,9,0.035,2,0.009,3,0.014,2,0.01,4,0.022,3,0.031,0,0,3,0.053,0,0,1,0.038,2,0.053,1,0.014,0,0,6,0.038,3,0.013,2,0.007,7,0.021,17,0.046,11,0.027,13,0.032,11,0.03,10,0.027,19,0.05,13,0.039,12,0.045,9,0.038,6,0.024,6,0.032
Region 20,Region 0,5,0.042,7,0.139,6,0.203,10,0.473,1,0.056,0,0,2,0.023,6,0.032,21,0.064,12,0.033,12,0.042,9,0.034,16,0.056,14,0.045,18,0.059,22,0.067,24,0.064,29,0.066,21,0.048,15,0.046,20,0.081,11,0.05,10,0.056,6,0.052,4,0.043,0,0,1,0.04,2,0.109,2,0.108,2,0.06,2,0.024,6,0.034,9,0.03,10,0.031,8,0.03,16,0.062,11,0.04,23,0.075,10,0.033,9,0.027,23,0.063,23,0.055,18,0.043,19,0.059,15,0.061,9,0.04,9,0.048,5,0.039,7,0.058,3,0.057,5,0.159,2,0.089,1,0.052,4,0.128,4,0.054,7,0.046,14,0.058,11,0.041,8,0.031,16,0.061,14,0.046,16,0.047,7,0.021,15,0.042,27,0.071,27,0.065,16,0.039,13,0.039,10,0.039,16,0.069,9,0.041,7,0.033,9,0.05,7,0.072,7,0.1,6,0.105,4,0.11,3,0.115,2,0.053,5,0.072,8,0.075,5,0.031,13,0.055,11,0.037,13,0.04,12,0.032,9,0.022,12,0.029,18,0.05,10,0.027,14,0.037,16,0.048,19,0.071,9,0.038,7,0.028,6,0.032
Region 20,Region 1,34,0.285,10,0.198,11,0.372,5,0.236,4,0.222,2,0.063,11,0.129,14,0.075,31,0.094,63,0.174,43,0.149,37,0.14,45,0.157,47,0.153,45,0.148,58,0.176,64,0.17,80,0.182,97,0.223,88,0.268,64,0.26,54,0.247,37,0.209,36,0.313,15,0.16,9,0.213,1,0.04,4,0.218,1,0.054,2,0.06,4,0.048,10,0.056,26,0.086,49,0.151,26,0.096,33,0.127,47,0.171,49,0.161,34,0.113,60,0.183,70,0.193,93,0.221,88,0.21,75,0.231,53,0.216,47,0.207,49,0.261,32,0.249,32,0.266,10,0.191,12,0.381,9,0.4,2,0.104,2,0.064,4,0.054,4,0.027,15,0.062,32,0.119,45,0.177,40,0.152,36,0.118,57,0.166,50,0.148,51,0.144,47,0.123,76,0.182,74,0.182,61,0.183,62,0.243,51,0.219,69,0.313,59,0.281,72,0.403,48,0.496,37,0.53,27,0.473,8,0.221,3,0.115,5,0.132,6,0.086,19,0.179,14,0.088,31,0.13,37,0.124,57,0.174,53,0.142,64,0.155,67,0.162,74,0.204,47,0.128,66,0.174,68,0.203,51,0.191,61,0.255,78,0.31,77,0.405
Region 20,Region 2,8,0.067,1,0.02,3,0.102,0,0,1,0.056,2,0.063,4,0.047,4,0.021,20,0.061,20,0.055,15,0.052,12,0.045,16,0.056,15,0.049,5,0.016,20,0.061,19,0.05,24,0.055,29,0.067,20,0.061,12,0.049,8,0.037,6,0.034,3,0.026,3,0.032,2,0.047,1,0.04,1,0.054,1,0.054,2,0.06,1,0.012,2,0.011,15,0.05,20,0.062,13,0.048,7,0.027,14,0.051,15,0.049,12,0.04,11,0.034,19,0.052,17,0.04,23,0.055,13,0.04,14,0.057,8,0.035,4,0.021,10,0.078,8,0.066,4,0.077,1,0.032,0,0,1,0.052,3,0.096,1,0.013,2,0.013,11,0.045,10,0.037,13,0.051,11,0.042,11,0.036,23,0.067,18,0.053,11,0.031,15,0.039,14,0.034,17,0.042,32,0.096,18,0.07,20,0.086,19,0.086,18,0.086,23,0.129,21,0.217,11,0.157,4,0.07,2,0.055,3,0.115,2,0.053,0,0,4,0.038,6,0.038,15,0.063,6,0.02,18,0.055,12,0.032,5,0.012,17,0.041,18,0.05,17,0.046,33,0.087,13,0.039,13,0.049,16,0.067,18,0.072,23,0.121
Region 20,Region 3,6,0.05,5,0.099,0,0,2,0.095,0,0,0,0,0,0,1,0.005,2,0.006,4,0.011,1,0.003,1,0.004,5,0.017,2,0.006,3,0.01,4,0.012,2,0.005,15,0.034,8,0.018,5,0.015,3,0.012,9,0.041,2,0.011,2,0.017,3,0.032,0,0,1,0.04,0,0,1,0.054,1,0.03,0,0,1,0.006,0,0,2,0.006,0,0,2,0.008,6,0.022,1,0.003,3,0.01,2,0.006,4,0.011,9,0.021,9,0.021,4,0.012,3,0.012,4,0.018,1,0.005,5,0.039,4,0.033,2,0.038,0,0,0,0,2,0.104,0,0,0,0,1,0.007,1,0.004,0,0,3,0.012,2,0.008,1,0.003,1,0.003,1,0.003,7,0.02,7,0.018,5,0.012,6,0.015,4,0.012,3,0.012,8,0.034,3,0.014,0,0,4,0.022,2,0.021,2,0.029,3,0.053,3,0.083,1,0.038,0,0,0,0,0,0,2,0.013,2,0.008,2,0.007,5,0.015,5,0.013,5,0.012,3,0.007,5,0.014,3,0.008,3,0.008,1,0.003,6,0.022,4,0.017,2,0.008,8,0.042
Region 20,Region 4,4,0.034,2,0.04,2,0.068,3,0.142,0,0,1,0.031,3,0.035,0,0,1,0.003,12,0.033,5,0.017,8,0.03,7,0.024,5,0.016,3,0.01,7,0.021,11,0.029,12,0.027,8,0.018,4,0.012,11,0.045,6,0.027,5,0.028,3,0.026,5,0.053,1,0.024,1,0.04,1,0.054,2,0.108,0,0,4,0.048,1,0.006,6,0.02,6,0.018,3,0.011,9,0.035,4,0.015,9,0.029,6,0.02,10,0.03,8,0.022,9,0.021,15,0.036,13,0.04,9,0.037,5,0.022,8,0.043,7,0.054,7,0.058,1,0.019,4,0.127,1,0.044,0,0,0,0,2,0.027,1,0.007,3,0.012,6,0.022,7,0.028,7,0.027,5,0.016,2,0.006,8,0.024,8,0.023,8,0.021,11,0.026,13,0.032,9,0.027,6,0.023,9,0.039,9,0.041,5,0.024,5,0.028,5,0.052,7,0.1,3,0.053,3,0.083,1,0.038,1,0.026,1,0.014,4,0.038,2,0.013,5,0.021,7,0.024,8,0.024,8,0.022,11,0.027,12,0.029,4,0.011,12,0.033,6,0.016,4,0.012,6,0.022,8,0.033,8,0.032,10,0.053
Region 20,Region 5,19,0.159,12,0.238,18,0.609,17,0.804,0,0,1,0.031,10,0.117,21,0.112,42,0.128,9,0.025,20,0.069,28,0.106,24,0.084,28,0.091,30,0.099,26,0.079,21,0.056,30,0.068,27,0.062,21,0.064,24,0.097,21,0.096,29,0.163,8,0.069,12,0.128,1,0.024,0,0,2,0.109,4,0.217,3,0.09,3,0.036,20,0.112,25,0.083,24,0.074,26,0.096,25,0.096,34,0.124,31,0.102,27,0.089,20,0.061,34,0.094,38,0.09,24,0.057,16,0.049,22,0.09,22,0.097,26,0.139,8,0.062,17,0.141,5,0.096,4,0.127,0,0,0,0,2,0.064,3,0.04,19,0.126,25,0.103,35,0.13,29,0.114,17,0.065,29,0.095,21,0.061,26,0.077,35,0.099,25,0.066,20,0.048,33,0.081,31,0.093,20,0.078,23,0.099,17,0.077,17,0.081,13,0.073,9,0.093,14,0.2,9,0.158,3,0.083,2,0.076,2,0.053,3,0.043,8,0.075,6,0.038,19,0.08,20,0.067,20,0.061,23,0.062,26,0.063,35,0.085,32,0.088,12,0.033,32,0.084,29,0.086,23,0.086,22,0.092,18,0.072,15,0.079
Region 20,Region 6,6,0.05,6,0.119,0,0,2,0.095,0,0,0,0,1,0.012,3,0.016,5,0.015,9,0.025,12,0.042,15,0.057,11,0.038,18,0.058,16,0.053,9,0.027,28,0.074,28,0.064,24,0.055,23,0.07,24,0.097,11,0.05,6,0.034,4,0.035,6,0.064,1,0.024,3,0.119,2,0.109,5,0.271,1,0.03,0,0,0,0,5,0.017,5,0.015,8,0.03,9,0.035,12,0.044,8,0.026,11,0.036,14,0.043,15,0.041,26,0.062,23,0.055,24,0.074,15,0.061,16,0.071,10,0.053,6,0.047,8,0.066,3,0.057,4,0.127,1,0.044,0,0,0,0,1,0.013,1,0.007,8,0.033,5,0.019,6,0.024,7,0.027,17,0.056,11,0.032,14,0.041,11,0.031,22,0.058,21,0.05,19,0.047,14,0.042,16,0.063,14,0.06,17,0.077,9,0.043,9,0.05,5,0.052,2,0.029,6,0.105,4,0.11,0,0,0,0,1,0.014,6,0.057,4,0.025,6,0.025,9,0.03,11,0.034,14,0.038,34,0.082,21,0.051,14,0.039,12,0.033,18,0.047,19,0.057,12,0.045,11,0.046,17,0.068,7,0.037
Region 20,Region 7,16,0.134,7,0.139,5,0.169,5,0.236,4,0.222,1,0.031,3,0.035,9,0.048,16,0.049,18,0.05,13,0.045,16,0.061,17,0.059,21,0.068,29,0.096,29,0.088,34,0.09,34,0.077,27,0.062,31,0.095,11,0.045,15,0.069,15,0.085,13,0.113,14,0.15,10,0.237,3,0.119,1,0.054,3,0.163,2,0.06,1,0.012,13,0.073,12,0.04,9,0.028,13,0.048,14,0.054,23,0.084,21,0.069,19,0.063,20,0.061,28,0.077,34,0.081,33,0.079,27,0.083,13,0.053,17,0.075,15,0.08,13,0.101,20,0.166,5,0.096,4,0.127,2,0.089,1,0.052,1,0.032,2,0.027,6,0.04,18,0.074,13,0.048,20,0.079,13,0.049,13,0.043,27,0.079,24,0.071,23,0.065,22,0.058,22,0.053,32,0.079,16,0.048,23,0.09,25,0.107,19,0.086,18,0.086,30,0.168,12,0.124,9,0.129,7,0.123,9,0.248,1,0.038,2,0.053,8,0.115,5,0.047,6,0.038,10,0.042,19,0.064,18,0.055,21,0.056,20,0.048,20,0.048,21,0.058,25,0.068,18,0.047,26,0.077,23,0.086,21,0.088,19,0.076,12,0.063
Region 20,Region 8,90,0.755,66,1.31,39,1.32,19,0.898,12,0.667,14,0.438,21,0.245,70,0.375,167,0.507,164,0.454,161,0.558,161,0.61,170,0.593,265,0.861,216,0.712,323,0.98,424,1.126,430,0.977,376,0.864,238,0.726,185,0.751,153,0.699,120,0.676,75,0.651,84,0.897,41,0.97,18,0.713,6,0.326,7,0.379,7,0.21,19,0.23,45,0.252,161,0.533,176,0.541,143,0.528,127,0.49,192,0.698,193,0.632,253,0.837,275,0.838,374,1.03,352,0.835,263,0.628,210,0.647,209,0.853,152,0.67,133,0.709,82,0.637,95,0.79,28,0.536,26,0.826,11,0.489,16,0.828,9,0.287,9,0.121,43,0.285,141,0.581,122,0.454,115,0.452,141,0.536,201,0.66,207,0.603,218,0.646,280,0.79,328,0.86,295,0.708,291,0.715,187,0.561,168,0.658,141,0.605,134,0.607,127,0.605,156,0.874,106,1.095,88,1.26,61,1.069,43,1.186,21,0.802,18,0.474,44,0.633,90,0.849,68,0.428,104,0.438,131,0.44,166,0.507,220,0.591,197,0.477,219,0.531,199,0.548,206,0.563,201,0.529,230,0.685,176,0.66,125,0.522,151,0.6,95,0.5
Region 20,Region 9,7,0.059,7,0.139,3,0.102,4,0.189,4,0.222,7,0.219,4,0.047,7,0.037,13,0.04,2,0.006,13,0.045,9,0.034,6,0.021,9,0.029,8,0.026,8,0.024,13,0.035,31,0.07,34,0.078,10,0.03,4,0.016,4,0.018,5,0.028,4,0.035,7,0.075,3,0.071,1,0.04,4,0.218,4,0.217,5,0.15,5,0.061,7,0.039,4,0.013,6,0.018,10,0.037,11,0.042,11,0.04,5,0.016,9,0.03,14,0.043,24,0.066,24,0.057,17,0.041,8,0.025,7,0.029,7,0.031,7,0.037,6,0.047,7,0.058,1,0.019,0,0,1,0.044,1,0.052,6,0.192,3,0.04,3,0.02,5,0.021,8,0.03,8,0.031,6,0.023,6,0.02,9,0.026,10,0.03,13,0.037,27,0.071,24,0.058,22,0.054,13,0.039,8,0.031,8,0.034,4,0.018,5,0.024,7,0.039,10,0.103,4,0.057,3,0.053,1,0.028,2,0.076,13,0.342,5,0.072,7,0.066,6,0.038,1,0.004,12,0.04,9,0.028,15,0.04,10,0.024,18,0.044,18,0.05,13,0.036,12,0.032,10,0.03,11,0.041,7,0.029,8,0.032,5,0.026
Region 20,Region 10,76,0.637,41,0.814,21,0.711,13,0.615,11,0.611,9,0.281,24,0.281,50,0.268,155,0.471,150,0.415,135,0.468,123,0.466,150,0.523,180,0.585,166,0.547,204,0.619,266,0.707,296,0.672,270,0.621,202,0.616,115,0.467,128,0.585,106,0.597,73,0.634,54,0.577,31,0.733,18,0.713,17,0.925,11,0.596,11,0.33,27,0.327,70,0.392,149,0.493,149,0.458,112,0.414,108,0.416,167,0.607,172,0.564,172,0.569,221,0.673,240,0.661,255,0.605,236,0.564,177,0.546,145,0.592,118,0.52,99,0.527,78,0.606,71,0.59,42,0.803,21,0.667,24,1.067,11,0.569,13,0.415,15,0.202,38,0.252,121,0.499,118,0.439,131,0.515,130,0.494,116,0.381,185,0.539,223,0.661,259,0.731,223,0.585,262,0.629,223,0.548,172,0.516,130,0.509,127,0.545,102,0.462,104,0.495,88,0.493,59,0.61,51,0.73,39,0.683,15,0.414,7,0.267,17,0.447,23,0.331,51,0.481,58,0.365,105,0.442,109,0.366,136,0.416,182,0.489,168,0.407,186,0.451,161,0.444,160,0.437,179,0.471,239,0.712,148,0.555,127,0.53,119,0.473,91,0.479
Region 20,Region 11,1,0.008,1,0.02,1,0.034,1,0.047,1,0.056,0,0,0,0,1,0.005,6,0.018,3,0.008,2,0.007,2,0.008,2,0.007,4,0.013,5,0.016,4,0.012,10,0.027,7,0.016,8,0.018,2,0.006,1,0.004,2,0.009,3,0.017,1,0.009,1,0.011,0,0,1,0.04,1,0.054,0,0,1,0.03,0,0,1,0.006,8,0.026,3,0.009,1,0.004,1,0.004,5,0.018,2,0.007,2,0.007,5,0.015,3,0.008,4,0.009,6,0.014,2,0.006,3,0.012,0,0,2,0.011,0,0,3,0.025,0,0,0,0,0,0,0,0,1,0.032,0,0,1,0.007,4,0.016,1,0.004,1,0.004,1,0.004,3,0.01,0,0,3,0.009,4,0.011,4,0.01,9,0.022,8,0.02,2,0.006,1,0.004,4,0.017,5,0.023,3,0.014,3,0.017,1,0.01,0,0,1,0.018,0,0,0,0,1,0.026,1,0.014,0,0,2,0.013,0,0,2,0.007,1,0.003,4,0.011,1,0.002,2,0.005,5,0.014,5,0.014,2,0.005,3,0.009,3,0.011,1,0.004,0,0,1,0.005
Region 20,Region 12,16,0.134,9,0.179,7,0.237,3,0.142,3,0.167,6,0.188,6,0.07,7,0.037,16,0.049,12,0.033,19,0.066,22,0.083,25,0.087,37,0.12,34,0.112,37,0.112,37,0.098,49,0.111,50,0.115,27,0.082,32,0.13,19,0.087,19,0.107,18,0.156,16,0.171,5,0.118,2,0.079,3,0.163,2,0.108,1,0.03,2,0.024,9,0.05,20,0.066,18,0.055,18,0.066,19,0.073,28,0.102,36,0.118,33,0.109,36,0.11,39,0.107,47,0.112,52,0.124,21,0.065,21,0.086,26,0.115,17,0.091,13,0.101,13,0.108,10,0.191,6,0.191,4,0.178,3,0.155,4,0.128,2,0.027,13,0.086,15,0.062,19,0.071,23,0.09,27,0.103,23,0.075,33,0.096,32,0.095,29,0.082,35,0.092,41,0.098,39,0.096,27,0.081,20,0.078,26,0.112,27,0.122,14,0.067,20,0.112,12,0.124,7,0.1,12,0.21,5,0.138,3,0.115,3,0.079,3,0.043,2,0.019,9,0.057,17,0.072,13,0.044,22,0.067,17,0.046,27,0.065,35,0.085,37,0.102,31,0.085,37,0.097,23,0.068,24,0.09,22,0.092,26,0.103,21,0.11
Region 20,Region 13,45,0.377,30,0.595,30,1.015,20,0.946,6,0.333,3,0.094,4,0.047,38,0.203,91,0.277,67,0.185,44,0.152,51,0.193,47,0.164,62,0.201,69,0.228,92,0.279,76,0.202,94,0.214,96,0.221,77,0.235,55,0.223,42,0.192,39,0.22,27,0.234,30,0.32,12,0.284,7,0.277,0,0,4,0.217,3,0.09,11,0.133,30,0.168,73,0.241,46,0.142,49,0.181,52,0.201,60,0.218,56,0.183,62,0.205,92,0.28,82,0.226,116,0.275,74,0.177,63,0.194,62,0.253,34,0.15,54,0.288,25,0.194,39,0.324,8,0.153,7,0.222,5,0.222,7,0.362,3,0.096,5,0.067,28,0.186,62,0.256,48,0.179,42,0.165,46,0.175,60,0.197,62,0.181,67,0.199,74,0.209,101,0.265,76,0.182,74,0.182,59,0.177,49,0.192,52,0.223,40,0.181,51,0.243,49,0.275,27,0.279,30,0.429,17,0.298,10,0.276,8,0.306,3,0.079,9,0.13,22,0.208,16,0.101,51,0.215,55,0.185,60,0.183,56,0.151,64,0.155,71,0.172,74,0.204,59,0.161,71,0.187,55,0.164,76,0.285,52,0.217,41,0.163,41,0.216
Region 20,Region 14,30,0.252,26,0.516,19,0.643,9,0.426,9,0.5,11,0.344,27,0.316,52,0.278,101,0.307,110,0.304,75,0.26,88,0.333,76,0.265,74,0.24,88,0.29,112,0.34,116,0.308,115,0.261,97,0.223,75,0.229,77,0.312,50,0.228,56,0.316,35,0.304,27,0.288,17,0.402,3,0.119,6,0.326,6,0.325,15,0.45,33,0.4,38,0.213,102,0.337,109,0.335,67,0.247,56,0.216,79,0.287,112,0.367,84,0.278,113,0.344,121,0.333,114,0.271,97,0.232,64,0.197,64,0.261,70,0.309,33,0.176,27,0.21,37,0.308,19,0.363,12,0.381,7,0.311,6,0.311,8,0.255,29,0.391,38,0.252,76,0.313,63,0.235,84,0.331,74,0.281,77,0.253,99,0.289,100,0.296,124,0.35,114,0.299,100,0.24,115,0.283,63,0.189,76,0.298,64,0.275,43,0.195,57,0.271,46,0.258,34,0.351,26,0.372,27,0.473,23,0.634,14,0.535,14,0.368,15,0.216,28,0.264,37,0.233,52,0.219,71,0.238,91,0.278,86,0.231,82,0.199,86,0.208,102,0.281,89,0.243,105,0.276,101,0.301,74,0.277,58,0.242,38,0.151,36,0.189
Region 20,Region 15,5,0.042,0,0,0,0,0,0,1,0.056,0,0,0,0,1,0.005,2,0.006,6,0.017,6,0.021,2,0.008,2,0.007,3,0.01,3,0.01,4,0.012,5,0.013,8,0.018,5,0.011,4,0.012,0,0,2,0.009,1,0.006,1,0.009,3,0.032,0,0,0,0,0,0,0,0,0,0,1,0.012,0,0,2,0.007,4,0.012,2,0.007,2,0.008,2,0.007,6,0.02,1,0.003,5,0.015,4,0.011,6,0.014,3,0.007,2,0.006,1,0.004,2,0.009,0,0,0,0,1,0.008,1,0.019,0,0,0,0,0,0,1,0.032,0,0,0,0,3,0.012,4,0.015,2,0.008,0,0,1,0.003,0,0,2,0.006,1,0.003,3,0.008,6,0.014,2,0.005,1,0.003,2,0.008,1,0.004,1,0.005,0,0,0,0,0,0,0,0,1,0.018,2,0.055,0,0,0,0,1,0.014,0,0,1,0.006,2,0.008,4,0.013,1,0.003,2,0.005,3,0.007,0,0,1,0.003,1,0.003,4,0.011,4,0.012,4,0.015,0,0,0,0,3,0.016
Region 20,Region 16,3,0.025,2,0.04,5,0.169,9,0.426,0,0,0,0,2,0.023,2,0.011,2,0.006,4,0.011,9,0.031,3,0.011,0,0,4,0.013,4,0.013,5,0.015,7,0.019,7,0.016,8,0.018,8,0.024,7,0.028,2,0.009,1,0.006,2,0.017,0,0,0,0,0,0,0,0,0,0,0,0,2,0.024,3,0.017,2,0.007,3,0.009,3,0.011,1,0.004,4,0.015,1,0.003,4,0.013,5,0.015,9,0.025,8,0.019,10,0.024,11,0.034,3,0.012,3,0.013,2,0.011,0,0,0,0,0,0,0,0,0,0,0,0,0,0,2,0.027,0,0,4,0.016,1,0.004,2,0.008,1,0.004,3,0.01,1,0.003,3,0.009,2,0.006,6,0.016,13,0.031,7,0.017,6,0.018,2,0.008,2,0.009,1,0.005,1,0.005,3,0.017,0,0,3,0.043,0,0,0,0,1,0.038,0,0,0,0,2,0.019,3,0.019,1,0.004,2,0.007,2,0.006,4,0.011,3,0.007,3,0.007,3,0.008,5,0.014,5,0.013,3,0.009,1,0.004,1,0.004,5,0.02,1,0.005
Region 20,Region 17,48,0.402,28,0.556,18,0.609,11,0.52,5,0.278,4,0.125,10,0.117,30,0.161,99,0.301,149,0.412,69,0.239,56,0.212,68,0.237,77,0.25,59,0.195,75,0.228,98,0.26,105,0.239,119,0.274,94,0.287,62,0.252,64,0.292,53,0.299,28,0.243,26,0.278,11,0.26,8,0.317,4,0.218,2,0.108,2,0.06,8,0.097,29,0.163,75,0.248,84,0.258,59,0.218,46,0.177,47,0.171,57,0.187,62,0.205,72,0.219,73,0.201,87,0.206,76,0.181,52,0.16,60,0.245,58,0.256,53,0.282,34,0.264,41,0.341,15,0.287,16,0.508,3,0.133,1,0.052,5,0.16,6,0.081,11,0.073,53,0.219,67,0.249,37,0.146,40,0.152,48,0.158,62,0.181,60,0.178,67,0.189,80,0.21,93,0.223,86,0.211,72,0.216,69,0.27,34,0.146,53,0.24,74,0.352,73,0.409,55,0.568,30,0.429,21,0.368,16,0.441,6,0.229,4,0.105,16,0.23,18,0.17,25,0.157,42,0.177,62,0.208,60,0.183,81,0.218,98,0.238,176,0.427,88,0.242,81,0.221,99,0.261,86,0.256,48,0.18,83,0.347,79,0.314,61,0.321
Region 20,Region 18,1,0.008,2,0.04,0,0,1,0.047,0,0,0,0,1,0.012,0,0,5,0.015,6,0.017,1,0.003,1,0.004,2,0.007,3,0.01,3,0.01,0,0,3,0.008,4,0.009,1,0.002,3,0.009,6,0.024,3,0.014,3,0.017,2,0.017,1,0.011,4,0.095,1,0.04,0,0,0,0,0,0,0,0,0,0,3,0.01,1,0.003,1,0.004,2,0.008,0,0,3,0.01,4,0.013,5,0.015,9,0.025,6,0.014,2,0.005,4,0.012,1,0.004,1,0.004,0,0,1,0.008,4,0.033,1,0.019,0,0,0,0,2,0.104,0,0,0,0,0,0,5,0.021,4,0.015,0,0,1,0.004,1,0.003,4,0.012,2,0.006,4,0.011,3,0.008,4,0.01,2,0.005,2,0.006,3,0.012,5,0.021,3,0.014,0,0,2,0.011,2,0.021,0,0,1,0.018,2,0.055,0,0,1,0.026,0,0,1,0.009,2,0.013,2,0.008,2,0.007,2,0.006,2,0.005,3,0.007,1,0.002,4,0.011,1,0.003,2,0.005,2,0.006,1,0.004,1,0.004,2,0.008,3,0.016
Region 20,Region 19,5,0.042,3,0.06,0,0,1,0.047,1,0.056,0,0,0,0,1,0.005,7,0.021,1,0.003,7,0.024,4,0.015,2,0.007,10,0.032,13,0.043,13,0.039,14,0.037,16,0.036,12,0.028,13,0.04,6,0.024,10,0.046,2,0.011,8,0.069,9,0.096,2,0.047,2,0.079,1,0.054,0,0,0,0,0,0,1,0.006,11,0.036,3,0.009,9,0.033,9,0.035,8,0.029,2,0.007,7,0.023,12,0.037,17,0.047,16,0.038,13,0.031,11,0.034,7,0.029,9,0.04,12,0.064,9,0.07,8,0.066,4,0.077,3,0.095,3,0.133,0,0,0,0,4,0.054,3,0.02,6,0.025,4,0.015,8,0.031,3,0.011,2,0.007,4,0.012,10,0.03,9,0.025,17,0.045,9,0.022,10,0.025,7,0.021,9,0.035,11,0.047,9,0.041,7,0.033,4,0.022,4,0.041,2,0.029,6,0.105,1,0.028,0,0,0,0,5,0.072,3,0.028,3,0.019,4,0.017,9,0.03,9,0.028,7,0.019,4,0.01,9,0.022,13,0.036,18,0.049,7,0.018,14,0.042,5,0.019,9,0.038,6,0.024,8,0.042
Region 20,Region 20,104,0.872,65,1.29,35,1.184,21,0.993,8,0.444,21,0.657,25,0.292,75,0.401,151,0.459,279,0.772,249,0.863,216,0.818,243,0.847,236,0.767,225,0.742,209,0.634,227,0.603,272,0.618,310,0.713,203,0.619,195,0.791,153,0.699,171,0.964,97,0.842,79,0.844,32,0.757,17,0.673,14,0.762,8,0.434,11,0.33,23,0.279,63,0.353,136,0.45,226,0.695,209,0.772,177,0.683,181,0.658,239,0.783,199,0.659,197,0.6,237,0.653,229,0.543,274,0.654,186,0.573,154,0.628,141,0.622,135,0.719,106,0.824,100,0.831,57,1.09,33,1.048,20,0.889,18,0.932,7,0.223,24,0.323,72,0.478,145,0.598,188,0.7,175,0.689,130,0.494,181,0.594,220,0.641,186,0.551,204,0.576,191,0.501,191,0.458,210,0.516,160,0.48,138,0.54,168,0.721,168,0.761,177,0.843,155,0.868,109,1.126,90,1.288,54,0.946,23,0.634,9,0.344,23,0.605,32,0.461,39,0.368,46,0.29,114,0.48,112,0.376,148,0.452,209,0.562,214,0.519,253,0.613,198,0.546,176,0.481,199,0.524,181,0.539,130,0.487,143,0.597,165,0.656,142,0.747
Region 20,Region 21,3,0.025,4,0.079,6,0.203,0,0,0,0,0,0,4,0.047,3,0.016,2,0.006,6,0.017,4,0.014,3,0.011,6,0.021,8,0.026,3,0.01,6,0.018,10,0.027,14,0.032,6,0.014,8,0.024,9,0.037,11,0.05,10,0.056,2,0.017,2,0.021,0,0,1,0.04,0,0,0,0,0,0,0,0,1,0.006,5,0.017,3,0.009,3,0.011,3,0.012,4,0.015,6,0.02,5,0.017,6,0.018,13,0.036,11,0.026,9,0.021,6,0.018,3,0.012,4,0.018,3,0.016,3,0.023,1,0.008,1,0.019,1,0.032,1,0.044,0,0,0,0,0,0,0,0,0,0,5,0.019,11,0.043,10,0.038,2,0.007,4,0.012,3,0.009,5,0.014,12,0.031,15,0.036,14,0.034,9,0.027,7,0.027,11,0.047,7,0.032,1,0.005,5,0.028,1,0.01,0,0,5,0.088,0,0,0,0,1,0.026,3,0.043,4,0.038,1,0.006,4,0.017,4,0.013,4,0.012,8,0.022,9,0.022,9,0.022,7,0.019,8,0.022,5,0.013,12,0.036,7,0.026,10,0.042,4,0.016,5,0.026
Region 20,Region 22,3,0.025,3,0.06,2,0.068,0,0,0,0,0,0,0,0,2,0.011,6,0.018,5,0.014,9,0.031,11,0.042,9,0.031,5,0.016,4,0.013,8,0.024,11,0.029,13,0.03,12,0.028,9,0.027,6,0.024,5,0.023,4,0.023,2,0.017,1,0.011,0,0,1,0.04,0,0,0,0,0,0,0,0,1,0.006,2,0.007,6,0.018,7,0.026,9,0.035,3,0.011,5,0.016,9,0.03,6,0.018,15,0.041,13,0.031,13,0.031,10,0.031,2,0.008,2,0.009,2,0.011,2,0.016,1,0.008,2,0.038,1,0.032,0,0,0,0,0,0,2,0.027,1,0.007,10,0.041,6,0.022,1,0.004,4,0.015,1,0.003,14,0.041,7,0.021,0,0,7,0.018,7,0.017,7,0.017,10,0.03,6,0.023,1,0.004,8,0.036,2,0.01,2,0.011,4,0.041,1,0.014,0,0,1,0.028,0,0,1,0.026,1,0.014,0,0,2,0.013,7,0.029,6,0.02,5,0.015,9,0.024,2,0.005,6,0.015,6,0.017,8,0.022,13,0.034,9,0.027,8,0.03,4,0.017,3,0.012,3,0.016
Region 20,Region 23,17,0.143,4,0.079,7,0.237,3,0.142,1,0.056,2,0.063,7,0.082,11,0.059,44,0.134,33,0.091,29,0.1,23,0.087,37,0.129,30,0.097,39,0.129,38,0.115,55,0.146,53,0.12,48,0.11,27,0.082,33,0.134,25,0.114,21,0.118,19,0.165,15,0.16,9,0.213,3,0.119,3,0.163,6,0.325,2,0.06,5,0.061,13,0.073,44,0.146,23,0.071,19,0.07,26,0.1,20,0.073,35,0.115,26,0.086,37,0.113,55,0.151,43,0.102,41,0.098,24,0.074,30,0.122,24,0.106,22,0.117,21,0.163,24,0.199,4,0.077,5,0.159,4,0.178,0,0,1,0.032,3,0.04,10,0.066,27,0.111,16,0.06,25,0.098,27,0.103,34,0.112,42,0.122,41,0.122,41,0.116,45,0.118,51,0.122,49,0.12,29,0.087,32,0.125,29,0.124,22,0.1,22,0.105,32,0.179,7,0.072,13,0.186,6,0.105,4,0.11,1,0.038,4,0.105,8,0.115,16,0.151,12,0.076,17,0.072,19,0.064,25,0.076,44,0.118,35,0.085,21,0.051,38,0.105,42,0.115,31,0.082,40,0.119,34,0.127,27,0.113,37,0.147,22,0.116
Region 20,Region 24,2,0.017,2,0.04,5,0.169,0,0,0,0,0,0,1,0.012,1,0.005,3,0.009,4,0.011,0,0,5,0.019,5,0.017,6,0.019,6,0.02,3,0.009,10,0.027,16,0.036,15,0.034,5,0.015,6,0.024,4,0.018,2,0.011,1,0.009,5,0.053,0,0,1,0.04,0,0,0,0,0,0,1,0.012,1,0.006,4,0.013,4,0.012,1,0.004,2,0.008,6,0.022,3,0.01,3,0.01,6,0.018,12,0.033,10,0.024,10,0.024,5,0.015,6,0.024,5,0.022,4,0.021,1,0.008,7,0.058,2,0.038,0,0,0,0,0,0,0,0,2,0.027,1,0.007,3,0.012,2,0.007,4,0.016,3,0.011,6,0.02,8,0.023,4,0.012,3,0.008,11,0.029,8,0.019,6,0.015,5,0.015,1,0.004,3,0.013,1,0.005,2,0.01,4,0.022,1,0.01,4,0.057,1,0.018,0,0,0,0,1,0.026,1,0.014,0,0,5,0.031,7,0.029,5,0.017,2,0.006,1,0.003,4,0.01,5,0.012,7,0.019,2,0.005,5,0.013,6,0.018,5,0.019,5,0.021,3,0.012,6,0.032
Region 20,Region 25,1,0.008,1,0.02,1,0.034,1,0.047,0,0,0,0,1,0.012,4,0.021,1,0.003,6,0.017,2,0.007,3,0.011,5,0.017,7,0.023,7,0.023,6,0.018,7,0.019,12,0.027,12,0.028,5,0.015,3,0.012,1,0.005,3,0.017,2,0.017,0,0,0,0,1,0.04,0,0,0,0,0,0,1,0.012,2,0.011,4,0.013,1,0.003,2,0.007,1,0.004,4,0.015,6,0.02,5,0.017,3,0.009,8,0.022,5,0.012,6,0.014,4,0.012,2,0.008,3,0.013,3,0.016,3,0.023,0,0,1,0.019,0,0,1,0.044,0,0,0,0,0,0,2,0.013,5,0.021,2,0.007,1,0.004,2,0.008,2,0.007,1,0.003,8,0.024,3,0.008,3,0.008,8,0.019,3,0.007,3,0.009,8,0.031,2,0.009,1,0.005,1,0.005,1,0.006,3,0.031,0,0,4,0.07,0,0,1,0.038,1,0.026,1,0.014,3,0.028,3,0.019,1,0.004,2,0.007,5,0.015,3,0.008,2,0.005,6,0.015,3,0.008,2,0.005,3,0.008,3,0.009,1,0.004,2,0.008,3,0.012,3,0.016
Region 21,Region 0,0,0,1,0.02,0,0,1,0.047,0,0,0,0,1,0.012,4,0.021,12,0.036,18,0.05,12,0.042,2,0.008,4,0.014,5,0.016,14,0.046,12,0.036,11,0.029,12,0.027,13,0.03,6,0.018,6,0.024,2,0.009,1,0.006,2,0.017,0,0,1,0.024,0,0,0,0,0,0,0,0,1,0.012,4,0.022,10,0.033,16,0.049,9,0.033,7,0.027,7,0.025,11,0.036,7,0.023,3,0.009,15,0.041,12,0.028,10,0.024,3,0.009,6,0.024,8,0.035,6,0.032,4,0.031,0,0,0,0,0,0,0,0,0,0,0,0,0,0,4,0.027,9,0.037,8,0.03,6,0.024,11,0.042,8,0.026,8,0.023,13,0.039,4,0.011,12,0.031,7,0.017,17,0.042,7,0.021,4,0.016,5,0.021,8,0.036,2,0.01,1,0.006,0,0,1,0.014,0,0,1,0.028,1,0.038,0,0,0,0,4,0.038,10,0.063,9,0.038,15,0.05,9,0.028,9,0.024,4,0.01,12,0.029,11,0.03,7,0.019,7,0.018,9,0.027,4,0.015,4,0.017,6,0.024,2,0.011
Region 21,Region 1,6,0.05,3,0.06,0,0,0,0,0,0,0,0,0,0,1,0.005,9,0.027,15,0.041,8,0.028,7,0.027,6,0.021,10,0.032,10,0.033,5,0.015,7,0.019,11,0.025,16,0.037,19,0.058,4,0.016,14,0.064,3,0.017,6,0.052,1,0.011,0,0,0,0,0,0,0,0,0,0,0,0,2,0.011,4,0.013,14,0.043,6,0.022,6,0.023,14,0.051,4,0.013,6,0.02,9,0.027,12,0.033,7,0.017,15,0.036,14,0.043,4,0.016,7,0.031,2,0.011,2,0.016,6,0.05,2,0.038,0,0,0,0,1,0.052,0,0,1,0.013,3,0.02,7,0.029,6,0.022,7,0.028,4,0.015,6,0.02,10,0.029,10,0.03,5,0.014,2,0.005,10,0.024,10,0.025,10,0.03,7,0.027,18,0.077,14,0.063,8,0.038,6,0.034,1,0.01,0,0,1,0.018,0,0,0,0,0,0,2,0.029,3,0.028,3,0.019,18,0.076,9,0.03,10,0.031,11,0.03,15,0.036,16,0.039,10,0.028,21,0.057,11,0.029,15,0.045,19,0.071,13,0.054,6,0.024,12,0.063
Region 21,Region 2,1,0.008,2,0.04,1,0.034,0,0,0,0,0,0,2,0.023,4,0.021,6,0.018,19,0.053,16,0.055,5,0.019,4,0.014,7,0.023,5,0.016,12,0.036,3,0.008,13,0.03,15,0.034,7,0.021,8,0.032,5,0.023,3,0.017,4,0.035,1,0.011,1,0.024,1,0.04,0,0,1,0.054,0,0,3,0.036,3,0.017,7,0.023,15,0.046,10,0.037,7,0.027,3,0.011,4,0.013,2,0.007,4,0.012,4,0.011,11,0.026,11,0.026,4,0.012,4,0.016,4,0.018,6,0.032,4,0.031,3,0.025,2,0.038,0,0,0,0,0,0,1,0.032,2,0.027,2,0.013,3,0.012,9,0.034,8,0.031,6,0.023,9,0.03,19,0.055,9,0.027,10,0.028,11,0.029,9,0.022,12,0.029,17,0.051,4,0.016,7,0.03,7,0.032,4,0.019,4,0.022,4,0.041,5,0.072,1,0.018,0,0,1,0.038,0,0,1,0.014,2,0.019,5,0.031,10,0.042,10,0.034,13,0.04,5,0.013,7,0.017,6,0.015,19,0.052,18,0.049,26,0.068,11,0.033,8,0.03,6,0.025,6,0.024,5,0.026
Region 21,Region 3,4,0.034,0,0,0,0,1,0.047,1,0.056,1,0.031,0,0,4,0.021,2,0.006,13,0.036,8,0.028,5,0.019,15,0.052,11,0.036,17,0.056,17,0.052,18,0.048,13,0.03,29,0.067,18,0.055,16,0.065,14,0.064,11,0.062,9,0.078,4,0.043,2,0.047,0,0,0,0,0,0,2,0.06,0,0,1,0.006,6,0.02,14,0.043,6,0.022,8,0.031,4,0.015,16,0.052,12,0.04,16,0.049,18,0.05,24,0.057,29,0.069,25,0.077,10,0.041,17,0.075,9,0.048,6,0.047,4,0.033,2,0.038,0,0,0,0,0,0,1,0.032,1,0.013,3,0.02,3,0.012,6,0.022,11,0.043,9,0.034,13,0.043,10,0.029,17,0.05,21,0.059,12,0.031,19,0.046,15,0.037,16,0.048,9,0.035,24,0.103,9,0.041,9,0.043,6,0.034,5,0.052,3,0.043,0,0,2,0.055,0,0,0,0,0,0,2,0.019,6,0.038,10,0.042,12,0.04,16,0.049,18,0.048,19,0.046,25,0.061,16,0.044,3,0.008,16,0.042,14,0.042,11,0.041,5,0.021,13,0.052,5,0.026
Region 21,Region 4,6,0.05,2,0.04,0,0,1,0.047,1,0.056,1,0.031,2,0.023,5,0.027,6,0.018,21,0.058,22,0.076,23,0.087,23,0.08,23,0.075,14,0.046,24,0.073,21,0.056,24,0.055,37,0.085,31,0.095,20,0.081,21,0.096,10,0.056,2,0.017,5,0.053,3,0.071,0,0,1,0.054,0,0,0,0,4,0.048,8,0.045,6,0.02,16,0.049,17,0.063,20,0.077,18,0.065,24,0.079,28,0.093,27,0.082,23,0.063,30,0.071,45,0.107,27,0.083,22,0.09,27,0.119,14,0.075,12,0.093,9,0.075,5,0.096,1,0.032,1,0.044,0,0,1,0.032,3,0.04,7,0.046,5,0.021,25,0.093,21,0.083,28,0.106,17,0.056,21,0.061,17,0.05,25,0.071,24,0.063,34,0.082,30,0.074,19,0.057,18,0.07,24,0.103,11,0.05,8,0.038,17,0.095,5,0.052,4,0.057,11,0.193,2,0.055,0,0,2,0.053,1,0.014,10,0.094,11,0.069,17,0.072,24,0.081,19,0.058,24,0.065,29,0.07,35,0.085,20,0.055,33,0.09,17,0.045,31,0.092,20,0.075,15,0.063,10,0.04,5,0.026
Region 21,Region 5,10,0.084,2,0.04,5,0.169,0,0,0,0,4,0.125,12,0.14,34,0.182,39,0.119,24,0.066,41,0.142,50,0.189,49,0.171,57,0.185,57,0.188,41,0.124,40,0.106,40,0.091,60,0.138,48,0.146,43,0.174,32,0.146,24,0.135,18,0.156,12,0.128,4,0.095,5,0.198,0,0,2,0.108,2,0.06,15,0.182,30,0.168,41,0.136,47,0.145,51,0.188,61,0.235,45,0.163,54,0.177,38,0.126,48,0.146,37,0.102,29,0.069,36,0.086,35,0.108,42,0.171,41,0.181,27,0.144,20,0.155,10,0.083,10,0.191,3,0.095,4,0.178,0,0,7,0.223,9,0.121,23,0.153,29,0.12,39,0.145,40,0.157,47,0.179,52,0.171,52,0.152,54,0.16,34,0.096,32,0.084,42,0.101,41,0.101,45,0.135,40,0.157,33,0.142,30,0.136,24,0.114,16,0.09,9,0.093,5,0.072,5,0.088,7,0.193,1,0.038,6,0.158,8,0.115,26,0.245,31,0.195,51,0.215,61,0.205,60,0.183,43,0.116,59,0.143,49,0.119,50,0.138,62,0.169,60,0.158,60,0.179,55,0.206,36,0.15,29,0.115,21,0.11
Region 21,Region 6,0,0,0,0,0,0,0,0,0,0,0,0,0,0,1,0.005,0,0,2,0.006,1,0.003,3,0.011,3,0.01,2,0.006,1,0.003,6,0.018,1,0.003,3,0.007,4,0.009,8,0.024,3,0.012,3,0.014,2,0.011,1,0.009,1,0.011,0,0,0,0,0,0,0,0,0,0,0,0,0,0,2,0.007,3,0.009,7,0.026,7,0.027,9,0.033,0,0,6,0.02,4,0.012,5,0.014,5,0.012,3,0.007,9,0.028,2,0.008,7,0.031,4,0.021,3,0.023,0,0,0,0,0,0,0,0,0,0,0,0,0,0,0,0,1,0.004,0,0,2,0.008,1,0.004,3,0.01,0,0,3,0.009,4,0.011,2,0.005,4,0.01,4,0.01,6,0.018,8,0.031,5,0.021,2,0.009,2,0.01,1,0.006,0,0,0,0,0,0,1,0.028,0,0,0,0,1,0.014,1,0.009,2,0.013,2,0.008,2,0.007,3,0.009,6,0.016,4,0.01,3,0.007,3,0.008,4,0.011,9,0.024,7,0.021,4,0.015,7,0.029,2,0.008,3,0.016
Region 21,Region 7,13,0.109,7,0.139,5,0.169,0,0,3,0.167,3,0.094,8,0.094,20,0.107,28,0.085,57,0.158,45,0.156,34,0.129,31,0.108,48,0.156,44,0.145,41,0.124,49,0.13,69,0.157,74,0.17,58,0.177,45,0.183,31,0.142,34,0.192,22,0.191,15,0.16,5,0.118,1,0.04,1,0.054,4,0.217,1,0.03,8,0.097,18,0.101,17,0.056,32,0.098,29,0.107,30,0.116,36,0.131,36,0.118,38,0.126,36,0.11,67,0.184,68,0.161,81,0.193,60,0.185,34,0.139,37,0.163,32,0.17,16,0.124,17,0.141,14,0.268,6,0.191,2,0.089,2,0.104,2,0.064,3,0.04,17,0.113,16,0.066,41,0.153,34,0.134,30,0.114,27,0.089,39,0.114,55,0.163,39,0.11,63,0.165,64,0.154,46,0.113,49,0.147,50,0.196,44,0.189,30,0.136,32,0.152,33,0.185,18,0.186,19,0.272,2,0.035,6,0.166,2,0.076,6,0.158,4,0.058,11,0.104,9,0.057,18,0.076,44,0.148,42,0.128,55,0.148,62,0.15,61,0.148,52,0.143,25,0.068,47,0.124,37,0.11,35,0.131,38,0.159,32,0.127,20,0.105
Region 21,Region 8,9,0.075,8,0.159,1,0.034,3,0.142,0,0,2,0.063,6,0.07,12,0.064,33,0.1,37,0.102,42,0.145,21,0.08,33,0.115,35,0.114,38,0.125,23,0.07,23,0.061,17,0.039,31,0.071,25,0.076,16,0.065,19,0.087,14,0.079,17,0.148,4,0.043,3,0.071,0,0,0,0,3,0.163,3,0.09,3,0.036,18,0.101,29,0.096,36,0.111,25,0.092,26,0.1,28,0.102,28,0.092,33,0.109,23,0.07,41,0.113,21,0.05,28,0.067,22,0.068,33,0.135,21,0.093,14,0.075,18,0.14,8,0.066,3,0.057,0,0,2,0.089,0,0,1,0.032,6,0.081,10,0.066,22,0.091,29,0.108,32,0.126,29,0.11,35,0.115,27,0.079,39,0.116,22,0.062,30,0.079,31,0.074,20,0.049,22,0.066,18,0.07,16,0.069,33,0.149,21,0.1,14,0.078,4,0.041,3,0.043,3,0.053,2,0.055,0,0,5,0.132,5,0.072,9,0.085,25,0.157,38,0.16,48,0.161,47,0.144,44,0.118,46,0.111,38,0.092,38,0.105,56,0.153,53,0.14,27,0.08,25,0.094,11,0.046,24,0.095,14,0.074
Region 21,Region 9,4,0.034,1,0.02,0,0,0,0,1,0.056,0,0,3,0.035,2,0.011,2,0.006,10,0.028,12,0.042,6,0.023,10,0.035,11,0.036,11,0.036,6,0.018,8,0.021,8,0.018,26,0.06,14,0.043,6,0.024,4,0.018,4,0.023,2,0.017,0,0,0,0,0,0,0,0,0,0,1,0.03,1,0.012,1,0.006,4,0.013,10,0.031,11,0.041,6,0.023,11,0.04,6,0.02,9,0.03,7,0.021,7,0.019,21,0.05,13,0.031,8,0.025,6,0.024,7,0.031,8,0.043,3,0.023,2,0.017,1,0.019,1,0.032,0,0,0,0,0,0,2,0.027,3,0.02,10,0.041,8,0.03,5,0.02,6,0.023,8,0.026,6,0.017,12,0.036,11,0.031,13,0.034,17,0.041,20,0.049,10,0.03,7,0.027,9,0.039,4,0.018,4,0.019,2,0.011,2,0.021,1,0.014,0,0,0,0,0,0,2,0.053,1,0.014,2,0.019,5,0.031,14,0.059,14,0.047,20,0.061,19,0.051,21,0.051,12,0.029,12,0.033,9,0.025,18,0.047,7,0.021,5,0.019,5,0.021,9,0.036,3,0.016
Region 21,Region 10,6,0.05,4,0.079,3,0.102,1,0.047,3,0.167,2,0.063,6,0.07,9,0.048,50,0.152,43,0.119,32,0.111,33,0.125,29,0.101,24,0.078,38,0.125,49,0.149,36,0.096,43,0.098,58,0.133,41,0.125,32,0.13,21,0.096,23,0.13,12,0.104,9,0.096,6,0.142,3,0.119,3,0.163,1,0.054,1,0.03,5,0.061,17,0.095,34,0.112,42,0.129,33,0.122,36,0.139,27,0.098,32,0.105,28,0.093,38,0.116,45,0.124,47,0.112,64,0.153,34,0.105,21,0.086,32,0.141,28,0.149,11,0.085,12,0.1,7,0.134,2,0.064,3,0.133,0,0,2,0.064,4,0.054,11,0.073,30,0.124,39,0.145,30,0.118,36,0.137,41,0.135,41,0.12,39,0.116,40,0.113,51,0.134,61,0.146,58,0.143,35,0.105,39,0.153,29,0.124,24,0.109,26,0.124,10,0.056,2,0.021,4,0.057,1,0.018,0,0,1,0.038,6,0.158,6,0.086,18,0.17,21,0.132,25,0.105,47,0.158,45,0.138,39,0.105,43,0.104,30,0.073,44,0.121,42,0.115,30,0.079,26,0.077,27,0.101,34,0.142,13,0.052,26,0.137
Region 21,Region 11,0,0,1,0.02,0,0,0,0,0,0,0,0,4,0.047,1,0.005,3,0.009,1,0.003,4,0.014,0,0,1,0.003,1,0.003,1,0.003,0,0,1,0.003,0,0,1,0.002,2,0.006,0,0,2,0.009,0,0,0,0,1,0.011,0,0,0,0,0,0,0,0,0,0,1,0.012,2,0.011,3,0.01,1,0.003,1,0.004,0,0,0,0,0,0,0,0,2,0.006,1,0.003,0,0,3,0.007,1,0.003,3,0.012,2,0.009,1,0.005,0,0,0,0,0,0,0,0,0,0,0,0,0,0,0,0,1,0.007,2,0.008,2,0.007,0,0,2,0.008,0,0,1,0.003,3,0.009,1,0.003,0,0,3,0.007,1,0.002,2,0.006,1,0.004,1,0.004,0,0,2,0.01,0,0,0,0,0,0,0,0,0,0,0,0,1,0.026,1,0.014,0,0,1,0.006,0,0,1,0.003,3,0.009,1,0.003,2,0.005,0,0,1,0.003,0,0,2,0.005,4,0.012,0,0,1,0.004,1,0.004,0,0
Region 21,Region 12,1,0.008,1,0.02,0,0,1,0.047,0,0,0,0,2,0.023,5,0.027,6,0.018,10,0.028,16,0.055,7,0.027,7,0.024,3,0.01,9,0.03,11,0.033,6,0.016,5,0.011,13,0.03,12,0.037,5,0.02,8,0.037,4,0.023,4,0.035,3,0.032,1,0.024,0,0,0,0,0,0,0,0,0,0,5,0.028,5,0.017,9,0.028,4,0.015,10,0.039,7,0.025,4,0.013,7,0.023,7,0.021,10,0.028,11,0.026,18,0.043,7,0.022,7,0.029,4,0.018,4,0.021,4,0.031,5,0.042,5,0.096,1,0.032,0,0,0,0,0,0,2,0.027,3,0.02,4,0.016,9,0.034,9,0.035,9,0.034,7,0.023,12,0.035,6,0.018,5,0.014,15,0.039,8,0.019,9,0.022,8,0.024,9,0.035,9,0.039,3,0.014,3,0.014,5,0.028,3,0.031,3,0.043,1,0.018,0,0,1,0.038,1,0.026,2,0.029,2,0.019,4,0.025,6,0.025,9,0.03,14,0.043,7,0.019,9,0.022,10,0.024,10,0.028,8,0.022,11,0.029,5,0.015,5,0.019,7,0.029,8,0.032,4,0.021
Region 21,Region 13,5,0.042,2,0.04,1,0.034,0,0,0,0,0,0,4,0.047,17,0.091,18,0.055,46,0.127,20,0.069,25,0.095,28,0.098,29,0.094,19,0.063,19,0.058,29,0.077,20,0.045,38,0.087,24,0.073,26,0.106,18,0.082,17,0.096,7,0.061,7,0.075,1,0.024,3,0.119,1,0.054,1,0.054,1,0.03,6,0.073,17,0.095,30,0.099,23,0.071,24,0.089,29,0.112,28,0.102,24,0.079,26,0.086,31,0.094,21,0.058,33,0.078,21,0.05,20,0.062,24,0.098,21,0.093,9,0.048,17,0.132,7,0.058,3,0.057,2,0.064,1,0.044,0,0,3,0.096,5,0.067,14,0.093,11,0.045,27,0.101,30,0.118,34,0.129,28,0.092,26,0.076,24,0.071,25,0.071,28,0.073,28,0.067,30,0.074,19,0.057,27,0.106,21,0.09,23,0.104,22,0.105,8,0.045,11,0.114,2,0.029,3,0.053,2,0.055,1,0.038,2,0.053,3,0.043,13,0.123,16,0.101,27,0.114,46,0.155,35,0.107,33,0.089,36,0.087,25,0.061,42,0.116,38,0.104,23,0.061,29,0.086,21,0.079,21,0.088,13,0.052,15,0.079
Region 21,Region 14,80,0.671,29,0.576,15,0.508,14,0.662,10,0.556,19,0.594,58,0.678,81,0.434,174,0.529,192,0.531,165,0.572,125,0.473,169,0.589,156,0.507,193,0.636,189,0.574,196,0.521,276,0.627,266,0.612,186,0.567,145,0.588,105,0.48,94,0.53,57,0.495,57,0.609,24,0.568,8,0.317,9,0.49,7,0.379,32,0.959,44,0.533,91,0.51,166,0.549,206,0.634,149,0.55,135,0.521,146,0.53,172,0.564,152,0.503,166,0.506,171,0.471,210,0.498,251,0.599,179,0.552,150,0.612,103,0.454,127,0.677,86,0.668,73,0.607,20,0.383,13,0.413,9,0.4,17,0.88,32,1.022,49,0.66,70,0.465,109,0.449,150,0.559,140,0.551,164,0.624,141,0.463,174,0.507,191,0.566,212,0.598,191,0.501,204,0.49,186,0.457,190,0.57,173,0.678,120,0.515,110,0.498,115,0.548,118,0.661,46,0.475,30,0.429,23,0.403,19,0.524,14,0.535,22,0.579,33,0.475,75,0.708,79,0.497,170,0.715,213,0.715,183,0.559,196,0.527,232,0.562,198,0.48,196,0.54,194,0.53,185,0.487,202,0.602,168,0.63,124,0.518,129,0.513,95,0.5
Region 21,Region 15,1,0.008,0,0,0,0,1,0.047,0,0,0,0,0,0,0,0,2,0.006,1,0.003,2,0.007,0,0,4,0.014,0,0,0,0,1,0.003,0,0,3,0.007,5,0.011,2,0.006,0,0,0,0,1,0.006,0,0,0,0,0,0,0,0,0,0,0,0,0,0,0,0,1,0.006,0,0,0,0,2,0.007,1,0.004,0,0,1,0.003,0,0,0,0,1,0.003,1,0.002,1,0.002,2,0.006,0,0,1,0.004,0,0,0,0,0,0,0,0,0,0,0,0,0,0,0,0,0,0,1,0.007,3,0.012,2,0.007,2,0.008,4,0.015,3,0.01,2,0.006,0,0,2,0.006,0,0,1,0.002,0,0,0,0,0,0,1,0.004,1,0.005,2,0.01,1,0.006,0,0,0,0,1,0.018,0,0,0,0,0,0,0,0,1,0.009,0,0,2,0.008,0,0,3,0.009,3,0.008,1,0.002,2,0.005,1,0.003,0,0,0,0,0,0,2,0.007,0,0,1,0.004,1,0.005
Region 21,Region 16,3,0.025,2,0.04,0,0,2,0.095,0,0,0,0,2,0.023,6,0.032,12,0.036,24,0.066,18,0.062,17,0.064,15,0.052,18,0.058,15,0.049,16,0.049,32,0.085,32,0.073,29,0.067,26,0.079,29,0.118,10,0.046,10,0.056,4,0.035,2,0.021,1,0.024,1,0.04,0,0,0,0,0,0,0,0,4,0.022,19,0.063,26,0.08,20,0.074,21,0.081,15,0.054,15,0.049,30,0.099,23,0.07,34,0.094,38,0.09,38,0.091,27,0.083,24,0.098,11,0.048,6,0.032,6,0.047,1,0.008,1,0.019,0,0,0,0,0,0,0,0,2,0.027,4,0.027,14,0.058,22,0.082,18,0.071,17,0.065,30,0.098,18,0.052,30,0.089,27,0.076,16,0.042,31,0.074,31,0.076,21,0.063,31,0.121,17,0.073,11,0.05,3,0.014,7,0.039,0,0,0,0,1,0.018,2,0.055,0,0,1,0.026,2,0.029,10,0.094,17,0.107,15,0.063,18,0.06,24,0.073,26,0.07,25,0.061,29,0.07,22,0.061,24,0.066,27,0.071,12,0.036,16,0.06,11,0.046,8,0.032,3,0.016
Region 21,Region 17,19,0.159,3,0.06,5,0.169,2,0.095,1,0.056,5,0.156,5,0.058,19,0.102,43,0.131,90,0.249,60,0.208,26,0.098,35,0.122,31,0.101,24,0.079,29,0.088,15,0.04,30,0.068,31,0.071,36,0.11,23,0.093,18,0.082,14,0.079,11,0.096,13,0.139,3,0.071,3,0.119,1,0.054,3,0.163,2,0.06,6,0.073,25,0.14,37,0.122,69,0.212,42,0.155,18,0.069,25,0.091,25,0.082,14,0.046,19,0.058,23,0.063,29,0.069,34,0.081,40,0.123,20,0.082,21,0.093,12,0.064,8,0.062,22,0.183,2,0.038,2,0.064,1,0.044,2,0.104,2,0.064,5,0.067,11,0.073,16,0.066,39,0.145,28,0.11,37,0.141,22,0.072,35,0.102,25,0.074,18,0.051,33,0.087,35,0.084,42,0.103,42,0.126,16,0.063,27,0.116,20,0.091,28,0.133,21,0.118,9,0.093,8,0.115,3,0.053,4,0.11,4,0.153,3,0.079,5,0.072,9,0.085,20,0.126,21,0.088,37,0.124,33,0.101,29,0.078,62,0.15,101,0.245,45,0.124,24,0.066,33,0.087,27,0.08,23,0.086,24,0.1,25,0.099,21,0.11
Region 21,Region 18,0,0,0,0,0,0,0,0,0,0,0,0,0,0,1,0.005,2,0.006,2,0.006,2,0.007,0,0,0,0,0,0,2,0.007,3,0.009,0,0,1,0.002,0,0,0,0,1,0.004,1,0.005,1,0.006,0,0,0,0,0,0,0,0,0,0,0,0,0,0,0,0,0,0,1,0.003,0,0,0,0,1,0.004,0,0,1,0.003,1,0.003,1,0.003,1,0.003,2,0.005,5,0.012,1,0.003,2,0.008,2,0.009,0,0,0,0,0,0,0,0,0,0,0,0,0,0,0,0,1,0.013,0,0,2,0.008,0,0,1,0.004,0,0,0,0,1,0.003,1,0.003,0,0,1,0.003,2,0.005,1,0.002,3,0.009,1,0.004,0,0,1,0.005,0,0,0,0,0,0,1,0.014,0,0,0,0,0,0,0,0,0,0,1,0.009,0,0,2,0.008,1,0.003,2,0.006,1,0.003,1,0.002,2,0.005,1,0.003,3,0.008,3,0.008,1,0.003,3,0.011,0,0,3,0.012,2,0.011
Region 21,Region 19,0,0,0,0,0,0,0,0,0,0,0,0,0,0,0,0,0,0,1,0.003,1,0.003,2,0.008,0,0,1,0.003,2,0.007,1,0.003,4,0.011,0,0,4,0.009,4,0.012,0,0,1,0.005,1,0.006,1,0.009,0,0,0,0,0,0,0,0,0,0,0,0,0,0,0,0,0,0,1,0.003,1,0.004,2,0.008,2,0.007,5,0.016,1,0.003,1,0.003,1,0.003,3,0.007,3,0.007,3,0.009,2,0.008,2,0.009,0,0,0,0,0,0,0,0,0,0,0,0,0,0,0,0,0,0,1,0.007,2,0.008,1,0.004,1,0.004,3,0.011,0,0,0,0,1,0.003,3,0.008,1,0.003,2,0.005,2,0.005,1,0.003,2,0.008,3,0.013,3,0.014,1,0.005,2,0.011,0,0,0,0,0,0,1,0.028,0,0,0,0,1,0.014,0,0,1,0.006,2,0.008,1,0.003,8,0.024,0,0,0,0,1,0.002,1,0.003,3,0.008,0,0,2,0.006,4,0.015,1,0.004,2,0.008,0,0
Region 21,Region 20,8,0.067,4,0.079,3,0.102,1,0.047,1,0.056,0,0,3,0.035,5,0.027,14,0.043,22,0.061,19,0.066,8,0.03,11,0.038,7,0.023,9,0.03,13,0.039,7,0.019,10,0.023,15,0.034,18,0.055,10,0.041,13,0.059,3,0.017,10,0.087,2,0.021,0,0,0,0,0,0,1,0.054,1,0.03,1,0.012,9,0.05,16,0.053,21,0.065,12,0.044,2,0.008,9,0.033,11,0.036,4,0.013,7,0.021,6,0.017,12,0.028,15,0.036,9,0.028,0,0,7,0.031,4,0.021,10,0.078,3,0.025,3,0.057,1,0.032,0,0,1,0.052,1,0.032,2,0.027,11,0.073,13,0.054,14,0.052,11,0.043,10,0.038,10,0.033,9,0.026,9,0.027,5,0.014,10,0.026,16,0.038,6,0.015,6,0.018,14,0.055,10,0.043,13,0.059,10,0.048,3,0.017,5,0.052,2,0.029,0,0,0,0,2,0.076,1,0.026,6,0.086,5,0.047,2,0.013,2,0.008,12,0.04,9,0.028,12,0.032,14,0.034,6,0.015,12,0.033,7,0.019,9,0.024,7,0.021,7,0.026,4,0.017,7,0.028,5,0.026
Region 21,Region 21,23,0.193,10,0.198,3,0.102,3,0.142,1,0.056,1,0.031,4,0.047,12,0.064,32,0.097,54,0.149,53,0.184,43,0.163,63,0.22,77,0.25,48,0.158,58,0.176,62,0.165,91,0.207,129,0.297,99,0.302,51,0.207,45,0.206,43,0.242,29,0.252,21,0.224,7,0.166,6,0.238,2,0.109,1,0.054,2,0.06,2,0.024,9,0.05,33,0.109,52,0.16,46,0.17,40,0.154,57,0.207,60,0.197,60,0.199,62,0.189,81,0.223,93,0.221,91,0.217,79,0.243,59,0.241,51,0.225,34,0.181,15,0.117,18,0.15,9,0.172,3,0.095,2,0.089,2,0.104,1,0.032,5,0.067,11,0.073,34,0.14,60,0.223,57,0.224,46,0.175,58,0.19,54,0.157,66,0.196,62,0.175,80,0.21,76,0.182,98,0.241,88,0.264,58,0.227,66,0.283,41,0.186,17,0.081,24,0.134,14,0.145,9,0.129,6,0.105,6,0.166,0,0,6,0.158,3,0.043,14,0.132,29,0.183,62,0.261,72,0.242,68,0.208,85,0.228,71,0.172,66,0.16,64,0.176,68,0.186,78,0.205,65,0.194,46,0.172,44,0.184,30,0.119,21,0.11
Region 21,Region 22,0,0,1,0.02,0,0,0,0,0,0,0,0,3,0.035,2,0.011,2,0.006,3,0.008,5,0.017,1,0.004,5,0.017,4,0.013,1,0.003,5,0.015,5,0.013,6,0.014,4,0.009,7,0.021,4,0.016,2,0.009,3,0.017,2,0.017,1,0.011,0,0,0,0,0,0,0,0,0,0,1,0.012,2,0.011,2,0.007,1,0.003,3,0.011,8,0.031,6,0.022,7,0.023,7,0.023,3,0.009,5,0.014,4,0.009,11,0.026,9,0.028,5,0.02,3,0.013,2,0.011,1,0.008,1,0.008,1,0.019,0,0,0,0,0,0,0,0,0,0,4,0.027,5,0.021,6,0.022,5,0.02,1,0.004,6,0.02,3,0.009,4,0.012,7,0.02,7,0.018,7,0.017,8,0.02,6,0.018,3,0.012,6,0.026,2,0.009,1,0.005,1,0.006,0,0,2,0.029,0,0,0,0,0,0,0,0,1,0.014,2,0.019,1,0.006,2,0.008,6,0.02,6,0.018,5,0.013,6,0.015,6,0.015,7,0.019,8,0.022,7,0.018,4,0.012,1,0.004,7,0.029,1,0.004,1,0.005
Region 21,Region 23,6,0.05,7,0.139,4,0.135,0,0,0,0,1,0.031,5,0.058,12,0.064,19,0.058,18,0.05,22,0.076,22,0.083,24,0.084,25,0.081,8,0.026,16,0.049,25,0.066,20,0.045,29,0.067,10,0.03,10,0.041,13,0.059,12,0.068,11,0.096,8,0.085,2,0.047,1,0.04,1,0.054,0,0,2,0.06,10,0.121,4,0.022,20,0.066,23,0.071,15,0.055,17,0.066,15,0.054,18,0.059,32,0.106,17,0.052,23,0.063,26,0.062,45,0.107,19,0.059,13,0.053,20,0.088,17,0.091,8,0.062,9,0.075,4,0.077,0,0,3,0.133,2,0.104,1,0.032,4,0.054,8,0.053,19,0.078,18,0.067,13,0.051,20,0.076,30,0.098,22,0.064,23,0.068,25,0.071,31,0.081,36,0.086,19,0.047,15,0.045,11,0.043,20,0.086,12,0.054,10,0.048,15,0.084,6,0.062,2,0.029,1,0.018,1,0.028,0,0,2,0.053,5,0.072,5,0.047,19,0.12,18,0.076,19,0.064,27,0.083,28,0.075,15,0.036,33,0.08,18,0.05,29,0.079,20,0.053,24,0.071,18,0.067,15,0.063,11,0.044,12,0.063
Region 21,Region 24,4,0.034,2,0.04,1,0.034,1,0.047,0,0,1,0.031,1,0.012,7,0.037,10,0.03,12,0.033,26,0.09,23,0.087,21,0.073,26,0.084,19,0.063,15,0.046,35,0.093,49,0.111,58,0.133,30,0.091,22,0.089,17,0.078,13,0.073,9,0.078,5,0.053,1,0.024,0,0,0,0,0,0,2,0.06,4,0.048,9,0.05,12,0.04,18,0.055,29,0.107,25,0.096,18,0.065,27,0.088,23,0.076,19,0.058,38,0.105,34,0.081,57,0.136,32,0.099,24,0.098,21,0.093,12,0.064,13,0.101,11,0.091,3,0.057,1,0.032,2,0.089,1,0.052,0,0,1,0.013,10,0.066,12,0.049,15,0.056,20,0.079,27,0.103,23,0.075,22,0.064,35,0.104,31,0.087,25,0.066,44,0.106,39,0.096,29,0.087,27,0.106,21,0.09,8,0.036,13,0.062,11,0.062,4,0.041,3,0.043,2,0.035,0,0,0,0,2,0.053,2,0.029,4,0.038,6,0.038,25,0.105,27,0.091,41,0.125,35,0.094,30,0.073,33,0.08,36,0.099,29,0.079,17,0.045,16,0.048,19,0.071,16,0.067,8,0.032,12,0.063
Region 21,Region 25,2,0.017,0,0,1,0.034,0,0,0,0,0,0,2,0.023,0,0,2,0.006,6,0.017,7,0.024,2,0.008,2,0.007,1,0.003,1,0.003,2,0.006,6,0.016,3,0.007,4,0.009,8,0.024,2,0.008,0,0,0,0,1,0.009,1,0.011,0,0,1,0.04,0,0,0,0,1,0.03,1,0.012,1,0.006,3,0.01,4,0.012,1,0.004,1,0.004,2,0.007,4,0.013,5,0.017,3,0.009,1,0.003,4,0.009,2,0.005,2,0.006,4,0.016,5,0.022,3,0.016,3,0.023,1,0.008,0,0,0,0,0,0,0,0,1,0.032,0,0,0,0,2,0.008,4,0.015,7,0.028,3,0.011,4,0.013,2,0.006,0,0,0,0,3,0.008,3,0.007,1,0.002,3,0.009,4,0.016,2,0.009,1,0.005,0,0,0,0,0,0,0,0,0,0,0,0,1,0.038,1,0.026,1,0.014,2,0.019,0,0,1,0.004,2,0.007,4,0.012,5,0.013,2,0.005,2,0.005,1,0.003,4,0.011,3,0.008,1,0.003,7,0.026,2,0.008,2,0.008,3,0.016
Region 22,Region 0,3,0.025,0,0,2,0.068,0,0,0,0,0,0,0,0,2,0.011,8,0.024,6,0.017,6,0.021,6,0.023,5,0.017,9,0.029,3,0.01,2,0.006,1,0.003,4,0.009,2,0.005,0,0,2,0.008,3,0.014,4,0.023,0,0,0,0,1,0.024,0,0,1,0.054,0,0,0,0,1,0.012,3,0.017,8,0.026,1,0.003,4,0.015,10,0.039,4,0.015,3,0.01,3,0.01,4,0.012,2,0.006,1,0.002,2,0.005,2,0.006,0,0,2,0.009,6,0.032,0,0,0,0,1,0.019,0,0,2,0.089,0,0,0,0,1,0.013,3,0.02,8,0.033,5,0.019,4,0.016,5,0.019,3,0.01,3,0.009,8,0.024,5,0.014,5,0.013,2,0.005,6,0.015,2,0.006,0,0,1,0.004,1,0.005,3,0.014,0,0,1,0.01,0,0,0,0,1,0.028,0,0,1,0.026,2,0.029,3,0.028,1,0.006,2,0.008,3,0.01,6,0.018,8,0.022,4,0.01,5,0.012,1,0.003,1,0.003,2,0.005,4,0.012,2,0.007,0,0,3,0.012,3,0.016
Region 22,Region 1,4,0.034,0,0,0,0,1,0.047,0,0,0,0,1,0.012,5,0.027,8,0.024,9,0.025,8,0.028,4,0.015,3,0.01,9,0.029,3,0.01,5,0.015,3,0.008,13,0.03,12,0.028,13,0.04,8,0.032,3,0.014,0,0,1,0.009,1,0.011,0,0,1,0.04,1,0.054,2,0.108,2,0.06,0,0,2,0.011,2,0.007,13,0.04,5,0.018,3,0.012,3,0.011,3,0.01,4,0.013,5,0.015,7,0.019,7,0.017,3,0.007,6,0.018,5,0.02,7,0.031,5,0.027,2,0.016,1,0.008,1,0.019,0,0,0,0,0,0,0,0,2,0.027,1,0.007,2,0.008,4,0.015,6,0.024,6,0.023,6,0.02,2,0.006,3,0.009,7,0.02,7,0.018,5,0.012,8,0.02,9,0.027,8,0.031,7,0.03,2,0.009,8,0.038,1,0.006,1,0.01,1,0.014,1,0.018,0,0,1,0.038,0,0,3,0.043,1,0.009,4,0.025,5,0.021,2,0.007,7,0.021,5,0.013,7,0.017,6,0.015,8,0.022,7,0.019,9,0.024,12,0.036,6,0.022,7,0.029,7,0.028,1,0.005
Region 22,Region 2,4,0.034,1,0.02,0,0,0,0,0,0,0,0,2,0.023,4,0.021,2,0.006,7,0.019,1,0.003,2,0.008,0,0,3,0.01,4,0.013,5,0.015,3,0.008,4,0.009,4,0.009,5,0.015,1,0.004,2,0.009,1,0.006,1,0.009,0,0,0,0,0,0,0,0,0,0,1,0.03,0,0,3,0.017,4,0.013,13,0.04,1,0.004,3,0.012,4,0.015,7,0.023,1,0.003,4,0.012,2,0.006,4,0.009,5,0.012,2,0.006,1,0.004,3,0.013,0,0,0,0,1,0.008,0,0,0,0,0,0,1,0.052,0,0,0,0,2,0.013,4,0.016,1,0.004,6,0.024,5,0.019,1,0.003,4,0.012,3,0.009,3,0.008,6,0.016,2,0.005,7,0.017,4,0.012,4,0.016,3,0.013,3,0.014,2,0.01,7,0.039,0,0,1,0.014,0,0,0,0,1,0.038,0,0,1,0.014,3,0.028,0,0,0,0,1,0.003,5,0.015,4,0.011,0,0,2,0.005,5,0.014,6,0.016,9,0.024,3,0.009,2,0.007,3,0.013,5,0.02,3,0.016
Region 22,Region 3,9,0.075,1,0.02,1,0.034,0,0,0,0,0,0,2,0.023,3,0.016,11,0.033,8,0.022,15,0.052,17,0.064,14,0.049,12,0.039,9,0.03,16,0.049,14,0.037,14,0.032,26,0.06,14,0.043,23,0.093,17,0.078,5,0.028,3,0.026,5,0.053,2,0.047,0,0,0,0,0,0,0,0,3,0.036,2,0.011,8,0.026,6,0.018,8,0.03,10,0.039,11,0.04,6,0.02,10,0.033,13,0.04,14,0.039,17,0.04,24,0.057,13,0.04,14,0.057,12,0.053,12,0.064,7,0.054,8,0.066,3,0.057,2,0.064,0,0,0,0,0,0,1,0.013,1,0.007,6,0.025,5,0.019,15,0.059,9,0.034,13,0.043,13,0.038,14,0.041,26,0.073,23,0.06,16,0.038,21,0.052,15,0.045,10,0.039,10,0.043,7,0.032,8,0.038,11,0.062,1,0.01,2,0.029,0,0,1,0.028,0,0,0,0,1,0.014,5,0.047,3,0.019,8,0.034,11,0.037,7,0.021,14,0.038,20,0.048,19,0.046,14,0.039,12,0.033,17,0.045,14,0.042,12,0.045,14,0.058,8,0.032,8,0.042
Region 22,Region 4,2,0.017,0,0,0,0,0,0,1,0.056,0,0,1,0.012,0,0,1,0.003,2,0.006,0,0,1,0.004,3,0.01,0,0,2,0.007,2,0.006,5,0.013,4,0.009,7,0.016,3,0.009,2,0.008,4,0.018,1,0.006,1,0.009,2,0.021,0,0,0,0,0,0,0,0,0,0,0,0,1,0.006,1,0.003,3,0.009,4,0.015,4,0.015,3,0.011,1,0.003,2,0.007,3,0.009,2,0.006,4,0.009,5,0.012,3,0.009,3,0.012,2,0.009,1,0.005,2,0.016,3,0.025,1,0.019,0,0,0,0,1,0.052,0,0,0,0,0,0,5,0.021,0,0,5,0.02,1,0.004,7,0.023,6,0.017,7,0.021,3,0.008,4,0.01,2,0.005,2,0.005,1,0.003,2,0.008,5,0.021,0,0,1,0.005,3,0.017,1,0.01,1,0.014,0,0,0,0,0,0,1,0.026,0,0,1,0.009,4,0.025,3,0.013,3,0.01,2,0.006,1,0.003,2,0.005,2,0.005,1,0.003,2,0.005,1,0.003,5,0.015,3,0.011,4,0.017,0,0,0,0
Region 22,Region 5,1,0.008,0,0,2,0.068,0,0,0,0,0,0,1,0.012,4,0.021,13,0.04,7,0.019,3,0.01,10,0.038,10,0.035,5,0.016,8,0.026,4,0.012,8,0.021,7,0.016,7,0.016,4,0.012,2,0.008,2,0.009,6,0.034,1,0.009,1,0.011,1,0.024,0,0,0,0,0,0,2,0.06,3,0.036,4,0.022,6,0.02,8,0.025,5,0.018,8,0.031,8,0.029,10,0.033,8,0.026,7,0.021,7,0.019,6,0.014,5,0.012,6,0.018,1,0.004,13,0.057,2,0.011,1,0.008,2,0.017,2,0.038,3,0.095,0,0,1,0.052,0,0,2,0.027,0,0,7,0.029,8,0.03,9,0.035,6,0.023,3,0.01,7,0.02,4,0.012,4,0.011,3,0.008,7,0.017,7,0.017,6,0.018,5,0.02,3,0.013,3,0.014,8,0.038,2,0.011,1,0.01,0,0,0,0,0,0,0,0,0,0,1,0.014,4,0.038,8,0.05,6,0.025,7,0.024,2,0.006,6,0.016,4,0.01,6,0.015,11,0.03,12,0.033,10,0.026,10,0.03,9,0.034,3,0.013,4,0.016,2,0.011
Region 22,Region 6,1,0.008,0,0,2,0.068,0,0,0,0,0,0,0,0,0,0,0,0,1,0.003,0,0,0,0,1,0.003,1,0.003,1,0.003,2,0.006,1,0.003,3,0.007,3,0.007,4,0.012,0,0,2,0.009,3,0.017,2,0.017,0,0,0,0,0,0,0,0,0,0,0,0,0,0,0,0,2,0.007,2,0.006,1,0.004,2,0.008,3,0.011,0,0,1,0.003,1,0.003,4,0.011,1,0.002,5,0.012,3,0.009,2,0.008,0,0,2,0.011,0,0,0,0,0,0,0,0,0,0,0,0,1,0.032,0,0,1,0.007,0,0,1,0.004,1,0.004,2,0.008,1,0.003,0,0,1,0.003,5,0.014,2,0.005,4,0.01,7,0.017,6,0.018,5,0.02,1,0.004,2,0.009,2,0.01,1,0.006,1,0.01,0,0,2,0.035,0,0,2,0.076,0,0,0,0,0,0,1,0.006,4,0.017,1,0.003,3,0.009,3,0.008,2,0.005,4,0.01,1,0.003,3,0.008,6,0.016,4,0.012,1,0.004,1,0.004,0,0,0,0
Region 22,Region 7,2,0.017,3,0.06,2,0.068,0,0,0,0,1,0.031,2,0.023,7,0.037,5,0.015,10,0.028,5,0.017,6,0.023,9,0.031,7,0.023,12,0.04,11,0.033,9,0.024,14,0.032,14,0.032,11,0.034,11,0.045,6,0.027,2,0.011,6,0.052,2,0.021,1,0.024,1,0.04,2,0.109,0,0,1,0.03,4,0.048,2,0.011,6,0.02,10,0.031,11,0.041,11,0.042,5,0.018,10,0.033,3,0.01,5,0.015,14,0.039,14,0.033,14,0.033,10,0.031,6,0.024,11,0.048,8,0.043,7,0.054,3,0.025,1,0.019,0,0,1,0.044,0,0,2,0.064,1,0.013,2,0.013,3,0.012,10,0.037,7,0.028,7,0.027,6,0.02,15,0.044,12,0.036,12,0.034,13,0.034,13,0.031,10,0.025,5,0.015,10,0.039,10,0.043,11,0.05,8,0.038,2,0.011,3,0.031,1,0.014,0,0,3,0.083,0,0,1,0.026,2,0.029,1,0.009,4,0.025,5,0.021,4,0.013,8,0.024,11,0.03,8,0.019,14,0.034,10,0.028,5,0.014,7,0.018,7,0.021,9,0.034,8,0.033,6,0.024,4,0.021
Region 22,Region 8,9,0.075,2,0.04,4,0.135,5,0.236,2,0.111,5,0.156,6,0.07,18,0.096,55,0.167,62,0.171,85,0.294,55,0.208,53,0.185,67,0.218,54,0.178,71,0.215,62,0.165,69,0.157,91,0.209,58,0.177,55,0.223,56,0.256,35,0.197,23,0.2,9,0.096,2,0.047,3,0.119,2,0.109,4,0.217,6,0.18,1,0.012,27,0.151,47,0.155,62,0.191,59,0.218,62,0.239,55,0.2,71,0.233,92,0.304,75,0.229,63,0.173,87,0.206,84,0.201,60,0.185,59,0.241,92,0.406,40,0.213,14,0.109,19,0.158,4,0.077,2,0.064,1,0.044,3,0.155,2,0.064,6,0.081,24,0.159,39,0.161,73,0.272,64,0.252,53,0.202,62,0.203,87,0.254,85,0.252,64,0.181,86,0.225,84,0.202,89,0.219,49,0.147,63,0.247,59,0.253,39,0.177,45,0.214,19,0.106,10,0.103,10,0.143,2,0.035,3,0.083,8,0.306,10,0.263,12,0.173,31,0.293,48,0.302,62,0.261,70,0.235,67,0.205,88,0.237,103,0.25,91,0.221,69,0.19,71,0.194,67,0.176,52,0.155,53,0.199,37,0.155,33,0.131,28,0.147
Region 22,Region 9,20,0.168,3,0.06,3,0.102,1,0.047,4,0.222,5,0.156,20,0.234,27,0.145,42,0.128,32,0.089,44,0.152,54,0.204,68,0.237,51,0.166,44,0.145,62,0.188,72,0.191,94,0.214,109,0.251,82,0.25,58,0.235,38,0.174,32,0.18,17,0.148,18,0.192,5,0.118,3,0.119,1,0.054,2,0.108,16,0.479,12,0.145,25,0.14,39,0.129,59,0.182,48,0.177,62,0.239,53,0.193,58,0.19,45,0.149,60,0.183,69,0.19,95,0.225,103,0.246,82,0.253,57,0.233,68,0.3,32,0.17,19,0.148,26,0.216,10,0.191,7,0.222,1,0.044,2,0.104,5,0.16,20,0.269,21,0.139,31,0.128,42,0.156,45,0.177,52,0.198,63,0.207,70,0.204,73,0.216,84,0.237,77,0.202,99,0.238,103,0.253,67,0.201,68,0.266,44,0.189,36,0.163,24,0.114,22,0.123,15,0.155,9,0.129,4,0.07,9,0.248,4,0.153,16,0.421,11,0.158,22,0.208,27,0.17,56,0.236,63,0.212,84,0.257,77,0.207,105,0.254,91,0.221,73,0.201,61,0.167,90,0.237,76,0.226,59,0.221,34,0.142,34,0.135,22,0.116
Region 22,Region 10,4,0.034,2,0.04,1,0.034,1,0.047,0,0,0,0,0,0,7,0.037,12,0.036,12,0.033,10,0.035,23,0.087,12,0.042,12,0.039,8,0.026,18,0.055,10,0.027,12,0.027,31,0.071,20,0.061,6,0.024,9,0.041,6,0.034,4,0.035,3,0.032,2,0.047,1,0.04,0,0,2,0.108,1,0.03,4,0.048,4,0.022,11,0.036,19,0.058,18,0.066,11,0.042,6,0.022,9,0.029,13,0.043,22,0.067,19,0.052,24,0.057,21,0.05,12,0.037,9,0.037,11,0.048,7,0.037,5,0.039,1,0.008,5,0.096,2,0.064,1,0.044,2,0.104,1,0.032,2,0.027,9,0.06,12,0.049,17,0.063,8,0.031,17,0.065,17,0.056,14,0.041,22,0.065,17,0.048,13,0.034,17,0.041,18,0.044,9,0.027,6,0.023,5,0.021,10,0.045,6,0.029,4,0.022,3,0.031,5,0.072,1,0.018,1,0.028,2,0.076,1,0.026,6,0.086,5,0.047,10,0.063,13,0.055,12,0.04,8,0.024,15,0.04,19,0.046,15,0.036,23,0.063,7,0.019,12,0.032,7,0.021,7,0.026,11,0.046,8,0.032,6,0.032
Region 22,Region 11,1,0.008,2,0.04,0,0,0,0,0,0,0,0,1,0.012,0,0,0,0,1,0.003,1,0.003,0,0,0,0,1,0.003,1,0.003,0,0,2,0.005,2,0.005,1,0.002,0,0,1,0.004,1,0.005,1,0.006,0,0,1,0.011,0,0,0,0,0,0,0,0,0,0,0,0,0,0,0,0,0,0,0,0,1,0.004,1,0.004,0,0,1,0.003,1,0.003,1,0.003,1,0.002,1,0.002,0,0,0,0,1,0.004,1,0.005,0,0,0,0,0,0,1,0.032,0,0,0,0,0,0,0,0,1,0.007,1,0.004,1,0.004,1,0.004,0,0,0,0,1,0.003,1,0.003,0,0,1,0.003,0,0,0,0,0,0,0,0,1,0.004,1,0.005,1,0.005,2,0.011,1,0.01,0,0,0,0,0,0,0,0,0,0,2,0.029,1,0.009,0,0,1,0.004,1,0.003,0,0,1,0.003,0,0,2,0.005,0,0,0,0,1,0.003,2,0.006,1,0.004,0,0,0,0,1,0.005
Region 22,Region 12,11,0.092,3,0.06,3,0.102,0,0,0,0,2,0.063,9,0.105,10,0.054,19,0.058,25,0.069,20,0.069,23,0.087,23,0.08,27,0.088,35,0.115,44,0.134,36,0.096,38,0.086,40,0.092,38,0.116,31,0.126,30,0.137,14,0.079,8,0.069,2,0.021,4,0.095,2,0.079,1,0.054,1,0.054,1,0.03,11,0.133,12,0.067,18,0.06,19,0.058,24,0.089,24,0.093,21,0.076,24,0.079,39,0.129,33,0.101,41,0.113,37,0.088,31,0.074,40,0.123,20,0.082,22,0.097,17,0.091,8,0.062,7,0.058,6,0.115,2,0.064,0,0,1,0.052,2,0.064,8,0.108,9,0.06,14,0.058,20,0.074,12,0.047,17,0.065,22,0.072,26,0.076,36,0.107,41,0.116,23,0.06,30,0.072,22,0.054,19,0.057,21,0.082,29,0.124,12,0.054,11,0.052,10,0.056,6,0.062,4,0.057,1,0.018,4,0.11,6,0.229,4,0.105,5,0.072,10,0.094,11,0.069,26,0.109,23,0.077,25,0.076,46,0.124,38,0.092,36,0.087,36,0.099,30,0.082,28,0.074,32,0.095,22,0.082,18,0.075,8,0.032,7,0.037
Region 22,Region 13,6,0.05,0,0,0,0,0,0,0,0,1,0.031,6,0.07,12,0.064,26,0.079,17,0.047,20,0.069,19,0.072,7,0.024,16,0.052,10,0.033,17,0.052,15,0.04,10,0.023,14,0.032,12,0.037,14,0.057,12,0.055,10,0.056,9,0.078,2,0.021,1,0.024,1,0.04,0,0,1,0.054,0,0,8,0.097,11,0.062,16,0.053,14,0.043,20,0.074,18,0.069,13,0.047,19,0.062,9,0.03,16,0.049,8,0.022,19,0.045,17,0.041,6,0.018,13,0.053,21,0.093,6,0.032,3,0.023,5,0.042,2,0.038,0,0,1,0.044,1,0.052,2,0.064,3,0.04,4,0.027,18,0.074,12,0.045,15,0.059,16,0.061,16,0.053,11,0.032,12,0.036,12,0.034,15,0.039,13,0.031,19,0.047,15,0.045,12,0.047,18,0.077,10,0.045,9,0.043,4,0.022,1,0.01,0,0,0,0,3,0.083,1,0.038,4,0.105,3,0.043,2,0.019,7,0.044,22,0.093,17,0.057,12,0.037,22,0.059,20,0.048,19,0.046,11,0.03,10,0.027,13,0.034,11,0.033,9,0.034,8,0.033,5,0.02,13,0.068
Region 22,Region 14,0,0,0,0,0,0,1,0.047,0,0,0,0,1,0.012,3,0.016,7,0.021,9,0.025,6,0.021,3,0.011,1,0.003,5,0.016,4,0.013,6,0.018,5,0.013,8,0.018,9,0.021,4,0.012,2,0.008,6,0.027,2,0.011,0,0,0,0,0,0,0,0,1,0.054,0,0,0,0,0,0,2,0.011,3,0.01,6,0.018,3,0.011,4,0.015,3,0.011,4,0.013,4,0.013,8,0.024,3,0.008,5,0.012,6,0.014,2,0.006,5,0.02,8,0.035,1,0.005,0,0,0,0,0,0,3,0.095,1,0.044,0,0,1,0.032,1,0.013,1,0.007,2,0.008,6,0.022,3,0.012,2,0.008,8,0.026,4,0.012,3,0.009,5,0.014,8,0.021,4,0.01,8,0.02,3,0.009,4,0.016,4,0.017,0,0,2,0.01,0,0,1,0.01,1,0.014,1,0.018,0,0,1,0.038,1,0.026,2,0.029,2,0.019,4,0.025,0,0,4,0.013,1,0.003,6,0.016,9,0.022,5,0.012,4,0.011,4,0.011,4,0.011,4,0.012,1,0.004,4,0.017,1,0.004,4,0.021
Region 22,Region 15,0,0,0,0,0,0,0,0,0,0,0,0,0,0,1,0.005,1,0.003,3,0.008,0,0,0,0,1,0.003,0,0,0,0,1,0.003,1,0.003,3,0.007,3,0.007,0,0,1,0.004,1,0.005,0,0,0,0,0,0,0,0,0,0,0,0,0,0,0,0,0,0,1,0.006,1,0.003,1,0.003,0,0,1,0.004,1,0.004,2,0.007,0,0,0,0,0,0,1,0.002,1,0.002,1,0.003,0,0,0,0,1,0.005,0,0,2,0.017,0,0,0,0,0,0,0,0,0,0,0,0,0,0,2,0.008,0,0,1,0.004,3,0.011,2,0.007,0,0,2,0.006,3,0.008,0,0,0,0,0,0,0,0,3,0.012,0,0,0,0,1,0.005,0,0,0,0,0,0,0,0,1,0.028,0,0,1,0.026,0,0,1,0.009,0,0,1,0.004,0,0,1,0.003,1,0.003,0,0,1,0.002,1,0.003,1,0.003,1,0.003,0,0,1,0.004,1,0.004,0,0,1,0.005
Region 22,Region 16,0,0,0,0,0,0,0,0,0,0,0,0,1,0.012,2,0.011,0,0,1,0.003,3,0.01,3,0.011,0,0,2,0.006,4,0.013,2,0.006,4,0.011,2,0.005,1,0.002,1,0.003,0,0,0,0,0,0,0,0,1,0.011,0,0,0,0,0,0,0,0,0,0,1,0.012,0,0,2,0.007,5,0.015,1,0.004,1,0.004,1,0.004,2,0.007,4,0.013,1,0.003,4,0.011,4,0.009,5,0.012,1,0.003,1,0.004,3,0.013,0,0,1,0.008,0,0,0,0,0,0,0,0,0,0,0,0,0,0,0,0,1,0.004,3,0.011,1,0.004,3,0.011,0,0,2,0.006,3,0.009,1,0.003,1,0.003,4,0.01,5,0.012,3,0.009,2,0.008,1,0.004,1,0.005,0,0,1,0.006,1,0.01,0,0,0,0,0,0,0,0,0,0,0,0,3,0.028,2,0.013,2,0.008,1,0.003,2,0.006,3,0.008,1,0.002,3,0.007,0,0,0,0,0,0,2,0.006,1,0.004,1,0.004,0,0,0,0
Region 22,Region 17,8,0.067,0,0,2,0.068,0,0,1,0.056,1,0.031,4,0.047,7,0.037,26,0.079,23,0.064,12,0.042,10,0.038,11,0.038,11,0.036,12,0.04,17,0.052,19,0.05,13,0.03,18,0.041,10,0.03,8,0.032,10,0.046,7,0.039,6,0.052,2,0.021,2,0.047,1,0.04,3,0.163,2,0.108,2,0.06,4,0.048,8,0.045,17,0.056,25,0.077,11,0.041,6,0.023,8,0.029,11,0.036,8,0.026,10,0.03,6,0.017,10,0.024,16,0.038,13,0.04,7,0.029,13,0.057,9,0.048,6,0.047,7,0.058,2,0.038,3,0.095,2,0.089,1,0.052,1,0.032,3,0.04,3,0.02,12,0.049,26,0.097,8,0.031,6,0.023,11,0.036,14,0.041,9,0.027,12,0.034,17,0.045,19,0.046,13,0.032,16,0.048,15,0.059,7,0.03,11,0.05,7,0.033,8,0.045,4,0.041,4,0.057,3,0.053,5,0.138,2,0.076,2,0.053,7,0.101,3,0.028,9,0.057,14,0.059,8,0.027,8,0.024,16,0.043,22,0.053,31,0.075,22,0.061,18,0.049,14,0.037,11,0.033,4,0.015,8,0.033,10,0.04,5,0.026
Region 22,Region 18,0,0,0,0,0,0,0,0,0,0,1,0.031,0,0,0,0,0,0,0,0,0,0,2,0.008,2,0.007,1,0.003,0,0,1,0.003,0,0,1,0.002,0,0,0,0,0,0,0,0,1,0.006,0,0,2,0.021,0,0,0,0,0,0,0,0,1,0.03,0,0,0,0,0,0,0,0,0,0,1,0.004,0,0,0,0,0,0,1,0.003,0,0,2,0.005,0,0,3,0.009,1,0.004,0,0,0,0,0,0,0,0,0,0,0,0,0,0,0,0,0,0,0,0,1,0.007,1,0.004,0,0,0,0,0,0,0,0,0,0,1,0.003,0,0,0,0,1,0.002,0,0,0,0,0,0,0,0,0,0,0,0,0,0,0,0,0,0,0,0,0,0,0,0,0,0,0,0,1,0.009,1,0.006,0,0,0,0,1,0.003,0,0,1,0.002,1,0.002,0,0,1,0.003,1,0.003,1,0.003,0,0,0,0,1,0.004,0,0
Region 22,Region 19,0,0,0,0,0,0,0,0,0,0,0,0,1,0.012,2,0.011,1,0.003,0,0,0,0,2,0.008,3,0.01,1,0.003,0,0,0,0,2,0.005,1,0.002,5,0.011,1,0.003,2,0.008,2,0.009,0,0,0,0,1,0.011,1,0.024,0,0,0,0,0,0,0,0,0,0,0,0,0,0,1,0.003,2,0.007,1,0.004,0,0,1,0.003,2,0.007,1,0.003,0,0,3,0.007,4,0.01,0,0,1,0.004,2,0.009,3,0.016,2,0.016,3,0.025,0,0,0,0,0,0,0,0,0,0,0,0,0,0,0,0,0,0,0,0,1,0.004,0,0,2,0.006,0,0,1,0.003,2,0.005,3,0.007,1,0.002,4,0.012,0,0,0,0,1,0.005,0,0,3,0.017,0,0,0,0,1,0.018,0,0,0,0,0,0,1,0.014,1,0.009,2,0.013,0,0,1,0.003,2,0.006,3,0.008,2,0.005,0,0,4,0.011,2,0.005,1,0.003,0,0,0,0,2,0.008,3,0.012,0,0
Region 22,Region 20,4,0.034,5,0.099,0,0,2,0.095,0,0,2,0.063,0,0,9,0.048,8,0.024,20,0.055,9,0.031,5,0.019,8,0.028,6,0.019,9,0.03,5,0.015,9,0.024,10,0.023,8,0.018,14,0.043,4,0.016,5,0.023,7,0.039,4,0.035,3,0.032,1,0.024,0,0,0,0,2,0.108,1,0.03,2,0.024,8,0.045,13,0.043,16,0.049,13,0.048,5,0.019,11,0.04,6,0.02,4,0.013,9,0.027,5,0.014,8,0.019,8,0.019,11,0.034,7,0.029,11,0.048,1,0.005,1,0.008,2,0.017,0,0,2,0.064,0,0,0,0,0,0,0,0,8,0.053,11,0.045,15,0.056,5,0.02,9,0.034,4,0.013,4,0.012,9,0.027,5,0.014,11,0.029,8,0.019,14,0.034,5,0.015,7,0.027,4,0.017,1,0.005,8,0.038,0,0,1,0.01,2,0.029,1,0.018,2,0.055,0,0,0,0,3,0.043,0,0,3,0.019,5,0.021,6,0.02,14,0.043,7,0.019,8,0.019,7,0.017,7,0.019,7,0.019,10,0.026,7,0.021,6,0.022,9,0.038,2,0.008,3,0.016
Region 22,Region 21,1,0.008,0,0,0,0,0,0,0,0,0,0,0,0,0,0,2,0.006,3,0.008,5,0.017,4,0.015,1,0.003,2,0.006,4,0.013,4,0.012,7,0.019,9,0.02,11,0.025,5,0.015,4,0.016,2,0.009,3,0.017,0,0,0,0,0,0,0,0,0,0,0,0,0,0,0,0,1,0.006,2,0.007,7,0.022,6,0.022,3,0.012,5,0.018,2,0.007,4,0.013,5,0.015,7,0.019,6,0.014,4,0.01,8,0.025,4,0.016,4,0.018,4,0.021,1,0.008,0,0,0,0,0,0,0,0,0,0,0,0,1,0.013,0,0,1,0.004,3,0.011,7,0.028,2,0.008,7,0.023,6,0.017,6,0.018,5,0.014,5,0.013,3,0.007,4,0.01,7,0.021,5,0.02,1,0.004,2,0.009,2,0.01,2,0.011,1,0.01,0,0,1,0.018,0,0,0,0,0,0,1,0.014,0,0,2,0.013,5,0.021,5,0.017,3,0.009,6,0.016,4,0.01,2,0.005,7,0.019,7,0.019,5,0.013,1,0.003,1,0.004,4,0.017,1,0.004,4,0.021
Region 22,Region 22,17,0.143,5,0.099,6,0.203,3,0.142,4,0.222,2,0.063,6,0.07,15,0.08,44,0.134,73,0.202,83,0.288,71,0.269,58,0.202,96,0.312,99,0.326,83,0.252,80,0.213,122,0.277,121,0.278,86,0.262,62,0.252,57,0.26,28,0.158,16,0.139,23,0.246,3,0.071,6,0.238,4,0.218,3,0.163,1,0.03,7,0.085,13,0.073,28,0.093,58,0.178,74,0.273,59,0.228,69,0.251,90,0.295,79,0.261,75,0.229,97,0.267,110,0.261,141,0.337,109,0.336,72,0.294,80,0.353,36,0.192,20,0.155,24,0.199,5,0.096,2,0.064,1,0.044,1,0.052,5,0.16,9,0.121,17,0.113,33,0.136,63,0.235,81,0.319,80,0.304,100,0.328,77,0.224,92,0.273,97,0.274,95,0.249,106,0.254,111,0.273,83,0.249,67,0.262,56,0.24,29,0.131,31,0.148,19,0.106,16,0.165,3,0.043,5,0.088,4,0.11,5,0.191,3,0.079,3,0.043,19,0.179,23,0.145,55,0.231,67,0.225,85,0.26,96,0.258,89,0.216,83,0.201,77,0.212,80,0.219,96,0.253,84,0.25,61,0.229,39,0.163,23,0.091,19,0.1
Region 22,Region 23,3,0.025,0,0,1,0.034,0,0,1,0.056,1,0.031,2,0.023,9,0.048,11,0.033,12,0.033,8,0.028,6,0.023,8,0.028,6,0.019,5,0.016,6,0.018,10,0.027,8,0.018,12,0.028,10,0.03,9,0.037,7,0.032,4,0.023,3,0.026,3,0.032,2,0.047,1,0.04,1,0.054,1,0.054,1,0.03,4,0.048,4,0.022,9,0.03,12,0.037,7,0.026,11,0.042,10,0.036,9,0.029,10,0.033,13,0.04,11,0.03,7,0.017,10,0.024,11,0.034,6,0.024,15,0.066,12,0.064,6,0.047,1,0.008,0,0,1,0.032,2,0.089,3,0.155,1,0.032,3,0.04,4,0.027,5,0.021,11,0.041,5,0.02,9,0.034,13,0.043,8,0.023,9,0.027,7,0.02,14,0.037,14,0.034,9,0.022,14,0.042,8,0.031,4,0.017,5,0.023,5,0.024,1,0.006,0,0,0,0,1,0.018,0,0,1,0.038,1,0.026,5,0.072,4,0.038,8,0.05,11,0.046,14,0.047,13,0.04,5,0.013,11,0.027,7,0.017,11,0.03,11,0.03,11,0.029,2,0.006,6,0.022,7,0.029,2,0.008,5,0.026
Region 22,Region 24,2,0.017,2,0.04,1,0.034,1,0.047,0,0,1,0.031,7,0.082,6,0.032,22,0.067,16,0.044,22,0.076,20,0.076,11,0.038,15,0.049,15,0.049,30,0.091,21,0.056,24,0.055,24,0.055,14,0.043,9,0.037,20,0.091,5,0.028,6,0.052,4,0.043,2,0.047,1,0.04,0,0,0,0,1,0.03,3,0.036,4,0.022,19,0.063,20,0.062,14,0.052,14,0.054,13,0.047,23,0.075,15,0.05,19,0.058,20,0.055,17,0.04,14,0.033,11,0.034,9,0.037,16,0.071,9,0.048,5,0.039,3,0.025,0,0,1,0.032,1,0.044,0,0,0,0,6,0.081,4,0.027,17,0.07,14,0.052,14,0.055,12,0.046,20,0.066,29,0.085,18,0.053,27,0.076,20,0.052,10,0.024,23,0.057,9,0.027,12,0.047,8,0.034,8,0.036,14,0.067,7,0.039,1,0.01,1,0.014,0,0,1,0.028,3,0.115,1,0.026,3,0.043,9,0.085,5,0.031,18,0.076,10,0.034,13,0.04,11,0.03,8,0.019,13,0.032,21,0.058,17,0.046,21,0.055,17,0.051,16,0.06,9,0.038,4,0.016,6,0.032
Region 22,Region 25,0,0,0,0,0,0,0,0,0,0,0,0,0,0,0,0,2,0.006,1,0.003,2,0.007,1,0.004,2,0.007,0,0,2,0.007,2,0.006,1,0.003,2,0.005,2,0.005,0,0,3,0.012,0,0,1,0.006,0,0,1,0.011,0,0,0,0,0,0,0,0,0,0,0,0,0,0,1,0.003,2,0.006,1,0.004,0,0,2,0.007,0,0,1,0.003,0,0,0,0,2,0.005,4,0.01,0,0,1,0.004,2,0.009,1,0.005,0,0,1,0.008,0,0,0,0,0,0,0,0,0,0,0,0,0,0,1,0.004,2,0.007,3,0.012,1,0.004,1,0.003,1,0.003,0,0,1,0.003,2,0.005,4,0.01,1,0.002,0,0,1,0.004,0,0,0,0,0,0,1,0.006,0,0,0,0,0,0,0,0,0,0,0,0,1,0.014,0,0,2,0.013,1,0.004,1,0.003,1,0.003,1,0.003,0,0,1,0.002,2,0.006,0,0,1,0.003,0,0,1,0.004,0,0,1,0.004,0,0
Region 23,Region 0,7,0.059,1,0.02,1,0.034,0,0,1,0.056,3,0.094,8,0.094,20,0.107,24,0.073,24,0.066,21,0.073,16,0.061,20,0.07,18,0.058,21,0.069,20,0.061,29,0.077,29,0.066,22,0.051,15,0.046,15,0.061,15,0.069,10,0.056,6,0.052,9,0.096,1,0.024,2,0.079,0,0,2,0.108,0,0,5,0.061,22,0.123,27,0.089,20,0.062,13,0.048,19,0.073,21,0.076,17,0.056,21,0.069,20,0.061,16,0.044,20,0.047,19,0.045,18,0.055,4,0.016,5,0.022,6,0.032,5,0.039,4,0.033,0,0,0,0,1,0.044,1,0.052,1,0.032,5,0.067,15,0.1,16,0.066,21,0.078,14,0.055,13,0.049,15,0.049,25,0.073,21,0.062,28,0.079,19,0.05,22,0.053,15,0.037,10,0.03,13,0.051,14,0.06,17,0.077,6,0.029,6,0.034,2,0.021,2,0.029,2,0.035,1,0.028,2,0.076,0,0,5,0.072,6,0.057,16,0.101,16,0.067,23,0.077,26,0.079,27,0.073,24,0.058,20,0.048,28,0.077,21,0.057,15,0.039,10,0.03,16,0.06,17,0.071,14,0.056,7,0.037
Region 23,Region 1,11,0.092,3,0.06,2,0.068,4,0.189,5,0.278,9,0.281,26,0.304,58,0.31,98,0.298,93,0.257,54,0.187,45,0.17,62,0.216,51,0.166,54,0.178,47,0.143,80,0.213,102,0.232,120,0.276,73,0.223,53,0.215,38,0.174,36,0.203,27,0.234,18,0.192,10,0.237,3,0.119,2,0.109,5,0.271,5,0.15,19,0.23,43,0.241,79,0.261,66,0.203,57,0.211,47,0.181,50,0.182,62,0.203,53,0.175,52,0.158,72,0.198,122,0.289,111,0.265,84,0.259,61,0.249,38,0.168,37,0.197,29,0.225,16,0.133,4,0.077,2,0.064,3,0.133,7,0.362,10,0.319,15,0.202,33,0.219,73,0.301,61,0.227,59,0.232,51,0.194,67,0.22,75,0.219,60,0.178,89,0.251,76,0.199,106,0.254,103,0.253,98,0.294,70,0.274,64,0.275,46,0.208,58,0.276,46,0.258,25,0.258,9,0.129,12,0.21,3,0.083,1,0.038,6,0.158,23,0.331,33,0.311,53,0.334,54,0.227,75,0.252,83,0.254,90,0.242,97,0.235,101,0.245,118,0.325,106,0.29,94,0.248,107,0.319,76,0.285,78,0.326,66,0.262,73,0.384
Region 23,Region 2,32,0.268,18,0.357,16,0.541,6,0.284,8,0.444,25,0.782,81,0.947,185,0.99,303,0.921,286,0.791,123,0.426,79,0.299,88,0.307,102,0.331,107,0.353,102,0.31,129,0.343,150,0.341,175,0.402,100,0.305,74,0.3,54,0.247,46,0.259,26,0.226,30,0.32,19,0.449,13,0.515,4,0.218,7,0.379,27,0.809,84,1.018,141,0.79,255,0.843,243,0.748,155,0.573,101,0.389,89,0.323,101,0.331,92,0.304,91,0.277,125,0.344,162,0.384,155,0.37,115,0.354,62,0.253,81,0.357,75,0.4,41,0.319,61,0.507,29,0.555,18,0.572,9,0.4,11,0.569,28,0.894,72,0.97,107,0.71,171,0.705,152,0.566,172,0.677,258,0.981,438,1.438,429,1.251,159,0.471,193,0.545,187,0.49,301,0.722,607,1.492,513,1.54,122,0.478,109,0.468,98,0.444,126,0.6,118,0.661,66,0.682,25,0.358,21,0.368,10,0.276,11,0.42,34,0.895,45,0.648,92,0.868,130,0.818,151,0.635,187,0.628,201,0.614,277,0.744,382,0.926,310,0.752,349,0.962,517,1.413,455,1.198,176,0.524,128,0.48,120,0.501,110,0.437,111,0.584
Region 23,Region 3,1,0.008,0,0,1,0.034,2,0.095,1,0.056,0,0,0,0,6,0.032,11,0.033,8,0.022,9,0.031,12,0.045,8,0.028,11,0.036,12,0.04,12,0.036,14,0.037,14,0.032,10,0.023,10,0.03,6,0.024,9,0.041,4,0.023,3,0.026,4,0.043,1,0.024,0,0,0,0,1,0.054,0,0,3,0.036,7,0.039,11,0.036,9,0.028,7,0.026,5,0.019,7,0.025,5,0.016,6,0.02,7,0.021,12,0.033,5,0.012,8,0.019,8,0.025,10,0.041,7,0.031,10,0.053,5,0.039,4,0.033,3,0.057,1,0.032,0,0,1,0.052,0,0,2,0.027,6,0.04,11,0.045,6,0.022,6,0.024,5,0.019,7,0.023,8,0.023,15,0.044,15,0.042,10,0.026,10,0.024,14,0.034,5,0.015,10,0.039,3,0.013,8,0.036,4,0.019,4,0.022,1,0.01,2,0.029,0,0,0,0,0,0,7,0.184,6,0.086,9,0.085,7,0.044,6,0.025,11,0.037,14,0.043,11,0.03,8,0.019,7,0.017,16,0.044,9,0.025,11,0.029,20,0.06,13,0.049,15,0.063,11,0.044,5,0.026
Region 23,Region 4,7,0.059,0,0,1,0.034,0,0,0,0,1,0.031,5,0.058,8,0.043,17,0.052,14,0.039,19,0.066,19,0.072,16,0.056,9,0.029,15,0.049,18,0.055,18,0.048,27,0.061,14,0.032,20,0.061,10,0.041,13,0.059,9,0.051,9,0.078,14,0.15,5,0.118,1,0.04,0,0,0,0,1,0.03,11,0.133,11,0.062,14,0.046,11,0.034,12,0.044,10,0.039,15,0.054,19,0.062,20,0.066,19,0.058,21,0.058,24,0.057,24,0.057,20,0.062,18,0.073,18,0.079,8,0.043,12,0.093,12,0.1,2,0.038,1,0.032,0,0,1,0.052,1,0.032,5,0.067,7,0.046,8,0.033,17,0.063,23,0.09,14,0.053,18,0.059,21,0.061,15,0.044,17,0.048,11,0.029,24,0.058,20,0.049,20,0.06,23,0.09,19,0.082,23,0.104,28,0.133,39,0.219,13,0.134,2,0.029,2,0.035,4,0.11,1,0.038,3,0.079,4,0.058,12,0.113,15,0.094,20,0.084,18,0.06,16,0.049,21,0.056,29,0.07,26,0.063,19,0.052,19,0.052,22,0.058,23,0.068,22,0.082,22,0.092,28,0.111,39,0.205
Region 23,Region 5,3,0.025,0,0,1,0.034,0,0,1,0.056,3,0.094,5,0.058,3,0.016,6,0.018,4,0.011,8,0.028,9,0.034,6,0.021,6,0.019,4,0.013,6,0.018,3,0.008,3,0.007,1,0.002,2,0.006,3,0.012,6,0.027,2,0.011,0,0,3,0.032,1,0.024,0,0,1,0.054,0,0,2,0.06,0,0,1,0.006,4,0.013,4,0.012,8,0.03,7,0.027,6,0.022,4,0.013,0,0,2,0.006,6,0.017,2,0.005,4,0.01,3,0.009,6,0.024,2,0.009,2,0.011,2,0.016,1,0.008,0,0,4,0.127,1,0.044,1,0.052,0,0,3,0.04,2,0.013,4,0.016,5,0.019,2,0.008,7,0.027,3,0.01,3,0.009,2,0.006,1,0.003,1,0.003,0,0,7,0.017,3,0.009,6,0.023,8,0.034,5,0.023,3,0.014,4,0.022,4,0.041,1,0.014,3,0.053,1,0.028,4,0.153,1,0.026,2,0.029,4,0.038,2,0.013,7,0.029,10,0.034,8,0.024,12,0.032,9,0.022,4,0.01,6,0.017,7,0.019,3,0.008,8,0.024,4,0.015,5,0.021,5,0.02,2,0.011
Region 23,Region 6,6,0.05,1,0.02,0,0,0,0,1,0.056,0,0,4,0.047,6,0.032,12,0.036,9,0.025,7,0.024,7,0.027,5,0.017,7,0.023,9,0.03,9,0.027,25,0.066,35,0.08,37,0.085,7,0.021,1,0.004,6,0.027,5,0.028,6,0.052,3,0.032,1,0.024,0,0,0,0,1,0.054,2,0.06,2,0.024,8,0.045,11,0.036,6,0.018,7,0.026,8,0.031,12,0.044,8,0.026,6,0.02,21,0.064,24,0.066,36,0.085,38,0.091,15,0.046,5,0.02,9,0.04,1,0.005,3,0.023,4,0.033,6,0.115,2,0.064,0,0,2,0.104,3,0.096,6,0.081,7,0.046,11,0.045,3,0.011,4,0.016,3,0.011,9,0.03,8,0.023,11,0.033,17,0.048,24,0.063,30,0.072,29,0.071,9,0.027,8,0.031,10,0.043,7,0.032,7,0.033,12,0.067,6,0.062,1,0.014,1,0.018,0,0,2,0.076,0,0,3,0.043,0,0,3,0.019,7,0.029,9,0.03,13,0.04,14,0.038,10,0.024,11,0.027,16,0.044,15,0.041,17,0.045,10,0.03,8,0.03,6,0.025,14,0.056,4,0.021
Region 23,Region 7,20,0.168,11,0.218,7,0.237,3,0.142,4,0.222,13,0.407,63,0.736,93,0.498,82,0.249,62,0.171,61,0.211,59,0.223,47,0.164,57,0.185,50,0.165,56,0.17,64,0.17,67,0.152,57,0.131,56,0.171,50,0.203,36,0.165,23,0.13,26,0.226,27,0.288,6,0.142,7,0.277,6,0.326,7,0.379,12,0.36,56,0.679,87,0.488,78,0.258,68,0.209,55,0.203,60,0.231,65,0.236,57,0.187,65,0.215,65,0.198,66,0.182,75,0.178,69,0.165,61,0.188,41,0.167,46,0.203,44,0.234,35,0.272,20,0.166,14,0.268,5,0.159,4,0.178,5,0.259,9,0.287,51,0.687,71,0.471,58,0.239,71,0.264,82,0.323,54,0.205,50,0.164,46,0.134,70,0.207,72,0.203,63,0.165,64,0.154,68,0.167,63,0.189,49,0.192,34,0.146,46,0.208,29,0.138,44,0.247,18,0.186,11,0.157,11,0.193,6,0.166,5,0.191,14,0.368,39,0.561,27,0.255,37,0.233,53,0.223,71,0.238,73,0.223,90,0.242,64,0.155,62,0.15,65,0.179,65,0.178,65,0.171,76,0.226,39,0.146,46,0.192,61,0.242,59,0.31
Region 23,Region 8,43,0.361,20,0.397,11,0.372,8,0.378,8,0.444,28,0.876,84,0.982,149,0.798,180,0.547,151,0.418,143,0.495,125,0.473,104,0.363,106,0.344,109,0.359,134,0.407,166,0.441,177,0.402,153,0.352,96,0.293,74,0.3,75,0.343,53,0.299,43,0.373,41,0.438,19,0.449,9,0.356,10,0.544,8,0.434,23,0.689,73,0.885,148,0.83,166,0.549,141,0.434,135,0.499,123,0.474,112,0.407,81,0.265,106,0.351,155,0.472,206,0.567,214,0.508,202,0.482,110,0.339,98,0.4,68,0.3,55,0.293,46,0.357,48,0.399,25,0.478,9,0.286,13,0.578,7,0.362,20,0.639,60,0.808,109,0.723,144,0.594,128,0.477,146,0.574,154,0.586,116,0.381,131,0.382,174,0.516,235,0.663,244,0.64,202,0.485,131,0.322,127,0.381,82,0.321,73,0.313,79,0.358,65,0.309,62,0.347,32,0.331,20,0.286,17,0.298,13,0.359,13,0.497,21,0.552,40,0.576,73,0.689,102,0.642,165,0.694,149,0.5,141,0.431,146,0.392,134,0.325,133,0.322,164,0.452,151,0.413,132,0.348,107,0.319,90,0.337,109,0.455,114,0.453,60,0.316
Region 23,Region 9,4,0.034,6,0.119,0,0,1,0.047,4,0.222,10,0.313,14,0.164,19,0.102,26,0.079,21,0.058,18,0.062,17,0.064,20,0.07,21,0.068,19,0.063,24,0.073,30,0.08,44,0.1,32,0.074,14,0.043,15,0.061,5,0.023,2,0.011,6,0.052,5,0.053,3,0.071,2,0.079,1,0.054,3,0.163,12,0.36,16,0.194,26,0.146,11,0.036,19,0.058,19,0.07,22,0.085,25,0.091,20,0.066,27,0.089,17,0.052,17,0.047,23,0.055,31,0.074,12,0.037,7,0.029,10,0.044,5,0.027,4,0.031,2,0.017,5,0.096,3,0.095,2,0.089,6,0.311,14,0.447,17,0.229,20,0.133,12,0.049,15,0.056,10,0.039,16,0.061,23,0.075,20,0.058,17,0.05,18,0.051,31,0.081,23,0.055,24,0.059,14,0.042,9,0.035,12,0.052,12,0.054,10,0.048,8,0.045,3,0.031,2,0.029,5,0.088,8,0.221,7,0.267,12,0.316,14,0.202,8,0.075,16,0.101,28,0.118,37,0.124,34,0.104,27,0.073,25,0.061,28,0.068,25,0.069,30,0.082,24,0.063,17,0.051,13,0.049,13,0.054,12,0.048,11,0.058
Region 23,Region 10,5,0.042,4,0.079,3,0.102,3,0.142,1,0.056,3,0.094,7,0.082,18,0.096,25,0.076,19,0.053,13,0.045,17,0.064,13,0.045,22,0.071,22,0.073,25,0.076,36,0.096,41,0.093,23,0.053,20,0.061,11,0.045,6,0.027,7,0.039,6,0.052,8,0.085,4,0.095,4,0.158,2,0.109,1,0.054,4,0.12,15,0.182,18,0.101,25,0.083,22,0.068,10,0.037,14,0.054,17,0.062,16,0.052,8,0.026,15,0.046,34,0.094,43,0.102,33,0.079,22,0.068,9,0.037,11,0.048,9,0.048,3,0.023,4,0.033,2,0.038,4,0.127,2,0.089,4,0.207,7,0.223,16,0.216,26,0.173,18,0.074,25,0.093,21,0.083,13,0.049,10,0.033,15,0.044,22,0.065,24,0.068,26,0.068,17,0.041,16,0.039,12,0.036,14,0.055,16,0.069,14,0.063,12,0.057,5,0.028,7,0.072,3,0.043,1,0.018,6,0.166,4,0.153,4,0.105,4,0.058,5,0.047,11,0.069,14,0.059,17,0.057,11,0.034,17,0.046,9,0.022,11,0.027,12,0.033,8,0.022,17,0.045,14,0.042,13,0.049,12,0.05,16,0.064,10,0.053
Region 23,Region 11,17,0.143,7,0.139,9,0.305,9,0.426,4,0.222,6,0.188,7,0.082,20,0.107,30,0.091,31,0.086,33,0.114,26,0.098,31,0.108,37,0.12,59,0.195,57,0.173,57,0.151,53,0.12,59,0.136,57,0.174,40,0.162,48,0.219,42,0.237,29,0.252,23,0.246,5,0.118,6,0.238,3,0.163,3,0.163,3,0.09,10,0.121,16,0.09,30,0.099,37,0.114,26,0.096,33,0.127,32,0.116,37,0.121,34,0.113,36,0.11,54,0.149,56,0.133,58,0.138,44,0.136,46,0.188,58,0.256,30,0.16,23,0.179,17,0.141,2,0.038,4,0.127,4,0.178,5,0.259,4,0.128,8,0.108,19,0.126,18,0.074,24,0.089,33,0.13,33,0.125,48,0.158,53,0.154,47,0.139,33,0.093,41,0.107,53,0.127,46,0.113,60,0.18,52,0.204,45,0.193,35,0.159,29,0.138,24,0.134,12,0.124,10,0.143,7,0.123,3,0.083,4,0.153,8,0.21,8,0.115,11,0.104,16,0.101,25,0.105,34,0.114,46,0.141,48,0.129,45,0.109,45,0.109,54,0.149,52,0.142,45,0.118,58,0.173,54,0.202,47,0.196,51,0.203,28,0.147
Region 23,Region 12,12,0.101,3,0.06,3,0.102,2,0.095,3,0.167,11,0.344,27,0.316,49,0.262,47,0.143,65,0.18,57,0.197,49,0.186,51,0.178,28,0.091,34,0.112,40,0.121,37,0.098,40,0.091,33,0.076,44,0.134,26,0.106,26,0.119,23,0.13,12,0.104,7,0.075,6,0.142,8,0.317,5,0.272,2,0.108,11,0.33,38,0.461,56,0.314,51,0.169,45,0.138,38,0.14,38,0.147,28,0.102,31,0.102,45,0.149,42,0.128,32,0.088,40,0.095,35,0.084,35,0.108,27,0.11,27,0.119,20,0.107,19,0.148,20,0.166,8,0.153,6,0.191,4,0.178,1,0.052,10,0.319,33,0.445,70,0.465,46,0.19,50,0.186,34,0.134,45,0.171,55,0.181,40,0.117,36,0.107,38,0.107,32,0.084,45,0.108,37,0.091,35,0.105,44,0.172,25,0.107,29,0.131,27,0.129,25,0.14,13,0.134,7,0.1,6,0.105,3,0.083,3,0.115,8,0.21,23,0.331,11,0.104,31,0.195,28,0.118,28,0.094,35,0.107,42,0.113,44,0.107,36,0.087,24,0.066,40,0.109,51,0.134,36,0.107,37,0.139,38,0.159,22,0.087,17,0.089
Region 23,Region 13,23,0.193,19,0.377,4,0.135,4,0.189,2,0.111,2,0.063,26,0.304,67,0.359,107,0.325,107,0.296,89,0.308,70,0.265,76,0.265,80,0.26,86,0.284,92,0.279,91,0.242,95,0.216,90,0.207,83,0.253,58,0.235,59,0.27,20,0.113,30,0.26,20,0.214,12,0.284,11,0.435,2,0.109,5,0.271,8,0.24,39,0.473,80,0.449,104,0.344,99,0.305,100,0.369,73,0.282,71,0.258,81,0.265,77,0.255,93,0.283,107,0.295,123,0.292,114,0.272,107,0.33,75,0.306,61,0.269,40,0.213,30,0.233,29,0.241,12,0.23,3,0.095,3,0.133,3,0.155,11,0.351,26,0.35,72,0.478,100,0.412,72,0.268,76,0.299,79,0.3,83,0.272,98,0.286,100,0.296,110,0.31,111,0.291,107,0.257,101,0.248,86,0.258,69,0.27,63,0.27,58,0.263,55,0.262,37,0.207,20,0.207,6,0.086,8,0.14,10,0.276,9,0.344,18,0.474,26,0.374,32,0.302,62,0.39,108,0.454,118,0.396,89,0.272,103,0.277,117,0.284,118,0.286,100,0.276,73,0.2,75,0.197,65,0.194,68,0.255,68,0.284,58,0.231,50,0.263
Region 23,Region 14,45,0.377,18,0.357,15,0.508,21,0.993,45,2.5,116,3.627,187,2.186,272,1.456,300,0.912,214,0.592,235,0.814,250,0.947,230,0.802,215,0.699,181,0.597,214,0.649,205,0.545,162,0.368,119,0.274,124,0.378,112,0.454,102,0.466,98,0.552,49,0.425,35,0.374,15,0.355,16,0.633,23,1.251,49,2.656,98,2.937,180,2.182,262,1.469,260,0.86,243,0.748,268,0.99,313,1.207,300,1.09,263,0.862,263,0.87,229,0.698,188,0.518,183,0.434,160,0.382,127,0.391,120,0.49,123,0.542,98,0.522,57,0.443,70,0.582,23,0.44,27,0.858,35,1.556,67,3.468,107,3.416,176,2.371,193,1.281,222,0.915,227,0.845,240,0.944,265,1.008,276,0.906,246,0.717,206,0.611,227,0.641,180,0.472,129,0.31,155,0.381,140,0.42,162,0.634,129,0.554,101,0.458,91,0.433,85,0.476,29,0.3,32,0.458,31,0.543,40,1.103,66,2.521,92,2.42,135,1.944,157,1.481,182,1.146,231,0.972,323,1.085,294,0.899,273,0.734,234,0.567,222,0.538,265,0.73,296,0.809,229,0.603,167,0.497,159,0.596,178,0.743,162,0.644,135,0.71
Region 23,Region 15,7,0.059,1,0.02,3,0.102,1,0.047,0,0,1,0.031,5,0.058,8,0.043,19,0.058,21,0.058,14,0.048,15,0.057,10,0.035,12,0.039,21,0.069,24,0.073,20,0.053,16,0.036,14,0.032,13,0.04,9,0.037,17,0.078,15,0.085,5,0.043,3,0.032,3,0.071,4,0.158,1,0.054,2,0.108,2,0.06,4,0.048,8,0.045,17,0.056,28,0.086,21,0.078,14,0.054,17,0.062,15,0.049,15,0.05,15,0.046,15,0.041,21,0.05,17,0.041,11,0.034,12,0.049,19,0.084,10,0.053,7,0.054,8,0.066,3,0.057,3,0.095,3,0.133,3,0.155,3,0.096,6,0.081,9,0.06,12,0.049,22,0.082,18,0.071,12,0.046,17,0.056,18,0.052,19,0.056,29,0.082,20,0.052,23,0.055,19,0.047,21,0.063,19,0.074,17,0.073,11,0.05,12,0.057,13,0.073,8,0.083,3,0.043,6,0.105,2,0.055,0,0,3,0.079,6,0.086,8,0.075,10,0.063,20,0.084,22,0.074,23,0.07,27,0.073,23,0.056,29,0.07,24,0.066,18,0.049,19,0.05,12,0.036,22,0.082,15,0.063,20,0.079,11,0.058
Region 23,Region 16,0,0,0,0,0,0,0,0,0,0,0,0,0,0,0,0,3,0.009,2,0.006,4,0.014,2,0.008,2,0.007,2,0.006,2,0.007,2,0.006,2,0.005,5,0.011,2,0.005,2,0.006,2,0.008,0,0,0,0,0,0,0,0,0,0,0,0,0,0,0,0,0,0,0,0,4,0.022,1,0.003,1,0.003,2,0.007,2,0.008,0,0,6,0.02,6,0.02,4,0.012,0,0,0,0,0,0,0,0,2,0.008,2,0.009,4,0.021,1,0.008,0,0,0,0,0,0,1,0.044,0,0,0,0,1,0.013,2,0.013,2,0.008,3,0.011,1,0.004,4,0.015,3,0.01,2,0.006,2,0.006,2,0.006,4,0.01,1,0.002,5,0.012,5,0.015,2,0.008,2,0.009,0,0,0,0,0,0,0,0,0,0,1,0.018,2,0.055,0,0,0,0,6,0.086,9,0.085,4,0.025,1,0.004,3,0.01,3,0.009,5,0.013,2,0.005,5,0.012,5,0.014,2,0.005,2,0.005,4,0.012,3,0.011,1,0.004,0,0,0,0
Region 23,Region 17,46,0.386,25,0.496,11,0.372,5,0.236,10,0.556,41,1.282,165,1.929,368,1.97,611,1.857,457,1.264,226,0.783,140,0.53,136,0.474,109,0.354,117,0.386,116,0.352,110,0.292,128,0.291,133,0.306,110,0.335,76,0.308,69,0.315,54,0.304,43,0.373,29,0.31,18,0.426,9,0.356,9,0.49,10,0.542,51,1.528,145,1.757,331,1.856,497,1.644,376,1.157,190,0.702,101,0.389,114,0.414,127,0.416,120,0.397,117,0.357,131,0.361,176,0.418,140,0.334,130,0.401,100,0.408,69,0.304,46,0.245,46,0.357,61,0.507,25,0.478,12,0.381,8,0.356,13,0.673,32,1.022,116,1.563,202,1.341,282,1.163,207,0.771,135,0.531,141,0.536,198,0.65,169,0.493,141,0.418,168,0.474,164,0.43,191,0.458,196,0.482,169,0.507,134,0.525,105,0.451,87,0.394,101,0.481,113,0.633,45,0.465,15,0.215,15,0.263,7,0.193,6,0.229,29,0.763,51,0.734,54,0.51,85,0.535,175,0.736,198,0.665,304,0.929,488,1.312,673,1.631,497,1.205,199,0.548,184,0.503,180,0.474,163,0.485,128,0.48,107,0.447,111,0.441,116,0.61
Region 23,Region 18,33,0.277,9,0.179,6,0.203,2,0.095,7,0.389,15,0.469,18,0.21,34,0.182,46,0.14,47,0.13,36,0.125,44,0.167,44,0.153,46,0.149,49,0.162,49,0.149,65,0.173,109,0.248,79,0.182,53,0.162,50,0.203,31,0.142,39,0.22,29,0.252,27,0.288,8,0.189,7,0.277,3,0.163,2,0.108,15,0.45,24,0.291,41,0.23,39,0.129,44,0.135,39,0.144,48,0.185,42,0.153,57,0.187,52,0.172,53,0.161,68,0.187,80,0.19,91,0.217,63,0.194,57,0.233,44,0.194,40,0.213,33,0.256,27,0.224,15,0.287,6,0.191,8,0.356,6,0.311,14,0.447,26,0.35,35,0.232,39,0.161,38,0.142,33,0.13,39,0.148,58,0.19,66,0.192,72,0.213,77,0.217,84,0.22,76,0.182,70,0.172,68,0.204,62,0.243,51,0.219,37,0.168,33,0.157,44,0.247,28,0.289,11,0.157,11,0.193,3,0.083,4,0.153,4,0.105,11,0.158,15,0.142,30,0.189,30,0.126,45,0.151,58,0.177,71,0.191,65,0.158,74,0.179,72,0.198,71,0.194,51,0.134,58,0.173,48,0.18,78,0.326,58,0.231,36,0.189
Region 23,Region 19,2,0.017,0,0,0,0,0,0,1,0.056,1,0.031,1,0.012,5,0.027,5,0.015,7,0.019,4,0.014,3,0.011,2,0.007,4,0.013,4,0.013,6,0.018,13,0.035,20,0.045,14,0.032,6,0.018,2,0.008,2,0.009,3,0.017,3,0.026,4,0.043,0,0,0,0,0,0,0,0,2,0.06,0,0,3,0.017,5,0.017,5,0.015,6,0.022,2,0.008,3,0.011,7,0.023,6,0.02,9,0.027,25,0.069,38,0.09,26,0.062,4,0.012,3,0.012,4,0.018,3,0.016,2,0.016,2,0.017,1,0.019,1,0.032,0,0,0,0,2,0.064,1,0.013,0,0,6,0.025,3,0.011,6,0.024,3,0.011,3,0.01,7,0.02,4,0.012,5,0.014,13,0.034,16,0.038,10,0.025,5,0.015,4,0.016,3,0.013,2,0.009,2,0.01,4,0.022,1,0.01,1,0.014,0,0,1,0.028,2,0.076,1,0.026,0,0,0,0,5,0.031,6,0.025,8,0.027,5,0.015,8,0.022,4,0.01,6,0.015,13,0.036,10,0.027,4,0.011,2,0.006,3,0.011,5,0.021,1,0.004,1,0.005
Region 23,Region 20,12,0.101,5,0.099,2,0.068,1,0.047,2,0.111,15,0.469,58,0.678,122,0.653,114,0.346,92,0.254,67,0.232,55,0.208,44,0.153,51,0.166,48,0.158,38,0.115,35,0.093,42,0.095,46,0.106,46,0.14,29,0.118,34,0.155,27,0.152,32,0.278,13,0.139,4,0.095,7,0.277,2,0.109,6,0.325,21,0.629,54,0.654,106,0.594,87,0.288,102,0.314,74,0.273,46,0.177,45,0.163,40,0.131,36,0.119,44,0.134,31,0.085,57,0.135,53,0.127,47,0.145,31,0.126,22,0.097,17,0.091,23,0.179,19,0.158,9,0.172,7,0.222,2,0.089,4,0.207,16,0.511,54,0.728,94,0.624,72,0.297,83,0.309,65,0.256,56,0.213,64,0.21,52,0.152,45,0.133,32,0.09,38,0.1,41,0.098,34,0.084,38,0.114,26,0.102,30,0.129,37,0.168,34,0.162,24,0.134,5,0.052,7,0.1,5,0.088,4,0.11,1,0.038,10,0.263,34,0.489,29,0.274,35,0.22,44,0.185,34,0.114,40,0.122,65,0.175,83,0.201,72,0.175,30,0.083,38,0.104,36,0.095,35,0.104,31,0.116,25,0.104,34,0.135,37,0.195
Region 23,Region 21,5,0.042,2,0.04,2,0.068,0,0,0,0,1,0.031,8,0.094,13,0.07,10,0.03,20,0.055,19,0.066,15,0.057,22,0.077,13,0.042,17,0.056,25,0.076,21,0.056,19,0.043,20,0.046,17,0.052,26,0.106,19,0.087,9,0.051,3,0.026,7,0.075,2,0.047,0,0,0,0,0,0,1,0.03,8,0.097,18,0.101,17,0.056,12,0.037,15,0.055,17,0.066,14,0.051,8,0.026,12,0.04,23,0.07,14,0.039,26,0.062,28,0.067,19,0.059,19,0.078,9,0.04,11,0.059,6,0.047,3,0.025,0,0,1,0.032,1,0.044,0,0,2,0.064,7,0.094,16,0.106,18,0.074,22,0.082,17,0.067,16,0.061,15,0.049,14,0.041,17,0.05,19,0.054,22,0.058,21,0.05,16,0.039,19,0.057,16,0.063,15,0.064,14,0.063,9,0.043,5,0.028,1,0.01,0,0,3,0.053,0,0,0,0,0,0,2,0.029,13,0.123,19,0.12,20,0.084,30,0.101,25,0.076,19,0.051,27,0.065,25,0.061,19,0.052,17,0.046,28,0.074,14,0.042,9,0.034,14,0.058,14,0.056,16,0.084
Region 23,Region 22,0,0,3,0.06,0,0,0,0,0,0,0,0,2,0.023,5,0.027,13,0.04,13,0.036,18,0.062,9,0.034,8,0.028,11,0.036,5,0.016,12,0.036,15,0.04,12,0.027,14,0.032,11,0.034,7,0.028,5,0.023,3,0.017,1,0.009,2,0.021,1,0.024,0,0,0,0,0,0,2,0.06,8,0.097,5,0.028,8,0.026,16,0.049,11,0.041,9,0.035,9,0.033,10,0.033,6,0.02,9,0.027,10,0.028,27,0.064,31,0.074,13,0.04,9,0.037,2,0.009,4,0.021,4,0.031,2,0.017,0,0,0,0,0,0,0,0,2,0.064,6,0.081,8,0.053,9,0.037,15,0.056,10,0.039,5,0.019,9,0.03,9,0.026,7,0.021,7,0.02,10,0.026,14,0.034,18,0.044,14,0.042,7,0.027,7,0.03,8,0.036,4,0.019,3,0.017,1,0.01,3,0.043,0,0,0,0,0,0,3,0.079,2,0.029,4,0.038,7,0.044,13,0.055,9,0.03,11,0.034,12,0.032,13,0.032,13,0.032,13,0.036,13,0.036,11,0.029,8,0.024,12,0.045,11,0.046,11,0.044,12,0.063
Region 23,Region 23,113,0.947,37,0.734,31,1.049,28,1.324,20,1.111,38,1.188,106,1.239,164,0.878,214,0.65,181,0.501,189,0.655,193,0.731,194,0.677,215,0.699,222,0.732,274,0.832,322,0.855,374,0.85,357,0.821,308,0.939,249,1.01,233,1.065,163,0.919,108,0.938,108,1.154,48,1.135,25,0.99,20,1.088,23,1.247,42,1.259,81,0.982,174,0.976,224,0.741,216,0.665,219,0.809,213,0.821,205,0.745,271,0.888,242,0.801,295,0.899,345,0.95,339,0.804,390,0.931,287,0.885,257,1.049,273,1.204,202,1.076,132,1.026,133,1.105,53,1.014,40,1.271,20,0.889,35,1.812,39,1.245,77,1.037,135,0.896,195,0.804,194,0.722,177,0.696,194,0.738,270,0.886,245,0.714,249,0.738,293,0.827,315,0.826,337,0.809,328,0.806,340,1.02,254,0.995,252,1.082,242,1.096,188,0.895,158,0.885,72,0.744,52,0.744,32,0.561,33,0.91,26,0.993,37,0.973,59,0.849,87,0.821,146,0.919,211,0.888,250,0.84,248,0.758,271,0.728,289,0.7,348,0.844,314,0.865,305,0.834,329,0.866,271,0.807,272,1.02,277,1.157,233,0.926,197,1.036
Region 23,Region 24,4,0.034,1,0.02,0,0,0,0,0,0,0,0,2,0.023,7,0.037,13,0.04,9,0.025,7,0.024,4,0.015,19,0.066,17,0.055,11,0.036,11,0.033,9,0.024,13,0.03,12,0.028,9,0.027,8,0.032,6,0.027,7,0.039,4,0.035,2,0.021,0,0,2,0.079,1,0.054,0,0,0,0,3,0.036,9,0.05,10,0.033,10,0.031,6,0.022,5,0.019,5,0.018,9,0.029,7,0.023,12,0.037,15,0.041,20,0.047,16,0.038,9,0.028,4,0.016,6,0.026,5,0.027,4,0.031,3,0.025,1,0.019,1,0.032,0,0,0,0,0,0,5,0.067,9,0.06,15,0.062,10,0.037,8,0.031,11,0.042,15,0.049,13,0.038,14,0.041,11,0.031,13,0.034,15,0.036,14,0.034,10,0.03,13,0.051,8,0.034,9,0.041,8,0.038,3,0.017,0,0,1,0.014,1,0.018,1,0.028,1,0.038,2,0.053,3,0.043,7,0.066,7,0.044,20,0.084,14,0.047,11,0.034,14,0.038,12,0.029,12,0.029,21,0.058,24,0.066,12,0.032,17,0.051,14,0.052,6,0.025,6,0.024,4,0.021
Region 23,Region 25,22,0.184,15,0.298,12,0.406,11,0.52,8,0.444,11,0.344,37,0.432,91,0.487,118,0.359,106,0.293,68,0.236,59,0.223,66,0.23,82,0.266,90,0.297,90,0.273,90,0.239,103,0.234,115,0.264,84,0.256,46,0.187,33,0.151,43,0.242,26,0.226,32,0.342,13,0.307,18,0.713,9,0.49,6,0.325,15,0.45,40,0.485,60,0.336,98,0.324,108,0.332,95,0.351,62,0.239,71,0.258,71,0.233,74,0.245,83,0.253,88,0.242,74,0.176,82,0.196,80,0.247,64,0.261,54,0.238,39,0.208,38,0.295,30,0.249,20,0.383,14,0.445,9,0.4,9,0.466,17,0.543,33,0.445,57,0.378,78,0.322,78,0.29,69,0.271,66,0.251,83,0.272,100,0.292,101,0.299,89,0.251,99,0.26,112,0.269,117,0.288,103,0.309,74,0.29,66,0.283,59,0.267,49,0.233,48,0.269,22,0.227,19,0.272,15,0.263,14,0.386,11,0.42,7,0.184,18,0.259,28,0.264,50,0.315,75,0.316,78,0.262,85,0.26,94,0.253,108,0.262,99,0.24,94,0.259,112,0.306,118,0.311,100,0.298,76,0.285,84,0.351,77,0.306,69,0.363
Region 24,Region 0,1,0.008,1,0.02,1,0.034,0,0,0,0,0,0,0,0,0,0,8,0.024,1,0.003,0,0,3,0.011,4,0.014,2,0.006,2,0.007,3,0.009,6,0.016,4,0.009,2,0.005,6,0.018,2,0.008,1,0.005,1,0.006,2,0.017,0,0,1,0.024,0,0,0,0,0,0,0,0,0,0,1,0.006,3,0.01,5,0.015,2,0.007,1,0.004,2,0.007,4,0.013,3,0.01,9,0.027,7,0.019,5,0.012,8,0.019,4,0.012,6,0.024,5,0.022,2,0.011,2,0.016,0,0,0,0,0,0,0,0,0,0,0,0,1,0.013,1,0.007,2,0.008,2,0.007,6,0.024,0,0,0,0,1,0.003,3,0.009,4,0.011,3,0.008,2,0.005,0,0,3,0.009,1,0.004,0,0,0,0,2,0.01,0,0,0,0,1,0.014,0,0,0,0,0,0,0,0,0,0,1,0.009,5,0.031,2,0.008,6,0.02,5,0.015,2,0.005,2,0.005,4,0.01,2,0.006,5,0.014,4,0.011,3,0.009,4,0.015,2,0.008,3,0.012,1,0.005
Region 24,Region 1,1,0.008,1,0.02,0,0,0,0,0,0,0,0,1,0.012,4,0.021,5,0.015,10,0.028,1,0.003,4,0.015,1,0.003,5,0.016,3,0.01,9,0.027,9,0.024,8,0.018,9,0.021,5,0.015,5,0.02,9,0.041,1,0.006,1,0.009,0,0,0,0,0,0,0,0,0,0,0,0,0,0,4,0.022,2,0.007,3,0.009,3,0.011,0,0,1,0.004,4,0.013,2,0.007,5,0.015,10,0.028,8,0.019,8,0.019,6,0.018,5,0.02,3,0.013,4,0.021,1,0.008,1,0.008,0,0,0,0,1,0.044,0,0,0,0,1,0.013,0,0,5,0.021,0,0,5,0.02,4,0.015,6,0.02,5,0.015,6,0.018,6,0.017,3,0.008,8,0.019,9,0.022,6,0.018,3,0.012,6,0.026,6,0.027,5,0.024,2,0.011,3,0.031,3,0.043,0,0,1,0.028,1,0.038,0,0,0,0,1,0.009,3,0.019,2,0.008,3,0.01,2,0.006,5,0.013,6,0.015,10,0.024,8,0.022,5,0.014,10,0.026,6,0.018,1,0.004,1,0.004,0,0,3,0.016
Region 24,Region 2,0,0,1,0.02,0,0,0,0,0,0,0,0,0,0,1,0.005,4,0.012,8,0.022,4,0.014,4,0.015,2,0.007,2,0.006,1,0.003,3,0.009,1,0.003,2,0.005,5,0.011,4,0.012,2,0.008,2,0.009,2,0.011,1,0.009,0,0,0,0,0,0,0,0,0,0,0,0,1,0.012,0,0,6,0.02,7,0.022,5,0.018,5,0.019,2,0.007,6,0.02,3,0.01,2,0.006,4,0.011,3,0.007,1,0.002,7,0.022,0,0,4,0.018,1,0.005,1,0.008,0,0,0,0,0,0,0,0,0,0,0,0,0,0,1,0.007,5,0.021,3,0.011,3,0.012,0,0,5,0.016,5,0.015,4,0.012,4,0.011,0,0,7,0.017,11,0.027,5,0.015,4,0.016,2,0.009,3,0.014,1,0.005,2,0.011,1,0.01,1,0.014,0,0,0,0,0,0,0,0,1,0.014,1,0.009,5,0.031,4,0.017,3,0.01,3,0.009,2,0.005,12,0.029,7,0.017,5,0.014,14,0.038,15,0.039,2,0.006,2,0.007,2,0.008,1,0.004,4,0.021
Region 24,Region 3,18,0.151,11,0.218,2,0.068,1,0.047,4,0.222,2,0.063,4,0.047,14,0.075,31,0.094,42,0.116,48,0.166,35,0.133,36,0.126,52,0.169,55,0.181,57,0.173,76,0.202,96,0.218,96,0.221,70,0.213,75,0.304,61,0.279,33,0.186,28,0.243,17,0.182,5,0.118,2,0.079,0,0,2,0.108,3,0.09,7,0.085,20,0.112,33,0.109,49,0.151,49,0.181,44,0.17,41,0.149,59,0.193,65,0.215,61,0.186,68,0.187,81,0.192,87,0.208,71,0.219,44,0.18,55,0.242,50,0.266,27,0.21,16,0.133,11,0.21,8,0.254,1,0.044,6,0.311,5,0.16,6,0.081,9,0.06,38,0.157,37,0.138,39,0.153,41,0.156,44,0.144,51,0.149,67,0.199,64,0.181,66,0.173,72,0.173,71,0.175,56,0.168,47,0.184,64,0.275,45,0.204,40,0.19,28,0.157,19,0.196,3,0.043,2,0.035,1,0.028,2,0.076,1,0.026,7,0.101,21,0.198,36,0.227,34,0.143,57,0.191,66,0.202,74,0.199,70,0.17,61,0.148,57,0.157,75,0.205,78,0.205,61,0.182,65,0.244,58,0.242,60,0.238,39,0.205
Region 24,Region 4,1,0.008,0,0,2,0.068,0,0,1,0.056,0,0,0,0,1,0.005,3,0.009,6,0.017,7,0.024,2,0.008,2,0.007,2,0.006,5,0.016,7,0.021,5,0.013,7,0.016,3,0.007,4,0.012,4,0.016,2,0.009,1,0.006,0,0,1,0.011,0,0,0,0,0,0,0,0,0,0,1,0.012,0,0,2,0.007,6,0.018,6,0.022,1,0.004,3,0.011,4,0.013,3,0.01,6,0.018,6,0.017,5,0.012,9,0.021,6,0.018,4,0.016,4,0.018,5,0.027,2,0.016,4,0.033,1,0.019,0,0,0,0,0,0,1,0.032,1,0.013,0,0,2,0.008,3,0.011,3,0.012,4,0.015,3,0.01,9,0.026,2,0.006,2,0.006,4,0.01,7,0.017,4,0.01,4,0.012,6,0.023,0,0,3,0.014,1,0.005,3,0.017,3,0.031,0,0,0,0,0,0,0,0,0,0,0,0,2,0.019,0,0,0,0,4,0.013,3,0.009,3,0.008,6,0.015,7,0.017,8,0.022,5,0.014,7,0.018,7,0.021,4,0.015,1,0.004,6,0.024,4,0.021
Region 24,Region 5,3,0.025,0,0,2,0.068,0,0,1,0.056,4,0.125,7,0.082,22,0.118,34,0.103,18,0.05,26,0.09,39,0.148,45,0.157,26,0.084,30,0.099,28,0.085,23,0.061,31,0.07,29,0.067,25,0.076,23,0.093,17,0.078,20,0.113,8,0.069,4,0.043,3,0.071,0,0,0,0,1,0.054,1,0.03,3,0.036,15,0.084,43,0.142,37,0.114,30,0.111,40,0.154,44,0.16,41,0.134,26,0.086,29,0.088,27,0.074,35,0.083,42,0.1,34,0.105,28,0.114,17,0.075,24,0.128,10,0.078,2,0.017,6,0.115,0,0,0,0,2,0.104,3,0.096,7,0.094,23,0.153,26,0.107,32,0.119,39,0.153,37,0.141,35,0.115,26,0.076,37,0.11,26,0.073,24,0.063,42,0.101,27,0.066,25,0.075,28,0.11,21,0.09,14,0.063,14,0.067,5,0.028,1,0.01,0,0,0,0,1,0.028,1,0.038,1,0.026,9,0.13,13,0.123,25,0.157,38,0.16,57,0.191,42,0.128,47,0.126,51,0.124,43,0.104,40,0.11,38,0.104,37,0.097,23,0.068,23,0.086,16,0.067,19,0.076,13,0.068
Region 24,Region 6,0,0,0,0,0,0,0,0,0,0,0,0,1,0.012,0,0,4,0.012,4,0.011,1,0.003,3,0.011,2,0.007,1,0.003,0,0,4,0.012,2,0.005,3,0.007,2,0.005,3,0.009,3,0.012,3,0.014,0,0,0,0,0,0,0,0,0,0,0,0,0,0,0,0,0,0,2,0.011,1,0.003,0,0,2,0.007,2,0.008,0,0,0,0,1,0.003,2,0.006,1,0.003,7,0.017,5,0.012,0,0,2,0.008,1,0.004,3,0.016,0,0,0,0,0,0,0,0,1,0.044,0,0,0,0,0,0,1,0.007,2,0.008,0,0,1,0.004,0,0,0,0,2,0.006,1,0.003,2,0.006,5,0.013,5,0.012,6,0.015,5,0.015,4,0.016,0,0,0,0,1,0.005,0,0,0,0,0,0,0,0,0,0,0,0,0,0,0,0,0,0,1,0.006,0,0,1,0.003,2,0.006,0,0,2,0.005,1,0.002,3,0.008,1,0.003,3,0.008,5,0.015,5,0.019,1,0.004,0,0,0,0
Region 24,Region 7,3,0.025,1,0.02,1,0.034,3,0.142,2,0.111,0,0,3,0.035,19,0.102,32,0.097,37,0.102,24,0.083,8,0.03,14,0.049,16,0.052,14,0.046,21,0.064,30,0.08,22,0.05,26,0.06,22,0.067,17,0.069,19,0.087,14,0.079,13,0.113,6,0.064,4,0.095,3,0.119,1,0.054,3,0.163,4,0.12,3,0.036,18,0.101,39,0.129,40,0.123,19,0.07,19,0.073,16,0.058,18,0.059,23,0.076,24,0.073,31,0.085,21,0.05,33,0.079,21,0.065,14,0.057,16,0.071,11,0.059,8,0.062,7,0.058,5,0.096,1,0.032,0,0,0,0,1,0.032,2,0.027,14,0.093,21,0.087,21,0.078,13,0.051,15,0.057,13,0.043,21,0.061,26,0.077,29,0.082,28,0.073,35,0.084,28,0.069,22,0.066,15,0.059,15,0.064,16,0.072,14,0.067,4,0.022,5,0.052,4,0.057,5,0.088,2,0.055,1,0.038,2,0.053,9,0.13,10,0.094,10,0.063,8,0.034,7,0.024,23,0.07,23,0.062,26,0.063,34,0.082,27,0.074,31,0.085,37,0.097,28,0.083,15,0.056,19,0.079,12,0.048,14,0.074
Region 24,Region 8,0,0,2,0.04,2,0.068,0,0,1,0.056,0,0,0,0,4,0.021,19,0.058,16,0.044,9,0.031,7,0.027,7,0.024,6,0.019,11,0.036,9,0.027,9,0.024,8,0.018,14,0.032,11,0.034,11,0.045,7,0.032,4,0.023,3,0.026,4,0.043,1,0.024,1,0.04,1,0.054,1,0.054,0,0,2,0.024,7,0.039,14,0.046,18,0.055,7,0.026,15,0.058,9,0.033,12,0.039,8,0.026,14,0.043,9,0.025,6,0.014,8,0.019,7,0.022,6,0.024,4,0.018,5,0.027,9,0.07,5,0.042,1,0.019,0,0,0,0,1,0.052,1,0.032,1,0.013,4,0.027,12,0.049,15,0.056,9,0.035,8,0.03,7,0.023,7,0.02,10,0.03,11,0.031,7,0.018,4,0.01,7,0.017,7,0.021,9,0.035,3,0.013,13,0.059,10,0.048,4,0.022,3,0.031,3,0.043,0,0,0,0,0,0,2,0.053,6,0.086,5,0.047,6,0.038,10,0.042,14,0.047,17,0.052,19,0.051,14,0.034,4,0.01,10,0.028,11,0.03,26,0.068,13,0.039,7,0.026,9,0.038,11,0.044,3,0.016
Region 24,Region 9,11,0.092,6,0.119,1,0.034,0,0,0,0,1,0.031,8,0.094,11,0.059,28,0.085,34,0.094,42,0.145,35,0.133,40,0.139,51,0.166,39,0.129,50,0.152,45,0.12,63,0.143,62,0.143,43,0.131,39,0.158,39,0.178,24,0.135,6,0.052,7,0.075,2,0.047,1,0.04,2,0.109,0,0,2,0.06,4,0.048,6,0.034,26,0.086,34,0.105,39,0.144,33,0.127,39,0.142,44,0.144,43,0.142,44,0.134,60,0.165,63,0.149,81,0.193,64,0.197,45,0.184,34,0.15,27,0.144,23,0.179,10,0.083,2,0.038,1,0.032,0,0,0,0,0,0,4,0.054,11,0.073,21,0.087,33,0.123,46,0.181,36,0.137,33,0.108,60,0.175,44,0.13,50,0.141,43,0.113,56,0.134,64,0.157,44,0.132,32,0.125,27,0.116,26,0.118,18,0.086,9,0.05,2,0.021,4,0.057,4,0.07,1,0.028,2,0.076,0,0,7,0.101,16,0.151,31,0.195,45,0.189,60,0.202,75,0.229,54,0.145,62,0.15,38,0.092,54,0.149,56,0.153,61,0.161,39,0.116,38,0.142,37,0.155,32,0.127,18,0.095
Region 24,Region 10,1,0.008,2,0.04,0,0,0,0,0,0,0,0,7,0.082,10,0.054,21,0.064,20,0.055,8,0.028,16,0.061,12,0.042,8,0.026,10,0.033,22,0.067,14,0.037,26,0.059,20,0.046,11,0.034,13,0.053,12,0.055,7,0.039,4,0.035,2,0.021,0,0,0,0,0,0,0,0,1,0.03,3,0.036,11,0.062,23,0.076,27,0.083,17,0.063,14,0.054,13,0.047,14,0.046,13,0.043,21,0.064,16,0.044,27,0.064,20,0.048,13,0.04,11,0.045,9,0.04,9,0.048,7,0.054,2,0.017,0,0,0,0,0,0,0,0,0,0,4,0.054,10,0.066,12,0.049,17,0.063,16,0.063,15,0.057,16,0.053,14,0.041,26,0.077,29,0.082,32,0.084,25,0.06,21,0.052,13,0.039,9,0.035,9,0.039,13,0.059,8,0.038,1,0.006,2,0.021,0,0,0,0,1,0.028,0,0,1,0.026,0,0,5,0.047,11,0.069,16,0.067,14,0.047,13,0.04,11,0.03,12,0.029,26,0.063,14,0.039,11,0.03,11,0.029,18,0.054,9,0.034,4,0.017,5,0.02,7,0.037
Region 24,Region 11,1,0.008,0,0,0,0,0,0,0,0,1,0.031,0,0,0,0,2,0.006,0,0,0,0,1,0.004,0,0,1,0.003,0,0,1,0.003,1,0.003,0,0,2,0.005,1,0.003,0,0,0,0,1,0.006,2,0.017,0,0,0,0,0,0,1,0.054,0,0,1,0.03,0,0,0,0,2,0.007,0,0,1,0.004,0,0,1,0.004,1,0.003,1,0.003,2,0.006,1,0.003,2,0.005,1,0.002,1,0.003,1,0.004,1,0.004,1,0.005,1,0.008,0,0,0,0,0,0,0,0,0,0,1,0.032,2,0.027,1,0.007,1,0.004,0,0,0,0,0,0,1,0.003,2,0.006,0,0,0,0,0,0,1,0.002,2,0.005,2,0.006,1,0.004,2,0.009,2,0.009,0,0,0,0,0,0,0,0,0,0,0,0,0,0,0,0,0,0,1,0.009,2,0.013,1,0.004,0,0,0,0,0,0,1,0.002,0,0,2,0.006,0,0,0,0,1,0.003,1,0.004,0,0,1,0.004,0,0
Region 24,Region 12,7,0.059,6,0.119,5,0.169,0,0,1,0.056,2,0.063,10,0.117,20,0.107,39,0.119,44,0.122,32,0.111,21,0.08,24,0.084,26,0.084,32,0.106,30,0.091,34,0.09,34,0.077,35,0.08,32,0.098,26,0.106,20,0.091,20,0.113,18,0.156,8,0.085,4,0.095,0,0,2,0.109,1,0.054,2,0.06,11,0.133,23,0.129,34,0.112,37,0.114,22,0.081,21,0.081,27,0.098,30,0.098,24,0.079,28,0.085,35,0.096,31,0.074,42,0.1,31,0.096,22,0.09,15,0.066,18,0.096,19,0.148,6,0.05,1,0.019,2,0.064,2,0.089,3,0.155,2,0.064,10,0.135,21,0.139,23,0.095,38,0.142,28,0.11,23,0.087,32,0.105,30,0.087,33,0.098,35,0.099,29,0.076,27,0.065,26,0.064,21,0.063,26,0.102,39,0.167,28,0.127,23,0.11,17,0.095,6,0.062,6,0.086,5,0.088,6,0.166,1,0.038,5,0.132,11,0.158,13,0.123,9,0.057,14,0.059,20,0.067,25,0.076,27,0.073,23,0.056,19,0.046,30,0.083,31,0.085,30,0.079,21,0.063,28,0.105,28,0.117,36,0.143,23,0.121
Region 24,Region 13,1,0.008,0,0,0,0,0,0,0,0,0,0,6,0.07,4,0.021,27,0.082,17,0.047,15,0.052,7,0.027,9,0.031,7,0.023,10,0.033,12,0.036,14,0.037,7,0.016,13,0.03,3,0.009,6,0.024,7,0.032,4,0.023,4,0.035,0,0,0,0,0,0,0,0,0,0,1,0.03,2,0.024,4,0.022,16,0.053,13,0.04,4,0.015,9,0.035,14,0.051,11,0.036,9,0.03,10,0.03,4,0.011,6,0.014,10,0.024,7,0.022,9,0.037,7,0.031,8,0.043,5,0.039,1,0.008,2,0.038,0,0,0,0,0,0,0,0,1,0.013,3,0.02,9,0.037,7,0.026,12,0.047,10,0.038,12,0.039,13,0.038,14,0.041,14,0.04,11,0.029,8,0.019,6,0.015,9,0.027,9,0.035,13,0.056,5,0.023,7,0.033,1,0.006,2,0.021,0,0,0,0,0,0,0,0,0,0,3,0.043,0,0,6,0.038,9,0.038,14,0.047,13,0.04,13,0.035,16,0.039,16,0.039,13,0.036,9,0.025,18,0.047,8,0.024,8,0.03,4,0.017,8,0.032,7,0.037
Region 24,Region 14,6,0.05,3,0.06,0,0,2,0.095,0,0,2,0.063,5,0.058,15,0.08,34,0.103,35,0.097,47,0.163,29,0.11,29,0.101,42,0.136,31,0.102,38,0.115,58,0.154,49,0.111,48,0.11,32,0.098,28,0.114,20,0.091,10,0.056,6,0.052,7,0.075,1,0.024,1,0.04,0,0,2,0.108,1,0.03,2,0.024,13,0.073,35,0.116,34,0.105,39,0.144,28,0.108,38,0.138,40,0.131,31,0.103,36,0.11,41,0.113,48,0.114,44,0.105,33,0.102,25,0.102,22,0.097,14,0.075,6,0.047,8,0.066,6,0.115,1,0.032,0,0,2,0.104,5,0.16,9,0.121,6,0.04,21,0.087,28,0.104,38,0.15,34,0.129,29,0.095,29,0.085,44,0.13,35,0.099,45,0.118,37,0.089,28,0.069,33,0.099,25,0.098,23,0.099,22,0.1,19,0.09,6,0.034,3,0.031,1,0.014,0,0,1,0.028,1,0.038,1,0.026,8,0.115,11,0.104,20,0.126,27,0.114,41,0.138,28,0.086,48,0.129,43,0.104,46,0.112,51,0.141,52,0.142,37,0.097,27,0.08,22,0.082,21,0.088,12,0.048,12,0.063
Region 24,Region 15,0,0,0,0,0,0,0,0,0,0,0,0,0,0,1,0.005,1,0.003,2,0.006,0,0,2,0.008,1,0.003,1,0.003,0,0,0,0,2,0.005,0,0,2,0.005,1,0.003,0,0,0,0,1,0.006,0,0,0,0,0,0,0,0,0,0,0,0,0,0,0,0,0,0,2,0.007,1,0.003,0,0,1,0.004,1,0.004,0,0,0,0,0,0,0,0,0,0,0,0,1,0.003,1,0.004,0,0,0,0,0,0,0,0,0,0,0,0,0,0,0,0,0,0,0,0,0,0,0,0,1,0.004,1,0.004,1,0.004,1,0.003,0,0,1,0.003,0,0,1,0.003,0,0,0,0,0,0,2,0.008,1,0.004,0,0,0,0,0,0,0,0,0,0,0,0,0,0,0,0,1,0.026,1,0.014,0,0,1,0.006,0,0,1,0.003,3,0.009,0,0,2,0.005,1,0.002,0,0,1,0.003,2,0.005,0,0,1,0.004,2,0.008,1,0.004,1,0.005
Region 24,Region 16,0,0,1,0.02,1,0.034,1,0.047,0,0,0,0,0,0,1,0.005,8,0.024,9,0.025,6,0.021,13,0.049,14,0.049,8,0.026,3,0.01,10,0.03,14,0.037,17,0.039,17,0.039,8,0.024,4,0.016,6,0.027,3,0.017,1,0.009,0,0,0,0,0,0,0,0,0,0,0,0,1,0.012,1,0.006,10,0.033,14,0.043,9,0.033,8,0.031,7,0.025,5,0.016,6,0.02,7,0.021,11,0.03,21,0.05,15,0.036,10,0.031,7,0.029,8,0.035,9,0.048,0,0,2,0.017,0,0,0,0,0,0,0,0,0,0,0,0,1,0.007,5,0.021,6,0.022,9,0.035,3,0.011,11,0.036,5,0.015,8,0.024,13,0.037,13,0.034,19,0.046,18,0.044,7,0.021,6,0.023,9,0.039,5,0.023,2,0.01,0,0,0,0,0,0,0,0,1,0.028,0,0,0,0,2,0.029,3,0.028,3,0.019,6,0.025,5,0.017,7,0.021,9,0.024,15,0.036,15,0.036,9,0.025,7,0.019,7,0.018,5,0.015,3,0.011,5,0.021,3,0.012,4,0.021
Region 24,Region 17,7,0.059,0,0,1,0.034,0,0,0,0,1,0.031,4,0.047,15,0.08,49,0.149,52,0.144,18,0.062,9,0.034,14,0.049,11,0.036,9,0.03,12,0.036,18,0.048,22,0.05,27,0.062,15,0.046,12,0.049,11,0.05,6,0.034,6,0.052,2,0.021,1,0.024,0,0,0,0,0,0,0,0,5,0.061,17,0.095,46,0.152,44,0.135,16,0.059,9,0.035,7,0.025,4,0.013,10,0.033,21,0.064,14,0.039,29,0.069,21,0.05,21,0.065,11,0.045,16,0.071,7,0.037,7,0.054,5,0.042,1,0.019,1,0.032,1,0.044,0,0,0,0,3,0.04,6,0.04,20,0.082,22,0.082,14,0.055,13,0.049,17,0.056,16,0.047,11,0.033,19,0.054,24,0.063,34,0.082,36,0.088,29,0.087,11,0.043,6,0.026,11,0.05,5,0.024,7,0.039,3,0.031,2,0.029,3,0.053,0,0,1,0.038,2,0.053,4,0.058,4,0.038,11,0.069,10,0.042,10,0.034,13,0.04,25,0.067,46,0.111,64,0.155,30,0.083,23,0.063,29,0.076,12,0.036,15,0.056,11,0.046,8,0.032,6,0.032
Region 24,Region 18,0,0,0,0,0,0,0,0,0,0,0,0,0,0,0,0,0,0,1,0.003,0,0,0,0,1,0.003,0,0,0,0,1,0.003,1,0.003,1,0.002,1,0.002,1,0.003,0,0,0,0,0,0,0,0,0,0,0,0,0,0,0,0,0,0,0,0,0,0,0,0,0,0,0,0,0,0,0,0,0,0,1,0.003,0,0,1,0.003,1,0.003,2,0.005,0,0,1,0.003,1,0.004,0,0,0,0,0,0,0,0,0,0,0,0,0,0,0,0,0,0,0,0,1,0.007,0,0,0,0,1,0.004,0,0,0,0,1,0.003,0,0,0,0,1,0.003,0,0,1,0.002,1,0.003,0,0,0,0,0,0,0,0,0,0,0,0,0,0,0,0,0,0,0,0,0,0,0,0,0,0,0,0,0,0,0,0,0,0,1,0.003,0,0,0,0,0,0,2,0.005,2,0.005,2,0.006,2,0.007,1,0.004,0,0,0,0
Region 24,Region 19,0,0,0,0,0,0,0,0,0,0,0,0,0,0,1,0.005,0,0,1,0.003,1,0.003,0,0,0,0,1,0.003,2,0.007,1,0.003,2,0.005,2,0.005,4,0.009,0,0,1,0.004,1,0.005,0,0,0,0,0,0,0,0,0,0,0,0,0,0,0,0,0,0,0,0,1,0.003,0,0,0,0,1,0.004,0,0,1,0.003,3,0.01,3,0.009,1,0.003,3,0.007,8,0.019,2,0.006,2,0.008,2,0.009,0,0,0,0,0,0,0,0,0,0,0,0,0,0,0,0,0,0,0,0,1,0.004,0,0,0,0,0,0,1,0.003,2,0.006,3,0.009,3,0.008,4,0.01,5,0.012,6,0.015,2,0.006,1,0.004,2,0.009,0,0,0,0,0,0,0,0,0,0,1,0.018,0,0,0,0,0,0,0,0,0,0,1,0.006,0,0,2,0.007,1,0.003,2,0.005,3,0.007,0,0,0,0,1,0.003,1,0.003,0,0,1,0.004,0,0,0,0,0,0
Region 24,Region 20,3,0.025,2,0.04,2,0.068,0,0,0,0,3,0.094,4,0.047,7,0.037,17,0.052,18,0.05,7,0.024,8,0.03,2,0.007,2,0.006,5,0.016,4,0.012,11,0.029,13,0.03,8,0.018,9,0.027,4,0.016,6,0.027,2,0.011,2,0.017,3,0.032,0,0,1,0.04,0,0,0,0,1,0.03,0,0,7,0.039,17,0.056,8,0.025,7,0.026,5,0.019,6,0.022,4,0.013,2,0.007,8,0.024,6,0.017,5,0.012,10,0.024,6,0.018,4,0.016,1,0.004,2,0.011,2,0.016,2,0.017,0,0,0,0,0,0,0,0,1,0.032,2,0.027,10,0.066,12,0.049,8,0.03,7,0.028,4,0.015,7,0.023,2,0.006,4,0.012,7,0.02,14,0.037,12,0.029,8,0.02,5,0.015,3,0.012,5,0.021,1,0.005,1,0.005,2,0.011,1,0.01,0,0,0,0,0,0,0,0,0,0,2,0.029,3,0.028,0,0,3,0.013,5,0.017,1,0.003,7,0.019,6,0.015,7,0.017,4,0.011,5,0.014,4,0.011,4,0.012,9,0.034,5,0.021,3,0.012,2,0.011
Region 24,Region 21,9,0.075,0,0,0,0,0,0,0,0,0,0,1,0.012,2,0.011,16,0.049,22,0.061,17,0.059,11,0.042,19,0.066,16,0.052,22,0.073,19,0.058,37,0.098,30,0.068,28,0.064,32,0.098,27,0.11,20,0.091,9,0.051,11,0.096,6,0.064,2,0.047,1,0.04,1,0.054,0,0,0,0,2,0.024,2,0.011,13,0.043,18,0.055,11,0.041,19,0.073,17,0.062,20,0.066,15,0.05,14,0.043,24,0.066,29,0.069,28,0.067,29,0.089,19,0.078,23,0.101,15,0.08,10,0.078,8,0.066,2,0.038,0,0,0,0,1,0.052,0,0,1,0.013,3,0.02,15,0.062,11,0.041,20,0.079,14,0.053,15,0.049,19,0.055,17,0.05,30,0.085,35,0.092,30,0.072,25,0.061,19,0.057,12,0.047,15,0.064,10,0.045,12,0.057,7,0.039,5,0.052,3,0.043,3,0.053,2,0.055,0,0,1,0.026,5,0.072,5,0.047,9,0.057,22,0.093,15,0.05,16,0.049,23,0.062,30,0.073,36,0.087,26,0.072,25,0.068,21,0.055,20,0.06,19,0.071,11,0.046,15,0.06,4,0.021
Region 24,Region 22,6,0.05,1,0.02,0,0,0,0,0,0,1,0.031,3,0.035,1,0.005,11,0.033,14,0.039,12,0.042,7,0.027,11,0.038,14,0.045,18,0.059,9,0.027,11,0.029,7,0.016,13,0.03,12,0.037,8,0.032,10,0.046,11,0.062,4,0.035,6,0.064,2,0.047,1,0.04,0,0,2,0.108,1,0.03,1,0.012,6,0.034,6,0.02,12,0.037,13,0.048,15,0.058,6,0.022,8,0.026,7,0.023,10,0.03,8,0.022,20,0.047,20,0.048,17,0.052,12,0.049,12,0.053,9,0.048,6,0.047,4,0.033,1,0.019,1,0.032,0,0,0,0,0,0,0,0,7,0.046,13,0.054,11,0.041,12,0.047,11,0.042,16,0.053,25,0.073,28,0.083,19,0.054,15,0.039,14,0.034,15,0.037,10,0.03,13,0.051,6,0.026,6,0.027,10,0.048,3,0.017,1,0.01,2,0.029,1,0.018,1,0.028,2,0.076,0,0,1,0.014,6,0.057,7,0.044,16,0.067,9,0.03,18,0.055,15,0.04,8,0.019,8,0.019,13,0.036,18,0.049,13,0.034,18,0.054,14,0.052,7,0.029,9,0.036,10,0.053
Region 24,Region 23,2,0.017,1,0.02,0,0,0,0,0,0,4,0.125,2,0.023,4,0.021,11,0.033,6,0.017,11,0.038,6,0.023,9,0.031,7,0.023,6,0.02,13,0.039,13,0.035,6,0.014,10,0.023,5,0.015,7,0.028,4,0.018,7,0.039,2,0.017,0,0,1,0.024,0,0,1,0.054,0,0,2,0.06,2,0.024,8,0.045,9,0.03,7,0.022,8,0.03,5,0.019,9,0.033,13,0.043,8,0.026,6,0.018,13,0.036,10,0.024,9,0.021,7,0.022,7,0.029,7,0.031,3,0.016,0,0,0,0,2,0.038,1,0.032,1,0.044,1,0.052,2,0.064,2,0.027,4,0.027,9,0.037,9,0.034,6,0.024,9,0.034,11,0.036,12,0.035,16,0.047,9,0.025,11,0.029,12,0.029,11,0.027,4,0.012,13,0.051,3,0.013,5,0.023,3,0.014,0,0,0,0,1,0.014,1,0.018,0,0,1,0.038,2,0.053,3,0.043,4,0.038,10,0.063,11,0.046,12,0.04,4,0.012,10,0.027,12,0.029,21,0.051,4,0.011,9,0.025,16,0.042,5,0.015,10,0.037,11,0.046,4,0.016,6,0.032
Region 24,Region 24,36,0.302,18,0.357,4,0.135,9,0.426,8,0.444,25,0.782,37,0.432,75,0.401,182,0.553,222,0.614,223,0.772,197,0.746,203,0.708,257,0.835,249,0.821,253,0.768,265,0.704,385,0.875,441,1.014,333,1.015,251,1.019,206,0.941,141,0.795,51,0.443,44,0.47,17,0.402,11,0.435,7,0.381,9,0.488,24,0.719,38,0.461,79,0.443,153,0.506,203,0.625,173,0.639,212,0.818,251,0.912,255,0.836,246,0.814,252,0.768,286,0.787,416,0.987,430,1.027,339,1.045,247,1.008,233,1.027,137,0.73,68,0.528,44,0.366,30,0.574,14,0.445,9,0.4,14,0.725,17,0.543,37,0.499,64,0.425,146,0.602,216,0.804,212,0.834,180,0.684,240,0.788,292,0.851,293,0.868,335,0.945,364,0.954,378,0.907,417,1.025,323,0.969,212,0.83,184,0.79,135,0.612,78,0.371,55,0.308,35,0.362,22,0.315,15,0.263,5,0.138,10,0.382,16,0.421,40,0.576,76,0.717,153,0.963,235,0.989,282,0.947,313,0.957,336,0.903,342,0.829,343,0.832,337,0.928,367,1.003,355,0.935,278,0.828,228,0.855,174,0.727,138,0.548,100,0.526
Region 24,Region 25,1,0.008,0,0,0,0,0,0,0,0,0,0,0,0,1,0.005,3,0.009,2,0.006,0,0,1,0.004,1,0.003,3,0.01,0,0,2,0.006,3,0.008,2,0.005,3,0.007,3,0.009,1,0.004,0,0,0,0,0,0,1,0.011,0,0,0,0,0,0,0,0,0,0,1,0.012,0,0,2,0.007,1,0.003,2,0.007,0,0,0,0,1,0.003,1,0.003,1,0.003,1,0.003,3,0.007,2,0.005,2,0.006,2,0.008,1,0.004,2,0.011,0,0,2,0.017,0,0,0,0,0,0,0,0,0,0,1,0.013,0,0,1,0.004,2,0.007,0,0,2,0.008,0,0,0,0,3,0.009,4,0.011,1,0.003,2,0.005,5,0.012,1,0.003,1,0.004,1,0.004,2,0.009,2,0.01,2,0.011,0,0,0,0,0,0,0,0,0,0,0,0,0,0,0,0,1,0.006,3,0.013,1,0.003,2,0.006,1,0.003,2,0.005,1,0.002,2,0.006,2,0.005,1,0.003,1,0.003,0,0,1,0.004,0,0,0,0
Region 25,Region 0,1,0.008,1,0.02,1,0.034,0,0,0,0,2,0.063,4,0.047,13,0.07,17,0.052,23,0.064,5,0.017,12,0.045,10,0.035,12,0.039,14,0.046,22,0.067,24,0.064,22,0.05,11,0.025,7,0.021,12,0.049,14,0.064,16,0.09,8,0.069,2,0.021,1,0.024,1,0.04,0,0,0,0,1,0.03,1,0.012,10,0.056,18,0.06,15,0.046,10,0.037,16,0.062,14,0.051,17,0.056,8,0.026,22,0.067,22,0.061,13,0.031,12,0.029,9,0.028,9,0.037,10,0.044,5,0.027,7,0.054,2,0.017,1,0.019,1,0.032,1,0.044,0,0,1,0.032,8,0.108,9,0.06,10,0.041,14,0.052,16,0.063,16,0.061,17,0.056,10,0.029,14,0.041,17,0.048,12,0.031,12,0.029,17,0.042,11,0.033,3,0.012,13,0.056,12,0.054,4,0.019,7,0.039,4,0.041,0,0,4,0.07,0,0,2,0.076,2,0.053,2,0.029,1,0.009,6,0.038,12,0.05,13,0.044,12,0.037,13,0.035,14,0.034,14,0.034,10,0.028,8,0.022,9,0.024,7,0.021,8,0.03,7,0.029,5,0.02,6,0.032
Region 25,Region 1,13,0.109,10,0.198,3,0.102,3,0.142,1,0.056,2,0.063,3,0.035,15,0.08,14,0.043,27,0.075,24,0.083,23,0.087,23,0.08,27,0.088,20,0.066,27,0.082,25,0.066,31,0.07,50,0.115,38,0.116,29,0.118,20,0.091,26,0.147,19,0.165,10,0.107,7,0.166,6,0.238,2,0.109,0,0,4,0.12,6,0.073,10,0.056,16,0.053,26,0.08,24,0.089,28,0.108,28,0.102,24,0.079,20,0.066,38,0.116,30,0.083,29,0.069,30,0.072,16,0.049,35,0.143,25,0.11,6,0.032,10,0.078,19,0.158,9,0.172,6,0.191,1,0.044,0,0,3,0.096,5,0.067,7,0.046,15,0.062,11,0.041,15,0.059,17,0.065,27,0.089,24,0.07,23,0.068,27,0.076,23,0.06,36,0.086,37,0.091,24,0.072,24,0.094,20,0.086,22,0.1,21,0.1,34,0.191,15,0.155,4,0.057,6,0.105,1,0.028,3,0.115,4,0.105,2,0.029,8,0.075,12,0.076,14,0.059,15,0.05,26,0.079,21,0.056,32,0.078,26,0.063,31,0.085,30,0.082,28,0.074,34,0.101,26,0.097,27,0.113,32,0.127,21,0.11
Region 25,Region 2,16,0.134,13,0.258,2,0.068,4,0.189,1,0.056,2,0.063,5,0.058,10,0.054,24,0.073,30,0.083,37,0.128,22,0.083,24,0.084,36,0.117,43,0.142,48,0.146,36,0.096,48,0.109,45,0.103,44,0.134,20,0.081,20,0.091,15,0.085,14,0.122,15,0.16,9,0.213,7,0.277,5,0.272,1,0.054,3,0.09,7,0.085,11,0.062,18,0.06,33,0.102,22,0.081,28,0.108,21,0.076,27,0.088,33,0.109,25,0.076,33,0.091,37,0.088,40,0.096,36,0.111,24,0.098,27,0.119,28,0.149,16,0.124,19,0.158,10,0.191,5,0.159,3,0.133,4,0.207,1,0.032,3,0.04,7,0.046,16,0.066,20,0.074,17,0.067,24,0.091,38,0.125,46,0.134,38,0.113,29,0.082,41,0.107,32,0.077,35,0.086,52,0.156,20,0.078,28,0.12,21,0.095,23,0.11,30,0.168,19,0.196,12,0.172,7,0.123,2,0.055,4,0.153,1,0.026,5,0.072,7,0.066,12,0.076,20,0.084,28,0.094,22,0.067,34,0.091,43,0.104,50,0.121,21,0.058,36,0.098,40,0.105,33,0.098,29,0.109,30,0.125,38,0.151,24,0.126
Region 25,Region 3,1,0.008,1,0.02,1,0.034,0,0,0,0,0,0,2,0.023,1,0.005,0,0,4,0.011,2,0.007,0,0,2,0.007,0,0,0,0,0,0,2,0.005,3,0.007,3,0.007,2,0.006,1,0.004,1,0.005,0,0,0,0,0,0,3,0.071,1,0.04,0,0,0,0,0,0,0,0,0,0,0,0,1,0.003,0,0,1,0.004,1,0.004,2,0.007,0,0,2,0.006,3,0.008,3,0.007,2,0.005,2,0.006,4,0.016,2,0.009,3,0.016,1,0.008,0,0,0,0,0,0,0,0,0,0,0,0,1,0.013,0,0,1,0.004,0,0,3,0.012,0,0,2,0.007,2,0.006,1,0.003,0,0,3,0.008,1,0.002,2,0.005,2,0.006,1,0.004,4,0.017,2,0.009,1,0.005,0,0,0,0,0,0,1,0.018,2,0.055,0,0,0,0,0,0,0,0,2,0.013,3,0.013,1,0.003,1,0.003,0,0,1,0.002,3,0.007,0,0,2,0.005,4,0.011,3,0.009,2,0.007,3,0.013,0,0,1,0.005
Region 25,Region 4,1,0.008,2,0.04,0,0,0,0,0,0,0,0,0,0,0,0,3,0.009,4,0.011,2,0.007,1,0.004,2,0.007,4,0.013,5,0.016,7,0.021,3,0.008,8,0.018,2,0.005,6,0.018,4,0.016,3,0.014,4,0.023,3,0.026,0,0,3,0.071,1,0.04,1,0.054,0,0,0,0,0,0,1,0.006,5,0.017,2,0.006,3,0.011,2,0.008,1,0.004,3,0.01,3,0.01,4,0.012,5,0.014,5,0.012,3,0.007,9,0.028,2,0.008,2,0.009,1,0.005,2,0.016,4,0.033,2,0.038,0,0,0,0,0,0,0,0,1,0.013,0,0,5,0.021,4,0.015,1,0.004,4,0.015,3,0.01,3,0.009,4,0.012,4,0.011,6,0.016,3,0.007,5,0.012,6,0.018,3,0.012,3,0.013,4,0.018,3,0.014,8,0.045,4,0.041,0,0,0,0,1,0.028,1,0.038,1,0.026,0,0,1,0.009,2,0.013,4,0.017,3,0.01,3,0.009,2,0.005,2,0.005,5,0.012,4,0.011,2,0.005,2,0.005,2,0.006,3,0.011,0,0,6,0.024,11,0.058
Region 25,Region 5,0,0,1,0.02,0,0,0,0,1,0.056,0,0,1,0.012,0,0,0,0,1,0.003,0,0,2,0.008,1,0.003,0,0,4,0.013,1,0.003,1,0.003,3,0.007,1,0.002,0,0,2,0.008,3,0.014,1,0.006,0,0,2,0.021,2,0.047,0,0,0,0,0,0,1,0.03,0,0,1,0.006,2,0.007,3,0.009,5,0.018,4,0.015,1,0.004,0,0,3,0.01,2,0.006,1,0.003,2,0.005,0,0,1,0.003,1,0.004,1,0.004,1,0.005,2,0.016,3,0.025,0,0,0,0,0,0,0,0,1,0.032,0,0,1,0.007,2,0.008,1,0.004,0,0,0,0,1,0.003,1,0.003,1,0.003,1,0.003,2,0.005,2,0.005,1,0.002,1,0.003,3,0.012,6,0.026,1,0.005,0,0,3,0.017,2,0.021,1,0.014,0,0,1,0.028,1,0.038,1,0.026,1,0.014,2,0.019,1,0.006,1,0.004,2,0.007,0,0,1,0.003,2,0.005,1,0.002,2,0.006,3,0.008,3,0.008,2,0.006,1,0.004,1,0.004,0,0,0,0
Region 25,Region 6,3,0.025,3,0.06,5,0.169,1,0.047,3,0.167,0,0,1,0.012,5,0.027,9,0.027,11,0.03,15,0.052,11,0.042,20,0.07,13,0.042,11,0.036,13,0.039,7,0.019,25,0.057,23,0.053,19,0.058,13,0.053,19,0.087,9,0.051,11,0.096,5,0.053,1,0.024,2,0.079,1,0.054,0,0,0,0,0,0,5,0.028,6,0.02,8,0.025,6,0.022,8,0.031,12,0.044,20,0.066,9,0.03,21,0.064,22,0.061,20,0.047,23,0.055,22,0.068,12,0.049,14,0.062,11,0.059,3,0.023,8,0.066,7,0.134,1,0.032,1,0.044,0,0,0,0,0,0,3,0.02,5,0.021,4,0.015,10,0.039,9,0.034,19,0.062,19,0.055,14,0.041,18,0.051,16,0.042,19,0.046,24,0.059,14,0.042,19,0.074,17,0.073,11,0.05,11,0.052,11,0.062,16,0.165,8,0.115,3,0.053,0,0,1,0.038,3,0.079,1,0.014,3,0.028,3,0.019,6,0.025,16,0.054,17,0.052,18,0.048,21,0.051,13,0.032,18,0.05,20,0.055,20,0.053,18,0.054,17,0.064,17,0.071,12,0.048,7,0.037
Region 25,Region 7,3,0.025,3,0.06,1,0.034,2,0.095,0,0,3,0.094,0,0,4,0.021,4,0.012,5,0.014,10,0.035,7,0.027,10,0.035,5,0.016,11,0.036,6,0.018,10,0.027,11,0.025,11,0.025,13,0.04,6,0.024,6,0.027,16,0.09,2,0.017,6,0.064,4,0.095,0,0,4,0.218,0,0,1,0.03,0,0,1,0.006,5,0.017,6,0.018,13,0.048,7,0.027,5,0.018,6,0.02,11,0.036,13,0.04,11,0.03,11,0.026,11,0.026,14,0.043,13,0.053,7,0.031,6,0.032,10,0.078,4,0.033,2,0.038,1,0.032,1,0.044,0,0,0,0,2,0.027,2,0.013,3,0.012,5,0.019,6,0.024,3,0.011,4,0.013,8,0.023,9,0.027,9,0.025,8,0.021,5,0.012,9,0.022,6,0.018,6,0.023,7,0.03,15,0.068,9,0.043,8,0.045,4,0.041,3,0.043,2,0.035,1,0.028,3,0.115,0,0,7,0.101,5,0.047,7,0.044,5,0.021,8,0.027,5,0.015,5,0.013,9,0.022,4,0.01,12,0.033,13,0.036,10,0.026,12,0.036,11,0.041,7,0.029,9,0.036,3,0.016
Region 25,Region 8,11,0.092,7,0.139,2,0.068,5,0.236,1,0.056,1,0.031,8,0.094,18,0.096,23,0.07,25,0.069,23,0.08,18,0.068,27,0.094,30,0.097,28,0.092,35,0.106,25,0.066,26,0.059,19,0.044,27,0.082,25,0.101,38,0.174,18,0.101,16,0.139,11,0.118,8,0.189,4,0.158,2,0.109,2,0.108,2,0.06,14,0.17,14,0.078,29,0.096,19,0.058,26,0.096,33,0.127,30,0.109,32,0.105,22,0.073,23,0.07,30,0.083,27,0.064,19,0.045,17,0.052,21,0.086,27,0.119,11,0.059,12,0.093,18,0.15,5,0.096,6,0.191,4,0.178,2,0.104,6,0.192,8,0.108,15,0.1,19,0.078,29,0.108,28,0.11,24,0.091,28,0.092,25,0.073,41,0.122,38,0.107,23,0.06,28,0.067,24,0.059,29,0.087,20,0.078,17,0.073,27,0.122,20,0.095,14,0.078,16,0.165,2,0.029,6,0.105,4,0.11,6,0.229,8,0.21,4,0.058,18,0.17,14,0.088,27,0.114,25,0.084,35,0.107,31,0.083,36,0.087,35,0.085,23,0.063,27,0.074,27,0.071,32,0.095,20,0.075,24,0.1,25,0.099,14,0.074
Region 25,Region 9,0,0,0,0,3,0.102,0,0,0,0,0,0,3,0.035,2,0.011,0,0,3,0.008,1,0.003,0,0,3,0.01,1,0.003,2,0.007,2,0.006,0,0,3,0.007,1,0.002,4,0.012,1,0.004,1,0.005,1,0.006,2,0.017,0,0,0,0,0,0,0,0,0,0,0,0,0,0,2,0.011,3,0.01,0,0,2,0.007,3,0.012,3,0.011,0,0,1,0.003,2,0.006,7,0.019,4,0.009,5,0.012,3,0.009,0,0,2,0.009,3,0.016,0,0,0,0,0,0,0,0,0,0,0,0,0,0,1,0.013,3,0.02,7,0.029,4,0.015,2,0.008,2,0.008,1,0.003,1,0.003,2,0.006,0,0,1,0.003,2,0.005,3,0.007,2,0.006,1,0.004,1,0.004,1,0.005,2,0.01,2,0.011,2,0.021,0,0,0,0,1,0.028,1,0.038,2,0.053,0,0,1,0.009,1,0.006,3,0.013,2,0.007,2,0.006,2,0.005,2,0.005,3,0.007,1,0.003,3,0.008,1,0.003,3,0.009,2,0.007,1,0.004,0,0,2,0.011
Region 25,Region 10,6,0.05,2,0.04,3,0.102,0,0,2,0.111,0,0,4,0.047,9,0.048,9,0.027,16,0.044,27,0.094,7,0.027,19,0.066,18,0.058,15,0.049,14,0.042,27,0.072,25,0.057,19,0.044,14,0.043,16,0.065,30,0.137,13,0.073,8,0.069,6,0.064,3,0.071,2,0.079,0,0,1,0.054,1,0.03,6,0.073,14,0.078,12,0.04,12,0.037,16,0.059,10,0.039,8,0.029,17,0.056,12,0.04,17,0.052,23,0.063,22,0.052,21,0.05,15,0.046,19,0.078,12,0.053,7,0.037,5,0.039,3,0.025,2,0.038,2,0.064,1,0.044,2,0.104,2,0.064,3,0.04,5,0.033,17,0.07,11,0.041,12,0.047,18,0.068,20,0.066,20,0.058,23,0.068,25,0.071,24,0.063,28,0.067,33,0.081,17,0.051,10,0.039,11,0.047,15,0.068,8,0.038,3,0.017,4,0.041,3,0.043,0,0,1,0.028,1,0.038,4,0.105,5,0.072,3,0.028,2,0.013,7,0.029,18,0.06,17,0.052,14,0.038,14,0.034,17,0.041,12,0.033,14,0.038,12,0.032,5,0.015,8,0.03,4,0.017,12,0.048,4,0.021
Region 25,Region 11,18,0.151,5,0.099,3,0.102,4,0.189,5,0.278,4,0.125,3,0.035,8,0.043,11,0.033,18,0.05,26,0.09,24,0.091,28,0.098,24,0.078,31,0.102,47,0.143,46,0.122,65,0.148,44,0.101,50,0.152,28,0.114,43,0.196,25,0.141,18,0.156,8,0.085,9,0.213,1,0.04,0,0,3,0.163,3,0.09,9,0.109,13,0.073,17,0.056,28,0.086,25,0.092,34,0.131,26,0.094,27,0.088,37,0.122,40,0.122,44,0.121,48,0.114,55,0.131,49,0.151,32,0.131,35,0.154,27,0.144,19,0.148,16,0.133,5,0.096,3,0.095,8,0.356,4,0.207,2,0.064,7,0.094,12,0.08,20,0.082,26,0.097,28,0.11,17,0.065,24,0.079,38,0.111,43,0.127,41,0.116,24,0.063,38,0.091,40,0.098,35,0.105,33,0.129,25,0.107,25,0.113,22,0.105,16,0.09,9,0.093,12,0.172,6,0.105,9,0.248,5,0.191,4,0.105,7,0.101,6,0.057,13,0.082,13,0.055,22,0.074,28,0.086,27,0.073,36,0.087,26,0.063,35,0.096,46,0.126,49,0.129,28,0.083,23,0.086,27,0.113,24,0.095,19,0.1
Region 25,Region 12,1,0.008,4,0.079,1,0.034,1,0.047,1,0.056,1,0.031,3,0.035,4,0.021,4,0.012,6,0.017,6,0.021,11,0.042,10,0.035,3,0.01,11,0.036,4,0.012,6,0.016,8,0.018,2,0.005,6,0.018,7,0.028,9,0.041,4,0.023,5,0.043,2,0.021,2,0.047,2,0.079,1,0.054,0,0,0,0,0,0,3,0.017,5,0.017,4,0.012,5,0.018,9,0.035,7,0.025,5,0.016,4,0.013,2,0.006,5,0.014,6,0.014,6,0.014,10,0.031,4,0.016,6,0.026,4,0.021,2,0.016,2,0.017,2,0.038,3,0.095,2,0.089,0,0,1,0.032,0,0,3,0.02,3,0.012,4,0.015,4,0.016,5,0.019,3,0.01,11,0.032,4,0.012,8,0.023,5,0.013,7,0.017,6,0.015,4,0.012,7,0.027,6,0.026,3,0.014,3,0.014,8,0.045,4,0.041,1,0.014,0,0,1,0.028,1,0.038,1,0.026,1,0.014,1,0.009,4,0.025,6,0.025,5,0.017,5,0.015,5,0.013,4,0.01,2,0.005,5,0.014,9,0.025,8,0.021,5,0.015,9,0.034,7,0.029,5,0.02,3,0.016
Region 25,Region 13,14,0.117,3,0.06,4,0.135,4,0.189,2,0.111,4,0.125,12,0.14,20,0.107,34,0.103,43,0.119,22,0.076,36,0.136,30,0.105,28,0.091,28,0.092,36,0.109,40,0.106,66,0.15,44,0.101,32,0.098,22,0.089,33,0.151,20,0.113,7,0.061,10,0.107,4,0.095,4,0.158,4,0.218,3,0.163,7,0.21,4,0.048,21,0.118,26,0.086,15,0.046,25,0.092,28,0.108,30,0.109,36,0.118,40,0.132,40,0.122,52,0.143,45,0.107,41,0.098,21,0.065,24,0.098,33,0.145,23,0.123,16,0.124,10,0.083,5,0.096,7,0.222,3,0.133,3,0.155,2,0.064,5,0.067,10,0.066,26,0.107,32,0.119,29,0.114,25,0.095,38,0.125,29,0.085,35,0.104,41,0.116,50,0.131,33,0.079,38,0.093,20,0.06,34,0.133,30,0.129,29,0.131,24,0.114,28,0.157,10,0.103,3,0.043,3,0.053,3,0.083,3,0.115,7,0.184,10,0.144,6,0.057,11,0.069,16,0.067,31,0.104,34,0.104,35,0.094,44,0.107,36,0.087,42,0.116,37,0.101,25,0.066,32,0.095,24,0.09,27,0.113,26,0.103,21,0.11
Region 25,Region 14,15,0.126,5,0.099,4,0.135,4,0.189,4,0.222,9,0.281,18,0.21,23,0.123,25,0.076,18,0.05,23,0.08,21,0.08,21,0.073,19,0.062,28,0.092,26,0.079,24,0.064,23,0.052,20,0.046,22,0.067,21,0.085,33,0.151,13,0.073,18,0.156,10,0.107,3,0.071,1,0.04,1,0.054,7,0.379,5,0.15,14,0.17,23,0.129,28,0.093,11,0.034,14,0.052,25,0.096,21,0.076,29,0.095,21,0.069,20,0.061,25,0.069,30,0.071,22,0.053,18,0.055,16,0.065,20,0.088,16,0.085,9,0.07,7,0.058,4,0.077,2,0.064,4,0.178,12,0.621,4,0.128,13,0.175,22,0.146,27,0.111,13,0.048,21,0.083,21,0.08,33,0.108,22,0.064,28,0.083,17,0.048,23,0.06,19,0.046,11,0.027,19,0.057,23,0.09,19,0.082,13,0.059,9,0.043,10,0.056,5,0.052,3,0.043,5,0.088,3,0.083,5,0.191,10,0.263,13,0.187,11,0.104,14,0.088,27,0.114,24,0.081,27,0.083,21,0.056,22,0.053,36,0.087,33,0.091,24,0.066,37,0.097,27,0.08,18,0.067,23,0.096,13,0.052,17,0.089
Region 25,Region 15,9,0.075,3,0.06,1,0.034,2,0.095,1,0.056,1,0.031,3,0.035,7,0.037,9,0.027,9,0.025,11,0.038,22,0.083,19,0.066,12,0.039,21,0.069,22,0.067,15,0.04,29,0.066,34,0.078,27,0.082,25,0.101,23,0.105,11,0.062,12,0.104,13,0.139,2,0.047,4,0.158,4,0.218,0,0,2,0.06,5,0.061,4,0.022,8,0.026,9,0.028,11,0.041,11,0.042,11,0.04,18,0.059,28,0.093,20,0.061,23,0.063,25,0.059,27,0.064,24,0.074,24,0.098,14,0.062,12,0.064,12,0.093,10,0.083,3,0.057,6,0.191,0,0,2,0.104,2,0.064,1,0.013,3,0.02,10,0.041,7,0.026,17,0.067,10,0.038,13,0.043,21,0.061,13,0.039,21,0.059,16,0.042,17,0.041,19,0.047,20,0.06,17,0.067,17,0.073,16,0.072,14,0.067,10,0.056,8,0.083,5,0.072,4,0.07,3,0.083,2,0.076,3,0.079,1,0.014,5,0.047,7,0.044,9,0.038,14,0.047,16,0.049,16,0.043,31,0.075,21,0.051,17,0.047,27,0.074,20,0.053,16,0.048,9,0.034,13,0.054,21,0.083,14,0.074
Region 25,Region 16,0,0,0,0,0,0,0,0,0,0,0,0,0,0,1,0.005,0,0,0,0,0,0,0,0,2,0.007,1,0.003,1,0.003,2,0.006,0,0,0,0,0,0,1,0.003,2,0.008,1,0.005,1,0.006,0,0,0,0,0,0,0,0,0,0,0,0,0,0,0,0,1,0.006,2,0.007,2,0.006,2,0.007,1,0.004,0,0,0,0,0,0,0,0,0,0,0,0,0,0,0,0,0,0,0,0,0,0,2,0.016,0,0,0,0,0,0,0,0,0,0,0,0,0,0,0,0,2,0.008,0,0,0,0,1,0.004,0,0,1,0.003,0,0,0,0,0,0,1,0.002,1,0.002,1,0.003,0,0,0,0,0,0,0,0,0,0,0,0,0,0,0,0,0,0,0,0,0,0,0,0,1,0.009,1,0.006,0,0,3,0.01,3,0.009,1,0.003,2,0.005,1,0.002,1,0.003,2,0.005,0,0,1,0.003,0,0,1,0.004,1,0.004,0,0
Region 25,Region 17,10,0.084,5,0.099,3,0.102,3,0.142,1,0.056,1,0.031,4,0.047,12,0.064,19,0.058,27,0.075,24,0.083,26,0.098,17,0.059,17,0.055,20,0.066,24,0.073,15,0.04,21,0.048,17,0.039,15,0.046,16,0.065,14,0.064,10,0.056,8,0.069,12,0.128,6,0.142,3,0.119,3,0.163,2,0.108,1,0.03,7,0.085,7,0.039,27,0.089,29,0.089,16,0.059,20,0.077,14,0.051,19,0.062,22,0.073,20,0.061,10,0.028,18,0.043,17,0.041,11,0.034,17,0.069,17,0.075,15,0.08,9,0.07,13,0.108,3,0.057,4,0.127,4,0.178,1,0.052,3,0.096,7,0.094,11,0.073,12,0.049,16,0.06,20,0.079,10,0.038,19,0.062,23,0.067,18,0.053,17,0.048,15,0.039,18,0.043,19,0.047,25,0.075,22,0.086,20,0.086,13,0.059,15,0.071,17,0.095,12,0.124,4,0.057,5,0.088,2,0.055,1,0.038,2,0.053,4,0.058,8,0.075,9,0.057,13,0.055,18,0.06,21,0.064,16,0.043,31,0.075,35,0.085,26,0.072,19,0.052,21,0.055,13,0.039,8,0.03,18,0.075,12,0.048,16,0.084
Region 25,Region 18,4,0.034,1,0.02,4,0.135,0,0,0,0,2,0.063,1,0.012,7,0.037,10,0.03,13,0.036,14,0.048,17,0.064,15,0.052,6,0.019,15,0.049,27,0.082,28,0.074,30,0.068,24,0.055,18,0.055,15,0.061,10,0.046,6,0.034,10,0.087,8,0.085,0,0,1,0.04,0,0,2,0.108,1,0.03,3,0.036,9,0.05,7,0.023,10,0.031,11,0.041,15,0.058,19,0.069,12,0.039,23,0.076,19,0.058,21,0.058,31,0.074,33,0.079,14,0.043,18,0.073,11,0.048,16,0.085,9,0.07,4,0.033,0,0,5,0.159,1,0.044,0,0,2,0.064,2,0.027,6,0.04,10,0.041,13,0.048,11,0.043,16,0.061,8,0.026,21,0.061,17,0.05,15,0.042,23,0.06,21,0.05,19,0.047,18,0.054,10,0.039,6,0.026,7,0.032,11,0.052,14,0.078,6,0.062,3,0.043,0,0,1,0.028,0,0,2,0.053,2,0.029,4,0.038,5,0.031,10,0.042,11,0.037,23,0.07,26,0.07,21,0.051,17,0.041,9,0.025,19,0.052,19,0.05,16,0.048,14,0.052,8,0.033,8,0.032,11,0.058
Region 25,Region 19,2,0.017,1,0.02,0,0,2,0.095,3,0.167,0,0,2,0.023,4,0.021,3,0.009,4,0.011,12,0.042,8,0.03,11,0.038,2,0.006,4,0.013,7,0.021,17,0.045,21,0.048,18,0.041,9,0.027,7,0.028,10,0.046,6,0.034,3,0.026,5,0.053,2,0.047,4,0.158,1,0.054,0,0,1,0.03,0,0,3,0.017,7,0.023,8,0.025,4,0.015,4,0.015,4,0.015,7,0.023,8,0.026,14,0.043,6,0.017,21,0.05,16,0.038,14,0.043,13,0.053,8,0.035,5,0.027,6,0.047,1,0.008,6,0.115,1,0.032,1,0.044,0,0,2,0.064,1,0.013,3,0.02,3,0.012,2,0.007,10,0.039,7,0.027,12,0.039,10,0.029,6,0.018,19,0.054,21,0.055,15,0.036,10,0.025,14,0.042,9,0.035,4,0.017,5,0.023,0,0,5,0.028,3,0.031,6,0.086,5,0.088,0,0,0,0,2,0.053,1,0.014,1,0.009,8,0.05,7,0.029,7,0.024,12,0.037,13,0.035,14,0.034,13,0.032,10,0.028,12,0.033,16,0.042,8,0.024,14,0.052,7,0.029,4,0.016,5,0.026
Region 25,Region 20,2,0.017,3,0.06,2,0.068,0,0,1,0.056,0,0,1,0.012,5,0.027,7,0.021,10,0.028,10,0.035,15,0.057,0,0,6,0.019,3,0.01,10,0.03,5,0.013,6,0.014,8,0.018,2,0.006,6,0.024,4,0.018,4,0.023,2,0.017,3,0.032,1,0.024,0,0,0,0,0,0,1,0.03,2,0.024,5,0.028,13,0.043,9,0.028,9,0.033,11,0.042,5,0.018,8,0.026,6,0.02,4,0.012,3,0.008,9,0.021,8,0.019,5,0.015,2,0.008,7,0.031,9,0.048,2,0.016,3,0.025,2,0.038,0,0,3,0.133,0,0,0,0,3,0.04,4,0.027,5,0.021,6,0.022,5,0.02,8,0.03,7,0.023,6,0.017,8,0.024,7,0.02,5,0.013,12,0.029,9,0.022,2,0.006,3,0.012,3,0.013,6,0.027,3,0.014,3,0.017,2,0.021,4,0.057,0,0,2,0.055,1,0.038,0,0,1,0.014,2,0.019,1,0.006,2,0.008,3,0.01,1,0.003,3,0.008,4,0.01,3,0.007,4,0.011,4,0.011,6,0.016,5,0.015,4,0.015,5,0.021,7,0.028,3,0.016
Region 25,Region 21,1,0.008,1,0.02,1,0.034,0,0,0,0,0,0,0,0,0,0,0,0,5,0.014,2,0.007,4,0.015,6,0.021,3,0.01,4,0.013,4,0.012,1,0.003,3,0.007,2,0.005,3,0.009,2,0.008,3,0.014,0,0,1,0.009,2,0.021,1,0.024,1,0.04,0,0,0,0,0,0,2,0.024,2,0.011,1,0.003,0,0,2,0.007,2,0.008,3,0.011,1,0.003,2,0.007,3,0.009,0,0,3,0.007,5,0.012,3,0.009,2,0.008,1,0.004,1,0.005,4,0.031,2,0.017,0,0,0,0,1,0.044,0,0,0,0,0,0,1,0.007,3,0.012,2,0.007,6,0.024,0,0,3,0.01,2,0.006,0,0,4,0.011,3,0.008,2,0.005,3,0.007,3,0.009,2,0.008,2,0.009,1,0.005,2,0.01,4,0.022,0,0,0,0,0,0,0,0,0,0,0,0,0,0,1,0.009,1,0.006,2,0.008,2,0.007,2,0.006,1,0.003,4,0.01,2,0.005,0,0,5,0.014,4,0.011,2,0.006,3,0.011,1,0.004,1,0.004,4,0.021
Region 25,Region 22,2,0.017,0,0,0,0,1,0.047,0,0,0,0,0,0,1,0.005,1,0.003,2,0.006,1,0.003,2,0.008,1,0.003,4,0.013,4,0.013,2,0.006,3,0.008,4,0.009,1,0.002,0,0,1,0.004,1,0.005,0,0,1,0.009,1,0.011,1,0.024,1,0.04,0,0,0,0,0,0,0,0,2,0.011,2,0.007,2,0.006,2,0.007,0,0,1,0.004,4,0.013,1,0.003,2,0.006,4,0.011,2,0.005,3,0.007,6,0.018,1,0.004,2,0.009,0,0,0,0,1,0.008,0,0,0,0,1,0.044,0,0,1,0.032,2,0.027,0,0,0,0,0,0,0,0,1,0.004,0,0,0,0,0,0,1,0.003,4,0.01,2,0.005,0,0,1,0.003,0,0,1,0.004,1,0.005,0,0,2,0.011,0,0,1,0.014,0,0,0,0,1,0.038,0,0,1,0.014,0,0,1,0.006,1,0.004,2,0.007,0,0,3,0.008,0,0,1,0.002,0,0,2,0.005,1,0.003,1,0.003,0,0,1,0.004,0,0,1,0.005
Region 25,Region 23,83,0.696,22,0.437,15,0.508,9,0.426,8,0.444,13,0.407,19,0.222,43,0.23,59,0.179,77,0.213,65,0.225,76,0.288,63,0.22,84,0.273,90,0.297,118,0.358,131,0.348,151,0.343,126,0.29,89,0.271,75,0.304,86,0.393,58,0.327,44,0.382,35,0.374,28,0.662,14,0.554,7,0.381,8,0.434,6,0.18,21,0.255,36,0.202,56,0.185,61,0.188,62,0.229,57,0.22,66,0.24,74,0.242,90,0.298,104,0.317,105,0.289,169,0.401,133,0.318,88,0.271,66,0.269,69,0.304,59,0.314,37,0.287,68,0.565,21,0.402,14,0.445,9,0.4,6,0.311,14,0.447,19,0.256,33,0.219,40,0.165,50,0.186,64,0.252,66,0.251,82,0.269,90,0.262,102,0.302,140,0.395,106,0.278,156,0.374,81,0.199,96,0.288,63,0.247,83,0.356,87,0.394,109,0.519,80,0.448,35,0.362,26,0.372,37,0.648,18,0.497,11,0.42,16,0.421,23,0.331,28,0.264,57,0.359,61,0.257,73,0.245,79,0.241,90,0.242,101,0.245,100,0.242,94,0.259,107,0.293,115,0.303,103,0.307,83,0.311,91,0.38,102,0.405,71,0.374
Region 25,Region 24,0,0,0,0,0,0,1,0.047,0,0,0,0,0,0,0,0,0,0,3,0.008,2,0.007,1,0.004,1,0.003,4,0.013,1,0.003,2,0.006,1,0.003,2,0.005,1,0.002,0,0,0,0,3,0.014,1,0.006,0,0,0,0,0,0,0,0,0,0,0,0,0,0,0,0,2,0.011,0,0,0,0,0,0,0,0,1,0.004,1,0.003,1,0.003,2,0.006,4,0.011,0,0,1,0.002,0,0,1,0.004,2,0.009,4,0.021,2,0.016,1,0.008,1,0.019,0,0,0,0,0,0,0,0,0,0,0,0,0,0,0,0,2,0.008,1,0.004,1,0.003,1,0.003,1,0.003,1,0.003,0,0,1,0.002,1,0.002,1,0.003,1,0.004,2,0.009,1,0.005,0,0,1,0.006,0,0,0,0,0,0,0,0,0,0,0,0,1,0.014,2,0.019,0,0,2,0.008,1,0.003,4,0.012,0,0,0,0,2,0.005,2,0.006,2,0.005,0,0,0,0,0,0,2,0.008,0,0,0,0
Region 25,Region 25,24,0.201,17,0.337,12,0.406,5,0.236,4,0.222,8,0.25,7,0.082,13,0.07,16,0.049,38,0.105,56,0.194,48,0.182,66,0.23,65,0.211,72,0.237,53,0.161,58,0.154,61,0.139,79,0.182,82,0.25,56,0.227,55,0.251,41,0.231,30,0.26,31,0.331,12,0.284,4,0.158,2,0.109,5,0.271,2,0.06,4,0.048,10,0.056,15,0.05,34,0.105,56,0.207,46,0.177,49,0.178,56,0.183,54,0.179,73,0.222,56,0.154,65,0.154,72,0.172,55,0.17,50,0.204,46,0.203,41,0.218,34,0.264,35,0.291,17,0.325,7,0.222,4,0.178,5,0.259,3,0.096,7,0.094,10,0.066,25,0.103,43,0.16,49,0.193,49,0.186,54,0.177,53,0.154,53,0.157,48,0.135,73,0.191,48,0.115,62,0.152,59,0.177,30,0.117,56,0.24,53,0.24,37,0.176,36,0.202,21,0.217,12,0.172,15,0.263,12,0.331,8,0.306,3,0.079,6,0.086,13,0.123,25,0.157,30,0.126,37,0.124,44,0.134,55,0.148,46,0.111,57,0.138,52,0.143,47,0.128,55,0.145,54,0.161,55,0.206,46,0.192,44,0.175,35,0.184