Origin,Destination,Date range: 2024-08-27 - 2024-08-27 Time range: 00:00 - 01:00 Trips,Date range: 2024-08-27 - 2024-08-27 Time range: 00:00 - 01:00 Percent,Date range: 2024-08-27 - 2024-08-27 Time range: 01:00 - 02:00 Trips,Date range: 2024-08-27 - 2024-08-27 Time range: 01:00 - 02:00 Percent,Date range: 2024-08-27 - 2024-08-27 Time range: 02:00 - 03:00 Trips,Date range: 2024-08-27 - 2024-08-27 Time range: 02:00 - 03:00 Percent,Date range: 2024-08-27 - 2024-08-27 Time range: 03:00 - 04:00 Trips,Date range: 2024-08-27 - 2024-08-27 Time range: 03:00 - 04:00 Percent,Date range: 2024-08-27 - 2024-08-27 Time range: 04:00 - 05:00 Trips,Date range: 2024-08-27 - 2024-08-27 Time range: 04:00 - 05:00 Percent,Date range: 2024-08-27 - 2024-08-27 Time range: 05:00 - 06:00 Trips,Date range: 2024-08-27 - 2024-08-27 Time range: 05:00 - 06:00 Percent,Date range: 2024-08-27 - 2024-08-27 Time range: 06:00 - 07:00 Trips,Date range: 2024-08-27 - 2024-08-27 Time range: 06:00 - 07:00 Percent,Date range: 2024-08-27 - 2024-08-27 Time range: 07:00 - 08:00 Trips,Date range: 2024-08-27 - 2024-08-27 Time range: 07:00 - 08:00 Percent,Date range: 2024-08-27 - 2024-08-27 Time range: 08:00 - 09:00 Trips,Date range: 2024-08-27 - 2024-08-27 Time range: 08:00 - 09:00 Percent,Date range: 2024-08-27 - 2024-08-27 Time range: 09:00 - 10:00 Trips,Date range: 2024-08-27 - 2024-08-27 Time range: 09:00 - 10:00 Percent,Date range: 2024-08-27 - 2024-08-27 Time range: 10:00 - 11:00 Trips,Date range: 2024-08-27 - 2024-08-27 Time range: 10:00 - 11:00 Percent,Date range: 2024-08-27 - 2024-08-27 Time range: 11:00 - 12:00 Trips,Date range: 2024-08-27 - 2024-08-27 Time range: 11:00 - 12:00 Percent,Date range: 2024-08-27 - 2024-08-27 Time range: 12:00 - 13:00 Trips,Date range: 2024-08-27 - 2024-08-27 Time range: 12:00 - 13:00 Percent,Date range: 2024-08-27 - 2024-08-27 Time range: 13:00 - 14:00 Trips,Date range: 2024-08-27 - 2024-08-27 Time range: 13:00 - 14:00 Percent,Date range: 2024-08-27 - 2024-08-27 Time range: 14:00 - 15:00 Trips,Date range: 2024-08-27 - 2024-08-27 Time range: 14:00 - 15:00 Percent,Date range: 2024-08-27 - 2024-08-27 Time range: 15:00 - 16:00 Trips,Date range: 2024-08-27 - 2024-08-27 Time range: 15:00 - 16:00 Percent,Date range: 2024-08-27 - 2024-08-27 Time range: 16:00 - 17:00 Trips,Date range: 2024-08-27 - 2024-08-27 Time range: 16:00 - 17:00 Percent,Date range: 2024-08-27 - 2024-08-27 Time range: 17:00 - 18:00 Trips,Date range: 2024-08-27 - 2024-08-27 Time range: 17:00 - 18:00 Percent,Date range: 2024-08-27 - 2024-08-27 Time range: 18:00 - 19:00 Trips,Date range: 2024-08-27 - 2024-08-27 Time range: 18:00 - 19:00 Percent,Date range: 2024-08-27 - 2024-08-27 Time range: 19:00 - 20:00 Trips,Date range: 2024-08-27 - 2024-08-27 Time range: 19:00 - 20:00 Percent,Date range: 2024-08-27 - 2024-08-27 Time range: 20:00 - 21:00 Trips,Date range: 2024-08-27 - 2024-08-27 Time range: 20:00 - 21:00 Percent,Date range: 2024-08-27 - 2024-08-27 Time range: 21:00 - 22:00 Trips,Date range: 2024-08-27 - 2024-08-27 Time range: 21:00 - 22:00 Percent,Date range: 2024-08-27 - 2024-08-27 Time range: 22:00 - 23:00 Trips,Date range: 2024-08-27 - 2024-08-27 Time range: 22:00 - 23:00 Percent,Date range: 2024-08-27 - 2024-08-27 Time range: 23:00 - 00:00 Trips,Date range: 2024-08-27 - 2024-08-27 Time range: 23:00 - 00:00 Percent
Region 0,Region 0,3,0.018,1,0.011,0,0,0,0,0,0,1,0.004,3,0.006,14,0.018,14,0.016,20,0.028,20,0.034,23,0.039,18,0.029,20,0.033,19,0.031,20,0.029,29,0.042,27,0.035,35,0.048,16,0.029,17,0.039,10,0.027,8,0.03,3,0.017
Region 0,Region 1,0,0,0,0,0,0,0,0,0,0,0,0,0,0,1,0.001,1,0.001,1,0.001,2,0.003,0,0,1,0.002,0,0,1,0.002,0,0,1,0.001,0,0,1,0.001,1,0.002,1,0.002,0,0,0,0,0,0
Region 0,Region 2,0,0,0,0,0,0,0,0,0,0,0,0,0,0,0,0,0,0,1,0.001,0,0,1,0.002,1,0.002,0,0,0,0,0,0,2,0.003,1,0.001,1,0.001,1,0.002,1,0.002,1,0.003,0,0,0,0
Region 0,Region 3,0,0,0,0,0,0,0,0,0,0,0,0,0,0,0,0,0,0,2,0.003,3,0.005,3,0.005,3,0.005,6,0.01,2,0.003,3,0.004,5,0.007,4,0.005,3,0.004,1,0.002,0,0,0,0,2,0.008,1,0.006
Region 0,Region 4,0,0,0,0,0,0,0,0,0,0,0,0,0,0,0,0,0,0,0,0,0,0,0,0,0,0,0,0,0,0,0,0,0,0,0,0,0,0,0,0,0,0,0,0,0,0,0,0
Region 0,Region 5,1,0.006,0,0,0,0,0,0,0,0,0,0,1,0.002,4,0.005,7,0.008,8,0.011,11,0.019,9,0.015,6,0.01,12,0.02,5,0.008,4,0.006,7,0.01,9,0.012,5,0.007,9,0.017,8,0.018,5,0.014,2,0.008,0,0
Region 0,Region 6,0,0,1,0.011,0,0,1,0.014,0,0,0,0,4,0.008,8,0.01,5,0.006,5,0.007,4,0.007,2,0.003,5,0.008,2,0.003,1,0.002,5,0.007,1,0.001,3,0.004,4,0.005,0,0,2,0.005,0,0,0,0,2,0.011
Region 0,Region 7,2,0.012,0,0,0,0,0,0,0,0,0,0,2,0.004,3,0.004,4,0.005,2,0.003,2,0.003,0,0,2,0.003,2,0.003,4,0.006,6,0.009,7,0.01,13,0.017,4,0.005,2,0.004,2,0.005,2,0.005,0,0,0,0
Region 0,Region 8,0,0,0,0,0,0,0,0,0,0,0,0,0,0,0,0,0,0,0,0,0,0,0,0,0,0,1,0.002,0,0,0,0,0,0,0,0,0,0,0,0,0,0,0,0,0,0,0,0
Region 0,Region 9,0,0,0,0,0,0,0,0,0,0,0,0,0,0,1,0.001,1,0.001,2,0.003,1,0.002,0,0,0,0,0,0,1,0.002,2,0.003,0,0,0,0,4,0.005,1,0.002,1,0.002,0,0,0,0,0,0
Region 0,Region 10,0,0,0,0,0,0,0,0,0,0,0,0,1,0.002,1,0.001,0,0,0,0,1,0.002,0,0,0,0,0,0,0,0,1,0.001,0,0,0,0,0,0,0,0,0,0,1,0.003,0,0,0,0
Region 0,Region 11,0,0,0,0,0,0,0,0,0,0,0,0,0,0,0,0,0,0,0,0,0,0,0,0,0,0,0,0,0,0,0,0,0,0,0,0,0,0,0,0,0,0,0,0,0,0,0,0
Region 0,Region 12,0,0,0,0,0,0,0,0,0,0,0,0,0,0,0,0,0,0,0,0,0,0,0,0,0,0,0,0,0,0,0,0,0,0,2,0.003,1,0.001,0,0,0,0,0,0,0,0,0,0
Region 0,Region 13,0,0,0,0,0,0,0,0,0,0,0,0,1,0.002,7,0.009,5,0.006,1,0.001,2,0.003,1,0.002,0,0,1,0.002,0,0,1,0.001,0,0,1,0.001,2,0.003,0,0,0,0,0,0,1,0.004,0,0
Region 0,Region 14,0,0,0,0,0,0,0,0,0,0,0,0,0,0,0,0,0,0,0,0,0,0,0,0,0,0,0,0,0,0,0,0,0,0,0,0,0,0,0,0,0,0,0,0,0,0,0,0
Region 0,Region 15,2,0.012,0,0,1,0.015,0,0,1,0.009,2,0.008,8,0.016,10,0.013,6,0.007,6,0.008,7,0.012,11,0.019,5,0.008,5,0.008,5,0.008,7,0.01,11,0.016,8,0.01,13,0.018,7,0.013,4,0.009,3,0.008,1,0.004,4,0.022
Region 0,Region 16,0,0,0,0,0,0,0,0,0,0,0,0,0,0,1,0.001,0,0,0,0,0,0,0,0,1,0.002,1,0.002,2,0.003,0,0,2,0.003,0,0,2,0.003,2,0.004,0,0,1,0.003,0,0,0,0
Region 0,Region 17,0,0,0,0,0,0,0,0,0,0,0,0,0,0,1,0.001,0,0,0,0,0,0,0,0,1,0.002,1,0.002,0,0,0,0,0,0,0,0,0,0,0,0,0,0,0,0,0,0,0,0
Region 0,Region 18,0,0,0,0,0,0,0,0,0,0,0,0,0,0,0,0,0,0,0,0,0,0,0,0,0,0,0,0,0,0,0,0,0,0,0,0,0,0,0,0,0,0,0,0,0,0,0,0
Region 0,Region 19,1,0.006,0,0,0,0,0,0,1,0.009,0,0,0,0,1,0.001,1,0.001,1,0.001,1,0.002,0,0,0,0,0,0,1,0.002,0,0,0,0,1,0.001,0,0,0,0,1,0.002,0,0,0,0,0,0
Region 0,Region 20,0,0,0,0,0,0,0,0,0,0,0,0,0,0,0,0,0,0,0,0,0,0,0,0,0,0,0,0,0,0,0,0,0,0,0,0,0,0,0,0,0,0,0,0,0,0,0,0
Region 0,Region 21,0,0,0,0,0,0,0,0,0,0,0,0,1,0.002,0,0,1,0.001,4,0.006,1,0.002,0,0,3,0.005,3,0.005,3,0.005,0,0,3,0.004,6,0.008,4,0.005,2,0.004,3,0.007,2,0.005,2,0.008,0,0
Region 0,Region 22,0,0,0,0,0,0,0,0,0,0,0,0,0,0,1,0.001,0,0,0,0,0,0,0,0,0,0,0,0,0,0,0,0,0,0,0,0,0,0,0,0,0,0,0,0,0,0,0,0
Region 0,Region 23,0,0,0,0,0,0,0,0,0,0,0,0,1,0.002,0,0,0,0,1,0.001,0,0,0,0,0,0,0,0,0,0,0,0,2,0.003,0,0,1,0.001,0,0,0,0,0,0,0,0,1,0.006
Region 0,Region 24,0,0,0,0,0,0,0,0,0,0,0,0,0,0,3,0.004,1,0.001,0,0,1,0.002,1,0.002,0,0,0,0,1,0.002,0,0,0,0,0,0,0,0,1,0.002,0,0,0,0,0,0,0,0
Region 0,Region 25,0,0,0,0,0,0,0,0,0,0,0,0,0,0,0,0,0,0,0,0,0,0,0,0,0,0,0,0,0,0,0,0,0,0,0,0,0,0,0,0,0,0,0,0,0,0,0,0
Region 0,Region 26,0,0,0,0,0,0,0,0,0,0,0,0,0,0,0,0,0,0,0,0,0,0,0,0,0,0,0,0,0,0,0,0,0,0,0,0,0,0,0,0,0,0,0,0,0,0,0,0
Region 0,Region 27,0,0,0,0,0,0,0,0,0,0,0,0,0,0,0,0,0,0,0,0,0,0,0,0,0,0,0,0,1,0.002,0,0,0,0,0,0,0,0,2,0.004,1,0.002,0,0,0,0,0,0
Region 0,Region 28,0,0,0,0,0,0,0,0,1,0.009,0,0,1,0.002,0,0,0,0,1,0.001,1,0.002,0,0,0,0,0,0,0,0,0,0,0,0,0,0,0,0,0,0,0,0,0,0,0,0,0,0
Region 0,Region 29,1,0.006,1,0.011,0,0,0,0,0,0,1,0.004,0,0,1,0.001,0,0,2,0.003,0,0,0,0,2,0.003,2,0.003,2,0.003,2,0.003,1,0.001,2,0.003,2,0.003,1,0.002,2,0.005,0,0,1,0.004,0,0
Region 0,Region 30,0,0,0,0,0,0,0,0,0,0,0,0,0,0,0,0,0,0,0,0,0,0,0,0,0,0,0,0,0,0,0,0,0,0,0,0,0,0,0,0,1,0.002,0,0,0,0,0,0
Region 0,Region 31,0,0,0,0,1,0.015,0,0,0,0,1,0.004,0,0,0,0,0,0,1,0.001,1,0.002,0,0,0,0,0,0,1,0.002,0,0,0,0,0,0,0,0,0,0,0,0,0,0,0,0,0,0
Region 0,Region 32,0,0,0,0,0,0,0,0,0,0,0,0,0,0,0,0,0,0,1,0.001,0,0,0,0,0,0,0,0,0,0,0,0,0,0,0,0,0,0,0,0,0,0,0,0,1,0.004,0,0
Region 0,Region 33,0,0,0,0,0,0,0,0,0,0,0,0,2,0.004,1,0.001,4,0.005,0,0,0,0,0,0,0,0,0,0,0,0,0,0,0,0,0,0,0,0,0,0,0,0,0,0,0,0,0,0
Region 0,Region 34,0,0,0,0,0,0,0,0,0,0,0,0,2,0.004,0,0,1,0.001,1,0.001,0,0,0,0,0,0,0,0,2,0.003,1,0.001,1,0.001,0,0,0,0,1,0.002,0,0,0,0,0,0,0,0
Region 0,Region 35,0,0,0,0,0,0,0,0,0,0,0,0,0,0,0,0,0,0,1,0.001,0,0,0,0,0,0,0,0,0,0,0,0,0,0,0,0,0,0,0,0,0,0,0,0,0,0,0,0
Region 0,Region 36,1,0.006,1,0.011,0,0,0,0,0,0,0,0,0,0,0,0,0,0,0,0,1,0.002,0,0,0,0,0,0,0,0,0,0,0,0,0,0,1,0.001,0,0,0,0,0,0,0,0,0,0
Region 0,Region 37,0,0,0,0,0,0,0,0,0,0,0,0,0,0,0,0,1,0.001,0,0,0,0,0,0,0,0,0,0,0,0,0,0,0,0,0,0,0,0,0,0,1,0.002,0,0,0,0,0,0
Region 0,Region 38,0,0,0,0,0,0,0,0,0,0,0,0,0,0,0,0,0,0,1,0.001,2,0.003,0,0,1,0.002,1,0.002,2,0.003,0,0,2,0.003,3,0.004,0,0,1,0.002,1,0.002,0,0,0,0,0,0
Region 0,Region 39,1,0.006,1,0.011,2,0.03,1,0.014,0,0,0,0,1,0.002,4,0.005,16,0.019,3,0.004,5,0.009,4,0.007,5,0.008,7,0.011,5,0.008,7,0.01,16,0.023,9,0.012,7,0.01,6,0.011,6,0.014,2,0.005,1,0.004,2,0.011
Region 0,Region 40,0,0,0,0,0,0,0,0,1,0.009,1,0.004,0,0,3,0.004,3,0.004,1,0.001,1,0.002,2,0.003,1,0.002,2,0.003,0,0,1,0.001,1,0.001,4,0.005,1,0.001,0,0,2,0.005,1,0.003,0,0,0,0
Region 0,Region 41,0,0,0,0,0,0,0,0,0,0,0,0,0,0,0,0,0,0,0,0,0,0,0,0,0,0,0,0,1,0.002,0,0,1,0.001,1,0.001,0,0,1,0.002,1,0.002,0,0,1,0.004,0,0
Region 0,Region 42,0,0,0,0,0,0,0,0,0,0,0,0,0,0,0,0,0,0,0,0,0,0,0,0,0,0,0,0,0,0,0,0,0,0,0,0,0,0,0,0,0,0,0,0,0,0,0,0
Region 0,Region 43,0,0,0,0,0,0,1,0.014,0,0,0,0,1,0.002,1,0.001,2,0.002,1,0.001,3,0.005,4,0.007,5,0.008,2,0.003,2,0.003,1,0.001,1,0.001,6,0.008,1,0.001,1,0.002,1,0.002,2,0.005,0,0,0,0
Region 0,Region 44,0,0,0,0,0,0,1,0.014,0,0,0,0,0,0,2,0.003,0,0,0,0,0,0,1,0.002,0,0,0,0,0,0,0,0,0,0,0,0,0,0,0,0,0,0,0,0,0,0,0,0
Region 0,Region 45,0,0,0,0,0,0,0,0,0,0,0,0,0,0,0,0,2,0.002,0,0,0,0,0,0,1,0.002,0,0,0,0,1,0.001,0,0,0,0,0,0,0,0,0,0,0,0,0,0,0,0
Region 0,Region 46,0,0,0,0,0,0,0,0,1,0.009,1,0.004,0,0,1,0.001,1,0.001,0,0,1,0.002,0,0,1,0.002,0,0,0,0,0,0,1,0.001,0,0,0,0,0,0,1,0.002,0,0,0,0,0,0
Region 0,Region 47,0,0,0,0,0,0,0,0,0,0,0,0,1,0.002,1,0.001,0,0,0,0,1,0.002,1,0.002,0,0,0,0,0,0,0,0,1,0.001,0,0,0,0,0,0,0,0,0,0,0,0,0,0
Region 0,Region 48,0,0,0,0,0,0,0,0,0,0,0,0,0,0,0,0,1,0.001,1,0.001,0,0,0,0,0,0,2,0.003,1,0.002,1,0.001,3,0.004,2,0.003,2,0.003,0,0,1,0.002,1,0.003,0,0,0,0
Region 0,Region 49,0,0,0,0,0,0,1,0.014,0,0,0,0,0,0,1,0.001,2,0.002,0,0,1,0.002,0,0,0,0,1,0.002,0,0,2,0.003,3,0.004,0,0,0,0,0,0,2,0.005,2,0.005,1,0.004,1,0.006
Region 0,Region 50,0,0,0,0,0,0,0,0,0,0,0,0,0,0,1,0.001,1,0.001,0,0,0,0,0,0,0,0,0,0,0,0,0,0,0,0,0,0,0,0,0,0,0,0,0,0,0,0,0,0
Region 0,Region 51,0,0,0,0,0,0,0,0,0,0,0,0,0,0,1,0.001,0,0,0,0,0,0,0,0,1,0.002,0,0,0,0,0,0,0,0,0,0,0,0,0,0,0,0,0,0,0,0,0,0
Region 0,Region 52,0,0,0,0,0,0,0,0,0,0,0,0,0,0,0,0,0,0,0,0,0,0,0,0,0,0,0,0,0,0,0,0,0,0,0,0,0,0,0,0,0,0,0,0,0,0,0,0
Region 0,Region 53,0,0,0,0,0,0,0,0,0,0,0,0,0,0,0,0,0,0,2,0.003,0,0,0,0,0,0,0,0,1,0.002,0,0,0,0,0,0,0,0,0,0,0,0,0,0,0,0,0,0
Region 0,Region 54,0,0,0,0,0,0,0,0,0,0,0,0,0,0,1,0.001,0,0,0,0,0,0,0,0,0,0,0,0,0,0,1,0.001,0,0,0,0,0,0,0,0,1,0.002,0,0,0,0,0,0
Region 0,Region 55,0,0,0,0,0,0,0,0,0,0,0,0,0,0,0,0,0,0,0,0,0,0,0,0,0,0,0,0,0,0,0,0,0,0,0,0,0,0,0,0,0,0,0,0,0,0,0,0
Region 0,Region 56,0,0,0,0,0,0,0,0,0,0,0,0,0,0,0,0,0,0,0,0,0,0,1,0.002,0,0,0,0,0,0,0,0,1,0.001,0,0,1,0.001,0,0,0,0,1,0.003,0,0,0,0
Region 0,Region 57,0,0,0,0,0,0,0,0,0,0,0,0,0,0,0,0,0,0,0,0,0,0,0,0,0,0,0,0,0,0,0,0,0,0,0,0,0,0,0,0,0,0,0,0,0,0,0,0
Region 0,Region 58,3,0.018,1,0.011,0,0,0,0,0,0,0,0,2,0.004,4,0.005,3,0.004,4,0.006,3,0.005,3,0.005,3,0.005,0,0,4,0.006,3,0.004,2,0.003,1,0.001,5,0.007,1,0.002,1,0.002,0,0,2,0.008,0,0
Region 0,Region 59,0,0,0,0,0,0,0,0,0,0,0,0,0,0,0,0,0,0,0,0,0,0,0,0,0,0,0,0,0,0,0,0,0,0,0,0,1,0.001,0,0,0,0,0,0,0,0,0,0
Region 0,Region 60,0,0,0,0,0,0,0,0,0,0,0,0,0,0,0,0,0,0,0,0,0,0,0,0,0,0,0,0,0,0,0,0,0,0,0,0,0,0,0,0,0,0,0,0,0,0,0,0
Region 0,Region 61,0,0,0,0,0,0,0,0,0,0,0,0,1,0.002,1,0.001,3,0.004,0,0,1,0.002,0,0,2,0.003,0,0,0,0,0,0,2,0.003,1,0.001,1,0.001,1,0.002,0,0,0,0,0,0,0,0
Region 0,Region 62,0,0,1,0.011,0,0,0,0,1,0.009,0,0,2,0.004,4,0.005,13,0.015,8,0.011,3,0.005,6,0.01,6,0.01,9,0.015,10,0.016,11,0.016,8,0.012,11,0.014,15,0.02,6,0.011,4,0.009,2,0.005,4,0.015,2,0.011
Region 0,Region 63,0,0,0,0,0,0,0,0,0,0,0,0,0,0,0,0,0,0,0,0,0,0,0,0,0,0,1,0.002,0,0,0,0,0,0,0,0,0,0,0,0,0,0,0,0,0,0,0,0
Region 0,Region 64,0,0,0,0,0,0,0,0,0,0,0,0,0,0,1,0.001,2,0.002,1,0.001,0,0,0,0,0,0,0,0,0,0,0,0,2,0.003,3,0.004,2,0.003,2,0.004,0,0,0,0,0,0,0,0
Region 0,Region 65,0,0,0,0,0,0,0,0,0,0,0,0,0,0,0,0,0,0,1,0.001,0,0,0,0,0,0,2,0.003,0,0,0,0,0,0,0,0,0,0,0,0,0,0,0,0,0,0,0,0
Region 0,Region 66,0,0,0,0,0,0,0,0,0,0,0,0,0,0,0,0,0,0,0,0,0,0,0,0,0,0,0,0,0,0,0,0,0,0,0,0,1,0.001,0,0,0,0,0,0,0,0,0,0
Region 0,Region 67,1,0.006,1,0.011,0,0,0,0,0,0,1,0.004,3,0.006,1,0.001,2,0.002,1,0.001,1,0.002,0,0,0,0,2,0.003,1,0.002,1,0.001,3,0.004,4,0.005,2,0.003,1,0.002,1,0.002,0,0,0,0,1,0.006
Region 0,Region 68,0,0,0,0,0,0,0,0,0,0,0,0,0,0,0,0,0,0,0,0,0,0,0,0,0,0,0,0,0,0,0,0,0,0,0,0,0,0,0,0,0,0,0,0,0,0,0,0
Region 0,Region 69,0,0,0,0,0,0,0,0,0,0,0,0,0,0,1,0.001,0,0,2,0.003,0,0,0,0,0,0,0,0,0,0,0,0,0,0,0,0,0,0,0,0,0,0,0,0,0,0,0,0
Region 0,Region 70,0,0,0,0,0,0,0,0,0,0,0,0,0,0,0,0,0,0,0,0,0,0,0,0,0,0,0,0,0,0,0,0,0,0,0,0,0,0,0,0,0,0,0,0,0,0,0,0
Region 0,Region 71,0,0,0,0,0,0,0,0,0,0,0,0,0,0,0,0,0,0,0,0,0,0,1,0.002,1,0.002,0,0,0,0,0,0,0,0,0,0,0,0,0,0,0,0,0,0,0,0,0,0
Region 0,Region 72,0,0,0,0,0,0,0,0,0,0,0,0,1,0.002,0,0,0,0,0,0,2,0.003,0,0,1,0.002,1,0.002,4,0.006,2,0.003,0,0,0,0,2,0.003,0,0,0,0,0,0,0,0,0,0
Region 1,Region 0,0,0,0,0,0,0,0,0,0,0,0,0,0,0,0,0,0,0,0,0,0,0,0,0,0,0,0,0,0,0,1,0.001,0,0,0,0,0,0,0,0,0,0,2,0.005,1,0.004,0,0
Region 1,Region 1,121,0.727,58,0.637,38,0.569,12,0.171,16,0.136,47,0.182,95,0.194,237,0.301,376,0.439,469,0.664,391,0.67,473,0.811,546,0.889,467,0.76,440,0.707,558,0.814,546,0.786,754,0.97,858,1.167,595,1.096,529,1.218,426,1.166,295,1.12,205,1.133
Region 1,Region 2,3,0.018,2,0.022,1,0.015,1,0.014,0,0,0,0,3,0.006,2,0.003,5,0.006,4,0.006,7,0.012,5,0.009,7,0.011,3,0.005,13,0.021,8,0.012,4,0.006,5,0.006,15,0.02,10,0.018,6,0.014,5,0.014,10,0.038,3,0.017
Region 1,Region 3,0,0,0,0,0,0,0,0,0,0,0,0,0,0,0,0,3,0.004,0,0,0,0,1,0.002,2,0.003,1,0.002,3,0.005,3,0.004,5,0.007,4,0.005,3,0.004,2,0.004,2,0.005,2,0.005,2,0.008,4,0.022
Region 1,Region 4,2,0.012,1,0.011,0,0,1,0.014,0,0,1,0.004,2,0.004,3,0.004,1,0.001,1,0.001,0,0,2,0.003,1,0.002,0,0,1,0.002,2,0.003,2,0.003,3,0.004,6,0.008,2,0.004,2,0.005,2,0.005,3,0.011,1,0.006
Region 1,Region 5,0,0,1,0.011,0,0,0,0,0,0,0,0,0,0,0,0,0,0,0,0,1,0.002,0,0,2,0.003,2,0.003,1,0.002,2,0.003,4,0.006,2,0.003,1,0.001,1,0.002,2,0.005,0,0,0,0,1,0.006
Region 1,Region 6,0,0,0,0,1,0.015,0,0,0,0,1,0.004,0,0,3,0.004,1,0.001,0,0,1,0.002,1,0.002,1,0.002,6,0.01,8,0.013,10,0.015,10,0.014,10,0.013,3,0.004,4,0.007,3,0.007,6,0.016,5,0.019,1,0.006
Region 1,Region 7,1,0.006,1,0.011,1,0.015,0,0,0,0,1,0.004,2,0.004,4,0.005,1,0.001,0,0,0,0,2,0.003,3,0.005,0,0,3,0.005,2,0.003,2,0.003,2,0.003,5,0.007,3,0.006,1,0.002,1,0.003,1,0.004,0,0
Region 1,Region 8,0,0,0,0,0,0,0,0,0,0,0,0,1,0.002,0,0,2,0.002,0,0,3,0.005,3,0.005,1,0.002,1,0.002,3,0.005,1,0.001,3,0.004,3,0.004,5,0.007,3,0.006,0,0,2,0.005,2,0.008,0,0
Region 1,Region 9,2,0.012,0,0,0,0,0,0,0,0,0,0,3,0.006,4,0.005,1,0.001,4,0.006,3,0.005,2,0.003,4,0.007,6,0.01,8,0.013,3,0.004,3,0.004,6,0.008,5,0.007,7,0.013,3,0.007,4,0.011,2,0.008,1,0.006
Region 1,Region 10,13,0.078,9,0.099,3,0.045,3,0.043,1,0.009,14,0.054,32,0.065,42,0.053,70,0.082,51,0.072,50,0.086,52,0.089,56,0.091,51,0.083,68,0.109,65,0.095,83,0.119,76,0.098,65,0.088,61,0.112,33,0.076,37,0.101,24,0.091,17,0.094
Region 1,Region 11,0,0,0,0,0,0,1,0.014,0,0,0,0,0,0,0,0,2,0.002,0,0,1,0.002,2,0.003,0,0,1,0.002,0,0,0,0,0,0,1,0.001,0,0,1,0.002,0,0,0,0,1,0.004,0,0
Region 1,Region 12,0,0,2,0.022,0,0,0,0,0,0,0,0,1,0.002,1,0.001,3,0.004,1,0.001,1,0.002,0,0,1,0.002,2,0.003,4,0.006,3,0.004,1,0.001,3,0.004,5,0.007,2,0.004,4,0.009,1,0.003,0,0,3,0.017
Region 1,Region 13,21,0.126,12,0.132,8,0.12,3,0.043,4,0.034,10,0.039,19,0.039,46,0.058,106,0.124,93,0.132,86,0.147,75,0.129,74,0.12,78,0.127,62,0.1,54,0.079,65,0.094,55,0.071,66,0.09,59,0.109,31,0.071,45,0.123,36,0.137,40,0.221
Region 1,Region 14,0,0,1,0.011,0,0,0,0,0,0,1,0.004,1,0.002,6,0.008,9,0.011,5,0.007,4,0.007,5,0.009,8,0.013,9,0.015,8,0.013,8,0.012,16,0.023,31,0.04,22,0.03,12,0.022,5,0.012,2,0.005,3,0.011,5,0.028
Region 1,Region 15,2,0.012,2,0.022,0,0,0,0,0,0,0,0,0,0,4,0.005,1,0.001,0,0,5,0.009,4,0.007,5,0.008,6,0.01,1,0.002,6,0.009,5,0.007,3,0.004,9,0.012,4,0.007,1,0.002,7,0.019,3,0.011,0,0
Region 1,Region 16,0,0,0,0,1,0.015,0,0,0,0,0,0,0,0,0,0,0,0,0,0,0,0,0,0,1,0.002,3,0.005,0,0,1,0.001,1,0.001,1,0.001,1,0.001,1,0.002,0,0,0,0,0,0,0,0
Region 1,Region 17,2,0.012,0,0,0,0,0,0,0,0,0,0,1,0.002,1,0.001,3,0.004,5,0.007,1,0.002,7,0.012,6,0.01,6,0.01,11,0.018,12,0.017,7,0.01,12,0.015,12,0.016,7,0.013,7,0.016,2,0.005,5,0.019,4,0.022
Region 1,Region 18,0,0,1,0.011,0,0,0,0,0,0,0,0,0,0,0,0,0,0,0,0,2,0.003,0,0,0,0,1,0.002,0,0,0,0,0,0,1,0.001,2,0.003,2,0.004,2,0.005,1,0.003,1,0.004,0,0
Region 1,Region 19,0,0,0,0,0,0,1,0.014,0,0,0,0,1,0.002,0,0,0,0,1,0.001,1,0.002,1,0.002,0,0,2,0.003,1,0.002,1,0.001,2,0.003,1,0.001,1,0.001,0,0,2,0.005,1,0.003,1,0.004,3,0.017
Region 1,Region 20,7,0.042,7,0.077,1,0.015,0,0,3,0.026,2,0.008,7,0.014,17,0.022,45,0.053,31,0.044,34,0.058,27,0.046,25,0.041,32,0.052,26,0.042,23,0.034,29,0.042,21,0.027,32,0.044,33,0.061,15,0.035,16,0.044,8,0.03,14,0.077
Region 1,Region 21,0,0,0,0,0,0,0,0,0,0,0,0,0,0,1,0.001,0,0,0,0,0,0,0,0,0,0,0,0,0,0,0,0,0,0,2,0.003,0,0,1,0.002,1,0.002,2,0.005,1,0.004,1,0.006
Region 1,Region 22,1,0.006,0,0,0,0,0,0,0,0,1,0.004,2,0.004,1,0.001,0,0,2,0.003,1,0.002,2,0.003,1,0.002,0,0,3,0.005,1,0.001,1,0.001,1,0.001,0,0,0,0,1,0.002,1,0.003,1,0.004,1,0.006
Region 1,Region 23,2,0.012,0,0,1,0.015,0,0,1,0.009,0,0,2,0.004,5,0.006,9,0.011,5,0.007,12,0.021,9,0.015,4,0.007,17,0.028,11,0.018,12,0.017,12,0.017,17,0.022,14,0.019,14,0.026,5,0.012,10,0.027,8,0.03,8,0.044
Region 1,Region 24,6,0.036,1,0.011,1,0.015,0,0,0,0,0,0,4,0.008,6,0.008,6,0.007,10,0.014,10,0.017,7,0.012,13,0.021,8,0.013,9,0.014,9,0.013,16,0.023,8,0.01,19,0.026,14,0.026,16,0.037,19,0.052,15,0.057,7,0.039
Region 1,Region 25,7,0.042,5,0.055,0,0,4,0.057,1,0.009,2,0.008,6,0.012,16,0.02,25,0.029,18,0.025,21,0.036,21,0.036,11,0.018,15,0.024,19,0.031,17,0.025,15,0.022,17,0.022,30,0.041,19,0.035,18,0.041,21,0.057,18,0.068,13,0.072
Region 1,Region 26,1,0.006,0,0,0,0,1,0.014,0,0,0,0,0,0,4,0.005,10,0.012,4,0.006,6,0.01,6,0.01,13,0.021,8,0.013,5,0.008,14,0.02,12,0.017,21,0.027,16,0.022,13,0.024,5,0.012,5,0.014,3,0.011,1,0.006
Region 1,Region 27,2,0.012,3,0.033,5,0.075,2,0.029,3,0.026,1,0.004,2,0.004,2,0.003,2,0.002,2,0.003,5,0.009,5,0.009,4,0.007,6,0.01,6,0.01,8,0.012,5,0.007,8,0.01,11,0.015,8,0.015,3,0.007,3,0.008,2,0.008,2,0.011
Region 1,Region 28,4,0.024,2,0.022,1,0.015,1,0.014,1,0.009,1,0.004,5,0.01,1,0.001,11,0.013,8,0.011,3,0.005,5,0.009,8,0.013,8,0.013,8,0.013,10,0.015,15,0.022,20,0.026,19,0.026,21,0.039,6,0.014,6,0.016,8,0.03,5,0.028
Region 1,Region 29,17,0.102,3,0.033,1,0.015,0,0,0,0,1,0.004,8,0.016,32,0.041,54,0.063,52,0.074,24,0.041,30,0.051,95,0.155,35,0.057,30,0.048,37,0.054,34,0.049,48,0.062,36,0.049,35,0.064,16,0.037,26,0.071,27,0.103,12,0.066
Region 1,Region 30,18,0.108,13,0.143,10,0.15,4,0.057,4,0.034,13,0.05,19,0.039,66,0.084,126,0.147,153,0.217,84,0.144,101,0.173,96,0.156,105,0.171,88,0.141,114,0.166,129,0.186,127,0.163,157,0.214,120,0.221,83,0.191,78,0.213,59,0.224,31,0.171
Region 1,Region 31,3,0.018,2,0.022,1,0.015,1,0.014,1,0.009,2,0.008,5,0.01,12,0.015,38,0.044,37,0.052,28,0.048,20,0.034,34,0.055,35,0.057,27,0.043,29,0.042,40,0.058,42,0.054,60,0.082,57,0.105,25,0.058,21,0.057,16,0.061,14,0.077
Region 1,Region 32,0,0,0,0,0,0,0,0,0,0,0,0,0,0,0,0,0,0,0,0,0,0,0,0,0,0,0,0,0,0,0,0,0,0,3,0.004,0,0,0,0,1,0.002,0,0,0,0,0,0
Region 1,Region 33,46,0.276,13,0.143,9,0.135,10,0.143,11,0.094,18,0.07,52,0.106,114,0.145,173,0.202,131,0.185,116,0.199,138,0.237,163,0.265,191,0.311,203,0.326,289,0.421,283,0.407,213,0.274,199,0.271,148,0.273,135,0.311,101,0.276,77,0.292,74,0.409
Region 1,Region 34,59,0.354,23,0.253,26,0.389,11,0.157,6,0.051,22,0.085,53,0.108,96,0.122,200,0.234,225,0.318,206,0.353,210,0.36,175,0.285,223,0.363,168,0.27,189,0.276,214,0.308,279,0.359,314,0.427,233,0.429,172,0.396,170,0.465,146,0.554,76,0.42
Region 1,Region 35,11,0.066,3,0.033,4,0.06,4,0.057,1,0.009,2,0.008,5,0.01,10,0.013,25,0.029,18,0.025,9,0.015,24,0.041,15,0.024,19,0.031,21,0.034,22,0.032,25,0.036,20,0.026,30,0.041,19,0.035,14,0.032,17,0.047,13,0.049,11,0.061
Region 1,Region 36,2,0.012,1,0.011,0,0,0,0,0,0,0,0,3,0.006,3,0.004,0,0,3,0.004,4,0.007,3,0.005,3,0.005,3,0.005,3,0.005,1,0.001,10,0.014,11,0.014,12,0.016,4,0.007,2,0.005,3,0.008,1,0.004,1,0.006
Region 1,Region 37,3,0.018,1,0.011,2,0.03,1,0.014,1,0.009,0,0,0,0,2,0.003,4,0.005,14,0.02,8,0.014,6,0.01,10,0.016,11,0.018,7,0.011,5,0.007,5,0.007,13,0.017,12,0.016,6,0.011,8,0.018,7,0.019,2,0.008,4,0.022
Region 1,Region 38,2,0.012,2,0.022,0,0,1,0.014,0,0,0,0,1,0.002,0,0,4,0.005,4,0.006,3,0.005,4,0.007,6,0.01,1,0.002,3,0.005,9,0.013,9,0.013,17,0.022,15,0.02,3,0.006,5,0.012,3,0.008,4,0.015,7,0.039
Region 1,Region 39,0,0,0,0,0,0,0,0,0,0,0,0,1,0.002,0,0,1,0.001,0,0,2,0.003,3,0.005,1,0.002,1,0.002,2,0.003,0,0,1,0.001,2,0.003,2,0.003,4,0.007,2,0.005,2,0.005,3,0.011,2,0.011
Region 1,Region 40,23,0.138,8,0.088,3,0.045,7,0.1,7,0.06,5,0.019,17,0.035,26,0.033,23,0.027,22,0.031,27,0.046,35,0.06,29,0.047,39,0.063,55,0.088,44,0.064,45,0.065,46,0.059,71,0.097,45,0.083,38,0.088,44,0.12,34,0.129,20,0.111
Region 1,Region 41,28,0.168,18,0.198,4,0.06,5,0.071,11,0.094,18,0.07,33,0.067,57,0.072,55,0.064,47,0.067,94,0.161,74,0.127,85,0.138,91,0.148,106,0.17,98,0.143,104,0.15,100,0.129,120,0.163,107,0.197,51,0.117,45,0.123,34,0.129,22,0.122
Region 1,Region 42,0,0,2,0.022,0,0,2,0.029,0,0,2,0.008,2,0.004,4,0.005,3,0.004,4,0.006,1,0.002,7,0.012,0,0,3,0.005,3,0.005,2,0.003,4,0.006,9,0.012,5,0.007,6,0.011,5,0.012,1,0.003,1,0.004,2,0.011
Region 1,Region 43,2,0.012,1,0.011,1,0.015,0,0,1,0.009,0,0,1,0.002,2,0.003,5,0.006,4,0.006,5,0.009,5,0.009,3,0.005,8,0.013,12,0.019,6,0.009,3,0.004,4,0.005,8,0.011,8,0.015,2,0.005,6,0.016,3,0.011,1,0.006
Region 1,Region 44,1,0.006,1,0.011,1,0.015,0,0,0,0,0,0,0,0,5,0.006,3,0.004,5,0.007,3,0.005,5,0.009,5,0.008,5,0.008,7,0.011,9,0.013,3,0.004,5,0.006,6,0.008,6,0.011,5,0.012,4,0.011,2,0.008,4,0.022
Region 1,Region 45,6,0.036,4,0.044,2,0.03,2,0.029,0,0,0,0,5,0.01,8,0.01,15,0.018,15,0.021,23,0.039,13,0.022,32,0.052,28,0.046,27,0.043,18,0.026,34,0.049,49,0.063,55,0.075,46,0.085,19,0.044,23,0.063,15,0.057,7,0.039
Region 1,Region 46,20,0.12,12,0.132,5,0.075,10,0.143,24,0.204,48,0.186,60,0.123,76,0.096,91,0.106,59,0.083,82,0.141,78,0.134,95,0.155,99,0.161,101,0.162,118,0.172,134,0.193,148,0.19,112,0.152,98,0.18,70,0.161,57,0.156,51,0.194,21,0.116
Region 1,Region 47,3,0.018,0,0,2,0.03,0,0,2,0.017,1,0.004,3,0.006,3,0.004,7,0.008,6,0.008,6,0.01,4,0.007,11,0.018,9,0.015,9,0.014,7,0.01,11,0.016,13,0.017,15,0.02,12,0.022,5,0.012,6,0.016,5,0.019,5,0.028
Region 1,Region 48,2,0.012,0,0,1,0.015,0,0,0,0,1,0.004,3,0.006,1,0.001,2,0.002,0,0,2,0.003,3,0.005,1,0.002,1,0.002,2,0.003,3,0.004,0,0,1,0.001,7,0.01,1,0.002,4,0.009,7,0.019,2,0.008,0,0
Region 1,Region 49,3,0.018,0,0,1,0.015,0,0,0,0,0,0,1,0.002,1,0.001,0,0,1,0.001,0,0,3,0.005,0,0,6,0.01,0,0,3,0.004,3,0.004,3,0.004,3,0.004,5,0.009,4,0.009,2,0.005,4,0.015,1,0.006
Region 1,Region 50,2,0.012,2,0.022,0,0,0,0,2,0.017,0,0,5,0.01,7,0.009,17,0.02,6,0.008,10,0.017,5,0.009,5,0.008,14,0.023,7,0.011,13,0.019,17,0.024,18,0.023,17,0.023,18,0.033,11,0.025,15,0.041,3,0.011,5,0.028
Region 1,Region 51,9,0.054,13,0.143,3,0.045,7,0.1,4,0.034,11,0.043,35,0.071,109,0.138,67,0.078,65,0.092,61,0.105,46,0.079,56,0.091,72,0.117,82,0.132,70,0.102,57,0.082,61,0.078,91,0.124,67,0.123,61,0.14,28,0.077,30,0.114,16,0.088
Region 1,Region 52,0,0,1,0.011,0,0,0,0,0,0,0,0,2,0.004,4,0.005,6,0.007,4,0.006,5,0.009,3,0.005,8,0.013,6,0.01,6,0.01,14,0.02,13,0.019,9,0.012,7,0.01,8,0.015,5,0.012,7,0.019,3,0.011,3,0.017
Region 1,Region 53,0,0,1,0.011,0,0,0,0,0,0,0,0,0,0,0,0,0,0,1,0.001,1,0.002,1,0.002,0,0,0,0,1,0.002,0,0,1,0.001,0,0,2,0.003,0,0,0,0,0,0,0,0,0,0
Region 1,Region 54,32,0.192,13,0.143,6,0.09,8,0.114,3,0.026,7,0.027,12,0.025,29,0.037,38,0.044,44,0.062,46,0.079,66,0.113,73,0.119,89,0.145,85,0.137,88,0.128,84,0.121,105,0.135,91,0.124,78,0.144,73,0.168,74,0.203,48,0.182,38,0.21
Region 1,Region 55,1,0.006,0,0,0,0,1,0.014,0,0,4,0.016,2,0.004,2,0.003,11,0.013,8,0.011,9,0.015,6,0.01,2,0.003,6,0.01,8,0.013,4,0.006,6,0.009,8,0.01,6,0.008,12,0.022,6,0.014,6,0.016,2,0.008,2,0.011
Region 1,Region 56,2,0.012,0,0,0,0,0,0,0,0,0,0,1,0.002,0,0,1,0.001,1,0.001,0,0,1,0.002,2,0.003,1,0.002,0,0,4,0.006,2,0.003,2,0.003,5,0.007,1,0.002,2,0.005,2,0.005,1,0.004,0,0
Region 1,Region 57,3,0.018,0,0,2,0.03,0,0,0,0,1,0.004,3,0.006,4,0.005,3,0.004,1,0.001,2,0.003,4,0.007,14,0.023,12,0.02,18,0.029,17,0.025,13,0.019,15,0.019,16,0.022,17,0.031,14,0.032,10,0.027,6,0.023,4,0.022
Region 1,Region 58,7,0.042,8,0.088,6,0.09,7,0.1,2,0.017,6,0.023,17,0.035,27,0.034,28,0.033,9,0.013,22,0.038,23,0.039,31,0.05,38,0.062,33,0.053,46,0.067,27,0.039,33,0.042,41,0.056,32,0.059,22,0.051,12,0.033,11,0.042,12,0.066
Region 1,Region 59,1,0.006,0,0,1,0.015,1,0.014,0,0,0,0,5,0.01,3,0.004,7,0.008,5,0.007,0,0,4,0.007,6,0.01,10,0.016,9,0.014,5,0.007,7,0.01,17,0.022,8,0.011,13,0.024,10,0.023,5,0.014,1,0.004,2,0.011
Region 1,Region 60,2,0.012,1,0.011,1,0.015,1,0.014,0,0,2,0.008,6,0.012,5,0.006,10,0.012,4,0.006,10,0.017,7,0.012,11,0.018,15,0.024,11,0.018,8,0.012,19,0.027,15,0.019,15,0.02,10,0.018,12,0.028,7,0.019,8,0.03,0,0
Region 1,Region 61,3,0.018,1,0.011,1,0.015,0,0,1,0.009,0,0,0,0,4,0.005,1,0.001,2,0.003,5,0.009,9,0.015,8,0.013,7,0.011,12,0.019,4,0.006,8,0.012,14,0.018,18,0.024,8,0.015,5,0.012,5,0.014,9,0.034,0,0
Region 1,Region 62,2,0.012,0,0,0,0,0,0,0,0,0,0,0,0,1,0.001,0,0,0,0,0,0,3,0.005,0,0,0,0,2,0.003,1,0.001,0,0,1,0.001,1,0.001,0,0,1,0.002,0,0,0,0,1,0.006
Region 1,Region 63,1,0.006,2,0.022,0,0,0,0,0,0,2,0.008,1,0.002,3,0.004,2,0.002,3,0.004,1,0.002,3,0.005,4,0.007,0,0,0,0,3,0.004,3,0.004,4,0.005,5,0.007,2,0.004,0,0,0,0,1,0.004,0,0
Region 1,Region 64,0,0,0,0,1,0.015,0,0,0,0,0,0,0,0,1,0.001,0,0,0,0,2,0.003,0,0,1,0.002,2,0.003,2,0.003,1,0.001,2,0.003,1,0.001,2,0.003,3,0.006,1,0.002,2,0.005,2,0.008,2,0.011
Region 1,Region 65,21,0.126,10,0.11,3,0.045,3,0.043,2,0.017,4,0.016,16,0.033,52,0.066,86,0.1,97,0.137,97,0.166,87,0.149,95,0.155,89,0.145,99,0.159,77,0.112,73,0.105,67,0.086,104,0.141,69,0.127,62,0.143,45,0.123,40,0.152,28,0.155
Region 1,Region 66,19,0.114,9,0.099,5,0.075,6,0.086,5,0.043,5,0.019,12,0.025,28,0.036,30,0.035,54,0.076,36,0.062,36,0.062,65,0.106,70,0.114,63,0.101,64,0.093,74,0.107,70,0.09,90,0.122,63,0.116,70,0.161,47,0.129,36,0.137,33,0.182
Region 1,Region 67,0,0,0,0,0,0,0,0,0,0,0,0,0,0,0,0,0,0,1,0.001,1,0.002,0,0,1,0.002,0,0,0,0,0,0,0,0,2,0.003,0,0,1,0.002,0,0,2,0.005,1,0.004,0,0
Region 1,Region 68,2,0.012,0,0,0,0,0,0,0,0,0,0,3,0.006,7,0.009,10,0.012,2,0.003,3,0.005,1,0.002,7,0.011,9,0.015,3,0.005,7,0.01,14,0.02,15,0.019,15,0.02,5,0.009,3,0.007,0,0,3,0.011,1,0.006
Region 1,Region 69,2,0.012,1,0.011,1,0.015,0,0,0,0,0,0,5,0.01,7,0.009,6,0.007,5,0.007,6,0.01,4,0.007,7,0.011,4,0.007,8,0.013,7,0.01,4,0.006,9,0.012,7,0.01,3,0.006,4,0.009,9,0.025,5,0.019,2,0.011
Region 1,Region 70,0,0,0,0,0,0,0,0,0,0,0,0,0,0,2,0.003,2,0.002,0,0,0,0,1,0.002,6,0.01,0,0,3,0.005,2,0.003,1,0.001,3,0.004,2,0.003,1,0.002,1,0.002,1,0.003,1,0.004,0,0
Region 1,Region 71,0,0,0,0,0,0,1,0.014,1,0.009,1,0.004,7,0.014,8,0.01,12,0.014,6,0.008,8,0.014,19,0.033,7,0.011,5,0.008,4,0.006,9,0.013,12,0.017,14,0.018,10,0.014,6,0.011,5,0.012,3,0.008,0,0,4,0.022
Region 1,Region 72,65,0.39,34,0.374,18,0.269,16,0.228,15,0.128,28,0.109,67,0.137,112,0.142,239,0.279,165,0.233,138,0.237,159,0.273,205,0.334,194,0.316,263,0.423,283,0.413,263,0.379,274,0.352,300,0.408,239,0.44,169,0.389,160,0.438,130,0.494,109,0.603
Region 2,Region 0,0,0,0,0,0,0,0,0,0,0,1,0.004,1,0.002,1,0.001,0,0,0,0,1,0.002,1,0.002,1,0.002,0,0,0,0,1,0.001,0,0,0,0,0,0,0,0,0,0,0,0,0,0,0,0
Region 2,Region 1,0,0,2,0.022,1,0.015,1,0.014,0,0,0,0,4,0.008,6,0.008,7,0.008,2,0.003,4,0.007,6,0.01,3,0.005,3,0.005,4,0.006,8,0.012,6,0.009,8,0.01,6,0.008,3,0.006,3,0.007,4,0.011,5,0.019,1,0.006
Region 2,Region 2,9,0.054,4,0.044,9,0.135,1,0.014,1,0.009,1,0.004,4,0.008,39,0.049,44,0.051,20,0.028,34,0.058,30,0.051,35,0.057,31,0.05,33,0.053,49,0.071,43,0.062,41,0.053,37,0.05,30,0.055,24,0.055,25,0.068,9,0.034,15,0.083
Region 2,Region 3,0,0,1,0.011,0,0,0,0,0,0,1,0.004,0,0,0,0,0,0,1,0.001,0,0,1,0.002,0,0,0,0,1,0.002,2,0.003,1,0.001,0,0,0,0,1,0.002,0,0,1,0.003,1,0.004,0,0
Region 2,Region 4,1,0.006,0,0,1,0.015,0,0,0,0,1,0.004,1,0.002,0,0,0,0,0,0,0,0,0,0,0,0,1,0.002,0,0,1,0.001,0,0,1,0.001,1,0.001,0,0,0,0,1,0.003,2,0.008,1,0.006
Region 2,Region 5,0,0,0,0,0,0,0,0,0,0,0,0,0,0,1,0.001,0,0,0,0,0,0,1,0.002,0,0,0,0,3,0.005,4,0.006,2,0.003,1,0.001,2,0.003,0,0,1,0.002,0,0,0,0,0,0
Region 2,Region 6,1,0.006,0,0,1,0.015,0,0,0,0,1,0.004,0,0,3,0.004,3,0.004,2,0.003,5,0.009,7,0.012,3,0.005,6,0.01,3,0.005,3,0.004,3,0.004,4,0.005,6,0.008,1,0.002,2,0.005,4,0.011,3,0.011,0,0
Region 2,Region 7,2,0.012,1,0.011,0,0,0,0,0,0,0,0,0,0,1,0.001,4,0.005,3,0.004,2,0.003,2,0.003,0,0,3,0.005,3,0.005,2,0.003,4,0.006,5,0.006,1,0.001,5,0.009,4,0.009,2,0.005,2,0.008,2,0.011
Region 2,Region 8,0,0,0,0,0,0,0,0,0,0,0,0,0,0,0,0,1,0.001,0,0,0,0,0,0,0,0,0,0,0,0,0,0,0,0,0,0,0,0,0,0,0,0,0,0,0,0,0,0
Region 2,Region 9,2,0.012,0,0,0,0,0,0,0,0,0,0,0,0,0,0,0,0,1,0.001,0,0,2,0.003,1,0.002,0,0,0,0,1,0.001,0,0,0,0,0,0,1,0.002,0,0,0,0,1,0.004,1,0.006
Region 2,Region 10,0,0,0,0,0,0,0,0,0,0,1,0.004,3,0.006,3,0.004,4,0.005,4,0.006,1,0.002,1,0.002,2,0.003,1,0.002,3,0.005,3,0.004,0,0,0,0,1,0.001,1,0.002,0,0,0,0,1,0.004,3,0.017
Region 2,Region 11,0,0,0,0,0,0,0,0,0,0,0,0,0,0,0,0,0,0,0,0,0,0,0,0,0,0,0,0,0,0,0,0,0,0,0,0,0,0,0,0,1,0.002,0,0,0,0,0,0
Region 2,Region 12,0,0,0,0,0,0,0,0,0,0,0,0,0,0,0,0,1,0.001,0,0,0,0,1,0.002,0,0,0,0,0,0,1,0.001,0,0,1,0.001,0,0,1,0.002,1,0.002,0,0,0,0,0,0
Region 2,Region 13,1,0.006,1,0.011,0,0,0,0,0,0,2,0.008,4,0.008,8,0.01,9,0.011,9,0.013,5,0.009,2,0.003,6,0.01,3,0.005,5,0.008,2,0.003,6,0.009,5,0.006,7,0.01,3,0.006,2,0.005,4,0.011,2,0.008,2,0.011
Region 2,Region 14,0,0,0,0,0,0,0,0,0,0,0,0,0,0,0,0,0,0,0,0,0,0,1,0.002,0,0,0,0,0,0,1,0.001,0,0,0,0,0,0,0,0,0,0,0,0,0,0,0,0
Region 2,Region 15,0,0,3,0.033,0,0,0,0,0,0,0,0,4,0.008,4,0.005,4,0.005,1,0.001,7,0.012,1,0.002,3,0.005,2,0.003,8,0.013,7,0.01,3,0.004,2,0.003,3,0.004,6,0.011,5,0.012,3,0.008,3,0.011,2,0.011
Region 2,Region 16,0,0,0,0,0,0,0,0,0,0,0,0,0,0,0,0,0,0,1,0.001,0,0,0,0,0,0,0,0,0,0,0,0,0,0,0,0,1,0.001,0,0,0,0,0,0,0,0,0,0
Region 2,Region 17,0,0,0,0,0,0,0,0,1,0.009,0,0,1,0.002,1,0.001,0,0,2,0.003,0,0,0,0,0,0,0,0,0,0,3,0.004,0,0,2,0.003,1,0.001,0,0,0,0,1,0.003,0,0,0,0
Region 2,Region 18,0,0,0,0,0,0,0,0,0,0,0,0,0,0,1,0.001,0,0,0,0,0,0,0,0,0,0,0,0,0,0,0,0,0,0,0,0,0,0,0,0,0,0,0,0,0,0,0,0
Region 2,Region 19,1,0.006,1,0.011,0,0,0,0,0,0,0,0,1,0.002,2,0.003,0,0,0,0,0,0,1,0.002,0,0,0,0,0,0,0,0,0,0,0,0,0,0,1,0.002,0,0,0,0,0,0,1,0.006
Region 2,Region 20,0,0,0,0,0,0,0,0,0,0,1,0.004,0,0,1,0.001,0,0,1,0.001,2,0.003,2,0.003,0,0,0,0,1,0.002,0,0,0,0,1,0.001,1,0.001,0,0,1,0.002,0,0,0,0,0,0
Region 2,Region 21,0,0,0,0,0,0,0,0,0,0,0,0,0,0,0,0,0,0,0,0,0,0,0,0,0,0,0,0,0,0,3,0.004,0,0,0,0,1,0.001,0,0,0,0,0,0,0,0,0,0
Region 2,Region 22,0,0,0,0,0,0,1,0.014,0,0,0,0,1,0.002,0,0,3,0.004,0,0,3,0.005,0,0,0,0,0,0,0,0,2,0.003,2,0.003,2,0.003,1,0.001,3,0.006,0,0,1,0.003,1,0.004,1,0.006
Region 2,Region 23,1,0.006,0,0,0,0,0,0,0,0,1,0.004,0,0,1,0.001,3,0.004,0,0,0,0,1,0.002,3,0.005,0,0,1,0.002,2,0.003,5,0.007,1,0.001,0,0,0,0,0,0,1,0.003,1,0.004,0,0
Region 2,Region 24,0,0,1,0.011,0,0,0,0,0,0,0,0,0,0,2,0.003,1,0.001,0,0,0,0,0,0,1,0.002,2,0.003,1,0.002,1,0.001,2,0.003,0,0,5,0.007,0,0,5,0.012,1,0.003,0,0,1,0.006
Region 2,Region 25,0,0,0,0,0,0,0,0,0,0,0,0,0,0,0,0,1,0.001,0,0,2,0.003,1,0.002,0,0,0,0,0,0,1,0.001,0,0,0,0,0,0,0,0,0,0,0,0,1,0.004,0,0
Region 2,Region 26,0,0,0,0,0,0,0,0,0,0,0,0,0,0,0,0,2,0.002,1,0.001,2,0.003,0,0,0,0,0,0,0,0,0,0,0,0,0,0,0,0,0,0,0,0,0,0,0,0,0,0
Region 2,Region 27,3,0.018,1,0.011,1,0.015,2,0.029,0,0,0,0,0,0,9,0.011,4,0.005,3,0.004,5,0.009,4,0.007,6,0.01,7,0.011,9,0.014,8,0.012,12,0.017,10,0.013,5,0.007,8,0.015,8,0.018,3,0.008,3,0.011,1,0.006
Region 2,Region 28,0,0,1,0.011,0,0,0,0,0,0,0,0,1,0.002,1,0.001,1,0.001,0,0,2,0.003,0,0,0,0,0,0,1,0.002,0,0,0,0,0,0,1,0.001,2,0.004,0,0,2,0.005,1,0.004,0,0
Region 2,Region 29,3,0.018,2,0.022,3,0.045,0,0,1,0.009,9,0.035,6,0.012,6,0.008,16,0.019,17,0.024,10,0.017,16,0.027,20,0.033,13,0.021,15,0.024,22,0.032,18,0.026,19,0.024,17,0.023,13,0.024,10,0.023,19,0.052,7,0.027,9,0.05
Region 2,Region 30,2,0.012,0,0,0,0,0,0,1,0.009,0,0,0,0,2,0.003,3,0.004,2,0.003,0,0,1,0.002,1,0.002,0,0,0,0,0,0,1,0.001,1,0.001,1,0.001,1,0.002,0,0,1,0.003,1,0.004,0,0
Region 2,Region 31,1,0.006,0,0,0,0,0,0,0,0,0,0,0,0,2,0.003,3,0.004,1,0.001,2,0.003,5,0.009,1,0.002,0,0,1,0.002,0,0,1,0.001,1,0.001,0,0,0,0,0,0,5,0.014,2,0.008,1,0.006
Region 2,Region 32,0,0,0,0,0,0,0,0,0,0,0,0,0,0,0,0,1,0.001,0,0,0,0,0,0,0,0,0,0,0,0,0,0,1,0.001,0,0,0,0,0,0,0,0,0,0,0,0,0,0
Region 2,Region 33,0,0,0,0,0,0,0,0,0,0,1,0.004,2,0.004,5,0.006,4,0.005,5,0.007,3,0.005,0,0,1,0.002,2,0.003,0,0,1,0.001,0,0,0,0,3,0.004,0,0,1,0.002,0,0,0,0,2,0.011
Region 2,Region 34,0,0,0,0,0,0,1,0.014,0,0,2,0.008,8,0.016,7,0.009,14,0.016,9,0.013,8,0.014,4,0.007,1,0.002,7,0.011,6,0.01,5,0.007,8,0.012,3,0.004,1,0.001,4,0.007,1,0.002,2,0.005,5,0.019,3,0.017
Region 2,Region 35,0,0,0,0,0,0,0,0,0,0,0,0,0,0,1,0.001,1,0.001,0,0,1,0.002,0,0,0,0,2,0.003,0,0,1,0.001,0,0,0,0,1,0.001,0,0,0,0,3,0.008,1,0.004,1,0.006
Region 2,Region 36,0,0,0,0,0,0,0,0,0,0,0,0,0,0,0,0,3,0.004,0,0,2,0.003,1,0.002,3,0.005,3,0.005,0,0,0,0,1,0.001,2,0.003,2,0.003,0,0,0,0,0,0,0,0,0,0
Region 2,Region 37,0,0,0,0,0,0,0,0,0,0,0,0,0,0,0,0,1,0.001,2,0.003,0,0,3,0.005,0,0,3,0.005,1,0.002,0,0,0,0,0,0,1,0.001,1,0.002,0,0,0,0,1,0.004,2,0.011
Region 2,Region 38,0,0,0,0,0,0,0,0,1,0.009,0,0,0,0,5,0.006,3,0.004,2,0.003,0,0,1,0.002,2,0.003,3,0.005,0,0,1,0.001,0,0,1,0.001,0,0,1,0.002,1,0.002,0,0,1,0.004,0,0
Region 2,Region 39,1,0.006,0,0,0,0,0,0,1,0.009,0,0,0,0,0,0,3,0.004,1,0.001,3,0.005,3,0.005,2,0.003,6,0.01,1,0.002,1,0.001,2,0.003,1,0.001,2,0.003,2,0.004,1,0.002,2,0.005,1,0.004,0,0
Region 2,Region 40,2,0.012,2,0.022,2,0.03,2,0.029,0,0,1,0.004,2,0.004,4,0.005,6,0.007,1,0.001,5,0.009,6,0.01,3,0.005,3,0.005,5,0.008,7,0.01,9,0.013,6,0.008,12,0.016,4,0.007,3,0.007,8,0.022,3,0.011,2,0.011
Region 2,Region 41,3,0.018,1,0.011,1,0.015,0,0,0,0,2,0.008,6,0.012,4,0.005,6,0.007,3,0.004,3,0.005,3,0.005,4,0.007,6,0.01,5,0.008,3,0.004,5,0.007,10,0.013,4,0.005,4,0.007,5,0.012,4,0.011,2,0.008,3,0.017
Region 2,Region 42,0,0,0,0,0,0,0,0,0,0,1,0.004,0,0,0,0,0,0,1,0.001,0,0,0,0,1,0.002,0,0,0,0,0,0,0,0,0,0,0,0,0,0,0,0,0,0,0,0,0,0
Region 2,Region 43,0,0,2,0.022,1,0.015,0,0,0,0,0,0,1,0.002,6,0.008,6,0.007,2,0.003,3,0.005,4,0.007,6,0.01,4,0.007,5,0.008,7,0.01,11,0.016,9,0.012,5,0.007,5,0.009,6,0.014,3,0.008,5,0.019,1,0.006
Region 2,Region 44,1,0.006,0,0,0,0,0,0,0,0,1,0.004,1,0.002,1,0.001,0,0,1,0.001,1,0.002,2,0.003,0,0,0,0,0,0,0,0,1,0.001,2,0.003,0,0,2,0.004,1,0.002,1,0.003,1,0.004,0,0
Region 2,Region 45,0,0,0,0,0,0,0,0,1,0.009,0,0,0,0,0,0,0,0,2,0.003,3,0.005,1,0.002,1,0.002,1,0.002,1,0.002,3,0.004,2,0.003,0,0,2,0.003,3,0.006,2,0.005,4,0.011,0,0,0,0
Region 2,Region 46,2,0.012,2,0.022,1,0.015,1,0.014,2,0.017,2,0.008,4,0.008,3,0.004,4,0.005,1,0.001,3,0.005,4,0.007,3,0.005,3,0.005,0,0,1,0.001,4,0.006,7,0.009,6,0.008,2,0.004,3,0.007,2,0.005,1,0.004,3,0.017
Region 2,Region 47,0,0,0,0,0,0,0,0,0,0,0,0,0,0,2,0.003,2,0.002,1,0.001,2,0.003,0,0,1,0.002,1,0.002,1,0.002,2,0.003,2,0.003,3,0.004,1,0.001,0,0,2,0.005,1,0.003,2,0.008,0,0
Region 2,Region 48,2,0.012,1,0.011,0,0,3,0.043,0,0,1,0.004,0,0,9,0.011,13,0.015,2,0.003,5,0.009,8,0.014,15,0.024,9,0.015,15,0.024,16,0.023,16,0.023,10,0.013,11,0.015,3,0.006,5,0.012,3,0.008,8,0.03,3,0.017
Region 2,Region 49,0,0,0,0,0,0,0,0,0,0,0,0,0,0,4,0.005,9,0.011,0,0,0,0,1,0.002,1,0.002,1,0.002,2,0.003,3,0.004,6,0.009,8,0.01,5,0.007,2,0.004,3,0.007,2,0.005,1,0.004,1,0.006
Region 2,Region 50,0,0,0,0,0,0,0,0,0,0,0,0,0,0,1,0.001,2,0.002,3,0.004,1,0.002,0,0,1,0.002,1,0.002,1,0.002,1,0.001,2,0.003,2,0.003,3,0.004,1,0.002,1,0.002,0,0,1,0.004,0,0
Region 2,Region 51,0,0,0,0,0,0,0,0,0,0,1,0.004,5,0.01,10,0.013,8,0.009,5,0.007,1,0.002,1,0.002,2,0.003,5,0.008,0,0,0,0,1,0.001,1,0.001,2,0.003,2,0.004,1,0.002,1,0.003,1,0.004,0,0
Region 2,Region 52,0,0,0,0,0,0,0,0,0,0,0,0,0,0,0,0,1,0.001,0,0,0,0,0,0,1,0.002,0,0,0,0,0,0,0,0,0,0,0,0,0,0,0,0,0,0,0,0,0,0
Region 2,Region 53,0,0,0,0,0,0,0,0,0,0,0,0,0,0,0,0,0,0,0,0,0,0,0,0,0,0,0,0,0,0,0,0,0,0,0,0,0,0,0,0,1,0.002,0,0,0,0,0,0
Region 2,Region 54,0,0,0,0,0,0,0,0,0,0,0,0,2,0.004,1,0.001,3,0.004,5,0.007,3,0.005,1,0.002,2,0.003,2,0.003,3,0.005,4,0.006,3,0.004,7,0.009,6,0.008,2,0.004,3,0.007,1,0.003,1,0.004,3,0.017
Region 2,Region 55,0,0,0,0,0,0,0,0,0,0,0,0,1,0.002,0,0,2,0.002,1,0.001,3,0.005,1,0.002,2,0.003,1,0.002,0,0,0,0,1,0.001,3,0.004,0,0,0,0,0,0,1,0.003,0,0,0,0
Region 2,Region 56,0,0,0,0,0,0,0,0,0,0,0,0,0,0,0,0,0,0,0,0,1,0.002,0,0,0,0,0,0,0,0,0,0,0,0,0,0,0,0,0,0,0,0,2,0.005,0,0,1,0.006
Region 2,Region 57,1,0.006,0,0,0,0,0,0,0,0,0,0,1,0.002,2,0.003,1,0.001,0,0,0,0,1,0.002,0,0,0,0,2,0.003,0,0,1,0.001,1,0.001,0,0,0,0,0,0,0,0,0,0,0,0
Region 2,Region 58,3,0.018,0,0,0,0,0,0,1,0.009,1,0.004,3,0.006,10,0.013,1,0.001,6,0.008,3,0.005,0,0,5,0.008,6,0.01,7,0.011,12,0.017,18,0.026,8,0.01,11,0.015,7,0.013,3,0.007,7,0.019,4,0.015,0,0
Region 2,Region 59,1,0.006,1,0.011,0,0,0,0,0,0,0,0,2,0.004,0,0,1,0.001,3,0.004,0,0,0,0,1,0.002,0,0,1,0.002,1,0.001,1,0.001,0,0,0,0,0,0,0,0,1,0.003,0,0,0,0
Region 2,Region 60,0,0,0,0,0,0,0,0,0,0,0,0,1,0.002,1,0.001,1,0.001,0,0,1,0.002,1,0.002,0,0,0,0,0,0,0,0,0,0,0,0,0,0,0,0,0,0,0,0,1,0.004,0,0
Region 2,Region 61,0,0,0,0,1,0.015,2,0.029,0,0,1,0.004,1,0.002,1,0.001,2,0.002,2,0.003,2,0.003,3,0.005,2,0.003,0,0,2,0.003,0,0,2,0.003,5,0.006,3,0.004,1,0.002,0,0,4,0.011,1,0.004,1,0.006
Region 2,Region 62,0,0,0,0,0,0,0,0,0,0,0,0,0,0,1,0.001,0,0,0,0,1,0.002,0,0,1,0.002,1,0.002,0,0,1,0.001,0,0,1,0.001,0,0,0,0,2,0.005,0,0,0,0,0,0
Region 2,Region 63,0,0,0,0,0,0,0,0,0,0,0,0,1,0.002,0,0,0,0,0,0,0,0,0,0,0,0,2,0.003,0,0,0,0,0,0,0,0,0,0,0,0,0,0,0,0,0,0,0,0
Region 2,Region 64,0,0,0,0,0,0,0,0,0,0,0,0,1,0.002,0,0,3,0.004,1,0.001,0,0,1,0.002,2,0.003,2,0.003,0,0,1,0.001,1,0.001,1,0.001,1,0.001,1,0.002,2,0.005,2,0.005,0,0,0,0
Region 2,Region 65,1,0.006,3,0.033,2,0.03,5,0.071,1,0.009,4,0.016,8,0.016,12,0.015,18,0.021,11,0.016,14,0.024,13,0.022,16,0.026,7,0.011,11,0.018,12,0.017,15,0.022,20,0.026,9,0.012,15,0.028,12,0.028,9,0.025,6,0.023,6,0.033
Region 2,Region 66,3,0.018,0,0,0,0,0,0,3,0.026,2,0.008,8,0.016,10,0.013,9,0.011,6,0.008,6,0.01,5,0.009,9,0.015,7,0.011,6,0.01,9,0.013,8,0.012,13,0.017,10,0.014,6,0.011,6,0.014,7,0.019,7,0.027,6,0.033
Region 2,Region 67,0,0,0,0,0,0,0,0,0,0,0,0,0,0,0,0,0,0,0,0,0,0,0,0,0,0,0,0,0,0,0,0,0,0,0,0,0,0,0,0,0,0,0,0,0,0,0,0
Region 2,Region 68,0,0,0,0,0,0,0,0,0,0,0,0,0,0,2,0.003,0,0,0,0,0,0,0,0,1,0.002,0,0,0,0,0,0,0,0,0,0,0,0,0,0,0,0,1,0.003,0,0,0,0
Region 2,Region 69,0,0,0,0,0,0,0,0,0,0,0,0,0,0,0,0,2,0.002,2,0.003,0,0,1,0.002,1,0.002,0,0,0,0,0,0,0,0,0,0,0,0,0,0,0,0,0,0,0,0,0,0
Region 2,Region 70,0,0,0,0,0,0,0,0,0,0,0,0,0,0,0,0,0,0,0,0,0,0,0,0,0,0,0,0,0,0,0,0,0,0,0,0,0,0,0,0,0,0,0,0,0,0,0,0
Region 2,Region 71,0,0,0,0,0,0,0,0,0,0,0,0,0,0,1,0.001,2,0.002,0,0,0,0,0,0,0,0,1,0.002,0,0,1,0.001,0,0,0,0,0,0,0,0,0,0,0,0,0,0,0,0
Region 2,Region 72,2,0.012,2,0.022,2,0.03,0,0,0,0,2,0.008,5,0.01,6,0.008,11,0.013,8,0.011,5,0.009,1,0.002,6,0.01,4,0.007,5,0.008,10,0.015,5,0.007,2,0.003,12,0.016,5,0.009,2,0.005,2,0.005,3,0.011,3,0.017
Region 3,Region 0,0,0,0,0,0,0,1,0.014,0,0,2,0.008,0,0,1,0.001,5,0.006,3,0.004,1,0.002,1,0.002,2,0.003,2,0.003,2,0.003,3,0.004,4,0.006,7,0.009,1,0.001,4,0.007,4,0.009,3,0.008,0,0,0,0
Region 3,Region 1,1,0.006,0,0,0,0,0,0,0,0,0,0,1,0.002,1,0.001,1,0.001,2,0.003,1,0.002,0,0,0,0,4,0.007,0,0,0,0,0,0,1,0.001,3,0.004,1,0.002,0,0,1,0.003,0,0,0,0
Region 3,Region 2,0,0,0,0,0,0,0,0,0,0,0,0,0,0,2,0.003,2,0.002,2,0.003,1,0.002,1,0.002,0,0,0,0,0,0,0,0,1,0.001,4,0.005,1,0.001,0,0,1,0.002,2,0.005,0,0,0,0
Region 3,Region 3,7,0.042,3,0.033,4,0.06,0,0,6,0.051,5,0.019,5,0.01,18,0.023,17,0.02,12,0.017,11,0.019,14,0.024,26,0.042,17,0.028,22,0.035,23,0.034,27,0.039,29,0.037,42,0.057,16,0.029,19,0.044,17,0.047,11,0.042,10,0.055
Region 3,Region 4,0,0,0,0,0,0,0,0,1,0.009,0,0,0,0,0,0,0,0,0,0,1,0.002,0,0,0,0,0,0,0,0,0,0,2,0.003,1,0.001,0,0,1,0.002,0,0,0,0,0,0,0,0
Region 3,Region 5,7,0.042,1,0.011,0,0,1,0.014,3,0.026,0,0,1,0.002,6,0.008,10,0.012,7,0.01,9,0.015,9,0.015,9,0.015,9,0.015,5,0.008,17,0.025,14,0.02,9,0.012,17,0.023,13,0.024,8,0.018,6,0.016,2,0.008,11,0.061
Region 3,Region 6,1,0.006,3,0.033,0,0,0,0,2,0.017,0,0,2,0.004,5,0.006,1,0.001,2,0.003,2,0.003,1,0.002,2,0.003,0,0,1,0.002,2,0.003,1,0.001,2,0.003,5,0.007,1,0.002,1,0.002,1,0.003,1,0.004,1,0.006
Region 3,Region 7,0,0,0,0,0,0,0,0,0,0,1,0.004,0,0,0,0,1,0.001,1,0.001,0,0,0,0,0,0,0,0,0,0,0,0,1,0.001,0,0,0,0,1,0.002,0,0,1,0.003,0,0,0,0
Region 3,Region 8,0,0,0,0,0,0,0,0,0,0,0,0,0,0,0,0,0,0,0,0,0,0,0,0,0,0,0,0,0,0,0,0,0,0,0,0,0,0,0,0,0,0,0,0,0,0,0,0
Region 3,Region 9,0,0,0,0,0,0,0,0,0,0,0,0,1,0.002,0,0,0,0,0,0,1,0.002,2,0.003,0,0,2,0.003,3,0.005,0,0,2,0.003,0,0,0,0,0,0,0,0,1,0.003,0,0,1,0.006
Region 3,Region 10,0,0,1,0.011,0,0,0,0,0,0,1,0.004,1,0.002,0,0,1,0.001,0,0,0,0,1,0.002,0,0,0,0,0,0,0,0,1,0.001,0,0,0,0,1,0.002,0,0,0,0,0,0,0,0
Region 3,Region 11,1,0.006,0,0,1,0.015,0,0,0,0,0,0,0,0,0,0,0,0,0,0,1,0.002,0,0,0,0,0,0,0,0,0,0,1,0.001,0,0,0,0,0,0,1,0.002,0,0,0,0,0,0
Region 3,Region 12,0,0,0,0,0,0,0,0,0,0,0,0,0,0,0,0,0,0,0,0,0,0,0,0,2,0.003,0,0,0,0,0,0,3,0.004,1,0.001,1,0.001,0,0,0,0,0,0,0,0,1,0.006
Region 3,Region 13,1,0.006,0,0,2,0.03,0,0,0,0,0,0,4,0.008,11,0.014,9,0.011,11,0.016,7,0.012,1,0.002,7,0.011,3,0.005,3,0.005,5,0.007,1,0.001,2,0.003,1,0.001,3,0.006,3,0.007,0,0,0,0,1,0.006
Region 3,Region 14,0,0,0,0,0,0,0,0,0,0,0,0,1,0.002,1,0.001,0,0,0,0,0,0,0,0,0,0,0,0,0,0,0,0,0,0,0,0,0,0,0,0,0,0,0,0,0,0,0,0
Region 3,Region 15,5,0.03,1,0.011,1,0.015,1,0.014,2,0.017,2,0.008,3,0.006,12,0.015,8,0.009,5,0.007,9,0.015,8,0.014,10,0.016,8,0.013,9,0.014,9,0.013,5,0.007,4,0.005,7,0.01,4,0.007,12,0.028,5,0.014,2,0.008,4,0.022
Region 3,Region 16,0,0,0,0,0,0,0,0,0,0,0,0,0,0,0,0,0,0,0,0,0,0,0,0,0,0,0,0,0,0,1,0.001,0,0,0,0,1,0.001,1,0.002,0,0,0,0,0,0,0,0
Region 3,Region 17,0,0,0,0,0,0,0,0,0,0,0,0,0,0,2,0.003,1,0.001,0,0,0,0,4,0.007,0,0,1,0.002,0,0,0,0,1,0.001,1,0.001,0,0,2,0.004,0,0,0,0,0,0,1,0.006
Region 3,Region 18,0,0,0,0,0,0,0,0,0,0,0,0,0,0,0,0,0,0,0,0,0,0,0,0,0,0,0,0,0,0,0,0,0,0,0,0,0,0,0,0,0,0,0,0,0,0,0,0
Region 3,Region 19,0,0,1,0.011,1,0.015,0,0,2,0.017,0,0,0,0,0,0,0,0,0,0,1,0.002,3,0.005,0,0,0,0,0,0,1,0.001,1,0.001,2,0.003,2,0.003,1,0.002,3,0.007,0,0,0,0,0,0
Region 3,Region 20,0,0,0,0,0,0,0,0,0,0,0,0,0,0,1,0.001,1,0.001,2,0.003,0,0,0,0,0,0,0,0,2,0.003,0,0,0,0,0,0,0,0,1,0.002,0,0,0,0,0,0,0,0
Region 3,Region 21,0,0,0,0,0,0,0,0,0,0,0,0,0,0,0,0,0,0,1,0.001,1,0.002,3,0.005,2,0.003,1,0.002,0,0,2,0.003,2,0.003,0,0,2,0.003,2,0.004,1,0.002,2,0.005,1,0.004,0,0
Region 3,Region 22,0,0,0,0,0,0,0,0,0,0,1,0.004,0,0,0,0,0,0,0,0,0,0,0,0,0,0,1,0.002,0,0,0,0,0,0,0,0,0,0,0,0,0,0,0,0,0,0,0,0
Region 3,Region 23,0,0,0,0,0,0,0,0,0,0,0,0,0,0,2,0.003,3,0.004,2,0.003,1,0.002,0,0,1,0.002,4,0.007,1,0.002,2,0.003,1,0.001,1,0.001,1,0.001,3,0.006,0,0,1,0.003,0,0,0,0
Region 3,Region 24,1,0.006,0,0,0,0,0,0,0,0,0,0,1,0.002,3,0.004,2,0.002,0,0,1,0.002,1,0.002,0,0,2,0.003,2,0.003,0,0,0,0,1,0.001,0,0,1,0.002,4,0.009,0,0,0,0,0,0
Region 3,Region 25,0,0,0,0,0,0,0,0,0,0,0,0,0,0,0,0,0,0,3,0.004,0,0,0,0,0,0,2,0.003,0,0,0,0,0,0,0,0,0,0,0,0,0,0,0,0,0,0,1,0.006
Region 3,Region 26,0,0,0,0,0,0,0,0,0,0,0,0,0,0,0,0,0,0,0,0,0,0,0,0,0,0,0,0,0,0,0,0,0,0,0,0,0,0,0,0,0,0,0,0,0,0,0,0
Region 3,Region 27,0,0,0,0,0,0,0,0,0,0,0,0,0,0,1,0.001,0,0,0,0,0,0,1,0.002,0,0,0,0,1,0.002,0,0,0,0,0,0,0,0,0,0,0,0,0,0,0,0,0,0
Region 3,Region 28,0,0,0,0,0,0,0,0,0,0,0,0,0,0,1,0.001,3,0.004,1,0.001,1,0.002,0,0,0,0,1,0.002,0,0,0,0,1,0.001,1,0.001,0,0,0,0,0,0,0,0,0,0,1,0.006
Region 3,Region 29,4,0.024,3,0.033,3,0.045,1,0.014,0,0,0,0,4,0.008,5,0.006,7,0.008,7,0.01,2,0.003,5,0.009,4,0.007,4,0.007,6,0.01,9,0.013,10,0.014,5,0.006,8,0.011,10,0.018,5,0.012,0,0,3,0.011,0,0
Region 3,Region 30,0,0,0,0,0,0,0,0,0,0,0,0,2,0.004,2,0.003,1,0.001,0,0,0,0,0,0,0,0,1,0.002,1,0.002,0,0,0,0,0,0,0,0,1,0.002,1,0.002,0,0,0,0,0,0
Region 3,Region 31,0,0,0,0,0,0,0,0,0,0,0,0,1,0.002,1,0.001,2,0.002,0,0,0,0,0,0,2,0.003,0,0,3,0.005,2,0.003,0,0,1,0.001,2,0.003,1,0.002,1,0.002,1,0.003,0,0,1,0.006
Region 3,Region 32,0,0,0,0,0,0,0,0,0,0,0,0,0,0,0,0,0,0,0,0,0,0,0,0,0,0,0,0,0,0,0,0,1,0.001,0,0,0,0,0,0,0,0,1,0.003,0,0,0,0
Region 3,Region 33,0,0,0,0,0,0,0,0,0,0,2,0.008,0,0,5,0.006,3,0.004,0,0,0,0,0,0,0,0,1,0.002,0,0,0,0,0,0,0,0,0,0,0,0,0,0,1,0.003,0,0,1,0.006
Region 3,Region 34,0,0,0,0,0,0,1,0.014,1,0.009,3,0.012,1,0.002,4,0.005,3,0.004,5,0.007,2,0.003,1,0.002,0,0,3,0.005,0,0,2,0.003,0,0,2,0.003,2,0.003,1,0.002,0,0,0,0,1,0.004,2,0.011
Region 3,Region 35,0,0,0,0,0,0,0,0,0,0,0,0,0,0,0,0,0,0,0,0,1,0.002,0,0,0,0,0,0,0,0,0,0,0,0,0,0,0,0,0,0,0,0,0,0,0,0,0,0
Region 3,Region 36,0,0,0,0,0,0,0,0,0,0,0,0,0,0,0,0,0,0,0,0,0,0,0,0,0,0,0,0,0,0,0,0,0,0,0,0,1,0.001,0,0,0,0,0,0,0,0,0,0
Region 3,Region 37,0,0,1,0.011,0,0,0,0,0,0,0,0,0,0,0,0,1,0.001,1,0.001,1,0.002,1,0.002,1,0.002,0,0,0,0,0,0,0,0,0,0,0,0,0,0,0,0,1,0.003,0,0,0,0
Region 3,Region 38,6,0.036,1,0.011,4,0.06,2,0.029,0,0,2,0.008,4,0.008,8,0.01,6,0.007,8,0.011,6,0.01,4,0.007,11,0.018,8,0.013,3,0.005,9,0.013,13,0.019,11,0.014,8,0.011,8,0.015,9,0.021,0,0,3,0.011,3,0.017
Region 3,Region 39,0,0,0,0,0,0,0,0,0,0,0,0,0,0,2,0.003,3,0.004,0,0,0,0,3,0.005,1,0.002,0,0,2,0.003,2,0.003,1,0.001,0,0,0,0,0,0,1,0.002,0,0,0,0,0,0
Region 3,Region 40,2,0.012,0,0,1,0.015,0,0,0,0,2,0.008,4,0.008,5,0.006,5,0.006,5,0.007,4,0.007,2,0.003,3,0.005,9,0.015,3,0.005,2,0.003,3,0.004,1,0.001,6,0.008,1,0.002,1,0.002,2,0.005,3,0.011,0,0
Region 3,Region 41,0,0,1,0.011,0,0,0,0,2,0.017,5,0.019,10,0.02,5,0.006,4,0.005,3,0.004,4,0.007,3,0.005,6,0.01,6,0.01,4,0.006,5,0.007,3,0.004,2,0.003,8,0.011,8,0.015,0,0,3,0.008,2,0.008,0,0
Region 3,Region 42,0,0,0,0,0,0,0,0,0,0,1,0.004,0,0,0,0,0,0,0,0,0,0,0,0,0,0,0,0,0,0,0,0,0,0,1,0.001,0,0,0,0,0,0,0,0,1,0.004,0,0
Region 3,Region 43,2,0.012,2,0.022,0,0,0,0,0,0,1,0.004,1,0.002,3,0.004,8,0.009,4,0.006,3,0.005,3,0.005,3,0.005,6,0.01,9,0.014,4,0.006,5,0.007,4,0.005,6,0.008,6,0.011,6,0.014,2,0.005,3,0.011,3,0.017
Region 3,Region 44,0,0,0,0,0,0,0,0,0,0,0,0,1,0.002,1,0.001,1,0.001,0,0,0,0,0,0,0,0,0,0,0,0,0,0,0,0,0,0,4,0.005,0,0,0,0,0,0,0,0,0,0
Region 3,Region 45,0,0,0,0,0,0,1,0.014,0,0,0,0,3,0.006,3,0.004,0,0,1,0.001,1,0.002,2,0.003,0,0,0,0,2,0.003,0,0,0,0,3,0.004,0,0,2,0.004,2,0.005,1,0.003,0,0,0,0
Region 3,Region 46,2,0.012,1,0.011,1,0.015,0,0,0,0,1,0.004,2,0.004,8,0.01,2,0.002,2,0.003,2,0.003,3,0.005,5,0.008,6,0.01,2,0.003,3,0.004,3,0.004,6,0.008,3,0.004,1,0.002,1,0.002,4,0.011,2,0.008,1,0.006
Region 3,Region 47,2,0.012,1,0.011,0,0,0,0,1,0.009,5,0.019,4,0.008,5,0.006,1,0.001,2,0.003,0,0,3,0.005,4,0.007,6,0.01,5,0.008,3,0.004,5,0.007,6,0.008,6,0.008,3,0.006,1,0.002,0,0,5,0.019,0,0
Region 3,Region 48,2,0.012,1,0.011,0,0,0,0,0,0,0,0,0,0,1,0.001,5,0.006,0,0,0,0,1,0.002,2,0.003,0,0,1,0.002,0,0,0,0,2,0.003,1,0.001,0,0,0,0,0,0,2,0.008,0,0
Region 3,Region 49,0,0,0,0,0,0,0,0,0,0,0,0,0,0,1,0.001,0,0,2,0.003,0,0,0,0,0,0,0,0,0,0,1,0.001,0,0,0,0,1,0.001,0,0,2,0.005,0,0,0,0,0,0
Region 3,Region 50,0,0,0,0,0,0,0,0,1,0.009,0,0,0,0,0,0,0,0,0,0,0,0,1,0.002,0,0,0,0,0,0,0,0,0,0,0,0,0,0,1,0.002,0,0,0,0,0,0,0,0
Region 3,Region 51,0,0,0,0,0,0,0,0,1,0.009,1,0.004,2,0.004,1,0.001,3,0.004,4,0.006,1,0.002,1,0.002,0,0,1,0.002,1,0.002,0,0,0,0,1,0.001,0,0,0,0,1,0.002,0,0,0,0,1,0.006
Region 3,Region 52,0,0,0,0,0,0,0,0,0,0,0,0,0,0,0,0,0,0,0,0,0,0,0,0,0,0,0,0,0,0,0,0,0,0,0,0,0,0,0,0,0,0,0,0,0,0,0,0
Region 3,Region 53,0,0,0,0,0,0,0,0,0,0,0,0,0,0,1,0.001,0,0,0,0,0,0,0,0,0,0,0,0,0,0,1,0.001,2,0.003,0,0,1,0.001,1,0.002,1,0.002,1,0.003,0,0,0,0
Region 3,Region 54,0,0,0,0,0,0,0,0,0,0,0,0,1,0.002,0,0,0,0,0,0,1,0.002,1,0.002,0,0,0,0,0,0,1,0.001,1,0.001,0,0,1,0.001,0,0,0,0,0,0,0,0,0,0
Region 3,Region 55,0,0,0,0,0,0,0,0,0,0,0,0,0,0,2,0.003,0,0,3,0.004,0,0,0,0,1,0.002,0,0,1,0.002,1,0.001,0,0,0,0,2,0.003,1,0.002,1,0.002,0,0,0,0,0,0
Region 3,Region 56,0,0,0,0,0,0,0,0,1,0.009,1,0.004,1,0.002,1,0.001,2,0.002,1,0.001,0,0,1,0.002,0,0,1,0.002,0,0,3,0.004,1,0.001,1,0.001,3,0.004,1,0.002,5,0.012,1,0.003,0,0,0,0
Region 3,Region 57,0,0,0,0,0,0,0,0,0,0,0,0,0,0,0,0,0,0,0,0,0,0,0,0,0,0,0,0,0,0,0,0,0,0,0,0,0,0,0,0,0,0,0,0,0,0,0,0
Region 3,Region 58,0,0,2,0.022,1,0.015,0,0,0,0,2,0.008,4,0.008,5,0.006,3,0.004,3,0.004,4,0.007,1,0.002,7,0.011,1,0.002,2,0.003,1,0.001,3,0.004,1,0.001,2,0.003,2,0.004,3,0.007,2,0.005,0,0,0,0
Region 3,Region 59,0,0,0,0,0,0,0,0,1,0.009,0,0,2,0.004,0,0,0,0,0,0,0,0,0,0,0,0,0,0,0,0,0,0,0,0,0,0,1,0.001,0,0,0,0,0,0,0,0,0,0
Region 3,Region 60,0,0,0,0,0,0,0,0,0,0,0,0,1,0.002,0,0,0,0,0,0,1,0.002,0,0,0,0,0,0,0,0,0,0,0,0,0,0,0,0,0,0,0,0,0,0,0,0,0,0
Region 3,Region 61,0,0,0,0,0,0,0,0,0,0,0,0,2,0.004,1,0.001,0,0,0,0,0,0,0,0,0,0,0,0,0,0,0,0,0,0,0,0,0,0,0,0,0,0,0,0,2,0.008,0,0
Region 3,Region 62,0,0,1,0.011,0,0,0,0,2,0.017,0,0,1,0.002,0,0,1,0.001,1,0.001,0,0,0,0,1,0.002,1,0.002,1,0.002,2,0.003,3,0.004,3,0.004,2,0.003,3,0.006,3,0.007,0,0,0,0,0,0
Region 3,Region 63,0,0,0,0,0,0,0,0,1,0.009,1,0.004,0,0,0,0,0,0,0,0,0,0,0,0,0,0,0,0,0,0,0,0,1,0.001,0,0,0,0,0,0,0,0,0,0,0,0,1,0.006
Region 3,Region 64,0,0,0,0,0,0,0,0,0,0,0,0,0,0,0,0,1,0.001,0,0,0,0,0,0,0,0,0,0,0,0,0,0,0,0,1,0.001,1,0.001,0,0,0,0,0,0,0,0,1,0.006
Region 3,Region 65,0,0,0,0,0,0,0,0,0,0,1,0.004,0,0,1,0.001,4,0.005,0,0,2,0.003,1,0.002,0,0,0,0,0,0,0,0,2,0.003,1,0.001,5,0.007,1,0.002,0,0,0,0,1,0.004,1,0.006
Region 3,Region 66,0,0,0,0,0,0,0,0,1,0.009,0,0,0,0,2,0.003,1,0.001,1,0.001,0,0,0,0,0,0,1,0.002,0,0,0,0,0,0,0,0,0,0,0,0,0,0,1,0.003,0,0,0,0
Region 3,Region 67,0,0,0,0,0,0,0,0,0,0,2,0.008,0,0,0,0,0,0,2,0.003,1,0.002,0,0,0,0,1,0.002,0,0,0,0,1,0.001,0,0,1,0.001,0,0,0,0,0,0,1,0.004,0,0
Region 3,Region 68,0,0,0,0,0,0,0,0,0,0,0,0,0,0,0,0,0,0,0,0,0,0,0,0,0,0,0,0,0,0,0,0,0,0,0,0,0,0,0,0,0,0,0,0,0,0,0,0
Region 3,Region 69,0,0,0,0,0,0,0,0,1,0.009,0,0,0,0,0,0,1,0.001,0,0,0,0,0,0,0,0,0,0,0,0,0,0,1,0.001,1,0.001,0,0,0,0,0,0,0,0,0,0,0,0
Region 3,Region 70,0,0,0,0,0,0,0,0,0,0,0,0,0,0,0,0,0,0,0,0,0,0,0,0,0,0,0,0,0,0,0,0,0,0,0,0,0,0,0,0,0,0,0,0,0,0,0,0
Region 3,Region 71,0,0,0,0,0,0,0,0,0,0,0,0,0,0,0,0,0,0,0,0,0,0,0,0,0,0,0,0,0,0,0,0,0,0,0,0,0,0,0,0,0,0,0,0,0,0,0,0
Region 3,Region 72,0,0,0,0,0,0,0,0,2,0.017,2,0.008,5,0.01,9,0.011,6,0.007,2,0.003,1,0.002,4,0.007,0,0,3,0.005,2,0.003,5,0.007,1,0.001,1,0.001,2,0.003,0,0,2,0.005,1,0.003,1,0.004,2,0.011
Region 4,Region 0,0,0,0,0,0,0,0,0,0,0,0,0,0,0,0,0,1,0.001,0,0,0,0,1,0.002,0,0,0,0,0,0,0,0,0,0,0,0,0,0,0,0,0,0,0,0,0,0,0,0
Region 4,Region 1,0,0,1,0.011,1,0.015,0,0,2,0.017,3,0.012,7,0.014,10,0.013,9,0.011,5,0.007,1,0.002,0,0,1,0.002,0,0,1,0.002,2,0.003,0,0,3,0.004,3,0.004,1,0.002,2,0.005,2,0.005,0,0,0,0
Region 4,Region 2,0,0,0,0,0,0,0,0,1,0.009,0,0,0,0,0,0,1,0.001,1,0.001,1,0.002,1,0.002,1,0.002,0,0,0,0,0,0,0,0,0,0,0,0,0,0,0,0,0,0,2,0.008,0,0
Region 4,Region 3,0,0,0,0,0,0,0,0,0,0,0,0,1,0.002,0,0,0,0,0,0,0,0,0,0,0,0,1,0.002,1,0.002,0,0,0,0,2,0.003,0,0,0,0,0,0,0,0,0,0,0,0
Region 4,Region 4,44,0.264,18,0.198,13,0.195,12,0.171,16,0.136,32,0.124,71,0.145,102,0.129,85,0.099,79,0.112,46,0.079,53,0.091,62,0.101,73,0.119,89,0.143,108,0.157,103,0.148,106,0.136,88,0.12,44,0.081,44,0.101,44,0.12,33,0.125,26,0.144
Region 4,Region 5,0,0,1,0.011,0,0,0,0,0,0,0,0,0,0,0,0,0,0,0,0,0,0,0,0,0,0,0,0,0,0,0,0,0,0,0,0,0,0,0,0,0,0,0,0,0,0,0,0
Region 4,Region 6,0,0,1,0.011,0,0,1,0.014,2,0.017,4,0.016,5,0.01,5,0.006,1,0.001,3,0.004,2,0.003,0,0,2,0.003,2,0.003,5,0.008,5,0.007,1,0.001,4,0.005,3,0.004,1,0.002,5,0.012,1,0.003,2,0.008,0,0
Region 4,Region 7,0,0,0,0,1,0.015,0,0,0,0,0,0,0,0,2,0.003,0,0,0,0,0,0,1,0.002,1,0.002,0,0,0,0,2,0.003,0,0,0,0,0,0,1,0.002,0,0,0,0,1,0.004,1,0.006
Region 4,Region 8,0,0,0,0,0,0,0,0,0,0,0,0,0,0,0,0,0,0,0,0,0,0,0,0,0,0,0,0,0,0,0,0,0,0,2,0.003,0,0,0,0,0,0,0,0,0,0,0,0
Region 4,Region 9,7,0.042,10,0.11,3,0.045,1,0.014,4,0.034,9,0.035,14,0.029,22,0.028,20,0.023,19,0.027,18,0.031,15,0.026,16,0.026,25,0.041,24,0.039,23,0.034,29,0.042,27,0.035,8,0.011,13,0.024,14,0.032,12,0.033,9,0.034,7,0.039
Region 4,Region 10,1,0.006,2,0.022,1,0.015,1,0.014,1,0.009,0,0,3,0.006,9,0.011,8,0.009,8,0.011,2,0.003,0,0,1,0.002,0,0,0,0,2,0.003,2,0.003,4,0.005,1,0.001,2,0.004,1,0.002,0,0,1,0.004,0,0
Region 4,Region 11,3,0.018,2,0.022,1,0.015,1,0.014,0,0,1,0.004,2,0.004,4,0.005,6,0.007,3,0.004,4,0.007,6,0.01,6,0.01,11,0.018,8,0.013,9,0.013,6,0.009,3,0.004,3,0.004,3,0.006,3,0.007,3,0.008,2,0.008,3,0.017
Region 4,Region 12,5,0.03,0,0,3,0.045,2,0.029,0,0,8,0.031,30,0.061,42,0.053,35,0.041,19,0.027,14,0.024,12,0.021,15,0.024,13,0.021,13,0.021,12,0.017,13,0.019,20,0.026,14,0.019,10,0.018,10,0.023,7,0.019,3,0.011,8,0.044
Region 4,Region 13,1,0.006,1,0.011,0,0,0,0,2,0.017,6,0.023,35,0.071,63,0.08,61,0.071,38,0.054,17,0.029,3,0.005,8,0.013,10,0.016,11,0.018,10,0.015,12,0.017,8,0.01,7,0.01,4,0.007,5,0.012,3,0.008,4,0.015,2,0.011
Region 4,Region 14,0,0,0,0,0,0,0,0,0,0,1,0.004,2,0.004,0,0,0,0,0,0,0,0,0,0,1,0.002,1,0.002,0,0,1,0.001,0,0,0,0,0,0,0,0,0,0,0,0,0,0,0,0
Region 4,Region 15,1,0.006,2,0.022,0,0,1,0.014,0,0,0,0,0,0,1,0.001,2,0.002,5,0.007,1,0.002,0,0,1,0.002,1,0.002,0,0,3,0.004,4,0.006,1,0.001,0,0,0,0,0,0,1,0.003,1,0.004,0,0
Region 4,Region 16,0,0,0,0,0,0,0,0,0,0,0,0,0,0,0,0,1,0.001,0,0,0,0,0,0,0,0,0,0,0,0,0,0,0,0,0,0,0,0,0,0,0,0,0,0,0,0,0,0
Region 4,Region 17,0,0,0,0,1,0.015,2,0.029,5,0.043,4,0.016,11,0.022,25,0.032,15,0.018,17,0.024,17,0.029,15,0.026,16,0.026,8,0.013,15,0.024,14,0.02,11,0.016,21,0.027,19,0.026,11,0.02,11,0.025,10,0.027,5,0.019,2,0.011
Region 4,Region 18,3,0.018,0,0,0,0,1,0.014,2,0.017,4,0.016,0,0,8,0.01,9,0.011,5,0.007,6,0.01,3,0.005,4,0.007,8,0.013,2,0.003,8,0.012,18,0.026,16,0.021,4,0.005,11,0.02,7,0.016,3,0.008,5,0.019,4,0.022
Region 4,Region 19,1,0.006,0,0,0,0,0,0,0,0,0,0,0,0,1,0.001,0,0,2,0.003,0,0,0,0,1,0.002,0,0,0,0,0,0,0,0,0,0,1,0.001,0,0,0,0,0,0,0,0,0,0
Region 4,Region 20,0,0,0,0,0,0,0,0,0,0,0,0,3,0.006,9,0.011,7,0.008,2,0.003,2,0.003,0,0,1,0.002,1,0.002,1,0.002,0,0,1,0.001,1,0.001,0,0,0,0,0,0,0,0,1,0.004,0,0
Region 4,Region 21,0,0,0,0,0,0,0,0,0,0,0,0,2,0.004,1,0.001,0,0,0,0,0,0,0,0,0,0,0,0,0,0,0,0,0,0,0,0,0,0,0,0,0,0,0,0,0,0,0,0
Region 4,Region 22,1,0.006,1,0.011,0,0,0,0,0,0,0,0,0,0,1,0.001,0,0,0,0,1,0.002,0,0,0,0,0,0,0,0,0,0,0,0,0,0,0,0,0,0,0,0,0,0,0,0,1,0.006
Region 4,Region 23,4,0.024,2,0.022,1,0.015,0,0,0,0,2,0.008,12,0.025,19,0.024,30,0.035,8,0.011,6,0.01,3,0.005,2,0.003,5,0.008,10,0.016,4,0.006,10,0.014,6,0.008,4,0.005,4,0.007,6,0.014,2,0.005,4,0.015,0,0
Region 4,Region 24,8,0.048,3,0.033,1,0.015,0,0,1,0.009,6,0.023,11,0.022,27,0.034,30,0.035,34,0.048,23,0.039,16,0.027,20,0.033,16,0.026,9,0.014,17,0.025,29,0.042,20,0.026,17,0.023,17,0.031,12,0.028,11,0.03,8,0.03,10,0.055
Region 4,Region 25,0,0,0,0,0,0,0,0,1,0.009,2,0.008,2,0.004,5,0.006,5,0.006,3,0.004,2,0.003,1,0.002,1,0.002,2,0.003,2,0.003,0,0,0,0,0,0,0,0,1,0.002,0,0,0,0,1,0.004,0,0
Region 4,Region 26,0,0,0,0,0,0,0,0,0,0,0,0,1,0.002,2,0.003,1,0.001,0,0,0,0,0,0,2,0.003,1,0.002,0,0,1,0.001,0,0,0,0,0,0,0,0,0,0,0,0,0,0,0,0
Region 4,Region 27,1,0.006,0,0,0,0,0,0,0,0,1,0.004,0,0,0,0,1,0.001,1,0.001,0,0,1,0.002,0,0,0,0,0,0,0,0,0,0,0,0,0,0,0,0,0,0,0,0,0,0,0,0
Region 4,Region 28,0,0,0,0,0,0,1,0.014,1,0.009,6,0.023,9,0.018,8,0.01,5,0.006,4,0.006,6,0.01,1,0.002,1,0.002,2,0.003,1,0.002,5,0.007,1,0.001,2,0.003,2,0.003,1,0.002,0,0,0,0,0,0,0,0
Region 4,Region 29,0,0,0,0,0,0,1,0.014,0,0,3,0.012,6,0.012,6,0.008,8,0.009,7,0.01,1,0.002,2,0.003,2,0.003,1,0.002,1,0.002,3,0.004,4,0.006,3,0.004,3,0.004,4,0.007,1,0.002,0,0,0,0,1,0.006
Region 4,Region 30,1,0.006,0,0,0,0,0,0,0,0,2,0.008,7,0.014,12,0.015,13,0.015,5,0.007,1,0.002,0,0,1,0.002,2,0.003,1,0.002,2,0.003,2,0.003,3,0.004,3,0.004,1,0.002,1,0.002,0,0,0,0,0,0
Region 4,Region 31,1,0.006,0,0,1,0.015,2,0.029,4,0.034,13,0.05,21,0.043,23,0.029,18,0.021,16,0.023,13,0.022,6,0.01,7,0.011,8,0.013,9,0.014,12,0.017,5,0.007,8,0.01,9,0.012,8,0.015,8,0.018,7,0.019,6,0.023,1,0.006
Region 4,Region 32,1,0.006,0,0,0,0,0,0,0,0,0,0,0,0,0,0,0,0,0,0,0,0,1,0.002,0,0,0,0,0,0,0,0,0,0,0,0,0,0,0,0,1,0.002,1,0.003,0,0,0,0
Region 4,Region 33,4,0.024,3,0.033,2,0.03,3,0.043,6,0.051,6,0.023,21,0.043,27,0.034,31,0.036,21,0.03,12,0.021,9,0.015,5,0.008,2,0.003,9,0.014,7,0.01,6,0.009,7,0.009,6,0.008,3,0.006,6,0.014,3,0.008,2,0.008,5,0.028
Region 4,Region 34,2,0.012,2,0.022,1,0.015,1,0.014,5,0.043,5,0.019,19,0.039,26,0.033,26,0.03,18,0.025,8,0.014,8,0.014,3,0.005,3,0.005,11,0.018,7,0.01,3,0.004,4,0.005,0,0,1,0.002,3,0.007,5,0.014,1,0.004,3,0.017
Region 4,Region 35,1,0.006,0,0,0,0,0,0,0,0,1,0.004,4,0.008,8,0.01,3,0.004,3,0.004,1,0.002,0,0,0,0,1,0.002,1,0.002,2,0.003,0,0,0,0,0,0,0,0,1,0.002,0,0,0,0,0,0
Region 4,Region 36,0,0,1,0.011,0,0,0,0,0,0,0,0,0,0,1,0.001,0,0,0,0,0,0,1,0.002,1,0.002,0,0,0,0,0,0,0,0,0,0,0,0,1,0.002,1,0.002,0,0,0,0,0,0
Region 4,Region 37,1,0.006,2,0.022,1,0.015,0,0,0,0,6,0.023,13,0.027,26,0.033,28,0.033,19,0.027,9,0.015,6,0.01,8,0.013,9,0.015,5,0.008,8,0.012,12,0.017,9,0.012,6,0.008,4,0.007,5,0.012,5,0.014,2,0.008,1,0.006
Region 4,Region 38,1,0.006,0,0,1,0.015,0,0,0,0,0,0,1,0.002,2,0.003,2,0.002,2,0.003,0,0,1,0.002,0,0,1,0.002,0,0,2,0.003,0,0,1,0.001,3,0.004,0,0,0,0,2,0.005,3,0.011,1,0.006
Region 4,Region 39,0,0,0,0,1,0.015,0,0,0,0,0,0,0,0,0,0,0,0,0,0,0,0,0,0,0,0,0,0,0,0,1,0.001,0,0,2,0.003,0,0,0,0,0,0,0,0,1,0.004,1,0.006
Region 4,Region 40,0,0,0,0,1,0.015,0,0,1,0.009,2,0.008,5,0.01,10,0.013,9,0.011,2,0.003,4,0.007,7,0.012,2,0.003,7,0.011,9,0.014,17,0.025,17,0.024,13,0.017,10,0.014,5,0.009,5,0.012,8,0.022,6,0.023,1,0.006
Region 4,Region 41,0,0,0,0,1,0.015,0,0,0,0,0,0,1,0.002,1,0.001,5,0.006,2,0.003,1,0.002,1,0.002,2,0.003,2,0.003,3,0.005,4,0.006,6,0.009,3,0.004,3,0.004,1,0.002,4,0.009,0,0,2,0.008,1,0.006
Region 4,Region 42,0,0,0,0,0,0,0,0,0,0,0,0,1,0.002,1,0.001,0,0,0,0,2,0.003,0,0,0,0,0,0,0,0,0,0,0,0,0,0,0,0,0,0,0,0,1,0.003,0,0,0,0
Region 4,Region 43,0,0,0,0,0,0,1,0.014,0,0,0,0,2,0.004,0,0,1,0.001,0,0,1,0.002,0,0,0,0,0,0,0,0,1,0.001,0,0,1,0.001,1,0.001,1,0.002,0,0,0,0,0,0,1,0.006
Region 4,Region 44,0,0,1,0.011,1,0.015,0,0,0,0,1,0.004,4,0.008,7,0.009,9,0.011,9,0.013,2,0.003,0,0,2,0.003,4,0.007,3,0.005,5,0.007,3,0.004,7,0.009,4,0.005,1,0.002,0,0,0,0,0,0,0,0
Region 4,Region 45,0,0,0,0,0,0,0,0,1,0.009,8,0.031,21,0.043,24,0.03,18,0.021,15,0.021,7,0.012,4,0.007,4,0.007,7,0.011,11,0.018,9,0.013,11,0.016,11,0.014,4,0.005,6,0.011,3,0.007,5,0.014,4,0.015,2,0.011
Region 4,Region 46,0,0,0,0,1,0.015,0,0,3,0.026,2,0.008,3,0.006,5,0.006,6,0.007,1,0.001,4,0.007,1,0.002,4,0.007,6,0.01,5,0.008,5,0.007,10,0.014,7,0.009,8,0.011,5,0.009,3,0.007,0,0,0,0,2,0.011
Region 4,Region 47,3,0.018,0,0,2,0.03,1,0.014,1,0.009,1,0.004,2,0.004,1,0.001,6,0.007,0,0,1,0.002,1,0.002,5,0.008,2,0.003,4,0.006,1,0.001,1,0.001,1,0.001,2,0.003,2,0.004,0,0,0,0,0,0,1,0.006
Region 4,Region 48,0,0,0,0,0,0,0,0,1,0.009,0,0,5,0.01,6,0.008,2,0.002,1,0.001,3,0.005,2,0.003,1,0.002,0,0,0,0,0,0,0,0,1,0.001,0,0,0,0,0,0,0,0,0,0,0,0
Region 4,Region 49,1,0.006,0,0,0,0,0,0,0,0,0,0,2,0.004,1,0.001,0,0,0,0,0,0,0,0,0,0,0,0,1,0.002,0,0,2,0.003,0,0,0,0,0,0,0,0,0,0,0,0,0,0
Region 4,Region 50,1,0.006,0,0,0,0,0,0,0,0,0,0,1,0.002,1,0.001,1,0.001,1,0.001,0,0,0,0,0,0,1,0.002,0,0,0,0,0,0,0,0,1,0.001,1,0.002,1,0.002,0,0,0,0,0,0
Region 4,Region 51,2,0.012,2,0.022,0,0,1,0.014,1,0.009,4,0.016,18,0.037,28,0.036,15,0.018,7,0.01,2,0.003,3,0.005,2,0.003,2,0.003,3,0.005,4,0.006,1,0.001,2,0.003,3,0.004,1,0.002,0,0,0,0,0,0,0,0
Region 4,Region 52,0,0,0,0,0,0,0,0,0,0,1,0.004,4,0.008,3,0.004,4,0.005,4,0.006,3,0.005,0,0,1,0.002,2,0.003,1,0.002,1,0.001,0,0,2,0.003,0,0,0,0,0,0,0,0,2,0.008,0,0
Region 4,Region 53,0,0,1,0.011,0,0,0,0,0,0,0,0,0,0,0,0,0,0,1,0.001,0,0,0,0,0,0,0,0,0,0,0,0,0,0,1,0.001,0,0,1,0.002,1,0.002,0,0,0,0,1,0.006
Region 4,Region 54,0,0,0,0,0,0,1,0.014,0,0,0,0,3,0.006,4,0.005,3,0.004,1,0.001,1,0.002,1,0.002,0,0,1,0.002,0,0,0,0,0,0,2,0.003,1,0.001,2,0.004,2,0.005,1,0.003,0,0,0,0
Region 4,Region 55,1,0.006,0,0,0,0,0,0,2,0.017,0,0,5,0.01,16,0.02,14,0.016,7,0.01,4,0.007,5,0.009,5,0.008,0,0,1,0.002,2,0.003,5,0.007,2,0.003,1,0.001,3,0.006,1,0.002,0,0,1,0.004,4,0.022
Region 4,Region 56,0,0,0,0,0,0,0,0,0,0,0,0,0,0,1,0.001,2,0.002,0,0,0,0,0,0,1,0.002,1,0.002,1,0.002,0,0,1,0.001,0,0,0,0,0,0,0,0,0,0,2,0.008,1,0.006
Region 4,Region 57,0,0,0,0,0,0,0,0,0,0,0,0,0,0,0,0,0,0,1,0.001,1,0.002,1,0.002,0,0,0,0,0,0,0,0,0,0,0,0,0,0,0,0,0,0,1,0.003,1,0.004,0,0
Region 4,Region 58,4,0.024,9,0.099,8,0.12,5,0.071,10,0.085,17,0.066,15,0.031,13,0.016,5,0.006,8,0.011,9,0.015,9,0.015,10,0.016,5,0.008,12,0.019,11,0.016,11,0.016,10,0.013,8,0.011,5,0.009,6,0.014,4,0.011,5,0.019,3,0.017
Region 4,Region 59,1,0.006,0,0,0,0,0,0,0,0,0,0,1,0.002,0,0,1,0.001,2,0.003,3,0.005,0,0,0,0,0,0,2,0.003,1,0.001,0,0,0,0,0,0,0,0,0,0,0,0,0,0,0,0
Region 4,Region 60,0,0,0,0,0,0,0,0,0,0,0,0,0,0,1,0.001,1,0.001,1,0.001,1,0.002,0,0,0,0,1,0.002,1,0.002,0,0,0,0,1,0.001,0,0,0,0,0,0,0,0,0,0,1,0.006
Region 4,Region 61,2,0.012,0,0,0,0,2,0.029,0,0,1,0.004,0,0,1,0.001,0,0,1,0.001,0,0,1,0.002,1,0.002,2,0.003,2,0.003,1,0.001,0,0,6,0.008,1,0.001,0,0,0,0,1,0.003,1,0.004,0,0
Region 4,Region 62,0,0,0,0,0,0,0,0,1,0.009,0,0,0,0,0,0,0,0,0,0,0,0,0,0,0,0,0,0,0,0,0,0,1,0.001,2,0.003,1,0.001,0,0,0,0,1,0.003,0,0,0,0
Region 4,Region 63,15,0.09,9,0.099,1,0.015,5,0.071,4,0.034,22,0.085,68,0.139,91,0.115,44,0.051,25,0.035,21,0.036,30,0.051,27,0.044,18,0.029,35,0.056,45,0.066,37,0.053,27,0.035,25,0.034,21,0.039,18,0.041,14,0.038,12,0.046,1,0.006
Region 4,Region 64,0,0,0,0,0,0,0,0,0,0,0,0,1,0.002,0,0,2,0.002,0,0,0,0,0,0,0,0,0,0,0,0,1,0.001,1,0.001,0,0,0,0,0,0,1,0.002,0,0,0,0,0,0
Region 4,Region 65,0,0,0,0,2,0.03,2,0.029,3,0.026,3,0.012,2,0.004,3,0.004,0,0,4,0.006,1,0.002,0,0,2,0.003,2,0.003,2,0.003,3,0.004,0,0,1,0.001,0,0,0,0,2,0.005,0,0,0,0,1,0.006
Region 4,Region 66,1,0.006,0,0,0,0,0,0,0,0,0,0,2,0.004,3,0.004,1,0.001,0,0,0,0,2,0.003,0,0,1,0.002,2,0.003,0,0,0,0,1,0.001,0,0,0,0,0,0,0,0,0,0,0,0
Region 4,Region 67,0,0,0,0,0,0,0,0,0,0,0,0,0,0,0,0,0,0,0,0,0,0,0,0,0,0,1,0.002,0,0,1,0.001,1,0.001,1,0.001,0,0,0,0,1,0.002,0,0,0,0,0,0
Region 4,Region 68,0,0,0,0,0,0,0,0,0,0,0,0,0,0,1,0.001,4,0.005,3,0.004,1,0.002,1,0.002,0,0,0,0,0,0,0,0,0,0,0,0,2,0.003,0,0,0,0,0,0,0,0,0,0
Region 4,Region 69,1,0.006,1,0.011,1,0.015,2,0.029,8,0.068,26,0.101,44,0.09,37,0.047,17,0.02,21,0.03,17,0.029,13,0.022,9,0.015,6,0.01,9,0.014,5,0.007,8,0.012,10,0.013,5,0.007,1,0.002,0,0,5,0.014,4,0.015,1,0.006
Region 4,Region 70,0,0,0,0,0,0,0,0,0,0,0,0,0,0,0,0,0,0,0,0,0,0,0,0,0,0,0,0,0,0,0,0,0,0,0,0,0,0,0,0,0,0,0,0,0,0,0,0
Region 4,Region 71,0,0,0,0,0,0,0,0,0,0,0,0,1,0.002,1,0.001,1,0.001,1,0.001,0,0,0,0,0,0,0,0,0,0,1,0.001,0,0,0,0,0,0,1,0.002,0,0,0,0,0,0,0,0
Region 4,Region 72,4,0.024,1,0.011,2,0.03,2,0.029,0,0,7,0.027,9,0.018,12,0.015,9,0.011,5,0.007,3,0.005,2,0.003,3,0.005,4,0.007,1,0.002,1,0.001,4,0.006,2,0.003,0,0,0,0,0,0,2,0.005,2,0.008,2,0.011
Region 5,Region 0,1,0.006,4,0.044,1,0.015,0,0,2,0.017,0,0,2,0.004,1,0.001,10,0.012,8,0.011,3,0.005,4,0.007,6,0.01,8,0.013,6,0.01,6,0.009,8,0.012,10,0.013,7,0.01,6,0.011,2,0.005,2,0.005,2,0.008,0,0
Region 5,Region 1,0,0,0,0,0,0,0,0,0,0,0,0,0,0,0,0,4,0.005,2,0.003,0,0,0,0,0,0,1,0.002,0,0,0,0,1,0.001,2,0.003,0,0,2,0.004,0,0,0,0,0,0,0,0
Region 5,Region 2,0,0,0,0,0,0,0,0,0,0,0,0,0,0,3,0.004,5,0.006,2,0.003,1,0.002,0,0,1,0.002,3,0.005,2,0.003,0,0,2,0.003,1,0.001,0,0,1,0.002,0,0,0,0,0,0,1,0.006
Region 5,Region 3,6,0.036,1,0.011,0,0,1,0.014,4,0.034,2,0.008,5,0.01,7,0.009,10,0.012,7,0.01,9,0.015,19,0.033,7,0.011,11,0.018,13,0.021,16,0.023,16,0.023,15,0.019,23,0.031,14,0.026,8,0.018,8,0.022,4,0.015,4,0.022
Region 5,Region 4,0,0,0,0,0,0,0,0,0,0,0,0,0,0,1,0.001,0,0,1,0.001,0,0,0,0,0,0,0,0,0,0,1,0.001,0,0,0,0,0,0,0,0,0,0,0,0,0,0,0,0
Region 5,Region 5,11,0.066,7,0.077,3,0.045,7,0.1,6,0.051,6,0.023,21,0.043,41,0.052,36,0.042,27,0.038,31,0.053,25,0.043,37,0.06,50,0.081,50,0.08,64,0.093,38,0.055,61,0.078,64,0.087,47,0.087,37,0.085,34,0.093,26,0.099,12,0.066
Region 5,Region 6,0,0,0,0,0,0,0,0,1,0.009,0,0,2,0.004,3,0.004,6,0.007,5,0.007,3,0.005,5,0.009,2,0.003,1,0.002,2,0.003,4,0.006,0,0,1,0.001,2,0.003,3,0.006,2,0.005,2,0.005,1,0.004,2,0.011
Region 5,Region 7,0,0,0,0,0,0,0,0,0,0,0,0,0,0,5,0.006,1,0.001,2,0.003,0,0,1,0.002,3,0.005,4,0.007,4,0.006,2,0.003,4,0.006,3,0.004,3,0.004,3,0.006,0,0,0,0,2,0.008,2,0.011
Region 5,Region 8,0,0,0,0,0,0,0,0,0,0,0,0,0,0,0,0,0,0,1,0.001,0,0,0,0,0,0,0,0,0,0,0,0,0,0,0,0,0,0,0,0,0,0,0,0,0,0,0,0
Region 5,Region 9,0,0,0,0,0,0,0,0,0,0,1,0.004,2,0.004,2,0.003,4,0.005,1,0.001,0,0,0,0,1,0.002,1,0.002,0,0,0,0,1,0.001,2,0.003,0,0,0,0,0,0,0,0,1,0.004,0,0
Region 5,Region 10,0,0,0,0,0,0,0,0,0,0,0,0,0,0,3,0.004,1,0.001,1,0.001,1,0.002,0,0,1,0.002,0,0,0,0,0,0,0,0,0,0,0,0,0,0,0,0,0,0,0,0,0,0
Region 5,Region 11,0,0,0,0,0,0,0,0,0,0,0,0,0,0,0,0,0,0,0,0,0,0,0,0,0,0,0,0,1,0.002,0,0,0,0,0,0,0,0,0,0,0,0,0,0,0,0,0,0
Region 5,Region 12,0,0,0,0,0,0,0,0,0,0,0,0,0,0,0,0,0,0,0,0,0,0,0,0,0,0,0,0,0,0,0,0,1,0.001,1,0.001,0,0,0,0,0,0,1,0.003,0,0,1,0.006
Region 5,Region 13,0,0,0,0,0,0,0,0,0,0,0,0,2,0.004,7,0.009,9,0.011,4,0.006,4,0.007,2,0.003,2,0.003,4,0.007,2,0.003,3,0.004,1,0.001,5,0.006,1,0.001,2,0.004,1,0.002,1,0.003,2,0.008,0,0
Region 5,Region 14,0,0,0,0,0,0,0,0,0,0,0,0,0,0,0,0,2,0.002,1,0.001,1,0.002,1,0.002,0,0,0,0,0,0,0,0,0,0,0,0,0,0,0,0,0,0,0,0,0,0,0,0
Region 5,Region 15,4,0.024,4,0.044,0,0,1,0.014,5,0.043,5,0.019,5,0.01,16,0.02,11,0.013,9,0.013,11,0.019,15,0.026,13,0.021,13,0.021,12,0.019,6,0.009,18,0.026,16,0.021,19,0.026,15,0.028,12,0.028,5,0.014,4,0.015,4,0.022
Region 5,Region 16,0,0,0,0,0,0,0,0,0,0,0,0,0,0,0,0,0,0,0,0,0,0,0,0,0,0,0,0,1,0.002,0,0,2,0.003,1,0.001,0,0,0,0,0,0,0,0,0,0,0,0
Region 5,Region 17,0,0,0,0,0,0,0,0,0,0,0,0,0,0,1,0.001,0,0,0,0,0,0,0,0,0,0,0,0,0,0,0,0,0,0,0,0,0,0,0,0,1,0.002,0,0,0,0,0,0
Region 5,Region 18,0,0,0,0,1,0.015,0,0,0,0,0,0,0,0,0,0,0,0,0,0,0,0,0,0,0,0,0,0,0,0,0,0,0,0,2,0.003,1,0.001,0,0,0,0,0,0,0,0,0,0
Region 5,Region 19,0,0,1,0.011,0,0,0,0,1,0.009,2,0.008,0,0,0,0,0,0,0,0,0,0,0,0,0,0,0,0,0,0,1,0.001,1,0.001,0,0,2,0.003,0,0,0,0,2,0.005,0,0,0,0
Region 5,Region 20,0,0,0,0,0,0,0,0,0,0,0,0,0,0,0,0,0,0,1,0.001,0,0,0,0,3,0.005,1,0.002,0,0,1,0.001,0,0,0,0,0,0,0,0,0,0,0,0,0,0,0,0
Region 5,Region 21,0,0,0,0,1,0.015,0,0,0,0,0,0,0,0,5,0.006,4,0.005,3,0.004,2,0.003,2,0.003,3,0.005,6,0.01,5,0.008,7,0.01,6,0.009,3,0.004,5,0.007,2,0.004,1,0.002,1,0.003,1,0.004,0,0
Region 5,Region 22,0,0,0,0,0,0,0,0,0,0,0,0,1,0.002,0,0,0,0,0,0,0,0,0,0,0,0,0,0,0,0,0,0,0,0,0,0,0,0,0,0,0,0,0,0,0,0,0,0
Region 5,Region 23,1,0.006,0,0,0,0,0,0,0,0,0,0,1,0.002,1,0.001,1,0.001,0,0,1,0.002,1,0.002,0,0,1,0.002,0,0,2,0.003,1,0.001,0,0,2,0.003,0,0,1,0.002,1,0.003,0,0,1,0.006
Region 5,Region 24,0,0,0,0,0,0,0,0,0,0,0,0,0,0,1,0.001,0,0,1,0.001,0,0,0,0,0,0,0,0,0,0,0,0,1,0.001,1,0.001,0,0,0,0,0,0,0,0,0,0,0,0
Region 5,Region 25,0,0,0,0,0,0,0,0,0,0,0,0,0,0,0,0,1,0.001,0,0,0,0,0,0,0,0,0,0,0,0,0,0,0,0,0,0,0,0,0,0,0,0,0,0,0,0,0,0
Region 5,Region 26,0,0,0,0,0,0,0,0,0,0,0,0,1,0.002,0,0,0,0,0,0,0,0,0,0,0,0,0,0,0,0,0,0,0,0,0,0,0,0,0,0,0,0,0,0,0,0,0,0
Region 5,Region 27,0,0,0,0,0,0,0,0,0,0,0,0,0,0,0,0,1,0.001,1,0.001,0,0,0,0,0,0,0,0,0,0,0,0,0,0,0,0,1,0.001,0,0,0,0,0,0,0,0,0,0
Region 5,Region 28,0,0,0,0,0,0,0,0,0,0,2,0.008,2,0.004,0,0,2,0.002,0,0,0,0,0,0,0,0,1,0.002,2,0.003,0,0,1,0.001,0,0,1,0.001,0,0,0,0,0,0,0,0,0,0
Region 5,Region 29,0,0,0,0,0,0,0,0,0,0,1,0.004,1,0.002,6,0.008,5,0.006,2,0.003,7,0.012,2,0.003,4,0.007,2,0.003,5,0.008,3,0.004,0,0,4,0.005,2,0.003,4,0.007,2,0.005,3,0.008,1,0.004,2,0.011
Region 5,Region 30,0,0,0,0,0,0,0,0,0,0,0,0,1,0.002,0,0,0,0,0,0,0,0,1,0.002,0,0,1,0.002,0,0,0,0,0,0,0,0,0,0,0,0,0,0,0,0,1,0.004,0,0
Region 5,Region 31,0,0,0,0,0,0,0,0,0,0,0,0,0,0,2,0.003,0,0,0,0,0,0,0,0,1,0.002,1,0.002,1,0.002,0,0,0,0,2,0.003,0,0,1,0.002,0,0,0,0,0,0,0,0
Region 5,Region 32,1,0.006,0,0,0,0,0,0,0,0,0,0,0,0,0,0,0,0,0,0,0,0,1,0.002,1,0.002,2,0.003,1,0.002,0,0,1,0.001,0,0,1,0.001,0,0,0,0,0,0,0,0,1,0.006
Region 5,Region 33,0,0,0,0,0,0,0,0,0,0,0,0,1,0.002,2,0.003,3,0.004,1,0.001,1,0.002,0,0,0,0,0,0,0,0,0,0,1,0.001,0,0,0,0,0,0,0,0,0,0,0,0,0,0
Region 5,Region 34,1,0.006,0,0,0,0,0,0,0,0,0,0,2,0.004,1,0.001,2,0.002,0,0,1,0.002,1,0.002,0,0,0,0,2,0.003,1,0.001,1,0.001,0,0,1,0.001,1,0.002,1,0.002,0,0,0,0,0,0
Region 5,Region 35,0,0,0,0,0,0,0,0,0,0,0,0,1,0.002,1,0.001,1,0.001,2,0.003,0,0,0,0,0,0,0,0,0,0,0,0,0,0,0,0,1,0.001,0,0,0,0,0,0,0,0,0,0
Region 5,Region 36,0,0,1,0.011,0,0,0,0,0,0,0,0,0,0,0,0,0,0,1,0.001,1,0.002,1,0.002,1,0.002,0,0,0,0,0,0,0,0,0,0,0,0,0,0,0,0,0,0,0,0,0,0
Region 5,Region 37,0,0,0,0,0,0,0,0,0,0,0,0,0,0,1,0.001,1,0.001,0,0,1,0.002,1,0.002,0,0,0,0,1,0.002,0,0,0,0,0,0,0,0,0,0,0,0,0,0,0,0,0,0
Region 5,Region 38,1,0.006,0,0,1,0.015,0,0,0,0,1,0.004,1,0.002,3,0.004,9,0.011,8,0.011,4,0.007,4,0.007,2,0.003,3,0.005,0,0,9,0.013,6,0.009,8,0.01,4,0.005,3,0.006,2,0.005,1,0.003,2,0.008,0,0
Region 5,Region 39,0,0,0,0,0,0,0,0,0,0,1,0.004,0,0,8,0.01,6,0.007,1,0.001,3,0.005,3,0.005,1,0.002,3,0.005,6,0.01,3,0.004,4,0.006,2,0.003,2,0.003,3,0.006,2,0.005,1,0.003,1,0.004,1,0.006
Region 5,Region 40,3,0.018,0,0,0,0,0,0,0,0,1,0.004,5,0.01,3,0.004,6,0.007,0,0,0,0,3,0.005,11,0.018,3,0.005,1,0.002,1,0.001,1,0.001,2,0.003,2,0.003,6,0.011,3,0.007,4,0.011,1,0.004,3,0.017
Region 5,Region 41,1,0.006,1,0.011,0,0,0,0,1,0.009,5,0.019,4,0.008,10,0.013,5,0.006,7,0.01,3,0.005,4,0.007,5,0.008,2,0.003,2,0.003,3,0.004,6,0.009,6,0.008,2,0.003,2,0.004,5,0.012,6,0.016,2,0.008,4,0.022
Region 5,Region 42,0,0,0,0,0,0,0,0,0,0,0,0,0,0,0,0,0,0,0,0,1,0.002,0,0,0,0,0,0,0,0,0,0,0,0,0,0,0,0,0,0,0,0,0,0,0,0,0,0
Region 5,Region 43,3,0.018,1,0.011,0,0,1,0.014,0,0,1,0.004,2,0.004,7,0.009,13,0.015,7,0.01,3,0.005,7,0.012,4,0.007,4,0.007,5,0.008,6,0.009,4,0.006,5,0.006,4,0.005,1,0.002,1,0.002,1,0.003,1,0.004,3,0.017
Region 5,Region 44,0,0,0,0,1,0.015,0,0,0,0,0,0,2,0.004,0,0,0,0,0,0,0,0,0,0,0,0,0,0,0,0,1,0.001,0,0,0,0,2,0.003,0,0,0,0,0,0,1,0.004,0,0
Region 5,Region 45,0,0,0,0,0,0,1,0.014,0,0,1,0.004,1,0.002,0,0,0,0,0,0,1,0.002,1,0.002,0,0,0,0,1,0.002,2,0.003,0,0,2,0.003,0,0,0,0,0,0,0,0,0,0,0,0
Region 5,Region 46,0,0,0,0,0,0,1,0.014,1,0.009,0,0,0,0,4,0.005,6,0.007,2,0.003,2,0.003,4,0.007,3,0.005,6,0.01,4,0.006,3,0.004,6,0.009,0,0,3,0.004,1,0.002,4,0.009,4,0.011,2,0.008,0,0
Region 5,Region 47,1,0.006,0,0,1,0.015,0,0,0,0,0,0,0,0,4,0.005,0,0,3,0.004,1,0.002,1,0.002,0,0,1,0.002,2,0.003,5,0.007,6,0.009,4,0.005,1,0.001,2,0.004,1,0.002,2,0.005,1,0.004,1,0.006
Region 5,Region 48,0,0,0,0,0,0,1,0.014,0,0,0,0,0,0,2,0.003,0,0,2,0.003,0,0,0,0,1,0.002,0,0,1,0.002,0,0,0,0,1,0.001,0,0,0,0,0,0,0,0,0,0,0,0
Region 5,Region 49,0,0,0,0,0,0,0,0,1,0.009,0,0,0,0,2,0.003,0,0,1,0.001,3,0.005,1,0.002,0,0,0,0,0,0,0,0,0,0,0,0,0,0,0,0,0,0,0,0,1,0.004,0,0
Region 5,Region 50,0,0,0,0,0,0,0,0,0,0,0,0,0,0,0,0,1,0.001,0,0,0,0,0,0,0,0,0,0,0,0,1,0.001,0,0,0,0,0,0,0,0,0,0,0,0,0,0,0,0
Region 5,Region 51,0,0,0,0,0,0,0,0,0,0,0,0,0,0,0,0,0,0,1,0.001,1,0.002,1,0.002,0,0,0,0,0,0,0,0,0,0,0,0,0,0,0,0,0,0,1,0.003,0,0,0,0
Region 5,Region 52,0,0,0,0,0,0,0,0,0,0,0,0,0,0,0,0,0,0,0,0,0,0,0,0,0,0,0,0,0,0,0,0,1,0.001,0,0,0,0,0,0,0,0,0,0,0,0,0,0
Region 5,Region 53,0,0,0,0,0,0,1,0.014,0,0,0,0,0,0,1,0.001,4,0.005,0,0,1,0.002,0,0,1,0.002,0,0,1,0.002,1,0.001,0,0,1,0.001,0,0,1,0.002,1,0.002,0,0,0,0,0,0
Region 5,Region 54,0,0,0,0,0,0,0,0,0,0,0,0,0,0,0,0,1,0.001,1,0.001,2,0.003,0,0,0,0,0,0,0,0,0,0,0,0,2,0.003,0,0,0,0,0,0,0,0,0,0,0,0
Region 5,Region 55,0,0,0,0,0,0,0,0,0,0,0,0,0,0,0,0,0,0,2,0.003,3,0.005,0,0,1,0.002,0,0,0,0,1,0.001,1,0.001,2,0.003,0,0,0,0,1,0.002,0,0,0,0,0,0
Region 5,Region 56,2,0.012,0,0,0,0,0,0,0,0,0,0,0,0,0,0,2,0.002,2,0.003,1,0.002,3,0.005,2,0.003,1,0.002,4,0.006,1,0.001,3,0.004,2,0.003,3,0.004,4,0.007,1,0.002,1,0.003,3,0.011,2,0.011
Region 5,Region 57,0,0,0,0,0,0,0,0,0,0,1,0.004,0,0,0,0,0,0,1,0.001,0,0,0,0,0,0,0,0,0,0,0,0,0,0,0,0,0,0,0,0,0,0,0,0,0,0,0,0
Region 5,Region 58,0,0,0,0,0,0,0,0,0,0,4,0.016,0,0,2,0.003,2,0.002,1,0.001,1,0.002,3,0.005,1,0.002,2,0.003,3,0.005,2,0.003,1,0.001,4,0.005,5,0.007,3,0.006,2,0.005,0,0,3,0.011,0,0
Region 5,Region 59,0,0,0,0,0,0,0,0,1,0.009,0,0,0,0,0,0,0,0,0,0,0,0,0,0,1,0.002,0,0,0,0,0,0,0,0,0,0,0,0,0,0,0,0,0,0,0,0,0,0
Region 5,Region 60,0,0,0,0,0,0,0,0,0,0,0,0,0,0,0,0,0,0,0,0,0,0,0,0,0,0,0,0,0,0,0,0,0,0,0,0,1,0.001,0,0,0,0,0,0,0,0,0,0
Region 5,Region 61,0,0,0,0,0,0,0,0,0,0,1,0.004,0,0,1,0.001,2,0.002,2,0.003,0,0,1,0.002,1,0.002,1,0.002,0,0,1,0.001,0,0,0,0,0,0,0,0,0,0,0,0,1,0.004,1,0.006
Region 5,Region 62,2,0.012,0,0,0,0,0,0,1,0.009,1,0.004,2,0.004,3,0.004,5,0.006,4,0.006,4,0.007,1,0.002,9,0.015,9,0.015,9,0.014,9,0.013,15,0.022,15,0.019,8,0.011,5,0.009,4,0.009,0,0,5,0.019,5,0.028
Region 5,Region 63,0,0,0,0,0,0,0,0,0,0,0,0,0,0,0,0,0,0,0,0,0,0,0,0,0,0,0,0,0,0,0,0,1,0.001,0,0,0,0,0,0,0,0,0,0,0,0,0,0
Region 5,Region 64,0,0,0,0,0,0,0,0,0,0,0,0,0,0,0,0,0,0,0,0,0,0,0,0,5,0.008,2,0.003,1,0.002,0,0,1,0.001,0,0,1,0.001,1,0.002,1,0.002,0,0,0,0,0,0
Region 5,Region 65,0,0,0,0,0,0,0,0,1,0.009,0,0,2,0.004,0,0,0,0,0,0,0,0,1,0.002,0,0,1,0.002,0,0,1,0.001,0,0,0,0,0,0,1,0.002,0,0,0,0,1,0.004,0,0
Region 5,Region 66,0,0,0,0,0,0,0,0,0,0,0,0,0,0,0,0,1,0.001,0,0,0,0,0,0,1,0.002,0,0,4,0.006,0,0,0,0,0,0,1,0.001,0,0,0,0,0,0,0,0,0,0
Region 5,Region 67,0,0,0,0,0,0,0,0,1,0.009,0,0,2,0.004,0,0,1,0.001,0,0,0,0,1,0.002,1,0.002,0,0,0,0,1,0.001,2,0.003,3,0.004,1,0.001,0,0,0,0,0,0,0,0,1,0.006
Region 5,Region 68,0,0,0,0,0,0,0,0,0,0,0,0,0,0,0,0,0,0,0,0,0,0,0,0,0,0,0,0,0,0,0,0,0,0,0,0,0,0,0,0,0,0,0,0,0,0,0,0
Region 5,Region 69,0,0,0,0,0,0,0,0,0,0,0,0,0,0,0,0,1,0.001,0,0,0,0,0,0,0,0,0,0,0,0,0,0,0,0,0,0,0,0,0,0,0,0,0,0,0,0,0,0
Region 5,Region 70,0,0,0,0,0,0,0,0,0,0,0,0,0,0,0,0,0,0,0,0,0,0,0,0,0,0,0,0,0,0,0,0,0,0,0,0,0,0,0,0,0,0,0,0,0,0,0,0
Region 5,Region 71,0,0,0,0,0,0,0,0,0,0,0,0,0,0,0,0,0,0,0,0,0,0,0,0,0,0,1,0.002,0,0,0,0,0,0,0,0,0,0,0,0,0,0,0,0,0,0,0,0
Region 5,Region 72,0,0,0,0,1,0.015,0,0,0,0,1,0.004,2,0.004,5,0.006,4,0.005,1,0.001,0,0,3,0.005,0,0,2,0.003,2,0.003,1,0.001,0,0,3,0.004,3,0.004,0,0,0,0,3,0.008,2,0.008,0,0
Region 6,Region 0,1,0.006,1,0.011,0,0,0,0,1,0.009,1,0.004,0,0,7,0.009,10,0.012,4,0.006,4,0.007,3,0.005,4,0.007,5,0.008,6,0.01,2,0.003,5,0.007,5,0.006,5,0.007,3,0.006,1,0.002,4,0.011,1,0.004,0,0
Region 6,Region 1,1,0.006,1,0.011,0,0,0,0,0,0,1,0.004,4,0.008,12,0.015,18,0.021,6,0.008,3,0.005,4,0.007,3,0.005,2,0.003,1,0.002,1,0.001,2,0.003,7,0.009,3,0.004,1,0.002,1,0.002,0,0,0,0,4,0.022
Region 6,Region 2,1,0.006,2,0.022,0,0,0,0,0,0,0,0,5,0.01,5,0.006,9,0.011,5,0.007,3,0.005,2,0.003,4,0.007,3,0.005,2,0.003,1,0.001,2,0.003,2,0.003,2,0.003,9,0.017,4,0.009,3,0.008,4,0.015,0,0
Region 6,Region 3,1,0.006,0,0,2,0.03,0,0,0,0,0,0,1,0.002,1,0.001,3,0.004,3,0.004,7,0.012,4,0.007,2,0.003,2,0.003,1,0.002,3,0.004,1,0.001,3,0.004,6,0.008,2,0.004,0,0,4,0.011,4,0.015,2,0.011
Region 6,Region 4,0,0,0,0,0,0,0,0,2,0.017,5,0.019,7,0.014,2,0.003,3,0.004,4,0.006,8,0.014,7,0.012,6,0.01,1,0.002,2,0.003,2,0.003,3,0.004,3,0.004,6,0.008,3,0.006,1,0.002,2,0.005,0,0,0,0
Region 6,Region 5,1,0.006,1,0.011,0,0,0,0,0,0,1,0.004,1,0.002,10,0.013,10,0.012,6,0.008,5,0.009,2,0.003,5,0.008,3,0.005,5,0.008,8,0.012,8,0.012,5,0.006,8,0.011,10,0.018,3,0.007,2,0.005,3,0.011,1,0.006
Region 6,Region 6,64,0.384,27,0.297,22,0.329,33,0.47,61,0.52,124,0.481,214,0.437,346,0.439,428,0.5,285,0.403,321,0.55,300,0.514,316,0.514,327,0.532,336,0.54,389,0.567,474,0.682,562,0.723,595,0.809,283,0.521,173,0.398,134,0.367,93,0.353,67,0.37
Region 6,Region 7,1,0.006,1,0.011,1,0.015,0,0,0,0,3,0.012,7,0.014,19,0.024,23,0.027,17,0.024,11,0.019,10,0.017,11,0.018,15,0.024,15,0.024,13,0.019,22,0.032,14,0.018,16,0.022,22,0.041,14,0.032,4,0.011,5,0.019,5,0.028
Region 6,Region 8,0,0,0,0,0,0,0,0,0,0,0,0,0,0,0,0,1,0.001,0,0,0,0,0,0,0,0,0,0,1,0.002,1,0.001,1,0.001,0,0,0,0,0,0,0,0,0,0,0,0,0,0
Region 6,Region 9,19,0.114,13,0.143,8,0.12,7,0.1,15,0.128,15,0.058,37,0.076,57,0.072,54,0.063,41,0.058,34,0.058,18,0.031,18,0.029,26,0.042,24,0.039,37,0.054,29,0.042,36,0.046,30,0.041,22,0.041,15,0.035,13,0.036,16,0.061,15,0.083
Region 6,Region 10,0,0,0,0,0,0,0,0,0,0,0,0,0,0,6,0.008,6,0.007,2,0.003,4,0.007,2,0.003,3,0.005,4,0.007,2,0.003,2,0.003,0,0,3,0.004,5,0.007,1,0.002,1,0.002,2,0.005,0,0,1,0.006
Region 6,Region 11,1,0.006,2,0.022,0,0,0,0,0,0,0,0,0,0,1,0.001,2,0.002,1,0.001,1,0.002,0,0,0,0,0,0,0,0,0,0,0,0,2,0.003,2,0.003,1,0.002,0,0,0,0,0,0,0,0
Region 6,Region 12,1,0.006,1,0.011,0,0,0,0,0,0,2,0.008,5,0.01,7,0.009,5,0.006,5,0.007,5,0.009,0,0,0,0,0,0,1,0.002,1,0.001,2,0.003,0,0,0,0,4,0.007,1,0.002,0,0,0,0,0,0
Region 6,Region 13,4,0.024,5,0.055,1,0.015,0,0,2,0.017,17,0.066,26,0.053,64,0.081,90,0.105,54,0.076,42,0.072,25,0.043,19,0.031,16,0.026,16,0.026,18,0.026,23,0.033,15,0.019,12,0.016,7,0.013,9,0.021,8,0.022,1,0.004,1,0.006
Region 6,Region 14,0,0,0,0,0,0,0,0,0,0,0,0,0,0,8,0.01,4,0.005,1,0.001,1,0.002,1,0.002,0,0,1,0.002,0,0,1,0.001,0,0,0,0,0,0,0,0,0,0,0,0,0,0,0,0
Region 6,Region 15,297,1.783,195,2.143,152,2.275,161,2.295,307,2.615,588,2.28,1050,2.144,1317,1.671,1232,1.439,1068,1.511,866,1.485,731,1.253,652,1.061,627,1.021,689,1.107,722,1.053,650,0.936,685,0.881,664,0.903,658,1.212,515,1.186,450,1.232,306,1.162,256,1.415
Region 6,Region 16,5,0.03,1,0.011,1,0.015,0,0,0,0,1,0.004,5,0.01,9,0.011,8,0.009,7,0.01,4,0.007,4,0.007,5,0.008,4,0.007,5,0.008,6,0.009,11,0.016,13,0.017,16,0.022,9,0.017,7,0.016,5,0.014,3,0.011,5,0.028
Region 6,Region 17,2,0.012,0,0,0,0,0,0,1,0.009,1,0.004,5,0.01,4,0.005,4,0.005,8,0.011,5,0.009,3,0.005,2,0.003,5,0.008,2,0.003,2,0.003,3,0.004,7,0.009,2,0.003,8,0.015,0,0,3,0.008,3,0.011,0,0
Region 6,Region 18,2,0.012,0,0,0,0,1,0.014,1,0.009,2,0.008,3,0.006,3,0.004,2,0.002,2,0.003,3,0.005,2,0.003,1,0.002,0,0,0,0,0,0,0,0,0,0,2,0.003,2,0.004,0,0,0,0,0,0,0,0
Region 6,Region 19,9,0.054,6,0.066,5,0.075,0,0,5,0.043,16,0.062,30,0.061,26,0.033,27,0.032,19,0.027,19,0.033,14,0.024,24,0.039,21,0.034,22,0.035,15,0.022,14,0.02,20,0.026,22,0.03,22,0.041,16,0.037,23,0.063,19,0.072,10,0.055
Region 6,Region 20,0,0,0,0,0,0,0,0,0,0,0,0,3,0.006,5,0.006,8,0.009,4,0.006,2,0.003,1,0.002,3,0.005,1,0.002,1,0.002,2,0.003,4,0.006,3,0.004,2,0.003,0,0,0,0,0,0,1,0.004,0,0
Region 6,Region 21,1,0.006,0,0,0,0,0,0,0,0,0,0,1,0.002,1,0.001,1,0.001,2,0.003,2,0.003,1,0.002,0,0,2,0.003,2,0.003,0,0,1,0.001,1,0.001,0,0,2,0.004,0,0,1,0.003,2,0.008,2,0.011
Region 6,Region 22,8,0.048,2,0.022,4,0.06,3,0.043,3,0.026,2,0.008,9,0.018,22,0.028,25,0.029,28,0.04,21,0.036,21,0.036,18,0.029,20,0.033,28,0.045,25,0.036,28,0.04,26,0.033,27,0.037,20,0.037,20,0.046,20,0.055,18,0.068,9,0.05
Region 6,Region 23,4,0.024,0,0,0,0,0,0,0,0,0,0,5,0.01,7,0.009,9,0.011,11,0.016,9,0.015,7,0.012,8,0.013,5,0.008,9,0.014,6,0.009,6,0.009,7,0.009,6,0.008,6,0.011,3,0.007,4,0.011,5,0.019,0,0
Region 6,Region 24,1,0.006,0,0,0,0,0,0,0,0,2,0.008,7,0.014,7,0.009,12,0.014,9,0.013,16,0.027,11,0.019,9,0.015,5,0.008,11,0.018,19,0.028,13,0.019,23,0.03,17,0.023,11,0.02,5,0.012,4,0.011,1,0.004,1,0.006
Region 6,Region 25,0,0,0,0,0,0,0,0,0,0,1,0.004,0,0,4,0.005,12,0.014,3,0.004,2,0.003,2,0.003,2,0.003,0,0,1,0.002,0,0,1,0.001,2,0.003,3,0.004,1,0.002,1,0.002,1,0.003,2,0.008,1,0.006
Region 6,Region 26,0,0,0,0,0,0,0,0,1,0.009,0,0,1,0.002,1,0.001,7,0.008,0,0,0,0,2,0.003,0,0,1,0.002,1,0.002,0,0,1,0.001,0,0,1,0.001,3,0.006,1,0.002,0,0,0,0,1,0.006
Region 6,Region 27,3,0.018,4,0.044,1,0.015,0,0,0,0,0,0,6,0.012,13,0.016,14,0.016,8,0.011,6,0.01,4,0.007,5,0.008,5,0.008,6,0.01,6,0.009,8,0.012,14,0.018,9,0.012,5,0.009,2,0.005,1,0.003,0,0,2,0.011
Region 6,Region 28,1,0.006,1,0.011,0,0,0,0,0,0,0,0,2,0.004,9,0.011,12,0.014,8,0.011,3,0.005,3,0.005,3,0.005,1,0.002,0,0,2,0.003,0,0,2,0.003,3,0.004,5,0.009,1,0.002,1,0.003,0,0,0,0
Region 6,Region 29,6,0.036,5,0.055,1,0.015,2,0.029,3,0.026,4,0.016,12,0.025,17,0.022,37,0.043,42,0.059,34,0.058,18,0.031,25,0.041,18,0.029,19,0.031,20,0.029,18,0.026,23,0.03,20,0.027,13,0.024,9,0.021,7,0.019,7,0.027,8,0.044
Region 6,Region 30,0,0,0,0,0,0,0,0,0,0,0,0,1,0.002,5,0.006,8,0.009,1,0.001,1,0.002,1,0.002,0,0,3,0.005,3,0.005,0,0,0,0,1,0.001,1,0.001,3,0.006,0,0,0,0,0,0,0,0
Region 6,Region 31,0,0,1,0.011,1,0.015,0,0,1,0.009,0,0,3,0.006,4,0.005,9,0.011,4,0.006,3,0.005,4,0.007,7,0.011,4,0.007,1,0.002,2,0.003,1,0.001,4,0.005,6,0.008,7,0.013,2,0.005,2,0.005,3,0.011,1,0.006
Region 6,Region 32,1,0.006,2,0.022,0,0,0,0,0,0,1,0.004,1,0.002,4,0.005,3,0.004,6,0.008,4,0.007,7,0.012,6,0.01,7,0.011,4,0.006,3,0.004,3,0.004,9,0.012,11,0.015,3,0.006,8,0.018,6,0.016,4,0.015,1,0.006
Region 6,Region 33,1,0.006,3,0.033,3,0.045,2,0.029,2,0.017,9,0.035,15,0.031,49,0.062,18,0.021,16,0.023,21,0.036,7,0.012,3,0.005,1,0.002,3,0.005,4,0.006,4,0.006,3,0.004,11,0.015,12,0.022,4,0.009,3,0.008,4,0.015,2,0.011
Region 6,Region 34,0,0,1,0.011,1,0.015,0,0,3,0.026,5,0.019,6,0.012,23,0.029,16,0.019,12,0.017,7,0.012,4,0.007,5,0.008,1,0.002,2,0.003,1,0.001,3,0.004,4,0.005,7,0.01,7,0.013,4,0.009,1,0.003,1,0.004,1,0.006
Region 6,Region 35,0,0,2,0.022,1,0.015,0,0,0,0,1,0.004,1,0.002,3,0.004,3,0.004,3,0.004,2,0.003,1,0.002,0,0,0,0,0,0,0,0,0,0,2,0.003,1,0.001,2,0.004,2,0.005,1,0.003,0,0,1,0.006
Region 6,Region 36,5,0.03,5,0.055,1,0.015,0,0,4,0.034,12,0.047,26,0.053,32,0.041,37,0.043,41,0.058,32,0.055,26,0.045,29,0.047,21,0.034,27,0.043,24,0.035,33,0.047,42,0.054,42,0.057,36,0.066,26,0.06,19,0.052,12,0.046,2,0.011
Region 6,Region 37,1,0.006,0,0,0,0,0,0,1,0.009,3,0.012,4,0.008,2,0.003,5,0.006,19,0.027,12,0.021,4,0.007,9,0.015,4,0.007,5,0.008,4,0.006,2,0.003,8,0.01,6,0.008,5,0.009,2,0.005,1,0.003,0,0,1,0.006
Region 6,Region 38,2,0.012,1,0.011,0,0,0,0,0,0,0,0,6,0.012,4,0.005,4,0.005,9,0.013,6,0.01,9,0.015,4,0.007,3,0.005,0,0,8,0.012,6,0.009,6,0.008,4,0.005,4,0.007,5,0.012,0,0,0,0,4,0.022
Region 6,Region 39,15,0.09,10,0.11,3,0.045,6,0.086,10,0.085,11,0.043,40,0.082,49,0.062,57,0.067,57,0.081,67,0.115,58,0.099,48,0.078,45,0.073,53,0.085,47,0.069,58,0.083,56,0.072,64,0.087,61,0.112,31,0.071,27,0.074,18,0.068,11,0.061
Region 6,Region 40,11,0.066,11,0.121,13,0.195,9,0.128,20,0.17,32,0.124,52,0.106,60,0.076,63,0.074,85,0.12,80,0.137,63,0.108,39,0.063,32,0.052,58,0.093,67,0.098,55,0.079,69,0.089,63,0.086,53,0.098,35,0.081,22,0.06,23,0.087,17,0.094
Region 6,Region 41,12,0.072,5,0.055,4,0.06,5,0.071,15,0.128,31,0.12,37,0.076,25,0.032,62,0.072,72,0.102,87,0.149,49,0.084,50,0.081,32,0.052,41,0.066,48,0.07,50,0.072,51,0.066,63,0.086,48,0.088,10,0.023,7,0.019,8,0.03,9,0.05
Region 6,Region 42,0,0,0,0,0,0,0,0,0,0,0,0,0,0,1,0.001,1,0.001,0,0,0,0,1,0.002,0,0,0,0,0,0,0,0,0,0,0,0,1,0.001,0,0,0,0,1,0.003,0,0,1,0.006
Region 6,Region 43,1,0.006,0,0,0,0,0,0,0,0,1,0.004,6,0.012,5,0.006,13,0.015,14,0.02,15,0.026,16,0.027,12,0.02,2,0.003,8,0.013,9,0.013,6,0.009,11,0.014,17,0.023,17,0.031,11,0.025,7,0.019,3,0.011,7,0.039
Region 6,Region 44,4,0.024,0,0,0,0,1,0.014,3,0.026,0,0,6,0.012,7,0.009,14,0.016,11,0.016,9,0.015,1,0.002,4,0.007,1,0.002,3,0.005,9,0.013,7,0.01,7,0.009,12,0.016,6,0.011,2,0.005,4,0.011,2,0.008,3,0.017
Region 6,Region 45,1,0.006,0,0,0,0,0,0,0,0,2,0.008,7,0.014,4,0.005,9,0.011,6,0.008,13,0.022,7,0.012,4,0.007,4,0.007,4,0.006,6,0.009,10,0.014,11,0.014,10,0.014,10,0.018,2,0.005,5,0.014,5,0.019,0,0
Region 6,Region 46,2,0.012,0,0,2,0.03,1,0.014,3,0.026,5,0.019,20,0.041,36,0.046,36,0.042,29,0.041,16,0.027,11,0.019,11,0.018,7,0.011,6,0.01,12,0.017,10,0.014,14,0.018,11,0.015,7,0.013,4,0.009,2,0.005,5,0.019,1,0.006
Region 6,Region 47,3,0.018,3,0.033,2,0.03,2,0.029,3,0.026,5,0.019,5,0.01,22,0.028,22,0.026,10,0.014,8,0.014,7,0.012,3,0.005,5,0.008,10,0.016,4,0.006,4,0.006,4,0.005,6,0.008,6,0.011,2,0.005,1,0.003,1,0.004,2,0.011
Region 6,Region 48,2,0.012,0,0,0,0,0,0,0,0,2,0.008,5,0.01,13,0.016,14,0.016,12,0.017,9,0.015,11,0.019,10,0.016,13,0.021,13,0.021,6,0.009,11,0.016,14,0.018,16,0.022,15,0.028,10,0.023,12,0.033,4,0.015,4,0.022
Region 6,Region 49,7,0.042,2,0.022,2,0.03,0,0,1,0.009,3,0.012,7,0.014,15,0.019,19,0.022,16,0.023,15,0.026,6,0.01,11,0.018,20,0.033,18,0.029,29,0.042,13,0.019,17,0.022,29,0.039,23,0.042,18,0.041,8,0.022,8,0.03,6,0.033
Region 6,Region 50,0,0,0,0,0,0,0,0,1,0.009,1,0.004,3,0.006,6,0.008,5,0.006,6,0.008,5,0.009,4,0.007,3,0.005,1,0.002,5,0.008,5,0.007,3,0.004,6,0.008,5,0.007,5,0.009,4,0.009,1,0.003,2,0.008,1,0.006
Region 6,Region 51,1,0.006,0,0,0,0,1,0.014,1,0.009,0,0,3,0.006,2,0.003,5,0.006,5,0.007,4,0.007,1,0.002,1,0.002,3,0.005,4,0.006,2,0.003,3,0.004,2,0.003,1,0.001,2,0.004,3,0.007,1,0.003,1,0.004,1,0.006
Region 6,Region 52,0,0,0,0,0,0,0,0,0,0,0,0,0,0,0,0,0,0,0,0,0,0,0,0,0,0,0,0,0,0,0,0,0,0,0,0,0,0,0,0,0,0,0,0,0,0,0,0
Region 6,Region 53,4,0.024,2,0.022,3,0.045,1,0.014,0,0,0,0,3,0.006,6,0.008,7,0.008,3,0.004,9,0.015,2,0.003,7,0.011,8,0.013,5,0.008,3,0.004,5,0.007,4,0.005,3,0.004,4,0.007,6,0.014,7,0.019,3,0.011,2,0.011
Region 6,Region 54,1,0.006,1,0.011,1,0.015,0,0,0,0,0,0,4,0.008,8,0.01,13,0.015,5,0.007,5,0.009,1,0.002,1,0.002,3,0.005,6,0.01,4,0.006,2,0.003,1,0.001,6,0.008,3,0.006,4,0.009,1,0.003,3,0.011,1,0.006
Region 6,Region 55,1,0.006,1,0.011,0,0,0,0,0,0,2,0.008,1,0.002,9,0.011,11,0.013,4,0.006,4,0.007,6,0.01,0,0,2,0.003,1,0.002,1,0.001,1,0.001,4,0.005,1,0.001,1,0.002,1,0.002,1,0.003,1,0.004,1,0.006
Region 6,Region 56,2,0.012,2,0.022,2,0.03,1,0.014,0,0,6,0.023,8,0.016,10,0.013,13,0.015,12,0.017,10,0.017,13,0.022,14,0.023,21,0.034,11,0.018,14,0.02,12,0.017,16,0.021,21,0.029,25,0.046,16,0.037,9,0.025,6,0.023,1,0.006
Region 6,Region 57,0,0,0,0,0,0,0,0,0,0,0,0,2,0.004,1,0.001,1,0.001,1,0.001,3,0.005,0,0,0,0,2,0.003,3,0.005,0,0,1,0.001,1,0.001,2,0.003,2,0.004,0,0,0,0,0,0,1,0.006
Region 6,Region 58,186,1.117,140,1.539,111,1.661,120,1.711,181,1.541,444,1.722,750,1.532,801,1.016,683,0.798,603,0.853,534,0.915,516,0.885,516,0.84,490,0.798,473,0.76,411,0.599,322,0.463,419,0.539,456,0.62,534,0.983,408,0.94,327,0.895,250,0.949,193,1.067
Region 6,Region 59,5,0.03,4,0.044,2,0.03,2,0.029,6,0.051,10,0.039,12,0.025,26,0.033,25,0.029,23,0.033,13,0.022,16,0.027,15,0.024,14,0.023,8,0.013,10,0.015,15,0.022,17,0.022,17,0.023,17,0.031,15,0.035,4,0.011,7,0.027,4,0.022
Region 6,Region 60,2,0.012,0,0,0,0,0,0,0,0,0,0,1,0.002,4,0.005,2,0.002,1,0.001,1,0.002,1,0.002,2,0.003,2,0.003,2,0.003,2,0.003,1,0.001,0,0,0,0,1,0.002,1,0.002,1,0.003,1,0.004,0,0
Region 6,Region 61,38,0.228,25,0.275,29,0.434,34,0.485,36,0.307,91,0.353,135,0.276,174,0.221,150,0.175,136,0.192,162,0.278,142,0.243,168,0.273,167,0.272,138,0.222,141,0.206,148,0.213,165,0.212,147,0.2,122,0.225,99,0.228,103,0.282,77,0.292,38,0.21
Region 6,Region 62,5,0.03,2,0.022,2,0.03,2,0.029,3,0.026,10,0.039,23,0.047,46,0.058,42,0.049,35,0.05,34,0.058,28,0.048,21,0.034,11,0.018,13,0.021,21,0.031,19,0.027,18,0.023,24,0.033,20,0.037,16,0.037,16,0.044,10,0.038,7,0.039
Region 6,Region 63,0,0,1,0.011,1,0.015,1,0.014,1,0.009,3,0.012,4,0.008,6,0.008,4,0.005,1,0.001,4,0.007,1,0.002,0,0,0,0,0,0,2,0.003,0,0,1,0.001,0,0,0,0,1,0.002,2,0.005,2,0.008,0,0
Region 6,Region 64,19,0.114,12,0.132,9,0.135,6,0.086,8,0.068,18,0.07,39,0.08,51,0.065,57,0.067,43,0.061,47,0.081,54,0.093,61,0.099,55,0.09,66,0.106,68,0.099,62,0.089,50,0.064,46,0.063,44,0.081,34,0.078,26,0.071,23,0.087,15,0.083
Region 6,Region 65,0,0,0,0,0,0,0,0,0,0,0,0,5,0.01,16,0.02,19,0.022,10,0.014,6,0.01,2,0.003,2,0.003,3,0.005,0,0,1,0.001,2,0.003,0,0,7,0.01,2,0.004,0,0,1,0.003,1,0.004,0,0
Region 6,Region 66,1,0.006,0,0,0,0,0,0,0,0,1,0.004,2,0.004,13,0.016,9,0.011,4,0.006,4,0.007,0,0,2,0.003,3,0.005,4,0.006,2,0.003,4,0.006,5,0.006,2,0.003,3,0.006,1,0.002,1,0.003,3,0.011,1,0.006
Region 6,Region 67,1,0.006,1,0.011,0,0,0,0,1,0.009,2,0.008,7,0.014,8,0.01,14,0.016,2,0.003,3,0.005,5,0.009,2,0.003,2,0.003,5,0.008,8,0.012,7,0.01,9,0.012,12,0.016,0,0,6,0.014,5,0.014,3,0.011,1,0.006
Region 6,Region 68,0,0,0,0,0,0,0,0,0,0,0,0,2,0.004,5,0.006,7,0.008,3,0.004,1,0.002,0,0,1,0.002,0,0,1,0.002,1,0.001,2,0.003,1,0.001,1,0.001,0,0,0,0,1,0.003,1,0.004,0,0
Region 6,Region 69,0,0,0,0,0,0,0,0,0,0,0,0,2,0.004,0,0,4,0.005,0,0,0,0,1,0.002,1,0.002,0,0,1,0.002,0,0,0,0,2,0.003,0,0,0,0,0,0,0,0,0,0,0,0
Region 6,Region 70,0,0,0,0,0,0,0,0,0,0,0,0,0,0,1,0.001,0,0,1,0.001,0,0,0,0,0,0,0,0,0,0,2,0.003,0,0,1,0.001,0,0,1,0.002,0,0,0,0,1,0.004,0,0
Region 6,Region 71,0,0,0,0,0,0,0,0,0,0,0,0,3,0.006,9,0.011,2,0.002,2,0.003,0,0,1,0.002,0,0,5,0.008,1,0.002,1,0.001,1,0.001,2,0.003,1,0.001,1,0.002,1,0.002,1,0.003,0,0,0,0
Region 6,Region 72,3,0.018,1,0.011,1,0.015,2,0.029,1,0.009,2,0.008,9,0.018,16,0.02,16,0.019,7,0.01,6,0.01,4,0.007,4,0.007,2,0.003,5,0.008,6,0.009,4,0.006,4,0.005,3,0.004,5,0.009,3,0.007,4,0.011,4,0.015,5,0.028
Region 7,Region 0,0,0,1,0.011,2,0.03,0,0,0,0,0,0,0,0,1,0.001,4,0.005,3,0.004,3,0.005,0,0,2,0.003,4,0.007,2,0.003,7,0.01,3,0.004,7,0.009,3,0.004,7,0.013,5,0.012,3,0.008,3,0.011,1,0.006
Region 7,Region 1,1,0.006,0,0,0,0,0,0,0,0,0,0,0,0,2,0.003,2,0.002,2,0.003,1,0.002,2,0.003,4,0.007,1,0.002,1,0.002,0,0,2,0.003,0,0,1,0.001,1,0.002,1,0.002,0,0,1,0.004,0,0
Region 7,Region 2,1,0.006,0,0,0,0,0,0,0,0,1,0.004,0,0,4,0.005,6,0.007,3,0.004,1,0.002,6,0.01,9,0.015,5,0.008,3,0.005,2,0.003,2,0.003,8,0.01,6,0.008,2,0.004,2,0.005,4,0.011,0,0,3,0.017
Region 7,Region 3,0,0,0,0,1,0.015,0,0,0,0,0,0,0,0,0,0,1,0.001,2,0.003,0,0,0,0,0,0,0,0,0,0,1,0.001,0,0,1,0.001,0,0,1,0.002,1,0.002,0,0,1,0.004,0,0
Region 7,Region 4,0,0,0,0,0,0,0,0,0,0,3,0.012,1,0.002,2,0.003,0,0,0,0,0,0,1,0.002,0,0,1,0.002,0,0,0,0,0,0,0,0,0,0,0,0,0,0,1,0.003,0,0,0,0
Region 7,Region 5,0,0,0,0,1,0.015,3,0.043,0,0,0,0,0,0,1,0.001,1,0.001,2,0.003,3,0.005,2,0.003,1,0.002,1,0.002,2,0.003,2,0.003,5,0.007,3,0.004,3,0.004,0,0,1,0.002,0,0,2,0.008,1,0.006
Region 7,Region 6,7,0.042,3,0.033,0,0,0,0,2,0.017,3,0.012,10,0.02,14,0.018,14,0.016,12,0.017,12,0.021,10,0.017,18,0.029,14,0.023,17,0.027,16,0.023,18,0.026,24,0.031,16,0.022,14,0.026,12,0.028,12,0.033,16,0.061,3,0.017
Region 7,Region 7,18,0.108,2,0.022,1,0.015,3,0.043,2,0.017,4,0.016,13,0.027,40,0.051,26,0.03,17,0.024,17,0.029,24,0.041,25,0.041,17,0.028,29,0.047,33,0.048,30,0.043,43,0.055,47,0.064,29,0.053,23,0.053,16,0.044,17,0.065,10,0.055
Region 7,Region 8,0,0,0,0,0,0,0,0,0,0,0,0,0,0,0,0,0,0,0,0,0,0,0,0,0,0,0,0,0,0,0,0,0,0,0,0,0,0,0,0,0,0,0,0,0,0,0,0
Region 7,Region 9,0,0,0,0,1,0.015,0,0,0,0,1,0.004,1,0.002,1,0.001,0,0,1,0.001,0,0,0,0,1,0.002,2,0.003,1,0.002,1,0.001,1,0.001,2,0.003,2,0.003,1,0.002,0,0,1,0.003,0,0,0,0
Region 7,Region 10,0,0,1,0.011,0,0,0,0,0,0,0,0,1,0.002,2,0.003,0,0,0,0,2,0.003,0,0,2,0.003,3,0.005,0,0,0,0,0,0,0,0,2,0.003,2,0.004,0,0,0,0,0,0,2,0.011
Region 7,Region 11,0,0,0,0,0,0,0,0,0,0,0,0,0,0,0,0,0,0,0,0,0,0,0,0,0,0,0,0,0,0,0,0,0,0,0,0,0,0,0,0,0,0,0,0,0,0,0,0
Region 7,Region 12,0,0,0,0,0,0,0,0,0,0,1,0.004,0,0,0,0,1,0.001,0,0,0,0,1,0.002,0,0,0,0,0,0,0,0,0,0,1,0.001,0,0,0,0,0,0,0,0,0,0,0,0
Region 7,Region 13,5,0.03,0,0,2,0.03,0,0,1,0.009,2,0.008,5,0.01,11,0.014,25,0.029,23,0.033,7,0.012,13,0.022,7,0.011,4,0.007,4,0.006,5,0.007,4,0.006,4,0.005,2,0.003,2,0.004,0,0,0,0,2,0.008,3,0.017
Region 7,Region 14,0,0,0,0,0,0,0,0,0,0,0,0,0,0,0,0,0,0,0,0,0,0,0,0,0,0,0,0,0,0,0,0,0,0,0,0,0,0,0,0,0,0,0,0,0,0,0,0
Region 7,Region 15,6,0.036,1,0.011,2,0.03,3,0.043,1,0.009,3,0.012,8,0.016,5,0.006,15,0.018,9,0.013,8,0.014,10,0.017,7,0.011,11,0.018,15,0.024,15,0.022,12,0.017,15,0.019,15,0.02,13,0.024,10,0.023,9,0.025,8,0.03,4,0.022
Region 7,Region 16,0,0,0,0,0,0,0,0,0,0,0,0,0,0,0,0,1,0.001,0,0,0,0,2,0.003,1,0.002,0,0,1,0.002,0,0,1,0.001,0,0,0,0,0,0,0,0,0,0,0,0,0,0
Region 7,Region 17,0,0,1,0.011,0,0,0,0,0,0,1,0.004,1,0.002,2,0.003,1,0.001,1,0.001,2,0.003,0,0,0,0,0,0,2,0.003,0,0,0,0,0,0,1,0.001,1,0.002,0,0,0,0,0,0,0,0
Region 7,Region 18,0,0,0,0,0,0,0,0,0,0,0,0,0,0,0,0,0,0,0,0,0,0,0,0,1,0.002,0,0,0,0,1,0.001,0,0,1,0.001,1,0.001,0,0,0,0,0,0,0,0,0,0
Region 7,Region 19,1,0.006,0,0,0,0,0,0,0,0,1,0.004,0,0,0,0,0,0,1,0.001,0,0,0,0,0,0,0,0,0,0,1,0.001,2,0.003,1,0.001,1,0.001,0,0,2,0.005,0,0,1,0.004,1,0.006
Region 7,Region 20,0,0,0,0,0,0,0,0,0,0,1,0.004,0,0,0,0,2,0.002,1,0.001,0,0,0,0,1,0.002,0,0,0,0,0,0,0,0,2,0.003,0,0,0,0,0,0,0,0,0,0,1,0.006
Region 7,Region 21,0,0,0,0,0,0,0,0,0,0,0,0,0,0,1,0.001,0,0,1,0.001,0,0,1,0.002,0,0,0,0,2,0.003,1,0.001,0,0,2,0.003,1,0.001,0,0,1,0.002,0,0,1,0.004,1,0.006
Region 7,Region 22,0,0,0,0,0,0,0,0,0,0,0,0,3,0.006,0,0,2,0.002,1,0.001,0,0,0,0,0,0,1,0.002,2,0.003,3,0.004,1,0.001,1,0.001,4,0.005,3,0.006,1,0.002,1,0.003,1,0.004,4,0.022
Region 7,Region 23,2,0.012,0,0,0,0,0,0,0,0,0,0,1,0.002,1,0.001,3,0.004,1,0.001,2,0.003,1,0.002,3,0.005,1,0.002,3,0.005,1,0.001,1,0.001,2,0.003,5,0.007,0,0,1,0.002,1,0.003,1,0.004,1,0.006
Region 7,Region 24,1,0.006,0,0,1,0.015,0,0,0,0,1,0.004,1,0.002,1,0.001,1,0.001,3,0.004,5,0.009,3,0.005,1,0.002,1,0.002,2,0.003,3,0.004,2,0.003,0,0,1,0.001,1,0.002,0,0,2,0.005,0,0,0,0
Region 7,Region 25,0,0,0,0,0,0,0,0,0,0,0,0,3,0.006,0,0,0,0,0,0,0,0,1,0.002,1,0.002,1,0.002,0,0,0,0,1,0.001,0,0,0,0,0,0,1,0.002,0,0,0,0,0,0
Region 7,Region 26,0,0,0,0,0,0,0,0,0,0,0,0,0,0,0,0,0,0,0,0,0,0,0,0,0,0,0,0,0,0,0,0,0,0,0,0,0,0,0,0,0,0,0,0,0,0,0,0
Region 7,Region 27,1,0.006,0,0,0,0,0,0,0,0,0,0,0,0,2,0.003,3,0.004,0,0,1,0.002,1,0.002,3,0.005,1,0.002,4,0.006,1,0.001,2,0.003,7,0.009,1,0.001,3,0.006,3,0.007,1,0.003,2,0.008,0,0
Region 7,Region 28,0,0,0,0,0,0,0,0,1,0.009,1,0.004,1,0.002,1,0.001,2,0.002,2,0.003,0,0,2,0.003,1,0.002,1,0.002,3,0.005,1,0.001,1,0.001,0,0,0,0,0,0,1,0.002,0,0,0,0,0,0
Region 7,Region 29,3,0.018,1,0.011,0,0,0,0,1,0.009,0,0,0,0,5,0.006,14,0.016,24,0.034,1,0.002,4,0.007,7,0.011,5,0.008,4,0.006,6,0.009,2,0.003,6,0.008,2,0.003,4,0.007,0,0,5,0.014,3,0.011,5,0.028
Region 7,Region 30,0,0,0,0,0,0,0,0,0,0,0,0,0,0,0,0,1,0.001,2,0.003,0,0,1,0.002,0,0,3,0.005,0,0,2,0.003,3,0.004,0,0,3,0.004,1,0.002,0,0,2,0.005,0,0,1,0.006
Region 7,Region 31,1,0.006,0,0,0,0,0,0,0,0,0,0,0,0,2,0.003,2,0.002,3,0.004,2,0.003,2,0.003,0,0,0,0,1,0.002,0,0,0,0,0,0,1,0.001,2,0.004,0,0,1,0.003,1,0.004,0,0
Region 7,Region 32,0,0,0,0,0,0,0,0,0,0,0,0,0,0,0,0,0,0,0,0,0,0,0,0,1,0.002,0,0,1,0.002,0,0,0,0,0,0,1,0.001,1,0.002,0,0,0,0,0,0,0,0
Region 7,Region 33,0,0,0,0,0,0,0,0,0,0,1,0.004,1,0.002,5,0.006,2,0.002,0,0,1,0.002,0,0,0,0,0,0,0,0,0,0,0,0,0,0,0,0,0,0,0,0,1,0.003,0,0,0,0
Region 7,Region 34,0,0,0,0,0,0,0,0,2,0.017,2,0.008,2,0.004,9,0.011,6,0.007,8,0.011,0,0,2,0.003,0,0,3,0.005,3,0.005,1,0.001,3,0.004,4,0.005,2,0.003,0,0,0,0,2,0.005,1,0.004,1,0.006
Region 7,Region 35,0,0,0,0,0,0,1,0.014,0,0,0,0,0,0,0,0,1,0.001,0,0,1,0.002,0,0,0,0,0,0,0,0,0,0,0,0,0,0,0,0,0,0,0,0,1,0.003,0,0,0,0
Region 7,Region 36,0,0,0,0,0,0,0,0,0,0,0,0,0,0,1,0.001,1,0.001,0,0,0,0,2,0.003,1,0.002,0,0,0,0,0,0,1,0.001,1,0.001,1,0.001,1,0.002,0,0,0,0,1,0.004,0,0
Region 7,Region 37,0,0,0,0,0,0,0,0,0,0,0,0,1,0.002,0,0,0,0,1,0.001,2,0.003,1,0.002,0,0,2,0.003,1,0.002,0,0,0,0,1,0.001,1,0.001,0,0,0,0,0,0,0,0,1,0.006
Region 7,Region 38,0,0,0,0,0,0,0,0,0,0,0,0,1,0.002,4,0.005,3,0.004,0,0,1,0.002,0,0,0,0,0,0,1,0.002,1,0.001,0,0,1,0.001,1,0.001,1,0.002,1,0.002,0,0,1,0.004,1,0.006
Region 7,Region 39,3,0.018,2,0.022,1,0.015,1,0.014,1,0.009,4,0.016,6,0.012,15,0.019,26,0.03,17,0.024,11,0.019,14,0.024,16,0.026,14,0.023,20,0.032,19,0.028,18,0.026,18,0.023,18,0.024,17,0.031,12,0.028,11,0.03,12,0.046,6,0.033
Region 7,Region 40,6,0.036,3,0.033,1,0.015,3,0.043,2,0.017,7,0.027,15,0.031,12,0.015,19,0.022,11,0.016,14,0.024,4,0.007,5,0.008,8,0.013,12,0.019,16,0.023,13,0.019,10,0.013,13,0.018,7,0.013,5,0.012,4,0.011,7,0.027,4,0.022
Region 7,Region 41,1,0.006,1,0.011,2,0.03,0,0,0,0,4,0.016,3,0.006,6,0.008,1,0.001,4,0.006,3,0.005,5,0.009,6,0.01,6,0.01,3,0.005,8,0.012,9,0.013,13,0.017,6,0.008,6,0.011,1,0.002,2,0.005,0,0,4,0.022
Region 7,Region 42,0,0,0,0,0,0,0,0,0,0,0,0,0,0,0,0,0,0,1,0.001,0,0,0,0,0,0,0,0,0,0,0,0,1,0.001,0,0,1,0.001,0,0,0,0,0,0,0,0,0,0
Region 7,Region 43,1,0.006,0,0,0,0,0,0,0,0,0,0,0,0,1,0.001,4,0.005,8,0.011,5,0.009,5,0.009,2,0.003,2,0.003,3,0.005,10,0.015,13,0.019,3,0.004,6,0.008,5,0.009,5,0.012,3,0.008,1,0.004,3,0.017
Region 7,Region 44,0,0,1,0.011,0,0,0,0,0,0,1,0.004,2,0.004,2,0.003,0,0,2,0.003,0,0,1,0.002,4,0.007,2,0.003,0,0,0,0,0,0,0,0,0,0,1,0.002,0,0,0,0,0,0,1,0.006
Region 7,Region 45,1,0.006,0,0,0,0,0,0,0,0,0,0,0,0,0,0,5,0.006,1,0.001,1,0.002,0,0,1,0.002,3,0.005,0,0,4,0.006,3,0.004,4,0.005,2,0.003,1,0.002,0,0,0,0,0,0,1,0.006
Region 7,Region 46,0,0,1,0.011,0,0,1,0.014,0,0,1,0.004,5,0.01,1,0.001,4,0.005,3,0.004,5,0.009,2,0.003,0,0,3,0.005,2,0.003,1,0.001,0,0,1,0.001,1,0.001,3,0.006,1,0.002,0,0,2,0.008,0,0
Region 7,Region 47,0,0,0,0,0,0,0,0,0,0,0,0,0,0,1,0.001,2,0.002,1,0.001,1,0.002,0,0,0,0,0,0,0,0,0,0,0,0,1,0.001,3,0.004,0,0,1,0.002,0,0,0,0,0,0
Region 7,Region 48,8,0.048,1,0.011,0,0,1,0.014,1,0.009,1,0.004,0,0,15,0.019,15,0.018,12,0.017,7,0.012,11,0.019,12,0.02,8,0.013,8,0.013,16,0.023,12,0.017,10,0.013,18,0.024,7,0.013,11,0.025,6,0.016,5,0.019,1,0.006
Region 7,Region 49,5,0.03,1,0.011,0,0,0,0,0,0,1,0.004,2,0.004,8,0.01,12,0.014,5,0.007,5,0.009,12,0.021,7,0.011,8,0.013,9,0.014,20,0.029,9,0.013,9,0.012,13,0.018,7,0.013,8,0.018,4,0.011,4,0.015,1,0.006
Region 7,Region 50,0,0,0,0,0,0,0,0,0,0,0,0,0,0,1,0.001,0,0,0,0,0,0,0,0,1,0.002,0,0,0,0,0,0,0,0,1,0.001,0,0,0,0,0,0,0,0,0,0,0,0
Region 7,Region 51,0,0,0,0,0,0,0,0,0,0,0,0,0,0,3,0.004,0,0,0,0,3,0.005,0,0,0,0,0,0,0,0,0,0,0,0,0,0,0,0,0,0,0,0,0,0,0,0,0,0
Region 7,Region 52,0,0,0,0,0,0,0,0,0,0,0,0,1,0.002,0,0,1,0.001,0,0,0,0,0,0,0,0,0,0,0,0,0,0,0,0,0,0,0,0,0,0,0,0,0,0,0,0,0,0
Region 7,Region 53,0,0,0,0,0,0,0,0,1,0.009,0,0,0,0,0,0,0,0,0,0,1,0.002,1,0.002,1,0.002,0,0,3,0.005,0,0,0,0,1,0.001,0,0,1,0.002,2,0.005,0,0,1,0.004,0,0
Region 7,Region 54,0,0,0,0,0,0,0,0,0,0,0,0,0,0,2,0.003,1,0.001,1,0.001,0,0,1,0.002,0,0,0,0,0,0,0,0,0,0,0,0,0,0,0,0,0,0,0,0,0,0,1,0.006
Region 7,Region 55,0,0,0,0,0,0,0,0,0,0,2,0.008,0,0,0,0,1,0.001,0,0,0,0,0,0,1,0.002,0,0,2,0.003,2,0.003,0,0,2,0.003,1,0.001,0,0,0,0,0,0,0,0,0,0
Region 7,Region 56,0,0,0,0,0,0,0,0,0,0,0,0,0,0,1,0.001,0,0,0,0,1,0.002,0,0,0,0,1,0.002,0,0,1,0.001,0,0,1,0.001,0,0,2,0.004,0,0,1,0.003,2,0.008,0,0
Region 7,Region 57,0,0,0,0,0,0,0,0,0,0,0,0,0,0,0,0,0,0,0,0,0,0,0,0,0,0,0,0,0,0,0,0,0,0,0,0,0,0,0,0,0,0,0,0,0,0,0,0
Region 7,Region 58,16,0.096,8,0.088,7,0.105,6,0.086,9,0.077,17,0.066,37,0.076,34,0.043,41,0.048,34,0.048,25,0.043,28,0.048,26,0.042,50,0.081,60,0.096,43,0.063,78,0.112,77,0.099,69,0.094,35,0.064,36,0.083,20,0.055,23,0.087,17,0.094
Region 7,Region 59,0,0,0,0,1,0.015,0,0,0,0,1,0.004,1,0.002,0,0,0,0,0,0,0,0,1,0.002,0,0,0,0,0,0,0,0,0,0,1,0.001,1,0.001,0,0,0,0,0,0,0,0,0,0
Region 7,Region 60,0,0,0,0,0,0,0,0,0,0,0,0,1,0.002,0,0,0,0,0,0,0,0,0,0,0,0,0,0,0,0,0,0,0,0,0,0,0,0,0,0,0,0,0,0,0,0,0,0
Region 7,Region 61,1,0.006,0,0,0,0,2,0.029,2,0.017,3,0.012,2,0.004,10,0.013,6,0.007,6,0.008,4,0.007,4,0.007,3,0.005,3,0.005,9,0.014,11,0.016,7,0.01,17,0.022,7,0.01,4,0.007,5,0.012,10,0.027,4,0.015,0,0
Region 7,Region 62,0,0,0,0,0,0,0,0,0,0,1,0.004,1,0.002,1,0.001,1,0.001,0,0,2,0.003,3,0.005,1,0.002,0,0,2,0.003,3,0.004,4,0.006,1,0.001,0,0,1,0.002,3,0.007,1,0.003,3,0.011,1,0.006
Region 7,Region 63,0,0,0,0,0,0,0,0,0,0,0,0,0,0,0,0,0,0,0,0,0,0,0,0,0,0,1,0.002,1,0.002,1,0.001,0,0,0,0,0,0,0,0,0,0,0,0,0,0,0,0
Region 7,Region 64,3,0.018,1,0.011,2,0.03,0,0,2,0.017,0,0,1,0.002,9,0.011,7,0.008,5,0.007,7,0.012,6,0.01,13,0.021,13,0.021,4,0.006,16,0.023,14,0.02,24,0.031,16,0.022,12,0.022,8,0.018,8,0.022,8,0.03,6,0.033
Region 7,Region 65,0,0,0,0,0,0,0,0,0,0,2,0.008,4,0.008,2,0.003,4,0.005,4,0.006,2,0.003,0,0,0,0,1,0.002,2,0.003,4,0.006,0,0,0,0,7,0.01,1,0.002,3,0.007,0,0,0,0,1,0.006
Region 7,Region 66,0,0,0,0,0,0,0,0,0,0,0,0,0,0,3,0.004,4,0.005,3,0.004,0,0,0,0,0,0,1,0.002,0,0,0,0,0,0,0,0,2,0.003,2,0.004,0,0,2,0.005,0,0,0,0
Region 7,Region 67,0,0,0,0,0,0,0,0,1,0.009,1,0.004,0,0,0,0,1,0.001,2,0.003,0,0,1,0.002,3,0.005,1,0.002,2,0.003,0,0,3,0.004,3,0.004,1,0.001,2,0.004,1,0.002,2,0.005,1,0.004,1,0.006
Region 7,Region 68,0,0,0,0,0,0,0,0,0,0,0,0,0,0,0,0,0,0,0,0,0,0,0,0,1,0.002,0,0,0,0,0,0,0,0,0,0,0,0,0,0,0,0,0,0,0,0,0,0
Region 7,Region 69,0,0,0,0,0,0,0,0,0,0,0,0,1,0.002,1,0.001,2,0.002,2,0.003,0,0,1,0.002,0,0,0,0,0,0,0,0,0,0,0,0,0,0,0,0,0,0,0,0,0,0,0,0
Region 7,Region 70,0,0,0,0,0,0,0,0,0,0,0,0,1,0.002,0,0,0,0,0,0,0,0,0,0,0,0,0,0,0,0,0,0,0,0,0,0,0,0,0,0,0,0,0,0,0,0,0,0
Region 7,Region 71,0,0,0,0,0,0,0,0,0,0,0,0,1,0.002,0,0,0,0,0,0,0,0,0,0,0,0,0,0,0,0,0,0,0,0,0,0,0,0,0,0,0,0,0,0,0,0,0,0
Region 7,Region 72,2,0.012,1,0.011,0,0,0,0,3,0.026,4,0.016,5,0.01,10,0.013,13,0.015,4,0.006,3,0.005,9,0.015,9,0.015,8,0.013,7,0.011,3,0.004,1,0.001,3,0.004,9,0.012,1,0.002,3,0.007,7,0.019,2,0.008,1,0.006
Region 8,Region 0,0,0,0,0,0,0,0,0,0,0,0,0,0,0,0,0,0,0,0,0,0,0,0,0,0,0,0,0,0,0,0,0,0,0,0,0,0,0,0,0,0,0,0,0,0,0,0,0
Region 8,Region 1,0,0,1,0.011,0,0,0,0,0,0,0,0,0,0,1,0.001,2,0.002,1,0.001,0,0,0,0,0,0,0,0,0,0,0,0,0,0,3,0.004,7,0.01,2,0.004,1,0.002,0,0,1,0.004,0,0
Region 8,Region 2,0,0,0,0,0,0,0,0,0,0,0,0,0,0,0,0,0,0,0,0,0,0,0,0,0,0,0,0,0,0,0,0,0,0,0,0,0,0,0,0,0,0,0,0,0,0,0,0
Region 8,Region 3,0,0,0,0,0,0,0,0,0,0,0,0,0,0,0,0,0,0,0,0,0,0,0,0,0,0,0,0,0,0,0,0,0,0,0,0,0,0,0,0,0,0,0,0,0,0,0,0
Region 8,Region 4,0,0,0,0,0,0,0,0,0,0,0,0,0,0,0,0,0,0,0,0,0,0,0,0,0,0,0,0,0,0,0,0,0,0,0,0,0,0,0,0,0,0,0,0,0,0,0,0
Region 8,Region 5,0,0,0,0,0,0,0,0,0,0,0,0,0,0,0,0,0,0,0,0,0,0,0,0,0,0,0,0,0,0,0,0,0,0,0,0,0,0,0,0,0,0,0,0,0,0,0,0
Region 8,Region 6,0,0,0,0,0,0,0,0,0,0,0,0,0,0,0,0,0,0,0,0,0,0,0,0,0,0,0,0,0,0,0,0,1,0.001,1,0.001,2,0.003,0,0,0,0,0,0,0,0,0,0
Region 8,Region 7,0,0,0,0,0,0,0,0,0,0,0,0,0,0,0,0,0,0,0,0,0,0,0,0,0,0,0,0,0,0,0,0,0,0,0,0,0,0,0,0,0,0,0,0,0,0,0,0
Region 8,Region 8,1,0.006,0,0,1,0.015,1,0.014,4,0.034,15,0.058,25,0.051,129,0.164,122,0.143,88,0.125,69,0.118,81,0.139,87,0.142,77,0.125,99,0.159,139,0.203,144,0.207,177,0.228,151,0.205,83,0.153,45,0.104,24,0.066,5,0.019,6,0.033
Region 8,Region 9,0,0,0,0,0,0,0,0,0,0,0,0,0,0,0,0,0,0,0,0,0,0,0,0,0,0,0,0,0,0,0,0,0,0,0,0,0,0,0,0,0,0,0,0,0,0,0,0
Region 8,Region 10,0,0,0,0,0,0,0,0,0,0,0,0,1,0.002,3,0.004,8,0.009,5,0.007,0,0,3,0.005,1,0.002,2,0.003,0,0,1,0.001,5,0.007,1,0.001,5,0.007,3,0.006,6,0.014,1,0.003,0,0,0,0
Region 8,Region 11,0,0,0,0,0,0,0,0,0,0,0,0,0,0,0,0,0,0,0,0,0,0,0,0,0,0,0,0,0,0,0,0,0,0,0,0,0,0,0,0,0,0,0,0,0,0,0,0
Region 8,Region 12,0,0,0,0,0,0,0,0,0,0,0,0,0,0,0,0,0,0,0,0,0,0,0,0,0,0,0,0,0,0,0,0,0,0,0,0,0,0,0,0,0,0,0,0,0,0,0,0
Region 8,Region 13,0,0,0,0,0,0,0,0,0,0,0,0,1,0.002,1,0.001,4,0.005,0,0,0,0,0,0,1,0.002,0,0,0,0,0,0,1,0.001,1,0.001,1,0.001,0,0,0,0,0,0,0,0,0,0
Region 8,Region 14,0,0,0,0,0,0,0,0,0,0,2,0.008,0,0,26,0.033,28,0.033,6,0.008,7,0.012,7,0.012,3,0.005,5,0.008,9,0.014,9,0.013,19,0.027,41,0.053,23,0.031,11,0.02,6,0.014,2,0.005,0,0,0,0
Region 8,Region 15,0,0,0,0,0,0,0,0,0,0,0,0,0,0,0,0,0,0,0,0,0,0,0,0,0,0,0,0,1,0.002,1,0.001,2,0.003,0,0,1,0.001,0,0,0,0,0,0,0,0,0,0
Region 8,Region 16,0,0,0,0,0,0,0,0,0,0,0,0,0,0,0,0,0,0,0,0,0,0,0,0,0,0,0,0,0,0,0,0,0,0,0,0,0,0,0,0,0,0,0,0,0,0,0,0
Region 8,Region 17,0,0,0,0,0,0,0,0,0,0,0,0,0,0,0,0,0,0,0,0,0,0,0,0,0,0,0,0,0,0,0,0,0,0,0,0,1,0.001,1,0.002,0,0,0,0,0,0,0,0
Region 8,Region 18,0,0,0,0,0,0,0,0,0,0,0,0,0,0,0,0,0,0,0,0,0,0,0,0,0,0,0,0,0,0,0,0,0,0,0,0,0,0,0,0,0,0,0,0,0,0,0,0
Region 8,Region 19,0,0,0,0,0,0,0,0,0,0,0,0,0,0,0,0,0,0,0,0,0,0,0,0,0,0,0,0,0,0,0,0,0,0,0,0,0,0,0,0,0,0,0,0,0,0,0,0
Region 8,Region 20,1,0.006,0,0,0,0,0,0,1,0.009,3,0.012,3,0.006,11,0.014,18,0.021,19,0.027,11,0.019,4,0.007,6,0.01,10,0.016,10,0.016,3,0.004,5,0.007,14,0.018,14,0.019,5,0.009,3,0.007,7,0.019,3,0.011,0,0
Region 8,Region 21,0,0,0,0,0,0,0,0,0,0,0,0,0,0,0,0,0,0,0,0,0,0,0,0,0,0,0,0,0,0,0,0,0,0,0,0,0,0,0,0,0,0,0,0,0,0,0,0
Region 8,Region 22,0,0,0,0,0,0,0,0,0,0,0,0,0,0,0,0,0,0,0,0,0,0,0,0,0,0,0,0,0,0,0,0,0,0,0,0,0,0,0,0,0,0,0,0,0,0,0,0
Region 8,Region 23,0,0,0,0,0,0,0,0,0,0,0,0,0,0,0,0,0,0,0,0,0,0,0,0,0,0,0,0,0,0,0,0,0,0,1,0.001,0,0,0,0,0,0,0,0,0,0,0,0
Region 8,Region 24,0,0,0,0,0,0,0,0,0,0,0,0,0,0,0,0,0,0,0,0,0,0,0,0,0,0,0,0,0,0,0,0,0,0,0,0,0,0,0,0,0,0,0,0,0,0,0,0
Region 8,Region 25,0,0,0,0,1,0.015,0,0,3,0.026,3,0.012,12,0.025,57,0.072,105,0.123,56,0.079,43,0.074,28,0.048,22,0.036,23,0.037,19,0.031,22,0.032,36,0.052,47,0.06,40,0.054,24,0.044,15,0.035,6,0.016,3,0.011,0,0
Region 8,Region 26,0,0,0,0,0,0,0,0,0,0,2,0.008,0,0,2,0.003,10,0.012,5,0.007,5,0.009,6,0.01,5,0.008,7,0.011,1,0.002,1,0.001,8,0.012,3,0.004,5,0.007,10,0.018,5,0.012,2,0.005,0,0,0,0
Region 8,Region 27,0,0,0,0,0,0,0,0,0,0,0,0,0,0,0,0,0,0,0,0,0,0,0,0,0,0,0,0,0,0,0,0,0,0,0,0,0,0,0,0,0,0,0,0,0,0,0,0
Region 8,Region 28,0,0,0,0,0,0,0,0,0,0,0,0,0,0,0,0,0,0,0,0,1,0.002,0,0,0,0,0,0,0,0,1,0.001,0,0,1,0.001,0,0,0,0,0,0,0,0,0,0,0,0
Region 8,Region 29,0,0,0,0,0,0,0,0,0,0,0,0,0,0,0,0,0,0,0,0,0,0,0,0,0,0,0,0,0,0,0,0,0,0,0,0,0,0,0,0,0,0,0,0,0,0,0,0
Region 8,Region 30,0,0,0,0,0,0,0,0,0,0,0,0,1,0.002,4,0.005,6,0.007,1,0.001,3,0.005,0,0,1,0.002,1,0.002,1,0.002,1,0.001,2,0.003,2,0.003,4,0.005,1,0.002,2,0.005,0,0,0,0,0,0
Region 8,Region 31,0,0,0,0,0,0,0,0,0,0,0,0,0,0,1,0.001,2,0.002,1,0.001,0,0,0,0,0,0,0,0,0,0,0,0,1,0.001,2,0.003,3,0.004,0,0,0,0,0,0,0,0,0,0
Region 8,Region 32,0,0,0,0,0,0,0,0,0,0,0,0,0,0,0,0,0,0,0,0,0,0,0,0,0,0,0,0,0,0,0,0,0,0,0,0,0,0,0,0,0,0,0,0,0,0,0,0
Region 8,Region 33,0,0,0,0,0,0,0,0,0,0,2,0.008,2,0.004,5,0.006,10,0.012,4,0.006,5,0.009,4,0.007,6,0.01,5,0.008,9,0.014,9,0.013,8,0.012,10,0.013,5,0.007,3,0.006,2,0.005,2,0.005,2,0.008,0,0
Region 8,Region 34,0,0,0,0,0,0,0,0,0,0,0,0,0,0,1,0.001,7,0.008,1,0.001,0,0,0,0,0,0,0,0,0,0,1,0.001,2,0.003,0,0,1,0.001,1,0.002,1,0.002,0,0,0,0,0,0
Region 8,Region 35,3,0.018,0,0,0,0,0,0,0,0,1,0.004,1,0.002,10,0.013,10,0.012,4,0.006,5,0.009,7,0.012,3,0.005,6,0.01,8,0.013,13,0.019,6,0.009,6,0.008,15,0.02,5,0.009,5,0.012,2,0.005,0,0,1,0.006
Region 8,Region 36,0,0,0,0,0,0,0,0,1,0.009,2,0.008,0,0,1,0.001,2,0.002,1,0.001,0,0,0,0,0,0,0,0,0,0,0,0,0,0,0,0,1,0.001,0,0,0,0,1,0.003,0,0,1,0.006
Region 8,Region 37,0,0,0,0,0,0,0,0,0,0,0,0,0,0,0,0,0,0,0,0,0,0,0,0,0,0,0,0,0,0,0,0,0,0,0,0,0,0,0,0,0,0,1,0.003,0,0,0,0
Region 8,Region 38,0,0,0,0,0,0,0,0,0,0,0,0,0,0,1,0.001,0,0,0,0,0,0,0,0,0,0,0,0,0,0,0,0,0,0,0,0,0,0,0,0,0,0,1,0.003,1,0.004,0,0
Region 8,Region 39,0,0,0,0,0,0,0,0,0,0,0,0,0,0,0,0,0,0,0,0,1,0.002,0,0,0,0,0,0,0,0,0,0,0,0,0,0,1,0.001,0,0,0,0,0,0,0,0,0,0
Region 8,Region 40,0,0,0,0,0,0,0,0,0,0,1,0.004,0,0,0,0,0,0,0,0,0,0,1,0.002,0,0,0,0,1,0.002,0,0,0,0,0,0,0,0,0,0,2,0.005,0,0,0,0,0,0
Region 8,Region 41,0,0,0,0,0,0,0,0,0,0,0,0,1,0.002,1,0.001,0,0,0,0,0,0,0,0,0,0,0,0,1,0.002,0,0,0,0,0,0,0,0,1,0.002,0,0,0,0,0,0,0,0
Region 8,Region 42,0,0,0,0,0,0,0,0,0,0,3,0.012,4,0.008,15,0.019,23,0.027,16,0.023,16,0.027,13,0.022,19,0.031,12,0.02,16,0.026,18,0.026,25,0.036,17,0.022,31,0.042,16,0.029,13,0.03,5,0.014,2,0.008,2,0.011
Region 8,Region 43,0,0,0,0,0,0,0,0,0,0,0,0,0,0,0,0,0,0,0,0,0,0,0,0,0,0,0,0,0,0,0,0,0,0,0,0,0,0,1,0.002,0,0,0,0,0,0,0,0
Region 8,Region 44,0,0,0,0,0,0,0,0,0,0,0,0,0,0,0,0,0,0,0,0,1,0.002,0,0,1,0.002,0,0,1,0.002,0,0,0,0,0,0,0,0,0,0,0,0,0,0,0,0,0,0
Region 8,Region 45,0,0,0,0,0,0,0,0,0,0,0,0,0,0,0,0,0,0,0,0,0,0,0,0,0,0,0,0,0,0,0,0,0,0,0,0,1,0.001,1,0.002,0,0,0,0,0,0,0,0
Region 8,Region 46,0,0,0,0,0,0,0,0,0,0,2,0.008,2,0.004,3,0.004,1,0.001,0,0,1,0.002,1,0.002,1,0.002,1,0.002,1,0.002,0,0,2,0.003,0,0,0,0,0,0,0,0,0,0,1,0.004,0,0
Region 8,Region 47,0,0,0,0,0,0,0,0,0,0,0,0,0,0,0,0,0,0,0,0,0,0,0,0,0,0,0,0,0,0,0,0,0,0,0,0,0,0,0,0,0,0,0,0,0,0,0,0
Region 8,Region 48,0,0,0,0,0,0,0,0,0,0,0,0,0,0,0,0,0,0,0,0,0,0,0,0,0,0,0,0,0,0,0,0,0,0,0,0,0,0,0,0,0,0,0,0,0,0,0,0
Region 8,Region 49,0,0,0,0,0,0,0,0,0,0,0,0,0,0,0,0,0,0,0,0,0,0,0,0,0,0,0,0,0,0,0,0,0,0,0,0,0,0,0,0,0,0,0,0,0,0,0,0
Region 8,Region 50,1,0.006,0,0,0,0,0,0,0,0,0,0,1,0.002,0,0,1,0.001,3,0.004,1,0.002,1,0.002,2,0.003,1,0.002,3,0.005,2,0.003,2,0.003,3,0.004,1,0.001,0,0,2,0.005,1,0.003,0,0,0,0
Region 8,Region 51,0,0,0,0,0,0,1,0.014,0,0,1,0.004,1,0.002,9,0.011,1,0.001,8,0.011,5,0.009,3,0.005,1,0.002,5,0.008,8,0.013,5,0.007,10,0.014,8,0.01,12,0.016,6,0.011,2,0.005,0,0,0,0,0,0
Region 8,Region 52,0,0,0,0,0,0,0,0,0,0,0,0,0,0,1,0.001,1,0.001,0,0,0,0,0,0,1,0.002,1,0.002,0,0,3,0.004,1,0.001,0,0,1,0.001,0,0,2,0.005,0,0,0,0,0,0
Region 8,Region 53,0,0,0,0,0,0,0,0,0,0,0,0,0,0,0,0,0,0,0,0,0,0,0,0,0,0,0,0,0,0,0,0,0,0,0,0,0,0,0,0,0,0,0,0,0,0,0,0
Region 8,Region 54,1,0.006,0,0,0,0,0,0,0,0,0,0,0,0,1,0.001,1,0.001,2,0.003,3,0.005,1,0.002,1,0.002,1,0.002,2,0.003,3,0.004,2,0.003,0,0,7,0.01,4,0.007,1,0.002,1,0.003,0,0,0,0
Region 8,Region 55,0,0,0,0,0,0,0,0,0,0,0,0,0,0,0,0,0,0,0,0,0,0,0,0,0,0,0,0,0,0,0,0,0,0,0,0,0,0,0,0,0,0,0,0,0,0,0,0
Region 8,Region 56,0,0,0,0,0,0,0,0,0,0,0,0,0,0,0,0,0,0,0,0,1,0.002,0,0,0,0,0,0,0,0,0,0,0,0,0,0,0,0,0,0,0,0,0,0,0,0,0,0
Region 8,Region 57,0,0,0,0,0,0,0,0,0,0,0,0,0,0,0,0,0,0,0,0,1,0.002,0,0,0,0,0,0,1,0.002,1,0.001,1,0.001,0,0,1,0.001,0,0,0,0,0,0,0,0,0,0
Region 8,Region 58,0,0,0,0,0,0,0,0,0,0,0,0,0,0,0,0,1,0.001,1,0.001,0,0,0,0,1,0.002,0,0,0,0,0,0,0,0,0,0,1,0.001,0,0,0,0,0,0,0,0,0,0
Region 8,Region 59,0,0,0,0,0,0,0,0,0,0,0,0,0,0,0,0,0,0,2,0.003,0,0,0,0,0,0,0,0,0,0,1,0.001,0,0,0,0,0,0,0,0,0,0,0,0,0,0,0,0
Region 8,Region 60,0,0,0,0,0,0,0,0,0,0,0,0,4,0.008,7,0.009,10,0.012,3,0.004,4,0.007,1,0.002,6,0.01,7,0.011,7,0.011,6,0.009,7,0.01,6,0.008,16,0.022,10,0.018,4,0.009,0,0,0,0,0,0
Region 8,Region 61,1,0.006,0,0,0,0,0,0,0,0,0,0,0,0,0,0,0,0,0,0,0,0,0,0,1,0.002,0,0,0,0,0,0,0,0,0,0,0,0,0,0,0,0,0,0,0,0,0,0
Region 8,Region 62,0,0,0,0,0,0,0,0,0,0,0,0,0,0,0,0,1,0.001,0,0,0,0,0,0,0,0,0,0,0,0,0,0,0,0,0,0,0,0,0,0,0,0,0,0,0,0,0,0
Region 8,Region 63,0,0,0,0,0,0,0,0,0,0,0,0,0,0,0,0,0,0,0,0,0,0,0,0,0,0,0,0,0,0,0,0,0,0,0,0,0,0,0,0,0,0,0,0,0,0,0,0
Region 8,Region 64,0,0,0,0,0,0,0,0,0,0,0,0,0,0,0,0,0,0,0,0,0,0,0,0,0,0,0,0,0,0,0,0,0,0,0,0,0,0,0,0,0,0,0,0,0,0,0,0
Region 8,Region 65,0,0,0,0,0,0,0,0,0,0,1,0.004,0,0,2,0.003,1,0.001,0,0,0,0,0,0,0,0,0,0,0,0,0,0,0,0,0,0,0,0,0,0,0,0,0,0,0,0,0,0
Region 8,Region 66,0,0,0,0,0,0,0,0,0,0,0,0,0,0,0,0,0,0,0,0,0,0,0,0,0,0,0,0,0,0,1,0.001,0,0,0,0,1,0.001,1,0.002,0,0,0,0,0,0,0,0
Region 8,Region 67,0,0,0,0,0,0,0,0,0,0,0,0,0,0,0,0,0,0,0,0,0,0,0,0,0,0,0,0,0,0,0,0,0,0,0,0,0,0,0,0,0,0,0,0,0,0,0,0
Region 8,Region 68,0,0,0,0,0,0,0,0,0,0,0,0,1,0.002,17,0.022,9,0.011,4,0.006,2,0.003,1,0.002,9,0.015,8,0.013,5,0.008,9,0.013,5,0.007,11,0.014,12,0.016,5,0.009,2,0.005,1,0.003,0,0,0,0
Region 8,Region 69,0,0,0,0,0,0,0,0,0,0,0,0,1,0.002,3,0.004,2,0.002,2,0.003,0,0,1,0.002,1,0.002,1,0.002,0,0,1,0.001,0,0,1,0.001,1,0.001,0,0,0,0,0,0,0,0,0,0
Region 8,Region 70,0,0,0,0,0,0,0,0,0,0,1,0.004,5,0.01,41,0.052,15,0.018,8,0.011,14,0.024,19,0.033,11,0.018,7,0.011,17,0.027,20,0.029,24,0.035,19,0.024,14,0.019,9,0.017,4,0.009,4,0.011,0,0,0,0
Region 8,Region 71,0,0,0,0,0,0,0,0,0,0,0,0,2,0.004,27,0.034,19,0.022,5,0.007,3,0.005,8,0.014,9,0.015,11,0.018,0,0,4,0.006,3,0.004,4,0.005,5,0.007,6,0.011,2,0.005,0,0,0,0,0,0
Region 8,Region 72,0,0,0,0,0,0,0,0,0,0,0,0,0,0,1,0.001,4,0.005,4,0.006,2,0.003,2,0.003,2,0.003,0,0,0,0,2,0.003,1,0.001,5,0.006,5,0.007,3,0.006,0,0,0,0,1,0.004,0,0
Region 9,Region 0,0,0,1,0.011,0,0,0,0,0,0,0,0,0,0,2,0.003,2,0.002,0,0,0,0,0,0,0,0,0,0,0,0,0,0,0,0,0,0,0,0,0,0,0,0,0,0,0,0,0,0
Region 9,Region 1,2,0.012,1,0.011,1,0.015,3,0.043,2,0.017,3,0.012,7,0.014,1,0.001,4,0.005,3,0.004,1,0.002,2,0.003,2,0.003,1,0.002,1,0.002,0,0,0,0,1,0.001,1,0.001,1,0.002,0,0,2,0.005,1,0.004,0,0
Region 9,Region 2,0,0,0,0,0,0,0,0,0,0,0,0,0,0,0,0,1,0.001,1,0.001,0,0,0,0,1,0.002,0,0,0,0,1,0.001,1,0.001,0,0,1,0.001,1,0.002,1,0.002,2,0.005,0,0,1,0.006
Region 9,Region 3,0,0,0,0,0,0,0,0,0,0,0,0,2,0.004,4,0.005,7,0.008,3,0.004,0,0,0,0,0,0,0,0,0,0,0,0,0,0,2,0.003,0,0,1,0.002,1,0.002,1,0.003,0,0,0,0
Region 9,Region 4,8,0.048,3,0.033,2,0.03,3,0.043,3,0.026,15,0.058,19,0.039,31,0.039,26,0.03,21,0.03,10,0.017,18,0.031,19,0.031,23,0.037,19,0.031,20,0.029,19,0.027,20,0.026,12,0.016,13,0.024,13,0.03,6,0.016,9,0.034,6,0.033
Region 9,Region 5,0,0,0,0,0,0,1,0.014,0,0,0,0,1,0.002,4,0.005,5,0.006,2,0.003,2,0.003,0,0,1,0.002,0,0,0,0,2,0.003,1,0.001,2,0.003,2,0.003,1,0.002,1,0.002,2,0.005,0,0,0,0
Region 9,Region 6,11,0.066,8,0.088,15,0.224,18,0.257,9,0.077,19,0.074,21,0.043,24,0.03,22,0.026,35,0.05,23,0.039,19,0.033,25,0.041,19,0.031,23,0.037,17,0.025,22,0.032,15,0.019,17,0.023,12,0.022,12,0.028,13,0.036,9,0.034,5,0.028
Region 9,Region 7,0,0,0,0,0,0,0,0,0,0,0,0,0,0,2,0.003,1,0.001,1,0.001,0,0,1,0.002,3,0.005,1,0.002,1,0.002,0,0,1,0.001,0,0,1,0.001,1,0.002,0,0,0,0,0,0,0,0
Region 9,Region 8,0,0,0,0,0,0,0,0,0,0,0,0,0,0,0,0,0,0,0,0,0,0,0,0,0,0,0,0,0,0,0,0,0,0,0,0,0,0,0,0,0,0,0,0,0,0,0,0
Region 9,Region 9,1100,6.605,559,6.144,514,7.692,695,9.907,1127,9.598,2004,7.771,3332,6.805,4553,5.777,4208,4.917,3525,4.988,3139,5.381,2967,5.087,3043,4.952,3190,5.194,3164,5.083,3352,4.887,3267,4.702,3414,4.39,2894,3.937,2274,4.187,1975,4.548,1638,4.483,1363,5.175,977,5.401
Region 9,Region 10,0,0,0,0,0,0,0,0,1,0.009,0,0,2,0.004,2,0.003,2,0.002,3,0.004,3,0.005,0,0,3,0.005,4,0.007,4,0.006,2,0.003,0,0,0,0,2,0.003,0,0,1,0.002,0,0,1,0.004,0,0
Region 9,Region 11,1,0.006,1,0.011,1,0.015,0,0,0,0,0,0,2,0.004,7,0.009,7,0.008,0,0,4,0.007,3,0.005,4,0.007,6,0.01,7,0.011,1,0.001,0,0,5,0.006,8,0.011,5,0.009,3,0.007,8,0.022,4,0.015,1,0.006
Region 9,Region 12,3,0.018,0,0,0,0,1,0.014,1,0.009,1,0.004,5,0.01,4,0.005,2,0.002,4,0.006,6,0.01,4,0.007,5,0.008,5,0.008,3,0.005,0,0,1,0.001,4,0.005,2,0.003,4,0.007,0,0,0,0,0,0,2,0.011
Region 9,Region 13,1,0.006,2,0.022,0,0,3,0.043,2,0.017,5,0.019,9,0.018,24,0.03,22,0.026,7,0.01,6,0.01,6,0.01,8,0.013,6,0.01,2,0.003,9,0.013,8,0.012,11,0.014,3,0.004,4,0.007,1,0.002,0,0,1,0.004,0,0
Region 9,Region 14,0,0,0,0,0,0,0,0,0,0,0,0,1,0.002,1,0.001,0,0,0,0,0,0,0,0,0,0,0,0,0,0,0,0,0,0,0,0,0,0,0,0,0,0,0,0,0,0,0,0
Region 9,Region 15,4,0.024,1,0.011,4,0.06,3,0.043,0,0,2,0.008,8,0.016,15,0.019,22,0.026,8,0.011,9,0.015,8,0.014,9,0.015,7,0.011,8,0.013,4,0.006,6,0.009,7,0.009,4,0.005,4,0.007,4,0.009,7,0.019,2,0.008,4,0.022
Region 9,Region 16,0,0,0,0,0,0,0,0,0,0,0,0,0,0,1,0.001,2,0.002,0,0,0,0,0,0,0,0,0,0,0,0,0,0,0,0,0,0,1,0.001,1,0.002,0,0,0,0,0,0,0,0
Region 9,Region 17,0,0,0,0,0,0,0,0,2,0.017,4,0.016,6,0.012,17,0.022,12,0.014,9,0.013,3,0.005,1,0.002,3,0.005,0,0,1,0.002,1,0.001,1,0.001,4,0.005,2,0.003,2,0.004,1,0.002,1,0.003,0,0,0,0
Region 9,Region 18,5,0.03,6,0.066,1,0.015,3,0.043,3,0.026,5,0.019,14,0.029,40,0.051,34,0.04,26,0.037,9,0.015,11,0.019,16,0.026,20,0.033,21,0.034,15,0.022,11,0.016,21,0.027,18,0.024,24,0.044,12,0.028,6,0.016,9,0.034,9,0.05
Region 9,Region 19,14,0.084,11,0.121,9,0.135,11,0.157,19,0.162,31,0.12,45,0.092,59,0.075,66,0.077,48,0.068,42,0.072,27,0.046,24,0.039,28,0.046,26,0.042,23,0.034,26,0.037,25,0.032,22,0.03,22,0.041,21,0.048,14,0.038,10,0.038,9,0.05
Region 9,Region 20,0,0,0,0,1,0.015,0,0,0,0,0,0,0,0,0,0,2,0.002,0,0,0,0,0,0,1,0.002,2,0.003,3,0.005,1,0.001,0,0,0,0,0,0,0,0,0,0,0,0,3,0.011,1,0.006
Region 9,Region 21,0,0,0,0,0,0,0,0,0,0,0,0,0,0,0,0,0,0,0,0,0,0,0,0,0,0,0,0,0,0,0,0,0,0,0,0,0,0,0,0,0,0,0,0,0,0,0,0
Region 9,Region 22,0,0,0,0,0,0,0,0,0,0,0,0,0,0,0,0,0,0,0,0,0,0,0,0,0,0,0,0,0,0,0,0,0,0,0,0,0,0,0,0,0,0,0,0,0,0,0,0
Region 9,Region 23,0,0,3,0.033,2,0.03,2,0.029,0,0,3,0.012,10,0.02,16,0.02,10,0.012,8,0.011,3,0.005,5,0.009,2,0.003,2,0.003,2,0.003,1,0.001,1,0.001,8,0.01,2,0.003,2,0.004,5,0.012,2,0.005,1,0.004,1,0.006
Region 9,Region 24,4,0.024,1,0.011,0,0,0,0,0,0,0,0,5,0.01,20,0.025,25,0.029,13,0.018,5,0.009,2,0.003,4,0.007,5,0.008,2,0.003,7,0.01,11,0.016,11,0.014,8,0.011,7,0.013,3,0.007,4,0.011,2,0.008,4,0.022
Region 9,Region 25,1,0.006,1,0.011,0,0,0,0,0,0,1,0.004,2,0.004,1,0.001,1,0.001,1,0.001,1,0.002,1,0.002,0,0,0,0,1,0.002,0,0,0,0,0,0,0,0,0,0,0,0,1,0.003,1,0.004,0,0
Region 9,Region 26,0,0,0,0,0,0,0,0,0,0,0,0,1,0.002,0,0,0,0,1,0.001,0,0,0,0,2,0.003,0,0,0,0,0,0,0,0,0,0,0,0,0,0,0,0,0,0,0,0,0,0
Region 9,Region 27,1,0.006,0,0,0,0,0,0,1,0.009,1,0.004,1,0.002,0,0,0,0,0,0,0,0,0,0,0,0,0,0,0,0,1,0.001,1,0.001,0,0,0,0,0,0,1,0.002,0,0,0,0,0,0
Region 9,Region 28,0,0,0,0,0,0,0,0,0,0,1,0.004,7,0.014,13,0.016,26,0.03,9,0.013,2,0.003,2,0.003,3,0.005,3,0.005,1,0.002,0,0,0,0,1,0.001,1,0.001,6,0.011,6,0.014,4,0.011,1,0.004,0,0
Region 9,Region 29,1,0.006,1,0.011,2,0.03,1,0.014,1,0.009,2,0.008,1,0.002,7,0.009,0,0,4,0.006,1,0.002,1,0.002,1,0.002,2,0.003,0,0,1,0.001,3,0.004,1,0.001,1,0.001,0,0,0,0,3,0.008,0,0,2,0.011
Region 9,Region 30,0,0,0,0,0,0,0,0,0,0,0,0,1,0.002,3,0.004,2,0.002,0,0,0,0,0,0,0,0,0,0,1,0.002,3,0.004,1,0.001,1,0.001,1,0.001,1,0.002,1,0.002,0,0,2,0.008,1,0.006
Region 9,Region 31,2,0.012,0,0,1,0.015,3,0.043,1,0.009,0,0,4,0.008,8,0.01,11,0.013,8,0.011,6,0.01,3,0.005,4,0.007,4,0.007,1,0.002,1,0.001,4,0.006,3,0.004,5,0.007,3,0.006,1,0.002,0,0,0,0,1,0.006
Region 9,Region 32,0,0,0,0,0,0,0,0,0,0,0,0,0,0,0,0,0,0,1,0.001,0,0,0,0,0,0,1,0.002,1,0.002,0,0,0,0,2,0.003,1,0.001,0,0,1,0.002,0,0,1,0.004,0,0
Region 9,Region 33,4,0.024,7,0.077,4,0.06,0,0,2,0.017,7,0.027,23,0.047,15,0.019,24,0.028,15,0.021,7,0.012,5,0.009,11,0.018,3,0.005,6,0.01,1,0.001,5,0.007,3,0.004,6,0.008,7,0.013,5,0.012,5,0.014,5,0.019,3,0.017
Region 9,Region 34,2,0.012,1,0.011,0,0,2,0.029,8,0.068,3,0.012,7,0.014,9,0.011,10,0.012,6,0.008,6,0.01,7,0.012,4,0.007,4,0.007,1,0.002,0,0,2,0.003,7,0.009,4,0.005,4,0.007,4,0.009,7,0.019,3,0.011,2,0.011
Region 9,Region 35,0,0,0,0,0,0,0,0,0,0,0,0,1,0.002,0,0,0,0,0,0,0,0,0,0,0,0,1,0.002,1,0.002,1,0.001,0,0,0,0,0,0,0,0,0,0,0,0,0,0,0,0
Region 9,Region 36,0,0,0,0,0,0,0,0,0,0,1,0.004,0,0,0,0,0,0,0,0,0,0,0,0,0,0,0,0,0,0,0,0,0,0,0,0,0,0,0,0,0,0,0,0,0,0,0,0
Region 9,Region 37,0,0,0,0,1,0.015,1,0.014,0,0,2,0.008,8,0.016,7,0.009,7,0.008,5,0.007,4,0.007,1,0.002,1,0.002,1,0.002,0,0,1,0.001,0,0,2,0.003,2,0.003,0,0,0,0,0,0,2,0.008,1,0.006
Region 9,Region 38,0,0,1,0.011,1,0.015,1,0.014,0,0,0,0,2,0.004,3,0.004,4,0.005,0,0,1,0.002,2,0.003,0,0,1,0.002,0,0,1,0.001,2,0.003,1,0.001,3,0.004,0,0,2,0.005,0,0,1,0.004,0,0
Region 9,Region 39,1,0.006,1,0.011,1,0.015,1,0.014,1,0.009,0,0,2,0.004,9,0.011,6,0.007,2,0.003,1,0.002,1,0.002,2,0.003,0,0,4,0.006,0,0,1,0.001,2,0.003,0,0,1,0.002,0,0,2,0.005,2,0.008,2,0.011
Region 9,Region 40,9,0.054,4,0.044,6,0.09,6,0.086,7,0.06,10,0.039,9,0.018,20,0.025,21,0.025,14,0.02,11,0.019,9,0.015,14,0.023,15,0.024,17,0.027,22,0.032,19,0.027,15,0.019,15,0.02,11,0.02,9,0.021,10,0.027,8,0.03,3,0.017
Region 9,Region 41,13,0.078,3,0.033,2,0.03,5,0.071,6,0.051,12,0.047,32,0.065,55,0.07,39,0.046,30,0.042,20,0.034,20,0.034,19,0.031,24,0.039,31,0.05,37,0.054,24,0.035,24,0.031,18,0.024,19,0.035,19,0.044,18,0.049,9,0.034,11,0.061
Region 9,Region 42,0,0,1,0.011,1,0.015,0,0,0,0,0,0,0,0,2,0.003,0,0,0,0,0,0,0,0,0,0,0,0,0,0,0,0,0,0,0,0,0,0,0,0,0,0,0,0,0,0,0,0
Region 9,Region 43,0,0,0,0,0,0,0,0,0,0,1,0.004,2,0.004,1,0.001,0,0,1,0.001,1,0.002,1,0.002,0,0,0,0,0,0,0,0,0,0,0,0,1,0.001,1,0.002,0,0,0,0,0,0,0,0
Region 9,Region 44,0,0,1,0.011,0,0,0,0,1,0.009,5,0.019,19,0.039,36,0.046,39,0.046,35,0.05,7,0.012,5,0.009,8,0.013,6,0.01,9,0.014,8,0.012,12,0.017,11,0.014,12,0.016,7,0.013,0,0,2,0.005,1,0.004,3,0.017
Region 9,Region 45,0,0,0,0,0,0,0,0,0,0,1,0.004,1,0.002,4,0.005,3,0.004,4,0.006,2,0.003,2,0.003,1,0.002,1,0.002,1,0.002,1,0.001,1,0.001,4,0.005,2,0.003,0,0,0,0,1,0.003,2,0.008,0,0
Region 9,Region 46,7,0.042,2,0.022,2,0.03,4,0.057,5,0.043,6,0.023,13,0.027,39,0.049,42,0.049,28,0.04,27,0.046,13,0.022,16,0.026,18,0.029,14,0.022,9,0.013,6,0.009,21,0.027,13,0.018,11,0.02,9,0.021,9,0.025,3,0.011,1,0.006
Region 9,Region 47,2,0.012,0,0,1,0.015,1,0.014,1,0.009,3,0.012,15,0.031,26,0.033,25,0.029,19,0.027,7,0.012,7,0.012,7,0.011,6,0.01,5,0.008,5,0.007,3,0.004,5,0.006,7,0.01,3,0.006,3,0.007,1,0.003,4,0.015,2,0.011
Region 9,Region 48,1,0.006,1,0.011,0,0,0,0,0,0,0,0,0,0,0,0,1,0.001,0,0,0,0,0,0,0,0,0,0,0,0,1,0.001,0,0,0,0,0,0,1,0.002,1,0.002,0,0,0,0,0,0
Region 9,Region 49,0,0,0,0,0,0,1,0.014,1,0.009,0,0,2,0.004,2,0.003,0,0,2,0.003,1,0.002,0,0,0,0,2,0.003,1,0.002,0,0,1,0.001,1,0.001,2,0.003,0,0,0,0,0,0,1,0.004,1,0.006
Region 9,Region 50,0,0,0,0,0,0,0,0,0,0,1,0.004,0,0,0,0,0,0,1,0.001,0,0,0,0,0,0,0,0,0,0,0,0,0,0,2,0.003,0,0,0,0,0,0,0,0,0,0,0,0
Region 9,Region 51,1,0.006,2,0.022,1,0.015,0,0,2,0.017,2,0.008,9,0.018,16,0.02,10,0.012,11,0.016,6,0.01,5,0.009,2,0.003,5,0.008,3,0.005,3,0.004,0,0,7,0.009,8,0.011,4,0.007,2,0.005,2,0.005,0,0,0,0
Region 9,Region 52,0,0,0,0,0,0,0,0,1,0.009,0,0,0,0,0,0,2,0.002,0,0,0,0,0,0,0,0,0,0,0,0,1,0.001,0,0,0,0,0,0,0,0,0,0,0,0,0,0,0,0
Region 9,Region 53,0,0,0,0,0,0,0,0,1,0.009,2,0.008,3,0.006,3,0.004,2,0.002,4,0.006,4,0.007,1,0.002,0,0,1,0.002,0,0,1,0.001,0,0,1,0.001,0,0,0,0,0,0,0,0,1,0.004,0,0
Region 9,Region 54,0,0,0,0,0,0,0,0,0,0,1,0.004,0,0,0,0,1,0.001,1,0.001,0,0,1,0.002,3,0.005,1,0.002,1,0.002,1,0.001,0,0,0,0,1,0.001,4,0.007,0,0,0,0,1,0.004,0,0
Region 9,Region 55,0,0,1,0.011,0,0,2,0.029,5,0.043,5,0.019,4,0.008,16,0.02,25,0.029,6,0.008,6,0.01,2,0.003,3,0.005,0,0,3,0.005,4,0.006,0,0,1,0.001,2,0.003,1,0.002,3,0.007,3,0.008,1,0.004,1,0.006
Region 9,Region 56,0,0,1,0.011,1,0.015,0,0,0,0,0,0,3,0.006,6,0.008,5,0.006,3,0.004,2,0.003,3,0.005,3,0.005,1,0.002,1,0.002,1,0.001,0,0,1,0.001,2,0.003,0,0,1,0.002,1,0.003,3,0.011,1,0.006
Region 9,Region 57,0,0,0,0,0,0,0,0,0,0,0,0,1,0.002,1,0.001,1,0.001,0,0,0,0,0,0,0,0,0,0,0,0,0,0,0,0,0,0,0,0,0,0,0,0,0,0,0,0,0,0
Region 9,Region 58,30,0.18,19,0.209,22,0.329,30,0.428,20,0.17,21,0.081,35,0.071,50,0.063,54,0.063,50,0.071,49,0.084,44,0.075,47,0.076,47,0.077,38,0.061,35,0.051,21,0.03,31,0.04,35,0.048,35,0.064,20,0.046,16,0.044,20,0.076,26,0.144
Region 9,Region 59,0,0,0,0,0,0,1,0.014,2,0.017,0,0,0,0,0,0,1,0.001,1,0.001,2,0.003,1,0.002,1,0.002,0,0,0,0,1,0.001,1,0.001,1,0.001,0,0,0,0,0,0,0,0,0,0,0,0
Region 9,Region 60,0,0,0,0,0,0,0,0,0,0,2,0.008,1,0.002,1,0.001,1,0.001,0,0,1,0.002,1,0.002,0,0,0,0,0,0,0,0,0,0,1,0.001,1,0.001,0,0,0,0,0,0,0,0,0,0
Region 9,Region 61,2,0.012,1,0.011,1,0.015,0,0,1,0.009,3,0.012,4,0.008,6,0.008,7,0.008,5,0.007,3,0.005,8,0.014,3,0.005,5,0.008,3,0.005,4,0.006,7,0.01,6,0.008,9,0.012,4,0.007,1,0.002,5,0.014,5,0.019,0,0
Region 9,Region 62,2,0.012,1,0.011,0,0,1,0.014,1,0.009,2,0.008,3,0.006,13,0.016,13,0.015,3,0.004,2,0.003,2,0.003,3,0.005,3,0.005,1,0.002,3,0.004,2,0.003,2,0.003,1,0.001,1,0.002,1,0.002,3,0.008,2,0.008,3,0.017
Region 9,Region 63,9,0.054,3,0.033,3,0.045,0,0,4,0.034,17,0.066,21,0.043,27,0.034,13,0.015,10,0.014,13,0.022,14,0.024,11,0.018,13,0.021,11,0.018,9,0.013,8,0.012,8,0.01,11,0.015,6,0.011,7,0.016,6,0.016,2,0.008,0,0
Region 9,Region 64,2,0.012,0,0,0,0,0,0,0,0,1,0.004,4,0.008,4,0.005,2,0.002,2,0.003,3,0.005,3,0.005,0,0,0,0,0,0,6,0.009,3,0.004,3,0.004,1,0.001,1,0.002,0,0,1,0.003,0,0,0,0
Region 9,Region 65,1,0.006,1,0.011,0,0,0,0,0,0,0,0,1,0.002,0,0,1,0.001,1,0.001,0,0,0,0,0,0,0,0,1,0.002,4,0.006,0,0,0,0,1,0.001,0,0,0,0,0,0,0,0,0,0
Region 9,Region 66,0,0,0,0,0,0,1,0.014,1,0.009,2,0.008,0,0,0,0,0,0,0,0,1,0.002,0,0,2,0.003,0,0,0,0,0,0,0,0,0,0,2,0.003,1,0.002,1,0.002,0,0,0,0,0,0
Region 9,Region 67,0,0,0,0,0,0,0,0,1,0.009,0,0,1,0.002,4,0.005,2,0.002,1,0.001,1,0.002,1,0.002,2,0.003,0,0,0,0,1,0.001,4,0.006,2,0.003,1,0.001,0,0,0,0,0,0,0,0,0,0
Region 9,Region 68,0,0,0,0,0,0,0,0,0,0,0,0,0,0,1,0.001,0,0,0,0,0,0,1,0.002,0,0,0,0,0,0,0,0,0,0,0,0,1,0.001,0,0,0,0,0,0,0,0,0,0
Region 9,Region 69,0,0,0,0,0,0,1,0.014,0,0,2,0.008,8,0.016,14,0.018,23,0.027,16,0.023,5,0.009,2,0.003,1,0.002,1,0.002,1,0.002,1,0.001,0,0,0,0,1,0.001,1,0.002,0,0,2,0.005,1,0.004,2,0.011
Region 9,Region 70,0,0,0,0,0,0,0,0,0,0,0,0,0,0,0,0,0,0,0,0,0,0,0,0,0,0,0,0,0,0,0,0,0,0,0,0,1,0.001,0,0,0,0,0,0,0,0,0,0
Region 9,Region 71,0,0,0,0,0,0,0,0,0,0,0,0,2,0.004,2,0.003,1,0.001,2,0.003,0,0,0,0,0,0,0,0,0,0,0,0,0,0,0,0,0,0,0,0,0,0,0,0,0,0,0,0
Region 9,Region 72,5,0.03,3,0.033,4,0.06,4,0.057,4,0.034,6,0.023,17,0.035,13,0.016,12,0.014,18,0.025,18,0.031,16,0.027,17,0.028,15,0.024,11,0.018,6,0.009,4,0.006,8,0.01,11,0.015,11,0.02,5,0.012,8,0.022,9,0.034,3,0.017
Region 10,Region 0,0,0,0,0,0,0,0,0,0,0,0,0,0,0,0,0,0,0,0,0,1,0.002,0,0,0,0,0,0,1,0.002,0,0,0,0,0,0,0,0,0,0,1,0.002,1,0.003,1,0.004,0,0
Region 10,Region 1,19,0.114,6,0.066,8,0.12,3,0.043,2,0.017,5,0.019,23,0.047,47,0.06,94,0.11,111,0.157,101,0.173,67,0.115,82,0.133,77,0.125,64,0.103,74,0.108,117,0.168,109,0.14,125,0.17,77,0.142,44,0.101,33,0.09,26,0.099,14,0.077
Region 10,Region 2,1,0.006,1,0.011,0,0,0,0,0,0,0,0,3,0.006,0,0,2,0.002,1,0.001,0,0,2,0.003,0,0,0,0,0,0,2,0.003,0,0,2,0.003,1,0.001,1,0.002,1,0.002,1,0.003,0,0,1,0.006
Region 10,Region 3,0,0,1,0.011,0,0,0,0,0,0,0,0,0,0,0,0,0,0,0,0,1,0.002,1,0.002,1,0.002,1,0.002,0,0,1,0.001,1,0.001,0,0,0,0,3,0.006,1,0.002,0,0,0,0,0,0
Region 10,Region 4,0,0,0,0,0,0,0,0,0,0,1,0.004,1,0.002,2,0.003,1,0.001,0,0,0,0,1,0.002,2,0.003,1,0.002,2,0.003,1,0.001,3,0.004,1,0.001,0,0,1,0.002,4,0.009,1,0.003,0,0,0,0
Region 10,Region 5,0,0,0,0,0,0,0,0,0,0,0,0,0,0,0,0,0,0,0,0,1,0.002,1,0.002,0,0,0,0,0,0,0,0,0,0,0,0,0,0,0,0,2,0.005,0,0,0,0,0,0
Region 10,Region 6,0,0,0,0,1,0.015,0,0,0,0,0,0,0,0,2,0.003,0,0,0,0,0,0,0,0,2,0.003,1,0.002,4,0.006,6,0.009,2,0.003,3,0.004,1,0.001,3,0.006,1,0.002,2,0.005,1,0.004,1,0.006
Region 10,Region 7,1,0.006,0,0,0,0,0,0,0,0,0,0,1,0.002,1,0.001,0,0,0,0,0,0,0,0,0,0,1,0.002,1,0.002,1,0.001,1,0.001,2,0.003,1,0.001,0,0,3,0.007,1,0.003,0,0,0,0
Region 10,Region 8,0,0,0,0,0,0,0,0,0,0,0,0,0,0,5,0.006,0,0,5,0.007,4,0.007,1,0.002,3,0.005,4,0.007,10,0.016,4,0.006,4,0.006,11,0.014,2,0.003,0,0,1,0.002,2,0.005,1,0.004,0,0
Region 10,Region 9,0,0,0,0,0,0,0,0,0,0,0,0,1,0.002,3,0.004,0,0,1,0.001,0,0,0,0,2,0.003,2,0.003,2,0.003,2,0.003,1,0.001,2,0.003,1,0.001,4,0.007,0,0,1,0.003,1,0.004,0,0
Region 10,Region 10,30,0.18,11,0.121,6,0.09,10,0.143,3,0.026,22,0.085,66,0.135,120,0.152,179,0.209,199,0.282,148,0.254,168,0.288,248,0.404,228,0.371,209,0.336,149,0.217,212,0.305,250,0.322,237,0.322,142,0.261,90,0.207,83,0.227,49,0.186,25,0.138
Region 10,Region 11,0,0,0,0,0,0,0,0,0,0,0,0,0,0,0,0,0,0,0,0,0,0,0,0,1,0.002,0,0,0,0,0,0,0,0,0,0,0,0,0,0,0,0,0,0,0,0,0,0
Region 10,Region 12,0,0,0,0,1,0.015,0,0,1,0.009,0,0,1,0.002,3,0.004,2,0.002,0,0,2,0.003,0,0,2,0.003,1,0.002,1,0.002,1,0.001,0,0,0,0,4,0.005,1,0.002,0,0,0,0,0,0,0,0
Region 10,Region 13,11,0.066,6,0.066,2,0.03,0,0,2,0.017,6,0.023,12,0.025,44,0.056,61,0.071,55,0.078,39,0.067,21,0.036,28,0.046,24,0.039,22,0.035,15,0.022,32,0.046,18,0.023,18,0.024,15,0.028,19,0.044,8,0.022,7,0.027,4,0.022
Region 10,Region 14,1,0.006,0,0,0,0,0,0,1,0.009,2,0.008,1,0.002,13,0.016,14,0.016,6,0.008,8,0.014,5,0.009,10,0.016,12,0.02,12,0.019,11,0.016,15,0.022,21,0.027,16,0.022,5,0.009,1,0.002,1,0.003,4,0.015,1,0.006
Region 10,Region 15,0,0,0,0,0,0,0,0,0,0,0,0,1,0.002,0,0,1,0.001,2,0.003,0,0,0,0,0,0,2,0.003,3,0.005,0,0,4,0.006,1,0.001,4,0.005,1,0.002,4,0.009,1,0.003,2,0.008,0,0
Region 10,Region 16,0,0,0,0,0,0,0,0,0,0,0,0,0,0,0,0,0,0,0,0,0,0,0,0,0,0,0,0,3,0.005,0,0,0,0,2,0.003,1,0.001,0,0,0,0,0,0,0,0,0,0
Region 10,Region 17,0,0,1,0.011,0,0,0,0,0,0,0,0,0,0,2,0.003,0,0,4,0.006,4,0.007,1,0.002,1,0.002,1,0.002,3,0.005,4,0.006,4,0.006,4,0.005,4,0.005,3,0.006,3,0.007,2,0.005,1,0.004,1,0.006
Region 10,Region 18,0,0,0,0,0,0,0,0,0,0,0,0,0,0,0,0,0,0,0,0,1,0.002,0,0,1,0.002,0,0,0,0,0,0,0,0,0,0,0,0,0,0,2,0.005,0,0,0,0,0,0
Region 10,Region 19,0,0,0,0,0,0,0,0,0,0,0,0,0,0,0,0,0,0,1,0.001,2,0.003,2,0.003,1,0.002,0,0,1,0.002,1,0.001,1,0.001,3,0.004,0,0,1,0.002,0,0,0,0,0,0,0,0
Region 10,Region 20,7,0.042,4,0.044,5,0.075,4,0.057,1,0.009,3,0.012,11,0.022,17,0.022,51,0.06,52,0.074,27,0.046,46,0.079,40,0.065,25,0.041,29,0.047,24,0.035,46,0.066,40,0.051,42,0.057,15,0.028,16,0.037,16,0.044,13,0.049,5,0.028
Region 10,Region 21,0,0,0,0,0,0,0,0,0,0,1,0.004,0,0,0,0,0,0,0,0,0,0,0,0,0,0,0,0,0,0,0,0,0,0,0,0,0,0,0,0,0,0,0,0,0,0,1,0.006
Region 10,Region 22,0,0,1,0.011,1,0.015,1,0.014,0,0,0,0,0,0,0,0,1,0.001,0,0,0,0,0,0,0,0,0,0,0,0,0,0,1,0.001,0,0,0,0,1,0.002,1,0.002,1,0.003,0,0,0,0
Region 10,Region 23,1,0.006,1,0.011,0,0,0,0,0,0,0,0,0,0,1,0.001,5,0.006,0,0,2,0.003,2,0.003,3,0.005,4,0.007,1,0.002,0,0,5,0.007,3,0.004,8,0.011,5,0.009,3,0.007,6,0.016,2,0.008,2,0.011
Region 10,Region 24,2,0.012,3,0.033,0,0,1,0.014,1,0.009,1,0.004,0,0,3,0.004,1,0.001,6,0.008,5,0.009,4,0.007,5,0.008,2,0.003,5,0.008,5,0.007,5,0.007,5,0.006,3,0.004,5,0.009,2,0.005,3,0.008,4,0.015,1,0.006
Region 10,Region 25,4,0.024,7,0.077,3,0.045,4,0.057,1,0.009,6,0.023,9,0.018,22,0.028,47,0.055,43,0.061,35,0.06,30,0.051,25,0.041,23,0.037,33,0.053,30,0.044,35,0.05,34,0.044,50,0.068,25,0.046,25,0.058,14,0.038,6,0.023,5,0.028
Region 10,Region 26,0,0,1,0.011,1,0.015,0,0,0,0,1,0.004,1,0.002,10,0.013,9,0.011,13,0.018,11,0.019,8,0.014,10,0.016,8,0.013,12,0.019,12,0.017,14,0.02,15,0.019,20,0.027,5,0.009,5,0.012,6,0.016,3,0.011,0,0
Region 10,Region 27,0,0,0,0,0,0,0,0,0,0,0,0,0,0,1,0.001,0,0,1,0.001,2,0.003,1,0.002,0,0,1,0.002,3,0.005,1,0.001,1,0.001,3,0.004,0,0,1,0.002,0,0,0,0,0,0,0,0
Region 10,Region 28,1,0.006,0,0,1,0.015,1,0.014,0,0,0,0,2,0.004,1,0.001,1,0.001,3,0.004,0,0,1,0.002,2,0.003,3,0.005,4,0.006,9,0.013,6,0.009,4,0.005,4,0.005,3,0.006,2,0.005,0,0,0,0,0,0
Region 10,Region 29,3,0.018,0,0,1,0.015,0,0,0,0,0,0,2,0.004,2,0.003,6,0.007,7,0.01,5,0.009,2,0.003,6,0.01,6,0.01,2,0.003,9,0.013,7,0.01,6,0.008,4,0.005,3,0.006,2,0.005,5,0.014,8,0.03,2,0.011
Region 10,Region 30,5,0.03,2,0.022,1,0.015,1,0.014,3,0.026,7,0.027,9,0.018,44,0.056,69,0.081,75,0.106,62,0.106,44,0.075,45,0.073,60,0.098,54,0.087,63,0.092,62,0.089,96,0.123,79,0.107,38,0.07,33,0.076,21,0.057,17,0.065,13,0.072
Region 10,Region 31,2,0.012,2,0.022,0,0,0,0,0,0,0,0,4,0.008,12,0.015,13,0.015,15,0.021,12,0.021,10,0.017,9,0.015,20,0.033,11,0.018,11,0.016,15,0.022,14,0.018,24,0.033,15,0.028,11,0.025,11,0.03,4,0.015,3,0.017
Region 10,Region 32,0,0,0,0,0,0,0,0,0,0,0,0,0,0,0,0,0,0,1,0.001,0,0,0,0,1,0.002,0,0,1,0.002,0,0,1,0.001,0,0,0,0,0,0,2,0.005,1,0.003,0,0,0,0
Region 10,Region 33,29,0.174,9,0.099,10,0.15,7,0.1,9,0.077,11,0.043,35,0.071,76,0.096,119,0.139,107,0.151,73,0.125,97,0.166,101,0.164,100,0.163,120,0.193,166,0.242,119,0.171,108,0.139,75,0.102,77,0.142,57,0.131,61,0.167,39,0.148,38,0.21
Region 10,Region 34,12,0.072,3,0.033,4,0.06,7,0.1,3,0.026,7,0.027,15,0.031,55,0.07,81,0.095,62,0.088,62,0.106,56,0.096,42,0.068,43,0.07,55,0.088,50,0.073,59,0.085,55,0.071,73,0.099,44,0.081,23,0.053,25,0.068,22,0.084,12,0.066
Region 10,Region 35,5,0.03,4,0.044,2,0.03,4,0.057,2,0.017,3,0.012,8,0.016,16,0.02,18,0.021,30,0.042,28,0.048,30,0.051,20,0.033,15,0.024,25,0.04,18,0.026,35,0.05,31,0.04,30,0.041,19,0.035,7,0.016,7,0.019,12,0.046,6,0.033
Region 10,Region 36,1,0.006,0,0,0,0,0,0,0,0,1,0.004,1,0.002,0,0,3,0.004,0,0,2,0.003,4,0.007,1,0.002,2,0.003,4,0.006,3,0.004,2,0.003,4,0.005,4,0.005,2,0.004,1,0.002,1,0.003,1,0.004,0,0
Region 10,Region 37,3,0.018,1,0.011,0,0,0,0,0,0,0,0,2,0.004,2,0.003,1,0.001,4,0.006,4,0.007,3,0.005,4,0.007,0,0,3,0.005,4,0.006,9,0.013,5,0.006,7,0.01,3,0.006,1,0.002,2,0.005,0,0,0,0
Region 10,Region 38,1,0.006,0,0,0,0,0,0,0,0,0,0,0,0,2,0.003,4,0.005,2,0.003,0,0,0,0,1,0.002,2,0.003,0,0,3,0.004,4,0.006,4,0.005,2,0.003,0,0,0,0,2,0.005,0,0,0,0
Region 10,Region 39,1,0.006,0,0,1,0.015,1,0.014,0,0,0,0,1,0.002,0,0,1,0.001,0,0,1,0.002,1,0.002,1,0.002,0,0,2,0.003,0,0,0,0,0,0,3,0.004,1,0.002,0,0,0,0,1,0.004,0,0
Region 10,Region 40,14,0.084,5,0.055,5,0.075,5,0.071,0,0,8,0.031,6,0.012,19,0.024,16,0.019,10,0.014,26,0.045,14,0.024,14,0.023,12,0.02,15,0.024,22,0.032,15,0.022,19,0.024,14,0.019,21,0.039,22,0.051,8,0.022,9,0.034,8,0.044
Region 10,Region 41,7,0.042,6,0.066,3,0.045,1,0.014,5,0.043,14,0.054,17,0.035,37,0.047,32,0.037,32,0.045,37,0.063,32,0.055,35,0.057,34,0.055,42,0.067,35,0.051,62,0.089,57,0.073,57,0.078,53,0.098,22,0.051,19,0.052,22,0.084,8,0.044
Region 10,Region 42,0,0,1,0.011,1,0.015,1,0.014,1,0.009,0,0,0,0,5,0.006,10,0.012,3,0.004,11,0.019,4,0.007,6,0.01,10,0.016,7,0.011,7,0.01,10,0.014,21,0.027,6,0.008,6,0.011,5,0.012,6,0.016,5,0.019,2,0.011
Region 10,Region 43,2,0.012,1,0.011,0,0,1,0.014,0,0,0,0,0,0,1,0.001,3,0.004,0,0,1,0.002,2,0.003,5,0.008,2,0.003,1,0.002,0,0,2,0.003,2,0.003,3,0.004,4,0.007,2,0.005,0,0,0,0,1,0.006
Region 10,Region 44,0,0,1,0.011,0,0,0,0,1,0.009,0,0,1,0.002,0,0,2,0.002,1,0.001,2,0.003,2,0.003,1,0.002,2,0.003,1,0.002,3,0.004,4,0.006,0,0,1,0.001,2,0.004,1,0.002,1,0.003,0,0,0,0
Region 10,Region 45,1,0.006,0,0,1,0.015,0,0,0,0,2,0.008,0,0,9,0.011,7,0.008,13,0.018,11,0.019,9,0.015,5,0.008,6,0.01,10,0.016,10,0.015,12,0.017,14,0.018,15,0.02,17,0.031,5,0.012,7,0.019,2,0.008,1,0.006
Region 10,Region 46,15,0.09,5,0.055,11,0.165,9,0.128,12,0.102,43,0.167,32,0.065,55,0.07,43,0.05,57,0.081,47,0.081,46,0.079,61,0.099,42,0.068,66,0.106,32,0.047,72,0.104,66,0.085,53,0.072,66,0.122,27,0.062,19,0.052,13,0.049,6,0.033
Region 10,Region 47,0,0,1,0.011,0,0,1,0.014,2,0.017,2,0.008,2,0.004,3,0.004,1,0.001,1,0.001,3,0.005,5,0.009,3,0.005,1,0.002,4,0.006,7,0.01,7,0.01,1,0.001,2,0.003,6,0.011,5,0.012,1,0.003,1,0.004,0,0
Region 10,Region 48,1,0.006,0,0,0,0,0,0,0,0,0,0,1,0.002,0,0,4,0.005,0,0,0,0,0,0,1,0.002,2,0.003,1,0.002,0,0,0,0,0,0,1,0.001,0,0,0,0,3,0.008,0,0,0,0
Region 10,Region 49,0,0,1,0.011,0,0,0,0,0,0,0,0,0,0,0,0,0,0,0,0,0,0,0,0,0,0,0,0,0,0,0,0,1,0.001,1,0.001,1,0.001,0,0,0,0,0,0,0,0,0,0
Region 10,Region 50,4,0.024,0,0,0,0,1,0.014,1,0.009,3,0.012,4,0.008,7,0.009,8,0.009,4,0.006,8,0.014,4,0.007,6,0.01,3,0.005,5,0.008,10,0.015,11,0.016,19,0.024,12,0.016,9,0.017,1,0.002,6,0.016,5,0.019,1,0.006
Region 10,Region 51,5,0.03,4,0.044,6,0.09,1,0.014,3,0.026,11,0.043,25,0.051,82,0.104,97,0.113,95,0.134,56,0.096,55,0.094,45,0.073,70,0.114,47,0.076,57,0.083,92,0.132,62,0.08,85,0.116,42,0.077,30,0.069,27,0.074,22,0.084,7,0.039
Region 10,Region 52,0,0,0,0,0,0,0,0,0,0,1,0.004,0,0,4,0.005,5,0.006,12,0.017,13,0.022,8,0.014,5,0.008,6,0.01,2,0.003,9,0.013,18,0.026,11,0.014,12,0.016,6,0.011,5,0.012,8,0.022,2,0.008,1,0.006
Region 10,Region 53,0,0,0,0,0,0,0,0,0,0,0,0,0,0,0,0,0,0,1,0.001,0,0,0,0,0,0,0,0,1,0.002,0,0,1,0.001,0,0,0,0,0,0,0,0,1,0.003,0,0,0,0
Region 10,Region 54,11,0.066,8,0.088,7,0.105,2,0.029,2,0.017,10,0.039,16,0.033,12,0.015,39,0.046,33,0.047,45,0.077,38,0.065,53,0.086,51,0.083,42,0.067,48,0.07,73,0.105,64,0.082,53,0.072,31,0.057,28,0.064,21,0.057,12,0.046,10,0.055
Region 10,Region 55,0,0,1,0.011,0,0,0,0,0,0,3,0.012,1,0.002,1,0.001,3,0.004,2,0.003,0,0,2,0.003,3,0.005,1,0.002,5,0.008,3,0.004,2,0.003,4,0.005,2,0.003,2,0.004,1,0.002,1,0.003,2,0.008,0,0
Region 10,Region 56,1,0.006,0,0,0,0,0,0,0,0,1,0.004,0,0,3,0.004,2,0.002,0,0,1,0.002,0,0,0,0,0,0,2,0.003,4,0.006,1,0.001,1,0.001,4,0.005,0,0,0,0,0,0,1,0.004,0,0
Region 10,Region 57,1,0.006,0,0,0,0,1,0.014,0,0,0,0,0,0,8,0.01,4,0.005,5,0.007,8,0.014,7,0.012,5,0.008,2,0.003,12,0.019,10,0.015,19,0.027,12,0.015,16,0.022,8,0.015,1,0.002,4,0.011,2,0.008,3,0.017
Region 10,Region 58,6,0.036,2,0.022,2,0.03,2,0.029,3,0.026,3,0.012,13,0.027,14,0.018,11,0.013,17,0.024,16,0.027,15,0.026,22,0.036,11,0.018,29,0.047,22,0.032,13,0.019,15,0.019,18,0.024,18,0.033,8,0.018,9,0.025,3,0.011,4,0.022
Region 10,Region 59,1,0.006,1,0.011,0,0,1,0.014,0,0,0,0,0,0,2,0.003,2,0.002,5,0.007,2,0.003,2,0.003,4,0.007,5,0.008,3,0.005,8,0.012,3,0.004,4,0.005,2,0.003,6,0.011,3,0.007,0,0,0,0,1,0.006
Region 10,Region 60,5,0.03,4,0.044,1,0.015,2,0.029,1,0.009,4,0.016,7,0.014,34,0.043,28,0.033,35,0.05,29,0.05,33,0.057,39,0.063,45,0.073,40,0.064,41,0.06,36,0.052,56,0.072,59,0.08,47,0.087,20,0.046,16,0.044,13,0.049,8,0.044
Region 10,Region 61,0,0,1,0.011,0,0,0,0,0,0,1,0.004,2,0.004,1,0.001,0,0,1,0.001,2,0.003,2,0.003,1,0.002,0,0,0,0,1,0.001,2,0.003,1,0.001,1,0.001,5,0.009,0,0,1,0.003,0,0,3,0.017
Region 10,Region 62,1,0.006,0,0,0,0,0,0,0,0,0,0,0,0,0,0,0,0,0,0,2,0.003,0,0,0,0,0,0,0,0,0,0,0,0,0,0,0,0,1,0.002,0,0,0,0,0,0,2,0.011
Region 10,Region 63,0,0,0,0,0,0,0,0,0,0,1,0.004,0,0,0,0,3,0.004,3,0.004,1,0.002,0,0,1,0.002,0,0,0,0,0,0,1,0.001,1,0.001,2,0.003,1,0.002,2,0.005,0,0,1,0.004,0,0
Region 10,Region 64,1,0.006,0,0,0,0,0,0,0,0,0,0,0,0,2,0.003,2,0.002,2,0.003,0,0,0,0,0,0,1,0.002,0,0,1,0.001,1,0.001,0,0,1,0.001,0,0,0,0,1,0.003,1,0.004,0,0
Region 10,Region 65,1,0.006,1,0.011,0,0,1,0.014,0,0,1,0.004,3,0.006,10,0.013,17,0.02,17,0.024,9,0.015,8,0.014,7,0.011,13,0.021,10,0.016,9,0.013,5,0.007,5,0.006,11,0.015,5,0.009,2,0.005,6,0.016,5,0.019,2,0.011
Region 10,Region 66,0,0,0,0,2,0.03,0,0,0,0,1,0.004,4,0.008,6,0.008,8,0.009,5,0.007,7,0.012,10,0.017,6,0.01,9,0.015,10,0.016,2,0.003,8,0.012,11,0.014,13,0.018,13,0.024,5,0.012,7,0.019,5,0.019,1,0.006
Region 10,Region 67,0,0,0,0,0,0,0,0,0,0,0,0,0,0,0,0,0,0,0,0,0,0,0,0,0,0,0,0,0,0,0,0,0,0,0,0,0,0,0,0,0,0,0,0,0,0,0,0
Region 10,Region 68,0,0,0,0,0,0,0,0,0,0,0,0,0,0,4,0.005,10,0.012,2,0.003,4,0.007,1,0.002,5,0.008,4,0.007,1,0.002,3,0.004,8,0.012,9,0.012,1,0.001,6,0.011,3,0.007,4,0.011,0,0,1,0.006
Region 10,Region 69,0,0,0,0,2,0.03,0,0,0,0,1,0.004,2,0.004,7,0.009,13,0.015,13,0.018,7,0.012,3,0.005,3,0.005,5,0.008,2,0.003,3,0.004,5,0.007,4,0.005,5,0.007,3,0.006,4,0.009,1,0.003,3,0.011,1,0.006
Region 10,Region 70,0,0,0,0,0,0,0,0,0,0,0,0,0,0,3,0.004,1,0.001,1,0.001,3,0.005,6,0.01,3,0.005,5,0.008,1,0.002,5,0.007,3,0.004,2,0.003,1,0.001,2,0.004,5,0.012,1,0.003,0,0,1,0.006
Region 10,Region 71,1,0.006,2,0.022,0,0,0,0,0,0,2,0.008,5,0.01,19,0.024,21,0.025,15,0.021,11,0.019,8,0.014,16,0.026,12,0.02,14,0.022,10,0.015,6,0.009,15,0.019,6,0.008,7,0.013,5,0.012,3,0.008,2,0.008,0,0
Region 10,Region 72,50,0.3,31,0.341,27,0.404,25,0.356,22,0.187,40,0.155,81,0.165,142,0.18,219,0.256,238,0.337,140,0.24,160,0.274,200,0.325,198,0.322,249,0.4,263,0.383,332,0.478,349,0.449,316,0.43,202,0.372,127,0.292,126,0.345,90,0.342,50,0.276
Region 11,Region 0,0,0,0,0,0,0,0,0,0,0,0,0,0,0,0,0,0,0,0,0,0,0,0,0,0,0,0,0,0,0,0,0,0,0,0,0,0,0,0,0,0,0,0,0,0,0,0,0
Region 11,Region 1,0,0,0,0,0,0,1,0.014,0,0,0,0,1,0.002,3,0.004,1,0.001,0,0,1,0.002,1,0.002,0,0,0,0,0,0,0,0,1,0.001,0,0,0,0,1,0.002,2,0.005,1,0.003,3,0.011,0,0
Region 11,Region 2,0,0,0,0,0,0,0,0,0,0,0,0,1,0.002,0,0,0,0,0,0,0,0,0,0,0,0,0,0,0,0,0,0,0,0,0,0,0,0,1,0.002,0,0,0,0,0,0,0,0
Region 11,Region 3,0,0,0,0,0,0,0,0,0,0,0,0,0,0,0,0,0,0,0,0,0,0,1,0.002,0,0,0,0,0,0,0,0,0,0,0,0,1,0.001,0,0,0,0,0,0,0,0,0,0
Region 11,Region 4,5,0.03,1,0.011,0,0,0,0,0,0,0,0,5,0.01,13,0.016,6,0.007,4,0.006,1,0.002,6,0.01,0,0,7,0.011,1,0.002,5,0.007,1,0.001,3,0.004,4,0.005,5,0.009,3,0.007,0,0,2,0.008,2,0.011
Region 11,Region 5,0,0,0,0,0,0,0,0,0,0,0,0,0,0,0,0,0,0,0,0,0,0,0,0,0,0,0,0,0,0,0,0,0,0,0,0,0,0,0,0,0,0,0,0,0,0,0,0
Region 11,Region 6,0,0,0,0,0,0,0,0,0,0,0,0,0,0,0,0,1,0.001,0,0,0,0,1,0.002,1,0.002,0,0,1,0.002,0,0,0,0,0,0,0,0,0,0,1,0.002,0,0,0,0,1,0.006
Region 11,Region 7,0,0,0,0,0,0,0,0,0,0,0,0,0,0,0,0,1,0.001,0,0,0,0,0,0,0,0,0,0,0,0,0,0,0,0,0,0,1,0.001,1,0.002,0,0,0,0,0,0,0,0
Region 11,Region 8,0,0,0,0,0,0,0,0,0,0,0,0,0,0,0,0,0,0,0,0,0,0,0,0,0,0,0,0,0,0,0,0,0,0,0,0,0,0,0,0,0,0,0,0,0,0,0,0
Region 11,Region 9,3,0.018,0,0,0,0,1,0.014,0,0,1,0.004,0,0,6,0.008,5,0.006,2,0.003,1,0.002,7,0.012,3,0.005,8,0.013,3,0.005,3,0.004,3,0.004,10,0.013,5,0.007,7,0.013,1,0.002,3,0.008,2,0.008,0,0
Region 11,Region 10,0,0,0,0,0,0,0,0,0,0,0,0,1,0.002,1,0.001,2,0.002,0,0,0,0,0,0,0,0,0,0,1,0.002,0,0,0,0,0,0,0,0,0,0,0,0,1,0.003,1,0.004,2,0.011
Region 11,Region 11,3,0.018,1,0.011,2,0.03,0,0,1,0.009,1,0.004,4,0.008,7,0.009,3,0.004,2,0.003,8,0.014,10,0.017,12,0.02,8,0.013,10,0.016,13,0.019,8,0.012,14,0.018,14,0.019,9,0.017,11,0.025,9,0.025,3,0.011,3,0.017
Region 11,Region 12,1,0.006,2,0.022,0,0,0,0,1,0.009,2,0.008,1,0.002,5,0.006,6,0.007,2,0.003,3,0.005,3,0.005,5,0.008,2,0.003,5,0.008,0,0,8,0.012,5,0.006,6,0.008,0,0,4,0.009,3,0.008,1,0.004,1,0.006
Region 11,Region 13,1,0.006,1,0.011,0,0,0,0,0,0,0,0,0,0,5,0.006,5,0.006,5,0.007,1,0.002,3,0.005,2,0.003,1,0.002,3,0.005,2,0.003,3,0.004,2,0.003,3,0.004,3,0.006,2,0.005,3,0.008,0,0,1,0.006
Region 11,Region 14,0,0,0,0,0,0,0,0,0,0,0,0,0,0,0,0,0,0,0,0,0,0,0,0,0,0,0,0,0,0,0,0,0,0,0,0,0,0,0,0,0,0,0,0,0,0,0,0
Region 11,Region 15,0,0,0,0,0,0,0,0,0,0,1,0.004,0,0,1,0.001,1,0.001,1,0.001,1,0.002,0,0,1,0.002,3,0.005,1,0.002,2,0.003,0,0,1,0.001,0,0,2,0.004,3,0.007,0,0,2,0.008,1,0.006
Region 11,Region 16,0,0,0,0,0,0,0,0,0,0,0,0,0,0,0,0,0,0,0,0,0,0,0,0,0,0,0,0,0,0,0,0,0,0,0,0,0,0,0,0,0,0,0,0,0,0,0,0
Region 11,Region 17,0,0,0,0,0,0,0,0,1,0.009,1,0.004,2,0.004,0,0,0,0,2,0.003,0,0,0,0,0,0,0,0,1,0.002,1,0.001,0,0,2,0.003,0,0,2,0.004,2,0.005,1,0.003,0,0,0,0
Region 11,Region 18,3,0.018,0,0,1,0.015,1,0.014,0,0,1,0.004,1,0.002,6,0.008,10,0.012,2,0.003,1,0.002,3,0.005,1,0.002,3,0.005,5,0.008,8,0.012,5,0.007,7,0.009,8,0.011,8,0.015,6,0.014,4,0.011,2,0.008,0,0
Region 11,Region 19,0,0,0,0,0,0,0,0,0,0,1,0.004,0,0,0,0,1,0.001,0,0,0,0,0,0,0,0,0,0,0,0,0,0,0,0,1,0.001,1,0.001,0,0,0,0,0,0,0,0,0,0
Region 11,Region 20,0,0,0,0,0,0,0,0,0,0,0,0,0,0,1,0.001,0,0,1,0.001,1,0.002,0,0,0,0,0,0,0,0,3,0.004,0,0,1,0.001,0,0,0,0,0,0,0,0,0,0,0,0
Region 11,Region 21,0,0,0,0,0,0,0,0,0,0,0,0,1,0.002,0,0,0,0,0,0,0,0,0,0,0,0,0,0,0,0,0,0,0,0,0,0,0,0,0,0,0,0,0,0,0,0,0,0
Region 11,Region 22,0,0,0,0,0,0,0,0,0,0,0,0,0,0,0,0,0,0,0,0,0,0,0,0,0,0,0,0,0,0,0,0,0,0,0,0,0,0,0,0,0,0,0,0,0,0,0,0
Region 11,Region 23,0,0,0,0,1,0.015,0,0,0,0,1,0.004,0,0,3,0.004,0,0,2,0.003,2,0.003,1,0.002,3,0.005,1,0.002,2,0.003,1,0.001,1,0.001,2,0.003,3,0.004,2,0.004,2,0.005,0,0,2,0.008,0,0
Region 11,Region 24,0,0,0,0,0,0,0,0,0,0,0,0,1,0.002,0,0,0,0,0,0,0,0,1,0.002,0,0,0,0,1,0.002,1,0.001,0,0,1,0.001,0,0,0,0,4,0.009,3,0.008,0,0,0,0
Region 11,Region 25,0,0,0,0,0,0,0,0,0,0,0,0,0,0,0,0,0,0,0,0,0,0,0,0,0,0,1,0.002,0,0,0,0,0,0,0,0,0,0,0,0,0,0,0,0,0,0,0,0
Region 11,Region 26,0,0,0,0,0,0,0,0,0,0,0,0,0,0,0,0,0,0,0,0,0,0,0,0,0,0,0,0,0,0,0,0,0,0,0,0,0,0,0,0,0,0,0,0,0,0,0,0
Region 11,Region 27,0,0,0,0,0,0,0,0,0,0,0,0,0,0,0,0,0,0,0,0,0,0,0,0,0,0,0,0,0,0,0,0,0,0,0,0,0,0,0,0,1,0.002,0,0,0,0,0,0
Region 11,Region 28,0,0,0,0,0,0,0,0,0,0,0,0,0,0,1,0.001,2,0.002,0,0,0,0,1,0.002,2,0.003,0,0,1,0.002,0,0,0,0,2,0.003,1,0.001,0,0,0,0,0,0,0,0,0,0
Region 11,Region 29,0,0,0,0,0,0,0,0,0,0,1,0.004,0,0,3,0.004,3,0.004,1,0.001,1,0.002,1,0.002,0,0,0,0,0,0,0,0,2,0.003,1,0.001,2,0.003,0,0,2,0.005,1,0.003,0,0,0,0
Region 11,Region 30,0,0,0,0,0,0,0,0,0,0,0,0,1,0.002,1,0.001,0,0,1,0.001,1,0.002,0,0,0,0,0,0,0,0,0,0,0,0,0,0,2,0.003,0,0,0,0,1,0.003,1,0.004,0,0
Region 11,Region 31,0,0,0,0,1,0.015,0,0,0,0,0,0,1,0.002,1,0.001,3,0.004,1,0.001,1,0.002,0,0,0,0,0,0,1,0.002,0,0,0,0,1,0.001,3,0.004,0,0,0,0,1,0.003,0,0,0,0
Region 11,Region 32,0,0,0,0,0,0,0,0,0,0,0,0,0,0,0,0,0,0,0,0,0,0,0,0,0,0,0,0,0,0,0,0,0,0,0,0,0,0,0,0,0,0,0,0,0,0,1,0.006
Region 11,Region 33,0,0,0,0,1,0.015,0,0,0,0,0,0,1,0.002,2,0.003,1,0.001,2,0.003,1,0.002,1,0.002,0,0,2,0.003,0,0,0,0,0,0,0,0,0,0,0,0,1,0.002,0,0,0,0,0,0
Region 11,Region 34,0,0,1,0.011,0,0,0,0,0,0,0,0,4,0.008,2,0.003,1,0.001,1,0.001,0,0,4,0.007,2,0.003,3,0.005,0,0,0,0,1,0.001,1,0.001,3,0.004,2,0.004,0,0,2,0.005,0,0,1,0.006
Region 11,Region 35,0,0,0,0,0,0,0,0,0,0,0,0,0,0,0,0,0,0,0,0,0,0,0,0,0,0,0,0,0,0,0,0,0,0,0,0,0,0,0,0,0,0,0,0,0,0,0,0
Region 11,Region 36,0,0,0,0,0,0,0,0,0,0,0,0,1,0.002,0,0,0,0,0,0,0,0,0,0,0,0,0,0,0,0,0,0,0,0,0,0,0,0,0,0,0,0,0,0,0,0,0,0
Region 11,Region 37,0,0,0,0,0,0,0,0,0,0,0,0,0,0,1,0.001,2,0.002,2,0.003,0,0,0,0,0,0,1,0.002,0,0,0,0,0,0,3,0.004,1,0.001,0,0,0,0,0,0,0,0,1,0.006
Region 11,Region 38,0,0,0,0,0,0,0,0,0,0,0,0,0,0,1,0.001,3,0.004,0,0,3,0.005,1,0.002,1,0.002,0,0,0,0,0,0,1,0.001,1,0.001,0,0,0,0,1,0.002,2,0.005,0,0,0,0
Region 11,Region 39,0,0,0,0,0,0,0,0,0,0,0,0,0,0,1,0.001,1,0.001,0,0,0,0,0,0,0,0,3,0.005,0,0,0,0,0,0,0,0,0,0,0,0,0,0,0,0,0,0,0,0
Region 11,Region 40,2,0.012,1,0.011,0,0,0,0,1,0.009,1,0.004,1,0.002,0,0,1,0.001,0,0,0,0,0,0,0,0,1,0.002,0,0,0,0,0,0,0,0,0,0,0,0,1,0.002,0,0,0,0,0,0
Region 11,Region 41,3,0.018,2,0.022,2,0.03,0,0,1,0.009,1,0.004,10,0.02,10,0.013,10,0.012,6,0.008,8,0.014,6,0.01,10,0.016,12,0.02,5,0.008,7,0.01,8,0.012,7,0.009,11,0.015,11,0.02,8,0.018,5,0.014,0,0,5,0.028
Region 11,Region 42,0,0,0,0,0,0,0,0,0,0,0,0,0,0,0,0,0,0,0,0,0,0,1,0.002,0,0,0,0,0,0,0,0,0,0,0,0,0,0,0,0,0,0,0,0,0,0,0,0
Region 11,Region 43,0,0,0,0,0,0,0,0,0,0,0,0,1,0.002,0,0,0,0,0,0,0,0,2,0.003,0,0,0,0,1,0.002,1,0.001,0,0,1,0.001,1,0.001,0,0,0,0,1,0.003,0,0,0,0
Region 11,Region 44,0,0,0,0,0,0,0,0,0,0,0,0,0,0,0,0,3,0.004,1,0.001,0,0,1,0.002,0,0,0,0,1,0.002,0,0,0,0,0,0,0,0,0,0,0,0,1,0.003,0,0,0,0
Region 11,Region 45,0,0,0,0,0,0,0,0,0,0,1,0.004,1,0.002,1,0.001,2,0.002,1,0.001,1,0.002,0,0,2,0.003,0,0,0,0,0,0,2,0.003,4,0.005,0,0,2,0.004,1,0.002,0,0,0,0,0,0
Region 11,Region 46,1,0.006,1,0.011,1,0.015,2,0.029,2,0.017,8,0.031,10,0.02,16,0.02,9,0.011,15,0.021,9,0.015,15,0.026,17,0.028,12,0.02,14,0.022,11,0.016,14,0.02,13,0.017,18,0.024,21,0.039,14,0.032,9,0.025,6,0.023,5,0.028
Region 11,Region 47,0,0,2,0.022,0,0,1,0.014,1,0.009,1,0.004,0,0,4,0.005,3,0.004,1,0.001,2,0.003,0,0,0,0,1,0.002,3,0.005,4,0.006,4,0.006,1,0.001,4,0.005,2,0.004,1,0.002,2,0.005,1,0.004,0,0
Region 11,Region 48,1,0.006,0,0,0,0,0,0,1,0.009,0,0,1,0.002,0,0,0,0,0,0,1,0.002,0,0,0,0,0,0,1,0.002,0,0,0,0,0,0,1,0.001,0,0,0,0,0,0,0,0,0,0
Region 11,Region 49,1,0.006,0,0,0,0,0,0,0,0,0,0,0,0,0,0,0,0,0,0,0,0,0,0,0,0,0,0,1,0.002,0,0,0,0,0,0,0,0,0,0,0,0,0,0,0,0,1,0.006
Region 11,Region 50,0,0,0,0,0,0,0,0,0,0,0,0,0,0,0,0,0,0,0,0,0,0,0,0,1,0.002,0,0,0,0,0,0,0,0,0,0,0,0,0,0,2,0.005,0,0,0,0,0,0
Region 11,Region 51,0,0,0,0,0,0,0,0,0,0,2,0.008,4,0.008,2,0.003,2,0.002,3,0.004,3,0.005,0,0,1,0.002,1,0.002,2,0.003,0,0,0,0,0,0,0,0,0,0,1,0.002,0,0,0,0,0,0
Region 11,Region 52,0,0,0,0,0,0,0,0,0,0,0,0,0,0,0,0,0,0,0,0,0,0,0,0,0,0,0,0,0,0,0,0,0,0,0,0,0,0,0,0,0,0,0,0,0,0,0,0
Region 11,Region 53,0,0,0,0,0,0,0,0,0,0,0,0,0,0,0,0,0,0,0,0,0,0,0,0,0,0,0,0,0,0,0,0,0,0,0,0,0,0,0,0,0,0,0,0,0,0,0,0
Region 11,Region 54,0,0,0,0,0,0,0,0,0,0,0,0,1,0.002,0,0,0,0,2,0.003,0,0,0,0,0,0,0,0,0,0,0,0,0,0,0,0,0,0,0,0,0,0,0,0,0,0,0,0
Region 11,Region 55,4,0.024,0,0,1,0.015,1,0.014,1,0.009,2,0.008,2,0.004,5,0.006,4,0.005,3,0.004,3,0.005,3,0.005,2,0.003,2,0.003,4,0.006,3,0.004,9,0.013,3,0.004,5,0.007,2,0.004,1,0.002,1,0.003,2,0.008,5,0.028
Region 11,Region 56,0,0,0,0,0,0,0,0,0,0,0,0,0,0,0,0,0,0,3,0.004,0,0,0,0,0,0,0,0,2,0.003,1,0.001,1,0.001,1,0.001,0,0,1,0.002,0,0,0,0,0,0,0,0
Region 11,Region 57,0,0,0,0,0,0,0,0,0,0,0,0,0,0,0,0,0,0,0,0,0,0,0,0,0,0,0,0,0,0,0,0,0,0,0,0,0,0,0,0,0,0,0,0,0,0,0,0
Region 11,Region 58,0,0,0,0,0,0,0,0,2,0.017,1,0.004,0,0,2,0.003,1,0.001,2,0.003,4,0.007,0,0,0,0,0,0,0,0,0,0,3,0.004,0,0,3,0.004,1,0.002,0,0,0,0,1,0.004,1,0.006
Region 11,Region 59,0,0,0,0,0,0,0,0,0,0,0,0,0,0,0,0,0,0,0,0,0,0,0,0,0,0,0,0,1,0.002,0,0,0,0,0,0,0,0,0,0,0,0,0,0,0,0,0,0
Region 11,Region 60,0,0,0,0,0,0,0,0,0,0,0,0,0,0,0,0,0,0,0,0,0,0,0,0,0,0,0,0,0,0,0,0,0,0,0,0,0,0,0,0,0,0,0,0,0,0,0,0
Region 11,Region 61,0,0,0,0,0,0,0,0,0,0,0,0,0,0,0,0,1,0.001,0,0,0,0,0,0,1,0.002,0,0,0,0,0,0,0,0,0,0,0,0,0,0,0,0,0,0,0,0,0,0
Region 11,Region 62,0,0,0,0,0,0,0,0,0,0,0,0,0,0,0,0,1,0.001,0,0,0,0,0,0,1,0.002,0,0,2,0.003,0,0,0,0,1,0.001,1,0.001,0,0,0,0,0,0,0,0,0,0
Region 11,Region 63,0,0,0,0,0,0,0,0,0,0,0,0,1,0.002,0,0,1,0.001,1,0.001,1,0.002,1,0.002,0,0,0,0,2,0.003,0,0,0,0,1,0.001,1,0.001,2,0.004,0,0,1,0.003,1,0.004,0,0
Region 11,Region 64,0,0,0,0,0,0,0,0,0,0,0,0,0,0,2,0.003,0,0,1,0.001,0,0,1,0.002,1,0.002,0,0,0,0,0,0,1,0.001,0,0,0,0,0,0,0,0,0,0,0,0,0,0
Region 11,Region 65,0,0,0,0,0,0,0,0,0,0,0,0,0,0,0,0,0,0,1,0.001,0,0,1,0.002,1,0.002,0,0,0,0,0,0,0,0,0,0,1,0.001,1,0.002,1,0.002,0,0,0,0,0,0
Region 11,Region 66,0,0,0,0,0,0,0,0,1,0.009,1,0.004,0,0,0,0,0,0,0,0,1,0.002,0,0,0,0,0,0,0,0,1,0.001,0,0,0,0,0,0,0,0,1,0.002,0,0,0,0,0,0
Region 11,Region 67,0,0,0,0,0,0,0,0,0,0,0,0,0,0,0,0,1,0.001,0,0,0,0,0,0,0,0,0,0,0,0,0,0,0,0,0,0,0,0,0,0,0,0,0,0,0,0,0,0
Region 11,Region 68,0,0,0,0,0,0,0,0,0,0,0,0,0,0,0,0,1,0.001,0,0,0,0,0,0,0,0,0,0,0,0,0,0,0,0,0,0,0,0,1,0.002,0,0,0,0,0,0,0,0
Region 11,Region 69,0,0,0,0,0,0,0,0,0,0,0,0,0,0,1,0.001,0,0,0,0,0,0,0,0,0,0,0,0,0,0,0,0,0,0,0,0,0,0,0,0,0,0,0,0,0,0,0,0
Region 11,Region 70,0,0,0,0,0,0,0,0,0,0,0,0,0,0,0,0,0,0,0,0,0,0,0,0,0,0,0,0,0,0,0,0,0,0,0,0,0,0,0,0,0,0,0,0,0,0,0,0
Region 11,Region 71,0,0,0,0,0,0,0,0,0,0,0,0,0,0,0,0,2,0.002,0,0,0,0,0,0,0,0,0,0,0,0,0,0,0,0,0,0,0,0,0,0,0,0,0,0,0,0,0,0
Region 11,Region 72,0,0,0,0,1,0.015,0,0,1,0.009,2,0.008,4,0.008,4,0.005,1,0.001,4,0.006,3,0.005,2,0.003,0,0,1,0.002,0,0,1,0.001,0,0,0,0,1,0.001,1,0.002,3,0.007,1,0.003,0,0,0,0
Region 12,Region 0,0,0,0,0,0,0,0,0,0,0,0,0,0,0,0,0,0,0,1,0.001,1,0.002,0,0,0,0,0,0,1,0.002,1,0.001,0,0,0,0,0,0,0,0,0,0,0,0,0,0,0,0
Region 12,Region 1,0,0,0,0,0,0,0,0,0,0,2,0.008,3,0.006,3,0.004,3,0.004,1,0.001,2,0.003,1,0.002,5,0.008,2,0.003,0,0,0,0,0,0,0,0,0,0,1,0.002,3,0.007,1,0.003,0,0,0,0
Region 12,Region 2,0,0,0,0,0,0,0,0,0,0,0,0,0,0,3,0.004,1,0.001,0,0,0,0,0,0,0,0,1,0.002,0,0,2,0.003,0,0,1,0.001,1,0.001,0,0,0,0,0,0,0,0,1,0.006
Region 12,Region 3,1,0.006,0,0,0,0,0,0,0,0,0,0,0,0,0,0,0,0,0,0,0,0,1,0.002,0,0,0,0,0,0,0,0,0,0,0,0,0,0,0,0,0,0,0,0,0,0,0,0
Region 12,Region 4,4,0.024,3,0.033,0,0,3,0.043,0,0,6,0.023,6,0.012,14,0.018,23,0.027,11,0.016,11,0.019,5,0.009,12,0.02,15,0.024,18,0.029,19,0.028,21,0.03,29,0.037,21,0.029,9,0.017,8,0.018,11,0.03,5,0.019,9,0.05
Region 12,Region 5,0,0,0,0,0,0,0,0,0,0,0,0,0,0,0,0,0,0,0,0,1,0.002,0,0,0,0,0,0,0,0,0,0,0,0,1,0.001,1,0.001,1,0.002,0,0,0,0,0,0,0,0
Region 12,Region 6,1,0.006,0,0,0,0,0,0,0,0,0,0,0,0,3,0.004,1,0.001,2,0.003,3,0.005,0,0,4,0.007,3,0.005,1,0.002,2,0.003,1,0.001,6,0.008,2,0.003,0,0,1,0.002,1,0.003,0,0,0,0
Region 12,Region 7,0,0,0,0,0,0,0,0,0,0,0,0,0,0,0,0,0,0,0,0,0,0,0,0,0,0,0,0,0,0,0,0,0,0,0,0,0,0,0,0,0,0,0,0,0,0,0,0
Region 12,Region 8,0,0,0,0,0,0,0,0,0,0,0,0,1,0.002,0,0,0,0,0,0,0,0,0,0,0,0,0,0,0,0,0,0,0,0,0,0,0,0,0,0,0,0,0,0,0,0,0,0
Region 12,Region 9,1,0.006,2,0.022,0,0,0,0,0,0,0,0,0,0,1,0.001,3,0.004,1,0.001,2,0.003,5,0.009,6,0.01,3,0.005,6,0.01,8,0.012,6,0.009,6,0.008,3,0.004,0,0,2,0.005,0,0,4,0.015,0,0
Region 12,Region 10,0,0,0,0,0,0,0,0,0,0,0,0,2,0.004,2,0.003,2,0.002,1,0.001,2,0.003,1,0.002,1,0.002,0,0,0,0,1,0.001,0,0,0,0,1,0.001,0,0,0,0,1,0.003,1,0.004,0,0
Region 12,Region 11,2,0.012,2,0.022,1,0.015,0,0,0,0,0,0,1,0.002,4,0.005,3,0.004,3,0.004,1,0.002,6,0.01,0,0,2,0.003,6,0.01,4,0.006,5,0.007,5,0.006,6,0.008,5,0.009,2,0.005,3,0.008,1,0.004,1,0.006
Region 12,Region 12,6,0.036,4,0.044,1,0.015,3,0.043,7,0.06,7,0.027,7,0.014,24,0.03,30,0.035,25,0.035,27,0.046,16,0.027,23,0.037,25,0.041,26,0.042,26,0.038,34,0.049,32,0.041,27,0.037,15,0.028,9,0.021,6,0.016,8,0.03,3,0.017
Region 12,Region 13,1,0.006,0,0,2,0.03,0,0,0,0,2,0.008,3,0.006,9,0.011,26,0.03,15,0.021,3,0.005,2,0.003,3,0.005,5,0.008,5,0.008,7,0.01,3,0.004,3,0.004,5,0.007,3,0.006,2,0.005,4,0.011,1,0.004,3,0.017
Region 12,Region 14,0,0,0,0,0,0,0,0,0,0,0,0,0,0,0,0,0,0,0,0,0,0,0,0,0,0,0,0,0,0,0,0,0,0,0,0,0,0,0,0,0,0,0,0,0,0,0,0
Region 12,Region 15,1,0.006,2,0.022,0,0,0,0,0,0,0,0,3,0.006,2,0.003,2,0.002,1,0.001,0,0,1,0.002,0,0,0,0,3,0.005,3,0.004,2,0.003,1,0.001,2,0.003,3,0.006,1,0.002,1,0.003,0,0,0,0
Region 12,Region 16,0,0,0,0,0,0,0,0,0,0,0,0,0,0,0,0,0,0,0,0,0,0,0,0,0,0,0,0,1,0.002,0,0,0,0,0,0,0,0,0,0,0,0,0,0,0,0,0,0
Region 12,Region 17,0,0,0,0,0,0,0,0,0,0,1,0.004,0,0,1,0.001,2,0.002,0,0,0,0,1,0.002,2,0.003,0,0,0,0,0,0,2,0.003,1,0.001,1,0.001,2,0.004,3,0.007,1,0.003,0,0,0,0
Region 12,Region 18,1,0.006,1,0.011,0,0,0,0,0,0,0,0,0,0,0,0,2,0.002,2,0.003,2,0.003,1,0.002,2,0.003,2,0.003,2,0.003,0,0,1,0.001,4,0.005,2,0.003,1,0.002,0,0,1,0.003,0,0,3,0.017
Region 12,Region 19,2,0.012,0,0,0,0,0,0,0,0,0,0,0,0,1,0.001,1,0.001,0,0,0,0,0,0,0,0,0,0,1,0.002,0,0,0,0,0,0,1,0.001,0,0,0,0,0,0,0,0,1,0.006
Region 12,Region 20,0,0,0,0,0,0,0,0,0,0,0,0,0,0,1,0.001,5,0.006,1,0.001,0,0,2,0.003,0,0,0,0,1,0.002,0,0,1,0.001,2,0.003,1,0.001,0,0,0,0,0,0,0,0,0,0
Region 12,Region 21,0,0,0,0,0,0,0,0,0,0,0,0,0,0,0,0,0,0,0,0,1,0.002,0,0,0,0,0,0,0,0,0,0,0,0,0,0,0,0,0,0,0,0,0,0,0,0,0,0
Region 12,Region 22,0,0,0,0,0,0,0,0,0,0,0,0,0,0,1,0.001,0,0,0,0,0,0,0,0,0,0,0,0,0,0,0,0,0,0,0,0,0,0,0,0,1,0.002,0,0,0,0,0,0
Region 12,Region 23,8,0.048,1,0.011,0,0,2,0.029,1,0.009,1,0.004,5,0.01,7,0.009,32,0.037,8,0.011,5,0.009,6,0.01,8,0.013,10,0.016,10,0.016,13,0.019,19,0.027,22,0.028,9,0.012,11,0.02,6,0.014,8,0.022,3,0.011,6,0.033
Region 12,Region 24,0,0,0,0,0,0,1,0.014,0,0,1,0.004,0,0,4,0.005,8,0.009,5,0.007,1,0.002,4,0.007,2,0.003,0,0,2,0.003,1,0.001,5,0.007,2,0.003,7,0.01,4,0.007,3,0.007,0,0,0,0,1,0.006
Region 12,Region 25,0,0,0,0,0,0,0,0,0,0,1,0.004,1,0.002,0,0,3,0.004,1,0.001,1,0.002,0,0,0,0,0,0,1,0.002,2,0.003,0,0,0,0,0,0,1,0.002,0,0,0,0,0,0,0,0
Region 12,Region 26,0,0,0,0,0,0,0,0,0,0,0,0,1,0.002,1,0.001,1,0.001,0,0,1,0.002,0,0,0,0,0,0,0,0,0,0,0,0,0,0,0,0,0,0,0,0,0,0,0,0,0,0
Region 12,Region 27,0,0,0,0,0,0,0,0,0,0,0,0,0,0,0,0,0,0,0,0,0,0,0,0,1,0.002,0,0,1,0.002,1,0.001,0,0,0,0,0,0,0,0,0,0,1,0.003,0,0,0,0
Region 12,Region 28,0,0,0,0,0,0,0,0,0,0,1,0.004,0,0,6,0.008,4,0.005,1,0.001,0,0,1,0.002,0,0,1,0.002,2,0.003,0,0,0,0,2,0.003,0,0,1,0.002,0,0,1,0.003,0,0,0,0
Region 12,Region 29,0,0,0,0,1,0.015,0,0,0,0,1,0.004,0,0,5,0.006,5,0.006,5,0.007,2,0.003,2,0.003,0,0,1,0.002,2,0.003,6,0.009,2,0.003,4,0.005,0,0,0,0,1,0.002,0,0,1,0.004,1,0.006
Region 12,Region 30,1,0.006,0,0,0,0,0,0,0,0,1,0.004,1,0.002,2,0.003,0,0,0,0,0,0,1,0.002,1,0.002,1,0.002,2,0.003,1,0.001,0,0,2,0.003,1,0.001,0,0,0,0,1,0.003,0,0,1,0.006
Region 12,Region 31,0,0,0,0,0,0,0,0,0,0,0,0,2,0.004,1,0.001,1,0.001,1,0.001,1,0.002,1,0.002,3,0.005,3,0.005,2,0.003,0,0,1,0.001,1,0.001,2,0.003,1,0.002,0,0,0,0,2,0.008,0,0
Region 12,Region 32,0,0,0,0,0,0,1,0.014,0,0,0,0,0,0,0,0,0,0,0,0,0,0,0,0,0,0,0,0,0,0,0,0,0,0,0,0,0,0,0,0,0,0,0,0,0,0,0,0
Region 12,Region 33,1,0.006,0,0,0,0,0,0,0,0,0,0,2,0.004,7,0.009,6,0.007,3,0.004,3,0.005,3,0.005,2,0.003,1,0.002,2,0.003,2,0.003,3,0.004,1,0.001,0,0,2,0.004,0,0,3,0.008,1,0.004,0,0
Region 12,Region 34,0,0,3,0.033,3,0.045,0,0,1,0.009,3,0.012,2,0.004,2,0.003,8,0.009,3,0.004,4,0.007,1,0.002,2,0.003,1,0.002,2,0.003,0,0,6,0.009,2,0.003,3,0.004,2,0.004,7,0.016,2,0.005,2,0.008,0,0
Region 12,Region 35,0,0,0,0,0,0,0,0,0,0,0,0,1,0.002,0,0,2,0.002,0,0,0,0,0,0,2,0.003,0,0,0,0,0,0,0,0,0,0,0,0,0,0,0,0,0,0,0,0,0,0
Region 12,Region 36,0,0,0,0,0,0,0,0,0,0,0,0,0,0,0,0,0,0,0,0,0,0,0,0,1,0.002,0,0,0,0,0,0,0,0,0,0,0,0,0,0,0,0,0,0,0,0,0,0
Region 12,Region 37,2,0.012,0,0,1,0.015,2,0.029,0,0,2,0.008,5,0.01,10,0.013,21,0.025,9,0.013,15,0.026,7,0.012,10,0.016,11,0.018,12,0.019,10,0.015,15,0.022,13,0.017,9,0.012,9,0.017,3,0.007,2,0.005,1,0.004,3,0.017
Region 12,Region 38,0,0,0,0,0,0,0,0,0,0,0,0,2,0.004,1,0.001,2,0.002,1,0.001,1,0.002,1,0.002,1,0.002,3,0.005,4,0.006,1,0.001,3,0.004,3,0.004,7,0.01,1,0.002,2,0.005,0,0,1,0.004,0,0
Region 12,Region 39,0,0,0,0,0,0,0,0,0,0,0,0,0,0,0,0,0,0,0,0,0,0,0,0,0,0,0,0,1,0.002,0,0,0,0,0,0,0,0,0,0,1,0.002,0,0,0,0,0,0
Region 12,Region 40,3,0.018,0,0,0,0,0,0,0,0,1,0.004,2,0.004,5,0.006,3,0.004,5,0.007,3,0.005,4,0.007,3,0.005,3,0.005,5,0.008,5,0.007,9,0.013,12,0.015,5,0.007,7,0.013,2,0.005,1,0.003,1,0.004,3,0.017
Region 12,Region 41,2,0.012,2,0.022,3,0.045,3,0.043,1,0.009,1,0.004,3,0.006,7,0.009,9,0.011,5,0.007,5,0.009,7,0.012,4,0.007,6,0.01,5,0.008,7,0.01,7,0.01,4,0.005,6,0.008,8,0.015,5,0.012,3,0.008,3,0.011,1,0.006
Region 12,Region 42,0,0,0,0,0,0,0,0,0,0,0,0,0,0,1,0.001,1,0.001,0,0,0,0,0,0,0,0,0,0,0,0,0,0,0,0,0,0,0,0,1,0.002,0,0,0,0,0,0,0,0
Region 12,Region 43,0,0,0,0,0,0,0,0,0,0,0,0,0,0,1,0.001,0,0,1,0.001,0,0,2,0.003,1,0.002,0,0,1,0.002,0,0,0,0,0,0,3,0.004,0,0,0,0,0,0,0,0,0,0
Region 12,Region 44,0,0,0,0,0,0,0,0,0,0,1,0.004,2,0.004,1,0.001,2,0.002,2,0.003,1,0.002,0,0,0,0,0,0,0,0,2,0.003,5,0.007,2,0.003,1,0.001,0,0,1,0.002,0,0,0,0,0,0
Region 12,Region 45,0,0,0,0,0,0,0,0,0,0,1,0.004,2,0.004,2,0.003,8,0.009,5,0.007,2,0.003,5,0.009,1,0.002,4,0.007,4,0.006,2,0.003,5,0.007,8,0.01,3,0.004,4,0.007,2,0.005,0,0,2,0.008,0,0
Region 12,Region 46,7,0.042,2,0.022,0,0,2,0.029,4,0.034,5,0.019,13,0.027,21,0.027,14,0.016,8,0.011,10,0.017,8,0.014,8,0.013,13,0.021,11,0.018,12,0.017,15,0.022,20,0.026,10,0.014,10,0.018,3,0.007,9,0.025,3,0.011,2,0.011
Region 12,Region 47,3,0.018,1,0.011,1,0.015,1,0.014,0,0,0,0,0,0,9,0.011,2,0.002,4,0.006,2,0.003,5,0.009,4,0.007,3,0.005,2,0.003,3,0.004,5,0.007,2,0.003,3,0.004,6,0.011,5,0.012,1,0.003,0,0,0,0
Region 12,Region 48,0,0,0,0,0,0,0,0,0,0,0,0,0,0,1,0.001,2,0.002,0,0,0,0,0,0,0,0,0,0,0,0,0,0,1,0.001,1,0.001,0,0,0,0,1,0.002,0,0,0,0,0,0
Region 12,Region 49,0,0,0,0,0,0,0,0,0,0,0,0,0,0,0,0,0,0,0,0,0,0,0,0,0,0,0,0,0,0,0,0,0,0,0,0,0,0,0,0,0,0,0,0,0,0,0,0
Region 12,Region 50,0,0,0,0,0,0,0,0,0,0,0,0,0,0,0,0,0,0,0,0,0,0,1,0.002,0,0,0,0,0,0,0,0,0,0,0,0,0,0,1,0.002,0,0,0,0,0,0,0,0
Region 12,Region 51,2,0.012,0,0,0,0,0,0,0,0,1,0.004,3,0.006,6,0.008,6,0.007,4,0.006,2,0.003,0,0,2,0.003,2,0.003,1,0.002,1,0.001,0,0,1,0.001,0,0,0,0,0,0,3,0.008,0,0,0,0
Region 12,Region 52,0,0,0,0,0,0,0,0,0,0,0,0,0,0,0,0,0,0,0,0,0,0,0,0,0,0,0,0,0,0,0,0,0,0,0,0,0,0,0,0,0,0,0,0,0,0,0,0
Region 12,Region 53,0,0,0,0,1,0.015,0,0,0,0,0,0,0,0,1,0.001,1,0.001,0,0,0,0,0,0,0,0,0,0,0,0,1,0.001,0,0,0,0,0,0,0,0,0,0,0,0,0,0,0,0
Region 12,Region 54,0,0,0,0,1,0.015,0,0,1,0.009,0,0,1,0.002,2,0.003,3,0.004,2,0.003,0,0,1,0.002,0,0,3,0.005,1,0.002,0,0,0,0,1,0.001,1,0.001,0,0,0,0,0,0,1,0.004,0,0
Region 12,Region 55,2,0.012,0,0,1,0.015,0,0,0,0,1,0.004,1,0.002,5,0.006,11,0.013,3,0.004,5,0.009,0,0,4,0.007,6,0.01,7,0.011,4,0.006,8,0.012,11,0.014,7,0.01,9,0.017,4,0.009,0,0,3,0.011,2,0.011
Region 12,Region 56,1,0.006,0,0,0,0,0,0,1,0.009,0,0,0,0,0,0,1,0.001,1,0.001,0,0,1,0.002,1,0.002,3,0.005,1,0.002,1,0.001,3,0.004,0,0,1,0.001,0,0,0,0,1,0.003,0,0,0,0
Region 12,Region 57,0,0,0,0,0,0,0,0,0,0,0,0,0,0,0,0,0,0,0,0,0,0,0,0,0,0,0,0,0,0,0,0,0,0,0,0,0,0,0,0,0,0,0,0,0,0,0,0
Region 12,Region 58,2,0.012,0,0,0,0,0,0,0,0,2,0.008,1,0.002,2,0.003,6,0.007,8,0.011,2,0.003,2,0.003,5,0.008,1,0.002,6,0.01,3,0.004,1,0.001,4,0.005,2,0.003,2,0.004,3,0.007,1,0.003,0,0,2,0.011
Region 12,Region 59,0,0,0,0,0,0,0,0,0,0,0,0,0,0,0,0,0,0,0,0,0,0,0,0,0,0,0,0,0,0,0,0,0,0,0,0,0,0,0,0,0,0,0,0,1,0.004,0,0
Region 12,Region 60,0,0,0,0,0,0,0,0,0,0,1,0.004,0,0,0,0,1,0.001,0,0,0,0,0,0,0,0,1,0.002,1,0.002,1,0.001,0,0,0,0,0,0,0,0,0,0,0,0,0,0,0,0
Region 12,Region 61,0,0,0,0,0,0,0,0,0,0,0,0,1,0.002,1,0.001,1,0.001,0,0,1,0.002,0,0,1,0.002,0,0,0,0,0,0,1,0.001,1,0.001,0,0,0,0,0,0,0,0,0,0,0,0
Region 12,Region 62,0,0,1,0.011,0,0,0,0,0,0,0,0,0,0,1,0.001,2,0.002,1,0.001,0,0,0,0,0,0,0,0,0,0,0,0,0,0,0,0,1,0.001,1,0.002,0,0,0,0,0,0,1,0.006
Region 12,Region 63,1,0.006,0,0,0,0,0,0,2,0.017,0,0,1,0.002,7,0.009,8,0.009,3,0.004,3,0.005,5,0.009,6,0.01,5,0.008,4,0.006,7,0.01,7,0.01,9,0.012,7,0.01,8,0.015,6,0.014,1,0.003,3,0.011,1,0.006
Region 12,Region 64,0,0,0,0,0,0,0,0,0,0,0,0,0,0,0,0,0,0,0,0,0,0,0,0,0,0,0,0,2,0.003,0,0,1,0.001,0,0,1,0.001,1,0.002,0,0,0,0,0,0,0,0
Region 12,Region 65,0,0,0,0,0,0,0,0,1,0.009,1,0.004,0,0,1,0.001,1,0.001,0,0,2,0.003,2,0.003,0,0,1,0.002,0,0,1,0.001,1,0.001,0,0,3,0.004,1,0.002,2,0.005,1,0.003,2,0.008,0,0
Region 12,Region 66,0,0,0,0,0,0,0,0,0,0,1,0.004,0,0,4,0.005,1,0.001,0,0,0,0,0,0,0,0,0,0,0,0,0,0,1,0.001,0,0,0,0,0,0,0,0,1,0.003,3,0.011,0,0
Region 12,Region 67,0,0,0,0,0,0,0,0,0,0,0,0,0,0,0,0,0,0,0,0,0,0,0,0,0,0,0,0,0,0,0,0,0,0,1,0.001,0,0,0,0,0,0,0,0,0,0,0,0
Region 12,Region 68,0,0,0,0,0,0,0,0,0,0,0,0,0,0,0,0,0,0,0,0,0,0,0,0,0,0,0,0,0,0,0,0,0,0,0,0,0,0,0,0,0,0,0,0,0,0,0,0
Region 12,Region 69,0,0,0,0,0,0,0,0,0,0,0,0,0,0,1,0.001,0,0,1,0.001,0,0,1,0.002,0,0,0,0,0,0,0,0,0,0,0,0,0,0,0,0,0,0,0,0,0,0,0,0
Region 12,Region 70,0,0,0,0,0,0,0,0,0,0,0,0,0,0,0,0,0,0,0,0,0,0,0,0,0,0,0,0,0,0,0,0,0,0,0,0,0,0,0,0,0,0,0,0,0,0,0,0
Region 12,Region 71,0,0,0,0,0,0,0,0,0,0,0,0,1,0.002,0,0,0,0,0,0,0,0,0,0,0,0,0,0,0,0,0,0,0,0,0,0,0,0,0,0,0,0,0,0,0,0,0,0
Region 12,Region 72,1,0.006,3,0.033,0,0,0,0,0,0,3,0.012,4,0.008,7,0.009,4,0.005,6,0.008,6,0.01,6,0.01,6,0.01,3,0.005,8,0.013,2,0.003,5,0.007,1,0.001,1,0.001,6,0.011,1,0.002,2,0.005,0,0,2,0.011
Region 13,Region 0,0,0,0,0,0,0,0,0,0,0,1,0.004,0,0,0,0,2,0.002,2,0.003,3,0.005,2,0.003,1,0.002,0,0,1,0.002,0,0,1,0.001,1,0.001,1,0.001,2,0.004,1,0.002,0,0,1,0.004,0,0
Region 13,Region 1,19,0.114,8,0.088,3,0.045,10,0.143,5,0.043,12,0.047,14,0.029,48,0.061,59,0.069,89,0.126,66,0.113,59,0.101,63,0.103,43,0.07,75,0.12,52,0.076,85,0.122,86,0.111,76,0.103,63,0.116,48,0.111,26,0.071,31,0.118,25,0.138
Region 13,Region 2,2,0.012,1,0.011,0,0,0,0,1,0.009,2,0.008,2,0.004,8,0.01,7,0.008,5,0.007,5,0.009,11,0.019,7,0.011,5,0.008,5,0.008,5,0.007,5,0.007,9,0.012,6,0.008,5,0.009,12,0.028,5,0.014,18,0.068,7,0.039
Region 13,Region 3,1,0.006,2,0.022,0,0,0,0,0,0,0,0,1,0.002,0,0,3,0.004,2,0.003,3,0.005,4,0.007,5,0.008,5,0.008,4,0.006,4,0.006,5,0.007,5,0.006,3,0.004,5,0.009,2,0.005,2,0.005,1,0.004,3,0.017
Region 13,Region 4,1,0.006,2,0.022,0,0,1,0.014,0,0,5,0.019,4,0.008,11,0.014,7,0.008,5,0.007,5,0.009,11,0.019,5,0.008,8,0.013,10,0.016,18,0.026,26,0.037,16,0.021,8,0.011,9,0.017,6,0.014,9,0.025,2,0.008,5,0.028
Region 13,Region 5,1,0.006,0,0,0,0,0,0,0,0,0,0,1,0.002,0,0,1,0.001,2,0.003,3,0.005,2,0.003,2,0.003,4,0.007,3,0.005,2,0.003,8,0.012,3,0.004,4,0.005,2,0.004,1,0.002,1,0.003,1,0.004,1,0.006
Region 13,Region 6,7,0.042,3,0.033,1,0.015,1,0.014,5,0.043,1,0.004,10,0.02,9,0.011,8,0.009,14,0.02,7,0.012,19,0.033,24,0.039,27,0.044,40,0.064,46,0.067,32,0.046,28,0.036,18,0.024,27,0.05,13,0.03,16,0.044,6,0.023,7,0.039
Region 13,Region 7,1,0.006,2,0.022,1,0.015,0,0,0,0,2,0.008,2,0.004,4,0.005,3,0.004,2,0.003,3,0.005,6,0.01,11,0.018,10,0.016,5,0.008,12,0.017,9,0.013,10,0.013,3,0.004,2,0.004,4,0.009,1,0.003,9,0.034,5,0.028
Region 13,Region 8,0,0,0,0,0,0,0,0,0,0,0,0,1,0.002,1,0.001,1,0.001,0,0,0,0,1,0.002,2,0.003,4,0.007,1,0.002,3,0.004,3,0.004,1,0.001,3,0.004,1,0.002,0,0,0,0,0,0,0,0
Region 13,Region 9,4,0.024,0,0,1,0.015,0,0,2,0.017,3,0.012,5,0.01,8,0.01,6,0.007,5,0.007,7,0.012,4,0.007,12,0.02,6,0.01,8,0.013,9,0.013,9,0.013,17,0.022,15,0.02,5,0.009,5,0.012,1,0.003,4,0.015,1,0.006
Region 13,Region 10,10,0.06,3,0.033,3,0.045,1,0.014,1,0.009,7,0.027,15,0.031,23,0.029,42,0.049,42,0.059,32,0.055,32,0.055,34,0.055,24,0.039,21,0.034,31,0.045,35,0.05,41,0.053,31,0.042,19,0.035,11,0.025,13,0.036,5,0.019,10,0.055
Region 13,Region 11,1,0.006,2,0.022,0,0,0,0,0,0,0,0,1,0.002,2,0.003,2,0.002,2,0.003,3,0.005,0,0,2,0.003,1,0.002,2,0.003,5,0.007,2,0.003,6,0.008,5,0.007,3,0.006,2,0.005,3,0.008,0,0,1,0.006
Region 13,Region 12,3,0.018,1,0.011,0,0,2,0.029,0,0,1,0.004,2,0.004,0,0,5,0.006,4,0.006,4,0.007,6,0.01,9,0.015,7,0.011,9,0.014,7,0.01,8,0.012,13,0.017,13,0.018,9,0.017,12,0.028,5,0.014,2,0.008,2,0.011
Region 13,Region 13,132,0.793,56,0.615,41,0.614,29,0.413,22,0.187,47,0.182,132,0.27,319,0.405,682,0.797,929,1.315,679,1.164,647,1.109,644,1.048,567,0.923,516,0.829,529,0.771,596,0.858,601,0.773,411,0.559,288,0.53,234,0.539,236,0.646,182,0.691,128,0.708
Region 13,Region 14,1,0.006,0,0,0,0,0,0,0,0,0,0,3,0.006,3,0.004,7,0.008,5,0.007,2,0.003,2,0.003,3,0.005,2,0.003,4,0.006,4,0.006,8,0.012,15,0.019,8,0.011,1,0.002,1,0.002,2,0.005,0,0,0,0
Region 13,Region 15,6,0.036,1,0.011,1,0.015,0,0,2,0.017,3,0.012,4,0.008,5,0.006,10,0.012,1,0.001,5,0.009,7,0.012,11,0.018,11,0.018,6,0.01,14,0.02,12,0.017,25,0.032,18,0.024,14,0.026,10,0.023,14,0.038,4,0.015,3,0.017
Region 13,Region 16,1,0.006,0,0,1,0.015,0,0,0,0,0,0,0,0,0,0,0,0,0,0,0,0,1,0.002,6,0.01,1,0.002,3,0.005,1,0.001,0,0,0,0,2,0.003,1,0.002,1,0.002,1,0.003,0,0,1,0.006
Region 13,Region 17,6,0.036,1,0.011,0,0,0,0,3,0.026,7,0.027,5,0.01,14,0.018,17,0.02,26,0.037,19,0.033,30,0.051,39,0.063,23,0.037,28,0.045,36,0.052,44,0.063,43,0.055,24,0.033,24,0.044,16,0.037,12,0.033,8,0.03,8,0.044
Region 13,Region 18,0,0,0,0,0,0,0,0,0,0,0,0,1,0.002,0,0,1,0.001,0,0,1,0.002,0,0,1,0.002,3,0.005,1,0.002,1,0.001,3,0.004,3,0.004,1,0.001,0,0,0,0,0,0,2,0.008,1,0.006
Region 13,Region 19,0,0,0,0,1,0.015,0,0,0,0,0,0,2,0.004,0,0,1,0.001,1,0.001,3,0.005,2,0.003,3,0.005,5,0.008,2,0.003,7,0.01,6,0.009,5,0.006,8,0.011,2,0.004,2,0.005,2,0.005,2,0.008,2,0.011
Region 13,Region 20,6,0.036,5,0.055,2,0.03,3,0.043,2,0.017,2,0.008,7,0.014,13,0.016,31,0.036,42,0.059,42,0.072,31,0.053,22,0.036,29,0.047,26,0.042,34,0.05,35,0.05,28,0.036,30,0.041,18,0.033,13,0.03,7,0.019,8,0.03,11,0.061
Region 13,Region 21,1,0.006,0,0,0,0,0,0,0,0,0,0,0,0,1,0.001,1,0.001,0,0,2,0.003,0,0,1,0.002,0,0,2,0.003,2,0.003,1,0.001,2,0.003,0,0,1,0.002,2,0.005,0,0,0,0,1,0.006
Region 13,Region 22,0,0,0,0,0,0,1,0.014,0,0,0,0,2,0.004,0,0,0,0,0,0,0,0,1,0.002,1,0.002,1,0.002,2,0.003,5,0.007,1,0.001,2,0.003,0,0,1,0.002,0,0,4,0.011,0,0,2,0.011
Region 13,Region 23,11,0.066,12,0.132,2,0.03,2,0.029,0,0,10,0.039,14,0.029,34,0.043,35,0.041,35,0.05,43,0.074,47,0.081,35,0.057,41,0.067,43,0.069,61,0.089,54,0.078,88,0.113,61,0.083,50,0.092,31,0.071,44,0.12,36,0.137,20,0.111
Region 13,Region 24,14,0.084,1,0.011,4,0.06,8,0.114,4,0.034,8,0.031,12,0.025,31,0.039,31,0.036,28,0.04,22,0.038,29,0.05,35,0.057,30,0.049,45,0.072,55,0.08,75,0.108,85,0.109,69,0.094,39,0.072,30,0.069,37,0.101,26,0.099,15,0.083
Region 13,Region 25,3,0.018,7,0.077,0,0,1,0.014,1,0.009,1,0.004,7,0.014,14,0.018,21,0.025,32,0.045,20,0.034,15,0.026,11,0.018,5,0.008,14,0.022,14,0.02,13,0.019,20,0.026,15,0.02,17,0.031,11,0.025,2,0.005,4,0.015,2,0.011
Region 13,Region 26,0,0,0,0,0,0,0,0,0,0,1,0.004,1,0.002,4,0.005,10,0.012,6,0.008,5,0.009,2,0.003,2,0.003,2,0.003,4,0.006,7,0.01,12,0.017,9,0.012,3,0.004,1,0.002,2,0.005,0,0,2,0.008,1,0.006
Region 13,Region 27,0,0,0,0,1,0.015,0,0,0,0,0,0,1,0.002,4,0.005,2,0.002,1,0.001,1,0.002,0,0,2,0.003,2,0.003,1,0.002,4,0.006,2,0.003,3,0.004,1,0.001,2,0.004,0,0,1,0.003,1,0.004,0,0
Region 13,Region 28,12,0.072,2,0.022,4,0.06,2,0.029,2,0.017,6,0.023,8,0.016,19,0.024,28,0.033,19,0.027,25,0.043,26,0.045,37,0.06,32,0.052,32,0.051,47,0.069,61,0.088,66,0.085,57,0.078,44,0.081,20,0.046,12,0.033,16,0.061,9,0.05
Region 13,Region 29,32,0.192,18,0.198,10,0.15,8,0.114,5,0.043,10,0.039,15,0.031,48,0.061,73,0.085,128,0.181,102,0.175,67,0.115,117,0.19,110,0.179,103,0.165,84,0.122,105,0.151,91,0.117,90,0.122,68,0.125,49,0.113,56,0.153,41,0.156,27,0.149
Region 13,Region 30,10,0.06,1,0.011,1,0.015,3,0.043,1,0.009,3,0.012,8,0.016,29,0.037,48,0.056,68,0.096,39,0.067,35,0.06,20,0.033,26,0.042,37,0.059,35,0.051,31,0.045,49,0.063,56,0.076,15,0.028,22,0.051,17,0.047,10,0.038,14,0.077
Region 13,Region 31,5,0.03,5,0.055,4,0.06,1,0.014,2,0.017,5,0.019,7,0.014,21,0.027,55,0.064,37,0.052,43,0.074,54,0.093,48,0.078,46,0.075,48,0.077,60,0.087,74,0.107,85,0.109,58,0.079,38,0.07,22,0.051,18,0.049,13,0.049,6,0.033
Region 13,Region 32,0,0,0,0,0,0,0,0,0,0,0,0,0,0,0,0,0,0,1,0.001,0,0,1,0.002,2,0.003,1,0.002,0,0,1,0.001,3,0.004,3,0.004,0,0,2,0.004,0,0,2,0.005,0,0,0,0
Region 13,Region 33,36,0.216,22,0.242,12,0.18,6,0.086,11,0.094,12,0.047,42,0.086,75,0.095,137,0.16,157,0.222,148,0.254,115,0.197,81,0.132,104,0.169,129,0.207,165,0.241,167,0.24,131,0.168,113,0.154,96,0.177,67,0.154,58,0.159,36,0.137,31,0.171
Region 13,Region 34,53,0.318,32,0.352,14,0.21,12,0.171,9,0.077,20,0.078,57,0.116,145,0.184,232,0.271,283,0.4,175,0.3,154,0.264,148,0.241,154,0.251,180,0.289,197,0.287,238,0.343,228,0.293,183,0.249,108,0.199,133,0.306,98,0.268,75,0.285,77,0.426
Region 13,Region 35,9,0.054,3,0.033,0,0,2,0.029,2,0.017,5,0.019,1,0.002,16,0.02,10,0.012,18,0.025,22,0.038,14,0.024,13,0.021,12,0.02,19,0.031,19,0.028,19,0.027,17,0.022,14,0.019,12,0.022,13,0.03,8,0.022,7,0.027,4,0.022
Region 13,Region 36,0,0,0,0,0,0,0,0,0,0,0,0,0,0,0,0,0,0,0,0,0,0,1,0.002,4,0.007,2,0.003,2,0.003,1,0.001,1,0.001,5,0.006,3,0.004,1,0.002,1,0.002,2,0.005,0,0,0,0
Region 13,Region 37,5,0.03,5,0.055,3,0.045,2,0.029,1,0.009,3,0.012,4,0.008,16,0.02,36,0.042,34,0.048,20,0.034,31,0.053,31,0.05,29,0.047,49,0.079,58,0.085,44,0.063,73,0.094,50,0.068,46,0.085,24,0.055,19,0.052,14,0.053,9,0.05
Region 13,Region 38,6,0.036,1,0.011,2,0.03,1,0.014,0,0,1,0.004,5,0.01,10,0.013,4,0.005,6,0.008,9,0.015,9,0.015,12,0.02,6,0.01,14,0.022,16,0.023,13,0.019,21,0.027,15,0.02,11,0.02,12,0.028,7,0.019,6,0.023,4,0.022
Region 13,Region 39,4,0.024,1,0.011,0,0,0,0,0,0,2,0.008,1,0.002,3,0.004,2,0.002,3,0.004,3,0.005,5,0.009,5,0.008,5,0.008,7,0.011,7,0.01,4,0.006,11,0.014,9,0.012,6,0.011,2,0.005,4,0.011,7,0.027,1,0.006
Region 13,Region 40,63,0.378,26,0.286,17,0.254,23,0.328,13,0.111,23,0.089,35,0.071,79,0.1,69,0.081,92,0.13,108,0.185,132,0.226,142,0.231,167,0.272,201,0.323,306,0.446,333,0.479,398,0.512,306,0.416,201,0.37,127,0.292,96,0.263,82,0.311,61,0.337
Region 13,Region 41,55,0.33,22,0.242,18,0.269,12,0.171,17,0.145,34,0.132,59,0.12,92,0.117,82,0.096,90,0.127,110,0.189,140,0.24,170,0.277,144,0.234,154,0.247,225,0.328,232,0.334,242,0.311,170,0.231,149,0.274,104,0.24,73,0.2,58,0.22,54,0.299
Region 13,Region 42,0,0,0,0,2,0.03,1,0.014,1,0.009,4,0.016,3,0.006,0,0,2,0.002,5,0.007,7,0.012,4,0.007,7,0.011,7,0.011,5,0.008,5,0.007,10,0.014,6,0.008,5,0.007,2,0.004,1,0.002,5,0.014,2,0.008,2,0.011
Region 13,Region 43,6,0.036,3,0.033,5,0.075,2,0.029,2,0.017,6,0.023,3,0.006,10,0.013,11,0.013,9,0.013,8,0.014,6,0.01,10,0.016,17,0.028,24,0.039,23,0.034,23,0.033,27,0.035,17,0.023,18,0.033,7,0.016,10,0.027,4,0.015,11,0.061
Region 13,Region 44,11,0.066,3,0.033,2,0.03,3,0.043,2,0.017,3,0.012,9,0.018,17,0.022,10,0.012,15,0.021,14,0.024,13,0.022,21,0.034,22,0.036,29,0.047,34,0.05,47,0.068,43,0.055,39,0.053,25,0.046,7,0.016,16,0.044,8,0.03,11,0.061
Region 13,Region 45,7,0.042,8,0.088,4,0.06,4,0.057,3,0.026,5,0.019,12,0.025,27,0.034,45,0.053,76,0.108,49,0.084,74,0.127,96,0.156,77,0.125,80,0.129,98,0.143,129,0.186,157,0.202,114,0.155,79,0.145,66,0.152,55,0.151,32,0.121,22,0.122
Region 13,Region 46,42,0.252,16,0.176,11,0.165,27,0.385,39,0.332,81,0.314,135,0.276,169,0.214,182,0.213,160,0.226,156,0.267,180,0.309,182,0.296,160,0.261,188,0.302,230,0.335,270,0.389,279,0.359,202,0.275,151,0.278,99,0.228,73,0.2,51,0.194,42,0.232
Region 13,Region 47,9,0.054,3,0.033,1,0.015,4,0.057,2,0.017,1,0.004,6,0.012,9,0.011,18,0.021,15,0.021,23,0.039,18,0.031,18,0.029,14,0.023,17,0.027,28,0.041,28,0.04,25,0.032,15,0.02,9,0.017,14,0.032,16,0.044,14,0.053,11,0.061
Region 13,Region 48,2,0.012,5,0.055,1,0.015,0,0,0,0,2,0.008,2,0.004,9,0.011,8,0.009,4,0.006,6,0.01,6,0.01,12,0.02,6,0.01,10,0.016,16,0.023,20,0.029,20,0.026,11,0.015,6,0.011,8,0.018,8,0.022,8,0.03,5,0.028
Region 13,Region 49,1,0.006,0,0,1,0.015,1,0.014,0,0,1,0.004,1,0.002,1,0.001,2,0.002,4,0.006,1,0.002,5,0.009,3,0.005,1,0.002,3,0.005,7,0.01,3,0.004,6,0.008,2,0.003,6,0.011,5,0.012,2,0.005,2,0.008,2,0.011
Region 13,Region 50,0,0,1,0.011,0,0,1,0.014,0,0,1,0.004,1,0.002,5,0.006,5,0.006,7,0.01,7,0.012,4,0.007,6,0.01,2,0.003,4,0.006,5,0.007,8,0.012,10,0.013,7,0.01,3,0.006,1,0.002,2,0.005,3,0.011,1,0.006
Region 13,Region 51,17,0.102,9,0.099,8,0.12,4,0.057,5,0.043,16,0.062,42,0.086,107,0.136,101,0.118,108,0.153,110,0.189,107,0.183,89,0.145,81,0.132,105,0.169,130,0.19,96,0.138,121,0.156,122,0.166,63,0.116,35,0.081,27,0.074,35,0.133,23,0.127
Region 13,Region 52,0,0,0,0,0,0,0,0,0,0,2,0.008,1,0.002,1,0.001,2,0.002,2,0.003,1,0.002,0,0,3,0.005,2,0.003,3,0.005,1,0.001,6,0.009,6,0.008,7,0.01,2,0.004,0,0,1,0.003,3,0.011,0,0
Region 13,Region 53,1,0.006,1,0.011,0,0,1,0.014,0,0,0,0,0,0,1,0.001,0,0,1,0.001,2,0.003,1,0.002,1,0.002,1,0.002,1,0.002,2,0.003,3,0.004,1,0.001,0,0,1,0.002,1,0.002,0,0,0,0,0,0
Region 13,Region 54,5,0.03,1,0.011,4,0.06,0,0,2,0.017,3,0.012,5,0.01,5,0.006,16,0.019,12,0.017,14,0.024,22,0.038,19,0.031,5,0.008,26,0.042,19,0.028,20,0.029,28,0.036,20,0.027,14,0.026,16,0.037,16,0.044,10,0.038,4,0.022
Region 13,Region 55,3,0.018,1,0.011,0,0,1,0.014,3,0.026,3,0.012,5,0.01,16,0.02,19,0.022,20,0.028,19,0.033,17,0.029,18,0.029,15,0.024,15,0.024,14,0.02,31,0.045,25,0.032,16,0.022,15,0.028,5,0.012,9,0.025,5,0.019,5,0.028
Region 13,Region 56,6,0.036,0,0,0,0,1,0.014,0,0,0,0,2,0.004,3,0.004,0,0,2,0.003,4,0.007,2,0.003,2,0.003,3,0.005,0,0,2,0.003,10,0.014,11,0.014,5,0.007,8,0.015,2,0.005,1,0.003,1,0.004,4,0.022
Region 13,Region 57,0,0,0,0,0,0,0,0,0,0,0,0,0,0,0,0,0,0,1,0.001,0,0,4,0.007,1,0.002,7,0.011,1,0.002,7,0.01,6,0.009,3,0.004,0,0,1,0.002,2,0.005,3,0.008,0,0,0,0
Region 13,Region 58,28,0.168,11,0.121,12,0.18,12,0.171,17,0.145,22,0.085,50,0.102,64,0.081,65,0.076,60,0.085,59,0.101,49,0.084,98,0.159,103,0.168,135,0.217,132,0.192,137,0.197,127,0.163,97,0.132,65,0.12,68,0.157,41,0.112,34,0.129,22,0.122
Region 13,Region 59,0,0,0,0,0,0,0,0,0,0,0,0,0,0,1,0.001,2,0.002,1,0.001,1,0.002,4,0.007,3,0.005,1,0.002,0,0,5,0.007,2,0.003,2,0.003,0,0,0,0,1,0.002,0,0,0,0,1,0.006
Region 13,Region 60,0,0,0,0,0,0,0,0,0,0,0,0,0,0,5,0.006,7,0.008,5,0.007,8,0.014,3,0.005,5,0.008,3,0.005,4,0.006,4,0.006,5,0.007,8,0.01,5,0.007,2,0.004,0,0,1,0.003,2,0.008,3,0.017
Region 13,Region 61,5,0.03,1,0.011,3,0.045,2,0.029,6,0.051,6,0.023,7,0.014,8,0.01,6,0.007,9,0.013,5,0.009,7,0.012,11,0.018,11,0.018,11,0.018,13,0.019,18,0.026,29,0.037,7,0.01,10,0.018,9,0.021,12,0.033,10,0.038,9,0.05
Region 13,Region 62,0,0,1,0.011,0,0,0,0,0,0,0,0,0,0,2,0.003,4,0.005,1,0.001,0,0,2,0.003,3,0.005,2,0.003,1,0.002,4,0.006,5,0.007,2,0.003,4,0.005,2,0.004,2,0.005,1,0.003,1,0.004,0,0
Region 13,Region 63,3,0.018,7,0.077,0,0,3,0.043,0,0,0,0,1,0.002,4,0.005,7,0.008,7,0.01,9,0.015,6,0.01,11,0.018,8,0.013,6,0.01,7,0.01,8,0.012,19,0.024,11,0.015,7,0.013,5,0.012,4,0.011,4,0.015,6,0.033
Region 13,Region 64,1,0.006,0,0,0,0,0,0,0,0,0,0,0,0,7,0.009,0,0,6,0.008,5,0.009,0,0,5,0.008,6,0.01,3,0.005,4,0.006,2,0.003,6,0.008,6,0.008,5,0.009,3,0.007,4,0.011,2,0.008,1,0.006
Region 13,Region 65,14,0.084,10,0.11,4,0.06,8,0.114,3,0.026,4,0.016,15,0.031,44,0.056,40,0.047,46,0.065,44,0.075,57,0.098,44,0.072,47,0.077,38,0.061,39,0.057,54,0.078,48,0.062,47,0.064,32,0.059,25,0.058,25,0.068,19,0.072,15,0.083
Region 13,Region 66,4,0.024,4,0.044,4,0.06,2,0.029,1,0.009,2,0.008,1,0.002,13,0.016,20,0.023,11,0.016,14,0.024,8,0.014,16,0.026,13,0.021,10,0.016,19,0.028,12,0.017,24,0.031,21,0.029,3,0.006,8,0.018,11,0.03,10,0.038,7,0.039
Region 13,Region 67,1,0.006,0,0,0,0,0,0,0,0,0,0,1,0.002,0,0,0,0,0,0,1,0.002,1,0.002,1,0.002,1,0.002,2,0.003,3,0.004,0,0,5,0.006,1,0.001,3,0.006,0,0,1,0.003,0,0,1,0.006
Region 13,Region 68,1,0.006,0,0,1,0.015,1,0.014,0,0,0,0,0,0,3,0.004,3,0.004,2,0.003,3,0.005,2,0.003,2,0.003,8,0.013,2,0.003,7,0.01,9,0.013,6,0.008,1,0.001,1,0.002,0,0,2,0.005,1,0.004,0,0
Region 13,Region 69,1,0.006,9,0.099,2,0.03,0,0,0,0,2,0.008,1,0.002,5,0.006,9,0.011,6,0.008,7,0.012,8,0.014,4,0.007,3,0.005,11,0.018,7,0.01,14,0.02,8,0.01,6,0.008,3,0.006,3,0.007,5,0.014,1,0.004,1,0.006
Region 13,Region 70,0,0,0,0,0,0,0,0,0,0,0,0,0,0,0,0,0,0,3,0.004,2,0.003,1,0.002,1,0.002,0,0,1,0.002,1,0.001,1,0.001,1,0.001,1,0.001,0,0,0,0,1,0.003,0,0,1,0.006
Region 13,Region 71,0,0,0,0,0,0,0,0,0,0,1,0.004,1,0.002,7,0.009,14,0.016,8,0.011,5,0.009,5,0.009,3,0.005,2,0.003,11,0.018,6,0.009,6,0.009,6,0.008,4,0.005,3,0.006,1,0.002,4,0.011,3,0.011,1,0.006
Region 13,Region 72,43,0.258,19,0.209,18,0.269,22,0.314,19,0.162,23,0.089,48,0.098,134,0.17,154,0.18,217,0.307,222,0.381,188,0.322,206,0.335,189,0.308,266,0.427,286,0.417,222,0.32,222,0.285,226,0.307,165,0.304,111,0.256,109,0.298,71,0.27,52,0.287
Region 14,Region 0,0,0,0,0,0,0,0,0,0,0,0,0,0,0,0,0,0,0,0,0,0,0,0,0,0,0,0,0,0,0,0,0,0,0,0,0,0,0,0,0,0,0,0,0,0,0,0,0
Region 14,Region 1,2,0.012,2,0.022,0,0,1,0.014,1,0.009,3,0.012,9,0.018,16,0.02,20,0.023,21,0.03,19,0.033,8,0.014,8,0.013,7,0.011,8,0.013,16,0.023,15,0.022,14,0.018,6,0.008,8,0.015,15,0.035,2,0.005,3,0.011,4,0.022
Region 14,Region 2,0,0,0,0,0,0,0,0,0,0,0,0,1,0.002,1,0.001,0,0,0,0,0,0,0,0,0,0,0,0,0,0,0,0,1,0.001,0,0,0,0,0,0,0,0,0,0,0,0,0,0
Region 14,Region 3,0,0,0,0,0,0,0,0,0,0,1,0.004,0,0,0,0,0,0,0,0,0,0,0,0,0,0,0,0,0,0,0,0,0,0,0,0,0,0,0,0,1,0.002,1,0.003,0,0,0,0
Region 14,Region 4,0,0,0,0,0,0,0,0,0,0,0,0,0,0,0,0,0,0,0,0,0,0,0,0,0,0,0,0,0,0,0,0,0,0,0,0,0,0,2,0.004,1,0.002,0,0,0,0,0,0
Region 14,Region 5,0,0,0,0,0,0,0,0,0,0,0,0,0,0,0,0,0,0,0,0,0,0,0,0,0,0,0,0,0,0,0,0,0,0,0,0,0,0,0,0,0,0,0,0,0,0,0,0
Region 14,Region 6,0,0,0,0,0,0,0,0,0,0,0,0,0,0,0,0,0,0,0,0,0,0,0,0,2,0.003,1,0.002,1,0.002,8,0.012,4,0.006,1,0.001,3,0.004,2,0.004,0,0,1,0.003,0,0,0,0
Region 14,Region 7,0,0,0,0,0,0,0,0,0,0,0,0,0,0,0,0,0,0,0,0,0,0,0,0,0,0,0,0,0,0,0,0,0,0,1,0.001,0,0,0,0,0,0,0,0,0,0,0,0
Region 14,Region 8,1,0.006,0,0,0,0,0,0,0,0,2,0.008,7,0.014,13,0.016,22,0.026,7,0.01,7,0.012,2,0.003,6,0.01,1,0.002,6,0.01,24,0.035,18,0.026,12,0.015,15,0.02,2,0.004,2,0.005,2,0.005,1,0.004,1,0.006
Region 14,Region 9,0,0,0,0,0,0,0,0,0,0,0,0,0,0,0,0,0,0,0,0,0,0,0,0,1,0.002,1,0.002,0,0,0,0,0,0,0,0,0,0,0,0,0,0,0,0,0,0,0,0
Region 14,Region 10,0,0,0,0,1,0.015,1,0.014,0,0,3,0.012,10,0.02,14,0.018,17,0.02,11,0.016,10,0.017,13,0.022,8,0.013,7,0.011,10,0.016,14,0.02,11,0.016,6,0.008,11,0.015,8,0.015,7,0.016,4,0.011,2,0.008,4,0.022
Region 14,Region 11,0,0,0,0,0,0,0,0,0,0,0,0,0,0,0,0,0,0,0,0,0,0,0,0,0,0,0,0,0,0,0,0,0,0,0,0,0,0,0,0,0,0,0,0,0,0,0,0
Region 14,Region 12,0,0,0,0,0,0,0,0,0,0,0,0,0,0,0,0,0,0,0,0,0,0,0,0,0,0,0,0,0,0,0,0,0,0,0,0,0,0,0,0,0,0,1,0.003,0,0,0,0
Region 14,Region 13,0,0,0,0,0,0,0,0,0,0,0,0,2,0.004,14,0.018,11,0.013,7,0.01,4,0.007,5,0.009,3,0.005,2,0.003,3,0.005,4,0.006,3,0.004,1,0.001,1,0.001,0,0,0,0,2,0.005,0,0,0,0
Region 14,Region 14,4,0.024,2,0.022,0,0,1,0.014,1,0.009,13,0.05,38,0.078,209,0.265,325,0.38,97,0.137,77,0.132,87,0.149,103,0.168,101,0.164,118,0.19,224,0.327,159,0.229,199,0.256,173,0.235,87,0.16,71,0.164,42,0.115,26,0.099,6,0.033
Region 14,Region 15,0,0,0,0,0,0,1,0.014,0,0,0,0,0,0,0,0,0,0,2,0.003,3,0.005,0,0,0,0,1,0.002,0,0,2,0.003,1,0.001,1,0.001,1,0.001,4,0.007,8,0.018,3,0.008,0,0,0,0
Region 14,Region 16,0,0,0,0,0,0,0,0,0,0,0,0,0,0,0,0,0,0,0,0,0,0,0,0,0,0,0,0,0,0,0,0,0,0,0,0,0,0,0,0,0,0,0,0,0,0,0,0
Region 14,Region 17,0,0,0,0,0,0,0,0,0,0,0,0,0,0,0,0,0,0,1,0.001,0,0,0,0,0,0,0,0,1,0.002,2,0.003,0,0,0,0,0,0,1,0.002,3,0.007,0,0,0,0,0,0
Region 14,Region 18,0,0,0,0,0,0,0,0,0,0,0,0,0,0,0,0,0,0,0,0,0,0,0,0,0,0,0,0,0,0,0,0,0,0,0,0,0,0,0,0,0,0,0,0,0,0,0,0
Region 14,Region 19,0,0,0,0,0,0,0,0,0,0,0,0,0,0,0,0,0,0,0,0,0,0,0,0,0,0,0,0,0,0,0,0,1,0.001,0,0,1,0.001,0,0,0,0,0,0,0,0,0,0
Region 14,Region 20,1,0.006,0,0,2,0.03,2,0.029,3,0.026,3,0.012,18,0.037,24,0.03,48,0.056,42,0.059,12,0.021,5,0.009,5,0.008,5,0.008,13,0.021,21,0.031,8,0.012,5,0.006,7,0.01,6,0.011,7,0.016,7,0.019,2,0.008,0,0
Region 14,Region 21,0,0,0,0,0,0,0,0,0,0,0,0,0,0,0,0,0,0,0,0,0,0,0,0,0,0,0,0,0,0,0,0,0,0,0,0,0,0,0,0,0,0,0,0,0,0,0,0
Region 14,Region 22,0,0,0,0,0,0,0,0,0,0,0,0,0,0,0,0,0,0,0,0,0,0,0,0,0,0,0,0,0,0,0,0,0,0,0,0,0,0,0,0,0,0,0,0,0,0,0,0
Region 14,Region 23,0,0,0,0,0,0,0,0,0,0,0,0,0,0,0,0,3,0.004,1,0.001,0,0,0,0,2,0.003,1,0.002,1,0.002,0,0,0,0,0,0,0,0,0,0,0,0,1,0.003,1,0.004,0,0
Region 14,Region 24,0,0,0,0,0,0,0,0,0,0,0,0,0,0,0,0,1,0.001,0,0,0,0,2,0.003,0,0,0,0,1,0.002,1,0.001,0,0,0,0,0,0,1,0.002,0,0,0,0,0,0,0,0
Region 14,Region 25,3,0.018,0,0,0,0,2,0.029,4,0.034,11,0.043,40,0.082,59,0.075,65,0.076,62,0.088,44,0.075,27,0.046,11,0.018,12,0.02,16,0.026,25,0.036,20,0.029,25,0.032,31,0.042,13,0.024,10,0.023,7,0.019,2,0.008,0,0
Region 14,Region 26,0,0,0,0,0,0,0,0,1,0.009,0,0,2,0.004,6,0.008,19,0.022,9,0.013,6,0.01,11,0.019,8,0.013,11,0.018,4,0.006,32,0.047,14,0.02,16,0.021,12,0.016,9,0.017,9,0.021,2,0.005,1,0.004,0,0
Region 14,Region 27,0,0,0,0,0,0,0,0,0,0,0,0,0,0,0,0,1,0.001,0,0,0,0,0,0,2,0.003,0,0,0,0,0,0,0,0,0,0,0,0,0,0,0,0,0,0,0,0,0,0
Region 14,Region 28,0,0,0,0,0,0,0,0,0,0,0,0,0,0,2,0.003,1,0.001,0,0,0,0,0,0,0,0,0,0,1,0.002,1,0.001,2,0.003,0,0,0,0,0,0,6,0.014,0,0,0,0,0,0
Region 14,Region 29,0,0,1,0.011,0,0,0,0,0,0,0,0,0,0,1,0.001,4,0.005,0,0,1,0.002,2,0.003,0,0,0,0,0,0,0,0,0,0,0,0,0,0,1,0.002,1,0.002,1,0.003,0,0,0,0
Region 14,Region 30,1,0.006,0,0,0,0,0,0,1,0.009,3,0.012,2,0.004,14,0.018,11,0.013,12,0.017,7,0.012,8,0.014,7,0.011,9,0.015,5,0.008,13,0.019,5,0.007,7,0.009,8,0.011,4,0.007,4,0.009,4,0.011,3,0.011,0,0
Region 14,Region 31,0,0,0,0,0,0,0,0,0,0,0,0,2,0.004,6,0.008,4,0.005,2,0.003,1,0.002,5,0.009,1,0.002,1,0.002,3,0.005,2,0.003,5,0.007,2,0.003,4,0.005,2,0.004,1,0.002,0,0,1,0.004,0,0
Region 14,Region 32,0,0,0,0,0,0,0,0,0,0,0,0,0,0,0,0,0,0,0,0,0,0,0,0,0,0,0,0,0,0,0,0,0,0,0,0,0,0,0,0,0,0,0,0,0,0,0,0
Region 14,Region 33,4,0.024,1,0.011,0,0,7,0.1,2,0.017,6,0.023,43,0.088,97,0.123,98,0.115,51,0.072,53,0.091,49,0.084,46,0.075,58,0.094,51,0.082,100,0.146,77,0.111,79,0.102,63,0.086,38,0.07,40,0.092,34,0.093,15,0.057,2,0.011
Region 14,Region 34,0,0,1,0.011,0,0,0,0,0,0,3,0.012,19,0.039,29,0.037,27,0.032,19,0.027,16,0.027,7,0.012,5,0.008,5,0.008,7,0.011,5,0.007,10,0.014,6,0.008,2,0.003,2,0.004,6,0.014,6,0.016,2,0.008,0,0
Region 14,Region 35,0,0,0,0,0,0,0,0,0,0,1,0.004,3,0.006,11,0.014,8,0.009,12,0.017,10,0.017,8,0.014,4,0.007,6,0.01,3,0.005,11,0.016,11,0.016,9,0.012,6,0.008,3,0.006,4,0.009,2,0.005,1,0.004,1,0.006
Region 14,Region 36,0,0,0,0,0,0,0,0,0,0,0,0,1,0.002,1,0.001,1,0.001,1,0.001,0,0,2,0.003,1,0.002,1,0.002,2,0.003,9,0.013,5,0.007,1,0.001,6,0.008,2,0.004,3,0.007,1,0.003,0,0,0,0
Region 14,Region 37,0,0,0,0,0,0,0,0,0,0,0,0,1,0.002,0,0,0,0,0,0,0,0,0,0,1,0.002,0,0,0,0,0,0,0,0,0,0,1,0.001,0,0,2,0.005,0,0,0,0,1,0.006
Region 14,Region 38,0,0,0,0,0,0,0,0,0,0,0,0,0,0,0,0,0,0,0,0,0,0,0,0,1,0.002,0,0,0,0,1,0.001,0,0,1,0.001,0,0,1,0.002,0,0,0,0,0,0,0,0
Region 14,Region 39,0,0,0,0,0,0,0,0,0,0,0,0,0,0,0,0,0,0,0,0,0,0,0,0,0,0,0,0,0,0,0,0,0,0,1,0.001,1,0.001,0,0,0,0,0,0,0,0,0,0
Region 14,Region 40,0,0,0,0,0,0,0,0,0,0,0,0,0,0,6,0.008,1,0.001,1,0.001,1,0.002,3,0.005,3,0.005,0,0,2,0.003,5,0.007,0,0,2,0.003,8,0.011,0,0,3,0.007,1,0.003,2,0.008,1,0.006
Region 14,Region 41,0,0,0,0,0,0,0,0,2,0.017,2,0.008,3,0.006,1,0.001,4,0.005,3,0.004,2,0.003,5,0.009,1,0.002,2,0.003,6,0.01,5,0.007,3,0.004,3,0.004,3,0.004,1,0.002,3,0.007,1,0.003,2,0.008,4,0.022
Region 14,Region 42,0,0,0,0,0,0,0,0,0,0,0,0,2,0.004,4,0.005,9,0.011,6,0.008,5,0.009,5,0.009,4,0.007,3,0.005,2,0.003,16,0.023,10,0.014,7,0.009,7,0.01,3,0.006,0,0,0,0,0,0,0,0
Region 14,Region 43,0,0,0,0,0,0,0,0,0,0,0,0,0,0,0,0,1,0.001,0,0,0,0,0,0,1,0.002,0,0,0,0,0,0,0,0,0,0,0,0,0,0,0,0,0,0,0,0,0,0
Region 14,Region 44,0,0,0,0,0,0,0,0,0,0,0,0,0,0,0,0,0,0,1,0.001,1,0.002,0,0,0,0,0,0,1,0.002,0,0,0,0,0,0,0,0,1,0.002,2,0.005,0,0,0,0,0,0
Region 14,Region 45,0,0,0,0,0,0,0,0,0,0,0,0,1,0.002,2,0.003,1,0.001,1,0.001,4,0.007,2,0.003,2,0.003,3,0.005,1,0.002,1,0.001,0,0,2,0.003,3,0.004,1,0.002,2,0.005,1,0.003,2,0.008,0,0
Region 14,Region 46,0,0,0,0,0,0,2,0.029,2,0.017,4,0.016,1,0.002,7,0.009,3,0.004,6,0.008,4,0.007,9,0.015,3,0.005,12,0.02,3,0.005,3,0.004,2,0.003,0,0,2,0.003,1,0.002,7,0.016,2,0.005,0,0,0,0
Region 14,Region 47,0,0,0,0,0,0,0,0,0,0,0,0,0,0,0,0,1,0.001,0,0,0,0,1,0.002,1,0.002,0,0,1,0.002,1,0.001,0,0,0,0,0,0,0,0,0,0,0,0,0,0,0,0
Region 14,Region 48,0,0,0,0,0,0,0,0,0,0,0,0,0,0,0,0,0,0,0,0,0,0,0,0,0,0,0,0,0,0,0,0,0,0,0,0,0,0,0,0,0,0,0,0,0,0,0,0
Region 14,Region 49,0,0,0,0,0,0,0,0,0,0,0,0,0,0,0,0,0,0,0,0,0,0,0,0,1,0.002,0,0,0,0,0,0,0,0,1,0.001,0,0,0,0,0,0,0,0,0,0,0,0
Region 14,Region 50,0,0,0,0,0,0,0,0,0,0,0,0,3,0.006,0,0,3,0.004,1,0.001,0,0,2,0.003,5,0.008,3,0.005,10,0.016,27,0.039,9,0.013,10,0.013,4,0.005,4,0.007,4,0.009,1,0.003,2,0.008,0,0
Region 14,Region 51,0,0,0,0,0,0,0,0,0,0,0,0,2,0.004,5,0.006,3,0.004,1,0.001,3,0.005,0,0,1,0.002,0,0,1,0.002,4,0.006,2,0.003,5,0.006,4,0.005,2,0.004,0,0,0,0,0,0,0,0
Region 14,Region 52,0,0,0,0,0,0,0,0,0,0,0,0,1,0.002,1,0.001,0,0,2,0.003,2,0.003,1,0.002,0,0,0,0,3,0.005,4,0.006,1,0.001,2,0.003,2,0.003,0,0,4,0.009,0,0,0,0,0,0
Region 14,Region 53,0,0,0,0,0,0,0,0,0,0,0,0,0,0,0,0,0,0,0,0,0,0,0,0,0,0,0,0,0,0,0,0,0,0,0,0,0,0,0,0,0,0,0,0,0,0,0,0
Region 14,Region 54,0,0,0,0,0,0,0,0,1,0.009,2,0.008,6,0.012,9,0.011,8,0.009,10,0.014,8,0.014,5,0.009,7,0.011,3,0.005,6,0.01,22,0.032,17,0.024,7,0.009,13,0.018,8,0.015,4,0.009,2,0.005,2,0.008,0,0
Region 14,Region 55,1,0.006,0,0,0,0,0,0,0,0,0,0,0,0,0,0,3,0.004,2,0.003,2,0.003,0,0,0,0,0,0,1,0.002,0,0,0,0,0,0,0,0,0,0,0,0,1,0.003,0,0,0,0
Region 14,Region 56,0,0,0,0,0,0,0,0,0,0,0,0,0,0,0,0,1,0.001,1,0.001,0,0,0,0,0,0,0,0,0,0,1,0.001,0,0,0,0,0,0,0,0,0,0,0,0,0,0,0,0
Region 14,Region 57,0,0,0,0,0,0,0,0,0,0,0,0,3,0.006,3,0.004,6,0.007,5,0.007,3,0.005,2,0.003,3,0.005,2,0.003,6,0.01,11,0.016,5,0.007,10,0.013,15,0.02,2,0.004,3,0.007,1,0.003,0,0,0,0
Region 14,Region 58,0,0,0,0,0,0,0,0,0,0,1,0.004,2,0.004,3,0.004,1,0.001,1,0.001,0,0,0,0,0,0,0,0,0,0,1,0.001,2,0.003,1,0.001,1,0.001,0,0,3,0.007,0,0,2,0.008,0,0
Region 14,Region 59,0,0,0,0,0,0,0,0,0,0,0,0,0,0,0,0,1,0.001,0,0,1,0.002,1,0.002,0,0,0,0,0,0,1,0.001,0,0,3,0.004,2,0.003,0,0,0,0,0,0,0,0,0,0
Region 14,Region 60,0,0,0,0,1,0.015,0,0,0,0,0,0,4,0.008,17,0.022,15,0.018,7,0.01,6,0.01,5,0.009,6,0.01,7,0.011,5,0.008,20,0.029,7,0.01,14,0.018,11,0.015,6,0.011,4,0.009,7,0.019,0,0,0,0
Region 14,Region 61,0,0,0,0,0,0,0,0,0,0,0,0,0,0,0,0,0,0,0,0,0,0,0,0,0,0,0,0,0,0,1,0.001,1,0.001,1,0.001,1,0.001,0,0,0,0,0,0,0,0,0,0
Region 14,Region 62,0,0,0,0,0,0,0,0,0,0,0,0,0,0,0,0,0,0,0,0,0,0,0,0,0,0,0,0,0,0,0,0,1,0.001,0,0,0,0,0,0,0,0,0,0,0,0,0,0
Region 14,Region 63,0,0,0,0,0,0,0,0,0,0,0,0,0,0,0,0,0,0,0,0,0,0,0,0,0,0,0,0,0,0,0,0,0,0,1,0.001,0,0,0,0,0,0,0,0,0,0,0,0
Region 14,Region 64,0,0,0,0,0,0,0,0,0,0,0,0,0,0,0,0,0,0,0,0,0,0,0,0,0,0,0,0,0,0,0,0,0,0,0,0,0,0,0,0,0,0,0,0,0,0,0,0
Region 14,Region 65,0,0,0,0,0,0,0,0,0,0,1,0.004,4,0.008,3,0.004,5,0.006,4,0.006,1,0.002,4,0.007,7,0.011,3,0.005,2,0.003,0,0,0,0,1,0.001,2,0.003,3,0.006,2,0.005,1,0.003,0,0,0,0
Region 14,Region 66,0,0,0,0,1,0.015,0,0,0,0,0,0,2,0.004,1,0.001,1,0.001,0,0,0,0,1,0.002,0,0,2,0.003,0,0,6,0.009,1,0.001,2,0.003,2,0.003,2,0.004,1,0.002,0,0,1,0.004,0,0
Region 14,Region 67,0,0,0,0,0,0,0,0,0,0,0,0,0,0,0,0,0,0,0,0,0,0,0,0,0,0,0,0,0,0,0,0,0,0,0,0,0,0,0,0,0,0,0,0,0,0,0,0
Region 14,Region 68,1,0.006,1,0.011,0,0,0,0,0,0,6,0.023,35,0.071,86,0.109,89,0.104,67,0.095,35,0.06,37,0.063,43,0.07,46,0.075,37,0.059,40,0.058,28,0.04,36,0.046,50,0.068,16,0.029,16,0.037,9,0.025,3,0.011,2,0.011
Region 14,Region 69,0,0,0,0,0,0,0,0,1,0.009,3,0.012,7,0.014,6,0.008,3,0.004,3,0.004,1,0.002,0,0,0,0,2,0.003,1,0.002,3,0.004,1,0.001,1,0.001,3,0.004,2,0.004,0,0,0,0,0,0,0,0
Region 14,Region 70,0,0,0,0,0,0,0,0,0,0,3,0.012,9,0.018,30,0.038,26,0.03,13,0.018,14,0.024,8,0.014,7,0.011,8,0.013,7,0.011,18,0.026,5,0.007,12,0.015,17,0.023,5,0.009,2,0.005,3,0.008,0,0,0,0
Region 14,Region 71,3,0.018,1,0.011,1,0.015,1,0.014,5,0.043,11,0.043,36,0.074,129,0.164,140,0.164,62,0.088,42,0.072,55,0.094,37,0.06,40,0.065,37,0.059,77,0.112,39,0.056,42,0.054,55,0.075,28,0.052,14,0.032,7,0.019,7,0.027,1,0.006
Region 14,Region 72,4,0.024,0,0,0,0,0,0,1,0.009,3,0.012,30,0.061,41,0.052,23,0.027,37,0.052,19,0.033,30,0.051,15,0.024,11,0.018,17,0.027,42,0.061,33,0.047,27,0.035,15,0.02,14,0.026,11,0.025,5,0.014,1,0.004,6,0.033
Region 15,Region 0,1,0.006,3,0.033,1,0.015,0,0,0,0,0,0,5,0.01,12,0.015,13,0.015,13,0.018,6,0.01,4,0.007,6,0.01,6,0.01,13,0.021,12,0.017,8,0.012,10,0.013,6,0.008,5,0.009,1,0.002,11,0.03,4,0.015,0,0
Region 15,Region 1,2,0.012,1,0.011,0,0,1,0.014,2,0.017,3,0.012,4,0.008,10,0.013,8,0.009,5,0.007,6,0.01,4,0.007,2,0.003,4,0.007,2,0.003,6,0.009,2,0.003,4,0.005,2,0.003,4,0.007,1,0.002,7,0.019,0,0,0,0
Region 15,Region 2,0,0,1,0.011,0,0,2,0.029,2,0.017,4,0.016,9,0.018,15,0.019,6,0.007,2,0.003,6,0.01,4,0.007,3,0.005,3,0.005,1,0.002,1,0.001,3,0.004,2,0.003,4,0.005,2,0.004,2,0.005,3,0.008,3,0.011,0,0
Region 15,Region 3,2,0.012,0,0,1,0.015,0,0,1,0.009,4,0.016,6,0.012,2,0.003,8,0.009,9,0.013,5,0.009,5,0.009,3,0.005,7,0.011,7,0.011,10,0.015,8,0.012,10,0.013,8,0.011,4,0.007,4,0.009,5,0.014,2,0.008,2,0.011
Region 15,Region 4,0,0,0,0,0,0,1,0.014,0,0,1,0.004,1,0.002,3,0.004,0,0,2,0.003,1,0.002,1,0.002,1,0.002,1,0.002,2,0.003,1,0.001,0,0,1,0.001,0,0,0,0,0,0,1,0.003,1,0.004,2,0.011
Region 15,Region 5,3,0.018,0,0,2,0.03,5,0.071,2,0.017,1,0.004,6,0.012,13,0.016,15,0.018,16,0.023,8,0.014,11,0.019,15,0.024,12,0.02,18,0.029,15,0.022,17,0.024,28,0.036,13,0.018,13,0.024,5,0.012,8,0.022,7,0.027,7,0.039
Region 15,Region 6,243,1.459,144,1.583,141,2.11,157,2.238,231,1.967,405,1.571,671,1.37,856,1.086,768,0.897,629,0.89,528,0.905,622,1.066,687,1.118,764,1.244,924,1.484,937,1.366,705,1.015,602,0.774,563,0.766,547,1.007,498,1.147,361,0.988,308,1.169,243,1.343
Region 15,Region 7,11,0.066,6,0.066,6,0.09,3,0.043,1,0.009,5,0.019,12,0.025,21,0.027,23,0.027,14,0.02,7,0.012,11,0.019,12,0.02,17,0.028,16,0.026,11,0.016,8,0.012,12,0.015,13,0.018,12,0.022,9,0.021,10,0.027,5,0.019,8,0.044
Region 15,Region 8,0,0,0,0,0,0,0,0,0,0,0,0,1,0.002,1,0.001,0,0,1,0.001,0,0,0,0,0,0,0,0,0,0,0,0,1,0.001,0,0,0,0,0,0,0,0,0,0,0,0,0,0
Region 15,Region 9,3,0.018,1,0.011,0,0,3,0.043,0,0,1,0.004,6,0.012,8,0.01,8,0.009,5,0.007,3,0.005,3,0.005,3,0.005,5,0.008,6,0.01,7,0.01,8,0.012,5,0.006,6,0.008,7,0.013,6,0.014,5,0.014,7,0.027,2,0.011
Region 15,Region 10,1,0.006,0,0,0,0,0,0,2,0.017,3,0.012,7,0.014,3,0.004,4,0.005,3,0.004,0,0,0,0,3,0.005,4,0.007,1,0.002,1,0.001,2,0.003,3,0.004,0,0,2,0.004,0,0,3,0.008,2,0.008,0,0
Region 15,Region 11,0,0,0,0,0,0,1,0.014,0,0,0,0,1,0.002,0,0,1,0.001,1,0.001,3,0.005,0,0,0,0,1,0.002,1,0.002,0,0,2,0.003,1,0.001,1,0.001,2,0.004,2,0.005,0,0,2,0.008,1,0.006
Region 15,Region 12,0,0,0,0,0,0,0,0,0,0,1,0.004,4,0.008,2,0.003,2,0.002,2,0.003,0,0,3,0.005,0,0,2,0.003,2,0.003,2,0.003,1,0.001,4,0.005,1,0.001,1,0.002,2,0.005,0,0,0,0,3,0.017
Region 15,Region 13,1,0.006,1,0.011,1,0.015,0,0,0,0,2,0.008,12,0.025,40,0.051,43,0.05,20,0.028,15,0.026,16,0.027,12,0.02,7,0.011,14,0.022,11,0.016,6,0.009,10,0.013,13,0.018,9,0.017,3,0.007,2,0.005,8,0.03,3,0.017
Region 15,Region 14,0,0,0,0,0,0,0,0,1,0.009,2,0.008,5,0.01,8,0.01,7,0.008,3,0.004,2,0.003,2,0.003,2,0.003,2,0.003,5,0.008,22,0.032,19,0.027,0,0,2,0.003,0,0,0,0,0,0,0,0,0,0
Region 15,Region 15,81,0.486,43,0.473,36,0.539,35,0.499,35,0.298,56,0.217,111,0.227,231,0.293,211,0.247,213,0.301,253,0.434,225,0.386,260,0.423,272,0.443,261,0.419,294,0.429,286,0.412,320,0.412,285,0.388,252,0.464,220,0.507,193,0.528,119,0.452,68,0.376
Region 15,Region 16,1,0.006,1,0.011,1,0.015,1,0.014,2,0.017,1,0.004,5,0.01,7,0.009,8,0.009,3,0.004,6,0.01,6,0.01,6,0.01,8,0.013,8,0.013,12,0.017,9,0.013,4,0.005,9,0.012,4,0.007,4,0.009,3,0.008,3,0.011,2,0.011
Region 15,Region 17,0,0,0,0,0,0,1,0.014,0,0,2,0.008,6,0.012,2,0.003,3,0.004,2,0.003,3,0.005,2,0.003,2,0.003,1,0.002,3,0.005,1,0.001,1,0.001,3,0.004,2,0.003,3,0.006,1,0.002,0,0,0,0,0,0
Region 15,Region 18,0,0,0,0,0,0,0,0,0,0,0,0,0,0,0,0,0,0,0,0,0,0,0,0,0,0,0,0,0,0,0,0,1,0.001,1,0.001,0,0,0,0,2,0.005,0,0,2,0.008,0,0
Region 15,Region 19,5,0.03,1,0.011,1,0.015,1,0.014,3,0.026,6,0.023,10,0.02,11,0.014,17,0.02,9,0.013,11,0.019,11,0.019,14,0.023,9,0.015,11,0.018,13,0.019,14,0.02,18,0.023,13,0.018,11,0.02,9,0.021,6,0.016,4,0.015,3,0.017
Region 15,Region 20,0,0,0,0,0,0,0,0,0,0,1,0.004,3,0.006,3,0.004,3,0.004,5,0.007,2,0.003,2,0.003,3,0.005,1,0.002,1,0.002,3,0.004,1,0.001,1,0.001,0,0,0,0,0,0,0,0,0,0,0,0
Region 15,Region 21,0,0,0,0,0,0,0,0,0,0,1,0.004,2,0.004,2,0.003,0,0,2,0.003,0,0,1,0.002,0,0,0,0,3,0.005,0,0,4,0.006,2,0.003,3,0.004,1,0.002,1,0.002,0,0,0,0,0,0
Region 15,Region 22,2,0.012,2,0.022,2,0.03,0,0,1,0.009,3,0.012,5,0.01,6,0.008,2,0.002,0,0,3,0.005,1,0.002,1,0.002,2,0.003,4,0.006,2,0.003,2,0.003,4,0.005,4,0.005,3,0.006,1,0.002,1,0.003,0,0,0,0
Region 15,Region 23,1,0.006,1,0.011,1,0.015,2,0.029,0,0,1,0.004,1,0.002,5,0.006,4,0.005,1,0.001,6,0.01,4,0.007,4,0.007,4,0.007,6,0.01,8,0.012,7,0.01,11,0.014,7,0.01,4,0.007,5,0.012,1,0.003,2,0.008,1,0.006
Region 15,Region 24,0,0,0,0,0,0,0,0,0,0,0,0,1,0.002,5,0.006,4,0.005,4,0.006,1,0.002,3,0.005,4,0.007,0,0,4,0.006,3,0.004,4,0.006,6,0.008,4,0.005,1,0.002,1,0.002,2,0.005,1,0.004,0,0
Region 15,Region 25,0,0,0,0,0,0,0,0,0,0,1,0.004,0,0,5,0.006,0,0,3,0.004,2,0.003,6,0.01,3,0.005,1,0.002,3,0.005,0,0,1,0.001,3,0.004,0,0,0,0,1,0.002,0,0,0,0,0,0
Region 15,Region 26,0,0,0,0,0,0,0,0,0,0,0,0,1,0.002,1,0.001,1,0.001,0,0,0,0,0,0,0,0,0,0,0,0,0,0,0,0,0,0,0,0,0,0,0,0,0,0,0,0,0,0
Region 15,Region 27,0,0,0,0,0,0,0,0,0,0,1,0.004,13,0.027,15,0.019,7,0.008,3,0.004,3,0.005,3,0.005,2,0.003,3,0.005,4,0.006,2,0.003,1,0.001,1,0.001,3,0.004,2,0.004,1,0.002,4,0.011,2,0.008,3,0.017
Region 15,Region 28,1,0.006,0,0,0,0,0,0,0,0,1,0.004,4,0.008,6,0.008,3,0.004,4,0.006,0,0,0,0,0,0,0,0,2,0.003,1,0.001,0,0,1,0.001,2,0.003,2,0.004,0,0,1,0.003,1,0.004,0,0
Region 15,Region 29,2,0.012,1,0.011,0,0,1,0.014,1,0.009,2,0.008,7,0.014,14,0.018,21,0.025,22,0.031,17,0.029,11,0.019,13,0.021,8,0.013,10,0.016,3,0.004,4,0.006,7,0.009,9,0.012,4,0.007,4,0.009,7,0.019,2,0.008,2,0.011
Region 15,Region 30,0,0,0,0,0,0,0,0,1,0.009,0,0,2,0.004,3,0.004,4,0.005,3,0.004,1,0.002,0,0,2,0.003,1,0.002,1,0.002,3,0.004,0,0,1,0.001,2,0.003,0,0,0,0,1,0.003,1,0.004,0,0
Region 15,Region 31,0,0,0,0,0,0,0,0,0,0,2,0.008,5,0.01,2,0.003,3,0.004,1,0.001,0,0,6,0.01,7,0.011,6,0.01,7,0.011,1,0.001,2,0.003,2,0.003,1,0.001,3,0.006,4,0.009,2,0.005,1,0.004,1,0.006
Region 15,Region 32,2,0.012,0,0,0,0,0,0,2,0.017,5,0.019,2,0.004,11,0.014,10,0.012,10,0.014,3,0.005,7,0.012,7,0.011,19,0.031,9,0.014,16,0.023,12,0.017,21,0.027,16,0.022,11,0.02,11,0.025,5,0.014,5,0.019,3,0.017
Region 15,Region 33,2,0.012,2,0.022,3,0.045,0,0,5,0.043,23,0.089,91,0.186,60,0.076,18,0.021,12,0.017,10,0.017,5,0.009,9,0.015,6,0.01,3,0.005,4,0.006,5,0.007,4,0.005,2,0.003,3,0.006,5,0.012,2,0.005,1,0.004,2,0.011
Region 15,Region 34,2,0.012,1,0.011,0,0,3,0.043,0,0,4,0.016,4,0.008,12,0.015,15,0.018,8,0.011,8,0.014,7,0.012,7,0.011,11,0.018,10,0.016,5,0.007,4,0.006,2,0.003,7,0.01,12,0.022,8,0.018,8,0.022,3,0.011,0,0
Region 15,Region 35,0,0,1,0.011,1,0.015,1,0.014,0,0,1,0.004,0,0,0,0,0,0,0,0,0,0,2,0.003,4,0.007,0,0,3,0.005,2,0.003,1,0.001,1,0.001,3,0.004,3,0.006,1,0.002,0,0,1,0.004,0,0
Region 15,Region 36,5,0.03,5,0.055,2,0.03,0,0,3,0.026,18,0.07,19,0.039,20,0.025,20,0.023,24,0.034,12,0.021,8,0.014,10,0.016,7,0.011,5,0.008,11,0.016,12,0.017,13,0.017,7,0.01,7,0.013,5,0.012,5,0.014,2,0.008,2,0.011
Region 15,Region 37,2,0.012,1,0.011,0,0,0,0,0,0,0,0,0,0,2,0.003,1,0.001,1,0.001,0,0,1,0.002,3,0.005,3,0.005,1,0.002,3,0.004,5,0.007,1,0.001,3,0.004,5,0.009,1,0.002,1,0.003,0,0,0,0
Region 15,Region 38,2,0.012,2,0.022,1,0.015,0,0,0,0,2,0.008,3,0.006,5,0.006,7,0.008,5,0.007,5,0.009,3,0.005,3,0.005,7,0.011,3,0.005,8,0.012,2,0.003,7,0.009,9,0.012,2,0.004,3,0.007,3,0.008,1,0.004,0,0
Region 15,Region 39,21,0.126,18,0.198,9,0.135,9,0.128,8,0.068,14,0.054,22,0.045,43,0.055,49,0.057,47,0.067,27,0.046,30,0.051,49,0.08,30,0.049,35,0.056,53,0.077,55,0.079,53,0.068,41,0.056,22,0.041,18,0.041,27,0.074,20,0.076,22,0.122
Region 15,Region 40,1,0.006,1,0.011,1,0.015,1,0.014,2,0.017,2,0.008,12,0.025,3,0.004,4,0.005,2,0.003,7,0.012,7,0.012,7,0.011,4,0.007,7,0.011,11,0.016,15,0.022,10,0.013,9,0.012,9,0.017,5,0.012,7,0.019,5,0.019,5,0.028
Region 15,Region 41,4,0.024,2,0.022,0,0,3,0.043,7,0.06,6,0.023,12,0.025,17,0.022,10,0.012,13,0.018,13,0.022,7,0.012,13,0.021,20,0.033,14,0.022,10,0.015,14,0.02,20,0.026,23,0.031,12,0.022,6,0.014,5,0.014,4,0.015,3,0.017
Region 15,Region 42,0,0,0,0,0,0,0,0,0,0,0,0,1,0.002,0,0,0,0,0,0,2,0.003,2,0.003,0,0,0,0,0,0,0,0,0,0,0,0,1,0.001,0,0,0,0,0,0,0,0,0,0
Region 15,Region 43,1,0.006,0,0,0,0,0,0,0,0,2,0.008,10,0.02,14,0.018,8,0.009,3,0.004,5,0.009,7,0.012,0,0,3,0.005,7,0.011,3,0.004,3,0.004,8,0.01,4,0.005,1,0.002,0,0,4,0.011,2,0.008,1,0.006
Region 15,Region 44,0,0,0,0,0,0,0,0,1,0.009,0,0,2,0.004,3,0.004,3,0.004,3,0.004,0,0,3,0.005,1,0.002,0,0,1,0.002,0,0,0,0,3,0.004,1,0.001,2,0.004,1,0.002,1,0.003,0,0,0,0
Region 15,Region 45,0,0,0,0,0,0,0,0,0,0,1,0.004,1,0.002,10,0.013,8,0.009,2,0.003,1,0.002,4,0.007,1,0.002,1,0.002,2,0.003,4,0.006,2,0.003,4,0.005,5,0.007,4,0.007,1,0.002,0,0,1,0.004,1,0.006
Region 15,Region 46,2,0.012,0,0,0,0,1,0.014,4,0.034,6,0.023,4,0.008,10,0.013,6,0.007,9,0.013,5,0.009,10,0.017,7,0.011,13,0.021,9,0.014,9,0.013,7,0.01,9,0.012,8,0.011,9,0.017,11,0.025,10,0.027,2,0.008,2,0.011
Region 15,Region 47,3,0.018,0,0,2,0.03,2,0.029,2,0.017,10,0.039,8,0.016,19,0.024,16,0.019,14,0.02,8,0.014,15,0.026,12,0.02,10,0.016,10,0.016,13,0.019,10,0.014,16,0.021,12,0.016,11,0.02,2,0.005,9,0.025,5,0.019,3,0.017
Region 15,Region 48,8,0.048,3,0.033,0,0,0,0,3,0.026,6,0.023,14,0.029,21,0.027,14,0.016,5,0.007,10,0.017,3,0.005,3,0.005,3,0.005,3,0.005,1,0.001,3,0.004,7,0.009,8,0.011,2,0.004,3,0.007,5,0.014,4,0.015,3,0.017
Region 15,Region 49,3,0.018,3,0.033,3,0.045,0,0,0,0,3,0.012,13,0.027,16,0.02,8,0.009,5,0.007,11,0.019,8,0.014,5,0.008,7,0.011,9,0.014,10,0.015,8,0.012,7,0.009,6,0.008,7,0.013,5,0.012,5,0.014,4,0.015,3,0.017
Region 15,Region 50,0,0,0,0,0,0,3,0.043,2,0.017,5,0.019,12,0.025,16,0.02,8,0.009,7,0.01,7,0.012,5,0.009,3,0.005,4,0.007,8,0.013,9,0.013,7,0.01,4,0.005,3,0.004,6,0.011,4,0.009,1,0.003,2,0.008,1,0.006
Region 15,Region 51,0,0,1,0.011,0,0,0,0,0,0,0,0,4,0.008,6,0.008,11,0.013,12,0.017,5,0.009,2,0.003,1,0.002,0,0,2,0.003,3,0.004,3,0.004,1,0.001,3,0.004,1,0.002,0,0,0,0,1,0.004,0,0
Region 15,Region 52,0,0,0,0,0,0,0,0,0,0,0,0,0,0,0,0,0,0,0,0,0,0,0,0,0,0,0,0,0,0,0,0,0,0,0,0,0,0,0,0,1,0.002,0,0,0,0,0,0
Region 15,Region 53,12,0.072,4,0.044,3,0.045,3,0.043,2,0.017,7,0.027,10,0.02,24,0.03,23,0.027,21,0.03,42,0.072,22,0.038,35,0.057,26,0.042,26,0.042,33,0.048,20,0.029,36,0.046,20,0.027,24,0.044,28,0.064,22,0.06,16,0.061,8,0.044
Region 15,Region 54,2,0.012,0,0,0,0,0,0,0,0,2,0.008,9,0.018,13,0.016,6,0.007,6,0.008,2,0.003,5,0.009,3,0.005,3,0.005,2,0.003,1,0.001,2,0.003,1,0.001,0,0,3,0.006,1,0.002,1,0.003,1,0.004,0,0
Region 15,Region 55,0,0,0,0,0,0,0,0,0,0,1,0.004,10,0.02,6,0.008,6,0.007,7,0.01,3,0.005,3,0.005,8,0.013,8,0.013,3,0.005,3,0.004,6,0.009,9,0.012,2,0.003,3,0.006,3,0.007,4,0.011,1,0.004,3,0.017
Region 15,Region 56,14,0.084,12,0.132,3,0.045,5,0.071,2,0.017,10,0.039,20,0.041,32,0.041,33,0.039,20,0.028,13,0.022,17,0.029,28,0.046,23,0.037,23,0.037,31,0.045,26,0.037,29,0.037,34,0.046,19,0.035,18,0.041,16,0.044,10,0.038,11,0.061
Region 15,Region 57,0,0,0,0,0,0,0,0,1,0.009,1,0.004,3,0.006,5,0.006,4,0.005,5,0.007,1,0.002,0,0,0,0,1,0.002,2,0.003,1,0.001,1,0.001,2,0.003,0,0,0,0,0,0,0,0,0,0,0,0
Region 15,Region 58,158,0.949,91,1,74,1.107,88,1.254,138,1.175,240,0.931,402,0.821,527,0.669,483,0.564,317,0.449,276,0.473,242,0.415,234,0.381,251,0.409,288,0.463,256,0.373,201,0.289,166,0.213,233,0.317,211,0.389,211,0.486,186,0.509,150,0.57,132,0.73
Region 15,Region 59,2,0.012,3,0.033,2,0.03,0,0,5,0.043,6,0.023,11,0.022,4,0.005,8,0.009,8,0.011,6,0.01,7,0.012,6,0.01,12,0.02,4,0.006,4,0.006,5,0.007,2,0.003,4,0.005,4,0.007,4,0.009,3,0.008,2,0.008,3,0.017
Region 15,Region 60,0,0,0,0,0,0,0,0,0,0,0,0,1,0.002,1,0.001,1,0.001,1,0.001,1,0.002,1,0.002,0,0,1,0.002,0,0,0,0,0,0,0,0,0,0,0,0,0,0,0,0,0,0,0,0
Region 15,Region 61,27,0.162,15,0.165,12,0.18,31,0.442,17,0.145,44,0.171,86,0.176,114,0.145,103,0.12,76,0.108,73,0.125,55,0.094,55,0.09,61,0.099,81,0.13,79,0.115,54,0.078,88,0.113,70,0.095,53,0.098,52,0.12,57,0.156,58,0.22,24,0.133
Region 15,Region 62,36,0.216,12,0.132,15,0.224,12,0.171,27,0.23,26,0.101,77,0.157,140,0.178,158,0.185,133,0.188,108,0.185,130,0.223,120,0.195,126,0.205,132,0.212,145,0.211,151,0.217,145,0.186,117,0.159,92,0.169,74,0.17,58,0.159,52,0.197,42,0.232
Region 15,Region 63,0,0,0,0,0,0,0,0,0,0,0,0,0,0,2,0.003,0,0,0,0,0,0,0,0,2,0.003,0,0,1,0.002,0,0,0,0,1,0.001,0,0,0,0,1,0.002,0,0,0,0,0,0
Region 15,Region 64,14,0.084,8,0.088,5,0.075,5,0.071,5,0.043,7,0.027,25,0.051,45,0.057,28,0.033,21,0.03,25,0.043,20,0.034,26,0.042,17,0.028,30,0.048,40,0.058,35,0.05,27,0.035,29,0.039,16,0.029,14,0.032,14,0.038,14,0.053,13,0.072
Region 15,Region 65,1,0.006,1,0.011,0,0,0,0,0,0,2,0.008,4,0.008,4,0.005,5,0.006,7,0.01,2,0.003,2,0.003,2,0.003,1,0.002,3,0.005,1,0.001,2,0.003,4,0.005,2,0.003,5,0.009,2,0.005,0,0,0,0,1,0.006
Region 15,Region 66,2,0.012,0,0,1,0.015,0,0,2,0.017,9,0.035,13,0.027,13,0.016,12,0.014,5,0.007,2,0.003,5,0.009,3,0.005,5,0.008,4,0.006,6,0.009,5,0.007,1,0.001,2,0.003,0,0,0,0,0,0,0,0,0,0
Region 15,Region 67,4,0.024,3,0.033,3,0.045,2,0.029,11,0.094,17,0.066,41,0.084,41,0.052,33,0.039,19,0.027,18,0.031,10,0.017,18,0.029,15,0.024,14,0.022,15,0.022,11,0.016,24,0.031,17,0.023,12,0.022,5,0.012,8,0.022,11,0.042,1,0.006
Region 15,Region 68,0,0,0,0,0,0,0,0,1,0.009,0,0,1,0.002,2,0.003,3,0.004,3,0.004,0,0,0,0,0,0,0,0,1,0.002,0,0,1,0.001,1,0.001,0,0,0,0,0,0,0,0,0,0,0,0
Region 15,Region 69,1,0.006,0,0,0,0,0,0,0,0,0,0,0,0,3,0.004,1,0.001,0,0,1,0.002,0,0,0,0,0,0,0,0,0,0,0,0,0,0,0,0,0,0,1,0.002,0,0,2,0.008,0,0
Region 15,Region 70,0,0,0,0,0,0,0,0,0,0,0,0,0,0,1,0.001,1,0.001,0,0,0,0,0,0,0,0,1,0.002,2,0.003,0,0,1,0.001,0,0,0,0,0,0,0,0,0,0,0,0,0,0
Region 15,Region 71,0,0,0,0,0,0,0,0,1,0.009,1,0.004,3,0.006,8,0.01,5,0.006,2,0.003,0,0,0,0,1,0.002,1,0.002,2,0.003,2,0.003,1,0.001,0,0,0,0,0,0,1,0.002,0,0,0,0,0,0
Region 15,Region 72,4,0.024,4,0.044,2,0.03,2,0.029,3,0.026,7,0.027,19,0.039,17,0.022,11,0.013,9,0.013,12,0.021,18,0.031,13,0.021,16,0.026,13,0.021,11,0.016,4,0.006,10,0.013,12,0.016,9,0.017,10,0.023,10,0.027,6,0.023,7,0.039
Region 16,Region 0,0,0,0,0,0,0,0,0,0,0,0,0,0,0,1,0.001,3,0.004,1,0.001,0,0,0,0,1,0.002,0,0,1,0.002,1,0.001,0,0,1,0.001,1,0.001,0,0,0,0,0,0,0,0,0,0
Region 16,Region 1,0,0,0,0,0,0,0,0,0,0,0,0,1,0.002,2,0.003,2,0.002,1,0.001,1,0.002,0,0,0,0,0,0,0,0,0,0,0,0,0,0,0,0,0,0,0,0,1,0.003,0,0,0,0
Region 16,Region 2,0,0,0,0,0,0,0,0,0,0,0,0,0,0,1,0.001,1,0.001,0,0,0,0,0,0,0,0,0,0,0,0,1,0.001,0,0,0,0,0,0,0,0,0,0,0,0,0,0,0,0
Region 16,Region 3,0,0,0,0,0,0,0,0,0,0,0,0,0,0,1,0.001,0,0,1,0.001,1,0.002,0,0,0,0,0,0,0,0,0,0,0,0,0,0,0,0,0,0,0,0,0,0,0,0,0,0
Region 16,Region 4,0,0,0,0,0,0,0,0,0,0,0,0,0,0,1,0.001,0,0,0,0,0,0,0,0,0,0,0,0,0,0,0,0,0,0,0,0,0,0,0,0,0,0,0,0,0,0,0,0
Region 16,Region 5,0,0,0,0,0,0,0,0,0,0,0,0,0,0,0,0,0,0,1,0.001,1,0.002,0,0,0,0,0,0,1,0.002,0,0,0,0,0,0,0,0,0,0,1,0.002,0,0,0,0,0,0
Region 16,Region 6,0,0,0,0,1,0.015,0,0,1,0.009,5,0.019,8,0.016,11,0.014,6,0.007,3,0.004,4,0.007,4,0.007,7,0.011,4,0.007,5,0.008,6,0.009,3,0.004,2,0.003,2,0.003,3,0.006,2,0.005,1,0.003,2,0.008,0,0
Region 16,Region 7,0,0,0,0,0,0,0,0,0,0,1,0.004,0,0,3,0.004,0,0,0,0,0,0,0,0,0,0,1,0.002,2,0.003,1,0.001,0,0,0,0,1,0.001,2,0.004,0,0,0,0,0,0,0,0
Region 16,Region 8,0,0,0,0,0,0,0,0,0,0,0,0,0,0,0,0,0,0,0,0,0,0,0,0,0,0,0,0,0,0,0,0,0,0,0,0,0,0,0,0,0,0,0,0,0,0,0,0
Region 16,Region 9,0,0,0,0,0,0,0,0,0,0,0,0,1,0.002,2,0.003,1,0.001,0,0,0,0,0,0,0,0,1,0.002,1,0.002,0,0,1,0.001,1,0.001,1,0.001,0,0,0,0,0,0,0,0,1,0.006
Region 16,Region 10,0,0,0,0,0,0,0,0,0,0,0,0,0,0,0,0,0,0,0,0,0,0,0,0,0,0,0,0,0,0,0,0,0,0,0,0,0,0,0,0,0,0,0,0,0,0,0,0
Region 16,Region 11,0,0,0,0,0,0,0,0,0,0,0,0,0,0,0,0,1,0.001,0,0,0,0,0,0,0,0,0,0,0,0,0,0,0,0,0,0,0,0,0,0,0,0,0,0,0,0,0,0
Region 16,Region 12,0,0,0,0,0,0,0,0,0,0,0,0,0,0,0,0,0,0,0,0,0,0,0,0,0,0,0,0,0,0,0,0,0,0,0,0,0,0,0,0,1,0.002,0,0,0,0,0,0
Region 16,Region 13,1,0.006,0,0,0,0,0,0,0,0,1,0.004,3,0.006,6,0.008,3,0.004,4,0.006,0,0,4,0.007,0,0,0,0,2,0.003,0,0,0,0,0,0,0,0,0,0,1,0.002,0,0,0,0,1,0.006
Region 16,Region 14,0,0,0,0,0,0,0,0,0,0,0,0,0,0,0,0,0,0,0,0,0,0,0,0,0,0,0,0,0,0,0,0,0,0,0,0,0,0,0,0,0,0,0,0,0,0,0,0
Region 16,Region 15,1,0.006,0,0,0,0,1,0.014,3,0.026,4,0.016,7,0.014,7,0.009,10,0.012,3,0.004,5,0.009,6,0.01,8,0.013,3,0.005,6,0.01,2,0.003,5,0.007,4,0.005,8,0.011,10,0.018,3,0.007,2,0.005,3,0.011,2,0.011
Region 16,Region 16,12,0.072,4,0.044,4,0.06,2,0.029,3,0.026,7,0.027,11,0.022,38,0.048,41,0.048,44,0.062,36,0.062,38,0.065,36,0.059,38,0.062,30,0.048,39,0.057,42,0.06,65,0.084,46,0.063,49,0.09,25,0.058,45,0.123,14,0.053,4,0.022
Region 16,Region 17,0,0,0,0,0,0,0,0,0,0,0,0,1,0.002,0,0,0,0,0,0,0,0,2,0.003,0,0,0,0,0,0,0,0,0,0,0,0,0,0,0,0,0,0,0,0,0,0,0,0
Region 16,Region 18,0,0,0,0,0,0,0,0,0,0,0,0,0,0,0,0,0,0,0,0,0,0,0,0,0,0,0,0,0,0,0,0,0,0,0,0,0,0,0,0,1,0.002,0,0,0,0,0,0
Region 16,Region 19,0,0,0,0,0,0,0,0,0,0,0,0,1,0.002,0,0,0,0,1,0.001,2,0.003,0,0,2,0.003,2,0.003,1,0.002,1,0.001,0,0,1,0.001,3,0.004,1,0.002,1,0.002,1,0.003,1,0.004,1,0.006
Region 16,Region 20,0,0,0,0,0,0,0,0,0,0,0,0,0,0,0,0,0,0,0,0,0,0,1,0.002,1,0.002,0,0,2,0.003,0,0,0,0,0,0,0,0,0,0,0,0,0,0,0,0,0,0
Region 16,Region 21,0,0,0,0,0,0,0,0,0,0,0,0,0,0,0,0,0,0,0,0,0,0,0,0,0,0,0,0,0,0,0,0,0,0,0,0,0,0,0,0,0,0,0,0,0,0,0,0
Region 16,Region 22,0,0,0,0,0,0,0,0,0,0,0,0,0,0,0,0,0,0,0,0,0,0,0,0,0,0,0,0,0,0,0,0,0,0,0,0,0,0,0,0,0,0,0,0,0,0,0,0
Region 16,Region 23,0,0,0,0,0,0,0,0,0,0,0,0,0,0,0,0,1,0.001,0,0,0,0,0,0,0,0,0,0,0,0,0,0,0,0,0,0,0,0,0,0,0,0,1,0.003,0,0,0,0
Region 16,Region 24,0,0,0,0,0,0,0,0,0,0,0,0,1,0.002,2,0.003,1,0.001,1,0.001,0,0,0,0,0,0,0,0,0,0,0,0,0,0,0,0,0,0,1,0.002,0,0,0,0,0,0,0,0
Region 16,Region 25,0,0,0,0,0,0,0,0,0,0,0,0,0,0,0,0,0,0,0,0,0,0,2,0.003,0,0,0,0,0,0,0,0,0,0,0,0,0,0,0,0,0,0,0,0,0,0,0,0
Region 16,Region 26,0,0,0,0,0,0,0,0,0,0,0,0,0,0,1,0.001,0,0,0,0,0,0,0,0,0,0,0,0,0,0,0,0,0,0,0,0,0,0,0,0,0,0,0,0,0,0,0,0
Region 16,Region 27,0,0,0,0,0,0,0,0,0,0,0,0,0,0,0,0,0,0,0,0,0,0,0,0,0,0,0,0,0,0,0,0,0,0,0,0,0,0,0,0,0,0,0,0,0,0,0,0
Region 16,Region 28,0,0,0,0,0,0,0,0,0,0,0,0,1,0.002,0,0,0,0,0,0,0,0,0,0,0,0,0,0,0,0,0,0,0,0,0,0,0,0,0,0,0,0,0,0,0,0,0,0
Region 16,Region 29,0,0,0,0,0,0,1,0.014,1,0.009,0,0,3,0.006,4,0.005,1,0.001,1,0.001,1,0.002,0,0,1,0.002,0,0,0,0,0,0,0,0,1,0.001,0,0,0,0,0,0,0,0,0,0,1,0.006
Region 16,Region 30,0,0,0,0,0,0,0,0,0,0,0,0,0,0,0,0,0,0,0,0,0,0,0,0,0,0,0,0,0,0,0,0,0,0,0,0,0,0,0,0,0,0,0,0,0,0,0,0
Region 16,Region 31,0,0,0,0,0,0,0,0,0,0,0,0,0,0,1,0.001,0,0,0,0,0,0,0,0,0,0,2,0.003,0,0,0,0,0,0,1,0.001,0,0,0,0,0,0,0,0,0,0,0,0
Region 16,Region 32,0,0,0,0,0,0,0,0,0,0,0,0,1,0.002,2,0.003,0,0,0,0,1,0.002,0,0,0,0,1,0.002,0,0,0,0,0,0,0,0,0,0,0,0,0,0,0,0,0,0,0,0
Region 16,Region 33,0,0,0,0,0,0,0,0,0,0,1,0.004,3,0.006,3,0.004,0,0,1,0.001,0,0,0,0,0,0,0,0,0,0,0,0,0,0,1,0.001,0,0,0,0,0,0,0,0,0,0,0,0
Region 16,Region 34,0,0,1,0.011,0,0,0,0,1,0.009,0,0,3,0.006,3,0.004,2,0.002,1,0.001,2,0.003,1,0.002,1,0.002,0,0,0,0,0,0,0,0,0,0,0,0,2,0.004,0,0,1,0.003,0,0,0,0
Region 16,Region 35,0,0,0,0,0,0,0,0,0,0,0,0,0,0,0,0,0,0,0,0,0,0,0,0,1,0.002,0,0,0,0,0,0,0,0,0,0,0,0,0,0,0,0,0,0,0,0,0,0
Region 16,Region 36,0,0,0,0,0,0,0,0,0,0,0,0,0,0,0,0,0,0,0,0,0,0,1,0.002,0,0,0,0,0,0,0,0,0,0,0,0,0,0,1,0.002,0,0,0,0,0,0,0,0
Region 16,Region 37,0,0,0,0,0,0,0,0,0,0,0,0,0,0,0,0,0,0,0,0,0,0,1,0.002,0,0,0,0,0,0,1,0.001,1,0.001,0,0,0,0,0,0,0,0,0,0,0,0,1,0.006
Region 16,Region 38,0,0,0,0,0,0,0,0,0,0,1,0.004,0,0,1,0.001,1,0.001,1,0.001,0,0,0,0,2,0.003,0,0,0,0,1,0.001,0,0,1,0.001,0,0,0,0,0,0,0,0,0,0,0,0
Region 16,Region 39,0,0,0,0,0,0,0,0,0,0,1,0.004,2,0.004,4,0.005,6,0.007,3,0.004,2,0.003,1,0.002,1,0.002,0,0,2,0.003,2,0.003,3,0.004,0,0,2,0.003,1,0.002,2,0.005,1,0.003,0,0,0,0
Region 16,Region 40,0,0,0,0,0,0,0,0,0,0,3,0.012,0,0,1,0.001,1,0.001,1,0.001,0,0,1,0.002,0,0,1,0.002,0,0,0,0,0,0,1,0.001,0,0,1,0.002,0,0,0,0,0,0,0,0
Region 16,Region 41,0,0,0,0,0,0,0,0,1,0.009,2,0.008,0,0,1,0.001,3,0.004,0,0,0,0,0,0,2,0.003,2,0.003,1,0.002,1,0.001,2,0.003,0,0,0,0,0,0,0,0,0,0,0,0,0,0
Region 16,Region 42,0,0,0,0,0,0,0,0,0,0,0,0,0,0,0,0,0,0,0,0,0,0,0,0,0,0,0,0,0,0,0,0,0,0,0,0,0,0,0,0,0,0,0,0,0,0,0,0
Region 16,Region 43,0,0,0,0,0,0,0,0,0,0,0,0,1,0.002,1,0.001,0,0,0,0,0,0,0,0,0,0,0,0,0,0,0,0,0,0,0,0,0,0,0,0,0,0,1,0.003,0,0,0,0
Region 16,Region 44,0,0,1,0.011,0,0,0,0,0,0,0,0,2,0.004,1,0.001,2,0.002,0,0,0,0,0,0,0,0,0,0,0,0,0,0,0,0,0,0,0,0,0,0,0,0,0,0,0,0,0,0
Region 16,Region 45,0,0,0,0,0,0,0,0,0,0,0,0,0,0,2,0.003,0,0,1,0.001,0,0,1,0.002,0,0,0,0,0,0,0,0,0,0,0,0,0,0,0,0,0,0,0,0,0,0,0,0
Region 16,Region 46,0,0,0,0,0,0,0,0,0,0,0,0,0,0,3,0.004,3,0.004,1,0.001,1,0.002,1,0.002,2,0.003,0,0,0,0,1,0.001,0,0,0,0,1,0.001,0,0,0,0,0,0,0,0,1,0.006
Region 16,Region 47,0,0,0,0,0,0,0,0,0,0,0,0,2,0.004,1,0.001,2,0.002,2,0.003,1,0.002,0,0,0,0,0,0,0,0,0,0,0,0,0,0,1,0.001,0,0,0,0,1,0.003,0,0,0,0
Region 16,Region 48,0,0,0,0,0,0,0,0,0,0,0,0,1,0.002,2,0.003,2,0.002,1,0.001,0,0,1,0.002,0,0,0,0,0,0,0,0,1,0.001,0,0,1,0.001,2,0.004,0,0,0,0,0,0,0,0
Region 16,Region 49,0,0,0,0,0,0,0,0,0,0,0,0,0,0,0,0,0,0,0,0,0,0,0,0,0,0,0,0,1,0.002,0,0,0,0,0,0,0,0,0,0,1,0.002,0,0,0,0,0,0
Region 16,Region 50,0,0,0,0,0,0,0,0,0,0,0,0,0,0,0,0,0,0,0,0,0,0,0,0,0,0,0,0,0,0,0,0,0,0,0,0,0,0,0,0,0,0,0,0,0,0,0,0
Region 16,Region 51,0,0,0,0,0,0,0,0,0,0,0,0,2,0.004,0,0,0,0,0,0,0,0,0,0,0,0,0,0,0,0,0,0,0,0,0,0,0,0,0,0,0,0,0,0,0,0,0,0
Region 16,Region 52,0,0,0,0,0,0,0,0,0,0,0,0,0,0,0,0,0,0,0,0,0,0,0,0,0,0,0,0,0,0,0,0,0,0,0,0,0,0,0,0,0,0,0,0,0,0,0,0
Region 16,Region 53,1,0.006,0,0,0,0,0,0,0,0,0,0,0,0,0,0,0,0,1,0.001,1,0.002,1,0.002,1,0.002,0,0,0,0,2,0.003,1,0.001,0,0,1,0.001,0,0,4,0.009,0,0,0,0,0,0
Region 16,Region 54,0,0,0,0,0,0,0,0,0,0,0,0,0,0,2,0.003,0,0,0,0,0,0,1,0.002,0,0,0,0,0,0,0,0,0,0,0,0,0,0,0,0,0,0,0,0,0,0,0,0
Region 16,Region 55,0,0,0,0,0,0,0,0,0,0,0,0,0,0,1,0.001,0,0,0,0,1,0.002,0,0,0,0,0,0,0,0,1,0.001,0,0,1,0.001,0,0,0,0,0,0,0,0,0,0,0,0
Region 16,Region 56,1,0.006,0,0,0,0,0,0,0,0,2,0.008,1,0.002,6,0.008,7,0.008,4,0.006,6,0.01,5,0.009,5,0.008,5,0.008,6,0.01,7,0.01,14,0.02,6,0.008,10,0.014,7,0.013,1,0.002,3,0.008,5,0.019,2,0.011
Region 16,Region 57,0,0,0,0,0,0,0,0,0,0,0,0,0,0,0,0,0,0,0,0,0,0,0,0,0,0,0,0,0,0,0,0,0,0,0,0,0,0,0,0,0,0,0,0,0,0,0,0
Region 16,Region 58,0,0,0,0,0,0,0,0,0,0,0,0,2,0.004,1,0.001,0,0,0,0,1,0.002,1,0.002,1,0.002,0,0,0,0,0,0,0,0,0,0,1,0.001,0,0,2,0.005,1,0.003,0,0,0,0
Region 16,Region 59,0,0,0,0,0,0,0,0,0,0,0,0,0,0,0,0,0,0,0,0,0,0,0,0,0,0,0,0,0,0,0,0,0,0,0,0,0,0,0,0,0,0,0,0,0,0,0,0
Region 16,Region 60,0,0,0,0,0,0,0,0,0,0,0,0,0,0,0,0,1,0.001,1,0.001,0,0,0,0,0,0,0,0,0,0,0,0,0,0,0,0,0,0,0,0,0,0,0,0,0,0,0,0
Region 16,Region 61,0,0,0,0,0,0,0,0,0,0,0,0,1,0.002,3,0.004,0,0,0,0,0,0,0,0,0,0,1,0.002,0,0,0,0,0,0,1,0.001,2,0.003,0,0,1,0.002,0,0,0,0,1,0.006
Region 16,Region 62,0,0,0,0,0,0,0,0,1,0.009,1,0.004,0,0,5,0.006,5,0.006,0,0,0,0,2,0.003,0,0,2,0.003,1,0.002,0,0,1,0.001,2,0.003,1,0.001,0,0,2,0.005,0,0,0,0,1,0.006
Region 16,Region 63,0,0,0,0,0,0,0,0,0,0,0,0,0,0,0,0,0,0,0,0,0,0,0,0,0,0,0,0,0,0,0,0,0,0,0,0,0,0,0,0,0,0,0,0,0,0,0,0
Region 16,Region 64,0,0,0,0,0,0,1,0.014,0,0,0,0,0,0,1,0.001,0,0,0,0,0,0,0,0,1,0.002,0,0,0,0,0,0,1,0.001,1,0.001,0,0,0,0,0,0,0,0,0,0,0,0
Region 16,Region 65,0,0,0,0,0,0,0,0,0,0,0,0,0,0,0,0,1,0.001,0,0,1,0.002,0,0,1,0.002,0,0,0,0,0,0,0,0,0,0,0,0,0,0,0,0,0,0,0,0,0,0
Region 16,Region 66,0,0,0,0,0,0,0,0,0,0,0,0,0,0,0,0,0,0,0,0,0,0,0,0,0,0,0,0,0,0,0,0,0,0,0,0,0,0,1,0.002,0,0,0,0,0,0,0,0
Region 16,Region 67,1,0.006,3,0.033,1,0.015,0,0,0,0,1,0.004,4,0.008,4,0.005,4,0.005,4,0.006,5,0.009,9,0.015,6,0.01,15,0.024,7,0.011,12,0.017,13,0.019,10,0.013,11,0.015,5,0.009,3,0.007,2,0.005,0,0,2,0.011
Region 16,Region 68,0,0,0,0,0,0,0,0,0,0,0,0,0,0,0,0,0,0,0,0,0,0,0,0,0,0,0,0,0,0,0,0,0,0,0,0,0,0,0,0,0,0,0,0,0,0,0,0
Region 16,Region 69,0,0,0,0,0,0,0,0,0,0,0,0,1,0.002,0,0,0,0,0,0,0,0,0,0,0,0,0,0,0,0,0,0,0,0,0,0,0,0,0,0,0,0,0,0,0,0,0,0
Region 16,Region 70,0,0,0,0,0,0,0,0,0,0,0,0,2,0.004,0,0,0,0,0,0,0,0,0,0,0,0,0,0,0,0,1,0.001,1,0.001,0,0,0,0,0,0,0,0,0,0,0,0,0,0
Region 16,Region 71,0,0,0,0,0,0,0,0,0,0,0,0,0,0,0,0,0,0,0,0,0,0,0,0,0,0,0,0,0,0,0,0,0,0,0,0,0,0,0,0,0,0,0,0,0,0,0,0
Region 16,Region 72,0,0,0,0,0,0,0,0,0,0,3,0.012,0,0,0,0,0,0,1,0.001,0,0,0,0,1,0.002,0,0,0,0,0,0,0,0,0,0,2,0.003,0,0,0,0,0,0,1,0.004,0,0
Region 17,Region 0,0,0,0,0,0,0,0,0,0,0,0,0,0,0,0,0,1,0.001,0,0,0,0,0,0,0,0,0,0,0,0,0,0,0,0,0,0,1,0.001,1,0.002,1,0.002,0,0,0,0,0,0
Region 17,Region 1,2,0.012,0,0,0,0,1,0.014,0,0,1,0.004,4,0.008,14,0.018,17,0.02,5,0.007,5,0.009,10,0.017,9,0.015,8,0.013,6,0.01,6,0.009,1,0.001,4,0.005,7,0.01,5,0.009,6,0.014,4,0.011,6,0.023,4,0.022
Region 17,Region 2,0,0,1,0.011,0,0,0,0,0,0,0,0,0,0,0,0,0,0,0,0,1,0.002,0,0,1,0.002,0,0,0,0,1,0.001,2,0.003,2,0.003,3,0.004,1,0.002,1,0.002,0,0,0,0,0,0
Region 17,Region 3,0,0,0,0,0,0,0,0,0,0,1,0.004,0,0,0,0,0,0,0,0,1,0.002,0,0,1,0.002,1,0.002,0,0,0,0,0,0,0,0,1,0.001,0,0,0,0,0,0,0,0,1,0.006
Region 17,Region 4,1,0.006,0,0,0,0,1,0.014,1,0.009,1,0.004,5,0.01,8,0.01,10,0.012,2,0.003,2,0.003,3,0.005,4,0.007,9,0.015,14,0.022,17,0.025,22,0.032,21,0.027,14,0.019,11,0.02,6,0.014,9,0.025,7,0.027,7,0.039
Region 17,Region 5,0,0,0,0,0,0,0,0,0,0,0,0,0,0,0,0,0,0,0,0,0,0,0,0,0,0,0,0,0,0,1,0.001,0,0,0,0,0,0,0,0,0,0,0,0,0,0,1,0.006
Region 17,Region 6,1,0.006,1,0.011,1,0.015,0,0,0,0,2,0.008,3,0.006,1,0.001,3,0.004,2,0.003,3,0.005,2,0.003,4,0.007,3,0.005,4,0.006,4,0.006,4,0.006,2,0.003,2,0.003,1,0.002,3,0.007,5,0.014,1,0.004,0,0
Region 17,Region 7,0,0,0,0,1,0.015,0,0,0,0,0,0,0,0,0,0,1,0.001,0,0,0,0,0,0,0,0,0,0,0,0,1,0.001,1,0.001,0,0,0,0,1,0.002,1,0.002,0,0,0,0,0,0
Region 17,Region 8,0,0,0,0,0,0,0,0,0,0,0,0,0,0,0,0,0,0,0,0,0,0,0,0,0,0,0,0,0,0,0,0,0,0,0,0,0,0,0,0,0,0,0,0,0,0,0,0
Region 17,Region 9,1,0.006,0,0,0,0,0,0,0,0,1,0.004,3,0.006,7,0.009,5,0.006,0,0,2,0.003,0,0,0,0,1,0.002,0,0,2,0.003,4,0.006,5,0.006,2,0.003,2,0.004,1,0.002,2,0.005,1,0.004,0,0
Region 17,Region 10,0,0,1,0.011,0,0,0,0,0,0,1,0.004,2,0.004,6,0.008,10,0.012,7,0.01,7,0.012,0,0,3,0.005,1,0.002,6,0.01,3,0.004,2,0.003,3,0.004,7,0.01,3,0.006,2,0.005,1,0.003,1,0.004,0,0
Region 17,Region 11,0,0,0,0,0,0,0,0,0,0,0,0,0,0,0,0,0,0,0,0,1,0.002,0,0,0,0,0,0,0,0,0,0,0,0,2,0.003,1,0.001,1,0.002,0,0,0,0,0,0,0,0
Region 17,Region 12,1,0.006,0,0,1,0.015,0,0,0,0,0,0,0,0,2,0.003,1,0.001,1,0.001,1,0.002,0,0,2,0.003,2,0.003,2,0.003,2,0.003,2,0.003,2,0.003,1,0.001,1,0.002,2,0.005,1,0.003,0,0,0,0
Region 17,Region 13,6,0.036,1,0.011,0,0,0,0,0,0,1,0.004,8,0.016,39,0.049,76,0.089,48,0.068,25,0.043,26,0.045,30,0.049,25,0.041,24,0.039,29,0.042,29,0.042,31,0.04,25,0.034,20,0.037,20,0.046,25,0.068,5,0.019,4,0.022
Region 17,Region 14,0,0,0,0,0,0,0,0,0,0,0,0,1,0.002,3,0.004,4,0.005,0,0,0,0,0,0,1,0.002,0,0,0,0,0,0,1,0.001,0,0,0,0,1,0.002,1,0.002,0,0,0,0,0,0
Region 17,Region 15,0,0,0,0,0,0,0,0,0,0,0,0,0,0,0,0,0,0,0,0,0,0,0,0,0,0,0,0,1,0.002,0,0,0,0,3,0.004,3,0.004,0,0,0,0,2,0.005,0,0,0,0
Region 17,Region 16,1,0.006,0,0,0,0,0,0,0,0,0,0,0,0,0,0,0,0,0,0,0,0,0,0,0,0,0,0,0,0,1,0.001,0,0,1,0.001,0,0,0,0,0,0,1,0.003,0,0,0,0
Region 17,Region 17,12,0.072,10,0.11,4,0.06,2,0.029,8,0.068,12,0.047,45,0.092,154,0.195,198,0.231,160,0.226,150,0.257,231,0.396,205,0.334,193,0.314,203,0.326,233,0.34,296,0.426,351,0.451,329,0.448,248,0.457,182,0.419,108,0.296,53,0.201,18,0.1
Region 17,Region 18,0,0,0,0,0,0,0,0,0,0,0,0,0,0,0,0,0,0,0,0,0,0,1,0.002,0,0,1,0.002,0,0,0,0,0,0,0,0,0,0,0,0,1,0.002,0,0,0,0,1,0.006
Region 17,Region 19,0,0,0,0,0,0,0,0,0,0,0,0,0,0,2,0.003,0,0,0,0,0,0,0,0,0,0,0,0,1,0.002,0,0,1,0.001,0,0,0,0,0,0,1,0.002,0,0,0,0,0,0
Region 17,Region 20,0,0,0,0,0,0,0,0,1,0.009,1,0.004,2,0.004,5,0.006,10,0.012,5,0.007,4,0.007,5,0.009,3,0.005,5,0.008,5,0.008,2,0.003,0,0,2,0.003,1,0.001,3,0.006,1,0.002,0,0,2,0.008,0,0
Region 17,Region 21,0,0,0,0,0,0,0,0,0,0,0,0,0,0,0,0,0,0,0,0,0,0,0,0,0,0,0,0,0,0,0,0,0,0,1,0.001,1,0.001,0,0,1,0.002,0,0,0,0,0,0
Region 17,Region 22,0,0,0,0,0,0,0,0,0,0,0,0,0,0,0,0,1,0.001,0,0,0,0,0,0,0,0,0,0,0,0,0,0,0,0,0,0,0,0,0,0,0,0,0,0,0,0,0,0
Region 17,Region 23,1,0.006,2,0.022,0,0,1,0.014,0,0,2,0.008,2,0.004,3,0.004,1,0.001,3,0.004,4,0.007,6,0.01,10,0.016,2,0.003,2,0.003,6,0.009,8,0.012,9,0.012,5,0.007,5,0.009,3,0.007,6,0.016,3,0.011,2,0.011
Region 17,Region 24,7,0.042,6,0.066,0,0,2,0.029,1,0.009,1,0.004,8,0.016,20,0.025,36,0.042,37,0.052,28,0.048,39,0.067,50,0.081,52,0.085,55,0.088,49,0.071,64,0.092,68,0.087,65,0.088,71,0.131,35,0.081,29,0.079,19,0.072,6,0.033
Region 17,Region 25,0,0,0,0,0,0,0,0,0,0,0,0,2,0.004,7,0.009,5,0.006,6,0.008,1,0.002,0,0,0,0,1,0.002,0,0,2,0.003,1,0.001,2,0.003,0,0,0,0,1,0.002,0,0,0,0,0,0
Region 17,Region 26,0,0,0,0,0,0,0,0,0,0,0,0,1,0.002,1,0.001,2,0.002,1,0.001,0,0,0,0,0,0,0,0,0,0,1,0.001,0,0,1,0.001,4,0.005,0,0,0,0,0,0,0,0,0,0
Region 17,Region 27,0,0,0,0,0,0,0,0,0,0,0,0,0,0,0,0,0,0,0,0,0,0,0,0,1,0.002,1,0.002,1,0.002,1,0.001,2,0.003,2,0.003,0,0,0,0,1,0.002,2,0.005,1,0.004,1,0.006
Region 17,Region 28,6,0.036,8,0.088,2,0.03,0,0,3,0.026,11,0.043,19,0.039,58,0.074,84,0.098,78,0.11,55,0.094,74,0.127,72,0.117,61,0.099,59,0.095,77,0.112,95,0.137,150,0.193,145,0.197,129,0.238,66,0.152,56,0.153,42,0.159,10,0.055
Region 17,Region 29,0,0,1,0.011,0,0,0,0,0,0,1,0.004,1,0.002,3,0.004,6,0.007,3,0.004,3,0.005,4,0.007,8,0.013,5,0.008,5,0.008,2,0.003,4,0.006,6,0.008,7,0.01,6,0.011,4,0.009,5,0.014,0,0,1,0.006
Region 17,Region 30,0,0,1,0.011,0,0,0,0,0,0,0,0,3,0.006,18,0.023,31,0.036,22,0.031,6,0.01,6,0.01,8,0.013,5,0.008,5,0.008,3,0.004,2,0.003,10,0.013,11,0.015,7,0.013,8,0.018,9,0.025,4,0.015,0,0
Region 17,Region 31,5,0.03,5,0.055,5,0.075,1,0.014,3,0.026,4,0.016,16,0.033,41,0.052,55,0.064,66,0.093,42,0.072,61,0.105,69,0.112,46,0.075,51,0.082,53,0.077,59,0.085,81,0.104,80,0.109,66,0.122,42,0.097,34,0.093,17,0.065,11,0.061
Region 17,Region 32,0,0,0,0,0,0,0,0,0,0,0,0,0,0,0,0,0,0,0,0,0,0,0,0,0,0,0,0,0,0,0,0,0,0,0,0,0,0,0,0,1,0.002,0,0,0,0,0,0
Region 17,Region 33,2,0.012,0,0,0,0,0,0,0,0,2,0.008,2,0.004,22,0.028,32,0.037,20,0.028,15,0.026,9,0.015,12,0.02,9,0.015,5,0.008,7,0.01,6,0.009,7,0.009,12,0.016,10,0.018,7,0.016,3,0.008,3,0.011,5,0.028
Region 17,Region 34,0,0,0,0,0,0,0,0,0,0,2,0.008,4,0.008,43,0.055,51,0.06,28,0.04,23,0.039,16,0.027,29,0.047,19,0.031,15,0.024,26,0.038,21,0.03,24,0.031,24,0.033,23,0.042,18,0.041,25,0.068,11,0.042,4,0.022
Region 17,Region 35,0,0,0,0,0,0,0,0,1,0.009,1,0.004,0,0,7,0.009,11,0.013,10,0.014,6,0.01,1,0.002,1,0.002,0,0,4,0.006,3,0.004,1,0.001,2,0.003,4,0.005,1,0.002,0,0,0,0,0,0,0,0
Region 17,Region 36,0,0,0,0,0,0,0,0,0,0,0,0,0,0,0,0,0,0,2,0.003,1,0.002,0,0,0,0,0,0,0,0,0,0,0,0,2,0.003,0,0,0,0,0,0,1,0.003,0,0,0,0
Region 17,Region 37,2,0.012,0,0,1,0.015,0,0,1,0.009,1,0.004,3,0.006,4,0.005,11,0.013,8,0.011,10,0.017,7,0.012,9,0.015,7,0.011,6,0.01,12,0.017,16,0.023,15,0.019,16,0.022,12,0.022,18,0.041,9,0.025,8,0.03,2,0.011
Region 17,Region 38,0,0,0,0,0,0,0,0,0,0,0,0,1,0.002,3,0.004,0,0,2,0.003,2,0.003,1,0.002,2,0.003,1,0.002,3,0.005,2,0.003,2,0.003,2,0.003,2,0.003,0,0,2,0.005,1,0.003,0,0,1,0.006
Region 17,Region 39,0,0,1,0.011,0,0,0,0,0,0,0,0,0,0,0,0,0,0,0,0,0,0,1,0.002,0,0,1,0.002,1,0.002,4,0.006,2,0.003,2,0.003,0,0,0,0,0,0,0,0,0,0,0,0
Region 17,Region 40,5,0.03,3,0.033,4,0.06,3,0.043,2,0.017,3,0.012,10,0.02,17,0.022,33,0.039,17,0.024,15,0.026,15,0.026,28,0.046,35,0.057,37,0.059,45,0.066,55,0.079,64,0.082,55,0.075,39,0.072,37,0.085,27,0.074,25,0.095,14,0.077
Region 17,Region 41,3,0.018,0,0,0,0,0,0,3,0.026,0,0,7,0.014,5,0.006,11,0.013,3,0.004,3,0.005,4,0.007,7,0.011,3,0.005,9,0.014,9,0.013,12,0.017,9,0.012,7,0.01,8,0.015,9,0.021,6,0.016,4,0.015,4,0.022
Region 17,Region 42,0,0,0,0,0,0,0,0,0,0,0,0,0,0,1,0.001,1,0.001,0,0,0,0,0,0,2,0.003,0,0,1,0.002,1,0.001,0,0,0,0,0,0,1,0.002,1,0.002,0,0,1,0.004,0,0
Region 17,Region 43,0,0,0,0,0,0,0,0,0,0,1,0.004,0,0,0,0,0,0,1,0.001,3,0.005,1,0.002,0,0,2,0.003,4,0.006,0,0,2,0.003,1,0.001,2,0.003,0,0,2,0.005,2,0.005,2,0.008,0,0
Region 17,Region 44,2,0.012,4,0.044,0,0,0,0,0,0,5,0.019,2,0.004,15,0.019,15,0.018,16,0.023,15,0.026,13,0.022,16,0.026,19,0.031,16,0.026,24,0.035,25,0.036,37,0.048,29,0.039,27,0.05,19,0.044,16,0.044,8,0.03,3,0.017
Region 17,Region 45,5,0.03,0,0,0,0,0,0,0,0,2,0.008,12,0.025,36,0.046,61,0.071,62,0.088,56,0.096,56,0.096,59,0.096,49,0.08,59,0.095,70,0.102,68,0.098,70,0.09,99,0.135,82,0.151,57,0.131,37,0.101,20,0.076,7,0.039
Region 17,Region 46,0,0,0,0,0,0,2,0.029,3,0.026,14,0.054,11,0.022,27,0.034,24,0.028,16,0.023,11,0.019,19,0.033,11,0.018,13,0.021,14,0.022,16,0.023,20,0.029,22,0.028,12,0.016,11,0.02,4,0.009,5,0.014,3,0.011,4,0.022
Region 17,Region 47,0,0,0,0,0,0,0,0,0,0,1,0.004,0,0,2,0.003,2,0.002,3,0.004,2,0.003,2,0.003,1,0.002,3,0.005,5,0.008,4,0.006,3,0.004,5,0.006,4,0.005,0,0,3,0.007,0,0,0,0,2,0.011
Region 17,Region 48,0,0,0,0,0,0,0,0,0,0,0,0,1,0.002,1,0.001,1,0.001,0,0,0,0,0,0,0,0,1,0.002,1,0.002,2,0.003,1,0.001,0,0,2,0.003,1,0.002,1,0.002,1,0.003,1,0.004,0,0
Region 17,Region 49,0,0,0,0,0,0,0,0,0,0,0,0,1,0.002,0,0,1,0.001,0,0,0,0,1,0.002,0,0,0,0,1,0.002,0,0,2,0.003,4,0.005,1,0.001,0,0,1,0.002,0,0,0,0,1,0.006
Region 17,Region 50,0,0,0,0,0,0,0,0,0,0,1,0.004,0,0,1,0.001,0,0,0,0,0,0,1,0.002,1,0.002,0,0,0,0,0,0,1,0.001,3,0.004,0,0,2,0.004,0,0,0,0,0,0,0,0
Region 17,Region 51,1,0.006,0,0,0,0,0,0,2,0.017,5,0.019,9,0.018,36,0.046,22,0.026,11,0.016,11,0.019,12,0.021,5,0.008,5,0.008,8,0.013,4,0.006,2,0.003,4,0.005,3,0.004,9,0.017,9,0.021,4,0.011,4,0.015,2,0.011
Region 17,Region 52,0,0,0,0,0,0,0,0,0,0,0,0,3,0.006,8,0.01,5,0.006,13,0.018,3,0.005,7,0.012,3,0.005,5,0.008,4,0.006,2,0.003,8,0.012,10,0.013,5,0.007,9,0.017,10,0.023,7,0.019,5,0.019,1,0.006
Region 17,Region 53,0,0,0,0,0,0,0,0,0,0,0,0,1,0.002,0,0,0,0,0,0,0,0,0,0,0,0,0,0,0,0,0,0,1,0.001,0,0,1,0.001,1,0.002,0,0,0,0,0,0,0,0
Region 17,Region 54,2,0.012,0,0,0,0,0,0,0,0,0,0,1,0.002,4,0.005,6,0.007,3,0.004,1,0.002,2,0.003,3,0.005,1,0.002,2,0.003,1,0.001,4,0.006,0,0,1,0.001,0,0,2,0.005,0,0,2,0.008,0,0
Region 17,Region 55,0,0,0,0,0,0,0,0,0,0,0,0,0,0,2,0.003,1,0.001,0,0,2,0.003,2,0.003,2,0.003,0,0,0,0,3,0.004,3,0.004,4,0.005,4,0.005,2,0.004,0,0,0,0,0,0,1,0.006
Region 17,Region 56,0,0,0,0,0,0,0,0,0,0,0,0,0,0,0,0,0,0,0,0,0,0,0,0,0,0,0,0,0,0,1,0.001,2,0.003,0,0,0,0,0,0,0,0,2,0.005,0,0,0,0
Region 17,Region 57,0,0,0,0,0,0,0,0,0,0,0,0,0,0,0,0,1,0.001,0,0,0,0,0,0,0,0,0,0,0,0,0,0,1,0.001,0,0,0,0,0,0,0,0,0,0,0,0,0,0
Region 17,Region 58,3,0.018,0,0,0,0,1,0.014,1,0.009,2,0.008,3,0.006,7,0.009,10,0.012,7,0.01,3,0.005,1,0.002,5,0.008,4,0.007,11,0.018,10,0.015,10,0.014,8,0.01,6,0.008,7,0.013,10,0.023,3,0.008,2,0.008,2,0.011
Region 17,Region 59,0,0,0,0,0,0,0,0,0,0,0,0,0,0,0,0,0,0,0,0,0,0,0,0,0,0,0,0,0,0,0,0,0,0,0,0,0,0,1,0.002,0,0,0,0,0,0,0,0
Region 17,Region 60,0,0,1,0.011,0,0,0,0,0,0,0,0,1,0.002,1,0.001,2,0.002,1,0.001,2,0.003,2,0.003,1,0.002,0,0,0,0,0,0,1,0.001,0,0,1,0.001,2,0.004,0,0,3,0.008,1,0.004,0,0
Region 17,Region 61,0,0,0,0,1,0.015,0,0,0,0,1,0.004,1,0.002,1,0.001,1,0.001,2,0.003,1,0.002,1,0.002,1,0.002,2,0.003,0,0,0,0,0,0,3,0.004,1,0.001,0,0,0,0,0,0,1,0.004,1,0.006
Region 17,Region 62,0,0,0,0,0,0,0,0,0,0,0,0,0,0,0,0,0,0,0,0,1,0.002,0,0,0,0,0,0,0,0,0,0,0,0,1,0.001,1,0.001,0,0,0,0,0,0,0,0,0,0
Region 17,Region 63,0,0,0,0,2,0.03,0,0,0,0,0,0,0,0,3,0.004,9,0.011,5,0.007,3,0.005,5,0.009,10,0.016,9,0.015,10,0.016,10,0.015,9,0.013,15,0.019,14,0.019,6,0.011,2,0.005,8,0.022,1,0.004,0,0
Region 17,Region 64,1,0.006,0,0,0,0,0,0,0,0,0,0,0,0,0,0,1,0.001,0,0,1,0.002,2,0.003,1,0.002,0,0,0,0,1,0.001,3,0.004,1,0.001,1,0.001,0,0,0,0,2,0.005,0,0,1,0.006
Region 17,Region 65,0,0,1,0.011,0,0,0,0,1,0.009,0,0,2,0.004,5,0.006,12,0.014,8,0.011,0,0,3,0.005,5,0.008,4,0.007,1,0.002,6,0.009,4,0.006,5,0.006,7,0.01,1,0.002,2,0.005,0,0,0,0,0,0
Region 17,Region 66,0,0,0,0,0,0,1,0.014,0,0,1,0.004,1,0.002,4,0.005,1,0.001,3,0.004,4,0.007,0,0,0,0,0,0,6,0.01,2,0.003,0,0,1,0.001,0,0,2,0.004,1,0.002,1,0.003,0,0,1,0.006
Region 17,Region 67,0,0,0,0,0,0,0,0,0,0,0,0,0,0,0,0,0,0,0,0,0,0,0,0,0,0,0,0,0,0,1,0.001,1,0.001,1,0.001,0,0,0,0,0,0,0,0,0,0,0,0
Region 17,Region 68,0,0,0,0,0,0,0,0,0,0,0,0,0,0,0,0,1,0.001,2,0.003,1,0.002,0,0,0,0,0,0,0,0,1,0.001,0,0,1,0.001,0,0,0,0,0,0,1,0.003,1,0.004,0,0
Region 17,Region 69,2,0.012,0,0,0,0,1,0.014,0,0,5,0.019,15,0.031,38,0.048,35,0.041,42,0.059,18,0.031,24,0.041,9,0.015,21,0.034,13,0.021,18,0.026,12,0.017,31,0.04,19,0.026,10,0.018,13,0.03,14,0.038,7,0.027,4,0.022
Region 17,Region 70,0,0,0,0,0,0,0,0,0,0,0,0,0,0,0,0,1,0.001,0,0,0,0,0,0,0,0,1,0.002,0,0,0,0,0,0,0,0,0,0,0,0,0,0,0,0,0,0,0,0
Region 17,Region 71,0,0,0,0,0,0,0,0,0,0,0,0,2,0.004,6,0.008,3,0.004,0,0,1,0.002,0,0,1,0.002,0,0,1,0.002,0,0,0,0,0,0,3,0.004,1,0.002,0,0,0,0,1,0.004,0,0
Region 17,Region 72,2,0.012,0,0,0,0,0,0,1,0.009,3,0.012,1,0.002,10,0.013,9,0.011,13,0.018,2,0.003,6,0.01,9,0.015,7,0.011,13,0.021,1,0.001,1,0.001,4,0.005,3,0.004,9,0.017,8,0.018,4,0.011,4,0.015,2,0.011
Region 18,Region 0,0,0,0,0,0,0,0,0,0,0,0,0,0,0,0,0,0,0,0,0,0,0,0,0,0,0,0,0,0,0,0,0,0,0,0,0,0,0,0,0,0,0,0,0,0,0,0,0
Region 18,Region 1,0,0,0,0,0,0,0,0,0,0,0,0,1,0.002,2,0.003,0,0,0,0,0,0,0,0,1,0.002,1,0.002,0,0,0,0,0,0,1,0.001,0,0,0,0,0,0,0,0,1,0.004,1,0.006
Region 18,Region 2,0,0,0,0,0,0,0,0,0,0,0,0,0,0,0,0,0,0,0,0,0,0,0,0,0,0,0,0,0,0,0,0,0,0,0,0,0,0,0,0,0,0,0,0,0,0,0,0
Region 18,Region 3,0,0,0,0,0,0,0,0,0,0,0,0,0,0,0,0,0,0,0,0,0,0,0,0,0,0,0,0,0,0,0,0,0,0,0,0,0,0,0,0,0,0,0,0,0,0,0,0
Region 18,Region 4,2,0.012,0,0,2,0.03,1,0.014,1,0.009,3,0.012,7,0.014,10,0.013,6,0.007,8,0.011,6,0.01,6,0.01,6,0.01,9,0.015,11,0.018,13,0.019,10,0.014,9,0.012,4,0.005,9,0.017,4,0.009,2,0.005,1,0.004,3,0.017
Region 18,Region 5,0,0,0,0,0,0,0,0,0,0,0,0,0,0,0,0,0,0,0,0,0,0,0,0,0,0,0,0,0,0,0,0,0,0,0,0,0,0,0,0,0,0,0,0,0,0,1,0.006
Region 18,Region 6,0,0,0,0,0,0,0,0,0,0,1,0.004,0,0,0,0,1,0.001,1,0.001,0,0,0,0,0,0,0,0,0,0,0,0,0,0,0,0,0,0,1,0.002,2,0.005,0,0,0,0,0,0
Region 18,Region 7,0,0,0,0,0,0,0,0,0,0,0,0,0,0,0,0,0,0,0,0,0,0,0,0,0,0,0,0,0,0,1,0.001,0,0,0,0,0,0,0,0,0,0,0,0,0,0,0,0
Region 18,Region 8,0,0,0,0,0,0,0,0,0,0,0,0,0,0,0,0,0,0,0,0,0,0,0,0,0,0,0,0,0,0,0,0,0,0,0,0,0,0,0,0,0,0,0,0,0,0,0,0
Region 18,Region 9,1,0.006,3,0.033,0,0,4,0.057,4,0.034,5,0.019,8,0.016,14,0.018,13,0.015,17,0.024,13,0.022,14,0.024,13,0.021,12,0.02,14,0.022,23,0.034,28,0.04,23,0.03,14,0.019,14,0.026,13,0.03,11,0.03,8,0.03,7,0.039
Region 18,Region 10,0,0,0,0,0,0,0,0,0,0,0,0,0,0,0,0,0,0,0,0,0,0,0,0,0,0,0,0,0,0,0,0,0,0,0,0,0,0,0,0,1,0.002,1,0.003,0,0,0,0
Region 18,Region 11,0,0,2,0.022,1,0.015,1,0.014,0,0,0,0,3,0.006,2,0.003,1,0.001,3,0.004,5,0.009,1,0.002,4,0.007,5,0.008,6,0.01,2,0.003,8,0.012,8,0.01,7,0.01,6,0.011,4,0.009,3,0.008,1,0.004,2,0.011
Region 18,Region 12,1,0.006,3,0.033,0,0,0,0,0,0,0,0,1,0.002,0,0,2,0.002,2,0.003,0,0,0,0,1,0.002,2,0.003,3,0.005,2,0.003,1,0.001,1,0.001,1,0.001,2,0.004,1,0.002,2,0.005,2,0.008,1,0.006
Region 18,Region 13,0,0,0,0,0,0,1,0.014,0,0,0,0,4,0.008,3,0.004,1,0.001,4,0.006,1,0.002,2,0.003,4,0.007,0,0,1,0.002,2,0.003,0,0,0,0,2,0.003,0,0,3,0.007,0,0,1,0.004,1,0.006
Region 18,Region 14,0,0,0,0,0,0,0,0,0,0,0,0,0,0,0,0,0,0,0,0,0,0,0,0,0,0,0,0,0,0,0,0,0,0,0,0,0,0,0,0,0,0,0,0,0,0,0,0
Region 18,Region 15,0,0,0,0,0,0,0,0,0,0,1,0.004,1,0.002,1,0.001,0,0,0,0,0,0,0,0,0,0,0,0,1,0.002,0,0,0,0,1,0.001,0,0,1,0.002,0,0,0,0,0,0,0,0
Region 18,Region 16,0,0,0,0,0,0,0,0,0,0,0,0,0,0,0,0,0,0,0,0,0,0,0,0,0,0,0,0,0,0,0,0,0,0,0,0,0,0,0,0,0,0,1,0.003,0,0,0,0
Region 18,Region 17,0,0,0,0,0,0,0,0,0,0,0,0,0,0,1,0.001,0,0,0,0,0,0,0,0,0,0,1,0.002,0,0,0,0,0,0,1,0.001,0,0,1,0.002,0,0,1,0.003,0,0,0,0
Region 18,Region 18,19,0.114,13,0.143,11,0.165,14,0.2,16,0.136,15,0.058,28,0.057,37,0.047,47,0.055,19,0.027,33,0.057,17,0.029,16,0.026,14,0.023,22,0.035,32,0.047,20,0.029,20,0.026,16,0.022,20,0.037,24,0.055,10,0.027,13,0.049,15,0.083
Region 18,Region 19,0,0,0,0,0,0,0,0,0,0,1,0.004,0,0,0,0,1,0.001,0,0,1,0.002,1,0.002,2,0.003,0,0,0,0,0,0,0,0,0,0,0,0,0,0,0,0,0,0,0,0,0,0
Region 18,Region 20,0,0,0,0,0,0,0,0,0,0,0,0,0,0,0,0,0,0,0,0,0,0,0,0,0,0,0,0,0,0,1,0.001,0,0,0,0,0,0,0,0,0,0,0,0,0,0,0,0
Region 18,Region 21,0,0,0,0,0,0,0,0,0,0,0,0,0,0,0,0,0,0,0,0,0,0,0,0,0,0,0,0,0,0,0,0,0,0,0,0,0,0,0,0,0,0,0,0,0,0,0,0
Region 18,Region 22,0,0,0,0,0,0,0,0,0,0,0,0,0,0,0,0,0,0,0,0,0,0,0,0,0,0,0,0,0,0,0,0,0,0,0,0,0,0,0,0,0,0,0,0,0,0,0,0
Region 18,Region 23,0,0,0,0,0,0,0,0,0,0,1,0.004,1,0.002,2,0.003,1,0.001,2,0.003,0,0,0,0,4,0.007,3,0.005,0,0,3,0.004,2,0.003,0,0,2,0.003,0,0,1,0.002,0,0,0,0,1,0.006
Region 18,Region 24,0,0,0,0,0,0,0,0,0,0,0,0,0,0,3,0.004,0,0,0,0,0,0,1,0.002,3,0.005,0,0,0,0,1,0.001,2,0.003,0,0,0,0,1,0.002,2,0.005,1,0.003,0,0,0,0
Region 18,Region 25,0,0,0,0,1,0.015,1,0.014,0,0,0,0,0,0,0,0,0,0,0,0,0,0,0,0,0,0,0,0,0,0,0,0,0,0,0,0,0,0,0,0,0,0,1,0.003,0,0,0,0
Region 18,Region 26,0,0,0,0,0,0,0,0,0,0,0,0,0,0,0,0,0,0,0,0,0,0,0,0,0,0,0,0,0,0,0,0,0,0,0,0,0,0,0,0,0,0,0,0,0,0,0,0
Region 18,Region 27,0,0,0,0,0,0,0,0,0,0,0,0,0,0,0,0,0,0,1,0.001,0,0,0,0,0,0,0,0,0,0,0,0,0,0,0,0,0,0,0,0,0,0,0,0,0,0,0,0
Region 18,Region 28,0,0,0,0,0,0,0,0,0,0,0,0,0,0,2,0.003,0,0,0,0,0,0,0,0,1,0.002,1,0.002,0,0,0,0,0,0,1,0.001,0,0,0,0,0,0,0,0,0,0,1,0.006
Region 18,Region 29,0,0,0,0,0,0,0,0,0,0,0,0,0,0,1,0.001,2,0.002,1,0.001,1,0.002,0,0,0,0,0,0,0,0,1,0.001,0,0,2,0.003,0,0,0,0,1,0.002,0,0,0,0,0,0
Region 18,Region 30,0,0,0,0,0,0,0,0,0,0,0,0,0,0,1,0.001,1,0.001,0,0,0,0,0,0,0,0,0,0,0,0,0,0,0,0,1,0.001,0,0,0,0,0,0,0,0,0,0,0,0
Region 18,Region 31,0,0,0,0,0,0,0,0,0,0,0,0,1,0.002,0,0,1,0.001,0,0,0,0,0,0,2,0.003,1,0.002,0,0,0,0,0,0,1,0.001,2,0.003,0,0,0,0,0,0,0,0,0,0
Region 18,Region 32,0,0,0,0,0,0,0,0,0,0,0,0,0,0,0,0,0,0,0,0,0,0,0,0,0,0,0,0,0,0,0,0,0,0,0,0,0,0,0,0,0,0,0,0,0,0,0,0
Region 18,Region 33,0,0,0,0,1,0.015,1,0.014,2,0.017,0,0,0,0,3,0.004,4,0.005,0,0,0,0,0,0,1,0.002,0,0,0,0,0,0,0,0,0,0,0,0,0,0,0,0,2,0.005,0,0,0,0
Region 18,Region 34,1,0.006,0,0,0,0,0,0,0,0,0,0,0,0,3,0.004,2,0.002,0,0,0,0,0,0,0,0,0,0,0,0,2,0.003,0,0,0,0,0,0,0,0,1,0.002,0,0,0,0,1,0.006
Region 18,Region 35,0,0,0,0,0,0,0,0,0,0,0,0,0,0,0,0,0,0,0,0,0,0,0,0,0,0,0,0,1,0.002,0,0,0,0,0,0,0,0,0,0,0,0,0,0,0,0,0,0
Region 18,Region 36,0,0,0,0,0,0,0,0,0,0,0,0,0,0,0,0,0,0,0,0,0,0,0,0,0,0,0,0,0,0,0,0,0,0,0,0,0,0,0,0,0,0,0,0,0,0,0,0
Region 18,Region 37,0,0,0,0,1,0.015,0,0,0,0,0,0,0,0,0,0,1,0.001,0,0,0,0,0,0,1,0.002,0,0,0,0,1,0.001,0,0,0,0,1,0.001,0,0,0,0,0,0,1,0.004,0,0
Region 18,Region 38,0,0,0,0,0,0,0,0,0,0,0,0,1,0.002,0,0,0,0,0,0,0,0,0,0,0,0,0,0,0,0,0,0,0,0,0,0,0,0,0,0,1,0.002,0,0,0,0,0,0
Region 18,Region 39,0,0,0,0,0,0,0,0,0,0,0,0,0,0,0,0,0,0,0,0,0,0,0,0,0,0,0,0,0,0,1,0.001,0,0,0,0,0,0,0,0,0,0,0,0,0,0,0,0
Region 18,Region 40,0,0,0,0,0,0,0,0,0,0,0,0,1,0.002,1,0.001,0,0,0,0,0,0,1,0.002,0,0,0,0,0,0,0,0,1,0.001,1,0.001,1,0.001,0,0,1,0.002,1,0.003,1,0.004,0,0
Region 18,Region 41,0,0,1,0.011,0,0,0,0,1,0.009,1,0.004,1,0.002,3,0.004,9,0.011,1,0.001,1,0.002,1,0.002,0,0,3,0.005,1,0.002,7,0.01,1,0.001,3,0.004,2,0.003,3,0.006,6,0.014,2,0.005,1,0.004,2,0.011
Region 18,Region 42,0,0,0,0,0,0,0,0,0,0,0,0,0,0,0,0,0,0,0,0,0,0,0,0,0,0,0,0,0,0,0,0,0,0,0,0,0,0,0,0,0,0,0,0,0,0,0,0
Region 18,Region 43,0,0,0,0,0,0,0,0,0,0,0,0,0,0,1,0.001,1,0.001,0,0,0,0,0,0,0,0,0,0,0,0,0,0,0,0,0,0,0,0,0,0,0,0,0,0,0,0,0,0
Region 18,Region 44,0,0,0,0,0,0,0,0,0,0,0,0,0,0,1,0.001,1,0.001,0,0,0,0,0,0,1,0.002,0,0,0,0,0,0,1,0.001,1,0.001,0,0,0,0,0,0,0,0,0,0,0,0
Region 18,Region 45,0,0,0,0,0,0,0,0,0,0,0,0,0,0,0,0,0,0,0,0,2,0.003,0,0,1,0.002,0,0,0,0,0,0,0,0,1,0.001,0,0,0,0,0,0,0,0,0,0,0,0
Region 18,Region 46,1,0.006,1,0.011,0,0,1,0.014,0,0,1,0.004,2,0.004,6,0.008,10,0.012,4,0.006,9,0.015,3,0.005,7,0.011,9,0.015,8,0.013,9,0.013,7,0.01,7,0.009,6,0.008,8,0.015,3,0.007,3,0.008,1,0.004,2,0.011
Region 18,Region 47,0,0,0,0,0,0,0,0,1,0.009,1,0.004,1,0.002,1,0.001,0,0,1,0.001,0,0,1,0.002,2,0.003,0,0,0,0,1,0.001,1,0.001,0,0,2,0.003,0,0,0,0,0,0,0,0,1,0.006
Region 18,Region 48,0,0,0,0,0,0,0,0,0,0,0,0,0,0,0,0,0,0,0,0,0,0,1,0.002,1,0.002,0,0,0,0,0,0,0,0,0,0,1,0.001,0,0,0,0,0,0,0,0,0,0
Region 18,Region 49,0,0,0,0,0,0,0,0,0,0,0,0,0,0,0,0,0,0,0,0,0,0,0,0,0,0,0,0,0,0,0,0,0,0,1,0.001,0,0,0,0,0,0,0,0,0,0,0,0
Region 18,Region 50,0,0,0,0,0,0,0,0,0,0,0,0,0,0,0,0,0,0,0,0,0,0,0,0,0,0,0,0,0,0,0,0,0,0,0,0,0,0,0,0,1,0.002,0,0,0,0,0,0
Region 18,Region 51,0,0,0,0,0,0,0,0,0,0,0,0,1,0.002,1,0.001,0,0,0,0,0,0,1,0.002,0,0,0,0,1,0.002,0,0,0,0,0,0,0,0,0,0,0,0,0,0,0,0,0,0
Region 18,Region 52,0,0,0,0,0,0,0,0,0,0,0,0,0,0,0,0,0,0,0,0,0,0,0,0,0,0,0,0,0,0,0,0,0,0,0,0,0,0,0,0,0,0,0,0,0,0,0,0
Region 18,Region 53,0,0,0,0,0,0,0,0,0,0,0,0,0,0,0,0,0,0,0,0,0,0,0,0,0,0,0,0,0,0,0,0,1,0.001,0,0,0,0,0,0,0,0,0,0,0,0,0,0
Region 18,Region 54,0,0,0,0,0,0,0,0,0,0,0,0,0,0,0,0,0,0,1,0.001,0,0,1,0.002,1,0.002,2,0.003,1,0.002,0,0,0,0,0,0,0,0,0,0,0,0,1,0.003,0,0,0,0
Region 18,Region 55,0,0,0,0,0,0,0,0,0,0,0,0,3,0.006,0,0,4,0.005,2,0.003,1,0.002,0,0,2,0.003,4,0.007,2,0.003,0,0,2,0.003,1,0.001,0,0,0,0,1,0.002,1,0.003,1,0.004,1,0.006
Region 18,Region 56,0,0,0,0,0,0,0,0,1,0.009,1,0.004,0,0,0,0,0,0,0,0,0,0,1,0.002,0,0,0,0,1,0.002,0,0,0,0,1,0.001,1,0.001,0,0,0,0,0,0,0,0,0,0
Region 18,Region 57,0,0,0,0,0,0,0,0,1,0.009,0,0,0,0,0,0,0,0,0,0,0,0,0,0,0,0,0,0,0,0,0,0,0,0,0,0,0,0,0,0,0,0,0,0,0,0,0,0
Region 18,Region 58,0,0,0,0,0,0,1,0.014,2,0.017,3,0.012,1,0.002,3,0.004,1,0.001,1,0.001,0,0,2,0.003,0,0,2,0.003,0,0,0,0,2,0.003,0,0,0,0,0,0,0,0,1,0.003,0,0,2,0.011
Region 18,Region 59,0,0,0,0,0,0,0,0,0,0,0,0,1,0.002,1,0.001,0,0,0,0,0,0,0,0,0,0,0,0,0,0,0,0,0,0,0,0,0,0,0,0,0,0,0,0,0,0,0,0
Region 18,Region 60,0,0,0,0,0,0,0,0,0,0,0,0,0,0,0,0,0,0,0,0,0,0,0,0,1,0.002,2,0.003,0,0,0,0,0,0,0,0,0,0,0,0,0,0,0,0,0,0,0,0
Region 18,Region 61,0,0,0,0,0,0,0,0,0,0,0,0,0,0,0,0,1,0.001,0,0,0,0,0,0,0,0,0,0,0,0,0,0,0,0,0,0,0,0,0,0,0,0,0,0,0,0,1,0.006
Region 18,Region 62,0,0,0,0,0,0,0,0,0,0,0,0,1,0.002,0,0,0,0,0,0,0,0,0,0,0,0,0,0,0,0,0,0,0,0,0,0,0,0,0,0,0,0,0,0,0,0,0,0
Region 18,Region 63,0,0,0,0,1,0.015,0,0,0,0,1,0.004,0,0,1,0.001,1,0.001,0,0,0,0,1,0.002,1,0.002,0,0,1,0.002,3,0.004,2,0.003,1,0.001,0,0,2,0.004,1,0.002,0,0,1,0.004,0,0
Region 18,Region 64,0,0,0,0,0,0,0,0,0,0,0,0,0,0,0,0,0,0,0,0,0,0,0,0,0,0,0,0,0,0,0,0,0,0,0,0,0,0,0,0,0,0,0,0,0,0,0,0
Region 18,Region 65,0,0,0,0,0,0,0,0,0,0,0,0,0,0,3,0.004,1,0.001,1,0.001,0,0,0,0,0,0,0,0,0,0,0,0,1,0.001,0,0,0,0,0,0,0,0,0,0,0,0,0,0
Region 18,Region 66,0,0,0,0,0,0,0,0,0,0,1,0.004,1,0.002,0,0,1,0.001,0,0,0,0,0,0,0,0,0,0,0,0,0,0,0,0,0,0,0,0,0,0,0,0,0,0,0,0,0,0
Region 18,Region 67,0,0,1,0.011,0,0,0,0,0,0,0,0,0,0,0,0,0,0,0,0,0,0,0,0,0,0,0,0,0,0,1,0.001,0,0,0,0,0,0,0,0,0,0,0,0,0,0,0,0
Region 18,Region 68,0,0,0,0,0,0,0,0,0,0,0,0,1,0.002,0,0,0,0,0,0,0,0,0,0,1,0.002,0,0,0,0,0,0,0,0,0,0,0,0,0,0,0,0,0,0,0,0,0,0
Region 18,Region 69,0,0,0,0,0,0,0,0,0,0,0,0,0,0,0,0,0,0,0,0,1,0.002,0,0,0,0,1,0.002,0,0,0,0,0,0,0,0,0,0,0,0,0,0,0,0,0,0,0,0
Region 18,Region 70,0,0,0,0,0,0,0,0,0,0,0,0,0,0,0,0,0,0,0,0,0,0,0,0,0,0,0,0,0,0,0,0,0,0,0,0,0,0,0,0,0,0,0,0,0,0,0,0
Region 18,Region 71,0,0,0,0,0,0,0,0,0,0,0,0,0,0,0,0,0,0,0,0,0,0,0,0,0,0,0,0,0,0,0,0,0,0,0,0,0,0,0,0,0,0,0,0,0,0,0,0
Region 18,Region 72,0,0,0,0,0,0,0,0,0,0,0,0,1,0.002,1,0.001,0,0,0,0,1,0.002,1,0.002,0,0,1,0.002,1,0.002,0,0,1,0.001,0,0,0,0,0,0,1,0.002,1,0.003,4,0.015,1,0.006
Region 19,Region 0,0,0,0,0,0,0,0,0,0,0,0,0,0,0,0,0,3,0.004,0,0,0,0,0,0,2,0.003,0,0,0,0,0,0,0,0,1,0.001,0,0,0,0,0,0,0,0,0,0,0,0
Region 19,Region 1,1,0.006,0,0,0,0,0,0,1,0.009,0,0,1,0.002,2,0.003,1,0.001,1,0.001,1,0.002,3,0.005,2,0.003,0,0,0,0,0,0,0,0,1,0.001,1,0.001,1,0.002,0,0,0,0,1,0.004,0,0
Region 19,Region 2,0,0,0,0,0,0,0,0,0,0,0,0,0,0,1,0.001,1,0.001,0,0,0,0,0,0,0,0,0,0,0,0,0,0,0,0,1,0.001,0,0,0,0,1,0.002,1,0.003,0,0,0,0
Region 19,Region 3,0,0,0,0,0,0,0,0,1,0.009,0,0,0,0,1,0.001,2,0.002,1,0.001,0,0,0,0,1,0.002,0,0,0,0,0,0,0,0,0,0,1,0.001,1,0.002,2,0.005,0,0,1,0.004,0,0
Region 19,Region 4,0,0,1,0.011,0,0,0,0,1,0.009,0,0,1,0.002,0,0,0,0,0,0,0,0,0,0,0,0,0,0,0,0,0,0,0,0,1,0.001,0,0,0,0,1,0.002,0,0,0,0,0,0
Region 19,Region 5,2,0.012,0,0,0,0,0,0,1,0.009,1,0.004,1,0.002,1,0.001,0,0,0,0,1,0.002,0,0,3,0.005,1,0.002,0,0,1,0.001,1,0.001,0,0,2,0.003,1,0.002,1,0.002,2,0.005,1,0.004,0,0
Region 19,Region 6,5,0.03,3,0.033,5,0.075,6,0.086,8,0.068,13,0.05,21,0.043,26,0.033,20,0.023,24,0.034,17,0.029,22,0.038,25,0.041,19,0.031,17,0.027,28,0.041,5,0.007,10,0.013,10,0.014,17,0.031,13,0.03,11,0.03,5,0.019,6,0.033
Region 19,Region 7,0,0,0,0,1,0.015,1,0.014,0,0,1,0.004,0,0,1,0.001,1,0.001,2,0.003,1,0.002,1,0.002,2,0.003,0,0,0,0,1,0.001,0,0,1,0.001,1,0.001,0,0,1,0.002,2,0.005,2,0.008,1,0.006
Region 19,Region 8,0,0,0,0,0,0,0,0,0,0,0,0,1,0.002,0,0,0,0,0,0,0,0,0,0,0,0,0,0,0,0,0,0,0,0,0,0,0,0,0,0,0,0,0,0,0,0,0,0
Region 19,Region 9,10,0.06,2,0.022,6,0.09,6,0.086,11,0.094,23,0.089,38,0.078,57,0.072,24,0.028,36,0.051,23,0.039,33,0.057,25,0.041,21,0.034,33,0.053,41,0.06,36,0.052,31,0.04,26,0.035,24,0.044,17,0.039,11,0.03,11,0.042,13,0.072
Region 19,Region 10,0,0,0,0,1,0.015,3,0.043,0,0,3,0.012,2,0.004,3,0.004,0,0,0,0,2,0.003,0,0,0,0,0,0,1,0.002,0,0,0,0,0,0,0,0,1,0.002,0,0,1,0.003,0,0,0,0
Region 19,Region 11,0,0,0,0,0,0,0,0,0,0,0,0,0,0,0,0,0,0,0,0,1,0.002,0,0,0,0,0,0,0,0,0,0,1,0.001,0,0,1,0.001,0,0,0,0,0,0,0,0,0,0
Region 19,Region 12,0,0,0,0,0,0,0,0,0,0,0,0,1,0.002,4,0.005,2,0.002,0,0,0,0,0,0,1,0.002,1,0.002,0,0,0,0,0,0,0,0,0,0,0,0,0,0,0,0,0,0,0,0
Region 19,Region 13,1,0.006,0,0,0,0,0,0,1,0.009,1,0.004,8,0.016,15,0.019,13,0.015,4,0.006,3,0.005,1,0.002,3,0.005,2,0.003,1,0.002,1,0.001,3,0.004,0,0,1,0.001,1,0.002,4,0.009,2,0.005,2,0.008,0,0
Region 19,Region 14,0,0,0,0,0,0,0,0,0,0,0,0,3,0.006,1,0.001,0,0,0,0,0,0,0,0,0,0,0,0,0,0,0,0,0,0,0,0,0,0,0,0,0,0,0,0,0,0,0,0
Region 19,Region 15,3,0.018,0,0,0,0,1,0.014,0,0,2,0.008,12,0.025,21,0.027,15,0.018,6,0.008,7,0.012,9,0.015,13,0.021,12,0.02,14,0.022,9,0.013,13,0.019,16,0.021,11,0.015,15,0.028,7,0.016,8,0.022,7,0.027,5,0.028
Region 19,Region 16,0,0,0,0,0,0,0,0,0,0,0,0,0,0,2,0.003,1,0.001,2,0.003,3,0.005,1,0.002,1,0.002,4,0.007,2,0.003,0,0,2,0.003,0,0,2,0.003,1,0.002,4,0.009,2,0.005,0,0,5,0.028
Region 19,Region 17,1,0.006,1,0.011,0,0,0,0,0,0,1,0.004,0,0,2,0.003,0,0,0,0,1,0.002,1,0.002,2,0.003,1,0.002,0,0,0,0,1,0.001,0,0,2,0.003,0,0,0,0,0,0,0,0,0,0
Region 19,Region 18,1,0.006,1,0.011,1,0.015,0,0,0,0,1,0.004,1,0.002,3,0.004,3,0.004,2,0.003,1,0.002,0,0,1,0.002,0,0,0,0,0,0,0,0,1,0.001,0,0,0,0,0,0,0,0,0,0,0,0
Region 19,Region 19,224,1.345,113,1.242,114,1.706,137,1.953,257,2.189,545,2.113,846,1.728,1119,1.42,943,1.102,749,1.06,741,1.27,801,1.373,847,1.378,880,1.433,802,1.288,888,1.295,922,1.327,1041,1.339,889,1.209,686,1.263,672,1.548,554,1.516,379,1.439,248,1.371
Region 19,Region 20,0,0,0,0,0,0,1,0.014,2,0.017,0,0,1,0.002,1,0.001,0,0,1,0.001,2,0.003,1,0.002,2,0.003,0,0,2,0.003,0,0,1,0.001,1,0.001,0,0,0,0,0,0,0,0,0,0,0,0
Region 19,Region 21,0,0,0,0,0,0,1,0.014,1,0.009,0,0,0,0,0,0,0,0,1,0.001,0,0,0,0,0,0,0,0,0,0,1,0.001,0,0,0,0,0,0,0,0,0,0,0,0,0,0,0,0
Region 19,Region 22,1,0.006,0,0,0,0,0,0,0,0,0,0,1,0.002,0,0,0,0,0,0,0,0,0,0,0,0,0,0,0,0,0,0,0,0,1,0.001,1,0.001,1,0.002,1,0.002,0,0,0,0,0,0
Region 19,Region 23,2,0.012,0,0,0,0,0,0,1,0.009,1,0.004,0,0,2,0.003,1,0.001,1,0.001,1,0.002,1,0.002,1,0.002,3,0.005,0,0,0,0,0,0,2,0.003,1,0.001,1,0.002,0,0,0,0,0,0,0,0
Region 19,Region 24,0,0,0,0,0,0,0,0,0,0,0,0,3,0.006,4,0.005,1,0.001,1,0.001,0,0,0,0,1,0.002,1,0.002,1,0.002,0,0,1,0.001,1,0.001,1,0.001,0,0,0,0,0,0,0,0,0,0
Region 19,Region 25,0,0,0,0,0,0,0,0,0,0,0,0,1,0.002,3,0.004,0,0,0,0,0,0,0,0,0,0,0,0,1,0.002,0,0,0,0,1,0.001,0,0,0,0,0,0,0,0,0,0,0,0
Region 19,Region 26,0,0,0,0,0,0,0,0,0,0,0,0,0,0,0,0,0,0,0,0,0,0,0,0,0,0,0,0,0,0,0,0,0,0,0,0,0,0,0,0,0,0,0,0,0,0,0,0
Region 19,Region 27,0,0,0,0,0,0,0,0,0,0,0,0,2,0.004,0,0,0,0,0,0,0,0,0,0,0,0,0,0,0,0,0,0,0,0,0,0,0,0,0,0,1,0.002,0,0,0,0,0,0
Region 19,Region 28,0,0,0,0,0,0,0,0,0,0,2,0.008,1,0.002,1,0.001,0,0,1,0.001,0,0,0,0,1,0.002,1,0.002,0,0,0,0,0,0,0,0,0,0,0,0,2,0.005,0,0,0,0,0,0
Region 19,Region 29,0,0,0,0,0,0,0,0,0,0,0,0,3,0.006,2,0.003,6,0.007,3,0.004,6,0.01,2,0.003,1,0.002,1,0.002,3,0.005,1,0.001,0,0,0,0,1,0.001,3,0.006,0,0,1,0.003,0,0,0,0
Region 19,Region 30,0,0,0,0,0,0,0,0,1,0.009,0,0,1,0.002,1,0.001,0,0,1,0.001,0,0,0,0,1,0.002,0,0,0,0,0,0,0,0,0,0,2,0.003,0,0,0,0,0,0,0,0,0,0
Region 19,Region 31,0,0,0,0,0,0,0,0,0,0,0,0,0,0,1,0.001,1,0.001,0,0,1,0.002,0,0,1,0.002,0,0,0,0,1,0.001,1,0.001,0,0,0,0,0,0,0,0,2,0.005,0,0,0,0
Region 19,Region 32,9,0.054,2,0.022,0,0,1,0.014,2,0.017,5,0.019,11,0.022,11,0.014,18,0.021,18,0.025,8,0.014,9,0.015,13,0.021,13,0.021,17,0.027,25,0.036,19,0.027,18,0.023,22,0.03,15,0.028,12,0.028,16,0.044,13,0.049,6,0.033
Region 19,Region 33,1,0.006,0,0,0,0,0,0,0,0,2,0.008,8,0.016,3,0.004,2,0.002,1,0.001,1,0.002,0,0,0,0,0,0,0,0,1,0.001,3,0.004,0,0,1,0.001,0,0,1,0.002,1,0.003,0,0,0,0
Region 19,Region 34,0,0,1,0.011,0,0,1,0.014,1,0.009,2,0.008,4,0.008,7,0.009,5,0.006,2,0.003,4,0.007,1,0.002,2,0.003,2,0.003,1,0.002,1,0.001,1,0.001,1,0.001,1,0.001,3,0.006,1,0.002,1,0.003,1,0.004,1,0.006
Region 19,Region 35,0,0,0,0,0,0,0,0,0,0,0,0,0,0,1,0.001,1,0.001,0,0,1,0.002,0,0,0,0,0,0,1,0.002,1,0.001,1,0.001,0,0,1,0.001,1,0.002,0,0,1,0.003,0,0,0,0
Region 19,Region 36,0,0,0,0,0,0,0,0,0,0,0,0,0,0,1,0.001,1,0.001,3,0.004,0,0,0,0,1,0.002,0,0,1,0.002,0,0,0,0,0,0,0,0,0,0,1,0.002,1,0.003,0,0,0,0
Region 19,Region 37,0,0,0,0,0,0,0,0,0,0,0,0,0,0,1,0.001,3,0.004,0,0,0,0,2,0.003,0,0,0,0,0,0,0,0,0,0,0,0,0,0,1,0.002,0,0,0,0,0,0,0,0
Region 19,Region 38,1,0.006,0,0,0,0,0,0,0,0,0,0,0,0,1,0.001,0,0,0,0,2,0.003,1,0.002,0,0,0,0,1,0.002,1,0.001,0,0,5,0.006,1,0.001,2,0.004,0,0,0,0,0,0,1,0.006
Region 19,Region 39,1,0.006,1,0.011,0,0,0,0,0,0,1,0.004,1,0.002,1,0.001,2,0.002,2,0.003,6,0.01,2,0.003,5,0.008,0,0,3,0.005,1,0.001,1,0.001,1,0.001,1,0.001,4,0.007,4,0.009,0,0,2,0.008,0,0
Region 19,Region 40,0,0,1,0.011,0,0,1,0.014,0,0,0,0,0,0,0,0,0,0,0,0,3,0.005,1,0.002,1,0.002,0,0,0,0,1,0.001,1,0.001,1,0.001,1,0.001,0,0,0,0,0,0,0,0,0,0
Region 19,Region 41,0,0,0,0,0,0,0,0,1,0.009,0,0,0,0,1,0.001,1,0.001,0,0,0,0,0,0,0,0,2,0.003,1,0.002,0,0,0,0,1,0.001,2,0.003,0,0,0,0,0,0,1,0.004,2,0.011
Region 19,Region 42,0,0,0,0,0,0,0,0,0,0,0,0,0,0,0,0,0,0,0,0,0,0,0,0,0,0,0,0,0,0,0,0,0,0,0,0,0,0,0,0,0,0,0,0,0,0,0,0
Region 19,Region 43,0,0,0,0,0,0,0,0,0,0,0,0,2,0.004,1,0.001,0,0,1,0.001,0,0,0,0,0,0,0,0,0,0,0,0,1,0.001,0,0,0,0,0,0,1,0.002,1,0.003,0,0,0,0
Region 19,Region 44,0,0,0,0,0,0,0,0,0,0,0,0,1,0.002,1,0.001,0,0,0,0,0,0,2,0.003,1,0.002,1,0.002,1,0.002,0,0,0,0,0,0,0,0,0,0,1,0.002,0,0,0,0,0,0
Region 19,Region 45,0,0,0,0,0,0,0,0,0,0,0,0,3,0.006,2,0.003,1,0.001,1,0.001,0,0,0,0,0,0,0,0,1,0.002,0,0,0,0,2,0.003,2,0.003,0,0,1,0.002,0,0,1,0.004,0,0
Region 19,Region 46,1,0.006,0,0,0,0,2,0.029,2,0.017,1,0.004,6,0.012,2,0.003,0,0,0,0,3,0.005,0,0,2,0.003,0,0,1,0.002,2,0.003,0,0,2,0.003,1,0.001,2,0.004,1,0.002,2,0.005,0,0,0,0
Region 19,Region 47,0,0,0,0,0,0,0,0,0,0,2,0.008,2,0.004,4,0.005,2,0.002,1,0.001,1,0.002,3,0.005,0,0,1,0.002,0,0,1,0.001,1,0.001,3,0.004,3,0.004,0,0,0,0,0,0,0,0,1,0.006
Region 19,Region 48,0,0,0,0,0,0,0,0,0,0,0,0,0,0,2,0.003,2,0.002,1,0.001,2,0.003,1,0.002,0,0,0,0,2,0.003,1,0.001,0,0,2,0.003,1,0.001,0,0,0,0,0,0,1,0.004,0,0
Region 19,Region 49,0,0,0,0,0,0,0,0,0,0,0,0,0,0,1,0.001,0,0,0,0,0,0,0,0,0,0,1,0.002,2,0.003,1,0.001,0,0,0,0,0,0,0,0,0,0,0,0,0,0,0,0
Region 19,Region 50,0,0,0,0,0,0,0,0,0,0,0,0,0,0,0,0,0,0,0,0,0,0,0,0,1,0.002,1,0.002,0,0,0,0,0,0,0,0,0,0,0,0,1,0.002,1,0.003,0,0,0,0
Region 19,Region 51,0,0,0,0,0,0,0,0,0,0,0,0,2,0.004,5,0.006,2,0.002,0,0,0,0,0,0,1,0.002,0,0,0,0,0,0,0,0,0,0,0,0,0,0,0,0,1,0.003,2,0.008,2,0.011
Region 19,Region 52,0,0,0,0,0,0,0,0,0,0,0,0,0,0,0,0,0,0,0,0,0,0,0,0,0,0,0,0,0,0,0,0,0,0,0,0,0,0,0,0,0,0,0,0,0,0,0,0
Region 19,Region 53,2,0.012,1,0.011,0,0,0,0,1,0.009,0,0,2,0.004,7,0.009,12,0.014,8,0.011,5,0.009,1,0.002,7,0.011,8,0.013,6,0.01,11,0.016,5,0.007,11,0.014,8,0.011,5,0.009,2,0.005,2,0.005,1,0.004,1,0.006
Region 19,Region 54,0,0,0,0,0,0,0,0,0,0,1,0.004,0,0,2,0.003,2,0.002,1,0.001,0,0,1,0.002,0,0,0,0,0,0,0,0,0,0,0,0,1,0.001,0,0,0,0,0,0,0,0,0,0
Region 19,Region 55,0,0,0,0,0,0,0,0,1,0.009,0,0,1,0.002,1,0.001,2,0.002,1,0.001,4,0.007,1,0.002,0,0,1,0.002,2,0.003,1,0.001,2,0.003,0,0,2,0.003,0,0,0,0,0,0,1,0.004,1,0.006
Region 19,Region 56,2,0.012,1,0.011,0,0,0,0,2,0.017,1,0.004,2,0.004,5,0.006,5,0.006,7,0.01,4,0.007,8,0.014,12,0.02,4,0.007,8,0.013,4,0.006,6,0.009,7,0.009,5,0.007,6,0.011,6,0.014,4,0.011,1,0.004,4,0.022
Region 19,Region 57,0,0,0,0,0,0,0,0,0,0,0,0,0,0,0,0,0,0,0,0,0,0,0,0,0,0,0,0,0,0,0,0,0,0,0,0,0,0,0,0,0,0,0,0,0,0,0,0
Region 19,Region 58,1,0.006,3,0.033,0,0,2,0.029,2,0.017,3,0.012,7,0.014,6,0.008,7,0.008,4,0.006,2,0.003,1,0.002,4,0.007,3,0.005,4,0.006,4,0.006,7,0.01,9,0.012,7,0.01,8,0.015,1,0.002,1,0.003,4,0.015,3,0.017
Region 19,Region 59,0,0,0,0,0,0,0,0,0,0,0,0,0,0,0,0,0,0,0,0,0,0,0,0,0,0,0,0,0,0,0,0,0,0,1,0.001,0,0,0,0,0,0,0,0,1,0.004,0,0
Region 19,Region 60,0,0,0,0,0,0,0,0,0,0,0,0,2,0.004,1,0.001,0,0,1,0.001,0,0,0,0,1,0.002,0,0,0,0,0,0,0,0,0,0,0,0,0,0,0,0,0,0,0,0,1,0.006
Region 19,Region 61,1,0.006,0,0,0,0,0,0,1,0.009,0,0,4,0.008,5,0.006,3,0.004,3,0.004,0,0,2,0.003,0,0,2,0.003,1,0.002,1,0.001,1,0.001,1,0.001,2,0.003,3,0.006,1,0.002,0,0,2,0.008,3,0.017
Region 19,Region 62,0,0,0,0,0,0,0,0,1,0.009,1,0.004,4,0.008,10,0.013,4,0.005,3,0.004,5,0.009,6,0.01,6,0.01,3,0.005,8,0.013,3,0.004,6,0.009,6,0.008,4,0.005,4,0.007,3,0.007,2,0.005,3,0.011,1,0.006
Region 19,Region 63,0,0,0,0,0,0,0,0,0,0,0,0,0,0,0,0,0,0,0,0,0,0,0,0,0,0,0,0,0,0,0,0,0,0,0,0,0,0,0,0,0,0,0,0,0,0,0,0
Region 19,Region 64,0,0,0,0,0,0,0,0,1,0.009,1,0.004,0,0,3,0.004,0,0,0,0,2,0.003,2,0.003,2,0.003,2,0.003,0,0,0,0,1,0.001,1,0.001,3,0.004,1,0.002,2,0.005,0,0,1,0.004,0,0
Region 19,Region 65,0,0,0,0,0,0,0,0,0,0,0,0,3,0.006,6,0.008,1,0.001,1,0.001,0,0,0,0,0,0,0,0,0,0,2,0.003,1,0.001,0,0,2,0.003,0,0,0,0,0,0,0,0,0,0
Region 19,Region 66,0,0,0,0,0,0,0,0,0,0,2,0.008,0,0,3,0.004,0,0,0,0,0,0,1,0.002,0,0,0,0,0,0,1,0.001,0,0,0,0,0,0,0,0,0,0,0,0,1,0.004,0,0
Region 19,Region 67,0,0,0,0,0,0,0,0,0,0,0,0,0,0,1,0.001,1,0.001,2,0.003,0,0,0,0,0,0,0,0,1,0.002,0,0,1,0.001,0,0,0,0,1,0.002,2,0.005,0,0,0,0,0,0
Region 19,Region 68,0,0,0,0,0,0,0,0,0,0,0,0,0,0,0,0,0,0,0,0,0,0,0,0,0,0,0,0,0,0,0,0,1,0.001,0,0,0,0,0,0,0,0,0,0,0,0,0,0
Region 19,Region 69,0,0,0,0,0,0,0,0,0,0,1,0.004,2,0.004,2,0.003,0,0,0,0,0,0,0,0,0,0,0,0,0,0,0,0,0,0,0,0,0,0,0,0,0,0,0,0,0,0,0,0
Region 19,Region 70,0,0,0,0,0,0,0,0,0,0,0,0,0,0,0,0,0,0,0,0,0,0,0,0,0,0,0,0,0,0,0,0,0,0,0,0,0,0,0,0,0,0,0,0,0,0,0,0
Region 19,Region 71,0,0,0,0,0,0,0,0,0,0,0,0,1,0.002,0,0,0,0,0,0,1,0.002,0,0,0,0,0,0,0,0,0,0,0,0,0,0,0,0,0,0,0,0,0,0,0,0,0,0
Region 19,Region 72,0,0,0,0,0,0,1,0.014,4,0.034,1,0.004,11,0.022,6,0.008,1,0.001,3,0.004,3,0.005,5,0.009,2,0.003,4,0.007,5,0.008,4,0.006,0,0,4,0.005,1,0.001,1,0.002,4,0.009,4,0.011,2,0.008,0,0
Region 20,Region 0,0,0,0,0,0,0,0,0,0,0,0,0,0,0,0,0,0,0,0,0,0,0,0,0,1,0.002,0,0,0,0,0,0,1,0.001,0,0,0,0,0,0,0,0,1,0.003,0,0,0,0
Region 20,Region 1,1,0.006,0,0,1,0.015,2,0.029,3,0.026,2,0.008,12,0.025,20,0.025,27,0.032,27,0.038,19,0.033,14,0.024,13,0.021,34,0.055,36,0.058,33,0.048,22,0.032,30,0.039,37,0.05,30,0.055,26,0.06,29,0.079,15,0.057,2,0.011
Region 20,Region 2,0,0,0,0,0,0,0,0,0,0,0,0,0,0,1,0.001,0,0,0,0,0,0,2,0.003,0,0,2,0.003,1,0.002,1,0.001,0,0,1,0.001,1,0.001,0,0,3,0.007,2,0.005,0,0,0,0
Region 20,Region 3,0,0,0,0,0,0,0,0,0,0,1,0.004,0,0,0,0,0,0,1,0.001,0,0,1,0.002,0,0,0,0,1,0.002,0,0,1,0.001,0,0,0,0,0,0,0,0,1,0.003,0,0,1,0.006
Region 20,Region 4,0,0,0,0,0,0,0,0,0,0,0,0,0,0,1,0.001,2,0.002,0,0,1,0.002,1,0.002,1,0.002,1,0.002,3,0.005,2,0.003,0,0,0,0,1,0.001,0,0,0,0,1,0.003,0,0,1,0.006
Region 20,Region 5,0,0,0,0,0,0,0,0,0,0,0,0,0,0,0,0,0,0,1,0.001,0,0,0,0,0,0,0,0,0,0,0,0,0,0,0,0,0,0,1,0.002,0,0,1,0.003,1,0.004,1,0.006
Region 20,Region 6,0,0,0,0,0,0,0,0,1,0.009,0,0,0,0,0,0,1,0.001,2,0.003,2,0.003,0,0,1,0.002,2,0.003,3,0.005,3,0.004,5,0.007,3,0.004,2,0.003,0,0,1,0.002,2,0.005,1,0.004,1,0.006
Region 20,Region 7,0,0,0,0,0,0,0,0,0,0,0,0,0,0,0,0,1,0.001,1,0.001,0,0,0,0,1,0.002,0,0,2,0.003,0,0,0,0,1,0.001,0,0,1,0.002,2,0.005,2,0.005,0,0,0,0
Region 20,Region 8,0,0,0,0,0,0,1,0.014,0,0,2,0.008,2,0.004,13,0.016,19,0.022,5,0.007,6,0.01,7,0.012,5,0.008,6,0.01,9,0.014,14,0.02,28,0.04,34,0.044,19,0.026,4,0.007,2,0.005,2,0.005,2,0.008,1,0.006
Region 20,Region 9,1,0.006,0,0,0,0,0,0,0,0,0,0,0,0,1,0.001,0,0,1,0.001,2,0.003,1,0.002,0,0,1,0.002,0,0,1,0.001,0,0,2,0.003,0,0,0,0,1,0.002,1,0.003,0,0,1,0.006
Region 20,Region 10,2,0.012,3,0.033,0,0,0,0,0,0,2,0.008,18,0.037,33,0.042,36,0.042,30,0.042,22,0.038,13,0.022,41,0.067,28,0.046,33,0.053,38,0.055,32,0.046,35,0.045,37,0.05,17,0.031,18,0.041,14,0.038,9,0.034,5,0.028
Region 20,Region 11,0,0,0,0,0,0,0,0,0,0,0,0,1,0.002,0,0,1,0.001,0,0,0,0,0,0,0,0,0,0,0,0,0,0,0,0,0,0,0,0,0,0,0,0,0,0,0,0,0,0
Region 20,Region 12,0,0,0,0,0,0,0,0,0,0,0,0,0,0,0,0,0,0,0,0,0,0,0,0,1,0.002,0,0,1,0.002,0,0,0,0,1,0.001,1,0.001,0,0,0,0,0,0,0,0,1,0.006
Region 20,Region 13,1,0.006,0,0,0,0,4,0.057,4,0.034,3,0.012,5,0.01,19,0.024,20,0.023,13,0.018,12,0.021,12,0.021,9,0.015,16,0.026,11,0.018,8,0.012,7,0.01,4,0.005,7,0.01,11,0.02,13,0.03,10,0.027,7,0.027,7,0.039
Region 20,Region 14,2,0.012,0,0,0,0,0,0,0,0,3,0.012,6,0.012,17,0.022,20,0.023,15,0.021,12,0.021,9,0.015,6,0.01,14,0.023,14,0.022,22,0.032,42,0.06,37,0.048,30,0.041,14,0.026,9,0.021,14,0.038,4,0.015,7,0.039
Region 20,Region 15,0,0,0,0,0,0,0,0,0,0,0,0,0,0,1,0.001,0,0,0,0,0,0,2,0.003,2,0.003,1,0.002,1,0.002,1,0.001,0,0,0,0,2,0.003,3,0.006,3,0.007,0,0,1,0.004,0,0
Region 20,Region 16,0,0,0,0,0,0,0,0,0,0,0,0,0,0,0,0,0,0,0,0,1,0.002,0,0,0,0,1,0.002,0,0,0,0,0,0,0,0,0,0,0,0,0,0,1,0.003,0,0,0,0
Region 20,Region 17,0,0,0,0,0,0,0,0,0,0,0,0,0,0,0,0,1,0.001,2,0.003,1,0.002,2,0.003,2,0.003,1,0.002,2,0.003,2,0.003,3,0.004,5,0.006,2,0.003,2,0.004,2,0.005,1,0.003,2,0.008,0,0
Region 20,Region 18,0,0,0,0,0,0,0,0,0,0,0,0,0,0,0,0,0,0,0,0,0,0,0,0,0,0,0,0,1,0.002,0,0,0,0,1,0.001,0,0,0,0,0,0,0,0,1,0.004,0,0
Region 20,Region 19,0,0,0,0,0,0,0,0,0,0,0,0,1,0.002,0,0,0,0,1,0.001,0,0,0,0,0,0,0,0,0,0,0,0,0,0,0,0,1,0.001,0,0,2,0.005,1,0.003,0,0,0,0
Region 20,Region 20,74,0.444,46,0.506,29,0.434,25,0.356,53,0.451,132,0.512,310,0.633,779,0.988,1226,1.432,963,1.363,640,1.097,787,1.349,839,1.365,849,1.382,834,1.34,887,1.293,989,1.423,1171,1.506,1071,1.457,684,1.26,526,1.211,392,1.073,277,1.052,140,0.774
Region 20,Region 21,1,0.006,0,0,0,0,0,0,0,0,0,0,0,0,0,0,0,0,0,0,0,0,0,0,0,0,0,0,0,0,0,0,1,0.001,0,0,0,0,0,0,0,0,0,0,0,0,0,0
Region 20,Region 22,0,0,0,0,0,0,0,0,0,0,0,0,1,0.002,1,0.001,0,0,0,0,0,0,1,0.002,0,0,0,0,0,0,0,0,0,0,0,0,1,0.001,0,0,1,0.002,0,0,1,0.004,0,0
Region 20,Region 23,2,0.012,1,0.011,0,0,0,0,0,0,1,0.004,1,0.002,4,0.005,0,0,1,0.001,1,0.002,2,0.003,5,0.008,0,0,0,0,2,0.003,0,0,0,0,1,0.001,0,0,7,0.016,5,0.014,2,0.008,0,0
Region 20,Region 24,0,0,0,0,0,0,0,0,0,0,1,0.004,2,0.004,1,0.001,1,0.001,2,0.003,2,0.003,2,0.003,3,0.005,4,0.007,2,0.003,3,0.004,1,0.001,2,0.003,5,0.007,2,0.004,2,0.005,2,0.005,1,0.004,1,0.006
Region 20,Region 25,30,0.18,20,0.22,8,0.12,2,0.029,15,0.128,30,0.116,80,0.163,180,0.228,344,0.402,265,0.375,159,0.273,200,0.343,228,0.371,205,0.334,202,0.325,170,0.248,218,0.314,269,0.346,285,0.388,196,0.361,148,0.341,97,0.265,78,0.296,40,0.221
Region 20,Region 26,0,0,1,0.011,0,0,0,0,0,0,0,0,2,0.004,4,0.005,4,0.005,1,0.001,5,0.009,4,0.007,3,0.005,4,0.007,3,0.005,3,0.004,3,0.004,10,0.013,7,0.01,1,0.002,0,0,6,0.016,0,0,0,0
Region 20,Region 27,0,0,0,0,0,0,0,0,0,0,0,0,0,0,0,0,0,0,0,0,0,0,0,0,0,0,0,0,0,0,0,0,0,0,0,0,0,0,0,0,0,0,0,0,0,0,0,0
Region 20,Region 28,0,0,0,0,0,0,0,0,0,0,0,0,1,0.002,0,0,0,0,3,0.004,1,0.002,1,0.002,2,0.003,1,0.002,3,0.005,0,0,2,0.003,4,0.005,3,0.004,3,0.006,0,0,1,0.003,1,0.004,0,0
Region 20,Region 29,2,0.012,1,0.011,0,0,0,0,0,0,0,0,1,0.002,3,0.004,3,0.004,2,0.003,1,0.002,4,0.007,3,0.005,3,0.005,2,0.003,2,0.003,1,0.001,2,0.003,2,0.003,2,0.004,5,0.012,4,0.011,3,0.011,2,0.011
Region 20,Region 30,5,0.03,0,0,0,0,0,0,3,0.026,1,0.004,7,0.014,20,0.025,26,0.03,14,0.02,16,0.027,21,0.036,12,0.02,20,0.033,22,0.035,23,0.034,25,0.036,28,0.036,27,0.037,18,0.033,14,0.032,10,0.027,5,0.019,3,0.017
Region 20,Region 31,3,0.018,0,0,0,0,0,0,0,0,0,0,0,0,5,0.006,11,0.013,9,0.013,5,0.009,9,0.015,7,0.011,4,0.007,15,0.024,17,0.025,11,0.016,16,0.021,23,0.031,5,0.009,8,0.018,7,0.019,4,0.015,4,0.022
Region 20,Region 32,0,0,0,0,0,0,0,0,0,0,0,0,0,0,0,0,0,0,0,0,0,0,0,0,0,0,1,0.002,0,0,0,0,0,0,0,0,0,0,0,0,0,0,0,0,0,0,0,0
Region 20,Region 33,9,0.054,1,0.011,0,0,0,0,1,0.009,0,0,5,0.01,28,0.036,17,0.02,8,0.011,3,0.005,11,0.019,20,0.033,10,0.016,33,0.053,23,0.034,13,0.019,27,0.035,32,0.044,10,0.018,11,0.025,13,0.036,9,0.034,8,0.044
Region 20,Region 34,4,0.024,1,0.011,4,0.06,0,0,4,0.034,5,0.019,13,0.027,21,0.027,27,0.032,24,0.034,20,0.034,22,0.038,21,0.034,23,0.037,32,0.051,22,0.032,17,0.024,12,0.015,30,0.041,28,0.052,21,0.048,22,0.06,16,0.061,13,0.072
Region 20,Region 35,17,0.102,11,0.121,4,0.06,4,0.057,13,0.111,9,0.035,35,0.071,91,0.115,118,0.138,108,0.153,119,0.204,138,0.237,179,0.291,193,0.314,197,0.316,215,0.313,260,0.374,299,0.385,237,0.322,187,0.344,141,0.325,107,0.293,71,0.27,53,0.293
Region 20,Region 36,0,0,0,0,0,0,0,0,0,0,0,0,0,0,0,0,1,0.001,0,0,0,0,0,0,0,0,2,0.003,1,0.002,2,0.003,1,0.001,0,0,3,0.004,1,0.002,0,0,0,0,0,0,0,0
Region 20,Region 37,0,0,0,0,0,0,1,0.014,0,0,0,0,1,0.002,1,0.001,2,0.002,0,0,2,0.003,1,0.002,4,0.007,3,0.005,1,0.002,1,0.001,1,0.001,2,0.003,2,0.003,0,0,2,0.005,0,0,1,0.004,0,0
Region 20,Region 38,0,0,0,0,0,0,0,0,0,0,0,0,0,0,0,0,1,0.001,0,0,0,0,1,0.002,1,0.002,0,0,0,0,1,0.001,1,0.001,3,0.004,1,0.001,0,0,2,0.005,0,0,0,0,1,0.006
Region 20,Region 39,0,0,0,0,1,0.015,0,0,0,0,0,0,0,0,0,0,2,0.002,2,0.003,0,0,1,0.002,1,0.002,0,0,0,0,0,0,0,0,2,0.003,1,0.001,0,0,0,0,0,0,0,0,0,0
Region 20,Region 40,2,0.012,1,0.011,1,0.015,0,0,3,0.026,1,0.004,2,0.004,5,0.006,2,0.002,0,0,1,0.002,10,0.017,3,0.005,7,0.011,6,0.01,5,0.007,3,0.004,2,0.003,4,0.005,8,0.015,9,0.021,11,0.03,8,0.03,4,0.022
Region 20,Region 41,5,0.03,2,0.022,3,0.045,5,0.071,5,0.043,7,0.027,16,0.033,14,0.018,10,0.012,12,0.017,8,0.014,17,0.029,20,0.033,28,0.046,34,0.055,20,0.029,12,0.017,10,0.013,16,0.022,26,0.048,18,0.041,15,0.041,9,0.034,12,0.066
Region 20,Region 42,6,0.036,2,0.022,1,0.015,1,0.014,4,0.034,12,0.047,30,0.061,122,0.155,149,0.174,91,0.129,58,0.099,75,0.129,91,0.148,86,0.14,92,0.148,111,0.162,153,0.22,198,0.255,130,0.177,68,0.125,46,0.106,58,0.159,26,0.099,18,0.1
Region 20,Region 43,0,0,0,0,0,0,0,0,0,0,1,0.004,0,0,3,0.004,0,0,0,0,1,0.002,1,0.002,0,0,0,0,1,0.002,1,0.001,0,0,0,0,0,0,1,0.002,0,0,1,0.003,0,0,1,0.006
Region 20,Region 44,1,0.006,0,0,0,0,0,0,0,0,0,0,0,0,0,0,1,0.001,0,0,3,0.005,1,0.002,1,0.002,2,0.003,2,0.003,0,0,1,0.001,1,0.001,1,0.001,0,0,0,0,0,0,0,0,2,0.011
Region 20,Region 45,1,0.006,0,0,0,0,0,0,0,0,0,0,1,0.002,2,0.003,4,0.005,3,0.004,2,0.003,6,0.01,7,0.011,6,0.01,5,0.008,7,0.01,5,0.007,9,0.012,8,0.011,12,0.022,6,0.014,3,0.008,4,0.015,0,0
Region 20,Region 46,6,0.036,4,0.044,6,0.09,5,0.071,11,0.094,37,0.143,38,0.078,45,0.057,41,0.048,50,0.071,33,0.057,38,0.065,40,0.065,52,0.085,33,0.053,48,0.07,28,0.04,20,0.026,23,0.031,23,0.042,23,0.053,32,0.088,12,0.046,7,0.039
Region 20,Region 47,0,0,0,0,0,0,0,0,0,0,0,0,1,0.002,3,0.004,2,0.002,1,0.001,0,0,2,0.003,1,0.002,1,0.002,2,0.003,1,0.001,1,0.001,0,0,1,0.001,3,0.006,1,0.002,2,0.005,1,0.004,1,0.006
Region 20,Region 48,0,0,0,0,0,0,0,0,1,0.009,0,0,1,0.002,0,0,0,0,0,0,0,0,0,0,0,0,1,0.002,1,0.002,0,0,0,0,0,0,1,0.001,0,0,1,0.002,0,0,0,0,1,0.006
Region 20,Region 49,0,0,1,0.011,0,0,0,0,1,0.009,1,0.004,0,0,0,0,0,0,0,0,0,0,0,0,0,0,0,0,0,0,1,0.001,0,0,0,0,0,0,0,0,2,0.005,3,0.008,0,0,0,0
Region 20,Region 50,0,0,0,0,0,0,0,0,0,0,0,0,0,0,2,0.003,3,0.004,5,0.007,1,0.002,2,0.003,3,0.005,4,0.007,5,0.008,0,0,10,0.014,6,0.008,6,0.008,2,0.004,4,0.009,6,0.016,1,0.004,0,0
Region 20,Region 51,32,0.192,18,0.198,6,0.09,9,0.128,16,0.136,37,0.143,127,0.259,386,0.49,495,0.578,260,0.368,243,0.417,241,0.413,313,0.509,342,0.557,386,0.62,390,0.569,412,0.593,502,0.646,456,0.62,259,0.477,202,0.465,147,0.402,103,0.391,49,0.271
Region 20,Region 52,0,0,0,0,0,0,0,0,0,0,0,0,0,0,1,0.001,2,0.002,1,0.001,3,0.005,0,0,4,0.007,5,0.008,7,0.011,6,0.009,11,0.016,7,0.009,9,0.012,6,0.011,2,0.005,5,0.014,0,0,1,0.006
Region 20,Region 53,0,0,0,0,0,0,0,0,0,0,0,0,0,0,0,0,0,0,0,0,0,0,0,0,0,0,0,0,0,0,0,0,0,0,0,0,0,0,0,0,0,0,0,0,0,0,0,0
Region 20,Region 54,2,0.012,0,0,0,0,0,0,0,0,0,0,4,0.008,7,0.009,8,0.009,4,0.006,9,0.015,11,0.019,14,0.023,14,0.023,13,0.021,8,0.012,4,0.006,16,0.021,13,0.018,11,0.02,14,0.032,9,0.025,4,0.015,3,0.017
Region 20,Region 55,0,0,0,0,0,0,0,0,1,0.009,1,0.004,2,0.004,2,0.003,3,0.004,0,0,0,0,2,0.003,1,0.002,0,0,2,0.003,1,0.001,0,0,0,0,0,0,1,0.002,0,0,5,0.014,1,0.004,0,0
Region 20,Region 56,0,0,0,0,0,0,1,0.014,0,0,0,0,1,0.002,1,0.001,0,0,1,0.001,0,0,0,0,1,0.002,0,0,1,0.002,0,0,0,0,0,0,1,0.001,0,0,0,0,0,0,1,0.004,0,0
Region 20,Region 57,1,0.006,0,0,0,0,0,0,0,0,0,0,4,0.008,1,0.001,1,0.001,0,0,0,0,0,0,2,0.003,1,0.002,4,0.006,3,0.004,5,0.007,5,0.006,1,0.001,3,0.006,2,0.005,0,0,2,0.008,1,0.006
Region 20,Region 58,0,0,0,0,2,0.03,1,0.014,1,0.009,3,0.012,2,0.004,8,0.01,5,0.006,7,0.01,5,0.009,6,0.01,11,0.018,13,0.021,11,0.018,5,0.007,5,0.007,5,0.006,5,0.007,8,0.015,7,0.016,9,0.025,5,0.019,4,0.022
Region 20,Region 59,0,0,0,0,0,0,0,0,0,0,0,0,0,0,1,0.001,2,0.002,1,0.001,0,0,0,0,1,0.002,2,0.003,0,0,2,0.003,2,0.003,2,0.003,2,0.003,0,0,0,0,0,0,1,0.004,0,0
Region 20,Region 60,6,0.036,2,0.022,1,0.015,1,0.014,3,0.026,8,0.031,24,0.049,38,0.048,34,0.04,28,0.04,15,0.026,33,0.057,29,0.047,30,0.049,38,0.061,34,0.05,32,0.046,35,0.045,46,0.063,37,0.068,22,0.051,15,0.041,10,0.038,9,0.05
Region 20,Region 61,0,0,1,0.011,0,0,2,0.029,0,0,0,0,0,0,4,0.005,3,0.004,1,0.001,0,0,1,0.002,3,0.005,0,0,0,0,1,0.001,1,0.001,2,0.003,1,0.001,2,0.004,2,0.005,0,0,1,0.004,0,0
Region 20,Region 62,0,0,0,0,0,0,0,0,0,0,0,0,0,0,0,0,0,0,0,0,0,0,0,0,0,0,0,0,0,0,1,0.001,0,0,0,0,0,0,0,0,0,0,0,0,0,0,0,0
Region 20,Region 63,0,0,0,0,0,0,0,0,0,0,0,0,0,0,2,0.003,2,0.002,0,0,0,0,0,0,0,0,1,0.002,0,0,2,0.003,1,0.001,0,0,0,0,0,0,1,0.002,0,0,0,0,0,0
Region 20,Region 64,0,0,0,0,0,0,0,0,0,0,0,0,0,0,0,0,0,0,0,0,1,0.002,2,0.003,0,0,0,0,0,0,0,0,0,0,0,0,0,0,1,0.002,0,0,0,0,1,0.004,0,0
Region 20,Region 65,1,0.006,0,0,2,0.03,0,0,3,0.026,0,0,3,0.006,5,0.006,7,0.008,8,0.011,2,0.003,3,0.005,4,0.007,3,0.005,2,0.003,0,0,5,0.007,2,0.003,5,0.007,5,0.009,1,0.002,0,0,0,0,3,0.017
Region 20,Region 66,2,0.012,0,0,0,0,0,0,0,0,1,0.004,2,0.004,4,0.005,3,0.004,3,0.004,1,0.002,3,0.005,2,0.003,2,0.003,7,0.011,3,0.004,2,0.003,3,0.004,10,0.014,4,0.007,4,0.009,3,0.008,3,0.011,1,0.006
Region 20,Region 67,0,0,0,0,0,0,0,0,0,0,0,0,0,0,0,0,0,0,0,0,0,0,0,0,0,0,0,0,0,0,0,0,0,0,0,0,1,0.001,0,0,0,0,0,0,0,0,0,0
Region 20,Region 68,1,0.006,0,0,0,0,0,0,0,0,0,0,3,0.006,10,0.013,6,0.007,5,0.007,3,0.005,3,0.005,2,0.003,3,0.005,3,0.005,9,0.013,4,0.006,2,0.003,4,0.005,3,0.006,1,0.002,0,0,2,0.008,1,0.006
Region 20,Region 69,2,0.012,1,0.011,0,0,0,0,1,0.009,0,0,4,0.008,21,0.027,12,0.014,12,0.017,5,0.009,8,0.014,10,0.016,7,0.011,5,0.008,18,0.026,13,0.019,9,0.012,14,0.019,9,0.017,16,0.037,8,0.022,2,0.008,1,0.006
Region 20,Region 70,0,0,0,0,0,0,0,0,1,0.009,2,0.008,3,0.006,16,0.02,15,0.018,11,0.016,3,0.005,2,0.003,4,0.007,7,0.011,9,0.014,9,0.013,11,0.016,12,0.015,13,0.018,7,0.013,2,0.005,4,0.011,1,0.004,1,0.006
Region 20,Region 71,1,0.006,0,0,0,0,0,0,0,0,1,0.004,8,0.016,17,0.022,8,0.009,7,0.01,1,0.002,5,0.009,13,0.021,8,0.013,14,0.022,8,0.012,10,0.014,12,0.015,9,0.012,4,0.007,4,0.009,0,0,0,0,1,0.006
Region 20,Region 72,4,0.024,5,0.055,4,0.06,2,0.029,2,0.017,2,0.008,8,0.016,15,0.019,16,0.019,21,0.03,21,0.036,21,0.036,29,0.047,30,0.049,28,0.045,38,0.055,49,0.071,35,0.045,53,0.072,29,0.053,16,0.037,24,0.066,14,0.053,14,0.077
Region 21,Region 0,0,0,0,0,0,0,0,0,0,0,0,0,0,0,3,0.004,5,0.006,0,0,1,0.002,1,0.002,4,0.007,4,0.007,2,0.003,4,0.006,4,0.006,7,0.009,3,0.004,3,0.006,0,0,1,0.003,0,0,0,0
Region 21,Region 1,0,0,0,0,0,0,0,0,0,0,0,0,0,0,0,0,0,0,0,0,0,0,0,0,0,0,0,0,1,0.002,0,0,0,0,0,0,0,0,1,0.002,1,0.002,0,0,0,0,0,0
Region 21,Region 2,0,0,0,0,0,0,0,0,0,0,0,0,1,0.002,2,0.003,0,0,0,0,0,0,1,0.002,0,0,1,0.002,0,0,0,0,0,0,0,0,0,0,0,0,0,0,1,0.003,0,0,0,0
Region 21,Region 3,0,0,0,0,1,0.015,0,0,0,0,0,0,0,0,0,0,0,0,1,0.001,1,0.002,0,0,1,0.002,1,0.002,1,0.002,3,0.004,2,0.003,3,0.004,2,0.003,0,0,0,0,0,0,1,0.004,1,0.006
Region 21,Region 4,0,0,0,0,0,0,0,0,0,0,0,0,0,0,0,0,0,0,0,0,0,0,0,0,0,0,0,0,0,0,0,0,0,0,0,0,0,0,0,0,0,0,1,0.003,0,0,0,0
Region 21,Region 5,0,0,1,0.011,0,0,1,0.014,1,0.009,0,0,0,0,3,0.004,1,0.001,0,0,3,0.005,4,0.007,5,0.008,1,0.002,1,0.002,1,0.001,1,0.001,6,0.008,4,0.005,1,0.002,0,0,1,0.003,0,0,0,0
Region 21,Region 6,0,0,0,0,0,0,0,0,0,0,0,0,2,0.004,2,0.003,1,0.001,0,0,0,0,6,0.01,2,0.003,2,0.003,1,0.002,1,0.001,1,0.001,1,0.001,1,0.001,1,0.002,1,0.002,1,0.003,1,0.004,0,0
Region 21,Region 7,0,0,0,0,0,0,0,0,0,0,0,0,0,0,1,0.001,1,0.001,0,0,0,0,0,0,0,0,0,0,0,0,3,0.004,1,0.001,1,0.001,1,0.001,0,0,0,0,0,0,0,0,0,0
Region 21,Region 8,0,0,0,0,0,0,0,0,0,0,0,0,0,0,0,0,0,0,0,0,0,0,0,0,0,0,0,0,0,0,0,0,0,0,0,0,0,0,0,0,0,0,0,0,0,0,0,0
Region 21,Region 9,0,0,0,0,0,0,0,0,0,0,0,0,0,0,0,0,0,0,1,0.001,0,0,0,0,0,0,0,0,0,0,0,0,0,0,0,0,0,0,0,0,0,0,0,0,0,0,0,0
Region 21,Region 10,0,0,0,0,0,0,0,0,0,0,0,0,0,0,0,0,2,0.002,0,0,0,0,1,0.002,0,0,0,0,1,0.002,0,0,0,0,0,0,0,0,0,0,0,0,0,0,0,0,0,0
Region 21,Region 11,0,0,0,0,0,0,0,0,0,0,0,0,0,0,0,0,0,0,0,0,0,0,0,0,0,0,0,0,0,0,0,0,0,0,0,0,0,0,0,0,0,0,0,0,0,0,0,0
Region 21,Region 12,0,0,0,0,0,0,0,0,0,0,0,0,0,0,0,0,0,0,0,0,0,0,0,0,0,0,0,0,0,0,0,0,0,0,0,0,0,0,0,0,0,0,0,0,0,0,0,0
Region 21,Region 13,1,0.006,1,0.011,0,0,0,0,0,0,0,0,1,0.002,2,0.003,1,0.001,1,0.001,2,0.003,0,0,0,0,1,0.002,2,0.003,2,0.003,0,0,1,0.001,0,0,0,0,1,0.002,0,0,2,0.008,0,0
Region 21,Region 14,0,0,0,0,0,0,0,0,0,0,0,0,0,0,1,0.001,0,0,0,0,0,0,0,0,0,0,0,0,0,0,0,0,0,0,0,0,0,0,0,0,0,0,0,0,0,0,0,0
Region 21,Region 15,0,0,1,0.011,0,0,1,0.014,1,0.009,1,0.004,2,0.004,2,0.003,0,0,1,0.001,1,0.002,1,0.002,3,0.005,2,0.003,2,0.003,1,0.001,3,0.004,1,0.001,1,0.001,3,0.006,0,0,0,0,1,0.004,0,0
Region 21,Region 16,0,0,0,0,0,0,0,0,0,0,0,0,1,0.002,0,0,0,0,0,0,0,0,0,0,0,0,0,0,0,0,0,0,0,0,0,0,1,0.001,0,0,0,0,0,0,0,0,0,0
Region 21,Region 17,0,0,0,0,0,0,0,0,0,0,0,0,0,0,0,0,0,0,0,0,0,0,0,0,0,0,0,0,0,0,2,0.003,0,0,1,0.001,0,0,0,0,0,0,0,0,0,0,0,0
Region 21,Region 18,0,0,0,0,0,0,0,0,0,0,0,0,0,0,1,0.001,0,0,0,0,0,0,0,0,0,0,0,0,0,0,0,0,0,0,0,0,0,0,0,0,0,0,0,0,0,0,0,0
Region 21,Region 19,0,0,0,0,0,0,0,0,0,0,0,0,0,0,0,0,1,0.001,0,0,0,0,0,0,0,0,0,0,0,0,0,0,1,0.001,0,0,0,0,0,0,0,0,0,0,0,0,0,0
Region 21,Region 20,0,0,0,0,0,0,0,0,0,0,0,0,0,0,0,0,2,0.002,0,0,0,0,0,0,0,0,0,0,0,0,0,0,0,0,0,0,0,0,0,0,0,0,0,0,0,0,0,0
Region 21,Region 21,1,0.006,0,0,0,0,0,0,1,0.009,2,0.008,0,0,8,0.01,1,0.001,1,0.001,0,0,3,0.005,2,0.003,5,0.008,3,0.005,2,0.003,4,0.006,3,0.004,4,0.005,5,0.009,3,0.007,2,0.005,1,0.004,0,0
Region 21,Region 22,0,0,0,0,0,0,1,0.014,0,0,0,0,0,0,0,0,0,0,0,0,0,0,0,0,0,0,0,0,0,0,0,0,0,0,0,0,0,0,0,0,0,0,0,0,0,0,0,0
Region 21,Region 23,0,0,0,0,0,0,0,0,0,0,0,0,0,0,1,0.001,0,0,1,0.001,0,0,0,0,0,0,0,0,1,0.002,0,0,0,0,0,0,0,0,0,0,0,0,1,0.003,0,0,0,0
Region 21,Region 24,0,0,0,0,0,0,0,0,0,0,0,0,0,0,1,0.001,0,0,0,0,0,0,0,0,0,0,0,0,0,0,1,0.001,0,0,1,0.001,1,0.001,1,0.002,0,0,0,0,0,0,0,0
Region 21,Region 25,0,0,0,0,0,0,0,0,0,0,0,0,0,0,0,0,0,0,0,0,0,0,0,0,0,0,0,0,0,0,0,0,0,0,0,0,0,0,0,0,0,0,0,0,0,0,0,0
Region 21,Region 26,0,0,0,0,0,0,0,0,0,0,0,0,0,0,0,0,0,0,0,0,0,0,0,0,0,0,0,0,0,0,0,0,0,0,0,0,0,0,0,0,0,0,0,0,0,0,0,0
Region 21,Region 27,0,0,0,0,0,0,0,0,0,0,0,0,0,0,0,0,0,0,0,0,0,0,0,0,0,0,0,0,0,0,0,0,0,0,1,0.001,0,0,0,0,0,0,0,0,0,0,0,0
Region 21,Region 28,0,0,0,0,0,0,0,0,0,0,1,0.004,0,0,0,0,0,0,0,0,0,0,0,0,0,0,1,0.002,0,0,0,0,0,0,0,0,0,0,0,0,0,0,0,0,0,0,0,0
Region 21,Region 29,0,0,0,0,0,0,0,0,0,0,0,0,0,0,1,0.001,2,0.002,1,0.001,3,0.005,0,0,0,0,1,0.002,1,0.002,1,0.001,0,0,2,0.003,1,0.001,1,0.002,0,0,1,0.003,1,0.004,0,0
Region 21,Region 30,0,0,0,0,0,0,0,0,0,0,0,0,0,0,0,0,1,0.001,0,0,0,0,0,0,0,0,0,0,1,0.002,0,0,0,0,1,0.001,1,0.001,0,0,0,0,0,0,0,0,0,0
Region 21,Region 31,0,0,0,0,0,0,0,0,0,0,0,0,0,0,1,0.001,1,0.001,1,0.001,0,0,0,0,0,0,0,0,2,0.003,0,0,0,0,0,0,0,0,0,0,0,0,0,0,0,0,0,0
Region 21,Region 32,0,0,0,0,0,0,0,0,0,0,0,0,0,0,0,0,0,0,0,0,0,0,1,0.002,0,0,0,0,0,0,0,0,0,0,0,0,0,0,0,0,0,0,0,0,0,0,0,0
Region 21,Region 33,0,0,0,0,0,0,0,0,0,0,0,0,0,0,0,0,0,0,0,0,2,0.003,0,0,0,0,0,0,1,0.002,0,0,0,0,0,0,0,0,0,0,0,0,0,0,0,0,0,0
Region 21,Region 34,0,0,0,0,0,0,0,0,0,0,1,0.004,1,0.002,1,0.001,1,0.001,0,0,0,0,0,0,0,0,0,0,0,0,1,0.001,0,0,0,0,2,0.003,0,0,0,0,2,0.005,0,0,0,0
Region 21,Region 35,0,0,0,0,0,0,0,0,0,0,0,0,0,0,2,0.003,1,0.001,0,0,0,0,0,0,0,0,0,0,0,0,1,0.001,0,0,0,0,1,0.001,0,0,0,0,0,0,0,0,0,0
Region 21,Region 36,0,0,0,0,0,0,0,0,0,0,0,0,0,0,0,0,0,0,0,0,0,0,0,0,0,0,0,0,1,0.002,0,0,0,0,0,0,0,0,0,0,0,0,0,0,0,0,0,0
Region 21,Region 37,0,0,0,0,0,0,0,0,0,0,0,0,0,0,1,0.001,0,0,0,0,0,0,0,0,0,0,0,0,0,0,0,0,1,0.001,0,0,0,0,0,0,0,0,0,0,0,0,0,0
Region 21,Region 38,1,0.006,0,0,0,0,0,0,1,0.009,0,0,0,0,0,0,1,0.001,0,0,0,0,0,0,0,0,0,0,0,0,0,0,0,0,1,0.001,0,0,0,0,0,0,0,0,1,0.004,0,0
Region 21,Region 39,0,0,0,0,0,0,0,0,0,0,0,0,0,0,1,0.001,1,0.001,0,0,0,0,0,0,0,0,1,0.002,2,0.003,3,0.004,0,0,1,0.001,2,0.003,0,0,1,0.002,0,0,0,0,0,0
Region 21,Region 40,0,0,0,0,0,0,0,0,0,0,0,0,2,0.004,0,0,1,0.001,0,0,0,0,1,0.002,0,0,0,0,0,0,1,0.001,3,0.004,1,0.001,2,0.003,0,0,2,0.005,1,0.003,0,0,0,0
Region 21,Region 41,0,0,0,0,0,0,0,0,0,0,1,0.004,0,0,3,0.004,0,0,0,0,0,0,2,0.003,0,0,2,0.003,0,0,0,0,1,0.001,0,0,0,0,1,0.002,1,0.002,1,0.003,1,0.004,0,0
Region 21,Region 42,0,0,0,0,0,0,0,0,0,0,0,0,0,0,0,0,0,0,0,0,0,0,0,0,0,0,0,0,0,0,0,0,0,0,0,0,0,0,0,0,0,0,0,0,0,0,0,0
Region 21,Region 43,2,0.012,0,0,0,0,0,0,0,0,0,0,0,0,1,0.001,0,0,5,0.007,2,0.003,2,0.003,2,0.003,3,0.005,4,0.006,5,0.007,4,0.006,8,0.01,5,0.007,3,0.006,3,0.007,2,0.005,3,0.011,0,0
Region 21,Region 44,0,0,0,0,0,0,0,0,0,0,0,0,0,0,1,0.001,2,0.002,0,0,0,0,0,0,1,0.002,0,0,0,0,1,0.001,0,0,0,0,0,0,0,0,0,0,0,0,1,0.004,0,0
Region 21,Region 45,0,0,0,0,0,0,0,0,0,0,0,0,0,0,0,0,0,0,0,0,1,0.002,0,0,1,0.002,0,0,0,0,1,0.001,2,0.003,0,0,1,0.001,0,0,2,0.005,0,0,0,0,0,0
Region 21,Region 46,1,0.006,0,0,0,0,0,0,0,0,0,0,0,0,1,0.001,0,0,1,0.001,1,0.002,0,0,2,0.003,1,0.002,1,0.002,1,0.001,1,0.001,0,0,2,0.003,1,0.002,0,0,1,0.003,0,0,0,0
Region 21,Region 47,0,0,0,0,0,0,0,0,0,0,1,0.004,0,0,0,0,0,0,0,0,0,0,0,0,0,0,0,0,2,0.003,1,0.001,0,0,1,0.001,0,0,0,0,0,0,0,0,0,0,1,0.006
Region 21,Region 48,0,0,0,0,0,0,0,0,0,0,0,0,1,0.002,1,0.001,0,0,1,0.001,0,0,0,0,0,0,1,0.002,1,0.002,0,0,0,0,0,0,0,0,0,0,0,0,0,0,0,0,0,0
Region 21,Region 49,0,0,0,0,0,0,0,0,0,0,0,0,0,0,0,0,0,0,0,0,0,0,0,0,0,0,0,0,0,0,0,0,0,0,0,0,0,0,0,0,0,0,0,0,0,0,0,0
Region 21,Region 50,0,0,0,0,0,0,0,0,0,0,0,0,0,0,0,0,0,0,0,0,0,0,0,0,0,0,0,0,0,0,0,0,0,0,0,0,0,0,0,0,0,0,0,0,0,0,0,0
Region 21,Region 51,0,0,0,0,0,0,0,0,0,0,0,0,3,0.006,0,0,1,0.001,0,0,0,0,1,0.002,1,0.002,0,0,0,0,0,0,0,0,0,0,0,0,1,0.002,0,0,1,0.003,0,0,0,0
Region 21,Region 52,0,0,0,0,0,0,0,0,0,0,0,0,0,0,0,0,0,0,0,0,0,0,0,0,0,0,0,0,0,0,0,0,0,0,0,0,0,0,0,0,0,0,0,0,0,0,0,0
Region 21,Region 53,0,0,0,0,0,0,0,0,0,0,0,0,0,0,0,0,1,0.001,0,0,0,0,0,0,0,0,0,0,0,0,0,0,1,0.001,0,0,0,0,0,0,0,0,0,0,0,0,0,0
Region 21,Region 54,0,0,0,0,0,0,0,0,0,0,0,0,0,0,0,0,0,0,0,0,0,0,0,0,0,0,1,0.002,0,0,0,0,0,0,0,0,0,0,0,0,0,0,0,0,0,0,0,0
Region 21,Region 55,0,0,0,0,0,0,0,0,0,0,0,0,0,0,0,0,1,0.001,0,0,0,0,0,0,0,0,0,0,0,0,0,0,0,0,0,0,0,0,0,0,0,0,0,0,0,0,0,0
Region 21,Region 56,0,0,0,0,0,0,0,0,0,0,0,0,0,0,0,0,0,0,0,0,0,0,0,0,0,0,0,0,0,0,0,0,0,0,0,0,1,0.001,0,0,0,0,0,0,0,0,0,0
Region 21,Region 57,0,0,0,0,0,0,0,0,0,0,0,0,0,0,0,0,0,0,0,0,0,0,0,0,0,0,0,0,0,0,0,0,0,0,0,0,0,0,0,0,0,0,0,0,0,0,0,0
Region 21,Region 58,1,0.006,0,0,0,0,0,0,0,0,0,0,0,0,1,0.001,2,0.002,0,0,1,0.002,0,0,0,0,1,0.002,1,0.002,2,0.003,2,0.003,0,0,3,0.004,0,0,1,0.002,1,0.003,0,0,0,0
Region 21,Region 59,0,0,0,0,0,0,0,0,0,0,0,0,0,0,0,0,0,0,0,0,0,0,0,0,0,0,0,0,0,0,0,0,0,0,0,0,0,0,0,0,0,0,0,0,0,0,0,0
Region 21,Region 60,0,0,0,0,0,0,0,0,0,0,0,0,0,0,0,0,0,0,0,0,0,0,0,0,0,0,0,0,0,0,0,0,0,0,0,0,0,0,0,0,0,0,0,0,0,0,0,0
Region 21,Region 61,0,0,0,0,0,0,0,0,0,0,0,0,0,0,1,0.001,0,0,0,0,0,0,0,0,0,0,0,0,0,0,0,0,0,0,1,0.001,0,0,0,0,1,0.002,0,0,0,0,0,0
Region 21,Region 62,0,0,0,0,0,0,0,0,0,0,0,0,0,0,0,0,0,0,0,0,1,0.002,0,0,0,0,0,0,1,0.002,1,0.001,1,0.001,1,0.001,0,0,2,0.004,0,0,1,0.003,0,0,0,0
Region 21,Region 63,0,0,0,0,0,0,0,0,0,0,0,0,0,0,0,0,0,0,0,0,0,0,0,0,0,0,0,0,0,0,0,0,0,0,0,0,0,0,0,0,0,0,0,0,0,0,0,0
Region 21,Region 64,0,0,0,0,0,0,0,0,0,0,0,0,0,0,1,0.001,1,0.001,0,0,0,0,0,0,0,0,1,0.002,0,0,0,0,0,0,0,0,0,0,0,0,0,0,0,0,0,0,0,0
Region 21,Region 65,0,0,0,0,0,0,0,0,0,0,0,0,0,0,1,0.001,0,0,0,0,0,0,0,0,1,0.002,0,0,0,0,0,0,0,0,0,0,2,0.003,0,0,0,0,0,0,2,0.008,0,0
Region 21,Region 66,0,0,0,0,1,0.015,0,0,0,0,0,0,0,0,0,0,1,0.001,0,0,0,0,0,0,0,0,0,0,0,0,0,0,0,0,0,0,2,0.003,0,0,0,0,0,0,0,0,0,0
Region 21,Region 67,0,0,0,0,0,0,0,0,0,0,1,0.004,0,0,0,0,0,0,1,0.001,0,0,2,0.003,0,0,0,0,0,0,0,0,0,0,2,0.003,0,0,0,0,0,0,0,0,0,0,0,0
Region 21,Region 68,0,0,0,0,0,0,0,0,0,0,0,0,0,0,0,0,0,0,0,0,0,0,0,0,0,0,0,0,0,0,0,0,0,0,0,0,0,0,0,0,0,0,0,0,0,0,0,0
Region 21,Region 69,0,0,0,0,0,0,0,0,0,0,0,0,1,0.002,0,0,0,0,0,0,0,0,0,0,0,0,0,0,0,0,0,0,0,0,0,0,0,0,0,0,0,0,0,0,0,0,0,0
Region 21,Region 70,0,0,0,0,0,0,0,0,0,0,0,0,0,0,0,0,0,0,0,0,0,0,0,0,0,0,0,0,0,0,0,0,0,0,0,0,0,0,0,0,0,0,0,0,0,0,0,0
Region 21,Region 71,0,0,0,0,0,0,0,0,0,0,0,0,0,0,0,0,0,0,0,0,0,0,0,0,0,0,0,0,0,0,0,0,0,0,0,0,0,0,0,0,0,0,0,0,0,0,0,0
Region 21,Region 72,0,0,0,0,0,0,0,0,1,0.009,3,0.012,2,0.004,3,0.004,1,0.001,1,0.001,0,0,1,0.002,0,0,0,0,0,0,1,0.001,0,0,0,0,0,0,0,0,0,0,1,0.003,1,0.004,0,0
Region 22,Region 0,0,0,0,0,0,0,0,0,0,0,0,0,0,0,0,0,0,0,0,0,0,0,0,0,0,0,0,0,1,0.002,0,0,0,0,0,0,0,0,0,0,0,0,0,0,0,0,0,0
Region 22,Region 1,0,0,0,0,0,0,0,0,1,0.009,0,0,1,0.002,0,0,1,0.001,2,0.003,1,0.002,1,0.002,0,0,2,0.003,1,0.002,0,0,1,0.001,0,0,1,0.001,2,0.004,0,0,0,0,2,0.008,0,0
Region 22,Region 2,1,0.006,0,0,0,0,0,0,1,0.009,0,0,0,0,2,0.003,1,0.001,3,0.004,0,0,1,0.002,2,0.003,0,0,0,0,1,0.001,0,0,0,0,1,0.001,2,0.004,0,0,1,0.003,0,0,0,0
Region 22,Region 3,0,0,0,0,0,0,0,0,0,0,0,0,0,0,0,0,0,0,0,0,0,0,0,0,0,0,0,0,1,0.002,0,0,0,0,0,0,0,0,0,0,0,0,0,0,0,0,0,0
Region 22,Region 4,0,0,0,0,0,0,0,0,1,0.009,0,0,0,0,1,0.001,0,0,0,0,0,0,1,0.002,0,0,0,0,0,0,0,0,0,0,0,0,0,0,0,0,0,0,0,0,0,0,0,0
Region 22,Region 5,0,0,0,0,0,0,0,0,0,0,0,0,0,0,0,0,1,0.001,0,0,0,0,0,0,0,0,0,0,0,0,1,0.001,0,0,0,0,0,0,0,0,0,0,0,0,0,0,0,0
Region 22,Region 6,6,0.036,3,0.033,2,0.03,2,0.029,0,0,9,0.035,15,0.031,20,0.025,17,0.02,13,0.018,11,0.019,14,0.024,14,0.023,14,0.023,18,0.029,11,0.016,28,0.04,18,0.023,21,0.029,22,0.041,10,0.023,12,0.033,4,0.015,10,0.055
Region 22,Region 7,2,0.012,0,0,0,0,0,0,0,0,0,0,1,0.002,2,0.003,3,0.004,0,0,1,0.002,2,0.003,2,0.003,2,0.003,1,0.002,2,0.003,2,0.003,2,0.003,2,0.003,1,0.002,0,0,2,0.005,1,0.004,1,0.006
Region 22,Region 8,0,0,0,0,0,0,0,0,0,0,0,0,0,0,0,0,0,0,0,0,0,0,0,0,0,0,0,0,0,0,0,0,0,0,0,0,0,0,0,0,0,0,0,0,0,0,0,0
Region 22,Region 9,0,0,0,0,0,0,0,0,0,0,0,0,0,0,1,0.001,0,0,0,0,0,0,0,0,0,0,0,0,0,0,0,0,0,0,0,0,0,0,0,0,0,0,0,0,1,0.004,0,0
Region 22,Region 10,0,0,0,0,1,0.015,0,0,0,0,0,0,0,0,1,0.001,0,0,0,0,1,0.002,0,0,0,0,0,0,0,0,0,0,1,0.001,1,0.001,1,0.001,0,0,1,0.002,0,0,0,0,1,0.006
Region 22,Region 11,1,0.006,0,0,0,0,0,0,0,0,0,0,0,0,0,0,0,0,0,0,0,0,0,0,0,0,0,0,0,0,0,0,0,0,0,0,0,0,0,0,0,0,0,0,0,0,0,0
Region 22,Region 12,0,0,1,0.011,0,0,0,0,0,0,0,0,0,0,1,0.001,0,0,0,0,0,0,0,0,0,0,0,0,0,0,1,0.001,0,0,0,0,1,0.001,0,0,0,0,0,0,0,0,0,0
Region 22,Region 13,1,0.006,0,0,0,0,0,0,0,0,0,0,2,0.004,1,0.001,1,0.001,2,0.003,4,0.007,1,0.002,1,0.002,0,0,3,0.005,0,0,1,0.001,1,0.001,0,0,0,0,2,0.005,0,0,0,0,0,0
Region 22,Region 14,0,0,0,0,0,0,0,0,0,0,0,0,0,0,0,0,0,0,0,0,1,0.002,0,0,0,0,0,0,0,0,0,0,0,0,0,0,0,0,0,0,0,0,0,0,0,0,0,0
Region 22,Region 15,2,0.012,1,0.011,0,0,0,0,1,0.009,4,0.016,2,0.004,6,0.008,2,0.002,2,0.003,1,0.002,2,0.003,0,0,2,0.003,1,0.002,5,0.007,2,0.003,2,0.003,2,0.003,2,0.004,2,0.005,0,0,4,0.015,0,0
Region 22,Region 16,0,0,0,0,0,0,0,0,0,0,0,0,0,0,0,0,0,0,0,0,0,0,0,0,0,0,0,0,0,0,0,0,0,0,0,0,0,0,0,0,0,0,0,0,0,0,0,0
Region 22,Region 17,0,0,0,0,0,0,0,0,0,0,0,0,0,0,1,0.001,1,0.001,0,0,0,0,0,0,0,0,0,0,0,0,1,0.001,0,0,0,0,0,0,0,0,0,0,0,0,1,0.004,0,0
Region 22,Region 18,0,0,0,0,0,0,0,0,0,0,0,0,0,0,0,0,0,0,0,0,0,0,0,0,0,0,1,0.002,1,0.002,0,0,0,0,0,0,0,0,0,0,0,0,0,0,0,0,0,0
Region 22,Region 19,0,0,0,0,0,0,0,0,0,0,0,0,0,0,0,0,0,0,0,0,0,0,0,0,1,0.002,0,0,0,0,0,0,0,0,0,0,1,0.001,0,0,0,0,0,0,1,0.004,0,0
Region 22,Region 20,0,0,0,0,0,0,0,0,0,0,0,0,0,0,1,0.001,2,0.002,0,0,0,0,0,0,1,0.002,0,0,1,0.002,0,0,1,0.001,0,0,1,0.001,0,0,0,0,0,0,0,0,0,0
Region 22,Region 21,0,0,0,0,0,0,0,0,0,0,0,0,0,0,0,0,1,0.001,0,0,0,0,0,0,0,0,0,0,0,0,0,0,0,0,0,0,0,0,0,0,0,0,0,0,0,0,0,0
Region 22,Region 22,2,0.012,1,0.011,2,0.03,3,0.043,0,0,1,0.004,2,0.004,9,0.011,7,0.008,6,0.008,3,0.005,3,0.005,5,0.008,13,0.021,7,0.011,8,0.012,9,0.013,7,0.009,5,0.007,6,0.011,7,0.016,10,0.027,8,0.03,4,0.022
Region 22,Region 23,0,0,0,0,0,0,0,0,0,0,1,0.004,0,0,0,0,4,0.005,0,0,0,0,0,0,0,0,0,0,0,0,0,0,0,0,0,0,0,0,2,0.004,0,0,0,0,0,0,0,0
Region 22,Region 24,0,0,1,0.011,0,0,0,0,0,0,1,0.004,0,0,0,0,1,0.001,0,0,0,0,3,0.005,0,0,0,0,1,0.002,0,0,0,0,0,0,0,0,1,0.002,0,0,0,0,0,0,1,0.006
Region 22,Region 25,0,0,0,0,0,0,0,0,0,0,0,0,1,0.002,0,0,0,0,2,0.003,0,0,0,0,0,0,0,0,0,0,0,0,0,0,2,0.003,0,0,0,0,0,0,0,0,1,0.004,0,0
Region 22,Region 26,0,0,0,0,0,0,0,0,0,0,0,0,0,0,0,0,0,0,1,0.001,0,0,0,0,0,0,0,0,1,0.002,2,0.003,0,0,0,0,0,0,0,0,0,0,0,0,0,0,0,0
Region 22,Region 27,1,0.006,1,0.011,1,0.015,0,0,0,0,0,0,0,0,1,0.001,2,0.002,2,0.003,1,0.002,3,0.005,1,0.002,4,0.007,6,0.01,1,0.001,6,0.009,9,0.012,4,0.005,1,0.002,1,0.002,1,0.003,2,0.008,1,0.006
Region 22,Region 28,0,0,0,0,0,0,0,0,0,0,0,0,0,0,0,0,0,0,0,0,0,0,0,0,0,0,0,0,1,0.002,0,0,0,0,0,0,0,0,1,0.002,0,0,0,0,0,0,0,0
Region 22,Region 29,0,0,0,0,0,0,0,0,0,0,0,0,2,0.004,3,0.004,2,0.002,5,0.007,7,0.012,0,0,1,0.002,4,0.007,1,0.002,0,0,1,0.001,2,0.003,1,0.001,1,0.002,3,0.007,1,0.003,0,0,1,0.006
Region 22,Region 30,0,0,0,0,0,0,0,0,0,0,0,0,0,0,0,0,0,0,0,0,0,0,0,0,0,0,0,0,0,0,0,0,0,0,0,0,0,0,0,0,0,0,0,0,0,0,0,0
Region 22,Region 31,0,0,0,0,0,0,0,0,0,0,0,0,2,0.004,0,0,0,0,1,0.001,0,0,0,0,0,0,0,0,0,0,0,0,0,0,1,0.001,2,0.003,0,0,0,0,0,0,0,0,0,0
Region 22,Region 32,0,0,0,0,0,0,0,0,0,0,0,0,0,0,0,0,0,0,0,0,0,0,0,0,0,0,1,0.002,0,0,0,0,0,0,0,0,0,0,0,0,0,0,0,0,0,0,0,0
Region 22,Region 33,0,0,0,0,0,0,0,0,0,0,0,0,0,0,4,0.005,2,0.002,1,0.001,0,0,1,0.002,0,0,0,0,0,0,0,0,1,0.001,0,0,0,0,0,0,1,0.002,0,0,0,0,0,0
Region 22,Region 34,0,0,0,0,0,0,0,0,0,0,1,0.004,1,0.002,1,0.001,0,0,0,0,4,0.007,1,0.002,1,0.002,0,0,4,0.006,1,0.001,0,0,0,0,1,0.001,0,0,0,0,0,0,1,0.004,0,0
Region 22,Region 35,0,0,0,0,0,0,0,0,0,0,0,0,0,0,1,0.001,0,0,0,0,0,0,0,0,0,0,0,0,0,0,0,0,0,0,0,0,0,0,0,0,0,0,0,0,0,0,1,0.006
Region 22,Region 36,0,0,0,0,0,0,0,0,0,0,0,0,1,0.002,2,0.003,3,0.004,0,0,2,0.003,3,0.005,1,0.002,0,0,1,0.002,7,0.01,5,0.007,5,0.006,7,0.01,3,0.006,0,0,1,0.003,0,0,1,0.006
Region 22,Region 37,0,0,0,0,0,0,0,0,0,0,0,0,1,0.002,1,0.001,0,0,0,0,0,0,0,0,0,0,0,0,0,0,0,0,1,0.001,0,0,0,0,0,0,0,0,0,0,1,0.004,0,0
Region 22,Region 38,0,0,0,0,0,0,0,0,0,0,0,0,0,0,0,0,1,0.001,0,0,0,0,0,0,0,0,0,0,0,0,1,0.001,0,0,1,0.001,0,0,0,0,0,0,0,0,2,0.008,0,0
Region 22,Region 39,1,0.006,0,0,0,0,0,0,0,0,0,0,0,0,1,0.001,1,0.001,1,0.001,0,0,0,0,0,0,0,0,2,0.003,1,0.001,2,0.003,1,0.001,0,0,1,0.002,0,0,0,0,0,0,0,0
Region 22,Region 40,0,0,0,0,2,0.03,0,0,1,0.009,1,0.004,0,0,1,0.001,0,0,2,0.003,1,0.002,0,0,1,0.002,0,0,4,0.006,3,0.004,2,0.003,1,0.001,2,0.003,2,0.004,1,0.002,1,0.003,2,0.008,2,0.011
Region 22,Region 41,0,0,0,0,0,0,0,0,0,0,0,0,1,0.002,0,0,0,0,0,0,1,0.002,2,0.003,1,0.002,0,0,1,0.002,1,0.001,0,0,0,0,1,0.001,0,0,0,0,2,0.005,1,0.004,0,0
Region 22,Region 42,0,0,0,0,0,0,0,0,0,0,1,0.004,1,0.002,1,0.001,1,0.001,0,0,0,0,0,0,0,0,0,0,0,0,0,0,0,0,0,0,0,0,0,0,0,0,0,0,0,0,0,0
Region 22,Region 43,1,0.006,0,0,0,0,0,0,0,0,0,0,0,0,1,0.001,1,0.001,1,0.001,0,0,1,0.002,1,0.002,0,0,0,0,0,0,1,0.001,0,0,0,0,0,0,1,0.002,1,0.003,0,0,0,0
Region 22,Region 44,0,0,1,0.011,0,0,0,0,0,0,0,0,1,0.002,0,0,1,0.001,0,0,0,0,1,0.002,1,0.002,0,0,0,0,0,0,0,0,0,0,0,0,1,0.002,0,0,0,0,1,0.004,0,0
Region 22,Region 45,0,0,0,0,0,0,0,0,0,0,0,0,0,0,0,0,1,0.001,0,0,0,0,1,0.002,2,0.003,1,0.002,0,0,0,0,0,0,0,0,1,0.001,1,0.002,0,0,0,0,0,0,0,0
Region 22,Region 46,0,0,0,0,0,0,0,0,0,0,3,0.012,0,0,0,0,0,0,0,0,1,0.002,0,0,0,0,0,0,2,0.003,0,0,0,0,2,0.003,0,0,1,0.002,0,0,1,0.003,1,0.004,0,0
Region 22,Region 47,0,0,0,0,0,0,0,0,0,0,0,0,1,0.002,0,0,1,0.001,0,0,0,0,0,0,2,0.003,0,0,0,0,0,0,0,0,0,0,0,0,0,0,1,0.002,0,0,0,0,0,0
Region 22,Region 48,0,0,0,0,0,0,1,0.014,0,0,0,0,1,0.002,2,0.003,2,0.002,0,0,1,0.002,1,0.002,0,0,1,0.002,2,0.003,1,0.001,3,0.004,0,0,1,0.001,1,0.002,2,0.005,0,0,1,0.004,1,0.006
Region 22,Region 49,5,0.03,3,0.033,0,0,0,0,2,0.017,1,0.004,1,0.002,2,0.003,8,0.009,2,0.003,1,0.002,4,0.007,10,0.016,3,0.005,2,0.003,6,0.009,3,0.004,5,0.006,6,0.008,3,0.006,3,0.007,0,0,1,0.004,0,0
Region 22,Region 50,0,0,0,0,0,0,0,0,0,0,0,0,1,0.002,2,0.003,0,0,2,0.003,0,0,0,0,0,0,0,0,0,0,0,0,0,0,1,0.001,0,0,2,0.004,1,0.002,0,0,0,0,1,0.006
Region 22,Region 51,0,0,0,0,0,0,0,0,0,0,0,0,0,0,5,0.006,0,0,1,0.001,1,0.002,0,0,0,0,0,0,0,0,0,0,0,0,0,0,0,0,0,0,1,0.002,0,0,0,0,0,0
Region 22,Region 52,0,0,0,0,0,0,0,0,0,0,0,0,0,0,0,0,0,0,0,0,0,0,0,0,0,0,0,0,0,0,0,0,0,0,0,0,0,0,0,0,0,0,0,0,0,0,0,0
Region 22,Region 53,0,0,0,0,0,0,0,0,0,0,0,0,0,0,0,0,0,0,0,0,0,0,0,0,0,0,0,0,0,0,0,0,0,0,1,0.001,0,0,0,0,0,0,0,0,0,0,0,0
Region 22,Region 54,0,0,0,0,0,0,0,0,0,0,0,0,2,0.004,0,0,2,0.002,2,0.003,0,0,1,0.002,2,0.003,2,0.003,1,0.002,1,0.001,0,0,2,0.003,1,0.001,2,0.004,0,0,2,0.005,0,0,0,0
Region 22,Region 55,0,0,0,0,0,0,0,0,0,0,0,0,0,0,0,0,0,0,1,0.001,0,0,1,0.002,1,0.002,0,0,0,0,0,0,0,0,0,0,1,0.001,0,0,0,0,0,0,0,0,0,0
Region 22,Region 56,0,0,0,0,1,0.015,0,0,0,0,0,0,1,0.002,0,0,0,0,0,0,0,0,0,0,0,0,0,0,0,0,0,0,0,0,0,0,1,0.001,0,0,0,0,0,0,0,0,0,0
Region 22,Region 57,0,0,0,0,0,0,0,0,0,0,0,0,0,0,0,0,0,0,0,0,1,0.002,0,0,0,0,1,0.002,0,0,0,0,1,0.001,0,0,1,0.001,0,0,0,0,0,0,1,0.004,0,0
Region 22,Region 58,1,0.006,3,0.033,1,0.015,0,0,1,0.009,0,0,6,0.012,5,0.006,3,0.004,2,0.003,3,0.005,3,0.005,2,0.003,1,0.002,4,0.006,3,0.004,2,0.003,2,0.003,2,0.003,0,0,2,0.005,0,0,0,0,1,0.006
Region 22,Region 59,0,0,0,0,0,0,0,0,0,0,0,0,0,0,1,0.001,4,0.005,1,0.001,2,0.003,0,0,1,0.002,1,0.002,2,0.003,2,0.003,1,0.001,3,0.004,0,0,3,0.006,2,0.005,0,0,1,0.004,0,0
Region 22,Region 60,1,0.006,1,0.011,0,0,0,0,0,0,0,0,1,0.002,0,0,1,0.001,0,0,1,0.002,0,0,0,0,0,0,0,0,0,0,1,0.001,1,0.001,0,0,0,0,0,0,0,0,0,0,0,0
Region 22,Region 61,0,0,0,0,0,0,2,0.029,0,0,3,0.012,2,0.004,4,0.005,2,0.002,1,0.001,2,0.003,1,0.002,6,0.01,6,0.01,3,0.005,5,0.007,5,0.007,8,0.01,5,0.007,1,0.002,3,0.007,3,0.008,4,0.015,1,0.006
Region 22,Region 62,0,0,0,0,0,0,0,0,0,0,0,0,0,0,0,0,0,0,0,0,0,0,0,0,1,0.002,0,0,0,0,0,0,0,0,0,0,0,0,0,0,0,0,0,0,1,0.004,0,0
Region 22,Region 63,0,0,0,0,0,0,0,0,0,0,0,0,0,0,0,0,0,0,0,0,0,0,0,0,0,0,0,0,0,0,0,0,1,0.001,0,0,0,0,0,0,0,0,0,0,0,0,0,0
Region 22,Region 64,0,0,0,0,0,0,0,0,0,0,0,0,2,0.004,2,0.003,0,0,0,0,0,0,0,0,0,0,0,0,0,0,3,0.004,0,0,1,0.001,0,0,0,0,2,0.005,0,0,0,0,0,0
Region 22,Region 65,0,0,0,0,0,0,0,0,0,0,0,0,1,0.002,0,0,1,0.001,0,0,1,0.002,0,0,0,0,1,0.002,1,0.002,2,0.003,2,0.003,2,0.003,1,0.001,1,0.002,1,0.002,2,0.005,1,0.004,0,0
Region 22,Region 66,2,0.012,0,0,2,0.03,0,0,0,0,2,0.008,1,0.002,0,0,1,0.001,1,0.001,2,0.003,2,0.003,2,0.003,2,0.003,2,0.003,1,0.001,2,0.003,1,0.001,0,0,0,0,3,0.007,1,0.003,1,0.004,1,0.006
Region 22,Region 67,0,0,0,0,0,0,1,0.014,0,0,0,0,0,0,0,0,0,0,1,0.001,1,0.002,1,0.002,0,0,0,0,0,0,0,0,0,0,0,0,0,0,0,0,0,0,0,0,0,0,0,0
Region 22,Region 68,0,0,0,0,0,0,0,0,0,0,0,0,1,0.002,0,0,0,0,0,0,0,0,1,0.002,0,0,1,0.002,0,0,0,0,0,0,0,0,0,0,0,0,0,0,0,0,0,0,0,0
Region 22,Region 69,0,0,0,0,0,0,0,0,0,0,0,0,0,0,1,0.001,0,0,0,0,1,0.002,0,0,0,0,0,0,0,0,0,0,0,0,0,0,0,0,0,0,0,0,0,0,0,0,0,0
Region 22,Region 70,0,0,0,0,0,0,0,0,0,0,0,0,0,0,0,0,0,0,0,0,0,0,0,0,0,0,0,0,0,0,0,0,0,0,0,0,0,0,0,0,0,0,0,0,0,0,0,0
Region 22,Region 71,0,0,0,0,0,0,0,0,0,0,1,0.004,2,0.004,1,0.001,0,0,2,0.003,1,0.002,1,0.002,0,0,0,0,0,0,2,0.003,0,0,0,0,0,0,0,0,0,0,0,0,0,0,0,0
Region 22,Region 72,1,0.006,0,0,0,0,0,0,0,0,1,0.004,2,0.004,3,0.004,5,0.006,2,0.003,2,0.003,1,0.002,0,0,0,0,1,0.002,1,0.001,1,0.001,1,0.001,0,0,1,0.002,0,0,0,0,0,0,0,0
Region 23,Region 0,0,0,1,0.011,0,0,0,0,0,0,0,0,0,0,0,0,0,0,0,0,0,0,2,0.003,0,0,0,0,0,0,0,0,0,0,0,0,2,0.003,1,0.002,0,0,0,0,0,0,0,0
Region 23,Region 1,4,0.024,3,0.033,0,0,0,0,1,0.009,5,0.019,4,0.008,16,0.02,15,0.018,26,0.037,25,0.043,16,0.027,5,0.008,4,0.007,12,0.019,13,0.019,2,0.003,10,0.013,16,0.022,2,0.004,10,0.023,2,0.005,6,0.023,5,0.028
Region 23,Region 2,0,0,0,0,1,0.015,0,0,0,0,0,0,0,0,3,0.004,4,0.005,0,0,1,0.002,3,0.005,1,0.002,0,0,0,0,1,0.001,0,0,1,0.001,3,0.004,1,0.002,1,0.002,4,0.011,1,0.004,1,0.006
Region 23,Region 3,0,0,1,0.011,0,0,0,0,1,0.009,1,0.004,1,0.002,1,0.001,1,0.001,0,0,0,0,1,0.002,6,0.01,0,0,2,0.003,1,0.001,5,0.007,1,0.001,1,0.001,3,0.006,3,0.007,4,0.011,2,0.008,5,0.028
Region 23,Region 4,2,0.012,3,0.033,2,0.03,0,0,0,0,5,0.019,5,0.01,6,0.008,5,0.006,3,0.004,9,0.015,4,0.007,6,0.01,7,0.011,4,0.006,9,0.013,13,0.019,13,0.017,7,0.01,2,0.004,4,0.009,7,0.019,8,0.03,1,0.006
Region 23,Region 5,0,0,0,0,0,0,0,0,0,0,0,0,0,0,1,0.001,1,0.001,0,0,2,0.003,1,0.002,2,0.003,0,0,1,0.002,1,0.001,1,0.001,3,0.004,2,0.003,0,0,1,0.002,1,0.003,1,0.004,0,0
Region 23,Region 6,2,0.012,0,0,1,0.015,1,0.014,0,0,0,0,1,0.002,2,0.003,5,0.006,4,0.006,1,0.002,2,0.003,5,0.008,8,0.013,11,0.018,9,0.013,5,0.007,6,0.008,4,0.005,10,0.018,7,0.016,8,0.022,3,0.011,1,0.006
Region 23,Region 7,0,0,0,0,0,0,0,0,2,0.017,0,0,1,0.002,1,0.001,3,0.004,0,0,0,0,0,0,0,0,3,0.005,2,0.003,2,0.003,0,0,1,0.001,2,0.003,0,0,0,0,0,0,0,0,2,0.011
Region 23,Region 8,0,0,0,0,0,0,0,0,0,0,0,0,0,0,2,0.003,1,0.001,0,0,0,0,0,0,0,0,0,0,0,0,0,0,0,0,0,0,0,0,0,0,0,0,0,0,0,0,0,0
Region 23,Region 9,1,0.006,1,0.011,3,0.045,0,0,0,0,1,0.004,3,0.006,4,0.005,2,0.002,3,0.004,6,0.01,5,0.009,4,0.007,7,0.011,4,0.006,0,0,6,0.009,7,0.009,2,0.003,4,0.007,3,0.007,5,0.014,1,0.004,0,0
Region 23,Region 10,1,0.006,0,0,2,0.03,1,0.014,0,0,1,0.004,7,0.014,7,0.009,12,0.014,14,0.02,7,0.012,6,0.01,7,0.011,5,0.008,3,0.005,7,0.01,2,0.003,3,0.004,4,0.005,7,0.013,5,0.012,3,0.008,3,0.011,3,0.017
Region 23,Region 11,0,0,1,0.011,1,0.015,3,0.043,0,0,1,0.004,2,0.004,3,0.004,2,0.002,1,0.001,3,0.005,2,0.003,3,0.005,1,0.002,1,0.002,0,0,4,0.006,5,0.006,6,0.008,3,0.006,1,0.002,5,0.014,6,0.023,2,0.011
Region 23,Region 12,4,0.024,0,0,0,0,1,0.014,0,0,2,0.008,5,0.01,8,0.01,9,0.011,8,0.011,10,0.017,11,0.019,12,0.02,11,0.018,10,0.016,9,0.013,17,0.024,17,0.022,18,0.024,13,0.024,13,0.03,7,0.019,9,0.034,9,0.05
Region 23,Region 13,11,0.066,5,0.055,4,0.06,6,0.086,2,0.017,10,0.039,23,0.047,86,0.109,142,0.166,134,0.19,80,0.137,58,0.099,74,0.12,66,0.107,68,0.109,53,0.077,73,0.105,86,0.111,69,0.094,38,0.07,23,0.053,26,0.071,13,0.049,18,0.1
Region 23,Region 14,0,0,0,0,0,0,0,0,0,0,0,0,0,0,1,0.001,1,0.001,0,0,2,0.003,11,0.019,0,0,1,0.002,0,0,1,0.001,1,0.001,0,0,1,0.001,0,0,0,0,0,0,0,0,0,0
Region 23,Region 15,3,0.018,1,0.011,0,0,0,0,0,0,4,0.016,5,0.01,3,0.004,3,0.004,7,0.01,2,0.003,4,0.007,9,0.015,7,0.011,4,0.006,5,0.007,9,0.013,5,0.006,1,0.001,6,0.011,6,0.014,2,0.005,2,0.008,4,0.022
Region 23,Region 16,0,0,0,0,0,0,0,0,0,0,0,0,1,0.002,0,0,0,0,0,0,0,0,0,0,0,0,0,0,0,0,0,0,0,0,0,0,1,0.001,0,0,0,0,0,0,0,0,0,0
Region 23,Region 17,0,0,0,0,0,0,0,0,0,0,1,0.004,1,0.002,1,0.001,4,0.005,1,0.001,8,0.014,6,0.01,3,0.005,5,0.008,7,0.011,8,0.012,6,0.009,4,0.005,7,0.01,5,0.009,8,0.018,2,0.005,3,0.011,1,0.006
Region 23,Region 18,1,0.006,0,0,0,0,0,0,0,0,0,0,0,0,2,0.003,1,0.001,1,0.001,0,0,1,0.002,0,0,1,0.002,3,0.005,2,0.003,1,0.001,1,0.001,2,0.003,3,0.006,0,0,1,0.003,0,0,1,0.006
Region 23,Region 19,0,0,1,0.011,2,0.03,0,0,1,0.009,2,0.008,0,0,3,0.004,1,0.001,1,0.001,1,0.002,0,0,1,0.002,0,0,0,0,1,0.001,3,0.004,3,0.004,1,0.001,1,0.002,0,0,4,0.011,1,0.004,0,0
Region 23,Region 20,2,0.012,0,0,0,0,0,0,0,0,2,0.008,3,0.006,11,0.014,4,0.005,24,0.034,16,0.027,6,0.01,5,0.008,10,0.016,4,0.006,7,0.01,4,0.006,3,0.004,6,0.008,1,0.002,4,0.009,3,0.008,2,0.008,2,0.011
Region 23,Region 21,0,0,1,0.011,0,0,0,0,0,0,0,0,0,0,1,0.001,0,0,0,0,0,0,0,0,0,0,0,0,0,0,0,0,1,0.001,0,0,0,0,0,0,0,0,0,0,0,0,0,0
Region 23,Region 22,0,0,0,0,0,0,0,0,0,0,0,0,0,0,0,0,0,0,0,0,0,0,1,0.002,0,0,0,0,0,0,0,0,0,0,0,0,0,0,1,0.002,0,0,0,0,1,0.004,0,0
Region 23,Region 23,19,0.114,10,0.11,6,0.09,5,0.071,2,0.017,9,0.035,17,0.035,62,0.079,112,0.131,100,0.142,83,0.142,77,0.132,77,0.125,63,0.103,53,0.085,69,0.101,83,0.119,89,0.114,72,0.098,58,0.107,44,0.101,58,0.159,37,0.14,22,0.122
Region 23,Region 24,2,0.012,0,0,0,0,1,0.014,2,0.017,4,0.016,5,0.01,14,0.018,11,0.013,12,0.017,18,0.031,10,0.017,5,0.008,7,0.011,10,0.016,5,0.007,15,0.022,13,0.017,12,0.016,11,0.02,6,0.014,5,0.014,4,0.015,6,0.033
Region 23,Region 25,2,0.012,0,0,0,0,0,0,1,0.009,3,0.012,3,0.006,2,0.003,9,0.011,8,0.011,3,0.005,2,0.003,4,0.007,3,0.005,0,0,7,0.01,3,0.004,3,0.004,3,0.004,1,0.002,3,0.007,1,0.003,1,0.004,0,0
Region 23,Region 26,1,0.006,0,0,1,0.015,1,0.014,1,0.009,0,0,0,0,4,0.005,2,0.002,0,0,1,0.002,2,0.003,0,0,0,0,1,0.002,1,0.001,0,0,0,0,0,0,0,0,1,0.002,0,0,0,0,0,0
Region 23,Region 27,0,0,0,0,0,0,0,0,0,0,0,0,0,0,3,0.004,2,0.002,1,0.001,0,0,0,0,0,0,0,0,1,0.002,1,0.001,2,0.003,0,0,0,0,2,0.004,0,0,0,0,0,0,0,0
Region 23,Region 28,2,0.012,0,0,0,0,0,0,1,0.009,2,0.008,2,0.004,10,0.013,4,0.005,1,0.001,12,0.021,2,0.003,5,0.008,1,0.002,1,0.002,4,0.006,9,0.013,4,0.005,3,0.004,2,0.004,4,0.009,2,0.005,1,0.004,0,0
Region 23,Region 29,8,0.048,6,0.066,3,0.045,2,0.029,3,0.026,3,0.012,8,0.016,35,0.044,48,0.056,52,0.074,47,0.081,19,0.033,45,0.073,51,0.083,31,0.05,25,0.036,35,0.05,28,0.036,26,0.035,25,0.046,19,0.044,16,0.044,7,0.027,7,0.039
Region 23,Region 30,0,0,0,0,0,0,0,0,0,0,0,0,6,0.012,8,0.01,20,0.023,15,0.021,14,0.024,3,0.005,2,0.003,3,0.005,7,0.011,4,0.006,2,0.003,8,0.01,13,0.018,13,0.024,0,0,2,0.005,3,0.011,2,0.011
Region 23,Region 31,2,0.012,0,0,0,0,0,0,0,0,2,0.008,5,0.01,8,0.01,15,0.018,15,0.021,16,0.027,8,0.014,5,0.008,14,0.023,6,0.01,7,0.01,10,0.014,5,0.006,10,0.014,7,0.013,7,0.016,4,0.011,1,0.004,0,0
Region 23,Region 32,0,0,0,0,0,0,0,0,0,0,0,0,0,0,0,0,0,0,1,0.001,1,0.002,0,0,0,0,0,0,0,0,0,0,0,0,1,0.001,1,0.001,0,0,0,0,1,0.003,0,0,1,0.006
Region 23,Region 33,9,0.054,5,0.055,6,0.09,5,0.071,0,0,10,0.039,21,0.043,34,0.043,57,0.067,64,0.091,51,0.087,28,0.048,19,0.031,24,0.039,23,0.037,36,0.052,17,0.024,17,0.022,19,0.026,11,0.02,20,0.046,18,0.049,10,0.038,12,0.066
Region 23,Region 34,8,0.048,3,0.033,4,0.06,3,0.043,3,0.026,9,0.035,17,0.035,37,0.047,50,0.058,50,0.071,45,0.077,23,0.039,16,0.026,13,0.021,15,0.024,13,0.019,21,0.03,20,0.026,24,0.033,12,0.022,16,0.037,10,0.027,10,0.038,9,0.05
Region 23,Region 35,3,0.018,1,0.011,1,0.015,0,0,1,0.009,1,0.004,1,0.002,1,0.001,6,0.007,8,0.011,6,0.01,3,0.005,1,0.002,3,0.005,3,0.005,4,0.006,4,0.006,6,0.008,6,0.008,4,0.007,0,0,1,0.003,1,0.004,1,0.006
Region 23,Region 36,1,0.006,0,0,0,0,0,0,0,0,0,0,0,0,1,0.001,1,0.001,1,0.001,1,0.002,1,0.002,0,0,0,0,0,0,0,0,0,0,1,0.001,0,0,0,0,1,0.002,0,0,0,0,1,0.006
Region 23,Region 37,2,0.012,2,0.022,1,0.015,0,0,1,0.009,2,0.008,4,0.008,16,0.02,19,0.022,10,0.014,8,0.014,14,0.024,11,0.018,7,0.011,11,0.018,14,0.02,17,0.024,22,0.028,27,0.037,18,0.033,10,0.023,12,0.033,2,0.008,10,0.055
Region 23,Region 38,2,0.012,1,0.011,0,0,1,0.014,1,0.009,0,0,2,0.004,5,0.006,6,0.007,17,0.024,7,0.012,15,0.026,14,0.023,17,0.028,10,0.016,8,0.012,14,0.02,12,0.015,13,0.018,8,0.015,10,0.023,10,0.027,7,0.027,3,0.017
Region 23,Region 39,1,0.006,0,0,0,0,0,0,0,0,1,0.004,0,0,0,0,0,0,2,0.003,0,0,1,0.002,0,0,1,0.002,0,0,1,0.001,0,0,0,0,0,0,1,0.002,2,0.005,1,0.003,0,0,0,0
Region 23,Region 40,6,0.036,2,0.022,2,0.03,2,0.029,6,0.051,3,0.012,8,0.016,15,0.019,13,0.015,18,0.025,11,0.019,15,0.026,16,0.026,18,0.029,22,0.035,38,0.055,42,0.06,30,0.039,25,0.034,29,0.053,15,0.035,21,0.057,16,0.061,9,0.05
Region 23,Region 41,33,0.198,19,0.209,20,0.299,8,0.114,16,0.136,27,0.105,36,0.074,60,0.076,54,0.063,47,0.067,44,0.075,75,0.129,62,0.101,79,0.129,85,0.137,93,0.136,103,0.148,87,0.112,75,0.102,89,0.164,66,0.152,89,0.244,57,0.216,28,0.155
Region 23,Region 42,1,0.006,0,0,0,0,0,0,0,0,1,0.004,0,0,0,0,1,0.001,1,0.001,0,0,2,0.003,0,0,4,0.007,0,0,0,0,1,0.001,2,0.003,2,0.003,0,0,0,0,1,0.003,0,0,1,0.006
Region 23,Region 43,1,0.006,1,0.011,0,0,0,0,0,0,0,0,2,0.004,3,0.004,3,0.004,5,0.007,2,0.003,4,0.007,6,0.01,3,0.005,1,0.002,5,0.007,6,0.009,7,0.009,6,0.008,5,0.009,5,0.012,4,0.011,1,0.004,2,0.011
Region 23,Region 44,1,0.006,0,0,0,0,1,0.014,0,0,1,0.004,0,0,4,0.005,6,0.007,7,0.01,6,0.01,3,0.005,2,0.003,6,0.01,5,0.008,6,0.009,8,0.012,8,0.01,4,0.005,2,0.004,1,0.002,2,0.005,3,0.011,0,0
Region 23,Region 45,6,0.036,0,0,1,0.015,0,0,2,0.017,3,0.012,7,0.014,9,0.011,17,0.02,12,0.017,9,0.015,7,0.012,3,0.005,7,0.011,9,0.014,15,0.022,7,0.01,12,0.015,17,0.023,15,0.028,7,0.016,11,0.03,3,0.011,4,0.022
Region 23,Region 46,36,0.216,8,0.088,5,0.075,18,0.257,17,0.145,46,0.178,75,0.153,102,0.129,77,0.09,65,0.092,83,0.142,67,0.115,80,0.13,105,0.171,94,0.151,98,0.143,119,0.171,112,0.144,96,0.131,80,0.147,69,0.159,116,0.317,44,0.167,35,0.193
Region 23,Region 47,4,0.024,2,0.022,1,0.015,0,0,1,0.009,2,0.008,4,0.008,8,0.01,12,0.014,8,0.011,6,0.01,11,0.019,8,0.013,11,0.018,16,0.026,21,0.031,15,0.022,13,0.017,14,0.019,14,0.026,15,0.035,16,0.044,8,0.03,4,0.022
Region 23,Region 48,0,0,1,0.011,0,0,2,0.029,0,0,0,0,1,0.002,2,0.003,4,0.005,3,0.004,0,0,4,0.007,2,0.003,1,0.002,2,0.003,5,0.007,3,0.004,3,0.004,5,0.007,2,0.004,1,0.002,3,0.008,2,0.008,0,0
Region 23,Region 49,0,0,0,0,0,0,0,0,0,0,2,0.008,0,0,4,0.005,2,0.002,1,0.001,0,0,6,0.01,0,0,0,0,0,0,1,0.001,0,0,4,0.005,2,0.003,1,0.002,0,0,0,0,0,0,0,0
Region 23,Region 50,0,0,0,0,0,0,0,0,0,0,0,0,1,0.002,0,0,3,0.004,1,0.001,0,0,1,0.002,0,0,1,0.002,1,0.002,2,0.003,1,0.001,0,0,2,0.003,0,0,0,0,1,0.003,0,0,0,0
Region 23,Region 51,4,0.024,2,0.022,2,0.03,2,0.029,2,0.017,12,0.047,25,0.051,45,0.057,44,0.051,45,0.064,50,0.086,26,0.045,17,0.028,7,0.011,23,0.037,13,0.019,14,0.02,14,0.018,13,0.018,10,0.018,18,0.041,10,0.027,8,0.03,8,0.044
Region 23,Region 52,0,0,0,0,0,0,0,0,0,0,0,0,0,0,1,0.001,0,0,1,0.001,1,0.002,0,0,2,0.003,2,0.003,0,0,0,0,0,0,1,0.001,2,0.003,1,0.002,1,0.002,0,0,0,0,1,0.006
Region 23,Region 53,0,0,1,0.011,0,0,0,0,0,0,0,0,0,0,0,0,0,0,4,0.006,0,0,0,0,0,0,1,0.002,0,0,0,0,0,0,0,0,0,0,0,0,0,0,3,0.008,1,0.004,1,0.006
Region 23,Region 54,2,0.012,0,0,0,0,0,0,1,0.009,2,0.008,0,0,1,0.001,3,0.004,3,0.004,4,0.007,4,0.007,2,0.003,1,0.002,4,0.006,2,0.003,1,0.001,3,0.004,2,0.003,8,0.015,2,0.005,2,0.005,2,0.008,1,0.006
Region 23,Region 55,2,0.012,2,0.022,2,0.03,3,0.043,2,0.017,3,0.012,6,0.012,16,0.02,14,0.016,23,0.033,16,0.027,12,0.021,22,0.036,12,0.02,16,0.026,13,0.019,27,0.039,20,0.026,18,0.024,13,0.024,11,0.025,14,0.038,6,0.023,5,0.028
Region 23,Region 56,1,0.006,2,0.022,0,0,2,0.029,0,0,0,0,0,0,0,0,0,0,2,0.003,1,0.002,2,0.003,1,0.002,2,0.003,1,0.002,1,0.001,3,0.004,3,0.004,3,0.004,5,0.009,1,0.002,2,0.005,2,0.008,1,0.006
Region 23,Region 57,0,0,0,0,0,0,0,0,0,0,0,0,0,0,0,0,0,0,0,0,0,0,0,0,1,0.002,0,0,0,0,0,0,0,0,0,0,1,0.001,1,0.002,1,0.002,0,0,0,0,0,0
Region 23,Region 58,2,0.012,2,0.022,3,0.045,2,0.029,2,0.017,10,0.039,12,0.025,7,0.009,7,0.008,12,0.017,15,0.026,11,0.019,14,0.023,9,0.015,14,0.022,15,0.022,16,0.023,16,0.021,18,0.024,5,0.009,6,0.014,11,0.03,7,0.027,6,0.033
Region 23,Region 59,0,0,0,0,0,0,0,0,1,0.009,0,0,0,0,1,0.001,1,0.001,0,0,0,0,0,0,0,0,1,0.002,0,0,2,0.003,1,0.001,0,0,1,0.001,0,0,0,0,0,0,1,0.004,0,0
Region 23,Region 60,0,0,0,0,0,0,1,0.014,1,0.009,0,0,0,0,2,0.003,2,0.002,2,0.003,0,0,0,0,0,0,1,0.002,1,0.002,1,0.001,1,0.001,0,0,4,0.005,1,0.002,1,0.002,0,0,1,0.004,0,0
Region 23,Region 61,0,0,1,0.011,0,0,0,0,0,0,0,0,0,0,5,0.006,2,0.002,6,0.008,2,0.003,2,0.003,2,0.003,1,0.002,3,0.005,4,0.006,1,0.001,4,0.005,0,0,2,0.004,2,0.005,2,0.005,1,0.004,2,0.011
Region 23,Region 62,0,0,0,0,0,0,0,0,0,0,0,0,0,0,2,0.003,1,0.001,0,0,2,0.003,3,0.005,1,0.002,0,0,1,0.002,1,0.001,2,0.003,1,0.001,0,0,3,0.006,0,0,1,0.003,0,0,0,0
Region 23,Region 63,0,0,0,0,1,0.015,0,0,0,0,0,0,3,0.006,3,0.004,5,0.006,2,0.003,3,0.005,2,0.003,0,0,1,0.002,8,0.013,2,0.003,4,0.006,6,0.008,2,0.003,3,0.006,2,0.005,3,0.008,0,0,0,0
Region 23,Region 64,0,0,0,0,1,0.015,0,0,0,0,1,0.004,2,0.004,0,0,0,0,1,0.001,0,0,3,0.005,0,0,1,0.002,2,0.003,0,0,1,0.001,2,0.003,3,0.004,2,0.004,2,0.005,0,0,1,0.004,1,0.006
Region 23,Region 65,3,0.018,0,0,1,0.015,0,0,0,0,2,0.008,3,0.006,14,0.018,10,0.012,13,0.018,8,0.014,8,0.014,2,0.003,4,0.007,8,0.013,1,0.001,10,0.014,7,0.009,9,0.012,1,0.002,4,0.009,3,0.008,1,0.004,0,0
Region 23,Region 66,0,0,0,0,0,0,0,0,1,0.009,1,0.004,4,0.008,2,0.003,0,0,1,0.001,2,0.003,1,0.002,2,0.003,2,0.003,1,0.002,4,0.006,3,0.004,1,0.001,1,0.001,1,0.002,1,0.002,0,0,1,0.004,2,0.011
Region 23,Region 67,1,0.006,0,0,0,0,0,0,0,0,0,0,0,0,0,0,0,0,0,0,0,0,0,0,0,0,0,0,0,0,0,0,1,0.001,0,0,0,0,0,0,0,0,1,0.003,0,0,1,0.006
Region 23,Region 68,0,0,0,0,0,0,0,0,0,0,0,0,0,0,1,0.001,4,0.005,1,0.001,1,0.002,0,0,0,0,0,0,0,0,0,0,1,0.001,1,0.001,0,0,0,0,0,0,2,0.005,1,0.004,1,0.006
Region 23,Region 69,2,0.012,0,0,0,0,0,0,0,0,0,0,2,0.004,2,0.003,2,0.002,3,0.004,1,0.002,1,0.002,3,0.005,1,0.002,0,0,2,0.003,0,0,3,0.004,4,0.005,1,0.002,1,0.002,0,0,3,0.011,1,0.006
Region 23,Region 70,0,0,0,0,0,0,0,0,0,0,0,0,0,0,0,0,1,0.001,1,0.001,0,0,0,0,0,0,0,0,0,0,1,0.001,1,0.001,0,0,0,0,0,0,0,0,0,0,0,0,0,0
Region 23,Region 71,0,0,0,0,0,0,0,0,0,0,0,0,1,0.002,4,0.005,3,0.004,4,0.006,1,0.002,2,0.003,0,0,0,0,0,0,1,0.001,1,0.001,0,0,0,0,0,0,0,0,0,0,0,0,0,0
Region 23,Region 72,12,0.072,8,0.088,6,0.09,7,0.1,3,0.026,10,0.039,28,0.057,70,0.089,59,0.069,59,0.083,66,0.113,33,0.057,21,0.034,22,0.036,30,0.048,31,0.045,30,0.043,17,0.022,38,0.052,25,0.046,23,0.053,38,0.104,22,0.084,15,0.083
Region 24,Region 0,0,0,0,0,0,0,0,0,0,0,0,0,0,0,0,0,0,0,1,0.001,0,0,1,0.002,2,0.003,1,0.002,0,0,0,0,4,0.006,0,0,0,0,0,0,3,0.007,0,0,0,0,0,0
Region 24,Region 1,3,0.018,3,0.033,2,0.03,0,0,2,0.017,4,0.016,7,0.014,15,0.019,10,0.012,26,0.037,12,0.021,9,0.015,8,0.013,10,0.016,5,0.008,4,0.006,4,0.006,9,0.012,8,0.011,9,0.017,8,0.018,9,0.025,4,0.015,2,0.011
Region 24,Region 2,2,0.012,0,0,0,0,0,0,0,0,0,0,1,0.002,1,0.001,4,0.005,2,0.003,1,0.002,2,0.003,0,0,1,0.002,1,0.002,1,0.001,1,0.001,3,0.004,3,0.004,4,0.007,1,0.002,2,0.005,2,0.008,1,0.006
Region 24,Region 3,1,0.006,0,0,0,0,0,0,0,0,0,0,0,0,0,0,2,0.002,2,0.003,1,0.002,1,0.002,3,0.005,0,0,1,0.002,1,0.001,1,0.001,2,0.003,0,0,1,0.002,0,0,1,0.003,1,0.004,1,0.006
Region 24,Region 4,10,0.06,3,0.033,1,0.015,4,0.057,3,0.026,6,0.023,13,0.027,12,0.015,21,0.025,9,0.013,15,0.026,14,0.024,20,0.033,21,0.034,16,0.026,22,0.032,27,0.039,29,0.037,25,0.034,19,0.035,10,0.023,9,0.025,12,0.046,14,0.077
Region 24,Region 5,0,0,0,0,0,0,0,0,0,0,0,0,0,0,0,0,1,0.001,1,0.001,0,0,2,0.003,1,0.002,0,0,0,0,0,0,1,0.001,2,0.003,2,0.003,0,0,0,0,0,0,0,0,0,0
Region 24,Region 6,0,0,2,0.022,1,0.015,1,0.014,0,0,3,0.012,11,0.022,9,0.011,11,0.013,10,0.014,5,0.009,8,0.014,9,0.015,8,0.013,14,0.022,9,0.013,8,0.012,7,0.009,18,0.024,11,0.02,5,0.012,0,0,3,0.011,0,0
Region 24,Region 7,1,0.006,0,0,0,0,0,0,0,0,0,0,0,0,1,0.001,0,0,2,0.003,0,0,0,0,1,0.002,1,0.002,0,0,1,0.001,2,0.003,2,0.003,0,0,0,0,2,0.005,0,0,0,0,1,0.006
Region 24,Region 8,0,0,0,0,0,0,0,0,1,0.009,2,0.008,0,0,0,0,0,0,0,0,0,0,0,0,3,0.005,0,0,0,0,1,0.001,0,0,0,0,0,0,0,0,0,0,0,0,0,0,0,0
Region 24,Region 9,0,0,1,0.011,0,0,0,0,1,0.009,0,0,6,0.012,9,0.011,23,0.027,5,0.007,7,0.012,7,0.012,2,0.003,1,0.002,7,0.011,2,0.003,2,0.003,6,0.008,6,0.008,6,0.011,1,0.002,6,0.016,4,0.015,3,0.017
Region 24,Region 10,1,0.006,2,0.022,0,0,0,0,3,0.026,2,0.008,9,0.018,13,0.016,5,0.006,13,0.018,5,0.009,4,0.007,11,0.018,3,0.005,2,0.003,2,0.003,6,0.009,2,0.003,1,0.001,6,0.011,0,0,1,0.003,2,0.008,2,0.011
Region 24,Region 11,1,0.006,1,0.011,0,0,0,0,0,0,0,0,0,0,0,0,0,0,1,0.001,0,0,0,0,3,0.005,1,0.002,1,0.002,0,0,1,0.001,1,0.001,2,0.003,5,0.009,1,0.002,2,0.005,1,0.004,0,0
Region 24,Region 12,0,0,0,0,0,0,0,0,0,0,1,0.004,0,0,0,0,2,0.002,3,0.004,2,0.003,0,0,6,0.01,5,0.008,4,0.006,2,0.003,4,0.006,2,0.003,5,0.007,4,0.007,5,0.012,2,0.005,3,0.011,2,0.011
Region 24,Region 13,10,0.06,8,0.088,0,0,6,0.086,3,0.026,8,0.031,27,0.055,74,0.094,136,0.159,96,0.136,61,0.105,44,0.075,41,0.067,42,0.068,24,0.039,39,0.057,53,0.076,47,0.06,35,0.048,41,0.075,33,0.076,20,0.055,11,0.042,16,0.088
Region 24,Region 14,0,0,0,0,0,0,0,0,0,0,0,0,1,0.002,2,0.003,5,0.006,1,0.001,0,0,2,0.003,1,0.002,1,0.002,1,0.002,0,0,0,0,1,0.001,0,0,1,0.002,0,0,0,0,0,0,0,0
Region 24,Region 15,1,0.006,0,0,0,0,0,0,0,0,0,0,1,0.002,3,0.004,3,0.004,3,0.004,0,0,1,0.002,2,0.003,1,0.002,3,0.005,1,0.001,3,0.004,1,0.001,2,0.003,3,0.006,0,0,2,0.005,0,0,3,0.017
Region 24,Region 16,0,0,0,0,0,0,0,0,0,0,0,0,0,0,0,0,2,0.002,0,0,0,0,0,0,0,0,1,0.002,1,0.002,0,0,0,0,1,0.001,0,0,0,0,0,0,0,0,0,0,0,0
Region 24,Region 17,8,0.048,4,0.044,2,0.03,0,0,1,0.009,4,0.016,15,0.031,32,0.041,67,0.078,56,0.079,43,0.074,61,0.105,53,0.086,65,0.106,45,0.072,64,0.093,61,0.088,69,0.089,67,0.091,50,0.092,52,0.12,32,0.088,24,0.091,11,0.061
Region 24,Region 18,0,0,0,0,0,0,0,0,0,0,0,0,1,0.002,2,0.003,1,0.001,1,0.001,1,0.002,1,0.002,0,0,1,0.002,0,0,1,0.001,2,0.003,0,0,1,0.001,0,0,0,0,1,0.003,3,0.011,0,0
Region 24,Region 19,0,0,1,0.011,0,0,0,0,0,0,0,0,1,0.002,1,0.001,2,0.002,1,0.001,0,0,1,0.002,1,0.002,1,0.002,1,0.002,2,0.003,1,0.001,1,0.001,0,0,1,0.002,1,0.002,1,0.003,0,0,0,0
Region 24,Region 20,1,0.006,0,0,0,0,0,0,0,0,0,0,4,0.008,4,0.005,9,0.011,7,0.01,7,0.012,3,0.005,3,0.005,5,0.008,2,0.003,2,0.003,4,0.006,1,0.001,3,0.004,1,0.002,3,0.007,3,0.008,1,0.004,0,0
Region 24,Region 21,0,0,0,0,0,0,0,0,0,0,0,0,0,0,0,0,2,0.002,0,0,0,0,0,0,0,0,1,0.002,0,0,0,0,0,0,1,0.001,0,0,0,0,0,0,0,0,0,0,0,0
Region 24,Region 22,0,0,0,0,0,0,0,0,0,0,0,0,0,0,0,0,0,0,0,0,0,0,0,0,1,0.002,0,0,0,0,0,0,0,0,1,0.001,0,0,0,0,0,0,1,0.003,0,0,0,0
Region 24,Region 23,2,0.012,0,0,1,0.015,0,0,0,0,0,0,3,0.006,11,0.014,11,0.013,7,0.01,6,0.01,4,0.007,9,0.015,11,0.018,11,0.018,20,0.029,9,0.013,10,0.013,10,0.014,10,0.018,6,0.014,10,0.027,1,0.004,1,0.006
Region 24,Region 24,23,0.138,11,0.121,3,0.045,8,0.114,5,0.043,7,0.027,26,0.053,112,0.142,166,0.194,117,0.166,77,0.132,104,0.178,119,0.194,131,0.213,127,0.204,136,0.198,156,0.225,177,0.228,208,0.283,151,0.278,118,0.272,93,0.255,51,0.194,29,0.16
Region 24,Region 25,0,0,0,0,0,0,0,0,0,0,0,0,5,0.01,4,0.005,3,0.004,4,0.006,3,0.005,4,0.007,4,0.007,1,0.002,2,0.003,0,0,1,0.001,5,0.006,4,0.005,7,0.013,4,0.009,1,0.003,1,0.004,0,0
Region 24,Region 26,0,0,0,0,0,0,0,0,0,0,0,0,0,0,2,0.003,4,0.005,1,0.001,0,0,1,0.002,1,0.002,0,0,1,0.002,0,0,0,0,0,0,3,0.004,1,0.002,1,0.002,1,0.003,1,0.004,0,0
Region 24,Region 27,0,0,0,0,0,0,0,0,0,0,0,0,1,0.002,2,0.003,1,0.001,0,0,1,0.002,0,0,1,0.002,0,0,1,0.002,0,0,1,0.001,2,0.003,1,0.001,2,0.004,0,0,0,0,0,0,0,0
Region 24,Region 28,2,0.012,4,0.044,0,0,0,0,0,0,3,0.012,4,0.008,29,0.037,28,0.033,19,0.027,17,0.029,15,0.026,7,0.011,8,0.013,14,0.022,22,0.032,10,0.014,21,0.027,18,0.024,9,0.017,16,0.037,11,0.03,4,0.015,4,0.022
Region 24,Region 29,8,0.048,1,0.011,0,0,1,0.014,0,0,3,0.012,2,0.004,8,0.01,23,0.027,30,0.042,8,0.014,11,0.019,9,0.015,8,0.013,5,0.008,14,0.02,17,0.024,13,0.017,7,0.01,8,0.015,11,0.025,6,0.016,6,0.023,4,0.022
Region 24,Region 30,5,0.03,0,0,0,0,1,0.014,1,0.009,1,0.004,7,0.014,7,0.009,22,0.026,13,0.018,8,0.014,11,0.019,6,0.01,3,0.005,2,0.003,5,0.007,4,0.006,9,0.012,5,0.007,7,0.013,1,0.002,4,0.011,2,0.008,1,0.006
Region 24,Region 31,5,0.03,1,0.011,0,0,4,0.057,2,0.017,4,0.016,13,0.027,24,0.03,37,0.043,36,0.051,16,0.027,17,0.029,18,0.029,20,0.033,12,0.019,11,0.016,13,0.019,14,0.018,22,0.03,26,0.048,17,0.039,12,0.033,8,0.03,10,0.055
Region 24,Region 32,0,0,0,0,0,0,0,0,0,0,0,0,0,0,0,0,0,0,0,0,0,0,0,0,0,0,0,0,0,0,0,0,1,0.001,0,0,1,0.001,0,0,0,0,0,0,0,0,0,0
Region 24,Region 33,6,0.036,5,0.055,2,0.03,2,0.029,5,0.043,11,0.043,18,0.037,29,0.037,52,0.061,37,0.052,23,0.039,20,0.034,20,0.033,29,0.047,7,0.011,13,0.019,23,0.033,11,0.014,20,0.027,13,0.024,18,0.041,8,0.022,6,0.023,8,0.044
Region 24,Region 34,8,0.048,3,0.033,0,0,2,0.029,0,0,10,0.039,25,0.051,38,0.048,43,0.05,45,0.064,13,0.022,18,0.031,15,0.024,15,0.024,16,0.026,7,0.01,14,0.02,18,0.023,18,0.024,8,0.015,16,0.037,10,0.027,11,0.042,7,0.039
Region 24,Region 35,0,0,0,0,0,0,0,0,0,0,0,0,3,0.006,8,0.01,2,0.002,5,0.007,3,0.005,3,0.005,1,0.002,1,0.002,4,0.006,4,0.006,0,0,0,0,3,0.004,3,0.006,2,0.005,4,0.011,1,0.004,3,0.017
Region 24,Region 36,0,0,0,0,0,0,1,0.014,0,0,0,0,0,0,0,0,0,0,1,0.001,1,0.002,2,0.003,0,0,0,0,1,0.002,1,0.001,1,0.001,0,0,0,0,0,0,0,0,0,0,0,0,0,0
Region 24,Region 37,7,0.042,4,0.044,2,0.03,5,0.071,2,0.017,6,0.023,6,0.012,29,0.037,83,0.097,48,0.068,22,0.038,33,0.057,33,0.054,28,0.046,16,0.026,26,0.038,37,0.053,40,0.051,36,0.049,32,0.059,27,0.062,12,0.033,9,0.034,5,0.028
Region 24,Region 38,1,0.006,0,0,0,0,0,0,0,0,0,0,2,0.004,1,0.001,2,0.002,3,0.004,3,0.005,1,0.002,2,0.003,2,0.003,5,0.008,6,0.009,4,0.006,4,0.005,6,0.008,1,0.002,5,0.012,2,0.005,1,0.004,1,0.006
Region 24,Region 39,1,0.006,0,0,2,0.03,0,0,0,0,0,0,1,0.002,1,0.001,2,0.002,3,0.004,1,0.002,2,0.003,2,0.003,3,0.005,0,0,5,0.007,0,0,1,0.001,4,0.005,2,0.004,1,0.002,1,0.003,0,0,0,0
Region 24,Region 40,41,0.246,19,0.209,15,0.224,5,0.071,8,0.068,9,0.035,38,0.078,58,0.074,59,0.069,61,0.086,53,0.091,69,0.118,71,0.116,77,0.125,105,0.169,126,0.184,129,0.186,164,0.211,134,0.182,97,0.179,78,0.18,73,0.2,47,0.178,35,0.193
Region 24,Region 41,1,0.006,0,0,0,0,1,0.014,0,0,7,0.027,7,0.014,9,0.011,9,0.011,7,0.01,3,0.005,8,0.014,10,0.016,18,0.029,11,0.018,9,0.013,13,0.019,14,0.018,8,0.011,10,0.018,6,0.014,4,0.011,5,0.019,4,0.022
Region 24,Region 42,0,0,0,0,0,0,0,0,0,0,1,0.004,0,0,1,0.001,0,0,0,0,0,0,1,0.002,3,0.005,1,0.002,0,0,0,0,0,0,0,0,0,0,1,0.002,0,0,0,0,1,0.004,0,0
Region 24,Region 43,4,0.024,0,0,1,0.015,0,0,0,0,0,0,0,0,4,0.005,3,0.004,7,0.01,3,0.005,9,0.015,2,0.003,4,0.007,3,0.005,1,0.001,6,0.009,4,0.005,6,0.008,8,0.015,9,0.021,3,0.008,4,0.015,3,0.017
Region 24,Region 44,13,0.078,4,0.044,2,0.03,2,0.029,4,0.034,2,0.008,10,0.02,23,0.029,32,0.037,24,0.034,17,0.029,13,0.022,19,0.031,17,0.028,21,0.034,21,0.031,45,0.065,40,0.051,30,0.041,22,0.041,19,0.044,10,0.027,14,0.053,5,0.028
Region 24,Region 45,6,0.036,2,0.022,2,0.03,3,0.043,3,0.026,4,0.016,12,0.025,30,0.038,85,0.099,63,0.089,33,0.057,47,0.081,47,0.076,41,0.067,32,0.051,57,0.083,46,0.066,58,0.075,55,0.075,48,0.088,39,0.09,32,0.088,18,0.068,19,0.105
Region 24,Region 46,3,0.018,4,0.044,4,0.06,4,0.057,2,0.017,18,0.07,35,0.071,36,0.046,46,0.054,20,0.028,12,0.021,19,0.033,19,0.031,28,0.046,15,0.024,29,0.042,34,0.049,19,0.024,24,0.033,23,0.042,13,0.03,13,0.036,6,0.023,4,0.022
Region 24,Region 47,2,0.012,1,0.011,0,0,1,0.014,0,0,0,0,5,0.01,1,0.001,5,0.006,1,0.001,9,0.015,7,0.012,7,0.011,7,0.011,7,0.011,7,0.01,11,0.016,8,0.01,4,0.005,4,0.007,5,0.012,1,0.003,3,0.011,4,0.022
Region 24,Region 48,3,0.018,0,0,1,0.015,1,0.014,0,0,0,0,3,0.006,3,0.004,1,0.001,2,0.003,1,0.002,1,0.002,1,0.002,0,0,3,0.005,5,0.007,4,0.006,7,0.009,1,0.001,3,0.006,1,0.002,1,0.003,1,0.004,0,0
Region 24,Region 49,3,0.018,0,0,0,0,0,0,0,0,0,0,0,0,1,0.001,3,0.004,1,0.001,1,0.002,0,0,1,0.002,0,0,0,0,0,0,0,0,0,0,1,0.001,1,0.002,1,0.002,1,0.003,1,0.004,1,0.006
Region 24,Region 50,0,0,0,0,0,0,0,0,0,0,0,0,1,0.002,1,0.001,2,0.002,3,0.004,0,0,0,0,0,0,0,0,2,0.003,1,0.001,0,0,2,0.003,1,0.001,2,0.004,0,0,0,0,1,0.004,0,0
Region 24,Region 51,3,0.018,2,0.022,2,0.03,1,0.014,3,0.026,2,0.008,27,0.055,40,0.051,20,0.023,10,0.014,16,0.027,15,0.026,11,0.018,7,0.011,7,0.011,7,0.01,6,0.009,4,0.005,5,0.007,4,0.007,4,0.009,4,0.011,6,0.023,2,0.011
Region 24,Region 52,0,0,0,0,1,0.015,0,0,0,0,1,0.004,1,0.002,4,0.005,3,0.004,4,0.006,2,0.003,1,0.002,1,0.002,2,0.003,2,0.003,2,0.003,4,0.006,0,0,1,0.001,0,0,1,0.002,1,0.003,1,0.004,0,0
Region 24,Region 53,0,0,0,0,0,0,0,0,0,0,0,0,1,0.002,0,0,0,0,0,0,1,0.002,0,0,1,0.002,1,0.002,1,0.002,1,0.001,0,0,0,0,0,0,0,0,0,0,0,0,0,0,0,0
Region 24,Region 54,1,0.006,0,0,0,0,0,0,1,0.009,2,0.008,2,0.004,0,0,9,0.011,5,0.007,4,0.007,6,0.01,3,0.005,2,0.003,2,0.003,1,0.001,1,0.001,5,0.006,4,0.005,3,0.006,2,0.005,1,0.003,2,0.008,4,0.022
Region 24,Region 55,0,0,0,0,0,0,1,0.014,1,0.009,1,0.004,3,0.006,3,0.004,9,0.011,4,0.006,2,0.003,2,0.003,3,0.005,3,0.005,5,0.008,2,0.003,4,0.006,0,0,0,0,1,0.002,2,0.005,0,0,2,0.008,1,0.006
Region 24,Region 56,0,0,0,0,0,0,0,0,0,0,1,0.004,1,0.002,1,0.001,0,0,0,0,0,0,0,0,0,0,0,0,0,0,1,0.001,0,0,3,0.004,2,0.003,1,0.002,4,0.009,0,0,0,0,0,0
Region 24,Region 57,0,0,0,0,0,0,0,0,0,0,0,0,1,0.002,0,0,0,0,1,0.001,0,0,0,0,0,0,0,0,0,0,0,0,0,0,0,0,0,0,0,0,0,0,0,0,0,0,0,0
Region 24,Region 58,10,0.06,11,0.121,5,0.075,2,0.029,7,0.06,13,0.05,24,0.049,30,0.038,56,0.065,50,0.071,19,0.033,25,0.043,12,0.02,27,0.044,34,0.055,29,0.042,24,0.035,34,0.044,34,0.046,9,0.017,11,0.025,14,0.038,9,0.034,8,0.044
Region 24,Region 59,0,0,1,0.011,0,0,0,0,0,0,0,0,1,0.002,0,0,3,0.004,3,0.004,1,0.002,0,0,0,0,0,0,0,0,1,0.001,2,0.003,1,0.001,1,0.001,0,0,0,0,1,0.003,1,0.004,0,0
Region 24,Region 60,0,0,1,0.011,0,0,0,0,0,0,0,0,1,0.002,1,0.001,0,0,1,0.001,2,0.003,1,0.002,2,0.003,2,0.003,0,0,1,0.001,0,0,1,0.001,2,0.003,0,0,0,0,0,0,0,0,0,0
Region 24,Region 61,3,0.018,1,0.011,1,0.015,1,0.014,0,0,0,0,4,0.008,7,0.009,2,0.002,5,0.007,8,0.014,2,0.003,6,0.01,4,0.007,0,0,3,0.004,5,0.007,3,0.004,6,0.008,2,0.004,6,0.014,2,0.005,1,0.004,2,0.011
Region 24,Region 62,0,0,0,0,0,0,0,0,1,0.009,1,0.004,0,0,0,0,1,0.001,1,0.001,1,0.002,3,0.005,0,0,0,0,0,0,0,0,0,0,2,0.003,1,0.001,0,0,0,0,0,0,1,0.004,0,0
Region 24,Region 63,6,0.036,9,0.099,2,0.03,2,0.029,1,0.009,2,0.008,6,0.012,11,0.014,19,0.022,11,0.016,10,0.017,19,0.033,17,0.028,29,0.047,21,0.034,29,0.042,26,0.037,35,0.045,26,0.035,21,0.039,12,0.028,6,0.016,12,0.046,5,0.028
Region 24,Region 64,1,0.006,0,0,0,0,0,0,0,0,0,0,1,0.002,1,0.001,1,0.001,1,0.001,2,0.003,2,0.003,2,0.003,1,0.002,3,0.005,3,0.004,2,0.003,2,0.003,2,0.003,1,0.002,1,0.002,0,0,0,0,0,0
Region 24,Region 65,0,0,1,0.011,0,0,0,0,0,0,0,0,6,0.012,7,0.009,15,0.018,17,0.024,5,0.009,3,0.005,4,0.007,7,0.011,4,0.006,5,0.007,2,0.003,5,0.006,5,0.007,2,0.004,1,0.002,5,0.014,1,0.004,2,0.011
Region 24,Region 66,0,0,0,0,0,0,1,0.014,1,0.009,2,0.008,4,0.008,7,0.009,8,0.009,6,0.008,2,0.003,0,0,1,0.002,0,0,1,0.002,2,0.003,0,0,2,0.003,2,0.003,2,0.004,1,0.002,1,0.003,0,0,0,0
Region 24,Region 67,1,0.006,1,0.011,1,0.015,0,0,0,0,0,0,0,0,1,0.001,0,0,1,0.001,0,0,1,0.002,0,0,0,0,0,0,0,0,1,0.001,1,0.001,0,0,0,0,0,0,0,0,0,0,0,0
Region 24,Region 68,0,0,0,0,0,0,0,0,0,0,0,0,0,0,5,0.006,4,0.005,0,0,1,0.002,1,0.002,0,0,1,0.002,1,0.002,1,0.001,2,0.003,0,0,1,0.001,0,0,0,0,0,0,0,0,0,0
Region 24,Region 69,1,0.006,0,0,1,0.015,0,0,0,0,3,0.012,8,0.016,22,0.028,23,0.027,18,0.025,10,0.017,8,0.014,6,0.01,3,0.005,8,0.013,5,0.007,3,0.004,2,0.003,11,0.015,4,0.007,5,0.012,2,0.005,2,0.008,3,0.017
Region 24,Region 70,0,0,0,0,0,0,0,0,0,0,0,0,0,0,0,0,0,0,0,0,0,0,0,0,0,0,0,0,0,0,0,0,0,0,1,0.001,0,0,0,0,0,0,0,0,0,0,0,0
Region 24,Region 71,0,0,0,0,0,0,0,0,0,0,1,0.004,0,0,6,0.008,4,0.005,1,0.001,3,0.005,1,0.002,1,0.002,1,0.002,1,0.002,1,0.001,1,0.001,0,0,0,0,0,0,1,0.002,1,0.003,0,0,0,0
Region 24,Region 72,1,0.006,7,0.077,4,0.06,1,0.014,1,0.009,6,0.023,18,0.037,21,0.027,26,0.03,11,0.016,14,0.024,17,0.029,17,0.028,19,0.031,13,0.021,7,0.01,3,0.004,3,0.004,4,0.005,20,0.037,17,0.039,7,0.019,5,0.019,5,0.028
Region 25,Region 0,0,0,0,0,0,0,0,0,0,0,0,0,0,0,1,0.001,0,0,0,0,0,0,0,0,0,0,0,0,0,0,0,0,0,0,0,0,0,0,0,0,0,0,0,0,0,0,0,0
Region 25,Region 1,4,0.024,6,0.066,3,0.045,2,0.029,2,0.017,1,0.004,10,0.02,10,0.013,21,0.025,18,0.025,14,0.024,15,0.026,23,0.037,18,0.029,18,0.029,21,0.031,14,0.02,25,0.032,30,0.041,32,0.059,17,0.039,19,0.052,7,0.027,12,0.066
Region 25,Region 2,0,0,0,0,0,0,0,0,0,0,0,0,0,0,0,0,0,0,0,0,0,0,0,0,0,0,0,0,1,0.002,0,0,1,0.001,0,0,0,0,0,0,0,0,0,0,0,0,0,0
Region 25,Region 3,0,0,0,0,0,0,0,0,0,0,0,0,0,0,0,0,0,0,0,0,0,0,0,0,0,0,0,0,0,0,0,0,1,0.001,0,0,0,0,1,0.002,0,0,1,0.003,0,0,0,0
Region 25,Region 4,0,0,0,0,0,0,0,0,0,0,0,0,1,0.002,0,0,0,0,0,0,0,0,0,0,0,0,1,0.002,1,0.002,1,0.001,0,0,1,0.001,2,0.003,0,0,0,0,1,0.003,0,0,0,0
Region 25,Region 5,0,0,0,0,0,0,0,0,0,0,0,0,0,0,0,0,0,0,0,0,0,0,0,0,2,0.003,0,0,0,0,1,0.001,0,0,0,0,0,0,0,0,0,0,0,0,0,0,1,0.006
Region 25,Region 6,1,0.006,0,0,0,0,0,0,0,0,1,0.004,0,0,0,0,0,0,1,0.001,0,0,2,0.003,1,0.002,0,0,0,0,6,0.009,2,0.003,4,0.005,2,0.003,0,0,1,0.002,1,0.003,0,0,0,0
Region 25,Region 7,0,0,0,0,0,0,0,0,0,0,0,0,0,0,0,0,0,0,0,0,0,0,0,0,0,0,1,0.002,0,0,0,0,0,0,0,0,0,0,0,0,0,0,1,0.003,1,0.004,0,0
Region 25,Region 8,2,0.012,1,0.011,0,0,1,0.014,0,0,2,0.008,7,0.014,28,0.036,28,0.033,29,0.041,18,0.031,37,0.063,31,0.05,31,0.05,34,0.055,38,0.055,66,0.095,95,0.122,61,0.083,34,0.063,20,0.046,17,0.047,4,0.015,4,0.022
Region 25,Region 9,0,0,0,0,1,0.015,0,0,1,0.009,0,0,0,0,0,0,0,0,2,0.003,0,0,2,0.003,0,0,1,0.002,1,0.002,0,0,0,0,1,0.001,3,0.004,0,0,1,0.002,0,0,0,0,4,0.022
Region 25,Region 10,6,0.036,4,0.044,3,0.045,2,0.029,2,0.017,2,0.008,9,0.018,24,0.03,40,0.047,29,0.041,32,0.055,32,0.055,36,0.059,35,0.057,34,0.055,36,0.052,41,0.059,61,0.078,47,0.064,31,0.057,21,0.048,23,0.063,10,0.038,11,0.061
Region 25,Region 11,0,0,0,0,0,0,0,0,0,0,0,0,0,0,1,0.001,0,0,0,0,0,0,0,0,0,0,0,0,1,0.002,1,0.001,0,0,0,0,0,0,0,0,0,0,0,0,0,0,0,0
Region 25,Region 12,0,0,1,0.011,0,0,0,0,0,0,0,0,0,0,0,0,0,0,0,0,0,0,0,0,0,0,1,0.002,1,0.002,0,0,0,0,0,0,0,0,1,0.002,0,0,0,0,0,0,1,0.006
Region 25,Region 13,3,0.018,3,0.033,0,0,0,0,1,0.009,1,0.004,8,0.016,16,0.02,16,0.019,9,0.013,11,0.019,10,0.017,8,0.013,8,0.013,4,0.006,5,0.007,5,0.007,6,0.008,7,0.01,10,0.018,16,0.037,10,0.027,5,0.019,2,0.011
Region 25,Region 14,3,0.018,1,0.011,2,0.03,0,0,2,0.017,4,0.016,7,0.014,27,0.034,28,0.033,16,0.023,20,0.034,18,0.031,25,0.041,26,0.042,27,0.043,57,0.083,67,0.096,61,0.078,51,0.069,26,0.048,22,0.051,17,0.047,23,0.087,6,0.033
Region 25,Region 15,0,0,0,0,0,0,0,0,0,0,0,0,0,0,0,0,1,0.001,1,0.001,0,0,1,0.002,2,0.003,0,0,3,0.005,0,0,0,0,3,0.004,4,0.005,5,0.009,1,0.002,4,0.011,0,0,0,0
Region 25,Region 16,0,0,0,0,0,0,0,0,0,0,0,0,0,0,0,0,0,0,0,0,0,0,0,0,0,0,0,0,0,0,0,0,0,0,0,0,0,0,0,0,0,0,0,0,0,0,0,0
Region 25,Region 17,0,0,0,0,0,0,0,0,0,0,0,0,0,0,0,0,1,0.001,1,0.001,1,0.002,0,0,1,0.002,1,0.002,3,0.005,0,0,3,0.004,6,0.008,3,0.004,4,0.007,0,0,0,0,2,0.008,2,0.011
Region 25,Region 18,0,0,0,0,0,0,1,0.014,0,0,0,0,0,0,0,0,0,0,0,0,0,0,0,0,0,0,0,0,0,0,0,0,0,0,0,0,0,0,0,0,0,0,0,0,1,0.004,0,0
Region 25,Region 19,0,0,0,0,0,0,0,0,0,0,0,0,0,0,1,0.001,0,0,1,0.001,0,0,0,0,0,0,1,0.002,1,0.002,0,0,0,0,0,0,0,0,0,0,0,0,0,0,1,0.004,1,0.006
Region 25,Region 20,32,0.192,12,0.132,3,0.045,3,0.043,2,0.017,17,0.066,27,0.055,91,0.115,158,0.185,150,0.212,151,0.259,158,0.271,228,0.371,201,0.327,182,0.292,170,0.248,215,0.309,255,0.328,236,0.321,169,0.311,129,0.297,124,0.339,98,0.372,36,0.199
Region 25,Region 21,0,0,0,0,0,0,0,0,0,0,0,0,0,0,0,0,0,0,0,0,0,0,0,0,0,0,0,0,0,0,0,0,0,0,1,0.001,0,0,0,0,0,0,0,0,0,0,0,0
Region 25,Region 22,0,0,0,0,0,0,0,0,0,0,0,0,0,0,0,0,0,0,0,0,0,0,0,0,0,0,0,0,0,0,0,0,0,0,0,0,1,0.001,0,0,0,0,0,0,0,0,0,0
Region 25,Region 23,1,0.006,1,0.011,0,0,0,0,0,0,0,0,0,0,1,0.001,3,0.004,2,0.003,1,0.002,0,0,0,0,0,0,1,0.002,0,0,0,0,1,0.001,2,0.003,2,0.004,1,0.002,3,0.008,1,0.004,2,0.011
Region 25,Region 24,0,0,0,0,0,0,0,0,0,0,0,0,3,0.006,1,0.001,1,0.001,0,0,0,0,3,0.005,1,0.002,1,0.002,1,0.002,3,0.004,1,0.001,0,0,2,0.003,1,0.002,2,0.005,4,0.011,3,0.011,3,0.017
Region 25,Region 25,63,0.378,39,0.429,17,0.254,11,0.157,7,0.06,26,0.101,69,0.141,188,0.239,275,0.321,334,0.473,286,0.49,348,0.597,455,0.74,387,0.63,278,0.447,291,0.424,356,0.512,499,0.642,506,0.688,305,0.562,239,0.55,234,0.64,133,0.505,77,0.426
Region 25,Region 26,0,0,0,0,0,0,0,0,0,0,0,0,3,0.006,6,0.008,10,0.012,8,0.011,12,0.021,13,0.022,6,0.01,12,0.02,10,0.016,5,0.007,18,0.026,22,0.028,13,0.018,12,0.022,4,0.009,6,0.016,1,0.004,0,0
Region 25,Region 27,0,0,0,0,0,0,0,0,0,0,0,0,0,0,0,0,0,0,0,0,0,0,1,0.002,1,0.002,1,0.002,1,0.002,0,0,1,0.001,0,0,0,0,0,0,0,0,0,0,0,0,0,0
Region 25,Region 28,2,0.012,1,0.011,1,0.015,0,0,0,0,0,0,0,0,0,0,2,0.002,0,0,1,0.002,1,0.002,1,0.002,2,0.003,2,0.003,5,0.007,3,0.004,3,0.004,2,0.003,0,0,2,0.005,3,0.008,1,0.004,3,0.017
Region 25,Region 29,1,0.006,0,0,2,0.03,0,0,1,0.009,0,0,0,0,3,0.004,2,0.002,4,0.006,5,0.009,2,0.003,2,0.003,2,0.003,3,0.005,2,0.003,1,0.001,1,0.001,1,0.001,0,0,2,0.005,0,0,2,0.008,1,0.006
Region 25,Region 30,3,0.018,0,0,1,0.015,0,0,1,0.009,3,0.012,4,0.008,12,0.015,22,0.026,19,0.027,13,0.022,24,0.041,20,0.033,10,0.016,13,0.021,17,0.025,27,0.039,30,0.039,34,0.046,21,0.039,13,0.03,9,0.025,9,0.034,8,0.044
Region 25,Region 31,1,0.006,2,0.022,1,0.015,0,0,0,0,1,0.004,1,0.002,9,0.011,16,0.019,9,0.013,6,0.01,9,0.015,6,0.01,6,0.01,14,0.022,9,0.013,7,0.01,15,0.019,24,0.033,15,0.028,10,0.023,10,0.027,5,0.019,2,0.011
Region 25,Region 32,0,0,0,0,0,0,0,0,0,0,0,0,0,0,0,0,0,0,0,0,0,0,0,0,0,0,0,0,0,0,0,0,0,0,0,0,0,0,0,0,0,0,0,0,0,0,0,0
Region 25,Region 33,4,0.024,14,0.154,9,0.135,5,0.071,0,0,8,0.031,35,0.071,47,0.06,67,0.078,43,0.061,50,0.086,46,0.079,52,0.085,62,0.101,77,0.124,79,0.115,54,0.078,59,0.076,91,0.124,65,0.12,48,0.111,54,0.148,48,0.182,18,0.1
Region 25,Region 34,9,0.054,9,0.099,4,0.06,1,0.014,0,0,2,0.008,3,0.006,14,0.018,20,0.023,6,0.008,12,0.021,14,0.024,21,0.034,14,0.023,10,0.016,11,0.016,3,0.004,12,0.015,15,0.02,17,0.031,22,0.051,18,0.049,12,0.046,9,0.05
Region 25,Region 35,54,0.324,34,0.374,19,0.284,6,0.086,7,0.06,19,0.074,27,0.055,79,0.1,96,0.112,102,0.144,137,0.235,167,0.286,169,0.275,194,0.316,178,0.286,218,0.318,195,0.281,256,0.329,248,0.337,199,0.366,150,0.345,153,0.419,96,0.364,64,0.354
Region 25,Region 36,0,0,0,0,0,0,0,0,0,0,0,0,0,0,0,0,1,0.001,1,0.001,0,0,2,0.003,3,0.005,0,0,3,0.005,3,0.004,1,0.001,5,0.006,4,0.005,3,0.006,3,0.007,2,0.005,3,0.011,1,0.006
Region 25,Region 37,0,0,0,0,0,0,0,0,0,0,0,0,0,0,2,0.003,0,0,1,0.001,1,0.002,2,0.003,5,0.008,2,0.003,3,0.005,0,0,0,0,0,0,1,0.001,0,0,1,0.002,4,0.011,1,0.004,3,0.017
Region 25,Region 38,0,0,0,0,0,0,0,0,0,0,0,0,0,0,0,0,0,0,0,0,1,0.002,0,0,0,0,0,0,0,0,0,0,0,0,0,0,2,0.003,0,0,2,0.005,1,0.003,0,0,2,0.011
Region 25,Region 39,0,0,0,0,0,0,0,0,0,0,0,0,0,0,3,0.004,0,0,1,0.001,1,0.002,0,0,0,0,0,0,0,0,0,0,0,0,0,0,1,0.001,0,0,0,0,0,0,0,0,0,0
Region 25,Region 40,9,0.054,12,0.132,3,0.045,0,0,0,0,2,0.008,4,0.008,5,0.006,2,0.002,1,0.001,5,0.009,8,0.014,3,0.005,8,0.013,7,0.011,3,0.004,2,0.003,3,0.004,9,0.012,7,0.013,5,0.012,7,0.019,3,0.011,6,0.033
Region 25,Region 41,5,0.03,2,0.022,2,0.03,0,0,2,0.017,7,0.027,6,0.012,10,0.013,11,0.013,8,0.011,10,0.017,12,0.021,16,0.026,19,0.031,15,0.024,14,0.02,3,0.004,4,0.005,11,0.015,17,0.031,16,0.037,4,0.011,6,0.023,9,0.05
Region 25,Region 42,21,0.126,7,0.077,3,0.045,3,0.043,5,0.043,11,0.043,26,0.053,47,0.06,85,0.099,82,0.116,75,0.129,91,0.156,124,0.202,114,0.186,96,0.154,110,0.16,139,0.2,168,0.216,147,0.2,80,0.147,82,0.189,96,0.263,51,0.194,21,0.116
Region 25,Region 43,0,0,1,0.011,0,0,0,0,0,0,0,0,0,0,1,0.001,1,0.001,0,0,0,0,0,0,2,0.003,2,0.003,0,0,0,0,0,0,0,0,0,0,0,0,1,0.002,0,0,0,0,0,0
Region 25,Region 44,1,0.006,0,0,0,0,0,0,1,0.009,0,0,0,0,2,0.003,0,0,0,0,0,0,1,0.002,2,0.003,0,0,1,0.002,1,0.001,1,0.001,1,0.001,1,0.001,1,0.002,2,0.005,0,0,1,0.004,2,0.011
Region 25,Region 45,1,0.006,1,0.011,1,0.015,0,0,0,0,0,0,1,0.002,2,0.003,4,0.005,1,0.001,5,0.009,6,0.01,7,0.011,4,0.007,5,0.008,4,0.006,3,0.004,8,0.01,4,0.005,6,0.011,3,0.007,9,0.025,4,0.015,6,0.033
Region 25,Region 46,18,0.108,6,0.066,1,0.015,4,0.057,7,0.06,20,0.078,32,0.065,22,0.028,26,0.03,10,0.014,17,0.029,26,0.045,32,0.052,30,0.049,28,0.045,19,0.028,12,0.017,9,0.012,26,0.035,16,0.029,22,0.051,33,0.09,7,0.027,25,0.138
Region 25,Region 47,1,0.006,0,0,1,0.015,0,0,0,0,0,0,0,0,1,0.001,0,0,0,0,0,0,0,0,0,0,1,0.002,0,0,2,0.003,0,0,0,0,3,0.004,1,0.002,2,0.005,3,0.008,0,0,0,0
Region 25,Region 48,0,0,0,0,0,0,0,0,0,0,0,0,1,0.002,2,0.003,1,0.001,0,0,0,0,0,0,0,0,1,0.002,0,0,0,0,0,0,0,0,0,0,0,0,0,0,1,0.003,1,0.004,0,0
Region 25,Region 49,0,0,0,0,0,0,0,0,0,0,0,0,0,0,0,0,0,0,1,0.001,0,0,0,0,0,0,0,0,1,0.002,0,0,0,0,1,0.001,0,0,1,0.002,1,0.002,2,0.005,0,0,0,0
Region 25,Region 50,1,0.006,0,0,0,0,1,0.014,0,0,0,0,4,0.008,0,0,0,0,4,0.006,5,0.009,4,0.007,5,0.008,5,0.008,4,0.006,3,0.004,6,0.009,17,0.022,10,0.014,8,0.015,5,0.012,1,0.003,1,0.004,2,0.011
Region 25,Region 51,18,0.108,7,0.077,1,0.015,3,0.043,7,0.06,16,0.062,41,0.084,181,0.23,165,0.193,140,0.198,98,0.168,136,0.233,139,0.226,176,0.287,161,0.259,220,0.321,157,0.226,241,0.31,178,0.242,123,0.226,94,0.216,76,0.208,69,0.262,48,0.265
Region 25,Region 52,3,0.018,2,0.022,1,0.015,0,0,0,0,0,0,2,0.004,0,0,2,0.002,1,0.001,0,0,3,0.005,7,0.011,3,0.005,6,0.01,5,0.007,4,0.006,14,0.018,4,0.005,4,0.007,5,0.012,2,0.005,0,0,0,0
Region 25,Region 53,0,0,0,0,0,0,0,0,0,0,0,0,0,0,0,0,0,0,0,0,1,0.002,0,0,0,0,0,0,0,0,1,0.001,0,0,0,0,0,0,0,0,1,0.002,0,0,0,0,0,0
Region 25,Region 54,5,0.03,0,0,1,0.015,0,0,0,0,0,0,0,0,9,0.011,7,0.008,7,0.01,9,0.015,5,0.009,13,0.021,9,0.015,7,0.011,9,0.013,5,0.007,19,0.024,18,0.024,12,0.022,5,0.012,10,0.027,9,0.034,1,0.006
Region 25,Region 55,0,0,0,0,0,0,0,0,0,0,0,0,0,0,0,0,0,0,0,0,1,0.002,0,0,1,0.002,1,0.002,2,0.003,1,0.001,1,0.001,0,0,0,0,3,0.006,0,0,0,0,1,0.004,2,0.011
Region 25,Region 56,0,0,0,0,0,0,0,0,0,0,0,0,0,0,0,0,0,0,0,0,0,0,0,0,0,0,0,0,0,0,1,0.001,0,0,0,0,0,0,0,0,0,0,0,0,0,0,0,0
Region 25,Region 57,1,0.006,2,0.022,0,0,0,0,0,0,0,0,1,0.002,1,0.001,3,0.004,1,0.001,1,0.002,1,0.002,3,0.005,4,0.007,7,0.011,5,0.007,0,0,5,0.006,3,0.004,4,0.007,2,0.005,3,0.008,3,0.011,0,0
Region 25,Region 58,3,0.018,1,0.011,4,0.06,0,0,0,0,0,0,7,0.014,14,0.018,4,0.005,5,0.007,8,0.014,9,0.015,3,0.005,6,0.01,8,0.013,8,0.012,2,0.003,4,0.005,3,0.004,2,0.004,6,0.014,2,0.005,2,0.008,6,0.033
Region 25,Region 59,0,0,0,0,0,0,0,0,0,0,0,0,0,0,0,0,0,0,0,0,2,0.003,2,0.003,0,0,1,0.002,1,0.002,0,0,0,0,3,0.004,2,0.003,1,0.002,0,0,1,0.003,0,0,1,0.006
Region 25,Region 60,6,0.036,5,0.055,0,0,2,0.029,3,0.026,7,0.027,18,0.037,32,0.041,39,0.046,35,0.05,48,0.082,52,0.089,75,0.122,67,0.109,56,0.09,76,0.111,77,0.111,92,0.118,96,0.131,68,0.125,50,0.115,42,0.115,23,0.087,18,0.1
Region 25,Region 61,1,0.006,1,0.011,0,0,0,0,0,0,0,0,0,0,1,0.001,1,0.001,2,0.003,2,0.003,2,0.003,0,0,2,0.003,2,0.003,2,0.003,1,0.001,1,0.001,0,0,1,0.002,2,0.005,2,0.005,3,0.011,0,0
Region 25,Region 62,0,0,0,0,0,0,0,0,0,0,0,0,0,0,0,0,0,0,0,0,1,0.002,0,0,0,0,0,0,0,0,0,0,0,0,0,0,0,0,0,0,0,0,1,0.003,0,0,0,0
Region 25,Region 63,0,0,0,0,1,0.015,0,0,0,0,0,0,0,0,0,0,1,0.001,0,0,1,0.002,2,0.003,1,0.002,1,0.002,1,0.002,1,0.001,1,0.001,0,0,0,0,0,0,0,0,0,0,2,0.008,2,0.011
Region 25,Region 64,0,0,0,0,0,0,0,0,0,0,0,0,0,0,0,0,0,0,0,0,1,0.002,0,0,0,0,0,0,0,0,0,0,2,0.003,1,0.001,0,0,0,0,0,0,0,0,0,0,0,0
Region 25,Region 65,2,0.012,1,0.011,0,0,0,0,0,0,0,0,3,0.006,6,0.008,12,0.014,3,0.004,3,0.005,1,0.002,3,0.005,3,0.005,4,0.006,2,0.003,3,0.004,5,0.006,2,0.003,4,0.007,2,0.005,1,0.003,0,0,2,0.011
Region 25,Region 66,1,0.006,0,0,0,0,0,0,0,0,0,0,1,0.002,1,0.001,1,0.001,1,0.001,4,0.007,1,0.002,1,0.002,1,0.002,1,0.002,1,0.001,2,0.003,1,0.001,4,0.005,5,0.009,4,0.009,3,0.008,2,0.008,0,0
Region 25,Region 67,0,0,0,0,0,0,0,0,0,0,0,0,0,0,0,0,0,0,0,0,0,0,0,0,0,0,0,0,0,0,0,0,0,0,0,0,0,0,0,0,0,0,0,0,0,0,0,0
Region 25,Region 68,2,0.012,0,0,1,0.015,0,0,0,0,1,0.004,1,0.002,6,0.008,9,0.011,7,0.01,8,0.014,21,0.036,11,0.018,11,0.018,20,0.032,9,0.013,14,0.02,25,0.032,18,0.024,10,0.018,8,0.018,4,0.011,4,0.015,1,0.006
Region 25,Region 69,76,0.456,145,1.594,25,0.374,1,0.014,0,0,0,0,7,0.014,8,0.01,8,0.009,5,0.007,9,0.015,8,0.014,1,0.002,6,0.01,2,0.003,6,0.009,5,0.007,5,0.006,3,0.004,2,0.004,11,0.025,6,0.016,3,0.011,0,0
Region 25,Region 70,1,0.006,0,0,0,0,0,0,1,0.009,3,0.012,3,0.006,26,0.033,20,0.023,14,0.02,16,0.027,20,0.034,34,0.055,26,0.042,29,0.047,30,0.044,41,0.059,37,0.048,27,0.037,21,0.039,10,0.023,7,0.019,6,0.023,4,0.022
Region 25,Region 71,1,0.006,0,0,1,0.015,0,0,0,0,2,0.008,8,0.016,30,0.038,25,0.029,8,0.011,16,0.027,18,0.031,17,0.028,22,0.036,25,0.04,21,0.031,20,0.029,24,0.031,11,0.015,7,0.013,5,0.012,4,0.011,4,0.015,0,0
Region 25,Region 72,15,0.09,29,0.319,13,0.195,3,0.043,1,0.009,6,0.023,10,0.02,17,0.022,18,0.021,13,0.018,28,0.048,31,0.053,39,0.063,39,0.063,32,0.051,32,0.047,41,0.059,51,0.066,49,0.067,46,0.085,24,0.055,34,0.093,24,0.091,14,0.077
Region 26,Region 0,1,0.006,0,0,0,0,0,0,0,0,0,0,0,0,0,0,0,0,0,0,0,0,0,0,0,0,0,0,0,0,0,0,0,0,0,0,0,0,0,0,0,0,0,0,0,0,0,0
Region 26,Region 1,3,0.018,0,0,0,0,1,0.014,1,0.009,0,0,6,0.012,13,0.016,16,0.019,21,0.03,11,0.019,9,0.015,5,0.008,6,0.01,9,0.014,9,0.013,6,0.009,17,0.022,15,0.02,13,0.024,6,0.014,1,0.003,5,0.019,2,0.011
Region 26,Region 2,0,0,0,0,0,0,0,0,0,0,0,0,0,0,1,0.001,0,0,0,0,1,0.002,0,0,0,0,1,0.002,0,0,1,0.001,0,0,0,0,0,0,0,0,0,0,1,0.003,0,0,0,0
Region 26,Region 3,0,0,0,0,0,0,0,0,0,0,0,0,0,0,0,0,0,0,0,0,0,0,0,0,0,0,0,0,0,0,0,0,0,0,0,0,0,0,0,0,0,0,0,0,1,0.004,0,0
Region 26,Region 4,0,0,0,0,0,0,0,0,0,0,0,0,1,0.002,1,0.001,1,0.001,0,0,0,0,0,0,0,0,1,0.002,0,0,0,0,0,0,1,0.001,0,0,0,0,0,0,1,0.003,0,0,0,0
Region 26,Region 5,0,0,0,0,0,0,0,0,0,0,0,0,0,0,0,0,0,0,0,0,0,0,0,0,0,0,0,0,0,0,0,0,0,0,0,0,0,0,0,0,0,0,0,0,0,0,0,0
Region 26,Region 6,0,0,0,0,0,0,0,0,1,0.009,0,0,0,0,0,0,2,0.002,1,0.001,0,0,0,0,0,0,1,0.002,2,0.003,0,0,3,0.004,3,0.004,1,0.001,1,0.002,0,0,0,0,0,0,0,0
Region 26,Region 7,0,0,0,0,0,0,0,0,0,0,0,0,0,0,0,0,1,0.001,0,0,0,0,0,0,1,0.002,0,0,0,0,0,0,0,0,0,0,0,0,0,0,0,0,0,0,0,0,0,0
Region 26,Region 8,0,0,0,0,0,0,0,0,0,0,2,0.008,1,0.002,7,0.009,5,0.006,7,0.01,1,0.002,4,0.007,2,0.003,4,0.007,2,0.003,6,0.009,10,0.014,9,0.012,12,0.016,2,0.004,3,0.007,1,0.003,1,0.004,0,0
Region 26,Region 9,0,0,0,0,0,0,0,0,0,0,1,0.004,0,0,0,0,0,0,0,0,0,0,0,0,0,0,1,0.002,1,0.002,0,0,0,0,0,0,0,0,0,0,0,0,0,0,0,0,1,0.006
Region 26,Region 10,0,0,0,0,0,0,0,0,0,0,1,0.004,5,0.01,17,0.022,22,0.026,24,0.034,8,0.014,12,0.021,9,0.015,10,0.016,11,0.018,8,0.012,10,0.014,11,0.014,17,0.023,9,0.017,6,0.014,2,0.005,4,0.015,0,0
Region 26,Region 11,0,0,0,0,0,0,0,0,0,0,0,0,0,0,0,0,0,0,0,0,0,0,0,0,0,0,0,0,0,0,0,0,0,0,0,0,0,0,0,0,0,0,0,0,0,0,0,0
Region 26,Region 12,0,0,0,0,0,0,0,0,0,0,0,0,0,0,0,0,0,0,0,0,0,0,0,0,0,0,0,0,0,0,0,0,0,0,0,0,0,0,0,0,1,0.002,0,0,0,0,0,0
Region 26,Region 13,0,0,0,0,0,0,0,0,0,0,0,0,2,0.004,5,0.006,13,0.015,8,0.011,1,0.002,4,0.007,0,0,3,0.005,4,0.006,3,0.004,2,0.003,0,0,0,0,1,0.002,0,0,4,0.011,0,0,1,0.006
Region 26,Region 14,1,0.006,0,0,0,0,0,0,0,0,7,0.027,1,0.002,36,0.046,13,0.015,6,0.008,6,0.01,6,0.01,6,0.01,3,0.005,4,0.006,6,0.009,17,0.024,12,0.015,13,0.018,10,0.018,0,0,1,0.003,0,0,1,0.006
Region 26,Region 15,0,0,0,0,0,0,0,0,0,0,0,0,0,0,0,0,1,0.001,0,0,0,0,0,0,0,0,0,0,0,0,0,0,0,0,0,0,0,0,0,0,0,0,1,0.003,0,0,0,0
Region 26,Region 16,0,0,0,0,0,0,0,0,0,0,0,0,0,0,0,0,0,0,0,0,0,0,1,0.002,0,0,0,0,0,0,0,0,0,0,0,0,0,0,0,0,0,0,0,0,0,0,0,0
Region 26,Region 17,0,0,0,0,0,0,0,0,0,0,0,0,0,0,0,0,1,0.001,3,0.004,0,0,1,0.002,0,0,0,0,0,0,1,0.001,1,0.001,1,0.001,0,0,1,0.002,1,0.002,2,0.005,0,0,0,0
Region 26,Region 18,0,0,0,0,0,0,0,0,0,0,0,0,0,0,0,0,0,0,1,0.001,0,0,0,0,0,0,0,0,0,0,0,0,0,0,0,0,0,0,0,0,0,0,1,0.003,0,0,0,0
Region 26,Region 19,0,0,0,0,0,0,0,0,0,0,0,0,0,0,0,0,0,0,0,0,0,0,0,0,0,0,0,0,0,0,0,0,0,0,0,0,0,0,0,0,0,0,0,0,0,0,0,0
Region 26,Region 20,0,0,0,0,0,0,0,0,1,0.009,1,0.004,3,0.006,9,0.011,17,0.02,13,0.018,7,0.012,6,0.01,3,0.005,3,0.005,2,0.003,0,0,11,0.016,9,0.012,10,0.014,2,0.004,3,0.007,0,0,0,0,0,0
Region 26,Region 21,0,0,0,0,0,0,0,0,0,0,0,0,0,0,0,0,0,0,0,0,0,0,0,0,0,0,0,0,0,0,0,0,0,0,0,0,0,0,0,0,0,0,0,0,0,0,0,0
Region 26,Region 22,0,0,0,0,0,0,0,0,0,0,0,0,0,0,0,0,0,0,0,0,0,0,0,0,0,0,0,0,0,0,0,0,0,0,0,0,1,0.001,1,0.002,0,0,0,0,0,0,0,0
Region 26,Region 23,1,0.006,0,0,0,0,0,0,0,0,1,0.004,1,0.002,2,0.003,0,0,1,0.001,1,0.002,0,0,0,0,0,0,0,0,0,0,0,0,0,0,0,0,0,0,1,0.002,0,0,0,0,0,0
Region 26,Region 24,0,0,0,0,0,0,0,0,0,0,0,0,1,0.002,0,0,1,0.001,2,0.003,0,0,0,0,0,0,1,0.002,2,0.003,1,0.001,1,0.001,2,0.003,0,0,1,0.002,3,0.007,1,0.003,1,0.004,1,0.006
Region 26,Region 25,0,0,1,0.011,0,0,1,0.014,0,0,2,0.008,5,0.01,9,0.011,27,0.032,18,0.025,16,0.027,15,0.026,9,0.015,12,0.02,4,0.006,13,0.019,10,0.014,8,0.01,21,0.029,8,0.015,3,0.007,8,0.022,3,0.011,0,0
Region 26,Region 26,0,0,0,0,0,0,0,0,0,0,2,0.008,6,0.012,42,0.053,53,0.062,45,0.064,17,0.029,21,0.036,29,0.047,23,0.037,27,0.043,35,0.051,60,0.086,50,0.064,50,0.068,17,0.031,15,0.035,8,0.022,4,0.015,1,0.006
Region 26,Region 27,0,0,0,0,0,0,0,0,0,0,0,0,0,0,0,0,0,0,0,0,0,0,0,0,0,0,0,0,1,0.002,0,0,0,0,0,0,0,0,0,0,0,0,0,0,0,0,0,0
Region 26,Region 28,0,0,0,0,0,0,0,0,0,0,0,0,1,0.002,0,0,1,0.001,0,0,0,0,0,0,1,0.002,1,0.002,0,0,0,0,2,0.003,0,0,0,0,0,0,3,0.007,0,0,0,0,1,0.006
Region 26,Region 29,0,0,0,0,0,0,1,0.014,0,0,2,0.008,0,0,1,0.001,1,0.001,1,0.001,1,0.002,1,0.002,0,0,0,0,1,0.002,0,0,1,0.001,0,0,1,0.001,1,0.002,0,0,0,0,1,0.004,1,0.006
Region 26,Region 30,2,0.012,0,0,0,0,0,0,1,0.009,0,0,4,0.008,6,0.008,11,0.013,12,0.017,9,0.015,3,0.005,5,0.008,2,0.003,1,0.002,8,0.012,7,0.01,8,0.01,10,0.014,6,0.011,8,0.018,0,0,1,0.004,1,0.006
Region 26,Region 31,0,0,0,0,0,0,0,0,0,0,0,0,1,0.002,3,0.004,0,0,1,0.001,1,0.002,2,0.003,1,0.002,3,0.005,3,0.005,2,0.003,1,0.001,1,0.001,4,0.005,1,0.002,0,0,1,0.003,1,0.004,0,0
Region 26,Region 32,0,0,0,0,0,0,0,0,0,0,0,0,0,0,0,0,0,0,0,0,0,0,0,0,0,0,0,0,0,0,0,0,0,0,0,0,0,0,0,0,0,0,0,0,0,0,0,0
Region 26,Region 33,14,0.084,3,0.033,1,0.015,0,0,3,0.026,6,0.023,20,0.041,51,0.065,57,0.067,41,0.058,35,0.06,46,0.079,50,0.081,53,0.086,43,0.069,57,0.083,62,0.089,64,0.082,48,0.065,28,0.052,32,0.074,32,0.088,17,0.065,7,0.039
Region 26,Region 34,1,0.006,0,0,0,0,0,0,0,0,3,0.012,4,0.008,9,0.011,17,0.02,8,0.011,6,0.01,8,0.014,7,0.011,12,0.02,3,0.005,5,0.007,0,0,2,0.003,8,0.011,7,0.013,5,0.012,3,0.008,1,0.004,1,0.006
Region 26,Region 35,0,0,0,0,0,0,0,0,0,0,2,0.008,0,0,3,0.004,5,0.006,7,0.01,10,0.017,5,0.009,3,0.005,2,0.003,1,0.002,1,0.001,8,0.012,12,0.015,8,0.011,5,0.009,1,0.002,3,0.008,3,0.011,1,0.006
Region 26,Region 36,0,0,0,0,0,0,0,0,0,0,1,0.004,0,0,1,0.001,3,0.004,1,0.001,4,0.007,1,0.002,7,0.011,0,0,2,0.003,5,0.007,3,0.004,5,0.006,4,0.005,2,0.004,1,0.002,0,0,0,0,0,0
Region 26,Region 37,0,0,0,0,0,0,0,0,0,0,0,0,1,0.002,0,0,0,0,0,0,0,0,0,0,1,0.002,0,0,0,0,0,0,0,0,0,0,1,0.001,1,0.002,0,0,1,0.003,0,0,0,0
Region 26,Region 38,3,0.018,0,0,0,0,0,0,0,0,0,0,0,0,0,0,0,0,0,0,0,0,0,0,0,0,0,0,1,0.002,0,0,1,0.001,0,0,0,0,1,0.002,0,0,0,0,0,0,0,0
Region 26,Region 39,0,0,0,0,0,0,0,0,0,0,0,0,0,0,0,0,0,0,0,0,1,0.002,0,0,1,0.002,0,0,0,0,0,0,0,0,0,0,0,0,0,0,0,0,0,0,0,0,0,0
Region 26,Region 40,1,0.006,2,0.022,0,0,0,0,1,0.009,1,0.004,0,0,6,0.008,6,0.007,3,0.004,2,0.003,2,0.003,6,0.01,3,0.005,4,0.006,4,0.006,1,0.001,0,0,1,0.001,0,0,2,0.005,4,0.011,3,0.011,1,0.006
Region 26,Region 41,5,0.03,1,0.011,1,0.015,0,0,3,0.026,7,0.027,4,0.008,11,0.014,4,0.005,6,0.008,3,0.005,14,0.024,12,0.02,11,0.018,5,0.008,2,0.003,2,0.003,3,0.004,2,0.003,3,0.006,2,0.005,2,0.005,3,0.011,4,0.022
Region 26,Region 42,0,0,0,0,0,0,0,0,0,0,0,0,0,0,5,0.006,4,0.005,4,0.006,4,0.007,4,0.007,4,0.007,1,0.002,2,0.003,1,0.001,4,0.006,4,0.005,5,0.007,1,0.002,3,0.007,0,0,0,0,0,0
Region 26,Region 43,0,0,0,0,0,0,0,0,0,0,0,0,0,0,0,0,0,0,0,0,0,0,0,0,1,0.002,1,0.002,0,0,0,0,0,0,0,0,0,0,0,0,0,0,0,0,0,0,0,0
Region 26,Region 44,1,0.006,0,0,0,0,0,0,0,0,0,0,0,0,2,0.003,1,0.001,0,0,1,0.002,1,0.002,1,0.002,0,0,0,0,2,0.003,0,0,0,0,0,0,0,0,0,0,0,0,0,0,0,0
Region 26,Region 45,1,0.006,0,0,0,0,0,0,0,0,0,0,0,0,2,0.003,0,0,2,0.003,3,0.005,0,0,3,0.005,1,0.002,1,0.002,3,0.004,0,0,3,0.004,0,0,0,0,1,0.002,1,0.003,1,0.004,1,0.006
Region 26,Region 46,0,0,0,0,0,0,1,0.014,3,0.026,5,0.019,11,0.022,18,0.023,3,0.004,3,0.004,9,0.015,4,0.007,4,0.007,6,0.01,3,0.005,6,0.009,2,0.003,1,0.001,2,0.003,4,0.007,4,0.009,1,0.003,0,0,1,0.006
Region 26,Region 47,0,0,0,0,0,0,0,0,0,0,0,0,0,0,0,0,0,0,0,0,0,0,1,0.002,0,0,0,0,2,0.003,0,0,0,0,0,0,0,0,0,0,0,0,0,0,0,0,0,0
Region 26,Region 48,0,0,0,0,0,0,0,0,0,0,0,0,0,0,0,0,0,0,0,0,0,0,0,0,0,0,0,0,0,0,0,0,1,0.001,0,0,0,0,0,0,0,0,0,0,0,0,0,0
Region 26,Region 49,0,0,0,0,0,0,0,0,0,0,0,0,0,0,0,0,0,0,1,0.001,0,0,0,0,0,0,0,0,0,0,0,0,0,0,0,0,1,0.001,0,0,0,0,0,0,0,0,0,0
Region 26,Region 50,2,0.012,0,0,0,0,0,0,0,0,3,0.012,1,0.002,5,0.006,6,0.007,11,0.016,4,0.007,5,0.009,7,0.011,6,0.01,4,0.006,10,0.015,17,0.024,14,0.018,14,0.019,9,0.017,8,0.018,4,0.011,6,0.023,1,0.006
Region 26,Region 51,0,0,0,0,0,0,0,0,0,0,1,0.004,2,0.004,7,0.009,7,0.008,12,0.017,4,0.007,4,0.007,4,0.007,2,0.003,3,0.005,1,0.001,4,0.006,2,0.003,2,0.003,2,0.004,2,0.005,1,0.003,0,0,0,0
Region 26,Region 52,0,0,0,0,0,0,0,0,0,0,0,0,0,0,0,0,1,0.001,2,0.003,1,0.002,0,0,2,0.003,2,0.003,0,0,2,0.003,2,0.003,2,0.003,0,0,0,0,1,0.002,1,0.003,1,0.004,0,0
Region 26,Region 53,0,0,0,0,0,0,0,0,0,0,0,0,0,0,0,0,0,0,0,0,0,0,0,0,0,0,0,0,0,0,0,0,0,0,0,0,0,0,0,0,0,0,0,0,0,0,0,0
Region 26,Region 54,0,0,0,0,0,0,0,0,2,0.017,1,0.004,2,0.004,15,0.019,21,0.025,24,0.034,11,0.019,27,0.046,20,0.033,26,0.042,17,0.027,21,0.031,31,0.045,28,0.036,28,0.038,11,0.02,23,0.053,6,0.016,4,0.015,2,0.011
Region 26,Region 55,0,0,0,0,0,0,0,0,0,0,0,0,0,0,0,0,1,0.001,2,0.003,3,0.005,0,0,3,0.005,0,0,0,0,0,0,0,0,0,0,1,0.001,0,0,0,0,0,0,0,0,0,0
Region 26,Region 56,0,0,0,0,0,0,0,0,0,0,0,0,0,0,0,0,0,0,0,0,0,0,0,0,0,0,0,0,0,0,0,0,0,0,0,0,0,0,0,0,0,0,0,0,0,0,0,0
Region 26,Region 57,0,0,0,0,0,0,0,0,0,0,1,0.004,4,0.008,5,0.006,4,0.005,3,0.004,5,0.009,2,0.003,2,0.003,6,0.01,5,0.008,10,0.015,8,0.012,8,0.01,5,0.007,1,0.002,0,0,1,0.003,0,0,0,0
Region 26,Region 58,0,0,0,0,0,0,0,0,0,0,0,0,1,0.002,0,0,0,0,1,0.001,0,0,1,0.002,1,0.002,0,0,4,0.006,0,0,3,0.004,2,0.003,1,0.001,0,0,0,0,1,0.003,0,0,0,0
Region 26,Region 59,0,0,0,0,0,0,0,0,0,0,0,0,0,0,0,0,2,0.002,0,0,1,0.002,1,0.002,0,0,0,0,1,0.002,0,0,2,0.003,2,0.003,3,0.004,0,0,0,0,0,0,0,0,0,0
Region 26,Region 60,2,0.012,1,0.011,0,0,0,0,1,0.009,0,0,4,0.008,16,0.02,32,0.037,28,0.04,29,0.05,13,0.022,14,0.023,18,0.029,20,0.032,17,0.025,32,0.046,30,0.039,28,0.038,16,0.029,9,0.021,10,0.027,7,0.027,3,0.017
Region 26,Region 61,0,0,0,0,0,0,0,0,0,0,0,0,0,0,0,0,1,0.001,0,0,0,0,0,0,1,0.002,2,0.003,0,0,2,0.003,0,0,0,0,1,0.001,1,0.002,2,0.005,0,0,0,0,0,0
Region 26,Region 62,0,0,0,0,0,0,0,0,0,0,0,0,0,0,0,0,0,0,0,0,0,0,0,0,0,0,0,0,0,0,0,0,0,0,0,0,0,0,0,0,0,0,0,0,0,0,0,0
Region 26,Region 63,0,0,0,0,0,0,0,0,0,0,0,0,0,0,0,0,0,0,0,0,0,0,0,0,0,0,0,0,0,0,1,0.001,0,0,0,0,0,0,0,0,0,0,0,0,0,0,0,0
Region 26,Region 64,0,0,0,0,0,0,0,0,0,0,0,0,0,0,0,0,0,0,0,0,0,0,0,0,0,0,0,0,0,0,0,0,0,0,0,0,0,0,0,0,0,0,0,0,0,0,0,0
Region 26,Region 65,0,0,2,0.022,0,0,0,0,0,0,0,0,2,0.004,1,0.001,7,0.008,5,0.007,2,0.003,2,0.003,2,0.003,3,0.005,4,0.006,1,0.001,3,0.004,0,0,1,0.001,1,0.002,2,0.005,0,0,1,0.004,1,0.006
Region 26,Region 66,0,0,0,0,0,0,0,0,0,0,0,0,1,0.002,2,0.003,0,0,1,0.001,1,0.002,1,0.002,1,0.002,3,0.005,3,0.005,1,0.001,1,0.001,2,0.003,7,0.01,0,0,2,0.005,0,0,1,0.004,0,0
Region 26,Region 67,0,0,0,0,0,0,0,0,0,0,0,0,0,0,0,0,0,0,0,0,0,0,0,0,0,0,0,0,0,0,0,0,0,0,0,0,0,0,0,0,0,0,0,0,0,0,0,0
Region 26,Region 68,0,0,0,0,0,0,0,0,0,0,0,0,0,0,11,0.014,6,0.007,8,0.011,5,0.009,4,0.007,2,0.003,2,0.003,1,0.002,2,0.003,4,0.006,6,0.008,5,0.007,4,0.007,0,0,2,0.005,2,0.008,2,0.011
Region 26,Region 69,0,0,0,0,0,0,0,0,0,0,0,0,2,0.004,1,0.001,5,0.006,1,0.001,4,0.007,2,0.003,0,0,0,0,4,0.006,0,0,2,0.003,1,0.001,1,0.001,1,0.002,0,0,0,0,1,0.004,0,0
Region 26,Region 70,1,0.006,0,0,0,0,0,0,1,0.009,0,0,0,0,17,0.022,13,0.015,10,0.014,6,0.01,4,0.007,9,0.015,8,0.013,12,0.019,6,0.009,11,0.016,6,0.008,13,0.018,4,0.007,8,0.018,1,0.003,0,0,1,0.006
Region 26,Region 71,1,0.006,0,0,0,0,0,0,0,0,3,0.012,6,0.012,47,0.06,32,0.037,10,0.014,12,0.021,13,0.022,14,0.023,13,0.021,19,0.031,20,0.029,23,0.033,22,0.028,15,0.02,6,0.011,7,0.016,2,0.005,2,0.008,1,0.006
Region 26,Region 72,1,0.006,2,0.022,1,0.015,0,0,1,0.009,1,0.004,5,0.01,11,0.014,21,0.025,12,0.017,20,0.034,15,0.026,13,0.021,22,0.036,19,0.031,30,0.044,18,0.026,22,0.028,33,0.045,19,0.035,18,0.041,5,0.014,4,0.015,0,0
Region 27,Region 0,0,0,0,0,0,0,0,0,0,0,0,0,0,0,0,0,1,0.001,0,0,0,0,0,0,1,0.002,0,0,1,0.002,0,0,0,0,0,0,0,0,0,0,0,0,0,0,0,0,0,0
Region 27,Region 1,1,0.006,0,0,0,0,1,0.014,0,0,1,0.004,1,0.002,3,0.004,21,0.025,12,0.017,5,0.009,3,0.005,8,0.013,6,0.01,2,0.003,6,0.009,5,0.007,4,0.005,4,0.005,5,0.009,3,0.007,6,0.016,2,0.008,1,0.006
Region 27,Region 2,1,0.006,0,0,1,0.015,0,0,0,0,1,0.004,1,0.002,6,0.008,7,0.008,2,0.003,6,0.01,5,0.009,2,0.003,4,0.007,3,0.005,6,0.009,5,0.007,10,0.013,3,0.004,5,0.009,4,0.009,5,0.014,0,0,1,0.006
Region 27,Region 3,0,0,0,0,0,0,0,0,0,0,0,0,0,0,0,0,0,0,0,0,1,0.002,1,0.002,0,0,0,0,0,0,1,0.001,0,0,0,0,0,0,0,0,0,0,0,0,0,0,0,0
Region 27,Region 4,0,0,1,0.011,0,0,0,0,0,0,1,0.004,0,0,1,0.001,0,0,0,0,0,0,1,0.002,0,0,1,0.002,0,0,0,0,0,0,1,0.001,2,0.003,0,0,0,0,0,0,0,0,0,0
Region 27,Region 5,0,0,0,0,0,0,0,0,0,0,0,0,0,0,1,0.001,0,0,0,0,1,0.002,0,0,0,0,0,0,0,0,0,0,0,0,2,0.003,0,0,0,0,0,0,1,0.003,0,0,0,0
Region 27,Region 6,3,0.018,1,0.011,1,0.015,1,0.014,0,0,3,0.012,7,0.014,3,0.004,4,0.005,3,0.004,2,0.003,13,0.022,7,0.011,5,0.008,9,0.014,8,0.012,12,0.017,7,0.009,10,0.014,7,0.013,3,0.007,3,0.008,0,0,1,0.006
Region 27,Region 7,0,0,0,0,0,0,0,0,0,0,0,0,0,0,5,0.006,1,0.001,1,0.001,1,0.002,2,0.003,1,0.002,0,0,3,0.005,4,0.006,3,0.004,3,0.004,2,0.003,2,0.004,0,0,1,0.003,0,0,2,0.011
Region 27,Region 8,0,0,0,0,0,0,0,0,0,0,0,0,0,0,0,0,0,0,0,0,0,0,0,0,0,0,0,0,0,0,0,0,0,0,0,0,0,0,0,0,0,0,0,0,0,0,0,0
Region 27,Region 9,1,0.006,0,0,0,0,0,0,0,0,0,0,0,0,0,0,0,0,0,0,0,0,0,0,0,0,1,0.002,0,0,0,0,0,0,0,0,1,0.001,0,0,0,0,0,0,0,0,0,0
Region 27,Region 10,0,0,0,0,0,0,0,0,0,0,0,0,4,0.008,2,0.003,1,0.001,1,0.001,1,0.002,1,0.002,0,0,0,0,2,0.003,1,0.001,1,0.001,0,0,0,0,0,0,0,0,0,0,0,0,0,0
Region 27,Region 11,0,0,0,0,0,0,0,0,0,0,0,0,0,0,0,0,0,0,0,0,1,0.002,0,0,0,0,0,0,0,0,0,0,0,0,0,0,0,0,0,0,0,0,1,0.003,0,0,0,0
Region 27,Region 12,0,0,1,0.011,0,0,0,0,0,0,0,0,0,0,0,0,0,0,0,0,0,0,0,0,0,0,0,0,0,0,0,0,0,0,0,0,0,0,1,0.002,2,0.005,2,0.005,0,0,0,0
Region 27,Region 13,0,0,0,0,0,0,0,0,0,0,0,0,1,0.002,3,0.004,9,0.011,2,0.003,1,0.002,3,0.005,4,0.007,4,0.007,4,0.006,2,0.003,2,0.003,3,0.004,1,0.001,0,0,1,0.002,2,0.005,1,0.004,0,0
Region 27,Region 14,0,0,0,0,0,0,0,0,0,0,0,0,1,0.002,0,0,1,0.001,1,0.001,0,0,0,0,0,0,1,0.002,0,0,0,0,0,0,0,0,0,0,0,0,0,0,0,0,0,0,0,0
Region 27,Region 15,0,0,2,0.022,1,0.015,0,0,0,0,4,0.016,5,0.01,1,0.001,0,0,2,0.003,2,0.003,1,0.002,4,0.007,1,0.002,0,0,2,0.003,4,0.006,3,0.004,6,0.008,1,0.002,3,0.007,2,0.005,2,0.008,1,0.006
Region 27,Region 16,0,0,0,0,0,0,0,0,0,0,0,0,0,0,0,0,0,0,0,0,0,0,0,0,0,0,0,0,0,0,0,0,0,0,0,0,0,0,0,0,0,0,0,0,0,0,0,0
Region 27,Region 17,0,0,0,0,0,0,0,0,0,0,0,0,1,0.002,3,0.004,0,0,0,0,1,0.002,0,0,4,0.007,1,0.002,0,0,0,0,2,0.003,1,0.001,0,0,0,0,0,0,0,0,0,0,0,0
Region 27,Region 18,0,0,0,0,0,0,0,0,0,0,0,0,0,0,0,0,0,0,0,0,0,0,0,0,0,0,0,0,0,0,0,0,0,0,0,0,0,0,0,0,0,0,0,0,0,0,0,0
Region 27,Region 19,0,0,0,0,0,0,0,0,0,0,0,0,0,0,1,0.001,0,0,0,0,0,0,0,0,0,0,1,0.002,0,0,0,0,1,0.001,0,0,0,0,0,0,1,0.002,0,0,0,0,0,0
Region 27,Region 20,0,0,0,0,0,0,0,0,0,0,0,0,0,0,0,0,3,0.004,0,0,0,0,0,0,1,0.002,0,0,0,0,0,0,0,0,0,0,1,0.001,0,0,1,0.002,1,0.003,2,0.008,0,0
Region 27,Region 21,1,0.006,0,0,0,0,0,0,0,0,0,0,0,0,0,0,1,0.001,0,0,0,0,1,0.002,0,0,0,0,0,0,0,0,0,0,1,0.001,0,0,0,0,0,0,0,0,0,0,0,0
Region 27,Region 22,1,0.006,1,0.011,2,0.03,0,0,1,0.009,1,0.004,1,0.002,4,0.005,2,0.002,2,0.003,0,0,2,0.003,5,0.008,3,0.005,1,0.002,6,0.009,7,0.01,10,0.013,3,0.004,1,0.002,5,0.012,2,0.005,4,0.015,2,0.011
Region 27,Region 23,0,0,0,0,0,0,1,0.014,0,0,0,0,0,0,1,0.001,1,0.001,0,0,0,0,0,0,0,0,0,0,1,0.002,1,0.001,1,0.001,0,0,2,0.003,1,0.002,1,0.002,0,0,0,0,1,0.006
Region 27,Region 24,0,0,0,0,0,0,0,0,0,0,0,0,1,0.002,2,0.003,1,0.001,2,0.003,0,0,0,0,3,0.005,2,0.003,0,0,0,0,0,0,0,0,1,0.001,1,0.002,0,0,0,0,0,0,0,0
Region 27,Region 25,0,0,0,0,0,0,0,0,0,0,0,0,0,0,0,0,0,0,3,0.004,2,0.003,0,0,0,0,0,0,0,0,1,0.001,0,0,0,0,0,0,0,0,2,0.005,0,0,0,0,0,0
Region 27,Region 26,0,0,0,0,0,0,0,0,1,0.009,0,0,0,0,1,0.001,0,0,1,0.001,0,0,0,0,0,0,0,0,0,0,0,0,0,0,0,0,0,0,0,0,0,0,1,0.003,0,0,0,0
Region 27,Region 27,5,0.03,1,0.011,1,0.015,1,0.014,3,0.026,1,0.004,8,0.016,15,0.019,24,0.028,13,0.018,10,0.017,20,0.034,21,0.034,15,0.024,15,0.024,31,0.045,36,0.052,29,0.037,27,0.037,14,0.026,12,0.028,11,0.03,8,0.03,6,0.033
Region 27,Region 28,1,0.006,0,0,0,0,0,0,0,0,0,0,1,0.002,1,0.001,0,0,0,0,0,0,0,0,0,0,1,0.002,1,0.002,0,0,0,0,0,0,1,0.001,0,0,0,0,1,0.003,0,0,1,0.006
Region 27,Region 29,2,0.012,1,0.011,1,0.015,0,0,0,0,0,0,1,0.002,2,0.003,5,0.006,2,0.003,1,0.002,2,0.003,3,0.005,4,0.007,3,0.005,2,0.003,1,0.001,3,0.004,2,0.003,3,0.006,1,0.002,0,0,0,0,0,0
Region 27,Region 30,0,0,1,0.011,0,0,0,0,0,0,1,0.004,1,0.002,1,0.001,2,0.002,1,0.001,1,0.002,1,0.002,1,0.002,1,0.002,1,0.002,1,0.001,0,0,0,0,1,0.001,0,0,1,0.002,0,0,1,0.004,1,0.006
Region 27,Region 31,0,0,0,0,0,0,0,0,0,0,1,0.004,1,0.002,0,0,1,0.001,1,0.001,2,0.003,0,0,0,0,1,0.002,2,0.003,0,0,0,0,1,0.001,1,0.001,0,0,2,0.005,0,0,0,0,0,0
Region 27,Region 32,0,0,0,0,0,0,0,0,0,0,0,0,0,0,2,0.003,0,0,0,0,0,0,0,0,0,0,0,0,0,0,0,0,0,0,0,0,0,0,0,0,0,0,0,0,0,0,0,0
Region 27,Region 33,0,0,0,0,0,0,0,0,0,0,1,0.004,3,0.006,2,0.003,7,0.008,4,0.006,2,0.003,0,0,0,0,0,0,0,0,0,0,0,0,0,0,0,0,0,0,0,0,0,0,0,0,0,0
Region 27,Region 34,0,0,0,0,1,0.015,1,0.014,0,0,2,0.008,0,0,8,0.01,10,0.012,2,0.003,2,0.003,3,0.005,3,0.005,3,0.005,2,0.003,2,0.003,2,0.003,5,0.006,4,0.005,0,0,1,0.002,1,0.003,0,0,1,0.006
Region 27,Region 35,0,0,0,0,0,0,0,0,0,0,0,0,0,0,0,0,2,0.002,0,0,0,0,1,0.002,0,0,0,0,0,0,0,0,0,0,0,0,0,0,0,0,1,0.002,0,0,0,0,0,0
Region 27,Region 36,0,0,0,0,0,0,0,0,0,0,0,0,0,0,1,0.001,1,0.001,0,0,1,0.002,2,0.003,0,0,1,0.002,3,0.005,2,0.003,0,0,0,0,1,0.001,2,0.004,0,0,0,0,1,0.004,1,0.006
Region 27,Region 37,0,0,0,0,0,0,0,0,1,0.009,0,0,0,0,1,0.001,1,0.001,0,0,0,0,1,0.002,1,0.002,2,0.003,0,0,0,0,1,0.001,0,0,0,0,1,0.002,0,0,0,0,0,0,0,0
Region 27,Region 38,0,0,0,0,0,0,0,0,0,0,0,0,0,0,0,0,0,0,0,0,0,0,0,0,2,0.003,0,0,2,0.003,0,0,0,0,0,0,6,0.008,0,0,0,0,1,0.003,0,0,0,0
Region 27,Region 39,0,0,0,0,0,0,0,0,2,0.017,0,0,2,0.004,1,0.001,3,0.004,1,0.001,4,0.007,1,0.002,1,0.002,0,0,0,0,2,0.003,2,0.003,1,0.001,1,0.001,1,0.002,2,0.005,1,0.003,0,0,1,0.006
Region 27,Region 40,2,0.012,1,0.011,0,0,0,0,2,0.017,2,0.008,1,0.002,3,0.004,4,0.005,0,0,1,0.002,4,0.007,2,0.003,4,0.007,5,0.008,5,0.007,5,0.007,5,0.006,3,0.004,6,0.011,3,0.007,1,0.003,2,0.008,4,0.022
Region 27,Region 41,0,0,1,0.011,1,0.015,0,0,1,0.009,2,0.008,2,0.004,0,0,2,0.002,3,0.004,4,0.007,5,0.009,2,0.003,1,0.002,5,0.008,2,0.003,5,0.007,5,0.006,1,0.001,3,0.006,2,0.005,2,0.005,2,0.008,2,0.011
Region 27,Region 42,0,0,0,0,0,0,0,0,0,0,0,0,0,0,0,0,0,0,0,0,0,0,0,0,0,0,0,0,0,0,1,0.001,0,0,0,0,0,0,0,0,0,0,0,0,0,0,0,0
Region 27,Region 43,1,0.006,0,0,0,0,0,0,0,0,0,0,1,0.002,1,0.001,0,0,0,0,2,0.003,1,0.002,1,0.002,2,0.003,1,0.002,1,0.001,4,0.006,3,0.004,1,0.001,2,0.004,1,0.002,2,0.005,2,0.008,0,0
Region 27,Region 44,0,0,0,0,0,0,0,0,0,0,0,0,0,0,1,0.001,1,0.001,0,0,0,0,1,0.002,1,0.002,0,0,1,0.002,1,0.001,1,0.001,0,0,2,0.003,0,0,0,0,0,0,0,0,0,0
Region 27,Region 45,0,0,0,0,0,0,1,0.014,0,0,0,0,0,0,1,0.001,2,0.002,0,0,1,0.002,1,0.002,1,0.002,1,0.002,0,0,0,0,1,0.001,0,0,0,0,0,0,1,0.002,0,0,0,0,1,0.006
Region 27,Region 46,1,0.006,1,0.011,0,0,1,0.014,2,0.017,0,0,5,0.01,1,0.001,1,0.001,3,0.004,3,0.005,1,0.002,0,0,0,0,1,0.002,4,0.006,2,0.003,2,0.003,0,0,1,0.002,1,0.002,0,0,1,0.004,0,0
Region 27,Region 47,0,0,0,0,0,0,0,0,0,0,0,0,1,0.002,0,0,0,0,0,0,0,0,0,0,0,0,0,0,0,0,0,0,1,0.001,1,0.001,0,0,2,0.004,0,0,1,0.003,0,0,0,0
Region 27,Region 48,2,0.012,0,0,0,0,1,0.014,0,0,1,0.004,0,0,2,0.003,4,0.005,2,0.003,1,0.002,5,0.009,5,0.008,6,0.01,6,0.01,7,0.01,11,0.016,8,0.01,7,0.01,6,0.011,1,0.002,2,0.005,0,0,0,0
Region 27,Region 49,1,0.006,0,0,0,0,2,0.029,0,0,0,0,5,0.01,4,0.005,5,0.006,4,0.006,3,0.005,4,0.007,3,0.005,4,0.007,10,0.016,15,0.022,21,0.03,5,0.006,12,0.016,7,0.013,6,0.014,9,0.025,8,0.03,3,0.017
Region 27,Region 50,0,0,0,0,0,0,0,0,0,0,0,0,0,0,0,0,1,0.001,1,0.001,0,0,1,0.002,2,0.003,2,0.003,0,0,0,0,0,0,3,0.004,0,0,2,0.004,0,0,0,0,0,0,0,0
Region 27,Region 51,0,0,0,0,0,0,0,0,0,0,1,0.004,1,0.002,1,0.001,3,0.004,3,0.004,1,0.002,0,0,0,0,0,0,0,0,0,0,0,0,0,0,1,0.001,0,0,0,0,1,0.003,0,0,0,0
Region 27,Region 52,0,0,0,0,0,0,0,0,0,0,0,0,0,0,0,0,0,0,0,0,0,0,0,0,0,0,0,0,0,0,0,0,0,0,0,0,0,0,0,0,0,0,0,0,0,0,0,0
Region 27,Region 53,0,0,0,0,0,0,0,0,0,0,0,0,0,0,0,0,1,0.001,0,0,1,0.002,0,0,0,0,0,0,0,0,0,0,1,0.001,0,0,2,0.003,0,0,0,0,0,0,0,0,0,0
Region 27,Region 54,0,0,0,0,0,0,0,0,1,0.009,0,0,2,0.004,1,0.001,1,0.001,1,0.001,2,0.003,3,0.005,4,0.007,4,0.007,4,0.006,4,0.006,1,0.001,5,0.006,1,0.001,0,0,2,0.005,1,0.003,2,0.008,0,0
Region 27,Region 55,0,0,0,0,0,0,0,0,0,0,0,0,0,0,0,0,0,0,0,0,0,0,1,0.002,1,0.002,0,0,1,0.002,0,0,0,0,0,0,0,0,0,0,1,0.002,0,0,0,0,1,0.006
Region 27,Region 56,0,0,0,0,0,0,0,0,0,0,0,0,0,0,0,0,0,0,0,0,0,0,0,0,0,0,0,0,0,0,0,0,0,0,1,0.001,0,0,1,0.002,1,0.002,0,0,0,0,0,0
Region 27,Region 57,0,0,0,0,0,0,0,0,0,0,0,0,0,0,0,0,0,0,1,0.001,0,0,2,0.003,0,0,0,0,0,0,0,0,0,0,1,0.001,0,0,0,0,0,0,0,0,0,0,0,0
Region 27,Region 58,1,0.006,0,0,0,0,2,0.029,2,0.017,5,0.019,2,0.004,2,0.003,5,0.006,2,0.003,1,0.002,3,0.005,5,0.008,5,0.008,3,0.005,7,0.01,4,0.006,5,0.006,10,0.014,5,0.009,1,0.002,0,0,3,0.011,1,0.006
Region 27,Region 59,1,0.006,0,0,0,0,1,0.014,0,0,0,0,1,0.002,5,0.006,2,0.002,8,0.011,4,0.007,1,0.002,3,0.005,3,0.005,3,0.005,4,0.006,3,0.004,5,0.006,2,0.003,1,0.002,3,0.007,5,0.014,0,0,0,0
Region 27,Region 60,0,0,0,0,0,0,0,0,1,0.009,0,0,0,0,2,0.003,0,0,1,0.001,0,0,0,0,0,0,1,0.002,1,0.002,0,0,0,0,0,0,2,0.003,0,0,0,0,0,0,0,0,0,0
Region 27,Region 61,2,0.012,0,0,0,0,1,0.014,0,0,0,0,3,0.006,5,0.006,5,0.006,3,0.004,5,0.009,4,0.007,5,0.008,6,0.01,9,0.014,10,0.015,13,0.019,10,0.013,18,0.024,6,0.011,3,0.007,3,0.008,6,0.023,0,0
Region 27,Region 62,1,0.006,0,0,0,0,0,0,0,0,0,0,1,0.002,1,0.001,1,0.001,1,0.001,0,0,0,0,0,0,0,0,0,0,0,0,1,0.001,1,0.001,0,0,1,0.002,1,0.002,0,0,0,0,0,0
Region 27,Region 63,1,0.006,0,0,0,0,0,0,0,0,0,0,0,0,0,0,0,0,0,0,0,0,0,0,0,0,0,0,0,0,0,0,0,0,0,0,0,0,0,0,0,0,0,0,0,0,0,0
Region 27,Region 64,0,0,0,0,0,0,0,0,0,0,0,0,0,0,3,0.004,1,0.001,0,0,0,0,1,0.002,1,0.002,1,0.002,2,0.003,1,0.001,1,0.001,2,0.003,6,0.008,0,0,1,0.002,3,0.008,1,0.004,0,0
Region 27,Region 65,1,0.006,1,0.011,2,0.03,0,0,0,0,1,0.004,3,0.006,5,0.006,12,0.014,8,0.011,2,0.003,3,0.005,7,0.011,2,0.003,6,0.01,2,0.003,8,0.012,5,0.006,7,0.01,3,0.006,4,0.009,2,0.005,5,0.019,1,0.006
Region 27,Region 66,5,0.03,1,0.011,2,0.03,1,0.014,0,0,3,0.012,5,0.01,9,0.011,11,0.013,5,0.007,3,0.005,4,0.007,14,0.023,5,0.008,3,0.005,7,0.01,7,0.01,4,0.005,6,0.008,2,0.004,5,0.012,1,0.003,1,0.004,1,0.006
Region 27,Region 67,0,0,0,0,0,0,0,0,0,0,0,0,0,0,0,0,0,0,0,0,0,0,0,0,0,0,0,0,0,0,0,0,1,0.001,0,0,0,0,0,0,0,0,0,0,0,0,0,0
Region 27,Region 68,0,0,0,0,0,0,0,0,0,0,0,0,0,0,0,0,0,0,0,0,0,0,0,0,0,0,0,0,0,0,0,0,0,0,0,0,0,0,0,0,0,0,0,0,0,0,0,0
Region 27,Region 69,0,0,0,0,0,0,0,0,1,0.009,1,0.004,0,0,0,0,0,0,0,0,0,0,0,0,0,0,0,0,0,0,0,0,0,0,1,0.001,1,0.001,0,0,0,0,0,0,0,0,0,0
Region 27,Region 70,0,0,0,0,0,0,0,0,0,0,0,0,0,0,0,0,0,0,0,0,0,0,0,0,0,0,0,0,0,0,0,0,0,0,0,0,0,0,0,0,0,0,0,0,0,0,0,0
Region 27,Region 71,0,0,0,0,0,0,0,0,0,0,1,0.004,0,0,0,0,0,0,0,0,0,0,0,0,0,0,0,0,0,0,0,0,0,0,0,0,0,0,0,0,0,0,0,0,0,0,0,0
Region 27,Region 72,2,0.012,1,0.011,0,0,1,0.014,0,0,0,0,2,0.004,11,0.014,22,0.026,10,0.014,4,0.007,1,0.002,3,0.005,0,0,5,0.008,2,0.003,0,0,4,0.005,3,0.004,5,0.009,0,0,3,0.008,0,0,2,0.011
Region 28,Region 0,0,0,0,0,0,0,1,0.014,0,0,0,0,0,0,0,0,0,0,0,0,0,0,0,0,0,0,1,0.002,0,0,0,0,0,0,0,0,0,0,1,0.002,0,0,0,0,0,0,0,0
Region 28,Region 1,1,0.006,0,0,1,0.015,1,0.014,2,0.017,5,0.019,16,0.033,34,0.043,28,0.033,15,0.021,17,0.029,11,0.019,10,0.016,12,0.02,9,0.014,1,0.001,8,0.012,12,0.015,11,0.015,7,0.013,7,0.016,4,0.011,9,0.034,0,0
Region 28,Region 2,0,0,0,0,0,0,0,0,0,0,0,0,2,0.004,3,0.004,1,0.001,4,0.006,2,0.003,1,0.002,0,0,0,0,0,0,0,0,1,0.001,1,0.001,2,0.003,3,0.006,1,0.002,0,0,2,0.008,1,0.006
Region 28,Region 3,0,0,0,0,0,0,0,0,0,0,0,0,0,0,0,0,1,0.001,1,0.001,0,0,0,0,0,0,0,0,1,0.002,0,0,0,0,0,0,0,0,2,0.004,0,0,1,0.003,1,0.004,0,0
Region 28,Region 4,1,0.006,0,0,0,0,0,0,0,0,0,0,1,0.002,1,0.001,1,0.001,1,0.001,1,0.002,0,0,1,0.002,1,0.002,2,0.003,3,0.004,2,0.003,1,0.001,3,0.004,1,0.002,1,0.002,0,0,1,0.004,0,0
Region 28,Region 5,0,0,0,0,0,0,0,0,0,0,0,0,0,0,1,0.001,0,0,0,0,0,0,0,0,0,0,0,0,0,0,0,0,1,0.001,0,0,0,0,0,0,0,0,0,0,0,0,0,0
Region 28,Region 6,0,0,0,0,0,0,0,0,0,0,1,0.004,1,0.002,4,0.005,1,0.001,6,0.008,3,0.005,5,0.009,4,0.007,2,0.003,3,0.005,4,0.006,2,0.003,2,0.003,4,0.005,1,0.002,1,0.002,1,0.003,0,0,1,0.006
Region 28,Region 7,0,0,0,0,0,0,0,0,0,0,0,0,0,0,0,0,0,0,1,0.001,0,0,0,0,0,0,0,0,0,0,0,0,1,0.001,2,0.003,1,0.001,0,0,1,0.002,0,0,0,0,0,0
Region 28,Region 8,0,0,0,0,0,0,0,0,0,0,0,0,0,0,0,0,0,0,0,0,0,0,0,0,0,0,0,0,0,0,0,0,0,0,0,0,0,0,0,0,0,0,0,0,0,0,0,0
Region 28,Region 9,0,0,1,0.011,0,0,0,0,0,0,0,0,2,0.004,5,0.006,3,0.004,1,0.001,0,0,1,0.002,2,0.003,0,0,0,0,2,0.003,1,0.001,2,0.003,2,0.003,1,0.002,1,0.002,1,0.003,0,0,1,0.006
Region 28,Region 10,0,0,0,0,0,0,0,0,1,0.009,3,0.012,6,0.012,4,0.005,6,0.007,3,0.004,2,0.003,1,0.002,1,0.002,1,0.002,3,0.005,2,0.003,0,0,1,0.001,0,0,0,0,0,0,1,0.003,1,0.004,2,0.011
Region 28,Region 11,0,0,0,0,0,0,0,0,0,0,0,0,0,0,0,0,2,0.002,0,0,0,0,0,0,0,0,0,0,0,0,0,0,0,0,0,0,0,0,1,0.002,0,0,0,0,0,0,0,0
Region 28,Region 12,0,0,0,0,0,0,0,0,0,0,1,0.004,1,0.002,1,0.001,0,0,0,0,0,0,2,0.003,3,0.005,1,0.002,0,0,2,0.003,2,0.003,0,0,1,0.001,2,0.004,0,0,1,0.003,1,0.004,1,0.006
Region 28,Region 13,3,0.018,1,0.011,0,0,0,0,4,0.034,28,0.109,79,0.161,106,0.135,94,0.11,91,0.129,66,0.113,47,0.081,31,0.05,29,0.047,32,0.051,37,0.054,36,0.052,31,0.04,23,0.031,10,0.018,9,0.021,14,0.038,12,0.046,4,0.022
Region 28,Region 14,0,0,0,0,0,0,0,0,0,0,0,0,2,0.004,2,0.003,2,0.002,1,0.001,1,0.002,1,0.002,0,0,0,0,0,0,1,0.001,4,0.006,0,0,2,0.003,0,0,0,0,0,0,0,0,0,0
Region 28,Region 15,2,0.012,0,0,0,0,0,0,0,0,0,0,1,0.002,0,0,0,0,1,0.001,1,0.002,0,0,0,0,1,0.002,4,0.006,2,0.003,0,0,1,0.001,2,0.003,0,0,0,0,0,0,0,0,0,0
Region 28,Region 16,0,0,0,0,1,0.015,0,0,0,0,0,0,0,0,0,0,0,0,0,0,0,0,0,0,0,0,0,0,0,0,0,0,1,0.001,0,0,0,0,0,0,0,0,1,0.003,2,0.008,0,0
Region 28,Region 17,4,0.024,2,0.022,5,0.075,3,0.043,5,0.043,17,0.066,50,0.102,81,0.103,90,0.105,73,0.103,76,0.13,76,0.13,79,0.129,66,0.107,71,0.114,86,0.125,111,0.16,125,0.161,89,0.121,109,0.201,89,0.205,40,0.109,20,0.076,5,0.028
Region 28,Region 18,0,0,0,0,0,0,0,0,0,0,0,0,0,0,0,0,0,0,0,0,0,0,0,0,0,0,0,0,0,0,0,0,0,0,0,0,0,0,0,0,0,0,0,0,0,0,0,0
Region 28,Region 19,0,0,0,0,1,0.015,0,0,0,0,0,0,0,0,0,0,0,0,0,0,1,0.002,0,0,0,0,0,0,0,0,0,0,0,0,1,0.001,0,0,0,0,0,0,0,0,0,0,0,0
Region 28,Region 20,0,0,0,0,0,0,0,0,0,0,0,0,1,0.002,10,0.013,8,0.009,3,0.004,0,0,0,0,2,0.003,1,0.002,2,0.003,1,0.001,2,0.003,2,0.003,3,0.004,3,0.006,1,0.002,1,0.003,0,0,0,0
Region 28,Region 21,0,0,0,0,0,0,0,0,0,0,0,0,0,0,0,0,0,0,0,0,0,0,0,0,0,0,0,0,0,0,0,0,0,0,0,0,0,0,0,0,0,0,0,0,0,0,0,0
Region 28,Region 22,0,0,0,0,0,0,0,0,0,0,0,0,0,0,0,0,0,0,0,0,1,0.002,0,0,0,0,0,0,0,0,1,0.001,0,0,0,0,0,0,0,0,0,0,0,0,0,0,1,0.006
Region 28,Region 23,0,0,2,0.022,0,0,0,0,1,0.009,1,0.004,0,0,1,0.001,2,0.002,4,0.006,3,0.005,2,0.003,4,0.007,4,0.007,0,0,0,0,1,0.001,4,0.005,5,0.007,4,0.007,5,0.012,4,0.011,1,0.004,0,0
Region 28,Region 24,1,0.006,0,0,0,0,1,0.014,0,0,1,0.004,4,0.008,5,0.006,11,0.013,10,0.014,9,0.015,14,0.024,11,0.018,11,0.018,11,0.018,17,0.025,20,0.029,17,0.022,17,0.023,17,0.031,8,0.018,9,0.025,6,0.023,3,0.017
Region 28,Region 25,0,0,0,0,0,0,0,0,0,0,1,0.004,3,0.006,3,0.004,2,0.002,3,0.004,0,0,2,0.003,3,0.005,2,0.003,0,0,0,0,0,0,1,0.001,3,0.004,0,0,0,0,0,0,0,0,0,0
Region 28,Region 26,2,0.012,0,0,0,0,0,0,0,0,0,0,0,0,1,0.001,1,0.001,1,0.001,0,0,0,0,1,0.002,1,0.002,0,0,1,0.001,0,0,1,0.001,0,0,0,0,1,0.002,0,0,1,0.004,0,0
Region 28,Region 27,0,0,0,0,0,0,0,0,0,0,0,0,0,0,1,0.001,1,0.001,2,0.003,0,0,0,0,0,0,0,0,0,0,1,0.001,1,0.001,1,0.001,1,0.001,0,0,0,0,0,0,0,0,0,0
Region 28,Region 28,41,0.246,29,0.319,8,0.12,7,0.1,15,0.128,38,0.147,128,0.261,508,0.645,606,0.708,420,0.594,370,0.634,370,0.634,417,0.679,412,0.671,412,0.662,548,0.799,620,0.892,724,0.931,633,0.861,426,0.784,286,0.659,194,0.531,117,0.444,53,0.293
Region 28,Region 29,2,0.012,0,0,0,0,0,0,0,0,0,0,3,0.006,3,0.004,3,0.004,3,0.004,1,0.002,5,0.009,5,0.008,4,0.007,1,0.002,3,0.004,7,0.01,4,0.005,4,0.005,2,0.004,5,0.012,1,0.003,1,0.004,2,0.011
Region 28,Region 30,0,0,0,0,1,0.015,0,0,0,0,2,0.008,8,0.016,22,0.028,26,0.03,16,0.023,10,0.017,13,0.022,10,0.016,9,0.015,11,0.018,8,0.012,12,0.017,11,0.014,12,0.016,8,0.015,6,0.014,2,0.005,6,0.023,2,0.011
Region 28,Region 31,7,0.042,7,0.077,7,0.105,1,0.014,9,0.077,27,0.105,56,0.114,72,0.091,116,0.136,93,0.132,77,0.132,77,0.132,70,0.114,97,0.158,82,0.132,78,0.114,66,0.095,100,0.129,81,0.11,72,0.133,74,0.17,49,0.134,30,0.114,3,0.017
Region 28,Region 32,0,0,0,0,0,0,0,0,0,0,0,0,0,0,0,0,0,0,0,0,0,0,0,0,0,0,0,0,0,0,0,0,2,0.003,0,0,0,0,0,0,0,0,1,0.003,0,0,0,0
Region 28,Region 33,1,0.006,0,0,1,0.015,1,0.014,1,0.009,1,0.004,9,0.018,32,0.041,22,0.026,10,0.014,9,0.015,7,0.012,12,0.02,10,0.016,12,0.019,10,0.015,9,0.013,12,0.015,9,0.012,5,0.009,7,0.016,10,0.027,5,0.019,0,0
Region 28,Region 34,5,0.03,6,0.066,2,0.03,2,0.029,10,0.085,53,0.206,127,0.259,139,0.176,112,0.131,96,0.136,73,0.125,45,0.077,44,0.072,36,0.059,34,0.055,27,0.039,33,0.047,42,0.054,40,0.054,28,0.052,27,0.062,33,0.09,21,0.08,12,0.066
Region 28,Region 35,0,0,0,0,0,0,0,0,0,0,0,0,0,0,1,0.001,5,0.006,2,0.003,1,0.002,0,0,1,0.002,0,0,0,0,1,0.001,1,0.001,0,0,0,0,1,0.002,2,0.005,1,0.003,4,0.015,2,0.011
Region 28,Region 36,0,0,0,0,0,0,0,0,0,0,1,0.004,0,0,0,0,0,0,0,0,1,0.002,0,0,0,0,0,0,1,0.002,0,0,0,0,1,0.001,0,0,0,0,0,0,0,0,0,0,0,0
Region 28,Region 37,2,0.012,0,0,0,0,0,0,1,0.009,1,0.004,2,0.004,1,0.001,6,0.007,6,0.008,2,0.003,9,0.015,4,0.007,1,0.002,3,0.005,10,0.015,12,0.017,14,0.018,7,0.01,10,0.018,2,0.005,5,0.014,4,0.015,1,0.006
Region 28,Region 38,0,0,0,0,0,0,0,0,0,0,0,0,2,0.004,0,0,0,0,0,0,2,0.003,3,0.005,0,0,0,0,4,0.006,0,0,1,0.001,5,0.006,3,0.004,3,0.006,0,0,0,0,0,0,0,0
Region 28,Region 39,0,0,0,0,0,0,0,0,0,0,0,0,0,0,0,0,1,0.001,0,0,0,0,0,0,0,0,0,0,0,0,0,0,0,0,0,0,0,0,0,0,1,0.002,0,0,0,0,0,0
Region 28,Region 40,2,0.012,1,0.011,0,0,0,0,1,0.009,2,0.008,2,0.004,4,0.005,7,0.008,6,0.008,3,0.005,3,0.005,6,0.01,5,0.008,4,0.006,9,0.013,14,0.02,17,0.022,11,0.015,9,0.017,3,0.007,5,0.014,5,0.019,2,0.011
Region 28,Region 41,1,0.006,1,0.011,0,0,1,0.014,1,0.009,4,0.016,7,0.014,4,0.005,2,0.002,7,0.01,4,0.007,6,0.01,7,0.011,7,0.011,6,0.01,2,0.003,2,0.003,6,0.008,4,0.005,6,0.011,5,0.012,3,0.008,1,0.004,1,0.006
Region 28,Region 42,0,0,0,0,0,0,0,0,0,0,0,0,1,0.002,0,0,0,0,0,0,1,0.002,2,0.003,1,0.002,1,0.002,0,0,0,0,0,0,1,0.001,0,0,1,0.002,0,0,0,0,0,0,0,0
Region 28,Region 43,0,0,0,0,0,0,0,0,0,0,0,0,1,0.002,0,0,0,0,1,0.001,4,0.007,0,0,3,0.005,1,0.002,1,0.002,5,0.007,4,0.006,1,0.001,2,0.003,0,0,1,0.002,0,0,1,0.004,1,0.006
Region 28,Region 44,9,0.054,3,0.033,7,0.105,2,0.029,2,0.017,7,0.027,15,0.031,46,0.058,39,0.046,47,0.067,47,0.081,55,0.094,58,0.094,69,0.112,78,0.125,98,0.143,117,0.168,165,0.212,112,0.152,69,0.127,39,0.09,25,0.068,24,0.091,9,0.05
Region 28,Region 45,2,0.012,2,0.022,1,0.015,1,0.014,4,0.034,13,0.05,25,0.051,45,0.057,51,0.06,47,0.067,54,0.093,40,0.069,38,0.062,42,0.068,31,0.05,44,0.064,38,0.055,49,0.063,55,0.075,51,0.094,18,0.041,18,0.049,15,0.057,7,0.039
Region 28,Region 46,4,0.024,0,0,0,0,8,0.114,11,0.094,21,0.081,21,0.043,45,0.057,14,0.016,24,0.034,21,0.036,23,0.039,26,0.042,23,0.037,19,0.031,26,0.038,33,0.047,29,0.037,24,0.033,13,0.024,11,0.025,5,0.014,8,0.03,4,0.022
Region 28,Region 47,0,0,0,0,0,0,0,0,0,0,1,0.004,2,0.004,3,0.004,2,0.002,6,0.008,3,0.005,1,0.002,4,0.007,3,0.005,1,0.002,2,0.003,2,0.003,4,0.005,4,0.005,2,0.004,1,0.002,2,0.005,3,0.011,0,0
Region 28,Region 48,0,0,0,0,0,0,0,0,0,0,0,0,0,0,0,0,0,0,0,0,2,0.003,0,0,0,0,0,0,1,0.002,2,0.003,3,0.004,4,0.005,2,0.003,0,0,0,0,0,0,0,0,0,0
Region 28,Region 49,0,0,0,0,0,0,0,0,0,0,0,0,0,0,2,0.003,1,0.001,1,0.001,0,0,0,0,0,0,0,0,2,0.003,1,0.001,0,0,0,0,0,0,1,0.002,0,0,1,0.003,0,0,0,0
Region 28,Region 50,0,0,0,0,0,0,0,0,0,0,0,0,1,0.002,2,0.003,1,0.001,0,0,0,0,1,0.002,0,0,0,0,0,0,0,0,0,0,3,0.004,3,0.004,0,0,2,0.005,0,0,0,0,0,0
Region 28,Region 51,0,0,0,0,0,0,0,0,0,0,1,0.004,8,0.016,21,0.027,8,0.009,3,0.004,4,0.007,0,0,1,0.002,2,0.003,1,0.002,1,0.001,0,0,0,0,1,0.001,0,0,0,0,0,0,0,0,1,0.006
Region 28,Region 52,0,0,0,0,0,0,0,0,0,0,1,0.004,1,0.002,2,0.003,1,0.001,8,0.011,6,0.01,3,0.005,0,0,5,0.008,2,0.003,4,0.006,4,0.006,3,0.004,4,0.005,3,0.006,2,0.005,4,0.011,0,0,0,0
Region 28,Region 53,0,0,0,0,0,0,0,0,0,0,0,0,0,0,0,0,0,0,0,0,1,0.002,1,0.002,0,0,0,0,0,0,0,0,1,0.001,1,0.001,1,0.001,0,0,0,0,0,0,0,0,0,0
Region 28,Region 54,1,0.006,0,0,0,0,1,0.014,1,0.009,1,0.004,1,0.002,7,0.009,8,0.009,4,0.006,3,0.005,0,0,3,0.005,0,0,3,0.005,4,0.006,2,0.003,2,0.003,1,0.001,3,0.006,0,0,1,0.003,0,0,0,0
Region 28,Region 55,3,0.018,0,0,0,0,0,0,0,0,1,0.004,2,0.004,5,0.006,4,0.005,1,0.001,1,0.002,1,0.002,2,0.003,3,0.005,1,0.002,1,0.001,0,0,1,0.001,1,0.001,1,0.002,0,0,0,0,0,0,3,0.017
Region 28,Region 56,3,0.018,1,0.011,0,0,0,0,0,0,0,0,1,0.002,0,0,0,0,0,0,0,0,0,0,1,0.002,1,0.002,2,0.003,0,0,0,0,0,0,0,0,0,0,0,0,0,0,2,0.008,2,0.011
Region 28,Region 57,0,0,0,0,0,0,0,0,0,0,0,0,1,0.002,1,0.001,0,0,0,0,0,0,0,0,0,0,0,0,0,0,0,0,0,0,0,0,0,0,1,0.002,0,0,0,0,0,0,0,0
Region 28,Region 58,1,0.006,2,0.022,0,0,1,0.014,2,0.017,7,0.027,8,0.016,21,0.027,13,0.015,7,0.01,7,0.012,10,0.017,15,0.024,14,0.023,7,0.011,18,0.026,11,0.016,15,0.019,15,0.02,6,0.011,7,0.016,7,0.019,3,0.011,1,0.006
Region 28,Region 59,0,0,0,0,0,0,0,0,0,0,0,0,1,0.002,0,0,0,0,0,0,2,0.003,0,0,0,0,0,0,0,0,0,0,0,0,0,0,0,0,0,0,0,0,0,0,0,0,0,0
Region 28,Region 60,0,0,0,0,0,0,0,0,0,0,0,0,2,0.004,1,0.001,0,0,0,0,0,0,0,0,0,0,2,0.003,1,0.002,1,0.001,1,0.001,0,0,0,0,0,0,0,0,0,0,0,0,0,0
Region 28,Region 61,0,0,1,0.011,0,0,0,0,0,0,0,0,0,0,1,0.001,2,0.002,1,0.001,0,0,0,0,0,0,2,0.003,2,0.003,3,0.004,3,0.004,1,0.001,2,0.003,1,0.002,1,0.002,2,0.005,0,0,0,0
Region 28,Region 62,0,0,0,0,0,0,0,0,0,0,0,0,1,0.002,1,0.001,0,0,0,0,0,0,0,0,1,0.002,1,0.002,0,0,0,0,0,0,0,0,1,0.001,0,0,0,0,0,0,1,0.004,0,0
Region 28,Region 63,0,0,0,0,0,0,0,0,0,0,1,0.004,0,0,2,0.003,1,0.001,0,0,0,0,1,0.002,1,0.002,2,0.003,2,0.003,5,0.007,3,0.004,5,0.006,2,0.003,3,0.006,3,0.007,0,0,0,0,0,0
Region 28,Region 64,0,0,0,0,0,0,0,0,0,0,0,0,0,0,1,0.001,0,0,1,0.001,0,0,0,0,0,0,1,0.002,2,0.003,1,0.001,0,0,0,0,1,0.001,1,0.002,0,0,1,0.003,0,0,0,0
Region 28,Region 65,0,0,0,0,0,0,1,0.014,1,0.009,6,0.023,11,0.022,21,0.027,25,0.029,12,0.017,12,0.021,9,0.015,2,0.003,3,0.005,4,0.006,8,0.012,6,0.009,3,0.004,3,0.004,2,0.004,0,0,0,0,1,0.004,0,0
Region 28,Region 66,0,0,0,0,0,0,0,0,2,0.017,0,0,2,0.004,8,0.01,2,0.002,5,0.007,2,0.003,0,0,0,0,2,0.003,1,0.002,2,0.003,2,0.003,4,0.005,2,0.003,0,0,2,0.005,2,0.005,1,0.004,0,0
Region 28,Region 67,0,0,0,0,0,0,0,0,0,0,0,0,0,0,0,0,0,0,0,0,0,0,0,0,0,0,0,0,0,0,0,0,0,0,0,0,1,0.001,0,0,0,0,0,0,0,0,0,0
Region 28,Region 68,0,0,0,0,0,0,0,0,0,0,0,0,0,0,1,0.001,1,0.001,0,0,0,0,0,0,1,0.002,1,0.002,0,0,0,0,0,0,0,0,0,0,0,0,0,0,0,0,0,0,0,0
Region 28,Region 69,0,0,0,0,0,0,0,0,0,0,1,0.004,3,0.006,21,0.027,29,0.034,15,0.021,8,0.014,6,0.01,3,0.005,6,0.01,11,0.018,6,0.009,7,0.01,7,0.009,5,0.007,2,0.004,5,0.012,5,0.014,2,0.008,2,0.011
Region 28,Region 70,0,0,0,0,0,0,0,0,0,0,1,0.004,2,0.004,0,0,0,0,0,0,0,0,0,0,0,0,0,0,0,0,0,0,0,0,0,0,0,0,0,0,0,0,0,0,0,0,0,0
Region 28,Region 71,0,0,0,0,0,0,0,0,0,0,1,0.004,4,0.008,11,0.014,3,0.004,1,0.001,0,0,1,0.002,2,0.003,2,0.003,1,0.002,0,0,0,0,2,0.003,1,0.001,0,0,0,0,0,0,0,0,0,0
Region 28,Region 72,2,0.012,0,0,0,0,1,0.014,1,0.009,2,0.008,3,0.006,9,0.011,4,0.005,4,0.006,3,0.005,3,0.005,1,0.002,3,0.005,4,0.006,1,0.001,1,0.001,7,0.009,2,0.003,6,0.011,4,0.009,2,0.005,2,0.008,1,0.006
Region 29,Region 0,0,0,0,0,0,0,0,0,0,0,0,0,0,0,0,0,2,0.002,3,0.004,2,0.003,1,0.002,1,0.002,2,0.003,4,0.006,0,0,4,0.006,2,0.003,2,0.003,1,0.002,0,0,0,0,0,0,0,0
Region 29,Region 1,11,0.066,2,0.022,1,0.015,0,0,1,0.009,4,0.016,9,0.018,7,0.009,31,0.036,22,0.031,28,0.048,22,0.038,26,0.042,22,0.036,39,0.063,44,0.064,40,0.058,45,0.058,38,0.052,22,0.041,53,0.122,22,0.06,9,0.034,13,0.072
Region 29,Region 2,6,0.036,2,0.022,1,0.015,0,0,2,0.017,3,0.012,9,0.018,13,0.016,16,0.019,16,0.023,14,0.024,17,0.029,27,0.044,20,0.033,30,0.048,28,0.041,23,0.033,16,0.021,23,0.031,19,0.035,22,0.051,11,0.03,13,0.049,13,0.072
Region 29,Region 3,1,0.006,2,0.022,2,0.03,0,0,0,0,0,0,3,0.006,2,0.003,5,0.006,5,0.007,1,0.002,5,0.009,8,0.013,6,0.01,2,0.003,7,0.01,8,0.012,18,0.023,15,0.02,5,0.009,4,0.009,3,0.008,4,0.015,1,0.006
Region 29,Region 4,1,0.006,0,0,2,0.03,1,0.014,1,0.009,1,0.004,0,0,2,0.003,4,0.005,2,0.003,1,0.002,0,0,1,0.002,2,0.003,2,0.003,5,0.007,5,0.007,11,0.014,6,0.008,3,0.006,4,0.009,1,0.003,3,0.011,2,0.011
Region 29,Region 5,1,0.006,0,0,0,0,0,0,1,0.009,0,0,0,0,1,0.001,4,0.005,1,0.001,3,0.005,1,0.002,2,0.003,3,0.005,3,0.005,1,0.001,4,0.006,6,0.008,4,0.005,3,0.006,2,0.005,3,0.008,7,0.027,2,0.011
Region 29,Region 6,10,0.06,4,0.044,0,0,1,0.014,3,0.026,4,0.016,6,0.012,4,0.005,13,0.015,7,0.01,10,0.017,18,0.031,13,0.021,21,0.034,37,0.059,41,0.06,21,0.03,23,0.03,22,0.03,29,0.053,24,0.055,19,0.052,2,0.008,6,0.033
Region 29,Region 7,3,0.018,0,0,1,0.015,0,0,0,0,1,0.004,4,0.008,5,0.006,3,0.004,7,0.01,5,0.009,4,0.007,3,0.005,11,0.018,11,0.018,5,0.007,9,0.013,4,0.005,5,0.007,2,0.004,5,0.012,13,0.036,6,0.023,13,0.072
Region 29,Region 8,0,0,0,0,0,0,0,0,0,0,0,0,0,0,0,0,0,0,0,0,0,0,0,0,0,0,0,0,0,0,1,0.001,1,0.001,0,0,0,0,0,0,0,0,0,0,0,0,0,0
Region 29,Region 9,3,0.018,0,0,0,0,0,0,0,0,1,0.004,1,0.002,1,0.001,3,0.004,2,0.003,2,0.003,0,0,2,0.003,1,0.002,5,0.008,2,0.003,2,0.003,4,0.005,3,0.004,1,0.002,2,0.005,1,0.003,2,0.008,0,0
Region 29,Region 10,1,0.006,1,0.011,2,0.03,3,0.043,1,0.009,0,0,6,0.012,8,0.01,6,0.007,3,0.004,9,0.015,5,0.009,6,0.01,5,0.008,3,0.005,4,0.006,3,0.004,7,0.009,5,0.007,3,0.006,0,0,3,0.008,4,0.015,1,0.006
Region 29,Region 11,0,0,0,0,0,0,0,0,0,0,0,0,0,0,0,0,0,0,2,0.003,0,0,0,0,0,0,2,0.003,1,0.002,0,0,1,0.001,2,0.003,2,0.003,2,0.004,1,0.002,1,0.003,1,0.004,2,0.011
Region 29,Region 12,4,0.024,1,0.011,1,0.015,1,0.014,0,0,0,0,5,0.01,1,0.001,2,0.002,2,0.003,3,0.005,2,0.003,1,0.002,1,0.002,5,0.008,2,0.003,6,0.009,6,0.008,1,0.001,2,0.004,3,0.007,0,0,1,0.004,1,0.006
Region 29,Region 13,26,0.156,13,0.143,8,0.12,7,0.1,5,0.043,3,0.012,13,0.027,46,0.058,86,0.1,141,0.2,87,0.149,80,0.137,81,0.132,75,0.122,95,0.153,74,0.108,98,0.141,107,0.138,80,0.109,60,0.11,58,0.134,48,0.131,38,0.144,24,0.133
Region 29,Region 14,0,0,0,0,0,0,0,0,0,0,1,0.004,1,0.002,2,0.003,1,0.001,0,0,1,0.002,1,0.002,0,0,1,0.002,0,0,0,0,0,0,0,0,0,0,0,0,0,0,0,0,0,0,0,0
Region 29,Region 15,1,0.006,1,0.011,2,0.03,1,0.014,1,0.009,3,0.012,0,0,4,0.005,3,0.004,10,0.014,9,0.015,7,0.012,13,0.021,6,0.01,5,0.008,11,0.016,14,0.02,15,0.019,9,0.012,6,0.011,7,0.016,11,0.03,7,0.027,0,0
Region 29,Region 16,0,0,1,0.011,0,0,0,0,0,0,0,0,0,0,0,0,1,0.001,0,0,0,0,0,0,3,0.005,0,0,3,0.005,2,0.003,0,0,0,0,1,0.001,1,0.002,0,0,2,0.005,1,0.004,0,0
Region 29,Region 17,0,0,0,0,0,0,1,0.014,0,0,1,0.004,1,0.002,8,0.01,5,0.006,4,0.006,3,0.005,11,0.019,9,0.015,7,0.011,6,0.01,11,0.016,4,0.006,12,0.015,15,0.02,13,0.024,1,0.002,4,0.011,1,0.004,0,0
Region 29,Region 18,1,0.006,0,0,0,0,0,0,0,0,0,0,0,0,2,0.003,0,0,0,0,0,0,0,0,0,0,0,0,1,0.002,0,0,0,0,2,0.003,0,0,1,0.002,0,0,0,0,1,0.004,0,0
Region 29,Region 19,0,0,2,0.022,1,0.015,1,0.014,1,0.009,0,0,0,0,2,0.003,1,0.001,2,0.003,1,0.002,2,0.003,2,0.003,1,0.002,1,0.002,1,0.001,0,0,4,0.005,1,0.001,2,0.004,3,0.007,1,0.003,0,0,0,0
Region 29,Region 20,1,0.006,0,0,0,0,0,0,2,0.017,1,0.004,4,0.008,5,0.006,6,0.007,8,0.011,5,0.009,4,0.007,5,0.008,3,0.005,8,0.013,5,0.007,1,0.001,6,0.008,3,0.004,4,0.007,2,0.005,1,0.003,2,0.008,0,0
Region 29,Region 21,0,0,0,0,1,0.015,0,0,0,0,0,0,0,0,2,0.003,3,0.004,0,0,1,0.002,0,0,1,0.002,1,0.002,1,0.002,1,0.001,4,0.006,3,0.004,1,0.001,1,0.002,3,0.007,2,0.005,2,0.008,0,0
Region 29,Region 22,1,0.006,1,0.011,2,0.03,2,0.029,0,0,0,0,2,0.004,1,0.001,1,0.001,2,0.003,1,0.002,4,0.007,2,0.003,1,0.002,5,0.008,3,0.004,2,0.003,4,0.005,0,0,1,0.002,2,0.005,1,0.003,0,0,1,0.006
Region 29,Region 23,12,0.072,5,0.055,3,0.045,0,0,0,0,1,0.004,4,0.008,13,0.016,15,0.018,19,0.027,19,0.033,33,0.057,21,0.034,18,0.029,34,0.055,50,0.073,56,0.081,55,0.071,48,0.065,22,0.041,25,0.058,30,0.082,12,0.046,12,0.066
Region 29,Region 24,0,0,1,0.011,0,0,0,0,0,0,2,0.008,2,0.004,11,0.014,10,0.012,12,0.017,11,0.019,13,0.022,7,0.011,16,0.026,11,0.018,15,0.022,22,0.032,25,0.032,12,0.016,12,0.022,10,0.023,12,0.033,5,0.019,3,0.017
Region 29,Region 25,1,0.006,0,0,0,0,0,0,0,0,0,0,3,0.006,0,0,3,0.004,2,0.003,0,0,1,0.002,1,0.002,1,0.002,2,0.003,1,0.001,0,0,1,0.001,2,0.003,2,0.004,7,0.016,4,0.011,1,0.004,1,0.006
Region 29,Region 26,1,0.006,0,0,0,0,0,0,0,0,0,0,2,0.004,0,0,2,0.002,1,0.001,1,0.002,0,0,0,0,1,0.002,2,0.003,0,0,0,0,0,0,0,0,0,0,0,0,1,0.003,0,0,0,0
Region 29,Region 27,3,0.018,0,0,0,0,0,0,0,0,0,0,2,0.004,1,0.001,1,0.001,8,0.011,3,0.005,3,0.005,1,0.002,2,0.003,2,0.003,2,0.003,5,0.007,6,0.008,1,0.001,2,0.004,1,0.002,5,0.014,2,0.008,0,0
Region 29,Region 28,1,0.006,0,0,0,0,0,0,0,0,0,0,5,0.01,7,0.009,6,0.007,4,0.006,4,0.007,2,0.003,3,0.005,1,0.002,6,0.01,4,0.006,6,0.009,6,0.008,2,0.003,3,0.006,3,0.007,0,0,0,0,0,0
Region 29,Region 29,70,0.42,26,0.286,17,0.254,7,0.1,6,0.051,14,0.054,26,0.053,83,0.105,135,0.158,226,0.32,166,0.285,160,0.274,225,0.366,207,0.337,214,0.344,231,0.337,234,0.337,221,0.284,203,0.276,150,0.276,156,0.359,132,0.361,107,0.406,91,0.503
Region 29,Region 30,1,0.006,0,0,1,0.015,0,0,1,0.009,0,0,2,0.004,6,0.008,5,0.006,6,0.008,1,0.002,1,0.002,5,0.008,5,0.008,4,0.006,7,0.01,6,0.009,3,0.004,9,0.012,12,0.022,7,0.016,1,0.003,3,0.011,2,0.011
Region 29,Region 31,3,0.018,0,0,0,0,0,0,0,0,0,0,5,0.01,6,0.008,10,0.012,7,0.01,6,0.01,6,0.01,8,0.013,10,0.016,7,0.011,4,0.006,3,0.004,4,0.005,9,0.012,3,0.006,6,0.014,6,0.016,1,0.004,4,0.022
Region 29,Region 32,0,0,0,0,0,0,0,0,0,0,0,0,0,0,1,0.001,1,0.001,1,0.001,0,0,0,0,0,0,0,0,1,0.002,0,0,3,0.004,1,0.001,1,0.001,0,0,0,0,1,0.003,0,0,0,0
Region 29,Region 33,2,0.012,5,0.055,3,0.045,0,0,0,0,0,0,4,0.008,11,0.014,20,0.023,13,0.018,5,0.009,5,0.009,6,0.01,7,0.011,3,0.005,5,0.007,7,0.01,2,0.003,9,0.012,8,0.015,5,0.012,7,0.019,1,0.004,8,0.044
Region 29,Region 34,10,0.06,4,0.044,2,0.03,5,0.071,3,0.026,1,0.004,10,0.02,23,0.029,35,0.041,33,0.047,22,0.038,22,0.038,21,0.034,25,0.041,19,0.031,38,0.055,33,0.047,37,0.048,39,0.053,19,0.035,23,0.053,25,0.068,15,0.057,12,0.066
Region 29,Region 35,0,0,0,0,0,0,0,0,0,0,1,0.004,1,0.002,3,0.004,6,0.007,5,0.007,4,0.007,2,0.003,1,0.002,5,0.008,2,0.003,2,0.003,3,0.004,0,0,2,0.003,2,0.004,5,0.012,2,0.005,2,0.008,2,0.011
Region 29,Region 36,0,0,0,0,0,0,0,0,0,0,0,0,1,0.002,1,0.001,2,0.002,4,0.006,2,0.003,0,0,3,0.005,2,0.003,0,0,2,0.003,2,0.003,2,0.003,1,0.001,1,0.002,0,0,0,0,0,0,0,0
Region 29,Region 37,2,0.012,0,0,0,0,0,0,0,0,0,0,1,0.002,12,0.015,10,0.012,7,0.01,6,0.01,6,0.01,7,0.011,10,0.016,8,0.013,7,0.01,7,0.01,11,0.014,7,0.01,5,0.009,8,0.018,6,0.016,4,0.015,0,0
Region 29,Region 38,5,0.03,5,0.055,2,0.03,0,0,1,0.009,0,0,3,0.006,12,0.015,12,0.014,14,0.02,22,0.038,15,0.026,27,0.044,18,0.029,28,0.045,11,0.016,26,0.037,44,0.057,25,0.034,25,0.046,26,0.06,12,0.033,11,0.042,9,0.05
Region 29,Region 39,2,0.012,1,0.011,1,0.015,4,0.057,0,0,1,0.004,1,0.002,4,0.005,6,0.007,5,0.007,6,0.01,9,0.015,7,0.011,4,0.007,9,0.014,5,0.007,3,0.004,6,0.008,7,0.01,3,0.006,5,0.012,6,0.016,4,0.015,3,0.017
Region 29,Region 40,16,0.096,9,0.099,11,0.165,7,0.1,5,0.043,11,0.043,18,0.037,23,0.029,31,0.036,31,0.044,34,0.058,22,0.038,55,0.09,46,0.075,71,0.114,75,0.109,68,0.098,75,0.096,60,0.082,51,0.094,43,0.099,37,0.101,24,0.091,14,0.077
Region 29,Region 41,15,0.09,10,0.11,6,0.09,6,0.086,14,0.119,7,0.027,19,0.039,28,0.036,13,0.015,24,0.034,29,0.05,27,0.046,18,0.029,29,0.047,48,0.077,52,0.076,41,0.059,52,0.067,43,0.059,31,0.057,25,0.058,18,0.049,10,0.038,9,0.05
Region 29,Region 42,0,0,0,0,0,0,0,0,0,0,0,0,0,0,0,0,0,0,0,0,0,0,1,0.002,0,0,0,0,1,0.002,0,0,0,0,0,0,1,0.001,0,0,0,0,0,0,1,0.004,1,0.006
Region 29,Region 43,14,0.084,7,0.077,5,0.075,4,0.057,2,0.017,6,0.023,5,0.01,13,0.016,14,0.016,23,0.033,21,0.036,20,0.034,24,0.039,28,0.046,29,0.047,40,0.058,55,0.079,40,0.051,26,0.035,30,0.055,22,0.051,18,0.049,16,0.061,16,0.088
Region 29,Region 44,9,0.054,0,0,0,0,0,0,1,0.009,1,0.004,0,0,6,0.008,4,0.005,8,0.011,5,0.009,8,0.014,9,0.015,4,0.007,5,0.008,12,0.017,6,0.009,11,0.014,6,0.008,4,0.007,3,0.007,5,0.014,5,0.019,1,0.006
Region 29,Region 45,3,0.018,1,0.011,1,0.015,0,0,0,0,2,0.008,2,0.004,6,0.008,9,0.011,9,0.013,9,0.015,17,0.029,15,0.024,10,0.016,13,0.021,12,0.017,13,0.019,17,0.022,13,0.018,11,0.02,8,0.018,11,0.03,2,0.008,4,0.022
Region 29,Region 46,13,0.078,6,0.066,5,0.075,3,0.043,7,0.06,11,0.043,13,0.027,21,0.027,22,0.026,33,0.047,21,0.036,24,0.041,26,0.042,26,0.042,29,0.047,41,0.06,38,0.055,39,0.05,30,0.041,27,0.05,24,0.055,15,0.041,15,0.057,11,0.061
Region 29,Region 47,7,0.042,3,0.033,1,0.015,2,0.029,1,0.009,2,0.008,4,0.008,11,0.014,14,0.016,8,0.011,10,0.017,18,0.031,20,0.033,10,0.016,21,0.034,23,0.034,27,0.039,33,0.042,25,0.034,10,0.018,8,0.018,9,0.025,9,0.034,8,0.044
Region 29,Region 48,5,0.03,3,0.033,1,0.015,0,0,2,0.017,0,0,5,0.01,2,0.003,12,0.014,12,0.017,13,0.022,7,0.012,11,0.018,7,0.011,9,0.014,13,0.019,18,0.026,22,0.028,15,0.02,11,0.02,5,0.012,4,0.011,7,0.027,5,0.028
Region 29,Region 49,6,0.036,0,0,1,0.015,0,0,0,0,1,0.004,1,0.002,2,0.003,5,0.006,1,0.001,3,0.005,2,0.003,2,0.003,5,0.008,11,0.018,8,0.012,8,0.012,5,0.006,8,0.011,1,0.002,3,0.007,1,0.003,2,0.008,0,0
Region 29,Region 50,0,0,0,0,0,0,0,0,1,0.009,0,0,0,0,2,0.003,0,0,1,0.001,0,0,3,0.005,2,0.003,3,0.005,1,0.002,0,0,3,0.004,4,0.005,7,0.01,1,0.002,1,0.002,1,0.003,2,0.008,0,0
Region 29,Region 51,5,0.03,2,0.022,0,0,1,0.014,1,0.009,2,0.008,11,0.022,21,0.027,9,0.011,10,0.014,8,0.014,7,0.012,6,0.01,10,0.016,9,0.014,5,0.007,4,0.006,4,0.005,8,0.011,11,0.02,3,0.007,4,0.011,7,0.027,2,0.011
Region 29,Region 52,0,0,0,0,0,0,0,0,0,0,0,0,1,0.002,0,0,0,0,1,0.001,0,0,0,0,0,0,0,0,0,0,0,0,0,0,0,0,0,0,1,0.002,0,0,1,0.003,1,0.004,0,0
Region 29,Region 53,1,0.006,0,0,0,0,0,0,1,0.009,0,0,0,0,0,0,0,0,2,0.003,0,0,0,0,1,0.002,2,0.003,0,0,4,0.006,2,0.003,1,0.001,1,0.001,2,0.004,3,0.007,0,0,0,0,2,0.011
Region 29,Region 54,0,0,1,0.011,1,0.015,0,0,1,0.009,0,0,0,0,1,0.001,8,0.009,7,0.01,7,0.012,7,0.012,6,0.01,5,0.008,5,0.008,4,0.006,4,0.006,8,0.01,11,0.015,12,0.022,13,0.03,4,0.011,3,0.011,3,0.017
Region 29,Region 55,1,0.006,0,0,0,0,0,0,1,0.009,6,0.023,3,0.006,6,0.008,13,0.015,14,0.02,9,0.015,8,0.014,8,0.013,6,0.01,5,0.008,15,0.022,13,0.019,8,0.01,10,0.014,5,0.009,8,0.018,5,0.014,4,0.015,1,0.006
Region 29,Region 56,0,0,1,0.011,1,0.015,0,0,0,0,0,0,0,0,1,0.001,0,0,1,0.001,0,0,1,0.002,0,0,2,0.003,3,0.005,3,0.004,2,0.003,2,0.003,3,0.004,1,0.002,2,0.005,3,0.008,6,0.023,1,0.006
Region 29,Region 57,0,0,0,0,0,0,0,0,0,0,0,0,0,0,1,0.001,1,0.001,1,0.001,2,0.003,2,0.003,1,0.002,0,0,0,0,3,0.004,1,0.001,0,0,1,0.001,1,0.002,0,0,0,0,2,0.008,0,0
Region 29,Region 58,20,0.12,10,0.11,7,0.105,6,0.086,11,0.094,19,0.074,31,0.063,41,0.052,37,0.043,42,0.059,36,0.062,42,0.072,35,0.057,39,0.063,44,0.071,69,0.101,70,0.101,81,0.104,60,0.082,39,0.072,51,0.117,38,0.104,22,0.084,19,0.105
Region 29,Region 59,0,0,0,0,0,0,0,0,1,0.009,2,0.008,0,0,1,0.001,3,0.004,7,0.01,3,0.005,1,0.002,3,0.005,1,0.002,1,0.002,1,0.001,0,0,4,0.005,0,0,2,0.004,0,0,1,0.003,0,0,0,0
Region 29,Region 60,0,0,0,0,0,0,0,0,0,0,0,0,0,0,4,0.005,1,0.001,3,0.004,0,0,0,0,0,0,2,0.003,1,0.002,2,0.003,1,0.001,1,0.001,0,0,2,0.004,0,0,0,0,3,0.011,0,0
Region 29,Region 61,2,0.012,1,0.011,1,0.015,1,0.014,3,0.026,3,0.012,10,0.02,8,0.01,2,0.002,3,0.004,6,0.01,4,0.007,4,0.007,12,0.02,5,0.008,9,0.013,11,0.016,20,0.026,6,0.008,6,0.011,13,0.03,6,0.016,4,0.015,4,0.022
Region 29,Region 62,1,0.006,0,0,0,0,0,0,0,0,0,0,0,0,1,0.001,0,0,1,0.001,1,0.002,0,0,1,0.002,0,0,1,0.002,1,0.001,3,0.004,5,0.006,5,0.007,4,0.007,1,0.002,0,0,1,0.004,1,0.006
Region 29,Region 63,3,0.018,1,0.011,1,0.015,0,0,1,0.009,0,0,0,0,0,0,1,0.001,0,0,3,0.005,1,0.002,3,0.005,2,0.003,1,0.002,3,0.004,2,0.003,5,0.006,2,0.003,0,0,1,0.002,1,0.003,0,0,0,0
Region 29,Region 64,1,0.006,2,0.022,0,0,1,0.014,0,0,1,0.004,1,0.002,6,0.008,4,0.005,6,0.008,2,0.003,2,0.003,1,0.002,6,0.01,4,0.006,10,0.015,9,0.013,10,0.013,7,0.01,3,0.006,5,0.012,2,0.005,2,0.008,4,0.022
Region 29,Region 65,18,0.108,6,0.066,2,0.03,3,0.043,0,0,4,0.016,8,0.016,29,0.037,52,0.061,46,0.065,35,0.06,39,0.067,34,0.055,31,0.05,27,0.043,35,0.051,61,0.088,50,0.064,34,0.046,29,0.053,28,0.064,30,0.082,15,0.057,17,0.094
Region 29,Region 66,4,0.024,3,0.033,2,0.03,1,0.014,0,0,1,0.004,7,0.014,7,0.009,15,0.018,12,0.017,13,0.022,3,0.005,11,0.018,11,0.018,11,0.018,11,0.016,12,0.017,11,0.014,7,0.01,14,0.026,16,0.037,14,0.038,6,0.023,4,0.022
Region 29,Region 67,1,0.006,0,0,0,0,0,0,1,0.009,0,0,0,0,0,0,1,0.001,0,0,1,0.002,1,0.002,0,0,3,0.005,1,0.002,0,0,2,0.003,0,0,3,0.004,1,0.002,1,0.002,0,0,1,0.004,0,0
Region 29,Region 68,0,0,0,0,0,0,0,0,0,0,0,0,0,0,0,0,0,0,2,0.003,0,0,0,0,1,0.002,0,0,0,0,0,0,0,0,1,0.001,0,0,0,0,0,0,1,0.003,0,0,0,0
Region 29,Region 69,4,0.024,1,0.011,1,0.015,0,0,0,0,0,0,1,0.002,2,0.003,1,0.001,2,0.003,0,0,0,0,3,0.005,0,0,0,0,0,0,0,0,1,0.001,1,0.001,1,0.002,0,0,3,0.008,0,0,0,0
Region 29,Region 70,0,0,0,0,0,0,0,0,0,0,0,0,0,0,0,0,0,0,0,0,0,0,0,0,1,0.002,0,0,0,0,1,0.001,0,0,0,0,0,0,0,0,0,0,0,0,0,0,0,0
Region 29,Region 71,0,0,0,0,0,0,0,0,0,0,0,0,1,0.002,2,0.003,0,0,0,0,1,0.002,0,0,0,0,1,0.002,1,0.002,0,0,0,0,1,0.001,2,0.003,1,0.002,1,0.002,0,0,0,0,0,0
Region 29,Region 72,14,0.084,9,0.099,3,0.045,2,0.029,7,0.06,4,0.016,12,0.025,18,0.023,31,0.036,21,0.03,14,0.024,21,0.036,26,0.042,32,0.052,34,0.055,26,0.038,24,0.035,28,0.036,16,0.022,20,0.037,29,0.067,25,0.068,17,0.065,12,0.066
Region 30,Region 0,0,0,0,0,0,0,0,0,0,0,0,0,0,0,0,0,0,0,0,0,0,0,0,0,0,0,0,0,0,0,0,0,0,0,0,0,0,0,0,0,1,0.002,0,0,0,0,1,0.006
Region 30,Region 1,13,0.078,10,0.11,9,0.135,1,0.014,1,0.009,5,0.019,13,0.027,31,0.039,67,0.078,86,0.122,59,0.101,64,0.11,76,0.124,70,0.114,75,0.12,76,0.111,99,0.142,123,0.158,124,0.169,84,0.155,88,0.203,55,0.151,47,0.178,19,0.105
Region 30,Region 2,2,0.012,0,0,0,0,0,0,1,0.009,0,0,0,0,0,0,0,0,0,0,0,0,1,0.002,1,0.002,1,0.002,0,0,0,0,1,0.001,0,0,1,0.001,2,0.004,0,0,0,0,0,0,0,0
Region 30,Region 3,0,0,0,0,0,0,0,0,0,0,0,0,0,0,0,0,0,0,2,0.003,0,0,0,0,0,0,0,0,0,0,0,0,0,0,0,0,1,0.001,1,0.002,0,0,0,0,1,0.004,0,0
Region 30,Region 4,1,0.006,0,0,0,0,1,0.014,0,0,1,0.004,0,0,0,0,0,0,0,0,3,0.005,0,0,0,0,0,0,0,0,3,0.004,1,0.001,1,0.001,3,0.004,1,0.002,0,0,2,0.005,2,0.008,2,0.011
Region 30,Region 5,0,0,0,0,0,0,0,0,0,0,0,0,0,0,0,0,0,0,0,0,0,0,0,0,0,0,0,0,0,0,0,0,1,0.001,0,0,0,0,0,0,0,0,0,0,1,0.004,0,0
Region 30,Region 6,0,0,0,0,0,0,0,0,0,0,0,0,0,0,0,0,0,0,0,0,1,0.002,0,0,0,0,0,0,1,0.002,1,0.001,3,0.004,2,0.003,4,0.005,1,0.002,2,0.005,0,0,0,0,1,0.006
Region 30,Region 7,1,0.006,0,0,0,0,0,0,0,0,0,0,0,0,1,0.001,1,0.001,0,0,0,0,0,0,2,0.003,1,0.002,0,0,1,0.001,0,0,0,0,0,0,0,0,1,0.002,0,0,1,0.004,1,0.006
Region 30,Region 8,0,0,0,0,0,0,0,0,0,0,0,0,0,0,1,0.001,1,0.001,1,0.001,0,0,1,0.002,0,0,1,0.002,0,0,1,0.001,2,0.003,0,0,3,0.004,1,0.002,1,0.002,2,0.005,0,0,0,0
Region 30,Region 9,0,0,0,0,0,0,2,0.029,0,0,0,0,0,0,1,0.001,0,0,1,0.001,1,0.002,0,0,0,0,0,0,0,0,0,0,3,0.004,3,0.004,1,0.001,3,0.006,1,0.002,1,0.003,0,0,4,0.022
Region 30,Region 10,11,0.066,11,0.121,3,0.045,2,0.029,3,0.026,11,0.043,26,0.053,47,0.06,64,0.075,59,0.083,43,0.074,48,0.082,55,0.09,52,0.085,49,0.079,59,0.086,58,0.083,80,0.103,80,0.109,41,0.075,41,0.094,37,0.101,23,0.087,11,0.061
Region 30,Region 11,0,0,0,0,0,0,0,0,0,0,0,0,0,0,0,0,0,0,0,0,0,0,0,0,0,0,0,0,1,0.002,1,0.001,1,0.001,0,0,0,0,0,0,0,0,0,0,0,0,1,0.006
Region 30,Region 12,0,0,0,0,0,0,0,0,0,0,0,0,0,0,1,0.001,0,0,0,0,0,0,0,0,1,0.002,0,0,3,0.005,0,0,0,0,1,0.001,0,0,1,0.002,1,0.002,1,0.003,0,0,0,0
Region 30,Region 13,9,0.054,3,0.033,1,0.015,0,0,1,0.009,4,0.016,5,0.01,19,0.024,26,0.03,23,0.033,24,0.041,20,0.034,20,0.033,22,0.036,30,0.048,30,0.044,38,0.055,37,0.048,31,0.042,15,0.028,21,0.048,16,0.044,7,0.027,9,0.05
Region 30,Region 14,0,0,0,0,0,0,0,0,0,0,0,0,0,0,6,0.008,7,0.008,2,0.003,2,0.003,5,0.009,2,0.003,5,0.008,5,0.008,7,0.01,11,0.016,15,0.019,7,0.01,8,0.015,2,0.005,0,0,0,0,2,0.011
Region 30,Region 15,1,0.006,0,0,0,0,0,0,0,0,0,0,0,0,0,0,0,0,2,0.003,1,0.002,2,0.003,0,0,2,0.003,0,0,1,0.001,1,0.001,1,0.001,2,0.003,0,0,2,0.005,0,0,0,0,1,0.006
Region 30,Region 16,0,0,0,0,0,0,0,0,0,0,0,0,0,0,0,0,0,0,0,0,0,0,0,0,0,0,0,0,0,0,0,0,1,0.001,1,0.001,0,0,0,0,1,0.002,0,0,0,0,0,0
Region 30,Region 17,0,0,2,0.022,0,0,0,0,0,0,0,0,2,0.004,2,0.003,0,0,0,0,7,0.012,11,0.019,4,0.007,9,0.015,8,0.013,10,0.015,9,0.013,16,0.021,23,0.031,17,0.031,8,0.018,8,0.022,3,0.011,4,0.022
Region 30,Region 18,0,0,0,0,0,0,0,0,0,0,0,0,0,0,0,0,0,0,0,0,0,0,0,0,0,0,0,0,0,0,0,0,0,0,1,0.001,2,0.003,0,0,0,0,0,0,0,0,0,0
Region 30,Region 19,0,0,0,0,0,0,0,0,0,0,0,0,1,0.002,1,0.001,0,0,0,0,0,0,0,0,1,0.002,1,0.002,0,0,0,0,1,0.001,0,0,0,0,0,0,1,0.002,1,0.003,0,0,0,0
Region 30,Region 20,3,0.018,0,0,0,0,1,0.014,0,0,2,0.008,5,0.01,15,0.019,29,0.034,25,0.035,18,0.031,19,0.033,24,0.039,16,0.026,17,0.027,13,0.019,12,0.017,33,0.042,23,0.031,20,0.037,10,0.023,20,0.055,13,0.049,2,0.011
Region 30,Region 21,0,0,0,0,0,0,0,0,0,0,0,0,0,0,0,0,0,0,0,0,0,0,0,0,1,0.002,1,0.002,0,0,1,0.001,0,0,0,0,0,0,0,0,0,0,0,0,0,0,0,0
Region 30,Region 22,1,0.006,0,0,1,0.015,0,0,0,0,0,0,0,0,0,0,0,0,0,0,0,0,0,0,0,0,0,0,0,0,0,0,0,0,0,0,0,0,0,0,1,0.002,0,0,0,0,0,0
Region 30,Region 23,2,0.012,0,0,0,0,0,0,0,0,0,0,2,0.004,1,0.001,1,0.001,0,0,4,0.007,3,0.005,4,0.007,0,0,5,0.008,5,0.007,5,0.007,4,0.005,8,0.011,3,0.006,5,0.012,7,0.019,0,0,2,0.011
Region 30,Region 24,1,0.006,0,0,0,0,0,0,0,0,0,0,0,0,3,0.004,2,0.002,1,0.001,0,0,3,0.005,1,0.002,5,0.008,6,0.01,6,0.009,7,0.01,8,0.01,10,0.014,8,0.015,7,0.016,6,0.016,5,0.019,0,0
Region 30,Region 25,5,0.03,7,0.077,1,0.015,0,0,3,0.026,1,0.004,9,0.018,11,0.014,35,0.041,14,0.02,19,0.033,13,0.022,17,0.028,13,0.021,14,0.022,14,0.02,16,0.023,35,0.045,32,0.044,15,0.028,19,0.044,20,0.055,8,0.03,7,0.039
Region 30,Region 26,0,0,0,0,1,0.015,0,0,0,0,0,0,0,0,0,0,3,0.004,2,0.003,3,0.005,0,0,3,0.005,4,0.007,6,0.01,5,0.007,9,0.013,12,0.015,12,0.016,4,0.007,3,0.007,0,0,0,0,0,0
Region 30,Region 27,0,0,0,0,0,0,0,0,0,0,1,0.004,0,0,0,0,0,0,0,0,0,0,1,0.002,0,0,1,0.002,0,0,0,0,0,0,1,0.001,1,0.001,0,0,1,0.002,1,0.003,0,0,0,0
Region 30,Region 28,6,0.036,6,0.066,3,0.045,0,0,0,0,0,0,3,0.006,7,0.009,7,0.008,8,0.011,2,0.003,7,0.012,15,0.024,11,0.018,10,0.016,13,0.019,12,0.017,26,0.033,24,0.033,18,0.033,13,0.03,8,0.022,5,0.019,8,0.044
Region 30,Region 29,2,0.012,0,0,0,0,0,0,1,0.009,0,0,1,0.002,1,0.001,2,0.002,2,0.003,4,0.007,2,0.003,4,0.007,1,0.002,2,0.003,2,0.003,2,0.003,4,0.005,2,0.003,1,0.002,2,0.005,7,0.019,5,0.019,1,0.006
Region 30,Region 30,29,0.174,15,0.165,15,0.224,5,0.071,8,0.068,21,0.081,49,0.1,123,0.156,226,0.264,259,0.367,197,0.338,213,0.365,240,0.391,245,0.399,200,0.321,223,0.325,292,0.42,408,0.525,439,0.597,255,0.47,198,0.456,126,0.345,71,0.27,59,0.326
Region 30,Region 31,6,0.036,3,0.033,3,0.045,0,0,0,0,7,0.027,8,0.016,29,0.037,63,0.074,54,0.076,46,0.079,49,0.084,60,0.098,77,0.125,66,0.106,71,0.104,103,0.148,124,0.159,150,0.204,99,0.182,52,0.12,29,0.079,26,0.099,16,0.088
Region 30,Region 32,0,0,0,0,0,0,0,0,0,0,0,0,0,0,0,0,0,0,0,0,0,0,0,0,0,0,0,0,0,0,0,0,0,0,1,0.001,0,0,0,0,0,0,0,0,0,0,0,0
Region 30,Region 33,10,0.06,3,0.033,4,0.06,0,0,0,0,5,0.019,19,0.039,41,0.052,61,0.071,29,0.041,32,0.055,40,0.069,49,0.08,61,0.099,80,0.129,90,0.131,84,0.121,92,0.118,75,0.102,45,0.083,44,0.101,35,0.096,16,0.061,20,0.111
Region 30,Region 34,20,0.12,16,0.176,13,0.195,5,0.071,5,0.043,4,0.016,25,0.051,80,0.102,103,0.12,90,0.127,92,0.158,85,0.146,114,0.186,117,0.19,92,0.148,138,0.201,150,0.216,186,0.239,208,0.283,142,0.261,134,0.309,96,0.263,57,0.216,31,0.171
Region 30,Region 35,4,0.024,3,0.033,1,0.015,2,0.029,0,0,1,0.004,3,0.006,11,0.014,29,0.034,16,0.023,16,0.027,13,0.022,15,0.024,24,0.039,24,0.039,21,0.031,19,0.027,18,0.023,29,0.039,35,0.064,13,0.03,14,0.038,2,0.008,7,0.039
Region 30,Region 36,0,0,0,0,0,0,0,0,0,0,0,0,2,0.004,0,0,1,0.001,4,0.006,2,0.003,4,0.007,3,0.005,1,0.002,0,0,1,0.001,1,0.001,1,0.001,1,0.001,4,0.007,5,0.012,3,0.008,1,0.004,1,0.006
Region 30,Region 37,1,0.006,0,0,1,0.015,0,0,0,0,0,0,2,0.004,0,0,3,0.004,7,0.01,1,0.002,5,0.009,1,0.002,6,0.01,2,0.003,7,0.01,6,0.009,12,0.015,6,0.008,6,0.011,6,0.014,1,0.003,2,0.008,1,0.006
Region 30,Region 38,1,0.006,0,0,0,0,0,0,0,0,0,0,0,0,0,0,1,0.001,1,0.001,2,0.003,0,0,0,0,1,0.002,0,0,2,0.003,0,0,3,0.004,3,0.004,2,0.004,2,0.005,1,0.003,1,0.004,1,0.006
Region 30,Region 39,1,0.006,0,0,0,0,0,0,0,0,0,0,0,0,0,0,1,0.001,1,0.001,0,0,1,0.002,0,0,0,0,0,0,1,0.001,0,0,0,0,0,0,1,0.002,0,0,0,0,0,0,2,0.011
Region 30,Region 40,5,0.03,2,0.022,3,0.045,0,0,0,0,1,0.004,2,0.004,10,0.013,3,0.004,4,0.006,5,0.009,11,0.019,13,0.021,14,0.023,15,0.024,21,0.031,21,0.03,21,0.027,18,0.024,12,0.022,13,0.03,17,0.047,6,0.023,8,0.044
Region 30,Region 41,3,0.018,3,0.033,0,0,1,0.014,0,0,5,0.019,8,0.016,20,0.025,9,0.011,14,0.02,12,0.021,9,0.015,12,0.02,17,0.028,20,0.032,17,0.025,19,0.027,27,0.035,19,0.026,12,0.022,9,0.021,10,0.027,8,0.03,3,0.017
Region 30,Region 42,4,0.024,0,0,0,0,0,0,0,0,0,0,4,0.008,1,0.001,3,0.004,3,0.004,3,0.005,3,0.005,3,0.005,5,0.008,4,0.006,6,0.009,7,0.01,13,0.017,8,0.011,3,0.006,3,0.007,4,0.011,3,0.011,1,0.006
Region 30,Region 43,1,0.006,0,0,1,0.015,0,0,0,0,0,0,0,0,0,0,0,0,0,0,0,0,3,0.005,0,0,0,0,0,0,1,0.001,1,0.001,0,0,1,0.001,0,0,1,0.002,2,0.005,0,0,1,0.006
Region 30,Region 44,1,0.006,0,0,0,0,1,0.014,0,0,3,0.012,2,0.004,3,0.004,5,0.006,2,0.003,3,0.005,2,0.003,5,0.008,3,0.005,0,0,3,0.004,3,0.004,6,0.008,4,0.005,2,0.004,5,0.012,5,0.014,2,0.008,2,0.011
Region 30,Region 45,1,0.006,3,0.033,2,0.03,0,0,0,0,0,0,3,0.006,4,0.005,13,0.015,7,0.01,13,0.022,20,0.034,11,0.018,19,0.031,14,0.022,21,0.031,35,0.05,30,0.039,53,0.072,29,0.053,24,0.055,17,0.047,6,0.023,2,0.011
Region 30,Region 46,6,0.036,4,0.044,3,0.045,0,0,11,0.094,9,0.035,20,0.041,41,0.052,47,0.055,32,0.045,19,0.033,21,0.036,25,0.041,35,0.057,33,0.053,41,0.06,34,0.049,53,0.068,51,0.069,23,0.042,36,0.083,27,0.074,12,0.046,10,0.055
Region 30,Region 47,0,0,0,0,0,0,0,0,3,0.026,1,0.004,0,0,0,0,0,0,0,0,0,0,2,0.003,0,0,1,0.002,3,0.005,1,0.001,3,0.004,4,0.005,5,0.007,4,0.007,4,0.009,3,0.008,2,0.008,1,0.006
Region 30,Region 48,0,0,0,0,0,0,0,0,0,0,0,0,0,0,0,0,0,0,0,0,0,0,0,0,0,0,1,0.002,0,0,2,0.003,4,0.006,1,0.001,0,0,0,0,1,0.002,2,0.005,0,0,0,0
Region 30,Region 49,0,0,0,0,0,0,0,0,0,0,0,0,0,0,0,0,0,0,0,0,0,0,0,0,0,0,0,0,0,0,1,0.001,0,0,0,0,0,0,3,0.006,0,0,0,0,0,0,0,0
Region 30,Region 50,2,0.012,0,0,1,0.015,0,0,0,0,0,0,2,0.004,6,0.008,5,0.006,4,0.006,2,0.003,4,0.007,1,0.002,1,0.002,3,0.005,6,0.009,3,0.004,5,0.006,5,0.007,5,0.009,6,0.014,0,0,1,0.004,1,0.006
Region 30,Region 51,4,0.024,6,0.066,3,0.045,1,0.014,2,0.017,3,0.012,24,0.049,63,0.08,60,0.07,42,0.059,38,0.065,23,0.039,27,0.044,36,0.059,31,0.05,32,0.047,43,0.062,45,0.058,54,0.073,49,0.09,38,0.088,15,0.041,16,0.061,10,0.055
Region 30,Region 52,2,0.012,2,0.022,0,0,0,0,1,0.009,3,0.012,12,0.025,24,0.03,27,0.032,30,0.042,27,0.046,35,0.06,31,0.05,37,0.06,43,0.069,32,0.047,52,0.075,83,0.107,86,0.117,49,0.09,34,0.078,22,0.06,12,0.046,4,0.022
Region 30,Region 53,0,0,0,0,0,0,0,0,0,0,0,0,0,0,0,0,0,0,0,0,0,0,0,0,0,0,0,0,0,0,0,0,0,0,0,0,1,0.001,0,0,0,0,0,0,0,0,0,0
Region 30,Region 54,3,0.018,4,0.044,0,0,0,0,0,0,0,0,1,0.002,2,0.003,15,0.018,10,0.014,6,0.01,12,0.021,6,0.01,12,0.02,14,0.022,18,0.026,17,0.024,20,0.026,25,0.034,13,0.024,13,0.03,14,0.038,5,0.019,3,0.017
Region 30,Region 55,1,0.006,0,0,0,0,0,0,0,0,0,0,0,0,3,0.004,0,0,2,0.003,3,0.005,2,0.003,0,0,1,0.002,0,0,4,0.006,2,0.003,2,0.003,0,0,0,0,0,0,1,0.003,0,0,0,0
Region 30,Region 56,0,0,0,0,0,0,0,0,0,0,1,0.004,0,0,0,0,0,0,0,0,1,0.002,0,0,1,0.002,2,0.003,1,0.002,2,0.003,0,0,3,0.004,0,0,1,0.002,0,0,1,0.003,1,0.004,0,0
Region 30,Region 57,0,0,2,0.022,0,0,0,0,0,0,0,0,0,0,1,0.001,2,0.002,2,0.003,2,0.003,2,0.003,2,0.003,5,0.008,4,0.006,1,0.001,5,0.007,8,0.01,3,0.004,1,0.002,3,0.007,0,0,3,0.011,1,0.006
Region 30,Region 58,1,0.006,1,0.011,1,0.015,0,0,0,0,1,0.004,3,0.006,4,0.005,3,0.004,4,0.006,4,0.007,13,0.022,3,0.005,8,0.013,5,0.008,19,0.028,5,0.007,9,0.012,3,0.004,7,0.013,6,0.014,7,0.019,5,0.019,0,0
Region 30,Region 59,1,0.006,0,0,0,0,0,0,0,0,0,0,0,0,2,0.003,2,0.002,2,0.003,2,0.003,1,0.002,1,0.002,1,0.002,0,0,2,0.003,3,0.004,2,0.003,2,0.003,2,0.004,1,0.002,1,0.003,0,0,1,0.006
Region 30,Region 60,2,0.012,3,0.033,0,0,0,0,0,0,0,0,5,0.01,7,0.009,13,0.015,12,0.017,7,0.012,8,0.014,9,0.015,9,0.015,13,0.021,5,0.007,20,0.029,26,0.033,24,0.033,11,0.02,7,0.016,10,0.027,1,0.004,3,0.017
Region 30,Region 61,0,0,2,0.022,0,0,0,0,0,0,1,0.004,0,0,0,0,0,0,1,0.001,0,0,0,0,4,0.007,2,0.003,0,0,2,0.003,3,0.004,5,0.006,2,0.003,5,0.009,5,0.012,1,0.003,0,0,0,0
Region 30,Region 62,0,0,0,0,0,0,0,0,0,0,0,0,0,0,0,0,0,0,0,0,0,0,0,0,0,0,0,0,1,0.002,1,0.001,0,0,1,0.001,0,0,0,0,0,0,1,0.003,0,0,0,0
Region 30,Region 63,0,0,0,0,0,0,0,0,0,0,0,0,1,0.002,2,0.003,1,0.001,1,0.001,0,0,2,0.003,0,0,1,0.002,3,0.005,2,0.003,1,0.001,1,0.001,2,0.003,2,0.004,1,0.002,1,0.003,2,0.008,1,0.006
Region 30,Region 64,0,0,0,0,0,0,0,0,0,0,0,0,0,0,0,0,1,0.001,0,0,0,0,0,0,0,0,0,0,0,0,2,0.003,0,0,0,0,0,0,0,0,2,0.005,0,0,1,0.004,0,0
Region 30,Region 65,1,0.006,1,0.011,1,0.015,1,0.014,0,0,0,0,2,0.004,17,0.022,14,0.016,9,0.013,5,0.009,8,0.014,11,0.018,15,0.024,14,0.022,15,0.022,10,0.014,6,0.008,10,0.014,7,0.013,17,0.039,11,0.03,6,0.023,4,0.022
Region 30,Region 66,1,0.006,2,0.022,0,0,0,0,0,0,1,0.004,2,0.004,2,0.003,7,0.008,4,0.006,6,0.01,2,0.003,7,0.011,6,0.01,3,0.005,5,0.007,4,0.006,12,0.015,6,0.008,3,0.006,5,0.012,3,0.008,5,0.019,4,0.022
Region 30,Region 67,0,0,0,0,1,0.015,0,0,0,0,0,0,0,0,0,0,0,0,0,0,0,0,0,0,0,0,0,0,0,0,0,0,0,0,0,0,0,0,0,0,0,0,0,0,0,0,0,0
Region 30,Region 68,0,0,0,0,0,0,0,0,0,0,1,0.004,1,0.002,1,0.001,2,0.002,3,0.004,8,0.014,1,0.002,4,0.007,1,0.002,1,0.002,4,0.006,12,0.017,5,0.006,10,0.014,4,0.007,1,0.002,0,0,0,0,0,0
Region 30,Region 69,1,0.006,1,0.011,1,0.015,2,0.029,0,0,3,0.012,12,0.025,18,0.023,31,0.036,16,0.023,9,0.015,24,0.041,18,0.029,17,0.028,12,0.019,23,0.034,12,0.017,19,0.024,19,0.026,7,0.013,4,0.009,3,0.008,3,0.011,1,0.006
Region 30,Region 70,0,0,0,0,0,0,0,0,0,0,0,0,1,0.002,2,0.003,1,0.001,2,0.003,2,0.003,3,0.005,1,0.002,1,0.002,1,0.002,0,0,0,0,4,0.005,4,0.005,2,0.004,2,0.005,0,0,0,0,0,0
Region 30,Region 71,2,0.012,0,0,0,0,0,0,0,0,2,0.008,3,0.006,15,0.019,8,0.009,11,0.016,7,0.012,8,0.014,8,0.013,6,0.01,10,0.016,8,0.012,11,0.016,10,0.013,13,0.018,3,0.006,3,0.007,0,0,0,0,1,0.006
Region 30,Region 72,47,0.282,26,0.286,26,0.389,8,0.114,10,0.085,15,0.058,38,0.078,127,0.161,164,0.192,120,0.17,100,0.171,129,0.221,171,0.278,181,0.295,177,0.284,217,0.316,213,0.307,255,0.328,274,0.373,174,0.32,151,0.348,117,0.32,85,0.323,64,0.354
Region 31,Region 0,0,0,0,0,0,0,0,0,1,0.009,0,0,0,0,0,0,0,0,0,0,0,0,1,0.002,0,0,1,0.002,2,0.003,0,0,0,0,0,0,0,0,0,0,0,0,0,0,0,0,0,0
Region 31,Region 1,4,0.024,0,0,1,0.015,1,0.014,0,0,0,0,12,0.025,24,0.03,54,0.063,39,0.055,31,0.053,24,0.041,32,0.052,23,0.037,21,0.034,14,0.02,24,0.035,37,0.048,44,0.06,32,0.059,37,0.085,37,0.101,14,0.053,11,0.061
Region 31,Region 2,0,0,0,0,0,0,0,0,0,0,0,0,0,0,1,0.001,1,0.001,0,0,1,0.002,0,0,1,0.002,1,0.002,1,0.002,3,0.004,2,0.003,1,0.001,4,0.005,2,0.004,2,0.005,1,0.003,3,0.011,0,0
Region 31,Region 3,0,0,0,0,0,0,0,0,0,0,0,0,0,0,1,0.001,0,0,0,0,0,0,0,0,1,0.002,0,0,1,0.002,0,0,1,0.001,0,0,0,0,0,0,0,0,0,0,0,0,1,0.006
Region 31,Region 4,3,0.018,1,0.011,1,0.015,1,0.014,0,0,0,0,4,0.008,8,0.01,6,0.007,1,0.001,1,0.002,5,0.009,3,0.005,9,0.015,8,0.013,11,0.016,13,0.019,10,0.013,10,0.014,8,0.015,5,0.012,6,0.016,2,0.008,7,0.039
Region 31,Region 5,0,0,0,0,0,0,0,0,0,0,0,0,0,0,0,0,0,0,0,0,0,0,0,0,0,0,1,0.002,3,0.005,1,0.001,0,0,0,0,0,0,0,0,0,0,0,0,0,0,1,0.006
Region 31,Region 6,1,0.006,0,0,0,0,0,0,0,0,0,0,1,0.002,2,0.003,1,0.001,2,0.003,1,0.002,1,0.002,1,0.002,4,0.007,8,0.013,5,0.007,2,0.003,4,0.005,6,0.008,6,0.011,0,0,8,0.022,4,0.015,1,0.006
Region 31,Region 7,1,0.006,0,0,0,0,1,0.014,0,0,0,0,0,0,0,0,0,0,2,0.003,0,0,2,0.003,1,0.002,1,0.002,0,0,4,0.006,0,0,0,0,1,0.001,3,0.006,0,0,2,0.005,0,0,1,0.006
Region 31,Region 8,0,0,0,0,0,0,0,0,0,0,0,0,0,0,3,0.004,1,0.001,4,0.006,0,0,2,0.003,0,0,0,0,1,0.002,0,0,0,0,2,0.003,0,0,1,0.002,0,0,0,0,0,0,0,0
Region 31,Region 9,0,0,1,0.011,2,0.03,0,0,0,0,0,0,2,0.004,2,0.003,3,0.004,1,0.001,0,0,0,0,6,0.01,0,0,3,0.005,2,0.003,0,0,1,0.001,3,0.004,1,0.002,3,0.007,2,0.005,1,0.004,0,0
Region 31,Region 10,2,0.012,4,0.044,1,0.015,1,0.014,1,0.009,1,0.004,7,0.014,10,0.013,26,0.03,12,0.017,5,0.009,10,0.017,8,0.013,9,0.015,11,0.018,7,0.01,8,0.012,6,0.008,12,0.016,8,0.015,5,0.012,8,0.022,6,0.023,3,0.017
Region 31,Region 11,0,0,0,0,0,0,0,0,0,0,0,0,0,0,1,0.001,0,0,0,0,0,0,1,0.002,2,0.003,0,0,1,0.002,0,0,0,0,1,0.001,0,0,0,0,0,0,1,0.003,0,0,1,0.006
Region 31,Region 12,1,0.006,0,0,1,0.015,0,0,0,0,0,0,0,0,2,0.003,1,0.001,1,0.001,2,0.003,1,0.002,1,0.002,0,0,2,0.003,1,0.001,3,0.004,2,0.003,0,0,2,0.004,0,0,2,0.005,0,0,0,0
Region 31,Region 13,6,0.036,2,0.022,3,0.045,1,0.014,1,0.009,3,0.012,11,0.022,53,0.067,64,0.075,64,0.091,31,0.053,25,0.043,31,0.05,30,0.049,36,0.058,33,0.048,28,0.04,38,0.049,30,0.041,34,0.063,40,0.092,33,0.09,24,0.091,6,0.033
Region 31,Region 14,0,0,0,0,0,0,0,0,0,0,0,0,2,0.004,6,0.008,5,0.006,1,0.001,1,0.002,0,0,2,0.003,2,0.003,5,0.008,2,0.003,4,0.006,4,0.005,0,0,2,0.004,1,0.002,2,0.005,2,0.008,0,0
Region 31,Region 15,0,0,0,0,0,0,0,0,0,0,1,0.004,2,0.004,1,0.001,0,0,3,0.004,1,0.002,1,0.002,1,0.002,2,0.003,0,0,0,0,1,0.001,2,0.003,3,0.004,3,0.006,0,0,3,0.008,0,0,1,0.006
Region 31,Region 16,0,0,0,0,1,0.015,0,0,0,0,0,0,0,0,0,0,0,0,1,0.001,0,0,0,0,0,0,0,0,0,0,0,0,0,0,0,0,1,0.001,0,0,0,0,0,0,0,0,0,0
Region 31,Region 17,9,0.054,5,0.055,2,0.03,2,0.029,0,0,4,0.016,6,0.012,17,0.022,41,0.048,37,0.052,41,0.07,42,0.072,59,0.096,64,0.104,52,0.084,67,0.098,112,0.161,102,0.131,130,0.177,84,0.155,62,0.143,57,0.156,22,0.084,18,0.1
Region 31,Region 18,0,0,0,0,0,0,0,0,0,0,0,0,0,0,0,0,0,0,1,0.001,1,0.002,1,0.002,0,0,0,0,1,0.002,1,0.001,0,0,0,0,0,0,0,0,1,0.002,0,0,2,0.008,0,0
Region 31,Region 19,0,0,0,0,0,0,0,0,0,0,0,0,0,0,0,0,0,0,0,0,2,0.003,1,0.002,1,0.002,0,0,0,0,0,0,0,0,0,0,0,0,0,0,0,0,2,0.005,1,0.004,0,0
Region 31,Region 20,1,0.006,0,0,0,0,0,0,0,0,1,0.004,0,0,29,0.037,42,0.049,12,0.017,8,0.014,6,0.01,12,0.02,10,0.016,8,0.013,4,0.006,7,0.01,10,0.013,12,0.016,8,0.015,5,0.012,4,0.011,2,0.008,0,0
Region 31,Region 21,1,0.006,0,0,0,0,0,0,0,0,0,0,0,0,0,0,0,0,0,0,0,0,0,0,0,0,0,0,0,0,0,0,0,0,0,0,2,0.003,0,0,1,0.002,0,0,1,0.004,0,0
Region 31,Region 22,0,0,0,0,0,0,0,0,0,0,0,0,0,0,0,0,0,0,0,0,0,0,0,0,0,0,0,0,0,0,1,0.001,1,0.001,1,0.001,0,0,0,0,0,0,0,0,1,0.004,0,0
Region 31,Region 23,1,0.006,0,0,1,0.015,0,0,0,0,0,0,1,0.002,1,0.001,2,0.002,3,0.004,2,0.003,8,0.014,4,0.007,6,0.01,7,0.011,7,0.01,2,0.003,1,0.001,7,0.01,7,0.013,3,0.007,8,0.022,6,0.023,2,0.011
Region 31,Region 24,2,0.012,2,0.022,0,0,1,0.014,0,0,2,0.008,1,0.002,9,0.011,19,0.022,9,0.013,17,0.029,22,0.038,12,0.02,22,0.036,18,0.029,26,0.038,12,0.017,18,0.023,29,0.039,24,0.044,14,0.032,12,0.033,15,0.057,11,0.061
Region 31,Region 25,1,0.006,3,0.033,1,0.015,1,0.014,0,0,0,0,5,0.01,16,0.02,20,0.023,18,0.025,7,0.012,4,0.007,7,0.011,6,0.01,8,0.013,3,0.004,7,0.01,9,0.012,17,0.023,9,0.017,11,0.025,7,0.019,3,0.011,4,0.022
Region 31,Region 26,0,0,0,0,0,0,0,0,0,0,1,0.004,2,0.004,3,0.004,2,0.002,0,0,1,0.002,0,0,0,0,2,0.003,3,0.005,1,0.001,3,0.004,2,0.003,3,0.004,4,0.007,3,0.007,0,0,0,0,0,0
Region 31,Region 27,1,0.006,0,0,0,0,0,0,0,0,0,0,1,0.002,1,0.001,1,0.001,1,0.001,0,0,0,0,1,0.002,1,0.002,0,0,0,0,1,0.001,1,0.001,0,0,1,0.002,1,0.002,3,0.008,1,0.004,0,0
Region 31,Region 28,31,0.186,16,0.176,9,0.135,5,0.071,2,0.017,6,0.023,29,0.059,59,0.075,55,0.064,41,0.058,75,0.129,62,0.106,73,0.119,86,0.14,107,0.172,97,0.141,113,0.163,135,0.174,151,0.205,97,0.179,88,0.203,91,0.249,56,0.213,28,0.155
Region 31,Region 29,1,0.006,1,0.011,1,0.015,1,0.014,1,0.009,1,0.004,0,0,5,0.006,5,0.006,2,0.003,5,0.009,7,0.012,8,0.013,6,0.01,3,0.005,5,0.007,5,0.007,5,0.006,5,0.007,6,0.011,8,0.018,7,0.019,5,0.019,4,0.022
Region 31,Region 30,12,0.072,5,0.055,4,0.06,2,0.029,1,0.009,3,0.012,17,0.035,67,0.085,126,0.147,91,0.129,46,0.079,55,0.094,56,0.091,60,0.098,57,0.092,56,0.082,68,0.098,100,0.129,83,0.113,58,0.107,52,0.12,39,0.107,21,0.08,11,0.061
Region 31,Region 31,43,0.258,18,0.198,14,0.21,8,0.114,10,0.085,24,0.093,77,0.157,250,0.317,372,0.435,309,0.437,306,0.525,321,0.55,361,0.587,376,0.612,380,0.611,394,0.574,462,0.665,598,0.769,638,0.868,457,0.842,272,0.626,230,0.63,125,0.475,54,0.299
Region 31,Region 32,0,0,0,0,0,0,0,0,0,0,0,0,0,0,0,0,0,0,0,0,0,0,0,0,1,0.002,1,0.002,0,0,1,0.001,0,0,1,0.001,3,0.004,2,0.004,0,0,1,0.003,1,0.004,0,0
Region 31,Region 33,5,0.03,6,0.066,0,0,0,0,5,0.043,8,0.031,16,0.033,55,0.07,61,0.071,30,0.042,20,0.034,22,0.038,29,0.047,33,0.054,30,0.048,27,0.039,33,0.047,32,0.041,35,0.048,25,0.046,29,0.067,28,0.077,17,0.065,7,0.039
Region 31,Region 34,23,0.138,11,0.121,10,0.15,4,0.057,3,0.026,14,0.054,19,0.039,118,0.15,211,0.247,148,0.209,117,0.201,114,0.195,118,0.192,123,0.2,109,0.175,150,0.219,149,0.214,177,0.228,161,0.219,145,0.267,123,0.283,121,0.331,64,0.243,35,0.193
Region 31,Region 35,5,0.03,2,0.022,2,0.03,0,0,0,0,0,0,4,0.008,9,0.011,16,0.019,7,0.01,9,0.015,9,0.015,11,0.018,12,0.02,7,0.011,6,0.009,8,0.012,5,0.006,8,0.011,14,0.026,11,0.025,5,0.014,9,0.034,4,0.022
Region 31,Region 36,0,0,0,0,0,0,0,0,0,0,0,0,0,0,2,0.003,2,0.002,2,0.003,1,0.002,0,0,2,0.003,1,0.002,0,0,0,0,2,0.003,1,0.001,0,0,0,0,1,0.002,1,0.003,1,0.004,0,0
Region 31,Region 37,2,0.012,0,0,0,0,0,0,0,0,1,0.004,3,0.006,6,0.008,8,0.009,6,0.008,8,0.014,9,0.015,7,0.011,10,0.016,13,0.021,10,0.015,12,0.017,14,0.018,24,0.033,15,0.028,13,0.03,11,0.03,8,0.03,3,0.017
Region 31,Region 38,0,0,0,0,0,0,0,0,0,0,0,0,1,0.002,1,0.001,3,0.004,4,0.006,2,0.003,1,0.002,2,0.003,5,0.008,1,0.002,3,0.004,2,0.003,3,0.004,4,0.005,4,0.007,1,0.002,2,0.005,1,0.004,0,0
Region 31,Region 39,0,0,0,0,0,0,0,0,1,0.009,0,0,0,0,0,0,0,0,0,0,1,0.002,0,0,2,0.003,1,0.002,1,0.002,1,0.001,1,0.001,0,0,0,0,0,0,0,0,1,0.003,2,0.008,0,0
Region 31,Region 40,9,0.054,6,0.066,4,0.06,3,0.043,0,0,4,0.016,8,0.016,15,0.019,12,0.014,9,0.013,13,0.022,20,0.034,15,0.024,21,0.034,16,0.026,27,0.039,25,0.036,22,0.028,28,0.038,33,0.061,35,0.081,22,0.06,26,0.099,18,0.1
Region 31,Region 41,6,0.036,3,0.033,2,0.03,1,0.014,5,0.043,3,0.012,12,0.025,32,0.041,17,0.02,14,0.02,12,0.021,28,0.048,33,0.054,23,0.037,28,0.045,23,0.034,15,0.022,15,0.019,25,0.034,22,0.041,14,0.032,14,0.038,18,0.068,11,0.061
Region 31,Region 42,0,0,0,0,0,0,0,0,0,0,0,0,2,0.004,9,0.011,3,0.004,0,0,2,0.003,1,0.002,3,0.005,0,0,0,0,0,0,3,0.004,1,0.001,2,0.003,4,0.007,3,0.007,3,0.008,3,0.011,0,0
Region 31,Region 43,0,0,1,0.011,0,0,0,0,0,0,1,0.004,0,0,1,0.001,2,0.002,0,0,3,0.005,0,0,4,0.007,2,0.003,3,0.005,1,0.001,2,0.003,5,0.006,2,0.003,4,0.007,2,0.005,9,0.025,3,0.011,1,0.006
Region 31,Region 44,0,0,2,0.022,1,0.015,2,0.029,0,0,1,0.004,1,0.002,4,0.005,11,0.013,7,0.01,6,0.01,4,0.007,9,0.015,9,0.015,8,0.013,15,0.022,12,0.017,22,0.028,9,0.012,9,0.017,9,0.021,11,0.03,10,0.038,0,0
Region 31,Region 45,10,0.06,5,0.055,2,0.03,2,0.029,4,0.034,10,0.039,11,0.022,50,0.063,61,0.071,69,0.098,42,0.072,63,0.108,57,0.093,87,0.142,87,0.14,85,0.124,112,0.161,147,0.189,138,0.188,118,0.217,67,0.154,71,0.194,35,0.133,24,0.133
Region 31,Region 46,6,0.036,6,0.066,4,0.06,5,0.071,6,0.051,26,0.101,36,0.074,55,0.07,74,0.086,39,0.055,32,0.055,33,0.057,33,0.054,48,0.078,40,0.064,36,0.052,33,0.047,34,0.044,41,0.056,33,0.061,25,0.058,37,0.101,22,0.084,7,0.039
Region 31,Region 47,1,0.006,0,0,1,0.015,0,0,0,0,0,0,3,0.006,3,0.004,2,0.002,0,0,3,0.005,2,0.003,3,0.005,5,0.008,6,0.01,4,0.006,2,0.003,0,0,5,0.007,6,0.011,5,0.012,5,0.014,8,0.03,2,0.011
Region 31,Region 48,0,0,1,0.011,0,0,0,0,0,0,0,0,0,0,1,0.001,0,0,1,0.001,1,0.002,0,0,1,0.002,1,0.002,3,0.005,0,0,2,0.003,2,0.003,1,0.001,0,0,1,0.002,1,0.003,0,0,1,0.006
Region 31,Region 49,0,0,0,0,0,0,0,0,0,0,0,0,0,0,0,0,1,0.001,0,0,2,0.003,0,0,0,0,0,0,0,0,0,0,1,0.001,1,0.001,1,0.001,2,0.004,0,0,3,0.008,1,0.004,0,0
Region 31,Region 50,0,0,0,0,0,0,0,0,0,0,0,0,0,0,2,0.003,1,0.001,0,0,1,0.002,2,0.003,1,0.002,3,0.005,1,0.002,0,0,0,0,1,0.001,1,0.001,2,0.004,2,0.005,5,0.014,0,0,0,0
Region 31,Region 51,8,0.048,6,0.066,3,0.045,1,0.014,0,0,7,0.027,24,0.049,53,0.067,55,0.064,22,0.031,31,0.053,25,0.043,16,0.026,22,0.036,25,0.04,19,0.028,17,0.024,17,0.022,27,0.037,23,0.042,21,0.048,12,0.033,14,0.053,6,0.033
Region 31,Region 52,3,0.018,0,0,0,0,0,0,0,0,1,0.004,9,0.018,32,0.041,47,0.055,39,0.055,41,0.07,33,0.057,41,0.067,39,0.063,32,0.051,49,0.071,46,0.066,58,0.075,79,0.107,67,0.123,38,0.088,33,0.09,16,0.061,9,0.05
Region 31,Region 53,0,0,0,0,0,0,0,0,0,0,0,0,0,0,0,0,0,0,1,0.001,0,0,0,0,0,0,0,0,0,0,0,0,0,0,2,0.003,0,0,0,0,0,0,1,0.003,1,0.004,0,0
Region 31,Region 54,1,0.006,1,0.011,0,0,1,0.014,1,0.009,2,0.008,2,0.004,11,0.014,3,0.004,7,0.01,9,0.015,9,0.015,3,0.005,2,0.003,6,0.01,5,0.007,3,0.004,8,0.01,13,0.018,15,0.028,5,0.012,7,0.019,7,0.027,3,0.017
Region 31,Region 55,2,0.012,0,0,0,0,0,0,0,0,0,0,1,0.002,1,0.001,3,0.004,0,0,3,0.005,2,0.003,5,0.008,4,0.007,2,0.003,3,0.004,0,0,1,0.001,2,0.003,5,0.009,1,0.002,0,0,1,0.004,0,0
Region 31,Region 56,0,0,0,0,0,0,0,0,0,0,1,0.004,1,0.002,0,0,1,0.001,0,0,0,0,1,0.002,1,0.002,0,0,1,0.002,1,0.001,1,0.001,1,0.001,1,0.001,0,0,1,0.002,0,0,0,0,0,0
Region 31,Region 57,0,0,0,0,0,0,0,0,0,0,0,0,0,0,0,0,0,0,1,0.001,0,0,0,0,1,0.002,1,0.002,0,0,0,0,0,0,0,0,0,0,0,0,1,0.002,0,0,0,0,0,0
Region 31,Region 58,2,0.012,1,0.011,4,0.06,2,0.029,1,0.009,5,0.019,9,0.018,20,0.025,10,0.012,12,0.017,19,0.033,9,0.015,14,0.023,19,0.031,20,0.032,20,0.029,10,0.014,10,0.013,11,0.015,16,0.029,12,0.028,10,0.027,8,0.03,5,0.028
Region 31,Region 59,0,0,1,0.011,0,0,0,0,0,0,0,0,0,0,1,0.001,1,0.001,1,0.001,3,0.005,0,0,1,0.002,1,0.002,1,0.002,2,0.003,1,0.001,0,0,1,0.001,1,0.002,1,0.002,1,0.003,0,0,2,0.011
Region 31,Region 60,0,0,0,0,0,0,0,0,0,0,2,0.008,3,0.006,5,0.006,7,0.008,4,0.006,4,0.007,4,0.007,5,0.008,3,0.005,2,0.003,4,0.006,4,0.006,8,0.01,4,0.005,3,0.006,4,0.009,4,0.011,4,0.015,1,0.006
Region 31,Region 61,0,0,1,0.011,1,0.015,0,0,0,0,0,0,1,0.002,1,0.001,1,0.001,3,0.004,3,0.005,0,0,3,0.005,1,0.002,1,0.002,3,0.004,2,0.003,3,0.004,3,0.004,0,0,2,0.005,2,0.005,0,0,0,0
Region 31,Region 62,0,0,0,0,0,0,0,0,0,0,1,0.004,0,0,0,0,0,0,0,0,0,0,1,0.002,2,0.003,0,0,0,0,0,0,0,0,0,0,0,0,1,0.002,0,0,0,0,0,0,0,0
Region 31,Region 63,1,0.006,0,0,1,0.015,0,0,0,0,0,0,1,0.002,6,0.008,3,0.004,1,0.001,2,0.003,2,0.003,3,0.005,6,0.01,0,0,2,0.003,6,0.009,4,0.005,1,0.001,6,0.011,3,0.007,1,0.003,3,0.011,1,0.006
Region 31,Region 64,0,0,0,0,0,0,0,0,0,0,0,0,0,0,1,0.001,0,0,0,0,0,0,0,0,0,0,0,0,1,0.002,0,0,0,0,1,0.001,1,0.001,0,0,0,0,1,0.003,1,0.004,0,0
Region 31,Region 65,0,0,1,0.011,1,0.015,0,0,0,0,0,0,2,0.004,6,0.008,25,0.029,24,0.034,10,0.017,6,0.01,9,0.015,12,0.02,13,0.021,9,0.013,11,0.016,12,0.015,16,0.022,5,0.009,11,0.025,5,0.014,5,0.019,6,0.033
Region 31,Region 66,0,0,0,0,0,0,1,0.014,0,0,0,0,1,0.002,5,0.006,7,0.008,4,0.006,8,0.014,2,0.003,4,0.007,4,0.007,4,0.006,6,0.009,2,0.003,11,0.014,7,0.01,5,0.009,7,0.016,4,0.011,3,0.011,1,0.006
Region 31,Region 67,0,0,0,0,0,0,0,0,0,0,0,0,0,0,0,0,0,0,0,0,0,0,0,0,0,0,1,0.002,1,0.002,0,0,0,0,0,0,0,0,0,0,0,0,0,0,1,0.004,0,0
Region 31,Region 68,0,0,0,0,0,0,0,0,0,0,0,0,0,0,3,0.004,1,0.001,0,0,2,0.003,0,0,1,0.002,2,0.003,1,0.002,1,0.001,3,0.004,0,0,2,0.003,0,0,1,0.002,2,0.005,0,0,0,0
Region 31,Region 69,9,0.054,4,0.044,3,0.045,0,0,2,0.017,9,0.035,18,0.037,60,0.076,78,0.091,36,0.051,41,0.07,51,0.087,52,0.085,44,0.072,45,0.072,61,0.089,37,0.053,58,0.075,61,0.083,40,0.074,32,0.074,25,0.068,18,0.068,21,0.116
Region 31,Region 70,0,0,0,0,0,0,0,0,0,0,0,0,0,0,1,0.001,0,0,0,0,0,0,1,0.002,1,0.002,1,0.002,0,0,0,0,0,0,0,0,1,0.001,0,0,0,0,0,0,0,0,0,0
Region 31,Region 71,0,0,0,0,0,0,0,0,0,0,1,0.004,1,0.002,8,0.01,5,0.006,1,0.001,2,0.003,7,0.012,1,0.002,3,0.005,4,0.006,4,0.006,2,0.003,1,0.001,2,0.003,0,0,2,0.005,0,0,1,0.004,0,0
Region 31,Region 72,15,0.09,10,0.11,3,0.045,1,0.014,2,0.017,5,0.019,26,0.053,55,0.07,80,0.093,45,0.064,28,0.048,30,0.051,43,0.07,41,0.067,40,0.064,45,0.066,41,0.059,57,0.073,58,0.079,39,0.072,37,0.085,41,0.112,35,0.133,20,0.111
Region 32,Region 0,0,0,0,0,0,0,0,0,0,0,0,0,0,0,0,0,1,0.001,0,0,0,0,0,0,0,0,0,0,0,0,0,0,0,0,0,0,0,0,0,0,0,0,0,0,0,0,0,0
Region 32,Region 1,0,0,0,0,0,0,0,0,0,0,2,0.008,1,0.002,1,0.001,1,0.001,2,0.003,0,0,0,0,1,0.002,1,0.002,1,0.002,0,0,0,0,0,0,0,0,0,0,0,0,0,0,1,0.004,0,0
Region 32,Region 2,0,0,0,0,0,0,0,0,0,0,1,0.004,0,0,0,0,0,0,0,0,0,0,0,0,0,0,0,0,0,0,1,0.001,0,0,0,0,0,0,1,0.002,0,0,0,0,0,0,1,0.006
Region 32,Region 3,0,0,0,0,0,0,0,0,0,0,0,0,0,0,0,0,0,0,0,0,0,0,0,0,0,0,0,0,0,0,0,0,0,0,0,0,0,0,0,0,0,0,0,0,0,0,0,0
Region 32,Region 4,0,0,0,0,0,0,0,0,0,0,0,0,0,0,0,0,0,0,1,0.001,0,0,0,0,0,0,0,0,0,0,1,0.001,0,0,0,0,0,0,0,0,0,0,0,0,0,0,0,0
Region 32,Region 5,0,0,0,0,0,0,0,0,0,0,0,0,1,0.002,0,0,1,0.001,0,0,0,0,0,0,0,0,1,0.002,2,0.003,1,0.001,0,0,0,0,0,0,2,0.004,0,0,1,0.003,0,0,0,0
Region 32,Region 6,0,0,0,0,0,0,2,0.029,2,0.017,3,0.012,9,0.018,5,0.006,4,0.005,4,0.006,0,0,2,0.003,2,0.003,1,0.002,2,0.003,6,0.009,2,0.003,0,0,3,0.004,3,0.006,1,0.002,1,0.003,0,0,1,0.006
Region 32,Region 7,0,0,0,0,0,0,0,0,0,0,0,0,0,0,0,0,0,0,0,0,0,0,0,0,0,0,1,0.002,0,0,0,0,0,0,0,0,0,0,0,0,0,0,0,0,0,0,0,0
Region 32,Region 8,0,0,0,0,0,0,0,0,0,0,0,0,0,0,0,0,0,0,0,0,0,0,0,0,0,0,0,0,1,0.002,1,0.001,0,0,0,0,0,0,0,0,0,0,0,0,0,0,0,0
Region 32,Region 9,0,0,1,0.011,0,0,0,0,0,0,0,0,1,0.002,2,0.003,3,0.004,0,0,1,0.002,0,0,0,0,1,0.002,0,0,0,0,0,0,3,0.004,1,0.001,0,0,1,0.002,0,0,0,0,0,0
Region 32,Region 10,0,0,0,0,0,0,0,0,0,0,0,0,0,0,0,0,0,0,0,0,0,0,0,0,0,0,0,0,0,0,0,0,0,0,0,0,1,0.001,0,0,0,0,0,0,0,0,0,0
Region 32,Region 11,0,0,0,0,0,0,0,0,0,0,0,0,0,0,0,0,0,0,0,0,2,0.003,0,0,0,0,0,0,0,0,0,0,1,0.001,0,0,0,0,0,0,0,0,0,0,0,0,0,0
Region 32,Region 12,0,0,0,0,0,0,0,0,0,0,0,0,0,0,0,0,0,0,1,0.001,0,0,0,0,0,0,0,0,0,0,0,0,0,0,0,0,0,0,0,0,0,0,0,0,0,0,0,0
Region 32,Region 13,0,0,0,0,0,0,0,0,0,0,2,0.008,2,0.004,8,0.01,10,0.012,1,0.001,1,0.002,0,0,2,0.003,0,0,0,0,1,0.001,1,0.001,0,0,2,0.003,0,0,0,0,0,0,0,0,0,0
Region 32,Region 14,0,0,0,0,0,0,0,0,0,0,0,0,1,0.002,0,0,0,0,0,0,0,0,0,0,0,0,0,0,0,0,0,0,0,0,0,0,0,0,0,0,0,0,0,0,0,0,0,0
Region 32,Region 15,8,0.048,3,0.033,0,0,0,0,5,0.043,6,0.023,9,0.018,13,0.016,20,0.023,15,0.021,9,0.015,15,0.026,13,0.021,15,0.024,13,0.021,13,0.019,13,0.019,17,0.022,20,0.027,11,0.02,9,0.021,4,0.011,7,0.027,6,0.033
Region 32,Region 16,0,0,0,0,0,0,0,0,0,0,0,0,0,0,0,0,0,0,0,0,0,0,0,0,0,0,2,0.003,0,0,0,0,0,0,0,0,0,0,0,0,0,0,0,0,0,0,0,0
Region 32,Region 17,0,0,0,0,0,0,0,0,0,0,0,0,0,0,1,0.001,0,0,1,0.001,0,0,0,0,0,0,1,0.002,0,0,0,0,0,0,0,0,0,0,0,0,0,0,0,0,0,0,0,0
Region 32,Region 18,0,0,0,0,0,0,0,0,0,0,0,0,0,0,0,0,0,0,0,0,0,0,0,0,0,0,0,0,0,0,0,0,0,0,0,0,0,0,0,0,0,0,0,0,0,0,0,0
Region 32,Region 19,2,0.012,2,0.022,1,0.015,1,0.014,1,0.009,3,0.012,13,0.027,16,0.02,20,0.023,16,0.023,7,0.012,11,0.019,16,0.026,6,0.01,13,0.021,15,0.022,24,0.035,21,0.027,14,0.019,19,0.035,10,0.023,8,0.022,2,0.008,5,0.028
Region 32,Region 20,0,0,0,0,0,0,0,0,0,0,0,0,1,0.002,0,0,0,0,0,0,0,0,0,0,0,0,0,0,0,0,1,0.001,0,0,0,0,0,0,0,0,0,0,0,0,0,0,0,0
Region 32,Region 21,0,0,0,0,0,0,0,0,0,0,0,0,0,0,0,0,0,0,1,0.001,1,0.002,0,0,0,0,0,0,0,0,0,0,0,0,0,0,0,0,0,0,0,0,0,0,0,0,0,0
Region 32,Region 22,0,0,0,0,0,0,0,0,0,0,0,0,0,0,0,0,0,0,0,0,0,0,0,0,0,0,0,0,0,0,0,0,0,0,0,0,0,0,0,0,0,0,0,0,0,0,0,0
Region 32,Region 23,0,0,0,0,0,0,0,0,0,0,0,0,1,0.002,3,0.004,0,0,1,0.001,0,0,0,0,0,0,0,0,1,0.002,1,0.001,0,0,2,0.003,0,0,1,0.002,0,0,0,0,1,0.004,0,0
Region 32,Region 24,0,0,0,0,0,0,0,0,0,0,0,0,0,0,4,0.005,0,0,2,0.003,0,0,0,0,0,0,0,0,0,0,1,0.001,1,0.001,1,0.001,0,0,0,0,0,0,0,0,0,0,0,0
Region 32,Region 25,0,0,0,0,0,0,0,0,0,0,0,0,0,0,0,0,0,0,0,0,0,0,0,0,0,0,0,0,0,0,0,0,0,0,0,0,0,0,1,0.002,0,0,0,0,0,0,0,0
Region 32,Region 26,0,0,0,0,0,0,0,0,0,0,0,0,0,0,0,0,0,0,0,0,0,0,0,0,0,0,0,0,0,0,0,0,0,0,0,0,0,0,0,0,0,0,0,0,0,0,0,0
Region 32,Region 27,0,0,0,0,0,0,0,0,0,0,0,0,0,0,0,0,0,0,0,0,0,0,0,0,0,0,0,0,0,0,0,0,0,0,0,0,0,0,0,0,0,0,0,0,0,0,0,0
Region 32,Region 28,0,0,0,0,0,0,0,0,0,0,0,0,1,0.002,1,0.001,1,0.001,1,0.001,0,0,0,0,0,0,0,0,0,0,0,0,0,0,0,0,0,0,0,0,0,0,0,0,0,0,0,0
Region 32,Region 29,0,0,0,0,0,0,0,0,0,0,0,0,1,0.002,3,0.004,6,0.007,2,0.003,3,0.005,0,0,2,0.003,1,0.002,0,0,0,0,0,0,0,0,0,0,0,0,0,0,1,0.003,1,0.004,0,0
Region 32,Region 30,0,0,0,0,0,0,0,0,0,0,0,0,0,0,0,0,0,0,0,0,0,0,0,0,0,0,0,0,0,0,0,0,0,0,0,0,0,0,0,0,1,0.002,0,0,0,0,0,0
Region 32,Region 31,1,0.006,0,0,0,0,0,0,0,0,0,0,0,0,0,0,0,0,2,0.003,1,0.002,0,0,0,0,0,0,0,0,0,0,0,0,0,0,0,0,1,0.002,0,0,0,0,0,0,0,0
Region 32,Region 32,4,0.024,1,0.011,1,0.015,1,0.014,0,0,1,0.004,5,0.01,20,0.025,16,0.019,4,0.006,13,0.022,10,0.017,12,0.02,14,0.023,16,0.026,12,0.017,19,0.027,23,0.03,21,0.029,14,0.026,11,0.025,7,0.019,2,0.008,5,0.028
Region 32,Region 33,0,0,0,0,0,0,0,0,0,0,0,0,2,0.004,1,0.001,1,0.001,0,0,0,0,0,0,0,0,0,0,0,0,0,0,0,0,0,0,0,0,0,0,0,0,0,0,0,0,0,0
Region 32,Region 34,0,0,0,0,0,0,0,0,0,0,0,0,0,0,1,0.001,1,0.001,1,0.001,0,0,0,0,0,0,0,0,0,0,0,0,0,0,1,0.001,0,0,0,0,0,0,1,0.003,1,0.004,1,0.006
Region 32,Region 35,0,0,0,0,0,0,0,0,0,0,0,0,1,0.002,0,0,0,0,0,0,0,0,0,0,0,0,0,0,0,0,0,0,0,0,0,0,1,0.001,0,0,0,0,0,0,0,0,0,0
Region 32,Region 36,1,0.006,0,0,0,0,0,0,0,0,0,0,1,0.002,0,0,1,0.001,1,0.001,0,0,0,0,0,0,0,0,0,0,1,0.001,0,0,0,0,0,0,0,0,0,0,0,0,0,0,0,0
Region 32,Region 37,0,0,0,0,0,0,0,0,0,0,0,0,0,0,0,0,0,0,0,0,0,0,2,0.003,0,0,0,0,0,0,0,0,0,0,0,0,0,0,0,0,0,0,0,0,0,0,0,0
Region 32,Region 38,0,0,0,0,0,0,0,0,0,0,0,0,0,0,2,0.003,0,0,0,0,0,0,0,0,0,0,0,0,0,0,0,0,0,0,0,0,1,0.001,0,0,0,0,0,0,0,0,0,0
Region 32,Region 39,1,0.006,0,0,0,0,0,0,0,0,0,0,1,0.002,1,0.001,0,0,1,0.001,0,0,3,0.005,2,0.003,0,0,0,0,0,0,1,0.001,2,0.003,1,0.001,0,0,0,0,0,0,0,0,0,0
Region 32,Region 40,0,0,0,0,0,0,0,0,0,0,0,0,0,0,0,0,0,0,0,0,1,0.002,3,0.005,0,0,0,0,1,0.002,1,0.001,2,0.003,0,0,1,0.001,0,0,0,0,0,0,1,0.004,0,0
Region 32,Region 41,0,0,0,0,0,0,0,0,0,0,0,0,0,0,2,0.003,1,0.001,1,0.001,6,0.01,0,0,2,0.003,0,0,7,0.011,2,0.003,0,0,1,0.001,2,0.003,1,0.002,0,0,0,0,1,0.004,0,0
Region 32,Region 42,0,0,0,0,0,0,0,0,0,0,0,0,0,0,0,0,0,0,0,0,0,0,0,0,0,0,0,0,0,0,0,0,0,0,0,0,0,0,0,0,0,0,0,0,0,0,0,0
Region 32,Region 43,0,0,0,0,0,0,0,0,0,0,0,0,0,0,1,0.001,0,0,0,0,0,0,0,0,0,0,0,0,0,0,0,0,0,0,0,0,1,0.001,0,0,0,0,0,0,0,0,0,0
Region 32,Region 44,0,0,0,0,0,0,0,0,0,0,0,0,0,0,0,0,0,0,0,0,1,0.002,0,0,0,0,0,0,0,0,0,0,0,0,0,0,0,0,0,0,0,0,0,0,0,0,0,0
Region 32,Region 45,0,0,0,0,0,0,0,0,0,0,0,0,0,0,0,0,0,0,0,0,0,0,0,0,0,0,0,0,0,0,1,0.001,1,0.001,0,0,0,0,0,0,0,0,1,0.003,0,0,0,0
Region 32,Region 46,0,0,0,0,0,0,0,0,1,0.009,0,0,1,0.002,3,0.004,4,0.005,1,0.001,1,0.002,0,0,0,0,2,0.003,1,0.002,1,0.001,1,0.001,1,0.001,1,0.001,1,0.002,0,0,0,0,0,0,0,0
Region 32,Region 47,0,0,0,0,0,0,0,0,0,0,0,0,1,0.002,2,0.003,2,0.002,0,0,0,0,0,0,1,0.002,0,0,0,0,1,0.001,1,0.001,1,0.001,1,0.001,0,0,0,0,0,0,1,0.004,1,0.006
Region 32,Region 48,0,0,0,0,0,0,0,0,0,0,0,0,0,0,2,0.003,0,0,0,0,0,0,0,0,0,0,0,0,0,0,0,0,0,0,0,0,0,0,0,0,0,0,0,0,0,0,0,0
Region 32,Region 49,0,0,0,0,0,0,0,0,0,0,0,0,0,0,0,0,0,0,0,0,0,0,1,0.002,0,0,0,0,1,0.002,0,0,0,0,0,0,0,0,0,0,0,0,0,0,0,0,0,0
Region 32,Region 50,0,0,0,0,0,0,0,0,0,0,0,0,0,0,0,0,0,0,0,0,0,0,0,0,0,0,0,0,0,0,0,0,0,0,0,0,0,0,0,0,0,0,0,0,0,0,0,0
Region 32,Region 51,0,0,0,0,0,0,0,0,0,0,0,0,0,0,1,0.001,1,0.001,1,0.001,0,0,0,0,0,0,0,0,0,0,0,0,0,0,0,0,0,0,0,0,0,0,0,0,0,0,0,0
Region 32,Region 52,0,0,0,0,0,0,0,0,0,0,0,0,0,0,0,0,0,0,0,0,0,0,0,0,0,0,0,0,0,0,0,0,0,0,0,0,0,0,0,0,0,0,0,0,0,0,0,0
Region 32,Region 53,4,0.024,0,0,0,0,1,0.014,3,0.026,1,0.004,0,0,7,0.009,5,0.006,3,0.004,4,0.007,2,0.003,3,0.005,1,0.002,4,0.006,5,0.007,8,0.012,7,0.009,4,0.005,2,0.004,4,0.009,3,0.008,1,0.004,2,0.011
Region 32,Region 54,0,0,0,0,0,0,0,0,0,0,0,0,0,0,0,0,0,0,0,0,0,0,0,0,0,0,0,0,0,0,0,0,0,0,1,0.001,0,0,0,0,2,0.005,0,0,0,0,0,0
Region 32,Region 55,0,0,0,0,0,0,0,0,1,0.009,1,0.004,1,0.002,1,0.001,0,0,0,0,1,0.002,0,0,0,0,0,0,0,0,0,0,0,0,0,0,0,0,0,0,0,0,1,0.003,0,0,0,0
Region 32,Region 56,1,0.006,0,0,0,0,0,0,0,0,0,0,1,0.002,5,0.006,7,0.008,2,0.003,6,0.01,2,0.003,0,0,4,0.007,5,0.008,8,0.012,2,0.003,7,0.009,6,0.008,2,0.004,3,0.007,3,0.008,1,0.004,1,0.006
Region 32,Region 57,0,0,0,0,0,0,0,0,0,0,0,0,0,0,0,0,0,0,0,0,0,0,0,0,0,0,0,0,0,0,0,0,0,0,0,0,0,0,0,0,0,0,0,0,0,0,0,0
Region 32,Region 58,1,0.006,0,0,0,0,0,0,0,0,0,0,2,0.004,2,0.003,0,0,0,0,1,0.002,0,0,1,0.002,1,0.002,0,0,0,0,0,0,2,0.003,0,0,0,0,1,0.002,0,0,0,0,1,0.006
Region 32,Region 59,0,0,0,0,0,0,0,0,0,0,0,0,0,0,0,0,0,0,0,0,0,0,0,0,0,0,0,0,0,0,1,0.001,0,0,0,0,0,0,0,0,0,0,0,0,0,0,1,0.006
Region 32,Region 60,0,0,0,0,0,0,0,0,0,0,0,0,0,0,0,0,0,0,0,0,0,0,0,0,0,0,0,0,0,0,0,0,0,0,0,0,0,0,0,0,0,0,0,0,0,0,0,0
Region 32,Region 61,0,0,0,0,0,0,1,0.014,0,0,2,0.008,1,0.002,3,0.004,3,0.004,0,0,1,0.002,0,0,0,0,1,0.002,0,0,2,0.003,0,0,0,0,0,0,0,0,0,0,1,0.003,0,0,1,0.006
Region 32,Region 62,1,0.006,0,0,0,0,0,0,0,0,1,0.004,0,0,8,0.01,12,0.014,2,0.003,3,0.005,1,0.002,2,0.003,0,0,2,0.003,4,0.006,2,0.003,3,0.004,2,0.003,2,0.004,3,0.007,0,0,2,0.008,1,0.006
Region 32,Region 63,0,0,0,0,0,0,0,0,0,0,0,0,0,0,0,0,0,0,0,0,0,0,0,0,0,0,0,0,0,0,0,0,0,0,0,0,0,0,0,0,0,0,0,0,0,0,0,0
Region 32,Region 64,0,0,0,0,0,0,0,0,0,0,0,0,0,0,1,0.001,0,0,0,0,0,0,0,0,0,0,0,0,0,0,0,0,0,0,1,0.001,0,0,1,0.002,0,0,0,0,2,0.008,0,0
Region 32,Region 65,0,0,0,0,0,0,0,0,0,0,0,0,1,0.002,1,0.001,0,0,1,0.001,1,0.002,0,0,0,0,0,0,0,0,0,0,0,0,2,0.003,0,0,0,0,0,0,0,0,0,0,1,0.006
Region 32,Region 66,1,0.006,0,0,0,0,0,0,0,0,0,0,0,0,0,0,0,0,0,0,0,0,1,0.002,0,0,0,0,0,0,0,0,0,0,0,0,0,0,0,0,0,0,0,0,0,0,0,0
Region 32,Region 67,0,0,0,0,0,0,0,0,0,0,0,0,0,0,0,0,1,0.001,0,0,0,0,0,0,1,0.002,0,0,0,0,0,0,0,0,0,0,1,0.001,0,0,0,0,0,0,0,0,0,0
Region 32,Region 68,0,0,0,0,0,0,0,0,0,0,0,0,0,0,0,0,0,0,0,0,0,0,0,0,0,0,0,0,0,0,0,0,0,0,0,0,0,0,0,0,0,0,0,0,0,0,0,0
Region 32,Region 69,0,0,0,0,0,0,0,0,0,0,0,0,2,0.004,0,0,0,0,1,0.001,0,0,0,0,0,0,0,0,0,0,0,0,1,0.001,0,0,0,0,0,0,0,0,0,0,0,0,0,0
Region 32,Region 70,0,0,0,0,0,0,0,0,0,0,0,0,0,0,0,0,0,0,0,0,0,0,0,0,0,0,0,0,0,0,0,0,0,0,0,0,0,0,1,0.002,0,0,0,0,0,0,0,0
Region 32,Region 71,0,0,0,0,0,0,0,0,0,0,0,0,0,0,0,0,0,0,0,0,0,0,0,0,0,0,0,0,0,0,0,0,0,0,0,0,0,0,0,0,0,0,0,0,0,0,0,0
Region 32,Region 72,0,0,0,0,0,0,0,0,1,0.009,1,0.004,2,0.004,6,0.008,1,0.001,0,0,0,0,1,0.002,0,0,2,0.003,2,0.003,1,0.001,0,0,1,0.001,1,0.001,0,0,0,0,1,0.003,0,0,0,0
Region 33,Region 0,0,0,0,0,0,0,0,0,0,0,0,0,0,0,0,0,1,0.001,0,0,0,0,0,0,0,0,0,0,0,0,0,0,0,0,0,0,0,0,0,0,0,0,0,0,0,0,0,0
Region 33,Region 1,28,0.168,11,0.121,7,0.105,14,0.2,46,0.392,119,0.461,223,0.455,399,0.506,436,0.509,302,0.427,207,0.355,170,0.291,180,0.293,177,0.288,146,0.235,153,0.223,169,0.243,202,0.26,194,0.264,138,0.254,99,0.228,52,0.142,35,0.133,52,0.287
Region 33,Region 2,2,0.012,1,0.011,0,0,0,0,0,0,2,0.008,4,0.008,6,0.008,5,0.006,6,0.008,3,0.005,3,0.005,0,0,3,0.005,3,0.005,2,0.003,2,0.003,2,0.003,1,0.001,3,0.006,1,0.002,1,0.003,1,0.004,2,0.011
Region 33,Region 3,0,0,0,0,0,0,0,0,0,0,0,0,0,0,0,0,1,0.001,1,0.001,0,0,0,0,0,0,0,0,0,0,1,0.001,2,0.003,0,0,0,0,0,0,0,0,0,0,2,0.008,1,0.006
Region 33,Region 4,13,0.078,4,0.044,2,0.03,4,0.057,15,0.128,21,0.081,19,0.039,16,0.02,10,0.012,4,0.006,5,0.009,1,0.002,1,0.002,4,0.007,5,0.008,6,0.009,5,0.007,5,0.006,8,0.011,7,0.013,9,0.021,4,0.011,6,0.023,8,0.044
Region 33,Region 5,0,0,0,0,0,0,0,0,0,0,0,0,0,0,0,0,0,0,0,0,0,0,1,0.002,0,0,0,0,0,0,0,0,0,0,0,0,2,0.003,0,0,0,0,0,0,0,0,0,0
Region 33,Region 6,1,0.006,2,0.022,0,0,2,0.029,1,0.009,3,0.012,2,0.004,1,0.001,3,0.004,5,0.007,5,0.009,6,0.01,9,0.015,11,0.018,5,0.008,5,0.007,5,0.007,10,0.013,6,0.008,2,0.004,3,0.007,1,0.003,4,0.015,2,0.011
Region 33,Region 7,0,0,0,0,0,0,0,0,0,0,0,0,0,0,1,0.001,1,0.001,0,0,0,0,0,0,1,0.002,0,0,0,0,0,0,0,0,0,0,0,0,0,0,0,0,0,0,0,0,0,0
Region 33,Region 8,0,0,0,0,0,0,0,0,0,0,0,0,7,0.014,19,0.024,30,0.035,11,0.016,1,0.002,5,0.009,11,0.018,2,0.003,6,0.01,4,0.006,4,0.006,8,0.01,10,0.014,3,0.006,3,0.007,2,0.005,0,0,0,0
Region 33,Region 9,5,0.03,1,0.011,1,0.015,1,0.014,1,0.009,9,0.035,17,0.035,10,0.013,11,0.013,11,0.016,3,0.005,5,0.009,11,0.018,17,0.028,12,0.019,6,0.009,2,0.003,4,0.005,6,0.008,7,0.013,7,0.016,4,0.011,2,0.008,9,0.05
Region 33,Region 10,8,0.048,5,0.055,2,0.03,5,0.071,15,0.128,61,0.237,144,0.294,215,0.273,193,0.225,123,0.174,92,0.158,67,0.115,72,0.117,69,0.112,57,0.092,78,0.114,85,0.122,109,0.14,75,0.102,29,0.053,31,0.071,31,0.085,21,0.08,10,0.055
Region 33,Region 11,0,0,0,0,0,0,0,0,0,0,0,0,1,0.002,1,0.001,0,0,0,0,0,0,0,0,0,0,0,0,1,0.002,0,0,0,0,0,0,2,0.003,1,0.002,0,0,0,0,0,0,0,0
Region 33,Region 12,0,0,0,0,0,0,0,0,2,0.017,4,0.016,9,0.018,5,0.006,6,0.007,6,0.008,5,0.009,1,0.002,3,0.005,2,0.003,2,0.003,3,0.004,1,0.001,1,0.001,0,0,0,0,1,0.002,0,0,1,0.004,2,0.011
Region 33,Region 13,26,0.156,14,0.154,10,0.15,8,0.114,18,0.153,88,0.341,268,0.547,340,0.431,273,0.319,173,0.245,103,0.177,81,0.139,64,0.104,70,0.114,50,0.08,46,0.067,35,0.05,33,0.042,55,0.075,43,0.079,51,0.117,41,0.112,26,0.099,39,0.216
Region 33,Region 14,3,0.018,0,0,1,0.015,1,0.014,3,0.026,16,0.062,54,0.11,134,0.17,152,0.178,61,0.086,53,0.091,71,0.122,64,0.104,68,0.111,54,0.087,58,0.085,78,0.112,111,0.143,81,0.11,51,0.094,23,0.053,12,0.033,7,0.027,5,0.028
Region 33,Region 15,3,0.018,0,0,1,0.015,1,0.014,2,0.017,3,0.012,12,0.025,5,0.006,10,0.012,7,0.01,3,0.005,4,0.007,8,0.013,2,0.003,8,0.013,8,0.012,6,0.009,8,0.01,5,0.007,4,0.007,4,0.009,3,0.008,1,0.004,2,0.011
Region 33,Region 16,0,0,0,0,0,0,0,0,0,0,0,0,0,0,0,0,0,0,1,0.001,1,0.002,0,0,0,0,0,0,0,0,0,0,0,0,0,0,0,0,1,0.002,0,0,1,0.003,1,0.004,0,0
Region 33,Region 17,0,0,1,0.011,0,0,0,0,1,0.009,2,0.008,11,0.022,19,0.024,17,0.02,13,0.018,8,0.014,8,0.014,12,0.02,5,0.008,4,0.006,11,0.016,7,0.01,9,0.012,5,0.007,2,0.004,7,0.016,8,0.022,3,0.011,1,0.006
Region 33,Region 18,2,0.012,2,0.022,3,0.045,2,0.029,1,0.009,0,0,2,0.004,4,0.005,2,0.002,1,0.001,0,0,0,0,0,0,0,0,0,0,0,0,0,0,1,0.001,1,0.001,0,0,0,0,0,0,0,0,1,0.006
Region 33,Region 19,0,0,0,0,1,0.015,1,0.014,1,0.009,2,0.008,2,0.004,3,0.004,1,0.001,0,0,2,0.003,1,0.002,0,0,2,0.003,3,0.005,1,0.001,1,0.001,0,0,1,0.001,0,0,0,0,0,0,2,0.008,0,0
Region 33,Region 20,2,0.012,1,0.011,1,0.015,1,0.014,2,0.017,13,0.05,52,0.106,89,0.113,104,0.122,66,0.093,26,0.045,17,0.029,8,0.013,7,0.011,14,0.022,10,0.015,10,0.014,10,0.013,13,0.018,6,0.011,5,0.012,6,0.016,6,0.023,0,0
Region 33,Region 21,0,0,0,0,0,0,0,0,0,0,0,0,0,0,0,0,0,0,0,0,0,0,0,0,0,0,0,0,0,0,0,0,0,0,0,0,2,0.003,0,0,1,0.002,1,0.003,0,0,0,0
Region 33,Region 22,0,0,0,0,0,0,0,0,0,0,0,0,0,0,0,0,0,0,0,0,0,0,0,0,0,0,1,0.002,0,0,0,0,0,0,0,0,0,0,0,0,0,0,0,0,0,0,0,0
Region 33,Region 23,3,0.018,2,0.022,6,0.09,3,0.043,8,0.068,12,0.047,13,0.027,20,0.025,15,0.018,13,0.018,6,0.01,16,0.027,12,0.02,14,0.023,12,0.019,5,0.007,5,0.007,9,0.012,9,0.012,8,0.015,11,0.025,6,0.016,6,0.023,8,0.044
Region 33,Region 24,9,0.054,3,0.033,4,0.06,2,0.029,2,0.017,9,0.035,23,0.047,39,0.049,29,0.034,9,0.013,11,0.019,13,0.022,7,0.011,11,0.018,10,0.016,10,0.015,10,0.014,13,0.017,20,0.027,16,0.029,20,0.046,19,0.052,9,0.034,10,0.055
Region 33,Region 25,18,0.108,6,0.066,3,0.045,2,0.029,8,0.068,39,0.151,95,0.194,132,0.167,162,0.189,129,0.183,56,0.096,69,0.118,57,0.093,42,0.068,35,0.056,28,0.041,48,0.069,66,0.085,58,0.079,46,0.085,41,0.094,34,0.093,14,0.053,18,0.1
Region 33,Region 26,11,0.066,3,0.033,2,0.03,2,0.029,4,0.034,14,0.054,29,0.059,80,0.102,96,0.112,91,0.129,50,0.086,37,0.063,34,0.055,42,0.068,23,0.037,44,0.064,49,0.071,90,0.116,45,0.061,26,0.048,28,0.064,23,0.063,18,0.068,13,0.072
Region 33,Region 27,0,0,0,0,0,0,0,0,0,0,0,0,0,0,2,0.003,1,0.001,0,0,1,0.002,0,0,0,0,1,0.002,3,0.005,1,0.001,3,0.004,2,0.003,0,0,0,0,0,0,1,0.003,2,0.008,0,0
Region 33,Region 28,2,0.012,0,0,0,0,0,0,1,0.009,8,0.031,19,0.039,30,0.038,24,0.028,10,0.014,7,0.012,6,0.01,9,0.015,7,0.011,9,0.014,15,0.022,2,0.003,8,0.01,0,0,4,0.007,8,0.018,9,0.025,6,0.023,3,0.017
Region 33,Region 29,4,0.024,0,0,0,0,0,0,6,0.051,12,0.047,14,0.029,19,0.024,31,0.036,15,0.021,13,0.022,12,0.021,13,0.021,8,0.013,6,0.01,4,0.006,8,0.012,13,0.017,12,0.016,3,0.006,5,0.012,4,0.011,1,0.004,8,0.044
Region 33,Region 30,5,0.03,3,0.033,3,0.045,6,0.086,13,0.111,32,0.124,83,0.17,182,0.231,204,0.238,134,0.19,84,0.144,44,0.075,46,0.075,35,0.057,43,0.069,48,0.07,41,0.059,59,0.076,58,0.079,45,0.083,25,0.058,24,0.066,17,0.065,8,0.044
Region 33,Region 31,7,0.042,3,0.033,2,0.03,2,0.029,5,0.043,16,0.062,43,0.088,89,0.113,82,0.096,62,0.088,32,0.055,26,0.045,33,0.054,32,0.052,33,0.053,20,0.029,34,0.049,33,0.042,36,0.049,41,0.075,32,0.074,20,0.055,10,0.038,4,0.022
Region 33,Region 32,0,0,0,0,0,0,0,0,0,0,0,0,0,0,0,0,1,0.001,0,0,0,0,0,0,0,0,0,0,0,0,0,0,0,0,1,0.001,0,0,0,0,0,0,0,0,0,0,0,0
Region 33,Region 33,119,0.715,45,0.495,33,0.494,22,0.314,56,0.477,139,0.539,689,1.407,1559,1.978,1469,1.716,844,1.194,655,1.123,593,1.017,663,1.079,583,0.949,666,1.07,642,0.936,914,1.315,1023,1.316,842,1.146,611,1.125,360,0.829,292,0.799,218,0.828,133,0.735
Region 33,Region 34,35,0.21,8,0.088,4,0.06,12,0.171,42,0.358,128,0.496,372,0.76,542,0.688,422,0.493,255,0.361,174,0.298,111,0.19,96,0.156,116,0.189,103,0.165,108,0.157,79,0.114,98,0.126,115,0.156,65,0.12,71,0.164,64,0.175,52,0.197,64,0.354
Region 33,Region 35,4,0.024,4,0.044,2,0.03,3,0.043,3,0.026,15,0.058,34,0.069,43,0.055,42,0.049,45,0.064,27,0.046,23,0.039,17,0.028,19,0.031,18,0.029,15,0.022,19,0.027,33,0.042,34,0.046,20,0.037,14,0.032,19,0.052,16,0.061,7,0.039
Region 33,Region 36,2,0.012,1,0.011,0,0,1,0.014,0,0,5,0.019,5,0.01,5,0.006,6,0.007,3,0.004,3,0.005,6,0.01,5,0.008,2,0.003,3,0.005,6,0.009,10,0.014,14,0.018,4,0.005,3,0.006,2,0.005,1,0.003,0,0,1,0.006
Region 33,Region 37,1,0.006,2,0.022,0,0,0,0,1,0.009,5,0.019,15,0.031,21,0.027,20,0.023,14,0.02,9,0.015,10,0.017,9,0.015,10,0.016,5,0.008,2,0.003,3,0.004,5,0.006,5,0.007,4,0.007,5,0.012,7,0.019,4,0.015,1,0.006
Region 33,Region 38,2,0.012,0,0,1,0.015,0,0,0,0,1,0.004,6,0.012,7,0.009,4,0.005,3,0.004,0,0,1,0.002,2,0.003,2,0.003,3,0.005,4,0.006,3,0.004,7,0.009,5,0.007,4,0.007,7,0.016,5,0.014,3,0.011,3,0.017
Region 33,Region 39,0,0,0,0,0,0,0,0,0,0,0,0,0,0,0,0,0,0,0,0,0,0,0,0,0,0,0,0,0,0,1,0.001,1,0.001,0,0,0,0,1,0.002,0,0,0,0,0,0,0,0
Region 33,Region 40,36,0.216,19,0.209,18,0.269,21,0.299,56,0.477,131,0.508,197,0.402,190,0.241,140,0.164,101,0.143,72,0.123,102,0.175,107,0.174,118,0.192,99,0.159,88,0.128,58,0.083,67,0.086,69,0.094,66,0.122,78,0.18,79,0.216,66,0.251,74,0.409
Region 33,Region 41,149,0.895,101,1.11,80,1.197,94,1.34,195,1.661,336,1.303,499,1.019,422,0.535,331,0.387,325,0.46,335,0.574,372,0.638,381,0.62,365,0.594,271,0.435,215,0.313,144,0.207,158,0.203,191,0.26,213,0.392,188,0.433,127,0.348,140,0.532,158,0.873
Region 33,Region 42,0,0,0,0,1,0.015,0,0,0,0,0,0,1,0.002,7,0.009,3,0.004,8,0.011,6,0.01,5,0.009,3,0.005,6,0.01,5,0.008,10,0.015,4,0.006,3,0.004,1,0.001,1,0.002,1,0.002,2,0.005,3,0.011,1,0.006
Region 33,Region 43,0,0,0,0,0,0,0,0,0,0,0,0,0,0,1,0.001,0,0,0,0,1,0.002,4,0.007,2,0.003,3,0.005,1,0.002,1,0.001,1,0.001,0,0,2,0.003,1,0.002,0,0,2,0.005,2,0.008,0,0
Region 33,Region 44,1,0.006,0,0,0,0,1,0.014,3,0.026,4,0.016,13,0.027,25,0.032,17,0.02,10,0.014,4,0.007,6,0.01,6,0.01,3,0.005,5,0.008,5,0.007,5,0.007,4,0.005,1,0.001,4,0.007,7,0.016,4,0.011,4,0.015,2,0.011
Region 33,Region 45,10,0.06,4,0.044,1,0.015,0,0,2,0.017,15,0.058,28,0.057,32,0.041,48,0.056,37,0.052,19,0.033,26,0.045,25,0.041,22,0.036,17,0.027,31,0.045,20,0.029,26,0.033,31,0.042,29,0.053,19,0.044,18,0.049,8,0.03,11,0.061
Region 33,Region 46,11,0.066,6,0.066,14,0.21,46,0.656,141,1.201,218,0.845,276,0.564,199,0.253,132,0.154,106,0.15,105,0.18,136,0.233,126,0.205,117,0.19,93,0.149,77,0.112,65,0.094,63,0.081,57,0.078,54,0.099,56,0.129,34,0.093,37,0.14,21,0.116
Region 33,Region 47,1,0.006,0,0,0,0,0,0,4,0.034,10,0.039,15,0.031,4,0.005,1,0.001,2,0.003,1,0.002,4,0.007,4,0.007,2,0.003,2,0.003,3,0.004,4,0.006,5,0.006,9,0.012,4,0.007,2,0.005,2,0.005,3,0.011,2,0.011
Region 33,Region 48,0,0,0,0,0,0,0,0,0,0,0,0,1,0.002,3,0.004,1,0.001,0,0,0,0,0,0,0,0,1,0.002,1,0.002,1,0.001,1,0.001,1,0.001,0,0,0,0,0,0,0,0,0,0,0,0
Region 33,Region 49,0,0,0,0,0,0,0,0,0,0,0,0,1,0.002,1,0.001,1,0.001,1,0.001,1,0.002,0,0,0,0,0,0,1,0.002,0,0,0,0,0,0,0,0,0,0,0,0,0,0,0,0,1,0.006
Region 33,Region 50,2,0.012,0,0,3,0.045,0,0,0,0,14,0.054,30,0.061,59,0.075,65,0.076,46,0.065,28,0.048,26,0.045,28,0.046,24,0.039,23,0.037,15,0.022,31,0.045,39,0.05,30,0.041,32,0.059,16,0.037,17,0.047,6,0.023,4,0.022
Region 33,Region 51,1,0.006,0,0,0,0,3,0.043,4,0.034,1,0.004,7,0.014,12,0.015,9,0.011,11,0.016,5,0.009,5,0.009,3,0.005,0,0,4,0.006,6,0.009,8,0.012,10,0.013,6,0.008,4,0.007,2,0.005,3,0.008,0,0,1,0.006
Region 33,Region 52,0,0,0,0,0,0,0,0,1,0.009,3,0.012,5,0.01,18,0.023,24,0.028,11,0.016,10,0.017,9,0.015,9,0.015,11,0.018,16,0.026,17,0.025,13,0.019,15,0.019,7,0.01,5,0.009,9,0.021,4,0.011,2,0.008,1,0.006
Region 33,Region 53,0,0,0,0,0,0,0,0,0,0,0,0,0,0,0,0,0,0,0,0,0,0,0,0,0,0,0,0,2,0.003,0,0,0,0,0,0,0,0,0,0,0,0,0,0,0,0,0,0
Region 33,Region 54,12,0.072,4,0.044,6,0.09,7,0.1,9,0.077,32,0.124,86,0.176,165,0.209,168,0.196,143,0.202,83,0.142,78,0.134,81,0.132,71,0.116,83,0.133,95,0.139,84,0.121,87,0.112,107,0.146,70,0.129,61,0.14,31,0.085,24,0.091,19,0.105
Region 33,Region 55,5,0.03,2,0.022,1,0.015,2,0.029,4,0.034,4,0.016,15,0.031,22,0.028,19,0.022,9,0.013,10,0.017,11,0.019,11,0.018,10,0.016,5,0.008,4,0.006,4,0.006,6,0.008,10,0.014,6,0.011,11,0.025,6,0.016,3,0.011,5,0.028
Region 33,Region 56,0,0,0,0,0,0,0,0,0,0,0,0,0,0,0,0,0,0,0,0,0,0,0,0,0,0,0,0,0,0,0,0,0,0,0,0,0,0,0,0,0,0,1,0.003,0,0,1,0.006
Region 33,Region 57,0,0,0,0,0,0,0,0,0,0,1,0.004,3,0.006,8,0.01,13,0.015,8,0.011,7,0.012,3,0.005,4,0.007,9,0.015,12,0.019,5,0.007,6,0.009,12,0.015,13,0.018,6,0.011,4,0.009,3,0.008,2,0.008,2,0.011
Region 33,Region 58,6,0.036,5,0.055,4,0.06,0,0,2,0.017,8,0.031,10,0.02,13,0.016,7,0.008,4,0.006,8,0.014,12,0.021,5,0.008,6,0.01,3,0.005,4,0.006,8,0.012,10,0.013,4,0.005,6,0.011,9,0.021,5,0.014,3,0.011,4,0.022
Region 33,Region 59,1,0.006,0,0,2,0.03,2,0.029,5,0.043,14,0.054,25,0.051,27,0.034,28,0.033,15,0.021,10,0.017,2,0.003,5,0.008,11,0.018,10,0.016,6,0.009,10,0.014,10,0.013,5,0.007,7,0.013,4,0.009,2,0.005,1,0.004,0,0
Region 33,Region 60,2,0.012,0,0,1,0.015,1,0.014,4,0.034,9,0.035,31,0.063,55,0.07,76,0.089,47,0.067,19,0.033,18,0.031,19,0.031,22,0.036,18,0.029,12,0.017,16,0.023,27,0.035,16,0.022,15,0.028,15,0.035,13,0.036,13,0.049,4,0.022
Region 33,Region 61,1,0.006,0,0,0,0,0,0,1,0.009,1,0.004,1,0.002,0,0,1,0.001,0,0,2,0.003,0,0,1,0.002,0,0,2,0.003,1,0.001,0,0,2,0.003,2,0.003,1,0.002,1,0.002,0,0,1,0.004,0,0
Region 33,Region 62,0,0,0,0,0,0,0,0,1,0.009,0,0,0,0,1,0.001,0,0,0,0,0,0,0,0,0,0,0,0,0,0,0,0,0,0,0,0,0,0,0,0,1,0.002,1,0.003,0,0,0,0
Region 33,Region 63,2,0.012,0,0,0,0,1,0.014,3,0.026,5,0.019,18,0.037,14,0.018,6,0.007,3,0.004,1,0.002,4,0.007,3,0.005,3,0.005,0,0,1,0.001,1,0.001,3,0.004,1,0.001,3,0.006,3,0.007,4,0.011,2,0.008,1,0.006
Region 33,Region 64,0,0,1,0.011,1,0.015,0,0,1,0.009,1,0.004,0,0,0,0,1,0.001,2,0.003,0,0,0,0,2,0.003,0,0,0,0,1,0.001,1,0.001,0,0,2,0.003,2,0.004,0,0,1,0.003,1,0.004,0,0
Region 33,Region 65,7,0.042,1,0.011,0,0,2,0.029,11,0.094,44,0.171,101,0.206,163,0.207,138,0.161,101,0.143,56,0.096,38,0.065,19,0.031,25,0.041,29,0.047,20,0.029,9,0.013,19,0.024,16,0.022,9,0.017,8,0.018,11,0.03,7,0.027,8,0.044
Region 33,Region 66,6,0.036,0,0,0,0,5,0.071,15,0.128,34,0.132,46,0.094,38,0.048,41,0.048,40,0.057,20,0.034,25,0.043,10,0.016,7,0.011,13,0.021,12,0.017,11,0.016,22,0.028,21,0.029,15,0.028,12,0.028,13,0.036,12,0.046,7,0.039
Region 33,Region 67,0,0,0,0,0,0,0,0,0,0,0,0,0,0,0,0,0,0,0,0,0,0,0,0,0,0,0,0,0,0,0,0,0,0,0,0,0,0,1,0.002,1,0.002,0,0,0,0,0,0
Region 33,Region 68,5,0.03,2,0.022,2,0.03,2,0.029,6,0.051,31,0.12,51,0.104,126,0.16,145,0.169,95,0.134,72,0.123,72,0.123,72,0.117,65,0.106,49,0.079,49,0.071,50,0.072,68,0.087,56,0.076,29,0.053,19,0.044,9,0.025,10,0.038,7,0.039
Region 33,Region 69,3,0.018,4,0.044,2,0.03,7,0.1,12,0.102,36,0.14,76,0.155,70,0.089,39,0.046,25,0.035,23,0.039,26,0.045,24,0.039,20,0.033,15,0.024,8,0.012,5,0.007,6,0.008,15,0.02,5,0.009,5,0.012,4,0.011,5,0.019,3,0.017
Region 33,Region 70,3,0.018,2,0.022,0,0,0,0,1,0.009,4,0.016,28,0.057,45,0.057,37,0.043,28,0.04,17,0.029,21,0.036,15,0.024,9,0.015,10,0.016,13,0.019,19,0.027,23,0.03,23,0.031,12,0.022,14,0.032,11,0.03,5,0.019,2,0.011
Region 33,Region 71,15,0.09,5,0.055,4,0.06,10,0.143,15,0.128,41,0.159,154,0.314,335,0.425,279,0.326,154,0.218,126,0.216,165,0.283,149,0.242,128,0.208,131,0.21,104,0.152,109,0.157,94,0.121,84,0.114,54,0.099,59,0.136,33,0.09,17,0.065,18,0.1
Region 33,Region 72,30,0.18,9,0.099,14,0.21,8,0.114,25,0.213,110,0.427,295,0.602,400,0.508,349,0.408,301,0.426,180,0.309,169,0.29,179,0.291,220,0.358,295,0.474,337,0.491,250,0.36,260,0.334,267,0.363,182,0.335,104,0.24,88,0.241,52,0.197,50,0.276
Region 34,Region 0,0,0,0,0,0,0,0,0,0,0,0,0,1,0.002,0,0,0,0,2,0.003,0,0,0,0,0,0,0,0,1,0.002,1,0.001,0,0,3,0.004,0,0,0,0,2,0.005,0,0,1,0.004,0,0
Region 34,Region 1,45,0.27,26,0.286,17,0.254,7,0.1,8,0.068,23,0.089,41,0.084,83,0.105,146,0.171,178,0.252,132,0.226,147,0.252,174,0.283,143,0.233,127,0.204,196,0.286,168,0.242,236,0.303,243,0.331,191,0.352,137,0.316,127,0.348,63,0.239,51,0.282
Region 34,Region 2,0,0,2,0.022,1,0.015,0,0,0,0,0,0,2,0.004,3,0.004,3,0.004,2,0.003,4,0.007,2,0.003,5,0.008,5,0.008,2,0.003,6,0.009,11,0.016,7,0.009,6,0.008,13,0.024,3,0.007,7,0.019,6,0.023,5,0.028
Region 34,Region 3,3,0.018,0,0,0,0,1,0.014,1,0.009,0,0,0,0,0,0,0,0,0,0,1,0.002,0,0,2,0.003,2,0.003,1,0.002,3,0.004,3,0.004,2,0.003,5,0.007,2,0.004,1,0.002,1,0.003,3,0.011,2,0.011
Region 34,Region 4,4,0.024,0,0,0,0,0,0,1,0.009,1,0.004,4,0.008,5,0.006,3,0.004,3,0.004,6,0.01,2,0.003,2,0.003,4,0.007,3,0.005,7,0.01,6,0.009,7,0.009,3,0.004,6,0.011,6,0.014,7,0.019,2,0.008,2,0.011
Region 34,Region 5,0,0,0,0,0,0,0,0,0,0,0,0,1,0.002,0,0,0,0,0,0,0,0,0,0,1,0.002,1,0.002,1,0.002,1,0.001,2,0.003,5,0.006,3,0.004,1,0.002,0,0,3,0.008,2,0.008,0,0
Region 34,Region 6,1,0.006,0,0,0,0,0,0,1,0.009,0,0,3,0.006,2,0.003,3,0.004,1,0.001,1,0.002,4,0.007,4,0.007,1,0.002,7,0.011,8,0.012,9,0.013,14,0.018,8,0.011,4,0.007,2,0.005,3,0.008,6,0.023,1,0.006
Region 34,Region 7,2,0.012,1,0.011,1,0.015,0,0,0,0,0,0,1,0.002,0,0,2,0.002,0,0,3,0.005,1,0.002,4,0.007,1,0.002,1,0.002,3,0.004,6,0.009,0,0,4,0.005,4,0.007,3,0.007,0,0,1,0.004,0,0
Region 34,Region 8,0,0,0,0,0,0,0,0,0,0,0,0,0,0,1,0.001,2,0.002,0,0,1,0.002,1,0.002,1,0.002,0,0,1,0.002,5,0.007,4,0.006,1,0.001,1,0.001,1,0.002,0,0,0,0,0,0,0,0
Region 34,Region 9,1,0.006,0,0,1,0.015,1,0.014,0,0,2,0.008,2,0.004,5,0.006,2,0.002,2,0.003,5,0.009,4,0.007,5,0.008,5,0.008,5,0.008,4,0.006,7,0.01,6,0.008,13,0.018,5,0.009,6,0.014,2,0.005,6,0.023,1,0.006
Region 34,Region 10,6,0.036,9,0.099,1,0.015,3,0.043,3,0.026,8,0.031,14,0.029,38,0.048,55,0.064,40,0.057,44,0.075,48,0.082,43,0.07,36,0.059,46,0.074,43,0.063,63,0.091,68,0.087,63,0.086,35,0.064,26,0.06,28,0.077,18,0.068,13,0.072
Region 34,Region 11,1,0.006,0,0,0,0,0,0,0,0,0,0,0,0,0,0,1,0.001,1,0.001,0,0,0,0,1,0.002,0,0,1,0.002,4,0.006,1,0.001,2,0.003,3,0.004,2,0.004,0,0,1,0.003,2,0.008,1,0.006
Region 34,Region 12,3,0.018,0,0,0,0,0,0,0,0,0,0,1,0.002,5,0.006,4,0.005,4,0.006,3,0.005,1,0.002,2,0.003,1,0.002,2,0.003,11,0.016,2,0.003,2,0.003,6,0.008,1,0.002,5,0.012,0,0,2,0.008,2,0.011
Region 34,Region 13,58,0.348,25,0.275,14,0.21,13,0.185,7,0.06,11,0.043,41,0.084,116,0.147,196,0.229,209,0.296,165,0.283,153,0.262,148,0.241,151,0.246,156,0.251,158,0.23,203,0.292,189,0.243,162,0.22,164,0.302,131,0.302,111,0.304,93,0.353,69,0.381
Region 34,Region 14,0,0,0,0,0,0,0,0,0,0,1,0.004,2,0.004,2,0.003,5,0.006,6,0.008,3,0.005,9,0.015,3,0.005,11,0.018,2,0.003,9,0.013,18,0.026,25,0.032,9,0.012,8,0.015,5,0.012,3,0.008,2,0.008,0,0
Region 34,Region 15,1,0.006,1,0.011,0,0,0,0,0,0,1,0.004,2,0.004,7,0.009,2,0.002,4,0.006,5,0.009,7,0.012,4,0.007,4,0.007,7,0.011,7,0.01,5,0.007,7,0.009,7,0.01,5,0.009,2,0.005,4,0.011,2,0.008,2,0.011
Region 34,Region 16,0,0,0,0,0,0,1,0.014,0,0,0,0,0,0,0,0,0,0,0,0,0,0,1,0.002,3,0.005,0,0,0,0,2,0.003,0,0,2,0.003,0,0,0,0,0,0,1,0.003,1,0.004,2,0.011
Region 34,Region 17,5,0.03,2,0.022,1,0.015,1,0.014,3,0.026,1,0.004,7,0.014,10,0.013,8,0.009,17,0.024,15,0.026,17,0.029,19,0.031,16,0.026,15,0.024,32,0.047,33,0.047,32,0.041,30,0.041,21,0.039,19,0.044,13,0.036,12,0.046,6,0.033
Region 34,Region 18,0,0,0,0,0,0,0,0,0,0,0,0,0,0,0,0,0,0,0,0,0,0,1,0.002,1,0.002,1,0.002,1,0.002,0,0,0,0,1,0.001,2,0.003,1,0.002,0,0,0,0,0,0,0,0
Region 34,Region 19,2,0.012,0,0,2,0.03,0,0,1,0.009,0,0,0,0,5,0.006,2,0.002,0,0,0,0,0,0,1,0.002,1,0.002,0,0,1,0.001,1,0.001,3,0.004,2,0.003,1,0.002,2,0.005,3,0.008,1,0.004,2,0.011
Region 34,Region 20,10,0.06,3,0.033,3,0.045,5,0.071,1,0.009,7,0.027,7,0.014,17,0.022,43,0.05,46,0.065,27,0.046,30,0.051,32,0.052,30,0.049,40,0.064,38,0.055,44,0.063,58,0.075,47,0.064,24,0.044,22,0.051,14,0.038,15,0.057,5,0.028
Region 34,Region 21,1,0.006,0,0,0,0,0,0,2,0.017,0,0,0,0,0,0,0,0,0,0,0,0,0,0,1,0.002,3,0.005,0,0,1,0.001,0,0,0,0,2,0.003,1,0.002,0,0,0,0,0,0,0,0
Region 34,Region 22,0,0,0,0,0,0,0,0,0,0,0,0,1,0.002,1,0.001,0,0,0,0,0,0,0,0,1,0.002,2,0.003,0,0,0,0,0,0,1,0.001,2,0.003,3,0.006,3,0.007,0,0,0,0,1,0.006
Region 34,Region 23,6,0.036,4,0.044,3,0.045,0,0,1,0.009,3,0.012,6,0.012,14,0.018,19,0.022,7,0.01,9,0.015,11,0.019,25,0.041,15,0.024,13,0.021,23,0.034,27,0.039,25,0.032,16,0.022,21,0.039,10,0.023,17,0.047,11,0.042,9,0.05
Region 34,Region 24,9,0.054,2,0.022,1,0.015,0,0,0,0,1,0.004,5,0.01,5,0.006,11,0.013,11,0.016,14,0.024,8,0.014,13,0.021,20,0.033,10,0.016,19,0.028,30,0.043,20,0.026,36,0.049,29,0.053,16,0.037,15,0.041,6,0.023,3,0.017
Region 34,Region 25,8,0.048,7,0.077,3,0.045,2,0.029,0,0,1,0.004,8,0.016,23,0.029,30,0.035,25,0.035,19,0.033,15,0.026,20,0.033,21,0.034,20,0.032,16,0.023,33,0.047,37,0.048,35,0.048,19,0.035,11,0.025,8,0.022,13,0.049,4,0.022
Region 34,Region 26,0,0,0,0,1,0.015,0,0,1,0.009,1,0.004,1,0.002,7,0.009,2,0.002,0,0,1,0.002,3,0.005,6,0.01,6,0.01,18,0.029,7,0.01,14,0.02,20,0.026,7,0.01,5,0.009,2,0.005,5,0.014,1,0.004,1,0.006
Region 34,Region 27,1,0.006,0,0,2,0.03,0,0,0,0,1,0.004,2,0.004,1,0.001,0,0,1,0.001,5,0.009,1,0.002,3,0.005,2,0.003,3,0.005,3,0.004,5,0.007,5,0.006,2,0.003,4,0.007,2,0.005,4,0.011,5,0.019,1,0.006
Region 34,Region 28,13,0.078,6,0.066,10,0.15,2,0.029,2,0.017,5,0.019,12,0.025,26,0.033,31,0.036,37,0.052,35,0.06,31,0.053,27,0.044,42,0.068,59,0.095,66,0.096,68,0.098,73,0.094,84,0.114,48,0.088,40,0.092,33,0.09,19,0.072,16,0.088
Region 34,Region 29,7,0.042,6,0.066,4,0.06,1,0.014,1,0.009,3,0.012,4,0.008,17,0.022,25,0.029,37,0.052,26,0.045,17,0.029,37,0.06,34,0.055,31,0.05,36,0.052,25,0.036,31,0.04,29,0.039,17,0.031,13,0.03,22,0.06,17,0.065,15,0.083
Region 34,Region 30,24,0.144,17,0.187,8,0.12,2,0.029,9,0.077,13,0.05,29,0.059,70,0.089,151,0.176,127,0.18,105,0.18,96,0.165,114,0.186,105,0.171,99,0.159,90,0.131,123,0.177,153,0.197,181,0.246,119,0.219,95,0.219,81,0.222,52,0.197,32,0.177
Region 34,Region 31,19,0.114,13,0.143,3,0.045,7,0.1,4,0.034,14,0.054,43,0.088,63,0.08,117,0.137,118,0.167,104,0.178,135,0.231,136,0.221,132,0.215,118,0.19,153,0.223,181,0.261,241,0.31,238,0.324,186,0.343,122,0.281,101,0.276,47,0.178,31,0.171
Region 34,Region 32,2,0.012,0,0,0,0,0,0,0,0,0,0,0,0,0,0,0,0,0,0,1,0.002,0,0,0,0,0,0,0,0,0,0,1,0.001,0,0,1,0.001,2,0.004,1,0.002,0,0,0,0,0,0
Region 34,Region 33,33,0.198,10,0.11,8,0.12,6,0.086,13,0.111,23,0.089,57,0.116,142,0.18,188,0.22,136,0.192,121,0.207,133,0.228,137,0.223,129,0.21,197,0.316,276,0.402,267,0.384,239,0.307,188,0.256,140,0.258,84,0.193,92,0.252,69,0.262,41,0.227
Region 34,Region 34,180,1.081,81,0.89,57,0.853,31,0.442,29,0.247,64,0.248,143,0.292,367,0.466,526,0.615,531,0.751,451,0.773,480,0.823,508,0.827,479,0.78,481,0.773,564,0.822,690,0.993,780,1.003,760,1.034,542,0.998,385,0.887,439,1.202,283,1.074,195,1.078
Region 34,Region 35,10,0.06,3,0.033,3,0.045,1,0.014,2,0.017,2,0.008,7,0.014,19,0.024,23,0.027,20,0.028,22,0.038,18,0.031,19,0.031,19,0.031,20,0.032,21,0.031,20,0.029,24,0.031,33,0.045,28,0.052,15,0.035,18,0.049,15,0.057,9,0.05
Region 34,Region 36,1,0.006,0,0,0,0,0,0,0,0,1,0.004,2,0.004,1,0.001,0,0,2,0.003,0,0,0,0,2,0.003,1,0.002,3,0.005,2,0.003,2,0.003,6,0.008,3,0.004,2,0.004,0,0,2,0.005,1,0.004,1,0.006
Region 34,Region 37,3,0.018,0,0,1,0.015,2,0.029,0,0,0,0,0,0,5,0.006,11,0.013,15,0.021,11,0.019,15,0.026,21,0.034,16,0.026,15,0.024,14,0.02,20,0.029,18,0.023,35,0.048,21,0.039,8,0.018,18,0.049,7,0.027,7,0.039
Region 34,Region 38,2,0.012,0,0,1,0.015,0,0,1,0.009,0,0,1,0.002,2,0.003,2,0.002,5,0.007,4,0.007,5,0.009,2,0.003,5,0.008,5,0.008,5,0.007,10,0.014,9,0.012,14,0.019,9,0.017,6,0.014,4,0.011,2,0.008,1,0.006
Region 34,Region 39,1,0.006,2,0.022,1,0.015,1,0.014,0,0,0,0,1,0.002,2,0.003,3,0.004,2,0.003,3,0.005,1,0.002,3,0.005,2,0.003,3,0.005,4,0.006,5,0.007,2,0.003,1,0.001,5,0.009,2,0.005,2,0.005,0,0,3,0.017
Region 34,Region 40,25,0.15,10,0.11,10,0.15,7,0.1,8,0.068,9,0.035,16,0.033,43,0.055,30,0.035,32,0.045,44,0.075,45,0.077,48,0.078,51,0.083,77,0.124,112,0.163,97,0.14,99,0.127,90,0.122,72,0.133,47,0.108,42,0.115,27,0.103,26,0.144
Region 34,Region 41,27,0.162,15,0.165,13,0.195,16,0.228,12,0.102,24,0.093,55,0.112,84,0.107,60,0.07,52,0.074,79,0.135,88,0.151,86,0.14,91,0.148,130,0.209,152,0.222,176,0.253,185,0.238,152,0.207,138,0.254,52,0.12,38,0.104,33,0.125,37,0.205
Region 34,Region 42,1,0.006,1,0.011,0,0,1,0.014,0,0,1,0.004,2,0.004,7,0.009,5,0.006,7,0.01,6,0.01,6,0.01,7,0.011,4,0.007,2,0.003,7,0.01,7,0.01,5,0.006,7,0.01,4,0.007,5,0.012,3,0.008,1,0.004,1,0.006
Region 34,Region 43,4,0.024,3,0.033,0,0,0,0,1,0.009,0,0,1,0.002,3,0.004,2,0.002,2,0.003,3,0.005,9,0.015,1,0.002,2,0.003,6,0.01,7,0.01,7,0.01,6,0.008,8,0.011,7,0.013,6,0.014,3,0.008,1,0.004,5,0.028
Region 34,Region 44,5,0.03,2,0.022,2,0.03,1,0.014,0,0,3,0.012,5,0.01,7,0.009,8,0.009,11,0.016,9,0.015,7,0.012,8,0.013,13,0.021,7,0.011,14,0.02,8,0.012,11,0.014,10,0.014,6,0.011,4,0.009,6,0.016,7,0.027,10,0.055
Region 34,Region 45,22,0.132,11,0.121,5,0.075,2,0.029,3,0.026,5,0.019,13,0.027,31,0.039,44,0.051,57,0.081,65,0.111,59,0.101,65,0.106,65,0.106,80,0.129,84,0.122,127,0.183,133,0.171,155,0.211,127,0.234,81,0.187,52,0.142,45,0.171,36,0.199
Region 34,Region 46,29,0.174,21,0.231,12,0.18,18,0.257,35,0.298,81,0.314,111,0.227,157,0.199,168,0.196,144,0.204,138,0.237,166,0.285,127,0.207,147,0.239,172,0.276,166,0.242,239,0.344,232,0.298,200,0.272,151,0.278,75,0.173,66,0.181,64,0.243,29,0.16
Region 34,Region 47,4,0.024,0,0,0,0,1,0.014,1,0.009,4,0.016,8,0.016,12,0.015,9,0.011,4,0.006,6,0.01,8,0.014,8,0.013,6,0.01,10,0.016,10,0.015,13,0.019,17,0.022,11,0.015,15,0.028,12,0.028,4,0.011,5,0.019,4,0.022
Region 34,Region 48,0,0,0,0,1,0.015,0,0,1,0.009,0,0,1,0.002,0,0,1,0.001,3,0.004,2,0.003,1,0.002,0,0,2,0.003,1,0.002,6,0.009,5,0.007,4,0.005,6,0.008,2,0.004,3,0.007,1,0.003,1,0.004,0,0
Region 34,Region 49,1,0.006,0,0,0,0,0,0,0,0,0,0,0,0,1,0.001,0,0,0,0,0,0,1,0.002,1,0.002,0,0,3,0.005,2,0.003,0,0,3,0.004,2,0.003,3,0.006,2,0.005,7,0.019,2,0.008,2,0.011
Region 34,Region 50,4,0.024,0,0,0,0,0,0,0,0,2,0.008,3,0.006,5,0.006,6,0.007,3,0.004,4,0.007,5,0.009,7,0.011,5,0.008,4,0.006,4,0.006,6,0.009,11,0.014,6,0.008,7,0.013,5,0.012,3,0.008,2,0.008,2,0.011
Region 34,Region 51,11,0.066,12,0.132,6,0.09,8,0.114,10,0.085,16,0.062,44,0.09,120,0.152,120,0.14,108,0.153,105,0.18,109,0.187,94,0.153,89,0.145,154,0.247,152,0.222,161,0.232,127,0.163,126,0.171,86,0.158,58,0.134,28,0.077,32,0.121,32,0.177
Region 34,Region 52,0,0,3,0.033,0,0,0,0,0,0,1,0.004,5,0.01,4,0.005,5,0.006,3,0.004,5,0.009,10,0.017,9,0.015,5,0.008,7,0.011,12,0.017,6,0.009,22,0.028,7,0.01,7,0.013,8,0.018,4,0.011,0,0,0,0
Region 34,Region 53,1,0.006,1,0.011,0,0,0,0,0,0,0,0,0,0,1,0.001,0,0,1,0.001,4,0.007,3,0.005,1,0.002,1,0.002,0,0,0,0,0,0,1,0.001,4,0.005,2,0.004,1,0.002,0,0,0,0,4,0.022
Region 34,Region 54,10,0.06,3,0.033,3,0.045,2,0.029,1,0.009,2,0.008,9,0.018,17,0.022,22,0.026,24,0.034,20,0.034,18,0.031,30,0.049,19,0.031,26,0.042,28,0.041,26,0.037,49,0.063,39,0.053,23,0.042,17,0.039,22,0.06,17,0.065,5,0.028
Region 34,Region 55,3,0.018,0,0,1,0.015,1,0.014,1,0.009,2,0.008,5,0.01,7,0.009,6,0.007,3,0.004,8,0.014,10,0.017,7,0.011,12,0.02,6,0.01,9,0.013,21,0.03,12,0.015,9,0.012,8,0.015,7,0.016,4,0.011,4,0.015,2,0.011
Region 34,Region 56,1,0.006,1,0.011,0,0,0,0,0,0,0,0,0,0,2,0.003,1,0.001,2,0.003,1,0.002,0,0,0,0,3,0.005,6,0.01,3,0.004,3,0.004,5,0.006,1,0.001,6,0.011,3,0.007,0,0,0,0,0,0
Region 34,Region 57,2,0.012,1,0.011,0,0,0,0,0,0,0,0,0,0,1,0.001,3,0.004,1,0.001,1,0.002,2,0.003,3,0.005,6,0.01,1,0.002,3,0.004,7,0.01,2,0.003,5,0.007,0,0,1,0.002,0,0,0,0,1,0.006
Region 34,Region 58,10,0.06,8,0.088,3,0.045,7,0.1,7,0.06,9,0.035,28,0.057,32,0.041,34,0.04,25,0.035,32,0.055,33,0.057,37,0.06,40,0.065,58,0.093,70,0.102,53,0.076,62,0.08,56,0.076,34,0.063,26,0.06,26,0.071,25,0.095,17,0.094
Region 34,Region 59,1,0.006,0,0,1,0.015,0,0,0,0,0,0,2,0.004,2,0.003,4,0.005,4,0.006,1,0.002,2,0.003,4,0.007,5,0.008,5,0.008,3,0.004,5,0.007,2,0.003,4,0.005,3,0.006,2,0.005,2,0.005,0,0,2,0.011
Region 34,Region 60,1,0.006,1,0.011,2,0.03,1,0.014,0,0,1,0.004,5,0.01,3,0.004,3,0.004,7,0.01,10,0.017,7,0.012,13,0.021,5,0.008,7,0.011,3,0.004,12,0.017,9,0.012,12,0.016,6,0.011,5,0.012,7,0.019,6,0.023,0,0
Region 34,Region 61,5,0.03,4,0.044,2,0.03,2,0.029,1,0.009,3,0.012,5,0.01,2,0.003,6,0.007,1,0.001,3,0.005,5,0.009,4,0.007,7,0.011,8,0.013,8,0.012,6,0.009,17,0.022,13,0.018,8,0.015,7,0.016,6,0.016,4,0.015,2,0.011
Region 34,Region 62,0,0,0,0,0,0,0,0,0,0,0,0,0,0,0,0,0,0,1,0.001,1,0.002,2,0.003,2,0.003,0,0,0,0,0,0,3,0.004,1,0.001,2,0.003,2,0.004,1,0.002,2,0.005,0,0,1,0.006
Region 34,Region 63,0,0,0,0,0,0,1,0.014,1,0.009,0,0,2,0.004,10,0.013,5,0.006,4,0.006,2,0.003,4,0.007,5,0.008,5,0.008,6,0.01,7,0.01,6,0.009,2,0.003,2,0.003,2,0.004,2,0.005,4,0.011,2,0.008,2,0.011
Region 34,Region 64,0,0,0,0,1,0.015,0,0,0,0,0,0,2,0.004,1,0.001,1,0.001,2,0.003,1,0.002,3,0.005,2,0.003,2,0.003,2,0.003,4,0.006,1,0.001,4,0.005,3,0.004,0,0,4,0.009,1,0.003,1,0.004,1,0.006
Region 34,Region 65,14,0.084,14,0.154,10,0.15,13,0.185,4,0.034,10,0.039,27,0.055,57,0.072,74,0.086,97,0.137,75,0.129,62,0.106,67,0.109,72,0.117,66,0.106,86,0.125,108,0.155,74,0.095,77,0.105,61,0.112,48,0.111,38,0.104,43,0.163,22,0.122
Region 34,Region 66,5,0.03,3,0.033,1,0.015,3,0.043,0,0,4,0.016,6,0.012,6,0.008,11,0.013,10,0.014,5,0.009,13,0.022,13,0.021,3,0.005,10,0.016,17,0.025,21,0.03,22,0.028,23,0.031,11,0.02,13,0.03,17,0.047,14,0.053,11,0.061
Region 34,Region 67,0,0,0,0,0,0,1,0.014,0,0,1,0.004,0,0,0,0,0,0,2,0.003,1,0.002,0,0,0,0,1,0.002,0,0,1,0.001,0,0,0,0,1,0.001,0,0,1,0.002,0,0,0,0,0,0
Region 34,Region 68,1,0.006,1,0.011,0,0,0,0,0,0,0,0,1,0.002,3,0.004,3,0.004,5,0.007,4,0.007,5,0.009,2,0.003,1,0.002,1,0.002,12,0.017,15,0.022,23,0.03,7,0.01,3,0.006,3,0.007,3,0.008,3,0.011,1,0.006
Region 34,Region 69,4,0.024,9,0.099,2,0.03,1,0.014,0,0,2,0.008,8,0.016,20,0.025,12,0.014,14,0.02,10,0.017,14,0.024,8,0.013,7,0.011,10,0.016,10,0.015,13,0.019,15,0.019,19,0.026,4,0.007,6,0.014,8,0.022,4,0.015,1,0.006
Region 34,Region 70,0,0,0,0,0,0,0,0,0,0,0,0,0,0,0,0,3,0.004,0,0,2,0.003,2,0.003,0,0,3,0.005,0,0,3,0.004,3,0.004,1,0.001,1,0.001,2,0.004,2,0.005,0,0,0,0,0,0
Region 34,Region 71,0,0,0,0,0,0,0,0,1,0.009,1,0.004,4,0.008,4,0.005,11,0.013,8,0.011,8,0.014,10,0.017,6,0.01,6,0.01,7,0.011,4,0.006,8,0.012,8,0.01,12,0.016,8,0.015,5,0.012,0,0,1,0.004,1,0.006
Region 34,Region 72,93,0.558,30,0.33,28,0.419,22,0.314,26,0.221,38,0.147,93,0.19,170,0.216,163,0.19,204,0.289,211,0.362,220,0.377,206,0.335,233,0.379,270,0.434,397,0.579,368,0.53,322,0.414,311,0.423,199,0.366,167,0.385,156,0.427,109,0.414,72,0.398
Region 35,Region 0,3,0.018,0,0,0,0,0,0,0,0,1,0.004,1,0.002,0,0,2,0.002,1,0.001,1,0.002,2,0.003,1,0.002,1,0.002,1,0.002,0,0,1,0.001,1,0.001,0,0,0,0,0,0,0,0,0,0,0,0
Region 35,Region 1,34,0.204,16,0.176,10,0.15,14,0.2,60,0.511,181,0.702,265,0.541,396,0.502,434,0.507,390,0.552,275,0.471,250,0.429,195,0.317,178,0.29,150,0.241,171,0.249,127,0.183,129,0.166,169,0.23,142,0.261,130,0.299,108,0.296,83,0.315,76,0.42
Region 35,Region 2,2,0.012,2,0.022,1,0.015,0,0,1,0.009,4,0.016,11,0.022,12,0.015,8,0.009,5,0.007,8,0.014,5,0.009,1,0.002,3,0.005,2,0.003,1,0.001,0,0,2,0.003,4,0.005,8,0.015,6,0.014,5,0.014,3,0.011,1,0.006
Region 35,Region 3,0,0,0,0,0,0,1,0.014,0,0,0,0,1,0.002,5,0.006,8,0.009,3,0.004,2,0.003,5,0.009,1,0.002,4,0.007,2,0.003,0,0,0,0,2,0.003,2,0.003,3,0.006,1,0.002,3,0.008,4,0.015,3,0.017
Region 35,Region 4,2,0.012,1,0.011,4,0.06,1,0.014,1,0.009,4,0.016,5,0.01,6,0.008,0,0,1,0.001,3,0.005,4,0.007,1,0.002,2,0.003,1,0.002,3,0.004,2,0.003,0,0,2,0.003,4,0.007,3,0.007,1,0.003,1,0.004,1,0.006
Region 35,Region 5,1,0.006,0,0,0,0,0,0,3,0.026,9,0.035,2,0.004,0,0,0,0,2,0.003,3,0.005,3,0.005,2,0.003,3,0.005,2,0.003,1,0.001,0,0,0,0,1,0.001,2,0.004,5,0.012,2,0.005,1,0.004,0,0
Region 35,Region 6,6,0.036,4,0.044,0,0,1,0.014,1,0.009,3,0.012,6,0.012,7,0.009,4,0.005,5,0.007,5,0.009,5,0.009,2,0.003,2,0.003,4,0.006,8,0.012,5,0.007,2,0.003,4,0.005,2,0.004,2,0.005,2,0.005,0,0,4,0.022
Region 35,Region 7,0,0,0,0,0,0,1,0.014,1,0.009,2,0.008,7,0.014,3,0.004,4,0.005,8,0.011,3,0.005,6,0.01,1,0.002,4,0.007,3,0.005,4,0.006,1,0.001,2,0.003,2,0.003,1,0.002,2,0.005,2,0.005,2,0.008,2,0.011
Region 35,Region 8,0,0,0,0,0,0,1,0.014,1,0.009,3,0.012,13,0.027,31,0.039,16,0.019,14,0.02,14,0.024,17,0.029,9,0.015,9,0.015,4,0.006,12,0.017,14,0.02,19,0.024,6,0.008,5,0.009,5,0.012,2,0.005,1,0.004,0,0
Region 35,Region 9,6,0.036,4,0.044,2,0.03,1,0.014,3,0.026,6,0.023,13,0.027,12,0.015,7,0.008,10,0.014,6,0.01,10,0.017,5,0.008,4,0.007,8,0.013,4,0.006,3,0.004,3,0.004,5,0.007,6,0.011,6,0.014,5,0.014,1,0.004,0,0
Region 35,Region 10,27,0.162,18,0.198,7,0.105,3,0.043,32,0.273,131,0.508,253,0.517,323,0.41,297,0.347,284,0.402,234,0.401,187,0.321,205,0.334,172,0.28,192,0.308,178,0.26,192,0.276,173,0.222,184,0.25,138,0.254,89,0.205,70,0.192,73,0.277,44,0.243
Region 35,Region 11,0,0,0,0,1,0.015,0,0,0,0,0,0,0,0,0,0,1,0.001,0,0,1,0.002,2,0.003,0,0,0,0,0,0,1,0.001,0,0,1,0.001,4,0.005,2,0.004,1,0.002,2,0.005,0,0,0,0
Region 35,Region 12,1,0.006,0,0,2,0.03,2,0.029,1,0.009,4,0.016,9,0.018,7,0.009,6,0.007,4,0.006,1,0.002,3,0.005,5,0.008,8,0.013,3,0.005,2,0.003,2,0.003,2,0.003,1,0.001,3,0.006,1,0.002,2,0.005,1,0.004,1,0.006
Region 35,Region 13,23,0.138,15,0.165,12,0.18,8,0.114,34,0.29,127,0.492,328,0.67,500,0.634,477,0.557,368,0.521,211,0.362,163,0.279,141,0.229,133,0.217,102,0.164,63,0.092,32,0.046,33,0.042,56,0.076,47,0.087,63,0.145,56,0.153,48,0.182,27,0.149
Region 35,Region 14,2,0.012,1,0.011,0,0,0,0,2,0.017,3,0.012,11,0.022,37,0.047,26,0.03,13,0.018,18,0.031,12,0.021,14,0.023,22,0.036,16,0.026,26,0.038,45,0.065,25,0.032,11,0.015,6,0.011,6,0.014,7,0.019,3,0.011,4,0.022
Region 35,Region 15,8,0.048,6,0.066,2,0.03,3,0.043,6,0.051,5,0.019,15,0.031,17,0.022,11,0.013,13,0.018,9,0.015,7,0.012,4,0.007,6,0.01,5,0.008,5,0.007,5,0.007,3,0.004,3,0.004,6,0.011,6,0.014,11,0.03,10,0.038,2,0.011
Region 35,Region 16,0,0,0,0,0,0,0,0,0,0,0,0,2,0.004,1,0.001,2,0.002,1,0.001,0,0,3,0.005,0,0,1,0.002,0,0,0,0,0,0,0,0,0,0,0,0,0,0,0,0,0,0,0,0
Region 35,Region 17,3,0.018,1,0.011,1,0.015,0,0,1,0.009,3,0.012,5,0.01,2,0.003,3,0.004,3,0.004,2,0.003,8,0.014,4,0.007,6,0.01,4,0.006,3,0.004,3,0.004,5,0.006,6,0.008,7,0.013,3,0.007,4,0.011,4,0.015,0,0
Region 35,Region 18,1,0.006,0,0,0,0,0,0,0,0,0,0,0,0,1,0.001,0,0,0,0,0,0,1,0.002,2,0.003,0,0,0,0,0,0,0,0,0,0,1,0.001,0,0,0,0,0,0,0,0,0,0
Region 35,Region 19,1,0.006,1,0.011,0,0,2,0.029,0,0,3,0.012,10,0.02,8,0.01,5,0.006,2,0.003,3,0.005,4,0.007,4,0.007,0,0,2,0.003,2,0.003,2,0.003,1,0.001,2,0.003,2,0.004,1,0.002,3,0.008,4,0.015,1,0.006
Region 35,Region 20,26,0.156,18,0.198,10,0.15,13,0.185,33,0.281,64,0.248,127,0.259,241,0.306,341,0.398,351,0.497,232,0.398,236,0.405,227,0.369,215,0.35,211,0.339,231,0.337,246,0.354,260,0.334,262,0.356,176,0.324,138,0.318,88,0.241,65,0.247,41,0.227
Region 35,Region 21,0,0,0,0,0,0,0,0,1,0.009,0,0,2,0.004,2,0.003,1,0.001,0,0,1,0.002,1,0.002,2,0.003,2,0.003,1,0.002,1,0.001,0,0,1,0.001,1,0.001,1,0.002,1,0.002,0,0,1,0.004,2,0.011
Region 35,Region 22,0,0,0,0,0,0,0,0,0,0,0,0,0,0,1,0.001,1,0.001,1,0.001,2,0.003,1,0.002,1,0.002,0,0,2,0.003,3,0.004,0,0,0,0,3,0.004,2,0.004,0,0,1,0.003,0,0,0,0
Region 35,Region 23,4,0.024,2,0.022,1,0.015,1,0.014,5,0.043,16,0.062,27,0.055,42,0.053,38,0.044,30,0.042,17,0.029,19,0.033,23,0.037,19,0.031,21,0.034,14,0.02,7,0.01,6,0.008,9,0.012,14,0.026,22,0.051,19,0.052,10,0.038,7,0.039
Region 35,Region 24,5,0.03,2,0.022,0,0,0,0,0,0,3,0.012,12,0.025,21,0.027,14,0.016,4,0.006,4,0.007,8,0.014,7,0.011,6,0.01,5,0.008,4,0.006,2,0.003,2,0.003,5,0.007,6,0.011,23,0.053,12,0.033,8,0.03,5,0.028
Region 35,Region 25,40,0.24,28,0.308,16,0.239,8,0.114,23,0.196,72,0.279,133,0.272,264,0.335,345,0.403,306,0.433,188,0.322,174,0.298,181,0.295,154,0.251,154,0.247,171,0.249,175,0.252,193,0.248,211,0.287,156,0.287,125,0.288,112,0.307,73,0.277,40,0.221
Region 35,Region 26,2,0.012,1,0.011,1,0.015,0,0,5,0.043,8,0.031,16,0.033,30,0.038,37,0.043,20,0.028,10,0.017,12,0.021,12,0.02,13,0.021,14,0.022,15,0.022,10,0.014,9,0.012,7,0.01,6,0.011,6,0.014,3,0.008,2,0.008,1,0.006
Region 35,Region 27,1,0.006,1,0.011,0,0,0,0,1,0.009,1,0.004,4,0.008,5,0.006,3,0.004,7,0.01,2,0.003,4,0.007,4,0.007,4,0.007,4,0.006,0,0,4,0.006,3,0.004,6,0.008,2,0.004,1,0.002,2,0.005,2,0.008,0,0
Region 35,Region 28,4,0.024,0,0,0,0,0,0,0,0,0,0,2,0.004,1,0.001,1,0.001,2,0.003,1,0.002,3,0.005,1,0.002,1,0.002,2,0.003,1,0.001,1,0.001,4,0.005,4,0.005,2,0.004,0,0,3,0.008,2,0.008,1,0.006
Region 35,Region 29,9,0.054,4,0.044,1,0.015,0,0,15,0.128,34,0.132,36,0.074,34,0.043,56,0.065,40,0.057,18,0.031,34,0.058,21,0.034,23,0.037,19,0.031,14,0.02,8,0.012,14,0.018,11,0.015,17,0.031,11,0.025,11,0.03,8,0.03,6,0.033
Region 35,Region 30,7,0.042,3,0.033,4,0.06,8,0.114,19,0.162,58,0.225,141,0.288,203,0.258,259,0.303,213,0.301,141,0.242,104,0.178,112,0.182,90,0.147,97,0.156,93,0.136,89,0.128,102,0.131,122,0.166,87,0.16,69,0.159,49,0.134,33,0.125,14,0.077
Region 35,Region 31,2,0.012,1,0.011,0,0,1,0.014,4,0.034,18,0.07,27,0.055,48,0.061,69,0.081,45,0.064,38,0.065,38,0.065,29,0.047,41,0.067,34,0.055,43,0.063,35,0.05,40,0.051,45,0.061,37,0.068,36,0.083,34,0.093,21,0.08,9,0.05
Region 35,Region 32,0,0,0,0,1,0.015,1,0.014,0,0,2,0.008,3,0.006,3,0.004,1,0.001,1,0.001,1,0.002,0,0,0,0,0,0,0,0,0,0,2,0.003,0,0,0,0,0,0,0,0,1,0.003,0,0,0,0
Region 35,Region 33,16,0.096,17,0.187,20,0.299,8,0.114,16,0.136,57,0.221,134,0.274,244,0.31,213,0.249,150,0.212,138,0.237,134,0.23,159,0.259,136,0.221,263,0.423,230,0.335,103,0.148,83,0.107,105,0.143,98,0.18,84,0.193,77,0.211,50,0.19,33,0.182
Region 35,Region 34,39,0.234,19,0.209,15,0.224,21,0.299,62,0.528,185,0.717,379,0.774,521,0.661,484,0.565,364,0.515,253,0.434,242,0.415,194,0.316,193,0.314,133,0.214,103,0.15,70,0.101,97,0.125,121,0.165,131,0.241,117,0.269,112,0.307,79,0.3,59,0.326
Region 35,Region 35,97,0.582,45,0.495,32,0.479,38,0.542,30,0.255,84,0.326,160,0.327,319,0.405,469,0.548,446,0.631,382,0.655,439,0.753,501,0.815,452,0.736,448,0.72,465,0.678,484,0.697,622,0.8,608,0.827,423,0.779,322,0.742,276,0.755,169,0.642,108,0.597
Region 35,Region 36,4,0.024,1,0.011,0,0,1,0.014,5,0.043,13,0.05,21,0.043,11,0.014,6,0.007,8,0.011,8,0.014,8,0.014,1,0.002,4,0.007,10,0.016,10,0.015,8,0.012,8,0.01,6,0.008,6,0.011,8,0.018,6,0.016,4,0.015,3,0.017
Region 35,Region 37,2,0.012,1,0.011,0,0,0,0,1,0.009,11,0.043,20,0.041,33,0.042,23,0.027,16,0.023,13,0.022,11,0.019,6,0.01,9,0.015,7,0.011,10,0.015,6,0.009,7,0.009,4,0.005,14,0.026,10,0.023,10,0.027,9,0.034,6,0.033
Region 35,Region 38,2,0.012,1,0.011,1,0.015,0,0,3,0.026,5,0.019,12,0.025,23,0.029,20,0.023,18,0.025,8,0.014,5,0.009,11,0.018,4,0.007,5,0.008,7,0.01,6,0.009,4,0.005,3,0.004,8,0.015,6,0.014,3,0.008,6,0.023,3,0.017
Region 35,Region 39,1,0.006,0,0,2,0.03,0,0,0,0,2,0.008,4,0.008,6,0.008,4,0.005,3,0.004,1,0.002,4,0.007,4,0.007,4,0.007,4,0.006,5,0.007,3,0.004,2,0.003,1,0.001,2,0.004,0,0,5,0.014,3,0.011,1,0.006
Region 35,Region 40,9,0.054,4,0.044,0,0,6,0.086,6,0.051,5,0.019,8,0.016,15,0.019,4,0.005,4,0.006,4,0.007,12,0.021,19,0.031,10,0.016,14,0.022,11,0.016,6,0.009,8,0.01,10,0.014,9,0.017,23,0.053,16,0.044,8,0.03,14,0.077
Region 35,Region 41,53,0.318,33,0.363,47,0.703,52,0.741,117,0.996,225,0.873,244,0.498,179,0.227,127,0.148,106,0.15,99,0.17,141,0.242,162,0.264,159,0.259,140,0.225,99,0.144,60,0.086,63,0.081,110,0.15,110,0.203,141,0.325,91,0.249,77,0.292,63,0.348
Region 35,Region 42,5,0.03,2,0.022,0,0,1,0.014,0,0,5,0.019,11,0.022,24,0.03,41,0.048,38,0.054,25,0.043,21,0.036,29,0.047,34,0.055,36,0.058,31,0.045,32,0.046,34,0.044,27,0.037,39,0.072,25,0.058,20,0.055,10,0.038,6,0.033
Region 35,Region 43,2,0.012,1,0.011,4,0.06,0,0,1,0.009,2,0.008,5,0.01,14,0.018,16,0.019,13,0.018,6,0.01,9,0.015,14,0.023,14,0.023,6,0.01,2,0.003,4,0.006,6,0.008,8,0.011,6,0.011,6,0.014,7,0.019,1,0.004,2,0.011
Region 35,Region 44,0,0,1,0.011,0,0,0,0,1,0.009,0,0,0,0,8,0.01,3,0.004,2,0.003,3,0.005,2,0.003,1,0.002,0,0,0,0,3,0.004,1,0.001,1,0.001,4,0.005,0,0,0,0,1,0.003,3,0.011,2,0.011
Region 35,Region 45,8,0.048,5,0.055,2,0.03,4,0.057,2,0.017,16,0.062,28,0.057,40,0.051,48,0.056,39,0.055,34,0.058,32,0.055,23,0.037,26,0.042,20,0.032,22,0.032,17,0.024,26,0.033,32,0.044,46,0.085,45,0.104,25,0.068,15,0.057,11,0.061
Region 35,Region 46,109,0.654,77,0.846,85,1.272,163,2.324,418,3.56,673,2.61,724,1.479,615,0.78,514,0.601,421,0.596,361,0.619,451,0.773,345,0.561,330,0.537,277,0.445,254,0.37,148,0.213,149,0.192,182,0.248,200,0.368,257,0.592,202,0.553,133,0.505,87,0.481
Region 35,Region 47,7,0.042,4,0.044,2,0.03,3,0.043,9,0.077,25,0.097,35,0.071,41,0.052,36,0.042,18,0.025,16,0.027,25,0.043,16,0.026,17,0.028,15,0.024,6,0.009,7,0.01,10,0.013,10,0.014,11,0.02,12,0.028,8,0.022,11,0.042,3,0.017
Region 35,Region 48,2,0.012,4,0.044,1,0.015,1,0.014,2,0.017,3,0.012,12,0.025,10,0.013,6,0.007,7,0.01,2,0.003,6,0.01,3,0.005,3,0.005,3,0.005,1,0.001,0,0,2,0.003,5,0.007,5,0.009,6,0.014,4,0.011,1,0.004,2,0.011
Region 35,Region 49,0,0,1,0.011,1,0.015,1,0.014,2,0.017,1,0.004,2,0.004,1,0.001,2,0.002,4,0.006,3,0.005,1,0.002,2,0.003,2,0.003,1,0.002,4,0.006,0,0,1,0.001,1,0.001,1,0.002,4,0.009,7,0.019,3,0.011,2,0.011
Region 35,Region 50,2,0.012,1,0.011,1,0.015,2,0.029,4,0.034,20,0.078,50,0.102,58,0.074,46,0.054,39,0.055,18,0.031,11,0.019,20,0.033,24,0.039,16,0.026,26,0.038,19,0.027,15,0.019,16,0.022,11,0.02,11,0.025,11,0.03,6,0.023,8,0.044
Region 35,Region 51,36,0.216,30,0.33,14,0.21,10,0.143,22,0.187,69,0.268,179,0.366,468,0.594,512,0.598,357,0.505,257,0.441,220,0.377,255,0.415,261,0.425,295,0.474,308,0.449,251,0.361,317,0.408,226,0.307,212,0.39,142,0.327,99,0.271,88,0.334,42,0.232
Region 35,Region 52,1,0.006,0,0,1,0.015,0,0,0,0,2,0.008,4,0.008,5,0.006,9,0.011,5,0.007,15,0.026,12,0.021,5,0.008,6,0.01,20,0.032,17,0.025,20,0.029,11,0.014,23,0.031,9,0.017,7,0.016,6,0.016,4,0.015,0,0
Region 35,Region 53,0,0,1,0.011,0,0,0,0,0,0,0,0,0,0,2,0.003,3,0.004,3,0.004,3,0.005,2,0.003,0,0,2,0.003,1,0.002,0,0,0,0,3,0.004,1,0.001,1,0.002,3,0.007,1,0.003,0,0,0,0
Region 35,Region 54,20,0.12,8,0.088,8,0.12,5,0.071,14,0.119,48,0.186,84,0.172,121,0.154,115,0.134,113,0.16,78,0.134,60,0.103,49,0.08,59,0.096,52,0.084,61,0.089,48,0.069,42,0.054,53,0.072,51,0.094,50,0.115,35,0.096,22,0.084,17,0.094
Region 35,Region 55,0,0,1,0.011,2,0.03,1,0.014,5,0.043,15,0.058,18,0.037,33,0.042,32,0.037,19,0.027,10,0.017,14,0.024,6,0.01,11,0.018,10,0.016,4,0.006,2,0.003,6,0.008,9,0.012,8,0.015,14,0.032,8,0.022,9,0.034,5,0.028
Region 35,Region 56,1,0.006,1,0.011,1,0.015,0,0,2,0.017,2,0.008,7,0.014,6,0.008,2,0.002,4,0.006,4,0.007,4,0.007,6,0.01,5,0.008,4,0.006,5,0.007,2,0.003,3,0.004,1,0.001,3,0.006,5,0.012,8,0.022,5,0.019,3,0.017
Region 35,Region 57,1,0.006,1,0.011,2,0.03,3,0.043,4,0.034,4,0.016,5,0.01,8,0.01,7,0.008,10,0.014,5,0.009,2,0.003,3,0.005,3,0.005,7,0.011,7,0.01,5,0.007,7,0.009,7,0.01,3,0.006,3,0.007,0,0,0,0,1,0.006
Region 35,Region 58,62,0.372,43,0.473,40,0.599,53,0.756,106,0.903,264,1.024,302,0.617,243,0.308,205,0.24,143,0.202,124,0.213,132,0.226,112,0.182,125,0.204,110,0.177,81,0.118,37,0.053,53,0.068,49,0.067,59,0.109,101,0.233,88,0.241,63,0.239,44,0.243
Region 35,Region 59,3,0.018,6,0.066,4,0.06,3,0.043,5,0.043,18,0.07,23,0.047,20,0.025,19,0.022,20,0.028,11,0.019,18,0.031,16,0.026,12,0.02,11,0.018,6,0.009,6,0.009,5,0.006,7,0.01,6,0.011,6,0.014,3,0.008,3,0.011,3,0.017
Region 35,Region 60,10,0.06,5,0.055,4,0.06,2,0.029,6,0.051,23,0.089,41,0.084,73,0.093,65,0.076,57,0.081,51,0.087,52,0.089,74,0.12,60,0.098,69,0.111,72,0.105,51,0.073,66,0.085,66,0.09,55,0.101,27,0.062,27,0.074,9,0.034,9,0.05
Region 35,Region 61,2,0.012,4,0.044,2,0.03,1,0.014,2,0.017,4,0.016,6,0.012,6,0.008,3,0.004,9,0.013,5,0.009,1,0.002,5,0.008,1,0.002,4,0.006,2,0.003,1,0.001,7,0.009,5,0.007,5,0.009,6,0.014,6,0.016,10,0.038,3,0.017
Region 35,Region 62,1,0.006,1,0.011,0,0,0,0,0,0,0,0,1,0.002,3,0.004,2,0.002,3,0.004,0,0,1,0.002,2,0.003,1,0.002,0,0,1,0.001,0,0,1,0.001,0,0,2,0.004,0,0,1,0.003,1,0.004,0,0
Region 35,Region 63,1,0.006,0,0,0,0,0,0,4,0.034,8,0.031,16,0.033,10,0.013,2,0.002,1,0.001,4,0.007,4,0.007,2,0.003,1,0.002,3,0.005,2,0.003,1,0.001,2,0.003,1,0.001,1,0.002,1,0.002,3,0.008,4,0.015,2,0.011
Region 35,Region 64,1,0.006,1,0.011,3,0.045,1,0.014,0,0,2,0.008,5,0.01,4,0.005,3,0.004,2,0.003,1,0.002,1,0.002,2,0.003,1,0.002,2,0.003,2,0.003,1,0.001,3,0.004,1,0.001,1,0.002,1,0.002,1,0.003,1,0.004,2,0.011
Region 35,Region 65,22,0.132,8,0.088,5,0.075,4,0.057,12,0.102,55,0.213,121,0.247,144,0.183,126,0.147,99,0.14,89,0.153,52,0.089,74,0.12,58,0.094,32,0.051,27,0.039,16,0.023,15,0.019,11,0.015,19,0.035,23,0.053,16,0.044,19,0.072,17,0.094
Region 35,Region 66,7,0.042,3,0.033,2,0.03,0,0,13,0.111,60,0.233,66,0.135,59,0.075,64,0.075,42,0.059,25,0.043,14,0.024,26,0.042,15,0.024,21,0.034,17,0.025,8,0.012,10,0.013,19,0.026,20,0.037,19,0.044,18,0.049,9,0.034,10,0.055
Region 35,Region 67,0,0,0,0,1,0.015,0,0,0,0,0,0,0,0,1,0.001,1,0.001,0,0,0,0,0,0,0,0,0,0,0,0,1,0.001,0,0,0,0,0,0,1,0.002,1,0.002,1,0.003,1,0.004,1,0.006
Region 35,Region 68,1,0.006,1,0.011,0,0,0,0,0,0,5,0.019,12,0.025,19,0.024,12,0.014,11,0.016,11,0.019,5,0.009,7,0.011,8,0.013,10,0.016,8,0.012,9,0.013,7,0.009,8,0.011,5,0.009,2,0.005,0,0,0,0,0,0
Region 35,Region 69,10,0.06,26,0.286,19,0.284,0,0,2,0.017,6,0.023,7,0.014,14,0.018,14,0.016,21,0.03,13,0.022,9,0.015,13,0.021,13,0.021,14,0.022,21,0.031,7,0.01,6,0.008,12,0.016,12,0.022,5,0.012,7,0.019,5,0.019,0,0
Region 35,Region 70,1,0.006,0,0,0,0,0,0,0,0,6,0.023,19,0.039,38,0.048,25,0.029,17,0.024,12,0.021,4,0.007,10,0.016,6,0.01,11,0.018,15,0.022,4,0.006,6,0.008,3,0.004,6,0.011,6,0.014,2,0.005,2,0.008,0,0
Region 35,Region 71,5,0.03,2,0.022,0,0,2,0.029,3,0.026,14,0.054,48,0.098,92,0.117,61,0.071,39,0.055,46,0.079,31,0.053,35,0.057,37,0.06,23,0.037,19,0.028,9,0.013,13,0.017,8,0.011,9,0.017,6,0.014,7,0.019,5,0.019,1,0.006
Region 35,Region 72,68,0.408,32,0.352,19,0.284,34,0.485,61,0.52,97,0.376,158,0.323,213,0.27,245,0.286,248,0.351,208,0.357,226,0.388,243,0.395,227,0.37,252,0.405,265,0.386,338,0.486,300,0.386,267,0.363,212,0.39,168,0.387,145,0.397,104,0.395,69,0.381
Region 36,Region 0,0,0,0,0,0,0,0,0,0,0,0,0,0,0,0,0,0,0,0,0,0,0,0,0,0,0,0,0,0,0,0,0,0,0,2,0.003,0,0,2,0.004,0,0,0,0,0,0,0,0
Region 36,Region 1,1,0.006,0,0,1,0.015,0,0,0,0,0,0,3,0.006,2,0.003,15,0.018,5,0.007,10,0.017,5,0.009,3,0.005,3,0.005,4,0.006,5,0.007,5,0.007,6,0.008,4,0.005,6,0.011,8,0.018,3,0.008,2,0.008,0,0
Region 36,Region 2,0,0,0,0,0,0,0,0,0,0,0,0,0,0,0,0,1,0.001,0,0,0,0,1,0.002,0,0,1,0.002,2,0.003,3,0.004,1,0.001,2,0.003,1,0.001,4,0.007,0,0,0,0,1,0.004,1,0.006
Region 36,Region 3,1,0.006,0,0,0,0,0,0,0,0,0,0,0,0,1,0.001,1,0.001,0,0,0,0,0,0,0,0,0,0,0,0,1,0.001,0,0,0,0,0,0,0,0,0,0,0,0,0,0,0,0
Region 36,Region 4,0,0,0,0,0,0,0,0,0,0,0,0,0,0,0,0,0,0,2,0.003,0,0,0,0,0,0,0,0,0,0,1,0.001,1,0.001,0,0,0,0,0,0,0,0,0,0,0,0,0,0
Region 36,Region 5,0,0,0,0,0,0,0,0,0,0,0,0,0,0,0,0,0,0,0,0,0,0,0,0,2,0.003,1,0.002,0,0,0,0,0,0,0,0,0,0,1,0.002,0,0,0,0,0,0,0,0
Region 36,Region 6,4,0.024,4,0.044,0,0,1,0.014,3,0.026,6,0.023,7,0.014,17,0.022,21,0.025,15,0.021,27,0.046,39,0.067,22,0.036,34,0.055,31,0.05,37,0.054,29,0.042,41,0.053,32,0.044,24,0.044,19,0.044,17,0.047,9,0.034,3,0.017
Region 36,Region 7,1,0.006,0,0,0,0,0,0,0,0,0,0,0,0,0,0,0,0,0,0,1,0.002,1,0.002,2,0.003,1,0.002,1,0.002,1,0.001,0,0,2,0.003,1,0.001,0,0,0,0,0,0,1,0.004,0,0
Region 36,Region 8,0,0,0,0,0,0,0,0,0,0,0,0,1,0.002,1,0.001,0,0,0,0,0,0,0,0,0,0,2,0.003,0,0,1,0.001,1,0.001,0,0,1,0.001,0,0,1,0.002,0,0,0,0,0,0
Region 36,Region 9,0,0,0,0,0,0,0,0,0,0,0,0,0,0,0,0,0,0,0,0,1,0.002,0,0,1,0.002,0,0,1,0.002,0,0,0,0,0,0,0,0,0,0,0,0,0,0,0,0,0,0
Region 36,Region 10,0,0,0,0,0,0,0,0,0,0,1,0.004,4,0.008,9,0.011,7,0.008,4,0.006,3,0.005,6,0.01,1,0.002,4,0.007,1,0.002,1,0.001,1,0.001,1,0.001,2,0.003,1,0.002,0,0,0,0,2,0.008,1,0.006
Region 36,Region 11,0,0,0,0,0,0,0,0,0,0,0,0,0,0,0,0,0,0,0,0,0,0,0,0,0,0,0,0,0,0,0,0,0,0,1,0.001,0,0,1,0.002,0,0,0,0,0,0,0,0
Region 36,Region 12,0,0,0,0,0,0,0,0,0,0,0,0,0,0,0,0,0,0,0,0,0,0,0,0,0,0,0,0,0,0,0,0,0,0,0,0,0,0,0,0,0,0,0,0,0,0,0,0
Region 36,Region 13,0,0,0,0,0,0,0,0,0,0,2,0.008,3,0.006,5,0.006,4,0.005,8,0.011,1,0.002,1,0.002,6,0.01,2,0.003,4,0.006,6,0.009,0,0,2,0.003,2,0.003,4,0.007,0,0,0,0,2,0.008,0,0
Region 36,Region 14,0,0,0,0,0,0,0,0,0,0,0,0,1,0.002,13,0.016,6,0.007,2,0.003,3,0.005,2,0.003,1,0.002,0,0,0,0,0,0,1,0.001,3,0.004,3,0.004,0,0,1,0.002,0,0,0,0,0,0
Region 36,Region 15,1,0.006,0,0,0,0,0,0,3,0.026,5,0.019,9,0.018,11,0.014,15,0.018,6,0.008,6,0.01,7,0.012,6,0.01,5,0.008,2,0.003,7,0.01,7,0.01,12,0.015,11,0.015,7,0.013,7,0.016,4,0.011,4,0.015,1,0.006
Region 36,Region 16,0,0,0,0,0,0,0,0,0,0,0,0,0,0,1,0.001,0,0,0,0,1,0.002,0,0,0,0,0,0,0,0,1,0.001,1,0.001,1,0.001,0,0,0,0,0,0,0,0,0,0,0,0
Region 36,Region 17,0,0,0,0,0,0,0,0,0,0,0,0,0,0,0,0,1,0.001,1,0.001,0,0,2,0.003,0,0,0,0,0,0,0,0,0,0,0,0,1,0.001,1,0.002,0,0,0,0,0,0,0,0
Region 36,Region 18,0,0,0,0,0,0,0,0,0,0,0,0,0,0,0,0,0,0,0,0,0,0,0,0,0,0,0,0,0,0,0,0,0,0,0,0,0,0,0,0,0,0,0,0,0,0,0,0
Region 36,Region 19,0,0,1,0.011,0,0,0,0,0,0,1,0.004,0,0,1,0.001,0,0,0,0,0,0,0,0,0,0,0,0,0,0,1,0.001,0,0,0,0,2,0.003,0,0,1,0.002,0,0,1,0.004,0,0
Region 36,Region 20,0,0,0,0,0,0,0,0,0,0,1,0.004,1,0.002,2,0.003,9,0.011,1,0.001,0,0,2,0.003,0,0,2,0.003,2,0.003,0,0,2,0.003,2,0.003,3,0.004,0,0,0,0,1,0.003,0,0,0,0
Region 36,Region 21,0,0,0,0,0,0,0,0,0,0,0,0,0,0,0,0,0,0,0,0,0,0,0,0,0,0,0,0,0,0,0,0,0,0,0,0,0,0,0,0,0,0,0,0,0,0,0,0
Region 36,Region 22,1,0.006,2,0.022,0,0,1,0.014,0,0,1,0.004,1,0.002,3,0.004,2,0.002,2,0.003,5,0.009,1,0.002,2,0.003,6,0.01,5,0.008,8,0.012,2,0.003,6,0.008,8,0.011,4,0.007,2,0.005,3,0.008,1,0.004,2,0.011
Region 36,Region 23,0,0,0,0,0,0,0,0,0,0,0,0,0,0,0,0,0,0,0,0,0,0,0,0,0,0,0,0,0,0,1,0.001,0,0,0,0,1,0.001,0,0,0,0,0,0,0,0,0,0
Region 36,Region 24,0,0,0,0,0,0,0,0,0,0,0,0,1,0.002,3,0.004,0,0,0,0,0,0,0,0,0,0,0,0,1,0.002,1,0.001,1,0.001,0,0,1,0.001,0,0,0,0,2,0.005,0,0,0,0
Region 36,Region 25,0,0,0,0,0,0,0,0,2,0.017,1,0.004,1,0.002,7,0.009,6,0.007,5,0.007,3,0.005,3,0.005,1,0.002,1,0.002,1,0.002,3,0.004,4,0.006,3,0.004,3,0.004,2,0.004,1,0.002,0,0,2,0.008,1,0.006
Region 36,Region 26,0,0,0,0,0,0,0,0,0,0,0,0,1,0.002,3,0.004,8,0.009,1,0.001,0,0,4,0.007,3,0.005,0,0,2,0.003,4,0.006,2,0.003,4,0.005,3,0.004,0,0,3,0.007,1,0.003,1,0.004,0,0
Region 36,Region 27,0,0,0,0,0,0,0,0,0,0,0,0,0,0,3,0.004,0,0,0,0,0,0,2,0.003,3,0.005,2,0.003,2,0.003,3,0.004,1,0.001,3,0.004,1,0.001,1,0.002,1,0.002,1,0.003,0,0,0,0
Region 36,Region 28,0,0,0,0,0,0,0,0,0,0,0,0,0,0,0,0,2,0.002,1,0.001,1,0.002,0,0,1,0.002,0,0,0,0,0,0,0,0,1,0.001,0,0,0,0,0,0,0,0,0,0,0,0
Region 36,Region 29,0,0,0,0,0,0,0,0,0,0,1,0.004,0,0,1,0.001,1,0.001,2,0.003,1,0.002,1,0.002,3,0.005,2,0.003,2,0.003,0,0,0,0,1,0.001,1,0.001,1,0.002,1,0.002,1,0.003,0,0,0,0
Region 36,Region 30,0,0,0,0,0,0,0,0,0,0,0,0,0,0,5,0.006,3,0.004,1,0.001,0,0,1,0.002,2,0.003,1,0.002,1,0.002,0,0,1,0.001,2,0.003,0,0,0,0,1,0.002,0,0,0,0,0,0
Region 36,Region 31,0,0,0,0,0,0,0,0,0,0,1,0.004,0,0,3,0.004,1,0.001,2,0.003,0,0,2,0.003,0,0,1,0.002,1,0.002,1,0.001,0,0,0,0,0,0,1,0.002,1,0.002,0,0,0,0,0,0
Region 36,Region 32,0,0,0,0,0,0,0,0,0,0,0,0,0,0,0,0,0,0,1,0.001,0,0,0,0,0,0,0,0,0,0,0,0,1,0.001,0,0,0,0,1,0.002,0,0,0,0,0,0,0,0
Region 36,Region 33,0,0,0,0,0,0,0,0,0,0,2,0.008,8,0.016,22,0.028,21,0.025,14,0.02,9,0.015,8,0.014,5,0.008,2,0.003,3,0.005,5,0.007,2,0.003,3,0.004,3,0.004,2,0.004,0,0,0,0,0,0,0,0
Region 36,Region 34,2,0.012,1,0.011,1,0.015,0,0,0,0,1,0.004,4,0.008,6,0.008,8,0.009,2,0.003,2,0.003,2,0.003,3,0.005,2,0.003,0,0,3,0.004,0,0,3,0.004,4,0.005,0,0,5,0.012,0,0,0,0,0,0
Region 36,Region 35,0,0,0,0,0,0,0,0,0,0,1,0.004,2,0.004,1,0.001,1,0.001,2,0.003,0,0,0,0,1,0.002,2,0.003,0,0,0,0,0,0,2,0.003,0,0,0,0,1,0.002,1,0.003,0,0,0,0
Region 36,Region 36,0,0,4,0.044,2,0.03,1,0.014,2,0.017,2,0.008,6,0.012,52,0.066,38,0.044,30,0.042,35,0.06,47,0.081,57,0.093,41,0.067,39,0.063,34,0.05,55,0.079,84,0.108,60,0.082,45,0.083,29,0.067,27,0.074,8,0.03,2,0.011
Region 36,Region 37,0,0,0,0,0,0,0,0,0,0,0,0,0,0,0,0,1,0.001,0,0,0,0,1,0.002,0,0,1,0.002,0,0,0,0,2,0.003,0,0,1,0.001,0,0,0,0,1,0.003,0,0,0,0
Region 36,Region 38,0,0,0,0,0,0,0,0,0,0,0,0,0,0,0,0,2,0.002,0,0,0,0,1,0.002,0,0,0,0,0,0,2,0.003,0,0,0,0,1,0.001,0,0,0,0,0,0,0,0,0,0
Region 36,Region 39,0,0,0,0,0,0,0,0,1,0.009,0,0,0,0,0,0,1,0.001,0,0,1,0.002,2,0.003,1,0.002,0,0,1,0.002,4,0.006,2,0.003,2,0.003,1,0.001,1,0.002,0,0,0,0,0,0,0,0
Region 36,Region 40,1,0.006,1,0.011,0,0,1,0.014,1,0.009,1,0.004,0,0,0,0,0,0,0,0,0,0,2,0.003,2,0.003,2,0.003,1,0.002,0,0,0,0,2,0.003,4,0.005,3,0.006,2,0.005,3,0.008,1,0.004,0,0
Region 36,Region 41,0,0,0,0,0,0,1,0.014,1,0.009,0,0,2,0.004,1,0.001,2,0.002,0,0,4,0.007,1,0.002,2,0.003,0,0,3,0.005,3,0.004,1,0.001,1,0.001,1,0.001,0,0,2,0.005,0,0,1,0.004,0,0
Region 36,Region 42,0,0,0,0,0,0,0,0,0,0,0,0,1,0.002,1,0.001,0,0,0,0,0,0,1,0.002,0,0,2,0.003,0,0,2,0.003,0,0,0,0,2,0.003,0,0,1,0.002,0,0,0,0,0,0
Region 36,Region 43,0,0,0,0,0,0,0,0,0,0,0,0,0,0,0,0,0,0,1,0.001,0,0,2,0.003,0,0,0,0,0,0,0,0,1,0.001,1,0.001,0,0,0,0,1,0.002,0,0,0,0,0,0
Region 36,Region 44,0,0,0,0,0,0,0,0,0,0,0,0,0,0,0,0,1,0.001,1,0.001,0,0,0,0,1,0.002,1,0.002,0,0,0,0,0,0,0,0,0,0,2,0.004,0,0,0,0,1,0.004,1,0.006
Region 36,Region 45,0,0,0,0,0,0,0,0,0,0,0,0,3,0.006,1,0.001,3,0.004,1,0.001,0,0,1,0.002,0,0,0,0,0,0,1,0.001,0,0,1,0.001,1,0.001,0,0,1,0.002,1,0.003,0,0,0,0
Region 36,Region 46,0,0,0,0,0,0,0,0,2,0.017,3,0.012,1,0.002,1,0.001,1,0.001,0,0,0,0,0,0,0,0,0,0,0,0,0,0,0,0,0,0,1,0.001,0,0,0,0,1,0.003,0,0,0,0
Region 36,Region 47,0,0,0,0,0,0,0,0,0,0,0,0,0,0,1,0.001,1,0.001,0,0,0,0,1,0.002,0,0,0,0,0,0,0,0,0,0,0,0,0,0,0,0,0,0,0,0,0,0,0,0
Region 36,Region 48,0,0,0,0,0,0,0,0,0,0,0,0,0,0,0,0,1,0.001,0,0,0,0,1,0.002,0,0,0,0,1,0.002,0,0,0,0,0,0,0,0,1,0.002,0,0,0,0,1,0.004,0,0
Region 36,Region 49,0,0,0,0,1,0.015,0,0,0,0,0,0,0,0,1,0.001,1,0.001,2,0.003,0,0,2,0.003,0,0,1,0.002,2,0.003,4,0.006,3,0.004,1,0.001,2,0.003,0,0,0,0,1,0.003,1,0.004,1,0.006
Region 36,Region 50,3,0.018,1,0.011,0,0,1,0.014,0,0,1,0.004,3,0.006,10,0.013,22,0.026,18,0.025,15,0.026,22,0.038,18,0.029,25,0.041,10,0.016,15,0.022,21,0.03,32,0.041,31,0.042,24,0.044,14,0.032,6,0.016,5,0.019,4,0.022
Region 36,Region 51,0,0,0,0,0,0,0,0,0,0,0,0,3,0.006,8,0.01,2,0.002,0,0,1,0.002,0,0,1,0.002,0,0,1,0.002,1,0.001,1,0.001,0,0,2,0.003,0,0,0,0,0,0,0,0,0,0
Region 36,Region 52,0,0,0,0,0,0,0,0,0,0,0,0,0,0,0,0,0,0,0,0,0,0,0,0,1,0.002,0,0,1,0.002,0,0,0,0,0,0,0,0,0,0,0,0,0,0,0,0,0,0
Region 36,Region 53,0,0,0,0,0,0,0,0,0,0,0,0,0,0,1,0.001,0,0,0,0,0,0,0,0,0,0,0,0,0,0,0,0,0,0,1,0.001,0,0,0,0,0,0,0,0,0,0,0,0
Region 36,Region 54,1,0.006,1,0.011,3,0.045,1,0.014,2,0.017,3,0.012,2,0.004,13,0.016,15,0.018,13,0.018,6,0.01,10,0.017,9,0.015,13,0.021,9,0.014,12,0.017,12,0.017,10,0.013,17,0.023,7,0.013,8,0.018,4,0.011,4,0.015,1,0.006
Region 36,Region 55,0,0,0,0,0,0,0,0,0,0,0,0,0,0,0,0,1,0.001,0,0,1,0.002,0,0,0,0,0,0,0,0,0,0,0,0,0,0,0,0,0,0,0,0,0,0,0,0,0,0
Region 36,Region 56,0,0,0,0,0,0,0,0,0,0,0,0,1,0.002,0,0,0,0,0,0,0,0,0,0,0,0,1,0.002,0,0,0,0,0,0,0,0,0,0,0,0,1,0.002,0,0,0,0,0,0
Region 36,Region 57,10,0.06,1,0.011,1,0.015,0,0,2,0.017,14,0.054,16,0.033,25,0.032,38,0.044,34,0.048,26,0.045,38,0.065,46,0.075,32,0.052,69,0.111,53,0.077,75,0.108,102,0.131,80,0.109,44,0.081,25,0.058,16,0.044,15,0.057,7,0.039
Region 36,Region 58,1,0.006,1,0.011,0,0,0,0,2,0.017,2,0.008,2,0.004,4,0.005,11,0.013,10,0.014,7,0.012,15,0.026,5,0.008,12,0.02,9,0.014,13,0.019,17,0.024,13,0.017,13,0.018,7,0.013,7,0.016,6,0.016,3,0.011,1,0.006
Region 36,Region 59,1,0.006,6,0.066,0,0,1,0.014,0,0,1,0.004,2,0.004,9,0.011,11,0.013,17,0.024,9,0.015,7,0.012,17,0.028,2,0.003,7,0.011,7,0.01,8,0.012,13,0.017,8,0.011,10,0.018,6,0.014,8,0.022,2,0.008,2,0.011
Region 36,Region 60,0,0,0,0,0,0,0,0,0,0,1,0.004,1,0.002,5,0.006,4,0.005,2,0.003,5,0.009,1,0.002,1,0.002,1,0.002,1,0.002,2,0.003,1,0.001,2,0.003,1,0.001,4,0.007,0,0,0,0,0,0,0,0
Region 36,Region 61,1,0.006,0,0,1,0.015,1,0.014,0,0,2,0.008,1,0.002,5,0.006,7,0.008,6,0.008,3,0.005,6,0.01,5,0.008,8,0.013,5,0.008,10,0.015,6,0.009,7,0.009,6,0.008,6,0.011,10,0.023,11,0.03,1,0.004,2,0.011
Region 36,Region 62,0,0,0,0,0,0,0,0,0,0,0,0,0,0,1,0.001,0,0,1,0.001,0,0,1,0.002,1,0.002,0,0,1,0.002,1,0.001,0,0,0,0,1,0.001,0,0,1,0.002,1,0.003,0,0,1,0.006
Region 36,Region 63,0,0,0,0,0,0,0,0,0,0,0,0,0,0,0,0,0,0,0,0,0,0,0,0,0,0,0,0,0,0,0,0,0,0,0,0,0,0,0,0,0,0,1,0.003,0,0,0,0
Region 36,Region 64,0,0,0,0,0,0,0,0,1,0.009,1,0.004,0,0,0,0,1,0.001,0,0,0,0,1,0.002,1,0.002,1,0.002,2,0.003,0,0,0,0,0,0,0,0,4,0.007,2,0.005,1,0.003,0,0,0,0
Region 36,Region 65,0,0,0,0,0,0,0,0,0,0,0,0,1,0.002,5,0.006,6,0.007,1,0.001,0,0,1,0.002,0,0,3,0.005,1,0.002,1,0.001,2,0.003,0,0,2,0.003,2,0.004,1,0.002,0,0,0,0,0,0
Region 36,Region 66,0,0,0,0,1,0.015,2,0.029,0,0,3,0.012,2,0.004,8,0.01,10,0.012,13,0.018,8,0.014,5,0.009,8,0.013,9,0.015,6,0.01,7,0.01,11,0.016,7,0.009,7,0.01,9,0.017,4,0.009,3,0.008,1,0.004,0,0
Region 36,Region 67,0,0,0,0,0,0,0,0,0,0,0,0,0,0,0,0,0,0,1,0.001,0,0,0,0,0,0,0,0,0,0,0,0,0,0,0,0,0,0,0,0,0,0,0,0,0,0,0,0
Region 36,Region 68,0,0,0,0,0,0,0,0,0,0,0,0,0,0,2,0.003,1,0.001,0,0,0,0,1,0.002,3,0.005,0,0,0,0,1,0.001,0,0,2,0.003,3,0.004,0,0,0,0,0,0,1,0.004,0,0
Region 36,Region 69,0,0,0,0,0,0,0,0,0,0,0,0,0,0,0,0,1,0.001,1,0.001,0,0,0,0,0,0,0,0,0,0,0,0,0,0,0,0,2,0.003,0,0,1,0.002,1,0.003,0,0,0,0
Region 36,Region 70,0,0,0,0,0,0,0,0,0,0,0,0,0,0,1,0.001,1,0.001,1,0.001,1,0.002,2,0.003,0,0,1,0.002,1,0.002,1,0.001,0,0,0,0,2,0.003,2,0.004,1,0.002,0,0,1,0.004,0,0
Region 36,Region 71,1,0.006,0,0,0,0,0,0,0,0,2,0.008,5,0.01,6,0.008,10,0.012,8,0.011,6,0.01,1,0.002,7,0.011,3,0.005,6,0.01,5,0.007,5,0.007,10,0.013,5,0.007,2,0.004,2,0.005,1,0.003,1,0.004,1,0.006
Region 36,Region 72,4,0.024,0,0,2,0.03,1,0.014,0,0,2,0.008,11,0.022,17,0.022,10,0.012,16,0.023,8,0.014,9,0.015,6,0.01,3,0.005,10,0.016,10,0.015,6,0.009,11,0.014,3,0.004,9,0.017,6,0.014,3,0.008,1,0.004,0,0
Region 37,Region 0,0,0,0,0,0,0,0,0,0,0,0,0,0,0,0,0,0,0,0,0,1,0.002,0,0,0,0,0,0,0,0,1,0.001,0,0,0,0,0,0,0,0,0,0,0,0,0,0,0,0
Region 37,Region 1,1,0.006,2,0.022,1,0.015,1,0.014,0,0,1,0.004,3,0.006,7,0.009,13,0.015,16,0.023,6,0.01,15,0.026,4,0.007,7,0.011,5,0.008,3,0.004,2,0.003,1,0.001,5,0.007,2,0.004,4,0.009,1,0.003,1,0.004,2,0.011
Region 37,Region 2,1,0.006,0,0,0,0,0,0,0,0,0,0,0,0,0,0,1,0.001,2,0.003,1,0.002,0,0,0,0,0,0,3,0.005,0,0,0,0,2,0.003,1,0.001,1,0.002,1,0.002,0,0,2,0.008,2,0.011
Region 37,Region 3,0,0,0,0,0,0,0,0,0,0,0,0,0,0,1,0.001,0,0,3,0.004,0,0,0,0,0,0,1,0.002,1,0.002,0,0,0,0,0,0,0,0,0,0,2,0.005,0,0,0,0,0,0
Region 37,Region 4,3,0.018,1,0.011,2,0.03,2,0.029,1,0.009,3,0.012,3,0.006,6,0.008,9,0.011,10,0.014,3,0.005,5,0.009,5,0.008,6,0.01,8,0.013,10,0.015,9,0.013,11,0.014,8,0.011,5,0.009,7,0.016,3,0.008,2,0.008,2,0.011
Region 37,Region 5,0,0,0,0,0,0,0,0,0,0,0,0,0,0,0,0,0,0,0,0,1,0.002,0,0,0,0,0,0,0,0,0,0,0,0,0,0,0,0,0,0,0,0,1,0.003,0,0,0,0
Region 37,Region 6,1,0.006,1,0.011,2,0.03,0,0,1,0.009,1,0.004,2,0.004,0,0,2,0.002,3,0.004,3,0.005,4,0.007,2,0.003,4,0.007,9,0.014,6,0.009,0,0,10,0.013,3,0.004,7,0.013,1,0.002,2,0.005,2,0.008,0,0
Region 37,Region 7,0,0,0,0,0,0,1,0.014,0,0,0,0,0,0,0,0,0,0,0,0,0,0,0,0,0,0,0,0,1,0.002,1,0.001,0,0,0,0,1,0.001,0,0,0,0,0,0,0,0,0,0
Region 37,Region 8,0,0,0,0,0,0,0,0,0,0,0,0,1,0.002,0,0,0,0,0,0,1,0.002,0,0,0,0,0,0,0,0,1,0.001,0,0,0,0,1,0.001,0,0,0,0,0,0,0,0,0,0
Region 37,Region 9,0,0,0,0,0,0,0,0,1,0.009,1,0.004,3,0.006,2,0.003,1,0.001,2,0.003,4,0.007,1,0.002,4,0.007,1,0.002,2,0.003,2,0.003,2,0.003,2,0.003,2,0.003,2,0.004,1,0.002,0,0,2,0.008,1,0.006
Region 37,Region 10,0,0,0,0,0,0,0,0,0,0,0,0,4,0.008,7,0.009,8,0.009,7,0.01,3,0.005,2,0.003,2,0.003,5,0.008,3,0.005,1,0.001,1,0.001,3,0.004,3,0.004,3,0.006,1,0.002,2,0.005,2,0.008,1,0.006
Region 37,Region 11,0,0,0,0,0,0,0,0,0,0,0,0,0,0,1,0.001,0,0,0,0,0,0,2,0.003,3,0.005,1,0.002,2,0.003,1,0.001,0,0,4,0.005,0,0,2,0.004,0,0,0,0,0,0,0,0
Region 37,Region 12,1,0.006,1,0.011,1,0.015,0,0,0,0,0,0,1,0.002,3,0.004,5,0.006,10,0.014,7,0.012,5,0.009,11,0.018,9,0.015,12,0.019,8,0.012,13,0.019,13,0.017,10,0.014,10,0.018,12,0.028,5,0.014,3,0.011,4,0.022
Region 37,Region 13,7,0.042,7,0.077,5,0.075,2,0.029,2,0.017,5,0.019,13,0.027,45,0.057,80,0.093,64,0.091,34,0.058,30,0.051,42,0.068,33,0.054,29,0.047,28,0.041,31,0.045,27,0.035,31,0.042,30,0.055,18,0.041,14,0.038,14,0.053,11,0.061
Region 37,Region 14,0,0,0,0,1,0.015,0,0,0,0,1,0.004,1,0.002,2,0.003,3,0.004,1,0.001,0,0,0,0,1,0.002,2,0.003,0,0,0,0,0,0,0,0,0,0,1,0.002,0,0,0,0,0,0,0,0
Region 37,Region 15,0,0,0,0,0,0,0,0,0,0,0,0,0,0,1,0.001,3,0.004,2,0.003,0,0,0,0,1,0.002,0,0,0,0,0,0,2,0.003,1,0.001,2,0.003,0,0,2,0.005,1,0.003,1,0.004,1,0.006
Region 37,Region 16,0,0,0,0,0,0,0,0,0,0,0,0,0,0,0,0,0,0,0,0,0,0,0,0,0,0,0,0,0,0,1,0.001,2,0.003,0,0,0,0,0,0,1,0.002,0,0,0,0,1,0.006
Region 37,Region 17,1,0.006,0,0,2,0.03,2,0.029,2,0.017,2,0.008,6,0.012,4,0.005,7,0.008,9,0.013,13,0.022,13,0.022,14,0.023,11,0.018,14,0.022,19,0.028,11,0.016,14,0.018,17,0.023,12,0.022,9,0.021,4,0.011,6,0.023,3,0.017
Region 37,Region 18,0,0,0,0,1,0.015,0,0,0,0,0,0,0,0,1,0.001,0,0,0,0,0,0,0,0,0,0,0,0,1,0.002,1,0.001,2,0.003,0,0,1,0.001,0,0,0,0,0,0,0,0,0,0
Region 37,Region 19,0,0,0,0,0,0,0,0,0,0,0,0,0,0,0,0,1,0.001,0,0,0,0,0,0,0,0,0,0,0,0,1,0.001,0,0,0,0,0,0,0,0,0,0,0,0,0,0,0,0
Region 37,Region 20,0,0,0,0,0,0,0,0,0,0,0,0,3,0.006,2,0.003,8,0.009,2,0.003,2,0.003,2,0.003,1,0.002,1,0.002,0,0,2,0.003,1,0.001,1,0.001,2,0.003,1,0.002,0,0,1,0.003,3,0.011,0,0
Region 37,Region 21,1,0.006,0,0,0,0,0,0,0,0,0,0,0,0,0,0,1,0.001,2,0.003,0,0,0,0,1,0.002,0,0,0,0,2,0.003,0,0,0,0,0,0,0,0,0,0,0,0,0,0,0,0
Region 37,Region 22,2,0.012,0,0,0,0,0,0,0,0,0,0,0,0,1,0.001,0,0,0,0,0,0,0,0,0,0,0,0,1,0.002,0,0,0,0,0,0,1,0.001,0,0,0,0,0,0,0,0,0,0
Region 37,Region 23,3,0.018,1,0.011,2,0.03,0,0,2,0.017,2,0.008,2,0.004,4,0.005,10,0.012,12,0.017,10,0.017,8,0.014,10,0.016,15,0.024,7,0.011,16,0.023,14,0.02,11,0.014,11,0.015,12,0.022,8,0.018,3,0.008,5,0.019,6,0.033
Region 37,Region 24,5,0.03,1,0.011,0,0,1,0.014,2,0.017,4,0.016,9,0.018,25,0.032,53,0.062,29,0.041,20,0.034,34,0.058,33,0.054,33,0.054,38,0.061,37,0.054,37,0.053,53,0.068,47,0.064,33,0.061,37,0.085,29,0.079,16,0.061,6,0.033
Region 37,Region 25,0,0,0,0,0,0,0,0,0,0,1,0.004,1,0.002,3,0.004,6,0.007,0,0,0,0,3,0.005,1,0.002,2,0.003,0,0,4,0.006,0,0,3,0.004,1,0.001,5,0.009,1,0.002,0,0,0,0,1,0.006
Region 37,Region 26,0,0,0,0,0,0,0,0,0,0,0,0,0,0,0,0,1,0.001,0,0,0,0,1,0.002,1,0.002,0,0,1,0.002,0,0,0,0,0,0,0,0,0,0,0,0,0,0,0,0,0,0
Region 37,Region 27,0,0,0,0,0,0,0,0,0,0,0,0,0,0,2,0.003,1,0.001,1,0.001,0,0,1,0.002,1,0.002,0,0,0,0,0,0,0,0,0,0,0,0,1,0.002,0,0,1,0.003,0,0,0,0
Region 37,Region 28,0,0,1,0.011,0,0,0,0,0,0,1,0.004,6,0.012,19,0.024,14,0.016,8,0.011,8,0.014,8,0.014,6,0.01,5,0.008,2,0.003,6,0.009,7,0.01,10,0.013,14,0.019,7,0.013,6,0.014,4,0.011,1,0.004,0,0
Region 37,Region 29,1,0.006,2,0.022,1,0.015,0,0,0,0,0,0,4,0.008,12,0.015,14,0.016,17,0.024,8,0.014,9,0.015,10,0.016,6,0.01,10,0.016,6,0.009,11,0.016,14,0.018,10,0.014,14,0.026,1,0.002,1,0.003,1,0.004,1,0.006
Region 37,Region 30,0,0,0,0,0,0,0,0,0,0,0,0,2,0.004,2,0.003,18,0.021,13,0.018,8,0.014,2,0.003,4,0.007,4,0.007,4,0.006,6,0.009,4,0.006,6,0.008,2,0.003,6,0.011,4,0.009,2,0.005,0,0,2,0.011
Region 37,Region 31,0,0,1,0.011,0,0,0,0,0,0,2,0.008,8,0.016,7,0.009,12,0.014,13,0.018,11,0.019,13,0.022,5,0.008,12,0.02,13,0.021,9,0.013,12,0.017,9,0.012,17,0.023,5,0.009,3,0.007,11,0.03,2,0.008,2,0.011
Region 37,Region 32,0,0,0,0,0,0,0,0,0,0,0,0,0,0,0,0,0,0,0,0,0,0,0,0,0,0,0,0,0,0,0,0,0,0,0,0,0,0,0,0,0,0,0,0,0,0,0,0
Region 37,Region 33,1,0.006,0,0,1,0.015,0,0,1,0.009,1,0.004,11,0.022,16,0.02,36,0.042,24,0.034,5,0.009,18,0.031,8,0.013,7,0.011,10,0.016,4,0.006,8,0.012,5,0.006,5,0.007,8,0.015,10,0.023,10,0.027,3,0.011,4,0.022
Region 37,Region 34,4,0.024,4,0.044,0,0,1,0.014,0,0,3,0.012,6,0.012,22,0.028,35,0.041,25,0.035,20,0.034,9,0.015,13,0.021,9,0.015,8,0.013,13,0.019,6,0.009,8,0.01,8,0.011,12,0.022,9,0.021,9,0.025,8,0.03,4,0.022
Region 37,Region 35,0,0,0,0,0,0,0,0,0,0,2,0.008,1,0.002,6,0.008,3,0.004,2,0.003,3,0.005,2,0.003,0,0,4,0.007,2,0.003,1,0.001,3,0.004,0,0,0,0,1,0.002,1,0.002,1,0.003,0,0,0,0
Region 37,Region 36,0,0,0,0,0,0,0,0,0,0,0,0,2,0.004,1,0.001,0,0,1,0.001,1,0.002,2,0.003,1,0.002,0,0,0,0,0,0,0,0,0,0,0,0,0,0,0,0,0,0,0,0,0,0
Region 37,Region 37,8,0.048,8,0.088,2,0.03,1,0.014,0,0,4,0.016,19,0.039,65,0.082,135,0.158,73,0.103,65,0.111,65,0.111,80,0.13,82,0.134,58,0.093,89,0.13,91,0.131,114,0.147,122,0.166,69,0.127,73,0.168,42,0.115,19,0.072,12,0.066
Region 37,Region 38,0,0,0,0,0,0,0,0,0,0,0,0,0,0,1,0.001,2,0.002,4,0.006,5,0.009,0,0,3,0.005,4,0.007,4,0.006,1,0.001,5,0.007,6,0.008,4,0.005,2,0.004,0,0,2,0.005,1,0.004,1,0.006
Region 37,Region 39,0,0,0,0,0,0,0,0,0,0,0,0,1,0.002,2,0.003,4,0.005,0,0,0,0,1,0.002,1,0.002,0,0,1,0.002,1,0.001,0,0,1,0.001,2,0.003,0,0,0,0,0,0,1,0.004,0,0
Region 37,Region 40,21,0.126,5,0.055,5,0.075,9,0.128,4,0.034,10,0.039,16,0.033,32,0.041,20,0.023,18,0.025,24,0.041,33,0.057,35,0.057,35,0.057,47,0.076,67,0.098,69,0.099,80,0.103,77,0.105,54,0.099,38,0.088,28,0.077,27,0.103,10,0.055
Region 37,Region 41,0,0,3,0.033,0,0,1,0.014,2,0.017,1,0.004,15,0.031,7,0.009,10,0.012,3,0.004,5,0.009,7,0.012,9,0.015,10,0.016,5,0.008,6,0.009,5,0.007,2,0.003,9,0.012,7,0.013,4,0.009,3,0.008,1,0.004,1,0.006
Region 37,Region 42,0,0,0,0,0,0,0,0,0,0,0,0,0,0,1,0.001,0,0,2,0.003,0,0,0,0,2,0.003,0,0,1,0.002,1,0.001,0,0,0,0,1,0.001,2,0.004,0,0,1,0.003,0,0,0,0
Region 37,Region 43,0,0,0,0,0,0,0,0,0,0,0,0,1,0.002,3,0.004,0,0,1,0.001,3,0.005,3,0.005,1,0.002,0,0,2,0.003,3,0.004,1,0.001,5,0.006,1,0.001,2,0.004,0,0,1,0.003,0,0,0,0
Region 37,Region 44,0,0,3,0.033,3,0.045,2,0.029,2,0.017,1,0.004,6,0.012,7,0.009,13,0.015,14,0.02,5,0.009,12,0.021,6,0.01,7,0.011,9,0.014,5,0.007,15,0.022,20,0.026,12,0.016,2,0.004,6,0.014,4,0.011,3,0.011,1,0.006
Region 37,Region 45,5,0.03,4,0.044,2,0.03,1,0.014,2,0.017,4,0.016,8,0.016,32,0.041,48,0.056,37,0.052,35,0.06,40,0.069,50,0.081,34,0.055,31,0.05,37,0.054,36,0.052,48,0.062,56,0.076,37,0.068,32,0.074,10,0.027,9,0.034,6,0.033
Region 37,Region 46,4,0.024,0,0,1,0.015,0,0,4,0.034,15,0.058,17,0.035,31,0.039,30,0.035,7,0.01,17,0.029,12,0.021,13,0.021,14,0.023,16,0.026,16,0.023,14,0.02,12,0.015,5,0.007,11,0.02,9,0.021,10,0.027,4,0.015,5,0.028
Region 37,Region 47,0,0,0,0,1,0.015,0,0,0,0,0,0,2,0.004,1,0.001,2,0.002,1,0.001,2,0.003,1,0.002,0,0,2,0.003,2,0.003,3,0.004,2,0.003,3,0.004,6,0.008,3,0.006,2,0.005,1,0.003,1,0.004,0,0
Region 37,Region 48,0,0,0,0,0,0,0,0,0,0,0,0,0,0,0,0,3,0.004,3,0.004,4,0.007,0,0,1,0.002,2,0.003,2,0.003,3,0.004,3,0.004,1,0.001,0,0,1,0.002,4,0.009,1,0.003,0,0,1,0.006
Region 37,Region 49,1,0.006,0,0,0,0,0,0,0,0,0,0,0,0,3,0.004,1,0.001,1,0.001,0,0,0,0,1,0.002,1,0.002,2,0.003,0,0,0,0,0,0,0,0,0,0,1,0.002,1,0.003,0,0,2,0.011
Region 37,Region 50,0,0,0,0,0,0,0,0,0,0,0,0,0,0,1,0.001,1,0.001,0,0,1,0.002,1,0.002,0,0,0,0,1,0.002,0,0,2,0.003,1,0.001,1,0.001,1,0.002,0,0,3,0.008,0,0,0,0
Region 37,Region 51,0,0,1,0.011,1,0.015,1,0.014,1,0.009,2,0.008,18,0.037,27,0.034,18,0.021,11,0.016,14,0.024,9,0.015,5,0.008,14,0.023,7,0.011,5,0.007,3,0.004,7,0.009,4,0.005,5,0.009,5,0.012,3,0.008,1,0.004,1,0.006
Region 37,Region 52,0,0,0,0,0,0,0,0,0,0,0,0,0,0,0,0,3,0.004,0,0,1,0.002,0,0,2,0.003,0,0,0,0,1,0.001,1,0.001,1,0.001,0,0,1,0.002,2,0.005,0,0,0,0,0,0
Region 37,Region 53,0,0,0,0,0,0,0,0,0,0,0,0,0,0,0,0,0,0,1,0.001,2,0.003,1,0.002,0,0,0,0,0,0,1,0.001,0,0,0,0,1,0.001,0,0,0,0,0,0,0,0,0,0
Region 37,Region 54,0,0,0,0,0,0,0,0,0,0,0,0,2,0.004,4,0.005,7,0.008,3,0.004,6,0.01,1,0.002,2,0.003,2,0.003,1,0.002,3,0.004,1,0.001,2,0.003,2,0.003,2,0.004,1,0.002,0,0,0,0,1,0.006
Region 37,Region 55,1,0.006,1,0.011,0,0,0,0,0,0,2,0.008,1,0.002,3,0.004,7,0.008,1,0.001,4,0.007,3,0.005,3,0.005,4,0.007,0,0,1,0.001,3,0.004,5,0.006,2,0.003,2,0.004,2,0.005,1,0.003,2,0.008,0,0
Region 37,Region 56,0,0,0,0,0,0,0,0,0,0,0,0,0,0,0,0,0,0,0,0,0,0,0,0,0,0,0,0,1,0.002,0,0,1,0.001,1,0.001,0,0,1,0.002,0,0,1,0.003,0,0,0,0
Region 37,Region 57,0,0,0,0,0,0,0,0,0,0,0,0,0,0,0,0,0,0,0,0,1,0.002,0,0,0,0,0,0,0,0,0,0,0,0,0,0,0,0,0,0,0,0,0,0,0,0,0,0
Region 37,Region 58,3,0.018,2,0.022,1,0.015,1,0.014,0,0,2,0.008,9,0.018,9,0.011,18,0.021,17,0.024,4,0.007,3,0.005,9,0.015,9,0.015,9,0.014,11,0.016,11,0.016,8,0.01,7,0.01,3,0.006,13,0.03,12,0.033,2,0.008,5,0.028
Region 37,Region 59,0,0,0,0,0,0,0,0,0,0,0,0,0,0,0,0,2,0.002,2,0.003,0,0,1,0.002,0,0,0,0,0,0,0,0,0,0,0,0,0,0,0,0,0,0,0,0,0,0,0,0
Region 37,Region 60,0,0,0,0,0,0,0,0,0,0,0,0,1,0.002,2,0.003,3,0.004,2,0.003,1,0.002,1,0.002,0,0,1,0.002,0,0,0,0,0,0,1,0.001,0,0,0,0,0,0,0,0,0,0,0,0
Region 37,Region 61,1,0.006,1,0.011,2,0.03,1,0.014,0,0,0,0,2,0.004,0,0,0,0,1,0.001,1,0.002,0,0,0,0,3,0.005,1,0.002,1,0.001,2,0.003,1,0.001,3,0.004,0,0,2,0.005,0,0,1,0.004,0,0
Region 37,Region 62,0,0,0,0,0,0,0,0,0,0,0,0,0,0,0,0,0,0,0,0,2,0.003,0,0,0,0,0,0,0,0,0,0,0,0,0,0,0,0,0,0,0,0,0,0,0,0,0,0
Region 37,Region 63,1,0.006,0,0,0,0,1,0.014,0,0,1,0.004,2,0.004,5,0.006,12,0.014,14,0.02,7,0.012,8,0.014,15,0.024,8,0.013,12,0.019,16,0.023,15,0.022,17,0.022,21,0.029,11,0.02,10,0.023,7,0.019,4,0.015,2,0.011
Region 37,Region 64,1,0.006,0,0,0,0,0,0,0,0,0,0,0,0,2,0.003,2,0.002,0,0,1,0.002,0,0,0,0,2,0.003,0,0,2,0.003,1,0.001,0,0,3,0.004,1,0.002,0,0,0,0,1,0.004,1,0.006
Region 37,Region 65,0,0,2,0.022,1,0.015,1,0.014,0,0,1,0.004,2,0.004,3,0.004,8,0.009,6,0.008,2,0.003,1,0.002,1,0.002,3,0.005,0,0,1,0.001,3,0.004,2,0.003,0,0,4,0.007,0,0,1,0.003,0,0,1,0.006
Region 37,Region 66,0,0,0,0,0,0,0,0,0,0,0,0,0,0,6,0.008,1,0.001,3,0.004,1,0.002,0,0,1,0.002,0,0,1,0.002,1,0.001,0,0,0,0,0,0,1,0.002,1,0.002,0,0,0,0,0,0
Region 37,Region 67,0,0,0,0,0,0,0,0,0,0,0,0,0,0,0,0,0,0,0,0,0,0,1,0.002,0,0,0,0,0,0,0,0,0,0,0,0,0,0,0,0,0,0,0,0,0,0,0,0
Region 37,Region 68,0,0,0,0,0,0,0,0,0,0,0,0,0,0,0,0,2,0.002,1,0.001,0,0,0,0,0,0,0,0,0,0,1,0.001,2,0.003,0,0,1,0.001,0,0,0,0,0,0,0,0,0,0
Region 37,Region 69,0,0,0,0,0,0,0,0,0,0,0,0,5,0.01,5,0.006,5,0.006,4,0.006,1,0.002,1,0.002,0,0,1,0.002,4,0.006,2,0.003,6,0.009,2,0.003,2,0.003,0,0,2,0.005,1,0.003,1,0.004,0,0
Region 37,Region 70,0,0,0,0,0,0,0,0,0,0,0,0,0,0,0,0,0,0,0,0,1,0.002,1,0.002,0,0,1,0.002,0,0,0,0,0,0,0,0,0,0,1,0.002,0,0,0,0,0,0,0,0
Region 37,Region 71,1,0.006,0,0,0,0,0,0,0,0,0,0,0,0,3,0.004,6,0.007,3,0.004,1,0.002,1,0.002,0,0,0,0,1,0.002,2,0.003,1,0.001,1,0.001,0,0,0,0,0,0,0,0,0,0,0,0
Region 37,Region 72,8,0.048,3,0.033,0,0,2,0.029,1,0.009,3,0.012,16,0.033,32,0.041,17,0.02,14,0.02,18,0.031,18,0.031,15,0.024,17,0.028,12,0.019,17,0.025,4,0.006,13,0.017,5,0.007,6,0.011,15,0.035,8,0.022,7,0.027,4,0.022
Region 38,Region 0,0,0,0,0,0,0,0,0,0,0,0,0,1,0.002,1,0.001,0,0,1,0.001,1,0.002,1,0.002,0,0,0,0,2,0.003,0,0,2,0.003,1,0.001,0,0,2,0.004,0,0,0,0,1,0.004,0,0
Region 38,Region 1,0,0,0,0,0,0,0,0,0,0,0,0,6,0.012,1,0.001,12,0.014,6,0.008,2,0.003,5,0.009,0,0,4,0.007,4,0.006,3,0.004,2,0.003,1,0.001,2,0.003,4,0.007,6,0.014,2,0.005,2,0.008,0,0
Region 38,Region 2,0,0,0,0,0,0,0,0,0,0,0,0,0,0,0,0,3,0.004,0,0,0,0,2,0.003,3,0.005,1,0.002,1,0.002,4,0.006,4,0.006,0,0,4,0.005,1,0.002,0,0,0,0,0,0,2,0.011
Region 38,Region 3,3,0.018,1,0.011,1,0.015,0,0,2,0.017,1,0.004,3,0.006,5,0.006,6,0.007,12,0.017,8,0.014,9,0.015,13,0.021,9,0.015,10,0.016,13,0.019,15,0.022,18,0.023,17,0.023,11,0.02,13,0.03,6,0.016,3,0.011,6,0.033
Region 38,Region 4,1,0.006,0,0,0,0,1,0.014,0,0,0,0,0,0,2,0.003,1,0.001,1,0.001,2,0.003,1,0.002,1,0.002,0,0,1,0.002,3,0.004,2,0.003,0,0,3,0.004,1,0.002,0,0,0,0,1,0.004,0,0
Region 38,Region 5,2,0.012,1,0.011,2,0.03,0,0,0,0,0,0,1,0.002,0,0,5,0.006,3,0.004,3,0.005,2,0.003,3,0.005,2,0.003,1,0.002,8,0.012,4,0.006,6,0.008,10,0.014,7,0.013,2,0.005,5,0.014,5,0.019,1,0.006
Region 38,Region 6,0,0,0,0,0,0,0,0,0,0,0,0,1,0.002,4,0.005,3,0.004,5,0.007,3,0.005,3,0.005,3,0.005,2,0.003,6,0.01,11,0.016,4,0.006,5,0.006,7,0.01,4,0.007,2,0.005,2,0.005,1,0.004,1,0.006
Region 38,Region 7,0,0,1,0.011,0,0,0,0,0,0,0,0,0,0,1,0.001,0,0,0,0,0,0,2,0.003,3,0.005,0,0,0,0,1,0.001,4,0.006,1,0.001,1,0.001,1,0.002,0,0,0,0,1,0.004,0,0
Region 38,Region 8,0,0,0,0,0,0,0,0,0,0,0,0,0,0,0,0,0,0,0,0,0,0,0,0,0,0,0,0,0,0,0,0,0,0,0,0,0,0,0,0,0,0,0,0,0,0,0,0
Region 38,Region 9,1,0.006,0,0,0,0,0,0,0,0,0,0,1,0.002,2,0.003,1,0.001,3,0.004,1,0.002,2,0.003,2,0.003,1,0.002,0,0,4,0.006,2,0.003,3,0.004,1,0.001,1,0.002,3,0.007,1,0.003,1,0.004,1,0.006
Region 38,Region 10,1,0.006,0,0,0,0,0,0,0,0,0,0,3,0.006,2,0.003,1,0.001,3,0.004,1,0.002,0,0,3,0.005,0,0,1,0.002,0,0,1,0.001,4,0.005,0,0,1,0.002,2,0.005,1,0.003,0,0,0,0
Region 38,Region 11,1,0.006,0,0,0,0,0,0,0,0,0,0,0,0,0,0,1,0.001,1,0.001,1,0.002,0,0,0,0,2,0.003,0,0,0,0,1,0.001,0,0,0,0,1,0.002,0,0,0,0,2,0.008,1,0.006
Region 38,Region 12,0,0,0,0,0,0,0,0,0,0,0,0,1,0.002,0,0,1,0.001,2,0.003,3,0.005,1,0.002,0,0,3,0.005,2,0.003,0,0,0,0,3,0.004,5,0.007,3,0.006,3,0.007,1,0.003,3,0.011,0,0
Region 38,Region 13,1,0.006,0,0,1,0.015,0,0,1,0.009,4,0.016,6,0.012,13,0.016,31,0.036,27,0.038,8,0.014,12,0.021,16,0.026,11,0.018,12,0.019,13,0.019,8,0.012,12,0.015,4,0.005,8,0.015,3,0.007,2,0.005,3,0.011,3,0.017
Region 38,Region 14,0,0,0,0,0,0,0,0,0,0,0,0,0,0,0,0,0,0,0,0,1,0.002,0,0,0,0,0,0,1,0.002,0,0,0,0,0,0,0,0,0,0,0,0,2,0.005,0,0,0,0
Region 38,Region 15,0,0,0,0,1,0.015,0,0,1,0.009,2,0.008,3,0.006,1,0.001,0,0,3,0.004,4,0.007,5,0.009,4,0.007,5,0.008,3,0.005,8,0.012,4,0.006,6,0.008,5,0.007,2,0.004,7,0.016,3,0.008,3,0.011,1,0.006
Region 38,Region 16,0,0,0,0,0,0,0,0,0,0,0,0,0,0,0,0,1,0.001,0,0,0,0,0,0,1,0.002,0,0,0,0,0,0,0,0,1,0.001,1,0.001,0,0,0,0,0,0,0,0,0,0
Region 38,Region 17,0,0,0,0,0,0,0,0,0,0,0,0,0,0,2,0.003,1,0.001,2,0.003,1,0.002,4,0.007,0,0,5,0.008,4,0.006,1,0.001,1,0.001,0,0,2,0.003,0,0,0,0,2,0.005,0,0,0,0
Region 38,Region 18,0,0,0,0,0,0,0,0,0,0,0,0,0,0,1,0.001,0,0,0,0,0,0,0,0,2,0.003,0,0,1,0.002,1,0.001,0,0,1,0.001,0,0,0,0,0,0,0,0,0,0,0,0
Region 38,Region 19,0,0,0,0,0,0,1,0.014,0,0,0,0,0,0,2,0.003,0,0,1,0.001,0,0,0,0,1,0.002,0,0,0,0,0,0,2,0.003,0,0,1,0.001,2,0.004,0,0,0,0,0,0,1,0.006
Region 38,Region 20,0,0,0,0,0,0,0,0,0,0,1,0.004,2,0.004,3,0.004,3,0.004,4,0.006,0,0,1,0.002,2,0.003,2,0.003,0,0,0,0,0,0,0,0,0,0,0,0,1,0.002,1,0.003,0,0,0,0
Region 38,Region 21,0,0,0,0,0,0,0,0,0,0,0,0,0,0,0,0,1,0.001,1,0.001,0,0,1,0.002,0,0,2,0.003,0,0,1,0.001,2,0.003,0,0,0,0,1,0.002,1,0.002,1,0.003,0,0,0,0
Region 38,Region 22,0,0,0,0,0,0,0,0,0,0,0,0,0,0,0,0,0,0,0,0,0,0,0,0,0,0,1,0.002,1,0.002,0,0,0,0,0,0,0,0,1,0.002,1,0.002,0,0,0,0,0,0
Region 38,Region 23,2,0.012,1,0.011,0,0,0,0,2,0.017,0,0,2,0.004,14,0.018,19,0.022,15,0.021,11,0.019,13,0.022,8,0.013,10,0.016,8,0.013,12,0.017,13,0.019,6,0.008,10,0.014,7,0.013,10,0.023,8,0.022,8,0.03,6,0.033
Region 38,Region 24,1,0.006,0,0,0,0,0,0,0,0,1,0.004,3,0.006,2,0.003,4,0.005,5,0.007,2,0.003,4,0.007,5,0.008,1,0.002,2,0.003,2,0.003,4,0.006,3,0.004,3,0.004,4,0.007,3,0.007,1,0.003,0,0,0,0
Region 38,Region 25,0,0,0,0,0,0,0,0,1,0.009,0,0,0,0,2,0.003,2,0.002,0,0,1,0.002,0,0,2,0.003,0,0,1,0.002,1,0.001,0,0,1,0.001,3,0.004,1,0.002,1,0.002,0,0,1,0.004,0,0
Region 38,Region 26,0,0,0,0,0,0,0,0,0,0,0,0,0,0,0,0,1,0.001,0,0,0,0,0,0,0,0,0,0,1,0.002,0,0,0,0,0,0,0,0,0,0,0,0,0,0,0,0,0,0
Region 38,Region 27,0,0,1,0.011,0,0,0,0,0,0,0,0,0,0,0,0,0,0,2,0.003,0,0,0,0,1,0.002,0,0,1,0.002,0,0,0,0,1,0.001,1,0.001,0,0,2,0.005,1,0.003,1,0.004,0,0
Region 38,Region 28,0,0,0,0,0,0,0,0,1,0.009,1,0.004,1,0.002,3,0.004,6,0.007,4,0.006,3,0.005,4,0.007,1,0.002,1,0.002,3,0.005,2,0.003,1,0.001,1,0.001,2,0.003,3,0.006,4,0.009,1,0.003,1,0.004,0,0
Region 38,Region 29,5,0.03,2,0.022,2,0.03,4,0.057,3,0.026,3,0.012,5,0.01,13,0.016,44,0.051,42,0.059,23,0.039,19,0.033,24,0.039,33,0.054,29,0.047,22,0.032,23,0.033,27,0.035,28,0.038,19,0.035,17,0.039,10,0.027,6,0.023,6,0.033
Region 38,Region 30,0,0,0,0,0,0,0,0,0,0,0,0,1,0.002,3,0.004,4,0.005,3,0.004,1,0.002,2,0.003,1,0.002,0,0,1,0.002,2,0.003,0,0,2,0.003,2,0.003,3,0.006,1,0.002,3,0.008,1,0.004,0,0
Region 38,Region 31,0,0,0,0,0,0,0,0,0,0,1,0.004,3,0.006,2,0.003,3,0.004,3,0.004,0,0,2,0.003,4,0.007,1,0.002,3,0.005,2,0.003,2,0.003,5,0.006,1,0.001,5,0.009,0,0,1,0.003,1,0.004,0,0
Region 38,Region 32,0,0,0,0,0,0,0,0,0,0,0,0,0,0,0,0,1,0.001,1,0.001,1,0.002,0,0,0,0,0,0,0,0,0,0,1,0.001,1,0.001,0,0,0,0,1,0.002,1,0.003,0,0,0,0
Region 38,Region 33,0,0,1,0.011,0,0,0,0,2,0.017,2,0.008,3,0.006,10,0.013,7,0.008,7,0.01,5,0.009,4,0.007,2,0.003,2,0.003,2,0.003,1,0.001,1,0.001,0,0,3,0.004,4,0.007,2,0.005,3,0.008,0,0,1,0.006
Region 38,Region 34,2,0.012,0,0,0,0,1,0.014,0,0,2,0.008,3,0.006,7,0.009,19,0.022,12,0.017,11,0.019,1,0.002,7,0.011,9,0.015,4,0.006,3,0.004,5,0.007,3,0.004,5,0.007,4,0.007,4,0.009,2,0.005,0,0,2,0.011
Region 38,Region 35,0,0,1,0.011,0,0,0,0,1,0.009,1,0.004,0,0,2,0.003,3,0.004,2,0.003,1,0.002,0,0,0,0,1,0.002,1,0.002,1,0.001,0,0,1,0.001,1,0.001,0,0,0,0,0,0,2,0.008,0,0
Region 38,Region 36,0,0,0,0,0,0,0,0,0,0,0,0,2,0.004,1,0.001,0,0,0,0,0,0,0,0,1,0.002,0,0,0,0,0,0,1,0.001,0,0,0,0,0,0,0,0,0,0,1,0.004,0,0
Region 38,Region 37,0,0,1,0.011,0,0,0,0,0,0,0,0,1,0.002,3,0.004,1,0.001,1,0.001,3,0.005,0,0,2,0.003,2,0.003,5,0.008,0,0,0,0,3,0.004,4,0.005,5,0.009,2,0.005,3,0.008,1,0.004,1,0.006
Region 38,Region 38,9,0.054,3,0.033,2,0.03,2,0.029,1,0.009,3,0.012,10,0.02,21,0.027,48,0.056,43,0.061,30,0.051,39,0.067,32,0.052,43,0.07,36,0.058,37,0.054,53,0.076,44,0.057,44,0.06,39,0.072,28,0.064,22,0.06,12,0.046,10,0.055
Region 38,Region 39,1,0.006,0,0,1,0.015,0,0,0,0,0,0,0,0,0,0,0,0,0,0,0,0,1,0.002,0,0,0,0,0,0,1,0.001,0,0,0,0,1,0.001,0,0,1,0.002,0,0,0,0,0,0
Region 38,Region 40,3,0.018,2,0.022,1,0.015,1,0.014,1,0.009,0,0,5,0.01,5,0.006,8,0.009,4,0.006,4,0.007,5,0.009,7,0.011,5,0.008,14,0.022,15,0.022,13,0.019,11,0.014,9,0.012,6,0.011,13,0.03,7,0.019,3,0.011,3,0.017
Region 38,Region 41,1,0.006,2,0.022,1,0.015,0,0,1,0.009,2,0.008,12,0.025,11,0.014,12,0.014,9,0.013,7,0.012,3,0.005,9,0.015,7,0.011,11,0.018,13,0.019,12,0.017,11,0.014,9,0.012,10,0.018,14,0.032,14,0.038,6,0.023,3,0.017
Region 38,Region 42,0,0,0,0,0,0,0,0,0,0,0,0,0,0,1,0.001,0,0,0,0,0,0,1,0.002,1,0.002,0,0,0,0,0,0,0,0,0,0,0,0,0,0,0,0,0,0,0,0,0,0
Region 38,Region 43,2,0.012,1,0.011,4,0.06,2,0.029,1,0.009,4,0.016,1,0.002,12,0.015,13,0.015,13,0.018,14,0.024,9,0.015,11,0.018,6,0.01,11,0.018,14,0.02,21,0.03,15,0.019,16,0.022,17,0.031,9,0.021,6,0.016,3,0.011,0,0
Region 38,Region 44,0,0,0,0,0,0,0,0,0,0,0,0,1,0.002,2,0.003,2,0.002,2,0.003,0,0,0,0,1,0.002,1,0.002,1,0.002,4,0.006,1,0.001,1,0.001,1,0.001,2,0.004,0,0,1,0.003,2,0.008,1,0.006
Region 38,Region 45,1,0.006,0,0,0,0,0,0,1,0.009,1,0.004,0,0,2,0.003,5,0.006,5,0.007,4,0.007,6,0.01,5,0.008,1,0.002,7,0.011,3,0.004,1,0.001,5,0.006,7,0.01,10,0.018,2,0.005,6,0.016,2,0.008,1,0.006
Region 38,Region 46,6,0.036,0,0,3,0.045,0,0,5,0.043,8,0.031,9,0.018,16,0.02,12,0.014,10,0.014,20,0.034,15,0.026,18,0.029,23,0.037,18,0.029,15,0.022,20,0.029,18,0.023,8,0.011,23,0.042,22,0.051,13,0.036,11,0.042,1,0.006
Region 38,Region 47,12,0.072,1,0.011,0,0,0,0,5,0.043,8,0.031,6,0.012,20,0.025,22,0.026,15,0.021,14,0.024,11,0.019,14,0.023,17,0.028,18,0.029,23,0.034,19,0.027,33,0.042,33,0.045,14,0.026,9,0.021,15,0.041,15,0.057,9,0.05
Region 38,Region 48,0,0,0,0,0,0,0,0,0,0,0,0,1,0.002,1,0.001,3,0.004,2,0.003,2,0.003,0,0,3,0.005,1,0.002,2,0.003,2,0.003,4,0.006,1,0.001,1,0.001,0,0,4,0.009,0,0,1,0.004,1,0.006
Region 38,Region 49,0,0,0,0,0,0,0,0,0,0,0,0,0,0,0,0,0,0,0,0,0,0,0,0,0,0,0,0,0,0,0,0,1,0.001,1,0.001,1,0.001,1,0.002,0,0,0,0,0,0,0,0
Region 38,Region 50,0,0,0,0,0,0,0,0,2,0.017,1,0.004,0,0,0,0,0,0,1,0.001,0,0,0,0,0,0,0,0,0,0,0,0,1,0.001,0,0,0,0,0,0,0,0,0,0,1,0.004,0,0
Region 38,Region 51,0,0,0,0,0,0,0,0,1,0.009,4,0.016,4,0.008,6,0.008,6,0.007,1,0.001,2,0.003,3,0.005,6,0.01,4,0.007,6,0.01,1,0.001,2,0.003,2,0.003,5,0.007,0,0,1,0.002,2,0.005,2,0.008,0,0
Region 38,Region 52,0,0,0,0,0,0,0,0,0,0,0,0,0,0,0,0,0,0,0,0,1,0.002,1,0.002,0,0,0,0,1,0.002,0,0,0,0,0,0,1,0.001,0,0,0,0,0,0,0,0,0,0
Region 38,Region 53,0,0,0,0,0,0,0,0,0,0,1,0.004,0,0,0,0,0,0,0,0,0,0,1,0.002,1,0.002,0,0,0,0,0,0,1,0.001,0,0,0,0,3,0.006,0,0,0,0,0,0,1,0.006
Region 38,Region 54,0,0,0,0,0,0,0,0,0,0,0,0,0,0,3,0.004,3,0.004,3,0.004,0,0,1,0.002,0,0,1,0.002,1,0.002,1,0.001,1,0.001,2,0.003,1,0.001,2,0.004,0,0,0,0,0,0,0,0
Region 38,Region 55,2,0.012,0,0,0,0,0,0,2,0.017,1,0.004,0,0,2,0.003,3,0.004,14,0.02,2,0.003,7,0.012,11,0.018,8,0.013,8,0.013,7,0.01,12,0.017,11,0.014,9,0.012,6,0.011,2,0.005,2,0.005,3,0.011,2,0.011
Region 38,Region 56,0,0,0,0,0,0,0,0,0,0,0,0,0,0,1,0.001,1,0.001,1,0.001,1,0.002,2,0.003,2,0.003,1,0.002,1,0.002,0,0,1,0.001,1,0.001,2,0.003,1,0.002,1,0.002,2,0.005,0,0,0,0
Region 38,Region 57,0,0,0,0,0,0,0,0,0,0,0,0,0,0,0,0,1,0.001,1,0.001,0,0,0,0,0,0,1,0.002,0,0,0,0,0,0,0,0,0,0,0,0,0,0,0,0,0,0,0,0
Region 38,Region 58,2,0.012,0,0,2,0.03,0,0,2,0.017,0,0,6,0.012,2,0.003,5,0.006,4,0.006,3,0.005,6,0.01,2,0.003,3,0.005,6,0.01,7,0.01,4,0.006,7,0.009,3,0.004,3,0.006,1,0.002,3,0.008,0,0,1,0.006
Region 38,Region 59,0,0,0,0,0,0,0,0,0,0,0,0,0,0,2,0.003,0,0,1,0.001,1,0.002,0,0,1,0.002,1,0.002,0,0,0,0,0,0,1,0.001,0,0,0,0,1,0.002,0,0,1,0.004,0,0
Region 38,Region 60,0,0,0,0,0,0,0,0,0,0,0,0,2,0.004,0,0,0,0,1,0.001,0,0,0,0,0,0,0,0,0,0,0,0,0,0,0,0,0,0,0,0,0,0,1,0.003,0,0,0,0
Region 38,Region 61,0,0,0,0,0,0,0,0,0,0,1,0.004,1,0.002,1,0.001,1,0.001,1,0.001,1,0.002,0,0,2,0.003,1,0.002,2,0.003,4,0.006,1,0.001,1,0.001,0,0,0,0,0,0,2,0.005,0,0,0,0
Region 38,Region 62,0,0,1,0.011,1,0.015,0,0,0,0,0,0,0,0,0,0,2,0.002,2,0.003,0,0,2,0.003,2,0.003,1,0.002,2,0.003,1,0.001,4,0.006,2,0.003,4,0.005,0,0,0,0,3,0.008,3,0.011,0,0
Region 38,Region 63,0,0,0,0,0,0,0,0,0,0,0,0,0,0,0,0,0,0,0,0,0,0,1,0.002,1,0.002,1,0.002,2,0.003,0,0,2,0.003,0,0,2,0.003,0,0,0,0,0,0,1,0.004,0,0
Region 38,Region 64,0,0,0,0,0,0,1,0.014,0,0,0,0,1,0.002,0,0,2,0.002,0,0,0,0,4,0.007,3,0.005,0,0,2,0.003,2,0.003,2,0.003,1,0.001,0,0,0,0,0,0,0,0,1,0.004,0,0
Region 38,Region 65,0,0,1,0.011,0,0,1,0.014,1,0.009,2,0.008,1,0.002,10,0.013,22,0.026,10,0.014,9,0.015,5,0.009,9,0.015,0,0,5,0.008,1,0.001,7,0.01,9,0.012,4,0.005,5,0.009,0,0,1,0.003,2,0.008,1,0.006
Region 38,Region 66,0,0,0,0,0,0,0,0,0,0,0,0,1,0.002,4,0.005,6,0.007,8,0.011,0,0,2,0.003,1,0.002,0,0,3,0.005,2,0.003,5,0.007,0,0,3,0.004,2,0.004,0,0,1,0.003,1,0.004,0,0
Region 38,Region 67,0,0,0,0,0,0,0,0,0,0,0,0,0,0,1,0.001,0,0,0,0,0,0,0,0,0,0,0,0,0,0,0,0,0,0,0,0,0,0,0,0,0,0,1,0.003,0,0,0,0
Region 38,Region 68,0,0,0,0,0,0,0,0,0,0,0,0,1,0.002,0,0,1,0.001,0,0,0,0,0,0,0,0,1,0.002,0,0,0,0,0,0,0,0,0,0,0,0,0,0,0,0,0,0,0,0
Region 38,Region 69,0,0,0,0,0,0,0,0,0,0,0,0,0,0,1,0.001,0,0,0,0,0,0,0,0,0,0,0,0,0,0,1,0.001,1,0.001,0,0,0,0,0,0,0,0,1,0.003,0,0,0,0
Region 38,Region 70,0,0,0,0,0,0,0,0,0,0,0,0,0,0,0,0,0,0,0,0,0,0,0,0,1,0.002,0,0,1,0.002,0,0,0,0,0,0,0,0,0,0,0,0,0,0,0,0,0,0
Region 38,Region 71,0,0,0,0,0,0,0,0,0,0,0,0,1,0.002,4,0.005,0,0,1,0.001,0,0,0,0,1,0.002,0,0,0,0,0,0,0,0,0,0,0,0,0,0,1,0.002,1,0.003,0,0,0,0
Region 38,Region 72,3,0.018,1,0.011,1,0.015,0,0,0,0,3,0.012,3,0.006,16,0.02,16,0.019,7,0.01,2,0.003,9,0.015,5,0.008,5,0.008,7,0.011,9,0.013,0,0,3,0.004,3,0.004,6,0.011,6,0.014,15,0.041,4,0.015,4,0.022
Region 39,Region 0,1,0.006,0,0,1,0.015,1,0.014,0,0,0,0,0,0,6,0.008,5,0.006,5,0.007,2,0.003,4,0.007,7,0.011,2,0.003,7,0.011,10,0.015,7,0.01,7,0.009,7,0.01,2,0.004,10,0.023,6,0.016,6,0.023,3,0.017
Region 39,Region 1,0,0,1,0.011,0,0,0,0,0,0,1,0.004,3,0.006,1,0.001,2,0.002,2,0.003,3,0.005,4,0.007,1,0.002,1,0.002,3,0.005,1,0.001,1,0.001,2,0.003,0,0,1,0.002,0,0,1,0.003,2,0.008,0,0
Region 39,Region 2,0,0,1,0.011,0,0,0,0,0,0,0,0,2,0.004,3,0.004,2,0.002,4,0.006,2,0.003,3,0.005,2,0.003,3,0.005,3,0.005,1,0.001,1,0.001,2,0.003,2,0.003,2,0.004,0,0,2,0.005,1,0.004,2,0.011
Region 39,Region 3,1,0.006,1,0.011,0,0,0,0,0,0,0,0,0,0,0,0,0,0,0,0,3,0.005,1,0.002,2,0.003,2,0.003,0,0,1,0.001,0,0,1,0.001,5,0.007,1,0.002,0,0,1,0.003,0,0,0,0
Region 39,Region 4,0,0,0,0,0,0,0,0,0,0,0,0,0,0,0,0,0,0,0,0,0,0,0,0,0,0,1,0.002,1,0.002,0,0,0,0,1,0.001,1,0.001,0,0,0,0,1,0.003,2,0.008,2,0.011
Region 39,Region 5,0,0,1,0.011,0,0,0,0,0,0,0,0,0,0,1,0.001,3,0.004,3,0.004,1,0.002,1,0.002,3,0.005,2,0.003,1,0.002,6,0.009,1,0.001,4,0.005,2,0.003,2,0.004,2,0.005,2,0.005,4,0.015,1,0.006
Region 39,Region 6,24,0.144,13,0.143,5,0.075,3,0.043,7,0.06,21,0.081,38,0.078,92,0.117,75,0.088,124,0.175,48,0.082,57,0.098,75,0.122,127,0.207,81,0.13,107,0.156,131,0.189,167,0.215,79,0.107,51,0.094,40,0.092,34,0.093,31,0.118,18,0.1
Region 39,Region 7,7,0.042,3,0.033,1,0.015,1,0.014,2,0.017,2,0.008,6,0.012,15,0.019,15,0.018,12,0.017,11,0.019,19,0.033,14,0.023,17,0.028,15,0.024,34,0.05,21,0.03,18,0.023,25,0.034,15,0.028,12,0.028,14,0.038,12,0.046,3,0.017
Region 39,Region 8,0,0,0,0,0,0,0,0,0,0,0,0,0,0,0,0,0,0,0,0,0,0,0,0,0,0,0,0,0,0,0,0,0,0,0,0,0,0,0,0,0,0,0,0,0,0,0,0
Region 39,Region 9,6,0.036,0,0,1,0.015,0,0,1,0.009,2,0.008,2,0.004,6,0.008,4,0.005,4,0.006,2,0.003,1,0.002,1,0.002,4,0.007,1,0.002,5,0.007,3,0.004,7,0.009,6,0.008,1,0.002,4,0.009,1,0.003,2,0.008,0,0
Region 39,Region 10,0,0,0,0,0,0,0,0,1,0.009,0,0,1,0.002,2,0.003,1,0.001,0,0,0,0,0,0,1,0.002,1,0.002,0,0,2,0.003,0,0,0,0,0,0,0,0,2,0.005,0,0,1,0.004,0,0
Region 39,Region 11,0,0,0,0,1,0.015,0,0,0,0,0,0,0,0,0,0,0,0,0,0,0,0,0,0,0,0,0,0,0,0,0,0,0,0,0,0,2,0.003,0,0,1,0.002,0,0,0,0,0,0
Region 39,Region 12,0,0,0,0,0,0,0,0,0,0,0,0,0,0,0,0,0,0,0,0,1,0.002,0,0,0,0,0,0,0,0,1,0.001,1,0.001,0,0,0,0,0,0,0,0,0,0,2,0.008,0,0
Region 39,Region 13,3,0.018,3,0.033,0,0,0,0,0,0,3,0.012,3,0.006,10,0.013,17,0.02,9,0.013,4,0.007,8,0.014,7,0.011,6,0.01,6,0.01,3,0.004,7,0.01,1,0.001,4,0.005,3,0.006,3,0.007,7,0.019,7,0.027,1,0.006
Region 39,Region 14,0,0,0,0,0,0,0,0,0,0,0,0,0,0,1,0.001,0,0,0,0,0,0,0,0,0,0,0,0,0,0,0,0,3,0.004,0,0,0,0,0,0,0,0,0,0,0,0,0,0
Region 39,Region 15,22,0.132,8,0.088,9,0.135,8,0.114,14,0.119,33,0.128,29,0.059,51,0.065,62,0.072,53,0.075,42,0.072,45,0.077,55,0.09,46,0.075,37,0.059,53,0.077,64,0.092,64,0.082,49,0.067,51,0.094,38,0.088,31,0.085,29,0.11,21,0.116
Region 39,Region 16,2,0.012,1,0.011,0,0,0,0,0,0,0,0,0,0,1,0.001,2,0.002,1,0.001,1,0.002,1,0.002,2,0.003,2,0.003,0,0,3,0.004,7,0.01,5,0.006,4,0.005,2,0.004,3,0.007,2,0.005,2,0.008,3,0.017
Region 39,Region 17,0,0,0,0,0,0,0,0,0,0,0,0,1,0.002,6,0.008,1,0.001,0,0,0,0,0,0,0,0,1,0.002,1,0.002,1,0.001,1,0.001,1,0.001,0,0,1,0.002,1,0.002,0,0,0,0,0,0
Region 39,Region 18,0,0,0,0,0,0,0,0,0,0,0,0,1,0.002,0,0,0,0,0,0,0,0,0,0,0,0,0,0,0,0,0,0,0,0,0,0,0,0,0,0,0,0,0,0,0,0,0,0
Region 39,Region 19,1,0.006,1,0.011,0,0,0,0,1,0.009,2,0.008,0,0,0,0,4,0.005,2,0.003,1,0.002,2,0.003,2,0.003,4,0.007,2,0.003,1,0.001,3,0.004,1,0.001,2,0.003,1,0.002,3,0.007,2,0.005,1,0.004,3,0.017
Region 39,Region 20,0,0,0,0,0,0,0,0,0,0,0,0,1,0.002,2,0.003,3,0.004,1,0.001,0,0,2,0.003,1,0.002,2,0.003,0,0,1,0.001,0,0,0,0,0,0,1,0.002,0,0,1,0.003,0,0,1,0.006
Region 39,Region 21,0,0,0,0,0,0,0,0,0,0,0,0,2,0.004,2,0.003,1,0.001,1,0.001,1,0.002,3,0.005,2,0.003,3,0.005,1,0.002,1,0.001,2,0.003,0,0,3,0.004,2,0.004,1,0.002,0,0,0,0,0,0
Region 39,Region 22,1,0.006,0,0,0,0,0,0,0,0,0,0,1,0.002,0,0,2,0.002,0,0,1,0.002,0,0,0,0,4,0.007,1,0.002,2,0.003,1,0.001,0,0,0,0,0,0,1,0.002,1,0.003,0,0,0,0
Region 39,Region 23,0,0,0,0,0,0,0,0,0,0,0,0,0,0,0,0,2,0.002,4,0.006,0,0,0,0,0,0,2,0.003,0,0,1,0.001,1,0.001,1,0.001,3,0.004,0,0,0,0,1,0.003,0,0,2,0.011
Region 39,Region 24,0,0,0,0,0,0,1,0.014,0,0,0,0,2,0.004,3,0.004,0,0,5,0.007,4,0.007,0,0,1,0.002,0,0,3,0.005,1,0.001,0,0,0,0,2,0.003,3,0.006,0,0,0,0,0,0,0,0
Region 39,Region 25,0,0,0,0,0,0,0,0,0,0,0,0,1,0.002,1,0.001,1,0.001,0,0,1,0.002,0,0,0,0,1,0.002,2,0.003,0,0,0,0,0,0,1,0.001,0,0,1,0.002,0,0,0,0,0,0
Region 39,Region 26,0,0,0,0,0,0,0,0,0,0,0,0,0,0,0,0,0,0,0,0,0,0,0,0,0,0,0,0,0,0,0,0,0,0,0,0,0,0,0,0,0,0,0,0,0,0,0,0
Region 39,Region 27,0,0,0,0,0,0,0,0,0,0,0,0,0,0,2,0.003,2,0.002,1,0.001,1,0.002,0,0,1,0.002,2,0.003,1,0.002,2,0.003,2,0.003,1,0.001,1,0.001,2,0.004,2,0.005,0,0,0,0,0,0
Region 39,Region 28,1,0.006,0,0,0,0,0,0,0,0,2,0.008,0,0,2,0.003,3,0.004,4,0.006,4,0.007,2,0.003,0,0,2,0.003,0,0,0,0,0,0,0,0,0,0,0,0,0,0,0,0,0,0,0,0
Region 39,Region 29,1,0.006,0,0,0,0,1,0.014,0,0,1,0.004,1,0.002,5,0.006,4,0.005,4,0.006,12,0.021,6,0.01,4,0.007,4,0.007,11,0.018,10,0.015,2,0.003,5,0.006,5,0.007,8,0.015,1,0.002,2,0.005,3,0.011,0,0
Region 39,Region 30,0,0,0,0,0,0,1,0.014,0,0,2,0.008,0,0,1,0.001,0,0,2,0.003,1,0.002,0,0,0,0,1,0.002,2,0.003,0,0,0,0,0,0,1,0.001,0,0,0,0,1,0.003,0,0,0,0
Region 39,Region 31,0,0,0,0,0,0,0,0,2,0.017,0,0,3,0.006,1,0.001,1,0.001,1,0.001,2,0.003,1,0.002,2,0.003,0,0,0,0,2,0.003,0,0,0,0,2,0.003,0,0,0,0,1,0.003,1,0.004,0,0
Region 39,Region 32,1,0.006,0,0,0,0,0,0,0,0,0,0,0,0,0,0,0,0,1,0.001,0,0,0,0,0,0,0,0,0,0,1,0.001,3,0.004,3,0.004,2,0.003,2,0.004,0,0,0,0,0,0,0,0
Region 39,Region 33,0,0,0,0,0,0,0,0,0,0,0,0,4,0.008,9,0.011,6,0.007,4,0.006,3,0.005,0,0,1,0.002,1,0.002,0,0,0,0,1,0.001,4,0.005,2,0.003,0,0,1,0.002,0,0,0,0,0,0
Region 39,Region 34,1,0.006,0,0,0,0,0,0,1,0.009,0,0,2,0.004,2,0.003,5,0.006,2,0.003,4,0.007,4,0.007,2,0.003,4,0.007,1,0.002,4,0.006,1,0.001,1,0.001,2,0.003,1,0.002,1,0.002,2,0.005,3,0.011,3,0.017
Region 39,Region 35,0,0,0,0,0,0,0,0,0,0,0,0,2,0.004,2,0.003,1,0.001,1,0.001,1,0.002,0,0,1,0.002,0,0,0,0,0,0,0,0,0,0,1,0.001,0,0,0,0,1,0.003,0,0,0,0
Region 39,Region 36,0,0,0,0,0,0,0,0,1,0.009,2,0.008,1,0.002,3,0.004,2,0.002,5,0.007,1,0.002,1,0.002,1,0.002,4,0.007,3,0.005,2,0.003,2,0.003,3,0.004,1,0.001,2,0.004,0,0,0,0,0,0,0,0
Region 39,Region 37,1,0.006,0,0,0,0,0,0,0,0,0,0,0,0,0,0,1,0.001,0,0,3,0.005,1,0.002,2,0.003,2,0.003,0,0,0,0,0,0,1,0.001,1,0.001,2,0.004,0,0,0,0,0,0,0,0
Region 39,Region 38,0,0,0,0,0,0,0,0,0,0,0,0,0,0,1,0.001,2,0.002,4,0.006,2,0.003,1,0.002,0,0,1,0.002,1,0.002,1,0.001,0,0,1,0.001,0,0,0,0,1,0.002,0,0,0,0,0,0
Region 39,Region 39,22,0.132,10,0.11,8,0.12,7,0.1,9,0.077,6,0.023,16,0.033,54,0.069,97,0.113,70,0.099,42,0.072,37,0.063,53,0.086,63,0.103,79,0.127,88,0.128,82,0.118,105,0.135,86,0.117,74,0.136,60,0.138,47,0.129,34,0.129,24,0.133
Region 39,Region 40,3,0.018,1,0.011,0,0,1,0.014,0,0,4,0.016,6,0.012,7,0.009,4,0.005,10,0.014,8,0.014,3,0.005,12,0.02,7,0.011,17,0.027,8,0.012,5,0.007,9,0.012,12,0.016,10,0.018,8,0.018,3,0.008,4,0.015,2,0.011
Region 39,Region 41,0,0,1,0.011,0,0,0,0,1,0.009,1,0.004,3,0.006,1,0.001,1,0.001,0,0,2,0.003,2,0.003,0,0,1,0.002,0,0,1,0.001,2,0.003,0,0,2,0.003,1,0.002,1,0.002,0,0,0,0,1,0.006
Region 39,Region 42,0,0,0,0,0,0,0,0,0,0,0,0,0,0,0,0,0,0,2,0.003,0,0,0,0,0,0,0,0,0,0,0,0,0,0,0,0,0,0,0,0,1,0.002,0,0,0,0,0,0
Region 39,Region 43,0,0,0,0,0,0,0,0,1,0.009,0,0,2,0.004,5,0.006,2,0.002,1,0.001,1,0.002,5,0.009,3,0.005,0,0,5,0.008,7,0.01,3,0.004,3,0.004,0,0,3,0.006,0,0,2,0.005,1,0.004,1,0.006
Region 39,Region 44,1,0.006,0,0,0,0,0,0,0,0,1,0.004,2,0.004,2,0.003,1,0.001,3,0.004,2,0.003,0,0,1,0.002,1,0.002,1,0.002,2,0.003,1,0.001,2,0.003,0,0,2,0.004,1,0.002,1,0.003,0,0,0,0
Region 39,Region 45,0,0,0,0,0,0,0,0,0,0,0,0,1,0.002,0,0,0,0,1,0.001,0,0,0,0,1,0.002,2,0.003,3,0.005,2,0.003,1,0.001,0,0,1,0.001,4,0.007,0,0,1,0.003,1,0.004,0,0
Region 39,Region 46,2,0.012,3,0.033,0,0,0,0,0,0,1,0.004,1,0.002,6,0.008,3,0.004,2,0.003,1,0.002,2,0.003,2,0.003,1,0.002,1,0.002,4,0.006,2,0.003,1,0.001,0,0,1,0.002,0,0,1,0.003,1,0.004,1,0.006
Region 39,Region 47,0,0,0,0,0,0,0,0,0,0,2,0.008,1,0.002,1,0.001,0,0,1,0.001,1,0.002,2,0.003,2,0.003,3,0.005,1,0.002,3,0.004,0,0,2,0.003,0,0,0,0,0,0,0,0,0,0,0,0
Region 39,Region 48,1,0.006,3,0.033,0,0,0,0,0,0,0,0,2,0.004,6,0.008,8,0.009,7,0.01,2,0.003,1,0.002,6,0.01,5,0.008,7,0.011,4,0.006,4,0.006,8,0.01,8,0.011,4,0.007,3,0.007,5,0.014,6,0.023,3,0.017
Region 39,Region 49,2,0.012,0,0,0,0,1,0.014,0,0,2,0.008,0,0,5,0.006,1,0.001,1,0.001,3,0.005,2,0.003,0,0,1,0.002,3,0.005,3,0.004,7,0.01,3,0.004,3,0.004,2,0.004,5,0.012,2,0.005,2,0.008,3,0.017
Region 39,Region 50,1,0.006,0,0,0,0,0,0,0,0,0,0,1,0.002,0,0,2,0.002,2,0.003,0,0,1,0.002,0,0,2,0.003,2,0.003,0,0,2,0.003,0,0,2,0.003,1,0.002,0,0,0,0,0,0,0,0
Region 39,Region 51,0,0,0,0,0,0,0,0,0,0,0,0,3,0.006,3,0.004,1,0.001,2,0.003,1,0.002,0,0,0,0,1,0.002,0,0,0,0,0,0,1,0.001,0,0,0,0,0,0,1,0.003,0,0,0,0
Region 39,Region 52,0,0,0,0,0,0,0,0,0,0,0,0,0,0,0,0,0,0,1,0.001,1,0.002,0,0,0,0,0,0,0,0,0,0,0,0,0,0,0,0,0,0,0,0,0,0,0,0,0,0
Region 39,Region 53,0,0,0,0,0,0,0,0,0,0,0,0,0,0,1,0.001,1,0.001,1,0.001,3,0.005,2,0.003,2,0.003,4,0.007,3,0.005,3,0.004,1,0.001,1,0.001,1,0.001,2,0.004,2,0.005,2,0.005,2,0.008,0,0
Region 39,Region 54,0,0,0,0,0,0,0,0,0,0,1,0.004,0,0,4,0.005,1,0.001,2,0.003,1,0.002,0,0,3,0.005,3,0.005,0,0,2,0.003,2,0.003,1,0.001,2,0.003,0,0,1,0.002,0,0,0,0,0,0
Region 39,Region 55,0,0,0,0,0,0,0,0,0,0,1,0.004,0,0,0,0,1,0.001,0,0,0,0,0,0,2,0.003,1,0.002,0,0,0,0,0,0,1,0.001,2,0.003,0,0,0,0,0,0,1,0.004,0,0
Region 39,Region 56,2,0.012,0,0,0,0,0,0,0,0,0,0,1,0.002,0,0,1,0.001,0,0,1,0.002,0,0,1,0.002,1,0.002,1,0.002,2,0.003,0,0,1,0.001,1,0.001,1,0.002,4,0.009,1,0.003,2,0.008,1,0.006
Region 39,Region 57,0,0,0,0,0,0,0,0,0,0,0,0,2,0.004,0,0,0,0,0,0,0,0,0,0,0,0,0,0,0,0,0,0,0,0,0,0,0,0,0,0,0,0,0,0,0,0,0,0
Region 39,Region 58,20,0.12,11,0.121,7,0.105,3,0.043,13,0.111,22,0.085,25,0.051,65,0.082,58,0.068,94,0.133,66,0.113,40,0.069,38,0.062,61,0.099,44,0.071,57,0.083,70,0.101,74,0.095,53,0.072,41,0.075,40,0.092,27,0.074,32,0.121,12,0.066
Region 39,Region 59,0,0,1,0.011,0,0,0,0,0,0,1,0.004,1,0.002,0,0,0,0,0,0,1,0.002,0,0,1,0.002,1,0.002,0,0,1,0.001,1,0.001,3,0.004,2,0.003,1,0.002,0,0,2,0.005,0,0,0,0
Region 39,Region 60,0,0,0,0,0,0,0,0,0,0,0,0,0,0,0,0,0,0,0,0,0,0,0,0,0,0,0,0,0,0,0,0,0,0,0,0,0,0,0,0,0,0,0,0,0,0,0,0
Region 39,Region 61,0,0,2,0.022,0,0,3,0.043,3,0.026,3,0.012,1,0.002,11,0.014,18,0.021,16,0.023,14,0.024,12,0.021,14,0.023,17,0.028,14,0.022,15,0.022,24,0.035,28,0.036,26,0.035,12,0.022,8,0.018,4,0.011,5,0.019,4,0.022
Region 39,Region 62,3,0.018,2,0.022,1,0.015,0,0,2,0.017,0,0,4,0.008,8,0.01,10,0.012,6,0.008,3,0.005,2,0.003,4,0.007,1,0.002,3,0.005,6,0.009,5,0.007,6,0.008,7,0.01,6,0.011,1,0.002,4,0.011,2,0.008,1,0.006
Region 39,Region 63,0,0,1,0.011,0,0,0,0,0,0,1,0.004,0,0,2,0.003,0,0,0,0,1,0.002,0,0,0,0,0,0,0,0,0,0,0,0,0,0,1,0.001,1,0.002,0,0,0,0,0,0,0,0
Region 39,Region 64,8,0.048,2,0.022,1,0.015,4,0.057,0,0,3,0.012,8,0.016,12,0.015,17,0.02,19,0.027,13,0.022,12,0.021,16,0.026,20,0.033,21,0.034,28,0.041,14,0.02,28,0.036,25,0.034,11,0.02,13,0.03,13,0.036,5,0.019,3,0.017
Region 39,Region 65,0,0,1,0.011,1,0.015,0,0,0,0,2,0.008,4,0.008,6,0.008,2,0.002,1,0.001,3,0.005,1,0.002,1,0.002,2,0.003,3,0.005,1,0.001,2,0.003,0,0,6,0.008,1,0.002,1,0.002,1,0.003,0,0,0,0
Region 39,Region 66,0,0,0,0,1,0.015,0,0,0,0,1,0.004,3,0.006,2,0.003,0,0,0,0,0,0,2,0.003,0,0,1,0.002,2,0.003,1,0.001,4,0.006,1,0.001,2,0.003,0,0,1,0.002,1,0.003,0,0,2,0.011
Region 39,Region 67,2,0.012,1,0.011,0,0,2,0.029,4,0.034,3,0.012,3,0.006,3,0.004,10,0.012,13,0.018,7,0.012,7,0.012,9,0.015,8,0.013,7,0.011,16,0.023,12,0.017,6,0.008,13,0.018,5,0.009,3,0.007,6,0.016,3,0.011,3,0.017
Region 39,Region 68,0,0,0,0,0,0,0,0,0,0,0,0,1,0.002,0,0,2,0.002,0,0,0,0,0,0,0,0,0,0,0,0,1,0.001,0,0,0,0,0,0,0,0,0,0,0,0,0,0,0,0
Region 39,Region 69,0,0,0,0,0,0,0,0,0,0,1,0.004,1,0.002,1,0.001,0,0,1,0.001,1,0.002,1,0.002,0,0,0,0,0,0,0,0,0,0,0,0,0,0,0,0,0,0,0,0,0,0,0,0
Region 39,Region 70,0,0,0,0,0,0,0,0,0,0,0,0,0,0,1,0.001,0,0,1,0.001,0,0,0,0,0,0,0,0,0,0,0,0,0,0,0,0,0,0,0,0,1,0.002,0,0,0,0,0,0
Region 39,Region 71,1,0.006,0,0,0,0,0,0,0,0,0,0,0,0,1,0.001,2,0.002,0,0,0,0,0,0,0,0,0,0,0,0,0,0,0,0,0,0,0,0,1,0.002,0,0,0,0,0,0,0,0
Region 39,Region 72,3,0.018,0,0,0,0,1,0.014,1,0.009,6,0.023,6,0.012,12,0.015,6,0.007,5,0.007,5,0.009,4,0.007,2,0.003,2,0.003,0,0,8,0.012,2,0.003,3,0.004,5,0.007,4,0.007,6,0.014,3,0.008,5,0.019,1,0.006
Region 40,Region 0,1,0.006,0,0,1,0.015,0,0,0,0,0,0,1,0.002,3,0.004,3,0.004,3,0.004,1,0.002,0,0,1,0.002,0,0,0,0,1,0.001,1,0.001,1,0.001,1,0.001,2,0.004,0,0,0,0,1,0.004,2,0.011
Region 40,Region 1,8,0.048,3,0.033,1,0.015,8,0.114,14,0.119,39,0.151,75,0.153,69,0.088,58,0.068,48,0.068,35,0.06,43,0.074,32,0.052,35,0.057,24,0.039,21,0.031,22,0.032,19,0.024,28,0.038,31,0.057,32,0.074,35,0.096,20,0.076,9,0.05
Region 40,Region 2,3,0.018,4,0.044,0,0,0,0,0,0,5,0.019,17,0.035,16,0.02,8,0.009,7,0.01,7,0.012,1,0.002,5,0.008,5,0.008,8,0.013,8,0.012,6,0.009,11,0.014,14,0.019,13,0.024,10,0.023,5,0.014,0,0,3,0.017
Region 40,Region 3,0,0,1,0.011,0,0,0,0,0,0,2,0.008,3,0.006,4,0.005,6,0.007,5,0.007,4,0.007,5,0.009,1,0.002,3,0.005,2,0.003,1,0.001,4,0.006,3,0.004,6,0.008,4,0.007,4,0.009,2,0.005,2,0.008,0,0
Region 40,Region 4,1,0.006,0,0,1,0.015,0,0,0,0,0,0,7,0.014,7,0.009,4,0.005,5,0.007,5,0.009,5,0.009,7,0.011,3,0.005,6,0.01,8,0.012,9,0.013,6,0.008,6,0.008,4,0.007,2,0.005,6,0.016,1,0.004,2,0.011
Region 40,Region 5,1,0.006,1,0.011,0,0,1,0.014,2,0.017,1,0.004,1,0.002,1,0.001,2,0.002,10,0.014,9,0.015,4,0.007,2,0.003,1,0.002,0,0,3,0.004,1,0.001,6,0.008,5,0.007,4,0.007,3,0.007,0,0,1,0.004,1,0.006
Region 40,Region 6,7,0.042,3,0.033,5,0.075,12,0.171,22,0.187,44,0.171,85,0.174,83,0.105,51,0.06,55,0.078,55,0.094,49,0.084,61,0.099,64,0.104,76,0.122,80,0.117,45,0.065,60,0.077,49,0.067,34,0.063,30,0.069,27,0.074,11,0.042,6,0.033
Region 40,Region 7,3,0.018,1,0.011,3,0.045,3,0.043,0,0,3,0.012,9,0.018,7,0.009,4,0.005,6,0.008,3,0.005,4,0.007,6,0.01,3,0.005,10,0.016,10,0.015,10,0.014,7,0.009,6,0.008,4,0.007,6,0.014,5,0.014,3,0.011,2,0.011
Region 40,Region 8,0,0,0,0,0,0,0,0,0,0,0,0,0,0,2,0.003,2,0.002,1,0.001,1,0.002,0,0,0,0,0,0,0,0,0,0,0,0,0,0,1,0.001,3,0.006,0,0,0,0,0,0,0,0
Region 40,Region 9,3,0.018,0,0,0,0,0,0,2,0.017,6,0.023,6,0.012,15,0.019,16,0.019,17,0.024,12,0.021,8,0.014,8,0.013,7,0.011,9,0.014,6,0.009,5,0.007,7,0.009,4,0.005,7,0.013,7,0.016,8,0.022,3,0.011,2,0.011
Region 40,Region 10,4,0.024,1,0.011,2,0.03,4,0.057,6,0.051,34,0.132,49,0.1,41,0.052,36,0.042,34,0.048,27,0.046,19,0.033,21,0.034,21,0.034,18,0.029,13,0.019,10,0.014,17,0.022,24,0.033,16,0.029,16,0.037,6,0.016,5,0.019,4,0.022
Region 40,Region 11,0,0,0,0,0,0,0,0,0,0,0,0,1,0.002,0,0,1,0.001,3,0.004,0,0,2,0.003,2,0.003,1,0.002,0,0,0,0,0,0,2,0.003,1,0.001,0,0,1,0.002,0,0,0,0,0,0
Region 40,Region 12,2,0.012,0,0,0,0,0,0,2,0.017,1,0.004,8,0.016,9,0.011,14,0.016,12,0.017,2,0.003,4,0.007,4,0.007,6,0.01,4,0.006,7,0.01,5,0.007,2,0.003,7,0.01,3,0.006,1,0.002,6,0.016,3,0.011,0,0
Region 40,Region 13,28,0.168,24,0.264,7,0.105,8,0.114,40,0.341,135,0.524,336,0.686,533,0.676,502,0.587,334,0.473,276,0.473,199,0.341,205,0.334,166,0.27,167,0.268,138,0.201,128,0.184,130,0.167,136,0.185,85,0.157,84,0.193,55,0.151,65,0.247,37,0.205
Region 40,Region 14,0,0,0,0,0,0,0,0,0,0,4,0.016,3,0.006,9,0.011,4,0.005,2,0.003,1,0.002,1,0.002,0,0,2,0.003,0,0,0,0,2,0.003,0,0,2,0.003,0,0,0,0,1,0.003,0,0,0,0
Region 40,Region 15,3,0.018,0,0,0,0,0,0,5,0.043,6,0.023,7,0.014,12,0.015,3,0.004,6,0.008,11,0.019,10,0.017,11,0.018,7,0.011,10,0.016,14,0.02,9,0.013,9,0.012,16,0.022,5,0.009,4,0.009,2,0.005,2,0.008,1,0.006
Region 40,Region 16,0,0,0,0,0,0,0,0,0,0,0,0,0,0,1,0.001,0,0,1,0.001,2,0.003,2,0.003,1,0.002,1,0.002,1,0.002,2,0.003,0,0,1,0.001,1,0.001,0,0,3,0.007,3,0.008,2,0.008,0,0
Region 40,Region 17,2,0.012,0,0,3,0.045,1,0.014,9,0.077,23,0.089,26,0.053,55,0.07,59,0.069,38,0.054,32,0.055,47,0.081,42,0.068,46,0.075,39,0.063,37,0.054,33,0.047,42,0.054,49,0.067,40,0.074,28,0.064,17,0.047,6,0.023,8,0.044
Region 40,Region 18,0,0,0,0,0,0,0,0,0,0,0,0,0,0,0,0,0,0,1,0.001,0,0,1,0.002,0,0,0,0,0,0,0,0,1,0.001,0,0,0,0,1,0.002,1,0.002,0,0,1,0.004,1,0.006
Region 40,Region 19,1,0.006,0,0,0,0,0,0,2,0.017,4,0.016,1,0.002,1,0.001,1,0.001,1,0.001,0,0,0,0,0,0,0,0,0,0,1,0.001,1,0.001,0,0,2,0.003,2,0.004,2,0.005,2,0.005,1,0.004,2,0.011
Region 40,Region 20,0,0,2,0.022,1,0.015,1,0.014,9,0.077,18,0.07,33,0.067,39,0.049,20,0.023,17,0.024,13,0.022,19,0.033,25,0.041,23,0.037,13,0.021,6,0.009,4,0.006,6,0.008,6,0.008,9,0.017,10,0.023,6,0.016,7,0.027,0,0
Region 40,Region 21,0,0,0,0,0,0,0,0,0,0,0,0,0,0,0,0,1,0.001,1,0.001,4,0.007,3,0.005,3,0.005,2,0.003,3,0.005,1,0.001,0,0,0,0,1,0.001,2,0.004,1,0.002,1,0.003,2,0.008,2,0.011
Region 40,Region 22,2,0.012,0,0,1,0.015,1,0.014,1,0.009,2,0.008,3,0.006,1,0.001,3,0.004,4,0.006,4,0.007,1,0.002,2,0.003,0,0,0,0,5,0.007,2,0.003,2,0.003,0,0,0,0,1,0.002,2,0.005,3,0.011,1,0.006
Region 40,Region 23,3,0.018,3,0.033,1,0.015,1,0.014,3,0.026,8,0.031,23,0.047,49,0.062,26,0.03,23,0.033,20,0.034,19,0.033,16,0.026,22,0.036,20,0.032,22,0.032,19,0.027,17,0.022,19,0.026,11,0.02,16,0.037,10,0.027,4,0.015,3,0.017
Region 40,Region 24,20,0.12,9,0.099,11,0.165,7,0.1,8,0.068,18,0.07,56,0.114,124,0.157,143,0.167,93,0.132,89,0.153,73,0.125,72,0.117,66,0.107,83,0.133,97,0.141,85,0.122,110,0.141,96,0.131,71,0.131,58,0.134,40,0.109,36,0.137,13,0.072
Region 40,Region 25,1,0.006,0,0,1,0.015,1,0.014,7,0.06,12,0.047,20,0.041,23,0.029,27,0.032,23,0.033,14,0.024,10,0.017,15,0.024,11,0.018,9,0.014,6,0.009,6,0.009,7,0.009,9,0.012,7,0.013,0,0,5,0.014,5,0.019,3,0.017
Region 40,Region 26,0,0,0,0,0,0,0,0,0,0,2,0.008,9,0.018,8,0.01,2,0.002,5,0.007,2,0.003,5,0.009,3,0.005,3,0.005,2,0.003,2,0.003,5,0.007,2,0.003,5,0.007,3,0.006,2,0.005,2,0.005,0,0,0,0
Region 40,Region 27,3,0.018,0,0,0,0,1,0.014,0,0,3,0.012,4,0.008,6,0.008,7,0.008,2,0.003,1,0.002,3,0.005,4,0.007,4,0.007,0,0,6,0.009,4,0.006,5,0.006,6,0.008,2,0.004,1,0.002,2,0.005,3,0.011,0,0
Region 40,Region 28,1,0.006,0,0,0,0,0,0,1,0.009,4,0.016,11,0.022,32,0.041,28,0.033,13,0.018,13,0.022,5,0.009,7,0.011,10,0.016,22,0.035,13,0.019,8,0.012,7,0.009,8,0.011,9,0.017,7,0.016,4,0.011,3,0.011,1,0.006
Region 40,Region 29,9,0.054,9,0.099,6,0.09,1,0.014,5,0.043,27,0.105,43,0.088,70,0.089,89,0.104,74,0.105,60,0.103,49,0.084,56,0.091,52,0.085,35,0.056,37,0.054,37,0.053,43,0.055,36,0.049,38,0.07,37,0.085,25,0.068,12,0.046,8,0.044
Region 40,Region 30,4,0.024,1,0.011,0,0,4,0.057,11,0.094,19,0.074,40,0.082,52,0.066,51,0.06,28,0.04,19,0.033,18,0.031,19,0.031,19,0.031,9,0.014,12,0.017,10,0.014,23,0.03,24,0.033,15,0.028,10,0.023,11,0.03,7,0.027,6,0.033
Region 40,Region 31,1,0.006,2,0.022,6,0.09,2,0.029,4,0.034,12,0.047,44,0.09,80,0.102,48,0.056,42,0.059,38,0.065,30,0.051,21,0.034,23,0.037,22,0.035,27,0.039,27,0.039,28,0.036,42,0.057,19,0.035,15,0.035,13,0.036,11,0.042,7,0.039
Region 40,Region 32,0,0,0,0,0,0,0,0,0,0,1,0.004,1,0.002,0,0,0,0,0,0,0,0,2,0.003,0,0,1,0.002,4,0.006,0,0,0,0,0,0,0,0,1,0.002,0,0,0,0,2,0.008,1,0.006
Region 40,Region 33,29,0.174,24,0.264,17,0.254,26,0.371,82,0.698,175,0.679,274,0.56,277,0.351,176,0.206,142,0.201,135,0.231,131,0.225,134,0.218,130,0.212,113,0.182,81,0.118,100,0.144,107,0.138,111,0.151,98,0.18,78,0.18,48,0.131,42,0.159,37,0.205
Region 40,Region 34,24,0.144,10,0.11,11,0.165,15,0.214,36,0.307,99,0.384,189,0.386,185,0.235,133,0.155,87,0.123,76,0.13,73,0.125,51,0.083,55,0.09,51,0.082,45,0.066,32,0.046,48,0.062,67,0.091,53,0.098,45,0.104,48,0.131,45,0.171,20,0.111
Region 40,Region 35,0,0,2,0.022,1,0.015,2,0.029,1,0.009,5,0.019,17,0.035,20,0.025,15,0.018,9,0.013,10,0.017,10,0.017,9,0.015,13,0.021,8,0.013,8,0.012,5,0.007,4,0.005,6,0.008,10,0.018,4,0.009,5,0.014,9,0.034,4,0.022
Region 40,Region 36,0,0,2,0.022,1,0.015,0,0,1,0.009,6,0.023,14,0.029,9,0.011,4,0.005,3,0.004,4,0.007,0,0,2,0.003,1,0.002,1,0.002,1,0.001,0,0,1,0.001,0,0,0,0,0,0,0,0,0,0,0,0
Region 40,Region 37,3,0.018,3,0.033,1,0.015,2,0.029,4,0.034,10,0.039,51,0.104,81,0.103,71,0.083,63,0.089,40,0.069,37,0.063,26,0.042,24,0.039,33,0.053,36,0.052,48,0.069,63,0.081,53,0.072,36,0.066,18,0.041,13,0.036,12,0.046,3,0.017
Region 40,Region 38,1,0.006,2,0.022,0,0,1,0.014,1,0.009,3,0.012,12,0.025,15,0.019,18,0.021,20,0.028,16,0.027,10,0.017,9,0.015,10,0.016,6,0.01,6,0.009,11,0.016,16,0.021,14,0.019,3,0.006,3,0.007,5,0.014,4,0.015,1,0.006
Region 40,Region 39,2,0.012,1,0.011,1,0.015,0,0,3,0.026,6,0.023,8,0.016,12,0.015,5,0.006,10,0.014,14,0.024,7,0.012,6,0.01,7,0.011,5,0.008,3,0.004,5,0.007,10,0.013,10,0.014,4,0.007,5,0.012,4,0.011,4,0.015,0,0
Region 40,Region 40,121,0.727,35,0.385,29,0.434,18,0.257,38,0.324,82,0.318,195,0.398,372,0.472,375,0.438,280,0.396,260,0.446,281,0.482,307,0.5,311,0.506,342,0.549,412,0.601,409,0.589,439,0.565,393,0.535,321,0.591,262,0.603,239,0.654,152,0.577,126,0.697
Region 40,Region 41,5,0.03,2,0.022,1,0.015,1,0.014,2,0.017,4,0.016,2,0.004,5,0.006,4,0.005,2,0.003,4,0.007,4,0.007,8,0.013,7,0.011,9,0.014,7,0.01,4,0.006,7,0.009,9,0.012,7,0.013,5,0.012,2,0.005,0,0,0,0
Region 40,Region 42,1,0.006,1,0.011,0,0,1,0.014,1,0.009,1,0.004,7,0.014,6,0.008,2,0.002,2,0.003,1,0.002,2,0.003,0,0,0,0,0,0,0,0,1,0.001,0,0,0,0,0,0,0,0,1,0.003,1,0.004,1,0.006
Region 40,Region 43,6,0.036,3,0.033,0,0,2,0.029,0,0,5,0.019,9,0.018,18,0.023,14,0.016,13,0.018,10,0.017,15,0.026,16,0.026,15,0.024,16,0.026,16,0.023,20,0.029,25,0.032,13,0.018,14,0.026,5,0.012,3,0.008,4,0.015,5,0.028
Region 40,Region 44,3,0.018,4,0.044,1,0.015,0,0,2,0.017,4,0.016,7,0.014,27,0.034,35,0.041,22,0.031,23,0.039,16,0.027,14,0.023,15,0.024,11,0.018,15,0.022,14,0.02,17,0.022,12,0.016,11,0.02,5,0.012,10,0.027,8,0.03,5,0.028
Region 40,Region 45,10,0.06,3,0.033,5,0.075,5,0.071,6,0.051,19,0.074,47,0.096,86,0.109,101,0.118,89,0.126,64,0.11,67,0.115,57,0.093,60,0.098,49,0.079,64,0.093,56,0.081,83,0.107,76,0.103,66,0.122,31,0.071,33,0.09,18,0.068,11,0.061
Region 40,Region 46,8,0.048,6,0.066,7,0.105,7,0.1,33,0.281,46,0.178,47,0.096,17,0.022,24,0.028,38,0.054,48,0.082,45,0.077,33,0.054,42,0.068,38,0.061,33,0.048,33,0.047,34,0.044,40,0.054,34,0.063,31,0.071,18,0.049,12,0.046,9,0.05
Region 40,Region 47,5,0.03,3,0.033,2,0.03,4,0.057,10,0.085,24,0.093,31,0.063,24,0.03,9,0.011,14,0.02,12,0.021,16,0.027,8,0.013,15,0.024,13,0.021,19,0.028,17,0.024,23,0.03,25,0.034,15,0.028,8,0.018,5,0.014,7,0.027,6,0.033
Region 40,Region 48,2,0.012,0,0,1,0.015,0,0,1,0.009,4,0.016,17,0.035,19,0.024,8,0.009,9,0.013,9,0.015,18,0.031,9,0.015,12,0.02,20,0.032,21,0.031,17,0.024,9,0.012,9,0.012,6,0.011,3,0.007,8,0.022,7,0.027,6,0.033
Region 40,Region 49,1,0.006,0,0,1,0.015,0,0,0,0,1,0.004,8,0.016,8,0.01,6,0.007,6,0.008,0,0,2,0.003,4,0.007,2,0.003,10,0.016,6,0.009,4,0.006,6,0.008,6,0.008,6,0.011,3,0.007,3,0.008,1,0.004,1,0.006
Region 40,Region 50,1,0.006,1,0.011,0,0,1,0.014,1,0.009,4,0.016,10,0.02,13,0.016,5,0.006,5,0.007,3,0.005,6,0.01,3,0.005,2,0.003,0,0,0,0,1,0.001,1,0.001,1,0.001,3,0.006,2,0.005,1,0.003,2,0.008,1,0.006
Region 40,Region 51,1,0.006,2,0.022,1,0.015,0,0,4,0.034,17,0.066,67,0.137,75,0.095,24,0.028,20,0.028,15,0.026,10,0.017,13,0.021,6,0.01,5,0.008,10,0.015,3,0.004,4,0.005,3,0.004,1,0.002,1,0.002,6,0.016,1,0.004,2,0.011
Region 40,Region 52,0,0,1,0.011,0,0,0,0,0,0,2,0.008,5,0.01,13,0.016,10,0.012,2,0.003,2,0.003,2,0.003,1,0.002,0,0,0,0,2,0.003,1,0.001,0,0,1,0.001,3,0.006,4,0.009,0,0,0,0,0,0
Region 40,Region 53,3,0.018,2,0.022,0,0,2,0.029,3,0.026,1,0.004,1,0.002,1,0.001,0,0,3,0.004,5,0.009,2,0.003,1,0.002,2,0.003,4,0.006,2,0.003,3,0.004,1,0.001,0,0,0,0,0,0,1,0.003,0,0,1,0.006
Region 40,Region 54,5,0.03,2,0.022,1,0.015,2,0.029,4,0.034,11,0.043,18,0.037,29,0.037,14,0.016,14,0.02,21,0.036,17,0.029,16,0.026,10,0.016,10,0.016,7,0.01,8,0.012,9,0.012,18,0.024,16,0.029,9,0.021,6,0.016,8,0.03,5,0.028
Region 40,Region 55,2,0.012,0,0,2,0.03,4,0.057,3,0.026,16,0.062,24,0.049,25,0.032,10,0.012,18,0.025,13,0.022,11,0.019,10,0.016,9,0.015,11,0.018,8,0.012,14,0.02,8,0.01,5,0.007,5,0.009,6,0.014,4,0.011,5,0.019,5,0.028
Region 40,Region 56,1,0.006,0,0,1,0.015,2,0.029,0,0,2,0.008,2,0.004,3,0.004,0,0,0,0,0,0,0,0,1,0.002,2,0.003,3,0.005,4,0.006,1,0.001,4,0.005,6,0.008,3,0.006,0,0,0,0,2,0.008,0,0
Region 40,Region 57,0,0,0,0,0,0,1,0.014,0,0,3,0.012,3,0.006,2,0.003,2,0.002,3,0.004,1,0.002,1,0.002,0,0,1,0.002,2,0.003,2,0.003,1,0.001,2,0.003,1,0.001,2,0.004,1,0.002,0,0,0,0,0,0
Region 40,Region 58,86,0.516,47,0.517,44,0.658,75,1.069,133,1.133,306,1.187,410,0.837,378,0.48,284,0.332,269,0.381,250,0.429,228,0.391,258,0.42,286,0.466,289,0.464,263,0.383,198,0.285,244,0.314,233,0.317,191,0.352,150,0.345,116,0.317,92,0.349,78,0.431
Region 40,Region 59,1,0.006,3,0.033,5,0.075,4,0.057,4,0.034,7,0.027,11,0.022,10,0.013,10,0.012,12,0.017,10,0.017,4,0.007,6,0.01,5,0.008,4,0.006,2,0.003,0,0,4,0.005,2,0.003,0,0,1,0.002,1,0.003,1,0.004,4,0.022
Region 40,Region 60,1,0.006,0,0,0,0,0,0,1,0.009,6,0.023,7,0.014,9,0.011,4,0.005,3,0.004,7,0.012,3,0.005,9,0.015,8,0.013,4,0.006,1,0.001,0,0,2,0.003,3,0.004,4,0.007,2,0.005,3,0.008,2,0.008,0,0
Region 40,Region 61,8,0.048,3,0.033,9,0.135,23,0.328,14,0.119,24,0.093,27,0.055,27,0.034,27,0.032,30,0.042,27,0.046,22,0.038,16,0.026,20,0.033,16,0.026,24,0.035,27,0.039,26,0.033,11,0.015,12,0.022,12,0.028,21,0.057,21,0.08,19,0.105
Region 40,Region 62,2,0.012,1,0.011,1,0.015,0,0,0,0,0,0,2,0.004,2,0.003,1,0.001,2,0.003,0,0,2,0.003,3,0.005,3,0.005,2,0.003,2,0.003,1,0.001,2,0.003,0,0,1,0.002,2,0.005,1,0.003,1,0.004,1,0.006
Region 40,Region 63,3,0.018,1,0.011,0,0,2,0.029,5,0.043,14,0.054,26,0.053,51,0.065,52,0.061,32,0.045,19,0.033,26,0.045,25,0.041,18,0.029,24,0.039,21,0.031,34,0.049,28,0.036,17,0.023,13,0.024,26,0.06,13,0.036,3,0.011,2,0.011
Region 40,Region 64,2,0.012,0,0,2,0.03,2,0.029,1,0.009,8,0.031,15,0.031,13,0.016,9,0.011,11,0.016,14,0.024,11,0.019,10,0.016,11,0.018,8,0.013,13,0.019,13,0.019,17,0.022,9,0.012,6,0.011,4,0.009,5,0.014,3,0.011,2,0.011
Region 40,Region 65,5,0.03,4,0.044,4,0.06,3,0.043,6,0.051,19,0.074,49,0.1,63,0.08,47,0.055,36,0.051,33,0.057,27,0.046,22,0.036,18,0.029,18,0.029,20,0.029,18,0.026,33,0.042,31,0.042,14,0.026,11,0.025,9,0.025,15,0.057,3,0.017
Region 40,Region 66,4,0.024,2,0.022,2,0.03,1,0.014,7,0.06,31,0.12,47,0.096,32,0.041,20,0.023,20,0.028,21,0.036,10,0.017,8,0.013,4,0.007,12,0.019,12,0.017,6,0.009,11,0.014,10,0.014,8,0.015,3,0.007,4,0.011,3,0.011,2,0.011
Region 40,Region 67,0,0,0,0,0,0,0,0,0,0,0,0,1,0.002,2,0.003,1,0.001,2,0.003,1,0.002,0,0,0,0,0,0,2,0.003,3,0.004,2,0.003,2,0.003,2,0.003,1,0.002,2,0.005,1,0.003,0,0,0,0
Region 40,Region 68,0,0,1,0.011,0,0,0,0,2,0.017,6,0.023,4,0.008,4,0.005,2,0.002,4,0.006,5,0.009,4,0.007,2,0.003,3,0.005,3,0.005,3,0.004,3,0.004,0,0,1,0.001,1,0.002,3,0.007,3,0.008,1,0.004,1,0.006
Region 40,Region 69,3,0.018,1,0.011,0,0,2,0.029,7,0.06,10,0.039,31,0.063,41,0.052,24,0.028,25,0.035,9,0.015,6,0.01,5,0.008,5,0.008,5,0.008,2,0.003,3,0.004,3,0.004,2,0.003,0,0,0,0,2,0.005,1,0.004,0,0
Region 40,Region 70,0,0,0,0,0,0,0,0,1,0.009,2,0.008,2,0.004,3,0.004,1,0.001,1,0.001,0,0,0,0,0,0,1,0.002,1,0.002,3,0.004,2,0.003,3,0.004,3,0.004,2,0.004,0,0,2,0.005,0,0,0,0
Region 40,Region 71,1,0.006,0,0,0,0,0,0,0,0,10,0.039,24,0.049,19,0.024,10,0.012,13,0.018,4,0.007,4,0.007,1,0.002,4,0.007,1,0.002,1,0.001,2,0.003,1,0.001,4,0.005,4,0.007,3,0.007,2,0.005,1,0.004,1,0.006
Region 40,Region 72,11,0.066,8,0.088,7,0.105,7,0.1,9,0.077,16,0.062,42,0.086,45,0.057,31,0.036,26,0.037,21,0.036,17,0.029,22,0.036,29,0.047,24,0.039,14,0.02,4,0.006,22,0.028,28,0.038,24,0.044,20,0.046,18,0.049,17,0.065,11,0.061
Region 41,Region 0,1,0.006,0,0,0,0,0,0,0,0,1,0.004,2,0.004,1,0.001,2,0.002,1,0.001,0,0,3,0.005,4,0.007,1,0.002,0,0,1,0.001,0,0,3,0.004,3,0.004,1,0.002,2,0.005,0,0,0,0,0,0
Region 41,Region 1,17,0.102,7,0.077,5,0.075,7,0.1,20,0.17,68,0.264,81,0.165,70,0.089,54,0.063,43,0.061,42,0.072,46,0.079,38,0.062,43,0.07,35,0.056,34,0.05,31,0.045,37,0.048,32,0.044,34,0.063,35,0.081,32,0.088,27,0.103,16,0.088
Region 41,Region 2,1,0.006,3,0.033,1,0.015,1,0.014,1,0.009,9,0.035,16,0.033,14,0.018,5,0.006,3,0.004,7,0.012,7,0.012,5,0.008,3,0.005,7,0.011,3,0.004,3,0.004,8,0.01,8,0.011,3,0.006,2,0.005,3,0.008,3,0.011,0,0
Region 41,Region 3,2,0.012,1,0.011,0,0,1,0.014,1,0.009,2,0.008,4,0.008,7,0.009,10,0.012,6,0.008,2,0.003,6,0.01,5,0.008,3,0.005,6,0.01,6,0.009,3,0.004,5,0.006,5,0.007,3,0.006,3,0.007,5,0.014,3,0.011,4,0.022
Region 41,Region 4,2,0.012,1,0.011,1,0.015,2,0.029,1,0.009,1,0.004,3,0.006,6,0.008,5,0.006,1,0.001,4,0.007,3,0.005,0,0,2,0.003,2,0.003,5,0.007,5,0.007,1,0.001,3,0.004,2,0.004,0,0,3,0.008,1,0.004,2,0.011
Region 41,Region 5,1,0.006,1,0.011,0,0,0,0,1,0.009,1,0.004,1,0.002,5,0.006,10,0.012,10,0.014,12,0.021,4,0.007,4,0.007,5,0.008,2,0.003,8,0.012,5,0.007,6,0.008,4,0.005,3,0.006,4,0.009,8,0.022,1,0.004,1,0.006
Region 41,Region 6,11,0.066,13,0.143,8,0.12,7,0.1,18,0.153,44,0.171,38,0.078,43,0.055,36,0.042,30,0.042,29,0.05,38,0.065,51,0.083,87,0.142,103,0.165,107,0.156,69,0.099,79,0.102,34,0.046,30,0.055,19,0.044,15,0.041,11,0.042,9,0.05
Region 41,Region 7,3,0.018,2,0.022,1,0.015,2,0.029,1,0.009,2,0.008,4,0.008,4,0.005,2,0.002,2,0.003,2,0.003,0,0,4,0.007,10,0.016,4,0.006,3,0.004,2,0.003,4,0.005,4,0.005,5,0.009,1,0.002,1,0.003,1,0.004,4,0.022
Region 41,Region 8,0,0,0,0,0,0,0,0,0,0,0,0,1,0.002,2,0.003,1,0.001,0,0,2,0.003,3,0.005,0,0,0,0,1,0.002,2,0.003,0,0,1,0.001,0,0,0,0,0,0,0,0,0,0,0,0
Region 41,Region 9,12,0.072,6,0.066,6,0.09,4,0.057,10,0.085,7,0.027,22,0.045,24,0.03,32,0.037,19,0.027,23,0.039,19,0.033,23,0.037,20,0.033,29,0.047,23,0.034,33,0.047,22,0.028,15,0.02,15,0.028,12,0.028,13,0.036,16,0.061,12,0.066
Region 41,Region 10,6,0.036,11,0.121,4,0.06,5,0.071,13,0.111,37,0.143,69,0.141,67,0.085,44,0.051,42,0.059,40,0.069,33,0.057,39,0.063,34,0.055,27,0.043,18,0.026,20,0.029,22,0.028,26,0.035,20,0.037,16,0.037,15,0.041,11,0.042,7,0.039
Region 41,Region 11,4,0.024,3,0.033,4,0.06,2,0.029,1,0.009,1,0.004,2,0.004,9,0.011,12,0.014,9,0.013,3,0.005,8,0.014,3,0.005,7,0.011,9,0.014,13,0.019,10,0.014,9,0.012,13,0.018,10,0.018,10,0.023,12,0.033,6,0.023,2,0.011
Region 41,Region 12,2,0.012,1,0.011,2,0.03,1,0.014,0,0,3,0.012,12,0.025,18,0.023,16,0.019,11,0.016,10,0.017,12,0.021,12,0.02,9,0.015,9,0.014,15,0.022,9,0.013,5,0.006,6,0.008,6,0.011,2,0.005,5,0.014,4,0.015,4,0.022
Region 41,Region 13,37,0.222,23,0.253,11,0.165,14,0.2,50,0.426,131,0.508,283,0.578,315,0.4,241,0.282,170,0.241,159,0.273,139,0.238,132,0.215,123,0.2,131,0.21,142,0.207,130,0.187,133,0.171,99,0.135,63,0.116,66,0.152,50,0.137,37,0.14,25,0.138
Region 41,Region 14,1,0.006,0,0,0,0,0,0,0,0,1,0.004,4,0.008,5,0.006,1,0.001,3,0.004,2,0.003,1,0.002,2,0.003,3,0.005,5,0.008,7,0.01,6,0.009,5,0.006,5,0.007,3,0.006,4,0.009,0,0,0,0,2,0.011
Region 41,Region 15,6,0.036,2,0.022,2,0.03,2,0.029,2,0.017,4,0.016,8,0.016,13,0.016,7,0.008,6,0.008,5,0.009,5,0.009,8,0.013,15,0.024,19,0.031,15,0.022,12,0.017,9,0.012,7,0.01,8,0.015,13,0.03,9,0.025,6,0.023,4,0.022
Region 41,Region 16,2,0.012,1,0.011,0,0,0,0,0,0,0,0,0,0,0,0,0,0,1,0.001,3,0.005,1,0.002,0,0,0,0,0,0,1,0.001,2,0.003,1,0.001,1,0.001,0,0,1,0.002,0,0,0,0,0,0
Region 41,Region 17,0,0,0,0,0,0,0,0,0,0,4,0.016,6,0.012,4,0.005,0,0,3,0.004,10,0.017,6,0.01,5,0.008,10,0.016,8,0.013,10,0.015,10,0.014,11,0.014,10,0.014,8,0.015,2,0.005,3,0.008,3,0.011,3,0.017
Region 41,Region 18,2,0.012,1,0.011,0,0,0,0,0,0,1,0.004,4,0.008,8,0.01,12,0.014,4,0.006,2,0.003,2,0.003,2,0.003,2,0.003,7,0.011,2,0.003,4,0.006,6,0.008,3,0.004,7,0.013,5,0.012,2,0.005,1,0.004,1,0.006
Region 41,Region 19,0,0,0,0,0,0,0,0,1,0.009,3,0.012,2,0.004,2,0.003,0,0,3,0.004,1,0.002,0,0,1,0.002,1,0.002,0,0,2,0.003,0,0,0,0,0,0,0,0,1,0.002,1,0.003,2,0.008,0,0
Region 41,Region 20,4,0.024,2,0.022,3,0.045,4,0.057,9,0.077,21,0.081,26,0.053,44,0.056,47,0.055,28,0.04,26,0.045,29,0.05,32,0.052,36,0.059,33,0.053,21,0.031,20,0.029,18,0.023,23,0.031,25,0.046,14,0.032,21,0.057,18,0.068,4,0.022
Region 41,Region 21,0,0,0,0,0,0,0,0,0,0,0,0,1,0.002,2,0.003,2,0.002,0,0,0,0,0,0,0,0,1,0.002,0,0,1,0.001,0,0,0,0,1,0.001,0,0,0,0,1,0.003,0,0,0,0
Region 41,Region 22,0,0,1,0.011,0,0,1,0.014,0,0,0,0,1,0.002,2,0.003,0,0,2,0.003,2,0.003,0,0,2,0.003,5,0.008,1,0.002,1,0.001,1,0.001,1,0.001,0,0,2,0.004,1,0.002,2,0.005,1,0.004,0,0
Region 41,Region 23,18,0.108,10,0.11,5,0.075,5,0.071,12,0.102,35,0.136,84,0.172,94,0.119,77,0.09,89,0.126,77,0.132,61,0.105,53,0.086,51,0.083,57,0.092,82,0.12,79,0.114,88,0.113,62,0.084,42,0.077,30,0.069,18,0.049,19,0.072,28,0.155
Region 41,Region 24,5,0.03,3,0.033,0,0,3,0.043,3,0.026,3,0.012,4,0.008,3,0.004,2,0.002,5,0.007,13,0.022,11,0.019,8,0.013,7,0.011,7,0.011,11,0.016,7,0.01,8,0.01,11,0.015,10,0.018,11,0.025,4,0.011,3,0.011,2,0.011
Region 41,Region 25,3,0.018,0,0,0,0,3,0.043,11,0.094,16,0.062,32,0.065,32,0.041,23,0.027,22,0.031,15,0.026,12,0.021,10,0.016,15,0.024,12,0.019,10,0.015,11,0.016,10,0.013,15,0.02,12,0.022,12,0.028,6,0.016,6,0.023,6,0.033
Region 41,Region 26,1,0.006,1,0.011,1,0.015,1,0.014,3,0.026,5,0.019,7,0.014,8,0.01,6,0.007,3,0.004,7,0.012,3,0.005,5,0.008,6,0.01,5,0.008,4,0.006,3,0.004,6,0.008,7,0.01,12,0.022,9,0.021,4,0.011,4,0.015,2,0.011
Region 41,Region 27,2,0.012,1,0.011,0,0,0,0,0,0,0,0,7,0.014,5,0.006,2,0.002,2,0.003,3,0.005,1,0.002,3,0.005,1,0.002,2,0.003,2,0.003,1,0.001,4,0.005,1,0.001,0,0,1,0.002,2,0.005,1,0.004,1,0.006
Region 41,Region 28,1,0.006,2,0.022,1,0.015,0,0,2,0.017,9,0.035,10,0.02,2,0.003,2,0.002,1,0.001,3,0.005,16,0.027,11,0.018,8,0.013,10,0.016,8,0.012,6,0.009,7,0.009,7,0.01,5,0.009,11,0.025,5,0.014,2,0.008,1,0.006
Region 41,Region 29,10,0.06,8,0.088,6,0.09,7,0.1,4,0.034,19,0.074,27,0.055,43,0.055,57,0.067,44,0.062,33,0.057,24,0.041,33,0.054,22,0.036,27,0.043,39,0.057,28,0.04,24,0.031,18,0.024,14,0.026,16,0.037,13,0.036,13,0.049,13,0.072
Region 41,Region 30,3,0.018,0,0,0,0,2,0.029,8,0.068,28,0.109,37,0.076,56,0.071,41,0.048,32,0.045,18,0.031,13,0.022,21,0.034,14,0.023,12,0.019,23,0.034,18,0.026,15,0.019,16,0.022,19,0.035,15,0.035,12,0.033,12,0.046,6,0.033
Region 41,Region 31,1,0.006,0,0,1,0.015,2,0.029,8,0.068,23,0.089,32,0.065,25,0.032,12,0.014,15,0.021,23,0.039,31,0.053,23,0.037,20,0.033,25,0.04,17,0.025,8,0.012,25,0.032,21,0.029,20,0.037,16,0.037,7,0.019,10,0.038,3,0.017
Region 41,Region 32,0,0,1,0.011,0,0,0,0,0,0,0,0,1,0.002,1,0.001,3,0.004,2,0.003,2,0.003,1,0.002,2,0.003,2,0.003,1,0.002,2,0.003,4,0.006,5,0.006,2,0.003,2,0.004,5,0.012,3,0.008,0,0,0,0
Region 41,Region 33,175,1.051,114,1.253,82,1.227,98,1.397,157,1.337,297,1.152,416,0.85,332,0.421,248,0.29,298,0.422,328,0.562,372,0.638,409,0.666,437,0.712,333,0.535,254,0.37,196,0.282,279,0.359,361,0.491,316,0.582,281,0.647,268,0.734,193,0.733,160,0.885
Region 41,Region 34,23,0.138,17,0.187,17,0.254,17,0.242,46,0.392,120,0.465,215,0.439,161,0.204,123,0.144,98,0.139,87,0.149,86,0.147,104,0.169,87,0.142,69,0.111,87,0.127,57,0.082,75,0.096,64,0.087,55,0.101,53,0.122,54,0.148,35,0.133,22,0.122
Region 41,Region 35,9,0.054,2,0.022,2,0.03,1,0.014,3,0.026,13,0.05,20,0.041,16,0.02,13,0.015,27,0.038,12,0.021,16,0.027,10,0.016,15,0.024,10,0.016,10,0.015,14,0.02,16,0.021,20,0.027,15,0.028,11,0.025,10,0.027,7,0.027,8,0.044
Region 41,Region 36,0,0,2,0.022,0,0,0,0,2,0.017,6,0.023,8,0.016,0,0,4,0.005,5,0.007,2,0.003,2,0.003,3,0.005,2,0.003,1,0.002,0,0,2,0.003,1,0.001,1,0.001,1,0.002,0,0,0,0,0,0,0,0
Region 41,Region 37,1,0.006,1,0.011,0,0,0,0,1,0.009,3,0.012,9,0.018,5,0.006,7,0.008,9,0.013,3,0.005,11,0.019,6,0.01,7,0.011,7,0.011,7,0.01,7,0.01,14,0.018,18,0.024,15,0.028,5,0.012,6,0.016,2,0.008,2,0.011
Region 41,Region 38,3,0.018,2,0.022,1,0.015,0,0,0,0,2,0.008,7,0.014,18,0.023,19,0.022,14,0.02,11,0.019,14,0.024,8,0.013,9,0.015,9,0.014,15,0.022,15,0.022,12,0.015,16,0.022,9,0.017,5,0.012,5,0.014,3,0.011,1,0.006
Region 41,Region 39,0,0,1,0.011,1,0.015,0,0,0,0,1,0.004,4,0.008,3,0.004,2,0.002,4,0.006,6,0.01,2,0.003,2,0.003,1,0.002,0,0,5,0.007,5,0.007,7,0.009,2,0.003,3,0.006,1,0.002,1,0.003,0,0,0,0
Region 41,Region 40,4,0.024,0,0,2,0.03,2,0.029,2,0.017,1,0.004,1,0.002,4,0.005,5,0.006,3,0.004,4,0.007,6,0.01,9,0.015,6,0.01,11,0.018,14,0.02,6,0.009,8,0.01,4,0.005,6,0.011,5,0.012,4,0.011,6,0.023,6,0.033
Region 41,Region 41,54,0.324,35,0.385,29,0.434,31,0.442,39,0.332,83,0.322,135,0.276,192,0.244,165,0.193,145,0.205,121,0.207,158,0.271,174,0.283,161,0.262,141,0.227,168,0.245,183,0.263,184,0.237,136,0.185,129,0.238,118,0.272,96,0.263,67,0.254,57,0.315
Region 41,Region 42,3,0.018,1,0.011,1,0.015,0,0,0,0,6,0.023,11,0.022,5,0.006,5,0.006,6,0.008,6,0.01,3,0.005,3,0.005,5,0.008,4,0.006,7,0.01,4,0.006,3,0.004,3,0.004,3,0.006,6,0.014,9,0.025,4,0.015,3,0.017
Region 41,Region 43,5,0.03,2,0.022,0,0,2,0.029,2,0.017,0,0,12,0.025,20,0.025,11,0.013,11,0.016,10,0.017,9,0.015,8,0.013,9,0.015,5,0.008,7,0.01,11,0.016,10,0.013,10,0.014,7,0.013,4,0.009,5,0.014,5,0.019,3,0.017
Region 41,Region 44,0,0,0,0,2,0.03,0,0,1,0.009,0,0,1,0.002,2,0.003,1,0.001,2,0.003,2,0.003,3,0.005,4,0.007,5,0.008,6,0.01,3,0.004,3,0.004,4,0.005,3,0.004,3,0.006,3,0.007,1,0.003,3,0.011,1,0.006
Region 41,Region 45,3,0.018,1,0.011,1,0.015,2,0.029,4,0.034,7,0.027,25,0.051,21,0.027,12,0.014,16,0.023,17,0.029,14,0.024,21,0.034,15,0.024,16,0.026,16,0.023,16,0.023,27,0.035,27,0.037,24,0.044,19,0.044,13,0.036,11,0.042,7,0.039
Region 41,Region 46,22,0.132,14,0.154,8,0.12,8,0.114,22,0.187,39,0.151,68,0.139,98,0.124,91,0.106,68,0.096,61,0.105,63,0.108,86,0.14,80,0.13,86,0.138,77,0.112,66,0.095,77,0.099,65,0.088,58,0.107,49,0.113,48,0.131,34,0.129,27,0.149
Region 41,Region 47,24,0.144,9,0.099,9,0.135,5,0.071,11,0.094,27,0.105,57,0.116,86,0.109,72,0.084,45,0.064,31,0.053,37,0.063,47,0.076,52,0.085,52,0.084,49,0.071,43,0.062,33,0.042,35,0.048,24,0.044,31,0.071,24,0.066,29,0.11,16,0.088
Region 41,Region 48,3,0.018,1,0.011,2,0.03,0,0,1,0.009,4,0.016,9,0.018,7,0.009,11,0.013,3,0.004,3,0.005,5,0.009,2,0.003,5,0.008,12,0.019,4,0.006,3,0.004,6,0.008,6,0.008,7,0.013,5,0.012,5,0.014,6,0.023,3,0.017
Region 41,Region 49,1,0.006,0,0,0,0,0,0,1,0.009,2,0.008,3,0.006,7,0.009,2,0.002,1,0.001,5,0.009,3,0.005,6,0.01,4,0.007,2,0.003,2,0.003,2,0.003,4,0.005,4,0.005,2,0.004,6,0.014,2,0.005,2,0.008,1,0.006
Region 41,Region 50,1,0.006,0,0,2,0.03,3,0.043,2,0.017,7,0.027,11,0.022,8,0.01,4,0.005,6,0.008,5,0.009,2,0.003,5,0.008,4,0.007,4,0.006,4,0.006,5,0.007,4,0.005,1,0.001,1,0.002,2,0.005,2,0.005,1,0.004,1,0.006
Region 41,Region 51,37,0.222,18,0.198,12,0.18,13,0.185,58,0.494,204,0.791,361,0.737,221,0.28,139,0.162,134,0.19,119,0.204,136,0.233,154,0.251,158,0.257,127,0.204,82,0.12,65,0.094,99,0.127,108,0.147,97,0.179,80,0.184,68,0.186,56,0.213,30,0.166
Region 41,Region 52,0,0,0,0,0,0,0,0,1,0.009,0,0,0,0,1,0.001,1,0.001,0,0,1,0.002,0,0,2,0.003,3,0.005,1,0.002,0,0,0,0,1,0.001,1,0.001,1,0.002,1,0.002,3,0.008,1,0.004,0,0
Region 41,Region 53,0,0,1,0.011,2,0.03,0,0,2,0.017,2,0.008,2,0.004,3,0.004,3,0.004,9,0.013,5,0.009,2,0.003,4,0.007,6,0.01,7,0.011,2,0.003,5,0.007,5,0.006,3,0.004,0,0,0,0,0,0,0,0,1,0.006
Region 41,Region 54,9,0.054,3,0.033,2,0.03,3,0.043,7,0.06,17,0.066,29,0.059,25,0.032,12,0.014,25,0.035,21,0.036,23,0.039,17,0.028,20,0.033,9,0.014,13,0.019,9,0.013,9,0.012,11,0.015,14,0.026,10,0.023,9,0.025,9,0.034,7,0.039
Region 41,Region 55,5,0.03,3,0.033,5,0.075,4,0.057,11,0.094,29,0.112,56,0.114,87,0.11,83,0.097,74,0.105,37,0.063,31,0.053,41,0.067,30,0.049,29,0.047,38,0.055,41,0.059,40,0.051,24,0.033,20,0.037,19,0.044,16,0.044,12,0.046,8,0.044
Region 41,Region 56,2,0.012,1,0.011,4,0.06,1,0.014,3,0.026,5,0.019,10,0.02,17,0.022,7,0.008,11,0.016,9,0.015,11,0.019,5,0.008,7,0.011,6,0.01,7,0.01,5,0.007,5,0.006,6,0.008,7,0.013,4,0.009,3,0.008,2,0.008,2,0.011
Region 41,Region 57,0,0,0,0,0,0,0,0,1,0.009,2,0.008,2,0.004,0,0,1,0.001,0,0,0,0,0,0,2,0.003,1,0.002,0,0,0,0,0,0,1,0.001,2,0.003,1,0.002,0,0,0,0,0,0,0,0
Region 41,Region 58,54,0.324,33,0.363,46,0.688,59,0.841,84,0.715,145,0.562,133,0.272,45,0.057,60,0.07,101,0.143,122,0.209,121,0.207,139,0.226,168,0.274,155,0.249,129,0.188,92,0.132,120,0.154,121,0.165,96,0.177,86,0.198,88,0.241,79,0.3,54,0.299
Region 41,Region 59,3,0.018,2,0.022,4,0.06,1,0.014,3,0.026,18,0.07,20,0.041,12,0.015,6,0.007,4,0.006,0,0,3,0.005,3,0.005,2,0.003,3,0.005,1,0.001,1,0.001,4,0.005,3,0.004,2,0.004,2,0.005,3,0.008,3,0.011,0,0
Region 41,Region 60,0,0,0,0,0,0,2,0.029,2,0.017,7,0.027,8,0.016,3,0.004,3,0.004,5,0.007,4,0.007,3,0.005,6,0.01,4,0.007,5,0.008,4,0.006,4,0.006,5,0.006,3,0.004,3,0.006,2,0.005,5,0.014,0,0,1,0.006
Region 41,Region 61,5,0.03,2,0.022,6,0.09,9,0.128,8,0.068,16,0.062,19,0.039,11,0.014,6,0.007,13,0.018,10,0.017,11,0.019,17,0.028,14,0.023,18,0.029,16,0.023,18,0.026,18,0.023,9,0.012,11,0.02,7,0.016,13,0.036,13,0.049,5,0.028
Region 41,Region 62,0,0,0,0,0,0,0,0,1,0.009,2,0.008,4,0.008,8,0.01,7,0.008,9,0.013,8,0.014,7,0.012,8,0.013,5,0.008,1,0.002,6,0.009,10,0.014,4,0.005,7,0.01,1,0.002,1,0.002,0,0,1,0.004,0,0
Region 41,Region 63,1,0.006,1,0.011,0,0,0,0,0,0,0,0,0,0,3,0.004,0,0,1,0.001,1,0.002,0,0,0,0,0,0,0,0,1,0.001,3,0.004,2,0.003,1,0.001,0,0,0,0,0,0,1,0.004,1,0.006
Region 41,Region 64,1,0.006,0,0,0,0,0,0,0,0,2,0.008,3,0.006,5,0.006,4,0.005,5,0.007,5,0.009,3,0.005,1,0.002,7,0.011,9,0.014,7,0.01,6,0.009,8,0.01,1,0.001,6,0.011,4,0.009,4,0.011,3,0.011,1,0.006
Region 41,Region 65,4,0.024,3,0.033,5,0.075,8,0.114,7,0.06,25,0.097,25,0.051,37,0.047,27,0.032,25,0.035,23,0.039,18,0.031,19,0.031,14,0.023,6,0.01,6,0.009,8,0.012,12,0.015,17,0.023,9,0.017,7,0.016,8,0.022,7,0.027,7,0.039
Region 41,Region 66,5,0.03,1,0.011,1,0.015,5,0.071,15,0.128,44,0.171,27,0.055,29,0.037,22,0.026,10,0.014,7,0.012,7,0.012,4,0.007,4,0.007,5,0.008,4,0.006,2,0.003,7,0.009,12,0.016,5,0.009,7,0.016,11,0.03,12,0.046,4,0.022
Region 41,Region 67,0,0,0,0,0,0,1,0.014,0,0,2,0.008,3,0.006,2,0.003,2,0.002,2,0.003,1,0.002,1,0.002,1,0.002,0,0,1,0.002,3,0.004,7,0.01,2,0.003,0,0,1,0.002,1,0.002,1,0.003,1,0.004,0,0
Region 41,Region 68,3,0.018,1,0.011,0,0,0,0,1,0.009,4,0.016,11,0.022,12,0.015,9,0.011,7,0.01,5,0.009,9,0.015,10,0.016,12,0.02,13,0.021,8,0.012,3,0.004,2,0.003,5,0.007,3,0.006,3,0.007,3,0.008,2,0.008,3,0.017
Region 41,Region 69,1,0.006,0,0,0,0,2,0.029,7,0.06,14,0.054,19,0.039,8,0.01,4,0.005,6,0.008,8,0.014,7,0.012,7,0.011,2,0.003,3,0.005,8,0.012,1,0.001,5,0.006,6,0.008,3,0.006,1,0.002,5,0.014,5,0.019,2,0.011
Region 41,Region 70,0,0,0,0,0,0,0,0,1,0.009,3,0.012,3,0.006,2,0.003,1,0.001,1,0.001,0,0,0,0,0,0,1,0.002,1,0.002,1,0.001,2,0.003,3,0.004,0,0,0,0,0,0,0,0,0,0,0,0
Region 41,Region 71,2,0.012,0,0,0,0,0,0,4,0.034,15,0.058,22,0.045,18,0.023,10,0.012,4,0.006,4,0.007,5,0.009,6,0.01,7,0.011,3,0.005,4,0.006,1,0.001,2,0.003,0,0,0,0,1,0.002,2,0.005,1,0.004,1,0.006
Region 41,Region 72,69,0.414,28,0.308,23,0.344,28,0.399,60,0.511,224,0.869,301,0.615,175,0.222,123,0.144,122,0.173,129,0.221,145,0.249,159,0.259,166,0.27,152,0.244,110,0.16,70,0.101,122,0.157,136,0.185,147,0.271,148,0.341,131,0.359,70,0.266,62,0.343
Region 42,Region 0,0,0,0,0,0,0,0,0,0,0,0,0,0,0,0,0,0,0,0,0,0,0,0,0,0,0,0,0,0,0,0,0,0,0,0,0,1,0.001,0,0,0,0,0,0,0,0,0,0
Region 42,Region 1,1,0.006,0,0,0,0,0,0,0,0,0,0,3,0.006,10,0.013,15,0.018,12,0.017,8,0.014,6,0.01,3,0.005,2,0.003,2,0.003,2,0.003,5,0.007,5,0.006,9,0.012,7,0.013,6,0.014,5,0.014,5,0.019,3,0.017
Region 42,Region 2,0,0,0,0,0,0,0,0,0,0,0,0,0,0,0,0,1,0.001,0,0,0,0,0,0,0,0,0,0,0,0,0,0,0,0,0,0,0,0,1,0.002,0,0,0,0,0,0,0,0
Region 42,Region 3,0,0,0,0,0,0,0,0,0,0,0,0,0,0,0,0,0,0,0,0,0,0,1,0.002,0,0,0,0,0,0,0,0,0,0,0,0,0,0,0,0,0,0,0,0,0,0,0,0
Region 42,Region 4,0,0,0,0,0,0,0,0,0,0,0,0,0,0,0,0,0,0,0,0,0,0,0,0,0,0,0,0,0,0,0,0,0,0,0,0,0,0,0,0,0,0,0,0,0,0,0,0
Region 42,Region 5,0,0,0,0,0,0,0,0,0,0,0,0,0,0,0,0,0,0,0,0,0,0,0,0,0,0,0,0,1,0.002,1,0.001,0,0,0,0,0,0,0,0,0,0,0,0,0,0,0,0
Region 42,Region 6,0,0,0,0,0,0,0,0,0,0,0,0,0,0,1,0.001,2,0.002,0,0,0,0,1,0.002,2,0.003,0,0,1,0.002,1,0.001,0,0,1,0.001,1,0.001,0,0,1,0.002,0,0,0,0,0,0
Region 42,Region 7,0,0,0,0,0,0,0,0,0,0,0,0,0,0,0,0,0,0,0,0,0,0,0,0,0,0,0,0,0,0,0,0,0,0,0,0,0,0,0,0,0,0,0,0,0,0,0,0
Region 42,Region 8,1,0.006,0,0,0,0,0,0,1,0.009,2,0.008,3,0.006,25,0.032,20,0.023,14,0.02,11,0.019,14,0.024,12,0.02,16,0.026,13,0.021,10,0.015,20,0.029,29,0.037,15,0.02,17,0.031,7,0.016,8,0.022,5,0.019,1,0.006
Region 42,Region 9,0,0,0,0,0,0,0,0,0,0,0,0,0,0,1,0.001,0,0,0,0,0,0,0,0,0,0,1,0.002,0,0,0,0,1,0.001,0,0,0,0,0,0,0,0,0,0,0,0,0,0
Region 42,Region 10,1,0.006,0,0,0,0,0,0,2,0.017,5,0.019,13,0.027,24,0.03,30,0.035,17,0.024,12,0.021,10,0.017,18,0.029,13,0.021,11,0.018,13,0.019,14,0.02,16,0.021,8,0.011,18,0.033,8,0.018,1,0.003,4,0.015,2,0.011
Region 42,Region 11,0,0,0,0,0,0,0,0,0,0,0,0,1,0.002,0,0,0,0,0,0,0,0,0,0,0,0,0,0,0,0,1,0.001,0,0,0,0,0,0,0,0,0,0,0,0,0,0,0,0
Region 42,Region 12,0,0,0,0,0,0,0,0,0,0,0,0,0,0,0,0,0,0,0,0,0,0,0,0,0,0,0,0,0,0,0,0,0,0,0,0,0,0,0,0,0,0,1,0.003,0,0,0,0
Region 42,Region 13,1,0.006,0,0,0,0,0,0,0,0,0,0,2,0.004,13,0.016,13,0.015,8,0.011,4,0.007,4,0.007,1,0.002,2,0.003,1,0.002,1,0.001,1,0.001,1,0.001,1,0.001,1,0.002,1,0.002,1,0.003,1,0.004,0,0
Region 42,Region 14,0,0,0,0,0,0,0,0,0,0,0,0,1,0.002,17,0.022,7,0.008,3,0.004,2,0.003,4,0.007,4,0.007,2,0.003,3,0.005,5,0.007,10,0.014,9,0.012,7,0.01,6,0.011,2,0.005,1,0.003,0,0,0,0
Region 42,Region 15,0,0,0,0,0,0,0,0,0,0,0,0,0,0,1,0.001,3,0.004,0,0,0,0,0,0,0,0,0,0,0,0,1,0.001,2,0.003,0,0,0,0,0,0,1,0.002,0,0,0,0,1,0.006
Region 42,Region 16,0,0,0,0,0,0,0,0,0,0,0,0,0,0,0,0,0,0,0,0,0,0,0,0,0,0,0,0,0,0,0,0,0,0,0,0,0,0,0,0,0,0,0,0,0,0,0,0
Region 42,Region 17,0,0,0,0,0,0,0,0,0,0,0,0,0,0,0,0,1,0.001,0,0,0,0,0,0,0,0,1,0.002,2,0.003,1,0.001,0,0,2,0.003,1,0.001,1,0.002,0,0,0,0,0,0,0,0
Region 42,Region 18,0,0,0,0,0,0,0,0,0,0,0,0,0,0,0,0,0,0,0,0,0,0,0,0,0,0,0,0,0,0,0,0,0,0,0,0,0,0,0,0,0,0,0,0,0,0,0,0
Region 42,Region 19,0,0,0,0,0,0,0,0,0,0,0,0,0,0,0,0,0,0,0,0,0,0,0,0,0,0,1,0.002,0,0,0,0,0,0,0,0,0,0,0,0,0,0,1,0.003,0,0,0,0
Region 42,Region 20,8,0.048,0,0,2,0.03,0,0,1,0.009,17,0.066,30,0.061,92,0.117,193,0.225,101,0.143,58,0.099,56,0.096,55,0.09,83,0.135,73,0.117,89,0.13,110,0.158,100,0.129,111,0.151,73,0.134,68,0.157,40,0.109,17,0.065,13,0.072
Region 42,Region 21,0,0,0,0,0,0,0,0,0,0,0,0,0,0,0,0,0,0,0,0,0,0,0,0,0,0,0,0,0,0,0,0,0,0,0,0,0,0,0,0,0,0,0,0,0,0,0,0
Region 42,Region 22,0,0,0,0,0,0,0,0,0,0,0,0,0,0,0,0,0,0,0,0,0,0,0,0,0,0,0,0,0,0,0,0,1,0.001,0,0,0,0,0,0,0,0,0,0,0,0,0,0
Region 42,Region 23,0,0,0,0,0,0,0,0,0,0,0,0,1,0.002,1,0.001,0,0,0,0,0,0,0,0,0,0,0,0,0,0,1,0.001,1,0.001,0,0,0,0,1,0.002,0,0,0,0,1,0.004,1,0.006
Region 42,Region 24,1,0.006,1,0.011,1,0.015,0,0,0,0,0,0,1,0.002,1,0.001,0,0,1,0.001,0,0,1,0.002,0,0,1,0.002,0,0,0,0,0,0,0,0,0,0,0,0,1,0.002,2,0.005,1,0.004,1,0.006
Region 42,Region 25,13,0.078,9,0.099,3,0.045,4,0.057,4,0.034,16,0.062,32,0.065,84,0.107,194,0.227,115,0.163,91,0.156,102,0.175,119,0.194,105,0.171,85,0.137,87,0.127,119,0.171,141,0.181,131,0.178,69,0.127,51,0.117,55,0.151,25,0.095,20,0.111
Region 42,Region 26,0,0,0,0,0,0,0,0,0,0,0,0,0,0,4,0.005,7,0.008,1,0.001,2,0.003,5,0.009,0,0,4,0.007,0,0,2,0.003,5,0.007,2,0.003,3,0.004,3,0.006,1,0.002,1,0.003,1,0.004,0,0
Region 42,Region 27,0,0,0,0,0,0,0,0,0,0,0,0,0,0,0,0,0,0,0,0,0,0,0,0,0,0,0,0,0,0,0,0,0,0,0,0,0,0,0,0,0,0,0,0,0,0,0,0
Region 42,Region 28,0,0,0,0,0,0,0,0,0,0,0,0,0,0,0,0,0,0,0,0,0,0,1,0.002,1,0.002,0,0,1,0.002,0,0,0,0,0,0,0,0,1,0.002,0,0,0,0,0,0,1,0.006
Region 42,Region 29,0,0,0,0,0,0,0,0,0,0,0,0,0,0,0,0,1,0.001,2,0.003,1,0.002,1,0.002,1,0.002,4,0.007,0,0,0,0,0,0,1,0.001,1,0.001,0,0,2,0.005,0,0,0,0,0,0
Region 42,Region 30,0,0,0,0,0,0,0,0,0,0,0,0,2,0.004,10,0.013,30,0.035,11,0.016,5,0.009,5,0.009,5,0.008,6,0.01,6,0.01,4,0.006,9,0.013,10,0.013,2,0.003,4,0.007,3,0.007,3,0.008,0,0,0,0
Region 42,Region 31,1,0.006,0,0,0,0,0,0,0,0,0,0,2,0.004,2,0.003,3,0.004,2,0.003,2,0.003,4,0.007,5,0.008,0,0,6,0.01,2,0.003,4,0.006,1,0.001,7,0.01,4,0.007,5,0.012,1,0.003,1,0.004,1,0.006
Region 42,Region 32,0,0,0,0,0,0,0,0,0,0,0,0,0,0,0,0,0,0,0,0,0,0,0,0,0,0,0,0,0,0,0,0,0,0,0,0,0,0,0,0,0,0,0,0,0,0,0,0
Region 42,Region 33,2,0.012,1,0.011,1,0.015,0,0,0,0,0,0,4,0.008,13,0.016,12,0.014,3,0.004,4,0.007,8,0.014,5,0.008,5,0.008,7,0.011,3,0.004,4,0.006,4,0.005,5,0.007,1,0.002,0,0,2,0.005,2,0.008,0,0
Region 42,Region 34,1,0.006,1,0.011,0,0,1,0.014,0,0,0,0,8,0.016,13,0.016,14,0.016,6,0.008,6,0.01,5,0.009,5,0.008,2,0.003,5,0.008,1,0.001,0,0,2,0.003,8,0.011,3,0.006,2,0.005,5,0.014,1,0.004,1,0.006
Region 42,Region 35,5,0.03,2,0.022,0,0,0,0,1,0.009,1,0.004,3,0.006,40,0.051,23,0.027,19,0.027,13,0.022,22,0.038,26,0.042,20,0.033,19,0.031,34,0.05,34,0.049,49,0.063,34,0.046,32,0.059,19,0.044,19,0.052,6,0.023,7,0.039
Region 42,Region 36,0,0,0,0,0,0,0,0,0,0,0,0,0,0,1,0.001,2,0.002,0,0,0,0,1,0.002,1,0.002,0,0,0,0,0,0,0,0,1,0.001,1,0.001,0,0,0,0,0,0,0,0,0,0
Region 42,Region 37,0,0,0,0,0,0,0,0,0,0,0,0,1,0.002,0,0,1,0.001,1,0.001,0,0,0,0,0,0,1,0.002,1,0.002,0,0,0,0,0,0,0,0,0,0,2,0.005,0,0,0,0,0,0
Region 42,Region 38,0,0,0,0,0,0,0,0,0,0,0,0,0,0,0,0,0,0,0,0,0,0,1,0.002,1,0.002,0,0,1,0.002,0,0,0,0,0,0,0,0,0,0,0,0,0,0,0,0,0,0
Region 42,Region 39,0,0,0,0,1,0.015,0,0,0,0,0,0,0,0,1,0.001,0,0,0,0,0,0,0,0,0,0,0,0,0,0,0,0,0,0,0,0,0,0,0,0,0,0,0,0,0,0,0,0
Region 42,Region 40,0,0,0,0,0,0,0,0,0,0,0,0,3,0.006,0,0,0,0,0,0,1,0.002,1,0.002,0,0,0,0,0,0,1,0.001,1,0.001,1,0.001,1,0.001,0,0,1,0.002,0,0,1,0.004,1,0.006
Region 42,Region 41,3,0.018,2,0.022,0,0,2,0.029,3,0.026,1,0.004,4,0.008,12,0.015,4,0.005,0,0,4,0.007,4,0.007,3,0.005,2,0.003,4,0.006,2,0.003,3,0.004,1,0.001,3,0.004,3,0.006,2,0.005,0,0,3,0.011,0,0
Region 42,Region 42,34,0.204,13,0.143,9,0.135,10,0.143,13,0.111,30,0.116,121,0.247,372,0.472,444,0.519,350,0.495,285,0.489,357,0.612,460,0.749,426,0.694,376,0.604,395,0.576,453,0.652,569,0.732,532,0.724,399,0.735,274,0.631,157,0.43,78,0.296,49,0.271
Region 42,Region 43,0,0,0,0,0,0,0,0,0,0,0,0,0,0,0,0,0,0,0,0,0,0,1,0.002,0,0,2,0.003,0,0,0,0,0,0,0,0,0,0,1,0.002,1,0.002,0,0,0,0,0,0
Region 42,Region 44,0,0,0,0,0,0,0,0,0,0,0,0,0,0,0,0,0,0,0,0,0,0,0,0,0,0,0,0,0,0,1,0.001,2,0.003,0,0,0,0,0,0,0,0,0,0,0,0,0,0
Region 42,Region 45,2,0.012,1,0.011,0,0,0,0,0,0,0,0,0,0,2,0.003,1,0.001,1,0.001,3,0.005,1,0.002,0,0,0,0,0,0,1,0.001,0,0,3,0.004,3,0.004,2,0.004,2,0.005,0,0,2,0.008,1,0.006
Region 42,Region 46,1,0.006,0,0,0,0,1,0.014,2,0.017,12,0.047,14,0.029,23,0.029,10,0.012,6,0.008,7,0.012,7,0.012,10,0.016,10,0.016,5,0.008,7,0.01,3,0.004,10,0.013,5,0.007,4,0.007,8,0.018,5,0.014,3,0.011,2,0.011
Region 42,Region 47,0,0,0,0,0,0,0,0,0,0,1,0.004,0,0,0,0,1,0.001,0,0,0,0,0,0,0,0,0,0,0,0,1,0.001,0,0,0,0,0,0,0,0,0,0,0,0,0,0,0,0
Region 42,Region 48,0,0,0,0,0,0,0,0,0,0,0,0,0,0,0,0,0,0,0,0,0,0,0,0,0,0,0,0,0,0,0,0,0,0,0,0,1,0.001,1,0.002,0,0,0,0,0,0,0,0
Region 42,Region 49,0,0,0,0,0,0,0,0,0,0,0,0,1,0.002,0,0,0,0,0,0,0,0,1,0.002,0,0,0,0,0,0,0,0,0,0,0,0,0,0,0,0,0,0,0,0,0,0,0,0
Region 42,Region 50,0,0,0,0,0,0,0,0,0,0,0,0,1,0.002,1,0.001,1,0.001,1,0.001,3,0.005,2,0.003,0,0,0,0,0,0,2,0.003,4,0.006,4,0.005,4,0.005,2,0.004,1,0.002,0,0,0,0,0,0
Region 42,Region 51,14,0.084,7,0.077,7,0.105,6,0.086,5,0.043,15,0.058,31,0.063,109,0.138,144,0.168,148,0.209,84,0.144,91,0.156,102,0.166,111,0.181,114,0.183,102,0.149,144,0.207,173,0.222,135,0.184,92,0.169,77,0.177,77,0.211,40,0.152,21,0.116
Region 42,Region 52,0,0,0,0,0,0,0,0,0,0,1,0.004,2,0.004,2,0.003,1,0.001,0,0,1,0.002,0,0,3,0.005,0,0,3,0.005,2,0.003,2,0.003,2,0.003,4,0.005,1,0.002,3,0.007,3,0.008,0,0,1,0.006
Region 42,Region 53,0,0,0,0,0,0,0,0,0,0,0,0,0,0,0,0,0,0,0,0,0,0,0,0,0,0,0,0,0,0,0,0,0,0,0,0,0,0,0,0,0,0,0,0,0,0,0,0
Region 42,Region 54,1,0.006,1,0.011,0,0,0,0,1,0.009,0,0,0,0,4,0.005,3,0.004,1,0.001,3,0.005,0,0,1,0.002,2,0.003,1,0.002,2,0.003,2,0.003,4,0.005,2,0.003,1,0.002,1,0.002,3,0.008,0,0,0,0
Region 42,Region 55,0,0,0,0,0,0,0,0,0,0,0,0,0,0,0,0,0,0,0,0,0,0,1,0.002,0,0,3,0.005,0,0,0,0,0,0,0,0,1,0.001,0,0,0,0,0,0,0,0,0,0
Region 42,Region 56,0,0,0,0,0,0,0,0,0,0,0,0,0,0,0,0,0,0,0,0,0,0,0,0,0,0,0,0,2,0.003,0,0,0,0,0,0,0,0,0,0,0,0,0,0,0,0,0,0
Region 42,Region 57,0,0,0,0,0,0,0,0,0,0,0,0,1,0.002,0,0,0,0,1,0.001,0,0,0,0,1,0.002,0,0,1,0.002,1,0.001,1,0.001,1,0.001,0,0,0,0,1,0.002,0,0,0,0,0,0
Region 42,Region 58,0,0,0,0,0,0,1,0.014,0,0,1,0.004,2,0.004,0,0,3,0.004,0,0,0,0,0,0,1,0.002,2,0.003,2,0.003,1,0.001,0,0,0,0,1,0.001,1,0.002,2,0.005,1,0.003,0,0,0,0
Region 42,Region 59,0,0,0,0,0,0,0,0,0,0,0,0,0,0,0,0,0,0,1,0.001,1,0.002,1,0.002,0,0,0,0,0,0,0,0,1,0.001,0,0,1,0.001,0,0,1,0.002,0,0,0,0,0,0
Region 42,Region 60,0,0,1,0.011,0,0,1,0.014,1,0.009,1,0.004,9,0.018,23,0.029,14,0.016,9,0.013,10,0.017,16,0.027,10,0.016,10,0.016,13,0.021,18,0.026,19,0.027,17,0.022,20,0.027,14,0.026,10,0.023,9,0.025,5,0.019,0,0
Region 42,Region 61,0,0,0,0,0,0,0,0,0,0,0,0,0,0,0,0,0,0,0,0,0,0,0,0,0,0,1,0.002,0,0,0,0,0,0,2,0.003,0,0,0,0,0,0,2,0.005,0,0,0,0
Region 42,Region 62,0,0,0,0,0,0,0,0,0,0,0,0,0,0,0,0,0,0,0,0,0,0,0,0,0,0,0,0,0,0,0,0,0,0,0,0,0,0,0,0,0,0,0,0,0,0,0,0
Region 42,Region 63,0,0,0,0,0,0,0,0,0,0,1,0.004,0,0,1,0.001,0,0,0,0,0,0,0,0,0,0,0,0,1,0.002,0,0,0,0,0,0,0,0,0,0,0,0,0,0,1,0.004,0,0
Region 42,Region 64,0,0,0,0,0,0,0,0,0,0,0,0,0,0,0,0,0,0,0,0,0,0,0,0,1,0.002,0,0,0,0,0,0,0,0,0,0,0,0,0,0,0,0,0,0,0,0,0,0
Region 42,Region 65,0,0,1,0.011,0,0,0,0,0,0,1,0.004,0,0,2,0.003,2,0.002,1,0.001,1,0.002,1,0.002,1,0.002,4,0.007,0,0,0,0,0,0,1,0.001,2,0.003,0,0,1,0.002,0,0,0,0,0,0
Region 42,Region 66,0,0,0,0,0,0,0,0,0,0,0,0,1,0.002,4,0.005,2,0.002,0,0,3,0.005,0,0,0,0,0,0,0,0,1,0.001,1,0.001,0,0,1,0.001,0,0,0,0,0,0,2,0.008,0,0
Region 42,Region 67,0,0,0,0,0,0,0,0,0,0,0,0,0,0,0,0,0,0,0,0,0,0,0,0,0,0,0,0,0,0,0,0,0,0,0,0,0,0,0,0,0,0,0,0,0,0,0,0
Region 42,Region 68,0,0,0,0,0,0,0,0,0,0,0,0,0,0,10,0.013,3,0.004,0,0,0,0,1,0.002,1,0.002,3,0.005,2,0.003,2,0.003,3,0.004,6,0.008,2,0.003,1,0.002,3,0.007,0,0,1,0.004,0,0
Region 42,Region 69,0,0,1,0.011,0,0,0,0,0,0,1,0.004,2,0.004,3,0.004,4,0.005,2,0.003,2,0.003,2,0.003,2,0.003,1,0.002,2,0.003,6,0.009,1,0.001,2,0.003,3,0.004,1,0.002,1,0.002,2,0.005,0,0,0,0
Region 42,Region 70,1,0.006,0,0,1,0.015,0,0,0,0,1,0.004,3,0.006,17,0.022,8,0.009,5,0.007,5,0.009,6,0.01,2,0.003,4,0.007,3,0.005,5,0.007,9,0.013,9,0.012,5,0.007,5,0.009,9,0.021,4,0.011,1,0.004,0,0
Region 42,Region 71,0,0,0,0,0,0,0,0,0,0,1,0.004,6,0.012,24,0.03,6,0.007,5,0.007,5,0.009,4,0.007,1,0.002,3,0.005,7,0.011,7,0.01,8,0.012,4,0.005,2,0.003,6,0.011,0,0,0,0,0,0,0,0
Region 42,Region 72,0,0,0,0,0,0,0,0,0,0,0,0,1,0.002,13,0.016,9,0.011,7,0.01,4,0.007,6,0.01,5,0.008,4,0.007,4,0.006,5,0.007,10,0.014,12,0.015,11,0.015,8,0.015,4,0.009,4,0.011,2,0.008,0,0
Region 43,Region 0,1,0.006,1,0.011,0,0,0,0,0,0,0,0,3,0.006,3,0.004,1,0.001,1,0.001,2,0.003,1,0.002,2,0.003,4,0.007,4,0.006,3,0.004,4,0.006,6,0.008,1,0.001,0,0,1,0.002,1,0.003,1,0.004,0,0
Region 43,Region 1,3,0.018,0,0,0,0,0,0,1,0.009,1,0.004,4,0.008,7,0.009,4,0.005,4,0.006,1,0.002,4,0.007,3,0.005,3,0.005,1,0.002,4,0.006,2,0.003,6,0.008,0,0,4,0.007,0,0,1,0.003,1,0.004,1,0.006
Region 43,Region 2,0,0,1,0.011,2,0.03,0,0,0,0,0,0,2,0.004,10,0.013,15,0.018,3,0.004,1,0.002,12,0.021,4,0.007,6,0.01,2,0.003,9,0.013,8,0.012,12,0.015,5,0.007,12,0.022,4,0.009,4,0.011,6,0.023,0,0
Region 43,Region 3,1,0.006,2,0.022,0,0,0,0,0,0,3,0.012,2,0.004,4,0.005,5,0.006,7,0.01,13,0.022,5,0.009,7,0.011,3,0.005,9,0.014,6,0.009,12,0.017,16,0.021,15,0.02,8,0.015,7,0.016,3,0.008,8,0.03,5,0.028
Region 43,Region 4,0,0,1,0.011,1,0.015,2,0.029,0,0,0,0,2,0.004,1,0.001,2,0.002,3,0.004,1,0.002,1,0.002,0,0,1,0.002,1,0.002,1,0.001,0,0,0,0,0,0,1,0.002,1,0.002,1,0.003,0,0,2,0.011
Region 43,Region 5,4,0.024,0,0,1,0.015,0,0,0,0,0,0,2,0.004,0,0,6,0.007,5,0.007,1,0.002,5,0.009,7,0.011,3,0.005,7,0.011,11,0.016,10,0.014,12,0.015,6,0.008,6,0.011,4,0.009,1,0.003,4,0.015,1,0.006
Region 43,Region 6,3,0.018,0,0,2,0.03,0,0,1,0.009,4,0.016,4,0.008,11,0.014,12,0.014,11,0.016,8,0.014,9,0.015,13,0.021,9,0.015,14,0.022,18,0.026,16,0.023,20,0.026,15,0.02,10,0.018,6,0.014,6,0.016,4,0.015,1,0.006
Region 43,Region 7,3,0.018,0,0,0,0,0,0,0,0,0,0,0,0,3,0.004,5,0.006,2,0.003,2,0.003,2,0.003,2,0.003,3,0.005,3,0.005,2,0.003,1,0.001,11,0.014,2,0.003,4,0.007,1,0.002,5,0.014,1,0.004,4,0.022
Region 43,Region 8,0,0,0,0,0,0,0,0,0,0,0,0,0,0,1,0.001,0,0,0,0,0,0,1,0.002,0,0,0,0,0,0,0,0,0,0,0,0,0,0,0,0,0,0,0,0,0,0,0,0
Region 43,Region 9,0,0,0,0,0,0,0,0,0,0,1,0.004,0,0,1,0.001,0,0,0,0,2,0.003,2,0.003,1,0.002,0,0,1,0.002,1,0.001,1,0.001,0,0,0,0,0,0,0,0,1,0.003,0,0,0,0
Region 43,Region 10,0,0,2,0.022,0,0,0,0,0,0,0,0,2,0.004,1,0.001,2,0.002,3,0.004,3,0.005,2,0.003,2,0.003,1,0.002,4,0.006,1,0.001,0,0,2,0.003,1,0.001,0,0,1,0.002,0,0,0,0,0,0
Region 43,Region 11,0,0,1,0.011,0,0,0,0,0,0,0,0,0,0,1,0.001,0,0,0,0,0,0,0,0,0,0,0,0,0,0,0,0,1,0.001,1,0.001,0,0,0,0,1,0.002,0,0,1,0.004,0,0
Region 43,Region 12,1,0.006,0,0,0,0,0,0,0,0,0,0,0,0,3,0.004,0,0,3,0.004,2,0.003,0,0,1,0.002,1,0.002,0,0,0,0,1,0.001,0,0,0,0,0,0,0,0,0,0,0,0,0,0
Region 43,Region 13,2,0.012,2,0.022,3,0.045,1,0.014,3,0.026,3,0.012,10,0.02,27,0.034,32,0.037,37,0.052,16,0.027,19,0.033,9,0.015,11,0.018,17,0.027,12,0.017,17,0.024,15,0.019,9,0.012,11,0.02,6,0.014,9,0.025,3,0.011,4,0.022
Region 43,Region 14,0,0,0,0,0,0,0,0,0,0,0,0,0,0,1,0.001,0,0,0,0,0,0,0,0,0,0,0,0,0,0,0,0,0,0,0,0,0,0,0,0,0,0,0,0,0,0,0,0
Region 43,Region 15,2,0.012,1,0.011,1,0.015,0,0,1,0.009,5,0.019,2,0.004,5,0.006,4,0.005,2,0.003,2,0.003,7,0.012,5,0.008,4,0.007,5,0.008,12,0.017,8,0.012,7,0.009,6,0.008,6,0.011,1,0.002,1,0.003,3,0.011,0,0
Region 43,Region 16,1,0.006,0,0,0,0,1,0.014,0,0,0,0,0,0,0,0,0,0,0,0,0,0,0,0,2,0.003,1,0.002,0,0,0,0,1,0.001,1,0.001,0,0,0,0,0,0,0,0,1,0.004,0,0
Region 43,Region 17,0,0,0,0,0,0,0,0,0,0,0,0,0,0,0,0,1,0.001,3,0.004,2,0.003,2,0.003,5,0.008,2,0.003,1,0.002,1,0.001,2,0.003,2,0.003,1,0.001,4,0.007,0,0,0,0,0,0,0,0
Region 43,Region 18,0,0,0,0,0,0,0,0,0,0,0,0,0,0,0,0,0,0,0,0,0,0,0,0,0,0,0,0,0,0,0,0,0,0,1,0.001,0,0,0,0,0,0,0,0,0,0,0,0
Region 43,Region 19,0,0,0,0,0,0,1,0.014,0,0,0,0,0,0,0,0,1,0.001,0,0,0,0,1,0.002,0,0,0,0,2,0.003,0,0,0,0,1,0.001,0,0,2,0.004,2,0.005,0,0,0,0,2,0.011
Region 43,Region 20,0,0,0,0,0,0,0,0,0,0,1,0.004,1,0.002,6,0.008,4,0.005,1,0.001,2,0.003,0,0,0,0,1,0.002,1,0.002,0,0,0,0,1,0.001,1,0.001,2,0.004,0,0,1,0.003,0,0,0,0
Region 43,Region 21,2,0.012,2,0.022,0,0,0,0,0,0,0,0,1,0.002,2,0.003,2,0.002,3,0.004,5,0.009,6,0.01,4,0.007,4,0.007,5,0.008,5,0.007,6,0.009,0,0,9,0.012,5,0.009,2,0.005,4,0.011,3,0.011,4,0.022
Region 43,Region 22,0,0,0,0,0,0,0,0,0,0,0,0,1,0.002,0,0,2,0.002,0,0,3,0.005,0,0,2,0.003,0,0,1,0.002,2,0.003,1,0.001,1,0.001,0,0,2,0.004,0,0,0,0,0,0,0,0
Region 43,Region 23,2,0.012,1,0.011,0,0,0,0,0,0,0,0,1,0.002,7,0.009,2,0.002,6,0.008,3,0.005,2,0.003,6,0.01,6,0.01,5,0.008,4,0.006,5,0.007,6,0.008,7,0.01,4,0.007,6,0.014,2,0.005,3,0.011,3,0.017
Region 43,Region 24,0,0,0,0,0,0,2,0.029,0,0,0,0,1,0.002,11,0.014,10,0.012,5,0.007,1,0.002,3,0.005,2,0.003,4,0.007,6,0.01,3,0.004,1,0.001,2,0.003,4,0.005,0,0,0,0,1,0.003,0,0,0,0
Region 43,Region 25,0,0,0,0,0,0,0,0,0,0,0,0,0,0,2,0.003,0,0,0,0,1,0.002,1,0.002,0,0,2,0.003,1,0.002,1,0.001,0,0,0,0,0,0,1,0.002,0,0,0,0,0,0,0,0
Region 43,Region 26,0,0,0,0,0,0,0,0,0,0,0,0,2,0.004,0,0,0,0,0,0,0,0,0,0,0,0,0,0,0,0,0,0,0,0,0,0,0,0,0,0,0,0,0,0,0,0,0,0
Region 43,Region 27,0,0,1,0.011,0,0,0,0,0,0,0,0,0,0,0,0,0,0,3,0.004,2,0.003,1,0.002,1,0.002,1,0.002,1,0.002,3,0.004,3,0.004,0,0,3,0.004,1,0.002,1,0.002,0,0,0,0,0,0
Region 43,Region 28,0,0,0,0,0,0,0,0,0,0,0,0,2,0.004,5,0.006,10,0.012,3,0.004,1,0.002,1,0.002,0,0,3,0.005,2,0.003,3,0.004,3,0.004,1,0.001,2,0.003,1,0.002,1,0.002,2,0.005,0,0,0,0
Region 43,Region 29,14,0.084,7,0.077,2,0.03,1,0.014,0,0,4,0.016,4,0.008,32,0.041,39,0.046,39,0.055,20,0.034,24,0.041,23,0.037,29,0.047,20,0.032,25,0.036,32,0.046,39,0.05,26,0.035,19,0.035,18,0.041,24,0.066,16,0.061,14,0.077
Region 43,Region 30,0,0,0,0,0,0,0,0,1,0.009,0,0,1,0.002,1,0.001,3,0.004,1,0.001,1,0.002,1,0.002,1,0.002,1,0.002,1,0.002,2,0.003,1,0.001,1,0.001,3,0.004,1,0.002,3,0.007,1,0.003,0,0,0,0
Region 43,Region 31,1,0.006,0,0,0,0,0,0,0,0,1,0.004,1,0.002,6,0.008,9,0.011,5,0.007,1,0.002,4,0.007,3,0.005,4,0.007,2,0.003,1,0.001,2,0.003,6,0.008,2,0.003,3,0.006,1,0.002,2,0.005,0,0,1,0.006
Region 43,Region 32,0,0,0,0,0,0,0,0,0,0,0,0,0,0,0,0,0,0,0,0,0,0,0,0,0,0,0,0,0,0,0,0,1,0.001,0,0,1,0.001,1,0.002,0,0,0,0,1,0.004,0,0
Region 43,Region 33,1,0.006,0,0,0,0,0,0,1,0.009,0,0,3,0.006,6,0.008,6,0.007,2,0.003,2,0.003,2,0.003,1,0.002,2,0.003,0,0,1,0.001,0,0,0,0,1,0.001,1,0.002,2,0.005,0,0,0,0,0,0
Region 43,Region 34,2,0.012,0,0,0,0,0,0,1,0.009,2,0.008,6,0.012,12,0.015,12,0.014,10,0.014,4,0.007,9,0.015,8,0.013,12,0.02,4,0.006,5,0.007,3,0.004,2,0.003,7,0.01,6,0.011,3,0.007,5,0.014,9,0.034,2,0.011
Region 43,Region 35,1,0.006,1,0.011,0,0,0,0,0,0,0,0,1,0.002,0,0,0,0,4,0.006,0,0,3,0.005,2,0.003,0,0,0,0,1,0.001,0,0,1,0.001,1,0.001,0,0,0,0,1,0.003,0,0,0,0
Region 43,Region 36,0,0,0,0,0,0,0,0,0,0,0,0,1,0.002,2,0.003,0,0,0,0,1,0.002,0,0,0,0,0,0,0,0,0,0,0,0,1,0.001,0,0,0,0,0,0,0,0,0,0,0,0
Region 43,Region 37,0,0,0,0,1,0.015,0,0,0,0,1,0.004,1,0.002,3,0.004,1,0.001,4,0.006,1,0.002,3,0.005,2,0.003,1,0.002,3,0.005,0,0,3,0.004,5,0.006,3,0.004,2,0.004,3,0.007,3,0.008,1,0.004,0,0
Region 43,Region 38,0,0,1,0.011,0,0,0,0,1,0.009,0,0,1,0.002,6,0.008,9,0.011,10,0.014,12,0.021,7,0.012,11,0.018,4,0.007,8,0.013,9,0.013,21,0.03,12,0.015,21,0.029,11,0.02,8,0.018,3,0.008,9,0.034,3,0.017
Region 43,Region 39,0,0,1,0.011,0,0,0,0,1,0.009,0,0,0,0,1,0.001,4,0.005,2,0.003,2,0.003,1,0.002,2,0.003,3,0.005,2,0.003,3,0.004,3,0.004,5,0.006,2,0.003,3,0.006,1,0.002,0,0,3,0.011,2,0.011
Region 43,Region 40,10,0.06,1,0.011,2,0.03,3,0.043,2,0.017,1,0.004,9,0.018,24,0.03,27,0.032,22,0.031,9,0.015,13,0.022,18,0.029,28,0.046,15,0.024,20,0.029,21,0.03,29,0.037,21,0.029,16,0.029,14,0.032,10,0.027,13,0.049,7,0.039
Region 43,Region 41,2,0.012,6,0.066,2,0.03,1,0.014,1,0.009,4,0.016,10,0.02,15,0.019,9,0.011,13,0.018,11,0.019,10,0.017,9,0.015,11,0.018,10,0.016,17,0.025,14,0.02,7,0.009,7,0.01,10,0.018,7,0.016,4,0.011,8,0.03,5,0.028
Region 43,Region 42,0,0,0,0,0,0,0,0,1,0.009,0,0,0,0,1,0.001,0,0,1,0.001,0,0,0,0,1,0.002,1,0.002,0,0,0,0,0,0,0,0,0,0,0,0,0,0,0,0,0,0,0,0
Region 43,Region 43,14,0.084,8,0.088,3,0.045,3,0.043,2,0.017,3,0.012,10,0.02,34,0.043,48,0.056,32,0.045,39,0.067,33,0.057,40,0.065,48,0.078,41,0.066,52,0.076,61,0.088,44,0.057,62,0.084,46,0.085,37,0.085,30,0.082,21,0.08,8,0.044
Region 43,Region 44,0,0,1,0.011,0,0,0,0,1,0.009,0,0,4,0.008,11,0.014,8,0.009,11,0.016,2,0.003,3,0.005,6,0.01,0,0,2,0.003,1,0.001,6,0.009,2,0.003,3,0.004,3,0.006,3,0.007,0,0,3,0.011,1,0.006
Region 43,Region 45,0,0,0,0,0,0,0,0,0,0,0,0,3,0.006,8,0.01,4,0.005,9,0.013,3,0.005,7,0.012,2,0.003,6,0.01,2,0.003,4,0.006,5,0.007,7,0.009,9,0.012,8,0.015,7,0.016,1,0.003,4,0.015,2,0.011
Region 43,Region 46,0,0,1,0.011,2,0.03,0,0,3,0.026,3,0.012,3,0.006,9,0.011,9,0.011,3,0.004,2,0.003,6,0.01,10,0.016,2,0.003,5,0.008,5,0.007,12,0.017,8,0.01,5,0.007,7,0.013,4,0.009,3,0.008,2,0.008,1,0.006
Region 43,Region 47,3,0.018,0,0,0,0,1,0.014,2,0.017,3,0.012,2,0.004,2,0.003,10,0.012,2,0.003,2,0.003,7,0.012,4,0.007,4,0.007,8,0.013,3,0.004,7,0.01,5,0.006,3,0.004,2,0.004,5,0.012,2,0.005,1,0.004,0,0
Region 43,Region 48,2,0.012,1,0.011,1,0.015,0,0,1,0.009,0,0,1,0.002,11,0.014,12,0.014,5,0.007,6,0.01,9,0.015,7,0.011,7,0.011,6,0.01,6,0.009,27,0.039,18,0.023,9,0.012,11,0.02,9,0.021,7,0.019,4,0.015,1,0.006
Region 43,Region 49,0,0,0,0,0,0,0,0,0,0,0,0,0,0,3,0.004,2,0.002,1,0.001,0,0,3,0.005,2,0.003,3,0.005,1,0.002,3,0.004,3,0.004,2,0.003,3,0.004,0,0,2,0.005,1,0.003,1,0.004,1,0.006
Region 43,Region 50,0,0,0,0,0,0,0,0,0,0,0,0,0,0,0,0,0,0,0,0,0,0,0,0,0,0,0,0,0,0,0,0,0,0,0,0,0,0,0,0,1,0.002,0,0,1,0.004,2,0.011
Region 43,Region 51,0,0,0,0,0,0,0,0,2,0.017,2,0.008,8,0.016,9,0.011,3,0.004,1,0.001,8,0.014,1,0.002,5,0.008,3,0.005,4,0.006,1,0.001,1,0.001,0,0,2,0.003,1,0.002,0,0,1,0.003,0,0,0,0
Region 43,Region 52,0,0,0,0,0,0,0,0,0,0,0,0,0,0,1,0.001,2,0.002,1,0.001,0,0,1,0.002,0,0,1,0.002,0,0,0,0,0,0,1,0.001,1,0.001,0,0,0,0,0,0,0,0,0,0
Region 43,Region 53,0,0,0,0,1,0.015,0,0,0,0,0,0,0,0,0,0,1,0.001,1,0.001,0,0,0,0,0,0,0,0,2,0.003,1,0.001,0,0,0,0,0,0,0,0,1,0.002,1,0.003,0,0,0,0
Region 43,Region 54,0,0,0,0,0,0,0,0,0,0,1,0.004,1,0.002,0,0,3,0.004,2,0.003,3,0.005,0,0,1,0.002,0,0,1,0.002,0,0,1,0.001,1,0.001,6,0.008,1,0.002,0,0,0,0,0,0,0,0
Region 43,Region 55,0,0,0,0,0,0,0,0,0,0,0,0,1,0.002,1,0.001,3,0.004,2,0.003,2,0.003,0,0,1,0.002,1,0.002,0,0,2,0.003,1,0.001,3,0.004,1,0.001,1,0.002,2,0.005,0,0,1,0.004,1,0.006
Region 43,Region 56,0,0,0,0,0,0,0,0,0,0,0,0,0,0,0,0,0,0,2,0.003,0,0,0,0,0,0,1,0.002,1,0.002,1,0.001,2,0.003,0,0,0,0,0,0,1,0.002,0,0,1,0.004,0,0
Region 43,Region 57,0,0,0,0,0,0,0,0,0,0,0,0,0,0,0,0,0,0,0,0,0,0,0,0,0,0,0,0,0,0,0,0,0,0,0,0,0,0,0,0,0,0,0,0,0,0,0,0
Region 43,Region 58,11,0.066,7,0.077,4,0.06,5,0.071,4,0.034,11,0.043,21,0.043,18,0.023,16,0.019,18,0.025,18,0.031,21,0.036,18,0.029,23,0.037,34,0.055,37,0.054,55,0.079,46,0.059,50,0.068,22,0.041,18,0.041,18,0.049,11,0.042,11,0.061
Region 43,Region 59,0,0,0,0,1,0.015,1,0.014,1,0.009,0,0,0,0,0,0,2,0.002,0,0,1,0.002,0,0,0,0,0,0,1,0.002,1,0.001,1,0.001,0,0,1,0.001,0,0,0,0,1,0.003,0,0,0,0
Region 43,Region 60,0,0,0,0,0,0,0,0,0,0,0,0,0,0,0,0,0,0,0,0,0,0,0,0,0,0,0,0,1,0.002,0,0,0,0,0,0,0,0,0,0,0,0,0,0,0,0,0,0
Region 43,Region 61,1,0.006,1,0.011,0,0,0,0,1,0.009,1,0.004,5,0.01,5,0.006,7,0.008,3,0.004,4,0.007,2,0.003,6,0.01,2,0.003,4,0.006,6,0.009,8,0.012,17,0.022,6,0.008,4,0.007,3,0.007,3,0.008,7,0.027,2,0.011
Region 43,Region 62,0,0,1,0.011,0,0,0,0,0,0,0,0,0,0,0,0,1,0.001,0,0,1,0.002,1,0.002,1,0.002,2,0.003,0,0,1,0.001,1,0.001,2,0.003,1,0.001,1,0.002,2,0.005,0,0,0,0,0,0
Region 43,Region 63,1,0.006,1,0.011,0,0,0,0,0,0,0,0,0,0,1,0.001,2,0.002,1,0.001,1,0.002,0,0,1,0.002,0,0,1,0.002,1,0.001,1,0.001,0,0,2,0.003,0,0,0,0,0,0,1,0.004,0,0
Region 43,Region 64,0,0,1,0.011,0,0,0,0,1,0.009,0,0,0,0,0,0,4,0.005,2,0.003,1,0.002,2,0.003,2,0.003,1,0.002,0,0,3,0.004,4,0.006,5,0.006,7,0.01,4,0.007,3,0.007,1,0.003,1,0.004,1,0.006
Region 43,Region 65,0,0,5,0.055,0,0,0,0,0,0,0,0,3,0.006,7,0.009,7,0.008,3,0.004,1,0.002,5,0.009,3,0.005,0,0,3,0.005,3,0.004,3,0.004,3,0.004,4,0.005,4,0.007,1,0.002,1,0.003,0,0,0,0
Region 43,Region 66,1,0.006,0,0,0,0,0,0,0,0,0,0,0,0,4,0.005,5,0.006,1,0.001,0,0,4,0.007,2,0.003,0,0,3,0.005,0,0,0,0,1,0.001,1,0.001,1,0.002,0,0,0,0,0,0,0,0
Region 43,Region 67,0,0,0,0,0,0,0,0,0,0,0,0,0,0,1,0.001,0,0,0,0,2,0.003,0,0,0,0,0,0,2,0.003,0,0,1,0.001,0,0,1,0.001,0,0,1,0.002,0,0,0,0,0,0
Region 43,Region 68,0,0,0,0,0,0,0,0,0,0,0,0,0,0,2,0.003,1,0.001,0,0,1,0.002,0,0,0,0,0,0,0,0,0,0,0,0,1,0.001,0,0,0,0,0,0,0,0,0,0,0,0
Region 43,Region 69,0,0,1,0.011,0,0,1,0.014,0,0,1,0.004,1,0.002,6,0.008,2,0.002,5,0.007,0,0,0,0,0,0,1,0.002,0,0,0,0,0,0,1,0.001,0,0,0,0,0,0,0,0,0,0,0,0
Region 43,Region 70,0,0,0,0,0,0,0,0,0,0,0,0,0,0,0,0,0,0,0,0,0,0,0,0,0,0,0,0,0,0,0,0,0,0,0,0,0,0,0,0,0,0,0,0,0,0,0,0
Region 43,Region 71,0,0,0,0,0,0,0,0,1,0.009,0,0,0,0,1,0.001,1,0.001,0,0,0,0,0,0,0,0,0,0,0,0,0,0,0,0,0,0,0,0,0,0,0,0,0,0,0,0,0,0
Region 43,Region 72,6,0.036,1,0.011,4,0.06,1,0.014,2,0.017,6,0.023,10,0.02,24,0.03,13,0.015,8,0.011,10,0.017,7,0.012,9,0.015,9,0.015,4,0.006,8,0.012,8,0.012,7,0.009,6,0.008,8,0.015,8,0.018,6,0.016,7,0.027,7,0.039
Region 44,Region 0,0,0,0,0,0,0,0,0,0,0,0,0,0,0,0,0,0,0,0,0,0,0,0,0,0,0,0,0,0,0,0,0,0,0,0,0,0,0,0,0,0,0,0,0,0,0,0,0
Region 44,Region 1,1,0.006,2,0.022,2,0.03,4,0.057,7,0.06,6,0.023,10,0.02,17,0.022,8,0.009,9,0.013,8,0.014,5,0.009,6,0.01,4,0.007,3,0.005,4,0.006,2,0.003,9,0.012,8,0.011,8,0.015,5,0.012,5,0.014,5,0.019,3,0.017
Region 44,Region 2,0,0,0,0,1,0.015,0,0,0,0,0,0,0,0,1,0.001,1,0.001,2,0.003,3,0.005,2,0.003,2,0.003,0,0,2,0.003,0,0,0,0,0,0,1,0.001,0,0,1,0.002,1,0.003,1,0.004,0,0
Region 44,Region 3,0,0,0,0,0,0,0,0,0,0,0,0,1,0.002,1,0.001,2,0.002,1,0.001,1,0.002,1,0.002,0,0,0,0,1,0.002,0,0,0,0,0,0,0,0,0,0,1,0.002,0,0,1,0.004,1,0.006
Region 44,Region 4,0,0,0,0,0,0,0,0,1,0.009,1,0.004,3,0.006,2,0.003,1,0.001,1,0.001,2,0.003,0,0,0,0,2,0.003,4,0.006,4,0.006,2,0.003,1,0.001,3,0.004,0,0,1,0.002,2,0.005,1,0.004,0,0
Region 44,Region 5,0,0,0,0,0,0,0,0,0,0,0,0,0,0,1,0.001,1,0.001,1,0.001,0,0,0,0,1,0.002,0,0,1,0.002,0,0,1,0.001,0,0,0,0,0,0,0,0,1,0.003,1,0.004,0,0
Region 44,Region 6,2,0.012,1,0.011,0,0,0,0,0,0,0,0,3,0.006,5,0.006,5,0.006,2,0.003,3,0.005,1,0.002,3,0.005,4,0.007,6,0.01,5,0.007,3,0.004,10,0.013,7,0.01,6,0.011,2,0.005,5,0.014,3,0.011,0,0
Region 44,Region 7,0,0,0,0,0,0,0,0,0,0,1,0.004,1,0.002,0,0,0,0,0,0,0,0,1,0.002,1,0.002,1,0.002,1,0.002,0,0,1,0.001,1,0.001,0,0,1,0.002,0,0,2,0.005,0,0,1,0.006
Region 44,Region 8,0,0,0,0,0,0,0,0,0,0,0,0,0,0,0,0,0,0,0,0,0,0,2,0.003,0,0,0,0,1,0.002,1,0.001,0,0,0,0,0,0,0,0,0,0,0,0,0,0,0,0
Region 44,Region 9,1,0.006,1,0.011,2,0.03,3,0.043,3,0.026,4,0.016,5,0.01,26,0.033,25,0.029,8,0.011,3,0.005,2,0.003,2,0.003,4,0.007,4,0.006,9,0.013,5,0.007,13,0.017,6,0.008,5,0.009,4,0.009,3,0.008,2,0.008,0,0
Region 44,Region 10,0,0,0,0,0,0,0,0,0,0,3,0.012,9,0.018,6,0.008,3,0.004,3,0.004,3,0.005,1,0.002,2,0.003,3,0.005,1,0.002,0,0,1,0.001,3,0.004,3,0.004,3,0.006,0,0,0,0,0,0,0,0
Region 44,Region 11,0,0,0,0,0,0,0,0,0,0,0,0,0,0,0,0,0,0,0,0,0,0,0,0,0,0,0,0,0,0,0,0,0,0,0,0,1,0.001,1,0.002,1,0.002,0,0,0,0,0,0
Region 44,Region 12,0,0,0,0,0,0,0,0,0,0,1,0.004,1,0.002,0,0,0,0,3,0.004,0,0,1,0.002,0,0,2,0.003,2,0.003,1,0.001,1,0.001,3,0.004,2,0.003,0,0,1,0.002,1,0.003,0,0,1,0.006
Region 44,Region 13,2,0.012,4,0.044,1,0.015,1,0.014,3,0.026,9,0.035,39,0.08,75,0.095,66,0.077,37,0.052,25,0.043,14,0.024,24,0.039,15,0.024,21,0.034,19,0.028,12,0.017,9,0.012,23,0.031,12,0.022,11,0.025,7,0.019,9,0.034,3,0.017
Region 44,Region 14,0,0,0,0,0,0,0,0,0,0,0,0,0,0,2,0.003,2,0.002,0,0,1,0.002,1,0.002,1,0.002,0,0,0,0,0,0,0,0,0,0,0,0,0,0,0,0,1,0.003,1,0.004,0,0
Region 44,Region 15,1,0.006,0,0,0,0,0,0,0,0,1,0.004,2,0.004,0,0,1,0.001,1,0.001,1,0.002,4,0.007,1,0.002,0,0,1,0.002,2,0.003,0,0,0,0,1,0.001,1,0.002,1,0.002,1,0.003,1,0.004,1,0.006
Region 44,Region 16,0,0,0,0,0,0,0,0,0,0,0,0,0,0,0,0,0,0,0,0,0,0,0,0,0,0,0,0,0,0,1,0.001,1,0.001,1,0.001,0,0,0,0,1,0.002,0,0,0,0,0,0
Region 44,Region 17,2,0.012,2,0.022,1,0.015,0,0,2,0.017,1,0.004,8,0.016,31,0.039,31,0.036,15,0.021,18,0.031,15,0.026,20,0.033,14,0.023,14,0.022,21,0.031,26,0.037,33,0.042,42,0.057,21,0.039,10,0.023,7,0.019,10,0.038,3,0.017
Region 44,Region 18,1,0.006,0,0,0,0,1,0.014,0,0,0,0,0,0,0,0,0,0,0,0,0,0,0,0,0,0,1,0.002,0,0,1,0.001,0,0,0,0,0,0,0,0,0,0,1,0.003,1,0.004,0,0
Region 44,Region 19,0,0,0,0,1,0.015,0,0,1,0.009,1,0.004,0,0,0,0,0,0,0,0,1,0.002,0,0,2,0.003,0,0,0,0,0,0,0,0,1,0.001,0,0,0,0,1,0.002,0,0,0,0,0,0
Region 44,Region 20,0,0,0,0,0,0,0,0,2,0.017,2,0.008,2,0.004,2,0.003,4,0.005,4,0.006,2,0.003,3,0.005,4,0.007,1,0.002,0,0,0,0,0,0,3,0.004,2,0.003,1,0.002,0,0,0,0,0,0,0,0
Region 44,Region 21,0,0,0,0,0,0,0,0,0,0,0,0,0,0,0,0,0,0,0,0,0,0,0,0,0,0,0,0,0,0,0,0,0,0,1,0.001,1,0.001,0,0,0,0,0,0,0,0,0,0
Region 44,Region 22,1,0.006,0,0,0,0,0,0,0,0,0,0,0,0,0,0,0,0,0,0,0,0,0,0,1,0.002,0,0,0,0,0,0,0,0,0,0,0,0,0,0,0,0,0,0,0,0,0,0
Region 44,Region 23,1,0.006,0,0,0,0,0,0,1,0.009,3,0.012,2,0.004,6,0.008,4,0.005,2,0.003,0,0,0,0,2,0.003,5,0.008,5,0.008,2,0.003,2,0.003,4,0.005,4,0.005,3,0.006,3,0.007,0,0,1,0.004,1,0.006
Region 44,Region 24,5,0.03,2,0.022,1,0.015,0,0,3,0.026,5,0.019,9,0.018,37,0.047,41,0.048,31,0.044,23,0.039,21,0.036,21,0.034,18,0.029,25,0.04,32,0.047,21,0.03,28,0.036,30,0.041,30,0.055,20,0.046,9,0.025,7,0.027,8,0.044
Region 44,Region 25,0,0,0,0,1,0.015,0,0,0,0,1,0.004,3,0.006,4,0.005,3,0.004,2,0.003,4,0.007,3,0.005,3,0.005,1,0.002,0,0,0,0,0,0,4,0.005,2,0.003,3,0.006,0,0,0,0,0,0,0,0
Region 44,Region 26,0,0,0,0,0,0,0,0,0,0,0,0,1,0.002,1,0.001,2,0.002,1,0.001,0,0,1,0.002,0,0,0,0,0,0,0,0,0,0,1,0.001,0,0,0,0,0,0,0,0,0,0,0,0
Region 44,Region 27,0,0,0,0,0,0,0,0,0,0,0,0,0,0,0,0,1,0.001,0,0,0,0,1,0.002,0,0,0,0,0,0,0,0,0,0,0,0,0,0,0,0,0,0,0,0,0,0,0,0
Region 44,Region 28,6,0.036,2,0.022,3,0.045,0,0,7,0.06,15,0.058,54,0.11,169,0.214,165,0.193,104,0.147,67,0.115,54,0.093,72,0.117,65,0.106,65,0.104,56,0.082,69,0.099,86,0.111,81,0.11,55,0.101,21,0.048,23,0.063,19,0.072,8,0.044
Region 44,Region 29,2,0.012,0,0,0,0,0,0,0,0,1,0.004,5,0.01,10,0.013,6,0.007,6,0.008,2,0.003,2,0.003,3,0.005,4,0.007,6,0.01,10,0.015,9,0.013,6,0.008,10,0.014,7,0.013,3,0.007,1,0.003,2,0.008,5,0.028
Region 44,Region 30,0,0,2,0.022,1,0.015,0,0,1,0.009,2,0.008,3,0.006,14,0.018,8,0.009,8,0.011,11,0.019,2,0.003,5,0.008,3,0.005,7,0.011,12,0.017,5,0.007,5,0.006,3,0.004,4,0.007,2,0.005,1,0.003,0,0,1,0.006
Region 44,Region 31,0,0,0,0,1,0.015,0,0,1,0.009,2,0.008,3,0.006,11,0.014,16,0.019,11,0.016,9,0.015,12,0.021,10,0.016,11,0.018,8,0.013,14,0.02,9,0.013,9,0.012,16,0.022,12,0.022,4,0.009,4,0.011,1,0.004,1,0.006
Region 44,Region 32,0,0,1,0.011,2,0.03,0,0,0,0,0,0,0,0,0,0,0,0,0,0,0,0,0,0,0,0,0,0,1,0.002,0,0,0,0,0,0,0,0,0,0,0,0,0,0,1,0.004,0,0
Region 44,Region 33,2,0.012,0,0,0,0,0,0,2,0.017,6,0.023,8,0.016,14,0.018,28,0.033,13,0.018,5,0.009,9,0.015,12,0.02,11,0.018,14,0.022,6,0.009,6,0.009,3,0.004,3,0.004,3,0.006,3,0.007,15,0.041,2,0.008,2,0.011
Region 44,Region 34,3,0.018,3,0.033,1,0.015,0,0,3,0.026,3,0.012,14,0.029,28,0.036,27,0.032,21,0.03,21,0.036,15,0.026,11,0.018,9,0.015,8,0.013,10,0.015,8,0.012,7,0.009,7,0.01,8,0.015,10,0.023,4,0.011,2,0.008,3,0.017
Region 44,Region 35,0,0,0,0,1,0.015,0,0,0,0,0,0,2,0.004,3,0.004,2,0.002,1,0.001,3,0.005,0,0,1,0.002,0,0,0,0,1,0.001,1,0.001,2,0.003,1,0.001,2,0.004,1,0.002,0,0,0,0,0,0
Region 44,Region 36,2,0.012,0,0,0,0,0,0,0,0,0,0,0,0,2,0.003,1,0.001,2,0.003,0,0,0,0,2,0.003,0,0,0,0,0,0,0,0,0,0,1,0.001,0,0,1,0.002,0,0,0,0,0,0
Region 44,Region 37,0,0,0,0,0,0,0,0,0,0,1,0.004,5,0.01,12,0.015,15,0.018,6,0.008,6,0.01,5,0.009,5,0.008,6,0.01,2,0.003,8,0.012,4,0.006,10,0.013,10,0.014,6,0.011,6,0.014,4,0.011,2,0.008,1,0.006
Region 44,Region 38,0,0,0,0,0,0,0,0,0,0,0,0,0,0,1,0.001,1,0.001,3,0.004,1,0.002,1,0.002,1,0.002,1,0.002,1,0.002,2,0.003,2,0.003,4,0.005,2,0.003,0,0,0,0,0,0,2,0.008,1,0.006
Region 44,Region 39,1,0.006,0,0,0,0,0,0,0,0,0,0,0,0,0,0,0,0,0,0,0,0,3,0.005,7,0.011,0,0,1,0.002,1,0.001,0,0,0,0,1,0.001,1,0.002,1,0.002,1,0.003,2,0.008,1,0.006
Region 44,Region 40,5,0.03,1,0.011,0,0,0,0,1,0.009,3,0.012,7,0.014,8,0.01,10,0.012,9,0.013,6,0.01,8,0.014,10,0.016,6,0.01,8,0.013,14,0.02,21,0.03,22,0.028,18,0.024,6,0.011,8,0.018,8,0.022,7,0.027,4,0.022
Region 44,Region 41,0,0,0,0,2,0.03,2,0.029,2,0.017,2,0.008,3,0.006,1,0.001,0,0,0,0,6,0.01,3,0.005,4,0.007,5,0.008,0,0,0,0,6,0.009,2,0.003,2,0.003,0,0,1,0.002,3,0.008,1,0.004,0,0
Region 44,Region 42,0,0,0,0,0,0,0,0,0,0,0,0,2,0.004,1,0.001,2,0.002,0,0,0,0,0,0,0,0,0,0,0,0,1,0.001,1,0.001,1,0.001,0,0,0,0,0,0,0,0,0,0,0,0
Region 44,Region 43,2,0.012,0,0,1,0.015,0,0,0,0,0,0,0,0,1,0.001,1,0.001,2,0.003,2,0.003,0,0,1,0.002,4,0.007,1,0.002,0,0,1,0.001,0,0,1,0.001,3,0.006,1,0.002,0,0,1,0.004,1,0.006
Region 44,Region 44,109,0.654,70,0.769,32,0.479,29,0.413,62,0.528,145,0.562,415,0.848,963,1.222,1001,1.17,756,1.07,601,1.03,549,0.941,631,1.027,578,0.941,629,1.011,765,1.115,871,1.254,886,1.139,811,1.103,585,1.077,381,0.877,302,0.827,195,0.74,129,0.713
Region 44,Region 45,3,0.018,3,0.033,3,0.045,1,0.014,0,0,5,0.019,8,0.016,29,0.037,42,0.049,25,0.035,16,0.027,10,0.017,20,0.033,19,0.031,11,0.018,16,0.023,14,0.02,11,0.014,14,0.019,13,0.024,9,0.021,7,0.019,1,0.004,5,0.028
Region 44,Region 46,1,0.006,2,0.022,3,0.045,3,0.043,11,0.094,25,0.097,27,0.055,25,0.032,7,0.008,20,0.028,16,0.027,14,0.024,15,0.024,11,0.018,11,0.018,19,0.028,7,0.01,15,0.019,24,0.033,10,0.018,7,0.016,2,0.005,5,0.019,2,0.011
Region 44,Region 47,0,0,0,0,0,0,0,0,0,0,1,0.004,10,0.02,1,0.001,1,0.001,0,0,2,0.003,3,0.005,1,0.002,0,0,3,0.005,3,0.004,2,0.003,1,0.001,2,0.003,0,0,2,0.005,1,0.003,1,0.004,1,0.006
Region 44,Region 48,0,0,1,0.011,0,0,1,0.014,0,0,0,0,2,0.004,2,0.003,1,0.001,1,0.001,0,0,1,0.002,2,0.003,0,0,0,0,2,0.003,3,0.004,0,0,0,0,0,0,1,0.002,1,0.003,0,0,0,0
Region 44,Region 49,0,0,0,0,0,0,0,0,0,0,1,0.004,2,0.004,1,0.001,1,0.001,1,0.001,0,0,0,0,0,0,0,0,0,0,0,0,2,0.003,1,0.001,0,0,0,0,0,0,0,0,1,0.004,1,0.006
Region 44,Region 50,0,0,0,0,0,0,0,0,0,0,1,0.004,0,0,1,0.001,1,0.001,0,0,1,0.002,1,0.002,0,0,0,0,0,0,0,0,0,0,1,0.001,1,0.001,1,0.002,1,0.002,0,0,0,0,0,0
Region 44,Region 51,1,0.006,0,0,0,0,0,0,0,0,4,0.016,7,0.014,19,0.024,4,0.005,6,0.008,3,0.005,3,0.005,4,0.007,1,0.002,2,0.003,0,0,1,0.001,2,0.003,0,0,0,0,1,0.002,0,0,1,0.004,0,0
Region 44,Region 52,0,0,0,0,0,0,0,0,0,0,0,0,1,0.002,1,0.001,3,0.004,2,0.003,0,0,0,0,0,0,1,0.002,1,0.002,3,0.004,1,0.001,2,0.003,0,0,0,0,0,0,0,0,0,0,0,0
Region 44,Region 53,0,0,0,0,0,0,0,0,0,0,0,0,0,0,0,0,0,0,0,0,0,0,0,0,0,0,0,0,0,0,0,0,0,0,0,0,0,0,0,0,0,0,0,0,0,0,0,0
Region 44,Region 54,1,0.006,1,0.011,0,0,0,0,0,0,0,0,4,0.008,3,0.004,2,0.002,2,0.003,1,0.002,2,0.003,1,0.002,2,0.003,1,0.002,1,0.001,2,0.003,1,0.001,1,0.001,2,0.004,0,0,0,0,2,0.008,1,0.006
Region 44,Region 55,0,0,0,0,0,0,0,0,0,0,3,0.012,5,0.01,5,0.006,3,0.004,2,0.003,1,0.002,0,0,1,0.002,3,0.005,1,0.002,3,0.004,1,0.001,2,0.003,1,0.001,1,0.002,2,0.005,0,0,0,0,0,0
Region 44,Region 56,0,0,1,0.011,0,0,0,0,0,0,0,0,0,0,0,0,1,0.001,1,0.001,0,0,0,0,0,0,1,0.002,1,0.002,0,0,1,0.001,0,0,0,0,1,0.002,1,0.002,0,0,0,0,0,0
Region 44,Region 57,0,0,0,0,0,0,0,0,0,0,0,0,1,0.002,0,0,0,0,0,0,0,0,0,0,0,0,0,0,0,0,0,0,0,0,0,0,0,0,1,0.002,0,0,0,0,0,0,0,0
Region 44,Region 58,2,0.012,3,0.033,2,0.03,3,0.043,8,0.068,15,0.058,23,0.047,30,0.038,20,0.023,21,0.03,12,0.021,12,0.021,17,0.028,17,0.028,19,0.031,12,0.017,4,0.006,19,0.024,10,0.014,6,0.011,15,0.035,11,0.03,6,0.023,3,0.017
Region 44,Region 59,0,0,0,0,0,0,0,0,0,0,0,0,1,0.002,0,0,2,0.002,0,0,1,0.002,0,0,1,0.002,0,0,0,0,1,0.001,0,0,0,0,0,0,2,0.004,0,0,0,0,0,0,0,0
Region 44,Region 60,1,0.006,0,0,0,0,0,0,0,0,0,0,2,0.004,1,0.001,0,0,0,0,0,0,0,0,1,0.002,0,0,1,0.002,0,0,0,0,0,0,0,0,1,0.002,1,0.002,0,0,0,0,0,0
Region 44,Region 61,1,0.006,1,0.011,1,0.015,5,0.071,0,0,1,0.004,3,0.006,1,0.001,4,0.005,3,0.004,1,0.002,3,0.005,2,0.003,1,0.002,2,0.003,4,0.006,2,0.003,1,0.001,2,0.003,3,0.006,0,0,3,0.008,2,0.008,0,0
Region 44,Region 62,0,0,0,0,0,0,0,0,0,0,0,0,0,0,1,0.001,0,0,0,0,2,0.003,0,0,0,0,0,0,0,0,0,0,1,0.001,0,0,0,0,0,0,0,0,0,0,0,0,0,0
Region 44,Region 63,1,0.006,1,0.011,1,0.015,0,0,0,0,2,0.008,4,0.008,7,0.009,8,0.009,2,0.003,1,0.002,0,0,4,0.007,2,0.003,3,0.005,7,0.01,7,0.01,3,0.004,2,0.003,2,0.004,0,0,2,0.005,4,0.015,0,0
Region 44,Region 64,0,0,0,0,1,0.015,0,0,0,0,0,0,0,0,1,0.001,2,0.002,1,0.001,1,0.002,1,0.002,0,0,0,0,0,0,0,0,0,0,0,0,0,0,0,0,0,0,0,0,0,0,1,0.006
Region 44,Region 65,1,0.006,1,0.011,0,0,0,0,0,0,3,0.012,3,0.006,8,0.01,8,0.009,2,0.003,6,0.01,4,0.007,3,0.005,2,0.003,2,0.003,2,0.003,2,0.003,5,0.006,1,0.001,2,0.004,1,0.002,2,0.005,1,0.004,0,0
Region 44,Region 66,0,0,0,0,0,0,0,0,0,0,1,0.004,1,0.002,8,0.01,4,0.005,1,0.001,1,0.002,1,0.002,0,0,0,0,1,0.002,0,0,0,0,2,0.003,1,0.001,1,0.002,0,0,1,0.003,1,0.004,0,0
Region 44,Region 67,0,0,1,0.011,1,0.015,0,0,0,0,0,0,0,0,0,0,0,0,0,0,0,0,0,0,0,0,0,0,0,0,0,0,0,0,0,0,0,0,0,0,0,0,0,0,0,0,0,0
Region 44,Region 68,0,0,0,0,0,0,0,0,0,0,0,0,0,0,1,0.001,0,0,0,0,2,0.003,2,0.003,0,0,0,0,0,0,2,0.003,0,0,0,0,0,0,1,0.002,0,0,0,0,0,0,0,0
Region 44,Region 69,2,0.012,1,0.011,0,0,0,0,0,0,2,0.008,7,0.014,31,0.039,21,0.025,17,0.024,5,0.009,4,0.007,3,0.005,2,0.003,2,0.003,3,0.004,3,0.004,8,0.01,2,0.003,3,0.006,0,0,1,0.003,4,0.015,1,0.006
Region 44,Region 70,0,0,0,0,0,0,0,0,0,0,0,0,0,0,1,0.001,0,0,0,0,0,0,0,0,0,0,1,0.002,0,0,0,0,1,0.001,0,0,0,0,0,0,0,0,0,0,0,0,0,0
Region 44,Region 71,0,0,0,0,0,0,0,0,0,0,0,0,2,0.004,4,0.005,3,0.004,1,0.001,0,0,0,0,0,0,0,0,1,0.002,0,0,0,0,1,0.001,1,0.001,0,0,0,0,0,0,0,0,0,0
Region 44,Region 72,0,0,0,0,0,0,1,0.014,0,0,0,0,0,0,2,0.003,4,0.005,3,0.004,5,0.009,7,0.012,3,0.005,5,0.008,5,0.008,4,0.006,1,0.001,3,0.004,3,0.004,1,0.002,3,0.007,2,0.005,4,0.015,1,0.006
Region 45,Region 0,0,0,0,0,0,0,0,0,0,0,0,0,0,0,0,0,0,0,0,0,0,0,0,0,1,0.002,0,0,0,0,0,0,0,0,0,0,0,0,0,0,1,0.002,1,0.003,0,0,0,0
Region 45,Region 1,3,0.018,6,0.066,0,0,1,0.014,1,0.009,0,0,3,0.006,22,0.028,37,0.043,39,0.055,20,0.034,23,0.039,19,0.031,20,0.033,16,0.026,13,0.019,9,0.013,17,0.022,28,0.038,21,0.039,23,0.053,30,0.082,18,0.068,10,0.055
Region 45,Region 2,0,0,1,0.011,0,0,0,0,0,0,0,0,0,0,1,0.001,1,0.001,2,0.003,2,0.003,4,0.007,0,0,1,0.002,0,0,1,0.001,1,0.001,0,0,1,0.001,1,0.002,1,0.002,1,0.003,3,0.011,5,0.028
Region 45,Region 3,0,0,0,0,0,0,1,0.014,0,0,0,0,0,0,2,0.003,0,0,1,0.001,2,0.003,2,0.003,1,0.002,3,0.005,1,0.002,0,0,1,0.001,0,0,0,0,2,0.004,3,0.007,1,0.003,3,0.011,0,0
Region 45,Region 4,5,0.03,2,0.022,1,0.015,0,0,1,0.009,0,0,0,0,8,0.01,4,0.005,1,0.001,4,0.007,6,0.01,7,0.011,7,0.011,5,0.008,10,0.015,14,0.02,11,0.014,10,0.014,4,0.007,4,0.009,1,0.003,4,0.015,3,0.017
Region 45,Region 5,1,0.006,0,0,0,0,0,0,0,0,0,0,0,0,0,0,0,0,1,0.001,1,0.002,1,0.002,1,0.002,0,0,0,0,1,0.001,1,0.001,0,0,3,0.004,0,0,0,0,1,0.003,1,0.004,0,0
Region 45,Region 6,5,0.03,0,0,2,0.03,0,0,1,0.009,1,0.004,5,0.01,4,0.005,3,0.004,7,0.01,6,0.01,7,0.012,4,0.007,3,0.005,12,0.019,11,0.016,4,0.006,3,0.004,4,0.005,5,0.009,1,0.002,5,0.014,3,0.011,5,0.028
Region 45,Region 7,0,0,0,0,0,0,0,0,0,0,2,0.008,2,0.004,1,0.001,1,0.001,1,0.001,1,0.002,2,0.003,0,0,1,0.002,4,0.006,2,0.003,1,0.001,2,0.003,0,0,1,0.002,1,0.002,1,0.003,0,0,1,0.006
Region 45,Region 8,0,0,0,0,0,0,0,0,0,0,0,0,2,0.004,1,0.001,0,0,0,0,0,0,1,0.002,0,0,0,0,0,0,0,0,0,0,1,0.001,0,0,0,0,0,0,0,0,0,0,0,0
Region 45,Region 9,2,0.012,1,0.011,1,0.015,0,0,0,0,1,0.004,0,0,0,0,2,0.002,3,0.004,1,0.002,0,0,1,0.002,2,0.003,2,0.003,2,0.003,0,0,3,0.004,1,0.001,2,0.004,0,0,1,0.003,1,0.004,1,0.006
Region 45,Region 10,1,0.006,0,0,0,0,0,0,0,0,1,0.004,5,0.01,19,0.024,19,0.022,21,0.03,6,0.01,9,0.015,3,0.005,7,0.011,7,0.011,11,0.016,6,0.009,12,0.015,11,0.015,13,0.024,5,0.012,6,0.016,7,0.027,2,0.011
Region 45,Region 11,1,0.006,0,0,0,0,0,0,0,0,0,0,0,0,1,0.001,0,0,0,0,0,0,1,0.002,1,0.002,0,0,1,0.002,1,0.001,1,0.001,3,0.004,0,0,1,0.002,1,0.002,1,0.003,0,0,3,0.017
Region 45,Region 12,0,0,0,0,0,0,0,0,0,0,0,0,1,0.002,1,0.001,4,0.005,4,0.006,2,0.003,4,0.007,2,0.003,3,0.005,7,0.011,7,0.01,5,0.007,7,0.009,4,0.005,3,0.006,3,0.007,7,0.019,3,0.011,0,0
Region 45,Region 13,14,0.084,5,0.055,6,0.09,3,0.043,5,0.043,8,0.031,19,0.039,70,0.089,176,0.206,124,0.175,73,0.125,59,0.101,70,0.114,81,0.132,72,0.116,55,0.08,73,0.105,61,0.078,75,0.102,73,0.134,61,0.14,52,0.142,37,0.14,24,0.133
Region 45,Region 14,0,0,0,0,0,0,1,0.014,0,0,0,0,1,0.002,4,0.005,4,0.005,2,0.003,3,0.005,0,0,2,0.003,3,0.005,1,0.002,2,0.003,2,0.003,3,0.004,2,0.003,2,0.004,2,0.005,1,0.003,0,0,0,0
Region 45,Region 15,0,0,0,0,0,0,0,0,0,0,1,0.004,1,0.002,1,0.001,2,0.002,1,0.001,2,0.003,0,0,2,0.003,1,0.002,2,0.003,2,0.003,1,0.001,4,0.005,1,0.001,3,0.006,1,0.002,1,0.003,2,0.008,0,0
Region 45,Region 16,0,0,0,0,0,0,0,0,0,0,0,0,0,0,0,0,0,0,0,0,0,0,0,0,0,0,1,0.002,0,0,0,0,0,0,0,0,0,0,0,0,0,0,1,0.003,0,0,0,0
Region 45,Region 17,7,0.042,0,0,4,0.06,0,0,3,0.026,2,0.008,9,0.018,30,0.038,36,0.042,41,0.058,48,0.082,58,0.099,46,0.075,68,0.111,48,0.077,49,0.071,69,0.099,83,0.107,94,0.128,53,0.098,57,0.131,38,0.104,25,0.095,8,0.044
Region 45,Region 18,0,0,0,0,0,0,0,0,0,0,0,0,1,0.002,0,0,1,0.001,0,0,0,0,0,0,2,0.003,0,0,0,0,0,0,1,0.001,0,0,1,0.001,1,0.002,0,0,0,0,0,0,0,0
Region 45,Region 19,0,0,0,0,0,0,0,0,0,0,0,0,1,0.002,0,0,3,0.004,0,0,0,0,1,0.002,0,0,1,0.002,1,0.002,1,0.001,0,0,1,0.001,4,0.005,0,0,0,0,0,0,1,0.004,1,0.006
Region 45,Region 20,5,0.03,0,0,0,0,0,0,1,0.009,0,0,1,0.002,13,0.016,16,0.019,19,0.027,13,0.022,8,0.014,12,0.02,7,0.011,9,0.014,10,0.015,4,0.006,6,0.008,13,0.018,9,0.017,8,0.018,6,0.016,1,0.004,1,0.006
Region 45,Region 21,0,0,0,0,0,0,0,0,0,0,0,0,0,0,0,0,0,0,2,0.003,0,0,0,0,0,0,1,0.002,0,0,1,0.001,0,0,0,0,2,0.003,1,0.002,2,0.005,2,0.005,0,0,0,0
Region 45,Region 22,0,0,0,0,0,0,0,0,0,0,0,0,0,0,0,0,0,0,0,0,1,0.002,0,0,1,0.002,0,0,0,0,0,0,0,0,0,0,0,0,1,0.002,2,0.005,0,0,0,0,1,0.006
Region 45,Region 23,0,0,1,0.011,0,0,1,0.014,1,0.009,1,0.004,2,0.004,6,0.008,11,0.013,8,0.011,6,0.01,8,0.014,11,0.018,6,0.01,8,0.013,8,0.012,4,0.006,10,0.013,6,0.008,2,0.004,11,0.025,6,0.016,6,0.023,4,0.022
Region 45,Region 24,8,0.048,4,0.044,3,0.045,2,0.029,3,0.026,7,0.027,9,0.018,17,0.022,31,0.036,37,0.052,41,0.07,45,0.077,42,0.068,52,0.085,35,0.056,50,0.073,57,0.082,60,0.077,87,0.118,57,0.105,47,0.108,33,0.09,32,0.121,16,0.088
Region 45,Region 25,0,0,1,0.011,0,0,0,0,1,0.009,1,0.004,4,0.008,11,0.014,17,0.02,13,0.018,8,0.014,4,0.007,6,0.01,9,0.015,3,0.005,2,0.003,4,0.006,4,0.005,4,0.005,3,0.006,4,0.009,5,0.014,4,0.015,2,0.011
Region 45,Region 26,0,0,0,0,0,0,0,0,0,0,0,0,1,0.002,0,0,3,0.004,3,0.004,3,0.005,1,0.002,2,0.003,1,0.002,0,0,0,0,0,0,1,0.001,2,0.003,6,0.011,1,0.002,1,0.003,0,0,1,0.006
Region 45,Region 27,0,0,0,0,0,0,0,0,1,0.009,0,0,1,0.002,1,0.001,0,0,0,0,1,0.002,2,0.003,0,0,1,0.002,0,0,1,0.001,1,0.001,0,0,0,0,0,0,0,0,1,0.003,1,0.004,0,0
Region 45,Region 28,5,0.03,11,0.121,2,0.03,1,0.014,0,0,5,0.019,12,0.025,33,0.042,32,0.037,39,0.055,37,0.063,31,0.053,30,0.049,26,0.042,36,0.058,44,0.064,42,0.06,56,0.072,53,0.072,63,0.116,46,0.106,31,0.085,30,0.114,16,0.088
Region 45,Region 29,8,0.048,4,0.044,1,0.015,1,0.014,0,0,0,0,3,0.006,12,0.015,16,0.019,23,0.033,14,0.024,10,0.017,18,0.029,10,0.016,21,0.034,12,0.017,11,0.016,16,0.021,14,0.019,12,0.022,3,0.007,12,0.033,13,0.049,13,0.072
Region 45,Region 30,4,0.024,4,0.044,0,0,0,0,0,0,2,0.008,8,0.016,21,0.027,56,0.065,40,0.057,17,0.029,10,0.017,20,0.033,9,0.015,12,0.019,17,0.025,19,0.027,28,0.036,19,0.026,21,0.039,11,0.025,15,0.041,15,0.057,10,0.055
Region 45,Region 31,12,0.072,7,0.077,7,0.105,7,0.1,3,0.026,9,0.035,24,0.049,47,0.06,57,0.067,69,0.098,55,0.094,68,0.117,63,0.103,83,0.135,75,0.12,68,0.099,77,0.111,101,0.13,102,0.139,112,0.206,72,0.166,58,0.159,53,0.201,17,0.094
Region 45,Region 32,0,0,0,0,0,0,0,0,0,0,0,0,0,0,0,0,0,0,0,0,0,0,0,0,0,0,0,0,1,0.002,0,0,0,0,0,0,0,0,0,0,0,0,0,0,0,0,0,0
Region 45,Region 33,10,0.06,4,0.044,3,0.045,1,0.014,2,0.017,5,0.019,21,0.043,56,0.071,79,0.092,56,0.079,44,0.075,36,0.062,28,0.046,22,0.036,22,0.035,22,0.032,15,0.022,28,0.036,29,0.039,23,0.042,17,0.039,33,0.09,20,0.076,11,0.061
Region 45,Region 34,18,0.108,5,0.055,5,0.075,3,0.043,2,0.017,9,0.035,26,0.053,58,0.074,128,0.15,77,0.109,68,0.117,49,0.084,66,0.107,65,0.106,53,0.085,70,0.102,64,0.092,90,0.116,84,0.114,62,0.114,74,0.17,84,0.23,56,0.213,33,0.182
Region 45,Region 35,1,0.006,0,0,0,0,0,0,0,0,1,0.004,2,0.004,8,0.01,10,0.012,6,0.008,10,0.017,7,0.012,7,0.011,5,0.008,2,0.003,2,0.003,2,0.003,6,0.008,6,0.008,6,0.011,3,0.007,9,0.025,5,0.019,2,0.011
Region 45,Region 36,0,0,0,0,0,0,0,0,0,0,1,0.004,2,0.004,0,0,1,0.001,2,0.003,0,0,1,0.002,0,0,0,0,0,0,1,0.001,0,0,0,0,2,0.003,1,0.002,0,0,0,0,0,0,0,0
Region 45,Region 37,3,0.018,3,0.033,0,0,0,0,0,0,3,0.012,4,0.008,23,0.029,25,0.029,32,0.045,32,0.055,29,0.05,33,0.054,36,0.059,31,0.05,31,0.045,46,0.066,57,0.073,64,0.087,37,0.068,33,0.076,23,0.063,24,0.091,8,0.044
Region 45,Region 38,0,0,0,0,1,0.015,0,0,0,0,0,0,1,0.002,1,0.001,4,0.005,4,0.006,3,0.005,5,0.009,1,0.002,11,0.018,4,0.006,5,0.007,0,0,5,0.006,11,0.015,3,0.006,4,0.009,6,0.016,4,0.015,3,0.017
Region 45,Region 39,1,0.006,0,0,0,0,0,0,0,0,1,0.004,0,0,1,0.001,1,0.001,1,0.001,0,0,0,0,1,0.002,1,0.002,1,0.002,2,0.003,0,0,2,0.003,0,0,2,0.004,0,0,2,0.005,0,0,0,0
Region 45,Region 40,17,0.102,7,0.077,5,0.075,6,0.086,2,0.017,4,0.016,17,0.035,21,0.027,32,0.037,30,0.042,36,0.062,26,0.045,39,0.063,56,0.091,50,0.08,47,0.069,78,0.112,94,0.121,94,0.128,52,0.096,53,0.122,44,0.12,40,0.152,18,0.1
Region 45,Region 41,8,0.048,4,0.044,1,0.015,0,0,2,0.017,5,0.019,17,0.035,40,0.051,31,0.036,21,0.03,14,0.024,18,0.031,30,0.049,30,0.049,25,0.04,20,0.029,19,0.027,16,0.021,28,0.038,23,0.042,14,0.032,11,0.03,8,0.03,6,0.033
Region 45,Region 42,0,0,0,0,0,0,0,0,0,0,0,0,0,0,4,0.005,1,0.001,1,0.001,0,0,2,0.003,3,0.005,1,0.002,1,0.002,0,0,0,0,0,0,0,0,0,0,1,0.002,3,0.008,2,0.008,0,0
Region 45,Region 43,1,0.006,1,0.011,0,0,0,0,0,0,1,0.004,1,0.002,2,0.003,5,0.006,2,0.003,0,0,4,0.007,3,0.005,4,0.007,7,0.011,2,0.003,3,0.004,5,0.006,9,0.012,4,0.007,2,0.005,4,0.011,3,0.011,3,0.017
Region 45,Region 44,5,0.03,3,0.033,1,0.015,1,0.014,0,0,1,0.004,6,0.012,15,0.019,16,0.019,10,0.014,8,0.014,6,0.01,11,0.018,27,0.044,11,0.018,17,0.025,10,0.014,16,0.021,16,0.022,15,0.028,16,0.037,14,0.038,11,0.042,10,0.055
Region 45,Region 45,24,0.144,12,0.132,17,0.254,6,0.086,8,0.068,15,0.058,43,0.088,107,0.136,156,0.182,187,0.265,147,0.252,155,0.266,208,0.338,198,0.322,169,0.272,196,0.286,242,0.348,316,0.406,336,0.457,308,0.567,198,0.456,135,0.369,88,0.334,35,0.193
Region 45,Region 46,6,0.036,3,0.033,7,0.105,3,0.043,6,0.051,22,0.085,38,0.078,58,0.074,79,0.092,45,0.064,23,0.039,31,0.053,27,0.044,44,0.072,32,0.051,28,0.041,31,0.045,38,0.049,35,0.048,40,0.074,58,0.134,26,0.071,31,0.118,13,0.072
Region 45,Region 47,2,0.012,3,0.033,0,0,0,0,1,0.009,0,0,3,0.006,3,0.004,2,0.002,5,0.007,4,0.007,3,0.005,3,0.005,5,0.008,6,0.01,6,0.009,0,0,13,0.017,5,0.007,8,0.015,3,0.007,6,0.016,5,0.019,2,0.011
Region 45,Region 48,1,0.006,0,0,0,0,1,0.014,1,0.009,0,0,1,0.002,0,0,4,0.005,4,0.006,0,0,4,0.007,2,0.003,2,0.003,0,0,2,0.003,2,0.003,2,0.003,4,0.005,1,0.002,1,0.002,2,0.005,1,0.004,0,0
Region 45,Region 49,0,0,0,0,0,0,0,0,0,0,0,0,1,0.002,1,0.001,1,0.001,2,0.003,4,0.007,0,0,1,0.002,0,0,1,0.002,1,0.001,0,0,3,0.004,2,0.003,2,0.004,1,0.002,0,0,1,0.004,0,0
Region 45,Region 50,0,0,0,0,0,0,0,0,0,0,0,0,1,0.002,3,0.004,1,0.001,1,0.001,0,0,2,0.003,2,0.003,0,0,3,0.005,0,0,2,0.003,2,0.003,2,0.003,2,0.004,0,0,2,0.005,2,0.008,0,0
Region 45,Region 51,6,0.036,7,0.077,2,0.03,1,0.014,3,0.026,5,0.019,32,0.065,84,0.107,57,0.067,28,0.04,26,0.045,15,0.026,21,0.034,22,0.036,16,0.026,18,0.026,11,0.016,21,0.027,24,0.033,16,0.029,15,0.035,11,0.03,11,0.042,7,0.039
Region 45,Region 52,0,0,1,0.011,0,0,0,0,0,0,1,0.004,1,0.002,3,0.004,2,0.002,4,0.006,2,0.003,2,0.003,5,0.008,3,0.005,3,0.005,1,0.001,9,0.013,7,0.009,13,0.018,6,0.011,5,0.012,2,0.005,4,0.015,2,0.011
Region 45,Region 53,0,0,0,0,0,0,0,0,0,0,0,0,0,0,0,0,0,0,0,0,0,0,0,0,2,0.003,0,0,0,0,0,0,0,0,0,0,0,0,1,0.002,1,0.002,1,0.003,0,0,0,0
Region 45,Region 54,4,0.024,2,0.022,1,0.015,0,0,1,0.009,0,0,3,0.006,4,0.005,8,0.009,7,0.01,8,0.014,5,0.009,8,0.013,11,0.018,6,0.01,8,0.012,6,0.009,5,0.006,11,0.015,8,0.015,6,0.014,10,0.027,1,0.004,6,0.033
Region 45,Region 55,0,0,0,0,0,0,0,0,0,0,2,0.008,0,0,6,0.008,7,0.008,4,0.006,4,0.007,4,0.007,2,0.003,0,0,4,0.006,6,0.009,5,0.007,2,0.003,3,0.004,5,0.009,0,0,2,0.005,3,0.011,3,0.017
Region 45,Region 56,1,0.006,0,0,0,0,0,0,0,0,0,0,0,0,2,0.003,0,0,0,0,1,0.002,1,0.002,0,0,0,0,0,0,2,0.003,1,0.001,2,0.003,1,0.001,0,0,1,0.002,0,0,0,0,0,0
Region 45,Region 57,0,0,0,0,1,0.015,0,0,0,0,0,0,1,0.002,0,0,0,0,1,0.001,0,0,0,0,0,0,1,0.002,0,0,0,0,1,0.001,1,0.001,0,0,0,0,0,0,0,0,0,0,0,0
Region 45,Region 58,6,0.036,2,0.022,3,0.045,1,0.014,3,0.026,6,0.023,8,0.016,33,0.042,29,0.034,23,0.033,19,0.033,19,0.033,17,0.028,16,0.026,18,0.029,17,0.025,8,0.012,22,0.028,22,0.03,20,0.037,15,0.035,18,0.049,8,0.03,9,0.05
Region 45,Region 59,0,0,0,0,0,0,0,0,0,0,0,0,0,0,1,0.001,0,0,1,0.001,1,0.002,0,0,0,0,1,0.002,2,0.003,1,0.001,0,0,0,0,1,0.001,1,0.002,1,0.002,0,0,0,0,0,0
Region 45,Region 60,1,0.006,0,0,0,0,0,0,0,0,0,0,0,0,3,0.004,3,0.004,3,0.004,2,0.003,1,0.002,3,0.005,1,0.002,0,0,3,0.004,3,0.004,2,0.003,2,0.003,1,0.002,2,0.005,1,0.003,2,0.008,1,0.006
Region 45,Region 61,1,0.006,0,0,1,0.015,0,0,1,0.009,2,0.008,1,0.002,3,0.004,2,0.002,3,0.004,2,0.003,7,0.012,3,0.005,6,0.01,2,0.003,3,0.004,2,0.003,2,0.003,3,0.004,3,0.006,3,0.007,8,0.022,0,0,0,0
Region 45,Region 62,0,0,0,0,0,0,0,0,0,0,0,0,0,0,0,0,3,0.004,0,0,1,0.002,3,0.005,0,0,0,0,0,0,1,0.001,0,0,1,0.001,0,0,0,0,3,0.007,0,0,0,0,1,0.006
Region 45,Region 63,0,0,1,0.011,0,0,0,0,0,0,0,0,3,0.006,4,0.005,2,0.002,7,0.01,4,0.007,4,0.007,11,0.018,3,0.005,3,0.005,6,0.009,8,0.012,9,0.012,13,0.018,7,0.013,7,0.016,2,0.005,3,0.011,7,0.039
Region 45,Region 64,0,0,1,0.011,2,0.03,0,0,2,0.017,0,0,0,0,1,0.001,3,0.004,1,0.001,1,0.002,0,0,2,0.003,0,0,1,0.002,2,0.003,1,0.001,4,0.005,2,0.003,2,0.004,1,0.002,3,0.008,2,0.008,7,0.039
Region 45,Region 65,2,0.012,0,0,0,0,0,0,0,0,2,0.008,4,0.008,6,0.008,17,0.02,16,0.023,8,0.014,5,0.009,4,0.007,5,0.008,7,0.011,9,0.013,7,0.01,12,0.015,7,0.01,11,0.02,10,0.023,14,0.038,2,0.008,4,0.022
Region 45,Region 66,3,0.018,2,0.022,0,0,0,0,0,0,0,0,2,0.004,4,0.005,3,0.004,4,0.006,4,0.007,3,0.005,2,0.003,4,0.007,6,0.01,3,0.004,4,0.006,5,0.006,9,0.012,2,0.004,6,0.014,5,0.014,4,0.015,0,0
Region 45,Region 67,0,0,0,0,0,0,0,0,0,0,0,0,0,0,0,0,0,0,0,0,1,0.002,0,0,0,0,0,0,0,0,0,0,0,0,0,0,0,0,0,0,0,0,0,0,0,0,0,0
Region 45,Region 68,0,0,0,0,0,0,0,0,0,0,0,0,0,0,1,0.001,2,0.002,3,0.004,6,0.01,1,0.002,0,0,0,0,3,0.005,2,0.003,1,0.001,2,0.003,3,0.004,1,0.002,0,0,0,0,0,0,0,0
Region 45,Region 69,1,0.006,1,0.011,2,0.03,0,0,0,0,5,0.019,7,0.014,23,0.029,21,0.025,9,0.013,7,0.012,8,0.014,9,0.015,4,0.007,5,0.008,7,0.01,5,0.007,9,0.012,9,0.012,4,0.007,11,0.025,9,0.025,12,0.046,4,0.022
Region 45,Region 70,0,0,0,0,0,0,0,0,0,0,0,0,0,0,1,0.001,0,0,2,0.003,0,0,0,0,1,0.002,1,0.002,0,0,0,0,1,0.001,0,0,0,0,0,0,1,0.002,1,0.003,0,0,0,0
Region 45,Region 71,1,0.006,0,0,0,0,0,0,1,0.009,0,0,2,0.004,3,0.004,5,0.006,4,0.006,3,0.005,3,0.005,0,0,2,0.003,4,0.006,1,0.001,0,0,0,0,2,0.003,2,0.004,1,0.002,0,0,1,0.004,0,0
Region 45,Region 72,6,0.036,16,0.176,3,0.045,3,0.043,2,0.017,9,0.035,29,0.059,66,0.084,59,0.069,44,0.062,52,0.089,33,0.057,37,0.06,49,0.08,42,0.067,35,0.051,25,0.036,25,0.032,41,0.056,44,0.081,38,0.088,32,0.088,19,0.072,20,0.111
Region 46,Region 0,1,0.006,0,0,0,0,0,0,0,0,0,0,0,0,0,0,0,0,0,0,0,0,0,0,0,0,0,0,0,0,1,0.001,0,0,1,0.001,1,0.001,0,0,0,0,1,0.003,0,0,0,0
Region 46,Region 1,43,0.258,9,0.099,8,0.12,5,0.071,13,0.111,45,0.175,84,0.172,77,0.098,61,0.071,51,0.072,83,0.142,66,0.113,57,0.093,75,0.122,71,0.114,61,0.089,49,0.071,70,0.09,93,0.127,57,0.105,57,0.131,55,0.151,44,0.167,34,0.188
Region 46,Region 2,2,0.012,1,0.011,1,0.015,2,0.029,1,0.009,1,0.004,3,0.006,3,0.004,2,0.002,1,0.001,4,0.007,2,0.003,3,0.005,7,0.011,5,0.008,3,0.004,3,0.004,8,0.01,8,0.011,2,0.004,3,0.007,3,0.008,4,0.015,4,0.022
Region 46,Region 3,2,0.012,0,0,1,0.015,0,0,2,0.017,1,0.004,2,0.004,5,0.006,2,0.002,2,0.003,2,0.003,6,0.01,2,0.003,2,0.003,2,0.003,6,0.009,11,0.016,3,0.004,3,0.004,2,0.004,4,0.009,2,0.005,2,0.008,1,0.006
Region 46,Region 4,1,0.006,3,0.033,2,0.03,0,0,0,0,2,0.008,6,0.012,9,0.011,5,0.006,4,0.006,2,0.003,8,0.014,5,0.008,7,0.011,2,0.003,2,0.003,7,0.01,7,0.009,2,0.003,5,0.009,2,0.005,4,0.011,1,0.004,3,0.017
Region 46,Region 5,0,0,1,0.011,2,0.03,2,0.029,0,0,1,0.004,3,0.006,1,0.001,3,0.004,4,0.006,3,0.005,3,0.005,5,0.008,2,0.003,6,0.01,3,0.004,7,0.01,3,0.004,0,0,5,0.009,2,0.005,3,0.008,2,0.008,0,0
Region 46,Region 6,4,0.024,2,0.022,1,0.015,2,0.029,2,0.017,5,0.019,6,0.012,5,0.006,7,0.008,4,0.006,3,0.005,6,0.01,13,0.021,13,0.021,19,0.031,29,0.042,18,0.026,16,0.021,22,0.03,12,0.022,7,0.016,5,0.014,4,0.015,3,0.017
Region 46,Region 7,0,0,1,0.011,0,0,0,0,0,0,0,0,0,0,0,0,0,0,1,0.001,0,0,2,0.003,3,0.005,1,0.002,0,0,0,0,2,0.003,1,0.001,1,0.001,0,0,1,0.002,4,0.011,1,0.004,1,0.006
Region 46,Region 8,0,0,0,0,0,0,0,0,0,0,0,0,1,0.002,1,0.001,0,0,2,0.003,1,0.002,1,0.002,0,0,1,0.002,0,0,2,0.003,1,0.001,0,0,2,0.003,1,0.002,2,0.005,0,0,1,0.004,0,0
Region 46,Region 9,6,0.036,3,0.033,0,0,0,0,2,0.017,8,0.031,17,0.035,20,0.025,20,0.023,19,0.027,14,0.024,17,0.029,16,0.026,14,0.023,24,0.039,24,0.035,23,0.033,20,0.026,23,0.031,15,0.028,9,0.021,13,0.036,16,0.061,8,0.044
Region 46,Region 10,12,0.072,6,0.066,8,0.12,5,0.071,12,0.102,33,0.128,65,0.133,65,0.082,47,0.055,34,0.048,31,0.053,39,0.067,40,0.065,34,0.055,28,0.045,23,0.034,20,0.029,24,0.031,34,0.046,31,0.057,31,0.071,16,0.044,15,0.057,12,0.066
Region 46,Region 11,4,0.024,5,0.055,0,0,0,0,3,0.026,2,0.008,5,0.01,11,0.014,10,0.012,9,0.013,10,0.017,22,0.038,12,0.02,13,0.021,12,0.019,21,0.031,21,0.03,24,0.031,19,0.026,11,0.02,8,0.018,7,0.019,9,0.034,4,0.022
Region 46,Region 12,2,0.012,3,0.033,0,0,0,0,1,0.009,8,0.031,23,0.047,30,0.038,24,0.028,16,0.023,9,0.015,14,0.024,17,0.028,21,0.034,13,0.021,15,0.022,18,0.026,19,0.024,17,0.023,12,0.022,10,0.023,5,0.014,10,0.038,5,0.028
Region 46,Region 13,60,0.36,17,0.187,18,0.269,12,0.171,34,0.29,84,0.326,222,0.453,295,0.374,277,0.324,198,0.28,173,0.297,164,0.281,170,0.277,161,0.262,143,0.23,168,0.245,142,0.204,168,0.216,154,0.21,70,0.129,86,0.198,79,0.216,69,0.262,48,0.265
Region 46,Region 14,0,0,1,0.011,0,0,0,0,0,0,1,0.004,3,0.006,1,0.001,3,0.004,3,0.004,6,0.01,3,0.005,1,0.002,1,0.002,3,0.005,3,0.004,3,0.004,7,0.009,7,0.01,3,0.006,1,0.002,3,0.008,3,0.011,0,0
Region 46,Region 15,6,0.036,2,0.022,2,0.03,1,0.014,2,0.017,2,0.008,3,0.006,6,0.008,11,0.013,10,0.014,4,0.007,7,0.012,5,0.008,7,0.011,8,0.013,11,0.016,8,0.012,10,0.013,14,0.019,12,0.022,7,0.016,5,0.014,2,0.008,6,0.033
Region 46,Region 16,1,0.006,0,0,0,0,0,0,0,0,0,0,0,0,0,0,0,0,0,0,0,0,0,0,0,0,0,0,0,0,0,0,0,0,0,0,0,0,0,0,0,0,1,0.003,0,0,0,0
Region 46,Region 17,6,0.036,2,0.022,2,0.03,1,0.014,2,0.017,4,0.016,15,0.031,13,0.016,4,0.005,9,0.013,15,0.026,14,0.024,19,0.031,20,0.033,14,0.022,13,0.019,17,0.024,21,0.027,17,0.023,8,0.015,12,0.028,16,0.044,7,0.027,7,0.039
Region 46,Region 18,6,0.036,3,0.033,1,0.015,0,0,1,0.009,2,0.008,5,0.01,10,0.013,14,0.016,8,0.011,6,0.01,6,0.01,4,0.007,7,0.011,8,0.013,9,0.013,5,0.007,6,0.008,9,0.012,5,0.009,3,0.007,2,0.005,4,0.015,5,0.028
Region 46,Region 19,4,0.024,0,0,0,0,1,0.014,0,0,0,0,0,0,1,0.001,2,0.002,1,0.001,1,0.002,0,0,0,0,2,0.003,0,0,1,0.001,3,0.004,0,0,1,0.001,2,0.004,0,0,1,0.003,0,0,0,0
Region 46,Region 20,38,0.228,9,0.099,4,0.06,4,0.057,9,0.077,20,0.078,48,0.098,51,0.065,65,0.076,48,0.068,82,0.141,87,0.149,67,0.109,56,0.091,78,0.125,58,0.085,52,0.075,49,0.063,57,0.078,50,0.092,37,0.085,38,0.104,40,0.152,19,0.105
Region 46,Region 21,0,0,1,0.011,0,0,0,0,0,0,0,0,0,0,0,0,0,0,0,0,0,0,0,0,0,0,1,0.002,2,0.003,1,0.001,0,0,0,0,0,0,0,0,1,0.002,1,0.003,0,0,0,0
Region 46,Region 22,1,0.006,1,0.011,0,0,0,0,0,0,1,0.004,0,0,0,0,0,0,0,0,0,0,0,0,0,0,0,0,1,0.002,0,0,0,0,0,0,1,0.001,0,0,0,0,0,0,2,0.008,1,0.006
Region 46,Region 23,42,0.252,15,0.165,8,0.12,6,0.086,11,0.094,48,0.186,78,0.159,117,0.148,86,0.1,98,0.139,92,0.158,71,0.122,70,0.114,80,0.13,88,0.141,90,0.131,134,0.193,138,0.177,93,0.127,61,0.112,48,0.111,55,0.151,44,0.167,28,0.155
Region 46,Region 24,12,0.072,4,0.044,2,0.03,2,0.029,5,0.043,5,0.019,15,0.031,20,0.025,6,0.007,18,0.025,23,0.039,24,0.041,25,0.041,24,0.039,22,0.035,20,0.029,28,0.04,36,0.046,37,0.05,30,0.055,20,0.046,19,0.052,13,0.049,11,0.061
Region 46,Region 25,29,0.174,2,0.022,3,0.045,1,0.014,3,0.026,8,0.031,24,0.049,39,0.049,31,0.036,30,0.042,40,0.069,25,0.043,19,0.031,27,0.044,23,0.037,18,0.026,13,0.019,40,0.051,52,0.071,27,0.05,17,0.039,27,0.074,11,0.042,7,0.039
Region 46,Region 26,0,0,1,0.011,1,0.015,1,0.014,3,0.026,2,0.008,3,0.006,8,0.01,3,0.004,4,0.006,2,0.003,2,0.003,4,0.007,7,0.011,9,0.014,9,0.013,3,0.004,4,0.005,8,0.011,10,0.018,3,0.007,1,0.003,4,0.015,4,0.022
Region 46,Region 27,0,0,0,0,0,0,0,0,0,0,0,0,1,0.002,4,0.005,1,0.001,0,0,1,0.002,1,0.002,3,0.005,2,0.003,0,0,1,0.001,0,0,1,0.001,1,0.001,0,0,2,0.005,0,0,0,0,0,0
Region 46,Region 28,25,0.15,7,0.077,3,0.045,2,0.029,5,0.043,15,0.058,24,0.049,15,0.019,19,0.022,22,0.031,20,0.034,21,0.036,21,0.034,24,0.039,23,0.037,29,0.042,21,0.03,26,0.033,27,0.037,27,0.05,21,0.048,19,0.052,18,0.068,14,0.077
Region 46,Region 29,9,0.054,5,0.055,2,0.03,1,0.014,2,0.017,11,0.043,19,0.039,38,0.048,46,0.054,33,0.047,35,0.06,28,0.048,19,0.031,20,0.033,29,0.047,22,0.032,28,0.04,42,0.054,31,0.042,26,0.048,18,0.041,16,0.044,17,0.065,10,0.055
Region 46,Region 30,14,0.084,4,0.044,2,0.03,1,0.014,5,0.043,27,0.105,36,0.074,37,0.047,32,0.037,43,0.061,41,0.07,59,0.101,48,0.078,41,0.067,36,0.058,41,0.06,30,0.043,47,0.06,45,0.061,31,0.057,24,0.055,19,0.052,14,0.053,11,0.061
Region 46,Region 31,17,0.102,6,0.066,2,0.03,10,0.143,17,0.145,24,0.093,44,0.09,44,0.056,47,0.055,43,0.061,48,0.082,36,0.062,44,0.072,41,0.067,37,0.059,49,0.071,28,0.04,45,0.058,55,0.075,47,0.087,38,0.088,21,0.057,14,0.053,6,0.033
Region 46,Region 32,0,0,0,0,0,0,0,0,0,0,0,0,0,0,0,0,0,0,0,0,0,0,0,0,0,0,2,0.003,0,0,1,0.001,2,0.003,3,0.004,0,0,1,0.002,0,0,1,0.003,0,0,1,0.006
Region 46,Region 33,90,0.54,33,0.363,7,0.105,12,0.171,23,0.196,63,0.244,85,0.174,127,0.161,122,0.143,104,0.147,133,0.228,118,0.202,106,0.172,125,0.204,110,0.177,90,0.131,57,0.082,91,0.117,122,0.166,123,0.226,180,0.415,126,0.345,112,0.425,44,0.243
Region 46,Region 34,69,0.414,21,0.231,11,0.165,12,0.171,49,0.417,100,0.388,179,0.366,159,0.202,139,0.162,111,0.157,125,0.214,129,0.221,131,0.213,157,0.256,101,0.162,111,0.162,104,0.15,140,0.18,151,0.205,115,0.212,111,0.256,84,0.23,69,0.262,54,0.299
Region 46,Region 35,19,0.114,1,0.011,4,0.06,1,0.014,4,0.034,13,0.05,16,0.033,24,0.03,23,0.027,23,0.033,32,0.055,31,0.053,32,0.052,30,0.049,18,0.029,20,0.029,29,0.042,40,0.051,52,0.071,27,0.05,32,0.074,25,0.068,21,0.08,12,0.066
Region 46,Region 36,0,0,0,0,0,0,0,0,0,0,0,0,1,0.002,0,0,0,0,0,0,0,0,1,0.002,1,0.002,2,0.003,3,0.005,2,0.003,2,0.003,1,0.001,0,0,0,0,3,0.007,0,0,1,0.004,0,0
Region 46,Region 37,7,0.042,3,0.033,3,0.045,2,0.029,3,0.026,4,0.016,8,0.016,18,0.023,16,0.019,10,0.014,12,0.021,13,0.022,21,0.034,10,0.016,12,0.019,22,0.032,25,0.036,40,0.051,26,0.035,25,0.046,20,0.046,13,0.036,9,0.034,4,0.022
Region 46,Region 38,2,0.012,3,0.033,0,0,2,0.029,5,0.043,4,0.016,10,0.02,26,0.033,30,0.035,13,0.018,10,0.017,12,0.021,12,0.02,14,0.023,13,0.021,24,0.035,28,0.04,22,0.028,19,0.026,17,0.031,11,0.025,8,0.022,7,0.027,1,0.006
Region 46,Region 39,1,0.006,0,0,0,0,0,0,2,0.017,0,0,0,0,5,0.006,4,0.005,1,0.001,0,0,1,0.002,1,0.002,0,0,1,0.002,0,0,1,0.001,1,0.001,1,0.001,0,0,0,0,1,0.003,2,0.008,1,0.006
Region 46,Region 40,43,0.258,16,0.176,12,0.18,10,0.143,15,0.128,22,0.085,22,0.045,9,0.011,16,0.019,15,0.021,26,0.045,41,0.07,44,0.072,59,0.096,104,0.167,80,0.117,102,0.147,80,0.103,85,0.116,52,0.096,39,0.09,32,0.088,37,0.14,25,0.138
Region 46,Region 41,46,0.276,24,0.264,15,0.224,12,0.171,26,0.221,45,0.175,70,0.143,94,0.119,96,0.112,100,0.142,106,0.182,95,0.163,117,0.19,125,0.204,112,0.18,117,0.171,140,0.201,112,0.144,117,0.159,115,0.212,92,0.212,75,0.205,68,0.258,51,0.282
Region 46,Region 42,4,0.024,1,0.011,1,0.015,0,0,1,0.009,4,0.016,6,0.012,4,0.005,4,0.005,7,0.01,8,0.014,9,0.015,6,0.01,5,0.008,7,0.011,11,0.016,6,0.009,4,0.005,4,0.005,5,0.009,8,0.018,3,0.008,5,0.019,3,0.017
Region 46,Region 43,3,0.018,0,0,0,0,1,0.014,1,0.009,2,0.008,5,0.01,2,0.003,4,0.005,3,0.004,6,0.01,7,0.012,7,0.011,6,0.01,6,0.01,5,0.007,7,0.01,12,0.015,4,0.005,0,0,3,0.007,4,0.011,4,0.015,1,0.006
Region 46,Region 44,21,0.126,9,0.099,5,0.075,1,0.014,4,0.034,7,0.027,10,0.02,5,0.006,5,0.006,9,0.013,9,0.015,18,0.031,21,0.034,15,0.024,15,0.024,26,0.038,19,0.027,32,0.041,20,0.027,15,0.028,20,0.046,9,0.025,17,0.065,15,0.083
Region 46,Region 45,14,0.084,2,0.022,2,0.03,4,0.057,5,0.043,14,0.054,23,0.047,31,0.039,27,0.032,20,0.028,15,0.026,31,0.053,26,0.042,36,0.059,39,0.063,40,0.058,36,0.052,99,0.127,89,0.121,63,0.116,32,0.074,25,0.068,16,0.061,12,0.066
Region 46,Region 46,129,0.775,65,0.714,36,0.539,29,0.413,63,0.537,144,0.558,212,0.433,344,0.436,388,0.453,296,0.419,286,0.49,324,0.556,321,0.522,361,0.588,330,0.53,423,0.617,387,0.557,440,0.566,369,0.502,278,0.512,257,0.592,221,0.605,190,0.721,107,0.592
Region 46,Region 47,12,0.072,15,0.165,4,0.06,3,0.043,10,0.085,17,0.066,30,0.061,58,0.074,62,0.072,44,0.062,30,0.051,31,0.053,30,0.049,36,0.059,38,0.061,56,0.082,45,0.065,51,0.066,37,0.05,28,0.052,22,0.051,16,0.044,21,0.08,14,0.077
Region 46,Region 48,1,0.006,0,0,0,0,1,0.014,1,0.009,0,0,1,0.002,1,0.001,3,0.004,0,0,0,0,2,0.003,1,0.002,4,0.007,2,0.003,4,0.006,1,0.001,2,0.003,1,0.001,0,0,0,0,3,0.008,2,0.008,0,0
Region 46,Region 49,0,0,0,0,0,0,0,0,0,0,0,0,1,0.002,0,0,0,0,0,0,1,0.002,1,0.002,0,0,2,0.003,1,0.002,1,0.001,1,0.001,2,0.003,1,0.001,2,0.004,0,0,2,0.005,2,0.008,4,0.022
Region 46,Region 50,1,0.006,0,0,1,0.015,0,0,1,0.009,2,0.008,2,0.004,3,0.004,0,0,3,0.004,4,0.007,1,0.002,2,0.003,3,0.005,3,0.005,5,0.007,2,0.003,8,0.01,8,0.011,6,0.011,1,0.002,6,0.016,3,0.011,0,0
Region 46,Region 51,124,0.745,34,0.374,18,0.269,18,0.257,42,0.358,159,0.617,251,0.513,211,0.268,155,0.181,206,0.292,248,0.425,196,0.336,164,0.267,188,0.306,168,0.27,181,0.264,124,0.178,155,0.199,198,0.269,188,0.346,246,0.567,148,0.405,170,0.645,94,0.52
Region 46,Region 52,4,0.024,0,0,0,0,1,0.014,0,0,3,0.012,4,0.008,2,0.003,1,0.001,3,0.004,3,0.005,5,0.009,3,0.005,2,0.003,1,0.002,7,0.01,7,0.01,15,0.019,3,0.004,2,0.004,3,0.007,2,0.005,1,0.004,1,0.006
Region 46,Region 53,3,0.018,0,0,2,0.03,0,0,1,0.009,0,0,0,0,2,0.003,1,0.001,0,0,0,0,1,0.002,0,0,0,0,1,0.002,3,0.004,2,0.003,3,0.004,1,0.001,2,0.004,2,0.005,0,0,0,0,0,0
Region 46,Region 54,9,0.054,2,0.022,1,0.015,1,0.014,2,0.017,11,0.043,20,0.041,17,0.022,14,0.016,17,0.024,27,0.046,22,0.038,15,0.024,18,0.029,11,0.018,14,0.02,8,0.012,19,0.024,23,0.031,22,0.041,11,0.025,17,0.047,8,0.03,2,0.011
Region 46,Region 55,21,0.126,9,0.099,3,0.045,8,0.114,18,0.153,52,0.202,71,0.145,129,0.164,141,0.165,115,0.163,65,0.111,61,0.105,71,0.116,67,0.109,73,0.117,64,0.093,101,0.145,86,0.111,66,0.09,49,0.09,48,0.111,28,0.077,31,0.118,25,0.138
Region 46,Region 56,0,0,0,0,0,0,1,0.014,1,0.009,3,0.012,4,0.008,3,0.004,2,0.002,2,0.003,1,0.002,2,0.003,3,0.005,3,0.005,5,0.008,2,0.003,2,0.003,4,0.005,2,0.003,2,0.004,3,0.007,1,0.003,3,0.011,0,0
Region 46,Region 57,1,0.006,0,0,0,0,0,0,0,0,0,0,1,0.002,0,0,0,0,0,0,0,0,1,0.002,0,0,0,0,1,0.002,2,0.003,0,0,0,0,1,0.001,1,0.002,1,0.002,3,0.008,2,0.008,1,0.006
Region 46,Region 58,16,0.096,10,0.11,8,0.12,6,0.086,5,0.043,14,0.054,14,0.029,11,0.014,11,0.013,10,0.014,13,0.022,15,0.026,27,0.044,29,0.047,28,0.045,23,0.034,17,0.024,27,0.035,29,0.039,24,0.044,15,0.035,8,0.022,16,0.061,12,0.066
Region 46,Region 59,3,0.018,1,0.011,1,0.015,1,0.014,3,0.026,2,0.008,0,0,0,0,2,0.002,1,0.001,1,0.002,1,0.002,1,0.002,0,0,1,0.002,0,0,0,0,0,0,2,0.003,0,0,0,0,3,0.008,1,0.004,0,0
Region 46,Region 60,2,0.012,0,0,0,0,2,0.029,2,0.017,2,0.008,2,0.004,11,0.014,4,0.005,8,0.011,9,0.015,5,0.009,10,0.016,7,0.011,8,0.013,3,0.004,10,0.014,16,0.021,6,0.008,4,0.007,5,0.012,9,0.025,5,0.019,4,0.022
Region 46,Region 61,2,0.012,1,0.011,1,0.015,1,0.014,0,0,0,0,4,0.008,3,0.004,2,0.002,1,0.001,3,0.005,3,0.005,3,0.005,5,0.008,7,0.011,9,0.013,7,0.01,12,0.015,0,0,1,0.002,1,0.002,4,0.011,4,0.015,0,0
Region 46,Region 62,0,0,0,0,0,0,0,0,0,0,1,0.004,1,0.002,3,0.004,4,0.005,3,0.004,3,0.005,1,0.002,3,0.005,2,0.003,6,0.01,6,0.009,2,0.003,3,0.004,5,0.007,4,0.007,1,0.002,0,0,2,0.008,1,0.006
Region 46,Region 63,0,0,1,0.011,1,0.015,2,0.029,0,0,0,0,2,0.004,6,0.008,3,0.004,6,0.008,6,0.01,2,0.003,2,0.003,3,0.005,6,0.01,5,0.007,6,0.009,8,0.01,2,0.003,5,0.009,0,0,1,0.003,1,0.004,1,0.006
Region 46,Region 64,2,0.012,0,0,0,0,0,0,0,0,0,0,1,0.002,1,0.001,1,0.001,0,0,0,0,3,0.005,3,0.005,3,0.005,3,0.005,0,0,2,0.003,1,0.001,1,0.001,0,0,1,0.002,1,0.003,1,0.004,2,0.011
Region 46,Region 65,14,0.084,2,0.022,1,0.015,4,0.057,7,0.06,10,0.039,23,0.047,45,0.057,42,0.049,36,0.051,42,0.072,25,0.043,26,0.042,26,0.042,23,0.037,26,0.038,27,0.039,28,0.036,20,0.027,18,0.033,19,0.044,6,0.016,9,0.034,8,0.044
Region 46,Region 66,7,0.042,3,0.033,3,0.045,2,0.029,6,0.051,12,0.047,15,0.031,12,0.015,7,0.008,4,0.006,13,0.022,9,0.015,3,0.005,3,0.005,2,0.003,5,0.007,3,0.004,7,0.009,13,0.018,7,0.013,2,0.005,7,0.019,3,0.011,7,0.039
Region 46,Region 67,0,0,0,0,0,0,0,0,0,0,0,0,2,0.004,1,0.001,1,0.001,1,0.001,0,0,0,0,1,0.002,0,0,0,0,1,0.001,1,0.001,0,0,0,0,0,0,0,0,1,0.003,1,0.004,0,0
Region 46,Region 68,0,0,0,0,1,0.015,0,0,0,0,1,0.004,2,0.004,5,0.006,3,0.004,4,0.006,5,0.009,1,0.002,1,0.002,7,0.011,4,0.006,2,0.003,7,0.01,6,0.008,14,0.019,3,0.006,3,0.007,3,0.008,3,0.011,0,0
Region 46,Region 69,4,0.024,3,0.033,0,0,0,0,5,0.043,23,0.089,22,0.045,22,0.028,16,0.019,12,0.017,20,0.034,13,0.022,11,0.018,17,0.028,16,0.026,12,0.017,5,0.007,13,0.017,8,0.011,11,0.02,9,0.021,8,0.022,3,0.011,7,0.039
Region 46,Region 70,0,0,0,0,0,0,0,0,0,0,2,0.008,0,0,1,0.001,3,0.004,3,0.004,1,0.002,1,0.002,1,0.002,1,0.002,1,0.002,2,0.003,0,0,3,0.004,1,0.001,1,0.002,0,0,0,0,3,0.011,0,0
Region 46,Region 71,2,0.012,0,0,0,0,0,0,2,0.017,8,0.031,8,0.016,10,0.013,9,0.011,14,0.02,14,0.024,8,0.014,10,0.016,6,0.01,8,0.013,6,0.009,2,0.003,10,0.013,8,0.011,5,0.009,6,0.014,4,0.011,0,0,3,0.017
Region 46,Region 72,300,1.801,145,1.594,108,1.616,98,1.397,149,1.269,290,1.125,410,0.837,259,0.329,217,0.254,289,0.409,332,0.569,394,0.676,431,0.701,434,0.707,394,0.633,343,0.5,226,0.325,294,0.378,366,0.498,410,0.755,426,0.981,293,0.802,261,0.991,195,1.078
Region 47,Region 0,1,0.006,0,0,0,0,0,0,0,0,0,0,0,0,1,0.001,0,0,0,0,2,0.003,0,0,0,0,0,0,0,0,1,0.001,0,0,1,0.001,1,0.001,0,0,0,0,1,0.003,0,0,0,0
Region 47,Region 1,1,0.006,3,0.033,1,0.015,2,0.029,2,0.017,5,0.019,3,0.006,17,0.022,10,0.012,18,0.025,9,0.015,6,0.01,5,0.008,4,0.007,7,0.011,5,0.007,7,0.01,8,0.01,6,0.008,10,0.018,5,0.012,4,0.011,4,0.015,4,0.022
Region 47,Region 2,0,0,0,0,0,0,0,0,0,0,0,0,0,0,4,0.005,3,0.004,2,0.003,2,0.003,1,0.002,0,0,2,0.003,2,0.003,4,0.006,4,0.006,5,0.006,3,0.004,4,0.007,1,0.002,0,0,1,0.004,1,0.006
Region 47,Region 3,3,0.018,3,0.033,0,0,1,0.014,0,0,1,0.004,3,0.006,5,0.006,5,0.006,7,0.01,6,0.01,5,0.009,8,0.013,6,0.01,4,0.006,5,0.007,6,0.009,8,0.01,6,0.008,4,0.007,3,0.007,4,0.011,1,0.004,1,0.006
Region 47,Region 4,2,0.012,3,0.033,0,0,0,0,1,0.009,3,0.012,3,0.006,3,0.004,2,0.002,4,0.006,8,0.014,4,0.007,0,0,3,0.005,0,0,2,0.003,5,0.007,7,0.009,2,0.003,0,0,0,0,1,0.003,0,0,1,0.006
Region 47,Region 5,1,0.006,0,0,0,0,0,0,0,0,1,0.004,2,0.004,3,0.004,4,0.005,1,0.001,0,0,3,0.005,2,0.003,4,0.007,3,0.005,2,0.003,5,0.007,3,0.004,7,0.01,3,0.006,3,0.007,1,0.003,3,0.011,0,0
Region 47,Region 6,0,0,1,0.011,0,0,0,0,3,0.026,3,0.012,3,0.006,5,0.006,7,0.008,5,0.007,3,0.005,5,0.009,2,0.003,4,0.007,7,0.011,11,0.016,9,0.013,5,0.006,7,0.01,4,0.007,4,0.009,2,0.005,1,0.004,3,0.017
Region 47,Region 7,0,0,0,0,0,0,0,0,0,0,0,0,0,0,1,0.001,1,0.001,0,0,0,0,0,0,0,0,1,0.002,3,0.005,0,0,0,0,1,0.001,0,0,0,0,0,0,1,0.003,0,0,0,0
Region 47,Region 8,0,0,0,0,0,0,0,0,0,0,0,0,0,0,1,0.001,0,0,0,0,0,0,0,0,0,0,0,0,0,0,0,0,0,0,0,0,0,0,1,0.002,1,0.002,0,0,0,0,0,0
Region 47,Region 9,2,0.012,1,0.011,2,0.03,0,0,0,0,2,0.008,6,0.012,10,0.013,12,0.014,12,0.017,5,0.009,4,0.007,5,0.008,2,0.003,7,0.011,8,0.012,4,0.006,5,0.006,5,0.007,9,0.017,4,0.009,2,0.005,1,0.004,1,0.006
Region 47,Region 10,0,0,1,0.011,1,0.015,0,0,2,0.017,1,0.004,10,0.02,7,0.009,10,0.012,4,0.006,5,0.009,2,0.003,3,0.005,3,0.005,2,0.003,1,0.001,0,0,4,0.005,2,0.003,6,0.011,1,0.002,0,0,1,0.004,0,0
Region 47,Region 11,0,0,0,0,0,0,0,0,0,0,0,0,0,0,3,0.004,2,0.002,3,0.004,1,0.002,2,0.003,2,0.003,1,0.002,1,0.002,3,0.004,6,0.009,3,0.004,5,0.007,5,0.009,0,0,5,0.014,2,0.008,0,0
Region 47,Region 12,2,0.012,0,0,0,0,1,0.014,0,0,0,0,8,0.016,9,0.011,6,0.007,6,0.008,1,0.002,8,0.014,6,0.01,1,0.002,6,0.01,3,0.004,6,0.009,8,0.01,5,0.007,3,0.006,2,0.005,1,0.003,0,0,1,0.006
Region 47,Region 13,7,0.042,2,0.022,0,0,4,0.057,1,0.009,8,0.031,16,0.033,40,0.051,48,0.056,38,0.054,26,0.045,20,0.034,23,0.037,18,0.029,25,0.04,21,0.031,22,0.032,21,0.027,17,0.023,5,0.009,17,0.039,6,0.016,7,0.027,4,0.022
Region 47,Region 14,0,0,0,0,0,0,0,0,0,0,0,0,0,0,1,0.001,0,0,0,0,0,0,0,0,0,0,0,0,0,0,0,0,0,0,0,0,0,0,0,0,2,0.005,0,0,0,0,0,0
Region 47,Region 15,6,0.036,5,0.055,1,0.015,0,0,0,0,2,0.008,4,0.008,4,0.005,14,0.016,6,0.008,5,0.009,6,0.01,5,0.008,13,0.021,11,0.018,15,0.022,20,0.029,14,0.018,11,0.015,15,0.028,6,0.014,10,0.027,3,0.011,3,0.017
Region 47,Region 16,1,0.006,0,0,0,0,0,0,0,0,0,0,1,0.002,1,0.001,1,0.001,1,0.001,0,0,0,0,0,0,0,0,1,0.002,2,0.003,0,0,1,0.001,1,0.001,0,0,0,0,0,0,1,0.004,0,0
Region 47,Region 17,0,0,0,0,0,0,0,0,0,0,0,0,3,0.006,4,0.005,6,0.007,4,0.006,2,0.003,2,0.003,3,0.005,7,0.011,9,0.014,4,0.006,6,0.009,7,0.009,4,0.005,4,0.007,3,0.007,0,0,0,0,1,0.006
Region 47,Region 18,0,0,0,0,0,0,0,0,1,0.009,1,0.004,1,0.002,1,0.001,4,0.005,1,0.001,0,0,1,0.002,2,0.003,1,0.002,0,0,0,0,1,0.001,2,0.003,0,0,1,0.002,0,0,3,0.008,0,0,0,0
Region 47,Region 19,2,0.012,0,0,1,0.015,0,0,0,0,1,0.004,0,0,3,0.004,4,0.005,0,0,0,0,1,0.002,0,0,2,0.003,1,0.002,1,0.001,0,0,2,0.003,1,0.001,3,0.006,2,0.005,2,0.005,1,0.004,0,0
Region 47,Region 20,1,0.006,0,0,0,0,0,0,2,0.017,1,0.004,1,0.002,3,0.004,11,0.013,3,0.004,3,0.005,3,0.005,4,0.007,2,0.003,1,0.002,1,0.001,1,0.001,3,0.004,1,0.001,1,0.002,2,0.005,1,0.003,0,0,2,0.011
Region 47,Region 21,0,0,0,0,0,0,0,0,0,0,0,0,2,0.004,1,0.001,0,0,0,0,0,0,0,0,0,0,0,0,0,0,1,0.001,0,0,1,0.001,0,0,0,0,0,0,0,0,0,0,0,0
Region 47,Region 22,0,0,0,0,0,0,0,0,0,0,0,0,0,0,1,0.001,0,0,0,0,0,0,0,0,0,0,0,0,0,0,0,0,0,0,0,0,0,0,0,0,0,0,0,0,0,0,1,0.006
Region 47,Region 23,4,0.024,5,0.055,4,0.06,0,0,0,0,1,0.004,5,0.01,14,0.018,20,0.023,14,0.02,13,0.022,6,0.01,10,0.016,11,0.018,13,0.021,16,0.023,13,0.019,22,0.028,12,0.016,7,0.013,6,0.014,6,0.016,5,0.019,0,0
Region 47,Region 24,1,0.006,0,0,1,0.015,1,0.014,0,0,3,0.012,1,0.002,10,0.013,8,0.009,2,0.003,2,0.003,6,0.01,7,0.011,6,0.01,3,0.005,12,0.017,3,0.004,5,0.006,6,0.008,3,0.006,4,0.009,2,0.005,3,0.011,2,0.011
Region 47,Region 25,0,0,0,0,0,0,0,0,1,0.009,3,0.012,5,0.01,5,0.006,1,0.001,1,0.001,1,0.002,1,0.002,1,0.002,1,0.002,0,0,0,0,0,0,2,0.003,2,0.003,1,0.002,3,0.007,2,0.005,0,0,0,0
Region 47,Region 26,0,0,0,0,0,0,0,0,0,0,1,0.004,1,0.002,2,0.003,1,0.001,0,0,0,0,1,0.002,1,0.002,1,0.002,0,0,0,0,0,0,0,0,1,0.001,0,0,0,0,0,0,0,0,1,0.006
Region 47,Region 27,1,0.006,0,0,0,0,0,0,0,0,0,0,2,0.004,0,0,0,0,0,0,0,0,0,0,0,0,0,0,0,0,2,0.003,0,0,1,0.001,2,0.003,0,0,0,0,0,0,0,0,0,0
Region 47,Region 28,0,0,0,0,0,0,1,0.014,2,0.017,3,0.012,5,0.01,5,0.006,4,0.005,7,0.01,4,0.007,4,0.007,4,0.007,5,0.008,6,0.01,2,0.003,6,0.009,4,0.005,3,0.004,1,0.002,2,0.005,2,0.005,0,0,0,0
Region 47,Region 29,4,0.024,3,0.033,0,0,3,0.043,3,0.026,3,0.012,10,0.02,28,0.036,41,0.048,38,0.054,21,0.036,24,0.041,23,0.037,15,0.024,18,0.029,17,0.025,19,0.027,24,0.031,13,0.018,14,0.026,11,0.025,4,0.011,8,0.03,1,0.006
Region 47,Region 30,0,0,0,0,0,0,0,0,1,0.009,1,0.004,3,0.006,7,0.009,10,0.012,2,0.003,2,0.003,2,0.003,2,0.003,1,0.002,2,0.003,1,0.001,3,0.004,2,0.003,1,0.001,1,0.002,3,0.007,1,0.003,1,0.004,0,0
Region 47,Region 31,0,0,0,0,0,0,0,0,0,0,2,0.008,7,0.014,9,0.011,9,0.011,4,0.006,3,0.005,4,0.007,2,0.003,2,0.003,6,0.01,5,0.007,3,0.004,3,0.004,8,0.011,4,0.007,2,0.005,0,0,1,0.004,1,0.006
Region 47,Region 32,0,0,0,0,0,0,0,0,0,0,0,0,0,0,0,0,1,0.001,1,0.001,0,0,0,0,0,0,0,0,0,0,1,0.001,2,0.003,1,0.001,1,0.001,2,0.004,0,0,0,0,0,0,0,0
Region 47,Region 33,2,0.012,1,0.011,1,0.015,1,0.014,1,0.009,4,0.016,9,0.018,18,0.023,16,0.019,13,0.018,9,0.015,5,0.009,3,0.005,2,0.003,2,0.003,1,0.001,0,0,0,0,3,0.004,5,0.009,2,0.005,4,0.011,2,0.008,2,0.011
Region 47,Region 34,4,0.024,1,0.011,2,0.03,1,0.014,2,0.017,4,0.016,11,0.022,25,0.032,32,0.037,10,0.014,7,0.012,8,0.014,6,0.01,13,0.021,6,0.01,10,0.015,6,0.009,14,0.018,19,0.026,13,0.024,13,0.03,7,0.019,5,0.019,3,0.017
Region 47,Region 35,1,0.006,0,0,0,0,0,0,0,0,1,0.004,1,0.002,1,0.001,1,0.001,3,0.004,1,0.002,1,0.002,2,0.003,2,0.003,1,0.002,1,0.001,0,0,1,0.001,1,0.001,0,0,1,0.002,0,0,0,0,0,0
Region 47,Region 36,0,0,0,0,0,0,0,0,0,0,0,0,0,0,0,0,2,0.002,0,0,0,0,0,0,0,0,0,0,0,0,1,0.001,0,0,1,0.001,0,0,0,0,0,0,0,0,0,0,0,0
Region 47,Region 37,3,0.018,0,0,0,0,0,0,0,0,1,0.004,0,0,1,0.001,9,0.011,4,0.006,3,0.005,2,0.003,3,0.005,4,0.007,3,0.005,6,0.009,6,0.009,6,0.008,6,0.008,1,0.002,1,0.002,1,0.003,0,0,0,0
Region 47,Region 38,2,0.012,3,0.033,2,0.03,3,0.043,2,0.017,3,0.012,11,0.022,20,0.025,36,0.042,21,0.03,18,0.031,19,0.033,17,0.028,25,0.041,27,0.043,21,0.031,28,0.04,41,0.053,28,0.038,15,0.028,12,0.028,13,0.036,12,0.046,9,0.05
Region 47,Region 39,0,0,0,0,0,0,0,0,0,0,0,0,0,0,2,0.003,4,0.005,2,0.003,1,0.002,0,0,0,0,0,0,0,0,0,0,0,0,0,0,1,0.001,0,0,2,0.005,1,0.003,0,0,0,0
Region 47,Region 40,7,0.042,6,0.066,3,0.045,1,0.014,1,0.009,7,0.027,16,0.033,15,0.019,6,0.007,11,0.016,9,0.015,18,0.031,12,0.02,13,0.021,25,0.04,27,0.039,28,0.04,11,0.014,15,0.02,14,0.026,10,0.023,14,0.038,13,0.049,6,0.033
Region 47,Region 41,19,0.114,12,0.132,7,0.105,5,0.071,15,0.128,16,0.062,29,0.059,61,0.077,52,0.061,36,0.051,39,0.067,36,0.062,38,0.062,50,0.081,49,0.079,65,0.095,60,0.086,48,0.062,46,0.063,40,0.074,28,0.064,38,0.104,17,0.065,23,0.127
Region 47,Region 42,0,0,0,0,0,0,0,0,0,0,0,0,0,0,1,0.001,1,0.001,2,0.003,1,0.002,0,0,0,0,0,0,0,0,0,0,0,0,0,0,1,0.001,0,0,0,0,1,0.003,0,0,0,0
Region 47,Region 43,2,0.012,0,0,1,0.015,2,0.029,1,0.009,4,0.016,1,0.002,5,0.006,9,0.011,7,0.01,7,0.012,6,0.01,3,0.005,4,0.007,8,0.013,7,0.01,5,0.007,7,0.009,7,0.01,4,0.007,2,0.005,1,0.003,0,0,2,0.011
Region 47,Region 44,1,0.006,0,0,0,0,0,0,1,0.009,0,0,5,0.01,4,0.005,6,0.007,3,0.004,3,0.005,3,0.005,2,0.003,5,0.008,5,0.008,4,0.006,5,0.007,1,0.001,4,0.005,0,0,3,0.007,1,0.003,2,0.008,2,0.011
Region 47,Region 45,0,0,1,0.011,2,0.03,0,0,1,0.009,1,0.004,5,0.01,8,0.01,9,0.011,4,0.006,5,0.009,2,0.003,7,0.011,4,0.007,0,0,6,0.009,4,0.006,5,0.006,5,0.007,5,0.009,6,0.014,3,0.008,3,0.011,5,0.028
Region 47,Region 46,13,0.078,8,0.088,4,0.06,6,0.086,7,0.06,9,0.035,15,0.031,31,0.039,34,0.04,38,0.054,29,0.05,33,0.057,50,0.081,44,0.072,53,0.085,47,0.069,55,0.079,52,0.067,42,0.057,29,0.053,28,0.064,24,0.066,25,0.095,17,0.094
Region 47,Region 47,23,0.138,15,0.165,11,0.165,8,0.114,6,0.051,28,0.109,30,0.061,66,0.084,93,0.109,68,0.096,63,0.108,79,0.135,90,0.146,79,0.129,69,0.111,74,0.108,104,0.15,92,0.118,91,0.124,63,0.116,47,0.108,45,0.123,34,0.129,32,0.177
Region 47,Region 48,1,0.006,0,0,0,0,0,0,0,0,0,0,1,0.002,4,0.005,1,0.001,0,0,0,0,1,0.002,2,0.003,2,0.003,1,0.002,4,0.006,2,0.003,2,0.003,0,0,5,0.009,1,0.002,2,0.005,0,0,1,0.006
Region 47,Region 49,0,0,0,0,0,0,0,0,0,0,0,0,0,0,1,0.001,2,0.002,2,0.003,1,0.002,0,0,2,0.003,0,0,0,0,0,0,3,0.004,0,0,0,0,1,0.002,0,0,0,0,0,0,0,0
Region 47,Region 50,0,0,0,0,0,0,0,0,0,0,0,0,0,0,0,0,0,0,0,0,1,0.002,0,0,1,0.002,1,0.002,1,0.002,1,0.001,0,0,1,0.001,1,0.001,0,0,0,0,0,0,0,0,1,0.006
Region 47,Region 51,2,0.012,0,0,0,0,1,0.014,2,0.017,6,0.023,21,0.043,22,0.028,13,0.015,17,0.024,17,0.029,8,0.014,9,0.015,11,0.018,11,0.018,3,0.004,5,0.007,4,0.005,4,0.005,3,0.006,1,0.002,2,0.005,1,0.004,2,0.011
Region 47,Region 52,0,0,0,0,0,0,0,0,0,0,0,0,1,0.002,0,0,0,0,1,0.001,0,0,0,0,0,0,1,0.002,0,0,0,0,0,0,0,0,0,0,0,0,0,0,0,0,0,0,0,0
Region 47,Region 53,3,0.018,1,0.011,0,0,0,0,0,0,1,0.004,1,0.002,1,0.001,2,0.002,0,0,2,0.003,1,0.002,3,0.005,4,0.007,0,0,1,0.001,0,0,3,0.004,1,0.001,2,0.004,0,0,0,0,2,0.008,1,0.006
Region 47,Region 54,1,0.006,2,0.022,3,0.045,0,0,0,0,0,0,2,0.004,7,0.009,3,0.004,4,0.006,0,0,0,0,6,0.01,2,0.003,3,0.005,0,0,2,0.003,3,0.004,1,0.001,3,0.006,3,0.007,2,0.005,1,0.004,0,0
Region 47,Region 55,4,0.024,0,0,2,0.03,1,0.014,5,0.043,5,0.019,6,0.012,15,0.019,24,0.028,8,0.011,14,0.024,13,0.022,20,0.033,18,0.029,22,0.035,9,0.013,13,0.019,15,0.019,13,0.018,9,0.017,6,0.014,10,0.027,4,0.015,2,0.011
Region 47,Region 56,0,0,1,0.011,0,0,0,0,1,0.009,3,0.012,3,0.006,3,0.004,5,0.006,2,0.003,3,0.005,5,0.009,3,0.005,5,0.008,2,0.003,12,0.017,10,0.014,11,0.014,5,0.007,5,0.009,6,0.014,4,0.011,2,0.008,1,0.006
Region 47,Region 57,0,0,0,0,0,0,0,0,0,0,0,0,0,0,0,0,1,0.001,0,0,0,0,0,0,1,0.002,1,0.002,0,0,0,0,0,0,0,0,0,0,0,0,0,0,0,0,0,0,0,0
Region 47,Region 58,1,0.006,2,0.022,1,0.015,0,0,1,0.009,2,0.008,6,0.012,12,0.015,4,0.005,4,0.006,5,0.009,5,0.009,6,0.01,8,0.013,12,0.019,10,0.015,9,0.013,7,0.009,5,0.007,3,0.006,2,0.005,3,0.008,1,0.004,1,0.006
Region 47,Region 59,1,0.006,0,0,1,0.015,0,0,0,0,1,0.004,1,0.002,0,0,3,0.004,1,0.001,1,0.002,0,0,0,0,1,0.002,0,0,0,0,0,0,0,0,0,0,0,0,0,0,0,0,0,0,0,0
Region 47,Region 60,0,0,0,0,0,0,0,0,0,0,0,0,0,0,2,0.003,3,0.004,1,0.001,2,0.003,4,0.007,2,0.003,1,0.002,0,0,1,0.001,0,0,2,0.003,3,0.004,0,0,0,0,0,0,0,0,0,0
Region 47,Region 61,2,0.012,0,0,0,0,0,0,0,0,1,0.004,2,0.004,3,0.004,4,0.005,3,0.004,3,0.005,2,0.003,1,0.002,0,0,0,0,0,0,0,0,2,0.003,3,0.004,2,0.004,0,0,2,0.005,0,0,0,0
Region 47,Region 62,1,0.006,0,0,1,0.015,0,0,0,0,1,0.004,0,0,2,0.003,6,0.007,6,0.008,8,0.014,1,0.002,2,0.003,5,0.008,7,0.011,4,0.006,5,0.007,3,0.004,1,0.001,6,0.011,1,0.002,0,0,0,0,3,0.017
Region 47,Region 63,0,0,1,0.011,0,0,0,0,0,0,1,0.004,0,0,2,0.003,1,0.001,1,0.001,0,0,0,0,0,0,1,0.002,0,0,0,0,1,0.001,0,0,1,0.001,1,0.002,0,0,0,0,1,0.004,0,0
Region 47,Region 64,0,0,0,0,0,0,0,0,0,0,0,0,0,0,0,0,0,0,0,0,1,0.002,0,0,1,0.002,0,0,0,0,0,0,1,0.001,2,0.003,3,0.004,0,0,1,0.002,1,0.003,0,0,0,0
Region 47,Region 65,0,0,0,0,0,0,0,0,0,0,2,0.008,5,0.01,13,0.016,23,0.027,16,0.023,4,0.007,6,0.01,1,0.002,3,0.005,1,0.002,3,0.004,6,0.009,5,0.006,3,0.004,1,0.002,5,0.012,3,0.008,4,0.015,1,0.006
Region 47,Region 66,0,0,0,0,2,0.03,2,0.029,2,0.017,1,0.004,2,0.004,2,0.003,1,0.001,6,0.008,1,0.002,3,0.005,0,0,3,0.005,2,0.003,3,0.004,0,0,0,0,1,0.001,1,0.002,1,0.002,0,0,0,0,0,0
Region 47,Region 67,1,0.006,1,0.011,0,0,0,0,0,0,0,0,1,0.002,1,0.001,0,0,0,0,0,0,0,0,0,0,1,0.002,0,0,2,0.003,0,0,5,0.006,0,0,0,0,0,0,0,0,0,0,0,0
Region 47,Region 68,0,0,0,0,0,0,0,0,0,0,0,0,0,0,0,0,2,0.002,0,0,1,0.002,2,0.003,0,0,0,0,1,0.002,0,0,0,0,0,0,0,0,0,0,0,0,0,0,0,0,0,0
Region 47,Region 69,0,0,0,0,0,0,0,0,0,0,3,0.012,2,0.004,1,0.001,5,0.006,3,0.004,0,0,0,0,0,0,0,0,0,0,0,0,0,0,0,0,0,0,0,0,1,0.002,1,0.003,1,0.004,0,0
Region 47,Region 70,0,0,0,0,0,0,0,0,0,0,0,0,0,0,0,0,0,0,0,0,0,0,0,0,0,0,0,0,0,0,0,0,0,0,0,0,1,0.001,0,0,0,0,0,0,0,0,0,0
Region 47,Region 71,0,0,0,0,0,0,0,0,0,0,1,0.004,2,0.004,2,0.003,3,0.004,2,0.003,1,0.002,1,0.002,0,0,0,0,0,0,0,0,1,0.001,1,0.001,0,0,1,0.002,1,0.002,0,0,0,0,0,0
Region 47,Region 72,11,0.066,2,0.022,3,0.045,2,0.029,5,0.043,13,0.05,41,0.084,39,0.049,25,0.029,20,0.028,17,0.029,20,0.034,22,0.036,22,0.036,22,0.035,15,0.022,9,0.013,13,0.017,11,0.015,19,0.035,15,0.035,12,0.033,14,0.053,3,0.017
Region 48,Region 0,0,0,0,0,0,0,0,0,0,0,0,0,0,0,0,0,1,0.001,0,0,1,0.002,0,0,1,0.002,1,0.002,0,0,0,0,0,0,1,0.001,0,0,1,0.002,0,0,1,0.003,1,0.004,0,0
Region 48,Region 1,1,0.006,2,0.022,0,0,0,0,1,0.009,1,0.004,3,0.006,4,0.005,4,0.005,2,0.003,2,0.003,4,0.007,4,0.007,2,0.003,4,0.006,4,0.006,0,0,1,0.001,1,0.001,3,0.006,2,0.005,5,0.014,0,0,0,0
Region 48,Region 2,3,0.018,5,0.055,1,0.015,0,0,1,0.009,2,0.008,3,0.006,9,0.011,13,0.015,6,0.008,5,0.009,6,0.01,18,0.029,12,0.02,8,0.013,13,0.019,8,0.012,13,0.017,8,0.011,11,0.02,12,0.028,0,0,11,0.042,7,0.039
Region 48,Region 3,0,0,0,0,0,0,0,0,0,0,1,0.004,0,0,1,0.001,1,0.001,0,0,2,0.003,1,0.002,1,0.002,0,0,0,0,0,0,4,0.006,2,0.003,1,0.001,0,0,0,0,0,0,0,0,1,0.006
Region 48,Region 4,0,0,0,0,1,0.015,0,0,0,0,0,0,1,0.002,2,0.003,1,0.001,1,0.001,1,0.002,0,0,1,0.002,0,0,0,0,1,0.001,2,0.003,2,0.003,2,0.003,1,0.002,2,0.005,1,0.003,0,0,0,0
Region 48,Region 5,0,0,0,0,0,0,0,0,1,0.009,0,0,0,0,0,0,1,0.001,0,0,1,0.002,0,0,1,0.002,2,0.003,0,0,0,0,1,0.001,1,0.001,0,0,0,0,2,0.005,0,0,0,0,0,0
Region 48,Region 6,3,0.018,1,0.011,1,0.015,4,0.057,1,0.009,0,0,5,0.01,15,0.019,11,0.013,6,0.008,6,0.01,15,0.026,18,0.029,12,0.02,24,0.039,24,0.035,53,0.076,22,0.028,25,0.034,24,0.044,11,0.025,11,0.03,6,0.023,5,0.028
Region 48,Region 7,4,0.024,2,0.022,2,0.03,0,0,0,0,1,0.004,4,0.008,4,0.005,10,0.012,7,0.01,6,0.01,7,0.012,15,0.024,6,0.01,11,0.018,10,0.015,24,0.035,14,0.018,15,0.02,5,0.009,8,0.018,7,0.019,2,0.008,6,0.033
Region 48,Region 8,0,0,0,0,0,0,0,0,0,0,0,0,0,0,0,0,0,0,0,0,0,0,0,0,0,0,0,0,0,0,0,0,0,0,0,0,0,0,0,0,0,0,0,0,0,0,0,0
Region 48,Region 9,0,0,0,0,0,0,0,0,2,0.017,0,0,1,0.002,0,0,0,0,1,0.001,0,0,1,0.002,1,0.002,2,0.003,0,0,0,0,2,0.003,1,0.001,1,0.001,0,0,1,0.002,0,0,0,0,0,0
Region 48,Region 10,0,0,0,0,0,0,0,0,0,0,0,0,1,0.002,1,0.001,3,0.004,1,0.001,1,0.002,2,0.003,2,0.003,0,0,0,0,0,0,0,0,3,0.004,1,0.001,0,0,0,0,1,0.003,0,0,0,0
Region 48,Region 11,0,0,0,0,0,0,0,0,0,0,0,0,0,0,0,0,0,0,0,0,0,0,0,0,0,0,0,0,0,0,0,0,0,0,0,0,1,0.001,0,0,0,0,0,0,0,0,0,0
Region 48,Region 12,0,0,0,0,0,0,0,0,2,0.017,0,0,0,0,1,0.001,4,0.005,1,0.001,0,0,0,0,0,0,0,0,0,0,0,0,1,0.001,0,0,0,0,3,0.006,0,0,1,0.003,0,0,0,0
Region 48,Region 13,1,0.006,0,0,1,0.015,2,0.029,1,0.009,5,0.019,9,0.018,12,0.015,35,0.041,26,0.037,17,0.029,14,0.024,9,0.015,5,0.008,9,0.014,8,0.012,9,0.013,10,0.013,6,0.008,8,0.015,4,0.009,3,0.008,2,0.008,4,0.022
Region 48,Region 14,0,0,0,0,0,0,0,0,0,0,0,0,0,0,0,0,0,0,0,0,0,0,0,0,0,0,0,0,0,0,0,0,0,0,0,0,0,0,0,0,0,0,0,0,0,0,0,0
Region 48,Region 15,0,0,0,0,0,0,1,0.014,2,0.017,1,0.004,1,0.002,8,0.01,7,0.008,1,0.001,3,0.005,6,0.01,6,0.01,8,0.013,5,0.008,12,0.017,16,0.023,6,0.008,8,0.011,13,0.024,7,0.016,6,0.016,1,0.004,1,0.006
Region 48,Region 16,0,0,0,0,0,0,0,0,1,0.009,0,0,1,0.002,0,0,0,0,0,0,0,0,0,0,0,0,1,0.002,0,0,2,0.003,1,0.001,1,0.001,1,0.001,0,0,2,0.005,1,0.003,0,0,0,0
Region 48,Region 17,0,0,0,0,1,0.015,0,0,0,0,0,0,1,0.002,2,0.003,4,0.005,2,0.003,0,0,2,0.003,0,0,1,0.002,0,0,2,0.003,1,0.001,1,0.001,0,0,1,0.002,2,0.005,2,0.005,0,0,0,0
Region 48,Region 18,0,0,0,0,0,0,0,0,0,0,0,0,0,0,0,0,0,0,0,0,0,0,0,0,0,0,1,0.002,0,0,0,0,0,0,1,0.001,0,0,0,0,1,0.002,0,0,0,0,0,0
Region 48,Region 19,1,0.006,1,0.011,0,0,0,0,0,0,0,0,1,0.002,1,0.001,0,0,0,0,1,0.002,0,0,0,0,0,0,0,0,0,0,2,0.003,0,0,1,0.001,0,0,1,0.002,1,0.003,0,0,1,0.006
Region 48,Region 20,0,0,0,0,0,0,1,0.014,0,0,0,0,2,0.004,1,0.001,2,0.002,0,0,1,0.002,1,0.002,1,0.002,0,0,1,0.002,0,0,1,0.001,1,0.001,1,0.001,1,0.002,0,0,0,0,1,0.004,0,0
Region 48,Region 21,0,0,1,0.011,1,0.015,0,0,0,0,0,0,0,0,1,0.001,0,0,1,0.001,0,0,0,0,2,0.003,0,0,1,0.002,1,0.001,1,0.001,1,0.001,0,0,1,0.002,2,0.005,0,0,0,0,0,0
Region 48,Region 22,1,0.006,1,0.011,0,0,1,0.014,0,0,0,0,0,0,3,0.004,3,0.004,0,0,1,0.002,0,0,1,0.002,1,0.002,1,0.002,2,0.003,4,0.006,1,0.001,2,0.003,1,0.002,3,0.007,0,0,0,0,0,0
Region 48,Region 23,0,0,0,0,0,0,0,0,1,0.009,1,0.004,2,0.004,3,0.004,5,0.006,4,0.006,0,0,2,0.003,5,0.008,2,0.003,3,0.005,2,0.003,3,0.004,4,0.005,3,0.004,0,0,1,0.002,2,0.005,3,0.011,0,0
Region 48,Region 24,0,0,0,0,0,0,0,0,0,0,0,0,3,0.006,8,0.01,5,0.006,2,0.003,0,0,7,0.012,4,0.007,4,0.007,1,0.002,1,0.001,7,0.01,1,0.001,1,0.001,1,0.002,2,0.005,2,0.005,1,0.004,1,0.006
Region 48,Region 25,1,0.006,0,0,0,0,0,0,1,0.009,1,0.004,1,0.002,0,0,1,0.001,1,0.001,0,0,1,0.002,0,0,0,0,0,0,0,0,0,0,0,0,0,0,0,0,1,0.002,0,0,0,0,0,0
Region 48,Region 26,0,0,0,0,0,0,0,0,0,0,0,0,0,0,0,0,0,0,0,0,0,0,0,0,0,0,0,0,0,0,0,0,0,0,0,0,0,0,0,0,0,0,0,0,1,0.004,0,0
Region 48,Region 27,2,0.012,0,0,0,0,0,0,1,0.009,0,0,1,0.002,5,0.006,6,0.007,4,0.006,5,0.009,8,0.014,2,0.003,3,0.005,4,0.006,4,0.006,6,0.009,2,0.003,6,0.008,8,0.015,4,0.009,5,0.014,2,0.008,0,0
Region 48,Region 28,0,0,0,0,0,0,0,0,0,0,1,0.004,0,0,3,0.004,2,0.002,4,0.006,2,0.003,0,0,0,0,1,0.002,1,0.002,1,0.001,0,0,0,0,2,0.003,1,0.002,0,0,0,0,1,0.004,1,0.006
Region 48,Region 29,7,0.042,2,0.022,1,0.015,3,0.043,4,0.034,2,0.008,6,0.012,13,0.016,20,0.023,23,0.033,14,0.024,9,0.015,16,0.026,8,0.013,8,0.013,8,0.012,15,0.022,13,0.017,6,0.008,11,0.02,6,0.014,4,0.011,3,0.011,5,0.028
Region 48,Region 30,0,0,0,0,0,0,0,0,0,0,0,0,0,0,1,0.001,4,0.005,3,0.004,3,0.005,1,0.002,2,0.003,1,0.002,0,0,1,0.001,0,0,1,0.001,1,0.001,0,0,0,0,1,0.003,1,0.004,1,0.006
Region 48,Region 31,1,0.006,0,0,0,0,0,0,0,0,1,0.004,2,0.004,1,0.001,3,0.004,2,0.003,1,0.002,1,0.002,3,0.005,0,0,0,0,1,0.001,0,0,0,0,1,0.001,1,0.002,2,0.005,0,0,0,0,1,0.006
Region 48,Region 32,0,0,0,0,0,0,0,0,0,0,0,0,0,0,0,0,2,0.002,0,0,1,0.002,0,0,0,0,0,0,0,0,1,0.001,0,0,0,0,0,0,0,0,0,0,0,0,0,0,0,0
Region 48,Region 33,0,0,0,0,0,0,0,0,0,0,0,0,0,0,5,0.006,8,0.009,2,0.003,1,0.002,0,0,0,0,0,0,0,0,0,0,0,0,0,0,0,0,0,0,0,0,0,0,1,0.004,0,0
Region 48,Region 34,0,0,2,0.022,1,0.015,0,0,4,0.034,0,0,4,0.008,10,0.013,18,0.021,11,0.016,6,0.01,6,0.01,3,0.005,1,0.002,2,0.003,5,0.007,2,0.003,3,0.004,3,0.004,5,0.009,5,0.012,2,0.005,2,0.008,2,0.011
Region 48,Region 35,1,0.006,0,0,0,0,0,0,0,0,0,0,0,0,0,0,0,0,1,0.001,1,0.002,1,0.002,0,0,0,0,0,0,0,0,2,0.003,0,0,0,0,1,0.002,0,0,0,0,0,0,0,0
Region 48,Region 36,0,0,0,0,0,0,0,0,0,0,0,0,0,0,2,0.003,1,0.001,0,0,1,0.002,0,0,1,0.002,1,0.002,2,0.003,0,0,1,0.001,1,0.001,0,0,1,0.002,1,0.002,0,0,0,0,1,0.006
Region 48,Region 37,1,0.006,0,0,1,0.015,0,0,0,0,1,0.004,0,0,6,0.008,5,0.006,0,0,0,0,4,0.007,1,0.002,0,0,0,0,2,0.003,4,0.006,2,0.003,3,0.004,1,0.002,1,0.002,0,0,0,0,0,0
Region 48,Region 38,0,0,0,0,1,0.015,0,0,0,0,1,0.004,0,0,1,0.001,2,0.002,3,0.004,1,0.002,1,0.002,1,0.002,0,0,1,0.002,0,0,1,0.001,1,0.001,6,0.008,5,0.009,2,0.005,1,0.003,0,0,1,0.006
Region 48,Region 39,1,0.006,0,0,1,0.015,1,0.014,2,0.017,0,0,2,0.004,7,0.009,6,0.007,6,0.008,6,0.01,4,0.007,1,0.002,2,0.003,9,0.014,5,0.007,10,0.014,6,0.008,9,0.012,6,0.011,4,0.009,5,0.014,3,0.011,3,0.017
Region 48,Region 40,11,0.066,2,0.022,2,0.03,2,0.029,1,0.009,10,0.039,7,0.014,16,0.02,26,0.03,26,0.037,10,0.017,9,0.015,10,0.016,17,0.028,16,0.026,18,0.026,23,0.033,15,0.019,27,0.037,15,0.028,11,0.025,8,0.022,10,0.038,4,0.022
Region 48,Region 41,7,0.042,3,0.033,4,0.06,2,0.029,2,0.017,2,0.008,8,0.016,9,0.011,7,0.008,7,0.01,7,0.012,13,0.022,12,0.02,12,0.02,10,0.016,5,0.007,12,0.017,7,0.009,7,0.01,9,0.017,9,0.021,4,0.011,3,0.011,6,0.033
Region 48,Region 42,0,0,0,0,0,0,0,0,0,0,0,0,1,0.002,0,0,0,0,0,0,1,0.002,0,0,0,0,0,0,0,0,0,0,0,0,0,0,0,0,0,0,0,0,0,0,0,0,0,0
Region 48,Region 43,1,0.006,2,0.022,2,0.03,2,0.029,1,0.009,0,0,1,0.002,19,0.024,17,0.02,8,0.011,5,0.009,4,0.007,9,0.015,9,0.015,8,0.013,6,0.009,12,0.017,18,0.023,12,0.016,8,0.015,11,0.025,8,0.022,6,0.023,2,0.011
Region 48,Region 44,0,0,0,0,0,0,0,0,0,0,1,0.004,6,0.012,10,0.013,4,0.005,7,0.01,3,0.005,1,0.002,0,0,0,0,3,0.005,1,0.001,2,0.003,1,0.001,2,0.003,3,0.006,1,0.002,0,0,0,0,2,0.011
Region 48,Region 45,0,0,0,0,0,0,0,0,1,0.009,1,0.004,3,0.006,1,0.001,4,0.005,1,0.001,3,0.005,3,0.005,1,0.002,1,0.002,2,0.003,1,0.001,2,0.003,4,0.005,3,0.004,3,0.006,2,0.005,1,0.003,1,0.004,0,0
Region 48,Region 46,1,0.006,0,0,0,0,0,0,0,0,2,0.008,4,0.008,6,0.008,10,0.012,8,0.011,2,0.003,3,0.005,4,0.007,3,0.005,8,0.013,1,0.001,2,0.003,2,0.003,3,0.004,2,0.004,1,0.002,0,0,0,0,1,0.006
Region 48,Region 47,0,0,0,0,0,0,0,0,0,0,2,0.008,1,0.002,1,0.001,1,0.001,3,0.004,1,0.002,1,0.002,0,0,0,0,0,0,1,0.001,2,0.003,3,0.004,0,0,0,0,2,0.005,2,0.005,0,0,0,0
Region 48,Region 48,11,0.066,6,0.066,4,0.06,2,0.029,2,0.017,0,0,9,0.018,31,0.039,51,0.06,22,0.031,18,0.031,21,0.036,20,0.033,25,0.041,18,0.029,23,0.034,32,0.046,20,0.026,29,0.039,21,0.039,19,0.044,19,0.052,5,0.019,2,0.011
Region 48,Region 49,2,0.012,0,0,1,0.015,1,0.014,1,0.009,1,0.004,0,0,1,0.001,10,0.012,6,0.008,2,0.003,3,0.005,4,0.007,4,0.007,1,0.002,8,0.012,6,0.009,6,0.008,9,0.012,4,0.007,8,0.018,1,0.003,4,0.015,2,0.011
Region 48,Region 50,0,0,0,0,0,0,0,0,1,0.009,0,0,0,0,1,0.001,0,0,0,0,0,0,0,0,1,0.002,0,0,1,0.002,0,0,0,0,0,0,0,0,1,0.002,0,0,0,0,0,0,0,0
Region 48,Region 51,0,0,0,0,0,0,0,0,0,0,0,0,1,0.002,7,0.009,2,0.002,1,0.001,1,0.002,1,0.002,0,0,2,0.003,1,0.002,0,0,0,0,0,0,0,0,1,0.002,2,0.005,0,0,1,0.004,0,0
Region 48,Region 52,0,0,0,0,0,0,0,0,0,0,0,0,0,0,1,0.001,0,0,0,0,0,0,0,0,0,0,0,0,0,0,1,0.001,0,0,0,0,0,0,0,0,0,0,0,0,0,0,0,0
Region 48,Region 53,0,0,0,0,0,0,0,0,0,0,0,0,0,0,0,0,0,0,0,0,0,0,0,0,0,0,0,0,7,0.011,0,0,0,0,0,0,1,0.001,0,0,0,0,0,0,1,0.004,2,0.011
Region 48,Region 54,0,0,0,0,0,0,0,0,0,0,0,0,1,0.002,0,0,3,0.004,0,0,0,0,1,0.002,0,0,1,0.002,1,0.002,0,0,1,0.001,2,0.003,0,0,1,0.002,1,0.002,3,0.008,0,0,0,0
Region 48,Region 55,1,0.006,0,0,1,0.015,1,0.014,1,0.009,0,0,2,0.004,1,0.001,2,0.002,1,0.001,1,0.002,3,0.005,1,0.002,1,0.002,2,0.003,2,0.003,2,0.003,2,0.003,0,0,1,0.002,2,0.005,0,0,0,0,0,0
Region 48,Region 56,0,0,2,0.022,0,0,0,0,1,0.009,0,0,0,0,0,0,0,0,1,0.001,1,0.002,0,0,0,0,1,0.002,1,0.002,0,0,1,0.001,1,0.001,1,0.001,1,0.002,4,0.009,2,0.005,0,0,2,0.011
Region 48,Region 57,0,0,0,0,0,0,0,0,0,0,0,0,0,0,0,0,0,0,0,0,0,0,0,0,0,0,0,0,0,0,0,0,0,0,0,0,0,0,0,0,0,0,0,0,0,0,0,0
Region 48,Region 58,18,0.108,9,0.099,9,0.135,9,0.128,10,0.085,16,0.062,45,0.092,46,0.058,45,0.053,28,0.04,33,0.057,39,0.067,38,0.062,42,0.068,46,0.074,44,0.064,114,0.164,69,0.089,74,0.101,56,0.103,38,0.088,22,0.06,27,0.103,14,0.077
Region 48,Region 59,1,0.006,0,0,0,0,0,0,0,0,0,0,0,0,0,0,1,0.001,1,0.001,1,0.002,0,0,2,0.003,1,0.002,3,0.005,1,0.001,0,0,2,0.003,1,0.001,1,0.002,1,0.002,0,0,0,0,0,0
Region 48,Region 60,0,0,0,0,0,0,0,0,0,0,0,0,0,0,0,0,0,0,1,0.001,2,0.003,0,0,0,0,0,0,0,0,1,0.001,0,0,0,0,0,0,0,0,0,0,0,0,0,0,0,0
Region 48,Region 61,6,0.036,1,0.011,0,0,2,0.029,1,0.009,4,0.016,2,0.004,6,0.008,5,0.006,1,0.001,4,0.007,6,0.01,4,0.007,6,0.01,6,0.01,6,0.009,15,0.022,16,0.021,10,0.014,4,0.007,0,0,1,0.003,4,0.015,1,0.006
Region 48,Region 62,0,0,0,0,0,0,0,0,0,0,1,0.004,0,0,0,0,0,0,0,0,2,0.003,2,0.003,1,0.002,0,0,0,0,0,0,1,0.001,0,0,0,0,1,0.002,0,0,0,0,0,0,1,0.006
Region 48,Region 63,0,0,0,0,0,0,0,0,0,0,1,0.004,1,0.002,0,0,0,0,0,0,0,0,0,0,0,0,0,0,1,0.002,0,0,1,0.001,0,0,0,0,0,0,0,0,0,0,0,0,0,0
Region 48,Region 64,1,0.006,2,0.022,0,0,1,0.014,0,0,1,0.004,3,0.006,4,0.005,2,0.002,3,0.004,3,0.005,5,0.009,1,0.002,7,0.011,6,0.01,5,0.007,8,0.012,7,0.009,12,0.016,1,0.002,2,0.005,1,0.003,2,0.008,2,0.011
Region 48,Region 65,1,0.006,0,0,0,0,1,0.014,1,0.009,3,0.012,3,0.006,2,0.003,5,0.006,7,0.01,3,0.005,4,0.007,1,0.002,3,0.005,0,0,2,0.003,3,0.004,3,0.004,4,0.005,1,0.002,1,0.002,1,0.003,1,0.004,2,0.011
Region 48,Region 66,1,0.006,1,0.011,0,0,0,0,0,0,0,0,3,0.006,3,0.004,2,0.002,3,0.004,2,0.003,0,0,3,0.005,1,0.002,3,0.005,1,0.001,3,0.004,2,0.003,2,0.003,1,0.002,1,0.002,0,0,0,0,2,0.011
Region 48,Region 67,2,0.012,0,0,0,0,1,0.014,0,0,0,0,0,0,1,0.001,0,0,0,0,0,0,0,0,0,0,0,0,0,0,0,0,4,0.006,1,0.001,0,0,2,0.004,1,0.002,0,0,0,0,0,0
Region 48,Region 68,0,0,0,0,0,0,0,0,0,0,0,0,0,0,0,0,1,0.001,0,0,0,0,0,0,0,0,0,0,0,0,0,0,0,0,0,0,0,0,0,0,0,0,0,0,0,0,0,0
Region 48,Region 69,0,0,0,0,0,0,0,0,0,0,0,0,1,0.002,1,0.001,1,0.001,2,0.003,0,0,2,0.003,0,0,0,0,0,0,0,0,0,0,0,0,0,0,0,0,0,0,0,0,0,0,1,0.006
Region 48,Region 70,0,0,0,0,0,0,0,0,0,0,0,0,0,0,0,0,0,0,1,0.001,0,0,0,0,0,0,0,0,0,0,0,0,0,0,0,0,0,0,0,0,0,0,0,0,0,0,0,0
Region 48,Region 71,0,0,0,0,0,0,0,0,0,0,0,0,0,0,1,0.001,0,0,0,0,0,0,0,0,1,0.002,1,0.002,0,0,0,0,0,0,0,0,0,0,0,0,0,0,0,0,0,0,0,0
Region 48,Region 72,2,0.012,0,0,1,0.015,3,0.043,2,0.017,1,0.004,6,0.012,20,0.025,12,0.014,8,0.011,4,0.007,9,0.015,9,0.015,10,0.016,8,0.013,5,0.007,4,0.006,3,0.004,4,0.005,6,0.011,5,0.012,8,0.022,6,0.023,6,0.033
Region 49,Region 0,0,0,0,0,0,0,0,0,0,0,0,0,0,0,0,0,1,0.001,0,0,0,0,0,0,0,0,1,0.002,1,0.002,1,0.001,0,0,0,0,1,0.001,0,0,1,0.002,0,0,0,0,0,0
Region 49,Region 1,0,0,1,0.011,1,0.015,0,0,0,0,3,0.012,2,0.004,2,0.003,4,0.005,6,0.008,2,0.003,4,0.007,6,0.01,1,0.002,3,0.005,2,0.003,1,0.001,0,0,1,0.001,2,0.004,2,0.005,4,0.011,3,0.011,3,0.017
Region 49,Region 2,1,0.006,0,0,0,0,0,0,0,0,0,0,0,0,4,0.005,5,0.006,3,0.004,1,0.002,3,0.005,3,0.005,2,0.003,5,0.008,1,0.001,3,0.004,4,0.005,5,0.007,1,0.002,1,0.002,0,0,1,0.004,1,0.006
Region 49,Region 3,0,0,0,0,0,0,0,0,0,0,0,0,0,0,0,0,0,0,0,0,0,0,1,0.002,0,0,1,0.002,0,0,0,0,2,0.003,3,0.004,2,0.003,0,0,0,0,0,0,0,0,0,0
Region 49,Region 4,0,0,0,0,0,0,0,0,0,0,0,0,0,0,0,0,0,0,0,0,0,0,0,0,1,0.002,0,0,0,0,0,0,0,0,1,0.001,1,0.001,1,0.002,0,0,1,0.003,0,0,0,0
Region 49,Region 5,0,0,0,0,0,0,0,0,2,0.017,0,0,0,0,0,0,0,0,0,0,0,0,0,0,0,0,0,0,0,0,1,0.001,0,0,1,0.001,0,0,0,0,0,0,0,0,0,0,0,0
Region 49,Region 6,7,0.042,1,0.011,1,0.015,1,0.014,4,0.034,6,0.023,17,0.035,12,0.015,16,0.019,10,0.014,15,0.026,12,0.021,14,0.023,15,0.024,21,0.034,14,0.02,19,0.027,16,0.021,25,0.034,13,0.024,8,0.018,9,0.025,18,0.068,4,0.022
Region 49,Region 7,9,0.054,1,0.011,1,0.015,0,0,0,0,5,0.019,1,0.002,6,0.008,9,0.011,6,0.008,4,0.007,7,0.012,13,0.021,9,0.015,4,0.006,10,0.015,13,0.019,15,0.019,10,0.014,8,0.015,8,0.018,2,0.005,5,0.019,5,0.028
Region 49,Region 8,0,0,0,0,0,0,0,0,0,0,0,0,0,0,0,0,0,0,0,0,0,0,0,0,0,0,0,0,0,0,0,0,0,0,0,0,0,0,0,0,0,0,0,0,0,0,0,0
Region 49,Region 9,0,0,0,0,0,0,0,0,0,0,0,0,0,0,0,0,0,0,0,0,1,0.002,0,0,0,0,0,0,1,0.002,1,0.001,0,0,0,0,1,0.001,0,0,0,0,0,0,0,0,0,0
Region 49,Region 10,0,0,0,0,0,0,0,0,0,0,0,0,0,0,1,0.001,0,0,0,0,0,0,1,0.002,0,0,0,0,0,0,2,0.003,0,0,0,0,0,0,1,0.002,0,0,1,0.003,0,0,1,0.006
Region 49,Region 11,0,0,0,0,0,0,0,0,0,0,0,0,0,0,0,0,1,0.001,0,0,0,0,0,0,0,0,0,0,0,0,0,0,0,0,0,0,0,0,0,0,0,0,0,0,0,0,0,0
Region 49,Region 12,0,0,0,0,0,0,0,0,0,0,0,0,0,0,0,0,0,0,0,0,0,0,0,0,1,0.002,0,0,0,0,0,0,0,0,1,0.001,0,0,0,0,2,0.005,0,0,0,0,0,0
Region 49,Region 13,1,0.006,0,0,0,0,0,0,0,0,1,0.004,4,0.008,5,0.006,6,0.007,6,0.008,2,0.003,2,0.003,3,0.005,4,0.007,3,0.005,3,0.004,0,0,2,0.003,7,0.01,0,0,1,0.002,1,0.003,0,0,0,0
Region 49,Region 14,0,0,0,0,0,0,0,0,0,0,0,0,0,0,0,0,0,0,1,0.001,0,0,0,0,0,0,0,0,0,0,0,0,0,0,0,0,1,0.001,0,0,0,0,0,0,0,0,0,0
Region 49,Region 15,1,0.006,0,0,1,0.015,1,0.014,3,0.026,6,0.023,2,0.004,10,0.013,4,0.005,4,0.006,6,0.01,7,0.012,6,0.01,2,0.003,3,0.005,8,0.012,5,0.007,10,0.013,15,0.02,5,0.009,6,0.014,5,0.014,5,0.019,8,0.044
Region 49,Region 16,0,0,0,0,0,0,0,0,0,0,0,0,0,0,0,0,1,0.001,0,0,0,0,0,0,0,0,0,0,0,0,2,0.003,0,0,0,0,0,0,0,0,1,0.002,0,0,1,0.004,0,0
Region 49,Region 17,0,0,0,0,0,0,0,0,0,0,1,0.004,0,0,0,0,0,0,1,0.001,2,0.003,0,0,0,0,0,0,0,0,0,0,0,0,0,0,0,0,1,0.002,0,0,0,0,0,0,0,0
Region 49,Region 18,0,0,0,0,0,0,0,0,0,0,0,0,0,0,0,0,0,0,0,0,0,0,0,0,0,0,0,0,0,0,0,0,0,0,0,0,1,0.001,0,0,0,0,0,0,0,0,0,0
Region 49,Region 19,0,0,0,0,0,0,0,0,0,0,0,0,1,0.002,0,0,0,0,1,0.001,0,0,1,0.002,1,0.002,1,0.002,0,0,0,0,0,0,0,0,0,0,0,0,0,0,1,0.003,1,0.004,0,0
Region 49,Region 20,1,0.006,0,0,0,0,0,0,0,0,0,0,0,0,0,0,0,0,1,0.001,0,0,0,0,1,0.002,1,0.002,0,0,0,0,0,0,0,0,0,0,0,0,0,0,0,0,0,0,0,0
Region 49,Region 21,0,0,0,0,0,0,0,0,0,0,0,0,0,0,0,0,0,0,0,0,0,0,0,0,0,0,0,0,0,0,0,0,0,0,0,0,0,0,0,0,0,0,0,0,0,0,0,0
Region 49,Region 22,7,0.042,1,0.011,1,0.015,1,0.014,1,0.009,1,0.004,0,0,5,0.006,4,0.005,2,0.003,3,0.005,3,0.005,5,0.008,2,0.003,8,0.013,6,0.009,4,0.006,4,0.005,5,0.007,6,0.011,6,0.014,4,0.011,3,0.011,6,0.033
Region 49,Region 23,0,0,1,0.011,0,0,0,0,1,0.009,1,0.004,0,0,1,0.001,0,0,0,0,0,0,0,0,1,0.002,2,0.003,1,0.002,1,0.001,0,0,0,0,1,0.001,2,0.004,1,0.002,1,0.003,3,0.011,0,0
Region 49,Region 24,0,0,0,0,0,0,0,0,0,0,0,0,1,0.002,0,0,1,0.001,1,0.001,0,0,1,0.002,1,0.002,1,0.002,1,0.002,1,0.001,1,0.001,1,0.001,3,0.004,1,0.002,1,0.002,1,0.003,4,0.015,0,0
Region 49,Region 25,0,0,0,0,0,0,0,0,0,0,1,0.004,1,0.002,1,0.001,0,0,1,0.001,0,0,0,0,1,0.002,0,0,2,0.003,1,0.001,2,0.003,1,0.001,0,0,0,0,0,0,0,0,1,0.004,0,0
Region 49,Region 26,0,0,0,0,0,0,0,0,0,0,0,0,1,0.002,1,0.001,0,0,0,0,0,0,0,0,0,0,1,0.002,0,0,0,0,0,0,0,0,0,0,0,0,0,0,0,0,0,0,0,0
Region 49,Region 27,0,0,0,0,1,0.015,2,0.029,0,0,0,0,1,0.002,6,0.008,14,0.016,12,0.017,7,0.012,8,0.014,6,0.01,7,0.011,4,0.006,11,0.016,14,0.02,12,0.015,6,0.008,6,0.011,6,0.014,3,0.008,6,0.023,1,0.006
Region 49,Region 28,0,0,0,0,0,0,0,0,0,0,0,0,1,0.002,1,0.001,0,0,1,0.001,1,0.002,0,0,0,0,0,0,1,0.002,1,0.001,0,0,2,0.003,1,0.001,1,0.002,1,0.002,1,0.003,1,0.004,1,0.006
Region 49,Region 29,3,0.018,0,0,1,0.015,0,0,0,0,1,0.004,0,0,3,0.004,6,0.007,0,0,2,0.003,1,0.002,2,0.003,2,0.003,4,0.006,2,0.003,3,0.004,3,0.004,2,0.003,2,0.004,2,0.005,1,0.003,2,0.008,0,0
Region 49,Region 30,0,0,0,0,0,0,0,0,1,0.009,1,0.004,0,0,0,0,1,0.001,1,0.001,0,0,0,0,0,0,0,0,2,0.003,2,0.003,2,0.003,0,0,1,0.001,0,0,0,0,1,0.003,0,0,0,0
Region 49,Region 31,0,0,0,0,0,0,0,0,0,0,0,0,1,0.002,1,0.001,3,0.004,2,0.003,0,0,0,0,0,0,0,0,0,0,3,0.004,0,0,2,0.003,0,0,0,0,0,0,0,0,4,0.015,0,0
Region 49,Region 32,0,0,0,0,0,0,0,0,0,0,0,0,0,0,0,0,0,0,0,0,0,0,0,0,0,0,0,0,1,0.002,1,0.001,0,0,0,0,0,0,0,0,0,0,0,0,0,0,0,0
Region 49,Region 33,0,0,0,0,0,0,0,0,0,0,0,0,0,0,3,0.004,0,0,1,0.001,0,0,0,0,0,0,0,0,0,0,0,0,0,0,1,0.001,0,0,0,0,1,0.002,0,0,1,0.004,0,0
Region 49,Region 34,1,0.006,0,0,0,0,0,0,1,0.009,1,0.004,3,0.006,5,0.006,5,0.006,8,0.011,3,0.005,0,0,0,0,3,0.005,1,0.002,1,0.001,1,0.001,2,0.003,0,0,0,0,0,0,4,0.011,4,0.015,0,0
Region 49,Region 35,0,0,0,0,0,0,0,0,0,0,1,0.004,1,0.002,1,0.001,0,0,0,0,0,0,0,0,0,0,0,0,0,0,0,0,0,0,0,0,0,0,1,0.002,0,0,0,0,0,0,0,0
Region 49,Region 36,0,0,0,0,0,0,0,0,0,0,0,0,3,0.006,4,0.005,0,0,4,0.006,1,0.002,0,0,3,0.005,2,0.003,1,0.002,2,0.003,2,0.003,1,0.001,2,0.003,0,0,0,0,0,0,0,0,0,0
Region 49,Region 37,0,0,0,0,0,0,0,0,0,0,0,0,0,0,0,0,0,0,2,0.003,0,0,0,0,0,0,0,0,2,0.003,1,0.001,0,0,0,0,0,0,1,0.002,0,0,1,0.003,1,0.004,0,0
Region 49,Region 38,0,0,0,0,0,0,0,0,0,0,0,0,0,0,0,0,2,0.002,0,0,1,0.002,0,0,0,0,0,0,1,0.002,0,0,1,0.001,1,0.001,0,0,1,0.002,1,0.002,0,0,0,0,0,0
Region 49,Region 39,2,0.012,0,0,0,0,0,0,1,0.009,0,0,2,0.004,1,0.001,7,0.008,2,0.003,3,0.005,5,0.009,3,0.005,6,0.01,6,0.01,4,0.006,4,0.006,10,0.013,4,0.005,3,0.006,4,0.009,4,0.011,1,0.004,1,0.006
Region 49,Region 40,2,0.012,3,0.033,0,0,0,0,1,0.009,0,0,2,0.004,5,0.006,3,0.004,0,0,5,0.009,2,0.003,4,0.007,5,0.008,5,0.008,7,0.01,7,0.01,8,0.01,4,0.005,1,0.002,2,0.005,2,0.005,5,0.019,1,0.006
Region 49,Region 41,1,0.006,1,0.011,0,0,1,0.014,0,0,2,0.008,3,0.006,3,0.004,4,0.005,1,0.001,1,0.002,1,0.002,4,0.007,6,0.01,2,0.003,7,0.01,5,0.007,4,0.005,4,0.005,7,0.013,2,0.005,2,0.005,0,0,3,0.017
Region 49,Region 42,0,0,0,0,0,0,0,0,0,0,0,0,0,0,0,0,0,0,0,0,0,0,0,0,0,0,0,0,0,0,1,0.001,0,0,0,0,0,0,0,0,0,0,0,0,0,0,0,0
Region 49,Region 43,0,0,0,0,0,0,0,0,0,0,1,0.004,0,0,2,0.003,3,0.004,1,0.001,0,0,0,0,3,0.005,0,0,0,0,6,0.009,3,0.004,2,0.003,2,0.003,0,0,1,0.002,2,0.005,0,0,2,0.011
Region 49,Region 44,0,0,1,0.011,0,0,0,0,0,0,0,0,1,0.002,0,0,0,0,2,0.003,0,0,0,0,0,0,0,0,0,0,2,0.003,0,0,0,0,1,0.001,1,0.002,0,0,0,0,0,0,1,0.006
Region 49,Region 45,0,0,0,0,0,0,0,0,0,0,0,0,0,0,1,0.001,0,0,2,0.003,0,0,1,0.002,0,0,0,0,0,0,0,0,0,0,3,0.004,1,0.001,1,0.002,0,0,1,0.003,0,0,0,0
Region 49,Region 46,1,0.006,0,0,0,0,0,0,0,0,1,0.004,2,0.004,1,0.001,0,0,4,0.006,1,0.002,4,0.007,2,0.003,1,0.002,1,0.002,0,0,1,0.001,0,0,2,0.003,2,0.004,3,0.007,1,0.003,1,0.004,0,0
Region 49,Region 47,1,0.006,0,0,1,0.015,0,0,0,0,0,0,3,0.006,2,0.003,0,0,0,0,0,0,0,0,0,0,0,0,2,0.003,0,0,1,0.001,1,0.001,0,0,2,0.004,0,0,2,0.005,0,0,0,0
Region 49,Region 48,2,0.012,1,0.011,0,0,0,0,2,0.017,1,0.004,1,0.002,7,0.009,12,0.014,3,0.004,2,0.003,5,0.009,2,0.003,3,0.005,1,0.002,8,0.012,6,0.009,7,0.009,7,0.01,6,0.011,2,0.005,4,0.011,1,0.004,0,0
Region 49,Region 49,17,0.102,2,0.022,4,0.06,1,0.014,1,0.009,1,0.004,2,0.004,12,0.015,42,0.049,21,0.03,9,0.015,16,0.027,16,0.026,29,0.047,24,0.039,48,0.07,35,0.05,28,0.036,45,0.061,21,0.039,23,0.053,13,0.036,9,0.034,7,0.039
Region 49,Region 50,0,0,0,0,0,0,0,0,0,0,0,0,0,0,0,0,0,0,1,0.001,0,0,1,0.002,0,0,0,0,0,0,2,0.003,1,0.001,0,0,0,0,0,0,0,0,0,0,0,0,0,0
Region 49,Region 51,0,0,0,0,0,0,0,0,0,0,0,0,0,0,1,0.001,0,0,1,0.001,2,0.003,0,0,0,0,0,0,0,0,0,0,0,0,0,0,0,0,0,0,0,0,0,0,0,0,0,0
Region 49,Region 52,0,0,0,0,0,0,0,0,0,0,1,0.004,0,0,0,0,0,0,0,0,0,0,0,0,0,0,0,0,0,0,0,0,0,0,0,0,0,0,0,0,0,0,0,0,0,0,0,0
Region 49,Region 53,0,0,0,0,0,0,0,0,0,0,1,0.004,0,0,0,0,1,0.001,0,0,0,0,0,0,0,0,0,0,0,0,0,0,1,0.001,0,0,0,0,1,0.002,0,0,2,0.005,0,0,0,0
Region 49,Region 54,0,0,0,0,0,0,0,0,0,0,1,0.004,0,0,3,0.004,1,0.001,1,0.001,1,0.002,4,0.007,4,0.007,0,0,1,0.002,1,0.001,0,0,0,0,1,0.001,2,0.004,0,0,0,0,0,0,0,0
Region 49,Region 55,0,0,0,0,0,0,0,0,0,0,0,0,0,0,0,0,1,0.001,0,0,2,0.003,0,0,1,0.002,0,0,1,0.002,0,0,0,0,0,0,0,0,1,0.002,0,0,0,0,0,0,0,0
Region 49,Region 56,0,0,0,0,0,0,0,0,0,0,0,0,0,0,0,0,1,0.001,0,0,0,0,1,0.002,0,0,0,0,1,0.002,1,0.001,0,0,0,0,1,0.001,0,0,0,0,1,0.003,0,0,1,0.006
Region 49,Region 57,0,0,0,0,0,0,0,0,0,0,0,0,0,0,0,0,0,0,0,0,0,0,0,0,1,0.002,0,0,1,0.002,0,0,0,0,0,0,0,0,0,0,0,0,0,0,0,0,0,0
Region 49,Region 58,5,0.03,0,0,1,0.015,2,0.029,1,0.009,2,0.008,9,0.018,9,0.011,12,0.014,6,0.008,8,0.014,9,0.015,9,0.015,11,0.018,15,0.024,13,0.019,18,0.026,18,0.023,13,0.018,8,0.015,8,0.018,4,0.011,5,0.019,6,0.033
Region 49,Region 59,3,0.018,2,0.022,0,0,0,0,0,0,1,0.004,0,0,1,0.001,1,0.001,3,0.004,1,0.002,0,0,1,0.002,1,0.002,1,0.002,2,0.003,2,0.003,0,0,1,0.001,0,0,1,0.002,0,0,0,0,1,0.006
Region 49,Region 60,0,0,0,0,0,0,0,0,0,0,0,0,0,0,0,0,0,0,0,0,0,0,0,0,0,0,1,0.002,0,0,0,0,0,0,0,0,0,0,0,0,0,0,0,0,0,0,0,0
Region 49,Region 61,2,0.012,0,0,2,0.03,4,0.057,2,0.017,2,0.008,3,0.006,9,0.011,18,0.021,8,0.011,11,0.019,12,0.021,20,0.033,19,0.031,19,0.031,14,0.02,18,0.026,21,0.027,23,0.031,15,0.028,7,0.016,12,0.033,5,0.019,2,0.011
Region 49,Region 62,0,0,0,0,0,0,0,0,0,0,0,0,1,0.002,2,0.003,0,0,1,0.001,0,0,0,0,4,0.007,0,0,2,0.003,1,0.001,4,0.006,1,0.001,3,0.004,1,0.002,2,0.005,2,0.005,0,0,1,0.006
Region 49,Region 63,0,0,0,0,0,0,0,0,0,0,0,0,0,0,0,0,0,0,0,0,0,0,0,0,0,0,0,0,0,0,0,0,0,0,1,0.001,0,0,0,0,0,0,0,0,0,0,0,0
Region 49,Region 64,2,0.012,0,0,0,0,0,0,0,0,0,0,1,0.002,5,0.006,4,0.005,1,0.001,4,0.007,4,0.007,2,0.003,5,0.008,8,0.013,12,0.017,5,0.007,7,0.009,8,0.011,6,0.011,6,0.014,1,0.003,3,0.011,2,0.011
Region 49,Region 65,0,0,0,0,0,0,0,0,0,0,0,0,2,0.004,4,0.005,5,0.006,3,0.004,3,0.005,0,0,0,0,1,0.002,2,0.003,2,0.003,2,0.003,1,0.001,2,0.003,1,0.002,1,0.002,2,0.005,2,0.008,0,0
Region 49,Region 66,1,0.006,2,0.022,1,0.015,0,0,0,0,2,0.008,0,0,6,0.008,6,0.007,5,0.007,0,0,3,0.005,2,0.003,3,0.005,0,0,5,0.007,5,0.007,3,0.004,1,0.001,1,0.002,2,0.005,4,0.011,2,0.008,0,0
Region 49,Region 67,0,0,0,0,0,0,0,0,1,0.009,0,0,0,0,0,0,0,0,0,0,0,0,0,0,0,0,0,0,0,0,0,0,1,0.001,0,0,0,0,0,0,0,0,1,0.003,1,0.004,0,0
Region 49,Region 68,0,0,0,0,0,0,0,0,0,0,0,0,0,0,0,0,1,0.001,0,0,0,0,0,0,0,0,0,0,0,0,0,0,0,0,0,0,0,0,0,0,0,0,0,0,0,0,0,0
Region 49,Region 69,0,0,0,0,0,0,0,0,1,0.009,0,0,1,0.002,0,0,0,0,0,0,0,0,1,0.002,0,0,0,0,0,0,0,0,0,0,0,0,0,0,0,0,0,0,0,0,0,0,0,0
Region 49,Region 70,0,0,0,0,0,0,0,0,0,0,0,0,0,0,0,0,0,0,0,0,0,0,0,0,0,0,0,0,0,0,0,0,0,0,0,0,0,0,0,0,0,0,0,0,0,0,0,0
Region 49,Region 71,0,0,0,0,0,0,0,0,0,0,0,0,0,0,0,0,0,0,0,0,1,0.002,1,0.002,0,0,0,0,0,0,1,0.001,0,0,0,0,0,0,0,0,1,0.002,1,0.003,0,0,0,0
Region 49,Region 72,0,0,1,0.011,0,0,0,0,1,0.009,1,0.004,1,0.002,5,0.006,7,0.008,5,0.007,1,0.002,2,0.003,3,0.005,1,0.002,2,0.003,2,0.003,2,0.003,2,0.003,1,0.001,0,0,0,0,3,0.008,5,0.019,3,0.017
Region 50,Region 0,0,0,0,0,0,0,0,0,0,0,0,0,0,0,0,0,0,0,0,0,0,0,0,0,0,0,0,0,0,0,0,0,0,0,0,0,0,0,0,0,0,0,0,0,0,0,0,0
Region 50,Region 1,1,0.006,0,0,0,0,1,0.014,2,0.017,1,0.004,3,0.006,13,0.016,13,0.015,12,0.017,14,0.024,11,0.019,10,0.016,10,0.016,11,0.018,15,0.022,16,0.023,21,0.027,18,0.024,9,0.017,15,0.035,5,0.014,3,0.011,2,0.011
Region 50,Region 2,0,0,0,0,0,0,0,0,0,0,0,0,0,0,1,0.001,2,0.002,0,0,0,0,1,0.002,0,0,1,0.002,1,0.002,2,0.003,3,0.004,1,0.001,3,0.004,1,0.002,1,0.002,0,0,0,0,0,0
Region 50,Region 3,0,0,1,0.011,0,0,0,0,0,0,0,0,0,0,1,0.001,0,0,0,0,0,0,0,0,0,0,0,0,0,0,0,0,0,0,0,0,0,0,0,0,0,0,0,0,2,0.008,0,0
Region 50,Region 4,0,0,0,0,0,0,0,0,0,0,0,0,1,0.002,1,0.001,0,0,1,0.001,0,0,0,0,0,0,0,0,0,0,0,0,0,0,0,0,0,0,0,0,1,0.002,0,0,0,0,0,0
Region 50,Region 5,0,0,0,0,0,0,0,0,0,0,0,0,0,0,0,0,0,0,1,0.001,1,0.002,0,0,0,0,0,0,0,0,0,0,0,0,0,0,1,0.001,0,0,0,0,0,0,0,0,0,0
Region 50,Region 6,2,0.012,0,0,0,0,2,0.029,0,0,2,0.008,2,0.004,3,0.004,2,0.002,2,0.003,3,0.005,7,0.012,4,0.007,1,0.002,6,0.01,4,0.006,7,0.01,9,0.012,5,0.007,2,0.004,4,0.009,3,0.008,3,0.011,2,0.011
Region 50,Region 7,0,0,0,0,0,0,0,0,0,0,0,0,0,0,0,0,0,0,0,0,1,0.002,0,0,0,0,0,0,0,0,1,0.001,0,0,0,0,0,0,0,0,0,0,0,0,0,0,0,0
Region 50,Region 8,0,0,0,0,0,0,0,0,0,0,0,0,1,0.002,3,0.004,3,0.004,2,0.003,4,0.007,1,0.002,1,0.002,1,0.002,0,0,3,0.004,1,0.001,6,0.008,0,0,1,0.002,1,0.002,0,0,1,0.004,0,0
Region 50,Region 9,0,0,0,0,0,0,0,0,0,0,0,0,1,0.002,0,0,2,0.002,0,0,0,0,0,0,0,0,2,0.003,0,0,0,0,0,0,0,0,0,0,0,0,0,0,0,0,0,0,0,0
Region 50,Region 10,0,0,0,0,1,0.015,0,0,0,0,2,0.008,10,0.02,22,0.028,11,0.013,11,0.016,7,0.012,3,0.005,5,0.008,3,0.005,8,0.013,1,0.001,9,0.013,7,0.009,6,0.008,5,0.009,5,0.012,5,0.014,2,0.008,2,0.011
Region 50,Region 11,0,0,0,0,0,0,0,0,0,0,0,0,0,0,1,0.001,0,0,0,0,0,0,0,0,0,0,0,0,0,0,0,0,0,0,0,0,0,0,1,0.002,0,0,0,0,0,0,0,0
Region 50,Region 12,0,0,0,0,0,0,0,0,0,0,0,0,0,0,0,0,0,0,0,0,0,0,0,0,0,0,0,0,0,0,0,0,0,0,0,0,0,0,0,0,0,0,0,0,0,0,0,0
Region 50,Region 13,0,0,1,0.011,0,0,0,0,1,0.009,0,0,6,0.012,8,0.01,10,0.012,3,0.004,1,0.002,3,0.005,1,0.002,1,0.002,1,0.002,2,0.003,2,0.003,3,0.004,3,0.004,0,0,3,0.007,1,0.003,1,0.004,0,0
Region 50,Region 14,0,0,0,0,0,0,0,0,0,0,0,0,2,0.004,23,0.029,15,0.018,3,0.004,1,0.002,1,0.002,0,0,1,0.002,3,0.005,7,0.01,3,0.004,5,0.006,4,0.005,2,0.004,0,0,1,0.003,0,0,0,0
Region 50,Region 15,0,0,0,0,0,0,1,0.014,2,0.017,4,0.016,5,0.01,5,0.006,5,0.006,5,0.007,2,0.003,2,0.003,4,0.007,8,0.013,3,0.005,1,0.001,2,0.003,5,0.006,4,0.005,3,0.006,5,0.012,1,0.003,0,0,4,0.022
Region 50,Region 16,0,0,0,0,0,0,0,0,0,0,0,0,0,0,0,0,0,0,0,0,0,0,0,0,0,0,0,0,0,0,0,0,0,0,0,0,0,0,0,0,0,0,0,0,0,0,0,0
Region 50,Region 17,0,0,0,0,0,0,0,0,0,0,0,0,1,0.002,0,0,0,0,0,0,1,0.002,0,0,0,0,0,0,0,0,0,0,0,0,0,0,1,0.001,0,0,1,0.002,0,0,0,0,0,0
Region 50,Region 18,0,0,0,0,0,0,0,0,0,0,0,0,0,0,0,0,0,0,0,0,0,0,0,0,0,0,0,0,0,0,0,0,0,0,0,0,0,0,0,0,0,0,0,0,0,0,0,0
Region 50,Region 19,0,0,0,0,0,0,0,0,1,0.009,0,0,0,0,1,0.001,0,0,0,0,0,0,0,0,0,0,0,0,0,0,0,0,0,0,1,0.001,0,0,0,0,0,0,0,0,0,0,0,0
Region 50,Region 20,1,0.006,0,0,0,0,1,0.014,0,0,1,0.004,3,0.006,9,0.011,20,0.023,12,0.017,7,0.012,8,0.014,4,0.007,2,0.003,1,0.002,3,0.004,3,0.004,2,0.003,4,0.005,3,0.006,1,0.002,1,0.003,1,0.004,0,0
Region 50,Region 21,0,0,0,0,0,0,0,0,0,0,0,0,0,0,0,0,0,0,0,0,0,0,0,0,0,0,0,0,0,0,0,0,0,0,0,0,1,0.001,0,0,0,0,0,0,0,0,0,0
Region 50,Region 22,1,0.006,0,0,0,0,0,0,0,0,0,0,0,0,0,0,0,0,1,0.001,1,0.002,0,0,1,0.002,0,0,1,0.002,0,0,1,0.001,1,0.001,0,0,1,0.002,2,0.005,0,0,0,0,0,0
Region 50,Region 23,0,0,0,0,0,0,0,0,0,0,0,0,2,0.004,1,0.001,2,0.002,2,0.003,1,0.002,1,0.002,1,0.002,0,0,1,0.002,0,0,0,0,3,0.004,1,0.001,0,0,0,0,0,0,0,0,0,0
Region 50,Region 24,0,0,0,0,0,0,0,0,0,0,0,0,0,0,0,0,2,0.002,0,0,0,0,0,0,1,0.002,1,0.002,0,0,1,0.001,0,0,0,0,0,0,1,0.002,1,0.002,1,0.003,1,0.004,1,0.006
Region 50,Region 25,0,0,1,0.011,0,0,0,0,2,0.017,1,0.004,1,0.002,11,0.014,22,0.026,14,0.02,5,0.009,6,0.01,4,0.007,4,0.007,1,0.002,5,0.007,5,0.007,8,0.01,10,0.014,6,0.011,4,0.009,3,0.008,0,0,1,0.006
Region 50,Region 26,0,0,0,0,0,0,0,0,0,0,1,0.004,1,0.002,12,0.015,18,0.021,7,0.01,2,0.003,4,0.007,5,0.008,7,0.011,7,0.011,1,0.001,7,0.01,14,0.018,11,0.015,8,0.015,6,0.014,4,0.011,0,0,1,0.006
Region 50,Region 27,0,0,0,0,0,0,0,0,0,0,0,0,0,0,2,0.003,1,0.001,0,0,1,0.002,1,0.002,0,0,3,0.005,1,0.002,2,0.003,0,0,2,0.003,2,0.003,1,0.002,0,0,0,0,0,0,0,0
Region 50,Region 28,0,0,0,0,0,0,0,0,0,0,0,0,0,0,0,0,2,0.002,1,0.001,1,0.002,0,0,1,0.002,1,0.002,0,0,0,0,0,0,2,0.003,0,0,0,0,2,0.005,0,0,0,0,0,0
Region 50,Region 29,1,0.006,0,0,0,0,0,0,0,0,0,0,1,0.002,0,0,3,0.004,1,0.001,6,0.01,1,0.002,3,0.005,5,0.008,1,0.002,0,0,3,0.004,0,0,3,0.004,1,0.002,1,0.002,0,0,2,0.008,1,0.006
Region 50,Region 30,0,0,0,0,0,0,0,0,0,0,0,0,0,0,7,0.009,7,0.008,5,0.007,8,0.014,4,0.007,2,0.003,2,0.003,4,0.006,9,0.013,2,0.003,5,0.006,3,0.004,4,0.007,5,0.012,1,0.003,3,0.011,2,0.011
Region 50,Region 31,0,0,0,0,0,0,0,0,0,0,2,0.008,0,0,4,0.005,1,0.001,2,0.003,1,0.002,3,0.005,1,0.002,2,0.003,1,0.002,1,0.001,0,0,3,0.004,6,0.008,0,0,0,0,1,0.003,1,0.004,1,0.006
Region 50,Region 32,0,0,0,0,0,0,0,0,0,0,0,0,0,0,0,0,0,0,0,0,1,0.002,0,0,0,0,0,0,0,0,0,0,0,0,0,0,0,0,0,0,0,0,0,0,0,0,0,0
Region 50,Region 33,2,0.012,1,0.011,0,0,2,0.029,1,0.009,6,0.023,21,0.043,46,0.058,72,0.084,34,0.048,31,0.053,23,0.039,16,0.026,17,0.028,26,0.042,38,0.055,22,0.032,23,0.03,21,0.029,14,0.026,12,0.028,4,0.011,3,0.011,1,0.006
Region 50,Region 34,1,0.006,2,0.022,0,0,3,0.043,1,0.009,0,0,6,0.012,18,0.023,17,0.02,12,0.017,6,0.01,3,0.005,5,0.008,4,0.007,4,0.006,4,0.006,5,0.007,3,0.004,1,0.001,2,0.004,2,0.005,9,0.025,1,0.004,1,0.006
Region 50,Region 35,0,0,0,0,0,0,0,0,1,0.009,0,0,0,0,4,0.005,1,0.001,4,0.006,3,0.005,3,0.005,2,0.003,1,0.002,0,0,1,0.001,3,0.004,2,0.003,1,0.001,1,0.002,2,0.005,0,0,0,0,0,0
Region 50,Region 36,2,0.012,0,0,0,0,1,0.014,1,0.009,2,0.008,5,0.01,6,0.008,11,0.013,15,0.021,11,0.019,11,0.019,22,0.036,19,0.031,19,0.031,28,0.041,27,0.039,30,0.039,33,0.045,12,0.022,20,0.046,13,0.036,4,0.015,2,0.011
Region 50,Region 37,0,0,0,0,0,0,0,0,0,0,0,0,0,0,0,0,0,0,0,0,1,0.002,1,0.002,1,0.002,0,0,0,0,0,0,1,0.001,1,0.001,2,0.003,1,0.002,0,0,0,0,1,0.004,0,0
Region 50,Region 38,0,0,0,0,0,0,0,0,0,0,0,0,0,0,1,0.001,0,0,0,0,0,0,0,0,0,0,1,0.002,0,0,1,0.001,2,0.003,2,0.003,1,0.001,0,0,1,0.002,0,0,0,0,0,0
Region 50,Region 39,0,0,0,0,0,0,1,0.014,0,0,0,0,0,0,0,0,2,0.002,0,0,3,0.005,1,0.002,1,0.002,0,0,0,0,0,0,0,0,1,0.001,0,0,0,0,0,0,0,0,0,0,0,0
Region 50,Region 40,0,0,0,0,0,0,0,0,0,0,0,0,0,0,2,0.003,1,0.001,2,0.003,2,0.003,2,0.003,4,0.007,6,0.01,1,0.002,5,0.007,2,0.003,7,0.009,4,0.005,3,0.006,0,0,3,0.008,2,0.008,0,0
Region 50,Region 41,2,0.012,2,0.022,1,0.015,1,0.014,1,0.009,3,0.012,2,0.004,7,0.009,4,0.005,1,0.001,3,0.005,3,0.005,1,0.002,2,0.003,3,0.005,5,0.007,3,0.004,7,0.009,3,0.004,2,0.004,2,0.005,1,0.003,1,0.004,1,0.006
Region 50,Region 42,0,0,0,0,1,0.015,0,0,0,0,0,0,1,0.002,3,0.004,4,0.005,2,0.003,1,0.002,1,0.002,0,0,0,0,1,0.002,0,0,4,0.006,0,0,1,0.001,1,0.002,0,0,1,0.003,0,0,0,0
Region 50,Region 43,0,0,0,0,0,0,0,0,0,0,0,0,0,0,0,0,1,0.001,0,0,0,0,0,0,0,0,0,0,1,0.002,1,0.001,2,0.003,1,0.001,1,0.001,0,0,0,0,0,0,0,0,0,0
Region 50,Region 44,0,0,0,0,0,0,0,0,0,0,1,0.004,1,0.002,0,0,1,0.001,0,0,0,0,0,0,1,0.002,0,0,1,0.002,0,0,0,0,0,0,2,0.003,0,0,0,0,1,0.003,0,0,1,0.006
Region 50,Region 45,0,0,0,0,0,0,0,0,0,0,0,0,2,0.004,1,0.001,1,0.001,2,0.003,0,0,1,0.002,3,0.005,0,0,0,0,0,0,3,0.004,3,0.004,2,0.003,1,0.002,4,0.009,2,0.005,0,0,0,0
Region 50,Region 46,0,0,0,0,0,0,0,0,3,0.026,10,0.039,10,0.02,10,0.013,3,0.004,2,0.003,3,0.005,1,0.002,2,0.003,1,0.002,4,0.006,2,0.003,2,0.003,4,0.005,2,0.003,2,0.004,3,0.007,1,0.003,0,0,1,0.006
Region 50,Region 47,0,0,0,0,0,0,0,0,0,0,0,0,2,0.004,1,0.001,0,0,0,0,0,0,0,0,0,0,0,0,0,0,0,0,1,0.001,0,0,0,0,0,0,1,0.002,1,0.003,0,0,0,0
Region 50,Region 48,0,0,0,0,0,0,0,0,0,0,0,0,0,0,1,0.001,0,0,1,0.001,1,0.002,1,0.002,0,0,0,0,1,0.002,1,0.001,1,0.001,0,0,0,0,0,0,0,0,0,0,0,0,0,0
Region 50,Region 49,0,0,0,0,0,0,0,0,0,0,0,0,0,0,0,0,0,0,0,0,0,0,0,0,0,0,0,0,0,0,0,0,0,0,1,0.001,1,0.001,0,0,0,0,0,0,1,0.004,0,0
Region 50,Region 50,13,0.078,2,0.022,3,0.045,1,0.014,0,0,8,0.031,18,0.037,50,0.063,69,0.081,47,0.067,60,0.103,57,0.098,68,0.111,47,0.077,67,0.108,50,0.073,88,0.127,107,0.138,86,0.117,52,0.096,50,0.115,24,0.066,25,0.095,9,0.05
Region 50,Region 51,1,0.006,0,0,0,0,0,0,0,0,1,0.004,6,0.012,16,0.02,6,0.007,7,0.01,1,0.002,2,0.003,1,0.002,1,0.002,3,0.005,1,0.001,2,0.003,0,0,1,0.001,0,0,3,0.007,0,0,0,0,0,0
Region 50,Region 52,0,0,0,0,0,0,0,0,0,0,1,0.004,0,0,0,0,1,0.001,1,0.001,2,0.003,0,0,0,0,2,0.003,1,0.002,0,0,0,0,2,0.003,0,0,0,0,0,0,0,0,0,0,0,0
Region 50,Region 53,0,0,0,0,0,0,0,0,0,0,0,0,0,0,0,0,0,0,0,0,1,0.002,0,0,0,0,0,0,0,0,0,0,0,0,0,0,0,0,0,0,0,0,0,0,0,0,0,0
Region 50,Region 54,9,0.054,2,0.022,1,0.015,2,0.029,1,0.009,5,0.019,9,0.018,24,0.03,34,0.04,29,0.041,29,0.05,51,0.087,48,0.078,38,0.062,39,0.063,37,0.054,36,0.052,53,0.068,36,0.049,30,0.055,22,0.051,23,0.063,9,0.034,3,0.017
Region 50,Region 55,0,0,0,0,0,0,0,0,0,0,0,0,0,0,0,0,0,0,2,0.003,0,0,1,0.002,1,0.002,1,0.002,0,0,0,0,0,0,1,0.001,0,0,0,0,0,0,0,0,0,0,0,0
Region 50,Region 56,0,0,0,0,0,0,0,0,0,0,0,0,0,0,0,0,0,0,1,0.001,1,0.002,0,0,0,0,0,0,0,0,0,0,0,0,0,0,0,0,0,0,0,0,0,0,0,0,0,0
Region 50,Region 57,8,0.048,4,0.044,2,0.03,5,0.071,12,0.102,6,0.023,11,0.022,25,0.032,32,0.037,26,0.037,19,0.033,38,0.065,30,0.049,38,0.062,43,0.069,59,0.086,59,0.085,83,0.107,68,0.093,53,0.098,33,0.076,22,0.06,15,0.057,6,0.033
Region 50,Region 58,1,0.006,3,0.033,1,0.015,1,0.014,3,0.026,5,0.019,2,0.004,8,0.01,5,0.006,4,0.006,5,0.009,6,0.01,7,0.011,8,0.013,8,0.013,8,0.012,6,0.009,7,0.009,7,0.01,3,0.006,4,0.009,6,0.016,1,0.004,1,0.006
Region 50,Region 59,0,0,0,0,0,0,2,0.029,1,0.009,0,0,1,0.002,5,0.006,9,0.011,8,0.011,6,0.01,9,0.015,7,0.011,8,0.013,7,0.011,7,0.01,12,0.017,15,0.019,9,0.012,4,0.007,7,0.016,4,0.011,1,0.004,1,0.006
Region 50,Region 60,0,0,0,0,0,0,0,0,1,0.009,2,0.008,2,0.004,12,0.015,10,0.012,12,0.017,6,0.01,3,0.005,8,0.013,3,0.005,3,0.005,4,0.006,5,0.007,5,0.006,6,0.008,6,0.011,5,0.012,1,0.003,2,0.008,0,0
Region 50,Region 61,1,0.006,1,0.011,1,0.015,0,0,0,0,2,0.008,2,0.004,5,0.006,4,0.005,1,0.001,1,0.002,1,0.002,2,0.003,3,0.005,0,0,2,0.003,3,0.004,6,0.008,4,0.005,5,0.009,4,0.009,2,0.005,3,0.011,2,0.011
Region 50,Region 62,1,0.006,0,0,0,0,0,0,0,0,0,0,0,0,0,0,0,0,0,0,0,0,0,0,0,0,0,0,0,0,0,0,0,0,0,0,1,0.001,1,0.002,0,0,0,0,0,0,0,0
Region 50,Region 63,0,0,0,0,0,0,0,0,0,0,0,0,0,0,0,0,0,0,0,0,0,0,0,0,0,0,0,0,0,0,0,0,0,0,0,0,0,0,0,0,0,0,1,0.003,0,0,0,0
Region 50,Region 64,0,0,0,0,0,0,0,0,0,0,0,0,1,0.002,1,0.001,0,0,1,0.001,1,0.002,0,0,1,0.002,0,0,0,0,1,0.001,1,0.001,0,0,1,0.001,0,0,0,0,1,0.003,1,0.004,0,0
Region 50,Region 65,1,0.006,0,0,1,0.015,0,0,0,0,1,0.004,1,0.002,7,0.009,7,0.008,5,0.007,3,0.005,4,0.007,1,0.002,1,0.002,7,0.011,3,0.004,3,0.004,4,0.005,5,0.007,0,0,2,0.005,5,0.014,0,0,0,0
Region 50,Region 66,0,0,2,0.022,2,0.03,0,0,0,0,0,0,3,0.006,5,0.006,11,0.013,7,0.01,11,0.019,9,0.015,10,0.016,8,0.013,8,0.013,6,0.009,8,0.012,12,0.015,19,0.026,9,0.017,5,0.012,6,0.016,0,0,4,0.022
Region 50,Region 67,0,0,0,0,0,0,0,0,0,0,0,0,0,0,0,0,0,0,0,0,0,0,0,0,0,0,0,0,1,0.002,1,0.001,0,0,0,0,1,0.001,1,0.002,0,0,0,0,0,0,0,0
Region 50,Region 68,1,0.006,0,0,0,0,0,0,0,0,0,0,0,0,8,0.01,7,0.008,2,0.003,0,0,3,0.005,1,0.002,2,0.003,1,0.002,3,0.004,5,0.007,3,0.004,1,0.001,2,0.004,2,0.005,0,0,0,0,0,0
Region 50,Region 69,0,0,0,0,1,0.015,0,0,0,0,0,0,1,0.002,5,0.006,7,0.008,2,0.003,0,0,1,0.002,2,0.003,0,0,0,0,0,0,0,0,0,0,0,0,0,0,0,0,0,0,0,0,0,0
Region 50,Region 70,0,0,0,0,0,0,0,0,0,0,0,0,0,0,12,0.015,4,0.005,4,0.006,3,0.005,4,0.007,3,0.005,0,0,1,0.002,2,0.003,2,0.003,4,0.005,3,0.004,2,0.004,0,0,0,0,0,0,0,0
Region 50,Region 71,1,0.006,0,0,0,0,0,0,0,0,4,0.016,4,0.008,29,0.037,23,0.027,14,0.02,10,0.017,14,0.024,12,0.02,8,0.013,19,0.031,14,0.02,17,0.024,15,0.019,19,0.026,13,0.024,4,0.009,0,0,0,0,0,0
Region 50,Region 72,4,0.024,2,0.022,2,0.03,1,0.014,1,0.009,3,0.012,16,0.033,28,0.036,32,0.037,16,0.023,12,0.021,15,0.026,21,0.034,13,0.021,16,0.026,30,0.044,17,0.024,15,0.019,33,0.045,18,0.033,11,0.025,9,0.025,6,0.023,4,0.022
Region 51,Region 0,0,0,0,0,0,0,0,0,0,0,0,0,0,0,0,0,0,0,0,0,0,0,0,0,0,0,0,0,0,0,0,0,0,0,0,0,0,0,0,0,0,0,0,0,0,0,0,0
Region 51,Region 1,10,0.06,10,0.11,3,0.045,7,0.1,13,0.111,42,0.163,133,0.272,158,0.2,152,0.178,132,0.187,108,0.185,93,0.159,69,0.112,76,0.124,56,0.09,59,0.086,51,0.073,61,0.078,61,0.083,44,0.081,46,0.106,57,0.156,39,0.148,16,0.088
Region 51,Region 2,3,0.018,1,0.011,0,0,0,0,0,0,0,0,2,0.004,5,0.006,1,0.001,2,0.003,1,0.002,3,0.005,3,0.005,0,0,2,0.003,2,0.003,2,0.003,0,0,3,0.004,5,0.009,3,0.007,1,0.003,1,0.004,3,0.017
Region 51,Region 3,1,0.006,0,0,0,0,0,0,0,0,0,0,0,0,4,0.005,3,0.004,1,0.001,2,0.003,4,0.007,2,0.003,2,0.003,1,0.002,1,0.001,0,0,0,0,1,0.001,0,0,1,0.002,2,0.005,2,0.008,1,0.006
Region 51,Region 4,1,0.006,0,0,0,0,0,0,1,0.009,0,0,3,0.006,2,0.003,0,0,3,0.004,4,0.007,2,0.003,1,0.002,0,0,0,0,3,0.004,1,0.001,1,0.001,1,0.001,2,0.004,2,0.005,4,0.011,3,0.011,1,0.006
Region 51,Region 5,0,0,0,0,0,0,0,0,0,0,1,0.004,1,0.002,0,0,0,0,0,0,1,0.002,1,0.002,0,0,1,0.002,0,0,0,0,0,0,0,0,0,0,0,0,0,0,0,0,0,0,1,0.006
Region 51,Region 6,2,0.012,1,0.011,0,0,2,0.029,2,0.017,2,0.008,4,0.008,3,0.004,4,0.005,3,0.004,2,0.003,2,0.003,1,0.002,2,0.003,1,0.002,2,0.003,1,0.001,2,0.003,3,0.004,1,0.002,2,0.005,1,0.003,0,0,1,0.006
Region 51,Region 7,0,0,0,0,0,0,0,0,0,0,0,0,0,0,0,0,0,0,0,0,0,0,0,0,0,0,0,0,0,0,0,0,0,0,0,0,0,0,0,0,0,0,0,0,0,0,0,0
Region 51,Region 8,0,0,0,0,0,0,0,0,0,0,0,0,2,0.004,9,0.011,9,0.011,7,0.01,11,0.019,6,0.01,6,0.01,7,0.011,9,0.014,13,0.019,15,0.022,15,0.019,14,0.019,6,0.011,7,0.016,1,0.003,0,0,1,0.006
Region 51,Region 9,1,0.006,2,0.022,1,0.015,4,0.057,2,0.017,4,0.016,6,0.012,4,0.005,2,0.002,4,0.006,4,0.007,4,0.007,3,0.005,5,0.008,5,0.008,4,0.006,1,0.001,5,0.006,1,0.001,3,0.006,1,0.002,2,0.005,1,0.004,3,0.017
Region 51,Region 10,2,0.012,1,0.011,1,0.015,1,0.014,13,0.111,37,0.143,78,0.159,110,0.14,98,0.115,86,0.122,83,0.142,74,0.127,85,0.138,66,0.107,71,0.114,64,0.093,65,0.094,57,0.073,75,0.102,43,0.079,28,0.064,20,0.055,20,0.076,5,0.028
Region 51,Region 11,0,0,0,0,0,0,0,0,0,0,0,0,1,0.002,0,0,0,0,0,0,0,0,0,0,0,0,1,0.002,0,0,0,0,0,0,1,0.001,1,0.001,1,0.002,0,0,0,0,0,0,0,0
Region 51,Region 12,2,0.012,0,0,0,0,0,0,0,0,1,0.004,6,0.012,5,0.006,3,0.004,2,0.003,1,0.002,2,0.003,2,0.003,5,0.008,6,0.01,1,0.001,0,0,4,0.005,1,0.001,1,0.002,1,0.002,1,0.003,1,0.004,2,0.011
Region 51,Region 13,5,0.03,0,0,0,0,3,0.043,14,0.119,48,0.186,149,0.304,194,0.246,168,0.196,113,0.16,81,0.139,56,0.096,67,0.109,63,0.103,38,0.061,35,0.051,10,0.014,15,0.019,20,0.027,23,0.042,19,0.044,12,0.033,10,0.038,14,0.077
Region 51,Region 14,0,0,0,0,0,0,0,0,0,0,1,0.004,2,0.004,16,0.02,3,0.004,1,0.001,3,0.005,5,0.009,2,0.003,3,0.005,6,0.01,6,0.009,3,0.004,4,0.005,3,0.004,0,0,0,0,0,0,0,0,0,0
Region 51,Region 15,0,0,1,0.011,0,0,0,0,0,0,2,0.008,3,0.006,3,0.004,2,0.002,2,0.003,0,0,0,0,0,0,0,0,0,0,2,0.003,0,0,2,0.003,1,0.001,2,0.004,1,0.002,3,0.008,0,0,0,0
Region 51,Region 16,0,0,0,0,0,0,0,0,0,0,0,0,0,0,0,0,0,0,0,0,0,0,0,0,0,0,0,0,0,0,0,0,0,0,0,0,0,0,0,0,0,0,0,0,0,0,0,0
Region 51,Region 17,3,0.018,0,0,0,0,0,0,1,0.009,3,0.012,6,0.012,8,0.01,5,0.006,7,0.01,8,0.014,6,0.01,6,0.01,8,0.013,8,0.013,13,0.019,11,0.016,9,0.012,9,0.012,10,0.018,6,0.014,11,0.03,9,0.034,3,0.017
Region 51,Region 18,0,0,0,0,0,0,0,0,0,0,0,0,0,0,0,0,0,0,0,0,0,0,0,0,0,0,0,0,0,0,0,0,0,0,0,0,0,0,0,0,0,0,0,0,1,0.004,0,0
Region 51,Region 19,1,0.006,0,0,0,0,0,0,0,0,0,0,0,0,0,0,0,0,1,0.001,0,0,0,0,0,0,1,0.002,0,0,1,0.001,1,0.001,0,0,0,0,0,0,0,0,1,0.003,1,0.004,2,0.011
Region 51,Region 20,34,0.204,22,0.242,12,0.18,9,0.128,27,0.23,101,0.392,320,0.654,698,0.886,811,0.948,597,0.845,464,0.795,353,0.605,340,0.553,347,0.565,281,0.451,334,0.487,353,0.508,426,0.548,368,0.501,219,0.403,168,0.387,154,0.422,72,0.273,59,0.326
Region 51,Region 21,0,0,0,0,0,0,0,0,0,0,0,0,0,0,0,0,0,0,1,0.001,1,0.002,0,0,0,0,0,0,0,0,0,0,0,0,0,0,0,0,0,0,0,0,0,0,0,0,0,0
Region 51,Region 22,0,0,0,0,0,0,0,0,0,0,0,0,0,0,0,0,0,0,0,0,0,0,0,0,0,0,0,0,0,0,0,0,0,0,1,0.001,1,0.001,0,0,0,0,0,0,0,0,0,0
Region 51,Region 23,3,0.018,1,0.011,0,0,0,0,1,0.009,5,0.019,8,0.016,24,0.03,11,0.013,11,0.016,7,0.012,9,0.015,7,0.011,7,0.011,6,0.01,8,0.012,2,0.003,3,0.004,2,0.003,2,0.004,4,0.009,1,0.003,5,0.019,3,0.017
Region 51,Region 24,3,0.018,0,0,0,0,0,0,1,0.009,3,0.012,8,0.016,6,0.008,5,0.006,2,0.003,3,0.005,6,0.01,4,0.007,7,0.011,4,0.006,8,0.012,5,0.007,9,0.012,4,0.005,13,0.024,19,0.044,5,0.014,3,0.011,6,0.033
Region 51,Region 25,15,0.09,7,0.077,1,0.015,2,0.029,18,0.153,55,0.213,156,0.319,380,0.482,481,0.562,402,0.569,302,0.518,223,0.382,182,0.296,183,0.298,152,0.244,190,0.277,186,0.268,215,0.276,251,0.341,162,0.298,109,0.251,61,0.167,38,0.144,21,0.116
Region 51,Region 26,0,0,0,0,0,0,0,0,0,0,0,0,5,0.01,11,0.014,10,0.012,6,0.008,9,0.015,5,0.009,4,0.007,6,0.01,5,0.008,6,0.009,6,0.009,9,0.012,11,0.015,4,0.007,1,0.002,2,0.005,2,0.008,1,0.006
Region 51,Region 27,0,0,0,0,0,0,0,0,0,0,1,0.004,2,0.004,0,0,0,0,0,0,0,0,0,0,3,0.005,0,0,1,0.002,4,0.006,1,0.001,0,0,1,0.001,1,0.002,0,0,0,0,1,0.004,0,0
Region 51,Region 28,0,0,0,0,0,0,0,0,1,0.009,1,0.004,0,0,1,0.001,1,0.001,2,0.003,2,0.003,1,0.002,0,0,2,0.003,3,0.005,9,0.013,4,0.006,7,0.009,3,0.004,5,0.009,1,0.002,0,0,1,0.004,0,0
Region 51,Region 29,1,0.006,0,0,0,0,0,0,5,0.043,5,0.019,11,0.022,14,0.018,13,0.015,14,0.02,12,0.021,13,0.022,8,0.013,5,0.008,8,0.013,2,0.003,2,0.003,2,0.003,3,0.004,6,0.011,5,0.012,2,0.005,6,0.023,4,0.022
Region 51,Region 30,7,0.042,3,0.033,1,0.015,2,0.029,4,0.034,20,0.078,68,0.139,129,0.164,135,0.158,93,0.132,74,0.127,74,0.127,57,0.093,38,0.062,46,0.074,41,0.06,39,0.056,47,0.06,40,0.054,33,0.061,24,0.055,22,0.06,15,0.057,5,0.028
Region 51,Region 31,3,0.018,0,0,1,0.015,3,0.043,6,0.051,5,0.019,20,0.041,39,0.049,48,0.056,47,0.067,36,0.062,36,0.062,20,0.033,29,0.047,24,0.039,29,0.042,21,0.03,43,0.055,41,0.056,35,0.064,16,0.037,14,0.038,11,0.042,2,0.011
Region 51,Region 32,0,0,0,0,0,0,0,0,0,0,0,0,0,0,0,0,0,0,0,0,0,0,0,0,0,0,0,0,1,0.002,1,0.001,2,0.003,0,0,0,0,0,0,0,0,0,0,0,0,0,0
Region 51,Region 33,1,0.006,2,0.022,1,0.015,2,0.029,5,0.043,7,0.027,5,0.01,11,0.014,7,0.008,8,0.011,8,0.014,3,0.005,3,0.005,6,0.01,7,0.011,0,0,2,0.003,4,0.005,5,0.007,4,0.007,3,0.007,5,0.014,6,0.023,3,0.017
Region 51,Region 34,9,0.054,5,0.055,4,0.06,5,0.071,18,0.153,59,0.229,204,0.417,285,0.362,206,0.241,159,0.225,147,0.252,94,0.161,78,0.127,77,0.125,66,0.106,56,0.082,32,0.046,54,0.069,65,0.088,59,0.109,62,0.143,33,0.09,28,0.106,16,0.088
Region 51,Region 35,30,0.18,10,0.11,7,0.105,9,0.128,16,0.136,77,0.299,234,0.478,312,0.396,285,0.333,239,0.338,255,0.437,292,0.501,278,0.452,243,0.396,263,0.423,377,0.55,346,0.498,469,0.603,309,0.42,229,0.422,196,0.451,139,0.38,85,0.323,43,0.238
Region 51,Region 36,0,0,0,0,0,0,0,0,0,0,1,0.004,1,0.002,0,0,0,0,0,0,0,0,0,0,0,0,0,0,0,0,2,0.003,0,0,0,0,3,0.004,1,0.002,1,0.002,0,0,0,0,0,0
Region 51,Region 37,1,0.006,0,0,0,0,0,0,0,0,1,0.004,4,0.008,5,0.006,8,0.009,13,0.018,14,0.024,6,0.01,6,0.01,3,0.005,5,0.008,3,0.004,1,0.001,5,0.006,9,0.012,5,0.009,9,0.021,8,0.022,5,0.019,2,0.011
Region 51,Region 38,0,0,0,0,0,0,0,0,0,0,0,0,5,0.01,4,0.005,4,0.005,1,0.001,2,0.003,8,0.014,6,0.01,5,0.008,3,0.005,6,0.009,3,0.004,2,0.003,2,0.003,1,0.002,3,0.007,3,0.008,0,0,0,0
Region 51,Region 39,0,0,0,0,0,0,0,0,0,0,0,0,1,0.002,0,0,0,0,0,0,0,0,1,0.002,1,0.002,1,0.002,0,0,0,0,0,0,0,0,0,0,0,0,0,0,0,0,0,0,0,0
Region 51,Region 40,4,0.024,4,0.044,3,0.045,6,0.086,2,0.017,4,0.016,4,0.008,1,0.001,4,0.005,1,0.001,2,0.003,7,0.012,4,0.007,5,0.008,16,0.026,18,0.026,2,0.003,5,0.006,16,0.022,11,0.02,4,0.009,6,0.016,9,0.034,3,0.017
Region 51,Region 41,23,0.138,14,0.154,13,0.195,27,0.385,67,0.571,141,0.547,193,0.394,141,0.179,74,0.086,91,0.129,85,0.146,118,0.202,97,0.158,117,0.19,113,0.182,96,0.14,54,0.078,79,0.102,93,0.127,82,0.151,81,0.187,46,0.126,46,0.175,30,0.166
Region 51,Region 42,10,0.06,3,0.033,3,0.045,1,0.014,6,0.051,9,0.035,48,0.098,124,0.157,122,0.143,114,0.161,86,0.147,93,0.159,81,0.132,82,0.134,95,0.153,126,0.184,129,0.186,145,0.186,123,0.167,83,0.153,52,0.12,44,0.12,19,0.072,7,0.039
Region 51,Region 43,0,0,0,0,0,0,0,0,0,0,2,0.008,0,0,2,0.003,2,0.002,2,0.003,1,0.002,4,0.007,3,0.005,3,0.005,1,0.002,2,0.003,1,0.001,0,0,1,0.001,1,0.002,1,0.002,1,0.003,2,0.008,1,0.006
Region 51,Region 44,1,0.006,0,0,0,0,0,0,0,0,1,0.004,2,0.004,0,0,0,0,0,0,1,0.002,0,0,0,0,2,0.003,0,0,4,0.006,3,0.004,7,0.009,1,0.001,0,0,0,0,1,0.003,0,0,0,0
Region 51,Region 45,3,0.018,2,0.022,1,0.015,1,0.014,0,0,4,0.016,16,0.033,15,0.019,15,0.018,19,0.027,18,0.031,19,0.033,16,0.026,18,0.029,16,0.026,26,0.038,14,0.02,21,0.027,32,0.044,29,0.053,28,0.064,24,0.066,12,0.046,4,0.022
Region 51,Region 46,26,0.156,12,0.132,14,0.21,49,0.699,175,1.49,380,1.474,451,0.921,292,0.371,206,0.241,197,0.279,202,0.346,242,0.415,214,0.348,229,0.373,178,0.286,148,0.216,125,0.18,71,0.091,75,0.102,88,0.162,103,0.237,71,0.194,52,0.197,23,0.127
Region 51,Region 47,2,0.012,3,0.033,0,0,2,0.029,2,0.017,5,0.019,5,0.01,6,0.008,4,0.005,2,0.003,3,0.005,9,0.015,8,0.013,6,0.01,6,0.01,4,0.006,4,0.006,4,0.005,2,0.003,3,0.006,7,0.016,6,0.016,7,0.027,1,0.006
Region 51,Region 48,1,0.006,0,0,0,0,0,0,0,0,0,0,0,0,1,0.001,1,0.001,0,0,0,0,0,0,1,0.002,1,0.002,1,0.002,2,0.003,1,0.001,0,0,0,0,0,0,0,0,0,0,1,0.004,0,0
Region 51,Region 49,0,0,0,0,0,0,0,0,0,0,1,0.004,0,0,0,0,0,0,0,0,0,0,0,0,0,0,0,0,0,0,0,0,0,0,0,0,0,0,0,0,1,0.002,0,0,0,0,1,0.006
Region 51,Region 50,1,0.006,0,0,0,0,1,0.014,3,0.026,4,0.016,8,0.016,10,0.013,4,0.005,3,0.004,5,0.009,5,0.009,1,0.002,6,0.01,8,0.013,7,0.01,9,0.013,3,0.004,7,0.01,6,0.011,4,0.009,4,0.011,0,0,0,0
Region 51,Region 51,24,0.144,11,0.121,9,0.135,17,0.242,27,0.23,62,0.24,169,0.345,578,0.733,558,0.652,458,0.648,330,0.566,353,0.605,378,0.615,329,0.536,373,0.599,453,0.66,494,0.711,598,0.769,569,0.774,374,0.689,238,0.548,203,0.556,75,0.285,48,0.265
Region 51,Region 52,0,0,0,0,0,0,0,0,0,0,1,0.004,4,0.008,9,0.011,8,0.009,18,0.025,10,0.017,9,0.015,9,0.015,11,0.018,13,0.021,14,0.02,19,0.027,13,0.017,19,0.026,8,0.015,10,0.023,7,0.019,4,0.015,1,0.006
Region 51,Region 53,0,0,0,0,0,0,0,0,0,0,0,0,0,0,0,0,0,0,0,0,0,0,0,0,0,0,0,0,0,0,0,0,0,0,0,0,0,0,0,0,0,0,0,0,0,0,0,0
Region 51,Region 54,5,0.03,0,0,2,0.03,0,0,3,0.026,4,0.016,14,0.029,20,0.025,12,0.014,15,0.021,26,0.045,23,0.039,21,0.034,22,0.036,15,0.024,21,0.031,22,0.032,25,0.032,20,0.027,19,0.035,18,0.041,14,0.038,14,0.053,2,0.011
Region 51,Region 55,0,0,0,0,0,0,1,0.014,7,0.06,10,0.039,13,0.027,14,0.018,16,0.019,8,0.011,4,0.007,8,0.014,7,0.011,4,0.007,3,0.005,4,0.006,4,0.006,0,0,0,0,1,0.002,1,0.002,2,0.005,1,0.004,1,0.006
Region 51,Region 56,0,0,0,0,0,0,0,0,0,0,2,0.008,2,0.004,0,0,0,0,0,0,0,0,0,0,0,0,0,0,1,0.002,0,0,0,0,0,0,1,0.001,0,0,0,0,1,0.003,0,0,0,0
Region 51,Region 57,0,0,0,0,0,0,0,0,0,0,0,0,0,0,0,0,0,0,0,0,0,0,1,0.002,0,0,1,0.002,3,0.005,1,0.001,0,0,1,0.001,1,0.001,0,0,1,0.002,0,0,0,0,0,0
Region 51,Region 58,2,0.012,4,0.044,0,0,1,0.014,3,0.026,2,0.008,2,0.004,4,0.005,3,0.004,1,0.001,1,0.002,1,0.002,4,0.007,2,0.003,5,0.008,2,0.003,0,0,1,0.001,2,0.003,3,0.006,1,0.002,1,0.003,4,0.015,1,0.006
Region 51,Region 59,1,0.006,0,0,1,0.015,2,0.029,0,0,3,0.012,6,0.012,2,0.003,3,0.004,3,0.004,4,0.007,5,0.009,2,0.003,1,0.002,2,0.003,2,0.003,4,0.006,1,0.001,3,0.004,1,0.002,4,0.009,1,0.003,1,0.004,0,0
Region 51,Region 60,2,0.012,2,0.022,1,0.015,2,0.029,2,0.017,10,0.039,28,0.057,43,0.055,40,0.047,26,0.037,31,0.053,32,0.055,26,0.042,20,0.033,24,0.039,30,0.044,35,0.05,28,0.036,45,0.061,21,0.039,10,0.023,16,0.044,8,0.03,2,0.011
Region 51,Region 61,0,0,0,0,0,0,0,0,0,0,0,0,0,0,0,0,0,0,0,0,0,0,1,0.002,0,0,0,0,0,0,0,0,0,0,0,0,0,0,2,0.004,0,0,0,0,1,0.004,0,0
Region 51,Region 62,0,0,0,0,0,0,0,0,0,0,1,0.004,1,0.002,1,0.001,0,0,1,0.001,0,0,0,0,0,0,0,0,0,0,0,0,0,0,0,0,0,0,0,0,0,0,0,0,0,0,0,0
Region 51,Region 63,1,0.006,1,0.011,0,0,1,0.014,4,0.034,7,0.027,11,0.022,6,0.008,6,0.007,4,0.006,1,0.002,3,0.005,0,0,0,0,3,0.005,2,0.003,0,0,1,0.001,0,0,1,0.002,2,0.005,1,0.003,1,0.004,0,0
Region 51,Region 64,0,0,0,0,0,0,0,0,0,0,0,0,0,0,0,0,0,0,0,0,0,0,1,0.002,0,0,0,0,0,0,0,0,0,0,0,0,0,0,0,0,0,0,0,0,0,0,0,0
Region 51,Region 65,1,0.006,0,0,1,0.015,0,0,3,0.026,21,0.081,66,0.135,81,0.103,53,0.062,43,0.061,24,0.041,19,0.033,30,0.049,20,0.033,12,0.019,9,0.013,4,0.006,7,0.009,8,0.011,13,0.024,6,0.014,3,0.008,4,0.015,2,0.011
Region 51,Region 66,3,0.018,0,0,0,0,0,0,3,0.026,17,0.066,24,0.049,9,0.011,11,0.013,11,0.016,6,0.01,7,0.012,6,0.01,11,0.018,10,0.016,9,0.013,7,0.01,8,0.01,8,0.011,6,0.011,11,0.025,3,0.008,2,0.008,2,0.011
Region 51,Region 67,0,0,0,0,0,0,0,0,0,0,0,0,0,0,0,0,0,0,0,0,0,0,0,0,0,0,0,0,0,0,0,0,0,0,1,0.001,1,0.001,0,0,0,0,0,0,0,0,0,0
Region 51,Region 68,0,0,0,0,0,0,0,0,0,0,0,0,4,0.008,5,0.006,2,0.002,3,0.004,0,0,1,0.002,3,0.005,4,0.007,3,0.005,1,0.001,2,0.003,2,0.003,7,0.01,1,0.002,1,0.002,2,0.005,0,0,0,0
Region 51,Region 69,0,0,0,0,1,0.015,5,0.071,11,0.094,30,0.116,68,0.139,75,0.095,52,0.061,54,0.076,39,0.067,35,0.06,32,0.052,26,0.042,27,0.043,17,0.025,15,0.022,31,0.04,25,0.034,14,0.026,12,0.028,11,0.03,6,0.023,0,0
Region 51,Region 70,0,0,0,0,0,0,0,0,0,0,2,0.008,5,0.01,20,0.025,17,0.02,11,0.016,10,0.017,8,0.014,11,0.018,7,0.011,13,0.021,11,0.016,10,0.014,7,0.009,7,0.01,9,0.017,2,0.005,1,0.003,0,0,0,0
Region 51,Region 71,0,0,0,0,0,0,0,0,2,0.017,3,0.012,8,0.016,29,0.037,6,0.007,2,0.003,4,0.007,3,0.005,3,0.005,6,0.01,4,0.006,14,0.02,4,0.006,6,0.008,10,0.014,2,0.004,2,0.005,0,0,0,0,0,0
Region 51,Region 72,8,0.048,3,0.033,6,0.09,5,0.071,5,0.043,20,0.078,53,0.108,83,0.105,79,0.092,89,0.126,83,0.142,80,0.137,65,0.106,56,0.091,86,0.138,82,0.12,117,0.168,130,0.167,96,0.131,75,0.138,55,0.127,37,0.101,20,0.076,12,0.066
Region 52,Region 0,0,0,0,0,0,0,0,0,0,0,0,0,0,0,0,0,0,0,0,0,0,0,0,0,0,0,0,0,0,0,0,0,0,0,0,0,0,0,0,0,0,0,0,0,0,0,0,0
Region 52,Region 1,0,0,0,0,0,0,0,0,1,0.009,2,0.008,4,0.008,18,0.023,24,0.028,15,0.021,9,0.015,8,0.014,6,0.01,9,0.015,10,0.016,7,0.01,8,0.012,8,0.01,4,0.005,4,0.007,5,0.012,2,0.005,4,0.015,1,0.006
Region 52,Region 2,0,0,0,0,0,0,0,0,0,0,0,0,0,0,0,0,0,0,0,0,0,0,0,0,0,0,0,0,0,0,0,0,0,0,0,0,0,0,0,0,0,0,0,0,0,0,0,0
Region 52,Region 3,0,0,0,0,0,0,0,0,0,0,0,0,0,0,0,0,0,0,0,0,0,0,0,0,0,0,0,0,0,0,0,0,0,0,0,0,1,0.001,0,0,0,0,0,0,0,0,0,0
Region 52,Region 4,0,0,0,0,0,0,0,0,0,0,0,0,0,0,1,0.001,0,0,0,0,1,0.002,2,0.003,1,0.002,1,0.002,0,0,0,0,1,0.001,3,0.004,0,0,2,0.004,0,0,0,0,1,0.004,0,0
Region 52,Region 5,0,0,0,0,0,0,0,0,0,0,0,0,0,0,0,0,0,0,0,0,0,0,0,0,0,0,1,0.002,0,0,0,0,0,0,0,0,0,0,0,0,0,0,0,0,0,0,0,0
Region 52,Region 6,0,0,0,0,1,0.015,0,0,0,0,0,0,0,0,0,0,0,0,0,0,0,0,0,0,0,0,0,0,0,0,0,0,0,0,0,0,0,0,0,0,0,0,0,0,0,0,0,0
Region 52,Region 7,0,0,0,0,0,0,0,0,0,0,0,0,0,0,0,0,0,0,0,0,0,0,0,0,0,0,0,0,0,0,0,0,0,0,0,0,0,0,0,0,0,0,0,0,0,0,0,0
Region 52,Region 8,0,0,0,0,0,0,0,0,0,0,0,0,0,0,0,0,0,0,0,0,0,0,0,0,0,0,0,0,0,0,0,0,0,0,0,0,0,0,0,0,0,0,0,0,0,0,0,0
Region 52,Region 9,0,0,0,0,0,0,0,0,0,0,0,0,1,0.002,0,0,0,0,0,0,0,0,0,0,1,0.002,0,0,0,0,0,0,1,0.001,0,0,0,0,0,0,0,0,0,0,1,0.004,0,0
Region 52,Region 10,2,0.012,0,0,0,0,0,0,0,0,2,0.008,4,0.008,12,0.015,25,0.029,14,0.02,5,0.009,0,0,6,0.01,6,0.01,5,0.008,6,0.009,1,0.001,5,0.006,9,0.012,5,0.009,3,0.007,1,0.003,2,0.008,0,0
Region 52,Region 11,0,0,0,0,0,0,0,0,0,0,0,0,0,0,0,0,0,0,0,0,0,0,0,0,0,0,1,0.002,0,0,0,0,1,0.001,0,0,0,0,0,0,0,0,0,0,0,0,0,0
Region 52,Region 12,0,0,0,0,0,0,0,0,0,0,0,0,0,0,0,0,0,0,0,0,0,0,0,0,2,0.003,0,0,0,0,0,0,0,0,0,0,0,0,0,0,0,0,0,0,0,0,0,0
Region 52,Region 13,1,0.006,1,0.011,0,0,0,0,1,0.009,1,0.004,1,0.002,7,0.009,9,0.011,4,0.006,3,0.005,1,0.002,0,0,1,0.002,0,0,0,0,3,0.004,4,0.005,3,0.004,2,0.004,0,0,0,0,0,0,0,0
Region 52,Region 14,0,0,0,0,0,0,0,0,0,0,0,0,0,0,5,0.006,6,0.007,3,0.004,3,0.005,1,0.002,1,0.002,0,0,1,0.002,0,0,0,0,2,0.003,0,0,0,0,0,0,0,0,0,0,0,0
Region 52,Region 15,0,0,0,0,0,0,0,0,0,0,0,0,0,0,0,0,0,0,0,0,0,0,0,0,0,0,0,0,0,0,0,0,0,0,0,0,0,0,0,0,0,0,0,0,1,0.004,0,0
Region 52,Region 16,0,0,0,0,0,0,0,0,0,0,0,0,0,0,0,0,0,0,0,0,0,0,0,0,0,0,0,0,0,0,0,0,0,0,0,0,0,0,0,0,0,0,0,0,0,0,0,0
Region 52,Region 17,0,0,0,0,0,0,1,0.014,1,0.009,0,0,0,0,5,0.006,4,0.005,0,0,5,0.009,3,0.005,3,0.005,5,0.008,6,0.01,17,0.025,12,0.017,15,0.019,17,0.023,9,0.017,3,0.007,1,0.003,1,0.004,4,0.022
Region 52,Region 18,0,0,0,0,0,0,0,0,0,0,0,0,0,0,0,0,0,0,0,0,0,0,0,0,0,0,0,0,0,0,0,0,0,0,0,0,0,0,0,0,0,0,0,0,0,0,0,0
Region 52,Region 19,0,0,0,0,0,0,0,0,0,0,0,0,0,0,0,0,0,0,0,0,0,0,0,0,0,0,0,0,0,0,0,0,1,0.001,1,0.001,0,0,0,0,0,0,0,0,0,0,0,0
Region 52,Region 20,0,0,0,0,0,0,0,0,1,0.009,0,0,1,0.002,10,0.013,24,0.028,14,0.02,4,0.007,7,0.012,4,0.007,2,0.003,0,0,7,0.01,9,0.013,7,0.009,4,0.005,2,0.004,1,0.002,1,0.003,0,0,0,0
Region 52,Region 21,0,0,0,0,0,0,0,0,0,0,0,0,0,0,0,0,0,0,0,0,0,0,0,0,0,0,0,0,0,0,0,0,0,0,0,0,0,0,0,0,0,0,0,0,0,0,0,0
Region 52,Region 22,0,0,0,0,0,0,0,0,0,0,0,0,0,0,0,0,0,0,0,0,0,0,0,0,0,0,0,0,0,0,0,0,0,0,0,0,0,0,0,0,0,0,0,0,0,0,0,0
Region 52,Region 23,0,0,0,0,0,0,0,0,0,0,0,0,2,0.004,1,0.001,0,0,0,0,0,0,0,0,0,0,0,0,0,0,0,0,0,0,0,0,1,0.001,0,0,0,0,0,0,0,0,0,0
Region 52,Region 24,0,0,0,0,0,0,0,0,0,0,1,0.004,0,0,1,0.001,1,0.001,1,0.001,1,0.002,2,0.003,2,0.003,2,0.003,2,0.003,0,0,1,0.001,5,0.006,6,0.008,2,0.004,2,0.005,0,0,1,0.004,0,0
Region 52,Region 25,4,0.024,0,0,1,0.015,0,0,0,0,0,0,2,0.004,10,0.013,21,0.025,16,0.023,6,0.01,7,0.012,8,0.013,6,0.01,3,0.005,2,0.003,3,0.004,1,0.001,0,0,7,0.013,2,0.005,0,0,0,0,0,0
Region 52,Region 26,0,0,0,0,0,0,0,0,0,0,0,0,1,0.002,1,0.001,0,0,2,0.003,2,0.003,0,0,0,0,0,0,1,0.002,0,0,2,0.003,1,0.001,2,0.003,1,0.002,0,0,0,0,0,0,0,0
Region 52,Region 27,0,0,0,0,0,0,0,0,0,0,0,0,0,0,0,0,0,0,0,0,0,0,0,0,1,0.002,0,0,0,0,0,0,0,0,0,0,0,0,0,0,0,0,0,0,0,0,0,0
Region 52,Region 28,0,0,0,0,0,0,0,0,0,0,1,0.004,1,0.002,2,0.003,6,0.007,3,0.004,2,0.003,5,0.009,5,0.008,4,0.007,10,0.016,7,0.01,10,0.014,18,0.023,14,0.019,3,0.006,4,0.009,2,0.005,1,0.004,0,0
Region 52,Region 29,0,0,0,0,0,0,0,0,0,0,0,0,0,0,1,0.001,0,0,0,0,1,0.002,0,0,1,0.002,0,0,1,0.002,0,0,1,0.001,0,0,0,0,0,0,0,0,0,0,0,0,0,0
Region 52,Region 30,3,0.018,3,0.033,2,0.03,0,0,0,0,9,0.035,21,0.043,76,0.096,111,0.13,70,0.099,44,0.075,40,0.069,45,0.073,30,0.049,32,0.051,34,0.05,49,0.071,56,0.072,55,0.075,31,0.057,17,0.039,17,0.047,4,0.015,5,0.028
Region 52,Region 31,0,0,0,0,1,0.015,0,0,3,0.026,6,0.023,16,0.033,59,0.075,75,0.088,56,0.079,35,0.06,41,0.07,51,0.083,45,0.073,34,0.055,59,0.086,100,0.144,98,0.126,92,0.125,68,0.125,34,0.078,20,0.055,8,0.03,7,0.039
Region 52,Region 32,0,0,0,0,0,0,0,0,0,0,0,0,0,0,0,0,0,0,0,0,0,0,0,0,0,0,0,0,0,0,0,0,0,0,0,0,0,0,0,0,0,0,0,0,0,0,0,0
Region 52,Region 33,1,0.006,0,0,0,0,0,0,1,0.009,2,0.008,10,0.02,26,0.033,13,0.015,8,0.011,4,0.007,5,0.009,6,0.01,10,0.016,10,0.016,11,0.016,5,0.007,6,0.008,9,0.012,3,0.006,5,0.012,2,0.005,2,0.008,0,0
Region 52,Region 34,0,0,1,0.011,0,0,1,0.014,0,0,2,0.008,7,0.014,17,0.022,12,0.014,10,0.014,5,0.009,9,0.015,7,0.011,6,0.01,5,0.008,5,0.007,6,0.009,10,0.013,7,0.01,7,0.013,1,0.002,1,0.003,2,0.008,0,0
Region 52,Region 35,0,0,1,0.011,0,0,0,0,0,0,1,0.004,3,0.006,7,0.009,12,0.014,11,0.016,12,0.021,8,0.014,5,0.008,6,0.01,6,0.01,9,0.013,4,0.006,7,0.009,11,0.015,3,0.006,4,0.009,5,0.014,1,0.004,2,0.011
Region 52,Region 36,0,0,0,0,0,0,0,0,0,0,0,0,0,0,0,0,0,0,0,0,0,0,1,0.002,0,0,1,0.002,0,0,0,0,0,0,1,0.001,1,0.001,0,0,0,0,0,0,0,0,0,0
Region 52,Region 37,0,0,0,0,0,0,0,0,0,0,0,0,0,0,1,0.001,0,0,2,0.003,1,0.002,0,0,2,0.003,0,0,0,0,0,0,1,0.001,1,0.001,1,0.001,0,0,0,0,1,0.003,0,0,0,0
Region 52,Region 38,0,0,0,0,0,0,0,0,0,0,0,0,0,0,0,0,0,0,0,0,0,0,0,0,0,0,0,0,0,0,0,0,0,0,0,0,0,0,1,0.002,0,0,0,0,0,0,0,0
Region 52,Region 39,0,0,0,0,0,0,0,0,0,0,0,0,0,0,0,0,0,0,0,0,0,0,0,0,0,0,0,0,0,0,0,0,0,0,0,0,0,0,0,0,1,0.002,0,0,0,0,0,0
Region 52,Region 40,0,0,0,0,0,0,0,0,0,0,0,0,0,0,1,0.001,1,0.001,5,0.007,5,0.009,2,0.003,2,0.003,1,0.002,3,0.005,5,0.007,3,0.004,3,0.004,7,0.01,2,0.004,3,0.007,1,0.003,1,0.004,0,0
Region 52,Region 41,0,0,0,0,0,0,0,0,0,0,1,0.004,4,0.008,2,0.003,1,0.001,1,0.001,3,0.005,2,0.003,1,0.002,2,0.003,1,0.002,0,0,1,0.001,3,0.004,6,0.008,0,0,0,0,2,0.005,0,0,0,0
Region 52,Region 42,0,0,0,0,0,0,0,0,0,0,0,0,0,0,1,0.001,1,0.001,2,0.003,2,0.003,1,0.002,0,0,2,0.003,2,0.003,1,0.001,0,0,3,0.004,2,0.003,1,0.002,3,0.007,1,0.003,0,0,0,0
Region 52,Region 43,1,0.006,0,0,0,0,0,0,0,0,0,0,0,0,1,0.001,0,0,0,0,1,0.002,0,0,0,0,0,0,0,0,0,0,1,0.001,1,0.001,0,0,0,0,0,0,0,0,0,0,0,0
Region 52,Region 44,0,0,0,0,0,0,0,0,0,0,0,0,0,0,0,0,0,0,0,0,1,0.002,0,0,0,0,3,0.005,1,0.002,3,0.004,1,0.001,5,0.006,1,0.001,0,0,1,0.002,0,0,1,0.004,0,0
Region 52,Region 45,0,0,0,0,1,0.015,1,0.014,0,0,2,0.008,5,0.01,8,0.01,8,0.009,6,0.008,5,0.009,5,0.009,4,0.007,5,0.008,8,0.013,10,0.015,16,0.023,22,0.028,20,0.027,8,0.015,6,0.014,3,0.008,1,0.004,0,0
Region 52,Region 46,1,0.006,0,0,0,0,0,0,3,0.026,9,0.035,5,0.01,17,0.022,10,0.012,5,0.007,3,0.005,7,0.012,4,0.007,5,0.008,4,0.006,3,0.004,2,0.003,8,0.01,5,0.007,2,0.004,0,0,0,0,2,0.008,0,0
Region 52,Region 47,0,0,0,0,0,0,0,0,0,0,0,0,0,0,0,0,0,0,0,0,2,0.003,0,0,0,0,0,0,0,0,0,0,0,0,0,0,1,0.001,1,0.002,0,0,0,0,0,0,1,0.006
Region 52,Region 48,0,0,0,0,0,0,0,0,0,0,0,0,0,0,0,0,0,0,0,0,0,0,0,0,0,0,0,0,1,0.002,1,0.001,0,0,0,0,0,0,0,0,0,0,0,0,0,0,0,0
Region 52,Region 49,0,0,0,0,0,0,0,0,0,0,0,0,0,0,1,0.001,0,0,0,0,0,0,0,0,0,0,0,0,0,0,0,0,0,0,0,0,0,0,0,0,1,0.002,1,0.003,0,0,0,0
Region 52,Region 50,0,0,0,0,0,0,0,0,0,0,0,0,1,0.002,3,0.004,0,0,0,0,0,0,0,0,1,0.002,0,0,0,0,0,0,0,0,0,0,0,0,2,0.004,0,0,1,0.003,0,0,0,0
Region 52,Region 51,0,0,0,0,0,0,0,0,0,0,4,0.016,19,0.039,43,0.055,34,0.04,16,0.023,11,0.019,11,0.019,16,0.026,8,0.013,6,0.01,8,0.012,7,0.01,3,0.004,8,0.011,9,0.017,3,0.007,3,0.008,1,0.004,1,0.006
Region 52,Region 52,10,0.06,9,0.099,1,0.015,4,0.057,5,0.043,14,0.054,50,0.102,142,0.18,172,0.201,145,0.205,115,0.197,118,0.202,134,0.218,142,0.231,146,0.235,160,0.233,173,0.249,252,0.324,216,0.294,143,0.263,72,0.166,65,0.178,39,0.148,14,0.077
Region 52,Region 53,0,0,0,0,0,0,0,0,0,0,0,0,0,0,0,0,0,0,0,0,0,0,0,0,0,0,0,0,0,0,0,0,0,0,0,0,0,0,0,0,0,0,0,0,0,0,0,0
Region 52,Region 54,0,0,0,0,0,0,0,0,0,0,0,0,2,0.004,2,0.003,10,0.012,4,0.006,1,0.002,0,0,2,0.003,2,0.003,1,0.002,3,0.004,2,0.003,2,0.003,2,0.003,0,0,0,0,0,0,1,0.004,0,0
Region 52,Region 55,0,0,0,0,0,0,0,0,0,0,0,0,0,0,1,0.001,0,0,0,0,1,0.002,0,0,0,0,1,0.002,0,0,0,0,0,0,0,0,1,0.001,0,0,0,0,0,0,0,0,0,0
Region 52,Region 56,0,0,0,0,0,0,0,0,0,0,0,0,0,0,0,0,0,0,0,0,0,0,0,0,0,0,0,0,1,0.002,0,0,0,0,0,0,0,0,0,0,0,0,0,0,0,0,0,0
Region 52,Region 57,0,0,0,0,0,0,0,0,0,0,0,0,0,0,0,0,0,0,0,0,0,0,0,0,3,0.005,0,0,0,0,0,0,0,0,0,0,0,0,0,0,0,0,0,0,0,0,0,0
Region 52,Region 58,0,0,0,0,0,0,0,0,0,0,0,0,2,0.004,3,0.004,4,0.005,1,0.001,2,0.003,0,0,0,0,2,0.003,0,0,1,0.001,0,0,2,0.003,0,0,1,0.002,0,0,2,0.005,0,0,0,0
Region 52,Region 59,0,0,0,0,0,0,0,0,0,0,0,0,0,0,0,0,0,0,0,0,1,0.002,0,0,0,0,0,0,0,0,0,0,0,0,1,0.001,0,0,0,0,0,0,0,0,0,0,0,0
Region 52,Region 60,1,0.006,0,0,0,0,0,0,0,0,1,0.004,2,0.004,4,0.005,4,0.005,1,0.001,4,0.007,2,0.003,2,0.003,2,0.003,2,0.003,4,0.006,6,0.009,2,0.003,5,0.007,2,0.004,0,0,1,0.003,0,0,2,0.011
Region 52,Region 61,0,0,0,0,0,0,0,0,0,0,0,0,0,0,0,0,0,0,0,0,0,0,0,0,0,0,0,0,0,0,0,0,0,0,0,0,0,0,0,0,0,0,0,0,0,0,0,0
Region 52,Region 62,0,0,0,0,0,0,0,0,0,0,0,0,0,0,0,0,0,0,0,0,0,0,1,0.002,1,0.002,0,0,0,0,0,0,0,0,0,0,0,0,0,0,0,0,0,0,0,0,0,0
Region 52,Region 63,0,0,0,0,0,0,0,0,0,0,0,0,0,0,1,0.001,1,0.001,1,0.001,1,0.002,0,0,0,0,0,0,1,0.002,1,0.001,1,0.001,2,0.003,3,0.004,1,0.002,0,0,0,0,1,0.004,0,0
Region 52,Region 64,0,0,0,0,0,0,0,0,0,0,0,0,0,0,0,0,0,0,0,0,0,0,0,0,0,0,0,0,0,0,0,0,0,0,0,0,0,0,0,0,0,0,0,0,0,0,0,0
Region 52,Region 65,0,0,1,0.011,0,0,0,0,0,0,0,0,1,0.002,0,0,5,0.006,0,0,0,0,1,0.002,0,0,1,0.002,0,0,0,0,0,0,0,0,0,0,0,0,0,0,0,0,0,0,0,0
Region 52,Region 66,0,0,0,0,0,0,0,0,0,0,0,0,0,0,1,0.001,2,0.002,0,0,0,0,0,0,0,0,2,0.003,1,0.002,0,0,0,0,0,0,0,0,1,0.002,0,0,0,0,1,0.004,0,0
Region 52,Region 67,0,0,0,0,0,0,0,0,0,0,0,0,0,0,0,0,0,0,0,0,0,0,0,0,0,0,0,0,0,0,0,0,0,0,0,0,0,0,0,0,0,0,0,0,0,0,0,0
Region 52,Region 68,0,0,0,0,0,0,0,0,0,0,0,0,0,0,3,0.004,0,0,1,0.001,0,0,1,0.002,1,0.002,0,0,0,0,0,0,1,0.001,1,0.001,0,0,0,0,0,0,0,0,0,0,0,0
Region 52,Region 69,1,0.006,5,0.055,0,0,0,0,0,0,2,0.008,15,0.031,41,0.052,55,0.064,31,0.044,34,0.058,27,0.046,22,0.036,31,0.05,27,0.043,32,0.047,27,0.039,43,0.055,52,0.071,22,0.041,16,0.037,17,0.047,8,0.03,5,0.028
Region 52,Region 70,0,0,0,0,0,0,0,0,0,0,0,0,1,0.002,2,0.003,0,0,0,0,1,0.002,0,0,0,0,0,0,1,0.002,0,0,0,0,0,0,0,0,0,0,0,0,0,0,0,0,0,0
Region 52,Region 71,0,0,0,0,0,0,0,0,0,0,0,0,0,0,6,0.008,5,0.006,3,0.004,0,0,0,0,1,0.002,0,0,2,0.003,0,0,1,0.001,0,0,1,0.001,2,0.004,0,0,0,0,0,0,0,0
Region 52,Region 72,2,0.012,5,0.055,0,0,2,0.029,1,0.009,2,0.008,13,0.027,30,0.038,38,0.044,28,0.04,17,0.029,24,0.041,16,0.026,24,0.039,27,0.043,13,0.019,17,0.024,30,0.039,32,0.044,31,0.057,14,0.032,13,0.036,6,0.023,10,0.055
Region 53,Region 0,0,0,0,0,0,0,0,0,0,0,0,0,0,0,0,0,0,0,0,0,1,0.002,0,0,0,0,0,0,0,0,0,0,0,0,0,0,0,0,0,0,0,0,0,0,0,0,0,0
Region 53,Region 1,0,0,0,0,0,0,0,0,0,0,0,0,0,0,1,0.001,1,0.001,0,0,0,0,0,0,1,0.002,2,0.003,0,0,0,0,1,0.001,1,0.001,0,0,0,0,0,0,0,0,0,0,0,0
Region 53,Region 2,3,0.018,0,0,0,0,0,0,0,0,1,0.004,0,0,0,0,0,0,0,0,1,0.002,0,0,0,0,0,0,0,0,0,0,0,0,0,0,1,0.001,0,0,0,0,0,0,0,0,0,0
Region 53,Region 3,0,0,1,0.011,0,0,1,0.014,0,0,0,0,0,0,0,0,0,0,0,0,0,0,0,0,0,0,1,0.002,0,0,1,0.001,1,0.001,1,0.001,0,0,0,0,0,0,1,0.003,1,0.004,0,0
Region 53,Region 4,0,0,0,0,0,0,0,0,0,0,0,0,3,0.006,0,0,0,0,0,0,0,0,0,0,0,0,0,0,0,0,1,0.001,0,0,0,0,1,0.001,1,0.002,0,0,0,0,0,0,0,0
Region 53,Region 5,0,0,0,0,1,0.015,1,0.014,0,0,0,0,0,0,0,0,3,0.004,0,0,0,0,0,0,2,0.003,0,0,0,0,0,0,0,0,1,0.001,0,0,0,0,1,0.002,1,0.003,2,0.008,0,0
Region 53,Region 6,1,0.006,1,0.011,1,0.015,1,0.014,1,0.009,2,0.008,6,0.012,14,0.018,6,0.007,7,0.01,4,0.007,2,0.003,3,0.005,5,0.008,6,0.01,9,0.013,4,0.006,3,0.004,5,0.007,3,0.006,0,0,3,0.008,2,0.008,1,0.006
Region 53,Region 7,0,0,0,0,0,0,0,0,0,0,0,0,0,0,2,0.003,0,0,0,0,1,0.002,0,0,1,0.002,1,0.002,1,0.002,0,0,1,0.001,1,0.001,1,0.001,0,0,0,0,0,0,0,0,0,0
Region 53,Region 8,0,0,0,0,0,0,0,0,0,0,0,0,0,0,0,0,0,0,0,0,0,0,0,0,0,0,0,0,0,0,0,0,0,0,0,0,0,0,0,0,0,0,0,0,0,0,0,0
Region 53,Region 9,0,0,0,0,0,0,1,0.014,0,0,0,0,1,0.002,2,0.003,4,0.005,3,0.004,1,0.002,1,0.002,0,0,2,0.003,0,0,2,0.003,2,0.003,1,0.001,2,0.003,2,0.004,1,0.002,0,0,1,0.004,0,0
Region 53,Region 10,0,0,0,0,0,0,0,0,0,0,1,0.004,0,0,1,0.001,0,0,0,0,0,0,0,0,0,0,0,0,0,0,0,0,0,0,0,0,0,0,0,0,0,0,0,0,1,0.004,0,0
Region 53,Region 11,0,0,0,0,0,0,0,0,0,0,0,0,0,0,0,0,0,0,0,0,0,0,0,0,0,0,0,0,0,0,0,0,0,0,0,0,0,0,0,0,0,0,0,0,0,0,0,0
Region 53,Region 12,1,0.006,0,0,0,0,0,0,0,0,0,0,2,0.004,1,0.001,0,0,0,0,0,0,0,0,0,0,0,0,0,0,0,0,1,0.001,1,0.001,0,0,0,0,0,0,0,0,0,0,0,0
Region 53,Region 13,0,0,0,0,0,0,0,0,1,0.009,1,0.004,0,0,3,0.004,6,0.007,2,0.003,1,0.002,1,0.002,2,0.003,0,0,2,0.003,0,0,0,0,1,0.001,0,0,1,0.002,0,0,1,0.003,1,0.004,1,0.006
Region 53,Region 14,0,0,0,0,0,0,0,0,0,0,0,0,0,0,0,0,1,0.001,0,0,0,0,0,0,0,0,0,0,0,0,0,0,0,0,0,0,0,0,0,0,0,0,0,0,0,0,0,0
Region 53,Region 15,7,0.042,4,0.044,4,0.06,3,0.043,7,0.06,11,0.043,19,0.039,12,0.015,32,0.037,21,0.03,21,0.036,15,0.026,26,0.042,57,0.093,24,0.039,34,0.05,25,0.036,37,0.048,31,0.042,39,0.072,19,0.044,19,0.052,17,0.065,13,0.072
Region 53,Region 16,0,0,0,0,0,0,0,0,0,0,0,0,0,0,2,0.003,2,0.002,1,0.001,3,0.005,3,0.005,2,0.003,4,0.007,7,0.011,5,0.007,6,0.009,7,0.009,3,0.004,2,0.004,0,0,4,0.011,1,0.004,2,0.011
Region 53,Region 17,0,0,0,0,0,0,0,0,0,0,0,0,0,0,0,0,0,0,0,0,0,0,1,0.002,1,0.002,0,0,1,0.002,0,0,1,0.001,0,0,0,0,0,0,0,0,0,0,0,0,0,0
Region 53,Region 18,0,0,0,0,0,0,0,0,0,0,0,0,0,0,0,0,0,0,0,0,0,0,0,0,0,0,0,0,0,0,0,0,0,0,1,0.001,0,0,0,0,0,0,0,0,0,0,0,0
Region 53,Region 19,0,0,0,0,0,0,0,0,0,0,1,0.004,1,0.002,0,0,6,0.007,5,0.007,5,0.009,1,0.002,2,0.003,2,0.003,4,0.006,8,0.012,9,0.013,12,0.015,7,0.01,5,0.009,4,0.009,6,0.016,2,0.008,0,0
Region 53,Region 20,0,0,0,0,0,0,0,0,0,0,0,0,0,0,1,0.001,0,0,0,0,0,0,0,0,1,0.002,0,0,0,0,1,0.001,2,0.003,0,0,0,0,0,0,0,0,0,0,0,0,0,0
Region 53,Region 21,0,0,0,0,0,0,0,0,0,0,0,0,0,0,0,0,0,0,1,0.001,0,0,0,0,0,0,1,0.002,0,0,0,0,0,0,0,0,0,0,0,0,0,0,0,0,0,0,0,0
Region 53,Region 22,0,0,0,0,0,0,0,0,0,0,0,0,0,0,0,0,0,0,0,0,1,0.002,0,0,0,0,0,0,0,0,0,0,0,0,0,0,0,0,0,0,0,0,0,0,0,0,0,0
Region 53,Region 23,0,0,0,0,0,0,0,0,0,0,0,0,0,0,3,0.004,1,0.001,2,0.003,0,0,1,0.002,1,0.002,1,0.002,1,0.002,0,0,0,0,0,0,0,0,0,0,0,0,0,0,0,0,0,0
Region 53,Region 24,0,0,0,0,0,0,0,0,0,0,0,0,1,0.002,1,0.001,0,0,1,0.001,1,0.002,0,0,0,0,1,0.002,0,0,0,0,0,0,0,0,0,0,0,0,1,0.002,1,0.003,0,0,0,0
Region 53,Region 25,0,0,0,0,0,0,0,0,1,0.009,0,0,0,0,1,0.001,0,0,0,0,1,0.002,0,0,0,0,1,0.002,0,0,0,0,0,0,0,0,0,0,1,0.002,0,0,0,0,0,0,0,0
Region 53,Region 26,0,0,0,0,0,0,0,0,0,0,0,0,0,0,0,0,0,0,0,0,0,0,0,0,0,0,0,0,0,0,0,0,0,0,0,0,0,0,0,0,0,0,0,0,0,0,0,0
Region 53,Region 27,0,0,0,0,0,0,0,0,0,0,0,0,0,0,0,0,0,0,0,0,0,0,0,0,0,0,0,0,0,0,1,0.001,0,0,0,0,0,0,0,0,0,0,0,0,0,0,0,0
Region 53,Region 28,0,0,0,0,0,0,0,0,0,0,0,0,0,0,1,0.001,0,0,0,0,0,0,0,0,2,0.003,0,0,0,0,0,0,0,0,0,0,0,0,0,0,0,0,0,0,0,0,0,0
Region 53,Region 29,0,0,0,0,0,0,0,0,0,0,0,0,0,0,1,0.001,2,0.002,0,0,1,0.002,1,0.002,0,0,2,0.003,0,0,1,0.001,1,0.001,0,0,0,0,0,0,1,0.002,1,0.003,0,0,0,0
Region 53,Region 30,0,0,0,0,0,0,1,0.014,0,0,0,0,0,0,1,0.001,0,0,0,0,0,0,0,0,0,0,1,0.002,0,0,1,0.001,0,0,0,0,0,0,0,0,0,0,0,0,0,0,0,0
Region 53,Region 31,0,0,0,0,0,0,0,0,0,0,0,0,0,0,0,0,0,0,0,0,0,0,0,0,1,0.002,0,0,0,0,0,0,0,0,0,0,1,0.001,0,0,0,0,0,0,0,0,0,0
Region 53,Region 32,1,0.006,0,0,0,0,2,0.029,1,0.009,0,0,0,0,3,0.004,6,0.007,4,0.006,5,0.009,9,0.015,2,0.003,2,0.003,12,0.019,6,0.009,9,0.013,7,0.009,14,0.019,7,0.013,6,0.014,6,0.016,5,0.019,2,0.011
Region 53,Region 33,0,0,0,0,0,0,0,0,0,0,0,0,1,0.002,0,0,1,0.001,0,0,1,0.002,0,0,0,0,0,0,0,0,0,0,0,0,0,0,0,0,0,0,0,0,0,0,0,0,0,0
Region 53,Region 34,0,0,0,0,0,0,0,0,0,0,1,0.004,0,0,4,0.005,4,0.005,0,0,0,0,1,0.002,0,0,2,0.003,1,0.002,0,0,0,0,0,0,0,0,1,0.002,0,0,0,0,0,0,0,0
Region 53,Region 35,0,0,0,0,0,0,0,0,0,0,0,0,0,0,0,0,0,0,0,0,0,0,0,0,1,0.002,0,0,0,0,0,0,0,0,0,0,1,0.001,0,0,0,0,0,0,0,0,0,0
Region 53,Region 36,0,0,0,0,0,0,0,0,0,0,0,0,0,0,0,0,1,0.001,0,0,0,0,0,0,0,0,0,0,0,0,0,0,0,0,0,0,1,0.001,1,0.002,0,0,0,0,0,0,0,0
Region 53,Region 37,0,0,0,0,0,0,0,0,0,0,0,0,1,0.002,0,0,0,0,0,0,0,0,1,0.002,0,0,0,0,0,0,1,0.001,0,0,0,0,0,0,1,0.002,0,0,0,0,0,0,0,0
Region 53,Region 38,0,0,0,0,1,0.015,0,0,0,0,0,0,0,0,0,0,2,0.002,1,0.001,0,0,1,0.002,1,0.002,0,0,1,0.002,1,0.001,1,0.001,0,0,1,0.001,0,0,2,0.005,0,0,0,0,0,0
Region 53,Region 39,1,0.006,0,0,1,0.015,0,0,0,0,0,0,1,0.002,3,0.004,3,0.004,1,0.001,0,0,1,0.002,2,0.003,3,0.005,2,0.003,2,0.003,3,0.004,1,0.001,2,0.003,0,0,1,0.002,0,0,1,0.004,0,0
Region 53,Region 40,0,0,0,0,0,0,0,0,0,0,0,0,5,0.01,1,0.001,1,0.001,1,0.001,0,0,3,0.005,3,0.005,1,0.002,1,0.002,3,0.004,1,0.001,3,0.004,1,0.001,3,0.006,2,0.005,0,0,1,0.004,0,0
Region 53,Region 41,0,0,0,0,0,0,1,0.014,1,0.009,0,0,1,0.002,4,0.005,2,0.002,4,0.006,1,0.002,3,0.005,2,0.003,1,0.002,1,0.002,2,0.003,1,0.001,3,0.004,1,0.001,0,0,1,0.002,1,0.003,0,0,0,0
Region 53,Region 42,0,0,0,0,0,0,0,0,0,0,0,0,0,0,0,0,0,0,0,0,0,0,0,0,0,0,0,0,0,0,0,0,0,0,0,0,0,0,0,0,0,0,0,0,0,0,0,0
Region 53,Region 43,0,0,0,0,0,0,0,0,0,0,1,0.004,0,0,0,0,1,0.001,0,0,2,0.003,0,0,0,0,9,0.015,0,0,0,0,1,0.001,0,0,0,0,0,0,0,0,0,0,0,0,0,0
Region 53,Region 44,0,0,1,0.011,0,0,0,0,0,0,0,0,0,0,0,0,0,0,0,0,0,0,0,0,0,0,0,0,0,0,0,0,0,0,0,0,0,0,0,0,1,0.002,0,0,0,0,0,0
Region 53,Region 45,0,0,0,0,0,0,0,0,0,0,1,0.004,0,0,0,0,1,0.001,0,0,0,0,1,0.002,0,0,0,0,3,0.005,0,0,0,0,0,0,3,0.004,1,0.002,0,0,0,0,1,0.004,0,0
Region 53,Region 46,0,0,1,0.011,0,0,0,0,1,0.009,0,0,0,0,2,0.003,3,0.004,7,0.01,0,0,3,0.005,0,0,2,0.003,3,0.005,1,0.001,3,0.004,2,0.003,0,0,1,0.002,1,0.002,3,0.008,0,0,1,0.006
Region 53,Region 47,0,0,0,0,0,0,0,0,0,0,2,0.008,0,0,3,0.004,4,0.005,1,0.001,1,0.002,3,0.005,1,0.002,3,0.005,3,0.005,1,0.001,3,0.004,4,0.005,0,0,0,0,0,0,0,0,1,0.004,1,0.006
Region 53,Region 48,0,0,0,0,0,0,0,0,0,0,0,0,0,0,1,0.001,0,0,1,0.001,0,0,0,0,0,0,3,0.005,2,0.003,0,0,0,0,0,0,1,0.001,0,0,0,0,1,0.003,0,0,0,0
Region 53,Region 49,0,0,0,0,0,0,0,0,0,0,0,0,0,0,1,0.001,0,0,0,0,0,0,0,0,0,0,1,0.002,0,0,1,0.001,0,0,1,0.001,0,0,2,0.004,0,0,0,0,0,0,0,0
Region 53,Region 50,0,0,0,0,0,0,0,0,0,0,0,0,0,0,0,0,0,0,0,0,0,0,0,0,0,0,0,0,0,0,0,0,0,0,1,0.001,0,0,0,0,0,0,0,0,1,0.004,0,0
Region 53,Region 51,0,0,0,0,0,0,0,0,0,0,0,0,0,0,2,0.003,4,0.005,0,0,0,0,0,0,0,0,0,0,0,0,0,0,0,0,0,0,0,0,0,0,0,0,0,0,0,0,0,0
Region 53,Region 52,0,0,0,0,0,0,0,0,0,0,0,0,0,0,0,0,0,0,0,0,0,0,0,0,0,0,0,0,0,0,0,0,0,0,0,0,0,0,0,0,0,0,0,0,0,0,0,0
Region 53,Region 53,4,0.024,9,0.099,3,0.045,2,0.029,2,0.017,5,0.019,12,0.025,24,0.03,29,0.034,17,0.024,29,0.05,14,0.024,21,0.034,34,0.055,36,0.058,32,0.047,20,0.029,37,0.048,39,0.053,36,0.066,26,0.06,21,0.057,10,0.038,9,0.05
Region 53,Region 54,0,0,0,0,0,0,0,0,0,0,0,0,0,0,0,0,0,0,0,0,1,0.002,0,0,0,0,0,0,0,0,1,0.001,0,0,0,0,1,0.001,2,0.004,0,0,0,0,0,0,0,0
Region 53,Region 55,0,0,0,0,0,0,0,0,1,0.009,0,0,1,0.002,2,0.003,1,0.001,0,0,0,0,1,0.002,0,0,3,0.005,0,0,1,0.001,1,0.001,1,0.001,1,0.001,1,0.002,0,0,0,0,0,0,0,0
Region 53,Region 56,6,0.036,1,0.011,3,0.045,1,0.014,3,0.026,4,0.016,7,0.014,18,0.023,20,0.023,18,0.025,15,0.026,14,0.024,13,0.021,26,0.042,23,0.037,31,0.045,38,0.055,27,0.035,36,0.049,17,0.031,19,0.044,17,0.047,8,0.03,4,0.022
Region 53,Region 57,0,0,0,0,0,0,0,0,0,0,0,0,0,0,0,0,0,0,0,0,0,0,0,0,0,0,0,0,0,0,0,0,0,0,0,0,0,0,0,0,0,0,0,0,0,0,0,0
Region 53,Region 58,1,0.006,0,0,2,0.03,1,0.014,2,0.017,0,0,3,0.006,4,0.005,5,0.006,3,0.004,3,0.005,1,0.002,3,0.005,3,0.005,4,0.006,2,0.003,3,0.004,2,0.003,2,0.003,0,0,5,0.012,2,0.005,1,0.004,0,0
Region 53,Region 59,1,0.006,0,0,0,0,0,0,0,0,0,0,0,0,0,0,1,0.001,0,0,0,0,1,0.002,0,0,0,0,0,0,0,0,0,0,0,0,0,0,0,0,1,0.002,0,0,0,0,0,0
Region 53,Region 60,0,0,0,0,0,0,0,0,0,0,0,0,1,0.002,0,0,0,0,0,0,0,0,0,0,0,0,0,0,0,0,0,0,0,0,0,0,0,0,0,0,0,0,0,0,0,0,0,0
Region 53,Region 61,0,0,0,0,0,0,0,0,0,0,1,0.004,1,0.002,0,0,2,0.002,0,0,1,0.002,0,0,2,0.003,1,0.002,2,0.003,0,0,1,0.001,1,0.001,0,0,0,0,0,0,1,0.003,0,0,0,0
Region 53,Region 62,0,0,1,0.011,0,0,1,0.014,0,0,1,0.004,3,0.006,11,0.014,21,0.025,9,0.013,8,0.014,2,0.003,7,0.011,12,0.02,11,0.018,6,0.009,10,0.014,9,0.012,7,0.01,4,0.007,6,0.014,4,0.011,2,0.008,2,0.011
Region 53,Region 63,0,0,0,0,0,0,0,0,0,0,0,0,0,0,0,0,0,0,1,0.001,0,0,0,0,0,0,0,0,0,0,0,0,0,0,0,0,0,0,0,0,0,0,0,0,0,0,0,0
Region 53,Region 64,1,0.006,0,0,0,0,0,0,0,0,1,0.004,1,0.002,0,0,0,0,1,0.001,0,0,2,0.003,0,0,0,0,1,0.002,1,0.001,1,0.001,2,0.003,1,0.001,0,0,0,0,0,0,0,0,0,0
Region 53,Region 65,0,0,0,0,0,0,0,0,0,0,0,0,0,0,1,0.001,1,0.001,1,0.001,0,0,0,0,0,0,0,0,0,0,0,0,0,0,0,0,0,0,0,0,0,0,0,0,0,0,0,0
Region 53,Region 66,0,0,0,0,0,0,0,0,0,0,1,0.004,1,0.002,0,0,0,0,1,0.001,0,0,0,0,0,0,0,0,0,0,0,0,0,0,0,0,0,0,0,0,0,0,1,0.003,0,0,1,0.006
Region 53,Region 67,0,0,1,0.011,1,0.015,0,0,0,0,3,0.012,0,0,5,0.006,0,0,0,0,1,0.002,1,0.002,1,0.002,0,0,0,0,0,0,2,0.003,6,0.008,3,0.004,2,0.004,0,0,0,0,0,0,0,0
Region 53,Region 68,0,0,0,0,0,0,0,0,0,0,0,0,0,0,1,0.001,0,0,0,0,0,0,0,0,0,0,0,0,0,0,0,0,0,0,0,0,0,0,0,0,0,0,0,0,0,0,0,0
Region 53,Region 69,0,0,0,0,0,0,0,0,0,0,0,0,0,0,0,0,0,0,0,0,0,0,0,0,0,0,0,0,0,0,0,0,0,0,0,0,0,0,0,0,0,0,1,0.003,0,0,0,0
Region 53,Region 70,0,0,0,0,0,0,0,0,0,0,0,0,0,0,0,0,0,0,0,0,0,0,0,0,0,0,1,0.002,0,0,1,0.001,0,0,0,0,0,0,0,0,0,0,0,0,0,0,0,0
Region 53,Region 71,0,0,0,0,0,0,0,0,0,0,0,0,0,0,0,0,0,0,0,0,0,0,0,0,0,0,0,0,0,0,0,0,0,0,0,0,0,0,0,0,0,0,0,0,0,0,0,0
Region 53,Region 72,0,0,0,0,1,0.015,0,0,4,0.034,1,0.004,2,0.004,3,0.004,2,0.002,0,0,0,0,1,0.002,6,0.01,2,0.003,2,0.003,5,0.007,0,0,0,0,0,0,3,0.006,0,0,0,0,0,0,1,0.006
Region 54,Region 0,0,0,0,0,0,0,0,0,0,0,0,0,0,0,0,0,1,0.001,0,0,0,0,0,0,0,0,0,0,0,0,0,0,0,0,0,0,1,0.001,0,0,0,0,0,0,0,0,1,0.006
Region 54,Region 1,22,0.132,11,0.121,10,0.15,8,0.114,2,0.017,4,0.016,11,0.022,47,0.06,83,0.097,112,0.158,74,0.127,56,0.096,103,0.168,95,0.155,88,0.141,74,0.108,96,0.138,128,0.165,117,0.159,87,0.16,77,0.177,72,0.197,40,0.152,27,0.149
Region 54,Region 2,0,0,0,0,0,0,0,0,0,0,0,0,0,0,1,0.001,1,0.001,1,0.001,2,0.003,0,0,2,0.003,4,0.007,4,0.006,3,0.004,3,0.004,0,0,3,0.004,1,0.002,2,0.005,4,0.011,6,0.023,4,0.022
Region 54,Region 3,0,0,0,0,0,0,0,0,0,0,0,0,0,0,0,0,0,0,0,0,2,0.003,0,0,1,0.002,0,0,1,0.002,0,0,0,0,0,0,2,0.003,2,0.004,2,0.005,0,0,1,0.004,0,0
Region 54,Region 4,3,0.018,2,0.022,1,0.015,0,0,1,0.009,0,0,3,0.006,1,0.001,0,0,0,0,0,0,0,0,0,0,1,0.002,1,0.002,0,0,1,0.001,1,0.001,0,0,0,0,1,0.002,1,0.003,0,0,0,0
Region 54,Region 5,0,0,0,0,1,0.015,0,0,0,0,0,0,0,0,0,0,0,0,0,0,0,0,0,0,1,0.002,1,0.002,0,0,0,0,0,0,0,0,2,0.003,0,0,0,0,0,0,0,0,1,0.006
Region 54,Region 6,0,0,1,0.011,0,0,0,0,1,0.009,2,0.008,0,0,2,0.003,5,0.006,2,0.003,6,0.01,2,0.003,2,0.003,0,0,5,0.008,6,0.009,5,0.007,10,0.013,7,0.01,3,0.006,1,0.002,3,0.008,2,0.008,1,0.006
Region 54,Region 7,1,0.006,1,0.011,0,0,0,0,0,0,0,0,0,0,0,0,0,0,0,0,1,0.002,0,0,0,0,1,0.002,0,0,0,0,0,0,1,0.001,3,0.004,0,0,0,0,3,0.008,1,0.004,0,0
Region 54,Region 8,0,0,0,0,0,0,0,0,0,0,0,0,1,0.002,3,0.004,4,0.005,3,0.004,1,0.002,1,0.002,1,0.002,1,0.002,0,0,1,0.001,3,0.004,6,0.008,2,0.003,1,0.002,1,0.002,1,0.003,0,0,0,0
Region 54,Region 9,0,0,1,0.011,0,0,0,0,0,0,0,0,2,0.004,2,0.003,1,0.001,3,0.004,0,0,0,0,0,0,1,0.002,2,0.003,4,0.006,2,0.003,0,0,0,0,0,0,0,0,3,0.008,1,0.004,1,0.006
Region 54,Region 10,12,0.072,6,0.066,4,0.06,4,0.057,3,0.026,6,0.023,20,0.041,33,0.042,64,0.075,60,0.085,46,0.079,46,0.079,48,0.078,41,0.067,46,0.074,37,0.054,47,0.068,60,0.077,52,0.071,35,0.064,29,0.067,32,0.088,12,0.046,5,0.028
Region 54,Region 11,0,0,0,0,0,0,0,0,0,0,0,0,0,0,1,0.001,1,0.001,0,0,0,0,0,0,0,0,0,0,1,0.002,0,0,0,0,0,0,0,0,0,0,0,0,0,0,0,0,0,0
Region 54,Region 12,0,0,0,0,0,0,1,0.014,0,0,0,0,0,0,2,0.003,0,0,0,0,0,0,1,0.002,1,0.002,0,0,0,0,0,0,0,0,0,0,1,0.001,0,0,1,0.002,1,0.003,0,0,0,0
Region 54,Region 13,8,0.048,4,0.044,1,0.015,2,0.029,0,0,1,0.004,9,0.018,18,0.023,33,0.039,20,0.028,15,0.026,13,0.022,14,0.023,11,0.018,5,0.008,9,0.013,6,0.009,4,0.005,8,0.011,6,0.011,12,0.028,14,0.038,11,0.042,14,0.077
Region 54,Region 14,4,0.024,1,0.011,0,0,0,0,0,0,2,0.008,3,0.006,16,0.02,23,0.027,4,0.006,3,0.005,6,0.01,4,0.007,8,0.013,7,0.011,6,0.009,11,0.016,11,0.014,13,0.018,6,0.011,1,0.002,4,0.011,4,0.015,1,0.006
Region 54,Region 15,1,0.006,1,0.011,0,0,0,0,0,0,0,0,0,0,2,0.003,2,0.002,0,0,1,0.002,1,0.002,3,0.005,1,0.002,2,0.003,3,0.004,5,0.007,1,0.001,3,0.004,4,0.007,4,0.009,6,0.016,2,0.008,0,0
Region 54,Region 16,0,0,1,0.011,0,0,0,0,0,0,0,0,0,0,0,0,0,0,0,0,0,0,0,0,0,0,0,0,1,0.002,0,0,1,0.001,0,0,0,0,0,0,0,0,0,0,0,0,0,0
Region 54,Region 17,1,0.006,0,0,0,0,0,0,0,0,0,0,1,0.002,1,0.001,2,0.002,4,0.006,3,0.005,1,0.002,1,0.002,2,0.003,4,0.006,0,0,1,0.001,2,0.003,3,0.004,2,0.004,5,0.012,1,0.003,1,0.004,1,0.006
Region 54,Region 18,0,0,0,0,0,0,0,0,0,0,0,0,0,0,0,0,1,0.001,0,0,0,0,0,0,0,0,0,0,0,0,0,0,0,0,0,0,0,0,0,0,1,0.002,1,0.003,0,0,0,0
Region 54,Region 19,0,0,0,0,1,0.015,0,0,0,0,0,0,0,0,0,0,0,0,0,0,0,0,1,0.002,1,0.002,0,0,0,0,0,0,0,0,1,0.001,1,0.001,0,0,5,0.012,2,0.005,0,0,0,0
Region 54,Region 20,0,0,1,0.011,2,0.03,1,0.014,3,0.026,1,0.004,3,0.006,8,0.01,22,0.026,10,0.014,10,0.017,20,0.034,13,0.021,9,0.015,7,0.011,7,0.01,10,0.014,10,0.013,13,0.018,6,0.011,19,0.044,8,0.022,7,0.027,6,0.033
Region 54,Region 21,0,0,0,0,0,0,0,0,0,0,0,0,0,0,0,0,0,0,0,0,0,0,0,0,0,0,0,0,0,0,0,0,0,0,1,0.001,0,0,0,0,0,0,0,0,1,0.004,0,0
Region 54,Region 22,1,0.006,1,0.011,0,0,0,0,0,0,0,0,1,0.002,0,0,0,0,1,0.001,0,0,1,0.002,0,0,0,0,0,0,1,0.001,0,0,3,0.004,0,0,2,0.004,0,0,0,0,0,0,1,0.006
Region 54,Region 23,5,0.03,1,0.011,3,0.045,0,0,0,0,0,0,2,0.004,1,0.001,3,0.004,4,0.006,2,0.003,3,0.005,2,0.003,3,0.005,2,0.003,1,0.001,1,0.001,2,0.003,2,0.003,3,0.006,4,0.009,5,0.014,3,0.011,0,0
Region 54,Region 24,1,0.006,1,0.011,2,0.03,0,0,0,0,0,0,1,0.002,3,0.004,2,0.002,4,0.006,4,0.007,0,0,1,0.002,3,0.005,4,0.006,3,0.004,2,0.003,5,0.006,2,0.003,2,0.004,6,0.014,6,0.016,1,0.004,3,0.017
Region 54,Region 25,5,0.03,5,0.055,2,0.03,3,0.043,2,0.017,2,0.008,2,0.004,7,0.009,14,0.016,10,0.014,3,0.005,13,0.022,9,0.015,8,0.013,4,0.006,12,0.017,11,0.016,4,0.005,16,0.022,14,0.026,11,0.025,11,0.03,7,0.027,8,0.044
Region 54,Region 26,1,0.006,0,0,0,0,0,0,0,0,2,0.008,3,0.006,20,0.025,31,0.036,16,0.023,19,0.033,18,0.031,22,0.036,10,0.016,24,0.039,18,0.026,30,0.043,41,0.053,39,0.053,21,0.039,12,0.028,6,0.016,1,0.004,1,0.006
Region 54,Region 27,3,0.018,0,0,1,0.015,0,0,0,0,0,0,0,0,0,0,0,0,0,0,2,0.003,2,0.003,4,0.007,3,0.005,1,0.002,4,0.006,4,0.006,3,0.004,7,0.01,3,0.006,2,0.005,2,0.005,1,0.004,1,0.006
Region 54,Region 28,2,0.012,0,0,0,0,1,0.014,1,0.009,1,0.004,1,0.002,3,0.004,2,0.002,2,0.003,1,0.002,0,0,1,0.002,2,0.003,5,0.008,4,0.006,2,0.003,1,0.001,8,0.011,2,0.004,2,0.005,1,0.003,1,0.004,1,0.006
Region 54,Region 29,4,0.024,1,0.011,0,0,0,0,1,0.009,0,0,0,0,5,0.006,10,0.012,5,0.007,7,0.012,6,0.01,4,0.007,2,0.003,5,0.008,4,0.006,5,0.007,6,0.008,4,0.005,5,0.009,10,0.023,5,0.014,5,0.019,1,0.006
Region 54,Region 30,5,0.03,1,0.011,0,0,0,0,1,0.009,0,0,6,0.012,12,0.015,41,0.048,28,0.04,24,0.041,20,0.034,15,0.024,13,0.021,12,0.019,15,0.022,24,0.035,33,0.042,28,0.038,27,0.05,22,0.051,7,0.019,7,0.027,4,0.022
Region 54,Region 31,1,0.006,1,0.011,1,0.015,1,0.014,0,0,0,0,3,0.006,2,0.003,6,0.007,15,0.021,7,0.012,9,0.015,9,0.015,3,0.005,6,0.01,7,0.01,6,0.009,3,0.004,5,0.007,7,0.013,10,0.023,9,0.025,4,0.015,2,0.011
Region 54,Region 32,0,0,0,0,0,0,0,0,0,0,0,0,0,0,0,0,0,0,0,0,1,0.002,0,0,0,0,1,0.002,0,0,0,0,0,0,0,0,0,0,0,0,0,0,2,0.005,0,0,0,0
Region 54,Region 33,42,0.252,17,0.187,14,0.21,16,0.228,12,0.102,26,0.101,41,0.084,105,0.133,173,0.202,105,0.149,93,0.159,80,0.137,123,0.2,114,0.186,110,0.177,144,0.21,160,0.23,139,0.179,112,0.152,76,0.14,94,0.216,83,0.227,52,0.197,41,0.227
Region 54,Region 34,10,0.06,10,0.11,9,0.135,4,0.057,3,0.026,2,0.008,6,0.012,30,0.038,41,0.048,41,0.058,28,0.048,24,0.041,26,0.042,28,0.046,20,0.032,30,0.044,14,0.02,16,0.021,26,0.035,28,0.052,31,0.071,28,0.077,25,0.095,15,0.083
Region 54,Region 35,1,0.006,2,0.022,3,0.045,0,0,2,0.017,1,0.004,2,0.004,8,0.01,8,0.009,3,0.004,7,0.012,6,0.01,8,0.013,5,0.008,7,0.011,7,0.01,7,0.01,7,0.009,6,0.008,8,0.015,7,0.016,2,0.005,6,0.023,6,0.033
Region 54,Region 36,3,0.018,1,0.011,0,0,0,0,0,0,0,0,2,0.004,7,0.009,5,0.006,8,0.011,6,0.01,6,0.01,13,0.021,12,0.02,8,0.013,14,0.02,15,0.022,10,0.013,15,0.02,13,0.024,8,0.018,9,0.025,3,0.011,1,0.006
Region 54,Region 37,3,0.018,1,0.011,0,0,1,0.014,0,0,2,0.008,0,0,1,0.001,4,0.005,3,0.004,5,0.009,1,0.002,1,0.002,2,0.003,0,0,3,0.004,0,0,0,0,0,0,5,0.009,0,0,0,0,2,0.008,0,0
Region 54,Region 38,2,0.012,0,0,0,0,1,0.014,0,0,0,0,0,0,0,0,0,0,3,0.004,3,0.005,0,0,1,0.002,3,0.005,0,0,2,0.003,2,0.003,1,0.001,2,0.003,3,0.006,1,0.002,0,0,0,0,1,0.006
Region 54,Region 39,0,0,2,0.022,0,0,1,0.014,0,0,0,0,0,0,0,0,1,0.001,0,0,2,0.003,1,0.002,1,0.002,2,0.003,1,0.002,1,0.001,2,0.003,0,0,1,0.001,1,0.002,2,0.005,1,0.003,1,0.004,1,0.006
Region 54,Region 40,12,0.072,7,0.077,4,0.06,6,0.086,4,0.034,1,0.004,4,0.008,6,0.008,11,0.013,9,0.013,6,0.01,9,0.015,14,0.023,6,0.01,9,0.014,12,0.017,8,0.012,6,0.008,5,0.007,10,0.018,17,0.039,12,0.033,8,0.03,8,0.044
Region 54,Region 41,23,0.138,4,0.044,6,0.09,5,0.071,1,0.009,9,0.035,14,0.029,20,0.025,21,0.025,19,0.027,22,0.038,17,0.029,23,0.037,20,0.033,25,0.04,20,0.029,17,0.024,11,0.014,15,0.02,16,0.029,15,0.035,14,0.038,11,0.042,17,0.094
Region 54,Region 42,1,0.006,0,0,0,0,0,0,0,0,0,0,0,0,1,0.001,3,0.004,4,0.006,5,0.009,3,0.005,2,0.003,2,0.003,3,0.005,4,0.006,2,0.003,2,0.003,3,0.004,0,0,4,0.009,1,0.003,1,0.004,1,0.006
Region 54,Region 43,1,0.006,1,0.011,0,0,0,0,0,0,0,0,2,0.004,0,0,0,0,2,0.003,1,0.002,0,0,1,0.002,0,0,1,0.002,0,0,2,0.003,1,0.001,0,0,1,0.002,0,0,4,0.011,0,0,4,0.022
Region 54,Region 44,1,0.006,0,0,0,0,1,0.014,0,0,1,0.004,1,0.002,0,0,1,0.001,1,0.001,1,0.002,4,0.007,1,0.002,0,0,3,0.005,5,0.007,3,0.004,1,0.001,1,0.001,2,0.004,0,0,1,0.003,3,0.011,1,0.006
Region 54,Region 45,5,0.03,1,0.011,1,0.015,0,0,2,0.017,0,0,1,0.002,3,0.004,7,0.008,7,0.01,6,0.01,8,0.014,3,0.005,7,0.011,6,0.01,5,0.007,6,0.009,8,0.01,5,0.007,7,0.013,9,0.021,7,0.019,6,0.023,2,0.011
Region 54,Region 46,7,0.042,2,0.022,6,0.09,7,0.1,8,0.068,14,0.054,30,0.061,26,0.033,23,0.027,16,0.023,10,0.017,19,0.033,21,0.034,24,0.039,15,0.024,14,0.02,10,0.014,11,0.014,13,0.018,4,0.007,5,0.012,15,0.041,11,0.042,13,0.072
Region 54,Region 47,3,0.018,2,0.022,0,0,0,0,0,0,0,0,2,0.004,4,0.005,4,0.005,5,0.007,2,0.003,1,0.002,0,0,3,0.005,3,0.005,2,0.003,1,0.001,2,0.003,2,0.003,2,0.004,3,0.007,1,0.003,3,0.011,3,0.017
Region 54,Region 48,1,0.006,1,0.011,0,0,0,0,0,0,0,0,1,0.002,1,0.001,1,0.001,0,0,0,0,1,0.002,1,0.002,0,0,1,0.002,3,0.004,3,0.004,2,0.003,2,0.003,0,0,0,0,1,0.003,2,0.008,1,0.006
Region 54,Region 49,0,0,0,0,0,0,0,0,0,0,0,0,0,0,0,0,1,0.001,1,0.001,0,0,2,0.003,1,0.002,2,0.003,2,0.003,1,0.001,1,0.001,2,0.003,2,0.003,1,0.002,0,0,1,0.003,2,0.008,0,0
Region 54,Region 50,10,0.06,5,0.055,2,0.03,2,0.029,3,0.026,5,0.019,11,0.022,31,0.039,35,0.041,28,0.04,30,0.051,34,0.058,41,0.067,48,0.078,48,0.077,38,0.055,51,0.073,57,0.073,69,0.094,42,0.077,39,0.09,21,0.057,25,0.095,8,0.044
Region 54,Region 51,3,0.018,5,0.055,5,0.075,3,0.043,3,0.026,8,0.031,14,0.029,34,0.043,19,0.022,21,0.03,18,0.031,16,0.027,22,0.036,24,0.039,24,0.039,18,0.026,12,0.017,15,0.019,16,0.022,15,0.028,24,0.055,9,0.025,7,0.027,9,0.05
Region 54,Region 52,0,0,1,0.011,0,0,0,0,0,0,0,0,1,0.002,3,0.004,3,0.004,5,0.007,3,0.005,1,0.002,2,0.003,0,0,2,0.003,1,0.001,6,0.009,7,0.009,4,0.005,1,0.002,3,0.007,1,0.003,0,0,0,0
Region 54,Region 53,0,0,0,0,0,0,0,0,0,0,0,0,0,0,0,0,0,0,1,0.001,1,0.002,0,0,0,0,0,0,0,0,0,0,0,0,0,0,0,0,0,0,0,0,0,0,0,0,0,0
Region 54,Region 54,44,0.264,21,0.231,11,0.165,9,0.128,6,0.051,16,0.062,32,0.065,76,0.096,162,0.189,152,0.215,151,0.259,158,0.271,243,0.395,227,0.37,159,0.255,169,0.246,214,0.308,242,0.311,280,0.381,152,0.28,127,0.292,124,0.339,78,0.296,49,0.271
Region 54,Region 55,0,0,0,0,0,0,0,0,0,0,2,0.008,1,0.002,2,0.003,2,0.002,1,0.001,2,0.003,1,0.002,6,0.01,5,0.008,4,0.006,1,0.001,1,0.001,0,0,0,0,3,0.006,2,0.005,1,0.003,1,0.004,0,0
Region 54,Region 56,0,0,1,0.011,0,0,0,0,0,0,0,0,0,0,0,0,0,0,0,0,0,0,0,0,0,0,0,0,1,0.002,1,0.001,0,0,0,0,0,0,0,0,1,0.002,1,0.003,1,0.004,0,0
Region 54,Region 57,6,0.036,4,0.044,4,0.06,1,0.014,0,0,3,0.012,10,0.02,7,0.009,5,0.006,5,0.007,15,0.026,12,0.021,16,0.026,15,0.024,23,0.037,22,0.032,20,0.029,36,0.046,30,0.041,20,0.037,16,0.037,11,0.03,8,0.03,7,0.039
Region 54,Region 58,9,0.054,4,0.044,0,0,0,0,0,0,1,0.004,7,0.014,6,0.008,10,0.012,7,0.01,8,0.014,6,0.01,6,0.01,7,0.011,10,0.016,9,0.013,6,0.009,8,0.01,8,0.011,11,0.02,9,0.021,7,0.019,16,0.061,3,0.017
Region 54,Region 59,3,0.018,3,0.033,3,0.045,1,0.014,1,0.009,3,0.012,10,0.02,7,0.009,11,0.013,15,0.021,17,0.029,23,0.039,19,0.031,18,0.029,15,0.024,18,0.026,15,0.022,16,0.021,12,0.016,11,0.02,7,0.016,6,0.016,8,0.03,4,0.022
Region 54,Region 60,4,0.024,2,0.022,2,0.03,1,0.014,0,0,0,0,6,0.012,18,0.023,6,0.007,9,0.013,6,0.01,6,0.01,5,0.008,8,0.013,11,0.018,10,0.015,15,0.022,13,0.017,16,0.022,4,0.007,4,0.009,6,0.016,4,0.015,2,0.011
Region 54,Region 61,2,0.012,0,0,0,0,0,0,1,0.009,1,0.004,0,0,1,0.001,3,0.004,2,0.003,4,0.007,4,0.007,2,0.003,2,0.003,2,0.003,3,0.004,4,0.006,4,0.005,6,0.008,9,0.017,4,0.009,3,0.008,0,0,1,0.006
Region 54,Region 62,0,0,0,0,1,0.015,0,0,0,0,0,0,0,0,0,0,0,0,0,0,1,0.002,0,0,0,0,1,0.002,0,0,0,0,0,0,0,0,0,0,0,0,0,0,0,0,0,0,0,0
Region 54,Region 63,2,0.012,0,0,0,0,0,0,1,0.009,0,0,0,0,0,0,2,0.002,0,0,0,0,0,0,0,0,0,0,0,0,0,0,0,0,0,0,0,0,1,0.002,4,0.009,0,0,1,0.004,0,0
Region 54,Region 64,0,0,0,0,0,0,0,0,0,0,0,0,0,0,0,0,0,0,0,0,0,0,1,0.002,0,0,0,0,0,0,1,0.001,2,0.003,0,0,1,0.001,0,0,0,0,0,0,0,0,0,0
Region 54,Region 65,2,0.012,2,0.022,0,0,1,0.014,0,0,2,0.008,2,0.004,12,0.015,23,0.027,27,0.038,15,0.026,10,0.017,11,0.018,8,0.013,11,0.018,13,0.019,8,0.012,10,0.013,14,0.019,18,0.033,8,0.018,14,0.038,6,0.023,5,0.028
Region 54,Region 66,7,0.042,3,0.033,2,0.03,2,0.029,2,0.017,5,0.019,11,0.022,17,0.022,20,0.023,22,0.031,21,0.036,16,0.027,30,0.049,28,0.046,21,0.034,18,0.026,27,0.039,43,0.055,40,0.054,37,0.068,35,0.081,20,0.055,15,0.057,14,0.077
Region 54,Region 67,0,0,0,0,0,0,0,0,0,0,0,0,0,0,0,0,0,0,1,0.001,0,0,0,0,0,0,0,0,0,0,0,0,0,0,0,0,0,0,0,0,0,0,0,0,0,0,0,0
Region 54,Region 68,1,0.006,1,0.011,1,0.015,0,0,0,0,3,0.012,2,0.004,10,0.013,11,0.013,4,0.006,6,0.01,10,0.017,7,0.011,3,0.005,5,0.008,13,0.019,12,0.017,15,0.019,6,0.008,5,0.009,1,0.002,2,0.005,0,0,1,0.006
Region 54,Region 69,0,0,2,0.022,0,0,0,0,1,0.009,1,0.004,4,0.008,3,0.004,4,0.005,2,0.003,0,0,4,0.007,2,0.003,1,0.002,2,0.003,1,0.001,0,0,1,0.001,0,0,1,0.002,0,0,3,0.008,3,0.011,0,0
Region 54,Region 70,0,0,0,0,0,0,0,0,0,0,0,0,1,0.002,3,0.004,4,0.005,2,0.003,2,0.003,4,0.007,3,0.005,3,0.005,4,0.006,6,0.009,4,0.006,4,0.005,5,0.007,2,0.004,4,0.009,1,0.003,1,0.004,1,0.006
Region 54,Region 71,0,0,1,0.011,1,0.015,0,0,1,0.009,3,0.012,7,0.014,14,0.018,17,0.02,15,0.021,11,0.019,22,0.038,18,0.029,12,0.02,14,0.022,19,0.028,11,0.016,9,0.012,11,0.015,16,0.029,8,0.018,3,0.008,4,0.015,2,0.011
Region 54,Region 72,48,0.288,31,0.341,9,0.135,12,0.171,5,0.043,12,0.047,38,0.078,58,0.074,65,0.076,62,0.088,64,0.11,77,0.132,71,0.116,71,0.116,77,0.124,81,0.118,84,0.121,81,0.104,92,0.125,75,0.138,51,0.117,53,0.145,38,0.144,31,0.171
Region 55,Region 0,0,0,0,0,0,0,0,0,0,0,1,0.004,0,0,0,0,0,0,0,0,0,0,1,0.002,1,0.002,1,0.002,0,0,0,0,1,0.001,0,0,0,0,0,0,0,0,0,0,0,0,0,0
Region 55,Region 1,7,0.042,2,0.022,0,0,1,0.014,0,0,3,0.012,5,0.01,10,0.013,16,0.019,24,0.034,4,0.007,5,0.009,2,0.003,7,0.011,7,0.011,4,0.006,1,0.001,2,0.003,5,0.007,2,0.004,3,0.007,4,0.011,6,0.023,5,0.028
Region 55,Region 2,0,0,0,0,1,0.015,0,0,0,0,0,0,2,0.004,2,0.003,0,0,1,0.001,3,0.005,1,0.002,1,0.002,1,0.002,2,0.003,1,0.001,0,0,1,0.001,1,0.001,1,0.002,1,0.002,0,0,0,0,0,0
Region 55,Region 3,3,0.018,2,0.022,0,0,0,0,0,0,0,0,0,0,0,0,0,0,2,0.003,2,0.003,2,0.003,3,0.005,3,0.005,3,0.005,2,0.003,1,0.001,3,0.004,1,0.001,2,0.004,0,0,1,0.003,0,0,0,0
Region 55,Region 4,2,0.012,0,0,2,0.03,1,0.014,0,0,0,0,2,0.004,4,0.005,3,0.004,2,0.003,4,0.007,5,0.009,5,0.008,1,0.002,5,0.008,5,0.007,4,0.006,8,0.01,5,0.007,1,0.002,1,0.002,1,0.003,0,0,0,0
Region 55,Region 5,0,0,1,0.011,1,0.015,1,0.014,0,0,0,0,0,0,1,0.001,0,0,1,0.001,1,0.002,4,0.007,1,0.002,3,0.005,1,0.002,2,0.003,1,0.001,3,0.004,2,0.003,1,0.002,0,0,1,0.003,0,0,0,0
Region 55,Region 6,1,0.006,0,0,0,0,0,0,0,0,0,0,1,0.002,0,0,0,0,3,0.004,2,0.003,2,0.003,3,0.005,4,0.007,4,0.006,8,0.012,4,0.006,7,0.009,4,0.005,4,0.007,0,0,0,0,1,0.004,1,0.006
Region 55,Region 7,1,0.006,0,0,0,0,0,0,0,0,1,0.004,1,0.002,0,0,1,0.001,1,0.001,3,0.005,0,0,0,0,0,0,1,0.002,0,0,1,0.001,2,0.003,2,0.003,2,0.004,0,0,0,0,0,0,0,0
Region 55,Region 8,0,0,0,0,0,0,0,0,0,0,0,0,0,0,0,0,1,0.001,0,0,0,0,0,0,0,0,0,0,0,0,1,0.001,0,0,0,0,0,0,0,0,1,0.002,0,0,0,0,0,0
Region 55,Region 9,2,0.012,0,0,0,0,0,0,0,0,1,0.004,5,0.01,2,0.003,1,0.001,9,0.013,5,0.009,2,0.003,4,0.007,6,0.01,2,0.003,2,0.003,3,0.004,2,0.003,7,0.01,3,0.006,4,0.009,2,0.005,1,0.004,2,0.011
Region 55,Region 10,1,0.006,1,0.011,0,0,1,0.014,0,0,4,0.016,1,0.002,14,0.018,12,0.014,8,0.011,7,0.012,5,0.009,0,0,4,0.007,1,0.002,3,0.004,4,0.006,2,0.003,2,0.003,3,0.006,3,0.007,3,0.008,1,0.004,0,0
Region 55,Region 11,2,0.012,1,0.011,0,0,1,0.014,0,0,0,0,1,0.002,2,0.003,4,0.005,4,0.006,2,0.003,4,0.007,1,0.002,2,0.003,2,0.003,5,0.007,1,0.001,6,0.008,5,0.007,5,0.009,2,0.005,0,0,3,0.011,3,0.017
Region 55,Region 12,4,0.024,2,0.022,0,0,1,0.014,1,0.009,1,0.004,7,0.014,12,0.015,12,0.014,2,0.003,9,0.015,3,0.005,6,0.01,9,0.015,4,0.006,6,0.009,10,0.014,8,0.01,6,0.008,10,0.018,6,0.014,2,0.005,7,0.027,3,0.017
Region 55,Region 13,3,0.018,3,0.033,2,0.03,2,0.029,2,0.017,9,0.035,16,0.033,53,0.067,87,0.102,76,0.108,37,0.063,23,0.039,27,0.044,19,0.031,28,0.045,16,0.023,27,0.039,28,0.036,20,0.027,7,0.013,5,0.012,9,0.025,8,0.03,11,0.061
Region 55,Region 14,0,0,0,0,0,0,0,0,0,0,0,0,0,0,0,0,1,0.001,0,0,0,0,0,0,0,0,1,0.002,1,0.002,1,0.001,0,0,0,0,0,0,0,0,0,0,0,0,0,0,0,0
Region 55,Region 15,4,0.024,0,0,2,0.03,0,0,0,0,1,0.004,1,0.002,2,0.003,6,0.007,3,0.004,3,0.005,6,0.01,3,0.005,8,0.013,7,0.011,11,0.016,10,0.014,8,0.01,16,0.022,5,0.009,5,0.012,4,0.011,3,0.011,1,0.006
Region 55,Region 16,0,0,0,0,0,0,0,0,0,0,0,0,0,0,0,0,0,0,0,0,0,0,1,0.002,0,0,0,0,0,0,0,0,0,0,0,0,1,0.001,1,0.002,0,0,0,0,0,0,0,0
Region 55,Region 17,1,0.006,0,0,0,0,0,0,0,0,0,0,0,0,1,0.001,2,0.002,4,0.006,1,0.002,2,0.003,6,0.01,1,0.002,1,0.002,2,0.003,2,0.003,1,0.001,3,0.004,0,0,3,0.007,0,0,0,0,0,0
Region 55,Region 18,0,0,1,0.011,0,0,0,0,0,0,1,0.004,0,0,2,0.003,0,0,0,0,0,0,2,0.003,2,0.003,2,0.003,1,0.002,2,0.003,3,0.004,1,0.001,0,0,1,0.002,0,0,2,0.005,2,0.008,0,0
Region 55,Region 19,1,0.006,1,0.011,1,0.015,0,0,0,0,0,0,1,0.002,1,0.001,0,0,0,0,1,0.002,0,0,3,0.005,0,0,0,0,1,0.001,1,0.001,2,0.003,2,0.003,0,0,0,0,0,0,1,0.004,0,0
Region 55,Region 20,2,0.012,3,0.033,0,0,0,0,1,0.009,1,0.004,1,0.002,3,0.004,5,0.006,11,0.016,6,0.01,6,0.01,4,0.007,2,0.003,0,0,2,0.003,2,0.003,4,0.005,3,0.004,3,0.006,1,0.002,4,0.011,2,0.008,1,0.006
Region 55,Region 21,0,0,0,0,0,0,0,0,0,0,0,0,0,0,0,0,0,0,0,0,0,0,0,0,0,0,1,0.002,1,0.002,0,0,0,0,0,0,0,0,0,0,0,0,1,0.003,0,0,0,0
Region 55,Region 22,0,0,1,0.011,0,0,0,0,0,0,0,0,0,0,0,0,0,0,0,0,0,0,0,0,0,0,1,0.002,0,0,0,0,0,0,1,0.001,0,0,0,0,4,0.009,1,0.003,1,0.004,0,0
Region 55,Region 23,11,0.066,3,0.033,2,0.03,1,0.014,2,0.017,3,0.012,3,0.006,46,0.058,47,0.055,52,0.074,34,0.058,9,0.015,19,0.031,22,0.036,22,0.035,22,0.032,18,0.026,27,0.035,14,0.019,12,0.022,13,0.03,8,0.022,1,0.004,9,0.05
Region 55,Region 24,0,0,0,0,1,0.015,0,0,0,0,1,0.004,2,0.004,2,0.003,7,0.008,2,0.003,1,0.002,4,0.007,3,0.005,5,0.008,1,0.002,5,0.007,5,0.007,3,0.004,2,0.003,2,0.004,2,0.005,3,0.008,0,0,2,0.011
Region 55,Region 25,1,0.006,0,0,0,0,0,0,0,0,1,0.004,2,0.004,5,0.006,6,0.007,4,0.006,1,0.002,1,0.002,3,0.005,0,0,1,0.002,2,0.003,1,0.001,1,0.001,1,0.001,1,0.002,2,0.005,3,0.008,1,0.004,0,0
Region 55,Region 26,0,0,0,0,0,0,0,0,0,0,0,0,1,0.002,0,0,5,0.006,0,0,0,0,0,0,1,0.002,0,0,0,0,1,0.001,1,0.001,0,0,0,0,0,0,0,0,0,0,0,0,0,0
Region 55,Region 27,0,0,0,0,0,0,0,0,0,0,0,0,0,0,2,0.003,1,0.001,0,0,0,0,1,0.002,0,0,1,0.002,0,0,0,0,0,0,0,0,0,0,0,0,0,0,0,0,0,0,0,0
Region 55,Region 28,1,0.006,0,0,0,0,0,0,0,0,3,0.012,0,0,5,0.006,1,0.001,4,0.006,3,0.005,2,0.003,0,0,2,0.003,0,0,4,0.006,1,0.001,0,0,2,0.003,2,0.004,0,0,2,0.005,0,0,1,0.006
Region 55,Region 29,1,0.006,1,0.011,0,0,1,0.014,2,0.017,2,0.008,1,0.002,14,0.018,12,0.014,18,0.025,8,0.014,10,0.017,7,0.011,10,0.016,10,0.016,7,0.01,12,0.017,6,0.008,9,0.012,15,0.028,3,0.007,5,0.014,2,0.008,1,0.006
Region 55,Region 30,3,0.018,0,0,2,0.03,0,0,0,0,2,0.008,4,0.008,8,0.01,7,0.008,10,0.014,1,0.002,2,0.003,1,0.002,3,0.005,1,0.002,2,0.003,3,0.004,0,0,3,0.004,2,0.004,1,0.002,2,0.005,1,0.004,2,0.011
Region 55,Region 31,1,0.006,0,0,0,0,0,0,0,0,0,0,3,0.006,8,0.01,11,0.013,7,0.01,2,0.003,5,0.009,7,0.011,7,0.011,4,0.006,1,0.001,1,0.001,2,0.003,7,0.01,3,0.006,5,0.012,2,0.005,0,0,3,0.017
Region 55,Region 32,1,0.006,0,0,0,0,0,0,0,0,0,0,0,0,0,0,0,0,0,0,0,0,1,0.002,1,0.002,0,0,1,0.002,0,0,0,0,3,0.004,1,0.001,0,0,0,0,1,0.003,1,0.004,0,0
Region 55,Region 33,8,0.048,3,0.033,0,0,2,0.029,2,0.017,9,0.035,14,0.029,40,0.051,56,0.065,32,0.045,25,0.043,11,0.019,15,0.024,13,0.021,11,0.018,13,0.019,16,0.023,4,0.005,7,0.01,11,0.02,10,0.023,13,0.036,16,0.061,9,0.05
Region 55,Region 34,4,0.024,4,0.044,2,0.03,0,0,0,0,3,0.012,4,0.008,34,0.043,30,0.035,35,0.05,13,0.022,7,0.012,10,0.016,7,0.011,5,0.008,8,0.012,11,0.016,7,0.009,5,0.007,11,0.02,7,0.016,6,0.016,6,0.023,5,0.028
Region 55,Region 35,3,0.018,0,0,0,0,0,0,0,0,1,0.004,2,0.004,5,0.006,4,0.005,4,0.006,5,0.009,4,0.007,1,0.002,1,0.002,0,0,1,0.001,1,0.001,0,0,3,0.004,1,0.002,3,0.007,2,0.005,2,0.008,0,0
Region 55,Region 36,0,0,0,0,0,0,0,0,0,0,0,0,0,0,0,0,1,0.001,1,0.001,1,0.002,1,0.002,0,0,0,0,0,0,0,0,0,0,0,0,2,0.003,0,0,0,0,0,0,0,0,0,0
Region 55,Region 37,0,0,0,0,1,0.015,0,0,1,0.009,2,0.008,0,0,3,0.004,0,0,2,0.003,0,0,2,0.003,3,0.005,2,0.003,4,0.006,5,0.007,2,0.003,6,0.008,4,0.005,3,0.006,2,0.005,0,0,0,0,0,0
Region 55,Region 38,1,0.006,1,0.011,1,0.015,1,0.014,0,0,2,0.008,2,0.004,5,0.006,8,0.009,12,0.017,7,0.012,5,0.009,11,0.018,7,0.011,8,0.013,15,0.022,10,0.014,13,0.017,10,0.014,7,0.013,6,0.014,2,0.005,2,0.008,0,0
Region 55,Region 39,0,0,0,0,0,0,0,0,0,0,0,0,2,0.004,2,0.003,0,0,0,0,1,0.002,0,0,0,0,0,0,1,0.002,0,0,2,0.003,0,0,0,0,0,0,0,0,1,0.003,1,0.004,0,0
Region 55,Region 40,5,0.03,2,0.022,1,0.015,0,0,5,0.043,7,0.027,6,0.012,6,0.008,3,0.004,8,0.011,2,0.003,10,0.017,10,0.016,12,0.02,12,0.019,16,0.023,19,0.027,10,0.013,21,0.029,5,0.009,6,0.014,3,0.008,3,0.011,6,0.033
Region 55,Region 41,37,0.222,10,0.11,10,0.15,6,0.086,4,0.034,22,0.085,33,0.067,61,0.077,45,0.053,45,0.064,49,0.084,78,0.134,52,0.085,67,0.109,72,0.116,77,0.112,74,0.107,60,0.077,56,0.076,71,0.131,36,0.083,48,0.131,17,0.065,24,0.133
Region 55,Region 42,1,0.006,0,0,0,0,1,0.014,0,0,0,0,0,0,2,0.003,1,0.001,3,0.004,1,0.002,0,0,1,0.002,1,0.002,0,0,0,0,0,0,1,0.001,1,0.001,1,0.002,0,0,1,0.003,0,0,0,0
Region 55,Region 43,0,0,0,0,0,0,0,0,0,0,0,0,1,0.002,1,0.001,0,0,1,0.001,2,0.003,2,0.003,1,0.002,1,0.002,0,0,0,0,2,0.003,4,0.005,2,0.003,0,0,2,0.005,4,0.011,0,0,1,0.006
Region 55,Region 44,1,0.006,0,0,0,0,1,0.014,0,0,1,0.004,1,0.002,1,0.001,1,0.001,3,0.004,1,0.002,4,0.007,2,0.003,1,0.002,1,0.002,1,0.001,2,0.003,4,0.005,3,0.004,0,0,1,0.002,3,0.008,2,0.008,6,0.033
Region 55,Region 45,3,0.018,0,0,1,0.015,1,0.014,1,0.009,2,0.008,3,0.006,3,0.004,12,0.014,8,0.011,5,0.009,9,0.015,2,0.003,2,0.003,1,0.002,2,0.003,6,0.009,7,0.009,10,0.014,7,0.013,2,0.005,3,0.008,1,0.004,3,0.017
Region 55,Region 46,35,0.21,9,0.099,9,0.135,10,0.143,15,0.128,34,0.132,54,0.11,84,0.107,88,0.103,82,0.116,90,0.154,84,0.144,87,0.142,83,0.135,95,0.153,93,0.136,105,0.151,103,0.132,88,0.12,74,0.136,43,0.099,66,0.181,28,0.106,9,0.05
Region 55,Region 47,5,0.03,6,0.066,3,0.045,2,0.029,6,0.051,3,0.012,3,0.006,14,0.018,13,0.015,11,0.016,14,0.024,13,0.022,24,0.039,19,0.031,13,0.021,23,0.034,16,0.023,13,0.017,23,0.031,19,0.035,8,0.018,10,0.027,9,0.034,5,0.028
Region 55,Region 48,1,0.006,0,0,0,0,0,0,0,0,0,0,0,0,2,0.003,2,0.002,0,0,0,0,3,0.005,0,0,1,0.002,5,0.008,1,0.001,0,0,0,0,0,0,0,0,0,0,0,0,1,0.004,0,0
Region 55,Region 49,0,0,0,0,0,0,0,0,0,0,0,0,0,0,1,0.001,2,0.002,0,0,1,0.002,0,0,1,0.002,1,0.002,2,0.003,1,0.001,0,0,2,0.003,0,0,1,0.002,0,0,0,0,0,0,0,0
Region 55,Region 50,1,0.006,0,0,0,0,0,0,0,0,0,0,0,0,0,0,0,0,0,0,2,0.003,0,0,0,0,2,0.003,1,0.002,0,0,0,0,3,0.004,1,0.001,0,0,0,0,0,0,0,0,0,0
Region 55,Region 51,4,0.024,2,0.022,1,0.015,2,0.029,4,0.034,6,0.023,13,0.027,36,0.046,33,0.039,40,0.057,35,0.06,12,0.021,8,0.013,9,0.015,22,0.035,11,0.016,14,0.02,11,0.014,6,0.008,9,0.017,16,0.037,6,0.016,11,0.042,4,0.022
Region 55,Region 52,0,0,0,0,0,0,0,0,0,0,0,0,0,0,1,0.001,1,0.001,0,0,0,0,0,0,0,0,1,0.002,0,0,0,0,1,0.001,0,0,0,0,0,0,1,0.002,0,0,0,0,0,0
Region 55,Region 53,0,0,0,0,0,0,1,0.014,1,0.009,0,0,0,0,0,0,0,0,2,0.003,0,0,0,0,1,0.002,0,0,0,0,1,0.001,1,0.001,1,0.001,1,0.001,2,0.004,0,0,0,0,0,0,0,0
Region 55,Region 54,0,0,1,0.011,0,0,0,0,0,0,2,0.008,0,0,6,0.008,6,0.007,5,0.007,3,0.005,1,0.002,2,0.003,3,0.005,1,0.002,2,0.003,0,0,2,0.003,0,0,0,0,3,0.007,1,0.003,1,0.004,0,0
Region 55,Region 55,13,0.078,3,0.033,1,0.015,7,0.1,4,0.034,11,0.043,11,0.022,44,0.056,64,0.075,51,0.072,41,0.07,38,0.065,46,0.075,43,0.07,48,0.077,43,0.063,35,0.05,28,0.036,36,0.049,21,0.039,20,0.046,15,0.041,8,0.03,14,0.077
Region 55,Region 56,0,0,1,0.011,1,0.015,1,0.014,0,0,0,0,2,0.004,2,0.003,1,0.001,1,0.001,2,0.003,4,0.007,10,0.016,3,0.005,3,0.005,5,0.007,2,0.003,4,0.005,4,0.005,3,0.006,2,0.005,1,0.003,2,0.008,2,0.011
Region 55,Region 57,0,0,0,0,0,0,0,0,0,0,0,0,0,0,0,0,0,0,1,0.001,0,0,0,0,0,0,0,0,0,0,0,0,0,0,0,0,0,0,0,0,0,0,0,0,0,0,0,0
Region 55,Region 58,4,0.024,2,0.022,1,0.015,1,0.014,3,0.026,4,0.016,7,0.014,7,0.009,1,0.001,6,0.008,14,0.024,9,0.015,11,0.018,8,0.013,6,0.01,8,0.012,8,0.012,5,0.006,11,0.015,10,0.018,4,0.009,3,0.008,5,0.019,1,0.006
Region 55,Region 59,1,0.006,0,0,0,0,0,0,0,0,0,0,1,0.002,0,0,0,0,1,0.001,2,0.003,0,0,0,0,2,0.003,1,0.002,3,0.004,0,0,0,0,1,0.001,0,0,1,0.002,0,0,0,0,0,0
Region 55,Region 60,1,0.006,0,0,0,0,0,0,0,0,1,0.004,1,0.002,0,0,1,0.001,1,0.001,2,0.003,0,0,0,0,0,0,1,0.002,0,0,0,0,0,0,0,0,1,0.002,0,0,2,0.005,0,0,0,0
Region 55,Region 61,0,0,0,0,0,0,1,0.014,0,0,1,0.004,1,0.002,3,0.004,4,0.005,1,0.001,1,0.002,0,0,0,0,1,0.002,1,0.002,1,0.001,1,0.001,3,0.004,0,0,2,0.004,0,0,1,0.003,0,0,0,0
Region 55,Region 62,1,0.006,0,0,0,0,1,0.014,0,0,0,0,2,0.004,1,0.001,1,0.001,1,0.001,3,0.005,5,0.009,1,0.002,1,0.002,0,0,3,0.004,3,0.004,5,0.006,2,0.003,3,0.006,0,0,2,0.005,0,0,0,0
Region 55,Region 63,0,0,0,0,0,0,1,0.014,0,0,0,0,0,0,2,0.003,1,0.001,2,0.003,1,0.002,2,0.003,1,0.002,0,0,2,0.003,2,0.003,0,0,0,0,2,0.003,0,0,2,0.005,1,0.003,0,0,0,0
Region 55,Region 64,0,0,0,0,0,0,0,0,0,0,0,0,0,0,0,0,1,0.001,0,0,2,0.003,0,0,0,0,3,0.005,1,0.002,1,0.001,0,0,0,0,1,0.001,1,0.002,0,0,0,0,1,0.004,0,0
Region 55,Region 65,0,0,0,0,0,0,0,0,0,0,1,0.004,4,0.008,6,0.008,5,0.006,9,0.013,5,0.009,0,0,6,0.01,3,0.005,3,0.005,2,0.003,3,0.004,5,0.006,2,0.003,1,0.002,2,0.005,1,0.003,0,0,0,0
Region 55,Region 66,0,0,0,0,0,0,0,0,1,0.009,1,0.004,3,0.006,2,0.003,4,0.005,1,0.001,1,0.002,1,0.002,0,0,1,0.002,1,0.002,0,0,1,0.001,0,0,1,0.001,0,0,0,0,0,0,1,0.004,1,0.006
Region 55,Region 67,0,0,0,0,0,0,0,0,0,0,0,0,0,0,0,0,0,0,0,0,0,0,0,0,0,0,0,0,0,0,1,0.001,0,0,1,0.001,1,0.001,0,0,0,0,0,0,0,0,0,0
Region 55,Region 68,0,0,0,0,0,0,0,0,0,0,0,0,0,0,0,0,1,0.001,0,0,0,0,0,0,1,0.002,0,0,0,0,1,0.001,1,0.001,1,0.001,1,0.001,0,0,1,0.002,0,0,0,0,0,0
Region 55,Region 69,0,0,0,0,0,0,0,0,0,0,1,0.004,1,0.002,4,0.005,5,0.006,2,0.003,1,0.002,0,0,0,0,1,0.002,0,0,1,0.001,0,0,0,0,1,0.001,0,0,0,0,0,0,0,0,0,0
Region 55,Region 70,0,0,0,0,0,0,0,0,0,0,0,0,0,0,1,0.001,0,0,0,0,0,0,0,0,0,0,1,0.002,0,0,0,0,0,0,0,0,0,0,0,0,0,0,0,0,0,0,0,0
Region 55,Region 71,1,0.006,0,0,0,0,0,0,0,0,0,0,0,0,2,0.003,2,0.002,5,0.007,1,0.002,0,0,1,0.002,0,0,2,0.003,0,0,0,0,0,0,2,0.003,0,0,0,0,0,0,0,0,0,0
Region 55,Region 72,14,0.084,8,0.088,3,0.045,5,0.071,12,0.102,6,0.023,11,0.022,48,0.061,40,0.047,57,0.081,29,0.05,24,0.041,22,0.036,26,0.042,25,0.04,22,0.032,17,0.024,24,0.031,14,0.019,19,0.035,22,0.051,30,0.082,9,0.034,7,0.039
Region 56,Region 0,0,0,0,0,0,0,0,0,0,0,0,0,0,0,0,0,0,0,0,0,0,0,0,0,0,0,2,0.003,0,0,1,0.001,0,0,0,0,0,0,0,0,0,0,0,0,0,0,0,0
Region 56,Region 1,0,0,0,0,0,0,0,0,0,0,1,0.004,5,0.01,3,0.004,1,0.001,3,0.004,2,0.003,0,0,0,0,0,0,0,0,1,0.001,0,0,0,0,0,0,1,0.002,0,0,2,0.005,2,0.008,1,0.006
Region 56,Region 2,1,0.006,1,0.011,0,0,0,0,0,0,0,0,1,0.002,0,0,0,0,0,0,0,0,1,0.002,0,0,0,0,0,0,0,0,0,0,1,0.001,0,0,0,0,0,0,1,0.003,0,0,0,0
Region 56,Region 3,0,0,0,0,0,0,0,0,0,0,0,0,0,0,0,0,0,0,1,0.001,0,0,2,0.003,4,0.007,2,0.003,2,0.003,1,0.001,0,0,0,0,2,0.003,1,0.002,0,0,2,0.005,1,0.004,0,0
Region 56,Region 4,0,0,0,0,0,0,0,0,1,0.009,0,0,1,0.002,3,0.004,0,0,0,0,0,0,0,0,2,0.003,1,0.002,0,0,0,0,0,0,0,0,1,0.001,1,0.002,1,0.002,0,0,0,0,0,0
Region 56,Region 5,0,0,0,0,0,0,0,0,0,0,0,0,5,0.01,2,0.003,3,0.004,1,0.001,2,0.003,4,0.007,3,0.005,3,0.005,1,0.002,3,0.004,3,0.004,2,0.003,2,0.003,1,0.002,1,0.002,0,0,0,0,0,0
Region 56,Region 6,2,0.012,2,0.022,1,0.015,1,0.014,3,0.026,7,0.027,30,0.061,30,0.038,17,0.02,13,0.018,16,0.027,20,0.034,13,0.021,15,0.024,12,0.019,10,0.015,5,0.007,3,0.004,4,0.005,3,0.006,9,0.021,2,0.005,4,0.015,2,0.011
Region 56,Region 7,0,0,0,0,0,0,1,0.014,0,0,0,0,0,0,0,0,1,0.001,0,0,0,0,0,0,0,0,1,0.002,0,0,0,0,1,0.001,0,0,0,0,0,0,0,0,0,0,0,0,0,0
Region 56,Region 8,0,0,0,0,0,0,0,0,0,0,0,0,0,0,0,0,1,0.001,2,0.003,0,0,0,0,0,0,0,0,0,0,0,0,0,0,0,0,0,0,0,0,0,0,0,0,0,0,0,0
Region 56,Region 9,1,0.006,1,0.011,0,0,1,0.014,3,0.026,2,0.008,3,0.006,7,0.009,5,0.006,2,0.003,2,0.003,0,0,3,0.005,2,0.003,4,0.006,5,0.007,2,0.003,6,0.008,5,0.007,3,0.006,0,0,0,0,2,0.008,1,0.006
Region 56,Region 10,0,0,1,0.011,1,0.015,0,0,0,0,1,0.004,4,0.008,2,0.003,0,0,0,0,0,0,0,0,2,0.003,3,0.005,1,0.002,1,0.001,0,0,0,0,0,0,0,0,0,0,1,0.003,0,0,0,0
Region 56,Region 11,0,0,0,0,0,0,0,0,0,0,0,0,1,0.002,0,0,2,0.002,1,0.001,1,0.002,2,0.003,1,0.002,0,0,2,0.003,0,0,0,0,1,0.001,1,0.001,1,0.002,0,0,0,0,0,0,0,0
Region 56,Region 12,0,0,0,0,0,0,0,0,0,0,0,0,0,0,1,0.001,0,0,0,0,4,0.007,1,0.002,0,0,1,0.002,0,0,0,0,2,0.003,0,0,0,0,0,0,0,0,0,0,0,0,0,0
Region 56,Region 13,1,0.006,1,0.011,0,0,0,0,0,0,2,0.008,5,0.01,21,0.027,13,0.015,8,0.011,5,0.009,3,0.005,5,0.008,2,0.003,3,0.005,2,0.003,3,0.004,1,0.001,1,0.001,2,0.004,1,0.002,2,0.005,0,0,1,0.006
Region 56,Region 14,0,0,0,0,0,0,0,0,0,0,0,0,0,0,0,0,0,0,0,0,0,0,0,0,0,0,0,0,0,0,0,0,0,0,0,0,0,0,0,0,0,0,0,0,0,0,0,0
Region 56,Region 15,6,0.036,4,0.044,3,0.045,1,0.014,12,0.102,11,0.043,27,0.055,59,0.075,43,0.05,29,0.041,30,0.051,33,0.057,26,0.042,27,0.044,29,0.047,38,0.055,41,0.059,41,0.053,26,0.035,23,0.042,13,0.03,19,0.052,12,0.046,6,0.033
Region 56,Region 16,1,0.006,1,0.011,0,0,0,0,0,0,0,0,0,0,4,0.005,5,0.006,6,0.008,6,0.01,3,0.005,6,0.01,6,0.01,7,0.011,9,0.013,10,0.014,6,0.008,11,0.015,7,0.013,8,0.018,2,0.005,1,0.004,0,0
Region 56,Region 17,0,0,0,0,0,0,0,0,0,0,0,0,1,0.002,0,0,0,0,0,0,0,0,0,0,0,0,0,0,0,0,0,0,0,0,0,0,0,0,0,0,0,0,0,0,0,0,0,0
Region 56,Region 18,0,0,0,0,0,0,0,0,0,0,0,0,0,0,0,0,0,0,0,0,0,0,0,0,0,0,0,0,0,0,0,0,0,0,0,0,0,0,1,0.002,0,0,0,0,0,0,1,0.006
Region 56,Region 19,0,0,0,0,0,0,1,0.014,2,0.017,1,0.004,0,0,4,0.005,2,0.002,3,0.004,3,0.005,4,0.007,8,0.013,3,0.005,4,0.006,1,0.001,6,0.009,6,0.008,4,0.005,3,0.006,4,0.009,2,0.005,0,0,0,0
Region 56,Region 20,0,0,0,0,1,0.015,0,0,0,0,2,0.008,2,0.004,0,0,0,0,1,0.001,2,0.003,2,0.003,0,0,2,0.003,1,0.002,0,0,0,0,0,0,4,0.005,1,0.002,0,0,0,0,0,0,0,0
Region 56,Region 21,0,0,0,0,0,0,0,0,0,0,0,0,1,0.002,1,0.001,0,0,0,0,0,0,0,0,0,0,0,0,2,0.003,0,0,0,0,0,0,1,0.001,0,0,0,0,0,0,0,0,0,0
Region 56,Region 22,0,0,0,0,0,0,0,0,0,0,0,0,0,0,0,0,0,0,0,0,0,0,0,0,0,0,0,0,0,0,0,0,0,0,0,0,0,0,0,0,0,0,0,0,0,0,0,0
Region 56,Region 23,0,0,1,0.011,0,0,0,0,0,0,1,0.004,3,0.006,6,0.008,3,0.004,1,0.001,0,0,4,0.007,3,0.005,0,0,0,0,2,0.003,1,0.001,0,0,0,0,0,0,1,0.002,0,0,0,0,1,0.006
Region 56,Region 24,0,0,0,0,0,0,0,0,0,0,0,0,2,0.004,2,0.003,2,0.002,0,0,0,0,0,0,1,0.002,1,0.002,2,0.003,0,0,0,0,1,0.001,0,0,1,0.002,0,0,0,0,0,0,0,0
Region 56,Region 25,0,0,0,0,0,0,0,0,0,0,0,0,2,0.004,1,0.001,0,0,1,0.001,0,0,1,0.002,0,0,1,0.002,0,0,0,0,0,0,0,0,0,0,0,0,0,0,0,0,0,0,0,0
Region 56,Region 26,0,0,0,0,0,0,0,0,0,0,0,0,1,0.002,2,0.003,0,0,0,0,0,0,1,0.002,0,0,0,0,0,0,0,0,0,0,0,0,0,0,0,0,0,0,0,0,0,0,0,0
Region 56,Region 27,0,0,0,0,0,0,0,0,0,0,0,0,0,0,1,0.001,0,0,0,0,0,0,0,0,0,0,0,0,0,0,0,0,0,0,0,0,0,0,1,0.002,0,0,0,0,0,0,0,0
Region 56,Region 28,1,0.006,0,0,0,0,0,0,0,0,0,0,3,0.006,5,0.006,3,0.004,0,0,0,0,0,0,1,0.002,0,0,0,0,0,0,0,0,1,0.001,1,0.001,0,0,0,0,0,0,1,0.004,1,0.006
Region 56,Region 29,0,0,0,0,0,0,0,0,0,0,0,0,1,0.002,4,0.005,7,0.008,1,0.001,0,0,1,0.002,2,0.003,1,0.002,2,0.003,3,0.004,0,0,1,0.001,1,0.001,0,0,0,0,1,0.003,1,0.004,0,0
Region 56,Region 30,0,0,0,0,0,0,0,0,0,0,1,0.004,1,0.002,0,0,1,0.001,1,0.001,1,0.002,1,0.002,0,0,0,0,0,0,0,0,0,0,0,0,1,0.001,0,0,0,0,1,0.003,0,0,0,0
Region 56,Region 31,0,0,0,0,0,0,0,0,0,0,3,0.012,0,0,2,0.003,2,0.002,1,0.001,0,0,0,0,2,0.003,0,0,1,0.002,0,0,0,0,0,0,2,0.003,0,0,0,0,0,0,0,0,0,0
Region 56,Region 32,1,0.006,1,0.011,1,0.015,0,0,0,0,1,0.004,0,0,4,0.005,3,0.004,4,0.006,2,0.003,1,0.002,3,0.005,5,0.008,2,0.003,4,0.006,5,0.007,5,0.006,2,0.003,4,0.007,3,0.007,3,0.008,2,0.008,0,0
Region 56,Region 33,0,0,0,0,0,0,0,0,0,0,0,0,4,0.008,5,0.006,2,0.002,0,0,2,0.003,0,0,1,0.002,0,0,1,0.002,0,0,0,0,0,0,0,0,0,0,0,0,0,0,0,0,0,0
Region 56,Region 34,0,0,0,0,0,0,0,0,0,0,2,0.008,4,0.008,18,0.023,6,0.007,2,0.003,3,0.005,2,0.003,2,0.003,6,0.01,2,0.003,1,0.001,1,0.001,0,0,2,0.003,1,0.002,3,0.007,2,0.005,3,0.011,0,0
Region 56,Region 35,0,0,0,0,2,0.03,0,0,0,0,0,0,0,0,0,0,0,0,0,0,1,0.002,2,0.003,1,0.002,0,0,0,0,0,0,0,0,0,0,1,0.001,0,0,0,0,0,0,0,0,0,0
Region 56,Region 36,0,0,0,0,0,0,0,0,1,0.009,0,0,0,0,0,0,0,0,1,0.001,0,0,0,0,1,0.002,0,0,0,0,1,0.001,0,0,0,0,0,0,0,0,0,0,0,0,0,0,0,0
Region 56,Region 37,0,0,0,0,0,0,0,0,0,0,0,0,0,0,1,0.001,2,0.002,1,0.001,1,0.002,0,0,0,0,0,0,0,0,1,0.001,0,0,2,0.003,1,0.001,0,0,0,0,0,0,1,0.004,0,0
Region 56,Region 38,0,0,0,0,0,0,0,0,0,0,0,0,3,0.006,6,0.008,2,0.002,1,0.001,1,0.002,0,0,2,0.003,0,0,1,0.002,0,0,1,0.001,1,0.001,0,0,1,0.002,0,0,0,0,0,0,0,0
Region 56,Region 39,0,0,0,0,0,0,0,0,0,0,0,0,2,0.004,3,0.004,2,0.002,1,0.001,1,0.002,0,0,0,0,0,0,1,0.002,2,0.003,3,0.004,0,0,2,0.003,3,0.006,2,0.005,0,0,0,0,0,0
Region 56,Region 40,0,0,1,0.011,1,0.015,0,0,1,0.009,3,0.012,1,0.002,1,0.001,0,0,0,0,1,0.002,0,0,2,0.003,0,0,1,0.002,3,0.004,0,0,1,0.001,0,0,1,0.002,4,0.009,1,0.003,1,0.004,1,0.006
Region 56,Region 41,0,0,1,0.011,0,0,0,0,0,0,0,0,7,0.014,16,0.02,14,0.016,10,0.014,3,0.005,4,0.007,5,0.008,3,0.005,8,0.013,10,0.015,7,0.01,7,0.009,4,0.005,3,0.006,4,0.009,2,0.005,0,0,0,0
Region 56,Region 42,0,0,0,0,0,0,0,0,0,0,0,0,0,0,0,0,0,0,0,0,0,0,0,0,0,0,0,0,0,0,0,0,0,0,0,0,0,0,0,0,0,0,0,0,0,0,0,0
Region 56,Region 43,0,0,0,0,0,0,1,0.014,0,0,0,0,2,0.004,1,0.001,0,0,1,0.001,2,0.003,1,0.002,0,0,1,0.002,1,0.002,0,0,0,0,0,0,0,0,0,0,0,0,0,0,0,0,0,0
Region 56,Region 44,0,0,0,0,0,0,0,0,0,0,1,0.004,3,0.006,2,0.003,0,0,0,0,2,0.003,1,0.002,1,0.002,0,0,0,0,1,0.001,0,0,0,0,0,0,0,0,0,0,0,0,0,0,1,0.006
Region 56,Region 45,0,0,0,0,0,0,0,0,0,0,1,0.004,1,0.002,0,0,0,0,0,0,1,0.002,2,0.003,2,0.003,1,0.002,1,0.002,0,0,0,0,0,0,1,0.001,0,0,0,0,1,0.003,0,0,0,0
Region 56,Region 46,0,0,0,0,1,0.015,2,0.029,0,0,0,0,4,0.008,9,0.011,13,0.015,3,0.004,3,0.005,0,0,3,0.005,1,0.002,3,0.005,2,0.003,5,0.007,2,0.003,3,0.004,2,0.004,0,0,1,0.003,1,0.004,1,0.006
Region 56,Region 47,2,0.012,0,0,0,0,1,0.014,2,0.017,5,0.019,12,0.025,24,0.03,13,0.015,9,0.013,7,0.012,7,0.012,5,0.008,3,0.005,5,0.008,4,0.006,10,0.014,5,0.006,6,0.008,4,0.007,1,0.002,1,0.003,3,0.011,2,0.011
Region 56,Region 48,0,0,0,0,0,0,1,0.014,0,0,0,0,0,0,1,0.001,0,0,0,0,0,0,1,0.002,1,0.002,1,0.002,0,0,0,0,0,0,0,0,1,0.001,1,0.002,0,0,0,0,0,0,0,0
Region 56,Region 49,0,0,1,0.011,0,0,0,0,0,0,0,0,0,0,0,0,1,0.001,1,0.001,0,0,0,0,0,0,1,0.002,0,0,1,0.001,0,0,2,0.003,1,0.001,0,0,0,0,0,0,0,0,0,0
Region 56,Region 50,0,0,0,0,0,0,0,0,0,0,0,0,0,0,0,0,0,0,0,0,0,0,0,0,0,0,2,0.003,1,0.002,0,0,0,0,0,0,0,0,0,0,0,0,0,0,0,0,0,0
Region 56,Region 51,0,0,0,0,0,0,1,0.014,1,0.009,0,0,3,0.006,5,0.006,3,0.004,3,0.004,4,0.007,0,0,1,0.002,1,0.002,0,0,0,0,0,0,0,0,0,0,1,0.002,1,0.002,0,0,0,0,0,0
Region 56,Region 52,0,0,0,0,0,0,0,0,0,0,0,0,1,0.002,0,0,0,0,0,0,0,0,0,0,0,0,0,0,0,0,0,0,0,0,0,0,0,0,0,0,0,0,0,0,0,0,0,0
Region 56,Region 53,4,0.024,5,0.055,1,0.015,1,0.014,0,0,6,0.023,10,0.02,13,0.016,23,0.027,22,0.031,15,0.026,14,0.024,11,0.018,16,0.026,15,0.024,28,0.041,20,0.029,27,0.035,17,0.023,10,0.018,13,0.03,11,0.03,9,0.034,2,0.011
Region 56,Region 54,0,0,0,0,0,0,0,0,0,0,1,0.004,1,0.002,1,0.001,1,0.001,1,0.001,2,0.003,1,0.002,0,0,0,0,1,0.002,0,0,0,0,0,0,0,0,0,0,0,0,0,0,0,0,0,0
Region 56,Region 55,1,0.006,0,0,0,0,2,0.029,6,0.051,2,0.008,6,0.012,14,0.018,16,0.019,11,0.016,1,0.002,2,0.003,1,0.002,6,0.01,1,0.002,1,0.001,5,0.007,2,0.003,0,0,0,0,1,0.002,1,0.003,0,0,0,0
Region 56,Region 56,9,0.054,10,0.11,6,0.09,4,0.057,7,0.06,12,0.047,32,0.065,57,0.072,60,0.07,35,0.05,26,0.045,38,0.065,42,0.068,51,0.083,41,0.066,64,0.093,78,0.112,75,0.096,58,0.079,53,0.098,35,0.081,33,0.09,24,0.091,15,0.083
Region 56,Region 57,0,0,0,0,0,0,0,0,0,0,0,0,0,0,0,0,0,0,0,0,0,0,0,0,0,0,0,0,0,0,0,0,0,0,0,0,0,0,0,0,0,0,0,0,0,0,0,0
Region 56,Region 58,0,0,0,0,0,0,0,0,0,0,0,0,0,0,2,0.003,2,0.002,1,0.001,1,0.002,0,0,0,0,1,0.002,1,0.002,2,0.003,0,0,0,0,1,0.001,2,0.004,0,0,0,0,0,0,0,0
Region 56,Region 59,0,0,0,0,0,0,0,0,0,0,0,0,0,0,0,0,0,0,0,0,0,0,0,0,0,0,0,0,0,0,0,0,0,0,0,0,0,0,0,0,0,0,0,0,0,0,0,0
Region 56,Region 60,0,0,0,0,0,0,0,0,0,0,0,0,2,0.004,1,0.001,0,0,0,0,0,0,0,0,0,0,0,0,0,0,0,0,0,0,0,0,0,0,0,0,0,0,0,0,0,0,0,0
Region 56,Region 61,0,0,0,0,0,0,0,0,0,0,0,0,2,0.004,3,0.004,0,0,1,0.001,0,0,1,0.002,2,0.003,1,0.002,2,0.003,1,0.001,1,0.001,0,0,0,0,2,0.004,0,0,0,0,0,0,0,0
Region 56,Region 62,2,0.012,2,0.022,1,0.015,1,0.014,2,0.017,2,0.008,17,0.035,33,0.042,24,0.028,8,0.011,14,0.024,14,0.024,10,0.016,7,0.011,12,0.019,8,0.012,17,0.024,8,0.01,15,0.02,8,0.015,3,0.007,7,0.019,8,0.03,5,0.028
Region 56,Region 63,0,0,0,0,0,0,0,0,0,0,0,0,0,0,2,0.003,1,0.001,0,0,0,0,0,0,0,0,1,0.002,0,0,0,0,0,0,0,0,0,0,0,0,0,0,0,0,0,0,0,0
Region 56,Region 64,0,0,1,0.011,0,0,0,0,0,0,0,0,0,0,0,0,2,0.002,3,0.004,0,0,1,0.002,0,0,0,0,0,0,0,0,0,0,0,0,1,0.001,0,0,0,0,0,0,0,0,0,0
Region 56,Region 65,0,0,0,0,0,0,0,0,0,0,0,0,1,0.002,3,0.004,2,0.002,2,0.003,1,0.002,0,0,0,0,0,0,0,0,0,0,0,0,0,0,1,0.001,1,0.002,0,0,1,0.003,0,0,1,0.006
Region 56,Region 66,1,0.006,0,0,1,0.015,0,0,0,0,0,0,0,0,0,0,1,0.001,0,0,0,0,1,0.002,1,0.002,0,0,0,0,0,0,0,0,0,0,0,0,0,0,0,0,0,0,0,0,0,0
Region 56,Region 67,0,0,0,0,0,0,0,0,0,0,1,0.004,1,0.002,0,0,0,0,0,0,0,0,2,0.003,1,0.002,0,0,1,0.002,2,0.003,0,0,1,0.001,0,0,0,0,1,0.002,0,0,0,0,0,0
Region 56,Region 68,0,0,0,0,0,0,0,0,0,0,0,0,1,0.002,1,0.001,0,0,0,0,1,0.002,0,0,0,0,0,0,0,0,0,0,0,0,0,0,0,0,0,0,0,0,0,0,0,0,0,0
Region 56,Region 69,0,0,0,0,0,0,0,0,0,0,1,0.004,1,0.002,2,0.003,1,0.001,0,0,0,0,1,0.002,2,0.003,1,0.002,2,0.003,0,0,0,0,0,0,0,0,0,0,0,0,1,0.003,0,0,0,0
Region 56,Region 70,0,0,0,0,0,0,0,0,0,0,0,0,0,0,0,0,0,0,0,0,0,0,0,0,1,0.002,0,0,0,0,0,0,0,0,0,0,0,0,0,0,0,0,0,0,0,0,0,0
Region 56,Region 71,0,0,0,0,0,0,0,0,0,0,0,0,0,0,1,0.001,0,0,0,0,0,0,0,0,0,0,0,0,0,0,0,0,0,0,0,0,0,0,0,0,0,0,0,0,0,0,1,0.006
Region 56,Region 72,0,0,1,0.011,1,0.015,3,0.043,2,0.017,2,0.008,21,0.043,14,0.018,5,0.006,4,0.006,4,0.007,7,0.012,4,0.007,3,0.005,4,0.006,0,0,1,0.001,2,0.003,3,0.004,3,0.006,1,0.002,0,0,2,0.008,1,0.006
Region 57,Region 0,0,0,0,0,0,0,0,0,0,0,0,0,0,0,0,0,0,0,0,0,0,0,0,0,0,0,0,0,0,0,0,0,0,0,0,0,0,0,0,0,0,0,0,0,0,0,0,0
Region 57,Region 1,1,0.006,0,0,0,0,0,0,0,0,7,0.027,13,0.027,39,0.049,38,0.044,31,0.044,14,0.024,8,0.014,10,0.016,10,0.016,8,0.013,6,0.009,6,0.009,15,0.019,12,0.016,11,0.02,1,0.002,5,0.014,3,0.011,0,0
Region 57,Region 2,0,0,0,0,0,0,0,0,0,0,0,0,0,0,2,0.003,1,0.001,0,0,0,0,1,0.002,1,0.002,5,0.008,1,0.002,2,0.003,3,0.004,0,0,1,0.001,0,0,0,0,0,0,0,0,0,0
Region 57,Region 3,0,0,0,0,0,0,0,0,0,0,0,0,2,0.004,2,0.003,0,0,0,0,0,0,0,0,0,0,0,0,0,0,0,0,1,0.001,1,0.001,1,0.001,0,0,0,0,0,0,0,0,0,0
Region 57,Region 4,0,0,0,0,0,0,0,0,1,0.009,1,0.004,0,0,2,0.003,3,0.004,0,0,0,0,0,0,1,0.002,0,0,0,0,1,0.001,1,0.001,3,0.004,2,0.003,0,0,0,0,0,0,0,0,0,0
Region 57,Region 5,0,0,0,0,0,0,0,0,0,0,0,0,0,0,0,0,0,0,0,0,0,0,0,0,0,0,0,0,0,0,0,0,0,0,0,0,0,0,0,0,0,0,0,0,0,0,0,0
Region 57,Region 6,0,0,0,0,0,0,0,0,0,0,0,0,1,0.002,2,0.003,2,0.002,3,0.004,1,0.002,0,0,1,0.002,4,0.007,4,0.006,3,0.004,9,0.013,3,0.004,4,0.005,2,0.004,2,0.005,0,0,1,0.004,0,0
Region 57,Region 7,0,0,0,0,0,0,0,0,0,0,0,0,0,0,0,0,0,0,0,0,0,0,0,0,0,0,0,0,0,0,0,0,0,0,0,0,0,0,0,0,1,0.002,0,0,0,0,0,0
Region 57,Region 8,0,0,0,0,0,0,0,0,0,0,0,0,0,0,1,0.001,1,0.001,0,0,0,0,0,0,0,0,0,0,0,0,0,0,0,0,0,0,1,0.001,0,0,0,0,0,0,0,0,0,0
Region 57,Region 9,0,0,0,0,0,0,0,0,0,0,0,0,0,0,0,0,0,0,1,0.001,0,0,0,0,0,0,0,0,0,0,1,0.001,0,0,0,0,0,0,0,0,0,0,0,0,0,0,0,0
Region 57,Region 10,0,0,1,0.011,0,0,1,0.014,5,0.043,14,0.054,33,0.067,37,0.047,34,0.04,29,0.041,18,0.031,7,0.012,14,0.023,9,0.015,3,0.005,2,0.003,6,0.009,8,0.01,9,0.012,4,0.007,4,0.009,1,0.003,1,0.004,1,0.006
Region 57,Region 11,0,0,0,0,0,0,0,0,0,0,0,0,0,0,0,0,0,0,0,0,0,0,0,0,0,0,0,0,0,0,0,0,0,0,0,0,0,0,0,0,0,0,0,0,0,0,0,0
Region 57,Region 12,0,0,0,0,0,0,0,0,0,0,0,0,2,0.004,1,0.001,0,0,0,0,0,0,0,0,0,0,1,0.002,0,0,0,0,0,0,0,0,0,0,0,0,0,0,0,0,0,0,0,0
Region 57,Region 13,0,0,0,0,0,0,0,0,1,0.009,1,0.004,1,0.002,18,0.023,17,0.02,12,0.017,6,0.01,2,0.003,1,0.002,0,0,0,0,0,0,2,0.003,3,0.004,1,0.001,1,0.002,1,0.002,0,0,0,0,0,0
Region 57,Region 14,0,0,0,0,0,0,0,0,0,0,2,0.008,2,0.004,12,0.015,25,0.029,5,0.007,3,0.005,1,0.002,3,0.005,0,0,2,0.003,4,0.006,3,0.004,2,0.003,3,0.004,6,0.011,2,0.005,0,0,0,0,0,0
Region 57,Region 15,0,0,0,0,0,0,0,0,0,0,0,0,1,0.002,4,0.005,3,0.004,2,0.003,1,0.002,0,0,0,0,0,0,0,0,0,0,0,0,0,0,0,0,0,0,0,0,1,0.003,0,0,1,0.006
Region 57,Region 16,0,0,0,0,0,0,0,0,0,0,0,0,0,0,0,0,0,0,0,0,0,0,0,0,0,0,0,0,0,0,0,0,0,0,0,0,0,0,0,0,0,0,0,0,0,0,0,0
Region 57,Region 17,0,0,0,0,0,0,0,0,0,0,0,0,0,0,1,0.001,0,0,0,0,0,0,0,0,0,0,0,0,0,0,0,0,0,0,0,0,0,0,0,0,0,0,0,0,0,0,0,0
Region 57,Region 18,1,0.006,0,0,0,0,0,0,0,0,0,0,0,0,0,0,0,0,0,0,0,0,0,0,0,0,0,0,0,0,0,0,0,0,0,0,0,0,0,0,0,0,0,0,0,0,0,0
Region 57,Region 19,0,0,0,0,0,0,0,0,0,0,0,0,0,0,0,0,1,0.001,0,0,0,0,0,0,0,0,0,0,0,0,0,0,0,0,0,0,0,0,1,0.002,0,0,0,0,0,0,0,0
Region 57,Region 20,0,0,0,0,0,0,0,0,3,0.026,3,0.012,2,0.004,15,0.019,13,0.015,5,0.007,2,0.003,2,0.003,2,0.003,0,0,2,0.003,0,0,0,0,1,0.001,0,0,1,0.002,1,0.002,0,0,0,0,0,0
Region 57,Region 21,0,0,0,0,0,0,0,0,0,0,0,0,0,0,0,0,0,0,0,0,0,0,0,0,0,0,0,0,0,0,0,0,0,0,0,0,0,0,0,0,0,0,0,0,0,0,0,0
Region 57,Region 22,0,0,0,0,0,0,0,0,0,0,0,0,2,0.004,0,0,0,0,0,0,0,0,0,0,0,0,0,0,1,0.002,0,0,1,0.001,0,0,1,0.001,1,0.002,0,0,1,0.003,0,0,0,0
Region 57,Region 23,0,0,0,0,1,0.015,0,0,0,0,0,0,0,0,0,0,1,0.001,0,0,0,0,0,0,0,0,0,0,0,0,0,0,0,0,0,0,0,0,0,0,0,0,0,0,0,0,0,0
Region 57,Region 24,0,0,0,0,0,0,0,0,0,0,0,0,1,0.002,1,0.001,0,0,0,0,0,0,0,0,0,0,0,0,0,0,0,0,0,0,0,0,0,0,0,0,0,0,0,0,0,0,0,0
Region 57,Region 25,0,0,0,0,0,0,1,0.014,1,0.009,0,0,3,0.006,12,0.015,23,0.027,15,0.021,2,0.003,4,0.007,8,0.013,2,0.003,1,0.002,0,0,0,0,3,0.004,3,0.004,0,0,1,0.002,2,0.005,2,0.008,1,0.006
Region 57,Region 26,0,0,1,0.011,1,0.015,0,0,0,0,0,0,7,0.014,11,0.014,15,0.018,11,0.016,8,0.014,1,0.002,4,0.007,4,0.007,2,0.003,3,0.004,6,0.009,6,0.008,9,0.012,5,0.009,0,0,1,0.003,1,0.004,0,0
Region 57,Region 27,0,0,0,0,0,0,0,0,0,0,0,0,1,0.002,1,0.001,1,0.001,1,0.001,0,0,0,0,0,0,0,0,0,0,1,0.001,2,0.003,1,0.001,1,0.001,0,0,0,0,0,0,0,0,0,0
Region 57,Region 28,0,0,0,0,0,0,0,0,0,0,1,0.004,0,0,0,0,0,0,0,0,1,0.002,1,0.002,0,0,1,0.002,0,0,0,0,0,0,1,0.001,1,0.001,0,0,0,0,0,0,0,0,1,0.006
Region 57,Region 29,1,0.006,0,0,0,0,0,0,0,0,0,0,0,0,2,0.003,1,0.001,2,0.003,0,0,0,0,0,0,0,0,1,0.002,0,0,0,0,1,0.001,4,0.005,1,0.002,0,0,1,0.003,0,0,0,0
Region 57,Region 30,0,0,0,0,0,0,1,0.014,1,0.009,0,0,5,0.01,15,0.019,19,0.022,7,0.01,7,0.012,5,0.009,1,0.002,1,0.002,2,0.003,2,0.003,2,0.003,1,0.001,3,0.004,1,0.002,1,0.002,0,0,1,0.004,0,0
Region 57,Region 31,0,0,0,0,0,0,0,0,0,0,0,0,1,0.002,5,0.006,1,0.001,0,0,0,0,0,0,3,0.005,1,0.002,0,0,0,0,0,0,2,0.003,3,0.004,2,0.004,1,0.002,1,0.003,0,0,0,0
Region 57,Region 32,0,0,0,0,0,0,0,0,0,0,0,0,0,0,0,0,0,0,0,0,0,0,0,0,0,0,0,0,0,0,0,0,0,0,0,0,0,0,0,0,0,0,0,0,0,0,0,0
Region 57,Region 33,0,0,0,0,0,0,0,0,0,0,4,0.016,5,0.01,16,0.02,15,0.018,6,0.008,7,0.012,6,0.01,3,0.005,10,0.016,4,0.006,4,0.006,3,0.004,6,0.008,4,0.005,3,0.006,2,0.005,0,0,1,0.004,3,0.017
Region 57,Region 34,0,0,0,0,1,0.015,1,0.014,0,0,3,0.012,15,0.031,32,0.041,21,0.025,12,0.017,7,0.012,4,0.007,4,0.007,6,0.01,5,0.008,3,0.004,4,0.006,4,0.005,1,0.001,1,0.002,1,0.002,1,0.003,1,0.004,1,0.006
Region 57,Region 35,0,0,0,0,0,0,0,0,1,0.009,1,0.004,1,0.002,5,0.006,10,0.012,11,0.016,2,0.003,0,0,1,0.002,2,0.003,1,0.002,0,0,2,0.003,3,0.004,3,0.004,0,0,0,0,1,0.003,2,0.008,0,0
Region 57,Region 36,14,0.084,6,0.066,2,0.03,5,0.071,11,0.094,43,0.167,59,0.12,57,0.072,79,0.092,62,0.088,40,0.069,42,0.072,39,0.063,43,0.07,42,0.067,57,0.083,58,0.083,48,0.062,45,0.061,55,0.101,43,0.099,12,0.033,7,0.027,6,0.033
Region 57,Region 37,0,0,0,0,0,0,0,0,0,0,0,0,0,0,0,0,0,0,0,0,0,0,1,0.002,1,0.002,1,0.002,0,0,0,0,1,0.001,0,0,0,0,0,0,0,0,0,0,0,0,0,0
Region 57,Region 38,0,0,0,0,0,0,0,0,0,0,0,0,0,0,0,0,0,0,0,0,1,0.002,0,0,1,0.002,0,0,0,0,1,0.001,0,0,0,0,2,0.003,0,0,0,0,0,0,0,0,0,0
Region 57,Region 39,0,0,0,0,0,0,0,0,0,0,0,0,0,0,0,0,0,0,0,0,0,0,0,0,0,0,0,0,1,0.002,0,0,0,0,1,0.001,0,0,0,0,0,0,0,0,0,0,0,0
Region 57,Region 40,0,0,0,0,0,0,0,0,0,0,0,0,0,0,1,0.001,1,0.001,2,0.003,0,0,1,0.002,2,0.003,0,0,0,0,0,0,0,0,1,0.001,0,0,0,0,0,0,0,0,0,0,2,0.011
Region 57,Region 41,0,0,0,0,0,0,0,0,0,0,1,0.004,2,0.004,0,0,0,0,0,0,0,0,0,0,1,0.002,0,0,1,0.002,2,0.003,2,0.003,0,0,1,0.001,1,0.002,0,0,0,0,0,0,0,0
Region 57,Region 42,0,0,0,0,0,0,0,0,0,0,0,0,0,0,1,0.001,3,0.004,0,0,1,0.002,1,0.002,0,0,1,0.002,0,0,0,0,0,0,0,0,0,0,1,0.002,0,0,1,0.003,0,0,0,0
Region 57,Region 43,0,0,0,0,0,0,0,0,0,0,0,0,0,0,0,0,0,0,0,0,1,0.002,0,0,0,0,0,0,0,0,0,0,0,0,1,0.001,0,0,0,0,0,0,0,0,0,0,0,0
Region 57,Region 44,0,0,0,0,0,0,0,0,0,0,0,0,0,0,0,0,0,0,0,0,0,0,1,0.002,1,0.002,0,0,0,0,0,0,0,0,0,0,0,0,0,0,0,0,0,0,1,0.004,1,0.006
Region 57,Region 45,0,0,0,0,0,0,0,0,0,0,0,0,2,0.004,0,0,0,0,3,0.004,2,0.003,1,0.002,1,0.002,1,0.002,0,0,0,0,0,0,0,0,1,0.001,1,0.002,1,0.002,0,0,0,0,0,0
Region 57,Region 46,0,0,0,0,0,0,0,0,0,0,1,0.004,1,0.002,3,0.004,1,0.001,0,0,2,0.003,1,0.002,0,0,0,0,0,0,0,0,2,0.003,1,0.001,0,0,0,0,0,0,0,0,0,0,0,0
Region 57,Region 47,0,0,0,0,0,0,0,0,0,0,0,0,0,0,0,0,0,0,0,0,0,0,0,0,0,0,0,0,0,0,1,0.001,1,0.001,0,0,0,0,0,0,0,0,0,0,0,0,0,0
Region 57,Region 48,0,0,0,0,0,0,0,0,0,0,0,0,0,0,0,0,0,0,0,0,0,0,0,0,1,0.002,0,0,0,0,0,0,0,0,0,0,0,0,0,0,0,0,0,0,0,0,0,0
Region 57,Region 49,0,0,0,0,0,0,0,0,0,0,0,0,0,0,0,0,0,0,0,0,0,0,0,0,0,0,0,0,2,0.003,0,0,0,0,0,0,0,0,0,0,0,0,0,0,0,0,0,0
Region 57,Region 50,2,0.012,3,0.033,1,0.015,1,0.014,3,0.026,17,0.066,45,0.092,88,0.112,82,0.096,44,0.062,44,0.075,31,0.053,30,0.049,33,0.054,42,0.067,35,0.051,30,0.043,41,0.053,39,0.053,38,0.07,25,0.058,14,0.038,19,0.072,17,0.094
Region 57,Region 51,0,0,0,0,0,0,0,0,0,0,0,0,1,0.002,5,0.006,1,0.001,0,0,0,0,1,0.002,0,0,0,0,0,0,0,0,0,0,0,0,1,0.001,0,0,0,0,0,0,0,0,0,0
Region 57,Region 52,0,0,0,0,0,0,0,0,0,0,0,0,0,0,2,0.003,1,0.001,2,0.003,0,0,0,0,0,0,0,0,0,0,0,0,0,0,1,0.001,0,0,0,0,0,0,0,0,0,0,0,0
Region 57,Region 53,0,0,0,0,0,0,0,0,0,0,0,0,0,0,0,0,0,0,0,0,0,0,0,0,0,0,0,0,0,0,0,0,0,0,0,0,0,0,0,0,0,0,0,0,0,0,0,0
Region 57,Region 54,3,0.018,2,0.022,1,0.015,0,0,3,0.026,16,0.062,26,0.053,40,0.051,59,0.069,37,0.052,28,0.048,24,0.041,22,0.036,15,0.024,15,0.024,14,0.02,14,0.02,25,0.032,21,0.029,8,0.015,12,0.028,5,0.014,2,0.008,3,0.017
Region 57,Region 55,0,0,0,0,0,0,0,0,0,0,0,0,0,0,0,0,0,0,0,0,0,0,0,0,1,0.002,0,0,0,0,0,0,1,0.001,0,0,0,0,0,0,0,0,0,0,0,0,0,0
Region 57,Region 56,0,0,0,0,0,0,0,0,0,0,0,0,0,0,0,0,0,0,0,0,0,0,0,0,0,0,0,0,0,0,0,0,0,0,0,0,0,0,0,0,0,0,0,0,0,0,0,0
Region 57,Region 57,2,0.012,2,0.022,0,0,0,0,4,0.034,18,0.07,43,0.088,53,0.067,57,0.067,44,0.062,32,0.055,34,0.058,36,0.059,33,0.054,33,0.053,48,0.07,48,0.069,58,0.075,54,0.073,27,0.05,19,0.044,10,0.027,9,0.034,10,0.055
Region 57,Region 58,1,0.006,0,0,0,0,0,0,0,0,1,0.004,1,0.002,1,0.001,1,0.001,1,0.001,1,0.002,0,0,1,0.002,2,0.003,0,0,2,0.003,4,0.006,5,0.006,2,0.003,0,0,0,0,0,0,1,0.004,1,0.006
Region 57,Region 59,1,0.006,1,0.011,1,0.015,0,0,6,0.051,16,0.062,53,0.108,33,0.042,38,0.044,23,0.033,16,0.027,11,0.019,8,0.013,13,0.021,12,0.019,12,0.017,12,0.017,18,0.023,13,0.018,7,0.013,7,0.016,5,0.014,5,0.019,2,0.011
Region 57,Region 60,0,0,0,0,0,0,0,0,1,0.009,5,0.019,7,0.014,10,0.013,11,0.013,7,0.01,6,0.01,2,0.003,2,0.003,4,0.007,2,0.003,3,0.004,0,0,3,0.004,2,0.003,3,0.006,0,0,0,0,0,0,1,0.006
Region 57,Region 61,0,0,0,0,0,0,0,0,0,0,1,0.004,0,0,0,0,0,0,0,0,1,0.002,1,0.002,1,0.002,0,0,0,0,0,0,0,0,0,0,0,0,0,0,0,0,1,0.003,0,0,0,0
Region 57,Region 62,0,0,0,0,0,0,0,0,0,0,0,0,0,0,0,0,0,0,0,0,0,0,0,0,0,0,0,0,0,0,0,0,0,0,0,0,0,0,0,0,0,0,0,0,0,0,0,0
Region 57,Region 63,0,0,0,0,0,0,0,0,0,0,0,0,0,0,0,0,0,0,0,0,0,0,0,0,0,0,0,0,0,0,0,0,0,0,0,0,0,0,0,0,0,0,0,0,0,0,0,0
Region 57,Region 64,0,0,0,0,0,0,0,0,0,0,0,0,0,0,0,0,0,0,2,0.003,0,0,0,0,0,0,0,0,0,0,0,0,0,0,0,0,0,0,0,0,0,0,0,0,0,0,0,0
Region 57,Region 65,0,0,0,0,0,0,0,0,3,0.026,2,0.008,12,0.025,28,0.036,29,0.034,12,0.017,9,0.015,6,0.01,3,0.005,2,0.003,7,0.011,5,0.007,1,0.001,5,0.006,5,0.007,1,0.002,0,0,2,0.005,1,0.004,0,0
Region 57,Region 66,3,0.018,0,0,2,0.03,2,0.029,7,0.06,13,0.05,21,0.043,34,0.043,34,0.04,29,0.041,13,0.022,9,0.015,12,0.02,7,0.011,8,0.013,8,0.012,5,0.007,25,0.032,18,0.024,12,0.022,6,0.014,3,0.008,8,0.03,2,0.011
Region 57,Region 67,0,0,0,0,0,0,0,0,0,0,0,0,0,0,0,0,0,0,0,0,0,0,0,0,0,0,0,0,0,0,0,0,0,0,0,0,0,0,0,0,0,0,0,0,0,0,0,0
Region 57,Region 68,0,0,0,0,0,0,0,0,0,0,0,0,0,0,2,0.003,1,0.001,2,0.003,1,0.002,3,0.005,1,0.002,2,0.003,2,0.003,2,0.003,3,0.004,2,0.003,2,0.003,0,0,2,0.005,0,0,0,0,0,0
Region 57,Region 69,0,0,0,0,0,0,0,0,0,0,3,0.012,2,0.004,3,0.004,3,0.004,1,0.001,0,0,3,0.005,1,0.002,1,0.002,0,0,0,0,0,0,1,0.001,0,0,0,0,0,0,0,0,0,0,0,0
Region 57,Region 70,0,0,0,0,0,0,0,0,0,0,0,0,1,0.002,3,0.004,0,0,1,0.001,0,0,0,0,0,0,0,0,2,0.003,1,0.001,1,0.001,3,0.004,2,0.003,1,0.002,4,0.009,1,0.003,0,0,0,0
Region 57,Region 71,0,0,0,0,0,0,0,0,1,0.009,2,0.008,6,0.012,21,0.027,16,0.019,9,0.013,8,0.014,6,0.01,5,0.008,6,0.01,9,0.014,5,0.007,10,0.014,6,0.008,6,0.008,14,0.026,5,0.012,1,0.003,1,0.004,0,0
Region 57,Region 72,2,0.012,2,0.022,0,0,1,0.014,1,0.009,7,0.027,28,0.057,51,0.065,30,0.035,15,0.021,13,0.022,10,0.017,8,0.013,4,0.007,6,0.01,6,0.009,9,0.013,9,0.012,6,0.008,6,0.011,7,0.016,7,0.019,3,0.011,1,0.006
Region 58,Region 0,0,0,0,0,0,0,0,0,0,0,0,0,2,0.004,4,0.005,4,0.005,3,0.004,3,0.005,2,0.003,2,0.003,1,0.002,2,0.003,3,0.004,1,0.001,4,0.005,4,0.005,1,0.002,3,0.007,1,0.003,1,0.004,0,0
Region 58,Region 1,5,0.03,4,0.044,3,0.045,4,0.057,22,0.187,40,0.155,36,0.074,46,0.058,50,0.058,24,0.034,18,0.031,15,0.026,12,0.02,16,0.026,11,0.018,14,0.02,10,0.014,14,0.018,17,0.023,15,0.028,11,0.025,14,0.038,9,0.034,7,0.039
Region 58,Region 2,1,0.006,0,0,1,0.015,1,0.014,1,0.009,2,0.008,18,0.037,22,0.028,8,0.009,7,0.01,2,0.003,6,0.01,7,0.011,8,0.013,6,0.01,8,0.012,5,0.007,4,0.005,9,0.012,3,0.006,3,0.007,3,0.008,7,0.027,3,0.017
Region 58,Region 3,0,0,0,0,0,0,0,0,0,0,1,0.004,3,0.006,2,0.003,2,0.002,3,0.004,1,0.002,4,0.007,1,0.002,1,0.002,1,0.002,3,0.004,2,0.003,6,0.008,4,0.005,2,0.004,3,0.007,2,0.005,0,0,0,0
Region 58,Region 4,6,0.036,5,0.055,8,0.12,7,0.1,14,0.119,38,0.147,29,0.059,12,0.015,9,0.011,15,0.021,10,0.017,12,0.021,8,0.013,11,0.018,14,0.022,17,0.025,6,0.009,11,0.014,7,0.01,4,0.007,9,0.021,9,0.025,9,0.034,6,0.033
Region 58,Region 5,0,0,1,0.011,3,0.045,0,0,0,0,2,0.008,3,0.006,2,0.003,5,0.006,4,0.006,3,0.005,5,0.009,2,0.003,1,0.002,0,0,3,0.004,2,0.003,7,0.009,2,0.003,4,0.007,1,0.002,0,0,1,0.004,0,0
Region 58,Region 6,146,0.877,107,1.176,104,1.556,141,2.01,242,2.061,482,1.869,570,1.164,483,0.613,362,0.423,389,0.55,385,0.66,499,0.856,485,0.789,486,0.791,516,0.829,467,0.681,416,0.599,417,0.536,435,0.592,360,0.663,302,0.695,256,0.701,194,0.737,143,0.791
Region 58,Region 7,11,0.066,3,0.033,6,0.09,10,0.143,14,0.119,15,0.058,26,0.053,54,0.069,47,0.055,39,0.055,30,0.051,20,0.034,30,0.049,29,0.047,24,0.039,43,0.063,39,0.056,45,0.058,33,0.045,16,0.029,20,0.046,15,0.041,10,0.038,13,0.072
Region 58,Region 8,0,0,0,0,0,0,0,0,0,0,2,0.008,2,0.004,1,0.001,0,0,0,0,0,0,0,0,1,0.002,0,0,0,0,0,0,0,0,1,0.001,2,0.003,0,0,0,0,0,0,0,0,0,0
Region 58,Region 9,32,0.192,23,0.253,28,0.419,28,0.399,31,0.264,42,0.163,41,0.084,60,0.076,65,0.076,44,0.062,32,0.055,28,0.048,40,0.065,31,0.05,31,0.05,40,0.058,38,0.055,48,0.062,36,0.049,30,0.055,37,0.085,36,0.099,36,0.137,26,0.144
Region 58,Region 10,2,0.012,2,0.022,2,0.03,3,0.043,14,0.119,39,0.151,39,0.08,18,0.023,11,0.013,24,0.034,20,0.034,15,0.026,18,0.029,16,0.026,10,0.016,10,0.015,8,0.012,8,0.01,11,0.015,9,0.017,5,0.012,2,0.005,7,0.027,1,0.006
Region 58,Region 11,0,0,0,0,0,0,0,0,0,0,1,0.004,1,0.002,0,0,0,0,0,0,1,0.002,2,0.003,1,0.002,2,0.003,2,0.003,0,0,2,0.003,1,0.001,1,0.001,3,0.006,3,0.007,0,0,0,0,2,0.011
Region 58,Region 12,1,0.006,1,0.011,0,0,0,0,4,0.034,6,0.023,6,0.012,5,0.006,6,0.007,5,0.007,3,0.005,3,0.005,1,0.002,1,0.002,1,0.002,2,0.003,1,0.001,0,0,3,0.004,2,0.004,2,0.005,0,0,0,0,0,0
Region 58,Region 13,20,0.12,6,0.066,9,0.135,14,0.2,32,0.273,100,0.388,198,0.404,277,0.351,258,0.301,162,0.229,117,0.201,84,0.144,67,0.109,78,0.127,74,0.119,70,0.102,71,0.102,62,0.08,66,0.09,32,0.059,37,0.085,34,0.093,20,0.076,19,0.105
Region 58,Region 14,0,0,0,0,0,0,0,0,0,0,1,0.004,3,0.006,6,0.008,3,0.004,2,0.003,2,0.003,3,0.005,1,0.002,1,0.002,1,0.002,4,0.006,5,0.007,1,0.001,1,0.001,1,0.002,0,0,0,0,0,0,0,0
Region 58,Region 15,123,0.739,84,0.923,81,1.212,107,1.525,192,1.635,263,1.02,290,0.592,432,0.548,441,0.515,363,0.514,263,0.451,246,0.422,292,0.475,285,0.464,295,0.474,318,0.464,333,0.479,330,0.424,291,0.396,205,0.377,209,0.481,156,0.427,127,0.482,108,0.597
Region 58,Region 16,2,0.012,0,0,0,0,0,0,0,0,0,0,0,0,1,0.001,2,0.002,1,0.001,0,0,1,0.002,0,0,1,0.002,2,0.003,0,0,0,0,4,0.005,1,0.001,0,0,0,0,2,0.005,1,0.004,3,0.017
Region 58,Region 17,1,0.006,1,0.011,0,0,1,0.014,4,0.034,7,0.027,19,0.039,28,0.036,29,0.034,17,0.024,10,0.017,13,0.022,12,0.02,10,0.016,7,0.011,14,0.02,11,0.016,8,0.01,10,0.014,4,0.007,1,0.002,1,0.003,2,0.008,3,0.017
Region 58,Region 18,3,0.018,2,0.022,1,0.015,0,0,1,0.009,3,0.012,3,0.006,1,0.001,1,0.001,0,0,2,0.003,1,0.002,1,0.002,3,0.005,1,0.002,1,0.001,1,0.001,0,0,2,0.003,4,0.007,0,0,3,0.008,1,0.004,0,0
Region 58,Region 19,0,0,1,0.011,1,0.015,1,0.014,2,0.017,3,0.012,9,0.018,6,0.008,9,0.011,9,0.013,7,0.012,7,0.012,4,0.007,4,0.007,7,0.011,6,0.009,5,0.007,5,0.006,11,0.015,6,0.011,2,0.005,4,0.011,3,0.011,0,0
Region 58,Region 20,3,0.018,2,0.022,0,0,1,0.014,9,0.077,20,0.078,26,0.053,33,0.042,29,0.034,22,0.031,16,0.027,14,0.024,8,0.013,6,0.01,8,0.013,8,0.012,7,0.01,9,0.012,12,0.016,12,0.022,1,0.002,1,0.003,2,0.008,1,0.006
Region 58,Region 21,0,0,0,0,0,0,1,0.014,0,0,0,0,3,0.006,1,0.001,0,0,0,0,2,0.003,1,0.002,0,0,1,0.002,2,0.003,2,0.003,4,0.006,6,0.008,4,0.005,0,0,1,0.002,1,0.003,0,0,0,0
Region 58,Region 22,1,0.006,1,0.011,0,0,0,0,0,0,0,0,1,0.002,2,0.003,0,0,0,0,0,0,2,0.003,0,0,2,0.003,1,0.002,1,0.001,5,0.007,2,0.003,2,0.003,1,0.002,3,0.007,4,0.011,2,0.008,2,0.011
Region 58,Region 23,2,0.012,0,0,1,0.015,1,0.014,3,0.026,7,0.027,16,0.033,22,0.028,21,0.025,17,0.024,16,0.027,12,0.021,12,0.02,12,0.02,17,0.027,11,0.016,9,0.013,9,0.012,11,0.015,4,0.007,8,0.018,5,0.014,5,0.019,2,0.011
Region 58,Region 24,7,0.042,2,0.022,1,0.015,3,0.043,5,0.043,15,0.058,31,0.063,34,0.043,35,0.041,22,0.031,20,0.034,25,0.043,14,0.023,20,0.033,13,0.021,21,0.031,26,0.037,23,0.03,21,0.029,10,0.018,13,0.03,7,0.019,5,0.019,4,0.022
Region 58,Region 25,1,0.006,0,0,0,0,0,0,2,0.017,11,0.043,13,0.027,22,0.028,12,0.014,11,0.016,12,0.021,9,0.015,9,0.015,10,0.016,6,0.01,5,0.007,6,0.009,3,0.004,2,0.003,2,0.004,4,0.009,5,0.014,3,0.011,0,0
Region 58,Region 26,2,0.012,0,0,0,0,0,0,0,0,4,0.016,3,0.006,6,0.008,0,0,0,0,1,0.002,0,0,0,0,0,0,0,0,1,0.001,2,0.003,0,0,0,0,0,0,1,0.002,3,0.008,2,0.008,1,0.006
Region 58,Region 27,2,0.012,0,0,0,0,0,0,0,0,1,0.004,5,0.01,6,0.008,7,0.008,7,0.01,2,0.003,2,0.003,3,0.005,2,0.003,3,0.005,6,0.009,3,0.004,4,0.005,5,0.007,1,0.002,2,0.005,1,0.003,0,0,2,0.011
Region 58,Region 28,3,0.018,0,0,3,0.045,0,0,4,0.034,19,0.074,35,0.071,45,0.057,44,0.051,28,0.04,19,0.033,19,0.033,10,0.016,8,0.013,5,0.008,9,0.013,8,0.012,10,0.013,7,0.01,7,0.013,6,0.014,3,0.008,2,0.008,2,0.011
Region 58,Region 29,8,0.048,3,0.033,2,0.03,8,0.114,14,0.119,35,0.136,65,0.133,67,0.085,99,0.116,61,0.086,66,0.113,52,0.089,46,0.075,46,0.075,42,0.067,46,0.067,57,0.082,64,0.082,41,0.056,27,0.05,23,0.053,16,0.044,13,0.049,11,0.061
Region 58,Region 30,1,0.006,1,0.011,0,0,3,0.043,6,0.051,16,0.062,25,0.051,37,0.047,29,0.034,12,0.017,12,0.021,6,0.01,6,0.01,6,0.01,13,0.021,8,0.012,4,0.006,14,0.018,12,0.016,8,0.015,5,0.012,3,0.008,2,0.008,1,0.006
Region 58,Region 31,2,0.012,1,0.011,0,0,3,0.043,9,0.077,21,0.081,31,0.063,24,0.03,31,0.036,33,0.047,19,0.033,26,0.045,18,0.029,10,0.016,7,0.011,9,0.013,10,0.014,16,0.021,18,0.024,13,0.024,6,0.014,7,0.019,6,0.023,1,0.006
Region 58,Region 32,0,0,0,0,0,0,0,0,1,0.009,0,0,0,0,0,0,0,0,0,0,0,0,2,0.003,2,0.003,0,0,0,0,2,0.003,0,0,0,0,1,0.001,2,0.004,1,0.002,0,0,0,0,2,0.011
Region 58,Region 33,4,0.024,2,0.022,0,0,1,0.014,2,0.017,21,0.081,77,0.157,53,0.067,27,0.032,12,0.017,16,0.027,14,0.024,11,0.018,3,0.005,3,0.005,2,0.003,1,0.001,5,0.006,8,0.011,10,0.018,3,0.007,3,0.008,1,0.004,5,0.028
Region 58,Region 34,5,0.03,3,0.033,4,0.06,12,0.171,42,0.358,100,0.388,151,0.308,134,0.17,111,0.13,78,0.11,43,0.074,31,0.053,46,0.075,46,0.075,44,0.071,27,0.039,21,0.03,41,0.053,42,0.057,41,0.075,20,0.046,30,0.082,14,0.053,10,0.055
Region 58,Region 35,1,0.006,2,0.022,1,0.015,0,0,3,0.026,11,0.043,14,0.029,8,0.01,9,0.011,9,0.013,8,0.014,10,0.017,8,0.013,6,0.01,3,0.005,2,0.003,2,0.003,6,0.008,6,0.008,3,0.006,4,0.009,5,0.014,2,0.008,3,0.017
Region 58,Region 36,7,0.042,3,0.033,2,0.03,0,0,5,0.043,18,0.07,30,0.061,13,0.016,14,0.016,14,0.02,7,0.012,8,0.014,6,0.01,7,0.011,12,0.019,10,0.015,7,0.01,9,0.012,6,0.008,3,0.006,5,0.012,5,0.014,3,0.011,2,0.011
Region 58,Region 37,1,0.006,0,0,0,0,1,0.014,3,0.026,4,0.016,11,0.022,13,0.016,18,0.021,14,0.02,18,0.031,13,0.022,12,0.02,9,0.015,9,0.014,13,0.019,15,0.022,16,0.021,15,0.02,7,0.013,7,0.016,5,0.014,4,0.015,2,0.011
Region 58,Region 38,1,0.006,0,0,0,0,0,0,2,0.017,6,0.023,10,0.02,9,0.011,8,0.009,10,0.014,9,0.015,4,0.007,3,0.005,4,0.007,5,0.008,4,0.006,8,0.012,9,0.012,11,0.015,9,0.017,2,0.005,2,0.005,1,0.004,4,0.022
Region 58,Region 39,15,0.09,6,0.066,7,0.105,10,0.143,12,0.102,12,0.047,28,0.057,51,0.065,56,0.065,51,0.072,51,0.087,46,0.079,36,0.059,35,0.057,40,0.064,42,0.061,50,0.072,41,0.053,54,0.073,28,0.052,20,0.046,27,0.074,17,0.065,13,0.072
Region 58,Region 40,72,0.432,39,0.429,34,0.509,55,0.784,96,0.818,208,0.807,268,0.547,252,0.32,240,0.28,197,0.279,194,0.333,229,0.393,219,0.356,245,0.399,280,0.45,308,0.449,289,0.416,296,0.381,237,0.322,163,0.3,141,0.325,115,0.315,84,0.319,75,0.415
Region 58,Region 41,47,0.282,31,0.341,34,0.509,49,0.699,107,0.911,174,0.675,149,0.304,84,0.107,109,0.127,134,0.19,137,0.235,144,0.247,163,0.265,147,0.239,138,0.222,127,0.185,101,0.145,110,0.141,138,0.188,98,0.18,70,0.161,31,0.085,42,0.159,36,0.199
Region 58,Region 42,1,0.006,0,0,0,0,0,0,0,0,2,0.008,4,0.008,2,0.003,1,0.001,1,0.001,3,0.005,1,0.002,4,0.007,3,0.005,2,0.003,3,0.004,0,0,0,0,1,0.001,1,0.002,0,0,0,0,0,0,0,0
Region 58,Region 43,1,0.006,1,0.011,4,0.06,3,0.043,3,0.026,9,0.035,23,0.047,22,0.028,25,0.029,21,0.03,14,0.024,14,0.024,14,0.023,14,0.023,19,0.031,18,0.026,20,0.029,26,0.033,16,0.022,8,0.015,13,0.03,10,0.027,9,0.034,8,0.044
Region 58,Region 44,15,0.09,11,0.121,4,0.06,7,0.1,14,0.119,21,0.081,36,0.074,40,0.051,50,0.058,26,0.037,12,0.021,16,0.027,14,0.023,13,0.021,19,0.031,23,0.034,18,0.026,14,0.018,11,0.015,3,0.006,5,0.012,6,0.016,11,0.042,11,0.061
Region 58,Region 45,6,0.036,1,0.011,1,0.015,2,0.029,1,0.009,15,0.058,25,0.051,20,0.025,12,0.014,18,0.025,18,0.031,12,0.021,16,0.026,22,0.036,17,0.027,9,0.013,16,0.023,14,0.018,15,0.02,14,0.026,11,0.025,9,0.025,5,0.019,4,0.022
Region 58,Region 46,2,0.012,2,0.022,6,0.09,12,0.171,16,0.136,38,0.147,35,0.071,21,0.027,23,0.027,20,0.028,23,0.039,24,0.041,25,0.041,20,0.033,15,0.024,20,0.029,17,0.024,16,0.021,19,0.026,19,0.035,19,0.044,12,0.033,7,0.027,6,0.033
Region 58,Region 47,1,0.006,0,0,1,0.015,2,0.029,4,0.034,16,0.062,14,0.029,13,0.016,9,0.011,10,0.014,11,0.019,4,0.007,2,0.003,8,0.013,11,0.018,12,0.017,8,0.012,9,0.012,12,0.016,10,0.018,4,0.009,3,0.008,2,0.008,0,0
Region 58,Region 48,8,0.048,8,0.088,5,0.075,7,0.1,5,0.043,13,0.05,37,0.076,53,0.067,40,0.047,21,0.03,21,0.036,19,0.033,28,0.046,21,0.034,23,0.037,24,0.035,28,0.04,38,0.049,31,0.042,18,0.033,11,0.025,13,0.036,6,0.023,5,0.028
Region 58,Region 49,3,0.018,0,0,0,0,0,0,1,0.009,5,0.019,11,0.022,19,0.024,10,0.012,8,0.011,8,0.014,6,0.01,4,0.007,3,0.005,4,0.006,7,0.01,8,0.012,9,0.012,4,0.005,4,0.007,5,0.012,4,0.011,3,0.011,3,0.017
Region 58,Region 50,2,0.012,1,0.011,1,0.015,0,0,2,0.017,6,0.023,8,0.016,6,0.008,6,0.007,6,0.008,5,0.009,5,0.009,8,0.013,3,0.005,5,0.008,6,0.009,9,0.013,4,0.005,2,0.003,3,0.006,7,0.016,7,0.019,2,0.008,2,0.011
Region 58,Region 51,3,0.018,1,0.011,2,0.03,0,0,2,0.017,6,0.023,48,0.098,45,0.057,30,0.035,39,0.055,25,0.043,2,0.003,4,0.007,4,0.007,3,0.005,2,0.003,0,0,1,0.001,3,0.004,2,0.004,4,0.009,5,0.014,6,0.023,2,0.011
Region 58,Region 52,0,0,0,0,0,0,0,0,0,0,1,0.004,2,0.004,6,0.008,4,0.005,2,0.003,3,0.005,3,0.005,0,0,1,0.002,1,0.002,3,0.004,1,0.001,2,0.003,1,0.001,2,0.004,0,0,2,0.005,0,0,0,0
Region 58,Region 53,3,0.018,0,0,0,0,1,0.014,1,0.009,1,0.004,1,0.002,1,0.001,3,0.004,9,0.013,16,0.027,4,0.007,2,0.003,1,0.002,6,0.01,3,0.004,0,0,5,0.006,4,0.005,2,0.004,2,0.005,3,0.008,0,0,2,0.011
Region 58,Region 54,0,0,1,0.011,3,0.045,2,0.029,1,0.009,5,0.019,14,0.029,16,0.02,12,0.014,14,0.02,13,0.022,9,0.015,11,0.018,11,0.018,11,0.018,6,0.009,8,0.012,13,0.017,15,0.02,11,0.02,5,0.012,2,0.005,2,0.008,0,0
Region 58,Region 55,3,0.018,3,0.033,3,0.045,4,0.057,2,0.017,5,0.019,7,0.014,14,0.018,13,0.015,7,0.01,5,0.009,6,0.01,6,0.01,7,0.011,2,0.003,4,0.006,5,0.007,4,0.005,4,0.005,4,0.007,1,0.002,2,0.005,2,0.008,1,0.006
Region 58,Region 56,0,0,1,0.011,0,0,3,0.043,0,0,0,0,1,0.002,0,0,1,0.001,0,0,0,0,0,0,2,0.003,3,0.005,2,0.003,3,0.004,1,0.001,2,0.003,5,0.007,2,0.004,0,0,0,0,0,0,1,0.006
Region 58,Region 57,0,0,0,0,1,0.015,1,0.014,0,0,2,0.008,1,0.002,2,0.003,1,0.001,2,0.003,5,0.009,1,0.002,0,0,1,0.002,0,0,0,0,0,0,1,0.001,1,0.001,0,0,0,0,0,0,0,0,0,0
Region 58,Region 58,117,0.702,60,0.659,60,0.898,108,1.54,135,1.15,236,0.915,410,0.837,498,0.632,489,0.571,386,0.546,328,0.562,308,0.528,379,0.617,385,0.627,397,0.638,538,0.784,608,0.875,525,0.675,429,0.584,253,0.466,206,0.474,216,0.591,191,0.725,120,0.663
Region 58,Region 59,1,0.006,3,0.033,2,0.03,4,0.057,9,0.077,14,0.054,10,0.02,13,0.016,10,0.012,9,0.013,11,0.019,10,0.017,7,0.011,8,0.013,3,0.005,7,0.01,4,0.006,7,0.009,3,0.004,5,0.009,3,0.007,1,0.003,4,0.015,2,0.011
Region 58,Region 60,0,0,0,0,0,0,1,0.014,1,0.009,6,0.023,7,0.014,9,0.011,4,0.005,5,0.007,3,0.005,3,0.005,4,0.007,3,0.005,1,0.002,1,0.001,2,0.003,2,0.003,5,0.007,4,0.007,4,0.009,1,0.003,1,0.004,0,0
Region 58,Region 61,10,0.06,4,0.044,3,0.045,4,0.057,11,0.094,28,0.109,32,0.065,54,0.069,39,0.046,25,0.035,25,0.043,42,0.072,28,0.046,36,0.059,36,0.058,45,0.066,34,0.049,46,0.059,31,0.042,23,0.042,28,0.064,23,0.063,18,0.068,11,0.061
Region 58,Region 62,2,0.012,4,0.044,0,0,1,0.014,1,0.009,13,0.05,15,0.031,22,0.028,23,0.027,12,0.017,14,0.024,18,0.031,11,0.018,11,0.018,15,0.024,11,0.016,8,0.012,22,0.028,18,0.024,5,0.009,7,0.016,10,0.027,8,0.03,7,0.039
Region 58,Region 63,0,0,0,0,0,0,1,0.014,3,0.026,13,0.05,18,0.037,8,0.01,4,0.005,4,0.006,2,0.003,5,0.009,4,0.007,2,0.003,2,0.003,3,0.004,4,0.006,5,0.006,6,0.008,3,0.006,3,0.007,2,0.005,2,0.008,0,0
Region 58,Region 64,18,0.108,10,0.11,6,0.09,6,0.086,13,0.111,26,0.101,50,0.102,77,0.098,58,0.068,42,0.059,49,0.084,64,0.11,78,0.127,65,0.106,85,0.137,95,0.139,81,0.117,93,0.12,82,0.112,54,0.099,43,0.099,35,0.096,31,0.118,17,0.094
Region 58,Region 65,4,0.024,2,0.022,1,0.015,0,0,6,0.051,27,0.105,31,0.063,49,0.062,47,0.055,28,0.04,20,0.034,14,0.024,16,0.026,19,0.031,14,0.022,9,0.013,10,0.014,12,0.015,17,0.023,11,0.02,6,0.014,3,0.008,3,0.011,1,0.006
Region 58,Region 66,2,0.012,1,0.011,0,0,2,0.029,9,0.077,28,0.109,27,0.055,24,0.03,16,0.019,10,0.014,1,0.002,8,0.014,6,0.01,6,0.01,6,0.01,6,0.009,11,0.016,12,0.015,8,0.011,3,0.006,5,0.012,8,0.022,3,0.011,1,0.006
Region 58,Region 67,1,0.006,2,0.022,2,0.03,0,0,0,0,2,0.008,3,0.006,6,0.008,5,0.006,3,0.004,7,0.012,1,0.002,1,0.002,5,0.008,3,0.005,5,0.007,2,0.003,10,0.013,6,0.008,10,0.018,9,0.021,2,0.005,1,0.004,1,0.006
Region 58,Region 68,0,0,0,0,0,0,0,0,0,0,2,0.008,6,0.012,5,0.006,4,0.005,3,0.004,1,0.002,1,0.002,1,0.002,1,0.002,1,0.002,1,0.001,0,0,0,0,0,0,0,0,1,0.002,0,0,0,0,0,0
Region 58,Region 69,1,0.006,3,0.033,1,0.015,2,0.029,7,0.06,16,0.062,15,0.031,14,0.018,15,0.018,10,0.014,4,0.007,4,0.007,4,0.007,3,0.005,3,0.005,4,0.006,4,0.006,6,0.008,2,0.003,2,0.004,3,0.007,1,0.003,1,0.004,0,0
Region 58,Region 70,0,0,0,0,0,0,0,0,0,0,0,0,0,0,2,0.003,1,0.001,0,0,0,0,0,0,0,0,1,0.002,1,0.002,0,0,0,0,0,0,1,0.001,1,0.002,0,0,1,0.003,0,0,0,0
Region 58,Region 71,1,0.006,0,0,0,0,0,0,1,0.009,5,0.019,18,0.037,13,0.016,4,0.005,6,0.008,11,0.019,7,0.012,6,0.01,4,0.007,3,0.005,5,0.007,1,0.001,2,0.003,1,0.001,0,0,0,0,0,0,2,0.008,0,0
Region 58,Region 72,55,0.33,45,0.495,38,0.569,51,0.727,113,0.962,238,0.923,277,0.566,205,0.26,178,0.208,155,0.219,166,0.285,152,0.261,150,0.244,128,0.208,123,0.198,114,0.166,78,0.112,131,0.168,136,0.185,136,0.25,139,0.32,90,0.246,56,0.213,53,0.293
Region 59,Region 0,0,0,0,0,0,0,0,0,0,0,0,0,0,0,0,0,0,0,0,0,0,0,0,0,0,0,0,0,0,0,0,0,0,0,0,0,0,0,0,0,0,0,0,0,0,0,0,0
Region 59,Region 1,1,0.006,1,0.011,0,0,1,0.014,0,0,2,0.008,4,0.008,8,0.01,15,0.018,9,0.013,8,0.014,8,0.014,6,0.01,8,0.013,3,0.005,2,0.003,6,0.009,7,0.009,11,0.015,8,0.015,5,0.012,5,0.014,3,0.011,1,0.006
Region 59,Region 2,0,0,0,0,0,0,0,0,0,0,1,0.004,0,0,1,0.001,1,0.001,2,0.003,0,0,0,0,3,0.005,1,0.002,2,0.003,2,0.003,1,0.001,1,0.001,0,0,1,0.002,1,0.002,1,0.003,0,0,0,0
Region 59,Region 3,0,0,0,0,0,0,0,0,1,0.009,0,0,0,0,0,0,0,0,0,0,0,0,0,0,0,0,0,0,0,0,0,0,0,0,1,0.001,0,0,0,0,0,0,0,0,0,0,0,0
Region 59,Region 4,0,0,0,0,0,0,0,0,0,0,0,0,0,0,0,0,0,0,1,0.001,0,0,0,0,0,0,0,0,0,0,0,0,0,0,1,0.001,0,0,1,0.002,1,0.002,0,0,0,0,0,0
Region 59,Region 5,0,0,0,0,0,0,0,0,0,0,0,0,0,0,0,0,0,0,0,0,1,0.002,0,0,0,0,0,0,0,0,0,0,0,0,0,0,0,0,0,0,0,0,0,0,0,0,1,0.006
Region 59,Region 6,0,0,2,0.022,2,0.03,1,0.014,1,0.009,3,0.012,3,0.006,8,0.01,5,0.006,7,0.01,10,0.017,12,0.021,8,0.013,11,0.018,8,0.013,8,0.012,19,0.027,23,0.03,11,0.015,9,0.017,4,0.009,7,0.019,3,0.011,1,0.006
Region 59,Region 7,0,0,0,0,0,0,0,0,0,0,0,0,0,0,1,0.001,0,0,0,0,0,0,0,0,0,0,2,0.003,2,0.003,0,0,0,0,0,0,1,0.001,0,0,0,0,0,0,0,0,1,0.006
Region 59,Region 8,0,0,0,0,0,0,0,0,0,0,1,0.004,0,0,1,0.001,1,0.001,0,0,0,0,0,0,0,0,0,0,0,0,0,0,1,0.001,0,0,1,0.001,0,0,0,0,0,0,0,0,0,0
Region 59,Region 9,1,0.006,0,0,2,0.03,0,0,0,0,0,0,0,0,1,0.001,0,0,0,0,0,0,1,0.002,1,0.002,0,0,0,0,0,0,0,0,0,0,1,0.001,0,0,0,0,0,0,0,0,0,0
Region 59,Region 10,0,0,0,0,0,0,0,0,0,0,0,0,0,0,3,0.004,3,0.004,4,0.006,1,0.002,2,0.003,3,0.005,1,0.002,2,0.003,1,0.001,4,0.006,1,0.001,4,0.005,1,0.002,1,0.002,1,0.003,1,0.004,0,0
Region 59,Region 11,0,0,0,0,0,0,0,0,0,0,0,0,0,0,0,0,0,0,0,0,0,0,0,0,0,0,0,0,0,0,0,0,0,0,0,0,0,0,0,0,0,0,1,0.003,0,0,0,0
Region 59,Region 12,0,0,0,0,0,0,0,0,0,0,0,0,0,0,0,0,0,0,0,0,0,0,0,0,0,0,0,0,0,0,0,0,0,0,0,0,0,0,0,0,0,0,0,0,0,0,0,0
Region 59,Region 13,0,0,0,0,0,0,0,0,0,0,0,0,3,0.006,2,0.003,6,0.007,3,0.004,1,0.002,0,0,3,0.005,1,0.002,1,0.002,1,0.001,1,0.001,2,0.003,2,0.003,1,0.002,1,0.002,1,0.003,1,0.004,0,0
Region 59,Region 14,0,0,0,0,0,0,0,0,0,0,0,0,0,0,2,0.003,1,0.001,0,0,0,0,0,0,0,0,0,0,0,0,1,0.001,0,0,0,0,0,0,0,0,0,0,0,0,0,0,0,0
Region 59,Region 15,4,0.024,2,0.022,1,0.015,2,0.029,3,0.026,5,0.019,6,0.012,11,0.014,3,0.004,8,0.011,1,0.002,4,0.007,6,0.01,1,0.002,3,0.005,4,0.006,1,0.001,3,0.004,5,0.007,2,0.004,6,0.014,6,0.016,4,0.015,1,0.006
Region 59,Region 16,0,0,0,0,0,0,0,0,0,0,0,0,0,0,0,0,0,0,0,0,0,0,1,0.002,0,0,0,0,0,0,0,0,0,0,1,0.001,0,0,0,0,0,0,0,0,0,0,0,0
Region 59,Region 17,0,0,0,0,0,0,0,0,0,0,0,0,0,0,0,0,2,0.002,0,0,0,0,1,0.002,0,0,2,0.003,0,0,0,0,0,0,1,0.001,1,0.001,1,0.002,0,0,0,0,0,0,0,0
Region 59,Region 18,0,0,0,0,0,0,0,0,0,0,0,0,0,0,0,0,0,0,0,0,0,0,0,0,0,0,0,0,0,0,0,0,0,0,0,0,0,0,0,0,0,0,0,0,0,0,0,0
Region 59,Region 19,0,0,0,0,0,0,0,0,0,0,0,0,0,0,0,0,0,0,0,0,0,0,0,0,0,0,1,0.002,0,0,0,0,0,0,0,0,0,0,0,0,0,0,0,0,0,0,0,0
Region 59,Region 20,0,0,0,0,0,0,0,0,0,0,1,0.004,1,0.002,2,0.003,4,0.005,0,0,1,0.002,0,0,1,0.002,0,0,0,0,1,0.001,0,0,0,0,0,0,0,0,0,0,0,0,0,0,0,0
Region 59,Region 21,0,0,0,0,0,0,0,0,0,0,0,0,0,0,0,0,0,0,0,0,0,0,0,0,0,0,0,0,0,0,0,0,1,0.001,1,0.001,1,0.001,1,0.002,0,0,0,0,0,0,0,0
Region 59,Region 22,0,0,1,0.011,2,0.03,0,0,0,0,1,0.004,0,0,1,0.001,4,0.005,2,0.003,3,0.005,2,0.003,0,0,1,0.002,1,0.002,1,0.001,1,0.001,2,0.003,5,0.007,3,0.006,2,0.005,1,0.003,1,0.004,0,0
Region 59,Region 23,0,0,0,0,0,0,0,0,0,0,0,0,0,0,0,0,0,0,0,0,0,0,0,0,1,0.002,1,0.002,0,0,1,0.001,1,0.001,0,0,0,0,0,0,0,0,0,0,0,0,0,0
Region 59,Region 24,0,0,0,0,0,0,0,0,0,0,0,0,2,0.004,1,0.001,1,0.001,2,0.003,0,0,0,0,0,0,2,0.003,0,0,0,0,0,0,0,0,1,0.001,3,0.006,0,0,0,0,1,0.004,0,0
Region 59,Region 25,0,0,0,0,0,0,0,0,0,0,1,0.004,2,0.004,1,0.001,1,0.001,3,0.004,1,0.002,0,0,0,0,0,0,2,0.003,2,0.003,0,0,2,0.003,0,0,0,0,0,0,1,0.003,1,0.004,0,0
Region 59,Region 26,0,0,0,0,0,0,0,0,0,0,0,0,0,0,0,0,1,0.001,0,0,0,0,1,0.002,0,0,0,0,0,0,0,0,2,0.003,1,0.001,3,0.004,0,0,0,0,0,0,0,0,0,0
Region 59,Region 27,0,0,0,0,0,0,0,0,0,0,0,0,2,0.004,2,0.003,5,0.006,1,0.001,3,0.005,1,0.002,4,0.007,3,0.005,7,0.011,5,0.007,5,0.007,7,0.009,4,0.005,1,0.002,3,0.007,1,0.003,1,0.004,1,0.006
Region 59,Region 28,0,0,0,0,1,0.015,0,0,0,0,0,0,0,0,1,0.001,0,0,0,0,0,0,0,0,0,0,0,0,0,0,0,0,1,0.001,0,0,1,0.001,0,0,0,0,0,0,0,0,0,0
Region 59,Region 29,1,0.006,1,0.011,0,0,0,0,0,0,0,0,0,0,1,0.001,2,0.002,4,0.006,0,0,2,0.003,1,0.002,2,0.003,1,0.002,2,0.003,3,0.004,3,0.004,3,0.004,1,0.002,2,0.005,0,0,0,0,0,0
Region 59,Region 30,0,0,0,0,0,0,0,0,0,0,0,0,1,0.002,2,0.003,3,0.004,4,0.006,6,0.01,1,0.002,2,0.003,0,0,2,0.003,1,0.001,2,0.003,1,0.001,2,0.003,1,0.002,1,0.002,1,0.003,0,0,0,0
Region 59,Region 31,0,0,0,0,0,0,0,0,0,0,2,0.008,0,0,2,0.003,5,0.006,1,0.001,0,0,0,0,0,0,1,0.002,3,0.005,1,0.001,1,0.001,2,0.003,1,0.001,4,0.007,2,0.005,0,0,2,0.008,0,0
Region 59,Region 32,0,0,0,0,0,0,0,0,0,0,0,0,0,0,0,0,0,0,0,0,0,0,0,0,0,0,0,0,0,0,0,0,0,0,0,0,0,0,0,0,0,0,0,0,0,0,0,0
Region 59,Region 33,0,0,1,0.011,1,0.015,0,0,0,0,3,0.012,3,0.006,5,0.006,18,0.021,10,0.014,11,0.019,10,0.017,2,0.003,3,0.005,7,0.011,3,0.004,6,0.009,2,0.003,4,0.005,1,0.002,3,0.007,1,0.003,2,0.008,0,0
Region 59,Region 34,0,0,0,0,1,0.015,0,0,3,0.026,1,0.004,4,0.008,8,0.01,5,0.006,7,0.01,4,0.007,1,0.002,3,0.005,3,0.005,1,0.002,1,0.001,4,0.006,6,0.008,1,0.001,2,0.004,3,0.007,1,0.003,0,0,0,0
Region 59,Region 35,0,0,0,0,0,0,0,0,0,0,0,0,0,0,0,0,0,0,0,0,0,0,2,0.003,0,0,1,0.002,0,0,1,0.001,0,0,0,0,0,0,0,0,0,0,0,0,0,0,0,0
Region 59,Region 36,0,0,4,0.044,1,0.015,0,0,2,0.017,4,0.016,0,0,6,0.008,5,0.006,10,0.014,5,0.009,6,0.01,10,0.016,12,0.02,9,0.014,7,0.01,16,0.023,14,0.018,13,0.018,7,0.013,4,0.009,2,0.005,2,0.008,1,0.006
Region 59,Region 37,0,0,0,0,0,0,0,0,0,0,0,0,0,0,0,0,0,0,0,0,0,0,0,0,0,0,0,0,0,0,1,0.001,0,0,1,0.001,1,0.001,0,0,0,0,0,0,0,0,1,0.006
Region 59,Region 38,0,0,0,0,0,0,0,0,1,0.009,0,0,0,0,2,0.003,0,0,0,0,0,0,0,0,0,0,2,0.003,0,0,1,0.001,0,0,0,0,0,0,0,0,2,0.005,1,0.003,0,0,2,0.011
Region 59,Region 39,0,0,0,0,0,0,0,0,0,0,0,0,0,0,0,0,1,0.001,1,0.001,0,0,1,0.002,0,0,0,0,0,0,0,0,0,0,0,0,1,0.001,0,0,0,0,0,0,0,0,1,0.006
Region 59,Region 40,0,0,0,0,2,0.03,3,0.043,1,0.009,1,0.004,2,0.004,5,0.006,4,0.005,0,0,3,0.005,2,0.003,4,0.007,6,0.01,3,0.005,6,0.009,2,0.003,6,0.008,5,0.007,4,0.007,1,0.002,0,0,1,0.004,0,0
Region 59,Region 41,0,0,1,0.011,2,0.03,2,0.029,2,0.017,1,0.004,2,0.004,1,0.001,3,0.004,3,0.004,3,0.005,2,0.003,1,0.002,1,0.002,3,0.005,4,0.006,4,0.006,3,0.004,3,0.004,3,0.006,3,0.007,0,0,3,0.011,1,0.006
Region 59,Region 42,0,0,0,0,0,0,0,0,0,0,0,0,0,0,0,0,0,0,0,0,0,0,0,0,0,0,1,0.002,0,0,1,0.001,0,0,0,0,0,0,1,0.002,1,0.002,0,0,0,0,0,0
Region 59,Region 43,0,0,0,0,0,0,0,0,0,0,0,0,0,0,0,0,1,0.001,1,0.001,0,0,0,0,0,0,0,0,0,0,1,0.001,1,0.001,1,0.001,0,0,0,0,0,0,1,0.003,1,0.004,0,0
Region 59,Region 44,0,0,0,0,0,0,0,0,1,0.009,1,0.004,0,0,1,0.001,2,0.002,0,0,0,0,0,0,0,0,0,0,0,0,1,0.001,0,0,1,0.001,2,0.003,0,0,0,0,0,0,0,0,0,0
Region 59,Region 45,1,0.006,0,0,0,0,1,0.014,0,0,0,0,1,0.002,1,0.001,0,0,0,0,0,0,2,0.003,0,0,0,0,0,0,1,0.001,0,0,2,0.003,2,0.003,0,0,0,0,0,0,0,0,1,0.006
Region 59,Region 46,1,0.006,1,0.011,1,0.015,2,0.029,1,0.009,0,0,1,0.002,2,0.003,3,0.004,3,0.004,0,0,2,0.003,0,0,6,0.01,2,0.003,3,0.004,1,0.001,1,0.001,1,0.001,0,0,1,0.002,0,0,0,0,0,0
Region 59,Region 47,0,0,0,0,2,0.03,0,0,1,0.009,0,0,0,0,1,0.001,1,0.001,0,0,0,0,1,0.002,1,0.002,0,0,1,0.002,0,0,1,0.001,0,0,1,0.001,0,0,0,0,0,0,1,0.004,0,0
Region 59,Region 48,0,0,0,0,0,0,0,0,1,0.009,0,0,0,0,0,0,0,0,0,0,1,0.002,2,0.003,0,0,1,0.002,3,0.005,1,0.001,0,0,0,0,2,0.003,1,0.002,1,0.002,0,0,0,0,0,0
Region 59,Region 49,2,0.012,0,0,1,0.015,0,0,0,0,0,0,0,0,0,0,1,0.001,2,0.003,1,0.002,0,0,0,0,1,0.002,0,0,0,0,1,0.001,1,0.001,2,0.003,1,0.002,0,0,0,0,0,0,0,0
Region 59,Region 50,2,0.012,2,0.022,0,0,1,0.014,0,0,2,0.008,1,0.002,8,0.01,5,0.006,9,0.013,6,0.01,14,0.024,12,0.02,10,0.016,8,0.013,13,0.019,9,0.013,13,0.017,7,0.01,4,0.007,9,0.021,1,0.003,3,0.011,1,0.006
Region 59,Region 51,2,0.012,0,0,0,0,0,0,0,0,3,0.012,2,0.004,8,0.01,2,0.002,2,0.003,4,0.007,2,0.003,0,0,4,0.007,1,0.002,1,0.001,0,0,0,0,0,0,2,0.004,2,0.005,0,0,0,0,2,0.011
Region 59,Region 52,0,0,0,0,0,0,0,0,0,0,0,0,0,0,1,0.001,1,0.001,0,0,0,0,1,0.002,0,0,1,0.002,0,0,0,0,0,0,1,0.001,1,0.001,0,0,0,0,0,0,0,0,0,0
Region 59,Region 53,0,0,0,0,0,0,0,0,0,0,0,0,1,0.002,0,0,1,0.001,0,0,0,0,0,0,0,0,0,0,0,0,0,0,0,0,0,0,0,0,0,0,0,0,0,0,0,0,0,0
Region 59,Region 54,3,0.018,2,0.022,2,0.03,1,0.014,1,0.009,0,0,0,0,8,0.01,12,0.014,9,0.013,10,0.017,16,0.027,25,0.041,19,0.031,18,0.029,14,0.02,16,0.023,18,0.023,8,0.011,6,0.011,5,0.012,7,0.019,4,0.015,3,0.017
Region 59,Region 55,0,0,0,0,0,0,0,0,0,0,0,0,1,0.002,0,0,0,0,1,0.001,1,0.002,0,0,1,0.002,1,0.002,0,0,0,0,0,0,0,0,2,0.003,0,0,0,0,1,0.003,0,0,0,0
Region 59,Region 56,0,0,0,0,0,0,0,0,0,0,0,0,0,0,0,0,0,0,0,0,0,0,0,0,0,0,0,0,0,0,0,0,0,0,0,0,0,0,0,0,0,0,1,0.003,0,0,0,0
Region 59,Region 57,2,0.012,1,0.011,1,0.015,4,0.057,4,0.034,3,0.012,8,0.016,9,0.011,9,0.011,3,0.004,13,0.022,15,0.026,11,0.018,21,0.034,20,0.032,49,0.071,17,0.024,15,0.019,16,0.022,9,0.017,12,0.028,6,0.016,5,0.019,3,0.017
Region 59,Region 58,3,0.018,3,0.033,1,0.015,3,0.043,2,0.017,2,0.008,3,0.006,4,0.005,5,0.006,5,0.007,7,0.012,5,0.009,4,0.007,8,0.013,7,0.011,5,0.007,11,0.016,5,0.006,3,0.004,7,0.013,4,0.009,0,0,4,0.015,4,0.022
Region 59,Region 59,5,0.03,7,0.077,3,0.045,1,0.014,2,0.017,3,0.012,8,0.016,22,0.028,22,0.026,21,0.03,19,0.033,19,0.033,21,0.034,17,0.028,26,0.042,21,0.031,17,0.024,29,0.037,24,0.033,23,0.042,10,0.023,8,0.022,6,0.023,5,0.028
Region 59,Region 60,0,0,1,0.011,0,0,0,0,0,0,1,0.004,0,0,0,0,1,0.001,0,0,0,0,1,0.002,1,0.002,3,0.005,0,0,0,0,0,0,0,0,1,0.001,0,0,0,0,0,0,0,0,1,0.006
Region 59,Region 61,3,0.018,0,0,1,0.015,1,0.014,0,0,1,0.004,4,0.008,0,0,0,0,1,0.001,2,0.003,0,0,4,0.007,3,0.005,3,0.005,4,0.006,4,0.006,4,0.005,4,0.005,4,0.007,4,0.009,4,0.011,0,0,0,0
Region 59,Region 62,0,0,0,0,0,0,0,0,0,0,0,0,0,0,0,0,0,0,1,0.001,0,0,0,0,0,0,0,0,0,0,0,0,0,0,0,0,1,0.001,0,0,0,0,2,0.005,0,0,0,0
Region 59,Region 63,0,0,0,0,0,0,0,0,0,0,0,0,0,0,1,0.001,0,0,0,0,0,0,0,0,0,0,0,0,0,0,0,0,0,0,0,0,1,0.001,0,0,0,0,0,0,0,0,0,0
Region 59,Region 64,0,0,0,0,0,0,0,0,0,0,0,0,0,0,0,0,1,0.001,2,0.003,1,0.002,0,0,0,0,0,0,1,0.002,0,0,0,0,0,0,0,0,0,0,0,0,0,0,0,0,0,0
Region 59,Region 65,0,0,1,0.011,0,0,0,0,0,0,1,0.004,3,0.006,1,0.001,6,0.007,8,0.011,2,0.003,3,0.005,3,0.005,1,0.002,1,0.002,1,0.001,1,0.001,2,0.003,3,0.004,1,0.002,1,0.002,0,0,0,0,2,0.011
Region 59,Region 66,3,0.018,6,0.066,3,0.045,1,0.014,1,0.009,5,0.019,4,0.008,11,0.014,20,0.023,14,0.02,10,0.017,13,0.022,14,0.023,15,0.024,17,0.027,19,0.028,9,0.013,15,0.019,19,0.026,16,0.029,9,0.021,5,0.014,7,0.027,1,0.006
Region 59,Region 67,1,0.006,1,0.011,0,0,0,0,0,0,0,0,0,0,0,0,1,0.001,0,0,0,0,0,0,0,0,0,0,0,0,0,0,0,0,0,0,1,0.001,0,0,1,0.002,0,0,0,0,0,0
Region 59,Region 68,0,0,0,0,0,0,0,0,0,0,0,0,0,0,0,0,5,0.006,1,0.001,1,0.002,0,0,0,0,0,0,0,0,0,0,0,0,0,0,0,0,0,0,1,0.002,0,0,0,0,0,0
Region 59,Region 69,0,0,0,0,0,0,0,0,1,0.009,0,0,0,0,2,0.003,1,0.001,0,0,1,0.002,0,0,0,0,0,0,0,0,0,0,0,0,0,0,0,0,0,0,0,0,0,0,0,0,0,0
Region 59,Region 70,0,0,0,0,0,0,0,0,0,0,0,0,0,0,2,0.003,3,0.004,0,0,0,0,0,0,1,0.002,0,0,0,0,0,0,0,0,0,0,0,0,0,0,0,0,0,0,0,0,0,0
Region 59,Region 71,0,0,0,0,0,0,0,0,0,0,0,0,0,0,4,0.005,0,0,3,0.004,0,0,2,0.003,2,0.003,1,0.002,0,0,0,0,0,0,4,0.005,0,0,0,0,1,0.002,0,0,0,0,0,0
Region 59,Region 72,1,0.006,3,0.033,2,0.03,4,0.057,2,0.017,5,0.019,8,0.016,8,0.01,15,0.018,9,0.013,7,0.012,7,0.012,3,0.005,7,0.011,14,0.022,7,0.01,6,0.009,10,0.013,5,0.007,9,0.017,4,0.009,2,0.005,3,0.011,1,0.006
Region 60,Region 0,0,0,0,0,0,0,0,0,0,0,0,0,0,0,0,0,0,0,0,0,0,0,0,0,0,0,0,0,0,0,0,0,0,0,0,0,0,0,0,0,0,0,0,0,0,0,0,0
Region 60,Region 1,6,0.036,0,0,1,0.015,3,0.043,0,0,1,0.004,5,0.01,18,0.023,11,0.013,15,0.021,7,0.012,4,0.007,11,0.018,12,0.02,11,0.018,13,0.019,12,0.017,26,0.033,19,0.026,11,0.02,9,0.021,10,0.027,9,0.034,5,0.028
Region 60,Region 2,0,0,0,0,0,0,0,0,0,0,0,0,0,0,0,0,0,0,0,0,0,0,0,0,0,0,2,0.003,1,0.002,0,0,0,0,0,0,0,0,0,0,1,0.002,0,0,0,0,0,0
Region 60,Region 3,0,0,0,0,0,0,0,0,0,0,0,0,0,0,0,0,0,0,1,0.001,0,0,0,0,0,0,0,0,0,0,0,0,0,0,0,0,0,0,0,0,0,0,0,0,1,0.004,0,0
Region 60,Region 4,0,0,1,0.011,0,0,0,0,0,0,0,0,0,0,0,0,0,0,0,0,0,0,1,0.002,0,0,0,0,0,0,1,0.001,0,0,0,0,0,0,0,0,0,0,0,0,0,0,0,0
Region 60,Region 5,0,0,0,0,0,0,0,0,0,0,0,0,0,0,0,0,0,0,0,0,0,0,0,0,0,0,0,0,0,0,0,0,0,0,0,0,0,0,0,0,0,0,0,0,0,0,0,0
Region 60,Region 6,0,0,0,0,0,0,0,0,0,0,0,0,2,0.004,2,0.003,1,0.001,1,0.001,1,0.002,0,0,0,0,1,0.002,2,0.003,4,0.006,0,0,0,0,4,0.005,1,0.002,0,0,0,0,0,0,0,0
Region 60,Region 7,0,0,0,0,0,0,0,0,0,0,0,0,0,0,1,0.001,0,0,0,0,0,0,0,0,0,0,0,0,0,0,0,0,0,0,0,0,0,0,0,0,0,0,0,0,0,0,1,0.006
Region 60,Region 8,0,0,0,0,0,0,0,0,0,0,2,0.008,0,0,14,0.018,4,0.005,6,0.008,1,0.002,6,0.01,3,0.005,5,0.008,4,0.006,13,0.019,7,0.01,12,0.015,9,0.012,9,0.017,6,0.014,0,0,0,0,0,0
Region 60,Region 9,0,0,0,0,0,0,1,0.014,0,0,0,0,0,0,1,0.001,2,0.002,0,0,0,0,0,0,2,0.003,0,0,0,0,1,0.001,0,0,0,0,0,0,0,0,0,0,0,0,0,0,0,0
Region 60,Region 10,12,0.072,5,0.055,1,0.015,1,0.014,1,0.009,6,0.023,14,0.029,33,0.042,41,0.048,31,0.044,39,0.067,51,0.087,53,0.086,50,0.081,73,0.117,43,0.063,52,0.075,57,0.073,53,0.072,48,0.088,26,0.06,23,0.063,10,0.038,8,0.044
Region 60,Region 11,0,0,0,0,0,0,0,0,0,0,0,0,0,0,0,0,0,0,0,0,0,0,0,0,0,0,0,0,0,0,0,0,0,0,0,0,0,0,0,0,0,0,0,0,0,0,0,0
Region 60,Region 12,0,0,0,0,0,0,0,0,0,0,0,0,0,0,1,0.001,0,0,0,0,0,0,0,0,0,0,0,0,1,0.002,0,0,1,0.001,0,0,0,0,0,0,0,0,0,0,0,0,0,0
Region 60,Region 13,0,0,2,0.022,0,0,0,0,1,0.009,0,0,1,0.002,4,0.005,9,0.011,3,0.004,2,0.003,1,0.002,2,0.003,3,0.005,0,0,2,0.003,0,0,1,0.001,1,0.001,1,0.002,5,0.012,0,0,2,0.008,0,0
Region 60,Region 14,0,0,0,0,0,0,0,0,0,0,0,0,1,0.002,20,0.025,12,0.014,7,0.01,11,0.019,9,0.015,4,0.007,9,0.015,13,0.021,7,0.01,12,0.017,7,0.009,7,0.01,2,0.004,3,0.007,5,0.014,1,0.004,1,0.006
Region 60,Region 15,0,0,0,0,0,0,0,0,0,0,0,0,0,0,0,0,0,0,0,0,1,0.002,0,0,0,0,0,0,0,0,0,0,0,0,0,0,0,0,0,0,0,0,0,0,0,0,0,0
Region 60,Region 16,0,0,0,0,0,0,0,0,0,0,0,0,0,0,0,0,0,0,0,0,1,0.002,0,0,0,0,1,0.002,0,0,0,0,0,0,0,0,0,0,0,0,0,0,0,0,0,0,0,0
Region 60,Region 17,1,0.006,0,0,0,0,0,0,0,0,0,0,0,0,2,0.003,0,0,0,0,0,0,2,0.003,0,0,1,0.002,1,0.002,0,0,1,0.001,1,0.001,2,0.003,0,0,0,0,1,0.003,1,0.004,1,0.006
Region 60,Region 18,0,0,0,0,0,0,0,0,0,0,0,0,0,0,0,0,0,0,0,0,0,0,0,0,0,0,0,0,0,0,0,0,0,0,0,0,0,0,0,0,0,0,0,0,0,0,0,0
Region 60,Region 19,0,0,0,0,0,0,0,0,0,0,0,0,0,0,0,0,0,0,1,0.001,0,0,0,0,0,0,0,0,0,0,0,0,0,0,0,0,0,0,0,0,0,0,0,0,0,0,0,0
Region 60,Region 20,7,0.042,1,0.011,0,0,1,0.014,2,0.017,3,0.012,17,0.035,31,0.039,39,0.046,41,0.058,37,0.063,33,0.057,36,0.059,40,0.065,31,0.05,42,0.061,23,0.033,58,0.075,50,0.068,28,0.052,31,0.071,20,0.055,12,0.046,8,0.044
Region 60,Region 21,0,0,0,0,0,0,0,0,0,0,0,0,0,0,0,0,0,0,0,0,0,0,0,0,0,0,0,0,0,0,0,0,0,0,0,0,0,0,0,0,0,0,0,0,0,0,0,0
Region 60,Region 22,0,0,0,0,0,0,0,0,0,0,0,0,0,0,0,0,0,0,1,0.001,0,0,1,0.002,0,0,0,0,0,0,0,0,0,0,0,0,1,0.001,1,0.002,1,0.002,0,0,0,0,0,0
Region 60,Region 23,0,0,0,0,0,0,0,0,0,0,0,0,0,0,0,0,1,0.001,1,0.001,1,0.002,1,0.002,0,0,1,0.002,0,0,1,0.001,0,0,1,0.001,0,0,0,0,0,0,0,0,0,0,0,0
Region 60,Region 24,0,0,0,0,0,0,0,0,0,0,0,0,0,0,0,0,1,0.001,0,0,2,0.003,1,0.002,0,0,1,0.002,1,0.002,0,0,1,0.001,0,0,1,0.001,1,0.002,1,0.002,0,0,0,0,0,0
Region 60,Region 25,9,0.054,7,0.077,5,0.075,0,0,3,0.026,9,0.035,18,0.037,43,0.055,83,0.097,86,0.122,59,0.101,55,0.094,63,0.103,76,0.124,54,0.087,54,0.079,64,0.092,77,0.099,75,0.102,53,0.098,42,0.097,34,0.093,11,0.042,3,0.017
Region 60,Region 26,0,0,2,0.022,0,0,0,0,1,0.009,0,0,5,0.01,14,0.018,18,0.021,15,0.021,7,0.012,20,0.034,18,0.029,17,0.028,13,0.021,29,0.042,30,0.043,32,0.041,32,0.044,21,0.039,9,0.021,6,0.016,7,0.027,1,0.006
Region 60,Region 27,0,0,0,0,0,0,0,0,0,0,0,0,0,0,0,0,0,0,0,0,0,0,0,0,1,0.002,1,0.002,0,0,0,0,1,0.001,2,0.003,1,0.001,0,0,0,0,0,0,0,0,0,0
Region 60,Region 28,0,0,0,0,0,0,0,0,0,0,0,0,0,0,0,0,0,0,1,0.001,2,0.003,1,0.002,0,0,0,0,1,0.002,0,0,2,0.003,1,0.001,1,0.001,1,0.002,3,0.007,1,0.003,1,0.004,0,0
Region 60,Region 29,0,0,0,0,0,0,0,0,0,0,0,0,0,0,2,0.003,1,0.001,2,0.003,1,0.002,0,0,0,0,2,0.003,0,0,0,0,1,0.001,1,0.001,2,0.003,0,0,0,0,1,0.003,2,0.008,0,0
Region 60,Region 30,0,0,0,0,1,0.015,0,0,0,0,3,0.012,5,0.01,7,0.009,28,0.033,19,0.027,9,0.015,9,0.015,14,0.023,5,0.008,10,0.016,20,0.029,19,0.027,12,0.015,11,0.015,9,0.017,6,0.014,4,0.011,5,0.019,4,0.022
Region 60,Region 31,1,0.006,0,0,0,0,0,0,1,0.009,0,0,1,0.002,1,0.001,6,0.007,3,0.004,4,0.007,1,0.002,0,0,5,0.008,3,0.005,5,0.007,4,0.006,3,0.004,10,0.014,8,0.015,1,0.002,3,0.008,1,0.004,0,0
Region 60,Region 32,0,0,0,0,0,0,0,0,0,0,0,0,0,0,0,0,0,0,0,0,0,0,0,0,0,0,0,0,0,0,0,0,0,0,0,0,0,0,0,0,0,0,0,0,0,0,0,0
Region 60,Region 33,5,0.03,1,0.011,0,0,2,0.029,0,0,3,0.012,11,0.022,32,0.041,35,0.041,24,0.034,19,0.033,7,0.012,13,0.021,19,0.031,24,0.039,29,0.042,25,0.036,41,0.053,31,0.042,17,0.031,14,0.032,8,0.022,4,0.015,8,0.044
Region 60,Region 34,3,0.018,0,0,0,0,0,0,0,0,0,0,1,0.002,6,0.008,11,0.013,7,0.01,9,0.015,5,0.009,10,0.016,6,0.01,3,0.005,3,0.004,2,0.003,3,0.004,6,0.008,1,0.002,7,0.016,8,0.022,7,0.027,2,0.011
Region 60,Region 35,5,0.03,1,0.011,1,0.015,6,0.086,5,0.043,6,0.023,13,0.027,33,0.042,37,0.043,45,0.064,43,0.074,32,0.055,54,0.088,52,0.085,54,0.087,43,0.063,42,0.06,56,0.072,58,0.079,37,0.068,26,0.06,21,0.057,21,0.08,8,0.044
Region 60,Region 36,0,0,0,0,0,0,0,0,0,0,1,0.004,0,0,1,0.001,2,0.002,0,0,0,0,3,0.005,0,0,4,0.007,0,0,3,0.004,4,0.006,2,0.003,2,0.003,0,0,0,0,0,0,0,0,1,0.006
Region 60,Region 37,0,0,0,0,0,0,0,0,0,0,0,0,0,0,1,0.001,2,0.002,1,0.001,0,0,0,0,0,0,0,0,0,0,0,0,0,0,1,0.001,0,0,0,0,1,0.002,0,0,0,0,1,0.006
Region 60,Region 38,0,0,0,0,0,0,0,0,0,0,0,0,0,0,0,0,0,0,0,0,0,0,0,0,0,0,0,0,0,0,1,0.001,0,0,0,0,0,0,0,0,0,0,0,0,0,0,0,0
Region 60,Region 39,0,0,0,0,0,0,0,0,0,0,0,0,0,0,3,0.004,0,0,0,0,0,0,0,0,0,0,1,0.002,1,0.002,0,0,0,0,0,0,0,0,0,0,0,0,1,0.003,0,0,0,0
Region 60,Region 40,1,0.006,0,0,0,0,1,0.014,0,0,2,0.008,1,0.002,4,0.005,3,0.004,0,0,4,0.007,3,0.005,1,0.002,2,0.003,0,0,2,0.003,0,0,4,0.005,2,0.003,1,0.002,2,0.005,2,0.005,5,0.019,0,0
Region 60,Region 41,1,0.006,0,0,0,0,0,0,0,0,0,0,5,0.01,5,0.006,3,0.004,2,0.003,2,0.003,3,0.005,5,0.008,4,0.007,7,0.011,7,0.01,2,0.003,5,0.006,4,0.005,1,0.002,1,0.002,2,0.005,0,0,2,0.011
Region 60,Region 42,1,0.006,0,0,2,0.03,0,0,1,0.009,1,0.004,5,0.01,13,0.016,17,0.02,21,0.03,16,0.027,14,0.024,8,0.013,20,0.033,19,0.031,26,0.038,22,0.032,19,0.024,27,0.037,12,0.022,8,0.018,4,0.011,7,0.027,4,0.022
Region 60,Region 43,0,0,0,0,0,0,0,0,0,0,0,0,0,0,1,0.001,0,0,0,0,0,0,0,0,0,0,0,0,1,0.002,0,0,0,0,0,0,0,0,0,0,1,0.002,0,0,1,0.004,0,0
Region 60,Region 44,0,0,0,0,0,0,0,0,0,0,0,0,0,0,1,0.001,0,0,0,0,0,0,0,0,0,0,1,0.002,0,0,1,0.001,0,0,0,0,0,0,0,0,0,0,1,0.003,0,0,0,0
Region 60,Region 45,0,0,0,0,1,0.015,0,0,0,0,0,0,0,0,1,0.001,0,0,1,0.001,1,0.002,2,0.003,3,0.005,5,0.008,1,0.002,1,0.001,0,0,0,0,1,0.001,3,0.006,2,0.005,0,0,0,0,0,0
Region 60,Region 46,1,0.006,0,0,0,0,1,0.014,1,0.009,4,0.016,7,0.014,14,0.018,12,0.014,4,0.006,15,0.026,7,0.012,7,0.011,13,0.021,6,0.01,6,0.009,6,0.009,3,0.004,6,0.008,8,0.015,6,0.014,4,0.011,1,0.004,1,0.006
Region 60,Region 47,0,0,0,0,0,0,0,0,0,0,1,0.004,1,0.002,1,0.001,0,0,0,0,0,0,0,0,0,0,3,0.005,1,0.002,1,0.001,0,0,1,0.001,1,0.001,0,0,0,0,1,0.003,0,0,1,0.006
Region 60,Region 48,0,0,0,0,0,0,0,0,0,0,0,0,0,0,0,0,0,0,0,0,0,0,0,0,0,0,0,0,0,0,0,0,0,0,0,0,0,0,0,0,0,0,0,0,0,0,0,0
Region 60,Region 49,0,0,0,0,0,0,0,0,0,0,0,0,0,0,0,0,0,0,0,0,0,0,0,0,0,0,1,0.002,1,0.002,1,0.001,0,0,0,0,0,0,0,0,1,0.002,1,0.003,0,0,1,0.006
Region 60,Region 50,0,0,0,0,0,0,0,0,0,0,0,0,2,0.004,1,0.001,1,0.001,3,0.004,3,0.005,9,0.015,5,0.008,11,0.018,6,0.01,8,0.012,11,0.016,10,0.013,17,0.023,6,0.011,4,0.009,7,0.019,0,0,4,0.022
Region 60,Region 51,3,0.018,1,0.011,1,0.015,0,0,1,0.009,4,0.016,12,0.025,37,0.047,43,0.05,28,0.04,26,0.045,17,0.029,23,0.037,21,0.034,29,0.047,21,0.031,21,0.03,23,0.03,21,0.029,12,0.022,23,0.053,11,0.03,5,0.019,3,0.017
Region 60,Region 52,0,0,0,0,0,0,0,0,0,0,0,0,0,0,2,0.003,1,0.001,1,0.001,2,0.003,3,0.005,3,0.005,2,0.003,1,0.002,2,0.003,3,0.004,4,0.005,1,0.001,1,0.002,2,0.005,2,0.005,2,0.008,0,0
Region 60,Region 53,0,0,0,0,0,0,0,0,0,0,0,0,0,0,0,0,0,0,0,0,0,0,0,0,0,0,0,0,0,0,0,0,0,0,0,0,0,0,0,0,1,0.002,0,0,0,0,0,0
Region 60,Region 54,2,0.012,2,0.022,0,0,1,0.014,0,0,2,0.008,2,0.004,4,0.005,13,0.015,6,0.008,13,0.022,3,0.005,18,0.029,13,0.021,14,0.022,16,0.023,12,0.017,11,0.014,7,0.01,6,0.011,5,0.012,4,0.011,6,0.023,1,0.006
Region 60,Region 55,0,0,0,0,0,0,1,0.014,0,0,0,0,0,0,0,0,0,0,0,0,0,0,2,0.003,0,0,0,0,0,0,0,0,0,0,0,0,0,0,0,0,0,0,0,0,0,0,1,0.006
Region 60,Region 56,0,0,0,0,0,0,0,0,0,0,0,0,0,0,0,0,0,0,0,0,1,0.002,0,0,0,0,0,0,1,0.002,3,0.004,0,0,0,0,0,0,0,0,0,0,0,0,0,0,0,0
Region 60,Region 57,0,0,0,0,0,0,0,0,0,0,2,0.008,1,0.002,3,0.004,4,0.005,2,0.003,1,0.002,7,0.012,4,0.007,5,0.008,5,0.008,15,0.022,9,0.013,9,0.012,6,0.008,6,0.011,1,0.002,4,0.011,2,0.008,1,0.006
Region 60,Region 58,0,0,0,0,0,0,0,0,1,0.009,1,0.004,3,0.006,2,0.003,7,0.008,1,0.001,3,0.005,2,0.003,2,0.003,3,0.005,5,0.008,5,0.007,1,0.001,2,0.003,4,0.005,2,0.004,0,0,2,0.005,2,0.008,2,0.011
Region 60,Region 59,0,0,0,0,0,0,0,0,0,0,0,0,0,0,1,0.001,1,0.001,1,0.001,2,0.003,0,0,1,0.002,1,0.002,2,0.003,1,0.001,0,0,0,0,0,0,1,0.002,0,0,1,0.003,0,0,1,0.006
Region 60,Region 60,13,0.078,8,0.088,6,0.09,2,0.029,3,0.026,9,0.035,25,0.051,77,0.098,97,0.113,89,0.126,75,0.129,84,0.144,116,0.189,131,0.213,104,0.167,108,0.157,139,0.2,112,0.144,148,0.201,100,0.184,61,0.14,54,0.148,27,0.103,16,0.088
Region 60,Region 61,1,0.006,0,0,0,0,0,0,0,0,0,0,0,0,0,0,0,0,0,0,0,0,0,0,1,0.002,1,0.002,1,0.002,1,0.001,0,0,1,0.001,4,0.005,1,0.002,1,0.002,0,0,1,0.004,0,0
Region 60,Region 62,0,0,0,0,0,0,0,0,0,0,0,0,0,0,0,0,0,0,0,0,0,0,0,0,0,0,0,0,0,0,0,0,0,0,0,0,0,0,0,0,0,0,0,0,0,0,0,0
Region 60,Region 63,0,0,0,0,0,0,0,0,0,0,0,0,0,0,0,0,0,0,0,0,0,0,0,0,0,0,0,0,0,0,1,0.001,1,0.001,0,0,0,0,1,0.002,0,0,0,0,0,0,0,0
Region 60,Region 64,0,0,0,0,0,0,0,0,0,0,0,0,0,0,0,0,0,0,0,0,0,0,0,0,0,0,0,0,0,0,0,0,0,0,0,0,1,0.001,0,0,0,0,0,0,0,0,0,0
Region 60,Region 65,1,0.006,1,0.011,0,0,0,0,0,0,1,0.004,1,0.002,1,0.001,5,0.006,1,0.001,1,0.002,1,0.002,2,0.003,3,0.005,1,0.002,1,0.001,1,0.001,2,0.003,1,0.001,0,0,0,0,1,0.003,1,0.004,0,0
Region 60,Region 66,0,0,0,0,0,0,0,0,0,0,0,0,0,0,0,0,1,0.001,1,0.001,0,0,2,0.003,0,0,3,0.005,1,0.002,1,0.001,5,0.007,7,0.009,3,0.004,3,0.006,5,0.012,3,0.008,0,0,0,0
Region 60,Region 67,0,0,0,0,0,0,0,0,0,0,0,0,0,0,0,0,0,0,0,0,0,0,0,0,0,0,0,0,0,0,0,0,1,0.001,0,0,0,0,0,0,0,0,0,0,0,0,0,0
Region 60,Region 68,0,0,1,0.011,0,0,0,0,0,0,0,0,0,0,5,0.006,2,0.002,1,0.001,3,0.005,1,0.002,1,0.002,6,0.01,6,0.01,4,0.006,4,0.006,2,0.003,4,0.005,1,0.002,2,0.005,0,0,1,0.004,0,0
Region 60,Region 69,5,0.03,14,0.154,9,0.135,0,0,0,0,0,0,1,0.002,4,0.005,6,0.007,4,0.006,5,0.009,5,0.009,4,0.007,4,0.007,5,0.008,4,0.006,1,0.001,3,0.004,1,0.001,3,0.006,1,0.002,3,0.008,0,0,0,0
Region 60,Region 70,1,0.006,0,0,0,0,0,0,0,0,0,0,3,0.006,14,0.018,12,0.014,13,0.018,3,0.005,6,0.01,9,0.015,6,0.01,6,0.01,4,0.006,17,0.024,12,0.015,7,0.01,7,0.013,6,0.014,4,0.011,2,0.008,0,0
Region 60,Region 71,0,0,2,0.022,0,0,0,0,0,0,0,0,7,0.014,16,0.02,21,0.025,15,0.021,10,0.017,4,0.007,12,0.02,11,0.018,11,0.018,10,0.015,14,0.02,10,0.013,14,0.019,9,0.017,2,0.005,4,0.011,2,0.008,0,0
Region 60,Region 72,8,0.048,10,0.11,4,0.06,2,0.029,3,0.026,6,0.023,13,0.027,42,0.053,39,0.046,54,0.076,28,0.048,43,0.074,44,0.072,64,0.104,64,0.103,56,0.082,47,0.068,59,0.076,55,0.075,44,0.081,34,0.078,20,0.055,15,0.057,12,0.066
Region 61,Region 0,1,0.006,0,0,0,0,1,0.014,0,0,0,0,0,0,2,0.003,1,0.001,0,0,0,0,0,0,0,0,0,0,1,0.002,1,0.001,1,0.001,2,0.003,2,0.003,1,0.002,1,0.002,2,0.005,0,0,1,0.006
Region 61,Region 1,0,0,0,0,0,0,1,0.014,1,0.009,7,0.027,21,0.043,31,0.039,34,0.04,26,0.037,6,0.01,6,0.01,1,0.002,4,0.007,6,0.01,5,0.007,5,0.007,5,0.006,6,0.008,2,0.004,4,0.009,5,0.014,3,0.011,1,0.006
Region 61,Region 2,1,0.006,1,0.011,0,0,0,0,2,0.017,2,0.008,2,0.004,7,0.009,8,0.009,5,0.007,1,0.002,3,0.005,1,0.002,2,0.003,3,0.005,1,0.001,1,0.001,1,0.001,3,0.004,1,0.002,1,0.002,1,0.003,2,0.008,0,0
Region 61,Region 3,0,0,0,0,0,0,2,0.029,0,0,0,0,0,0,0,0,0,0,1,0.001,2,0.003,1,0.002,0,0,2,0.003,0,0,2,0.003,0,0,1,0.001,0,0,3,0.006,0,0,0,0,1,0.004,1,0.006
Region 61,Region 4,0,0,0,0,1,0.015,0,0,2,0.017,0,0,2,0.004,3,0.004,2,0.002,0,0,1,0.002,0,0,1,0.002,1,0.002,1,0.002,2,0.003,3,0.004,0,0,1,0.001,1,0.002,1,0.002,1,0.003,0,0,0,0
Region 61,Region 5,0,0,0,0,0,0,0,0,0,0,0,0,0,0,0,0,2,0.002,0,0,1,0.002,0,0,0,0,0,0,0,0,0,0,1,0.001,5,0.006,0,0,0,0,0,0,1,0.003,1,0.004,1,0.006
Region 61,Region 6,38,0.228,22,0.242,17,0.254,33,0.47,29,0.247,58,0.225,97,0.198,127,0.161,133,0.155,114,0.161,62,0.106,106,0.182,106,0.172,114,0.186,108,0.174,115,0.168,120,0.173,128,0.165,203,0.276,96,0.177,62,0.143,56,0.153,66,0.251,51,0.282
Region 61,Region 7,1,0.006,0,0,1,0.015,1,0.014,1,0.009,2,0.008,3,0.006,3,0.004,8,0.009,3,0.004,2,0.003,2,0.003,3,0.005,7,0.011,6,0.01,4,0.006,8,0.012,4,0.005,6,0.008,9,0.017,3,0.007,8,0.022,3,0.011,2,0.011
Region 61,Region 8,0,0,0,0,0,0,0,0,0,0,0,0,1,0.002,2,0.003,1,0.001,2,0.003,0,0,0,0,0,0,0,0,0,0,0,0,0,0,0,0,0,0,0,0,0,0,0,0,0,0,0,0
Region 61,Region 9,2,0.012,3,0.033,3,0.045,3,0.043,2,0.017,3,0.012,5,0.01,8,0.01,12,0.014,8,0.011,7,0.012,3,0.005,3,0.005,3,0.005,4,0.006,4,0.006,2,0.003,5,0.006,11,0.015,2,0.004,4,0.009,1,0.003,0,0,0,0
Region 61,Region 10,0,0,0,0,0,0,0,0,1,0.009,3,0.012,11,0.022,12,0.015,6,0.007,3,0.004,2,0.003,0,0,1,0.002,3,0.005,3,0.005,0,0,0,0,4,0.005,3,0.004,1,0.002,0,0,0,0,0,0,0,0
Region 61,Region 11,1,0.006,0,0,0,0,0,0,0,0,1,0.004,0,0,1,0.001,2,0.002,1,0.001,0,0,0,0,2,0.003,0,0,0,0,0,0,0,0,1,0.001,0,0,0,0,0,0,0,0,0,0,0,0
Region 61,Region 12,0,0,0,0,0,0,0,0,0,0,1,0.004,1,0.002,0,0,1,0.001,0,0,1,0.002,2,0.003,1,0.002,2,0.003,0,0,1,0.001,0,0,1,0.001,0,0,0,0,0,0,0,0,0,0,0,0
Region 61,Region 13,1,0.006,2,0.022,1,0.015,2,0.029,1,0.009,7,0.027,14,0.029,31,0.039,36,0.042,17,0.024,11,0.019,17,0.029,7,0.011,11,0.018,11,0.018,7,0.01,4,0.006,7,0.009,1,0.001,4,0.007,2,0.005,6,0.016,6,0.023,4,0.022
Region 61,Region 14,0,0,0,0,0,0,0,0,0,0,0,0,0,0,2,0.003,0,0,0,0,0,0,0,0,1,0.002,0,0,0,0,0,0,0,0,0,0,2,0.003,0,0,0,0,0,0,0,0,0,0
Region 61,Region 15,25,0.15,10,0.11,9,0.135,17,0.242,25,0.213,51,0.198,97,0.198,104,0.132,116,0.136,109,0.154,73,0.125,88,0.151,54,0.088,61,0.099,78,0.125,72,0.105,93,0.134,102,0.131,95,0.129,74,0.136,45,0.104,38,0.104,43,0.163,32,0.177
Region 61,Region 16,0,0,0,0,0,0,1,0.014,0,0,0,0,0,0,0,0,1,0.001,0,0,0,0,0,0,0,0,0,0,0,0,2,0.003,2,0.003,1,0.001,1,0.001,1,0.002,0,0,0,0,2,0.008,0,0
Region 61,Region 17,0,0,0,0,0,0,0,0,1,0.009,1,0.004,5,0.01,2,0.003,1,0.001,0,0,0,0,3,0.005,1,0.002,0,0,1,0.002,0,0,1,0.001,2,0.003,3,0.004,0,0,0,0,0,0,0,0,0,0
Region 61,Region 18,0,0,0,0,0,0,0,0,0,0,0,0,0,0,0,0,1,0.001,2,0.003,0,0,0,0,0,0,0,0,1,0.002,0,0,0,0,1,0.001,1,0.001,0,0,0,0,1,0.003,0,0,1,0.006
Region 61,Region 19,1,0.006,1,0.011,1,0.015,0,0,3,0.026,3,0.012,2,0.004,2,0.003,1,0.001,1,0.001,2,0.003,1,0.002,1,0.002,4,0.007,3,0.005,3,0.004,0,0,4,0.005,5,0.007,2,0.004,2,0.005,1,0.003,2,0.008,0,0
Region 61,Region 20,1,0.006,0,0,2,0.03,1,0.014,1,0.009,1,0.004,2,0.004,6,0.008,5,0.006,2,0.003,3,0.005,2,0.003,0,0,2,0.003,1,0.002,1,0.001,1,0.001,1,0.001,2,0.003,1,0.002,0,0,1,0.003,1,0.004,2,0.011
Region 61,Region 21,0,0,0,0,0,0,0,0,0,0,0,0,0,0,0,0,0,0,0,0,1,0.002,1,0.002,0,0,1,0.002,0,0,0,0,0,0,0,0,2,0.003,0,0,0,0,1,0.003,0,0,0,0
Region 61,Region 22,0,0,2,0.022,0,0,2,0.029,1,0.009,1,0.004,3,0.006,6,0.008,5,0.006,3,0.004,3,0.005,4,0.007,3,0.005,4,0.007,3,0.005,3,0.004,4,0.006,4,0.005,5,0.007,4,0.007,4,0.009,1,0.003,1,0.004,2,0.011
Region 61,Region 23,0,0,0,0,0,0,0,0,1,0.009,0,0,1,0.002,0,0,0,0,1,0.001,2,0.003,4,0.007,5,0.008,2,0.003,3,0.005,2,0.003,1,0.001,2,0.003,2,0.003,0,0,1,0.002,1,0.003,2,0.008,1,0.006
Region 61,Region 24,0,0,0,0,0,0,0,0,1,0.009,1,0.004,4,0.008,3,0.004,1,0.001,4,0.006,3,0.005,2,0.003,4,0.007,5,0.008,0,0,0,0,2,0.003,4,0.005,3,0.004,2,0.004,1,0.002,3,0.008,2,0.008,1,0.006
Region 61,Region 25,1,0.006,1,0.011,1,0.015,0,0,0,0,1,0.004,3,0.006,4,0.005,5,0.006,0,0,3,0.005,2,0.003,3,0.005,2,0.003,5,0.008,4,0.006,0,0,0,0,1,0.001,1,0.002,3,0.007,0,0,1,0.004,1,0.006
Region 61,Region 26,0,0,0,0,0,0,0,0,0,0,0,0,1,0.002,4,0.005,3,0.004,0,0,0,0,0,0,0,0,0,0,0,0,0,0,0,0,1,0.001,1,0.001,0,0,0,0,1,0.003,0,0,0,0
Region 61,Region 27,2,0.012,0,0,0,0,0,0,1,0.009,5,0.019,5,0.01,12,0.015,11,0.013,7,0.01,4,0.007,4,0.007,5,0.008,5,0.008,1,0.002,6,0.009,6,0.009,4,0.005,5,0.007,4,0.007,5,0.012,4,0.011,3,0.011,2,0.011
Region 61,Region 28,0,0,0,0,0,0,0,0,1,0.009,1,0.004,7,0.014,6,0.008,3,0.004,7,0.01,3,0.005,1,0.002,2,0.003,0,0,2,0.003,1,0.001,3,0.004,4,0.005,3,0.004,1,0.002,1,0.002,3,0.008,0,0,0,0
Region 61,Region 29,2,0.012,0,0,1,0.015,3,0.043,2,0.017,3,0.012,4,0.008,11,0.014,21,0.025,12,0.017,7,0.012,5,0.009,6,0.01,11,0.018,11,0.018,6,0.009,5,0.007,4,0.005,3,0.004,3,0.006,0,0,1,0.003,3,0.011,3,0.017
Region 61,Region 30,0,0,0,0,1,0.015,2,0.029,1,0.009,3,0.012,7,0.014,12,0.015,12,0.014,7,0.01,4,0.007,4,0.007,3,0.005,0,0,0,0,1,0.001,0,0,2,0.003,1,0.001,2,0.004,0,0,0,0,0,0,0,0
Region 61,Region 31,0,0,0,0,1,0.015,0,0,3,0.026,8,0.031,6,0.012,8,0.01,5,0.006,6,0.008,3,0.005,4,0.007,3,0.005,3,0.005,3,0.005,0,0,1,0.001,0,0,5,0.007,2,0.004,1,0.002,2,0.005,3,0.011,0,0
Region 61,Region 32,0,0,0,0,0,0,0,0,0,0,0,0,0,0,1,0.001,2,0.002,0,0,0,0,0,0,1,0.002,0,0,0,0,0,0,0,0,1,0.001,1,0.001,1,0.002,0,0,0,0,1,0.004,1,0.006
Region 61,Region 33,0,0,0,0,0,0,0,0,0,0,3,0.012,6,0.012,10,0.013,8,0.009,4,0.006,6,0.01,0,0,0,0,2,0.003,0,0,0,0,1,0.001,3,0.004,2,0.003,1,0.002,3,0.007,0,0,1,0.004,0,0
Region 61,Region 34,1,0.006,1,0.011,1,0.015,2,0.029,3,0.026,10,0.039,29,0.059,24,0.03,27,0.032,14,0.02,3,0.005,2,0.003,6,0.01,2,0.003,3,0.005,3,0.004,3,0.004,4,0.005,6,0.008,3,0.006,4,0.009,3,0.008,6,0.023,1,0.006
Region 61,Region 35,0,0,0,0,0,0,0,0,0,0,0,0,2,0.004,3,0.004,3,0.004,1,0.001,0,0,2,0.003,0,0,2,0.003,3,0.005,0,0,1,0.001,0,0,1,0.001,0,0,2,0.005,3,0.008,1,0.004,0,0
Region 61,Region 36,1,0.006,4,0.044,0,0,4,0.057,0,0,7,0.027,10,0.02,11,0.014,21,0.025,17,0.024,6,0.01,6,0.01,7,0.011,3,0.005,10,0.016,4,0.006,3,0.004,11,0.014,8,0.011,4,0.007,6,0.014,4,0.011,1,0.004,1,0.006
Region 61,Region 37,0,0,0,0,0,0,1,0.014,1,0.009,1,0.004,1,0.002,2,0.003,4,0.005,4,0.006,2,0.003,1,0.002,1,0.002,0,0,2,0.003,1,0.001,0,0,2,0.003,1,0.001,1,0.002,0,0,0,0,1,0.004,0,0
Region 61,Region 38,0,0,0,0,0,0,0,0,1,0.009,1,0.004,2,0.004,2,0.003,1,0.001,1,0.001,1,0.002,2,0.003,0,0,2,0.003,1,0.002,2,0.003,1,0.001,1,0.001,2,0.003,0,0,0,0,0,0,1,0.004,0,0
Region 61,Region 39,2,0.012,3,0.033,3,0.045,1,0.014,3,0.026,6,0.023,4,0.008,8,0.01,17,0.02,9,0.013,6,0.01,15,0.026,2,0.003,6,0.01,15,0.024,16,0.023,13,0.019,17,0.022,14,0.019,12,0.022,11,0.025,6,0.016,6,0.023,4,0.022
Region 61,Region 40,10,0.06,4,0.044,7,0.105,4,0.057,8,0.068,16,0.062,31,0.063,27,0.034,18,0.021,25,0.035,18,0.031,17,0.029,13,0.021,14,0.023,32,0.051,19,0.028,22,0.032,18,0.023,24,0.033,12,0.022,11,0.025,9,0.025,14,0.053,10,0.055
Region 61,Region 41,2,0.012,4,0.044,3,0.045,3,0.043,5,0.043,10,0.039,13,0.027,10,0.013,11,0.013,9,0.013,15,0.026,13,0.022,15,0.024,10,0.016,13,0.021,8,0.012,11,0.016,8,0.01,9,0.012,9,0.017,8,0.018,2,0.005,8,0.03,8,0.044
Region 61,Region 42,0,0,0,0,0,0,0,0,0,0,0,0,1,0.002,0,0,0,0,0,0,0,0,0,0,0,0,0,0,1,0.002,0,0,0,0,0,0,0,0,0,0,0,0,0,0,0,0,0,0
Region 61,Region 43,0,0,0,0,0,0,0,0,1,0.009,0,0,0,0,4,0.005,3,0.004,3,0.004,2,0.003,5,0.009,2,0.003,1,0.002,0,0,4,0.006,7,0.01,3,0.004,3,0.004,2,0.004,0,0,2,0.005,2,0.008,0,0
Region 61,Region 44,0,0,1,0.011,0,0,0,0,1,0.009,1,0.004,11,0.022,5,0.006,6,0.007,6,0.008,2,0.003,2,0.003,1,0.002,2,0.003,2,0.003,0,0,1,0.001,4,0.005,0,0,0,0,0,0,2,0.005,0,0,0,0
Region 61,Region 45,0,0,0,0,0,0,0,0,1,0.009,0,0,1,0.002,3,0.004,1,0.001,5,0.007,2,0.003,1,0.002,2,0.003,1,0.002,0,0,1,0.001,3,0.004,3,0.004,9,0.012,2,0.004,3,0.007,1,0.003,2,0.008,0,0
Region 61,Region 46,0,0,1,0.011,2,0.03,1,0.014,2,0.017,8,0.031,9,0.018,13,0.016,11,0.013,6,0.008,2,0.003,1,0.002,2,0.003,2,0.003,1,0.002,3,0.004,3,0.004,3,0.004,2,0.003,3,0.006,1,0.002,1,0.003,1,0.004,1,0.006
Region 61,Region 47,0,0,0,0,0,0,0,0,1,0.009,4,0.016,5,0.01,4,0.005,1,0.001,2,0.003,4,0.007,2,0.003,1,0.002,0,0,3,0.005,0,0,0,0,1,0.001,2,0.003,2,0.004,1,0.002,0,0,0,0,0,0
Region 61,Region 48,1,0.006,0,0,1,0.015,0,0,0,0,1,0.004,4,0.008,6,0.008,7,0.008,6,0.008,3,0.005,0,0,2,0.003,2,0.003,7,0.011,6,0.009,5,0.007,3,0.004,2,0.003,5,0.009,3,0.007,2,0.005,0,0,2,0.011
Region 61,Region 49,5,0.03,3,0.033,3,0.045,0,0,0,0,2,0.008,4,0.008,19,0.024,18,0.021,18,0.025,8,0.014,10,0.017,11,0.018,11,0.018,10,0.016,16,0.023,18,0.026,10,0.013,13,0.018,12,0.022,11,0.025,5,0.014,4,0.015,1,0.006
Region 61,Region 50,0,0,0,0,0,0,1,0.014,0,0,6,0.023,6,0.012,4,0.005,6,0.007,7,0.01,1,0.002,2,0.003,3,0.005,3,0.005,1,0.002,2,0.003,3,0.004,8,0.01,4,0.005,1,0.002,1,0.002,4,0.011,0,0,1,0.006
Region 61,Region 51,0,0,0,0,0,0,0,0,0,0,0,0,1,0.002,1,0.001,1,0.001,0,0,0,0,0,0,3,0.005,3,0.005,2,0.003,0,0,0,0,0,0,0,0,0,0,0,0,0,0,0,0,0,0
Region 61,Region 52,0,0,0,0,0,0,0,0,0,0,0,0,0,0,1,0.001,0,0,0,0,0,0,0,0,0,0,0,0,0,0,0,0,0,0,0,0,0,0,0,0,0,0,0,0,0,0,0,0
Region 61,Region 53,1,0.006,0,0,0,0,0,0,0,0,1,0.004,2,0.004,1,0.001,0,0,1,0.001,1,0.002,1,0.002,0,0,0,0,0,0,0,0,1,0.001,5,0.006,1,0.001,0,0,1,0.002,0,0,0,0,0,0
Region 61,Region 54,1,0.006,0,0,0,0,0,0,0,0,1,0.004,8,0.016,7,0.009,5,0.006,3,0.004,1,0.002,4,0.007,3,0.005,3,0.005,1,0.002,2,0.003,0,0,3,0.004,5,0.007,2,0.004,3,0.007,2,0.005,0,0,4,0.022
Region 61,Region 55,1,0.006,0,0,0,0,0,0,1,0.009,4,0.016,4,0.008,4,0.005,7,0.008,2,0.003,2,0.003,2,0.003,2,0.003,1,0.002,1,0.002,0,0,0,0,1,0.001,0,0,2,0.004,0,0,0,0,0,0,0,0
Region 61,Region 56,0,0,0,0,0,0,0,0,0,0,0,0,1,0.002,0,0,1,0.001,0,0,1,0.002,0,0,1,0.002,1,0.002,1,0.002,0,0,2,0.003,1,0.001,2,0.003,5,0.009,2,0.005,0,0,2,0.008,0,0
Region 61,Region 57,0,0,0,0,0,0,0,0,0,0,0,0,3,0.006,5,0.006,2,0.002,2,0.003,1,0.002,2,0.003,1,0.002,1,0.002,0,0,2,0.003,0,0,0,0,1,0.001,0,0,0,0,0,0,0,0,0,0
Region 61,Region 58,18,0.108,14,0.154,12,0.18,6,0.086,13,0.111,18,0.07,26,0.053,49,0.062,49,0.057,44,0.062,51,0.087,56,0.096,52,0.085,86,0.14,70,0.112,57,0.083,94,0.135,65,0.084,73,0.099,56,0.103,22,0.051,27,0.074,17,0.065,16,0.088
Region 61,Region 59,0,0,0,0,0,0,1,0.014,4,0.034,4,0.016,9,0.018,10,0.013,6,0.007,5,0.007,1,0.002,2,0.003,1,0.002,2,0.003,6,0.01,6,0.009,2,0.003,4,0.005,4,0.005,2,0.004,1,0.002,1,0.003,1,0.004,0,0
Region 61,Region 60,0,0,0,0,0,0,0,0,1,0.009,2,0.008,2,0.004,1,0.001,1,0.001,2,0.003,0,0,0,0,0,0,1,0.002,2,0.003,2,0.003,0,0,0,0,1,0.001,0,0,0,0,0,0,0,0,0,0
Region 61,Region 61,20,0.12,19,0.209,11,0.165,27,0.385,29,0.247,33,0.128,59,0.12,108,0.137,119,0.139,104,0.147,87,0.149,81,0.139,87,0.142,85,0.138,91,0.146,118,0.172,135,0.194,136,0.175,107,0.146,76,0.14,71,0.164,61,0.167,53,0.201,33,0.182
Region 61,Region 62,1,0.006,1,0.011,1,0.015,1,0.014,1,0.009,2,0.008,5,0.01,18,0.023,13,0.015,3,0.004,6,0.01,4,0.007,2,0.003,4,0.007,1,0.002,3,0.004,5,0.007,5,0.006,1,0.001,5,0.009,3,0.007,2,0.005,3,0.011,0,0
Region 61,Region 63,0,0,0,0,0,0,0,0,0,0,0,0,0,0,0,0,0,0,0,0,0,0,0,0,0,0,0,0,0,0,0,0,0,0,0,0,0,0,1,0.002,0,0,0,0,0,0,0,0
Region 61,Region 64,3,0.018,2,0.022,1,0.015,2,0.029,3,0.026,0,0,4,0.008,10,0.013,23,0.027,12,0.017,11,0.019,11,0.019,9,0.015,13,0.021,17,0.027,20,0.029,14,0.02,21,0.027,15,0.02,18,0.033,10,0.023,6,0.016,8,0.03,3,0.017
Region 61,Region 65,0,0,0,0,1,0.015,2,0.029,4,0.034,2,0.008,10,0.02,24,0.03,17,0.02,13,0.018,3,0.005,6,0.01,5,0.008,1,0.002,2,0.003,4,0.006,5,0.007,4,0.005,7,0.01,3,0.006,0,0,4,0.011,0,0,1,0.006
Region 61,Region 66,1,0.006,0,0,1,0.015,3,0.043,4,0.034,16,0.062,18,0.037,22,0.028,19,0.022,10,0.014,5,0.009,5,0.009,4,0.007,4,0.007,5,0.008,5,0.007,5,0.007,5,0.006,2,0.003,1,0.002,1,0.002,1,0.003,2,0.008,0,0
Region 61,Region 67,0,0,1,0.011,0,0,1,0.014,0,0,0,0,0,0,1,0.001,0,0,1,0.001,0,0,1,0.002,0,0,1,0.002,0,0,0,0,1,0.001,1,0.001,1,0.001,2,0.004,0,0,0,0,2,0.008,0,0
Region 61,Region 68,0,0,0,0,0,0,0,0,0,0,0,0,1,0.002,2,0.003,0,0,0,0,0,0,1,0.002,0,0,0,0,0,0,0,0,0,0,1,0.001,0,0,0,0,0,0,0,0,0,0,0,0
Region 61,Region 69,0,0,0,0,0,0,0,0,2,0.017,4,0.016,5,0.01,2,0.003,0,0,0,0,1,0.002,1,0.002,0,0,0,0,0,0,0,0,0,0,0,0,0,0,0,0,0,0,0,0,0,0,0,0
Region 61,Region 70,0,0,0,0,0,0,0,0,0,0,0,0,0,0,1,0.001,0,0,0,0,0,0,0,0,0,0,0,0,0,0,1,0.001,0,0,0,0,0,0,0,0,0,0,0,0,0,0,0,0
Region 61,Region 71,0,0,0,0,0,0,0,0,0,0,1,0.004,2,0.004,3,0.004,1,0.001,1,0.001,1,0.002,2,0.003,6,0.01,2,0.003,1,0.002,0,0,2,0.003,0,0,1,0.001,1,0.002,0,0,1,0.003,0,0,1,0.006
Region 61,Region 72,0,0,1,0.011,2,0.03,5,0.071,4,0.034,3,0.012,9,0.018,27,0.034,21,0.025,14,0.02,6,0.01,7,0.012,3,0.005,5,0.008,2,0.003,5,0.007,3,0.004,3,0.004,4,0.005,6,0.011,3,0.007,1,0.003,7,0.027,3,0.017
Region 62,Region 0,1,0.006,0,0,0,0,0,0,0,0,0,0,1,0.002,2,0.003,6,0.007,4,0.006,6,0.01,8,0.014,6,0.01,6,0.01,6,0.01,8,0.012,11,0.016,11,0.014,4,0.005,7,0.013,8,0.018,2,0.005,5,0.019,2,0.011
Region 62,Region 1,0,0,0,0,0,0,0,0,0,0,0,0,1,0.002,1,0.001,0,0,0,0,0,0,0,0,0,0,0,0,0,0,0,0,0,0,0,0,0,0,0,0,0,0,0,0,0,0,0,0
Region 62,Region 2,0,0,0,0,0,0,0,0,0,0,0,0,0,0,0,0,1,0.001,0,0,0,0,1,0.002,0,0,0,0,0,0,0,0,0,0,0,0,2,0.003,0,0,0,0,0,0,1,0.004,0,0
Region 62,Region 3,0,0,0,0,0,0,0,0,0,0,0,0,0,0,1,0.001,1,0.001,3,0.004,1,0.002,1,0.002,1,0.002,5,0.008,2,0.003,2,0.003,3,0.004,2,0.003,4,0.005,4,0.007,1,0.002,0,0,1,0.004,2,0.011
Region 62,Region 4,0,0,0,0,0,0,1,0.014,0,0,0,0,0,0,0,0,1,0.001,0,0,1,0.002,0,0,0,0,0,0,0,0,0,0,1,0.001,1,0.001,0,0,2,0.004,0,0,0,0,1,0.004,0,0
Region 62,Region 5,1,0.006,1,0.011,0,0,1,0.014,0,0,6,0.023,2,0.004,9,0.011,9,0.011,12,0.017,3,0.005,7,0.012,9,0.015,10,0.016,11,0.018,11,0.016,10,0.014,16,0.021,18,0.024,5,0.009,8,0.018,4,0.011,7,0.027,4,0.022
Region 62,Region 6,10,0.06,3,0.033,3,0.045,1,0.014,11,0.094,14,0.054,23,0.047,48,0.061,42,0.049,26,0.037,18,0.031,16,0.027,26,0.042,24,0.039,47,0.076,48,0.07,53,0.076,34,0.044,29,0.039,25,0.046,15,0.035,17,0.047,12,0.046,14,0.077
Region 62,Region 7,0,0,0,0,0,0,0,0,0,0,0,0,2,0.004,7,0.009,4,0.005,0,0,4,0.007,2,0.003,2,0.003,2,0.003,3,0.005,2,0.003,2,0.003,7,0.009,2,0.003,0,0,3,0.007,2,0.005,2,0.008,0,0
Region 62,Region 8,0,0,0,0,0,0,0,0,0,0,0,0,0,0,0,0,0,0,0,0,0,0,0,0,0,0,0,0,0,0,0,0,0,0,0,0,0,0,0,0,0,0,0,0,0,0,0,0
Region 62,Region 9,4,0.024,2,0.022,2,0.03,3,0.043,3,0.026,1,0.004,3,0.006,5,0.006,9,0.011,1,0.001,15,0.026,6,0.01,3,0.005,6,0.01,8,0.013,8,0.012,9,0.013,10,0.013,3,0.004,4,0.007,2,0.005,1,0.003,2,0.008,6,0.033
Region 62,Region 10,0,0,0,0,0,0,0,0,0,0,0,0,0,0,1,0.001,2,0.002,1,0.001,0,0,1,0.002,0,0,0,0,0,0,0,0,0,0,0,0,0,0,0,0,0,0,0,0,0,0,0,0
Region 62,Region 11,0,0,0,0,0,0,0,0,0,0,0,0,0,0,1,0.001,0,0,0,0,1,0.002,1,0.002,2,0.003,1,0.002,0,0,1,0.001,0,0,2,0.003,0,0,0,0,0,0,0,0,0,0,0,0
Region 62,Region 12,0,0,0,0,0,0,0,0,0,0,0,0,0,0,0,0,0,0,1,0.001,0,0,2,0.003,1,0.002,0,0,1,0.002,0,0,1,0.001,1,0.001,2,0.003,0,0,0,0,1,0.003,0,0,0,0
Region 62,Region 13,0,0,0,0,0,0,0,0,1,0.009,1,0.004,0,0,4,0.005,5,0.006,1,0.001,3,0.005,1,0.002,1,0.002,1,0.002,0,0,4,0.006,1,0.001,0,0,1,0.001,4,0.007,3,0.007,1,0.003,2,0.008,1,0.006
Region 62,Region 14,0,0,0,0,0,0,0,0,0,0,0,0,0,0,0,0,0,0,0,0,0,0,0,0,0,0,0,0,0,0,1,0.001,0,0,0,0,0,0,0,0,0,0,0,0,0,0,0,0
Region 62,Region 15,47,0.282,30,0.33,19,0.284,20,0.285,17,0.145,51,0.198,72,0.147,127,0.161,168,0.196,176,0.249,139,0.238,147,0.252,121,0.197,141,0.23,143,0.23,176,0.257,198,0.285,183,0.235,157,0.214,125,0.23,113,0.26,106,0.29,68,0.258,53,0.293
Region 62,Region 16,2,0.012,0,0,0,0,1,0.014,0,0,1,0.004,0,0,0,0,2,0.002,1,0.001,1,0.002,0,0,1,0.002,1,0.002,2,0.003,3,0.004,3,0.004,0,0,4,0.005,1,0.002,0,0,0,0,3,0.011,1,0.006
Region 62,Region 17,0,0,0,0,0,0,0,0,0,0,0,0,3,0.006,1,0.001,1,0.001,1,0.001,0,0,1,0.002,0,0,0,0,0,0,0,0,0,0,0,0,0,0,0,0,0,0,0,0,0,0,0,0
Region 62,Region 18,0,0,0,0,0,0,0,0,0,0,0,0,0,0,0,0,1,0.001,0,0,1,0.002,0,0,0,0,0,0,0,0,0,0,1,0.001,1,0.001,0,0,0,0,0,0,0,0,1,0.004,0,0
Region 62,Region 19,6,0.036,2,0.022,2,0.03,2,0.029,1,0.009,1,0.004,3,0.006,4,0.005,5,0.006,5,0.007,3,0.005,8,0.014,8,0.013,6,0.01,10,0.016,6,0.009,10,0.014,15,0.019,12,0.016,7,0.013,10,0.023,5,0.014,4,0.015,3,0.017
Region 62,Region 20,1,0.006,0,0,0,0,0,0,0,0,0,0,0,0,1,0.001,0,0,1,0.001,1,0.002,0,0,0,0,1,0.002,0,0,1,0.001,0,0,0,0,1,0.001,0,0,0,0,0,0,0,0,0,0
Region 62,Region 21,0,0,0,0,0,0,0,0,1,0.009,1,0.004,0,0,0,0,0,0,0,0,2,0.003,0,0,0,0,2,0.003,1,0.002,2,0.003,0,0,0,0,1,0.001,1,0.002,0,0,0,0,0,0,0,0
Region 62,Region 22,0,0,0,0,0,0,0,0,0,0,0,0,0,0,1,0.001,1,0.001,0,0,0,0,0,0,0,0,0,0,0,0,1,0.001,1,0.001,1,0.001,0,0,0,0,0,0,0,0,0,0,0,0
Region 62,Region 23,0,0,0,0,0,0,0,0,0,0,0,0,1,0.002,3,0.004,2,0.002,0,0,4,0.007,4,0.007,0,0,0,0,1,0.002,0,0,2,0.003,1,0.001,1,0.001,3,0.006,0,0,1,0.003,0,0,0,0
Region 62,Region 24,0,0,0,0,0,0,0,0,0,0,0,0,0,0,1,0.001,0,0,1,0.001,0,0,0,0,0,0,2,0.003,0,0,0,0,0,0,0,0,0,0,0,0,0,0,0,0,0,0,0,0
Region 62,Region 25,0,0,0,0,0,0,0,0,1,0.009,0,0,0,0,0,0,0,0,1,0.001,0,0,0,0,0,0,0,0,0,0,0,0,0,0,0,0,0,0,0,0,0,0,0,0,0,0,0,0
Region 62,Region 26,0,0,0,0,0,0,0,0,0,0,0,0,0,0,0,0,0,0,0,0,0,0,0,0,0,0,0,0,0,0,0,0,0,0,0,0,0,0,0,0,0,0,0,0,0,0,0,0
Region 62,Region 27,0,0,0,0,0,0,0,0,0,0,0,0,0,0,0,0,3,0.004,0,0,1,0.002,1,0.002,0,0,0,0,0,0,0,0,3,0.004,0,0,0,0,0,0,0,0,0,0,0,0,0,0
Region 62,Region 28,0,0,0,0,0,0,0,0,0,0,0,0,1,0.002,0,0,0,0,1,0.001,1,0.002,0,0,0,0,0,0,0,0,0,0,0,0,0,0,0,0,0,0,1,0.002,0,0,0,0,0,0
Region 62,Region 29,0,0,0,0,1,0.015,0,0,0,0,1,0.004,2,0.004,2,0.003,1,0.001,5,0.007,4,0.007,1,0.002,4,0.007,2,0.003,1,0.002,3,0.004,1,0.001,3,0.004,2,0.003,0,0,0,0,2,0.005,1,0.004,1,0.006
Region 62,Region 30,0,0,0,0,0,0,0,0,0,0,0,0,0,0,1,0.001,0,0,1,0.001,0,0,0,0,0,0,0,0,0,0,0,0,0,0,0,0,0,0,0,0,1,0.002,0,0,0,0,0,0
Region 62,Region 31,0,0,0,0,0,0,0,0,1,0.009,1,0.004,1,0.002,1,0.001,2,0.002,2,0.003,1,0.002,1,0.002,0,0,1,0.002,0,0,2,0.003,0,0,0,0,0,0,0,0,0,0,0,0,0,0,0,0
Region 62,Region 32,1,0.006,0,0,0,0,0,0,1,0.009,0,0,0,0,1,0.001,3,0.004,2,0.003,2,0.003,3,0.005,4,0.007,3,0.005,5,0.008,3,0.004,4,0.006,9,0.012,9,0.012,5,0.009,3,0.007,5,0.014,1,0.004,3,0.017
Region 62,Region 33,0,0,0,0,0,0,1,0.014,0,0,0,0,0,0,2,0.003,0,0,1,0.001,1,0.002,1,0.002,0,0,0,0,0,0,0,0,0,0,0,0,0,0,0,0,1,0.002,0,0,0,0,1,0.006
Region 62,Region 34,0,0,0,0,0,0,0,0,1,0.009,1,0.004,1,0.002,3,0.004,0,0,1,0.001,0,0,0,0,2,0.003,2,0.003,1,0.002,0,0,1,0.001,0,0,1,0.001,0,0,0,0,0,0,1,0.004,0,0
Region 62,Region 35,0,0,0,0,0,0,0,0,0,0,0,0,2,0.004,0,0,0,0,0,0,0,0,0,0,0,0,0,0,0,0,0,0,0,0,0,0,0,0,1,0.002,0,0,0,0,0,0,0,0
Region 62,Region 36,2,0.012,2,0.022,0,0,0,0,0,0,0,0,4,0.008,3,0.004,0,0,0,0,0,0,0,0,0,0,1,0.002,0,0,1,0.001,1,0.001,0,0,1,0.001,1,0.002,0,0,0,0,0,0,1,0.006
Region 62,Region 37,0,0,0,0,0,0,0,0,0,0,0,0,0,0,0,0,0,0,1,0.001,0,0,0,0,0,0,0,0,0,0,0,0,0,0,0,0,0,0,0,0,0,0,0,0,0,0,0,0
Region 62,Region 38,0,0,1,0.011,0,0,0,0,0,0,0,0,1,0.002,1,0.001,3,0.004,4,0.006,2,0.003,4,0.007,1,0.002,2,0.003,2,0.003,1,0.001,0,0,3,0.004,3,0.004,1,0.002,2,0.005,1,0.003,0,0,0,0
Region 62,Region 39,7,0.042,1,0.011,0,0,1,0.014,1,0.009,1,0.004,2,0.004,5,0.006,11,0.013,5,0.007,10,0.017,3,0.005,5,0.008,5,0.008,1,0.002,4,0.006,10,0.014,14,0.018,5,0.007,5,0.009,1,0.002,3,0.008,2,0.008,1,0.006
Region 62,Region 40,1,0.006,0,0,0,0,0,0,1,0.009,1,0.004,2,0.004,3,0.004,0,0,1,0.001,2,0.003,0,0,1,0.002,1,0.002,4,0.006,2,0.003,4,0.006,6,0.008,1,0.001,1,0.002,1,0.002,0,0,1,0.004,0,0
Region 62,Region 41,1,0.006,1,0.011,1,0.015,0,0,1,0.009,3,0.012,2,0.004,4,0.005,7,0.008,9,0.013,2,0.003,3,0.005,4,0.007,1,0.002,3,0.005,7,0.01,4,0.006,3,0.004,4,0.005,3,0.006,5,0.012,5,0.014,1,0.004,0,0
Region 62,Region 42,0,0,0,0,0,0,0,0,0,0,0,0,0,0,0,0,0,0,0,0,0,0,0,0,0,0,0,0,0,0,0,0,0,0,0,0,0,0,0,0,0,0,0,0,0,0,0,0
Region 62,Region 43,1,0.006,0,0,0,0,0,0,0,0,2,0.008,2,0.004,0,0,3,0.004,1,0.001,1,0.002,0,0,0,0,0,0,0,0,1,0.001,0,0,0,0,0,0,0,0,0,0,0,0,0,0,1,0.006
Region 62,Region 44,1,0.006,0,0,0,0,0,0,0,0,0,0,0,0,1,0.001,1,0.001,1,0.001,1,0.002,0,0,0,0,1,0.002,0,0,0,0,1,0.001,0,0,0,0,0,0,1,0.002,0,0,0,0,0,0
Region 62,Region 45,0,0,0,0,0,0,0,0,0,0,1,0.004,0,0,0,0,0,0,1,0.001,1,0.002,0,0,0,0,1,0.002,0,0,0,0,0,0,0,0,2,0.003,1,0.002,0,0,0,0,0,0,0,0
Region 62,Region 46,0,0,1,0.011,0,0,0,0,0,0,2,0.008,3,0.006,4,0.005,6,0.007,7,0.01,4,0.007,5,0.009,7,0.011,5,0.008,2,0.003,4,0.006,4,0.006,3,0.004,1,0.001,1,0.002,2,0.005,1,0.003,2,0.008,2,0.011
Region 62,Region 47,1,0.006,0,0,0,0,0,0,0,0,3,0.012,2,0.004,12,0.015,10,0.012,3,0.004,8,0.014,3,0.005,2,0.003,6,0.01,4,0.006,5,0.007,3,0.004,2,0.003,4,0.005,4,0.007,3,0.007,3,0.008,0,0,1,0.006
Region 62,Region 48,0,0,0,0,0,0,0,0,0,0,1,0.004,0,0,2,0.003,2,0.002,1,0.001,0,0,0,0,0,0,0,0,1,0.002,2,0.003,0,0,0,0,1,0.001,0,0,1,0.002,0,0,1,0.004,2,0.011
Region 62,Region 49,0,0,1,0.011,0,0,1,0.014,0,0,0,0,0,0,2,0.003,0,0,2,0.003,1,0.002,0,0,0,0,0,0,2,0.003,1,0.001,3,0.004,2,0.003,3,0.004,1,0.002,1,0.002,1,0.003,2,0.008,0,0
Region 62,Region 50,0,0,0,0,0,0,1,0.014,0,0,0,0,0,0,0,0,0,0,0,0,1,0.002,0,0,1,0.002,0,0,0,0,1,0.001,0,0,0,0,0,0,0,0,0,0,1,0.003,0,0,0,0
Region 62,Region 51,0,0,0,0,0,0,0,0,0,0,0,0,2,0.004,0,0,0,0,1,0.001,0,0,0,0,1,0.002,0,0,0,0,0,0,0,0,1,0.001,0,0,0,0,0,0,0,0,0,0,0,0
Region 62,Region 52,0,0,0,0,0,0,0,0,0,0,0,0,0,0,1,0.001,1,0.001,0,0,0,0,0,0,0,0,0,0,0,0,0,0,0,0,1,0.001,0,0,0,0,0,0,0,0,0,0,0,0
Region 62,Region 53,6,0.036,2,0.022,2,0.03,2,0.029,2,0.017,1,0.004,1,0.002,4,0.005,10,0.012,11,0.016,8,0.014,10,0.017,13,0.021,9,0.015,9,0.014,19,0.028,14,0.02,10,0.013,17,0.023,10,0.018,4,0.009,5,0.014,4,0.015,3,0.017
Region 62,Region 54,0,0,0,0,0,0,0,0,0,0,1,0.004,0,0,2,0.003,0,0,1,0.001,0,0,0,0,0,0,0,0,1,0.002,0,0,0,0,0,0,0,0,0,0,0,0,0,0,1,0.004,0,0
Region 62,Region 55,0,0,0,0,0,0,0,0,2,0.017,0,0,0,0,3,0.004,2,0.002,5,0.007,1,0.002,2,0.003,2,0.003,2,0.003,3,0.005,3,0.004,3,0.004,1,0.001,0,0,1,0.002,0,0,1,0.003,1,0.004,1,0.006
Region 62,Region 56,6,0.036,5,0.055,1,0.015,2,0.029,3,0.026,7,0.027,9,0.018,17,0.022,21,0.025,11,0.016,8,0.014,7,0.012,8,0.013,14,0.023,7,0.011,28,0.041,22,0.032,20,0.026,25,0.034,11,0.02,7,0.016,6,0.016,4,0.015,4,0.022
Region 62,Region 57,0,0,0,0,0,0,0,0,0,0,0,0,0,0,0,0,0,0,0,0,0,0,0,0,0,0,0,0,0,0,0,0,0,0,0,0,0,0,0,0,0,0,0,0,0,0,0,0
Region 62,Region 58,9,0.054,5,0.055,6,0.09,4,0.057,4,0.034,10,0.039,20,0.041,27,0.034,22,0.026,25,0.035,11,0.019,16,0.027,14,0.023,13,0.021,12,0.019,16,0.023,17,0.024,17,0.022,8,0.011,11,0.02,23,0.053,10,0.027,5,0.019,8,0.044
Region 62,Region 59,1,0.006,0,0,0,0,0,0,0,0,0,0,1,0.002,1,0.001,0,0,0,0,0,0,0,0,0,0,1,0.002,0,0,1,0.001,0,0,0,0,0,0,0,0,0,0,1,0.003,0,0,0,0
Region 62,Region 60,0,0,0,0,0,0,0,0,0,0,0,0,0,0,0,0,0,0,0,0,0,0,0,0,0,0,0,0,0,0,0,0,0,0,0,0,0,0,0,0,0,0,0,0,0,0,0,0
Region 62,Region 61,2,0.012,2,0.022,1,0.015,0,0,3,0.026,3,0.012,6,0.012,10,0.013,8,0.009,6,0.008,6,0.01,4,0.007,4,0.007,3,0.005,3,0.005,12,0.017,4,0.006,10,0.013,8,0.011,5,0.009,1,0.002,2,0.005,2,0.008,1,0.006
Region 62,Region 62,11,0.066,5,0.055,3,0.045,2,0.029,1,0.009,9,0.035,13,0.027,40,0.051,42,0.049,26,0.037,31,0.053,26,0.045,34,0.055,35,0.057,33,0.053,41,0.06,52,0.075,54,0.069,43,0.059,29,0.053,33,0.076,14,0.038,9,0.034,21,0.116
Region 62,Region 63,0,0,0,0,0,0,0,0,0,0,0,0,1,0.002,0,0,0,0,0,0,0,0,0,0,0,0,0,0,0,0,0,0,0,0,0,0,0,0,0,0,0,0,0,0,0,0,0,0
Region 62,Region 64,2,0.012,0,0,0,0,0,0,0,0,0,0,3,0.006,5,0.006,5,0.006,1,0.001,0,0,3,0.005,3,0.005,2,0.003,4,0.006,3,0.004,3,0.004,2,0.003,1,0.001,0,0,1,0.002,0,0,0,0,0,0
Region 62,Region 65,0,0,0,0,0,0,0,0,0,0,0,0,2,0.004,0,0,0,0,1,0.001,0,0,0,0,0,0,0,0,0,0,0,0,0,0,0,0,1,0.001,0,0,0,0,1,0.003,0,0,0,0
Region 62,Region 66,0,0,0,0,0,0,0,0,0,0,0,0,2,0.004,0,0,1,0.001,1,0.001,0,0,0,0,0,0,0,0,0,0,1,0.001,0,0,1,0.001,0,0,0,0,0,0,0,0,0,0,0,0
Region 62,Region 67,0,0,0,0,0,0,1,0.014,0,0,2,0.008,2,0.004,7,0.009,5,0.006,3,0.004,4,0.007,3,0.005,3,0.005,1,0.002,2,0.003,0,0,1,0.001,6,0.008,3,0.004,0,0,5,0.012,1,0.003,0,0,2,0.011
Region 62,Region 68,0,0,0,0,0,0,0,0,0,0,0,0,0,0,0,0,0,0,0,0,0,0,0,0,0,0,0,0,0,0,0,0,0,0,0,0,0,0,0,0,0,0,0,0,0,0,0,0
Region 62,Region 69,0,0,0,0,0,0,0,0,0,0,0,0,0,0,0,0,0,0,0,0,0,0,0,0,0,0,0,0,0,0,0,0,0,0,0,0,0,0,1,0.002,0,0,0,0,0,0,0,0
Region 62,Region 70,0,0,0,0,0,0,0,0,0,0,0,0,0,0,0,0,0,0,0,0,0,0,0,0,0,0,0,0,0,0,0,0,0,0,0,0,0,0,0,0,0,0,0,0,0,0,0,0
Region 62,Region 71,0,0,0,0,0,0,0,0,0,0,0,0,0,0,0,0,1,0.001,0,0,0,0,0,0,0,0,0,0,1,0.002,0,0,0,0,0,0,0,0,0,0,0,0,0,0,0,0,0,0
Region 62,Region 72,1,0.006,0,0,1,0.015,0,0,0,0,1,0.004,1,0.002,2,0.003,1,0.001,1,0.001,2,0.003,1,0.002,3,0.005,3,0.005,1,0.002,0,0,0,0,2,0.003,0,0,4,0.007,5,0.012,2,0.005,1,0.004,1,0.006
Region 63,Region 0,0,0,0,0,0,0,0,0,0,0,0,0,0,0,0,0,0,0,0,0,0,0,0,0,0,0,0,0,1,0.002,0,0,0,0,0,0,0,0,0,0,0,0,0,0,0,0,0,0
Region 63,Region 1,0,0,1,0.011,0,0,0,0,0,0,0,0,3,0.006,1,0.001,4,0.005,2,0.003,2,0.003,1,0.002,0,0,2,0.003,1,0.002,0,0,1,0.001,0,0,0,0,1,0.002,0,0,0,0,1,0.004,0,0
Region 63,Region 2,1,0.006,1,0.011,0,0,0,0,0,0,0,0,0,0,1,0.001,0,0,0,0,0,0,1,0.002,0,0,1,0.002,1,0.002,0,0,0,0,0,0,0,0,0,0,0,0,0,0,1,0.004,0,0
Region 63,Region 3,0,0,0,0,0,0,0,0,0,0,0,0,0,0,0,0,0,0,0,0,0,0,0,0,0,0,0,0,0,0,0,0,0,0,0,0,0,0,2,0.004,0,0,0,0,0,0,0,0
Region 63,Region 4,6,0.036,5,0.055,7,0.105,5,0.071,3,0.026,6,0.023,10,0.02,28,0.036,33,0.039,13,0.018,20,0.034,29,0.05,34,0.055,29,0.047,37,0.059,52,0.076,59,0.085,43,0.055,29,0.039,35,0.064,27,0.062,16,0.044,7,0.027,8,0.044
Region 63,Region 5,0,0,0,0,0,0,0,0,0,0,0,0,0,0,0,0,0,0,1,0.001,0,0,0,0,1,0.002,0,0,0,0,0,0,0,0,0,0,0,0,0,0,0,0,0,0,0,0,0,0
Region 63,Region 6,0,0,0,0,0,0,0,0,0,0,0,0,2,0.004,2,0.003,1,0.001,1,0.001,2,0.003,1,0.002,1,0.002,1,0.002,2,0.003,6,0.009,1,0.001,1,0.001,1,0.001,0,0,0,0,1,0.003,0,0,1,0.006
Region 63,Region 7,0,0,0,0,0,0,0,0,0,0,0,0,0,0,0,0,0,0,0,0,0,0,0,0,0,0,0,0,0,0,1,0.001,1,0.001,0,0,1,0.001,0,0,0,0,1,0.003,0,0,0,0
Region 63,Region 8,0,0,0,0,0,0,0,0,0,0,0,0,0,0,0,0,0,0,0,0,0,0,0,0,0,0,0,0,0,0,0,0,0,0,0,0,0,0,0,0,0,0,0,0,0,0,0,0
Region 63,Region 9,4,0.024,0,0,3,0.045,3,0.043,2,0.017,5,0.019,1,0.002,15,0.019,22,0.026,13,0.018,11,0.019,9,0.015,11,0.018,11,0.018,18,0.029,19,0.028,15,0.022,9,0.012,8,0.011,9,0.017,2,0.005,3,0.008,4,0.015,3,0.017
Region 63,Region 10,0,0,0,0,0,0,3,0.043,0,0,0,0,1,0.002,3,0.004,1,0.001,0,0,0,0,1,0.002,0,0,1,0.002,1,0.002,2,0.003,1,0.001,0,0,0,0,0,0,1,0.002,1,0.003,0,0,0,0
Region 63,Region 11,1,0.006,0,0,0,0,0,0,0,0,0,0,0,0,0,0,1,0.001,0,0,0,0,1,0.002,1,0.002,1,0.002,0,0,1,0.001,0,0,1,0.001,3,0.004,1,0.002,2,0.005,2,0.005,1,0.004,0,0
Region 63,Region 12,3,0.018,0,0,1,0.015,1,0.014,0,0,1,0.004,1,0.002,6,0.008,7,0.008,7,0.01,5,0.009,4,0.007,7,0.011,8,0.013,5,0.008,9,0.013,12,0.017,6,0.008,9,0.012,7,0.013,5,0.012,5,0.014,1,0.004,0,0
Region 63,Region 13,3,0.018,0,0,0,0,2,0.029,0,0,0,0,5,0.01,8,0.01,16,0.019,5,0.007,9,0.015,3,0.005,9,0.015,6,0.01,6,0.01,3,0.004,7,0.01,7,0.009,6,0.008,3,0.006,1,0.002,2,0.005,2,0.008,1,0.006
Region 63,Region 14,0,0,0,0,0,0,0,0,0,0,0,0,1,0.002,1,0.001,0,0,0,0,0,0,0,0,1,0.002,1,0.002,1,0.002,0,0,1,0.001,1,0.001,0,0,0,0,0,0,0,0,0,0,0,0
Region 63,Region 15,0,0,0,0,0,0,0,0,0,0,0,0,0,0,1,0.001,0,0,0,0,0,0,0,0,0,0,1,0.002,0,0,0,0,0,0,0,0,0,0,0,0,0,0,0,0,0,0,0,0
Region 63,Region 16,0,0,0,0,0,0,0,0,0,0,0,0,0,0,0,0,0,0,0,0,0,0,0,0,0,0,0,0,0,0,0,0,0,0,0,0,0,0,0,0,0,0,0,0,0,0,0,0
Region 63,Region 17,0,0,0,0,1,0.015,0,0,0,0,3,0.012,1,0.002,6,0.008,9,0.011,7,0.01,13,0.022,21,0.036,5,0.008,5,0.008,7,0.011,14,0.02,9,0.013,9,0.012,14,0.019,5,0.009,4,0.009,3,0.008,0,0,2,0.011
Region 63,Region 18,0,0,0,0,0,0,0,0,0,0,1,0.004,1,0.002,0,0,2,0.002,2,0.003,1,0.002,0,0,2,0.003,1,0.002,1,0.002,1,0.001,2,0.003,2,0.003,1,0.001,1,0.002,0,0,0,0,0,0,0,0
Region 63,Region 19,0,0,0,0,0,0,0,0,0,0,0,0,0,0,0,0,0,0,0,0,0,0,0,0,1,0.002,0,0,0,0,0,0,0,0,0,0,0,0,0,0,0,0,0,0,0,0,0,0
Region 63,Region 20,0,0,0,0,0,0,0,0,0,0,0,0,2,0.004,0,0,3,0.004,0,0,4,0.007,1,0.002,1,0.002,0,0,1,0.002,1,0.001,0,0,0,0,1,0.001,0,0,0,0,1,0.003,0,0,0,0
Region 63,Region 21,0,0,0,0,0,0,0,0,0,0,0,0,0,0,0,0,0,0,0,0,0,0,0,0,0,0,0,0,0,0,0,0,0,0,0,0,0,0,0,0,0,0,0,0,0,0,0,0
Region 63,Region 22,0,0,0,0,0,0,0,0,0,0,0,0,0,0,0,0,1,0.001,0,0,0,0,0,0,0,0,0,0,0,0,0,0,0,0,0,0,0,0,0,0,0,0,0,0,0,0,0,0
Region 63,Region 23,0,0,1,0.011,0,0,0,0,0,0,0,0,0,0,2,0.003,3,0.004,2,0.003,1,0.002,4,0.007,1,0.002,1,0.002,2,0.003,6,0.009,4,0.006,4,0.005,5,0.007,1,0.002,2,0.005,3,0.008,1,0.004,0,0
Region 63,Region 24,2,0.012,1,0.011,3,0.045,0,0,1,0.009,2,0.008,1,0.002,19,0.024,11,0.013,12,0.017,9,0.015,20,0.034,10,0.016,23,0.037,22,0.035,26,0.038,18,0.026,28,0.036,26,0.035,15,0.028,9,0.021,15,0.041,8,0.03,5,0.028
Region 63,Region 25,1,0.006,0,0,0,0,0,0,0,0,0,0,0,0,0,0,1,0.001,1,0.001,1,0.002,0,0,1,0.002,0,0,0,0,0,0,0,0,0,0,0,0,0,0,0,0,0,0,0,0,1,0.006
Region 63,Region 26,0,0,0,0,0,0,0,0,0,0,0,0,0,0,1,0.001,1,0.001,0,0,0,0,0,0,1,0.002,0,0,0,0,0,0,0,0,0,0,0,0,0,0,0,0,0,0,0,0,0,0
Region 63,Region 27,0,0,0,0,0,0,2,0.029,1,0.009,0,0,0,0,0,0,0,0,0,0,0,0,0,0,0,0,0,0,0,0,0,0,0,0,0,0,0,0,0,0,0,0,0,0,0,0,0,0
Region 63,Region 28,0,0,0,0,0,0,1,0.014,0,0,1,0.004,2,0.004,5,0.006,5,0.006,6,0.008,2,0.003,1,0.002,2,0.003,2,0.003,4,0.006,1,0.001,3,0.004,1,0.001,2,0.003,0,0,1,0.002,0,0,1,0.004,0,0
Region 63,Region 29,2,0.012,1,0.011,0,0,0,0,0,0,0,0,0,0,1,0.001,2,0.002,2,0.003,2,0.003,0,0,3,0.005,0,0,2,0.003,0,0,2,0.003,4,0.005,3,0.004,1,0.002,0,0,1,0.003,1,0.004,1,0.006
Region 63,Region 30,0,0,0,0,0,0,0,0,0,0,1,0.004,1,0.002,5,0.006,6,0.007,4,0.006,2,0.003,1,0.002,1,0.002,1,0.002,3,0.005,1,0.001,0,0,3,0.004,1,0.001,1,0.002,0,0,1,0.003,1,0.004,0,0
Region 63,Region 31,0,0,0,0,0,0,0,0,1,0.009,1,0.004,2,0.004,7,0.009,6,0.007,3,0.004,2,0.003,9,0.015,4,0.007,4,0.007,3,0.005,1,0.001,2,0.003,2,0.003,3,0.004,0,0,3,0.007,0,0,2,0.008,0,0
Region 63,Region 32,0,0,0,0,0,0,0,0,0,0,0,0,0,0,0,0,0,0,0,0,0,0,0,0,0,0,0,0,0,0,0,0,0,0,0,0,0,0,0,0,0,0,0,0,0,0,0,0
Region 63,Region 33,2,0.012,0,0,2,0.03,2,0.029,0,0,1,0.004,3,0.006,5,0.006,6,0.007,5,0.007,2,0.003,2,0.003,1,0.002,4,0.007,6,0.01,5,0.007,5,0.007,3,0.004,1,0.001,0,0,2,0.005,0,0,5,0.019,1,0.006
Region 63,Region 34,0,0,0,0,0,0,0,0,0,0,1,0.004,4,0.008,6,0.008,7,0.008,5,0.007,4,0.007,1,0.002,7,0.011,3,0.005,3,0.005,1,0.001,1,0.001,3,0.004,2,0.003,0,0,4,0.009,2,0.005,1,0.004,2,0.011
Region 63,Region 35,0,0,0,0,0,0,0,0,1,0.009,0,0,0,0,1,0.001,1,0.001,1,0.001,0,0,1,0.002,1,0.002,0,0,0,0,0,0,1,0.001,0,0,0,0,0,0,0,0,1,0.003,2,0.008,0,0
Region 63,Region 36,0,0,0,0,0,0,0,0,0,0,1,0.004,0,0,1,0.001,0,0,1,0.001,0,0,1,0.002,0,0,0,0,0,0,1,0.001,0,0,0,0,1,0.001,0,0,0,0,1,0.003,0,0,0,0
Region 63,Region 37,2,0.012,0,0,0,0,0,0,0,0,1,0.004,1,0.002,10,0.013,27,0.032,13,0.018,11,0.019,6,0.01,4,0.007,10,0.016,11,0.018,5,0.007,14,0.02,13,0.017,14,0.019,5,0.009,5,0.012,2,0.005,3,0.011,3,0.017
Region 63,Region 38,0,0,0,0,0,0,0,0,0,0,0,0,0,0,1,0.001,0,0,0,0,0,0,0,0,1,0.002,2,0.003,0,0,0,0,0,0,3,0.004,2,0.003,1,0.002,1,0.002,0,0,0,0,0,0
Region 63,Region 39,0,0,1,0.011,0,0,0,0,0,0,0,0,0,0,0,0,0,0,0,0,0,0,2,0.003,0,0,1,0.002,0,0,0,0,1,0.001,0,0,0,0,0,0,0,0,0,0,1,0.004,0,0
Region 63,Region 40,1,0.006,3,0.033,0,0,3,0.043,3,0.026,2,0.008,9,0.018,15,0.019,23,0.027,20,0.028,10,0.017,23,0.039,28,0.046,24,0.039,25,0.04,36,0.052,34,0.049,37,0.048,36,0.049,20,0.037,17,0.039,14,0.038,8,0.03,2,0.011
Region 63,Region 41,0,0,0,0,1,0.015,0,0,0,0,1,0.004,1,0.002,1,0.001,3,0.004,0,0,0,0,1,0.002,1,0.002,2,0.003,0,0,0,0,0,0,1,0.001,0,0,1,0.002,0,0,1,0.003,0,0,0,0
Region 63,Region 42,0,0,0,0,0,0,0,0,0,0,0,0,0,0,1,0.001,0,0,1,0.001,0,0,0,0,0,0,1,0.002,0,0,0,0,0,0,1,0.001,0,0,0,0,0,0,0,0,0,0,0,0
Region 63,Region 43,0,0,0,0,0,0,0,0,0,0,0,0,0,0,0,0,1,0.001,1,0.001,0,0,0,0,0,0,1,0.002,2,0.003,0,0,0,0,0,0,0,0,1,0.002,4,0.009,1,0.003,1,0.004,0,0
Region 63,Region 44,1,0.006,0,0,1,0.015,1,0.014,0,0,0,0,2,0.004,7,0.009,5,0.006,7,0.01,0,0,1,0.002,0,0,4,0.007,3,0.005,4,0.006,6,0.009,2,0.003,6,0.008,0,0,0,0,1,0.003,3,0.011,0,0
Region 63,Region 45,0,0,0,0,0,0,0,0,0,0,0,0,4,0.008,2,0.003,5,0.006,4,0.006,3,0.005,12,0.021,4,0.007,10,0.016,7,0.011,5,0.007,3,0.004,9,0.012,8,0.011,4,0.007,2,0.005,0,0,2,0.008,0,0
Region 63,Region 46,0,0,0,0,0,0,0,0,0,0,0,0,2,0.004,8,0.01,3,0.004,4,0.006,2,0.003,3,0.005,6,0.01,4,0.007,4,0.006,3,0.004,3,0.004,2,0.003,1,0.001,0,0,0,0,0,0,0,0,0,0
Region 63,Region 47,0,0,0,0,1,0.015,0,0,0,0,0,0,0,0,0,0,3,0.004,1,0.001,2,0.003,1,0.002,1,0.002,0,0,1,0.002,2,0.003,0,0,1,0.001,0,0,2,0.004,1,0.002,0,0,0,0,0,0
Region 63,Region 48,0,0,0,0,0,0,0,0,0,0,0,0,0,0,1,0.001,0,0,0,0,0,0,0,0,1,0.002,0,0,2,0.003,1,0.001,1,0.001,0,0,0,0,0,0,0,0,0,0,0,0,0,0
Region 63,Region 49,0,0,0,0,0,0,0,0,0,0,0,0,0,0,0,0,0,0,1,0.001,0,0,0,0,0,0,0,0,0,0,0,0,0,0,2,0.003,1,0.001,0,0,0,0,0,0,0,0,0,0
Region 63,Region 50,0,0,0,0,0,0,0,0,0,0,0,0,0,0,0,0,0,0,0,0,0,0,0,0,0,0,0,0,0,0,1,0.001,0,0,0,0,0,0,0,0,0,0,0,0,2,0.008,0,0
Region 63,Region 51,0,0,1,0.011,0,0,3,0.043,0,0,2,0.008,5,0.01,6,0.008,2,0.002,2,0.003,2,0.003,5,0.009,5,0.008,2,0.003,0,0,2,0.003,3,0.004,0,0,2,0.003,2,0.004,0,0,0,0,2,0.008,2,0.011
Region 63,Region 52,0,0,0,0,0,0,0,0,0,0,0,0,1,0.002,0,0,1,0.001,1,0.001,0,0,1,0.002,0,0,0,0,0,0,1,0.001,1,0.001,0,0,0,0,0,0,0,0,0,0,0,0,1,0.006
Region 63,Region 53,0,0,1,0.011,0,0,0,0,0,0,0,0,0,0,0,0,0,0,0,0,0,0,0,0,0,0,0,0,0,0,0,0,0,0,0,0,0,0,0,0,0,0,0,0,0,0,0,0
Region 63,Region 54,0,0,0,0,0,0,0,0,0,0,0,0,0,0,2,0.003,1,0.001,1,0.001,1,0.002,0,0,1,0.002,0,0,0,0,0,0,0,0,3,0.004,2,0.003,0,0,0,0,0,0,0,0,0,0
Region 63,Region 55,0,0,0,0,0,0,0,0,0,0,0,0,1,0.002,1,0.001,2,0.002,2,0.003,1,0.002,2,0.003,1,0.002,2,0.003,0,0,0,0,2,0.003,3,0.004,2,0.003,0,0,0,0,0,0,2,0.008,0,0
Region 63,Region 56,0,0,0,0,0,0,0,0,0,0,0,0,0,0,0,0,0,0,0,0,0,0,0,0,0,0,0,0,0,0,0,0,1,0.001,0,0,0,0,0,0,0,0,0,0,0,0,0,0
Region 63,Region 57,0,0,0,0,0,0,0,0,0,0,0,0,0,0,0,0,0,0,0,0,0,0,0,0,0,0,0,0,0,0,0,0,0,0,0,0,0,0,0,0,0,0,0,0,0,0,0,0
Region 63,Region 58,2,0.012,0,0,1,0.015,1,0.014,0,0,2,0.008,6,0.012,4,0.005,2,0.002,4,0.006,2,0.003,1,0.002,2,0.003,5,0.008,10,0.016,5,0.007,6,0.009,3,0.004,3,0.004,2,0.004,1,0.002,3,0.008,1,0.004,2,0.011
Region 63,Region 59,0,0,0,0,0,0,0,0,0,0,0,0,0,0,1,0.001,1,0.001,0,0,0,0,0,0,1,0.002,0,0,0,0,0,0,0,0,0,0,0,0,0,0,0,0,0,0,0,0,0,0
Region 63,Region 60,0,0,0,0,0,0,0,0,0,0,0,0,0,0,0,0,0,0,0,0,0,0,0,0,0,0,0,0,0,0,0,0,0,0,0,0,0,0,0,0,0,0,0,0,0,0,0,0
Region 63,Region 61,0,0,0,0,0,0,0,0,1,0.009,0,0,0,0,2,0.003,0,0,0,0,1,0.002,1,0.002,0,0,1,0.002,0,0,0,0,1,0.001,0,0,1,0.001,3,0.006,0,0,1,0.003,0,0,0,0
Region 63,Region 62,0,0,0,0,0,0,0,0,0,0,0,0,0,0,0,0,0,0,1,0.001,0,0,0,0,0,0,0,0,0,0,0,0,1,0.001,0,0,1,0.001,0,0,0,0,0,0,0,0,0,0
Region 63,Region 63,9,0.054,5,0.055,1,0.015,1,0.014,2,0.017,1,0.004,4,0.008,28,0.036,45,0.053,24,0.034,22,0.038,27,0.046,38,0.062,39,0.063,32,0.051,36,0.052,39,0.056,44,0.057,31,0.042,25,0.046,22,0.051,13,0.036,7,0.027,3,0.017
Region 63,Region 64,0,0,0,0,0,0,0,0,0,0,0,0,0,0,0,0,2,0.002,1,0.001,0,0,0,0,0,0,0,0,0,0,0,0,0,0,0,0,0,0,0,0,0,0,0,0,0,0,0,0
Region 63,Region 65,0,0,0,0,1,0.015,0,0,0,0,0,0,2,0.004,1,0.001,2,0.002,0,0,1,0.002,0,0,0,0,2,0.003,0,0,1,0.001,1,0.001,2,0.003,1,0.001,0,0,1,0.002,0,0,0,0,0,0
Region 63,Region 66,0,0,0,0,0,0,0,0,0,0,0,0,0,0,0,0,0,0,0,0,0,0,0,0,3,0.005,1,0.002,1,0.002,0,0,0,0,0,0,0,0,0,0,0,0,0,0,0,0,0,0
Region 63,Region 67,0,0,0,0,0,0,0,0,0,0,0,0,0,0,0,0,0,0,0,0,0,0,1,0.002,0,0,0,0,0,0,0,0,0,0,0,0,1,0.001,0,0,0,0,0,0,0,0,0,0
Region 63,Region 68,0,0,0,0,0,0,0,0,0,0,0,0,0,0,0,0,0,0,0,0,1,0.002,0,0,0,0,0,0,0,0,0,0,0,0,0,0,0,0,0,0,0,0,0,0,0,0,0,0
Region 63,Region 69,0,0,0,0,0,0,0,0,0,0,1,0.004,1,0.002,7,0.009,7,0.008,5,0.007,2,0.003,1,0.002,2,0.003,0,0,0,0,3,0.004,0,0,1,0.001,3,0.004,1,0.002,0,0,0,0,1,0.004,0,0
Region 63,Region 70,0,0,0,0,0,0,0,0,0,0,0,0,0,0,0,0,0,0,0,0,1,0.002,0,0,0,0,0,0,0,0,0,0,0,0,0,0,0,0,0,0,0,0,0,0,0,0,0,0
Region 63,Region 71,0,0,0,0,0,0,0,0,0,0,0,0,0,0,3,0.004,0,0,0,0,0,0,0,0,0,0,0,0,0,0,0,0,0,0,0,0,0,0,0,0,0,0,0,0,0,0,0,0
Region 63,Region 72,1,0.006,2,0.022,0,0,0,0,4,0.034,0,0,5,0.01,6,0.008,6,0.007,0,0,3,0.005,4,0.007,7,0.011,8,0.013,4,0.006,4,0.006,2,0.003,1,0.001,4,0.005,3,0.006,5,0.012,1,0.003,0,0,0,0
Region 64,Region 0,1,0.006,0,0,0,0,0,0,0,0,0,0,0,0,1,0.001,2,0.002,1,0.001,0,0,3,0.005,0,0,2,0.003,1,0.002,0,0,2,0.003,1,0.001,3,0.004,2,0.004,3,0.007,1,0.003,1,0.004,0,0
Region 64,Region 1,0,0,1,0.011,0,0,0,0,0,0,2,0.008,2,0.004,2,0.003,2,0.002,4,0.006,6,0.01,1,0.002,0,0,1,0.002,2,0.003,1,0.001,1,0.001,0,0,1,0.001,0,0,1,0.002,0,0,0,0,1,0.006
Region 64,Region 2,0,0,1,0.011,0,0,0,0,0,0,2,0.008,1,0.002,2,0.003,3,0.004,2,0.003,1,0.002,3,0.005,0,0,2,0.003,2,0.003,2,0.003,0,0,3,0.004,1,0.001,3,0.006,1,0.002,0,0,0,0,0,0
Region 64,Region 3,0,0,0,0,0,0,0,0,0,0,0,0,1,0.002,0,0,0,0,1,0.001,0,0,0,0,0,0,1,0.002,1,0.002,0,0,0,0,2,0.003,0,0,1,0.002,2,0.005,0,0,0,0,2,0.011
Region 64,Region 4,0,0,0,0,0,0,0,0,1,0.009,0,0,0,0,3,0.004,1,0.001,0,0,1,0.002,0,0,0,0,1,0.002,0,0,1,0.001,0,0,0,0,0,0,0,0,0,0,0,0,0,0,0,0
Region 64,Region 5,0,0,0,0,0,0,0,0,0,0,0,0,0,0,1,0.001,2,0.002,0,0,1,0.002,0,0,1,0.002,1,0.002,0,0,2,0.003,0,0,2,0.003,0,0,2,0.004,0,0,1,0.003,2,0.008,0,0
Region 64,Region 6,22,0.132,15,0.165,13,0.195,7,0.1,9,0.077,21,0.081,58,0.118,72,0.091,69,0.081,67,0.095,51,0.087,70,0.12,79,0.129,83,0.135,85,0.137,124,0.181,133,0.191,68,0.087,106,0.144,53,0.098,45,0.104,44,0.12,28,0.106,28,0.155
Region 64,Region 7,1,0.006,0,0,2,0.03,0,0,3,0.026,2,0.008,6,0.012,8,0.01,6,0.007,7,0.01,5,0.009,7,0.012,12,0.02,12,0.02,15,0.024,14,0.02,11,0.016,14,0.018,8,0.011,7,0.013,8,0.018,3,0.008,5,0.019,2,0.011
Region 64,Region 8,0,0,0,0,0,0,0,0,0,0,0,0,0,0,0,0,0,0,0,0,0,0,0,0,0,0,0,0,0,0,0,0,0,0,0,0,0,0,0,0,0,0,0,0,0,0,0,0
Region 64,Region 9,1,0.006,2,0.022,0,0,1,0.014,3,0.026,1,0.004,2,0.004,1,0.001,4,0.005,3,0.004,2,0.003,5,0.009,2,0.003,3,0.005,3,0.005,3,0.004,6,0.009,5,0.006,4,0.005,1,0.002,4,0.009,3,0.008,1,0.004,0,0
Region 64,Region 10,1,0.006,0,0,0,0,0,0,0,0,1,0.004,0,0,0,0,2,0.002,0,0,1,0.002,0,0,0,0,0,0,0,0,1,0.001,0,0,0,0,0,0,0,0,0,0,0,0,0,0,0,0
Region 64,Region 11,0,0,0,0,0,0,0,0,0,0,0,0,0,0,0,0,0,0,0,0,0,0,1,0.002,1,0.002,0,0,0,0,0,0,0,0,0,0,0,0,0,0,0,0,0,0,0,0,1,0.006
Region 64,Region 12,0,0,0,0,0,0,0,0,0,0,1,0.004,2,0.004,0,0,0,0,0,0,0,0,0,0,0,0,0,0,0,0,1,0.001,0,0,1,0.001,0,0,0,0,1,0.002,2,0.005,0,0,0,0
Region 64,Region 13,4,0.024,2,0.022,0,0,1,0.014,1,0.009,0,0,6,0.012,11,0.014,30,0.035,16,0.023,8,0.014,8,0.014,9,0.015,5,0.008,5,0.008,9,0.013,6,0.009,10,0.013,3,0.004,4,0.007,1,0.002,3,0.008,1,0.004,0,0
Region 64,Region 14,0,0,0,0,0,0,0,0,0,0,1,0.004,1,0.002,0,0,0,0,0,0,0,0,0,0,0,0,0,0,1,0.002,0,0,0,0,1,0.001,0,0,0,0,0,0,0,0,0,0,0,0
Region 64,Region 15,16,0.096,7,0.077,4,0.06,10,0.143,9,0.077,11,0.043,34,0.069,41,0.052,64,0.075,67,0.095,56,0.096,67,0.115,34,0.055,50,0.081,51,0.082,50,0.073,66,0.095,77,0.099,56,0.076,43,0.079,34,0.078,34,0.093,26,0.099,14,0.077
Region 64,Region 16,0,0,0,0,0,0,0,0,0,0,0,0,0,0,0,0,1,0.001,0,0,0,0,1,0.002,1,0.002,0,0,4,0.006,1,0.001,3,0.004,3,0.004,0,0,0,0,2,0.005,1,0.003,0,0,0,0
Region 64,Region 17,1,0.006,0,0,1,0.015,0,0,0,0,0,0,1,0.002,3,0.004,4,0.005,5,0.007,0,0,0,0,2,0.003,0,0,0,0,0,0,0,0,0,0,1,0.001,0,0,0,0,0,0,2,0.008,0,0
Region 64,Region 18,0,0,0,0,0,0,0,0,0,0,0,0,0,0,0,0,0,0,0,0,0,0,0,0,0,0,0,0,0,0,0,0,0,0,0,0,0,0,0,0,1,0.002,0,0,1,0.004,1,0.006
Region 64,Region 19,2,0.012,0,0,1,0.015,0,0,1,0.009,1,0.004,0,0,1,0.001,3,0.004,3,0.004,1,0.002,0,0,2,0.003,2,0.003,0,0,4,0.006,3,0.004,4,0.005,3,0.004,1,0.002,0,0,1,0.003,3,0.011,3,0.017
Region 64,Region 20,0,0,0,0,0,0,0,0,0,0,1,0.004,0,0,1,0.001,2,0.002,0,0,0,0,3,0.005,1,0.002,0,0,0,0,0,0,0,0,1,0.001,1,0.001,0,0,0,0,0,0,0,0,1,0.006
Region 64,Region 21,0,0,0,0,0,0,0,0,0,0,0,0,0,0,0,0,0,0,0,0,0,0,0,0,1,0.002,1,0.002,0,0,1,0.001,0,0,0,0,0,0,1,0.002,0,0,0,0,0,0,0,0
Region 64,Region 22,1,0.006,0,0,1,0.015,0,0,0,0,0,0,0,0,0,0,1,0.001,0,0,2,0.003,0,0,1,0.002,0,0,2,0.003,4,0.006,1,0.001,2,0.003,0,0,3,0.006,4,0.009,0,0,1,0.004,0,0
Region 64,Region 23,0,0,1,0.011,0,0,0,0,0,0,0,0,1,0.002,1,0.001,1,0.001,0,0,3,0.005,0,0,2,0.003,0,0,0,0,1,0.001,0,0,1,0.001,1,0.001,1,0.002,1,0.002,1,0.003,0,0,1,0.006
Region 64,Region 24,0,0,2,0.022,0,0,0,0,0,0,1,0.004,0,0,0,0,1,0.001,3,0.004,1,0.002,1,0.002,1,0.002,5,0.008,1,0.002,4,0.006,0,0,1,0.001,1,0.001,0,0,0,0,1,0.003,1,0.004,1,0.006
Region 64,Region 25,1,0.006,0,0,0,0,0,0,0,0,0,0,0,0,0,0,0,0,0,0,0,0,0,0,0,0,0,0,1,0.002,0,0,0,0,0,0,0,0,0,0,0,0,0,0,0,0,0,0
Region 64,Region 26,0,0,0,0,0,0,0,0,0,0,1,0.004,0,0,1,0.001,0,0,1,0.001,0,0,0,0,0,0,0,0,0,0,0,0,0,0,0,0,0,0,0,0,0,0,0,0,0,0,0,0
Region 64,Region 27,0,0,1,0.011,0,0,0,0,1,0.009,0,0,2,0.004,5,0.006,1,0.001,1,0.001,1,0.002,0,0,0,0,1,0.002,1,0.002,5,0.007,2,0.003,3,0.004,0,0,0,0,3,0.007,1,0.003,0,0,0,0
Region 64,Region 28,1,0.006,0,0,0,0,0,0,0,0,0,0,1,0.002,3,0.004,3,0.004,1,0.001,1,0.002,0,0,1,0.002,1,0.002,1,0.002,1,0.001,1,0.001,1,0.001,0,0,0,0,0,0,0,0,0,0,0,0
Region 64,Region 29,1,0.006,0,0,0,0,1,0.014,0,0,1,0.004,6,0.012,3,0.004,10,0.012,8,0.011,5,0.009,4,0.007,4,0.007,1,0.002,7,0.011,6,0.009,2,0.003,3,0.004,3,0.004,2,0.004,2,0.005,1,0.003,1,0.004,1,0.006
Region 64,Region 30,0,0,0,0,0,0,0,0,0,0,0,0,0,0,1,0.001,1,0.001,1,0.001,0,0,0,0,1,0.002,0,0,0,0,0,0,0,0,0,0,0,0,1,0.002,0,0,0,0,1,0.004,0,0
Region 64,Region 31,0,0,0,0,0,0,0,0,0,0,0,0,2,0.004,0,0,0,0,0,0,1,0.002,1,0.002,1,0.002,1,0.002,1,0.002,1,0.001,0,0,1,0.001,1,0.001,1,0.002,0,0,1,0.003,0,0,0,0
Region 64,Region 32,0,0,0,0,0,0,0,0,1,0.009,0,0,2,0.004,1,0.001,0,0,0,0,0,0,0,0,0,0,0,0,1,0.002,1,0.001,3,0.004,2,0.003,0,0,0,0,0,0,0,0,0,0,0,0
Region 64,Region 33,0,0,0,0,0,0,0,0,0,0,0,0,2,0.004,5,0.006,2,0.002,1,0.001,1,0.002,0,0,0,0,1,0.002,3,0.005,2,0.003,0,0,1,0.001,0,0,1,0.002,0,0,0,0,0,0,0,0
Region 64,Region 34,3,0.018,0,0,0,0,1,0.014,1,0.009,2,0.008,2,0.004,1,0.001,10,0.012,9,0.013,0,0,2,0.003,1,0.002,0,0,2,0.003,0,0,0,0,1,0.001,0,0,2,0.004,3,0.007,3,0.008,4,0.015,0,0
Region 64,Region 35,0,0,0,0,0,0,0,0,0,0,0,0,0,0,0,0,0,0,0,0,0,0,0,0,0,0,0,0,1,0.002,0,0,0,0,0,0,0,0,0,0,0,0,0,0,0,0,0,0
Region 64,Region 36,0,0,1,0.011,0,0,0,0,0,0,0,0,2,0.004,0,0,0,0,1,0.001,2,0.003,2,0.003,0,0,1,0.002,0,0,0,0,4,0.006,4,0.005,2,0.003,0,0,1,0.002,1,0.003,2,0.008,0,0
Region 64,Region 37,0,0,0,0,0,0,0,0,0,0,0,0,1,0.002,0,0,1,0.001,3,0.004,2,0.003,3,0.005,2,0.003,0,0,0,0,3,0.004,3,0.004,1,0.001,2,0.003,0,0,2,0.005,0,0,0,0,1,0.006
Region 64,Region 38,2,0.012,0,0,0,0,0,0,0,0,1,0.004,0,0,0,0,2,0.002,2,0.003,1,0.002,1,0.002,0,0,0,0,0,0,2,0.003,0,0,0,0,0,0,0,0,0,0,0,0,0,0,0,0
Region 64,Region 39,10,0.06,3,0.033,4,0.06,3,0.043,1,0.009,1,0.004,1,0.002,5,0.006,18,0.021,15,0.021,16,0.027,15,0.026,13,0.021,26,0.042,24,0.039,34,0.05,31,0.045,28,0.036,29,0.039,19,0.035,20,0.046,16,0.044,9,0.034,7,0.039
Region 64,Region 40,3,0.018,3,0.033,2,0.03,1,0.014,1,0.009,2,0.008,14,0.029,11,0.014,27,0.032,12,0.017,11,0.019,12,0.021,7,0.011,13,0.021,12,0.019,15,0.022,16,0.023,7,0.009,15,0.02,9,0.017,4,0.009,6,0.016,8,0.03,4,0.022
Region 64,Region 41,1,0.006,1,0.011,0,0,1,0.014,1,0.009,5,0.019,3,0.006,3,0.004,4,0.005,5,0.007,4,0.007,10,0.017,10,0.016,3,0.005,10,0.016,4,0.006,5,0.007,4,0.005,8,0.011,8,0.015,4,0.009,0,0,3,0.011,1,0.006
Region 64,Region 42,0,0,0,0,0,0,0,0,0,0,0,0,1,0.002,0,0,0,0,0,0,0,0,0,0,0,0,0,0,0,0,0,0,0,0,0,0,0,0,0,0,0,0,0,0,0,0,0,0
Region 64,Region 43,1,0.006,0,0,0,0,0,0,1,0.009,1,0.004,0,0,3,0.004,5,0.006,3,0.004,0,0,1,0.002,0,0,5,0.008,4,0.006,1,0.001,2,0.003,2,0.003,4,0.005,2,0.004,4,0.009,1,0.003,2,0.008,1,0.006
Region 64,Region 44,0,0,0,0,0,0,0,0,0,0,0,0,1,0.002,2,0.003,3,0.004,1,0.001,0,0,1,0.002,0,0,1,0.002,0,0,2,0.003,1,0.001,0,0,2,0.003,1,0.002,0,0,0,0,0,0,1,0.006
Region 64,Region 45,1,0.006,1,0.011,0,0,0,0,0,0,0,0,0,0,3,0.004,2,0.002,2,0.003,1,0.002,3,0.005,1,0.002,0,0,0,0,3,0.004,3,0.004,1,0.001,2,0.003,1,0.002,3,0.007,1,0.003,1,0.004,0,0
Region 64,Region 46,0,0,1,0.011,0,0,2,0.029,0,0,1,0.004,3,0.006,1,0.001,3,0.004,5,0.007,0,0,1,0.002,3,0.005,1,0.002,0,0,1,0.001,0,0,1,0.001,1,0.001,3,0.006,0,0,1,0.003,0,0,1,0.006
Region 64,Region 47,1,0.006,0,0,1,0.015,0,0,0,0,0,0,1,0.002,2,0.003,3,0.004,2,0.003,0,0,1,0.002,0,0,0,0,0,0,0,0,0,0,3,0.004,1,0.001,1,0.002,0,0,0,0,0,0,0,0
Region 64,Region 48,1,0.006,2,0.022,0,0,3,0.043,0,0,0,0,1,0.002,5,0.006,4,0.005,8,0.011,2,0.003,4,0.007,4,0.007,3,0.005,4,0.006,6,0.009,3,0.004,4,0.005,5,0.007,1,0.002,3,0.007,3,0.008,3,0.011,0,0
Region 64,Region 49,0,0,0,0,1,0.015,0,0,0,0,0,0,1,0.002,5,0.006,15,0.018,4,0.006,8,0.014,5,0.009,3,0.005,5,0.008,8,0.013,12,0.017,3,0.004,6,0.008,6,0.008,5,0.009,3,0.007,3,0.008,4,0.015,3,0.017
Region 64,Region 50,2,0.012,0,0,0,0,0,0,0,0,0,0,0,0,0,0,1,0.001,1,0.001,0,0,0,0,0,0,1,0.002,0,0,0,0,1,0.001,0,0,2,0.003,1,0.002,0,0,1,0.003,0,0,0,0
Region 64,Region 51,1,0.006,0,0,0,0,0,0,0,0,0,0,0,0,4,0.005,0,0,2,0.003,2,0.003,2,0.003,0,0,0,0,0,0,0,0,0,0,0,0,0,0,0,0,0,0,0,0,0,0,0,0
Region 64,Region 52,0,0,0,0,0,0,0,0,0,0,0,0,0,0,0,0,0,0,0,0,0,0,1,0.002,0,0,0,0,0,0,0,0,1,0.001,0,0,0,0,0,0,0,0,0,0,0,0,0,0
Region 64,Region 53,0,0,0,0,0,0,0,0,0,0,0,0,0,0,0,0,0,0,1,0.001,2,0.003,2,0.003,0,0,1,0.002,0,0,1,0.001,1,0.001,0,0,4,0.005,1,0.002,2,0.005,2,0.005,0,0,2,0.011
Region 64,Region 54,0,0,0,0,0,0,0,0,1,0.009,0,0,0,0,4,0.005,1,0.001,0,0,1,0.002,1,0.002,1,0.002,1,0.002,0,0,1,0.001,0,0,2,0.003,1,0.001,0,0,2,0.005,0,0,2,0.008,0,0
Region 64,Region 55,0,0,0,0,0,0,0,0,0,0,0,0,0,0,1,0.001,2,0.002,2,0.003,1,0.002,2,0.003,0,0,1,0.002,2,0.003,0,0,0,0,0,0,1,0.001,0,0,2,0.005,0,0,0,0,0,0
Region 64,Region 56,0,0,0,0,0,0,0,0,0,0,0,0,0,0,1,0.001,1,0.001,0,0,1,0.002,1,0.002,0,0,1,0.002,1,0.002,0,0,0,0,2,0.003,1,0.001,0,0,2,0.005,0,0,3,0.011,1,0.006
Region 64,Region 57,0,0,0,0,0,0,0,0,0,0,1,0.004,0,0,0,0,0,0,0,0,0,0,0,0,1,0.002,0,0,0,0,0,0,0,0,0,0,2,0.003,1,0.002,0,0,0,0,0,0,0,0
Region 64,Region 58,45,0.27,25,0.275,16,0.239,12,0.171,21,0.179,30,0.116,61,0.125,108,0.137,114,0.133,102,0.144,102,0.175,91,0.156,92,0.15,127,0.207,99,0.159,145,0.211,164,0.236,181,0.233,203,0.276,104,0.192,62,0.143,64,0.175,43,0.163,42,0.232
Region 64,Region 59,0,0,1,0.011,0,0,0,0,0,0,0,0,1,0.002,1,0.001,1,0.001,1,0.001,0,0,0,0,1,0.002,0,0,2,0.003,1,0.001,0,0,1,0.001,1,0.001,0,0,0,0,1,0.003,0,0,1,0.006
Region 64,Region 60,0,0,0,0,0,0,1,0.014,0,0,0,0,1,0.002,0,0,0,0,0,0,0,0,0,0,0,0,0,0,0,0,0,0,0,0,0,0,0,0,1,0.002,0,0,0,0,0,0,1,0.006
Region 64,Region 61,5,0.03,4,0.044,5,0.075,3,0.043,3,0.026,3,0.012,11,0.022,16,0.02,20,0.023,13,0.018,14,0.024,16,0.027,16,0.026,9,0.015,18,0.029,25,0.036,24,0.035,21,0.027,40,0.054,14,0.026,11,0.025,9,0.025,10,0.038,6,0.033
Region 64,Region 62,3,0.018,1,0.011,0,0,2,0.029,0,0,1,0.004,3,0.006,7,0.009,6,0.007,3,0.004,4,0.007,4,0.007,3,0.005,3,0.005,3,0.005,2,0.003,3,0.004,2,0.003,4,0.005,2,0.004,7,0.016,3,0.008,1,0.004,0,0
Region 64,Region 63,1,0.006,0,0,0,0,0,0,0,0,0,0,0,0,1,0.001,2,0.002,1,0.001,0,0,1,0.002,0,0,1,0.002,0,0,0,0,0,0,0,0,0,0,0,0,0,0,1,0.003,0,0,0,0
Region 64,Region 64,5,0.03,3,0.033,4,0.06,8,0.114,5,0.043,6,0.023,7,0.014,17,0.022,21,0.025,11,0.016,4,0.007,20,0.034,19,0.031,18,0.029,23,0.037,31,0.045,27,0.039,35,0.045,36,0.049,24,0.044,11,0.025,10,0.027,7,0.027,6,0.033
Region 64,Region 65,0,0,0,0,0,0,0,0,0,0,0,0,0,0,2,0.003,5,0.006,1,0.001,1,0.002,0,0,1,0.002,1,0.002,2,0.003,1,0.001,0,0,3,0.004,1,0.001,3,0.006,0,0,1,0.003,1,0.004,1,0.006
Region 64,Region 66,0,0,0,0,0,0,0,0,0,0,2,0.008,1,0.002,3,0.004,1,0.001,1,0.001,1,0.002,1,0.002,2,0.003,0,0,0,0,0,0,0,0,0,0,1,0.001,0,0,1,0.002,0,0,0,0,0,0
Region 64,Region 67,1,0.006,0,0,0,0,0,0,0,0,0,0,0,0,2,0.003,2,0.002,3,0.004,1,0.002,1,0.002,3,0.005,2,0.003,3,0.005,3,0.004,2,0.003,5,0.006,6,0.008,2,0.004,2,0.005,2,0.005,0,0,1,0.006
Region 64,Region 68,0,0,0,0,0,0,0,0,0,0,0,0,2,0.004,0,0,0,0,1,0.001,0,0,0,0,0,0,0,0,0,0,0,0,0,0,0,0,0,0,0,0,0,0,0,0,0,0,0,0
Region 64,Region 69,0,0,0,0,0,0,0,0,0,0,0,0,2,0.004,2,0.003,0,0,0,0,1,0.002,0,0,0,0,0,0,0,0,1,0.001,0,0,0,0,0,0,0,0,0,0,0,0,0,0,0,0
Region 64,Region 70,0,0,0,0,0,0,0,0,0,0,0,0,0,0,0,0,0,0,1,0.001,0,0,0,0,0,0,0,0,0,0,0,0,0,0,0,0,1,0.001,0,0,0,0,0,0,0,0,0,0
Region 64,Region 71,0,0,0,0,0,0,0,0,0,0,0,0,1,0.002,2,0.003,0,0,2,0.003,1,0.002,0,0,0,0,0,0,0,0,0,0,0,0,0,0,0,0,0,0,1,0.002,0,0,0,0,0,0
Region 64,Region 72,5,0.03,0,0,1,0.015,3,0.043,3,0.026,3,0.012,4,0.008,8,0.01,10,0.012,6,0.008,3,0.005,3,0.005,3,0.005,5,0.008,4,0.006,3,0.004,2,0.003,5,0.006,4,0.005,5,0.009,3,0.007,3,0.008,5,0.019,1,0.006
Region 65,Region 0,0,0,0,0,0,0,0,0,0,0,0,0,0,0,0,0,0,0,0,0,0,0,0,0,0,0,0,0,0,0,0,0,0,0,0,0,0,0,0,0,0,0,0,0,0,0,0,0
Region 65,Region 1,13,0.078,7,0.077,4,0.06,8,0.114,2,0.017,7,0.027,7,0.014,28,0.036,57,0.067,65,0.092,78,0.134,78,0.134,91,0.148,64,0.104,58,0.093,84,0.122,91,0.131,101,0.13,124,0.169,66,0.122,59,0.136,58,0.159,50,0.19,24,0.133
Region 65,Region 2,6,0.036,5,0.055,1,0.015,2,0.029,2,0.017,0,0,2,0.004,8,0.01,12,0.014,8,0.011,7,0.012,14,0.024,6,0.01,11,0.018,15,0.024,20,0.029,23,0.033,17,0.022,17,0.023,12,0.022,5,0.012,11,0.03,9,0.034,12,0.066
Region 65,Region 3,1,0.006,0,0,0,0,1,0.014,1,0.009,1,0.004,0,0,0,0,0,0,1,0.001,2,0.003,1,0.002,0,0,1,0.002,0,0,0,0,1,0.001,1,0.001,7,0.01,0,0,0,0,1,0.003,0,0,2,0.011
Region 65,Region 4,0,0,0,0,1,0.015,1,0.014,0,0,0,0,0,0,1,0.001,2,0.002,1,0.001,0,0,0,0,1,0.002,0,0,3,0.005,3,0.004,2,0.003,2,0.003,1,0.001,3,0.006,1,0.002,1,0.003,2,0.008,0,0
Region 65,Region 5,0,0,0,0,0,0,0,0,0,0,0,0,0,0,0,0,0,0,0,0,2,0.003,0,0,1,0.002,0,0,1,0.002,2,0.003,0,0,0,0,0,0,0,0,0,0,2,0.005,0,0,0,0
Region 65,Region 6,2,0.012,1,0.011,0,0,1,0.014,1,0.009,0,0,1,0.002,2,0.003,0,0,1,0.001,2,0.003,5,0.009,2,0.003,0,0,3,0.005,5,0.007,8,0.012,14,0.018,6,0.008,2,0.004,7,0.016,3,0.008,4,0.015,0,0
Region 65,Region 7,0,0,0,0,0,0,0,0,1,0.009,0,0,0,0,0,0,2,0.002,1,0.001,1,0.002,1,0.002,0,0,1,0.002,2,0.003,3,0.004,5,0.007,3,0.004,2,0.003,1,0.002,3,0.007,0,0,0,0,0,0
Region 65,Region 8,0,0,0,0,0,0,0,0,0,0,0,0,0,0,0,0,1,0.001,0,0,0,0,1,0.002,1,0.002,0,0,0,0,0,0,1,0.001,2,0.003,0,0,0,0,0,0,0,0,0,0,0,0
Region 65,Region 9,0,0,0,0,0,0,0,0,0,0,2,0.008,0,0,1,0.001,0,0,2,0.003,0,0,0,0,1,0.002,0,0,0,0,2,0.003,1,0.001,0,0,4,0.005,2,0.004,2,0.005,0,0,0,0,0,0
Region 65,Region 10,3,0.018,1,0.011,1,0.015,3,0.043,1,0.009,1,0.004,4,0.008,7,0.009,12,0.014,11,0.016,3,0.005,6,0.01,7,0.011,5,0.008,6,0.01,15,0.022,12,0.017,8,0.01,15,0.02,7,0.013,6,0.014,4,0.011,7,0.027,1,0.006
Region 65,Region 11,0,0,0,0,0,0,1,0.014,0,0,0,0,0,0,0,0,0,0,0,0,0,0,0,0,0,0,0,0,1,0.002,1,0.001,1,0.001,0,0,2,0.003,0,0,1,0.002,1,0.003,0,0,0,0
Region 65,Region 12,0,0,0,0,1,0.015,0,0,0,0,0,0,1,0.002,1,0.001,1,0.001,1,0.001,0,0,0,0,0,0,0,0,1,0.002,0,0,2,0.003,0,0,0,0,4,0.007,0,0,0,0,0,0,0,0
Region 65,Region 13,12,0.072,10,0.11,4,0.06,7,0.1,6,0.051,8,0.031,14,0.029,25,0.032,52,0.061,67,0.095,64,0.11,48,0.082,43,0.07,47,0.077,52,0.084,55,0.08,68,0.098,62,0.08,42,0.057,32,0.059,24,0.055,30,0.082,14,0.053,16,0.088
Region 65,Region 14,0,0,0,0,0,0,0,0,0,0,0,0,0,0,0,0,2,0.002,1,0.001,1,0.002,1,0.002,1,0.002,1,0.002,0,0,3,0.004,8,0.012,11,0.014,6,0.008,1,0.002,2,0.005,0,0,0,0,1,0.006
Region 65,Region 15,0,0,1,0.011,0,0,1,0.014,0,0,2,0.008,0,0,0,0,0,0,1,0.001,1,0.002,2,0.003,2,0.003,3,0.005,0,0,0,0,2,0.003,1,0.001,1,0.001,2,0.004,0,0,0,0,1,0.004,0,0
Region 65,Region 16,0,0,0,0,0,0,0,0,0,0,0,0,0,0,0,0,0,0,0,0,0,0,0,0,0,0,0,0,1,0.002,0,0,0,0,0,0,0,0,0,0,0,0,1,0.003,0,0,0,0
Region 65,Region 17,0,0,0,0,0,0,0,0,1,0.009,0,0,1,0.002,1,0.001,2,0.002,0,0,2,0.003,5,0.009,2,0.003,2,0.003,3,0.005,5,0.007,6,0.009,3,0.004,3,0.004,0,0,1,0.002,3,0.008,1,0.004,2,0.011
Region 65,Region 18,0,0,0,0,0,0,0,0,0,0,0,0,0,0,1,0.001,0,0,1,0.001,0,0,0,0,0,0,0,0,1,0.002,0,0,0,0,0,0,0,0,0,0,0,0,0,0,0,0,0,0
Region 65,Region 19,0,0,0,0,1,0.015,0,0,0,0,0,0,0,0,0,0,0,0,0,0,1,0.002,1,0.002,0,0,0,0,0,0,0,0,1,0.001,0,0,0,0,0,0,1,0.002,1,0.003,1,0.004,0,0
Region 65,Region 20,1,0.006,0,0,3,0.045,1,0.014,0,0,0,0,1,0.002,1,0.001,4,0.005,4,0.006,12,0.021,2,0.003,3,0.005,2,0.003,9,0.014,8,0.012,5,0.007,7,0.009,5,0.007,8,0.015,3,0.007,2,0.005,1,0.004,1,0.006
Region 65,Region 21,0,0,0,0,0,0,0,0,0,0,0,0,0,0,0,0,0,0,0,0,1,0.002,0,0,0,0,0,0,0,0,0,0,1,0.001,0,0,2,0.003,0,0,0,0,0,0,1,0.004,0,0
Region 65,Region 22,0,0,0,0,1,0.015,0,0,0,0,0,0,1,0.002,1,0.001,1,0.001,0,0,1,0.002,1,0.002,0,0,2,0.003,1,0.002,1,0.001,6,0.009,5,0.006,3,0.004,1,0.002,1,0.002,0,0,2,0.008,2,0.011
Region 65,Region 23,1,0.006,1,0.011,1,0.015,1,0.014,0,0,0,0,1,0.002,2,0.003,8,0.009,5,0.007,6,0.01,2,0.003,4,0.007,3,0.005,4,0.006,8,0.012,8,0.012,11,0.014,7,0.01,3,0.006,3,0.007,3,0.008,1,0.004,2,0.011
Region 65,Region 24,0,0,1,0.011,1,0.015,1,0.014,1,0.009,1,0.004,4,0.008,0,0,1,0.001,3,0.004,2,0.003,7,0.012,5,0.008,4,0.007,4,0.006,7,0.01,6,0.009,9,0.012,1,0.001,6,0.011,2,0.005,4,0.011,1,0.004,2,0.011
Region 65,Region 25,0,0,1,0.011,2,0.03,0,0,0,0,0,0,0,0,2,0.003,2,0.002,0,0,1,0.002,0,0,2,0.003,6,0.01,3,0.005,3,0.004,3,0.004,9,0.012,4,0.005,2,0.004,2,0.005,3,0.008,3,0.011,0,0
Region 65,Region 26,0,0,0,0,0,0,0,0,0,0,0,0,1,0.002,1,0.001,1,0.001,1,0.001,1,0.002,0,0,1,0.002,2,0.003,1,0.002,0,0,4,0.006,3,0.004,1,0.001,0,0,2,0.005,0,0,0,0,0,0
Region 65,Region 27,0,0,0,0,1,0.015,2,0.029,0,0,2,0.008,4,0.008,6,0.008,4,0.005,3,0.004,5,0.009,2,0.003,6,0.01,4,0.007,11,0.018,6,0.009,9,0.013,8,0.01,8,0.011,2,0.004,7,0.016,4,0.011,1,0.004,0,0
Region 65,Region 28,3,0.018,1,0.011,0,0,0,0,0,0,0,0,1,0.002,7,0.009,4,0.005,2,0.003,4,0.007,2,0.003,7,0.011,8,0.013,7,0.011,10,0.015,7,0.01,5,0.006,9,0.012,3,0.006,1,0.002,4,0.011,1,0.004,5,0.028
Region 65,Region 29,21,0.126,8,0.088,5,0.075,4,0.057,2,0.017,2,0.008,8,0.016,20,0.025,28,0.033,56,0.079,32,0.055,43,0.074,60,0.098,63,0.103,66,0.106,48,0.07,67,0.096,65,0.084,49,0.067,29,0.053,24,0.055,18,0.049,19,0.072,20,0.111
Region 65,Region 30,3,0.018,0,0,1,0.015,0,0,0,0,2,0.008,5,0.01,6,0.008,12,0.014,13,0.018,6,0.01,10,0.017,11,0.018,7,0.011,6,0.01,16,0.023,17,0.024,22,0.028,30,0.041,12,0.022,3,0.007,6,0.016,3,0.011,4,0.022
Region 65,Region 31,2,0.012,0,0,0,0,0,0,1,0.009,3,0.012,2,0.004,6,0.008,7,0.008,13,0.018,9,0.015,14,0.024,16,0.026,15,0.024,10,0.016,8,0.012,16,0.023,17,0.022,24,0.033,11,0.02,5,0.012,4,0.011,3,0.011,0,0
Region 65,Region 32,0,0,0,0,0,0,0,0,0,0,0,0,0,0,0,0,0,0,0,0,0,0,0,0,0,0,0,0,1,0.002,0,0,0,0,0,0,0,0,1,0.002,0,0,1,0.003,0,0,0,0
Region 65,Region 33,7,0.042,0,0,1,0.015,4,0.057,4,0.034,5,0.019,7,0.014,13,0.016,16,0.019,20,0.028,29,0.05,24,0.041,20,0.033,33,0.054,42,0.067,67,0.098,54,0.078,40,0.051,36,0.049,15,0.028,14,0.032,24,0.066,15,0.057,7,0.039
Region 65,Region 34,20,0.12,10,0.11,5,0.075,3,0.043,5,0.043,5,0.019,17,0.035,41,0.052,63,0.074,73,0.103,55,0.094,65,0.111,71,0.116,75,0.122,95,0.153,89,0.13,87,0.125,96,0.123,103,0.14,53,0.098,44,0.101,53,0.145,39,0.148,27,0.149
Region 65,Region 35,1,0.006,0,0,1,0.015,2,0.029,2,0.017,0,0,1,0.002,0,0,1,0.001,0,0,1,0.002,2,0.003,3,0.005,3,0.005,4,0.006,5,0.007,3,0.004,1,0.001,5,0.007,2,0.004,2,0.005,1,0.003,4,0.015,2,0.011
Region 65,Region 36,0,0,0,0,1,0.015,1,0.014,0,0,0,0,0,0,0,0,0,0,1,0.001,0,0,1,0.002,0,0,1,0.002,2,0.003,2,0.003,3,0.004,5,0.006,1,0.001,1,0.002,2,0.005,2,0.005,1,0.004,2,0.011
Region 65,Region 37,0,0,0,0,0,0,0,0,0,0,0,0,2,0.004,0,0,3,0.004,5,0.007,3,0.005,1,0.002,5,0.008,5,0.008,3,0.005,6,0.009,3,0.004,2,0.003,0,0,4,0.007,5,0.012,4,0.011,1,0.004,3,0.017
Region 65,Region 38,1,0.006,1,0.011,1,0.015,1,0.014,0,0,0,0,0,0,0,0,3,0.004,3,0.004,8,0.014,3,0.005,4,0.007,7,0.011,3,0.005,5,0.007,10,0.014,17,0.022,12,0.016,8,0.015,2,0.005,3,0.008,2,0.008,1,0.006
Region 65,Region 39,0,0,0,0,0,0,0,0,0,0,0,0,1,0.002,0,0,1,0.001,2,0.003,0,0,1,0.002,1,0.002,1,0.002,1,0.002,1,0.001,2,0.003,3,0.004,2,0.003,4,0.007,0,0,0,0,0,0,0,0
Region 65,Region 40,11,0.066,7,0.077,2,0.03,6,0.086,5,0.043,2,0.008,3,0.006,9,0.011,14,0.016,9,0.013,9,0.015,7,0.012,10,0.016,12,0.02,16,0.026,31,0.045,23,0.033,16,0.021,30,0.041,21,0.039,14,0.032,16,0.044,4,0.015,15,0.083
Region 65,Region 41,4,0.024,8,0.088,3,0.045,2,0.029,5,0.043,3,0.012,6,0.012,7,0.009,11,0.013,9,0.013,11,0.019,11,0.019,15,0.024,18,0.029,25,0.04,24,0.035,23,0.033,33,0.042,20,0.027,8,0.015,7,0.016,6,0.016,7,0.027,8,0.044
Region 65,Region 42,0,0,0,0,0,0,0,0,0,0,0,0,0,0,0,0,1,0.001,0,0,1,0.002,2,0.003,2,0.003,0,0,1,0.002,0,0,2,0.003,0,0,0,0,0,0,0,0,1,0.003,1,0.004,0,0
Region 65,Region 43,3,0.018,3,0.033,0,0,0,0,0,0,0,0,1,0.002,3,0.004,4,0.005,3,0.004,4,0.007,3,0.005,1,0.002,2,0.003,2,0.003,2,0.003,7,0.01,6,0.008,5,0.007,4,0.007,3,0.007,4,0.011,2,0.008,0,0
Region 65,Region 44,2,0.012,1,0.011,1,0.015,1,0.014,0,0,0,0,1,0.002,0,0,1,0.001,3,0.004,4,0.007,1,0.002,4,0.007,2,0.003,1,0.002,4,0.006,2,0.003,4,0.005,3,0.004,1,0.002,6,0.014,3,0.008,0,0,1,0.006
Region 65,Region 45,2,0.012,0,0,0,0,1,0.014,0,0,1,0.004,1,0.002,3,0.004,0,0,2,0.003,5,0.009,3,0.005,4,0.007,8,0.013,8,0.013,11,0.016,15,0.022,17,0.022,24,0.033,9,0.017,6,0.014,6,0.016,3,0.011,3,0.017
Region 65,Region 46,3,0.018,0,0,4,0.06,2,0.029,10,0.085,6,0.023,9,0.018,19,0.024,11,0.013,18,0.025,18,0.031,23,0.039,17,0.028,27,0.044,17,0.027,39,0.057,46,0.066,23,0.03,27,0.037,21,0.039,16,0.037,9,0.025,13,0.049,6,0.033
Region 65,Region 47,1,0.006,2,0.022,1,0.015,1,0.014,0,0,0,0,2,0.004,1,0.001,3,0.004,0,0,4,0.007,3,0.005,5,0.008,2,0.003,4,0.006,9,0.013,7,0.01,7,0.009,6,0.008,4,0.007,2,0.005,1,0.003,4,0.015,2,0.011
Region 65,Region 48,1,0.006,0,0,1,0.015,0,0,0,0,0,0,1,0.002,2,0.003,4,0.005,2,0.003,1,0.002,2,0.003,1,0.002,5,0.008,2,0.003,6,0.009,4,0.006,4,0.005,8,0.011,1,0.002,2,0.005,0,0,0,0,0,0
Region 65,Region 49,3,0.018,2,0.022,0,0,0,0,0,0,1,0.004,0,0,0,0,2,0.002,2,0.003,1,0.002,1,0.002,0,0,1,0.002,2,0.003,1,0.001,3,0.004,5,0.006,1,0.001,2,0.004,2,0.005,1,0.003,1,0.004,3,0.017
Region 65,Region 50,1,0.006,1,0.011,0,0,1,0.014,0,0,0,0,0,0,2,0.003,2,0.002,0,0,3,0.005,6,0.01,4,0.007,0,0,7,0.011,4,0.006,2,0.003,5,0.006,7,0.01,4,0.007,2,0.005,1,0.003,0,0,0,0
Region 65,Region 51,7,0.042,2,0.022,2,0.03,0,0,1,0.009,2,0.008,5,0.01,19,0.024,6,0.007,7,0.01,20,0.034,14,0.024,11,0.018,24,0.039,30,0.048,32,0.047,31,0.045,19,0.024,44,0.06,14,0.026,9,0.021,7,0.019,4,0.015,6,0.033
Region 65,Region 52,0,0,0,0,0,0,0,0,0,0,0,0,0,0,0,0,0,0,1,0.001,0,0,0,0,1,0.002,0,0,0,0,2,0.003,1,0.001,0,0,1,0.001,2,0.004,1,0.002,0,0,0,0,0,0
Region 65,Region 53,0,0,0,0,0,0,0,0,0,0,0,0,0,0,0,0,0,0,0,0,0,0,0,0,0,0,0,0,0,0,1,0.001,0,0,0,0,0,0,0,0,0,0,0,0,0,0,1,0.006
Region 65,Region 54,5,0.03,4,0.044,0,0,1,0.014,2,0.017,2,0.008,2,0.004,5,0.006,8,0.009,4,0.006,7,0.012,16,0.027,11,0.018,4,0.007,13,0.021,16,0.023,12,0.017,20,0.026,16,0.022,5,0.009,13,0.03,9,0.025,4,0.015,3,0.017
Region 65,Region 55,1,0.006,0,0,0,0,0,0,0,0,1,0.004,3,0.006,5,0.006,4,0.005,1,0.001,1,0.002,4,0.007,2,0.003,2,0.003,2,0.003,1,0.001,3,0.004,6,0.008,1,0.001,7,0.013,2,0.005,2,0.005,1,0.004,0,0
Region 65,Region 56,0,0,1,0.011,0,0,0,0,0,0,0,0,0,0,0,0,0,0,1,0.001,0,0,0,0,2,0.003,1,0.002,0,0,0,0,0,0,1,0.001,2,0.003,2,0.004,0,0,0,0,0,0,1,0.006
Region 65,Region 57,1,0.006,0,0,1,0.015,0,0,0,0,2,0.008,1,0.002,5,0.006,3,0.004,1,0.001,5,0.009,0,0,1,0.002,3,0.005,8,0.013,8,0.012,11,0.016,9,0.012,11,0.015,2,0.004,1,0.002,2,0.005,2,0.008,1,0.006
Region 65,Region 58,3,0.018,3,0.033,1,0.015,1,0.014,3,0.026,4,0.016,2,0.004,11,0.014,5,0.006,7,0.01,7,0.012,9,0.015,17,0.028,5,0.008,20,0.032,29,0.042,26,0.037,20,0.026,18,0.024,10,0.018,5,0.012,10,0.027,9,0.034,4,0.022
Region 65,Region 59,1,0.006,0,0,0,0,1,0.014,2,0.017,0,0,2,0.004,2,0.003,1,0.001,7,0.01,7,0.012,8,0.014,1,0.002,0,0,0,0,3,0.004,2,0.003,4,0.005,5,0.007,2,0.004,1,0.002,1,0.003,0,0,3,0.017
Region 65,Region 60,0,0,0,0,0,0,0,0,0,0,0,0,0,0,3,0.004,0,0,3,0.004,1,0.002,1,0.002,4,0.007,1,0.002,3,0.005,4,0.006,0,0,2,0.003,0,0,0,0,1,0.002,0,0,0,0,2,0.011
Region 65,Region 61,1,0.006,1,0.011,3,0.045,3,0.043,1,0.009,0,0,4,0.008,4,0.005,1,0.001,2,0.003,3,0.005,4,0.007,3,0.005,3,0.005,7,0.011,7,0.01,8,0.012,9,0.012,9,0.012,2,0.004,9,0.021,4,0.011,3,0.011,1,0.006
Region 65,Region 62,0,0,0,0,1,0.015,0,0,0,0,0,0,0,0,1,0.001,0,0,0,0,0,0,0,0,0,0,1,0.002,0,0,1,0.001,1,0.001,1,0.001,0,0,1,0.002,0,0,0,0,0,0,0,0
Region 65,Region 63,1,0.006,5,0.055,0,0,0,0,0,0,0,0,1,0.002,2,0.003,1,0.001,2,0.003,0,0,2,0.003,3,0.005,1,0.002,1,0.002,0,0,2,0.003,2,0.003,3,0.004,0,0,0,0,1,0.003,1,0.004,0,0
Region 65,Region 64,0,0,0,0,0,0,0,0,0,0,0,0,1,0.002,0,0,1,0.001,0,0,0,0,0,0,0,0,0,0,0,0,2,0.003,0,0,1,0.001,2,0.003,2,0.004,1,0.002,3,0.008,0,0,0,0
Region 65,Region 65,29,0.174,15,0.165,10,0.15,9,0.128,9,0.077,13,0.05,21,0.043,74,0.094,127,0.148,147,0.208,132,0.226,135,0.231,131,0.213,109,0.177,117,0.188,142,0.207,152,0.219,142,0.183,154,0.21,108,0.199,66,0.152,66,0.181,60,0.228,30,0.166
Region 65,Region 66,8,0.048,5,0.055,3,0.045,7,0.1,2,0.017,1,0.004,9,0.018,23,0.029,18,0.021,21,0.03,13,0.022,20,0.034,18,0.029,23,0.037,19,0.031,20,0.029,39,0.056,31,0.04,30,0.041,15,0.028,19,0.044,12,0.033,14,0.053,14,0.077
Region 65,Region 67,1,0.006,0,0,0,0,0,0,0,0,0,0,0,0,0,0,0,0,0,0,0,0,0,0,0,0,1,0.002,0,0,0,0,0,0,1,0.001,0,0,0,0,0,0,1,0.003,0,0,0,0
Region 65,Region 68,2,0.012,0,0,0,0,1,0.014,0,0,0,0,0,0,0,0,0,0,1,0.001,0,0,0,0,0,0,1,0.002,2,0.003,3,0.004,5,0.007,4,0.005,3,0.004,0,0,0,0,0,0,0,0,0,0
Region 65,Region 69,0,0,0,0,0,0,0,0,0,0,0,0,0,0,1,0.001,3,0.004,1,0.001,4,0.007,0,0,0,0,2,0.003,0,0,1,0.001,1,0.001,3,0.004,0,0,0,0,1,0.002,0,0,0,0,0,0
Region 65,Region 70,0,0,0,0,0,0,0,0,0,0,0,0,0,0,0,0,1,0.001,0,0,0,0,0,0,0,0,0,0,0,0,0,0,1,0.001,0,0,1,0.001,0,0,0,0,0,0,0,0,0,0
Region 65,Region 71,0,0,0,0,0,0,2,0.029,0,0,0,0,1,0.002,1,0.001,2,0.002,1,0.001,0,0,1,0.002,2,0.003,3,0.005,0,0,4,0.006,1,0.001,1,0.001,4,0.005,1,0.002,1,0.002,0,0,0,0,0,0
Region 65,Region 72,13,0.078,11,0.121,5,0.075,11,0.157,2,0.017,3,0.012,5,0.01,27,0.034,23,0.027,25,0.035,31,0.053,39,0.067,25,0.041,50,0.081,60,0.096,57,0.083,55,0.079,45,0.058,59,0.08,36,0.066,32,0.074,30,0.082,21,0.08,22,0.122
Region 66,Region 0,0,0,0,0,0,0,0,0,0,0,0,0,0,0,0,0,0,0,0,0,0,0,0,0,0,0,0,0,0,0,1,0.001,0,0,0,0,0,0,0,0,0,0,0,0,0,0,0,0
Region 66,Region 1,10,0.06,8,0.088,6,0.09,2,0.029,4,0.034,5,0.019,10,0.02,29,0.037,66,0.077,66,0.093,38,0.065,49,0.084,61,0.099,47,0.077,50,0.08,51,0.074,52,0.075,64,0.082,59,0.08,43,0.079,53,0.122,35,0.096,24,0.091,26,0.144
Region 66,Region 2,3,0.018,3,0.033,0,0,1,0.014,0,0,0,0,1,0.002,4,0.005,9,0.011,3,0.004,3,0.005,7,0.012,8,0.013,7,0.011,6,0.01,9,0.013,25,0.036,10,0.013,8,0.011,3,0.006,9,0.021,8,0.022,3,0.011,5,0.028
Region 66,Region 3,0,0,1,0.011,0,0,0,0,0,0,0,0,0,0,1,0.001,1,0.001,0,0,0,0,0,0,0,0,1,0.002,0,0,0,0,0,0,1,0.001,0,0,2,0.004,0,0,0,0,1,0.004,0,0
Region 66,Region 4,0,0,0,0,0,0,0,0,0,0,0,0,0,0,1,0.001,3,0.004,2,0.003,1,0.002,0,0,0,0,0,0,3,0.005,1,0.001,0,0,1,0.001,1,0.001,0,0,0,0,1,0.003,2,0.008,0,0
Region 66,Region 5,0,0,0,0,0,0,0,0,0,0,0,0,0,0,0,0,0,0,1,0.001,1,0.002,1,0.002,0,0,0,0,1,0.002,1,0.001,1,0.001,0,0,1,0.001,0,0,2,0.005,0,0,0,0,0,0
Region 66,Region 6,1,0.006,2,0.022,0,0,0,0,0,0,2,0.008,1,0.002,3,0.004,2,0.002,0,0,1,0.002,4,0.007,2,0.003,5,0.008,4,0.006,7,0.01,8,0.012,13,0.017,7,0.01,1,0.002,2,0.005,0,0,0,0,2,0.011
Region 66,Region 7,0,0,0,0,0,0,0,0,0,0,0,0,0,0,0,0,0,0,0,0,0,0,1,0.002,2,0.003,0,0,0,0,3,0.004,5,0.007,0,0,4,0.005,0,0,0,0,0,0,3,0.011,1,0.006
Region 66,Region 8,0,0,0,0,0,0,0,0,0,0,0,0,0,0,0,0,1,0.001,0,0,0,0,0,0,0,0,0,0,0,0,1,0.001,2,0.003,0,0,0,0,0,0,0,0,2,0.005,0,0,0,0
Region 66,Region 9,1,0.006,1,0.011,1,0.015,0,0,0,0,0,0,1,0.002,1,0.001,2,0.002,1,0.001,0,0,1,0.002,1,0.002,1,0.002,1,0.002,0,0,0,0,1,0.001,0,0,0,0,0,0,0,0,0,0,1,0.006
Region 66,Region 10,3,0.018,0,0,2,0.03,0,0,0,0,0,0,1,0.002,4,0.005,14,0.016,8,0.011,8,0.014,6,0.01,2,0.003,1,0.002,6,0.01,3,0.004,7,0.01,5,0.006,5,0.007,7,0.013,4,0.009,3,0.008,1,0.004,0,0
Region 66,Region 11,0,0,0,0,0,0,0,0,0,0,0,0,0,0,0,0,0,0,0,0,0,0,0,0,0,0,0,0,1,0.002,0,0,0,0,0,0,0,0,0,0,1,0.002,0,0,0,0,0,0
Region 66,Region 12,0,0,0,0,0,0,0,0,0,0,0,0,0,0,0,0,0,0,0,0,0,0,0,0,1,0.002,1,0.002,1,0.002,2,0.003,0,0,0,0,0,0,0,0,0,0,1,0.003,1,0.004,0,0
Region 66,Region 13,2,0.012,2,0.022,2,0.03,0,0,0,0,2,0.008,7,0.014,15,0.019,33,0.039,28,0.04,15,0.026,7,0.012,15,0.024,10,0.016,10,0.016,11,0.016,7,0.01,10,0.013,13,0.018,13,0.024,21,0.048,11,0.03,9,0.034,8,0.044
Region 66,Region 14,0,0,0,0,0,0,0,0,0,0,0,0,1,0.002,2,0.003,0,0,0,0,1,0.002,0,0,1,0.002,2,0.003,0,0,1,0.001,3,0.004,3,0.004,0,0,0,0,1,0.002,1,0.003,0,0,0,0
Region 66,Region 15,1,0.006,0,0,1,0.015,4,0.057,0,0,1,0.004,4,0.008,3,0.004,3,0.004,5,0.007,5,0.009,7,0.012,3,0.005,3,0.005,4,0.006,3,0.004,3,0.004,6,0.008,4,0.005,5,0.009,1,0.002,4,0.011,3,0.011,1,0.006
Region 66,Region 16,0,0,0,0,0,0,0,0,0,0,0,0,0,0,0,0,0,0,0,0,0,0,0,0,0,0,0,0,0,0,1,0.001,1,0.001,0,0,0,0,0,0,0,0,0,0,0,0,0,0
Region 66,Region 17,1,0.006,0,0,0,0,0,0,0,0,1,0.004,1,0.002,1,0.001,1,0.001,2,0.003,0,0,1,0.002,1,0.002,1,0.002,4,0.006,2,0.003,2,0.003,2,0.003,6,0.008,2,0.004,3,0.007,1,0.003,1,0.004,2,0.011
Region 66,Region 18,0,0,0,0,0,0,0,0,0,0,0,0,1,0.002,0,0,0,0,0,0,0,0,0,0,0,0,0,0,0,0,0,0,0,0,1,0.001,1,0.001,0,0,0,0,0,0,0,0,0,0
Region 66,Region 19,0,0,0,0,0,0,0,0,0,0,0,0,2,0.004,0,0,0,0,0,0,1,0.002,1,0.002,0,0,1,0.002,0,0,2,0.003,0,0,0,0,0,0,0,0,0,0,1,0.003,0,0,1,0.006
Region 66,Region 20,1,0.006,1,0.011,0,0,0,0,4,0.034,0,0,3,0.006,7,0.009,3,0.004,6,0.008,5,0.009,4,0.007,3,0.005,3,0.005,5,0.008,2,0.003,2,0.003,3,0.004,2,0.003,5,0.009,3,0.007,1,0.003,2,0.008,2,0.011
Region 66,Region 21,0,0,0,0,0,0,0,0,0,0,0,0,0,0,0,0,0,0,0,0,0,0,0,0,0,0,0,0,0,0,1,0.001,0,0,0,0,0,0,0,0,0,0,0,0,0,0,0,0
Region 66,Region 22,2,0.012,0,0,0,0,0,0,0,0,0,0,1,0.002,2,0.003,3,0.004,2,0.003,6,0.01,0,0,0,0,1,0.002,0,0,1,0.001,1,0.001,3,0.004,3,0.004,2,0.004,1,0.002,2,0.005,0,0,1,0.006
Region 66,Region 23,0,0,0,0,0,0,0,0,0,0,0,0,1,0.002,1,0.001,7,0.008,5,0.007,1,0.002,0,0,2,0.003,1,0.002,2,0.003,2,0.003,1,0.001,3,0.004,1,0.001,1,0.002,1,0.002,1,0.003,3,0.011,0,0
Region 66,Region 24,0,0,0,0,0,0,0,0,0,0,0,0,2,0.004,2,0.003,1,0.001,0,0,1,0.002,2,0.003,2,0.003,2,0.003,2,0.003,4,0.006,2,0.003,0,0,5,0.007,1,0.002,2,0.005,1,0.003,5,0.019,2,0.011
Region 66,Region 25,0,0,0,0,0,0,0,0,2,0.017,1,0.004,2,0.004,1,0.001,7,0.008,5,0.007,1,0.002,4,0.007,3,0.005,1,0.002,3,0.005,2,0.003,1,0.001,2,0.003,4,0.005,6,0.011,0,0,4,0.011,3,0.011,3,0.017
Region 66,Region 26,0,0,0,0,0,0,0,0,0,0,1,0.004,0,0,0,0,3,0.004,4,0.006,1,0.002,4,0.007,1,0.002,1,0.002,2,0.003,1,0.001,2,0.003,7,0.009,0,0,4,0.007,1,0.002,2,0.005,0,0,1,0.006
Region 66,Region 27,1,0.006,2,0.022,1,0.015,0,0,0,0,1,0.004,1,0.002,4,0.005,5,0.006,6,0.008,2,0.003,3,0.005,5,0.008,6,0.01,6,0.01,4,0.006,11,0.016,12,0.015,13,0.018,6,0.011,9,0.021,6,0.016,5,0.019,1,0.006
Region 66,Region 28,0,0,0,0,0,0,0,0,0,0,0,0,2,0.004,1,0.001,4,0.005,2,0.003,0,0,1,0.002,1,0.002,1,0.002,1,0.002,4,0.006,4,0.006,1,0.001,6,0.008,1,0.002,1,0.002,0,0,1,0.004,1,0.006
Region 66,Region 29,1,0.006,0,0,0,0,1,0.014,1,0.009,0,0,2,0.004,13,0.016,17,0.02,32,0.045,10,0.017,20,0.034,21,0.034,14,0.023,11,0.018,12,0.017,11,0.016,16,0.021,11,0.015,4,0.007,6,0.014,5,0.014,10,0.038,5,0.028
Region 66,Region 30,3,0.018,0,0,1,0.015,0,0,0,0,1,0.004,3,0.006,5,0.006,15,0.018,13,0.018,3,0.005,6,0.01,9,0.015,2,0.003,3,0.005,9,0.013,5,0.007,10,0.013,15,0.02,4,0.007,6,0.014,5,0.014,5,0.019,3,0.017
Region 66,Region 31,1,0.006,0,0,0,0,1,0.014,0,0,2,0.008,2,0.004,3,0.004,10,0.012,9,0.013,2,0.003,4,0.007,6,0.01,6,0.01,5,0.008,10,0.015,5,0.007,6,0.008,8,0.011,6,0.011,5,0.012,3,0.008,1,0.004,5,0.028
Region 66,Region 32,0,0,0,0,0,0,0,0,0,0,0,0,1,0.002,1,0.001,0,0,0,0,1,0.002,0,0,0,0,0,0,0,0,0,0,0,0,0,0,0,0,0,0,0,0,0,0,0,0,0,0
Region 66,Region 33,10,0.06,2,0.022,2,0.03,2,0.029,1,0.009,3,0.012,12,0.025,37,0.047,48,0.056,27,0.038,13,0.022,19,0.033,14,0.023,10,0.016,17,0.027,24,0.035,24,0.035,17,0.022,22,0.03,10,0.018,9,0.021,17,0.047,7,0.027,3,0.017
Region 66,Region 34,1,0.006,1,0.011,0,0,1,0.014,2,0.017,2,0.008,9,0.018,18,0.023,28,0.033,20,0.028,10,0.017,12,0.021,11,0.018,13,0.021,7,0.011,11,0.016,13,0.019,18,0.023,24,0.033,13,0.024,11,0.025,13,0.036,1,0.004,11,0.061
Region 66,Region 35,1,0.006,0,0,0,0,0,0,1,0.009,0,0,1,0.002,3,0.004,3,0.004,6,0.008,3,0.005,3,0.005,2,0.003,1,0.002,0,0,2,0.003,1,0.001,1,0.001,2,0.003,1,0.002,2,0.005,0,0,0,0,1,0.006
Region 66,Region 36,3,0.018,0,0,2,0.03,0,0,0,0,2,0.008,0,0,3,0.004,4,0.005,5,0.007,3,0.005,1,0.002,3,0.005,10,0.016,5,0.008,13,0.019,10,0.014,7,0.009,8,0.011,7,0.013,3,0.007,1,0.003,2,0.008,3,0.017
Region 66,Region 37,0,0,1,0.011,0,0,0,0,0,0,0,0,0,0,0,0,2,0.002,2,0.003,1,0.002,0,0,4,0.007,1,0.002,1,0.002,1,0.001,1,0.001,1,0.001,4,0.005,1,0.002,0,0,0,0,2,0.008,0,0
Region 66,Region 38,0,0,0,0,0,0,0,0,0,0,0,0,0,0,0,0,1,0.001,1,0.001,0,0,1,0.002,1,0.002,1,0.002,2,0.003,2,0.003,3,0.004,1,0.001,0,0,1,0.002,0,0,1,0.003,1,0.004,1,0.006
Region 66,Region 39,0,0,0,0,0,0,0,0,0,0,0,0,0,0,1,0.001,1,0.001,0,0,1,0.002,3,0.005,0,0,0,0,1,0.002,1,0.001,1,0.001,2,0.003,3,0.004,1,0.002,2,0.005,1,0.003,0,0,0,0
Region 66,Region 40,4,0.024,1,0.011,3,0.045,5,0.071,1,0.009,2,0.008,4,0.008,12,0.015,9,0.011,3,0.004,3,0.005,2,0.003,6,0.01,4,0.007,13,0.021,12,0.017,14,0.02,8,0.01,8,0.011,11,0.02,7,0.016,4,0.011,3,0.011,4,0.022
Region 66,Region 41,1,0.006,1,0.011,1,0.015,2,0.029,2,0.017,8,0.031,3,0.006,6,0.008,15,0.018,4,0.006,7,0.012,6,0.01,4,0.007,10,0.016,16,0.026,14,0.02,11,0.016,18,0.023,11,0.015,6,0.011,4,0.009,7,0.019,2,0.008,6,0.033
Region 66,Region 42,1,0.006,0,0,0,0,0,0,0,0,0,0,0,0,1,0.001,3,0.004,1,0.001,0,0,0,0,1,0.002,0,0,0,0,0,0,0,0,1,0.001,0,0,0,0,0,0,0,0,0,0,0,0
Region 66,Region 43,0,0,0,0,0,0,0,0,0,0,0,0,1,0.002,1,0.001,0,0,1,0.001,1,0.002,1,0.002,0,0,2,0.003,4,0.006,1,0.001,1,0.001,0,0,4,0.005,1,0.002,1,0.002,1,0.003,0,0,2,0.011
Region 66,Region 44,1,0.006,0,0,0,0,0,0,0,0,1,0.004,2,0.004,1,0.001,2,0.002,0,0,2,0.003,3,0.005,0,0,1,0.002,2,0.003,2,0.003,3,0.004,0,0,3,0.004,1,0.002,1,0.002,0,0,0,0,1,0.006
Region 66,Region 45,1,0.006,1,0.011,1,0.015,0,0,0,0,1,0.004,2,0.004,0,0,7,0.008,1,0.001,2,0.003,4,0.007,2,0.003,4,0.007,2,0.003,3,0.004,3,0.004,6,0.008,8,0.011,3,0.006,5,0.012,1,0.003,2,0.008,1,0.006
Region 66,Region 46,4,0.024,0,0,0,0,2,0.029,7,0.06,4,0.016,7,0.014,9,0.011,9,0.011,15,0.021,9,0.015,6,0.01,6,0.01,5,0.008,10,0.016,8,0.012,7,0.01,12,0.015,12,0.016,6,0.011,6,0.014,5,0.014,3,0.011,2,0.011
Region 66,Region 47,1,0.006,1,0.011,1,0.015,0,0,0,0,0,0,1,0.002,1,0.001,2,0.002,3,0.004,0,0,2,0.003,1,0.002,0,0,3,0.005,2,0.003,3,0.004,2,0.003,1,0.001,0,0,2,0.005,2,0.005,1,0.004,0,0
Region 66,Region 48,0,0,1,0.011,1,0.015,0,0,0,0,0,0,0,0,1,0.001,1,0.001,2,0.003,1,0.002,3,0.005,4,0.007,3,0.005,5,0.008,5,0.007,6,0.009,5,0.006,3,0.004,2,0.004,0,0,1,0.003,1,0.004,1,0.006
Region 66,Region 49,0,0,0,0,1,0.015,0,0,1,0.009,1,0.004,1,0.002,2,0.003,4,0.005,0,0,1,0.002,2,0.003,5,0.008,2,0.003,1,0.002,6,0.009,5,0.007,7,0.009,5,0.007,4,0.007,2,0.005,1,0.003,2,0.008,2,0.011
Region 66,Region 50,1,0.006,1,0.011,1,0.015,0,0,0,0,2,0.008,4,0.008,6,0.008,9,0.011,13,0.018,5,0.009,5,0.009,18,0.029,6,0.01,10,0.016,5,0.007,10,0.014,17,0.022,16,0.022,8,0.015,9,0.021,5,0.014,6,0.023,2,0.011
Region 66,Region 51,2,0.012,1,0.011,0,0,1,0.014,0,0,7,0.027,7,0.014,26,0.033,9,0.011,8,0.011,8,0.014,13,0.022,14,0.023,4,0.007,8,0.013,9,0.013,5,0.007,8,0.01,5,0.007,7,0.013,5,0.012,1,0.003,3,0.011,6,0.033
Region 66,Region 52,0,0,0,0,0,0,0,0,0,0,0,0,1,0.002,0,0,3,0.004,1,0.001,0,0,1,0.002,0,0,0,0,0,0,0,0,0,0,0,0,0,0,2,0.004,0,0,1,0.003,0,0,0,0
Region 66,Region 53,0,0,0,0,0,0,0,0,0,0,0,0,0,0,0,0,0,0,0,0,0,0,0,0,0,0,0,0,0,0,0,0,0,0,0,0,0,0,0,0,0,0,0,0,0,0,0,0
Region 66,Region 54,7,0.042,3,0.033,3,0.045,2,0.029,2,0.017,1,0.004,5,0.01,12,0.015,21,0.025,24,0.034,18,0.031,24,0.041,34,0.055,31,0.05,24,0.039,38,0.055,28,0.04,27,0.035,33,0.045,26,0.048,22,0.051,13,0.036,23,0.087,10,0.055
Region 66,Region 55,0,0,0,0,0,0,1,0.014,1,0.009,0,0,1,0.002,0,0,1,0.001,2,0.003,2,0.003,2,0.003,1,0.002,1,0.002,2,0.003,1,0.001,1,0.001,0,0,1,0.001,0,0,0,0,1,0.003,0,0,1,0.006
Region 66,Region 56,0,0,1,0.011,0,0,0,0,0,0,0,0,0,0,0,0,0,0,0,0,0,0,2,0.003,1,0.002,0,0,0,0,0,0,0,0,1,0.001,1,0.001,0,0,0,0,0,0,0,0,0,0
Region 66,Region 57,1,0.006,0,0,0,0,2,0.029,0,0,2,0.008,5,0.01,12,0.015,12,0.014,9,0.013,3,0.005,9,0.015,12,0.02,18,0.029,25,0.04,20,0.029,30,0.043,11,0.014,21,0.029,16,0.029,12,0.028,12,0.033,6,0.023,5,0.028
Region 66,Region 58,2,0.012,2,0.022,1,0.015,5,0.071,0,0,5,0.019,9,0.018,8,0.01,7,0.008,9,0.013,7,0.012,8,0.014,3,0.005,4,0.007,6,0.01,12,0.017,9,0.013,13,0.017,17,0.023,9,0.017,3,0.007,3,0.008,4,0.015,2,0.011
Region 66,Region 59,5,0.03,4,0.044,2,0.03,4,0.057,0,0,1,0.004,5,0.01,6,0.008,9,0.011,21,0.03,19,0.033,10,0.017,17,0.028,18,0.029,11,0.018,9,0.013,15,0.022,18,0.023,15,0.02,10,0.018,11,0.025,5,0.014,5,0.019,5,0.028
Region 66,Region 60,0,0,0,0,0,0,0,0,0,0,0,0,0,0,3,0.004,2,0.002,4,0.006,1,0.002,0,0,1,0.002,1,0.002,4,0.006,2,0.003,1,0.001,1,0.001,2,0.003,2,0.004,2,0.005,2,0.005,0,0,0,0
Region 66,Region 61,1,0.006,0,0,1,0.015,1,0.014,0,0,0,0,3,0.006,0,0,7,0.008,3,0.004,8,0.014,1,0.002,1,0.002,0,0,5,0.008,4,0.006,8,0.012,16,0.021,16,0.022,8,0.015,1,0.002,1,0.003,2,0.008,5,0.028
Region 66,Region 62,0,0,0,0,0,0,0,0,0,0,0,0,0,0,0,0,0,0,0,0,1,0.002,0,0,0,0,0,0,0,0,1,0.001,0,0,0,0,0,0,0,0,0,0,0,0,0,0,0,0
Region 66,Region 63,0,0,0,0,0,0,0,0,0,0,0,0,2,0.004,0,0,0,0,0,0,0,0,0,0,0,0,0,0,0,0,0,0,0,0,1,0.001,1,0.001,1,0.002,0,0,1,0.003,0,0,0,0
Region 66,Region 64,0,0,0,0,0,0,0,0,0,0,0,0,1,0.002,0,0,2,0.002,0,0,0,0,0,0,0,0,0,0,1,0.002,3,0.004,1,0.001,1,0.001,1,0.001,4,0.007,1,0.002,1,0.003,1,0.004,0,0
Region 66,Region 65,4,0.024,6,0.066,1,0.015,0,0,1,0.009,1,0.004,4,0.008,14,0.018,33,0.039,39,0.055,15,0.026,21,0.036,23,0.037,22,0.036,20,0.032,20,0.029,17,0.024,20,0.026,30,0.041,23,0.042,8,0.018,10,0.027,3,0.011,12,0.066
Region 66,Region 66,12,0.072,4,0.044,3,0.045,6,0.086,4,0.034,9,0.035,20,0.041,40,0.051,58,0.068,58,0.082,48,0.082,45,0.077,50,0.081,53,0.086,39,0.063,55,0.08,77,0.111,53,0.068,85,0.116,49,0.09,30,0.069,34,0.093,28,0.106,17,0.094
Region 66,Region 67,0,0,0,0,0,0,0,0,0,0,0,0,0,0,0,0,0,0,0,0,0,0,0,0,0,0,1,0.002,0,0,0,0,0,0,0,0,1,0.001,0,0,0,0,0,0,0,0,0,0
Region 66,Region 68,0,0,0,0,0,0,0,0,0,0,0,0,0,0,1,0.001,0,0,2,0.003,1,0.002,1,0.002,0,0,1,0.002,1,0.002,4,0.006,2,0.003,3,0.004,2,0.003,1,0.002,0,0,0,0,0,0,0,0
Region 66,Region 69,0,0,0,0,0,0,0,0,0,0,0,0,1,0.002,2,0.003,2,0.002,2,0.003,1,0.002,0,0,1,0.002,0,0,1,0.002,0,0,0,0,0,0,0,0,0,0,0,0,0,0,0,0,0,0
Region 66,Region 70,0,0,0,0,0,0,0,0,0,0,0,0,0,0,2,0.003,1,0.001,0,0,0,0,0,0,0,0,0,0,0,0,0,0,0,0,0,0,0,0,1,0.002,0,0,0,0,1,0.004,0,0
Region 66,Region 71,0,0,0,0,0,0,0,0,0,0,1,0.004,1,0.002,2,0.003,2,0.002,0,0,0,0,1,0.002,0,0,4,0.007,1,0.002,0,0,3,0.004,1,0.001,2,0.003,0,0,0,0,0,0,0,0,0,0
Region 66,Region 72,5,0.03,3,0.033,4,0.06,1,0.014,4,0.034,7,0.027,13,0.027,22,0.028,34,0.04,19,0.027,17,0.029,15,0.026,24,0.039,20,0.033,33,0.053,32,0.047,18,0.026,30,0.039,14,0.019,19,0.035,18,0.041,14,0.038,15,0.057,13,0.072
Region 67,Region 0,0,0,0,0,1,0.015,0,0,0,0,1,0.004,1,0.002,1,0.001,4,0.005,2,0.003,1,0.002,0,0,0,0,1,0.002,0,0,3,0.004,2,0.003,3,0.004,4,0.005,0,0,0,0,0,0,2,0.008,1,0.006
Region 67,Region 1,1,0.006,0,0,0,0,0,0,0,0,1,0.004,1,0.002,1,0.001,0,0,0,0,0,0,0,0,0,0,0,0,1,0.002,0,0,0,0,0,0,0,0,1,0.002,0,0,1,0.003,0,0,0,0
Region 67,Region 2,0,0,1,0.011,0,0,0,0,0,0,0,0,0,0,1,0.001,1,0.001,0,0,0,0,0,0,0,0,0,0,0,0,0,0,0,0,0,0,0,0,0,0,0,0,0,0,0,0,1,0.006
Region 67,Region 3,0,0,0,0,0,0,0,0,0,0,1,0.004,0,0,1,0.001,1,0.001,0,0,0,0,0,0,2,0.003,0,0,1,0.002,0,0,1,0.001,0,0,2,0.003,0,0,0,0,0,0,0,0,0,0
Region 67,Region 4,0,0,0,0,0,0,0,0,0,0,1,0.004,0,0,0,0,3,0.004,1,0.001,0,0,1,0.002,0,0,0,0,0,0,0,0,0,0,1,0.001,0,0,0,0,0,0,0,0,1,0.004,0,0
Region 67,Region 5,0,0,0,0,0,0,0,0,0,0,0,0,2,0.004,0,0,1,0.001,3,0.004,0,0,1,0.002,1,0.002,0,0,0,0,1,0.001,2,0.003,1,0.001,1,0.001,0,0,0,0,0,0,0,0,0,0
Region 67,Region 6,0,0,0,0,0,0,0,0,2,0.017,2,0.008,10,0.02,14,0.018,8,0.009,3,0.004,0,0,8,0.014,4,0.007,8,0.013,8,0.013,5,0.007,3,0.004,2,0.003,2,0.003,2,0.004,2,0.005,1,0.003,1,0.004,1,0.006
Region 67,Region 7,1,0.006,0,0,0,0,0,0,1,0.009,1,0.004,1,0.002,0,0,2,0.002,3,0.004,1,0.002,2,0.003,4,0.007,1,0.002,1,0.002,0,0,3,0.004,2,0.003,1,0.001,0,0,0,0,1,0.003,2,0.008,1,0.006
Region 67,Region 8,0,0,0,0,0,0,0,0,0,0,0,0,0,0,0,0,0,0,0,0,0,0,0,0,0,0,0,0,0,0,0,0,0,0,0,0,0,0,0,0,0,0,0,0,0,0,0,0
Region 67,Region 9,0,0,0,0,0,0,0,0,1,0.009,2,0.008,2,0.004,0,0,2,0.002,0,0,1,0.002,2,0.003,2,0.003,1,0.002,1,0.002,2,0.003,2,0.003,2,0.003,0,0,0,0,3,0.007,0,0,1,0.004,0,0
Region 67,Region 10,0,0,0,0,0,0,0,0,0,0,0,0,0,0,0,0,0,0,0,0,0,0,0,0,1,0.002,0,0,0,0,0,0,0,0,0,0,0,0,0,0,0,0,0,0,0,0,0,0
Region 67,Region 11,0,0,0,0,0,0,0,0,0,0,0,0,0,0,0,0,0,0,0,0,0,0,0,0,0,0,0,0,0,0,0,0,0,0,0,0,0,0,0,0,0,0,0,0,0,0,0,0
Region 67,Region 12,0,0,0,0,0,0,0,0,0,0,0,0,0,0,0,0,0,0,0,0,0,0,0,0,0,0,0,0,0,0,0,0,0,0,1,0.001,0,0,0,0,0,0,0,0,0,0,0,0
Region 67,Region 13,0,0,0,0,0,0,0,0,0,0,0,0,1,0.002,6,0.008,7,0.008,1,0.001,3,0.005,0,0,0,0,1,0.002,0,0,1,0.001,0,0,3,0.004,0,0,1,0.002,2,0.005,0,0,0,0,0,0
Region 67,Region 14,0,0,0,0,0,0,0,0,0,0,0,0,0,0,1,0.001,0,0,0,0,0,0,0,0,0,0,0,0,0,0,0,0,0,0,0,0,0,0,0,0,0,0,0,0,0,0,0,0
Region 67,Region 15,1,0.006,1,0.011,4,0.06,1,0.014,5,0.043,6,0.023,19,0.039,23,0.029,23,0.027,20,0.028,15,0.026,12,0.021,11,0.018,12,0.02,22,0.035,26,0.038,20,0.029,18,0.023,12,0.016,10,0.018,7,0.016,5,0.014,4,0.015,2,0.011
Region 67,Region 16,1,0.006,0,0,1,0.015,0,0,1,0.009,0,0,0,0,5,0.006,4,0.005,2,0.003,5,0.009,10,0.017,7,0.011,10,0.016,11,0.018,11,0.016,6,0.009,8,0.01,13,0.018,11,0.02,6,0.014,4,0.011,4,0.015,2,0.011
Region 67,Region 17,0,0,0,0,0,0,0,0,0,0,0,0,0,0,0,0,0,0,0,0,0,0,0,0,0,0,0,0,0,0,0,0,0,0,0,0,0,0,0,0,0,0,1,0.003,0,0,0,0
Region 67,Region 18,0,0,0,0,0,0,0,0,0,0,0,0,0,0,0,0,0,0,0,0,0,0,0,0,0,0,0,0,0,0,0,0,0,0,0,0,0,0,0,0,0,0,0,0,0,0,0,0
Region 67,Region 19,0,0,0,0,0,0,0,0,0,0,0,0,0,0,2,0.003,3,0.004,2,0.003,0,0,0,0,1,0.002,0,0,0,0,0,0,0,0,0,0,0,0,1,0.002,1,0.002,0,0,1,0.004,0,0
Region 67,Region 20,0,0,0,0,0,0,0,0,0,0,0,0,1,0.002,0,0,1,0.001,0,0,0,0,0,0,0,0,0,0,0,0,0,0,0,0,0,0,0,0,0,0,0,0,0,0,0,0,0,0
Region 67,Region 21,0,0,0,0,0,0,0,0,0,0,0,0,1,0.002,1,0.001,2,0.002,0,0,0,0,0,0,0,0,1,0.002,0,0,0,0,0,0,0,0,1,0.001,1,0.002,0,0,0,0,0,0,0,0
Region 67,Region 22,0,0,0,0,0,0,0,0,0,0,0,0,0,0,0,0,0,0,0,0,0,0,0,0,0,0,0,0,0,0,0,0,0,0,0,0,0,0,0,0,0,0,0,0,0,0,0,0
Region 67,Region 23,0,0,0,0,0,0,0,0,0,0,0,0,0,0,2,0.003,2,0.002,0,0,0,0,0,0,0,0,0,0,0,0,0,0,0,0,0,0,0,0,0,0,1,0.002,1,0.003,0,0,0,0
Region 67,Region 24,0,0,0,0,0,0,0,0,1,0.009,0,0,1,0.002,0,0,1,0.001,0,0,0,0,0,0,0,0,0,0,0,0,0,0,0,0,0,0,0,0,0,0,0,0,0,0,0,0,0,0
Region 67,Region 25,0,0,0,0,0,0,0,0,0,0,0,0,0,0,1,0.001,0,0,0,0,0,0,0,0,0,0,0,0,0,0,0,0,0,0,0,0,0,0,0,0,0,0,0,0,0,0,0,0
Region 67,Region 26,0,0,0,0,0,0,0,0,0,0,0,0,0,0,0,0,0,0,0,0,0,0,0,0,0,0,0,0,0,0,0,0,0,0,0,0,0,0,0,0,0,0,0,0,0,0,0,0
Region 67,Region 27,0,0,0,0,0,0,0,0,0,0,0,0,0,0,0,0,0,0,0,0,0,0,0,0,0,0,0,0,0,0,1,0.001,0,0,0,0,0,0,0,0,0,0,0,0,1,0.004,0,0
Region 67,Region 28,0,0,0,0,0,0,0,0,0,0,0,0,0,0,1,0.001,1,0.001,3,0.004,0,0,0,0,1,0.002,1,0.002,0,0,0,0,0,0,1,0.001,0,0,0,0,0,0,0,0,0,0,0,0
Region 67,Region 29,0,0,0,0,0,0,0,0,1,0.009,0,0,3,0.006,0,0,4,0.005,1,0.001,0,0,2,0.003,0,0,3,0.005,0,0,2,0.003,1,0.001,0,0,0,0,0,0,2,0.005,0,0,0,0,0,0
Region 67,Region 30,0,0,0,0,0,0,0,0,0,0,0,0,0,0,0,0,0,0,1,0.001,0,0,0,0,0,0,0,0,0,0,0,0,1,0.001,0,0,1,0.001,0,0,0,0,0,0,0,0,0,0
Region 67,Region 31,0,0,0,0,0,0,0,0,0,0,1,0.004,0,0,0,0,0,0,0,0,0,0,0,0,0,0,0,0,0,0,0,0,0,0,0,0,0,0,0,0,0,0,0,0,1,0.004,0,0
Region 67,Region 32,0,0,0,0,0,0,0,0,0,0,0,0,0,0,0,0,0,0,0,0,0,0,0,0,1,0.002,1,0.002,0,0,1,0.001,0,0,1,0.001,0,0,1,0.002,0,0,0,0,0,0,0,0
Region 67,Region 33,0,0,0,0,0,0,0,0,0,0,0,0,1,0.002,1,0.001,1,0.001,0,0,0,0,0,0,0,0,0,0,0,0,0,0,0,0,0,0,0,0,0,0,0,0,0,0,0,0,0,0
Region 67,Region 34,0,0,0,0,0,0,0,0,1,0.009,2,0.008,3,0.006,1,0.001,2,0.002,1,0.001,0,0,2,0.003,0,0,0,0,0,0,0,0,0,0,0,0,0,0,0,0,1,0.002,1,0.003,0,0,0,0
Region 67,Region 35,0,0,0,0,0,0,0,0,0,0,0,0,0,0,0,0,0,0,0,0,0,0,0,0,0,0,0,0,0,0,0,0,0,0,0,0,0,0,0,0,0,0,0,0,0,0,0,0
Region 67,Region 36,0,0,0,0,0,0,0,0,0,0,0,0,0,0,0,0,0,0,0,0,0,0,0,0,0,0,0,0,1,0.002,0,0,0,0,0,0,0,0,0,0,0,0,0,0,0,0,1,0.006
Region 67,Region 37,0,0,0,0,0,0,0,0,0,0,0,0,0,0,0,0,1,0.001,1,0.001,0,0,1,0.002,0,0,1,0.002,0,0,0,0,0,0,0,0,0,0,0,0,2,0.005,0,0,0,0,0,0
Region 67,Region 38,0,0,0,0,0,0,0,0,0,0,0,0,1,0.002,1,0.001,0,0,0,0,0,0,0,0,0,0,0,0,0,0,0,0,0,0,0,0,1,0.001,0,0,0,0,0,0,0,0,0,0
Region 67,Region 39,3,0.018,2,0.022,1,0.015,2,0.029,0,0,2,0.008,6,0.012,11,0.014,9,0.011,5,0.007,10,0.017,3,0.005,8,0.013,13,0.021,8,0.013,10,0.015,13,0.019,14,0.018,17,0.023,8,0.015,9,0.021,2,0.005,4,0.015,4,0.022
Region 67,Region 40,1,0.006,0,0,0,0,0,0,0,0,2,0.008,0,0,0,0,2,0.002,0,0,0,0,0,0,0,0,1,0.002,1,0.002,0,0,2,0.003,2,0.003,0,0,0,0,1,0.002,0,0,0,0,1,0.006
Region 67,Region 41,0,0,0,0,0,0,1,0.014,1,0.009,0,0,1,0.002,3,0.004,3,0.004,0,0,1,0.002,1,0.002,0,0,1,0.002,2,0.003,0,0,0,0,0,0,0,0,0,0,0,0,0,0,0,0,0,0
Region 67,Region 42,0,0,0,0,0,0,0,0,0,0,0,0,0,0,0,0,0,0,0,0,0,0,0,0,0,0,0,0,0,0,0,0,0,0,0,0,0,0,0,0,0,0,0,0,0,0,0,0
Region 67,Region 43,0,0,0,0,0,0,0,0,0,0,0,0,3,0.006,1,0.001,0,0,0,0,0,0,0,0,1,0.002,1,0.002,0,0,1,0.001,0,0,2,0.003,0,0,1,0.002,0,0,0,0,0,0,0,0
Region 67,Region 44,0,0,0,0,0,0,0,0,1,0.009,0,0,0,0,0,0,0,0,0,0,0,0,0,0,0,0,0,0,0,0,0,0,0,0,0,0,0,0,0,0,0,0,0,0,0,0,0,0
Region 67,Region 45,0,0,0,0,0,0,0,0,0,0,0,0,0,0,0,0,1,0.001,0,0,0,0,0,0,0,0,1,0.002,0,0,0,0,0,0,1,0.001,0,0,0,0,0,0,0,0,0,0,0,0
Region 67,Region 46,1,0.006,1,0.011,0,0,0,0,1,0.009,0,0,1,0.002,3,0.004,4,0.005,1,0.001,2,0.003,1,0.002,0,0,0,0,0,0,0,0,1,0.001,4,0.005,2,0.003,0,0,0,0,1,0.003,0,0,0,0
Region 67,Region 47,0,0,0,0,0,0,0,0,0,0,0,0,0,0,3,0.004,1,0.001,1,0.001,0,0,1,0.002,0,0,1,0.002,3,0.005,3,0.004,0,0,1,0.001,0,0,0,0,0,0,0,0,0,0,0,0
Region 67,Region 48,0,0,0,0,0,0,0,0,0,0,1,0.004,1,0.002,0,0,1,0.001,0,0,1,0.002,0,0,0,0,0,0,1,0.002,1,0.001,1,0.001,0,0,0,0,2,0.004,0,0,0,0,0,0,0,0
Region 67,Region 49,0,0,0,0,0,0,0,0,0,0,0,0,0,0,1,0.001,0,0,1,0.001,0,0,0,0,0,0,0,0,0,0,0,0,1,0.001,0,0,0,0,0,0,0,0,0,0,0,0,0,0
Region 67,Region 50,0,0,0,0,0,0,0,0,0,0,0,0,0,0,0,0,0,0,0,0,0,0,0,0,0,0,0,0,0,0,1,0.001,0,0,0,0,0,0,0,0,0,0,0,0,0,0,0,0
Region 67,Region 51,0,0,0,0,0,0,0,0,0,0,0,0,0,0,0,0,0,0,0,0,0,0,0,0,0,0,0,0,0,0,0,0,0,0,0,0,0,0,0,0,0,0,0,0,0,0,0,0
Region 67,Region 52,0,0,0,0,0,0,0,0,0,0,0,0,0,0,0,0,0,0,0,0,0,0,0,0,0,0,0,0,0,0,0,0,0,0,0,0,0,0,0,0,0,0,0,0,0,0,0,0
Region 67,Region 53,0,0,0,0,0,0,0,0,0,0,1,0.004,1,0.002,2,0.003,1,0.001,2,0.003,5,0.009,3,0.005,1,0.002,1,0.002,1,0.002,0,0,0,0,1,0.001,0,0,1,0.002,0,0,0,0,0,0,0,0
Region 67,Region 54,0,0,0,0,0,0,0,0,0,0,0,0,0,0,0,0,1,0.001,0,0,1,0.002,0,0,0,0,0,0,0,0,0,0,0,0,0,0,0,0,0,0,0,0,1,0.003,0,0,0,0
Region 67,Region 55,1,0.006,0,0,0,0,0,0,0,0,0,0,0,0,0,0,3,0.004,0,0,0,0,0,0,0,0,0,0,0,0,0,0,0,0,0,0,0,0,0,0,0,0,0,0,0,0,1,0.006
Region 67,Region 56,0,0,0,0,0,0,0,0,0,0,0,0,1,0.002,0,0,1,0.001,0,0,0,0,1,0.002,0,0,1,0.002,1,0.002,0,0,0,0,1,0.001,0,0,1,0.002,0,0,0,0,0,0,0,0
Region 67,Region 57,0,0,0,0,0,0,0,0,0,0,0,0,0,0,0,0,0,0,0,0,0,0,0,0,0,0,0,0,0,0,0,0,0,0,0,0,0,0,0,0,0,0,0,0,0,0,0,0
Region 67,Region 58,0,0,0,0,1,0.015,0,0,1,0.009,1,0.004,0,0,4,0.005,4,0.005,3,0.004,3,0.005,4,0.007,1,0.002,3,0.005,5,0.008,4,0.006,2,0.003,2,0.003,3,0.004,1,0.002,2,0.005,2,0.005,1,0.004,1,0.006
Region 67,Region 59,0,0,0,0,0,0,0,0,0,0,0,0,0,0,0,0,0,0,0,0,0,0,0,0,0,0,0,0,0,0,1,0.001,1,0.001,1,0.001,0,0,0,0,0,0,0,0,0,0,0,0
Region 67,Region 60,0,0,0,0,0,0,0,0,0,0,0,0,0,0,0,0,1,0.001,0,0,0,0,0,0,0,0,0,0,0,0,0,0,0,0,0,0,0,0,0,0,0,0,1,0.003,0,0,0,0
Region 67,Region 61,0,0,1,0.011,0,0,0,0,0,0,0,0,0,0,2,0.003,0,0,0,0,0,0,0,0,1,0.002,0,0,0,0,1,0.001,0,0,1,0.001,1,0.001,0,0,0,0,0,0,0,0,0,0
Region 67,Region 62,0,0,0,0,0,0,0,0,0,0,2,0.008,1,0.002,5,0.006,4,0.005,1,0.001,3,0.005,3,0.005,0,0,1,0.002,1,0.002,2,0.003,4,0.006,2,0.003,1,0.001,1,0.002,2,0.005,0,0,0,0,0,0
Region 67,Region 63,0,0,0,0,0,0,0,0,0,0,0,0,0,0,0,0,0,0,0,0,0,0,0,0,0,0,0,0,0,0,0,0,0,0,0,0,0,0,0,0,0,0,0,0,0,0,0,0
Region 67,Region 64,0,0,1,0.011,0,0,0,0,0,0,1,0.004,0,0,0,0,0,0,0,0,2,0.003,3,0.005,1,0.002,1,0.002,0,0,1,0.001,2,0.003,1,0.001,1,0.001,1,0.002,1,0.002,2,0.005,1,0.004,0,0
Region 67,Region 65,0,0,0,0,0,0,0,0,0,0,1,0.004,1,0.002,2,0.003,1,0.001,1,0.001,0,0,1,0.002,1,0.002,0,0,1,0.002,0,0,0,0,1,0.001,0,0,0,0,0,0,0,0,0,0,0,0
Region 67,Region 66,1,0.006,0,0,0,0,0,0,0,0,0,0,0,0,0,0,0,0,0,0,0,0,0,0,0,0,0,0,0,0,0,0,0,0,0,0,0,0,0,0,0,0,0,0,0,0,0,0
Region 67,Region 67,20,0.12,6,0.066,6,0.09,5,0.071,9,0.077,7,0.027,38,0.078,66,0.084,63,0.074,57,0.081,52,0.089,56,0.096,60,0.098,70,0.114,59,0.095,76,0.111,91,0.131,83,0.107,61,0.083,52,0.096,39,0.09,35,0.096,23,0.087,15,0.083
Region 67,Region 68,0,0,0,0,0,0,0,0,0,0,0,0,0,0,0,0,0,0,0,0,0,0,0,0,0,0,0,0,0,0,0,0,0,0,0,0,0,0,0,0,0,0,0,0,0,0,0,0
Region 67,Region 69,0,0,0,0,0,0,0,0,0,0,0,0,2,0.004,1,0.001,0,0,0,0,0,0,0,0,0,0,0,0,0,0,0,0,0,0,0,0,0,0,0,0,0,0,0,0,0,0,0,0
Region 67,Region 70,0,0,0,0,0,0,0,0,0,0,0,0,0,0,0,0,0,0,0,0,0,0,0,0,0,0,0,0,0,0,0,0,0,0,0,0,0,0,0,0,0,0,0,0,0,0,0,0
Region 67,Region 71,0,0,0,0,0,0,0,0,0,0,0,0,1,0.002,0,0,0,0,1,0.001,0,0,1,0.002,0,0,0,0,0,0,0,0,0,0,0,0,0,0,0,0,0,0,0,0,0,0,0,0
Region 67,Region 72,0,0,0,0,0,0,0,0,1,0.009,0,0,1,0.002,2,0.003,0,0,0,0,0,0,1,0.002,0,0,0,0,1,0.002,0,0,0,0,0,0,0,0,0,0,0,0,0,0,1,0.004,0,0
Region 68,Region 0,0,0,0,0,0,0,0,0,0,0,0,0,0,0,0,0,0,0,0,0,0,0,0,0,0,0,0,0,0,0,0,0,0,0,0,0,0,0,0,0,0,0,0,0,0,0,0,0
Region 68,Region 1,2,0.012,0,0,0,0,0,0,1,0.009,1,0.004,4,0.008,10,0.013,14,0.016,8,0.011,2,0.003,3,0.005,5,0.008,8,0.013,10,0.016,8,0.012,7,0.01,9,0.012,5,0.007,6,0.011,4,0.009,3,0.008,2,0.008,0,0
Region 68,Region 2,0,0,0,0,0,0,0,0,0,0,0,0,0,0,0,0,0,0,0,0,0,0,0,0,0,0,0,0,0,0,0,0,0,0,1,0.001,2,0.003,0,0,1,0.002,0,0,2,0.008,0,0
Region 68,Region 3,0,0,0,0,0,0,0,0,0,0,0,0,0,0,0,0,0,0,0,0,0,0,0,0,0,0,0,0,0,0,0,0,0,0,0,0,0,0,0,0,0,0,0,0,0,0,0,0
Region 68,Region 4,0,0,0,0,0,0,0,0,0,0,0,0,0,0,0,0,0,0,0,0,0,0,0,0,0,0,0,0,0,0,0,0,1,0.001,1,0.001,0,0,0,0,0,0,0,0,0,0,0,0
Region 68,Region 5,0,0,0,0,0,0,0,0,0,0,0,0,0,0,0,0,0,0,0,0,0,0,0,0,0,0,0,0,0,0,0,0,0,0,0,0,0,0,0,0,0,0,0,0,0,0,0,0
Region 68,Region 6,0,0,0,0,0,0,0,0,0,0,0,0,0,0,1,0.001,0,0,0,0,0,0,0,0,0,0,0,0,3,0.005,6,0.009,3,0.004,3,0.004,1,0.001,2,0.004,4,0.009,0,0,1,0.004,0,0
Region 68,Region 7,0,0,0,0,0,0,0,0,0,0,0,0,0,0,0,0,0,0,0,0,0,0,0,0,0,0,0,0,0,0,0,0,0,0,0,0,0,0,0,0,0,0,0,0,0,0,0,0
Region 68,Region 8,0,0,0,0,0,0,0,0,0,0,1,0.004,1,0.002,11,0.014,18,0.021,4,0.006,8,0.014,3,0.005,4,0.007,8,0.013,2,0.003,11,0.016,8,0.012,11,0.014,8,0.011,7,0.013,1,0.002,3,0.008,0,0,0,0
Region 68,Region 9,0,0,0,0,0,0,0,0,0,0,0,0,0,0,0,0,0,0,0,0,1,0.002,0,0,0,0,0,0,0,0,3,0.004,0,0,0,0,0,0,1,0.002,0,0,0,0,0,0,0,0
Region 68,Region 10,0,0,0,0,0,0,0,0,0,0,0,0,1,0.002,7,0.009,5,0.006,5,0.007,4,0.007,3,0.005,5,0.008,3,0.005,3,0.005,7,0.01,5,0.007,4,0.005,4,0.005,2,0.004,0,0,0,0,2,0.008,0,0
Region 68,Region 11,0,0,0,0,0,0,0,0,0,0,0,0,0,0,0,0,0,0,0,0,0,0,0,0,0,0,0,0,0,0,0,0,0,0,0,0,0,0,0,0,0,0,0,0,0,0,0,0
Region 68,Region 12,0,0,0,0,0,0,0,0,0,0,0,0,0,0,0,0,0,0,0,0,0,0,0,0,0,0,1,0.002,0,0,0,0,0,0,0,0,0,0,1,0.002,0,0,0,0,0,0,0,0
Region 68,Region 13,0,0,0,0,0,0,0,0,0,0,0,0,0,0,2,0.003,14,0.016,12,0.017,3,0.005,1,0.002,3,0.005,3,0.005,3,0.005,3,0.004,0,0,1,0.001,2,0.003,0,0,1,0.002,0,0,0,0,1,0.006
Region 68,Region 14,3,0.018,0,0,0,0,0,0,1,0.009,2,0.008,6,0.012,42,0.053,92,0.107,34,0.048,37,0.063,32,0.055,33,0.054,40,0.065,46,0.074,64,0.093,93,0.134,109,0.14,77,0.105,48,0.088,23,0.053,9,0.025,8,0.03,3,0.017
Region 68,Region 15,0,0,0,0,0,0,0,0,0,0,0,0,1,0.002,0,0,0,0,2,0.003,1,0.002,0,0,1,0.002,0,0,0,0,1,0.001,0,0,1,0.001,1,0.001,1,0.002,0,0,0,0,0,0,0,0
Region 68,Region 16,0,0,0,0,0,0,0,0,0,0,0,0,0,0,0,0,0,0,0,0,1,0.002,0,0,0,0,0,0,0,0,0,0,0,0,0,0,0,0,0,0,0,0,0,0,0,0,0,0
Region 68,Region 17,0,0,0,0,0,0,0,0,0,0,0,0,0,0,2,0.003,0,0,1,0.001,0,0,0,0,0,0,0,0,1,0.002,0,0,0,0,0,0,1,0.001,1,0.002,0,0,0,0,0,0,0,0
Region 68,Region 18,1,0.006,0,0,0,0,0,0,0,0,0,0,0,0,0,0,0,0,0,0,0,0,0,0,0,0,0,0,0,0,0,0,0,0,0,0,0,0,0,0,0,0,0,0,0,0,0,0
Region 68,Region 19,0,0,0,0,0,0,0,0,0,0,0,0,0,0,0,0,0,0,0,0,0,0,0,0,0,0,0,0,0,0,0,0,0,0,0,0,0,0,0,0,0,0,0,0,0,0,0,0
Region 68,Region 20,0,0,1,0.011,0,0,0,0,0,0,0,0,2,0.004,7,0.009,12,0.014,10,0.014,4,0.007,3,0.005,4,0.007,2,0.003,2,0.003,8,0.012,5,0.007,2,0.003,0,0,2,0.004,2,0.005,2,0.005,1,0.004,0,0
Region 68,Region 21,0,0,0,0,0,0,0,0,0,0,0,0,0,0,0,0,0,0,0,0,0,0,0,0,0,0,0,0,0,0,0,0,0,0,0,0,0,0,0,0,0,0,0,0,0,0,0,0
Region 68,Region 22,0,0,0,0,0,0,0,0,0,0,0,0,0,0,0,0,0,0,0,0,0,0,0,0,1,0.002,1,0.002,0,0,0,0,0,0,0,0,0,0,0,0,0,0,0,0,0,0,0,0
Region 68,Region 23,0,0,0,0,0,0,0,0,0,0,0,0,1,0.002,1,0.001,3,0.004,0,0,0,0,0,0,0,0,0,0,0,0,0,0,0,0,0,0,1,0.001,0,0,0,0,0,0,0,0,0,0
Region 68,Region 24,0,0,1,0.011,0,0,0,0,0,0,0,0,0,0,1,0.001,0,0,1,0.001,0,0,0,0,0,0,3,0.005,0,0,0,0,1,0.001,0,0,1,0.001,0,0,2,0.005,0,0,0,0,0,0
Region 68,Region 25,0,0,3,0.033,1,0.015,0,0,0,0,1,0.004,0,0,12,0.015,19,0.022,19,0.027,17,0.029,10,0.017,16,0.026,15,0.024,8,0.013,12,0.017,10,0.014,5,0.006,13,0.018,8,0.015,5,0.012,4,0.011,2,0.008,0,0
Region 68,Region 26,0,0,0,0,0,0,0,0,0,0,0,0,1,0.002,5,0.006,5,0.006,5,0.007,1,0.002,6,0.01,2,0.003,5,0.008,3,0.005,7,0.01,1,0.001,14,0.018,6,0.008,1,0.002,1,0.002,2,0.005,2,0.008,1,0.006
Region 68,Region 27,0,0,0,0,0,0,0,0,0,0,0,0,0,0,0,0,0,0,0,0,0,0,0,0,0,0,0,0,0,0,0,0,0,0,0,0,1,0.001,1,0.002,0,0,0,0,0,0,0,0
Region 68,Region 28,0,0,0,0,0,0,0,0,0,0,0,0,1,0.002,0,0,0,0,1,0.001,0,0,0,0,0,0,0,0,0,0,0,0,0,0,0,0,1,0.001,1,0.002,1,0.002,0,0,0,0,0,0
Region 68,Region 29,0,0,0,0,0,0,0,0,0,0,0,0,0,0,0,0,1,0.001,1,0.001,0,0,0,0,1,0.002,0,0,0,0,1,0.001,0,0,0,0,1,0.001,0,0,0,0,0,0,0,0,1,0.006
Region 68,Region 30,0,0,0,0,0,0,0,0,0,0,0,0,2,0.004,0,0,7,0.008,5,0.007,0,0,4,0.007,3,0.005,0,0,3,0.005,9,0.013,7,0.01,5,0.006,2,0.003,0,0,0,0,0,0,1,0.004,0,0
Region 68,Region 31,0,0,0,0,0,0,0,0,0,0,0,0,1,0.002,2,0.003,2,0.002,3,0.004,1,0.002,0,0,2,0.003,2,0.003,3,0.005,1,0.001,0,0,3,0.004,2,0.003,2,0.004,4,0.009,0,0,0,0,0,0
Region 68,Region 32,0,0,0,0,0,0,0,0,0,0,0,0,0,0,0,0,0,0,0,0,0,0,0,0,0,0,0,0,0,0,0,0,0,0,0,0,0,0,0,0,0,0,0,0,0,0,0,0
Region 68,Region 33,23,0.138,4,0.044,5,0.075,2,0.029,7,0.06,9,0.035,14,0.029,60,0.076,112,0.131,72,0.102,55,0.094,71,0.122,75,0.122,72,0.117,112,0.18,145,0.211,173,0.249,188,0.242,142,0.193,72,0.133,49,0.113,45,0.123,23,0.087,27,0.149
Region 68,Region 34,2,0.012,0,0,0,0,0,0,0,0,0,0,4,0.008,6,0.008,19,0.022,4,0.006,9,0.015,4,0.007,3,0.005,0,0,5,0.008,4,0.006,3,0.004,6,0.008,3,0.004,5,0.009,3,0.007,0,0,2,0.008,4,0.022
Region 68,Region 35,0,0,0,0,0,0,0,0,0,0,2,0.008,0,0,2,0.003,6,0.007,4,0.006,4,0.007,1,0.002,0,0,5,0.008,4,0.006,5,0.007,3,0.004,6,0.008,4,0.005,1,0.002,5,0.012,2,0.005,3,0.011,0,0
Region 68,Region 36,0,0,0,0,0,0,0,0,0,0,0,0,0,0,0,0,2,0.002,0,0,1,0.002,1,0.002,2,0.003,2,0.003,3,0.005,5,0.007,2,0.003,4,0.005,3,0.004,2,0.004,0,0,1,0.003,0,0,0,0
Region 68,Region 37,1,0.006,0,0,0,0,0,0,0,0,0,0,0,0,0,0,0,0,0,0,0,0,0,0,1,0.002,0,0,0,0,0,0,0,0,0,0,1,0.001,0,0,0,0,0,0,0,0,0,0
Region 68,Region 38,0,0,0,0,0,0,0,0,0,0,0,0,0,0,0,0,0,0,0,0,0,0,0,0,0,0,0,0,0,0,0,0,0,0,1,0.001,0,0,0,0,0,0,0,0,2,0.008,0,0
Region 68,Region 39,0,0,0,0,0,0,0,0,0,0,0,0,0,0,0,0,0,0,0,0,0,0,0,0,0,0,0,0,0,0,0,0,1,0.001,0,0,0,0,0,0,0,0,0,0,0,0,0,0
Region 68,Region 40,2,0.012,0,0,0,0,1,0.014,0,0,2,0.008,1,0.002,1,0.001,2,0.002,1,0.001,0,0,2,0.003,2,0.003,2,0.003,6,0.01,5,0.007,2,0.003,4,0.005,4,0.005,0,0,4,0.009,2,0.005,2,0.008,1,0.006
Region 68,Region 41,1,0.006,3,0.033,1,0.015,1,0.014,0,0,3,0.012,6,0.012,8,0.01,5,0.006,7,0.01,5,0.009,7,0.012,5,0.008,7,0.011,6,0.01,8,0.012,3,0.004,3,0.004,5,0.007,5,0.009,5,0.012,1,0.003,1,0.004,2,0.011
Region 68,Region 42,0,0,0,0,0,0,0,0,0,0,0,0,0,0,1,0.001,7,0.008,4,0.006,3,0.005,0,0,5,0.008,2,0.003,2,0.003,3,0.004,6,0.009,6,0.008,2,0.003,3,0.006,0,0,0,0,0,0,0,0
Region 68,Region 43,0,0,0,0,0,0,0,0,0,0,0,0,0,0,0,0,0,0,0,0,0,0,0,0,0,0,0,0,0,0,0,0,0,0,0,0,0,0,0,0,1,0.002,0,0,0,0,0,0
Region 68,Region 44,0,0,0,0,0,0,0,0,0,0,0,0,0,0,0,0,0,0,0,0,0,0,1,0.002,1,0.002,0,0,0,0,0,0,0,0,0,0,0,0,0,0,0,0,0,0,0,0,0,0
Region 68,Region 45,0,0,0,0,0,0,0,0,0,0,0,0,0,0,0,0,1,0.001,2,0.003,0,0,1,0.002,1,0.002,1,0.002,2,0.003,1,0.001,2,0.003,0,0,1,0.001,0,0,3,0.007,2,0.005,1,0.004,1,0.006
Region 68,Region 46,0,0,0,0,0,0,0,0,3,0.026,7,0.027,5,0.01,20,0.025,13,0.015,11,0.016,8,0.014,8,0.014,2,0.003,4,0.007,8,0.013,3,0.004,2,0.003,1,0.001,2,0.003,6,0.011,2,0.005,1,0.003,1,0.004,0,0
Region 68,Region 47,0,0,0,0,0,0,0,0,0,0,0,0,1,0.002,1,0.001,0,0,1,0.001,0,0,0,0,1,0.002,1,0.002,0,0,1,0.001,0,0,0,0,0,0,0,0,0,0,1,0.003,0,0,0,0
Region 68,Region 48,0,0,0,0,0,0,0,0,0,0,0,0,0,0,0,0,0,0,0,0,0,0,0,0,0,0,0,0,0,0,0,0,0,0,0,0,0,0,0,0,0,0,0,0,0,0,0,0
Region 68,Region 49,0,0,0,0,0,0,0,0,0,0,0,0,0,0,0,0,1,0.001,0,0,0,0,0,0,0,0,0,0,0,0,0,0,0,0,1,0.001,0,0,0,0,0,0,0,0,0,0,0,0
Region 68,Region 50,1,0.006,0,0,0,0,0,0,0,0,0,0,1,0.002,1,0.001,1,0.001,3,0.004,0,0,5,0.009,3,0.005,6,0.01,2,0.003,6,0.009,5,0.007,8,0.01,5,0.007,2,0.004,2,0.005,1,0.003,0,0,0,0
Region 68,Region 51,0,0,0,0,0,0,0,0,0,0,1,0.004,1,0.002,1,0.001,3,0.004,0,0,3,0.005,0,0,1,0.002,1,0.002,3,0.005,1,0.001,2,0.003,1,0.001,2,0.003,1,0.002,1,0.002,1,0.003,0,0,0,0
Region 68,Region 52,0,0,0,0,0,0,0,0,0,0,0,0,0,0,0,0,0,0,1,0.001,0,0,0,0,1,0.002,1,0.002,0,0,0,0,1,0.001,0,0,0,0,0,0,0,0,0,0,0,0,0,0
Region 68,Region 53,0,0,0,0,0,0,0,0,0,0,0,0,0,0,0,0,0,0,0,0,0,0,0,0,0,0,0,0,0,0,0,0,1,0.001,0,0,0,0,0,0,0,0,0,0,0,0,0,0
Region 68,Region 54,2,0.012,0,0,0,0,1,0.014,1,0.009,1,0.004,2,0.004,2,0.003,12,0.014,6,0.008,7,0.012,4,0.007,5,0.008,8,0.013,6,0.01,2,0.003,5,0.007,2,0.003,6,0.008,4,0.007,1,0.002,2,0.005,1,0.004,0,0
Region 68,Region 55,0,0,0,0,0,0,0,0,0,0,0,0,0,0,0,0,0,0,0,0,0,0,0,0,0,0,1,0.002,0,0,0,0,0,0,0,0,0,0,1,0.002,0,0,0,0,0,0,0,0
Region 68,Region 56,0,0,0,0,0,0,0,0,0,0,0,0,0,0,0,0,0,0,0,0,0,0,0,0,0,0,1,0.002,0,0,0,0,1,0.001,1,0.001,0,0,0,0,0,0,0,0,0,0,0,0
Region 68,Region 57,0,0,0,0,0,0,0,0,0,0,0,0,0,0,0,0,0,0,2,0.003,2,0.003,0,0,2,0.003,2,0.003,4,0.006,4,0.006,0,0,2,0.003,3,0.004,1,0.002,2,0.005,0,0,0,0,0,0
Region 68,Region 58,3,0.018,0,0,0,0,0,0,0,0,1,0.004,2,0.004,0,0,0,0,1,0.001,0,0,3,0.005,1,0.002,1,0.002,2,0.003,4,0.006,1,0.001,0,0,1,0.001,2,0.004,0,0,0,0,0,0,0,0
Region 68,Region 59,0,0,0,0,0,0,0,0,0,0,0,0,1,0.002,0,0,3,0.004,0,0,1,0.002,1,0.002,0,0,0,0,1,0.002,2,0.003,2,0.003,1,0.001,1,0.001,1,0.002,0,0,0,0,0,0,0,0
Region 68,Region 60,0,0,0,0,0,0,0,0,0,0,0,0,0,0,2,0.003,0,0,3,0.004,7,0.012,2,0.003,8,0.013,2,0.003,1,0.002,2,0.003,2,0.003,4,0.005,9,0.012,2,0.004,1,0.002,2,0.005,1,0.004,0,0
Region 68,Region 61,0,0,0,0,0,0,0,0,0,0,0,0,0,0,0,0,0,0,0,0,0,0,1,0.002,1,0.002,0,0,0,0,1,0.001,1,0.001,2,0.003,0,0,0,0,0,0,0,0,0,0,0,0
Region 68,Region 62,0,0,0,0,0,0,0,0,0,0,0,0,0,0,0,0,0,0,0,0,0,0,0,0,0,0,0,0,0,0,0,0,0,0,0,0,0,0,0,0,0,0,0,0,0,0,0,0
Region 68,Region 63,0,0,0,0,0,0,0,0,0,0,0,0,0,0,0,0,0,0,0,0,0,0,0,0,0,0,0,0,0,0,0,0,0,0,0,0,0,0,0,0,0,0,1,0.003,0,0,0,0
Region 68,Region 64,0,0,0,0,0,0,0,0,0,0,0,0,0,0,0,0,0,0,0,0,0,0,1,0.002,0,0,0,0,0,0,0,0,0,0,0,0,0,0,0,0,0,0,0,0,0,0,0,0
Region 68,Region 65,0,0,0,0,0,0,0,0,0,0,0,0,1,0.002,1,0.001,3,0.004,1,0.001,5,0.009,0,0,3,0.005,0,0,1,0.002,2,0.003,1,0.001,1,0.001,1,0.001,1,0.002,1,0.002,0,0,0,0,0,0
Region 68,Region 66,0,0,0,0,0,0,0,0,0,0,1,0.004,0,0,1,0.001,3,0.004,0,0,2,0.003,0,0,1,0.002,1,0.002,0,0,2,0.003,1,0.001,1,0.001,1,0.001,0,0,1,0.002,2,0.005,0,0,0,0
Region 68,Region 67,0,0,0,0,0,0,0,0,0,0,0,0,0,0,0,0,0,0,0,0,0,0,0,0,0,0,0,0,0,0,0,0,0,0,0,0,0,0,0,0,0,0,0,0,0,0,0,0
Region 68,Region 68,2,0.012,2,0.022,0,0,0,0,0,0,1,0.004,14,0.029,51,0.065,58,0.068,48,0.068,45,0.077,52,0.089,44,0.072,31,0.05,31,0.05,45,0.066,45,0.065,69,0.089,66,0.09,20,0.037,13,0.03,6,0.016,4,0.015,1,0.006
Region 68,Region 69,0,0,0,0,0,0,0,0,0,0,1,0.004,0,0,3,0.004,2,0.002,0,0,1,0.002,0,0,0,0,0,0,0,0,1,0.001,0,0,0,0,1,0.001,0,0,0,0,0,0,0,0,0,0
Region 68,Region 70,0,0,0,0,0,0,0,0,0,0,1,0.004,2,0.004,10,0.013,8,0.009,8,0.011,9,0.015,8,0.014,7,0.011,6,0.01,9,0.014,14,0.02,6,0.009,6,0.008,5,0.007,3,0.006,3,0.007,1,0.003,0,0,0,0
Region 68,Region 71,0,0,0,0,0,0,0,0,0,0,1,0.004,10,0.02,56,0.071,50,0.058,31,0.044,27,0.046,20,0.034,21,0.034,15,0.024,15,0.024,26,0.038,30,0.043,22,0.028,21,0.029,18,0.033,5,0.012,3,0.008,1,0.004,1,0.006
Region 68,Region 72,1,0.006,0,0,1,0.015,0,0,1,0.009,1,0.004,2,0.004,8,0.01,17,0.02,14,0.02,7,0.012,10,0.017,4,0.007,12,0.02,18,0.029,15,0.022,6,0.009,8,0.01,9,0.012,7,0.013,6,0.014,0,0,1,0.004,2,0.011
Region 69,Region 0,0,0,0,0,0,0,0,0,0,0,0,0,0,0,0,0,0,0,0,0,0,0,0,0,0,0,0,0,0,0,1,0.001,0,0,0,0,0,0,0,0,0,0,0,0,0,0,0,0
Region 69,Region 1,1,0.006,0,0,0,0,0,0,0,0,3,0.012,2,0.004,12,0.015,18,0.021,2,0.003,5,0.009,4,0.007,8,0.013,7,0.011,9,0.014,14,0.02,10,0.014,12,0.015,6,0.008,8,0.015,2,0.005,3,0.008,3,0.011,1,0.006
Region 69,Region 2,0,0,0,0,0,0,0,0,0,0,0,0,0,0,0,0,0,0,0,0,0,0,0,0,0,0,0,0,1,0.002,0,0,0,0,0,0,0,0,0,0,1,0.002,0,0,0,0,0,0
Region 69,Region 3,0,0,0,0,0,0,0,0,0,0,0,0,0,0,0,0,0,0,0,0,0,0,0,0,0,0,0,0,0,0,0,0,0,0,0,0,1,0.001,1,0.002,0,0,0,0,1,0.004,0,0
Region 69,Region 4,2,0.012,1,0.011,3,0.045,1,0.014,1,0.009,1,0.004,3,0.006,7,0.009,8,0.009,4,0.006,6,0.01,1,0.002,3,0.005,2,0.003,9,0.014,10,0.015,9,0.013,10,0.013,6,0.008,7,0.013,1,0.002,2,0.005,5,0.019,2,0.011
Region 69,Region 5,0,0,0,0,0,0,0,0,0,0,0,0,0,0,0,0,0,0,0,0,0,0,0,0,1,0.002,0,0,0,0,0,0,0,0,0,0,0,0,0,0,0,0,0,0,0,0,0,0
Region 69,Region 6,0,0,0,0,0,0,0,0,0,0,0,0,0,0,1,0.001,0,0,0,0,0,0,0,0,0,0,1,0.002,2,0.003,0,0,1,0.001,1,0.001,0,0,0,0,0,0,1,0.003,0,0,0,0
Region 69,Region 7,0,0,0,0,0,0,0,0,0,0,0,0,0,0,0,0,0,0,0,0,1,0.002,0,0,1,0.002,0,0,0,0,0,0,1,0.001,0,0,0,0,1,0.002,0,0,0,0,0,0,0,0
Region 69,Region 8,0,0,0,0,0,0,0,0,0,0,0,0,0,0,1,0.001,0,0,0,0,0,0,0,0,0,0,0,0,0,0,1,0.001,2,0.003,2,0.003,0,0,0,0,1,0.002,0,0,0,0,0,0
Region 69,Region 9,0,0,1,0.011,0,0,1,0.014,0,0,0,0,2,0.004,0,0,0,0,0,0,1,0.002,2,0.003,1,0.002,2,0.003,1,0.002,0,0,3,0.004,2,0.003,0,0,1,0.002,1,0.002,0,0,1,0.004,0,0
Region 69,Region 10,0,0,0,0,0,0,0,0,0,0,0,0,5,0.01,3,0.004,8,0.009,7,0.01,4,0.007,2,0.003,4,0.007,2,0.003,7,0.011,6,0.009,8,0.012,4,0.005,7,0.01,3,0.006,4,0.009,0,0,0,0,0,0
Region 69,Region 11,0,0,0,0,0,0,0,0,0,0,0,0,0,0,0,0,0,0,0,0,0,0,0,0,0,0,0,0,0,0,0,0,0,0,0,0,0,0,0,0,0,0,0,0,0,0,0,0
Region 69,Region 12,0,0,0,0,0,0,0,0,0,0,0,0,0,0,0,0,2,0.002,1,0.001,0,0,0,0,0,0,1,0.002,1,0.002,0,0,0,0,0,0,0,0,0,0,0,0,0,0,0,0,0,0
Region 69,Region 13,1,0.006,4,0.044,2,0.03,0,0,1,0.009,5,0.019,3,0.006,22,0.028,26,0.03,15,0.021,15,0.026,8,0.014,12,0.02,9,0.015,8,0.013,10,0.015,8,0.012,4,0.005,4,0.005,1,0.002,3,0.007,2,0.005,1,0.004,0,0
Region 69,Region 14,0,0,0,0,0,0,0,0,0,0,0,0,1,0.002,0,0,1,0.001,1,0.001,1,0.002,1,0.002,2,0.003,2,0.003,2,0.003,2,0.003,3,0.004,2,0.003,1,0.001,0,0,1,0.002,0,0,0,0,0,0
Region 69,Region 15,0,0,0,0,0,0,0,0,1,0.009,1,0.004,2,0.004,1,0.001,0,0,0,0,1,0.002,0,0,0,0,0,0,0,0,0,0,0,0,0,0,1,0.001,1,0.002,2,0.005,1,0.003,0,0,0,0
Region 69,Region 16,0,0,0,0,0,0,0,0,0,0,0,0,0,0,0,0,0,0,0,0,0,0,0,0,0,0,0,0,0,0,0,0,0,0,0,0,0,0,0,0,0,0,0,0,0,0,0,0
Region 69,Region 17,2,0.012,4,0.044,0,0,0,0,1,0.009,4,0.016,13,0.027,14,0.018,16,0.019,16,0.023,15,0.026,14,0.024,13,0.021,31,0.05,23,0.037,46,0.067,32,0.046,42,0.054,31,0.042,25,0.046,14,0.032,12,0.033,3,0.011,3,0.017
Region 69,Region 18,0,0,0,0,0,0,0,0,0,0,0,0,0,0,0,0,0,0,0,0,0,0,0,0,0,0,0,0,0,0,0,0,0,0,0,0,0,0,0,0,0,0,0,0,0,0,0,0
Region 69,Region 19,0,0,0,0,0,0,0,0,0,0,0,0,1,0.002,0,0,0,0,0,0,0,0,0,0,0,0,0,0,0,0,0,0,0,0,0,0,0,0,0,0,0,0,0,0,0,0,0,0
Region 69,Region 20,1,0.006,1,0.011,2,0.03,0,0,0,0,0,0,5,0.01,5,0.006,23,0.027,9,0.013,10,0.017,13,0.022,18,0.029,11,0.018,22,0.035,10,0.015,9,0.013,15,0.019,28,0.038,3,0.006,2,0.005,3,0.008,1,0.004,2,0.011
Region 69,Region 21,0,0,0,0,0,0,0,0,0,0,0,0,0,0,0,0,0,0,1,0.001,0,0,0,0,0,0,0,0,0,0,0,0,0,0,0,0,0,0,0,0,0,0,0,0,0,0,0,0
Region 69,Region 22,0,0,0,0,0,0,0,0,0,0,0,0,0,0,0,0,0,0,0,0,0,0,0,0,0,0,0,0,1,0.002,0,0,0,0,0,0,0,0,0,0,0,0,0,0,0,0,0,0
Region 69,Region 23,0,0,0,0,0,0,0,0,0,0,0,0,0,0,0,0,0,0,1,0.001,2,0.003,1,0.002,2,0.003,2,0.003,1,0.002,2,0.003,2,0.003,1,0.001,1,0.001,1,0.002,2,0.005,1,0.003,0,0,0,0
Region 69,Region 24,0,0,1,0.011,0,0,0,0,0,0,1,0.004,1,0.002,6,0.008,6,0.007,7,0.01,7,0.012,4,0.007,7,0.011,10,0.016,10,0.016,10,0.015,8,0.012,14,0.018,19,0.026,10,0.018,6,0.014,4,0.011,4,0.015,0,0
Region 69,Region 25,6,0.036,2,0.022,8,0.12,2,0.029,1,0.009,0,0,1,0.002,11,0.014,9,0.011,11,0.016,5,0.009,12,0.021,11,0.018,4,0.007,3,0.005,3,0.004,8,0.012,5,0.006,9,0.012,5,0.009,3,0.007,4,0.011,1,0.004,2,0.011
Region 69,Region 26,0,0,0,0,0,0,0,0,0,0,0,0,0,0,0,0,1,0.001,1,0.001,1,0.002,1,0.002,2,0.003,1,0.002,1,0.002,2,0.003,1,0.001,1,0.001,1,0.001,4,0.007,0,0,0,0,0,0,0,0
Region 69,Region 27,0,0,1,0.011,0,0,0,0,0,0,0,0,0,0,0,0,0,0,0,0,0,0,0,0,0,0,0,0,0,0,0,0,0,0,0,0,0,0,0,0,0,0,0,0,0,0,0,0
Region 69,Region 28,0,0,2,0.022,0,0,1,0.014,0,0,0,0,2,0.004,4,0.005,5,0.006,3,0.004,5,0.009,7,0.012,11,0.018,10,0.016,7,0.011,25,0.036,41,0.059,44,0.057,32,0.044,6,0.011,5,0.012,2,0.005,0,0,2,0.011
Region 69,Region 29,0,0,0,0,1,0.015,1,0.014,1,0.009,0,0,0,0,0,0,2,0.002,3,0.004,1,0.002,2,0.003,0,0,0,0,1,0.002,1,0.001,0,0,1,0.001,0,0,0,0,0,0,0,0,0,0,0,0
Region 69,Region 30,1,0.006,3,0.033,2,0.03,1,0.014,0,0,0,0,4,0.008,30,0.038,46,0.054,30,0.042,22,0.038,21,0.036,16,0.026,16,0.026,19,0.031,20,0.029,32,0.046,44,0.057,23,0.031,8,0.015,11,0.025,5,0.014,1,0.004,2,0.011
Region 69,Region 31,2,0.012,4,0.044,7,0.105,1,0.014,2,0.017,5,0.019,16,0.033,48,0.061,83,0.097,62,0.088,49,0.084,45,0.077,56,0.091,48,0.078,65,0.104,58,0.085,58,0.083,73,0.094,62,0.084,43,0.079,27,0.062,22,0.06,20,0.076,10,0.055
Region 69,Region 32,0,0,0,0,0,0,0,0,0,0,0,0,0,0,0,0,0,0,0,0,0,0,0,0,0,0,0,0,0,0,0,0,0,0,1,0.001,0,0,1,0.002,0,0,1,0.003,1,0.004,0,0
Region 69,Region 33,1,0.006,2,0.022,0,0,2,0.029,0,0,1,0.004,6,0.012,16,0.02,7,0.008,16,0.023,9,0.015,18,0.031,22,0.036,12,0.02,22,0.035,34,0.05,16,0.023,11,0.014,12,0.016,11,0.02,7,0.016,3,0.008,4,0.015,3,0.017
Region 69,Region 34,4,0.024,1,0.011,2,0.03,1,0.014,0,0,1,0.004,8,0.016,17,0.022,25,0.029,18,0.025,7,0.012,13,0.022,6,0.01,12,0.02,13,0.021,16,0.023,14,0.02,18,0.023,19,0.026,5,0.009,3,0.007,15,0.041,4,0.015,1,0.006
Region 69,Region 35,3,0.018,6,0.066,3,0.045,1,0.014,0,0,1,0.004,1,0.002,8,0.01,12,0.014,15,0.021,15,0.026,8,0.014,11,0.018,14,0.023,15,0.024,14,0.02,15,0.022,16,0.021,17,0.023,8,0.015,4,0.009,5,0.014,3,0.011,2,0.011
Region 69,Region 36,0,0,0,0,0,0,0,0,0,0,0,0,1,0.002,1,0.001,0,0,0,0,0,0,0,0,1,0.002,1,0.002,0,0,0,0,1,0.001,0,0,1,0.001,0,0,0,0,0,0,0,0,0,0
Region 69,Region 37,1,0.006,0,0,0,0,0,0,0,0,2,0.008,2,0.004,3,0.004,4,0.005,0,0,1,0.002,1,0.002,2,0.003,3,0.005,3,0.005,2,0.003,2,0.003,3,0.004,2,0.003,6,0.011,5,0.012,2,0.005,1,0.004,1,0.006
Region 69,Region 38,0,0,0,0,0,0,0,0,0,0,0,0,0,0,0,0,1,0.001,0,0,0,0,1,0.002,1,0.002,1,0.002,0,0,0,0,0,0,0,0,0,0,1,0.002,0,0,0,0,1,0.004,0,0
Region 69,Region 39,0,0,0,0,0,0,1,0.014,0,0,0,0,0,0,0,0,0,0,0,0,0,0,0,0,0,0,0,0,1,0.002,2,0.003,0,0,0,0,0,0,0,0,0,0,0,0,0,0,0,0
Region 69,Region 40,3,0.018,4,0.044,0,0,0,0,0,0,1,0.004,0,0,7,0.009,5,0.006,2,0.003,5,0.009,4,0.007,7,0.011,10,0.016,8,0.013,13,0.019,13,0.019,8,0.01,10,0.014,4,0.007,0,0,1,0.003,3,0.011,2,0.011
Region 69,Region 41,2,0.012,3,0.033,1,0.015,0,0,0,0,1,0.004,4,0.008,4,0.005,5,0.006,5,0.007,4,0.007,4,0.007,6,0.01,5,0.008,2,0.003,4,0.006,4,0.006,4,0.005,3,0.004,3,0.006,3,0.007,0,0,3,0.011,1,0.006
Region 69,Region 42,0,0,0,0,0,0,1,0.014,0,0,0,0,1,0.002,2,0.003,3,0.004,0,0,3,0.005,3,0.005,2,0.003,3,0.005,3,0.005,2,0.003,2,0.003,5,0.006,0,0,1,0.002,0,0,0,0,0,0,0,0
Region 69,Region 43,1,0.006,0,0,0,0,0,0,0,0,0,0,0,0,1,0.001,0,0,0,0,0,0,0,0,0,0,0,0,0,0,0,0,1,0.001,0,0,0,0,1,0.002,2,0.005,0,0,0,0,0,0
Region 69,Region 44,0,0,0,0,1,0.015,0,0,4,0.034,3,0.012,1,0.002,2,0.003,6,0.007,3,0.004,6,0.01,2,0.003,4,0.007,8,0.013,4,0.006,7,0.01,10,0.014,15,0.019,15,0.02,8,0.015,4,0.009,4,0.011,1,0.004,3,0.017
Region 69,Region 45,1,0.006,0,0,1,0.015,0,0,0,0,2,0.008,5,0.01,10,0.013,11,0.013,12,0.017,20,0.034,15,0.026,11,0.018,6,0.01,7,0.011,17,0.025,12,0.017,21,0.027,31,0.042,23,0.042,13,0.03,11,0.03,1,0.004,0,0
Region 69,Region 46,0,0,4,0.044,2,0.03,2,0.029,4,0.034,11,0.043,13,0.027,19,0.024,6,0.007,6,0.008,11,0.019,10,0.017,13,0.021,14,0.023,21,0.034,19,0.028,18,0.026,15,0.019,6,0.008,4,0.007,6,0.014,0,0,1,0.004,0,0
Region 69,Region 47,0,0,0,0,0,0,0,0,0,0,2,0.008,0,0,2,0.003,1,0.001,0,0,1,0.002,2,0.003,1,0.002,1,0.002,1,0.002,0,0,0,0,1,0.001,2,0.003,1,0.002,0,0,1,0.003,0,0,0,0
Region 69,Region 48,0,0,0,0,0,0,0,0,0,0,0,0,1,0.002,1,0.001,0,0,0,0,0,0,0,0,0,0,0,0,1,0.002,0,0,0,0,1,0.001,0,0,0,0,1,0.002,1,0.003,0,0,0,0
Region 69,Region 49,0,0,0,0,1,0.015,0,0,0,0,0,0,0,0,0,0,0,0,0,0,0,0,0,0,0,0,0,0,0,0,1,0.001,0,0,1,0.001,0,0,0,0,1,0.002,0,0,0,0,0,0
Region 69,Region 50,0,0,0,0,0,0,0,0,0,0,0,0,0,0,0,0,0,0,1,0.001,0,0,0,0,0,0,0,0,0,0,3,0.004,1,0.001,2,0.003,1,0.001,2,0.004,0,0,0,0,0,0,0,0
Region 69,Region 51,1,0.006,5,0.055,2,0.03,0,0,0,0,0,0,13,0.027,37,0.047,19,0.022,17,0.024,17,0.029,28,0.048,37,0.06,29,0.047,42,0.067,38,0.055,24,0.035,22,0.028,33,0.045,20,0.037,18,0.041,13,0.036,2,0.008,2,0.011
Region 69,Region 52,4,0.024,2,0.022,0,0,1,0.014,1,0.009,2,0.008,13,0.027,19,0.024,44,0.051,40,0.057,25,0.043,31,0.053,51,0.083,45,0.073,40,0.064,47,0.069,56,0.081,65,0.084,66,0.09,51,0.094,26,0.06,19,0.052,11,0.042,1,0.006
Region 69,Region 53,0,0,0,0,1,0.015,0,0,0,0,0,0,0,0,0,0,1,0.001,0,0,0,0,0,0,0,0,0,0,0,0,0,0,0,0,0,0,0,0,0,0,0,0,0,0,0,0,0,0
Region 69,Region 54,2,0.012,2,0.022,0,0,0,0,0,0,0,0,0,0,4,0.005,2,0.002,0,0,0,0,3,0.005,1,0.002,0,0,1,0.002,4,0.006,0,0,2,0.003,1,0.001,4,0.007,3,0.007,2,0.005,1,0.004,1,0.006
Region 69,Region 55,0,0,0,0,0,0,0,0,0,0,0,0,0,0,0,0,1,0.001,1,0.001,0,0,0,0,2,0.003,1,0.002,1,0.002,0,0,0,0,0,0,0,0,2,0.004,1,0.002,0,0,0,0,0,0
Region 69,Region 56,0,0,0,0,0,0,0,0,0,0,0,0,0,0,0,0,0,0,0,0,0,0,0,0,0,0,0,0,0,0,0,0,0,0,0,0,1,0.001,0,0,0,0,0,0,0,0,0,0
Region 69,Region 57,0,0,0,0,0,0,0,0,0,0,0,0,0,0,1,0.001,2,0.002,0,0,0,0,0,0,0,0,1,0.002,2,0.003,2,0.003,0,0,1,0.001,1,0.001,0,0,0,0,0,0,0,0,0,0
Region 69,Region 58,0,0,0,0,2,0.03,1,0.014,0,0,2,0.008,4,0.008,2,0.003,3,0.004,5,0.007,9,0.015,4,0.007,10,0.016,5,0.008,10,0.016,11,0.016,3,0.004,5,0.006,8,0.011,4,0.007,2,0.005,2,0.005,1,0.004,1,0.006
Region 69,Region 59,0,0,0,0,0,0,0,0,0,0,0,0,0,0,1,0.001,0,0,0,0,0,0,2,0.003,0,0,0,0,2,0.003,0,0,0,0,0,0,0,0,0,0,0,0,0,0,0,0,0,0
Region 69,Region 60,1,0.006,0,0,0,0,0,0,0,0,0,0,4,0.008,3,0.004,6,0.007,6,0.008,2,0.003,10,0.017,4,0.007,7,0.011,6,0.01,5,0.007,7,0.01,11,0.014,7,0.01,3,0.006,3,0.007,3,0.008,0,0,0,0
Region 69,Region 61,0,0,1,0.011,0,0,0,0,0,0,0,0,0,0,1,0.001,1,0.001,0,0,3,0.005,1,0.002,0,0,0,0,1,0.002,3,0.004,2,0.003,2,0.003,1,0.001,1,0.002,0,0,1,0.003,1,0.004,0,0
Region 69,Region 62,0,0,0,0,0,0,0,0,0,0,0,0,0,0,0,0,0,0,0,0,1,0.002,0,0,0,0,0,0,0,0,0,0,0,0,0,0,0,0,0,0,0,0,0,0,0,0,0,0
Region 69,Region 63,0,0,0,0,0,0,0,0,0,0,0,0,3,0.006,1,0.001,2,0.002,2,0.003,2,0.003,1,0.002,3,0.005,1,0.002,3,0.005,6,0.009,2,0.003,4,0.005,3,0.004,0,0,1,0.002,1,0.003,1,0.004,0,0
Region 69,Region 64,0,0,0,0,0,0,0,0,0,0,0,0,0,0,1,0.001,0,0,0,0,0,0,0,0,1,0.002,1,0.002,1,0.002,0,0,1,0.001,1,0.001,0,0,0,0,0,0,0,0,0,0,0,0
Region 69,Region 65,1,0.006,0,0,0,0,0,0,0,0,0,0,0,0,1,0.001,2,0.002,0,0,0,0,0,0,1,0.002,1,0.002,0,0,1,0.001,1,0.001,1,0.001,0,0,0,0,0,0,0,0,0,0,0,0
Region 69,Region 66,1,0.006,0,0,1,0.015,0,0,0,0,0,0,0,0,2,0.003,2,0.002,1,0.001,0,0,1,0.002,1,0.002,1,0.002,0,0,2,0.003,2,0.003,1,0.001,0,0,0,0,0,0,0,0,0,0,0,0
Region 69,Region 67,0,0,0,0,0,0,0,0,0,0,0,0,0,0,0,0,0,0,0,0,0,0,0,0,0,0,1,0.002,0,0,1,0.001,0,0,0,0,0,0,0,0,0,0,0,0,0,0,0,0
Region 69,Region 68,0,0,0,0,0,0,0,0,0,0,0,0,0,0,0,0,0,0,0,0,0,0,0,0,0,0,0,0,0,0,1,0.001,1,0.001,0,0,0,0,0,0,1,0.002,0,0,0,0,0,0
Region 69,Region 69,191,1.147,167,1.835,120,1.796,50,0.713,58,0.494,202,0.783,620,1.266,1146,1.454,1368,1.598,1084,1.534,837,1.435,898,1.54,1008,1.64,991,1.614,979,1.573,1198,1.747,1189,1.711,1225,1.575,1012,1.377,655,1.206,486,1.119,442,1.21,249,0.945,148,0.818
Region 69,Region 70,0,0,0,0,0,0,0,0,0,0,0,0,0,0,1,0.001,0,0,0,0,0,0,0,0,0,0,0,0,0,0,0,0,0,0,1,0.001,0,0,1,0.002,0,0,0,0,0,0,0,0
Region 69,Region 71,0,0,0,0,0,0,0,0,0,0,0,0,0,0,1,0.001,0,0,0,0,1,0.002,0,0,3,0.005,1,0.002,1,0.002,2,0.003,1,0.001,2,0.003,0,0,0,0,0,0,0,0,0,0,0,0
Region 69,Region 72,5,0.03,5,0.055,4,0.06,1,0.014,0,0,2,0.008,11,0.022,16,0.02,21,0.025,8,0.011,7,0.012,11,0.019,9,0.015,8,0.013,8,0.013,18,0.026,21,0.03,19,0.024,20,0.027,16,0.029,6,0.014,5,0.014,2,0.008,3,0.017
Region 70,Region 0,0,0,0,0,0,0,0,0,0,0,0,0,0,0,0,0,0,0,0,0,0,0,0,0,0,0,0,0,0,0,0,0,1,0.001,0,0,0,0,0,0,0,0,0,0,0,0,0,0
Region 70,Region 1,0,0,0,0,0,0,0,0,0,0,1,0.004,1,0.002,1,0.001,5,0.006,5,0.007,0,0,2,0.003,2,0.003,0,0,5,0.008,6,0.009,2,0.003,4,0.005,8,0.011,5,0.009,2,0.005,0,0,0,0,0,0
Region 70,Region 2,0,0,0,0,0,0,0,0,0,0,0,0,0,0,0,0,0,0,0,0,0,0,0,0,0,0,0,0,0,0,0,0,0,0,0,0,0,0,0,0,0,0,0,0,0,0,0,0
Region 70,Region 3,0,0,0,0,0,0,0,0,0,0,0,0,0,0,0,0,0,0,0,0,0,0,0,0,0,0,0,0,0,0,0,0,0,0,0,0,0,0,1,0.002,0,0,0,0,0,0,0,0
Region 70,Region 4,0,0,0,0,0,0,0,0,0,0,0,0,0,0,0,0,0,0,0,0,0,0,0,0,0,0,0,0,0,0,0,0,0,0,0,0,0,0,0,0,0,0,0,0,0,0,0,0
Region 70,Region 5,0,0,0,0,0,0,0,0,0,0,0,0,0,0,0,0,0,0,0,0,0,0,0,0,0,0,0,0,0,0,0,0,0,0,0,0,0,0,0,0,0,0,0,0,0,0,0,0
Region 70,Region 6,0,0,0,0,0,0,0,0,0,0,0,0,0,0,0,0,0,0,0,0,0,0,0,0,0,0,0,0,0,0,2,0.003,3,0.004,5,0.006,0,0,0,0,0,0,0,0,0,0,0,0
Region 70,Region 7,0,0,0,0,0,0,0,0,0,0,0,0,0,0,0,0,0,0,0,0,0,0,0,0,0,0,0,0,0,0,0,0,0,0,0,0,0,0,0,0,0,0,0,0,0,0,0,0
Region 70,Region 8,0,0,0,0,0,0,0,0,0,0,0,0,2,0.004,13,0.016,26,0.03,26,0.037,9,0.015,7,0.012,12,0.02,8,0.013,9,0.014,20,0.029,32,0.046,43,0.055,22,0.03,8,0.015,3,0.007,3,0.008,0,0,1,0.006
Region 70,Region 9,0,0,0,0,0,0,0,0,0,0,0,0,0,0,0,0,0,0,0,0,0,0,0,0,0,0,1,0.002,0,0,0,0,0,0,0,0,0,0,0,0,0,0,0,0,0,0,0,0
Region 70,Region 10,0,0,0,0,0,0,0,0,0,0,0,0,0,0,6,0.008,7,0.008,9,0.013,5,0.009,3,0.005,1,0.002,4,0.007,4,0.006,6,0.009,4,0.006,3,0.004,7,0.01,5,0.009,0,0,2,0.005,0,0,1,0.006
Region 70,Region 11,0,0,0,0,0,0,0,0,0,0,0,0,0,0,0,0,0,0,0,0,0,0,0,0,0,0,0,0,0,0,0,0,0,0,0,0,0,0,0,0,0,0,0,0,0,0,0,0
Region 70,Region 12,0,0,0,0,0,0,0,0,0,0,0,0,0,0,0,0,0,0,0,0,0,0,0,0,0,0,0,0,1,0.002,0,0,0,0,0,0,0,0,0,0,0,0,0,0,0,0,0,0
Region 70,Region 13,0,0,0,0,0,0,0,0,0,0,0,0,0,0,1,0.001,4,0.005,4,0.006,3,0.005,0,0,1,0.002,2,0.003,0,0,2,0.003,1,0.001,0,0,0,0,1,0.002,0,0,0,0,0,0,0,0
Region 70,Region 14,2,0.012,0,0,0,0,0,0,0,0,1,0.004,1,0.002,24,0.03,13,0.015,15,0.021,5,0.009,16,0.027,9,0.015,14,0.023,19,0.031,25,0.036,19,0.027,26,0.033,39,0.053,11,0.02,3,0.007,10,0.027,8,0.03,2,0.011
Region 70,Region 15,0,0,0,0,0,0,0,0,0,0,0,0,0,0,0,0,0,0,0,0,0,0,0,0,0,0,0,0,0,0,0,0,0,0,0,0,0,0,0,0,0,0,0,0,0,0,0,0
Region 70,Region 16,0,0,0,0,0,0,0,0,0,0,0,0,0,0,0,0,0,0,0,0,0,0,0,0,0,0,0,0,0,0,0,0,0,0,0,0,0,0,0,0,0,0,0,0,0,0,0,0
Region 70,Region 17,0,0,0,0,0,0,0,0,0,0,0,0,0,0,0,0,0,0,0,0,1,0.002,1,0.002,0,0,0,0,0,0,0,0,0,0,1,0.001,0,0,0,0,0,0,0,0,0,0,0,0
Region 70,Region 18,0,0,0,0,0,0,0,0,0,0,0,0,0,0,0,0,0,0,0,0,0,0,0,0,0,0,0,0,0,0,0,0,0,0,0,0,0,0,0,0,0,0,0,0,0,0,0,0
Region 70,Region 19,0,0,0,0,0,0,0,0,0,0,0,0,0,0,0,0,0,0,0,0,0,0,0,0,0,0,0,0,0,0,0,0,0,0,0,0,0,0,0,0,0,0,0,0,0,0,0,0
Region 70,Region 20,1,0.006,0,0,0,0,0,0,0,0,0,0,2,0.004,8,0.01,19,0.022,21,0.03,10,0.017,4,0.007,5,0.008,3,0.005,4,0.006,12,0.017,15,0.022,7,0.009,8,0.011,4,0.007,2,0.005,3,0.008,3,0.011,0,0
Region 70,Region 21,0,0,0,0,0,0,0,0,0,0,0,0,0,0,0,0,0,0,0,0,0,0,0,0,0,0,0,0,0,0,0,0,0,0,0,0,0,0,0,0,0,0,0,0,0,0,0,0
Region 70,Region 22,0,0,0,0,0,0,0,0,0,0,0,0,0,0,0,0,0,0,0,0,0,0,0,0,0,0,0,0,0,0,0,0,0,0,0,0,0,0,0,0,1,0.002,0,0,0,0,0,0
Region 70,Region 23,0,0,0,0,0,0,0,0,0,0,0,0,0,0,1,0.001,1,0.001,0,0,0,0,0,0,0,0,0,0,0,0,0,0,0,0,0,0,0,0,0,0,0,0,0,0,0,0,0,0
Region 70,Region 24,0,0,0,0,0,0,0,0,0,0,0,0,0,0,1,0.001,0,0,0,0,0,0,0,0,0,0,0,0,0,0,1,0.001,0,0,0,0,0,0,0,0,0,0,0,0,0,0,0,0
Region 70,Region 25,1,0.006,1,0.011,0,0,0,0,1,0.009,3,0.012,14,0.029,26,0.033,55,0.064,77,0.109,44,0.075,26,0.045,26,0.042,25,0.041,28,0.045,28,0.041,29,0.042,38,0.049,44,0.06,21,0.039,17,0.039,8,0.022,6,0.023,8,0.044
Region 70,Region 26,0,0,0,0,0,0,0,0,0,0,0,0,0,0,9,0.011,24,0.028,10,0.014,9,0.015,7,0.012,13,0.021,1,0.002,1,0.002,23,0.034,11,0.016,13,0.017,16,0.022,5,0.009,6,0.014,6,0.016,1,0.004,0,0
Region 70,Region 27,0,0,0,0,0,0,0,0,0,0,0,0,0,0,0,0,0,0,0,0,0,0,0,0,0,0,0,0,0,0,0,0,0,0,0,0,0,0,0,0,0,0,0,0,0,0,0,0
Region 70,Region 28,0,0,0,0,0,0,0,0,0,0,0,0,1,0.002,0,0,0,0,0,0,0,0,0,0,0,0,0,0,1,0.002,2,0.003,1,0.001,0,0,0,0,0,0,0,0,0,0,0,0,0,0
Region 70,Region 29,0,0,0,0,0,0,0,0,0,0,0,0,1,0.002,0,0,1,0.001,0,0,1,0.002,0,0,0,0,1,0.002,1,0.002,0,0,0,0,0,0,0,0,0,0,0,0,0,0,0,0,0,0
Region 70,Region 30,0,0,0,0,0,0,0,0,0,0,0,0,0,0,0,0,5,0.006,2,0.003,4,0.007,2,0.003,0,0,0,0,0,0,5,0.007,4,0.006,3,0.004,1,0.001,1,0.002,0,0,1,0.003,0,0,0,0
Region 70,Region 31,0,0,0,0,0,0,0,0,0,0,0,0,0,0,0,0,1,0.001,1,0.001,3,0.005,0,0,0,0,0,0,0,0,0,0,2,0.003,1,0.001,1,0.001,2,0.004,3,0.007,0,0,0,0,0,0
Region 70,Region 32,0,0,0,0,0,0,0,0,0,0,0,0,0,0,0,0,0,0,0,0,0,0,0,0,0,0,0,0,0,0,0,0,0,0,0,0,0,0,0,0,0,0,0,0,0,0,0,0
Region 70,Region 33,5,0.03,1,0.011,0,0,0,0,0,0,1,0.004,12,0.025,18,0.023,36,0.042,27,0.038,20,0.034,23,0.039,27,0.044,24,0.039,32,0.051,51,0.074,39,0.056,38,0.049,41,0.056,28,0.052,19,0.044,16,0.044,9,0.034,10,0.055
Region 70,Region 34,1,0.006,0,0,0,0,0,0,0,0,0,0,0,0,0,0,2,0.002,1,0.001,1,0.002,0,0,1,0.002,1,0.002,1,0.002,2,0.003,1,0.001,1,0.001,4,0.005,0,0,0,0,0,0,1,0.004,0,0
Region 70,Region 35,0,0,0,0,0,0,0,0,0,0,1,0.004,3,0.006,6,0.008,11,0.013,10,0.014,13,0.022,5,0.009,6,0.01,8,0.013,4,0.006,11,0.016,10,0.014,16,0.021,11,0.015,5,0.009,1,0.002,6,0.016,1,0.004,2,0.011
Region 70,Region 36,0,0,0,0,0,0,0,0,0,0,0,0,0,0,0,0,2,0.002,1,0.001,0,0,0,0,1,0.002,2,0.003,0,0,1,0.001,4,0.006,0,0,0,0,0,0,1,0.002,1,0.003,1,0.004,2,0.011
Region 70,Region 37,0,0,0,0,0,0,0,0,0,0,0,0,0,0,0,0,0,0,1,0.001,1,0.002,0,0,0,0,0,0,0,0,0,0,0,0,0,0,0,0,0,0,0,0,0,0,0,0,0,0
Region 70,Region 38,0,0,0,0,0,0,0,0,0,0,0,0,0,0,0,0,1,0.001,0,0,0,0,0,0,0,0,0,0,0,0,0,0,0,0,0,0,0,0,0,0,0,0,0,0,0,0,0,0
Region 70,Region 39,0,0,0,0,0,0,0,0,0,0,0,0,0,0,0,0,1,0.001,0,0,1,0.002,0,0,0,0,0,0,0,0,0,0,0,0,0,0,0,0,0,0,0,0,0,0,0,0,0,0
Region 70,Region 40,0,0,1,0.011,0,0,0,0,0,0,0,0,2,0.004,0,0,0,0,0,0,2,0.003,0,0,0,0,0,0,0,0,1,0.001,0,0,0,0,2,0.003,0,0,2,0.005,0,0,0,0,0,0
Region 70,Region 41,1,0.006,0,0,0,0,0,0,0,0,0,0,0,0,1,0.001,1,0.001,1,0.001,0,0,0,0,0,0,2,0.003,1,0.002,0,0,0,0,1,0.001,1,0.001,1,0.002,0,0,0,0,0,0,0,0
Region 70,Region 42,1,0.006,0,0,0,0,0,0,0,0,0,0,0,0,6,0.008,13,0.015,14,0.02,10,0.017,7,0.012,7,0.011,2,0.003,5,0.008,19,0.028,15,0.022,14,0.018,10,0.014,3,0.006,0,0,1,0.003,1,0.004,0,0
Region 70,Region 43,0,0,0,0,0,0,0,0,0,0,0,0,0,0,0,0,0,0,0,0,0,0,0,0,0,0,0,0,0,0,0,0,0,0,0,0,0,0,0,0,0,0,0,0,0,0,0,0
Region 70,Region 44,0,0,0,0,0,0,0,0,0,0,0,0,0,0,0,0,0,0,0,0,0,0,0,0,0,0,0,0,0,0,0,0,0,0,0,0,0,0,0,0,0,0,0,0,0,0,0,0
Region 70,Region 45,0,0,0,0,0,0,0,0,0,0,0,0,1,0.002,0,0,0,0,0,0,0,0,1,0.002,0,0,1,0.002,1,0.002,0,0,0,0,0,0,0,0,0,0,2,0.005,0,0,0,0,0,0
Region 70,Region 46,0,0,0,0,0,0,0,0,0,0,5,0.019,4,0.008,6,0.008,10,0.012,5,0.007,3,0.005,5,0.009,1,0.002,5,0.008,1,0.002,0,0,1,0.001,2,0.003,1,0.001,0,0,0,0,1,0.003,1,0.004,0,0
Region 70,Region 47,0,0,0,0,0,0,0,0,0,0,0,0,0,0,0,0,0,0,0,0,0,0,0,0,0,0,0,0,0,0,0,0,0,0,0,0,0,0,0,0,0,0,0,0,0,0,0,0
Region 70,Region 48,0,0,0,0,0,0,0,0,0,0,0,0,0,0,0,0,0,0,1,0.001,0,0,0,0,0,0,0,0,0,0,0,0,0,0,0,0,0,0,0,0,0,0,0,0,0,0,0,0
Region 70,Region 49,0,0,0,0,0,0,0,0,0,0,0,0,0,0,0,0,0,0,0,0,0,0,0,0,0,0,0,0,0,0,1,0.001,0,0,0,0,0,0,0,0,0,0,0,0,0,0,0,0
Region 70,Region 50,0,0,0,0,0,0,0,0,0,0,1,0.004,0,0,0,0,1,0.001,4,0.006,4,0.007,0,0,4,0.007,0,0,2,0.003,6,0.009,2,0.003,5,0.006,5,0.007,3,0.006,1,0.002,0,0,2,0.008,1,0.006
Region 70,Region 51,0,0,1,0.011,0,0,0,0,1,0.009,0,0,3,0.006,16,0.02,7,0.008,12,0.017,2,0.003,5,0.009,5,0.008,4,0.007,6,0.01,18,0.026,6,0.009,8,0.01,8,0.011,2,0.004,2,0.005,0,0,2,0.008,0,0
Region 70,Region 52,0,0,0,0,0,0,0,0,0,0,0,0,0,0,0,0,0,0,1,0.001,1,0.002,1,0.002,1,0.002,1,0.002,2,0.003,4,0.006,1,0.001,0,0,1,0.001,0,0,0,0,0,0,0,0,0,0
Region 70,Region 53,0,0,0,0,0,0,0,0,0,0,0,0,0,0,0,0,0,0,0,0,0,0,0,0,0,0,0,0,0,0,0,0,0,0,0,0,0,0,0,0,0,0,0,0,0,0,0,0
Region 70,Region 54,0,0,0,0,0,0,0,0,0,0,0,0,0,0,4,0.005,2,0.002,4,0.006,6,0.01,5,0.009,3,0.005,3,0.005,3,0.005,4,0.006,6,0.009,1,0.001,9,0.012,5,0.009,1,0.002,0,0,0,0,0,0
Region 70,Region 55,0,0,0,0,0,0,0,0,0,0,0,0,0,0,0,0,0,0,0,0,0,0,0,0,0,0,0,0,0,0,0,0,0,0,0,0,0,0,0,0,0,0,0,0,0,0,0,0
Region 70,Region 56,0,0,0,0,0,0,0,0,0,0,0,0,0,0,0,0,0,0,0,0,0,0,0,0,0,0,0,0,0,0,0,0,0,0,0,0,0,0,0,0,0,0,0,0,0,0,0,0
Region 70,Region 57,0,0,0,0,0,0,0,0,0,0,0,0,0,0,3,0.004,1,0.001,2,0.003,1,0.002,0,0,3,0.005,2,0.003,0,0,2,0.003,1,0.001,2,0.003,2,0.003,0,0,1,0.002,2,0.005,0,0,0,0
Region 70,Region 58,0,0,0,0,0,0,0,0,0,0,0,0,0,0,0,0,4,0.005,1,0.001,0,0,0,0,2,0.003,0,0,0,0,1,0.001,1,0.001,2,0.003,2,0.003,0,0,0,0,0,0,1,0.004,0,0
Region 70,Region 59,0,0,0,0,0,0,0,0,0,0,0,0,0,0,0,0,2,0.002,1,0.001,1,0.002,0,0,0,0,1,0.002,0,0,1,0.001,0,0,0,0,1,0.001,0,0,0,0,0,0,0,0,0,0
Region 70,Region 60,0,0,0,0,0,0,0,0,2,0.017,2,0.008,0,0,6,0.008,18,0.021,16,0.023,7,0.012,6,0.01,10,0.016,13,0.021,11,0.018,12,0.017,23,0.033,12,0.015,16,0.022,10,0.018,5,0.012,4,0.011,2,0.008,3,0.017
Region 70,Region 61,1,0.006,0,0,1,0.015,0,0,0,0,0,0,1,0.002,0,0,0,0,0,0,2,0.003,0,0,0,0,0,0,1,0.002,0,0,0,0,0,0,0,0,0,0,1,0.002,0,0,1,0.004,2,0.011
Region 70,Region 62,0,0,0,0,0,0,0,0,0,0,0,0,0,0,0,0,0,0,0,0,0,0,0,0,0,0,0,0,0,0,0,0,0,0,1,0.001,0,0,0,0,0,0,0,0,0,0,0,0
Region 70,Region 63,0,0,0,0,0,0,0,0,0,0,0,0,0,0,0,0,0,0,0,0,0,0,0,0,0,0,0,0,0,0,0,0,0,0,0,0,0,0,0,0,0,0,0,0,0,0,0,0
Region 70,Region 64,0,0,0,0,0,0,0,0,0,0,0,0,0,0,0,0,0,0,0,0,0,0,0,0,0,0,0,0,0,0,0,0,0,0,0,0,0,0,0,0,0,0,0,0,0,0,0,0
Region 70,Region 65,0,0,0,0,0,0,0,0,0,0,0,0,0,0,0,0,0,0,0,0,0,0,1,0.002,1,0.002,0,0,0,0,0,0,0,0,0,0,0,0,1,0.002,0,0,0,0,1,0.004,0,0
Region 70,Region 66,0,0,0,0,0,0,0,0,0,0,0,0,0,0,1,0.001,0,0,2,0.003,0,0,0,0,0,0,0,0,0,0,3,0.004,1,0.001,1,0.001,1,0.001,0,0,0,0,0,0,0,0,0,0
Region 70,Region 67,0,0,0,0,0,0,0,0,0,0,0,0,0,0,0,0,0,0,0,0,0,0,0,0,0,0,0,0,0,0,0,0,0,0,0,0,0,0,0,0,0,0,0,0,0,0,0,0
Region 70,Region 68,0,0,0,0,0,0,0,0,0,0,1,0.004,3,0.006,19,0.024,11,0.013,7,0.01,2,0.003,6,0.01,12,0.02,2,0.003,8,0.013,12,0.017,9,0.013,10,0.013,11,0.015,2,0.004,3,0.007,2,0.005,1,0.004,0,0
Region 70,Region 69,0,0,0,0,0,0,0,0,0,0,0,0,0,0,0,0,1,0.001,0,0,0,0,0,0,0,0,0,0,0,0,0,0,2,0.003,0,0,0,0,0,0,1,0.002,0,0,0,0,0,0
Region 70,Region 70,0,0,0,0,0,0,0,0,0,0,1,0.004,1,0.002,36,0.046,41,0.048,41,0.058,27,0.046,26,0.045,20,0.033,15,0.024,19,0.031,62,0.09,39,0.056,34,0.044,20,0.027,12,0.022,9,0.021,1,0.003,1,0.004,0,0
Region 70,Region 71,0,0,0,0,0,0,0,0,1,0.009,2,0.008,6,0.012,28,0.036,53,0.062,19,0.027,10,0.017,16,0.027,20,0.033,11,0.018,17,0.027,27,0.039,30,0.043,19,0.024,20,0.027,8,0.015,6,0.014,5,0.014,2,0.008,2,0.011
Region 70,Region 72,2,0.012,0,0,0,0,0,0,0,0,2,0.008,1,0.002,0,0,4,0.005,3,0.004,5,0.009,5,0.009,5,0.008,6,0.01,4,0.006,11,0.016,6,0.009,7,0.009,9,0.012,4,0.007,2,0.005,3,0.008,2,0.008,0,0
Region 71,Region 0,0,0,0,0,0,0,0,0,0,0,0,0,0,0,0,0,0,0,0,0,0,0,0,0,0,0,0,0,0,0,0,0,0,0,0,0,0,0,0,0,0,0,0,0,0,0,0,0
Region 71,Region 1,6,0.036,2,0.022,1,0.015,0,0,0,0,3,0.012,3,0.006,15,0.019,40,0.047,17,0.024,16,0.027,14,0.024,15,0.024,11,0.018,13,0.021,16,0.023,15,0.022,19,0.024,13,0.018,10,0.018,11,0.025,14,0.038,3,0.011,2,0.011
Region 71,Region 2,0,0,0,0,0,0,0,0,0,0,0,0,0,0,0,0,0,0,1,0.001,0,0,0,0,0,0,0,0,0,0,0,0,1,0.001,0,0,0,0,0,0,0,0,0,0,0,0,0,0
Region 71,Region 3,0,0,0,0,0,0,0,0,0,0,0,0,0,0,0,0,0,0,0,0,1,0.002,0,0,0,0,0,0,0,0,0,0,0,0,0,0,0,0,0,0,0,0,1,0.003,0,0,0,0
Region 71,Region 4,0,0,1,0.011,0,0,0,0,0,0,0,0,1,0.002,1,0.001,0,0,0,0,0,0,0,0,0,0,0,0,0,0,1,0.001,0,0,0,0,0,0,0,0,0,0,0,0,0,0,0,0
Region 71,Region 5,0,0,0,0,0,0,0,0,0,0,0,0,0,0,0,0,0,0,0,0,0,0,0,0,0,0,0,0,0,0,0,0,0,0,0,0,0,0,0,0,0,0,0,0,0,0,0,0
Region 71,Region 6,0,0,0,0,0,0,0,0,0,0,0,0,0,0,1,0.001,1,0.001,4,0.006,0,0,2,0.003,0,0,2,0.003,1,0.002,7,0.01,5,0.007,5,0.006,6,0.008,0,0,0,0,0,0,0,0,0,0
Region 71,Region 7,0,0,0,0,0,0,0,0,0,0,0,0,0,0,0,0,0,0,0,0,0,0,0,0,0,0,0,0,1,0.002,0,0,0,0,0,0,0,0,0,0,0,0,0,0,0,0,0,0
Region 71,Region 8,0,0,0,0,0,0,0,0,0,0,0,0,1,0.002,7,0.009,7,0.008,16,0.023,7,0.012,3,0.005,9,0.015,9,0.015,6,0.01,34,0.05,13,0.019,17,0.022,13,0.018,3,0.006,3,0.007,1,0.003,0,0,0,0
Region 71,Region 9,1,0.006,0,0,0,0,0,0,0,0,1,0.004,1,0.002,1,0.001,0,0,1,0.001,0,0,1,0.002,0,0,1,0.002,0,0,0,0,0,0,2,0.003,0,0,1,0.002,0,0,0,0,0,0,0,0
Region 71,Region 10,2,0.012,0,0,1,0.015,0,0,0,0,2,0.008,6,0.012,9,0.011,18,0.021,17,0.024,17,0.029,15,0.026,13,0.021,11,0.018,10,0.016,18,0.026,16,0.023,21,0.027,18,0.024,3,0.006,3,0.007,7,0.019,2,0.008,0,0
Region 71,Region 11,0,0,0,0,0,0,0,0,0,0,0,0,0,0,0,0,0,0,0,0,0,0,0,0,0,0,0,0,0,0,0,0,0,0,0,0,0,0,0,0,0,0,0,0,0,0,1,0.006
Region 71,Region 12,0,0,0,0,0,0,0,0,0,0,0,0,0,0,0,0,0,0,0,0,1,0.002,0,0,0,0,0,0,0,0,1,0.001,1,0.001,0,0,0,0,0,0,0,0,0,0,0,0,0,0
Region 71,Region 13,4,0.024,1,0.011,1,0.015,0,0,1,0.009,4,0.016,6,0.012,13,0.016,18,0.021,10,0.014,3,0.005,5,0.009,8,0.013,4,0.007,2,0.003,2,0.003,2,0.003,1,0.001,1,0.001,2,0.004,1,0.002,5,0.014,3,0.011,1,0.006
Region 71,Region 14,2,0.012,4,0.044,1,0.015,1,0.014,0,0,5,0.019,7,0.014,46,0.058,67,0.078,30,0.042,35,0.06,44,0.075,34,0.055,42,0.068,40,0.064,75,0.109,101,0.145,132,0.17,94,0.128,38,0.07,22,0.051,11,0.03,8,0.03,7,0.039
Region 71,Region 15,0,0,0,0,0,0,0,0,0,0,0,0,1,0.002,3,0.004,4,0.005,4,0.006,0,0,1,0.002,3,0.005,0,0,2,0.003,2,0.003,1,0.001,0,0,0,0,2,0.004,0,0,1,0.003,0,0,1,0.006
Region 71,Region 16,0,0,0,0,0,0,0,0,0,0,0,0,0,0,0,0,0,0,0,0,0,0,0,0,0,0,0,0,1,0.002,1,0.001,0,0,0,0,0,0,0,0,0,0,0,0,0,0,0,0
Region 71,Region 17,0,0,0,0,0,0,0,0,0,0,0,0,0,0,0,0,1,0.001,0,0,0,0,1,0.002,1,0.002,2,0.003,0,0,4,0.006,2,0.003,0,0,3,0.004,1,0.002,2,0.005,0,0,1,0.004,1,0.006
Region 71,Region 18,0,0,0,0,0,0,1,0.014,2,0.017,0,0,0,0,0,0,0,0,0,0,0,0,0,0,0,0,0,0,0,0,0,0,0,0,0,0,0,0,0,0,0,0,0,0,0,0,0,0
Region 71,Region 19,0,0,0,0,0,0,0,0,0,0,0,0,0,0,0,0,0,0,2,0.003,0,0,0,0,0,0,0,0,0,0,0,0,0,0,0,0,0,0,0,0,1,0.002,0,0,0,0,0,0
Region 71,Region 20,1,0.006,0,0,0,0,0,0,0,0,0,0,4,0.008,10,0.013,13,0.015,13,0.018,4,0.007,7,0.012,9,0.015,6,0.01,7,0.011,17,0.025,7,0.01,8,0.01,6,0.008,5,0.009,1,0.002,3,0.008,2,0.008,2,0.011
Region 71,Region 21,0,0,0,0,0,0,0,0,0,0,0,0,0,0,0,0,0,0,0,0,0,0,0,0,0,0,0,0,0,0,0,0,0,0,0,0,0,0,0,0,0,0,0,0,0,0,0,0
Region 71,Region 22,1,0.006,0,0,0,0,0,0,0,0,0,0,0,0,0,0,0,0,0,0,0,0,1,0.002,0,0,0,0,0,0,1,0.001,0,0,0,0,3,0.004,0,0,0,0,0,0,0,0,0,0
Region 71,Region 23,0,0,0,0,0,0,0,0,1,0.009,0,0,0,0,1,0.001,1,0.001,0,0,1,0.002,1,0.002,0,0,1,0.002,1,0.002,0,0,0,0,0,0,0,0,0,0,0,0,0,0,0,0,0,0
Region 71,Region 24,0,0,0,0,0,0,0,0,0,0,0,0,0,0,0,0,1,0.001,1,0.001,1,0.002,0,0,0,0,0,0,4,0.006,2,0.003,2,0.003,0,0,1,0.001,0,0,2,0.005,0,0,0,0,1,0.006
Region 71,Region 25,2,0.012,1,0.011,0,0,0,0,1,0.009,3,0.012,8,0.016,20,0.025,30,0.035,32,0.045,24,0.041,16,0.027,26,0.042,19,0.031,12,0.019,25,0.036,23,0.033,17,0.022,12,0.016,9,0.017,7,0.016,10,0.027,6,0.023,1,0.006
Region 71,Region 26,1,0.006,0,0,0,0,0,0,0,0,2,0.008,1,0.002,11,0.014,41,0.048,12,0.017,14,0.024,19,0.033,23,0.037,16,0.026,21,0.034,29,0.042,33,0.047,42,0.054,38,0.052,10,0.018,8,0.018,5,0.014,6,0.023,1,0.006
Region 71,Region 27,0,0,0,0,0,0,1,0.014,1,0.009,0,0,0,0,0,0,0,0,0,0,0,0,0,0,0,0,0,0,0,0,0,0,0,0,1,0.001,2,0.003,0,0,1,0.002,0,0,0,0,0,0
Region 71,Region 28,0,0,0,0,0,0,0,0,0,0,0,0,0,0,0,0,2,0.002,0,0,0,0,1,0.002,0,0,0,0,1,0.002,5,0.007,0,0,0,0,1,0.001,0,0,1,0.002,0,0,1,0.004,0,0
Region 71,Region 29,0,0,0,0,0,0,0,0,0,0,0,0,0,0,0,0,1,0.001,3,0.004,1,0.002,1,0.002,1,0.002,0,0,1,0.002,1,0.001,2,0.003,0,0,0,0,1,0.002,0,0,0,0,2,0.008,0,0
Region 71,Region 30,1,0.006,0,0,0,0,0,0,0,0,0,0,4,0.008,14,0.018,17,0.02,19,0.027,8,0.014,6,0.01,9,0.015,6,0.01,9,0.014,19,0.028,8,0.012,2,0.003,5,0.007,0,0,4,0.009,2,0.005,4,0.015,0,0
Region 71,Region 31,0,0,0,0,0,0,0,0,0,0,0,0,0,0,6,0.008,7,0.008,4,0.006,7,0.012,2,0.003,4,0.007,3,0.005,4,0.006,7,0.01,5,0.007,3,0.004,3,0.004,6,0.011,6,0.014,1,0.003,1,0.004,0,0
Region 71,Region 32,0,0,0,0,0,0,0,0,0,0,0,0,0,0,0,0,0,0,0,0,0,0,0,0,0,0,0,0,0,0,0,0,0,0,0,0,0,0,0,0,0,0,0,0,0,0,0,0
Region 71,Region 33,40,0.24,10,0.11,5,0.075,11,0.157,12,0.102,14,0.054,44,0.09,116,0.147,201,0.235,146,0.207,124,0.213,170,0.291,165,0.269,158,0.257,168,0.27,295,0.43,203,0.292,277,0.356,180,0.245,101,0.186,82,0.189,73,0.2,53,0.201,25,0.138
Region 71,Region 34,5,0.03,2,0.022,0,0,1,0.014,0,0,3,0.012,2,0.004,19,0.024,23,0.027,22,0.031,8,0.014,11,0.019,13,0.021,8,0.013,16,0.026,15,0.022,5,0.007,6,0.008,3,0.004,6,0.011,2,0.005,6,0.016,7,0.027,1,0.006
Region 71,Region 35,0,0,0,0,0,0,0,0,0,0,0,0,0,0,3,0.004,6,0.007,7,0.01,10,0.017,2,0.003,7,0.011,2,0.003,5,0.008,9,0.013,8,0.012,7,0.009,9,0.012,5,0.009,3,0.007,5,0.014,0,0,0,0
Region 71,Region 36,0,0,0,0,0,0,0,0,0,0,0,0,1,0.002,4,0.005,8,0.009,4,0.006,4,0.007,7,0.012,3,0.005,6,0.01,3,0.005,9,0.013,14,0.02,10,0.013,7,0.01,5,0.009,1,0.002,3,0.008,4,0.015,0,0
Region 71,Region 37,1,0.006,0,0,0,0,0,0,0,0,0,0,0,0,0,0,2,0.002,0,0,0,0,3,0.005,1,0.002,1,0.002,1,0.002,0,0,1,0.001,0,0,1,0.001,0,0,1,0.002,0,0,1,0.004,1,0.006
Region 71,Region 38,0,0,0,0,0,0,0,0,0,0,0,0,0,0,0,0,0,0,0,0,0,0,1,0.002,1,0.002,1,0.002,1,0.002,1,0.001,0,0,0,0,3,0.004,0,0,2,0.005,1,0.003,0,0,0,0
Region 71,Region 39,0,0,0,0,0,0,0,0,0,0,0,0,0,0,0,0,0,0,0,0,0,0,0,0,1,0.002,0,0,0,0,1,0.001,0,0,1,0.001,0,0,0,0,1,0.002,0,0,0,0,0,0
Region 71,Region 40,4,0.024,1,0.011,0,0,1,0.014,0,0,2,0.008,4,0.008,4,0.005,5,0.006,5,0.007,0,0,7,0.012,8,0.013,2,0.003,8,0.013,10,0.015,8,0.012,3,0.004,4,0.005,5,0.009,3,0.007,6,0.016,3,0.011,2,0.011
Region 71,Region 41,5,0.03,1,0.011,0,0,5,0.071,3,0.026,6,0.023,16,0.033,18,0.023,14,0.016,15,0.021,10,0.017,14,0.024,11,0.018,15,0.024,15,0.024,11,0.016,8,0.012,10,0.013,8,0.011,7,0.013,6,0.014,4,0.011,0,0,4,0.022
Region 71,Region 42,0,0,0,0,0,0,1,0.014,0,0,0,0,2,0.004,2,0.003,3,0.004,7,0.01,7,0.012,3,0.005,4,0.007,4,0.007,6,0.01,11,0.016,10,0.014,6,0.008,8,0.011,6,0.011,1,0.002,3,0.008,1,0.004,2,0.011
Region 71,Region 43,0,0,0,0,0,0,0,0,0,0,0,0,0,0,0,0,0,0,0,0,0,0,0,0,0,0,0,0,1,0.002,0,0,0,0,0,0,0,0,1,0.002,0,0,0,0,0,0,0,0
Region 71,Region 44,0,0,0,0,0,0,0,0,0,0,0,0,0,0,0,0,0,0,1,0.001,0,0,2,0.003,0,0,0,0,3,0.005,2,0.003,0,0,0,0,0,0,0,0,0,0,2,0.005,1,0.004,0,0
Region 71,Region 45,0,0,0,0,0,0,0,0,0,0,0,0,0,0,0,0,3,0.004,2,0.003,4,0.007,6,0.01,1,0.002,2,0.003,1,0.002,2,0.003,1,0.001,2,0.003,2,0.003,4,0.007,1,0.002,2,0.005,0,0,0,0
Region 71,Region 46,4,0.024,0,0,1,0.015,2,0.029,0,0,12,0.047,11,0.022,20,0.025,16,0.019,5,0.007,6,0.01,12,0.021,16,0.026,12,0.02,10,0.016,10,0.015,7,0.01,3,0.004,5,0.007,6,0.011,3,0.007,10,0.027,0,0,0,0
Region 71,Region 47,0,0,0,0,0,0,0,0,0,0,0,0,1,0.002,3,0.004,0,0,0,0,2,0.003,0,0,2,0.003,2,0.003,0,0,0,0,0,0,2,0.003,0,0,1,0.002,0,0,1,0.003,1,0.004,0,0
Region 71,Region 48,0,0,0,0,0,0,0,0,0,0,0,0,0,0,0,0,0,0,0,0,0,0,0,0,0,0,0,0,0,0,0,0,0,0,1,0.001,0,0,0,0,0,0,0,0,0,0,0,0
Region 71,Region 49,0,0,0,0,0,0,0,0,0,0,0,0,0,0,0,0,0,0,0,0,1,0.002,1,0.002,0,0,0,0,0,0,0,0,0,0,0,0,0,0,1,0.002,1,0.002,0,0,0,0,2,0.011
Region 71,Region 50,3,0.018,0,0,0,0,0,0,0,0,1,0.004,3,0.006,11,0.014,12,0.014,15,0.021,10,0.017,9,0.015,13,0.021,14,0.023,14,0.022,15,0.022,28,0.04,34,0.044,26,0.035,13,0.024,11,0.025,14,0.038,1,0.004,2,0.011
Region 71,Region 51,1,0.006,0,0,0,0,0,0,0,0,1,0.004,3,0.006,3,0.004,5,0.006,2,0.003,2,0.003,1,0.002,4,0.007,3,0.005,2,0.003,8,0.012,6,0.009,5,0.006,3,0.004,3,0.006,0,0,0,0,0,0,0,0
Region 71,Region 52,0,0,0,0,0,0,0,0,0,0,0,0,0,0,0,0,3,0.004,4,0.006,0,0,3,0.005,2,0.003,2,0.003,0,0,7,0.01,4,0.006,1,0.001,1,0.001,0,0,0,0,1,0.003,1,0.004,0,0
Region 71,Region 53,0,0,0,0,0,0,0,0,0,0,0,0,0,0,0,0,0,0,0,0,0,0,0,0,0,0,0,0,0,0,0,0,0,0,0,0,0,0,0,0,0,0,0,0,0,0,0,0
Region 71,Region 54,5,0.03,1,0.011,1,0.015,0,0,0,0,0,0,4,0.008,9,0.011,20,0.023,15,0.021,16,0.027,20,0.034,20,0.033,15,0.024,13,0.021,21,0.031,16,0.023,18,0.023,21,0.029,8,0.015,5,0.012,5,0.014,3,0.011,2,0.011
Region 71,Region 55,0,0,1,0.011,0,0,0,0,0,0,0,0,0,0,0,0,0,0,0,0,1,0.002,1,0.002,0,0,2,0.003,0,0,1,0.001,0,0,0,0,0,0,0,0,0,0,0,0,0,0,0,0
Region 71,Region 56,0,0,0,0,0,0,0,0,0,0,0,0,0,0,0,0,0,0,0,0,0,0,0,0,1,0.002,0,0,0,0,1,0.001,0,0,0,0,0,0,0,0,0,0,0,0,0,0,0,0
Region 71,Region 57,0,0,1,0.011,0,0,0,0,0,0,1,0.004,2,0.004,12,0.015,7,0.008,8,0.011,4,0.007,10,0.017,8,0.013,11,0.018,10,0.016,19,0.028,13,0.019,22,0.028,14,0.019,9,0.017,2,0.005,1,0.003,0,0,2,0.011
Region 71,Region 58,0,0,0,0,0,0,0,0,1,0.009,0,0,1,0.002,3,0.004,7,0.008,2,0.003,3,0.005,1,0.002,0,0,4,0.007,9,0.014,4,0.006,5,0.007,2,0.003,2,0.003,3,0.006,3,0.007,2,0.005,0,0,1,0.006
Region 71,Region 59,0,0,0,0,0,0,0,0,0,0,0,0,1,0.002,2,0.003,2,0.002,2,0.003,0,0,1,0.002,3,0.005,1,0.002,2,0.003,4,0.006,0,0,1,0.001,0,0,2,0.004,1,0.002,0,0,1,0.004,0,0
Region 71,Region 60,1,0.006,0,0,0,0,0,0,1,0.009,0,0,1,0.002,5,0.006,15,0.018,11,0.016,10,0.017,6,0.01,12,0.02,12,0.02,9,0.014,15,0.022,21,0.03,16,0.021,17,0.023,8,0.015,3,0.007,3,0.008,2,0.008,1,0.006
Region 71,Region 61,0,0,0,0,1,0.015,0,0,0,0,0,0,1,0.002,0,0,1,0.001,2,0.003,0,0,0,0,1,0.002,1,0.002,1,0.002,4,0.006,0,0,1,0.001,2,0.003,1,0.002,0,0,1,0.003,1,0.004,0,0
Region 71,Region 62,0,0,0,0,0,0,0,0,0,0,0,0,0,0,0,0,0,0,0,0,0,0,0,0,0,0,0,0,0,0,0,0,0,0,0,0,0,0,0,0,0,0,0,0,0,0,0,0
Region 71,Region 63,0,0,0,0,0,0,0,0,0,0,1,0.004,1,0.002,2,0.003,0,0,1,0.001,0,0,0,0,0,0,0,0,0,0,0,0,0,0,0,0,0,0,0,0,0,0,0,0,0,0,0,0
Region 71,Region 64,0,0,0,0,0,0,0,0,0,0,0,0,0,0,0,0,0,0,0,0,0,0,1,0.002,0,0,0,0,0,0,0,0,0,0,0,0,0,0,0,0,0,0,0,0,0,0,1,0.006
Region 71,Region 65,1,0.006,2,0.022,0,0,0,0,0,0,1,0.004,1,0.002,1,0.001,6,0.007,5,0.007,2,0.003,0,0,3,0.005,0,0,1,0.002,2,0.003,2,0.003,2,0.003,2,0.003,0,0,0,0,3,0.008,0,0,0,0
Region 71,Region 66,1,0.006,1,0.011,0,0,1,0.014,0,0,1,0.004,0,0,0,0,2,0.002,4,0.006,2,0.003,1,0.002,3,0.005,1,0.002,0,0,1,0.001,2,0.003,2,0.003,1,0.001,0,0,0,0,5,0.014,0,0,1,0.006
Region 71,Region 67,0,0,0,0,0,0,0,0,0,0,0,0,0,0,0,0,0,0,0,0,0,0,0,0,0,0,0,0,0,0,0,0,0,0,0,0,0,0,0,0,0,0,0,0,0,0,0,0
Region 71,Region 68,1,0.006,1,0.011,0,0,1,0.014,1,0.009,1,0.004,4,0.008,23,0.029,30,0.035,28,0.04,14,0.024,22,0.038,25,0.041,21,0.034,23,0.037,46,0.067,37,0.053,49,0.063,33,0.045,10,0.018,7,0.016,6,0.016,2,0.008,0,0
Region 71,Region 69,1,0.006,0,0,0,0,0,0,1,0.009,0,0,1,0.002,0,0,3,0.004,4,0.006,4,0.007,3,0.005,2,0.003,1,0.002,0,0,2,0.003,2,0.003,1,0.001,3,0.004,1,0.002,0,0,0,0,0,0,1,0.006
Region 71,Region 70,0,0,0,0,0,0,0,0,1,0.009,1,0.004,3,0.006,20,0.025,37,0.043,15,0.021,15,0.026,11,0.019,15,0.024,13,0.021,19,0.031,19,0.028,20,0.029,31,0.04,26,0.035,15,0.028,3,0.007,4,0.011,3,0.011,0,0
Region 71,Region 71,5,0.03,1,0.011,0,0,0,0,2,0.017,8,0.031,16,0.033,104,0.132,227,0.265,99,0.14,67,0.115,83,0.142,107,0.174,79,0.129,83,0.133,143,0.208,108,0.155,125,0.161,82,0.112,44,0.081,23,0.053,13,0.036,7,0.027,7,0.039
Region 71,Region 72,2,0.012,3,0.033,0,0,1,0.014,1,0.009,5,0.019,5,0.01,35,0.044,31,0.036,31,0.044,27,0.046,36,0.062,37,0.06,32,0.052,34,0.055,59,0.086,49,0.071,35,0.045,31,0.042,28,0.052,20,0.046,13,0.036,8,0.03,7,0.039
Region 72,Region 0,1,0.006,0,0,0,0,0,0,0,0,0,0,0,0,0,0,0,0,0,0,0,0,0,0,1,0.002,0,0,0,0,1,0.001,0,0,0,0,0,0,0,0,0,0,0,0,0,0,0,0
Region 72,Region 1,15,0.09,5,0.055,7,0.105,3,0.043,4,0.034,6,0.023,24,0.049,64,0.081,116,0.136,116,0.164,56,0.096,48,0.082,58,0.094,38,0.062,39,0.063,63,0.092,42,0.06,68,0.087,51,0.069,39,0.072,40,0.092,40,0.109,23,0.087,14,0.077
Region 72,Region 2,1,0.006,0,0,0,0,1,0.014,0,0,0,0,1,0.002,4,0.005,1,0.001,3,0.004,2,0.003,2,0.003,0,0,0,0,2,0.003,1,0.001,0,0,1,0.001,4,0.005,2,0.004,0,0,2,0.005,0,0,1,0.006
Region 72,Region 3,1,0.006,0,0,0,0,0,0,0,0,0,0,2,0.004,0,0,1,0.001,4,0.006,0,0,0,0,0,0,0,0,3,0.005,2,0.003,0,0,0,0,0,0,0,0,0,0,0,0,0,0,1,0.006
Region 72,Region 4,0,0,0,0,0,0,0,0,1,0.009,0,0,2,0.004,3,0.004,0,0,1,0.001,1,0.002,0,0,0,0,0,0,1,0.002,0,0,0,0,1,0.001,0,0,0,0,4,0.009,2,0.005,2,0.008,1,0.006
Region 72,Region 5,1,0.006,0,0,0,0,0,0,0,0,0,0,0,0,0,0,1,0.001,1,0.001,0,0,0,0,0,0,0,0,0,0,2,0.003,0,0,0,0,0,0,0,0,0,0,0,0,2,0.008,0,0
Region 72,Region 6,1,0.006,0,0,0,0,1,0.014,0,0,1,0.004,2,0.004,3,0.004,1,0.001,0,0,1,0.002,3,0.005,1,0.002,0,0,0,0,0,0,2,0.003,1,0.001,3,0.004,1,0.002,0,0,1,0.003,2,0.008,0,0
Region 72,Region 7,0,0,0,0,0,0,0,0,0,0,0,0,0,0,1,0.001,0,0,0,0,1,0.002,1,0.002,2,0.003,2,0.003,1,0.002,0,0,0,0,0,0,0,0,0,0,1,0.002,1,0.003,1,0.004,0,0
Region 72,Region 8,0,0,0,0,0,0,0,0,0,0,0,0,1,0.002,4,0.005,4,0.005,2,0.003,2,0.003,0,0,0,0,0,0,1,0.002,1,0.001,1,0.001,0,0,1,0.001,0,0,2,0.005,4,0.011,1,0.004,0,0
Region 72,Region 9,3,0.018,1,0.011,0,0,1,0.014,1,0.009,0,0,1,0.002,0,0,4,0.005,1,0.001,1,0.002,1,0.002,1,0.002,4,0.007,1,0.002,1,0.001,4,0.006,1,0.001,0,0,2,0.004,1,0.002,0,0,0,0,0,0
Region 72,Region 10,26,0.156,5,0.055,7,0.105,1,0.014,6,0.051,12,0.047,40,0.082,96,0.122,139,0.162,137,0.194,73,0.125,57,0.098,63,0.103,65,0.106,71,0.114,72,0.105,89,0.128,101,0.13,84,0.114,52,0.096,33,0.076,33,0.09,16,0.061,13,0.072
Region 72,Region 11,0,0,0,0,0,0,0,0,0,0,0,0,0,0,0,0,0,0,0,0,0,0,0,0,0,0,0,0,0,0,0,0,0,0,0,0,0,0,1,0.002,1,0.002,1,0.003,0,0,0,0
Region 72,Region 12,0,0,1,0.011,0,0,1,0.014,0,0,0,0,1,0.002,1,0.001,0,0,2,0.003,1,0.002,1,0.002,1,0.002,0,0,0,0,1,0.001,1,0.001,0,0,0,0,2,0.004,3,0.007,0,0,0,0,0,0
Region 72,Region 13,9,0.054,4,0.044,3,0.045,3,0.043,9,0.077,6,0.023,23,0.047,40,0.051,76,0.089,72,0.102,32,0.055,20,0.034,18,0.029,19,0.031,39,0.063,30,0.044,19,0.027,12,0.015,8,0.011,14,0.026,11,0.025,15,0.041,12,0.046,9,0.05
Region 72,Region 14,1,0.006,0,0,0,0,1,0.014,0,0,1,0.004,5,0.01,22,0.028,16,0.019,14,0.02,2,0.003,5,0.009,5,0.008,2,0.003,4,0.006,4,0.006,6,0.009,18,0.023,7,0.01,8,0.015,4,0.009,5,0.014,1,0.004,3,0.017
Region 72,Region 15,0,0,0,0,0,0,1,0.014,3,0.026,1,0.004,0,0,1,0.001,3,0.004,1,0.001,3,0.005,3,0.005,3,0.005,1,0.002,2,0.003,0,0,0,0,3,0.004,2,0.003,1,0.002,0,0,3,0.008,2,0.008,2,0.011
Region 72,Region 16,0,0,0,0,0,0,2,0.029,0,0,0,0,0,0,0,0,0,0,0,0,0,0,0,0,0,0,0,0,0,0,0,0,0,0,1,0.001,0,0,0,0,1,0.002,0,0,0,0,0,0
Region 72,Region 17,1,0.006,0,0,2,0.03,0,0,0,0,0,0,2,0.004,4,0.005,2,0.002,4,0.006,1,0.002,2,0.003,5,0.008,4,0.007,2,0.003,0,0,5,0.007,10,0.013,6,0.008,4,0.007,7,0.016,2,0.005,2,0.008,0,0
Region 72,Region 18,0,0,0,0,0,0,0,0,0,0,0,0,0,0,0,0,0,0,0,0,0,0,0,0,0,0,1,0.002,0,0,0,0,0,0,0,0,0,0,0,0,1,0.002,0,0,0,0,0,0
Region 72,Region 19,0,0,0,0,0,0,0,0,1,0.009,0,0,1,0.002,1,0.001,1,0.001,0,0,0,0,1,0.002,1,0.002,1,0.002,1,0.002,1,0.001,0,0,0,0,1,0.001,0,0,0,0,0,0,0,0,0,0
Region 72,Region 20,11,0.066,6,0.066,5,0.075,3,0.043,3,0.026,7,0.027,14,0.029,30,0.038,64,0.075,70,0.099,35,0.06,40,0.069,34,0.055,30,0.049,28,0.045,39,0.057,30,0.043,40,0.051,33,0.045,29,0.053,25,0.058,19,0.052,8,0.03,4,0.022
Region 72,Region 21,0,0,0,0,1,0.015,0,0,0,0,0,0,0,0,0,0,1,0.001,0,0,0,0,0,0,1,0.002,0,0,0,0,0,0,0,0,1,0.001,1,0.001,0,0,0,0,1,0.003,0,0,0,0
Region 72,Region 22,1,0.006,0,0,0,0,1,0.014,0,0,1,0.004,0,0,0,0,2,0.002,1,0.001,0,0,0,0,0,0,0,0,0,0,0,0,0,0,1,0.001,0,0,0,0,0,0,0,0,0,0,0,0
Region 72,Region 23,2,0.012,2,0.022,0,0,0,0,2,0.017,1,0.004,2,0.004,4,0.005,10,0.012,11,0.016,4,0.007,2,0.003,4,0.007,3,0.005,8,0.013,3,0.004,3,0.004,3,0.004,2,0.003,4,0.007,2,0.005,5,0.014,3,0.011,0,0
Region 72,Region 24,2,0.012,0,0,0,0,0,0,0,0,0,0,1,0.002,2,0.003,2,0.002,3,0.004,4,0.007,4,0.007,5,0.008,4,0.007,3,0.005,4,0.006,7,0.01,5,0.006,6,0.008,8,0.015,10,0.023,7,0.019,3,0.011,3,0.017
Region 72,Region 25,24,0.144,15,0.165,6,0.09,6,0.086,7,0.06,17,0.066,17,0.035,34,0.043,71,0.083,44,0.062,38,0.065,27,0.046,27,0.044,38,0.062,15,0.024,17,0.025,27,0.039,36,0.046,43,0.059,31,0.057,19,0.044,34,0.093,21,0.08,14,0.077
Region 72,Region 26,2,0.012,1,0.011,0,0,1,0.014,0,0,0,0,2,0.004,9,0.011,14,0.016,11,0.016,4,0.007,5,0.009,6,0.01,6,0.01,4,0.006,2,0.003,11,0.016,8,0.01,8,0.011,3,0.006,2,0.005,5,0.014,0,0,0,0
Region 72,Region 27,0,0,0,0,0,0,0,0,3,0.026,0,0,0,0,0,0,2,0.002,0,0,0,0,1,0.002,1,0.002,1,0.002,0,0,0,0,1,0.001,0,0,0,0,0,0,0,0,1,0.003,1,0.004,2,0.011
Region 72,Region 28,1,0.006,0,0,0,0,2,0.029,1,0.009,0,0,0,0,2,0.003,3,0.004,4,0.006,0,0,0,0,5,0.008,5,0.008,1,0.002,6,0.009,2,0.003,3,0.004,5,0.007,2,0.004,3,0.007,1,0.003,0,0,1,0.006
Region 72,Region 29,1,0.006,0,0,1,0.015,1,0.014,0,0,2,0.008,1,0.002,8,0.01,6,0.007,11,0.016,10,0.017,6,0.01,9,0.015,3,0.005,5,0.008,2,0.003,2,0.003,3,0.004,4,0.005,0,0,3,0.007,6,0.016,6,0.023,2,0.011
Region 72,Region 30,16,0.096,9,0.099,8,0.12,6,0.086,7,0.06,7,0.027,24,0.049,81,0.103,187,0.218,144,0.204,74,0.127,71,0.122,71,0.116,83,0.135,72,0.116,79,0.115,99,0.142,131,0.168,135,0.184,72,0.133,61,0.14,37,0.101,24,0.091,16,0.088
Region 72,Region 31,4,0.024,0,0,0,0,2,0.029,2,0.017,1,0.004,10,0.02,20,0.025,27,0.032,27,0.038,29,0.05,18,0.031,23,0.037,13,0.021,16,0.026,37,0.054,39,0.056,52,0.067,45,0.061,33,0.061,15,0.035,29,0.079,12,0.046,2,0.011
Region 72,Region 32,0,0,0,0,0,0,0,0,0,0,0,0,0,0,0,0,0,0,0,0,0,0,0,0,0,0,0,0,1,0.002,0,0,0,0,1,0.001,1,0.001,0,0,0,0,0,0,0,0,0,0
Region 72,Region 33,18,0.108,7,0.077,6,0.09,4,0.057,7,0.06,18,0.07,45,0.092,97,0.123,108,0.126,65,0.092,43,0.074,36,0.062,61,0.099,58,0.094,48,0.077,81,0.118,40,0.058,50,0.064,54,0.073,48,0.088,36,0.083,62,0.17,31,0.118,20,0.111
Region 72,Region 34,16,0.096,10,0.11,14,0.21,4,0.057,5,0.043,12,0.047,34,0.069,90,0.114,123,0.144,97,0.137,48,0.082,37,0.063,44,0.072,33,0.054,35,0.056,44,0.064,54,0.078,53,0.068,53,0.072,44,0.081,28,0.064,35,0.096,23,0.087,10,0.055
Region 72,Region 35,36,0.216,17,0.187,12,0.18,10,0.143,12,0.102,24,0.093,43,0.088,56,0.071,101,0.118,106,0.15,110,0.189,80,0.137,102,0.166,112,0.182,91,0.146,101,0.147,71,0.102,135,0.174,108,0.147,88,0.162,73,0.168,61,0.167,61,0.232,26,0.144
Region 72,Region 36,1,0.006,1,0.011,1,0.015,0,0,2,0.017,1,0.004,2,0.004,1,0.001,4,0.005,2,0.003,2,0.003,1,0.002,2,0.003,0,0,0,0,3,0.004,3,0.004,5,0.006,5,0.007,4,0.007,2,0.005,3,0.008,1,0.004,1,0.006
Region 72,Region 37,0,0,0,0,1,0.015,1,0.014,0,0,0,0,0,0,7,0.009,10,0.012,8,0.011,0,0,1,0.002,3,0.005,5,0.008,3,0.005,3,0.004,3,0.004,6,0.008,7,0.01,4,0.007,6,0.014,4,0.011,0,0,1,0.006
Region 72,Region 38,0,0,1,0.011,0,0,0,0,0,0,0,0,0,0,0,0,1,0.001,9,0.013,1,0.002,1,0.002,0,0,2,0.003,2,0.003,0,0,4,0.006,6,0.008,3,0.004,1,0.002,0,0,3,0.008,1,0.004,0,0
Region 72,Region 39,0,0,0,0,1,0.015,0,0,0,0,0,0,1,0.002,1,0.001,0,0,3,0.004,0,0,1,0.002,0,0,2,0.003,0,0,1,0.001,0,0,1,0.001,2,0.003,0,0,0,0,1,0.003,0,0,1,0.006
Region 72,Region 40,6,0.036,4,0.044,4,0.06,4,0.057,2,0.017,5,0.019,5,0.01,11,0.014,12,0.014,7,0.01,10,0.017,11,0.019,10,0.016,12,0.02,15,0.024,12,0.017,7,0.01,5,0.006,8,0.011,9,0.017,12,0.028,21,0.057,6,0.023,7,0.039
Region 72,Region 41,9,0.054,7,0.077,4,0.06,9,0.128,7,0.06,19,0.074,29,0.059,48,0.061,46,0.054,37,0.052,21,0.036,29,0.05,26,0.042,24,0.039,30,0.048,29,0.042,33,0.047,31,0.04,28,0.038,22,0.041,24,0.055,25,0.068,16,0.061,18,0.1
Region 72,Region 42,2,0.012,2,0.022,0,0,0,0,1,0.009,1,0.004,3,0.006,9,0.011,11,0.013,6,0.008,3,0.005,6,0.01,6,0.01,3,0.005,5,0.008,5,0.007,9,0.013,7,0.009,14,0.019,6,0.011,4,0.009,6,0.016,4,0.015,3,0.017
Region 72,Region 43,0,0,2,0.022,0,0,0,0,0,0,0,0,0,0,1,0.001,2,0.002,1,0.001,5,0.009,3,0.005,2,0.003,1,0.002,0,0,3,0.004,0,0,3,0.004,2,0.003,0,0,0,0,1,0.003,1,0.004,1,0.006
Region 72,Region 44,0,0,0,0,1,0.015,2,0.029,1,0.009,0,0,1,0.002,3,0.004,4,0.005,2,0.003,1,0.002,2,0.003,3,0.005,0,0,1,0.002,4,0.006,4,0.006,1,0.001,0,0,2,0.004,0,0,2,0.005,4,0.015,3,0.017
Region 72,Region 45,4,0.024,0,0,1,0.015,1,0.014,0,0,1,0.004,4,0.008,6,0.008,12,0.014,16,0.023,7,0.012,8,0.014,6,0.01,15,0.024,6,0.01,7,0.01,16,0.023,13,0.017,21,0.029,12,0.022,17,0.039,9,0.025,5,0.019,4,0.022
Region 72,Region 46,16,0.096,12,0.132,5,0.075,7,0.1,23,0.196,46,0.178,54,0.11,101,0.128,80,0.093,57,0.081,59,0.101,47,0.081,40,0.065,31,0.05,46,0.074,46,0.067,33,0.047,41,0.053,27,0.037,32,0.059,25,0.058,35,0.096,14,0.053,10,0.055
Region 72,Region 47,1,0.006,0,0,0,0,1,0.014,1,0.009,0,0,6,0.012,1,0.001,3,0.004,7,0.01,5,0.009,1,0.002,3,0.005,8,0.013,3,0.005,6,0.009,3,0.004,4,0.005,6,0.008,3,0.006,2,0.005,1,0.003,1,0.004,2,0.011
Region 72,Region 48,0,0,1,0.011,1,0.015,0,0,1,0.009,2,0.008,1,0.002,0,0,1,0.001,1,0.001,1,0.002,1,0.002,1,0.002,0,0,0,0,0,0,1,0.001,1,0.001,0,0,1,0.002,2,0.005,0,0,0,0,1,0.006
Region 72,Region 49,2,0.012,0,0,0,0,1,0.014,0,0,0,0,0,0,0,0,0,0,0,0,0,0,0,0,1,0.002,0,0,0,0,0,0,0,0,0,0,2,0.003,0,0,1,0.002,2,0.005,0,0,0,0
Region 72,Region 50,2,0.012,2,0.022,2,0.03,0,0,0,0,1,0.004,3,0.006,11,0.014,12,0.014,7,0.01,3,0.005,2,0.003,3,0.005,1,0.002,3,0.005,3,0.004,7,0.01,7,0.009,7,0.01,4,0.007,2,0.005,6,0.016,1,0.004,1,0.006
Region 72,Region 51,21,0.126,6,0.066,13,0.195,8,0.114,12,0.102,7,0.027,43,0.088,113,0.143,170,0.199,124,0.175,67,0.115,74,0.127,58,0.094,84,0.137,87,0.14,74,0.108,62,0.089,63,0.081,74,0.101,61,0.112,54,0.124,63,0.172,43,0.163,21,0.116
Region 72,Region 52,4,0.024,0,0,0,0,1,0.014,1,0.009,0,0,8,0.016,13,0.016,13,0.015,21,0.03,23,0.039,18,0.031,17,0.028,21,0.034,21,0.034,19,0.028,35,0.05,54,0.069,39,0.053,23,0.042,12,0.028,15,0.041,7,0.027,4,0.022
Region 72,Region 53,0,0,0,0,0,0,0,0,0,0,0,0,0,0,0,0,0,0,0,0,0,0,0,0,0,0,0,0,0,0,0,0,0,0,0,0,0,0,0,0,1,0.002,0,0,1,0.004,0,0
Region 72,Region 54,11,0.066,5,0.055,2,0.03,3,0.043,5,0.043,3,0.012,8,0.016,17,0.022,27,0.032,22,0.031,17,0.029,18,0.031,17,0.028,16,0.026,21,0.034,22,0.032,16,0.023,26,0.033,20,0.027,21,0.039,17,0.039,18,0.049,15,0.057,6,0.033
Region 72,Region 55,3,0.018,1,0.011,0,0,1,0.014,0,0,2,0.008,3,0.006,5,0.006,7,0.008,6,0.008,1,0.002,0,0,7,0.011,4,0.007,1,0.002,1,0.001,1,0.001,2,0.003,0,0,0,0,0,0,0,0,0,0,0,0
Region 72,Region 56,1,0.006,0,0,1,0.015,0,0,0,0,0,0,0,0,0,0,0,0,0,0,0,0,0,0,1,0.002,1,0.002,2,0.003,3,0.004,1,0.001,2,0.003,1,0.001,1,0.002,1,0.002,1,0.003,0,0,1,0.006
Region 72,Region 57,2,0.012,1,0.011,0,0,0,0,0,0,1,0.004,1,0.002,2,0.003,4,0.005,6,0.008,2,0.003,6,0.01,1,0.002,1,0.002,1,0.002,8,0.012,6,0.009,5,0.006,2,0.003,2,0.004,0,0,5,0.014,0,0,0,0
Region 72,Region 58,3,0.018,2,0.022,4,0.06,3,0.043,6,0.051,8,0.031,21,0.043,23,0.029,26,0.03,16,0.023,12,0.021,10,0.017,22,0.036,10,0.016,12,0.019,16,0.023,5,0.007,13,0.017,11,0.015,14,0.026,5,0.012,5,0.014,6,0.023,5,0.028
Region 72,Region 59,0,0,0,0,0,0,0,0,0,0,1,0.004,1,0.002,5,0.006,6,0.007,4,0.006,2,0.003,2,0.003,4,0.007,2,0.003,1,0.002,4,0.006,3,0.004,4,0.005,3,0.004,1,0.002,2,0.005,0,0,0,0,1,0.006
Region 72,Region 60,5,0.03,7,0.077,1,0.015,1,0.014,1,0.009,5,0.019,39,0.08,68,0.086,62,0.072,62,0.088,32,0.055,33,0.057,40,0.065,45,0.073,34,0.055,35,0.051,26,0.037,32,0.041,44,0.06,39,0.072,13,0.03,23,0.063,13,0.049,6,0.033
Region 72,Region 61,0,0,0,0,1,0.015,1,0.014,0,0,1,0.004,4,0.008,3,0.004,3,0.004,2,0.003,2,0.003,1,0.002,2,0.003,1,0.002,1,0.002,1,0.001,3,0.004,2,0.003,3,0.004,4,0.007,2,0.005,1,0.003,2,0.008,1,0.006
Region 72,Region 62,0,0,0,0,0,0,1,0.014,0,0,0,0,0,0,0,0,1,0.001,2,0.003,0,0,0,0,0,0,0,0,0,0,0,0,0,0,0,0,1,0.001,0,0,0,0,0,0,0,0,0,0
Region 72,Region 63,0,0,0,0,0,0,0,0,0,0,0,0,2,0.004,3,0.004,0,0,0,0,0,0,0,0,1,0.002,0,0,0,0,2,0.003,0,0,0,0,2,0.003,0,0,1,0.002,1,0.003,0,0,0,0
Region 72,Region 64,0,0,1,0.011,0,0,0,0,0,0,0,0,0,0,0,0,0,0,1,0.001,2,0.003,1,0.002,0,0,0,0,2,0.003,0,0,0,0,1,0.001,2,0.003,0,0,0,0,1,0.003,0,0,1,0.006
Region 72,Region 65,4,0.024,6,0.066,2,0.03,2,0.029,3,0.026,3,0.012,11,0.022,14,0.018,25,0.029,26,0.037,15,0.026,6,0.01,8,0.013,10,0.016,7,0.011,10,0.015,11,0.016,8,0.01,5,0.007,1,0.002,5,0.012,8,0.022,4,0.015,5,0.028
Region 72,Region 66,5,0.03,7,0.077,1,0.015,0,0,1,0.009,0,0,4,0.008,6,0.008,11,0.013,7,0.01,2,0.003,5,0.009,4,0.007,1,0.002,5,0.008,6,0.009,3,0.004,9,0.012,5,0.007,3,0.006,5,0.012,10,0.027,3,0.011,4,0.022
Region 72,Region 67,0,0,0,0,0,0,0,0,0,0,0,0,0,0,0,0,0,0,0,0,0,0,0,0,0,0,0,0,0,0,0,0,0,0,1,0.001,0,0,0,0,0,0,0,0,0,0,0,0
Region 72,Region 68,0,0,0,0,1,0.015,0,0,0,0,0,0,1,0.002,8,0.01,4,0.005,2,0.003,3,0.005,1,0.002,0,0,2,0.003,1,0.002,1,0.001,4,0.006,3,0.004,2,0.003,1,0.002,1,0.002,3,0.008,1,0.004,0,0
Region 72,Region 69,5,0.03,9,0.099,2,0.03,0,0,1,0.009,1,0.004,5,0.01,14,0.018,21,0.025,20,0.028,7,0.012,11,0.019,14,0.023,5,0.008,10,0.016,11,0.016,11,0.016,10,0.013,23,0.031,9,0.017,5,0.012,4,0.011,3,0.011,0,0
Region 72,Region 70,0,0,0,0,0,0,0,0,0,0,1,0.004,4,0.008,9,0.011,5,0.006,3,0.004,2,0.003,0,0,1,0.002,2,0.003,1,0.002,5,0.007,1,0.001,2,0.003,3,0.004,1,0.002,2,0.005,2,0.005,0,0,0,0
Region 72,Region 71,0,0,0,0,0,0,0,0,1,0.009,2,0.008,5,0.01,23,0.029,14,0.016,13,0.018,8,0.014,9,0.015,10,0.016,7,0.011,6,0.01,10,0.015,8,0.012,5,0.006,6,0.008,2,0.004,0,0,2,0.005,0,0,0,0
Region 72,Region 72,140,0.841,73,0.802,73,1.092,56,0.798,49,0.417,75,0.291,158,0.323,359,0.456,506,0.591,394,0.558,339,0.581,376,0.645,425,0.692,459,0.747,428,0.688,507,0.739,534,0.769,682,0.877,608,0.827,506,0.932,377,0.868,392,1.073,240,0.911,180,0.995